actions,blocked_time_s,charge_trips,condition_percent,decision_ms,delivered_by_section,delivered_units,distance_m,end_battery_percent,energy_wh,lost_by_section,lost_units,min_battery_percent,policy,produced_units,scenario,score,seed,shift_s,split,violation_count,violations,wh_per_unit
38,"{'A': 0.0, 'B': 0.0, 'C': 0.0}",10,99.95,0.0,"{'A': 17, 'B': 31, 'C': 4}",52,329.5,98.6,4.65,"{'A': 0.0, 'B': 0.0, 'C': 0.0}",0.0,94.0,rule,52,aged_battery,49.67,5000,3600.9,unseen,0,,0.0894
39,"{'A': 0.0, 'B': 0.0, 'C': 0.0}",9,99.95,0.0,"{'A': 20, 'B': 31, 'C': 4}",55,335.9,96.3,4.809,"{'A': 0.0, 'B': 0.0, 'C': 0.0}",0.0,92.0,rule,52,aged_battery,52.6,5001,3600.2,unseen,0,,0.0874
36,"{'A': 0.0, 'B': 0.0, 'C': 0.0}",7,99.95,0.0,"{'A': 18, 'B': 29, 'C': 4}",51,308.9,98.8,4.611,"{'A': 0.0, 'B': 0.0, 'C': 0.0}",0.0,89.3,rule,53,aged_battery,48.69,5002,3600.9,unseen,0,,0.0904
40,"{'A': 0.0, 'B': 0.0, 'C': 0.0}",7,99.96,0.0,"{'A': 18, 'B': 20, 'C': 4}",42,278.0,99.8,4.012,"{'A': 0.0, 'B': 0.0, 'C': 0.0}",0.0,92.4,rule,47,aged_battery,39.99,5003,3600.7,unseen,0,,0.0955
37,"{'A': 0.0, 'B': 0.0, 'C': 0.0}",7,99.95,0.0,"{'A': 19, 'B': 30, 'C': 4}",53,327.4,95.5,4.805,"{'A': 0.0, 'B': 0.0, 'C': 0.0}",0.0,92.0,rule,52,aged_battery,50.6,5004,3600.6,unseen,0,,0.0907
37,"{'A': 0.0, 'B': 0.0, 'C': 0.0}",6,99.95,0.0,"{'A': 21, 'B': 31, 'C': 2}",54,327.4,95.7,4.707,"{'A': 0.0, 'B': 0.0, 'C': 0.0}",0.0,92.3,rule,53,aged_battery,51.65,5005,3600.5,unseen,0,,0.0872
38,"{'A': 0.0, 'B': 0.0, 'C': 0.0}",6,99.95,0.0,"{'A': 19, 'B': 29, 'C': 4}",52,313.4,96.3,4.584,"{'A': 0.0, 'B': 0.0, 'C': 0.0}",0.0,92.1,rule,53,aged_battery,49.71,5006,3600.6,unseen,0,,0.0882
35,"{'A': 0.0, 'B': 0.0, 'C': 0.0}",6,99.95,0.0,"{'A': 20, 'B': 28, 'C': 4}",52,308.0,99.1,4.51,"{'A': 0.0, 'B': 0.0, 'C': 0.0}",0.0,92.6,rule,56,aged_battery,49.75,5007,3600.9,unseen,0,,0.0867
37,"{'A': 0.0, 'B': 0.0, 'C': 0.0}",6,99.96,0.0,"{'A': 18, 'B': 28, 'C': 4}",50,301.5,97.7,4.413,"{'A': 0.0, 'B': 0.0, 'C': 0.0}",0.0,92.7,rule,53,aged_battery,47.79,5008,3600.2,unseen,0,,0.0883
37,"{'A': 0.0, 'B': 0.0, 'C': 0.0}",6,99.96,0.0,"{'A': 18, 'B': 29, 'C': 2}",49,292.3,99.7,4.229,"{'A': 0.0, 'B': 0.0, 'C': 0.0}",0.0,92.1,rule,52,aged_battery,46.89,5009,3600.5,unseen,0,,0.0863
37,"{'A': 0.0, 'B': 0.0, 'C': 0.0}",7,99.96,0.0,"{'A': 12, 'B': 32, 'C': 4}",48,309.8,98.9,4.434,"{'A': 0.0, 'B': 0.0, 'C': 0.0}",0.0,92.7,rule,48,aged_battery,45.78,5010,3600.4,unseen,0,,0.0924
38,"{'A': 0.0, 'B': 0.0, 'C': 0.0}",9,99.95,0.0,"{'A': 18, 'B': 26, 'C': 4}",48,336.9,96.3,4.804,"{'A': 0.0, 'B': 0.0, 'C': 0.0}",0.0,92.7,rule,50,aged_battery,45.6,5011,3600.8,unseen,0,,0.1001
37,"{'A': 0.0, 'B': 0.0, 'C': 0.0}",7,99.96,0.0,"{'A': 17, 'B': 30, 'C': 4}",51,306.1,99.6,4.38,"{'A': 0.0, 'B': 0.0, 'C': 0.0}",0.0,92.6,rule,53,aged_battery,48.81,5012,3600.9,unseen,0,,0.0859
38,"{'A': 0.0, 'B': 0.0, 'C': 0.0}",6,99.95,0.0,"{'A': 19, 'B': 29, 'C': 4}",52,312.9,93.5,4.699,"{'A': 0.0, 'B': 0.0, 'C': 0.0}",0.0,89.3,rule,55,aged_battery,49.65,5013,3600.3,unseen,0,,0.0904
36,"{'A': 0.0, 'B': 0.0, 'C': 0.0}",7,99.95,0.0,"{'A': 20, 'B': 32, 'C': 3}",55,337.9,94.8,4.898,"{'A': 0.0, 'B': 0.0, 'C': 0.0}",0.0,92.0,rule,54,aged_battery,52.55,5014,3600.4,unseen,0,,0.0891
39,"{'A': 0.0, 'B': 0.0, 'C': 0.0}",9,99.96,0.0,"{'A': 17, 'B': 30, 'C': 2}",49,317.6,97.8,4.446,"{'A': 0.0, 'B': 0.0, 'C': 0.0}",0.0,94.4,rule,51,aged_battery,46.78,5015,3600.2,unseen,0,,0.0907
36,"{'A': 0.0, 'B': 0.0, 'C': 0.0}",6,99.96,0.0,"{'A': 19, 'B': 29, 'C': 4}",52,308.6,97.9,4.497,"{'A': 0.0, 'B': 0.0, 'C': 0.0}",0.0,92.0,rule,53,aged_battery,49.75,5016,3600.4,unseen,0,,0.0865
38,"{'A': 0.0, 'B': 0.0, 'C': 0.0}",6,99.96,0.0,"{'A': 18, 'B': 31, 'C': 4}",53,298.3,97.7,4.361,"{'A': 0.0, 'B': 0.0, 'C': 0.0}",0.0,92.7,rule,52,aged_battery,50.82,5017,3601.0,unseen,0,,0.0823
38,"{'A': 0.0, 'B': 0.0, 'C': 0.0}",9,99.95,0.0,"{'A': 19, 'B': 30, 'C': 4}",53,335.5,96.1,4.75,"{'A': 0.0, 'B': 0.0, 'C': 0.0}",0.0,94.1,rule,53,aged_battery,50.63,5018,3600.2,unseen,0,,0.0896
38,"{'A': 0.0, 'B': 0.0, 'C': 0.0}",6,99.95,0.0,"{'A': 20, 'B': 28, 'C': 4}",52,314.9,93.6,4.739,"{'A': 0.0, 'B': 0.0, 'C': 0.0}",0.0,89.3,rule,53,aged_battery,49.63,5019,3600.4,unseen,0,,0.0911
41,"{'A': 0.0, 'B': 0.0, 'C': 0.0}",10,99.95,0.0,"{'A': 17, 'B': 28, 'C': 4}",49,319.2,97.5,4.544,"{'A': 0.0, 'B': 0.0, 'C': 0.0}",0.0,92.6,rule,52,aged_battery,46.73,5020,3600.4,unseen,0,,0.0927
36,"{'A': 0.0, 'B': 0.0, 'C': 0.0}",6,99.95,0.0,"{'A': 18, 'B': 30, 'C': 4}",52,323.4,95.6,4.826,"{'A': 0.0, 'B': 0.0, 'C': 0.0}",0.0,89.3,rule,56,aged_battery,49.59,5021,3600.1,unseen,0,,0.0928
35,"{'A': 0.0, 'B': 0.0, 'C': 0.0}",6,99.95,0.0,"{'A': 18, 'B': 28, 'C': 4}",50,312.9,99.4,4.504,"{'A': 0.0, 'B': 0.0, 'C': 0.0}",0.0,92.4,rule,55,aged_battery,47.75,5022,3600.3,unseen,0,,0.0901
38,"{'A': 0.0, 'B': 0.0, 'C': 0.0}",8,99.95,0.0,"{'A': 17, 'B': 31, 'C': 4}",52,320.8,97.1,4.658,"{'A': 0.0, 'B': 0.0, 'C': 0.0}",0.0,92.7,rule,53,aged_battery,49.67,5023,3600.5,unseen,0,,0.0896
37,"{'A': 0.0, 'B': 0.0, 'C': 0.0}",7,99.96,0.0,"{'A': 16, 'B': 27, 'C': 4}",47,312.5,98.9,4.497,"{'A': 0.0, 'B': 0.0, 'C': 0.0}",0.0,92.7,rule,52,aged_battery,44.75,5024,3600.2,unseen,0,,0.0957
36,"{'A': 0.0, 'B': 0.0, 'C': 0.0}",7,99.95,0.0,"{'A': 16, 'B': 27, 'C': 4}",47,311.4,99.2,4.624,"{'A': 0.0, 'B': 0.0, 'C': 0.0}",0.0,89.3,rule,53,aged_battery,44.69,5025,3600.6,unseen,0,,0.0984
37,"{'A': 0.0, 'B': 0.0, 'C': 0.0}",7,99.95,0.0,"{'A': 19, 'B': 30, 'C': 4}",53,327.4,95.8,4.768,"{'A': 0.0, 'B': 0.0, 'C': 0.0}",0.0,92.0,rule,53,aged_battery,50.62,5026,3600.6,unseen,0,,0.09
39,"{'A': 0.0, 'B': 0.0, 'C': 0.0}",6,99.96,0.0,"{'A': 13, 'B': 30, 'C': 4}",47,278.6,97.5,4.135,"{'A': 0.0, 'B': 0.0, 'C': 0.0}",0.0,90.7,rule,50,aged_battery,44.93,5027,3600.3,unseen,0,,0.088
38,"{'A': 0.0, 'B': 0.0, 'C': 0.0}",6,99.95,0.0,"{'A': 20, 'B': 29, 'C': 4}",53,325.4,92.4,4.967,"{'A': 0.0, 'B': 0.0, 'C': 0.0}",0.0,89.3,rule,53,aged_battery,50.52,5028,3600.4,unseen,0,,0.0937
41,"{'A': 0.0, 'B': 0.0, 'C': 0.0}",9,99.96,0.0,"{'A': 13, 'B': 26, 'C': 4}",43,286.3,99.6,4.058,"{'A': 0.0, 'B': 0.0, 'C': 0.0}",0.0,94.1,rule,46,aged_battery,40.97,5029,3600.2,unseen,0,,0.0944
55,"{'A': 0.0, 'B': 0.0, 'C': 0.0}",13,99.95,0.0,"{'A': 18, 'B': 32, 'C': 4}",54,375.9,98.9,5.267,"{'A': 0.0, 'B': 0.0, 'C': 0.0}",0.0,97.4,rule,54,balanced,51.37,5000,3600.7,seen,0,,0.0975
54,"{'A': 0.0, 'B': 0.0, 'C': 0.0}",12,99.95,0.0,"{'A': 18, 'B': 30, 'C': 4}",52,372.0,100.0,5.237,"{'A': 0.0, 'B': 0.0, 'C': 0.0}",0.0,97.0,rule,51,balanced,49.38,5001,3600.8,seen,0,,0.1007
52,"{'A': 0.0, 'B': 0.0, 'C': 0.0}",9,99.95,0.0,"{'A': 21, 'B': 30, 'C': 4}",55,376.4,97.9,5.307,"{'A': 0.0, 'B': 0.0, 'C': 0.0}",0.0,95.6,rule,54,balanced,52.35,5002,3600.1,seen,0,,0.0965
56,"{'A': 0.0, 'B': 0.0, 'C': 0.0}",10,99.96,0.0,"{'A': 18, 'B': 21, 'C': 4}",43,312.8,100.0,4.459,"{'A': 0.0, 'B': 0.0, 'C': 0.0}",0.0,97.0,rule,46,balanced,40.77,5003,3601.0,seen,0,,0.1037
52,"{'A': 0.0, 'B': 0.0, 'C': 0.0}",10,99.95,0.0,"{'A': 18, 'B': 31, 'C': 3}",52,359.5,100.0,5.089,"{'A': 0.0, 'B': 0.0, 'C': 0.0}",0.0,96.0,rule,53,balanced,49.46,5004,3600.8,seen,0,,0.0979
50,"{'A': 0.0, 'B': 0.0, 'C': 0.0}",8,99.95,0.0,"{'A': 21, 'B': 29, 'C': 4}",54,378.6,98.8,5.415,"{'A': 0.0, 'B': 0.0, 'C': 0.0}",0.0,95.6,rule,54,balanced,51.29,5005,3600.7,seen,0,,0.1003
54,"{'A': 0.0, 'B': 0.0, 'C': 0.0}",12,99.95,0.0,"{'A': 18, 'B': 30, 'C': 4}",52,384.9,98.7,5.347,"{'A': 0.0, 'B': 0.0, 'C': 0.0}",0.0,96.8,rule,54,balanced,49.33,5006,3600.0,seen,0,,0.1028
53,"{'A': 0.0, 'B': 0.0, 'C': 0.0}",10,99.95,0.0,"{'A': 21, 'B': 28, 'C': 4}",53,373.0,97.4,5.332,"{'A': 0.0, 'B': 0.0, 'C': 0.0}",0.0,96.0,rule,53,balanced,50.33,5007,3600.4,seen,0,,0.1006
52,"{'A': 0.0, 'B': 0.0, 'C': 0.0}",10,99.95,0.0,"{'A': 18, 'B': 28, 'C': 4}",50,375.2,99.6,5.252,"{'A': 0.0, 'B': 0.0, 'C': 0.0}",0.0,96.8,rule,52,balanced,47.37,5008,3600.1,seen,0,,0.105
51,"{'A': 0.0, 'B': 0.0, 'C': 0.0}",9,99.95,0.0,"{'A': 18, 'B': 28, 'C': 2}",48,381.6,98.3,5.279,"{'A': 0.0, 'B': 0.0, 'C': 0.0}",0.0,96.8,rule,52,balanced,45.36,5009,3600.4,seen,0,,0.11
54,"{'A': 0.0, 'B': 0.0, 'C': 0.0}",10,99.95,0.0,"{'A': 15, 'B': 28, 'C': 4}",47,345.6,100.0,4.881,"{'A': 0.0, 'B': 0.0, 'C': 0.0}",0.0,96.8,rule,49,balanced,44.56,5010,3600.1,seen,0,,0.1039
52,"{'A': 0.0, 'B': 0.0, 'C': 0.0}",10,99.95,0.0,"{'A': 19, 'B': 28, 'C': 4}",51,360.2,98.7,5.207,"{'A': 0.0, 'B': 0.0, 'C': 0.0}",0.0,94.2,rule,52,balanced,48.4,5011,3600.6,seen,0,,0.1021
51,"{'A': 0.0, 'B': 0.0, 'C': 0.0}",6,99.95,0.0,"{'A': 18, 'B': 27, 'C': 4}",49,322.5,99.5,4.608,"{'A': 0.0, 'B': 0.0, 'C': 0.0}",0.0,96.0,rule,53,balanced,46.7,5012,3600.8,seen,0,,0.094
52,"{'A': 0.0, 'B': 0.0, 'C': 0.0}",6,99.96,0.0,"{'A': 22, 'B': 28, 'C': 3}",53,299.2,98.9,4.414,"{'A': 0.0, 'B': 0.0, 'C': 0.0}",0.0,96.0,rule,54,balanced,50.79,5013,3600.3,seen,0,,0.0833
52,"{'A': 0.0, 'B': 0.0, 'C': 0.0}",9,99.95,0.0,"{'A': 18, 'B': 29, 'C': 4}",51,358.1,100.0,5.101,"{'A': 0.0, 'B': 0.0, 'C': 0.0}",0.0,95.7,rule,55,balanced,48.45,5014,3600.3,seen,0,,0.1
53,"{'A': 0.0, 'B': 0.0, 'C': 0.0}",9,99.95,0.0,"{'A': 18, 'B': 31, 'C': 2}",51,345.5,98.4,4.839,"{'A': 0.0, 'B': 0.0, 'C': 0.0}",0.0,96.2,rule,51,balanced,48.58,5015,3600.8,seen,0,,0.0949
52,"{'A': 0.0, 'B': 0.0, 'C': 0.0}",8,99.95,0.0,"{'A': 19, 'B': 26, 'C': 4}",49,333.8,99.6,4.736,"{'A': 0.0, 'B': 0.0, 'C': 0.0}",0.0,95.6,rule,52,balanced,46.63,5016,3600.9,seen,0,,0.0967
52,"{'A': 0.0, 'B': 0.0, 'C': 0.0}",7,99.95,0.0,"{'A': 18, 'B': 30, 'C': 4}",52,340.0,98.4,4.924,"{'A': 0.0, 'B': 0.0, 'C': 0.0}",0.0,96.0,rule,54,balanced,49.54,5017,3600.8,seen,0,,0.0947
51,"{'A': 0.0, 'B': 0.0, 'C': 0.0}",10,99.95,0.0,"{'A': 18, 'B': 30, 'C': 4}",52,365.4,100.0,5.184,"{'A': 0.0, 'B': 0.0, 'C': 0.0}",0.0,96.8,rule,54,balanced,49.41,5018,3601.0,seen,0,,0.0997
52,"{'A': 0.0, 'B': 0.0, 'C': 0.0}",7,99.96,0.0,"{'A': 18, 'B': 28, 'C': 3}",49,299.0,99.5,4.347,"{'A': 0.0, 'B': 0.0, 'C': 0.0}",0.0,96.6,rule,54,balanced,46.83,5019,3600.6,seen,0,,0.0887
55,"{'A': 0.0, 'B': 0.0, 'C': 0.0}",13,99.95,0.0,"{'A': 18, 'B': 29, 'C': 4}",51,376.7,100.0,5.291,"{'A': 0.0, 'B': 0.0, 'C': 0.0}",0.0,97.0,rule,52,balanced,48.35,5020,3600.8,seen,0,,0.1037
53,"{'A': 0.0, 'B': 0.0, 'C': 0.0}",10,99.95,0.0,"{'A': 18, 'B': 30, 'C': 4}",52,365.9,99.4,5.159,"{'A': 0.0, 'B': 0.0, 'C': 0.0}",0.0,96.2,rule,55,balanced,49.42,5021,3600.2,seen,0,,0.0992
52,"{'A': 0.0, 'B': 0.0, 'C': 0.0}",6,99.96,0.0,"{'A': 19, 'B': 30, 'C': 4}",53,306.5,99.0,4.457,"{'A': 0.0, 'B': 0.0, 'C': 0.0}",0.0,95.8,rule,51,balanced,50.77,5022,3600.8,seen,0,,0.0841
55,"{'A': 0.0, 'B': 0.0, 'C': 0.0}",14,99.94,0.0,"{'A': 18, 'B': 31, 'C': 4}",53,399.1,98.4,5.532,"{'A': 0.0, 'B': 0.0, 'C': 0.0}",0.0,97.1,rule,52,balanced,50.23,5023,3600.4,seen,0,,0.1044
53,"{'A': 0.0, 'B': 0.0, 'C': 0.0}",11,99.95,0.0,"{'A': 18, 'B': 29, 'C': 4}",51,367.6,100.0,5.225,"{'A': 0.0, 'B': 0.0, 'C': 0.0}",0.0,95.6,rule,53,balanced,48.39,5024,3600.7,seen,0,,0.1024
52,"{'A': 0.0, 'B': 0.0, 'C': 0.0}",9,99.95,0.0,"{'A': 21, 'B': 30, 'C': 4}",55,379.1,97.2,5.334,"{'A': 0.0, 'B': 0.0, 'C': 0.0}",0.0,96.8,rule,54,balanced,52.33,5025,3600.9,seen,0,,0.097
54,"{'A': 0.0, 'B': 0.0, 'C': 0.0}",11,99.95,0.0,"{'A': 18, 'B': 30, 'C': 4}",52,355.1,99.9,5.018,"{'A': 0.0, 'B': 0.0, 'C': 0.0}",0.0,96.8,rule,53,balanced,49.49,5026,3600.5,seen,0,,0.0965
53,"{'A': 0.0, 'B': 0.0, 'C': 0.0}",7,99.96,0.0,"{'A': 12, 'B': 29, 'C': 4}",45,296.1,100.0,4.266,"{'A': 0.0, 'B': 0.0, 'C': 0.0}",0.0,95.7,rule,47,balanced,42.87,5027,3600.2,seen,0,,0.0948
53,"{'A': 0.0, 'B': 0.0, 'C': 0.0}",7,99.95,0.0,"{'A': 21, 'B': 26, 'C': 4}",51,319.4,100.0,4.695,"{'A': 0.0, 'B': 0.0, 'C': 0.0}",0.0,95.7,rule,54,balanced,48.65,5028,3600.9,seen,0,,0.0921
54,"{'A': 0.0, 'B': 0.0, 'C': 0.0}",9,99.95,0.0,"{'A': 12, 'B': 30, 'C': 4}",46,321.6,99.9,4.513,"{'A': 0.0, 'B': 0.0, 'C': 0.0}",0.0,96.0,rule,48,balanced,43.74,5029,3600.7,seen,0,,0.0981
54,"{'A': 0.0, 'B': 0.0, 'C': 0.0}",7,99.96,0.0,"{'A': 12, 'B': 27, 'C': 2}",41,268.2,100.0,3.761,"{'A': 0.0, 'B': 0.0, 'C': 0.0}",0.0,96.8,rule,42,fault_burst,39.12,5000,3600.8,seen,0,,0.0917
58,"{'A': 0.0, 'B': 0.0, 'C': 0.0}",7,99.97,0.0,"{'A': 12, 'B': 12, 'C': 0}",24,199.5,99.4,2.707,"{'A': 0.0, 'B': 0.0, 'C': 0.0}",0.0,98.2,rule,24,fault_burst,22.65,5001,3600.5,seen,0,,0.1128
58,"{'A': 0.0, 'B': 0.0, 'C': 0.0}",8,99.97,0.0,"{'A': 12, 'B': 12, 'C': 4}",28,223.5,100.0,3.147,"{'A': 0.0, 'B': 0.0, 'C': 0.0}",0.0,97.0,rule,28,fault_burst,26.43,5002,3600.2,seen,0,,0.1124
56,"{'A': 0.0, 'B': 0.0, 'C': 0.0}",8,99.96,0.0,"{'A': 15, 'B': 17, 'C': 4}",36,256.7,99.8,3.694,"{'A': 0.0, 'B': 0.0, 'C': 0.0}",0.0,95.7,rule,39,fault_burst,34.15,5003,3600.2,seen,0,,0.1026
57,"{'A': 0.0, 'B': 0.0, 'C': 0.0}",6,99.97,0.0,"{'A': 15, 'B': 8, 'C': 2}",25,196.8,99.2,2.765,"{'A': 0.0, 'B': 0.0, 'C': 0.0}",0.0,97.2,rule,29,fault_burst,23.62,5004,3600.7,seen,0,,0.1106
57,"{'A': 0.0, 'B': 0.0, 'C': 0.0}",9,99.96,0.0,"{'A': 12, 'B': 20, 'C': 2}",34,269.0,99.7,3.685,"{'A': 0.0, 'B': 0.0, 'C': 0.0}",0.0,97.0,rule,37,fault_burst,32.16,5005,3600.7,seen,0,,0.1084
57,"{'A': 0.0, 'B': 0.0, 'C': 0.0}",9,99.97,0.0,"{'A': 9, 'B': 22, 'C': 2}",33,247.8,99.5,3.378,"{'A': 0.0, 'B': 0.0, 'C': 0.0}",0.0,98.1,rule,35,fault_burst,31.31,5006,3600.4,seen,0,,0.1024
55,"{'A': 0.0, 'B': 0.0, 'C': 0.0}",7,99.97,0.0,"{'A': 12, 'B': 20, 'C': 2}",34,245.1,99.3,3.461,"{'A': 0.0, 'B': 0.0, 'C': 0.0}",0.0,97.0,rule,35,fault_burst,32.27,5007,3600.4,seen,0,,0.1018
55,"{'A': 0.0, 'B': 0.0, 'C': 0.0}",8,99.96,0.0,"{'A': 15, 'B': 16, 'C': 2}",33,268.5,99.2,3.685,"{'A': 0.0, 'B': 0.0, 'C': 0.0}",0.0,97.0,rule,37,fault_burst,31.16,5008,3600.5,seen,0,,0.1117
56,"{'A': 0.0, 'B': 0.0, 'C': 0.0}",6,99.97,0.0,"{'A': 13, 'B': 16, 'C': 2}",31,235.3,98.0,3.26,"{'A': 0.0, 'B': 0.0, 'C': 0.0}",0.0,97.0,rule,33,fault_burst,29.37,5009,3600.4,seen,0,,0.1051
57,"{'A': 0.0, 'B': 0.0, 'C': 0.0}",7,99.97,0.0,"{'A': 6, 'B': 25, 'C': 4}",35,237.2,97.4,3.354,"{'A': 0.0, 'B': 0.0, 'C': 0.0}",0.0,96.8,rule,34,fault_burst,33.32,5010,3600.2,seen,0,,0.0958
54,"{'A': 0.0, 'B': 0.0, 'C': 0.0}",7,99.96,0.0,"{'A': 12, 'B': 21, 'C': 2}",35,263.6,98.9,3.788,"{'A': 0.0, 'B': 0.0, 'C': 0.0}",0.0,94.2,rule,38,fault_burst,33.11,5011,3600.9,seen,0,,0.1082
57,"{'A': 0.0, 'B': 0.0, 'C': 0.0}",8,99.97,0.0,"{'A': 12, 'B': 16, 'C': 2}",30,237.3,99.3,3.269,"{'A': 0.0, 'B': 0.0, 'C': 0.0}",0.0,96.8,rule,31,fault_burst,28.37,5012,3600.5,seen,0,,0.109
55,"{'A': 0.0, 'B': 0.0, 'C': 0.0}",6,99.97,0.0,"{'A': 9, 'B': 22, 'C': 2}",33,226.8,100.0,3.183,"{'A': 0.0, 'B': 0.0, 'C': 0.0}",0.0,96.8,rule,34,fault_burst,31.41,5013,3600.5,seen,0,,0.0965
56,"{'A': 0.0, 'B': 0.0, 'C': 0.0}",8,99.96,0.0,"{'A': 15, 'B': 20, 'C': 1}",36,260.6,98.3,3.648,"{'A': 0.0, 'B': 0.0, 'C': 0.0}",0.0,96.6,rule,38,fault_burst,34.18,5014,3600.2,seen,0,,0.1013
57,"{'A': 0.0, 'B': 0.0, 'C': 0.0}",7,99.97,0.0,"{'A': 9, 'B': 16, 'C': 2}",27,227.2,99.4,3.058,"{'A': 0.0, 'B': 0.0, 'C': 0.0}",0.0,96.8,rule,32,fault_burst,25.47,5015,3600.5,seen,0,,0.1133
54,"{'A': 0.0, 'B': 0.0, 'C': 0.0}",6,99.96,0.0,"{'A': 15, 'B': 18, 'C': 4}",37,254.4,100.0,3.676,"{'A': 0.0, 'B': 0.0, 'C': 0.0}",0.0,96.0,rule,35,fault_burst,35.16,5016,3600.3,seen,0,,0.0994
56,"{'A': 0.0, 'B': 0.0, 'C': 0.0}",6,99.97,0.0,"{'A': 10, 'B': 17, 'C': 2}",29,240.2,97.8,3.391,"{'A': 0.0, 'B': 0.0, 'C': 0.0}",0.0,96.8,rule,35,fault_burst,27.3,5017,3600.8,seen,0,,0.1169
56,"{'A': 0.0, 'B': 0.0, 'C': 0.0}",7,99.97,0.0,"{'A': 12, 'B': 16, 'C': 2}",30,233.2,100.0,3.235,"{'A': 0.0, 'B': 0.0, 'C': 0.0}",0.0,96.8,rule,33,fault_burst,28.38,5018,3600.9,seen,0,,0.1078
55,"{'A': 0.0, 'B': 0.0, 'C': 0.0}",7,99.97,0.0,"{'A': 15, 'B': 18, 'C': 2}",35,242.6,98.9,3.429,"{'A': 0.0, 'B': 0.0, 'C': 0.0}",0.0,97.0,rule,36,fault_burst,33.29,5019,3601.0,seen,0,,0.098
57,"{'A': 0.0, 'B': 0.0, 'C': 0.0}",5,99.97,0.0,"{'A': 12, 'B': 13, 'C': 2}",27,184.7,100.0,2.66,"{'A': 0.0, 'B': 0.0, 'C': 0.0}",0.0,95.8,rule,25,fault_burst,25.67,5020,3600.5,seen,0,,0.0985
54,"{'A': 0.0, 'B': 0.0, 'C': 0.0}",7,99.96,0.0,"{'A': 12, 'B': 26, 'C': 2}",40,281.2,99.5,3.945,"{'A': 0.0, 'B': 0.0, 'C': 0.0}",0.0,96.8,rule,43,fault_burst,38.03,5021,3600.1,seen,0,,0.0986
56,"{'A': 0.0, 'B': 0.0, 'C': 0.0}",6,99.97,0.0,"{'A': 9, 'B': 20, 'C': 2}",31,206.4,100.0,2.909,"{'A': 0.0, 'B': 0.0, 'C': 0.0}",0.0,97.2,rule,34,fault_burst,29.55,5022,3600.3,seen,0,,0.0938
58,"{'A': 0.0, 'B': 0.0, 'C': 0.0}",7,99.97,0.0,"{'A': 12, 'B': 19, 'C': 2}",33,212.1,99.2,2.983,"{'A': 0.0, 'B': 0.0, 'C': 0.0}",0.0,97.4,rule,33,fault_burst,31.51,5023,3600.8,seen,0,,0.0904
57,"{'A': 0.0, 'B': 0.0, 'C': 0.0}",6,99.97,0.0,"{'A': 9, 'B': 17, 'C': 4}",30,213.4,98.9,3.013,"{'A': 0.0, 'B': 0.0, 'C': 0.0}",0.0,96.8,rule,32,fault_burst,28.49,5024,3600.1,seen,0,,0.1004
56,"{'A': 0.0, 'B': 0.0, 'C': 0.0}",6,99.97,0.0,"{'A': 9, 'B': 20, 'C': 2}",31,222.2,100.0,3.128,"{'A': 0.0, 'B': 0.0, 'C': 0.0}",0.0,96.8,rule,33,fault_burst,29.44,5025,3600.8,seen,0,,0.1009
56,"{'A': 0.0, 'B': 0.0, 'C': 0.0}",8,99.96,0.0,"{'A': 12, 'B': 25, 'C': 2}",39,273.6,99.0,3.767,"{'A': 0.0, 'B': 0.0, 'C': 0.0}",0.0,97.0,rule,39,fault_burst,37.12,5026,3600.5,seen,0,,0.0966
58,"{'A': 0.0, 'B': 0.0, 'C': 0.0}",9,99.96,0.0,"{'A': 15, 'B': 18, 'C': 2}",35,266.8,98.4,3.679,"{'A': 0.0, 'B': 0.0, 'C': 0.0}",0.0,98.1,rule,39,fault_burst,33.16,5027,3600.1,seen,0,,0.1051
56,"{'A': 0.0, 'B': 0.0, 'C': 0.0}",8,99.96,0.0,"{'A': 12, 'B': 20, 'C': 2}",34,262.0,98.8,3.607,"{'A': 0.0, 'B': 0.0, 'C': 0.0}",0.0,97.1,rule,35,fault_burst,32.2,5028,3600.8,seen,0,,0.1061
55,"{'A': 0.0, 'B': 0.0, 'C': 0.0}",8,99.96,0.0,"{'A': 12, 'B': 25, 'C': 2}",39,285.3,99.6,3.95,"{'A': 0.0, 'B': 0.0, 'C': 0.0}",0.0,96.8,rule,42,fault_burst,37.02,5029,3600.6,seen,0,,0.1013
22,"{'A': 1874.0, 'B': 2190.4, 'C': 2045.8}",2,99.97,0.0,"{'A': 19, 'B': 21, 'C': 2}",42,202.1,95.4,3.285,"{'A': 20.82, 'B': 36.51, 'C': 5.68}",63.01,48.1,rule,46,heavy_load,-22.65,5000,3600.1,unseen,0,,0.0782
23,"{'A': 1951.2, 'B': 2083.3, 'C': 1809.6}",2,99.96,0.0,"{'A': 14, 'B': 25, 'C': 4}",43,214.9,92.7,3.55,"{'A': 21.68, 'B': 34.72, 'C': 5.03}",61.43,49.6,rule,47,heavy_load,-20.2,5001,3600.1,unseen,0,,0.0826
22,"{'A': 1769.3, 'B': 2238.9, 'C': 1949.7}",2,99.97,0.0,"{'A': 17, 'B': 17, 'C': 4}",38,204.4,95.0,3.367,"{'A': 19.66, 'B': 37.31, 'C': 5.42}",62.39,48.1,rule,45,heavy_load,-26.07,5002,3600.2,unseen,0,,0.0886
22,"{'A': 1911.9, 'B': 1237.8, 'C': 2007.9}",2,99.97,0.0,"{'A': 14, 'B': 21, 'C': 4}",39,208.4,95.1,3.347,"{'A': 21.24, 'B': 20.63, 'C': 5.58}",47.45,48.1,rule,44,heavy_load,-10.13,5003,3600.3,unseen,0,,0.0858
23,"{'A': 2208.9, 'B': 2213.8, 'C': 1587.6}",1,99.97,0.0,"{'A': 14, 'B': 20, 'C': 4}",38,213.0,93.1,3.469,"{'A': 24.54, 'B': 36.9, 'C': 4.41}",65.85,42.6,rule,44,heavy_load,-29.58,5004,3600.1,unseen,0,,0.0913
21,"{'A': 2070.6, 'B': 2049.5, 'C': 1221.6}",1,99.97,0.0,"{'A': 11, 'B': 20, 'C': 3}",34,203.8,95.5,3.383,"{'A': 23.01, 'B': 34.16, 'C': 3.39}",60.56,37.5,rule,47,heavy_load,-28.25,5005,3600.6,unseen,0,,0.0995
21,"{'A': 1881.1, 'B': 2250.1, 'C': 1913.7}",2,99.97,0.0,"{'A': 19, 'B': 17, 'C': 3}",39,185.9,98.6,3.032,"{'A': 20.9, 'B': 37.5, 'C': 5.32}",63.72,48.1,rule,45,heavy_load,-26.23,5006,3600.7,unseen,0,,0.0777
38,"{'A': 1123.1, 'B': 1109.9, 'C': 896.7}",1,99.93,0.0,"{'A': 22, 'B': 36, 'C': 6}",64,403.7,55.7,6.75,"{'A': 12.48, 'B': 18.5, 'C': 2.49}",33.47,22.2,rule,77,heavy_load,27.16,5007,3600.1,unseen,0,,0.1055
20,"{'A': 2265.0, 'B': 2079.8, 'C': 2134.2}",1,99.97,0.0,"{'A': 10, 'B': 19, 'C': 2}",31,181.2,99.8,2.913,"{'A': 25.17, 'B': 34.66, 'C': 5.93}",65.76,39.6,rule,44,heavy_load,-36.22,5008,3600.7,unseen,0,,0.094
24,"{'A': 1837.9, 'B': 2079.1, 'C': 1678.3}",3,99.96,0.0,"{'A': 18, 'B': 24, 'C': 4}",46,214.9,93.5,3.508,"{'A': 20.42, 'B': 34.65, 'C': 4.66}",59.73,49.7,rule,49,heavy_load,-15.49,5009,3600.9,unseen,0,,0.0763
32,"{'A': 369.3, 'B': 1465.7, 'C': 1318.0}",1,99.95,0.0,"{'A': 18, 'B': 29, 'C': 4}",51,318.0,71.5,5.214,"{'A': 4.1, 'B': 24.43, 'C': 3.66}",32.19,27.7,rule,64,heavy_load,16.2,5010,3600.4,unseen,0,,0.1022
28,"{'A': 1865.4, 'B': 1996.4, 'C': 1720.5}",1,99.96,0.0,"{'A': 16, 'B': 25, 'C': 5}",46,267.0,82.0,4.377,"{'A': 20.73, 'B': 33.27, 'C': 4.78}",58.78,49.6,rule,51,heavy_load,-14.97,5011,3600.6,unseen,0,,0.0951
25,"{'A': 1836.6, 'B': 2211.7, 'C': 2086.2}",1,99.96,0.0,"{'A': 17, 'B': 20, 'C': 4}",41,233.9,89.5,3.794,"{'A': 20.41, 'B': 36.86, 'C': 5.79}",63.06,46.1,rule,46,heavy_load,-23.96,5012,3600.7,unseen,0,,0.0925
22,"{'A': 1788.8, 'B': 2321.2, 'C': 2148.0}",2,99.97,0.0,"{'A': 17, 'B': 15, 'C': 4}",36,204.4,94.9,3.374,"{'A': 19.88, 'B': 38.69, 'C': 5.97}",64.53,48.1,rule,43,heavy_load,-30.22,5013,3600.2,unseen,0,,0.0937
22,"{'A': 1861.2, 'B': 2197.4, 'C': 2000.7}",2,99.97,0.0,"{'A': 15, 'B': 21, 'C': 4}",40,208.4,95.1,3.353,"{'A': 20.68, 'B': 36.62, 'C': 5.56}",62.86,48.1,rule,48,heavy_load,-24.54,5014,3600.3,unseen,0,,0.0838
22,"{'A': 1899.9, 'B': 1965.6, 'C': 751.1}",3,99.97,0.0,"{'A': 15, 'B': 25, 'C': 3}",43,196.8,96.7,3.211,"{'A': 21.11, 'B': 32.76, 'C': 2.09}",55.96,49.6,rule,49,heavy_load,-14.56,5015,3600.7,unseen,0,,0.0747
21,"{'A': 2025.5, 'B': 2304.5, 'C': 1776.0}",2,99.97,0.0,"{'A': 14, 'B': 25, 'C': 3}",42,191.0,98.5,3.045,"{'A': 22.51, 'B': 38.41, 'C': 4.93}",65.85,46.1,rule,46,heavy_load,-25.37,5016,3600.7,unseen,0,,0.0725
28,"{'A': 1891.5, 'B': 1975.4, 'C': 1815.4}",1,99.96,0.0,"{'A': 19, 'B': 25, 'C': 4}",48,257.1,83.9,4.26,"{'A': 21.02, 'B': 32.92, 'C': 5.04}",58.98,49.6,rule,52,heavy_load,-13.11,5017,3600.3,unseen,0,,0.0887
28,"{'A': 1583.2, 'B': 1646.5, 'C': 1471.0}",1,99.95,0.0,"{'A': 18, 'B': 26, 'C': 3}",47,304.8,76.6,5.064,"{'A': 17.59, 'B': 27.44, 'C': 4.09}",49.12,29.9,rule,60,heavy_load,-4.65,5018,3600.5,unseen,0,,0.1077
23,"{'A': 1933.6, 'B': 2103.1, 'C': 1869.2}",2,99.97,0.0,"{'A': 18, 'B': 23, 'C': 4}",45,210.3,94.6,3.445,"{'A': 21.48, 'B': 35.05, 'C': 5.19}",61.73,49.6,rule,47,heavy_load,-18.45,5019,3600.3,unseen,0,,0.0766
23,"{'A': 1825.2, 'B': 2293.1, 'C': 1847.6}",2,99.97,0.0,"{'A': 18, 'B': 15, 'C': 4}",37,212.7,94.4,3.477,"{'A': 20.28, 'B': 38.22, 'C': 5.13}",63.63,49.7,rule,45,heavy_load,-28.37,5020,3600.4,unseen,0,,0.094
23,"{'A': 2024.0, 'B': 1949.0, 'C': 1826.4}",1,99.96,0.0,"{'A': 13, 'B': 22, 'C': 3}",38,231.7,89.7,3.805,"{'A': 22.49, 'B': 32.48, 'C': 5.07}",60.05,34.1,rule,51,heavy_load,-23.95,5021,3601.0,unseen,0,,0.1001
23,"{'A': 1760.7, 'B': 2284.0, 'C': 1988.0}",2,99.97,0.0,"{'A': 18, 'B': 15, 'C': 4}",37,212.7,94.4,3.477,"{'A': 19.56, 'B': 38.07, 'C': 5.52}",63.15,49.7,rule,46,heavy_load,-27.89,5022,3600.4,unseen,0,,0.094
21,"{'A': 1887.8, 'B': 2285.3, 'C': 1966.1}",2,99.97,0.0,"{'A': 19, 'B': 16, 'C': 3}",38,185.9,98.6,3.013,"{'A': 20.98, 'B': 38.09, 'C': 5.46}",64.53,48.1,rule,45,heavy_load,-28.03,5023,3600.7,unseen,0,,0.0793
22,"{'A': 2036.5, 'B': 2190.8, 'C': 1681.9}",2,99.97,0.0,"{'A': 16, 'B': 18, 'C': 5}",39,191.7,96.3,3.23,"{'A': 22.63, 'B': 36.51, 'C': 4.67}",63.81,49.6,rule,45,heavy_load,-26.43,5024,3600.5,unseen,0,,0.0828
34,"{'A': 1370.7, 'B': 1249.2, 'C': 1339.4}",1,99.94,0.0,"{'A': 19, 'B': 31, 'C': 5}",55,334.5,68.0,5.619,"{'A': 15.23, 'B': 20.82, 'C': 3.72}",39.77,27.3,rule,68,heavy_load,12.42,5025,3600.7,unseen,0,,0.1022
23,"{'A': 2114.6, 'B': 2298.6, 'C': 2175.9}",1,99.97,0.0,"{'A': 16, 'B': 21, 'C': 3}",40,212.5,92.6,3.452,"{'A': 23.5, 'B': 38.31, 'C': 6.04}",67.85,43.2,rule,42,heavy_load,-29.58,5026,3600.0,unseen,0,,0.0863
23,"{'A': 918.4, 'B': 2084.3, 'C': 1770.4}",2,99.97,0.0,"{'A': 16, 'B': 25, 'C': 3}",44,192.7,96.5,3.194,"{'A': 10.2, 'B': 34.74, 'C': 4.92}",49.86,50.0,rule,46,heavy_load,-7.46,5027,3600.1,unseen,0,,0.0726
23,"{'A': 1971.5, 'B': 2158.5, 'C': 1884.4}",2,99.97,0.0,"{'A': 20, 'B': 21, 'C': 4}",45,214.2,94.4,3.476,"{'A': 21.91, 'B': 35.98, 'C': 5.23}",63.12,49.7,rule,46,heavy_load,-19.85,5028,3600.2,unseen,0,,0.0772
27,"{'A': 949.6, 'B': 2042.5, 'C': 1906.0}",2,99.96,0.0,"{'A': 17, 'B': 26, 'C': 4}",47,233.2,88.1,3.829,"{'A': 10.55, 'B': 34.04, 'C': 5.29}",49.89,47.4,rule,46,heavy_load,-4.8,5029,3600.8,unseen,0,,0.0815
44,"{'A': 0.0, 'B': 0.0, 'C': 0.0}",6,99.93,0.0,"{'A': 18, 'B': 27, 'C': 3}",48,453.4,97.7,7.017,"{'A': 0.0, 'B': 0.0, 'C': 0.0}",0.0,93.5,rule,53,heavy_parts,44.49,5000,3600.4,unseen,0,,0.1462
47,"{'A': 0.0, 'B': 9.5, 'C': 0.0}",7,99.93,0.0,"{'A': 19, 'B': 32, 'C': 4}",55,444.7,98.7,6.771,"{'A': 0.0, 'B': 0.08, 'C': 0.0}",0.08,92.0,rule,54,heavy_parts,51.54,5001,3600.2,unseen,0,,0.1231
46,"{'A': 0.0, 'B': 0.0, 'C': 0.0}",6,99.93,0.0,"{'A': 19, 'B': 29, 'C': 4}",52,441.0,97.4,6.95,"{'A': 0.0, 'B': 0.0, 'C': 0.0}",0.0,91.9,rule,55,heavy_parts,48.53,5002,3600.9,unseen,0,,0.1337
47,"{'A': 0.0, 'B': 0.0, 'C': 0.0}",7,99.93,0.0,"{'A': 19, 'B': 20, 'C': 4}",43,422.7,96.8,6.531,"{'A': 0.0, 'B': 0.0, 'C': 0.0}",0.0,89.8,rule,47,heavy_parts,39.73,5003,3600.9,unseen,0,,0.1519
47,"{'A': 0.0, 'B': 0.0, 'C': 0.0}",8,99.93,0.0,"{'A': 19, 'B': 29, 'C': 4}",52,458.9,96.5,7.042,"{'A': 0.0, 'B': 0.0, 'C': 0.0}",0.0,95.9,rule,52,heavy_parts,48.48,5004,3600.7,unseen,0,,0.1354
47,"{'A': 0.0, 'B': 0.0, 'C': 0.0}",6,99.93,0.0,"{'A': 19, 'B': 32, 'C': 4}",55,443.4,96.3,6.936,"{'A': 0.0, 'B': 0.0, 'C': 0.0}",0.0,94.2,rule,55,heavy_parts,51.53,5005,3600.8,unseen,0,,0.1261
46,"{'A': 0.0, 'B': 0.0, 'C': 0.0}",8,99.93,0.0,"{'A': 18, 'B': 31, 'C': 4}",53,465.3,97.5,7.062,"{'A': 0.0, 'B': 0.0, 'C': 0.0}",0.0,95.6,rule,52,heavy_parts,49.47,5006,3601.0,unseen,0,,0.1332
48,"{'A': 0.0, 'B': 0.0, 'C': 0.0}",7,99.93,0.0,"{'A': 19, 'B': 31, 'C': 4}",54,467.9,93.0,7.256,"{'A': 0.0, 'B': 0.0, 'C': 0.0}",0.0,93.0,rule,52,heavy_parts,50.37,5007,3600.8,unseen,0,,0.1344
47,"{'A': 0.0, 'B': 0.0, 'C': 0.0}",6,99.93,0.0,"{'A': 20, 'B': 28, 'C': 4}",52,438.6,96.9,6.903,"{'A': 0.0, 'B': 0.0, 'C': 0.0}",0.0,92.6,rule,54,heavy_parts,48.55,5008,3600.5,unseen,0,,0.1327
47,"{'A': 0.0, 'B': 0.0, 'C': 0.0}",9,99.93,0.0,"{'A': 20, 'B': 29, 'C': 4}",53,443.5,98.3,6.861,"{'A': 0.0, 'B': 0.0, 'C': 0.0}",0.0,95.9,rule,54,heavy_parts,49.57,5009,3600.1,unseen,0,,0.1295
48,"{'A': 0.0, 'B': 0.0, 'C': 0.0}",8,99.94,0.0,"{'A': 14, 'B': 28, 'C': 5}",47,406.4,100.0,6.307,"{'A': 0.0, 'B': 0.0, 'C': 0.0}",0.0,95.5,rule,46,heavy_parts,43.85,5010,3600.1,unseen,0,,0.1342
45,"{'A': 0.0, 'B': 0.0, 'C': 0.0}",6,99.93,0.0,"{'A': 17, 'B': 27, 'C': 4}",48,448.2,98.3,6.942,"{'A': 0.0, 'B': 0.0, 'C': 0.0}",0.0,92.8,rule,52,heavy_parts,44.53,5011,3600.3,unseen,0,,0.1446
47,"{'A': 0.0, 'B': 0.0, 'C': 0.0}",6,99.93,0.0,"{'A': 21, 'B': 28, 'C': 4}",53,433.5,97.8,6.802,"{'A': 0.0, 'B': 0.0, 'C': 0.0}",0.0,93.1,rule,52,heavy_parts,49.6,5012,3600.5,unseen,0,,0.1283
44,"{'A': 0.0, 'B': 0.0, 'C': 0.0}",6,99.93,0.0,"{'A': 18, 'B': 31, 'C': 4}",53,459.3,97.0,7.215,"{'A': 0.0, 'B': 0.0, 'C': 0.0}",0.0,93.1,rule,54,heavy_parts,49.39,5013,3600.6,unseen,0,,0.1361
47,"{'A': 0.0, 'B': 0.0, 'C': 0.0}",8,99.93,0.0,"{'A': 19, 'B': 29, 'C': 4}",52,463.9,95.7,7.157,"{'A': 0.0, 'B': 0.0, 'C': 0.0}",0.0,93.2,rule,54,heavy_parts,48.42,5014,3600.4,unseen,0,,0.1376
46,"{'A': 0.0, 'B': 0.0, 'C': 0.0}",6,99.93,0.0,"{'A': 19, 'B': 32, 'C': 3}",54,454.5,96.8,7.038,"{'A': 0.0, 'B': 0.0, 'C': 0.0}",0.0,93.0,rule,53,heavy_parts,50.48,5015,3600.4,unseen,0,,0.1303
45,"{'A': 0.0, 'B': 0.0, 'C': 0.0}",7,99.93,0.0,"{'A': 19, 'B': 27, 'C': 4}",50,434.5,99.5,6.717,"{'A': 0.0, 'B': 0.0, 'C': 0.0}",0.0,94.3,rule,51,heavy_parts,46.64,5016,3600.1,unseen,0,,0.1343
47,"{'A': 0.0, 'B': 0.0, 'C': 0.0}",7,99.93,0.0,"{'A': 20, 'B': 28, 'C': 5}",53,464.6,94.5,7.225,"{'A': 0.0, 'B': 0.0, 'C': 0.0}",0.0,94.2,rule,52,heavy_parts,49.39,5017,3600.4,unseen,0,,0.1363
48,"{'A': 0.0, 'B': 0.0, 'C': 0.0}",8,99.93,0.0,"{'A': 18, 'B': 28, 'C': 4}",50,446.6,95.8,6.898,"{'A': 0.0, 'B': 0.0, 'C': 0.0}",0.0,92.8,rule,51,heavy_parts,46.55,5018,3600.2,unseen,0,,0.138
45,"{'A': 0.0, 'B': 0.0, 'C': 0.0}",7,99.93,0.0,"{'A': 18, 'B': 30, 'C': 4}",52,432.6,98.4,6.824,"{'A': 0.0, 'B': 0.0, 'C': 0.0}",0.0,94.2,rule,53,heavy_parts,48.59,5019,3600.2,unseen,0,,0.1312
46,"{'A': 0.0, 'B': 0.0, 'C': 0.0}",6,99.93,0.0,"{'A': 18, 'B': 29, 'C': 5}",52,437.3,97.8,6.863,"{'A': 0.0, 'B': 0.0, 'C': 0.0}",0.0,93.5,rule,54,heavy_parts,48.57,5020,3600.3,unseen,0,,0.132
47,"{'A': 0.0, 'B': 0.0, 'C': 0.0}",9,99.93,0.0,"{'A': 20, 'B': 28, 'C': 4}",52,450.4,98.0,6.836,"{'A': 0.0, 'B': 0.0, 'C': 0.0}",0.0,95.9,rule,52,heavy_parts,48.58,5021,3600.8,unseen,0,,0.1315
45,"{'A': 0.0, 'B': 79.0, 'C': 0.0}",5,99.93,0.0,"{'A': 20, 'B': 29, 'C': 5}",54,433.5,96.4,6.941,"{'A': 0.0, 'B': 0.66, 'C': 0.0}",0.66,90.5,rule,54,heavy_parts,49.87,5022,3600.6,unseen,0,,0.1285
45,"{'A': 0.0, 'B': 35.9, 'C': 0.0}",6,99.93,0.0,"{'A': 18, 'B': 27, 'C': 4}",49,443.3,99.1,6.862,"{'A': 0.0, 'B': 0.3, 'C': 0.0}",0.3,92.8,rule,53,heavy_parts,45.27,5023,3600.6,unseen,0,,0.14
46,"{'A': 0.0, 'B': 0.0, 'C': 0.0}",8,99.93,0.0,"{'A': 19, 'B': 28, 'C': 4}",51,444.6,98.2,6.875,"{'A': 0.0, 'B': 0.0, 'C': 0.0}",0.0,93.5,rule,53,heavy_parts,47.56,5024,3600.9,unseen,0,,0.1348
47,"{'A': 0.0, 'B': 0.0, 'C': 0.0}",5,99.93,0.0,"{'A': 18, 'B': 28, 'C': 5}",51,455.2,93.6,7.259,"{'A': 0.0, 'B': 0.0, 'C': 0.0}",0.0,93.5,rule,53,heavy_parts,47.37,5025,3600.2,unseen,0,,0.1423
46,"{'A': 0.0, 'B': 0.0, 'C': 0.0}",7,99.93,0.0,"{'A': 20, 'B': 28, 'C': 5}",53,448.5,97.9,7.014,"{'A': 0.0, 'B': 0.0, 'C': 0.0}",0.0,94.5,rule,55,heavy_parts,49.49,5026,3600.1,unseen,0,,0.1323
51,"{'A': 0.0, 'B': 0.0, 'C': 0.0}",8,99.94,0.0,"{'A': 11, 'B': 29, 'C': 5}",45,399.4,97.2,6.103,"{'A': 0.0, 'B': 0.0, 'C': 0.0}",0.0,95.6,rule,48,heavy_parts,41.95,5027,3601.0,unseen,0,,0.1356
48,"{'A': 0.0, 'B': 0.0, 'C': 0.0}",8,99.93,0.0,"{'A': 19, 'B': 29, 'C': 4}",52,437.4,97.6,6.779,"{'A': 0.0, 'B': 0.0, 'C': 0.0}",0.0,94.5,rule,53,heavy_parts,48.61,5028,3600.6,unseen,0,,0.1304
47,"{'A': 0.0, 'B': 0.0, 'C': 0.0}",7,99.93,0.0,"{'A': 12, 'B': 30, 'C': 5}",47,429.6,98.1,6.627,"{'A': 0.0, 'B': 0.0, 'C': 0.0}",0.0,93.1,rule,48,heavy_parts,43.69,5029,3600.5,unseen,0,,0.141
48,"{'A': 0.0, 'B': 0.0, 'C': 0.0}",6,99.93,0.0,"{'A': 36, 'B': 59, 'C': 8}",103,450.3,94.7,7.085,"{'A': 0.0, 'B': 0.0, 'C': 0.0}",0.0,91.9,rule,107,high_demand,99.46,5000,3600.6,seen,0,,0.0688
47,"{'A': 0.0, 'B': 0.0, 'C': 0.0}",7,99.92,0.0,"{'A': 40, 'B': 60, 'C': 8}",108,484.9,91.8,7.585,"{'A': 0.0, 'B': 0.0, 'C': 0.0}",0.0,91.3,rule,109,high_demand,104.21,5001,3600.4,seen,0,,0.0702
47,"{'A': 0.0, 'B': 0.0, 'C': 0.0}",5,99.93,0.0,"{'A': 40, 'B': 59, 'C': 9}",108,471.6,91.7,7.424,"{'A': 0.0, 'B': 0.0, 'C': 0.0}",0.0,91.7,rule,109,high_demand,104.29,5002,3600.4,seen,0,,0.0687
48,"{'A': 0.0, 'B': 0.0, 'C': 0.0}",9,99.93,0.0,"{'A': 37, 'B': 40, 'C': 8}",85,441.2,98.6,6.673,"{'A': 0.0, 'B': 0.0, 'C': 0.0}",0.0,94.5,rule,95,high_demand,81.66,5003,3600.3,seen,0,,0.0785
46,"{'A': 0.0, 'B': 0.0, 'C': 0.0}",7,99.93,0.0,"{'A': 38, 'B': 59, 'C': 8}",105,445.0,97.0,7.021,"{'A': 0.0, 'B': 0.0, 'C': 0.0}",0.0,93.3,rule,106,high_demand,101.49,5004,3600.0,seen,0,,0.0669
44,"{'A': 0.0, 'B': 57.9, 'C': 0.0}",6,99.93,0.0,"{'A': 38, 'B': 59, 'C': 6}",103,443.2,97.9,6.95,"{'A': 0.0, 'B': 0.97, 'C': 0.0}",0.97,91.3,rule,110,high_demand,98.56,5005,3600.4,seen,0,,0.0675
45,"{'A': 51.8, 'B': 78.6, 'C': 0.0}",5,99.93,0.0,"{'A': 40, 'B': 52, 'C': 8}",100,467.9,94.0,7.34,"{'A': 0.58, 'B': 1.31, 'C': 0.0}",1.89,91.2,rule,108,high_demand,94.44,5006,3600.8,seen,0,,0.0734
46,"{'A': 0.0, 'B': 93.2, 'C': 86.9}",4,99.93,0.0,"{'A': 38, 'B': 59, 'C': 7}",104,447.4,95.3,7.141,"{'A': 0.0, 'B': 1.55, 'C': 0.24}",1.79,91.8,rule,107,high_demand,98.64,5007,3600.1,seen,0,,0.0687
46,"{'A': 0.0, 'B': 0.0, 'C': 0.0}",8,99.93,0.0,"{'A': 36, 'B': 52, 'C': 8}",96,452.7,98.0,6.948,"{'A': 0.0, 'B': 0.0, 'C': 0.0}",0.0,94.7,rule,106,high_demand,92.53,5008,3600.9,seen,0,,0.0724
44,"{'A': 0.0, 'B': 96.9, 'C': 0.0}",5,99.93,0.0,"{'A': 37, 'B': 54, 'C': 7}",98,439.6,97.4,6.952,"{'A': 0.0, 'B': 1.62, 'C': 0.0}",1.62,89.4,rule,107,high_demand,92.91,5009,3600.3,seen,0,,0.0709
46,"{'A': 0.0, 'B': 0.0, 'C': 0.0}",6,99.93,0.0,"{'A': 25, 'B': 58, 'C': 10}",93,434.0,98.5,6.784,"{'A': 0.0, 'B': 0.0, 'C': 0.0}",0.0,92.6,rule,96,high_demand,89.61,5010,3600.8,seen,0,,0.073
46,"{'A': 0.0, 'B': 72.4, 'C': 81.9}",6,99.93,0.0,"{'A': 35, 'B': 58, 'C': 6}",99,461.3,95.7,7.193,"{'A': 0.0, 'B': 1.21, 'C': 0.23}",1.43,90.1,rule,108,high_demand,93.97,5011,3600.9,seen,0,,0.0727
47,"{'A': 0.0, 'B': 0.0, 'C': 0.0}",5,99.93,0.0,"{'A': 38, 'B': 54, 'C': 9}",101,434.3,95.2,7.036,"{'A': 0.0, 'B': 0.0, 'C': 0.0}",0.0,90.0,rule,110,high_demand,97.48,5012,3600.7,seen,0,,0.0697
46,"{'A': 45.8, 'B': 30.0, 'C': 0.0}",4,99.92,0.0,"{'A': 39, 'B': 59, 'C': 9}",107,477.5,91.5,7.592,"{'A': 0.51, 'B': 0.5, 'C': 0.0}",1.01,91.3,rule,108,high_demand,102.2,5013,3600.4,seen,0,,0.071
47,"{'A': 0.0, 'B': 0.0, 'C': 29.5}",6,99.93,0.0,"{'A': 38, 'B': 57, 'C': 10}",105,456.9,94.9,7.272,"{'A': 0.0, 'B': 0.0, 'C': 0.08}",0.08,93.4,rule,111,high_demand,101.28,5014,3600.4,seen,0,,0.0693
46,"{'A': 0.0, 'B': 0.0, 'C': 0.0}",8,99.93,0.0,"{'A': 38, 'B': 55, 'C': 6}",99,467.9,97.2,7.07,"{'A': 0.0, 'B': 0.0, 'C': 0.0}",0.0,94.5,rule,104,high_demand,95.46,5015,3600.6,seen,0,,0.0714
46,"{'A': 0.0, 'B': 26.3, 'C': 55.1}",5,99.93,0.0,"{'A': 34, 'B': 56, 'C': 9}",99,469.9,93.4,7.434,"{'A': 0.0, 'B': 0.44, 'C': 0.15}",0.59,91.2,rule,109,high_demand,94.69,5016,3601.0,seen,0,,0.0751
47,"{'A': 0.0, 'B': 0.0, 'C': 143.1}",5,99.93,0.0,"{'A': 37, 'B': 54, 'C': 9}",100,464.6,93.6,7.305,"{'A': 0.0, 'B': 0.0, 'C': 0.4}",0.4,91.9,rule,109,high_demand,95.95,5017,3600.2,seen,0,,0.0731
47,"{'A': 0.0, 'B': 51.0, 'C': 0.0}",5,99.93,0.0,"{'A': 36, 'B': 61, 'C': 8}",105,469.0,92.0,7.42,"{'A': 0.0, 'B': 0.85, 'C': 0.0}",0.85,91.2,rule,110,high_demand,100.44,5018,3600.6,seen,0,,0.0707
45,"{'A': 0.0, 'B': 0.0, 'C': 0.0}",7,99.93,0.0,"{'A': 37, 'B': 53, 'C': 8}",98,428.7,99.8,6.734,"{'A': 0.0, 'B': 0.0, 'C': 0.0}",0.0,93.2,rule,107,high_demand,94.63,5019,3600.3,seen,0,,0.0687
45,"{'A': 0.0, 'B': 0.0, 'C': 0.0}",7,99.93,0.0,"{'A': 38, 'B': 53, 'C': 8}",99,434.4,99.0,6.843,"{'A': 0.0, 'B': 0.0, 'C': 0.0}",0.0,93.4,rule,107,high_demand,95.58,5020,3600.9,seen,0,,0.0691
47,"{'A': 0.0, 'B': 0.0, 'C': 0.0}",8,99.93,0.0,"{'A': 38, 'B': 60, 'C': 8}",106,448.3,97.6,6.954,"{'A': 0.0, 'B': 0.0, 'C': 0.0}",0.0,94.6,rule,106,high_demand,102.52,5021,3600.4,seen,0,,0.0656
45,"{'A': 0.0, 'B': 83.7, 'C': 56.2}",5,99.93,0.0,"{'A': 34, 'B': 57, 'C': 9}",100,460.4,93.9,7.315,"{'A': 0.0, 'B': 1.39, 'C': 0.16}",1.55,91.3,rule,106,high_demand,94.79,5022,3600.4,seen,0,,0.0731
46,"{'A': 0.0, 'B': 95.4, 'C': 0.0}",5,99.93,0.0,"{'A': 38, 'B': 55, 'C': 8}",101,472.2,93.4,7.408,"{'A': 0.0, 'B': 1.59, 'C': 0.0}",1.59,91.6,rule,107,high_demand,95.71,5023,3600.8,seen,0,,0.0733
45,"{'A': 0.0, 'B': 69.4, 'C': 101.8}",6,99.93,0.0,"{'A': 37, 'B': 57, 'C': 8}",102,473.0,93.8,7.463,"{'A': 0.0, 'B': 1.16, 'C': 0.28}",1.44,91.0,rule,108,high_demand,96.83,5024,3600.8,seen,0,,0.0732
45,"{'A': 0.0, 'B': 0.0, 'C': 0.0}",7,99.93,0.0,"{'A': 35, 'B': 55, 'C': 8}",98,447.0,97.8,6.928,"{'A': 0.0, 'B': 0.0, 'C': 0.0}",0.0,92.7,rule,108,high_demand,94.54,5025,3600.1,seen,0,,0.0707
44,"{'A': 0.0, 'B': 64.6, 'C': 0.0}",5,99.93,0.0,"{'A': 38, 'B': 52, 'C': 7}",97,458.7,96.2,7.293,"{'A': 0.0, 'B': 1.08, 'C': 0.0}",1.08,89.3,rule,108,high_demand,92.28,5026,3600.2,seen,0,,0.0752
48,"{'A': 0.0, 'B': 0.0, 'C': 0.0}",8,99.94,0.0,"{'A': 21, 'B': 56, 'C': 8}",85,410.0,99.7,6.21,"{'A': 0.0, 'B': 0.0, 'C': 0.0}",0.0,92.7,rule,97,high_demand,81.89,5027,3600.2,seen,0,,0.0731
47,"{'A': 0.0, 'B': 0.0, 'C': 0.0}",6,99.93,0.0,"{'A': 38, 'B': 57, 'C': 8}",103,457.0,93.9,7.18,"{'A': 0.0, 'B': 0.0, 'C': 0.0}",0.0,92.0,rule,107,high_demand,99.41,5028,3600.8,seen,0,,0.0697
47,"{'A': 0.0, 'B': 0.0, 'C': 0.0}",8,99.93,0.0,"{'A': 25, 'B': 60, 'C': 8}",93,438.8,97.3,6.676,"{'A': 0.0, 'B': 0.0, 'C': 0.0}",0.0,94.5,rule,97,high_demand,89.66,5029,3600.0,seen,0,,0.0718
53,"{'A': 0.0, 'B': 0.0, 'C': 0.0}",10,99.95,0.0,"{'A': 18, 'B': 31, 'C': 4}",53,372.5,97.7,5.428,"{'A': 0.0, 'B': 0.0, 'C': 0.0}",0.0,95.9,rule,55,hot_factory,50.29,5000,3600.2,unseen,0,,0.1024
55,"{'A': 0.0, 'B': 0.0, 'C': 0.0}",12,99.95,0.0,"{'A': 18, 'B': 30, 'C': 4}",52,366.6,98.5,5.306,"{'A': 0.0, 'B': 0.0, 'C': 0.0}",0.0,96.9,rule,50,hot_factory,49.35,5001,3601.0,unseen,0,,0.102
53,"{'A': 0.0, 'B': 0.0, 'C': 0.0}",11,99.95,0.0,"{'A': 18, 'B': 29, 'C': 4}",51,374.9,100.0,5.446,"{'A': 0.0, 'B': 0.0, 'C': 0.0}",0.0,95.5,rule,53,hot_factory,48.28,5002,3600.3,unseen,0,,0.1068
54,"{'A': 0.0, 'B': 0.0, 'C': 0.0}",8,99.96,0.0,"{'A': 20, 'B': 21, 'C': 4}",45,295.5,99.3,4.361,"{'A': 0.0, 'B': 0.0, 'C': 0.0}",0.0,96.8,rule,46,hot_factory,42.82,5003,3600.8,unseen,0,,0.0969
52,"{'A': 0.0, 'B': 0.0, 'C': 0.0}",10,99.95,0.0,"{'A': 18, 'B': 29, 'C': 3}",50,361.1,99.9,5.245,"{'A': 0.0, 'B': 0.0, 'C': 0.0}",0.0,95.8,rule,53,hot_factory,47.38,5004,3600.8,unseen,0,,0.1049
51,"{'A': 0.0, 'B': 0.0, 'C': 0.0}",9,99.95,0.0,"{'A': 18, 'B': 28, 'C': 4}",50,372.5,99.4,5.403,"{'A': 0.0, 'B': 0.0, 'C': 0.0}",0.0,95.6,rule,54,hot_factory,47.3,5005,3600.2,unseen,0,,0.1081
53,"{'A': 0.0, 'B': 0.0, 'C': 0.0}",12,99.95,0.0,"{'A': 18, 'B': 30, 'C': 4}",52,377.6,100.0,5.439,"{'A': 0.0, 'B': 0.0, 'C': 0.0}",0.0,96.7,rule,54,hot_factory,49.28,5006,3600.3,unseen,0,,0.1046
51,"{'A': 0.0, 'B': 0.0, 'C': 0.0}",10,99.94,0.0,"{'A': 21, 'B': 29, 'C': 4}",54,378.3,99.0,5.533,"{'A': 0.0, 'B': 0.0, 'C': 0.0}",0.0,96.7,rule,54,hot_factory,51.23,5007,3600.9,unseen,0,,0.1025
49,"{'A': 0.0, 'B': 0.0, 'C': 0.0}",9,99.95,0.0,"{'A': 18, 'B': 31, 'C': 4}",53,372.5,100.0,5.4,"{'A': 0.0, 'B': 0.0, 'C': 0.0}",0.0,96.7,rule,53,hot_factory,50.3,5008,3600.2,unseen,0,,0.1019
52,"{'A': 0.0, 'B': 0.0, 'C': 0.0}",9,99.95,0.0,"{'A': 18, 'B': 25, 'C': 4}",47,362.4,98.4,5.228,"{'A': 0.0, 'B': 0.0, 'C': 0.0}",0.0,96.7,rule,51,hot_factory,44.39,5009,3600.2,unseen,0,,0.1112
54,"{'A': 0.0, 'B': 0.0, 'C': 0.0}",11,99.95,0.0,"{'A': 15, 'B': 28, 'C': 4}",47,355.6,100.0,5.113,"{'A': 0.0, 'B': 0.0, 'C': 0.0}",0.0,96.7,rule,47,hot_factory,44.44,5010,3600.9,unseen,0,,0.1088
53,"{'A': 0.0, 'B': 0.0, 'C': 0.0}",13,99.94,0.0,"{'A': 21, 'B': 29, 'C': 4}",54,410.3,99.0,5.878,"{'A': 0.0, 'B': 0.0, 'C': 0.0}",0.0,96.9,rule,55,hot_factory,51.06,5011,3600.1,unseen,0,,0.1089
50,"{'A': 0.0, 'B': 0.0, 'C': 0.0}",8,99.95,0.0,"{'A': 21, 'B': 28, 'C': 4}",53,341.6,100.0,5.033,"{'A': 0.0, 'B': 0.0, 'C': 0.0}",0.0,96.1,rule,54,hot_factory,50.48,5012,3600.9,unseen,0,,0.095
50,"{'A': 0.0, 'B': 0.0, 'C': 0.0}",7,99.95,0.0,"{'A': 18, 'B': 30, 'C': 4}",52,335.4,98.5,4.964,"{'A': 0.0, 'B': 0.0, 'C': 0.0}",0.0,95.7,rule,53,hot_factory,49.52,5013,3600.9,unseen,0,,0.0955
51,"{'A': 0.0, 'B': 0.0, 'C': 0.0}",9,99.95,0.0,"{'A': 18, 'B': 30, 'C': 4}",52,354.1,100.0,5.152,"{'A': 0.0, 'B': 0.0, 'C': 0.0}",0.0,96.1,rule,53,hot_factory,49.42,5014,3600.9,unseen,0,,0.0991
53,"{'A': 0.0, 'B': 0.0, 'C': 0.0}",10,99.95,0.0,"{'A': 18, 'B': 31, 'C': 2}",51,349.6,100.0,5.009,"{'A': 0.0, 'B': 0.0, 'C': 0.0}",0.0,96.1,rule,52,hot_factory,48.5,5015,3600.4,unseen,0,,0.0982
50,"{'A': 0.0, 'B': 0.0, 'C': 0.0}",8,99.95,0.0,"{'A': 19, 'B': 26, 'C': 4}",49,357.0,99.4,5.258,"{'A': 0.0, 'B': 0.0, 'C': 0.0}",0.0,94.0,rule,52,hot_factory,46.37,5016,3600.4,unseen,0,,0.1073
51,"{'A': 0.0, 'B': 0.0, 'C': 0.0}",8,99.95,0.0,"{'A': 18, 'B': 30, 'C': 4}",52,336.8,100.0,4.983,"{'A': 0.0, 'B': 0.0, 'C': 0.0}",0.0,95.9,rule,54,hot_factory,49.51,5017,3600.5,unseen,0,,0.0958
51,"{'A': 0.0, 'B': 0.0, 'C': 0.0}",8,99.95,0.0,"{'A': 19, 'B': 29, 'C': 5}",53,369.7,96.3,5.452,"{'A': 0.0, 'B': 0.0, 'C': 0.0}",0.0,95.7,rule,54,hot_factory,50.27,5018,3600.8,unseen,0,,0.1029
50,"{'A': 0.0, 'B': 0.0, 'C': 0.0}",8,99.95,0.0,"{'A': 18, 'B': 29, 'C': 4}",51,349.2,99.5,5.119,"{'A': 0.0, 'B': 0.0, 'C': 0.0}",0.0,96.7,rule,53,hot_factory,48.44,5019,3600.4,unseen,0,,0.1004
55,"{'A': 0.0, 'B': 0.0, 'C': 0.0}",13,99.95,0.0,"{'A': 18, 'B': 30, 'C': 4}",52,376.7,100.0,5.446,"{'A': 0.0, 'B': 0.0, 'C': 0.0}",0.0,96.9,rule,52,hot_factory,49.28,5020,3600.8,unseen,0,,0.1047
52,"{'A': 0.0, 'B': 0.0, 'C': 0.0}",9,99.95,0.0,"{'A': 18, 'B': 30, 'C': 4}",52,344.9,100.0,5.082,"{'A': 0.0, 'B': 0.0, 'C': 0.0}",0.0,96.1,rule,55,hot_factory,49.46,5021,3600.3,unseen,0,,0.0977
49,"{'A': 0.0, 'B': 0.0, 'C': 0.0}",8,99.95,0.0,"{'A': 19, 'B': 30, 'C': 4}",53,368.3,99.5,5.331,"{'A': 0.0, 'B': 0.0, 'C': 0.0}",0.0,95.6,rule,54,hot_factory,50.33,5022,3600.3,unseen,0,,0.1006
54,"{'A': 0.0, 'B': 0.0, 'C': 0.0}",13,99.94,0.0,"{'A': 19, 'B': 32, 'C': 4}",55,394.0,98.4,5.64,"{'A': 0.0, 'B': 0.0, 'C': 0.0}",0.0,96.9,rule,55,hot_factory,52.18,5023,3600.4,unseen,0,,0.1025
54,"{'A': 0.0, 'B': 0.0, 'C': 0.0}",12,99.95,0.0,"{'A': 18, 'B': 29, 'C': 4}",51,370.5,100.0,5.366,"{'A': 0.0, 'B': 0.0, 'C': 0.0}",0.0,96.7,rule,54,hot_factory,48.32,5024,3600.1,unseen,0,,0.1052
54,"{'A': 0.0, 'B': 0.0, 'C': 0.0}",11,99.94,0.0,"{'A': 21, 'B': 29, 'C': 4}",54,374.2,98.5,5.535,"{'A': 0.0, 'B': 0.0, 'C': 0.0}",0.0,96.1,rule,55,hot_factory,51.23,5025,3600.4,unseen,0,,0.1025
53,"{'A': 0.0, 'B': 0.0, 'C': 0.0}",10,99.95,0.0,"{'A': 21, 'B': 30, 'C': 4}",55,372.8,99.0,5.456,"{'A': 0.0, 'B': 0.0, 'C': 0.0}",0.0,95.6,rule,56,hot_factory,52.27,5026,3601.0,unseen,0,,0.0992
54,"{'A': 0.0, 'B': 0.0, 'C': 0.0}",9,99.95,0.0,"{'A': 12, 'B': 30, 'C': 4}",46,312.2,100.0,4.566,"{'A': 0.0, 'B': 0.0, 'C': 0.0}",0.0,96.2,rule,49,hot_factory,43.72,5027,3600.4,unseen,0,,0.0993
53,"{'A': 0.0, 'B': 0.0, 'C': 0.0}",9,99.95,0.0,"{'A': 21, 'B': 31, 'C': 4}",56,352.8,98.9,5.278,"{'A': 0.0, 'B': 0.0, 'C': 0.0}",0.0,96.2,rule,54,hot_factory,53.36,5028,3600.5,unseen,0,,0.0942
54,"{'A': 0.0, 'B': 0.0, 'C': 0.0}",10,99.95,0.0,"{'A': 12, 'B': 29, 'C': 4}",45,332.4,99.5,4.718,"{'A': 0.0, 'B': 0.0, 'C': 0.0}",0.0,96.7,rule,49,hot_factory,42.64,5029,3600.4,unseen,0,,0.1048
11,"{'A': 1870.2, 'B': 2146.1, 'C': 2012.1}",1,99.98,0.0,"{'A': 12, 'B': 9, 'C': 3}",24,113.5,94.5,1.846,"{'A': 10.39, 'B': 17.88, 'C': 2.79}",31.07,27.1,rule,24,low_battery_start,-7.99,5000,3600.9,seen,0,,0.0769
11,"{'A': 1952.6, 'B': 2073.4, 'C': 1909.2}",1,99.98,0.0,"{'A': 12, 'B': 9, 'C': 3}",24,113.5,94.5,1.846,"{'A': 10.85, 'B': 17.28, 'C': 2.65}",30.78,27.1,rule,23,low_battery_start,-7.7,5001,3600.9,seen,0,,0.0769
11,"{'A': 1869.6, 'B': 2091.1, 'C': 2020.4}",1,99.98,0.0,"{'A': 12, 'B': 9, 'C': 3}",24,113.5,94.5,1.846,"{'A': 10.39, 'B': 17.43, 'C': 2.81}",30.62,27.1,rule,23,low_battery_start,-7.54,5002,3600.9,seen,0,,0.0769
11,"{'A': 1662.2, 'B': 1078.8, 'C': 2164.5}",1,99.98,0.0,"{'A': 12, 'B': 9, 'C': 3}",24,113.5,94.5,1.846,"{'A': 9.23, 'B': 8.99, 'C': 3.01}",21.23,27.1,rule,23,low_battery_start,1.85,5003,3600.9,seen,0,,0.0769
11,"{'A': 1911.2, 'B': 1898.2, 'C': 1445.7}",1,99.98,0.0,"{'A': 12, 'B': 9, 'C': 3}",24,113.5,94.5,1.846,"{'A': 10.62, 'B': 15.82, 'C': 2.01}",28.44,27.1,rule,23,low_battery_start,-5.37,5004,3600.9,seen,0,,0.0769
11,"{'A': 1838.2, 'B': 2211.7, 'C': 1674.4}",1,99.98,0.0,"{'A': 12, 'B': 8, 'C': 3}",23,113.9,94.5,1.845,"{'A': 10.21, 'B': 18.43, 'C': 2.33}",30.97,27.1,rule,22,low_battery_start,-8.89,5005,3600.9,seen,0,,0.0802
11,"{'A': 1867.0, 'B': 2083.9, 'C': 2047.1}",1,99.98,0.0,"{'A': 12, 'B': 9, 'C': 3}",24,113.5,94.5,1.846,"{'A': 10.37, 'B': 17.37, 'C': 2.84}",30.58,27.1,rule,23,low_battery_start,-7.5,5006,3600.9,seen,0,,0.0769
11,"{'A': 1815.5, 'B': 2094.2, 'C': 2077.3}",1,99.98,0.0,"{'A': 12, 'B': 8, 'C': 3}",23,113.9,94.5,1.845,"{'A': 10.09, 'B': 17.45, 'C': 2.89}",30.42,27.1,rule,22,low_battery_start,-8.34,5007,3600.9,seen,0,,0.0802
11,"{'A': 1978.1, 'B': 2136.8, 'C': 1972.8}",1,99.98,0.0,"{'A': 12, 'B': 8, 'C': 3}",23,113.9,94.5,1.845,"{'A': 10.99, 'B': 17.81, 'C': 2.74}",31.54,27.1,rule,24,low_battery_start,-9.46,5008,3600.9,seen,0,,0.0802
11,"{'A': 1894.7, 'B': 2194.5, 'C': 2048.4}",1,99.98,0.0,"{'A': 12, 'B': 8, 'C': 3}",23,113.9,94.5,1.845,"{'A': 10.53, 'B': 18.29, 'C': 2.84}",31.66,27.1,rule,22,low_battery_start,-9.58,5009,3600.9,seen,0,,0.0802
11,"{'A': 1195.0, 'B': 2032.5, 'C': 2118.7}",1,99.98,0.0,"{'A': 12, 'B': 9, 'C': 3}",24,113.2,94.5,1.844,"{'A': 6.64, 'B': 16.94, 'C': 2.94}",26.52,27.1,rule,22,low_battery_start,-3.44,5010,3600.2,seen,0,,0.0768
11,"{'A': 1833.5, 'B': 2072.9, 'C': 1980.4}",1,99.98,0.0,"{'A': 12, 'B': 9, 'C': 3}",24,113.5,94.5,1.846,"{'A': 10.19, 'B': 17.27, 'C': 2.75}",30.21,27.1,rule,24,low_battery_start,-7.13,5011,3600.9,seen,0,,0.0769
11,"{'A': 1937.5, 'B': 2081.6, 'C': 2269.0}",1,99.98,0.0,"{'A': 12, 'B': 8, 'C': 3}",23,113.9,94.5,1.845,"{'A': 10.76, 'B': 17.35, 'C': 3.15}",31.26,27.1,rule,23,low_battery_start,-9.18,5012,3600.9,seen,0,,0.0802
11,"{'A': 1807.8, 'B': 1917.1, 'C': 2102.8}",1,99.98,0.0,"{'A': 12, 'B': 9, 'C': 3}",24,113.5,94.5,1.846,"{'A': 10.04, 'B': 15.98, 'C': 2.92}",28.94,27.1,rule,24,low_battery_start,-5.86,5013,3600.9,seen,0,,0.0769
11,"{'A': 2002.4, 'B': 2068.8, 'C': 1930.1}",1,99.98,0.0,"{'A': 12, 'B': 9, 'C': 3}",24,113.5,94.5,1.846,"{'A': 11.12, 'B': 17.24, 'C': 2.68}",31.05,27.1,rule,23,low_battery_start,-7.97,5014,3600.9,seen,0,,0.0769
11,"{'A': 1890.9, 'B': 2039.2, 'C': 845.0}",1,99.98,0.0,"{'A': 12, 'B': 9, 'C': 3}",24,113.5,94.5,1.846,"{'A': 10.51, 'B': 16.99, 'C': 1.17}",28.67,27.1,rule,24,low_battery_start,-5.6,5015,3600.9,seen,0,,0.0769
11,"{'A': 1803.6, 'B': 2102.6, 'C': 2163.8}",1,99.98,0.0,"{'A': 12, 'B': 9, 'C': 3}",24,113.5,94.5,1.846,"{'A': 10.02, 'B': 17.52, 'C': 3.01}",30.55,27.1,rule,24,low_battery_start,-7.47,5016,3600.9,seen,0,,0.0769
11,"{'A': 1871.8, 'B': 2108.9, 'C': 2142.5}",1,99.98,0.0,"{'A': 12, 'B': 8, 'C': 3}",23,113.9,94.5,1.845,"{'A': 10.4, 'B': 17.57, 'C': 2.98}",30.95,27.1,rule,22,low_battery_start,-8.87,5017,3600.9,seen,0,,0.0802
11,"{'A': 1856.6, 'B': 2129.4, 'C': 2013.0}",1,99.98,0.0,"{'A': 12, 'B': 8, 'C': 3}",23,113.9,94.5,1.845,"{'A': 10.31, 'B': 17.75, 'C': 2.8}",30.86,27.1,rule,22,low_battery_start,-8.78,5018,3600.9,seen,0,,0.0802
11,"{'A': 1795.4, 'B': 2081.7, 'C': 1793.5}",1,99.98,0.0,"{'A': 12, 'B': 8, 'C': 3}",23,113.9,94.5,1.845,"{'A': 9.97, 'B': 17.35, 'C': 2.49}",29.81,27.1,rule,22,low_battery_start,-7.74,5019,3600.9,seen,0,,0.0802
11,"{'A': 1712.4, 'B': 2134.8, 'C': 1744.3}",1,99.98,0.0,"{'A': 12, 'B': 9, 'C': 3}",24,113.5,94.5,1.846,"{'A': 9.51, 'B': 17.79, 'C': 2.42}",29.73,27.1,rule,24,low_battery_start,-6.65,5020,3600.9,seen,0,,0.0769
11,"{'A': 1878.2, 'B': 2059.6, 'C': 2215.2}",1,99.98,0.0,"{'A': 12, 'B': 9, 'C': 3}",24,113.5,94.5,1.846,"{'A': 10.43, 'B': 17.16, 'C': 3.08}",30.67,27.1,rule,23,low_battery_start,-7.6,5021,3600.9,seen,0,,0.0769
11,"{'A': 1921.7, 'B': 1959.5, 'C': 2185.5}",1,99.98,0.0,"{'A': 12, 'B': 9, 'C': 3}",24,113.5,94.5,1.846,"{'A': 10.68, 'B': 16.33, 'C': 3.04}",30.04,27.1,rule,24,low_battery_start,-6.96,5022,3600.9,seen,0,,0.0769
11,"{'A': 1825.3, 'B': 2071.0, 'C': 2087.1}",1,99.98,0.0,"{'A': 12, 'B': 9, 'C': 3}",24,113.5,94.5,1.846,"{'A': 10.14, 'B': 17.26, 'C': 2.9}",30.3,27.1,rule,24,low_battery_start,-7.22,5023,3600.9,seen,0,,0.0769
11,"{'A': 1928.7, 'B': 2060.2, 'C': 1831.5}",1,99.98,0.0,"{'A': 12, 'B': 9, 'C': 3}",24,113.5,94.5,1.846,"{'A': 10.71, 'B': 17.17, 'C': 2.54}",30.43,27.1,rule,24,low_battery_start,-7.35,5024,3600.9,seen,0,,0.0769
11,"{'A': 1789.5, 'B': 2260.5, 'C': 2318.4}",1,99.98,0.0,"{'A': 12, 'B': 8, 'C': 3}",23,113.9,94.5,1.845,"{'A': 9.94, 'B': 18.84, 'C': 3.22}",32.0,27.1,rule,23,low_battery_start,-9.92,5025,3600.9,seen,0,,0.0802
11,"{'A': 1956.5, 'B': 2032.8, 'C': 2264.8}",1,99.98,0.0,"{'A': 12, 'B': 9, 'C': 3}",24,113.5,94.5,1.846,"{'A': 10.87, 'B': 16.94, 'C': 3.15}",30.96,27.1,rule,23,low_battery_start,-7.88,5026,3600.9,seen,0,,0.0769
11,"{'A': 594.3, 'B': 2173.6, 'C': 2103.0}",1,99.98,0.0,"{'A': 12, 'B': 8, 'C': 3}",23,113.9,94.5,1.845,"{'A': 3.3, 'B': 18.11, 'C': 2.92}",24.34,27.1,rule,23,low_battery_start,-2.26,5027,3600.9,seen,0,,0.0802
11,"{'A': 1976.0, 'B': 2215.7, 'C': 1807.0}",1,99.98,0.0,"{'A': 12, 'B': 8, 'C': 3}",23,113.9,94.5,1.845,"{'A': 10.98, 'B': 18.46, 'C': 2.51}",31.95,27.1,rule,22,low_battery_start,-9.87,5028,3600.9,seen,0,,0.0802
11,"{'A': 744.5, 'B': 2044.2, 'C': 2034.7}",1,99.98,0.0,"{'A': 12, 'B': 9, 'C': 3}",24,113.5,94.5,1.846,"{'A': 4.14, 'B': 17.04, 'C': 2.83}",24.0,27.1,rule,23,low_battery_start,-0.92,5029,3600.9,seen,0,,0.0769
50,"{'A': 0.0, 'B': 0.0, 'C': 0.0}",11,99.94,0.0,"{'A': 18, 'B': 58, 'C': 4}",80,422.5,100.0,6.09,"{'A': 0.0, 'B': 0.0, 'C': 0.0}",0.0,96.0,rule,83,one_hot_section,76.95,5000,3600.4,seen,0,,0.0761
50,"{'A': 0.0, 'B': 0.0, 'C': 0.0}",10,99.94,0.0,"{'A': 19, 'B': 58, 'C': 4}",81,446.2,95.5,6.484,"{'A': 0.0, 'B': 0.0, 'C': 0.0}",0.0,95.5,rule,84,one_hot_section,77.76,5001,3600.1,seen,0,,0.08
50,"{'A': 0.0, 'B': 0.0, 'C': 0.0}",10,99.94,0.0,"{'A': 18, 'B': 58, 'C': 4}",80,426.9,99.4,6.227,"{'A': 0.0, 'B': 0.0, 'C': 0.0}",0.0,96.1,rule,84,one_hot_section,76.89,5002,3600.6,seen,0,,0.0778
53,"{'A': 0.0, 'B': 0.0, 'C': 0.0}",9,99.95,0.0,"{'A': 20, 'B': 42, 'C': 4}",66,354.2,98.1,5.163,"{'A': 0.0, 'B': 0.0, 'C': 0.0}",0.0,96.0,rule,69,one_hot_section,63.42,5003,3600.3,seen,0,,0.0782
50,"{'A': 0.0, 'B': 0.0, 'C': 0.0}",10,99.94,0.0,"{'A': 19, 'B': 56, 'C': 3}",78,423.8,99.4,6.089,"{'A': 0.0, 'B': 0.0, 'C': 0.0}",0.0,96.0,rule,82,one_hot_section,74.96,5004,3600.6,seen,0,,0.0781
50,"{'A': 0.0, 'B': 0.0, 'C': 0.0}",10,99.94,0.0,"{'A': 18, 'B': 59, 'C': 4}",81,414.5,100.0,6.054,"{'A': 0.0, 'B': 0.0, 'C': 0.0}",0.0,96.0,rule,83,one_hot_section,77.97,5005,3600.9,seen,0,,0.0747
50,"{'A': 0.0, 'B': 0.0, 'C': 0.0}",10,99.94,0.0,"{'A': 19, 'B': 55, 'C': 4}",78,417.6,99.9,6.07,"{'A': 0.0, 'B': 0.0, 'C': 0.0}",0.0,96.0,rule,83,one_hot_section,74.97,5006,3600.9,seen,0,,0.0778
48,"{'A': 0.0, 'B': 0.0, 'C': 0.0}",9,99.94,0.0,"{'A': 21, 'B': 61, 'C': 4}",86,443.4,97.5,6.496,"{'A': 0.0, 'B': 0.0, 'C': 0.0}",0.0,94.5,rule,86,one_hot_section,82.75,5007,3600.9,seen,0,,0.0755
49,"{'A': 0.0, 'B': 0.0, 'C': 0.0}",11,99.93,0.0,"{'A': 21, 'B': 60, 'C': 4}",85,457.5,96.9,6.658,"{'A': 0.0, 'B': 0.0, 'C': 0.0}",0.0,96.0,rule,85,one_hot_section,81.67,5008,3600.2,seen,0,,0.0783
49,"{'A': 0.0, 'B': 0.0, 'C': 0.0}",9,99.94,0.0,"{'A': 18, 'B': 60, 'C': 4}",82,437.2,98.5,6.358,"{'A': 0.0, 'B': 0.0, 'C': 0.0}",0.0,94.6,rule,82,one_hot_section,78.82,5009,3600.1,seen,0,,0.0775
49,"{'A': 0.0, 'B': 0.0, 'C': 0.0}",9,99.94,0.0,"{'A': 18, 'B': 61, 'C': 4}",83,438.9,98.8,6.335,"{'A': 0.0, 'B': 0.0, 'C': 0.0}",0.0,94.2,rule,83,one_hot_section,79.83,5010,3600.4,seen,0,,0.0763
50,"{'A': 0.0, 'B': 0.0, 'C': 0.0}",10,99.94,0.0,"{'A': 18, 'B': 59, 'C': 4}",81,429.1,98.3,6.257,"{'A': 0.0, 'B': 0.0, 'C': 0.0}",0.0,94.7,rule,82,one_hot_section,77.87,5011,3600.3,seen,0,,0.0772
50,"{'A': 0.0, 'B': 0.0, 'C': 0.0}",10,99.94,0.0,"{'A': 18, 'B': 59, 'C': 4}",81,427.2,98.8,6.169,"{'A': 0.0, 'B': 0.0, 'C': 0.0}",0.0,96.0,rule,81,one_hot_section,77.92,5012,3600.5,seen,0,,0.0762
48,"{'A': 0.0, 'B': 0.0, 'C': 0.0}",8,99.94,0.0,"{'A': 18, 'B': 57, 'C': 4}",79,437.4,99.4,6.385,"{'A': 0.0, 'B': 0.0, 'C': 0.0}",0.0,94.2,rule,83,one_hot_section,75.81,5013,3600.6,seen,0,,0.0808
50,"{'A': 0.0, 'B': 0.0, 'C': 0.0}",11,99.94,0.0,"{'A': 18, 'B': 58, 'C': 4}",80,431.3,100.0,6.274,"{'A': 0.0, 'B': 0.0, 'C': 0.0}",0.0,96.4,rule,83,one_hot_section,76.86,5014,3600.8,seen,0,,0.0784
50,"{'A': 0.0, 'B': 0.0, 'C': 0.0}",10,99.94,0.0,"{'A': 18, 'B': 55, 'C': 2}",75,413.8,99.5,5.89,"{'A': 0.0, 'B': 0.0, 'C': 0.0}",0.0,96.0,rule,80,one_hot_section,72.06,5015,3600.0,seen,0,,0.0785
48,"{'A': 0.0, 'B': 0.0, 'C': 0.0}",9,99.94,0.0,"{'A': 18, 'B': 60, 'C': 4}",82,441.8,98.5,6.461,"{'A': 0.0, 'B': 0.0, 'C': 0.0}",0.0,94.1,rule,84,one_hot_section,78.77,5016,3600.8,seen,0,,0.0788
50,"{'A': 0.0, 'B': 0.0, 'C': 0.0}",10,99.94,0.0,"{'A': 19, 'B': 58, 'C': 4}",81,426.4,99.9,6.268,"{'A': 0.0, 'B': 0.0, 'C': 0.0}",0.0,94.5,rule,84,one_hot_section,77.87,5017,3600.3,seen,0,,0.0774
49,"{'A': 0.0, 'B': 0.0, 'C': 0.0}",11,99.94,0.0,"{'A': 18, 'B': 57, 'C': 4}",79,435.2,99.1,6.315,"{'A': 0.0, 'B': 0.0, 'C': 0.0}",0.0,96.8,rule,83,one_hot_section,75.84,5018,3600.9,seen,0,,0.0799
50,"{'A': 0.0, 'B': 0.0, 'C': 0.0}",9,99.94,0.0,"{'A': 19, 'B': 58, 'C': 4}",81,418.3,97.1,6.196,"{'A': 0.0, 'B': 0.0, 'C': 0.0}",0.0,94.6,rule,83,one_hot_section,77.9,5019,3600.7,seen,0,,0.0765
48,"{'A': 0.0, 'B': 0.0, 'C': 0.0}",10,99.94,0.0,"{'A': 19, 'B': 56, 'C': 4}",79,435.0,98.1,6.383,"{'A': 0.0, 'B': 0.0, 'C': 0.0}",0.0,94.1,rule,82,one_hot_section,75.81,5020,3600.5,seen,0,,0.0808
48,"{'A': 0.0, 'B': 0.0, 'C': 0.0}",10,99.94,0.0,"{'A': 21, 'B': 55, 'C': 4}",80,430.5,99.7,6.255,"{'A': 0.0, 'B': 0.0, 'C': 0.0}",0.0,96.7,rule,85,one_hot_section,76.87,5021,3600.9,seen,0,,0.0782
51,"{'A': 0.0, 'B': 0.0, 'C': 0.0}",11,99.94,0.0,"{'A': 19, 'B': 56, 'C': 4}",79,420.6,99.0,6.05,"{'A': 0.0, 'B': 0.0, 'C': 0.0}",0.0,96.1,rule,81,one_hot_section,75.97,5022,3600.3,seen,0,,0.0766
49,"{'A': 0.0, 'B': 0.0, 'C': 0.0}",9,99.94,0.0,"{'A': 18, 'B': 57, 'C': 4}",79,401.9,100.0,5.86,"{'A': 0.0, 'B': 0.0, 'C': 0.0}",0.0,94.7,rule,82,one_hot_section,76.07,5023,3600.4,seen,0,,0.0742
50,"{'A': 0.0, 'B': 0.0, 'C': 0.0}",10,99.93,0.0,"{'A': 18, 'B': 61, 'C': 4}",83,446.8,96.0,6.522,"{'A': 0.0, 'B': 0.0, 'C': 0.0}",0.0,93.2,rule,85,one_hot_section,79.74,5024,3600.7,seen,0,,0.0786
49,"{'A': 0.0, 'B': 0.0, 'C': 0.0}",10,99.94,0.0,"{'A': 17, 'B': 57, 'C': 3}",77,445.0,98.6,6.458,"{'A': 0.0, 'B': 0.0, 'C': 0.0}",0.0,96.0,rule,83,one_hot_section,73.77,5025,3600.9,seen,0,,0.0839
50,"{'A': 0.0, 'B': 0.0, 'C': 0.0}",11,99.94,0.0,"{'A': 18, 'B': 59, 'C': 4}",81,447.4,99.7,6.481,"{'A': 0.0, 'B': 0.0, 'C': 0.0}",0.0,96.0,rule,84,one_hot_section,77.76,5026,3600.2,seen,0,,0.08
50,"{'A': 0.0, 'B': 0.0, 'C': 0.0}",10,99.94,0.0,"{'A': 12, 'B': 58, 'C': 4}",74,405.1,99.7,5.792,"{'A': 0.0, 'B': 0.0, 'C': 0.0}",0.0,94.6,rule,77,one_hot_section,71.1,5027,3600.7,seen,0,,0.0783
49,"{'A': 0.0, 'B': 0.0, 'C': 0.0}",9,99.94,0.0,"{'A': 21, 'B': 61, 'C': 4}",86,435.5,98.2,6.359,"{'A': 0.0, 'B': 0.0, 'C': 0.0}",0.0,94.3,rule,83,one_hot_section,82.82,5028,3600.7,seen,0,,0.0739
50,"{'A': 0.0, 'B': 0.0, 'C': 0.0}",11,99.94,0.0,"{'A': 12, 'B': 60, 'C': 4}",76,410.3,99.9,5.844,"{'A': 0.0, 'B': 0.0, 'C': 0.0}",0.0,95.9,rule,79,one_hot_section,73.08,5029,3600.9,seen,0,,0.0769
58,"{'A': 0.0, 'B': 0.0, 'C': 0.0}",9,99.97,0.0,"{'A': 18, 'B': 10, 'C': 4}",32,239.3,100.0,3.399,"{'A': 0.0, 'B': 0.0, 'C': 0.0}",0.0,97.2,rule,31,section_breakdown,30.3,5000,3600.6,unseen,0,,0.1062
57,"{'A': 0.0, 'B': 0.0, 'C': 0.0}",8,99.97,0.0,"{'A': 18, 'B': 9, 'C': 4}",31,227.3,100.0,3.267,"{'A': 0.0, 'B': 0.0, 'C': 0.0}",0.0,97.2,rule,32,section_breakdown,29.37,5001,3600.8,unseen,0,,0.1054
56,"{'A': 0.0, 'B': 0.0, 'C': 0.0}",6,99.97,0.0,"{'A': 18, 'B': 8, 'C': 4}",30,228.4,99.7,3.306,"{'A': 0.0, 'B': 0.0, 'C': 0.0}",0.0,95.7,rule,33,section_breakdown,28.35,5002,3600.7,unseen,0,,0.1102
55,"{'A': 0.0, 'B': 0.0, 'C': 0.0}",8,99.96,0.0,"{'A': 18, 'B': 13, 'C': 5}",36,265.6,100.0,3.848,"{'A': 0.0, 'B': 0.0, 'C': 0.0}",0.0,96.0,rule,37,section_breakdown,34.08,5003,3600.9,unseen,0,,0.1069
56,"{'A': 0.0, 'B': 0.0, 'C': 0.0}",8,99.96,0.0,"{'A': 21, 'B': 12, 'C': 2}",35,261.1,98.8,3.693,"{'A': 0.0, 'B': 0.0, 'C': 0.0}",0.0,96.8,rule,33,section_breakdown,33.15,5004,3600.4,unseen,0,,0.1055
56,"{'A': 0.0, 'B': 0.0, 'C': 0.0}",8,99.96,0.0,"{'A': 21, 'B': 16, 'C': 2}",39,275.9,98.8,3.902,"{'A': 0.0, 'B': 0.0, 'C': 0.0}",0.0,97.0,rule,40,section_breakdown,37.05,5005,3600.5,unseen,0,,0.1
56,"{'A': 0.0, 'B': 0.0, 'C': 0.0}",10,99.96,0.0,"{'A': 21, 'B': 18, 'C': 4}",43,315.3,98.7,4.446,"{'A': 0.0, 'B': 0.0, 'C': 0.0}",0.0,97.0,rule,42,section_breakdown,40.78,5006,3600.5,unseen,0,,0.1034
58,"{'A': 0.0, 'B': 0.0, 'C': 0.0}",8,99.96,0.0,"{'A': 18, 'B': 19, 'C': 4}",41,284.7,95.1,4.175,"{'A': 0.0, 'B': 0.0, 'C': 0.0}",0.0,95.0,rule,40,section_breakdown,38.91,5007,3600.9,unseen,0,,0.1018
56,"{'A': 0.0, 'B': 0.0, 'C': 0.0}",9,99.96,0.0,"{'A': 21, 'B': 12, 'C': 4}",37,272.0,100.0,3.914,"{'A': 0.0, 'B': 0.0, 'C': 0.0}",0.0,97.0,rule,37,section_breakdown,35.04,5008,3600.4,unseen,0,,0.1058
56,"{'A': 0.0, 'B': 0.0, 'C': 0.0}",9,99.96,0.0,"{'A': 18, 'B': 13, 'C': 4}",35,265.0,100.0,3.772,"{'A': 0.0, 'B': 0.0, 'C': 0.0}",0.0,97.1,rule,35,section_breakdown,33.11,5009,3600.4,unseen,0,,0.1078
58,"{'A': 0.0, 'B': 0.0, 'C': 0.0}",6,99.97,0.0,"{'A': 15, 'B': 5, 'C': 4}",24,179.7,100.0,2.621,"{'A': 0.0, 'B': 0.0, 'C': 0.0}",0.0,97.1,rule,25,section_breakdown,22.69,5010,3600.9,unseen,0,,0.1092
56,"{'A': 0.0, 'B': 0.0, 'C': 0.0}",7,99.96,0.0,"{'A': 18, 'B': 13, 'C': 4}",35,245.6,100.0,3.574,"{'A': 0.0, 'B': 0.0, 'C': 0.0}",0.0,96.1,rule,36,section_breakdown,33.21,5011,3600.8,unseen,0,,0.1021
59,"{'A': 0.0, 'B': 0.0, 'C': 0.0}",9,99.97,0.0,"{'A': 18, 'B': 8, 'C': 4}",30,235.0,98.4,3.349,"{'A': 0.0, 'B': 0.0, 'C': 0.0}",0.0,97.2,rule,31,section_breakdown,28.33,5012,3600.5,unseen,0,,0.1116
56,"{'A': 0.0, 'B': 0.0, 'C': 0.0}",8,99.96,0.0,"{'A': 21, 'B': 12, 'C': 4}",37,275.2,98.9,3.927,"{'A': 0.0, 'B': 0.0, 'C': 0.0}",0.0,97.0,rule,34,section_breakdown,35.04,5013,3600.6,unseen,0,,0.1061
56,"{'A': 0.0, 'B': 0.0, 'C': 0.0}",8,99.96,0.0,"{'A': 19, 'B': 13, 'C': 4}",36,248.4,100.0,3.6,"{'A': 0.0, 'B': 0.0, 'C': 0.0}",0.0,96.0,rule,36,section_breakdown,34.2,5014,3600.9,unseen,0,,0.1
56,"{'A': 0.0, 'B': 0.0, 'C': 0.0}",7,99.97,0.0,"{'A': 18, 'B': 12, 'C': 2}",32,238.9,100.0,3.385,"{'A': 0.0, 'B': 0.0, 'C': 0.0}",0.0,96.8,rule,34,section_breakdown,30.31,5015,3600.6,unseen,0,,0.1058
53,"{'A': 0.0, 'B': 0.0, 'C': 0.0}",7,99.96,0.0,"{'A': 18, 'B': 17, 'C': 4}",39,297.8,100.0,4.366,"{'A': 0.0, 'B': 0.0, 'C': 0.0}",0.0,94.2,rule,40,section_breakdown,36.82,5016,3600.5,unseen,0,,0.1119
59,"{'A': 0.0, 'B': 0.0, 'C': 0.0}",8,99.97,0.0,"{'A': 18, 'B': 4, 'C': 4}",26,208.8,100.0,2.986,"{'A': 0.0, 'B': 0.0, 'C': 0.0}",0.0,97.2,rule,28,section_breakdown,24.51,5017,3600.3,unseen,0,,0.1149
55,"{'A': 0.0, 'B': 0.0, 'C': 0.0}",9,99.96,0.0,"{'A': 18, 'B': 17, 'C': 4}",39,294.5,99.4,4.211,"{'A': 0.0, 'B': 0.0, 'C': 0.0}",0.0,97.1,rule,41,section_breakdown,36.89,5018,3600.1,unseen,0,,0.108
57,"{'A': 0.0, 'B': 0.0, 'C': 0.0}",9,99.96,0.0,"{'A': 21, 'B': 8, 'C': 4}",33,265.2,100.0,3.751,"{'A': 0.0, 'B': 0.0, 'C': 0.0}",0.0,96.8,rule,33,section_breakdown,31.12,5019,3600.1,unseen,0,,0.1137
58,"{'A': 0.0, 'B': 0.0, 'C': 0.0}",9,99.96,0.0,"{'A': 18, 'B': 13, 'C': 4}",35,265.7,97.4,3.763,"{'A': 0.0, 'B': 0.0, 'C': 0.0}",0.0,95.8,rule,33,section_breakdown,33.12,5020,3600.3,unseen,0,,0.1075
56,"{'A': 0.0, 'B': 0.0, 'C': 0.0}",10,99.96,0.0,"{'A': 18, 'B': 20, 'C': 4}",42,312.1,99.6,4.389,"{'A': 0.0, 'B': 0.0, 'C': 0.0}",0.0,97.0,rule,46,section_breakdown,39.81,5021,3600.3,unseen,0,,0.1045
52,"{'A': 0.0, 'B': 0.0, 'C': 0.0}",6,99.96,0.0,"{'A': 18, 'B': 20, 'C': 4}",42,275.8,99.5,4.13,"{'A': 0.0, 'B': 0.0, 'C': 0.0}",0.0,94.2,rule,45,section_breakdown,39.94,5022,3600.2,unseen,0,,0.0983
58,"{'A': 0.0, 'B': 0.0, 'C': 0.0}",8,99.96,0.0,"{'A': 18, 'B': 13, 'C': 4}",35,247.2,99.0,3.52,"{'A': 0.0, 'B': 0.0, 'C': 0.0}",0.0,97.1,rule,35,section_breakdown,33.24,5023,3600.8,unseen,0,,0.1006
56,"{'A': 0.0, 'B': 0.0, 'C': 0.0}",8,99.96,0.0,"{'A': 18, 'B': 12, 'C': 4}",34,261.6,100.0,3.719,"{'A': 0.0, 'B': 0.0, 'C': 0.0}",0.0,96.8,rule,35,section_breakdown,32.14,5024,3600.7,unseen,0,,0.1094
57,"{'A': 0.0, 'B': 0.0, 'C': 0.0}",7,99.96,0.0,"{'A': 18, 'B': 13, 'C': 4}",35,239.7,99.3,3.555,"{'A': 0.0, 'B': 0.0, 'C': 0.0}",0.0,96.6,rule,40,section_breakdown,33.22,5025,3600.7,unseen,0,,0.1016
56,"{'A': 0.0, 'B': 0.0, 'C': 0.0}",8,99.96,0.0,"{'A': 18, 'B': 18, 'C': 4}",40,261.0,98.9,3.818,"{'A': 0.0, 'B': 0.0, 'C': 0.0}",0.0,97.0,rule,40,section_breakdown,38.09,5026,3600.3,unseen,0,,0.0955
56,"{'A': 0.0, 'B': 0.0, 'C': 0.0}",4,99.97,0.0,"{'A': 12, 'B': 8, 'C': 4}",24,172.0,100.0,2.547,"{'A': 0.0, 'B': 0.0, 'C': 0.0}",0.0,95.7,rule,23,section_breakdown,22.73,5027,3601.0,unseen,0,,0.1061
53,"{'A': 0.0, 'B': 0.0, 'C': 0.0}",7,99.96,0.0,"{'A': 18, 'B': 17, 'C': 4}",39,289.8,99.4,4.271,"{'A': 0.0, 'B': 0.0, 'C': 0.0}",0.0,94.2,rule,42,section_breakdown,36.86,5028,3600.1,unseen,0,,0.1095
57,"{'A': 0.0, 'B': 0.0, 'C': 0.0}",5,99.97,0.0,"{'A': 12, 'B': 8, 'C': 4}",24,202.9,98.2,2.862,"{'A': 0.0, 'B': 0.0, 'C': 0.0}",0.0,96.2,rule,29,section_breakdown,22.57,5029,3600.4,unseen,0,,0.1193
48,"{'A': 0.0, 'B': 16.4, 'C': 287.0}",9,99.93,0.0,"{'A': 18, 'B': 30, 'C': 4}",52,468.1,97.3,6.752,"{'A': 0.0, 'B': 0.14, 'C': 0.4}",0.53,95.5,rule,52,small_buffers,48.09,5000,3600.2,unseen,0,,0.1298
47,"{'A': 0.0, 'B': 60.8, 'C': 513.6}",9,99.93,0.0,"{'A': 18, 'B': 29, 'C': 4}",51,454.5,99.8,6.545,"{'A': 0.0, 'B': 0.51, 'C': 0.71}",1.22,95.5,rule,53,small_buffers,46.51,5001,3600.3,unseen,0,,0.1283
48,"{'A': 122.4, 'B': 216.8, 'C': 383.2}",7,99.93,0.0,"{'A': 18, 'B': 29, 'C': 4}",51,466.4,95.2,6.705,"{'A': 0.68, 'B': 1.81, 'C': 0.53}",3.02,94.4,rule,51,small_buffers,44.63,5002,3600.9,unseen,0,,0.1315
50,"{'A': 16.2, 'B': 47.0, 'C': 303.5}",9,99.94,0.0,"{'A': 19, 'B': 22, 'C': 4}",45,430.9,97.2,6.179,"{'A': 0.09, 'B': 0.39, 'C': 0.42}",0.9,94.5,rule,46,small_buffers,41.01,5003,3600.8,unseen,0,,0.1373
45,"{'A': 25.2, 'B': 142.0, 'C': 304.2}",8,99.93,0.0,"{'A': 19, 'B': 26, 'C': 3}",48,481.3,98.1,6.77,"{'A': 0.14, 'B': 1.18, 'C': 0.42}",1.75,93.8,rule,51,small_buffers,42.87,5004,3600.1,unseen,0,,0.141
48,"{'A': 0.0, 'B': 36.3, 'C': 258.8}",10,99.93,0.0,"{'A': 20, 'B': 30, 'C': 3}",53,455.9,98.3,6.538,"{'A': 0.0, 'B': 0.3, 'C': 0.36}",0.66,96.3,rule,53,small_buffers,49.07,5005,3601.0,unseen,0,,0.1234
47,"{'A': 0.0, 'B': 82.9, 'C': 550.1}",8,99.93,0.0,"{'A': 20, 'B': 30, 'C': 4}",54,495.7,93.8,7.143,"{'A': 0.0, 'B': 0.69, 'C': 0.76}",1.46,93.8,rule,54,small_buffers,48.97,5006,3600.9,unseen,0,,0.1323
47,"{'A': 63.6, 'B': 139.9, 'C': 451.8}",9,99.94,0.0,"{'A': 18, 'B': 28, 'C': 4}",50,452.0,98.7,6.493,"{'A': 0.35, 'B': 1.17, 'C': 0.63}",2.15,94.9,rule,52,small_buffers,44.61,5007,3600.9,unseen,0,,0.1299
47,"{'A': 19.5, 'B': 24.0, 'C': 416.9}",8,99.93,0.0,"{'A': 20, 'B': 29, 'C': 4}",53,458.4,97.3,6.546,"{'A': 0.11, 'B': 0.2, 'C': 0.58}",0.89,94.7,rule,52,small_buffers,48.84,5008,3600.3,unseen,0,,0.1235
46,"{'A': 69.7, 'B': 30.7, 'C': 362.2}",9,99.93,0.0,"{'A': 20, 'B': 28, 'C': 4}",52,459.8,98.8,6.68,"{'A': 0.39, 'B': 0.26, 'C': 0.5}",1.15,95.0,rule,53,small_buffers,47.51,5009,3600.9,unseen,0,,0.1285
49,"{'A': 0.0, 'B': 33.5, 'C': 339.6}",11,99.94,0.0,"{'A': 14, 'B': 29, 'C': 4}",47,457.1,98.8,6.423,"{'A': 0.0, 'B': 0.28, 'C': 0.47}",0.75,96.3,rule,47,small_buffers,43.04,5010,3600.9,unseen,0,,0.1367
47,"{'A': 23.4, 'B': 44.4, 'C': 440.2}",8,99.93,0.0,"{'A': 19, 'B': 29, 'C': 4}",52,461.8,96.6,6.661,"{'A': 0.13, 'B': 0.37, 'C': 0.61}",1.11,93.8,rule,52,small_buffers,47.56,5011,3600.1,unseen,0,,0.1281
48,"{'A': 16.2, 'B': 44.1, 'C': 460.0}",9,99.93,0.0,"{'A': 19, 'B': 27, 'C': 4}",50,459.8,98.4,6.617,"{'A': 0.09, 'B': 0.37, 'C': 0.64}",1.1,95.9,rule,54,small_buffers,45.6,5012,3600.9,unseen,0,,0.1323
46,"{'A': 19.0, 'B': 72.0, 'C': 499.9}",9,99.93,0.0,"{'A': 21, 'B': 30, 'C': 4}",55,481.2,97.3,6.885,"{'A': 0.11, 'B': 0.6, 'C': 0.69}",1.4,95.9,rule,53,small_buffers,50.16,5013,3600.8,unseen,0,,0.1252
46,"{'A': 95.2, 'B': 126.3, 'C': 351.0}",7,99.94,0.0,"{'A': 18, 'B': 27, 'C': 4}",49,444.2,99.4,6.455,"{'A': 0.53, 'B': 1.05, 'C': 0.49}",2.07,93.5,rule,53,small_buffers,43.7,5014,3600.9,unseen,0,,0.1317
47,"{'A': 10.0, 'B': 18.4, 'C': 126.9}",10,99.93,0.0,"{'A': 19, 'B': 30, 'C': 2}",51,468.6,99.3,6.621,"{'A': 0.06, 'B': 0.15, 'C': 0.18}",0.39,94.8,rule,53,small_buffers,47.3,5015,3600.6,unseen,0,,0.1298
46,"{'A': 17.3, 'B': 128.9, 'C': 356.8}",8,99.93,0.0,"{'A': 19, 'B': 27, 'C': 4}",50,463.9,98.4,6.649,"{'A': 0.1, 'B': 1.07, 'C': 0.5}",1.67,93.7,rule,53,small_buffers,45.01,5016,3600.5,unseen,0,,0.133
46,"{'A': 101.8, 'B': 36.9, 'C': 423.2}",8,99.93,0.0,"{'A': 19, 'B': 28, 'C': 4}",51,470.7,97.3,6.744,"{'A': 0.57, 'B': 0.31, 'C': 0.59}",1.46,94.7,rule,51,small_buffers,46.17,5017,3600.0,unseen,0,,0.1322
46,"{'A': 82.7, 'B': 51.4, 'C': 448.0}",8,99.94,0.0,"{'A': 19, 'B': 28, 'C': 4}",51,435.8,99.0,6.329,"{'A': 0.46, 'B': 0.43, 'C': 0.62}",1.51,94.7,rule,51,small_buffers,46.33,5018,3600.3,unseen,0,,0.1241
47,"{'A': 34.0, 'B': 78.2, 'C': 362.6}",9,99.94,0.0,"{'A': 19, 'B': 27, 'C': 4}",50,453.0,98.7,6.48,"{'A': 0.19, 'B': 0.65, 'C': 0.5}",1.34,95.9,rule,53,small_buffers,45.42,5019,3600.4,unseen,0,,0.1296
47,"{'A': 128.6, 'B': 69.9, 'C': 378.0}",9,99.93,0.0,"{'A': 18, 'B': 30, 'C': 4}",52,464.9,97.2,6.667,"{'A': 0.71, 'B': 0.58, 'C': 0.53}",1.82,95.1,rule,52,small_buffers,46.84,5020,3601.0,unseen,0,,0.1282
47,"{'A': 24.6, 'B': 96.9, 'C': 302.7}",8,99.93,0.0,"{'A': 20, 'B': 28, 'C': 4}",52,463.9,97.6,6.741,"{'A': 0.14, 'B': 0.81, 'C': 0.42}",1.36,93.5,rule,53,small_buffers,47.27,5021,3600.5,unseen,0,,0.1296
45,"{'A': 40.5, 'B': 0.0, 'C': 491.3}",9,99.93,0.0,"{'A': 19, 'B': 27, 'C': 4}",50,460.5,99.2,6.594,"{'A': 0.23, 'B': 0.0, 'C': 0.68}",0.91,95.1,rule,52,small_buffers,45.8,5022,3600.6,unseen,0,,0.1319
47,"{'A': 57.3, 'B': 97.5, 'C': 451.6}",8,99.93,0.0,"{'A': 18, 'B': 26, 'C': 4}",48,465.8,98.5,6.659,"{'A': 0.32, 'B': 0.81, 'C': 0.63}",1.76,93.7,rule,51,small_buffers,42.91,5023,3600.3,unseen,0,,0.1387
46,"{'A': 68.3, 'B': 4.6, 'C': 272.8}",9,99.93,0.0,"{'A': 19, 'B': 26, 'C': 3}",48,474.3,98.8,6.655,"{'A': 0.38, 'B': 0.04, 'C': 0.38}",0.8,96.0,rule,51,small_buffers,43.88,5024,3600.1,unseen,0,,0.1387
46,"{'A': 62.3, 'B': 99.6, 'C': 366.4}",8,99.93,0.0,"{'A': 20, 'B': 29, 'C': 4}",53,467.7,97.4,6.742,"{'A': 0.35, 'B': 0.83, 'C': 0.51}",1.68,93.7,rule,53,small_buffers,47.94,5025,3600.2,unseen,0,,0.1272
46,"{'A': 181.1, 'B': 10.8, 'C': 482.2}",9,99.93,0.0,"{'A': 18, 'B': 29, 'C': 4}",51,476.8,97.3,6.785,"{'A': 1.01, 'B': 0.09, 'C': 0.67}",1.77,94.7,rule,53,small_buffers,45.84,5026,3600.6,unseen,0,,0.133
50,"{'A': 0.0, 'B': 0.0, 'C': 385.5}",9,99.94,0.0,"{'A': 12, 'B': 27, 'C': 4}",43,416.8,99.8,5.932,"{'A': 0.0, 'B': 0.0, 'C': 0.54}",0.54,95.1,rule,46,small_buffers,39.5,5027,3600.6,unseen,0,,0.1379
46,"{'A': 107.7, 'B': 45.0, 'C': 365.9}",8,99.93,0.0,"{'A': 18, 'B': 28, 'C': 4}",50,456.3,98.8,6.58,"{'A': 0.6, 'B': 0.37, 'C': 0.51}",1.48,95.0,rule,52,small_buffers,45.23,5028,3600.0,unseen,0,,0.1316
48,"{'A': 65.5, 'B': 0.0, 'C': 394.1}",9,99.94,0.0,"{'A': 13, 'B': 29, 'C': 4}",46,460.4,96.2,6.47,"{'A': 0.36, 'B': 0.0, 'C': 0.55}",0.91,94.9,rule,46,small_buffers,41.85,5029,3600.6,unseen,0,,0.1407
54,"{'A': 0.0, 'B': 0.0, 'C': 0.0}",13,44.94,0.0,"{'A': 18, 'B': 30, 'C': 4}",52,385.7,99.6,5.759,"{'A': 0.0, 'B': 0.0, 'C': 0.0}",0.0,97.2,rule,55,worn_robot,49.12,5000,3600.8,seen,0,,0.1108
54,"{'A': 0.0, 'B': 0.0, 'C': 0.0}",12,44.94,0.0,"{'A': 18, 'B': 30, 'C': 4}",52,372.5,98.2,5.62,"{'A': 0.0, 'B': 0.0, 'C': 0.0}",0.0,95.4,rule,51,worn_robot,49.19,5001,3600.1,seen,0,,0.1081
52,"{'A': 0.0, 'B': 0.0, 'C': 0.0}",10,44.94,0.0,"{'A': 19, 'B': 31, 'C': 4}",54,379.0,97.7,5.724,"{'A': 0.0, 'B': 0.0, 'C': 0.0}",0.0,95.3,rule,56,worn_robot,51.14,5002,3600.9,seen,0,,0.106
52,"{'A': 0.0, 'B': 0.0, 'C': 0.0}",7,44.95,0.0,"{'A': 19, 'B': 20, 'C': 5}",44,318.3,98.3,4.909,"{'A': 0.0, 'B': 0.0, 'C': 0.0}",0.0,95.6,rule,47,worn_robot,41.55,5003,3600.1,seen,0,,0.1116
51,"{'A': 0.0, 'B': 0.0, 'C': 0.0}",7,44.95,0.0,"{'A': 21, 'B': 28, 'C': 3}",52,316.9,98.7,4.935,"{'A': 0.0, 'B': 0.0, 'C': 0.0}",0.0,96.3,rule,54,worn_robot,49.53,5004,3600.4,seen,0,,0.0949
52,"{'A': 0.0, 'B': 0.0, 'C': 0.0}",11,44.94,0.0,"{'A': 21, 'B': 29, 'C': 2}",52,371.8,98.4,5.581,"{'A': 0.0, 'B': 0.0, 'C': 0.0}",0.0,96.6,rule,53,worn_robot,49.21,5005,3600.3,seen,0,,0.1073
53,"{'A': 0.0, 'B': 0.0, 'C': 0.0}",11,44.94,0.0,"{'A': 21, 'B': 31, 'C': 4}",56,392.6,97.0,5.931,"{'A': 0.0, 'B': 0.0, 'C': 0.0}",0.0,96.6,rule,55,worn_robot,53.03,5006,3600.6,seen,0,,0.1059
50,"{'A': 0.0, 'B': 0.0, 'C': 0.0}",10,44.94,0.0,"{'A': 19, 'B': 30, 'C': 4}",53,363.4,100.0,5.533,"{'A': 0.0, 'B': 0.0, 'C': 0.0}",0.0,96.7,rule,55,worn_robot,50.23,5007,3600.9,seen,0,,0.1044
51,"{'A': 0.0, 'B': 0.0, 'C': 0.0}",10,44.95,0.0,"{'A': 19, 'B': 29, 'C': 4}",52,360.3,100.0,5.478,"{'A': 0.0, 'B': 0.0, 'C': 0.0}",0.0,95.7,rule,53,worn_robot,49.26,5008,3600.8,seen,0,,0.1053
51,"{'A': 0.0, 'B': 0.0, 'C': 0.0}",7,44.95,0.0,"{'A': 21, 'B': 27, 'C': 4}",52,328.4,97.8,5.058,"{'A': 0.0, 'B': 0.0, 'C': 0.0}",0.0,96.6,rule,52,worn_robot,49.47,5009,3600.9,seen,0,,0.0973
53,"{'A': 0.0, 'B': 0.0, 'C': 0.0}",9,44.95,0.0,"{'A': 12, 'B': 29, 'C': 4}",45,314.2,100.0,4.78,"{'A': 0.0, 'B': 0.0, 'C': 0.0}",0.0,96.6,rule,48,worn_robot,42.61,5010,3600.5,seen,0,,0.1062
52,"{'A': 0.0, 'B': 0.0, 'C': 0.0}",10,44.95,0.0,"{'A': 18, 'B': 29, 'C': 4}",51,355.1,100.0,5.44,"{'A': 0.0, 'B': 0.0, 'C': 0.0}",0.0,95.3,rule,53,worn_robot,48.28,5011,3600.5,seen,0,,0.1067
52,"{'A': 0.0, 'B': 0.0, 'C': 0.0}",9,44.95,0.0,"{'A': 19, 'B': 31, 'C': 4}",54,349.6,98.8,5.324,"{'A': 0.0, 'B': 0.0, 'C': 0.0}",0.0,95.7,rule,53,worn_robot,51.34,5012,3600.4,seen,0,,0.0986
50,"{'A': 0.0, 'B': 0.0, 'C': 0.0}",7,44.95,0.0,"{'A': 21, 'B': 31, 'C': 4}",56,346.6,97.4,5.358,"{'A': 0.0, 'B': 0.0, 'C': 0.0}",0.0,95.6,rule,53,worn_robot,53.32,5013,3600.7,seen,0,,0.0957
52,"{'A': 0.0, 'B': 0.0, 'C': 0.0}",11,44.94,0.0,"{'A': 21, 'B': 31, 'C': 4}",56,376.6,98.1,5.754,"{'A': 0.0, 'B': 0.0, 'C': 0.0}",0.0,96.5,rule,55,worn_robot,53.12,5014,3600.5,seen,0,,0.1027
51,"{'A': 0.0, 'B': 0.0, 'C': 0.0}",7,44.95,0.0,"{'A': 18, 'B': 27, 'C': 2}",47,332.5,98.6,4.975,"{'A': 0.0, 'B': 0.0, 'C': 0.0}",0.0,95.9,rule,52,worn_robot,44.51,5015,3600.7,seen,0,,0.1058
51,"{'A': 0.0, 'B': 0.0, 'C': 0.0}",7,44.95,0.0,"{'A': 16, 'B': 27, 'C': 4}",47,320.9,98.2,4.961,"{'A': 0.0, 'B': 0.0, 'C': 0.0}",0.0,95.7,rule,53,worn_robot,44.52,5016,3600.8,seen,0,,0.1056
51,"{'A': 0.0, 'B': 0.0, 'C': 0.0}",7,44.95,0.0,"{'A': 18, 'B': 29, 'C': 4}",51,305.7,100.0,4.795,"{'A': 0.0, 'B': 0.0, 'C': 0.0}",0.0,95.7,rule,53,worn_robot,48.6,5017,3600.9,seen,0,,0.094
52,"{'A': 0.0, 'B': 0.0, 'C': 0.0}",10,44.95,0.0,"{'A': 19, 'B': 31, 'C': 4}",54,362.4,98.7,5.49,"{'A': 0.0, 'B': 0.0, 'C': 0.0}",0.0,96.6,rule,55,worn_robot,51.26,5018,3600.3,seen,0,,0.1017
50,"{'A': 0.0, 'B': 0.0, 'C': 0.0}",7,44.95,0.0,"{'A': 18, 'B': 30, 'C': 4}",52,333.1,97.5,5.124,"{'A': 0.0, 'B': 0.0, 'C': 0.0}",0.0,96.7,rule,53,worn_robot,49.44,5019,3600.1,seen,0,,0.0985
53,"{'A': 0.0, 'B': 0.0, 'C': 0.0}",11,44.94,0.0,"{'A': 21, 'B': 29, 'C': 4}",54,377.0,98.9,5.715,"{'A': 0.0, 'B': 0.0, 'C': 0.0}",0.0,95.6,rule,56,worn_robot,51.14,5020,3600.6,seen,0,,0.1058
49,"{'A': 0.0, 'B': 0.0, 'C': 0.0}",7,44.95,0.0,"{'A': 19, 'B': 29, 'C': 4}",52,349.1,100.0,5.402,"{'A': 0.0, 'B': 0.0, 'C': 0.0}",0.0,95.3,rule,54,worn_robot,49.3,5021,3600.2,seen,0,,0.1039
50,"{'A': 0.0, 'B': 0.0, 'C': 0.0}",8,44.94,0.0,"{'A': 21, 'B': 30, 'C': 4}",55,382.1,96.6,5.843,"{'A': 0.0, 'B': 0.0, 'C': 0.0}",0.0,95.3,rule,54,worn_robot,52.08,5022,3600.7,seen,0,,0.1062
52,"{'A': 0.0, 'B': 0.0, 'C': 0.0}",11,44.94,0.0,"{'A': 19, 'B': 31, 'C': 4}",54,373.0,100.0,5.653,"{'A': 0.0, 'B': 0.0, 'C': 0.0}",0.0,95.5,rule,54,worn_robot,51.17,5023,3600.4,seen,0,,0.1047
52,"{'A': 0.0, 'B': 0.0, 'C': 0.0}",10,44.94,0.0,"{'A': 19, 'B': 29, 'C': 4}",52,364.3,100.0,5.54,"{'A': 0.0, 'B': 0.0, 'C': 0.0}",0.0,95.7,rule,55,worn_robot,49.23,5024,3600.0,seen,0,,0.1065
53,"{'A': 0.0, 'B': 0.0, 'C': 0.0}",12,44.94,0.0,"{'A': 21, 'B': 29, 'C': 4}",54,393.9,98.9,5.952,"{'A': 0.0, 'B': 0.0, 'C': 0.0}",0.0,96.6,rule,56,worn_robot,51.02,5025,3600.1,seen,0,,0.1102
53,"{'A': 0.0, 'B': 0.0, 'C': 0.0}",12,44.94,0.0,"{'A': 18, 'B': 32, 'C': 4}",54,372.5,99.6,5.632,"{'A': 0.0, 'B': 0.0, 'C': 0.0}",0.0,96.6,rule,55,worn_robot,51.18,5026,3600.1,seen,0,,0.1043
54,"{'A': 0.0, 'B': 0.0, 'C': 0.0}",9,44.95,0.0,"{'A': 12, 'B': 32, 'C': 4}",48,319.1,98.4,4.818,"{'A': 0.0, 'B': 0.0, 'C': 0.0}",0.0,95.4,rule,47,worn_robot,45.59,5027,3600.2,seen,0,,0.1004
50,"{'A': 0.0, 'B': 0.0, 'C': 0.0}",7,44.95,0.0,"{'A': 22, 'B': 27, 'C': 4}",53,331.0,99.3,5.314,"{'A': 0.0, 'B': 0.0, 'C': 0.0}",0.0,94.6,rule,56,worn_robot,50.34,5028,3600.8,seen,0,,0.1003
51,"{'A': 0.0, 'B': 0.0, 'C': 0.0}",8,44.95,0.0,"{'A': 12, 'B': 32, 'C': 4}",48,346.0,98.3,5.217,"{'A': 0.0, 'B': 0.0, 'C': 0.0}",0.0,95.3,rule,48,worn_robot,45.39,5029,3600.2,seen,0,,0.1087
59,"{'A': 0.0, 'B': 0.0, 'C': 0.0}",1,99.91,1.595,"{'A': 20, 'B': 29, 'C': 4}",53,585.2,35.1,8.715,"{'A': 0.0, 'B': 0.0, 'C': 0.0}",0.0,35.1,ns,53,aged_battery,48.64,5000,3600.5,unseen,0,,0.1644
59,"{'A': 0.0, 'B': 0.0, 'C': 0.0}",1,99.91,1.467,"{'A': 19, 'B': 31, 'C': 5}",55,582.7,35.1,8.717,"{'A': 0.0, 'B': 0.0, 'C': 0.0}",0.0,35.1,ns,54,aged_battery,50.64,5001,3600.1,unseen,0,,0.1585
59,"{'A': 0.0, 'B': 0.0, 'C': 0.0}",1,99.91,1.711,"{'A': 19, 'B': 30, 'C': 4}",53,580.0,35.4,8.686,"{'A': 0.0, 'B': 0.0, 'C': 0.0}",0.0,35.4,ns,54,aged_battery,48.66,5002,3600.1,unseen,0,,0.1639
54,"{'A': 0.0, 'B': 0.0, 'C': 0.0}",4,99.92,1.959,"{'A': 19, 'B': 22, 'C': 5}",46,523.0,51.3,7.744,"{'A': 0.0, 'B': 0.0, 'C': 0.0}",0.0,51.3,ns,46,aged_battery,42.13,5003,3600.9,unseen,0,,0.1684
58,"{'A': 0.0, 'B': 0.0, 'C': 0.0}",1,99.91,1.996,"{'A': 21, 'B': 30, 'C': 4}",55,600.6,33.2,8.893,"{'A': 0.0, 'B': 0.0, 'C': 0.0}",0.0,33.2,ns,53,aged_battery,50.55,5004,3600.1,unseen,0,,0.1617
58,"{'A': 0.0, 'B': 0.0, 'C': 0.0}",1,99.91,1.72,"{'A': 19, 'B': 31, 'C': 4}",54,597.5,34.7,8.771,"{'A': 0.0, 'B': 0.0, 'C': 0.0}",0.0,34.7,ns,52,aged_battery,49.61,5005,3600.1,unseen,0,,0.1624
59,"{'A': 0.0, 'B': 0.0, 'C': 0.0}",1,99.91,1.591,"{'A': 20, 'B': 29, 'C': 4}",53,571.9,36.0,8.61,"{'A': 0.0, 'B': 0.0, 'C': 0.0}",0.0,36.0,ns,52,aged_battery,48.69,5006,3600.4,unseen,0,,0.1625
58,"{'A': 0.0, 'B': 0.0, 'C': 0.0}",1,99.91,1.44,"{'A': 19, 'B': 32, 'C': 4}",55,592.7,34.9,8.745,"{'A': 0.0, 'B': 0.0, 'C': 0.0}",0.0,34.9,ns,53,aged_battery,50.63,5007,3600.7,unseen,0,,0.159
59,"{'A': 0.0, 'B': 0.0, 'C': 0.0}",1,99.91,1.624,"{'A': 19, 'B': 30, 'C': 4}",53,599.9,33.7,8.828,"{'A': 0.0, 'B': 0.0, 'C': 0.0}",0.0,33.7,ns,53,aged_battery,48.59,5008,3600.1,unseen,0,,0.1666
59,"{'A': 0.0, 'B': 0.0, 'C': 0.0}",1,99.91,1.592,"{'A': 20, 'B': 31, 'C': 4}",55,598.7,33.6,8.844,"{'A': 0.0, 'B': 0.0, 'C': 0.0}",0.0,33.6,ns,54,aged_battery,50.58,5009,3600.1,unseen,0,,0.1608
51,"{'A': 0.0, 'B': 0.0, 'C': 0.0}",2,99.93,1.537,"{'A': 13, 'B': 31, 'C': 5}",49,499.2,56.7,7.397,"{'A': 0.0, 'B': 0.0, 'C': 0.0}",0.0,56.7,ns,48,aged_battery,45.3,5010,3600.0,unseen,0,,0.151
58,"{'A': 0.0, 'B': 0.0, 'C': 0.0}",1,99.91,1.519,"{'A': 18, 'B': 32, 'C': 4}",54,588.0,35.1,8.723,"{'A': 0.0, 'B': 0.0, 'C': 0.0}",0.0,35.1,ns,52,aged_battery,49.64,5011,3600.7,unseen,0,,0.1615
59,"{'A': 0.0, 'B': 0.0, 'C': 0.0}",1,99.91,1.892,"{'A': 20, 'B': 33, 'C': 4}",57,591.7,34.4,8.808,"{'A': 0.0, 'B': 0.0, 'C': 0.0}",0.0,34.4,ns,55,aged_battery,52.6,5012,3600.1,unseen,0,,0.1545
58,"{'A': 0.0, 'B': 0.0, 'C': 0.0}",1,99.91,1.569,"{'A': 19, 'B': 30, 'C': 4}",53,596.9,34.2,8.833,"{'A': 0.0, 'B': 0.0, 'C': 0.0}",0.0,34.2,ns,54,aged_battery,48.58,5013,3600.5,unseen,0,,0.1667
59,"{'A': 0.0, 'B': 0.0, 'C': 0.0}",1,99.91,1.523,"{'A': 20, 'B': 31, 'C': 4}",55,582.1,35.5,8.675,"{'A': 0.0, 'B': 0.0, 'C': 0.0}",0.0,35.5,ns,55,aged_battery,50.66,5014,3600.7,unseen,0,,0.1577
59,"{'A': 0.0, 'B': 0.0, 'C': 0.0}",1,99.91,1.466,"{'A': 20, 'B': 28, 'C': 2}",50,592.0,35.3,8.691,"{'A': 0.0, 'B': 0.0, 'C': 0.0}",0.0,35.3,ns,50,aged_battery,45.65,5015,3600.8,unseen,0,,0.1738
59,"{'A': 0.0, 'B': 0.0, 'C': 0.0}",1,99.91,1.566,"{'A': 20, 'B': 30, 'C': 5}",55,590.3,34.6,8.778,"{'A': 0.0, 'B': 0.0, 'C': 0.0}",0.0,34.6,ns,54,aged_battery,50.61,5016,3600.5,unseen,0,,0.1596
59,"{'A': 0.0, 'B': 0.0, 'C': 0.0}",1,99.91,1.82,"{'A': 19, 'B': 31, 'C': 5}",55,583.5,34.9,8.74,"{'A': 0.0, 'B': 0.0, 'C': 0.0}",0.0,34.9,ns,55,aged_battery,50.63,5017,3600.3,unseen,0,,0.1589
59,"{'A': 0.0, 'B': 0.0, 'C': 0.0}",1,99.91,1.76,"{'A': 20, 'B': 30, 'C': 4}",54,589.9,35.0,8.734,"{'A': 0.0, 'B': 0.0, 'C': 0.0}",0.0,35.0,ns,52,aged_battery,49.63,5018,3600.6,unseen,0,,0.1617
58,"{'A': 0.0, 'B': 0.0, 'C': 0.0}",1,99.91,1.796,"{'A': 20, 'B': 32, 'C': 4}",56,601.1,33.4,8.873,"{'A': 0.0, 'B': 0.0, 'C': 0.0}",0.0,33.4,ns,55,aged_battery,51.56,5019,3600.4,unseen,0,,0.1585
47,"{'A': 0.0, 'B': 0.0, 'C': 0.0}",4,99.93,2.112,"{'A': 19, 'B': 32, 'C': 4}",55,471.5,65.5,6.902,"{'A': 0.0, 'B': 0.0, 'C': 0.0}",0.0,65.5,ns,54,aged_battery,51.55,5020,3601.0,unseen,0,,0.1255
58,"{'A': 0.0, 'B': 0.0, 'C': 0.0}",2,99.92,1.781,"{'A': 21, 'B': 31, 'C': 5}",57,560.1,40.0,8.414,"{'A': 0.0, 'B': 0.0, 'C': 0.0}",0.0,40.0,ns,55,aged_battery,52.79,5021,3600.1,unseen,0,,0.1476
59,"{'A': 0.0, 'B': 0.0, 'C': 0.0}",1,99.91,1.561,"{'A': 20, 'B': 32, 'C': 4}",56,599.9,33.7,8.834,"{'A': 0.0, 'B': 0.0, 'C': 0.0}",0.0,33.7,ns,55,aged_battery,51.58,5022,3600.3,unseen,0,,0.1577
59,"{'A': 0.0, 'B': 0.0, 'C': 0.0}",1,99.91,1.673,"{'A': 19, 'B': 31, 'C': 4}",54,591.7,34.8,8.761,"{'A': 0.0, 'B': 0.0, 'C': 0.0}",0.0,34.8,ns,53,aged_battery,49.62,5023,3600.3,unseen,0,,0.1622
58,"{'A': 0.0, 'B': 0.0, 'C': 0.0}",2,99.91,1.575,"{'A': 19, 'B': 30, 'C': 4}",53,583.9,38.1,8.565,"{'A': 0.0, 'B': 0.0, 'C': 0.0}",0.0,38.1,ns,52,aged_battery,48.72,5024,3600.3,unseen,0,,0.1616
59,"{'A': 0.0, 'B': 0.0, 'C': 0.0}",1,99.91,1.673,"{'A': 19, 'B': 31, 'C': 5}",55,591.8,34.5,8.791,"{'A': 0.0, 'B': 0.0, 'C': 0.0}",0.0,34.5,ns,54,aged_battery,50.6,5025,3600.5,unseen,0,,0.1598
59,"{'A': 0.0, 'B': 0.0, 'C': 0.0}",1,99.91,1.476,"{'A': 20, 'B': 28, 'C': 5}",53,572.7,35.6,8.665,"{'A': 0.0, 'B': 0.0, 'C': 0.0}",0.0,35.6,ns,53,aged_battery,48.67,5026,3600.5,unseen,0,,0.1635
44,"{'A': 0.0, 'B': 0.0, 'C': 0.0}",4,99.93,1.705,"{'A': 14, 'B': 29, 'C': 5}",48,451.8,71.1,6.574,"{'A': 0.0, 'B': 0.0, 'C': 0.0}",0.0,71.1,ns,47,aged_battery,44.71,5027,3600.5,unseen,0,,0.137
59,"{'A': 0.0, 'B': 0.0, 'C': 0.0}",1,99.91,1.5,"{'A': 21, 'B': 30, 'C': 4}",55,590.6,34.7,8.771,"{'A': 0.0, 'B': 0.0, 'C': 0.0}",0.0,34.7,ns,54,aged_battery,50.61,5028,3600.4,unseen,0,,0.1595
49,"{'A': 0.0, 'B': 0.0, 'C': 0.0}",2,99.93,1.523,"{'A': 14, 'B': 30, 'C': 5}",49,483.1,59.5,7.238,"{'A': 0.0, 'B': 0.0, 'C': 0.0}",0.0,57.9,ns,49,aged_battery,45.38,5029,3600.7,unseen,0,,0.1477
62,"{'A': 0.0, 'B': 0.0, 'C': 0.0}",1,99.91,1.689,"{'A': 20, 'B': 29, 'C': 4}",53,625.0,62.2,9.256,"{'A': 0.0, 'B': 0.0, 'C': 0.0}",0.0,62.2,ns,53,balanced,48.37,5000,3600.7,seen,0,,0.1746
59,"{'A': 0.0, 'B': 0.0, 'C': 0.0}",2,99.91,1.514,"{'A': 19, 'B': 30, 'C': 4}",53,590.5,68.8,8.761,"{'A': 0.0, 'B': 0.0, 'C': 0.0}",0.0,68.8,ns,52,balanced,48.62,5001,3600.1,seen,0,,0.1653
63,"{'A': 0.0, 'B': 0.0, 'C': 0.0}",1,99.91,1.657,"{'A': 20, 'B': 30, 'C': 5}",55,621.4,62.3,9.221,"{'A': 0.0, 'B': 0.0, 'C': 0.0}",0.0,62.3,ns,54,balanced,50.39,5002,3600.3,seen,0,,0.1677
54,"{'A': 0.0, 'B': 0.0, 'C': 0.0}",8,99.93,1.655,"{'A': 19, 'B': 23, 'C': 4}",46,500.5,89.1,7.168,"{'A': 0.0, 'B': 0.0, 'C': 0.0}",0.0,89.1,ns,44,balanced,42.42,5003,3600.4,seen,0,,0.1558
63,"{'A': 0.0, 'B': 0.0, 'C': 0.0}",0,99.9,1.745,"{'A': 19, 'B': 30, 'C': 4}",53,669.1,55.2,9.849,"{'A': 0.0, 'B': 0.0, 'C': 0.0}",0.0,55.2,ns,53,balanced,48.08,5004,3600.7,seen,0,,0.1858
62,"{'A': 0.0, 'B': 0.0, 'C': 0.0}",1,99.91,1.613,"{'A': 21, 'B': 32, 'C': 4}",57,632.8,62.0,9.305,"{'A': 0.0, 'B': 0.0, 'C': 0.0}",0.0,62.0,ns,55,balanced,52.35,5005,3600.6,seen,0,,0.1632
62,"{'A': 0.0, 'B': 0.0, 'C': 0.0}",1,99.91,1.485,"{'A': 21, 'B': 30, 'C': 5}",56,628.8,61.9,9.318,"{'A': 0.0, 'B': 0.0, 'C': 0.0}",0.0,61.9,ns,57,balanced,51.34,5006,3600.2,seen,0,,0.1664
61,"{'A': 0.0, 'B': 0.0, 'C': 0.0}",1,99.91,1.522,"{'A': 20, 'B': 30, 'C': 4}",54,634.8,61.8,9.347,"{'A': 0.0, 'B': 0.0, 'C': 0.0}",0.0,61.8,ns,53,balanced,49.33,5007,3600.6,seen,0,,0.1731
53,"{'A': 0.0, 'B': 0.0, 'C': 0.0}",3,99.92,2.131,"{'A': 20, 'B': 31, 'C': 4}",55,579.2,77.8,8.285,"{'A': 0.0, 'B': 0.0, 'C': 0.0}",0.0,77.8,ns,53,balanced,50.86,5008,3600.2,seen,0,,0.1506
54,"{'A': 0.0, 'B': 0.0, 'C': 0.0}",3,99.92,2.032,"{'A': 20, 'B': 30, 'C': 4}",54,558.4,78.3,8.169,"{'A': 0.0, 'B': 0.0, 'C': 0.0}",0.0,78.3,ns,54,balanced,49.92,5009,3600.8,seen,0,,0.1513
62,"{'A': 0.0, 'B': 0.0, 'C': 0.0}",1,99.91,1.518,"{'A': 14, 'B': 29, 'C': 5}",48,610.8,63.5,9.11,"{'A': 0.0, 'B': 0.0, 'C': 0.0}",0.0,58.6,ns,47,balanced,43.45,5010,3600.1,seen,0,,0.1898
62,"{'A': 0.0, 'B': 0.0, 'C': 0.0}",1,99.91,1.636,"{'A': 19, 'B': 29, 'C': 5}",53,629.9,62.0,9.289,"{'A': 0.0, 'B': 0.0, 'C': 0.0}",0.0,62.0,ns,53,balanced,48.36,5011,3600.2,seen,0,,0.1753
62,"{'A': 0.0, 'B': 0.0, 'C': 0.0}",2,99.91,1.86,"{'A': 20, 'B': 29, 'C': 5}",54,633.2,61.7,9.365,"{'A': 0.0, 'B': 0.0, 'C': 0.0}",0.0,61.7,ns,53,balanced,49.32,5012,3600.5,seen,0,,0.1734
49,"{'A': 0.0, 'B': 0.0, 'C': 0.0}",6,99.93,1.749,"{'A': 21, 'B': 31, 'C': 4}",56,500.7,92.4,7.234,"{'A': 0.0, 'B': 0.0, 'C': 0.0}",0.0,92.4,ns,53,balanced,52.38,5013,3600.8,seen,0,,0.1292
60,"{'A': 0.0, 'B': 0.0, 'C': 0.0}",2,99.91,1.69,"{'A': 21, 'B': 30, 'C': 4}",55,598.0,68.5,8.802,"{'A': 0.0, 'B': 0.0, 'C': 0.0}",0.0,68.5,ns,54,balanced,50.6,5014,3600.4,seen,0,,0.16
62,"{'A': 0.0, 'B': 0.0, 'C': 0.0}",1,99.91,1.5,"{'A': 20, 'B': 29, 'C': 2}",51,633.0,62.1,9.269,"{'A': 0.0, 'B': 0.0, 'C': 0.0}",0.0,62.1,ns,49,balanced,46.37,5015,3600.0,seen,0,,0.1818
62,"{'A': 0.0, 'B': 0.0, 'C': 0.0}",1,99.91,1.96,"{'A': 21, 'B': 30, 'C': 5}",56,623.4,61.9,9.308,"{'A': 0.0, 'B': 0.0, 'C': 0.0}",0.0,61.9,ns,55,balanced,51.35,5016,3600.5,seen,0,,0.1662
62,"{'A': 0.0, 'B': 0.0, 'C': 0.0}",1,99.91,1.906,"{'A': 19, 'B': 31, 'C': 5}",55,609.9,62.3,9.218,"{'A': 0.0, 'B': 0.0, 'C': 0.0}",0.0,62.3,ns,53,balanced,50.39,5017,3600.9,seen,0,,0.1676
62,"{'A': 0.0, 'B': 0.0, 'C': 0.0}",1,99.91,1.59,"{'A': 21, 'B': 29, 'C': 4}",54,628.5,62.0,9.304,"{'A': 0.0, 'B': 0.0, 'C': 0.0}",0.0,62.0,ns,53,balanced,49.35,5018,3600.5,seen,0,,0.1723
58,"{'A': 0.0, 'B': 0.0, 'C': 0.0}",2,99.91,1.9,"{'A': 20, 'B': 29, 'C': 4}",53,601.6,70.0,8.752,"{'A': 0.0, 'B': 0.0, 'C': 0.0}",0.0,70.0,ns,51,balanced,48.62,5019,3600.6,seen,0,,0.1651
51,"{'A': 0.0, 'B': 0.0, 'C': 0.0}",7,99.93,1.967,"{'A': 19, 'B': 31, 'C': 4}",54,513.3,90.4,7.309,"{'A': 0.0, 'B': 0.0, 'C': 0.0}",0.0,90.4,ns,52,balanced,50.35,5020,3600.2,seen,0,,0.1353
49,"{'A': 0.0, 'B': 0.0, 'C': 0.0}",4,99.93,1.664,"{'A': 20, 'B': 29, 'C': 4}",53,502.5,90.6,7.303,"{'A': 0.0, 'B': 0.0, 'C': 0.0}",0.0,90.6,ns,54,balanced,49.35,5021,3600.6,seen,0,,0.1378
62,"{'A': 0.0, 'B': 0.0, 'C': 0.0}",1,99.91,1.671,"{'A': 20, 'B': 32, 'C': 4}",56,611.3,64.3,9.074,"{'A': 0.0, 'B': 0.0, 'C': 0.0}",0.0,64.3,ns,55,balanced,51.46,5022,3600.4,seen,0,,0.162
62,"{'A': 0.0, 'B': 0.0, 'C': 0.0}",1,99.91,1.769,"{'A': 20, 'B': 32, 'C': 4}",56,631.0,62.1,9.275,"{'A': 0.0, 'B': 0.0, 'C': 0.0}",0.0,62.1,ns,54,balanced,51.36,5023,3600.0,seen,0,,0.1656
54,"{'A': 0.0, 'B': 0.0, 'C': 0.0}",4,99.92,1.737,"{'A': 21, 'B': 30, 'C': 4}",55,576.6,78.1,8.245,"{'A': 0.0, 'B': 0.0, 'C': 0.0}",0.0,78.1,ns,53,balanced,50.88,5024,3600.4,seen,0,,0.1499
61,"{'A': 0.0, 'B': 0.0, 'C': 0.0}",1,99.91,1.499,"{'A': 20, 'B': 30, 'C': 5}",55,622.3,62.0,9.293,"{'A': 0.0, 'B': 0.0, 'C': 0.0}",0.0,62.0,ns,53,balanced,50.35,5025,3600.6,seen,0,,0.169
61,"{'A': 0.0, 'B': 0.0, 'C': 0.0}",2,99.91,1.753,"{'A': 21, 'B': 29, 'C': 5}",55,589.8,65.1,8.982,"{'A': 0.0, 'B': 0.0, 'C': 0.0}",0.0,65.1,ns,55,balanced,50.51,5026,3600.2,seen,0,,0.1633
57,"{'A': 0.0, 'B': 0.0, 'C': 0.0}",6,99.92,1.701,"{'A': 13, 'B': 32, 'C': 4}",49,586.1,76.4,8.334,"{'A': 0.0, 'B': 0.0, 'C': 0.0}",0.0,76.4,ns,48,balanced,44.83,5027,3600.8,seen,0,,0.1701
62,"{'A': 0.0, 'B': 0.0, 'C': 0.0}",1,99.91,1.837,"{'A': 21, 'B': 29, 'C': 5}",55,620.9,62.0,9.293,"{'A': 0.0, 'B': 0.0, 'C': 0.0}",0.0,62.0,ns,54,balanced,50.35,5028,3600.2,seen,0,,0.169
62,"{'A': 0.0, 'B': 0.0, 'C': 0.0}",1,99.91,1.876,"{'A': 21, 'B': 29, 'C': 4}",54,633.0,61.8,9.329,"{'A': 0.0, 'B': 0.0, 'C': 0.0}",0.0,61.8,ns,54,balanced,49.34,5029,3600.1,seen,0,,0.1728
49,"{'A': 0.0, 'B': 0.0, 'C': 0.0}",8,99.93,1.427,"{'A': 13, 'B': 28, 'C': 3}",44,501.6,93.8,7.068,"{'A': 0.0, 'B': 0.0, 'C': 0.0}",0.0,92.4,ns,42,fault_burst,40.47,5000,3600.3,seen,0,,0.1606
55,"{'A': 0.0, 'B': 0.0, 'C': 0.0}",10,99.95,1.054,"{'A': 12, 'B': 11, 'C': 1}",24,346.7,100.0,4.759,"{'A': 0.0, 'B': 0.0, 'C': 0.0}",0.0,95.5,ns,23,fault_burst,21.62,5001,3600.9,seen,0,,0.1983
55,"{'A': 0.0, 'B': 0.0, 'C': 0.0}",8,99.94,1.471,"{'A': 13, 'B': 12, 'C': 3}",28,412.2,92.6,5.911,"{'A': 0.0, 'B': 0.0, 'C': 0.0}",0.0,92.6,ns,26,fault_burst,25.04,5002,3601.0,seen,0,,0.2111
51,"{'A': 0.0, 'B': 0.0, 'C': 0.0}",6,99.93,1.828,"{'A': 15, 'B': 22, 'C': 3}",40,471.7,92.0,6.674,"{'A': 0.0, 'B': 0.0, 'C': 0.0}",0.0,92.0,ns,40,fault_burst,36.66,5003,3600.4,seen,0,,0.1669
52,"{'A': 0.0, 'B': 0.0, 'C': 0.0}",12,99.94,2.094,"{'A': 17, 'B': 12, 'C': 3}",32,471.1,98.9,6.496,"{'A': 0.0, 'B': 0.0, 'C': 0.0}",0.0,96.8,ns,29,fault_burst,28.75,5004,3600.8,seen,0,,0.203
51,"{'A': 0.0, 'B': 0.0, 'C': 0.0}",10,99.93,1.542,"{'A': 14, 'B': 23, 'C': 1}",38,492.7,95.9,6.834,"{'A': 0.0, 'B': 0.0, 'C': 0.0}",0.0,94.5,ns,38,fault_burst,34.58,5005,3600.3,seen,0,,0.1799
54,"{'A': 0.0, 'B': 0.0, 'C': 0.0}",11,99.93,1.58,"{'A': 9, 'B': 23, 'C': 3}",35,501.3,92.1,6.95,"{'A': 0.0, 'B': 0.0, 'C': 0.0}",0.0,92.1,ns,35,fault_burst,31.52,5006,3600.3,seen,0,,0.1986
50,"{'A': 0.0, 'B': 0.0, 'C': 0.0}",9,99.93,1.692,"{'A': 13, 'B': 19, 'C': 2}",34,486.2,96.5,6.749,"{'A': 0.0, 'B': 0.0, 'C': 0.0}",0.0,95.5,ns,33,fault_burst,30.63,5007,3600.6,seen,0,,0.1985
55,"{'A': 0.0, 'B': 0.0, 'C': 0.0}",13,99.93,1.488,"{'A': 14, 'B': 19, 'C': 3}",36,475.2,95.3,6.575,"{'A': 0.0, 'B': 0.0, 'C': 0.0}",0.0,95.3,ns,36,fault_burst,32.71,5008,3600.5,seen,0,,0.1826
55,"{'A': 0.0, 'B': 0.0, 'C': 0.0}",12,99.93,1.943,"{'A': 15, 'B': 16, 'C': 3}",34,495.2,93.2,6.906,"{'A': 0.0, 'B': 0.0, 'C': 0.0}",0.0,93.2,ns,34,fault_burst,30.55,5009,3600.8,seen,0,,0.2031
55,"{'A': 0.0, 'B': 0.0, 'C': 0.0}",12,99.93,1.709,"{'A': 11, 'B': 24, 'C': 4}",39,481.6,93.9,6.672,"{'A': 0.0, 'B': 0.0, 'C': 0.0}",0.0,93.9,ns,38,fault_burst,35.66,5010,3600.8,seen,0,,0.1711
53,"{'A': 0.0, 'B': 0.0, 'C': 0.0}",9,99.93,1.681,"{'A': 13, 'B': 24, 'C': 2}",39,516.3,90.2,7.177,"{'A': 0.0, 'B': 0.0, 'C': 0.0}",0.0,90.2,ns,38,fault_burst,35.41,5011,3600.8,seen,0,,0.184
55,"{'A': 0.0, 'B': 0.0, 'C': 0.0}",10,99.94,1.373,"{'A': 12, 'B': 18, 'C': 3}",33,419.6,93.5,5.909,"{'A': 0.0, 'B': 0.0, 'C': 0.0}",0.0,93.5,ns,31,fault_burst,30.05,5012,3601.0,seen,0,,0.1791
60,"{'A': 0.0, 'B': 0.0, 'C': 0.0}",8,99.93,1.66,"{'A': 12, 'B': 22, 'C': 3}",37,475.5,82.1,6.82,"{'A': 0.0, 'B': 0.0, 'C': 0.0}",0.0,81.8,ns,34,fault_burst,33.59,5013,3600.2,seen,0,,0.1843
52,"{'A': 0.0, 'B': 0.0, 'C': 0.0}",10,99.93,1.375,"{'A': 16, 'B': 20, 'C': 2}",38,505.1,93.6,7.048,"{'A': 0.0, 'B': 0.0, 'C': 0.0}",0.0,93.6,ns,36,fault_burst,34.48,5014,3600.0,seen,0,,0.1855
52,"{'A': 0.0, 'B': 0.0, 'C': 0.0}",5,99.94,1.705,"{'A': 11, 'B': 21, 'C': 2}",34,442.8,92.9,6.322,"{'A': 0.0, 'B': 0.0, 'C': 0.0}",0.0,91.8,ns,32,fault_burst,30.84,5015,3600.4,seen,0,,0.186
59,"{'A': 0.0, 'B': 0.0, 'C': 0.0}",6,99.92,1.435,"{'A': 15, 'B': 18, 'C': 4}",37,529.1,78.2,7.619,"{'A': 0.0, 'B': 0.0, 'C': 0.0}",0.0,78.2,ns,34,fault_burst,33.19,5016,3600.7,seen,0,,0.2059
58,"{'A': 0.0, 'B': 0.0, 'C': 0.0}",6,99.93,1.464,"{'A': 13, 'B': 21, 'C': 3}",37,486.8,82.3,6.956,"{'A': 0.0, 'B': 0.0, 'C': 0.0}",0.0,82.3,ns,35,fault_burst,33.52,5017,3600.3,seen,0,,0.188
54,"{'A': 0.0, 'B': 0.0, 'C': 0.0}",10,99.95,2.211,"{'A': 13, 'B': 17, 'C': 2}",32,367.7,100.0,5.106,"{'A': 0.0, 'B': 0.0, 'C': 0.0}",0.0,93.0,ns,31,fault_burst,29.45,5018,3600.8,seen,0,,0.1596
56,"{'A': 0.0, 'B': 0.0, 'C': 0.0}",10,99.93,1.576,"{'A': 13, 'B': 20, 'C': 3}",36,463.0,90.9,6.531,"{'A': 0.0, 'B': 0.0, 'C': 0.0}",0.0,90.9,ns,36,fault_burst,32.73,5019,3600.3,seen,0,,0.1814
55,"{'A': 0.0, 'B': 0.0, 'C': 0.0}",10,99.95,1.587,"{'A': 12, 'B': 13, 'C': 2}",27,370.7,99.0,5.152,"{'A': 0.0, 'B': 0.0, 'C': 0.0}",0.0,93.4,ns,25,fault_burst,24.42,5020,3600.4,seen,0,,0.1908
51,"{'A': 0.0, 'B': 0.0, 'C': 0.0}",9,99.93,1.531,"{'A': 13, 'B': 25, 'C': 2}",40,484.3,95.6,6.735,"{'A': 0.0, 'B': 0.0, 'C': 0.0}",0.0,94.1,ns,40,fault_burst,36.63,5021,3600.8,seen,0,,0.1684
52,"{'A': 0.0, 'B': 0.0, 'C': 0.0}",11,99.94,1.481,"{'A': 9, 'B': 24, 'C': 3}",36,452.7,98.2,6.234,"{'A': 0.0, 'B': 0.0, 'C': 0.0}",0.0,95.8,ns,36,fault_burst,32.88,5022,3600.7,seen,0,,0.1732
59,"{'A': 0.0, 'B': 0.0, 'C': 0.0}",6,99.93,1.261,"{'A': 12, 'B': 20, 'C': 2}",34,484.6,80.9,6.97,"{'A': 0.0, 'B': 0.0, 'C': 0.0}",0.0,80.9,ns,32,fault_burst,30.52,5023,3600.5,seen,0,,0.205
59,"{'A': 0.0, 'B': 0.0, 'C': 0.0}",6,99.94,1.463,"{'A': 10, 'B': 19, 'C': 4}",33,449.2,83.6,6.392,"{'A': 0.0, 'B': 0.0, 'C': 0.0}",0.0,83.6,ns,32,fault_burst,29.8,5024,3600.8,seen,0,,0.1937
53,"{'A': 0.0, 'B': 0.0, 'C': 0.0}",8,99.94,1.522,"{'A': 9, 'B': 21, 'C': 3}",33,418.3,94.0,5.72,"{'A': 0.0, 'B': 0.0, 'C': 0.0}",0.0,94.0,ns,33,fault_burst,30.14,5025,3600.5,seen,0,,0.1733
51,"{'A': 0.0, 'B': 0.0, 'C': 0.0}",9,99.93,2.19,"{'A': 12, 'B': 24, 'C': 3}",39,485.2,95.7,6.863,"{'A': 0.0, 'B': 0.0, 'C': 0.0}",0.0,95.0,ns,37,fault_burst,35.57,5026,3600.2,seen,0,,0.176
54,"{'A': 0.0, 'B': 0.0, 'C': 0.0}",9,99.93,1.71,"{'A': 14, 'B': 19, 'C': 3}",36,488.2,92.5,6.909,"{'A': 0.0, 'B': 0.0, 'C': 0.0}",0.0,92.5,ns,34,fault_burst,32.55,5027,3600.9,seen,0,,0.1919
52,"{'A': 0.0, 'B': 0.0, 'C': 0.0}",11,99.93,1.703,"{'A': 12, 'B': 23, 'C': 3}",38,508.9,93.8,7.015,"{'A': 0.0, 'B': 0.0, 'C': 0.0}",0.0,93.8,ns,35,fault_burst,34.49,5028,3600.7,seen,0,,0.1846
57,"{'A': 0.0, 'B': 0.0, 'C': 0.0}",4,99.92,1.492,"{'A': 14, 'B': 27, 'C': 2}",43,562.5,76.8,8.154,"{'A': 0.0, 'B': 0.0, 'C': 0.0}",0.0,76.8,ns,42,fault_burst,38.92,5029,3600.4,seen,0,,0.1896
48,"{'A': 596.3, 'B': 772.6, 'C': 1010.8}",1,99.93,1.84,"{'A': 26, 'B': 40, 'C': 5}",71,457.9,39.5,7.499,"{'A': 6.63, 'B': 12.88, 'C': 2.81}",22.31,16.4,ns,87,heavy_load,44.94,5000,3600.2,unseen,0,,0.1056
49,"{'A': 820.6, 'B': 644.0, 'C': 570.1}",1,99.92,1.714,"{'A': 32, 'B': 49, 'C': 6}",87,485.7,36.8,7.822,"{'A': 9.12, 'B': 10.73, 'C': 1.58}",21.43,17.7,ns,88,heavy_load,61.65,5001,3600.3,unseen,0,,0.0899
48,"{'A': 772.5, 'B': 833.3, 'C': 816.7}",1,99.92,1.986,"{'A': 32, 'B': 46, 'C': 6}",84,490.3,36.7,7.868,"{'A': 8.58, 'B': 13.89, 'C': 2.27}",24.74,17.6,ns,85,heavy_load,55.33,5002,3600.1,unseen,0,,0.0937
51,"{'A': 313.0, 'B': 518.0, 'C': 705.8}",2,99.92,1.723,"{'A': 32, 'B': 29, 'C': 6}",67,485.3,36.3,7.699,"{'A': 3.48, 'B': 8.63, 'C': 1.96}",14.07,17.3,ns,80,heavy_load,49.08,5003,3600.4,unseen,0,,0.1149
47,"{'A': 791.4, 'B': 962.3, 'C': 0.0}",1,99.92,2.119,"{'A': 26, 'B': 38, 'C': 5}",69,467.2,39.2,7.609,"{'A': 8.79, 'B': 16.04, 'C': 0.0}",24.83,16.2,ns,82,heavy_load,40.36,5004,3600.9,unseen,0,,0.1103
50,"{'A': 780.3, 'B': 765.1, 'C': 17.4}",1,99.92,1.821,"{'A': 32, 'B': 48, 'C': 6}",86,475.8,37.5,7.714,"{'A': 8.67, 'B': 12.75, 'C': 0.05}",21.47,17.5,ns,86,heavy_load,60.67,5005,3600.1,unseen,0,,0.0897
49,"{'A': 948.7, 'B': 642.2, 'C': 767.3}",1,99.92,1.816,"{'A': 30, 'B': 50, 'C': 6}",86,483.9,37.5,7.764,"{'A': 10.54, 'B': 10.7, 'C': 2.13}",23.38,17.2,ns,86,heavy_load,58.74,5006,3600.8,unseen,0,,0.0903
49,"{'A': 654.0, 'B': 766.3, 'C': 869.5}",1,99.92,2.006,"{'A': 32, 'B': 41, 'C': 6}",79,462.5,38.9,7.591,"{'A': 7.27, 'B': 12.77, 'C': 2.42}",22.45,16.6,ns,89,heavy_load,52.75,5007,3600.9,unseen,0,,0.0961
49,"{'A': 680.1, 'B': 723.3, 'C': 890.8}",1,99.92,1.989,"{'A': 33, 'B': 47, 'C': 5}",85,485.8,36.8,7.823,"{'A': 7.56, 'B': 12.05, 'C': 2.47}",22.09,17.7,ns,86,heavy_load,59.0,5008,3600.6,unseen,0,,0.092
46,"{'A': 836.0, 'B': 804.3, 'C': 853.2}",1,99.92,1.818,"{'A': 26, 'B': 35, 'C': 5}",66,466.4,38.8,7.722,"{'A': 9.29, 'B': 13.4, 'C': 2.37}",25.06,16.1,ns,84,heavy_load,37.07,5009,3600.8,unseen,0,,0.117
49,"{'A': 0.0, 'B': 784.4, 'C': 1053.9}",1,99.92,2.204,"{'A': 27, 'B': 47, 'C': 7}",81,484.9,37.3,7.761,"{'A': 0.0, 'B': 13.07, 'C': 2.93}",16.0,17.5,ns,81,heavy_load,61.12,5010,3600.4,unseen,0,,0.0958
48,"{'A': 713.2, 'B': 835.9, 'C': 671.3}",1,99.92,1.97,"{'A': 25, 'B': 39, 'C': 5}",69,462.6,39.3,7.532,"{'A': 7.92, 'B': 13.93, 'C': 1.86}",23.72,16.5,ns,85,heavy_load,41.51,5011,3600.1,unseen,0,,0.1092
49,"{'A': 789.3, 'B': 652.9, 'C': 994.6}",1,99.92,2.09,"{'A': 27, 'B': 50, 'C': 5}",82,484.3,37.8,7.686,"{'A': 8.77, 'B': 10.88, 'C': 2.76}",22.41,17.3,ns,88,heavy_load,55.74,5012,3600.9,unseen,0,,0.0937
48,"{'A': 592.4, 'B': 825.8, 'C': 992.1}",1,99.92,1.912,"{'A': 25, 'B': 42, 'C': 5}",72,457.5,39.5,7.509,"{'A': 6.58, 'B': 13.76, 'C': 2.76}",23.1,16.3,ns,88,heavy_load,45.14,5013,3600.0,unseen,0,,0.1043
49,"{'A': 739.9, 'B': 603.8, 'C': 1025.6}",1,99.92,1.975,"{'A': 27, 'B': 50, 'C': 5}",82,481.0,38.0,7.702,"{'A': 8.22, 'B': 10.06, 'C': 2.85}",21.13,17.1,ns,88,heavy_load,57.02,5014,3600.2,unseen,0,,0.0939
49,"{'A': 854.0, 'B': 614.1, 'C': 543.4}",1,99.92,1.967,"{'A': 26, 'B': 50, 'C': 3}",79,487.5,37.8,7.645,"{'A': 9.49, 'B': 10.24, 'C': 1.51}",21.23,17.4,ns,85,heavy_load,53.94,5015,3600.9,unseen,0,,0.0968
49,"{'A': 655.3, 'B': 719.9, 'C': 1079.6}",1,99.92,2.064,"{'A': 33, 'B': 48, 'C': 5}",86,491.3,36.5,7.885,"{'A': 7.28, 'B': 12.0, 'C': 3.0}",22.28,17.7,ns,88,heavy_load,59.78,5016,3600.6,unseen,0,,0.0917
49,"{'A': 961.7, 'B': 616.6, 'C': 804.3}",1,99.92,2.25,"{'A': 30, 'B': 49, 'C': 6}",85,487.0,37.3,7.77,"{'A': 10.69, 'B': 10.28, 'C': 2.23}",23.2,17.4,ns,85,heavy_load,57.92,5017,3600.8,unseen,0,,0.0914
49,"{'A': 863.5, 'B': 745.1, 'C': 617.1}",1,99.92,1.942,"{'A': 25, 'B': 48, 'C': 6}",79,483.5,37.8,7.698,"{'A': 9.59, 'B': 12.42, 'C': 1.71}",23.73,17.2,ns,85,heavy_load,51.42,5018,3600.7,unseen,0,,0.0974
50,"{'A': 809.9, 'B': 831.8, 'C': 768.5}",1,99.92,2.04,"{'A': 33, 'B': 45, 'C': 6}",84,477.6,37.5,7.692,"{'A': 9.0, 'B': 13.86, 'C': 2.13}",25.0,17.6,ns,85,heavy_load,55.16,5019,3600.6,unseen,0,,0.0916
49,"{'A': 805.2, 'B': 686.2, 'C': 1010.9}",1,99.92,2.287,"{'A': 26, 'B': 50, 'C': 5}",81,483.7,37.8,7.689,"{'A': 8.95, 'B': 11.44, 'C': 2.81}",23.19,17.2,ns,87,heavy_load,53.96,5020,3600.2,unseen,0,,0.0949
49,"{'A': 825.4, 'B': 664.4, 'C': 648.5}",1,99.92,1.736,"{'A': 26, 'B': 49, 'C': 6}",81,473.0,38.3,7.634,"{'A': 9.17, 'B': 11.07, 'C': 1.8}",22.05,17.0,ns,86,heavy_load,55.14,5021,3600.9,unseen,0,,0.0942
49,"{'A': 934.1, 'B': 728.3, 'C': 714.5}",1,99.92,2.292,"{'A': 25, 'B': 47, 'C': 6}",78,480.3,38.2,7.657,"{'A': 10.38, 'B': 12.14, 'C': 1.98}",24.5,17.0,ns,83,heavy_load,49.67,5022,3600.6,unseen,0,,0.0982
48,"{'A': 631.0, 'B': 752.3, 'C': 898.5}",1,99.92,1.816,"{'A': 27, 'B': 48, 'C': 5}",80,480.4,38.2,7.651,"{'A': 7.01, 'B': 12.54, 'C': 2.5}",22.05,17.0,ns,85,heavy_load,54.13,5023,3600.8,unseen,0,,0.0956
47,"{'A': 790.2, 'B': 650.0, 'C': 901.3}",1,99.93,1.979,"{'A': 26, 'B': 38, 'C': 5}",69,455.3,39.8,7.486,"{'A': 8.78, 'B': 10.83, 'C': 2.5}",22.12,16.0,ns,88,heavy_load,43.14,5024,3600.4,unseen,0,,0.1085
49,"{'A': 616.4, 'B': 775.0, 'C': 961.8}",1,99.92,1.773,"{'A': 31, 'B': 42, 'C': 6}",79,460.5,39.0,7.588,"{'A': 6.85, 'B': 12.92, 'C': 2.67}",22.44,16.5,ns,89,heavy_load,52.77,5025,3600.9,unseen,0,,0.0961
49,"{'A': 884.5, 'B': 706.7, 'C': 818.5}",1,99.92,1.788,"{'A': 31, 'B': 47, 'C': 6}",84,485.7,36.8,7.822,"{'A': 9.83, 'B': 11.78, 'C': 2.27}",23.88,17.7,ns,85,heavy_load,56.21,5026,3600.3,unseen,0,,0.0931
49,"{'A': 515.7, 'B': 699.4, 'C': 866.8}",1,99.93,1.571,"{'A': 14, 'B': 42, 'C': 6}",62,460.8,39.8,7.412,"{'A': 5.73, 'B': 11.66, 'C': 2.41}",19.79,16.5,ns,78,heavy_load,38.5,5027,3600.6,unseen,0,,0.1196
49,"{'A': 893.1, 'B': 605.0, 'C': 828.6}",1,99.92,1.706,"{'A': 31, 'B': 48, 'C': 6}",85,484.3,37.5,7.765,"{'A': 9.92, 'B': 10.08, 'C': 2.3}",22.31,17.2,ns,85,heavy_load,58.81,5028,3600.8,unseen,0,,0.0913
49,"{'A': 693.6, 'B': 628.5, 'C': 806.4}",1,99.92,2.041,"{'A': 16, 'B': 50, 'C': 6}",72,484.5,37.8,7.667,"{'A': 7.71, 'B': 10.48, 'C': 2.24}",20.42,17.4,ns,78,heavy_load,47.74,5029,3600.3,unseen,0,,0.1065
51,"{'A': 0.0, 'B': 0.0, 'C': 0.0}",5,99.92,1.532,"{'A': 20, 'B': 31, 'C': 4}",55,495.7,87.7,7.711,"{'A': 0.0, 'B': 0.0, 'C': 0.0}",0.0,87.7,ns,53,heavy_parts,51.14,5000,3600.1,unseen,0,,0.1402
57,"{'A': 0.0, 'B': 0.0, 'C': 0.0}",4,99.91,1.314,"{'A': 20, 'B': 31, 'C': 4}",55,590.8,70.2,9.084,"{'A': 0.0, 'B': 0.0, 'C': 0.0}",0.0,70.2,ns,55,heavy_parts,50.46,5001,3600.8,unseen,0,,0.1652
64,"{'A': 0.0, 'B': 0.0, 'C': 0.0}",1,99.9,1.607,"{'A': 20, 'B': 33, 'C': 4}",57,621.7,58.5,9.74,"{'A': 0.0, 'B': 0.0, 'C': 0.0}",0.0,58.5,ns,54,heavy_parts,52.13,5002,3600.0,unseen,0,,0.1709
53,"{'A': 54.9, 'B': 0.0, 'C': 0.0}",5,99.93,1.358,"{'A': 20, 'B': 23, 'C': 5}",48,438.1,88.1,7.456,"{'A': 0.3, 'B': 0.0, 'C': 0.0}",0.3,88.1,ns,46,heavy_parts,43.97,5003,3600.4,unseen,0,,0.1553
56,"{'A': 0.0, 'B': 0.0, 'C': 0.0}",4,99.92,1.712,"{'A': 21, 'B': 29, 'C': 3}",53,522.0,77.2,8.315,"{'A': 0.0, 'B': 0.0, 'C': 0.0}",0.0,77.2,ns,52,heavy_parts,48.84,5004,3600.4,unseen,0,,0.1569
64,"{'A': 0.0, 'B': 0.0, 'C': 0.0}",0,99.9,1.5,"{'A': 21, 'B': 28, 'C': 4}",53,633.7,54.6,9.994,"{'A': 0.0, 'B': 0.0, 'C': 0.0}",0.0,54.6,ns,54,heavy_parts,48.0,5005,3600.9,unseen,0,,0.1886
54,"{'A': 0.0, 'B': 0.0, 'C': 0.0}",5,99.92,1.444,"{'A': 19, 'B': 30, 'C': 4}",53,523.5,80.2,8.218,"{'A': 0.0, 'B': 0.0, 'C': 0.0}",0.0,80.2,ns,52,heavy_parts,48.89,5006,3600.4,unseen,0,,0.1551
57,"{'A': 0.0, 'B': 0.0, 'C': 0.0}",2,99.91,1.395,"{'A': 19, 'B': 30, 'C': 4}",53,525.1,73.6,8.574,"{'A': 0.0, 'B': 0.0, 'C': 0.0}",0.0,73.6,ns,51,heavy_parts,48.71,5007,3600.4,unseen,0,,0.1618
60,"{'A': 0.0, 'B': 0.0, 'C': 0.0}",1,99.9,1.674,"{'A': 20, 'B': 29, 'C': 4}",53,608.8,62.8,9.502,"{'A': 0.0, 'B': 0.0, 'C': 0.0}",0.0,62.8,ns,52,heavy_parts,48.25,5008,3600.9,unseen,0,,0.1793
54,"{'A': 0.0, 'B': 0.0, 'C': 0.0}",4,99.92,1.673,"{'A': 21, 'B': 29, 'C': 4}",54,537.3,78.8,8.321,"{'A': 0.0, 'B': 0.0, 'C': 0.0}",0.0,78.8,ns,53,heavy_parts,49.84,5009,3600.6,unseen,0,,0.1541
50,"{'A': 0.0, 'B': 0.0, 'C': 0.0}",6,99.92,1.347,"{'A': 14, 'B': 31, 'C': 5}",50,474.1,89.1,7.552,"{'A': 0.0, 'B': 0.0, 'C': 0.0}",0.0,89.1,ns,47,heavy_parts,46.22,5010,3600.5,unseen,0,,0.151
55,"{'A': 0.0, 'B': 0.0, 'C': 0.0}",3,99.91,1.449,"{'A': 19, 'B': 29, 'C': 5}",53,541.1,76.2,8.547,"{'A': 0.0, 'B': 0.0, 'C': 0.0}",0.0,76.2,ns,53,heavy_parts,48.73,5011,3600.3,unseen,0,,0.1613
58,"{'A': 0.0, 'B': 0.0, 'C': 0.0}",2,99.91,1.663,"{'A': 20, 'B': 30, 'C': 5}",55,555.7,72.4,8.685,"{'A': 0.0, 'B': 0.0, 'C': 0.0}",0.0,72.4,ns,54,heavy_parts,50.66,5012,3600.9,unseen,0,,0.1579
55,"{'A': 0.0, 'B': 0.0, 'C': 0.0}",4,99.91,1.717,"{'A': 19, 'B': 29, 'C': 5}",53,555.5,76.7,8.531,"{'A': 0.0, 'B': 0.0, 'C': 0.0}",0.0,76.7,ns,52,heavy_parts,48.73,5013,3600.3,unseen,0,,0.161
59,"{'A': 0.0, 'B': 0.0, 'C': 0.0}",5,99.91,1.51,"{'A': 20, 'B': 31, 'C': 4}",55,565.4,71.6,8.819,"{'A': 0.0, 'B': 0.0, 'C': 0.0}",0.0,71.6,ns,54,heavy_parts,50.59,5014,3600.6,unseen,0,,0.1604
59,"{'A': 0.0, 'B': 0.0, 'C': 0.0}",4,99.91,1.354,"{'A': 20, 'B': 31, 'C': 2}",53,535.9,72.8,8.538,"{'A': 0.0, 'B': 0.0, 'C': 0.0}",0.0,72.8,ns,52,heavy_parts,48.73,5015,3600.2,unseen,0,,0.1611
58,"{'A': 0.0, 'B': 0.0, 'C': 0.0}",3,99.91,1.437,"{'A': 20, 'B': 29, 'C': 4}",53,539.9,73.9,8.553,"{'A': 0.0, 'B': 0.0, 'C': 0.0}",0.0,73.9,ns,53,heavy_parts,48.72,5016,3600.3,unseen,0,,0.1614
61,"{'A': 0.0, 'B': 0.0, 'C': 0.0}",1,99.91,1.517,"{'A': 19, 'B': 30, 'C': 4}",53,604.3,63.1,9.425,"{'A': 0.0, 'B': 0.0, 'C': 0.0}",0.0,63.1,ns,53,heavy_parts,48.29,5017,3600.5,unseen,0,,0.1778
52,"{'A': 0.0, 'B': 0.0, 'C': 0.0}",3,99.92,2.101,"{'A': 20, 'B': 31, 'C': 4}",55,493.4,84.1,7.887,"{'A': 0.0, 'B': 0.0, 'C': 0.0}",0.0,84.1,ns,53,heavy_parts,51.06,5018,3600.1,unseen,0,,0.1434
51,"{'A': 0.0, 'B': 0.0, 'C': 0.0}",3,99.92,1.62,"{'A': 20, 'B': 30, 'C': 4}",54,486.6,85.4,7.858,"{'A': 0.0, 'B': 0.0, 'C': 0.0}",0.0,85.4,ns,54,heavy_parts,50.07,5019,3600.6,unseen,0,,0.1455
55,"{'A': 0.0, 'B': 0.0, 'C': 0.0}",6,99.92,1.67,"{'A': 19, 'B': 30, 'C': 4}",53,526.6,78.6,8.401,"{'A': 0.0, 'B': 0.0, 'C': 0.0}",0.0,78.6,ns,53,heavy_parts,48.8,5020,3600.2,unseen,0,,0.1585
62,"{'A': 0.0, 'B': 0.0, 'C': 0.0}",2,99.91,1.467,"{'A': 21, 'B': 30, 'C': 4}",55,606.0,63.0,9.426,"{'A': 0.0, 'B': 0.0, 'C': 0.0}",0.0,63.0,ns,55,heavy_parts,50.29,5021,3601.0,unseen,0,,0.1714
62,"{'A': 0.0, 'B': 0.0, 'C': 0.0}",3,99.9,1.479,"{'A': 20, 'B': 30, 'C': 5}",55,600.5,63.0,9.507,"{'A': 0.0, 'B': 0.0, 'C': 0.0}",0.0,63.0,ns,54,heavy_parts,50.25,5022,3600.7,unseen,0,,0.1728
60,"{'A': 0.0, 'B': 0.0, 'C': 0.0}",2,99.91,1.526,"{'A': 19, 'B': 30, 'C': 4}",53,600.0,64.1,9.369,"{'A': 0.0, 'B': 0.0, 'C': 0.0}",0.0,64.1,ns,53,heavy_parts,48.32,5023,3600.5,unseen,0,,0.1768
53,"{'A': 0.0, 'B': 0.0, 'C': 0.0}",6,99.92,1.415,"{'A': 21, 'B': 30, 'C': 4}",55,507.2,84.3,7.984,"{'A': 0.0, 'B': 0.0, 'C': 0.0}",0.0,84.3,ns,54,heavy_parts,51.01,5024,3600.6,unseen,0,,0.1452
53,"{'A': 0.0, 'B': 0.0, 'C': 0.0}",2,99.92,1.734,"{'A': 19, 'B': 29, 'C': 5}",53,508.6,79.5,8.238,"{'A': 0.0, 'B': 0.0, 'C': 0.0}",0.0,79.5,ns,52,heavy_parts,48.88,5025,3600.0,unseen,0,,0.1554
53,"{'A': 0.0, 'B': 0.0, 'C': 0.0}",3,99.92,1.49,"{'A': 21, 'B': 30, 'C': 5}",56,520.1,81.1,8.191,"{'A': 0.0, 'B': 0.0, 'C': 0.0}",0.0,81.1,ns,54,heavy_parts,51.9,5026,3600.6,unseen,0,,0.1463
57,"{'A': 0.0, 'B': 0.0, 'C': 0.0}",6,99.92,1.408,"{'A': 14, 'B': 31, 'C': 5}",50,525.7,77.0,8.302,"{'A': 0.0, 'B': 0.0, 'C': 0.0}",0.0,77.0,ns,48,heavy_parts,45.85,5027,3601.0,unseen,0,,0.166
58,"{'A': 0.0, 'B': 0.0, 'C': 0.0}",1,99.91,1.534,"{'A': 21, 'B': 33, 'C': 4}",58,552.4,67.7,9.043,"{'A': 0.0, 'B': 0.0, 'C': 0.0}",0.0,67.7,ns,56,heavy_parts,53.48,5028,3600.4,unseen,0,,0.1559
54,"{'A': 0.0, 'B': 0.0, 'C': 0.0}",6,99.92,1.406,"{'A': 14, 'B': 31, 'C': 5}",50,484.1,83.9,7.772,"{'A': 0.0, 'B': 0.0, 'C': 0.0}",0.0,83.9,ns,48,heavy_parts,46.11,5029,3600.2,unseen,0,,0.1554
65,"{'A': 0.0, 'B': 0.0, 'C': 0.0}",0,99.9,1.747,"{'A': 39, 'B': 58, 'C': 9}",106,655.5,54.0,10.116,"{'A': 0.0, 'B': 0.0, 'C': 0.0}",0.0,54.0,ns,107,high_demand,100.94,5000,3600.8,seen,0,,0.0954
65,"{'A': 0.0, 'B': 0.0, 'C': 0.0}",0,99.9,2.185,"{'A': 38, 'B': 62, 'C': 9}",109,650.5,54.2,10.076,"{'A': 0.0, 'B': 0.0, 'C': 0.0}",0.0,54.2,ns,110,high_demand,103.96,5001,3600.0,seen,0,,0.0924
65,"{'A': 0.0, 'B': 0.0, 'C': 0.0}",0,99.9,2.764,"{'A': 38, 'B': 59, 'C': 8}",105,649.1,54.6,9.999,"{'A': 0.0, 'B': 0.0, 'C': 0.0}",0.0,54.6,ns,109,high_demand,100.0,5002,3600.4,seen,0,,0.0952
65,"{'A': 0.0, 'B': 0.0, 'C': 0.0}",0,99.9,2.092,"{'A': 38, 'B': 45, 'C': 9}",92,651.3,54.2,10.07,"{'A': 0.0, 'B': 0.0, 'C': 0.0}",0.0,54.2,ns,95,high_demand,86.96,5003,3600.0,seen,0,,0.1095
65,"{'A': 0.0, 'B': 0.0, 'C': 0.0}",0,99.9,1.786,"{'A': 40, 'B': 59, 'C': 8}",107,655.6,53.7,10.177,"{'A': 0.0, 'B': 0.0, 'C': 0.0}",0.0,53.7,ns,108,high_demand,101.91,5004,3601.0,seen,0,,0.0951
65,"{'A': 0.0, 'B': 0.0, 'C': 0.0}",0,99.9,2.012,"{'A': 39, 'B': 60, 'C': 7}",106,655.4,54.2,10.083,"{'A': 0.0, 'B': 0.0, 'C': 0.0}",0.0,54.2,ns,106,high_demand,100.96,5005,3600.6,seen,0,,0.0951
64,"{'A': 0.0, 'B': 0.0, 'C': 0.0}",0,99.9,2.072,"{'A': 37, 'B': 61, 'C': 8}",106,667.1,53.5,10.226,"{'A': 0.0, 'B': 0.0, 'C': 0.0}",0.0,53.5,ns,107,high_demand,100.89,5006,3600.4,seen,0,,0.0965
65,"{'A': 0.0, 'B': 0.0, 'C': 0.0}",0,99.9,2.392,"{'A': 40, 'B': 59, 'C': 9}",108,649.9,54.2,10.077,"{'A': 0.0, 'B': 0.0, 'C': 0.0}",0.0,54.2,ns,108,high_demand,102.96,5007,3600.4,seen,0,,0.0933
64,"{'A': 0.0, 'B': 0.0, 'C': 0.0}",0,99.9,2.089,"{'A': 38, 'B': 62, 'C': 8}",108,656.4,53.5,10.223,"{'A': 0.0, 'B': 0.0, 'C': 0.0}",0.0,53.5,ns,108,high_demand,102.89,5008,3600.1,seen,0,,0.0947
64,"{'A': 0.0, 'B': 0.0, 'C': 0.0}",0,99.9,1.928,"{'A': 39, 'B': 59, 'C': 7}",105,657.9,53.6,10.202,"{'A': 0.0, 'B': 0.0, 'C': 0.0}",0.0,53.6,ns,106,high_demand,99.9,5009,3600.0,seen,0,,0.0972
65,"{'A': 0.0, 'B': 0.0, 'C': 0.0}",0,99.9,2.271,"{'A': 28, 'B': 62, 'C': 9}",99,655.3,54.2,10.082,"{'A': 0.0, 'B': 0.0, 'C': 0.0}",0.0,54.2,ns,98,high_demand,93.96,5010,3600.2,seen,0,,0.1018
65,"{'A': 0.0, 'B': 0.0, 'C': 0.0}",0,99.9,2.359,"{'A': 41, 'B': 61, 'C': 9}",111,645.9,54.5,10.013,"{'A': 0.0, 'B': 0.0, 'C': 0.0}",0.0,54.5,ns,111,high_demand,105.99,5011,3600.2,seen,0,,0.0902
65,"{'A': 0.0, 'B': 0.0, 'C': 0.0}",0,99.9,2.526,"{'A': 39, 'B': 60, 'C': 8}",107,645.6,54.3,10.053,"{'A': 0.0, 'B': 0.0, 'C': 0.0}",0.0,54.3,ns,110,high_demand,101.97,5012,3600.4,seen,0,,0.094
65,"{'A': 0.0, 'B': 0.0, 'C': 0.0}",0,99.9,2.266,"{'A': 39, 'B': 57, 'C': 8}",104,655.4,53.8,10.167,"{'A': 0.0, 'B': 0.0, 'C': 0.0}",0.0,53.8,ns,108,high_demand,98.92,5013,3600.5,seen,0,,0.0978
61,"{'A': 0.0, 'B': 0.0, 'C': 0.0}",1,99.9,2.147,"{'A': 40, 'B': 60, 'C': 8}",108,620.0,61.6,9.642,"{'A': 0.0, 'B': 0.0, 'C': 0.0}",0.0,61.6,ns,108,high_demand,103.18,5014,3600.7,seen,0,,0.0893
65,"{'A': 0.0, 'B': 0.0, 'C': 0.0}",0,99.9,2.103,"{'A': 40, 'B': 57, 'C': 6}",103,655.3,54.4,10.034,"{'A': 0.0, 'B': 0.0, 'C': 0.0}",0.0,54.4,ns,104,high_demand,97.98,5015,3600.3,seen,0,,0.0974
65,"{'A': 0.0, 'B': 0.0, 'C': 0.0}",0,99.9,1.72,"{'A': 37, 'B': 59, 'C': 9}",105,650.1,54.1,10.095,"{'A': 0.0, 'B': 0.0, 'C': 0.0}",0.0,54.1,ns,108,high_demand,99.95,5016,3600.8,seen,0,,0.0961
65,"{'A': 0.0, 'B': 0.0, 'C': 0.0}",0,99.9,2.111,"{'A': 37, 'B': 58, 'C': 9}",104,648.1,54.4,10.034,"{'A': 0.0, 'B': 0.0, 'C': 0.0}",0.0,54.4,ns,107,high_demand,98.98,5017,3600.7,seen,0,,0.0965
65,"{'A': 0.0, 'B': 0.0, 'C': 0.0}",0,99.9,2.102,"{'A': 38, 'B': 59, 'C': 8}",105,655.2,54.1,10.095,"{'A': 0.0, 'B': 0.0, 'C': 0.0}",0.0,54.1,ns,109,high_demand,99.95,5018,3600.0,seen,0,,0.0961
65,"{'A': 0.0, 'B': 0.0, 'C': 0.0}",0,99.9,1.925,"{'A': 41, 'B': 59, 'C': 9}",109,652.0,54.1,10.092,"{'A': 0.0, 'B': 0.0, 'C': 0.0}",0.0,54.1,ns,110,high_demand,103.95,5019,3600.8,seen,0,,0.0926
65,"{'A': 0.0, 'B': 0.0, 'C': 0.0}",0,99.9,2.001,"{'A': 40, 'B': 60, 'C': 9}",109,655.6,53.4,10.246,"{'A': 0.0, 'B': 0.0, 'C': 0.0}",0.0,53.4,ns,111,high_demand,103.88,5020,3601.0,seen,0,,0.094
65,"{'A': 0.0, 'B': 0.0, 'C': 0.0}",0,99.9,2.226,"{'A': 40, 'B': 58, 'C': 8}",106,655.2,53.5,10.234,"{'A': 0.0, 'B': 0.0, 'C': 0.0}",0.0,53.5,ns,107,high_demand,100.88,5021,3600.0,seen,0,,0.0965
65,"{'A': 0.0, 'B': 0.0, 'C': 0.0}",0,99.9,2.005,"{'A': 38, 'B': 60, 'C': 8}",106,655.2,54.0,10.128,"{'A': 0.0, 'B': 0.0, 'C': 0.0}",0.0,54.0,ns,107,high_demand,100.94,5022,3600.1,seen,0,,0.0955
64,"{'A': 0.0, 'B': 0.0, 'C': 0.0}",0,99.9,2.972,"{'A': 37, 'B': 58, 'C': 8}",103,664.1,53.8,10.165,"{'A': 0.0, 'B': 0.0, 'C': 0.0}",0.0,53.8,ns,106,high_demand,97.92,5023,3600.8,seen,0,,0.0987
65,"{'A': 0.0, 'B': 0.0, 'C': 0.0}",0,99.9,2.017,"{'A': 38, 'B': 61, 'C': 9}",108,655.2,53.9,10.144,"{'A': 0.0, 'B': 0.0, 'C': 0.0}",0.0,53.9,ns,108,high_demand,102.93,5024,3600.0,seen,0,,0.0939
65,"{'A': 0.0, 'B': 0.0, 'C': 0.0}",0,99.9,2.625,"{'A': 38, 'B': 58, 'C': 9}",105,646.5,54.3,10.063,"{'A': 0.0, 'B': 0.0, 'C': 0.0}",0.0,54.3,ns,108,high_demand,99.97,5025,3600.8,seen,0,,0.0958
64,"{'A': 0.0, 'B': 0.0, 'C': 0.0}",0,99.9,2.151,"{'A': 40, 'B': 62, 'C': 8}",110,663.0,53.5,10.232,"{'A': 0.0, 'B': 0.0, 'C': 0.0}",0.0,53.5,ns,111,high_demand,104.88,5026,3600.9,seen,0,,0.093
63,"{'A': 0.0, 'B': 0.0, 'C': 0.0}",1,99.9,1.867,"{'A': 26, 'B': 61, 'C': 8}",95,621.2,60.6,9.603,"{'A': 0.0, 'B': 0.0, 'C': 0.0}",0.0,60.6,ns,97,high_demand,90.2,5027,3600.8,seen,0,,0.1011
65,"{'A': 0.0, 'B': 0.0, 'C': 0.0}",0,99.9,2.073,"{'A': 36, 'B': 62, 'C': 10}",108,651.6,53.9,10.141,"{'A': 0.0, 'B': 0.0, 'C': 0.0}",0.0,53.9,ns,109,high_demand,102.93,5028,3600.9,seen,0,,0.0939
66,"{'A': 0.0, 'B': 0.0, 'C': 0.0}",0,99.9,1.659,"{'A': 28, 'B': 57, 'C': 9}",94,620.1,55.2,9.86,"{'A': 0.0, 'B': 0.0, 'C': 0.0}",0.0,55.2,ns,96,high_demand,89.07,5029,3600.0,seen,0,,0.1049
58,"{'A': 0.0, 'B': 0.0, 'C': 0.0}",2,99.91,1.555,"{'A': 20, 'B': 32, 'C': 4}",56,613.4,65.0,9.342,"{'A': 0.0, 'B': 0.0, 'C': 0.0}",0.0,65.0,ns,54,hot_factory,51.33,5000,3600.7,unseen,0,,0.1668
58,"{'A': 0.0, 'B': 0.0, 'C': 0.0}",2,99.91,1.431,"{'A': 19, 'B': 32, 'C': 4}",55,581.9,67.4,9.125,"{'A': 0.0, 'B': 0.0, 'C': 0.0}",0.0,67.4,ns,53,hot_factory,50.44,5001,3600.9,unseen,0,,0.1659
61,"{'A': 0.0, 'B': 0.0, 'C': 0.0}",1,99.9,1.8,"{'A': 20, 'B': 32, 'C': 4}",56,630.5,60.4,9.669,"{'A': 0.0, 'B': 0.0, 'C': 0.0}",0.0,60.4,ns,54,hot_factory,51.17,5002,3600.7,unseen,0,,0.1727
60,"{'A': 0.0, 'B': 0.0, 'C': 0.0}",4,99.91,1.576,"{'A': 20, 'B': 21, 'C': 4}",45,540.2,71.0,8.571,"{'A': 0.0, 'B': 0.0, 'C': 0.0}",0.0,71.0,ns,45,hot_factory,40.71,5003,3600.2,unseen,0,,0.1905
60,"{'A': 0.0, 'B': 0.0, 'C': 0.0}",1,99.9,1.68,"{'A': 21, 'B': 30, 'C': 4}",55,635.5,60.0,9.694,"{'A': 0.0, 'B': 0.0, 'C': 0.0}",0.0,60.0,ns,53,hot_factory,50.15,5004,3600.5,unseen,0,,0.1763
62,"{'A': 0.0, 'B': 0.0, 'C': 0.0}",2,99.91,1.601,"{'A': 21, 'B': 32, 'C': 4}",57,588.7,64.3,9.216,"{'A': 0.0, 'B': 0.0, 'C': 0.0}",0.0,64.3,ns,56,hot_factory,52.39,5005,3600.5,unseen,0,,0.1617
59,"{'A': 0.0, 'B': 0.0, 'C': 0.0}",2,99.91,1.394,"{'A': 20, 'B': 30, 'C': 4}",54,591.1,66.7,9.136,"{'A': 0.0, 'B': 0.0, 'C': 0.0}",0.0,66.7,ns,52,hot_factory,49.43,5006,3600.6,unseen,0,,0.1692
61,"{'A': 0.0, 'B': 0.0, 'C': 0.0}",1,99.9,1.687,"{'A': 21, 'B': 31, 'C': 4}",56,631.3,60.5,9.646,"{'A': 0.0, 'B': 0.0, 'C': 0.0}",0.0,60.5,ns,54,hot_factory,51.18,5007,3600.6,unseen,0,,0.1723
61,"{'A': 0.0, 'B': 0.0, 'C': 0.0}",1,99.9,2.166,"{'A': 21, 'B': 31, 'C': 4}",56,622.7,60.2,9.661,"{'A': 0.0, 'B': 0.0, 'C': 0.0}",0.0,60.2,ns,56,hot_factory,51.17,5008,3600.7,unseen,0,,0.1725
61,"{'A': 0.0, 'B': 0.0, 'C': 0.0}",1,99.91,1.653,"{'A': 20, 'B': 29, 'C': 4}",53,600.4,61.1,9.467,"{'A': 0.0, 'B': 0.0, 'C': 0.0}",0.0,61.1,ns,52,hot_factory,48.27,5009,3600.5,unseen,0,,0.1786
58,"{'A': 0.0, 'B': 0.0, 'C': 0.0}",2,99.91,1.727,"{'A': 15, 'B': 31, 'C': 4}",50,580.3,68.5,8.982,"{'A': 0.0, 'B': 0.0, 'C': 0.0}",0.0,65.0,ns,49,hot_factory,45.51,5010,3600.9,unseen,0,,0.1796
61,"{'A': 0.0, 'B': 0.0, 'C': 0.0}",1,99.91,1.393,"{'A': 18, 'B': 32, 'C': 5}",55,601.1,61.4,9.457,"{'A': 0.0, 'B': 0.0, 'C': 0.0}",0.0,61.4,ns,55,hot_factory,50.27,5011,3600.4,unseen,0,,0.1719
62,"{'A': 0.0, 'B': 0.0, 'C': 0.0}",1,99.91,1.949,"{'A': 19, 'B': 30, 'C': 4}",53,607.7,61.2,9.488,"{'A': 0.0, 'B': 0.0, 'C': 0.0}",0.0,61.2,ns,54,hot_factory,48.26,5012,3600.3,unseen,0,,0.179
61,"{'A': 0.0, 'B': 0.0, 'C': 0.0}",1,99.9,1.881,"{'A': 20, 'B': 30, 'C': 5}",55,606.7,61.1,9.51,"{'A': 0.0, 'B': 0.0, 'C': 0.0}",0.0,61.1,ns,54,hot_factory,50.25,5013,3600.7,unseen,0,,0.1729
61,"{'A': 0.0, 'B': 0.0, 'C': 0.0}",1,99.91,1.854,"{'A': 21, 'B': 31, 'C': 4}",56,596.1,61.5,9.415,"{'A': 0.0, 'B': 0.0, 'C': 0.0}",0.0,61.5,ns,54,hot_factory,51.29,5014,3600.5,unseen,0,,0.1681
60,"{'A': 0.0, 'B': 0.0, 'C': 0.0}",1,99.9,2.245,"{'A': 21, 'B': 30, 'C': 4}",55,642.8,60.1,9.727,"{'A': 0.0, 'B': 0.0, 'C': 0.0}",0.0,60.1,ns,53,hot_factory,50.14,5015,3600.2,unseen,0,,0.1768
61,"{'A': 0.0, 'B': 0.0, 'C': 0.0}",1,99.9,1.745,"{'A': 20, 'B': 29, 'C': 4}",53,613.7,61.1,9.512,"{'A': 0.0, 'B': 0.0, 'C': 0.0}",0.0,61.1,ns,53,hot_factory,48.24,5016,3600.5,unseen,0,,0.1795
60,"{'A': 0.0, 'B': 0.0, 'C': 0.0}",1,99.9,1.977,"{'A': 19, 'B': 32, 'C': 4}",55,622.8,60.6,9.62,"{'A': 0.0, 'B': 0.0, 'C': 0.0}",0.0,60.6,ns,55,hot_factory,50.19,5017,3600.0,unseen,0,,0.1749
60,"{'A': 0.0, 'B': 0.0, 'C': 0.0}",1,99.9,1.913,"{'A': 19, 'B': 30, 'C': 4}",53,608.3,61.1,9.52,"{'A': 0.0, 'B': 0.0, 'C': 0.0}",0.0,61.1,ns,53,hot_factory,48.24,5018,3600.7,unseen,0,,0.1796
60,"{'A': 0.0, 'B': 0.0, 'C': 0.0}",1,99.9,2.064,"{'A': 20, 'B': 30, 'C': 4}",54,635.2,60.0,9.715,"{'A': 0.0, 'B': 0.0, 'C': 0.0}",0.0,60.0,ns,53,hot_factory,49.14,5019,3600.8,unseen,0,,0.1799
58,"{'A': 0.0, 'B': 0.0, 'C': 0.0}",2,99.91,1.883,"{'A': 19, 'B': 31, 'C': 4}",54,613.3,64.1,9.423,"{'A': 0.0, 'B': 0.0, 'C': 0.0}",0.0,64.1,ns,53,hot_factory,49.29,5020,3600.7,unseen,0,,0.1745
61,"{'A': 0.0, 'B': 0.0, 'C': 0.0}",1,99.9,1.78,"{'A': 20, 'B': 28, 'C': 4}",52,619.5,60.9,9.558,"{'A': 0.0, 'B': 0.0, 'C': 0.0}",0.0,60.9,ns,51,hot_factory,47.22,5021,3600.6,unseen,0,,0.1838
60,"{'A': 0.0, 'B': 0.0, 'C': 0.0}",1,99.9,1.706,"{'A': 20, 'B': 30, 'C': 4}",54,647.1,59.6,9.787,"{'A': 0.0, 'B': 0.0, 'C': 0.0}",0.0,59.6,ns,53,hot_factory,49.11,5022,3600.3,unseen,0,,0.1812
61,"{'A': 0.0, 'B': 0.0, 'C': 0.0}",1,99.9,1.401,"{'A': 19, 'B': 31, 'C': 5}",55,625.8,60.8,9.583,"{'A': 0.0, 'B': 0.0, 'C': 0.0}",0.0,60.8,ns,54,hot_factory,50.21,5023,3600.6,unseen,0,,0.1742
59,"{'A': 0.0, 'B': 0.0, 'C': 0.0}",1,99.9,1.756,"{'A': 18, 'B': 31, 'C': 4}",53,624.1,60.6,9.62,"{'A': 0.0, 'B': 0.0, 'C': 0.0}",0.0,60.6,ns,53,hot_factory,48.19,5024,3600.2,unseen,0,,0.1815
63,"{'A': 0.0, 'B': 0.0, 'C': 0.0}",1,99.91,1.721,"{'A': 20, 'B': 30, 'C': 5}",55,596.0,61.4,9.438,"{'A': 0.0, 'B': 0.0, 'C': 0.0}",0.0,61.4,ns,53,hot_factory,50.28,5025,3600.3,unseen,0,,0.1716
61,"{'A': 0.0, 'B': 0.0, 'C': 0.0}",1,99.9,1.454,"{'A': 19, 'B': 32, 'C': 5}",56,595.9,61.1,9.523,"{'A': 0.0, 'B': 0.0, 'C': 0.0}",0.0,61.1,ns,54,hot_factory,51.24,5026,3600.1,unseen,0,,0.1701
60,"{'A': 0.0, 'B': 0.0, 'C': 0.0}",2,99.91,2.783,"{'A': 14, 'B': 29, 'C': 4}",47,584.5,66.3,9.085,"{'A': 0.0, 'B': 0.0, 'C': 0.0}",0.0,66.3,ns,46,hot_factory,42.46,5027,3600.6,unseen,0,,0.1933
61,"{'A': 0.0, 'B': 0.0, 'C': 0.0}",1,99.91,1.529,"{'A': 20, 'B': 31, 'C': 4}",55,619.3,61.2,9.496,"{'A': 0.0, 'B': 0.0, 'C': 0.0}",0.0,61.2,ns,54,hot_factory,50.25,5028,3600.0,unseen,0,,0.1727
60,"{'A': 0.0, 'B': 0.0, 'C': 0.0}",1,99.9,1.609,"{'A': 20, 'B': 30, 'C': 4}",54,619.3,60.9,9.568,"{'A': 0.0, 'B': 0.0, 'C': 0.0}",0.0,60.9,ns,53,hot_factory,49.22,5029,3600.1,unseen,0,,0.1772
47,"{'A': 355.1, 'B': 262.0, 'C': 0.0}",1,99.93,2.352,"{'A': 20, 'B': 32, 'C': 5}",57,467.8,21.2,7.173,"{'A': 1.97, 'B': 2.18, 'C': 0.0}",4.16,16.2,ns,51,low_battery_start,49.26,5000,3600.5,seen,0,,0.1258
42,"{'A': 0.0, 'B': 0.0, 'C': 209.5}",2,99.94,2.044,"{'A': 23, 'B': 33, 'C': 6}",62,421.1,33.6,6.337,"{'A': 0.0, 'B': 0.0, 'C': 0.29}",0.29,17.7,ns,53,low_battery_start,58.54,5001,3600.8,seen,0,,0.1022
48,"{'A': 2.6, 'B': 0.0, 'C': 0.0}",1,99.93,1.73,"{'A': 21, 'B': 35, 'C': 6}",62,462.1,21.2,7.129,"{'A': 0.01, 'B': 0.0, 'C': 0.0}",0.01,16.5,ns,54,low_battery_start,58.42,5002,3600.0,seen,0,,0.115
51,"{'A': 0.0, 'B': 0.0, 'C': 0.0}",1,99.93,1.863,"{'A': 23, 'B': 25, 'C': 6}",54,481.7,18.3,7.287,"{'A': 0.0, 'B': 0.0, 'C': 0.0}",0.0,18.3,ns,45,low_battery_start,50.36,5003,3600.2,seen,0,,0.1349
49,"{'A': 0.0, 'B': 0.0, 'C': 0.0}",1,99.93,2.062,"{'A': 23, 'B': 34, 'C': 5}",62,483.2,19.8,7.257,"{'A': 0.0, 'B': 0.0, 'C': 0.0}",0.0,17.2,ns,54,low_battery_start,58.37,5004,3601.0,seen,0,,0.117
48,"{'A': 19.7, 'B': 0.0, 'C': 0.0}",1,99.93,1.787,"{'A': 23, 'B': 34, 'C': 4}",61,495.4,18.9,7.408,"{'A': 0.11, 'B': 0.0, 'C': 0.0}",0.11,17.5,ns,52,low_battery_start,57.19,5005,3600.3,seen,0,,0.1214
49,"{'A': 0.0, 'B': 189.4, 'C': 0.0}",1,99.93,2.045,"{'A': 22, 'B': 33, 'C': 5}",60,480.3,20.3,7.199,"{'A': 0.0, 'B': 1.58, 'C': 0.0}",1.58,17.0,ns,52,low_battery_start,54.82,5006,3600.7,seen,0,,0.12
48,"{'A': 170.9, 'B': 142.6, 'C': 0.0}",1,99.93,1.806,"{'A': 21, 'B': 33, 'C': 5}",59,453.7,21.8,7.029,"{'A': 0.95, 'B': 1.19, 'C': 0.0}",2.14,16.2,ns,52,low_battery_start,53.35,5007,3600.4,seen,0,,0.1191
48,"{'A': 219.2, 'B': 269.4, 'C': 0.0}",2,99.93,1.712,"{'A': 22, 'B': 31, 'C': 5}",58,448.4,22.5,6.992,"{'A': 1.22, 'B': 2.24, 'C': 0.0}",3.46,16.3,ns,48,low_battery_start,51.04,5008,3600.7,seen,0,,0.1205
49,"{'A': 0.0, 'B': 0.0, 'C': 0.0}",1,99.93,1.776,"{'A': 22, 'B': 34, 'C': 5}",61,487.6,19.1,7.358,"{'A': 0.0, 'B': 0.0, 'C': 0.0}",0.0,17.5,ns,52,low_battery_start,57.32,5009,3600.2,seen,0,,0.1206
43,"{'A': 0.0, 'B': 0.0, 'C': 0.0}",2,99.94,2.004,"{'A': 17, 'B': 34, 'C': 6}",57,396.6,35.9,6.015,"{'A': 0.0, 'B': 0.0, 'C': 0.0}",0.0,17.8,ns,48,low_battery_start,53.99,5010,3600.9,seen,0,,0.1055
48,"{'A': 0.0, 'B': 72.3, 'C': 0.0}",1,99.93,1.889,"{'A': 22, 'B': 32, 'C': 5}",59,483.8,19.6,7.359,"{'A': 0.0, 'B': 0.6, 'C': 0.0}",0.6,17.0,ns,54,low_battery_start,54.72,5011,3600.5,seen,0,,0.1247
49,"{'A': 0.0, 'B': 145.0, 'C': 0.0}",1,99.93,2.322,"{'A': 23, 'B': 33, 'C': 5}",61,480.9,19.6,7.269,"{'A': 0.0, 'B': 1.21, 'C': 0.0}",1.21,17.4,ns,55,low_battery_start,56.16,5012,3600.2,seen,0,,0.1192
49,"{'A': 0.0, 'B': 121.2, 'C': 0.0}",1,99.93,2.639,"{'A': 25, 'B': 32, 'C': 5}",62,479.4,19.1,7.366,"{'A': 0.0, 'B': 1.01, 'C': 0.0}",1.01,17.4,ns,53,low_battery_start,57.31,5013,3600.3,seen,0,,0.1188
49,"{'A': 0.0, 'B': 113.7, 'C': 0.0}",1,99.93,1.847,"{'A': 22, 'B': 33, 'C': 5}",60,482.0,19.8,7.246,"{'A': 0.0, 'B': 0.95, 'C': 0.0}",0.95,17.2,ns,52,low_battery_start,55.43,5014,3600.0,seen,0,,0.1208
45,"{'A': 0.0, 'B': 105.7, 'C': 0.0}",2,99.93,1.851,"{'A': 21, 'B': 31, 'C': 3}",55,446.6,27.6,6.68,"{'A': 0.0, 'B': 0.88, 'C': 0.0}",0.88,17.4,ns,51,low_battery_start,50.78,5015,3600.2,seen,0,,0.1215
48,"{'A': 197.6, 'B': 90.4, 'C': 0.0}",1,99.93,2.055,"{'A': 22, 'B': 34, 'C': 5}",61,455.8,21.7,7.053,"{'A': 1.1, 'B': 0.75, 'C': 0.0}",1.85,16.2,ns,54,low_battery_start,55.62,5016,3600.7,seen,0,,0.1156
49,"{'A': 0.0, 'B': 75.9, 'C': 0.0}",1,99.93,1.822,"{'A': 23, 'B': 32, 'C': 5}",60,481.4,19.9,7.235,"{'A': 0.0, 'B': 0.63, 'C': 0.0}",0.63,17.3,ns,51,low_battery_start,55.75,5017,3600.5,seen,0,,0.1206
49,"{'A': 0.0, 'B': 0.0, 'C': 120.1}",1,99.93,1.862,"{'A': 24, 'B': 32, 'C': 5}",61,488.0,19.2,7.319,"{'A': 0.0, 'B': 0.0, 'C': 0.17}",0.17,17.5,ns,52,low_battery_start,57.17,5018,3600.3,seen,0,,0.12
48,"{'A': 0.0, 'B': 89.3, 'C': 0.0}",1,99.93,1.932,"{'A': 24, 'B': 33, 'C': 5}",62,492.7,19.0,7.375,"{'A': 0.0, 'B': 0.74, 'C': 0.0}",0.74,17.4,ns,53,low_battery_start,57.57,5019,3600.2,seen,0,,0.119
49,"{'A': 0.0, 'B': 54.2, 'C': 0.0}",1,99.93,1.811,"{'A': 23, 'B': 34, 'C': 5}",62,487.3,19.3,7.324,"{'A': 0.0, 'B': 0.45, 'C': 0.0}",0.45,17.4,ns,53,low_battery_start,57.89,5020,3600.5,seen,0,,0.1181
49,"{'A': 0.0, 'B': 183.3, 'C': 0.0}",1,99.93,2.05,"{'A': 23, 'B': 31, 'C': 5}",59,476.5,20.3,7.202,"{'A': 0.0, 'B': 1.53, 'C': 0.0}",1.53,17.0,ns,51,low_battery_start,53.87,5021,3600.8,seen,0,,0.1221
49,"{'A': 0.0, 'B': 38.4, 'C': 0.0}",1,99.93,1.666,"{'A': 21, 'B': 33, 'C': 5}",59,486.6,19.3,7.32,"{'A': 0.0, 'B': 0.32, 'C': 0.0}",0.32,17.4,ns,53,low_battery_start,55.02,5022,3600.6,seen,0,,0.1241
49,"{'A': 0.0, 'B': 18.4, 'C': 0.0}",1,99.93,2.111,"{'A': 21, 'B': 33, 'C': 6}",60,480.8,19.9,7.281,"{'A': 0.0, 'B': 0.15, 'C': 0.0}",0.15,17.0,ns,52,low_battery_start,56.21,5023,3600.8,seen,0,,0.1214
48,"{'A': 0.0, 'B': 112.0, 'C': 0.0}",1,99.93,2.5,"{'A': 22, 'B': 30, 'C': 5}",57,494.8,19.3,7.384,"{'A': 0.0, 'B': 0.93, 'C': 0.0}",0.93,17.2,ns,50,low_battery_start,52.37,5024,3600.6,seen,0,,0.1295
48,"{'A': 0.0, 'B': 48.6, 'C': 0.0}",1,99.93,2.004,"{'A': 23, 'B': 33, 'C': 5}",61,489.0,19.4,7.384,"{'A': 0.0, 'B': 0.4, 'C': 0.0}",0.4,17.1,ns,54,low_battery_start,56.9,5025,3600.8,seen,0,,0.121
50,"{'A': 0.0, 'B': 0.0, 'C': 0.0}",1,99.93,1.8,"{'A': 21, 'B': 35, 'C': 6}",62,481.9,19.0,7.292,"{'A': 0.0, 'B': 0.0, 'C': 0.0}",0.0,17.8,ns,55,low_battery_start,58.35,5026,3600.7,seen,0,,0.1176
47,"{'A': 0.0, 'B': 23.9, 'C': 0.0}",1,99.93,1.642,"{'A': 16, 'B': 34, 'C': 5}",55,461.3,21.6,7.057,"{'A': 0.0, 'B': 0.2, 'C': 0.0}",0.2,16.3,ns,47,low_battery_start,51.27,5027,3600.7,seen,0,,0.1283
50,"{'A': 0.0, 'B': 56.2, 'C': 0.0}",1,99.93,1.784,"{'A': 22, 'B': 33, 'C': 6}",61,475.1,19.7,7.24,"{'A': 0.0, 'B': 0.47, 'C': 0.0}",0.47,17.4,ns,54,low_battery_start,56.91,5028,3600.3,seen,0,,0.1187
49,"{'A': 0.0, 'B': 127.6, 'C': 0.0}",1,99.93,2.149,"{'A': 18, 'B': 33, 'C': 6}",57,475.1,19.7,7.236,"{'A': 0.0, 'B': 1.06, 'C': 0.0}",1.06,17.4,ns,48,low_battery_start,52.32,5029,3600.2,seen,0,,0.1269
62,"{'A': 0.0, 'B': 0.0, 'C': 0.0}",1,99.9,1.836,"{'A': 19, 'B': 57, 'C': 4}",80,654.0,58.4,9.738,"{'A': 0.0, 'B': 0.0, 'C': 0.0}",0.0,58.4,ns,82,one_hot_section,75.13,5000,3600.8,seen,0,,0.1217
63,"{'A': 0.0, 'B': 0.0, 'C': 0.0}",1,99.9,1.567,"{'A': 19, 'B': 61, 'C': 4}",84,646.9,58.6,9.68,"{'A': 0.0, 'B': 0.0, 'C': 0.0}",0.0,58.6,ns,83,one_hot_section,79.16,5001,3600.8,seen,0,,0.1152
61,"{'A': 0.0, 'B': 0.0, 'C': 0.0}",1,99.91,1.486,"{'A': 20, 'B': 60, 'C': 4}",84,638.4,61.4,9.488,"{'A': 0.0, 'B': 0.0, 'C': 0.0}",0.0,61.4,ns,83,one_hot_section,79.26,5002,3600.9,seen,0,,0.113
57,"{'A': 0.0, 'B': 0.0, 'C': 0.0}",3,99.91,1.678,"{'A': 19, 'B': 42, 'C': 4}",65,582.7,73.2,8.615,"{'A': 0.0, 'B': 0.0, 'C': 0.0}",0.0,73.2,ns,64,one_hot_section,60.69,5003,3600.1,seen,0,,0.1325
63,"{'A': 0.0, 'B': 0.0, 'C': 0.0}",0,99.9,1.658,"{'A': 20, 'B': 60, 'C': 4}",84,666.9,54.5,10.003,"{'A': 0.0, 'B': 0.0, 'C': 0.0}",0.0,54.5,ns,83,one_hot_section,79.0,5004,3600.0,seen,0,,0.1191
63,"{'A': 0.0, 'B': 0.0, 'C': 0.0}",0,99.9,2.06,"{'A': 20, 'B': 59, 'C': 4}",83,675.2,54.2,10.087,"{'A': 0.0, 'B': 0.0, 'C': 0.0}",0.0,54.2,ns,83,one_hot_section,77.96,5005,3600.2,seen,0,,0.1215
64,"{'A': 0.0, 'B': 0.0, 'C': 0.0}",0,99.9,1.582,"{'A': 20, 'B': 60, 'C': 4}",84,662.3,54.7,9.964,"{'A': 0.0, 'B': 0.0, 'C': 0.0}",0.0,54.7,ns,84,one_hot_section,79.02,5006,3600.3,seen,0,,0.1186
65,"{'A': 0.0, 'B': 0.0, 'C': 0.0}",0,99.9,1.614,"{'A': 20, 'B': 61, 'C': 4}",85,655.2,54.9,9.927,"{'A': 0.0, 'B': 0.0, 'C': 0.0}",0.0,54.9,ns,84,one_hot_section,80.04,5007,3600.1,seen,0,,0.1168
63,"{'A': 0.0, 'B': 0.0, 'C': 0.0}",0,99.9,1.634,"{'A': 18, 'B': 59, 'C': 3}",80,669.1,54.5,10.007,"{'A': 0.0, 'B': 0.0, 'C': 0.0}",0.0,54.5,ns,82,one_hot_section,75.0,5008,3600.7,seen,0,,0.1251
65,"{'A': 0.0, 'B': 0.0, 'C': 0.0}",0,99.9,1.607,"{'A': 22, 'B': 59, 'C': 4}",85,655.4,54.9,9.917,"{'A': 0.0, 'B': 0.0, 'C': 0.0}",0.0,54.9,ns,84,one_hot_section,80.04,5009,3600.6,seen,0,,0.1167
63,"{'A': 0.0, 'B': 0.0, 'C': 0.0}",0,99.9,1.612,"{'A': 15, 'B': 61, 'C': 5}",81,664.4,54.3,10.049,"{'A': 0.0, 'B': 0.0, 'C': 0.0}",0.0,54.3,ns,79,one_hot_section,75.98,5010,3600.5,seen,0,,0.1241
62,"{'A': 0.0, 'B': 0.0, 'C': 0.0}",2,99.91,2.009,"{'A': 20, 'B': 59, 'C': 4}",83,627.4,61.6,9.436,"{'A': 0.0, 'B': 0.0, 'C': 0.0}",0.0,61.6,ns,85,one_hot_section,78.28,5011,3600.8,seen,0,,0.1137
65,"{'A': 0.0, 'B': 0.0, 'C': 0.0}",0,99.9,1.536,"{'A': 19, 'B': 58, 'C': 5}",82,655.3,54.9,9.925,"{'A': 0.0, 'B': 0.0, 'C': 0.0}",0.0,54.9,ns,82,one_hot_section,77.04,5012,3600.4,seen,0,,0.121
64,"{'A': 0.0, 'B': 0.0, 'C': 0.0}",0,99.9,1.495,"{'A': 20, 'B': 58, 'C': 4}",82,662.8,54.7,9.976,"{'A': 0.0, 'B': 0.0, 'C': 0.0}",0.0,54.7,ns,82,one_hot_section,77.01,5013,3600.6,seen,0,,0.1217
59,"{'A': 0.0, 'B': 0.0, 'C': 0.0}",1,99.91,1.568,"{'A': 18, 'B': 59, 'C': 4}",81,617.0,64.7,9.249,"{'A': 0.0, 'B': 0.0, 'C': 0.0}",0.0,64.7,ns,81,one_hot_section,76.38,5014,3600.0,seen,0,,0.1142
64,"{'A': 0.0, 'B': 0.0, 'C': 0.0}",0,99.9,1.512,"{'A': 19, 'B': 60, 'C': 2}",81,657.1,55.1,9.873,"{'A': 0.0, 'B': 0.0, 'C': 0.0}",0.0,55.1,ns,83,one_hot_section,76.06,5015,3600.9,seen,0,,0.1219
60,"{'A': 0.0, 'B': 0.0, 'C': 0.0}",1,99.91,1.624,"{'A': 19, 'B': 58, 'C': 5}",82,630.2,62.2,9.451,"{'A': 0.0, 'B': 0.0, 'C': 0.0}",0.0,62.2,ns,84,one_hot_section,77.27,5016,3600.8,seen,0,,0.1153
62,"{'A': 0.0, 'B': 0.0, 'C': 0.0}",1,99.91,2.092,"{'A': 20, 'B': 60, 'C': 4}",84,631.8,61.1,9.493,"{'A': 0.0, 'B': 0.0, 'C': 0.0}",0.0,61.1,ns,84,one_hot_section,79.25,5017,3600.1,seen,0,,0.113
65,"{'A': 0.0, 'B': 0.0, 'C': 0.0}",0,99.9,2.076,"{'A': 19, 'B': 58, 'C': 4}",81,645.3,55.4,9.821,"{'A': 0.0, 'B': 0.0, 'C': 0.0}",0.0,55.4,ns,84,one_hot_section,76.09,5018,3600.7,seen,0,,0.1213
59,"{'A': 0.0, 'B': 0.0, 'C': 0.0}",2,99.91,1.566,"{'A': 20, 'B': 60, 'C': 4}",84,592.3,68.1,8.978,"{'A': 0.0, 'B': 0.0, 'C': 0.0}",0.0,68.1,ns,82,one_hot_section,79.51,5019,3600.7,seen,0,,0.1069
65,"{'A': 0.0, 'B': 0.0, 'C': 0.0}",0,99.9,1.702,"{'A': 20, 'B': 58, 'C': 4}",82,655.3,54.9,9.914,"{'A': 0.0, 'B': 0.0, 'C': 0.0}",0.0,54.9,ns,82,one_hot_section,77.04,5020,3600.2,seen,0,,0.1209
63,"{'A': 0.0, 'B': 0.0, 'C': 0.0}",0,99.9,1.528,"{'A': 20, 'B': 58, 'C': 4}",82,667.6,54.4,10.029,"{'A': 0.0, 'B': 0.0, 'C': 0.0}",0.0,54.4,ns,83,one_hot_section,76.99,5021,3600.9,seen,0,,0.1223
64,"{'A': 0.0, 'B': 0.0, 'C': 0.0}",0,99.9,1.877,"{'A': 18, 'B': 63, 'C': 5}",86,667.0,54.4,10.031,"{'A': 0.0, 'B': 0.0, 'C': 0.0}",0.0,54.4,ns,85,one_hot_section,80.98,5022,3600.4,seen,0,,0.1166
64,"{'A': 0.0, 'B': 0.0, 'C': 0.0}",0,99.9,1.554,"{'A': 19, 'B': 63, 'C': 4}",86,666.9,54.5,10.015,"{'A': 0.0, 'B': 0.0, 'C': 0.0}",0.0,54.5,ns,85,one_hot_section,80.99,5023,3600.1,seen,0,,0.1165
65,"{'A': 0.0, 'B': 0.0, 'C': 0.0}",0,99.9,1.613,"{'A': 19, 'B': 61, 'C': 4}",84,643.9,55.2,9.845,"{'A': 0.0, 'B': 0.0, 'C': 0.0}",0.0,55.2,ns,84,one_hot_section,79.08,5024,3601.0,seen,0,,0.1172
63,"{'A': 0.0, 'B': 0.0, 'C': 0.0}",1,99.9,1.889,"{'A': 19, 'B': 59, 'C': 5}",83,637.1,59.3,9.584,"{'A': 0.0, 'B': 0.0, 'C': 0.0}",0.0,59.3,ns,84,one_hot_section,78.21,5025,3600.5,seen,0,,0.1155
64,"{'A': 0.0, 'B': 0.0, 'C': 0.0}",0,99.9,1.97,"{'A': 21, 'B': 58, 'C': 4}",83,655.4,54.8,9.941,"{'A': 0.0, 'B': 0.0, 'C': 0.0}",0.0,54.8,ns,84,one_hot_section,78.03,5026,3600.4,seen,0,,0.1198
60,"{'A': 0.0, 'B': 0.0, 'C': 0.0}",5,99.91,1.453,"{'A': 12, 'B': 60, 'C': 5}",77,593.3,70.3,8.788,"{'A': 0.0, 'B': 0.0, 'C': 0.0}",0.0,70.3,ns,75,one_hot_section,72.61,5027,3600.2,seen,0,,0.1141
65,"{'A': 0.0, 'B': 0.0, 'C': 0.0}",0,99.9,1.558,"{'A': 22, 'B': 57, 'C': 4}",83,655.4,55.0,9.893,"{'A': 0.0, 'B': 0.0, 'C': 0.0}",0.0,55.0,ns,83,one_hot_section,78.05,5028,3600.5,seen,0,,0.1192
64,"{'A': 0.0, 'B': 0.0, 'C': 0.0}",0,99.9,1.731,"{'A': 14, 'B': 60, 'C': 4}",78,667.3,54.8,9.939,"{'A': 0.0, 'B': 0.0, 'C': 0.0}",0.0,54.8,ns,78,one_hot_section,73.03,5029,3601.0,seen,0,,0.1274
63,"{'A': 0.0, 'B': 0.0, 'C': 0.0}",3,99.92,1.189,"{'A': 19, 'B': 12, 'C': 4}",35,519.9,68.3,8.331,"{'A': 0.0, 'B': 0.0, 'C': 0.0}",0.0,65.1,ns,33,section_breakdown,30.83,5000,3600.2,unseen,0,,0.238
54,"{'A': 0.0, 'B': 0.0, 'C': 0.0}",11,99.93,1.602,"{'A': 20, 'B': 10, 'C': 5}",35,461.7,96.7,6.632,"{'A': 0.0, 'B': 0.0, 'C': 0.0}",0.0,95.9,ns,33,section_breakdown,31.68,5001,3600.8,unseen,0,,0.1895
55,"{'A': 0.0, 'B': 0.0, 'C': 0.0}",8,99.93,1.631,"{'A': 18, 'B': 10, 'C': 4}",32,482.9,91.7,7.001,"{'A': 0.0, 'B': 0.0, 'C': 0.0}",0.0,91.7,ns,33,section_breakdown,28.5,5002,3600.1,unseen,0,,0.2188
54,"{'A': 0.0, 'B': 0.0, 'C': 0.0}",9,99.93,1.461,"{'A': 20, 'B': 16, 'C': 5}",41,474.3,91.4,6.847,"{'A': 0.0, 'B': 0.0, 'C': 0.0}",0.0,91.3,ns,38,section_breakdown,37.58,5003,3600.3,unseen,0,,0.167
53,"{'A': 0.0, 'B': 0.0, 'C': 0.0}",10,99.93,1.486,"{'A': 20, 'B': 11, 'C': 4}",35,479.2,95.1,6.762,"{'A': 0.0, 'B': 0.0, 'C': 0.0}",0.0,95.1,ns,32,section_breakdown,31.62,5004,3600.8,unseen,0,,0.1932
53,"{'A': 0.0, 'B': 0.0, 'C': 0.0}",9,99.93,2.193,"{'A': 19, 'B': 18, 'C': 3}",40,476.0,93.4,6.862,"{'A': 0.0, 'B': 0.0, 'C': 0.0}",0.0,93.4,ns,39,section_breakdown,36.57,5005,3600.6,unseen,0,,0.1715
52,"{'A': 0.0, 'B': 0.0, 'C': 0.0}",7,99.93,1.58,"{'A': 20, 'B': 18, 'C': 4}",42,459.5,94.5,6.652,"{'A': 0.0, 'B': 0.0, 'C': 0.0}",0.0,94.5,ns,41,section_breakdown,38.67,5006,3600.1,unseen,0,,0.1584
57,"{'A': 0.0, 'B': 0.0, 'C': 0.0}",10,99.93,1.853,"{'A': 21, 'B': 17, 'C': 4}",42,520.9,86.6,7.452,"{'A': 0.0, 'B': 0.0, 'C': 0.0}",0.0,86.6,ns,40,section_breakdown,38.27,5007,3600.7,unseen,0,,0.1774
52,"{'A': 0.0, 'B': 0.0, 'C': 0.0}",10,99.94,1.367,"{'A': 20, 'B': 14, 'C': 4}",38,444.2,98.3,6.422,"{'A': 0.0, 'B': 0.0, 'C': 0.0}",0.0,95.7,ns,37,section_breakdown,34.79,5008,3600.8,unseen,0,,0.169
54,"{'A': 0.0, 'B': 0.0, 'C': 0.0}",10,99.93,1.664,"{'A': 21, 'B': 13, 'C': 4}",38,475.2,94.0,6.915,"{'A': 0.0, 'B': 0.0, 'C': 0.0}",0.0,94.0,ns,36,section_breakdown,34.54,5009,3600.3,unseen,0,,0.182
55,"{'A': 0.0, 'B': 0.0, 'C': 0.0}",11,99.95,1.397,"{'A': 14, 'B': 6, 'C': 5}",25,374.1,100.0,5.382,"{'A': 0.0, 'B': 0.0, 'C': 0.0}",0.0,95.7,ns,24,section_breakdown,22.31,5010,3600.2,unseen,0,,0.2153
56,"{'A': 0.0, 'B': 0.0, 'C': 0.0}",9,99.93,1.552,"{'A': 20, 'B': 16, 'C': 4}",40,481.9,89.9,7.083,"{'A': 0.0, 'B': 0.0, 'C': 0.0}",0.0,89.9,ns,37,section_breakdown,36.46,5011,3600.5,unseen,0,,0.1771
54,"{'A': 0.0, 'B': 0.0, 'C': 0.0}",11,99.94,1.829,"{'A': 20, 'B': 8, 'C': 4}",32,452.5,98.0,6.493,"{'A': 0.0, 'B': 0.0, 'C': 0.0}",0.0,94.8,ns,31,section_breakdown,28.75,5012,3600.2,unseen,0,,0.2029
53,"{'A': 0.0, 'B': 0.0, 'C': 0.0}",11,99.93,1.655,"{'A': 21, 'B': 11, 'C': 4}",36,468.2,97.4,6.731,"{'A': 0.0, 'B': 0.0, 'C': 0.0}",0.0,95.4,ns,33,section_breakdown,32.63,5013,3600.5,unseen,0,,0.187
55,"{'A': 0.0, 'B': 0.0, 'C': 0.0}",9,99.93,1.558,"{'A': 21, 'B': 13, 'C': 4}",38,496.4,89.8,7.226,"{'A': 0.0, 'B': 0.0, 'C': 0.0}",0.0,89.8,ns,36,section_breakdown,34.39,5014,3600.7,unseen,0,,0.1902
55,"{'A': 0.0, 'B': 0.0, 'C': 0.0}",12,99.93,1.532,"{'A': 19, 'B': 13, 'C': 2}",34,460.7,95.7,6.509,"{'A': 0.0, 'B': 0.0, 'C': 0.0}",0.0,95.5,ns,33,section_breakdown,30.75,5015,3600.3,unseen,0,,0.1914
56,"{'A': 0.0, 'B': 0.0, 'C': 0.0}",9,99.93,1.81,"{'A': 20, 'B': 18, 'C': 5}",43,481.7,90.2,7.085,"{'A': 0.0, 'B': 0.0, 'C': 0.0}",0.0,90.2,ns,41,section_breakdown,39.46,5016,3600.3,unseen,0,,0.1648
54,"{'A': 0.0, 'B': 0.0, 'C': 0.0}",9,99.93,1.48,"{'A': 21, 'B': 7, 'C': 4}",32,478.4,92.7,6.981,"{'A': 0.0, 'B': 0.0, 'C': 0.0}",0.0,92.7,ns,29,section_breakdown,28.51,5017,3600.8,unseen,0,,0.2182
56,"{'A': 0.0, 'B': 0.0, 'C': 0.0}",9,99.93,1.64,"{'A': 19, 'B': 18, 'C': 5}",42,486.5,90.1,7.087,"{'A': 0.0, 'B': 0.0, 'C': 0.0}",0.0,90.1,ns,42,section_breakdown,38.46,5018,3600.5,unseen,0,,0.1687
57,"{'A': 0.0, 'B': 0.0, 'C': 0.0}",9,99.93,1.842,"{'A': 20, 'B': 11, 'C': 4}",35,486.1,88.1,7.165,"{'A': 0.0, 'B': 0.0, 'C': 0.0}",0.0,88.1,ns,32,section_breakdown,31.42,5019,3600.4,unseen,0,,0.2047
59,"{'A': 0.0, 'B': 0.0, 'C': 0.0}",9,99.93,1.342,"{'A': 19, 'B': 13, 'C': 4}",36,509.7,83.9,7.421,"{'A': 0.0, 'B': 0.0, 'C': 0.0}",0.0,83.9,ns,34,section_breakdown,32.29,5020,3600.0,unseen,0,,0.2061
55,"{'A': 0.0, 'B': 0.0, 'C': 0.0}",9,99.93,2.005,"{'A': 19, 'B': 22, 'C': 4}",45,487.3,89.9,7.044,"{'A': 0.0, 'B': 0.0, 'C': 0.0}",0.0,89.9,ns,44,section_breakdown,41.48,5021,3600.4,unseen,0,,0.1565
56,"{'A': 0.0, 'B': 0.0, 'C': 0.0}",7,99.92,1.805,"{'A': 21, 'B': 21, 'C': 5}",47,538.2,83.2,7.763,"{'A': 0.0, 'B': 0.0, 'C': 0.0}",0.0,83.2,ns,45,section_breakdown,43.12,5022,3600.1,unseen,0,,0.1652
56,"{'A': 0.0, 'B': 0.0, 'C': 0.0}",8,99.93,1.824,"{'A': 18, 'B': 11, 'C': 5}",34,490.9,88.2,7.188,"{'A': 0.0, 'B': 0.0, 'C': 0.0}",0.0,88.2,ns,35,section_breakdown,30.41,5023,3600.8,unseen,0,,0.2114
55,"{'A': 0.0, 'B': 0.0, 'C': 0.0}",8,99.93,1.563,"{'A': 19, 'B': 13, 'C': 4}",36,490.4,90.7,7.116,"{'A': 0.0, 'B': 0.0, 'C': 0.0}",0.0,90.7,ns,36,section_breakdown,32.44,5024,3600.4,unseen,0,,0.1977
55,"{'A': 0.0, 'B': 0.0, 'C': 0.0}",9,99.93,1.674,"{'A': 18, 'B': 15, 'C': 5}",38,478.5,92.0,6.963,"{'A': 0.0, 'B': 0.0, 'C': 0.0}",0.0,92.0,ns,39,section_breakdown,34.52,5025,3600.1,unseen,0,,0.1832
56,"{'A': 0.0, 'B': 0.0, 'C': 0.0}",8,99.93,1.535,"{'A': 20, 'B': 18, 'C': 5}",43,499.7,88.2,7.367,"{'A': 0.0, 'B': 0.0, 'C': 0.0}",0.0,88.2,ns,42,section_breakdown,39.32,5026,3600.3,unseen,0,,0.1713
58,"{'A': 0.0, 'B': 0.0, 'C': 0.0}",6,99.95,1.548,"{'A': 14, 'B': 8, 'C': 4}",26,374.2,89.0,5.415,"{'A': 0.0, 'B': 0.0, 'C': 0.0}",0.0,87.3,ns,25,section_breakdown,23.29,5027,3600.5,unseen,0,,0.2083
53,"{'A': 0.0, 'B': 0.0, 'C': 0.0}",6,99.93,1.791,"{'A': 20, 'B': 18, 'C': 5}",43,478.2,91.7,7.053,"{'A': 0.0, 'B': 0.0, 'C': 0.0}",0.0,91.7,ns,43,section_breakdown,39.47,5028,3600.2,unseen,0,,0.164
57,"{'A': 0.0, 'B': 0.0, 'C': 0.0}",7,99.94,1.301,"{'A': 15, 'B': 13, 'C': 5}",33,423.1,89.3,6.107,"{'A': 0.0, 'B': 0.0, 'C': 0.0}",0.0,89.3,ns,31,section_breakdown,29.95,5029,3600.8,unseen,0,,0.1851
62,"{'A': 0.0, 'B': 0.0, 'C': 354.1}",0,99.9,1.469,"{'A': 19, 'B': 29, 'C': 4}",52,686.5,54.7,9.969,"{'A': 0.0, 'B': 0.0, 'C': 0.49}",0.49,54.7,ns,53,small_buffers,46.52,5000,3600.4,unseen,0,,0.1917
63,"{'A': 0.0, 'B': 0.0, 'C': 288.4}",0,99.9,1.369,"{'A': 19, 'B': 30, 'C': 4}",53,678.8,55.1,9.884,"{'A': 0.0, 'B': 0.0, 'C': 0.4}",0.4,55.1,ns,53,small_buffers,47.66,5001,3600.6,unseen,0,,0.1865
64,"{'A': 0.0, 'B': 0.0, 'C': 263.1}",0,99.9,1.791,"{'A': 20, 'B': 29, 'C': 4}",53,655.5,55.8,9.729,"{'A': 0.0, 'B': 0.0, 'C': 0.37}",0.37,55.8,ns,52,small_buffers,47.77,5002,3600.8,unseen,0,,0.1836
64,"{'A': 0.0, 'B': 0.0, 'C': 291.0}",0,99.91,1.206,"{'A': 20, 'B': 20, 'C': 4}",44,603.7,57.2,9.412,"{'A': 0.0, 'B': 0.0, 'C': 0.4}",0.4,57.2,ns,45,small_buffers,38.89,5003,3601.0,unseen,0,,0.2139
63,"{'A': 0.0, 'B': 0.0, 'C': 327.1}",0,99.9,1.583,"{'A': 22, 'B': 28, 'C': 4}",54,678.9,54.7,9.96,"{'A': 0.0, 'B': 0.0, 'C': 0.45}",0.45,54.7,ns,54,small_buffers,48.57,5004,3600.9,unseen,0,,0.1844
63,"{'A': 0.0, 'B': 0.0, 'C': 295.9}",0,99.9,1.232,"{'A': 20, 'B': 30, 'C': 3}",53,674.6,55.3,9.829,"{'A': 0.0, 'B': 0.0, 'C': 0.41}",0.41,55.3,ns,52,small_buffers,47.67,5005,3600.7,unseen,0,,0.1855
64,"{'A': 0.0, 'B': 0.0, 'C': 348.6}",0,99.9,1.301,"{'A': 21, 'B': 29, 'C': 5}",55,667.2,55.4,9.82,"{'A': 0.0, 'B': 0.0, 'C': 0.48}",0.48,55.4,ns,55,small_buffers,49.61,5006,3600.7,unseen,0,,0.1785
63,"{'A': 0.0, 'B': 0.0, 'C': 284.1}",0,99.9,1.395,"{'A': 20, 'B': 30, 'C': 4}",54,670.1,55.2,9.861,"{'A': 0.0, 'B': 0.0, 'C': 0.39}",0.39,55.2,ns,53,small_buffers,48.67,5007,3600.1,unseen,0,,0.1826
63,"{'A': 0.0, 'B': 0.0, 'C': 289.8}",0,99.9,1.357,"{'A': 20, 'B': 30, 'C': 4}",54,643.8,55.8,9.716,"{'A': 0.0, 'B': 0.0, 'C': 0.4}",0.4,55.8,ns,54,small_buffers,48.74,5008,3600.8,unseen,0,,0.1799
63,"{'A': 0.0, 'B': 0.0, 'C': 346.6}",0,99.9,1.41,"{'A': 20, 'B': 28, 'C': 4}",52,665.2,55.4,9.811,"{'A': 0.0, 'B': 0.0, 'C': 0.48}",0.48,55.4,ns,52,small_buffers,46.61,5009,3600.6,unseen,0,,0.1887
61,"{'A': 0.0, 'B': 0.0, 'C': 341.3}",2,99.91,1.174,"{'A': 15, 'B': 31, 'C': 4}",50,637.6,61.9,9.345,"{'A': 0.0, 'B': 0.0, 'C': 0.47}",0.47,61.9,ns,48,small_buffers,44.85,5010,3600.9,unseen,0,,0.1869
63,"{'A': 0.0, 'B': 0.0, 'C': 316.2}",0,99.9,1.576,"{'A': 19, 'B': 29, 'C': 4}",52,658.6,55.5,9.781,"{'A': 0.0, 'B': 0.0, 'C': 0.44}",0.44,55.5,ns,52,small_buffers,46.67,5011,3600.7,unseen,0,,0.1881
64,"{'A': 0.0, 'B': 0.0, 'C': 347.7}",0,99.9,1.35,"{'A': 20, 'B': 28, 'C': 4}",52,658.7,55.7,9.749,"{'A': 0.0, 'B': 0.0, 'C': 0.48}",0.48,55.7,ns,52,small_buffers,46.64,5012,3601.0,unseen,0,,0.1875
62,"{'A': 0.0, 'B': 0.0, 'C': 293.4}",0,99.9,1.453,"{'A': 19, 'B': 30, 'C': 4}",53,685.8,54.7,9.966,"{'A': 0.0, 'B': 0.0, 'C': 0.41}",0.41,54.7,ns,52,small_buffers,47.61,5013,3600.6,unseen,0,,0.188
63,"{'A': 0.0, 'B': 0.0, 'C': 387.1}",0,99.9,1.468,"{'A': 19, 'B': 29, 'C': 4}",52,660.3,55.6,9.768,"{'A': 0.0, 'B': 0.0, 'C': 0.54}",0.54,55.6,ns,53,small_buffers,46.58,5014,3600.1,unseen,0,,0.1878
64,"{'A': 0.0, 'B': 0.0, 'C': 125.7}",0,99.9,1.788,"{'A': 20, 'B': 30, 'C': 2}",52,667.1,55.6,9.771,"{'A': 0.0, 'B': 0.0, 'C': 0.17}",0.17,55.6,ns,51,small_buffers,46.94,5015,3600.4,unseen,0,,0.1879
63,"{'A': 0.0, 'B': 0.0, 'C': 312.9}",0,99.9,1.405,"{'A': 20, 'B': 30, 'C': 4}",54,655.4,55.4,9.806,"{'A': 0.0, 'B': 0.0, 'C': 0.43}",0.43,55.4,ns,54,small_buffers,48.66,5016,3600.6,unseen,0,,0.1816
63,"{'A': 0.0, 'B': 0.0, 'C': 322.8}",0,99.9,1.464,"{'A': 21, 'B': 30, 'C': 4}",55,671.3,55.1,9.87,"{'A': 0.0, 'B': 0.0, 'C': 0.45}",0.45,55.1,ns,54,small_buffers,49.62,5017,3600.3,unseen,0,,0.1795
63,"{'A': 0.0, 'B': 0.0, 'C': 387.8}",0,99.9,1.316,"{'A': 20, 'B': 29, 'C': 3}",52,667.0,55.4,9.814,"{'A': 0.0, 'B': 0.0, 'C': 0.54}",0.54,55.4,ns,53,small_buffers,46.55,5018,3600.3,unseen,0,,0.1887
64,"{'A': 0.0, 'B': 0.0, 'C': 260.4}",0,99.9,1.386,"{'A': 20, 'B': 28, 'C': 3}",51,667.2,55.5,9.795,"{'A': 0.0, 'B': 0.0, 'C': 0.36}",0.36,55.5,ns,54,small_buffers,45.74,5019,3600.7,unseen,0,,0.1921
63,"{'A': 0.0, 'B': 0.0, 'C': 395.3}",0,99.9,1.412,"{'A': 20, 'B': 29, 'C': 4}",53,678.8,55.0,9.904,"{'A': 0.0, 'B': 0.0, 'C': 0.55}",0.55,55.0,ns,53,small_buffers,47.5,5020,3600.5,unseen,0,,0.1869
63,"{'A': 0.0, 'B': 0.0, 'C': 267.8}",0,99.9,1.341,"{'A': 20, 'B': 28, 'C': 4}",52,655.7,55.7,9.737,"{'A': 0.0, 'B': 0.0, 'C': 0.37}",0.37,55.7,ns,53,small_buffers,46.76,5021,3600.2,unseen,0,,0.1873
64,"{'A': 0.0, 'B': 0.0, 'C': 309.6}",0,99.9,1.337,"{'A': 19, 'B': 30, 'C': 4}",53,632.1,56.2,9.646,"{'A': 0.0, 'B': 0.0, 'C': 0.43}",0.43,56.2,ns,53,small_buffers,47.75,5022,3600.7,unseen,0,,0.182
64,"{'A': 0.0, 'B': 0.0, 'C': 283.9}",0,99.9,1.341,"{'A': 21, 'B': 30, 'C': 4}",55,667.0,55.4,9.815,"{'A': 0.0, 'B': 0.0, 'C': 0.39}",0.39,55.4,ns,54,small_buffers,49.7,5023,3600.3,unseen,0,,0.1785
63,"{'A': 0.0, 'B': 0.0, 'C': 293.7}",0,99.9,1.322,"{'A': 19, 'B': 32, 'C': 4}",55,663.9,55.5,9.801,"{'A': 0.0, 'B': 0.0, 'C': 0.41}",0.41,55.5,ns,54,small_buffers,49.69,5024,3600.4,unseen,0,,0.1782
63,"{'A': 0.0, 'B': 0.0, 'C': 440.5}",0,99.9,1.445,"{'A': 19, 'B': 27, 'C': 5}",51,667.0,55.3,9.834,"{'A': 0.0, 'B': 0.0, 'C': 0.61}",0.61,55.3,ns,52,small_buffers,45.47,5025,3600.3,unseen,0,,0.1928
62,"{'A': 0.0, 'B': 0.0, 'C': 360.0}",0,99.9,1.32,"{'A': 20, 'B': 30, 'C': 4}",54,681.2,54.8,9.941,"{'A': 0.0, 'B': 0.0, 'C': 0.5}",0.5,54.8,ns,55,small_buffers,48.53,5026,3600.7,unseen,0,,0.1841
64,"{'A': 0.0, 'B': 0.0, 'C': 334.2}",0,99.9,1.254,"{'A': 13, 'B': 28, 'C': 4}",45,634.5,56.5,9.563,"{'A': 0.0, 'B': 0.0, 'C': 0.46}",0.46,56.5,ns,46,small_buffers,39.75,5027,3600.1,unseen,0,,0.2125
64,"{'A': 0.0, 'B': 0.0, 'C': 238.6}",0,99.9,1.408,"{'A': 21, 'B': 30, 'C': 4}",55,665.7,55.2,9.866,"{'A': 0.0, 'B': 0.0, 'C': 0.33}",0.33,55.2,ns,55,small_buffers,49.74,5028,3600.8,unseen,0,,0.1794
63,"{'A': 0.0, 'B': 0.0, 'C': 332.8}",0,99.9,1.575,"{'A': 12, 'B': 31, 'C': 4}",47,635.2,56.4,9.598,"{'A': 0.0, 'B': 0.0, 'C': 0.46}",0.46,56.4,ns,47,small_buffers,41.74,5029,3600.8,unseen,0,,0.2042
60,"{'A': 0.0, 'B': 0.0, 'C': 0.0}",2,44.91,1.71,"{'A': 20, 'B': 32, 'C': 4}",56,522.9,68.5,8.71,"{'A': 0.0, 'B': 0.0, 'C': 0.0}",0.0,67.7,ns,56,worn_robot,51.64,5000,3600.8,seen,0,,0.1555
59,"{'A': 0.0, 'B': 0.0, 'C': 0.0}",3,44.92,2.048,"{'A': 19, 'B': 28, 'C': 4}",51,484.3,72.9,8.274,"{'A': 0.0, 'B': 0.0, 'C': 0.0}",0.0,68.1,ns,53,worn_robot,46.86,5001,3600.7,seen,0,,0.1622
49,"{'A': 0.0, 'B': 0.0, 'C': 0.0}",5,44.93,2.047,"{'A': 19, 'B': 31, 'C': 4}",54,405.5,93.7,6.818,"{'A': 0.0, 'B': 0.0, 'C': 0.0}",0.0,88.7,ns,54,worn_robot,50.59,5002,3600.6,seen,0,,0.1263
61,"{'A': 0.0, 'B': 0.0, 'C': 0.0}",2,44.92,1.701,"{'A': 20, 'B': 21, 'C': 4}",45,437.8,69.1,8.163,"{'A': 0.0, 'B': 0.0, 'C': 0.0}",0.0,67.7,ns,46,worn_robot,40.92,5003,3600.6,seen,0,,0.1814
61,"{'A': 0.0, 'B': 0.0, 'C': 0.0}",3,44.91,1.894,"{'A': 20, 'B': 29, 'C': 4}",53,523.0,68.6,8.687,"{'A': 0.0, 'B': 0.0, 'C': 0.0}",0.0,68.0,ns,52,worn_robot,48.66,5004,3600.1,seen,0,,0.1639
51,"{'A': 0.0, 'B': 0.0, 'C': 0.0}",9,44.93,2.127,"{'A': 20, 'B': 29, 'C': 3}",52,442.8,96.8,6.734,"{'A': 0.0, 'B': 0.0, 'C': 0.0}",0.0,95.4,ns,52,worn_robot,48.63,5005,3600.4,seen,0,,0.1295
59,"{'A': 0.0, 'B': 0.0, 'C': 0.0}",3,44.92,1.836,"{'A': 18, 'B': 29, 'C': 4}",51,481.7,73.0,8.286,"{'A': 0.0, 'B': 0.0, 'C': 0.0}",0.0,68.1,ns,54,worn_robot,46.86,5006,3600.0,seen,0,,0.1625
60,"{'A': 0.0, 'B': 0.0, 'C': 0.0}",3,44.91,1.71,"{'A': 19, 'B': 30, 'C': 4}",53,525.1,69.7,8.58,"{'A': 0.0, 'B': 0.0, 'C': 0.0}",0.0,69.7,ns,52,worn_robot,48.71,5007,3600.3,seen,0,,0.1619
51,"{'A': 0.0, 'B': 0.0, 'C': 0.0}",7,44.93,1.741,"{'A': 19, 'B': 29, 'C': 4}",52,430.4,93.6,6.718,"{'A': 0.0, 'B': 0.0, 'C': 0.0}",0.0,93.6,ns,52,worn_robot,48.64,5008,3600.6,seen,0,,0.1292
50,"{'A': 0.0, 'B': 0.0, 'C': 0.0}",8,44.93,1.772,"{'A': 18, 'B': 28, 'C': 4}",50,431.0,95.5,6.69,"{'A': 0.0, 'B': 0.0, 'C': 0.0}",0.0,94.0,ns,50,worn_robot,46.65,5009,3600.1,seen,0,,0.1338
58,"{'A': 0.0, 'B': 0.0, 'C': 0.0}",4,44.92,1.552,"{'A': 14, 'B': 29, 'C': 4}",47,467.5,75.7,8.052,"{'A': 0.0, 'B': 0.0, 'C': 0.0}",0.0,66.9,ns,48,worn_robot,42.97,5010,3600.7,seen,0,,0.1713
60,"{'A': 0.0, 'B': 0.0, 'C': 0.0}",2,44.92,1.758,"{'A': 17, 'B': 30, 'C': 4}",51,493.8,69.5,8.496,"{'A': 0.0, 'B': 0.0, 'C': 0.0}",0.0,67.7,ns,54,worn_robot,46.75,5011,3600.2,seen,0,,0.1666
49,"{'A': 0.0, 'B': 0.0, 'C': 0.0}",4,44.93,1.751,"{'A': 19, 'B': 32, 'C': 4}",55,416.0,93.9,6.782,"{'A': 0.0, 'B': 0.0, 'C': 0.0}",0.0,88.7,ns,55,worn_robot,51.61,5012,3600.8,seen,0,,0.1233
59,"{'A': 0.0, 'B': 0.0, 'C': 0.0}",3,44.92,1.839,"{'A': 19, 'B': 29, 'C': 4}",52,494.8,72.2,8.286,"{'A': 0.0, 'B': 0.0, 'C': 0.0}",0.0,70.1,ns,53,worn_robot,47.86,5013,3600.7,seen,0,,0.1593
51,"{'A': 0.0, 'B': 0.0, 'C': 0.0}",9,44.93,2.184,"{'A': 19, 'B': 30, 'C': 4}",53,471.9,92.9,7.184,"{'A': 0.0, 'B': 0.0, 'C': 0.0}",0.0,92.9,ns,51,worn_robot,49.41,5014,3600.0,seen,0,,0.1356
59,"{'A': 0.0, 'B': 0.0, 'C': 0.0}",2,44.91,1.919,"{'A': 19, 'B': 30, 'C': 2}",51,510.7,69.1,8.594,"{'A': 0.0, 'B': 0.0, 'C': 0.0}",0.0,66.7,ns,53,worn_robot,46.7,5015,3600.5,seen,0,,0.1685
49,"{'A': 0.0, 'B': 0.0, 'C': 0.0}",4,44.93,1.852,"{'A': 19, 'B': 31, 'C': 4}",54,377.9,95.5,6.634,"{'A': 0.0, 'B': 0.0, 'C': 0.0}",0.0,91.3,ns,55,worn_robot,50.68,5016,3600.9,seen,0,,0.1228
56,"{'A': 0.0, 'B': 0.0, 'C': 0.0}",3,44.92,1.794,"{'A': 21, 'B': 30, 'C': 4}",55,493.2,76.4,8.096,"{'A': 0.0, 'B': 0.0, 'C': 0.0}",0.0,76.4,ns,55,worn_robot,50.95,5017,3600.5,seen,0,,0.1472
51,"{'A': 0.0, 'B': 0.0, 'C': 0.0}",7,44.93,1.943,"{'A': 20, 'B': 29, 'C': 3}",52,420.1,95.1,6.606,"{'A': 0.0, 'B': 0.0, 'C': 0.0}",0.0,95.1,ns,52,worn_robot,48.7,5018,3600.1,seen,0,,0.127
52,"{'A': 0.0, 'B': 0.0, 'C': 0.0}",11,44.93,1.539,"{'A': 21, 'B': 30, 'C': 4}",55,435.0,97.4,6.686,"{'A': 0.0, 'B': 0.0, 'C': 0.0}",0.0,96.1,ns,53,worn_robot,51.66,5019,3600.4,seen,0,,0.1216
49,"{'A': 0.0, 'B': 0.0, 'C': 0.0}",4,44.93,1.651,"{'A': 20, 'B': 32, 'C': 3}",55,388.0,93.9,6.69,"{'A': 0.0, 'B': 0.0, 'C': 0.0}",0.0,89.5,ns,54,worn_robot,51.66,5020,3600.0,seen,0,,0.1216
60,"{'A': 0.0, 'B': 0.0, 'C': 0.0}",2,44.91,1.755,"{'A': 18, 'B': 27, 'C': 4}",49,511.2,69.5,8.6,"{'A': 0.0, 'B': 0.0, 'C': 0.0}",0.0,67.2,ns,53,worn_robot,44.7,5021,3600.8,seen,0,,0.1755
56,"{'A': 0.0, 'B': 0.0, 'C': 0.0}",4,44.92,1.915,"{'A': 18, 'B': 31, 'C': 5}",54,447.1,77.8,7.846,"{'A': 0.0, 'B': 0.0, 'C': 0.0}",0.0,77.3,ns,53,worn_robot,50.08,5022,3600.5,seen,0,,0.1453
60,"{'A': 0.0, 'B': 0.0, 'C': 0.0}",2,44.91,1.801,"{'A': 21, 'B': 28, 'C': 4}",53,480.8,68.6,8.502,"{'A': 0.0, 'B': 0.0, 'C': 0.0}",0.0,68.5,ns,54,worn_robot,48.75,5023,3600.8,seen,0,,0.1604
50,"{'A': 0.0, 'B': 0.0, 'C': 0.0}",6,44.93,1.782,"{'A': 19, 'B': 32, 'C': 4}",55,399.2,95.3,6.706,"{'A': 0.0, 'B': 0.0, 'C': 0.0}",0.0,90.2,ns,54,worn_robot,51.65,5024,3600.6,seen,0,,0.1219
55,"{'A': 0.0, 'B': 0.0, 'C': 0.0}",4,44.93,1.675,"{'A': 18, 'B': 29, 'C': 5}",52,408.1,81.2,7.473,"{'A': 0.0, 'B': 0.0, 'C': 0.0}",0.0,79.0,ns,53,worn_robot,48.26,5025,3600.3,seen,0,,0.1437
64,"{'A': 0.0, 'B': 0.0, 'C': 0.0}",1,44.91,1.882,"{'A': 18, 'B': 29, 'C': 5}",52,547.1,59.2,9.328,"{'A': 0.0, 'B': 0.0, 'C': 0.0}",0.0,57.6,ns,54,worn_robot,47.34,5026,3600.9,seen,0,,0.1794
50,"{'A': 0.0, 'B': 0.0, 'C': 0.0}",5,44.93,2.367,"{'A': 13, 'B': 31, 'C': 4}",48,443.5,92.4,6.951,"{'A': 0.0, 'B': 0.0, 'C': 0.0}",0.0,90.7,ns,47,worn_robot,44.52,5027,3600.3,seen,0,,0.1448
56,"{'A': 0.0, 'B': 0.0, 'C': 0.0}",5,44.92,1.635,"{'A': 20, 'B': 29, 'C': 4}",53,430.3,81.7,7.527,"{'A': 0.0, 'B': 0.0, 'C': 0.0}",0.0,79.1,ns,54,worn_robot,49.24,5028,3600.5,seen,0,,0.142
53,"{'A': 0.0, 'B': 0.0, 'C': 0.0}",5,44.93,1.735,"{'A': 15, 'B': 30, 'C': 4}",49,391.7,88.9,6.756,"{'A': 0.0, 'B': 0.0, 'C': 0.0}",0.0,88.9,ns,48,worn_robot,45.62,5029,3600.4,seen,0,,0.1379
59,"{'A': 0.0, 'B': 0.0, 'C': 0.0}",1,99.92,2.091,"{'A': 19, 'B': 31, 'C': 4}",54,451.5,41.3,7.977,"{'A': 0.0, 'B': 0.0, 'C': 0.0}",0.0,41.3,ns_unbounded,52,aged_battery,50.01,5000,3600.8,unseen,0,,0.1477
57,"{'A': 0.0, 'B': 0.0, 'C': 0.0}",2,99.92,2.084,"{'A': 20, 'B': 31, 'C': 4}",55,441.8,42.0,7.996,"{'A': 0.0, 'B': 0.0, 'C': 0.0}",0.0,42.0,ns_unbounded,53,aged_battery,51.0,5001,3600.8,unseen,0,,0.1454
57,"{'A': 0.0, 'B': 0.0, 'C': 0.0}",1,99.92,1.875,"{'A': 21, 'B': 30, 'C': 4}",55,455.8,40.3,8.093,"{'A': 0.0, 'B': 0.0, 'C': 0.0}",0.0,40.3,ns_unbounded,54,aged_battery,50.95,5002,3600.6,unseen,0,,0.1471
53,"{'A': 0.0, 'B': 0.0, 'C': 0.0}",4,99.94,1.686,"{'A': 18, 'B': 24, 'C': 5}",47,359.1,62.5,6.389,"{'A': 0.0, 'B': 0.0, 'C': 0.0}",0.0,62.5,ns_unbounded,45,aged_battery,43.81,5003,3600.7,unseen,0,,0.1359
56,"{'A': 0.0, 'B': 0.0, 'C': 0.0}",2,99.92,1.808,"{'A': 21, 'B': 30, 'C': 4}",55,439.3,43.0,7.918,"{'A': 0.0, 'B': 0.0, 'C': 0.0}",0.0,41.3,ns_unbounded,54,aged_battery,51.04,5004,3600.4,unseen,0,,0.144
57,"{'A': 0.0, 'B': 0.0, 'C': 0.0}",1,99.92,1.681,"{'A': 21, 'B': 32, 'C': 4}",57,445.9,40.4,8.039,"{'A': 0.0, 'B': 0.0, 'C': 0.0}",0.0,40.4,ns_unbounded,54,aged_battery,52.98,5005,3600.4,unseen,0,,0.141
57,"{'A': 0.0, 'B': 0.0, 'C': 0.0}",1,99.92,1.964,"{'A': 20, 'B': 30, 'C': 4}",54,429.3,41.8,7.921,"{'A': 0.0, 'B': 0.0, 'C': 0.0}",0.0,41.8,ns_unbounded,54,aged_battery,50.04,5006,3600.9,unseen,0,,0.1467
55,"{'A': 0.0, 'B': 0.0, 'C': 0.0}",2,99.92,1.834,"{'A': 19, 'B': 33, 'C': 5}",57,444.6,48.9,7.638,"{'A': 0.0, 'B': 0.0, 'C': 0.0}",0.0,48.9,ns_unbounded,57,aged_battery,53.18,5007,3600.9,unseen,0,,0.134
57,"{'A': 0.0, 'B': 0.0, 'C': 0.0}",1,99.92,1.752,"{'A': 19, 'B': 31, 'C': 4}",54,447.8,39.4,8.146,"{'A': 0.0, 'B': 0.0, 'C': 0.0}",0.0,39.4,ns_unbounded,53,aged_battery,49.93,5008,3600.2,unseen,0,,0.1509
45,"{'A': 0.0, 'B': 0.0, 'C': 0.0}",5,99.95,1.669,"{'A': 21, 'B': 29, 'C': 4}",54,350.2,82.1,5.142,"{'A': 0.0, 'B': 0.0, 'C': 0.0}",0.0,82.1,ns_unbounded,52,aged_battery,51.43,5009,3600.0,unseen,0,,0.0952
57,"{'A': 0.0, 'B': 0.0, 'C': 0.0}",1,99.92,1.84,"{'A': 14, 'B': 31, 'C': 4}",49,430.3,42.0,7.89,"{'A': 0.0, 'B': 0.0, 'C': 0.0}",0.0,42.0,ns_unbounded,49,aged_battery,45.05,5010,3600.5,unseen,0,,0.161
58,"{'A': 0.0, 'B': 0.0, 'C': 0.0}",1,99.92,1.728,"{'A': 19, 'B': 32, 'C': 4}",55,451.5,41.2,7.99,"{'A': 0.0, 'B': 0.0, 'C': 0.0}",0.0,41.2,ns_unbounded,53,aged_battery,51.0,5011,3600.7,unseen,0,,0.1453
58,"{'A': 0.0, 'B': 0.0, 'C': 0.0}",1,99.92,1.771,"{'A': 19, 'B': 31, 'C': 5}",55,427.8,41.7,7.932,"{'A': 0.0, 'B': 0.0, 'C': 0.0}",0.0,41.7,ns_unbounded,55,aged_battery,51.03,5012,3600.9,unseen,0,,0.1442
58,"{'A': 0.0, 'B': 0.0, 'C': 0.0}",1,99.92,2.064,"{'A': 19, 'B': 31, 'C': 4}",54,486.4,39.3,8.213,"{'A': 0.0, 'B': 0.0, 'C': 0.0}",0.0,39.3,ns_unbounded,54,aged_battery,49.89,5013,3600.2,unseen,0,,0.1521
57,"{'A': 0.0, 'B': 0.0, 'C': 0.0}",1,99.92,2.08,"{'A': 21, 'B': 31, 'C': 4}",56,442.0,40.5,8.074,"{'A': 0.0, 'B': 0.0, 'C': 0.0}",0.0,40.5,ns_unbounded,55,aged_battery,51.96,5014,3600.5,unseen,0,,0.1442
47,"{'A': 0.0, 'B': 0.0, 'C': 0.0}",4,99.94,1.858,"{'A': 19, 'B': 29, 'C': 3}",51,407.0,69.5,6.223,"{'A': 0.0, 'B': 0.0, 'C': 0.0}",0.0,69.5,ns_unbounded,52,aged_battery,47.89,5015,3600.7,unseen,0,,0.122
57,"{'A': 0.0, 'B': 0.0, 'C': 0.0}",1,99.92,1.752,"{'A': 18, 'B': 31, 'C': 4}",53,439.9,40.7,8.052,"{'A': 0.0, 'B': 0.0, 'C': 0.0}",0.0,40.7,ns_unbounded,54,aged_battery,48.97,5016,3600.9,unseen,0,,0.1519
58,"{'A': 0.0, 'B': 0.0, 'C': 0.0}",1,99.92,1.797,"{'A': 20, 'B': 32, 'C': 4}",56,428.0,41.6,7.941,"{'A': 0.0, 'B': 0.0, 'C': 0.0}",0.0,41.6,ns_unbounded,54,aged_battery,52.03,5017,3600.4,unseen,0,,0.1418
57,"{'A': 0.0, 'B': 0.0, 'C': 0.0}",1,99.92,1.733,"{'A': 20, 'B': 30, 'C': 5}",55,434.4,40.3,8.055,"{'A': 0.0, 'B': 0.0, 'C': 0.0}",0.0,40.3,ns_unbounded,56,aged_battery,50.97,5018,3601.0,unseen,0,,0.1465
45,"{'A': 0.0, 'B': 0.0, 'C': 0.0}",3,99.94,1.413,"{'A': 20, 'B': 31, 'C': 4}",55,360.8,77.1,5.58,"{'A': 0.0, 'B': 0.0, 'C': 0.0}",0.0,77.1,ns_unbounded,53,aged_battery,52.21,5019,3600.1,unseen,0,,0.1015
39,"{'A': 0.0, 'B': 0.0, 'C': 0.0}",5,99.94,1.572,"{'A': 18, 'B': 33, 'C': 4}",55,409.6,82.5,5.925,"{'A': 0.0, 'B': 0.0, 'C': 0.0}",0.0,82.5,ns_unbounded,54,aged_battery,52.04,5020,3600.2,unseen,0,,0.1077
58,"{'A': 0.0, 'B': 0.0, 'C': 0.0}",1,99.92,1.72,"{'A': 20, 'B': 30, 'C': 4}",54,427.8,41.9,7.905,"{'A': 0.0, 'B': 0.0, 'C': 0.0}",0.0,41.9,ns_unbounded,53,aged_battery,50.05,5021,3600.1,unseen,0,,0.1464
57,"{'A': 0.0, 'B': 0.0, 'C': 0.0}",1,99.92,1.696,"{'A': 19, 'B': 32, 'C': 4}",55,401.0,42.4,7.794,"{'A': 0.0, 'B': 0.0, 'C': 0.0}",0.0,42.4,ns_unbounded,53,aged_battery,51.1,5022,3600.1,unseen,0,,0.1417
56,"{'A': 0.0, 'B': 0.0, 'C': 0.0}",2,99.92,1.606,"{'A': 19, 'B': 31, 'C': 4}",54,514.6,43.1,8.111,"{'A': 0.0, 'B': 0.0, 'C': 0.0}",0.0,43.1,ns_unbounded,54,aged_battery,49.94,5023,3600.4,unseen,0,,0.1502
57,"{'A': 0.0, 'B': 0.0, 'C': 0.0}",1,99.92,1.649,"{'A': 21, 'B': 31, 'C': 4}",56,408.5,42.4,7.843,"{'A': 0.0, 'B': 0.0, 'C': 0.0}",0.0,42.4,ns_unbounded,55,aged_battery,52.08,5024,3600.5,unseen,0,,0.1401
58,"{'A': 0.0, 'B': 0.0, 'C': 0.0}",1,99.92,1.756,"{'A': 20, 'B': 31, 'C': 5}",56,392.8,43.0,7.771,"{'A': 0.0, 'B': 0.0, 'C': 0.0}",0.0,43.0,ns_unbounded,54,aged_battery,52.11,5025,3600.3,unseen,0,,0.1388
58,"{'A': 0.0, 'B': 0.0, 'C': 0.0}",1,99.92,1.712,"{'A': 20, 'B': 31, 'C': 5}",56,416.5,42.2,7.871,"{'A': 0.0, 'B': 0.0, 'C': 0.0}",0.0,42.2,ns_unbounded,54,aged_battery,52.06,5026,3600.9,unseen,0,,0.1405
44,"{'A': 0.0, 'B': 0.0, 'C': 0.0}",4,99.93,1.661,"{'A': 12, 'B': 30, 'C': 5}",47,442.3,71.1,6.559,"{'A': 0.0, 'B': 0.0, 'C': 0.0}",0.0,71.1,ns_unbounded,47,aged_battery,43.72,5027,3600.2,unseen,0,,0.1396
58,"{'A': 0.0, 'B': 0.0, 'C': 0.0}",1,99.92,1.757,"{'A': 21, 'B': 29, 'C': 4}",54,458.5,40.2,8.072,"{'A': 0.0, 'B': 0.0, 'C': 0.0}",0.0,40.2,ns_unbounded,53,aged_battery,49.96,5028,3600.6,unseen,0,,0.1495
56,"{'A': 0.0, 'B': 0.0, 'C': 0.0}",2,99.92,1.728,"{'A': 14, 'B': 29, 'C': 5}",48,468.0,43.4,7.954,"{'A': 0.0, 'B': 0.0, 'C': 0.0}",0.0,43.4,ns_unbounded,48,aged_battery,44.02,5029,3600.1,unseen,0,,0.1657
53,"{'A': 0.0, 'B': 0.0, 'C': 0.0}",6,99.93,1.881,"{'A': 21, 'B': 31, 'C': 4}",56,461.7,90.5,6.752,"{'A': 0.0, 'B': 0.0, 'C': 0.0}",0.0,90.5,ns_unbounded,54,balanced,52.62,5000,3600.9,seen,0,,0.1206
61,"{'A': 0.0, 'B': 0.0, 'C': 0.0}",2,99.91,1.607,"{'A': 20, 'B': 32, 'C': 4}",56,560.4,65.9,8.83,"{'A': 0.0, 'B': 0.0, 'C': 0.0}",0.0,65.9,ns_unbounded,56,balanced,51.59,5001,3600.1,seen,0,,0.1577
61,"{'A': 0.0, 'B': 0.0, 'C': 0.0}",2,99.91,1.857,"{'A': 20, 'B': 30, 'C': 4}",54,592.6,65.3,8.958,"{'A': 0.0, 'B': 0.0, 'C': 0.0}",0.0,65.3,ns_unbounded,54,balanced,49.52,5002,3600.4,seen,0,,0.1659
53,"{'A': 0.0, 'B': 0.0, 'C': 0.0}",9,99.93,1.787,"{'A': 19, 'B': 22, 'C': 4}",45,481.8,91.8,6.876,"{'A': 0.0, 'B': 0.0, 'C': 0.0}",0.0,91.8,ns_unbounded,45,balanced,41.56,5003,3600.4,seen,0,,0.1528
64,"{'A': 0.0, 'B': 0.0, 'C': 0.0}",0,99.91,1.885,"{'A': 18, 'B': 28, 'C': 4}",50,503.3,59.7,8.869,"{'A': 0.0, 'B': 0.0, 'C': 0.0}",0.0,59.7,ns_unbounded,50,balanced,45.57,5004,3600.5,seen,0,,0.1774
54,"{'A': 0.0, 'B': 0.0, 'C': 0.0}",5,99.93,1.695,"{'A': 20, 'B': 30, 'C': 4}",54,460.7,86.9,6.764,"{'A': 0.0, 'B': 0.0, 'C': 0.0}",0.0,84.9,ns_unbounded,53,balanced,50.62,5005,3600.2,seen,0,,0.1253
61,"{'A': 0.0, 'B': 0.0, 'C': 0.0}",1,99.91,1.776,"{'A': 21, 'B': 30, 'C': 4}",55,506.3,64.9,8.648,"{'A': 0.0, 'B': 0.0, 'C': 0.0}",0.0,64.9,ns_unbounded,56,balanced,50.68,5006,3600.2,seen,0,,0.1572
56,"{'A': 0.0, 'B': 0.0, 'C': 0.0}",2,99.93,1.816,"{'A': 20, 'B': 31, 'C': 4}",55,414.1,79.2,7.162,"{'A': 0.0, 'B': 0.0, 'C': 0.0}",0.0,79.2,ns_unbounded,55,balanced,51.42,5007,3600.8,seen,0,,0.1302
47,"{'A': 0.0, 'B': 0.0, 'C': 0.0}",6,99.93,1.783,"{'A': 19, 'B': 30, 'C': 4}",53,491.7,95.0,7.109,"{'A': 0.0, 'B': 0.0, 'C': 0.0}",0.0,89.3,ns_unbounded,52,balanced,49.45,5008,3600.6,seen,0,,0.1341
54,"{'A': 0.0, 'B': 0.0, 'C': 0.0}",2,99.93,2.1,"{'A': 20, 'B': 29, 'C': 4}",53,438.9,82.3,6.973,"{'A': 0.0, 'B': 0.0, 'C': 0.0}",0.0,82.3,ns_unbounded,51,balanced,49.51,5009,3600.3,seen,0,,0.1316
61,"{'A': 0.0, 'B': 0.0, 'C': 0.0}",2,99.91,1.615,"{'A': 14, 'B': 31, 'C': 5}",50,533.9,66.8,8.671,"{'A': 0.0, 'B': 0.0, 'C': 0.0}",0.0,66.8,ns_unbounded,48,balanced,45.66,5010,3600.0,seen,0,,0.1734
56,"{'A': 0.0, 'B': 0.0, 'C': 0.0}",4,99.93,1.939,"{'A': 20, 'B': 29, 'C': 5}",54,456.8,82.4,7.192,"{'A': 0.0, 'B': 0.0, 'C': 0.0}",0.0,82.4,ns_unbounded,53,balanced,50.4,5011,3600.3,seen,0,,0.1332
61,"{'A': 0.0, 'B': 0.0, 'C': 0.0}",1,99.91,2.627,"{'A': 18, 'B': 29, 'C': 5}",52,543.2,64.2,8.818,"{'A': 0.0, 'B': 0.0, 'C': 0.0}",0.0,64.2,ns_unbounded,52,balanced,47.59,5012,3600.9,seen,0,,0.1696
61,"{'A': 0.0, 'B': 0.0, 'C': 0.0}",1,99.91,1.774,"{'A': 20, 'B': 30, 'C': 4}",54,552.6,63.6,8.938,"{'A': 0.0, 'B': 0.0, 'C': 0.0}",0.0,63.6,ns_unbounded,54,balanced,49.53,5013,3601.0,seen,0,,0.1655
48,"{'A': 0.0, 'B': 0.0, 'C': 0.0}",6,99.93,1.797,"{'A': 19, 'B': 31, 'C': 5}",55,507.8,91.9,7.336,"{'A': 0.0, 'B': 0.0, 'C': 0.0}",0.0,91.9,ns_unbounded,54,balanced,51.33,5014,3600.2,seen,0,,0.1334
53,"{'A': 0.0, 'B': 0.0, 'C': 0.0}",6,99.94,1.802,"{'A': 21, 'B': 30, 'C': 3}",54,439.4,92.1,6.396,"{'A': 0.0, 'B': 0.0, 'C': 0.0}",0.0,91.6,ns_unbounded,53,balanced,50.8,5015,3600.7,seen,0,,0.1184
62,"{'A': 0.0, 'B': 0.0, 'C': 0.0}",1,99.91,1.659,"{'A': 20, 'B': 30, 'C': 5}",55,550.5,63.7,8.928,"{'A': 0.0, 'B': 0.0, 'C': 0.0}",0.0,63.7,ns_unbounded,54,balanced,50.54,5016,3600.6,seen,0,,0.1623
61,"{'A': 0.0, 'B': 0.0, 'C': 0.0}",1,99.92,1.727,"{'A': 20, 'B': 30, 'C': 5}",55,469.2,65.9,8.433,"{'A': 0.0, 'B': 0.0, 'C': 0.0}",0.0,65.9,ns_unbounded,54,balanced,50.78,5017,3600.2,seen,0,,0.1533
60,"{'A': 0.0, 'B': 0.0, 'C': 0.0}",2,99.92,1.886,"{'A': 19, 'B': 30, 'C': 5}",54,500.8,69.4,8.359,"{'A': 0.0, 'B': 0.0, 'C': 0.0}",0.0,69.4,ns_unbounded,52,balanced,49.82,5018,3600.1,seen,0,,0.1548
61,"{'A': 0.0, 'B': 0.0, 'C': 0.0}",2,99.91,1.729,"{'A': 19, 'B': 31, 'C': 4}",54,548.0,64.3,8.834,"{'A': 0.0, 'B': 0.0, 'C': 0.0}",0.0,63.9,ns_unbounded,52,balanced,49.58,5019,3600.2,seen,0,,0.1636
52,"{'A': 0.0, 'B': 0.0, 'C': 0.0}",5,99.92,1.602,"{'A': 20, 'B': 31, 'C': 4}",55,543.4,83.2,7.886,"{'A': 0.0, 'B': 0.0, 'C': 0.0}",0.0,83.2,ns_unbounded,54,balanced,51.06,5020,3600.3,seen,0,,0.1434
61,"{'A': 0.0, 'B': 0.0, 'C': 0.0}",1,99.91,1.629,"{'A': 20, 'B': 30, 'C': 5}",55,547.9,64.0,8.853,"{'A': 0.0, 'B': 0.0, 'C': 0.0}",0.0,64.0,ns_unbounded,52,balanced,50.57,5021,3600.0,seen,0,,0.161
61,"{'A': 0.0, 'B': 0.0, 'C': 0.0}",1,99.91,1.783,"{'A': 20, 'B': 30, 'C': 4}",54,586.8,64.7,9.001,"{'A': 0.0, 'B': 0.0, 'C': 0.0}",0.0,64.7,ns_unbounded,52,balanced,49.5,5022,3600.6,seen,0,,0.1667
62,"{'A': 0.0, 'B': 0.0, 'C': 0.0}",1,99.91,1.68,"{'A': 20, 'B': 27, 'C': 4}",51,621.6,62.1,9.271,"{'A': 0.0, 'B': 0.0, 'C': 0.0}",0.0,62.1,ns_unbounded,50,balanced,46.36,5023,3600.8,seen,0,,0.1818
58,"{'A': 0.0, 'B': 0.0, 'C': 0.0}",2,99.91,1.96,"{'A': 19, 'B': 30, 'C': 4}",53,603.1,69.6,8.824,"{'A': 0.0, 'B': 0.0, 'C': 0.0}",0.0,69.6,ns_unbounded,53,balanced,48.59,5024,3600.4,seen,0,,0.1665
62,"{'A': 0.0, 'B': 0.0, 'C': 0.0}",2,99.92,1.816,"{'A': 20, 'B': 31, 'C': 5}",56,481.0,65.7,8.48,"{'A': 0.0, 'B': 0.0, 'C': 0.0}",0.0,65.7,ns_unbounded,55,balanced,51.76,5025,3600.2,seen,0,,0.1514
56,"{'A': 0.0, 'B': 0.0, 'C': 0.0}",5,99.93,1.569,"{'A': 21, 'B': 31, 'C': 5}",57,453.1,82.9,7.12,"{'A': 0.0, 'B': 0.0, 'C': 0.0}",0.0,82.9,ns_unbounded,56,balanced,53.44,5026,3600.7,seen,0,,0.1249
56,"{'A': 0.0, 'B': 0.0, 'C': 0.0}",5,99.93,1.706,"{'A': 13, 'B': 31, 'C': 4}",48,472.9,81.3,6.917,"{'A': 0.0, 'B': 0.0, 'C': 0.0}",0.0,81.3,ns_unbounded,48,balanced,44.54,5027,3600.6,seen,0,,0.1441
59,"{'A': 0.0, 'B': 0.0, 'C': 0.0}",2,99.91,1.625,"{'A': 20, 'B': 29, 'C': 4}",53,587.7,68.4,8.82,"{'A': 0.0, 'B': 0.0, 'C': 0.0}",0.0,64.2,ns_unbounded,54,balanced,48.59,5028,3601.0,seen,0,,0.1664
61,"{'A': 0.0, 'B': 0.0, 'C': 0.0}",1,99.91,1.477,"{'A': 21, 'B': 30, 'C': 4}",55,621.4,61.9,9.309,"{'A': 0.0, 'B': 0.0, 'C': 0.0}",0.0,61.9,ns_unbounded,54,balanced,50.35,5029,3600.4,seen,0,,0.1692
53,"{'A': 0.0, 'B': 0.0, 'C': 0.0}",4,99.94,1.723,"{'A': 13, 'B': 30, 'C': 3}",46,402.3,90.0,6.242,"{'A': 0.0, 'B': 0.0, 'C': 0.0}",0.0,90.0,ns_unbounded,44,fault_burst,42.88,5000,3600.6,seen,0,,0.1357
56,"{'A': 0.0, 'B': 0.0, 'C': 0.0}",11,99.95,0.964,"{'A': 14, 'B': 11, 'C': 1}",26,344.9,100.0,4.751,"{'A': 0.0, 'B': 0.0, 'C': 0.0}",0.0,96.8,ns_unbounded,23,fault_burst,23.62,5001,3600.4,seen,0,,0.1827
55,"{'A': 0.0, 'B': 0.0, 'C': 0.0}",10,99.94,1.46,"{'A': 14, 'B': 12, 'C': 3}",29,412.2,96.0,5.746,"{'A': 0.0, 'B': 0.0, 'C': 0.0}",0.0,95.4,ns_unbounded,28,fault_burst,26.13,5002,3600.9,seen,0,,0.1982
55,"{'A': 0.0, 'B': 0.0, 'C': 0.0}",7,99.94,1.898,"{'A': 15, 'B': 21, 'C': 3}",39,384.9,92.6,5.505,"{'A': 0.0, 'B': 0.0, 'C': 0.0}",0.0,92.6,ns_unbounded,38,fault_burst,36.25,5003,3600.9,seen,0,,0.1412
57,"{'A': 0.0, 'B': 0.0, 'C': 0.0}",10,99.94,1.676,"{'A': 17, 'B': 12, 'C': 3}",32,418.1,91.6,6.038,"{'A': 0.0, 'B': 0.0, 'C': 0.0}",0.0,91.6,ns_unbounded,30,fault_burst,28.98,5004,3600.1,seen,0,,0.1887
55,"{'A': 0.0, 'B': 0.0, 'C': 0.0}",13,99.93,1.585,"{'A': 13, 'B': 22, 'C': 2}",37,486.1,94.8,6.739,"{'A': 0.0, 'B': 0.0, 'C': 0.0}",0.0,94.8,ns_unbounded,37,fault_burst,33.63,5005,3600.4,seen,0,,0.1821
58,"{'A': 0.0, 'B': 0.0, 'C': 0.0}",9,99.94,1.641,"{'A': 9, 'B': 23, 'C': 3}",35,418.8,89.7,5.933,"{'A': 0.0, 'B': 0.0, 'C': 0.0}",0.0,89.7,ns_unbounded,34,fault_burst,32.03,5006,3600.9,seen,0,,0.1695
51,"{'A': 0.0, 'B': 0.0, 'C': 0.0}",8,99.93,1.561,"{'A': 11, 'B': 21, 'C': 3}",35,483.9,95.0,6.858,"{'A': 0.0, 'B': 0.0, 'C': 0.0}",0.0,94.3,ns_unbounded,33,fault_burst,31.57,5007,3600.9,seen,0,,0.1959
56,"{'A': 0.0, 'B': 0.0, 'C': 0.0}",13,99.94,1.669,"{'A': 15, 'B': 20, 'C': 2}",37,423.6,95.6,5.88,"{'A': 0.0, 'B': 0.0, 'C': 0.0}",0.0,95.6,ns_unbounded,37,fault_burst,34.06,5008,3600.1,seen,0,,0.1589
57,"{'A': 0.0, 'B': 0.0, 'C': 0.0}",12,99.94,1.907,"{'A': 12, 'B': 17, 'C': 3}",32,458.1,92.7,6.38,"{'A': 0.0, 'B': 0.0, 'C': 0.0}",0.0,92.7,ns_unbounded,34,fault_burst,28.81,5009,3600.6,seen,0,,0.1994
53,"{'A': 0.0, 'B': 0.0, 'C': 0.0}",8,99.94,1.729,"{'A': 7, 'B': 25, 'C': 4}",36,424.1,95.0,5.963,"{'A': 0.0, 'B': 0.0, 'C': 0.0}",0.0,95.0,ns_unbounded,33,fault_burst,33.02,5010,3600.4,seen,0,,0.1656
52,"{'A': 0.0, 'B': 0.0, 'C': 0.0}",9,99.93,1.695,"{'A': 12, 'B': 24, 'C': 2}",38,523.7,90.6,7.264,"{'A': 0.0, 'B': 0.0, 'C': 0.0}",0.0,90.6,ns_unbounded,37,fault_burst,34.37,5011,3600.8,seen,0,,0.1911
57,"{'A': 0.0, 'B': 0.0, 'C': 0.0}",9,99.94,2.088,"{'A': 12, 'B': 19, 'C': 3}",34,413.8,90.0,5.767,"{'A': 0.0, 'B': 0.0, 'C': 0.0}",0.0,87.2,ns_unbounded,32,fault_burst,31.12,5012,3600.9,seen,0,,0.1696
58,"{'A': 0.0, 'B': 0.0, 'C': 0.0}",7,99.95,1.632,"{'A': 12, 'B': 23, 'C': 3}",38,375.1,90.0,5.348,"{'A': 0.0, 'B': 0.0, 'C': 0.0}",0.0,90.0,ns_unbounded,37,fault_burst,35.33,5013,3600.9,seen,0,,0.1407
52,"{'A': 0.0, 'B': 0.0, 'C': 0.0}",7,99.93,1.458,"{'A': 14, 'B': 21, 'C': 3}",38,479.4,91.5,6.926,"{'A': 0.0, 'B': 0.0, 'C': 0.0}",0.0,91.5,ns_unbounded,37,fault_burst,34.54,5014,3600.2,seen,0,,0.1823
58,"{'A': 0.0, 'B': 0.0, 'C': 0.0}",7,99.95,1.98,"{'A': 10, 'B': 19, 'C': 3}",32,360.0,90.3,5.097,"{'A': 0.0, 'B': 0.0, 'C': 0.0}",0.0,90.3,ns_unbounded,32,fault_burst,29.45,5015,3600.2,seen,0,,0.1593
60,"{'A': 0.0, 'B': 0.0, 'C': 0.0}",6,99.94,1.545,"{'A': 15, 'B': 18, 'C': 4}",37,442.8,82.1,6.49,"{'A': 0.0, 'B': 0.0, 'C': 0.0}",0.0,82.1,ns_unbounded,34,fault_burst,33.76,5016,3600.4,seen,0,,0.1754
58,"{'A': 0.0, 'B': 0.0, 'C': 0.0}",7,99.94,1.65,"{'A': 13, 'B': 18, 'C': 3}",34,397.5,88.6,5.664,"{'A': 0.0, 'B': 0.0, 'C': 0.0}",0.0,88.6,ns_unbounded,33,fault_burst,31.17,5017,3600.2,seen,0,,0.1666
56,"{'A': 0.0, 'B': 0.0, 'C': 0.0}",13,99.95,1.559,"{'A': 14, 'B': 19, 'C': 2}",35,371.3,100.0,5.052,"{'A': 0.0, 'B': 0.0, 'C': 0.0}",0.0,97.1,ns_unbounded,32,fault_burst,32.47,5018,3600.1,seen,0,,0.1443
54,"{'A': 0.0, 'B': 0.0, 'C': 0.0}",10,99.94,1.603,"{'A': 15, 'B': 21, 'C': 3}",39,459.6,92.5,6.333,"{'A': 0.0, 'B': 0.0, 'C': 0.0}",0.0,92.5,ns_unbounded,38,fault_burst,35.83,5019,3600.4,seen,0,,0.1624
55,"{'A': 0.0, 'B': 0.0, 'C': 0.0}",11,99.95,1.47,"{'A': 12, 'B': 12, 'C': 1}",25,362.3,98.9,5.118,"{'A': 0.0, 'B': 0.0, 'C': 0.0}",0.0,94.5,ns_unbounded,24,fault_burst,22.44,5020,3600.0,seen,0,,0.2047
55,"{'A': 0.0, 'B': 0.0, 'C': 0.0}",12,99.93,1.63,"{'A': 15, 'B': 26, 'C': 2}",43,471.2,93.1,6.525,"{'A': 0.0, 'B': 0.0, 'C': 0.0}",0.0,93.1,ns_unbounded,43,fault_burst,39.74,5021,3600.3,seen,0,,0.1518
54,"{'A': 0.0, 'B': 0.0, 'C': 0.0}",10,99.94,1.587,"{'A': 9, 'B': 22, 'C': 3}",34,458.5,93.4,6.355,"{'A': 0.0, 'B': 0.0, 'C': 0.0}",0.0,93.4,ns_unbounded,32,fault_burst,30.82,5022,3600.7,seen,0,,0.1869
55,"{'A': 0.0, 'B': 0.0, 'C': 0.0}",9,99.94,1.154,"{'A': 12, 'B': 19, 'C': 3}",34,431.7,93.9,6.087,"{'A': 0.0, 'B': 0.0, 'C': 0.0}",0.0,93.9,ns_unbounded,31,fault_burst,30.96,5023,3600.9,seen,0,,0.179
57,"{'A': 0.0, 'B': 0.0, 'C': 0.0}",4,99.95,1.305,"{'A': 10, 'B': 19, 'C': 3}",32,364.7,88.0,5.233,"{'A': 0.0, 'B': 0.0, 'C': 0.0}",0.0,88.0,ns_unbounded,31,fault_burst,29.38,5024,3600.1,seen,0,,0.1635
53,"{'A': 0.0, 'B': 0.0, 'C': 0.0}",8,99.94,1.278,"{'A': 11, 'B': 22, 'C': 3}",36,397.8,96.1,5.546,"{'A': 0.0, 'B': 0.0, 'C': 0.0}",0.0,94.9,ns_unbounded,34,fault_burst,33.23,5025,3600.1,seen,0,,0.1541
54,"{'A': 0.0, 'B': 0.0, 'C': 0.0}",8,99.93,2.151,"{'A': 11, 'B': 25, 'C': 3}",39,478.1,89.9,6.75,"{'A': 0.0, 'B': 0.0, 'C': 0.0}",0.0,89.9,ns_unbounded,36,fault_burst,35.63,5026,3600.9,seen,0,,0.1731
57,"{'A': 0.0, 'B': 0.0, 'C': 0.0}",9,99.94,2.04,"{'A': 17, 'B': 19, 'C': 4}",40,413.2,91.1,5.806,"{'A': 0.0, 'B': 0.0, 'C': 0.0}",0.0,91.1,ns_unbounded,40,fault_burst,37.1,5027,3600.6,seen,0,,0.1452
56,"{'A': 0.0, 'B': 0.0, 'C': 0.0}",9,99.94,1.55,"{'A': 11, 'B': 22, 'C': 3}",36,426.4,91.1,5.945,"{'A': 0.0, 'B': 0.0, 'C': 0.0}",0.0,91.1,ns_unbounded,33,fault_burst,33.03,5028,3600.3,seen,0,,0.1651
51,"{'A': 0.0, 'B': 0.0, 'C': 0.0}",7,99.93,1.404,"{'A': 14, 'B': 27, 'C': 2}",43,496.9,92.0,7.026,"{'A': 0.0, 'B': 0.0, 'C': 0.0}",0.0,92.0,ns_unbounded,41,fault_burst,39.49,5029,3600.2,seen,0,,0.1634
48,"{'A': 1602.0, 'B': 1055.9, 'C': 1019.6}",1,99.93,1.513,"{'A': 16, 'B': 37, 'C': 4}",57,300.7,36.6,7.117,"{'A': 17.8, 'B': 17.6, 'C': 2.83}",38.23,17.6,ns_unbounded,70,heavy_load,15.21,5000,3600.0,unseen,0,,0.1249
45,"{'A': 977.1, 'B': 949.3, 'C': 579.2}",1,99.93,1.578,"{'A': 20, 'B': 37, 'C': 5}",62,372.1,39.3,7.443,"{'A': 10.86, 'B': 15.82, 'C': 1.61}",28.29,16.2,ns_unbounded,80,heavy_load,29.99,5001,3600.2,unseen,0,,0.12
47,"{'A': 1095.3, 'B': 987.2, 'C': 848.2}",1,99.93,1.291,"{'A': 22, 'B': 39, 'C': 6}",67,352.6,38.9,7.338,"{'A': 12.17, 'B': 16.45, 'C': 2.36}",30.98,16.6,ns_unbounded,80,heavy_load,32.35,5002,3600.1,unseen,0,,0.1095
48,"{'A': 515.4, 'B': 816.6, 'C': 672.6}",1,99.93,1.328,"{'A': 25, 'B': 24, 'C': 6}",55,357.9,37.3,7.445,"{'A': 5.73, 'B': 13.61, 'C': 1.87}",21.21,16.2,ns_unbounded,74,heavy_load,30.07,5003,3600.6,unseen,0,,0.1354
55,"{'A': 1220.6, 'B': 1132.3, 'C': 613.6}",2,99.91,1.274,"{'A': 21, 'B': 28, 'C': 7}",56,381.1,19.9,8.596,"{'A': 13.56, 'B': 18.87, 'C': 1.7}",34.14,16.1,ns_unbounded,74,heavy_load,17.56,5004,3600.3,unseen,0,,0.1535
46,"{'A': 1008.1, 'B': 924.4, 'C': 541.8}",1,99.93,1.504,"{'A': 24, 'B': 38, 'C': 5}",67,370.8,39.7,7.377,"{'A': 11.2, 'B': 15.41, 'C': 1.51}",28.11,16.7,ns_unbounded,80,heavy_load,35.2,5005,3600.7,unseen,0,,0.1101
45,"{'A': 792.8, 'B': 1166.0, 'C': 983.7}",1,99.92,1.517,"{'A': 28, 'B': 34, 'C': 5}",67,403.9,38.4,7.714,"{'A': 8.81, 'B': 19.43, 'C': 2.73}",30.98,16.6,ns_unbounded,78,heavy_load,32.17,5006,3600.7,unseen,0,,0.1151
47,"{'A': 937.5, 'B': 964.1, 'C': 885.8}",1,99.92,1.695,"{'A': 29, 'B': 38, 'C': 6}",73,395.1,39.0,7.534,"{'A': 10.42, 'B': 16.07, 'C': 2.46}",28.94,16.8,ns_unbounded,80,heavy_load,40.29,5007,3600.1,unseen,0,,0.1032
46,"{'A': 907.3, 'B': 1118.3, 'C': 694.3}",1,99.93,1.398,"{'A': 25, 'B': 36, 'C': 6}",67,374.3,39.6,7.357,"{'A': 10.08, 'B': 18.64, 'C': 1.93}",30.65,16.6,ns_unbounded,80,heavy_load,32.67,5008,3600.7,unseen,0,,0.1098
48,"{'A': 1683.6, 'B': 1518.4, 'C': 1333.8}",1,99.93,1.392,"{'A': 17, 'B': 28, 'C': 4}",49,317.2,34.6,7.323,"{'A': 18.71, 'B': 25.31, 'C': 3.7}",47.72,16.7,ns_unbounded,62,heavy_load,-2.38,5009,3600.4,unseen,0,,0.1494
49,"{'A': 313.1, 'B': 1526.6, 'C': 595.4}",1,99.93,1.499,"{'A': 19, 'B': 29, 'C': 5}",53,318.4,34.3,7.38,"{'A': 3.48, 'B': 25.44, 'C': 1.65}",30.58,16.5,ns_unbounded,68,heavy_load,18.73,5010,3600.5,unseen,0,,0.1392
46,"{'A': 1147.7, 'B': 1003.7, 'C': 811.5}",1,99.93,1.392,"{'A': 22, 'B': 37, 'C': 6}",65,353.8,38.9,7.308,"{'A': 12.75, 'B': 16.73, 'C': 2.25}",31.73,16.8,ns_unbounded,78,heavy_load,29.61,5011,3600.2,unseen,0,,0.1124
50,"{'A': 1179.0, 'B': 1203.8, 'C': 1393.1}",1,99.93,1.241,"{'A': 17, 'B': 33, 'C': 4}",54,314.6,32.3,7.396,"{'A': 13.1, 'B': 20.06, 'C': 3.87}",37.03,16.4,ns_unbounded,73,heavy_load,13.27,5012,3600.8,unseen,0,,0.137
48,"{'A': 1018.2, 'B': 752.0, 'C': 900.4}",1,99.93,1.341,"{'A': 23, 'B': 38, 'C': 6}",67,366.2,37.4,7.473,"{'A': 11.31, 'B': 12.53, 'C': 2.5}",26.35,16.0,ns_unbounded,85,heavy_load,36.91,5013,3600.1,unseen,0,,0.1115
44,"{'A': 1187.6, 'B': 815.7, 'C': 1292.8}",1,99.93,1.185,"{'A': 22, 'B': 38, 'C': 4}",64,368.9,39.5,7.494,"{'A': 13.2, 'B': 13.6, 'C': 3.59}",30.38,16.5,ns_unbounded,77,heavy_load,29.87,5014,3600.0,unseen,0,,0.1171
53,"{'A': 488.3, 'B': 501.0, 'C': 99.7}",2,99.91,1.429,"{'A': 30, 'B': 46, 'C': 5}",81,477.5,21.8,8.929,"{'A': 5.43, 'B': 8.35, 'C': 0.28}",14.05,16.7,ns_unbounded,92,heavy_load,62.48,5015,3600.4,unseen,0,,0.1102
47,"{'A': 1264.5, 'B': 1588.2, 'C': 874.4}",1,99.93,1.223,"{'A': 21, 'B': 26, 'C': 3}",50,342.4,36.1,7.456,"{'A': 14.05, 'B': 26.47, 'C': 2.43}",42.95,16.1,ns_unbounded,66,heavy_load,3.32,5016,3600.8,unseen,0,,0.1491
45,"{'A': 1008.4, 'B': 1164.6, 'C': 1010.8}",1,99.92,1.281,"{'A': 30, 'B': 35, 'C': 5}",70,418.9,37.9,7.79,"{'A': 11.2, 'B': 19.41, 'C': 2.81}",33.42,16.7,ns_unbounded,78,heavy_load,32.68,5017,3600.2,unseen,0,,0.1113
46,"{'A': 829.1, 'B': 841.4, 'C': 946.2}",1,99.93,1.393,"{'A': 22, 'B': 41, 'C': 5}",68,367.8,40.0,7.366,"{'A': 9.21, 'B': 14.02, 'C': 2.63}",25.86,16.6,ns_unbounded,84,heavy_load,38.45,5018,3600.1,unseen,0,,0.1083
52,"{'A': 919.5, 'B': 442.3, 'C': 250.0}",2,99.91,1.506,"{'A': 25, 'B': 45, 'C': 7}",77,452.6,25.4,8.633,"{'A': 10.22, 'B': 7.37, 'C': 0.69}",18.28,16.8,ns_unbounded,89,heavy_load,54.4,5019,3600.5,unseen,0,,0.1121
45,"{'A': 991.7, 'B': 918.8, 'C': 993.5}",1,99.92,1.377,"{'A': 28, 'B': 38, 'C': 5}",71,411.2,39.0,7.628,"{'A': 11.02, 'B': 15.31, 'C': 2.76}",29.09,16.4,ns_unbounded,81,heavy_load,38.09,5020,3600.5,unseen,0,,0.1074
46,"{'A': 914.3, 'B': 1137.7, 'C': 914.1}",1,99.92,1.324,"{'A': 30, 'B': 35, 'C': 6}",71,409.1,38.6,7.663,"{'A': 10.16, 'B': 18.96, 'C': 2.54}",31.66,16.5,ns_unbounded,78,heavy_load,35.51,5021,3600.1,unseen,0,,0.1079
46,"{'A': 970.1, 'B': 902.0, 'C': 1038.7}",1,99.93,1.361,"{'A': 24, 'B': 38, 'C': 5}",67,369.3,39.8,7.373,"{'A': 10.78, 'B': 15.03, 'C': 2.89}",28.7,16.7,ns_unbounded,80,heavy_load,34.62,5022,3600.0,unseen,0,,0.11
49,"{'A': 1484.6, 'B': 1092.2, 'C': 1117.1}",1,99.93,1.197,"{'A': 18, 'B': 27, 'C': 4}",49,318.5,32.3,7.495,"{'A': 16.5, 'B': 18.2, 'C': 3.1}",37.8,15.9,ns_unbounded,70,heavy_load,7.45,5023,3600.8,unseen,0,,0.153
45,"{'A': 817.0, 'B': 761.1, 'C': 943.7}",1,99.93,1.21,"{'A': 22, 'B': 41, 'C': 5}",68,361.8,39.7,7.358,"{'A': 9.08, 'B': 12.68, 'C': 2.62}",24.38,16.6,ns_unbounded,86,heavy_load,39.94,5024,3600.6,unseen,0,,0.1082
44,"{'A': 1550.1, 'B': 1366.6, 'C': 979.9}",1,99.92,1.22,"{'A': 16, 'B': 39, 'C': 6}",61,405.1,38.0,7.853,"{'A': 17.22, 'B': 22.78, 'C': 2.72}",42.72,16.3,ns_unbounded,66,heavy_load,14.35,5025,3600.7,unseen,0,,0.1287
47,"{'A': 999.8, 'B': 1083.3, 'C': 604.4}",1,99.93,1.356,"{'A': 24, 'B': 37, 'C': 6}",67,352.6,38.8,7.349,"{'A': 11.11, 'B': 18.05, 'C': 1.68}",30.84,16.6,ns_unbounded,80,heavy_load,32.48,5026,3600.1,unseen,0,,0.1097
51,"{'A': 1569.7, 'B': 958.8, 'C': 1151.4}",1,99.93,1.587,"{'A': 5, 'B': 38, 'C': 5}",48,292.5,34.7,7.155,"{'A': 17.44, 'B': 15.98, 'C': 3.2}",36.62,17.5,ns_unbounded,61,heavy_load,7.8,5027,3600.1,unseen,0,,0.1491
45,"{'A': 836.0, 'B': 1221.4, 'C': 1112.1}",1,99.92,1.508,"{'A': 33, 'B': 33, 'C': 5}",71,410.7,38.7,7.661,"{'A': 9.29, 'B': 20.36, 'C': 3.09}",32.73,16.5,ns_unbounded,78,heavy_load,34.43,5028,3600.0,unseen,0,,0.1079
47,"{'A': 792.2, 'B': 816.9, 'C': 708.0}",1,99.93,1.489,"{'A': 12, 'B': 37, 'C': 5}",54,372.1,37.1,7.452,"{'A': 8.8, 'B': 13.61, 'C': 1.97}",24.38,16.1,ns_unbounded,72,heavy_load,25.89,5029,3600.0,unseen,0,,0.138
56,"{'A': 0.0, 'B': 0.0, 'C': 0.0}",3,99.92,1.653,"{'A': 20, 'B': 29, 'C': 4}",53,467.2,77.7,8.042,"{'A': 0.0, 'B': 0.0, 'C': 0.0}",0.0,77.7,ns_unbounded,53,heavy_parts,48.98,5000,3600.1,unseen,0,,0.1517
60,"{'A': 0.0, 'B': 0.0, 'C': 0.0}",2,99.91,1.632,"{'A': 20, 'B': 30, 'C': 4}",54,543.0,63.9,9.156,"{'A': 0.0, 'B': 0.0, 'C': 0.0}",0.0,63.9,ns_unbounded,55,heavy_parts,49.42,5001,3600.4,unseen,0,,0.1696
53,"{'A': 0.0, 'B': 7.0, 'C': 0.0}",3,99.92,1.71,"{'A': 19, 'B': 32, 'C': 4}",55,464.9,81.6,8.031,"{'A': 0.0, 'B': 0.06, 'C': 0.0}",0.06,81.6,ns_unbounded,53,heavy_parts,50.93,5002,3600.1,unseen,0,,0.146
61,"{'A': 0.0, 'B': 0.0, 'C': 0.0}",4,99.92,1.549,"{'A': 20, 'B': 21, 'C': 5}",46,482.2,71.5,8.444,"{'A': 0.0, 'B': 0.0, 'C': 0.0}",0.0,71.5,ns_unbounded,45,heavy_parts,41.78,5003,3600.4,unseen,0,,0.1836
56,"{'A': 0.0, 'B': 0.0, 'C': 0.0}",3,99.91,1.696,"{'A': 19, 'B': 31, 'C': 4}",54,496.4,72.7,8.634,"{'A': 0.0, 'B': 0.0, 'C': 0.0}",0.0,72.7,ns_unbounded,53,heavy_parts,49.68,5004,3600.8,unseen,0,,0.1599
64,"{'A': 0.0, 'B': 0.0, 'C': 0.0}",0,99.91,1.816,"{'A': 20, 'B': 31, 'C': 4}",55,520.5,57.2,9.409,"{'A': 0.0, 'B': 0.0, 'C': 0.0}",0.0,57.2,ns_unbounded,54,heavy_parts,50.3,5005,3600.5,unseen,0,,0.1711
60,"{'A': 0.0, 'B': 0.0, 'C': 0.0}",2,99.91,2.123,"{'A': 20, 'B': 32, 'C': 5}",57,547.1,64.5,9.262,"{'A': 0.0, 'B': 0.0, 'C': 0.0}",0.0,64.5,ns_unbounded,54,heavy_parts,52.37,5006,3600.8,unseen,0,,0.1625
61,"{'A': 0.0, 'B': 0.0, 'C': 0.0}",1,99.91,1.617,"{'A': 20, 'B': 30, 'C': 4}",54,440.9,67.1,8.558,"{'A': 0.0, 'B': 0.0, 'C': 0.0}",0.0,67.1,ns_unbounded,51,heavy_parts,49.72,5007,3600.6,unseen,0,,0.1585
61,"{'A': 0.0, 'B': 0.5, 'C': 0.0}",1,99.91,1.59,"{'A': 21, 'B': 29, 'C': 4}",54,499.3,65.8,8.835,"{'A': 0.0, 'B': 0.0, 'C': 0.0}",0.0,65.8,ns_unbounded,54,heavy_parts,49.58,5008,3600.3,unseen,0,,0.1636
59,"{'A': 0.0, 'B': 0.0, 'C': 0.0}",1,99.91,1.744,"{'A': 19, 'B': 30, 'C': 4}",53,501.9,65.1,8.988,"{'A': 0.0, 'B': 0.0, 'C': 0.0}",0.0,65.1,ns_unbounded,53,heavy_parts,48.51,5009,3600.8,unseen,0,,0.1696
58,"{'A': 0.0, 'B': 0.0, 'C': 0.0}",3,99.91,1.635,"{'A': 15, 'B': 31, 'C': 5}",51,533.2,67.4,9.041,"{'A': 0.0, 'B': 0.0, 'C': 0.0}",0.0,67.4,ns_unbounded,50,heavy_parts,46.48,5010,3600.3,unseen,0,,0.1773
57,"{'A': 0.0, 'B': 0.0, 'C': 0.0}",3,99.91,1.742,"{'A': 20, 'B': 32, 'C': 5}",57,523.7,71.4,8.854,"{'A': 0.0, 'B': 0.0, 'C': 0.0}",0.0,71.4,ns_unbounded,55,heavy_parts,52.57,5011,3600.7,unseen,0,,0.1553
64,"{'A': 0.0, 'B': 0.0, 'C': 0.0}",0,99.91,1.699,"{'A': 19, 'B': 29, 'C': 5}",53,519.1,57.6,9.326,"{'A': 0.0, 'B': 0.0, 'C': 0.0}",0.0,57.6,ns_unbounded,52,heavy_parts,48.34,5012,3600.1,unseen,0,,0.176
59,"{'A': 0.0, 'B': 0.0, 'C': 0.0}",2,99.91,1.779,"{'A': 21, 'B': 30, 'C': 4}",55,486.4,67.4,8.838,"{'A': 0.0, 'B': 0.0, 'C': 0.0}",0.0,67.4,ns_unbounded,53,heavy_parts,50.58,5013,3600.3,unseen,0,,0.1607
62,"{'A': 0.0, 'B': 0.0, 'C': 0.0}",3,99.91,1.713,"{'A': 20, 'B': 29, 'C': 4}",53,483.6,66.4,8.758,"{'A': 0.0, 'B': 0.0, 'C': 0.0}",0.0,66.4,ns_unbounded,52,heavy_parts,48.62,5014,3600.9,unseen,0,,0.1652
58,"{'A': 0.0, 'B': 0.0, 'C': 0.0}",4,99.92,1.564,"{'A': 20, 'B': 29, 'C': 3}",52,438.8,77.3,7.913,"{'A': 0.0, 'B': 0.0, 'C': 0.0}",0.0,77.3,ns_unbounded,52,heavy_parts,48.04,5015,3600.1,unseen,0,,0.1522
51,"{'A': 0.0, 'B': 0.0, 'C': 0.0}",5,99.93,1.731,"{'A': 19, 'B': 29, 'C': 5}",53,450.6,90.6,7.352,"{'A': 0.0, 'B': 0.0, 'C': 0.0}",0.0,90.6,ns_unbounded,53,heavy_parts,49.32,5016,3600.4,unseen,0,,0.1387
60,"{'A': 0.0, 'B': 0.0, 'C': 0.0}",1,99.91,1.705,"{'A': 19, 'B': 30, 'C': 5}",54,464.6,66.5,8.695,"{'A': 0.0, 'B': 0.0, 'C': 0.0}",0.0,66.5,ns_unbounded,54,heavy_parts,49.65,5017,3600.4,unseen,0,,0.161
52,"{'A': 0.0, 'B': 99.5, 'C': 134.4}",2,99.92,1.532,"{'A': 20, 'B': 31, 'C': 4}",55,423.1,82.4,7.7,"{'A': 0.0, 'B': 0.83, 'C': 0.19}",1.02,82.4,ns_unbounded,53,heavy_parts,50.13,5018,3600.8,unseen,0,,0.14
51,"{'A': 0.0, 'B': 0.0, 'C': 0.0}",3,99.92,1.844,"{'A': 21, 'B': 31, 'C': 4}",56,453.6,85.1,7.746,"{'A': 0.0, 'B': 0.0, 'C': 0.0}",0.0,85.1,ns_unbounded,54,heavy_parts,52.13,5019,3600.1,unseen,0,,0.1383
51,"{'A': 0.0, 'B': 0.0, 'C': 28.6}",5,99.92,1.48,"{'A': 20, 'B': 31, 'C': 4}",55,485.0,86.0,7.803,"{'A': 0.0, 'B': 0.0, 'C': 0.04}",0.04,86.0,ns_unbounded,54,heavy_parts,51.06,5020,3600.7,unseen,0,,0.1419
58,"{'A': 0.0, 'B': 0.0, 'C': 0.0}",3,99.91,1.657,"{'A': 21, 'B': 29, 'C': 5}",55,548.8,67.0,9.157,"{'A': 0.0, 'B': 0.0, 'C': 0.0}",0.0,67.0,ns_unbounded,55,heavy_parts,50.42,5021,3600.1,unseen,0,,0.1665
57,"{'A': 0.0, 'B': 0.0, 'C': 0.0}",4,99.92,1.646,"{'A': 20, 'B': 29, 'C': 4}",53,464.5,74.8,8.264,"{'A': 0.0, 'B': 0.0, 'C': 0.0}",0.0,74.8,ns_unbounded,52,heavy_parts,48.87,5022,3600.9,unseen,0,,0.1559
59,"{'A': 0.0, 'B': 0.0, 'C': 0.0}",2,99.91,1.533,"{'A': 19, 'B': 31, 'C': 4}",54,497.0,66.4,8.866,"{'A': 0.0, 'B': 0.0, 'C': 0.0}",0.0,66.4,ns_unbounded,53,heavy_parts,49.57,5023,3600.5,unseen,0,,0.1642
57,"{'A': 0.0, 'B': 0.0, 'C': 0.0}",4,99.91,1.731,"{'A': 19, 'B': 30, 'C': 4}",53,515.0,70.8,8.791,"{'A': 0.0, 'B': 0.0, 'C': 0.0}",0.0,70.8,ns_unbounded,54,heavy_parts,48.6,5024,3600.6,unseen,0,,0.1659
57,"{'A': 0.0, 'B': 0.0, 'C': 0.0}",2,99.91,1.921,"{'A': 18, 'B': 30, 'C': 5}",53,530.9,69.6,8.992,"{'A': 0.0, 'B': 0.0, 'C': 0.0}",0.0,69.6,ns_unbounded,53,heavy_parts,48.5,5025,3600.3,unseen,0,,0.1697
61,"{'A': 0.0, 'B': 0.0, 'C': 0.0}",1,99.91,1.888,"{'A': 20, 'B': 29, 'C': 5}",54,529.0,60.3,9.348,"{'A': 0.0, 'B': 0.0, 'C': 0.0}",0.0,60.3,ns_unbounded,55,heavy_parts,49.33,5026,3600.5,unseen,0,,0.1731
51,"{'A': 7.9, 'B': 46.3, 'C': 87.1}",4,99.93,1.644,"{'A': 14, 'B': 29, 'C': 4}",47,406.7,91.1,6.78,"{'A': 0.04, 'B': 0.39, 'C': 0.12}",0.55,87.7,ns_unbounded,47,heavy_parts,43.06,5027,3600.8,unseen,0,,0.1443
57,"{'A': 0.0, 'B': 0.0, 'C': 0.0}",2,99.91,1.42,"{'A': 20, 'B': 31, 'C': 4}",55,582.6,65.6,9.493,"{'A': 0.0, 'B': 0.0, 'C': 0.0}",0.0,65.6,ns_unbounded,53,heavy_parts,50.25,5028,3600.9,unseen,0,,0.1726
55,"{'A': 0.0, 'B': 0.0, 'C': 0.0}",4,99.93,1.749,"{'A': 14, 'B': 30, 'C': 5}",49,401.4,84.0,7.092,"{'A': 0.0, 'B': 0.0, 'C': 0.0}",0.0,84.0,ns_unbounded,49,heavy_parts,45.45,5029,3600.3,unseen,0,,0.1447
65,"{'A': 0.0, 'B': 0.0, 'C': 0.0}",0,99.9,2.372,"{'A': 41, 'B': 56, 'C': 8}",105,643.7,54.4,10.041,"{'A': 0.0, 'B': 0.0, 'C': 0.0}",0.0,54.4,ns_unbounded,109,high_demand,99.98,5000,3600.5,seen,0,,0.0956
64,"{'A': 0.0, 'B': 0.0, 'C': 0.0}",0,99.9,1.924,"{'A': 38, 'B': 59, 'C': 8}",105,643.7,54.1,10.091,"{'A': 0.0, 'B': 0.0, 'C': 0.0}",0.0,54.1,ns_unbounded,106,high_demand,99.95,5001,3600.6,seen,0,,0.0961
64,"{'A': 0.0, 'B': 0.0, 'C': 0.0}",0,99.9,2.34,"{'A': 37, 'B': 60, 'C': 9}",106,655.9,53.5,10.234,"{'A': 0.0, 'B': 0.0, 'C': 0.0}",0.0,53.5,ns_unbounded,112,high_demand,100.88,5002,3600.8,seen,0,,0.0965
57,"{'A': 0.0, 'B': 0.0, 'C': 0.0}",2,99.91,2.154,"{'A': 40, 'B': 44, 'C': 9}",93,555.9,71.3,8.847,"{'A': 0.0, 'B': 0.0, 'C': 0.0}",0.0,71.3,ns_unbounded,94,high_demand,88.58,5003,3600.4,seen,0,,0.0951
64,"{'A': 0.0, 'B': 0.0, 'C': 0.0}",0,99.9,1.866,"{'A': 38, 'B': 60, 'C': 6}",104,657.1,54.3,10.061,"{'A': 0.0, 'B': 0.0, 'C': 0.0}",0.0,54.3,ns_unbounded,106,high_demand,98.97,5004,3600.8,seen,0,,0.0967
63,"{'A': 0.0, 'B': 0.0, 'C': 0.0}",0,99.9,2.015,"{'A': 39, 'B': 58, 'C': 7}",104,662.9,53.0,10.333,"{'A': 0.0, 'B': 0.0, 'C': 0.0}",0.0,53.0,ns_unbounded,106,high_demand,98.83,5005,3600.7,seen,0,,0.0994
64,"{'A': 0.0, 'B': 0.0, 'C': 0.0}",0,99.9,1.851,"{'A': 35, 'B': 60, 'C': 10}",105,644.6,54.0,10.125,"{'A': 0.0, 'B': 0.0, 'C': 0.0}",0.0,54.0,ns_unbounded,108,high_demand,99.94,5006,3600.8,seen,0,,0.0964
65,"{'A': 0.0, 'B': 0.0, 'C': 0.0}",0,99.9,1.812,"{'A': 38, 'B': 59, 'C': 10}",107,643.5,53.9,10.139,"{'A': 0.0, 'B': 0.0, 'C': 0.0}",0.0,53.9,ns_unbounded,110,high_demand,101.93,5007,3600.1,seen,0,,0.0948
64,"{'A': 0.0, 'B': 0.0, 'C': 0.0}",0,99.9,2.045,"{'A': 37, 'B': 58, 'C': 8}",103,638.2,53.7,10.187,"{'A': 0.0, 'B': 0.0, 'C': 0.0}",0.0,53.7,ns_unbounded,105,high_demand,97.91,5008,3600.5,seen,0,,0.0989
64,"{'A': 0.0, 'B': 0.0, 'C': 0.0}",0,99.9,1.968,"{'A': 37, 'B': 61, 'C': 9}",107,655.4,53.5,10.224,"{'A': 0.0, 'B': 0.0, 'C': 0.0}",0.0,53.5,ns_unbounded,108,high_demand,101.89,5009,3600.5,seen,0,,0.0955
63,"{'A': 0.0, 'B': 0.0, 'C': 0.0}",1,99.91,1.577,"{'A': 28, 'B': 60, 'C': 10}",98,597.6,62.8,9.432,"{'A': 0.0, 'B': 0.0, 'C': 0.0}",0.0,62.8,ns_unbounded,97,high_demand,93.28,5010,3600.3,seen,0,,0.0962
65,"{'A': 0.0, 'B': 0.0, 'C': 0.0}",0,99.9,1.808,"{'A': 40, 'B': 57, 'C': 10}",107,643.8,54.0,10.114,"{'A': 0.0, 'B': 0.0, 'C': 0.0}",0.0,54.0,ns_unbounded,108,high_demand,101.94,5011,3600.9,seen,0,,0.0945
65,"{'A': 0.0, 'B': 0.0, 'C': 0.0}",0,99.9,1.918,"{'A': 39, 'B': 58, 'C': 9}",106,653.6,53.6,10.216,"{'A': 0.0, 'B': 0.0, 'C': 0.0}",0.0,53.6,ns_unbounded,108,high_demand,100.89,5012,3600.9,seen,0,,0.0964
64,"{'A': 0.0, 'B': 0.0, 'C': 0.0}",0,99.9,1.813,"{'A': 38, 'B': 62, 'C': 9}",109,650.2,53.4,10.26,"{'A': 0.0, 'B': 0.0, 'C': 0.0}",0.0,53.4,ns_unbounded,110,high_demand,103.87,5013,3600.3,seen,0,,0.0941
65,"{'A': 0.0, 'B': 0.0, 'C': 0.0}",0,99.9,2.634,"{'A': 40, 'B': 61, 'C': 9}",110,632.1,53.7,10.177,"{'A': 0.0, 'B': 0.0, 'C': 0.0}",0.0,53.7,ns_unbounded,110,high_demand,104.91,5014,3600.7,seen,0,,0.0925
65,"{'A': 0.0, 'B': 0.0, 'C': 0.0}",0,99.9,2.001,"{'A': 38, 'B': 60, 'C': 6}",104,629.7,54.9,9.916,"{'A': 0.0, 'B': 0.0, 'C': 0.0}",0.0,54.9,ns_unbounded,104,high_demand,99.04,5015,3600.6,seen,0,,0.0954
65,"{'A': 0.0, 'B': 0.0, 'C': 0.0}",0,99.9,1.996,"{'A': 37, 'B': 60, 'C': 10}",107,643.8,53.9,10.141,"{'A': 0.0, 'B': 0.0, 'C': 0.0}",0.0,53.9,ns_unbounded,108,high_demand,101.93,5016,3600.9,seen,0,,0.0948
64,"{'A': 0.0, 'B': 0.0, 'C': 0.0}",1,99.9,1.805,"{'A': 39, 'B': 59, 'C': 9}",107,634.0,56.3,9.984,"{'A': 0.0, 'B': 0.0, 'C': 0.0}",0.0,56.3,ns_unbounded,109,high_demand,102.01,5017,3600.7,seen,0,,0.0933
64,"{'A': 0.0, 'B': 0.0, 'C': 0.0}",0,99.9,1.789,"{'A': 37, 'B': 61, 'C': 9}",107,643.8,53.5,10.219,"{'A': 0.0, 'B': 0.0, 'C': 0.0}",0.0,53.5,ns_unbounded,108,high_demand,101.89,5018,3600.8,seen,0,,0.0955
66,"{'A': 0.0, 'B': 0.0, 'C': 0.0}",0,99.9,1.738,"{'A': 39, 'B': 58, 'C': 8}",105,643.7,54.1,10.1,"{'A': 0.0, 'B': 0.0, 'C': 0.0}",0.0,54.1,ns_unbounded,106,high_demand,99.95,5019,3600.6,seen,0,,0.0962
64,"{'A': 0.0, 'B': 0.0, 'C': 0.0}",0,99.9,1.897,"{'A': 38, 'B': 61, 'C': 8}",107,653.1,53.6,10.2,"{'A': 0.0, 'B': 0.0, 'C': 0.0}",0.0,53.6,ns_unbounded,107,high_demand,101.9,5020,3600.7,seen,0,,0.0953
65,"{'A': 0.0, 'B': 0.0, 'C': 0.0}",0,99.9,1.779,"{'A': 40, 'B': 61, 'C': 10}",111,631.9,53.8,10.17,"{'A': 0.0, 'B': 0.0, 'C': 0.0}",0.0,53.8,ns_unbounded,111,high_demand,105.92,5021,3600.3,seen,0,,0.0916
66,"{'A': 0.0, 'B': 0.0, 'C': 0.0}",0,99.9,1.885,"{'A': 40, 'B': 57, 'C': 9}",106,632.1,54.6,9.98,"{'A': 0.0, 'B': 0.0, 'C': 0.0}",0.0,54.6,ns_unbounded,109,high_demand,101.01,5022,3600.9,seen,0,,0.0941
64,"{'A': 0.0, 'B': 0.0, 'C': 0.0}",0,99.9,1.696,"{'A': 37, 'B': 62, 'C': 8}",107,643.2,54.1,10.102,"{'A': 0.0, 'B': 0.0, 'C': 0.0}",0.0,54.1,ns_unbounded,108,high_demand,101.95,5023,3600.3,seen,0,,0.0944
64,"{'A': 0.0, 'B': 0.0, 'C': 0.0}",0,99.9,1.804,"{'A': 35, 'B': 63, 'C': 9}",107,656.4,53.2,10.305,"{'A': 0.0, 'B': 0.0, 'C': 0.0}",0.0,53.2,ns_unbounded,109,high_demand,101.85,5024,3600.0,seen,0,,0.0963
66,"{'A': 0.0, 'B': 0.0, 'C': 0.0}",0,99.9,1.854,"{'A': 40, 'B': 61, 'C': 9}",110,632.1,54.5,10.006,"{'A': 0.0, 'B': 0.0, 'C': 0.0}",0.0,54.5,ns_unbounded,108,high_demand,105.0,5025,3600.8,seen,0,,0.091
64,"{'A': 0.0, 'B': 0.0, 'C': 0.0}",0,99.9,2.085,"{'A': 37, 'B': 64, 'C': 9}",110,653.9,53.8,10.157,"{'A': 0.0, 'B': 0.0, 'C': 0.0}",0.0,53.8,ns_unbounded,111,high_demand,104.92,5026,3600.6,seen,0,,0.0923
58,"{'A': 0.0, 'B': 0.0, 'C': 0.0}",3,99.91,1.707,"{'A': 24, 'B': 59, 'C': 8}",91,593.2,68.5,9.197,"{'A': 0.0, 'B': 0.0, 'C': 0.0}",0.0,68.5,ns_unbounded,93,high_demand,86.4,5027,3600.1,seen,0,,0.1011
64,"{'A': 0.0, 'B': 0.0, 'C': 0.0}",0,99.9,1.832,"{'A': 37, 'B': 57, 'C': 10}",104,647.7,53.8,10.167,"{'A': 0.0, 'B': 0.0, 'C': 0.0}",0.0,53.8,ns_unbounded,108,high_demand,98.92,5028,3600.8,seen,0,,0.0978
65,"{'A': 0.0, 'B': 0.0, 'C': 0.0}",0,99.9,1.871,"{'A': 40, 'B': 59, 'C': 9}",108,653.5,53.5,10.228,"{'A': 0.0, 'B': 0.0, 'C': 0.0}",0.0,53.5,ns_unbounded,108,high_demand,102.89,5029,3600.7,seen,0,,0.0947
58,"{'A': 0.0, 'B': 0.0, 'C': 0.0}",3,99.91,1.632,"{'A': 20, 'B': 29, 'C': 3}",52,552.5,69.1,8.815,"{'A': 0.0, 'B': 0.0, 'C': 0.0}",0.0,68.3,ns_unbounded,53,hot_factory,47.59,5000,3600.7,unseen,0,,0.1695
59,"{'A': 0.0, 'B': 0.0, 'C': 0.0}",4,99.91,1.723,"{'A': 19, 'B': 29, 'C': 4}",52,520.0,69.4,8.714,"{'A': 0.0, 'B': 0.0, 'C': 0.0}",0.0,68.4,ns_unbounded,55,hot_factory,47.64,5001,3600.3,unseen,0,,0.1676
57,"{'A': 0.0, 'B': 0.0, 'C': 0.0}",2,99.91,1.94,"{'A': 19, 'B': 30, 'C': 3}",52,533.7,69.5,8.757,"{'A': 0.0, 'B': 0.0, 'C': 0.0}",0.0,65.0,ns_unbounded,55,hot_factory,47.62,5002,3600.4,unseen,0,,0.1684
60,"{'A': 0.0, 'B': 0.0, 'C': 0.0}",4,99.91,1.489,"{'A': 20, 'B': 23, 'C': 4}",47,528.8,71.2,8.526,"{'A': 0.0, 'B': 0.0, 'C': 0.0}",0.0,71.2,ns_unbounded,44,hot_factory,42.74,5003,3600.9,unseen,0,,0.1814
60,"{'A': 0.0, 'B': 0.0, 'C': 0.0}",1,99.91,1.792,"{'A': 20, 'B': 31, 'C': 4}",55,576.9,61.2,9.438,"{'A': 0.0, 'B': 0.0, 'C': 0.0}",0.0,61.2,ns_unbounded,54,hot_factory,50.28,5004,3600.2,unseen,0,,0.1716
61,"{'A': 0.0, 'B': 0.0, 'C': 0.0}",3,99.91,1.602,"{'A': 22, 'B': 30, 'C': 4}",56,508.2,68.8,8.67,"{'A': 0.0, 'B': 0.0, 'C': 0.0}",0.0,67.5,ns_unbounded,55,hot_factory,51.67,5005,3600.0,unseen,0,,0.1548
59,"{'A': 0.0, 'B': 0.0, 'C': 0.0}",3,99.91,1.569,"{'A': 20, 'B': 30, 'C': 3}",53,550.0,69.2,8.822,"{'A': 0.0, 'B': 0.0, 'C': 0.0}",0.0,68.1,ns_unbounded,54,hot_factory,48.59,5006,3600.2,unseen,0,,0.1664
60,"{'A': 0.0, 'B': 0.0, 'C': 0.0}",4,99.91,1.465,"{'A': 20, 'B': 28, 'C': 3}",51,517.9,69.9,8.632,"{'A': 0.0, 'B': 0.0, 'C': 0.0}",0.0,68.2,ns_unbounded,53,hot_factory,46.68,5007,3600.9,unseen,0,,0.1692
62,"{'A': 0.0, 'B': 0.0, 'C': 0.0}",4,99.91,1.752,"{'A': 20, 'B': 27, 'C': 3}",50,510.1,69.5,8.589,"{'A': 0.0, 'B': 0.0, 'C': 0.0}",0.0,68.5,ns_unbounded,54,hot_factory,45.71,5008,3600.9,unseen,0,,0.1718
59,"{'A': 0.0, 'B': 0.0, 'C': 0.0}",3,99.91,1.629,"{'A': 18, 'B': 30, 'C': 4}",52,512.0,69.4,8.663,"{'A': 0.0, 'B': 0.0, 'C': 0.0}",0.0,67.1,ns_unbounded,53,hot_factory,47.67,5009,3600.9,unseen,0,,0.1666
59,"{'A': 0.0, 'B': 0.0, 'C': 0.0}",3,99.91,1.459,"{'A': 14, 'B': 29, 'C': 5}",48,499.6,69.6,8.641,"{'A': 0.0, 'B': 0.0, 'C': 0.0}",0.0,67.0,ns_unbounded,48,hot_factory,43.68,5010,3600.1,unseen,0,,0.18
60,"{'A': 0.0, 'B': 0.0, 'C': 0.0}",4,99.91,1.638,"{'A': 17, 'B': 29, 'C': 4}",50,512.8,68.3,8.739,"{'A': 0.0, 'B': 0.0, 'C': 0.0}",0.0,68.1,ns_unbounded,53,hot_factory,45.63,5011,3600.9,unseen,0,,0.1748
59,"{'A': 0.0, 'B': 0.0, 'C': 0.0}",3,99.91,1.768,"{'A': 17, 'B': 29, 'C': 5}",51,487.2,69.4,8.547,"{'A': 0.0, 'B': 0.0, 'C': 0.0}",0.0,67.9,ns_unbounded,56,hot_factory,46.73,5012,3600.2,unseen,0,,0.1676
61,"{'A': 0.0, 'B': 0.0, 'C': 0.0}",4,99.91,1.69,"{'A': 22, 'B': 28, 'C': 3}",53,499.7,69.0,8.6,"{'A': 0.0, 'B': 0.0, 'C': 0.0}",0.0,68.4,ns_unbounded,56,hot_factory,48.7,5013,3600.4,unseen,0,,0.1623
60,"{'A': 0.0, 'B': 0.0, 'C': 0.0}",3,99.91,1.691,"{'A': 20, 'B': 28, 'C': 4}",52,504.3,68.8,8.646,"{'A': 0.0, 'B': 0.0, 'C': 0.0}",0.0,68.0,ns_unbounded,53,hot_factory,47.68,5014,3600.1,unseen,0,,0.1663
59,"{'A': 0.0, 'B': 0.0, 'C': 0.0}",4,99.91,2.371,"{'A': 20, 'B': 31, 'C': 1}",52,537.3,68.2,8.758,"{'A': 0.0, 'B': 0.0, 'C': 0.0}",0.0,67.9,ns_unbounded,54,hot_factory,47.62,5015,3600.7,unseen,0,,0.1684
60,"{'A': 0.0, 'B': 0.0, 'C': 0.0}",4,99.91,1.699,"{'A': 21, 'B': 27, 'C': 3}",51,510.4,68.7,8.689,"{'A': 0.0, 'B': 0.0, 'C': 0.0}",0.0,68.0,ns_unbounded,54,hot_factory,46.66,5016,3600.8,unseen,0,,0.1704
59,"{'A': 0.0, 'B': 0.0, 'C': 0.0}",4,99.91,1.746,"{'A': 19, 'B': 28, 'C': 3}",50,541.2,70.0,8.781,"{'A': 0.0, 'B': 0.0, 'C': 0.0}",0.0,67.7,ns_unbounded,54,hot_factory,45.61,5017,3600.7,unseen,0,,0.1756
61,"{'A': 0.0, 'B': 0.0, 'C': 0.0}",3,99.91,1.707,"{'A': 21, 'B': 30, 'C': 2}",53,517.9,69.1,8.661,"{'A': 0.0, 'B': 0.0, 'C': 0.0}",0.0,67.7,ns_unbounded,54,hot_factory,48.67,5018,3600.9,unseen,0,,0.1634
59,"{'A': 0.0, 'B': 0.0, 'C': 0.0}",3,99.91,1.536,"{'A': 21, 'B': 28, 'C': 4}",53,504.3,69.1,8.69,"{'A': 0.0, 'B': 0.0, 'C': 0.0}",0.0,67.5,ns_unbounded,52,hot_factory,48.65,5019,3600.1,unseen,0,,0.164
58,"{'A': 0.0, 'B': 0.0, 'C': 0.0}",3,99.92,1.602,"{'A': 19, 'B': 27, 'C': 4}",50,456.3,69.6,8.408,"{'A': 0.0, 'B': 0.0, 'C': 0.0}",0.0,68.1,ns_unbounded,52,hot_factory,45.8,5020,3600.9,unseen,0,,0.1682
60,"{'A': 0.0, 'B': 0.0, 'C': 0.0}",2,99.92,1.565,"{'A': 18, 'B': 28, 'C': 4}",50,436.2,69.5,8.252,"{'A': 0.0, 'B': 0.0, 'C': 0.0}",0.0,66.8,ns_unbounded,51,hot_factory,45.87,5021,3600.5,unseen,0,,0.165
61,"{'A': 0.0, 'B': 0.0, 'C': 0.0}",3,99.92,1.561,"{'A': 19, 'B': 30, 'C': 3}",52,484.4,69.6,8.494,"{'A': 0.0, 'B': 0.0, 'C': 0.0}",0.0,67.5,ns_unbounded,54,hot_factory,47.75,5022,3600.2,unseen,0,,0.1633
60,"{'A': 0.0, 'B': 0.0, 'C': 0.0}",3,99.91,1.714,"{'A': 19, 'B': 28, 'C': 3}",50,518.0,69.4,8.588,"{'A': 0.0, 'B': 0.0, 'C': 0.0}",0.0,67.5,ns_unbounded,54,hot_factory,45.71,5023,3600.3,unseen,0,,0.1718
62,"{'A': 0.0, 'B': 0.0, 'C': 0.0}",4,99.91,1.61,"{'A': 20, 'B': 28, 'C': 3}",51,489.6,68.5,8.538,"{'A': 0.0, 'B': 0.0, 'C': 0.0}",0.0,68.5,ns_unbounded,53,hot_factory,46.73,5024,3600.5,unseen,0,,0.1674
60,"{'A': 0.0, 'B': 0.0, 'C': 0.0}",3,99.91,1.814,"{'A': 18, 'B': 29, 'C': 3}",50,516.9,71.1,8.544,"{'A': 0.0, 'B': 0.0, 'C': 0.0}",0.0,67.9,ns_unbounded,54,hot_factory,45.73,5025,3600.5,unseen,0,,0.1709
60,"{'A': 0.0, 'B': 0.0, 'C': 0.0}",4,99.91,1.592,"{'A': 20, 'B': 27, 'C': 3}",50,521.7,69.5,8.673,"{'A': 0.0, 'B': 0.0, 'C': 0.0}",0.0,68.4,ns_unbounded,54,hot_factory,45.66,5026,3600.7,unseen,0,,0.1735
61,"{'A': 0.0, 'B': 0.0, 'C': 0.0}",3,99.91,1.155,"{'A': 12, 'B': 31, 'C': 4}",47,542.1,67.2,8.902,"{'A': 0.0, 'B': 0.0, 'C': 0.0}",0.0,67.1,ns_unbounded,47,hot_factory,42.55,5027,3600.9,unseen,0,,0.1894
61,"{'A': 0.0, 'B': 0.0, 'C': 0.0}",3,99.91,1.71,"{'A': 21, 'B': 26, 'C': 3}",50,519.4,69.1,8.645,"{'A': 0.0, 'B': 0.0, 'C': 0.0}",0.0,67.9,ns_unbounded,53,hot_factory,45.68,5028,3600.7,unseen,0,,0.1729
61,"{'A': 0.0, 'B': 0.0, 'C': 0.0}",4,99.91,1.844,"{'A': 15, 'B': 27, 'C': 3}",45,503.6,68.9,8.575,"{'A': 0.0, 'B': 0.0, 'C': 0.0}",0.0,68.4,ns_unbounded,49,hot_factory,40.71,5029,3600.4,unseen,0,,0.1906
47,"{'A': 0.0, 'B': 0.0, 'C': 0.0}",2,99.93,1.932,"{'A': 23, 'B': 34, 'C': 4}",61,425.8,20.7,7.122,"{'A': 0.0, 'B': 0.0, 'C': 0.0}",0.0,20.7,ns_unbounded,53,low_battery_start,57.44,5000,3600.8,seen,0,,0.1168
39,"{'A': 0.0, 'B': 170.4, 'C': 0.0}",2,99.94,1.807,"{'A': 17, 'B': 24, 'C': 4}",45,280.3,35.8,5.853,"{'A': 0.0, 'B': 1.42, 'C': 0.0}",1.42,16.5,ns_unbounded,53,low_battery_start,40.65,5001,3600.8,seen,0,,0.1301
47,"{'A': 0.0, 'B': 0.0, 'C': 0.0}",3,99.93,1.739,"{'A': 20, 'B': 30, 'C': 4}",54,388.1,24.2,6.784,"{'A': 0.0, 'B': 0.0, 'C': 0.0}",0.0,16.7,ns_unbounded,54,low_battery_start,50.61,5002,3600.2,seen,0,,0.1256
54,"{'A': 0.0, 'B': 0.0, 'C': 0.0}",1,99.93,1.814,"{'A': 22, 'B': 25, 'C': 5}",52,390.8,18.5,6.995,"{'A': 0.0, 'B': 0.0, 'C': 0.0}",0.0,18.5,ns_unbounded,45,low_battery_start,48.5,5003,3601.0,seen,0,,0.1345
50,"{'A': 0.0, 'B': 0.0, 'C': 0.0}",3,99.93,1.576,"{'A': 22, 'B': 30, 'C': 5}",57,403.2,19.9,7.062,"{'A': 0.0, 'B': 0.0, 'C': 0.0}",0.0,16.7,ns_unbounded,53,low_battery_start,53.47,5004,3600.8,seen,0,,0.1239
43,"{'A': 0.0, 'B': 0.0, 'C': 0.0}",3,99.93,1.65,"{'A': 20, 'B': 28, 'C': 4}",52,384.4,26.9,6.72,"{'A': 0.0, 'B': 0.0, 'C': 0.0}",0.0,16.8,ns_unbounded,52,low_battery_start,48.64,5005,3600.6,seen,0,,0.1292
43,"{'A': 0.0, 'B': 0.0, 'C': 0.0}",3,99.94,1.758,"{'A': 24, 'B': 33, 'C': 5}",62,379.0,31.4,6.437,"{'A': 0.0, 'B': 0.0, 'C': 0.0}",0.0,26.8,ns_unbounded,54,low_battery_start,58.78,5006,3600.8,seen,0,,0.1038
47,"{'A': 0.0, 'B': 0.0, 'C': 0.0}",3,99.93,1.596,"{'A': 22, 'B': 31, 'C': 4}",57,375.9,23.5,6.801,"{'A': 0.0, 'B': 0.0, 'C': 0.0}",0.0,16.6,ns_unbounded,55,low_battery_start,53.6,5007,3600.9,seen,0,,0.1193
47,"{'A': 0.0, 'B': 0.0, 'C': 0.0}",3,99.93,1.662,"{'A': 23, 'B': 33, 'C': 5}",61,434.9,24.0,6.99,"{'A': 0.0, 'B': 0.0, 'C': 0.0}",0.0,24.0,ns_unbounded,53,low_battery_start,57.5,5008,3600.2,seen,0,,0.1146
41,"{'A': 0.0, 'B': 0.0, 'C': 0.0}",3,99.94,1.771,"{'A': 23, 'B': 32, 'C': 5}",60,350.4,33.5,6.236,"{'A': 0.0, 'B': 0.0, 'C': 0.0}",0.0,25.6,ns_unbounded,53,low_battery_start,56.88,5009,3600.6,seen,0,,0.1039
39,"{'A': 0.0, 'B': 0.0, 'C': 0.0}",3,99.94,1.819,"{'A': 17, 'B': 34, 'C': 5}",56,348.8,38.5,5.85,"{'A': 0.0, 'B': 0.0, 'C': 0.0}",0.0,26.9,ns_unbounded,49,low_battery_start,53.07,5010,3600.5,seen,0,,0.1045
40,"{'A': 0.0, 'B': 0.0, 'C': 0.0}",3,99.94,1.662,"{'A': 18, 'B': 34, 'C': 4}",56,344.8,38.0,5.915,"{'A': 0.0, 'B': 0.0, 'C': 0.0}",0.0,24.0,ns_unbounded,53,low_battery_start,53.04,5011,3600.2,seen,0,,0.1056
48,"{'A': 0.0, 'B': 0.0, 'C': 0.0}",2,99.93,1.917,"{'A': 23, 'B': 34, 'C': 4}",61,428.7,20.0,7.156,"{'A': 0.0, 'B': 0.0, 'C': 0.0}",0.0,20.0,ns_unbounded,53,low_battery_start,57.42,5012,3600.3,seen,0,,0.1173
46,"{'A': 0.0, 'B': 0.0, 'C': 0.0}",3,99.93,1.998,"{'A': 22, 'B': 30, 'C': 4}",56,406.4,23.0,6.958,"{'A': 0.0, 'B': 0.0, 'C': 0.0}",0.0,16.7,ns_unbounded,53,low_battery_start,52.52,5013,3600.0,seen,0,,0.1243
52,"{'A': 0.0, 'B': 0.0, 'C': 0.0}",3,99.93,1.928,"{'A': 21, 'B': 33, 'C': 5}",59,418.2,16.9,7.347,"{'A': 0.0, 'B': 0.0, 'C': 0.0}",0.0,16.9,ns_unbounded,53,low_battery_start,55.33,5014,3600.4,seen,0,,0.1245
46,"{'A': 0.0, 'B': 0.0, 'C': 0.0}",3,99.93,1.951,"{'A': 22, 'B': 30, 'C': 3}",55,416.4,22.3,6.994,"{'A': 0.0, 'B': 0.0, 'C': 0.0}",0.0,16.5,ns_unbounded,53,low_battery_start,51.5,5015,3600.6,seen,0,,0.1272
44,"{'A': 0.0, 'B': 0.0, 'C': 0.0}",3,99.93,1.839,"{'A': 21, 'B': 30, 'C': 4}",55,397.1,24.2,6.985,"{'A': 0.0, 'B': 0.0, 'C': 0.0}",0.0,16.6,ns_unbounded,54,low_battery_start,51.51,5016,3600.2,seen,0,,0.127
42,"{'A': 0.0, 'B': 0.0, 'C': 0.0}",2,99.94,1.578,"{'A': 18, 'B': 28, 'C': 4}",50,286.8,33.9,5.877,"{'A': 0.0, 'B': 0.0, 'C': 0.0}",0.0,16.4,ns_unbounded,56,low_battery_start,47.06,5017,3600.5,seen,0,,0.1175
49,"{'A': 0.0, 'B': 0.0, 'C': 0.0}",3,99.93,1.479,"{'A': 22, 'B': 29, 'C': 5}",56,368.0,22.7,6.772,"{'A': 0.0, 'B': 0.0, 'C': 0.0}",0.0,16.7,ns_unbounded,51,low_battery_start,52.61,5018,3600.5,seen,0,,0.1209
43,"{'A': 0.0, 'B': 0.0, 'C': 0.0}",3,99.94,1.662,"{'A': 20, 'B': 33, 'C': 5}",58,362.3,30.8,6.419,"{'A': 0.0, 'B': 0.0, 'C': 0.0}",0.0,26.4,ns_unbounded,53,low_battery_start,54.79,5019,3601.0,seen,0,,0.1107
46,"{'A': 0.0, 'B': 0.0, 'C': 0.0}",3,99.93,1.817,"{'A': 20, 'B': 29, 'C': 4}",53,368.1,26.4,6.584,"{'A': 0.0, 'B': 0.0, 'C': 0.0}",0.0,16.5,ns_unbounded,54,low_battery_start,49.71,5020,3600.9,seen,0,,0.1242
47,"{'A': 0.0, 'B': 0.0, 'C': 0.0}",2,99.93,1.81,"{'A': 23, 'B': 34, 'C': 5}",62,437.3,20.5,7.183,"{'A': 0.0, 'B': 0.0, 'C': 0.0}",0.0,20.5,ns_unbounded,55,low_battery_start,58.41,5021,3600.3,seen,0,,0.1159
42,"{'A': 0.0, 'B': 0.0, 'C': 0.0}",3,99.93,1.797,"{'A': 23, 'B': 33, 'C': 5}",61,385.5,29.7,6.583,"{'A': 0.0, 'B': 0.0, 'C': 0.0}",0.0,26.9,ns_unbounded,52,low_battery_start,57.71,5022,3600.4,seen,0,,0.1079
46,"{'A': 0.0, 'B': 0.0, 'C': 0.0}",3,99.93,1.851,"{'A': 23, 'B': 34, 'C': 5}",62,441.1,24.2,7.03,"{'A': 0.0, 'B': 0.0, 'C': 0.0}",0.0,24.2,ns_unbounded,53,low_battery_start,58.48,5023,3600.1,seen,0,,0.1134
46,"{'A': 0.0, 'B': 0.0, 'C': 0.0}",3,99.93,1.735,"{'A': 19, 'B': 30, 'C': 4}",53,358.8,26.2,6.591,"{'A': 0.0, 'B': 0.0, 'C': 0.0}",0.0,16.4,ns_unbounded,52,low_battery_start,49.7,5024,3600.1,seen,0,,0.1244
37,"{'A': 0.0, 'B': 49.5, 'C': 0.0}",2,99.94,2.108,"{'A': 17, 'B': 25, 'C': 5}",47,288.1,38.5,5.794,"{'A': 0.0, 'B': 0.41, 'C': 0.0}",0.41,16.8,ns_unbounded,54,low_battery_start,43.69,5025,3600.7,seen,0,,0.1233
48,"{'A': 0.0, 'B': 0.0, 'C': 0.0}",2,99.93,1.692,"{'A': 23, 'B': 34, 'C': 5}",62,443.6,19.4,7.254,"{'A': 0.0, 'B': 0.0, 'C': 0.0}",0.0,19.4,ns_unbounded,54,low_battery_start,58.37,5026,3600.6,seen,0,,0.117
46,"{'A': 0.0, 'B': 0.0, 'C': 0.0}",3,99.94,1.621,"{'A': 16, 'B': 35, 'C': 4}",55,397.7,30.0,6.44,"{'A': 0.0, 'B': 0.0, 'C': 0.0}",0.0,26.9,ns_unbounded,48,low_battery_start,51.78,5027,3600.7,seen,0,,0.1171
41,"{'A': 0.0, 'B': 0.0, 'C': 0.0}",3,99.94,2.018,"{'A': 23, 'B': 31, 'C': 5}",59,360.8,33.4,6.251,"{'A': 0.0, 'B': 0.0, 'C': 0.0}",0.0,25.7,ns_unbounded,52,low_battery_start,55.87,5028,3600.0,seen,0,,0.106
50,"{'A': 0.0, 'B': 0.0, 'C': 0.0}",2,99.93,1.931,"{'A': 14, 'B': 33, 'C': 5}",52,410.2,17.6,7.191,"{'A': 0.0, 'B': 0.0, 'C': 0.0}",0.0,17.6,ns_unbounded,46,low_battery_start,48.4,5029,3600.9,seen,0,,0.1383
63,"{'A': 0.0, 'B': 0.0, 'C': 0.0}",1,99.91,1.621,"{'A': 20, 'B': 60, 'C': 4}",84,596.2,59.9,9.393,"{'A': 0.0, 'B': 0.0, 'C': 0.0}",0.0,59.9,ns_unbounded,83,one_hot_section,79.3,5000,3600.7,seen,0,,0.1118
61,"{'A': 0.0, 'B': 0.0, 'C': 0.0}",2,99.91,1.759,"{'A': 19, 'B': 58, 'C': 4}",81,595.0,64.3,9.134,"{'A': 0.0, 'B': 0.0, 'C': 0.0}",0.0,64.3,ns_unbounded,82,one_hot_section,76.43,5001,3600.6,seen,0,,0.1128
60,"{'A': 0.0, 'B': 0.0, 'C': 0.0}",2,99.91,1.447,"{'A': 19, 'B': 60, 'C': 4}",83,602.0,66.2,9.111,"{'A': 0.0, 'B': 0.0, 'C': 0.0}",0.0,66.2,ns_unbounded,83,one_hot_section,78.44,5002,3600.7,seen,0,,0.1098
57,"{'A': 0.0, 'B': 0.0, 'C': 0.0}",3,99.91,1.466,"{'A': 19, 'B': 45, 'C': 5}",69,559.5,73.1,8.631,"{'A': 0.0, 'B': 0.0, 'C': 0.0}",0.0,73.1,ns_unbounded,68,one_hot_section,64.68,5003,3600.7,seen,0,,0.1251
64,"{'A': 0.0, 'B': 0.0, 'C': 0.0}",1,99.9,1.598,"{'A': 18, 'B': 60, 'C': 4}",82,622.4,57.3,9.682,"{'A': 0.0, 'B': 0.0, 'C': 0.0}",0.0,57.3,ns_unbounded,81,one_hot_section,77.16,5004,3600.9,seen,0,,0.1181
59,"{'A': 0.0, 'B': 0.0, 'C': 0.0}",1,99.91,1.691,"{'A': 21, 'B': 57, 'C': 4}",82,588.4,65.6,9.116,"{'A': 0.0, 'B': 0.0, 'C': 0.0}",0.0,65.6,ns_unbounded,82,one_hot_section,77.44,5005,3600.8,seen,0,,0.1112
55,"{'A': 0.0, 'B': 0.0, 'C': 0.0}",2,99.91,1.696,"{'A': 20, 'B': 60, 'C': 4}",84,536.7,72.6,8.624,"{'A': 0.0, 'B': 0.0, 'C': 0.0}",0.0,72.6,ns_unbounded,84,one_hot_section,79.69,5006,3600.3,seen,0,,0.1027
65,"{'A': 0.0, 'B': 0.0, 'C': 0.0}",0,99.9,1.719,"{'A': 20, 'B': 60, 'C': 4}",84,620.3,55.5,9.781,"{'A': 0.0, 'B': 0.0, 'C': 0.0}",0.0,55.5,ns_unbounded,83,one_hot_section,79.11,5007,3600.6,seen,0,,0.1164
63,"{'A': 0.0, 'B': 0.0, 'C': 0.0}",1,99.91,1.621,"{'A': 20, 'B': 59, 'C': 4}",83,603.8,59.8,9.441,"{'A': 0.0, 'B': 0.0, 'C': 0.0}",0.0,59.8,ns_unbounded,83,one_hot_section,78.28,5008,3600.2,seen,0,,0.1137
61,"{'A': 0.0, 'B': 0.0, 'C': 0.0}",1,99.91,1.558,"{'A': 19, 'B': 60, 'C': 4}",83,610.5,63.4,9.282,"{'A': 0.0, 'B': 0.0, 'C': 0.0}",0.0,63.4,ns_unbounded,82,one_hot_section,78.36,5009,3600.4,seen,0,,0.1118
64,"{'A': 0.0, 'B': 0.0, 'C': 0.0}",1,99.91,1.642,"{'A': 15, 'B': 59, 'C': 5}",79,590.0,58.6,9.403,"{'A': 0.0, 'B': 0.0, 'C': 0.0}",0.0,58.6,ns_unbounded,79,one_hot_section,74.3,5010,3600.9,seen,0,,0.119
58,"{'A': 0.0, 'B': 0.0, 'C': 0.0}",3,99.91,1.504,"{'A': 20, 'B': 63, 'C': 4}",87,602.6,67.9,9.191,"{'A': 0.0, 'B': 0.0, 'C': 0.0}",0.0,67.9,ns_unbounded,87,one_hot_section,82.4,5011,3600.2,seen,0,,0.1056
64,"{'A': 0.0, 'B': 0.0, 'C': 0.0}",1,99.9,1.411,"{'A': 19, 'B': 61, 'C': 5}",85,607.3,59.0,9.506,"{'A': 0.0, 'B': 0.0, 'C': 0.0}",0.0,59.0,ns_unbounded,83,one_hot_section,80.25,5012,3600.3,seen,0,,0.1118
65,"{'A': 0.0, 'B': 0.0, 'C': 0.0}",0,99.9,1.784,"{'A': 19, 'B': 57, 'C': 5}",81,608.8,56.3,9.617,"{'A': 0.0, 'B': 0.0, 'C': 0.0}",0.0,56.3,ns_unbounded,83,one_hot_section,76.19,5013,3600.9,seen,0,,0.1187
59,"{'A': 0.0, 'B': 0.0, 'C': 0.0}",1,99.91,1.455,"{'A': 20, 'B': 58, 'C': 4}",82,570.0,65.7,9.029,"{'A': 0.0, 'B': 0.0, 'C': 0.0}",0.0,65.7,ns_unbounded,84,one_hot_section,77.49,5014,3600.7,seen,0,,0.1101
65,"{'A': 0.0, 'B': 0.0, 'C': 0.0}",0,99.9,1.61,"{'A': 20, 'B': 61, 'C': 3}",84,620.4,56.2,9.641,"{'A': 0.0, 'B': 0.0, 'C': 0.0}",0.0,56.2,ns_unbounded,82,one_hot_section,79.18,5015,3600.8,seen,0,,0.1148
60,"{'A': 0.0, 'B': 0.0, 'C': 0.0}",1,99.91,1.735,"{'A': 18, 'B': 60, 'C': 5}",83,625.7,62.1,9.481,"{'A': 0.0, 'B': 0.0, 'C': 0.0}",0.0,62.1,ns_unbounded,83,one_hot_section,78.26,5016,3600.3,seen,0,,0.1142
59,"{'A': 0.0, 'B': 0.0, 'C': 0.0}",2,99.9,1.548,"{'A': 21, 'B': 60, 'C': 4}",85,631.2,62.9,9.511,"{'A': 0.0, 'B': 0.0, 'C': 0.0}",0.0,62.9,ns_unbounded,87,one_hot_section,80.24,5017,3600.5,seen,0,,0.1119
64,"{'A': 0.0, 'B': 0.0, 'C': 0.0}",0,99.9,1.526,"{'A': 19, 'B': 62, 'C': 4}",85,637.0,55.3,9.832,"{'A': 0.0, 'B': 0.0, 'C': 0.0}",0.0,55.3,ns_unbounded,85,one_hot_section,80.08,5018,3600.2,seen,0,,0.1157
61,"{'A': 0.0, 'B': 0.0, 'C': 0.0}",2,99.91,1.822,"{'A': 16, 'B': 59, 'C': 4}",79,590.7,64.5,9.159,"{'A': 0.0, 'B': 0.0, 'C': 0.0}",0.0,64.5,ns_unbounded,81,one_hot_section,74.42,5019,3600.7,seen,0,,0.1159
65,"{'A': 0.0, 'B': 0.0, 'C': 0.0}",0,99.91,1.895,"{'A': 20, 'B': 60, 'C': 4}",84,561.7,57.3,9.389,"{'A': 0.0, 'B': 0.0, 'C': 0.0}",0.0,57.3,ns_unbounded,83,one_hot_section,79.31,5020,3600.4,seen,0,,0.1118
64,"{'A': 0.0, 'B': 0.0, 'C': 0.0}",1,99.91,1.722,"{'A': 20, 'B': 60, 'C': 4}",84,595.5,58.4,9.492,"{'A': 0.0, 'B': 0.0, 'C': 0.0}",0.0,58.4,ns_unbounded,83,one_hot_section,79.25,5021,3600.0,seen,0,,0.113
64,"{'A': 0.0, 'B': 0.0, 'C': 0.0}",0,99.9,1.757,"{'A': 19, 'B': 60, 'C': 5}",84,597.9,56.2,9.628,"{'A': 0.0, 'B': 0.0, 'C': 0.0}",0.0,56.2,ns_unbounded,85,one_hot_section,79.19,5022,3600.1,seen,0,,0.1146
64,"{'A': 0.0, 'B': 0.0, 'C': 0.0}",1,99.91,1.739,"{'A': 19, 'B': 59, 'C': 5}",83,614.0,59.3,9.488,"{'A': 0.0, 'B': 0.0, 'C': 0.0}",0.0,59.3,ns_unbounded,84,one_hot_section,78.26,5023,3600.3,seen,0,,0.1143
63,"{'A': 0.0, 'B': 0.0, 'C': 0.0}",1,99.9,1.96,"{'A': 20, 'B': 61, 'C': 4}",85,611.5,58.6,9.544,"{'A': 0.0, 'B': 0.0, 'C': 0.0}",0.0,58.6,ns_unbounded,84,one_hot_section,80.23,5024,3600.9,seen,0,,0.1123
64,"{'A': 0.0, 'B': 0.0, 'C': 0.0}",1,99.91,2.011,"{'A': 20, 'B': 57, 'C': 5}",82,607.8,60.1,9.426,"{'A': 0.0, 'B': 0.0, 'C': 0.0}",0.0,60.1,ns_unbounded,84,one_hot_section,77.29,5025,3600.6,seen,0,,0.115
63,"{'A': 0.0, 'B': 0.0, 'C': 0.0}",1,99.9,2.077,"{'A': 19, 'B': 59, 'C': 5}",83,617.2,57.4,9.669,"{'A': 0.0, 'B': 0.0, 'C': 0.0}",0.0,57.4,ns_unbounded,84,one_hot_section,78.17,5026,3600.7,seen,0,,0.1165
58,"{'A': 0.0, 'B': 0.0, 'C': 0.0}",5,99.91,1.595,"{'A': 13, 'B': 59, 'C': 5}",77,593.7,69.2,9.016,"{'A': 0.0, 'B': 0.0, 'C': 0.0}",0.0,69.2,ns_unbounded,77,one_hot_section,72.49,5027,3600.4,seen,0,,0.1171
61,"{'A': 0.0, 'B': 0.0, 'C': 0.0}",1,99.91,2.012,"{'A': 21, 'B': 59, 'C': 4}",84,598.1,63.8,9.199,"{'A': 0.0, 'B': 0.0, 'C': 0.0}",0.0,63.8,ns_unbounded,84,one_hot_section,79.4,5028,3600.7,seen,0,,0.1095
64,"{'A': 0.0, 'B': 0.0, 'C': 0.0}",1,99.91,2.178,"{'A': 13, 'B': 58, 'C': 4}",75,556.7,60.6,9.152,"{'A': 0.0, 'B': 0.0, 'C': 0.0}",0.0,60.6,ns_unbounded,76,one_hot_section,70.42,5029,3600.4,seen,0,,0.122
63,"{'A': 0.0, 'B': 0.0, 'C': 0.0}",3,99.92,1.097,"{'A': 20, 'B': 11, 'C': 4}",35,441.6,69.6,7.969,"{'A': 0.0, 'B': 0.0, 'C': 0.0}",0.0,67.2,ns_unbounded,33,section_breakdown,31.02,5000,3600.2,unseen,0,,0.2277
55,"{'A': 0.0, 'B': 0.0, 'C': 0.0}",10,99.93,1.58,"{'A': 20, 'B': 10, 'C': 4}",34,485.1,92.3,6.962,"{'A': 0.0, 'B': 0.0, 'C': 0.0}",0.0,92.3,ns_unbounded,32,section_breakdown,30.52,5001,3600.8,unseen,0,,0.2048
60,"{'A': 0.0, 'B': 0.0, 'C': 0.0}",14,99.93,1.478,"{'A': 19, 'B': 11, 'C': 4}",34,480.1,91.2,6.795,"{'A': 0.0, 'B': 0.0, 'C': 0.0}",0.0,91.2,ns_unbounded,32,section_breakdown,30.6,5002,3600.9,unseen,0,,0.1998
57,"{'A': 0.0, 'B': 0.0, 'C': 0.0}",12,99.93,1.539,"{'A': 21, 'B': 15, 'C': 5}",41,472.5,91.7,6.811,"{'A': 0.0, 'B': 0.0, 'C': 0.0}",0.0,91.3,ns_unbounded,38,section_breakdown,37.59,5003,3600.5,unseen,0,,0.1661
54,"{'A': 0.0, 'B': 0.0, 'C': 0.0}",11,99.93,1.553,"{'A': 20, 'B': 11, 'C': 4}",35,452.5,96.1,6.583,"{'A': 0.0, 'B': 0.0, 'C': 0.0}",0.0,96.1,ns_unbounded,32,section_breakdown,31.71,5004,3600.2,unseen,0,,0.1881
53,"{'A': 0.0, 'B': 0.0, 'C': 0.0}",12,99.93,1.616,"{'A': 21, 'B': 18, 'C': 4}",43,471.7,96.5,6.792,"{'A': 0.0, 'B': 0.0, 'C': 0.0}",0.0,96.5,ns_unbounded,41,section_breakdown,39.6,5005,3600.5,unseen,0,,0.158
60,"{'A': 0.0, 'B': 0.0, 'C': 0.0}",5,99.93,1.511,"{'A': 18, 'B': 18, 'C': 4}",40,465.7,80.4,6.861,"{'A': 0.0, 'B': 0.0, 'C': 0.0}",0.0,80.4,ns_unbounded,39,section_breakdown,36.57,5006,3600.2,unseen,0,,0.1715
57,"{'A': 0.0, 'B': 0.0, 'C': 0.0}",11,99.93,1.74,"{'A': 20, 'B': 17, 'C': 4}",41,469.2,90.2,6.71,"{'A': 0.0, 'B': 0.0, 'C': 0.0}",0.0,90.2,ns_unbounded,40,section_breakdown,37.64,5007,3600.0,unseen,0,,0.1637
56,"{'A': 0.0, 'B': 0.0, 'C': 0.0}",11,99.93,1.425,"{'A': 21, 'B': 14, 'C': 4}",39,491.7,91.3,7.022,"{'A': 0.0, 'B': 0.0, 'C': 0.0}",0.0,91.3,ns_unbounded,36,section_breakdown,35.49,5008,3600.8,unseen,0,,0.18
55,"{'A': 0.0, 'B': 0.0, 'C': 0.0}",10,99.93,1.415,"{'A': 20, 'B': 13, 'C': 4}",37,462.4,91.3,6.73,"{'A': 0.0, 'B': 0.0, 'C': 0.0}",0.0,90.6,ns_unbounded,35,section_breakdown,33.63,5009,3600.7,unseen,0,,0.1819
56,"{'A': 0.0, 'B': 0.0, 'C': 0.0}",10,99.95,1.427,"{'A': 14, 'B': 5, 'C': 5}",24,372.1,98.1,5.365,"{'A': 0.0, 'B': 0.0, 'C': 0.0}",0.0,95.1,ns_unbounded,24,section_breakdown,21.32,5010,3600.1,unseen,0,,0.2236
56,"{'A': 0.0, 'B': 0.0, 'C': 0.0}",10,99.93,1.751,"{'A': 20, 'B': 16, 'C': 4}",40,466.4,91.5,6.784,"{'A': 0.0, 'B': 0.0, 'C': 0.0}",0.0,91.2,ns_unbounded,38,section_breakdown,36.61,5011,3601.0,unseen,0,,0.1696
56,"{'A': 0.0, 'B': 0.0, 'C': 0.0}",8,99.94,1.858,"{'A': 20, 'B': 8, 'C': 5}",33,423.6,91.3,6.127,"{'A': 0.0, 'B': 0.0, 'C': 0.0}",0.0,91.3,ns_unbounded,32,section_breakdown,29.94,5012,3600.2,unseen,0,,0.1857
56,"{'A': 0.0, 'B': 0.0, 'C': 0.0}",8,99.93,1.708,"{'A': 21, 'B': 12, 'C': 5}",38,461.8,88.6,6.843,"{'A': 0.0, 'B': 0.0, 'C': 0.0}",0.0,88.6,ns_unbounded,35,section_breakdown,34.58,5013,3600.1,unseen,0,,0.1801
53,"{'A': 0.0, 'B': 0.0, 'C': 0.0}",9,99.93,1.717,"{'A': 18, 'B': 12, 'C': 4}",34,485.1,93.2,6.987,"{'A': 0.0, 'B': 0.0, 'C': 0.0}",0.0,93.2,ns_unbounded,35,section_breakdown,30.51,5014,3600.7,unseen,0,,0.2055
54,"{'A': 0.0, 'B': 0.0, 'C': 0.0}",13,99.93,1.476,"{'A': 20, 'B': 13, 'C': 2}",35,469.0,97.9,6.585,"{'A': 0.0, 'B': 0.0, 'C': 0.0}",0.0,94.4,ns_unbounded,33,section_breakdown,31.71,5015,3600.5,unseen,0,,0.1881
56,"{'A': 0.0, 'B': 0.0, 'C': 0.0}",10,99.93,1.507,"{'A': 20, 'B': 18, 'C': 5}",43,475.4,92.4,6.946,"{'A': 0.0, 'B': 0.0, 'C': 0.0}",0.0,92.4,ns_unbounded,41,section_breakdown,39.53,5016,3600.9,unseen,0,,0.1615
55,"{'A': 0.0, 'B': 0.0, 'C': 0.0}",15,99.93,1.433,"{'A': 20, 'B': 7, 'C': 4}",31,469.2,98.8,6.614,"{'A': 0.0, 'B': 0.0, 'C': 0.0}",0.0,96.1,ns_unbounded,28,section_breakdown,27.69,5017,3600.2,unseen,0,,0.2133
61,"{'A': 0.0, 'B': 0.0, 'C': 0.0}",9,99.93,1.863,"{'A': 21, 'B': 19, 'C': 4}",44,438.9,83.4,6.855,"{'A': 0.0, 'B': 0.0, 'C': 0.0}",0.0,83.4,ns_unbounded,43,section_breakdown,40.57,5018,3600.5,unseen,0,,0.1558
56,"{'A': 0.0, 'B': 0.0, 'C': 0.0}",12,99.93,1.983,"{'A': 20, 'B': 11, 'C': 4}",35,469.5,93.1,6.864,"{'A': 0.0, 'B': 0.0, 'C': 0.0}",0.0,93.1,ns_unbounded,32,section_breakdown,31.57,5019,3600.8,unseen,0,,0.1961
56,"{'A': 0.0, 'B': 0.0, 'C': 0.0}",10,99.93,1.609,"{'A': 19, 'B': 12, 'C': 4}",35,479.7,91.0,6.824,"{'A': 0.0, 'B': 0.0, 'C': 0.0}",0.0,91.0,ns_unbounded,35,section_breakdown,31.59,5020,3600.9,unseen,0,,0.195
55,"{'A': 0.0, 'B': 0.0, 'C': 0.0}",8,99.93,1.803,"{'A': 22, 'B': 21, 'C': 4}",47,467.2,90.2,6.74,"{'A': 0.0, 'B': 0.0, 'C': 0.0}",0.0,90.2,ns_unbounded,45,section_breakdown,43.63,5021,3601.0,unseen,0,,0.1434
56,"{'A': 0.0, 'B': 0.0, 'C': 0.0}",8,99.93,2.073,"{'A': 19, 'B': 21, 'C': 5}",45,458.4,89.2,6.672,"{'A': 0.0, 'B': 0.0, 'C': 0.0}",0.0,89.2,ns_unbounded,45,section_breakdown,41.66,5022,3600.3,unseen,0,,0.1483
55,"{'A': 0.0, 'B': 0.0, 'C': 0.0}",10,99.94,1.587,"{'A': 19, 'B': 13, 'C': 5}",37,436.5,93.9,6.328,"{'A': 0.0, 'B': 0.0, 'C': 0.0}",0.0,93.7,ns_unbounded,36,section_breakdown,33.84,5023,3600.3,unseen,0,,0.171
55,"{'A': 0.0, 'B': 0.0, 'C': 0.0}",11,99.93,1.902,"{'A': 21, 'B': 10, 'C': 4}",35,484.0,93.7,6.936,"{'A': 0.0, 'B': 0.0, 'C': 0.0}",0.0,93.7,ns_unbounded,34,section_breakdown,31.53,5024,3600.9,unseen,0,,0.1982
56,"{'A': 0.0, 'B': 0.0, 'C': 0.0}",7,99.93,2.17,"{'A': 18, 'B': 16, 'C': 4}",38,420.5,89.5,6.513,"{'A': 0.0, 'B': 0.0, 'C': 0.0}",0.0,89.5,ns_unbounded,37,section_breakdown,34.74,5025,3600.1,unseen,0,,0.1714
54,"{'A': 0.0, 'B': 0.0, 'C': 0.0}",8,99.93,1.818,"{'A': 21, 'B': 17, 'C': 5}",43,504.1,89.2,7.333,"{'A': 0.0, 'B': 0.0, 'C': 0.0}",0.0,89.2,ns_unbounded,42,section_breakdown,39.33,5026,3600.7,unseen,0,,0.1705
56,"{'A': 0.0, 'B': 0.0, 'C': 0.0}",6,99.95,1.545,"{'A': 13, 'B': 7, 'C': 5}",25,341.0,94.0,4.966,"{'A': 0.0, 'B': 0.0, 'C': 0.0}",0.0,94.0,ns_unbounded,23,section_breakdown,22.52,5027,3600.3,unseen,0,,0.1986
53,"{'A': 0.0, 'B': 0.0, 'C': 0.0}",10,99.93,1.861,"{'A': 19, 'B': 19, 'C': 5}",43,491.6,93.7,7.061,"{'A': 0.0, 'B': 0.0, 'C': 0.0}",0.0,93.7,ns_unbounded,42,section_breakdown,39.47,5028,3600.6,unseen,0,,0.1642
60,"{'A': 0.0, 'B': 0.0, 'C': 0.0}",6,99.94,1.622,"{'A': 14, 'B': 12, 'C': 4}",30,400.5,83.0,6.328,"{'A': 0.0, 'B': 0.0, 'C': 0.0}",0.0,83.0,ns_unbounded,30,section_breakdown,26.84,5029,3600.9,unseen,0,,0.2109
58,"{'A': 0.0, 'B': 0.0, 'C': 371.5}",0,99.89,1.514,"{'A': 20, 'B': 31, 'C': 4}",55,713.9,52.2,10.52,"{'A': 0.0, 'B': 0.0, 'C': 0.52}",0.52,52.2,ns_unbounded,54,small_buffers,49.22,5000,3600.5,unseen,0,,0.1913
59,"{'A': 0.0, 'B': 0.0, 'C': 310.7}",0,99.9,1.195,"{'A': 21, 'B': 29, 'C': 4}",54,702.4,53.0,10.332,"{'A': 0.0, 'B': 0.0, 'C': 0.43}",0.43,53.0,ns_unbounded,54,small_buffers,48.4,5001,3600.9,unseen,0,,0.1913
58,"{'A': 0.0, 'B': 0.0, 'C': 342.6}",0,99.89,1.417,"{'A': 20, 'B': 29, 'C': 4}",53,698.9,52.3,10.502,"{'A': 0.0, 'B': 0.0, 'C': 0.48}",0.48,52.3,ns_unbounded,53,small_buffers,47.27,5002,3600.1,unseen,0,,0.1982
59,"{'A': 0.0, 'B': 0.0, 'C': 339.0}",0,99.9,1.255,"{'A': 19, 'B': 21, 'C': 4}",44,643.7,54.2,10.074,"{'A': 0.0, 'B': 0.0, 'C': 0.47}",0.47,54.2,ns_unbounded,44,small_buffers,38.49,5003,3600.5,unseen,0,,0.229
58,"{'A': 0.0, 'B': 0.0, 'C': 235.3}",0,99.9,1.278,"{'A': 22, 'B': 30, 'C': 3}",55,690.3,52.7,10.399,"{'A': 0.0, 'B': 0.0, 'C': 0.33}",0.33,52.7,ns_unbounded,54,small_buffers,49.47,5004,3600.1,unseen,0,,0.1891
57,"{'A': 0.0, 'B': 0.0, 'C': 300.2}",0,99.89,1.409,"{'A': 20, 'B': 29, 'C': 4}",53,706.5,52.0,10.549,"{'A': 0.0, 'B': 0.0, 'C': 0.42}",0.42,52.0,ns_unbounded,52,small_buffers,47.31,5005,3600.5,unseen,0,,0.199
58,"{'A': 0.0, 'B': 0.0, 'C': 372.4}",0,99.89,1.566,"{'A': 20, 'B': 30, 'C': 4}",54,702.1,52.2,10.513,"{'A': 0.0, 'B': 0.0, 'C': 0.52}",0.52,52.2,ns_unbounded,53,small_buffers,48.23,5006,3600.3,unseen,0,,0.1947
57,"{'A': 0.0, 'B': 0.0, 'C': 284.5}",0,99.89,1.456,"{'A': 19, 'B': 31, 'C': 4}",54,713.8,51.6,10.647,"{'A': 0.0, 'B': 0.0, 'C': 0.4}",0.4,51.6,ns_unbounded,53,small_buffers,48.28,5007,3600.2,unseen,0,,0.1972
58,"{'A': 0.0, 'B': 0.0, 'C': 410.3}",0,99.9,1.367,"{'A': 21, 'B': 28, 'C': 4}",53,702.2,52.6,10.439,"{'A': 0.0, 'B': 0.0, 'C': 0.57}",0.57,52.6,ns_unbounded,53,small_buffers,47.21,5008,3600.5,unseen,0,,0.197
57,"{'A': 0.0, 'B': 0.0, 'C': 328.7}",0,99.89,1.382,"{'A': 20, 'B': 29, 'C': 4}",53,712.3,51.8,10.608,"{'A': 0.0, 'B': 0.0, 'C': 0.46}",0.46,51.8,ns_unbounded,52,small_buffers,47.24,5009,3600.3,unseen,0,,0.2001
58,"{'A': 0.0, 'B': 0.0, 'C': 422.9}",0,99.9,1.317,"{'A': 14, 'B': 30, 'C': 4}",48,671.4,52.8,10.387,"{'A': 0.0, 'B': 0.0, 'C': 0.59}",0.59,52.8,ns_unbounded,49,small_buffers,42.22,5010,3600.6,unseen,0,,0.2164
59,"{'A': 0.0, 'B': 0.0, 'C': 335.6}",0,99.9,1.758,"{'A': 19, 'B': 29, 'C': 4}",52,678.7,53.3,10.269,"{'A': 0.0, 'B': 0.0, 'C': 0.47}",0.47,53.3,ns_unbounded,53,small_buffers,46.4,5011,3600.3,unseen,0,,0.1975
56,"{'A': 0.0, 'B': 0.0, 'C': 350.4}",0,99.89,1.643,"{'A': 19, 'B': 30, 'C': 4}",53,732.0,50.7,10.85,"{'A': 0.0, 'B': 0.0, 'C': 0.49}",0.49,50.7,ns_unbounded,54,small_buffers,47.09,5012,3600.8,unseen,0,,0.2047
58,"{'A': 0.0, 'B': 0.0, 'C': 375.1}",0,99.89,1.589,"{'A': 19, 'B': 32, 'C': 4}",55,720.5,52.3,10.501,"{'A': 0.0, 'B': 0.0, 'C': 0.52}",0.52,52.3,ns_unbounded,55,small_buffers,49.23,5013,3600.4,unseen,0,,0.1909
57,"{'A': 0.0, 'B': 0.0, 'C': 363.8}",0,99.89,1.43,"{'A': 19, 'B': 28, 'C': 4}",51,720.8,51.8,10.603,"{'A': 0.0, 'B': 0.0, 'C': 0.51}",0.51,51.8,ns_unbounded,53,small_buffers,45.19,5014,3600.3,unseen,0,,0.2079
57,"{'A': 0.0, 'B': 0.0, 'C': 174.5}",0,99.9,1.355,"{'A': 19, 'B': 30, 'C': 2}",51,713.9,52.4,10.473,"{'A': 0.0, 'B': 0.0, 'C': 0.24}",0.24,52.4,ns_unbounded,51,small_buffers,45.52,5015,3600.5,unseen,0,,0.2053
57,"{'A': 0.0, 'B': 0.0, 'C': 312.3}",0,99.9,1.465,"{'A': 19, 'B': 30, 'C': 4}",53,708.9,52.4,10.468,"{'A': 0.0, 'B': 0.0, 'C': 0.43}",0.43,52.4,ns_unbounded,53,small_buffers,47.33,5016,3600.6,unseen,0,,0.1975
57,"{'A': 0.0, 'B': 0.0, 'C': 369.6}",0,99.89,1.338,"{'A': 20, 'B': 30, 'C': 4}",54,712.8,52.0,10.567,"{'A': 0.0, 'B': 0.0, 'C': 0.51}",0.51,52.0,ns_unbounded,54,small_buffers,48.2,5017,3600.7,unseen,0,,0.1957
58,"{'A': 0.0, 'B': 0.0, 'C': 300.6}",0,99.9,1.534,"{'A': 20, 'B': 31, 'C': 3}",54,698.1,53.2,10.305,"{'A': 0.0, 'B': 0.0, 'C': 0.42}",0.42,53.2,ns_unbounded,52,small_buffers,48.43,5018,3600.1,unseen,0,,0.1908
59,"{'A': 0.0, 'B': 0.0, 'C': 374.9}",0,99.9,1.699,"{'A': 20, 'B': 29, 'C': 4}",53,698.7,52.4,10.47,"{'A': 0.0, 'B': 0.0, 'C': 0.52}",0.52,52.4,ns_unbounded,52,small_buffers,47.24,5019,3600.7,unseen,0,,0.1976
59,"{'A': 0.0, 'B': 0.0, 'C': 368.7}",0,99.9,1.39,"{'A': 21, 'B': 29, 'C': 4}",54,713.7,52.7,10.395,"{'A': 0.0, 'B': 0.0, 'C': 0.51}",0.51,52.7,ns_unbounded,54,small_buffers,48.29,5020,3600.1,unseen,0,,0.1925
58,"{'A': 0.0, 'B': 0.0, 'C': 316.2}",0,99.9,1.445,"{'A': 20, 'B': 31, 'C': 4}",55,702.1,52.5,10.446,"{'A': 0.0, 'B': 0.0, 'C': 0.44}",0.44,52.5,ns_unbounded,54,small_buffers,49.34,5021,3600.4,unseen,0,,0.1899
58,"{'A': 0.0, 'B': 0.0, 'C': 332.5}",0,99.89,1.632,"{'A': 19, 'B': 31, 'C': 4}",54,725.3,52.0,10.552,"{'A': 0.0, 'B': 0.0, 'C': 0.46}",0.46,52.0,ns_unbounded,53,small_buffers,48.26,5022,3600.7,unseen,0,,0.1954
58,"{'A': 0.0, 'B': 0.0, 'C': 357.9}",0,99.9,1.681,"{'A': 20, 'B': 29, 'C': 4}",53,698.5,52.4,10.466,"{'A': 0.0, 'B': 0.0, 'C': 0.5}",0.5,52.4,ns_unbounded,54,small_buffers,47.27,5023,3600.9,unseen,0,,0.1975
57,"{'A': 0.0, 'B': 0.0, 'C': 237.9}",0,99.89,1.614,"{'A': 20, 'B': 30, 'C': 3}",53,725.6,51.9,10.577,"{'A': 0.0, 'B': 0.0, 'C': 0.33}",0.33,51.9,ns_unbounded,52,small_buffers,47.38,5024,3600.6,unseen,0,,0.1996
58,"{'A': 0.0, 'B': 0.0, 'C': 454.3}",0,99.89,2.053,"{'A': 20, 'B': 29, 'C': 5}",54,714.1,51.4,10.689,"{'A': 0.0, 'B': 0.0, 'C': 0.63}",0.63,51.4,ns_unbounded,53,small_buffers,48.02,5025,3600.9,unseen,0,,0.1979
58,"{'A': 0.0, 'B': 0.0, 'C': 374.4}",0,99.9,1.661,"{'A': 18, 'B': 29, 'C': 4}",51,713.9,52.5,10.451,"{'A': 0.0, 'B': 0.0, 'C': 0.52}",0.52,52.5,ns_unbounded,52,small_buffers,45.25,5026,3600.6,unseen,0,,0.2049
61,"{'A': 0.0, 'B': 0.0, 'C': 374.4}",0,99.9,1.346,"{'A': 13, 'B': 30, 'C': 4}",47,690.7,53.8,10.169,"{'A': 0.0, 'B': 0.0, 'C': 0.52}",0.52,53.8,ns_unbounded,47,small_buffers,41.4,5027,3600.9,unseen,0,,0.2164
60,"{'A': 0.0, 'B': 0.0, 'C': 385.4}",0,99.9,1.613,"{'A': 19, 'B': 29, 'C': 4}",52,655.4,54.4,10.038,"{'A': 0.0, 'B': 0.0, 'C': 0.54}",0.54,54.4,ns_unbounded,54,small_buffers,46.45,5028,3600.6,unseen,0,,0.193
60,"{'A': 0.0, 'B': 0.0, 'C': 368.1}",0,99.9,1.615,"{'A': 13, 'B': 29, 'C': 4}",46,670.6,54.7,9.967,"{'A': 0.0, 'B': 0.0, 'C': 0.51}",0.51,54.7,ns_unbounded,46,small_buffers,40.51,5029,3600.6,unseen,0,,0.2167
58,"{'A': 0.0, 'B': 0.0, 'C': 0.0}",1,44.93,1.816,"{'A': 19, 'B': 27, 'C': 3}",49,256.4,73.7,7.233,"{'A': 0.0, 'B': 0.0, 'C': 0.0}",0.0,67.1,ns_unbounded,54,worn_robot,45.38,5000,3600.6,seen,0,,0.1476
59,"{'A': 0.0, 'B': 0.0, 'C': 0.0}",1,44.92,1.722,"{'A': 19, 'B': 30, 'C': 4}",53,337.5,70.5,7.792,"{'A': 0.0, 'B': 0.0, 'C': 0.0}",0.0,64.6,ns_unbounded,55,worn_robot,49.1,5001,3600.5,seen,0,,0.147
60,"{'A': 0.0, 'B': 0.0, 'C': 0.0}",2,44.93,1.757,"{'A': 17, 'B': 30, 'C': 4}",51,282.2,73.0,7.347,"{'A': 0.0, 'B': 0.0, 'C': 0.0}",0.0,68.6,ns_unbounded,53,worn_robot,47.33,5002,3600.5,seen,0,,0.1441
61,"{'A': 0.0, 'B': 0.0, 'C': 0.0}",1,44.93,1.529,"{'A': 18, 'B': 22, 'C': 4}",44,190.1,69.6,7.119,"{'A': 0.0, 'B': 0.0, 'C': 0.0}",0.0,67.6,ns_unbounded,45,worn_robot,40.44,5003,3600.3,seen,0,,0.1618
60,"{'A': 0.0, 'B': 0.0, 'C': 0.0}",1,44.93,1.966,"{'A': 19, 'B': 30, 'C': 4}",53,279.0,70.5,7.472,"{'A': 0.0, 'B': 0.0, 'C': 0.0}",0.0,66.0,ns_unbounded,54,worn_robot,49.26,5004,3600.3,seen,0,,0.141
58,"{'A': 0.0, 'B': 0.0, 'C': 0.0}",2,44.93,1.673,"{'A': 17, 'B': 28, 'C': 4}",49,292.2,76.2,7.139,"{'A': 0.0, 'B': 0.0, 'C': 0.0}",0.0,67.5,ns_unbounded,53,worn_robot,45.43,5005,3600.1,seen,0,,0.1457
60,"{'A': 0.0, 'B': 0.0, 'C': 0.0}",1,44.93,1.892,"{'A': 18, 'B': 27, 'C': 4}",49,190.6,71.4,7.052,"{'A': 0.0, 'B': 0.0, 'C': 0.0}",0.0,67.9,ns_unbounded,54,worn_robot,45.47,5006,3600.6,seen,0,,0.1439
59,"{'A': 0.0, 'B': 0.0, 'C': 0.0}",1,44.93,1.84,"{'A': 18, 'B': 29, 'C': 4}",51,277.0,71.8,7.36,"{'A': 0.0, 'B': 0.0, 'C': 0.0}",0.0,66.5,ns_unbounded,53,worn_robot,47.32,5007,3600.2,seen,0,,0.1443
58,"{'A': 0.0, 'B': 0.0, 'C': 0.0}",1,44.93,1.69,"{'A': 19, 'B': 27, 'C': 3}",49,279.0,74.8,7.144,"{'A': 0.0, 'B': 0.0, 'C': 0.0}",0.0,67.5,ns_unbounded,55,worn_robot,45.43,5008,3600.3,seen,0,,0.1458
58,"{'A': 0.0, 'B': 0.0, 'C': 0.0}",2,44.93,1.697,"{'A': 19, 'B': 31, 'C': 4}",54,356.7,75.7,7.473,"{'A': 0.0, 'B': 0.0, 'C': 0.0}",0.0,72.8,ns_unbounded,54,worn_robot,50.26,5009,3600.7,seen,0,,0.1384
58,"{'A': 0.0, 'B': 0.0, 'C': 0.0}",2,44.93,2.077,"{'A': 14, 'B': 28, 'C': 4}",46,277.5,75.4,7.201,"{'A': 0.0, 'B': 0.0, 'C': 0.0}",0.0,67.3,ns_unbounded,46,worn_robot,42.4,5010,3600.5,seen,0,,0.1565
60,"{'A': 0.0, 'B': 0.0, 'C': 0.0}",1,44.92,1.921,"{'A': 18, 'B': 30, 'C': 4}",52,299.5,70.2,7.575,"{'A': 0.0, 'B': 0.0, 'C': 0.0}",0.0,65.6,ns_unbounded,53,worn_robot,48.21,5011,3600.9,seen,0,,0.1457
60,"{'A': 0.0, 'B': 0.0, 'C': 0.0}",1,44.93,1.935,"{'A': 14, 'B': 27, 'C': 2}",43,218.5,70.9,7.085,"{'A': 0.0, 'B': 0.0, 'C': 0.0}",0.0,67.8,ns_unbounded,53,worn_robot,39.46,5012,3600.3,seen,0,,0.1648
59,"{'A': 0.0, 'B': 0.0, 'C': 0.0}",2,44.93,1.837,"{'A': 17, 'B': 29, 'C': 3}",49,292.2,73.9,7.331,"{'A': 0.0, 'B': 0.0, 'C': 0.0}",0.0,66.7,ns_unbounded,53,worn_robot,45.33,5013,3600.1,seen,0,,0.1496
57,"{'A': 0.0, 'B': 0.0, 'C': 0.0}",2,44.92,1.784,"{'A': 20, 'B': 29, 'C': 4}",53,334.0,75.1,7.603,"{'A': 0.0, 'B': 0.0, 'C': 0.0}",0.0,72.7,ns_unbounded,55,worn_robot,49.2,5014,3600.4,seen,0,,0.1434
58,"{'A': 0.0, 'B': 0.0, 'C': 0.0}",1,44.93,1.935,"{'A': 18, 'B': 27, 'C': 2}",47,278.2,73.4,7.321,"{'A': 0.0, 'B': 0.0, 'C': 0.0}",0.0,66.7,ns_unbounded,51,worn_robot,43.34,5015,3600.4,seen,0,,0.1558
60,"{'A': 0.0, 'B': 0.0, 'C': 0.0}",1,44.93,2.368,"{'A': 19, 'B': 27, 'C': 4}",50,190.6,71.3,7.059,"{'A': 0.0, 'B': 0.0, 'C': 0.0}",0.0,67.9,ns_unbounded,53,worn_robot,46.47,5016,3600.6,seen,0,,0.1412
59,"{'A': 0.0, 'B': 0.0, 'C': 0.0}",1,44.93,1.76,"{'A': 18, 'B': 27, 'C': 5}",50,284.7,72.9,7.328,"{'A': 0.0, 'B': 0.0, 'C': 0.0}",0.0,66.7,ns_unbounded,53,worn_robot,46.34,5017,3600.1,seen,0,,0.1466
53,"{'A': 0.0, 'B': 0.0, 'C': 0.0}",2,44.93,1.749,"{'A': 18, 'B': 30, 'C': 3}",51,328.1,84.2,6.81,"{'A': 0.0, 'B': 0.0, 'C': 0.0}",0.0,84.2,ns_unbounded,52,worn_robot,47.59,5018,3600.3,seen,0,,0.1335
57,"{'A': 0.0, 'B': 0.0, 'C': 0.0}",2,44.93,1.8,"{'A': 20, 'B': 26, 'C': 3}",49,214.0,77.6,6.774,"{'A': 0.0, 'B': 0.0, 'C': 0.0}",0.0,76.4,ns_unbounded,54,worn_robot,45.61,5019,3600.6,seen,0,,0.1382
56,"{'A': 0.0, 'B': 0.0, 'C': 0.0}",2,44.93,2.031,"{'A': 18, 'B': 27, 'C': 4}",49,314.2,79.3,7.109,"{'A': 0.0, 'B': 0.0, 'C': 0.0}",0.0,75.4,ns_unbounded,51,worn_robot,45.45,5020,3600.7,seen,0,,0.1451
60,"{'A': 0.0, 'B': 0.0, 'C': 0.0}",1,44.92,2.37,"{'A': 19, 'B': 28, 'C': 4}",51,340.0,69.6,7.786,"{'A': 0.0, 'B': 0.0, 'C': 0.0}",0.0,64.6,ns_unbounded,54,worn_robot,47.11,5021,3600.8,seen,0,,0.1527
58,"{'A': 0.0, 'B': 0.0, 'C': 0.0}",1,44.93,2.46,"{'A': 18, 'B': 27, 'C': 3}",48,292.2,74.4,7.228,"{'A': 0.0, 'B': 0.0, 'C': 0.0}",0.0,67.1,ns_unbounded,52,worn_robot,44.39,5022,3600.1,seen,0,,0.1506
59,"{'A': 0.0, 'B': 0.0, 'C': 0.0}",1,44.93,1.947,"{'A': 19, 'B': 28, 'C': 4}",51,231.1,72.6,7.177,"{'A': 0.0, 'B': 0.0, 'C': 0.0}",0.0,67.4,ns_unbounded,54,worn_robot,47.41,5023,3600.6,seen,0,,0.1407
60,"{'A': 0.0, 'B': 0.0, 'C': 0.0}",1,44.93,2.761,"{'A': 20, 'B': 29, 'C': 3}",52,258.9,70.8,7.356,"{'A': 0.0, 'B': 0.0, 'C': 0.0}",0.0,66.6,ns_unbounded,54,worn_robot,48.32,5024,3600.9,seen,0,,0.1415
58,"{'A': 0.0, 'B': 0.0, 'C': 0.0}",1,44.93,2.156,"{'A': 19, 'B': 27, 'C': 4}",50,256.4,74.1,7.145,"{'A': 0.0, 'B': 0.0, 'C': 0.0}",0.0,67.5,ns_unbounded,54,worn_robot,46.43,5025,3600.6,seen,0,,0.1429
62,"{'A': 0.0, 'B': 0.0, 'C': 0.0}",1,44.93,2.042,"{'A': 17, 'B': 28, 'C': 3}",48,305.2,79.7,7.142,"{'A': 0.0, 'B': 0.0, 'C': 0.0}",0.0,67.9,ns_unbounded,55,worn_robot,44.43,5026,3600.5,seen,0,,0.1488
60,"{'A': 0.0, 'B': 0.0, 'C': 0.0}",2,44.93,2.197,"{'A': 13, 'B': 28, 'C': 5}",46,353.7,73.1,7.301,"{'A': 0.0, 'B': 0.0, 'C': 0.0}",0.0,68.8,ns_unbounded,48,worn_robot,42.35,5027,3600.0,seen,0,,0.1587
55,"{'A': 0.0, 'B': 0.0, 'C': 0.0}",2,44.93,2.449,"{'A': 20, 'B': 31, 'C': 4}",55,329.4,84.2,6.677,"{'A': 0.0, 'B': 0.0, 'C': 0.0}",0.0,84.2,ns_unbounded,55,worn_robot,51.66,5028,3600.5,seen,0,,0.1214
59,"{'A': 0.0, 'B': 0.0, 'C': 0.0}",2,44.93,1.95,"{'A': 11, 'B': 28, 'C': 4}",43,305.3,74.9,7.249,"{'A': 0.0, 'B': 0.0, 'C': 0.0}",0.0,67.1,ns_unbounded,47,worn_robot,39.38,5029,3600.7,seen,0,,0.1686
57,"{'A': 0.0, 'B': 0.0, 'C': 0.0}",1,99.92,1.561,"{'A': 20, 'B': 33, 'C': 4}",57,569.6,39.7,8.454,"{'A': 0.0, 'B': 0.0, 'C': 0.0}",0.0,39.7,ns_estimate_only,55,aged_battery,52.77,5000,3600.5,unseen,0,,0.1483
66,"{'A': 0.0, 'B': 0.0, 'C': 0.0}",0,99.9,1.267,"{'A': 20, 'B': 29, 'C': 4}",53,643.9,19.8,9.618,"{'A': 0.0, 'B': 0.0, 'C': 0.0}",0.0,19.8,ns_estimate_only,51,aged_battery,48.19,5001,3601.0,unseen,0,,0.1815
62,"{'A': 0.0, 'B': 0.0, 'C': 0.0}",1,99.91,1.43,"{'A': 18, 'B': 30, 'C': 4}",52,607.2,28.8,9.077,"{'A': 0.0, 'B': 0.0, 'C': 0.0}",0.0,24.4,ns_estimate_only,53,aged_battery,47.46,5002,3600.9,unseen,0,,0.1746
54,"{'A': 0.0, 'B': 0.0, 'C': 0.0}",1,99.92,1.707,"{'A': 20, 'B': 23, 'C': 4}",47,551.6,45.5,8.103,"{'A': 0.0, 'B': 0.0, 'C': 0.0}",0.0,45.5,ns_estimate_only,47,aged_battery,42.95,5003,3600.3,unseen,0,,0.1724
66,"{'A': 0.0, 'B': 0.0, 'C': 0.0}",0,99.9,1.478,"{'A': 20, 'B': 29, 'C': 3}",52,643.8,19.9,9.606,"{'A': 0.0, 'B': 0.0, 'C': 0.0}",0.0,19.9,ns_estimate_only,51,aged_battery,47.2,5004,3600.7,unseen,0,,0.1847
66,"{'A': 0.0, 'B': 0.0, 'C': 0.0}",0,99.9,1.687,"{'A': 19, 'B': 32, 'C': 4}",55,643.4,20.0,9.6,"{'A': 0.0, 'B': 0.0, 'C': 0.0}",0.0,20.0,ns_estimate_only,53,aged_battery,50.2,5005,3600.7,unseen,0,,0.1745
58,"{'A': 0.0, 'B': 0.0, 'C': 0.0}",1,99.91,1.43,"{'A': 19, 'B': 29, 'C': 4}",52,591.8,35.3,8.756,"{'A': 0.0, 'B': 0.0, 'C': 0.0}",0.0,35.3,ns_estimate_only,52,aged_battery,47.62,5006,3600.5,unseen,0,,0.1684
65,"{'A': 0.0, 'B': 0.0, 'C': 0.0}",0,99.9,1.399,"{'A': 21, 'B': 29, 'C': 4}",54,651.6,19.3,9.688,"{'A': 0.0, 'B': 0.0, 'C': 0.0}",0.0,19.3,ns_estimate_only,52,aged_battery,49.16,5007,3600.8,unseen,0,,0.1794
65,"{'A': 0.0, 'B': 0.0, 'C': 0.0}",0,99.9,1.463,"{'A': 19, 'B': 32, 'C': 4}",55,649.4,19.5,9.654,"{'A': 0.0, 'B': 0.0, 'C': 0.0}",0.0,19.5,ns_estimate_only,54,aged_battery,50.17,5008,3600.2,unseen,0,,0.1755
65,"{'A': 0.0, 'B': 0.0, 'C': 0.0}",0,99.9,1.507,"{'A': 21, 'B': 29, 'C': 4}",54,651.6,19.3,9.687,"{'A': 0.0, 'B': 0.0, 'C': 0.0}",0.0,19.3,ns_estimate_only,53,aged_battery,49.16,5009,3600.8,unseen,0,,0.1794
59,"{'A': 0.0, 'B': 0.0, 'C': 0.0}",1,99.91,1.612,"{'A': 14, 'B': 28, 'C': 4}",46,586.2,34.9,8.706,"{'A': 0.0, 'B': 0.0, 'C': 0.0}",0.0,27.4,ns_estimate_only,47,aged_battery,41.65,5010,3600.1,unseen,0,,0.1893
64,"{'A': 0.0, 'B': 0.0, 'C': 0.0}",0,99.9,1.774,"{'A': 20, 'B': 30, 'C': 4}",54,662.5,18.4,9.788,"{'A': 0.0, 'B': 0.0, 'C': 0.0}",0.0,18.4,ns_estimate_only,55,aged_battery,49.11,5011,3600.7,unseen,0,,0.1813
59,"{'A': 0.0, 'B': 0.0, 'C': 0.0}",1,99.91,1.585,"{'A': 19, 'B': 29, 'C': 4}",52,572.7,36.4,8.625,"{'A': 0.0, 'B': 0.0, 'C': 0.0}",0.0,36.4,ns_estimate_only,53,aged_battery,47.69,5012,3600.4,unseen,0,,0.1659
66,"{'A': 0.0, 'B': 0.0, 'C': 0.0}",0,99.9,1.674,"{'A': 20, 'B': 32, 'C': 5}",57,641.4,19.6,9.654,"{'A': 0.0, 'B': 0.0, 'C': 0.0}",0.0,19.6,ns_estimate_only,55,aged_battery,52.17,5013,3600.5,unseen,0,,0.1694
66,"{'A': 0.0, 'B': 0.0, 'C': 0.0}",0,99.9,1.664,"{'A': 20, 'B': 30, 'C': 4}",54,643.4,20.0,9.596,"{'A': 0.0, 'B': 0.0, 'C': 0.0}",0.0,20.0,ns_estimate_only,52,aged_battery,49.2,5014,3600.7,unseen,0,,0.1777
65,"{'A': 0.0, 'B': 0.0, 'C': 0.0}",0,99.9,1.36,"{'A': 19, 'B': 29, 'C': 3}",51,655.5,19.3,9.684,"{'A': 0.0, 'B': 0.0, 'C': 0.0}",0.0,19.3,ns_estimate_only,51,aged_battery,46.16,5015,3600.7,unseen,0,,0.1899
59,"{'A': 0.0, 'B': 0.0, 'C': 0.0}",1,99.91,2.041,"{'A': 19, 'B': 31, 'C': 5}",55,577.4,36.1,8.656,"{'A': 0.0, 'B': 0.0, 'C': 0.0}",0.0,36.1,ns_estimate_only,53,aged_battery,50.67,5016,3600.4,unseen,0,,0.1574
65,"{'A': 0.0, 'B': 0.0, 'C': 0.0}",0,99.9,1.966,"{'A': 19, 'B': 30, 'C': 5}",54,644.2,19.6,9.653,"{'A': 0.0, 'B': 0.0, 'C': 0.0}",0.0,19.6,ns_estimate_only,53,aged_battery,49.17,5017,3600.8,unseen,0,,0.1788
64,"{'A': 0.0, 'B': 0.0, 'C': 0.0}",0,99.9,1.648,"{'A': 20, 'B': 30, 'C': 4}",54,655.5,19.1,9.705,"{'A': 0.0, 'B': 0.0, 'C': 0.0}",0.0,19.1,ns_estimate_only,54,aged_battery,49.15,5018,3600.7,unseen,0,,0.1797
61,"{'A': 0.0, 'B': 0.0, 'C': 0.0}",1,99.91,1.509,"{'A': 20, 'B': 29, 'C': 4}",53,627.9,27.5,9.228,"{'A': 0.0, 'B': 0.0, 'C': 0.0}",0.0,27.5,ns_estimate_only,52,aged_battery,48.39,5019,3600.9,unseen,0,,0.1741
64,"{'A': 0.0, 'B': 0.0, 'C': 0.0}",0,99.9,1.877,"{'A': 20, 'B': 31, 'C': 3}",54,667.1,18.6,9.769,"{'A': 0.0, 'B': 0.0, 'C': 0.0}",0.0,18.6,ns_estimate_only,53,aged_battery,49.12,5020,3600.5,unseen,0,,0.1809
66,"{'A': 0.0, 'B': 0.0, 'C': 0.0}",0,99.9,1.763,"{'A': 20, 'B': 30, 'C': 5}",55,643.5,19.7,9.637,"{'A': 0.0, 'B': 0.0, 'C': 0.0}",0.0,19.7,ns_estimate_only,54,aged_battery,50.18,5021,3600.0,unseen,0,,0.1752
59,"{'A': 0.0, 'B': 0.0, 'C': 0.0}",1,99.91,1.896,"{'A': 21, 'B': 28, 'C': 4}",53,582.5,36.1,8.661,"{'A': 0.0, 'B': 0.0, 'C': 0.0}",0.0,36.1,ns_estimate_only,53,aged_battery,48.67,5022,3600.6,unseen,0,,0.1634
65,"{'A': 0.0, 'B': 0.0, 'C': 0.0}",0,99.9,1.744,"{'A': 19, 'B': 31, 'C': 4}",54,651.2,19.3,9.682,"{'A': 0.0, 'B': 0.0, 'C': 0.0}",0.0,19.3,ns_estimate_only,54,aged_battery,49.16,5023,3600.7,unseen,0,,0.1793
65,"{'A': 0.0, 'B': 0.0, 'C': 0.0}",0,99.9,2.081,"{'A': 20, 'B': 29, 'C': 4}",53,649.7,19.6,9.647,"{'A': 0.0, 'B': 0.0, 'C': 0.0}",0.0,19.6,ns_estimate_only,53,aged_battery,48.18,5024,3600.8,unseen,0,,0.182
65,"{'A': 0.0, 'B': 0.0, 'C': 0.0}",0,99.9,1.983,"{'A': 19, 'B': 30, 'C': 5}",54,644.7,19.7,9.633,"{'A': 0.0, 'B': 0.0, 'C': 0.0}",0.0,19.7,ns_estimate_only,53,aged_battery,49.18,5025,3600.1,unseen,0,,0.1784
65,"{'A': 0.0, 'B': 0.0, 'C': 0.0}",0,99.9,1.766,"{'A': 21, 'B': 31, 'C': 5}",57,644.2,19.4,9.669,"{'A': 0.0, 'B': 0.0, 'C': 0.0}",0.0,19.4,ns_estimate_only,55,aged_battery,52.17,5026,3600.8,unseen,0,,0.1696
53,"{'A': 0.0, 'B': 0.0, 'C': 0.0}",2,99.92,1.992,"{'A': 13, 'B': 30, 'C': 4}",47,520.1,51.9,7.686,"{'A': 0.0, 'B': 0.0, 'C': 0.0}",0.0,51.9,ns_estimate_only,46,aged_battery,43.16,5027,3600.5,unseen,0,,0.1635
65,"{'A': 0.0, 'B': 0.0, 'C': 0.0}",0,99.9,1.92,"{'A': 19, 'B': 31, 'C': 5}",55,650.1,18.9,9.736,"{'A': 0.0, 'B': 0.0, 'C': 0.0}",0.0,18.9,ns_estimate_only,55,aged_battery,50.13,5028,3600.9,unseen,0,,0.177
47,"{'A': 0.0, 'B': 0.0, 'C': 0.0}",1,99.93,1.812,"{'A': 9, 'B': 22, 'C': 3}",34,465.9,64.1,6.87,"{'A': 0.0, 'B': 0.0, 'C': 0.0}",0.0,42.8,ns_estimate_only,47,aged_battery,30.57,5029,3600.7,unseen,0,,0.202
50,"{'A': 0.0, 'B': 0.0, 'C': 0.0}",2,99.93,1.619,"{'A': 18, 'B': 32, 'C': 4}",54,502.6,87.1,7.459,"{'A': 0.0, 'B': 0.0, 'C': 0.0}",0.0,84.6,ns_estimate_only,53,balanced,50.27,5000,3600.8,seen,0,,0.1381
66,"{'A': 0.0, 'B': 0.0, 'C': 0.0}",0,99.9,1.435,"{'A': 20, 'B': 29, 'C': 4}",53,643.9,56.3,9.618,"{'A': 0.0, 'B': 0.0, 'C': 0.0}",0.0,56.3,ns_estimate_only,51,balanced,48.19,5001,3601.0,seen,0,,0.1815
62,"{'A': 0.0, 'B': 0.0, 'C': 0.0}",1,99.91,1.418,"{'A': 18, 'B': 30, 'C': 4}",52,607.2,63.9,9.077,"{'A': 0.0, 'B': 0.0, 'C': 0.0}",0.0,58.7,ns_estimate_only,53,balanced,47.46,5002,3600.9,seen,0,,0.1746
61,"{'A': 0.0, 'B': 0.0, 'C': 0.0}",1,99.91,1.624,"{'A': 19, 'B': 23, 'C': 5}",47,598.0,66.6,8.902,"{'A': 0.0, 'B': 0.0, 'C': 0.0}",0.0,66.6,ns_estimate_only,46,balanced,42.55,5003,3600.4,seen,0,,0.1894
66,"{'A': 0.0, 'B': 0.0, 'C': 0.0}",0,99.9,1.43,"{'A': 20, 'B': 29, 'C': 3}",52,643.8,56.3,9.606,"{'A': 0.0, 'B': 0.0, 'C': 0.0}",0.0,56.3,ns_estimate_only,51,balanced,47.2,5004,3600.7,seen,0,,0.1847
66,"{'A': 0.0, 'B': 0.0, 'C': 0.0}",0,99.9,1.561,"{'A': 19, 'B': 32, 'C': 4}",55,643.4,56.4,9.6,"{'A': 0.0, 'B': 0.0, 'C': 0.0}",0.0,56.4,ns_estimate_only,53,balanced,50.2,5005,3600.7,seen,0,,0.1745
62,"{'A': 0.0, 'B': 0.0, 'C': 0.0}",1,99.91,1.504,"{'A': 19, 'B': 29, 'C': 4}",52,624.5,62.5,9.241,"{'A': 0.0, 'B': 0.0, 'C': 0.0}",0.0,62.5,ns_estimate_only,53,balanced,47.38,5006,3600.4,seen,0,,0.1777
65,"{'A': 0.0, 'B': 0.0, 'C': 0.0}",0,99.9,1.336,"{'A': 21, 'B': 29, 'C': 4}",54,651.6,56.0,9.688,"{'A': 0.0, 'B': 0.0, 'C': 0.0}",0.0,56.0,ns_estimate_only,52,balanced,49.16,5007,3600.8,seen,0,,0.1794
65,"{'A': 0.0, 'B': 0.0, 'C': 0.0}",0,99.9,1.553,"{'A': 19, 'B': 32, 'C': 4}",55,649.4,56.1,9.654,"{'A': 0.0, 'B': 0.0, 'C': 0.0}",0.0,56.1,ns_estimate_only,54,balanced,50.17,5008,3600.2,seen,0,,0.1755
65,"{'A': 0.0, 'B': 0.0, 'C': 0.0}",0,99.9,1.686,"{'A': 21, 'B': 29, 'C': 4}",54,651.6,56.0,9.687,"{'A': 0.0, 'B': 0.0, 'C': 0.0}",0.0,56.0,ns_estimate_only,53,balanced,49.16,5009,3600.8,seen,0,,0.1794
59,"{'A': 0.0, 'B': 0.0, 'C': 0.0}",1,99.91,1.395,"{'A': 14, 'B': 28, 'C': 4}",46,586.2,69.0,8.706,"{'A': 0.0, 'B': 0.0, 'C': 0.0}",0.0,60.4,ns_estimate_only,47,balanced,41.65,5010,3600.1,seen,0,,0.1893
64,"{'A': 0.0, 'B': 0.0, 'C': 0.0}",0,99.9,1.615,"{'A': 20, 'B': 32, 'C': 4}",56,667.2,55.4,9.817,"{'A': 0.0, 'B': 0.0, 'C': 0.0}",0.0,55.4,ns_estimate_only,55,balanced,51.09,5011,3600.7,seen,0,,0.1753
52,"{'A': 0.0, 'B': 0.0, 'C': 0.0}",2,99.92,1.414,"{'A': 19, 'B': 29, 'C': 5}",53,516.6,84.8,7.601,"{'A': 0.0, 'B': 0.0, 'C': 0.0}",0.0,84.8,ns_estimate_only,52,balanced,49.2,5012,3600.6,seen,0,,0.1434
66,"{'A': 0.0, 'B': 0.0, 'C': 0.0}",0,99.9,1.592,"{'A': 20, 'B': 32, 'C': 5}",57,641.4,56.1,9.654,"{'A': 0.0, 'B': 0.0, 'C': 0.0}",0.0,56.1,ns_estimate_only,55,balanced,52.17,5013,3600.5,seen,0,,0.1694
66,"{'A': 0.0, 'B': 0.0, 'C': 0.0}",0,99.9,1.556,"{'A': 20, 'B': 30, 'C': 4}",54,643.4,56.4,9.596,"{'A': 0.0, 'B': 0.0, 'C': 0.0}",0.0,56.4,ns_estimate_only,52,balanced,49.2,5014,3600.7,seen,0,,0.1777
65,"{'A': 0.0, 'B': 0.0, 'C': 0.0}",0,99.9,1.915,"{'A': 19, 'B': 29, 'C': 3}",51,655.5,56.0,9.684,"{'A': 0.0, 'B': 0.0, 'C': 0.0}",0.0,56.0,ns_estimate_only,51,balanced,46.16,5015,3600.7,seen,0,,0.1899
62,"{'A': 0.0, 'B': 0.0, 'C': 0.0}",1,99.91,1.713,"{'A': 20, 'B': 29, 'C': 5}",54,625.4,62.2,9.299,"{'A': 0.0, 'B': 0.0, 'C': 0.0}",0.0,62.2,ns_estimate_only,54,balanced,49.35,5016,3600.7,seen,0,,0.1722
65,"{'A': 0.0, 'B': 0.0, 'C': 0.0}",0,99.9,1.731,"{'A': 19, 'B': 30, 'C': 5}",54,644.2,56.1,9.653,"{'A': 0.0, 'B': 0.0, 'C': 0.0}",0.0,56.1,ns_estimate_only,53,balanced,49.17,5017,3600.8,seen,0,,0.1788
64,"{'A': 0.0, 'B': 0.0, 'C': 0.0}",0,99.9,1.619,"{'A': 20, 'B': 30, 'C': 4}",54,655.5,55.9,9.705,"{'A': 0.0, 'B': 0.0, 'C': 0.0}",0.0,55.9,ns_estimate_only,54,balanced,49.15,5018,3600.7,seen,0,,0.1797
61,"{'A': 0.0, 'B': 0.0, 'C': 0.0}",1,99.91,1.662,"{'A': 20, 'B': 29, 'C': 4}",53,627.9,63.2,9.223,"{'A': 0.0, 'B': 0.0, 'C': 0.0}",0.0,63.2,ns_estimate_only,52,balanced,48.39,5019,3600.9,seen,0,,0.174
64,"{'A': 0.0, 'B': 0.0, 'C': 0.0}",0,99.9,1.751,"{'A': 20, 'B': 31, 'C': 3}",54,667.1,55.6,9.769,"{'A': 0.0, 'B': 0.0, 'C': 0.0}",0.0,55.6,ns_estimate_only,53,balanced,49.12,5020,3600.5,seen,0,,0.1809
66,"{'A': 0.0, 'B': 0.0, 'C': 0.0}",0,99.9,1.936,"{'A': 20, 'B': 30, 'C': 5}",55,643.5,56.2,9.637,"{'A': 0.0, 'B': 0.0, 'C': 0.0}",0.0,56.2,ns_estimate_only,54,balanced,50.18,5021,3600.0,seen,0,,0.1752
47,"{'A': 0.0, 'B': 0.0, 'C': 0.0}",3,99.93,1.368,"{'A': 19, 'B': 29, 'C': 4}",52,447.3,96.8,6.67,"{'A': 0.0, 'B': 0.0, 'C': 0.0}",0.0,81.4,ns_estimate_only,52,balanced,48.66,5022,3600.1,seen,0,,0.1283
65,"{'A': 0.0, 'B': 0.0, 'C': 0.0}",0,99.9,2.083,"{'A': 19, 'B': 31, 'C': 4}",54,651.2,56.0,9.682,"{'A': 0.0, 'B': 0.0, 'C': 0.0}",0.0,56.0,ns_estimate_only,54,balanced,49.16,5023,3600.7,seen,0,,0.1793
65,"{'A': 0.0, 'B': 0.0, 'C': 0.0}",0,99.9,1.989,"{'A': 20, 'B': 29, 'C': 4}",53,649.7,56.2,9.647,"{'A': 0.0, 'B': 0.0, 'C': 0.0}",0.0,56.2,ns_estimate_only,53,balanced,48.18,5024,3600.8,seen,0,,0.182
65,"{'A': 0.0, 'B': 0.0, 'C': 0.0}",0,99.9,1.768,"{'A': 19, 'B': 30, 'C': 5}",54,644.7,56.2,9.633,"{'A': 0.0, 'B': 0.0, 'C': 0.0}",0.0,56.2,ns_estimate_only,53,balanced,49.18,5025,3600.1,seen,0,,0.1784
65,"{'A': 0.0, 'B': 0.0, 'C': 0.0}",0,99.9,1.948,"{'A': 21, 'B': 31, 'C': 5}",57,644.2,56.1,9.669,"{'A': 0.0, 'B': 0.0, 'C': 0.0}",0.0,56.1,ns_estimate_only,55,balanced,52.17,5026,3600.8,seen,0,,0.1696
59,"{'A': 0.0, 'B': 0.0, 'C': 0.0}",2,99.91,1.627,"{'A': 12, 'B': 30, 'C': 5}",47,585.7,70.9,8.603,"{'A': 0.0, 'B': 0.0, 'C': 0.0}",0.0,70.9,ns_estimate_only,45,balanced,42.7,5027,3600.8,seen,0,,0.1831
65,"{'A': 0.0, 'B': 0.0, 'C': 0.0}",0,99.9,1.833,"{'A': 19, 'B': 31, 'C': 5}",55,650.1,55.7,9.736,"{'A': 0.0, 'B': 0.0, 'C': 0.0}",0.0,55.7,ns_estimate_only,55,balanced,50.13,5028,3600.9,seen,0,,0.177
62,"{'A': 0.0, 'B': 0.0, 'C': 0.0}",2,99.91,1.564,"{'A': 13, 'B': 29, 'C': 4}",46,610.7,64.7,9.002,"{'A': 0.0, 'B': 0.0, 'C': 0.0}",0.0,60.3,ns_estimate_only,47,balanced,41.5,5029,3600.8,seen,0,,0.1957
51,"{'A': 0.0, 'B': 0.0, 'C': 0.0}",4,99.93,1.442,"{'A': 13, 'B': 28, 'C': 3}",44,512.4,87.1,7.449,"{'A': 0.0, 'B': 0.0, 'C': 0.0}",0.0,85.9,ns_estimate_only,42,fault_burst,40.28,5000,3601.0,seen,0,,0.1693
48,"{'A': 0.0, 'B': 0.0, 'C': 0.0}",5,99.94,1.066,"{'A': 13, 'B': 11, 'C': 1}",25,406.9,100.0,5.794,"{'A': 0.0, 'B': 0.0, 'C': 0.0}",0.0,85.1,ns_estimate_only,22,fault_burst,22.1,5001,3600.5,seen,0,,0.2317
54,"{'A': 0.0, 'B': 0.0, 'C': 0.0}",6,99.94,1.26,"{'A': 13, 'B': 12, 'C': 3}",28,405.8,93.0,5.867,"{'A': 0.0, 'B': 0.0, 'C': 0.0}",0.0,91.1,ns_estimate_only,27,fault_burst,25.07,5002,3600.6,seen,0,,0.2095
48,"{'A': 0.0, 'B': 0.0, 'C': 0.0}",3,99.94,1.484,"{'A': 12, 'B': 16, 'C': 3}",31,430.8,96.1,6.268,"{'A': 0.0, 'B': 0.0, 'C': 0.0}",0.0,77.4,ns_estimate_only,38,fault_burst,27.87,5003,3600.6,seen,0,,0.2022
50,"{'A': 0.0, 'B': 0.0, 'C': 0.0}",5,99.94,1.139,"{'A': 16, 'B': 12, 'C': 3}",31,445.6,96.5,6.454,"{'A': 0.0, 'B': 0.0, 'C': 0.0}",0.0,83.2,ns_estimate_only,29,fault_burst,27.77,5004,3600.7,seen,0,,0.2082
57,"{'A': 0.0, 'B': 0.0, 'C': 0.0}",2,99.92,1.521,"{'A': 13, 'B': 24, 'C': 2}",39,565.3,75.4,8.203,"{'A': 0.0, 'B': 0.0, 'C': 0.0}",0.0,75.4,ns_estimate_only,38,fault_burst,34.9,5005,3600.5,seen,0,,0.2103
53,"{'A': 0.0, 'B': 0.0, 'C': 0.0}",6,99.93,1.31,"{'A': 8, 'B': 23, 'C': 3}",34,469.6,90.8,6.695,"{'A': 0.0, 'B': 0.0, 'C': 0.0}",0.0,90.8,ns_estimate_only,33,fault_burst,30.65,5006,3600.1,seen,0,,0.1969
48,"{'A': 0.0, 'B': 0.0, 'C': 0.0}",3,99.93,1.31,"{'A': 12, 'B': 19, 'C': 3}",34,474.5,94.2,6.846,"{'A': 0.0, 'B': 0.0, 'C': 0.0}",0.0,84.4,ns_estimate_only,33,fault_burst,30.58,5007,3600.6,seen,0,,0.2013
47,"{'A': 0.0, 'B': 0.0, 'C': 0.0}",4,99.93,1.432,"{'A': 16, 'B': 18, 'C': 2}",36,455.9,97.7,6.591,"{'A': 0.0, 'B': 0.0, 'C': 0.0}",0.0,89.0,ns_estimate_only,35,fault_burst,32.7,5008,3600.1,seen,0,,0.1831
50,"{'A': 0.0, 'B': 0.0, 'C': 0.0}",4,99.93,1.556,"{'A': 16, 'B': 15, 'C': 3}",34,467.7,92.2,6.799,"{'A': 0.0, 'B': 0.0, 'C': 0.0}",0.0,89.5,ns_estimate_only,33,fault_burst,30.6,5009,3600.2,seen,0,,0.2
46,"{'A': 0.0, 'B': 0.0, 'C': 0.0}",4,99.93,1.393,"{'A': 7, 'B': 25, 'C': 3}",35,460.4,98.6,6.554,"{'A': 0.0, 'B': 0.0, 'C': 0.0}",0.0,89.6,ns_estimate_only,33,fault_burst,31.72,5010,3600.4,seen,0,,0.1873
55,"{'A': 0.0, 'B': 0.0, 'C': 0.0}",6,99.92,1.499,"{'A': 11, 'B': 24, 'C': 2}",37,529.6,84.3,7.51,"{'A': 0.0, 'B': 0.0, 'C': 0.0}",0.0,84.3,ns_estimate_only,37,fault_burst,33.24,5011,3600.1,seen,0,,0.203
47,"{'A': 0.0, 'B': 0.0, 'C': 0.0}",4,99.93,1.282,"{'A': 12, 'B': 18, 'C': 3}",33,450.0,97.9,6.56,"{'A': 0.0, 'B': 0.0, 'C': 0.0}",0.0,85.8,ns_estimate_only,31,fault_burst,29.72,5012,3601.0,seen,0,,0.1988
56,"{'A': 0.0, 'B': 0.0, 'C': 0.0}",5,99.92,1.673,"{'A': 12, 'B': 23, 'C': 3}",38,559.0,79.2,8.01,"{'A': 0.0, 'B': 0.0, 'C': 0.0}",0.0,79.2,ns_estimate_only,36,fault_burst,33.99,5013,3600.4,seen,0,,0.2108
51,"{'A': 0.0, 'B': 0.0, 'C': 0.0}",3,99.93,1.71,"{'A': 16, 'B': 21, 'C': 3}",40,499.6,88.8,7.261,"{'A': 0.0, 'B': 0.0, 'C': 0.0}",0.0,88.0,ns_estimate_only,38,fault_burst,36.37,5014,3601.0,seen,0,,0.1815
51,"{'A': 0.0, 'B': 0.0, 'C': 0.0}",4,99.94,1.849,"{'A': 11, 'B': 20, 'C': 2}",33,457.9,91.1,6.493,"{'A': 0.0, 'B': 0.0, 'C': 0.0}",0.0,88.2,ns_estimate_only,32,fault_burst,29.75,5015,3600.1,seen,0,,0.1968
49,"{'A': 0.0, 'B': 0.0, 'C': 0.0}",6,99.93,1.593,"{'A': 15, 'B': 17, 'C': 4}",36,455.3,97.8,6.589,"{'A': 0.0, 'B': 0.0, 'C': 0.0}",0.0,89.6,ns_estimate_only,33,fault_burst,32.71,5016,3600.5,seen,0,,0.183
59,"{'A': 0.0, 'B': 0.0, 'C': 0.0}",3,99.93,1.352,"{'A': 13, 'B': 19, 'C': 3}",35,485.6,77.5,7.129,"{'A': 0.0, 'B': 0.0, 'C': 0.0}",0.0,77.5,ns_estimate_only,36,fault_burst,31.44,5017,3600.3,seen,0,,0.2037
47,"{'A': 0.0, 'B': 0.0, 'C': 0.0}",2,99.93,1.679,"{'A': 13, 'B': 18, 'C': 1}",32,476.6,93.3,6.897,"{'A': 0.0, 'B': 0.0, 'C': 0.0}",0.0,73.1,ns_estimate_only,31,fault_burst,28.55,5018,3600.0,seen,0,,0.2155
47,"{'A': 0.0, 'B': 0.0, 'C': 0.0}",4,99.94,1.44,"{'A': 10, 'B': 16, 'C': 2}",28,416.4,99.6,6.001,"{'A': 0.0, 'B': 0.0, 'C': 0.0}",0.0,85.6,ns_estimate_only,35,fault_burst,25.0,5019,3600.6,seen,0,,0.2143
48,"{'A': 0.0, 'B': 0.0, 'C': 0.0}",5,99.93,1.756,"{'A': 13, 'B': 14, 'C': 2}",29,454.1,97.6,6.571,"{'A': 0.0, 'B': 0.0, 'C': 0.0}",0.0,81.8,ns_estimate_only,26,fault_burst,25.71,5020,3600.5,seen,0,,0.2266
46,"{'A': 0.0, 'B': 0.0, 'C': 0.0}",2,99.93,1.829,"{'A': 14, 'B': 25, 'C': 2}",41,451.1,97.6,6.61,"{'A': 0.0, 'B': 0.0, 'C': 0.0}",0.0,80.8,ns_estimate_only,40,fault_burst,37.69,5021,3600.8,seen,0,,0.1612
47,"{'A': 0.0, 'B': 0.0, 'C': 0.0}",4,99.93,1.603,"{'A': 10, 'B': 20, 'C': 3}",33,453.1,98.2,6.536,"{'A': 0.0, 'B': 0.0, 'C': 0.0}",0.0,85.0,ns_estimate_only,33,fault_burst,29.73,5022,3600.7,seen,0,,0.1981
52,"{'A': 0.0, 'B': 0.0, 'C': 0.0}",5,99.93,1.573,"{'A': 11, 'B': 19, 'C': 3}",33,479.3,89.7,6.878,"{'A': 0.0, 'B': 0.0, 'C': 0.0}",0.0,89.7,ns_estimate_only,32,fault_burst,29.56,5023,3601.0,seen,0,,0.2084
53,"{'A': 0.0, 'B': 0.0, 'C': 0.0}",5,99.93,1.417,"{'A': 11, 'B': 19, 'C': 3}",33,497.3,88.7,7.136,"{'A': 0.0, 'B': 0.0, 'C': 0.0}",0.0,88.7,ns_estimate_only,32,fault_burst,29.43,5024,3600.3,seen,0,,0.2162
50,"{'A': 0.0, 'B': 0.0, 'C': 0.0}",3,99.94,1.589,"{'A': 9, 'B': 22, 'C': 3}",34,430.3,93.6,6.244,"{'A': 0.0, 'B': 0.0, 'C': 0.0}",0.0,87.7,ns_estimate_only,33,fault_burst,30.88,5025,3600.2,seen,0,,0.1836
58,"{'A': 0.0, 'B': 0.0, 'C': 0.0}",3,99.92,1.618,"{'A': 12, 'B': 25, 'C': 3}",40,579.7,72.3,8.394,"{'A': 0.0, 'B': 0.0, 'C': 0.0}",0.0,72.3,ns_estimate_only,40,fault_burst,35.8,5026,3600.5,seen,0,,0.2098
50,"{'A': 0.0, 'B': 0.0, 'C': 0.0}",3,99.93,1.786,"{'A': 15, 'B': 23, 'C': 4}",42,478.1,91.5,7.047,"{'A': 0.0, 'B': 0.0, 'C': 0.0}",0.0,82.7,ns_estimate_only,40,fault_burst,38.48,5027,3600.9,seen,0,,0.1678
56,"{'A': 0.0, 'B': 0.0, 'C': 0.0}",6,99.92,1.543,"{'A': 11, 'B': 22, 'C': 3}",36,560.4,79.6,7.97,"{'A': 0.0, 'B': 0.0, 'C': 0.0}",0.0,78.1,ns_estimate_only,34,fault_burst,32.02,5028,3600.1,seen,0,,0.2214
54,"{'A': 0.0, 'B': 0.0, 'C': 0.0}",2,99.92,1.652,"{'A': 14, 'B': 28, 'C': 2}",44,550.5,79.5,7.98,"{'A': 0.0, 'B': 0.0, 'C': 0.0}",0.0,79.5,ns_estimate_only,43,fault_burst,40.01,5029,3600.5,seen,0,,0.1814
48,"{'A': 596.1, 'B': 772.4, 'C': 1010.6}",1,99.92,1.996,"{'A': 26, 'B': 40, 'C': 5}",71,459.0,39.5,7.507,"{'A': 6.62, 'B': 12.87, 'C': 2.81}",22.3,16.4,ns_estimate_only,87,heavy_load,44.94,5000,3600.0,unseen,0,,0.1057
49,"{'A': 820.6, 'B': 644.0, 'C': 570.1}",1,99.92,1.874,"{'A': 32, 'B': 49, 'C': 6}",87,485.7,36.8,7.822,"{'A': 9.12, 'B': 10.73, 'C': 1.58}",21.43,17.7,ns_estimate_only,88,heavy_load,61.65,5001,3600.3,unseen,0,,0.0899
48,"{'A': 772.5, 'B': 833.3, 'C': 816.7}",1,99.92,1.775,"{'A': 32, 'B': 46, 'C': 6}",84,490.3,36.7,7.868,"{'A': 8.58, 'B': 13.89, 'C': 2.27}",24.74,17.6,ns_estimate_only,85,heavy_load,55.33,5002,3600.1,unseen,0,,0.0937
51,"{'A': 313.0, 'B': 518.0, 'C': 705.8}",2,99.92,1.661,"{'A': 32, 'B': 29, 'C': 6}",67,485.3,36.3,7.699,"{'A': 3.48, 'B': 8.63, 'C': 1.96}",14.07,17.3,ns_estimate_only,80,heavy_load,49.08,5003,3600.4,unseen,0,,0.1149
47,"{'A': 791.4, 'B': 962.3, 'C': 0.0}",1,99.92,1.789,"{'A': 26, 'B': 38, 'C': 5}",69,467.2,39.2,7.609,"{'A': 8.79, 'B': 16.04, 'C': 0.0}",24.83,16.2,ns_estimate_only,82,heavy_load,40.36,5004,3600.9,unseen,0,,0.1103
49,"{'A': 906.0, 'B': 668.9, 'C': 17.4}",1,99.92,2.019,"{'A': 26, 'B': 48, 'C': 6}",80,476.9,37.6,7.694,"{'A': 10.07, 'B': 11.15, 'C': 0.05}",21.26,17.5,ns_estimate_only,86,heavy_load,54.89,5005,3600.9,unseen,0,,0.0962
49,"{'A': 948.7, 'B': 642.2, 'C': 767.3}",1,99.92,2.233,"{'A': 30, 'B': 50, 'C': 6}",86,483.9,37.5,7.764,"{'A': 10.54, 'B': 10.7, 'C': 2.13}",23.38,17.2,ns_estimate_only,86,heavy_load,58.74,5006,3600.8,unseen,0,,0.0903
48,"{'A': 668.7, 'B': 766.1, 'C': 869.3}",1,99.92,1.968,"{'A': 26, 'B': 41, 'C': 6}",73,462.8,39.0,7.576,"{'A': 7.43, 'B': 12.77, 'C': 2.41}",22.61,16.6,ns_estimate_only,89,heavy_load,46.6,5007,3600.6,unseen,0,,0.1038
49,"{'A': 680.1, 'B': 723.3, 'C': 890.8}",1,99.92,1.977,"{'A': 33, 'B': 47, 'C': 5}",85,485.8,36.8,7.823,"{'A': 7.56, 'B': 12.05, 'C': 2.47}",22.09,17.7,ns_estimate_only,86,heavy_load,59.0,5008,3600.6,unseen,0,,0.092
46,"{'A': 836.0, 'B': 804.3, 'C': 853.2}",1,99.92,2.137,"{'A': 26, 'B': 35, 'C': 5}",66,466.4,38.8,7.722,"{'A': 9.29, 'B': 13.4, 'C': 2.37}",25.06,16.1,ns_estimate_only,84,heavy_load,37.07,5009,3600.8,unseen,0,,0.117
49,"{'A': 0.0, 'B': 784.4, 'C': 1053.9}",1,99.92,2.196,"{'A': 27, 'B': 47, 'C': 7}",81,484.9,37.3,7.761,"{'A': 0.0, 'B': 13.07, 'C': 2.93}",16.0,17.5,ns_estimate_only,81,heavy_load,61.12,5010,3600.4,unseen,0,,0.0958
48,"{'A': 713.9, 'B': 836.7, 'C': 672.0}",1,99.92,2.553,"{'A': 25, 'B': 39, 'C': 5}",69,468.7,39.0,7.59,"{'A': 7.93, 'B': 13.94, 'C': 1.87}",23.74,16.5,ns_estimate_only,85,heavy_load,41.46,5011,3600.8,unseen,0,,0.11
49,"{'A': 789.3, 'B': 652.9, 'C': 994.6}",1,99.92,2.076,"{'A': 27, 'B': 50, 'C': 5}",82,484.3,37.8,7.686,"{'A': 8.77, 'B': 10.88, 'C': 2.76}",22.41,17.3,ns_estimate_only,88,heavy_load,55.74,5012,3600.9,unseen,0,,0.0937
48,"{'A': 592.4, 'B': 825.8, 'C': 992.1}",1,99.92,2.087,"{'A': 25, 'B': 42, 'C': 5}",72,457.5,39.5,7.509,"{'A': 6.58, 'B': 13.76, 'C': 2.76}",23.1,16.3,ns_estimate_only,88,heavy_load,45.14,5013,3600.0,unseen,0,,0.1043
49,"{'A': 739.9, 'B': 603.8, 'C': 1025.6}",1,99.92,2.122,"{'A': 27, 'B': 50, 'C': 5}",82,481.0,38.0,7.702,"{'A': 8.22, 'B': 10.06, 'C': 2.85}",21.13,17.1,ns_estimate_only,88,heavy_load,57.02,5014,3600.2,unseen,0,,0.0939
49,"{'A': 854.0, 'B': 614.1, 'C': 543.4}",1,99.92,2.253,"{'A': 26, 'B': 50, 'C': 3}",79,487.5,37.8,7.645,"{'A': 9.49, 'B': 10.24, 'C': 1.51}",21.23,17.4,ns_estimate_only,85,heavy_load,53.94,5015,3600.9,unseen,0,,0.0968
49,"{'A': 655.3, 'B': 719.9, 'C': 1079.6}",1,99.92,2.248,"{'A': 33, 'B': 48, 'C': 5}",86,491.3,36.5,7.885,"{'A': 7.28, 'B': 12.0, 'C': 3.0}",22.28,17.7,ns_estimate_only,88,heavy_load,59.78,5016,3600.6,unseen,0,,0.0917
49,"{'A': 961.7, 'B': 616.6, 'C': 804.3}",1,99.92,2.179,"{'A': 30, 'B': 49, 'C': 6}",85,487.0,37.3,7.77,"{'A': 10.69, 'B': 10.28, 'C': 2.23}",23.2,17.4,ns_estimate_only,85,heavy_load,57.92,5017,3600.8,unseen,0,,0.0914
49,"{'A': 863.5, 'B': 745.1, 'C': 617.1}",1,99.92,2.247,"{'A': 25, 'B': 48, 'C': 6}",79,483.5,37.8,7.698,"{'A': 9.59, 'B': 12.42, 'C': 1.71}",23.73,17.2,ns_estimate_only,85,heavy_load,51.42,5018,3600.7,unseen,0,,0.0974
50,"{'A': 809.9, 'B': 831.8, 'C': 768.5}",1,99.92,2.068,"{'A': 33, 'B': 45, 'C': 6}",84,477.6,37.5,7.692,"{'A': 9.0, 'B': 13.86, 'C': 2.13}",25.0,17.6,ns_estimate_only,85,heavy_load,55.16,5019,3600.6,unseen,0,,0.0916
49,"{'A': 805.2, 'B': 686.2, 'C': 1010.9}",1,99.92,2.097,"{'A': 26, 'B': 50, 'C': 5}",81,483.7,37.8,7.689,"{'A': 8.95, 'B': 11.44, 'C': 2.81}",23.19,17.2,ns_estimate_only,87,heavy_load,53.96,5020,3600.2,unseen,0,,0.0949
49,"{'A': 825.4, 'B': 664.4, 'C': 648.5}",1,99.92,2.103,"{'A': 26, 'B': 49, 'C': 6}",81,473.0,38.3,7.634,"{'A': 9.17, 'B': 11.07, 'C': 1.8}",22.05,17.0,ns_estimate_only,86,heavy_load,55.14,5021,3600.9,unseen,0,,0.0942
49,"{'A': 934.1, 'B': 728.3, 'C': 714.5}",1,99.92,2.139,"{'A': 25, 'B': 47, 'C': 6}",78,480.3,38.2,7.657,"{'A': 10.38, 'B': 12.14, 'C': 1.98}",24.5,17.0,ns_estimate_only,83,heavy_load,49.67,5022,3600.6,unseen,0,,0.0982
48,"{'A': 631.0, 'B': 752.3, 'C': 898.5}",1,99.92,2.311,"{'A': 27, 'B': 48, 'C': 5}",80,480.4,38.2,7.651,"{'A': 7.01, 'B': 12.54, 'C': 2.5}",22.05,17.0,ns_estimate_only,85,heavy_load,54.13,5023,3600.8,unseen,0,,0.0956
47,"{'A': 790.2, 'B': 650.0, 'C': 901.3}",1,99.93,1.973,"{'A': 26, 'B': 38, 'C': 5}",69,455.3,39.8,7.486,"{'A': 8.78, 'B': 10.83, 'C': 2.5}",22.12,16.0,ns_estimate_only,88,heavy_load,43.14,5024,3600.4,unseen,0,,0.1085
48,"{'A': 626.1, 'B': 774.7, 'C': 961.5}",1,99.92,1.858,"{'A': 25, 'B': 42, 'C': 6}",73,462.8,39.0,7.594,"{'A': 6.96, 'B': 12.91, 'C': 2.67}",22.54,16.5,ns_estimate_only,89,heavy_load,46.66,5025,3600.6,unseen,0,,0.104
49,"{'A': 884.5, 'B': 706.7, 'C': 818.5}",1,99.92,1.726,"{'A': 31, 'B': 47, 'C': 6}",84,485.7,36.8,7.822,"{'A': 9.83, 'B': 11.78, 'C': 2.27}",23.88,17.7,ns_estimate_only,85,heavy_load,56.21,5026,3600.3,unseen,0,,0.0931
49,"{'A': 515.7, 'B': 699.4, 'C': 866.8}",1,99.93,1.701,"{'A': 14, 'B': 42, 'C': 6}",62,460.8,39.8,7.412,"{'A': 5.73, 'B': 11.66, 'C': 2.41}",19.79,16.5,ns_estimate_only,78,heavy_load,38.5,5027,3600.6,unseen,0,,0.1196
49,"{'A': 893.1, 'B': 605.0, 'C': 828.6}",1,99.92,1.88,"{'A': 31, 'B': 48, 'C': 6}",85,484.3,37.5,7.765,"{'A': 9.92, 'B': 10.08, 'C': 2.3}",22.31,17.2,ns_estimate_only,85,heavy_load,58.81,5028,3600.8,unseen,0,,0.0913
49,"{'A': 553.3, 'B': 652.8, 'C': 682.7}",1,99.92,1.622,"{'A': 17, 'B': 50, 'C': 6}",73,484.0,37.8,7.672,"{'A': 6.15, 'B': 10.88, 'C': 1.9}",18.92,17.4,ns_estimate_only,79,heavy_load,50.24,5029,3600.0,unseen,0,,0.1051
61,"{'A': 0.0, 'B': 0.0, 'C': 0.0}",1,99.9,1.571,"{'A': 19, 'B': 31, 'C': 4}",54,619.9,62.4,9.533,"{'A': 0.0, 'B': 0.0, 'C': 0.0}",0.0,62.4,ns_estimate_only,53,heavy_parts,49.23,5000,3600.4,unseen,0,,0.1765
66,"{'A': 0.0, 'B': 0.0, 'C': 0.0}",0,99.9,1.509,"{'A': 20, 'B': 29, 'C': 4}",53,643.9,54.9,9.926,"{'A': 0.0, 'B': 0.0, 'C': 0.0}",0.0,54.9,ns_estimate_only,51,heavy_parts,48.04,5001,3601.0,unseen,0,,0.1873
62,"{'A': 0.0, 'B': 0.0, 'C': 0.0}",1,99.91,1.56,"{'A': 18, 'B': 30, 'C': 4}",52,607.2,62.5,9.385,"{'A': 0.0, 'B': 0.0, 'C': 0.0}",0.0,57.3,ns_estimate_only,53,heavy_parts,47.31,5002,3600.9,unseen,0,,0.1805
61,"{'A': 0.0, 'B': 0.0, 'C': 0.0}",1,99.91,1.444,"{'A': 18, 'B': 23, 'C': 5}",46,586.6,66.2,9.035,"{'A': 0.0, 'B': 0.0, 'C': 0.0}",0.0,66.2,ns_estimate_only,45,heavy_parts,41.48,5003,3600.0,unseen,0,,0.1964
66,"{'A': 0.0, 'B': 0.0, 'C': 0.0}",0,99.9,1.449,"{'A': 20, 'B': 29, 'C': 3}",52,643.8,55.0,9.906,"{'A': 0.0, 'B': 0.0, 'C': 0.0}",0.0,55.0,ns_estimate_only,51,heavy_parts,47.05,5004,3600.7,unseen,0,,0.1905
66,"{'A': 0.0, 'B': 0.0, 'C': 0.0}",0,99.9,2.191,"{'A': 19, 'B': 32, 'C': 4}",55,643.4,55.0,9.901,"{'A': 0.0, 'B': 0.0, 'C': 0.0}",0.0,55.0,ns_estimate_only,53,heavy_parts,50.05,5005,3600.7,unseen,0,,0.18
44,"{'A': 457.9, 'B': 435.1, 'C': 149.6}",2,99.93,1.562,"{'A': 13, 'B': 28, 'C': 3}",44,444.2,98.3,6.762,"{'A': 2.54, 'B': 3.63, 'C': 0.21}",6.38,75.6,ns_estimate_only,48,heavy_parts,34.24,5006,3600.9,unseen,0,,0.1537
65,"{'A': 0.0, 'B': 0.0, 'C': 0.0}",0,99.9,1.388,"{'A': 21, 'B': 29, 'C': 4}",54,651.6,54.4,10.024,"{'A': 0.0, 'B': 0.0, 'C': 0.0}",0.0,54.4,ns_estimate_only,52,heavy_parts,48.99,5007,3600.8,unseen,0,,0.1856
65,"{'A': 0.0, 'B': 0.0, 'C': 0.0}",0,99.9,1.412,"{'A': 19, 'B': 32, 'C': 4}",55,649.4,54.6,9.977,"{'A': 0.0, 'B': 0.0, 'C': 0.0}",0.0,54.6,ns_estimate_only,54,heavy_parts,50.01,5008,3600.2,unseen,0,,0.1814
65,"{'A': 0.0, 'B': 0.0, 'C': 0.0}",0,99.9,1.757,"{'A': 21, 'B': 29, 'C': 4}",54,651.6,54.4,10.023,"{'A': 0.0, 'B': 0.0, 'C': 0.0}",0.0,54.4,ns_estimate_only,53,heavy_parts,48.99,5009,3600.8,unseen,0,,0.1856
59,"{'A': 0.0, 'B': 0.0, 'C': 0.0}",1,99.91,1.518,"{'A': 14, 'B': 28, 'C': 4}",46,586.2,67.7,8.992,"{'A': 0.0, 'B': 0.0, 'C': 0.0}",0.0,59.1,ns_estimate_only,47,heavy_parts,41.5,5010,3600.1,unseen,0,,0.1955
64,"{'A': 0.0, 'B': 0.0, 'C': 0.0}",0,99.9,2.187,"{'A': 20, 'B': 32, 'C': 4}",56,667.2,53.6,10.198,"{'A': 0.0, 'B': 0.0, 'C': 0.0}",0.0,53.6,ns_estimate_only,55,heavy_parts,50.9,5011,3600.7,unseen,0,,0.1821
52,"{'A': 28.6, 'B': 113.5, 'C': 0.1}",2,99.92,1.569,"{'A': 18, 'B': 29, 'C': 4}",51,505.6,84.7,7.767,"{'A': 0.16, 'B': 0.95, 'C': 0.0}",1.1,84.7,ns_estimate_only,52,heavy_parts,46.01,5012,3600.5,unseen,0,,0.1523
66,"{'A': 0.0, 'B': 0.0, 'C': 0.0}",0,99.9,1.765,"{'A': 20, 'B': 32, 'C': 5}",57,641.4,54.5,10.0,"{'A': 0.0, 'B': 0.0, 'C': 0.0}",0.0,54.5,ns_estimate_only,55,heavy_parts,52.0,5013,3600.5,unseen,0,,0.1754
66,"{'A': 0.0, 'B': 0.0, 'C': 0.0}",0,99.9,1.677,"{'A': 20, 'B': 30, 'C': 4}",54,643.4,55.0,9.893,"{'A': 0.0, 'B': 0.0, 'C': 0.0}",0.0,55.0,ns_estimate_only,52,heavy_parts,49.05,5014,3600.7,unseen,0,,0.1832
65,"{'A': 0.0, 'B': 0.0, 'C': 0.0}",0,99.9,1.851,"{'A': 19, 'B': 29, 'C': 3}",51,655.5,54.6,9.997,"{'A': 0.0, 'B': 0.0, 'C': 0.0}",0.0,54.6,ns_estimate_only,51,heavy_parts,46.0,5015,3600.7,unseen,0,,0.196
62,"{'A': 0.0, 'B': 0.0, 'C': 0.0}",1,99.9,1.818,"{'A': 21, 'B': 29, 'C': 5}",55,624.9,60.7,9.67,"{'A': 0.0, 'B': 0.0, 'C': 0.0}",0.0,60.7,ns_estimate_only,54,heavy_parts,50.16,5016,3600.4,unseen,0,,0.1758
65,"{'A': 0.0, 'B': 0.0, 'C': 0.0}",0,99.9,1.978,"{'A': 19, 'B': 30, 'C': 5}",54,644.2,54.6,9.99,"{'A': 0.0, 'B': 0.0, 'C': 0.0}",0.0,54.6,ns_estimate_only,53,heavy_parts,49.01,5017,3600.8,unseen,0,,0.185
64,"{'A': 0.0, 'B': 0.0, 'C': 0.0}",0,99.9,1.898,"{'A': 20, 'B': 30, 'C': 4}",54,655.5,54.3,10.047,"{'A': 0.0, 'B': 0.0, 'C': 0.0}",0.0,54.3,ns_estimate_only,54,heavy_parts,48.98,5018,3600.7,unseen,0,,0.186
60,"{'A': 0.0, 'B': 0.0, 'C': 0.0}",1,99.91,1.616,"{'A': 20, 'B': 30, 'C': 4}",54,621.7,63.5,9.44,"{'A': 0.0, 'B': 0.0, 'C': 0.0}",0.0,63.5,ns_estimate_only,52,heavy_parts,49.28,5019,3600.0,unseen,0,,0.1748
64,"{'A': 0.0, 'B': 0.0, 'C': 0.0}",0,99.9,1.943,"{'A': 20, 'B': 31, 'C': 3}",54,667.1,54.0,10.118,"{'A': 0.0, 'B': 0.0, 'C': 0.0}",0.0,54.0,ns_estimate_only,53,heavy_parts,48.94,5020,3600.5,unseen,0,,0.1874
66,"{'A': 0.0, 'B': 0.0, 'C': 0.0}",0,99.9,1.764,"{'A': 20, 'B': 30, 'C': 5}",55,643.5,54.7,9.965,"{'A': 0.0, 'B': 0.0, 'C': 0.0}",0.0,54.7,ns_estimate_only,54,heavy_parts,50.02,5021,3600.0,unseen,0,,0.1812
63,"{'A': 0.0, 'B': 0.0, 'C': 0.0}",1,99.91,1.752,"{'A': 20, 'B': 29, 'C': 5}",54,615.0,61.5,9.496,"{'A': 0.0, 'B': 0.0, 'C': 0.0}",0.0,61.5,ns_estimate_only,54,heavy_parts,49.25,5022,3600.8,unseen,0,,0.1759
65,"{'A': 0.0, 'B': 0.0, 'C': 0.0}",0,99.9,1.59,"{'A': 19, 'B': 31, 'C': 4}",54,651.2,54.5,10.012,"{'A': 0.0, 'B': 0.0, 'C': 0.0}",0.0,54.5,ns_estimate_only,54,heavy_parts,48.99,5023,3600.7,unseen,0,,0.1854
65,"{'A': 0.0, 'B': 0.0, 'C': 0.0}",0,99.9,1.415,"{'A': 20, 'B': 29, 'C': 4}",53,649.7,54.7,9.961,"{'A': 0.0, 'B': 0.0, 'C': 0.0}",0.0,54.7,ns_estimate_only,53,heavy_parts,48.02,5024,3600.8,unseen,0,,0.1879
65,"{'A': 0.0, 'B': 0.0, 'C': 0.0}",0,99.9,1.582,"{'A': 19, 'B': 30, 'C': 5}",54,644.7,54.7,9.957,"{'A': 0.0, 'B': 0.0, 'C': 0.0}",0.0,54.7,ns_estimate_only,53,heavy_parts,49.02,5025,3600.1,unseen,0,,0.1844
65,"{'A': 0.0, 'B': 0.0, 'C': 0.0}",0,99.9,1.413,"{'A': 21, 'B': 31, 'C': 5}",57,644.2,54.4,10.022,"{'A': 0.0, 'B': 0.0, 'C': 0.0}",0.0,54.4,ns_estimate_only,55,heavy_parts,51.99,5026,3600.8,unseen,0,,0.1758
59,"{'A': 0.0, 'B': 0.0, 'C': 0.0}",2,99.91,1.366,"{'A': 13, 'B': 31, 'C': 4}",48,578.7,70.1,8.837,"{'A': 0.0, 'B': 0.0, 'C': 0.0}",0.0,70.1,ns_estimate_only,48,heavy_parts,43.58,5027,3600.9,unseen,0,,0.1841
65,"{'A': 0.0, 'B': 0.0, 'C': 0.0}",0,99.9,1.427,"{'A': 19, 'B': 31, 'C': 5}",55,650.1,54.0,10.109,"{'A': 0.0, 'B': 0.0, 'C': 0.0}",0.0,54.0,ns_estimate_only,55,heavy_parts,49.95,5028,3600.9,unseen,0,,0.1838
64,"{'A': 0.0, 'B': 0.0, 'C': 0.0}",1,99.9,1.331,"{'A': 14, 'B': 30, 'C': 4}",48,636.7,57.9,9.724,"{'A': 0.0, 'B': 0.0, 'C': 0.0}",0.0,57.9,ns_estimate_only,48,heavy_parts,43.14,5029,3600.6,unseen,0,,0.2026
65,"{'A': 0.0, 'B': 0.0, 'C': 0.0}",0,99.9,1.773,"{'A': 42, 'B': 58, 'C': 8}",108,655.4,53.9,10.135,"{'A': 0.0, 'B': 0.0, 'C': 0.0}",0.0,53.9,ns_estimate_only,109,high_demand,102.93,5000,3600.5,seen,0,,0.0938
65,"{'A': 0.0, 'B': 0.0, 'C': 0.0}",0,99.9,1.678,"{'A': 40, 'B': 57, 'C': 8}",105,655.4,53.9,10.144,"{'A': 0.0, 'B': 0.0, 'C': 0.0}",0.0,53.9,ns_estimate_only,107,high_demand,99.93,5001,3600.5,seen,0,,0.0966
65,"{'A': 0.0, 'B': 0.0, 'C': 0.0}",0,99.9,2.673,"{'A': 38, 'B': 59, 'C': 8}",105,648.2,54.3,10.056,"{'A': 0.0, 'B': 0.0, 'C': 0.0}",0.0,54.3,ns_estimate_only,107,high_demand,99.97,5002,3600.1,seen,0,,0.0958
57,"{'A': 0.0, 'B': 0.0, 'C': 0.0}",1,99.91,1.817,"{'A': 40, 'B': 46, 'C': 8}",94,554.5,72.5,8.711,"{'A': 0.0, 'B': 0.0, 'C': 0.0}",0.0,72.5,ns_estimate_only,94,high_demand,89.64,5003,3600.8,seen,0,,0.0927
65,"{'A': 0.0, 'B': 0.0, 'C': 0.0}",0,99.9,1.838,"{'A': 38, 'B': 59, 'C': 8}",105,655.4,53.9,10.141,"{'A': 0.0, 'B': 0.0, 'C': 0.0}",0.0,53.9,ns_estimate_only,106,high_demand,99.93,5004,3600.5,seen,0,,0.0966
66,"{'A': 0.0, 'B': 0.0, 'C': 0.0}",0,99.9,1.964,"{'A': 41, 'B': 60, 'C': 8}",109,643.8,54.6,9.986,"{'A': 0.0, 'B': 0.0, 'C': 0.0}",0.0,54.6,ns_estimate_only,111,high_demand,104.01,5005,3600.7,seen,0,,0.0916
65,"{'A': 0.0, 'B': 0.0, 'C': 0.0}",0,99.9,2.394,"{'A': 39, 'B': 57, 'C': 9}",105,645.9,54.4,10.039,"{'A': 0.0, 'B': 0.0, 'C': 0.0}",0.0,54.4,ns_estimate_only,107,high_demand,99.98,5006,3600.3,seen,0,,0.0956
66,"{'A': 0.0, 'B': 0.0, 'C': 0.0}",0,99.9,3.065,"{'A': 39, 'B': 61, 'C': 8}",108,643.7,54.8,9.943,"{'A': 0.0, 'B': 0.0, 'C': 0.0}",0.0,54.8,ns_estimate_only,110,high_demand,103.03,5007,3600.6,seen,0,,0.0921
65,"{'A': 0.0, 'B': 0.0, 'C': 0.0}",0,99.9,1.962,"{'A': 41, 'B': 59, 'C': 8}",108,654.6,54.0,10.12,"{'A': 0.0, 'B': 0.0, 'C': 0.0}",0.0,54.0,ns_estimate_only,109,high_demand,102.94,5008,3600.5,seen,0,,0.0937
66,"{'A': 0.0, 'B': 0.0, 'C': 0.0}",0,99.9,2.507,"{'A': 40, 'B': 59, 'C': 9}",108,643.7,54.7,9.97,"{'A': 0.0, 'B': 0.0, 'C': 0.0}",0.0,54.7,ns_estimate_only,109,high_demand,103.02,5009,3600.5,seen,0,,0.0923
60,"{'A': 0.0, 'B': 0.0, 'C': 0.0}",1,99.91,2.731,"{'A': 28, 'B': 55, 'C': 9}",92,588.2,66.2,9.141,"{'A': 0.0, 'B': 0.0, 'C': 0.0}",0.0,58.5,ns_estimate_only,96,high_demand,87.43,5010,3600.2,seen,0,,0.0994
64,"{'A': 0.0, 'B': 0.0, 'C': 0.0}",0,99.9,2.125,"{'A': 38, 'B': 59, 'C': 9}",106,655.7,53.4,10.259,"{'A': 0.0, 'B': 0.0, 'C': 0.0}",0.0,53.4,ns_estimate_only,109,high_demand,100.87,5011,3600.3,seen,0,,0.0968
65,"{'A': 0.0, 'B': 0.0, 'C': 0.0}",0,99.9,2.558,"{'A': 41, 'B': 56, 'C': 9}",106,645.9,54.3,10.046,"{'A': 0.0, 'B': 0.0, 'C': 0.0}",0.0,54.3,ns_estimate_only,107,high_demand,100.98,5012,3600.3,seen,0,,0.0948
65,"{'A': 0.0, 'B': 0.0, 'C': 0.0}",0,99.9,2.136,"{'A': 40, 'B': 60, 'C': 9}",109,653.1,53.5,10.229,"{'A': 0.0, 'B': 0.0, 'C': 0.0}",0.0,53.5,ns_estimate_only,110,high_demand,103.89,5013,3600.5,seen,0,,0.0938
66,"{'A': 0.0, 'B': 0.0, 'C': 0.0}",0,99.9,2.375,"{'A': 40, 'B': 57, 'C': 9}",106,643.7,54.3,10.048,"{'A': 0.0, 'B': 0.0, 'C': 0.0}",0.0,54.3,ns_estimate_only,107,high_demand,100.98,5014,3600.6,seen,0,,0.0948
65,"{'A': 0.0, 'B': 0.0, 'C': 0.0}",0,99.9,3.106,"{'A': 38, 'B': 62, 'C': 5}",105,653.3,54.5,10.016,"{'A': 0.0, 'B': 0.0, 'C': 0.0}",0.0,54.5,ns_estimate_only,106,high_demand,99.99,5015,3600.0,seen,0,,0.0954
65,"{'A': 0.0, 'B': 0.0, 'C': 0.0}",0,99.9,2.221,"{'A': 39, 'B': 61, 'C': 9}",109,653.7,53.6,10.205,"{'A': 0.0, 'B': 0.0, 'C': 0.0}",0.0,53.6,ns_estimate_only,110,high_demand,103.9,5016,3600.1,seen,0,,0.0936
66,"{'A': 0.0, 'B': 0.0, 'C': 0.0}",0,99.9,1.966,"{'A': 40, 'B': 58, 'C': 10}",108,643.8,54.5,10.018,"{'A': 0.0, 'B': 0.0, 'C': 0.0}",0.0,54.5,ns_estimate_only,108,high_demand,102.99,5017,3600.7,seen,0,,0.0928
65,"{'A': 0.0, 'B': 0.0, 'C': 0.0}",0,99.9,2.0,"{'A': 40, 'B': 60, 'C': 9}",109,655.3,53.7,10.18,"{'A': 0.0, 'B': 0.0, 'C': 0.0}",0.0,53.7,ns_estimate_only,109,high_demand,103.91,5018,3600.4,seen,0,,0.0934
66,"{'A': 0.0, 'B': 0.0, 'C': 0.0}",0,99.9,2.03,"{'A': 40, 'B': 58, 'C': 8}",106,643.8,54.7,9.971,"{'A': 0.0, 'B': 0.0, 'C': 0.0}",0.0,54.7,ns_estimate_only,108,high_demand,101.01,5019,3600.8,seen,0,,0.0941
66,"{'A': 0.0, 'B': 0.0, 'C': 0.0}",0,99.9,1.967,"{'A': 39, 'B': 59, 'C': 9}",107,641.4,54.7,9.969,"{'A': 0.0, 'B': 0.0, 'C': 0.0}",0.0,54.7,ns_estimate_only,109,high_demand,102.02,5020,3600.5,seen,0,,0.0932
65,"{'A': 0.0, 'B': 0.0, 'C': 0.0}",0,99.9,1.918,"{'A': 42, 'B': 58, 'C': 9}",109,647.2,54.1,10.105,"{'A': 0.0, 'B': 0.0, 'C': 0.0}",0.0,54.1,ns_estimate_only,109,high_demand,103.95,5021,3600.4,seen,0,,0.0927
65,"{'A': 0.0, 'B': 0.0, 'C': 0.0}",0,99.9,1.871,"{'A': 40, 'B': 56, 'C': 8}",104,645.6,54.5,10.017,"{'A': 0.0, 'B': 0.0, 'C': 0.0}",0.0,54.5,ns_estimate_only,106,high_demand,98.99,5022,3600.4,seen,0,,0.0963
66,"{'A': 0.0, 'B': 0.0, 'C': 0.0}",0,99.9,1.934,"{'A': 37, 'B': 60, 'C': 10}",107,643.6,54.6,9.983,"{'A': 0.0, 'B': 0.0, 'C': 0.0}",0.0,54.6,ns_estimate_only,108,high_demand,102.01,5023,3600.3,seen,0,,0.0933
65,"{'A': 0.0, 'B': 0.0, 'C': 0.0}",0,99.9,1.91,"{'A': 41, 'B': 60, 'C': 8}",109,655.4,53.7,10.181,"{'A': 0.0, 'B': 0.0, 'C': 0.0}",0.0,53.7,ns_estimate_only,109,high_demand,103.91,5024,3600.6,seen,0,,0.0934
65,"{'A': 0.0, 'B': 0.0, 'C': 0.0}",0,99.9,1.984,"{'A': 38, 'B': 58, 'C': 10}",106,645.9,54.2,10.074,"{'A': 0.0, 'B': 0.0, 'C': 0.0}",0.0,54.2,ns_estimate_only,108,high_demand,100.96,5025,3600.3,seen,0,,0.095
64,"{'A': 0.0, 'B': 0.0, 'C': 0.0}",0,99.9,1.878,"{'A': 39, 'B': 59, 'C': 9}",107,659.6,53.5,10.223,"{'A': 0.0, 'B': 0.0, 'C': 0.0}",0.0,53.5,ns_estimate_only,109,high_demand,101.89,5026,3600.2,seen,0,,0.0955
66,"{'A': 0.0, 'B': 0.0, 'C': 0.0}",0,99.9,1.816,"{'A': 26, 'B': 59, 'C': 9}",94,641.9,54.9,9.928,"{'A': 0.0, 'B': 0.0, 'C': 0.0}",0.0,54.9,ns_estimate_only,97,high_demand,89.04,5027,3600.9,seen,0,,0.1056
65,"{'A': 0.0, 'B': 0.0, 'C': 0.0}",0,99.9,2.013,"{'A': 39, 'B': 60, 'C': 9}",108,647.7,54.1,10.1,"{'A': 0.0, 'B': 0.0, 'C': 0.0}",0.0,54.1,ns_estimate_only,109,high_demand,102.95,5028,3600.7,seen,0,,0.0935
46,"{'A': 458.8, 'B': 622.4, 'C': 426.8}",1,99.93,1.596,"{'A': 15, 'B': 42, 'C': 6}",63,440.0,96.2,6.752,"{'A': 5.1, 'B': 10.37, 'C': 1.19}",16.66,69.3,ns_estimate_only,81,high_demand,42.97,5029,3600.2,seen,0,,0.1072
61,"{'A': 0.0, 'B': 0.0, 'C': 0.0}",1,99.91,1.745,"{'A': 19, 'B': 31, 'C': 4}",54,621.0,62.9,9.418,"{'A': 0.0, 'B': 0.0, 'C': 0.0}",0.0,62.9,ns_estimate_only,53,hot_factory,49.29,5000,3600.4,unseen,0,,0.1744
66,"{'A': 0.0, 'B': 0.0, 'C': 0.0}",0,99.9,1.624,"{'A': 20, 'B': 29, 'C': 4}",53,643.9,55.1,9.87,"{'A': 0.0, 'B': 0.0, 'C': 0.0}",0.0,55.1,ns_estimate_only,51,hot_factory,48.06,5001,3601.0,unseen,0,,0.1862
62,"{'A': 0.0, 'B': 0.0, 'C': 0.0}",1,99.91,1.97,"{'A': 18, 'B': 30, 'C': 4}",52,607.2,62.8,9.315,"{'A': 0.0, 'B': 0.0, 'C': 0.0}",0.0,57.7,ns_estimate_only,53,hot_factory,47.34,5002,3600.9,unseen,0,,0.1791
61,"{'A': 0.0, 'B': 0.0, 'C': 0.0}",1,99.91,1.763,"{'A': 20, 'B': 22, 'C': 5}",47,593.6,66.1,9.05,"{'A': 0.0, 'B': 0.0, 'C': 0.0}",0.0,66.1,ns_estimate_only,45,hot_factory,42.48,5003,3600.0,unseen,0,,0.1926
66,"{'A': 0.0, 'B': 0.0, 'C': 0.0}",0,99.9,1.818,"{'A': 20, 'B': 29, 'C': 3}",52,643.8,55.2,9.857,"{'A': 0.0, 'B': 0.0, 'C': 0.0}",0.0,55.2,ns_estimate_only,51,hot_factory,47.07,5004,3600.7,unseen,0,,0.1896
66,"{'A': 0.0, 'B': 0.0, 'C': 0.0}",0,99.9,1.731,"{'A': 19, 'B': 32, 'C': 4}",55,643.4,55.2,9.851,"{'A': 0.0, 'B': 0.0, 'C': 0.0}",0.0,55.2,ns_estimate_only,53,hot_factory,50.07,5005,3600.7,unseen,0,,0.1791
44,"{'A': 0.0, 'B': 0.0, 'C': 0.0}",2,99.93,1.867,"{'A': 13, 'B': 22, 'C': 3}",38,452.2,97.8,6.791,"{'A': 0.0, 'B': 0.0, 'C': 0.0}",0.0,75.9,ns_estimate_only,53,hot_factory,34.6,5006,3600.4,unseen,0,,0.1787
65,"{'A': 0.0, 'B': 0.0, 'C': 0.0}",0,99.9,1.67,"{'A': 21, 'B': 29, 'C': 4}",54,651.6,54.8,9.945,"{'A': 0.0, 'B': 0.0, 'C': 0.0}",0.0,54.8,ns_estimate_only,52,hot_factory,49.03,5007,3600.8,unseen,0,,0.1842
65,"{'A': 0.0, 'B': 0.0, 'C': 0.0}",0,99.9,1.473,"{'A': 19, 'B': 32, 'C': 4}",55,649.4,55.0,9.909,"{'A': 0.0, 'B': 0.0, 'C': 0.0}",0.0,55.0,ns_estimate_only,54,hot_factory,50.05,5008,3600.2,unseen,0,,0.1802
65,"{'A': 0.0, 'B': 0.0, 'C': 0.0}",0,99.9,1.59,"{'A': 21, 'B': 29, 'C': 4}",54,651.6,54.8,9.944,"{'A': 0.0, 'B': 0.0, 'C': 0.0}",0.0,54.8,ns_estimate_only,53,hot_factory,49.03,5009,3600.8,unseen,0,,0.1842
59,"{'A': 0.0, 'B': 0.0, 'C': 0.0}",1,99.91,1.403,"{'A': 14, 'B': 28, 'C': 4}",46,586.2,68.0,8.934,"{'A': 0.0, 'B': 0.0, 'C': 0.0}",0.0,59.4,ns_estimate_only,47,hot_factory,41.53,5010,3600.1,unseen,0,,0.1942
64,"{'A': 0.0, 'B': 0.0, 'C': 0.0}",0,99.9,1.593,"{'A': 20, 'B': 32, 'C': 4}",56,667.2,54.2,10.084,"{'A': 0.0, 'B': 0.0, 'C': 0.0}",0.0,54.2,ns_estimate_only,55,hot_factory,50.96,5011,3600.7,unseen,0,,0.1801
53,"{'A': 0.0, 'B': 0.0, 'C': 0.0}",2,99.92,1.506,"{'A': 19, 'B': 29, 'C': 5}",53,497.0,85.1,7.638,"{'A': 0.0, 'B': 0.0, 'C': 0.0}",0.0,84.8,ns_estimate_only,53,hot_factory,49.18,5012,3600.3,unseen,0,,0.1441
66,"{'A': 0.0, 'B': 0.0, 'C': 0.0}",0,99.9,1.461,"{'A': 20, 'B': 32, 'C': 5}",57,641.4,55.0,9.908,"{'A': 0.0, 'B': 0.0, 'C': 0.0}",0.0,55.0,ns_estimate_only,55,hot_factory,52.05,5013,3600.5,unseen,0,,0.1738
66,"{'A': 0.0, 'B': 0.0, 'C': 0.0}",0,99.9,1.524,"{'A': 20, 'B': 30, 'C': 4}",54,643.4,55.2,9.847,"{'A': 0.0, 'B': 0.0, 'C': 0.0}",0.0,55.2,ns_estimate_only,52,hot_factory,49.08,5014,3600.7,unseen,0,,0.1823
65,"{'A': 0.0, 'B': 0.0, 'C': 0.0}",0,99.9,1.465,"{'A': 19, 'B': 29, 'C': 3}",51,655.5,54.8,9.941,"{'A': 0.0, 'B': 0.0, 'C': 0.0}",0.0,54.8,ns_estimate_only,51,hot_factory,46.03,5015,3600.7,unseen,0,,0.1949
51,"{'A': 0.0, 'B': 0.0, 'C': 0.0}",2,99.92,1.408,"{'A': 20, 'B': 30, 'C': 5}",55,499.4,86.4,7.622,"{'A': 0.0, 'B': 0.0, 'C': 0.0}",0.0,83.5,ns_estimate_only,54,hot_factory,51.19,5016,3600.6,unseen,0,,0.1386
65,"{'A': 0.0, 'B': 0.0, 'C': 0.0}",0,99.9,1.535,"{'A': 19, 'B': 30, 'C': 5}",54,644.2,55.0,9.908,"{'A': 0.0, 'B': 0.0, 'C': 0.0}",0.0,55.0,ns_estimate_only,53,hot_factory,49.05,5017,3600.8,unseen,0,,0.1835
64,"{'A': 0.0, 'B': 0.0, 'C': 0.0}",0,99.9,1.549,"{'A': 20, 'B': 30, 'C': 4}",54,655.5,54.7,9.963,"{'A': 0.0, 'B': 0.0, 'C': 0.0}",0.0,54.7,ns_estimate_only,54,hot_factory,49.02,5018,3600.7,unseen,0,,0.1845
60,"{'A': 0.0, 'B': 0.0, 'C': 0.0}",1,99.91,1.445,"{'A': 20, 'B': 30, 'C': 4}",54,622.9,63.5,9.37,"{'A': 0.0, 'B': 0.0, 'C': 0.0}",0.0,63.5,ns_estimate_only,53,hot_factory,49.32,5019,3600.3,unseen,0,,0.1735
64,"{'A': 0.0, 'B': 0.0, 'C': 0.0}",0,99.9,1.728,"{'A': 20, 'B': 31, 'C': 3}",54,667.1,54.4,10.033,"{'A': 0.0, 'B': 0.0, 'C': 0.0}",0.0,54.4,ns_estimate_only,53,hot_factory,48.98,5020,3600.5,unseen,0,,0.1858
66,"{'A': 0.0, 'B': 0.0, 'C': 0.0}",0,99.9,1.506,"{'A': 20, 'B': 30, 'C': 5}",55,643.5,55.0,9.891,"{'A': 0.0, 'B': 0.0, 'C': 0.0}",0.0,55.0,ns_estimate_only,54,hot_factory,50.05,5021,3600.0,unseen,0,,0.1798
49,"{'A': 0.0, 'B': 0.0, 'C': 0.0}",2,99.93,1.328,"{'A': 19, 'B': 30, 'C': 4}",53,472.8,90.9,7.227,"{'A': 0.0, 'B': 0.0, 'C': 0.0}",0.0,80.9,ns_estimate_only,52,hot_factory,49.39,5022,3600.3,unseen,0,,0.1363
65,"{'A': 0.0, 'B': 0.0, 'C': 0.0}",0,99.9,1.499,"{'A': 19, 'B': 31, 'C': 4}",54,651.2,54.8,9.939,"{'A': 0.0, 'B': 0.0, 'C': 0.0}",0.0,54.8,ns_estimate_only,54,hot_factory,49.03,5023,3600.7,unseen,0,,0.184
65,"{'A': 0.0, 'B': 0.0, 'C': 0.0}",0,99.9,1.517,"{'A': 20, 'B': 29, 'C': 4}",53,649.7,55.0,9.901,"{'A': 0.0, 'B': 0.0, 'C': 0.0}",0.0,55.0,ns_estimate_only,53,hot_factory,48.05,5024,3600.8,unseen,0,,0.1868
65,"{'A': 0.0, 'B': 0.0, 'C': 0.0}",0,99.9,1.76,"{'A': 19, 'B': 30, 'C': 5}",54,644.7,55.1,9.886,"{'A': 0.0, 'B': 0.0, 'C': 0.0}",0.0,55.1,ns_estimate_only,53,hot_factory,49.06,5025,3600.1,unseen,0,,0.1831
65,"{'A': 0.0, 'B': 0.0, 'C': 0.0}",0,99.9,1.48,"{'A': 21, 'B': 31, 'C': 5}",57,644.2,54.9,9.925,"{'A': 0.0, 'B': 0.0, 'C': 0.0}",0.0,54.9,ns_estimate_only,55,hot_factory,52.04,5026,3600.8,unseen,0,,0.1741
54,"{'A': 0.0, 'B': 0.0, 'C': 0.0}",4,99.92,1.312,"{'A': 13, 'B': 31, 'C': 4}",48,525.2,82.9,7.884,"{'A': 0.0, 'B': 0.0, 'C': 0.0}",0.0,82.9,ns_estimate_only,46,hot_factory,44.06,5027,3600.6,unseen,0,,0.1642
65,"{'A': 0.0, 'B': 0.0, 'C': 0.0}",0,99.9,1.592,"{'A': 19, 'B': 31, 'C': 5}",55,650.1,54.6,9.997,"{'A': 0.0, 'B': 0.0, 'C': 0.0}",0.0,54.6,ns_estimate_only,55,hot_factory,50.0,5028,3600.9,unseen,0,,0.1818
64,"{'A': 0.0, 'B': 0.0, 'C': 0.0}",1,99.9,1.646,"{'A': 14, 'B': 30, 'C': 4}",48,636.7,58.0,9.679,"{'A': 0.0, 'B': 0.0, 'C': 0.0}",0.0,58.0,ns_estimate_only,48,hot_factory,43.16,5029,3600.6,unseen,0,,0.2016
47,"{'A': 355.1, 'B': 262.0, 'C': 0.0}",1,99.93,1.947,"{'A': 20, 'B': 32, 'C': 5}",57,467.8,21.2,7.173,"{'A': 1.97, 'B': 2.18, 'C': 0.0}",4.16,16.2,ns_estimate_only,51,low_battery_start,49.26,5000,3600.5,seen,0,,0.1258
42,"{'A': 0.0, 'B': 0.0, 'C': 209.5}",2,99.94,2.038,"{'A': 23, 'B': 33, 'C': 6}",62,421.1,33.6,6.337,"{'A': 0.0, 'B': 0.0, 'C': 0.29}",0.29,17.7,ns_estimate_only,53,low_battery_start,58.54,5001,3600.8,seen,0,,0.1022
48,"{'A': 2.6, 'B': 0.0, 'C': 0.0}",1,99.93,2.072,"{'A': 21, 'B': 35, 'C': 6}",62,462.1,21.2,7.129,"{'A': 0.01, 'B': 0.0, 'C': 0.0}",0.01,16.5,ns_estimate_only,54,low_battery_start,58.42,5002,3600.0,seen,0,,0.115
51,"{'A': 0.0, 'B': 0.0, 'C': 0.0}",1,99.93,1.971,"{'A': 23, 'B': 25, 'C': 6}",54,481.7,18.3,7.287,"{'A': 0.0, 'B': 0.0, 'C': 0.0}",0.0,18.3,ns_estimate_only,45,low_battery_start,50.36,5003,3600.2,seen,0,,0.1349
49,"{'A': 0.0, 'B': 0.0, 'C': 0.0}",1,99.93,2.15,"{'A': 23, 'B': 34, 'C': 5}",62,483.2,19.8,7.257,"{'A': 0.0, 'B': 0.0, 'C': 0.0}",0.0,17.2,ns_estimate_only,54,low_battery_start,58.37,5004,3601.0,seen,0,,0.117
48,"{'A': 19.7, 'B': 0.0, 'C': 0.0}",1,99.93,2.132,"{'A': 23, 'B': 34, 'C': 4}",61,495.4,18.9,7.408,"{'A': 0.11, 'B': 0.0, 'C': 0.0}",0.11,17.5,ns_estimate_only,52,low_battery_start,57.19,5005,3600.3,seen,0,,0.1214
49,"{'A': 0.0, 'B': 189.4, 'C': 0.0}",1,99.93,2.07,"{'A': 22, 'B': 33, 'C': 5}",60,480.3,20.3,7.199,"{'A': 0.0, 'B': 1.58, 'C': 0.0}",1.58,17.0,ns_estimate_only,52,low_battery_start,54.82,5006,3600.7,seen,0,,0.12
48,"{'A': 170.9, 'B': 142.6, 'C': 0.0}",1,99.93,1.631,"{'A': 21, 'B': 33, 'C': 5}",59,453.7,21.8,7.029,"{'A': 0.95, 'B': 1.19, 'C': 0.0}",2.14,16.2,ns_estimate_only,52,low_battery_start,53.35,5007,3600.4,seen,0,,0.1191
48,"{'A': 219.2, 'B': 269.4, 'C': 0.0}",2,99.93,1.712,"{'A': 22, 'B': 31, 'C': 5}",58,448.4,22.5,6.992,"{'A': 1.22, 'B': 2.24, 'C': 0.0}",3.46,16.3,ns_estimate_only,48,low_battery_start,51.04,5008,3600.7,seen,0,,0.1205
49,"{'A': 0.0, 'B': 0.0, 'C': 0.0}",1,99.93,1.635,"{'A': 22, 'B': 34, 'C': 5}",61,487.6,19.1,7.358,"{'A': 0.0, 'B': 0.0, 'C': 0.0}",0.0,17.5,ns_estimate_only,52,low_battery_start,57.32,5009,3600.2,seen,0,,0.1206
50,"{'A': 0.0, 'B': 0.0, 'C': 0.0}",1,99.93,1.646,"{'A': 18, 'B': 34, 'C': 6}",58,481.7,19.3,7.241,"{'A': 0.0, 'B': 0.0, 'C': 0.0}",0.0,17.8,ns_estimate_only,48,low_battery_start,54.38,5010,3600.1,seen,0,,0.1248
48,"{'A': 0.0, 'B': 72.3, 'C': 0.0}",1,99.93,1.802,"{'A': 22, 'B': 32, 'C': 5}",59,483.8,19.6,7.359,"{'A': 0.0, 'B': 0.6, 'C': 0.0}",0.6,17.0,ns_estimate_only,54,low_battery_start,54.72,5011,3600.5,seen,0,,0.1247
49,"{'A': 0.0, 'B': 145.0, 'C': 0.0}",1,99.93,1.57,"{'A': 23, 'B': 33, 'C': 5}",61,480.9,19.6,7.269,"{'A': 0.0, 'B': 1.21, 'C': 0.0}",1.21,17.4,ns_estimate_only,55,low_battery_start,56.16,5012,3600.2,seen,0,,0.1192
49,"{'A': 0.0, 'B': 121.2, 'C': 0.0}",1,99.93,1.715,"{'A': 25, 'B': 32, 'C': 5}",62,479.4,19.1,7.366,"{'A': 0.0, 'B': 1.01, 'C': 0.0}",1.01,17.4,ns_estimate_only,53,low_battery_start,57.31,5013,3600.3,seen,0,,0.1188
49,"{'A': 0.0, 'B': 113.7, 'C': 0.0}",1,99.93,1.685,"{'A': 22, 'B': 33, 'C': 5}",60,482.0,19.8,7.246,"{'A': 0.0, 'B': 0.95, 'C': 0.0}",0.95,17.2,ns_estimate_only,52,low_battery_start,55.43,5014,3600.0,seen,0,,0.1208
45,"{'A': 0.0, 'B': 105.7, 'C': 0.0}",2,99.93,1.567,"{'A': 21, 'B': 31, 'C': 3}",55,446.6,27.6,6.68,"{'A': 0.0, 'B': 0.88, 'C': 0.0}",0.88,17.4,ns_estimate_only,51,low_battery_start,50.78,5015,3600.2,seen,0,,0.1215
48,"{'A': 197.6, 'B': 90.4, 'C': 0.0}",1,99.93,1.446,"{'A': 22, 'B': 34, 'C': 5}",61,455.8,21.7,7.053,"{'A': 1.1, 'B': 0.75, 'C': 0.0}",1.85,16.2,ns_estimate_only,54,low_battery_start,55.62,5016,3600.7,seen,0,,0.1156
49,"{'A': 0.0, 'B': 75.9, 'C': 0.0}",1,99.93,1.555,"{'A': 23, 'B': 32, 'C': 5}",60,481.4,19.9,7.235,"{'A': 0.0, 'B': 0.63, 'C': 0.0}",0.63,17.3,ns_estimate_only,51,low_battery_start,55.75,5017,3600.5,seen,0,,0.1206
49,"{'A': 0.0, 'B': 0.0, 'C': 120.1}",1,99.93,1.671,"{'A': 24, 'B': 32, 'C': 5}",61,488.0,19.2,7.319,"{'A': 0.0, 'B': 0.0, 'C': 0.17}",0.17,17.5,ns_estimate_only,52,low_battery_start,57.17,5018,3600.3,seen,0,,0.12
48,"{'A': 0.0, 'B': 89.3, 'C': 0.0}",1,99.93,1.698,"{'A': 24, 'B': 33, 'C': 5}",62,492.7,19.0,7.375,"{'A': 0.0, 'B': 0.74, 'C': 0.0}",0.74,17.4,ns_estimate_only,53,low_battery_start,57.57,5019,3600.2,seen,0,,0.119
49,"{'A': 0.0, 'B': 54.2, 'C': 0.0}",1,99.93,1.774,"{'A': 23, 'B': 34, 'C': 5}",62,487.3,19.3,7.324,"{'A': 0.0, 'B': 0.45, 'C': 0.0}",0.45,17.4,ns_estimate_only,53,low_battery_start,57.89,5020,3600.5,seen,0,,0.1181
49,"{'A': 0.0, 'B': 183.3, 'C': 0.0}",1,99.93,1.947,"{'A': 23, 'B': 31, 'C': 5}",59,476.5,20.3,7.202,"{'A': 0.0, 'B': 1.53, 'C': 0.0}",1.53,17.0,ns_estimate_only,51,low_battery_start,53.87,5021,3600.8,seen,0,,0.1221
49,"{'A': 0.0, 'B': 38.4, 'C': 0.0}",1,99.93,1.579,"{'A': 21, 'B': 33, 'C': 5}",59,486.6,19.3,7.32,"{'A': 0.0, 'B': 0.32, 'C': 0.0}",0.32,17.4,ns_estimate_only,53,low_battery_start,55.02,5022,3600.6,seen,0,,0.1241
49,"{'A': 0.0, 'B': 18.4, 'C': 0.0}",1,99.93,1.617,"{'A': 21, 'B': 33, 'C': 6}",60,480.8,19.9,7.281,"{'A': 0.0, 'B': 0.15, 'C': 0.0}",0.15,17.0,ns_estimate_only,52,low_battery_start,56.21,5023,3600.8,seen,0,,0.1214
48,"{'A': 0.0, 'B': 112.0, 'C': 0.0}",1,99.93,1.857,"{'A': 22, 'B': 30, 'C': 5}",57,494.8,19.3,7.384,"{'A': 0.0, 'B': 0.93, 'C': 0.0}",0.93,17.2,ns_estimate_only,50,low_battery_start,52.37,5024,3600.6,seen,0,,0.1295
48,"{'A': 0.0, 'B': 48.6, 'C': 0.0}",1,99.93,1.528,"{'A': 23, 'B': 33, 'C': 5}",61,489.0,19.4,7.384,"{'A': 0.0, 'B': 0.4, 'C': 0.0}",0.4,17.1,ns_estimate_only,54,low_battery_start,56.9,5025,3600.8,seen,0,,0.121
50,"{'A': 0.0, 'B': 0.0, 'C': 0.0}",1,99.93,1.591,"{'A': 21, 'B': 35, 'C': 6}",62,481.9,19.0,7.292,"{'A': 0.0, 'B': 0.0, 'C': 0.0}",0.0,17.8,ns_estimate_only,55,low_battery_start,58.35,5026,3600.7,seen,0,,0.1176
47,"{'A': 0.0, 'B': 23.9, 'C': 0.0}",1,99.93,1.53,"{'A': 16, 'B': 34, 'C': 5}",55,461.3,21.6,7.057,"{'A': 0.0, 'B': 0.2, 'C': 0.0}",0.2,16.3,ns_estimate_only,47,low_battery_start,51.27,5027,3600.7,seen,0,,0.1283
50,"{'A': 0.0, 'B': 56.2, 'C': 0.0}",1,99.93,1.688,"{'A': 22, 'B': 33, 'C': 6}",61,475.1,19.7,7.24,"{'A': 0.0, 'B': 0.47, 'C': 0.0}",0.47,17.4,ns_estimate_only,54,low_battery_start,56.91,5028,3600.3,seen,0,,0.1187
49,"{'A': 0.0, 'B': 127.6, 'C': 0.0}",1,99.93,1.593,"{'A': 16, 'B': 34, 'C': 6}",56,480.9,19.7,7.246,"{'A': 0.0, 'B': 1.06, 'C': 0.0}",1.06,17.4,ns_estimate_only,48,low_battery_start,51.31,5029,3600.1,seen,0,,0.1294
63,"{'A': 0.0, 'B': 0.0, 'C': 0.0}",0,99.9,1.872,"{'A': 20, 'B': 59, 'C': 4}",83,674.0,54.3,10.063,"{'A': 0.0, 'B': 0.0, 'C': 0.0}",0.0,54.3,ns_estimate_only,85,one_hot_section,77.97,5000,3600.2,seen,0,,0.1212
63,"{'A': 0.0, 'B': 0.0, 'C': 0.0}",0,99.9,1.909,"{'A': 19, 'B': 57, 'C': 4}",80,678.6,54.2,10.07,"{'A': 0.0, 'B': 0.0, 'C': 0.0}",0.0,54.2,ns_estimate_only,80,one_hot_section,74.97,5001,3600.1,seen,0,,0.1259
63,"{'A': 0.0, 'B': 0.0, 'C': 0.0}",0,99.9,1.823,"{'A': 20, 'B': 59, 'C': 4}",83,678.9,54.1,10.097,"{'A': 0.0, 'B': 0.0, 'C': 0.0}",0.0,54.1,ns_estimate_only,84,one_hot_section,77.95,5002,3600.7,seen,0,,0.1216
60,"{'A': 0.0, 'B': 0.0, 'C': 0.0}",2,99.91,1.827,"{'A': 20, 'B': 45, 'C': 4}",69,592.5,68.0,8.885,"{'A': 0.0, 'B': 0.0, 'C': 0.0}",0.0,68.0,ns_estimate_only,68,one_hot_section,64.56,5003,3600.2,seen,0,,0.1288
63,"{'A': 0.0, 'B': 0.0, 'C': 0.0}",0,99.9,1.845,"{'A': 19, 'B': 60, 'C': 4}",83,674.0,54.3,10.062,"{'A': 0.0, 'B': 0.0, 'C': 0.0}",0.0,54.3,ns_estimate_only,84,one_hot_section,77.97,5004,3600.2,seen,0,,0.1212
65,"{'A': 0.0, 'B': 0.0, 'C': 0.0}",0,99.9,1.937,"{'A': 21, 'B': 62, 'C': 4}",87,655.3,55.0,9.891,"{'A': 0.0, 'B': 0.0, 'C': 0.0}",0.0,55.0,ns_estimate_only,86,one_hot_section,82.05,5005,3600.2,seen,0,,0.1137
62,"{'A': 0.0, 'B': 0.0, 'C': 0.0}",0,99.9,1.986,"{'A': 19, 'B': 60, 'C': 4}",83,688.8,53.7,10.185,"{'A': 0.0, 'B': 0.0, 'C': 0.0}",0.0,53.7,ns_estimate_only,83,one_hot_section,77.91,5006,3600.2,seen,0,,0.1227
63,"{'A': 0.0, 'B': 0.0, 'C': 0.0}",0,99.9,1.628,"{'A': 21, 'B': 61, 'C': 4}",86,678.9,54.1,10.096,"{'A': 0.0, 'B': 0.0, 'C': 0.0}",0.0,54.1,ns_estimate_only,84,one_hot_section,80.95,5007,3600.8,seen,0,,0.1174
64,"{'A': 0.0, 'B': 0.0, 'C': 0.0}",0,99.9,1.455,"{'A': 19, 'B': 59, 'C': 4}",82,665.5,54.7,9.965,"{'A': 0.0, 'B': 0.0, 'C': 0.0}",0.0,54.7,ns_estimate_only,82,one_hot_section,77.02,5008,3600.5,seen,0,,0.1215
64,"{'A': 0.0, 'B': 0.0, 'C': 0.0}",0,99.9,1.552,"{'A': 21, 'B': 61, 'C': 4}",86,667.0,54.4,10.03,"{'A': 0.0, 'B': 0.0, 'C': 0.0}",0.0,54.4,ns_estimate_only,85,one_hot_section,80.98,5009,3600.3,seen,0,,0.1166
65,"{'A': 0.0, 'B': 0.0, 'C': 0.0}",0,99.9,1.578,"{'A': 15, 'B': 62, 'C': 5}",82,655.2,54.9,9.925,"{'A': 0.0, 'B': 0.0, 'C': 0.0}",0.0,54.9,ns_estimate_only,80,one_hot_section,77.04,5010,3600.1,seen,0,,0.121
62,"{'A': 0.0, 'B': 0.0, 'C': 0.0}",0,99.9,1.608,"{'A': 19, 'B': 60, 'C': 4}",83,690.6,53.7,10.183,"{'A': 0.0, 'B': 0.0, 'C': 0.0}",0.0,53.7,ns_estimate_only,84,one_hot_section,77.91,5011,3600.9,seen,0,,0.1227
64,"{'A': 0.0, 'B': 0.0, 'C': 0.0}",0,99.9,1.446,"{'A': 19, 'B': 60, 'C': 5}",84,655.5,54.7,9.966,"{'A': 0.0, 'B': 0.0, 'C': 0.0}",0.0,54.7,ns_estimate_only,84,one_hot_section,79.02,5012,3600.7,seen,0,,0.1186
64,"{'A': 0.0, 'B': 0.0, 'C': 0.0}",0,99.9,1.77,"{'A': 20, 'B': 59, 'C': 4}",83,667.1,54.5,10.003,"{'A': 0.0, 'B': 0.0, 'C': 0.0}",0.0,54.5,ns_estimate_only,83,one_hot_section,78.0,5013,3600.4,seen,0,,0.1205
63,"{'A': 0.0, 'B': 0.0, 'C': 0.0}",0,99.9,1.518,"{'A': 21, 'B': 59, 'C': 4}",84,676.4,54.3,10.055,"{'A': 0.0, 'B': 0.0, 'C': 0.0}",0.0,54.3,ns_estimate_only,83,one_hot_section,78.97,5014,3600.3,seen,0,,0.1197
62,"{'A': 0.0, 'B': 0.0, 'C': 0.0}",0,99.9,1.511,"{'A': 20, 'B': 59, 'C': 3}",82,690.3,53.9,10.136,"{'A': 0.0, 'B': 0.0, 'C': 0.0}",0.0,53.9,ns_estimate_only,82,one_hot_section,76.93,5015,3600.0,seen,0,,0.1236
64,"{'A': 0.0, 'B': 0.0, 'C': 0.0}",0,99.9,1.699,"{'A': 20, 'B': 62, 'C': 5}",87,660.8,54.5,10.007,"{'A': 0.0, 'B': 0.0, 'C': 0.0}",0.0,54.5,ns_estimate_only,86,one_hot_section,82.0,5016,3600.4,seen,0,,0.115
64,"{'A': 0.0, 'B': 0.0, 'C': 0.0}",0,99.9,1.65,"{'A': 21, 'B': 58, 'C': 4}",83,662.3,54.9,9.932,"{'A': 0.0, 'B': 0.0, 'C': 0.0}",0.0,54.9,ns_estimate_only,83,one_hot_section,78.03,5017,3600.3,seen,0,,0.1197
63,"{'A': 0.0, 'B': 0.0, 'C': 0.0}",0,99.9,1.549,"{'A': 21, 'B': 60, 'C': 4}",85,678.6,54.2,10.087,"{'A': 0.0, 'B': 0.0, 'C': 0.0}",0.0,54.2,ns_estimate_only,84,one_hot_section,79.96,5018,3600.1,seen,0,,0.1187
64,"{'A': 0.0, 'B': 0.0, 'C': 0.0}",0,99.9,1.85,"{'A': 19, 'B': 58, 'C': 4}",81,655.9,55.2,9.863,"{'A': 0.0, 'B': 0.0, 'C': 0.0}",0.0,55.2,ns_estimate_only,83,one_hot_section,76.07,5019,3600.9,seen,0,,0.1218
64,"{'A': 0.0, 'B': 0.0, 'C': 0.0}",0,99.9,1.572,"{'A': 20, 'B': 58, 'C': 4}",82,663.2,54.6,9.995,"{'A': 0.0, 'B': 0.0, 'C': 0.0}",0.0,54.6,ns_estimate_only,84,one_hot_section,77.0,5020,3600.6,seen,0,,0.1219
64,"{'A': 0.0, 'B': 0.0, 'C': 0.0}",0,99.9,1.583,"{'A': 18, 'B': 59, 'C': 5}",82,662.9,54.8,9.945,"{'A': 0.0, 'B': 0.0, 'C': 0.0}",0.0,54.8,ns_estimate_only,83,one_hot_section,77.03,5021,3600.8,seen,0,,0.1213
64,"{'A': 0.0, 'B': 0.0, 'C': 0.0}",0,99.9,1.328,"{'A': 19, 'B': 60, 'C': 4}",83,667.1,54.7,9.966,"{'A': 0.0, 'B': 0.0, 'C': 0.0}",0.0,54.7,ns_estimate_only,83,one_hot_section,78.02,5022,3600.5,seen,0,,0.1201
63,"{'A': 0.0, 'B': 0.0, 'C': 0.0}",1,99.9,1.533,"{'A': 20, 'B': 61, 'C': 4}",85,669.3,55.1,10.009,"{'A': 0.0, 'B': 0.0, 'C': 0.0}",0.0,54.5,ns_estimate_only,83,one_hot_section,80.0,5023,3600.3,seen,0,,0.1177
62,"{'A': 0.0, 'B': 0.0, 'C': 0.0}",0,99.9,1.513,"{'A': 19, 'B': 61, 'C': 4}",84,680.3,54.0,10.121,"{'A': 0.0, 'B': 0.0, 'C': 0.0}",0.0,54.0,ns_estimate_only,83,one_hot_section,78.94,5024,3600.3,seen,0,,0.1205
63,"{'A': 0.0, 'B': 0.0, 'C': 0.0}",0,99.9,1.608,"{'A': 18, 'B': 58, 'C': 4}",80,678.9,54.1,10.087,"{'A': 0.0, 'B': 0.0, 'C': 0.0}",0.0,54.1,ns_estimate_only,80,one_hot_section,74.96,5025,3600.7,seen,0,,0.1261
64,"{'A': 0.0, 'B': 0.0, 'C': 0.0}",0,99.9,1.728,"{'A': 19, 'B': 61, 'C': 5}",85,660.2,54.9,9.923,"{'A': 0.0, 'B': 0.0, 'C': 0.0}",0.0,54.9,ns_estimate_only,83,one_hot_section,80.04,5026,3600.9,seen,0,,0.1167
59,"{'A': 0.0, 'B': 0.0, 'C': 0.0}",1,99.91,1.569,"{'A': 12, 'B': 59, 'C': 5}",76,618.8,65.0,9.236,"{'A': 0.0, 'B': 0.0, 'C': 0.0}",0.0,65.0,ns_estimate_only,76,one_hot_section,71.38,5027,3600.6,seen,0,,0.1215
64,"{'A': 0.0, 'B': 0.0, 'C': 0.0}",0,99.9,1.844,"{'A': 21, 'B': 58, 'C': 5}",84,667.3,54.4,10.029,"{'A': 0.0, 'B': 0.0, 'C': 0.0}",0.0,54.4,ns_estimate_only,85,one_hot_section,78.99,5028,3601.0,seen,0,,0.1194
64,"{'A': 0.0, 'B': 0.0, 'C': 0.0}",0,99.9,1.495,"{'A': 14, 'B': 59, 'C': 4}",77,667.0,54.9,9.926,"{'A': 0.0, 'B': 0.0, 'C': 0.0}",0.0,54.9,ns_estimate_only,79,one_hot_section,72.04,5029,3600.2,seen,0,,0.1289
49,"{'A': 0.0, 'B': 0.0, 'C': 0.0}",3,99.93,1.294,"{'A': 20, 'B': 11, 'C': 4}",35,447.6,96.1,6.661,"{'A': 0.0, 'B': 0.0, 'C': 0.0}",0.0,84.7,ns_estimate_only,33,section_breakdown,31.67,5000,3600.6,unseen,0,,0.1903
54,"{'A': 0.0, 'B': 0.0, 'C': 0.0}",6,99.93,1.29,"{'A': 20, 'B': 10, 'C': 4}",34,476.6,89.8,7.035,"{'A': 0.0, 'B': 0.0, 'C': 0.0}",0.0,82.2,ns_estimate_only,32,section_breakdown,30.48,5001,3600.2,unseen,0,,0.2069
50,"{'A': 0.0, 'B': 0.0, 'C': 0.0}",3,99.93,1.313,"{'A': 20, 'B': 10, 'C': 4}",34,470.4,92.4,6.947,"{'A': 0.0, 'B': 0.0, 'C': 0.0}",0.0,86.5,ns_estimate_only,32,section_breakdown,30.53,5002,3600.1,unseen,0,,0.2043
51,"{'A': 0.0, 'B': 0.0, 'C': 0.0}",2,99.93,1.602,"{'A': 16, 'B': 15, 'C': 4}",35,487.0,88.3,7.228,"{'A': 0.0, 'B': 0.0, 'C': 0.0}",0.0,74.3,ns_estimate_only,36,section_breakdown,31.39,5003,3600.7,unseen,0,,0.2065
49,"{'A': 0.0, 'B': 0.0, 'C': 0.0}",5,99.93,1.756,"{'A': 19, 'B': 11, 'C': 4}",34,456.9,96.0,6.708,"{'A': 0.0, 'B': 0.0, 'C': 0.0}",0.0,86.0,ns_estimate_only,34,section_breakdown,30.65,5004,3600.5,unseen,0,,0.1973
46,"{'A': 0.0, 'B': 0.0, 'C': 0.0}",2,99.93,1.483,"{'A': 19, 'B': 18, 'C': 4}",41,452.9,96.4,6.685,"{'A': 0.0, 'B': 0.0, 'C': 0.0}",0.0,76.7,ns_estimate_only,40,section_breakdown,37.66,5005,3600.4,unseen,0,,0.1631
56,"{'A': 0.0, 'B': 0.0, 'C': 0.0}",3,99.92,1.157,"{'A': 19, 'B': 18, 'C': 5}",42,529.1,80.9,7.808,"{'A': 0.0, 'B': 0.0, 'C': 0.0}",0.0,80.9,ns_estimate_only,41,section_breakdown,38.1,5006,3600.7,unseen,0,,0.1859
57,"{'A': 0.0, 'B': 0.0, 'C': 0.0}",6,99.92,1.222,"{'A': 21, 'B': 19, 'C': 4}",44,508.0,84.9,7.52,"{'A': 0.0, 'B': 0.0, 'C': 0.0}",0.0,84.9,ns_estimate_only,42,section_breakdown,40.24,5007,3600.5,unseen,0,,0.1709
46,"{'A': 0.0, 'B': 0.0, 'C': 0.0}",1,99.93,1.324,"{'A': 14, 'B': 14, 'C': 3}",31,452.0,95.7,6.7,"{'A': 0.0, 'B': 0.0, 'C': 0.0}",0.0,69.5,ns_estimate_only,36,section_breakdown,27.65,5008,3600.9,unseen,0,,0.2161
46,"{'A': 0.0, 'B': 0.0, 'C': 0.0}",2,99.93,1.36,"{'A': 17, 'B': 13, 'C': 3}",33,447.8,97.1,6.612,"{'A': 0.0, 'B': 0.0, 'C': 0.0}",0.0,84.3,ns_estimate_only,35,section_breakdown,29.69,5009,3600.2,unseen,0,,0.2004
51,"{'A': 0.0, 'B': 0.0, 'C': 0.0}",5,99.95,0.867,"{'A': 14, 'B': 7, 'C': 5}",26,356.9,100.0,5.246,"{'A': 0.0, 'B': 0.0, 'C': 0.0}",0.0,86.9,ns_estimate_only,24,section_breakdown,23.38,5010,3600.0,unseen,0,,0.2018
52,"{'A': 0.0, 'B': 0.0, 'C': 0.0}",4,99.93,1.34,"{'A': 18, 'B': 15, 'C': 4}",37,485.4,88.7,7.156,"{'A': 0.0, 'B': 0.0, 'C': 0.0}",0.0,78.6,ns_estimate_only,37,section_breakdown,33.42,5011,3600.7,unseen,0,,0.1934
51,"{'A': 0.0, 'B': 0.0, 'C': 0.0}",6,99.93,1.074,"{'A': 20, 'B': 7, 'C': 4}",31,449.1,97.1,6.58,"{'A': 0.0, 'B': 0.0, 'C': 0.0}",0.0,88.3,ns_estimate_only,30,section_breakdown,27.71,5012,3600.5,unseen,0,,0.2123
48,"{'A': 0.0, 'B': 0.0, 'C': 0.0}",4,99.93,1.142,"{'A': 17, 'B': 11, 'C': 4}",32,446.9,97.2,6.609,"{'A': 0.0, 'B': 0.0, 'C': 0.0}",0.0,79.8,ns_estimate_only,34,section_breakdown,28.7,5013,3600.8,unseen,0,,0.2065
51,"{'A': 0.0, 'B': 0.0, 'C': 0.0}",3,99.93,1.509,"{'A': 20, 'B': 13, 'C': 4}",37,462.4,92.8,6.879,"{'A': 0.0, 'B': 0.0, 'C': 0.0}",0.0,85.1,ns_estimate_only,36,section_breakdown,33.56,5014,3600.6,unseen,0,,0.1859
46,"{'A': 0.0, 'B': 0.0, 'C': 0.0}",3,99.94,1.176,"{'A': 19, 'B': 14, 'C': 2}",35,439.1,99.4,6.434,"{'A': 0.0, 'B': 0.0, 'C': 0.0}",0.0,78.3,ns_estimate_only,33,section_breakdown,31.78,5015,3601.0,unseen,0,,0.1838
59,"{'A': 0.0, 'B': 0.0, 'C': 0.0}",4,99.92,1.201,"{'A': 19, 'B': 18, 'C': 5}",42,546.4,75.6,8.092,"{'A': 0.0, 'B': 0.0, 'C': 0.0}",0.0,71.7,ns_estimate_only,40,section_breakdown,37.95,5016,3600.0,unseen,0,,0.1927
49,"{'A': 0.0, 'B': 0.0, 'C': 0.0}",6,99.94,1.055,"{'A': 19, 'B': 7, 'C': 4}",30,438.9,99.5,6.411,"{'A': 0.0, 'B': 0.0, 'C': 0.0}",0.0,90.2,ns_estimate_only,28,section_breakdown,26.79,5017,3600.4,unseen,0,,0.2137
50,"{'A': 0.0, 'B': 0.0, 'C': 0.0}",3,99.93,1.467,"{'A': 20, 'B': 18, 'C': 4}",42,467.4,93.1,6.905,"{'A': 0.0, 'B': 0.0, 'C': 0.0}",0.0,90.2,ns_estimate_only,42,section_breakdown,38.55,5018,3600.4,unseen,0,,0.1644
51,"{'A': 0.0, 'B': 0.0, 'C': 0.0}",6,99.93,1.241,"{'A': 21, 'B': 11, 'C': 4}",36,460.5,95.0,6.782,"{'A': 0.0, 'B': 0.0, 'C': 0.0}",0.0,89.8,ns_estimate_only,33,section_breakdown,32.61,5019,3600.7,unseen,0,,0.1884
54,"{'A': 0.0, 'B': 0.0, 'C': 0.0}",4,99.92,1.422,"{'A': 21, 'B': 12, 'C': 4}",37,511.9,85.2,7.504,"{'A': 0.0, 'B': 0.0, 'C': 0.0}",0.0,85.2,ns_estimate_only,34,section_breakdown,33.25,5020,3600.6,unseen,0,,0.2028
49,"{'A': 0.0, 'B': 0.0, 'C': 0.0}",3,99.93,1.45,"{'A': 21, 'B': 21, 'C': 5}",47,467.3,93.0,6.939,"{'A': 0.0, 'B': 0.0, 'C': 0.0}",0.0,87.9,ns_estimate_only,47,section_breakdown,43.53,5021,3600.2,unseen,0,,0.1476
59,"{'A': 0.0, 'B': 0.0, 'C': 0.0}",3,99.92,1.391,"{'A': 20, 'B': 22, 'C': 4}",46,567.8,73.1,8.388,"{'A': 0.0, 'B': 0.0, 'C': 0.0}",0.0,73.1,ns_estimate_only,45,section_breakdown,41.81,5022,3600.0,unseen,0,,0.1823
55,"{'A': 0.0, 'B': 0.0, 'C': 0.0}",6,99.93,1.085,"{'A': 18, 'B': 12, 'C': 4}",34,487.8,88.0,7.155,"{'A': 0.0, 'B': 0.0, 'C': 0.0}",0.0,88.0,ns_estimate_only,35,section_breakdown,30.42,5023,3600.8,unseen,0,,0.2104
52,"{'A': 0.0, 'B': 0.0, 'C': 0.0}",6,99.93,0.947,"{'A': 18, 'B': 11, 'C': 5}",34,448.8,94.7,6.572,"{'A': 0.0, 'B': 0.0, 'C': 0.0}",0.0,92.0,ns_estimate_only,34,section_breakdown,30.71,5024,3600.9,unseen,0,,0.1933
55,"{'A': 0.0, 'B': 0.0, 'C': 0.0}",2,99.92,1.316,"{'A': 19, 'B': 15, 'C': 5}",39,512.8,82.6,7.649,"{'A': 0.0, 'B': 0.0, 'C': 0.0}",0.0,82.6,ns_estimate_only,38,section_breakdown,35.18,5025,3600.8,unseen,0,,0.1961
52,"{'A': 0.0, 'B': 0.0, 'C': 0.0}",1,99.93,1.593,"{'A': 20, 'B': 19, 'C': 5}",44,493.0,86.6,7.369,"{'A': 0.0, 'B': 0.0, 'C': 0.0}",0.0,79.9,ns_estimate_only,43,section_breakdown,40.32,5026,3600.2,unseen,0,,0.1675
53,"{'A': 0.0, 'B': 0.0, 'C': 0.0}",3,99.95,0.943,"{'A': 14, 'B': 8, 'C': 4}",26,362.2,94.5,5.374,"{'A': 0.0, 'B': 0.0, 'C': 0.0}",0.0,85.6,ns_estimate_only,24,section_breakdown,23.31,5027,3600.8,unseen,0,,0.2067
63,"{'A': 0.0, 'B': 0.0, 'C': 0.0}",1,99.91,1.587,"{'A': 20, 'B': 19, 'C': 4}",43,613.0,63.3,9.076,"{'A': 0.0, 'B': 0.0, 'C': 0.0}",0.0,63.3,ns_estimate_only,42,section_breakdown,38.46,5028,3600.8,unseen,0,,0.2111
56,"{'A': 0.0, 'B': 0.0, 'C': 0.0}",4,99.94,1.094,"{'A': 13, 'B': 12, 'C': 5}",30,418.3,87.0,6.111,"{'A': 0.0, 'B': 0.0, 'C': 0.0}",0.0,87.0,ns_estimate_only,29,section_breakdown,26.94,5029,3600.7,unseen,0,,0.2037
65,"{'A': 0.0, 'B': 0.0, 'C': 332.0}",0,99.9,1.809,"{'A': 20, 'B': 31, 'C': 4}",55,655.4,55.8,9.723,"{'A': 0.0, 'B': 0.0, 'C': 0.46}",0.46,55.8,ns_estimate_only,54,small_buffers,49.68,5000,3600.5,unseen,0,,0.1768
66,"{'A': 0.0, 'B': 0.0, 'C': 323.5}",0,99.9,1.978,"{'A': 20, 'B': 31, 'C': 4}",55,643.7,56.1,9.658,"{'A': 0.0, 'B': 0.0, 'C': 0.45}",0.45,56.1,ns_estimate_only,54,small_buffers,49.72,5001,3600.6,unseen,0,,0.1756
65,"{'A': 0.0, 'B': 0.0, 'C': 346.6}",0,99.9,1.442,"{'A': 19, 'B': 28, 'C': 4}",51,643.8,56.2,9.63,"{'A': 0.0, 'B': 0.0, 'C': 0.48}",0.48,56.2,ns_estimate_only,51,small_buffers,45.7,5002,3600.9,unseen,0,,0.1888
61,"{'A': 0.0, 'B': 0.0, 'C': 334.3}",3,99.92,1.237,"{'A': 19, 'B': 21, 'C': 4}",44,569.1,71.3,8.419,"{'A': 0.0, 'B': 0.0, 'C': 0.46}",0.46,71.3,ns_estimate_only,43,small_buffers,39.33,5003,3600.2,unseen,0,,0.1913
65,"{'A': 0.0, 'B': 0.0, 'C': 239.0}",0,99.9,1.356,"{'A': 20, 'B': 29, 'C': 3}",52,648.3,56.2,9.646,"{'A': 0.0, 'B': 0.0, 'C': 0.33}",0.33,56.2,ns_estimate_only,52,small_buffers,46.84,5004,3600.4,unseen,0,,0.1855
65,"{'A': 0.0, 'B': 0.0, 'C': 205.8}",0,99.9,1.429,"{'A': 20, 'B': 29, 'C': 3}",52,653.1,56.1,9.659,"{'A': 0.0, 'B': 0.0, 'C': 0.29}",0.29,56.1,ns_estimate_only,52,small_buffers,46.88,5005,3600.7,unseen,0,,0.1857
64,"{'A': 0.0, 'B': 0.0, 'C': 305.9}",0,99.9,1.397,"{'A': 19, 'B': 28, 'C': 4}",51,656.9,55.7,9.74,"{'A': 0.0, 'B': 0.0, 'C': 0.42}",0.42,55.7,ns_estimate_only,52,small_buffers,45.71,5006,3600.3,unseen,0,,0.191
65,"{'A': 0.0, 'B': 0.0, 'C': 332.3}",0,99.9,1.417,"{'A': 20, 'B': 30, 'C': 4}",54,651.6,55.9,9.694,"{'A': 0.0, 'B': 0.0, 'C': 0.46}",0.46,55.9,ns_estimate_only,53,small_buffers,48.69,5007,3600.8,unseen,0,,0.1795
52,"{'A': 493.1, 'B': 393.4, 'C': 850.6}",1,99.92,1.37,"{'A': 16, 'B': 26, 'C': 3}",45,550.2,80.0,8.045,"{'A': 2.74, 'B': 3.28, 'C': 1.18}",7.2,80.0,ns_estimate_only,47,small_buffers,33.78,5008,3600.8,unseen,0,,0.1788
65,"{'A': 0.0, 'B': 0.0, 'C': 305.7}",0,99.9,1.409,"{'A': 21, 'B': 29, 'C': 4}",54,655.3,55.5,9.788,"{'A': 0.0, 'B': 0.0, 'C': 0.42}",0.42,55.5,ns_estimate_only,53,small_buffers,48.68,5009,3600.2,unseen,0,,0.1813
60,"{'A': 0.0, 'B': 66.6, 'C': 393.7}",1,99.91,1.323,"{'A': 15, 'B': 31, 'C': 5}",51,593.7,68.0,8.814,"{'A': 0.0, 'B': 0.55, 'C': 0.55}",1.1,61.9,ns_estimate_only,49,small_buffers,45.49,5010,3600.3,unseen,0,,0.1728
62,"{'A': 0.0, 'B': 0.0, 'C': 349.8}",1,99.91,1.392,"{'A': 19, 'B': 29, 'C': 4}",52,646.4,59.8,9.476,"{'A': 0.0, 'B': 0.0, 'C': 0.49}",0.49,59.8,ns_estimate_only,53,small_buffers,46.78,5011,3600.4,unseen,0,,0.1822
65,"{'A': 0.0, 'B': 0.0, 'C': 279.7}",0,99.9,1.444,"{'A': 19, 'B': 29, 'C': 4}",52,655.5,55.7,9.741,"{'A': 0.0, 'B': 0.0, 'C': 0.39}",0.39,55.7,ns_estimate_only,55,small_buffers,46.74,5012,3600.9,unseen,0,,0.1873
43,"{'A': 472.2, 'B': 329.1, 'C': 698.2}",3,99.93,1.384,"{'A': 15, 'B': 24, 'C': 3}",42,460.0,99.8,6.644,"{'A': 2.62, 'B': 2.74, 'C': 0.97}",6.34,83.9,ns_estimate_only,45,small_buffers,32.34,5013,3600.5,unseen,0,,0.1582
45,"{'A': 827.4, 'B': 804.8, 'C': 1346.9}",1,99.93,1.588,"{'A': 15, 'B': 22, 'C': 3}",40,457.4,96.6,6.75,"{'A': 4.6, 'B': 6.71, 'C': 1.87}",13.17,72.7,ns_estimate_only,39,small_buffers,23.45,5014,3600.9,unseen,0,,0.1688
64,"{'A': 0.0, 'B': 0.0, 'C': 183.2}",0,99.9,1.774,"{'A': 20, 'B': 30, 'C': 2}",52,665.6,55.7,9.746,"{'A': 0.0, 'B': 0.0, 'C': 0.25}",0.25,55.7,ns_estimate_only,52,small_buffers,46.87,5015,3600.8,unseen,0,,0.1874
65,"{'A': 0.0, 'B': 0.0, 'C': 333.6}",0,99.9,1.425,"{'A': 19, 'B': 29, 'C': 4}",52,655.3,55.7,9.745,"{'A': 0.0, 'B': 0.0, 'C': 0.46}",0.46,55.7,ns_estimate_only,53,small_buffers,46.66,5016,3600.3,unseen,0,,0.1874
64,"{'A': 0.0, 'B': 0.0, 'C': 354.4}",0,99.9,1.375,"{'A': 20, 'B': 31, 'C': 4}",55,667.3,55.5,9.787,"{'A': 0.0, 'B': 0.0, 'C': 0.49}",0.49,55.5,ns_estimate_only,54,small_buffers,49.61,5017,3600.9,unseen,0,,0.178
52,"{'A': 561.9, 'B': 511.7, 'C': 1138.2}",1,99.92,1.368,"{'A': 18, 'B': 26, 'C': 3}",47,526.7,82.6,7.794,"{'A': 3.12, 'B': 4.26, 'C': 1.58}",8.97,82.0,ns_estimate_only,46,small_buffers,34.14,5018,3600.5,unseen,0,,0.1658
65,"{'A': 0.0, 'B': 0.0, 'C': 279.2}",0,99.9,1.412,"{'A': 20, 'B': 27, 'C': 4}",51,655.2,55.8,9.718,"{'A': 0.0, 'B': 0.0, 'C': 0.39}",0.39,55.8,ns_estimate_only,52,small_buffers,45.75,5019,3600.1,unseen,0,,0.1905
64,"{'A': 0.0, 'B': 0.0, 'C': 259.9}",0,99.9,1.492,"{'A': 20, 'B': 29, 'C': 3}",52,656.5,55.9,9.704,"{'A': 0.0, 'B': 0.0, 'C': 0.36}",0.36,55.9,ns_estimate_only,52,small_buffers,46.79,5020,3600.4,unseen,0,,0.1866
45,"{'A': 862.6, 'B': 725.3, 'C': 1273.9}",1,99.93,1.429,"{'A': 15, 'B': 22, 'C': 3}",40,476.0,94.4,6.944,"{'A': 4.79, 'B': 6.04, 'C': 1.77}",12.61,74.1,ns_estimate_only,40,small_buffers,23.92,5021,3600.6,unseen,0,,0.1736
52,"{'A': 431.4, 'B': 355.6, 'C': 1054.6}",1,99.92,1.342,"{'A': 17, 'B': 26, 'C': 3}",46,537.9,81.4,7.891,"{'A': 2.4, 'B': 2.96, 'C': 1.46}",6.82,81.4,ns_estimate_only,45,small_buffers,35.23,5022,3600.1,unseen,0,,0.1715
65,"{'A': 0.0, 'B': 0.0, 'C': 338.7}",0,99.9,1.483,"{'A': 19, 'B': 30, 'C': 5}",54,654.9,55.5,9.787,"{'A': 0.0, 'B': 0.0, 'C': 0.47}",0.47,55.5,ns_estimate_only,53,small_buffers,48.64,5023,3600.2,unseen,0,,0.1812
65,"{'A': 0.0, 'B': 0.0, 'C': 330.3}",0,99.9,1.568,"{'A': 20, 'B': 30, 'C': 4}",54,655.2,55.4,9.812,"{'A': 0.0, 'B': 0.0, 'C': 0.46}",0.46,55.4,ns_estimate_only,52,small_buffers,48.63,5024,3600.1,unseen,0,,0.1817
61,"{'A': 0.0, 'B': 0.0, 'C': 419.1}",2,99.91,1.36,"{'A': 20, 'B': 32, 'C': 4}",56,626.1,63.6,9.231,"{'A': 0.0, 'B': 0.0, 'C': 0.58}",0.58,63.6,ns_estimate_only,55,small_buffers,50.8,5025,3600.4,unseen,0,,0.1648
61,"{'A': 0.0, 'B': 0.0, 'C': 365.6}",1,99.91,1.344,"{'A': 19, 'B': 29, 'C': 4}",52,616.7,63.6,9.158,"{'A': 0.0, 'B': 0.0, 'C': 0.51}",0.51,58.4,ns_estimate_only,54,small_buffers,46.91,5026,3600.2,unseen,0,,0.1761
59,"{'A': 0.0, 'B': 0.0, 'C': 265.6}",2,99.91,1.234,"{'A': 11, 'B': 30, 'C': 4}",45,584.0,70.7,8.595,"{'A': 0.0, 'B': 0.0, 'C': 0.37}",0.37,70.7,ns_estimate_only,45,small_buffers,40.33,5027,3600.6,unseen,0,,0.191
65,"{'A': 0.0, 'B': 0.0, 'C': 320.8}",0,99.9,1.463,"{'A': 20, 'B': 29, 'C': 4}",53,655.4,55.7,9.735,"{'A': 0.0, 'B': 0.0, 'C': 0.45}",0.45,55.7,ns_estimate_only,53,small_buffers,47.69,5028,3600.5,unseen,0,,0.1837
55,"{'A': 108.9, 'B': 161.6, 'C': 396.0}",1,99.92,2.009,"{'A': 13, 'B': 29, 'C': 4}",46,573.7,74.2,8.453,"{'A': 0.61, 'B': 1.35, 'C': 0.55}",2.5,74.2,ns_estimate_only,45,small_buffers,39.27,5029,3600.1,unseen,0,,0.1838
61,"{'A': 0.0, 'B': 0.0, 'C': 0.0}",1,44.9,1.965,"{'A': 19, 'B': 29, 'C': 4}",52,617.1,62.0,9.671,"{'A': 0.0, 'B': 0.0, 'C': 0.0}",0.0,62.0,ns_estimate_only,52,worn_robot,47.16,5000,3600.4,seen,0,,0.186
66,"{'A': 0.0, 'B': 0.0, 'C': 0.0}",0,44.9,1.69,"{'A': 20, 'B': 29, 'C': 4}",53,643.9,53.6,10.215,"{'A': 0.0, 'B': 0.0, 'C': 0.0}",0.0,53.6,ns_estimate_only,51,worn_robot,47.89,5001,3601.0,seen,0,,0.1927
62,"{'A': 0.0, 'B': 0.0, 'C': 0.0}",1,44.9,1.821,"{'A': 18, 'B': 30, 'C': 4}",52,607.2,61.3,9.643,"{'A': 0.0, 'B': 0.0, 'C': 0.0}",0.0,56.2,ns_estimate_only,53,worn_robot,47.18,5002,3600.9,seen,0,,0.1854
60,"{'A': 0.0, 'B': 0.0, 'C': 0.0}",1,44.91,1.485,"{'A': 18, 'B': 23, 'C': 5}",46,595.3,65.0,9.37,"{'A': 0.0, 'B': 0.0, 'C': 0.0}",0.0,65.0,ns_estimate_only,45,worn_robot,41.32,5003,3600.4,seen,0,,0.2037
66,"{'A': 0.0, 'B': 0.0, 'C': 0.0}",0,44.9,1.461,"{'A': 20, 'B': 29, 'C': 3}",52,643.8,53.6,10.201,"{'A': 0.0, 'B': 0.0, 'C': 0.0}",0.0,53.6,ns_estimate_only,51,worn_robot,46.9,5004,3600.7,seen,0,,0.1962
66,"{'A': 0.0, 'B': 0.0, 'C': 0.0}",0,44.9,1.499,"{'A': 19, 'B': 32, 'C': 4}",55,643.4,53.7,10.194,"{'A': 0.0, 'B': 0.0, 'C': 0.0}",0.0,53.7,ns_estimate_only,53,worn_robot,49.9,5005,3600.7,seen,0,,0.1853
62,"{'A': 0.0, 'B': 0.0, 'C': 0.0}",1,44.9,1.581,"{'A': 20, 'B': 29, 'C': 5}",54,615.4,60.4,9.772,"{'A': 0.0, 'B': 0.0, 'C': 0.0}",0.0,60.4,ns_estimate_only,53,worn_robot,49.11,5006,3600.0,seen,0,,0.181
65,"{'A': 0.0, 'B': 0.0, 'C': 0.0}",0,44.9,1.555,"{'A': 21, 'B': 29, 'C': 4}",54,651.6,53.2,10.296,"{'A': 0.0, 'B': 0.0, 'C': 0.0}",0.0,53.2,ns_estimate_only,52,worn_robot,48.85,5007,3600.8,seen,0,,0.1907
65,"{'A': 0.0, 'B': 0.0, 'C': 0.0}",0,44.9,1.534,"{'A': 19, 'B': 32, 'C': 4}",55,649.4,53.4,10.257,"{'A': 0.0, 'B': 0.0, 'C': 0.0}",0.0,53.4,ns_estimate_only,54,worn_robot,49.87,5008,3600.2,seen,0,,0.1865
65,"{'A': 0.0, 'B': 0.0, 'C': 0.0}",0,44.9,1.4,"{'A': 21, 'B': 29, 'C': 4}",54,651.6,53.2,10.295,"{'A': 0.0, 'B': 0.0, 'C': 0.0}",0.0,53.2,ns_estimate_only,53,worn_robot,48.85,5009,3600.8,seen,0,,0.1907
59,"{'A': 0.0, 'B': 0.0, 'C': 0.0}",1,44.91,1.31,"{'A': 14, 'B': 28, 'C': 4}",46,586.2,66.5,9.251,"{'A': 0.0, 'B': 0.0, 'C': 0.0}",0.0,57.9,ns_estimate_only,47,worn_robot,41.37,5010,3600.1,seen,0,,0.2011
64,"{'A': 0.0, 'B': 0.0, 'C': 0.0}",0,44.9,1.704,"{'A': 20, 'B': 32, 'C': 4}",56,667.2,52.5,10.447,"{'A': 0.0, 'B': 0.0, 'C': 0.0}",0.0,52.5,ns_estimate_only,55,worn_robot,50.78,5011,3600.7,seen,0,,0.1865
51,"{'A': 0.0, 'B': 0.0, 'C': 0.0}",2,44.92,1.438,"{'A': 19, 'B': 28, 'C': 4}",51,502.2,84.6,7.907,"{'A': 0.0, 'B': 0.0, 'C': 0.0}",0.0,84.3,ns_estimate_only,52,worn_robot,47.05,5012,3600.8,seen,0,,0.155
66,"{'A': 0.0, 'B': 0.0, 'C': 0.0}",0,44.9,1.608,"{'A': 20, 'B': 32, 'C': 5}",57,641.4,53.4,10.257,"{'A': 0.0, 'B': 0.0, 'C': 0.0}",0.0,53.4,ns_estimate_only,55,worn_robot,51.87,5013,3600.5,seen,0,,0.1799
66,"{'A': 0.0, 'B': 0.0, 'C': 0.0}",0,44.9,1.729,"{'A': 20, 'B': 30, 'C': 4}",54,643.4,53.7,10.189,"{'A': 0.0, 'B': 0.0, 'C': 0.0}",0.0,53.7,ns_estimate_only,52,worn_robot,48.91,5014,3600.7,seen,0,,0.1887
65,"{'A': 0.0, 'B': 0.0, 'C': 0.0}",0,44.9,1.678,"{'A': 19, 'B': 29, 'C': 3}",51,655.5,53.2,10.292,"{'A': 0.0, 'B': 0.0, 'C': 0.0}",0.0,53.2,ns_estimate_only,51,worn_robot,45.85,5015,3600.7,seen,0,,0.2018
62,"{'A': 0.0, 'B': 0.0, 'C': 0.0}",1,44.9,1.691,"{'A': 19, 'B': 31, 'C': 4}",54,621.0,60.4,9.756,"{'A': 0.0, 'B': 0.0, 'C': 0.0}",0.0,60.4,ns_estimate_only,53,worn_robot,49.12,5016,3600.4,seen,0,,0.1807
65,"{'A': 0.0, 'B': 0.0, 'C': 0.0}",0,44.9,1.551,"{'A': 19, 'B': 30, 'C': 5}",54,644.2,53.4,10.255,"{'A': 0.0, 'B': 0.0, 'C': 0.0}",0.0,53.4,ns_estimate_only,53,worn_robot,48.87,5017,3600.8,seen,0,,0.1899
64,"{'A': 0.0, 'B': 0.0, 'C': 0.0}",0,44.9,1.464,"{'A': 20, 'B': 30, 'C': 4}",54,655.5,53.1,10.316,"{'A': 0.0, 'B': 0.0, 'C': 0.0}",0.0,53.1,ns_estimate_only,54,worn_robot,48.84,5018,3600.7,seen,0,,0.191
60,"{'A': 0.0, 'B': 0.0, 'C': 0.0}",1,44.91,1.406,"{'A': 19, 'B': 30, 'C': 4}",53,606.1,64.2,9.496,"{'A': 0.0, 'B': 0.0, 'C': 0.0}",0.0,62.7,ns_estimate_only,53,worn_robot,48.25,5019,3600.1,seen,0,,0.1792
64,"{'A': 0.0, 'B': 0.0, 'C': 0.0}",0,44.9,1.589,"{'A': 20, 'B': 31, 'C': 3}",54,667.1,52.8,10.391,"{'A': 0.0, 'B': 0.0, 'C': 0.0}",0.0,52.8,ns_estimate_only,53,worn_robot,48.8,5020,3600.5,seen,0,,0.1924
66,"{'A': 0.0, 'B': 0.0, 'C': 0.0}",0,44.9,1.536,"{'A': 20, 'B': 30, 'C': 5}",55,643.5,53.5,10.237,"{'A': 0.0, 'B': 0.0, 'C': 0.0}",0.0,53.5,ns_estimate_only,54,worn_robot,49.88,5021,3600.0,seen,0,,0.1861
63,"{'A': 0.0, 'B': 0.0, 'C': 0.0}",1,44.9,1.697,"{'A': 20, 'B': 30, 'C': 5}",55,612.6,60.7,9.705,"{'A': 0.0, 'B': 0.0, 'C': 0.0}",0.0,60.7,ns_estimate_only,54,worn_robot,50.15,5022,3600.9,seen,0,,0.1764
65,"{'A': 0.0, 'B': 0.0, 'C': 0.0}",0,44.9,1.542,"{'A': 19, 'B': 31, 'C': 4}",54,651.2,53.2,10.289,"{'A': 0.0, 'B': 0.0, 'C': 0.0}",0.0,53.2,ns_estimate_only,54,worn_robot,48.86,5023,3600.7,seen,0,,0.1905
65,"{'A': 0.0, 'B': 0.0, 'C': 0.0}",0,44.9,1.608,"{'A': 20, 'B': 29, 'C': 4}",53,649.7,53.4,10.248,"{'A': 0.0, 'B': 0.0, 'C': 0.0}",0.0,53.4,ns_estimate_only,53,worn_robot,47.88,5024,3600.8,seen,0,,0.1934
65,"{'A': 0.0, 'B': 0.0, 'C': 0.0}",0,44.9,1.671,"{'A': 19, 'B': 30, 'C': 5}",54,644.7,53.5,10.233,"{'A': 0.0, 'B': 0.0, 'C': 0.0}",0.0,53.5,ns_estimate_only,53,worn_robot,48.88,5025,3600.1,seen,0,,0.1895
65,"{'A': 0.0, 'B': 0.0, 'C': 0.0}",0,44.9,1.41,"{'A': 21, 'B': 31, 'C': 5}",57,644.2,53.3,10.274,"{'A': 0.0, 'B': 0.0, 'C': 0.0}",0.0,53.3,ns_estimate_only,55,worn_robot,51.86,5026,3600.8,seen,0,,0.1802
59,"{'A': 0.0, 'B': 0.0, 'C': 0.0}",2,44.91,1.402,"{'A': 13, 'B': 32, 'C': 4}",49,575.1,69.7,9.015,"{'A': 0.0, 'B': 0.0, 'C': 0.0}",0.0,69.7,ns_estimate_only,47,worn_robot,44.49,5027,3600.7,seen,0,,0.184
65,"{'A': 0.0, 'B': 0.0, 'C': 0.0}",0,44.9,2.298,"{'A': 19, 'B': 31, 'C': 5}",55,650.1,52.9,10.352,"{'A': 0.0, 'B': 0.0, 'C': 0.0}",0.0,52.9,ns_estimate_only,55,worn_robot,49.82,5028,3600.9,seen,0,,0.1882
64,"{'A': 0.0, 'B': 0.0, 'C': 0.0}",1,44.9,1.628,"{'A': 13, 'B': 30, 'C': 5}",48,627.1,58.4,9.853,"{'A': 0.0, 'B': 0.0, 'C': 0.0}",0.0,58.4,ns_estimate_only,47,worn_robot,43.07,5029,3600.0,seen,0,,0.2053
59,"{'A': 0.0, 'B': 0.0, 'C': 0.0}",1,99.91,1.735,"{'A': 20, 'B': 29, 'C': 4}",53,585.2,35.1,8.715,"{'A': 0.0, 'B': 0.0, 'C': 0.0}",0.0,35.1,ns_neural_only,53,aged_battery,48.64,5000,3600.5,unseen,0,,0.1644
59,"{'A': 0.0, 'B': 0.0, 'C': 0.0}",1,99.91,1.738,"{'A': 19, 'B': 31, 'C': 5}",55,582.7,35.1,8.717,"{'A': 0.0, 'B': 0.0, 'C': 0.0}",0.0,35.1,ns_neural_only,54,aged_battery,50.64,5001,3600.1,unseen,0,,0.1585
59,"{'A': 0.0, 'B': 0.0, 'C': 0.0}",1,99.91,1.856,"{'A': 19, 'B': 30, 'C': 4}",53,580.0,35.4,8.686,"{'A': 0.0, 'B': 0.0, 'C': 0.0}",0.0,35.4,ns_neural_only,54,aged_battery,48.66,5002,3600.1,unseen,0,,0.1639
54,"{'A': 0.0, 'B': 0.0, 'C': 30.7}",4,99.92,1.992,"{'A': 20, 'B': 22, 'C': 5}",47,519.0,51.7,7.694,"{'A': 0.0, 'B': 0.0, 'C': 0.04}",0.04,51.7,ns_neural_only,46,aged_battery,43.11,5003,3600.8,unseen,0,,0.1637
58,"{'A': 0.0, 'B': 0.0, 'C': 0.0}",1,99.91,1.896,"{'A': 21, 'B': 30, 'C': 4}",55,600.6,33.2,8.893,"{'A': 0.0, 'B': 0.0, 'C': 0.0}",0.0,33.2,ns_neural_only,53,aged_battery,50.55,5004,3600.1,unseen,0,,0.1617
58,"{'A': 0.0, 'B': 0.0, 'C': 0.0}",1,99.91,1.775,"{'A': 19, 'B': 31, 'C': 4}",54,597.5,34.7,8.771,"{'A': 0.0, 'B': 0.0, 'C': 0.0}",0.0,34.7,ns_neural_only,52,aged_battery,49.61,5005,3600.1,unseen,0,,0.1624
59,"{'A': 0.0, 'B': 0.0, 'C': 0.0}",1,99.91,1.797,"{'A': 20, 'B': 29, 'C': 4}",53,571.9,36.0,8.61,"{'A': 0.0, 'B': 0.0, 'C': 0.0}",0.0,36.0,ns_neural_only,52,aged_battery,48.69,5006,3600.4,unseen,0,,0.1625
58,"{'A': 0.0, 'B': 0.0, 'C': 0.0}",1,99.91,1.73,"{'A': 19, 'B': 32, 'C': 4}",55,592.7,34.9,8.745,"{'A': 0.0, 'B': 0.0, 'C': 0.0}",0.0,34.9,ns_neural_only,53,aged_battery,50.63,5007,3600.7,unseen,0,,0.159
59,"{'A': 0.0, 'B': 0.0, 'C': 0.0}",1,99.91,2.07,"{'A': 19, 'B': 30, 'C': 4}",53,599.9,33.7,8.828,"{'A': 0.0, 'B': 0.0, 'C': 0.0}",0.0,33.7,ns_neural_only,53,aged_battery,48.59,5008,3600.1,unseen,0,,0.1666
59,"{'A': 0.0, 'B': 0.0, 'C': 0.0}",1,99.91,2.111,"{'A': 20, 'B': 31, 'C': 4}",55,598.7,33.6,8.844,"{'A': 0.0, 'B': 0.0, 'C': 0.0}",0.0,33.6,ns_neural_only,54,aged_battery,50.58,5009,3600.1,unseen,0,,0.1608
51,"{'A': 0.0, 'B': 0.0, 'C': 0.0}",2,99.93,1.855,"{'A': 13, 'B': 31, 'C': 5}",49,499.2,56.7,7.397,"{'A': 0.0, 'B': 0.0, 'C': 0.0}",0.0,56.7,ns_neural_only,48,aged_battery,45.3,5010,3600.0,unseen,0,,0.151
58,"{'A': 0.0, 'B': 0.0, 'C': 0.0}",1,99.91,1.771,"{'A': 18, 'B': 32, 'C': 4}",54,588.0,35.1,8.723,"{'A': 0.0, 'B': 0.0, 'C': 0.0}",0.0,35.1,ns_neural_only,52,aged_battery,49.64,5011,3600.7,unseen,0,,0.1615
59,"{'A': 0.0, 'B': 0.0, 'C': 0.0}",1,99.91,1.869,"{'A': 20, 'B': 33, 'C': 4}",57,591.7,34.4,8.808,"{'A': 0.0, 'B': 0.0, 'C': 0.0}",0.0,34.4,ns_neural_only,55,aged_battery,52.6,5012,3600.1,unseen,0,,0.1545
58,"{'A': 0.0, 'B': 0.0, 'C': 0.0}",1,99.91,1.74,"{'A': 19, 'B': 30, 'C': 4}",53,596.9,34.2,8.833,"{'A': 0.0, 'B': 0.0, 'C': 0.0}",0.0,34.2,ns_neural_only,54,aged_battery,48.58,5013,3600.5,unseen,0,,0.1667
59,"{'A': 0.0, 'B': 0.0, 'C': 0.0}",1,99.91,1.981,"{'A': 20, 'B': 31, 'C': 4}",55,582.1,35.5,8.675,"{'A': 0.0, 'B': 0.0, 'C': 0.0}",0.0,35.5,ns_neural_only,55,aged_battery,50.66,5014,3600.7,unseen,0,,0.1577
59,"{'A': 0.0, 'B': 0.0, 'C': 0.0}",1,99.91,1.889,"{'A': 20, 'B': 28, 'C': 2}",50,592.0,35.3,8.691,"{'A': 0.0, 'B': 0.0, 'C': 0.0}",0.0,35.3,ns_neural_only,50,aged_battery,45.65,5015,3600.8,unseen,0,,0.1738
59,"{'A': 0.0, 'B': 0.0, 'C': 0.0}",1,99.91,1.888,"{'A': 20, 'B': 30, 'C': 5}",55,590.3,34.6,8.778,"{'A': 0.0, 'B': 0.0, 'C': 0.0}",0.0,34.6,ns_neural_only,54,aged_battery,50.61,5016,3600.5,unseen,0,,0.1596
59,"{'A': 0.0, 'B': 0.0, 'C': 0.0}",1,99.91,2.083,"{'A': 19, 'B': 31, 'C': 5}",55,583.5,34.9,8.74,"{'A': 0.0, 'B': 0.0, 'C': 0.0}",0.0,34.9,ns_neural_only,55,aged_battery,50.63,5017,3600.3,unseen,0,,0.1589
59,"{'A': 0.0, 'B': 0.0, 'C': 0.0}",1,99.91,1.702,"{'A': 20, 'B': 30, 'C': 4}",54,589.9,35.0,8.734,"{'A': 0.0, 'B': 0.0, 'C': 0.0}",0.0,35.0,ns_neural_only,52,aged_battery,49.63,5018,3600.6,unseen,0,,0.1617
58,"{'A': 0.0, 'B': 0.0, 'C': 0.0}",1,99.91,1.879,"{'A': 20, 'B': 32, 'C': 4}",56,601.1,33.4,8.873,"{'A': 0.0, 'B': 0.0, 'C': 0.0}",0.0,33.4,ns_neural_only,55,aged_battery,51.56,5019,3600.4,unseen,0,,0.1585
48,"{'A': 0.0, 'B': 0.0, 'C': 4.0}",5,99.93,1.878,"{'A': 18, 'B': 31, 'C': 4}",53,469.4,66.0,6.845,"{'A': 0.0, 'B': 0.0, 'C': 0.01}",0.01,66.0,ns_neural_only,52,aged_battery,49.57,5020,3600.6,unseen,0,,0.1292
58,"{'A': 0.0, 'B': 0.0, 'C': 0.0}",2,99.92,2.51,"{'A': 21, 'B': 31, 'C': 5}",57,560.1,40.0,8.414,"{'A': 0.0, 'B': 0.0, 'C': 0.0}",0.0,40.0,ns_neural_only,55,aged_battery,52.79,5021,3600.1,unseen,0,,0.1476
59,"{'A': 0.0, 'B': 0.0, 'C': 0.0}",1,99.91,2.158,"{'A': 20, 'B': 32, 'C': 4}",56,599.9,33.7,8.834,"{'A': 0.0, 'B': 0.0, 'C': 0.0}",0.0,33.7,ns_neural_only,55,aged_battery,51.58,5022,3600.3,unseen,0,,0.1577
59,"{'A': 0.0, 'B': 0.0, 'C': 0.0}",1,99.91,1.98,"{'A': 19, 'B': 31, 'C': 4}",54,591.7,34.8,8.761,"{'A': 0.0, 'B': 0.0, 'C': 0.0}",0.0,34.8,ns_neural_only,53,aged_battery,49.62,5023,3600.3,unseen,0,,0.1622
58,"{'A': 0.0, 'B': 0.0, 'C': 0.0}",2,99.91,2.134,"{'A': 19, 'B': 30, 'C': 4}",53,583.9,38.1,8.565,"{'A': 0.0, 'B': 0.0, 'C': 0.0}",0.0,38.1,ns_neural_only,52,aged_battery,48.72,5024,3600.3,unseen,0,,0.1616
59,"{'A': 0.0, 'B': 0.0, 'C': 0.0}",1,99.91,1.94,"{'A': 19, 'B': 31, 'C': 5}",55,591.8,34.5,8.791,"{'A': 0.0, 'B': 0.0, 'C': 0.0}",0.0,34.5,ns_neural_only,54,aged_battery,50.6,5025,3600.5,unseen,0,,0.1598
59,"{'A': 0.0, 'B': 0.0, 'C': 0.0}",1,99.91,1.781,"{'A': 20, 'B': 28, 'C': 5}",53,572.7,35.6,8.665,"{'A': 0.0, 'B': 0.0, 'C': 0.0}",0.0,35.6,ns_neural_only,53,aged_battery,48.67,5026,3600.5,unseen,0,,0.1635
42,"{'A': 0.0, 'B': 0.0, 'C': 31.6}",4,99.94,2.086,"{'A': 14, 'B': 31, 'C': 5}",50,425.8,78.0,6.129,"{'A': 0.0, 'B': 0.0, 'C': 0.04}",0.04,78.0,ns_neural_only,48,aged_battery,46.89,5027,3600.8,unseen,0,,0.1226
59,"{'A': 0.0, 'B': 0.0, 'C': 0.0}",1,99.91,1.899,"{'A': 21, 'B': 30, 'C': 4}",55,590.6,34.7,8.771,"{'A': 0.0, 'B': 0.0, 'C': 0.0}",0.0,34.7,ns_neural_only,54,aged_battery,50.61,5028,3600.4,unseen,0,,0.1595
49,"{'A': 0.0, 'B': 0.0, 'C': 0.0}",2,99.93,1.901,"{'A': 14, 'B': 30, 'C': 5}",49,483.1,59.5,7.238,"{'A': 0.0, 'B': 0.0, 'C': 0.0}",0.0,57.9,ns_neural_only,49,aged_battery,45.38,5029,3600.7,unseen,0,,0.1477
62,"{'A': 0.0, 'B': 0.0, 'C': 0.0}",1,99.91,1.579,"{'A': 20, 'B': 29, 'C': 4}",53,625.0,62.2,9.256,"{'A': 0.0, 'B': 0.0, 'C': 0.0}",0.0,62.2,ns_neural_only,53,balanced,48.37,5000,3600.7,seen,0,,0.1746
59,"{'A': 0.0, 'B': 0.0, 'C': 0.0}",2,99.91,1.481,"{'A': 19, 'B': 30, 'C': 4}",53,590.5,68.8,8.761,"{'A': 0.0, 'B': 0.0, 'C': 0.0}",0.0,68.8,ns_neural_only,52,balanced,48.62,5001,3600.1,seen,0,,0.1653
63,"{'A': 0.0, 'B': 0.0, 'C': 0.0}",1,99.91,1.563,"{'A': 20, 'B': 30, 'C': 5}",55,621.4,62.3,9.221,"{'A': 0.0, 'B': 0.0, 'C': 0.0}",0.0,62.3,ns_neural_only,54,balanced,50.39,5002,3600.3,seen,0,,0.1677
54,"{'A': 0.0, 'B': 0.0, 'C': 0.0}",8,99.93,1.543,"{'A': 19, 'B': 23, 'C': 4}",46,500.5,89.1,7.168,"{'A': 0.0, 'B': 0.0, 'C': 0.0}",0.0,89.1,ns_neural_only,44,balanced,42.42,5003,3600.4,seen,0,,0.1558
63,"{'A': 0.0, 'B': 0.0, 'C': 0.0}",0,99.9,1.539,"{'A': 19, 'B': 30, 'C': 4}",53,669.1,55.2,9.849,"{'A': 0.0, 'B': 0.0, 'C': 0.0}",0.0,55.2,ns_neural_only,53,balanced,48.08,5004,3600.7,seen,0,,0.1858
62,"{'A': 0.0, 'B': 0.0, 'C': 0.0}",1,99.91,1.571,"{'A': 21, 'B': 32, 'C': 4}",57,632.8,62.0,9.305,"{'A': 0.0, 'B': 0.0, 'C': 0.0}",0.0,62.0,ns_neural_only,55,balanced,52.35,5005,3600.6,seen,0,,0.1632
62,"{'A': 0.0, 'B': 0.0, 'C': 0.0}",1,99.91,1.698,"{'A': 21, 'B': 30, 'C': 5}",56,628.8,61.9,9.318,"{'A': 0.0, 'B': 0.0, 'C': 0.0}",0.0,61.9,ns_neural_only,57,balanced,51.34,5006,3600.2,seen,0,,0.1664
61,"{'A': 0.0, 'B': 0.0, 'C': 0.0}",1,99.91,1.496,"{'A': 20, 'B': 30, 'C': 4}",54,634.8,61.8,9.347,"{'A': 0.0, 'B': 0.0, 'C': 0.0}",0.0,61.8,ns_neural_only,53,balanced,49.33,5007,3600.6,seen,0,,0.1731
46,"{'A': 0.0, 'B': 0.0, 'C': 0.0}",5,99.93,1.873,"{'A': 21, 'B': 30, 'C': 4}",55,509.3,92.6,7.251,"{'A': 0.0, 'B': 0.0, 'C': 0.0}",0.0,90.8,ns_neural_only,53,balanced,51.37,5008,3600.9,seen,0,,0.1318
54,"{'A': 0.0, 'B': 0.0, 'C': 53.0}",3,99.92,1.532,"{'A': 21, 'B': 30, 'C': 4}",55,562.4,78.3,8.171,"{'A': 0.0, 'B': 0.0, 'C': 0.07}",0.07,78.3,ns_neural_only,55,balanced,50.84,5009,3600.0,seen,0,,0.1486
62,"{'A': 0.0, 'B': 0.0, 'C': 0.0}",1,99.91,1.357,"{'A': 14, 'B': 29, 'C': 5}",48,610.8,63.5,9.11,"{'A': 0.0, 'B': 0.0, 'C': 0.0}",0.0,58.6,ns_neural_only,47,balanced,43.45,5010,3600.1,seen,0,,0.1898
62,"{'A': 0.0, 'B': 0.0, 'C': 0.0}",1,99.91,1.448,"{'A': 19, 'B': 29, 'C': 5}",53,629.9,62.0,9.289,"{'A': 0.0, 'B': 0.0, 'C': 0.0}",0.0,62.0,ns_neural_only,53,balanced,48.36,5011,3600.2,seen,0,,0.1753
62,"{'A': 0.0, 'B': 0.0, 'C': 0.0}",2,99.91,1.716,"{'A': 20, 'B': 29, 'C': 5}",54,633.2,61.7,9.365,"{'A': 0.0, 'B': 0.0, 'C': 0.0}",0.0,61.7,ns_neural_only,53,balanced,49.32,5012,3600.5,seen,0,,0.1734
49,"{'A': 0.0, 'B': 0.0, 'C': 0.0}",6,99.93,1.636,"{'A': 21, 'B': 31, 'C': 4}",56,500.7,92.4,7.234,"{'A': 0.0, 'B': 0.0, 'C': 0.0}",0.0,92.4,ns_neural_only,53,balanced,52.38,5013,3600.8,seen,0,,0.1292
60,"{'A': 0.0, 'B': 0.0, 'C': 0.0}",2,99.91,1.77,"{'A': 21, 'B': 30, 'C': 4}",55,598.0,68.5,8.802,"{'A': 0.0, 'B': 0.0, 'C': 0.0}",0.0,68.5,ns_neural_only,54,balanced,50.6,5014,3600.4,seen,0,,0.16
62,"{'A': 0.0, 'B': 0.0, 'C': 0.0}",1,99.91,1.701,"{'A': 20, 'B': 29, 'C': 2}",51,633.0,62.1,9.269,"{'A': 0.0, 'B': 0.0, 'C': 0.0}",0.0,62.1,ns_neural_only,49,balanced,46.37,5015,3600.0,seen,0,,0.1818
62,"{'A': 0.0, 'B': 0.0, 'C': 0.0}",1,99.91,1.523,"{'A': 21, 'B': 30, 'C': 5}",56,623.4,61.9,9.308,"{'A': 0.0, 'B': 0.0, 'C': 0.0}",0.0,61.9,ns_neural_only,55,balanced,51.35,5016,3600.5,seen,0,,0.1662
62,"{'A': 0.0, 'B': 0.0, 'C': 0.0}",1,99.91,1.492,"{'A': 19, 'B': 31, 'C': 5}",55,609.9,62.3,9.218,"{'A': 0.0, 'B': 0.0, 'C': 0.0}",0.0,62.3,ns_neural_only,53,balanced,50.39,5017,3600.9,seen,0,,0.1676
62,"{'A': 0.0, 'B': 0.0, 'C': 0.0}",1,99.91,1.496,"{'A': 21, 'B': 29, 'C': 4}",54,628.5,62.0,9.304,"{'A': 0.0, 'B': 0.0, 'C': 0.0}",0.0,62.0,ns_neural_only,53,balanced,49.35,5018,3600.5,seen,0,,0.1723
58,"{'A': 0.0, 'B': 0.0, 'C': 0.0}",2,99.91,1.482,"{'A': 20, 'B': 29, 'C': 4}",53,601.6,70.0,8.752,"{'A': 0.0, 'B': 0.0, 'C': 0.0}",0.0,70.0,ns_neural_only,51,balanced,48.62,5019,3600.6,seen,0,,0.1651
51,"{'A': 0.0, 'B': 0.0, 'C': 0.0}",7,99.93,2.5,"{'A': 19, 'B': 31, 'C': 4}",54,513.3,90.4,7.309,"{'A': 0.0, 'B': 0.0, 'C': 0.0}",0.0,90.4,ns_neural_only,52,balanced,50.35,5020,3600.2,seen,0,,0.1353
54,"{'A': 0.0, 'B': 0.0, 'C': 42.4}",2,99.92,1.781,"{'A': 19, 'B': 30, 'C': 4}",53,569.0,76.5,8.272,"{'A': 0.0, 'B': 0.0, 'C': 0.06}",0.06,76.5,ns_neural_only,52,balanced,48.81,5021,3600.1,seen,0,,0.1561
62,"{'A': 0.0, 'B': 0.0, 'C': 0.0}",1,99.91,1.764,"{'A': 20, 'B': 32, 'C': 4}",56,611.3,64.3,9.074,"{'A': 0.0, 'B': 0.0, 'C': 0.0}",0.0,64.3,ns_neural_only,55,balanced,51.46,5022,3600.4,seen,0,,0.162
62,"{'A': 0.0, 'B': 0.0, 'C': 0.0}",1,99.91,1.881,"{'A': 20, 'B': 32, 'C': 4}",56,631.0,62.1,9.275,"{'A': 0.0, 'B': 0.0, 'C': 0.0}",0.0,62.1,ns_neural_only,54,balanced,51.36,5023,3600.0,seen,0,,0.1656
55,"{'A': 0.0, 'B': 0.0, 'C': 0.0}",4,99.92,1.832,"{'A': 22, 'B': 30, 'C': 4}",56,564.9,78.3,8.203,"{'A': 0.0, 'B': 0.0, 'C': 0.0}",0.0,78.3,ns_neural_only,54,balanced,51.9,5024,3600.5,seen,0,,0.1465
61,"{'A': 0.0, 'B': 0.0, 'C': 0.0}",1,99.91,1.493,"{'A': 20, 'B': 30, 'C': 5}",55,622.3,62.0,9.293,"{'A': 0.0, 'B': 0.0, 'C': 0.0}",0.0,62.0,ns_neural_only,53,balanced,50.35,5025,3600.6,seen,0,,0.169
61,"{'A': 0.0, 'B': 0.0, 'C': 0.0}",2,99.91,1.618,"{'A': 21, 'B': 29, 'C': 5}",55,589.8,65.1,8.982,"{'A': 0.0, 'B': 0.0, 'C': 0.0}",0.0,65.1,ns_neural_only,55,balanced,50.51,5026,3600.2,seen,0,,0.1633
57,"{'A': 0.0, 'B': 0.0, 'C': 0.0}",6,99.92,1.776,"{'A': 13, 'B': 32, 'C': 4}",49,586.1,76.4,8.334,"{'A': 0.0, 'B': 0.0, 'C': 0.0}",0.0,76.4,ns_neural_only,48,balanced,44.83,5027,3600.8,seen,0,,0.1701
62,"{'A': 0.0, 'B': 0.0, 'C': 0.0}",1,99.91,2.066,"{'A': 21, 'B': 29, 'C': 5}",55,620.9,62.0,9.293,"{'A': 0.0, 'B': 0.0, 'C': 0.0}",0.0,62.0,ns_neural_only,54,balanced,50.35,5028,3600.2,seen,0,,0.169
62,"{'A': 0.0, 'B': 0.0, 'C': 0.0}",1,99.91,1.661,"{'A': 21, 'B': 29, 'C': 4}",54,633.0,61.8,9.329,"{'A': 0.0, 'B': 0.0, 'C': 0.0}",0.0,61.8,ns_neural_only,54,balanced,49.34,5029,3600.1,seen,0,,0.1728
49,"{'A': 0.0, 'B': 0.0, 'C': 0.0}",8,99.93,1.344,"{'A': 13, 'B': 28, 'C': 3}",44,501.6,93.8,7.068,"{'A': 0.0, 'B': 0.0, 'C': 0.0}",0.0,92.4,ns_neural_only,42,fault_burst,40.47,5000,3600.3,seen,0,,0.1606
55,"{'A': 0.0, 'B': 0.0, 'C': 0.0}",10,99.95,1.15,"{'A': 12, 'B': 11, 'C': 1}",24,346.7,100.0,4.759,"{'A': 0.0, 'B': 0.0, 'C': 0.0}",0.0,95.5,ns_neural_only,23,fault_burst,21.62,5001,3600.9,seen,0,,0.1983
55,"{'A': 0.0, 'B': 0.0, 'C': 0.0}",8,99.94,1.416,"{'A': 13, 'B': 12, 'C': 3}",28,412.2,92.6,5.911,"{'A': 0.0, 'B': 0.0, 'C': 0.0}",0.0,92.6,ns_neural_only,26,fault_burst,25.04,5002,3601.0,seen,0,,0.2111
52,"{'A': 0.0, 'B': 0.0, 'C': 85.0}",6,99.93,1.565,"{'A': 15, 'B': 22, 'C': 4}",41,464.4,92.3,6.626,"{'A': 0.0, 'B': 0.0, 'C': 0.09}",0.09,92.3,ns_neural_only,40,fault_burst,37.59,5003,3600.7,seen,0,,0.1616
52,"{'A': 0.0, 'B': 0.0, 'C': 0.0}",12,99.94,1.48,"{'A': 17, 'B': 12, 'C': 3}",32,471.1,98.9,6.496,"{'A': 0.0, 'B': 0.0, 'C': 0.0}",0.0,96.8,ns_neural_only,29,fault_burst,28.75,5004,3600.8,seen,0,,0.203
51,"{'A': 0.0, 'B': 0.0, 'C': 0.0}",10,99.93,1.621,"{'A': 14, 'B': 23, 'C': 1}",38,492.7,95.9,6.834,"{'A': 0.0, 'B': 0.0, 'C': 0.0}",0.0,94.5,ns_neural_only,38,fault_burst,34.58,5005,3600.3,seen,0,,0.1799
53,"{'A': 0.0, 'B': 0.0, 'C': 0.0}",10,99.93,1.827,"{'A': 7, 'B': 24, 'C': 3}",34,500.7,92.1,6.914,"{'A': 0.0, 'B': 0.0, 'C': 0.0}",0.0,92.1,ns_neural_only,35,fault_burst,30.54,5006,3600.9,seen,0,,0.2034
50,"{'A': 0.0, 'B': 0.0, 'C': 0.0}",9,99.93,1.625,"{'A': 13, 'B': 19, 'C': 2}",34,486.2,96.5,6.749,"{'A': 0.0, 'B': 0.0, 'C': 0.0}",0.0,95.5,ns_neural_only,33,fault_burst,30.63,5007,3600.6,seen,0,,0.1985
55,"{'A': 0.0, 'B': 0.0, 'C': 0.0}",13,99.93,1.39,"{'A': 14, 'B': 19, 'C': 3}",36,475.2,95.3,6.575,"{'A': 0.0, 'B': 0.0, 'C': 0.0}",0.0,95.3,ns_neural_only,36,fault_burst,32.71,5008,3600.5,seen,0,,0.1826
55,"{'A': 0.0, 'B': 0.0, 'C': 0.0}",12,99.93,1.719,"{'A': 15, 'B': 16, 'C': 3}",34,495.2,93.2,6.906,"{'A': 0.0, 'B': 0.0, 'C': 0.0}",0.0,93.2,ns_neural_only,34,fault_burst,30.55,5009,3600.8,seen,0,,0.2031
55,"{'A': 0.0, 'B': 0.0, 'C': 0.0}",12,99.93,1.451,"{'A': 11, 'B': 24, 'C': 4}",39,481.6,93.9,6.672,"{'A': 0.0, 'B': 0.0, 'C': 0.0}",0.0,93.9,ns_neural_only,38,fault_burst,35.66,5010,3600.8,seen,0,,0.1711
53,"{'A': 0.0, 'B': 0.0, 'C': 0.0}",9,99.93,1.326,"{'A': 13, 'B': 24, 'C': 2}",39,516.3,90.2,7.177,"{'A': 0.0, 'B': 0.0, 'C': 0.0}",0.0,90.2,ns_neural_only,38,fault_burst,35.41,5011,3600.8,seen,0,,0.184
55,"{'A': 0.0, 'B': 0.0, 'C': 0.0}",10,99.94,1.516,"{'A': 12, 'B': 18, 'C': 3}",33,419.6,93.5,5.909,"{'A': 0.0, 'B': 0.0, 'C': 0.0}",0.0,93.5,ns_neural_only,31,fault_burst,30.05,5012,3601.0,seen,0,,0.1791
60,"{'A': 0.0, 'B': 0.0, 'C': 0.0}",8,99.93,1.398,"{'A': 12, 'B': 22, 'C': 3}",37,475.5,82.1,6.82,"{'A': 0.0, 'B': 0.0, 'C': 0.0}",0.0,81.8,ns_neural_only,34,fault_burst,33.59,5013,3600.2,seen,0,,0.1843
52,"{'A': 0.0, 'B': 0.0, 'C': 0.0}",10,99.93,1.549,"{'A': 16, 'B': 20, 'C': 2}",38,505.1,93.6,7.048,"{'A': 0.0, 'B': 0.0, 'C': 0.0}",0.0,93.6,ns_neural_only,36,fault_burst,34.48,5014,3600.0,seen,0,,0.1855
52,"{'A': 0.0, 'B': 0.0, 'C': 0.0}",5,99.94,1.727,"{'A': 11, 'B': 21, 'C': 2}",34,442.8,92.9,6.322,"{'A': 0.0, 'B': 0.0, 'C': 0.0}",0.0,91.8,ns_neural_only,32,fault_burst,30.84,5015,3600.4,seen,0,,0.186
58,"{'A': 0.0, 'B': 0.0, 'C': 124.4}",7,99.93,1.472,"{'A': 15, 'B': 18, 'C': 4}",37,521.6,80.8,7.457,"{'A': 0.0, 'B': 0.0, 'C': 0.14}",0.14,79.0,ns_neural_only,35,fault_burst,33.13,5016,3600.5,seen,0,,0.2015
58,"{'A': 0.0, 'B': 0.0, 'C': 0.0}",6,99.93,1.469,"{'A': 13, 'B': 21, 'C': 3}",37,486.8,82.3,6.956,"{'A': 0.0, 'B': 0.0, 'C': 0.0}",0.0,82.3,ns_neural_only,35,fault_burst,33.52,5017,3600.3,seen,0,,0.188
54,"{'A': 0.0, 'B': 0.0, 'C': 0.0}",10,99.95,1.418,"{'A': 13, 'B': 17, 'C': 2}",32,367.7,100.0,5.106,"{'A': 0.0, 'B': 0.0, 'C': 0.0}",0.0,93.0,ns_neural_only,31,fault_burst,29.45,5018,3600.8,seen,0,,0.1596
56,"{'A': 0.0, 'B': 0.0, 'C': 0.0}",10,99.93,1.397,"{'A': 13, 'B': 20, 'C': 3}",36,463.0,90.9,6.531,"{'A': 0.0, 'B': 0.0, 'C': 0.0}",0.0,90.9,ns_neural_only,36,fault_burst,32.73,5019,3600.3,seen,0,,0.1814
55,"{'A': 0.0, 'B': 0.0, 'C': 0.0}",10,99.95,1.852,"{'A': 12, 'B': 13, 'C': 2}",27,370.7,99.0,5.152,"{'A': 0.0, 'B': 0.0, 'C': 0.0}",0.0,93.4,ns_neural_only,25,fault_burst,24.42,5020,3600.4,seen,0,,0.1908
51,"{'A': 0.0, 'B': 0.0, 'C': 0.0}",9,99.93,1.789,"{'A': 13, 'B': 25, 'C': 2}",40,484.3,95.6,6.735,"{'A': 0.0, 'B': 0.0, 'C': 0.0}",0.0,94.1,ns_neural_only,40,fault_burst,36.63,5021,3600.8,seen,0,,0.1684
52,"{'A': 0.0, 'B': 0.0, 'C': 0.0}",11,99.94,1.477,"{'A': 9, 'B': 24, 'C': 3}",36,452.7,98.2,6.234,"{'A': 0.0, 'B': 0.0, 'C': 0.0}",0.0,95.8,ns_neural_only,36,fault_burst,32.88,5022,3600.7,seen,0,,0.1732
59,"{'A': 0.0, 'B': 0.0, 'C': 0.0}",6,99.93,1.549,"{'A': 12, 'B': 20, 'C': 2}",34,484.6,80.9,6.97,"{'A': 0.0, 'B': 0.0, 'C': 0.0}",0.0,80.9,ns_neural_only,32,fault_burst,30.52,5023,3600.5,seen,0,,0.205
59,"{'A': 0.0, 'B': 0.0, 'C': 0.0}",6,99.94,1.562,"{'A': 10, 'B': 19, 'C': 4}",33,449.2,83.6,6.392,"{'A': 0.0, 'B': 0.0, 'C': 0.0}",0.0,83.6,ns_neural_only,32,fault_burst,29.8,5024,3600.8,seen,0,,0.1937
53,"{'A': 0.0, 'B': 0.0, 'C': 0.0}",8,99.94,1.514,"{'A': 9, 'B': 21, 'C': 3}",33,418.3,94.0,5.72,"{'A': 0.0, 'B': 0.0, 'C': 0.0}",0.0,94.0,ns_neural_only,33,fault_burst,30.14,5025,3600.5,seen,0,,0.1733
51,"{'A': 0.0, 'B': 0.0, 'C': 0.0}",9,99.93,1.772,"{'A': 12, 'B': 24, 'C': 3}",39,485.2,95.7,6.863,"{'A': 0.0, 'B': 0.0, 'C': 0.0}",0.0,95.0,ns_neural_only,37,fault_burst,35.57,5026,3600.2,seen,0,,0.176
54,"{'A': 0.0, 'B': 0.0, 'C': 0.0}",9,99.93,1.709,"{'A': 15, 'B': 17, 'C': 3}",35,488.2,92.5,6.902,"{'A': 0.0, 'B': 0.0, 'C': 0.0}",0.0,92.5,ns_neural_only,34,fault_burst,31.55,5027,3600.7,seen,0,,0.1972
52,"{'A': 0.0, 'B': 0.0, 'C': 0.0}",11,99.93,1.608,"{'A': 12, 'B': 23, 'C': 3}",38,508.9,93.8,7.015,"{'A': 0.0, 'B': 0.0, 'C': 0.0}",0.0,93.8,ns_neural_only,35,fault_burst,34.49,5028,3600.7,seen,0,,0.1846
57,"{'A': 0.0, 'B': 0.0, 'C': 0.0}",4,99.92,1.493,"{'A': 14, 'B': 27, 'C': 2}",43,562.5,76.8,8.154,"{'A': 0.0, 'B': 0.0, 'C': 0.0}",0.0,76.8,ns_neural_only,42,fault_burst,38.92,5029,3600.4,seen,0,,0.1896
66,"{'A': 0.0, 'B': 0.0, 'C': 475.6}",0,99.9,1.753,"{'A': 37, 'B': 61, 'C': 8}",106,643.8,3.6,10.21,"{'A': 0.0, 'B': 0.0, 'C': 1.32}",1.32,3.6,ns_neural_only,106,heavy_load,79.57,5000,3600.7,unseen,1,below_reserve@2754s,0.0963
65,"{'A': 0.0, 'B': 0.0, 'C': 464.2}",0,99.9,2.032,"{'A': 39, 'B': 60, 'C': 7}",106,652.6,2.8,10.375,"{'A': 0.0, 'B': 0.0, 'C': 1.29}",1.29,2.8,ns_neural_only,106,heavy_load,79.52,5001,3600.4,unseen,1,below_reserve@2691s,0.0979
66,"{'A': 0.0, 'B': 0.0, 'C': 260.1}",0,99.9,2.007,"{'A': 38, 'B': 60, 'C': 8}",106,641.9,3.3,10.266,"{'A': 0.0, 'B': 0.0, 'C': 0.72}",0.72,3.3,ns_neural_only,108,heavy_load,80.14,5002,3600.8,unseen,1,below_reserve@2761s,0.0969
66,"{'A': 0.0, 'B': 0.0, 'C': 274.4}",1,99.9,1.77,"{'A': 40, 'B': 44, 'C': 8}",92,617.4,7.6,9.829,"{'A': 0.0, 'B': 0.0, 'C': 0.76}",0.76,7.6,ns_neural_only,93,heavy_load,66.32,5003,3600.0,unseen,1,below_reserve@3099s,0.1068
65,"{'A': 0.0, 'B': 0.0, 'C': 360.5}",0,99.9,1.973,"{'A': 37, 'B': 60, 'C': 7}",104,655.6,2.8,10.377,"{'A': 0.0, 'B': 0.0, 'C': 1.0}",1.0,2.8,ns_neural_only,103,heavy_load,77.81,5004,3600.9,unseen,1,below_reserve@2722s,0.0998
65,"{'A': 0.0, 'B': 0.0, 'C': 280.7}",0,99.9,1.789,"{'A': 40, 'B': 58, 'C': 5}",103,655.5,3.1,10.316,"{'A': 0.0, 'B': 0.0, 'C': 0.78}",0.78,3.1,ns_neural_only,105,heavy_load,77.06,5005,3600.7,unseen,1,below_reserve@2686s,0.1002
66,"{'A': 0.0, 'B': 0.0, 'C': 203.5}",0,99.9,1.85,"{'A': 39, 'B': 62, 'C': 8}",109,643.9,2.9,10.368,"{'A': 0.0, 'B': 0.0, 'C': 0.57}",0.57,2.9,ns_neural_only,108,heavy_load,83.25,5006,3600.9,unseen,1,below_reserve@2710s,0.0951
66,"{'A': 0.0, 'B': 0.0, 'C': 455.6}",0,99.9,1.875,"{'A': 40, 'B': 58, 'C': 8}",106,643.7,3.3,10.271,"{'A': 0.0, 'B': 0.0, 'C': 1.27}",1.27,3.3,ns_neural_only,108,heavy_load,79.6,5007,3600.6,unseen,1,below_reserve@2719s,0.0969
66,"{'A': 0.0, 'B': 0.0, 'C': 324.0}",0,99.9,3.385,"{'A': 40, 'B': 58, 'C': 7}",105,643.9,3.5,10.235,"{'A': 0.0, 'B': 0.0, 'C': 0.9}",0.9,3.5,ns_neural_only,107,heavy_load,78.98,5008,3601.0,unseen,1,below_reserve@2753s,0.0975
66,"{'A': 0.0, 'B': 0.0, 'C': 545.7}",0,99.9,2.115,"{'A': 39, 'B': 60, 'C': 8}",107,643.4,3.5,10.221,"{'A': 0.0, 'B': 0.0, 'C': 1.52}",1.52,3.5,ns_neural_only,107,heavy_load,80.37,5009,3600.7,unseen,1,below_reserve@2773s,0.0955
66,"{'A': 0.0, 'B': 0.0, 'C': 441.4}",0,99.9,2.558,"{'A': 26, 'B': 61, 'C': 9}",96,643.8,3.3,10.283,"{'A': 0.0, 'B': 0.0, 'C': 1.23}",1.23,3.3,ns_neural_only,96,heavy_load,69.63,5010,3600.8,unseen,1,below_reserve@2715s,0.1071
66,"{'A': 0.0, 'B': 0.0, 'C': 362.3}",0,99.9,1.793,"{'A': 42, 'B': 59, 'C': 8}",109,643.8,3.2,10.306,"{'A': 0.0, 'B': 0.0, 'C': 1.01}",1.01,3.2,ns_neural_only,108,heavy_load,82.84,5011,3600.7,unseen,1,below_reserve@2710s,0.0946
66,"{'A': 0.0, 'B': 0.0, 'C': 387.9}",0,99.9,1.942,"{'A': 41, 'B': 57, 'C': 9}",107,643.7,3.1,10.313,"{'A': 0.0, 'B': 0.0, 'C': 1.08}",1.08,3.1,ns_neural_only,107,heavy_load,80.77,5012,3600.5,unseen,1,below_reserve@2706s,0.0964
66,"{'A': 0.0, 'B': 0.0, 'C': 482.7}",0,99.9,2.013,"{'A': 38, 'B': 61, 'C': 8}",107,643.7,3.3,10.274,"{'A': 0.0, 'B': 0.0, 'C': 1.34}",1.34,3.3,ns_neural_only,107,heavy_load,80.52,5013,3600.6,unseen,1,below_reserve@2753s,0.096
66,"{'A': 0.0, 'B': 0.0, 'C': 297.8}",0,99.9,2.37,"{'A': 38, 'B': 61, 'C': 8}",107,641.9,3.3,10.273,"{'A': 0.0, 'B': 0.0, 'C': 0.83}",0.83,3.3,ns_neural_only,107,heavy_load,81.04,5014,3600.8,unseen,1,below_reserve@2742s,0.096
65,"{'A': 0.0, 'B': 0.0, 'C': 320.4}",0,99.9,1.89,"{'A': 39, 'B': 58, 'C': 4}",101,648.5,3.8,10.172,"{'A': 0.0, 'B': 0.0, 'C': 0.89}",0.89,3.8,ns_neural_only,105,heavy_load,75.02,5015,3600.8,unseen,1,below_reserve@2773s,0.1007
65,"{'A': 0.0, 'B': 0.0, 'C': 300.3}",0,99.9,2.04,"{'A': 38, 'B': 62, 'C': 8}",108,647.9,2.6,10.42,"{'A': 0.0, 'B': 0.0, 'C': 0.83}",0.83,2.6,ns_neural_only,111,heavy_load,81.96,5016,3600.3,unseen,1,below_reserve@2681s,0.0965
65,"{'A': 0.0, 'B': 0.0, 'C': 637.2}",0,99.9,1.788,"{'A': 41, 'B': 58, 'C': 6}",105,648.8,3.3,10.277,"{'A': 0.0, 'B': 0.0, 'C': 1.77}",1.77,3.3,ns_neural_only,108,heavy_load,78.09,5017,3600.7,unseen,1,below_reserve@2773s,0.0979
65,"{'A': 0.0, 'B': 0.0, 'C': 279.8}",0,99.9,3.229,"{'A': 37, 'B': 61, 'C': 8}",106,649.4,3.0,10.33,"{'A': 0.0, 'B': 0.0, 'C': 0.78}",0.78,3.0,ns_neural_only,107,heavy_load,80.06,5018,3600.2,unseen,1,below_reserve@2683s,0.0975
66,"{'A': 0.0, 'B': 0.0, 'C': 509.2}",0,99.9,1.967,"{'A': 38, 'B': 60, 'C': 8}",106,641.9,3.3,10.266,"{'A': 0.0, 'B': 0.0, 'C': 1.41}",1.41,3.3,ns_neural_only,107,heavy_load,79.45,5019,3600.8,unseen,1,below_reserve@2761s,0.0969
65,"{'A': 0.0, 'B': 0.0, 'C': 486.0}",0,99.9,2.997,"{'A': 39, 'B': 58, 'C': 7}",104,650.9,3.1,10.312,"{'A': 0.0, 'B': 0.0, 'C': 1.35}",1.35,3.1,ns_neural_only,106,heavy_load,77.49,5020,3600.0,unseen,1,below_reserve@2721s,0.0992
65,"{'A': 0.0, 'B': 0.0, 'C': 428.0}",0,99.9,2.045,"{'A': 40, 'B': 57, 'C': 7}",104,647.2,3.1,10.313,"{'A': 0.0, 'B': 0.0, 'C': 1.19}",1.19,3.1,ns_neural_only,107,heavy_load,77.65,5021,3600.4,unseen,1,below_reserve@2710s,0.0992
66,"{'A': 0.0, 'B': 0.0, 'C': 597.0}",0,99.9,2.064,"{'A': 38, 'B': 61, 'C': 7}",106,643.8,3.5,10.229,"{'A': 0.0, 'B': 0.0, 'C': 1.66}",1.66,3.5,ns_neural_only,108,heavy_load,79.23,5022,3600.8,unseen,1,below_reserve@2753s,0.0965
65,"{'A': 0.0, 'B': 0.0, 'C': 757.0}",0,99.9,1.962,"{'A': 38, 'B': 59, 'C': 6}",103,648.8,3.4,10.242,"{'A': 0.0, 'B': 0.0, 'C': 2.1}",2.1,3.4,ns_neural_only,104,heavy_load,75.78,5023,3600.7,unseen,1,below_reserve@2794s,0.0994
65,"{'A': 0.0, 'B': 0.0, 'C': 497.9}",0,99.9,2.62,"{'A': 37, 'B': 63, 'C': 8}",108,655.5,2.4,10.472,"{'A': 0.0, 'B': 0.0, 'C': 1.38}",1.38,2.4,ns_neural_only,108,heavy_load,81.38,5024,3600.8,unseen,1,below_reserve@2762s,0.097
65,"{'A': 0.0, 'B': 0.0, 'C': 603.4}",0,99.9,2.443,"{'A': 37, 'B': 57, 'C': 9}",103,655.5,2.5,10.448,"{'A': 0.0, 'B': 0.0, 'C': 1.68}",1.68,2.5,ns_neural_only,106,heavy_load,76.1,5025,3600.8,unseen,1,below_reserve@2683s,0.1014
65,"{'A': 0.0, 'B': 0.0, 'C': 235.7}",0,99.9,2.036,"{'A': 39, 'B': 58, 'C': 7}",104,655.3,2.6,10.431,"{'A': 0.0, 'B': 0.0, 'C': 0.65}",0.65,2.6,ns_neural_only,107,heavy_load,78.13,5026,3600.3,unseen,1,below_reserve@2699s,0.1003
67,"{'A': 0.0, 'B': 0.0, 'C': 350.8}",0,99.9,1.968,"{'A': 28, 'B': 58, 'C': 9}",95,632.0,4.0,10.115,"{'A': 0.0, 'B': 0.0, 'C': 0.97}",0.97,4.0,ns_neural_only,96,heavy_load,68.97,5027,3600.5,unseen,1,below_reserve@2790s,0.1065
65,"{'A': 0.0, 'B': 0.0, 'C': 673.2}",0,99.9,2.496,"{'A': 40, 'B': 58, 'C': 7}",105,644.8,3.2,10.293,"{'A': 0.0, 'B': 0.0, 'C': 1.87}",1.87,3.2,ns_neural_only,108,heavy_load,77.98,5028,3600.5,unseen,1,below_reserve@2762s,0.098
66,"{'A': 0.0, 'B': 0.0, 'C': 317.0}",0,99.9,1.899,"{'A': 25, 'B': 60, 'C': 8}",93,640.2,4.1,10.1,"{'A': 0.0, 'B': 0.0, 'C': 0.88}",0.88,4.1,ns_neural_only,96,heavy_load,67.07,5029,3600.5,unseen,1,below_reserve@2802s,0.1086
50,"{'A': 0.0, 'B': 0.0, 'C': 0.0}",5,99.92,1.537,"{'A': 20, 'B': 31, 'C': 4}",55,502.0,87.3,7.784,"{'A': 0.0, 'B': 0.0, 'C': 0.0}",0.0,87.3,ns_neural_only,53,heavy_parts,51.11,5000,3600.2,unseen,0,,0.1415
57,"{'A': 0.0, 'B': 0.0, 'C': 0.0}",4,99.91,1.618,"{'A': 20, 'B': 31, 'C': 4}",55,590.8,70.2,9.084,"{'A': 0.0, 'B': 0.0, 'C': 0.0}",0.0,70.2,ns_neural_only,55,heavy_parts,50.46,5001,3600.8,unseen,0,,0.1652
64,"{'A': 0.0, 'B': 0.0, 'C': 0.0}",1,99.9,1.445,"{'A': 20, 'B': 33, 'C': 4}",57,621.7,58.5,9.74,"{'A': 0.0, 'B': 0.0, 'C': 0.0}",0.0,58.5,ns_neural_only,54,heavy_parts,52.13,5002,3600.0,unseen,0,,0.1709
59,"{'A': 0.0, 'B': 0.0, 'C': 0.0}",4,99.91,1.429,"{'A': 19, 'B': 21, 'C': 5}",45,533.4,71.6,8.724,"{'A': 0.0, 'B': 0.0, 'C': 0.0}",0.0,71.6,ns_neural_only,45,heavy_parts,40.64,5003,3600.7,unseen,0,,0.1939
56,"{'A': 0.0, 'B': 0.0, 'C': 0.0}",4,99.92,1.405,"{'A': 21, 'B': 29, 'C': 3}",53,522.0,77.2,8.315,"{'A': 0.0, 'B': 0.0, 'C': 0.0}",0.0,77.2,ns_neural_only,52,heavy_parts,48.84,5004,3600.4,unseen,0,,0.1569
64,"{'A': 0.0, 'B': 0.0, 'C': 0.0}",0,99.9,1.982,"{'A': 21, 'B': 28, 'C': 4}",53,633.7,54.6,9.994,"{'A': 0.0, 'B': 0.0, 'C': 0.0}",0.0,54.6,ns_neural_only,54,heavy_parts,48.0,5005,3600.9,unseen,0,,0.1886
54,"{'A': 0.0, 'B': 0.0, 'C': 0.0}",5,99.92,1.685,"{'A': 19, 'B': 30, 'C': 4}",53,523.5,80.2,8.218,"{'A': 0.0, 'B': 0.0, 'C': 0.0}",0.0,80.2,ns_neural_only,52,heavy_parts,48.89,5006,3600.4,unseen,0,,0.1551
57,"{'A': 0.0, 'B': 0.0, 'C': 0.0}",2,99.91,1.578,"{'A': 19, 'B': 30, 'C': 4}",53,525.1,73.6,8.574,"{'A': 0.0, 'B': 0.0, 'C': 0.0}",0.0,73.6,ns_neural_only,51,heavy_parts,48.71,5007,3600.4,unseen,0,,0.1618
60,"{'A': 0.0, 'B': 0.0, 'C': 0.0}",1,99.9,1.875,"{'A': 20, 'B': 29, 'C': 4}",53,608.8,62.8,9.502,"{'A': 0.0, 'B': 0.0, 'C': 0.0}",0.0,62.8,ns_neural_only,52,heavy_parts,48.25,5008,3600.9,unseen,0,,0.1793
54,"{'A': 0.0, 'B': 0.0, 'C': 0.0}",4,99.92,1.541,"{'A': 21, 'B': 29, 'C': 4}",54,537.3,78.8,8.321,"{'A': 0.0, 'B': 0.0, 'C': 0.0}",0.0,78.8,ns_neural_only,53,heavy_parts,49.84,5009,3600.6,unseen,0,,0.1541
50,"{'A': 0.0, 'B': 0.0, 'C': 0.0}",6,99.92,1.468,"{'A': 14, 'B': 31, 'C': 5}",50,474.1,89.1,7.552,"{'A': 0.0, 'B': 0.0, 'C': 0.0}",0.0,89.1,ns_neural_only,47,heavy_parts,46.22,5010,3600.5,unseen,0,,0.151
52,"{'A': 0.0, 'B': 0.0, 'C': 406.3}",4,99.92,1.401,"{'A': 19, 'B': 32, 'C': 4}",55,504.8,83.2,7.999,"{'A': 0.0, 'B': 0.0, 'C': 0.56}",0.56,83.2,ns_neural_only,53,heavy_parts,50.44,5011,3600.5,unseen,0,,0.1454
58,"{'A': 0.0, 'B': 0.0, 'C': 0.0}",2,99.91,1.461,"{'A': 20, 'B': 32, 'C': 5}",57,567.4,71.7,8.838,"{'A': 0.0, 'B': 0.0, 'C': 0.0}",0.0,71.7,ns_neural_only,55,heavy_parts,52.58,5012,3600.8,unseen,0,,0.155
55,"{'A': 0.0, 'B': 0.0, 'C': 0.0}",4,99.91,1.643,"{'A': 19, 'B': 29, 'C': 5}",53,555.5,76.7,8.531,"{'A': 0.0, 'B': 0.0, 'C': 0.0}",0.0,76.7,ns_neural_only,52,heavy_parts,48.73,5013,3600.3,unseen,0,,0.161
59,"{'A': 0.0, 'B': 0.0, 'C': 0.0}",5,99.91,1.743,"{'A': 20, 'B': 31, 'C': 4}",55,565.4,71.6,8.819,"{'A': 0.0, 'B': 0.0, 'C': 0.0}",0.0,71.6,ns_neural_only,54,heavy_parts,50.59,5014,3600.6,unseen,0,,0.1604
59,"{'A': 0.0, 'B': 0.0, 'C': 0.0}",4,99.91,1.457,"{'A': 20, 'B': 31, 'C': 2}",53,535.9,72.8,8.538,"{'A': 0.0, 'B': 0.0, 'C': 0.0}",0.0,72.8,ns_neural_only,52,heavy_parts,48.73,5015,3600.2,unseen,0,,0.1611
58,"{'A': 0.0, 'B': 0.0, 'C': 0.0}",3,99.91,1.461,"{'A': 20, 'B': 29, 'C': 4}",53,539.9,73.9,8.553,"{'A': 0.0, 'B': 0.0, 'C': 0.0}",0.0,73.9,ns_neural_only,53,heavy_parts,48.72,5016,3600.3,unseen,0,,0.1614
61,"{'A': 0.0, 'B': 0.0, 'C': 0.0}",1,99.91,1.52,"{'A': 19, 'B': 30, 'C': 4}",53,604.3,63.1,9.425,"{'A': 0.0, 'B': 0.0, 'C': 0.0}",0.0,63.1,ns_neural_only,53,heavy_parts,48.29,5017,3600.5,unseen,0,,0.1778
52,"{'A': 0.0, 'B': 0.0, 'C': 0.0}",3,99.92,1.527,"{'A': 20, 'B': 31, 'C': 4}",55,493.4,84.1,7.887,"{'A': 0.0, 'B': 0.0, 'C': 0.0}",0.0,84.1,ns_neural_only,53,heavy_parts,51.06,5018,3600.1,unseen,0,,0.1434
51,"{'A': 21.3, 'B': 0.0, 'C': 0.0}",3,99.92,2.176,"{'A': 20, 'B': 30, 'C': 4}",54,480.3,86.2,7.684,"{'A': 0.12, 'B': 0.0, 'C': 0.0}",0.12,86.2,ns_neural_only,54,heavy_parts,50.04,5019,3600.6,unseen,0,,0.1423
55,"{'A': 0.0, 'B': 0.0, 'C': 0.0}",6,99.92,1.454,"{'A': 19, 'B': 30, 'C': 4}",53,526.6,78.6,8.401,"{'A': 0.0, 'B': 0.0, 'C': 0.0}",0.0,78.6,ns_neural_only,53,heavy_parts,48.8,5020,3600.2,unseen,0,,0.1585
62,"{'A': 0.0, 'B': 0.0, 'C': 0.0}",2,99.91,1.629,"{'A': 21, 'B': 30, 'C': 4}",55,606.0,63.0,9.426,"{'A': 0.0, 'B': 0.0, 'C': 0.0}",0.0,63.0,ns_neural_only,55,heavy_parts,50.29,5021,3601.0,unseen,0,,0.1714
62,"{'A': 0.0, 'B': 0.0, 'C': 0.0}",3,99.9,1.828,"{'A': 20, 'B': 30, 'C': 5}",55,600.5,63.0,9.507,"{'A': 0.0, 'B': 0.0, 'C': 0.0}",0.0,63.0,ns_neural_only,54,heavy_parts,50.25,5022,3600.7,unseen,0,,0.1728
60,"{'A': 0.0, 'B': 0.0, 'C': 0.0}",2,99.91,1.614,"{'A': 19, 'B': 30, 'C': 4}",53,600.0,64.1,9.369,"{'A': 0.0, 'B': 0.0, 'C': 0.0}",0.0,64.1,ns_neural_only,53,heavy_parts,48.32,5023,3600.5,unseen,0,,0.1768
53,"{'A': 0.0, 'B': 0.0, 'C': 0.0}",6,99.92,1.504,"{'A': 21, 'B': 30, 'C': 4}",55,507.2,84.3,7.984,"{'A': 0.0, 'B': 0.0, 'C': 0.0}",0.0,84.3,ns_neural_only,54,heavy_parts,51.01,5024,3600.6,unseen,0,,0.1452
53,"{'A': 0.0, 'B': 0.0, 'C': 0.0}",2,99.92,1.7,"{'A': 19, 'B': 29, 'C': 5}",53,508.6,79.5,8.238,"{'A': 0.0, 'B': 0.0, 'C': 0.0}",0.0,79.5,ns_neural_only,52,heavy_parts,48.88,5025,3600.0,unseen,0,,0.1554
53,"{'A': 0.0, 'B': 0.0, 'C': 0.0}",3,99.92,1.485,"{'A': 21, 'B': 30, 'C': 5}",56,520.1,81.1,8.191,"{'A': 0.0, 'B': 0.0, 'C': 0.0}",0.0,81.1,ns_neural_only,54,heavy_parts,51.9,5026,3600.6,unseen,0,,0.1463
51,"{'A': 0.0, 'B': 0.0, 'C': 0.0}",7,99.93,1.55,"{'A': 13, 'B': 31, 'C': 4}",48,470.4,90.3,7.317,"{'A': 0.0, 'B': 0.0, 'C': 0.0}",0.0,90.3,ns_neural_only,48,heavy_parts,44.34,5027,3600.1,unseen,0,,0.1524
58,"{'A': 0.0, 'B': 0.0, 'C': 0.0}",1,99.91,1.94,"{'A': 20, 'B': 30, 'C': 4}",54,560.5,68.1,8.955,"{'A': 0.0, 'B': 0.0, 'C': 0.0}",0.0,68.1,ns_neural_only,53,heavy_parts,49.52,5028,3600.1,unseen,0,,0.1658
54,"{'A': 0.0, 'B': 0.0, 'C': 0.0}",6,99.92,1.864,"{'A': 14, 'B': 31, 'C': 5}",50,484.1,83.9,7.772,"{'A': 0.0, 'B': 0.0, 'C': 0.0}",0.0,83.9,ns_neural_only,48,heavy_parts,46.11,5029,3600.2,unseen,0,,0.1554
65,"{'A': 0.0, 'B': 0.0, 'C': 0.0}",0,99.9,1.926,"{'A': 40, 'B': 58, 'C': 8}",106,655.2,53.6,10.205,"{'A': 0.0, 'B': 0.0, 'C': 0.0}",0.0,53.6,ns_neural_only,108,high_demand,100.9,5000,3600.0,seen,0,,0.0963
65,"{'A': 0.0, 'B': 0.0, 'C': 0.0}",0,99.9,1.79,"{'A': 38, 'B': 62, 'C': 9}",109,650.5,54.2,10.076,"{'A': 0.0, 'B': 0.0, 'C': 0.0}",0.0,54.2,ns_neural_only,110,high_demand,103.96,5001,3600.0,seen,0,,0.0924
65,"{'A': 0.0, 'B': 0.0, 'C': 0.0}",0,99.9,1.814,"{'A': 39, 'B': 59, 'C': 8}",106,646.4,54.6,9.981,"{'A': 0.0, 'B': 0.0, 'C': 0.0}",0.0,54.6,ns_neural_only,107,high_demand,101.01,5002,3600.5,seen,0,,0.0942
65,"{'A': 0.0, 'B': 0.0, 'C': 0.0}",0,99.9,1.932,"{'A': 38, 'B': 45, 'C': 9}",92,651.3,54.2,10.07,"{'A': 0.0, 'B': 0.0, 'C': 0.0}",0.0,54.2,ns_neural_only,95,high_demand,86.96,5003,3600.0,seen,0,,0.1095
65,"{'A': 0.0, 'B': 0.0, 'C': 0.0}",0,99.9,2.364,"{'A': 40, 'B': 59, 'C': 8}",107,655.6,53.7,10.177,"{'A': 0.0, 'B': 0.0, 'C': 0.0}",0.0,53.7,ns_neural_only,108,high_demand,101.91,5004,3601.0,seen,0,,0.0951
65,"{'A': 0.0, 'B': 0.0, 'C': 0.0}",0,99.9,2.123,"{'A': 39, 'B': 60, 'C': 7}",106,655.4,54.2,10.083,"{'A': 0.0, 'B': 0.0, 'C': 0.0}",0.0,54.2,ns_neural_only,106,high_demand,100.96,5005,3600.6,seen,0,,0.0951
64,"{'A': 0.0, 'B': 0.0, 'C': 0.0}",0,99.9,2.522,"{'A': 37, 'B': 61, 'C': 8}",106,667.1,53.5,10.226,"{'A': 0.0, 'B': 0.0, 'C': 0.0}",0.0,53.5,ns_neural_only,107,high_demand,100.89,5006,3600.4,seen,0,,0.0965
65,"{'A': 0.0, 'B': 0.0, 'C': 0.0}",0,99.9,1.989,"{'A': 40, 'B': 59, 'C': 9}",108,649.9,54.2,10.077,"{'A': 0.0, 'B': 0.0, 'C': 0.0}",0.0,54.2,ns_neural_only,108,high_demand,102.96,5007,3600.4,seen,0,,0.0933
64,"{'A': 0.0, 'B': 0.0, 'C': 0.0}",0,99.9,1.83,"{'A': 38, 'B': 61, 'C': 8}",107,663.0,53.1,10.314,"{'A': 0.0, 'B': 0.0, 'C': 0.0}",0.0,53.1,ns_neural_only,107,high_demand,101.84,5008,3600.9,seen,0,,0.0964
64,"{'A': 0.0, 'B': 0.0, 'C': 0.0}",0,99.9,1.785,"{'A': 39, 'B': 59, 'C': 7}",105,657.9,53.6,10.202,"{'A': 0.0, 'B': 0.0, 'C': 0.0}",0.0,53.6,ns_neural_only,106,high_demand,99.9,5009,3600.0,seen,0,,0.0972
65,"{'A': 0.0, 'B': 0.0, 'C': 0.0}",0,99.9,1.819,"{'A': 28, 'B': 62, 'C': 9}",99,655.3,54.2,10.082,"{'A': 0.0, 'B': 0.0, 'C': 0.0}",0.0,54.2,ns_neural_only,98,high_demand,93.96,5010,3600.2,seen,0,,0.1018
66,"{'A': 0.0, 'B': 0.0, 'C': 69.8}",0,99.9,2.303,"{'A': 41, 'B': 60, 'C': 8}",109,643.7,54.7,9.956,"{'A': 0.0, 'B': 0.0, 'C': 0.19}",0.19,54.7,ns_neural_only,110,high_demand,103.83,5011,3600.6,seen,0,,0.0913
65,"{'A': 0.0, 'B': 0.0, 'C': 0.0}",0,99.9,1.926,"{'A': 39, 'B': 60, 'C': 8}",107,645.6,54.3,10.053,"{'A': 0.0, 'B': 0.0, 'C': 0.0}",0.0,54.3,ns_neural_only,110,high_demand,101.97,5012,3600.4,seen,0,,0.094
64,"{'A': 0.0, 'B': 0.0, 'C': 0.0}",0,99.9,1.786,"{'A': 39, 'B': 58, 'C': 8}",105,659.6,53.4,10.251,"{'A': 0.0, 'B': 0.0, 'C': 0.0}",0.0,53.4,ns_neural_only,109,high_demand,99.87,5013,3600.4,seen,0,,0.0976
61,"{'A': 0.0, 'B': 0.0, 'C': 0.0}",1,99.9,1.824,"{'A': 40, 'B': 60, 'C': 8}",108,620.0,61.6,9.642,"{'A': 0.0, 'B': 0.0, 'C': 0.0}",0.0,61.6,ns_neural_only,108,high_demand,103.18,5014,3600.7,seen,0,,0.0893
65,"{'A': 0.0, 'B': 0.0, 'C': 0.0}",0,99.9,2.278,"{'A': 40, 'B': 57, 'C': 6}",103,655.3,54.4,10.034,"{'A': 0.0, 'B': 0.0, 'C': 0.0}",0.0,54.4,ns_neural_only,104,high_demand,97.98,5015,3600.3,seen,0,,0.0974
65,"{'A': 0.0, 'B': 0.0, 'C': 0.0}",0,99.9,1.958,"{'A': 37, 'B': 59, 'C': 9}",105,650.1,54.1,10.095,"{'A': 0.0, 'B': 0.0, 'C': 0.0}",0.0,54.1,ns_neural_only,108,high_demand,99.95,5016,3600.8,seen,0,,0.0961
65,"{'A': 0.0, 'B': 0.0, 'C': 0.0}",0,99.9,2.124,"{'A': 37, 'B': 58, 'C': 9}",104,648.1,54.4,10.034,"{'A': 0.0, 'B': 0.0, 'C': 0.0}",0.0,54.4,ns_neural_only,107,high_demand,98.98,5017,3600.7,seen,0,,0.0965
65,"{'A': 0.0, 'B': 0.0, 'C': 0.0}",0,99.9,2.389,"{'A': 38, 'B': 59, 'C': 8}",105,655.2,54.1,10.095,"{'A': 0.0, 'B': 0.0, 'C': 0.0}",0.0,54.1,ns_neural_only,109,high_demand,99.95,5018,3600.0,seen,0,,0.0961
66,"{'A': 0.0, 'B': 0.0, 'C': 0.0}",0,99.9,2.01,"{'A': 39, 'B': 56, 'C': 9}",104,643.6,54.8,9.95,"{'A': 0.0, 'B': 0.0, 'C': 0.0}",0.0,54.8,ns_neural_only,106,high_demand,99.03,5019,3600.2,seen,0,,0.0957
65,"{'A': 0.0, 'B': 0.0, 'C': 2.0}",0,99.9,1.879,"{'A': 37, 'B': 59, 'C': 10}",106,647.3,54.4,10.038,"{'A': 0.0, 'B': 0.0, 'C': 0.01}",0.01,54.4,ns_neural_only,109,high_demand,100.98,5020,3600.8,seen,0,,0.0947
65,"{'A': 0.0, 'B': 0.0, 'C': 0.0}",0,99.9,1.699,"{'A': 40, 'B': 58, 'C': 8}",106,655.2,53.5,10.234,"{'A': 0.0, 'B': 0.0, 'C': 0.0}",0.0,53.5,ns_neural_only,107,high_demand,100.88,5021,3600.0,seen,0,,0.0965
65,"{'A': 0.0, 'B': 0.0, 'C': 0.0}",0,99.9,2.493,"{'A': 38, 'B': 60, 'C': 8}",106,655.2,54.0,10.128,"{'A': 0.0, 'B': 0.0, 'C': 0.0}",0.0,54.0,ns_neural_only,107,high_demand,100.94,5022,3600.1,seen,0,,0.0955
64,"{'A': 0.0, 'B': 0.0, 'C': 0.0}",0,99.9,2.351,"{'A': 37, 'B': 58, 'C': 8}",103,664.1,53.8,10.165,"{'A': 0.0, 'B': 0.0, 'C': 0.0}",0.0,53.8,ns_neural_only,106,high_demand,97.92,5023,3600.8,seen,0,,0.0987
65,"{'A': 0.0, 'B': 0.0, 'C': 0.0}",0,99.9,2.257,"{'A': 37, 'B': 62, 'C': 9}",108,655.3,53.8,10.161,"{'A': 0.0, 'B': 0.0, 'C': 0.0}",0.0,53.8,ns_neural_only,109,high_demand,102.92,5024,3600.3,seen,0,,0.0941
65,"{'A': 0.0, 'B': 0.0, 'C': 0.0}",0,99.9,2.286,"{'A': 38, 'B': 58, 'C': 9}",105,646.5,54.3,10.063,"{'A': 0.0, 'B': 0.0, 'C': 0.0}",0.0,54.3,ns_neural_only,108,high_demand,99.97,5025,3600.8,seen,0,,0.0958
64,"{'A': 0.0, 'B': 0.0, 'C': 0.0}",0,99.9,2.523,"{'A': 40, 'B': 62, 'C': 8}",110,663.0,53.5,10.232,"{'A': 0.0, 'B': 0.0, 'C': 0.0}",0.0,53.5,ns_neural_only,111,high_demand,104.88,5026,3600.9,seen,0,,0.093
63,"{'A': 0.0, 'B': 0.0, 'C': 0.0}",1,99.9,2.323,"{'A': 26, 'B': 61, 'C': 8}",95,621.2,60.6,9.603,"{'A': 0.0, 'B': 0.0, 'C': 0.0}",0.0,60.6,ns_neural_only,97,high_demand,90.2,5027,3600.8,seen,0,,0.1011
65,"{'A': 0.0, 'B': 0.0, 'C': 0.0}",0,99.9,2.068,"{'A': 36, 'B': 62, 'C': 10}",108,651.6,53.9,10.141,"{'A': 0.0, 'B': 0.0, 'C': 0.0}",0.0,53.9,ns_neural_only,109,high_demand,102.93,5028,3600.9,seen,0,,0.0939
66,"{'A': 0.0, 'B': 0.0, 'C': 0.0}",0,99.9,1.87,"{'A': 28, 'B': 57, 'C': 9}",94,620.1,55.2,9.86,"{'A': 0.0, 'B': 0.0, 'C': 0.0}",0.0,55.2,ns_neural_only,96,high_demand,89.07,5029,3600.0,seen,0,,0.1049
58,"{'A': 0.0, 'B': 0.0, 'C': 0.0}",2,99.91,1.641,"{'A': 20, 'B': 32, 'C': 4}",56,613.4,65.0,9.342,"{'A': 0.0, 'B': 0.0, 'C': 0.0}",0.0,65.0,ns_neural_only,54,hot_factory,51.33,5000,3600.7,unseen,0,,0.1668
58,"{'A': 0.0, 'B': 0.0, 'C': 0.0}",2,99.91,1.4,"{'A': 19, 'B': 32, 'C': 4}",55,581.9,67.4,9.125,"{'A': 0.0, 'B': 0.0, 'C': 0.0}",0.0,67.4,ns_neural_only,53,hot_factory,50.44,5001,3600.9,unseen,0,,0.1659
61,"{'A': 0.0, 'B': 0.0, 'C': 0.0}",1,99.9,1.469,"{'A': 20, 'B': 32, 'C': 4}",56,630.5,60.4,9.669,"{'A': 0.0, 'B': 0.0, 'C': 0.0}",0.0,60.4,ns_neural_only,54,hot_factory,51.17,5002,3600.7,unseen,0,,0.1727
60,"{'A': 0.0, 'B': 0.0, 'C': 0.0}",4,99.91,1.869,"{'A': 20, 'B': 21, 'C': 4}",45,540.2,71.0,8.571,"{'A': 0.0, 'B': 0.0, 'C': 0.0}",0.0,71.0,ns_neural_only,45,hot_factory,40.71,5003,3600.2,unseen,0,,0.1905
60,"{'A': 0.0, 'B': 0.0, 'C': 0.0}",1,99.9,1.791,"{'A': 21, 'B': 30, 'C': 4}",55,635.5,60.0,9.694,"{'A': 0.0, 'B': 0.0, 'C': 0.0}",0.0,60.0,ns_neural_only,53,hot_factory,50.15,5004,3600.5,unseen,0,,0.1763
62,"{'A': 0.0, 'B': 0.0, 'C': 0.0}",2,99.91,1.923,"{'A': 21, 'B': 32, 'C': 4}",57,588.7,64.3,9.216,"{'A': 0.0, 'B': 0.0, 'C': 0.0}",0.0,64.3,ns_neural_only,56,hot_factory,52.39,5005,3600.5,unseen,0,,0.1617
59,"{'A': 0.0, 'B': 0.0, 'C': 0.0}",2,99.91,1.761,"{'A': 20, 'B': 30, 'C': 4}",54,591.1,66.7,9.136,"{'A': 0.0, 'B': 0.0, 'C': 0.0}",0.0,66.7,ns_neural_only,52,hot_factory,49.43,5006,3600.6,unseen,0,,0.1692
61,"{'A': 0.0, 'B': 0.0, 'C': 0.0}",1,99.9,1.437,"{'A': 21, 'B': 31, 'C': 4}",56,631.3,60.5,9.646,"{'A': 0.0, 'B': 0.0, 'C': 0.0}",0.0,60.5,ns_neural_only,54,hot_factory,51.18,5007,3600.6,unseen,0,,0.1723
61,"{'A': 0.0, 'B': 0.0, 'C': 0.0}",1,99.9,1.527,"{'A': 21, 'B': 31, 'C': 4}",56,622.7,60.2,9.661,"{'A': 0.0, 'B': 0.0, 'C': 0.0}",0.0,60.2,ns_neural_only,56,hot_factory,51.17,5008,3600.7,unseen,0,,0.1725
61,"{'A': 0.0, 'B': 0.0, 'C': 0.0}",1,99.91,1.533,"{'A': 20, 'B': 29, 'C': 4}",53,600.4,61.1,9.467,"{'A': 0.0, 'B': 0.0, 'C': 0.0}",0.0,61.1,ns_neural_only,52,hot_factory,48.27,5009,3600.5,unseen,0,,0.1786
58,"{'A': 0.0, 'B': 0.0, 'C': 0.0}",2,99.91,1.699,"{'A': 15, 'B': 31, 'C': 4}",50,580.3,68.5,8.982,"{'A': 0.0, 'B': 0.0, 'C': 0.0}",0.0,65.0,ns_neural_only,49,hot_factory,45.51,5010,3600.9,unseen,0,,0.1796
61,"{'A': 0.0, 'B': 0.0, 'C': 0.0}",1,99.91,1.695,"{'A': 18, 'B': 32, 'C': 5}",55,601.1,61.4,9.457,"{'A': 0.0, 'B': 0.0, 'C': 0.0}",0.0,61.4,ns_neural_only,55,hot_factory,50.27,5011,3600.4,unseen,0,,0.1719
62,"{'A': 0.0, 'B': 0.0, 'C': 0.0}",1,99.91,1.76,"{'A': 19, 'B': 30, 'C': 4}",53,607.7,61.2,9.488,"{'A': 0.0, 'B': 0.0, 'C': 0.0}",0.0,61.2,ns_neural_only,54,hot_factory,48.26,5012,3600.3,unseen,0,,0.179
61,"{'A': 0.0, 'B': 0.0, 'C': 0.0}",1,99.9,1.441,"{'A': 20, 'B': 30, 'C': 5}",55,606.7,61.1,9.51,"{'A': 0.0, 'B': 0.0, 'C': 0.0}",0.0,61.1,ns_neural_only,54,hot_factory,50.25,5013,3600.7,unseen,0,,0.1729
61,"{'A': 0.0, 'B': 0.0, 'C': 0.0}",1,99.91,1.359,"{'A': 21, 'B': 31, 'C': 4}",56,596.1,61.5,9.415,"{'A': 0.0, 'B': 0.0, 'C': 0.0}",0.0,61.5,ns_neural_only,54,hot_factory,51.29,5014,3600.5,unseen,0,,0.1681
60,"{'A': 0.0, 'B': 0.0, 'C': 0.0}",1,99.9,1.52,"{'A': 21, 'B': 30, 'C': 4}",55,642.8,60.1,9.727,"{'A': 0.0, 'B': 0.0, 'C': 0.0}",0.0,60.1,ns_neural_only,53,hot_factory,50.14,5015,3600.2,unseen,0,,0.1768
61,"{'A': 0.0, 'B': 0.0, 'C': 0.0}",1,99.9,1.973,"{'A': 20, 'B': 29, 'C': 4}",53,613.7,61.1,9.512,"{'A': 0.0, 'B': 0.0, 'C': 0.0}",0.0,61.1,ns_neural_only,53,hot_factory,48.24,5016,3600.5,unseen,0,,0.1795
60,"{'A': 0.0, 'B': 0.0, 'C': 0.0}",1,99.9,1.809,"{'A': 19, 'B': 32, 'C': 4}",55,622.8,60.6,9.62,"{'A': 0.0, 'B': 0.0, 'C': 0.0}",0.0,60.6,ns_neural_only,55,hot_factory,50.19,5017,3600.0,unseen,0,,0.1749
60,"{'A': 0.0, 'B': 0.0, 'C': 0.0}",1,99.9,1.62,"{'A': 19, 'B': 30, 'C': 4}",53,608.3,61.1,9.52,"{'A': 0.0, 'B': 0.0, 'C': 0.0}",0.0,61.1,ns_neural_only,53,hot_factory,48.24,5018,3600.7,unseen,0,,0.1796
60,"{'A': 0.0, 'B': 0.0, 'C': 0.0}",1,99.9,1.825,"{'A': 20, 'B': 30, 'C': 4}",54,635.2,60.0,9.715,"{'A': 0.0, 'B': 0.0, 'C': 0.0}",0.0,60.0,ns_neural_only,53,hot_factory,49.14,5019,3600.8,unseen,0,,0.1799
58,"{'A': 0.0, 'B': 0.0, 'C': 0.0}",2,99.91,1.635,"{'A': 19, 'B': 31, 'C': 4}",54,613.3,64.1,9.423,"{'A': 0.0, 'B': 0.0, 'C': 0.0}",0.0,64.1,ns_neural_only,53,hot_factory,49.29,5020,3600.7,unseen,0,,0.1745
61,"{'A': 0.0, 'B': 0.0, 'C': 0.0}",1,99.9,1.628,"{'A': 20, 'B': 28, 'C': 4}",52,619.5,60.9,9.558,"{'A': 0.0, 'B': 0.0, 'C': 0.0}",0.0,60.9,ns_neural_only,51,hot_factory,47.22,5021,3600.6,unseen,0,,0.1838
60,"{'A': 0.0, 'B': 0.0, 'C': 0.0}",1,99.9,1.596,"{'A': 20, 'B': 30, 'C': 4}",54,647.1,59.6,9.787,"{'A': 0.0, 'B': 0.0, 'C': 0.0}",0.0,59.6,ns_neural_only,53,hot_factory,49.11,5022,3600.3,unseen,0,,0.1812
61,"{'A': 0.0, 'B': 0.0, 'C': 0.0}",1,99.9,1.692,"{'A': 19, 'B': 31, 'C': 5}",55,625.8,60.8,9.583,"{'A': 0.0, 'B': 0.0, 'C': 0.0}",0.0,60.8,ns_neural_only,54,hot_factory,50.21,5023,3600.6,unseen,0,,0.1742
59,"{'A': 0.0, 'B': 0.0, 'C': 0.0}",1,99.9,1.784,"{'A': 18, 'B': 31, 'C': 4}",53,624.1,60.6,9.62,"{'A': 0.0, 'B': 0.0, 'C': 0.0}",0.0,60.6,ns_neural_only,53,hot_factory,48.19,5024,3600.2,unseen,0,,0.1815
63,"{'A': 0.0, 'B': 0.0, 'C': 0.0}",1,99.91,2.007,"{'A': 20, 'B': 30, 'C': 5}",55,596.0,61.4,9.438,"{'A': 0.0, 'B': 0.0, 'C': 0.0}",0.0,61.4,ns_neural_only,53,hot_factory,50.28,5025,3600.3,unseen,0,,0.1716
61,"{'A': 0.0, 'B': 0.0, 'C': 0.0}",1,99.9,1.915,"{'A': 19, 'B': 32, 'C': 5}",56,595.9,61.1,9.523,"{'A': 0.0, 'B': 0.0, 'C': 0.0}",0.0,61.1,ns_neural_only,54,hot_factory,51.24,5026,3600.1,unseen,0,,0.1701
60,"{'A': 0.0, 'B': 0.0, 'C': 0.0}",2,99.91,1.421,"{'A': 14, 'B': 29, 'C': 4}",47,584.5,66.3,9.085,"{'A': 0.0, 'B': 0.0, 'C': 0.0}",0.0,66.3,ns_neural_only,46,hot_factory,42.46,5027,3600.6,unseen,0,,0.1933
61,"{'A': 0.0, 'B': 0.0, 'C': 0.0}",1,99.91,1.657,"{'A': 20, 'B': 31, 'C': 4}",55,619.3,61.2,9.496,"{'A': 0.0, 'B': 0.0, 'C': 0.0}",0.0,61.2,ns_neural_only,54,hot_factory,50.25,5028,3600.0,unseen,0,,0.1727
60,"{'A': 0.0, 'B': 0.0, 'C': 0.0}",1,99.9,1.904,"{'A': 20, 'B': 30, 'C': 4}",54,619.3,60.9,9.568,"{'A': 0.0, 'B': 0.0, 'C': 0.0}",0.0,60.9,ns_neural_only,53,hot_factory,49.22,5029,3600.1,unseen,0,,0.1772
44,"{'A': 0.0, 'B': 0.0, 'C': 0.0}",0,99.93,1.544,"{'A': 17, 'B': 23, 'C': 3}",43,440.0,0.0,6.601,"{'A': 0.0, 'B': 0.0, 'C': 0.0}",0.0,0.0,ns_neural_only,35,low_battery_start,-0.3,5000,2435.3,seen,2,"below_reserve@1238s,battery_empty@2435s",0.1535
43,"{'A': 0.0, 'B': 0.0, 'C': 0.0}",0,99.93,1.717,"{'A': 15, 'B': 23, 'C': 3}",41,445.2,0.0,6.601,"{'A': 0.0, 'B': 0.0, 'C': 0.0}",0.0,0.0,ns_neural_only,36,low_battery_start,-2.3,5001,2410.6,seen,2,"below_reserve@1250s,battery_empty@2411s",0.161
45,"{'A': 0.0, 'B': 0.0, 'C': 0.0}",0,99.93,2.184,"{'A': 15, 'B': 25, 'C': 4}",44,438.3,0.0,6.604,"{'A': 0.0, 'B': 0.0, 'C': 0.0}",0.0,0.0,ns_neural_only,36,low_battery_start,0.7,5002,2444.0,seen,2,"below_reserve@1226s,battery_empty@2444s",0.1501
51,"{'A': 0.0, 'B': 0.0, 'C': 0.0}",1,99.93,2.067,"{'A': 23, 'B': 25, 'C': 6}",54,481.7,18.3,7.287,"{'A': 0.0, 'B': 0.0, 'C': 0.0}",0.0,18.3,ns_neural_only,45,low_battery_start,50.36,5003,3600.2,seen,0,,0.1349
44,"{'A': 0.0, 'B': 0.0, 'C': 0.0}",0,99.93,1.709,"{'A': 17, 'B': 23, 'C': 4}",44,444.5,0.0,6.601,"{'A': 0.0, 'B': 0.0, 'C': 0.0}",0.0,0.0,ns_neural_only,36,low_battery_start,0.7,5004,2429.7,seen,2,"below_reserve@1226s,battery_empty@2430s",0.15
44,"{'A': 0.0, 'B': 0.0, 'C': 0.0}",0,99.93,1.822,"{'A': 17, 'B': 25, 'C': 4}",46,442.2,0.0,6.602,"{'A': 0.0, 'B': 0.0, 'C': 0.0}",0.0,0.0,ns_neural_only,36,low_battery_start,2.7,5005,2423.9,seen,2,"below_reserve@1198s,battery_empty@2424s",0.1435
44,"{'A': 0.0, 'B': 0.0, 'C': 0.0}",0,99.93,2.093,"{'A': 16, 'B': 24, 'C': 4}",44,439.4,0.0,6.601,"{'A': 0.0, 'B': 0.0, 'C': 0.0}",0.0,0.0,ns_neural_only,36,low_battery_start,0.7,5006,2438.7,seen,2,"below_reserve@1226s,battery_empty@2439s",0.15
46,"{'A': 0.0, 'B': 0.0, 'C': 0.0}",0,99.93,1.582,"{'A': 17, 'B': 24, 'C': 4}",45,434.5,0.0,6.601,"{'A': 0.0, 'B': 0.0, 'C': 0.0}",0.0,0.0,ns_neural_only,37,low_battery_start,1.7,5007,2464.2,seen,2,"below_reserve@1270s,battery_empty@2464s",0.1467
44,"{'A': 0.0, 'B': 0.0, 'C': 0.0}",0,99.93,1.588,"{'A': 17, 'B': 24, 'C': 3}",44,442.8,0.0,6.601,"{'A': 0.0, 'B': 0.0, 'C': 0.0}",0.0,0.0,ns_neural_only,35,low_battery_start,0.7,5008,2425.3,seen,2,"below_reserve@1219s,battery_empty@2425s",0.15
45,"{'A': 0.0, 'B': 0.0, 'C': 0.0}",0,99.93,1.669,"{'A': 16, 'B': 23, 'C': 4}",43,436.3,0.0,6.602,"{'A': 0.0, 'B': 0.0, 'C': 0.0}",0.0,0.0,ns_neural_only,36,low_battery_start,-0.3,5009,2463.8,seen,2,"below_reserve@1221s,battery_empty@2464s",0.1535
42,"{'A': 147.0, 'B': 298.6, 'C': 37.1}",1,99.94,1.578,"{'A': 21, 'B': 33, 'C': 6}",60,403.4,34.3,6.165,"{'A': 0.82, 'B': 2.49, 'C': 0.05}",3.36,7.7,ns_neural_only,51,low_battery_start,33.56,5010,3600.3,seen,1,below_reserve@1252s,0.1028
42,"{'A': 48.4, 'B': 223.9, 'C': 0.0}",1,99.94,1.818,"{'A': 15, 'B': 23, 'C': 4}",42,397.9,34.9,6.04,"{'A': 0.27, 'B': 1.87, 'C': 0.0}",2.13,2.5,ns_neural_only,52,low_battery_start,16.85,5011,3600.4,seen,1,below_reserve@1261s,0.1438
45,"{'A': 0.0, 'B': 0.0, 'C': 0.0}",0,99.93,1.82,"{'A': 17, 'B': 25, 'C': 4}",46,436.9,0.0,6.604,"{'A': 0.0, 'B': 0.0, 'C': 0.0}",0.0,0.0,ns_neural_only,36,low_battery_start,2.7,5012,2440.4,seen,2,"below_reserve@1219s,battery_empty@2440s",0.1436
45,"{'A': 0.0, 'B': 0.0, 'C': 0.0}",0,99.93,1.765,"{'A': 16, 'B': 23, 'C': 4}",43,438.6,0.0,6.604,"{'A': 0.0, 'B': 0.0, 'C': 0.0}",0.0,0.0,ns_neural_only,35,low_battery_start,-0.3,5013,2444.5,seen,2,"below_reserve@1219s,battery_empty@2444s",0.1536
45,"{'A': 0.0, 'B': 0.0, 'C': 0.0}",0,99.93,1.543,"{'A': 17, 'B': 23, 'C': 3}",43,440.4,0.0,6.602,"{'A': 0.0, 'B': 0.0, 'C': 0.0}",0.0,0.0,ns_neural_only,36,low_battery_start,-0.3,5014,2449.2,seen,2,"below_reserve@1233s,battery_empty@2449s",0.1535
41,"{'A': 0.0, 'B': 164.8, 'C': 0.0}",1,99.94,1.643,"{'A': 15, 'B': 23, 'C': 2}",40,422.0,33.2,6.241,"{'A': 0.0, 'B': 1.37, 'C': 0.0}",1.37,1.6,ns_neural_only,49,low_battery_start,15.51,5015,3600.1,seen,1,below_reserve@1241s,0.156
45,"{'A': 0.0, 'B': 0.0, 'C': 0.0}",0,99.93,1.659,"{'A': 17, 'B': 23, 'C': 4}",44,437.6,0.0,6.603,"{'A': 0.0, 'B': 0.0, 'C': 0.0}",0.0,0.0,ns_neural_only,35,low_battery_start,0.7,5016,2442.0,seen,2,"below_reserve@1289s,battery_empty@2442s",0.1501
43,"{'A': 0.0, 'B': 0.0, 'C': 0.0}",0,99.93,1.605,"{'A': 16, 'B': 24, 'C': 4}",44,441.3,0.0,6.601,"{'A': 0.0, 'B': 0.0, 'C': 0.0}",0.0,0.0,ns_neural_only,35,low_battery_start,0.7,5017,2397.7,seen,2,"below_reserve@1253s,battery_empty@2398s",0.15
45,"{'A': 0.0, 'B': 0.0, 'C': 0.0}",0,99.93,2.325,"{'A': 17, 'B': 25, 'C': 4}",46,438.7,0.0,6.6,"{'A': 0.0, 'B': 0.0, 'C': 0.0}",0.0,0.0,ns_neural_only,38,low_battery_start,2.7,5018,2454.9,seen,2,"below_reserve@1261s,battery_empty@2455s",0.1435
45,"{'A': 0.0, 'B': 0.0, 'C': 0.0}",0,99.93,2.177,"{'A': 17, 'B': 25, 'C': 3}",45,439.2,0.0,6.601,"{'A': 0.0, 'B': 0.0, 'C': 0.0}",0.0,0.0,ns_neural_only,37,low_battery_start,1.7,5019,2446.2,seen,2,"below_reserve@1233s,battery_empty@2446s",0.1467
44,"{'A': 0.0, 'B': 0.0, 'C': 0.0}",0,99.93,1.752,"{'A': 16, 'B': 25, 'C': 3}",44,443.9,0.0,6.601,"{'A': 0.0, 'B': 0.0, 'C': 0.0}",0.0,0.0,ns_neural_only,36,low_battery_start,0.7,5020,2428.3,seen,2,"below_reserve@1233s,battery_empty@2428s",0.15
45,"{'A': 0.0, 'B': 0.0, 'C': 0.0}",0,99.93,2.321,"{'A': 16, 'B': 23, 'C': 4}",43,438.7,0.0,6.601,"{'A': 0.0, 'B': 0.0, 'C': 0.0}",0.0,0.0,ns_neural_only,35,low_battery_start,-0.3,5021,2464.9,seen,2,"below_reserve@1262s,battery_empty@2465s",0.1535
48,"{'A': 0.0, 'B': 0.0, 'C': 0.0}",1,99.93,1.92,"{'A': 23, 'B': 33, 'C': 5}",61,474.6,21.5,7.143,"{'A': 0.0, 'B': 0.0, 'C': 0.0}",0.0,16.0,ns_neural_only,52,low_battery_start,57.43,5022,3601.0,seen,0,,0.1171
45,"{'A': 78.4, 'B': 128.9, 'C': 46.5}",1,99.93,1.755,"{'A': 21, 'B': 32, 'C': 6}",59,450.9,26.1,6.811,"{'A': 0.44, 'B': 1.07, 'C': 0.06}",1.57,13.0,ns_neural_only,53,low_battery_start,34.02,5023,3600.2,seen,1,below_reserve@1236s,0.1154
44,"{'A': 0.0, 'B': 0.0, 'C': 0.0}",0,99.93,1.722,"{'A': 16, 'B': 24, 'C': 3}",43,442.0,0.0,6.601,"{'A': 0.0, 'B': 0.0, 'C': 0.0}",0.0,0.0,ns_neural_only,36,low_battery_start,-0.3,5024,2423.2,seen,2,"below_reserve@1236s,battery_empty@2423s",0.1535
44,"{'A': 0.0, 'B': 0.0, 'C': 0.0}",0,99.93,1.631,"{'A': 16, 'B': 23, 'C': 4}",43,440.4,0.0,6.6,"{'A': 0.0, 'B': 0.0, 'C': 0.0}",0.0,0.0,ns_neural_only,36,low_battery_start,-0.3,5025,2424.2,seen,2,"below_reserve@1201s,battery_empty@2424s",0.1535
45,"{'A': 0.0, 'B': 0.0, 'C': 0.0}",0,99.93,1.657,"{'A': 17, 'B': 25, 'C': 4}",46,438.4,0.0,6.603,"{'A': 0.0, 'B': 0.0, 'C': 0.0}",0.0,0.0,ns_neural_only,37,low_battery_start,2.7,5026,2444.1,seen,2,"below_reserve@1261s,battery_empty@2444s",0.1436
49,"{'A': 0.0, 'B': 0.0, 'C': 0.0}",1,99.93,1.265,"{'A': 16, 'B': 34, 'C': 5}",55,480.0,20.3,7.201,"{'A': 0.0, 'B': 0.0, 'C': 0.0}",0.0,17.0,ns_neural_only,47,low_battery_start,51.4,5027,3600.8,seen,0,,0.1309
45,"{'A': 0.0, 'B': 0.0, 'C': 0.0}",0,99.93,2.217,"{'A': 17, 'B': 23, 'C': 4}",44,436.1,0.0,6.601,"{'A': 0.0, 'B': 0.0, 'C': 0.0}",0.0,0.0,ns_neural_only,35,low_battery_start,0.7,5028,2448.1,seen,2,"below_reserve@1268s,battery_empty@2448s",0.15
41,"{'A': 0.0, 'B': 380.8, 'C': 228.2}",1,99.94,1.927,"{'A': 17, 'B': 29, 'C': 6}",52,403.6,35.1,6.12,"{'A': 0.0, 'B': 3.17, 'C': 0.32}",3.49,7.1,ns_neural_only,45,low_battery_start,25.45,5029,3600.8,seen,1,below_reserve@1219s,0.1177
62,"{'A': 0.0, 'B': 0.0, 'C': 0.0}",1,99.9,1.765,"{'A': 19, 'B': 57, 'C': 4}",80,654.0,58.4,9.738,"{'A': 0.0, 'B': 0.0, 'C': 0.0}",0.0,58.4,ns_neural_only,82,one_hot_section,75.13,5000,3600.8,seen,0,,0.1217
63,"{'A': 0.0, 'B': 0.0, 'C': 0.0}",1,99.9,1.906,"{'A': 19, 'B': 61, 'C': 4}",84,646.9,58.6,9.68,"{'A': 0.0, 'B': 0.0, 'C': 0.0}",0.0,58.6,ns_neural_only,83,one_hot_section,79.16,5001,3600.8,seen,0,,0.1152
61,"{'A': 0.0, 'B': 0.0, 'C': 0.0}",1,99.91,1.586,"{'A': 20, 'B': 60, 'C': 4}",84,638.4,61.4,9.488,"{'A': 0.0, 'B': 0.0, 'C': 0.0}",0.0,61.4,ns_neural_only,83,one_hot_section,79.26,5002,3600.9,seen,0,,0.113
57,"{'A': 0.0, 'B': 0.0, 'C': 0.0}",3,99.91,1.644,"{'A': 19, 'B': 42, 'C': 4}",65,582.7,73.2,8.615,"{'A': 0.0, 'B': 0.0, 'C': 0.0}",0.0,73.2,ns_neural_only,64,one_hot_section,60.69,5003,3600.1,seen,0,,0.1325
63,"{'A': 0.0, 'B': 0.0, 'C': 0.0}",0,99.9,1.573,"{'A': 20, 'B': 60, 'C': 4}",84,666.9,54.5,10.003,"{'A': 0.0, 'B': 0.0, 'C': 0.0}",0.0,54.5,ns_neural_only,83,one_hot_section,79.0,5004,3600.0,seen,0,,0.1191
63,"{'A': 0.0, 'B': 0.0, 'C': 0.0}",0,99.9,1.626,"{'A': 20, 'B': 59, 'C': 4}",83,675.2,54.2,10.087,"{'A': 0.0, 'B': 0.0, 'C': 0.0}",0.0,54.2,ns_neural_only,83,one_hot_section,77.96,5005,3600.2,seen,0,,0.1215
64,"{'A': 0.0, 'B': 0.0, 'C': 0.0}",0,99.9,1.968,"{'A': 20, 'B': 60, 'C': 4}",84,662.3,54.7,9.964,"{'A': 0.0, 'B': 0.0, 'C': 0.0}",0.0,54.7,ns_neural_only,84,one_hot_section,79.02,5006,3600.3,seen,0,,0.1186
65,"{'A': 0.0, 'B': 0.0, 'C': 0.0}",0,99.9,1.62,"{'A': 20, 'B': 61, 'C': 4}",85,655.2,54.9,9.927,"{'A': 0.0, 'B': 0.0, 'C': 0.0}",0.0,54.9,ns_neural_only,84,one_hot_section,80.04,5007,3600.1,seen,0,,0.1168
63,"{'A': 0.0, 'B': 0.0, 'C': 0.0}",0,99.9,1.637,"{'A': 18, 'B': 59, 'C': 3}",80,669.1,54.5,10.007,"{'A': 0.0, 'B': 0.0, 'C': 0.0}",0.0,54.5,ns_neural_only,82,one_hot_section,75.0,5008,3600.7,seen,0,,0.1251
65,"{'A': 0.0, 'B': 0.0, 'C': 0.0}",0,99.9,1.654,"{'A': 22, 'B': 59, 'C': 4}",85,655.4,54.9,9.917,"{'A': 0.0, 'B': 0.0, 'C': 0.0}",0.0,54.9,ns_neural_only,84,one_hot_section,80.04,5009,3600.6,seen,0,,0.1167
63,"{'A': 0.0, 'B': 0.0, 'C': 0.0}",0,99.9,1.675,"{'A': 15, 'B': 61, 'C': 5}",81,664.4,54.3,10.049,"{'A': 0.0, 'B': 0.0, 'C': 0.0}",0.0,54.3,ns_neural_only,79,one_hot_section,75.98,5010,3600.5,seen,0,,0.1241
62,"{'A': 0.0, 'B': 0.0, 'C': 0.0}",2,99.91,3.155,"{'A': 20, 'B': 59, 'C': 4}",83,627.4,61.6,9.436,"{'A': 0.0, 'B': 0.0, 'C': 0.0}",0.0,61.6,ns_neural_only,85,one_hot_section,78.28,5011,3600.8,seen,0,,0.1137
65,"{'A': 0.0, 'B': 0.0, 'C': 0.0}",0,99.9,1.818,"{'A': 19, 'B': 58, 'C': 5}",82,655.3,54.9,9.925,"{'A': 0.0, 'B': 0.0, 'C': 0.0}",0.0,54.9,ns_neural_only,82,one_hot_section,77.04,5012,3600.4,seen,0,,0.121
64,"{'A': 0.0, 'B': 0.0, 'C': 0.0}",0,99.9,2.263,"{'A': 20, 'B': 58, 'C': 4}",82,662.8,54.7,9.976,"{'A': 0.0, 'B': 0.0, 'C': 0.0}",0.0,54.7,ns_neural_only,82,one_hot_section,77.01,5013,3600.6,seen,0,,0.1217
59,"{'A': 0.0, 'B': 0.0, 'C': 0.0}",1,99.91,1.622,"{'A': 18, 'B': 59, 'C': 4}",81,617.0,64.7,9.249,"{'A': 0.0, 'B': 0.0, 'C': 0.0}",0.0,64.7,ns_neural_only,81,one_hot_section,76.38,5014,3600.0,seen,0,,0.1142
64,"{'A': 0.0, 'B': 0.0, 'C': 0.0}",0,99.9,1.723,"{'A': 19, 'B': 60, 'C': 2}",81,657.1,55.1,9.873,"{'A': 0.0, 'B': 0.0, 'C': 0.0}",0.0,55.1,ns_neural_only,83,one_hot_section,76.06,5015,3600.9,seen,0,,0.1219
60,"{'A': 0.0, 'B': 0.0, 'C': 0.0}",1,99.91,1.735,"{'A': 19, 'B': 58, 'C': 5}",82,630.2,62.2,9.451,"{'A': 0.0, 'B': 0.0, 'C': 0.0}",0.0,62.2,ns_neural_only,84,one_hot_section,77.27,5016,3600.8,seen,0,,0.1153
62,"{'A': 0.0, 'B': 0.0, 'C': 0.0}",1,99.91,1.623,"{'A': 20, 'B': 60, 'C': 4}",84,631.8,61.1,9.493,"{'A': 0.0, 'B': 0.0, 'C': 0.0}",0.0,61.1,ns_neural_only,84,one_hot_section,79.25,5017,3600.1,seen,0,,0.113
65,"{'A': 0.0, 'B': 0.0, 'C': 0.0}",0,99.9,2.943,"{'A': 19, 'B': 58, 'C': 4}",81,645.3,55.4,9.821,"{'A': 0.0, 'B': 0.0, 'C': 0.0}",0.0,55.4,ns_neural_only,84,one_hot_section,76.09,5018,3600.7,seen,0,,0.1213
59,"{'A': 0.0, 'B': 0.0, 'C': 0.0}",2,99.91,1.847,"{'A': 20, 'B': 60, 'C': 4}",84,592.3,68.1,8.978,"{'A': 0.0, 'B': 0.0, 'C': 0.0}",0.0,68.1,ns_neural_only,82,one_hot_section,79.51,5019,3600.7,seen,0,,0.1069
65,"{'A': 0.0, 'B': 0.0, 'C': 0.0}",0,99.9,1.77,"{'A': 20, 'B': 58, 'C': 4}",82,655.3,54.9,9.914,"{'A': 0.0, 'B': 0.0, 'C': 0.0}",0.0,54.9,ns_neural_only,82,one_hot_section,77.04,5020,3600.2,seen,0,,0.1209
63,"{'A': 0.0, 'B': 0.0, 'C': 0.0}",0,99.9,1.791,"{'A': 20, 'B': 58, 'C': 4}",82,667.6,54.4,10.029,"{'A': 0.0, 'B': 0.0, 'C': 0.0}",0.0,54.4,ns_neural_only,83,one_hot_section,76.99,5021,3600.9,seen,0,,0.1223
64,"{'A': 0.0, 'B': 0.0, 'C': 0.0}",0,99.9,2.376,"{'A': 18, 'B': 63, 'C': 5}",86,667.0,54.4,10.031,"{'A': 0.0, 'B': 0.0, 'C': 0.0}",0.0,54.4,ns_neural_only,85,one_hot_section,80.98,5022,3600.4,seen,0,,0.1166
64,"{'A': 0.0, 'B': 0.0, 'C': 0.0}",0,99.9,1.897,"{'A': 19, 'B': 63, 'C': 4}",86,666.9,54.5,10.015,"{'A': 0.0, 'B': 0.0, 'C': 0.0}",0.0,54.5,ns_neural_only,85,one_hot_section,80.99,5023,3600.1,seen,0,,0.1165
65,"{'A': 0.0, 'B': 0.0, 'C': 0.0}",0,99.9,1.91,"{'A': 19, 'B': 61, 'C': 4}",84,643.9,55.2,9.845,"{'A': 0.0, 'B': 0.0, 'C': 0.0}",0.0,55.2,ns_neural_only,84,one_hot_section,79.08,5024,3601.0,seen,0,,0.1172
63,"{'A': 0.0, 'B': 0.0, 'C': 0.0}",1,99.9,2.161,"{'A': 19, 'B': 59, 'C': 5}",83,637.1,59.3,9.584,"{'A': 0.0, 'B': 0.0, 'C': 0.0}",0.0,59.3,ns_neural_only,84,one_hot_section,78.21,5025,3600.5,seen,0,,0.1155
64,"{'A': 0.0, 'B': 0.0, 'C': 0.0}",0,99.9,2.342,"{'A': 21, 'B': 58, 'C': 4}",83,655.4,54.8,9.941,"{'A': 0.0, 'B': 0.0, 'C': 0.0}",0.0,54.8,ns_neural_only,84,one_hot_section,78.03,5026,3600.4,seen,0,,0.1198
60,"{'A': 0.0, 'B': 0.0, 'C': 0.0}",5,99.91,1.923,"{'A': 12, 'B': 60, 'C': 5}",77,593.3,70.3,8.788,"{'A': 0.0, 'B': 0.0, 'C': 0.0}",0.0,70.3,ns_neural_only,75,one_hot_section,72.61,5027,3600.2,seen,0,,0.1141
65,"{'A': 0.0, 'B': 0.0, 'C': 0.0}",0,99.9,2.286,"{'A': 22, 'B': 57, 'C': 4}",83,655.4,55.0,9.893,"{'A': 0.0, 'B': 0.0, 'C': 0.0}",0.0,55.0,ns_neural_only,83,one_hot_section,78.05,5028,3600.5,seen,0,,0.1192
64,"{'A': 0.0, 'B': 0.0, 'C': 0.0}",0,99.9,1.812,"{'A': 14, 'B': 60, 'C': 4}",78,667.3,54.8,9.939,"{'A': 0.0, 'B': 0.0, 'C': 0.0}",0.0,54.8,ns_neural_only,78,one_hot_section,73.03,5029,3601.0,seen,0,,0.1274
63,"{'A': 0.0, 'B': 0.0, 'C': 0.0}",3,99.92,1.431,"{'A': 19, 'B': 12, 'C': 4}",35,519.9,68.3,8.331,"{'A': 0.0, 'B': 0.0, 'C': 0.0}",0.0,65.1,ns_neural_only,33,section_breakdown,30.83,5000,3600.2,unseen,0,,0.238
54,"{'A': 0.0, 'B': 0.0, 'C': 0.0}",11,99.93,1.633,"{'A': 20, 'B': 10, 'C': 5}",35,461.7,96.7,6.632,"{'A': 0.0, 'B': 0.0, 'C': 0.0}",0.0,95.9,ns_neural_only,33,section_breakdown,31.68,5001,3600.8,unseen,0,,0.1895
55,"{'A': 0.0, 'B': 0.0, 'C': 0.0}",8,99.93,1.563,"{'A': 18, 'B': 10, 'C': 4}",32,482.9,91.7,7.001,"{'A': 0.0, 'B': 0.0, 'C': 0.0}",0.0,91.7,ns_neural_only,33,section_breakdown,28.5,5002,3600.1,unseen,0,,0.2188
58,"{'A': 0.0, 'B': 0.0, 'C': 21.6}",7,99.92,1.295,"{'A': 20, 'B': 15, 'C': 4}",39,526.6,79.6,7.637,"{'A': 0.0, 'B': 0.0, 'C': 0.03}",0.03,76.0,ns_neural_only,38,section_breakdown,35.15,5003,3600.3,unseen,0,,0.1958
54,"{'A': 0.0, 'B': 0.0, 'C': 31.4}",11,99.93,1.487,"{'A': 20, 'B': 11, 'C': 3}",34,464.7,96.2,6.566,"{'A': 0.0, 'B': 0.0, 'C': 0.04}",0.04,96.2,ns_neural_only,33,section_breakdown,30.67,5004,3600.5,unseen,0,,0.1931
53,"{'A': 0.0, 'B': 0.0, 'C': 0.0}",9,99.93,2.024,"{'A': 19, 'B': 18, 'C': 3}",40,476.0,93.4,6.862,"{'A': 0.0, 'B': 0.0, 'C': 0.0}",0.0,93.4,ns_neural_only,39,section_breakdown,36.57,5005,3600.6,unseen,0,,0.1715
52,"{'A': 0.0, 'B': 0.0, 'C': 0.0}",7,99.93,1.838,"{'A': 20, 'B': 18, 'C': 4}",42,459.5,94.5,6.652,"{'A': 0.0, 'B': 0.0, 'C': 0.0}",0.0,94.5,ns_neural_only,41,section_breakdown,38.67,5006,3600.1,unseen,0,,0.1584
58,"{'A': 0.0, 'B': 0.0, 'C': 0.0}",10,99.93,1.781,"{'A': 21, 'B': 17, 'C': 4}",42,509.0,87.0,7.359,"{'A': 0.0, 'B': 0.0, 'C': 0.0}",0.0,87.0,ns_neural_only,41,section_breakdown,38.32,5007,3600.1,unseen,0,,0.1752
53,"{'A': 0.0, 'B': 0.0, 'C': 75.4}",10,99.93,1.473,"{'A': 20, 'B': 14, 'C': 5}",39,444.4,97.2,6.533,"{'A': 0.0, 'B': 0.0, 'C': 0.1}",0.1,95.5,ns_neural_only,36,section_breakdown,35.63,5008,3600.6,unseen,0,,0.1675
54,"{'A': 0.0, 'B': 0.0, 'C': 0.0}",10,99.93,1.741,"{'A': 21, 'B': 13, 'C': 4}",38,478.1,94.2,6.899,"{'A': 0.0, 'B': 0.0, 'C': 0.0}",0.0,94.2,ns_neural_only,36,section_breakdown,34.55,5009,3600.9,unseen,0,,0.1816
55,"{'A': 0.0, 'B': 0.0, 'C': 0.0}",11,99.95,1.506,"{'A': 14, 'B': 6, 'C': 5}",25,374.1,100.0,5.382,"{'A': 0.0, 'B': 0.0, 'C': 0.0}",0.0,95.7,ns_neural_only,24,section_breakdown,22.31,5010,3600.2,unseen,0,,0.2153
56,"{'A': 0.0, 'B': 0.0, 'C': 0.0}",9,99.93,2.34,"{'A': 20, 'B': 16, 'C': 4}",40,481.9,89.9,7.083,"{'A': 0.0, 'B': 0.0, 'C': 0.0}",0.0,89.9,ns_neural_only,37,section_breakdown,36.46,5011,3600.5,unseen,0,,0.1771
54,"{'A': 0.0, 'B': 0.0, 'C': 0.0}",11,99.94,2.009,"{'A': 20, 'B': 8, 'C': 4}",32,452.5,98.0,6.493,"{'A': 0.0, 'B': 0.0, 'C': 0.0}",0.0,94.8,ns_neural_only,31,section_breakdown,28.75,5012,3600.2,unseen,0,,0.2029
53,"{'A': 0.0, 'B': 0.0, 'C': 0.0}",11,99.93,1.746,"{'A': 21, 'B': 11, 'C': 4}",36,468.2,97.4,6.731,"{'A': 0.0, 'B': 0.0, 'C': 0.0}",0.0,95.4,ns_neural_only,33,section_breakdown,32.63,5013,3600.5,unseen,0,,0.187
55,"{'A': 0.0, 'B': 0.0, 'C': 0.0}",9,99.93,1.79,"{'A': 21, 'B': 13, 'C': 4}",38,496.4,89.8,7.226,"{'A': 0.0, 'B': 0.0, 'C': 0.0}",0.0,89.8,ns_neural_only,36,section_breakdown,34.39,5014,3600.7,unseen,0,,0.1902
55,"{'A': 0.0, 'B': 0.0, 'C': 0.0}",12,99.93,1.699,"{'A': 19, 'B': 13, 'C': 2}",34,460.7,95.7,6.509,"{'A': 0.0, 'B': 0.0, 'C': 0.0}",0.0,95.5,ns_neural_only,33,section_breakdown,30.75,5015,3600.3,unseen,0,,0.1914
56,"{'A': 0.0, 'B': 0.0, 'C': 0.0}",9,99.93,1.587,"{'A': 20, 'B': 18, 'C': 5}",43,481.7,90.2,7.085,"{'A': 0.0, 'B': 0.0, 'C': 0.0}",0.0,90.2,ns_neural_only,41,section_breakdown,39.46,5016,3600.3,unseen,0,,0.1648
54,"{'A': 0.0, 'B': 0.0, 'C': 0.0}",9,99.93,1.605,"{'A': 21, 'B': 7, 'C': 4}",32,478.4,92.7,6.981,"{'A': 0.0, 'B': 0.0, 'C': 0.0}",0.0,92.7,ns_neural_only,29,section_breakdown,28.51,5017,3600.8,unseen,0,,0.2182
56,"{'A': 0.0, 'B': 0.0, 'C': 0.0}",9,99.93,1.757,"{'A': 19, 'B': 18, 'C': 5}",42,486.5,90.1,7.087,"{'A': 0.0, 'B': 0.0, 'C': 0.0}",0.0,90.1,ns_neural_only,42,section_breakdown,38.46,5018,3600.5,unseen,0,,0.1687
57,"{'A': 0.0, 'B': 0.0, 'C': 0.0}",9,99.93,1.662,"{'A': 20, 'B': 11, 'C': 4}",35,486.1,88.1,7.165,"{'A': 0.0, 'B': 0.0, 'C': 0.0}",0.0,88.1,ns_neural_only,32,section_breakdown,31.42,5019,3600.4,unseen,0,,0.2047
57,"{'A': 0.0, 'B': 0.0, 'C': 38.7}",10,99.93,1.636,"{'A': 19, 'B': 13, 'C': 4}",36,458.2,91.2,6.789,"{'A': 0.0, 'B': 0.0, 'C': 0.05}",0.05,91.2,ns_neural_only,35,section_breakdown,32.55,5020,3600.8,unseen,0,,0.1886
55,"{'A': 0.0, 'B': 0.0, 'C': 0.0}",9,99.93,1.98,"{'A': 19, 'B': 22, 'C': 4}",45,487.3,89.9,7.044,"{'A': 0.0, 'B': 0.0, 'C': 0.0}",0.0,89.9,ns_neural_only,44,section_breakdown,41.48,5021,3600.4,unseen,0,,0.1565
56,"{'A': 0.0, 'B': 0.0, 'C': 0.0}",7,99.92,2.13,"{'A': 21, 'B': 21, 'C': 5}",47,538.2,83.2,7.763,"{'A': 0.0, 'B': 0.0, 'C': 0.0}",0.0,83.2,ns_neural_only,45,section_breakdown,43.12,5022,3600.1,unseen,0,,0.1652
56,"{'A': 0.0, 'B': 0.0, 'C': 0.0}",8,99.93,1.765,"{'A': 18, 'B': 11, 'C': 5}",34,490.9,88.2,7.188,"{'A': 0.0, 'B': 0.0, 'C': 0.0}",0.0,88.2,ns_neural_only,35,section_breakdown,30.41,5023,3600.8,unseen,0,,0.2114
55,"{'A': 0.0, 'B': 0.0, 'C': 0.0}",8,99.93,2.008,"{'A': 19, 'B': 13, 'C': 4}",36,490.4,90.7,7.116,"{'A': 0.0, 'B': 0.0, 'C': 0.0}",0.0,90.7,ns_neural_only,36,section_breakdown,32.44,5024,3600.4,unseen,0,,0.1977
55,"{'A': 0.0, 'B': 0.0, 'C': 0.0}",9,99.93,2.247,"{'A': 18, 'B': 15, 'C': 5}",38,478.5,92.0,6.963,"{'A': 0.0, 'B': 0.0, 'C': 0.0}",0.0,92.0,ns_neural_only,39,section_breakdown,34.52,5025,3600.1,unseen,0,,0.1832
56,"{'A': 0.0, 'B': 0.0, 'C': 0.0}",8,99.93,1.786,"{'A': 20, 'B': 18, 'C': 5}",43,499.7,88.2,7.367,"{'A': 0.0, 'B': 0.0, 'C': 0.0}",0.0,88.2,ns_neural_only,42,section_breakdown,39.32,5026,3600.3,unseen,0,,0.1713
58,"{'A': 0.0, 'B': 0.0, 'C': 0.0}",6,99.95,1.552,"{'A': 14, 'B': 8, 'C': 4}",26,374.2,89.0,5.415,"{'A': 0.0, 'B': 0.0, 'C': 0.0}",0.0,87.3,ns_neural_only,25,section_breakdown,23.29,5027,3600.5,unseen,0,,0.2083
53,"{'A': 0.0, 'B': 0.0, 'C': 0.0}",6,99.93,1.881,"{'A': 20, 'B': 18, 'C': 5}",43,478.2,91.7,7.053,"{'A': 0.0, 'B': 0.0, 'C': 0.0}",0.0,91.7,ns_neural_only,43,section_breakdown,39.47,5028,3600.2,unseen,0,,0.164
57,"{'A': 0.0, 'B': 0.0, 'C': 0.0}",7,99.94,2.136,"{'A': 15, 'B': 13, 'C': 5}",33,423.1,89.3,6.107,"{'A': 0.0, 'B': 0.0, 'C': 0.0}",0.0,89.3,ns_neural_only,31,section_breakdown,29.95,5029,3600.8,unseen,0,,0.1851
64,"{'A': 0.0, 'B': 0.0, 'C': 680.5}",0,99.9,1.571,"{'A': 19, 'B': 29, 'C': 4}",52,655.2,55.8,9.72,"{'A': 0.0, 'B': 0.0, 'C': 0.95}",0.95,55.8,ns_neural_only,53,small_buffers,46.2,5000,3600.1,unseen,0,,0.1869
63,"{'A': 0.0, 'B': 0.0, 'C': 387.4}",0,99.9,1.439,"{'A': 19, 'B': 29, 'C': 3}",51,670.1,55.5,9.783,"{'A': 0.0, 'B': 0.0, 'C': 0.54}",0.54,55.5,ns_neural_only,51,small_buffers,45.57,5001,3600.3,unseen,0,,0.1918
60,"{'A': 0.0, 'B': 0.0, 'C': 739.0}",1,99.91,1.537,"{'A': 19, 'B': 30, 'C': 3}",52,624.0,64.1,9.153,"{'A': 0.0, 'B': 0.0, 'C': 1.03}",1.03,64.1,ns_neural_only,53,small_buffers,46.4,5002,3600.9,unseen,0,,0.176
58,"{'A': 31.2, 'B': 0.0, 'C': 966.8}",2,99.91,1.386,"{'A': 19, 'B': 21, 'C': 3}",43,578.0,69.9,8.623,"{'A': 0.17, 'B': 0.0, 'C': 1.34}",1.52,69.9,ns_neural_only,44,small_buffers,37.17,5003,3600.1,unseen,0,,0.2005
63,"{'A': 0.0, 'B': 0.0, 'C': 425.5}",0,99.9,1.922,"{'A': 21, 'B': 30, 'C': 3}",54,678.8,55.0,9.894,"{'A': 0.0, 'B': 0.0, 'C': 0.59}",0.59,55.0,ns_neural_only,52,small_buffers,48.46,5004,3600.5,unseen,0,,0.1832
63,"{'A': 0.0, 'B': 0.0, 'C': 335.7}",0,99.9,1.479,"{'A': 20, 'B': 29, 'C': 3}",52,678.7,55.3,9.843,"{'A': 0.0, 'B': 0.0, 'C': 0.47}",0.47,55.3,ns_neural_only,53,small_buffers,46.61,5005,3600.2,unseen,0,,0.1893
63,"{'A': 0.0, 'B': 0.0, 'C': 624.9}",0,99.9,1.787,"{'A': 20, 'B': 30, 'C': 3}",53,655.5,55.8,9.73,"{'A': 0.0, 'B': 0.0, 'C': 0.87}",0.87,55.8,ns_neural_only,54,small_buffers,47.27,5006,3600.8,unseen,0,,0.1836
64,"{'A': 0.0, 'B': 0.0, 'C': 431.3}",0,99.9,1.828,"{'A': 20, 'B': 30, 'C': 4}",54,666.7,55.5,9.785,"{'A': 0.0, 'B': 0.0, 'C': 0.6}",0.6,55.5,ns_neural_only,55,small_buffers,48.51,5007,3600.4,unseen,0,,0.1812
63,"{'A': 0.0, 'B': 0.0, 'C': 515.8}",0,99.9,1.534,"{'A': 18, 'B': 30, 'C': 4}",52,634.1,56.3,9.622,"{'A': 0.0, 'B': 0.0, 'C': 0.72}",0.72,56.3,ns_neural_only,53,small_buffers,46.47,5008,3600.0,unseen,0,,0.185
64,"{'A': 0.0, 'B': 0.0, 'C': 541.6}",0,99.9,1.546,"{'A': 21, 'B': 28, 'C': 4}",53,655.4,55.7,9.735,"{'A': 0.0, 'B': 0.0, 'C': 0.75}",0.75,55.7,ns_neural_only,52,small_buffers,47.38,5009,3600.6,unseen,0,,0.1837
56,"{'A': 0.0, 'B': 37.9, 'C': 808.2}",1,99.91,1.399,"{'A': 14, 'B': 26, 'C': 3}",43,613.6,69.7,8.818,"{'A': 0.0, 'B': 0.32, 'C': 1.12}",1.44,60.3,ns_neural_only,46,small_buffers,37.15,5010,3600.4,unseen,0,,0.2051
63,"{'A': 0.0, 'B': 0.0, 'C': 543.1}",0,99.9,1.388,"{'A': 19, 'B': 30, 'C': 3}",52,656.8,55.7,9.738,"{'A': 0.0, 'B': 0.0, 'C': 0.75}",0.75,55.7,ns_neural_only,52,small_buffers,46.38,5011,3600.0,unseen,0,,0.1873
63,"{'A': 0.0, 'B': 0.0, 'C': 404.6}",1,99.9,2.007,"{'A': 19, 'B': 29, 'C': 4}",52,656.2,57.9,9.647,"{'A': 0.0, 'B': 0.0, 'C': 0.56}",0.56,57.9,ns_neural_only,52,small_buffers,46.61,5012,3600.5,unseen,0,,0.1855
62,"{'A': 0.0, 'B': 0.0, 'C': 416.5}",0,99.9,1.874,"{'A': 18, 'B': 30, 'C': 4}",52,679.2,55.0,9.893,"{'A': 0.0, 'B': 0.0, 'C': 0.58}",0.58,55.0,ns_neural_only,53,small_buffers,46.47,5013,3600.6,unseen,0,,0.1903
63,"{'A': 0.0, 'B': 0.0, 'C': 717.0}",0,99.9,2.192,"{'A': 19, 'B': 29, 'C': 4}",52,678.7,55.0,9.898,"{'A': 0.0, 'B': 0.0, 'C': 1.0}",1.0,55.0,ns_neural_only,51,small_buffers,46.06,5014,3600.2,unseen,0,,0.1903
63,"{'A': 0.0, 'B': 0.0, 'C': 416.1}",0,99.9,1.398,"{'A': 19, 'B': 31, 'C': 2}",52,678.7,55.2,9.848,"{'A': 0.0, 'B': 0.0, 'C': 0.58}",0.58,55.2,ns_neural_only,51,small_buffers,46.5,5015,3600.3,unseen,0,,0.1894
64,"{'A': 0.0, 'B': 0.0, 'C': 374.8}",0,99.9,1.69,"{'A': 20, 'B': 29, 'C': 4}",53,643.7,56.1,9.668,"{'A': 0.0, 'B': 0.0, 'C': 0.52}",0.52,56.1,ns_neural_only,53,small_buffers,47.65,5016,3600.5,unseen,0,,0.1824
63,"{'A': 0.0, 'B': 0.0, 'C': 560.4}",0,99.9,2.132,"{'A': 21, 'B': 28, 'C': 4}",53,676.1,55.0,9.901,"{'A': 0.0, 'B': 0.0, 'C': 0.78}",0.78,55.0,ns_neural_only,53,small_buffers,47.27,5017,3600.7,unseen,0,,0.1868
64,"{'A': 0.0, 'B': 0.0, 'C': 385.8}",0,99.9,1.41,"{'A': 21, 'B': 29, 'C': 3}",53,655.3,55.9,9.711,"{'A': 0.0, 'B': 0.0, 'C': 0.54}",0.54,55.9,ns_neural_only,55,small_buffers,47.61,5018,3600.3,unseen,0,,0.1832
64,"{'A': 0.0, 'B': 0.0, 'C': 704.7}",0,99.9,1.726,"{'A': 19, 'B': 30, 'C': 4}",53,666.7,55.5,9.787,"{'A': 0.0, 'B': 0.0, 'C': 0.98}",0.98,55.5,ns_neural_only,53,small_buffers,47.13,5019,3600.4,unseen,0,,0.1847
63,"{'A': 0.0, 'B': 0.0, 'C': 489.5}",0,99.9,1.564,"{'A': 20, 'B': 28, 'C': 3}",51,669.2,55.5,9.792,"{'A': 0.0, 'B': 0.0, 'C': 0.68}",0.68,55.5,ns_neural_only,52,small_buffers,45.42,5020,3600.8,unseen,0,,0.192
63,"{'A': 0.0, 'B': 0.0, 'C': 454.9}",0,99.9,2.006,"{'A': 21, 'B': 30, 'C': 4}",55,675.4,55.0,9.892,"{'A': 0.0, 'B': 0.0, 'C': 0.63}",0.63,55.0,ns_neural_only,54,small_buffers,49.42,5021,3600.8,unseen,0,,0.1799
63,"{'A': 0.0, 'B': 0.0, 'C': 643.5}",0,99.9,1.886,"{'A': 21, 'B': 28, 'C': 4}",53,662.2,55.4,9.805,"{'A': 0.0, 'B': 0.0, 'C': 0.89}",0.89,55.4,ns_neural_only,53,small_buffers,47.2,5022,3600.0,unseen,0,,0.185
62,"{'A': 0.0, 'B': 0.0, 'C': 494.6}",1,99.91,1.634,"{'A': 21, 'B': 30, 'C': 4}",55,647.1,60.1,9.484,"{'A': 0.0, 'B': 0.0, 'C': 0.69}",0.69,60.1,ns_neural_only,55,small_buffers,49.57,5023,3600.4,unseen,0,,0.1724
62,"{'A': 0.0, 'B': 0.0, 'C': 428.5}",0,99.9,1.914,"{'A': 19, 'B': 29, 'C': 3}",51,680.8,55.0,9.904,"{'A': 0.0, 'B': 0.0, 'C': 0.6}",0.6,55.0,ns_neural_only,51,small_buffers,45.45,5024,3600.7,unseen,0,,0.1942
63,"{'A': 0.0, 'B': 0.0, 'C': 754.4}",0,99.9,1.998,"{'A': 19, 'B': 29, 'C': 4}",52,674.4,55.1,9.869,"{'A': 0.0, 'B': 0.0, 'C': 1.05}",1.05,55.1,ns_neural_only,52,small_buffers,46.02,5025,3600.3,unseen,0,,0.1898
63,"{'A': 0.0, 'B': 0.0, 'C': 522.8}",0,99.9,1.669,"{'A': 21, 'B': 29, 'C': 4}",54,660.5,55.6,9.778,"{'A': 0.0, 'B': 0.0, 'C': 0.73}",0.73,55.6,ns_neural_only,55,small_buffers,48.39,5026,3600.6,unseen,0,,0.1811
65,"{'A': 0.0, 'B': 0.0, 'C': 568.4}",0,99.9,1.408,"{'A': 13, 'B': 31, 'C': 4}",48,632.0,56.6,9.541,"{'A': 0.0, 'B': 0.0, 'C': 0.79}",0.79,56.6,ns_neural_only,46,small_buffers,42.44,5027,3600.4,unseen,0,,0.1988
64,"{'A': 0.0, 'B': 0.0, 'C': 549.2}",0,99.9,1.558,"{'A': 20, 'B': 30, 'C': 4}",54,667.2,55.4,9.804,"{'A': 0.0, 'B': 0.0, 'C': 0.76}",0.76,55.4,ns_neural_only,53,small_buffers,48.34,5028,3600.8,unseen,0,,0.1816
61,"{'A': 0.0, 'B': 0.0, 'C': 483.5}",1,99.91,1.571,"{'A': 13, 'B': 31, 'C': 4}",48,637.4,61.1,9.363,"{'A': 0.0, 'B': 0.0, 'C': 0.67}",0.67,61.1,ns_neural_only,47,small_buffers,42.65,5029,3600.4,unseen,0,,0.1951
60,"{'A': 0.0, 'B': 0.0, 'C': 0.0}",2,44.91,1.982,"{'A': 20, 'B': 32, 'C': 4}",56,522.9,68.5,8.71,"{'A': 0.0, 'B': 0.0, 'C': 0.0}",0.0,67.7,ns_neural_only,56,worn_robot,51.64,5000,3600.8,seen,0,,0.1555
59,"{'A': 0.0, 'B': 0.0, 'C': 0.0}",3,44.92,1.95,"{'A': 19, 'B': 28, 'C': 4}",51,484.3,72.9,8.274,"{'A': 0.0, 'B': 0.0, 'C': 0.0}",0.0,68.1,ns_neural_only,53,worn_robot,46.86,5001,3600.7,seen,0,,0.1622
49,"{'A': 0.0, 'B': 0.0, 'C': 0.0}",5,44.93,2.384,"{'A': 19, 'B': 31, 'C': 4}",54,405.5,93.7,6.818,"{'A': 0.0, 'B': 0.0, 'C': 0.0}",0.0,88.7,ns_neural_only,54,worn_robot,50.59,5002,3600.6,seen,0,,0.1263
61,"{'A': 0.0, 'B': 0.0, 'C': 0.0}",2,44.92,1.927,"{'A': 20, 'B': 21, 'C': 4}",45,437.8,69.1,8.163,"{'A': 0.0, 'B': 0.0, 'C': 0.0}",0.0,67.7,ns_neural_only,46,worn_robot,40.92,5003,3600.6,seen,0,,0.1814
61,"{'A': 0.0, 'B': 0.0, 'C': 0.0}",3,44.91,2.155,"{'A': 20, 'B': 29, 'C': 4}",53,523.0,68.6,8.687,"{'A': 0.0, 'B': 0.0, 'C': 0.0}",0.0,68.0,ns_neural_only,52,worn_robot,48.66,5004,3600.1,seen,0,,0.1639
51,"{'A': 0.0, 'B': 0.0, 'C': 49.6}",9,44.93,2.475,"{'A': 21, 'B': 30, 'C': 4}",55,426.1,97.6,6.618,"{'A': 0.0, 'B': 0.0, 'C': 0.07}",0.07,95.2,ns_neural_only,53,worn_robot,51.62,5005,3600.5,seen,0,,0.1203
59,"{'A': 0.0, 'B': 0.0, 'C': 0.0}",3,44.92,2.15,"{'A': 18, 'B': 29, 'C': 4}",51,481.7,73.0,8.286,"{'A': 0.0, 'B': 0.0, 'C': 0.0}",0.0,68.1,ns_neural_only,54,worn_robot,46.86,5006,3600.0,seen,0,,0.1625
60,"{'A': 0.0, 'B': 0.0, 'C': 0.0}",3,44.91,1.912,"{'A': 19, 'B': 30, 'C': 4}",53,525.1,69.7,8.58,"{'A': 0.0, 'B': 0.0, 'C': 0.0}",0.0,69.7,ns_neural_only,52,worn_robot,48.71,5007,3600.3,seen,0,,0.1619
51,"{'A': 0.0, 'B': 0.0, 'C': 0.0}",7,44.93,2.009,"{'A': 19, 'B': 29, 'C': 4}",52,430.4,93.6,6.718,"{'A': 0.0, 'B': 0.0, 'C': 0.0}",0.0,93.6,ns_neural_only,52,worn_robot,48.64,5008,3600.6,seen,0,,0.1292
51,"{'A': 0.0, 'B': 0.0, 'C': 289.9}",8,44.93,2.161,"{'A': 18, 'B': 29, 'C': 4}",51,441.8,94.4,6.798,"{'A': 0.0, 'B': 0.0, 'C': 0.4}",0.4,94.0,ns_neural_only,51,worn_robot,47.2,5009,3600.8,seen,0,,0.1333
58,"{'A': 0.0, 'B': 0.0, 'C': 0.0}",4,44.92,1.926,"{'A': 14, 'B': 29, 'C': 4}",47,467.5,75.7,8.052,"{'A': 0.0, 'B': 0.0, 'C': 0.0}",0.0,66.9,ns_neural_only,48,worn_robot,42.97,5010,3600.7,seen,0,,0.1713
60,"{'A': 0.0, 'B': 0.0, 'C': 0.0}",2,44.92,2.724,"{'A': 17, 'B': 30, 'C': 4}",51,493.8,69.5,8.496,"{'A': 0.0, 'B': 0.0, 'C': 0.0}",0.0,67.7,ns_neural_only,54,worn_robot,46.75,5011,3600.2,seen,0,,0.1666
49,"{'A': 0.0, 'B': 0.0, 'C': 0.0}",4,44.93,1.996,"{'A': 19, 'B': 32, 'C': 4}",55,416.0,93.9,6.782,"{'A': 0.0, 'B': 0.0, 'C': 0.0}",0.0,88.7,ns_neural_only,55,worn_robot,51.61,5012,3600.8,seen,0,,0.1233
59,"{'A': 0.0, 'B': 0.0, 'C': 0.0}",3,44.92,2.248,"{'A': 19, 'B': 29, 'C': 4}",52,494.8,72.2,8.286,"{'A': 0.0, 'B': 0.0, 'C': 0.0}",0.0,70.1,ns_neural_only,53,worn_robot,47.86,5013,3600.7,seen,0,,0.1593
51,"{'A': 0.0, 'B': 0.0, 'C': 0.0}",9,44.93,2.602,"{'A': 19, 'B': 30, 'C': 4}",53,471.9,92.9,7.184,"{'A': 0.0, 'B': 0.0, 'C': 0.0}",0.0,92.9,ns_neural_only,51,worn_robot,49.41,5014,3600.0,seen,0,,0.1356
59,"{'A': 0.0, 'B': 0.0, 'C': 0.0}",2,44.91,2.192,"{'A': 19, 'B': 30, 'C': 2}",51,510.7,69.1,8.594,"{'A': 0.0, 'B': 0.0, 'C': 0.0}",0.0,66.7,ns_neural_only,53,worn_robot,46.7,5015,3600.5,seen,0,,0.1685
49,"{'A': 0.0, 'B': 0.0, 'C': 295.9}",4,44.93,2.585,"{'A': 19, 'B': 30, 'C': 5}",54,387.9,94.3,6.752,"{'A': 0.0, 'B': 0.0, 'C': 0.41}",0.41,91.3,ns_neural_only,54,worn_robot,50.21,5016,3600.7,seen,0,,0.125
56,"{'A': 0.0, 'B': 0.0, 'C': 0.0}",4,44.92,2.095,"{'A': 20, 'B': 29, 'C': 4}",53,483.3,78.1,7.935,"{'A': 0.0, 'B': 0.0, 'C': 0.0}",0.0,77.2,ns_neural_only,52,worn_robot,49.03,5017,3600.3,seen,0,,0.1497
53,"{'A': 0.0, 'B': 0.0, 'C': 256.4}",6,44.93,2.688,"{'A': 18, 'B': 31, 'C': 3}",52,430.5,89.7,6.868,"{'A': 0.0, 'B': 0.0, 'C': 0.36}",0.36,89.7,ns_neural_only,52,worn_robot,48.21,5018,3600.8,seen,0,,0.1321
52,"{'A': 0.0, 'B': 0.0, 'C': 0.0}",11,44.93,2.172,"{'A': 21, 'B': 30, 'C': 4}",55,435.0,97.4,6.686,"{'A': 0.0, 'B': 0.0, 'C': 0.0}",0.0,96.1,ns_neural_only,53,worn_robot,51.66,5019,3600.4,seen,0,,0.1216
48,"{'A': 0.0, 'B': 0.0, 'C': 187.1}",5,44.93,2.57,"{'A': 20, 'B': 31, 'C': 4}",55,379.9,96.6,6.527,"{'A': 0.0, 'B': 0.0, 'C': 0.26}",0.26,89.5,ns_neural_only,54,worn_robot,51.48,5020,3600.2,seen,0,,0.1187
60,"{'A': 0.0, 'B': 0.0, 'C': 0.0}",2,44.91,2.393,"{'A': 18, 'B': 27, 'C': 4}",49,511.2,69.5,8.6,"{'A': 0.0, 'B': 0.0, 'C': 0.0}",0.0,67.2,ns_neural_only,53,worn_robot,44.7,5021,3600.8,seen,0,,0.1755
56,"{'A': 0.0, 'B': 0.0, 'C': 0.0}",4,44.92,2.432,"{'A': 18, 'B': 31, 'C': 5}",54,447.1,77.8,7.846,"{'A': 0.0, 'B': 0.0, 'C': 0.0}",0.0,77.3,ns_neural_only,53,worn_robot,50.08,5022,3600.5,seen,0,,0.1453
60,"{'A': 0.0, 'B': 0.0, 'C': 0.0}",2,44.91,2.691,"{'A': 21, 'B': 28, 'C': 4}",53,480.8,68.6,8.502,"{'A': 0.0, 'B': 0.0, 'C': 0.0}",0.0,68.5,ns_neural_only,54,worn_robot,48.75,5023,3600.8,seen,0,,0.1604
49,"{'A': 0.0, 'B': 0.0, 'C': 231.3}",6,44.93,2.375,"{'A': 19, 'B': 31, 'C': 4}",54,411.8,93.9,6.862,"{'A': 0.0, 'B': 0.0, 'C': 0.32}",0.32,90.2,ns_neural_only,54,worn_robot,50.25,5024,3600.9,seen,0,,0.1271
55,"{'A': 0.0, 'B': 0.0, 'C': 0.0}",4,44.93,2.723,"{'A': 18, 'B': 29, 'C': 5}",52,408.1,81.2,7.473,"{'A': 0.0, 'B': 0.0, 'C': 0.0}",0.0,79.0,ns_neural_only,53,worn_robot,48.26,5025,3600.3,seen,0,,0.1437
64,"{'A': 0.0, 'B': 0.0, 'C': 0.0}",1,44.91,2.37,"{'A': 18, 'B': 29, 'C': 5}",52,547.1,59.2,9.328,"{'A': 0.0, 'B': 0.0, 'C': 0.0}",0.0,57.6,ns_neural_only,54,worn_robot,47.34,5026,3600.9,seen,0,,0.1794
50,"{'A': 0.0, 'B': 0.0, 'C': 0.0}",5,44.93,2.711,"{'A': 13, 'B': 31, 'C': 4}",48,443.5,92.4,6.951,"{'A': 0.0, 'B': 0.0, 'C': 0.0}",0.0,90.7,ns_neural_only,47,worn_robot,44.52,5027,3600.3,seen,0,,0.1448
56,"{'A': 0.0, 'B': 0.0, 'C': 0.0}",5,44.92,2.021,"{'A': 20, 'B': 29, 'C': 4}",53,430.3,81.7,7.527,"{'A': 0.0, 'B': 0.0, 'C': 0.0}",0.0,79.1,ns_neural_only,54,worn_robot,49.24,5028,3600.5,seen,0,,0.142
51,"{'A': 0.0, 'B': 0.0, 'C': 180.8}",6,44.94,1.963,"{'A': 14, 'B': 31, 'C': 4}",49,373.8,93.9,6.408,"{'A': 0.0, 'B': 0.0, 'C': 0.25}",0.25,93.9,ns_neural_only,48,worn_robot,45.54,5029,3600.5,seen,0,,0.1308
58,"{'A': 0.0, 'B': 0.0, 'C': 0.0}",1,99.92,1.118,"{'A': 20, 'B': 31, 'C': 4}",55,557.8,40.7,8.341,"{'A': 0.0, 'B': 0.0, 'C': 0.0}",0.0,40.7,ns_symbolic_only,53,aged_battery,50.83,5000,3600.4,unseen,0,,0.1517
66,"{'A': 0.0, 'B': 0.0, 'C': 0.0}",0,99.9,0.977,"{'A': 20, 'B': 29, 'C': 4}",53,643.9,19.8,9.618,"{'A': 0.0, 'B': 0.0, 'C': 0.0}",0.0,19.8,ns_symbolic_only,51,aged_battery,48.19,5001,3601.0,unseen,0,,0.1815
65,"{'A': 0.0, 'B': 0.0, 'C': 0.0}",0,99.9,1.106,"{'A': 19, 'B': 32, 'C': 4}",55,644.6,19.8,9.621,"{'A': 0.0, 'B': 0.0, 'C': 0.0}",0.0,19.8,ns_symbolic_only,54,aged_battery,50.19,5002,3600.8,unseen,0,,0.1749
55,"{'A': 0.0, 'B': 0.0, 'C': 0.0}",1,99.92,1.928,"{'A': 20, 'B': 22, 'C': 5}",47,540.1,46.2,8.016,"{'A': 0.0, 'B': 0.0, 'C': 0.0}",0.0,46.2,ns_symbolic_only,47,aged_battery,42.99,5003,3600.9,unseen,0,,0.1706
66,"{'A': 0.0, 'B': 0.0, 'C': 0.0}",0,99.9,1.183,"{'A': 20, 'B': 29, 'C': 3}",52,643.8,19.9,9.606,"{'A': 0.0, 'B': 0.0, 'C': 0.0}",0.0,19.9,ns_symbolic_only,51,aged_battery,47.2,5004,3600.7,unseen,0,,0.1847
66,"{'A': 0.0, 'B': 0.0, 'C': 0.0}",0,99.9,1.191,"{'A': 19, 'B': 32, 'C': 4}",55,643.4,20.0,9.6,"{'A': 0.0, 'B': 0.0, 'C': 0.0}",0.0,20.0,ns_symbolic_only,53,aged_battery,50.2,5005,3600.7,unseen,0,,0.1745
58,"{'A': 0.0, 'B': 0.0, 'C': 0.0}",1,99.91,1.475,"{'A': 19, 'B': 32, 'C': 4}",55,584.2,35.8,8.696,"{'A': 0.0, 'B': 0.0, 'C': 0.0}",0.0,35.8,ns_symbolic_only,54,aged_battery,50.65,5006,3600.1,unseen,0,,0.1581
65,"{'A': 0.0, 'B': 0.0, 'C': 0.0}",0,99.9,1.174,"{'A': 21, 'B': 29, 'C': 4}",54,651.6,19.3,9.688,"{'A': 0.0, 'B': 0.0, 'C': 0.0}",0.0,19.3,ns_symbolic_only,52,aged_battery,49.16,5007,3600.8,unseen,0,,0.1794
65,"{'A': 0.0, 'B': 0.0, 'C': 0.0}",0,99.9,1.083,"{'A': 19, 'B': 32, 'C': 4}",55,649.4,19.5,9.654,"{'A': 0.0, 'B': 0.0, 'C': 0.0}",0.0,19.5,ns_symbolic_only,54,aged_battery,50.17,5008,3600.2,unseen,0,,0.1755
65,"{'A': 0.0, 'B': 0.0, 'C': 0.0}",0,99.9,1.065,"{'A': 21, 'B': 29, 'C': 4}",54,651.6,19.3,9.687,"{'A': 0.0, 'B': 0.0, 'C': 0.0}",0.0,19.3,ns_symbolic_only,53,aged_battery,49.16,5009,3600.8,unseen,0,,0.1794
60,"{'A': 0.0, 'B': 0.0, 'C': 0.0}",1,99.91,1.111,"{'A': 15, 'B': 29, 'C': 4}",48,586.9,33.9,8.739,"{'A': 0.0, 'B': 0.0, 'C': 0.0}",0.0,27.2,ns_symbolic_only,49,aged_battery,43.63,5010,3600.0,unseen,0,,0.1821
65,"{'A': 0.0, 'B': 0.0, 'C': 0.0}",0,99.9,1.205,"{'A': 19, 'B': 29, 'C': 4}",52,645.2,19.9,9.617,"{'A': 0.0, 'B': 0.0, 'C': 0.0}",0.0,19.9,ns_symbolic_only,52,aged_battery,47.19,5011,3600.4,unseen,0,,0.185
59,"{'A': 0.0, 'B': 0.0, 'C': 0.0}",1,99.91,1.394,"{'A': 19, 'B': 28, 'C': 4}",51,574.2,36.9,8.566,"{'A': 0.0, 'B': 0.0, 'C': 0.0}",0.0,36.9,ns_symbolic_only,52,aged_battery,46.72,5012,3600.4,unseen,0,,0.168
66,"{'A': 0.0, 'B': 0.0, 'C': 0.0}",0,99.9,1.435,"{'A': 20, 'B': 32, 'C': 5}",57,641.4,19.6,9.654,"{'A': 0.0, 'B': 0.0, 'C': 0.0}",0.0,19.6,ns_symbolic_only,55,aged_battery,52.17,5013,3600.5,unseen,0,,0.1694
66,"{'A': 0.0, 'B': 0.0, 'C': 0.0}",0,99.9,1.279,"{'A': 20, 'B': 30, 'C': 4}",54,643.4,20.0,9.596,"{'A': 0.0, 'B': 0.0, 'C': 0.0}",0.0,20.0,ns_symbolic_only,52,aged_battery,49.2,5014,3600.7,unseen,0,,0.1777
65,"{'A': 0.0, 'B': 0.0, 'C': 0.0}",0,99.9,1.353,"{'A': 19, 'B': 32, 'C': 3}",54,655.2,19.3,9.683,"{'A': 0.0, 'B': 0.0, 'C': 0.0}",0.0,19.3,ns_symbolic_only,52,aged_battery,49.16,5015,3600.1,unseen,0,,0.1793
54,"{'A': 0.0, 'B': 0.0, 'C': 0.0}",2,99.92,1.136,"{'A': 20, 'B': 28, 'C': 5}",53,510.1,52.2,7.637,"{'A': 0.0, 'B': 0.0, 'C': 0.0}",0.0,52.2,ns_symbolic_only,52,aged_battery,49.18,5016,3600.9,unseen,0,,0.1441
65,"{'A': 0.0, 'B': 0.0, 'C': 0.0}",0,99.9,1.203,"{'A': 19, 'B': 30, 'C': 5}",54,644.2,19.6,9.653,"{'A': 0.0, 'B': 0.0, 'C': 0.0}",0.0,19.6,ns_symbolic_only,53,aged_battery,49.17,5017,3600.8,unseen,0,,0.1788
64,"{'A': 0.0, 'B': 0.0, 'C': 0.0}",0,99.9,1.407,"{'A': 20, 'B': 30, 'C': 4}",54,655.5,19.1,9.705,"{'A': 0.0, 'B': 0.0, 'C': 0.0}",0.0,19.1,ns_symbolic_only,54,aged_battery,49.15,5018,3600.7,unseen,0,,0.1797
62,"{'A': 0.0, 'B': 0.0, 'C': 0.0}",1,99.91,1.161,"{'A': 20, 'B': 30, 'C': 4}",54,620.2,28.0,9.169,"{'A': 0.0, 'B': 0.0, 'C': 0.0}",0.0,28.0,ns_symbolic_only,52,aged_battery,49.42,5019,3600.3,unseen,0,,0.1698
64,"{'A': 0.0, 'B': 0.0, 'C': 0.0}",0,99.9,1.263,"{'A': 20, 'B': 31, 'C': 3}",54,667.1,18.6,9.769,"{'A': 0.0, 'B': 0.0, 'C': 0.0}",0.0,18.6,ns_symbolic_only,53,aged_battery,49.12,5020,3600.5,unseen,0,,0.1809
66,"{'A': 0.0, 'B': 0.0, 'C': 0.0}",0,99.9,1.364,"{'A': 20, 'B': 30, 'C': 5}",55,643.5,19.7,9.637,"{'A': 0.0, 'B': 0.0, 'C': 0.0}",0.0,19.7,ns_symbolic_only,54,aged_battery,50.18,5021,3600.0,unseen,0,,0.1752
59,"{'A': 0.0, 'B': 0.0, 'C': 0.0}",1,99.91,1.111,"{'A': 21, 'B': 29, 'C': 4}",54,582.5,35.9,8.683,"{'A': 0.0, 'B': 0.0, 'C': 0.0}",0.0,35.9,ns_symbolic_only,52,aged_battery,49.66,5022,3600.7,unseen,0,,0.1608
64,"{'A': 0.0, 'B': 0.0, 'C': 0.0}",1,99.91,1.546,"{'A': 20, 'B': 32, 'C': 4}",56,630.0,24.8,9.339,"{'A': 0.0, 'B': 0.0, 'C': 0.0}",0.0,24.8,ns_symbolic_only,55,aged_battery,51.33,5023,3600.5,unseen,0,,0.1668
65,"{'A': 0.0, 'B': 0.0, 'C': 0.0}",0,99.9,1.224,"{'A': 20, 'B': 29, 'C': 4}",53,649.7,19.6,9.647,"{'A': 0.0, 'B': 0.0, 'C': 0.0}",0.0,19.6,ns_symbolic_only,53,aged_battery,48.18,5024,3600.8,unseen,0,,0.182
65,"{'A': 0.0, 'B': 0.0, 'C': 0.0}",0,99.9,1.621,"{'A': 19, 'B': 30, 'C': 5}",54,644.7,19.7,9.633,"{'A': 0.0, 'B': 0.0, 'C': 0.0}",0.0,19.7,ns_symbolic_only,53,aged_battery,49.18,5025,3600.1,unseen,0,,0.1784
65,"{'A': 0.0, 'B': 0.0, 'C': 0.0}",0,99.9,1.386,"{'A': 21, 'B': 31, 'C': 5}",57,644.2,19.4,9.669,"{'A': 0.0, 'B': 0.0, 'C': 0.0}",0.0,19.4,ns_symbolic_only,55,aged_battery,52.17,5026,3600.8,unseen,0,,0.1696
54,"{'A': 0.0, 'B': 0.0, 'C': 0.0}",2,99.92,1.321,"{'A': 14, 'B': 31, 'C': 5}",50,508.5,52.8,7.579,"{'A': 0.0, 'B': 0.0, 'C': 0.0}",0.0,52.8,ns_symbolic_only,49,aged_battery,46.21,5027,3600.8,unseen,0,,0.1516
65,"{'A': 0.0, 'B': 0.0, 'C': 0.0}",0,99.9,1.433,"{'A': 19, 'B': 31, 'C': 5}",55,650.1,18.9,9.736,"{'A': 0.0, 'B': 0.0, 'C': 0.0}",0.0,18.9,ns_symbolic_only,55,aged_battery,50.13,5028,3600.9,unseen,0,,0.177
47,"{'A': 0.0, 'B': 0.0, 'C': 0.0}",1,99.93,1.094,"{'A': 9, 'B': 22, 'C': 3}",34,465.9,64.1,6.87,"{'A': 0.0, 'B': 0.0, 'C': 0.0}",0.0,42.8,ns_symbolic_only,47,aged_battery,30.57,5029,3600.7,unseen,0,,0.202
62,"{'A': 0.0, 'B': 0.0, 'C': 0.0}",1,99.91,1.353,"{'A': 20, 'B': 30, 'C': 4}",54,611.9,64.1,9.113,"{'A': 0.0, 'B': 0.0, 'C': 0.0}",0.0,64.1,ns_symbolic_only,53,balanced,49.44,5000,3601.0,seen,0,,0.1688
66,"{'A': 0.0, 'B': 0.0, 'C': 0.0}",0,99.9,1.227,"{'A': 20, 'B': 29, 'C': 4}",53,643.9,56.3,9.618,"{'A': 0.0, 'B': 0.0, 'C': 0.0}",0.0,56.3,ns_symbolic_only,51,balanced,48.19,5001,3601.0,seen,0,,0.1815
65,"{'A': 0.0, 'B': 0.0, 'C': 0.0}",0,99.9,1.149,"{'A': 19, 'B': 32, 'C': 4}",55,644.6,56.3,9.621,"{'A': 0.0, 'B': 0.0, 'C': 0.0}",0.0,56.3,ns_symbolic_only,54,balanced,50.19,5002,3600.8,seen,0,,0.1749
61,"{'A': 0.0, 'B': 0.0, 'C': 0.0}",1,99.91,1.311,"{'A': 19, 'B': 22, 'C': 5}",46,594.1,67.0,8.828,"{'A': 0.0, 'B': 0.0, 'C': 0.0}",0.0,67.0,ns_symbolic_only,44,balanced,41.59,5003,3600.3,seen,0,,0.1919
66,"{'A': 0.0, 'B': 0.0, 'C': 0.0}",0,99.9,1.335,"{'A': 20, 'B': 29, 'C': 3}",52,643.8,56.3,9.606,"{'A': 0.0, 'B': 0.0, 'C': 0.0}",0.0,56.3,ns_symbolic_only,51,balanced,47.2,5004,3600.7,seen,0,,0.1847
66,"{'A': 0.0, 'B': 0.0, 'C': 0.0}",0,99.9,1.192,"{'A': 19, 'B': 32, 'C': 4}",55,643.4,56.4,9.6,"{'A': 0.0, 'B': 0.0, 'C': 0.0}",0.0,56.4,ns_symbolic_only,53,balanced,50.2,5005,3600.7,seen,0,,0.1745
62,"{'A': 0.0, 'B': 0.0, 'C': 0.0}",1,99.91,1.316,"{'A': 19, 'B': 29, 'C': 4}",52,624.5,62.5,9.241,"{'A': 0.0, 'B': 0.0, 'C': 0.0}",0.0,62.5,ns_symbolic_only,53,balanced,47.38,5006,3600.4,seen,0,,0.1777
65,"{'A': 0.0, 'B': 0.0, 'C': 0.0}",0,99.9,1.127,"{'A': 21, 'B': 29, 'C': 4}",54,651.6,56.0,9.688,"{'A': 0.0, 'B': 0.0, 'C': 0.0}",0.0,56.0,ns_symbolic_only,52,balanced,49.16,5007,3600.8,seen,0,,0.1794
65,"{'A': 0.0, 'B': 0.0, 'C': 0.0}",0,99.9,1.216,"{'A': 19, 'B': 32, 'C': 4}",55,649.4,56.1,9.654,"{'A': 0.0, 'B': 0.0, 'C': 0.0}",0.0,56.1,ns_symbolic_only,54,balanced,50.17,5008,3600.2,seen,0,,0.1755
65,"{'A': 0.0, 'B': 0.0, 'C': 0.0}",0,99.9,1.237,"{'A': 21, 'B': 29, 'C': 4}",54,651.6,56.0,9.687,"{'A': 0.0, 'B': 0.0, 'C': 0.0}",0.0,56.0,ns_symbolic_only,53,balanced,49.16,5009,3600.8,seen,0,,0.1794
60,"{'A': 0.0, 'B': 0.0, 'C': 0.0}",1,99.91,1.136,"{'A': 15, 'B': 29, 'C': 4}",48,586.9,68.1,8.739,"{'A': 0.0, 'B': 0.0, 'C': 0.0}",0.0,60.3,ns_symbolic_only,49,balanced,43.63,5010,3600.0,seen,0,,0.1821
65,"{'A': 0.0, 'B': 0.0, 'C': 0.0}",0,99.9,1.248,"{'A': 19, 'B': 29, 'C': 4}",52,645.2,56.3,9.617,"{'A': 0.0, 'B': 0.0, 'C': 0.0}",0.0,56.3,ns_symbolic_only,52,balanced,47.19,5011,3600.4,seen,0,,0.185
52,"{'A': 0.0, 'B': 0.0, 'C': 0.0}",2,99.92,1.332,"{'A': 19, 'B': 29, 'C': 5}",53,516.6,84.8,7.601,"{'A': 0.0, 'B': 0.0, 'C': 0.0}",0.0,84.8,ns_symbolic_only,52,balanced,49.2,5012,3600.6,seen,0,,0.1434
66,"{'A': 0.0, 'B': 0.0, 'C': 0.0}",0,99.9,1.372,"{'A': 20, 'B': 32, 'C': 5}",57,641.4,56.1,9.654,"{'A': 0.0, 'B': 0.0, 'C': 0.0}",0.0,56.1,ns_symbolic_only,55,balanced,52.17,5013,3600.5,seen,0,,0.1694
66,"{'A': 0.0, 'B': 0.0, 'C': 0.0}",0,99.9,1.399,"{'A': 20, 'B': 30, 'C': 4}",54,643.4,56.4,9.596,"{'A': 0.0, 'B': 0.0, 'C': 0.0}",0.0,56.4,ns_symbolic_only,52,balanced,49.2,5014,3600.7,seen,0,,0.1777
65,"{'A': 0.0, 'B': 0.0, 'C': 0.0}",0,99.9,1.194,"{'A': 19, 'B': 32, 'C': 3}",54,655.2,56.0,9.683,"{'A': 0.0, 'B': 0.0, 'C': 0.0}",0.0,56.0,ns_symbolic_only,52,balanced,49.16,5015,3600.1,seen,0,,0.1793
63,"{'A': 0.0, 'B': 0.0, 'C': 0.0}",1,99.91,1.432,"{'A': 20, 'B': 30, 'C': 5}",55,617.3,62.7,9.203,"{'A': 0.0, 'B': 0.0, 'C': 0.0}",0.0,62.7,ns_symbolic_only,55,balanced,50.4,5016,3600.8,seen,0,,0.1673
65,"{'A': 0.0, 'B': 0.0, 'C': 0.0}",0,99.9,1.311,"{'A': 19, 'B': 30, 'C': 5}",54,644.2,56.1,9.653,"{'A': 0.0, 'B': 0.0, 'C': 0.0}",0.0,56.1,ns_symbolic_only,53,balanced,49.17,5017,3600.8,seen,0,,0.1788
64,"{'A': 0.0, 'B': 0.0, 'C': 0.0}",0,99.9,1.275,"{'A': 20, 'B': 30, 'C': 4}",54,655.5,55.9,9.705,"{'A': 0.0, 'B': 0.0, 'C': 0.0}",0.0,55.9,ns_symbolic_only,54,balanced,49.15,5018,3600.7,seen,0,,0.1797
61,"{'A': 0.0, 'B': 0.0, 'C': 0.0}",1,99.91,1.348,"{'A': 20, 'B': 30, 'C': 4}",54,619.0,63.5,9.158,"{'A': 0.0, 'B': 0.0, 'C': 0.0}",0.0,63.5,ns_symbolic_only,52,balanced,49.42,5019,3600.3,seen,0,,0.1696
64,"{'A': 0.0, 'B': 0.0, 'C': 0.0}",0,99.9,1.337,"{'A': 20, 'B': 31, 'C': 3}",54,667.1,55.6,9.769,"{'A': 0.0, 'B': 0.0, 'C': 0.0}",0.0,55.6,ns_symbolic_only,53,balanced,49.12,5020,3600.5,seen,0,,0.1809
66,"{'A': 0.0, 'B': 0.0, 'C': 0.0}",0,99.9,1.192,"{'A': 20, 'B': 30, 'C': 5}",55,643.5,56.2,9.637,"{'A': 0.0, 'B': 0.0, 'C': 0.0}",0.0,56.2,ns_symbolic_only,54,balanced,50.18,5021,3600.0,seen,0,,0.1752
50,"{'A': 0.0, 'B': 0.0, 'C': 0.0}",2,99.93,1.262,"{'A': 20, 'B': 31, 'C': 4}",55,476.9,90.8,7.117,"{'A': 0.0, 'B': 0.0, 'C': 0.0}",0.0,81.4,ns_symbolic_only,53,balanced,51.44,5022,3600.8,seen,0,,0.1294
47,"{'A': 0.0, 'B': 0.0, 'C': 0.0}",2,99.93,1.421,"{'A': 18, 'B': 30, 'C': 4}",52,455.9,95.0,6.81,"{'A': 0.0, 'B': 0.0, 'C': 0.0}",0.0,82.2,ns_symbolic_only,55,balanced,48.59,5023,3600.9,seen,0,,0.131
65,"{'A': 0.0, 'B': 0.0, 'C': 0.0}",0,99.9,1.115,"{'A': 20, 'B': 29, 'C': 4}",53,649.7,56.2,9.647,"{'A': 0.0, 'B': 0.0, 'C': 0.0}",0.0,56.2,ns_symbolic_only,53,balanced,48.18,5024,3600.8,seen,0,,0.182
65,"{'A': 0.0, 'B': 0.0, 'C': 0.0}",0,99.9,1.318,"{'A': 19, 'B': 30, 'C': 5}",54,644.7,56.2,9.633,"{'A': 0.0, 'B': 0.0, 'C': 0.0}",0.0,56.2,ns_symbolic_only,53,balanced,49.18,5025,3600.1,seen,0,,0.1784
65,"{'A': 0.0, 'B': 0.0, 'C': 0.0}",0,99.9,1.139,"{'A': 21, 'B': 31, 'C': 5}",57,644.2,56.1,9.669,"{'A': 0.0, 'B': 0.0, 'C': 0.0}",0.0,56.1,ns_symbolic_only,55,balanced,52.17,5026,3600.8,seen,0,,0.1696
59,"{'A': 0.0, 'B': 0.0, 'C': 0.0}",2,99.92,0.917,"{'A': 11, 'B': 29, 'C': 5}",45,573.9,71.4,8.495,"{'A': 0.0, 'B': 0.0, 'C': 0.0}",0.0,71.4,ns_symbolic_only,46,balanced,40.75,5027,3600.7,seen,0,,0.1888
65,"{'A': 0.0, 'B': 0.0, 'C': 0.0}",0,99.9,1.283,"{'A': 19, 'B': 31, 'C': 5}",55,650.1,55.7,9.736,"{'A': 0.0, 'B': 0.0, 'C': 0.0}",0.0,55.7,ns_symbolic_only,55,balanced,50.13,5028,3600.9,seen,0,,0.177
62,"{'A': 0.0, 'B': 0.0, 'C': 0.0}",2,99.91,1.202,"{'A': 13, 'B': 29, 'C': 4}",46,610.7,64.7,9.002,"{'A': 0.0, 'B': 0.0, 'C': 0.0}",0.0,60.3,ns_symbolic_only,47,balanced,41.5,5029,3600.8,seen,0,,0.1957
58,"{'A': 0.0, 'B': 0.0, 'C': 0.0}",3,99.92,1.068,"{'A': 14, 'B': 29, 'C': 3}",46,556.8,75.1,8.239,"{'A': 0.0, 'B': 0.0, 'C': 0.0}",0.0,74.0,ns_symbolic_only,44,fault_burst,41.88,5000,3600.6,seen,0,,0.1791
48,"{'A': 0.0, 'B': 0.0, 'C': 0.0}",5,99.94,0.643,"{'A': 13, 'B': 11, 'C': 1}",25,406.9,100.0,5.794,"{'A': 0.0, 'B': 0.0, 'C': 0.0}",0.0,85.1,ns_symbolic_only,22,fault_burst,22.1,5001,3600.5,seen,0,,0.2317
54,"{'A': 0.0, 'B': 0.0, 'C': 0.0}",6,99.94,0.861,"{'A': 13, 'B': 12, 'C': 3}",28,405.8,93.0,5.867,"{'A': 0.0, 'B': 0.0, 'C': 0.0}",0.0,91.1,ns_symbolic_only,27,fault_burst,25.07,5002,3600.6,seen,0,,0.2095
48,"{'A': 0.0, 'B': 0.0, 'C': 0.0}",3,99.94,0.895,"{'A': 12, 'B': 16, 'C': 3}",31,430.8,96.1,6.268,"{'A': 0.0, 'B': 0.0, 'C': 0.0}",0.0,77.4,ns_symbolic_only,38,fault_burst,27.87,5003,3600.6,seen,0,,0.2022
50,"{'A': 0.0, 'B': 0.0, 'C': 0.0}",5,99.94,0.946,"{'A': 16, 'B': 12, 'C': 3}",31,445.6,96.5,6.454,"{'A': 0.0, 'B': 0.0, 'C': 0.0}",0.0,83.2,ns_symbolic_only,29,fault_burst,27.77,5004,3600.7,seen,0,,0.2082
57,"{'A': 0.0, 'B': 0.0, 'C': 0.0}",2,99.92,0.915,"{'A': 13, 'B': 24, 'C': 2}",39,565.3,75.4,8.203,"{'A': 0.0, 'B': 0.0, 'C': 0.0}",0.0,75.4,ns_symbolic_only,38,fault_burst,34.9,5005,3600.5,seen,0,,0.2103
53,"{'A': 0.0, 'B': 0.0, 'C': 0.0}",6,99.93,0.829,"{'A': 8, 'B': 23, 'C': 3}",34,469.6,90.8,6.695,"{'A': 0.0, 'B': 0.0, 'C': 0.0}",0.0,90.8,ns_symbolic_only,33,fault_burst,30.65,5006,3600.1,seen,0,,0.1969
48,"{'A': 0.0, 'B': 0.0, 'C': 0.0}",3,99.93,0.903,"{'A': 12, 'B': 19, 'C': 3}",34,474.5,94.2,6.846,"{'A': 0.0, 'B': 0.0, 'C': 0.0}",0.0,84.4,ns_symbolic_only,33,fault_burst,30.58,5007,3600.6,seen,0,,0.2013
48,"{'A': 0.0, 'B': 0.0, 'C': 0.0}",4,99.93,0.993,"{'A': 16, 'B': 18, 'C': 3}",37,460.2,96.4,6.693,"{'A': 0.0, 'B': 0.0, 'C': 0.0}",0.0,88.5,ns_symbolic_only,35,fault_burst,33.65,5008,3600.9,seen,0,,0.1809
52,"{'A': 0.0, 'B': 0.0, 'C': 0.0}",5,99.93,0.906,"{'A': 16, 'B': 16, 'C': 3}",35,477.8,91.7,6.982,"{'A': 0.0, 'B': 0.0, 'C': 0.0}",0.0,91.7,ns_symbolic_only,34,fault_burst,31.51,5009,3600.1,seen,0,,0.1995
46,"{'A': 0.0, 'B': 0.0, 'C': 0.0}",4,99.93,0.849,"{'A': 7, 'B': 25, 'C': 3}",35,460.4,98.6,6.554,"{'A': 0.0, 'B': 0.0, 'C': 0.0}",0.0,89.6,ns_symbolic_only,33,fault_burst,31.72,5010,3600.4,seen,0,,0.1873
55,"{'A': 0.0, 'B': 0.0, 'C': 0.0}",6,99.92,1.047,"{'A': 11, 'B': 24, 'C': 2}",37,529.6,84.3,7.51,"{'A': 0.0, 'B': 0.0, 'C': 0.0}",0.0,84.3,ns_symbolic_only,37,fault_burst,33.24,5011,3600.1,seen,0,,0.203
47,"{'A': 0.0, 'B': 0.0, 'C': 0.0}",4,99.93,0.943,"{'A': 12, 'B': 18, 'C': 3}",33,450.0,97.9,6.56,"{'A': 0.0, 'B': 0.0, 'C': 0.0}",0.0,85.8,ns_symbolic_only,31,fault_burst,29.72,5012,3601.0,seen,0,,0.1988
56,"{'A': 0.0, 'B': 0.0, 'C': 0.0}",5,99.92,1.015,"{'A': 12, 'B': 23, 'C': 3}",38,559.0,79.2,8.01,"{'A': 0.0, 'B': 0.0, 'C': 0.0}",0.0,79.2,ns_symbolic_only,36,fault_burst,33.99,5013,3600.4,seen,0,,0.2108
51,"{'A': 0.0, 'B': 0.0, 'C': 0.0}",3,99.93,1.255,"{'A': 16, 'B': 21, 'C': 3}",40,499.6,88.8,7.261,"{'A': 0.0, 'B': 0.0, 'C': 0.0}",0.0,88.0,ns_symbolic_only,38,fault_burst,36.37,5014,3601.0,seen,0,,0.1815
51,"{'A': 0.0, 'B': 0.0, 'C': 0.0}",4,99.94,1.127,"{'A': 11, 'B': 20, 'C': 2}",33,457.9,91.1,6.493,"{'A': 0.0, 'B': 0.0, 'C': 0.0}",0.0,88.2,ns_symbolic_only,32,fault_burst,29.75,5015,3600.1,seen,0,,0.1968
49,"{'A': 0.0, 'B': 0.0, 'C': 0.0}",6,99.93,1.171,"{'A': 15, 'B': 17, 'C': 4}",36,455.3,97.8,6.589,"{'A': 0.0, 'B': 0.0, 'C': 0.0}",0.0,89.6,ns_symbolic_only,33,fault_burst,32.71,5016,3600.5,seen,0,,0.183
60,"{'A': 0.0, 'B': 0.0, 'C': 0.0}",3,99.93,0.913,"{'A': 13, 'B': 19, 'C': 3}",35,482.0,77.8,7.075,"{'A': 0.0, 'B': 0.0, 'C': 0.0}",0.0,77.8,ns_symbolic_only,36,fault_burst,31.46,5017,3600.0,seen,0,,0.2021
47,"{'A': 0.0, 'B': 0.0, 'C': 0.0}",2,99.93,0.964,"{'A': 13, 'B': 18, 'C': 1}",32,476.6,93.3,6.897,"{'A': 0.0, 'B': 0.0, 'C': 0.0}",0.0,73.1,ns_symbolic_only,31,fault_burst,28.55,5018,3600.0,seen,0,,0.2155
47,"{'A': 0.0, 'B': 0.0, 'C': 0.0}",4,99.94,0.739,"{'A': 10, 'B': 16, 'C': 2}",28,416.4,99.6,6.001,"{'A': 0.0, 'B': 0.0, 'C': 0.0}",0.0,85.6,ns_symbolic_only,35,fault_burst,25.0,5019,3600.6,seen,0,,0.2143
48,"{'A': 0.0, 'B': 0.0, 'C': 0.0}",5,99.93,1.02,"{'A': 13, 'B': 14, 'C': 2}",29,454.1,97.6,6.571,"{'A': 0.0, 'B': 0.0, 'C': 0.0}",0.0,81.8,ns_symbolic_only,26,fault_burst,25.71,5020,3600.5,seen,0,,0.2266
46,"{'A': 0.0, 'B': 0.0, 'C': 0.0}",2,99.93,0.976,"{'A': 14, 'B': 25, 'C': 2}",41,451.1,97.6,6.61,"{'A': 0.0, 'B': 0.0, 'C': 0.0}",0.0,80.8,ns_symbolic_only,40,fault_burst,37.69,5021,3600.8,seen,0,,0.1612
47,"{'A': 0.0, 'B': 0.0, 'C': 0.0}",4,99.93,0.851,"{'A': 10, 'B': 20, 'C': 3}",33,453.1,98.2,6.536,"{'A': 0.0, 'B': 0.0, 'C': 0.0}",0.0,85.0,ns_symbolic_only,33,fault_burst,29.73,5022,3600.7,seen,0,,0.1981
52,"{'A': 0.0, 'B': 0.0, 'C': 0.0}",5,99.93,1.107,"{'A': 11, 'B': 19, 'C': 3}",33,479.3,89.7,6.878,"{'A': 0.0, 'B': 0.0, 'C': 0.0}",0.0,89.7,ns_symbolic_only,32,fault_burst,29.56,5023,3601.0,seen,0,,0.2084
53,"{'A': 0.0, 'B': 0.0, 'C': 0.0}",5,99.93,0.93,"{'A': 11, 'B': 19, 'C': 3}",33,497.3,88.7,7.136,"{'A': 0.0, 'B': 0.0, 'C': 0.0}",0.0,88.7,ns_symbolic_only,32,fault_burst,29.43,5024,3600.3,seen,0,,0.2162
50,"{'A': 0.0, 'B': 0.0, 'C': 0.0}",3,99.94,0.805,"{'A': 9, 'B': 22, 'C': 3}",34,430.3,93.6,6.244,"{'A': 0.0, 'B': 0.0, 'C': 0.0}",0.0,87.7,ns_symbolic_only,33,fault_burst,30.88,5025,3600.2,seen,0,,0.1836
58,"{'A': 0.0, 'B': 0.0, 'C': 0.0}",3,99.92,1.039,"{'A': 12, 'B': 25, 'C': 3}",40,579.7,72.3,8.394,"{'A': 0.0, 'B': 0.0, 'C': 0.0}",0.0,72.3,ns_symbolic_only,40,fault_burst,35.8,5026,3600.5,seen,0,,0.2098
50,"{'A': 0.0, 'B': 0.0, 'C': 0.0}",3,99.93,1.213,"{'A': 15, 'B': 23, 'C': 4}",42,478.1,91.5,7.047,"{'A': 0.0, 'B': 0.0, 'C': 0.0}",0.0,82.7,ns_symbolic_only,40,fault_burst,38.48,5027,3600.9,seen,0,,0.1678
56,"{'A': 0.0, 'B': 0.0, 'C': 0.0}",6,99.92,0.861,"{'A': 11, 'B': 22, 'C': 3}",36,560.4,79.6,7.97,"{'A': 0.0, 'B': 0.0, 'C': 0.0}",0.0,78.1,ns_symbolic_only,34,fault_burst,32.02,5028,3600.1,seen,0,,0.2214
54,"{'A': 0.0, 'B': 0.0, 'C': 0.0}",2,99.92,1.056,"{'A': 14, 'B': 28, 'C': 2}",44,550.5,79.5,7.98,"{'A': 0.0, 'B': 0.0, 'C': 0.0}",0.0,79.5,ns_symbolic_only,43,fault_burst,40.01,5029,3600.5,seen,0,,0.1814
50,"{'A': 807.2, 'B': 675.4, 'C': 521.9}",1,99.92,1.803,"{'A': 31, 'B': 43, 'C': 6}",80,468.6,38.5,7.598,"{'A': 8.97, 'B': 11.26, 'C': 1.45}",21.67,17.0,ns_symbolic_only,87,heavy_load,54.53,5000,3600.6,unseen,0,,0.095
49,"{'A': 692.9, 'B': 740.2, 'C': 570.0}",1,99.92,1.826,"{'A': 32, 'B': 49, 'C': 6}",87,479.8,36.9,7.792,"{'A': 7.7, 'B': 12.34, 'C': 1.58}",21.62,17.7,ns_symbolic_only,87,heavy_load,61.49,5001,3600.2,unseen,0,,0.0896
49,"{'A': 592.7, 'B': 899.5, 'C': 633.4}",1,99.92,1.547,"{'A': 30, 'B': 40, 'C': 7}",77,481.3,37.4,7.825,"{'A': 6.59, 'B': 14.99, 'C': 1.76}",23.34,17.1,ns_symbolic_only,87,heavy_load,49.75,5002,3600.2,unseen,0,,0.1016
51,"{'A': 313.0, 'B': 518.0, 'C': 705.8}",2,99.92,1.418,"{'A': 32, 'B': 29, 'C': 6}",67,485.3,36.3,7.699,"{'A': 3.48, 'B': 8.63, 'C': 1.96}",14.07,17.3,ns_symbolic_only,80,heavy_load,49.08,5003,3600.4,unseen,0,,0.1149
49,"{'A': 656.8, 'B': 919.9, 'C': 0.0}",1,99.92,1.872,"{'A': 30, 'B': 39, 'C': 6}",75,480.9,37.4,7.815,"{'A': 7.3, 'B': 15.33, 'C': 0.0}",22.63,17.1,ns_symbolic_only,84,heavy_load,48.46,5004,3600.0,unseen,0,,0.1042
50,"{'A': 780.3, 'B': 765.1, 'C': 17.4}",1,99.92,1.591,"{'A': 32, 'B': 48, 'C': 6}",86,475.8,37.5,7.714,"{'A': 8.67, 'B': 12.75, 'C': 0.05}",21.47,17.5,ns_symbolic_only,86,heavy_load,60.67,5005,3600.1,unseen,0,,0.0897
49,"{'A': 690.7, 'B': 703.2, 'C': 970.3}",1,99.92,1.922,"{'A': 32, 'B': 43, 'C': 5}",80,478.7,38.0,7.678,"{'A': 7.67, 'B': 11.72, 'C': 2.7}",22.09,17.1,ns_symbolic_only,88,heavy_load,54.07,5006,3600.4,unseen,0,,0.096
49,"{'A': 553.1, 'B': 756.0, 'C': 869.5}",1,99.92,1.726,"{'A': 32, 'B': 41, 'C': 6}",79,476.9,37.9,7.718,"{'A': 6.15, 'B': 12.6, 'C': 2.42}",21.16,17.1,ns_symbolic_only,90,heavy_load,53.98,5007,3600.8,unseen,0,,0.0977
50,"{'A': 684.1, 'B': 735.7, 'C': 889.7}",1,99.92,1.529,"{'A': 32, 'B': 49, 'C': 5}",86,477.9,37.4,7.704,"{'A': 7.6, 'B': 12.26, 'C': 2.47}",22.33,17.6,ns_symbolic_only,86,heavy_load,59.82,5008,3600.3,unseen,0,,0.0896
49,"{'A': 629.8, 'B': 877.2, 'C': 991.5}",1,99.92,1.696,"{'A': 33, 'B': 39, 'C': 5}",77,478.2,38.0,7.667,"{'A': 7.0, 'B': 14.62, 'C': 2.75}",24.37,17.2,ns_symbolic_only,85,heavy_load,48.79,5009,3600.2,unseen,0,,0.0996
49,"{'A': 0.0, 'B': 664.0, 'C': 897.8}",1,99.92,1.799,"{'A': 27, 'B': 46, 'C': 5}",78,485.4,37.3,7.795,"{'A': 0.0, 'B': 11.07, 'C': 2.49}",13.56,17.3,ns_symbolic_only,82,heavy_load,60.54,5010,3600.7,unseen,0,,0.0999
48,"{'A': 713.2, 'B': 779.7, 'C': 671.3}",1,99.92,1.83,"{'A': 27, 'B': 41, 'C': 6}",74,479.0,37.9,7.729,"{'A': 7.92, 'B': 12.99, 'C': 1.86}",22.78,16.9,ns_symbolic_only,85,heavy_load,47.35,5011,3600.2,unseen,0,,0.1045
49,"{'A': 690.6, 'B': 735.2, 'C': 993.8}",1,99.92,1.581,"{'A': 33, 'B': 42, 'C': 5}",80,478.2,38.0,7.652,"{'A': 7.67, 'B': 12.25, 'C': 2.76}",22.69,17.3,ns_symbolic_only,88,heavy_load,53.49,5012,3600.2,unseen,0,,0.0957
49,"{'A': 761.3, 'B': 700.9, 'C': 862.0}",1,99.92,1.582,"{'A': 31, 'B': 43, 'C': 5}",79,478.9,37.9,7.616,"{'A': 8.46, 'B': 11.68, 'C': 2.39}",22.54,17.5,ns_symbolic_only,86,heavy_load,52.66,5013,3600.9,unseen,0,,0.0964
49,"{'A': 650.9, 'B': 677.0, 'C': 1025.5}",1,99.92,1.659,"{'A': 33, 'B': 42, 'C': 5}",80,478.2,38.0,7.686,"{'A': 7.23, 'B': 11.28, 'C': 2.85}",21.36,17.1,ns_symbolic_only,87,heavy_load,54.79,5014,3600.2,unseen,0,,0.0961
49,"{'A': 757.0, 'B': 695.3, 'C': 543.4}",1,99.92,1.652,"{'A': 32, 'B': 42, 'C': 3}",77,481.6,38.0,7.614,"{'A': 8.41, 'B': 11.59, 'C': 1.51}",21.51,17.4,ns_symbolic_only,85,heavy_load,51.68,5015,3600.8,unseen,0,,0.0989
49,"{'A': 656.9, 'B': 709.8, 'C': 910.5}",1,99.92,1.608,"{'A': 29, 'B': 42, 'C': 6}",77,477.2,37.9,7.724,"{'A': 7.3, 'B': 11.83, 'C': 2.53}",21.66,17.0,ns_symbolic_only,87,heavy_load,51.48,5016,3600.7,unseen,0,,0.1003
49,"{'A': 834.0, 'B': 712.8, 'C': 803.6}",1,99.92,2.102,"{'A': 30, 'B': 49, 'C': 6}",85,486.7,37.2,7.799,"{'A': 9.27, 'B': 11.88, 'C': 2.23}",23.38,17.4,ns_symbolic_only,85,heavy_load,57.72,5017,3600.1,unseen,0,,0.0917
49,"{'A': 623.0, 'B': 692.3, 'C': 818.6}",1,99.92,1.497,"{'A': 31, 'B': 42, 'C': 5}",78,480.9,38.2,7.658,"{'A': 6.92, 'B': 11.54, 'C': 2.27}",20.73,17.0,ns_symbolic_only,87,heavy_load,53.44,5018,3600.2,unseen,0,,0.0982
50,"{'A': 682.2, 'B': 928.1, 'C': 768.7}",1,99.92,1.54,"{'A': 33, 'B': 45, 'C': 6}",84,477.7,37.3,7.727,"{'A': 7.58, 'B': 15.47, 'C': 2.14}",25.18,17.6,ns_symbolic_only,84,heavy_load,54.95,5019,3600.8,unseen,0,,0.092
49,"{'A': 709.2, 'B': 766.4, 'C': 1010.9}",1,99.92,1.509,"{'A': 32, 'B': 42, 'C': 5}",79,478.2,38.0,7.66,"{'A': 7.88, 'B': 12.77, 'C': 2.81}",23.46,17.2,ns_symbolic_only,86,heavy_load,51.71,5020,3600.2,unseen,0,,0.097
50,"{'A': 764.3, 'B': 709.3, 'C': 648.1}",1,99.92,1.59,"{'A': 32, 'B': 41, 'C': 6}",79,468.6,38.4,7.61,"{'A': 8.49, 'B': 11.82, 'C': 1.8}",22.11,17.0,ns_symbolic_only,86,heavy_load,53.08,5021,3600.5,unseen,0,,0.0963
49,"{'A': 508.5, 'B': 836.9, 'C': 843.4}",1,99.92,1.401,"{'A': 31, 'B': 46, 'C': 6}",83,484.7,37.1,7.848,"{'A': 5.65, 'B': 13.95, 'C': 2.34}",21.94,17.3,ns_symbolic_only,86,heavy_load,57.13,5022,3600.7,unseen,0,,0.0946
49,"{'A': 559.0, 'B': 808.3, 'C': 898.1}",1,99.92,1.784,"{'A': 33, 'B': 40, 'C': 5}",78,480.2,38.2,7.648,"{'A': 6.21, 'B': 13.47, 'C': 2.49}",22.18,17.0,ns_symbolic_only,85,heavy_load,52.0,5023,3600.4,unseen,0,,0.0981
49,"{'A': 610.2, 'B': 833.0, 'C': 848.4}",1,99.92,1.812,"{'A': 33, 'B': 41, 'C': 5}",79,478.2,38.0,7.674,"{'A': 6.78, 'B': 13.88, 'C': 2.36}",23.02,17.1,ns_symbolic_only,87,heavy_load,52.14,5024,3600.2,unseen,0,,0.0971
49,"{'A': 688.4, 'B': 704.6, 'C': 897.4}",1,99.92,1.822,"{'A': 27, 'B': 50, 'C': 6}",83,481.4,37.3,7.85,"{'A': 7.65, 'B': 11.74, 'C': 2.49}",21.89,17.1,ns_symbolic_only,87,heavy_load,57.19,5025,3600.3,unseen,0,,0.0946
49,"{'A': 761.2, 'B': 645.3, 'C': 693.7}",1,99.92,1.571,"{'A': 27, 'B': 42, 'C': 6}",75,481.3,37.5,7.787,"{'A': 8.46, 'B': 10.75, 'C': 1.93}",21.14,17.1,ns_symbolic_only,88,heavy_load,49.97,5026,3600.2,unseen,0,,0.1038
49,"{'A': 479.9, 'B': 717.3, 'C': 866.7}",1,99.92,1.366,"{'A': 20, 'B': 42, 'C': 6}",68,476.0,38.5,7.59,"{'A': 5.33, 'B': 11.95, 'C': 2.41}",19.69,17.0,ns_symbolic_only,78,heavy_load,44.51,5027,3600.4,unseen,0,,0.1116
50,"{'A': 609.3, 'B': 782.3, 'C': 866.3}",1,99.92,1.954,"{'A': 34, 'B': 39, 'C': 5}",78,469.9,38.4,7.588,"{'A': 6.77, 'B': 13.04, 'C': 2.41}",22.21,17.1,ns_symbolic_only,85,heavy_load,51.99,5028,3600.8,unseen,0,,0.0973
49,"{'A': 565.0, 'B': 665.7, 'C': 715.3}",1,99.92,1.316,"{'A': 22, 'B': 43, 'C': 6}",71,473.5,38.6,7.557,"{'A': 6.28, 'B': 11.1, 'C': 1.99}",19.36,17.1,ns_symbolic_only,78,heavy_load,47.86,5029,3600.1,unseen,0,,0.1064
61,"{'A': 0.0, 'B': 0.0, 'C': 0.0}",1,99.91,1.11,"{'A': 21, 'B': 31, 'C': 4}",56,613.2,62.8,9.459,"{'A': 0.0, 'B': 0.0, 'C': 0.0}",0.0,62.8,ns_symbolic_only,54,heavy_parts,51.27,5000,3600.4,unseen,0,,0.1689
66,"{'A': 0.0, 'B': 0.0, 'C': 0.0}",0,99.9,1.143,"{'A': 20, 'B': 29, 'C': 4}",53,643.9,54.9,9.926,"{'A': 0.0, 'B': 0.0, 'C': 0.0}",0.0,54.9,ns_symbolic_only,51,heavy_parts,48.04,5001,3601.0,unseen,0,,0.1873
65,"{'A': 0.0, 'B': 0.0, 'C': 0.0}",0,99.9,1.391,"{'A': 19, 'B': 32, 'C': 4}",55,644.6,54.8,9.936,"{'A': 0.0, 'B': 0.0, 'C': 0.0}",0.0,54.8,ns_symbolic_only,54,heavy_parts,50.03,5002,3600.8,unseen,0,,0.1806
61,"{'A': 0.0, 'B': 0.0, 'C': 0.0}",1,99.91,1.269,"{'A': 18, 'B': 23, 'C': 5}",46,586.6,66.2,9.035,"{'A': 0.0, 'B': 0.0, 'C': 0.0}",0.0,66.2,ns_symbolic_only,45,heavy_parts,41.48,5003,3600.0,unseen,0,,0.1964
66,"{'A': 0.0, 'B': 0.0, 'C': 0.0}",0,99.9,1.209,"{'A': 20, 'B': 29, 'C': 3}",52,643.8,55.0,9.906,"{'A': 0.0, 'B': 0.0, 'C': 0.0}",0.0,55.0,ns_symbolic_only,51,heavy_parts,47.05,5004,3600.7,unseen,0,,0.1905
66,"{'A': 0.0, 'B': 0.0, 'C': 0.0}",0,99.9,1.571,"{'A': 19, 'B': 32, 'C': 4}",55,643.4,55.0,9.901,"{'A': 0.0, 'B': 0.0, 'C': 0.0}",0.0,55.0,ns_symbolic_only,53,heavy_parts,50.05,5005,3600.7,unseen,0,,0.18
45,"{'A': 394.9, 'B': 482.0, 'C': 149.2}",2,99.93,1.385,"{'A': 18, 'B': 22, 'C': 3}",43,440.5,98.4,6.744,"{'A': 2.19, 'B': 4.02, 'C': 0.21}",6.42,75.6,ns_symbolic_only,48,heavy_parts,33.21,5006,3600.5,unseen,0,,0.1568
65,"{'A': 0.0, 'B': 0.0, 'C': 0.0}",0,99.9,1.527,"{'A': 21, 'B': 29, 'C': 4}",54,651.6,54.4,10.024,"{'A': 0.0, 'B': 0.0, 'C': 0.0}",0.0,54.4,ns_symbolic_only,52,heavy_parts,48.99,5007,3600.8,unseen,0,,0.1856
65,"{'A': 0.0, 'B': 0.0, 'C': 0.0}",0,99.9,1.255,"{'A': 19, 'B': 32, 'C': 4}",55,649.4,54.6,9.977,"{'A': 0.0, 'B': 0.0, 'C': 0.0}",0.0,54.6,ns_symbolic_only,54,heavy_parts,50.01,5008,3600.2,unseen,0,,0.1814
65,"{'A': 0.0, 'B': 0.0, 'C': 0.0}",0,99.9,1.214,"{'A': 21, 'B': 29, 'C': 4}",54,651.6,54.4,10.023,"{'A': 0.0, 'B': 0.0, 'C': 0.0}",0.0,54.4,ns_symbolic_only,53,heavy_parts,48.99,5009,3600.8,unseen,0,,0.1856
60,"{'A': 0.0, 'B': 0.0, 'C': 0.0}",1,99.91,1.212,"{'A': 15, 'B': 29, 'C': 4}",48,586.9,66.8,9.012,"{'A': 0.0, 'B': 0.0, 'C': 0.0}",0.0,59.0,ns_symbolic_only,49,heavy_parts,43.49,5010,3600.0,unseen,0,,0.1877
65,"{'A': 0.0, 'B': 0.0, 'C': 0.0}",0,99.9,1.258,"{'A': 19, 'B': 29, 'C': 4}",52,645.2,54.9,9.926,"{'A': 0.0, 'B': 0.0, 'C': 0.0}",0.0,54.9,ns_symbolic_only,52,heavy_parts,47.04,5011,3600.4,unseen,0,,0.1909
52,"{'A': 28.6, 'B': 113.5, 'C': 0.1}",2,99.92,1.635,"{'A': 18, 'B': 29, 'C': 5}",52,501.8,84.8,7.736,"{'A': 0.16, 'B': 0.95, 'C': 0.0}",1.1,84.7,ns_symbolic_only,52,heavy_parts,47.03,5012,3600.6,unseen,0,,0.1488
66,"{'A': 0.0, 'B': 0.0, 'C': 0.0}",0,99.9,1.231,"{'A': 20, 'B': 32, 'C': 5}",57,641.4,54.5,10.0,"{'A': 0.0, 'B': 0.0, 'C': 0.0}",0.0,54.5,ns_symbolic_only,55,heavy_parts,52.0,5013,3600.5,unseen,0,,0.1754
66,"{'A': 0.0, 'B': 0.0, 'C': 0.0}",0,99.9,1.258,"{'A': 20, 'B': 30, 'C': 4}",54,643.4,55.0,9.893,"{'A': 0.0, 'B': 0.0, 'C': 0.0}",0.0,55.0,ns_symbolic_only,52,heavy_parts,49.05,5014,3600.7,unseen,0,,0.1832
65,"{'A': 0.0, 'B': 0.0, 'C': 0.0}",0,99.9,1.547,"{'A': 19, 'B': 32, 'C': 3}",54,655.2,54.5,10.004,"{'A': 0.0, 'B': 0.0, 'C': 0.0}",0.0,54.5,ns_symbolic_only,52,heavy_parts,49.0,5015,3600.1,unseen,0,,0.1853
48,"{'A': 255.8, 'B': 380.9, 'C': 252.1}",2,99.93,1.181,"{'A': 19, 'B': 25, 'C': 5}",49,449.5,94.3,7.044,"{'A': 1.42, 'B': 3.17, 'C': 0.35}",4.95,78.3,ns_symbolic_only,49,heavy_parts,40.53,5016,3600.5,unseen,0,,0.1437
65,"{'A': 0.0, 'B': 0.0, 'C': 0.0}",0,99.9,1.138,"{'A': 19, 'B': 30, 'C': 5}",54,644.2,54.6,9.99,"{'A': 0.0, 'B': 0.0, 'C': 0.0}",0.0,54.6,ns_symbolic_only,53,heavy_parts,49.01,5017,3600.8,unseen,0,,0.185
64,"{'A': 0.0, 'B': 0.0, 'C': 0.0}",0,99.9,1.075,"{'A': 20, 'B': 30, 'C': 4}",54,655.5,54.3,10.047,"{'A': 0.0, 'B': 0.0, 'C': 0.0}",0.0,54.3,ns_symbolic_only,54,heavy_parts,48.98,5018,3600.7,unseen,0,,0.186
61,"{'A': 0.0, 'B': 0.0, 'C': 0.0}",1,99.91,1.188,"{'A': 20, 'B': 31, 'C': 4}",55,610.0,63.9,9.346,"{'A': 0.0, 'B': 0.0, 'C': 0.0}",0.0,63.6,ns_symbolic_only,52,heavy_parts,50.33,5019,3600.0,unseen,0,,0.1699
64,"{'A': 0.0, 'B': 0.0, 'C': 0.0}",0,99.9,1.075,"{'A': 20, 'B': 31, 'C': 3}",54,667.1,54.0,10.118,"{'A': 0.0, 'B': 0.0, 'C': 0.0}",0.0,54.0,ns_symbolic_only,53,heavy_parts,48.94,5020,3600.5,unseen,0,,0.1874
66,"{'A': 0.0, 'B': 0.0, 'C': 0.0}",0,99.9,1.373,"{'A': 20, 'B': 30, 'C': 5}",55,643.5,54.7,9.965,"{'A': 0.0, 'B': 0.0, 'C': 0.0}",0.0,54.7,ns_symbolic_only,54,heavy_parts,50.02,5021,3600.0,unseen,0,,0.1812
63,"{'A': 0.0, 'B': 0.0, 'C': 0.0}",1,99.91,1.358,"{'A': 20, 'B': 29, 'C': 5}",54,615.0,61.5,9.496,"{'A': 0.0, 'B': 0.0, 'C': 0.0}",0.0,61.5,ns_symbolic_only,54,heavy_parts,49.25,5022,3600.8,unseen,0,,0.1759
52,"{'A': 93.7, 'B': 386.3, 'C': 364.6}",1,99.92,1.275,"{'A': 20, 'B': 28, 'C': 4}",52,514.3,82.1,7.973,"{'A': 0.52, 'B': 3.22, 'C': 0.51}",4.25,81.7,ns_symbolic_only,51,heavy_parts,43.77,5023,3600.6,unseen,0,,0.1533
65,"{'A': 0.0, 'B': 0.0, 'C': 0.0}",0,99.9,1.482,"{'A': 20, 'B': 29, 'C': 4}",53,649.7,54.7,9.961,"{'A': 0.0, 'B': 0.0, 'C': 0.0}",0.0,54.7,ns_symbolic_only,53,heavy_parts,48.02,5024,3600.8,unseen,0,,0.1879
65,"{'A': 0.0, 'B': 0.0, 'C': 0.0}",0,99.9,1.661,"{'A': 19, 'B': 30, 'C': 5}",54,644.7,54.7,9.957,"{'A': 0.0, 'B': 0.0, 'C': 0.0}",0.0,54.7,ns_symbolic_only,53,heavy_parts,49.02,5025,3600.1,unseen,0,,0.1844
65,"{'A': 0.0, 'B': 0.0, 'C': 0.0}",0,99.9,1.321,"{'A': 21, 'B': 31, 'C': 5}",57,644.2,54.4,10.022,"{'A': 0.0, 'B': 0.0, 'C': 0.0}",0.0,54.4,ns_symbolic_only,55,heavy_parts,51.99,5026,3600.8,unseen,0,,0.1758
59,"{'A': 0.0, 'B': 0.0, 'C': 0.0}",2,99.91,1.189,"{'A': 13, 'B': 31, 'C': 4}",48,578.7,70.1,8.837,"{'A': 0.0, 'B': 0.0, 'C': 0.0}",0.0,70.1,ns_symbolic_only,48,heavy_parts,43.58,5027,3600.9,unseen,0,,0.1841
65,"{'A': 0.0, 'B': 0.0, 'C': 0.0}",0,99.9,1.27,"{'A': 19, 'B': 31, 'C': 5}",55,650.1,54.0,10.109,"{'A': 0.0, 'B': 0.0, 'C': 0.0}",0.0,54.0,ns_symbolic_only,55,heavy_parts,49.95,5028,3600.9,unseen,0,,0.1838
64,"{'A': 0.0, 'B': 0.0, 'C': 0.0}",1,99.9,1.146,"{'A': 14, 'B': 30, 'C': 4}",48,636.7,57.9,9.724,"{'A': 0.0, 'B': 0.0, 'C': 0.0}",0.0,57.9,ns_symbolic_only,48,heavy_parts,43.14,5029,3600.6,unseen,0,,0.2026
66,"{'A': 0.0, 'B': 0.0, 'C': 0.0}",0,99.9,1.695,"{'A': 40, 'B': 60, 'C': 7}",107,643.5,54.5,10.016,"{'A': 0.0, 'B': 0.0, 'C': 0.0}",0.0,54.5,ns_symbolic_only,108,high_demand,101.99,5000,3600.1,seen,0,,0.0936
66,"{'A': 0.0, 'B': 0.0, 'C': 0.0}",0,99.9,1.658,"{'A': 39, 'B': 62, 'C': 9}",110,643.6,54.2,10.071,"{'A': 0.0, 'B': 0.0, 'C': 0.0}",0.0,54.2,ns_symbolic_only,110,high_demand,104.96,5001,3600.3,seen,0,,0.0916
66,"{'A': 0.0, 'B': 0.0, 'C': 0.0}",0,99.9,1.764,"{'A': 38, 'B': 60, 'C': 10}",108,639.8,54.3,10.044,"{'A': 0.0, 'B': 0.0, 'C': 0.0}",0.0,54.3,ns_symbolic_only,109,high_demand,102.98,5002,3600.6,seen,0,,0.093
58,"{'A': 0.0, 'B': 0.0, 'C': 0.0}",1,99.92,1.537,"{'A': 40, 'B': 45, 'C': 9}",94,542.8,73.4,8.494,"{'A': 0.0, 'B': 0.0, 'C': 0.0}",0.0,73.4,ns_symbolic_only,95,high_demand,89.75,5003,3600.8,seen,0,,0.0904
66,"{'A': 0.0, 'B': 0.0, 'C': 0.0}",0,99.9,1.655,"{'A': 40, 'B': 60, 'C': 7}",107,641.4,54.7,9.957,"{'A': 0.0, 'B': 0.0, 'C': 0.0}",0.0,54.7,ns_symbolic_only,106,high_demand,102.02,5004,3600.5,seen,0,,0.0931
66,"{'A': 0.0, 'B': 0.0, 'C': 0.0}",0,99.9,1.365,"{'A': 40, 'B': 60, 'C': 7}",107,643.9,54.8,9.947,"{'A': 0.0, 'B': 0.0, 'C': 0.0}",0.0,54.8,ns_symbolic_only,108,high_demand,102.03,5005,3601.0,seen,0,,0.093
66,"{'A': 0.0, 'B': 0.0, 'C': 0.0}",0,99.9,1.754,"{'A': 40, 'B': 60, 'C': 9}",109,639.8,54.5,10.019,"{'A': 0.0, 'B': 0.0, 'C': 0.0}",0.0,54.5,ns_symbolic_only,109,high_demand,103.99,5006,3600.6,seen,0,,0.0919
66,"{'A': 0.0, 'B': 0.0, 'C': 0.0}",0,99.9,1.618,"{'A': 38, 'B': 59, 'C': 10}",107,641.9,54.5,10.002,"{'A': 0.0, 'B': 0.0, 'C': 0.0}",0.0,54.5,ns_symbolic_only,108,high_demand,102.0,5007,3600.8,seen,0,,0.0935
66,"{'A': 0.0, 'B': 0.0, 'C': 0.0}",0,99.9,1.739,"{'A': 41, 'B': 59, 'C': 8}",108,641.4,54.8,9.935,"{'A': 0.0, 'B': 0.0, 'C': 0.0}",0.0,54.8,ns_symbolic_only,108,high_demand,103.03,5008,3600.5,seen,0,,0.092
66,"{'A': 0.0, 'B': 0.0, 'C': 0.0}",0,99.9,1.791,"{'A': 39, 'B': 59, 'C': 9}",107,643.8,54.3,10.054,"{'A': 0.0, 'B': 0.0, 'C': 0.0}",0.0,54.3,ns_symbolic_only,109,high_demand,101.97,5009,3600.7,seen,0,,0.094
60,"{'A': 0.0, 'B': 0.0, 'C': 0.0}",1,99.91,1.321,"{'A': 27, 'B': 55, 'C': 8}",90,579.6,67.4,8.997,"{'A': 0.0, 'B': 0.0, 'C': 0.0}",0.0,59.1,ns_symbolic_only,95,high_demand,85.5,5010,3600.1,seen,0,,0.1
66,"{'A': 0.0, 'B': 0.0, 'C': 0.0}",0,99.9,1.87,"{'A': 42, 'B': 59, 'C': 8}",109,643.8,54.5,10.007,"{'A': 0.0, 'B': 0.0, 'C': 0.0}",0.0,54.5,ns_symbolic_only,110,high_demand,104.0,5011,3600.9,seen,0,,0.0918
66,"{'A': 0.0, 'B': 0.0, 'C': 0.0}",0,99.9,1.585,"{'A': 39, 'B': 57, 'C': 10}",106,636.9,54.6,9.994,"{'A': 0.0, 'B': 0.0, 'C': 0.0}",0.0,54.6,ns_symbolic_only,107,high_demand,101.0,5012,3600.0,seen,0,,0.0943
66,"{'A': 0.0, 'B': 0.0, 'C': 0.0}",0,99.9,1.573,"{'A': 37, 'B': 61, 'C': 7}",105,635.0,55.2,9.863,"{'A': 0.0, 'B': 0.0, 'C': 0.0}",0.0,55.2,ns_symbolic_only,108,high_demand,100.07,5013,3600.1,seen,0,,0.0939
66,"{'A': 0.0, 'B': 0.0, 'C': 0.0}",0,99.9,1.71,"{'A': 38, 'B': 60, 'C': 8}",106,641.9,54.8,9.936,"{'A': 0.0, 'B': 0.0, 'C': 0.0}",0.0,54.8,ns_symbolic_only,107,high_demand,101.03,5014,3600.8,seen,0,,0.0937
65,"{'A': 0.0, 'B': 0.0, 'C': 0.0}",0,99.9,1.315,"{'A': 40, 'B': 56, 'C': 6}",102,646.4,54.6,9.977,"{'A': 0.0, 'B': 0.0, 'C': 0.0}",0.0,54.6,ns_symbolic_only,105,high_demand,97.01,5015,3600.5,seen,0,,0.0978
66,"{'A': 0.0, 'B': 0.0, 'C': 0.0}",0,99.9,1.7,"{'A': 40, 'B': 64, 'C': 8}",112,643.7,54.5,10.012,"{'A': 0.0, 'B': 0.0, 'C': 0.0}",0.0,54.5,ns_symbolic_only,112,high_demand,106.99,5016,3600.5,seen,0,,0.0894
66,"{'A': 0.0, 'B': 0.0, 'C': 0.0}",0,99.9,1.833,"{'A': 41, 'B': 59, 'C': 10}",110,643.7,54.0,10.119,"{'A': 0.0, 'B': 0.0, 'C': 0.0}",0.0,54.0,ns_symbolic_only,109,high_demand,104.94,5017,3600.6,seen,0,,0.092
66,"{'A': 0.0, 'B': 0.0, 'C': 0.0}",0,99.9,1.848,"{'A': 38, 'B': 61, 'C': 8}",107,643.9,54.8,9.952,"{'A': 0.0, 'B': 0.0, 'C': 0.0}",0.0,54.8,ns_symbolic_only,108,high_demand,102.02,5018,3601.0,seen,0,,0.093
66,"{'A': 0.0, 'B': 0.0, 'C': 0.0}",0,99.9,1.821,"{'A': 39, 'B': 58, 'C': 10}",107,641.4,54.5,10.0,"{'A': 0.0, 'B': 0.0, 'C': 0.0}",0.0,54.5,ns_symbolic_only,108,high_demand,102.0,5019,3600.5,seen,0,,0.0935
66,"{'A': 0.0, 'B': 0.0, 'C': 0.0}",0,99.9,1.778,"{'A': 39, 'B': 58, 'C': 9}",106,636.9,54.7,9.964,"{'A': 0.0, 'B': 0.0, 'C': 0.0}",0.0,54.7,ns_symbolic_only,110,high_demand,101.02,5020,3600.0,seen,0,,0.094
66,"{'A': 0.0, 'B': 0.0, 'C': 0.0}",0,99.9,1.637,"{'A': 38, 'B': 61, 'C': 9}",108,643.5,54.4,10.031,"{'A': 0.0, 'B': 0.0, 'C': 0.0}",0.0,54.4,ns_symbolic_only,110,high_demand,102.98,5021,3600.0,seen,0,,0.0929
66,"{'A': 0.0, 'B': 0.0, 'C': 0.0}",0,99.9,1.557,"{'A': 41, 'B': 58, 'C': 8}",107,643.8,54.3,10.05,"{'A': 0.0, 'B': 0.0, 'C': 0.0}",0.0,54.3,ns_symbolic_only,109,high_demand,101.97,5022,3600.8,seen,0,,0.0939
66,"{'A': 0.0, 'B': 0.0, 'C': 0.0}",0,99.9,1.608,"{'A': 38, 'B': 62, 'C': 9}",109,636.0,55.1,9.879,"{'A': 0.0, 'B': 0.0, 'C': 0.0}",0.0,55.1,ns_symbolic_only,109,high_demand,104.06,5023,3600.7,seen,0,,0.0906
66,"{'A': 0.0, 'B': 0.0, 'C': 0.0}",0,99.9,1.806,"{'A': 39, 'B': 60, 'C': 8}",107,642.4,54.8,9.944,"{'A': 0.0, 'B': 0.0, 'C': 0.0}",0.0,54.8,ns_symbolic_only,109,high_demand,102.03,5024,3600.1,seen,0,,0.0929
66,"{'A': 0.0, 'B': 0.0, 'C': 0.0}",0,99.9,1.702,"{'A': 40, 'B': 55, 'C': 10}",105,641.4,54.6,9.991,"{'A': 0.0, 'B': 0.0, 'C': 0.0}",0.0,54.6,ns_symbolic_only,107,high_demand,100.0,5025,3600.5,seen,0,,0.0951
66,"{'A': 0.0, 'B': 0.0, 'C': 0.0}",0,99.9,2.103,"{'A': 40, 'B': 60, 'C': 10}",110,643.8,54.2,10.076,"{'A': 0.0, 'B': 0.0, 'C': 0.0}",0.0,54.2,ns_symbolic_only,110,high_demand,104.96,5026,3600.7,seen,0,,0.0916
66,"{'A': 0.0, 'B': 0.0, 'C': 0.0}",0,99.9,1.34,"{'A': 28, 'B': 59, 'C': 8}",95,638.4,55.0,9.901,"{'A': 0.0, 'B': 0.0, 'C': 0.0}",0.0,55.0,ns_symbolic_only,97,high_demand,90.05,5027,3600.9,seen,0,,0.1042
66,"{'A': 0.0, 'B': 0.0, 'C': 0.0}",0,99.9,1.904,"{'A': 41, 'B': 56, 'C': 9}",106,643.8,54.4,10.027,"{'A': 0.0, 'B': 0.0, 'C': 0.0}",0.0,54.4,ns_symbolic_only,109,high_demand,100.99,5028,3600.7,seen,0,,0.0946
45,"{'A': 365.4, 'B': 776.9, 'C': 372.3}",1,99.93,1.419,"{'A': 23, 'B': 40, 'C': 6}",69,437.2,97.7,6.786,"{'A': 4.06, 'B': 12.95, 'C': 1.03}",18.04,71.5,ns_symbolic_only,78,high_demand,47.56,5029,3600.1,seen,0,,0.0983
61,"{'A': 0.0, 'B': 0.0, 'C': 0.0}",1,99.91,1.303,"{'A': 21, 'B': 31, 'C': 4}",56,613.2,63.2,9.351,"{'A': 0.0, 'B': 0.0, 'C': 0.0}",0.0,63.2,ns_symbolic_only,54,hot_factory,51.32,5000,3600.4,unseen,0,,0.167
66,"{'A': 0.0, 'B': 0.0, 'C': 0.0}",0,99.9,1.341,"{'A': 20, 'B': 29, 'C': 4}",53,643.9,55.1,9.87,"{'A': 0.0, 'B': 0.0, 'C': 0.0}",0.0,55.1,ns_symbolic_only,51,hot_factory,48.06,5001,3601.0,unseen,0,,0.1862
65,"{'A': 0.0, 'B': 0.0, 'C': 0.0}",0,99.9,1.289,"{'A': 19, 'B': 32, 'C': 4}",55,644.6,55.1,9.873,"{'A': 0.0, 'B': 0.0, 'C': 0.0}",0.0,55.1,ns_symbolic_only,54,hot_factory,50.06,5002,3600.8,unseen,0,,0.1795
61,"{'A': 0.0, 'B': 0.0, 'C': 0.0}",1,99.91,1.188,"{'A': 20, 'B': 22, 'C': 5}",47,593.6,66.1,9.05,"{'A': 0.0, 'B': 0.0, 'C': 0.0}",0.0,66.1,ns_symbolic_only,45,hot_factory,42.48,5003,3600.0,unseen,0,,0.1926
66,"{'A': 0.0, 'B': 0.0, 'C': 0.0}",0,99.9,1.154,"{'A': 20, 'B': 29, 'C': 3}",52,643.8,55.2,9.857,"{'A': 0.0, 'B': 0.0, 'C': 0.0}",0.0,55.2,ns_symbolic_only,51,hot_factory,47.07,5004,3600.7,unseen,0,,0.1896
66,"{'A': 0.0, 'B': 0.0, 'C': 0.0}",0,99.9,1.212,"{'A': 19, 'B': 32, 'C': 4}",55,643.4,55.2,9.851,"{'A': 0.0, 'B': 0.0, 'C': 0.0}",0.0,55.2,ns_symbolic_only,53,hot_factory,50.07,5005,3600.7,unseen,0,,0.1791
44,"{'A': 0.0, 'B': 0.0, 'C': 0.0}",2,99.93,1.463,"{'A': 13, 'B': 22, 'C': 3}",38,452.2,97.8,6.791,"{'A': 0.0, 'B': 0.0, 'C': 0.0}",0.0,75.9,ns_symbolic_only,53,hot_factory,34.6,5006,3600.4,unseen,0,,0.1787
65,"{'A': 0.0, 'B': 0.0, 'C': 0.0}",0,99.9,1.27,"{'A': 21, 'B': 29, 'C': 4}",54,651.6,54.8,9.945,"{'A': 0.0, 'B': 0.0, 'C': 0.0}",0.0,54.8,ns_symbolic_only,52,hot_factory,49.03,5007,3600.8,unseen,0,,0.1842
65,"{'A': 0.0, 'B': 0.0, 'C': 0.0}",0,99.9,1.189,"{'A': 19, 'B': 32, 'C': 4}",55,649.4,55.0,9.909,"{'A': 0.0, 'B': 0.0, 'C': 0.0}",0.0,55.0,ns_symbolic_only,54,hot_factory,50.05,5008,3600.2,unseen,0,,0.1802
65,"{'A': 0.0, 'B': 0.0, 'C': 0.0}",0,99.9,1.338,"{'A': 21, 'B': 29, 'C': 4}",54,651.6,54.8,9.944,"{'A': 0.0, 'B': 0.0, 'C': 0.0}",0.0,54.8,ns_symbolic_only,53,hot_factory,49.03,5009,3600.8,unseen,0,,0.1842
60,"{'A': 0.0, 'B': 0.0, 'C': 0.0}",1,99.91,1.289,"{'A': 15, 'B': 29, 'C': 4}",48,586.9,67.0,8.966,"{'A': 0.0, 'B': 0.0, 'C': 0.0}",0.0,59.2,ns_symbolic_only,49,hot_factory,43.52,5010,3600.0,unseen,0,,0.1868
65,"{'A': 0.0, 'B': 0.0, 'C': 0.0}",0,99.9,1.231,"{'A': 19, 'B': 29, 'C': 4}",52,645.2,55.1,9.869,"{'A': 0.0, 'B': 0.0, 'C': 0.0}",0.0,55.1,ns_symbolic_only,52,hot_factory,47.07,5011,3600.4,unseen,0,,0.1898
53,"{'A': 0.0, 'B': 0.0, 'C': 0.0}",2,99.92,1.39,"{'A': 19, 'B': 29, 'C': 5}",53,497.0,85.1,7.638,"{'A': 0.0, 'B': 0.0, 'C': 0.0}",0.0,84.8,ns_symbolic_only,53,hot_factory,49.18,5012,3600.3,unseen,0,,0.1441
66,"{'A': 0.0, 'B': 0.0, 'C': 0.0}",0,99.9,1.223,"{'A': 20, 'B': 32, 'C': 5}",57,641.4,55.0,9.908,"{'A': 0.0, 'B': 0.0, 'C': 0.0}",0.0,55.0,ns_symbolic_only,55,hot_factory,52.05,5013,3600.5,unseen,0,,0.1738
66,"{'A': 0.0, 'B': 0.0, 'C': 0.0}",0,99.9,1.155,"{'A': 20, 'B': 30, 'C': 4}",54,643.4,55.2,9.847,"{'A': 0.0, 'B': 0.0, 'C': 0.0}",0.0,55.2,ns_symbolic_only,52,hot_factory,49.08,5014,3600.7,unseen,0,,0.1823
65,"{'A': 0.0, 'B': 0.0, 'C': 0.0}",0,99.9,1.195,"{'A': 19, 'B': 32, 'C': 3}",54,655.2,54.8,9.94,"{'A': 0.0, 'B': 0.0, 'C': 0.0}",0.0,54.8,ns_symbolic_only,52,hot_factory,49.03,5015,3600.1,unseen,0,,0.1841
48,"{'A': 0.0, 'B': 0.0, 'C': 0.0}",2,99.93,1.336,"{'A': 21, 'B': 27, 'C': 5}",53,454.5,94.2,7.004,"{'A': 0.0, 'B': 0.0, 'C': 0.0}",0.0,78.6,ns_symbolic_only,53,hot_factory,49.5,5016,3600.5,unseen,0,,0.1321
65,"{'A': 0.0, 'B': 0.0, 'C': 0.0}",0,99.9,1.191,"{'A': 19, 'B': 30, 'C': 5}",54,644.2,55.0,9.908,"{'A': 0.0, 'B': 0.0, 'C': 0.0}",0.0,55.0,ns_symbolic_only,53,hot_factory,49.05,5017,3600.8,unseen,0,,0.1835
64,"{'A': 0.0, 'B': 0.0, 'C': 0.0}",0,99.9,1.29,"{'A': 20, 'B': 30, 'C': 4}",54,655.5,54.7,9.963,"{'A': 0.0, 'B': 0.0, 'C': 0.0}",0.0,54.7,ns_symbolic_only,54,hot_factory,49.02,5018,3600.7,unseen,0,,0.1845
60,"{'A': 0.0, 'B': 0.0, 'C': 0.0}",1,99.91,1.448,"{'A': 20, 'B': 31, 'C': 4}",55,617.1,63.5,9.354,"{'A': 0.0, 'B': 0.0, 'C': 0.0}",0.0,63.5,ns_symbolic_only,53,hot_factory,50.32,5019,3600.2,unseen,0,,0.1701
64,"{'A': 0.0, 'B': 0.0, 'C': 0.0}",0,99.9,1.334,"{'A': 20, 'B': 31, 'C': 3}",54,667.1,54.4,10.033,"{'A': 0.0, 'B': 0.0, 'C': 0.0}",0.0,54.4,ns_symbolic_only,53,hot_factory,48.98,5020,3600.5,unseen,0,,0.1858
66,"{'A': 0.0, 'B': 0.0, 'C': 0.0}",0,99.9,1.314,"{'A': 20, 'B': 30, 'C': 5}",55,643.5,55.0,9.891,"{'A': 0.0, 'B': 0.0, 'C': 0.0}",0.0,55.0,ns_symbolic_only,54,hot_factory,50.05,5021,3600.0,unseen,0,,0.1798
47,"{'A': 0.0, 'B': 0.0, 'C': 0.0}",3,99.93,1.273,"{'A': 19, 'B': 29, 'C': 4}",52,441.5,96.7,6.785,"{'A': 0.0, 'B': 0.0, 'C': 0.0}",0.0,80.9,ns_symbolic_only,52,hot_factory,48.61,5022,3600.9,unseen,0,,0.1305
53,"{'A': 0.0, 'B': 0.0, 'C': 0.0}",1,99.92,1.271,"{'A': 20, 'B': 32, 'C': 4}",56,511.1,82.6,7.834,"{'A': 0.0, 'B': 0.0, 'C': 0.0}",0.0,81.8,ns_symbolic_only,54,hot_factory,52.08,5023,3600.5,unseen,0,,0.1399
65,"{'A': 0.0, 'B': 0.0, 'C': 0.0}",0,99.9,1.571,"{'A': 20, 'B': 29, 'C': 4}",53,649.7,55.0,9.901,"{'A': 0.0, 'B': 0.0, 'C': 0.0}",0.0,55.0,ns_symbolic_only,53,hot_factory,48.05,5024,3600.8,unseen,0,,0.1868
65,"{'A': 0.0, 'B': 0.0, 'C': 0.0}",0,99.9,1.278,"{'A': 19, 'B': 30, 'C': 5}",54,644.7,55.1,9.886,"{'A': 0.0, 'B': 0.0, 'C': 0.0}",0.0,55.1,ns_symbolic_only,53,hot_factory,49.06,5025,3600.1,unseen,0,,0.1831
65,"{'A': 0.0, 'B': 0.0, 'C': 0.0}",0,99.9,1.184,"{'A': 21, 'B': 31, 'C': 5}",57,644.2,54.9,9.925,"{'A': 0.0, 'B': 0.0, 'C': 0.0}",0.0,54.9,ns_symbolic_only,55,hot_factory,52.04,5026,3600.8,unseen,0,,0.1741
50,"{'A': 0.0, 'B': 0.0, 'C': 0.0}",5,99.93,1.17,"{'A': 13, 'B': 31, 'C': 4}",48,470.2,93.7,7.057,"{'A': 0.0, 'B': 0.0, 'C': 0.0}",0.0,91.5,ns_symbolic_only,47,hot_factory,44.47,5027,3600.7,unseen,0,,0.147
65,"{'A': 0.0, 'B': 0.0, 'C': 0.0}",0,99.9,1.317,"{'A': 19, 'B': 31, 'C': 5}",55,650.1,54.6,9.997,"{'A': 0.0, 'B': 0.0, 'C': 0.0}",0.0,54.6,ns_symbolic_only,55,hot_factory,50.0,5028,3600.9,unseen,0,,0.1818
64,"{'A': 0.0, 'B': 0.0, 'C': 0.0}",1,99.9,1.12,"{'A': 14, 'B': 30, 'C': 4}",48,636.7,58.0,9.679,"{'A': 0.0, 'B': 0.0, 'C': 0.0}",0.0,58.0,ns_symbolic_only,48,hot_factory,43.16,5029,3600.6,unseen,0,,0.2016
48,"{'A': 0.0, 'B': 0.0, 'C': 0.0}",2,99.93,1.34,"{'A': 21, 'B': 30, 'C': 5}",56,473.1,22.0,7.08,"{'A': 0.0, 'B': 0.0, 'C': 0.0}",0.0,17.1,ns_symbolic_only,52,low_battery_start,52.46,5000,3600.1,seen,0,,0.1264
49,"{'A': 0.0, 'B': 52.3, 'C': 0.0}",1,99.93,1.425,"{'A': 23, 'B': 33, 'C': 5}",61,480.6,19.9,7.281,"{'A': 0.0, 'B': 0.44, 'C': 0.0}",0.44,17.0,ns_symbolic_only,53,low_battery_start,56.92,5001,3600.4,seen,0,,0.1194
50,"{'A': 0.0, 'B': 0.0, 'C': 0.0}",1,99.93,1.553,"{'A': 23, 'B': 33, 'C': 5}",61,480.6,18.8,7.357,"{'A': 0.0, 'B': 0.0, 'C': 0.0}",0.0,17.8,ns_symbolic_only,52,low_battery_start,57.32,5002,3600.4,seen,0,,0.1206
50,"{'A': 0.0, 'B': 0.0, 'C': 0.0}",2,99.93,1.212,"{'A': 22, 'B': 25, 'C': 6}",53,462.7,21.6,7.033,"{'A': 0.0, 'B': 0.0, 'C': 0.0}",0.0,21.6,ns_symbolic_only,45,low_battery_start,49.48,5003,3600.4,seen,0,,0.1327
50,"{'A': 0.0, 'B': 0.0, 'C': 0.0}",1,99.93,1.42,"{'A': 22, 'B': 34, 'C': 5}",61,472.5,20.1,7.18,"{'A': 0.0, 'B': 0.0, 'C': 0.0}",0.0,17.2,ns_symbolic_only,52,low_battery_start,57.41,5004,3600.7,seen,0,,0.1177
48,"{'A': 0.0, 'B': 0.0, 'C': 20.4}",1,99.93,1.743,"{'A': 23, 'B': 32, 'C': 5}",60,484.6,19.4,7.414,"{'A': 0.0, 'B': 0.0, 'C': 0.03}",0.03,17.0,ns_symbolic_only,53,low_battery_start,56.26,5005,3600.7,seen,0,,0.1236
49,"{'A': 0.0, 'B': 94.6, 'C': 0.0}",1,99.93,1.321,"{'A': 24, 'B': 34, 'C': 5}",63,485.5,19.6,7.291,"{'A': 0.0, 'B': 0.79, 'C': 0.0}",0.79,17.3,ns_symbolic_only,55,low_battery_start,58.57,5006,3600.8,seen,0,,0.1157
49,"{'A': 0.0, 'B': 0.0, 'C': 0.0}",1,99.93,1.465,"{'A': 24, 'B': 35, 'C': 5}",64,479.2,20.1,7.248,"{'A': 0.0, 'B': 0.0, 'C': 0.0}",0.0,16.9,ns_symbolic_only,54,low_battery_start,60.38,5007,3600.8,seen,0,,0.1132
49,"{'A': 0.0, 'B': 0.0, 'C': 0.0}",1,99.93,1.606,"{'A': 22, 'B': 34, 'C': 5}",61,477.8,19.9,7.282,"{'A': 0.0, 'B': 0.0, 'C': 0.0}",0.0,17.0,ns_symbolic_only,52,low_battery_start,57.36,5008,3600.2,seen,0,,0.1194
49,"{'A': 0.0, 'B': 128.8, 'C': 0.0}",1,99.93,1.202,"{'A': 22, 'B': 32, 'C': 5}",59,472.1,20.3,7.203,"{'A': 0.0, 'B': 1.07, 'C': 0.0}",1.07,17.0,ns_symbolic_only,51,low_battery_start,54.33,5009,3600.6,seen,0,,0.1221
41,"{'A': 0.0, 'B': 0.0, 'C': 0.0}",2,99.94,1.067,"{'A': 18, 'B': 35, 'C': 5}",58,384.4,38.7,5.868,"{'A': 0.0, 'B': 0.0, 'C': 0.0}",0.0,19.4,ns_symbolic_only,49,low_battery_start,55.07,5010,3600.8,seen,0,,0.1012
49,"{'A': 0.0, 'B': 85.4, 'C': 0.0}",1,99.93,1.353,"{'A': 23, 'B': 33, 'C': 5}",61,478.2,19.9,7.283,"{'A': 0.0, 'B': 0.71, 'C': 0.0}",0.71,17.0,ns_symbolic_only,52,low_battery_start,56.65,5011,3600.1,seen,0,,0.1194
49,"{'A': 10.0, 'B': 19.9, 'C': 0.0}",1,99.93,1.414,"{'A': 23, 'B': 33, 'C': 6}",62,479.5,20.2,7.235,"{'A': 0.06, 'B': 0.17, 'C': 0.0}",0.22,17.0,ns_symbolic_only,54,low_battery_start,58.16,5012,3600.5,seen,0,,0.1167
50,"{'A': 0.0, 'B': 0.0, 'C': 0.0}",1,99.93,1.276,"{'A': 23, 'B': 33, 'C': 6}",62,477.6,19.5,7.25,"{'A': 0.0, 'B': 0.0, 'C': 0.0}",0.0,17.6,ns_symbolic_only,54,low_battery_start,58.37,5013,3600.5,seen,0,,0.1169
49,"{'A': 0.0, 'B': 4.2, 'C': 0.0}",1,99.93,1.454,"{'A': 23, 'B': 32, 'C': 6}",61,477.7,19.9,7.299,"{'A': 0.0, 'B': 0.03, 'C': 0.0}",0.03,17.0,ns_symbolic_only,54,low_battery_start,57.32,5014,3600.8,seen,0,,0.1197
49,"{'A': 0.0, 'B': 0.0, 'C': 0.0}",1,99.93,1.53,"{'A': 21, 'B': 35, 'C': 4}",60,484.5,19.5,7.307,"{'A': 0.0, 'B': 0.0, 'C': 0.0}",0.0,17.3,ns_symbolic_only,53,low_battery_start,56.35,5015,3600.2,seen,0,,0.1218
50,"{'A': 0.0, 'B': 0.0, 'C': 0.0}",1,99.93,1.868,"{'A': 23, 'B': 31, 'C': 6}",60,471.4,20.2,7.169,"{'A': 0.0, 'B': 0.0, 'C': 0.0}",0.0,17.2,ns_symbolic_only,52,low_battery_start,56.42,5016,3600.7,seen,0,,0.1195
49,"{'A': 5.6, 'B': 99.5, 'C': 0.0}",1,99.93,1.635,"{'A': 24, 'B': 33, 'C': 5}",62,478.8,19.7,7.315,"{'A': 0.03, 'B': 0.83, 'C': 0.0}",0.86,17.0,ns_symbolic_only,53,low_battery_start,57.48,5017,3600.7,seen,0,,0.118
49,"{'A': 0.0, 'B': 134.1, 'C': 0.0}",1,99.93,1.537,"{'A': 23, 'B': 33, 'C': 5}",61,476.9,20.3,7.215,"{'A': 0.0, 'B': 1.12, 'C': 0.0}",1.12,17.0,ns_symbolic_only,52,low_battery_start,56.27,5018,3600.7,seen,0,,0.1183
46,"{'A': 0.0, 'B': 0.0, 'C': 0.0}",2,99.94,1.276,"{'A': 21, 'B': 28, 'C': 4}",53,423.5,29.3,6.456,"{'A': 0.0, 'B': 0.0, 'C': 0.0}",0.0,17.4,ns_symbolic_only,53,low_battery_start,49.77,5019,3600.9,seen,0,,0.1218
49,"{'A': 0.0, 'B': 0.0, 'C': 0.0}",1,99.93,1.631,"{'A': 24, 'B': 33, 'C': 5}",62,476.8,20.0,7.21,"{'A': 0.0, 'B': 0.0, 'C': 0.0}",0.0,17.2,ns_symbolic_only,53,low_battery_start,58.39,5020,3600.6,seen,0,,0.1163
49,"{'A': 0.0, 'B': 0.0, 'C': 0.0}",1,99.93,1.446,"{'A': 23, 'B': 34, 'C': 6}",63,469.4,20.1,7.262,"{'A': 0.0, 'B': 0.0, 'C': 0.0}",0.0,16.9,ns_symbolic_only,54,low_battery_start,59.37,5021,3600.6,seen,0,,0.1153
50,"{'A': 0.0, 'B': 145.8, 'C': 0.0}",1,99.93,1.307,"{'A': 24, 'B': 31, 'C': 6}",61,473.0,19.9,7.223,"{'A': 0.0, 'B': 1.21, 'C': 0.0}",1.21,17.3,ns_symbolic_only,53,low_battery_start,56.17,5022,3600.9,seen,0,,0.1184
49,"{'A': 0.0, 'B': 76.9, 'C': 0.0}",1,99.93,1.476,"{'A': 22, 'B': 33, 'C': 5}",60,475.5,20.0,7.241,"{'A': 0.0, 'B': 0.64, 'C': 0.0}",0.64,17.1,ns_symbolic_only,51,low_battery_start,55.74,5023,3600.2,seen,0,,0.1207
50,"{'A': 0.0, 'B': 0.0, 'C': 0.0}",1,99.93,1.48,"{'A': 22, 'B': 34, 'C': 5}",61,478.0,19.1,7.273,"{'A': 0.0, 'B': 0.0, 'C': 0.0}",0.0,17.8,ns_symbolic_only,53,low_battery_start,57.36,5024,3600.8,seen,0,,0.1192
44,"{'A': 0.0, 'B': 5.7, 'C': 0.0}",2,99.94,1.22,"{'A': 23, 'B': 34, 'C': 5}",62,410.3,33.3,6.235,"{'A': 0.0, 'B': 0.05, 'C': 0.0}",0.05,17.0,ns_symbolic_only,54,low_battery_start,58.84,5025,3600.1,seen,0,,0.1006
50,"{'A': 0.0, 'B': 0.0, 'C': 0.0}",1,99.93,1.488,"{'A': 22, 'B': 35, 'C': 6}",63,471.7,19.8,7.268,"{'A': 0.0, 'B': 0.0, 'C': 0.0}",0.0,17.2,ns_symbolic_only,55,low_battery_start,59.37,5026,3600.5,seen,0,,0.1154
44,"{'A': 0.0, 'B': 0.0, 'C': 0.0}",2,99.94,1.716,"{'A': 13, 'B': 29, 'C': 4}",46,409.4,32.9,6.183,"{'A': 0.0, 'B': 0.0, 'C': 0.0}",0.0,17.3,ns_symbolic_only,50,low_battery_start,42.91,5027,3600.7,seen,0,,0.1344
49,"{'A': 22.0, 'B': 0.0, 'C': 0.0}",1,99.93,1.307,"{'A': 24, 'B': 34, 'C': 6}",64,469.9,20.3,7.212,"{'A': 0.12, 'B': 0.0, 'C': 0.0}",0.12,16.9,ns_symbolic_only,55,low_battery_start,60.27,5028,3601.0,seen,0,,0.1127
49,"{'A': 0.0, 'B': 97.4, 'C': 0.0}",1,99.93,1.797,"{'A': 17, 'B': 34, 'C': 5}",56,476.6,20.4,7.169,"{'A': 0.0, 'B': 0.81, 'C': 0.0}",0.81,17.0,ns_symbolic_only,49,low_battery_start,51.6,5029,3600.9,seen,0,,0.128
63,"{'A': 0.0, 'B': 0.0, 'C': 0.0}",0,99.9,1.449,"{'A': 20, 'B': 59, 'C': 4}",83,674.0,54.3,10.063,"{'A': 0.0, 'B': 0.0, 'C': 0.0}",0.0,54.3,ns_symbolic_only,85,one_hot_section,77.97,5000,3600.2,seen,0,,0.1212
63,"{'A': 0.0, 'B': 0.0, 'C': 0.0}",0,99.9,1.269,"{'A': 19, 'B': 57, 'C': 4}",80,678.6,54.2,10.07,"{'A': 0.0, 'B': 0.0, 'C': 0.0}",0.0,54.2,ns_symbolic_only,80,one_hot_section,74.97,5001,3600.1,seen,0,,0.1259
63,"{'A': 0.0, 'B': 0.0, 'C': 0.0}",0,99.9,1.35,"{'A': 20, 'B': 59, 'C': 4}",83,678.9,54.1,10.097,"{'A': 0.0, 'B': 0.0, 'C': 0.0}",0.0,54.1,ns_symbolic_only,84,one_hot_section,77.95,5002,3600.7,seen,0,,0.1216
60,"{'A': 0.0, 'B': 0.0, 'C': 0.0}",2,99.91,1.371,"{'A': 20, 'B': 45, 'C': 4}",69,592.5,68.0,8.885,"{'A': 0.0, 'B': 0.0, 'C': 0.0}",0.0,68.0,ns_symbolic_only,68,one_hot_section,64.56,5003,3600.2,seen,0,,0.1288
63,"{'A': 0.0, 'B': 0.0, 'C': 0.0}",0,99.9,1.285,"{'A': 19, 'B': 60, 'C': 4}",83,674.0,54.3,10.062,"{'A': 0.0, 'B': 0.0, 'C': 0.0}",0.0,54.3,ns_symbolic_only,84,one_hot_section,77.97,5004,3600.2,seen,0,,0.1212
65,"{'A': 0.0, 'B': 0.0, 'C': 0.0}",0,99.9,1.291,"{'A': 21, 'B': 62, 'C': 4}",87,655.3,55.0,9.891,"{'A': 0.0, 'B': 0.0, 'C': 0.0}",0.0,55.0,ns_symbolic_only,86,one_hot_section,82.05,5005,3600.2,seen,0,,0.1137
64,"{'A': 0.0, 'B': 0.0, 'C': 0.0}",0,99.9,1.334,"{'A': 19, 'B': 60, 'C': 4}",83,667.0,54.5,10.014,"{'A': 0.0, 'B': 0.0, 'C': 0.0}",0.0,54.5,ns_symbolic_only,83,one_hot_section,77.99,5006,3600.3,seen,0,,0.1206
63,"{'A': 0.0, 'B': 0.0, 'C': 0.0}",0,99.9,1.345,"{'A': 21, 'B': 59, 'C': 4}",84,671.1,54.4,10.03,"{'A': 0.0, 'B': 0.0, 'C': 0.0}",0.0,54.4,ns_symbolic_only,84,one_hot_section,78.99,5007,3600.7,seen,0,,0.1194
64,"{'A': 0.0, 'B': 0.0, 'C': 0.0}",0,99.9,1.177,"{'A': 19, 'B': 59, 'C': 4}",82,665.5,54.7,9.965,"{'A': 0.0, 'B': 0.0, 'C': 0.0}",0.0,54.7,ns_symbolic_only,82,one_hot_section,77.02,5008,3600.5,seen,0,,0.1215
64,"{'A': 0.0, 'B': 0.0, 'C': 0.0}",0,99.9,1.213,"{'A': 21, 'B': 61, 'C': 4}",86,667.0,54.4,10.03,"{'A': 0.0, 'B': 0.0, 'C': 0.0}",0.0,54.4,ns_symbolic_only,85,one_hot_section,80.98,5009,3600.3,seen,0,,0.1166
60,"{'A': 0.0, 'B': 0.0, 'C': 0.0}",2,99.91,1.215,"{'A': 15, 'B': 60, 'C': 4}",79,596.5,67.3,8.998,"{'A': 0.0, 'B': 0.0, 'C': 0.0}",0.0,65.1,ns_symbolic_only,80,one_hot_section,74.5,5010,3600.4,seen,0,,0.1139
63,"{'A': 0.0, 'B': 0.0, 'C': 0.0}",0,99.9,1.288,"{'A': 20, 'B': 58, 'C': 4}",82,678.7,54.3,10.057,"{'A': 0.0, 'B': 0.0, 'C': 0.0}",0.0,54.3,ns_symbolic_only,83,one_hot_section,76.97,5011,3600.2,seen,0,,0.1226
64,"{'A': 0.0, 'B': 0.0, 'C': 0.0}",0,99.9,1.236,"{'A': 19, 'B': 60, 'C': 5}",84,655.5,54.7,9.966,"{'A': 0.0, 'B': 0.0, 'C': 0.0}",0.0,54.7,ns_symbolic_only,84,one_hot_section,79.02,5012,3600.7,seen,0,,0.1186
64,"{'A': 0.0, 'B': 0.0, 'C': 0.0}",0,99.9,1.372,"{'A': 20, 'B': 59, 'C': 4}",83,667.1,54.5,10.003,"{'A': 0.0, 'B': 0.0, 'C': 0.0}",0.0,54.5,ns_symbolic_only,83,one_hot_section,78.0,5013,3600.4,seen,0,,0.1205
63,"{'A': 0.0, 'B': 0.0, 'C': 0.0}",0,99.9,1.384,"{'A': 21, 'B': 58, 'C': 4}",83,668.1,54.6,9.984,"{'A': 0.0, 'B': 0.0, 'C': 0.0}",0.0,54.6,ns_symbolic_only,84,one_hot_section,78.01,5014,3600.1,seen,0,,0.1203
62,"{'A': 0.0, 'B': 0.0, 'C': 0.0}",0,99.9,1.352,"{'A': 20, 'B': 60, 'C': 2}",82,683.9,54.4,10.026,"{'A': 0.0, 'B': 0.0, 'C': 0.0}",0.0,54.4,ns_symbolic_only,81,one_hot_section,76.99,5015,3600.5,seen,0,,0.1223
65,"{'A': 0.0, 'B': 0.0, 'C': 0.0}",0,99.9,1.397,"{'A': 20, 'B': 63, 'C': 5}",88,655.3,54.8,9.936,"{'A': 0.0, 'B': 0.0, 'C': 0.0}",0.0,54.8,ns_symbolic_only,86,one_hot_section,83.03,5016,3600.2,seen,0,,0.1129
64,"{'A': 0.0, 'B': 0.0, 'C': 0.0}",0,99.9,1.444,"{'A': 21, 'B': 58, 'C': 4}",83,662.3,54.9,9.932,"{'A': 0.0, 'B': 0.0, 'C': 0.0}",0.0,54.9,ns_symbolic_only,83,one_hot_section,78.03,5017,3600.3,seen,0,,0.1197
63,"{'A': 0.0, 'B': 0.0, 'C': 0.0}",0,99.9,1.296,"{'A': 21, 'B': 60, 'C': 4}",85,678.6,54.2,10.087,"{'A': 0.0, 'B': 0.0, 'C': 0.0}",0.0,54.2,ns_symbolic_only,84,one_hot_section,79.96,5018,3600.1,seen,0,,0.1187
64,"{'A': 0.0, 'B': 0.0, 'C': 0.0}",0,99.9,1.285,"{'A': 19, 'B': 58, 'C': 4}",81,655.9,55.2,9.863,"{'A': 0.0, 'B': 0.0, 'C': 0.0}",0.0,55.2,ns_symbolic_only,83,one_hot_section,76.07,5019,3600.9,seen,0,,0.1218
64,"{'A': 0.0, 'B': 0.0, 'C': 0.0}",0,99.9,1.298,"{'A': 20, 'B': 58, 'C': 4}",82,663.2,54.6,9.995,"{'A': 0.0, 'B': 0.0, 'C': 0.0}",0.0,54.6,ns_symbolic_only,84,one_hot_section,77.0,5020,3600.6,seen,0,,0.1219
64,"{'A': 0.0, 'B': 0.0, 'C': 0.0}",0,99.9,1.293,"{'A': 18, 'B': 59, 'C': 5}",82,662.9,54.8,9.945,"{'A': 0.0, 'B': 0.0, 'C': 0.0}",0.0,54.8,ns_symbolic_only,83,one_hot_section,77.03,5021,3600.8,seen,0,,0.1213
64,"{'A': 0.0, 'B': 0.0, 'C': 0.0}",0,99.9,1.499,"{'A': 19, 'B': 60, 'C': 4}",83,667.1,54.7,9.966,"{'A': 0.0, 'B': 0.0, 'C': 0.0}",0.0,54.7,ns_symbolic_only,83,one_hot_section,78.02,5022,3600.5,seen,0,,0.1201
63,"{'A': 0.0, 'B': 0.0, 'C': 0.0}",1,99.9,1.23,"{'A': 20, 'B': 61, 'C': 4}",85,669.3,55.1,10.009,"{'A': 0.0, 'B': 0.0, 'C': 0.0}",0.0,54.5,ns_symbolic_only,83,one_hot_section,80.0,5023,3600.3,seen,0,,0.1177
62,"{'A': 0.0, 'B': 0.0, 'C': 0.0}",0,99.9,1.546,"{'A': 19, 'B': 61, 'C': 4}",84,680.3,54.0,10.121,"{'A': 0.0, 'B': 0.0, 'C': 0.0}",0.0,54.0,ns_symbolic_only,83,one_hot_section,78.94,5024,3600.3,seen,0,,0.1205
63,"{'A': 0.0, 'B': 0.0, 'C': 0.0}",0,99.9,1.428,"{'A': 18, 'B': 58, 'C': 4}",80,678.9,54.1,10.087,"{'A': 0.0, 'B': 0.0, 'C': 0.0}",0.0,54.1,ns_symbolic_only,80,one_hot_section,74.96,5025,3600.7,seen,0,,0.1261
64,"{'A': 0.0, 'B': 0.0, 'C': 0.0}",0,99.9,1.207,"{'A': 19, 'B': 61, 'C': 5}",85,660.2,54.9,9.923,"{'A': 0.0, 'B': 0.0, 'C': 0.0}",0.0,54.9,ns_symbolic_only,83,one_hot_section,80.04,5026,3600.9,seen,0,,0.1167
59,"{'A': 0.0, 'B': 0.0, 'C': 0.0}",1,99.91,1.534,"{'A': 12, 'B': 59, 'C': 5}",76,618.8,65.0,9.236,"{'A': 0.0, 'B': 0.0, 'C': 0.0}",0.0,65.0,ns_symbolic_only,76,one_hot_section,71.38,5027,3600.6,seen,0,,0.1215
64,"{'A': 0.0, 'B': 0.0, 'C': 0.0}",0,99.9,1.481,"{'A': 21, 'B': 58, 'C': 5}",84,667.3,54.4,10.029,"{'A': 0.0, 'B': 0.0, 'C': 0.0}",0.0,54.4,ns_symbolic_only,85,one_hot_section,78.99,5028,3601.0,seen,0,,0.1194
64,"{'A': 0.0, 'B': 0.0, 'C': 0.0}",0,99.9,1.356,"{'A': 14, 'B': 59, 'C': 4}",77,667.0,54.9,9.926,"{'A': 0.0, 'B': 0.0, 'C': 0.0}",0.0,54.9,ns_symbolic_only,79,one_hot_section,72.04,5029,3600.2,seen,0,,0.1289
49,"{'A': 0.0, 'B': 0.0, 'C': 0.0}",3,99.93,1.028,"{'A': 20, 'B': 11, 'C': 4}",35,447.6,96.1,6.661,"{'A': 0.0, 'B': 0.0, 'C': 0.0}",0.0,84.7,ns_symbolic_only,33,section_breakdown,31.67,5000,3600.6,unseen,0,,0.1903
54,"{'A': 0.0, 'B': 0.0, 'C': 0.0}",6,99.93,0.806,"{'A': 20, 'B': 10, 'C': 4}",34,476.6,89.8,7.035,"{'A': 0.0, 'B': 0.0, 'C': 0.0}",0.0,82.2,ns_symbolic_only,32,section_breakdown,30.48,5001,3600.2,unseen,0,,0.2069
51,"{'A': 0.0, 'B': 0.0, 'C': 0.0}",3,99.93,0.918,"{'A': 20, 'B': 10, 'C': 4}",34,463.0,92.8,6.871,"{'A': 0.0, 'B': 0.0, 'C': 0.0}",0.0,86.5,ns_symbolic_only,32,section_breakdown,30.56,5002,3600.3,unseen,0,,0.2021
51,"{'A': 0.0, 'B': 0.0, 'C': 0.0}",2,99.93,1.29,"{'A': 16, 'B': 15, 'C': 4}",35,487.0,88.3,7.228,"{'A': 0.0, 'B': 0.0, 'C': 0.0}",0.0,74.3,ns_symbolic_only,36,section_breakdown,31.39,5003,3600.7,unseen,0,,0.2065
49,"{'A': 0.0, 'B': 0.0, 'C': 0.0}",5,99.93,1.011,"{'A': 19, 'B': 11, 'C': 4}",34,456.9,96.0,6.708,"{'A': 0.0, 'B': 0.0, 'C': 0.0}",0.0,86.0,ns_symbolic_only,34,section_breakdown,30.65,5004,3600.5,unseen,0,,0.1973
45,"{'A': 0.0, 'B': 0.0, 'C': 0.0}",2,99.94,0.998,"{'A': 18, 'B': 18, 'C': 4}",40,436.1,99.5,6.455,"{'A': 0.0, 'B': 0.0, 'C': 0.0}",0.0,76.7,ns_symbolic_only,41,section_breakdown,36.77,5005,3600.1,unseen,0,,0.1614
56,"{'A': 0.0, 'B': 0.0, 'C': 0.0}",3,99.92,1.053,"{'A': 19, 'B': 18, 'C': 5}",42,529.1,80.9,7.808,"{'A': 0.0, 'B': 0.0, 'C': 0.0}",0.0,80.9,ns_symbolic_only,41,section_breakdown,38.1,5006,3600.7,unseen,0,,0.1859
57,"{'A': 0.0, 'B': 0.0, 'C': 0.0}",6,99.92,0.888,"{'A': 21, 'B': 19, 'C': 4}",44,508.0,84.9,7.52,"{'A': 0.0, 'B': 0.0, 'C': 0.0}",0.0,84.9,ns_symbolic_only,42,section_breakdown,40.24,5007,3600.5,unseen,0,,0.1709
47,"{'A': 0.0, 'B': 0.0, 'C': 0.0}",4,99.93,0.973,"{'A': 20, 'B': 14, 'C': 4}",38,442.1,98.6,6.512,"{'A': 0.0, 'B': 0.0, 'C': 0.0}",0.0,82.6,ns_symbolic_only,36,section_breakdown,34.74,5008,3600.6,unseen,0,,0.1714
48,"{'A': 0.0, 'B': 0.0, 'C': 0.0}",2,99.93,0.865,"{'A': 20, 'B': 14, 'C': 4}",38,452.8,95.1,6.75,"{'A': 0.0, 'B': 0.0, 'C': 0.0}",0.0,85.7,ns_symbolic_only,35,section_breakdown,34.62,5009,3600.1,unseen,0,,0.1776
51,"{'A': 0.0, 'B': 0.0, 'C': 0.0}",5,99.95,0.52,"{'A': 14, 'B': 7, 'C': 5}",26,356.9,100.0,5.246,"{'A': 0.0, 'B': 0.0, 'C': 0.0}",0.0,86.9,ns_symbolic_only,24,section_breakdown,23.38,5010,3600.0,unseen,0,,0.2018
52,"{'A': 0.0, 'B': 0.0, 'C': 0.0}",4,99.93,1.007,"{'A': 18, 'B': 15, 'C': 4}",37,485.4,88.7,7.156,"{'A': 0.0, 'B': 0.0, 'C': 0.0}",0.0,78.6,ns_symbolic_only,37,section_breakdown,33.42,5011,3600.7,unseen,0,,0.1934
51,"{'A': 0.0, 'B': 0.0, 'C': 0.0}",6,99.93,0.92,"{'A': 20, 'B': 7, 'C': 4}",31,449.1,97.1,6.58,"{'A': 0.0, 'B': 0.0, 'C': 0.0}",0.0,88.3,ns_symbolic_only,30,section_breakdown,27.71,5012,3600.5,unseen,0,,0.2123
48,"{'A': 0.0, 'B': 0.0, 'C': 0.0}",4,99.93,1.029,"{'A': 17, 'B': 11, 'C': 4}",32,446.9,97.2,6.609,"{'A': 0.0, 'B': 0.0, 'C': 0.0}",0.0,79.8,ns_symbolic_only,34,section_breakdown,28.7,5013,3600.8,unseen,0,,0.2065
51,"{'A': 0.0, 'B': 0.0, 'C': 0.0}",3,99.93,1.077,"{'A': 20, 'B': 13, 'C': 4}",37,462.4,92.8,6.879,"{'A': 0.0, 'B': 0.0, 'C': 0.0}",0.0,85.1,ns_symbolic_only,36,section_breakdown,33.56,5014,3600.6,unseen,0,,0.1859
46,"{'A': 0.0, 'B': 0.0, 'C': 0.0}",3,99.94,0.93,"{'A': 19, 'B': 14, 'C': 2}",35,439.1,99.4,6.434,"{'A': 0.0, 'B': 0.0, 'C': 0.0}",0.0,78.3,ns_symbolic_only,33,section_breakdown,31.78,5015,3601.0,unseen,0,,0.1838
59,"{'A': 0.0, 'B': 0.0, 'C': 0.0}",4,99.92,1.294,"{'A': 19, 'B': 18, 'C': 5}",42,546.4,75.6,8.092,"{'A': 0.0, 'B': 0.0, 'C': 0.0}",0.0,71.7,ns_symbolic_only,40,section_breakdown,37.95,5016,3600.0,unseen,0,,0.1927
49,"{'A': 0.0, 'B': 0.0, 'C': 0.0}",6,99.94,0.668,"{'A': 19, 'B': 7, 'C': 4}",30,438.9,99.5,6.411,"{'A': 0.0, 'B': 0.0, 'C': 0.0}",0.0,90.2,ns_symbolic_only,28,section_breakdown,26.79,5017,3600.4,unseen,0,,0.2137
55,"{'A': 0.0, 'B': 0.0, 'C': 0.0}",2,99.92,0.978,"{'A': 19, 'B': 20, 'C': 4}",43,521.7,80.7,7.799,"{'A': 0.0, 'B': 0.0, 'C': 0.0}",0.0,80.7,ns_symbolic_only,42,section_breakdown,39.1,5018,3600.7,unseen,0,,0.1814
52,"{'A': 0.0, 'B': 0.0, 'C': 0.0}",6,99.93,0.886,"{'A': 20, 'B': 11, 'C': 4}",35,463.4,93.6,6.839,"{'A': 0.0, 'B': 0.0, 'C': 0.0}",0.0,88.1,ns_symbolic_only,33,section_breakdown,31.58,5019,3600.3,unseen,0,,0.1954
54,"{'A': 0.0, 'B': 0.0, 'C': 0.0}",4,99.92,0.901,"{'A': 21, 'B': 12, 'C': 4}",37,511.9,85.2,7.504,"{'A': 0.0, 'B': 0.0, 'C': 0.0}",0.0,85.2,ns_symbolic_only,34,section_breakdown,33.25,5020,3600.6,unseen,0,,0.2028
49,"{'A': 0.0, 'B': 0.0, 'C': 0.0}",3,99.93,1.153,"{'A': 20, 'B': 23, 'C': 5}",48,466.5,93.0,6.945,"{'A': 0.0, 'B': 0.0, 'C': 0.0}",0.0,87.9,ns_symbolic_only,46,section_breakdown,44.53,5021,3600.2,unseen,0,,0.1447
59,"{'A': 0.0, 'B': 0.0, 'C': 0.0}",3,99.92,1.153,"{'A': 20, 'B': 22, 'C': 4}",46,567.8,73.1,8.388,"{'A': 0.0, 'B': 0.0, 'C': 0.0}",0.0,73.1,ns_symbolic_only,45,section_breakdown,41.81,5022,3600.0,unseen,0,,0.1823
55,"{'A': 0.0, 'B': 0.0, 'C': 0.0}",6,99.93,0.963,"{'A': 18, 'B': 12, 'C': 4}",34,487.8,88.0,7.155,"{'A': 0.0, 'B': 0.0, 'C': 0.0}",0.0,88.0,ns_symbolic_only,35,section_breakdown,30.42,5023,3600.8,unseen,0,,0.2104
53,"{'A': 0.0, 'B': 0.0, 'C': 0.0}",6,99.93,0.848,"{'A': 20, 'B': 10, 'C': 4}",34,442.8,94.8,6.536,"{'A': 0.0, 'B': 0.0, 'C': 0.0}",0.0,92.0,ns_symbolic_only,34,section_breakdown,30.73,5024,3600.5,unseen,0,,0.1922
55,"{'A': 0.0, 'B': 0.0, 'C': 0.0}",2,99.92,1.238,"{'A': 19, 'B': 15, 'C': 5}",39,512.8,82.6,7.649,"{'A': 0.0, 'B': 0.0, 'C': 0.0}",0.0,82.6,ns_symbolic_only,38,section_breakdown,35.18,5025,3600.8,unseen,0,,0.1961
52,"{'A': 0.0, 'B': 0.0, 'C': 0.0}",1,99.93,1.41,"{'A': 20, 'B': 19, 'C': 5}",44,493.0,86.6,7.369,"{'A': 0.0, 'B': 0.0, 'C': 0.0}",0.0,79.9,ns_symbolic_only,43,section_breakdown,40.32,5026,3600.2,unseen,0,,0.1675
53,"{'A': 0.0, 'B': 0.0, 'C': 0.0}",3,99.95,0.618,"{'A': 14, 'B': 8, 'C': 4}",26,362.2,94.5,5.374,"{'A': 0.0, 'B': 0.0, 'C': 0.0}",0.0,85.6,ns_symbolic_only,24,section_breakdown,23.31,5027,3600.8,unseen,0,,0.2067
63,"{'A': 0.0, 'B': 0.0, 'C': 0.0}",1,99.91,1.537,"{'A': 20, 'B': 19, 'C': 4}",43,613.0,63.3,9.076,"{'A': 0.0, 'B': 0.0, 'C': 0.0}",0.0,63.3,ns_symbolic_only,42,section_breakdown,38.46,5028,3600.8,unseen,0,,0.2111
56,"{'A': 0.0, 'B': 0.0, 'C': 0.0}",4,99.94,0.866,"{'A': 13, 'B': 12, 'C': 5}",30,418.3,87.0,6.111,"{'A': 0.0, 'B': 0.0, 'C': 0.0}",0.0,87.0,ns_symbolic_only,29,section_breakdown,26.94,5029,3600.7,unseen,0,,0.2037
65,"{'A': 0.0, 'B': 0.0, 'C': 332.0}",0,99.9,1.23,"{'A': 20, 'B': 31, 'C': 4}",55,655.4,55.8,9.723,"{'A': 0.0, 'B': 0.0, 'C': 0.46}",0.46,55.8,ns_symbolic_only,54,small_buffers,49.68,5000,3600.5,unseen,0,,0.1768
66,"{'A': 0.0, 'B': 0.0, 'C': 323.5}",0,99.9,0.954,"{'A': 20, 'B': 31, 'C': 4}",55,643.7,56.1,9.658,"{'A': 0.0, 'B': 0.0, 'C': 0.45}",0.45,56.1,ns_symbolic_only,54,small_buffers,49.72,5001,3600.6,unseen,0,,0.1756
65,"{'A': 0.0, 'B': 0.0, 'C': 346.6}",0,99.9,1.05,"{'A': 19, 'B': 28, 'C': 4}",51,643.8,56.2,9.63,"{'A': 0.0, 'B': 0.0, 'C': 0.48}",0.48,56.2,ns_symbolic_only,51,small_buffers,45.7,5002,3600.9,unseen,0,,0.1888
61,"{'A': 0.0, 'B': 0.0, 'C': 334.3}",3,99.92,1.034,"{'A': 19, 'B': 21, 'C': 4}",44,569.1,71.3,8.419,"{'A': 0.0, 'B': 0.0, 'C': 0.46}",0.46,71.3,ns_symbolic_only,43,small_buffers,39.33,5003,3600.2,unseen,0,,0.1913
65,"{'A': 0.0, 'B': 0.0, 'C': 239.0}",0,99.9,1.266,"{'A': 20, 'B': 29, 'C': 3}",52,648.3,56.2,9.646,"{'A': 0.0, 'B': 0.0, 'C': 0.33}",0.33,56.2,ns_symbolic_only,52,small_buffers,46.84,5004,3600.4,unseen,0,,0.1855
65,"{'A': 0.0, 'B': 0.0, 'C': 205.8}",0,99.9,1.181,"{'A': 20, 'B': 29, 'C': 3}",52,653.1,56.1,9.659,"{'A': 0.0, 'B': 0.0, 'C': 0.29}",0.29,56.1,ns_symbolic_only,52,small_buffers,46.88,5005,3600.7,unseen,0,,0.1857
64,"{'A': 0.0, 'B': 0.0, 'C': 305.9}",0,99.9,1.19,"{'A': 19, 'B': 28, 'C': 4}",51,656.9,55.7,9.74,"{'A': 0.0, 'B': 0.0, 'C': 0.42}",0.42,55.7,ns_symbolic_only,52,small_buffers,45.71,5006,3600.3,unseen,0,,0.191
65,"{'A': 0.0, 'B': 0.0, 'C': 332.3}",0,99.9,1.222,"{'A': 20, 'B': 30, 'C': 4}",54,651.6,55.9,9.694,"{'A': 0.0, 'B': 0.0, 'C': 0.46}",0.46,55.9,ns_symbolic_only,53,small_buffers,48.69,5007,3600.8,unseen,0,,0.1795
49,"{'A': 400.5, 'B': 454.6, 'C': 814.9}",2,99.92,1.046,"{'A': 17, 'B': 26, 'C': 3}",46,539.2,84.6,7.765,"{'A': 2.23, 'B': 3.79, 'C': 1.13}",7.14,83.5,ns_symbolic_only,48,small_buffers,34.97,5008,3600.5,unseen,0,,0.1688
65,"{'A': 0.0, 'B': 0.0, 'C': 305.7}",0,99.9,1.183,"{'A': 21, 'B': 29, 'C': 4}",54,655.3,55.5,9.788,"{'A': 0.0, 'B': 0.0, 'C': 0.42}",0.42,55.5,ns_symbolic_only,53,small_buffers,48.68,5009,3600.2,unseen,0,,0.1813
60,"{'A': 0.0, 'B': 66.6, 'C': 393.7}",1,99.91,1.371,"{'A': 15, 'B': 31, 'C': 5}",51,593.7,68.0,8.814,"{'A': 0.0, 'B': 0.55, 'C': 0.55}",1.1,61.9,ns_symbolic_only,49,small_buffers,45.49,5010,3600.3,unseen,0,,0.1728
62,"{'A': 0.0, 'B': 0.0, 'C': 349.8}",1,99.91,1.184,"{'A': 19, 'B': 29, 'C': 4}",52,646.4,59.8,9.476,"{'A': 0.0, 'B': 0.0, 'C': 0.49}",0.49,59.8,ns_symbolic_only,53,small_buffers,46.78,5011,3600.4,unseen,0,,0.1822
65,"{'A': 0.0, 'B': 0.0, 'C': 279.7}",0,99.9,1.442,"{'A': 19, 'B': 29, 'C': 4}",52,655.5,55.7,9.741,"{'A': 0.0, 'B': 0.0, 'C': 0.39}",0.39,55.7,ns_symbolic_only,55,small_buffers,46.74,5012,3600.9,unseen,0,,0.1873
51,"{'A': 379.5, 'B': 390.2, 'C': 703.5}",2,99.92,1.294,"{'A': 17, 'B': 27, 'C': 4}",48,525.1,84.5,7.708,"{'A': 2.11, 'B': 3.25, 'C': 0.98}",6.34,83.9,ns_symbolic_only,47,small_buffers,37.81,5013,3600.3,unseen,0,,0.1606
45,"{'A': 734.8, 'B': 865.9, 'C': 1314.9}",1,99.93,1.044,"{'A': 15, 'B': 22, 'C': 3}",40,447.8,96.9,6.69,"{'A': 4.08, 'B': 7.22, 'C': 1.83}",13.12,72.7,ns_symbolic_only,38,small_buffers,23.53,5014,3600.1,unseen,0,,0.1673
64,"{'A': 0.0, 'B': 0.0, 'C': 183.2}",0,99.9,1.067,"{'A': 20, 'B': 30, 'C': 2}",52,665.6,55.7,9.746,"{'A': 0.0, 'B': 0.0, 'C': 0.25}",0.25,55.7,ns_symbolic_only,52,small_buffers,46.87,5015,3600.8,unseen,0,,0.1874
65,"{'A': 0.0, 'B': 0.0, 'C': 333.6}",0,99.9,1.35,"{'A': 19, 'B': 29, 'C': 4}",52,655.3,55.7,9.745,"{'A': 0.0, 'B': 0.0, 'C': 0.46}",0.46,55.7,ns_symbolic_only,53,small_buffers,46.66,5016,3600.3,unseen,0,,0.1874
64,"{'A': 0.0, 'B': 0.0, 'C': 354.4}",0,99.9,1.106,"{'A': 20, 'B': 31, 'C': 4}",55,667.3,55.5,9.787,"{'A': 0.0, 'B': 0.0, 'C': 0.49}",0.49,55.5,ns_symbolic_only,54,small_buffers,49.61,5017,3600.9,unseen,0,,0.178
50,"{'A': 469.3, 'B': 572.8, 'C': 1113.8}",2,99.93,1.318,"{'A': 17, 'B': 25, 'C': 3}",45,501.3,87.8,7.38,"{'A': 2.61, 'B': 4.77, 'C': 1.55}",8.93,82.0,ns_symbolic_only,45,small_buffers,32.38,5018,3600.3,unseen,0,,0.164
65,"{'A': 0.0, 'B': 0.0, 'C': 279.2}",0,99.9,1.194,"{'A': 20, 'B': 27, 'C': 4}",51,655.2,55.8,9.718,"{'A': 0.0, 'B': 0.0, 'C': 0.39}",0.39,55.8,ns_symbolic_only,52,small_buffers,45.75,5019,3600.1,unseen,0,,0.1905
64,"{'A': 0.0, 'B': 0.0, 'C': 259.9}",0,99.9,1.248,"{'A': 20, 'B': 29, 'C': 3}",52,656.5,55.9,9.704,"{'A': 0.0, 'B': 0.0, 'C': 0.36}",0.36,55.9,ns_symbolic_only,52,small_buffers,46.79,5020,3600.4,unseen,0,,0.1866
44,"{'A': 770.0, 'B': 786.4, 'C': 1241.9}",2,99.93,1.4,"{'A': 15, 'B': 21, 'C': 3}",39,447.9,99.6,6.536,"{'A': 4.28, 'B': 6.55, 'C': 1.72}",12.56,74.1,ns_symbolic_only,40,small_buffers,23.18,5021,3600.5,unseen,0,,0.1676
52,"{'A': 338.8, 'B': 416.7, 'C': 1022.7}",1,99.92,1.325,"{'A': 18, 'B': 25, 'C': 3}",46,534.7,81.2,7.93,"{'A': 1.88, 'B': 3.47, 'C': 1.42}",6.78,81.2,ns_symbolic_only,45,small_buffers,35.26,5022,3600.9,unseen,0,,0.1724
65,"{'A': 0.0, 'B': 0.0, 'C': 338.7}",0,99.9,1.095,"{'A': 19, 'B': 30, 'C': 5}",54,654.9,55.5,9.787,"{'A': 0.0, 'B': 0.0, 'C': 0.47}",0.47,55.5,ns_symbolic_only,53,small_buffers,48.64,5023,3600.2,unseen,0,,0.1812
65,"{'A': 0.0, 'B': 0.0, 'C': 330.3}",0,99.9,1.622,"{'A': 20, 'B': 30, 'C': 4}",54,655.2,55.4,9.812,"{'A': 0.0, 'B': 0.0, 'C': 0.46}",0.46,55.4,ns_symbolic_only,52,small_buffers,48.63,5024,3600.1,unseen,0,,0.1817
61,"{'A': 0.0, 'B': 0.0, 'C': 419.1}",2,99.91,0.987,"{'A': 20, 'B': 32, 'C': 4}",56,626.1,63.6,9.231,"{'A': 0.0, 'B': 0.0, 'C': 0.58}",0.58,63.6,ns_symbolic_only,55,small_buffers,50.8,5025,3600.4,unseen,0,,0.1648
61,"{'A': 0.0, 'B': 0.0, 'C': 365.6}",1,99.91,0.975,"{'A': 19, 'B': 29, 'C': 4}",52,616.7,63.6,9.158,"{'A': 0.0, 'B': 0.0, 'C': 0.51}",0.51,58.4,ns_symbolic_only,54,small_buffers,46.91,5026,3600.2,unseen,0,,0.1761
59,"{'A': 0.0, 'B': 0.0, 'C': 265.6}",2,99.91,0.944,"{'A': 11, 'B': 30, 'C': 4}",45,584.0,70.7,8.595,"{'A': 0.0, 'B': 0.0, 'C': 0.37}",0.37,70.7,ns_symbolic_only,45,small_buffers,40.33,5027,3600.6,unseen,0,,0.191
65,"{'A': 0.0, 'B': 0.0, 'C': 320.8}",0,99.9,0.98,"{'A': 20, 'B': 29, 'C': 4}",53,655.4,55.7,9.735,"{'A': 0.0, 'B': 0.0, 'C': 0.45}",0.45,55.7,ns_symbolic_only,53,small_buffers,47.69,5028,3600.5,unseen,0,,0.1837
55,"{'A': 108.9, 'B': 161.6, 'C': 396.0}",1,99.92,1.13,"{'A': 13, 'B': 29, 'C': 4}",46,573.7,74.2,8.453,"{'A': 0.61, 'B': 1.35, 'C': 0.55}",2.5,74.2,ns_symbolic_only,45,small_buffers,39.27,5029,3600.1,unseen,0,,0.1838
60,"{'A': 0.0, 'B': 0.0, 'C': 0.0}",2,44.91,1.207,"{'A': 19, 'B': 31, 'C': 4}",54,587.6,66.3,9.283,"{'A': 0.0, 'B': 0.0, 'C': 0.0}",0.0,63.7,ns_symbolic_only,53,worn_robot,49.36,5000,3600.6,seen,0,,0.1719
66,"{'A': 0.0, 'B': 0.0, 'C': 0.0}",0,44.9,1.225,"{'A': 20, 'B': 29, 'C': 4}",53,643.9,53.6,10.215,"{'A': 0.0, 'B': 0.0, 'C': 0.0}",0.0,53.6,ns_symbolic_only,51,worn_robot,47.89,5001,3601.0,seen,0,,0.1927
65,"{'A': 0.0, 'B': 0.0, 'C': 0.0}",0,44.9,1.409,"{'A': 19, 'B': 32, 'C': 4}",55,644.6,53.6,10.218,"{'A': 0.0, 'B': 0.0, 'C': 0.0}",0.0,53.6,ns_symbolic_only,54,worn_robot,49.89,5002,3600.8,seen,0,,0.1858
60,"{'A': 0.0, 'B': 0.0, 'C': 0.0}",1,44.91,1.556,"{'A': 18, 'B': 23, 'C': 5}",46,595.3,65.0,9.37,"{'A': 0.0, 'B': 0.0, 'C': 0.0}",0.0,65.0,ns_symbolic_only,45,worn_robot,41.32,5003,3600.4,seen,0,,0.2037
66,"{'A': 0.0, 'B': 0.0, 'C': 0.0}",0,44.9,1.318,"{'A': 20, 'B': 29, 'C': 3}",52,643.8,53.6,10.201,"{'A': 0.0, 'B': 0.0, 'C': 0.0}",0.0,53.6,ns_symbolic_only,51,worn_robot,46.9,5004,3600.7,seen,0,,0.1962
66,"{'A': 0.0, 'B': 0.0, 'C': 0.0}",0,44.9,1.339,"{'A': 19, 'B': 32, 'C': 4}",55,643.4,53.7,10.194,"{'A': 0.0, 'B': 0.0, 'C': 0.0}",0.0,53.7,ns_symbolic_only,53,worn_robot,49.9,5005,3600.7,seen,0,,0.1853
63,"{'A': 0.0, 'B': 0.0, 'C': 0.0}",1,44.9,1.453,"{'A': 20, 'B': 29, 'C': 5}",54,612.4,60.7,9.709,"{'A': 0.0, 'B': 0.0, 'C': 0.0}",0.0,60.7,ns_symbolic_only,53,worn_robot,49.15,5006,3600.3,seen,0,,0.1798
65,"{'A': 0.0, 'B': 0.0, 'C': 0.0}",0,44.9,1.47,"{'A': 21, 'B': 29, 'C': 4}",54,651.6,53.2,10.296,"{'A': 0.0, 'B': 0.0, 'C': 0.0}",0.0,53.2,ns_symbolic_only,52,worn_robot,48.85,5007,3600.8,seen,0,,0.1907
65,"{'A': 0.0, 'B': 0.0, 'C': 0.0}",0,44.9,1.441,"{'A': 19, 'B': 32, 'C': 4}",55,649.4,53.4,10.257,"{'A': 0.0, 'B': 0.0, 'C': 0.0}",0.0,53.4,ns_symbolic_only,54,worn_robot,49.87,5008,3600.2,seen,0,,0.1865
65,"{'A': 0.0, 'B': 0.0, 'C': 0.0}",0,44.9,1.226,"{'A': 21, 'B': 29, 'C': 4}",54,651.6,53.2,10.295,"{'A': 0.0, 'B': 0.0, 'C': 0.0}",0.0,53.2,ns_symbolic_only,53,worn_robot,48.85,5009,3600.8,seen,0,,0.1907
60,"{'A': 0.0, 'B': 0.0, 'C': 0.0}",1,44.91,1.453,"{'A': 15, 'B': 29, 'C': 4}",48,586.9,65.6,9.28,"{'A': 0.0, 'B': 0.0, 'C': 0.0}",0.0,57.8,ns_symbolic_only,49,worn_robot,43.36,5010,3600.0,seen,0,,0.1933
65,"{'A': 0.0, 'B': 0.0, 'C': 0.0}",0,44.9,1.454,"{'A': 19, 'B': 29, 'C': 4}",52,645.2,53.6,10.214,"{'A': 0.0, 'B': 0.0, 'C': 0.0}",0.0,53.6,ns_symbolic_only,52,worn_robot,46.89,5011,3600.4,seen,0,,0.1964
52,"{'A': 0.0, 'B': 0.0, 'C': 0.0}",2,44.92,1.296,"{'A': 20, 'B': 30, 'C': 5}",55,495.4,84.8,7.864,"{'A': 0.0, 'B': 0.0, 'C': 0.0}",0.0,84.3,ns_symbolic_only,54,worn_robot,51.07,5012,3600.2,seen,0,,0.143
66,"{'A': 0.0, 'B': 0.0, 'C': 0.0}",0,44.9,1.594,"{'A': 20, 'B': 32, 'C': 5}",57,641.4,53.4,10.257,"{'A': 0.0, 'B': 0.0, 'C': 0.0}",0.0,53.4,ns_symbolic_only,55,worn_robot,51.87,5013,3600.5,seen,0,,0.1799
66,"{'A': 0.0, 'B': 0.0, 'C': 0.0}",0,44.9,1.312,"{'A': 20, 'B': 30, 'C': 4}",54,643.4,53.7,10.189,"{'A': 0.0, 'B': 0.0, 'C': 0.0}",0.0,53.7,ns_symbolic_only,52,worn_robot,48.91,5014,3600.7,seen,0,,0.1887
65,"{'A': 0.0, 'B': 0.0, 'C': 0.0}",0,44.9,1.912,"{'A': 19, 'B': 32, 'C': 3}",54,655.2,53.2,10.291,"{'A': 0.0, 'B': 0.0, 'C': 0.0}",0.0,53.2,ns_symbolic_only,52,worn_robot,48.85,5015,3600.1,seen,0,,0.1906
62,"{'A': 0.0, 'B': 0.0, 'C': 0.0}",1,44.9,1.565,"{'A': 19, 'B': 31, 'C': 4}",54,621.0,60.4,9.756,"{'A': 0.0, 'B': 0.0, 'C': 0.0}",0.0,60.4,ns_symbolic_only,53,worn_robot,49.12,5016,3600.4,seen,0,,0.1807
65,"{'A': 0.0, 'B': 0.0, 'C': 0.0}",0,44.9,1.409,"{'A': 19, 'B': 30, 'C': 5}",54,644.2,53.4,10.255,"{'A': 0.0, 'B': 0.0, 'C': 0.0}",0.0,53.4,ns_symbolic_only,53,worn_robot,48.87,5017,3600.8,seen,0,,0.1899
64,"{'A': 0.0, 'B': 0.0, 'C': 0.0}",0,44.9,1.471,"{'A': 20, 'B': 30, 'C': 4}",54,655.5,53.1,10.316,"{'A': 0.0, 'B': 0.0, 'C': 0.0}",0.0,53.1,ns_symbolic_only,54,worn_robot,48.84,5018,3600.7,seen,0,,0.191
60,"{'A': 0.0, 'B': 0.0, 'C': 0.0}",1,44.91,1.315,"{'A': 19, 'B': 30, 'C': 4}",53,606.1,64.2,9.496,"{'A': 0.0, 'B': 0.0, 'C': 0.0}",0.0,62.7,ns_symbolic_only,53,worn_robot,48.25,5019,3600.1,seen,0,,0.1792
64,"{'A': 0.0, 'B': 0.0, 'C': 0.0}",0,44.9,1.405,"{'A': 20, 'B': 31, 'C': 3}",54,667.1,52.8,10.391,"{'A': 0.0, 'B': 0.0, 'C': 0.0}",0.0,52.8,ns_symbolic_only,53,worn_robot,48.8,5020,3600.5,seen,0,,0.1924
66,"{'A': 0.0, 'B': 0.0, 'C': 0.0}",0,44.9,1.127,"{'A': 20, 'B': 30, 'C': 5}",55,643.5,53.5,10.237,"{'A': 0.0, 'B': 0.0, 'C': 0.0}",0.0,53.5,ns_symbolic_only,54,worn_robot,49.88,5021,3600.0,seen,0,,0.1861
63,"{'A': 0.0, 'B': 0.0, 'C': 0.0}",1,44.9,1.259,"{'A': 20, 'B': 30, 'C': 5}",55,612.6,60.7,9.705,"{'A': 0.0, 'B': 0.0, 'C': 0.0}",0.0,60.7,ns_symbolic_only,54,worn_robot,50.15,5022,3600.9,seen,0,,0.1764
47,"{'A': 0.0, 'B': 0.0, 'C': 0.0}",2,44.93,1.061,"{'A': 18, 'B': 30, 'C': 4}",52,461.7,91.8,7.433,"{'A': 0.0, 'B': 0.0, 'C': 0.0}",0.0,81.1,ns_symbolic_only,54,worn_robot,48.28,5023,3600.9,seen,0,,0.1429
65,"{'A': 0.0, 'B': 0.0, 'C': 0.0}",0,44.9,1.536,"{'A': 20, 'B': 29, 'C': 4}",53,649.7,53.4,10.248,"{'A': 0.0, 'B': 0.0, 'C': 0.0}",0.0,53.4,ns_symbolic_only,53,worn_robot,47.88,5024,3600.8,seen,0,,0.1934
65,"{'A': 0.0, 'B': 0.0, 'C': 0.0}",0,44.9,1.424,"{'A': 19, 'B': 30, 'C': 5}",54,644.7,53.5,10.233,"{'A': 0.0, 'B': 0.0, 'C': 0.0}",0.0,53.5,ns_symbolic_only,53,worn_robot,48.88,5025,3600.1,seen,0,,0.1895
65,"{'A': 0.0, 'B': 0.0, 'C': 0.0}",0,44.9,1.124,"{'A': 21, 'B': 31, 'C': 5}",57,644.2,53.3,10.274,"{'A': 0.0, 'B': 0.0, 'C': 0.0}",0.0,53.3,ns_symbolic_only,55,worn_robot,51.86,5026,3600.8,seen,0,,0.1802
59,"{'A': 0.0, 'B': 0.0, 'C': 0.0}",2,44.91,1.077,"{'A': 13, 'B': 32, 'C': 4}",49,575.1,69.7,9.015,"{'A': 0.0, 'B': 0.0, 'C': 0.0}",0.0,69.7,ns_symbolic_only,47,worn_robot,44.49,5027,3600.7,seen,0,,0.184
65,"{'A': 0.0, 'B': 0.0, 'C': 0.0}",0,44.9,1.467,"{'A': 19, 'B': 31, 'C': 5}",55,650.1,52.9,10.352,"{'A': 0.0, 'B': 0.0, 'C': 0.0}",0.0,52.9,ns_symbolic_only,55,worn_robot,49.82,5028,3600.9,seen,0,,0.1882
64,"{'A': 0.0, 'B': 0.0, 'C': 0.0}",1,44.9,1.562,"{'A': 13, 'B': 30, 'C': 5}",48,627.1,58.4,9.853,"{'A': 0.0, 'B': 0.0, 'C': 0.0}",0.0,58.4,ns_symbolic_only,47,worn_robot,43.07,5029,3600.0,seen,0,,0.2053
59,"{'A': 0.0, 'B': 0.0, 'C': 0.0}",0,99.89,2.88,"{'A': 20, 'B': 32, 'C': 4}",56,723.9,12.0,10.554,"{'A': 0.0, 'B': 0.0, 'C': 0.0}",0.0,12.0,ppo,55,aged_battery,30.72,5000,3600.2,unseen,1,below_reserve@3514s,0.1885
58,"{'A': 0.0, 'B': 0.0, 'C': 0.0}",0,99.89,1.97,"{'A': 20, 'B': 30, 'C': 4}",54,733.9,9.5,10.859,"{'A': 0.0, 'B': 0.0, 'C': 0.0}",0.0,9.5,ppo,54,aged_battery,28.57,5001,3600.8,unseen,1,below_reserve@3399s,0.2011
59,"{'A': 0.0, 'B': 0.0, 'C': 0.0}",0,99.89,2.061,"{'A': 20, 'B': 30, 'C': 4}",54,717.6,12.2,10.532,"{'A': 0.0, 'B': 0.0, 'C': 0.0}",0.0,12.2,ppo,53,aged_battery,28.73,5002,3600.0,unseen,1,below_reserve@3499s,0.195
52,"{'A': 0.0, 'B': 0.0, 'C': 0.0}",1,99.91,1.91,"{'A': 18, 'B': 24, 'C': 5}",47,625.7,32.1,9.292,"{'A': 0.0, 'B': 0.0, 'C': 0.0}",0.0,32.1,ppo,46,aged_battery,42.35,5003,3600.4,unseen,0,,0.1977
58,"{'A': 0.0, 'B': 0.0, 'C': 0.0}",0,99.89,2.652,"{'A': 21, 'B': 29, 'C': 4}",54,728.2,9.7,10.837,"{'A': 0.0, 'B': 0.0, 'C': 0.0}",0.0,9.7,ppo,54,aged_battery,28.58,5004,3600.3,unseen,1,below_reserve@3385s,0.2007
59,"{'A': 0.0, 'B': 0.0, 'C': 0.0}",0,99.89,1.951,"{'A': 19, 'B': 30, 'C': 3}",52,713.8,12.0,10.557,"{'A': 0.0, 'B': 0.0, 'C': 0.0}",0.0,12.0,ppo,51,aged_battery,26.72,5005,3600.3,unseen,1,below_reserve@3524s,0.203
58,"{'A': 0.0, 'B': 0.0, 'C': 0.0}",0,99.89,1.934,"{'A': 20, 'B': 33, 'C': 4}",57,737.2,8.5,10.978,"{'A': 0.0, 'B': 0.0, 'C': 0.0}",0.0,8.5,ppo,55,aged_battery,31.51,5006,3600.3,unseen,1,below_reserve@3368s,0.1926
56,"{'A': 0.0, 'B': 0.0, 'C': 0.0}",1,99.89,1.975,"{'A': 20, 'B': 32, 'C': 4}",56,725.0,14.1,10.609,"{'A': 0.0, 'B': 0.0, 'C': 0.0}",0.0,14.1,ppo,54,aged_battery,50.7,5007,3600.9,unseen,0,,0.1895
57,"{'A': 0.0, 'B': 0.0, 'C': 0.0}",0,99.89,3.18,"{'A': 21, 'B': 30, 'C': 4}",55,737.4,7.9,11.057,"{'A': 0.0, 'B': 0.0, 'C': 0.0}",0.0,7.9,ppo,52,aged_battery,29.47,5008,3600.7,unseen,1,below_reserve@3307s,0.201
49,"{'A': 0.0, 'B': 0.0, 'C': 0.0}",1,99.91,2.215,"{'A': 15, 'B': 30, 'C': 3}",48,596.7,36.8,9.086,"{'A': 0.0, 'B': 0.0, 'C': 0.0}",0.0,27.5,ppo,53,aged_battery,43.46,5009,3600.1,unseen,0,,0.1893
52,"{'A': 0.0, 'B': 0.0, 'C': 0.0}",2,99.91,2.486,"{'A': 14, 'B': 29, 'C': 4}",47,644.7,30.7,9.432,"{'A': 0.0, 'B': 0.0, 'C': 0.0}",0.0,25.5,ppo,48,aged_battery,42.28,5010,3600.2,unseen,0,,0.2007
58,"{'A': 0.0, 'B': 0.0, 'C': 0.0}",0,99.89,2.294,"{'A': 19, 'B': 30, 'C': 4}",53,721.2,11.1,10.662,"{'A': 0.0, 'B': 0.0, 'C': 0.0}",0.0,11.1,ppo,53,aged_battery,27.67,5011,3600.2,unseen,1,below_reserve@3450s,0.2012
58,"{'A': 0.0, 'B': 0.0, 'C': 0.0}",0,99.89,2.147,"{'A': 19, 'B': 32, 'C': 4}",55,724.8,9.3,10.883,"{'A': 0.0, 'B': 0.0, 'C': 0.0}",0.0,9.3,ppo,53,aged_battery,29.56,5012,3600.5,unseen,1,below_reserve@3405s,0.1979
58,"{'A': 0.0, 'B': 0.0, 'C': 0.0}",0,99.89,2.472,"{'A': 20, 'B': 30, 'C': 5}",55,737.4,9.2,10.901,"{'A': 0.0, 'B': 0.0, 'C': 0.0}",0.0,9.2,ppo,54,aged_battery,29.55,5013,3600.7,unseen,1,below_reserve@3411s,0.1982
48,"{'A': 0.0, 'B': 0.0, 'C': 0.0}",1,99.91,2.374,"{'A': 19, 'B': 29, 'C': 4}",52,640.1,33.2,9.458,"{'A': 0.0, 'B': 0.0, 'C': 0.0}",0.0,28.0,ppo,50,aged_battery,47.27,5014,3600.2,unseen,0,,0.1819
56,"{'A': 0.0, 'B': 0.0, 'C': 0.0}",1,99.9,2.591,"{'A': 19, 'B': 30, 'C': 3}",52,678.4,20.4,10.005,"{'A': 0.0, 'B': 0.0, 'C': 0.0}",0.0,20.4,ppo,50,aged_battery,47.0,5015,3600.5,unseen,0,,0.1924
57,"{'A': 0.0, 'B': 0.0, 'C': 0.0}",0,99.89,2.813,"{'A': 19, 'B': 32, 'C': 4}",55,742.1,8.5,10.986,"{'A': 0.0, 'B': 0.0, 'C': 0.0}",0.0,8.5,ppo,53,aged_battery,29.51,5016,3600.7,unseen,1,below_reserve@3332s,0.1997
56,"{'A': 0.0, 'B': 0.0, 'C': 0.0}",1,99.9,2.656,"{'A': 19, 'B': 31, 'C': 4}",54,707.0,16.8,10.326,"{'A': 0.0, 'B': 0.0, 'C': 0.0}",0.0,13.9,ppo,53,aged_battery,28.84,5017,3600.8,unseen,1,below_reserve@3450s,0.1912
53,"{'A': 0.0, 'B': 0.0, 'C': 0.0}",1,99.9,2.001,"{'A': 20, 'B': 29, 'C': 4}",53,659.8,27.3,9.633,"{'A': 0.0, 'B': 0.0, 'C': 0.0}",0.0,27.3,ppo,52,aged_battery,48.18,5018,3600.7,unseen,0,,0.1817
48,"{'A': 0.0, 'B': 0.0, 'C': 0.0}",1,99.91,1.738,"{'A': 16, 'B': 26, 'C': 3}",45,615.6,38.3,8.929,"{'A': 0.0, 'B': 0.0, 'C': 0.0}",0.0,25.6,ppo,52,aged_battery,40.54,5019,3600.4,unseen,0,,0.1984
58,"{'A': 0.0, 'B': 0.0, 'C': 0.0}",0,99.89,1.677,"{'A': 21, 'B': 30, 'C': 4}",55,737.4,9.7,10.839,"{'A': 0.0, 'B': 0.0, 'C': 0.0}",0.0,9.7,ppo,53,aged_battery,29.58,5020,3600.9,unseen,1,below_reserve@3428s,0.1971
59,"{'A': 0.0, 'B': 0.0, 'C': 0.0}",0,99.89,1.883,"{'A': 20, 'B': 29, 'C': 4}",53,700.8,11.8,10.581,"{'A': 0.0, 'B': 0.0, 'C': 0.0}",0.0,11.8,ppo,52,aged_battery,27.71,5021,3600.8,unseen,1,below_reserve@3515s,0.1996
50,"{'A': 0.0, 'B': 0.0, 'C': 0.0}",1,99.9,1.689,"{'A': 20, 'B': 31, 'C': 4}",55,632.6,31.2,9.529,"{'A': 0.0, 'B': 0.0, 'C': 0.0}",0.0,29.4,ppo,53,aged_battery,50.24,5022,3600.0,unseen,0,,0.1733
59,"{'A': 0.0, 'B': 0.0, 'C': 0.0}",0,99.89,1.772,"{'A': 19, 'B': 31, 'C': 4}",54,724.7,12.0,10.558,"{'A': 0.0, 'B': 0.0, 'C': 0.0}",0.0,12.0,ppo,52,aged_battery,28.72,5023,3600.1,unseen,1,below_reserve@3516s,0.1955
58,"{'A': 0.0, 'B': 0.0, 'C': 0.0}",0,99.89,1.757,"{'A': 20, 'B': 28, 'C': 4}",52,735.3,9.7,10.835,"{'A': 0.0, 'B': 0.0, 'C': 0.0}",0.0,9.7,ppo,53,aged_battery,26.58,5024,3600.5,unseen,1,below_reserve@3403s,0.2084
59,"{'A': 0.0, 'B': 0.0, 'C': 0.0}",0,99.89,1.719,"{'A': 19, 'B': 29, 'C': 5}",53,707.3,12.4,10.509,"{'A': 0.0, 'B': 0.0, 'C': 0.0}",0.0,12.4,ppo,52,aged_battery,27.75,5025,3600.6,unseen,1,below_reserve@3502s,0.1983
58,"{'A': 0.0, 'B': 0.0, 'C': 0.0}",0,99.89,1.697,"{'A': 19, 'B': 30, 'C': 4}",53,737.3,10.0,10.798,"{'A': 0.0, 'B': 0.0, 'C': 0.0}",0.0,10.0,ppo,52,aged_battery,27.6,5026,3600.4,unseen,1,below_reserve@3420s,0.2037
51,"{'A': 0.0, 'B': 0.0, 'C': 0.0}",1,99.91,1.917,"{'A': 13, 'B': 32, 'C': 4}",49,581.1,40.8,8.626,"{'A': 0.0, 'B': 0.0, 'C': 0.0}",0.0,40.8,ppo,47,aged_battery,44.69,5027,3600.1,unseen,0,,0.176
58,"{'A': 0.0, 'B': 0.0, 'C': 0.0}",0,99.89,1.612,"{'A': 20, 'B': 31, 'C': 5}",56,718.6,11.5,10.626,"{'A': 0.0, 'B': 0.0, 'C': 0.0}",0.0,11.5,ppo,54,aged_battery,30.69,5028,3600.7,unseen,1,below_reserve@3456s,0.1897
58,"{'A': 0.0, 'B': 0.0, 'C': 0.0}",1,99.9,1.638,"{'A': 13, 'B': 31, 'C': 4}",48,703.4,13.8,10.484,"{'A': 0.0, 'B': 0.0, 'C': 0.0}",0.0,12.6,ppo,46,aged_battery,22.76,5029,3600.7,unseen,1,below_reserve@3474s,0.2184
58,"{'A': 0.0, 'B': 0.0, 'C': 0.0}",0,99.89,2.374,"{'A': 20, 'B': 32, 'C': 4}",56,737.2,51.5,10.666,"{'A': 0.0, 'B': 0.0, 'C': 0.0}",0.0,51.5,ppo,56,balanced,50.67,5000,3600.2,seen,0,,0.1905
57,"{'A': 0.0, 'B': 0.0, 'C': 0.0}",0,99.89,2.229,"{'A': 20, 'B': 30, 'C': 4}",54,739.9,50.3,10.931,"{'A': 0.0, 'B': 0.0, 'C': 0.0}",0.0,50.3,ppo,54,balanced,48.53,5001,3600.2,seen,0,,0.2024
59,"{'A': 0.0, 'B': 0.0, 'C': 0.0}",0,99.89,2.155,"{'A': 19, 'B': 32, 'C': 5}",56,725.7,51.4,10.685,"{'A': 0.0, 'B': 0.0, 'C': 0.0}",0.0,51.4,ppo,56,balanced,50.66,5002,3600.9,seen,0,,0.1908
56,"{'A': 0.0, 'B': 0.0, 'C': 0.0}",2,99.91,2.362,"{'A': 20, 'B': 23, 'C': 5}",48,642.1,64.4,9.489,"{'A': 0.0, 'B': 0.0, 'C': 0.0}",0.0,64.4,ppo,46,balanced,43.26,5003,3600.4,seen,0,,0.1977
58,"{'A': 0.0, 'B': 0.0, 'C': 0.0}",0,99.89,2.537,"{'A': 21, 'B': 29, 'C': 4}",54,733.6,50.7,10.853,"{'A': 0.0, 'B': 0.0, 'C': 0.0}",0.0,50.7,ppo,53,balanced,48.57,5004,3601.0,seen,0,,0.201
59,"{'A': 0.0, 'B': 0.0, 'C': 0.0}",0,99.89,3.021,"{'A': 19, 'B': 30, 'C': 3}",52,713.9,51.6,10.648,"{'A': 0.0, 'B': 0.0, 'C': 0.0}",0.0,51.6,ppo,52,balanced,46.68,5005,3600.5,seen,0,,0.2048
57,"{'A': 0.0, 'B': 0.0, 'C': 0.0}",0,99.89,2.416,"{'A': 20, 'B': 31, 'C': 4}",55,747.4,49.2,11.176,"{'A': 0.0, 'B': 0.0, 'C': 0.0}",0.0,49.2,ppo,53,balanced,49.41,5006,3600.5,seen,0,,0.2032
57,"{'A': 0.0, 'B': 0.0, 'C': 0.0}",0,99.89,2.275,"{'A': 20, 'B': 31, 'C': 4}",55,742.1,50.1,10.971,"{'A': 0.0, 'B': 0.0, 'C': 0.0}",0.0,50.1,ppo,54,balanced,49.51,5007,3600.7,seen,0,,0.1995
56,"{'A': 0.0, 'B': 0.0, 'C': 0.0}",0,99.89,2.19,"{'A': 21, 'B': 28, 'C': 4}",53,730.3,49.8,11.037,"{'A': 0.0, 'B': 0.0, 'C': 0.0}",0.0,49.8,ppo,52,balanced,47.48,5008,3600.6,seen,0,,0.2083
58,"{'A': 0.0, 'B': 0.0, 'C': 0.0}",0,99.89,1.985,"{'A': 19, 'B': 31, 'C': 4}",54,702.1,51.2,10.737,"{'A': 0.0, 'B': 0.0, 'C': 0.0}",0.0,51.2,ppo,52,balanced,48.63,5009,3600.2,seen,0,,0.1988
58,"{'A': 0.0, 'B': 0.0, 'C': 0.0}",0,99.9,2.379,"{'A': 14, 'B': 31, 'C': 4}",49,688.5,52.4,10.465,"{'A': 0.0, 'B': 0.0, 'C': 0.0}",0.0,52.4,ppo,47,balanced,43.77,5010,3600.4,seen,0,,0.2136
58,"{'A': 0.0, 'B': 0.0, 'C': 0.0}",0,99.89,2.15,"{'A': 20, 'B': 29, 'C': 4}",53,725.7,51.2,10.727,"{'A': 0.0, 'B': 0.0, 'C': 0.0}",0.0,51.2,ppo,53,balanced,47.64,5011,3600.9,seen,0,,0.2024
57,"{'A': 0.0, 'B': 0.0, 'C': 0.0}",0,99.89,2.376,"{'A': 19, 'B': 30, 'C': 4}",53,714.6,50.7,10.849,"{'A': 0.0, 'B': 0.0, 'C': 0.0}",0.0,50.7,ppo,52,balanced,47.58,5012,3600.2,seen,0,,0.2047
56,"{'A': 0.0, 'B': 0.0, 'C': 0.0}",0,99.89,2.21,"{'A': 19, 'B': 31, 'C': 4}",54,754.7,49.9,11.031,"{'A': 0.0, 'B': 0.0, 'C': 0.0}",0.0,49.9,ppo,53,balanced,48.48,5013,3600.0,seen,0,,0.2043
56,"{'A': 0.0, 'B': 0.0, 'C': 0.0}",0,99.89,1.915,"{'A': 20, 'B': 29, 'C': 4}",53,742.3,49.6,11.093,"{'A': 0.0, 'B': 0.0, 'C': 0.0}",0.0,49.6,ppo,52,balanced,47.45,5014,3600.2,seen,0,,0.2093
59,"{'A': 0.0, 'B': 0.0, 'C': 0.0}",0,99.9,1.666,"{'A': 19, 'B': 30, 'C': 3}",52,702.1,52.8,10.38,"{'A': 0.0, 'B': 0.0, 'C': 0.0}",0.0,52.8,ppo,50,balanced,46.81,5015,3600.2,seen,0,,0.1996
57,"{'A': 0.0, 'B': 0.0, 'C': 0.0}",0,99.89,1.781,"{'A': 20, 'B': 30, 'C': 4}",54,749.1,49.5,11.106,"{'A': 0.0, 'B': 0.0, 'C': 0.0}",0.0,49.5,ppo,53,balanced,48.45,5016,3600.8,seen,0,,0.2057
57,"{'A': 0.0, 'B': 0.0, 'C': 0.0}",0,99.89,1.918,"{'A': 21, 'B': 30, 'C': 4}",55,749.2,49.7,11.064,"{'A': 0.0, 'B': 0.0, 'C': 0.0}",0.0,49.7,ppo,53,balanced,49.47,5017,3601.0,seen,0,,0.2012
55,"{'A': 0.0, 'B': 0.0, 'C': 0.0}",1,99.9,1.837,"{'A': 20, 'B': 30, 'C': 4}",54,716.5,56.7,10.437,"{'A': 0.0, 'B': 0.0, 'C': 0.0}",0.0,56.7,ppo,53,balanced,48.78,5018,3600.1,seen,0,,0.1933
58,"{'A': 0.0, 'B': 0.0, 'C': 0.0}",0,99.89,1.666,"{'A': 19, 'B': 32, 'C': 4}",55,715.4,52.0,10.559,"{'A': 0.0, 'B': 0.0, 'C': 0.0}",0.0,52.0,ppo,53,balanced,49.72,5019,3600.3,seen,0,,0.192
57,"{'A': 0.0, 'B': 0.0, 'C': 0.0}",0,99.89,1.667,"{'A': 19, 'B': 30, 'C': 4}",53,725.5,50.6,10.861,"{'A': 0.0, 'B': 0.0, 'C': 0.0}",0.0,50.6,ppo,53,balanced,47.57,5020,3600.2,seen,0,,0.2049
55,"{'A': 0.0, 'B': 0.0, 'C': 0.0}",1,99.9,1.741,"{'A': 20, 'B': 29, 'C': 4}",53,677.0,61.3,9.957,"{'A': 0.0, 'B': 0.0, 'C': 0.0}",0.0,61.3,ppo,54,balanced,48.02,5021,3600.9,seen,0,,0.1879
58,"{'A': 0.0, 'B': 0.0, 'C': 0.0}",0,99.89,1.7,"{'A': 20, 'B': 30, 'C': 4}",54,713.8,51.1,10.769,"{'A': 0.0, 'B': 0.0, 'C': 0.0}",0.0,51.1,ppo,52,balanced,48.62,5022,3600.2,seen,0,,0.1994
58,"{'A': 0.0, 'B': 0.0, 'C': 0.0}",0,99.89,1.756,"{'A': 19, 'B': 31, 'C': 4}",54,713.8,51.7,10.635,"{'A': 0.0, 'B': 0.0, 'C': 0.0}",0.0,51.7,ppo,52,balanced,48.68,5023,3600.3,seen,0,,0.1969
58,"{'A': 0.0, 'B': 0.0, 'C': 0.0}",0,99.89,1.769,"{'A': 20, 'B': 31, 'C': 4}",55,737.1,50.7,10.855,"{'A': 0.0, 'B': 0.0, 'C': 0.0}",0.0,50.7,ppo,53,balanced,49.57,5024,3600.0,seen,0,,0.1974
59,"{'A': 0.0, 'B': 0.0, 'C': 0.0}",0,99.89,1.825,"{'A': 19, 'B': 30, 'C': 5}",54,713.9,51.7,10.636,"{'A': 0.0, 'B': 0.0, 'C': 0.0}",0.0,51.7,ppo,53,balanced,48.68,5025,3600.4,seen,0,,0.197
58,"{'A': 0.0, 'B': 0.0, 'C': 0.0}",0,99.89,1.919,"{'A': 19, 'B': 30, 'C': 4}",53,737.3,50.9,10.798,"{'A': 0.0, 'B': 0.0, 'C': 0.0}",0.0,50.9,ppo,52,balanced,47.6,5026,3600.4,seen,0,,0.2037
55,"{'A': 0.0, 'B': 0.0, 'C': 0.0}",2,99.91,1.937,"{'A': 13, 'B': 32, 'C': 5}",50,644.2,66.9,9.335,"{'A': 0.0, 'B': 0.0, 'C': 0.0}",0.0,66.9,ppo,50,balanced,45.33,5027,3600.9,seen,0,,0.1867
58,"{'A': 0.0, 'B': 0.0, 'C': 0.0}",0,99.89,1.796,"{'A': 19, 'B': 31, 'C': 5}",55,714.3,51.7,10.627,"{'A': 0.0, 'B': 0.0, 'C': 0.0}",0.0,51.7,ppo,55,balanced,49.69,5028,3600.6,seen,0,,0.1932
59,"{'A': 0.0, 'B': 0.0, 'C': 0.0}",0,99.89,1.63,"{'A': 13, 'B': 31, 'C': 4}",48,702.3,51.9,10.583,"{'A': 0.0, 'B': 0.0, 'C': 0.0}",0.0,51.9,ppo,47,balanced,42.71,5029,3600.9,seen,0,,0.2205
56,"{'A': 0.0, 'B': 0.0, 'C': 0.0}",1,99.9,2.432,"{'A': 15, 'B': 27, 'C': 3}",45,663.1,61.3,9.65,"{'A': 0.0, 'B': 0.0, 'C': 0.0}",0.0,61.3,ppo,44,fault_burst,40.17,5000,3600.2,seen,0,,0.2145
52,"{'A': 0.0, 'B': 0.0, 'C': 0.0}",4,99.93,2.217,"{'A': 12, 'B': 11, 'C': 1}",24,391.8,84.2,7.062,"{'A': 0.0, 'B': 0.0, 'C': 0.0}",0.0,84.2,ppo,21,fault_burst,20.47,5001,3600.7,seen,0,,0.2943
50,"{'A': 0.0, 'B': 0.0, 'C': 0.0}",6,99.92,3.017,"{'A': 13, 'B': 18, 'C': 4}",35,572.1,83.4,8.08,"{'A': 0.0, 'B': 0.0, 'C': 0.0}",0.0,83.4,ppo,33,fault_burst,30.96,5002,3600.8,seen,0,,0.2308
55,"{'A': 0.0, 'B': 0.0, 'C': 0.0}",3,99.91,2.309,"{'A': 16, 'B': 21, 'C': 3}",40,631.7,64.8,9.256,"{'A': 0.0, 'B': 0.0, 'C': 0.0}",0.0,64.8,ppo,41,fault_burst,35.37,5003,3600.9,seen,0,,0.2314
56,"{'A': 0.0, 'B': 0.0, 'C': 0.0}",2,99.92,3.339,"{'A': 16, 'B': 12, 'C': 3}",31,511.5,71.6,8.313,"{'A': 0.0, 'B': 0.0, 'C': 0.0}",0.0,71.6,ppo,28,fault_burst,26.84,5004,3600.5,seen,0,,0.2681
54,"{'A': 0.0, 'B': 0.0, 'C': 0.0}",3,99.91,2.199,"{'A': 14, 'B': 23, 'C': 2}",39,620.0,69.7,9.015,"{'A': 0.0, 'B': 0.0, 'C': 0.0}",0.0,69.7,ppo,38,fault_burst,34.49,5005,3600.8,seen,0,,0.2311
53,"{'A': 0.0, 'B': 0.0, 'C': 0.0}",2,99.91,2.331,"{'A': 9, 'B': 23, 'C': 3}",35,577.9,73.6,8.597,"{'A': 0.0, 'B': 0.0, 'C': 0.0}",0.0,73.6,ppo,34,fault_burst,30.7,5006,3600.7,seen,0,,0.2456
55,"{'A': 0.0, 'B': 0.0, 'C': 0.0}",3,99.91,2.003,"{'A': 12, 'B': 19, 'C': 3}",34,594.8,68.2,8.951,"{'A': 0.0, 'B': 0.0, 'C': 0.0}",0.0,68.2,ppo,33,fault_burst,29.52,5007,3600.1,seen,0,,0.2633
44,"{'A': 0.0, 'B': 0.0, 'C': 0.0}",1,99.92,3.626,"{'A': 16, 'B': 18, 'C': 3}",37,514.3,87.2,7.74,"{'A': 0.0, 'B': 0.0, 'C': 0.0}",0.0,77.6,ppo,36,fault_burst,33.13,5008,3600.8,seen,0,,0.2092
58,"{'A': 0.0, 'B': 0.0, 'C': 0.0}",0,99.9,2.456,"{'A': 17, 'B': 17, 'C': 3}",37,598.3,55.2,9.849,"{'A': 0.0, 'B': 0.0, 'C': 0.0}",0.0,55.2,ppo,35,fault_burst,32.08,5009,3601.0,seen,0,,0.2662
45,"{'A': 0.0, 'B': 0.0, 'C': 0.0}",2,99.92,2.922,"{'A': 7, 'B': 26, 'C': 3}",36,538.9,85.1,7.909,"{'A': 0.0, 'B': 0.0, 'C': 0.0}",0.0,85.1,ppo,34,fault_burst,32.05,5010,3600.7,seen,0,,0.2197
53,"{'A': 0.0, 'B': 0.0, 'C': 0.0}",4,99.91,1.926,"{'A': 11, 'B': 23, 'C': 2}",36,588.8,74.8,8.502,"{'A': 0.0, 'B': 0.0, 'C': 0.0}",0.0,74.8,ppo,36,fault_burst,31.75,5011,3600.9,seen,0,,0.2362
47,"{'A': 0.0, 'B': 0.0, 'C': 0.0}",1,99.92,1.925,"{'A': 13, 'B': 16, 'C': 3}",32,519.6,83.0,7.97,"{'A': 0.0, 'B': 0.0, 'C': 0.0}",0.0,80.8,ppo,29,fault_burst,28.02,5012,3600.2,seen,0,,0.2491
52,"{'A': 0.0, 'B': 0.0, 'C': 0.0}",2,99.92,1.605,"{'A': 12, 'B': 24, 'C': 3}",39,549.6,74.9,8.455,"{'A': 0.0, 'B': 0.0, 'C': 0.0}",0.0,74.9,ppo,36,fault_burst,34.77,5013,3600.2,seen,0,,0.2168
54,"{'A': 0.0, 'B': 0.0, 'C': 0.0}",2,99.91,1.856,"{'A': 15, 'B': 21, 'C': 2}",38,608.9,65.3,9.216,"{'A': 0.0, 'B': 0.0, 'C': 0.0}",0.0,65.3,ppo,37,fault_burst,33.39,5014,3600.4,seen,0,,0.2425
45,"{'A': 0.0, 'B': 0.0, 'C': 0.0}",3,99.93,1.848,"{'A': 11, 'B': 21, 'C': 2}",34,463.8,90.3,6.869,"{'A': 0.0, 'B': 0.0, 'C': 0.0}",0.0,88.9,ppo,32,fault_burst,30.57,5015,3600.2,seen,0,,0.202
39,"{'A': 0.0, 'B': 0.0, 'C': 0.0}",3,99.92,1.895,"{'A': 14, 'B': 18, 'C': 3}",35,531.1,92.5,7.753,"{'A': 0.0, 'B': 0.0, 'C': 0.0}",0.0,72.3,ppo,36,fault_burst,31.12,5016,3600.9,seen,0,,0.2215
54,"{'A': 0.0, 'B': 0.0, 'C': 0.0}",2,99.93,1.687,"{'A': 11, 'B': 20, 'C': 3}",34,503.8,77.5,7.418,"{'A': 0.0, 'B': 0.0, 'C': 0.0}",0.0,77.5,ppo,34,fault_burst,30.29,5017,3600.7,seen,0,,0.2182
49,"{'A': 0.0, 'B': 0.0, 'C': 0.0}",3,99.92,1.642,"{'A': 14, 'B': 19, 'C': 2}",35,488.9,78.6,8.024,"{'A': 0.0, 'B': 0.0, 'C': 0.0}",0.0,78.6,ppo,32,fault_burst,30.99,5018,3600.7,seen,0,,0.2293
55,"{'A': 0.0, 'B': 0.0, 'C': 0.0}",5,99.92,1.768,"{'A': 14, 'B': 21, 'C': 3}",38,553.4,77.9,7.81,"{'A': 0.0, 'B': 0.0, 'C': 0.0}",0.0,77.9,ppo,37,fault_burst,34.1,5019,3600.1,seen,0,,0.2055
56,"{'A': 0.0, 'B': 0.0, 'C': 0.0}",5,99.92,1.72,"{'A': 12, 'B': 14, 'C': 2}",28,436.5,77.0,7.528,"{'A': 0.0, 'B': 0.0, 'C': 0.0}",0.0,77.0,ppo,26,fault_burst,24.24,5020,3600.3,seen,0,,0.2688
52,"{'A': 0.0, 'B': 0.0, 'C': 0.0}",1,99.91,1.81,"{'A': 15, 'B': 25, 'C': 3}",43,639.6,67.7,9.398,"{'A': 0.0, 'B': 0.0, 'C': 0.0}",0.0,67.7,ppo,41,fault_burst,38.3,5021,3600.0,seen,0,,0.2186
45,"{'A': 0.0, 'B': 0.0, 'C': 0.0}",3,99.93,1.585,"{'A': 9, 'B': 23, 'C': 3}",35,489.2,88.9,7.428,"{'A': 0.0, 'B': 0.0, 'C': 0.0}",0.0,86.1,ppo,35,fault_burst,31.29,5022,3600.5,seen,0,,0.2122
54,"{'A': 0.0, 'B': 0.0, 'C': 0.0}",4,99.92,1.738,"{'A': 11, 'B': 19, 'C': 3}",33,555.7,75.2,8.465,"{'A': 0.0, 'B': 0.0, 'C': 0.0}",0.0,75.2,ppo,32,fault_burst,28.77,5023,3600.9,seen,0,,0.2565
57,"{'A': 0.0, 'B': 0.0, 'C': 0.0}",4,99.92,1.707,"{'A': 11, 'B': 20, 'C': 3}",34,569.9,74.3,8.38,"{'A': 0.0, 'B': 0.0, 'C': 0.0}",0.0,74.3,ppo,32,fault_burst,29.81,5024,3600.4,seen,0,,0.2465
56,"{'A': 0.0, 'B': 0.0, 'C': 0.0}",3,99.92,2.064,"{'A': 9, 'B': 22, 'C': 3}",34,544.4,74.2,7.807,"{'A': 0.0, 'B': 0.0, 'C': 0.0}",0.0,74.2,ppo,32,fault_burst,30.1,5025,3600.9,seen,0,,0.2296
50,"{'A': 0.0, 'B': 0.0, 'C': 0.0}",5,99.91,1.804,"{'A': 12, 'B': 26, 'C': 3}",41,658.6,72.5,9.151,"{'A': 0.0, 'B': 0.0, 'C': 0.0}",0.0,72.5,ppo,40,fault_burst,36.42,5026,3600.8,seen,0,,0.2232
53,"{'A': 0.0, 'B': 0.0, 'C': 0.0}",6,99.92,1.906,"{'A': 14, 'B': 21, 'C': 3}",38,577.8,77.1,8.302,"{'A': 0.0, 'B': 0.0, 'C': 0.0}",0.0,77.1,ppo,35,fault_burst,33.85,5027,3600.6,seen,0,,0.2185
51,"{'A': 0.0, 'B': 0.0, 'C': 0.0}",5,99.91,1.718,"{'A': 12, 'B': 24, 'C': 3}",39,617.3,75.0,8.746,"{'A': 0.0, 'B': 0.0, 'C': 0.0}",0.0,75.0,ppo,36,fault_burst,34.63,5028,3600.9,seen,0,,0.2242
55,"{'A': 0.0, 'B': 0.0, 'C': 0.0}",1,99.91,2.089,"{'A': 13, 'B': 25, 'C': 2}",40,604.6,67.8,9.035,"{'A': 0.0, 'B': 0.0, 'C': 0.0}",0.0,67.8,ppo,39,fault_burst,35.48,5029,3600.3,seen,0,,0.2259
61,"{'A': 0.0, 'B': 0.0, 'C': 139.3}",0,99.89,2.605,"{'A': 38, 'B': 59, 'C': 8}",105,667.5,0.0,11.002,"{'A': 0.0, 'B': 0.0, 'C': 0.39}",0.39,0.0,ppo,105,heavy_load,59.11,5000,3511.6,unseen,2,"below_reserve@2416s,battery_empty@3512s",0.1048
59,"{'A': 0.0, 'B': 0.0, 'C': 271.3}",0,99.89,2.497,"{'A': 38, 'B': 57, 'C': 8}",103,663.1,0.0,11.001,"{'A': 0.0, 'B': 0.0, 'C': 0.75}",0.75,0.0,ppo,103,heavy_load,56.75,5001,3467.2,unseen,2,"below_reserve@2421s,battery_empty@3467s",0.1068
60,"{'A': 0.0, 'B': 0.0, 'C': 161.8}",0,99.89,2.58,"{'A': 39, 'B': 57, 'C': 9}",105,666.1,0.0,11.0,"{'A': 0.0, 'B': 0.0, 'C': 0.45}",0.45,0.0,ppo,104,heavy_load,59.05,5002,3477.9,unseen,2,"below_reserve@2418s,battery_empty@3478s",0.1048
63,"{'A': 2.3, 'B': 0.0, 'C': 0.0}",2,99.9,2.64,"{'A': 41, 'B': 44, 'C': 9}",94,626.8,6.6,10.401,"{'A': 0.03, 'B': 0.0, 'C': 0.0}",0.03,6.6,ppo,93,heavy_load,68.77,5003,3600.2,unseen,1,below_reserve@2988s,0.1107
64,"{'A': 29.9, 'B': 0.0, 'C': 130.5}",0,99.89,2.143,"{'A': 41, 'B': 60, 'C': 8}",109,667.2,0.3,10.929,"{'A': 0.33, 'B': 0.0, 'C': 0.36}",0.69,0.3,ppo,109,heavy_load,82.84,5004,3600.9,unseen,1,below_reserve@2501s,0.1003
60,"{'A': 0.0, 'B': 0.0, 'C': 185.7}",0,99.89,2.185,"{'A': 39, 'B': 58, 'C': 8}",105,667.7,0.0,11.004,"{'A': 0.0, 'B': 0.0, 'C': 0.52}",0.52,0.0,ppo,104,heavy_load,58.98,5005,3482.1,unseen,2,"below_reserve@2417s,battery_empty@3482s",0.1048
61,"{'A': 0.0, 'B': 0.0, 'C': 205.5}",0,99.89,2.034,"{'A': 38, 'B': 57, 'C': 9}",104,664.6,0.0,11.002,"{'A': 0.0, 'B': 0.0, 'C': 0.57}",0.57,0.0,ppo,105,heavy_load,57.93,5006,3524.1,unseen,2,"below_reserve@2451s,battery_empty@3524s",0.1058
61,"{'A': 0.0, 'B': 0.0, 'C': 243.4}",0,99.89,2.291,"{'A': 35, 'B': 58, 'C': 8}",101,668.2,0.0,11.003,"{'A': 0.0, 'B': 0.0, 'C': 0.68}",0.68,0.0,ppo,103,heavy_load,54.82,5007,3513.4,unseen,2,"below_reserve@2464s,battery_empty@3513s",0.1089
61,"{'A': 0.0, 'B': 0.0, 'C': 135.9}",0,99.89,2.502,"{'A': 37, 'B': 59, 'C': 9}",105,664.1,0.0,11.0,"{'A': 0.0, 'B': 0.0, 'C': 0.38}",0.38,0.0,ppo,105,heavy_load,59.12,5008,3502.9,unseen,2,"below_reserve@2451s,battery_empty@3503s",0.1048
60,"{'A': 0.0, 'B': 0.0, 'C': 103.7}",0,99.89,2.408,"{'A': 40, 'B': 56, 'C': 8}",104,667.0,0.0,11.002,"{'A': 0.0, 'B': 0.0, 'C': 0.29}",0.29,0.0,ppo,103,heavy_load,58.21,5009,3480.2,unseen,2,"below_reserve@2420s,battery_empty@3480s",0.1058
52,"{'A': 0.0, 'B': 210.6, 'C': 594.8}",1,99.91,1.908,"{'A': 28, 'B': 50, 'C': 7}",85,570.5,22.0,9.359,"{'A': 0.0, 'B': 3.51, 'C': 1.65}",5.16,7.5,ppo,92,heavy_load,55.16,5010,3600.9,unseen,1,below_reserve@2442s,0.1101
61,"{'A': 0.0, 'B': 0.0, 'C': 234.6}",0,99.89,1.736,"{'A': 37, 'B': 59, 'C': 8}",104,668.7,0.0,11.004,"{'A': 0.0, 'B': 0.0, 'C': 0.65}",0.65,0.0,ppo,105,heavy_load,57.85,5011,3514.6,unseen,2,"below_reserve@2428s,battery_empty@3515s",0.1058
61,"{'A': 0.0, 'B': 0.0, 'C': 72.6}",0,99.89,1.779,"{'A': 39, 'B': 54, 'C': 9}",102,664.0,0.0,11.002,"{'A': 0.0, 'B': 0.0, 'C': 0.2}",0.2,0.0,ppo,104,heavy_load,56.3,5012,3502.6,unseen,2,"below_reserve@2414s,battery_empty@3503s",0.1079
61,"{'A': 0.0, 'B': 0.0, 'C': 62.0}",0,99.89,2.117,"{'A': 39, 'B': 58, 'C': 9}",106,659.9,0.0,11.0,"{'A': 0.0, 'B': 0.0, 'C': 0.17}",0.17,0.0,ppo,105,heavy_load,60.33,5013,3497.0,unseen,2,"below_reserve@2474s,battery_empty@3497s",0.1038
60,"{'A': 44.0, 'B': 0.0, 'C': 317.8}",0,99.89,1.714,"{'A': 37, 'B': 59, 'C': 8}",104,667.8,0.0,11.003,"{'A': 0.49, 'B': 0.0, 'C': 0.88}",1.37,0.0,ppo,102,heavy_load,57.13,5014,3482.4,unseen,2,"below_reserve@2430s,battery_empty@3482s",0.1058
59,"{'A': 0.0, 'B': 0.0, 'C': 62.7}",0,99.89,1.747,"{'A': 36, 'B': 60, 'C': 5}",101,679.1,0.0,11.002,"{'A': 0.0, 'B': 0.0, 'C': 0.17}",0.17,0.0,ppo,102,heavy_load,55.32,5015,3481.2,unseen,2,"below_reserve@2426s,battery_empty@3481s",0.1089
61,"{'A': 0.0, 'B': 0.0, 'C': 191.6}",0,99.89,1.665,"{'A': 38, 'B': 61, 'C': 8}",107,667.5,0.0,11.0,"{'A': 0.0, 'B': 0.0, 'C': 0.53}",0.53,0.0,ppo,106,heavy_load,60.97,5016,3511.6,unseen,2,"below_reserve@2451s,battery_empty@3512s",0.1028
59,"{'A': 0.0, 'B': 0.0, 'C': 305.2}",0,99.89,1.698,"{'A': 38, 'B': 58, 'C': 8}",104,667.6,0.0,11.003,"{'A': 0.0, 'B': 0.0, 'C': 0.85}",0.85,0.0,ppo,104,heavy_load,57.65,5017,3451.8,unseen,2,"below_reserve@2385s,battery_empty@3452s",0.1058
60,"{'A': 0.0, 'B': 0.0, 'C': 194.0}",0,99.89,1.882,"{'A': 37, 'B': 59, 'C': 9}",105,661.3,0.0,11.003,"{'A': 0.0, 'B': 0.0, 'C': 0.54}",0.54,0.0,ppo,104,heavy_load,58.96,5018,3465.5,unseen,2,"below_reserve@2393s,battery_empty@3466s",0.1048
60,"{'A': 0.0, 'B': 0.0, 'C': 143.5}",0,99.89,1.805,"{'A': 37, 'B': 55, 'C': 8}",100,662.9,0.0,11.001,"{'A': 0.0, 'B': 0.0, 'C': 0.4}",0.4,0.0,ppo,105,heavy_load,54.1,5019,3498.6,unseen,2,"below_reserve@2373s,battery_empty@3499s",0.11
61,"{'A': 0.0, 'B': 0.0, 'C': 26.4}",0,99.89,1.848,"{'A': 38, 'B': 58, 'C': 9}",105,662.6,0.0,11.004,"{'A': 0.0, 'B': 0.0, 'C': 0.07}",0.07,0.0,ppo,106,heavy_load,59.42,5020,3498.9,unseen,2,"below_reserve@2416s,battery_empty@3499s",0.1048
59,"{'A': 0.0, 'B': 0.0, 'C': 235.4}",0,99.89,1.928,"{'A': 37, 'B': 56, 'C': 8}",101,666.6,0.0,11.0,"{'A': 0.0, 'B': 0.0, 'C': 0.65}",0.65,0.0,ppo,103,heavy_load,54.85,5021,3449.2,unseen,2,"below_reserve@2393s,battery_empty@3449s",0.1089
59,"{'A': 0.0, 'B': 0.0, 'C': 268.8}",0,99.89,2.135,"{'A': 36, 'B': 58, 'C': 8}",102,670.1,0.0,11.002,"{'A': 0.0, 'B': 0.0, 'C': 0.75}",0.75,0.0,ppo,104,heavy_load,55.75,5022,3458.2,unseen,2,"below_reserve@2393s,battery_empty@3458s",0.1079
60,"{'A': 0.0, 'B': 0.0, 'C': 195.2}",0,99.89,1.792,"{'A': 38, 'B': 60, 'C': 9}",107,662.0,0.0,11.003,"{'A': 0.0, 'B': 0.0, 'C': 0.54}",0.54,0.0,ppo,106,heavy_load,60.96,5023,3467.5,unseen,2,"below_reserve@2373s,battery_empty@3468s",0.1028
60,"{'A': 0.0, 'B': 0.0, 'C': 94.7}",0,99.89,1.942,"{'A': 36, 'B': 59, 'C': 9}",104,658.9,0.0,11.001,"{'A': 0.0, 'B': 0.0, 'C': 0.26}",0.26,0.0,ppo,105,heavy_load,58.24,5024,3459.6,unseen,2,"below_reserve@2361s,battery_empty@3460s",0.1058
61,"{'A': 0.0, 'B': 0.0, 'C': 135.3}",0,99.89,1.672,"{'A': 37, 'B': 55, 'C': 9}",101,663.3,0.0,11.001,"{'A': 0.0, 'B': 0.0, 'C': 0.38}",0.38,0.0,ppo,104,heavy_load,55.12,5025,3514.8,unseen,2,"below_reserve@2447s,battery_empty@3515s",0.1089
58,"{'A': 0.0, 'B': 0.0, 'C': 196.1}",0,99.89,1.917,"{'A': 37, 'B': 58, 'C': 8}",103,663.0,0.0,11.005,"{'A': 0.0, 'B': 0.0, 'C': 0.54}",0.54,0.0,ppo,103,heavy_load,56.95,5026,3409.9,unseen,2,"below_reserve@2393s,battery_empty@3410s",0.1068
63,"{'A': 0.0, 'B': 0.0, 'C': 89.5}",2,99.89,1.77,"{'A': 24, 'B': 61, 'C': 9}",94,646.4,5.6,10.524,"{'A': 0.0, 'B': 0.0, 'C': 0.25}",0.25,5.6,ppo,95,heavy_load,68.49,5027,3600.3,unseen,1,below_reserve@2949s,0.112
58,"{'A': 0.0, 'B': 0.0, 'C': 235.1}",0,99.89,1.513,"{'A': 39, 'B': 54, 'C': 8}",101,668.2,0.0,11.003,"{'A': 0.0, 'B': 0.0, 'C': 0.65}",0.65,0.0,ppo,102,heavy_load,54.85,5028,3423.4,unseen,2,"below_reserve@2428s,battery_empty@3423s",0.1089
49,"{'A': 42.3, 'B': 421.7, 'C': 724.6}",1,99.91,1.755,"{'A': 27, 'B': 50, 'C': 7}",84,557.6,27.4,8.988,"{'A': 0.47, 'B': 7.03, 'C': 2.01}",9.51,21.7,ppo,85,heavy_load,70.0,5029,3600.6,unseen,0,,0.107
59,"{'A': 0.0, 'B': 0.0, 'C': 0.0}",0,99.89,2.027,"{'A': 20, 'B': 33, 'C': 4}",57,714.0,49.1,11.196,"{'A': 0.0, 'B': 0.0, 'C': 0.0}",0.0,49.1,ppo,57,heavy_parts,51.4,5000,3600.7,unseen,0,,0.1964
59,"{'A': 0.0, 'B': 0.0, 'C': 0.0}",0,99.89,2.677,"{'A': 20, 'B': 32, 'C': 4}",56,723.9,48.8,11.262,"{'A': 0.0, 'B': 0.0, 'C': 0.0}",0.0,48.8,ppo,54,heavy_parts,50.37,5001,3600.2,unseen,0,,0.2011
59,"{'A': 0.0, 'B': 0.0, 'C': 0.0}",0,99.89,2.327,"{'A': 21, 'B': 30, 'C': 4}",55,725.7,49.4,11.14,"{'A': 0.0, 'B': 0.0, 'C': 0.0}",0.0,49.4,ppo,55,heavy_parts,49.43,5002,3600.8,unseen,0,,0.2025
55,"{'A': 0.0, 'B': 0.0, 'C': 0.0}",2,99.9,3.449,"{'A': 20, 'B': 22, 'C': 4}",46,628.3,65.2,9.762,"{'A': 0.0, 'B': 0.0, 'C': 0.0}",0.0,65.2,ppo,46,heavy_parts,41.12,5003,3601.0,unseen,0,,0.2122
59,"{'A': 0.0, 'B': 0.0, 'C': 0.0}",0,99.89,3.246,"{'A': 21, 'B': 31, 'C': 3}",55,713.7,49.1,11.198,"{'A': 0.0, 'B': 0.0, 'C': 0.0}",0.0,49.1,ppo,52,heavy_parts,49.4,5004,3600.1,unseen,0,,0.2036
60,"{'A': 0.0, 'B': 0.0, 'C': 0.0}",0,99.89,2.322,"{'A': 21, 'B': 30, 'C': 4}",55,690.4,50.3,10.924,"{'A': 0.0, 'B': 0.0, 'C': 0.0}",0.0,50.3,ppo,54,heavy_parts,49.54,5005,3600.3,unseen,0,,0.1986
59,"{'A': 0.0, 'B': 0.0, 'C': 0.0}",0,99.89,1.922,"{'A': 20, 'B': 30, 'C': 4}",54,725.3,48.5,11.32,"{'A': 0.0, 'B': 0.0, 'C': 0.0}",0.0,48.5,ppo,54,heavy_parts,48.34,5006,3600.8,unseen,0,,0.2096
59,"{'A': 0.0, 'B': 0.0, 'C': 0.0}",0,99.89,1.793,"{'A': 22, 'B': 32, 'C': 4}",58,725.6,48.8,11.263,"{'A': 0.0, 'B': 0.0, 'C': 0.0}",0.0,48.8,ppo,57,heavy_parts,52.37,5007,3600.5,unseen,0,,0.1942
59,"{'A': 0.0, 'B': 0.0, 'C': 0.0}",0,99.89,1.965,"{'A': 22, 'B': 31, 'C': 4}",57,725.8,48.6,11.298,"{'A': 0.0, 'B': 0.0, 'C': 0.0}",0.0,48.6,ppo,56,heavy_parts,51.35,5008,3600.9,unseen,0,,0.1982
60,"{'A': 0.0, 'B': 0.0, 'C': 0.0}",0,99.89,1.874,"{'A': 20, 'B': 30, 'C': 4}",54,702.0,50.1,10.973,"{'A': 0.0, 'B': 0.0, 'C': 0.0}",0.0,50.1,ppo,52,heavy_parts,48.51,5009,3600.1,unseen,0,,0.2032
60,"{'A': 0.0, 'B': 0.0, 'C': 0.0}",0,99.89,1.637,"{'A': 15, 'B': 31, 'C': 5}",51,678.8,50.4,10.921,"{'A': 0.0, 'B': 0.0, 'C': 0.0}",0.0,50.4,ppo,48,heavy_parts,45.54,5010,3600.6,unseen,0,,0.2141
59,"{'A': 0.0, 'B': 0.0, 'C': 0.0}",0,99.89,1.844,"{'A': 19, 'B': 30, 'C': 4}",53,724.8,48.9,11.242,"{'A': 0.0, 'B': 0.0, 'C': 0.0}",0.0,48.9,ppo,54,heavy_parts,47.38,5011,3600.5,unseen,0,,0.2121
59,"{'A': 0.0, 'B': 0.0, 'C': 0.0}",0,99.89,1.806,"{'A': 19, 'B': 29, 'C': 4}",52,725.4,48.5,11.321,"{'A': 0.0, 'B': 0.0, 'C': 0.0}",0.0,48.5,ppo,53,heavy_parts,46.34,5012,3600.0,unseen,0,,0.2177
58,"{'A': 0.0, 'B': 0.0, 'C': 0.0}",0,99.89,1.625,"{'A': 19, 'B': 32, 'C': 4}",55,728.9,48.6,11.307,"{'A': 0.0, 'B': 0.0, 'C': 0.0}",0.0,48.6,ppo,55,heavy_parts,49.35,5013,3600.0,unseen,0,,0.2056
58,"{'A': 0.0, 'B': 0.0, 'C': 0.0}",0,99.89,1.581,"{'A': 19, 'B': 30, 'C': 5}",54,716.6,48.7,11.284,"{'A': 0.0, 'B': 0.0, 'C': 0.0}",0.0,48.7,ppo,53,heavy_parts,48.36,5014,3600.6,unseen,0,,0.209
59,"{'A': 0.0, 'B': 0.0, 'C': 0.0}",0,99.89,1.739,"{'A': 19, 'B': 32, 'C': 3}",54,721.9,49.6,11.08,"{'A': 0.0, 'B': 0.0, 'C': 0.0}",0.0,49.6,ppo,53,heavy_parts,48.46,5015,3601.0,unseen,0,,0.2052
58,"{'A': 0.0, 'B': 0.0, 'C': 0.0}",0,99.89,1.636,"{'A': 19, 'B': 30, 'C': 4}",53,730.4,48.5,11.335,"{'A': 0.0, 'B': 0.0, 'C': 0.0}",0.0,48.5,ppo,54,heavy_parts,47.33,5016,3600.9,unseen,0,,0.2139
59,"{'A': 0.0, 'B': 0.0, 'C': 0.0}",0,99.89,1.82,"{'A': 18, 'B': 31, 'C': 5}",54,714.0,49.1,11.197,"{'A': 0.0, 'B': 0.0, 'C': 0.0}",0.0,49.1,ppo,55,heavy_parts,48.4,5017,3600.7,unseen,0,,0.2074
59,"{'A': 0.0, 'B': 0.0, 'C': 0.0}",0,99.89,1.92,"{'A': 19, 'B': 30, 'C': 4}",53,725.6,49.2,11.181,"{'A': 0.0, 'B': 0.0, 'C': 0.0}",0.0,49.2,ppo,52,heavy_parts,47.41,5018,3600.5,unseen,0,,0.211
59,"{'A': 0.0, 'B': 0.0, 'C': 0.0}",0,99.89,1.801,"{'A': 20, 'B': 30, 'C': 4}",54,718.1,49.7,11.072,"{'A': 0.0, 'B': 0.0, 'C': 0.0}",0.0,49.7,ppo,53,heavy_parts,48.46,5019,3600.3,unseen,0,,0.205
59,"{'A': 0.0, 'B': 0.0, 'C': 0.0}",0,99.89,1.642,"{'A': 21, 'B': 30, 'C': 4}",55,715.7,49.6,11.093,"{'A': 0.0, 'B': 0.0, 'C': 0.0}",0.0,49.6,ppo,54,heavy_parts,49.45,5020,3600.0,unseen,0,,0.2017
60,"{'A': 0.0, 'B': 0.0, 'C': 0.0}",0,99.89,1.718,"{'A': 20, 'B': 30, 'C': 4}",54,690.4,50.2,10.964,"{'A': 0.0, 'B': 0.0, 'C': 0.0}",0.0,50.2,ppo,52,heavy_parts,48.52,5021,3600.4,unseen,0,,0.203
60,"{'A': 0.0, 'B': 0.0, 'C': 0.0}",0,99.89,2.052,"{'A': 20, 'B': 33, 'C': 4}",57,714.0,49.8,11.047,"{'A': 0.0, 'B': 0.0, 'C': 0.0}",0.0,49.8,ppo,56,heavy_parts,51.48,5022,3600.7,unseen,0,,0.1938
59,"{'A': 0.0, 'B': 0.0, 'C': 0.0}",0,99.89,1.888,"{'A': 19, 'B': 32, 'C': 4}",55,725.4,49.4,11.123,"{'A': 0.0, 'B': 0.0, 'C': 0.0}",0.0,49.4,ppo,54,heavy_parts,49.44,5023,3600.1,unseen,0,,0.2022
59,"{'A': 0.0, 'B': 0.0, 'C': 0.0}",0,99.89,1.56,"{'A': 19, 'B': 30, 'C': 4}",53,709.1,49.4,11.143,"{'A': 0.0, 'B': 0.0, 'C': 0.0}",0.0,49.4,ppo,52,heavy_parts,47.43,5024,3600.2,unseen,0,,0.2102
59,"{'A': 0.0, 'B': 0.0, 'C': 0.0}",0,99.89,1.664,"{'A': 19, 'B': 30, 'C': 5}",54,722.4,49.4,11.142,"{'A': 0.0, 'B': 0.0, 'C': 0.0}",0.0,49.4,ppo,52,heavy_parts,48.43,5025,3600.3,unseen,0,,0.2063
60,"{'A': 0.0, 'B': 0.0, 'C': 0.0}",0,99.89,1.737,"{'A': 20, 'B': 31, 'C': 4}",55,697.9,51.2,10.744,"{'A': 0.0, 'B': 0.0, 'C': 0.0}",0.0,51.2,ppo,54,heavy_parts,49.63,5026,3600.5,unseen,0,,0.1954
56,"{'A': 0.0, 'B': 0.0, 'C': 0.0}",1,99.9,1.73,"{'A': 13, 'B': 30, 'C': 4}",47,646.9,62.2,9.884,"{'A': 0.0, 'B': 0.0, 'C': 0.0}",0.0,62.2,ppo,48,heavy_parts,42.06,5027,3600.7,unseen,0,,0.2103
59,"{'A': 0.0, 'B': 0.0, 'C': 0.0}",0,99.89,1.807,"{'A': 20, 'B': 30, 'C': 4}",54,706.6,49.7,11.066,"{'A': 0.0, 'B': 0.0, 'C': 0.0}",0.0,49.7,ppo,52,heavy_parts,48.47,5028,3600.9,unseen,0,,0.2049
59,"{'A': 0.0, 'B': 0.0, 'C': 0.0}",0,99.89,2.43,"{'A': 14, 'B': 29, 'C': 4}",47,693.4,50.7,10.846,"{'A': 0.0, 'B': 0.0, 'C': 0.0}",0.0,50.7,ppo,47,heavy_parts,41.58,5029,3600.0,unseen,0,,0.2308
60,"{'A': 0.0, 'B': 0.0, 'C': 0.0}",0,99.89,2.401,"{'A': 40, 'B': 60, 'C': 9}",109,714.0,48.7,11.288,"{'A': 0.0, 'B': 0.0, 'C': 0.0}",0.0,48.7,ppo,108,high_demand,103.36,5000,3600.8,seen,0,,0.1036
60,"{'A': 0.0, 'B': 0.0, 'C': 0.0}",0,99.89,2.026,"{'A': 38, 'B': 63, 'C': 9}",110,709.6,49.2,11.172,"{'A': 0.0, 'B': 0.0, 'C': 0.0}",0.0,49.2,ppo,110,high_demand,104.41,5001,3600.5,seen,0,,0.1016
59,"{'A': 0.0, 'B': 0.0, 'C': 0.0}",0,99.88,2.066,"{'A': 39, 'B': 59, 'C': 9}",107,721.0,47.0,11.655,"{'A': 0.0, 'B': 0.0, 'C': 0.0}",0.0,47.0,ppo,108,high_demand,101.17,5002,3600.8,seen,0,,0.1089
56,"{'A': 0.0, 'B': 0.0, 'C': 0.0}",1,99.9,1.973,"{'A': 40, 'B': 44, 'C': 10}",94,642.2,62.1,10.071,"{'A': 0.0, 'B': 0.0, 'C': 0.0}",0.0,62.1,ppo,94,high_demand,88.96,5003,3600.7,seen,0,,0.1071
60,"{'A': 0.0, 'B': 0.0, 'C': 0.0}",0,99.89,2.536,"{'A': 40, 'B': 57, 'C': 8}",105,708.2,48.6,11.309,"{'A': 0.0, 'B': 0.0, 'C': 0.0}",0.0,48.6,ppo,106,high_demand,99.35,5004,3600.9,seen,0,,0.1077
59,"{'A': 0.0, 'B': 0.0, 'C': 0.0}",0,99.88,2.294,"{'A': 40, 'B': 59, 'C': 8}",107,720.8,47.7,11.517,"{'A': 0.0, 'B': 0.0, 'C': 0.0}",0.0,47.7,ppo,107,high_demand,101.24,5005,3600.3,seen,0,,0.1076
59,"{'A': 0.0, 'B': 0.0, 'C': 0.0}",0,99.89,2.38,"{'A': 40, 'B': 60, 'C': 8}",108,725.2,48.1,11.421,"{'A': 0.0, 'B': 0.0, 'C': 0.0}",0.0,48.1,ppo,109,high_demand,102.29,5006,3600.4,seen,0,,0.1057
60,"{'A': 0.0, 'B': 0.0, 'C': 0.0}",0,99.89,1.893,"{'A': 36, 'B': 60, 'C': 9}",105,713.8,48.5,11.338,"{'A': 0.0, 'B': 0.0, 'C': 0.0}",0.0,48.5,ppo,108,high_demand,99.33,5007,3600.3,seen,0,,0.108
60,"{'A': 0.0, 'B': 0.0, 'C': 0.0}",0,99.89,1.757,"{'A': 40, 'B': 60, 'C': 9}",109,713.7,48.7,11.282,"{'A': 0.0, 'B': 0.0, 'C': 0.0}",0.0,48.7,ppo,108,high_demand,103.36,5008,3600.1,seen,0,,0.1035
60,"{'A': 0.0, 'B': 0.0, 'C': 0.0}",0,99.89,1.752,"{'A': 36, 'B': 61, 'C': 9}",106,712.2,49.0,11.212,"{'A': 0.0, 'B': 0.0, 'C': 0.0}",0.0,49.0,ppo,108,high_demand,100.39,5009,3600.2,seen,0,,0.1058
61,"{'A': 0.0, 'B': 0.0, 'C': 0.0}",0,99.89,1.871,"{'A': 28, 'B': 62, 'C': 9}",99,702.0,49.7,11.073,"{'A': 0.0, 'B': 0.0, 'C': 0.0}",0.0,49.7,ppo,96,high_demand,93.46,5010,3600.0,seen,0,,0.1118
60,"{'A': 0.0, 'B': 0.0, 'C': 0.0}",0,99.89,1.666,"{'A': 37, 'B': 62, 'C': 9}",108,713.9,48.6,11.3,"{'A': 0.0, 'B': 0.0, 'C': 0.0}",0.0,48.6,ppo,108,high_demand,102.35,5011,3600.5,seen,0,,0.1046
60,"{'A': 0.0, 'B': 0.0, 'C': 0.0}",0,99.89,1.896,"{'A': 39, 'B': 58, 'C': 9}",106,713.8,48.8,11.263,"{'A': 0.0, 'B': 0.0, 'C': 0.0}",0.0,48.8,ppo,105,high_demand,100.37,5012,3600.2,seen,0,,0.1063
60,"{'A': 0.0, 'B': 0.0, 'C': 0.0}",0,99.89,1.644,"{'A': 38, 'B': 59, 'C': 9}",106,709.9,48.7,11.288,"{'A': 0.0, 'B': 0.0, 'C': 0.0}",0.0,48.7,ppo,110,high_demand,100.36,5013,3600.4,seen,0,,0.1065
60,"{'A': 0.0, 'B': 0.0, 'C': 0.0}",0,99.89,1.636,"{'A': 40, 'B': 59, 'C': 9}",108,713.9,48.6,11.309,"{'A': 0.0, 'B': 0.0, 'C': 0.0}",0.0,48.6,ppo,109,high_demand,102.35,5014,3600.5,seen,0,,0.1047
59,"{'A': 0.0, 'B': 0.0, 'C': 0.0}",0,99.89,1.695,"{'A': 37, 'B': 60, 'C': 6}",103,715.9,49.4,11.126,"{'A': 0.0, 'B': 0.0, 'C': 0.0}",0.0,49.4,ppo,105,high_demand,97.44,5015,3600.7,seen,0,,0.108
60,"{'A': 0.0, 'B': 0.0, 'C': 0.0}",0,99.89,1.588,"{'A': 38, 'B': 59, 'C': 9}",106,705.1,48.9,11.248,"{'A': 0.0, 'B': 0.0, 'C': 0.0}",0.0,48.9,ppo,109,high_demand,100.38,5016,3601.0,seen,0,,0.1061
60,"{'A': 0.0, 'B': 0.0, 'C': 0.0}",0,99.89,1.653,"{'A': 40, 'B': 60, 'C': 9}",109,713.7,48.4,11.355,"{'A': 0.0, 'B': 0.0, 'C': 0.0}",0.0,48.4,ppo,111,high_demand,103.32,5017,3600.0,seen,0,,0.1042
60,"{'A': 0.0, 'B': 0.0, 'C': 0.0}",0,99.89,1.669,"{'A': 40, 'B': 61, 'C': 9}",110,713.7,48.0,11.448,"{'A': 0.0, 'B': 0.0, 'C': 0.0}",0.0,48.0,ppo,112,high_demand,104.28,5018,3600.0,seen,0,,0.1041
60,"{'A': 0.0, 'B': 0.0, 'C': 0.0}",0,99.89,1.798,"{'A': 41, 'B': 59, 'C': 9}",109,713.7,47.9,11.467,"{'A': 0.0, 'B': 0.0, 'C': 0.0}",0.0,47.9,ppo,110,high_demand,103.27,5019,3600.0,seen,0,,0.1052
59,"{'A': 0.0, 'B': 0.0, 'C': 0.0}",0,99.89,1.796,"{'A': 38, 'B': 61, 'C': 8}",107,718.8,48.7,11.28,"{'A': 0.0, 'B': 0.0, 'C': 0.0}",0.0,48.7,ppo,109,high_demand,101.36,5020,3600.0,seen,0,,0.1054
60,"{'A': 0.0, 'B': 0.0, 'C': 0.0}",0,99.89,1.803,"{'A': 39, 'B': 61, 'C': 9}",109,713.9,48.1,11.415,"{'A': 0.0, 'B': 0.0, 'C': 0.0}",0.0,48.1,ppo,108,high_demand,103.29,5021,3600.5,seen,0,,0.1047
59,"{'A': 0.0, 'B': 0.0, 'C': 0.0}",0,99.88,2.004,"{'A': 41, 'B': 57, 'C': 8}",106,725.8,47.6,11.524,"{'A': 0.0, 'B': 0.0, 'C': 0.0}",0.0,47.6,ppo,109,high_demand,100.24,5022,3600.9,seen,0,,0.1087
59,"{'A': 0.0, 'B': 0.0, 'C': 0.0}",0,99.88,1.62,"{'A': 41, 'B': 58, 'C': 10}",109,719.0,47.7,11.502,"{'A': 0.0, 'B': 0.0, 'C': 0.0}",0.0,47.7,ppo,110,high_demand,103.25,5023,3600.6,seen,0,,0.1055
59,"{'A': 0.0, 'B': 0.0, 'C': 0.0}",0,99.89,1.687,"{'A': 38, 'B': 63, 'C': 9}",110,719.0,48.1,11.413,"{'A': 0.0, 'B': 0.0, 'C': 0.0}",0.0,48.1,ppo,110,high_demand,104.29,5024,3600.6,seen,0,,0.1038
61,"{'A': 0.0, 'B': 0.0, 'C': 0.0}",0,99.89,1.836,"{'A': 37, 'B': 61, 'C': 10}",108,702.3,48.6,11.299,"{'A': 0.0, 'B': 0.0, 'C': 0.0}",0.0,48.6,ppo,108,high_demand,102.35,5025,3600.9,seen,0,,0.1046
60,"{'A': 0.0, 'B': 0.0, 'C': 0.0}",0,99.89,1.636,"{'A': 37, 'B': 61, 'C': 9}",107,714.0,48.6,11.318,"{'A': 0.0, 'B': 0.0, 'C': 0.0}",0.0,48.6,ppo,108,high_demand,101.34,5026,3600.7,seen,0,,0.1058
62,"{'A': 0.0, 'B': 0.0, 'C': 0.0}",0,99.89,1.66,"{'A': 29, 'B': 60, 'C': 9}",98,690.4,50.7,10.842,"{'A': 0.0, 'B': 0.0, 'C': 0.0}",0.0,50.7,ppo,98,high_demand,92.58,5027,3600.2,seen,0,,0.1106
60,"{'A': 0.0, 'B': 0.0, 'C': 0.0}",0,99.89,1.69,"{'A': 40, 'B': 61, 'C': 10}",111,702.2,48.3,11.384,"{'A': 0.0, 'B': 0.0, 'C': 0.0}",0.0,48.3,ppo,111,high_demand,105.31,5028,3600.4,seen,0,,0.1026
60,"{'A': 0.0, 'B': 0.0, 'C': 0.0}",0,99.89,1.732,"{'A': 27, 'B': 62, 'C': 9}",98,685.2,49.6,11.09,"{'A': 0.0, 'B': 0.0, 'C': 0.0}",0.0,49.6,ppo,98,high_demand,92.46,5029,3600.0,seen,0,,0.1132
59,"{'A': 0.0, 'B': 0.0, 'C': 0.0}",0,99.89,2.099,"{'A': 20, 'B': 30, 'C': 4}",54,714.0,50.7,10.844,"{'A': 0.0, 'B': 0.0, 'C': 0.0}",0.0,50.7,ppo,55,hot_factory,48.58,5000,3600.7,unseen,0,,0.2008
58,"{'A': 0.0, 'B': 0.0, 'C': 0.0}",0,99.89,2.662,"{'A': 20, 'B': 30, 'C': 4}",54,733.9,49.1,11.202,"{'A': 0.0, 'B': 0.0, 'C': 0.0}",0.0,49.1,ppo,54,hot_factory,48.4,5001,3600.8,unseen,0,,0.2074
59,"{'A': 0.0, 'B': 0.0, 'C': 0.0}",0,99.89,2.293,"{'A': 20, 'B': 30, 'C': 4}",54,717.6,50.7,10.851,"{'A': 0.0, 'B': 0.0, 'C': 0.0}",0.0,50.7,ppo,53,hot_factory,48.57,5002,3600.0,unseen,0,,0.2009
55,"{'A': 0.0, 'B': 0.0, 'C': 0.0}",2,99.9,2.357,"{'A': 19, 'B': 23, 'C': 5}",47,642.1,65.3,9.652,"{'A': 0.0, 'B': 0.0, 'C': 0.0}",0.0,65.3,ppo,46,hot_factory,42.17,5003,3600.4,unseen,0,,0.2054
58,"{'A': 0.0, 'B': 0.0, 'C': 0.0}",0,99.89,2.72,"{'A': 20, 'B': 31, 'C': 4}",55,725.5,49.2,11.175,"{'A': 0.0, 'B': 0.0, 'C': 0.0}",0.0,49.2,ppo,54,hot_factory,49.41,5004,3600.2,unseen,0,,0.2032
59,"{'A': 0.0, 'B': 0.0, 'C': 0.0}",0,99.89,2.753,"{'A': 19, 'B': 31, 'C': 3}",53,713.8,50.4,10.904,"{'A': 0.0, 'B': 0.0, 'C': 0.0}",0.0,50.4,ppo,51,hot_factory,47.55,5005,3600.3,unseen,0,,0.2057
58,"{'A': 0.0, 'B': 0.0, 'C': 0.0}",0,99.89,2.175,"{'A': 20, 'B': 30, 'C': 4}",54,725.4,48.9,11.252,"{'A': 0.0, 'B': 0.0, 'C': 0.0}",0.0,48.9,ppo,53,hot_factory,48.37,5006,3600.0,unseen,0,,0.2084
58,"{'A': 0.0, 'B': 0.0, 'C': 0.0}",0,99.89,1.673,"{'A': 20, 'B': 32, 'C': 4}",56,713.7,49.8,11.042,"{'A': 0.0, 'B': 0.0, 'C': 0.0}",0.0,49.8,ppo,54,hot_factory,50.48,5007,3600.1,unseen,0,,0.1972
57,"{'A': 0.0, 'B': 0.0, 'C': 0.0}",0,99.89,1.776,"{'A': 21, 'B': 27, 'C': 4}",52,733.8,48.4,11.358,"{'A': 0.0, 'B': 0.0, 'C': 0.0}",0.0,48.4,ppo,52,hot_factory,46.32,5008,3600.5,unseen,0,,0.2184
58,"{'A': 0.0, 'B': 0.0, 'C': 0.0}",0,99.89,1.708,"{'A': 19, 'B': 29, 'C': 4}",52,696.8,49.9,11.024,"{'A': 0.0, 'B': 0.0, 'C': 0.0}",0.0,49.9,ppo,52,hot_factory,46.49,5009,3600.6,unseen,0,,0.212
59,"{'A': 0.0, 'B': 0.0, 'C': 0.0}",0,99.89,1.641,"{'A': 14, 'B': 32, 'C': 4}",50,683.3,51.7,10.626,"{'A': 0.0, 'B': 0.0, 'C': 0.0}",0.0,51.7,ppo,49,hot_factory,44.69,5010,3600.0,unseen,0,,0.2125
58,"{'A': 0.0, 'B': 0.0, 'C': 0.0}",0,99.89,1.691,"{'A': 19, 'B': 30, 'C': 4}",53,721.2,50.0,10.99,"{'A': 0.0, 'B': 0.0, 'C': 0.0}",0.0,50.0,ppo,53,hot_factory,47.5,5011,3600.2,unseen,0,,0.2074
58,"{'A': 0.0, 'B': 0.0, 'C': 0.0}",0,99.89,1.712,"{'A': 20, 'B': 30, 'C': 4}",54,724.8,49.4,11.133,"{'A': 0.0, 'B': 0.0, 'C': 0.0}",0.0,49.4,ppo,52,hot_factory,48.43,5012,3600.5,unseen,0,,0.2062
58,"{'A': 0.0, 'B': 0.0, 'C': 0.0}",0,99.89,1.683,"{'A': 20, 'B': 29, 'C': 4}",53,725.5,49.4,11.129,"{'A': 0.0, 'B': 0.0, 'C': 0.0}",0.0,49.4,ppo,52,hot_factory,47.44,5013,3600.2,unseen,0,,0.21
58,"{'A': 0.0, 'B': 0.0, 'C': 0.0}",0,99.89,1.685,"{'A': 20, 'B': 29, 'C': 4}",53,725.7,48.5,11.326,"{'A': 0.0, 'B': 0.0, 'C': 0.0}",0.0,48.5,ppo,52,hot_factory,47.34,5014,3600.8,unseen,0,,0.2137
60,"{'A': 0.0, 'B': 0.0, 'C': 0.0}",0,99.89,1.942,"{'A': 18, 'B': 30, 'C': 3}",51,702.1,51.6,10.648,"{'A': 0.0, 'B': 0.0, 'C': 0.0}",0.0,51.6,ppo,49,hot_factory,45.68,5015,3600.3,unseen,0,,0.2088
57,"{'A': 0.0, 'B': 0.0, 'C': 0.0}",0,99.89,1.714,"{'A': 19, 'B': 32, 'C': 4}",55,742.1,48.5,11.337,"{'A': 0.0, 'B': 0.0, 'C': 0.0}",0.0,48.5,ppo,53,hot_factory,49.33,5016,3600.7,unseen,0,,0.2061
58,"{'A': 0.0, 'B': 0.0, 'C': 0.0}",0,99.89,1.645,"{'A': 20, 'B': 31, 'C': 4}",55,721.9,50.2,10.964,"{'A': 0.0, 'B': 0.0, 'C': 0.0}",0.0,50.2,ppo,53,hot_factory,49.52,5017,3600.1,unseen,0,,0.1993
55,"{'A': 0.0, 'B': 0.0, 'C': 0.0}",1,99.89,1.837,"{'A': 20, 'B': 30, 'C': 4}",54,695.5,55.8,10.667,"{'A': 0.0, 'B': 0.0, 'C': 0.0}",0.0,55.8,ppo,53,hot_factory,48.67,5018,3600.3,unseen,0,,0.1975
60,"{'A': 0.0, 'B': 0.0, 'C': 0.0}",0,99.89,1.833,"{'A': 19, 'B': 30, 'C': 5}",54,702.4,51.3,10.704,"{'A': 0.0, 'B': 0.0, 'C': 0.0}",0.0,51.3,ppo,54,hot_factory,48.65,5019,3600.9,unseen,0,,0.1982
58,"{'A': 0.0, 'B': 0.0, 'C': 0.0}",0,99.89,1.848,"{'A': 21, 'B': 30, 'C': 4}",55,737.4,49.2,11.18,"{'A': 0.0, 'B': 0.0, 'C': 0.0}",0.0,49.2,ppo,53,hot_factory,49.41,5020,3600.9,unseen,0,,0.2033
59,"{'A': 0.0, 'B': 0.0, 'C': 0.0}",0,99.89,1.715,"{'A': 20, 'B': 29, 'C': 4}",53,700.8,50.4,10.902,"{'A': 0.0, 'B': 0.0, 'C': 0.0}",0.0,50.4,ppo,52,hot_factory,47.55,5021,3600.8,unseen,0,,0.2057
58,"{'A': 0.0, 'B': 0.0, 'C': 0.0}",0,99.89,1.767,"{'A': 20, 'B': 30, 'C': 4}",54,713.7,49.3,11.157,"{'A': 0.0, 'B': 0.0, 'C': 0.0}",0.0,49.3,ppo,52,hot_factory,48.42,5022,3600.1,unseen,0,,0.2066
59,"{'A': 0.0, 'B': 0.0, 'C': 0.0}",0,99.89,1.997,"{'A': 19, 'B': 31, 'C': 4}",54,724.7,50.6,10.879,"{'A': 0.0, 'B': 0.0, 'C': 0.0}",0.0,50.6,ppo,52,hot_factory,48.56,5023,3600.1,unseen,0,,0.2015
58,"{'A': 0.0, 'B': 0.0, 'C': 0.0}",0,99.89,1.939,"{'A': 20, 'B': 28, 'C': 4}",52,735.3,49.2,11.175,"{'A': 0.0, 'B': 0.0, 'C': 0.0}",0.0,49.2,ppo,53,hot_factory,46.41,5024,3600.5,unseen,0,,0.2149
59,"{'A': 0.0, 'B': 0.0, 'C': 0.0}",0,99.89,1.669,"{'A': 19, 'B': 29, 'C': 5}",53,707.3,50.8,10.826,"{'A': 0.0, 'B': 0.0, 'C': 0.0}",0.0,50.8,ppo,52,hot_factory,47.59,5025,3600.6,unseen,0,,0.2043
57,"{'A': 0.0, 'B': 0.0, 'C': 0.0}",0,99.89,1.962,"{'A': 19, 'B': 31, 'C': 4}",54,743.3,49.1,11.203,"{'A': 0.0, 'B': 0.0, 'C': 0.0}",0.0,49.1,ppo,52,hot_factory,48.4,5026,3600.9,unseen,0,,0.2075
55,"{'A': 0.0, 'B': 0.0, 'C': 0.0}",2,99.91,1.684,"{'A': 13, 'B': 32, 'C': 4}",49,628.7,66.5,9.471,"{'A': 0.0, 'B': 0.0, 'C': 0.0}",0.0,66.5,ppo,48,hot_factory,44.26,5027,3600.1,unseen,0,,0.1933
58,"{'A': 0.0, 'B': 0.0, 'C': 0.0}",0,99.89,1.861,"{'A': 20, 'B': 31, 'C': 5}",56,718.6,50.2,10.952,"{'A': 0.0, 'B': 0.0, 'C': 0.0}",0.0,50.2,ppo,54,hot_factory,50.52,5028,3600.7,unseen,0,,0.1956
59,"{'A': 0.0, 'B': 0.0, 'C': 0.0}",0,99.89,1.68,"{'A': 13, 'B': 31, 'C': 4}",48,702.2,50.5,10.893,"{'A': 0.0, 'B': 0.0, 'C': 0.0}",0.0,50.5,ppo,46,hot_factory,42.55,5029,3600.6,unseen,0,,0.2269
45,"{'A': 0.0, 'B': 0.0, 'C': 0.0}",3,99.92,1.916,"{'A': 22, 'B': 34, 'C': 5}",61,507.6,20.4,7.602,"{'A': 0.0, 'B': 0.0, 'C': 0.0}",0.0,20.4,ppo,52,low_battery_start,57.2,5000,3600.6,seen,0,,0.1246
37,"{'A': 0.0, 'B': 0.0, 'C': 0.0}",3,99.94,2.057,"{'A': 20, 'B': 34, 'C': 4}",58,421.1,37.3,6.375,"{'A': 0.0, 'B': 0.0, 'C': 0.0}",0.0,25.4,ppo,53,low_battery_start,54.81,5001,3600.7,seen,0,,0.1099
48,"{'A': 0.0, 'B': 0.0, 'C': 0.0}",2,99.92,2.013,"{'A': 23, 'B': 32, 'C': 5}",60,549.7,12.4,8.252,"{'A': 0.0, 'B': 0.0, 'C': 0.0}",0.0,12.4,ppo,54,low_battery_start,35.87,5002,3600.5,seen,1,below_reserve@3409s,0.1375
49,"{'A': 0.0, 'B': 0.0, 'C': 0.0}",2,99.92,2.137,"{'A': 23, 'B': 25, 'C': 6}",54,553.7,10.8,8.387,"{'A': 0.0, 'B': 0.0, 'C': 0.0}",0.0,10.8,ppo,46,low_battery_start,29.81,5003,3600.7,seen,1,below_reserve@3295s,0.1553
43,"{'A': 0.0, 'B': 0.0, 'C': 0.0}",2,99.93,2.281,"{'A': 25, 'B': 32, 'C': 5}",62,478.0,24.6,7.384,"{'A': 0.0, 'B': 0.0, 'C': 0.0}",0.0,24.0,ppo,54,low_battery_start,58.31,5004,3600.6,seen,0,,0.1191
46,"{'A': 0.0, 'B': 0.0, 'C': 0.0}",2,99.92,2.426,"{'A': 23, 'B': 33, 'C': 5}",61,512.0,18.7,7.745,"{'A': 0.0, 'B': 0.0, 'C': 0.0}",0.0,18.7,ppo,53,low_battery_start,57.13,5005,3600.8,seen,0,,0.127
49,"{'A': 0.0, 'B': 0.0, 'C': 0.0}",1,99.91,2.714,"{'A': 23, 'B': 33, 'C': 5}",61,582.7,5.9,8.819,"{'A': 0.0, 'B': 0.0, 'C': 0.0}",0.0,5.9,ppo,53,low_battery_start,36.59,5006,3600.0,seen,1,below_reserve@2872s,0.1446
42,"{'A': 0.0, 'B': 0.0, 'C': 0.0}",2,99.92,1.967,"{'A': 24, 'B': 34, 'C': 5}",63,497.9,23.3,7.567,"{'A': 0.0, 'B': 0.0, 'C': 0.0}",0.0,23.3,ppo,55,low_battery_start,59.22,5007,3600.6,seen,0,,0.1201
40,"{'A': 0.0, 'B': 0.0, 'C': 0.0}",3,99.93,1.949,"{'A': 23, 'B': 33, 'C': 5}",61,456.3,31.0,6.897,"{'A': 0.0, 'B': 0.0, 'C': 0.0}",0.0,24.0,ppo,54,low_battery_start,57.55,5008,3600.1,seen,0,,0.1131
43,"{'A': 0.0, 'B': 0.0, 'C': 0.0}",2,99.92,1.692,"{'A': 22, 'B': 34, 'C': 5}",61,518.3,20.0,7.852,"{'A': 0.0, 'B': 0.0, 'C': 0.0}",0.0,20.0,ppo,53,low_battery_start,57.07,5009,3600.1,seen,0,,0.1287
37,"{'A': 0.0, 'B': 0.0, 'C': 0.0}",5,99.94,1.714,"{'A': 18, 'B': 34, 'C': 5}",57,434.0,38.0,6.356,"{'A': 0.0, 'B': 0.0, 'C': 0.0}",0.0,25.4,ppo,49,low_battery_start,53.82,5010,3600.9,seen,0,,0.1115
41,"{'A': 0.0, 'B': 0.0, 'C': 0.0}",2,99.93,1.627,"{'A': 23, 'B': 35, 'C': 5}",63,477.9,26.9,7.189,"{'A': 0.0, 'B': 0.0, 'C': 0.0}",0.0,22.9,ppo,54,low_battery_start,59.41,5011,3600.5,seen,0,,0.1141
42,"{'A': 0.0, 'B': 0.0, 'C': 160.6}",2,99.93,1.682,"{'A': 22, 'B': 34, 'C': 6}",62,489.7,24.0,7.455,"{'A': 0.0, 'B': 0.0, 'C': 0.22}",0.22,22.9,ppo,55,low_battery_start,58.05,5012,3600.7,seen,0,,0.1202
44,"{'A': 0.0, 'B': 0.0, 'C': 19.0}",2,99.92,1.671,"{'A': 24, 'B': 34, 'C': 5}",63,529.2,18.0,7.993,"{'A': 0.0, 'B': 0.0, 'C': 0.03}",0.03,18.0,ppo,54,low_battery_start,58.98,5013,3600.9,seen,0,,0.1269
49,"{'A': 0.0, 'B': 0.0, 'C': 0.0}",1,99.91,1.794,"{'A': 24, 'B': 36, 'C': 5}",65,575.5,7.8,8.667,"{'A': 0.0, 'B': 0.0, 'C': 0.0}",0.0,7.8,ppo,56,low_battery_start,40.67,5014,3600.7,seen,1,below_reserve@3081s,0.1333
44,"{'A': 0.0, 'B': 0.0, 'C': 0.0}",2,99.93,1.643,"{'A': 24, 'B': 32, 'C': 4}",60,493.8,22.0,7.483,"{'A': 0.0, 'B': 0.0, 'C': 0.0}",0.0,22.0,ppo,52,low_battery_start,56.26,5015,3600.2,seen,0,,0.1247
44,"{'A': 0.0, 'B': 0.0, 'C': 0.0}",2,99.92,1.741,"{'A': 23, 'B': 32, 'C': 6}",61,488.2,22.2,7.539,"{'A': 0.0, 'B': 0.0, 'C': 0.0}",0.0,22.2,ppo,53,low_battery_start,57.23,5016,3600.9,seen,0,,0.1236
38,"{'A': 0.0, 'B': 0.0, 'C': 0.0}",3,99.93,1.685,"{'A': 23, 'B': 34, 'C': 5}",62,430.9,35.2,6.603,"{'A': 0.0, 'B': 0.0, 'C': 0.0}",0.0,24.0,ppo,53,low_battery_start,58.7,5017,3600.8,seen,0,,0.1065
44,"{'A': 0.0, 'B': 0.0, 'C': 0.0}",3,99.92,1.703,"{'A': 23, 'B': 34, 'C': 5}",62,511.8,21.6,7.594,"{'A': 0.0, 'B': 0.0, 'C': 0.0}",0.0,21.6,ppo,55,low_battery_start,58.2,5018,3600.4,seen,0,,0.1225
39,"{'A': 0.0, 'B': 0.0, 'C': 0.0}",4,99.93,1.838,"{'A': 24, 'B': 31, 'C': 5}",60,451.7,32.5,6.914,"{'A': 0.0, 'B': 0.0, 'C': 0.0}",0.0,25.5,ppo,52,low_battery_start,56.54,5019,3600.2,seen,0,,0.1152
44,"{'A': 0.0, 'B': 0.0, 'C': 0.0}",2,99.92,1.898,"{'A': 23, 'B': 32, 'C': 5}",60,518.3,18.7,7.9,"{'A': 0.0, 'B': 0.0, 'C': 0.0}",0.0,18.7,ppo,53,low_battery_start,56.05,5020,3600.9,seen,0,,0.1317
43,"{'A': 0.0, 'B': 0.0, 'C': 0.0}",2,99.92,1.937,"{'A': 23, 'B': 31, 'C': 5}",59,492.6,22.4,7.579,"{'A': 0.0, 'B': 0.0, 'C': 0.0}",0.0,22.4,ppo,53,low_battery_start,55.21,5021,3600.2,seen,0,,0.1285
42,"{'A': 0.0, 'B': 0.0, 'C': 0.0}",2,99.92,1.77,"{'A': 23, 'B': 35, 'C': 5}",63,493.6,23.0,7.565,"{'A': 0.0, 'B': 0.0, 'C': 0.0}",0.0,23.0,ppo,54,low_battery_start,59.22,5022,3600.7,seen,0,,0.1201
43,"{'A': 0.0, 'B': 0.0, 'C': 0.0}",2,99.92,1.963,"{'A': 22, 'B': 35, 'C': 6}",63,502.1,21.9,7.643,"{'A': 0.0, 'B': 0.0, 'C': 0.0}",0.0,21.9,ppo,55,low_battery_start,59.18,5023,3600.4,seen,0,,0.1213
45,"{'A': 0.0, 'B': 0.0, 'C': 0.0}",2,99.92,1.814,"{'A': 23, 'B': 33, 'C': 5}",61,536.8,15.7,8.142,"{'A': 0.0, 'B': 0.0, 'C': 0.0}",0.0,15.7,ppo,53,low_battery_start,56.93,5024,3600.4,seen,0,,0.1335
45,"{'A': 0.0, 'B': 0.0, 'C': 66.3}",2,99.92,1.633,"{'A': 21, 'B': 34, 'C': 6}",61,515.5,18.9,7.821,"{'A': 0.0, 'B': 0.0, 'C': 0.09}",0.09,18.9,ppo,52,low_battery_start,57.0,5025,3600.7,seen,0,,0.1282
46,"{'A': 0.0, 'B': 0.0, 'C': 53.1}",2,99.92,1.669,"{'A': 22, 'B': 34, 'C': 6}",62,525.8,16.8,7.891,"{'A': 0.0, 'B': 0.0, 'C': 0.07}",0.07,16.8,ppo,54,low_battery_start,57.98,5026,3600.2,seen,0,,0.1273
40,"{'A': 0.0, 'B': 0.0, 'C': 108.6}",5,99.93,1.76,"{'A': 17, 'B': 33, 'C': 5}",55,450.2,33.9,6.679,"{'A': 0.0, 'B': 0.0, 'C': 0.15}",0.15,27.4,ppo,46,low_battery_start,51.51,5027,3600.5,seen,0,,0.1214
35,"{'A': 0.0, 'B': 0.0, 'C': 0.0}",3,99.94,1.781,"{'A': 20, 'B': 26, 'C': 4}",50,418.1,39.2,6.292,"{'A': 0.0, 'B': 0.0, 'C': 0.0}",0.0,20.3,ppo,53,low_battery_start,46.85,5028,3600.0,seen,0,,0.1258
42,"{'A': 0.0, 'B': 0.0, 'C': 0.0}",3,99.93,1.702,"{'A': 18, 'B': 32, 'C': 5}",55,483.4,26.4,7.226,"{'A': 0.0, 'B': 0.0, 'C': 0.0}",0.0,24.0,ppo,47,low_battery_start,51.39,5029,3600.5,seen,0,,0.1314
58,"{'A': 0.0, 'B': 0.0, 'C': 0.0}",0,99.89,1.962,"{'A': 19, 'B': 62, 'C': 4}",85,737.3,49.4,11.138,"{'A': 0.0, 'B': 0.0, 'C': 0.0}",0.0,49.4,ppo,84,one_hot_section,79.43,5000,3600.6,seen,0,,0.131
58,"{'A': 0.0, 'B': 0.0, 'C': 0.0}",0,99.89,1.775,"{'A': 17, 'B': 61, 'C': 4}",82,735.5,49.3,11.163,"{'A': 0.0, 'B': 0.0, 'C': 0.0}",0.0,49.3,ppo,84,one_hot_section,76.42,5001,3600.0,seen,0,,0.1361
58,"{'A': 0.0, 'B': 0.0, 'C': 0.0}",0,99.89,1.722,"{'A': 19, 'B': 61, 'C': 4}",84,737.3,49.5,11.112,"{'A': 0.0, 'B': 0.0, 'C': 0.0}",0.0,49.5,ppo,83,one_hot_section,78.44,5002,3600.6,seen,0,,0.1323
55,"{'A': 0.0, 'B': 0.0, 'C': 0.0}",2,99.9,1.685,"{'A': 19, 'B': 43, 'C': 5}",67,647.1,65.3,9.63,"{'A': 0.0, 'B': 0.0, 'C': 0.0}",0.0,65.3,ppo,67,one_hot_section,62.18,5003,3600.2,seen,0,,0.1437
58,"{'A': 0.0, 'B': 0.0, 'C': 0.0}",0,99.89,1.699,"{'A': 21, 'B': 61, 'C': 4}",86,737.2,48.4,11.359,"{'A': 0.0, 'B': 0.0, 'C': 0.0}",0.0,48.4,ppo,85,one_hot_section,80.32,5004,3600.2,seen,0,,0.1321
59,"{'A': 0.0, 'B': 0.0, 'C': 0.0}",0,99.89,1.763,"{'A': 20, 'B': 57, 'C': 4}",81,725.8,50.4,10.902,"{'A': 0.0, 'B': 0.0, 'C': 0.0}",0.0,50.4,ppo,82,one_hot_section,75.55,5005,3600.9,seen,0,,0.1346
57,"{'A': 0.0, 'B': 0.0, 'C': 0.0}",0,99.89,1.806,"{'A': 20, 'B': 61, 'C': 4}",85,735.0,48.7,11.282,"{'A': 0.0, 'B': 0.0, 'C': 0.0}",0.0,48.7,ppo,85,one_hot_section,79.36,5006,3600.6,seen,0,,0.1327
57,"{'A': 0.0, 'B': 0.0, 'C': 0.0}",0,99.89,1.662,"{'A': 20, 'B': 63, 'C': 4}",87,748.8,48.2,11.386,"{'A': 0.0, 'B': 0.0, 'C': 0.0}",0.0,48.2,ppo,85,one_hot_section,81.31,5007,3600.1,seen,0,,0.1309
57,"{'A': 0.0, 'B': 0.0, 'C': 0.0}",0,99.89,1.629,"{'A': 20, 'B': 60, 'C': 4}",84,739.9,49.2,11.186,"{'A': 0.0, 'B': 0.0, 'C': 0.0}",0.0,49.2,ppo,83,one_hot_section,78.41,5008,3600.3,seen,0,,0.1332
57,"{'A': 0.0, 'B': 0.0, 'C': 0.0}",0,99.89,1.741,"{'A': 19, 'B': 59, 'C': 4}",82,734.0,48.7,11.289,"{'A': 0.0, 'B': 0.0, 'C': 0.0}",0.0,48.7,ppo,83,one_hot_section,76.36,5009,3600.0,seen,0,,0.1377
59,"{'A': 0.0, 'B': 0.0, 'C': 0.0}",0,99.89,1.61,"{'A': 14, 'B': 61, 'C': 5}",80,698.5,50.3,10.943,"{'A': 0.0, 'B': 0.0, 'C': 0.0}",0.0,50.3,ppo,78,one_hot_section,74.53,5010,3600.1,seen,0,,0.1368
58,"{'A': 0.0, 'B': 0.0, 'C': 0.0}",0,99.89,1.689,"{'A': 20, 'B': 64, 'C': 4}",88,737.4,48.9,11.248,"{'A': 0.0, 'B': 0.0, 'C': 0.0}",0.0,48.9,ppo,86,one_hot_section,82.38,5011,3600.9,seen,0,,0.1278
58,"{'A': 0.0, 'B': 0.0, 'C': 0.0}",0,99.89,2.047,"{'A': 20, 'B': 59, 'C': 4}",83,736.8,49.1,11.192,"{'A': 0.0, 'B': 0.0, 'C': 0.0}",0.0,49.1,ppo,83,one_hot_section,77.4,5012,3600.3,seen,0,,0.1348
58,"{'A': 0.0, 'B': 0.0, 'C': 0.0}",0,99.89,1.767,"{'A': 21, 'B': 58, 'C': 4}",83,733.1,49.1,11.192,"{'A': 0.0, 'B': 0.0, 'C': 0.0}",0.0,49.1,ppo,84,one_hot_section,77.4,5013,3600.8,seen,0,,0.1348
58,"{'A': 0.0, 'B': 0.0, 'C': 0.0}",0,99.89,1.584,"{'A': 20, 'B': 60, 'C': 4}",84,737.1,48.4,11.35,"{'A': 0.0, 'B': 0.0, 'C': 0.0}",0.0,48.4,ppo,86,one_hot_section,78.32,5014,3600.1,seen,0,,0.1351
58,"{'A': 0.0, 'B': 0.0, 'C': 0.0}",0,99.89,1.76,"{'A': 18, 'B': 60, 'C': 3}",81,737.1,49.7,11.071,"{'A': 0.0, 'B': 0.0, 'C': 0.0}",0.0,49.7,ppo,81,one_hot_section,75.46,5015,3600.1,seen,0,,0.1367
57,"{'A': 0.0, 'B': 0.0, 'C': 0.0}",0,99.89,1.628,"{'A': 20, 'B': 60, 'C': 4}",84,747.7,48.4,11.363,"{'A': 0.0, 'B': 0.0, 'C': 0.0}",0.0,48.4,ppo,83,one_hot_section,78.32,5016,3600.2,seen,0,,0.1353
58,"{'A': 0.0, 'B': 0.0, 'C': 0.0}",0,99.89,1.983,"{'A': 20, 'B': 58, 'C': 4}",82,728.3,50.4,10.915,"{'A': 0.0, 'B': 0.0, 'C': 0.0}",0.0,50.4,ppo,82,one_hot_section,76.54,5017,3600.5,seen,0,,0.1331
57,"{'A': 0.0, 'B': 0.0, 'C': 0.0}",0,99.89,1.772,"{'A': 20, 'B': 59, 'C': 3}",82,739.2,49.8,11.039,"{'A': 0.0, 'B': 0.0, 'C': 0.0}",0.0,49.8,ppo,83,one_hot_section,76.48,5018,3600.5,seen,0,,0.1346
59,"{'A': 0.0, 'B': 0.0, 'C': 0.0}",0,99.89,1.687,"{'A': 20, 'B': 62, 'C': 4}",86,725.6,50.7,10.847,"{'A': 0.0, 'B': 0.0, 'C': 0.0}",0.0,50.7,ppo,86,one_hot_section,80.58,5019,3600.6,seen,0,,0.1261
57,"{'A': 0.0, 'B': 0.0, 'C': 0.0}",0,99.89,1.601,"{'A': 19, 'B': 58, 'C': 4}",81,749.0,48.4,11.353,"{'A': 0.0, 'B': 0.0, 'C': 0.0}",0.0,48.4,ppo,83,one_hot_section,75.32,5020,3600.6,seen,0,,0.1402
57,"{'A': 0.0, 'B': 0.0, 'C': 0.0}",0,99.89,1.648,"{'A': 20, 'B': 59, 'C': 4}",83,747.5,49.4,11.142,"{'A': 0.0, 'B': 0.0, 'C': 0.0}",0.0,49.4,ppo,82,one_hot_section,77.43,5021,3600.6,seen,0,,0.1342
57,"{'A': 0.0, 'B': 0.0, 'C': 0.0}",0,99.89,1.694,"{'A': 19, 'B': 62, 'C': 4}",85,742.9,49.0,11.21,"{'A': 0.0, 'B': 0.0, 'C': 0.0}",0.0,49.0,ppo,83,one_hot_section,79.39,5022,3600.8,seen,0,,0.1319
57,"{'A': 0.0, 'B': 0.0, 'C': 0.0}",0,99.89,1.605,"{'A': 20, 'B': 58, 'C': 4}",82,742.4,49.1,11.2,"{'A': 0.0, 'B': 0.0, 'C': 0.0}",0.0,49.1,ppo,84,one_hot_section,76.4,5023,3600.5,seen,0,,0.1366
57,"{'A': 0.0, 'B': 0.0, 'C': 0.0}",0,99.89,1.913,"{'A': 21, 'B': 60, 'C': 4}",85,738.2,49.7,11.072,"{'A': 0.0, 'B': 0.0, 'C': 0.0}",0.0,49.7,ppo,86,one_hot_section,79.46,5024,3600.9,seen,0,,0.1303
59,"{'A': 0.0, 'B': 0.0, 'C': 0.0}",0,99.89,1.829,"{'A': 19, 'B': 58, 'C': 5}",82,725.7,50.0,11.01,"{'A': 0.0, 'B': 0.0, 'C': 0.0}",0.0,50.0,ppo,82,one_hot_section,76.49,5025,3600.7,seen,0,,0.1343
58,"{'A': 0.0, 'B': 0.0, 'C': 0.0}",0,99.89,1.974,"{'A': 19, 'B': 60, 'C': 4}",83,737.1,49.3,11.149,"{'A': 0.0, 'B': 0.0, 'C': 0.0}",0.0,49.3,ppo,85,one_hot_section,77.43,5026,3600.1,seen,0,,0.1343
61,"{'A': 0.0, 'B': 0.0, 'C': 0.0}",0,99.89,1.663,"{'A': 14, 'B': 60, 'C': 4}",78,702.1,52.1,10.549,"{'A': 0.0, 'B': 0.0, 'C': 0.0}",0.0,52.1,ppo,76,one_hot_section,72.73,5027,3600.3,seen,0,,0.1352
58,"{'A': 0.0, 'B': 0.0, 'C': 0.0}",0,99.89,1.518,"{'A': 19, 'B': 61, 'C': 5}",85,737.4,49.5,11.121,"{'A': 0.0, 'B': 0.0, 'C': 0.0}",0.0,49.5,ppo,83,one_hot_section,79.44,5028,3600.7,seen,0,,0.1308
59,"{'A': 0.0, 'B': 0.0, 'C': 0.0}",0,99.89,1.522,"{'A': 13, 'B': 60, 'C': 4}",77,719.6,50.4,10.918,"{'A': 0.0, 'B': 0.0, 'C': 0.0}",0.0,50.4,ppo,78,one_hot_section,71.54,5029,3600.1,seen,0,,0.1418
60,"{'A': 0.0, 'B': 0.0, 'C': 0.0}",1,99.9,2.144,"{'A': 20, 'B': 11, 'C': 4}",35,591.2,59.7,9.501,"{'A': 0.0, 'B': 0.0, 'C': 0.0}",0.0,59.7,ppo,33,section_breakdown,30.25,5000,3600.9,unseen,0,,0.2715
55,"{'A': 0.0, 'B': 0.0, 'C': 0.0}",5,99.92,2.045,"{'A': 21, 'B': 10, 'C': 4}",35,568.5,76.1,8.349,"{'A': 0.0, 'B': 0.0, 'C': 0.0}",0.0,76.1,ppo,32,section_breakdown,30.83,5001,3600.6,unseen,0,,0.2385
54,"{'A': 0.0, 'B': 0.0, 'C': 0.0}",4,99.92,2.192,"{'A': 20, 'B': 10, 'C': 4}",34,525.2,79.1,7.94,"{'A': 0.0, 'B': 0.0, 'C': 0.0}",0.0,79.1,ppo,34,section_breakdown,30.03,5002,3600.6,unseen,0,,0.2335
55,"{'A': 0.0, 'B': 0.0, 'C': 0.0}",3,99.91,2.081,"{'A': 21, 'B': 15, 'C': 5}",41,625.9,68.6,9.203,"{'A': 0.0, 'B': 0.0, 'C': 0.0}",0.0,68.6,ppo,38,section_breakdown,36.4,5003,3600.8,unseen,0,,0.2245
54,"{'A': 0.0, 'B': 0.0, 'C': 0.0}",6,99.92,2.071,"{'A': 21, 'B': 12, 'C': 3}",36,543.1,79.0,8.132,"{'A': 0.0, 'B': 0.0, 'C': 0.0}",0.0,79.0,ppo,34,section_breakdown,31.93,5004,3600.7,unseen,0,,0.2259
59,"{'A': 0.0, 'B': 0.0, 'C': 0.0}",0,99.9,2.049,"{'A': 21, 'B': 17, 'C': 3}",41,672.3,54.1,10.093,"{'A': 0.0, 'B': 0.0, 'C': 0.0}",0.0,54.1,ppo,39,section_breakdown,35.95,5005,3600.9,unseen,0,,0.2462
49,"{'A': 0.0, 'B': 0.0, 'C': 0.0}",1,99.91,2.155,"{'A': 19, 'B': 19, 'C': 4}",42,593.0,74.7,8.835,"{'A': 0.0, 'B': 0.0, 'C': 0.0}",0.0,74.7,ppo,43,section_breakdown,37.58,5006,3600.4,unseen,0,,0.2103
55,"{'A': 0.0, 'B': 0.0, 'C': 0.0}",4,99.91,2.175,"{'A': 19, 'B': 20, 'C': 4}",43,597.5,72.8,8.67,"{'A': 0.0, 'B': 0.0, 'C': 0.0}",0.0,72.8,ppo,42,section_breakdown,38.67,5007,3600.1,unseen,0,,0.2016
57,"{'A': 0.0, 'B': 0.0, 'C': 0.0}",0,99.89,2.162,"{'A': 22, 'B': 13, 'C': 4}",39,669.3,52.1,10.534,"{'A': 0.0, 'B': 0.0, 'C': 0.0}",0.0,52.1,ppo,36,section_breakdown,33.73,5008,3600.1,unseen,0,,0.2701
51,"{'A': 0.0, 'B': 0.0, 'C': 0.0}",1,99.91,2.339,"{'A': 21, 'B': 13, 'C': 5}",39,558.8,74.4,8.563,"{'A': 0.0, 'B': 0.0, 'C': 0.0}",0.0,74.4,ppo,37,section_breakdown,34.72,5009,3600.8,unseen,0,,0.2196
45,"{'A': 0.0, 'B': 0.0, 'C': 0.0}",4,99.94,2.101,"{'A': 14, 'B': 8, 'C': 5}",27,377.9,97.4,6.083,"{'A': 0.0, 'B': 0.0, 'C': 0.0}",0.0,89.3,ppo,24,section_breakdown,23.96,5010,3600.0,unseen,0,,0.2253
56,"{'A': 0.0, 'B': 0.0, 'C': 0.0}",3,99.91,2.107,"{'A': 19, 'B': 16, 'C': 4}",39,593.5,68.0,9.075,"{'A': 0.0, 'B': 0.0, 'C': 0.0}",0.0,68.0,ppo,38,section_breakdown,34.46,5011,3600.8,unseen,0,,0.2327
49,"{'A': 0.0, 'B': 0.0, 'C': 0.0}",1,99.92,1.945,"{'A': 19, 'B': 8, 'C': 5}",32,485.8,84.7,7.567,"{'A': 0.0, 'B': 0.0, 'C': 0.0}",0.0,80.9,ppo,30,section_breakdown,28.22,5012,3600.7,unseen,0,,0.2365
55,"{'A': 0.0, 'B': 0.0, 'C': 0.0}",3,99.91,2.191,"{'A': 19, 'B': 11, 'C': 4}",34,554.1,73.1,8.539,"{'A': 0.0, 'B': 0.0, 'C': 0.0}",0.0,73.1,ppo,32,section_breakdown,29.73,5013,3600.8,unseen,0,,0.2511
49,"{'A': 0.0, 'B': 0.0, 'C': 0.0}",1,99.92,2.199,"{'A': 20, 'B': 12, 'C': 4}",36,529.4,80.0,8.153,"{'A': 0.0, 'B': 0.0, 'C': 0.0}",0.0,80.0,ppo,33,section_breakdown,31.92,5014,3600.4,unseen,0,,0.2265
60,"{'A': 0.0, 'B': 0.0, 'C': 0.0}",0,99.9,2.232,"{'A': 20, 'B': 13, 'C': 3}",36,608.8,56.4,9.593,"{'A': 0.0, 'B': 0.0, 'C': 0.0}",0.0,56.4,ppo,33,section_breakdown,31.2,5015,3600.9,unseen,0,,0.2665
55,"{'A': 0.0, 'B': 0.0, 'C': 0.0}",3,99.91,2.335,"{'A': 20, 'B': 17, 'C': 5}",42,614.9,67.3,9.256,"{'A': 0.0, 'B': 0.0, 'C': 0.0}",0.0,67.3,ppo,40,section_breakdown,37.37,5016,3600.6,unseen,0,,0.2204
52,"{'A': 0.0, 'B': 0.0, 'C': 0.0}",3,99.92,2.16,"{'A': 21, 'B': 7, 'C': 5}",33,503.5,80.7,7.877,"{'A': 0.0, 'B': 0.0, 'C': 0.0}",0.0,80.7,ppo,30,section_breakdown,29.06,5017,3600.9,unseen,0,,0.2387
54,"{'A': 0.0, 'B': 0.0, 'C': 0.0}",4,99.91,1.967,"{'A': 20, 'B': 19, 'C': 4}",43,607.7,74.3,8.672,"{'A': 0.0, 'B': 0.0, 'C': 0.0}",0.0,74.3,ppo,41,section_breakdown,38.66,5018,3600.2,unseen,0,,0.2017
57,"{'A': 0.0, 'B': 0.0, 'C': 0.0}",6,99.92,2.119,"{'A': 20, 'B': 11, 'C': 4}",35,563.1,74.6,8.341,"{'A': 0.0, 'B': 0.0, 'C': 0.0}",0.0,74.6,ppo,33,section_breakdown,30.83,5019,3600.8,unseen,0,,0.2383
52,"{'A': 0.0, 'B': 0.0, 'C': 0.0}",4,99.92,1.976,"{'A': 20, 'B': 13, 'C': 3}",36,549.0,79.5,8.002,"{'A': 0.0, 'B': 0.0, 'C': 0.0}",0.0,79.5,ppo,37,section_breakdown,32.0,5020,3600.7,unseen,0,,0.2223
53,"{'A': 0.0, 'B': 0.0, 'C': 0.0}",3,99.91,1.957,"{'A': 20, 'B': 23, 'C': 4}",47,632.9,70.4,9.14,"{'A': 0.0, 'B': 0.0, 'C': 0.0}",0.0,70.4,ppo,46,section_breakdown,42.43,5021,3600.7,unseen,0,,0.1945
53,"{'A': 0.0, 'B': 0.0, 'C': 0.0}",2,99.91,2.039,"{'A': 19, 'B': 23, 'C': 4}",46,641.2,67.9,9.299,"{'A': 0.0, 'B': 0.0, 'C': 0.0}",0.0,67.9,ppo,46,section_breakdown,41.35,5022,3600.0,unseen,0,,0.2021
52,"{'A': 0.0, 'B': 0.0, 'C': 0.0}",3,99.92,2.128,"{'A': 21, 'B': 12, 'C': 4}",37,517.8,80.3,7.941,"{'A': 0.0, 'B': 0.0, 'C': 0.0}",0.0,80.3,ppo,36,section_breakdown,33.03,5023,3600.7,unseen,0,,0.2146
58,"{'A': 0.0, 'B': 0.0, 'C': 0.0}",0,99.9,2.057,"{'A': 20, 'B': 14, 'C': 4}",38,643.7,53.3,10.284,"{'A': 0.0, 'B': 0.0, 'C': 0.0}",0.0,53.3,ppo,35,section_breakdown,32.86,5024,3600.6,unseen,0,,0.2706
56,"{'A': 0.0, 'B': 0.0, 'C': 0.0}",3,99.91,2.132,"{'A': 20, 'B': 16, 'C': 5}",41,578.2,71.0,8.691,"{'A': 0.0, 'B': 0.0, 'C': 0.0}",0.0,71.0,ppo,40,section_breakdown,36.65,5025,3600.6,unseen,0,,0.212
46,"{'A': 0.0, 'B': 0.0, 'C': 0.0}",1,99.92,2.371,"{'A': 19, 'B': 19, 'C': 4}",42,543.6,84.1,8.026,"{'A': 0.0, 'B': 0.0, 'C': 0.0}",0.0,79.4,ppo,40,section_breakdown,37.99,5026,3600.9,unseen,0,,0.1911
60,"{'A': 0.0, 'B': 0.0, 'C': 0.0}",3,99.93,2.025,"{'A': 15, 'B': 7, 'C': 5}",27,437.9,72.8,7.19,"{'A': 0.0, 'B': 0.0, 'C': 0.0}",0.0,72.8,ppo,24,section_breakdown,23.4,5027,3600.9,unseen,0,,0.2663
44,"{'A': 0.0, 'B': 0.0, 'C': 0.0}",2,99.92,2.329,"{'A': 20, 'B': 19, 'C': 4}",43,542.5,82.6,8.362,"{'A': 0.0, 'B': 0.0, 'C': 0.0}",0.0,82.3,ppo,41,section_breakdown,38.82,5028,3600.2,unseen,0,,0.1945
55,"{'A': 0.0, 'B': 0.0, 'C': 0.0}",2,99.91,1.9,"{'A': 13, 'B': 22, 'C': 5}",40,597.6,70.0,8.881,"{'A': 0.0, 'B': 0.0, 'C': 0.0}",0.0,70.0,ppo,40,section_breakdown,35.56,5029,3600.4,unseen,0,,0.222
58,"{'A': 0.0, 'B': 0.0, 'C': 500.3}",0,99.89,1.737,"{'A': 20, 'B': 30, 'C': 4}",54,725.6,52.0,10.562,"{'A': 0.0, 'B': 0.0, 'C': 0.69}",0.69,52.0,ppo,54,small_buffers,48.02,5000,3600.6,unseen,0,,0.1956
58,"{'A': 0.0, 'B': 0.0, 'C': 483.9}",0,99.89,1.967,"{'A': 19, 'B': 33, 'C': 4}",56,725.6,51.5,10.673,"{'A': 0.0, 'B': 0.0, 'C': 0.67}",0.67,51.5,ppo,55,small_buffers,49.99,5001,3600.6,unseen,0,,0.1906
59,"{'A': 0.0, 'B': 0.0, 'C': 344.9}",0,99.89,1.762,"{'A': 19, 'B': 30, 'C': 4}",53,725.7,51.9,10.579,"{'A': 0.0, 'B': 0.0, 'C': 0.48}",0.48,51.9,ppo,53,small_buffers,47.23,5002,3600.7,unseen,0,,0.1996
55,"{'A': 0.0, 'B': 0.0, 'C': 350.1}",2,99.9,1.765,"{'A': 19, 'B': 22, 'C': 4}",45,639.3,64.1,9.539,"{'A': 0.0, 'B': 0.0, 'C': 0.49}",0.49,64.1,ppo,45,small_buffers,39.74,5003,3600.2,unseen,0,,0.212
57,"{'A': 0.0, 'B': 0.0, 'C': 340.8}",0,99.89,1.715,"{'A': 20, 'B': 29, 'C': 3}",52,740.5,50.7,10.842,"{'A': 0.0, 'B': 0.0, 'C': 0.47}",0.47,50.7,ppo,53,small_buffers,46.11,5004,3600.6,unseen,0,,0.2085
58,"{'A': 0.0, 'B': 0.0, 'C': 347.1}",0,99.9,1.802,"{'A': 20, 'B': 30, 'C': 3}",53,708.8,52.3,10.499,"{'A': 0.0, 'B': 0.0, 'C': 0.48}",0.48,52.3,ppo,51,small_buffers,47.27,5005,3600.5,unseen,0,,0.1981
58,"{'A': 0.0, 'B': 0.0, 'C': 476.7}",0,99.89,1.973,"{'A': 20, 'B': 31, 'C': 4}",55,729.5,51.1,10.75,"{'A': 0.0, 'B': 0.0, 'C': 0.66}",0.66,51.1,ppo,55,small_buffers,48.96,5006,3600.4,unseen,0,,0.1955
58,"{'A': 32.7, 'B': 0.0, 'C': 517.1}",0,99.89,1.614,"{'A': 20, 'B': 31, 'C': 4}",55,713.7,51.9,10.589,"{'A': 0.18, 'B': 0.0, 'C': 0.72}",0.9,51.9,ppo,54,small_buffers,48.81,5007,3600.1,unseen,0,,0.1925
57,"{'A': 0.0, 'B': 0.0, 'C': 447.6}",0,99.89,1.593,"{'A': 20, 'B': 28, 'C': 4}",52,737.1,50.1,10.975,"{'A': 0.0, 'B': 0.0, 'C': 0.62}",0.62,50.1,ppo,53,small_buffers,45.89,5008,3600.0,unseen,0,,0.2111
57,"{'A': 0.0, 'B': 0.0, 'C': 413.2}",0,99.89,1.729,"{'A': 19, 'B': 29, 'C': 3}",51,717.6,51.4,10.697,"{'A': 0.0, 'B': 0.0, 'C': 0.57}",0.57,51.4,ppo,50,small_buffers,45.08,5009,3600.9,unseen,0,,0.2097
59,"{'A': 0.0, 'B': 0.0, 'C': 327.3}",0,99.89,1.858,"{'A': 14, 'B': 31, 'C': 4}",49,725.5,51.8,10.601,"{'A': 0.0, 'B': 0.0, 'C': 0.45}",0.45,51.8,ppo,48,small_buffers,43.24,5010,3600.3,unseen,0,,0.2163
57,"{'A': 0.0, 'B': 0.0, 'C': 449.9}",0,99.89,1.952,"{'A': 19, 'B': 28, 'C': 4}",51,726.5,51.3,10.707,"{'A': 0.0, 'B': 0.0, 'C': 0.62}",0.62,51.3,ppo,51,small_buffers,45.02,5011,3600.7,unseen,0,,0.2099
58,"{'A': 0.0, 'B': 0.0, 'C': 595.4}",0,99.89,1.861,"{'A': 19, 'B': 29, 'C': 4}",52,737.3,51.0,10.782,"{'A': 0.0, 'B': 0.0, 'C': 0.83}",0.83,51.0,ppo,53,small_buffers,45.78,5012,3600.5,unseen,0,,0.2073
57,"{'A': 0.0, 'B': 0.0, 'C': 504.4}",0,99.89,2.053,"{'A': 19, 'B': 29, 'C': 4}",52,737.1,50.4,10.902,"{'A': 0.0, 'B': 0.0, 'C': 0.7}",0.7,50.4,ppo,52,small_buffers,45.85,5013,3600.1,unseen,0,,0.2096
58,"{'A': 0.0, 'B': 0.0, 'C': 486.5}",0,99.89,1.706,"{'A': 20, 'B': 30, 'C': 4}",54,725.7,50.5,10.883,"{'A': 0.0, 'B': 0.0, 'C': 0.68}",0.68,50.5,ppo,54,small_buffers,47.88,5014,3600.7,unseen,0,,0.2015
58,"{'A': 0.0, 'B': 0.0, 'C': 146.8}",0,99.9,1.595,"{'A': 19, 'B': 29, 'C': 2}",50,714.0,52.6,10.425,"{'A': 0.0, 'B': 0.0, 'C': 0.2}",0.2,52.6,ppo,49,small_buffers,44.58,5015,3600.8,unseen,0,,0.2085
57,"{'A': 2.9, 'B': 0.0, 'C': 489.1}",0,99.89,1.713,"{'A': 17, 'B': 28, 'C': 4}",49,739.2,50.5,10.888,"{'A': 0.02, 'B': 0.0, 'C': 0.68}",0.7,50.5,ppo,52,small_buffers,42.86,5016,3600.3,unseen,0,,0.2222
57,"{'A': 0.0, 'B': 0.0, 'C': 358.2}",0,99.89,1.66,"{'A': 19, 'B': 31, 'C': 4}",54,713.8,51.4,10.697,"{'A': 0.0, 'B': 0.0, 'C': 0.5}",0.5,51.4,ppo,54,small_buffers,48.15,5017,3600.3,unseen,0,,0.1981
56,"{'A': 0.0, 'B': 0.0, 'C': 387.9}",0,99.89,1.806,"{'A': 19, 'B': 29, 'C': 3}",51,713.8,51.9,10.579,"{'A': 0.0, 'B': 0.0, 'C': 0.54}",0.54,51.9,ppo,53,small_buffers,45.17,5018,3600.3,unseen,0,,0.2074
59,"{'A': 0.0, 'B': 0.0, 'C': 464.2}",0,99.9,1.639,"{'A': 19, 'B': 28, 'C': 4}",51,713.8,52.4,10.475,"{'A': 0.0, 'B': 0.0, 'C': 0.64}",0.64,52.4,ppo,52,small_buffers,45.12,5019,3600.4,unseen,0,,0.2054
57,"{'A': 0.5, 'B': 0.0, 'C': 334.0}",0,99.89,1.675,"{'A': 20, 'B': 28, 'C': 3}",51,740.2,51.4,10.696,"{'A': 0.0, 'B': 0.0, 'C': 0.46}",0.47,51.4,ppo,51,small_buffers,45.19,5020,3600.0,unseen,0,,0.2097
58,"{'A': 7.7, 'B': 0.0, 'C': 475.8}",0,99.89,1.675,"{'A': 20, 'B': 27, 'C': 4}",51,713.9,51.3,10.719,"{'A': 0.04, 'B': 0.0, 'C': 0.66}",0.7,51.3,ppo,51,small_buffers,44.94,5021,3600.4,unseen,0,,0.2102
58,"{'A': 0.0, 'B': 0.0, 'C': 356.0}",0,99.89,1.751,"{'A': 20, 'B': 29, 'C': 4}",53,713.8,51.1,10.755,"{'A': 0.0, 'B': 0.0, 'C': 0.49}",0.49,51.1,ppo,54,small_buffers,47.13,5022,3600.2,unseen,0,,0.2029
58,"{'A': 0.0, 'B': 0.0, 'C': 471.2}",0,99.89,1.673,"{'A': 19, 'B': 30, 'C': 4}",53,737.1,51.1,10.759,"{'A': 0.0, 'B': 0.0, 'C': 0.65}",0.65,51.1,ppo,52,small_buffers,46.97,5023,3600.1,unseen,0,,0.203
57,"{'A': 0.0, 'B': 0.0, 'C': 345.7}",0,99.89,1.69,"{'A': 19, 'B': 30, 'C': 3}",52,720.2,51.7,10.636,"{'A': 0.0, 'B': 0.0, 'C': 0.48}",0.48,51.7,ppo,52,small_buffers,46.2,5024,3600.7,unseen,0,,0.2045
58,"{'A': 0.0, 'B': 0.0, 'C': 476.1}",0,99.89,2.004,"{'A': 17, 'B': 30, 'C': 5}",52,702.8,52.1,10.548,"{'A': 0.0, 'B': 0.0, 'C': 0.66}",0.66,52.1,ppo,54,small_buffers,46.06,5025,3600.1,unseen,0,,0.2028
58,"{'A': 85.2, 'B': 0.0, 'C': 509.8}",0,99.89,1.773,"{'A': 19, 'B': 29, 'C': 4}",52,713.9,51.3,10.707,"{'A': 0.47, 'B': 0.0, 'C': 0.71}",1.18,51.3,ppo,52,small_buffers,45.47,5026,3600.4,unseen,0,,0.2059
62,"{'A': 6.3, 'B': 0.0, 'C': 326.6}",0,99.9,1.739,"{'A': 14, 'B': 31, 'C': 4}",49,678.9,54.5,10.018,"{'A': 0.04, 'B': 0.0, 'C': 0.45}",0.49,54.5,ppo,49,small_buffers,43.5,5027,3600.8,unseen,0,,0.2045
57,"{'A': 0.0, 'B': 0.0, 'C': 344.7}",0,99.89,1.7,"{'A': 20, 'B': 30, 'C': 4}",54,728.7,51.4,10.688,"{'A': 0.0, 'B': 0.0, 'C': 0.48}",0.48,51.4,ppo,53,small_buffers,48.18,5028,3600.4,unseen,0,,0.1979
59,"{'A': 8.1, 'B': 0.0, 'C': 463.7}",0,99.9,1.636,"{'A': 13, 'B': 30, 'C': 4}",47,667.0,53.5,10.222,"{'A': 0.04, 'B': 0.0, 'C': 0.64}",0.69,53.5,ppo,47,small_buffers,41.2,5029,3600.2,unseen,0,,0.2175
57,"{'A': 0.0, 'B': 0.0, 'C': 0.0}",0,44.88,1.831,"{'A': 20, 'B': 32, 'C': 4}",56,737.2,47.4,11.562,"{'A': 0.0, 'B': 0.0, 'C': 0.0}",0.0,47.4,ppo,55,worn_robot,50.22,5000,3600.3,seen,0,,0.2065
58,"{'A': 0.0, 'B': 0.0, 'C': 0.0}",0,44.88,1.794,"{'A': 20, 'B': 31, 'C': 4}",55,725.7,47.5,11.548,"{'A': 0.0, 'B': 0.0, 'C': 0.0}",0.0,47.5,ppo,53,worn_robot,49.23,5001,3600.8,seen,0,,0.21
59,"{'A': 0.0, 'B': 0.0, 'C': 0.0}",0,44.89,1.611,"{'A': 19, 'B': 32, 'C': 5}",56,713.9,48.2,11.391,"{'A': 0.0, 'B': 0.0, 'C': 0.0}",0.0,48.2,ppo,54,worn_robot,50.3,5002,3600.5,seen,0,,0.2034
54,"{'A': 0.0, 'B': 0.0, 'C': 0.0}",2,44.9,1.763,"{'A': 20, 'B': 23, 'C': 4}",47,648.2,64.1,9.989,"{'A': 0.0, 'B': 0.0, 'C': 0.0}",0.0,64.1,ppo,46,worn_robot,42.01,5003,3600.1,seen,0,,0.2125
58,"{'A': 0.0, 'B': 0.0, 'C': 0.0}",0,44.88,1.615,"{'A': 21, 'B': 29, 'C': 4}",54,734.1,46.7,11.728,"{'A': 0.0, 'B': 0.0, 'C': 0.0}",0.0,46.7,ppo,54,worn_robot,48.14,5004,3600.4,seen,0,,0.2172
54,"{'A': 0.0, 'B': 0.0, 'C': 0.0}",1,44.9,1.676,"{'A': 20, 'B': 31, 'C': 3}",54,671.3,59.5,10.462,"{'A': 0.0, 'B': 0.0, 'C': 0.0}",0.0,59.5,ppo,51,worn_robot,48.77,5005,3600.4,seen,0,,0.1937
57,"{'A': 0.0, 'B': 0.0, 'C': 0.0}",0,44.88,1.909,"{'A': 20, 'B': 30, 'C': 4}",54,737.3,46.1,11.857,"{'A': 0.0, 'B': 0.0, 'C': 0.0}",0.0,46.1,ppo,54,worn_robot,48.07,5006,3600.5,seen,0,,0.2196
57,"{'A': 0.0, 'B': 0.0, 'C': 0.0}",0,44.88,1.732,"{'A': 21, 'B': 32, 'C': 4}",57,725.6,46.8,11.714,"{'A': 0.0, 'B': 0.0, 'C': 0.0}",0.0,46.8,ppo,56,worn_robot,51.14,5007,3600.4,seen,0,,0.2055
56,"{'A': 0.0, 'B': 0.0, 'C': 0.0}",0,44.88,1.903,"{'A': 21, 'B': 28, 'C': 4}",53,730.3,46.1,11.868,"{'A': 0.0, 'B': 0.0, 'C': 0.0}",0.0,46.1,ppo,52,worn_robot,47.07,5008,3600.6,seen,0,,0.2239
58,"{'A': 0.0, 'B': 0.0, 'C': 0.0}",0,44.88,1.819,"{'A': 19, 'B': 31, 'C': 4}",54,702.1,47.6,11.518,"{'A': 0.0, 'B': 0.0, 'C': 0.0}",0.0,47.6,ppo,52,worn_robot,48.24,5009,3600.2,seen,0,,0.2133
58,"{'A': 0.0, 'B': 0.0, 'C': 0.0}",0,44.89,1.712,"{'A': 14, 'B': 33, 'C': 5}",52,703.9,48.6,11.309,"{'A': 0.0, 'B': 0.0, 'C': 0.0}",0.0,48.6,ppo,49,worn_robot,46.35,5010,3600.8,seen,0,,0.2175
58,"{'A': 0.0, 'B': 0.0, 'C': 0.0}",0,44.88,1.668,"{'A': 20, 'B': 29, 'C': 4}",53,725.7,47.7,11.507,"{'A': 0.0, 'B': 0.0, 'C': 0.0}",0.0,47.7,ppo,53,worn_robot,47.25,5011,3600.9,seen,0,,0.2171
58,"{'A': 0.0, 'B': 0.0, 'C': 0.0}",0,44.88,1.483,"{'A': 21, 'B': 30, 'C': 4}",55,732.1,47.0,11.658,"{'A': 0.0, 'B': 0.0, 'C': 0.0}",0.0,47.0,ppo,54,worn_robot,49.17,5012,3600.3,seen,0,,0.212
57,"{'A': 0.0, 'B': 0.0, 'C': 0.0}",0,44.88,1.642,"{'A': 20, 'B': 30, 'C': 4}",54,749.1,45.9,11.9,"{'A': 0.0, 'B': 0.0, 'C': 0.0}",0.0,45.9,ppo,53,worn_robot,48.05,5013,3600.8,seen,0,,0.2204
57,"{'A': 0.0, 'B': 0.0, 'C': 0.0}",0,44.88,1.783,"{'A': 20, 'B': 31, 'C': 4}",55,737.3,45.6,11.958,"{'A': 0.0, 'B': 0.0, 'C': 0.0}",0.0,45.6,ppo,54,worn_robot,49.02,5014,3600.5,seen,0,,0.2174
60,"{'A': 0.0, 'B': 0.0, 'C': 0.0}",0,44.89,1.919,"{'A': 20, 'B': 30, 'C': 3}",53,702.1,49.8,11.044,"{'A': 0.0, 'B': 0.0, 'C': 0.0}",0.0,49.8,ppo,51,worn_robot,47.48,5015,3600.3,seen,0,,0.2084
57,"{'A': 0.0, 'B': 0.0, 'C': 0.0}",0,44.88,1.781,"{'A': 19, 'B': 31, 'C': 4}",54,725.5,46.9,11.68,"{'A': 0.0, 'B': 0.0, 'C': 0.0}",0.0,46.9,ppo,53,worn_robot,48.16,5016,3600.2,seen,0,,0.2163
57,"{'A': 0.0, 'B': 0.0, 'C': 0.0}",0,44.88,1.643,"{'A': 20, 'B': 30, 'C': 4}",54,733.3,47.2,11.624,"{'A': 0.0, 'B': 0.0, 'C': 0.0}",0.0,47.2,ppo,54,worn_robot,48.19,5017,3600.2,seen,0,,0.2153
55,"{'A': 0.0, 'B': 0.0, 'C': 0.0}",1,44.89,1.7,"{'A': 21, 'B': 31, 'C': 4}",56,711.1,53.3,11.253,"{'A': 0.0, 'B': 0.0, 'C': 0.0}",0.0,53.3,ppo,54,worn_robot,50.37,5018,3600.4,seen,0,,0.2009
59,"{'A': 0.0, 'B': 0.0, 'C': 0.0}",0,44.89,1.734,"{'A': 20, 'B': 30, 'C': 4}",54,725.5,48.1,11.428,"{'A': 0.0, 'B': 0.0, 'C': 0.0}",0.0,48.1,ppo,53,worn_robot,48.29,5019,3600.2,seen,0,,0.2116
57,"{'A': 0.0, 'B': 0.0, 'C': 0.0}",0,44.88,1.748,"{'A': 21, 'B': 30, 'C': 4}",55,749.1,46.7,11.734,"{'A': 0.0, 'B': 0.0, 'C': 0.0}",0.0,46.7,ppo,53,worn_robot,49.13,5020,3600.8,seen,0,,0.2133
54,"{'A': 0.0, 'B': 0.0, 'C': 0.0}",1,44.89,1.828,"{'A': 20, 'B': 31, 'C': 4}",55,668.5,59.1,10.558,"{'A': 0.0, 'B': 0.0, 'C': 0.0}",0.0,59.1,ppo,54,worn_robot,49.72,5021,3600.1,seen,0,,0.192
57,"{'A': 0.0, 'B': 0.0, 'C': 0.0}",0,44.88,1.881,"{'A': 19, 'B': 31, 'C': 4}",54,721.1,46.8,11.707,"{'A': 0.0, 'B': 0.0, 'C': 0.0}",0.0,46.8,ppo,53,worn_robot,48.15,5022,3600.1,seen,0,,0.2168
57,"{'A': 0.0, 'B': 0.0, 'C': 0.0}",0,44.88,1.717,"{'A': 20, 'B': 31, 'C': 4}",55,737.5,46.7,11.719,"{'A': 0.0, 'B': 0.0, 'C': 0.0}",0.0,46.7,ppo,54,worn_robot,49.14,5023,3600.9,seen,0,,0.2131
57,"{'A': 0.0, 'B': 0.0, 'C': 0.0}",0,44.88,1.57,"{'A': 20, 'B': 29, 'C': 4}",53,732.8,46.8,11.713,"{'A': 0.0, 'B': 0.0, 'C': 0.0}",0.0,46.8,ppo,53,worn_robot,47.14,5024,3600.1,seen,0,,0.221
50,"{'A': 0.0, 'B': 0.0, 'C': 0.0}",1,44.9,1.71,"{'A': 20, 'B': 32, 'C': 4}",56,612.7,70.3,9.636,"{'A': 0.0, 'B': 0.0, 'C': 0.0}",0.0,70.3,ppo,54,worn_robot,51.18,5025,3600.1,seen,0,,0.1721
58,"{'A': 0.0, 'B': 0.0, 'C': 0.0}",0,44.88,1.727,"{'A': 19, 'B': 32, 'C': 5}",56,737.2,47.0,11.66,"{'A': 0.0, 'B': 0.0, 'C': 0.0}",0.0,47.0,ppo,54,worn_robot,50.17,5026,3600.3,seen,0,,0.2082
54,"{'A': 0.0, 'B': 0.0, 'C': 0.0}",2,44.9,1.634,"{'A': 12, 'B': 31, 'C': 5}",48,635.4,64.7,9.94,"{'A': 0.0, 'B': 0.0, 'C': 0.0}",0.0,64.7,ppo,48,worn_robot,43.03,5027,3600.2,seen,0,,0.2071
53,"{'A': 0.0, 'B': 0.0, 'C': 0.0}",1,44.9,1.814,"{'A': 20, 'B': 30, 'C': 4}",54,629.1,63.7,10.069,"{'A': 0.0, 'B': 0.0, 'C': 0.0}",0.0,63.7,ppo,53,worn_robot,48.97,5028,3600.1,seen,0,,0.1865
59,"{'A': 0.0, 'B': 0.0, 'C': 0.0}",0,44.89,1.953,"{'A': 13, 'B': 31, 'C': 4}",48,700.8,48.6,11.317,"{'A': 0.0, 'B': 0.0, 'C': 0.0}",0.0,48.6,ppo,47,worn_robot,42.34,5029,3601.0,seen,0,,0.2358
65,"{'A': 0.0, 'B': 0.0, 'C': 0.0}",0,99.92,1.031,"{'A': 14, 'B': 31, 'C': 3}",48,233.7,35.9,7.696,"{'A': 0.0, 'B': 0.0, 'C': 0.0}",0.0,35.9,ppo_unmasked,53,aged_battery,44.15,5000,3600.3,unseen,0,,0.1603
64,"{'A': 9.7, 'B': 0.0, 'C': 0.0}",0,99.92,1.006,"{'A': 14, 'B': 25, 'C': 3}",42,213.2,37.0,7.566,"{'A': 0.05, 'B': 0.0, 'C': 0.0}",0.05,37.0,ppo_unmasked,52,aged_battery,38.16,5001,3600.7,unseen,0,,0.1801
65,"{'A': 0.0, 'B': 0.0, 'C': 0.0}",0,99.92,0.932,"{'A': 13, 'B': 24, 'C': 3}",40,213.2,37.3,7.52,"{'A': 0.0, 'B': 0.0, 'C': 0.0}",0.0,37.3,ppo_unmasked,53,aged_battery,36.24,5002,3600.7,unseen,0,,0.188
62,"{'A': 0.0, 'B': 0.0, 'C': 0.0}",0,99.92,0.875,"{'A': 14, 'B': 16, 'C': 4}",34,237.0,36.0,7.675,"{'A': 0.0, 'B': 0.0, 'C': 0.0}",0.0,36.0,ppo_unmasked,43,aged_battery,30.16,5003,3600.7,unseen,0,,0.2257
63,"{'A': 63.2, 'B': 823.2, 'C': 644.1}",0,99.93,0.91,"{'A': 13, 'B': 19, 'C': 3}",35,128.3,41.3,7.048,"{'A': 0.35, 'B': 6.86, 'C': 0.89}",8.11,41.3,ppo_unmasked,44,aged_battery,23.37,5004,3600.1,unseen,0,,0.2014
63,"{'A': 0.0, 'B': 0.0, 'C': 0.0}",0,99.92,1.019,"{'A': 16, 'B': 23, 'C': 3}",42,229.2,36.0,7.682,"{'A': 0.0, 'B': 0.0, 'C': 0.0}",0.0,36.0,ppo_unmasked,52,aged_battery,38.16,5005,3600.8,unseen,0,,0.1829
63,"{'A': 0.0, 'B': 78.9, 'C': 0.0}",0,99.93,1.026,"{'A': 15, 'B': 23, 'C': 3}",41,194.7,38.6,7.362,"{'A': 0.0, 'B': 0.66, 'C': 0.0}",0.66,38.6,ppo_unmasked,54,aged_battery,36.66,5006,3600.2,unseen,0,,0.1796
64,"{'A': 0.0, 'B': 0.0, 'C': 0.0}",0,99.92,1.025,"{'A': 20, 'B': 30, 'C': 3}",53,251.8,34.7,7.842,"{'A': 0.0, 'B': 0.0, 'C': 0.0}",0.0,34.7,ppo_unmasked,53,aged_battery,49.08,5007,3600.5,unseen,0,,0.148
63,"{'A': 162.2, 'B': 688.2, 'C': 127.2}",0,99.93,1.086,"{'A': 13, 'B': 23, 'C': 3}",39,148.9,40.2,7.172,"{'A': 0.9, 'B': 5.74, 'C': 0.18}",6.81,40.2,ppo_unmasked,47,aged_battery,28.6,5008,3600.7,unseen,0,,0.1839
63,"{'A': 0.0, 'B': 0.0, 'C': 0.0}",0,99.92,1.128,"{'A': 14, 'B': 23, 'C': 3}",40,223.5,36.8,7.587,"{'A': 0.0, 'B': 0.0, 'C': 0.0}",0.0,36.8,ppo_unmasked,54,aged_battery,36.21,5009,3600.0,unseen,0,,0.1897
63,"{'A': 0.0, 'B': 0.0, 'C': 93.0}",0,99.92,1.093,"{'A': 15, 'B': 28, 'C': 5}",48,288.8,32.7,8.08,"{'A': 0.0, 'B': 0.0, 'C': 0.13}",0.13,32.7,ppo_unmasked,48,aged_battery,43.83,5010,3600.6,unseen,0,,0.1683
63,"{'A': 0.0, 'B': 0.0, 'C': 0.0}",0,99.92,1.009,"{'A': 13, 'B': 29, 'C': 3}",45,231.7,36.2,7.658,"{'A': 0.0, 'B': 0.0, 'C': 0.0}",0.0,36.2,ppo_unmasked,52,aged_battery,41.17,5011,3600.2,unseen,0,,0.1702
65,"{'A': 0.0, 'B': 0.0, 'C': 0.0}",0,99.92,0.999,"{'A': 16, 'B': 25, 'C': 4}",45,275.6,33.5,7.98,"{'A': 0.0, 'B': 0.0, 'C': 0.0}",0.0,33.5,ppo_unmasked,55,aged_battery,41.01,5012,3600.6,unseen,0,,0.1773
63,"{'A': 0.0, 'B': 0.0, 'C': 0.0}",0,99.93,0.9,"{'A': 14, 'B': 23, 'C': 3}",40,192.7,38.1,7.431,"{'A': 0.0, 'B': 0.0, 'C': 0.0}",0.0,38.1,ppo_unmasked,53,aged_battery,36.28,5013,3600.1,unseen,0,,0.1858
63,"{'A': 0.0, 'B': 0.0, 'C': 0.0}",0,99.92,1.043,"{'A': 17, 'B': 27, 'C': 3}",47,249.8,35.0,7.803,"{'A': 0.0, 'B': 0.0, 'C': 0.0}",0.0,35.0,ppo_unmasked,52,aged_battery,43.1,5014,3600.4,unseen,0,,0.166
63,"{'A': 0.0, 'B': 0.0, 'C': 0.0}",0,99.93,0.9,"{'A': 16, 'B': 27, 'C': 2}",45,187.4,38.2,7.42,"{'A': 0.0, 'B': 0.0, 'C': 0.0}",0.0,38.2,ppo_unmasked,53,aged_battery,41.29,5015,3600.5,unseen,0,,0.1649
63,"{'A': 0.0, 'B': 0.0, 'C': 0.0}",0,99.92,1.031,"{'A': 14, 'B': 31, 'C': 3}",48,244.4,35.4,7.754,"{'A': 0.0, 'B': 0.0, 'C': 0.0}",0.0,35.4,ppo_unmasked,55,aged_battery,44.12,5016,3600.8,unseen,0,,0.1616
65,"{'A': 0.0, 'B': 0.0, 'C': 0.0}",0,99.92,1.12,"{'A': 14, 'B': 25, 'C': 3}",42,231.2,36.1,7.673,"{'A': 0.0, 'B': 0.0, 'C': 0.0}",0.0,36.1,ppo_unmasked,54,aged_battery,38.16,5017,3600.9,unseen,0,,0.1827
62,"{'A': 0.0, 'B': 0.0, 'C': 0.0}",0,99.92,0.964,"{'A': 14, 'B': 23, 'C': 3}",40,211.2,37.1,7.544,"{'A': 0.0, 'B': 0.0, 'C': 0.0}",0.0,37.1,ppo_unmasked,55,aged_battery,36.23,5018,3600.6,unseen,0,,0.1886
64,"{'A': 0.0, 'B': 15.5, 'C': 0.0}",0,99.92,1.045,"{'A': 16, 'B': 25, 'C': 4}",45,220.5,37.0,7.554,"{'A': 0.0, 'B': 0.13, 'C': 0.0}",0.13,37.0,ppo_unmasked,53,aged_battery,41.09,5019,3600.3,unseen,0,,0.1679
63,"{'A': 349.2, 'B': 563.4, 'C': 0.0}",0,99.93,0.867,"{'A': 12, 'B': 19, 'C': 2}",33,128.3,41.5,7.017,"{'A': 1.94, 'B': 4.69, 'C': 0.0}",6.63,41.5,ppo_unmasked,47,aged_battery,22.86,5020,3600.1,unseen,0,,0.2126
63,"{'A': 0.0, 'B': 0.0, 'C': 0.0}",0,99.92,0.972,"{'A': 13, 'B': 31, 'C': 3}",47,231.7,36.1,7.668,"{'A': 0.0, 'B': 0.0, 'C': 0.0}",0.0,36.1,ppo_unmasked,53,aged_battery,43.17,5021,3600.2,unseen,0,,0.1632
62,"{'A': 124.7, 'B': 567.9, 'C': 508.8}",0,99.93,0.966,"{'A': 18, 'B': 24, 'C': 3}",45,166.9,38.7,7.351,"{'A': 0.69, 'B': 4.73, 'C': 0.71}",6.13,38.7,ppo_unmasked,49,aged_battery,35.19,5022,3600.9,unseen,0,,0.1634
64,"{'A': 0.0, 'B': 0.0, 'C': 0.0}",0,99.92,1.033,"{'A': 15, 'B': 22, 'C': 3}",40,222.6,36.7,7.596,"{'A': 0.0, 'B': 0.0, 'C': 0.0}",0.0,36.7,ppo_unmasked,54,aged_battery,36.2,5023,3600.7,unseen,0,,0.1899
64,"{'A': 0.0, 'B': 58.0, 'C': 0.0}",0,99.93,1.181,"{'A': 14, 'B': 24, 'C': 3}",41,192.7,38.4,7.393,"{'A': 0.0, 'B': 0.48, 'C': 0.0}",0.48,38.4,ppo_unmasked,52,aged_battery,36.82,5024,3600.1,unseen,0,,0.1803
63,"{'A': 0.0, 'B': 0.0, 'C': 0.0}",0,99.93,1.404,"{'A': 13, 'B': 22, 'C': 3}",38,192.7,38.3,7.41,"{'A': 0.0, 'B': 0.0, 'C': 0.0}",0.0,38.3,ppo_unmasked,53,aged_battery,34.3,5025,3600.1,unseen,0,,0.195
65,"{'A': 0.0, 'B': 75.5, 'C': 59.8}",0,99.93,0.993,"{'A': 14, 'B': 25, 'C': 4}",43,194.7,38.3,7.408,"{'A': 0.0, 'B': 0.63, 'C': 0.08}",0.71,38.3,ppo_unmasked,56,aged_battery,38.58,5026,3600.2,unseen,0,,0.1723
66,"{'A': 0.0, 'B': 0.0, 'C': 0.0}",0,99.92,0.998,"{'A': 9, 'B': 24, 'C': 3}",36,213.2,37.3,7.524,"{'A': 0.0, 'B': 0.0, 'C': 0.0}",0.0,37.3,ppo_unmasked,48,aged_battery,32.24,5027,3600.7,unseen,0,,0.209
63,"{'A': 0.0, 'B': 73.2, 'C': 0.0}",0,99.93,0.914,"{'A': 18, 'B': 25, 'C': 2}",45,168.9,39.5,7.254,"{'A': 0.0, 'B': 0.61, 'C': 0.0}",0.61,39.5,ppo_unmasked,54,aged_battery,40.76,5028,3600.0,unseen,0,,0.1612
63,"{'A': 530.4, 'B': 839.7, 'C': 1605.4}",0,99.94,0.824,"{'A': 4, 'B': 17, 'C': 0}",21,64.0,46.0,6.483,"{'A': 2.95, 'B': 7.0, 'C': 2.23}",12.17,46.0,ppo_unmasked,37,aged_battery,5.58,5029,3600.1,unseen,0,,0.3087
64,"{'A': 0.0, 'B': 0.0, 'C': 0.0}",0,99.92,0.952,"{'A': 18, 'B': 30, 'C': 4}",52,277.6,63.6,8.018,"{'A': 0.0, 'B': 0.0, 'C': 0.0}",0.0,63.6,ppo_unmasked,54,balanced,47.99,5000,3600.7,seen,0,,0.1542
64,"{'A': 9.7, 'B': 0.0, 'C': 0.0}",0,99.92,0.973,"{'A': 14, 'B': 26, 'C': 3}",43,211.2,65.5,7.594,"{'A': 0.05, 'B': 0.0, 'C': 0.0}",0.05,65.5,ppo_unmasked,53,balanced,39.15,5001,3600.6,seen,0,,0.1766
64,"{'A': 0.0, 'B': 0.0, 'C': 0.0}",0,99.92,1.069,"{'A': 19, 'B': 29, 'C': 4}",52,293.6,63.0,8.14,"{'A': 0.0, 'B': 0.0, 'C': 0.0}",0.0,63.0,ppo_unmasked,55,balanced,47.93,5002,3600.8,seen,0,,0.1565
62,"{'A': 0.0, 'B': 0.0, 'C': 0.0}",0,99.92,0.908,"{'A': 15, 'B': 17, 'C': 4}",36,237.0,65.0,7.697,"{'A': 0.0, 'B': 0.0, 'C': 0.0}",0.0,65.0,ppo_unmasked,46,balanced,32.15,5003,3600.7,seen,0,,0.2138
63,"{'A': 63.2, 'B': 823.2, 'C': 644.1}",0,99.93,0.967,"{'A': 13, 'B': 19, 'C': 3}",35,128.3,68.0,7.048,"{'A': 0.35, 'B': 6.86, 'C': 0.89}",8.11,68.0,ppo_unmasked,44,balanced,23.37,5004,3600.1,seen,0,,0.2014
63,"{'A': 0.0, 'B': 0.0, 'C': 0.0}",0,99.92,0.929,"{'A': 15, 'B': 22, 'C': 3}",40,229.2,65.2,7.661,"{'A': 0.0, 'B': 0.0, 'C': 0.0}",0.0,65.2,ppo_unmasked,53,balanced,36.17,5005,3600.8,seen,0,,0.1915
64,"{'A': 0.0, 'B': 78.9, 'C': 0.0}",0,99.93,1.06,"{'A': 15, 'B': 23, 'C': 3}",41,194.7,66.5,7.362,"{'A': 0.0, 'B': 0.66, 'C': 0.0}",0.66,66.5,ppo_unmasked,54,balanced,36.66,5006,3600.2,seen,0,,0.1796
64,"{'A': 0.0, 'B': 0.0, 'C': 0.0}",0,99.92,1.069,"{'A': 16, 'B': 25, 'C': 3}",44,249.8,64.5,7.82,"{'A': 0.0, 'B': 0.0, 'C': 0.0}",0.0,64.5,ppo_unmasked,54,balanced,40.09,5007,3600.4,seen,0,,0.1777
63,"{'A': 274.8, 'B': 612.0, 'C': 49.7}",0,99.93,1.033,"{'A': 13, 'B': 19, 'C': 3}",35,130.3,68.3,6.972,"{'A': 1.53, 'B': 5.1, 'C': 0.07}",6.7,68.3,ppo_unmasked,47,balanced,24.82,5008,3600.2,seen,0,,0.1992
64,"{'A': 0.0, 'B': 0.0, 'C': 0.0}",0,99.92,1.085,"{'A': 14, 'B': 24, 'C': 3}",41,222.6,65.5,7.588,"{'A': 0.0, 'B': 0.0, 'C': 0.0}",0.0,65.5,ppo_unmasked,54,balanced,37.21,5009,3600.7,seen,0,,0.1851
64,"{'A': 0.0, 'B': 0.0, 'C': 135.5}",0,99.93,0.898,"{'A': 15, 'B': 26, 'C': 3}",44,207.4,66.1,7.452,"{'A': 0.0, 'B': 0.0, 'C': 0.19}",0.19,66.1,ppo_unmasked,49,balanced,40.09,5010,3600.9,seen,0,,0.1694
64,"{'A': 0.0, 'B': 0.0, 'C': 0.0}",0,99.92,0.974,"{'A': 14, 'B': 25, 'C': 3}",42,234.1,65.1,7.685,"{'A': 0.0, 'B': 0.0, 'C': 0.0}",0.0,65.1,ppo_unmasked,53,balanced,38.16,5011,3600.2,seen,0,,0.183
65,"{'A': 0.0, 'B': 0.0, 'C': 0.0}",0,99.92,0.927,"{'A': 16, 'B': 26, 'C': 4}",46,275.6,63.7,7.984,"{'A': 0.0, 'B': 0.0, 'C': 0.0}",0.0,63.7,ppo_unmasked,54,balanced,42.01,5012,3600.6,seen,0,,0.1736
63,"{'A': 0.0, 'B': 0.0, 'C': 0.0}",0,99.92,0.994,"{'A': 14, 'B': 26, 'C': 3}",43,213.2,65.7,7.55,"{'A': 0.0, 'B': 0.0, 'C': 0.0}",0.0,65.7,ppo_unmasked,53,balanced,39.22,5013,3600.7,seen,0,,0.1756
64,"{'A': 0.0, 'B': 0.0, 'C': 0.0}",0,99.92,1.01,"{'A': 15, 'B': 24, 'C': 3}",42,231.2,65.1,7.685,"{'A': 0.0, 'B': 0.0, 'C': 0.0}",0.0,65.1,ppo_unmasked,53,balanced,38.16,5014,3600.9,seen,0,,0.183
63,"{'A': 114.4, 'B': 52.0, 'C': 0.0}",0,99.93,1.018,"{'A': 16, 'B': 25, 'C': 2}",43,166.9,66.7,7.322,"{'A': 0.64, 'B': 0.43, 'C': 0.0}",1.07,66.7,ppo_unmasked,51,balanced,38.27,5015,3600.9,seen,0,,0.1703
63,"{'A': 0.0, 'B': 0.0, 'C': 0.0}",0,99.92,1.136,"{'A': 20, 'B': 31, 'C': 4}",55,306.8,62.6,8.225,"{'A': 0.0, 'B': 0.0, 'C': 0.0}",0.0,62.6,ppo_unmasked,54,balanced,50.89,5016,3600.7,seen,0,,0.1495
65,"{'A': 0.0, 'B': 0.0, 'C': 0.0}",0,99.92,1.128,"{'A': 15, 'B': 26, 'C': 3}",44,231.2,65.0,7.694,"{'A': 0.0, 'B': 0.0, 'C': 0.0}",0.0,65.0,ppo_unmasked,53,balanced,40.15,5017,3600.9,seen,0,,0.1749
63,"{'A': 0.0, 'B': 0.0, 'C': 0.0}",0,99.92,0.955,"{'A': 14, 'B': 26, 'C': 3}",43,231.7,65.1,7.679,"{'A': 0.0, 'B': 0.0, 'C': 0.0}",0.0,65.1,ppo_unmasked,56,balanced,39.16,5018,3600.2,seen,0,,0.1786
63,"{'A': 29.6, 'B': 75.5, 'C': 0.0}",0,99.93,0.884,"{'A': 15, 'B': 22, 'C': 3}",40,174.2,67.1,7.242,"{'A': 0.16, 'B': 0.63, 'C': 0.0}",0.79,67.1,ppo_unmasked,52,balanced,35.59,5019,3600.6,seen,0,,0.1811
63,"{'A': 409.2, 'B': 623.4, 'C': 0.0}",0,99.93,0.886,"{'A': 17, 'B': 24, 'C': 3}",44,192.7,66.0,7.484,"{'A': 2.27, 'B': 5.19, 'C': 0.0}",7.47,66.0,ppo_unmasked,47,balanced,32.79,5020,3600.1,seen,0,,0.1701
64,"{'A': 0.0, 'B': 7.8, 'C': 0.0}",0,99.93,0.909,"{'A': 15, 'B': 23, 'C': 3}",41,204.9,66.2,7.433,"{'A': 0.0, 'B': 0.06, 'C': 0.0}",0.06,66.2,ppo_unmasked,52,balanced,37.22,5021,3600.5,seen,0,,0.1813
62,"{'A': 124.7, 'B': 567.9, 'C': 508.8}",0,99.93,0.939,"{'A': 16, 'B': 21, 'C': 3}",40,166.9,66.8,7.305,"{'A': 0.69, 'B': 4.73, 'C': 0.71}",6.13,66.8,ppo_unmasked,47,balanced,30.22,5022,3600.9,seen,0,,0.1826
63,"{'A': 0.0, 'B': 0.0, 'C': 0.0}",0,99.92,1.063,"{'A': 16, 'B': 23, 'C': 3}",42,249.8,64.6,7.791,"{'A': 0.0, 'B': 0.0, 'C': 0.0}",0.0,64.6,ppo_unmasked,52,balanced,38.1,5023,3600.4,seen,0,,0.1855
64,"{'A': 273.9, 'B': 418.0, 'C': 0.0}",0,99.93,1.052,"{'A': 16, 'B': 25, 'C': 3}",44,174.2,66.9,7.292,"{'A': 1.52, 'B': 3.48, 'C': 0.0}",5.01,66.9,ppo_unmasked,49,balanced,35.35,5024,3600.6,seen,0,,0.1657
63,"{'A': 0.0, 'B': 0.0, 'C': 1.6}",0,99.92,1.101,"{'A': 14, 'B': 25, 'C': 4}",43,211.2,65.4,7.604,"{'A': 0.0, 'B': 0.0, 'C': 0.0}",0.0,65.4,ppo_unmasked,54,balanced,39.2,5025,3600.6,seen,0,,0.1768
63,"{'A': 89.0, 'B': 511.8, 'C': 557.4}",0,99.93,0.981,"{'A': 15, 'B': 22, 'C': 3}",40,166.9,66.8,7.312,"{'A': 0.49, 'B': 4.26, 'C': 0.77}",5.53,66.8,ppo_unmasked,49,balanced,30.81,5026,3600.9,seen,0,,0.1828
65,"{'A': 0.0, 'B': 0.0, 'C': 0.0}",0,99.92,1.069,"{'A': 8, 'B': 25, 'C': 3}",36,213.2,65.9,7.512,"{'A': 0.0, 'B': 0.0, 'C': 0.0}",0.0,65.9,ppo_unmasked,47,balanced,32.24,5027,3600.7,seen,0,,0.2087
63,"{'A': 280.0, 'B': 433.2, 'C': 46.3}",0,99.93,0.87,"{'A': 13, 'B': 20, 'C': 3}",36,130.3,68.3,6.977,"{'A': 1.56, 'B': 3.61, 'C': 0.06}",5.23,68.3,ppo_unmasked,48,balanced,27.28,5028,3600.2,seen,0,,0.1938
63,"{'A': 530.4, 'B': 839.7, 'C': 1605.4}",0,99.94,0.861,"{'A': 4, 'B': 17, 'C': 0}",21,64.0,70.5,6.483,"{'A': 2.95, 'B': 7.0, 'C': 2.23}",12.17,70.5,ppo_unmasked,37,balanced,5.58,5029,3600.1,seen,0,,0.3087
60,"{'A': 0.0, 'B': 0.0, 'C': 0.0}",0,99.92,1.034,"{'A': 13, 'B': 29, 'C': 3}",45,304.9,62.6,8.231,"{'A': 0.0, 'B': 0.0, 'C': 0.0}",0.0,62.6,ppo_unmasked,43,fault_burst,40.88,5000,3600.7,seen,0,,0.1829
61,"{'A': 0.0, 'B': 0.0, 'C': 0.0}",0,99.93,0.863,"{'A': 13, 'B': 11, 'C': 0}",24,120.6,68.9,6.841,"{'A': 0.0, 'B': 0.0, 'C': 0.0}",0.0,68.9,ppo_unmasked,22,fault_burst,20.58,5001,3600.2,seen,0,,0.285
61,"{'A': 0.0, 'B': 0.0, 'C': 0.0}",0,99.92,0.952,"{'A': 8, 'B': 12, 'C': 3}",23,196.7,65.7,7.543,"{'A': 0.0, 'B': 0.0, 'C': 0.0}",0.0,65.7,ppo_unmasked,28,fault_burst,19.23,5002,3600.4,seen,0,,0.328
62,"{'A': 0.0, 'B': 0.0, 'C': 0.0}",0,99.92,1.274,"{'A': 17, 'B': 21, 'C': 4}",42,246.1,63.9,7.934,"{'A': 0.0, 'B': 0.0, 'C': 0.0}",0.0,63.9,ppo_unmasked,41,fault_burst,38.03,5003,3600.9,seen,0,,0.1889
60,"{'A': 0.0, 'B': 0.0, 'C': 0.0}",0,99.92,1.033,"{'A': 15, 'B': 12, 'C': 2}",29,232.1,65.1,7.685,"{'A': 0.0, 'B': 0.0, 'C': 0.0}",0.0,65.1,ppo_unmasked,31,fault_burst,25.16,5004,3600.1,seen,0,,0.265
64,"{'A': 0.0, 'B': 0.0, 'C': 0.0}",0,99.93,1.095,"{'A': 10, 'B': 23, 'C': 2}",35,193.2,66.6,7.348,"{'A': 0.0, 'B': 0.0, 'C': 0.0}",0.0,66.6,ppo_unmasked,38,fault_burst,31.33,5005,3600.4,seen,0,,0.21
62,"{'A': 0.0, 'B': 0.0, 'C': 0.0}",0,99.93,0.93,"{'A': 7, 'B': 21, 'C': 3}",31,152.2,67.3,7.197,"{'A': 0.0, 'B': 0.0, 'C': 0.0}",0.0,67.3,ppo_unmasked,34,fault_burst,27.4,5006,3600.1,seen,0,,0.2322
64,"{'A': 0.0, 'B': 0.0, 'C': 0.0}",0,99.93,0.956,"{'A': 13, 'B': 19, 'C': 3}",35,160.2,67.3,7.191,"{'A': 0.0, 'B': 0.0, 'C': 0.0}",0.0,67.3,ppo_unmasked,35,fault_burst,31.4,5007,3600.8,seen,0,,0.2055
60,"{'A': 0.0, 'B': 0.0, 'C': 0.0}",0,99.93,0.902,"{'A': 15, 'B': 15, 'C': 2}",32,189.5,66.0,7.483,"{'A': 0.0, 'B': 0.0, 'C': 0.0}",0.0,66.0,ppo_unmasked,36,fault_burst,28.26,5008,3600.9,seen,0,,0.2338
61,"{'A': 0.0, 'B': 0.0, 'C': 0.0}",0,99.93,0.884,"{'A': 14, 'B': 12, 'C': 1}",27,113.9,68.8,6.854,"{'A': 0.0, 'B': 0.0, 'C': 0.0}",0.0,68.8,ppo_unmasked,33,fault_burst,23.57,5009,3600.0,seen,0,,0.2539
62,"{'A': 96.6, 'B': 467.5, 'C': 955.8}",0,99.93,0.808,"{'A': 11, 'B': 18, 'C': 0}",29,99.5,69.3,6.763,"{'A': 0.54, 'B': 3.09, 'C': 1.13}",4.75,69.3,ppo_unmasked,34,fault_burst,20.86,5010,3600.3,seen,0,,0.2332
64,"{'A': 0.0, 'B': 0.0, 'C': 0.0}",0,99.93,0.923,"{'A': 8, 'B': 21, 'C': 2}",31,172.7,67.3,7.204,"{'A': 0.0, 'B': 0.0, 'C': 0.0}",0.0,67.3,ppo_unmasked,37,fault_burst,27.4,5011,3600.7,seen,0,,0.2324
60,"{'A': 0.0, 'B': 60.4, 'C': 378.3}",0,99.93,0.912,"{'A': 5, 'B': 16, 'C': 0}",21,82.5,69.7,6.657,"{'A': 0.0, 'B': 0.5, 'C': 0.44}",0.94,69.7,ppo_unmasked,31,fault_burst,16.73,5012,3600.6,seen,0,,0.317
63,"{'A': 0.0, 'B': 0.0, 'C': 0.0}",0,99.93,0.929,"{'A': 9, 'B': 18, 'C': 3}",30,190.7,66.5,7.38,"{'A': 0.0, 'B': 0.0, 'C': 0.0}",0.0,66.5,ppo_unmasked,36,fault_burst,26.31,5013,3601.0,seen,0,,0.246
63,"{'A': 0.0, 'B': 0.0, 'C': 0.0}",0,99.93,1.074,"{'A': 9, 'B': 15, 'C': 1}",25,117.8,68.8,6.862,"{'A': 0.0, 'B': 0.0, 'C': 0.0}",0.0,68.8,ppo_unmasked,37,fault_burst,21.57,5014,3600.1,seen,0,,0.2745
61,"{'A': 0.0, 'B': 0.0, 'C': 0.0}",0,99.93,0.876,"{'A': 10, 'B': 19, 'C': 2}",31,146.9,67.5,7.145,"{'A': 0.0, 'B': 0.0, 'C': 0.0}",0.0,67.5,ppo_unmasked,33,fault_burst,27.43,5015,3600.6,seen,0,,0.2305
61,"{'A': 0.0, 'B': 0.0, 'C': 0.0}",0,99.92,0.893,"{'A': 11, 'B': 18, 'C': 3}",32,202.9,65.8,7.534,"{'A': 0.0, 'B': 0.0, 'C': 0.0}",0.0,65.8,ppo_unmasked,37,fault_burst,28.23,5016,3600.2,seen,0,,0.2354
63,"{'A': 0.0, 'B': 0.0, 'C': 0.0}",0,99.93,0.947,"{'A': 8, 'B': 16, 'C': 2}",26,174.7,67.5,7.144,"{'A': 0.0, 'B': 0.0, 'C': 0.0}",0.0,67.5,ppo_unmasked,35,fault_burst,22.43,5017,3600.8,seen,0,,0.2748
61,"{'A': 0.0, 'B': 0.0, 'C': 0.0}",0,99.93,0.89,"{'A': 10, 'B': 16, 'C': 2}",28,136.4,68.0,7.035,"{'A': 0.0, 'B': 0.0, 'C': 0.0}",0.0,68.0,ppo_unmasked,32,fault_burst,24.48,5018,3600.6,seen,0,,0.2513
63,"{'A': 0.0, 'B': 0.0, 'C': 0.0}",0,99.93,0.882,"{'A': 9, 'B': 14, 'C': 2}",25,109.8,69.0,6.813,"{'A': 0.0, 'B': 0.0, 'C': 0.0}",0.0,69.0,ppo_unmasked,36,fault_burst,21.59,5019,3600.6,seen,0,,0.2725
61,"{'A': 0.0, 'B': 0.0, 'C': 0.0}",0,99.93,0.907,"{'A': 11, 'B': 9, 'C': 1}",21,181.9,67.1,7.232,"{'A': 0.0, 'B': 0.0, 'C': 0.0}",0.0,67.1,ppo_unmasked,25,fault_burst,17.38,5020,3600.4,seen,0,,0.3444
61,"{'A': 0.0, 'B': 0.0, 'C': 0.0}",0,99.93,1.051,"{'A': 13, 'B': 22, 'C': 2}",37,190.7,66.2,7.43,"{'A': 0.0, 'B': 0.0, 'C': 0.0}",0.0,66.2,ppo_unmasked,41,fault_burst,33.29,5021,3601.0,seen,0,,0.2008
66,"{'A': 0.0, 'B': 0.0, 'C': 0.0}",0,99.93,1.026,"{'A': 9, 'B': 22, 'C': 3}",34,142.2,67.9,7.057,"{'A': 0.0, 'B': 0.0, 'C': 0.0}",0.0,67.9,ppo_unmasked,35,fault_burst,30.47,5022,3600.6,seen,0,,0.2076
62,"{'A': 0.0, 'B': 0.0, 'C': 0.0}",0,99.93,1.047,"{'A': 10, 'B': 15, 'C': 2}",27,180.4,66.9,7.281,"{'A': 0.0, 'B': 0.0, 'C': 0.0}",0.0,66.9,ppo_unmasked,34,fault_burst,23.36,5023,3600.7,seen,0,,0.2697
61,"{'A': 0.0, 'B': 0.0, 'C': 0.0}",0,99.93,0.987,"{'A': 8, 'B': 20, 'C': 2}",30,198.6,66.1,7.459,"{'A': 0.0, 'B': 0.0, 'C': 0.0}",0.0,66.1,ppo_unmasked,33,fault_burst,26.27,5024,3600.3,seen,0,,0.2486
62,"{'A': 0.0, 'B': 0.0, 'C': 0.0}",0,99.92,0.985,"{'A': 7, 'B': 18, 'C': 2}",27,202.0,65.6,7.572,"{'A': 0.0, 'B': 0.0, 'C': 0.0}",0.0,65.6,ppo_unmasked,32,fault_burst,23.21,5025,3600.8,seen,0,,0.2804
65,"{'A': 0.0, 'B': 0.0, 'C': 0.0}",0,99.92,1.035,"{'A': 12, 'B': 27, 'C': 3}",42,255.6,64.3,7.854,"{'A': 0.0, 'B': 0.0, 'C': 0.0}",0.0,64.3,ppo_unmasked,39,fault_burst,38.07,5026,3600.3,seen,0,,0.187
62,"{'A': 0.0, 'B': 0.0, 'C': 0.0}",0,99.92,1.021,"{'A': 11, 'B': 18, 'C': 4}",33,234.2,64.6,7.784,"{'A': 0.0, 'B': 0.0, 'C': 0.0}",0.0,64.6,ppo_unmasked,37,fault_burst,29.11,5027,3600.4,seen,0,,0.2359
65,"{'A': 0.0, 'B': 0.0, 'C': 0.0}",0,99.93,0.933,"{'A': 8, 'B': 23, 'C': 2}",33,201.2,66.0,7.489,"{'A': 0.0, 'B': 0.0, 'C': 0.0}",0.0,66.0,ppo_unmasked,37,fault_burst,29.26,5028,3600.9,seen,0,,0.2269
61,"{'A': 0.0, 'B': 67.2, 'C': 0.0}",0,99.92,0.889,"{'A': 7, 'B': 25, 'C': 2}",34,188.7,65.7,7.542,"{'A': 0.0, 'B': 0.56, 'C': 0.0}",0.56,65.7,ppo_unmasked,39,fault_burst,29.67,5029,3600.9,seen,0,,0.2218
62,"{'A': 1080.8, 'B': 902.1, 'C': 2163.6}",0,99.92,1.172,"{'A': 23, 'B': 41, 'C': 2}",66,307.0,11.6,8.449,"{'A': 12.01, 'B': 15.03, 'C': 6.01}",33.05,11.6,ppo_unmasked,79,heavy_load,8.72,5000,3600.3,unseen,1,below_reserve@3187s,0.128
62,"{'A': 1365.0, 'B': 1267.4, 'C': 2308.3}",0,99.92,1.133,"{'A': 19, 'B': 34, 'C': 2}",55,266.5,12.8,8.191,"{'A': 15.17, 'B': 21.12, 'C': 6.41}",42.7,12.8,ppo_unmasked,68,heavy_load,-11.8,5001,3600.3,unseen,1,below_reserve@3323s,0.1489
63,"{'A': 1579.6, 'B': 1425.6, 'C': 2149.1}",0,99.92,1.135,"{'A': 18, 'B': 30, 'C': 2}",50,209.4,15.0,7.704,"{'A': 17.55, 'B': 23.76, 'C': 5.97}",47.28,15.0,ppo_unmasked,63,heavy_load,-1.13,5002,3601.0,unseen,0,,0.1541
62,"{'A': 1075.0, 'B': 860.0, 'C': 1366.7}",0,99.92,1.024,"{'A': 24, 'B': 24, 'C': 4}",52,234.7,14.1,7.896,"{'A': 11.94, 'B': 14.33, 'C': 3.8}",30.07,14.1,ppo_unmasked,65,heavy_load,-2.02,5003,3600.8,unseen,1,below_reserve@3542s,0.1519
62,"{'A': 1332.2, 'B': 788.1, 'C': 862.0}",0,99.91,1.033,"{'A': 21, 'B': 40, 'C': 4}",65,333.3,10.6,8.674,"{'A': 14.8, 'B': 13.13, 'C': 2.39}",30.33,10.6,ppo_unmasked,78,heavy_load,10.33,5004,3600.7,unseen,1,below_reserve@3075s,0.1334
62,"{'A': 1086.5, 'B': 1064.9, 'C': 920.2}",0,99.92,0.953,"{'A': 23, 'B': 37, 'C': 4}",64,294.3,11.8,8.414,"{'A': 12.07, 'B': 17.75, 'C': 2.56}",32.38,11.8,ppo_unmasked,77,heavy_load,7.42,5005,3600.6,unseen,1,below_reserve@3185s,0.1315
62,"{'A': 1459.2, 'B': 1312.1, 'C': 2302.1}",0,99.92,0.916,"{'A': 19, 'B': 32, 'C': 2}",53,209.4,14.9,7.722,"{'A': 16.21, 'B': 21.87, 'C': 6.39}",44.48,14.9,ppo_unmasked,66,heavy_load,4.66,5006,3601.0,unseen,0,,0.1457
62,"{'A': 1538.7, 'B': 1154.0, 'C': 2152.4}",0,99.92,0.933,"{'A': 18, 'B': 34, 'C': 2}",54,285.0,12.1,8.338,"{'A': 17.1, 'B': 19.23, 'C': 5.98}",42.31,12.1,ppo_unmasked,67,heavy_load,-12.48,5007,3600.8,unseen,1,below_reserve@3221s,0.1544
62,"{'A': 1903.7, 'B': 1863.3, 'C': 2836.3}",0,99.93,0.925,"{'A': 13, 'B': 23, 'C': 0}",36,124.6,18.2,6.997,"{'A': 21.15, 'B': 31.05, 'C': 7.88}",60.09,18.2,ppo_unmasked,49,heavy_load,-27.58,5008,3600.4,unseen,0,,0.1943
62,"{'A': 1393.6, 'B': 1718.3, 'C': 2136.4}",0,99.92,0.926,"{'A': 19, 'B': 24, 'C': 2}",45,188.9,15.6,7.56,"{'A': 15.48, 'B': 28.64, 'C': 5.93}",50.06,15.6,ppo_unmasked,58,heavy_load,-8.84,5009,3600.4,unseen,0,,0.168
62,"{'A': 154.7, 'B': 911.2, 'C': 1735.2}",0,99.91,1.06,"{'A': 27, 'B': 42, 'C': 4}",73,332.8,10.4,8.705,"{'A': 1.72, 'B': 15.19, 'C': 4.82}",21.73,10.4,ppo_unmasked,78,heavy_load,26.92,5010,3600.4,unseen,1,below_reserve@3201s,0.1192
62,"{'A': 1414.9, 'B': 1283.4, 'C': 2258.7}",0,99.92,0.956,"{'A': 18, 'B': 32, 'C': 2}",52,248.5,14.0,7.923,"{'A': 15.72, 'B': 21.39, 'C': 6.27}",43.39,14.0,ppo_unmasked,65,heavy_load,-15.35,5011,3600.1,unseen,1,below_reserve@3487s,0.1524
62,"{'A': 1335.8, 'B': 1390.1, 'C': 2162.1}",0,99.92,0.973,"{'A': 20, 'B': 31, 'C': 2}",53,211.4,15.3,7.625,"{'A': 14.84, 'B': 23.17, 'C': 6.01}",44.02,15.3,ppo_unmasked,66,heavy_load,5.17,5012,3600.1,unseen,0,,0.1439
62,"{'A': 1302.8, 'B': 1065.3, 'C': 1630.8}",0,99.91,1.1,"{'A': 20, 'B': 37, 'C': 4}",61,312.8,11.3,8.519,"{'A': 14.48, 'B': 17.75, 'C': 4.53}",36.76,11.3,ppo_unmasked,74,heavy_load,-0.02,5013,3600.1,unseen,1,below_reserve@3142s,0.1396
62,"{'A': 2100.8, 'B': 1378.3, 'C': 2789.2}",0,99.93,0.894,"{'A': 13, 'B': 31, 'C': 0}",44,163.6,16.7,7.332,"{'A': 23.34, 'B': 22.97, 'C': 7.75}",54.06,16.7,ppo_unmasked,57,heavy_load,-13.73,5014,3600.5,unseen,0,,0.1666
64,"{'A': 436.2, 'B': 1397.7, 'C': 456.0}",0,99.92,0.922,"{'A': 31, 'B': 36, 'C': 3}",70,256.7,13.4,8.062,"{'A': 4.85, 'B': 23.3, 'C': 1.27}",29.41,13.4,ppo_unmasked,75,heavy_load,16.56,5015,3600.3,unseen,1,below_reserve@3478s,0.1152
62,"{'A': 1517.9, 'B': 1336.4, 'C': 2352.8}",0,99.92,0.925,"{'A': 19, 'B': 32, 'C': 2}",53,209.4,14.9,7.723,"{'A': 16.87, 'B': 22.27, 'C': 6.54}",45.67,14.9,ppo_unmasked,66,heavy_load,3.46,5016,3601.0,unseen,0,,0.1457
61,"{'A': 2014.2, 'B': 1854.5, 'C': 2748.3}",0,99.93,0.95,"{'A': 13, 'B': 23, 'C': 0}",36,143.1,17.4,7.173,"{'A': 22.38, 'B': 30.91, 'C': 7.63}",60.92,17.4,ppo_unmasked,49,heavy_load,-28.51,5017,3600.9,unseen,0,,0.1992
62,"{'A': 1678.9, 'B': 1259.7, 'C': 2082.5}",0,99.92,1.053,"{'A': 16, 'B': 32, 'C': 2}",50,209.4,15.3,7.641,"{'A': 18.65, 'B': 21.0, 'C': 5.78}",45.43,15.3,ppo_unmasked,63,heavy_load,0.75,5018,3601.0,unseen,0,,0.1528
62,"{'A': 2020.6, 'B': 1345.7, 'C': 2722.4}",0,99.93,1.033,"{'A': 13, 'B': 31, 'C': 0}",44,163.6,16.7,7.332,"{'A': 22.45, 'B': 22.43, 'C': 7.56}",52.44,16.7,ppo_unmasked,57,heavy_load,-12.11,5019,3600.5,unseen,0,,0.1666
62,"{'A': 1954.8, 'B': 1369.9, 'C': 2734.0}",0,99.93,0.947,"{'A': 13, 'B': 31, 'C': 0}",44,163.6,16.7,7.332,"{'A': 21.72, 'B': 22.83, 'C': 7.59}",52.15,16.7,ppo_unmasked,57,heavy_load,-11.81,5020,3600.5,unseen,0,,0.1666
62,"{'A': 1101.3, 'B': 737.3, 'C': 2163.6}",0,99.92,0.983,"{'A': 23, 'B': 41, 'C': 2}",66,307.0,11.4,8.485,"{'A': 12.24, 'B': 12.29, 'C': 6.01}",30.54,11.4,ppo_unmasked,79,heavy_load,11.22,5021,3600.3,unseen,1,below_reserve@3187s,0.1286
63,"{'A': 1087.2, 'B': 1004.2, 'C': 2166.4}",0,99.92,0.942,"{'A': 24, 'B': 36, 'C': 2}",62,213.4,15.2,7.647,"{'A': 12.08, 'B': 16.74, 'C': 6.02}",34.83,15.2,ppo_unmasked,75,heavy_load,23.34,5022,3600.2,unseen,0,,0.1233
63,"{'A': 1551.5, 'B': 1429.4, 'C': 2135.5}",0,99.92,0.953,"{'A': 18, 'B': 31, 'C': 2}",51,209.4,15.0,7.711,"{'A': 17.24, 'B': 23.82, 'C': 5.93}",46.99,15.0,ppo_unmasked,64,heavy_load,-19.85,5023,3601.0,unseen,1,below_reserve@3597s,0.1512
62,"{'A': 2080.8, 'B': 1866.7, 'C': 2736.4}",0,99.93,0.971,"{'A': 12, 'B': 24, 'C': 0}",36,106.5,19.0,6.816,"{'A': 23.12, 'B': 31.11, 'C': 7.6}",61.83,19.0,ppo_unmasked,49,heavy_load,-29.24,5024,3600.1,unseen,0,,0.1893
62,"{'A': 1348.0, 'B': 942.0, 'C': 1593.9}",0,99.91,1.001,"{'A': 19, 'B': 39, 'C': 4}",62,313.3,11.1,8.567,"{'A': 14.98, 'B': 15.7, 'C': 4.43}",35.11,11.1,ppo_unmasked,75,heavy_load,2.61,5025,3600.4,unseen,1,below_reserve@3083s,0.1382
62,"{'A': 918.6, 'B': 811.9, 'C': 1556.7}",0,99.91,1.069,"{'A': 25, 'B': 40, 'C': 4}",69,369.9,8.7,9.082,"{'A': 10.21, 'B': 13.53, 'C': 4.32}",28.06,8.7,ppo_unmasked,82,heavy_load,16.4,5026,3600.5,unseen,1,below_reserve@2808s,0.1316
62,"{'A': 1352.2, 'B': 1345.3, 'C': 2124.7}",0,99.93,1.023,"{'A': 7, 'B': 32, 'C': 2}",41,169.4,16.3,7.404,"{'A': 15.02, 'B': 22.42, 'C': 5.9}",43.35,16.3,ppo_unmasked,54,heavy_load,-6.05,5027,3600.3,unseen,0,,0.1806
62,"{'A': 1469.4, 'B': 1147.3, 'C': 2125.8}",0,99.92,0.943,"{'A': 19, 'B': 34, 'C': 2}",55,229.9,14.4,7.823,"{'A': 16.33, 'B': 19.12, 'C': 5.9}",41.35,14.4,ppo_unmasked,68,heavy_load,-10.26,5028,3600.6,unseen,1,below_reserve@3560s,0.1422
61,"{'A': 1044.2, 'B': 1825.2, 'C': 2152.4}",0,99.92,1.117,"{'A': 12, 'B': 23, 'C': 2}",37,187.4,15.6,7.57,"{'A': 11.6, 'B': 30.42, 'C': 5.98}",48.0,15.6,ppo_unmasked,50,heavy_load,-14.79,5029,3600.5,unseen,0,,0.2046
62,"{'A': 1828.8, 'B': 1277.2, 'C': 2065.8}",0,99.93,0.967,"{'A': 6, 'B': 17, 'C': 0}",23,104.5,68.9,6.838,"{'A': 10.16, 'B': 10.64, 'C': 2.87}",23.67,68.9,ppo_unmasked,33,heavy_parts,-4.09,5000,3600.0,unseen,0,,0.2973
62,"{'A': 1699.5, 'B': 1178.7, 'C': 1887.6}",0,99.93,1.007,"{'A': 6, 'B': 17, 'C': 0}",23,104.5,68.9,6.838,"{'A': 9.44, 'B': 9.82, 'C': 2.62}",21.89,68.9,ppo_unmasked,32,heavy_parts,-2.3,5001,3600.0,unseen,0,,0.2973
62,"{'A': 995.7, 'B': 1436.4, 'C': 2328.9}",0,99.93,1.169,"{'A': 11, 'B': 17, 'C': 0}",28,124.6,68.2,6.997,"{'A': 5.53, 'B': 11.97, 'C': 3.23}",20.74,68.2,ppo_unmasked,33,heavy_parts,3.76,5002,3600.4,unseen,0,,0.2499
62,"{'A': 1046.9, 'B': 1587.1, 'C': 867.6}",0,99.93,0.861,"{'A': 12, 'B': 9, 'C': 2}",23,122.9,68.5,6.927,"{'A': 5.82, 'B': 13.23, 'C': 1.21}",20.25,68.5,ppo_unmasked,26,heavy_parts,-0.71,5003,3600.2,unseen,0,,0.3012
61,"{'A': 1551.6, 'B': 1582.1, 'C': 112.8}",0,99.93,0.902,"{'A': 8, 'B': 12, 'C': 2}",22,172.2,66.3,7.421,"{'A': 8.62, 'B': 13.18, 'C': 0.16}",21.96,66.3,ppo_unmasked,32,heavy_parts,-3.67,5004,3600.6,unseen,0,,0.3373
62,"{'A': 1127.1, 'B': 1316.7, 'C': 1560.7}",0,99.93,0.86,"{'A': 11, 'B': 17, 'C': 0}",28,124.6,68.2,6.997,"{'A': 6.26, 'B': 10.97, 'C': 2.17}",19.4,68.2,ppo_unmasked,34,heavy_parts,5.1,5005,3600.4,unseen,0,,0.2499
62,"{'A': 0.0, 'B': 0.0, 'C': 0.0}",0,99.91,1.004,"{'A': 17, 'B': 30, 'C': 3}",50,393.7,58.3,9.167,"{'A': 0.0, 'B': 0.0, 'C': 0.0}",0.0,58.3,ppo_unmasked,54,heavy_parts,45.42,5006,3600.5,unseen,0,,0.1833
62,"{'A': 1823.1, 'B': 1395.3, 'C': 738.1}",0,99.93,0.847,"{'A': 6, 'B': 15, 'C': 2}",23,117.1,68.5,6.92,"{'A': 10.13, 'B': 11.63, 'C': 1.03}",22.78,68.5,ppo_unmasked,33,heavy_parts,-3.24,5007,3600.3,unseen,0,,0.3009
62,"{'A': 1801.8, 'B': 1201.4, 'C': 1939.8}",0,99.93,0.904,"{'A': 6, 'B': 17, 'C': 0}",23,104.5,68.9,6.838,"{'A': 10.01, 'B': 10.01, 'C': 2.69}",22.72,68.9,ppo_unmasked,32,heavy_parts,-3.13,5008,3600.0,unseen,0,,0.2973
61,"{'A': 40.4, 'B': 0.0, 'C': 0.0}",0,99.9,1.16,"{'A': 18, 'B': 26, 'C': 3}",47,448.3,56.2,9.639,"{'A': 0.22, 'B': 0.0, 'C': 0.0}",0.22,56.2,ppo_unmasked,51,heavy_parts,41.96,5009,3600.5,unseen,0,,0.2051
62,"{'A': 863.2, 'B': 1880.0, 'C': 2489.5}",0,99.93,0.906,"{'A': 6, 'B': 11, 'C': 0}",17,94.0,69.4,6.728,"{'A': 4.8, 'B': 15.67, 'C': 3.46}",23.92,69.4,ppo_unmasked,27,heavy_parts,-10.28,5010,3600.1,unseen,0,,0.3958
62,"{'A': 1904.8, 'B': 1368.6, 'C': 754.0}",0,99.93,0.991,"{'A': 6, 'B': 15, 'C': 2}",23,117.1,68.5,6.92,"{'A': 10.58, 'B': 11.41, 'C': 1.05}",23.03,68.5,ppo_unmasked,33,heavy_parts,-3.49,5011,3600.3,unseen,0,,0.3009
62,"{'A': 1046.9, 'B': 1422.2, 'C': 2340.7}",0,99.93,0.939,"{'A': 11, 'B': 17, 'C': 0}",28,124.6,68.2,6.997,"{'A': 5.82, 'B': 11.85, 'C': 3.25}",20.92,68.2,ppo_unmasked,34,heavy_parts,3.58,5012,3600.4,unseen,0,,0.2499
63,"{'A': 1453.9, 'B': 1516.3, 'C': 516.4}",0,99.93,0.873,"{'A': 11, 'B': 17, 'C': 2}",30,143.5,67.6,7.129,"{'A': 8.08, 'B': 12.64, 'C': 0.72}",21.43,67.6,ppo_unmasked,33,heavy_parts,5.01,5013,3600.8,unseen,0,,0.2376
62,"{'A': 1854.4, 'B': 1212.9, 'C': 1879.4}",0,99.93,0.862,"{'A': 6, 'B': 17, 'C': 0}",23,104.5,68.9,6.838,"{'A': 10.3, 'B': 10.11, 'C': 2.61}",23.02,68.9,ppo_unmasked,32,heavy_parts,-3.44,5014,3600.0,unseen,0,,0.2973
62,"{'A': 792.1, 'B': 1178.8, 'C': 211.6}",0,99.93,0.934,"{'A': 11, 'B': 17, 'C': 0}",28,130.9,68.1,7.029,"{'A': 4.4, 'B': 9.82, 'C': 0.29}",14.52,68.1,ppo_unmasked,39,heavy_parts,9.97,5015,3600.5,unseen,0,,0.251
62,"{'A': 848.5, 'B': 1743.9, 'C': 2348.7}",0,99.93,0.891,"{'A': 11, 'B': 11, 'C': 0}",22,104.0,68.9,6.838,"{'A': 4.71, 'B': 14.53, 'C': 3.26}",22.51,68.9,ppo_unmasked,32,heavy_parts,-3.93,5016,3600.7,unseen,0,,0.3108
63,"{'A': 1329.1, 'B': 1486.9, 'C': 645.5}",0,99.93,0.984,"{'A': 11, 'B': 17, 'C': 2}",30,143.5,67.6,7.129,"{'A': 7.38, 'B': 12.39, 'C': 0.9}",20.67,67.6,ppo_unmasked,33,heavy_parts,5.76,5017,3600.8,unseen,0,,0.2376
62,"{'A': 1397.7, 'B': 1529.1, 'C': 645.6}",0,99.93,1.24,"{'A': 11, 'B': 17, 'C': 2}",30,143.5,67.6,7.129,"{'A': 7.76, 'B': 12.74, 'C': 0.9}",21.4,67.6,ppo_unmasked,33,heavy_parts,5.03,5018,3600.8,unseen,0,,0.2376
62,"{'A': 1610.3, 'B': 1519.3, 'C': 482.3}",0,99.93,0.977,"{'A': 11, 'B': 17, 'C': 2}",30,162.0,66.8,7.295,"{'A': 8.95, 'B': 12.66, 'C': 0.67}",22.28,66.8,ppo_unmasked,33,heavy_parts,4.08,5019,3600.3,unseen,0,,0.2432
62,"{'A': 1924.4, 'B': 1836.2, 'C': 1725.0}",0,99.93,0.93,"{'A': 6, 'B': 11, 'C': 0}",17,84.0,69.6,6.679,"{'A': 10.69, 'B': 15.3, 'C': 2.4}",28.39,69.6,ppo_unmasked,27,heavy_parts,-14.73,5020,3600.4,unseen,0,,0.3929
62,"{'A': 1730.0, 'B': 1128.3, 'C': 573.2}",0,99.93,0.847,"{'A': 6, 'B': 16, 'C': 2}",24,117.1,68.5,6.929,"{'A': 9.61, 'B': 9.4, 'C': 0.8}",19.81,68.5,ppo_unmasked,34,heavy_parts,0.73,5021,3600.3,unseen,0,,0.2887
61,"{'A': 0.0, 'B': 0.0, 'C': 0.0}",0,99.91,1.028,"{'A': 17, 'B': 29, 'C': 3}",49,411.7,57.7,9.298,"{'A': 0.0, 'B': 0.0, 'C': 0.0}",0.0,57.7,ppo_unmasked,51,heavy_parts,44.35,5022,3600.7,unseen,0,,0.1898
62,"{'A': 809.7, 'B': 1775.0, 'C': 2228.9}",0,99.93,0.907,"{'A': 11, 'B': 11, 'C': 0}",22,104.0,68.9,6.838,"{'A': 4.5, 'B': 14.79, 'C': 3.1}",22.39,68.9,ppo_unmasked,32,heavy_parts,-3.8,5023,3600.7,unseen,0,,0.3108
62,"{'A': 1796.3, 'B': 1223.6, 'C': 1916.5}",0,99.93,0.865,"{'A': 6, 'B': 17, 'C': 0}",23,104.5,68.9,6.838,"{'A': 9.98, 'B': 10.2, 'C': 2.66}",22.84,68.9,ppo_unmasked,32,heavy_parts,-3.26,5024,3600.0,unseen,0,,0.2973
62,"{'A': 983.1, 'B': 1805.5, 'C': 2375.8}",0,99.93,0.915,"{'A': 11, 'B': 11, 'C': 0}",22,104.0,68.9,6.838,"{'A': 5.46, 'B': 15.05, 'C': 3.3}",23.81,68.9,ppo_unmasked,32,heavy_parts,-5.23,5025,3600.7,unseen,0,,0.3108
63,"{'A': 1278.1, 'B': 1566.7, 'C': 480.4}",0,99.93,0.966,"{'A': 11, 'B': 17, 'C': 2}",30,143.5,67.6,7.129,"{'A': 7.1, 'B': 13.06, 'C': 0.67}",20.82,67.6,ppo_unmasked,33,heavy_parts,5.61,5026,3600.8,unseen,0,,0.2376
63,"{'A': 1691.3, 'B': 1741.7, 'C': 595.7}",0,99.94,0.921,"{'A': 0, 'B': 12, 'C': 2}",14,58.6,70.7,6.444,"{'A': 9.4, 'B': 14.51, 'C': 0.83}",24.74,70.7,ppo_unmasked,24,heavy_parts,-13.96,5027,3600.2,unseen,0,,0.4603
62,"{'A': 2004.5, 'B': 1061.8, 'C': 510.7}",0,99.93,0.963,"{'A': 6, 'B': 16, 'C': 2}",24,135.7,67.7,7.096,"{'A': 11.14, 'B': 8.85, 'C': 0.71}",20.69,67.7,ppo_unmasked,34,heavy_parts,-0.24,5028,3600.8,unseen,0,,0.2957
62,"{'A': 775.5, 'B': 1800.8, 'C': 2245.9}",0,99.93,0.983,"{'A': 6, 'B': 11, 'C': 0}",17,84.0,69.6,6.679,"{'A': 4.31, 'B': 15.01, 'C': 3.12}",22.43,69.6,ppo_unmasked,27,heavy_parts,-8.77,5029,3600.4,unseen,0,,0.3929
63,"{'A': 444.9, 'B': 358.3, 'C': 423.2}",0,99.92,1.028,"{'A': 33, 'B': 46, 'C': 5}",84,312.3,62.0,8.363,"{'A': 4.94, 'B': 5.97, 'C': 1.18}",12.09,62.0,ppo_unmasked,96,high_demand,67.73,5000,3600.8,seen,0,,0.0996
62,"{'A': 425.8, 'B': 480.8, 'C': 333.9}",0,99.91,0.994,"{'A': 28, 'B': 46, 'C': 6}",80,344.1,60.6,8.671,"{'A': 4.73, 'B': 8.01, 'C': 0.93}",13.67,60.6,ppo_unmasked,98,high_demand,61.99,5001,3600.4,seen,0,,0.1084
63,"{'A': 523.6, 'B': 385.5, 'C': 412.7}",0,99.91,1.001,"{'A': 32, 'B': 47, 'C': 5}",84,330.8,61.2,8.538,"{'A': 5.82, 'B': 6.43, 'C': 1.15}",13.39,61.2,ppo_unmasked,94,high_demand,66.34,5002,3600.3,seen,0,,0.1016
62,"{'A': 229.0, 'B': 104.8, 'C': 413.7}",0,99.91,1.001,"{'A': 30, 'B': 42, 'C': 6}",78,354.7,60.5,8.688,"{'A': 2.54, 'B': 1.75, 'C': 1.15}",5.44,60.5,ppo_unmasked,88,high_demand,68.22,5003,3600.4,seen,0,,0.1114
63,"{'A': 235.3, 'B': 142.2, 'C': 221.7}",0,99.91,1.076,"{'A': 36, 'B': 56, 'C': 7}",99,419.0,58.0,9.247,"{'A': 2.61, 'B': 2.37, 'C': 0.62}",5.6,58.0,ppo_unmasked,99,high_demand,88.78,5004,3600.4,seen,0,,0.0934
62,"{'A': 348.7, 'B': 581.6, 'C': 501.4}",0,99.91,1.156,"{'A': 33, 'B': 52, 'C': 5}",90,373.2,59.5,8.9,"{'A': 3.87, 'B': 9.69, 'C': 1.39}",14.96,59.5,ppo_unmasked,91,high_demand,70.59,5005,3600.9,seen,0,,0.0989
62,"{'A': 605.6, 'B': 520.1, 'C': 619.6}",0,99.91,1.143,"{'A': 27, 'B': 43, 'C': 6}",76,354.7,60.4,8.703,"{'A': 6.73, 'B': 8.67, 'C': 1.72}",17.12,60.4,ppo_unmasked,94,high_demand,54.53,5006,3600.4,seen,0,,0.1145
63,"{'A': 644.3, 'B': 635.4, 'C': 328.6}",0,99.91,1.169,"{'A': 31, 'B': 40, 'C': 6}",77,359.9,60.3,8.745,"{'A': 7.16, 'B': 10.59, 'C': 0.91}",18.66,60.3,ppo_unmasked,87,high_demand,53.97,5007,3600.9,seen,0,,0.1136
62,"{'A': 474.9, 'B': 445.7, 'C': 336.9}",0,99.91,1.167,"{'A': 32, 'B': 46, 'C': 6}",84,380.5,59.5,8.914,"{'A': 5.28, 'B': 7.43, 'C': 0.94}",13.64,59.5,ppo_unmasked,96,high_demand,65.9,5008,3600.5,seen,0,,0.1061
63,"{'A': 244.9, 'B': 420.1, 'C': 314.3}",0,99.91,1.052,"{'A': 36, 'B': 44, 'C': 6}",86,397.8,58.4,9.149,"{'A': 2.72, 'B': 7.0, 'C': 0.87}",10.6,58.4,ppo_unmasked,98,high_demand,70.83,5009,3600.1,seen,0,,0.1064
63,"{'A': 281.2, 'B': 351.1, 'C': 530.9}",0,99.91,1.01,"{'A': 25, 'B': 55, 'C': 7}",87,409.7,59.1,9.004,"{'A': 3.12, 'B': 5.85, 'C': 1.47}",10.45,59.1,ppo_unmasked,87,high_demand,72.05,5010,3600.5,seen,0,,0.1035
63,"{'A': 467.2, 'B': 588.9, 'C': 677.4}",0,99.91,1.055,"{'A': 31, 'B': 51, 'C': 5}",87,349.4,60.3,8.743,"{'A': 5.19, 'B': 9.82, 'C': 1.88}",16.89,60.3,ppo_unmasked,95,high_demand,65.74,5011,3600.8,seen,0,,0.1005
62,"{'A': 182.6, 'B': 240.8, 'C': 502.7}",0,99.91,0.985,"{'A': 33, 'B': 49, 'C': 8}",90,375.2,59.3,8.949,"{'A': 2.03, 'B': 4.01, 'C': 1.4}",7.44,59.3,ppo_unmasked,101,high_demand,78.09,5012,3600.0,seen,0,,0.0994
62,"{'A': 422.8, 'B': 331.8, 'C': 656.5}",0,99.91,1.078,"{'A': 29, 'B': 53, 'C': 5}",87,373.2,59.4,8.925,"{'A': 4.7, 'B': 5.53, 'C': 1.82}",12.05,59.4,ppo_unmasked,98,high_demand,70.49,5013,3600.9,seen,0,,0.1026
63,"{'A': 229.1, 'B': 232.5, 'C': 577.1}",0,99.91,1.064,"{'A': 30, 'B': 54, 'C': 5}",89,373.2,59.5,8.918,"{'A': 2.55, 'B': 3.88, 'C': 1.6}",8.02,59.5,ppo_unmasked,98,high_demand,76.52,5014,3600.9,seen,0,,0.1002
62,"{'A': 76.8, 'B': 3.3, 'C': 0.0}",0,99.91,1.099,"{'A': 31, 'B': 52, 'C': 4}",87,346.9,60.0,8.805,"{'A': 0.85, 'B': 0.05, 'C': 0.0}",0.91,60.0,ppo_unmasked,103,high_demand,81.69,5015,3600.5,seen,0,,0.1012
62,"{'A': 364.4, 'B': 354.3, 'C': 581.1}",0,99.91,1.33,"{'A': 32, 'B': 46, 'C': 5}",83,330.8,61.2,8.531,"{'A': 4.05, 'B': 5.9, 'C': 1.61}",11.57,61.2,ppo_unmasked,96,high_demand,67.17,5016,3600.3,seen,0,,0.1028
62,"{'A': 580.1, 'B': 551.3, 'C': 552.3}",0,99.92,1.085,"{'A': 30, 'B': 45, 'C': 5}",80,318.1,61.8,8.41,"{'A': 6.45, 'B': 9.19, 'C': 1.53}",17.17,61.8,ppo_unmasked,90,high_demand,58.63,5017,3600.6,seen,0,,0.1051
62,"{'A': 858.6, 'B': 465.0, 'C': 767.8}",0,99.92,1.058,"{'A': 23, 'B': 46, 'C': 5}",74,316.1,61.8,8.397,"{'A': 9.54, 'B': 7.75, 'C': 2.13}",19.42,61.8,ppo_unmasked,89,high_demand,50.38,5018,3600.5,seen,0,,0.1135
62,"{'A': 379.1, 'B': 296.0, 'C': 249.6}",0,99.91,1.087,"{'A': 34, 'B': 46, 'C': 5}",85,409.6,58.3,9.183,"{'A': 4.21, 'B': 4.93, 'C': 0.69}",9.84,58.3,ppo_unmasked,97,high_demand,70.57,5019,3600.4,seen,0,,0.108
61,"{'A': 689.8, 'B': 803.9, 'C': 846.5}",0,99.92,1.108,"{'A': 25, 'B': 38, 'C': 4}",67,288.3,62.6,8.229,"{'A': 7.66, 'B': 13.4, 'C': 2.35}",23.41,62.6,ppo_unmasked,85,high_demand,39.47,5020,3600.3,seen,0,,0.1228
62,"{'A': 511.0, 'B': 324.5, 'C': 573.5}",0,99.91,1.016,"{'A': 32, 'B': 47, 'C': 5}",84,354.7,60.2,8.764,"{'A': 5.68, 'B': 5.41, 'C': 1.59}",12.68,60.2,ppo_unmasked,97,high_demand,66.94,5021,3600.4,seen,0,,0.1043
62,"{'A': 788.6, 'B': 198.6, 'C': 993.7}",0,99.91,0.997,"{'A': 24, 'B': 48, 'C': 4}",76,327.4,61.0,8.587,"{'A': 8.76, 'B': 3.31, 'C': 2.76}",14.83,61.0,ppo_unmasked,94,high_demand,56.88,5022,3600.4,seen,0,,0.113
62,"{'A': 852.2, 'B': 681.3, 'C': 1631.1}",0,99.92,1.044,"{'A': 23, 'B': 42, 'C': 2}",67,301.6,61.9,8.388,"{'A': 9.47, 'B': 11.36, 'C': 4.53}",25.35,61.9,ppo_unmasked,85,high_demand,37.45,5023,3600.3,seen,0,,0.1252
63,"{'A': 519.9, 'B': 485.4, 'C': 414.9}",0,99.91,1.259,"{'A': 29, 'B': 55, 'C': 5}",89,374.7,59.7,8.875,"{'A': 5.78, 'B': 8.09, 'C': 1.15}",15.02,59.7,ppo_unmasked,94,high_demand,69.54,5024,3600.7,seen,0,,0.0997
62,"{'A': 527.2, 'B': 373.1, 'C': 733.7}",0,99.91,1.175,"{'A': 26, 'B': 52, 'C': 5}",83,373.2,59.8,8.842,"{'A': 5.86, 'B': 6.22, 'C': 2.04}",14.12,59.8,ppo_unmasked,94,high_demand,64.46,5025,3600.9,seen,0,,0.1065
62,"{'A': 311.3, 'B': 330.7, 'C': 754.6}",0,99.91,1.087,"{'A': 32, 'B': 50, 'C': 5}",87,351.4,60.6,8.679,"{'A': 3.46, 'B': 5.51, 'C': 2.1}",11.07,60.6,ppo_unmasked,99,high_demand,71.59,5026,3600.9,seen,0,,0.0998
63,"{'A': 261.5, 'B': 955.1, 'C': 1465.7}",0,99.92,0.925,"{'A': 22, 'B': 35, 'C': 3}",60,236.2,64.1,7.893,"{'A': 2.91, 'B': 15.92, 'C': 4.07}",22.9,64.1,ppo_unmasked,73,high_demand,33.16,5027,3600.7,seen,0,,0.1315
62,"{'A': 396.6, 'B': 316.0, 'C': 340.1}",0,99.91,1.196,"{'A': 31, 'B': 47, 'C': 6}",84,393.2,59.2,8.969,"{'A': 4.41, 'B': 5.27, 'C': 0.94}",10.62,59.2,ppo_unmasked,96,high_demand,68.9,5028,3600.2,seen,0,,0.1068
62,"{'A': 249.7, 'B': 1208.2, 'C': 680.1}",0,99.92,0.933,"{'A': 18, 'B': 40, 'C': 6}",64,215.2,65.1,7.686,"{'A': 2.77, 'B': 20.14, 'C': 1.89}",24.8,65.1,ppo_unmasked,72,high_demand,35.36,5029,3600.8,seen,0,,0.1201
64,"{'A': 0.0, 'B': 0.0, 'C': 0.0}",0,99.92,0.919,"{'A': 13, 'B': 24, 'C': 3}",40,213.2,65.3,7.643,"{'A': 0.0, 'B': 0.0, 'C': 0.0}",0.0,65.3,ppo_unmasked,54,hot_factory,36.18,5000,3600.7,unseen,0,,0.1911
64,"{'A': 9.7, 'B': 0.0, 'C': 0.0}",0,99.92,0.946,"{'A': 14, 'B': 26, 'C': 3}",43,211.2,65.0,7.696,"{'A': 0.05, 'B': 0.0, 'C': 0.0}",0.05,65.0,ppo_unmasked,53,hot_factory,39.1,5001,3600.6,unseen,0,,0.179
64,"{'A': 0.0, 'B': 0.0, 'C': 0.0}",0,99.92,1.089,"{'A': 15, 'B': 25, 'C': 4}",44,255.1,63.8,7.961,"{'A': 0.0, 'B': 0.0, 'C': 0.0}",0.0,63.8,ppo_unmasked,55,hot_factory,40.02,5002,3601.0,unseen,0,,0.1809
63,"{'A': 0.0, 'B': 0.0, 'C': 0.0}",0,99.92,0.961,"{'A': 16, 'B': 20, 'C': 5}",41,262.8,63.6,8.016,"{'A': 0.0, 'B': 0.0, 'C': 0.0}",0.0,63.6,ppo_unmasked,45,hot_factory,36.99,5003,3600.9,unseen,0,,0.1955
63,"{'A': 63.2, 'B': 823.2, 'C': 644.1}",0,99.93,0.847,"{'A': 13, 'B': 19, 'C': 3}",35,128.3,67.7,7.112,"{'A': 0.35, 'B': 6.86, 'C': 0.89}",8.11,67.7,ppo_unmasked,44,hot_factory,23.34,5004,3600.1,unseen,0,,0.2032
64,"{'A': 0.0, 'B': 0.0, 'C': 0.0}",0,99.92,1.014,"{'A': 16, 'B': 25, 'C': 4}",45,275.6,63.2,8.09,"{'A': 0.0, 'B': 0.0, 'C': 0.0}",0.0,63.2,ppo_unmasked,51,hot_factory,40.95,5005,3600.6,unseen,0,,0.1798
63,"{'A': 0.0, 'B': 78.9, 'C': 0.0}",0,99.93,0.945,"{'A': 15, 'B': 23, 'C': 3}",41,194.7,66.1,7.448,"{'A': 0.0, 'B': 0.66, 'C': 0.0}",0.66,66.1,ppo_unmasked,54,hot_factory,36.62,5006,3600.2,unseen,0,,0.1817
64,"{'A': 0.0, 'B': 0.0, 'C': 0.0}",0,99.92,0.916,"{'A': 17, 'B': 26, 'C': 3}",46,249.8,63.8,7.96,"{'A': 0.0, 'B': 0.0, 'C': 0.0}",0.0,63.8,ppo_unmasked,54,hot_factory,42.02,5007,3600.4,unseen,0,,0.173
63,"{'A': 274.8, 'B': 612.0, 'C': 49.7}",0,99.93,0.85,"{'A': 13, 'B': 19, 'C': 3}",35,130.3,68.0,7.032,"{'A': 1.53, 'B': 5.1, 'C': 0.07}",6.7,68.0,ppo_unmasked,47,hot_factory,24.79,5008,3600.2,unseen,0,,0.2009
64,"{'A': 0.0, 'B': 0.0, 'C': 0.0}",0,99.92,0.993,"{'A': 14, 'B': 24, 'C': 3}",41,222.6,65.0,7.69,"{'A': 0.0, 'B': 0.0, 'C': 0.0}",0.0,65.0,ppo_unmasked,54,hot_factory,37.16,5009,3600.7,unseen,0,,0.1876
65,"{'A': 0.0, 'B': 0.0, 'C': 135.5}",0,99.92,0.987,"{'A': 15, 'B': 31, 'C': 5}",51,259.0,64.0,7.921,"{'A': 0.0, 'B': 0.0, 'C': 0.19}",0.19,64.0,ppo_unmasked,49,hot_factory,46.85,5010,3600.2,unseen,0,,0.1553
63,"{'A': 0.0, 'B': 0.0, 'C': 0.0}",0,99.92,1.064,"{'A': 17, 'B': 26, 'C': 3}",46,249.8,64.0,7.92,"{'A': 0.0, 'B': 0.0, 'C': 0.0}",0.0,64.0,ppo_unmasked,52,hot_factory,42.04,5011,3600.4,unseen,0,,0.1722
64,"{'A': 0.0, 'B': 0.0, 'C': 0.0}",0,99.92,1.184,"{'A': 16, 'B': 25, 'C': 4}",45,275.6,63.1,8.109,"{'A': 0.0, 'B': 0.0, 'C': 0.0}",0.0,63.1,ppo_unmasked,55,hot_factory,40.95,5012,3600.6,unseen,0,,0.1802
63,"{'A': 0.0, 'B': 0.0, 'C': 0.0}",0,99.92,1.028,"{'A': 14, 'B': 31, 'C': 3}",48,213.2,65.1,7.673,"{'A': 0.0, 'B': 0.0, 'C': 0.0}",0.0,65.1,ppo_unmasked,53,hot_factory,44.16,5013,3600.7,unseen,0,,0.1599
64,"{'A': 0.0, 'B': 0.0, 'C': 0.0}",0,99.92,0.985,"{'A': 14, 'B': 23, 'C': 3}",40,229.2,64.6,7.797,"{'A': 0.0, 'B': 0.0, 'C': 0.0}",0.0,64.6,ppo_unmasked,52,hot_factory,36.1,5014,3600.8,unseen,0,,0.1949
63,"{'A': 0.0, 'B': 0.0, 'C': 0.0}",0,99.92,0.9,"{'A': 16, 'B': 27, 'C': 2}",45,187.4,65.9,7.511,"{'A': 0.0, 'B': 0.0, 'C': 0.0}",0.0,65.9,ppo_unmasked,53,hot_factory,41.24,5015,3600.5,unseen,0,,0.1669
63,"{'A': 0.0, 'B': 0.0, 'C': 0.0}",0,99.92,1.05,"{'A': 15, 'B': 25, 'C': 4}",44,249.7,64.0,7.921,"{'A': 0.0, 'B': 0.0, 'C': 0.0}",0.0,64.0,ppo_unmasked,54,hot_factory,40.04,5016,3600.3,unseen,0,,0.18
65,"{'A': 0.0, 'B': 0.0, 'C': 0.0}",0,99.92,1.006,"{'A': 15, 'B': 26, 'C': 3}",44,231.2,64.5,7.803,"{'A': 0.0, 'B': 0.0, 'C': 0.0}",0.0,64.5,ppo_unmasked,53,hot_factory,40.1,5017,3600.9,unseen,0,,0.1773
63,"{'A': 0.0, 'B': 0.0, 'C': 0.0}",0,99.92,0.952,"{'A': 14, 'B': 25, 'C': 3}",42,231.7,64.7,7.764,"{'A': 0.0, 'B': 0.0, 'C': 0.0}",0.0,64.7,ppo_unmasked,55,hot_factory,38.12,5018,3600.2,unseen,0,,0.1849
64,"{'A': 29.6, 'B': 75.5, 'C': 0.0}",0,99.92,1.003,"{'A': 16, 'B': 25, 'C': 4}",45,220.5,65.3,7.641,"{'A': 0.16, 'B': 0.63, 'C': 0.0}",0.79,65.3,ppo_unmasked,53,hot_factory,40.39,5019,3600.3,unseen,0,,0.1698
63,"{'A': 409.2, 'B': 623.4, 'C': 0.0}",0,99.92,0.991,"{'A': 17, 'B': 24, 'C': 3}",44,192.7,65.6,7.578,"{'A': 2.27, 'B': 5.19, 'C': 0.0}",7.47,65.6,ppo_unmasked,47,hot_factory,32.74,5020,3600.1,unseen,0,,0.1722
64,"{'A': 0.0, 'B': 7.8, 'C': 0.0}",0,99.92,1.012,"{'A': 15, 'B': 23, 'C': 3}",41,204.9,65.8,7.524,"{'A': 0.0, 'B': 0.06, 'C': 0.0}",0.06,65.8,ppo_unmasked,52,hot_factory,37.17,5021,3600.5,unseen,0,,0.1835
62,"{'A': 124.7, 'B': 567.9, 'C': 508.8}",0,99.93,0.977,"{'A': 17, 'B': 23, 'C': 3}",43,166.9,66.3,7.414,"{'A': 0.69, 'B': 4.73, 'C': 0.71}",6.13,66.3,ppo_unmasked,49,hot_factory,33.16,5022,3600.9,unseen,0,,0.1724
64,"{'A': 0.0, 'B': 0.0, 'C': 0.0}",0,99.92,1.017,"{'A': 15, 'B': 30, 'C': 3}",48,233.7,64.6,7.798,"{'A': 0.0, 'B': 0.0, 'C': 0.0}",0.0,64.6,ppo_unmasked,54,hot_factory,44.1,5023,3600.3,unseen,0,,0.1625
64,"{'A': 273.9, 'B': 418.0, 'C': 0.0}",0,99.93,0.955,"{'A': 17, 'B': 26, 'C': 3}",46,174.2,66.4,7.396,"{'A': 1.52, 'B': 3.48, 'C': 0.0}",5.01,66.4,ppo_unmasked,49,hot_factory,37.3,5024,3600.6,unseen,0,,0.1608
63,"{'A': 0.0, 'B': 0.0, 'C': 1.6}",0,99.92,0.941,"{'A': 14, 'B': 25, 'C': 4}",43,211.2,65.0,7.706,"{'A': 0.0, 'B': 0.0, 'C': 0.0}",0.0,65.0,ppo_unmasked,54,hot_factory,39.14,5025,3600.6,unseen,0,,0.1792
63,"{'A': 1602.0, 'B': 842.5, 'C': 1718.4}",0,99.93,0.829,"{'A': 4, 'B': 17, 'C': 0}",21,64.0,70.4,6.511,"{'A': 8.9, 'B': 7.02, 'C': 2.39}",18.31,70.4,ppo_unmasked,39,hot_factory,-0.56,5026,3600.1,unseen,0,,0.31
65,"{'A': 0.0, 'B': 0.0, 'C': 0.0}",0,99.92,1.114,"{'A': 8, 'B': 32, 'C': 3}",43,213.2,65.3,7.642,"{'A': 0.0, 'B': 0.0, 'C': 0.0}",0.0,65.3,ppo_unmasked,48,hot_factory,39.18,5027,3600.7,unseen,0,,0.1777
63,"{'A': 280.0, 'B': 433.2, 'C': 46.3}",0,99.93,0.959,"{'A': 13, 'B': 19, 'C': 3}",35,130.3,68.0,7.032,"{'A': 1.56, 'B': 3.61, 'C': 0.06}",5.23,68.0,ppo_unmasked,47,hot_factory,26.25,5028,3600.2,unseen,0,,0.2009
63,"{'A': 530.4, 'B': 839.7, 'C': 1605.4}",0,99.93,1.015,"{'A': 4, 'B': 17, 'C': 0}",21,64.0,70.4,6.51,"{'A': 2.95, 'B': 7.0, 'C': 2.23}",12.17,70.4,ppo_unmasked,37,hot_factory,5.57,5029,3600.1,unseen,0,,0.31
54,"{'A': 0.0, 'B': 54.8, 'C': 0.0}",0,99.93,1.153,"{'A': 14, 'B': 22, 'C': 3}",39,194.7,0.0,6.601,"{'A': 0.0, 'B': 0.46, 'C': 0.0}",0.46,0.0,ppo_unmasked,46,low_battery_start,-4.76,5000,3149.2,seen,2,"below_reserve@1575s,battery_empty@3149s",0.1692
53,"{'A': 76.5, 'B': 699.8, 'C': 606.6}",0,99.93,1.104,"{'A': 18, 'B': 23, 'C': 3}",44,166.9,0.0,6.601,"{'A': 0.43, 'B': 5.83, 'C': 0.84}",7.1,0.0,ppo_unmasked,40,low_battery_start,-6.4,5001,3153.9,seen,2,"below_reserve@1792s,battery_empty@3154s",0.15
57,"{'A': 567.6, 'B': 226.6, 'C': 2118.1}",0,99.93,1.009,"{'A': 13, 'B': 26, 'C': 0}",39,123.1,0.0,6.6,"{'A': 3.15, 'B': 1.89, 'C': 2.94}",7.98,0.0,ppo_unmasked,43,low_battery_start,-12.28,5002,3389.5,seen,2,"below_reserve@1724s,battery_empty@3390s",0.1692
59,"{'A': 662.7, 'B': 243.9, 'C': 2195.9}",0,99.93,0.94,"{'A': 13, 'B': 18, 'C': 0}",31,102.5,0.0,6.6,"{'A': 3.68, 'B': 2.03, 'C': 3.05}",8.76,0.0,ppo_unmasked,35,low_battery_start,-21.06,5003,3473.9,seen,2,"below_reserve@1792s,battery_empty@3474s",0.2129
51,"{'A': 0.0, 'B': 0.0, 'C': 136.1}",0,99.93,1.325,"{'A': 15, 'B': 23, 'C': 4}",42,211.2,0.0,6.601,"{'A': 0.0, 'B': 0.0, 'C': 0.19}",0.19,0.0,ppo_unmasked,43,low_battery_start,-1.49,5004,2995.6,seen,2,"below_reserve@1539s,battery_empty@2996s",0.1572
45,"{'A': 1438.3, 'B': 379.8, 'C': 1500.5}",1,99.94,1.175,"{'A': 9, 'B': 22, 'C': 0}",31,149.6,26.6,5.633,"{'A': 7.99, 'B': 3.17, 'C': 2.08}",13.24,17.8,ppo_unmasked,42,low_battery_start,14.94,5005,3600.6,seen,0,,0.1817
53,"{'A': 0.0, 'B': 0.0, 'C': 0.0}",0,99.93,1.447,"{'A': 21, 'B': 22, 'C': 3}",46,225.9,0.0,6.602,"{'A': 0.0, 'B': 0.0, 'C': 0.0}",0.0,0.0,ppo_unmasked,44,low_battery_start,2.7,5006,3009.4,seen,2,"below_reserve@1469s,battery_empty@3009s",0.1435
52,"{'A': 0.0, 'B': 0.0, 'C': 40.3}",0,99.93,1.177,"{'A': 14, 'B': 25, 'C': 3}",42,205.9,0.0,6.602,"{'A': 0.0, 'B': 0.0, 'C': 0.06}",0.06,0.0,ppo_unmasked,43,low_battery_start,-1.36,5007,3037.1,seen,2,"below_reserve@1539s,battery_empty@3037s",0.1572
49,"{'A': 0.0, 'B': 0.0, 'C': 0.0}",0,99.93,1.214,"{'A': 13, 'B': 22, 'C': 3}",38,248.3,0.0,6.6,"{'A': 0.0, 'B': 0.0, 'C': 0.0}",0.0,0.0,ppo_unmasked,40,low_battery_start,-5.3,5008,2831.6,seen,2,"below_reserve@1362s,battery_empty@2832s",0.1737
45,"{'A': 1307.2, 'B': 377.2, 'C': 1978.5}",1,99.94,1.179,"{'A': 9, 'B': 21, 'C': 0}",30,149.6,27.5,5.581,"{'A': 7.26, 'B': 3.14, 'C': 2.75}",13.15,17.1,ppo_unmasked,41,low_battery_start,14.06,5009,3600.6,seen,0,,0.186
49,"{'A': 0.0, 'B': 0.0, 'C': 0.0}",0,99.93,1.27,"{'A': 17, 'B': 27, 'C': 4}",48,267.3,0.0,6.602,"{'A': 0.0, 'B': 0.0, 'C': 0.0}",0.0,0.0,ppo_unmasked,40,low_battery_start,4.7,5010,2815.4,seen,2,"below_reserve@1465s,battery_empty@2815s",0.1375
53,"{'A': 0.0, 'B': 0.0, 'C': 0.0}",0,99.93,1.279,"{'A': 14, 'B': 21, 'C': 3}",38,192.7,0.0,6.601,"{'A': 0.0, 'B': 0.0, 'C': 0.0}",0.0,0.0,ppo_unmasked,46,low_battery_start,-5.3,5011,3119.1,seen,2,"below_reserve@1533s,battery_empty@3119s",0.1737
49,"{'A': 0.0, 'B': 0.0, 'C': 0.0}",0,99.93,1.321,"{'A': 14, 'B': 23, 'C': 4}",41,255.1,0.0,6.601,"{'A': 0.0, 'B': 0.0, 'C': 0.0}",0.0,0.0,ppo_unmasked,42,low_battery_start,-2.3,5012,2857.0,seen,2,"below_reserve@1489s,battery_empty@2857s",0.161
51,"{'A': 0.0, 'B': 0.0, 'C': 77.9}",0,99.93,1.323,"{'A': 15, 'B': 25, 'C': 4}",44,231.7,0.0,6.602,"{'A': 0.0, 'B': 0.0, 'C': 0.11}",0.11,0.0,ppo_unmasked,46,low_battery_start,0.59,5013,2927.2,seen,2,"below_reserve@1533s,battery_empty@2927s",0.15
55,"{'A': 0.0, 'B': 16.3, 'C': 0.0}",0,99.93,1.102,"{'A': 14, 'B': 23, 'C': 3}",40,194.7,0.0,6.602,"{'A': 0.0, 'B': 0.14, 'C': 0.0}",0.14,0.0,ppo_unmasked,46,low_battery_start,-3.44,5014,3147.2,seen,2,"below_reserve@1635s,battery_empty@3147s",0.165
61,"{'A': 1917.5, 'B': 1230.6, 'C': 986.1}",0,99.94,1.01,"{'A': 5, 'B': 15, 'C': 0}",20,64.0,0.6,6.471,"{'A': 10.65, 'B': 10.25, 'C': 1.37}",22.28,0.6,ppo_unmasked,31,low_battery_start,-25.51,5015,3600.1,seen,1,below_reserve@1724s,0.3235
50,"{'A': 0.0, 'B': 0.0, 'C': 0.0}",0,99.93,1.141,"{'A': 18, 'B': 25, 'C': 3}",46,231.2,0.0,6.6,"{'A': 0.0, 'B': 0.0, 'C': 0.0}",0.0,0.0,ppo_unmasked,45,low_battery_start,2.7,5016,2926.9,seen,2,"below_reserve@1489s,battery_empty@2927s",0.1435
43,"{'A': 0.0, 'B': 0.0, 'C': 0.0}",0,99.93,1.241,"{'A': 15, 'B': 24, 'C': 4}",43,310.6,0.0,6.6,"{'A': 0.0, 'B': 0.0, 'C': 0.0}",0.0,0.0,ppo_unmasked,38,low_battery_start,-0.3,5017,2571.5,seen,2,"below_reserve@1298s,battery_empty@2572s",0.1535
49,"{'A': 0.0, 'B': 0.0, 'C': 0.0}",0,99.93,1.276,"{'A': 13, 'B': 23, 'C': 3}",39,248.3,0.0,6.602,"{'A': 0.0, 'B': 0.0, 'C': 0.0}",0.0,0.0,ppo_unmasked,41,low_battery_start,-4.3,5018,2818.6,seen,2,"below_reserve@1272s,battery_empty@2819s",0.1693
45,"{'A': 1250.6, 'B': 442.6, 'C': 1923.2}",1,99.94,0.97,"{'A': 9, 'B': 21, 'C': 0}",30,149.6,26.6,5.629,"{'A': 6.95, 'B': 3.69, 'C': 2.67}",13.31,17.8,ppo_unmasked,41,low_battery_start,13.88,5019,3600.6,seen,0,,0.1876
55,"{'A': 241.2, 'B': 381.4, 'C': 6.2}",0,99.93,1.152,"{'A': 18, 'B': 25, 'C': 3}",46,168.9,0.0,6.601,"{'A': 1.34, 'B': 3.18, 'C': 0.01}",4.53,0.0,ppo_unmasked,42,low_battery_start,-1.83,5020,3194.0,seen,2,"below_reserve@1724s,battery_empty@3194s",0.1435
53,"{'A': 0.0, 'B': 0.0, 'C': 0.0}",0,99.93,1.18,"{'A': 14, 'B': 24, 'C': 3}",41,213.2,0.0,6.601,"{'A': 0.0, 'B': 0.0, 'C': 0.0}",0.0,0.0,ppo_unmasked,45,low_battery_start,-2.3,5021,3047.7,seen,2,"below_reserve@1553s,battery_empty@3048s",0.161
52,"{'A': 0.0, 'B': 0.0, 'C': 12.9}",0,99.93,1.26,"{'A': 14, 'B': 21, 'C': 4}",39,211.2,0.0,6.6,"{'A': 0.0, 'B': 0.0, 'C': 0.02}",0.02,0.0,ppo_unmasked,46,low_battery_start,-4.32,5022,3010.6,seen,2,"below_reserve@1409s,battery_empty@3011s",0.1692
53,"{'A': 0.0, 'B': 0.0, 'C': 167.2}",0,99.93,1.249,"{'A': 14, 'B': 24, 'C': 3}",41,205.9,0.0,6.601,"{'A': 0.0, 'B': 0.0, 'C': 0.23}",0.23,0.0,ppo_unmasked,45,low_battery_start,-2.53,5023,3039.1,seen,2,"below_reserve@1539s,battery_empty@3039s",0.161
53,"{'A': 120.7, 'B': 668.5, 'C': 635.6}",0,99.93,1.255,"{'A': 18, 'B': 23, 'C': 3}",44,166.9,0.0,6.601,"{'A': 0.67, 'B': 5.57, 'C': 0.88}",7.12,0.0,ppo_unmasked,39,low_battery_start,-6.42,5024,3153.9,seen,2,"below_reserve@1787s,battery_empty@3154s",0.15
49,"{'A': 0.0, 'B': 0.0, 'C': 0.0}",0,99.93,1.192,"{'A': 15, 'B': 22, 'C': 4}",41,255.1,0.0,6.6,"{'A': 0.0, 'B': 0.0, 'C': 0.0}",0.0,0.0,ppo_unmasked,43,low_battery_start,-2.3,5025,2849.0,seen,2,"below_reserve@1490s,battery_empty@2849s",0.161
61,"{'A': 1947.0, 'B': 1136.3, 'C': 2356.0}",0,99.94,1.012,"{'A': 5, 'B': 16, 'C': 0}",21,64.0,0.6,6.475,"{'A': 10.82, 'B': 9.47, 'C': 3.27}",23.56,0.6,ppo_unmasked,32,low_battery_start,-25.8,5026,3600.1,seen,1,below_reserve@1724s,0.3084
49,"{'A': 0.0, 'B': 0.0, 'C': 0.0}",0,99.93,1.282,"{'A': 12, 'B': 26, 'C': 4}",42,257.5,0.0,6.601,"{'A': 0.0, 'B': 0.0, 'C': 0.0}",0.0,0.0,ppo_unmasked,34,low_battery_start,-1.3,5027,2855.4,seen,2,"below_reserve@1494s,battery_empty@2855s",0.1572
45,"{'A': 0.0, 'B': 0.0, 'C': 0.0}",0,99.93,1.397,"{'A': 15, 'B': 22, 'C': 4}",41,292.1,0.0,6.601,"{'A': 0.0, 'B': 0.0, 'C': 0.0}",0.0,0.0,ppo_unmasked,40,low_battery_start,-2.3,5028,2663.0,seen,2,"below_reserve@1340s,battery_empty@2663s",0.161
53,"{'A': 0.0, 'B': 0.0, 'C': 107.0}",0,99.93,1.098,"{'A': 12, 'B': 24, 'C': 3}",39,187.4,0.0,6.602,"{'A': 0.0, 'B': 0.0, 'C': 0.15}",0.15,0.0,ppo_unmasked,41,low_battery_start,-4.45,5029,3146.5,seen,2,"below_reserve@1575s,battery_empty@3146s",0.1693
64,"{'A': 843.6, 'B': 832.7, 'C': 1108.7}",0,99.93,0.99,"{'A': 13, 'B': 47, 'C': 3}",63,187.4,66.0,7.473,"{'A': 4.69, 'B': 13.88, 'C': 1.54}",20.11,66.0,ppo_unmasked,64,one_hot_section,39.16,5000,3600.6,seen,0,,0.1186
65,"{'A': 0.0, 'B': 0.0, 'C': 0.0}",0,99.91,1.058,"{'A': 15, 'B': 62, 'C': 3}",80,350.4,60.7,8.636,"{'A': 0.0, 'B': 0.0, 'C': 0.0}",0.0,60.7,ppo_unmasked,85,one_hot_section,75.68,5001,3600.4,seen,0,,0.108
65,"{'A': 0.0, 'B': 0.0, 'C': 0.0}",0,99.92,1.044,"{'A': 14, 'B': 56, 'C': 3}",73,313.8,62.4,8.261,"{'A': 0.0, 'B': 0.0, 'C': 0.0}",0.0,62.4,ppo_unmasked,83,one_hot_section,68.87,5002,3600.7,seen,0,,0.1132
62,"{'A': 420.9, 'B': 697.9, 'C': 1439.9}",0,99.93,0.867,"{'A': 14, 'B': 28, 'C': 3}",45,148.9,67.3,7.193,"{'A': 2.34, 'B': 11.63, 'C': 2.0}",15.97,67.3,ppo_unmasked,51,one_hot_section,25.43,5003,3600.7,seen,0,,0.1598
65,"{'A': 0.0, 'B': 113.7, 'C': 0.0}",0,99.92,1.363,"{'A': 14, 'B': 50, 'C': 3}",67,303.6,62.9,8.162,"{'A': 0.0, 'B': 1.9, 'C': 0.0}",1.9,62.9,ppo_unmasked,81,one_hot_section,61.02,5004,3600.4,seen,0,,0.1218
65,"{'A': 0.0, 'B': 203.2, 'C': 0.0}",0,99.92,1.015,"{'A': 15, 'B': 56, 'C': 3}",74,293.3,62.9,8.154,"{'A': 0.0, 'B': 3.39, 'C': 0.0}",3.39,62.9,ppo_unmasked,83,one_hot_section,66.54,5005,3600.1,seen,0,,0.1102
67,"{'A': 0.0, 'B': 15.6, 'C': 0.0}",0,99.92,1.04,"{'A': 18, 'B': 51, 'C': 2}",71,292.5,62.7,8.209,"{'A': 0.0, 'B': 0.26, 'C': 0.0}",0.26,62.7,ppo_unmasked,83,one_hot_section,66.64,5006,3600.1,seen,0,,0.1156
64,"{'A': 520.1, 'B': 1090.4, 'C': 1195.5}",0,99.93,0.932,"{'A': 14, 'B': 40, 'C': 3}",57,169.4,66.6,7.352,"{'A': 2.89, 'B': 18.17, 'C': 1.66}",22.72,66.6,ppo_unmasked,61,one_hot_section,30.6,5007,3600.3,seen,0,,0.129
64,"{'A': 825.7, 'B': 968.3, 'C': 1100.7}",0,99.93,1.013,"{'A': 13, 'B': 41, 'C': 3}",57,169.4,66.6,7.359,"{'A': 4.59, 'B': 16.14, 'C': 1.53}",22.25,66.6,ppo_unmasked,59,one_hot_section,31.07,5008,3600.3,seen,0,,0.1291
65,"{'A': 90.6, 'B': 1033.4, 'C': 499.6}",0,99.92,1.07,"{'A': 20, 'B': 41, 'C': 3}",64,209.9,65.5,7.598,"{'A': 0.5, 'B': 17.22, 'C': 0.69}",18.42,65.5,ppo_unmasked,65,one_hot_section,41.78,5009,3600.3,seen,0,,0.1187
65,"{'A': 1161.3, 'B': 817.5, 'C': 1075.6}",0,99.92,1.006,"{'A': 9, 'B': 48, 'C': 3}",60,189.9,65.8,7.517,"{'A': 6.45, 'B': 13.62, 'C': 1.49}",21.57,65.8,ppo_unmasked,59,one_hot_section,34.67,5010,3600.9,seen,0,,0.1253
63,"{'A': 554.2, 'B': 1002.0, 'C': 1570.2}",0,99.93,1.049,"{'A': 14, 'B': 39, 'C': 0}",53,143.6,67.7,7.114,"{'A': 3.08, 'B': 16.7, 'C': 2.18}",21.96,67.7,ppo_unmasked,64,one_hot_section,27.48,5011,3600.2,seen,0,,0.1342
64,"{'A': 0.0, 'B': 0.0, 'C': 0.0}",0,99.92,1.168,"{'A': 16, 'B': 54, 'C': 3}",73,329.9,61.8,8.405,"{'A': 0.0, 'B': 0.0, 'C': 0.0}",0.0,61.8,ppo_unmasked,86,one_hot_section,68.8,5012,3600.8,seen,0,,0.1151
64,"{'A': 0.0, 'B': 0.0, 'C': 0.0}",0,99.92,1.077,"{'A': 20, 'B': 55, 'C': 3}",78,321.6,62.0,8.369,"{'A': 0.0, 'B': 0.0, 'C': 0.0}",0.0,62.0,ppo_unmasked,84,one_hot_section,73.82,5013,3600.6,seen,0,,0.1073
64,"{'A': 246.2, 'B': 762.9, 'C': 15.1}",0,99.93,1.078,"{'A': 14, 'B': 40, 'C': 3}",57,191.9,66.5,7.38,"{'A': 1.37, 'B': 12.72, 'C': 0.02}",14.1,66.5,ppo_unmasked,69,one_hot_section,39.21,5014,3600.0,seen,0,,0.1295
64,"{'A': 102.5, 'B': 804.7, 'C': 0.0}",0,99.93,0.977,"{'A': 14, 'B': 43, 'C': 2}",59,171.4,67.0,7.256,"{'A': 0.57, 'B': 13.41, 'C': 0.0}",13.98,67.0,ppo_unmasked,69,one_hot_section,41.39,5015,3600.4,seen,0,,0.123
65,"{'A': 0.0, 'B': 0.0, 'C': 0.0}",0,99.91,1.155,"{'A': 18, 'B': 54, 'C': 4}",76,367.9,60.8,8.614,"{'A': 0.0, 'B': 0.0, 'C': 0.0}",0.0,60.8,ppo_unmasked,84,one_hot_section,71.69,5016,3600.4,seen,0,,0.1133
64,"{'A': 124.9, 'B': 875.5, 'C': 232.9}",0,99.92,0.916,"{'A': 13, 'B': 39, 'C': 3}",55,199.3,65.9,7.504,"{'A': 0.69, 'B': 14.59, 'C': 0.32}",15.61,65.9,ppo_unmasked,67,one_hot_section,35.64,5017,3600.9,seen,0,,0.1364
65,"{'A': 235.7, 'B': 541.7, 'C': 98.4}",0,99.92,0.971,"{'A': 13, 'B': 43, 'C': 3}",59,212.4,65.9,7.503,"{'A': 1.31, 'B': 9.03, 'C': 0.14}",10.48,65.9,ppo_unmasked,72,one_hot_section,44.77,5018,3600.6,seen,0,,0.1272
65,"{'A': 302.1, 'B': 622.6, 'C': 0.0}",0,99.92,0.957,"{'A': 13, 'B': 51, 'C': 3}",67,217.7,65.6,7.566,"{'A': 1.68, 'B': 10.38, 'C': 0.0}",12.06,65.6,ppo_unmasked,73,one_hot_section,51.16,5019,3600.2,seen,0,,0.1129
64,"{'A': 143.5, 'B': 1076.1, 'C': 296.1}",0,99.93,1.055,"{'A': 14, 'B': 42, 'C': 3}",59,189.9,66.1,7.467,"{'A': 0.8, 'B': 17.94, 'C': 0.41}",19.14,66.1,ppo_unmasked,64,one_hot_section,36.12,5020,3600.9,seen,0,,0.1266
64,"{'A': 539.4, 'B': 923.1, 'C': 1039.0}",0,99.92,1.005,"{'A': 14, 'B': 46, 'C': 3}",63,208.4,65.1,7.669,"{'A': 3.0, 'B': 15.38, 'C': 1.44}",19.82,65.1,ppo_unmasked,64,one_hot_section,39.34,5021,3600.4,seen,0,,0.1217
66,"{'A': 0.0, 'B': 0.0, 'C': 0.0}",0,99.92,1.158,"{'A': 14, 'B': 49, 'C': 3}",66,293.3,63.2,8.107,"{'A': 0.0, 'B': 0.0, 'C': 0.0}",0.0,63.2,ppo_unmasked,81,one_hot_section,61.95,5022,3600.1,seen,0,,0.1228
65,"{'A': 0.0, 'B': 52.1, 'C': 0.0}",0,99.92,1.123,"{'A': 20, 'B': 55, 'C': 3}",78,342.1,61.4,8.498,"{'A': 0.0, 'B': 0.87, 'C': 0.0}",0.87,61.4,ppo_unmasked,84,one_hot_section,72.88,5023,3600.2,seen,0,,0.1089
63,"{'A': 0.0, 'B': 0.0, 'C': 0.0}",0,99.91,1.148,"{'A': 14, 'B': 56, 'C': 3}",73,343.1,61.0,8.58,"{'A': 0.0, 'B': 0.0, 'C': 0.0}",0.0,61.0,ppo_unmasked,83,one_hot_section,68.71,5024,3600.6,seen,0,,0.1175
65,"{'A': 0.0, 'B': 0.0, 'C': 0.0}",0,99.92,1.016,"{'A': 20, 'B': 52, 'C': 3}",75,339.6,61.5,8.473,"{'A': 0.0, 'B': 0.0, 'C': 0.0}",0.0,61.5,ppo_unmasked,83,one_hot_section,70.76,5025,3600.9,seen,0,,0.113
66,"{'A': 0.0, 'B': 0.0, 'C': 0.0}",0,99.91,1.16,"{'A': 19, 'B': 56, 'C': 4}",79,378.2,60.5,8.694,"{'A': 0.0, 'B': 0.0, 'C': 0.0}",0.0,60.5,ppo_unmasked,83,one_hot_section,74.65,5026,3600.7,seen,0,,0.11
64,"{'A': 520.9, 'B': 1350.2, 'C': 1107.4}",0,99.93,1.104,"{'A': 8, 'B': 35, 'C': 3}",46,130.8,67.9,7.058,"{'A': 2.89, 'B': 22.5, 'C': 1.54}",26.94,67.9,ppo_unmasked,49,one_hot_section,15.54,5027,3600.5,seen,0,,0.1534
64,"{'A': 102.4, 'B': 873.0, 'C': 87.3}",0,99.93,1.022,"{'A': 15, 'B': 43, 'C': 3}",61,191.9,66.2,7.434,"{'A': 0.57, 'B': 14.55, 'C': 0.12}",15.24,66.2,ppo_unmasked,70,one_hot_section,42.04,5028,3600.0,seen,0,,0.1219
64,"{'A': 161.9, 'B': 1392.7, 'C': 1686.0}",0,99.93,0.888,"{'A': 6, 'B': 37, 'C': 0}",43,105.0,69.2,6.779,"{'A': 0.9, 'B': 23.21, 'C': 2.34}",26.45,69.2,ppo_unmasked,53,one_hot_section,13.16,5029,3600.3,seen,0,,0.1576
62,"{'A': 0.0, 'B': 0.0, 'C': 158.3}",0,99.93,0.899,"{'A': 16, 'B': 12, 'C': 3}",31,171.2,66.6,7.34,"{'A': 0.0, 'B': 0.0, 'C': 0.22}",0.22,66.6,ppo_unmasked,33,section_breakdown,27.11,5000,3601.0,unseen,0,,0.2368
61,"{'A': 0.0, 'B': 0.0, 'C': 0.0}",0,99.93,0.901,"{'A': 15, 'B': 10, 'C': 3}",28,200.7,66.4,7.386,"{'A': 0.0, 'B': 0.0, 'C': 0.0}",0.0,66.4,ppo_unmasked,31,section_breakdown,24.31,5001,3600.6,unseen,0,,0.2638
62,"{'A': 0.0, 'B': 0.0, 'C': 488.0}",0,99.93,0.845,"{'A': 18, 'B': 6, 'C': 3}",27,109.3,69.0,6.824,"{'A': 0.0, 'B': 0.0, 'C': 0.68}",0.68,69.0,ppo_unmasked,33,section_breakdown,22.91,5002,3600.3,unseen,0,,0.2527
63,"{'A': 0.0, 'B': 0.0, 'C': 0.0}",0,99.92,0.904,"{'A': 13, 'B': 15, 'C': 4}",32,247.0,65.2,7.654,"{'A': 0.0, 'B': 0.0, 'C': 0.0}",0.0,65.2,ppo_unmasked,36,section_breakdown,28.17,5003,3600.4,unseen,0,,0.2392
61,"{'A': 0.0, 'B': 0.0, 'C': 0.0}",0,99.93,1.009,"{'A': 14, 'B': 11, 'C': 3}",28,199.0,66.6,7.339,"{'A': 0.0, 'B': 0.0, 'C': 0.0}",0.0,66.6,ppo_unmasked,31,section_breakdown,24.33,5004,3600.2,unseen,0,,0.2621
62,"{'A': 0.0, 'B': 0.0, 'C': 76.2}",0,99.93,0.904,"{'A': 15, 'B': 17, 'C': 3}",35,185.4,66.5,7.375,"{'A': 0.0, 'B': 0.0, 'C': 0.11}",0.11,66.5,ppo_unmasked,39,section_breakdown,31.21,5005,3600.4,unseen,0,,0.2107
63,"{'A': 0.0, 'B': 0.0, 'C': 0.0}",0,99.93,0.93,"{'A': 15, 'B': 18, 'C': 3}",36,174.2,67.1,7.233,"{'A': 0.0, 'B': 0.0, 'C': 0.0}",0.0,67.1,ppo_unmasked,44,section_breakdown,32.38,5006,3600.6,unseen,0,,0.2009
62,"{'A': 0.0, 'B': 0.0, 'C': 0.0}",0,99.93,0.971,"{'A': 14, 'B': 11, 'C': 3}",28,192.7,66.8,7.298,"{'A': 0.0, 'B': 0.0, 'C': 0.0}",0.0,66.8,ppo_unmasked,40,section_breakdown,24.35,5007,3600.1,unseen,0,,0.2606
63,"{'A': 185.8, 'B': 0.0, 'C': 37.2}",0,99.93,0.92,"{'A': 13, 'B': 14, 'C': 3}",30,129.1,68.0,7.037,"{'A': 1.03, 'B': 0.0, 'C': 0.05}",1.08,68.0,ppo_unmasked,35,section_breakdown,25.4,5008,3601.0,unseen,0,,0.2346
63,"{'A': 0.0, 'B': 0.0, 'C': 0.0}",0,99.93,0.907,"{'A': 15, 'B': 13, 'C': 3}",31,192.7,66.6,7.34,"{'A': 0.0, 'B': 0.0, 'C': 0.0}",0.0,66.6,ppo_unmasked,35,section_breakdown,27.33,5009,3600.1,unseen,0,,0.2368
62,"{'A': 496.9, 'B': 0.0, 'C': 151.5}",0,99.94,0.8,"{'A': 5, 'B': 6, 'C': 0}",11,59.0,70.7,6.452,"{'A': 2.76, 'B': 0.0, 'C': 0.21}",2.97,70.7,ppo_unmasked,23,section_breakdown,4.8,5010,3600.3,unseen,0,,0.5865
61,"{'A': 0.0, 'B': 0.0, 'C': 0.0}",0,99.92,1.083,"{'A': 17, 'B': 15, 'C': 4}",36,283.6,63.7,7.976,"{'A': 0.0, 'B': 0.0, 'C': 0.0}",0.0,63.7,ppo_unmasked,38,section_breakdown,32.01,5011,3600.2,unseen,0,,0.2216
62,"{'A': 85.1, 'B': 0.0, 'C': 130.9}",0,99.93,0.977,"{'A': 20, 'B': 8, 'C': 3}",31,133.9,67.8,7.084,"{'A': 0.47, 'B': 0.0, 'C': 0.18}",0.65,67.8,ppo_unmasked,33,section_breakdown,26.8,5012,3600.4,unseen,0,,0.2285
61,"{'A': 0.0, 'B': 0.0, 'C': 0.0}",0,99.92,0.899,"{'A': 14, 'B': 12, 'C': 3}",29,217.5,65.8,7.524,"{'A': 0.0, 'B': 0.0, 'C': 0.0}",0.0,65.8,ppo_unmasked,33,section_breakdown,25.24,5013,3600.7,unseen,0,,0.2594
63,"{'A': 24.5, 'B': 0.0, 'C': 147.6}",0,99.93,0.886,"{'A': 17, 'B': 13, 'C': 3}",33,148.4,67.6,7.119,"{'A': 0.14, 'B': 0.0, 'C': 0.21}",0.34,67.6,ppo_unmasked,34,section_breakdown,29.1,5014,3600.4,unseen,0,,0.2157
64,"{'A': 0.0, 'B': 0.0, 'C': 0.0}",0,99.93,0.918,"{'A': 20, 'B': 13, 'C': 2}",35,134.1,68.0,7.043,"{'A': 0.0, 'B': 0.0, 'C': 0.0}",0.0,68.0,ppo_unmasked,34,section_breakdown,31.48,5015,3600.9,unseen,0,,0.2012
61,"{'A': 0.0, 'B': 0.0, 'C': 0.0}",0,99.92,0.946,"{'A': 17, 'B': 19, 'C': 4}",40,281.9,63.5,8.027,"{'A': 0.0, 'B': 0.0, 'C': 0.0}",0.0,63.5,ppo_unmasked,41,section_breakdown,35.99,5016,3600.7,unseen,0,,0.2007
62,"{'A': 0.0, 'B': 0.0, 'C': 157.0}",0,99.93,0.913,"{'A': 17, 'B': 7, 'C': 3}",27,129.8,68.6,6.919,"{'A': 0.0, 'B': 0.0, 'C': 0.22}",0.22,68.6,ppo_unmasked,29,section_breakdown,23.32,5017,3600.9,unseen,0,,0.2563
62,"{'A': 0.0, 'B': 0.0, 'C': 0.0}",0,99.93,0.983,"{'A': 15, 'B': 13, 'C': 3}",31,211.2,66.0,7.474,"{'A': 0.0, 'B': 0.0, 'C': 0.0}",0.0,66.0,ppo_unmasked,44,section_breakdown,27.26,5018,3600.6,unseen,0,,0.2411
61,"{'A': 0.0, 'B': 0.0, 'C': 0.0}",0,99.93,0.963,"{'A': 16, 'B': 11, 'C': 3}",30,204.7,66.7,7.328,"{'A': 0.0, 'B': 0.0, 'C': 0.0}",0.0,66.7,ppo_unmasked,34,section_breakdown,26.34,5019,3600.8,unseen,0,,0.2443
62,"{'A': 0.0, 'B': 0.0, 'C': 0.0}",0,99.93,0.873,"{'A': 19, 'B': 12, 'C': 3}",34,180.5,67.0,7.256,"{'A': 0.0, 'B': 0.0, 'C': 0.0}",0.0,67.0,ppo_unmasked,35,section_breakdown,30.37,5020,3600.7,unseen,0,,0.2134
62,"{'A': 0.0, 'B': 0.0, 'C': 0.0}",0,99.92,0.91,"{'A': 13, 'B': 14, 'C': 3}",30,209.2,65.7,7.542,"{'A': 0.0, 'B': 0.0, 'C': 0.0}",0.0,65.7,ppo_unmasked,42,section_breakdown,26.23,5021,3600.5,unseen,0,,0.2514
62,"{'A': 0.0, 'B': 0.0, 'C': 0.0}",0,99.92,0.95,"{'A': 20, 'B': 20, 'C': 3}",43,251.8,64.8,7.751,"{'A': 0.0, 'B': 0.0, 'C': 0.0}",0.0,64.8,ppo_unmasked,47,section_breakdown,39.12,5022,3600.5,unseen,0,,0.1802
62,"{'A': 0.0, 'B': 0.0, 'C': 269.7}",0,99.93,0.965,"{'A': 17, 'B': 7, 'C': 3}",27,127.8,68.3,6.963,"{'A': 0.0, 'B': 0.0, 'C': 0.37}",0.37,68.3,ppo_unmasked,34,section_breakdown,23.14,5023,3600.8,unseen,0,,0.2579
63,"{'A': 120.0, 'B': 0.0, 'C': 42.9}",0,99.93,0.921,"{'A': 13, 'B': 15, 'C': 3}",31,144.4,67.5,7.149,"{'A': 0.67, 'B': 0.0, 'C': 0.06}",0.73,67.5,ppo_unmasked,36,section_breakdown,26.7,5024,3600.3,unseen,0,,0.2306
62,"{'A': 0.0, 'B': 0.0, 'C': 60.1}",0,99.93,0.839,"{'A': 16, 'B': 9, 'C': 3}",28,166.9,67.3,7.2,"{'A': 0.0, 'B': 0.0, 'C': 0.08}",0.08,67.3,ppo_unmasked,38,section_breakdown,24.32,5025,3600.9,unseen,0,,0.2572
63,"{'A': 0.0, 'B': 0.0, 'C': 204.7}",0,99.93,0.927,"{'A': 15, 'B': 14, 'C': 4}",33,172.2,66.7,7.333,"{'A': 0.0, 'B': 0.0, 'C': 0.28}",0.28,66.7,ppo_unmasked,43,section_breakdown,29.05,5026,3600.5,unseen,0,,0.2222
61,"{'A': 0.0, 'B': 0.0, 'C': 0.0}",0,99.93,0.876,"{'A': 13, 'B': 8, 'C': 3}",24,183.1,66.8,7.296,"{'A': 0.0, 'B': 0.0, 'C': 0.0}",0.0,66.8,ppo_unmasked,25,section_breakdown,20.35,5027,3600.4,unseen,0,,0.304
63,"{'A': 47.4, 'B': 0.0, 'C': 63.8}",0,99.93,0.872,"{'A': 20, 'B': 15, 'C': 3}",38,148.4,67.4,7.169,"{'A': 0.26, 'B': 0.0, 'C': 0.09}",0.35,67.4,ppo_unmasked,41,section_breakdown,34.06,5028,3600.4,unseen,0,,0.1887
61,"{'A': 0.0, 'B': 714.4, 'C': 100.4}",0,99.93,0.893,"{'A': 8, 'B': 17, 'C': 2}",27,126.4,68.0,7.042,"{'A': 0.0, 'B': 5.95, 'C': 0.14}",6.09,68.0,ppo_unmasked,35,section_breakdown,17.39,5029,3601.0,unseen,0,,0.2608
60,"{'A': 245.0, 'B': 228.5, 'C': 859.5}",0,99.91,1.02,"{'A': 18, 'B': 29, 'C': 3}",50,471.6,57.2,9.405,"{'A': 1.36, 'B': 1.9, 'C': 1.19}",4.46,57.2,ppo_unmasked,49,small_buffers,40.84,5000,3600.2,unseen,0,,0.1881
59,"{'A': 221.9, 'B': 212.4, 'C': 691.9}",0,99.9,1.17,"{'A': 19, 'B': 28, 'C': 3}",50,476.9,56.6,9.543,"{'A': 1.23, 'B': 1.77, 'C': 0.96}",3.96,56.6,ppo_unmasked,51,small_buffers,41.26,5001,3600.8,unseen,0,,0.1909
59,"{'A': 835.5, 'B': 652.0, 'C': 1399.5}",0,99.91,1.05,"{'A': 13, 'B': 22, 'C': 2}",37,378.0,59.9,8.814,"{'A': 4.64, 'B': 5.43, 'C': 1.94}",12.02,59.9,ppo_unmasked,43,small_buffers,20.57,5002,3600.2,unseen,0,,0.2382
62,"{'A': 466.8, 'B': 169.1, 'C': 1650.3}",0,99.92,0.885,"{'A': 15, 'B': 20, 'C': 2}",37,286.3,63.8,7.959,"{'A': 2.59, 'B': 1.41, 'C': 2.29}",6.3,63.8,ppo_unmasked,41,small_buffers,26.73,5003,3600.2,unseen,0,,0.2151
60,"{'A': 638.5, 'B': 529.8, 'C': 730.1}",0,99.91,1.052,"{'A': 15, 'B': 23, 'C': 2}",40,396.0,59.5,8.911,"{'A': 3.55, 'B': 4.41, 'C': 1.01}",8.98,59.5,ppo_unmasked,46,small_buffers,26.57,5004,3600.4,unseen,0,,0.2228
62,"{'A': 164.0, 'B': 41.4, 'C': 627.0}",0,99.91,1.107,"{'A': 19, 'B': 29, 'C': 3}",51,420.5,59.3,8.956,"{'A': 0.91, 'B': 0.34, 'C': 0.87}",2.13,59.3,ppo_unmasked,51,small_buffers,44.4,5005,3600.1,unseen,0,,0.1756
61,"{'A': 749.9, 'B': 299.3, 'C': 1327.6}",0,99.91,1.313,"{'A': 14, 'B': 24, 'C': 2}",40,378.0,60.5,8.682,"{'A': 4.17, 'B': 2.49, 'C': 1.84}",8.5,60.5,ppo_unmasked,46,small_buffers,27.15,5006,3600.2,unseen,0,,0.217
62,"{'A': 597.3, 'B': 172.5, 'C': 876.2}",0,99.91,1.147,"{'A': 15, 'B': 26, 'C': 3}",44,377.2,60.7,8.637,"{'A': 3.32, 'B': 1.44, 'C': 1.22}",5.97,60.7,ppo_unmasked,48,small_buffers,33.71,5007,3600.3,unseen,0,,0.1963
60,"{'A': 483.0, 'B': 280.2, 'C': 1401.7}",0,99.91,1.036,"{'A': 16, 'B': 28, 'C': 2}",46,404.4,59.6,8.896,"{'A': 2.68, 'B': 2.33, 'C': 1.95}",6.97,59.6,ppo_unmasked,50,small_buffers,34.59,5008,3600.9,unseen,0,,0.1934
60,"{'A': 780.3, 'B': 1024.6, 'C': 1254.6}",0,99.92,0.941,"{'A': 13, 'B': 17, 'C': 2}",32,320.9,62.2,8.307,"{'A': 4.34, 'B': 8.54, 'C': 1.74}",14.62,62.2,ppo_unmasked,38,small_buffers,13.23,5009,3600.8,unseen,0,,0.2596
62,"{'A': 168.7, 'B': 124.4, 'C': 1868.3}",0,99.92,1.173,"{'A': 11, 'B': 27, 'C': 2}",40,343.9,62.0,8.356,"{'A': 0.94, 'B': 1.04, 'C': 2.59}",4.57,62.0,ppo_unmasked,45,small_buffers,31.25,5010,3600.8,unseen,0,,0.2089
60,"{'A': 642.9, 'B': 527.4, 'C': 1289.8}",0,99.91,1.267,"{'A': 15, 'B': 23, 'C': 2}",40,412.0,58.6,9.111,"{'A': 3.57, 'B': 4.4, 'C': 1.79}",9.76,58.6,ppo_unmasked,46,small_buffers,25.69,5011,3600.5,unseen,0,,0.2278
61,"{'A': 921.6, 'B': 564.9, 'C': 1573.1}",0,99.92,0.961,"{'A': 13, 'B': 23, 'C': 2}",38,322.9,62.1,8.328,"{'A': 5.12, 'B': 4.71, 'C': 2.18}",12.01,62.1,ppo_unmasked,44,small_buffers,21.82,5012,3600.9,unseen,0,,0.2192
59,"{'A': 830.6, 'B': 452.8, 'C': 1472.7}",0,99.91,0.997,"{'A': 13, 'B': 24, 'C': 2}",39,396.5,59.3,8.959,"{'A': 4.61, 'B': 3.77, 'C': 2.05}",10.43,59.3,ppo_unmasked,45,small_buffers,24.09,5013,3600.7,unseen,0,,0.2297
61,"{'A': 312.0, 'B': 133.0, 'C': 1101.2}",0,99.91,1.048,"{'A': 17, 'B': 29, 'C': 2}",48,397.9,60.4,8.711,"{'A': 1.73, 'B': 1.11, 'C': 1.53}",4.37,60.4,ppo_unmasked,49,small_buffers,39.27,5014,3600.2,unseen,0,,0.1815
61,"{'A': 650.2, 'B': 239.3, 'C': 344.0}",0,99.91,1.029,"{'A': 17, 'B': 28, 'C': 2}",47,382.0,60.3,8.735,"{'A': 3.61, 'B': 1.99, 'C': 0.48}",6.08,60.3,ppo_unmasked,48,small_buffers,36.55,5015,3600.4,unseen,0,,0.1859
61,"{'A': 998.7, 'B': 585.9, 'C': 1768.2}",0,99.92,1.044,"{'A': 13, 'B': 23, 'C': 2}",38,322.9,62.1,8.328,"{'A': 5.55, 'B': 4.88, 'C': 2.46}",12.89,62.1,ppo_unmasked,44,small_buffers,20.95,5016,3600.9,unseen,0,,0.2192
61,"{'A': 678.1, 'B': 520.2, 'C': 1199.8}",0,99.91,1.048,"{'A': 14, 'B': 23, 'C': 2}",39,359.4,61.3,8.503,"{'A': 3.77, 'B': 4.34, 'C': 1.67}",9.77,61.3,ppo_unmasked,45,small_buffers,24.98,5017,3600.7,unseen,0,,0.218
59,"{'A': 930.3, 'B': 1006.8, 'C': 1219.5}",0,99.91,0.951,"{'A': 13, 'B': 18, 'C': 2}",33,331.6,61.4,8.5,"{'A': 5.17, 'B': 8.39, 'C': 1.69}",15.25,61.4,ppo_unmasked,39,small_buffers,13.5,5018,3600.3,unseen,0,,0.2576
60,"{'A': 330.0, 'B': 146.4, 'C': 1090.1}",0,99.91,1.114,"{'A': 19, 'B': 27, 'C': 2}",48,451.2,58.6,9.107,"{'A': 1.83, 'B': 1.22, 'C': 1.51}",4.57,58.6,ppo_unmasked,49,small_buffers,38.88,5019,3600.0,unseen,0,,0.1897
62,"{'A': 952.5, 'B': 617.3, 'C': 1725.1}",0,99.92,1.022,"{'A': 12, 'B': 22, 'C': 1}",35,294.2,63.6,8.012,"{'A': 5.29, 'B': 5.14, 'C': 2.4}",12.83,63.6,ppo_unmasked,41,small_buffers,18.16,5020,3600.5,unseen,0,,0.2289
61,"{'A': 428.8, 'B': 160.8, 'C': 808.0}",0,99.91,1.056,"{'A': 18, 'B': 30, 'C': 3}",51,442.3,58.3,9.174,"{'A': 2.38, 'B': 1.34, 'C': 1.12}",4.84,58.3,ppo_unmasked,49,small_buffers,41.57,5021,3600.2,unseen,0,,0.1799
60,"{'A': 197.8, 'B': 139.9, 'C': 851.6}",0,99.9,1.162,"{'A': 19, 'B': 27, 'C': 3}",49,478.9,56.7,9.522,"{'A': 1.1, 'B': 1.17, 'C': 1.18}",3.45,56.7,ppo_unmasked,48,small_buffers,40.79,5022,3600.9,unseen,0,,0.1943
61,"{'A': 257.5, 'B': 252.2, 'C': 1034.2}",0,99.91,1.063,"{'A': 17, 'B': 25, 'C': 3}",45,397.9,59.7,8.866,"{'A': 1.43, 'B': 2.1, 'C': 1.44}",4.97,59.7,ppo_unmasked,51,small_buffers,35.6,5023,3600.4,unseen,0,,0.197
62,"{'A': 517.5, 'B': 359.6, 'C': 1099.5}",0,99.92,1.166,"{'A': 15, 'B': 24, 'C': 2}",41,362.7,61.5,8.476,"{'A': 2.88, 'B': 3.0, 'C': 1.53}",7.4,61.5,ppo_unmasked,47,small_buffers,29.36,5024,3600.9,unseen,0,,0.2067
62,"{'A': 82.8, 'B': 10.0, 'C': 616.9}",0,99.91,1.119,"{'A': 20, 'B': 30, 'C': 4}",54,488.1,57.5,9.353,"{'A': 0.46, 'B': 0.08, 'C': 0.86}",1.4,57.5,ppo_unmasked,53,small_buffers,47.92,5025,3600.7,unseen,0,,0.1732
60,"{'A': 101.1, 'B': 144.6, 'C': 1130.6}",0,99.91,1.056,"{'A': 18, 'B': 29, 'C': 3}",50,457.5,58.3,9.171,"{'A': 0.56, 'B': 1.2, 'C': 1.57}",3.34,58.3,ppo_unmasked,52,small_buffers,42.08,5026,3600.1,unseen,0,,0.1834
63,"{'A': 794.5, 'B': 905.0, 'C': 1403.4}",0,99.92,0.985,"{'A': 7, 'B': 20, 'C': 2}",29,223.9,65.7,7.537,"{'A': 4.41, 'B': 7.54, 'C': 1.95}",13.9,65.7,ppo_unmasked,35,small_buffers,11.33,5027,3600.2,unseen,0,,0.2599
61,"{'A': 950.9, 'B': 897.3, 'C': 1259.5}",0,99.92,1.09,"{'A': 13, 'B': 19, 'C': 2}",34,302.4,62.4,8.269,"{'A': 5.28, 'B': 7.48, 'C': 1.75}",14.51,62.4,ppo_unmasked,40,small_buffers,15.36,5028,3600.3,unseen,0,,0.2432
63,"{'A': 595.6, 'B': 486.2, 'C': 995.0}",0,99.92,0.999,"{'A': 8, 'B': 23, 'C': 3}",34,308.1,62.2,8.314,"{'A': 3.31, 'B': 4.05, 'C': 1.38}",8.74,62.2,ppo_unmasked,40,small_buffers,21.1,5029,3600.1,unseen,0,,0.2445
63,"{'A': 0.0, 'B': 0.0, 'C': 0.0}",0,44.92,1.028,"{'A': 14, 'B': 23, 'C': 3}",40,213.2,64.5,7.812,"{'A': 0.0, 'B': 0.0, 'C': 0.0}",0.0,64.5,ppo_unmasked,52,worn_robot,36.09,5000,3600.7,seen,0,,0.1953
63,"{'A': 0.0, 'B': 0.0, 'C': 0.0}",0,44.92,1.06,"{'A': 14, 'B': 23, 'C': 3}",40,192.7,65.0,7.689,"{'A': 0.0, 'B': 0.0, 'C': 0.0}",0.0,65.0,ppo_unmasked,53,worn_robot,36.16,5001,3600.1,seen,0,,0.1922
64,"{'A': 0.0, 'B': 0.0, 'C': 0.0}",0,44.92,1.093,"{'A': 15, 'B': 26, 'C': 4}",45,255.1,62.9,8.173,"{'A': 0.0, 'B': 0.0, 'C': 0.0}",0.0,62.9,ppo_unmasked,55,worn_robot,40.91,5002,3601.0,seen,0,,0.1816
61,"{'A': 0.0, 'B': 0.0, 'C': 0.0}",0,44.92,0.946,"{'A': 15, 'B': 19, 'C': 5}",39,278.9,61.7,8.425,"{'A': 0.0, 'B': 0.0, 'C': 0.0}",0.0,61.7,ppo_unmasked,45,worn_robot,34.79,5003,3600.0,seen,0,,0.216
62,"{'A': 93.2, 'B': 826.4, 'C': 674.1}",0,44.93,0.953,"{'A': 13, 'B': 19, 'C': 3}",35,128.3,67.2,7.22,"{'A': 0.52, 'B': 6.89, 'C': 0.94}",8.34,67.2,ppo_unmasked,45,worn_robot,23.05,5004,3600.1,seen,0,,0.2063
63,"{'A': 0.0, 'B': 0.0, 'C': 0.0}",0,44.92,1.095,"{'A': 16, 'B': 26, 'C': 4}",46,257.0,63.0,8.145,"{'A': 0.0, 'B': 0.0, 'C': 0.0}",0.0,63.0,ppo_unmasked,54,worn_robot,41.93,5005,3600.1,seen,0,,0.1771
63,"{'A': 0.0, 'B': 0.0, 'C': 0.0}",0,44.92,0.955,"{'A': 15, 'B': 25, 'C': 4}",44,218.5,64.1,7.89,"{'A': 0.0, 'B': 0.0, 'C': 0.0}",0.0,64.1,ppo_unmasked,55,worn_robot,40.05,5006,3600.2,seen,0,,0.1793
63,"{'A': 0.0, 'B': 0.0, 'C': 0.0}",0,44.92,0.955,"{'A': 13, 'B': 23, 'C': 3}",39,211.2,64.4,7.821,"{'A': 0.0, 'B': 0.0, 'C': 0.0}",0.0,64.4,ppo_unmasked,52,worn_robot,35.09,5007,3600.6,seen,0,,0.2005
63,"{'A': 0.0, 'B': 0.0, 'C': 0.0}",0,44.92,1.146,"{'A': 14, 'B': 24, 'C': 3}",41,192.7,65.1,7.672,"{'A': 0.0, 'B': 0.0, 'C': 0.0}",0.0,65.1,ppo_unmasked,52,worn_robot,37.16,5008,3600.1,seen,0,,0.1871
63,"{'A': 0.0, 'B': 0.0, 'C': 0.0}",0,44.92,1.134,"{'A': 15, 'B': 27, 'C': 4}",46,218.5,64.1,7.9,"{'A': 0.0, 'B': 0.0, 'C': 0.0}",0.0,64.1,ppo_unmasked,52,worn_robot,42.05,5009,3600.2,seen,0,,0.1717
62,"{'A': 0.0, 'B': 0.0, 'C': 0.0}",0,44.91,1.136,"{'A': 15, 'B': 29, 'C': 5}",49,335.9,59.3,8.949,"{'A': 0.0, 'B': 0.0, 'C': 0.0}",0.0,59.3,ppo_unmasked,48,worn_robot,44.53,5010,3600.4,seen,0,,0.1826
63,"{'A': 0.0, 'B': 0.0, 'C': 0.0}",0,44.92,0.819,"{'A': 13, 'B': 29, 'C': 3}",45,213.2,64.5,7.801,"{'A': 0.0, 'B': 0.0, 'C': 0.0}",0.0,64.5,ppo_unmasked,51,worn_robot,41.1,5011,3600.7,seen,0,,0.1734
63,"{'A': 0.0, 'B': 0.0, 'C': 0.0}",0,44.92,0.995,"{'A': 16, 'B': 24, 'C': 4}",44,255.1,62.9,8.158,"{'A': 0.0, 'B': 0.0, 'C': 0.0}",0.0,62.9,ppo_unmasked,54,worn_robot,39.92,5012,3601.0,seen,0,,0.1854
63,"{'A': 0.0, 'B': 0.0, 'C': 0.0}",0,44.92,0.91,"{'A': 14, 'B': 24, 'C': 3}",41,213.2,64.6,7.795,"{'A': 0.0, 'B': 0.0, 'C': 0.0}",0.0,64.6,ppo_unmasked,51,worn_robot,37.1,5013,3600.7,seen,0,,0.1901
63,"{'A': 0.0, 'B': 72.7, 'C': 0.0}",0,44.92,0.97,"{'A': 15, 'B': 23, 'C': 3}",41,192.7,65.1,7.686,"{'A': 0.0, 'B': 0.61, 'C': 0.0}",0.61,65.1,ppo_unmasked,53,worn_robot,36.55,5014,3600.1,seen,0,,0.1875
63,"{'A': 94.7, 'B': 0.0, 'C': 0.0}",0,44.93,0.834,"{'A': 17, 'B': 28, 'C': 2}",47,168.9,66.1,7.463,"{'A': 0.53, 'B': 0.0, 'C': 0.0}",0.53,66.1,ppo_unmasked,53,worn_robot,42.74,5015,3600.0,seen,0,,0.1588
63,"{'A': 0.0, 'B': 0.0, 'C': 0.0}",0,44.92,0.925,"{'A': 14, 'B': 26, 'C': 4}",44,218.5,64.2,7.876,"{'A': 0.0, 'B': 0.0, 'C': 0.0}",0.0,64.2,ppo_unmasked,56,worn_robot,40.06,5016,3600.2,seen,0,,0.179
63,"{'A': 0.0, 'B': 0.0, 'C': 0.0}",0,44.92,1.019,"{'A': 15, 'B': 26, 'C': 3}",44,242.4,63.2,8.088,"{'A': 0.0, 'B': 0.0, 'C': 0.0}",0.0,63.2,ppo_unmasked,55,worn_robot,39.96,5017,3600.7,seen,0,,0.1838
63,"{'A': 0.0, 'B': 0.0, 'C': 0.0}",0,44.92,0.993,"{'A': 14, 'B': 23, 'C': 3}",40,192.7,65.2,7.667,"{'A': 0.0, 'B': 0.0, 'C': 0.0}",0.0,65.2,ppo_unmasked,54,worn_robot,36.17,5018,3600.1,seen,0,,0.1917
62,"{'A': 45.5, 'B': 13.5, 'C': 0.0}",0,44.92,1.061,"{'A': 14, 'B': 22, 'C': 3}",39,221.2,64.3,7.848,"{'A': 0.25, 'B': 0.11, 'C': 0.0}",0.37,64.3,ppo_unmasked,56,worn_robot,34.71,5019,3600.3,seen,0,,0.2012
63,"{'A': 71.8, 'B': 97.1, 'C': 0.0}",0,44.92,0.934,"{'A': 16, 'B': 26, 'C': 3}",45,213.2,64.3,7.843,"{'A': 0.4, 'B': 0.81, 'C': 0.0}",1.21,64.3,ppo_unmasked,52,worn_robot,39.87,5020,3600.7,seen,0,,0.1743
62,"{'A': 0.0, 'B': 0.0, 'C': 0.0}",0,44.92,0.937,"{'A': 16, 'B': 24, 'C': 3}",43,210.7,64.3,7.863,"{'A': 0.0, 'B': 0.0, 'C': 0.0}",0.0,64.3,ppo_unmasked,52,worn_robot,39.07,5021,3600.3,seen,0,,0.1829
63,"{'A': 0.0, 'B': 0.0, 'C': 0.0}",0,44.92,1.147,"{'A': 16, 'B': 25, 'C': 4}",45,255.1,62.8,8.183,"{'A': 0.0, 'B': 0.0, 'C': 0.0}",0.0,62.8,ppo_unmasked,54,worn_robot,40.91,5022,3601.0,seen,0,,0.1818
63,"{'A': 0.0, 'B': 0.0, 'C': 0.0}",0,44.92,0.979,"{'A': 16, 'B': 26, 'C': 4}",46,257.0,63.0,8.143,"{'A': 0.0, 'B': 0.0, 'C': 0.0}",0.0,63.0,ppo_unmasked,52,worn_robot,41.93,5023,3600.1,seen,0,,0.177
63,"{'A': 0.0, 'B': 0.0, 'C': 0.0}",0,44.92,0.86,"{'A': 15, 'B': 25, 'C': 3}",43,210.7,64.5,7.821,"{'A': 0.0, 'B': 0.0, 'C': 0.0}",0.0,64.5,ppo_unmasked,51,worn_robot,39.09,5024,3600.3,seen,0,,0.1819
63,"{'A': 0.0, 'B': 0.0, 'C': 0.0}",0,44.92,1.007,"{'A': 14, 'B': 25, 'C': 4}",43,255.1,62.8,8.176,"{'A': 0.0, 'B': 0.0, 'C': 0.0}",0.0,62.8,ppo_unmasked,54,worn_robot,38.91,5025,3601.0,seen,0,,0.1901
63,"{'A': 0.0, 'B': 0.0, 'C': 47.4}",0,44.92,1.184,"{'A': 18, 'B': 31, 'C': 5}",54,257.0,62.5,8.248,"{'A': 0.0, 'B': 0.0, 'C': 0.07}",0.07,62.5,ppo_unmasked,56,worn_robot,49.81,5026,3600.1,seen,0,,0.1527
63,"{'A': 931.0, 'B': 922.8, 'C': 0.0}",0,44.93,0.835,"{'A': 1, 'B': 11, 'C': 0}",12,63.0,70.1,6.568,"{'A': 5.17, 'B': 7.69, 'C': 0.0}",12.86,70.1,ppo_unmasked,36,worn_robot,-4.15,5027,3600.5,seen,0,,0.5473
63,"{'A': 0.0, 'B': 43.2, 'C': 0.0}",0,44.92,0.932,"{'A': 16, 'B': 23, 'C': 3}",42,194.7,65.4,7.606,"{'A': 0.0, 'B': 0.36, 'C': 0.0}",0.36,65.4,ppo_unmasked,54,worn_robot,37.84,5028,3600.2,seen,0,,0.1811
63,"{'A': 0.0, 'B': 0.0, 'C': 0.0}",0,44.92,0.95,"{'A': 9, 'B': 27, 'C': 4}",40,198.0,64.7,7.769,"{'A': 0.0, 'B': 0.0, 'C': 0.0}",0.0,64.7,ppo_unmasked,49,worn_robot,36.12,5029,3600.6,seen,0,,0.1942
61,"{'A': 0.0, 'B': 0.0, 'C': 0.0}",0,99.9,1.913,"{'A': 20, 'B': 30, 'C': 4}",54,702.1,14.5,10.26,"{'A': 0.0, 'B': 0.0, 'C': 0.0}",0.0,14.5,ppo_wp6,54,aged_battery,28.87,5000,3600.2,unseen,1,below_reserve@3586s,0.19
61,"{'A': 0.0, 'B': 0.0, 'C': 0.0}",0,99.9,1.708,"{'A': 20, 'B': 32, 'C': 4}",56,694.8,14.4,10.274,"{'A': 0.0, 'B': 0.0, 'C': 0.0}",0.0,14.4,ppo_wp6,55,aged_battery,50.86,5001,3600.6,unseen,0,,0.1835
62,"{'A': 0.0, 'B': 0.0, 'C': 0.0}",0,99.9,1.718,"{'A': 20, 'B': 31, 'C': 5}",56,690.5,15.3,10.168,"{'A': 0.0, 'B': 0.0, 'C': 0.0}",0.0,15.3,ppo_wp6,54,aged_battery,50.92,5002,3600.4,unseen,0,,0.1816
62,"{'A': 0.0, 'B': 0.0, 'C': 0.0}",0,99.9,1.723,"{'A': 19, 'B': 21, 'C': 5}",45,616.3,19.2,9.692,"{'A': 0.0, 'B': 0.0, 'C': 0.0}",0.0,19.2,ppo_wp6,45,aged_battery,40.15,5003,3600.2,unseen,0,,0.2154
57,"{'A': 0.0, 'B': 0.0, 'C': 0.0}",1,99.9,1.855,"{'A': 20, 'B': 31, 'C': 4}",55,660.3,23.4,9.835,"{'A': 0.0, 'B': 0.0, 'C': 0.0}",0.0,23.4,ppo_wp6,53,aged_battery,50.08,5004,3600.2,unseen,0,,0.1788
56,"{'A': 0.0, 'B': 0.0, 'C': 0.0}",1,99.91,1.901,"{'A': 18, 'B': 26, 'C': 3}",47,597.2,32.8,8.958,"{'A': 0.0, 'B': 0.0, 'C': 0.0}",0.0,25.3,ppo_wp6,50,aged_battery,42.52,5005,3600.4,unseen,0,,0.1906
61,"{'A': 0.0, 'B': 0.0, 'C': 0.0}",0,99.9,1.729,"{'A': 21, 'B': 30, 'C': 4}",55,702.4,13.0,10.443,"{'A': 0.0, 'B': 0.0, 'C': 0.0}",0.0,13.0,ppo_wp6,56,aged_battery,29.78,5006,3600.9,unseen,1,below_reserve@3529s,0.1899
61,"{'A': 0.0, 'B': 0.0, 'C': 0.0}",0,99.9,1.794,"{'A': 20, 'B': 32, 'C': 4}",56,702.3,13.2,10.411,"{'A': 0.0, 'B': 0.0, 'C': 0.0}",0.0,13.2,ppo_wp6,55,aged_battery,30.79,5007,3600.8,unseen,1,below_reserve@3578s,0.1859
61,"{'A': 0.0, 'B': 0.0, 'C': 0.0}",0,99.9,1.643,"{'A': 20, 'B': 30, 'C': 5}",55,700.7,13.3,10.401,"{'A': 0.0, 'B': 0.0, 'C': 0.0}",0.0,13.3,ppo_wp6,54,aged_battery,29.8,5008,3600.6,unseen,1,below_reserve@3534s,0.1891
61,"{'A': 0.0, 'B': 0.0, 'C': 0.0}",0,99.9,1.6,"{'A': 19, 'B': 31, 'C': 4}",54,700.1,12.7,10.474,"{'A': 0.0, 'B': 0.0, 'C': 0.0}",0.0,12.7,ppo_wp6,52,aged_battery,28.76,5009,3600.0,unseen,1,below_reserve@3513s,0.194
58,"{'A': 0.0, 'B': 0.0, 'C': 0.0}",1,99.91,1.701,"{'A': 15, 'B': 30, 'C': 4}",49,628.9,27.1,9.371,"{'A': 0.0, 'B': 0.0, 'C': 0.0}",0.0,21.9,ppo_wp6,50,aged_battery,44.31,5010,3600.5,unseen,0,,0.1913
62,"{'A': 0.0, 'B': 0.0, 'C': 0.0}",0,99.9,1.919,"{'A': 20, 'B': 32, 'C': 4}",56,686.6,15.5,10.142,"{'A': 0.0, 'B': 0.0, 'C': 0.0}",0.0,15.5,ppo_wp6,54,aged_battery,50.93,5011,3600.5,unseen,0,,0.1811
61,"{'A': 0.0, 'B': 0.0, 'C': 0.0}",0,99.9,1.773,"{'A': 20, 'B': 31, 'C': 5}",56,695.3,13.9,10.33,"{'A': 0.0, 'B': 0.0, 'C': 0.0}",0.0,13.9,ppo_wp6,55,aged_battery,50.83,5012,3600.9,unseen,0,,0.1845
61,"{'A': 0.0, 'B': 0.0, 'C': 0.0}",0,99.9,1.789,"{'A': 21, 'B': 31, 'C': 4}",56,678.9,15.0,10.204,"{'A': 0.0, 'B': 0.0, 'C': 0.0}",0.0,15.0,ppo_wp6,53,aged_battery,50.9,5013,3600.7,unseen,0,,0.1822
61,"{'A': 0.0, 'B': 0.0, 'C': 0.0}",0,99.9,1.724,"{'A': 18, 'B': 30, 'C': 5}",53,692.9,14.0,10.315,"{'A': 0.0, 'B': 0.0, 'C': 0.0}",0.0,14.0,ppo_wp6,52,aged_battery,47.84,5014,3600.6,unseen,0,,0.1946
62,"{'A': 0.0, 'B': 0.0, 'C': 0.0}",0,99.9,1.641,"{'A': 19, 'B': 28, 'C': 3}",50,686.0,16.3,10.044,"{'A': 0.0, 'B': 0.0, 'C': 0.0}",0.0,16.3,ppo_wp6,50,aged_battery,44.98,5015,3600.1,unseen,0,,0.2009
62,"{'A': 0.0, 'B': 0.0, 'C': 0.0}",0,99.9,1.971,"{'A': 20, 'B': 29, 'C': 4}",53,690.6,14.4,10.272,"{'A': 0.0, 'B': 0.0, 'C': 0.0}",0.0,14.4,ppo_wp6,54,aged_battery,27.86,5016,3600.7,unseen,1,below_reserve@3600s,0.1938
61,"{'A': 0.0, 'B': 0.0, 'C': 0.0}",0,99.9,1.847,"{'A': 20, 'B': 30, 'C': 4}",54,701.9,13.4,10.392,"{'A': 0.0, 'B': 0.0, 'C': 0.0}",0.0,13.4,ppo_wp6,54,aged_battery,28.8,5017,3600.8,unseen,1,below_reserve@3584s,0.1924
62,"{'A': 0.0, 'B': 0.0, 'C': 0.0}",0,99.9,1.824,"{'A': 20, 'B': 32, 'C': 4}",56,678.8,16.1,10.073,"{'A': 0.0, 'B': 0.0, 'C': 0.0}",0.0,16.1,ppo_wp6,54,aged_battery,50.96,5018,3600.5,unseen,0,,0.1799
61,"{'A': 0.0, 'B': 0.0, 'C': 0.0}",0,99.9,1.799,"{'A': 20, 'B': 30, 'C': 4}",54,702.1,14.6,10.252,"{'A': 0.0, 'B': 0.0, 'C': 0.0}",0.0,14.6,ppo_wp6,54,aged_battery,28.87,5019,3600.4,unseen,1,below_reserve@3593s,0.1898
60,"{'A': 0.0, 'B': 0.0, 'C': 0.0}",0,99.89,1.742,"{'A': 21, 'B': 30, 'C': 4}",55,713.7,12.4,10.513,"{'A': 0.0, 'B': 0.0, 'C': 0.0}",0.0,12.4,ppo_wp6,54,aged_battery,29.74,5020,3600.1,unseen,1,below_reserve@3524s,0.1911
61,"{'A': 0.0, 'B': 0.0, 'C': 0.0}",0,99.9,1.954,"{'A': 18, 'B': 31, 'C': 5}",54,685.3,14.9,10.211,"{'A': 0.0, 'B': 0.0, 'C': 0.0}",0.0,14.9,ppo_wp6,53,aged_battery,48.89,5021,3600.2,unseen,0,,0.1891
60,"{'A': 0.0, 'B': 0.0, 'C': 0.0}",1,99.9,1.93,"{'A': 19, 'B': 32, 'C': 4}",55,665.5,21.3,9.823,"{'A': 0.0, 'B': 0.0, 'C': 0.0}",0.0,21.3,ppo_wp6,54,aged_battery,50.09,5022,3600.4,unseen,0,,0.1786
57,"{'A': 0.0, 'B': 0.0, 'C': 0.0}",1,99.91,1.688,"{'A': 18, 'B': 28, 'C': 4}",50,641.9,27.2,9.429,"{'A': 0.0, 'B': 0.0, 'C': 0.0}",0.0,21.4,ppo_wp6,52,aged_battery,45.29,5023,3600.8,unseen,0,,0.1886
61,"{'A': 0.0, 'B': 0.0, 'C': 0.0}",0,99.9,1.71,"{'A': 20, 'B': 32, 'C': 4}",56,702.3,13.4,10.388,"{'A': 0.0, 'B': 0.0, 'C': 0.0}",0.0,13.4,ppo_wp6,53,aged_battery,30.81,5024,3600.8,unseen,1,below_reserve@3536s,0.1855
62,"{'A': 0.0, 'B': 0.0, 'C': 0.0}",0,99.9,1.608,"{'A': 20, 'B': 30, 'C': 5}",55,689.5,15.3,10.161,"{'A': 0.0, 'B': 0.0, 'C': 0.0}",0.0,15.3,ppo_wp6,53,aged_battery,49.92,5025,3600.1,unseen,0,,0.1847
62,"{'A': 0.0, 'B': 0.0, 'C': 0.0}",0,99.9,1.652,"{'A': 20, 'B': 30, 'C': 5}",55,690.4,15.0,10.199,"{'A': 0.0, 'B': 0.0, 'C': 0.0}",0.0,15.0,ppo_wp6,54,aged_battery,49.9,5026,3600.2,unseen,0,,0.1854
64,"{'A': 0.0, 'B': 0.0, 'C': 0.0}",0,99.9,1.659,"{'A': 12, 'B': 32, 'C': 4}",48,655.5,18.4,9.791,"{'A': 0.0, 'B': 0.0, 'C': 0.0}",0.0,18.4,ppo_wp6,46,aged_battery,43.1,5027,3600.9,unseen,0,,0.204
61,"{'A': 0.0, 'B': 0.0, 'C': 0.0}",0,99.9,1.827,"{'A': 20, 'B': 31, 'C': 4}",55,683.4,15.4,10.157,"{'A': 0.0, 'B': 0.0, 'C': 0.0}",0.0,15.4,ppo_wp6,53,aged_battery,49.92,5028,3600.2,unseen,0,,0.1847
63,"{'A': 0.0, 'B': 0.0, 'C': 0.0}",0,99.9,1.995,"{'A': 13, 'B': 31, 'C': 4}",48,655.5,17.6,9.886,"{'A': 0.0, 'B': 0.0, 'C': 0.0}",0.0,17.6,ppo_wp6,46,aged_battery,43.06,5029,3600.7,unseen,0,,0.206
60,"{'A': 0.0, 'B': 0.0, 'C': 0.0}",0,99.9,1.718,"{'A': 20, 'B': 30, 'C': 4}",54,704.1,53.1,10.317,"{'A': 0.0, 'B': 0.0, 'C': 0.0}",0.0,53.1,ppo_wp6,53,balanced,48.84,5000,3600.5,seen,0,,0.1911
61,"{'A': 0.0, 'B': 0.0, 'C': 0.0}",0,99.9,1.696,"{'A': 20, 'B': 32, 'C': 4}",56,694.8,53.3,10.274,"{'A': 0.0, 'B': 0.0, 'C': 0.0}",0.0,53.3,ppo_wp6,55,balanced,50.86,5001,3600.6,seen,0,,0.1835
62,"{'A': 0.0, 'B': 0.0, 'C': 0.0}",0,99.9,1.644,"{'A': 20, 'B': 31, 'C': 5}",56,690.5,53.8,10.168,"{'A': 0.0, 'B': 0.0, 'C': 0.0}",0.0,53.8,ppo_wp6,54,balanced,50.92,5002,3600.4,seen,0,,0.1816
62,"{'A': 0.0, 'B': 0.0, 'C': 0.0}",0,99.9,1.727,"{'A': 19, 'B': 23, 'C': 5}",47,620.4,55.8,9.731,"{'A': 0.0, 'B': 0.0, 'C': 0.0}",0.0,55.8,ppo_wp6,45,balanced,42.13,5003,3600.7,seen,0,,0.2071
60,"{'A': 0.0, 'B': 0.0, 'C': 0.0}",0,99.9,1.924,"{'A': 21, 'B': 29, 'C': 4}",54,691.9,52.5,10.455,"{'A': 0.0, 'B': 0.0, 'C': 0.0}",0.0,52.5,ppo_wp6,54,balanced,48.77,5004,3600.1,seen,0,,0.1936
62,"{'A': 0.0, 'B': 0.0, 'C': 0.0}",0,99.9,1.637,"{'A': 19, 'B': 28, 'C': 3}",50,672.7,54.8,9.953,"{'A': 0.0, 'B': 0.0, 'C': 0.0}",0.0,54.8,ppo_wp6,49,balanced,45.02,5005,3600.9,seen,0,,0.1991
60,"{'A': 0.0, 'B': 0.0, 'C': 0.0}",0,99.9,1.732,"{'A': 20, 'B': 29, 'C': 4}",53,687.7,52.6,10.427,"{'A': 0.0, 'B': 0.0, 'C': 0.0}",0.0,52.6,ppo_wp6,55,balanced,47.79,5006,3600.2,seen,0,,0.1967
61,"{'A': 0.0, 'B': 0.0, 'C': 0.0}",0,99.9,1.641,"{'A': 21, 'B': 32, 'C': 4}",57,702.1,52.6,10.422,"{'A': 0.0, 'B': 0.0, 'C': 0.0}",0.0,52.6,ppo_wp6,55,balanced,51.79,5007,3600.4,seen,0,,0.1828
61,"{'A': 0.0, 'B': 0.0, 'C': 0.0}",0,99.9,1.591,"{'A': 20, 'B': 30, 'C': 4}",54,702.2,52.7,10.411,"{'A': 0.0, 'B': 0.0, 'C': 0.0}",0.0,52.7,ppo_wp6,54,balanced,48.79,5008,3600.4,seen,0,,0.1928
61,"{'A': 0.0, 'B': 0.0, 'C': 0.0}",0,99.9,1.579,"{'A': 19, 'B': 31, 'C': 4}",54,700.1,52.4,10.474,"{'A': 0.0, 'B': 0.0, 'C': 0.0}",0.0,52.4,ppo_wp6,52,balanced,48.76,5009,3600.0,seen,0,,0.194
62,"{'A': 0.0, 'B': 0.0, 'C': 0.0}",0,99.9,1.639,"{'A': 15, 'B': 32, 'C': 5}",52,656.9,54.8,9.95,"{'A': 0.0, 'B': 0.0, 'C': 0.0}",0.0,54.8,ppo_wp6,49,balanced,47.03,5010,3600.3,seen,0,,0.1913
62,"{'A': 0.0, 'B': 0.0, 'C': 0.0}",0,99.9,1.539,"{'A': 20, 'B': 29, 'C': 4}",53,690.4,53.8,10.158,"{'A': 0.0, 'B': 0.0, 'C': 0.0}",0.0,53.8,ppo_wp6,54,balanced,47.92,5011,3600.2,seen,0,,0.1917
61,"{'A': 0.0, 'B': 0.0, 'C': 0.0}",0,99.9,1.945,"{'A': 20, 'B': 31, 'C': 5}",56,695.3,53.0,10.33,"{'A': 0.0, 'B': 0.0, 'C': 0.0}",0.0,53.0,ppo_wp6,55,balanced,50.83,5012,3600.9,seen,0,,0.1845
61,"{'A': 0.0, 'B': 0.0, 'C': 0.0}",0,99.9,1.657,"{'A': 21, 'B': 30, 'C': 4}",55,678.7,53.6,10.201,"{'A': 0.0, 'B': 0.0, 'C': 0.0}",0.0,53.6,ppo_wp6,53,balanced,49.9,5013,3600.3,seen,0,,0.1855
61,"{'A': 0.0, 'B': 0.0, 'C': 0.0}",0,99.9,1.647,"{'A': 18, 'B': 30, 'C': 5}",53,692.9,53.1,10.315,"{'A': 0.0, 'B': 0.0, 'C': 0.0}",0.0,53.1,ppo_wp6,52,balanced,47.84,5014,3600.6,seen,0,,0.1946
62,"{'A': 0.0, 'B': 0.0, 'C': 0.0}",0,99.9,1.681,"{'A': 19, 'B': 30, 'C': 3}",52,689.2,54.1,10.095,"{'A': 0.0, 'B': 0.0, 'C': 0.0}",0.0,54.1,ppo_wp6,50,balanced,46.95,5015,3600.3,seen,0,,0.1941
61,"{'A': 0.0, 'B': 0.0, 'C': 0.0}",0,99.9,1.749,"{'A': 20, 'B': 30, 'C': 4}",54,690.4,53.0,10.338,"{'A': 0.0, 'B': 0.0, 'C': 0.0}",0.0,53.0,ppo_wp6,55,balanced,48.83,5016,3600.2,seen,0,,0.1914
61,"{'A': 0.0, 'B': 0.0, 'C': 0.0}",0,99.9,1.88,"{'A': 20, 'B': 30, 'C': 4}",54,701.9,52.8,10.392,"{'A': 0.0, 'B': 0.0, 'C': 0.0}",0.0,52.8,ppo_wp6,54,balanced,48.8,5017,3600.8,seen,0,,0.1924
62,"{'A': 0.0, 'B': 0.0, 'C': 0.0}",0,99.9,1.667,"{'A': 20, 'B': 32, 'C': 4}",56,678.8,54.2,10.073,"{'A': 0.0, 'B': 0.0, 'C': 0.0}",0.0,54.2,ppo_wp6,54,balanced,50.96,5018,3600.5,seen,0,,0.1799
61,"{'A': 0.0, 'B': 0.0, 'C': 0.0}",0,99.9,1.781,"{'A': 20, 'B': 30, 'C': 4}",54,694.8,53.7,10.179,"{'A': 0.0, 'B': 0.0, 'C': 0.0}",0.0,53.7,ppo_wp6,53,balanced,48.91,5019,3600.6,seen,0,,0.1885
60,"{'A': 0.0, 'B': 0.0, 'C': 0.0}",0,99.89,1.687,"{'A': 21, 'B': 30, 'C': 4}",55,713.7,52.2,10.513,"{'A': 0.0, 'B': 0.0, 'C': 0.0}",0.0,52.2,ppo_wp6,54,balanced,49.74,5020,3600.1,seen,0,,0.1911
62,"{'A': 0.0, 'B': 0.0, 'C': 0.0}",0,99.9,1.663,"{'A': 20, 'B': 30, 'C': 5}",55,679.0,53.7,10.197,"{'A': 0.0, 'B': 0.0, 'C': 0.0}",0.0,53.7,ppo_wp6,54,balanced,49.9,5021,3600.9,seen,0,,0.1854
62,"{'A': 0.0, 'B': 0.0, 'C': 0.0}",0,99.9,1.66,"{'A': 20, 'B': 31, 'C': 4}",55,679.0,53.8,10.174,"{'A': 0.0, 'B': 0.0, 'C': 0.0}",0.0,53.8,ppo_wp6,55,balanced,49.91,5022,3600.9,seen,0,,0.185
61,"{'A': 0.0, 'B': 0.0, 'C': 0.0}",0,99.9,1.708,"{'A': 19, 'B': 31, 'C': 4}",54,695.3,53.6,10.207,"{'A': 0.0, 'B': 0.0, 'C': 0.0}",0.0,53.6,ppo_wp6,52,balanced,48.9,5023,3600.9,seen,0,,0.189
61,"{'A': 0.0, 'B': 0.0, 'C': 0.0}",0,99.9,1.666,"{'A': 20, 'B': 32, 'C': 4}",56,702.3,52.8,10.388,"{'A': 0.0, 'B': 0.0, 'C': 0.0}",0.0,52.8,ppo_wp6,53,balanced,50.81,5024,3600.8,seen,0,,0.1855
62,"{'A': 0.0, 'B': 0.0, 'C': 0.0}",0,99.9,1.754,"{'A': 20, 'B': 30, 'C': 5}",55,689.5,53.8,10.161,"{'A': 0.0, 'B': 0.0, 'C': 0.0}",0.0,53.8,ppo_wp6,53,balanced,49.92,5025,3600.1,seen,0,,0.1847
61,"{'A': 0.0, 'B': 0.0, 'C': 0.0}",0,99.9,1.795,"{'A': 20, 'B': 31, 'C': 5}",56,690.5,53.3,10.276,"{'A': 0.0, 'B': 0.0, 'C': 0.0}",0.0,53.3,ppo_wp6,55,balanced,50.86,5026,3600.5,seen,0,,0.1835
64,"{'A': 0.0, 'B': 0.0, 'C': 0.0}",0,99.9,1.675,"{'A': 12, 'B': 32, 'C': 4}",48,655.5,55.5,9.791,"{'A': 0.0, 'B': 0.0, 'C': 0.0}",0.0,55.5,ppo_wp6,46,balanced,43.1,5027,3600.9,seen,0,,0.204
61,"{'A': 0.0, 'B': 0.0, 'C': 0.0}",0,99.9,1.719,"{'A': 21, 'B': 31, 'C': 4}",56,678.9,53.8,10.17,"{'A': 0.0, 'B': 0.0, 'C': 0.0}",0.0,53.8,ppo_wp6,54,balanced,50.91,5028,3600.8,seen,0,,0.1816
62,"{'A': 0.0, 'B': 0.0, 'C': 0.0}",0,99.9,1.774,"{'A': 14, 'B': 32, 'C': 4}",50,678.9,54.2,10.075,"{'A': 0.0, 'B': 0.0, 'C': 0.0}",0.0,54.2,ppo_wp6,48,balanced,44.96,5029,3600.7,seen,0,,0.2015
62,"{'A': 0.0, 'B': 0.0, 'C': 0.0}",0,99.9,1.903,"{'A': 13, 'B': 29, 'C': 3}",45,658.0,55.4,9.812,"{'A': 0.0, 'B': 0.0, 'C': 0.0}",0.0,55.4,ppo_wp6,43,fault_burst,40.09,5000,3600.1,seen,0,,0.218
53,"{'A': 0.0, 'B': 0.0, 'C': 0.0}",8,99.93,1.673,"{'A': 13, 'B': 11, 'C': 1}",25,422.6,88.6,6.915,"{'A': 0.0, 'B': 0.0, 'C': 0.0}",0.0,88.6,ppo_wp6,23,fault_burst,21.54,5001,3600.5,seen,0,,0.2766
56,"{'A': 0.0, 'B': 0.0, 'C': 0.0}",4,99.92,1.701,"{'A': 14, 'B': 12, 'C': 3}",29,488.1,77.3,7.56,"{'A': 0.0, 'B': 0.0, 'C': 0.0}",0.0,77.3,ppo_wp6,28,fault_burst,25.22,5002,3600.6,seen,0,,0.2607
58,"{'A': 0.0, 'B': 0.0, 'C': 0.0}",2,99.92,2.004,"{'A': 15, 'B': 20, 'C': 4}",39,565.9,67.6,8.326,"{'A': 0.0, 'B': 0.0, 'C': 0.0}",0.0,67.6,ppo_wp6,39,fault_burst,34.84,5003,3600.1,seen,0,,0.2135
50,"{'A': 0.0, 'B': 0.0, 'C': 0.0}",6,99.93,1.985,"{'A': 16, 'B': 12, 'C': 3}",31,471.7,92.1,7.04,"{'A': 0.0, 'B': 0.0, 'C': 0.0}",0.0,86.0,ppo_wp6,30,fault_burst,27.48,5004,3600.5,seen,0,,0.2271
56,"{'A': 0.0, 'B': 0.0, 'C': 0.0}",5,99.91,1.869,"{'A': 15, 'B': 21, 'C': 2}",38,603.0,72.6,8.667,"{'A': 0.0, 'B': 0.0, 'C': 0.0}",0.0,72.6,ppo_wp6,37,fault_burst,33.67,5005,3600.3,seen,0,,0.2281
57,"{'A': 0.0, 'B': 0.0, 'C': 0.0}",3,99.92,1.826,"{'A': 9, 'B': 25, 'C': 4}",38,536.0,74.6,7.992,"{'A': 0.0, 'B': 0.0, 'C': 0.0}",0.0,74.6,ppo_wp6,37,fault_burst,34.0,5006,3600.5,seen,0,,0.2103
59,"{'A': 0.0, 'B': 0.0, 'C': 0.0}",3,99.91,1.701,"{'A': 12, 'B': 19, 'C': 3}",34,566.6,68.1,8.684,"{'A': 0.0, 'B': 0.0, 'C': 0.0}",0.0,68.1,ppo_wp6,33,fault_burst,29.66,5007,3600.8,seen,0,,0.2554
49,"{'A': 0.0, 'B': 0.0, 'C': 0.0}",8,99.93,1.6,"{'A': 17, 'B': 19, 'C': 3}",39,497.4,94.2,7.025,"{'A': 0.0, 'B': 0.0, 'C': 0.0}",0.0,92.8,ppo_wp6,36,fault_burst,35.49,5008,3600.3,seen,0,,0.1801
51,"{'A': 0.0, 'B': 0.0, 'C': 0.0}",10,99.93,1.728,"{'A': 16, 'B': 17, 'C': 3}",36,502.6,93.4,7.045,"{'A': 0.0, 'B': 0.0, 'C': 0.0}",0.0,93.4,ppo_wp6,33,fault_burst,32.48,5009,3600.6,seen,0,,0.1957
46,"{'A': 0.0, 'B': 0.0, 'C': 0.0}",10,99.93,1.594,"{'A': 7, 'B': 25, 'C': 3}",35,508.1,98.0,6.99,"{'A': 0.0, 'B': 0.0, 'C': 0.0}",0.0,93.5,ppo_wp6,33,fault_burst,31.5,5010,3600.9,seen,0,,0.1997
57,"{'A': 0.0, 'B': 0.0, 'C': 0.0}",6,99.92,1.746,"{'A': 12, 'B': 25, 'C': 2}",39,584.9,74.9,8.367,"{'A': 0.0, 'B': 0.0, 'C': 0.0}",0.0,74.9,ppo_wp6,37,fault_burst,34.82,5011,3600.9,seen,0,,0.2145
52,"{'A': 0.0, 'B': 0.0, 'C': 0.0}",5,99.93,1.724,"{'A': 12, 'B': 18, 'C': 2}",32,467.4,86.5,6.774,"{'A': 0.0, 'B': 0.0, 'C': 0.0}",0.0,86.5,ppo_wp6,31,fault_burst,28.61,5012,3600.6,seen,0,,0.2117
54,"{'A': 0.0, 'B': 0.0, 'C': 0.0}",3,99.92,1.625,"{'A': 13, 'B': 22, 'C': 3}",38,561.3,73.7,8.476,"{'A': 0.0, 'B': 0.0, 'C': 0.0}",0.0,73.7,ppo_wp6,36,fault_burst,33.76,5013,3600.2,seen,0,,0.223
59,"{'A': 0.0, 'B': 0.0, 'C': 0.0}",3,99.91,1.699,"{'A': 17, 'B': 23, 'C': 3}",43,589.6,67.3,8.872,"{'A': 0.0, 'B': 0.0, 'C': 0.0}",0.0,67.3,ppo_wp6,41,fault_burst,38.56,5014,3600.7,seen,0,,0.2063
53,"{'A': 0.0, 'B': 0.0, 'C': 0.0}",7,99.94,1.765,"{'A': 10, 'B': 21, 'C': 2}",33,437.6,90.7,6.243,"{'A': 0.0, 'B': 0.0, 'C': 0.0}",0.0,90.7,ppo_wp6,31,fault_burst,29.88,5015,3601.0,seen,0,,0.1892
56,"{'A': 0.0, 'B': 0.0, 'C': 0.0}",3,99.91,1.588,"{'A': 15, 'B': 27, 'C': 4}",46,602.1,72.1,8.755,"{'A': 0.0, 'B': 0.0, 'C': 0.0}",0.0,72.1,ppo_wp6,44,fault_burst,41.62,5016,3600.8,seen,0,,0.1903
55,"{'A': 0.0, 'B': 0.0, 'C': 0.0}",3,99.92,1.836,"{'A': 11, 'B': 20, 'C': 4}",35,508.7,77.3,7.554,"{'A': 0.0, 'B': 0.0, 'C': 0.0}",0.0,77.3,ppo_wp6,35,fault_burst,31.22,5017,3600.4,seen,0,,0.2158
50,"{'A': 0.0, 'B': 0.0, 'C': 0.0}",13,99.94,1.895,"{'A': 13, 'B': 19, 'C': 2}",34,478.0,100.0,6.489,"{'A': 0.0, 'B': 0.0, 'C': 0.0}",0.0,95.5,ppo_wp6,31,fault_burst,30.76,5018,3600.6,seen,0,,0.1908
57,"{'A': 0.0, 'B': 0.0, 'C': 0.0}",4,99.92,1.757,"{'A': 14, 'B': 21, 'C': 3}",38,519.1,76.4,7.643,"{'A': 0.0, 'B': 0.0, 'C': 0.0}",0.0,76.4,ppo_wp6,36,fault_burst,34.18,5019,3600.1,seen,0,,0.2011
47,"{'A': 0.0, 'B': 0.0, 'C': 0.0}",6,99.94,1.645,"{'A': 12, 'B': 14, 'C': 2}",28,430.9,99.0,6.247,"{'A': 0.0, 'B': 0.0, 'C': 0.0}",0.0,82.9,ppo_wp6,26,fault_burst,24.88,5020,3600.8,seen,0,,0.2231
56,"{'A': 0.0, 'B': 0.0, 'C': 0.0}",2,99.91,1.757,"{'A': 15, 'B': 24, 'C': 3}",42,608.3,69.7,8.878,"{'A': 0.0, 'B': 0.0, 'C': 0.0}",0.0,69.7,ppo_wp6,41,fault_burst,37.56,5021,3600.9,seen,0,,0.2114
43,"{'A': 0.0, 'B': 0.0, 'C': 0.0}",3,99.93,1.897,"{'A': 10, 'B': 22, 'C': 3}",35,470.7,97.2,6.825,"{'A': 0.0, 'B': 0.0, 'C': 0.0}",0.0,86.9,ppo_wp6,33,fault_burst,31.59,5022,3600.9,seen,0,,0.195
57,"{'A': 0.0, 'B': 0.0, 'C': 0.0}",5,99.92,1.712,"{'A': 12, 'B': 20, 'C': 3}",35,499.2,77.6,7.97,"{'A': 0.0, 'B': 0.0, 'C': 0.0}",0.0,77.6,ppo_wp6,33,fault_burst,31.02,5023,3600.0,seen,0,,0.2277
58,"{'A': 0.0, 'B': 0.0, 'C': 0.0}",4,99.92,1.724,"{'A': 10, 'B': 20, 'C': 3}",33,558.3,74.8,8.276,"{'A': 0.0, 'B': 0.0, 'C': 0.0}",0.0,74.8,ppo_wp6,32,fault_burst,28.86,5024,3600.5,seen,0,,0.2508
57,"{'A': 0.0, 'B': 0.0, 'C': 0.0}",3,99.92,1.581,"{'A': 9, 'B': 23, 'C': 3}",35,505.7,75.4,7.549,"{'A': 0.0, 'B': 0.0, 'C': 0.0}",0.0,75.4,ppo_wp6,34,fault_burst,31.23,5025,3600.8,seen,0,,0.2157
57,"{'A': 0.0, 'B': 0.0, 'C': 0.0}",5,99.91,1.739,"{'A': 12, 'B': 26, 'C': 3}",41,589.1,73.2,8.513,"{'A': 0.0, 'B': 0.0, 'C': 0.0}",0.0,73.2,ppo_wp6,38,fault_burst,36.74,5026,3600.5,seen,0,,0.2076
60,"{'A': 0.0, 'B': 0.0, 'C': 0.0}",6,99.92,1.669,"{'A': 15, 'B': 20, 'C': 3}",38,544.0,74.9,8.124,"{'A': 0.0, 'B': 0.0, 'C': 0.0}",0.0,74.9,ppo_wp6,37,fault_burst,33.94,5027,3600.9,seen,0,,0.2138
56,"{'A': 0.0, 'B': 0.0, 'C': 0.0}",5,99.92,1.662,"{'A': 12, 'B': 24, 'C': 3}",39,589.4,75.3,8.421,"{'A': 0.0, 'B': 0.0, 'C': 0.0}",0.0,75.3,ppo_wp6,37,fault_burst,34.79,5028,3600.4,seen,0,,0.2159
56,"{'A': 0.0, 'B': 0.0, 'C': 0.0}",1,99.91,1.731,"{'A': 13, 'B': 25, 'C': 2}",40,611.2,68.2,8.946,"{'A': 0.0, 'B': 0.0, 'C': 0.0}",0.0,68.2,ppo_wp6,39,fault_burst,35.53,5029,3600.2,seen,0,,0.2237
59,"{'A': 212.8, 'B': 63.1, 'C': 323.7}",1,99.9,2.07,"{'A': 37, 'B': 60, 'C': 9}",106,619.2,10.6,10.267,"{'A': 2.36, 'B': 1.05, 'C': 0.9}",4.31,10.6,ppo_wp6,106,heavy_load,76.55,5000,3600.7,unseen,1,below_reserve@3327s,0.0969
59,"{'A': 318.4, 'B': 74.1, 'C': 128.4}",1,99.9,2.17,"{'A': 32, 'B': 59, 'C': 8}",99,616.3,11.4,10.132,"{'A': 3.54, 'B': 1.24, 'C': 0.36}",5.13,11.4,ppo_wp6,103,heavy_load,68.8,5001,3600.2,unseen,1,below_reserve@3385s,0.1023
60,"{'A': 146.5, 'B': 45.2, 'C': 228.6}",1,99.9,1.688,"{'A': 37, 'B': 57, 'C': 8}",102,616.4,9.8,10.194,"{'A': 1.63, 'B': 0.75, 'C': 0.63}",3.02,9.8,ppo_wp6,106,heavy_load,73.89,5002,3600.5,unseen,1,below_reserve@3237s,0.0999
61,"{'A': 11.4, 'B': 0.0, 'C': 152.4}",2,99.9,1.716,"{'A': 38, 'B': 43, 'C': 9}",90,623.8,9.8,10.146,"{'A': 0.13, 'B': 0.0, 'C': 0.42}",0.55,9.8,ppo_wp6,91,heavy_load,64.38,5003,3600.6,unseen,1,below_reserve@3238s,0.1127
60,"{'A': 169.4, 'B': 0.0, 'C': 294.1}",1,99.89,1.729,"{'A': 39, 'B': 59, 'C': 7}",105,649.0,6.7,10.57,"{'A': 1.88, 'B': 0.0, 'C': 0.82}",2.7,6.7,ppo_wp6,104,heavy_load,77.02,5004,3600.1,unseen,1,below_reserve@2996s,0.1007
62,"{'A': 138.2, 'B': 50.0, 'C': 270.9}",1,99.9,1.656,"{'A': 38, 'B': 57, 'C': 7}",102,645.4,5.8,10.485,"{'A': 1.54, 'B': 0.83, 'C': 0.75}",3.12,5.8,ppo_wp6,102,heavy_load,73.64,5005,3600.8,unseen,1,below_reserve@2932s,0.1028
60,"{'A': 72.5, 'B': 24.7, 'C': 366.2}",1,99.9,1.597,"{'A': 40, 'B': 58, 'C': 8}",106,627.9,9.1,10.323,"{'A': 0.81, 'B': 0.41, 'C': 1.02}",2.23,9.1,ppo_wp6,105,heavy_load,78.6,5006,3601.0,unseen,1,below_reserve@3210s,0.0974
61,"{'A': 0.0, 'B': 0.0, 'C': 243.4}",0,99.89,1.502,"{'A': 39, 'B': 58, 'C': 8}",105,669.8,0.0,11.002,"{'A': 0.0, 'B': 0.0, 'C': 0.68}",0.68,0.0,ppo_wp6,105,heavy_load,58.82,5007,3517.5,unseen,2,"below_reserve@2464s,battery_empty@3518s",0.1048
58,"{'A': 184.6, 'B': 213.8, 'C': 397.4}",2,99.9,1.661,"{'A': 36, 'B': 58, 'C': 8}",102,611.9,13.4,10.075,"{'A': 2.05, 'B': 3.56, 'C': 1.1}",6.72,13.4,ppo_wp6,102,heavy_load,70.24,5008,3600.9,unseen,1,below_reserve@3493s,0.0988
59,"{'A': 160.5, 'B': 173.8, 'C': 236.7}",1,99.9,1.931,"{'A': 38, 'B': 54, 'C': 8}",100,637.0,9.2,10.321,"{'A': 1.78, 'B': 2.9, 'C': 0.66}",5.34,9.2,ppo_wp6,100,heavy_load,69.5,5009,3600.4,unseen,1,below_reserve@3235s,0.1032
62,"{'A': 95.2, 'B': 0.0, 'C': 210.2}",1,99.89,1.72,"{'A': 27, 'B': 59, 'C': 9}",95,649.5,4.9,10.634,"{'A': 1.06, 'B': 0.0, 'C': 0.58}",1.64,4.9,ppo_wp6,93,heavy_load,68.04,5010,3600.4,unseen,1,below_reserve@2837s,0.1119
59,"{'A': 282.5, 'B': 60.7, 'C': 332.3}",1,99.9,1.683,"{'A': 37, 'B': 62, 'C': 9}",108,619.0,10.9,10.201,"{'A': 3.14, 'B': 1.01, 'C': 0.92}",5.07,10.9,ppo_wp6,106,heavy_load,77.82,5011,3600.1,unseen,1,below_reserve@3322s,0.0945
61,"{'A': 199.2, 'B': 0.0, 'C': 279.6}",1,99.89,1.696,"{'A': 38, 'B': 58, 'C': 9}",105,661.2,4.2,10.788,"{'A': 2.21, 'B': 0.0, 'C': 0.78}",2.99,4.2,ppo_wp6,105,heavy_load,76.62,5012,3600.4,unseen,1,below_reserve@2820s,0.1027
60,"{'A': 75.5, 'B': 0.0, 'C': 270.4}",1,99.89,1.735,"{'A': 39, 'B': 58, 'C': 8}",105,642.4,6.6,10.525,"{'A': 0.84, 'B': 0.0, 'C': 0.75}",1.59,6.6,ppo_wp6,107,heavy_load,78.15,5013,3600.1,unseen,1,below_reserve@3000s,0.1002
60,"{'A': 168.3, 'B': 170.6, 'C': 148.3}",2,99.9,1.68,"{'A': 38, 'B': 55, 'C': 8}",101,609.7,12.2,10.047,"{'A': 1.87, 'B': 2.84, 'C': 0.41}",5.12,12.2,ppo_wp6,104,heavy_load,70.85,5014,3600.4,unseen,1,below_reserve@3438s,0.0995
62,"{'A': 0.0, 'B': 0.0, 'C': 97.8}",0,99.89,1.809,"{'A': 40, 'B': 58, 'C': 5}",103,685.7,0.0,11.004,"{'A': 0.0, 'B': 0.0, 'C': 0.27}",0.27,0.0,ppo_wp6,104,heavy_load,57.23,5015,3588.2,unseen,2,"below_reserve@2475s,battery_empty@3588s",0.1068
62,"{'A': 92.9, 'B': 36.1, 'C': 206.3}",1,99.89,1.789,"{'A': 39, 'B': 58, 'C': 9}",106,642.3,5.4,10.621,"{'A': 1.03, 'B': 0.6, 'C': 0.57}",2.21,5.4,ppo_wp6,108,heavy_load,78.48,5016,3600.9,unseen,1,below_reserve@2926s,0.1002
58,"{'A': 105.0, 'B': 122.4, 'C': 210.1}",1,99.9,1.947,"{'A': 38, 'B': 58, 'C': 9}",105,620.2,10.3,10.331,"{'A': 1.17, 'B': 2.04, 'C': 0.58}",3.79,10.3,ppo_wp6,105,heavy_load,76.04,5017,3600.2,unseen,1,below_reserve@3278s,0.0984
57,"{'A': 127.4, 'B': 215.0, 'C': 320.3}",2,99.9,1.656,"{'A': 34, 'B': 58, 'C': 9}",101,613.7,13.2,10.132,"{'A': 1.42, 'B': 3.58, 'C': 0.89}",5.89,13.2,ppo_wp6,103,heavy_load,70.05,5018,3600.7,unseen,1,below_reserve@3498s,0.1003
59,"{'A': 287.2, 'B': 91.7, 'C': 195.9}",1,99.9,1.687,"{'A': 37, 'B': 61, 'C': 9}",107,618.7,10.6,10.271,"{'A': 3.19, 'B': 1.53, 'C': 0.54}",5.26,10.6,ppo_wp6,105,heavy_load,76.6,5019,3600.5,unseen,1,below_reserve@3275s,0.096
62,"{'A': 16.7, 'B': 0.0, 'C': 149.3}",0,99.89,1.642,"{'A': 36, 'B': 61, 'C': 8}",105,672.3,0.0,11.0,"{'A': 0.19, 'B': 0.0, 'C': 0.41}",0.6,0.0,ppo_wp6,106,heavy_load,58.9,5020,3557.9,unseen,2,"below_reserve@2444s,battery_empty@3558s",0.1048
59,"{'A': 378.9, 'B': 96.6, 'C': 229.8}",1,99.9,1.655,"{'A': 36, 'B': 57, 'C': 9}",102,616.8,11.1,10.199,"{'A': 4.21, 'B': 1.61, 'C': 0.64}",6.46,11.1,ppo_wp6,103,heavy_load,70.44,5021,3600.6,unseen,1,below_reserve@3316s,0.1
58,"{'A': 128.2, 'B': 19.7, 'C': 324.4}",1,99.9,1.718,"{'A': 37, 'B': 57, 'C': 8}",102,621.2,10.5,10.28,"{'A': 1.42, 'B': 0.33, 'C': 0.9}",2.65,10.5,ppo_wp6,104,heavy_load,74.21,5022,3600.8,unseen,1,below_reserve@3279s,0.1008
62,"{'A': 90.7, 'B': 88.5, 'C': 327.8}",1,99.89,1.643,"{'A': 39, 'B': 58, 'C': 8}",105,645.4,5.4,10.586,"{'A': 1.01, 'B': 1.48, 'C': 0.91}",3.39,5.4,ppo_wp6,106,heavy_load,76.31,5023,3600.8,unseen,1,below_reserve@2887s,0.1008
59,"{'A': 121.0, 'B': 195.0, 'C': 208.8}",1,99.9,1.91,"{'A': 39, 'B': 60, 'C': 8}",107,632.4,9.0,10.44,"{'A': 1.34, 'B': 3.25, 'C': 0.58}",5.17,9.0,ppo_wp6,106,heavy_load,76.61,5024,3600.6,unseen,1,below_reserve@3208s,0.0976
61,"{'A': 34.4, 'B': 0.0, 'C': 263.4}",1,99.89,1.865,"{'A': 37, 'B': 62, 'C': 9}",108,637.8,6.6,10.573,"{'A': 0.38, 'B': 0.0, 'C': 0.73}",1.11,6.6,ppo_wp6,108,heavy_load,81.6,5025,3600.4,unseen,1,below_reserve@2988s,0.0979
62,"{'A': 28.8, 'B': 1.0, 'C': 143.4}",1,99.89,1.814,"{'A': 36, 'B': 61, 'C': 9}",106,643.8,5.4,10.603,"{'A': 0.32, 'B': 0.02, 'C': 0.4}",0.73,5.4,ppo_wp6,108,heavy_load,79.96,5026,3600.8,unseen,1,below_reserve@2890s,0.1
65,"{'A': 24.2, 'B': 0.0, 'C': 64.7}",0,99.89,1.647,"{'A': 27, 'B': 57, 'C': 8}",92,653.8,2.2,10.514,"{'A': 0.27, 'B': 0.0, 'C': 0.18}",0.45,2.2,ppo_wp6,94,heavy_load,66.29,5027,3600.4,unseen,1,below_reserve@2653s,0.1143
58,"{'A': 248.6, 'B': 41.2, 'C': 182.3}",1,99.9,1.658,"{'A': 39, 'B': 56, 'C': 8}",103,620.2,11.1,10.174,"{'A': 2.76, 'B': 0.69, 'C': 0.51}",3.96,11.1,ppo_wp6,103,heavy_load,73.96,5028,3600.2,unseen,1,below_reserve@3340s,0.0988
63,"{'A': 93.7, 'B': 10.8, 'C': 123.4}",1,99.9,1.671,"{'A': 26, 'B': 61, 'C': 9}",96,632.8,6.6,10.328,"{'A': 1.04, 'B': 0.18, 'C': 0.34}",1.56,6.6,ppo_wp6,96,heavy_load,69.27,5029,3600.5,unseen,1,below_reserve@3002s,0.1076
60,"{'A': 0.0, 'B': 0.0, 'C': 0.0}",0,99.89,1.581,"{'A': 17, 'B': 31, 'C': 5}",53,711.2,50.0,11.006,"{'A': 0.0, 'B': 0.0, 'C': 0.0}",0.0,50.0,ppo_wp6,52,heavy_parts,47.5,5000,3600.6,unseen,0,,0.2077
61,"{'A': 0.0, 'B': 0.0, 'C': 0.0}",0,99.89,1.687,"{'A': 21, 'B': 29, 'C': 4}",54,689.9,50.9,10.808,"{'A': 0.0, 'B': 0.0, 'C': 0.0}",0.0,50.9,ppo_wp6,54,heavy_parts,48.6,5001,3601.0,unseen,0,,0.2002
61,"{'A': 0.0, 'B': 0.0, 'C': 0.0}",0,99.89,1.641,"{'A': 19, 'B': 30, 'C': 4}",53,678.7,51.1,10.761,"{'A': 0.0, 'B': 0.0, 'C': 0.0}",0.0,51.1,ppo_wp6,53,heavy_parts,47.62,5002,3600.3,unseen,0,,0.203
63,"{'A': 0.0, 'B': 0.0, 'C': 0.0}",0,99.9,1.644,"{'A': 20, 'B': 21, 'C': 5}",46,596.8,54.0,10.124,"{'A': 0.0, 'B': 0.0, 'C': 0.0}",0.0,54.0,ppo_wp6,45,heavy_parts,40.94,5003,3600.4,unseen,0,,0.2201
61,"{'A': 0.0, 'B': 0.0, 'C': 0.0}",0,99.89,1.624,"{'A': 20, 'B': 30, 'C': 4}",54,678.9,51.1,10.747,"{'A': 0.0, 'B': 0.0, 'C': 0.0}",0.0,51.1,ppo_wp6,54,heavy_parts,48.63,5004,3600.8,unseen,0,,0.199
62,"{'A': 0.0, 'B': 0.0, 'C': 0.0}",0,99.89,1.564,"{'A': 20, 'B': 29, 'C': 4}",53,671.0,52.1,10.548,"{'A': 0.0, 'B': 0.0, 'C': 0.0}",0.0,52.1,ppo_wp6,52,heavy_parts,47.73,5005,3600.6,unseen,0,,0.199
61,"{'A': 0.0, 'B': 0.0, 'C': 0.0}",0,99.89,1.806,"{'A': 19, 'B': 31, 'C': 5}",55,699.1,50.6,10.878,"{'A': 0.0, 'B': 0.0, 'C': 0.0}",0.0,50.6,ppo_wp6,53,heavy_parts,49.56,5006,3600.6,unseen,0,,0.1978
60,"{'A': 0.0, 'B': 0.0, 'C': 0.0}",0,99.89,1.821,"{'A': 19, 'B': 33, 'C': 5}",57,702.7,49.9,11.028,"{'A': 0.0, 'B': 0.0, 'C': 0.0}",0.0,49.9,ppo_wp6,56,heavy_parts,51.49,5007,3600.8,unseen,0,,0.1935
61,"{'A': 0.0, 'B': 0.0, 'C': 0.0}",0,99.89,1.726,"{'A': 22, 'B': 29, 'C': 5}",56,698.1,50.4,10.917,"{'A': 0.0, 'B': 0.0, 'C': 0.0}",0.0,50.4,ppo_wp6,54,heavy_parts,50.54,5008,3600.1,unseen,0,,0.1949
62,"{'A': 0.0, 'B': 0.0, 'C': 0.0}",0,99.89,1.628,"{'A': 21, 'B': 30, 'C': 4}",55,687.8,51.5,10.667,"{'A': 0.0, 'B': 0.0, 'C': 0.0}",0.0,51.5,ppo_wp6,53,heavy_parts,49.67,5009,3600.7,unseen,0,,0.1939
63,"{'A': 0.0, 'B': 0.0, 'C': 51.2}",0,99.9,1.693,"{'A': 15, 'B': 31, 'C': 5}",51,666.2,53.1,10.325,"{'A': 0.0, 'B': 0.0, 'C': 0.07}",0.07,53.1,ppo_wp6,48,heavy_parts,45.77,5010,3600.2,unseen,0,,0.2024
61,"{'A': 0.0, 'B': 0.0, 'C': 0.0}",0,99.89,1.749,"{'A': 18, 'B': 31, 'C': 4}",53,699.6,50.9,10.807,"{'A': 0.0, 'B': 0.0, 'C': 0.0}",0.0,50.9,ppo_wp6,53,heavy_parts,47.6,5011,3600.9,unseen,0,,0.2039
61,"{'A': 0.0, 'B': 0.0, 'C': 0.0}",0,99.89,1.631,"{'A': 19, 'B': 31, 'C': 5}",55,690.6,50.4,10.916,"{'A': 0.0, 'B': 0.0, 'C': 0.0}",0.0,50.4,ppo_wp6,56,heavy_parts,49.54,5012,3600.8,unseen,0,,0.1985
61,"{'A': 0.0, 'B': 0.0, 'C': 0.0}",0,99.89,1.819,"{'A': 20, 'B': 32, 'C': 4}",56,683.9,50.7,10.847,"{'A': 0.0, 'B': 0.0, 'C': 0.0}",0.0,50.7,ppo_wp6,54,heavy_parts,50.58,5013,3600.5,unseen,0,,0.1937
62,"{'A': 0.0, 'B': 0.0, 'C': 0.0}",0,99.89,1.722,"{'A': 21, 'B': 30, 'C': 4}",55,690.4,51.1,10.765,"{'A': 0.0, 'B': 0.0, 'C': 0.0}",0.0,51.1,ppo_wp6,55,heavy_parts,49.62,5014,3600.3,unseen,0,,0.1957
61,"{'A': 0.0, 'B': 0.0, 'C': 0.0}",0,99.89,1.973,"{'A': 19, 'B': 30, 'C': 2}",51,693.3,52.1,10.548,"{'A': 0.0, 'B': 0.0, 'C': 0.0}",0.0,52.1,ppo_wp6,49,heavy_parts,45.73,5015,3600.7,unseen,0,,0.2068
60,"{'A': 0.0, 'B': 0.0, 'C': 0.0}",0,99.89,1.734,"{'A': 21, 'B': 29, 'C': 5}",55,708.8,49.5,11.119,"{'A': 0.0, 'B': 0.0, 'C': 0.0}",0.0,49.5,ppo_wp6,53,heavy_parts,49.44,5016,3600.4,unseen,0,,0.2022
62,"{'A': 0.0, 'B': 0.0, 'C': 0.0}",0,99.89,1.726,"{'A': 20, 'B': 31, 'C': 5}",56,690.5,50.6,10.863,"{'A': 0.0, 'B': 0.0, 'C': 0.0}",0.0,50.6,ppo_wp6,54,heavy_parts,50.57,5017,3600.5,unseen,0,,0.194
62,"{'A': 0.0, 'B': 0.0, 'C': 0.0}",0,99.89,1.599,"{'A': 20, 'B': 32, 'C': 4}",56,690.7,51.3,10.716,"{'A': 0.0, 'B': 0.0, 'C': 0.0}",0.0,51.3,ppo_wp6,54,heavy_parts,50.64,5018,3601.0,unseen,0,,0.1914
61,"{'A': 0.0, 'B': 0.0, 'C': 0.0}",0,99.89,1.509,"{'A': 20, 'B': 30, 'C': 4}",54,693.9,50.9,10.806,"{'A': 0.0, 'B': 0.0, 'C': 0.0}",0.0,50.9,ppo_wp6,54,heavy_parts,48.6,5019,3600.2,unseen,0,,0.2001
61,"{'A': 0.0, 'B': 0.0, 'C': 0.0}",0,99.89,1.546,"{'A': 20, 'B': 31, 'C': 4}",55,693.1,51.3,10.711,"{'A': 0.0, 'B': 0.0, 'C': 0.0}",0.0,51.3,ppo_wp6,54,heavy_parts,49.64,5020,3600.3,unseen,0,,0.1947
61,"{'A': 0.0, 'B': 0.0, 'C': 0.0}",0,99.89,1.688,"{'A': 20, 'B': 31, 'C': 4}",55,678.9,51.3,10.711,"{'A': 0.0, 'B': 0.0, 'C': 0.0}",0.0,51.3,ppo_wp6,53,heavy_parts,49.64,5021,3600.8,unseen,0,,0.1947
62,"{'A': 0.0, 'B': 0.0, 'C': 0.0}",0,99.89,1.722,"{'A': 19, 'B': 29, 'C': 5}",53,690.4,50.9,10.812,"{'A': 0.0, 'B': 0.0, 'C': 0.0}",0.0,50.9,ppo_wp6,53,heavy_parts,47.59,5022,3600.2,unseen,0,,0.204
61,"{'A': 0.0, 'B': 0.0, 'C': 0.0}",0,99.89,1.907,"{'A': 20, 'B': 32, 'C': 4}",56,702.0,50.2,10.952,"{'A': 0.0, 'B': 0.0, 'C': 0.0}",0.0,50.2,ppo_wp6,54,heavy_parts,50.52,5023,3600.0,unseen,0,,0.1956
61,"{'A': 0.0, 'B': 0.0, 'C': 0.0}",0,99.89,1.867,"{'A': 21, 'B': 30, 'C': 4}",55,702.2,50.3,10.938,"{'A': 0.0, 'B': 0.0, 'C': 0.0}",0.0,50.3,ppo_wp6,53,heavy_parts,49.53,5024,3600.5,unseen,0,,0.1989
62,"{'A': 0.0, 'B': 0.0, 'C': 0.0}",0,99.89,1.624,"{'A': 21, 'B': 30, 'C': 4}",55,681.3,51.6,10.659,"{'A': 0.0, 'B': 0.0, 'C': 0.0}",0.0,51.6,ppo_wp6,53,heavy_parts,49.67,5025,3600.9,unseen,0,,0.1938
61,"{'A': 0.0, 'B': 0.0, 'C': 0.0}",0,99.89,1.743,"{'A': 20, 'B': 31, 'C': 4}",55,671.4,52.1,10.529,"{'A': 0.0, 'B': 0.0, 'C': 0.0}",0.0,52.1,ppo_wp6,54,heavy_parts,49.74,5026,3600.6,unseen,0,,0.1914
63,"{'A': 0.0, 'B': 0.0, 'C': 0.0}",0,99.9,1.609,"{'A': 13, 'B': 30, 'C': 4}",47,658.0,53.6,10.213,"{'A': 0.0, 'B': 0.0, 'C': 0.0}",0.0,53.6,ppo_wp6,47,heavy_parts,41.89,5027,3600.1,unseen,0,,0.2173
62,"{'A': 0.0, 'B': 0.0, 'C': 0.0}",0,99.89,1.605,"{'A': 20, 'B': 32, 'C': 4}",56,678.9,51.4,10.7,"{'A': 0.0, 'B': 0.0, 'C': 0.0}",0.0,51.4,ppo_wp6,54,heavy_parts,50.65,5028,3600.7,unseen,0,,0.1911
62,"{'A': 0.0, 'B': 0.0, 'C': 0.0}",0,99.9,1.735,"{'A': 15, 'B': 31, 'C': 4}",50,649.8,53.0,10.33,"{'A': 0.0, 'B': 0.0, 'C': 0.0}",0.0,53.0,ppo_wp6,48,heavy_parts,44.84,5029,3600.2,unseen,0,,0.2066
62,"{'A': 0.0, 'B': 0.0, 'C': 0.0}",0,99.89,1.816,"{'A': 37, 'B': 61, 'C': 9}",107,690.4,50.4,10.917,"{'A': 0.0, 'B': 0.0, 'C': 0.0}",0.0,50.4,ppo_wp6,108,high_demand,101.54,5000,3600.2,seen,0,,0.102
61,"{'A': 0.0, 'B': 0.0, 'C': 22.1}",0,99.89,1.662,"{'A': 37, 'B': 61, 'C': 9}",107,702.2,49.4,11.127,"{'A': 0.0, 'B': 0.0, 'C': 0.06}",0.06,49.4,ppo_wp6,110,high_demand,101.38,5001,3600.6,seen,0,,0.104
62,"{'A': 0.0, 'B': 0.0, 'C': 0.0}",0,99.89,1.654,"{'A': 38, 'B': 60, 'C': 10}",108,690.4,50.1,10.989,"{'A': 0.0, 'B': 0.0, 'C': 0.0}",0.0,50.1,ppo_wp6,108,high_demand,102.51,5002,3600.4,seen,0,,0.1017
62,"{'A': 0.0, 'B': 0.0, 'C': 0.0}",0,99.89,1.825,"{'A': 39, 'B': 42, 'C': 9}",90,676.0,52.1,10.546,"{'A': 0.0, 'B': 0.0, 'C': 0.0}",0.0,52.1,ppo_wp6,91,high_demand,84.73,5003,3600.3,seen,0,,0.1172
61,"{'A': 0.0, 'B': 0.0, 'C': 0.0}",0,99.89,1.751,"{'A': 39, 'B': 61, 'C': 7}",107,702.0,50.3,10.926,"{'A': 0.0, 'B': 0.0, 'C': 0.0}",0.0,50.3,ppo_wp6,107,high_demand,101.54,5004,3600.1,seen,0,,0.1021
61,"{'A': 0.0, 'B': 0.0, 'C': 0.0}",0,99.89,1.721,"{'A': 39, 'B': 56, 'C': 8}",103,693.4,50.2,10.954,"{'A': 0.0, 'B': 0.0, 'C': 0.0}",0.0,50.2,ppo_wp6,105,high_demand,97.52,5005,3600.9,seen,0,,0.1063
61,"{'A': 0.0, 'B': 0.0, 'C': 0.0}",0,99.89,1.701,"{'A': 37, 'B': 61, 'C': 9}",107,702.4,49.7,11.062,"{'A': 0.0, 'B': 0.0, 'C': 0.0}",0.0,49.7,ppo_wp6,110,high_demand,101.47,5006,3600.9,seen,0,,0.1034
62,"{'A': 0.0, 'B': 0.0, 'C': 0.0}",0,99.89,1.641,"{'A': 36, 'B': 58, 'C': 9}",103,686.7,50.8,10.832,"{'A': 0.0, 'B': 0.0, 'C': 0.0}",0.0,50.8,ppo_wp6,107,high_demand,97.58,5007,3600.7,seen,0,,0.1052
61,"{'A': 0.0, 'B': 0.0, 'C': 0.0}",0,99.89,1.676,"{'A': 39, 'B': 59, 'C': 9}",107,690.8,50.7,10.837,"{'A': 0.0, 'B': 0.0, 'C': 0.0}",0.0,50.7,ppo_wp6,110,high_demand,101.58,5008,3600.4,seen,0,,0.1013
61,"{'A': 0.0, 'B': 0.0, 'C': 0.0}",0,99.89,1.633,"{'A': 39, 'B': 61, 'C': 8}",108,702.0,50.2,10.956,"{'A': 0.0, 'B': 0.0, 'C': 0.0}",0.0,50.2,ppo_wp6,107,high_demand,102.52,5009,3600.0,seen,0,,0.1014
62,"{'A': 0.0, 'B': 0.0, 'C': 0.0}",0,99.89,1.622,"{'A': 28, 'B': 62, 'C': 10}",100,679.0,51.1,10.754,"{'A': 0.0, 'B': 0.0, 'C': 0.0}",0.0,51.1,ppo_wp6,100,high_demand,94.62,5010,3600.0,seen,0,,0.1075
61,"{'A': 0.0, 'B': 0.0, 'C': 0.0}",0,99.89,1.744,"{'A': 35, 'B': 60, 'C': 9}",104,693.9,51.0,10.773,"{'A': 0.0, 'B': 0.0, 'C': 0.0}",0.0,51.0,ppo_wp6,106,high_demand,98.61,5011,3600.2,seen,0,,0.1036
62,"{'A': 0.0, 'B': 0.0, 'C': 0.0}",0,99.89,2.07,"{'A': 40, 'B': 60, 'C': 9}",109,690.5,51.0,10.78,"{'A': 0.0, 'B': 0.0, 'C': 0.0}",0.0,51.0,ppo_wp6,110,high_demand,103.61,5012,3600.5,seen,0,,0.0989
61,"{'A': 0.0, 'B': 0.0, 'C': 0.0}",0,99.89,1.695,"{'A': 39, 'B': 61, 'C': 9}",109,702.3,49.8,11.039,"{'A': 0.0, 'B': 0.0, 'C': 0.0}",0.0,49.8,ppo_wp6,108,high_demand,103.48,5013,3600.7,seen,0,,0.1013
61,"{'A': 0.0, 'B': 0.0, 'C': 0.0}",0,99.89,1.575,"{'A': 39, 'B': 62, 'C': 9}",110,702.3,49.9,11.032,"{'A': 0.0, 'B': 0.0, 'C': 0.0}",0.0,49.9,ppo_wp6,109,high_demand,104.48,5014,3600.7,seen,0,,0.1003
60,"{'A': 0.0, 'B': 0.0, 'C': 0.0}",0,99.89,1.633,"{'A': 40, 'B': 61, 'C': 6}",107,708.9,50.4,10.918,"{'A': 0.0, 'B': 0.0, 'C': 0.0}",0.0,50.4,ppo_wp6,107,high_demand,101.54,5015,3600.6,seen,0,,0.102
61,"{'A': 0.0, 'B': 0.0, 'C': 0.0}",0,99.89,1.585,"{'A': 40, 'B': 58, 'C': 9}",107,696.9,50.0,11.007,"{'A': 0.0, 'B': 0.0, 'C': 0.0}",0.0,50.0,ppo_wp6,111,high_demand,101.5,5016,3600.0,seen,0,,0.1029
62,"{'A': 0.0, 'B': 0.0, 'C': 0.0}",0,99.89,1.643,"{'A': 38, 'B': 60, 'C': 9}",107,679.9,50.9,10.794,"{'A': 0.0, 'B': 0.0, 'C': 0.0}",0.0,50.9,ppo_wp6,109,high_demand,101.6,5017,3600.4,seen,0,,0.1009
61,"{'A': 0.0, 'B': 0.0, 'C': 0.0}",0,99.89,1.415,"{'A': 38, 'B': 57, 'C': 9}",104,697.9,49.7,11.065,"{'A': 0.0, 'B': 0.0, 'C': 0.0}",0.0,49.7,ppo_wp6,108,high_demand,98.47,5018,3600.6,seen,0,,0.1064
61,"{'A': 0.0, 'B': 0.0, 'C': 0.0}",0,99.89,1.412,"{'A': 41, 'B': 59, 'C': 9}",109,702.4,49.7,11.06,"{'A': 0.0, 'B': 0.0, 'C': 0.0}",0.0,49.7,ppo_wp6,109,high_demand,103.47,5019,3600.9,seen,0,,0.1015
61,"{'A': 0.0, 'B': 0.0, 'C': 0.0}",0,99.89,1.316,"{'A': 40, 'B': 56, 'C': 8}",104,701.9,50.4,10.909,"{'A': 0.0, 'B': 0.0, 'C': 0.0}",0.0,50.4,ppo_wp6,104,high_demand,98.55,5020,3600.8,seen,0,,0.1049
62,"{'A': 0.0, 'B': 0.0, 'C': 0.0}",0,99.89,1.398,"{'A': 40, 'B': 62, 'C': 9}",111,690.4,50.5,10.896,"{'A': 0.0, 'B': 0.0, 'C': 0.0}",0.0,50.5,ppo_wp6,111,high_demand,105.55,5021,3600.2,seen,0,,0.0982
61,"{'A': 0.0, 'B': 0.0, 'C': 39.8}",0,99.89,1.476,"{'A': 40, 'B': 58, 'C': 9}",107,694.6,50.1,10.972,"{'A': 0.0, 'B': 0.0, 'C': 0.11}",0.11,50.1,ppo_wp6,109,high_demand,101.4,5022,3600.1,seen,0,,0.1025
62,"{'A': 0.0, 'B': 0.0, 'C': 0.0}",0,99.89,1.349,"{'A': 40, 'B': 57, 'C': 9}",106,690.5,50.5,10.894,"{'A': 0.0, 'B': 0.0, 'C': 0.0}",0.0,50.5,ppo_wp6,109,high_demand,100.55,5023,3600.6,seen,0,,0.1028
61,"{'A': 0.0, 'B': 0.0, 'C': 0.0}",0,99.89,1.401,"{'A': 37, 'B': 60, 'C': 8}",105,697.9,50.2,10.949,"{'A': 0.0, 'B': 0.0, 'C': 0.0}",0.0,50.2,ppo_wp6,108,high_demand,99.53,5024,3600.6,seen,0,,0.1043
61,"{'A': 0.0, 'B': 0.0, 'C': 0.0}",0,99.89,1.466,"{'A': 39, 'B': 61, 'C': 9}",109,701.9,49.7,11.075,"{'A': 0.0, 'B': 0.0, 'C': 0.0}",0.0,49.7,ppo_wp6,109,high_demand,103.46,5025,3600.8,seen,0,,0.1016
61,"{'A': 0.0, 'B': 0.0, 'C': 0.0}",0,99.89,1.571,"{'A': 38, 'B': 60, 'C': 8}",106,690.7,50.4,10.908,"{'A': 0.0, 'B': 0.0, 'C': 0.0}",0.0,50.4,ppo_wp6,107,high_demand,100.55,5026,3601.0,seen,0,,0.1029
64,"{'A': 0.0, 'B': 0.0, 'C': 0.0}",0,99.9,1.495,"{'A': 29, 'B': 58, 'C': 9}",96,667.2,52.7,10.409,"{'A': 0.0, 'B': 0.0, 'C': 0.0}",0.0,52.7,ppo_wp6,95,high_demand,90.8,5027,3600.7,seen,0,,0.1084
62,"{'A': 0.0, 'B': 0.0, 'C': 0.0}",0,99.89,1.555,"{'A': 38, 'B': 60, 'C': 9}",107,690.5,50.5,10.897,"{'A': 0.0, 'B': 0.0, 'C': 0.0}",0.0,50.5,ppo_wp6,108,high_demand,101.55,5028,3600.4,seen,0,,0.1018
61,"{'A': 0.0, 'B': 0.0, 'C': 0.0}",0,99.89,1.555,"{'A': 38, 'B': 60, 'C': 9}",107,701.9,50.0,10.991,"{'A': 0.0, 'B': 0.0, 'C': 0.0}",0.0,50.0,ppo_wp6,106,high_demand,101.5,5029,3600.8,seen,0,,0.1027
62,"{'A': 0.0, 'B': 0.0, 'C': 0.0}",0,99.9,2.005,"{'A': 20, 'B': 29, 'C': 4}",53,690.3,52.5,10.458,"{'A': 0.0, 'B': 0.0, 'C': 0.0}",0.0,52.5,ppo_wp6,52,hot_factory,47.77,5000,3600.1,unseen,0,,0.1973
61,"{'A': 0.0, 'B': 0.0, 'C': 0.0}",0,99.89,2.056,"{'A': 20, 'B': 30, 'C': 4}",54,695.3,51.9,10.59,"{'A': 0.0, 'B': 0.0, 'C': 0.0}",0.0,51.9,ppo_wp6,53,hot_factory,48.71,5001,3600.9,unseen,0,,0.1961
61,"{'A': 0.0, 'B': 0.0, 'C': 0.0}",0,99.89,1.997,"{'A': 20, 'B': 30, 'C': 5}",55,693.8,52.2,10.508,"{'A': 0.0, 'B': 0.0, 'C': 0.0}",0.0,52.2,ppo_wp6,54,hot_factory,49.75,5002,3600.1,unseen,0,,0.191
62,"{'A': 0.0, 'B': 0.0, 'C': 0.0}",0,99.9,2.07,"{'A': 19, 'B': 21, 'C': 5}",45,620.1,54.4,10.039,"{'A': 0.0, 'B': 0.0, 'C': 0.0}",0.0,54.4,ppo_wp6,44,hot_factory,39.98,5003,3600.1,unseen,0,,0.2231
61,"{'A': 0.0, 'B': 0.0, 'C': 0.0}",0,99.89,2.006,"{'A': 21, 'B': 29, 'C': 3}",53,702.2,51.5,10.681,"{'A': 0.0, 'B': 0.0, 'C': 0.0}",0.0,51.5,ppo_wp6,53,hot_factory,47.66,5004,3600.6,unseen,0,,0.2015
62,"{'A': 0.0, 'B': 0.0, 'C': 0.0}",0,99.9,1.908,"{'A': 20, 'B': 31, 'C': 4}",55,678.7,52.8,10.383,"{'A': 0.0, 'B': 0.0, 'C': 0.0}",0.0,52.8,ppo_wp6,54,hot_factory,49.81,5005,3600.2,unseen,0,,0.1888
61,"{'A': 0.0, 'B': 0.0, 'C': 0.0}",0,99.89,1.942,"{'A': 21, 'B': 30, 'C': 4}",55,702.4,51.1,10.754,"{'A': 0.0, 'B': 0.0, 'C': 0.0}",0.0,51.1,ppo_wp6,56,hot_factory,49.62,5006,3600.9,unseen,0,,0.1955
61,"{'A': 0.0, 'B': 0.0, 'C': 0.0}",0,99.89,1.955,"{'A': 21, 'B': 31, 'C': 4}",56,700.2,51.5,10.671,"{'A': 0.0, 'B': 0.0, 'C': 0.0}",0.0,51.5,ppo_wp6,55,hot_factory,50.66,5007,3600.3,unseen,0,,0.1905
61,"{'A': 0.0, 'B': 0.0, 'C': 0.0}",0,99.89,2.085,"{'A': 20, 'B': 30, 'C': 4}",54,702.2,51.5,10.68,"{'A': 0.0, 'B': 0.0, 'C': 0.0}",0.0,51.5,ppo_wp6,53,hot_factory,48.66,5008,3600.5,unseen,0,,0.1978
62,"{'A': 0.0, 'B': 0.0, 'C': 0.0}",0,99.89,2.188,"{'A': 20, 'B': 32, 'C': 5}",57,690.6,51.8,10.614,"{'A': 0.0, 'B': 0.0, 'C': 0.0}",0.0,51.8,ppo_wp6,55,hot_factory,51.69,5009,3600.7,unseen,0,,0.1862
62,"{'A': 0.0, 'B': 0.0, 'C': 0.0}",0,99.9,2.255,"{'A': 15, 'B': 32, 'C': 5}",52,656.9,53.5,10.225,"{'A': 0.0, 'B': 0.0, 'C': 0.0}",0.0,53.5,ppo_wp6,49,hot_factory,46.89,5010,3600.3,unseen,0,,0.1966
61,"{'A': 0.0, 'B': 0.0, 'C': 0.0}",0,99.9,1.968,"{'A': 20, 'B': 28, 'C': 4}",52,680.4,52.7,10.412,"{'A': 0.0, 'B': 0.0, 'C': 0.0}",0.0,52.7,ppo_wp6,53,hot_factory,46.79,5011,3600.7,unseen,0,,0.2002
61,"{'A': 0.0, 'B': 0.0, 'C': 0.0}",0,99.89,1.816,"{'A': 21, 'B': 30, 'C': 5}",56,685.1,51.9,10.588,"{'A': 0.0, 'B': 0.0, 'C': 0.0}",0.0,51.9,ppo_wp6,54,hot_factory,50.71,5012,3600.6,unseen,0,,0.1891
61,"{'A': 0.0, 'B': 0.0, 'C': 0.0}",0,99.9,1.856,"{'A': 21, 'B': 31, 'C': 4}",56,678.9,52.3,10.498,"{'A': 0.0, 'B': 0.0, 'C': 0.0}",0.0,52.3,ppo_wp6,53,hot_factory,50.75,5013,3600.7,unseen,0,,0.1875
62,"{'A': 0.0, 'B': 0.0, 'C': 0.0}",0,99.89,1.885,"{'A': 19, 'B': 29, 'C': 5}",53,690.4,51.9,10.591,"{'A': 0.0, 'B': 0.0, 'C': 0.0}",0.0,51.9,ppo_wp6,52,hot_factory,47.7,5014,3600.4,unseen,0,,0.1998
62,"{'A': 0.0, 'B': 0.0, 'C': 0.0}",0,99.9,1.611,"{'A': 19, 'B': 28, 'C': 3}",50,686.0,53.1,10.327,"{'A': 0.0, 'B': 0.0, 'C': 0.0}",0.0,53.1,ppo_wp6,50,hot_factory,44.84,5015,3600.1,unseen,0,,0.2065
61,"{'A': 0.0, 'B': 0.0, 'C': 0.0}",0,99.89,1.657,"{'A': 20, 'B': 31, 'C': 5}",56,696.2,51.5,10.661,"{'A': 0.0, 'B': 0.0, 'C': 0.0}",0.0,51.5,ppo_wp6,56,hot_factory,50.67,5016,3600.1,unseen,0,,0.1904
62,"{'A': 0.0, 'B': 0.0, 'C': 0.0}",0,99.89,1.477,"{'A': 19, 'B': 32, 'C': 5}",56,690.6,51.7,10.628,"{'A': 0.0, 'B': 0.0, 'C': 0.0}",0.0,51.7,ppo_wp6,55,hot_factory,50.69,5017,3600.7,unseen,0,,0.1898
61,"{'A': 0.0, 'B': 0.0, 'C': 0.0}",0,99.9,1.65,"{'A': 19, 'B': 31, 'C': 4}",54,682.9,52.7,10.408,"{'A': 0.0, 'B': 0.0, 'C': 0.0}",0.0,52.7,ppo_wp6,52,hot_factory,48.8,5018,3600.9,unseen,0,,0.1927
61,"{'A': 0.0, 'B': 0.0, 'C': 0.0}",0,99.9,1.452,"{'A': 19, 'B': 30, 'C': 4}",53,683.4,52.5,10.447,"{'A': 0.0, 'B': 0.0, 'C': 0.0}",0.0,52.5,ppo_wp6,52,hot_factory,47.78,5019,3600.2,unseen,0,,0.1971
61,"{'A': 0.0, 'B': 0.0, 'C': 0.0}",0,99.89,1.427,"{'A': 20, 'B': 30, 'C': 4}",54,702.1,51.5,10.669,"{'A': 0.0, 'B': 0.0, 'C': 0.0}",0.0,51.5,ppo_wp6,54,hot_factory,48.67,5020,3600.4,unseen,0,,0.1976
62,"{'A': 0.0, 'B': 0.0, 'C': 0.0}",0,99.9,1.535,"{'A': 20, 'B': 30, 'C': 5}",55,679.0,52.3,10.49,"{'A': 0.0, 'B': 0.0, 'C': 0.0}",0.0,52.3,ppo_wp6,54,hot_factory,49.75,5021,3600.9,unseen,0,,0.1907
62,"{'A': 0.0, 'B': 0.0, 'C': 0.0}",0,99.9,1.584,"{'A': 19, 'B': 30, 'C': 5}",54,678.9,52.4,10.468,"{'A': 0.0, 'B': 0.0, 'C': 0.0}",0.0,52.4,ppo_wp6,53,hot_factory,48.77,5022,3600.7,unseen,0,,0.1939
62,"{'A': 0.0, 'B': 0.0, 'C': 0.0}",0,99.9,1.541,"{'A': 19, 'B': 30, 'C': 4}",53,678.9,52.8,10.38,"{'A': 0.0, 'B': 0.0, 'C': 0.0}",0.0,52.8,ppo_wp6,52,hot_factory,47.81,5023,3600.7,unseen,0,,0.1958
61,"{'A': 0.0, 'B': 0.0, 'C': 0.0}",0,99.89,1.472,"{'A': 19, 'B': 30, 'C': 4}",53,685.6,52.0,10.556,"{'A': 0.0, 'B': 0.0, 'C': 0.0}",0.0,52.0,ppo_wp6,53,hot_factory,47.72,5024,3600.9,unseen,0,,0.1992
62,"{'A': 0.0, 'B': 0.0, 'C': 0.0}",0,99.9,1.171,"{'A': 20, 'B': 30, 'C': 5}",55,689.5,52.5,10.453,"{'A': 0.0, 'B': 0.0, 'C': 0.0}",0.0,52.5,ppo_wp6,53,hot_factory,49.77,5025,3600.1,unseen,0,,0.1901
61,"{'A': 0.0, 'B': 0.0, 'C': 0.0}",0,99.9,1.287,"{'A': 19, 'B': 30, 'C': 4}",53,690.3,52.3,10.492,"{'A': 0.0, 'B': 0.0, 'C': 0.0}",0.0,52.3,ppo_wp6,54,hot_factory,47.75,5026,3600.1,unseen,0,,0.198
64,"{'A': 0.0, 'B': 0.0, 'C': 0.0}",0,99.9,1.03,"{'A': 12, 'B': 32, 'C': 4}",48,655.5,54.3,10.056,"{'A': 0.0, 'B': 0.0, 'C': 0.0}",0.0,54.3,ppo_wp6,46,hot_factory,42.97,5027,3600.9,unseen,0,,0.2095
62,"{'A': 0.0, 'B': 0.0, 'C': 0.0}",0,99.9,1.155,"{'A': 20, 'B': 30, 'C': 5}",55,678.9,52.3,10.486,"{'A': 0.0, 'B': 0.0, 'C': 0.0}",0.0,52.3,ppo_wp6,54,hot_factory,49.76,5028,3600.7,unseen,0,,0.1907
62,"{'A': 0.0, 'B': 0.0, 'C': 0.0}",0,99.9,1.039,"{'A': 13, 'B': 32, 'C': 4}",49,683.8,52.9,10.372,"{'A': 0.0, 'B': 0.0, 'C': 0.0}",0.0,52.9,ppo_wp6,47,hot_factory,43.81,5029,3600.4,unseen,0,,0.2117
49,"{'A': 23.0, 'B': 0.0, 'C': 0.0}",2,99.92,1.721,"{'A': 22, 'B': 33, 'C': 5}",60,506.7,16.1,7.751,"{'A': 0.13, 'B': 0.0, 'C': 0.0}",0.13,16.1,ppo_wp6,54,low_battery_start,56.0,5000,3600.3,seen,0,,0.1292
50,"{'A': 0.0, 'B': 0.0, 'C': 0.0}",2,99.92,1.73,"{'A': 22, 'B': 32, 'C': 5}",59,520.1,14.3,7.871,"{'A': 0.0, 'B': 0.0, 'C': 0.0}",0.0,14.3,ppo_wp6,52,low_battery_start,35.06,5001,3600.7,seen,1,below_reserve@3556s,0.1334
49,"{'A': 34.5, 'B': 0.0, 'C': 0.0}",2,99.92,1.618,"{'A': 22, 'B': 34, 'C': 5}",61,535.7,13.4,8.042,"{'A': 0.19, 'B': 0.0, 'C': 0.0}",0.19,13.4,ppo_wp6,54,low_battery_start,36.79,5002,3600.7,seen,1,below_reserve@3505s,0.1318
53,"{'A': 0.0, 'B': 0.0, 'C': 0.0}",2,99.92,1.726,"{'A': 22, 'B': 25, 'C': 6}",53,551.3,7.9,8.379,"{'A': 0.0, 'B': 0.0, 'C': 0.0}",0.0,7.9,ppo_wp6,46,low_battery_start,28.81,5003,3600.5,seen,1,below_reserve@3061s,0.1581
45,"{'A': 80.1, 'B': 0.0, 'C': 0.0}",3,99.93,1.777,"{'A': 23, 'B': 31, 'C': 4}",58,488.8,23.6,7.294,"{'A': 0.44, 'B': 0.0, 'C': 0.0}",0.44,23.6,ppo_wp6,50,low_battery_start,53.91,5004,3600.3,seen,0,,0.1258
48,"{'A': 149.6, 'B': 0.0, 'C': 0.0}",3,99.93,1.635,"{'A': 23, 'B': 34, 'C': 5}",62,493.9,20.4,7.474,"{'A': 0.83, 'B': 0.0, 'C': 0.0}",0.83,20.4,ppo_wp6,54,low_battery_start,57.43,5005,3600.4,seen,0,,0.1205
49,"{'A': 135.1, 'B': 0.0, 'C': 0.0}",2,99.92,1.625,"{'A': 23, 'B': 34, 'C': 5}",62,519.6,15.5,7.869,"{'A': 0.75, 'B': 0.0, 'C': 0.0}",0.75,15.5,ppo_wp6,53,low_battery_start,57.32,5006,3600.2,seen,0,,0.1269
46,"{'A': 26.5, 'B': 0.0, 'C': 0.0}",3,99.93,1.606,"{'A': 22, 'B': 33, 'C': 5}",60,492.2,21.6,7.45,"{'A': 0.15, 'B': 0.0, 'C': 0.0}",0.15,21.6,ppo_wp6,52,low_battery_start,56.13,5007,3601.0,seen,0,,0.1242
46,"{'A': 120.3, 'B': 0.0, 'C': 0.0}",3,99.93,1.615,"{'A': 22, 'B': 33, 'C': 5}",60,488.4,22.1,7.364,"{'A': 0.67, 'B': 0.0, 'C': 0.0}",0.67,22.1,ppo_wp6,53,low_battery_start,55.65,5008,3600.2,seen,0,,0.1227
50,"{'A': 44.2, 'B': 0.0, 'C': 0.0}",3,99.92,1.55,"{'A': 22, 'B': 34, 'C': 5}",61,534.9,13.7,8.062,"{'A': 0.25, 'B': 0.0, 'C': 0.0}",0.25,13.7,ppo_wp6,52,low_battery_start,36.72,5009,3600.6,seen,1,below_reserve@3537s,0.1322
42,"{'A': 143.5, 'B': 0.0, 'C': 0.0}",4,99.94,1.7,"{'A': 16, 'B': 35, 'C': 6}",57,427.6,34.1,6.415,"{'A': 0.8, 'B': 0.0, 'C': 0.0}",0.8,28.3,ppo_wp6,48,low_battery_start,53.0,5010,3600.5,seen,0,,0.1125
49,"{'A': 65.4, 'B': 0.0, 'C': 0.0}",3,99.92,1.856,"{'A': 22, 'B': 33, 'C': 5}",60,528.5,14.4,8.008,"{'A': 0.36, 'B': 0.0, 'C': 0.0}",0.36,14.4,ppo_wp6,52,low_battery_start,55.63,5011,3600.2,seen,0,,0.1335
50,"{'A': 30.0, 'B': 0.0, 'C': 0.0}",2,99.92,1.782,"{'A': 22, 'B': 31, 'C': 6}",59,529.6,13.5,8.019,"{'A': 0.17, 'B': 0.0, 'C': 0.0}",0.17,13.5,ppo_wp6,51,low_battery_start,34.82,5012,3600.9,seen,1,below_reserve@3484s,0.1359
47,"{'A': 84.3, 'B': 0.0, 'C': 0.0}",3,99.93,1.804,"{'A': 24, 'B': 34, 'C': 6}",64,486.0,21.9,7.394,"{'A': 0.47, 'B': 0.0, 'C': 0.0}",0.47,21.9,ppo_wp6,55,low_battery_start,59.83,5013,3600.1,seen,0,,0.1155
45,"{'A': 56.3, 'B': 0.0, 'C': 0.0}",4,99.93,1.575,"{'A': 21, 'B': 33, 'C': 5}",59,487.3,24.5,7.28,"{'A': 0.31, 'B': 0.0, 'C': 0.0}",0.31,24.5,ppo_wp6,51,low_battery_start,55.05,5014,3600.6,seen,0,,0.1234
49,"{'A': 7.2, 'B': 0.0, 'C': 0.0}",2,99.92,1.613,"{'A': 21, 'B': 32, 'C': 4}",57,515.9,16.2,7.729,"{'A': 0.04, 'B': 0.0, 'C': 0.0}",0.04,16.2,ppo_wp6,50,low_battery_start,53.1,5015,3600.9,seen,0,,0.1356
51,"{'A': 72.5, 'B': 0.0, 'C': 0.0}",2,99.92,1.721,"{'A': 24, 'B': 31, 'C': 5}",60,549.3,10.0,8.297,"{'A': 0.4, 'B': 0.0, 'C': 0.0}",0.4,10.0,ppo_wp6,54,low_battery_start,35.45,5016,3600.6,seen,1,below_reserve@3225s,0.1383
43,"{'A': 0.0, 'B': 0.0, 'C': 0.0}",3,99.93,1.642,"{'A': 20, 'B': 32, 'C': 5}",57,454.2,28.4,6.872,"{'A': 0.0, 'B': 0.0, 'C': 0.0}",0.0,20.0,ppo_wp6,53,low_battery_start,53.56,5017,3600.7,seen,0,,0.1206
51,"{'A': 104.2, 'B': 0.0, 'C': 0.0}",2,99.92,1.465,"{'A': 22, 'B': 35, 'C': 5}",62,529.9,12.3,8.037,"{'A': 0.58, 'B': 0.0, 'C': 0.0}",0.58,12.3,ppo_wp6,53,low_battery_start,37.4,5018,3600.7,seen,1,below_reserve@3391s,0.1296
38,"{'A': 186.1, 'B': 0.0, 'C': 0.0}",4,99.94,1.441,"{'A': 19, 'B': 28, 'C': 4}",51,407.2,39.2,6.115,"{'A': 1.03, 'B': 0.0, 'C': 0.0}",1.03,24.8,ppo_wp6,52,low_battery_start,46.91,5019,3600.1,seen,0,,0.1199
48,"{'A': 89.4, 'B': 0.0, 'C': 0.0}",2,99.92,1.374,"{'A': 23, 'B': 34, 'C': 5}",62,505.6,17.9,7.706,"{'A': 0.5, 'B': 0.0, 'C': 0.0}",0.5,17.9,ppo_wp6,52,low_battery_start,57.65,5020,3600.4,seen,0,,0.1243
51,"{'A': 67.2, 'B': 0.0, 'C': 0.0}",2,99.92,1.361,"{'A': 23, 'B': 32, 'C': 5}",60,536.2,12.0,8.109,"{'A': 0.37, 'B': 0.0, 'C': 0.0}",0.37,12.0,ppo_wp6,56,low_battery_start,35.57,5021,3600.9,seen,1,below_reserve@3368s,0.1352
50,"{'A': 76.1, 'B': 0.0, 'C': 0.0}",2,99.92,1.428,"{'A': 24, 'B': 35, 'C': 5}",64,529.6,13.8,7.971,"{'A': 0.42, 'B': 0.0, 'C': 0.0}",0.42,13.8,ppo_wp6,55,low_battery_start,39.59,5022,3600.9,seen,1,below_reserve@3521s,0.1245
40,"{'A': 76.3, 'B': 0.0, 'C': 0.0}",3,99.93,1.445,"{'A': 22, 'B': 33, 'C': 5}",60,452.1,31.5,6.786,"{'A': 0.42, 'B': 0.0, 'C': 0.0}",0.42,27.6,ppo_wp6,52,low_battery_start,56.18,5023,3600.3,seen,0,,0.1131
49,"{'A': 37.4, 'B': 0.0, 'C': 0.0}",2,99.92,1.654,"{'A': 24, 'B': 35, 'C': 5}",64,519.4,15.7,7.827,"{'A': 0.21, 'B': 0.0, 'C': 0.0}",0.21,15.7,ppo_wp6,54,low_battery_start,59.88,5024,3600.8,seen,0,,0.1223
51,"{'A': 49.4, 'B': 0.0, 'C': 0.0}",2,99.92,1.346,"{'A': 22, 'B': 33, 'C': 6}",61,533.7,12.0,8.115,"{'A': 0.27, 'B': 0.0, 'C': 0.0}",0.27,12.0,ppo_wp6,52,low_battery_start,36.67,5025,3600.4,seen,1,below_reserve@3400s,0.133
50,"{'A': 70.5, 'B': 0.0, 'C': 0.0}",2,99.92,1.472,"{'A': 22, 'B': 34, 'C': 5}",61,529.6,13.7,7.987,"{'A': 0.39, 'B': 0.0, 'C': 0.0}",0.39,13.7,ppo_wp6,54,low_battery_start,36.61,5026,3600.9,seen,1,below_reserve@3519s,0.1309
45,"{'A': 0.0, 'B': 0.0, 'C': 0.0}",3,99.93,1.492,"{'A': 18, 'B': 35, 'C': 5}",58,473.7,25.6,7.064,"{'A': 0.0, 'B': 0.0, 'C': 0.0}",0.0,25.6,ppo_wp6,49,low_battery_start,54.47,5027,3600.7,seen,0,,0.1218
45,"{'A': 173.5, 'B': 0.0, 'C': 0.0}",3,99.93,1.625,"{'A': 22, 'B': 32, 'C': 6}",60,470.1,25.7,7.087,"{'A': 0.96, 'B': 0.0, 'C': 0.0}",0.96,25.7,ppo_wp6,52,low_battery_start,55.49,5028,3600.3,seen,0,,0.1181
48,"{'A': 7.4, 'B': 0.0, 'C': 0.0}",3,99.93,1.744,"{'A': 17, 'B': 34, 'C': 6}",57,476.0,22.5,7.249,"{'A': 0.04, 'B': 0.0, 'C': 0.0}",0.04,22.5,ppo_wp6,49,low_battery_start,53.33,5029,3600.5,seen,0,,0.1272
61,"{'A': 0.0, 'B': 0.0, 'C': 0.0}",0,99.89,1.747,"{'A': 20, 'B': 62, 'C': 4}",86,702.2,52.0,10.568,"{'A': 0.0, 'B': 0.0, 'C': 0.0}",0.0,52.0,ppo_wp6,83,one_hot_section,80.72,5000,3600.4,seen,0,,0.1229
60,"{'A': 0.0, 'B': 0.0, 'C': 0.0}",0,99.89,1.929,"{'A': 19, 'B': 62, 'C': 4}",85,713.8,51.2,10.726,"{'A': 0.0, 'B': 0.0, 'C': 0.0}",0.0,51.2,ppo_wp6,83,one_hot_section,79.64,5001,3600.2,seen,0,,0.1262
61,"{'A': 0.0, 'B': 0.0, 'C': 0.0}",0,99.89,1.722,"{'A': 19, 'B': 59, 'C': 4}",82,701.8,52.2,10.51,"{'A': 0.0, 'B': 0.0, 'C': 0.0}",0.0,52.2,ppo_wp6,82,one_hot_section,76.75,5002,3600.5,seen,0,,0.1282
62,"{'A': 0.0, 'B': 0.0, 'C': 0.0}",0,99.9,1.752,"{'A': 19, 'B': 44, 'C': 5}",68,617.5,55.1,9.879,"{'A': 0.0, 'B': 0.0, 'C': 0.0}",0.0,55.1,ppo_wp6,69,one_hot_section,63.06,5003,3600.4,seen,0,,0.1453
61,"{'A': 0.0, 'B': 0.0, 'C': 0.0}",0,99.89,1.519,"{'A': 20, 'B': 62, 'C': 4}",86,690.3,51.4,10.682,"{'A': 0.0, 'B': 0.0, 'C': 0.0}",0.0,51.4,ppo_wp6,85,one_hot_section,80.66,5004,3600.1,seen,0,,0.1242
61,"{'A': 0.0, 'B': 0.0, 'C': 0.0}",0,99.89,1.683,"{'A': 20, 'B': 56, 'C': 4}",80,701.8,52.1,10.53,"{'A': 0.0, 'B': 0.0, 'C': 0.0}",0.0,52.1,ppo_wp6,83,one_hot_section,74.73,5005,3600.5,seen,0,,0.1316
61,"{'A': 0.0, 'B': 0.0, 'C': 0.0}",0,99.89,1.608,"{'A': 19, 'B': 61, 'C': 5}",85,702.2,51.5,10.676,"{'A': 0.0, 'B': 0.0, 'C': 0.0}",0.0,51.5,ppo_wp6,85,one_hot_section,79.66,5006,3600.6,seen,0,,0.1256
61,"{'A': 0.0, 'B': 0.0, 'C': 0.0}",0,99.89,1.684,"{'A': 20, 'B': 63, 'C': 4}",87,697.8,51.7,10.622,"{'A': 0.0, 'B': 0.0, 'C': 0.0}",0.0,51.7,ppo_wp6,87,one_hot_section,81.69,5007,3600.4,seen,0,,0.1221
60,"{'A': 0.0, 'B': 0.0, 'C': 0.0}",0,99.89,1.683,"{'A': 20, 'B': 61, 'C': 4}",85,707.1,51.5,10.668,"{'A': 0.0, 'B': 0.0, 'C': 0.0}",0.0,51.5,ppo_wp6,84,one_hot_section,79.67,5008,3600.1,seen,0,,0.1255
61,"{'A': 0.0, 'B': 0.0, 'C': 0.0}",0,99.89,1.814,"{'A': 20, 'B': 62, 'C': 4}",86,702.0,51.4,10.701,"{'A': 0.0, 'B': 0.0, 'C': 0.0}",0.0,51.4,ppo_wp6,84,one_hot_section,80.65,5009,3600.1,seen,0,,0.1244
61,"{'A': 0.0, 'B': 0.0, 'C': 0.0}",0,99.9,1.919,"{'A': 16, 'B': 60, 'C': 5}",81,684.6,52.7,10.413,"{'A': 0.0, 'B': 0.0, 'C': 0.0}",0.0,52.7,ppo_wp6,80,one_hot_section,75.79,5010,3600.5,seen,0,,0.1286
60,"{'A': 0.0, 'B': 0.0, 'C': 0.0}",0,99.89,1.651,"{'A': 20, 'B': 58, 'C': 4}",82,707.1,51.7,10.631,"{'A': 0.0, 'B': 0.0, 'C': 0.0}",0.0,51.7,ppo_wp6,82,one_hot_section,76.68,5011,3600.1,seen,0,,0.1296
61,"{'A': 0.0, 'B': 0.0, 'C': 0.0}",0,99.89,1.572,"{'A': 20, 'B': 57, 'C': 4}",81,701.6,52.1,10.54,"{'A': 0.0, 'B': 0.0, 'C': 0.0}",0.0,52.1,ppo_wp6,83,one_hot_section,75.73,5012,3600.9,seen,0,,0.1301
61,"{'A': 0.0, 'B': 0.0, 'C': 0.0}",0,99.89,1.658,"{'A': 20, 'B': 62, 'C': 4}",86,702.0,51.7,10.616,"{'A': 0.0, 'B': 0.0, 'C': 0.0}",0.0,51.7,ppo_wp6,83,one_hot_section,80.69,5013,3600.1,seen,0,,0.1234
61,"{'A': 0.0, 'B': 0.0, 'C': 0.0}",0,99.89,1.709,"{'A': 20, 'B': 60, 'C': 5}",85,702.2,51.1,10.748,"{'A': 0.0, 'B': 0.0, 'C': 0.0}",0.0,51.1,ppo_wp6,86,one_hot_section,79.63,5014,3600.6,seen,0,,0.1264
60,"{'A': 0.0, 'B': 0.0, 'C': 0.0}",0,99.89,1.545,"{'A': 20, 'B': 59, 'C': 2}",81,711.1,51.8,10.599,"{'A': 0.0, 'B': 0.0, 'C': 0.0}",0.0,51.8,ppo_wp6,83,one_hot_section,75.7,5015,3600.3,seen,0,,0.1308
61,"{'A': 0.0, 'B': 0.0, 'C': 0.0}",0,99.89,1.556,"{'A': 20, 'B': 58, 'C': 4}",82,697.3,51.9,10.584,"{'A': 0.0, 'B': 0.0, 'C': 0.0}",0.0,51.9,ppo_wp6,85,one_hot_section,76.71,5016,3600.1,seen,0,,0.1291
62,"{'A': 0.0, 'B': 0.0, 'C': 0.0}",0,99.9,1.259,"{'A': 20, 'B': 55, 'C': 4}",79,686.8,52.8,10.377,"{'A': 0.0, 'B': 0.0, 'C': 0.0}",0.0,52.8,ppo_wp6,81,one_hot_section,73.81,5017,3600.9,seen,0,,0.1313
61,"{'A': 0.0, 'B': 0.0, 'C': 0.0}",0,99.89,1.413,"{'A': 20, 'B': 60, 'C': 4}",84,702.2,52.0,10.56,"{'A': 0.0, 'B': 0.0, 'C': 0.0}",0.0,52.0,ppo_wp6,83,one_hot_section,78.72,5018,3600.6,seen,0,,0.1257
61,"{'A': 0.0, 'B': 0.0, 'C': 0.0}",0,99.9,1.293,"{'A': 21, 'B': 61, 'C': 4}",86,702.2,52.3,10.49,"{'A': 0.0, 'B': 0.0, 'C': 0.0}",0.0,52.3,ppo_wp6,84,one_hot_section,80.76,5019,3600.4,seen,0,,0.122
61,"{'A': 0.0, 'B': 0.0, 'C': 0.0}",0,99.89,1.576,"{'A': 19, 'B': 61, 'C': 4}",84,702.0,52.2,10.512,"{'A': 0.0, 'B': 0.0, 'C': 0.0}",0.0,52.2,ppo_wp6,83,one_hot_section,78.74,5020,3600.1,seen,0,,0.1251
60,"{'A': 0.0, 'B': 0.0, 'C': 0.0}",0,99.89,1.365,"{'A': 21, 'B': 62, 'C': 4}",87,707.1,51.6,10.65,"{'A': 0.0, 'B': 0.0, 'C': 0.0}",0.0,51.6,ppo_wp6,86,one_hot_section,81.67,5021,3600.1,seen,0,,0.1224
61,"{'A': 0.0, 'B': 0.0, 'C': 0.0}",0,99.89,1.496,"{'A': 20, 'B': 57, 'C': 4}",81,697.3,51.9,10.579,"{'A': 0.0, 'B': 0.0, 'C': 0.0}",0.0,51.9,ppo_wp6,82,one_hot_section,75.71,5022,3600.1,seen,0,,0.1306
62,"{'A': 0.0, 'B': 0.0, 'C': 0.0}",0,99.9,1.585,"{'A': 19, 'B': 60, 'C': 5}",84,690.6,52.3,10.491,"{'A': 0.0, 'B': 0.0, 'C': 0.0}",0.0,52.3,ppo_wp6,84,one_hot_section,78.75,5023,3600.9,seen,0,,0.1249
61,"{'A': 0.0, 'B': 0.0, 'C': 0.0}",0,99.89,1.676,"{'A': 21, 'B': 63, 'C': 4}",88,702.2,52.0,10.557,"{'A': 0.0, 'B': 0.0, 'C': 0.0}",0.0,52.0,ppo_wp6,85,one_hot_section,82.72,5024,3600.4,seen,0,,0.12
61,"{'A': 0.0, 'B': 0.0, 'C': 0.0}",0,99.9,1.601,"{'A': 19, 'B': 58, 'C': 5}",82,686.6,52.8,10.385,"{'A': 0.0, 'B': 0.0, 'C': 0.0}",0.0,52.8,ppo_wp6,83,one_hot_section,76.81,5025,3600.4,seen,0,,0.1267
61,"{'A': 0.0, 'B': 0.0, 'C': 0.0}",0,99.89,1.291,"{'A': 19, 'B': 60, 'C': 5}",84,696.3,51.8,10.595,"{'A': 0.0, 'B': 0.0, 'C': 0.0}",0.0,51.8,ppo_wp6,85,one_hot_section,78.7,5026,3600.5,seen,0,,0.1261
63,"{'A': 0.0, 'B': 0.0, 'C': 0.0}",0,99.9,1.146,"{'A': 13, 'B': 58, 'C': 4}",75,667.0,54.3,10.056,"{'A': 0.0, 'B': 0.0, 'C': 0.0}",0.0,54.3,ppo_wp6,74,one_hot_section,69.97,5027,3600.2,seen,0,,0.1341
60,"{'A': 0.0, 'B': 0.0, 'C': 0.0}",0,99.89,1.336,"{'A': 20, 'B': 59, 'C': 4}",83,707.6,52.1,10.541,"{'A': 0.0, 'B': 0.0, 'C': 0.0}",0.0,52.1,ppo_wp6,82,one_hot_section,77.73,5028,3600.3,seen,0,,0.127
61,"{'A': 0.0, 'B': 0.0, 'C': 0.0}",0,99.9,1.129,"{'A': 14, 'B': 60, 'C': 4}",78,693.5,52.5,10.453,"{'A': 0.0, 'B': 0.0, 'C': 0.0}",0.0,52.5,ppo_wp6,79,one_hot_section,72.77,5029,3600.3,seen,0,,0.134
61,"{'A': 0.0, 'B': 0.0, 'C': 0.0}",0,99.91,1.735,"{'A': 20, 'B': 12, 'C': 4}",36,550.1,57.6,9.332,"{'A': 0.0, 'B': 0.0, 'C': 0.0}",0.0,57.6,ppo_wp6,33,section_breakdown,31.33,5000,3600.6,unseen,0,,0.2592
62,"{'A': 0.0, 'B': 0.0, 'C': 0.0}",0,99.91,1.738,"{'A': 20, 'B': 10, 'C': 4}",34,526.9,58.7,9.084,"{'A': 0.0, 'B': 0.0, 'C': 0.0}",0.0,58.7,ppo_wp6,32,section_breakdown,29.46,5001,3600.9,unseen,0,,0.2672
62,"{'A': 0.0, 'B': 0.0, 'C': 0.0}",0,99.91,1.891,"{'A': 20, 'B': 9, 'C': 4}",33,541.3,58.4,9.144,"{'A': 0.0, 'B': 0.0, 'C': 0.0}",0.0,58.4,ppo_wp6,34,section_breakdown,28.43,5002,3600.9,unseen,0,,0.2771
63,"{'A': 0.0, 'B': 0.0, 'C': 0.0}",0,99.9,1.612,"{'A': 20, 'B': 15, 'C': 5}",40,585.3,56.8,9.503,"{'A': 0.0, 'B': 0.0, 'C': 0.0}",0.0,56.8,ppo_wp6,37,section_breakdown,35.25,5003,3600.7,unseen,0,,0.2376
62,"{'A': 0.0, 'B': 0.0, 'C': 0.0}",0,99.91,1.695,"{'A': 19, 'B': 12, 'C': 3}",34,527.7,59.1,9.008,"{'A': 0.0, 'B': 0.0, 'C': 0.0}",0.0,59.1,ppo_wp6,31,section_breakdown,29.5,5004,3600.1,unseen,0,,0.2649
63,"{'A': 0.0, 'B': 0.0, 'C': 0.0}",0,99.9,1.559,"{'A': 20, 'B': 17, 'C': 4}",41,631.9,56.0,9.691,"{'A': 0.0, 'B': 0.0, 'C': 0.0}",0.0,56.0,ppo_wp6,40,section_breakdown,36.15,5005,3600.2,unseen,0,,0.2364
60,"{'A': 0.0, 'B': 0.0, 'C': 0.0}",0,99.9,1.699,"{'A': 20, 'B': 19, 'C': 4}",43,640.5,54.5,10.005,"{'A': 0.0, 'B': 0.0, 'C': 0.0}",0.0,54.5,ppo_wp6,41,section_breakdown,38.0,5006,3600.2,unseen,0,,0.2327
63,"{'A': 0.0, 'B': 0.0, 'C': 0.0}",0,99.91,1.636,"{'A': 21, 'B': 17, 'C': 4}",42,585.1,57.2,9.422,"{'A': 0.0, 'B': 0.0, 'C': 0.0}",0.0,57.2,ppo_wp6,41,section_breakdown,37.29,5007,3600.3,unseen,0,,0.2243
60,"{'A': 0.0, 'B': 0.0, 'C': 0.0}",0,99.9,1.916,"{'A': 23, 'B': 14, 'C': 4}",41,643.7,54.2,10.074,"{'A': 0.0, 'B': 0.0, 'C': 0.0}",0.0,54.2,ppo_wp6,38,section_breakdown,35.96,5008,3600.4,unseen,0,,0.2457
62,"{'A': 0.0, 'B': 0.0, 'C': 0.0}",0,99.91,1.924,"{'A': 21, 'B': 13, 'C': 4}",38,590.1,56.9,9.474,"{'A': 0.0, 'B': 0.0, 'C': 0.0}",0.0,56.9,ppo_wp6,35,section_breakdown,33.26,5009,3601.0,unseen,0,,0.2493
43,"{'A': 0.0, 'B': 0.0, 'C': 0.0}",1,99.93,1.737,"{'A': 14, 'B': 8, 'C': 3}",25,410.9,95.8,6.606,"{'A': 0.0, 'B': 0.0, 'C': 0.0}",0.0,70.0,ppo_wp6,24,section_breakdown,21.7,5010,3600.7,unseen,0,,0.2643
62,"{'A': 0.0, 'B': 0.0, 'C': 0.0}",0,99.91,1.555,"{'A': 19, 'B': 16, 'C': 4}",39,575.3,57.5,9.355,"{'A': 0.0, 'B': 0.0, 'C': 0.0}",0.0,57.5,ppo_wp6,37,section_breakdown,34.32,5011,3600.1,unseen,0,,0.2399
61,"{'A': 0.0, 'B': 0.0, 'C': 0.0}",0,99.91,1.592,"{'A': 20, 'B': 7, 'C': 5}",32,550.0,57.7,9.299,"{'A': 0.0, 'B': 0.0, 'C': 0.0}",0.0,57.7,ppo_wp6,31,section_breakdown,27.35,5012,3600.2,unseen,0,,0.2906
63,"{'A': 0.0, 'B': 0.0, 'C': 0.0}",0,99.91,1.553,"{'A': 19, 'B': 11, 'C': 4}",34,525.0,59.1,9.004,"{'A': 0.0, 'B': 0.0, 'C': 0.0}",0.0,59.1,ppo_wp6,32,section_breakdown,29.5,5013,3600.2,unseen,0,,0.2648
62,"{'A': 0.0, 'B': 0.0, 'C': 0.0}",0,99.91,1.564,"{'A': 19, 'B': 12, 'C': 5}",36,584.1,57.1,9.447,"{'A': 0.0, 'B': 0.0, 'C': 0.0}",0.0,57.1,ppo_wp6,34,section_breakdown,31.28,5014,3600.8,unseen,0,,0.2624
61,"{'A': 0.0, 'B': 0.0, 'C': 0.0}",0,99.9,1.567,"{'A': 20, 'B': 13, 'C': 3}",36,616.8,56.5,9.573,"{'A': 0.0, 'B': 0.0, 'C': 0.0}",0.0,56.5,ppo_wp6,33,section_breakdown,31.21,5015,3600.4,unseen,0,,0.2659
62,"{'A': 0.0, 'B': 0.0, 'C': 0.0}",0,99.91,1.274,"{'A': 20, 'B': 17, 'C': 4}",41,564.8,57.6,9.328,"{'A': 0.0, 'B': 0.0, 'C': 0.0}",0.0,57.6,ppo_wp6,39,section_breakdown,36.34,5016,3600.1,unseen,0,,0.2275
62,"{'A': 0.0, 'B': 0.0, 'C': 0.0}",0,99.91,1.506,"{'A': 21, 'B': 7, 'C': 4}",32,546.1,58.7,9.088,"{'A': 0.0, 'B': 0.0, 'C': 0.0}",0.0,58.7,ppo_wp6,30,section_breakdown,27.46,5017,3600.3,unseen,0,,0.284
63,"{'A': 0.0, 'B': 0.0, 'C': 0.0}",0,99.91,1.47,"{'A': 20, 'B': 20, 'C': 4}",44,596.7,56.9,9.477,"{'A': 0.0, 'B': 0.0, 'C': 0.0}",0.0,56.9,ppo_wp6,42,section_breakdown,39.26,5018,3600.1,unseen,0,,0.2154
63,"{'A': 0.0, 'B': 0.0, 'C': 0.0}",0,99.91,1.598,"{'A': 21, 'B': 11, 'C': 4}",36,526.8,58.8,9.073,"{'A': 0.0, 'B': 0.0, 'C': 0.0}",0.0,58.8,ppo_wp6,34,section_breakdown,31.46,5019,3600.9,unseen,0,,0.252
63,"{'A': 0.0, 'B': 0.0, 'C': 0.0}",0,99.91,1.471,"{'A': 19, 'B': 11, 'C': 4}",34,554.0,58.6,9.115,"{'A': 0.0, 'B': 0.0, 'C': 0.0}",0.0,58.6,ppo_wp6,34,section_breakdown,29.44,5020,3600.6,unseen,0,,0.2681
62,"{'A': 0.0, 'B': 0.0, 'C': 0.0}",0,99.9,1.484,"{'A': 21, 'B': 22, 'C': 4}",47,626.1,55.8,9.721,"{'A': 0.0, 'B': 0.0, 'C': 0.0}",0.0,55.8,ppo_wp6,45,section_breakdown,42.14,5021,3600.3,unseen,0,,0.2068
63,"{'A': 0.0, 'B': 0.0, 'C': 0.0}",0,99.9,1.541,"{'A': 19, 'B': 23, 'C': 5}",47,620.2,56.1,9.651,"{'A': 0.0, 'B': 0.0, 'C': 0.0}",0.0,56.1,ppo_wp6,46,section_breakdown,42.17,5022,3600.2,unseen,0,,0.2053
63,"{'A': 0.0, 'B': 0.0, 'C': 0.0}",0,99.91,1.564,"{'A': 20, 'B': 11, 'C': 4}",35,573.3,58.0,9.237,"{'A': 0.0, 'B': 0.0, 'C': 0.0}",0.0,58.0,ppo_wp6,34,section_breakdown,30.38,5023,3600.0,unseen,0,,0.2639
61,"{'A': 0.0, 'B': 0.0, 'C': 0.0}",0,99.9,1.446,"{'A': 20, 'B': 14, 'C': 4}",38,608.6,56.2,9.635,"{'A': 0.0, 'B': 0.0, 'C': 0.0}",0.0,56.2,ppo_wp6,36,section_breakdown,33.18,5024,3600.5,unseen,0,,0.2536
63,"{'A': 0.0, 'B': 0.0, 'C': 0.0}",0,99.9,1.22,"{'A': 20, 'B': 15, 'C': 4}",39,608.7,56.7,9.532,"{'A': 0.0, 'B': 0.0, 'C': 0.0}",0.0,56.7,ppo_wp6,38,section_breakdown,34.23,5025,3600.8,unseen,0,,0.2444
62,"{'A': 0.0, 'B': 0.0, 'C': 0.0}",0,99.9,1.154,"{'A': 20, 'B': 18, 'C': 5}",43,620.3,55.7,9.745,"{'A': 0.0, 'B': 0.0, 'C': 0.0}",0.0,55.7,ppo_wp6,40,section_breakdown,38.13,5026,3600.6,unseen,0,,0.2266
60,"{'A': 0.0, 'B': 0.0, 'C': 0.0}",2,99.93,1.361,"{'A': 14, 'B': 8, 'C': 4}",26,414.1,73.9,6.685,"{'A': 0.0, 'B': 0.0, 'C': 0.0}",0.0,73.9,ppo_wp6,24,section_breakdown,22.66,5027,3600.9,unseen,0,,0.2571
62,"{'A': 0.0, 'B': 0.0, 'C': 0.0}",0,99.9,1.059,"{'A': 21, 'B': 20, 'C': 4}",45,655.3,55.3,9.836,"{'A': 0.0, 'B': 0.0, 'C': 0.0}",0.0,55.3,ppo_wp6,43,section_breakdown,40.08,5028,3600.4,unseen,0,,0.2186
63,"{'A': 0.0, 'B': 0.0, 'C': 0.0}",0,99.91,1.063,"{'A': 14, 'B': 21, 'C': 4}",39,603.5,57.0,9.458,"{'A': 0.0, 'B': 0.0, 'C': 0.0}",0.0,57.0,ppo_wp6,40,section_breakdown,34.27,5029,3600.4,unseen,0,,0.2425
60,"{'A': 45.2, 'B': 0.0, 'C': 484.4}",0,99.89,1.892,"{'A': 19, 'B': 32, 'C': 4}",55,713.7,52.2,10.515,"{'A': 0.25, 'B': 0.0, 'C': 0.67}",0.92,52.2,ppo_wp6,56,small_buffers,48.82,5000,3600.1,unseen,0,,0.1912
59,"{'A': 23.7, 'B': 0.0, 'C': 312.5}",0,99.89,1.693,"{'A': 19, 'B': 31, 'C': 4}",54,705.9,52.2,10.519,"{'A': 0.13, 'B': 0.0, 'C': 0.43}",0.57,52.2,ppo_wp6,53,small_buffers,48.17,5001,3600.0,unseen,0,,0.1948
60,"{'A': 45.5, 'B': 0.0, 'C': 408.8}",0,99.9,1.606,"{'A': 20, 'B': 30, 'C': 4}",54,702.2,52.7,10.414,"{'A': 0.25, 'B': 0.0, 'C': 0.57}",0.82,52.7,ppo_wp6,52,small_buffers,47.97,5002,3600.5,unseen,0,,0.1928
61,"{'A': 0.0, 'B': 0.0, 'C': 439.4}",0,99.9,1.534,"{'A': 19, 'B': 21, 'C': 4}",44,632.2,55.0,9.9,"{'A': 0.0, 'B': 0.0, 'C': 0.61}",0.61,55.0,ppo_wp6,44,small_buffers,38.44,5003,3600.9,unseen,0,,0.225
58,"{'A': 0.0, 'B': 0.0, 'C': 367.0}",0,99.89,1.578,"{'A': 22, 'B': 28, 'C': 3}",53,733.7,51.2,10.728,"{'A': 0.0, 'B': 0.0, 'C': 0.51}",0.51,51.2,ppo_wp6,53,small_buffers,47.13,5004,3600.3,unseen,0,,0.2024
60,"{'A': 0.0, 'B': 0.0, 'C': 414.1}",0,99.9,1.544,"{'A': 20, 'B': 30, 'C': 3}",53,702.2,53.3,10.283,"{'A': 0.0, 'B': 0.0, 'C': 0.58}",0.58,53.3,ppo_wp6,52,small_buffers,47.28,5005,3600.4,unseen,0,,0.194
59,"{'A': 0.0, 'B': 0.0, 'C': 465.8}",0,99.89,1.533,"{'A': 20, 'B': 31, 'C': 4}",55,712.9,51.6,10.648,"{'A': 0.0, 'B': 0.0, 'C': 0.65}",0.65,51.6,ppo_wp6,55,small_buffers,49.03,5006,3600.0,unseen,0,,0.1936
58,"{'A': 0.0, 'B': 0.0, 'C': 479.4}",0,99.89,1.541,"{'A': 20, 'B': 30, 'C': 4}",54,729.5,51.7,10.636,"{'A': 0.0, 'B': 0.0, 'C': 0.67}",0.67,51.7,ppo_wp6,55,small_buffers,48.02,5007,3600.4,unseen,0,,0.197
58,"{'A': 0.0, 'B': 0.0, 'C': 517.4}",0,99.89,1.465,"{'A': 21, 'B': 28, 'C': 4}",53,729.2,51.0,10.787,"{'A': 0.0, 'B': 0.0, 'C': 0.72}",0.72,51.0,ppo_wp6,54,small_buffers,46.89,5008,3600.8,unseen,0,,0.2035
60,"{'A': 0.0, 'B': 0.0, 'C': 568.0}",0,99.89,1.543,"{'A': 20, 'B': 30, 'C': 4}",54,702.2,52.3,10.503,"{'A': 0.0, 'B': 0.0, 'C': 0.79}",0.79,52.3,ppo_wp6,53,small_buffers,47.96,5009,3600.5,unseen,0,,0.1945
62,"{'A': 0.0, 'B': 0.0, 'C': 425.5}",0,99.9,1.552,"{'A': 14, 'B': 29, 'C': 4}",47,666.9,54.7,9.966,"{'A': 0.0, 'B': 0.0, 'C': 0.59}",0.59,54.7,ppo_wp6,46,small_buffers,41.43,5010,3600.0,unseen,0,,0.212
58,"{'A': 9.7, 'B': 0.0, 'C': 385.3}",0,99.9,1.372,"{'A': 19, 'B': 28, 'C': 3}",50,681.9,52.5,10.448,"{'A': 0.05, 'B': 0.0, 'C': 0.54}",0.59,52.5,ppo_wp6,51,small_buffers,44.19,5011,3600.5,unseen,0,,0.209
59,"{'A': 0.0, 'B': 0.0, 'C': 584.2}",0,99.89,1.407,"{'A': 20, 'B': 29, 'C': 4}",53,723.4,52.1,10.532,"{'A': 0.0, 'B': 0.0, 'C': 0.81}",0.81,52.1,ppo_wp6,53,small_buffers,46.92,5012,3600.9,unseen,0,,0.1987
59,"{'A': 0.0, 'B': 0.0, 'C': 439.7}",0,99.89,1.496,"{'A': 19, 'B': 31, 'C': 4}",54,721.5,52.2,10.508,"{'A': 0.0, 'B': 0.0, 'C': 0.61}",0.61,52.2,ppo_wp6,53,small_buffers,48.14,5013,3600.9,unseen,0,,0.1946
57,"{'A': 0.0, 'B': 0.0, 'C': 368.1}",0,99.89,1.552,"{'A': 20, 'B': 30, 'C': 4}",54,742.6,49.9,11.015,"{'A': 0.0, 'B': 0.0, 'C': 0.51}",0.51,49.9,ppo_wp6,54,small_buffers,47.98,5014,3600.0,unseen,0,,0.204
58,"{'A': 0.0, 'B': 0.0, 'C': 201.0}",0,99.9,1.705,"{'A': 20, 'B': 31, 'C': 2}",53,690.3,52.8,10.388,"{'A': 0.0, 'B': 0.0, 'C': 0.28}",0.28,52.8,ppo_wp6,52,small_buffers,47.53,5015,3600.1,unseen,0,,0.196
59,"{'A': 0.0, 'B': 0.0, 'C': 459.0}",0,99.89,1.341,"{'A': 19, 'B': 29, 'C': 4}",52,725.4,51.8,10.614,"{'A': 0.0, 'B': 0.0, 'C': 0.64}",0.64,51.8,ppo_wp6,53,small_buffers,46.06,5016,3600.1,unseen,0,,0.2041
60,"{'A': 0.4, 'B': 0.0, 'C': 409.0}",0,99.9,1.312,"{'A': 20, 'B': 31, 'C': 4}",55,708.9,52.6,10.424,"{'A': 0.0, 'B': 0.0, 'C': 0.57}",0.57,52.6,ppo_wp6,54,small_buffers,49.22,5017,3600.6,unseen,0,,0.1895
62,"{'A': 0.0, 'B': 0.0, 'C': 539.9}",0,99.9,1.207,"{'A': 20, 'B': 30, 'C': 3}",53,678.9,54.3,10.054,"{'A': 0.0, 'B': 0.0, 'C': 0.75}",0.75,54.3,ppo_wp6,54,small_buffers,47.22,5018,3600.7,unseen,0,,0.1897
60,"{'A': 0.0, 'B': 0.0, 'C': 438.0}",0,99.9,1.231,"{'A': 19, 'B': 29, 'C': 3}",51,713.9,52.6,10.437,"{'A': 0.0, 'B': 0.0, 'C': 0.61}",0.61,52.6,ppo_wp6,52,small_buffers,45.17,5019,3600.4,unseen,0,,0.2046
58,"{'A': 0.0, 'B': 0.0, 'C': 389.5}",0,99.9,1.036,"{'A': 20, 'B': 29, 'C': 3}",52,716.2,52.4,10.464,"{'A': 0.0, 'B': 0.0, 'C': 0.54}",0.54,52.4,ppo_wp6,51,small_buffers,46.23,5020,3600.3,unseen,0,,0.2012
59,"{'A': 0.0, 'B': 0.0, 'C': 491.9}",0,99.9,1.271,"{'A': 20, 'B': 28, 'C': 4}",52,713.4,52.5,10.453,"{'A': 0.0, 'B': 0.0, 'C': 0.68}",0.68,52.5,ppo_wp6,52,small_buffers,46.09,5021,3600.3,unseen,0,,0.201
61,"{'A': 0.0, 'B': 0.0, 'C': 463.1}",0,99.9,0.865,"{'A': 18, 'B': 30, 'C': 4}",52,700.9,53.1,10.307,"{'A': 0.0, 'B': 0.0, 'C': 0.64}",0.64,53.1,ppo_wp6,52,small_buffers,46.2,5022,3600.2,unseen,0,,0.1982
60,"{'A': 121.6, 'B': 0.0, 'C': 373.6}",0,99.9,1.216,"{'A': 19, 'B': 29, 'C': 4}",52,688.9,52.9,10.365,"{'A': 0.68, 'B': 0.0, 'C': 0.52}",1.19,52.9,ppo_wp6,52,small_buffers,45.62,5023,3600.3,unseen,0,,0.1993
59,"{'A': 134.7, 'B': 0.0, 'C': 313.0}",0,99.9,0.871,"{'A': 18, 'B': 29, 'C': 4}",51,695.9,52.5,10.448,"{'A': 0.75, 'B': 0.0, 'C': 0.43}",1.18,52.5,ppo_wp6,52,small_buffers,44.59,5024,3600.3,unseen,0,,0.2049
61,"{'A': 130.1, 'B': 0.0, 'C': 527.7}",0,99.9,1.012,"{'A': 19, 'B': 29, 'C': 4}",52,690.5,53.4,10.245,"{'A': 0.72, 'B': 0.0, 'C': 0.73}",1.46,53.4,ppo_wp6,51,small_buffers,45.42,5025,3600.4,unseen,0,,0.197
60,"{'A': 102.0, 'B': 0.0, 'C': 434.7}",0,99.9,0.915,"{'A': 19, 'B': 28, 'C': 4}",51,690.6,52.8,10.377,"{'A': 0.57, 'B': 0.0, 'C': 0.6}",1.17,52.8,ppo_wp6,51,small_buffers,44.64,5026,3600.8,unseen,0,,0.2035
63,"{'A': 0.0, 'B': 0.0, 'C': 356.9}",0,99.9,0.848,"{'A': 12, 'B': 29, 'C': 4}",45,655.3,55.3,9.828,"{'A': 0.0, 'B': 0.0, 'C': 0.5}",0.5,55.3,ppo_wp6,46,small_buffers,39.59,5027,3600.3,unseen,0,,0.2184
60,"{'A': 0.0, 'B': 0.0, 'C': 505.9}",0,99.9,0.886,"{'A': 19, 'B': 29, 'C': 4}",52,702.1,53.2,10.302,"{'A': 0.0, 'B': 0.0, 'C': 0.7}",0.7,53.2,ppo_wp6,53,small_buffers,46.15,5028,3600.2,unseen,0,,0.1981
61,"{'A': 0.0, 'B': 0.0, 'C': 531.9}",0,99.9,0.915,"{'A': 13, 'B': 30, 'C': 4}",47,673.8,53.6,10.218,"{'A': 0.0, 'B': 0.0, 'C': 0.74}",0.74,53.6,ppo_wp6,46,small_buffers,41.15,5029,3600.7,unseen,0,,0.2174
62,"{'A': 0.0, 'B': 0.0, 'C': 0.0}",0,44.89,1.763,"{'A': 20, 'B': 29, 'C': 4}",53,690.3,50.7,10.854,"{'A': 0.0, 'B': 0.0, 'C': 0.0}",0.0,50.7,ppo_wp6,52,worn_robot,47.57,5000,3600.1,seen,0,,0.2048
62,"{'A': 0.0, 'B': 0.0, 'C': 0.0}",0,44.89,1.603,"{'A': 19, 'B': 32, 'C': 4}",55,690.7,50.2,10.951,"{'A': 0.0, 'B': 0.0, 'C': 0.0}",0.0,50.2,ppo_wp6,53,worn_robot,49.52,5001,3601.0,seen,0,,0.1991
62,"{'A': 0.0, 'B': 0.0, 'C': 0.0}",0,44.89,1.655,"{'A': 20, 'B': 31, 'C': 5}",56,690.5,50.7,10.855,"{'A': 0.0, 'B': 0.0, 'C': 0.0}",0.0,50.7,ppo_wp6,54,worn_robot,50.57,5002,3600.4,seen,0,,0.1938
62,"{'A': 0.0, 'B': 0.0, 'C': 0.0}",0,44.9,1.614,"{'A': 19, 'B': 23, 'C': 5}",47,620.4,53.0,10.347,"{'A': 0.0, 'B': 0.0, 'C': 0.0}",0.0,53.0,ppo_wp6,45,worn_robot,41.83,5003,3600.7,seen,0,,0.2201
60,"{'A': 0.0, 'B': 0.0, 'C': 0.0}",0,44.89,1.561,"{'A': 21, 'B': 29, 'C': 4}",54,691.9,49.1,11.19,"{'A': 0.0, 'B': 0.0, 'C': 0.0}",0.0,49.1,ppo_wp6,54,worn_robot,48.41,5004,3600.1,seen,0,,0.2072
62,"{'A': 0.0, 'B': 0.0, 'C': 0.0}",0,44.89,1.527,"{'A': 20, 'B': 30, 'C': 3}",53,667.1,51.8,10.606,"{'A': 0.0, 'B': 0.0, 'C': 0.0}",0.0,51.8,ppo_wp6,50,worn_robot,47.7,5005,3600.5,seen,0,,0.2001
61,"{'A': 0.0, 'B': 0.0, 'C': 0.0}",0,44.89,1.515,"{'A': 21, 'B': 30, 'C': 4}",55,702.4,49.2,11.176,"{'A': 0.0, 'B': 0.0, 'C': 0.0}",0.0,49.2,ppo_wp6,56,worn_robot,49.41,5006,3600.9,seen,0,,0.2032
61,"{'A': 0.0, 'B': 0.0, 'C': 0.0}",0,44.89,1.417,"{'A': 21, 'B': 32, 'C': 4}",57,702.1,49.3,11.151,"{'A': 0.0, 'B': 0.0, 'C': 0.0}",0.0,49.3,ppo_wp6,55,worn_robot,51.42,5007,3600.4,seen,0,,0.1956
61,"{'A': 0.0, 'B': 0.0, 'C': 0.0}",0,44.89,1.494,"{'A': 20, 'B': 31, 'C': 4}",55,690.5,49.8,11.04,"{'A': 0.0, 'B': 0.0, 'C': 0.0}",0.0,49.8,ppo_wp6,54,worn_robot,49.48,5008,3600.5,seen,0,,0.2007
61,"{'A': 0.0, 'B': 0.0, 'C': 0.0}",0,44.89,1.512,"{'A': 20, 'B': 31, 'C': 4}",55,702.1,48.8,11.266,"{'A': 0.0, 'B': 0.0, 'C': 0.0}",0.0,48.8,ppo_wp6,52,worn_robot,49.37,5009,3600.4,seen,0,,0.2048
62,"{'A': 0.0, 'B': 0.0, 'C': 0.0}",0,44.89,1.457,"{'A': 15, 'B': 32, 'C': 5}",52,675.4,51.2,10.737,"{'A': 0.0, 'B': 0.0, 'C': 0.0}",0.0,51.2,ppo_wp6,49,worn_robot,46.63,5010,3600.8,seen,0,,0.2065
62,"{'A': 0.0, 'B': 0.0, 'C': 0.0}",0,44.89,1.51,"{'A': 20, 'B': 32, 'C': 4}",56,686.6,50.8,10.825,"{'A': 0.0, 'B': 0.0, 'C': 0.0}",0.0,50.8,ppo_wp6,54,worn_robot,50.59,5011,3600.5,seen,0,,0.1933
61,"{'A': 0.0, 'B': 0.0, 'C': 0.0}",0,44.89,1.542,"{'A': 21, 'B': 30, 'C': 5}",56,685.1,50.0,10.995,"{'A': 0.0, 'B': 0.0, 'C': 0.0}",0.0,50.0,ppo_wp6,54,worn_robot,50.5,5012,3600.6,seen,0,,0.1963
61,"{'A': 0.0, 'B': 0.0, 'C': 0.0}",0,44.89,1.564,"{'A': 20, 'B': 29, 'C': 4}",53,678.8,50.6,10.874,"{'A': 0.0, 'B': 0.0, 'C': 0.0}",0.0,50.6,ppo_wp6,53,worn_robot,47.56,5013,3600.5,seen,0,,0.2052
62,"{'A': 0.0, 'B': 0.0, 'C': 0.0}",0,44.89,1.449,"{'A': 20, 'B': 29, 'C': 4}",53,690.4,49.9,11.02,"{'A': 0.0, 'B': 0.0, 'C': 0.0}",0.0,49.9,ppo_wp6,54,worn_robot,47.49,5014,3600.3,seen,0,,0.2079
62,"{'A': 0.0, 'B': 0.0, 'C': 0.0}",0,44.89,1.184,"{'A': 19, 'B': 30, 'C': 3}",52,689.2,51.0,10.77,"{'A': 0.0, 'B': 0.0, 'C': 0.0}",0.0,51.0,ppo_wp6,50,worn_robot,46.61,5015,3600.3,seen,0,,0.2071
61,"{'A': 0.0, 'B': 0.0, 'C': 0.0}",0,44.89,1.181,"{'A': 19, 'B': 31, 'C': 5}",55,681.8,50.2,10.962,"{'A': 0.0, 'B': 0.0, 'C': 0.0}",0.0,50.2,ppo_wp6,55,worn_robot,49.52,5016,3600.2,seen,0,,0.1993
61,"{'A': 0.0, 'B': 0.0, 'C': 0.0}",0,44.89,1.159,"{'A': 20, 'B': 30, 'C': 4}",54,701.9,49.5,11.116,"{'A': 0.0, 'B': 0.0, 'C': 0.0}",0.0,49.5,ppo_wp6,54,worn_robot,48.44,5017,3600.8,seen,0,,0.2059
62,"{'A': 0.0, 'B': 0.0, 'C': 0.0}",0,44.89,1.061,"{'A': 20, 'B': 29, 'C': 4}",53,671.0,51.4,10.688,"{'A': 0.0, 'B': 0.0, 'C': 0.0}",0.0,51.4,ppo_wp6,55,worn_robot,47.66,5018,3600.6,seen,0,,0.2017
61,"{'A': 0.0, 'B': 0.0, 'C': 0.0}",0,44.89,0.962,"{'A': 20, 'B': 30, 'C': 4}",54,678.8,50.6,10.857,"{'A': 0.0, 'B': 0.0, 'C': 0.0}",0.0,50.6,ppo_wp6,53,worn_robot,48.57,5019,3600.5,seen,0,,0.2011
60,"{'A': 0.0, 'B': 0.0, 'C': 0.0}",0,44.89,1.219,"{'A': 21, 'B': 30, 'C': 4}",55,713.7,48.8,11.257,"{'A': 0.0, 'B': 0.0, 'C': 0.0}",0.0,48.8,ppo_wp6,54,worn_robot,49.37,5020,3600.1,seen,0,,0.2047
62,"{'A': 0.0, 'B': 0.0, 'C': 0.0}",0,44.89,0.919,"{'A': 20, 'B': 30, 'C': 5}",55,679.0,50.5,10.889,"{'A': 0.0, 'B': 0.0, 'C': 0.0}",0.0,50.5,ppo_wp6,54,worn_robot,49.56,5021,3600.9,seen,0,,0.198
62,"{'A': 0.0, 'B': 0.0, 'C': 0.0}",0,44.89,1.025,"{'A': 20, 'B': 31, 'C': 4}",55,679.0,50.6,10.862,"{'A': 0.0, 'B': 0.0, 'C': 0.0}",0.0,50.6,ppo_wp6,55,worn_robot,49.57,5022,3600.9,seen,0,,0.1975
62,"{'A': 0.0, 'B': 0.0, 'C': 0.0}",0,44.89,0.968,"{'A': 19, 'B': 30, 'C': 4}",53,678.9,51.1,10.768,"{'A': 0.0, 'B': 0.0, 'C': 0.0}",0.0,51.1,ppo_wp6,52,worn_robot,47.62,5023,3600.7,seen,0,,0.2032
60,"{'A': 0.0, 'B': 0.0, 'C': 0.0}",0,44.89,0.899,"{'A': 20, 'B': 32, 'C': 4}",56,706.6,49.3,11.162,"{'A': 0.0, 'B': 0.0, 'C': 0.0}",0.0,49.3,ppo_wp6,54,worn_robot,50.42,5024,3600.8,seen,0,,0.1993
62,"{'A': 0.0, 'B': 0.0, 'C': 0.0}",0,44.89,0.853,"{'A': 20, 'B': 30, 'C': 5}",55,689.5,50.7,10.848,"{'A': 0.0, 'B': 0.0, 'C': 0.0}",0.0,50.7,ppo_wp6,53,worn_robot,49.58,5025,3600.1,seen,0,,0.1972
61,"{'A': 0.0, 'B': 0.0, 'C': 0.0}",0,44.89,0.83,"{'A': 20, 'B': 31, 'C': 5}",56,690.5,50.1,10.982,"{'A': 0.0, 'B': 0.0, 'C': 0.0}",0.0,50.1,ppo_wp6,55,worn_robot,50.51,5026,3600.5,seen,0,,0.1961
64,"{'A': 0.0, 'B': 0.0, 'C': 0.0}",0,44.9,0.863,"{'A': 12, 'B': 32, 'C': 4}",48,655.5,52.7,10.417,"{'A': 0.0, 'B': 0.0, 'C': 0.0}",0.0,52.7,ppo_wp6,46,worn_robot,42.79,5027,3600.9,seen,0,,0.217
61,"{'A': 0.0, 'B': 0.0, 'C': 0.0}",0,44.89,0.921,"{'A': 20, 'B': 30, 'C': 4}",54,678.8,50.8,10.815,"{'A': 0.0, 'B': 0.0, 'C': 0.0}",0.0,50.8,ppo_wp6,53,worn_robot,48.59,5028,3600.6,seen,0,,0.2003
62,"{'A': 0.0, 'B': 0.0, 'C': 0.0}",0,44.89,0.845,"{'A': 13, 'B': 31, 'C': 4}",48,678.8,51.1,10.765,"{'A': 0.0, 'B': 0.0, 'C': 0.0}",0.0,51.1,ppo_wp6,47,worn_robot,42.62,5029,3600.5,seen,0,,0.2243
