
  config   : config/run.yaml
  scenario : heavy_load - Worst realistic day - double production, heavier parts and a half-charged robot.
  model    : ns
  planner  : ThetaStar
  view     : headless
  shift    : 1200.0 s simulated
  seed     : 5001     dashboard: false     build: false

[run] 1/3  sourcing ROS 2 Jazzy ...
[run] 2/3  skipping build (build: false)
[run] 3/3  sourcing the workspace and launching ...

  The robot starts on the blue charger (south-west) and begins by itself after ~30 s.
  Sections: A red (north-west), B yellow (north-east), C purple (south-east);
  delivery point green (south-centre).
  Watch it:  http://localhost:8000   (read-only dashboard: model, planner, live results)
  Results:   logs/<run_id>_mission_summary.yaml when the shift ends
  Stop:      Ctrl+C here, then ./scripts/stop.sh

[INFO] [launch]: All log files can be found below /home/robojazzy/.ros/log/2026-09-20-09-34-00-012262-DESKTOP-NOCCT0U-15508
[INFO] [launch]: Default logging verbosity is set to INFO
[INFO] [gazebo-1]: process started with pid [15559]
[INFO] [robot_state_publisher-2]: process started with pid [15560]
[INFO] [create-3]: process started with pid [15562]
[INFO] [parameter_bridge-4]: process started with pid [15563]
[INFO] [map_server-5]: process started with pid [15564]
[INFO] [amcl-6]: process started with pid [15565]
[INFO] [lifecycle_manager-7]: process started with pid [15566]
[INFO] [controller_server-8]: process started with pid [15567]
[INFO] [smoother_server-9]: process started with pid [15568]
[INFO] [planner_server-10]: process started with pid [15569]
[INFO] [route_server-11]: process started with pid [15570]
[INFO] [behavior_server-12]: process started with pid [15571]
[INFO] [bt_navigator-13]: process started with pid [15572]
[INFO] [waypoint_follower-14]: process started with pid [15573]
[INFO] [velocity_smoother-15]: process started with pid [15576]
[INFO] [collision_monitor-16]: process started with pid [15577]
[INFO] [opennav_docking-17]: process started with pid [15578]
[INFO] [lifecycle_manager-18]: process started with pid [15579]
[robot_state_publisher-2] [INFO] [1789889640.967643784] [robot_state_publisher]: Robot initialized
[planner_server-10] [INFO] [1789889640.986176504] [planner_server]: 
[planner_server-10] 	planner_server lifecycle node launched. 
[planner_server-10] 	Waiting on external lifecycle transitions to activate
[planner_server-10] 	See https://design.ros2.org/articles/node_lifecycle.html for more information.
[planner_server-10] [INFO] [1789889640.989492750] [planner_server]: Creating
[create-3] [INFO] [1789889641.007861387] [ros_gz_sim]: Requesting list of world names.
[smoother_server-9] [INFO] [1789889641.017106888] [smoother_server]: 
[smoother_server-9] 	smoother_server lifecycle node launched. 
[smoother_server-9] 	Waiting on external lifecycle transitions to activate
[smoother_server-9] 	See https://design.ros2.org/articles/node_lifecycle.html for more information.
[smoother_server-9] [INFO] [1789889641.022101040] [smoother_server]: Creating smoother server
[lifecycle_manager-7] [INFO] [1789889641.024692983] [lifecycle_manager_localization]: Creating
[amcl-6] [INFO] [1789889641.048456813] [amcl]: 
[amcl-6] 	amcl lifecycle node launched. 
[amcl-6] 	Waiting on external lifecycle transitions to activate
[amcl-6] 	See https://design.ros2.org/articles/node_lifecycle.html for more information.
[amcl-6] [INFO] [1789889641.049120635] [amcl]: Creating
[lifecycle_manager-7] [INFO] [1789889641.066178518] [lifecycle_manager_localization]: [34m[1mCreating and initializing lifecycle service clients[0m[0m
[behavior_server-12] [INFO] [1789889641.088045102] [behavior_server]: 
[behavior_server-12] 	behavior_server lifecycle node launched. 
[behavior_server-12] 	Waiting on external lifecycle transitions to activate
[behavior_server-12] 	See https://design.ros2.org/articles/node_lifecycle.html for more information.
[lifecycle_manager-18] [INFO] [1789889641.091577650] [lifecycle_manager_navigation]: Creating
[bt_navigator-13] [INFO] [1789889641.108243216] [bt_navigator]: 
[bt_navigator-13] 	bt_navigator lifecycle node launched. 
[bt_navigator-13] 	Waiting on external lifecycle transitions to activate
[bt_navigator-13] 	See https://design.ros2.org/articles/node_lifecycle.html for more information.
[controller_server-8] [INFO] [1789889641.111927951] [controller_server]: 
[controller_server-8] 	controller_server lifecycle node launched. 
[controller_server-8] 	Waiting on external lifecycle transitions to activate
[controller_server-8] 	See https://design.ros2.org/articles/node_lifecycle.html for more information.
[lifecycle_manager-18] [INFO] [1789889641.120320891] [lifecycle_manager_navigation]: [34m[1mCreating and initializing lifecycle service clients[0m[0m
[bt_navigator-13] [INFO] [1789889641.120440110] [bt_navigator]: Creating
[opennav_docking-17] [INFO] [1789889641.133274632] [docking_server]: 
[opennav_docking-17] 	docking_server lifecycle node launched. 
[opennav_docking-17] 	Waiting on external lifecycle transitions to activate
[opennav_docking-17] 	See https://design.ros2.org/articles/node_lifecycle.html for more information.
[opennav_docking-17] [INFO] [1789889641.133449128] [docking_server]: Creating docking_server
[lifecycle_manager-7] [INFO] [1789889641.136523326] [lifecycle_manager_localization]: [34m[1mStarting managed nodes bringup...[0m[0m
[lifecycle_manager-7] [INFO] [1789889641.136570735] [lifecycle_manager_localization]: [34m[1mConfiguring map_server[0m[0m
[controller_server-8] [INFO] [1789889641.138284222] [controller_server]: Creating controller server
[map_server-5] [INFO] [1789889641.141879219] [map_server]: 
[map_server-5] 	map_server lifecycle node launched. 
[map_server-5] 	Waiting on external lifecycle transitions to activate
[map_server-5] 	See https://design.ros2.org/articles/node_lifecycle.html for more information.
[planner_server-10] [INFO] [1789889641.142299822] [global_costmap.global_costmap]: 
[planner_server-10] 	global_costmap lifecycle node launched. 
[planner_server-10] 	Waiting on external lifecycle transitions to activate
[planner_server-10] 	See https://design.ros2.org/articles/node_lifecycle.html for more information.
[map_server-5] [INFO] [1789889641.142513261] [map_server]: Creating
[planner_server-10] [INFO] [1789889641.144428235] [global_costmap.global_costmap]: Creating Costmap
[collision_monitor-16] [INFO] [1789889641.145551603] [collision_monitor]: 
[collision_monitor-16] 	collision_monitor lifecycle node launched. 
[collision_monitor-16] 	Waiting on external lifecycle transitions to activate
[collision_monitor-16] 	See https://design.ros2.org/articles/node_lifecycle.html for more information.
[waypoint_follower-14] [INFO] [1789889641.148980171] [waypoint_follower]: 
[waypoint_follower-14] 	waypoint_follower lifecycle node launched. 
[waypoint_follower-14] 	Waiting on external lifecycle transitions to activate
[waypoint_follower-14] 	See https://design.ros2.org/articles/node_lifecycle.html for more information.
[waypoint_follower-14] [INFO] [1789889641.149886515] [waypoint_follower]: Creating
[route_server-11] [INFO] [1789889641.164768875] [route_server]: 
[route_server-11] 	route_server lifecycle node launched. 
[route_server-11] 	Waiting on external lifecycle transitions to activate
[route_server-11] 	See https://design.ros2.org/articles/node_lifecycle.html for more information.
[velocity_smoother-15] [INFO] [1789889641.164825745] [velocity_smoother]: 
[velocity_smoother-15] 	velocity_smoother lifecycle node launched. 
[velocity_smoother-15] 	Waiting on external lifecycle transitions to activate
[velocity_smoother-15] 	See https://design.ros2.org/articles/node_lifecycle.html for more information.
[controller_server-8] [INFO] [1789889641.194018573] [local_costmap.local_costmap]: 
[controller_server-8] 	local_costmap lifecycle node launched. 
[controller_server-8] 	Waiting on external lifecycle transitions to activate
[controller_server-8] 	See https://design.ros2.org/articles/node_lifecycle.html for more information.
[controller_server-8] [INFO] [1789889641.196873256] [local_costmap.local_costmap]: Creating Costmap
[map_server-5] [INFO] [1789889641.440781059] [map_server]: Configuring
[map_server-5] [INFO] [1789889641.440947786] [map_io]: Loading yaml file: /home/robojazzy/robofetch_ws_copy/robofetch_ws/install/robofetch_nav/share/robofetch_nav/maps/factory_maze.yaml
[map_server-5] [INFO] [1789889641.441197479] [map_io]: resolution: 0.05
[map_server-5] [INFO] [1789889641.441207538] [map_io]: origin[0]: -7.75
[map_server-5] [INFO] [1789889641.441212020] [map_io]: origin[1]: -5.5
[map_server-5] [INFO] [1789889641.441215407] [map_io]: origin[2]: 0
[map_server-5] [INFO] [1789889641.441218793] [map_io]: free_thresh: 0.196
[map_server-5] [INFO] [1789889641.441222080] [map_io]: occupied_thresh: 0.65
[map_server-5] [INFO] [1789889641.441225964] [map_io]: mode: trinary
[map_server-5] [INFO] [1789889641.441229450] [map_io]: negate: 0
[map_server-5] [INFO] [1789889641.441432132] [map_io]: Loading image_file: /home/robojazzy/robofetch_ws_copy/robofetch_ws/install/robofetch_nav/share/robofetch_nav/maps/factory_maze.pgm
[map_server-5] [INFO] [1789889641.443655861] [map_io]: Read map /home/robojazzy/robofetch_ws_copy/robofetch_ws/install/robofetch_nav/share/robofetch_nav/maps/factory_maze.pgm: 310 X 220 map @ 0.05 m/cell
[lifecycle_manager-7] [INFO] [1789889641.461171299] [lifecycle_manager_localization]: [34m[1mConfiguring amcl[0m[0m
[amcl-6] [INFO] [1789889641.461552660] [amcl]: Configuring
[amcl-6] [INFO] [1789889641.461621582] [amcl]: initTransforms
[amcl-6] [INFO] [1789889641.481284356] [amcl]: initPubSub
[amcl-6] [INFO] [1789889641.496130363] [amcl]: Subscribed to map topic.
[lifecycle_manager-7] [INFO] [1789889641.508724554] [lifecycle_manager_localization]: [34m[1mActivating map_server[0m[0m
[map_server-5] [INFO] [1789889641.509157010] [map_server]: Activating
[map_server-5] [INFO] [1789889641.509569446] [map_server]: Creating bond (map_server) to lifecycle manager.
[amcl-6] [INFO] [1789889641.509874515] [amcl]: Received a 310 X 220 map @ 0.050 m/pix
[lifecycle_manager-7] [INFO] [1789889641.620857676] [lifecycle_manager_localization]: Server map_server connected with bond.
[lifecycle_manager-7] [INFO] [1789889641.620918132] [lifecycle_manager_localization]: [34m[1mActivating amcl[0m[0m
[amcl-6] [INFO] [1789889641.621259654] [amcl]: Activating
[amcl-6] [INFO] [1789889641.621291326] [amcl]: initialPoseReceived
[amcl-6] [INFO] [1789889641.621340528] [amcl]: Setting pose (0.000000): -5.225 -2.975 0.000
[amcl-6] [INFO] [1789889641.621738223] [amcl]: Creating bond (amcl) to lifecycle manager.
[gazebo-1] [1;32m[Msg] [0m[1;32mGazebo Sim Server v[0m[1;32m8.11.0[0m[1;32m[0m
[gazebo-1] [1;32m[Msg] [0m[1;32mLoading SDF world file[[0m[1;32m/home/robojazzy/robofetch_ws_copy/robofetch_ws/install/robofetch_gazebo/share/robofetch_gazebo/worlds/factory_maze.sdf[0m[1;32m].[0m
[gazebo-1] [1;32m[Msg] [0m[1;32mServing entity system service on [[0m[1;32m/[0m[1;32mentity/system/add[0m[1;32m][0m[1;32m[0m
[gazebo-1] [1;36m[Dbg] [Physics.cc:906] [0m[1;36mLoaded [[0m[1;36mgz::physics::dartsim::Plugin[0m[1;36m] from library [[0m[1;36m/opt/ros/jazzy/opt/gz_physics_vendor/lib/gz-physics-7/engine-plugins/libgz-physics-dartsim-plugin.so[0m[1;36m][0m[1;36m[0m
[gazebo-1] [1;36m[Dbg] [SystemManager.cc:80] [0m[1;36mLoaded system [[0m[1;36mgz::sim::systems::Physics[0m[1;36m] for entity [[0m[1;36m1[0m[1;36m][0m[1;36m[0m
[gazebo-1] [1;36m[Dbg] [SystemManager.cc:80] [0m[1;36mLoaded system [[0m[1;36mgz::sim::systems::SceneBroadcaster[0m[1;36m] for entity [[0m[1;36m1[0m[1;36m][0m[1;36m[0m
[gazebo-1] [1;32m[Msg] [0m[1;32mCreate[0m[1;32m service on [[0m[1;32m/world/factory_maze/create_multiple[0m[1;32m] (async)[0m[1;32m[0m
[gazebo-1] [1;32m[Msg] [0m[1;32mCreate[0m[1;32m service on [[0m[1;32m/world/factory_maze/create_multiple/blocking[0m[1;32m] (blocking)[0m[1;32m[0m
[gazebo-1] [1;32m[Msg] [0m[1;32mRemove[0m[1;32m service on [[0m[1;32m/world/factory_maze/remove[0m[1;32m] (async)[0m[1;32m[0m
[gazebo-1] [1;32m[Msg] [0m[1;32mRemove[0m[1;32m service on [[0m[1;32m/world/factory_maze/remove/blocking[0m[1;32m] (blocking)[0m[1;32m[0m
[gazebo-1] [1;32m[Msg] [0m[1;32mPose[0m[1;32m service on [[0m[1;32m/world/factory_maze/set_pose[0m[1;32m] (async)[0m[1;32m[0m
[gazebo-1] [1;32m[Msg] [0m[1;32mPose[0m[1;32m service on [[0m[1;32m/world/factory_maze/set_pose/blocking[0m[1;32m] (blocking)[0m[1;32m[0m
[gazebo-1] [1;32m[Msg] [0m[1;32mPose[0m[1;32m service on [[0m[1;32m/world/factory_maze/set_pose_vector[0m[1;32m] (async)[0m[1;32m[0m
[gazebo-1] [1;32m[Msg] [0m[1;32mPose[0m[1;32m service on [[0m[1;32m/world/factory_maze/set_pose_vector/blocking[0m[1;32m] (blocking)[0m[1;32m[0m
[gazebo-1] [1;32m[Msg] [0m[1;32mLight configuration[0m[1;32m service on [[0m[1;32m/world/factory_maze/light_config[0m[1;32m] (async)[0m[1;32m[0m
[gazebo-1] [1;32m[Msg] [0m[1;32mLight configuration[0m[1;32m service on [[0m[1;32m/world/factory_maze/light_config/blocking[0m[1;32m] (blocking)[0m[1;32m[0m
[gazebo-1] [1;32m[Msg] [0m[1;32mPhysics[0m[1;32m service on [[0m[1;32m/world/factory_maze/set_physics[0m[1;32m] (async)[0m[1;32m[0m
[gazebo-1] [1;32m[Msg] [0m[1;32mPhysics[0m[1;32m service on [[0m[1;32m/world/factory_maze/set_physics/blocking[0m[1;32m] (blocking)[0m[1;32m[0m
[gazebo-1] [1;32m[Msg] [0m[1;32mSphericalCoordinates[0m[1;32m service on [[0m[1;32m/world/factory_maze/set_spherical_coordinates[0m[1;32m] (async)[0m[1;32m[0m
[gazebo-1] [1;32m[Msg] [0m[1;32mSphericalCoordinates[0m[1;32m service on [[0m[1;32m/world/factory_maze/set_spherical_coordinates/blocking[0m[1;32m] (blocking)[0m[1;32m[0m
[gazebo-1] [1;32m[Msg] [0m[1;32mEnable collision[0m[1;32m service on [[0m[1;32m/world/factory_maze/enable_collision[0m[1;32m] (async)[0m[1;32m[0m
[gazebo-1] [1;32m[Msg] [0m[1;32mEnable collision[0m[1;32m service on [[0m[1;32m/world/factory_maze/enable_collision/blocking[0m[1;32m] (blocking)[0m[1;32m[0m
[gazebo-1] [1;32m[Msg] [0m[1;32mDisable collision[0m[1;32m service on [[0m[1;32m/world/factory_maze/disable_collision[0m[1;32m] (async)[0m[1;32m[0m
[gazebo-1] [1;32m[Msg] [0m[1;32mDisable collision[0m[1;32m service on [[0m[1;32m/world/factory_maze/disable_collision/blocking[0m[1;32m] (blocking)[0m[1;32m[0m
[gazebo-1] [1;32m[Msg] [0m[1;32mMaterial[0m[1;32m service on [[0m[1;32m/world/factory_maze/visual_config[0m[1;32m] (async)[0m[1;32m[0m
[gazebo-1] [1;32m[Msg] [0m[1;32mMaterial[0m[1;32m service on [[0m[1;32m/world/factory_maze/visual_config/blocking[0m[1;32m] (blocking)[0m[1;32m[0m
[gazebo-1] [1;32m[Msg] [0m[1;32mMaterial[0m[1;32m service on [[0m[1;32m/world/factory_maze/wheel_slip[0m[1;32m] (async)[0m[1;32m[0m
[lifecycle_manager-7] [INFO] [1789889641.730334613] [lifecycle_manager_localization]: Server amcl connected with bond.
[lifecycle_manager-7] [INFO] [1789889641.730402141] [lifecycle_manager_localization]: [34m[1mManaged nodes are active[0m[0m
[lifecycle_manager-7] [INFO] [1789889641.730413495] [lifecycle_manager_localization]: [34m[1mCreating bond timer...[0m[0m
[create-3] [INFO] [1789889641.783475825] [ros_gz_sim]: Waiting messages on topic [/robot_description].
[create-3] [INFO] [1789889641.795562365] [ros_gz_sim]: Entity creation successful.
[INFO] [create-3]: process has finished cleanly [pid 15562]
[parameter_bridge-4] [INFO] [1789889642.036285881] [ros_gz_bridge]: Creating ROS->GZ Bridge: [cmd_vel (geometry_msgs/msg/Twist) -> cmd_vel (gz.msgs.Twist)] (Lazy 0)
[parameter_bridge-4] [INFO] [1789889642.041225585] [ros_gz_bridge]: Creating GZ->ROS Bridge: [odom (gz.msgs.Odometry) -> odom (nav_msgs/msg/Odometry)] (Lazy 0)
[parameter_bridge-4] [INFO] [1789889642.046206711] [ros_gz_bridge]: Creating GZ->ROS Bridge: [tf (gz.msgs.Pose_V) -> tf (tf2_msgs/msg/TFMessage)] (Lazy 0)
[parameter_bridge-4] [INFO] [1789889642.051589397] [ros_gz_bridge]: Creating GZ->ROS Bridge: [joint_states (gz.msgs.Model) -> joint_states (sensor_msgs/msg/JointState)] (Lazy 0)
[parameter_bridge-4] [INFO] [1789889642.057242511] [ros_gz_bridge]: Creating GZ->ROS Bridge: [scan (gz.msgs.LaserScan) -> scan (sensor_msgs/msg/LaserScan)] (Lazy 0)
[parameter_bridge-4] [INFO] [1789889642.061393831] [ros_gz_bridge]: Creating GZ->ROS Bridge: [clock (gz.msgs.Clock) -> clock (rosgraph_msgs/msg/Clock)] (Lazy 0)
[parameter_bridge-4] [INFO] [1789889642.065827328] [ros_gz_bridge]: Creating GZ->ROS Bridge: [/model/robofetch/pose (gz.msgs.Pose) -> /model/robofetch/pose (geometry_msgs/msg/Pose)] (Lazy 0)
[lifecycle_manager-18] [INFO] [1789889642.201581138] [lifecycle_manager_navigation]: [34m[1mStarting managed nodes bringup...[0m[0m
[lifecycle_manager-18] [INFO] [1789889642.201642971] [lifecycle_manager_navigation]: [34m[1mConfiguring controller_server[0m[0m
[controller_server-8] [INFO] [1789889642.202043137] [controller_server]: Configuring controller interface
[controller_server-8] [INFO] [1789889642.202071614] [controller_server]: getting progress checker plugins..
[controller_server-8] [INFO] [1789889642.202348316] [controller_server]: getting goal checker plugins..
[controller_server-8] [INFO] [1789889642.202492392] [controller_server]: Controller frequency set to 10.0000Hz
[controller_server-8] [INFO] [1789889642.202535405] [local_costmap.local_costmap]: Configuring
[controller_server-8] [INFO] [1789889642.219087712] [local_costmap.local_costmap]: Using plugin "voxel_layer"
[controller_server-8] [INFO] [1789889642.225132829] [local_costmap.local_costmap]: Subscribed to Topics: scan
[controller_server-8] [INFO] [1789889642.246656105] [local_costmap.local_costmap]: Initialized plugin "voxel_layer"
[controller_server-8] [INFO] [1789889642.246703401] [local_costmap.local_costmap]: Using plugin "inflation_layer"
[controller_server-8] [INFO] [1789889642.248853986] [local_costmap.local_costmap]: Initialized plugin "inflation_layer"
[controller_server-8] [INFO] [1789889642.282665936] [controller_server]: Created progress_checker : progress_checker of type nav2_controller::SimpleProgressChecker
[controller_server-8] [INFO] [1789889642.283235569] [controller_server]: Controller Server has progress_checker  progress checkers available.
[controller_server-8] [INFO] [1789889642.284017980] [controller_server]: Created goal checker : general_goal_checker of type nav2_controller::SimpleGoalChecker
[controller_server-8] [INFO] [1789889642.285760334] [controller_server]: Controller Server has general_goal_checker  goal checkers available.
[controller_server-8] [INFO] [1789889642.287571190] [controller_server]: Created controller : FollowPath of type nav2_mppi_controller::MPPIController
[controller_server-8] [INFO] [1789889642.296803602] [controller_server]: Controller period is equal to model dt. Control sequence shifting is ON
[controller_server-8] [INFO] [1789889642.299946091] [controller_server]: ConstraintCritic instantiated with 1 power and 4.000000 weight.
[controller_server-8] [INFO] [1789889642.300008720] [controller_server]: Critic loaded : mppi::critics::ConstraintCritic
[controller_server-8] [INFO] [1789889642.304256720] [controller_server]: InflationCostCritic instantiated with 1 power and 300.000000 / 0.015000 weights. Critic will collision check based on circular cost.
[controller_server-8] [INFO] [1789889642.304304812] [controller_server]: Critic loaded : mppi::critics::CostCritic
[controller_server-8] [INFO] [1789889642.306035615] [controller_server]: GoalCritic instantiated with 1 power and 5.000000 weight.
[controller_server-8] [INFO] [1789889642.306080620] [controller_server]: Critic loaded : mppi::critics::GoalCritic
[controller_server-8] [INFO] [1789889642.308105450] [controller_server]: GoalAngleCritic instantiated with 1 power, 3.000000 weight, 0.500000 angular threshold and symmetric_yaw_tolerance disabled
[controller_server-8] [INFO] [1789889642.308160412] [controller_server]: Critic loaded : mppi::critics::GoalAngleCritic
[controller_server-8] [INFO] [1789889642.311484415] [controller_server]: ReferenceTrajectoryCritic instantiated with 1 power and 14.000000 weight
[controller_server-8] [INFO] [1789889642.311542165] [controller_server]: Critic loaded : mppi::critics::PathAlignCritic
[controller_server-8] [INFO] [1789889642.313889100] [controller_server]: Critic loaded : mppi::critics::PathFollowCritic
[controller_server-8] [INFO] [1789889642.316925946] [controller_server]: PathAngleCritic instantiated with 1 power and 2.000000 weight. Mode set to: Forward Preference
[controller_server-8] [INFO] [1789889642.316979813] [controller_server]: Critic loaded : mppi::critics::PathAngleCritic
[controller_server-8] [INFO] [1789889642.318700460] [controller_server]: PreferForwardCritic instantiated with 1 power and 5.000000 weight.
[controller_server-8] [INFO] [1789889642.318748253] [controller_server]: Critic loaded : mppi::critics::PreferForwardCritic
[controller_server-8] [INFO] [1789889642.320110453] [controller_server]: Optimizer reset
[controller_server-8] [INFO] [1789889642.328973564] [MPPIController]: Configured MPPI Controller: FollowPath
[controller_server-8] [INFO] [1789889642.329047444] [controller_server]: Controller Server has FollowPath  controllers available.
[lifecycle_manager-18] [INFO] [1789889642.346309876] [lifecycle_manager_navigation]: [34m[1mConfiguring smoother_server[0m[0m
[smoother_server-9] [INFO] [1789889642.346637855] [smoother_server]: Configuring smoother server
[smoother_server-9] [INFO] [1789889642.366674272] [smoother_server]: Created smoother : simple_smoother of type nav2_smoother::SimpleSmoother
[smoother_server-9] [INFO] [1789889642.369123264] [smoother_server]: Smoother Server has simple_smoother  smoothers available.
[lifecycle_manager-18] [INFO] [1789889642.382265641] [lifecycle_manager_navigation]: [34m[1mConfiguring planner_server[0m[0m
[planner_server-10] [INFO] [1789889642.382662820] [planner_server]: Configuring
[planner_server-10] [INFO] [1789889642.382691496] [global_costmap.global_costmap]: Configuring
[planner_server-10] [INFO] [1789889642.398879083] [global_costmap.global_costmap]: Using plugin "static_layer"
[planner_server-10] [INFO] [1789889642.404531202] [global_costmap.global_costmap]: Subscribing to the map topic (/map) with transient local durability
[planner_server-10] [INFO] [1789889642.407508009] [global_costmap.global_costmap]: Initialized plugin "static_layer"
[planner_server-10] [INFO] [1789889642.407556797] [global_costmap.global_costmap]: Using plugin "obstacle_layer"
[planner_server-10] [INFO] [1789889642.409868086] [global_costmap.global_costmap]: Subscribed to Topics: scan
[planner_server-10] [INFO] [1789889642.418789147] [global_costmap.global_costmap]: Initialized plugin "obstacle_layer"
[planner_server-10] [INFO] [1789889642.418839429] [global_costmap.global_costmap]: Using plugin "inflation_layer"
[planner_server-10] [INFO] [1789889642.420735815] [global_costmap.global_costmap]: Initialized plugin "inflation_layer"
[planner_server-10] [INFO] [1789889642.465602584] [global_costmap.global_costmap]: StaticLayer: Resizing costmap to 310 X 220 at 0.050000 m/pix
[planner_server-10] [INFO] [1789889642.466359406] [planner_server]: Created global planner plugin GridBased of type nav2_theta_star_planner::ThetaStarPlanner
[planner_server-10] [INFO] [1789889642.469300368] [planner_server]: Created global planner plugin NavfnDijkstra of type nav2_navfn_planner::NavfnPlanner
[planner_server-10] [INFO] [1789889642.469353936] [planner_server]: Configuring plugin NavfnDijkstra of type NavfnPlanner
[planner_server-10] [INFO] [1789889642.473165726] [planner_server]: Created global planner plugin NavfnAStar of type nav2_navfn_planner::NavfnPlanner
[planner_server-10] [INFO] [1789889642.473237216] [planner_server]: Configuring plugin NavfnAStar of type NavfnPlanner
[planner_server-10] [INFO] [1789889642.487485204] [planner_server]: Created global planner plugin Smac2D of type nav2_smac_planner::SmacPlanner2D
[planner_server-10] [INFO] [1789889642.487558785] [planner_server]: Configuring Smac2D of type SmacPlanner2D
[planner_server-10] [INFO] [1789889642.496354986] [planner_server]: Configured plugin Smac2D of type SmacPlanner2D with tolerance 0.25, maximum iterations 1000000, max on approach iterations 1000, and allowing unknown traversal.
[planner_server-10] [INFO] [1789889642.497213368] [planner_server]: Created global planner plugin ThetaStar of type nav2_theta_star_planner::ThetaStarPlanner
[planner_server-10] [INFO] [1789889642.503394894] [planner_server]: Created global planner plugin SmacLattice of type nav2_smac_planner::SmacPlannerLattice
[planner_server-10] [INFO] [1789889642.503539468] [planner_server]: Configuring SmacLattice of type SmacPlannerLattice
[planner_server-10] [INFO] [1789889642.515482340] [planner_server]: Even sized heuristic lookup table size set 400.000000, increasing size by 1 to make odd
[planner_server-10] [INFO] [1789889642.914160249] [planner_server]: Configured plugin SmacLattice of type SmacPlannerLattice with maximum iterations 1000000, max on approach iterations 1000, and allowing unknown traversal. Tolerance 0.25. Using motion model: State Lattice. State lattice file: /opt/ros/jazzy/share/nav2_smac_planner/sample_primitives/5cm_resolution/0.5m_turning_radius/diff/output.json.
[planner_server-10] [INFO] [1789889642.914271467] [planner_server]: Planner Server has GridBased NavfnDijkstra NavfnAStar Smac2D ThetaStar SmacLattice  planners available.
[lifecycle_manager-18] [INFO] [1789889642.940376996] [lifecycle_manager_navigation]: [34m[1mConfiguring route_server[0m[0m
[route_server-11] [INFO] [1789889642.940715928] [route_server]: Configuring
[route_server-11] [INFO] [1789889642.989571520] [route_server]: Created GraphFileLoader GeoJsonGraphFileLoader of type nav2_route::GeoJsonGraphFileLoader
[route_server-11] [INFO] [1789889642.989624391] [route_server]: Configuring geojson graph file loader
[route_server-11] [INFO] [1789889642.989633153] [route_server]: Loading graph file from /opt/ros/jazzy/share/nav2_route/graphs/sample_graph.geojson, by parser nav2_route::GeoJsonGraphFileLoader
[route_server-11] [INFO] [1789889642.995554705] [route_server]: Created edge cost function plugin DistanceScorer of type nav2_route::DistanceScorer
[route_server-11] [INFO] [1789889642.995603793] [route_server]: Configuring distance scorer.
[route_server-11] [INFO] [1789889642.996856965] [route_server]: Created edge cost function plugin CostmapScorer of type nav2_route::CostmapScorer
[route_server-11] [INFO] [1789889642.996908143] [route_server]: Configuring costmap scorer.
[route_server-11] [INFO] [1789889643.004194805] [route_server]: Created route operation AdjustSpeedLimit of type nav2_route::AdjustSpeedLimit
[route_server-11] [INFO] [1789889643.004281208] [route_server]: Configuring Adjust speed limit operation.
[route_server-11] [INFO] [1789889643.008100871] [route_server]: Created route operation ReroutingService of type nav2_route::ReroutingService
[route_server-11] [INFO] [1789889643.008155121] [route_server]: Configuring Rerouting service operation.
[route_server-11] [INFO] [1789889643.011261061] [route_server]: Created route operation CollisionMonitor of type nav2_route::CollisionMonitor
[route_server-11] [INFO] [1789889643.011723239] [route_server]: Using costmap topic: local_costmap/costmap_raw instead of server costmap topic: global_costmap/costmap_raw for CollisionMonitor.
[lifecycle_manager-18] [INFO] [1789889643.021474170] [lifecycle_manager_navigation]: [34m[1mConfiguring behavior_server[0m[0m
[behavior_server-12] [INFO] [1789889643.021811720] [behavior_server]: Configuring
[behavior_server-12] [INFO] [1789889643.031373817] [behavior_server]: Creating behavior plugin spin of type nav2_behaviors::Spin
[behavior_server-12] [INFO] [1789889643.032908571] [behavior_server]: Creating behavior plugin backup of type nav2_behaviors::BackUp
[behavior_server-12] [INFO] [1789889643.034330542] [behavior_server]: Creating behavior plugin drive_on_heading of type nav2_behaviors::DriveOnHeading
[behavior_server-12] [INFO] [1789889643.035540487] [behavior_server]: Creating behavior plugin assisted_teleop of type nav2_behaviors::AssistedTeleop
[behavior_server-12] [INFO] [1789889643.037823803] [behavior_server]: Creating behavior plugin wait of type nav2_behaviors::Wait
[behavior_server-12] [INFO] [1789889643.049798723] [behavior_server]: Configuring spin
[behavior_server-12] [INFO] [1789889643.064311590] [behavior_server]: Configuring backup
[behavior_server-12] [INFO] [1789889643.076244900] [behavior_server]: Configuring drive_on_heading
[behavior_server-12] [INFO] [1789889643.088850823] [behavior_server]: Configuring assisted_teleop
[behavior_server-12] [INFO] [1789889643.104598918] [behavior_server]: Configuring wait
[lifecycle_manager-18] [INFO] [1789889643.118130093] [lifecycle_manager_navigation]: [34m[1mConfiguring velocity_smoother[0m[0m
[velocity_smoother-15] [INFO] [1789889643.118560715] [velocity_smoother]: Configuring velocity smoother
[lifecycle_manager-18] [INFO] [1789889643.131778927] [lifecycle_manager_navigation]: [34m[1mConfiguring collision_monitor[0m[0m
[collision_monitor-16] [INFO] [1789889643.132220599] [collision_monitor]: Configuring
[collision_monitor-16] [INFO] [1789889643.147312607] [collision_monitor]: [scan]: Creating Scan
[collision_monitor-16] [INFO] [1789889643.152247947] [collision_monitor]: [FootprintApproach]: Creating Polygon
[collision_monitor-16] [INFO] [1789889643.152761091] [collision_monitor]: [FootprintApproach]: Polygon points are not defined. Using dynamic subscription instead.
[collision_monitor-16] [INFO] [1789889643.156607033] [collision_monitor]: [FootprintApproach]: Making footprint subscriber on /local_costmap/published_footprint topic
[lifecycle_manager-18] [INFO] [1789889643.181674839] [lifecycle_manager_navigation]: [34m[1mConfiguring bt_navigator[0m[0m
[bt_navigator-13] [INFO] [1789889643.182197141] [bt_navigator]: Configuring
[bt_navigator-13] [INFO] [1789889643.196602004] [bt_navigator]: Creating navigator id navigate_to_pose of type nav2_bt_navigator::NavigateToPoseNavigator
[gazebo-1] [1;32m[Msg] [0m[1;32mMaterial[0m[1;32m service on [[0m[1;32m/world/factory_maze/wheel_slip/blocking[0m[1;32m] (blocking)[0m[1;32m[0m
[gazebo-1] [1;36m[Dbg] [SystemManager.cc:80] [0m[1;36mLoaded system [[0m[1;36mgz::sim::systems::UserCommands[0m[1;36m] for entity [[0m[1;36m1[0m[1;36m][0m[1;36m[0m
[gazebo-1] [1;36m[Dbg] [SystemManager.cc:80] [0m[1;36mLoaded system [[0m[1;36mgz::sim::systems::Contact[0m[1;36m] for entity [[0m[1;36m1[0m[1;36m][0m[1;36m[0m
[gazebo-1] [1;36m[Dbg] [Sensors.cc:697] [0m[1;36mConfiguring Sensors system[0m[1;36m[0m
[gazebo-1] [1;36m[Dbg] [Sensors.cc:557] [0m[1;36mSensorsPrivate::Run[0m[1;36m[0m
[gazebo-1] [1;36m[Dbg] [SystemManager.cc:80] [0m[1;36mLoaded system [[0m[1;36mgz::sim::systems::Sensors[0m[1;36m] for entity [[0m[1;36m1[0m[1;36m][0m[1;36m[0m
[gazebo-1] [1;36m[Dbg] [Sensors.cc:532] [0m[1;36mSensorsPrivate::RenderThread started[0m[1;36m[0m
[gazebo-1] [1;36m[Dbg] [Sensors.cc:337] [0m[1;36mWaiting for init[0m[1;36m[0m
[gazebo-1] [1;32m[Msg] [0m[1;32mLoaded level [[0m[1;32mdefault[0m[1;32m][0m[1;32m[0m
[gazebo-1] [1;32m[Msg] [0m[1;32mServing world controls on [[0m[1;32m/world/factory_maze[0m[1;32m/control], [[0m[1;32m/world/factory_maze[0m[1;32m/control/state] and [[0m[1;32m/world/factory_maze[0m[1;32m/playback/control][0m[1;32m[0m
[gazebo-1] [1;32m[Msg] [0m[1;32mServing GUI information on [[0m[1;32m/world/factory_maze[0m[1;32m/[0m[1;32mgui/info[0m[1;32m][0m[1;32m[0m
[gazebo-1] [1;32m[Msg] [0m[1;32mWorld [[0m[1;32mfactory_maze[0m[1;32m] initialized with [[0m[1;32mstep[0m[1;32m] physics profile.[0m[1;32m[0m
[gazebo-1] [1;32m[Msg] [0m[1;32mServing world SDF generation service on [[0m[1;32m/world/factory_maze[0m[1;32m/[0m[1;32mgenerate_world_sdf[0m[1;32m][0m[1;32m[0m
[gazebo-1] [1;32m[Msg] [0m[1;32mServing world names on [[0m[1;32m/gazebo/worlds[0m[1;32m][0m[1;32m[0m
[gazebo-1] [1;32m[Msg] [0m[1;32mResource path add service on [[0m[1;32m/gazebo/resource_paths/add[0m[1;32m].[0m[1;32m[0m
[gazebo-1] [1;32m[Msg] [0m[1;32mResource path get service on [[0m[1;32m/gazebo/resource_paths/get[0m[1;32m].[0m[1;32m[0m
[gazebo-1] [1;32m[Msg] [0m[1;32mResource path resolve service on [[0m[1;32m/gazebo/resource_paths/resolve[0m[1;32m].[0m[1;32m[0m
[gazebo-1] [1;32m[Msg] [0m[1;32mResource paths published on [[0m[1;32m/gazebo/resource_paths[0m[1;32m].[0m[1;32m[0m
[gazebo-1] [1;32m[Msg] [0m[1;32mServer control service on [[0m[1;32m/server_control[0m[1;32m].[0m[1;32m[0m
[gazebo-1] [1;32m[Msg] [0m[1;32mFound no publishers on /stats, adding root stats topic[0m[1;32m[0m
[gazebo-1] [1;32m[Msg] [0m[1;32mFound no publishers on /clock, adding root clock topic[0m[1;32m[0m
[gazebo-1] [1;36m[Dbg] [SimulationRunner.cc:551] [0m[1;36mCreating PostUpdate worker threads: [0m[1;36m4[0m[1;36m[0m
[gazebo-1] [1;36m[Dbg] [SimulationRunner.cc:562] [0m[1;36mCreating postupdate worker thread ([0m[1;36m0[0m[1;36m)[0m[1;36m[0m
[gazebo-1] [1;36m[Dbg] [SimulationRunner.cc:562] [0m[1;36mCreating postupdate worker thread ([0m[1;36m1[0m[1;36m)[0m[1;36m[0m
[gazebo-1] [1;36m[Dbg] [SimulationRunner.cc:562] [0m[1;36mCreating postupdate worker thread ([0m[1;36m2[0m[1;36m)[0m[1;36m[0m
[gazebo-1] [1;33mWarning [Utils.cc:132][0m [/sdf/model[@name="robofetch"]/link[@name="base_footprint"]/sensor[@name="lidar"]/gz_frame_id:<urdf-string>:L0]: XML Element[gz_frame_id], child of element[sensor], not defined in SDF. Copying[gz_frame_id] as children of [sensor].
[bt_navigator-13] [INFO] [1789889643.347930906] [bt_navigator]: Creating navigator id navigate_through_poses of type nav2_bt_navigator::NavigateThroughPosesNavigator
[lifecycle_manager-18] [INFO] [1789889643.408368319] [lifecycle_manager_navigation]: [34m[1mConfiguring waypoint_follower[0m[0m
[waypoint_follower-14] [INFO] [1789889643.409148836] [waypoint_follower]: Configuring
[waypoint_follower-14] [INFO] [1789889643.457267508] [waypoint_follower]: Created waypoint_task_executor : wait_at_waypoint of type nav2_waypoint_follower::WaitAtWaypoint
[lifecycle_manager-18] [INFO] [1789889643.459125677] [lifecycle_manager_navigation]: [34m[1mConfiguring docking_server[0m[0m
[opennav_docking-17] [INFO] [1789889643.459552716] [docking_server]: Configuring docking_server
[opennav_docking-17] [INFO] [1789889643.459592533] [docking_server]: Controller frequency set to 50.0000Hz
[opennav_docking-17] [INFO] [1789889643.517733888] [docking_server]: Created charging dock plugin simple_charging_dock of type opennav_docking::SimpleChargingDock
[opennav_docking-17] [WARN] [1789889643.530178352] [docking_server]: Dock database filepath nor dock parameters set. Docking actions can only be executed specifying the dock pose via the action request. Or update the dock database via the reload_database service.
[opennav_docking-17] [INFO] [1789889643.530223943] [docking_server]: Docking Server has 1 dock types and 0 dock instances available.
[lifecycle_manager-18] [INFO] [1789889643.533780115] [lifecycle_manager_navigation]: [34m[1mActivating controller_server[0m[0m
[controller_server-8] [INFO] [1789889643.534100942] [controller_server]: Activating
[controller_server-8] [INFO] [1789889643.534133294] [local_costmap.local_costmap]: Activating
[controller_server-8] [INFO] [1789889643.534141655] [local_costmap.local_costmap]: Checking transform
[controller_server-8] [INFO] [1789889643.534171618] [local_costmap.local_costmap]: Timed out waiting for transform from base_footprint to odom to become available, tf error: Invalid frame ID "odom" passed to canTransform argument target_frame - frame does not exist
[INFO] [python-19]: process started with pid [15955]
[gazebo-1] [1;32m[Msg] [0m[1;32mDiffDrive subscribing to twist messages on [[0m[1;32mcmd_vel[0m[1;32m][0m[1;32m[0m
[gazebo-1] [1;36m[Dbg] [SystemManager.cc:80] [0m[1;36mLoaded system [[0m[1;36mgz::sim::systems::DiffDrive[0m[1;36m] for entity [[0m[1;36m129[0m[1;36m][0m[1;36m[0m
[gazebo-1] [1;36m[Dbg] [SystemManager.cc:80] [0m[1;36mLoaded system [[0m[1;36mgz::sim::systems::JointStatePublisher[0m[1;36m] for entity [[0m[1;36m129[0m[1;36m][0m[1;36m[0m
[gazebo-1] [1;36m[Dbg] [SystemManager.cc:80] [0m[1;36mLoaded system [[0m[1;36mgz::sim::systems::PosePublisher[0m[1;36m] for entity [[0m[1;36m129[0m[1;36m][0m[1;36m[0m
[gazebo-1] [1;36m[Dbg] [UserCommands.cc:1094] [0m[1;36mCreated entity [[0m[1;36m129[0m[1;36m] named [[0m[1;36mrobofetch[0m[1;36m][0m[1;36m[0m
[gazebo-1] [1;36m[Dbg] [SimulationFeatures.cc:90] [0m[1;36mSimulation timestep set to: [0m[1;36m0.004[0m[1;36m[0m
[gazebo-1] [1;36m[Dbg] [Sensors.cc:953] [0m[1;36mInitialization needed[0m[1;36m[0m
[gazebo-1] [1;36m[Dbg] [Sensors.cc:349] [0m[1;36mInitializing render context[0m[1;36m[0m
[gazebo-1] [1;32m[Msg] [0m[1;32mLoading plugin [[0m[1;32mgz-rendering-ogre2[0m[1;32m][0m[1;32m[0m
[gazebo-1] [1;32m[Msg] [0m[1;32mServing scene information on [[0m[1;32m/world/factory_maze[0m[1;32m/[0m[1;32mscene/info[0m[1;32m][0m[1;32m[0m
[gazebo-1] [1;32m[Msg] [0m[1;32mServing graph information on [[0m[1;32m/world/factory_maze[0m[1;32m/[0m[1;32mscene/graph[0m[1;32m][0m[1;32m[0m
[gazebo-1] [1;32m[Msg] [0m[1;32mServing full state on [[0m[1;32m/world/factory_maze[0m[1;32m/[0m[1;32mstate[0m[1;32m][0m[1;32m[0m
[gazebo-1] [1;32m[Msg] [0m[1;32mServing full state (async) on [[0m[1;32m/world/factory_maze[0m[1;32m/[0m[1;32mstate_async[0m[1;32m][0m[1;32m[0m
[gazebo-1] [1;32m[Msg] [0m[1;32mPublishing scene information on [[0m[1;32m/world/factory_maze/scene/info[0m[1;32m][0m[1;32m[0m
[gazebo-1] [1;32m[Msg] [0m[1;32mPublishing entity deletions on [[0m[1;32m/world/factory_maze/scene/deletion[0m[1;32m][0m[1;32m[0m
[gazebo-1] [1;32m[Msg] [0m[1;32mPublishing state changes on [[0m[1;32m/world/factory_maze/state[0m[1;32m][0m[1;32m[0m
[gazebo-1] [1;32m[Msg] [0m[1;32mPublishing pose messages on [[0m[1;32m/world/factory_maze[0m[1;32m/[0m[1;32mpose/info[0m[1;32m][0m[1;32m[0m
[gazebo-1] [1;32m[Msg] [0m[1;32mPublishing dynamic pose messages on [[0m[1;32m/world/factory_maze[0m[1;32m/[0m[1;32mdynamic_pose/info[0m[1;32m][0m[1;32m[0m
[gazebo-1] [1;36m[Dbg] [SimulationRunner.cc:578] [Dbg] [SimulationRunner.cc:578] [0m[1;36mExiting postupdate worker thread ([0m[1;36m0[0m[1;36m[Dbg] [SimulationRunner.cc:578] [0m[1;36mExiting postupdate worker thread ([0m[1;36m1[Dbg] [SimulationRunner.cc:578] [0m[1;36mExiting postupdate worker thread ([0m[1;36m2[0m[1;36m)[0m[1;36m)[0m[1;36m[0m
[gazebo-1] [1;36m1[0m[1;36m)[0m[1;36m[0m
[gazebo-1] [1;36m[Dbg] [SimulationRunner.cc:551] [0m[1;36mCreating PostUpdate worker threads: [0m[1;36m7[0m[1;36m[0m
[gazebo-1] [1;36m[Dbg] [SimulationRunner.cc:562] [0m[1;36mCreating postupdate worker thread ([0m[1;36m0[0m[1;36m)[0m[1;36m[0m
[gazebo-1] [1;36m[Dbg] [SimulationRunner.cc:562] [0m[1;36mCreating postupdate worker thread ([0m[1;36m1[0m[1;36m)[0m[1;36m[0m
[gazebo-1] [1;36m[Dbg] [SimulationRunner.cc:562] [0m[1;36mCreating postupdate worker thread ([0m[1;36m2[0m[1;36m)[0m[1;36m[0m
[gazebo-1] [1;36m[Dbg] [SimulationRunner.cc:562] [0m[1;36mCreating postupdate worker thread ([0m[1;36m3[0m[1;36m)[0m[1;36m[0m
[gazebo-1] [1;36m[Dbg] [SimulationRunner.cc:562] [0m[1;36mCreating postupdate worker thread ([0m[1;36m4[0m[1;36m)[0m[1;36m[0m
[gazebo-1] [1;36m[Dbg] [SimulationRunner.cc:562] [0m[1;36mCreating postupdate worker thread ([0m[1;36m5[0m[1;36m)[0m[1;36m[0m
[gazebo-1] [1;36m[Dbg] [RenderUtil.cc:2646] [0m[1;36mCreate scene [[0m[1;36mscene[0m[1;36m][0m[1;36m[0m
[gazebo-1] [1;36m[Dbg] [Sensors.cc:391] [0m[1;36mRendering Thread initialized[0m[1;36m[0m
[gazebo-1] [1;36mInitialization needed[0m[1;36m[0m
[gazebo-1] [1;36m[Dbg] [Lidar.cc:139] [0m[1;36mLaser scans for [[0m[1;36mrobofetch::base_footprint::lidar[0m[1;36m] advertised on [[0m[1;36mscan[0m[1;36m][0m[1;36m[0m
[controller_server-8] [INFO] [1789889644.034277971] [local_costmap.local_costmap]: Timed out waiting for transform from base_footprint to odom to become available, tf error: Invalid frame ID "odom" passed to canTransform argument target_frame - frame does not exist
[amcl-6] [INFO] [1789889644.212804165] [amcl]: createLaserObject
[python-19] INFO:     Started server process [15955]
[python-19] INFO:     Waiting for application startup.
[python-19] INFO:     Application startup complete.
[python-19] INFO:     Uvicorn running on http://0.0.0.0:8001 (Press CTRL+C to quit)
[controller_server-8] [INFO] [1789889644.534395539] [local_costmap.local_costmap]: start
[controller_server-8] [WARN] [1789889644.736545890] [controller_server]: Parameter controller_server.verbose not found
[controller_server-8] [INFO] [1789889644.737096437] [controller_server]: Optimizer reset
[controller_server-8] [INFO] [1789889644.737501286] [MPPIController]: Activated MPPI Controller: FollowPath
[controller_server-8] [INFO] [1789889644.737526963] [controller_server]: Creating bond (controller_server) to lifecycle manager.
[lifecycle_manager-18] [INFO] [1789889644.847350929] [lifecycle_manager_navigation]: Server controller_server connected with bond.
[lifecycle_manager-18] [INFO] [1789889644.847423081] [lifecycle_manager_navigation]: [34m[1mActivating smoother_server[0m[0m
[smoother_server-9] [INFO] [1789889644.847890628] [smoother_server]: Activating
[smoother_server-9] [INFO] [1789889644.847935412] [smoother_server]: Creating bond (smoother_server) to lifecycle manager.
[lifecycle_manager-18] [INFO] [1789889644.957129712] [lifecycle_manager_navigation]: Server smoother_server connected with bond.
[lifecycle_manager-18] [INFO] [1789889644.957177980] [lifecycle_manager_navigation]: [34m[1mActivating planner_server[0m[0m
[planner_server-10] [INFO] [1789889644.957507691] [planner_server]: Activating
[planner_server-10] [INFO] [1789889644.957538741] [global_costmap.global_costmap]: Activating
[planner_server-10] [INFO] [1789889644.957547400] [global_costmap.global_costmap]: Checking transform
[planner_server-10] [INFO] [1789889644.957608306] [global_costmap.global_costmap]: Timed out waiting for transform from base_footprint to map to become available, tf error: Lookup would require extrapolation into the past.  Requested time 0.828000 but the earliest data is at time 1.100000, when looking up transform from frame [base_footprint] to frame [map]
[planner_server-10] [INFO] [1789889645.457779458] [global_costmap.global_costmap]: start
[INFO] [factory_node-20]: process started with pid [15960]
[INFO] [robot_state_node-21]: process started with pid [15961]
[factory_node-20] [INFO] [1789889646.465401387] [factory]: section A [heavy_load, seed 5001]: 40 units/h, buffer 6, 0.8 kg/unit, time_scale 1
[factory_node-20] [INFO] [1789889646.466394311] [factory]: section B [heavy_load, seed 5001]: 60 units/h, buffer 8, 0.6 kg/unit, time_scale 1
[factory_node-20] [INFO] [1789889646.467174743] [factory]: section C [heavy_load, seed 5001]: 10 units/h, buffer 2, 2.0 kg/unit, time_scale 1
[factory_node-20] [INFO] [1789889646.468112654] [factory]: logging to /home/robojazzy/robofetch_ws_copy/robofetch_ws/logs/run_20260920_093400_section_*.csv
[planner_server-10] [INFO] [1789889646.509831186] [planner_server]: Activating plugin SmacLattice of type SmacPlannerLattice
[planner_server-10] [INFO] [1789889646.509879733] [planner_server]: Activating plugin ThetaStar of type nav2_theta_star_planner
[planner_server-10] [INFO] [1789889646.509897142] [planner_server]: Activating plugin NavfnAStar of type NavfnPlanner
[planner_server-10] [INFO] [1789889646.509923902] [planner_server]: Activating plugin Smac2D of type SmacPlanner2D
[planner_server-10] [INFO] [1789889646.509935343] [planner_server]: Activating plugin NavfnDijkstra of type NavfnPlanner
[planner_server-10] [INFO] [1789889646.509942804] [planner_server]: Activating plugin GridBased of type nav2_theta_star_planner
[planner_server-10] [INFO] [1789889646.511803803] [planner_server]: Creating bond (planner_server) to lifecycle manager.
[robot_state_node-21] [INFO] [1789889646.577766953] [robot_state_node]: Robot state monitor up. Run run_20260920_093400, logging to /home/robojazzy/robofetch_ws_copy/robofetch_ws/logs/run_20260920_093400_robot.csv
[lifecycle_manager-18] [INFO] [1789889646.631817899] [lifecycle_manager_navigation]: Server planner_server connected with bond.
[lifecycle_manager-18] [INFO] [1789889646.631907333] [lifecycle_manager_navigation]: [34m[1mActivating route_server[0m[0m
[route_server-11] [INFO] [1789889646.632631458] [route_server]: Activating
[route_server-11] [INFO] [1789889646.632905928] [route_server]: Creating bond (route_server) to lifecycle manager.
[lifecycle_manager-18] [INFO] [1789889646.748852725] [lifecycle_manager_navigation]: Server route_server connected with bond.
[lifecycle_manager-18] [INFO] [1789889646.748917985] [lifecycle_manager_navigation]: [34m[1mActivating behavior_server[0m[0m
[behavior_server-12] [INFO] [1789889646.749465332] [behavior_server]: Activating
[behavior_server-12] [INFO] [1789889646.749491794] [behavior_server]: Activating spin
[behavior_server-12] [INFO] [1789889646.749512586] [behavior_server]: Activating backup
[behavior_server-12] [INFO] [1789889646.749529597] [behavior_server]: Activating drive_on_heading
[behavior_server-12] [INFO] [1789889646.749545216] [behavior_server]: Activating assisted_teleop
[behavior_server-12] [INFO] [1789889646.749564018] [behavior_server]: Activating wait
[behavior_server-12] [INFO] [1789889646.749583814] [behavior_server]: Creating bond (behavior_server) to lifecycle manager.
[lifecycle_manager-18] [INFO] [1789889646.861687844] [lifecycle_manager_navigation]: Server behavior_server connected with bond.
[lifecycle_manager-18] [INFO] [1789889646.861741862] [lifecycle_manager_navigation]: [34m[1mActivating velocity_smoother[0m[0m
[velocity_smoother-15] [INFO] [1789889646.862237877] [velocity_smoother]: Activating
[velocity_smoother-15] [INFO] [1789889646.862282643] [velocity_smoother]: Creating bond (velocity_smoother) to lifecycle manager.
[lifecycle_manager-18] [INFO] [1789889646.975748673] [lifecycle_manager_navigation]: Server velocity_smoother connected with bond.
[lifecycle_manager-18] [INFO] [1789889646.975807466] [lifecycle_manager_navigation]: [34m[1mActivating collision_monitor[0m[0m
[collision_monitor-16] [INFO] [1789889646.976378490] [collision_monitor]: Activating
[collision_monitor-16] [INFO] [1789889646.976416890] [collision_monitor]: Creating bond (collision_monitor) to lifecycle manager.
[lifecycle_manager-18] [INFO] [1789889647.088575539] [lifecycle_manager_navigation]: Server collision_monitor connected with bond.
[lifecycle_manager-18] [INFO] [1789889647.088671922] [lifecycle_manager_navigation]: [34m[1mActivating bt_navigator[0m[0m
[bt_navigator-13] [INFO] [1789889647.089236692] [bt_navigator]: Activating
[bt_navigator-13] [INFO] [1789889647.238924554] [bt_navigator]: Creating bond (bt_navigator) to lifecycle manager.
[lifecycle_manager-18] [INFO] [1789889647.352581138] [lifecycle_manager_navigation]: Server bt_navigator connected with bond.
[lifecycle_manager-18] [INFO] [1789889647.352629181] [lifecycle_manager_navigation]: [34m[1mActivating waypoint_follower[0m[0m
[waypoint_follower-14] [INFO] [1789889647.353755239] [waypoint_follower]: Activating
[waypoint_follower-14] [INFO] [1789889647.353812034] [waypoint_follower]: Creating bond (waypoint_follower) to lifecycle manager.
[lifecycle_manager-18] [INFO] [1789889647.467288386] [lifecycle_manager_navigation]: Server waypoint_follower connected with bond.
[lifecycle_manager-18] [INFO] [1789889647.467343092] [lifecycle_manager_navigation]: [34m[1mActivating docking_server[0m[0m
[opennav_docking-17] [INFO] [1789889647.468059946] [docking_server]: Activating docking_server
[opennav_docking-17] [INFO] [1789889647.488998800] [docking_server]: Creating bond (docking_server) to lifecycle manager.
[lifecycle_manager-18] [INFO] [1789889647.902890100] [lifecycle_manager_navigation]: Server docking_server connected with bond.
[lifecycle_manager-18] [INFO] [1789889647.902968479] [lifecycle_manager_navigation]: [34m[1mManaged nodes are active[0m[0m
[lifecycle_manager-18] [INFO] [1789889647.902983896] [lifecycle_manager_navigation]: [34m[1mCreating bond timer...[0m[0m
[INFO] [mission_executor-22]: process started with pid [15991]
[mission_executor-22] [INFO] [1789889649.979269366] [mission_executor]: mission run_20260920_093400: 0 scripted actions, scenario heavy_load, logging /home/robojazzy/robofetch_ws_copy/robofetch_ws/logs/run_20260920_093400_mission.csv
[mission_executor-22] [INFO] [1789889649.981280969] [mission_executor]: waiting for Nav2, telemetry and the sections ...
[amcl-6] [INFO] [1789889651.988321529] [amcl]: initialPoseReceived
[amcl-6] [WARN] [1789889651.988411010] [amcl]: Failed to transform initial pose in time (Lookup would require extrapolation into the future.  Requested time 7.880000 but the latest data is at time 7.848000, when looking up transform from frame [base_footprint] to frame [odom])
[amcl-6] [INFO] [1789889651.988428607] [amcl]: Setting pose (7.880000): -5.225 -2.975 0.000
[mission_executor-22] [INFO] [1789889655.056653655] [mission_executor]: localised; starting mission
[mission_executor-22] [INFO] [1789889655.058918692] [mission_executor]: autonomous mode: deciding with 'ns' at http://localhost:8001/decide before every action; planner ThetaStar; shift 1200 s
[python-19] INFO:     127.0.0.1:60338 - "POST /decide HTTP/1.1" 200 OK
[mission_executor-22] [INFO] [1789889656.829239993] [mission_executor]: decision: PICKUP:B - [routine] B has 2 units waiting; neural score +2.87, chosen over PICKUP:A by +0.96
[mission_executor-22] [INFO] [1789889656.829851600] [mission_executor]: [1] PICKUP:B from charger: predicted 15.2 m, 69 s, 0.19 Wh
[bt_navigator-13] [INFO] [1789889656.831135204] [bt_navigator]: Begin navigating from current location (-5.24, -2.98) to (6.03, 3.08)
[controller_server-8] [INFO] [1789889656.862834797] [controller_server]: Received a goal, begin computing control effort.
[controller_server-8] [WARN] [1789889656.862990342] [controller_server]: No goal checker was specified in parameter 'current_goal_checker'. Server will use only plugin loaded general_goal_checker . This warning will appear once.
[controller_server-8] [WARN] [1789889656.863023281] [controller_server]: No progress checker was specified in parameter 'current_progress_checker'. Server will use only plugin loaded progress_checker . This warning will appear once.
[parameter_bridge-4] [INFO] [1789889656.933927062] [ros_gz_bridge]: Passing message from ROS geometry_msgs/msg/Twist to Gazebo gz.msgs.Twist (showing msg only once per type)
[controller_server-8] [INFO] [1789889657.963265396] [controller_server]: Passing new path to controller.
[controller_server-8] [INFO] [1789889658.963231683] [controller_server]: Passing new path to controller.
[controller_server-8] [INFO] [1789889660.063277575] [controller_server]: Passing new path to controller.
[controller_server-8] [INFO] [1789889661.063267015] [controller_server]: Passing new path to controller.
[controller_server-8] [INFO] [1789889662.063229541] [controller_server]: Passing new path to controller.
[controller_server-8] [INFO] [1789889663.063231536] [controller_server]: Passing new path to controller.
[controller_server-8] [INFO] [1789889664.163246440] [controller_server]: Passing new path to controller.
[controller_server-8] [INFO] [1789889665.163272702] [controller_server]: Passing new path to controller.
[controller_server-8] [INFO] [1789889666.163274960] [controller_server]: Passing new path to controller.
[controller_server-8] [INFO] [1789889667.263334761] [controller_server]: Passing new path to controller.
[controller_server-8] [INFO] [1789889668.263275537] [controller_server]: Passing new path to controller.
[controller_server-8] [INFO] [1789889669.263273845] [controller_server]: Passing new path to controller.
[controller_server-8] [INFO] [1789889670.263277773] [controller_server]: Passing new path to controller.
[controller_server-8] [INFO] [1789889671.363240907] [controller_server]: Passing new path to controller.
[controller_server-8] [INFO] [1789889672.363270974] [controller_server]: Passing new path to controller.
[controller_server-8] [INFO] [1789889673.363942086] [controller_server]: Passing new path to controller.
[controller_server-8] [INFO] [1789889674.463251933] [controller_server]: Passing new path to controller.
[controller_server-8] [INFO] [1789889675.463235242] [controller_server]: Passing new path to controller.
[controller_server-8] [INFO] [1789889676.463246352] [controller_server]: Passing new path to controller.
[controller_server-8] [INFO] [1789889677.463269602] [controller_server]: Passing new path to controller.
[controller_server-8] [INFO] [1789889678.563249954] [controller_server]: Passing new path to controller.
[controller_server-8] [INFO] [1789889679.563249155] [controller_server]: Passing new path to controller.
[controller_server-8] [INFO] [1789889680.563252694] [controller_server]: Passing new path to controller.
[controller_server-8] [INFO] [1789889681.563247190] [controller_server]: Passing new path to controller.
[controller_server-8] [INFO] [1789889682.663249840] [controller_server]: Passing new path to controller.
[controller_server-8] [INFO] [1789889683.663304165] [controller_server]: Passing new path to controller.
[controller_server-8] [INFO] [1789889684.663719258] [controller_server]: Passing new path to controller.
[controller_server-8] [INFO] [1789889685.663229496] [controller_server]: Passing new path to controller.
[controller_server-8] [INFO] [1789889686.763239370] [controller_server]: Passing new path to controller.
[controller_server-8] [INFO] [1789889687.763238907] [controller_server]: Passing new path to controller.
[controller_server-8] [INFO] [1789889687.965632506] [controller_server]: Reached the goal!
[controller_server-8] [INFO] [1789889687.966101876] [controller_server]: Optimizer reset
[bt_navigator-13] [INFO] [1789889687.991882461] [bt_navigator]: Goal succeeded
[factory_node-20] [INFO] [1789889718.507249043] [factory]: pickup B: took 3 units (1.80 kg), 0 left
[mission_executor-22] [INFO] [1789889719.709599899] [mission_executor]: [1] PICKUP:B done: took 3 units (1.80 kg), 0 left | measured 15.0 m, 63 s, 0.18 Wh, battery 49.9 -> 49.1 %
[python-19] INFO:     127.0.0.1:50928 - "POST /decide HTTP/1.1" 200 OK
[mission_executor-22] [INFO] [1789889719.714938312] [mission_executor]: decision: DELIVER - [routine] carrying 3 units; neural score +3.89, chosen over PICKUP:A by +2.06
[mission_executor-22] [INFO] [1789889719.715526698] [mission_executor]: [2] DELIVER from B: predicted 10.3 m, 56 s, 0.17 Wh
[bt_navigator-13] [INFO] [1789889719.717086779] [bt_navigator]: Begin navigating from current location (5.99, 2.89) to (-0.23, -3.98)
[controller_server-8] [INFO] [1789889719.738158517] [controller_server]: Received a goal, begin computing control effort.
[controller_server-8] [INFO] [1789889720.838384716] [controller_server]: Passing new path to controller.
[controller_server-8] [INFO] [1789889721.838363715] [controller_server]: Passing new path to controller.
[controller_server-8] [INFO] [1789889722.838369626] [controller_server]: Passing new path to controller.
[controller_server-8] [INFO] [1789889723.938360022] [controller_server]: Passing new path to controller.
[controller_server-8] [INFO] [1789889724.938356239] [controller_server]: Passing new path to controller.
[controller_server-8] [INFO] [1789889725.938379694] [controller_server]: Passing new path to controller.
[controller_server-8] [INFO] [1789889726.938360781] [controller_server]: Passing new path to controller.
[controller_server-8] [INFO] [1789889728.038367635] [controller_server]: Passing new path to controller.
[controller_server-8] [INFO] [1789889729.038361494] [controller_server]: Passing new path to controller.
[controller_server-8] [INFO] [1789889730.038381620] [controller_server]: Passing new path to controller.
[controller_server-8] [INFO] [1789889731.038392334] [controller_server]: Passing new path to controller.
[controller_server-8] [INFO] [1789889732.038362227] [controller_server]: Passing new path to controller.
[controller_server-8] [INFO] [1789889733.138352375] [controller_server]: Passing new path to controller.
[controller_server-8] [INFO] [1789889734.138343727] [controller_server]: Passing new path to controller.
[controller_server-8] [INFO] [1789889735.138360780] [controller_server]: Passing new path to controller.
[controller_server-8] [INFO] [1789889736.238425024] [controller_server]: Passing new path to controller.
[bt_navigator-13] [WARN] [1789889737.170128015] [bt_navigator_navigate_to_pose_rclcpp_node]: Timed out while waiting for action server to acknowledge goal request for follow_path
[bt_navigator-13] [WARN] [1789889737.171040066] [bt_navigator]: [navigate_to_pose] [ActionServer] Aborting handle.
[bt_navigator-13] [ERROR] [1789889737.171526181] [bt_navigator]: Goal failed
[mission_executor-22] [WARN] [1789889737.177059065] [mission_executor]: drive to delivery failed (Nav2 aborted), attempt 1
[planner_server-10] [INFO] [1789889737.177882342] [global_costmap.global_costmap]: Received request to clear entirely the global_costmap
[controller_server-8] [INFO] [1789889737.192537131] [local_costmap.local_costmap]: Received request to clear entirely the local_costmap
[bt_navigator-13] [INFO] [1789889737.195673315] [bt_navigator]: Begin navigating from current location (2.32, -2.47) to (-0.23, -3.98)
[controller_server-8] [INFO] [1789889737.338479347] [controller_server]: Passing new path to controller.
[controller_server-8] [WARN] [1789889737.340678870] [controller_server]: Control loop missed its desired rate of 10.0000 Hz. Current loop rate is 10.0000 Hz.
[planner_server-10] [WARN] [1789889737.467038591] [planner_server]: Planner loop missed its desired rate of 20.0000 Hz. Current loop rate is 3.6765 Hz
[controller_server-8] [INFO] [1789889737.540881747] [controller_server]: Passing new path to controller.
[controller_server-8] [INFO] [1789889738.541015830] [controller_server]: Passing new path to controller.
[controller_server-8] [INFO] [1789889739.640844751] [controller_server]: Passing new path to controller.
[controller_server-8] [INFO] [1789889740.640828758] [controller_server]: Passing new path to controller.
[controller_server-8] [INFO] [1789889741.640881394] [controller_server]: Passing new path to controller.
[controller_server-8] [INFO] [1789889742.640857460] [controller_server]: Passing new path to controller.
[controller_server-8] [INFO] [1789889743.640879716] [controller_server]: Passing new path to controller.
[controller_server-8] [INFO] [1789889744.642095814] [controller_server]: Reached the goal!
[controller_server-8] [INFO] [1789889744.642310660] [controller_server]: Optimizer reset
[controller_server-8] [INFO] [1789889744.647264159] [controller_server]: Received a goal, begin computing control effort.
[controller_server-8] [INFO] [1789889744.648601179] [controller_server]: Reached the goal!
[controller_server-8] [INFO] [1789889744.648781013] [controller_server]: Optimizer reset
[bt_navigator-13] [INFO] [1789889744.676139792] [bt_navigator]: Goal succeeded
[mission_executor-22] [INFO] [1789889745.179174324] [mission_executor]: reached delivery after recovery: ['attempt 1: Nav2 aborted', 'recovery: clear costmaps']
[mission_executor-22] [INFO] [1789889776.400202701] [mission_executor]: [2] DELIVER done: delivered 3 units | measured 10.2 m, 57 s, 0.17 Wh, battery 49.1 -> 48.3 %
[python-19] INFO:     127.0.0.1:56524 - "POST /decide HTTP/1.1" 200 OK
[mission_executor-22] [INFO] [1789889776.404782999] [mission_executor]: decision: PICKUP:A - [routine] A has 2 units waiting; neural score +2.91, chosen over PICKUP:B by +1.00
[mission_executor-22] [INFO] [1789889776.406339702] [mission_executor]: [3] PICKUP:A from delivery: predicted 10.0 m, 56 s, 0.14 Wh
[bt_navigator-13] [INFO] [1789889776.407269626] [bt_navigator]: Begin navigating from current location (-0.14, -3.80) to (-5.97, 3.08)
[controller_server-8] [INFO] [1789889776.428428429] [controller_server]: Received a goal, begin computing control effort.
[controller_server-8] [INFO] [1789889777.528703914] [controller_server]: Passing new path to controller.
[controller_server-8] [INFO] [1789889778.528650229] [controller_server]: Passing new path to controller.
[controller_server-8] [INFO] [1789889779.528654239] [controller_server]: Passing new path to controller.
[controller_server-8] [INFO] [1789889780.628654808] [controller_server]: Passing new path to controller.
[controller_server-8] [INFO] [1789889781.628629074] [controller_server]: Passing new path to controller.
[controller_server-8] [INFO] [1789889782.628659518] [controller_server]: Passing new path to controller.
[controller_server-8] [INFO] [1789889783.628645323] [controller_server]: Passing new path to controller.
[controller_server-8] [INFO] [1789889784.628745123] [controller_server]: Passing new path to controller.
[controller_server-8] [INFO] [1789889785.728704717] [controller_server]: Passing new path to controller.
[controller_server-8] [INFO] [1789889786.728702031] [controller_server]: Passing new path to controller.
[controller_server-8] [INFO] [1789889787.728704106] [controller_server]: Passing new path to controller.
[controller_server-8] [INFO] [1789889788.828672895] [controller_server]: Passing new path to controller.
[controller_server-8] [INFO] [1789889789.828673260] [controller_server]: Passing new path to controller.
[controller_server-8] [INFO] [1789889790.828664097] [controller_server]: Passing new path to controller.
[controller_server-8] [INFO] [1789889791.828709822] [controller_server]: Passing new path to controller.
[controller_server-8] [INFO] [1789889792.928714394] [controller_server]: Passing new path to controller.
[controller_server-8] [INFO] [1789889793.928641819] [controller_server]: Passing new path to controller.
[controller_server-8] [INFO] [1789889794.928651397] [controller_server]: Passing new path to controller.
[controller_server-8] [INFO] [1789889795.928656414] [controller_server]: Passing new path to controller.
[controller_server-8] [INFO] [1789889797.028650020] [controller_server]: Passing new path to controller.
[controller_server-8] [INFO] [1789889798.028676011] [controller_server]: Passing new path to controller.
[controller_server-8] [INFO] [1789889798.129650999] [controller_server]: Reached the goal!
[controller_server-8] [INFO] [1789889798.129799832] [controller_server]: Optimizer reset
[bt_navigator-13] [INFO] [1789889798.158300731] [bt_navigator]: Goal succeeded
[factory_node-20] [INFO] [1789889828.712702240] [factory]: pickup A: took 2 units (1.60 kg), 0 left
[mission_executor-22] [INFO] [1789889829.915661854] [mission_executor]: [3] PICKUP:A done: took 2 units (1.60 kg), 0 left | measured 9.8 m, 53 s, 0.14 Wh, battery 48.3 -> 47.7 %
[python-19] INFO:     127.0.0.1:47766 - "POST /decide HTTP/1.1" 200 OK
[mission_executor-22] [INFO] [1789889829.919714580] [mission_executor]: decision: DELIVER - [routine] carrying 2 units; neural score +2.90, chosen over PICKUP:B by +0.06
[mission_executor-22] [INFO] [1789889829.920261590] [mission_executor]: [4] DELIVER from A: predicted 10.0 m, 56 s, 0.16 Wh
[bt_navigator-13] [INFO] [1789889829.921483671] [bt_navigator]: Begin navigating from current location (-5.84, 2.90) to (-0.23, -3.98)
[controller_server-8] [INFO] [1789889829.942562521] [controller_server]: Received a goal, begin computing control effort.
[controller_server-8] [INFO] [1789889831.042785754] [controller_server]: Passing new path to controller.
[controller_server-8] [INFO] [1789889832.042756350] [controller_server]: Passing new path to controller.
[controller_server-8] [INFO] [1789889833.042775008] [controller_server]: Passing new path to controller.
[controller_server-8] [INFO] [1789889834.042753209] [controller_server]: Passing new path to controller.
[controller_server-8] [INFO] [1789889835.142745678] [controller_server]: Passing new path to controller.
[controller_server-8] [INFO] [1789889836.142794001] [controller_server]: Passing new path to controller.
[controller_server-8] [INFO] [1789889837.142741416] [controller_server]: Passing new path to controller.
[controller_server-8] [INFO] [1789889838.142806306] [controller_server]: Passing new path to controller.
[controller_server-8] [INFO] [1789889839.242748654] [controller_server]: Passing new path to controller.
[controller_server-8] [INFO] [1789889840.242757793] [controller_server]: Passing new path to controller.
[controller_server-8] [INFO] [1789889841.242746624] [controller_server]: Passing new path to controller.
[controller_server-8] [INFO] [1789889842.242740048] [controller_server]: Passing new path to controller.
[controller_server-8] [INFO] [1789889843.342760430] [controller_server]: Passing new path to controller.
[controller_server-8] [INFO] [1789889844.342737584] [controller_server]: Passing new path to controller.
[controller_server-8] [INFO] [1789889845.342744142] [controller_server]: Passing new path to controller.
[controller_server-8] [INFO] [1789889846.342765453] [controller_server]: Passing new path to controller.
[controller_server-8] [INFO] [1789889847.442744096] [controller_server]: Passing new path to controller.
[controller_server-8] [INFO] [1789889848.442744083] [controller_server]: Passing new path to controller.
[controller_server-8] [INFO] [1789889849.442774526] [controller_server]: Passing new path to controller.
[controller_server-8] [INFO] [1789889850.442804426] [controller_server]: Passing new path to controller.
[controller_server-8] [INFO] [1789889851.542791534] [controller_server]: Passing new path to controller.
[controller_server-8] [INFO] [1789889852.542783292] [controller_server]: Passing new path to controller.
[controller_server-8] [INFO] [1789889853.542804621] [controller_server]: Passing new path to controller.
[controller_server-8] [INFO] [1789889854.343821206] [controller_server]: Reached the goal!
[controller_server-8] [INFO] [1789889854.344067986] [controller_server]: Optimizer reset
[bt_navigator-13] [INFO] [1789889854.372348761] [bt_navigator]: Goal succeeded
[mission_executor-22] [INFO] [1789889886.126107872] [mission_executor]: [4] DELIVER done: delivered 2 units | measured 9.9 m, 56 s, 0.16 Wh, battery 47.7 -> 47.0 %
[python-19] INFO:     127.0.0.1:45834 - "POST /decide HTTP/1.1" 200 OK
[mission_executor-22] [INFO] [1789889886.132029261] [mission_executor]: decision: PICKUP:B - [routine] B has 3 units waiting; neural score +3.91, chosen over PICKUP:A by +2.00
[mission_executor-22] [INFO] [1789889886.132746858] [mission_executor]: [5] PICKUP:B from delivery: predicted 10.3 m, 56 s, 0.15 Wh
[bt_navigator-13] [INFO] [1789889886.133662994] [bt_navigator]: Begin navigating from current location (-0.29, -3.84) to (6.03, 3.08)
[controller_server-8] [INFO] [1789889886.154931238] [controller_server]: Received a goal, begin computing control effort.
[controller_server-8] [INFO] [1789889887.255176337] [controller_server]: Passing new path to controller.
[controller_server-8] [INFO] [1789889888.255179759] [controller_server]: Passing new path to controller.
[controller_server-8] [INFO] [1789889889.255140322] [controller_server]: Passing new path to controller.
[controller_server-8] [INFO] [1789889890.355137123] [controller_server]: Passing new path to controller.
[controller_server-8] [INFO] [1789889891.355184693] [controller_server]: Passing new path to controller.
[controller_server-8] [INFO] [1789889892.355145623] [controller_server]: Passing new path to controller.
[controller_server-8] [INFO] [1789889893.355136378] [controller_server]: Passing new path to controller.
[controller_server-8] [INFO] [1789889894.455130363] [controller_server]: Passing new path to controller.
[controller_server-8] [INFO] [1789889895.455153539] [controller_server]: Passing new path to controller.
[controller_server-8] [INFO] [1789889896.455150482] [controller_server]: Passing new path to controller.
[controller_server-8] [INFO] [1789889897.455191611] [controller_server]: Passing new path to controller.
[controller_server-8] [INFO] [1789889898.555116955] [controller_server]: Passing new path to controller.
[controller_server-8] [INFO] [1789889899.555131801] [controller_server]: Passing new path to controller.
[controller_server-8] [INFO] [1789889900.555140229] [controller_server]: Passing new path to controller.
[controller_server-8] [INFO] [1789889901.555136209] [controller_server]: Passing new path to controller.
[controller_server-8] [INFO] [1789889902.555125182] [controller_server]: Passing new path to controller.
[controller_server-8] [INFO] [1789889903.655146804] [controller_server]: Passing new path to controller.
[controller_server-8] [INFO] [1789889904.655136619] [controller_server]: Passing new path to controller.
[controller_server-8] [INFO] [1789889905.655131574] [controller_server]: Passing new path to controller.
[controller_server-8] [INFO] [1789889906.655162679] [controller_server]: Passing new path to controller.
[controller_server-8] [INFO] [1789889907.557540856] [controller_server]: Reached the goal!
[controller_server-8] [INFO] [1789889907.557801814] [controller_server]: Optimizer reset
[bt_navigator-13] [INFO] [1789889907.584385304] [bt_navigator]: Goal succeeded
[factory_node-20] [INFO] [1789889938.362089499] [factory]: pickup B: took 4 units (2.40 kg), 0 left
[mission_executor-22] [INFO] [1789889939.564549549] [mission_executor]: [5] PICKUP:B done: took 4 units (2.40 kg), 0 left | measured 10.0 m, 53 s, 0.14 Wh, battery 47.0 -> 46.4 %
[python-19] INFO:     127.0.0.1:59990 - "POST /decide HTTP/1.1" 200 OK
[mission_executor-22] [INFO] [1789889939.569699068] [mission_executor]: decision: DELIVER - [routine] carrying 4 units; neural score +4.89, chosen over PICKUP:A by +3.07
[mission_executor-22] [INFO] [1789889939.571529520] [mission_executor]: [6] DELIVER from B: predicted 10.3 m, 56 s, 0.17 Wh
[bt_navigator-13] [INFO] [1789889939.572583260] [bt_navigator]: Begin navigating from current location (6.01, 2.86) to (-0.23, -3.98)
[controller_server-8] [INFO] [1789889939.593579730] [controller_server]: Received a goal, begin computing control effort.
[controller_server-8] [INFO] [1789889940.693827158] [controller_server]: Passing new path to controller.
[controller_server-8] [INFO] [1789889941.693796720] [controller_server]: Passing new path to controller.
[controller_server-8] [INFO] [1789889942.693802206] [controller_server]: Passing new path to controller.
[controller_server-8] [INFO] [1789889943.793793381] [controller_server]: Passing new path to controller.
[controller_server-8] [INFO] [1789889944.793821972] [controller_server]: Passing new path to controller.
[controller_server-8] [INFO] [1789889945.793830114] [controller_server]: Passing new path to controller.
[controller_server-8] [INFO] [1789889946.793851256] [controller_server]: Passing new path to controller.
[controller_server-8] [INFO] [1789889947.793859944] [controller_server]: Passing new path to controller.
[controller_server-8] [INFO] [1789889948.894038300] [controller_server]: Passing new path to controller.
[controller_server-8] [INFO] [1789889949.893833932] [controller_server]: Passing new path to controller.
[controller_server-8] [INFO] [1789889950.893872809] [controller_server]: Passing new path to controller.
[controller_server-8] [INFO] [1789889951.993835215] [controller_server]: Passing new path to controller.
[controller_server-8] [INFO] [1789889952.993842715] [controller_server]: Passing new path to controller.
[controller_server-8] [INFO] [1789889953.994173147] [controller_server]: Passing new path to controller.
[controller_server-8] [INFO] [1789889954.994768253] [controller_server]: Passing new path to controller.
[controller_server-8] [INFO] [1789889955.993812724] [controller_server]: Passing new path to controller.
[controller_server-8] [INFO] [1789889957.093813230] [controller_server]: Passing new path to controller.
[controller_server-8] [INFO] [1789889958.093804307] [controller_server]: Passing new path to controller.
[controller_server-8] [INFO] [1789889959.093820859] [controller_server]: Passing new path to controller.
[controller_server-8] [INFO] [1789889960.193796451] [controller_server]: Passing new path to controller.
[controller_server-8] [INFO] [1789889961.193797627] [controller_server]: Passing new path to controller.
[controller_server-8] [INFO] [1789889962.193840433] [controller_server]: Passing new path to controller.
[controller_server-8] [INFO] [1789889963.193840795] [controller_server]: Passing new path to controller.
[controller_server-8] [INFO] [1789889964.293801053] [controller_server]: Passing new path to controller.
[controller_server-8] [INFO] [1789889965.194759604] [controller_server]: Reached the goal!
[controller_server-8] [INFO] [1789889965.194970681] [controller_server]: Optimizer reset
[bt_navigator-13] [INFO] [1789889965.221017187] [bt_navigator]: Goal succeeded
[mission_executor-22] [INFO] [1789889996.988759566] [mission_executor]: [6] DELIVER done: delivered 4 units | measured 10.2 m, 57 s, 0.17 Wh, battery 46.4 -> 45.6 %
[python-19] INFO:     127.0.0.1:45100 - "POST /decide HTTP/1.1" 200 OK
[mission_executor-22] [INFO] [1789889996.993547020] [mission_executor]: decision: PICKUP:A - [routine] A has 2 units waiting; neural score +2.91, chosen over PICKUP:B by +1.00
[mission_executor-22] [INFO] [1789889996.994189098] [mission_executor]: [7] PICKUP:A from delivery: predicted 10.0 m, 56 s, 0.14 Wh
[bt_navigator-13] [INFO] [1789889996.995715566] [bt_navigator]: Begin navigating from current location (-0.16, -3.82) to (-5.97, 3.08)
[controller_server-8] [INFO] [1789889997.016641319] [controller_server]: Received a goal, begin computing control effort.
[controller_server-8] [INFO] [1789889997.116891399] [controller_server]: Passing new path to controller.
[controller_server-8] [INFO] [1789889998.116876268] [controller_server]: Passing new path to controller.
[controller_server-8] [INFO] [1789889999.116865100] [controller_server]: Passing new path to controller.
[controller_server-8] [INFO] [1789890000.116947200] [controller_server]: Passing new path to controller.
[controller_server-8] [INFO] [1789890001.216884431] [controller_server]: Passing new path to controller.
[controller_server-8] [INFO] [1789890002.216880570] [controller_server]: Passing new path to controller.
[controller_server-8] [INFO] [1789890003.216872907] [controller_server]: Passing new path to controller.
[controller_server-8] [INFO] [1789890004.216861815] [controller_server]: Passing new path to controller.
[controller_server-8] [INFO] [1789890005.316870549] [controller_server]: Passing new path to controller.
[controller_server-8] [INFO] [1789890006.316897677] [controller_server]: Passing new path to controller.
[controller_server-8] [INFO] [1789890007.316872365] [controller_server]: Passing new path to controller.
[controller_server-8] [INFO] [1789890008.416862904] [controller_server]: Passing new path to controller.
[controller_server-8] [INFO] [1789890009.416897714] [controller_server]: Passing new path to controller.
[controller_server-8] [INFO] [1789890010.416956835] [controller_server]: Passing new path to controller.
[controller_server-8] [INFO] [1789890011.416931813] [controller_server]: Passing new path to controller.
[controller_server-8] [INFO] [1789890012.516924622] [controller_server]: Passing new path to controller.
[controller_server-8] [INFO] [1789890013.516894109] [controller_server]: Passing new path to controller.
[controller_server-8] [INFO] [1789890014.516916401] [controller_server]: Passing new path to controller.
[controller_server-8] [INFO] [1789890015.516964718] [controller_server]: Passing new path to controller.
[controller_server-8] [INFO] [1789890016.616915681] [controller_server]: Passing new path to controller.
[controller_server-8] [INFO] [1789890017.616934962] [controller_server]: Passing new path to controller.
[controller_server-8] [INFO] [1789890018.318317972] [controller_server]: Reached the goal!
[controller_server-8] [INFO] [1789890018.318549524] [controller_server]: Optimizer reset
[bt_navigator-13] [INFO] [1789890018.346303457] [bt_navigator]: Goal succeeded
[factory_node-20] [INFO] [1789890049.175109432] [factory]: pickup A: took 3 units (2.40 kg), 0 left
[mission_executor-22] [INFO] [1789890050.378095995] [mission_executor]: [7] PICKUP:A done: took 3 units (2.40 kg), 0 left | measured 9.8 m, 53 s, 0.14 Wh, battery 45.6 -> 44.9 %
[python-19] INFO:     127.0.0.1:47488 - "POST /decide HTTP/1.1" 200 OK
[mission_executor-22] [INFO] [1789890050.382701413] [mission_executor]: decision: DELIVER - [routine] carrying 3 units; neural score +3.89, chosen over PICKUP:B by +1.07
[mission_executor-22] [INFO] [1789890050.383257658] [mission_executor]: [8] DELIVER from A: predicted 10.0 m, 56 s, 0.17 Wh
[bt_navigator-13] [INFO] [1789890050.385105822] [bt_navigator]: Begin navigating from current location (-5.87, 2.90) to (-0.23, -3.98)
[controller_server-8] [INFO] [1789890050.406186856] [controller_server]: Received a goal, begin computing control effort.
[controller_server-8] [INFO] [1789890051.506426027] [controller_server]: Passing new path to controller.
[controller_server-8] [INFO] [1789890052.506447883] [controller_server]: Passing new path to controller.
[controller_server-8] [INFO] [1789890053.506410445] [controller_server]: Passing new path to controller.
[controller_server-8] [INFO] [1789890054.606434266] [controller_server]: Passing new path to controller.
[controller_server-8] [INFO] [1789890055.606423641] [controller_server]: Passing new path to controller.
[controller_server-8] [INFO] [1789890056.606425771] [controller_server]: Passing new path to controller.
[controller_server-8] [INFO] [1789890057.606450868] [controller_server]: Passing new path to controller.
[controller_server-8] [INFO] [1789890058.706443212] [controller_server]: Passing new path to controller.
[controller_server-8] [INFO] [1789890059.706483884] [controller_server]: Passing new path to controller.
[controller_server-8] [INFO] [1789890060.706460793] [controller_server]: Passing new path to controller.
[controller_server-8] [INFO] [1789890061.706448291] [controller_server]: Passing new path to controller.
[controller_server-8] [INFO] [1789890062.806413020] [controller_server]: Passing new path to controller.
[controller_server-8] [INFO] [1789890063.806419309] [controller_server]: Passing new path to controller.
[controller_server-8] [INFO] [1789890064.806423517] [controller_server]: Passing new path to controller.
[controller_server-8] [INFO] [1789890065.806430667] [controller_server]: Passing new path to controller.
[controller_server-8] [INFO] [1789890066.906425053] [controller_server]: Passing new path to controller.
[controller_server-8] [INFO] [1789890067.906444988] [controller_server]: Passing new path to controller.
[controller_server-8] [INFO] [1789890068.906454241] [controller_server]: Passing new path to controller.
[controller_server-8] [INFO] [1789890069.906435466] [controller_server]: Passing new path to controller.
[controller_server-8] [INFO] [1789890071.006414491] [controller_server]: Passing new path to controller.
[controller_server-8] [INFO] [1789890072.006427016] [controller_server]: Passing new path to controller.
[controller_server-8] [INFO] [1789890073.006422583] [controller_server]: Passing new path to controller.
[controller_server-8] [INFO] [1789890074.006586295] [controller_server]: Passing new path to controller.
[controller_server-8] [INFO] [1789890075.106475499] [controller_server]: Passing new path to controller.
[controller_server-8] [INFO] [1789890075.307930191] [controller_server]: Reached the goal!
[controller_server-8] [INFO] [1789890075.308158410] [controller_server]: Optimizer reset
[bt_navigator-13] [INFO] [1789890075.336070526] [bt_navigator]: Goal succeeded
[mission_executor-22] [INFO] [1789890107.053783302] [mission_executor]: [8] DELIVER done: delivered 3 units | measured 9.9 m, 56 s, 0.17 Wh, battery 44.9 -> 44.2 %
[python-19] INFO:     127.0.0.1:47876 - "POST /decide HTTP/1.1" 200 OK
[mission_executor-22] [INFO] [1789890107.061858733] [mission_executor]: decision: PICKUP:B - [routine] B has 3 units waiting; neural score +3.91, chosen over PICKUP:C by +1.97
[mission_executor-22] [INFO] [1789890107.062877146] [mission_executor]: [9] PICKUP:B from delivery: predicted 10.3 m, 56 s, 0.15 Wh
[bt_navigator-13] [INFO] [1789890107.064251227] [bt_navigator]: Begin navigating from current location (-0.26, -3.84) to (6.03, 3.08)
[controller_server-8] [INFO] [1789890107.085576741] [controller_server]: Received a goal, begin computing control effort.
[controller_server-8] [INFO] [1789890108.185811103] [controller_server]: Passing new path to controller.
[controller_server-8] [INFO] [1789890109.185854979] [controller_server]: Passing new path to controller.
[controller_server-8] [INFO] [1789890110.185841655] [controller_server]: Passing new path to controller.
[controller_server-8] [INFO] [1789890111.285815739] [controller_server]: Passing new path to controller.
[controller_server-8] [INFO] [1789890112.285802036] [controller_server]: Passing new path to controller.
[controller_server-8] [INFO] [1789890113.285842739] [controller_server]: Passing new path to controller.
[controller_server-8] [INFO] [1789890114.285910706] [controller_server]: Passing new path to controller.
[controller_server-8] [INFO] [1789890115.385830527] [controller_server]: Passing new path to controller.
[controller_server-8] [INFO] [1789890116.385803935] [controller_server]: Passing new path to controller.
[controller_server-8] [INFO] [1789890117.385792116] [controller_server]: Passing new path to controller.
[controller_server-8] [INFO] [1789890118.385801461] [controller_server]: Passing new path to controller.
[controller_server-8] [INFO] [1789890119.485806923] [controller_server]: Passing new path to controller.
[controller_server-8] [INFO] [1789890120.485806890] [controller_server]: Passing new path to controller.
[controller_server-8] [INFO] [1789890121.485794661] [controller_server]: Passing new path to controller.
[controller_server-8] [INFO] [1789890122.485813831] [controller_server]: Passing new path to controller.
[controller_server-8] [INFO] [1789890123.485801262] [controller_server]: Passing new path to controller.
[controller_server-8] [INFO] [1789890124.585787573] [controller_server]: Passing new path to controller.
[controller_server-8] [INFO] [1789890125.585827306] [controller_server]: Passing new path to controller.
[controller_server-8] [INFO] [1789890126.585802803] [controller_server]: Passing new path to controller.
[controller_server-8] [INFO] [1789890127.585805309] [controller_server]: Passing new path to controller.
[controller_server-8] [INFO] [1789890128.685810068] [controller_server]: Passing new path to controller.
[controller_server-8] [INFO] [1789890128.687086439] [controller_server]: Reached the goal!
[controller_server-8] [INFO] [1789890128.687399194] [controller_server]: Optimizer reset
[bt_navigator-13] [INFO] [1789890128.724864790] [bt_navigator]: Goal succeeded
[factory_node-20] [INFO] [1789890159.601656173] [factory]: pickup B: took 4 units (2.40 kg), 0 left
[mission_executor-22] [INFO] [1789890160.807526562] [mission_executor]: [9] PICKUP:B done: took 4 units (2.40 kg), 0 left | measured 10.0 m, 53 s, 0.14 Wh, battery 44.2 -> 43.5 %
[python-19] INFO:     127.0.0.1:47112 - "POST /decide HTTP/1.1" 200 OK
[mission_executor-22] [INFO] [1789890160.823084976] [mission_executor]: decision: DELIVER - [routine] carrying 4 units; neural score +4.89, chosen over PICKUP:C by +2.99
[mission_executor-22] [INFO] [1789890160.823807025] [mission_executor]: [10] DELIVER from B: predicted 10.3 m, 56 s, 0.17 Wh
[bt_navigator-13] [INFO] [1789890160.825798254] [bt_navigator]: Begin navigating from current location (5.97, 2.88) to (-0.23, -3.98)
[controller_server-8] [INFO] [1789890160.847842283] [controller_server]: Received a goal, begin computing control effort.
[controller_server-8] [INFO] [1789890161.948287399] [controller_server]: Passing new path to controller.
[controller_server-8] [INFO] [1789890162.948353371] [controller_server]: Passing new path to controller.
[controller_server-8] [INFO] [1789890163.948394686] [controller_server]: Passing new path to controller.
[controller_server-8] [INFO] [1789890164.950941547] [controller_server]: Passing new path to controller.
[controller_server-8] [INFO] [1789890166.048262214] [controller_server]: Passing new path to controller.
[controller_server-8] [INFO] [1789890167.048292870] [controller_server]: Passing new path to controller.
[controller_server-8] [INFO] [1789890168.048287760] [controller_server]: Passing new path to controller.
[controller_server-8] [INFO] [1789890169.048280419] [controller_server]: Passing new path to controller.
[controller_server-8] [INFO] [1789890170.148897500] [controller_server]: Passing new path to controller.
[controller_server-8] [INFO] [1789890171.148366176] [controller_server]: Passing new path to controller.
[controller_server-8] [INFO] [1789890172.148508063] [controller_server]: Passing new path to controller.
[controller_server-8] [INFO] [1789890173.150761809] [controller_server]: Passing new path to controller.
[controller_server-8] [INFO] [1789890174.148586302] [controller_server]: Passing new path to controller.
[controller_server-8] [INFO] [1789890175.248979311] [controller_server]: Passing new path to controller.
[controller_server-8] [INFO] [1789890176.248418731] [controller_server]: Passing new path to controller.
[controller_server-8] [INFO] [1789890177.248310081] [controller_server]: Passing new path to controller.
[controller_server-8] [INFO] [1789890178.248395971] [controller_server]: Passing new path to controller.
[controller_server-8] [INFO] [1789890179.361706635] [controller_server]: Passing new path to controller.
[controller_server-8] [INFO] [1789890180.348415786] [controller_server]: Passing new path to controller.
[controller_server-8] [INFO] [1789890181.348315850] [controller_server]: Passing new path to controller.
[controller_server-8] [INFO] [1789890182.348448480] [controller_server]: Passing new path to controller.
[controller_server-8] [INFO] [1789890183.448419068] [controller_server]: Passing new path to controller.
[controller_server-8] [INFO] [1789890184.448301622] [controller_server]: Passing new path to controller.
[controller_server-8] [INFO] [1789890185.451861509] [controller_server]: Passing new path to controller.
[controller_server-8] [INFO] [1789890186.448373874] [controller_server]: Passing new path to controller.
[controller_server-8] [INFO] [1789890186.450100358] [controller_server]: Reached the goal!
[controller_server-8] [INFO] [1789890186.451373459] [controller_server]: Optimizer reset
[bt_navigator-13] [INFO] [1789890186.487255004] [bt_navigator]: Goal succeeded
[mission_executor-22] [INFO] [1789890218.347106700] [mission_executor]: [10] DELIVER done: delivered 4 units | measured 10.1 m, 57 s, 0.17 Wh, battery 43.5 -> 42.7 %
[python-19] INFO:     127.0.0.1:47402 - "POST /decide HTTP/1.1" 200 OK
[mission_executor-22] [INFO] [1789890218.352117433] [mission_executor]: decision: PICKUP:A - [routine] A has 2 units waiting; neural score +2.91, chosen over PICKUP:C by +0.97
[mission_executor-22] [INFO] [1789890218.352876281] [mission_executor]: [11] PICKUP:A from delivery: predicted 10.0 m, 56 s, 0.14 Wh
[bt_navigator-13] [INFO] [1789890218.354224768] [bt_navigator]: Begin navigating from current location (-0.14, -3.82) to (-5.97, 3.08)
[controller_server-8] [INFO] [1789890218.375372050] [controller_server]: Received a goal, begin computing control effort.
[controller_server-8] [INFO] [1789890219.475603677] [controller_server]: Passing new path to controller.
[controller_server-8] [INFO] [1789890220.475590607] [controller_server]: Passing new path to controller.
[controller_server-8] [INFO] [1789890221.475608168] [controller_server]: Passing new path to controller.
[controller_server-8] [INFO] [1789890222.575603212] [controller_server]: Passing new path to controller.
[controller_server-8] [INFO] [1789890223.581150768] [controller_server]: Passing new path to controller.
[controller_server-8] [INFO] [1789890224.575632289] [controller_server]: Passing new path to controller.
[controller_server-8] [INFO] [1789890225.575686106] [controller_server]: Passing new path to controller.
[controller_server-8] [INFO] [1789890226.675589475] [controller_server]: Passing new path to controller.
[controller_server-8] [INFO] [1789890227.675602531] [controller_server]: Passing new path to controller.
[controller_server-8] [INFO] [1789890228.675671691] [controller_server]: Passing new path to controller.
[controller_server-8] [INFO] [1789890229.675765269] [controller_server]: Passing new path to controller.
[controller_server-8] [INFO] [1789890230.775632327] [controller_server]: Passing new path to controller.
[controller_server-8] [INFO] [1789890231.775599999] [controller_server]: Passing new path to controller.
[controller_server-8] [INFO] [1789890232.775631697] [controller_server]: Passing new path to controller.
[controller_server-8] [INFO] [1789890233.775600308] [controller_server]: Passing new path to controller.
[controller_server-8] [INFO] [1789890234.875595902] [controller_server]: Passing new path to controller.
[controller_server-8] [INFO] [1789890235.875877714] [controller_server]: Passing new path to controller.
[controller_server-8] [INFO] [1789890236.875690135] [controller_server]: Passing new path to controller.
[controller_server-8] [INFO] [1789890237.875644297] [controller_server]: Passing new path to controller.
[controller_server-8] [INFO] [1789890238.975740689] [controller_server]: Passing new path to controller.
[controller_server-8] [INFO] [1789890239.975648408] [controller_server]: Passing new path to controller.
[controller_server-8] [INFO] [1789890239.977990129] [controller_server]: Reached the goal!
[controller_server-8] [INFO] [1789890239.978229675] [controller_server]: Optimizer reset
[bt_navigator-13] [INFO] [1789890240.015408618] [bt_navigator]: Goal succeeded
[factory_node-20] [INFO] [1789890270.597307928] [factory]: pickup A: took 2 units (1.60 kg), 0 left
[mission_executor-22] [INFO] [1789890271.799973697] [mission_executor]: [11] PICKUP:A done: took 2 units (1.60 kg), 0 left | measured 9.8 m, 53 s, 0.14 Wh, battery 42.7 -> 42.1 %
[python-19] INFO:     127.0.0.1:44454 - "POST /decide HTTP/1.1" 200 OK
[mission_executor-22] [INFO] [1789890271.804584425] [mission_executor]: decision: DELIVER - [routine] carrying 2 units; neural score +2.90, chosen over PICKUP:B by +0.06
[mission_executor-22] [INFO] [1789890271.805214301] [mission_executor]: [12] DELIVER from A: predicted 10.0 m, 56 s, 0.16 Wh
[bt_navigator-13] [INFO] [1789890271.806691940] [bt_navigator]: Begin navigating from current location (-5.80, 2.95) to (-0.23, -3.98)
[controller_server-8] [INFO] [1789890271.827898047] [controller_server]: Received a goal, begin computing control effort.
[controller_server-8] [INFO] [1789890272.928106313] [controller_server]: Passing new path to controller.
[controller_server-8] [INFO] [1789890273.928112823] [controller_server]: Passing new path to controller.
[controller_server-8] [INFO] [1789890274.928144550] [controller_server]: Passing new path to controller.
[controller_server-8] [INFO] [1789890275.928108346] [controller_server]: Passing new path to controller.
[controller_server-8] [INFO] [1789890277.028085662] [controller_server]: Passing new path to controller.
[controller_server-8] [INFO] [1789890278.028111219] [controller_server]: Passing new path to controller.
[controller_server-8] [INFO] [1789890279.028106028] [controller_server]: Passing new path to controller.
[controller_server-8] [INFO] [1789890280.028121340] [controller_server]: Passing new path to controller.
[controller_server-8] [INFO] [1789890281.128099388] [controller_server]: Passing new path to controller.
[controller_server-8] [INFO] [1789890282.128085178] [controller_server]: Passing new path to controller.
[controller_server-8] [INFO] [1789890283.128091044] [controller_server]: Passing new path to controller.
[controller_server-8] [INFO] [1789890284.128104845] [controller_server]: Passing new path to controller.
[controller_server-8] [INFO] [1789890285.228082789] [controller_server]: Passing new path to controller.
[controller_server-8] [INFO] [1789890286.228089465] [controller_server]: Passing new path to controller.
[controller_server-8] [INFO] [1789890287.228104025] [controller_server]: Passing new path to controller.
[controller_server-8] [INFO] [1789890288.228156135] [controller_server]: Passing new path to controller.
[controller_server-8] [INFO] [1789890289.328119733] [controller_server]: Passing new path to controller.
[controller_server-8] [INFO] [1789890290.328114004] [controller_server]: Passing new path to controller.
[controller_server-8] [INFO] [1789890291.328099073] [controller_server]: Passing new path to controller.
[controller_server-8] [INFO] [1789890292.328067814] [controller_server]: Passing new path to controller.
[controller_server-8] [INFO] [1789890293.428087958] [controller_server]: Passing new path to controller.
[controller_server-8] [INFO] [1789890294.428090929] [controller_server]: Passing new path to controller.
[controller_server-8] [INFO] [1789890295.428100008] [controller_server]: Passing new path to controller.
[controller_server-8] [INFO] [1789890296.229133419] [controller_server]: Reached the goal!
[controller_server-8] [INFO] [1789890296.229322963] [controller_server]: Optimizer reset
[bt_navigator-13] [INFO] [1789890296.257253623] [bt_navigator]: Goal succeeded
[mission_executor-22] [INFO] [1789890328.017725935] [mission_executor]: [12] DELIVER done: delivered 2 units | measured 9.8 m, 56 s, 0.16 Wh, battery 42.1 -> 41.4 %
[python-19] INFO:     127.0.0.1:56806 - "POST /decide HTTP/1.1" 200 OK
[mission_executor-22] [INFO] [1789890328.021907859] [mission_executor]: decision: PICKUP:C - [prevent a line from stopping] C fills in 172 s (16 s away)
[mission_executor-22] [INFO] [1789890328.022494102] [mission_executor]: [13] PICKUP:C from delivery: predicted 6.3 m, 46 s, 0.11 Wh
[bt_navigator-13] [INFO] [1789890328.023617882] [bt_navigator]: Begin navigating from current location (-0.28, -3.80) to (6.03, -3.42)
[controller_server-8] [INFO] [1789890328.044492913] [controller_server]: Received a goal, begin computing control effort.
[controller_server-8] [INFO] [1789890329.144711870] [controller_server]: Passing new path to controller.
[controller_server-8] [INFO] [1789890330.144793208] [controller_server]: Passing new path to controller.
[controller_server-8] [INFO] [1789890331.144684388] [controller_server]: Passing new path to controller.
[controller_server-8] [INFO] [1789890332.244710832] [controller_server]: Passing new path to controller.
[controller_server-8] [INFO] [1789890333.244813924] [controller_server]: Passing new path to controller.
[controller_server-8] [INFO] [1789890334.244786537] [controller_server]: Passing new path to controller.
[controller_server-8] [INFO] [1789890335.244792931] [controller_server]: Passing new path to controller.
[controller_server-8] [INFO] [1789890336.244787448] [controller_server]: Passing new path to controller.
[controller_server-8] [INFO] [1789890337.344929748] [controller_server]: Passing new path to controller.
[controller_server-8] [INFO] [1789890338.344767339] [controller_server]: Passing new path to controller.
[controller_server-8] [INFO] [1789890339.344779185] [controller_server]: Passing new path to controller.
[controller_server-8] [INFO] [1789890340.444758529] [controller_server]: Passing new path to controller.
[controller_server-8] [INFO] [1789890341.444807221] [controller_server]: Passing new path to controller.
[collision_monitor-16] [INFO] [1789890342.333329340] [collision_monitor]: Robot to approach for 1.200000 seconds away from collision
[controller_server-8] [INFO] [1789890342.445070111] [controller_server]: Passing new path to controller.
[collision_monitor-16] [INFO] [1789890342.994179098] [collision_monitor]: Robot to continue normal operation
[controller_server-8] [INFO] [1789890343.444736946] [controller_server]: Passing new path to controller.
[controller_server-8] [INFO] [1789890344.046302627] [controller_server]: Reached the goal!
[controller_server-8] [INFO] [1789890344.046709439] [controller_server]: Optimizer reset
[bt_navigator-13] [INFO] [1789890344.074417176] [bt_navigator]: Goal succeeded
[factory_node-20] [INFO] [1789890375.535237432] [factory]: pickup C: took 1 units (2.00 kg), 0 left
[mission_executor-22] [INFO] [1789890376.738276388] [mission_executor]: [13] PICKUP:C done: took 1 units (2.00 kg), 0 left | measured 6.4 m, 48 s, 0.11 Wh, battery 41.4 -> 40.9 %
[python-19] INFO:     127.0.0.1:50324 - "POST /decide HTTP/1.1" 200 OK
[mission_executor-22] [INFO] [1789890376.744079273] [mission_executor]: decision: PICKUP:B - [routine] B has 4 units waiting; neural score +4.90, chosen over DELIVER by +2.98
[mission_executor-22] [INFO] [1789890376.744796461] [mission_executor]: [14] PICKUP:B from C: predicted 9.2 m, 54 s, 0.16 Wh
[bt_navigator-13] [INFO] [1789890376.745935824] [bt_navigator]: Begin navigating from current location (6.00, -3.30) to (6.03, 3.08)
[controller_server-8] [INFO] [1789890376.766839146] [controller_server]: Received a goal, begin computing control effort.
[controller_server-8] [INFO] [1789890377.867081350] [controller_server]: Passing new path to controller.
[controller_server-8] [INFO] [1789890378.867116970] [controller_server]: Passing new path to controller.
[controller_server-8] [INFO] [1789890379.867084025] [controller_server]: Passing new path to controller.
[controller_server-8] [INFO] [1789890380.967093597] [controller_server]: Passing new path to controller.
[controller_server-8] [INFO] [1789890381.967097456] [controller_server]: Passing new path to controller.
[controller_server-8] [INFO] [1789890382.967105434] [controller_server]: Passing new path to controller.
[controller_server-8] [INFO] [1789890383.967100612] [controller_server]: Passing new path to controller.
[controller_server-8] [INFO] [1789890384.967174583] [controller_server]: Passing new path to controller.
[controller_server-8] [INFO] [1789890386.067108131] [controller_server]: Passing new path to controller.
[controller_server-8] [INFO] [1789890387.067149361] [controller_server]: Passing new path to controller.
[controller_server-8] [INFO] [1789890388.067083007] [controller_server]: Passing new path to controller.
[controller_server-8] [INFO] [1789890389.067076022] [controller_server]: Passing new path to controller.
[controller_server-8] [INFO] [1789890390.167078582] [controller_server]: Passing new path to controller.
[controller_server-8] [INFO] [1789890391.167093829] [controller_server]: Passing new path to controller.
[controller_server-8] [INFO] [1789890392.167082998] [controller_server]: Passing new path to controller.
[controller_server-8] [INFO] [1789890393.167072562] [controller_server]: Passing new path to controller.
[controller_server-8] [INFO] [1789890394.267069551] [controller_server]: Passing new path to controller.
[controller_server-8] [INFO] [1789890395.267122302] [controller_server]: Passing new path to controller.
[controller_server-8] [INFO] [1789890396.267097521] [controller_server]: Passing new path to controller.
[controller_server-8] [INFO] [1789890397.267149670] [controller_server]: Passing new path to controller.
[controller_server-8] [INFO] [1789890397.668442937] [controller_server]: Reached the goal!
[controller_server-8] [INFO] [1789890397.668752107] [controller_server]: Optimizer reset
[bt_navigator-13] [INFO] [1789890397.695047205] [bt_navigator]: Goal succeeded
[factory_node-20] [INFO] [1789890428.450195426] [factory]: pickup B: took 4 units (2.40 kg), 0 left
[mission_executor-22] [INFO] [1789890429.654375307] [mission_executor]: [14] PICKUP:B done: took 4 units (2.40 kg), 0 left | measured 9.2 m, 53 s, 0.16 Wh, battery 40.9 -> 40.2 %
[python-19] INFO:     127.0.0.1:37486 - "POST /decide HTTP/1.1" 200 OK
[mission_executor-22] [INFO] [1789890429.661068513] [mission_executor]: decision: DELIVER - [routine] carrying 5 units; neural score +5.88, chosen over WAIT:60 by +4.93
[mission_executor-22] [INFO] [1789890429.663099711] [mission_executor]: [15] DELIVER from B: predicted 10.3 m, 56 s, 0.20 Wh
[bt_navigator-13] [INFO] [1789890429.664671289] [bt_navigator]: Begin navigating from current location (5.99, 2.89) to (-0.23, -3.98)
[controller_server-8] [INFO] [1789890429.686091960] [controller_server]: Received a goal, begin computing control effort.
[controller_server-8] [INFO] [1789890430.786331253] [controller_server]: Passing new path to controller.
[controller_server-8] [INFO] [1789890431.786327590] [controller_server]: Passing new path to controller.
[controller_server-8] [INFO] [1789890432.786343262] [controller_server]: Passing new path to controller.
[controller_server-8] [INFO] [1789890433.886346802] [controller_server]: Passing new path to controller.
[controller_server-8] [INFO] [1789890434.886316513] [controller_server]: Passing new path to controller.
[controller_server-8] [INFO] [1789890435.886344356] [controller_server]: Passing new path to controller.
[controller_server-8] [INFO] [1789890436.886304996] [controller_server]: Passing new path to controller.
[controller_server-8] [INFO] [1789890437.986305182] [controller_server]: Passing new path to controller.
[controller_server-8] [INFO] [1789890438.986333358] [controller_server]: Passing new path to controller.
[controller_server-8] [INFO] [1789890439.986321774] [controller_server]: Passing new path to controller.
[controller_server-8] [INFO] [1789890441.086301209] [controller_server]: Passing new path to controller.
[controller_server-8] [INFO] [1789890442.086318800] [controller_server]: Passing new path to controller.
[controller_server-8] [INFO] [1789890443.086305648] [controller_server]: Passing new path to controller.
[controller_server-8] [INFO] [1789890444.086296184] [controller_server]: Passing new path to controller.
[controller_server-8] [INFO] [1789890445.186314203] [controller_server]: Passing new path to controller.
[controller_server-8] [INFO] [1789890446.186337042] [controller_server]: Passing new path to controller.
[controller_server-8] [INFO] [1789890447.186292565] [controller_server]: Passing new path to controller.
[controller_server-8] [INFO] [1789890448.186332290] [controller_server]: Passing new path to controller.
[controller_server-8] [INFO] [1789890449.286287384] [controller_server]: Passing new path to controller.
[controller_server-8] [INFO] [1789890450.286311865] [controller_server]: Passing new path to controller.
[controller_server-8] [INFO] [1789890451.286332281] [controller_server]: Passing new path to controller.
[controller_server-8] [INFO] [1789890452.286280637] [controller_server]: Passing new path to controller.
[controller_server-8] [INFO] [1789890453.386329408] [controller_server]: Passing new path to controller.
[controller_server-8] [INFO] [1789890454.386303501] [controller_server]: Passing new path to controller.
[controller_server-8] [INFO] [1789890454.587692915] [controller_server]: Reached the goal!
[controller_server-8] [INFO] [1789890454.587985889] [controller_server]: Optimizer reset
[bt_navigator-13] [INFO] [1789890454.615543443] [bt_navigator]: Goal succeeded
[mission_executor-22] [INFO] [1789890486.372128826] [mission_executor]: [15] DELIVER done: delivered 5 units | measured 10.2 m, 57 s, 0.20 Wh, battery 40.2 -> 39.2 %
[python-19] INFO:     127.0.0.1:57946 - "POST /decide HTTP/1.1" 200 OK
[mission_executor-22] [INFO] [1789890486.377073882] [mission_executor]: decision: PICKUP:A - [routine] A has 3 units waiting; neural score +3.91, chosen over PICKUP:B by +1.00
[mission_executor-22] [INFO] [1789890486.377663479] [mission_executor]: [16] PICKUP:A from delivery: predicted 10.0 m, 56 s, 0.14 Wh
[bt_navigator-13] [INFO] [1789890486.378639645] [bt_navigator]: Begin navigating from current location (-0.15, -3.82) to (-5.97, 3.08)
[controller_server-8] [INFO] [1789890486.399670450] [controller_server]: Received a goal, begin computing control effort.
[controller_server-8] [INFO] [1789890487.499895563] [controller_server]: Passing new path to controller.
[controller_server-8] [INFO] [1789890488.499890250] [controller_server]: Passing new path to controller.
[controller_server-8] [INFO] [1789890489.499904439] [controller_server]: Passing new path to controller.
[controller_server-8] [INFO] [1789890490.499880957] [controller_server]: Passing new path to controller.
[controller_server-8] [INFO] [1789890491.599872447] [controller_server]: Passing new path to controller.
[controller_server-8] [INFO] [1789890492.599904195] [controller_server]: Passing new path to controller.
[controller_server-8] [INFO] [1789890493.599879645] [controller_server]: Passing new path to controller.
[controller_server-8] [INFO] [1789890494.599969219] [controller_server]: Passing new path to controller.
[controller_server-8] [INFO] [1789890495.700964166] [controller_server]: Passing new path to controller.
[controller_server-8] [INFO] [1789890496.699926495] [controller_server]: Passing new path to controller.
[controller_server-8] [INFO] [1789890497.699957623] [controller_server]: Passing new path to controller.
[controller_server-8] [INFO] [1789890498.699922198] [controller_server]: Passing new path to controller.
[controller_server-8] [INFO] [1789890499.799902930] [controller_server]: Passing new path to controller.
[controller_server-8] [INFO] [1789890500.799926945] [controller_server]: Passing new path to controller.
[controller_server-8] [INFO] [1789890501.799886945] [controller_server]: Passing new path to controller.
[controller_server-8] [INFO] [1789890502.799894216] [controller_server]: Passing new path to controller.
[controller_server-8] [INFO] [1789890503.899912701] [controller_server]: Passing new path to controller.
[planner_server-10] [WARN] [1789890504.820841114] [planner_server]: GridBased plugin failed to plan from (-5.56, 1.40) to (-5.97, 3.08): "Either of the start or goal pose are an obstacle! "
[planner_server-10] [WARN] [1789890504.821001054] [planner_server]: [compute_path_to_pose] [ActionServer] Aborting handle.
[planner_server-10] [INFO] [1789890504.840193177] [global_costmap.global_costmap]: Received request to clear entirely the global_costmap
[planner_server-10] [WARN] [1789890505.471744176] [planner_server]: Planner loop missed its desired rate of 20.0000 Hz. Current loop rate is 1.5823 Hz
[controller_server-8] [INFO] [1789890505.499886831] [controller_server]: Passing new path to controller.
[controller_server-8] [INFO] [1789890506.599875316] [controller_server]: Passing new path to controller.
[controller_server-8] [INFO] [1789890507.599918549] [controller_server]: Passing new path to controller.
[controller_server-8] [INFO] [1789890508.001098607] [controller_server]: Reached the goal!
[controller_server-8] [INFO] [1789890508.001308469] [controller_server]: Optimizer reset
[bt_navigator-13] [INFO] [1789890508.029420588] [bt_navigator]: Goal succeeded
[factory_node-20] [INFO] [1789890538.562508707] [factory]: pickup A: took 3 units (2.40 kg), 0 left
[mission_executor-22] [INFO] [1789890539.765668121] [mission_executor]: [16] PICKUP:A done: took 3 units (2.40 kg), 0 left | measured 9.8 m, 53 s, 0.14 Wh, battery 39.2 -> 38.6 %
[python-19] INFO:     127.0.0.1:32840 - "POST /decide HTTP/1.1" 200 OK
[mission_executor-22] [INFO] [1789890539.774488278] [mission_executor]: decision: DELIVER - [routine] carrying 3 units; neural score +3.89, chosen over PICKUP:B by +0.07
[mission_executor-22] [INFO] [1789890539.776179647] [mission_executor]: [17] DELIVER from A: predicted 10.0 m, 56 s, 0.17 Wh
[bt_navigator-13] [INFO] [1789890539.778888573] [bt_navigator]: Begin navigating from current location (-5.84, 2.92) to (-0.23, -3.98)
[controller_server-8] [INFO] [1789890539.800276037] [controller_server]: Received a goal, begin computing control effort.
[controller_server-8] [INFO] [1789890540.900516330] [controller_server]: Passing new path to controller.
[controller_server-8] [INFO] [1789890541.900522628] [controller_server]: Passing new path to controller.
[controller_server-8] [INFO] [1789890542.900506644] [controller_server]: Passing new path to controller.
[controller_server-8] [INFO] [1789890544.000495391] [controller_server]: Passing new path to controller.
[controller_server-8] [INFO] [1789890545.000535118] [controller_server]: Passing new path to controller.
[controller_server-8] [INFO] [1789890546.000489832] [controller_server]: Passing new path to controller.
[controller_server-8] [INFO] [1789890547.000501628] [controller_server]: Passing new path to controller.
[controller_server-8] [INFO] [1789890548.100494367] [controller_server]: Passing new path to controller.
[controller_server-8] [INFO] [1789890549.100520459] [controller_server]: Passing new path to controller.
[controller_server-8] [INFO] [1789890550.100519532] [controller_server]: Passing new path to controller.
[controller_server-8] [INFO] [1789890551.100518013] [controller_server]: Passing new path to controller.
[controller_server-8] [INFO] [1789890552.200497446] [controller_server]: Passing new path to controller.
[controller_server-8] [INFO] [1789890553.200575209] [controller_server]: Passing new path to controller.
[controller_server-8] [INFO] [1789890554.200528261] [controller_server]: Passing new path to controller.
[controller_server-8] [INFO] [1789890555.200530050] [controller_server]: Passing new path to controller.
[controller_server-8] [INFO] [1789890556.300515274] [controller_server]: Passing new path to controller.
[controller_server-8] [INFO] [1789890557.300526029] [controller_server]: Passing new path to controller.
[controller_server-8] [INFO] [1789890558.300570232] [controller_server]: Passing new path to controller.
[controller_server-8] [INFO] [1789890559.300577523] [controller_server]: Passing new path to controller.
[controller_server-8] [INFO] [1789890560.300553646] [controller_server]: Passing new path to controller.
[controller_server-8] [INFO] [1789890561.400536650] [controller_server]: Passing new path to controller.
[controller_server-8] [INFO] [1789890562.400537167] [controller_server]: Passing new path to controller.
[controller_server-8] [INFO] [1789890563.400566938] [controller_server]: Passing new path to controller.
[controller_server-8] [INFO] [1789890564.001827675] [controller_server]: Reached the goal!
[controller_server-8] [INFO] [1789890564.002073841] [controller_server]: Optimizer reset
[bt_navigator-13] [INFO] [1789890564.029572407] [bt_navigator]: Goal succeeded
[mission_executor-22] [INFO] [1789890595.797390652] [mission_executor]: [17] DELIVER done: delivered 3 units | measured 9.8 m, 56 s, 0.17 Wh, battery 38.6 -> 37.8 %
[python-19] INFO:     127.0.0.1:59098 - "POST /decide HTTP/1.1" 200 OK
[mission_executor-22] [INFO] [1789890595.801900183] [mission_executor]: decision: PICKUP:C - [prevent a line from stopping] C fills in 134 s (16 s away)
[mission_executor-22] [INFO] [1789890595.802592387] [mission_executor]: [18] PICKUP:C from delivery: predicted 6.3 m, 46 s, 0.11 Wh
[bt_navigator-13] [INFO] [1789890595.803783988] [bt_navigator]: Begin navigating from current location (-0.26, -3.82) to (6.03, -3.42)
[controller_server-8] [INFO] [1789890595.824802129] [controller_server]: Received a goal, begin computing control effort.
[controller_server-8] [INFO] [1789890596.925260706] [controller_server]: Passing new path to controller.
[controller_server-8] [INFO] [1789890597.925301038] [controller_server]: Passing new path to controller.
[controller_server-8] [INFO] [1789890598.925223389] [controller_server]: Passing new path to controller.
[controller_server-8] [INFO] [1789890600.025237248] [controller_server]: Passing new path to controller.
[controller_server-8] [INFO] [1789890601.025286825] [controller_server]: Passing new path to controller.
[controller_server-8] [INFO] [1789890602.025222624] [controller_server]: Passing new path to controller.
[controller_server-8] [INFO] [1789890603.025286151] [controller_server]: Passing new path to controller.
[controller_server-8] [INFO] [1789890604.125245319] [controller_server]: Passing new path to controller.
[controller_server-8] [INFO] [1789890605.125213260] [controller_server]: Passing new path to controller.
[controller_server-8] [INFO] [1789890606.125236289] [controller_server]: Passing new path to controller.
[controller_server-8] [INFO] [1789890607.125272057] [controller_server]: Passing new path to controller.
[controller_server-8] [INFO] [1789890608.225253367] [controller_server]: Passing new path to controller.
[controller_server-8] [INFO] [1789890609.225251382] [controller_server]: Passing new path to controller.
[collision_monitor-16] [INFO] [1789890609.623027643] [collision_monitor]: Robot to approach for 1.200000 seconds away from collision
[controller_server-8] [INFO] [1789890610.225232910] [controller_server]: Passing new path to controller.
[collision_monitor-16] [INFO] [1789890610.373238072] [collision_monitor]: Robot to continue normal operation
[controller_server-8] [INFO] [1789890611.225226789] [controller_server]: Passing new path to controller.
[controller_server-8] [INFO] [1789890611.426528024] [controller_server]: Reached the goal!
[controller_server-8] [INFO] [1789890611.426818157] [controller_server]: Optimizer reset
[bt_navigator-13] [INFO] [1789890611.454686470] [bt_navigator]: Goal succeeded
[factory_node-20] [INFO] [1789890641.979422633] [factory]: pickup C: took 1 units (2.00 kg), 0 left
[mission_executor-22] [INFO] [1789890643.182823544] [mission_executor]: [18] PICKUP:C done: took 1 units (2.00 kg), 0 left | measured 6.3 m, 47 s, 0.11 Wh, battery 37.8 -> 37.3 %
[python-19] INFO:     127.0.0.1:47536 - "POST /decide HTTP/1.1" 200 OK
[mission_executor-22] [INFO] [1789890643.188025752] [mission_executor]: decision: PICKUP:B - [routine] B has 5 units waiting; neural score +4.90, chosen over DELIVER by +2.98
[mission_executor-22] [INFO] [1789890643.188712269] [mission_executor]: [19] PICKUP:B from C: predicted 9.2 m, 54 s, 0.16 Wh
[bt_navigator-13] [INFO] [1789890643.189940936] [bt_navigator]: Begin navigating from current location (5.96, -3.31) to (6.03, 3.08)
[controller_server-8] [INFO] [1789890643.210818319] [controller_server]: Received a goal, begin computing control effort.
[controller_server-8] [INFO] [1789890644.311077195] [controller_server]: Passing new path to controller.
[controller_server-8] [INFO] [1789890645.311036541] [controller_server]: Passing new path to controller.
[controller_server-8] [INFO] [1789890646.311028670] [controller_server]: Passing new path to controller.
[controller_server-8] [INFO] [1789890647.311023895] [controller_server]: Passing new path to controller.
[controller_server-8] [INFO] [1789890648.411036762] [controller_server]: Passing new path to controller.
[controller_server-8] [INFO] [1789890649.411000321] [controller_server]: Passing new path to controller.
[controller_server-8] [INFO] [1789890650.411002195] [controller_server]: Passing new path to controller.
[controller_server-8] [INFO] [1789890651.511021289] [controller_server]: Passing new path to controller.
[controller_server-8] [INFO] [1789890652.511018241] [controller_server]: Passing new path to controller.
[controller_server-8] [INFO] [1789890653.511112002] [controller_server]: Passing new path to controller.
[controller_server-8] [INFO] [1789890654.511044820] [controller_server]: Passing new path to controller.
[controller_server-8] [INFO] [1789890655.611113763] [controller_server]: Passing new path to controller.
[controller_server-8] [INFO] [1789890656.611060614] [controller_server]: Passing new path to controller.
[controller_server-8] [INFO] [1789890657.611084863] [controller_server]: Passing new path to controller.
[controller_server-8] [INFO] [1789890658.611213636] [controller_server]: Passing new path to controller.
[controller_server-8] [INFO] [1789890659.711046953] [controller_server]: Passing new path to controller.
[controller_server-8] [INFO] [1789890660.711051949] [controller_server]: Passing new path to controller.
[controller_server-8] [INFO] [1789890661.711058415] [controller_server]: Passing new path to controller.
[controller_server-8] [INFO] [1789890662.711047102] [controller_server]: Passing new path to controller.
[controller_server-8] [INFO] [1789890663.811068078] [controller_server]: Passing new path to controller.
[controller_server-8] [INFO] [1789890663.912610104] [controller_server]: Reached the goal!
[controller_server-8] [INFO] [1789890663.912859501] [controller_server]: Optimizer reset
[bt_navigator-13] [INFO] [1789890663.940697931] [bt_navigator]: Goal succeeded
[factory_node-20] [INFO] [1789890694.770456060] [factory]: pickup B: took 5 units (3.00 kg), 0 left
[mission_executor-22] [INFO] [1789890695.972405787] [mission_executor]: [19] PICKUP:B done: took 5 units (3.00 kg), 0 left | measured 9.1 m, 52 s, 0.15 Wh, battery 37.3 -> 36.6 %
[python-19] INFO:     127.0.0.1:40170 - "POST /decide HTTP/1.1" 200 OK
[mission_executor-22] [INFO] [1789890695.977041232] [mission_executor]: decision: DELIVER - [prevent a line from stopping] the robot is full and cannot collect anything else
[mission_executor-22] [INFO] [1789890695.977943064] [mission_executor]: [20] DELIVER from B: predicted 10.3 m, 56 s, 0.21 Wh
[bt_navigator-13] [INFO] [1789890695.979290246] [bt_navigator]: Begin navigating from current location (6.02, 2.88) to (-0.23, -3.98)
[controller_server-8] [INFO] [1789890696.000653573] [controller_server]: Received a goal, begin computing control effort.
[controller_server-8] [INFO] [1789890697.101591448] [controller_server]: Passing new path to controller.
[controller_server-8] [INFO] [1789890698.100883662] [controller_server]: Passing new path to controller.
[controller_server-8] [INFO] [1789890699.101842155] [controller_server]: Passing new path to controller.
[controller_server-8] [INFO] [1789890700.100913872] [controller_server]: Passing new path to controller.
[controller_server-8] [INFO] [1789890701.200881401] [controller_server]: Passing new path to controller.
[controller_server-8] [INFO] [1789890702.200892927] [controller_server]: Passing new path to controller.
[controller_server-8] [INFO] [1789890703.201142090] [controller_server]: Passing new path to controller.
[controller_server-8] [INFO] [1789890704.200975840] [controller_server]: Passing new path to controller.
[controller_server-8] [INFO] [1789890705.300881938] [controller_server]: Passing new path to controller.
[controller_server-8] [INFO] [1789890706.300941375] [controller_server]: Passing new path to controller.
[controller_server-8] [INFO] [1789890707.300871747] [controller_server]: Passing new path to controller.
[controller_server-8] [INFO] [1789890708.401041169] [controller_server]: Passing new path to controller.
[controller_server-8] [INFO] [1789890709.400864584] [controller_server]: Passing new path to controller.
[controller_server-8] [INFO] [1789890710.400872484] [controller_server]: Passing new path to controller.
[controller_server-8] [INFO] [1789890711.400862498] [controller_server]: Passing new path to controller.
[controller_server-8] [INFO] [1789890712.400879222] [controller_server]: Passing new path to controller.
[controller_server-8] [INFO] [1789890713.500880352] [controller_server]: Passing new path to controller.
[controller_server-8] [INFO] [1789890714.500899769] [controller_server]: Passing new path to controller.
[controller_server-8] [INFO] [1789890715.500890810] [controller_server]: Passing new path to controller.
[controller_server-8] [INFO] [1789890716.500882130] [controller_server]: Passing new path to controller.
[controller_server-8] [INFO] [1789890717.600864077] [controller_server]: Passing new path to controller.
[controller_server-8] [INFO] [1789890718.600865166] [controller_server]: Passing new path to controller.
[controller_server-8] [INFO] [1789890719.600899267] [controller_server]: Passing new path to controller.
[controller_server-8] [INFO] [1789890720.600976942] [controller_server]: Passing new path to controller.
[controller_server-8] [INFO] [1789890721.003297855] [controller_server]: Reached the goal!
[controller_server-8] [INFO] [1789890721.004386272] [controller_server]: Optimizer reset
[bt_navigator-13] [INFO] [1789890721.030000267] [bt_navigator]: Goal succeeded
[mission_executor-22] [INFO] [1789890752.791742050] [mission_executor]: [20] DELIVER done: delivered 6 units | measured 10.2 m, 57 s, 0.21 Wh, battery 36.6 -> 35.7 %
[python-19] INFO:     127.0.0.1:35952 - "POST /decide HTTP/1.1" 200 OK
[mission_executor-22] [INFO] [1789890752.797225399] [mission_executor]: decision: PICKUP:A - [routine] A has 2 units waiting; neural score +2.91, chosen over PICKUP:C by +0.97
[mission_executor-22] [INFO] [1789890752.798934746] [mission_executor]: [21] PICKUP:A from delivery: predicted 10.0 m, 56 s, 0.14 Wh
[bt_navigator-13] [INFO] [1789890752.800030905] [bt_navigator]: Begin navigating from current location (-0.17, -3.83) to (-5.97, 3.08)
[controller_server-8] [INFO] [1789890752.821589181] [controller_server]: Received a goal, begin computing control effort.
[controller_server-8] [INFO] [1789890753.921840203] [controller_server]: Passing new path to controller.
[controller_server-8] [INFO] [1789890754.921883387] [controller_server]: Passing new path to controller.
[controller_server-8] [INFO] [1789890755.921856741] [controller_server]: Passing new path to controller.
[controller_server-8] [INFO] [1789890757.021851087] [controller_server]: Passing new path to controller.
[controller_server-8] [INFO] [1789890758.021877184] [controller_server]: Passing new path to controller.
[controller_server-8] [INFO] [1789890759.021861439] [controller_server]: Passing new path to controller.
[controller_server-8] [INFO] [1789890760.022161050] [controller_server]: Passing new path to controller.
[controller_server-8] [INFO] [1789890761.124033670] [controller_server]: Passing new path to controller.
[controller_server-8] [INFO] [1789890762.121826270] [controller_server]: Passing new path to controller.
[controller_server-8] [INFO] [1789890763.121848050] [controller_server]: Passing new path to controller.
[controller_server-8] [INFO] [1789890764.121851513] [controller_server]: Passing new path to controller.
[controller_server-8] [INFO] [1789890765.221849793] [controller_server]: Passing new path to controller.
[controller_server-8] [INFO] [1789890766.221818466] [controller_server]: Passing new path to controller.
[controller_server-8] [INFO] [1789890767.221862893] [controller_server]: Passing new path to controller.
[controller_server-8] [INFO] [1789890768.321938099] [controller_server]: Passing new path to controller.
[controller_server-8] [INFO] [1789890769.321867133] [controller_server]: Passing new path to controller.
[controller_server-8] [INFO] [1789890770.321830408] [controller_server]: Passing new path to controller.
[controller_server-8] [INFO] [1789890771.321999855] [controller_server]: Passing new path to controller.
[controller_server-8] [INFO] [1789890772.421874721] [controller_server]: Passing new path to controller.
[controller_server-8] [INFO] [1789890773.422412375] [controller_server]: Passing new path to controller.
[controller_server-8] [INFO] [1789890774.324250761] [controller_server]: Reached the goal!
[controller_server-8] [INFO] [1789890774.324454054] [controller_server]: Optimizer reset
[bt_navigator-13] [INFO] [1789890774.350807982] [bt_navigator]: Goal succeeded
[factory_node-20] [INFO] [1789890804.928663290] [factory]: pickup A: took 2 units (1.60 kg), 0 left
[mission_executor-22] [INFO] [1789890806.132991962] [mission_executor]: [21] PICKUP:A done: took 2 units (1.60 kg), 0 left | measured 9.8 m, 53 s, 0.14 Wh, battery 35.7 -> 35.1 %
[python-19] INFO:     127.0.0.1:36720 - "POST /decide HTTP/1.1" 200 OK
[mission_executor-22] [INFO] [1789890806.137325239] [mission_executor]: decision: DELIVER - [routine] carrying 2 units; neural score +2.90, chosen over PICKUP:B by +0.06
[mission_executor-22] [INFO] [1789890806.138690130] [mission_executor]: [22] DELIVER from A: predicted 10.0 m, 56 s, 0.16 Wh
[bt_navigator-13] [INFO] [1789890806.139812835] [bt_navigator]: Begin navigating from current location (-5.84, 2.91) to (-0.23, -3.98)
[controller_server-8] [INFO] [1789890806.161052438] [controller_server]: Received a goal, begin computing control effort.
[controller_server-8] [INFO] [1789890807.261286813] [controller_server]: Passing new path to controller.
[controller_server-8] [INFO] [1789890808.261298036] [controller_server]: Passing new path to controller.
[controller_server-8] [INFO] [1789890809.261308009] [controller_server]: Passing new path to controller.
[controller_server-8] [INFO] [1789890810.261269538] [controller_server]: Passing new path to controller.
[controller_server-8] [INFO] [1789890811.361291409] [controller_server]: Passing new path to controller.
[controller_server-8] [INFO] [1789890812.361278284] [controller_server]: Passing new path to controller.
[controller_server-8] [INFO] [1789890813.361286156] [controller_server]: Passing new path to controller.
[controller_server-8] [INFO] [1789890814.461283163] [controller_server]: Passing new path to controller.
[controller_server-8] [INFO] [1789890815.461318961] [controller_server]: Passing new path to controller.
[controller_server-8] [INFO] [1789890816.461294029] [controller_server]: Passing new path to controller.
[controller_server-8] [INFO] [1789890817.461296207] [controller_server]: Passing new path to controller.
[controller_server-8] [INFO] [1789890818.561327678] [controller_server]: Passing new path to controller.
[controller_server-8] [INFO] [1789890819.561307967] [controller_server]: Passing new path to controller.
[controller_server-8] [INFO] [1789890820.561365989] [controller_server]: Passing new path to controller.
[controller_server-8] [INFO] [1789890821.561286902] [controller_server]: Passing new path to controller.
[controller_server-8] [INFO] [1789890822.661303181] [controller_server]: Passing new path to controller.
[controller_server-8] [INFO] [1789890823.661301180] [controller_server]: Passing new path to controller.
[controller_server-8] [INFO] [1789890824.661285912] [controller_server]: Passing new path to controller.
[controller_server-8] [INFO] [1789890825.661292381] [controller_server]: Passing new path to controller.
[controller_server-8] [INFO] [1789890826.761315489] [controller_server]: Passing new path to controller.
[controller_server-8] [INFO] [1789890827.761286785] [controller_server]: Passing new path to controller.
[controller_server-8] [INFO] [1789890828.761285737] [controller_server]: Passing new path to controller.
[controller_server-8] [INFO] [1789890829.761280395] [controller_server]: Passing new path to controller.
[controller_server-8] [INFO] [1789890830.563816989] [controller_server]: Reached the goal!
[controller_server-8] [INFO] [1789890830.564123432] [controller_server]: Optimizer reset
[bt_navigator-13] [INFO] [1789890830.590552400] [bt_navigator]: Goal succeeded
[mission_executor-22] [INFO] [1789890862.419360171] [mission_executor]: [22] DELIVER done: delivered 2 units | measured 9.9 m, 56 s, 0.16 Wh, battery 35.1 -> 34.3 %
[mission_executor-22] [INFO] [1789890862.420237934] [mission_executor]: shift over
[mission_executor-22] [INFO] [1789890862.426038515] [mission_executor]: MISSION COMPLETE
[mission_executor-22] run_id: run_20260920_093400
[mission_executor-22] scenario: heavy_load
[mission_executor-22] seed: 1
[mission_executor-22] plan: ''
[mission_executor-22] ended_by: plan_finished
[mission_executor-22] actions: 22
[mission_executor-22] succeeded: 22
[mission_executor-22] failed: 0
[mission_executor-22] sim_duration_s: 1201.9
[mission_executor-22] distance_m: 215.48
[mission_executor-22] energy_drawn_wh: 3.438
[mission_executor-22] energy_charged_wh: 0.0
[mission_executor-22] battery_end_percent: 34.32
[mission_executor-22] delivered_units:
[mission_executor-22]   A: 12
[mission_executor-22]   B: 20
[mission_executor-22]   C: 2
[mission_executor-22] model: ns
[mission_executor-22] planner: ThetaStar
[mission_executor-22] decisions:
[mission_executor-22]   asked: 22
[mission_executor-22]   answered_by_model: 22
[mission_executor-22]   fallback: 0
[mission_executor-22]   mean_latency_ms: 84.9
[mission_executor-22] navigation:
[mission_executor-22]   drives: 22
[mission_executor-22]   drive_attempt_failures: 1
[mission_executor-22]   timeouts: 0
[mission_executor-22]   recovered_after_retry: 1
[mission_executor-22]   goals_abandoned: 0
[mission_executor-22]   returned_to_charger: 0
[mission_executor-22] prediction_error_percent (non-charge actions, total measured vs predicted):
[mission_executor-22]   duration: -1.6
[mission_executor-22]   distance: -1.2
[mission_executor-22]   energy: -1.4
[mission_executor-22] 
[waypoint_follower-14] [INFO] [1789890865.884242283] [rclcpp]: signal_handler(SIGINT/SIGTERM)
[waypoint_follower-14] [INFO] [1789890865.884422944] [waypoint_follower]: Running Nav2 LifecycleNode rcl preshutdown (waypoint_follower)
[waypoint_follower-14] [INFO] [1789890865.884843158] [waypoint_follower]: Deactivating
[waypoint_follower-14] [INFO] [1789890865.885009370] [waypoint_follower]: Destroying bond (waypoint_follower) to lifecycle manager.
[collision_monitor-16] [INFO] [1789890865.884346614] [rclcpp]: signal_handler(SIGINT/SIGTERM)
[collision_monitor-16] [INFO] [1789890865.884509937] [collision_monitor]: Running Nav2 LifecycleNode rcl preshutdown (collision_monitor)
[collision_monitor-16] [INFO] [1789890865.884828609] [collision_monitor]: Deactivating
[collision_monitor-16] [INFO] [1789890865.885003690] [collision_monitor]: Destroying bond (collision_monitor) to lifecycle manager.
[map_server-5] [INFO] [1789890865.884612175] [rclcpp]: signal_handler(SIGINT/SIGTERM)
[map_server-5] [INFO] [1789890865.884834489] [map_server]: Running Nav2 LifecycleNode rcl preshutdown (map_server)
[map_server-5] [INFO] [1789890865.885047136] [map_server]: Deactivating
[map_server-5] [INFO] [1789890865.885191725] [map_server]: Destroying bond (map_server) to lifecycle manager.
[lifecycle_manager-18] [INFO] [1789890865.884725175] [rclcpp]: signal_handler(SIGINT/SIGTERM)
[lifecycle_manager-18] [INFO] [1789890865.884903744] [lifecycle_manager_navigation]: Running Nav2 LifecycleManager rcl preshutdown (lifecycle_manager_navigation)
[lifecycle_manager-18] [INFO] [1789890865.884976785] [lifecycle_manager_navigation]: [34m[1mTerminating bond timer...[0m[0m
[opennav_docking-17] [INFO] [1789890865.884840567] [rclcpp]: signal_handler(SIGINT/SIGTERM)
[opennav_docking-17] [INFO] [1789890865.884905537] [docking_server]: Running Nav2 LifecycleNode rcl preshutdown (docking_server)
[opennav_docking-17] [INFO] [1789890865.885071450] [docking_server]: Deactivating docking_server
[parameter_bridge-4] [INFO] [1789890865.884888498] [rclcpp]: signal_handler(SIGINT/SIGTERM)
[robot_state_publisher-2] [INFO] [1789890865.885495152] [rclcpp]: signal_handler(SIGINT/SIGTERM)
[controller_server-8] [INFO] [1789890865.885519067] [rclcpp]: signal_handler(SIGINT/SIGTERM)
[controller_server-8] [INFO] [1789890865.885650801] [controller_server]: Running Nav2 LifecycleNode rcl preshutdown (controller_server)
[controller_server-8] [INFO] [1789890865.885861855] [controller_server]: Deactivating
[controller_server-8] [INFO] [1789890865.885910084] [MPPIController]: Deactivated MPPI Controller: FollowPath
[bt_navigator-13] [INFO] [1789890865.885644424] [rclcpp]: signal_handler(SIGINT/SIGTERM)
[bt_navigator-13] [INFO] [1789890865.885717665] [bt_navigator]: Running Nav2 LifecycleNode rcl preshutdown (bt_navigator)
[amcl-6] [INFO] [1789890865.885786322] [rclcpp]: signal_handler(SIGINT/SIGTERM)
[amcl-6] [INFO] [1789890865.885970371] [amcl]: Running Nav2 LifecycleNode rcl preshutdown (amcl)
[amcl-6] [INFO] [1789890865.886072808] [amcl]: Deactivating
[amcl-6] [INFO] [1789890865.886115557] [amcl]: Destroying bond (amcl) to lifecycle manager.
[controller_server-8] [INFO] [1789890865.886012123] [local_costmap.local_costmap]: Deactivating
[bt_navigator-13] [INFO] [1789890865.886002756] [bt_navigator]: Deactivating
[bt_navigator-13] [INFO] [1789890865.886217297] [bt_navigator]: Destroying bond (bt_navigator) to lifecycle manager.
[velocity_smoother-15] [INFO] [1789890865.886097920] [rclcpp]: signal_handler(SIGINT/SIGTERM)
[velocity_smoother-15] [INFO] [1789890865.886767551] [velocity_smoother]: Running Nav2 LifecycleNode rcl preshutdown (velocity_smoother)
[velocity_smoother-15] [INFO] [1789890865.887004313] [velocity_smoother]: Deactivating
[velocity_smoother-15] [INFO] [1789890865.887042678] [velocity_smoother]: Destroying bond (velocity_smoother) to lifecycle manager.
[route_server-11] [INFO] [1789890865.887001125] [rclcpp]: signal_handler(SIGINT/SIGTERM)
[route_server-11] [INFO] [1789890865.887148404] [route_server]: Running Nav2 LifecycleNode rcl preshutdown (route_server)
[route_server-11] [INFO] [1789890865.887368027] [route_server]: Deactivating
[route_server-11] [INFO] [1789890865.887403501] [route_server]: Destroying bond (route_server) to lifecycle manager.
[smoother_server-9] [INFO] [1789890865.887682514] [rclcpp]: signal_handler(SIGINT/SIGTERM)
[smoother_server-9] [INFO] [1789890865.887863076] [smoother_server]: Running Nav2 LifecycleNode rcl preshutdown (smoother_server)
[smoother_server-9] [INFO] [1789890865.888312586] [smoother_server]: Deactivating
[smoother_server-9] [INFO] [1789890865.888835536] [smoother_server]: Destroying bond (smoother_server) to lifecycle manager.
[planner_server-10] [INFO] [1789890865.888690250] [rclcpp]: signal_handler(SIGINT/SIGTERM)
[planner_server-10] [INFO] [1789890865.888777441] [planner_server]: Running Nav2 LifecycleNode rcl preshutdown (planner_server)
[planner_server-10] [INFO] [1789890865.888920535] [planner_server]: Deactivating
[planner_server-10] [INFO] [1789890865.888962985] [global_costmap.global_costmap]: Deactivating
[behavior_server-12] [INFO] [1789890865.889122222] [rclcpp]: signal_handler(SIGINT/SIGTERM)
[behavior_server-12] [INFO] [1789890865.889315438] [behavior_server]: Running Nav2 LifecycleNode rcl preshutdown (behavior_server)
[behavior_server-12] [INFO] [1789890865.889448667] [behavior_server]: Deactivating
[behavior_server-12] [INFO] [1789890865.889537652] [behavior_server]: Destroying bond (behavior_server) to lifecycle manager.
[lifecycle_manager-7] [INFO] [1789890865.891554419] [rclcpp]: signal_handler(SIGINT/SIGTERM)
[lifecycle_manager-7] [INFO] [1789890865.891641311] [lifecycle_manager_localization]: Running Nav2 LifecycleManager rcl preshutdown (lifecycle_manager_localization)
[lifecycle_manager-7] [INFO] [1789890865.891786298] [lifecycle_manager_localization]: [34m[1mTerminating bond timer...[0m[0m
[collision_monitor-16] [INFO] [1789890865.896511584] [collision_monitor]: Cleaning up
[collision_monitor-16] [INFO] [1789890865.897085155] [collision_monitor]: [FootprintApproach]: Destroying Polygon
[collision_monitor-16] [INFO] [1789890865.897141456] [collision_monitor]: [scan]: Destroying Scan
[bt_navigator-13] [INFO] [1789890865.896979728] [bt_navigator]: Cleaning up
[velocity_smoother-15] [INFO] [1789890865.897712635] [velocity_smoother]: Cleaning up
[velocity_smoother-15] [INFO] [1789890865.897750003] [velocity_smoother]: Destroying bond (velocity_smoother) to lifecycle manager.
[route_server-11] [INFO] [1789890865.897837095] [route_server]: Cleaning up
[map_server-5] [INFO] [1789890865.898098670] [map_server]: Cleaning up
[map_server-5] [INFO] [1789890865.898209478] [map_server]: Destroying bond (map_server) to lifecycle manager.
[waypoint_follower-14] [INFO] [1789890865.898801185] [waypoint_follower]: Cleaning up
[smoother_server-9] [INFO] [1789890865.901548068] [smoother_server]: Cleaning up
[collision_monitor-16] [INFO] [1789890865.910534382] [collision_monitor]: Destroying bond (collision_monitor) to lifecycle manager.
[amcl-6] [INFO] [1789890865.912374971] [amcl]: Cleaning up
[behavior_server-12] [INFO] [1789890865.912484982] [behavior_server]: Cleaning up
[velocity_smoother-15] [INFO] [1789890865.916084350] [velocity_smoother]: Destroying
[behavior_server-12] [INFO] [1789890865.921435721] [behavior_server]: Destroying bond (behavior_server) to lifecycle manager.
[controller_server-8] [INFO] [1789890865.934777228] [controller_server]: Destroying bond (controller_server) to lifecycle manager.
[opennav_docking-17] [INFO] [1789890865.942200172] [docking_server]: Destroying bond (docking_server) to lifecycle manager.
[python-19] INFO:     Shutting down
[controller_server-8] [INFO] [1789890865.945827640] [controller_server]: Cleaning up
[controller_server-8] [INFO] [1789890865.949309524] [MPPIController]: Cleaned up MPPI Controller: FollowPath
[controller_server-8] [INFO] [1789890865.949659785] [local_costmap.local_costmap]: Cleaning up
[opennav_docking-17] [INFO] [1789890865.956353209] [docking_server]: Cleaning up docking_server
[amcl-6] [INFO] [1789890865.962212084] [amcl]: Destroying bond (amcl) to lifecycle manager.
[smoother_server-9] [INFO] [1789890865.963261871] [smoother_server]: Destroying bond (smoother_server) to lifecycle manager.
[collision_monitor-16] [INFO] [1789890865.968538706] [collision_monitor]: Destroying
[waypoint_follower-14] [INFO] [1789890865.970268288] [waypoint_follower]: Destroying bond (waypoint_follower) to lifecycle manager.
[map_server-5] [INFO] [1789890865.975727477] [map_server]: Destroying
[lifecycle_manager-7] [INFO] [1789890865.979485982] [lifecycle_manager_localization]: Destroying lifecycle_manager_localization
[amcl-6] [INFO] [1789890865.984409666] [amcl]: Destroying
[smoother_server-9] [INFO] [1789890866.019167131] [smoother_server]: Destroying
[route_server-11] [INFO] [1789890866.027129315] [route_server]: Destroying bond (route_server) to lifecycle manager.
[route_server-11] [INFO] [1789890866.036237960] [route_server]: Destroying
[waypoint_follower-14] [INFO] [1789890866.040343709] [waypoint_follower]: Destroying
[opennav_docking-17] [INFO] [1789890866.041420845] [docking_server]: Destroying bond (docking_server) to lifecycle manager.
[python-19] INFO:     Waiting for application shutdown.
[python-19] INFO:     Application shutdown complete.
[python-19] INFO:     Finished server process [15955]
[opennav_docking-17] [INFO] [1789890866.071730771] [docking_server]: Destroying
[controller_server-8] [INFO] [1789890866.091677517] [controller_server]: Destroying bond (controller_server) to lifecycle manager.
[INFO] [parameter_bridge-4]: process has finished cleanly [pid 15563]
[behavior_server-12] [INFO] [1789890866.109288508] [behavior_server]: Destroying
[controller_server-8] [INFO] [1789890866.118808326] [local_costmap.local_costmap]: Destroying
[INFO] [robot_state_publisher-2]: process has finished cleanly [pid 15560]
[controller_server-8] [INFO] [1789890866.144394748] [controller_server]: Destroying
[robot_state_node-21] Traceback (most recent call last):
[robot_state_node-21]   File "/home/robojazzy/robofetch_ws_copy/robofetch_ws/install/robofetch_core/lib/robofetch_core/robot_state_node", line 33, in <module>
[robot_state_node-21]     sys.exit(load_entry_point('robofetch-core', 'console_scripts', 'robot_state_node')())
[robot_state_node-21]              ^^^^^^^^^^^^^^^^^^^^^^^^^^^^^^^^^^^^^^^^^^^^^^^^^^^^^^^^^^^^^^^^^^^^^^^^^^^
[robot_state_node-21]   File "/home/robojazzy/robofetch_ws_copy/robofetch_ws/build/robofetch_core/robofetch_core/robot_state_node.py", line 186, in main
[robot_state_node-21]     rclpy.spin(node)
[robot_state_node-21]   File "/opt/ros/jazzy/lib/python3.12/site-packages/rclpy/__init__.py", line 247, in spin
[robot_state_node-21]     executor.spin_once()
[robot_state_node-21]   File "/opt/ros/jazzy/lib/python3.12/site-packages/rclpy/executors.py", line 926, in spin_once
[robot_state_node-21]     self._spin_once_impl(timeout_sec)
[robot_state_node-21]   File "/opt/ros/jazzy/lib/python3.12/site-packages/rclpy/executors.py", line 907, in _spin_once_impl
[factory_node-20] Traceback (most recent call last):
[factory_node-20]   File "/home/robojazzy/robofetch_ws_copy/robofetch_ws/install/robofetch_factory/lib/robofetch_factory/factory_node", line 33, in <module>
[factory_node-20]     sys.exit(load_entry_point('robofetch-factory', 'console_scripts', 'factory_node')())
[factory_node-20]              ^^^^^^^^^^^^^^^^^^^^^^^^^^^^^^^^^^^^^^^^^^^^^^^^^^^^^^^^^^^^^^^^^^^^^^^^^^
[factory_node-20]   File "/home/robojazzy/robofetch_ws_copy/robofetch_ws/build/robofetch_factory/robofetch_factory/factory_node.py", line 155, in main
[INFO] [velocity_smoother-15]: process has finished cleanly [pid 15576]
[robot_state_node-21]     handler, entity, node = self.wait_for_ready_callbacks(
[robot_state_node-21]                             ^^^^^^^^^^^^^^^^^^^^^^^^^^^^^^
[robot_state_node-21]   File "/opt/ros/jazzy/lib/python3.12/site-packages/rclpy/executors.py", line 877, in wait_for_ready_callbacks
[robot_state_node-21]     return next(self._cb_iter)
[robot_state_node-21]            ^^^^^^^^^^^^^^^^^^^
[robot_state_node-21]   File "/opt/ros/jazzy/lib/python3.12/site-packages/rclpy/executors.py", line 785, in _wait_for_ready_callbacks
[robot_state_node-21]     raise ExternalShutdownException()
[robot_state_node-21] rclpy.executors.ExternalShutdownException
[factory_node-20]     rclpy.spin(node)
[factory_node-20]   File "/opt/ros/jazzy/lib/python3.12/site-packages/rclpy/__init__.py", line 247, in spin
[factory_node-20]     executor.spin_once()
[factory_node-20]   File "/opt/ros/jazzy/lib/python3.12/site-packages/rclpy/executors.py", line 926, in spin_once
[factory_node-20]     self._spin_once_impl(timeout_sec)
[factory_node-20]   File "/opt/ros/jazzy/lib/python3.12/site-packages/rclpy/executors.py", line 907, in _spin_once_impl
[factory_node-20]     handler, entity, node = self.wait_for_ready_callbacks(
[factory_node-20]                             ^^^^^^^^^^^^^^^^^^^^^^^^^^^^^^
[factory_node-20]   File "/opt/ros/jazzy/lib/python3.12/site-packages/rclpy/executors.py", line 877, in wait_for_ready_callbacks
[factory_node-20]     return next(self._cb_iter)
[factory_node-20]            ^^^^^^^^^^^^^^^^^^^
[factory_node-20]   File "/opt/ros/jazzy/lib/python3.12/site-packages/rclpy/executors.py", line 785, in _wait_for_ready_callbacks
[factory_node-20]     raise ExternalShutdownException()
[factory_node-20] rclpy.executors.ExternalShutdownException
[INFO] [amcl-6]: process has finished cleanly [pid 15565]
[INFO] [lifecycle_manager-7]: process has finished cleanly [pid 15566]
[lifecycle_manager-18] [INFO] [1789890866.184038528] [lifecycle_manager_navigation]: Destroying lifecycle_manager_navigation
[mission_executor-22] Traceback (most recent call last):
[mission_executor-22]   File "/home/robojazzy/robofetch_ws_copy/robofetch_ws/install/robofetch_core/lib/robofetch_core/mission_executor", line 33, in <module>
[mission_executor-22]     sys.exit(load_entry_point('robofetch-core', 'console_scripts', 'mission_executor')())
[mission_executor-22]              ^^^^^^^^^^^^^^^^^^^^^^^^^^^^^^^^^^^^^^^^^^^^^^^^^^^^^^^^^^^^^^^^^^^^^^^^^^^
[mission_executor-22]   File "/home/robojazzy/robofetch_ws_copy/robofetch_ws/build/robofetch_core/robofetch_core/mission_executor.py", line 716, in main
[mission_executor-22]     executor.spin()
[mission_executor-22]   File "/opt/ros/jazzy/lib/python3.12/site-packages/rclpy/executors.py", line 359, in spin
[mission_executor-22]     self._spin_once_impl()
[mission_executor-22]   File "/opt/ros/jazzy/lib/python3.12/site-packages/rclpy/executors.py", line 907, in _spin_once_impl
[mission_executor-22]     handler, entity, node = self.wait_for_ready_callbacks(
[mission_executor-22]                             ^^^^^^^^^^^^^^^^^^^^^^^^^^^^^^
[mission_executor-22]   File "/opt/ros/jazzy/lib/python3.12/site-packages/rclpy/executors.py", line 877, in wait_for_ready_callbacks
[mission_executor-22]     return next(self._cb_iter)
[mission_executor-22]            ^^^^^^^^^^^^^^^^^^^
[mission_executor-22]   File "/opt/ros/jazzy/lib/python3.12/site-packages/rclpy/executors.py", line 785, in _wait_for_ready_callbacks
[mission_executor-22]     raise ExternalShutdownException()
[mission_executor-22] rclpy.executors.ExternalShutdownException
[INFO] [collision_monitor-16]: process has finished cleanly [pid 15577]
[INFO] [map_server-5]: process has finished cleanly [pid 15564]
[INFO] [smoother_server-9]: process has finished cleanly [pid 15568]
[INFO] [route_server-11]: process has finished cleanly [pid 15570]
[bt_navigator-13] [INFO] [1789890866.224684342] [bt_navigator]: Completed Cleaning up
[bt_navigator-13] [INFO] [1789890866.224772792] [bt_navigator]: Destroying bond (bt_navigator) to lifecycle manager.
[INFO] [opennav_docking-17]: process has finished cleanly [pid 15578]
[INFO] [waypoint_follower-14]: process has finished cleanly [pid 15573]
[bt_navigator-13] [INFO] [1789890866.239077869] [bt_navigator]: Destroying
[INFO] [behavior_server-12]: process has finished cleanly [pid 15571]
[gazebo-1] [1;36m[Dbg] [GpuLidarSensor.cc:164] [0m[1;36mLidar points for [[0m[1;36mrobofetch::base_footprint::lidar[0m[1;36m] advertised on [[0m[1;36mscan/points[0m[1;36m][0m[1;36m[0m
[gazebo-1] [1;36m[Dbg] [SignalHandler.cc:142] [0m[1;36mReceived signal[[0m[1;36m2[0m[1;36m].[0m
[gazebo-1] [1;36m[Dbg] [ServerPrivate.cc:122] [0m[1;36mServer received signal[[0m[1;36m2[0m[1;36m][0m
[gazebo-1] [1;36m[Dbg] [Sensors.cc:565] [0m[1;36mSensorsPrivate::Stop[0m[1;36m[0m
[gazebo-1] [1;36m[Dbg] [Sensors.cc:551] [0m[1;36mSensorsPrivate::RenderThread stopped[0m[1;36m[0m
[gazebo-1] [1;36m[Dbg] [gz.cc:434] [0m[1;36mShutting down gz-sim-server[0m[1;36m[0m
[gazebo-1] [1;36m[Dbg] [SimulationRunner.cc:578] [0m[1;36mExiting postupdate worker thread ([0m[1;36m3[0m[1;36m)[0m[1;36m[0m
[gazebo-1] [1;36m[Dbg] [SimulationRunner.cc:578] [0m[1;36mExiting postupdate worker thread ([0m[1;36mExiting postupdate worker thread ([0m[1;36m2[0m[1;36m)[0m[1;36m[0m
[gazebo-1] [1;36m)[0m[1;36m[0m
[gazebo-1] [1;36mExiting postupdate worker thread ([0m[1;36m0[0m[1;36m)[0m[1;36m[0m
[gazebo-1] [1;36m[Dbg] [SimulationRunner.cc:578] [0m[1;36mExiting postupdate worker thread ([0m[1;36m1[0m[1;36m)[0m[1;36m[0m
[gazebo-1] [1;36m[Dbg] [SimulationRunner.cc:578] [0m[1;36mExiting postupdate worker thread ([0m[1;36m5[0m[1;36m)[0m[1;36m[0m
[gazebo-1] [1;36m[Dbg] [Sensors.cc:565] [0m[1;36mSensorsPrivate::Stop[0m[1;36m[0m
[INFO] [controller_server-8]: process has finished cleanly [pid 15567]
[INFO] [lifecycle_manager-18]: process has finished cleanly [pid 15579]
[INFO] [gazebo-1]: process has finished cleanly [pid 15559]
[INFO] [bt_navigator-13]: process has finished cleanly [pid 15572]
[ERROR] [factory_node-20]: process has died [pid 15960, exit code 1, cmd '/home/robojazzy/robofetch_ws_copy/robofetch_ws/install/robofetch_factory/lib/robofetch_factory/factory_node --ros-args -r __node:=factory --params-file /tmp/launch_params_960f2o13'].
[ERROR] [robot_state_node-21]: process has died [pid 15961, exit code 1, cmd '/home/robojazzy/robofetch_ws_copy/robofetch_ws/install/robofetch_core/lib/robofetch_core/robot_state_node --ros-args -r __node:=robot_state_node --params-file /tmp/launch_params_3dtzn9vb --params-file /tmp/launch_params_gwmaacix'].
[ERROR] [mission_executor-22]: process has died [pid 15991, exit code 1, cmd '/home/robojazzy/robofetch_ws_copy/robofetch_ws/install/robofetch_core/lib/robofetch_core/mission_executor --ros-args -r __node:=mission_executor --params-file /tmp/launch_params_mkk4echs --params-file /tmp/launch_params_fmquwxu0'].
[planner_server-10] [INFO] [1789890866.458136479] [planner_server]: Deactivating plugin SmacLattice of type SmacPlannerLattice
[planner_server-10] [INFO] [1789890866.458205506] [planner_server]: Deactivating plugin ThetaStar of type nav2_theta_star_planner
[planner_server-10] [INFO] [1789890866.458218953] [planner_server]: Deactivating plugin NavfnAStar of type NavfnPlanner
[planner_server-10] [INFO] [1789890866.458228714] [planner_server]: Deactivating plugin Smac2D of type SmacPlanner2D
[planner_server-10] [INFO] [1789890866.458236782] [planner_server]: Deactivating plugin NavfnDijkstra of type NavfnPlanner
[planner_server-10] [INFO] [1789890866.458242659] [planner_server]: Deactivating plugin GridBased of type nav2_theta_star_planner
[planner_server-10] [INFO] [1789890866.458255110] [planner_server]: Destroying bond (planner_server) to lifecycle manager.
[planner_server-10] [INFO] [1789890866.468439497] [planner_server]: Cleaning up
[planner_server-10] [INFO] [1789890866.472129989] [global_costmap.global_costmap]: Cleaning up
[planner_server-10] [INFO] [1789890866.474654497] [planner_server]: Cleaning up plugin SmacLattice of type SmacPlannerLattice
[planner_server-10] [INFO] [1789890866.474822133] [planner_server]: CleaningUp plugin ThetaStar of type nav2_theta_star_planner
[planner_server-10] [INFO] [1789890866.474836676] [planner_server]: Cleaning up plugin NavfnAStar of type NavfnPlanner
[planner_server-10] [INFO] [1789890866.475123241] [planner_server]: Cleaning up plugin Smac2D of type SmacPlanner2D
[planner_server-10] [INFO] [1789890866.475226831] [planner_server]: Cleaning up plugin NavfnDijkstra of type NavfnPlanner
[planner_server-10] [INFO] [1789890866.475267968] [planner_server]: CleaningUp plugin GridBased of type nav2_theta_star_planner
[planner_server-10] [INFO] [1789890866.475350542] [planner_server]: Destroying plugin SmacLattice of type SmacPlannerLattice
[planner_server-10] [INFO] [1789890866.475373949] [planner_server]: Destroying plugin NavfnAStar of type NavfnPlanner
[planner_server-10] [INFO] [1789890866.475382913] [planner_server]: Destroying plugin Smac2D of type SmacPlanner2D
[planner_server-10] [INFO] [1789890866.475388392] [planner_server]: Destroying plugin NavfnDijkstra of type NavfnPlanner
[planner_server-10] [INFO] [1789890866.479506690] [planner_server]: Destroying bond (planner_server) to lifecycle manager.
[planner_server-10] [INFO] [1789890866.482041258] [global_costmap.global_costmap]: Destroying
[planner_server-10] [INFO] [1789890866.485423072] [planner_server]: Destroying
[INFO] [python-19]: process has finished cleanly [pid 15955]
[INFO] [planner_server-10]: process has finished cleanly [pid 15569]
