
  config   : config/run.yaml
  scenario : low_battery_start - Robot starts with 30 % battery while the buffers are already half full.
  model    : ns
  planner  : ThetaStar
  view     : headless
  shift    : 1200.0 s simulated
  seed     : 5001     dashboard: false     build: false

[run] 1/3  sourcing ROS 2 Jazzy ...
[run] 2/3  skipping build (build: false)
[run] 3/3  sourcing the workspace and launching ...

  The robot starts on the blue charger (south-west) and begins by itself after ~30 s.
  Sections: A red (north-west), B yellow (north-east), C purple (south-east);
  delivery point green (south-centre).
  Watch it:  http://localhost:8000   (read-only dashboard: model, planner, live results)
  Results:   logs/<run_id>_mission_summary.yaml when the shift ends
  Stop:      Ctrl+C here, then ./scripts/stop.sh

[INFO] [launch]: All log files can be found below /home/robojazzy/.ros/log/2026-09-20-08-58-37-766933-DESKTOP-NOCCT0U-5943
[INFO] [launch]: Default logging verbosity is set to INFO
[INFO] [gazebo-1]: process started with pid [6003]
[INFO] [robot_state_publisher-2]: process started with pid [6004]
[INFO] [create-3]: process started with pid [6006]
[INFO] [parameter_bridge-4]: process started with pid [6007]
[INFO] [map_server-5]: process started with pid [6008]
[INFO] [amcl-6]: process started with pid [6009]
[INFO] [lifecycle_manager-7]: process started with pid [6010]
[INFO] [controller_server-8]: process started with pid [6011]
[INFO] [smoother_server-9]: process started with pid [6012]
[INFO] [planner_server-10]: process started with pid [6013]
[INFO] [route_server-11]: process started with pid [6014]
[INFO] [behavior_server-12]: process started with pid [6015]
[INFO] [bt_navigator-13]: process started with pid [6016]
[INFO] [waypoint_follower-14]: process started with pid [6019]
[INFO] [velocity_smoother-15]: process started with pid [6020]
[INFO] [collision_monitor-16]: process started with pid [6021]
[INFO] [opennav_docking-17]: process started with pid [6022]
[INFO] [lifecycle_manager-18]: process started with pid [6023]
[robot_state_publisher-2] [INFO] [1789887519.806481426] [robot_state_publisher]: Robot initialized
[smoother_server-9] [INFO] [1789887519.860495233] [smoother_server]: 
[smoother_server-9] 	smoother_server lifecycle node launched. 
[smoother_server-9] 	Waiting on external lifecycle transitions to activate
[smoother_server-9] 	See https://design.ros2.org/articles/node_lifecycle.html for more information.
[smoother_server-9] [INFO] [1789887519.867693120] [smoother_server]: Creating smoother server
[lifecycle_manager-7] [INFO] [1789887519.872859771] [lifecycle_manager_localization]: Creating
[lifecycle_manager-7] [INFO] [1789887519.894676700] [lifecycle_manager_localization]: [34m[1mCreating and initializing lifecycle service clients[0m[0m
[create-3] [INFO] [1789887519.899148131] [ros_gz_sim]: Requesting list of world names.
[route_server-11] [INFO] [1789887519.913226547] [route_server]: 
[route_server-11] 	route_server lifecycle node launched. 
[route_server-11] 	Waiting on external lifecycle transitions to activate
[route_server-11] 	See https://design.ros2.org/articles/node_lifecycle.html for more information.
[amcl-6] [INFO] [1789887519.937592713] [amcl]: 
[amcl-6] 	amcl lifecycle node launched. 
[amcl-6] 	Waiting on external lifecycle transitions to activate
[amcl-6] 	See https://design.ros2.org/articles/node_lifecycle.html for more information.
[amcl-6] [INFO] [1789887519.938497445] [amcl]: Creating
[controller_server-8] [INFO] [1789887519.963050598] [controller_server]: 
[controller_server-8] 	controller_server lifecycle node launched. 
[controller_server-8] 	Waiting on external lifecycle transitions to activate
[controller_server-8] 	See https://design.ros2.org/articles/node_lifecycle.html for more information.
[map_server-5] [INFO] [1789887519.971182920] [map_server]: 
[map_server-5] 	map_server lifecycle node launched. 
[map_server-5] 	Waiting on external lifecycle transitions to activate
[map_server-5] 	See https://design.ros2.org/articles/node_lifecycle.html for more information.
[map_server-5] [INFO] [1789887519.971310900] [map_server]: Creating
[controller_server-8] [INFO] [1789887519.978509186] [controller_server]: Creating controller server
[velocity_smoother-15] [INFO] [1789887520.006990801] [velocity_smoother]: 
[velocity_smoother-15] 	velocity_smoother lifecycle node launched. 
[velocity_smoother-15] 	Waiting on external lifecycle transitions to activate
[velocity_smoother-15] 	See https://design.ros2.org/articles/node_lifecycle.html for more information.
[lifecycle_manager-7] [INFO] [1789887520.024153203] [lifecycle_manager_localization]: [34m[1mStarting managed nodes bringup...[0m[0m
[lifecycle_manager-7] [INFO] [1789887520.024211700] [lifecycle_manager_localization]: [34m[1mConfiguring map_server[0m[0m
[planner_server-10] [INFO] [1789887520.028246559] [planner_server]: 
[planner_server-10] 	planner_server lifecycle node launched. 
[planner_server-10] 	Waiting on external lifecycle transitions to activate
[planner_server-10] 	See https://design.ros2.org/articles/node_lifecycle.html for more information.
[planner_server-10] [INFO] [1789887520.032420737] [planner_server]: Creating
[planner_server-10] [INFO] [1789887520.072965947] [global_costmap.global_costmap]: 
[planner_server-10] 	global_costmap lifecycle node launched. 
[planner_server-10] 	Waiting on external lifecycle transitions to activate
[planner_server-10] 	See https://design.ros2.org/articles/node_lifecycle.html for more information.
[planner_server-10] [INFO] [1789887520.073848099] [global_costmap.global_costmap]: Creating Costmap
[waypoint_follower-14] [INFO] [1789887520.082922247] [waypoint_follower]: 
[waypoint_follower-14] 	waypoint_follower lifecycle node launched. 
[waypoint_follower-14] 	Waiting on external lifecycle transitions to activate
[waypoint_follower-14] 	See https://design.ros2.org/articles/node_lifecycle.html for more information.
[waypoint_follower-14] [INFO] [1789887520.084045964] [waypoint_follower]: Creating
[collision_monitor-16] [INFO] [1789887520.121392227] [collision_monitor]: 
[collision_monitor-16] 	collision_monitor lifecycle node launched. 
[collision_monitor-16] 	Waiting on external lifecycle transitions to activate
[collision_monitor-16] 	See https://design.ros2.org/articles/node_lifecycle.html for more information.
[bt_navigator-13] [INFO] [1789887520.135743641] [bt_navigator]: 
[bt_navigator-13] 	bt_navigator lifecycle node launched. 
[bt_navigator-13] 	Waiting on external lifecycle transitions to activate
[bt_navigator-13] 	See https://design.ros2.org/articles/node_lifecycle.html for more information.
[controller_server-8] [INFO] [1789887520.139806902] [local_costmap.local_costmap]: 
[controller_server-8] 	local_costmap lifecycle node launched. 
[controller_server-8] 	Waiting on external lifecycle transitions to activate
[controller_server-8] 	See https://design.ros2.org/articles/node_lifecycle.html for more information.
[controller_server-8] [INFO] [1789887520.140797579] [local_costmap.local_costmap]: Creating Costmap
[bt_navigator-13] [INFO] [1789887520.144862534] [bt_navigator]: Creating
[map_server-5] [INFO] [1789887520.155355479] [map_server]: Configuring
[map_server-5] [INFO] [1789887520.155449753] [map_io]: Loading yaml file: /home/robojazzy/robofetch_ws_copy/robofetch_ws/install/robofetch_nav/share/robofetch_nav/maps/factory_maze.yaml
[map_server-5] [INFO] [1789887520.155878970] [map_io]: resolution: 0.05
[map_server-5] [INFO] [1789887520.155893919] [map_io]: origin[0]: -7.75
[map_server-5] [INFO] [1789887520.155901393] [map_io]: origin[1]: -5.5
[map_server-5] [INFO] [1789887520.155907372] [map_io]: origin[2]: 0
[map_server-5] [INFO] [1789887520.155913252] [map_io]: free_thresh: 0.196
[map_server-5] [INFO] [1789887520.155919131] [map_io]: occupied_thresh: 0.65
[map_server-5] [INFO] [1789887520.155925709] [map_io]: mode: trinary
[map_server-5] [INFO] [1789887520.155931588] [map_io]: negate: 0
[map_server-5] [INFO] [1789887520.156193284] [map_io]: Loading image_file: /home/robojazzy/robofetch_ws_copy/robofetch_ws/install/robofetch_nav/share/robofetch_nav/maps/factory_maze.pgm
[lifecycle_manager-18] [INFO] [1789887520.163093343] [lifecycle_manager_navigation]: Creating
[behavior_server-12] [INFO] [1789887520.163897465] [behavior_server]: 
[behavior_server-12] 	behavior_server lifecycle node launched. 
[behavior_server-12] 	Waiting on external lifecycle transitions to activate
[behavior_server-12] 	See https://design.ros2.org/articles/node_lifecycle.html for more information.
[map_server-5] [INFO] [1789887520.164228023] [map_io]: Read map /home/robojazzy/robofetch_ws_copy/robofetch_ws/install/robofetch_nav/share/robofetch_nav/maps/factory_maze.pgm: 310 X 220 map @ 0.05 m/cell
[lifecycle_manager-18] [INFO] [1789887520.200737178] [lifecycle_manager_navigation]: [34m[1mCreating and initializing lifecycle service clients[0m[0m
[opennav_docking-17] [INFO] [1789887520.200991599] [docking_server]: 
[opennav_docking-17] 	docking_server lifecycle node launched. 
[opennav_docking-17] 	Waiting on external lifecycle transitions to activate
[opennav_docking-17] 	See https://design.ros2.org/articles/node_lifecycle.html for more information.
[opennav_docking-17] [INFO] [1789887520.201130021] [docking_server]: Creating docking_server
[lifecycle_manager-7] [INFO] [1789887520.201730347] [lifecycle_manager_localization]: [34m[1mConfiguring amcl[0m[0m
[amcl-6] [INFO] [1789887520.202519620] [amcl]: Configuring
[amcl-6] [INFO] [1789887520.202615787] [amcl]: initTransforms
[amcl-6] [INFO] [1789887520.239750980] [amcl]: initPubSub
[amcl-6] [INFO] [1789887520.264162634] [amcl]: Subscribed to map topic.
[lifecycle_manager-7] [INFO] [1789887520.276361385] [lifecycle_manager_localization]: [34m[1mActivating map_server[0m[0m
[map_server-5] [INFO] [1789887520.276958721] [map_server]: Activating
[map_server-5] [INFO] [1789887520.277635981] [map_server]: Creating bond (map_server) to lifecycle manager.
[amcl-6] [INFO] [1789887520.278042178] [amcl]: Received a 310 X 220 map @ 0.050 m/pix
[lifecycle_manager-7] [INFO] [1789887520.395206159] [lifecycle_manager_localization]: Server map_server connected with bond.
[lifecycle_manager-7] [INFO] [1789887520.395280004] [lifecycle_manager_localization]: [34m[1mActivating amcl[0m[0m
[amcl-6] [INFO] [1789887520.396022438] [amcl]: Activating
[amcl-6] [INFO] [1789887520.396060407] [amcl]: initialPoseReceived
[amcl-6] [INFO] [1789887520.396139833] [amcl]: Setting pose (0.000000): -5.225 -2.975 0.000
[amcl-6] [INFO] [1789887520.396720526] [amcl]: Creating bond (amcl) to lifecycle manager.
[lifecycle_manager-18] [INFO] [1789887520.418237382] [lifecycle_manager_navigation]: [34m[1mStarting managed nodes bringup...[0m[0m
[lifecycle_manager-18] [INFO] [1789887520.418312523] [lifecycle_manager_navigation]: [34m[1mConfiguring controller_server[0m[0m
[controller_server-8] [INFO] [1789887520.418782898] [controller_server]: Configuring controller interface
[controller_server-8] [INFO] [1789887520.418808609] [controller_server]: getting progress checker plugins..
[controller_server-8] [INFO] [1789887520.419621998] [controller_server]: getting goal checker plugins..
[controller_server-8] [INFO] [1789887520.420379083] [controller_server]: Controller frequency set to 10.0000Hz
[controller_server-8] [INFO] [1789887520.420440072] [local_costmap.local_costmap]: Configuring
[controller_server-8] [INFO] [1789887520.454475773] [local_costmap.local_costmap]: Using plugin "voxel_layer"
[controller_server-8] [INFO] [1789887520.460126150] [local_costmap.local_costmap]: Subscribed to Topics: scan
[controller_server-8] [INFO] [1789887520.487159147] [local_costmap.local_costmap]: Initialized plugin "voxel_layer"
[controller_server-8] [INFO] [1789887520.487221532] [local_costmap.local_costmap]: Using plugin "inflation_layer"
[controller_server-8] [INFO] [1789887520.488654580] [local_costmap.local_costmap]: Initialized plugin "inflation_layer"
[lifecycle_manager-7] [INFO] [1789887520.511161615] [lifecycle_manager_localization]: Server amcl connected with bond.
[lifecycle_manager-7] [INFO] [1789887520.511221508] [lifecycle_manager_localization]: [34m[1mManaged nodes are active[0m[0m
[lifecycle_manager-7] [INFO] [1789887520.511239845] [lifecycle_manager_localization]: [34m[1mCreating bond timer...[0m[0m
[controller_server-8] [INFO] [1789887520.529819151] [controller_server]: Created progress_checker : progress_checker of type nav2_controller::SimpleProgressChecker
[controller_server-8] [INFO] [1789887520.530355796] [controller_server]: Controller Server has progress_checker  progress checkers available.
[controller_server-8] [INFO] [1789887520.531468053] [controller_server]: Created goal checker : general_goal_checker of type nav2_controller::SimpleGoalChecker
[controller_server-8] [INFO] [1789887520.533956854] [controller_server]: Controller Server has general_goal_checker  goal checkers available.
[controller_server-8] [INFO] [1789887520.536435889] [controller_server]: Created controller : FollowPath of type nav2_mppi_controller::MPPIController
[controller_server-8] [INFO] [1789887520.547894697] [controller_server]: Controller period is equal to model dt. Control sequence shifting is ON
[controller_server-8] [INFO] [1789887520.552496597] [controller_server]: ConstraintCritic instantiated with 1 power and 4.000000 weight.
[controller_server-8] [INFO] [1789887520.552566256] [controller_server]: Critic loaded : mppi::critics::ConstraintCritic
[controller_server-8] [INFO] [1789887520.558280313] [controller_server]: InflationCostCritic instantiated with 1 power and 300.000000 / 0.015000 weights. Critic will collision check based on circular cost.
[controller_server-8] [INFO] [1789887520.558346783] [controller_server]: Critic loaded : mppi::critics::CostCritic
[controller_server-8] [INFO] [1789887520.560264159] [controller_server]: GoalCritic instantiated with 1 power and 5.000000 weight.
[controller_server-8] [INFO] [1789887520.560339000] [controller_server]: Critic loaded : mppi::critics::GoalCritic
[controller_server-8] [INFO] [1789887520.563425137] [controller_server]: GoalAngleCritic instantiated with 1 power, 3.000000 weight, 0.500000 angular threshold and symmetric_yaw_tolerance disabled
[controller_server-8] [INFO] [1789887520.563493102] [controller_server]: Critic loaded : mppi::critics::GoalAngleCritic
[controller_server-8] [INFO] [1789887520.568245482] [controller_server]: ReferenceTrajectoryCritic instantiated with 1 power and 14.000000 weight
[controller_server-8] [INFO] [1789887520.568307966] [controller_server]: Critic loaded : mppi::critics::PathAlignCritic
[controller_server-8] [INFO] [1789887520.571521463] [controller_server]: Critic loaded : mppi::critics::PathFollowCritic
[controller_server-8] [INFO] [1789887520.574556078] [controller_server]: PathAngleCritic instantiated with 1 power and 2.000000 weight. Mode set to: Forward Preference
[controller_server-8] [INFO] [1789887520.574621053] [controller_server]: Critic loaded : mppi::critics::PathAngleCritic
[controller_server-8] [INFO] [1789887520.575986037] [controller_server]: PreferForwardCritic instantiated with 1 power and 5.000000 weight.
[controller_server-8] [INFO] [1789887520.576018326] [controller_server]: Critic loaded : mppi::critics::PreferForwardCritic
[controller_server-8] [INFO] [1789887520.577435429] [controller_server]: Optimizer reset
[controller_server-8] [INFO] [1789887520.588012384] [MPPIController]: Configured MPPI Controller: FollowPath
[controller_server-8] [INFO] [1789887520.588078257] [controller_server]: Controller Server has FollowPath  controllers available.
[lifecycle_manager-18] [INFO] [1789887520.610283335] [lifecycle_manager_navigation]: [34m[1mConfiguring smoother_server[0m[0m
[smoother_server-9] [INFO] [1789887520.610714744] [smoother_server]: Configuring smoother server
[smoother_server-9] [INFO] [1789887520.634523681] [smoother_server]: Created smoother : simple_smoother of type nav2_smoother::SimpleSmoother
[smoother_server-9] [INFO] [1789887520.636625718] [smoother_server]: Smoother Server has simple_smoother  smoothers available.
[lifecycle_manager-18] [INFO] [1789887520.653379232] [lifecycle_manager_navigation]: [34m[1mConfiguring planner_server[0m[0m
[planner_server-10] [INFO] [1789887520.653757625] [planner_server]: Configuring
[planner_server-10] [INFO] [1789887520.653784432] [global_costmap.global_costmap]: Configuring
[planner_server-10] [INFO] [1789887520.672826838] [global_costmap.global_costmap]: Using plugin "static_layer"
[planner_server-10] [INFO] [1789887520.678859394] [global_costmap.global_costmap]: Subscribing to the map topic (/map) with transient local durability
[planner_server-10] [INFO] [1789887520.682594688] [global_costmap.global_costmap]: Initialized plugin "static_layer"
[planner_server-10] [INFO] [1789887520.682650196] [global_costmap.global_costmap]: Using plugin "obstacle_layer"
[planner_server-10] [INFO] [1789887520.685910232] [global_costmap.global_costmap]: Subscribed to Topics: scan
[planner_server-10] [INFO] [1789887520.697662228] [global_costmap.global_costmap]: Initialized plugin "obstacle_layer"
[planner_server-10] [INFO] [1789887520.697742849] [global_costmap.global_costmap]: Using plugin "inflation_layer"
[planner_server-10] [INFO] [1789887520.700254172] [global_costmap.global_costmap]: Initialized plugin "inflation_layer"
[planner_server-10] [INFO] [1789887520.755980130] [planner_server]: Created global planner plugin GridBased of type nav2_theta_star_planner::ThetaStarPlanner
[planner_server-10] [INFO] [1789887520.758597886] [planner_server]: Created global planner plugin NavfnDijkstra of type nav2_navfn_planner::NavfnPlanner
[planner_server-10] [INFO] [1789887520.758665452] [planner_server]: Configuring plugin NavfnDijkstra of type NavfnPlanner
[planner_server-10] [INFO] [1789887520.760006917] [planner_server]: Created global planner plugin NavfnAStar of type nav2_navfn_planner::NavfnPlanner
[planner_server-10] [INFO] [1789887520.760043989] [planner_server]: Configuring plugin NavfnAStar of type NavfnPlanner
[planner_server-10] [INFO] [1789887520.767746576] [planner_server]: Created global planner plugin Smac2D of type nav2_smac_planner::SmacPlanner2D
[planner_server-10] [INFO] [1789887520.767835967] [planner_server]: Configuring Smac2D of type SmacPlanner2D
[planner_server-10] [INFO] [1789887520.779562550] [planner_server]: Configured plugin Smac2D of type SmacPlanner2D with tolerance 0.25, maximum iterations 1000000, max on approach iterations 1000, and allowing unknown traversal.
[planner_server-10] [INFO] [1789887520.780068202] [planner_server]: Created global planner plugin ThetaStar of type nav2_theta_star_planner::ThetaStarPlanner
[planner_server-10] [INFO] [1789887520.783759050] [planner_server]: Created global planner plugin SmacLattice of type nav2_smac_planner::SmacPlannerLattice
[planner_server-10] [INFO] [1789887520.783820139] [planner_server]: Configuring SmacLattice of type SmacPlannerLattice
[planner_server-10] [INFO] [1789887520.797351287] [planner_server]: Even sized heuristic lookup table size set 400.000000, increasing size by 1 to make odd
[gazebo-1] [1;32m[Msg] [0m[1;32mGazebo Sim Server v[0m[1;32m8.11.0[0m[1;32m[0m
[gazebo-1] [1;32m[Msg] [0m[1;32mLoading SDF world file[[0m[1;32m/home/robojazzy/robofetch_ws_copy/robofetch_ws/install/robofetch_gazebo/share/robofetch_gazebo/worlds/factory_maze.sdf[0m[1;32m].[0m
[gazebo-1] [1;32m[Msg] [0m[1;32mServing entity system service on [[0m[1;32m/[0m[1;32mentity/system/add[0m[1;32m][0m[1;32m[0m
[gazebo-1] [1;36m[Dbg] [Physics.cc:906] [0m[1;36mLoaded [[0m[1;36mgz::physics::dartsim::Plugin[0m[1;36m] from library [[0m[1;36m/opt/ros/jazzy/opt/gz_physics_vendor/lib/gz-physics-7/engine-plugins/libgz-physics-dartsim-plugin.so[0m[1;36m][0m[1;36m[0m
[gazebo-1] [1;36m[Dbg] [SystemManager.cc:80] [0m[1;36mLoaded system [[0m[1;36mgz::sim::systems::Physics[0m[1;36m] for entity [[0m[1;36m1[0m[1;36m][0m[1;36m[0m
[gazebo-1] [1;36m[Dbg] [SystemManager.cc:80] [0m[1;36mLoaded system [[0m[1;36mgz::sim::systems::SceneBroadcaster[0m[1;36m] for entity [[0m[1;36m1[0m[1;36m][0m[1;36m[0m
[gazebo-1] [1;32m[Msg] [0m[1;32mCreate[0m[1;32m service on [[0m[1;32m/world/factory_maze/create_multiple[0m[1;32m] (async)[0m[1;32m[0m
[gazebo-1] [1;32m[Msg] [0m[1;32mCreate[0m[1;32m service on [[0m[1;32m/world/factory_maze/create_multiple/blocking[0m[1;32m] (blocking)[0m[1;32m[0m
[gazebo-1] [1;32m[Msg] [0m[1;32mRemove[0m[1;32m service on [[0m[1;32m/world/factory_maze/remove[0m[1;32m] (async)[0m[1;32m[0m
[gazebo-1] [1;32m[Msg] [0m[1;32mRemove[0m[1;32m service on [[0m[1;32m/world/factory_maze/remove/blocking[0m[1;32m] (blocking)[0m[1;32m[0m
[gazebo-1] [1;32m[Msg] [0m[1;32mPose[0m[1;32m service on [[0m[1;32m/world/factory_maze/set_pose[0m[1;32m] (async)[0m[1;32m[0m
[gazebo-1] [1;32m[Msg] [0m[1;32mPose[0m[1;32m service on [[0m[1;32m/world/factory_maze/set_pose/blocking[0m[1;32m] (blocking)[0m[1;32m[0m
[gazebo-1] [1;32m[Msg] [0m[1;32mPose[0m[1;32m service on [[0m[1;32m/world/factory_maze/set_pose_vector[0m[1;32m] (async)[0m[1;32m[0m
[gazebo-1] [1;32m[Msg] [0m[1;32mPose[0m[1;32m service on [[0m[1;32m/world/factory_maze/set_pose_vector/blocking[0m[1;32m] (blocking)[0m[1;32m[0m
[gazebo-1] [1;32m[Msg] [0m[1;32mLight configuration[0m[1;32m service on [[0m[1;32m/world/factory_maze/light_config[0m[1;32m] (async)[0m[1;32m[0m
[gazebo-1] [1;32m[Msg] [0m[1;32mLight configuration[0m[1;32m service on [[0m[1;32m/world/factory_maze/light_config/blocking[0m[1;32m] (blocking)[0m[1;32m[0m
[gazebo-1] [1;32m[Msg] [0m[1;32mPhysics[0m[1;32m service on [[0m[1;32m/world/factory_maze/set_physics[0m[1;32m] (async)[0m[1;32m[0m
[gazebo-1] [1;32m[Msg] [0m[1;32mPhysics[0m[1;32m service on [[0m[1;32m/world/factory_maze/set_physics/blocking[0m[1;32m] (blocking)[0m[1;32m[0m
[gazebo-1] [1;32m[Msg] [0m[1;32mSphericalCoordinates[0m[1;32m service on [[0m[1;32m/world/factory_maze/set_spherical_coordinates[0m[1;32m] (async)[0m[1;32m[0m
[gazebo-1] [1;32m[Msg] [0m[1;32mSphericalCoordinates[0m[1;32m service on [[0m[1;32m/world/factory_maze/set_spherical_coordinates/blocking[0m[1;32m] (blocking)[0m[1;32m[0m
[gazebo-1] [1;32m[Msg] [0m[1;32mEnable collision[0m[1;32m service on [[0m[1;32m/world/factory_maze/enable_collision[0m[1;32m] (async)[0m[1;32m[0m
[gazebo-1] [1;32m[Msg] [0m[1;32mEnable collision[0m[1;32m service on [[0m[1;32m/world/factory_maze/enable_collision/blocking[0m[1;32m] (blocking)[0m[1;32m[0m
[gazebo-1] [1;32m[Msg] [0m[1;32mDisable collision[0m[1;32m service on [[0m[1;32m/world/factory_maze/disable_collision[0m[1;32m] (async)[0m[1;32m[0m
[gazebo-1] [1;32m[Msg] [0m[1;32mDisable collision[0m[1;32m service on [[0m[1;32m/world/factory_maze/disable_collision/blocking[0m[1;32m] (blocking)[0m[1;32m[0m
[gazebo-1] [1;32m[Msg] [0m[1;32mMaterial[0m[1;32m service on [[0m[1;32m/world/factory_maze/visual_config[0m[1;32m] (async)[0m[1;32m[0m
[gazebo-1] [1;32m[Msg] [0m[1;32mMaterial[0m[1;32m service on [[0m[1;32m/world/factory_maze/visual_config/blocking[0m[1;32m] (blocking)[0m[1;32m[0m
[gazebo-1] [1;32m[Msg] [0m[1;32mMaterial[0m[1;32m service on [[0m[1;32m/world/factory_maze/wheel_slip[0m[1;32m] (async)[0m[1;32m[0m
[create-3] [INFO] [1789887520.941115161] [ros_gz_sim]: Waiting messages on topic [/robot_description].
[create-3] [INFO] [1789887520.953311321] [ros_gz_sim]: Entity creation successful.
[parameter_bridge-4] [INFO] [1789887521.033459220] [ros_gz_bridge]: Creating ROS->GZ Bridge: [cmd_vel (geometry_msgs/msg/Twist) -> cmd_vel (gz.msgs.Twist)] (Lazy 0)
[parameter_bridge-4] [INFO] [1789887521.038285507] [ros_gz_bridge]: Creating GZ->ROS Bridge: [odom (gz.msgs.Odometry) -> odom (nav_msgs/msg/Odometry)] (Lazy 0)
[parameter_bridge-4] [INFO] [1789887521.044725272] [ros_gz_bridge]: Creating GZ->ROS Bridge: [tf (gz.msgs.Pose_V) -> tf (tf2_msgs/msg/TFMessage)] (Lazy 0)
[parameter_bridge-4] [INFO] [1789887521.051442138] [ros_gz_bridge]: Creating GZ->ROS Bridge: [joint_states (gz.msgs.Model) -> joint_states (sensor_msgs/msg/JointState)] (Lazy 0)
[parameter_bridge-4] [INFO] [1789887521.055805794] [ros_gz_bridge]: Creating GZ->ROS Bridge: [scan (gz.msgs.LaserScan) -> scan (sensor_msgs/msg/LaserScan)] (Lazy 0)
[parameter_bridge-4] [INFO] [1789887521.059885873] [ros_gz_bridge]: Creating GZ->ROS Bridge: [clock (gz.msgs.Clock) -> clock (rosgraph_msgs/msg/Clock)] (Lazy 0)
[parameter_bridge-4] [INFO] [1789887521.064025736] [ros_gz_bridge]: Creating GZ->ROS Bridge: [/model/robofetch/pose (gz.msgs.Pose) -> /model/robofetch/pose (geometry_msgs/msg/Pose)] (Lazy 0)
[INFO] [create-3]: process has finished cleanly [pid 6006]
[planner_server-10] [INFO] [1789887521.122030853] [global_costmap.global_costmap]: StaticLayer: Resizing costmap to 310 X 220 at 0.050000 m/pix
[planner_server-10] [INFO] [1789887521.316556604] [planner_server]: Configured plugin SmacLattice of type SmacPlannerLattice with maximum iterations 1000000, max on approach iterations 1000, and allowing unknown traversal. Tolerance 0.25. Using motion model: State Lattice. State lattice file: /opt/ros/jazzy/share/nav2_smac_planner/sample_primitives/5cm_resolution/0.5m_turning_radius/diff/output.json.
[planner_server-10] [INFO] [1789887521.316627349] [planner_server]: Planner Server has GridBased NavfnDijkstra NavfnAStar Smac2D ThetaStar SmacLattice  planners available.
[lifecycle_manager-18] [INFO] [1789887521.357851412] [lifecycle_manager_navigation]: [34m[1mConfiguring route_server[0m[0m
[route_server-11] [INFO] [1789887521.358318327] [route_server]: Configuring
[route_server-11] [INFO] [1789887521.420394158] [route_server]: Created GraphFileLoader GeoJsonGraphFileLoader of type nav2_route::GeoJsonGraphFileLoader
[route_server-11] [INFO] [1789887521.420462013] [route_server]: Configuring geojson graph file loader
[route_server-11] [INFO] [1789887521.420478852] [route_server]: Loading graph file from /opt/ros/jazzy/share/nav2_route/graphs/sample_graph.geojson, by parser nav2_route::GeoJsonGraphFileLoader
[route_server-11] [INFO] [1789887521.425831938] [route_server]: Created edge cost function plugin DistanceScorer of type nav2_route::DistanceScorer
[route_server-11] [INFO] [1789887521.425895907] [route_server]: Configuring distance scorer.
[route_server-11] [INFO] [1789887521.428392300] [route_server]: Created edge cost function plugin CostmapScorer of type nav2_route::CostmapScorer
[route_server-11] [INFO] [1789887521.428454476] [route_server]: Configuring costmap scorer.
[route_server-11] [INFO] [1789887521.436339925] [route_server]: Created route operation AdjustSpeedLimit of type nav2_route::AdjustSpeedLimit
[route_server-11] [INFO] [1789887521.436420734] [route_server]: Configuring Adjust speed limit operation.
[route_server-11] [INFO] [1789887521.439694721] [route_server]: Created route operation ReroutingService of type nav2_route::ReroutingService
[route_server-11] [INFO] [1789887521.439738364] [route_server]: Configuring Rerouting service operation.
[route_server-11] [INFO] [1789887521.443949071] [route_server]: Created route operation CollisionMonitor of type nav2_route::CollisionMonitor
[route_server-11] [INFO] [1789887521.444931028] [route_server]: Using costmap topic: local_costmap/costmap_raw instead of server costmap topic: global_costmap/costmap_raw for CollisionMonitor.
[lifecycle_manager-18] [INFO] [1789887521.454693505] [lifecycle_manager_navigation]: [34m[1mConfiguring behavior_server[0m[0m
[behavior_server-12] [INFO] [1789887521.455058987] [behavior_server]: Configuring
[behavior_server-12] [INFO] [1789887521.467124753] [behavior_server]: Creating behavior plugin spin of type nav2_behaviors::Spin
[behavior_server-12] [INFO] [1789887521.469269914] [behavior_server]: Creating behavior plugin backup of type nav2_behaviors::BackUp
[behavior_server-12] [INFO] [1789887521.471110074] [behavior_server]: Creating behavior plugin drive_on_heading of type nav2_behaviors::DriveOnHeading
[behavior_server-12] [INFO] [1789887521.472735311] [behavior_server]: Creating behavior plugin assisted_teleop of type nav2_behaviors::AssistedTeleop
[behavior_server-12] [INFO] [1789887521.475466058] [behavior_server]: Creating behavior plugin wait of type nav2_behaviors::Wait
[behavior_server-12] [INFO] [1789887521.487451016] [behavior_server]: Configuring spin
[behavior_server-12] [INFO] [1789887521.503711548] [behavior_server]: Configuring backup
[behavior_server-12] [INFO] [1789887521.515618687] [behavior_server]: Configuring drive_on_heading
[behavior_server-12] [INFO] [1789887521.527584813] [behavior_server]: Configuring assisted_teleop
[behavior_server-12] [INFO] [1789887521.541543451] [behavior_server]: Configuring wait
[lifecycle_manager-18] [INFO] [1789887521.556164099] [lifecycle_manager_navigation]: [34m[1mConfiguring velocity_smoother[0m[0m
[velocity_smoother-15] [INFO] [1789887521.556594646] [velocity_smoother]: Configuring velocity smoother
[lifecycle_manager-18] [INFO] [1789887521.577289877] [lifecycle_manager_navigation]: [34m[1mConfiguring collision_monitor[0m[0m
[collision_monitor-16] [INFO] [1789887521.577693820] [collision_monitor]: Configuring
[collision_monitor-16] [INFO] [1789887521.611149213] [collision_monitor]: [scan]: Creating Scan
[collision_monitor-16] [INFO] [1789887521.623047982] [collision_monitor]: [FootprintApproach]: Creating Polygon
[collision_monitor-16] [INFO] [1789887521.623717865] [collision_monitor]: [FootprintApproach]: Polygon points are not defined. Using dynamic subscription instead.
[collision_monitor-16] [INFO] [1789887521.631110094] [collision_monitor]: [FootprintApproach]: Making footprint subscriber on /local_costmap/published_footprint topic
[lifecycle_manager-18] [INFO] [1789887521.664482984] [lifecycle_manager_navigation]: [34m[1mConfiguring bt_navigator[0m[0m
[bt_navigator-13] [INFO] [1789887521.664850160] [bt_navigator]: Configuring
[bt_navigator-13] [INFO] [1789887521.683448855] [bt_navigator]: Creating navigator id navigate_to_pose of type nav2_bt_navigator::NavigateToPoseNavigator
[bt_navigator-13] [INFO] [1789887521.886736593] [bt_navigator]: Creating navigator id navigate_through_poses of type nav2_bt_navigator::NavigateThroughPosesNavigator
[lifecycle_manager-18] [INFO] [1789887521.991015294] [lifecycle_manager_navigation]: [34m[1mConfiguring waypoint_follower[0m[0m
[waypoint_follower-14] [INFO] [1789887521.991454091] [waypoint_follower]: Configuring
[waypoint_follower-14] [INFO] [1789887522.103849049] [waypoint_follower]: Created waypoint_task_executor : wait_at_waypoint of type nav2_waypoint_follower::WaitAtWaypoint
[lifecycle_manager-18] [INFO] [1789887522.109604448] [lifecycle_manager_navigation]: [34m[1mConfiguring docking_server[0m[0m
[opennav_docking-17] [INFO] [1789887522.113129495] [docking_server]: Configuring docking_server
[opennav_docking-17] [INFO] [1789887522.113814500] [docking_server]: Controller frequency set to 50.0000Hz
[opennav_docking-17] [INFO] [1789887522.210260163] [docking_server]: Created charging dock plugin simple_charging_dock of type opennav_docking::SimpleChargingDock
[opennav_docking-17] [WARN] [1789887522.233333660] [docking_server]: Dock database filepath nor dock parameters set. Docking actions can only be executed specifying the dock pose via the action request. Or update the dock database via the reload_database service.
[opennav_docking-17] [INFO] [1789887522.233370919] [docking_server]: Docking Server has 1 dock types and 0 dock instances available.
[lifecycle_manager-18] [INFO] [1789887522.241653545] [lifecycle_manager_navigation]: [34m[1mActivating controller_server[0m[0m
[controller_server-8] [INFO] [1789887522.243325212] [controller_server]: Activating
[controller_server-8] [INFO] [1789887522.243555341] [local_costmap.local_costmap]: Activating
[controller_server-8] [INFO] [1789887522.248090462] [local_costmap.local_costmap]: Checking transform
[controller_server-8] [INFO] [1789887522.248178628] [local_costmap.local_costmap]: Timed out waiting for transform from base_footprint to odom to become available, tf error: Invalid frame ID "odom" passed to canTransform argument target_frame - frame does not exist
[gazebo-1] [1;32m[Msg] [0m[1;32mMaterial[0m[1;32m service on [[0m[1;32m/world/factory_maze/wheel_slip/blocking[0m[1;32m] (blocking)[0m[1;32m[0m
[gazebo-1] [1;36m[Dbg] [SystemManager.cc:80] [0m[1;36mLoaded system [[0m[1;36mgz::sim::systems::UserCommands[0m[1;36m] for entity [[0m[1;36m1[0m[1;36m][0m[1;36m[0m
[gazebo-1] [1;36m[Dbg] [SystemManager.cc:80] [0m[1;36mLoaded system [[0m[1;36mgz::sim::systems::Contact[0m[1;36m] for entity [[0m[1;36m1[0m[1;36m][0m[1;36m[0m
[gazebo-1] [1;36m[Dbg] [Sensors.cc:697] [0m[1;36mConfiguring Sensors system[0m[1;36m[0m
[gazebo-1] [1;36m[Dbg] [Sensors.cc:557] [0m[1;36mSensorsPrivate::Run[0m[1;36m[0m
[gazebo-1] [1;36m[Dbg] [SystemManager.cc:80] [0m[1;36mLoaded system [[0m[1;36mgz::sim::systems::Sensors[0m[1;36m] for entity [[0m[1;36m1[0m[1;36m][0m[1;36m[0m
[gazebo-1] [1;36m[Dbg] [Sensors.cc:532] [0m[1;36mSensorsPrivate::RenderThread started[0m[1;36m[0m
[gazebo-1] [1;36m[Dbg] [Sensors.cc:337] [0m[1;36mWaiting for init[0m[1;36m[0m
[gazebo-1] [1;32m[Msg] [0m[1;32mLoaded level [[0m[1;32mdefault[0m[1;32m][0m[1;32m[0m
[gazebo-1] [1;32m[Msg] [0m[1;32mServing world controls on [[0m[1;32m/world/factory_maze[0m[1;32m/control], [[0m[1;32m/world/factory_maze[0m[1;32m/control/state] and [[0m[1;32m/world/factory_maze[0m[1;32m/playback/control][0m[1;32m[0m
[gazebo-1] [1;32m[Msg] [0m[1;32mServing GUI information on [[0m[1;32m/world/factory_maze[0m[1;32m/[0m[1;32mgui/info[0m[1;32m][0m[1;32m[0m
[gazebo-1] [1;32m[Msg] [0m[1;32mWorld [[0m[1;32mfactory_maze[0m[1;32m] initialized with [[0m[1;32mstep[0m[1;32m] physics profile.[0m[1;32m[0m
[gazebo-1] [1;32m[Msg] [0m[1;32mServing world SDF generation service on [[0m[1;32m/world/factory_maze[0m[1;32m/[0m[1;32mgenerate_world_sdf[0m[1;32m][0m[1;32m[0m
[gazebo-1] [1;32m[Msg] [0m[1;32mServing world names on [[0m[1;32m/gazebo/worlds[0m[1;32m][0m[1;32m[0m
[gazebo-1] [1;32m[Msg] [0m[1;32mResource path add service on [[0m[1;32m/gazebo/resource_paths/add[0m[1;32m].[0m[1;32m[0m
[gazebo-1] [1;32m[Msg] [0m[1;32mResource path get service on [[0m[1;32m/gazebo/resource_paths/get[0m[1;32m].[0m[1;32m[0m
[gazebo-1] [1;32m[Msg] [0m[1;32mResource path resolve service on [[0m[1;32m/gazebo/resource_paths/resolve[0m[1;32m].[0m[1;32m[0m
[gazebo-1] [1;32m[Msg] [0m[1;32mResource paths published on [[0m[1;32m/gazebo/resource_paths[0m[1;32m].[0m[1;32m[0m
[gazebo-1] [1;32m[Msg] [0m[1;32mServer control service on [[0m[1;32m/server_control[0m[1;32m].[0m[1;32m[0m
[gazebo-1] [1;32m[Msg] [0m[1;32mFound no publishers on /stats, adding root stats topic[0m[1;32m[0m
[gazebo-1] [1;32m[Msg] [0m[1;32mFound no publishers on /clock, adding root clock topic[0m[1;32m[0m
[gazebo-1] [1;36m[Dbg] [SimulationRunner.cc:551] [0m[1;36mCreating PostUpdate worker threads: [0m[1;36m4[0m[1;36m[0m
[gazebo-1] [1;36m[Dbg] [SimulationRunner.cc:562] [0m[1;36mCreating postupdate worker thread ([0m[1;36m0[0m[1;36m)[0m[1;36m[0m
[gazebo-1] [1;36m[Dbg] [SimulationRunner.cc:562] [0m[1;36mCreating postupdate worker thread ([0m[1;36m1[0m[1;36m)[0m[1;36m[0m
[gazebo-1] [1;36m[Dbg] [SimulationRunner.cc:562] [0m[1;36mCreating postupdate worker thread ([0m[1;36m2[0m[1;36m)[0m[1;36m[0m
[gazebo-1] [1;33mWarning [Utils.cc:132][0m [/sdf/model[@name="robofetch"]/link[@name="base_footprint"]/sensor[@name="lidar"]/gz_frame_id:<urdf-string>:L0]: XML Element[gz_frame_id], child of element[sensor], not defined in SDF. Copying[gz_frame_id] as children of [sensor].
[controller_server-8] [INFO] [1789887522.748241684] [local_costmap.local_costmap]: Timed out waiting for transform from base_footprint to odom to become available, tf error: Invalid frame ID "odom" passed to canTransform argument target_frame - frame does not exist
[INFO] [python-19]: process started with pid [6415]
[controller_server-8] [INFO] [1789887523.248278629] [local_costmap.local_costmap]: Timed out waiting for transform from base_footprint to odom to become available, tf error: Invalid frame ID "odom" passed to canTransform argument target_frame - frame does not exist
[gazebo-1] [1;32m[Msg] [0m[1;32mDiffDrive subscribing to twist messages on [[0m[1;32mcmd_vel[0m[1;32m][0m[1;32m[0m
[gazebo-1] [1;36m[Dbg] [SystemManager.cc:80] [0m[1;36mLoaded system [[0m[1;36mgz::sim::systems::DiffDrive[0m[1;36m] for entity [[0m[1;36m129[0m[1;36m][0m[1;36m[0m
[gazebo-1] [1;36m[Dbg] [SystemManager.cc:80] [0m[1;36mLoaded system [[0m[1;36mgz::sim::systems::JointStatePublisher[0m[1;36m] for entity [[0m[1;36m129[0m[1;36m][0m[1;36m[0m
[gazebo-1] [1;36m[Dbg] [SystemManager.cc:80] [0m[1;36mLoaded system [[0m[1;36mgz::sim::systems::PosePublisher[0m[1;36m] for entity [[0m[1;36m129[0m[1;36m][0m[1;36m[0m
[gazebo-1] [1;36m[Dbg] [UserCommands.cc:1094] [0m[1;36mCreated entity [[0m[1;36m129[0m[1;36m] named [[0m[1;36mrobofetch[0m[1;36m][0m[1;36m[0m
[gazebo-1] [1;36m[Dbg] [SimulationFeatures.cc:90] [0m[1;36mSimulation timestep set to: [0m[1;36m0.004[0m[1;36m[0m
[gazebo-1] [1;36m[Dbg] [Sensors.cc:953] [0m[1;36mInitialization needed[0m[1;36m[0m
[gazebo-1] [1;36m[Dbg] [Sensors.cc:349] [0m[1;36mInitializing render context[0m[1;36m[0m
[gazebo-1] [1;32m[Msg] [0m[1;32mLoading plugin [[0m[1;32mgz-rendering-ogre2[0m[1;32m][0m[1;32m[0m
[gazebo-1] [1;32m[Msg] [0m[1;32mServing scene information on [[0m[1;32m/world/factory_maze[0m[1;32m/[0m[1;32mscene/info[0m[1;32m][0m[1;32m[0m
[gazebo-1] [1;32m[Msg] [0m[1;32mServing graph information on [[0m[1;32m/world/factory_maze[0m[1;32m/[0m[1;32mscene/graph[0m[1;32m][0m[1;32m[0m
[gazebo-1] [1;32m[Msg] [0m[1;32mServing full state on [[0m[1;32m/world/factory_maze[0m[1;32m/[0m[1;32mstate[0m[1;32m][0m[1;32m[0m
[gazebo-1] [1;32m[Msg] [0m[1;32mServing full state (async) on [[0m[1;32m/world/factory_maze[0m[1;32m/[0m[1;32mstate_async[0m[1;32m][0m[1;32m[0m
[gazebo-1] [1;32m[Msg] [0m[1;32mPublishing scene information on [[0m[1;32m/world/factory_maze/scene/info[0m[1;32m][0m[1;32m[0m
[gazebo-1] [1;32m[Msg] [0m[1;32mPublishing entity deletions on [[0m[1;32m/world/factory_maze/scene/deletion[0m[1;32m][0m[1;32m[0m
[gazebo-1] [1;32m[Msg] [0m[1;32mPublishing state changes on [[0m[1;32m/world/factory_maze/state[0m[1;32m][0m[1;32m[0m
[gazebo-1] [1;32m[Msg] [0m[1;32mPublishing pose messages on [[0m[1;32m/world/factory_maze[0m[1;32m/[0m[1;32mpose/info[0m[1;32m][0m[1;32m[0m
[gazebo-1] [1;32m[Msg] [0m[1;32mPublishing dynamic pose messages on [[0m[1;32m/world/factory_maze[0m[1;32m/[0m[1;32mdynamic_pose/info[0m[1;32m][0m[1;32m[0m
[gazebo-1] [1;36m[Dbg] [SimulationRunner.cc:578] [0m[1;36mExiting postupdate worker thread ([0m[1;36m2[0m[1;36m)[0m[1;36m[0m
[gazebo-1] [1;36m[Dbg] [SimulationRunner.cc:578] [0m[1;36mExiting postupdate worker thread ([0m[1;36m1[0m[1;36m)[0m[1;36m[0m
[gazebo-1] [1;36m[Dbg] [SimulationRunner.cc:578] [0m[1;36mExiting postupdate worker thread ([0m[1;36m0[0m[1;36m)[0m[1;36m[0m
[gazebo-1] [1;36m[Dbg] [SimulationRunner.cc:551] [0m[1;36mCreating PostUpdate worker threads: [0m[1;36m7[0m[1;36m[0m
[gazebo-1] [1;36m[Dbg] [SimulationRunner.cc:562] [0m[1;36mCreating postupdate worker thread ([0m[1;36m0[0m[1;36m)[0m[1;36m[0m
[gazebo-1] [1;36m[Dbg] [SimulationRunner.cc:562] [0m[1;36mCreating postupdate worker thread ([0m[1;36m1[0m[1;36m)[0m[1;36m[0m
[gazebo-1] [1;36m[Dbg] [SimulationRunner.cc:562] [0m[1;36mCreating postupdate worker thread ([0m[1;36m2[0m[1;36m)[0m[1;36m[0m
[gazebo-1] [1;36m[Dbg] [SimulationRunner.cc:562] [0m[1;36mCreating postupdate worker thread ([0m[1;36m3[0m[1;36m)[0m[1;36m[0m
[gazebo-1] [1;36m[Dbg] [SimulationRunner.cc:562] [0m[1;36mCreating postupdate worker thread ([0m[1;36m4[0m[1;36m)[0m[1;36m[0m
[gazebo-1] [1;36m[Dbg] [SimulationRunner.cc:562] [0m[1;36mCreating postupdate worker thread ([0m[1;36m5[0m[1;36m)[0m[1;36m[0m
[gazebo-1] [1;36m[Dbg] [RenderUtil.cc:2646] [0m[1;36mCreate scene [[0m[1;36mscene[0m[1;36m][0m[1;36m[0m
[gazebo-1] [1;36m[Dbg] [Sensors.cc:953] [0m[1;36mInitialization needed[0m[1;36m[0m
[gazebo-1] [1;36m[Dbg] [Sensors.cc:391] [0m[1;36mRendering Thread initialized[0m[1;36m[0m
[gazebo-1] [1;36m[Dbg] [Lidar.cc:139] [0m[1;36mLaser scans for [[0m[1;36mrobofetch::base_footprint::lidar[0m[1;36m] advertised on [[0m[1;36mscan[0m[1;36m][0m[1;36m[0m
[amcl-6] [INFO] [1789887523.682823483] [amcl]: createLaserObject
[controller_server-8] [INFO] [1789887523.748406375] [local_costmap.local_costmap]: start
[python-19] INFO:     Started server process [6415]
[python-19] INFO:     Waiting for application startup.
[python-19] INFO:     Application startup complete.
[python-19] INFO:     Uvicorn running on http://0.0.0.0:8001 (Press CTRL+C to quit)
[controller_server-8] [WARN] [1789887523.954088662] [controller_server]: Parameter controller_server.verbose not found
[controller_server-8] [INFO] [1789887523.954979484] [controller_server]: Optimizer reset
[controller_server-8] [INFO] [1789887523.955203907] [MPPIController]: Activated MPPI Controller: FollowPath
[controller_server-8] [INFO] [1789887523.955227216] [controller_server]: Creating bond (controller_server) to lifecycle manager.
[lifecycle_manager-18] [INFO] [1789887524.081031427] [lifecycle_manager_navigation]: Server controller_server connected with bond.
[lifecycle_manager-18] [INFO] [1789887524.081149056] [lifecycle_manager_navigation]: [34m[1mActivating smoother_server[0m[0m
[smoother_server-9] [INFO] [1789887524.081907417] [smoother_server]: Activating
[smoother_server-9] [INFO] [1789887524.081945464] [smoother_server]: Creating bond (smoother_server) to lifecycle manager.
[lifecycle_manager-18] [INFO] [1789887524.197825464] [lifecycle_manager_navigation]: Server smoother_server connected with bond.
[lifecycle_manager-18] [INFO] [1789887524.197869188] [lifecycle_manager_navigation]: [34m[1mActivating planner_server[0m[0m
[planner_server-10] [INFO] [1789887524.198249066] [planner_server]: Activating
[planner_server-10] [INFO] [1789887524.198288010] [global_costmap.global_costmap]: Activating
[planner_server-10] [INFO] [1789887524.198307133] [global_costmap.global_costmap]: Checking transform
[planner_server-10] [INFO] [1789887524.198391993] [global_costmap.global_costmap]: Timed out waiting for transform from base_footprint to map to become available, tf error: Lookup would require extrapolation into the past.  Requested time 0.576000 but the earliest data is at time 1.100000, when looking up transform from frame [base_footprint] to frame [map]
[planner_server-10] [INFO] [1789887524.698455938] [global_costmap.global_costmap]: Timed out waiting for transform from base_footprint to map to become available, tf error: Lookup would require extrapolation into the past.  Requested time 1.080000 but the earliest data is at time 1.100000, when looking up transform from frame [base_footprint] to frame [map]
[INFO] [factory_node-20]: process started with pid [6432]
[INFO] [robot_state_node-21]: process started with pid [6433]
[planner_server-10] [INFO] [1789887525.200998689] [global_costmap.global_costmap]: start
[factory_node-20] [INFO] [1789887526.132537348] [factory]: section A [low_battery_start, seed 5001]: 20 units/h, buffer 8, 0.5 kg/unit, time_scale 1
[factory_node-20] [INFO] [1789887526.134433331] [factory]: section B [low_battery_start, seed 5001]: 30 units/h, buffer 10, 0.4 kg/unit, time_scale 1
[factory_node-20] [INFO] [1789887526.135732207] [factory]: section C [low_battery_start, seed 5001]: 5 units/h, buffer 3, 1.5 kg/unit, time_scale 1
[factory_node-20] [INFO] [1789887526.138823897] [factory]: logging to /home/robojazzy/robofetch_ws_copy/robofetch_ws/logs/run_20260920_085837_section_*.csv
[planner_server-10] [INFO] [1789887526.230224428] [planner_server]: Activating plugin SmacLattice of type SmacPlannerLattice
[planner_server-10] [INFO] [1789887526.230287266] [planner_server]: Activating plugin ThetaStar of type nav2_theta_star_planner
[planner_server-10] [INFO] [1789887526.230313855] [planner_server]: Activating plugin NavfnAStar of type NavfnPlanner
[planner_server-10] [INFO] [1789887526.230326801] [planner_server]: Activating plugin Smac2D of type SmacPlanner2D
[planner_server-10] [INFO] [1789887526.230337556] [planner_server]: Activating plugin NavfnDijkstra of type NavfnPlanner
[planner_server-10] [INFO] [1789887526.230346120] [planner_server]: Activating plugin GridBased of type nav2_theta_star_planner
[planner_server-10] [INFO] [1789887526.244747782] [planner_server]: Creating bond (planner_server) to lifecycle manager.
[lifecycle_manager-18] [INFO] [1789887526.372222873] [lifecycle_manager_navigation]: Server planner_server connected with bond.
[lifecycle_manager-18] [INFO] [1789887526.372282524] [lifecycle_manager_navigation]: [34m[1mActivating route_server[0m[0m
[route_server-11] [INFO] [1789887526.372751466] [route_server]: Activating
[route_server-11] [INFO] [1789887526.373085471] [route_server]: Creating bond (route_server) to lifecycle manager.
[robot_state_node-21] [INFO] [1789887526.394609790] [robot_state_node]: Robot state monitor up. Run run_20260920_085837, logging to /home/robojazzy/robofetch_ws_copy/robofetch_ws/logs/run_20260920_085837_robot.csv
[lifecycle_manager-18] [INFO] [1789887526.492974142] [lifecycle_manager_navigation]: Server route_server connected with bond.
[lifecycle_manager-18] [INFO] [1789887526.493041063] [lifecycle_manager_navigation]: [34m[1mActivating behavior_server[0m[0m
[behavior_server-12] [INFO] [1789887526.493490486] [behavior_server]: Activating
[behavior_server-12] [INFO] [1789887526.493509905] [behavior_server]: Activating spin
[behavior_server-12] [INFO] [1789887526.493520162] [behavior_server]: Activating backup
[behavior_server-12] [INFO] [1789887526.493528228] [behavior_server]: Activating drive_on_heading
[behavior_server-12] [INFO] [1789887526.493535797] [behavior_server]: Activating assisted_teleop
[behavior_server-12] [INFO] [1789887526.493542668] [behavior_server]: Activating wait
[behavior_server-12] [INFO] [1789887526.493553124] [behavior_server]: Creating bond (behavior_server) to lifecycle manager.
[lifecycle_manager-18] [INFO] [1789887526.608085462] [lifecycle_manager_navigation]: Server behavior_server connected with bond.
[lifecycle_manager-18] [INFO] [1789887526.608138341] [lifecycle_manager_navigation]: [34m[1mActivating velocity_smoother[0m[0m
[velocity_smoother-15] [INFO] [1789887526.608931429] [velocity_smoother]: Activating
[velocity_smoother-15] [INFO] [1789887526.609020458] [velocity_smoother]: Creating bond (velocity_smoother) to lifecycle manager.
[lifecycle_manager-18] [INFO] [1789887526.722015515] [lifecycle_manager_navigation]: Server velocity_smoother connected with bond.
[lifecycle_manager-18] [INFO] [1789887526.722095082] [lifecycle_manager_navigation]: [34m[1mActivating collision_monitor[0m[0m
[collision_monitor-16] [INFO] [1789887526.723223769] [collision_monitor]: Activating
[collision_monitor-16] [INFO] [1789887526.723276350] [collision_monitor]: Creating bond (collision_monitor) to lifecycle manager.
[lifecycle_manager-18] [INFO] [1789887526.840861738] [lifecycle_manager_navigation]: Server collision_monitor connected with bond.
[lifecycle_manager-18] [INFO] [1789887526.840910435] [lifecycle_manager_navigation]: [34m[1mActivating bt_navigator[0m[0m
[bt_navigator-13] [INFO] [1789887526.841534330] [bt_navigator]: Activating
[bt_navigator-13] [INFO] [1789887527.077147310] [bt_navigator]: Creating bond (bt_navigator) to lifecycle manager.
[lifecycle_manager-18] [INFO] [1789887527.186955590] [lifecycle_manager_navigation]: Server bt_navigator connected with bond.
[lifecycle_manager-18] [INFO] [1789887527.187035118] [lifecycle_manager_navigation]: [34m[1mActivating waypoint_follower[0m[0m
[waypoint_follower-14] [INFO] [1789887527.187897654] [waypoint_follower]: Activating
[waypoint_follower-14] [INFO] [1789887527.187935187] [waypoint_follower]: Creating bond (waypoint_follower) to lifecycle manager.
[lifecycle_manager-18] [INFO] [1789887527.305355554] [lifecycle_manager_navigation]: Server waypoint_follower connected with bond.
[lifecycle_manager-18] [INFO] [1789887527.305484281] [lifecycle_manager_navigation]: [34m[1mActivating docking_server[0m[0m
[opennav_docking-17] [INFO] [1789887527.306059846] [docking_server]: Activating docking_server
[opennav_docking-17] [INFO] [1789887527.363902624] [docking_server]: Creating bond (docking_server) to lifecycle manager.
[lifecycle_manager-18] [INFO] [1789887527.486229295] [lifecycle_manager_navigation]: Server docking_server connected with bond.
[lifecycle_manager-18] [INFO] [1789887527.486291984] [lifecycle_manager_navigation]: [34m[1mManaged nodes are active[0m[0m
[lifecycle_manager-18] [INFO] [1789887527.486306388] [lifecycle_manager_navigation]: [34m[1mCreating bond timer...[0m[0m
[INFO] [mission_executor-22]: process started with pid [6471]
[mission_executor-22] [INFO] [1789887529.784092270] [mission_executor]: mission run_20260920_085837: 0 scripted actions, scenario low_battery_start, logging /home/robojazzy/robofetch_ws_copy/robofetch_ws/logs/run_20260920_085837_mission.csv
[mission_executor-22] [INFO] [1789887529.788944307] [mission_executor]: waiting for Nav2, telemetry and the sections ...
[mission_executor-22] [INFO] [1789887532.301297881] [mission_executor]: waiting for /factory/A/pickup ...
[amcl-6] [INFO] [1789887532.553493372] [amcl]: initialPoseReceived
[amcl-6] [WARN] [1789887532.553625141] [amcl]: Failed to transform initial pose in time (Lookup would require extrapolation into the future.  Requested time 8.544000 but the latest data is at time 8.532000, when looking up transform from frame [base_footprint] to frame [odom])
[amcl-6] [INFO] [1789887532.553647856] [amcl]: Setting pose (8.544000): -5.225 -2.975 0.000
[mission_executor-22] [INFO] [1789887536.504513027] [mission_executor]: localised; starting mission
[mission_executor-22] [INFO] [1789887536.505647717] [mission_executor]: autonomous mode: deciding with 'ns' at http://localhost:8001/decide before every action; planner ThetaStar; shift 1200 s
[python-19] INFO:     127.0.0.1:43508 - "POST /decide HTTP/1.1" 200 OK
[mission_executor-22] [INFO] [1789887541.059318264] [mission_executor]: decision: PICKUP:B - [routine] B has 5 units waiting; neural score +5.87, chosen over PICKUP:A by +0.96
[mission_executor-22] [INFO] [1789887541.063004265] [mission_executor]: [1] PICKUP:B from charger: predicted 15.2 m, 69 s, 0.19 Wh
[bt_navigator-13] [INFO] [1789887541.065607152] [bt_navigator]: Begin navigating from current location (-5.24, -2.98) to (6.03, 3.08)
[controller_server-8] [INFO] [1789887541.128925501] [controller_server]: Received a goal, begin computing control effort.
[controller_server-8] [WARN] [1789887541.129113439] [controller_server]: No goal checker was specified in parameter 'current_goal_checker'. Server will use only plugin loaded general_goal_checker . This warning will appear once.
[controller_server-8] [WARN] [1789887541.129138990] [controller_server]: No progress checker was specified in parameter 'current_progress_checker'. Server will use only plugin loaded progress_checker . This warning will appear once.
[parameter_bridge-4] [INFO] [1789887541.192004612] [ros_gz_bridge]: Passing message from ROS geometry_msgs/msg/Twist to Gazebo gz.msgs.Twist (showing msg only once per type)
[controller_server-8] [INFO] [1789887542.229706630] [controller_server]: Passing new path to controller.
[controller_server-8] [INFO] [1789887543.334860728] [controller_server]: Passing new path to controller.
[controller_server-8] [INFO] [1789887544.329484016] [controller_server]: Passing new path to controller.
[controller_server-8] [INFO] [1789887545.429449434] [controller_server]: Passing new path to controller.
[controller_server-8] [INFO] [1789887546.429452445] [controller_server]: Passing new path to controller.
[controller_server-8] [INFO] [1789887547.529436188] [controller_server]: Passing new path to controller.
[controller_server-8] [INFO] [1789887548.529502887] [controller_server]: Passing new path to controller.
[controller_server-8] [INFO] [1789887549.529552618] [controller_server]: Passing new path to controller.
[controller_server-8] [INFO] [1789887550.629477724] [controller_server]: Passing new path to controller.
[controller_server-8] [INFO] [1789887551.629432522] [controller_server]: Passing new path to controller.
[controller_server-8] [INFO] [1789887552.629431798] [controller_server]: Passing new path to controller.
[controller_server-8] [INFO] [1789887553.629422937] [controller_server]: Passing new path to controller.
[controller_server-8] [INFO] [1789887554.729438684] [controller_server]: Passing new path to controller.
[controller_server-8] [INFO] [1789887555.729458331] [controller_server]: Passing new path to controller.
[controller_server-8] [INFO] [1789887556.729551808] [controller_server]: Passing new path to controller.
[controller_server-8] [INFO] [1789887557.729428389] [controller_server]: Passing new path to controller.
[controller_server-8] [INFO] [1789887558.829496071] [controller_server]: Passing new path to controller.
[controller_server-8] [INFO] [1789887559.829434787] [controller_server]: Passing new path to controller.
[controller_server-8] [INFO] [1789887560.829432751] [controller_server]: Passing new path to controller.
[controller_server-8] [INFO] [1789887561.929481964] [controller_server]: Passing new path to controller.
[controller_server-8] [INFO] [1789887562.929435468] [controller_server]: Passing new path to controller.
[controller_server-8] [INFO] [1789887563.929430672] [controller_server]: Passing new path to controller.
[controller_server-8] [INFO] [1789887564.929443844] [controller_server]: Passing new path to controller.
[controller_server-8] [INFO] [1789887566.029442732] [controller_server]: Passing new path to controller.
[controller_server-8] [INFO] [1789887567.029441286] [controller_server]: Passing new path to controller.
[controller_server-8] [INFO] [1789887568.029449008] [controller_server]: Passing new path to controller.
[controller_server-8] [INFO] [1789887569.029441403] [controller_server]: Passing new path to controller.
[controller_server-8] [INFO] [1789887570.129445838] [controller_server]: Passing new path to controller.
[controller_server-8] [INFO] [1789887571.129424402] [controller_server]: Passing new path to controller.
[controller_server-8] [INFO] [1789887572.129419167] [controller_server]: Passing new path to controller.
[controller_server-8] [INFO] [1789887573.129514084] [controller_server]: Passing new path to controller.
[controller_server-8] [INFO] [1789887573.530831664] [controller_server]: Reached the goal!
[controller_server-8] [INFO] [1789887573.531760757] [controller_server]: Optimizer reset
[bt_navigator-13] [INFO] [1789887573.559829488] [bt_navigator]: Goal succeeded
[factory_node-20] [INFO] [1789887604.343442856] [factory]: pickup B: took 5 units (2.00 kg), 0 left
[mission_executor-22] [INFO] [1789887605.547033869] [mission_executor]: [1] PICKUP:B done: took 5 units (2.00 kg), 0 left | measured 15.0 m, 63 s, 0.18 Wh, battery 29.9 -> 29.1 %
[python-19] INFO:     127.0.0.1:41666 - "POST /decide HTTP/1.1" 200 OK
[mission_executor-22] [INFO] [1789887605.554525093] [mission_executor]: decision: DELIVER - [routine] carrying 5 units; neural score +5.89, chosen over PICKUP:A by +1.06
[mission_executor-22] [INFO] [1789887605.557804406] [mission_executor]: [2] DELIVER from B: predicted 10.3 m, 56 s, 0.17 Wh
[bt_navigator-13] [INFO] [1789887605.559619292] [bt_navigator]: Begin navigating from current location (5.90, 2.89) to (-0.23, -3.98)
[controller_server-8] [INFO] [1789887605.586502612] [controller_server]: Received a goal, begin computing control effort.
[controller_server-8] [INFO] [1789887606.687803025] [controller_server]: Passing new path to controller.
[controller_server-8] [INFO] [1789887607.687829703] [controller_server]: Passing new path to controller.
[controller_server-8] [INFO] [1789887608.687831247] [controller_server]: Passing new path to controller.
[controller_server-8] [INFO] [1789887609.787954669] [controller_server]: Passing new path to controller.
[controller_server-8] [INFO] [1789887610.787821366] [controller_server]: Passing new path to controller.
[controller_server-8] [INFO] [1789887611.787800635] [controller_server]: Passing new path to controller.
[controller_server-8] [INFO] [1789887612.887802731] [controller_server]: Passing new path to controller.
[controller_server-8] [INFO] [1789887613.887806952] [controller_server]: Passing new path to controller.
[controller_server-8] [INFO] [1789887614.887825963] [controller_server]: Passing new path to controller.
[controller_server-8] [INFO] [1789887615.887804133] [controller_server]: Passing new path to controller.
[controller_server-8] [INFO] [1789887616.987814311] [controller_server]: Passing new path to controller.
[controller_server-8] [INFO] [1789887617.987811359] [controller_server]: Passing new path to controller.
[controller_server-8] [INFO] [1789887618.987820027] [controller_server]: Passing new path to controller.
[controller_server-8] [INFO] [1789887619.989307588] [controller_server]: Passing new path to controller.
[controller_server-8] [INFO] [1789887620.987794701] [controller_server]: Passing new path to controller.
[controller_server-8] [INFO] [1789887622.088091161] [controller_server]: Passing new path to controller.
[controller_server-8] [INFO] [1789887623.089585875] [controller_server]: Passing new path to controller.
[controller_server-8] [INFO] [1789887624.096628373] [controller_server]: Passing new path to controller.
[controller_server-8] [INFO] [1789887625.090186089] [controller_server]: Passing new path to controller.
[controller_server-8] [INFO] [1789887626.187843594] [controller_server]: Passing new path to controller.
[controller_server-8] [INFO] [1789887627.187844149] [controller_server]: Passing new path to controller.
[controller_server-8] [INFO] [1789887628.187809884] [controller_server]: Passing new path to controller.
[controller_server-8] [INFO] [1789887629.208195196] [controller_server]: Passing new path to controller.
[controller_server-8] [INFO] [1789887630.287820335] [controller_server]: Passing new path to controller.
[controller_server-8] [INFO] [1789887631.287853211] [controller_server]: Passing new path to controller.
[controller_server-8] [INFO] [1789887632.287828674] [controller_server]: Passing new path to controller.
[controller_server-8] [INFO] [1789887633.189769289] [controller_server]: Reached the goal!
[controller_server-8] [INFO] [1789887633.189987158] [controller_server]: Optimizer reset
[bt_navigator-13] [INFO] [1789887633.210800624] [bt_navigator]: Goal succeeded
[mission_executor-22] [INFO] [1789887665.775205663] [mission_executor]: [2] DELIVER done: delivered 5 units | measured 10.1 m, 56 s, 0.17 Wh, battery 29.1 -> 28.3 %
[python-19] INFO:     127.0.0.1:45596 - "POST /decide HTTP/1.1" 200 OK
[mission_executor-22] [INFO] [1789887665.786980734] [mission_executor]: decision: PICKUP:A - [routine] A has 4 units waiting; neural score +4.91, chosen over PICKUP:C by +2.97
[mission_executor-22] [INFO] [1789887665.795290911] [mission_executor]: [3] PICKUP:A from delivery: predicted 10.0 m, 56 s, 0.14 Wh
[bt_navigator-13] [INFO] [1789887665.797272523] [bt_navigator]: Begin navigating from current location (-0.14, -3.84) to (-5.97, 3.08)
[controller_server-8] [INFO] [1789887665.823890314] [controller_server]: Received a goal, begin computing control effort.
[controller_server-8] [INFO] [1789887666.924302349] [controller_server]: Passing new path to controller.
[controller_server-8] [INFO] [1789887667.932895579] [controller_server]: Passing new path to controller.
[controller_server-8] [INFO] [1789887669.024266147] [controller_server]: Passing new path to controller.
[controller_server-8] [INFO] [1789887670.024283656] [controller_server]: Passing new path to controller.
[controller_server-8] [INFO] [1789887671.024236659] [controller_server]: Passing new path to controller.
[controller_server-8] [INFO] [1789887672.025119000] [controller_server]: Passing new path to controller.
[controller_server-8] [INFO] [1789887673.124242551] [controller_server]: Passing new path to controller.
[controller_server-8] [INFO] [1789887674.125801177] [controller_server]: Passing new path to controller.
[controller_server-8] [INFO] [1789887675.125151730] [controller_server]: Passing new path to controller.
[controller_server-8] [INFO] [1789887676.224239850] [controller_server]: Passing new path to controller.
[controller_server-8] [INFO] [1789887677.226560058] [controller_server]: Passing new path to controller.
[controller_server-8] [INFO] [1789887678.224271500] [controller_server]: Passing new path to controller.
[controller_server-8] [INFO] [1789887679.224248529] [controller_server]: Passing new path to controller.
[controller_server-8] [INFO] [1789887680.324233182] [controller_server]: Passing new path to controller.
[controller_server-8] [INFO] [1789887681.324242993] [controller_server]: Passing new path to controller.
[controller_server-8] [INFO] [1789887682.324306934] [controller_server]: Passing new path to controller.
[controller_server-8] [INFO] [1789887683.324417530] [controller_server]: Passing new path to controller.
[controller_server-8] [INFO] [1789887684.324245145] [controller_server]: Passing new path to controller.
[controller_server-8] [INFO] [1789887685.424277316] [controller_server]: Passing new path to controller.
[controller_server-8] [INFO] [1789887686.424384475] [controller_server]: Passing new path to controller.
[controller_server-8] [INFO] [1789887687.424255462] [controller_server]: Passing new path to controller.
[controller_server-8] [INFO] [1789887688.424274666] [controller_server]: Passing new path to controller.
[controller_server-8] [INFO] [1789887689.325768082] [controller_server]: Reached the goal!
[controller_server-8] [INFO] [1789887689.326092675] [controller_server]: Optimizer reset
[bt_navigator-13] [INFO] [1789887689.357626112] [bt_navigator]: Goal succeeded
[factory_node-20] [INFO] [1789887722.506202650] [factory]: pickup A: took 4 units (2.00 kg), 0 left
[mission_executor-22] [INFO] [1789887723.724364947] [mission_executor]: [3] PICKUP:A done: took 4 units (2.00 kg), 0 left | measured 9.9 m, 53 s, 0.14 Wh, battery 28.3 -> 27.7 %
[python-19] INFO:     127.0.0.1:53622 - "POST /decide HTTP/1.1" 200 OK
[mission_executor-22] [INFO] [1789887723.734302933] [mission_executor]: decision: DELIVER - [routine] carrying 4 units; neural score +4.90, chosen over PICKUP:C by +3.04
[mission_executor-22] [INFO] [1789887723.737937042] [mission_executor]: [4] DELIVER from A: predicted 10.0 m, 56 s, 0.17 Wh
[bt_navigator-13] [INFO] [1789887723.740231626] [bt_navigator]: Begin navigating from current location (-5.85, 2.97) to (-0.23, -3.98)
[controller_server-8] [INFO] [1789887723.762021247] [controller_server]: Received a goal, begin computing control effort.
[controller_server-8] [INFO] [1789887724.862316424] [controller_server]: Passing new path to controller.
[controller_server-8] [INFO] [1789887725.862296178] [controller_server]: Passing new path to controller.
[controller_server-8] [INFO] [1789887726.862333494] [controller_server]: Passing new path to controller.
[controller_server-8] [INFO] [1789887727.962276153] [controller_server]: Passing new path to controller.
[controller_server-8] [INFO] [1789887728.962291661] [controller_server]: Passing new path to controller.
[controller_server-8] [INFO] [1789887729.962415267] [controller_server]: Passing new path to controller.
[controller_server-8] [INFO] [1789887730.962288147] [controller_server]: Passing new path to controller.
[controller_server-8] [INFO] [1789887732.062502420] [controller_server]: Passing new path to controller.
[controller_server-8] [INFO] [1789887733.062324151] [controller_server]: Passing new path to controller.
[controller_server-8] [INFO] [1789887734.062360431] [controller_server]: Passing new path to controller.
[controller_server-8] [INFO] [1789887735.162306561] [controller_server]: Passing new path to controller.
[controller_server-8] [INFO] [1789887736.162341312] [controller_server]: Passing new path to controller.
[controller_server-8] [INFO] [1789887737.163184896] [controller_server]: Passing new path to controller.
[controller_server-8] [INFO] [1789887738.162347988] [controller_server]: Passing new path to controller.
[controller_server-8] [INFO] [1789887739.262287796] [controller_server]: Passing new path to controller.
[controller_server-8] [INFO] [1789887740.262257316] [controller_server]: Passing new path to controller.
[controller_server-8] [INFO] [1789887741.262291730] [controller_server]: Passing new path to controller.
[controller_server-8] [INFO] [1789887742.262297264] [controller_server]: Passing new path to controller.
[controller_server-8] [INFO] [1789887743.362406509] [controller_server]: Passing new path to controller.
[controller_server-8] [INFO] [1789887744.362293189] [controller_server]: Passing new path to controller.
[controller_server-8] [INFO] [1789887745.362271178] [controller_server]: Passing new path to controller.
[controller_server-8] [INFO] [1789887746.362276378] [controller_server]: Passing new path to controller.
[controller_server-8] [INFO] [1789887747.362336405] [controller_server]: Passing new path to controller.
[controller_server-8] [INFO] [1789887748.462293992] [controller_server]: Passing new path to controller.
[controller_server-8] [INFO] [1789887749.462910442] [controller_server]: Passing new path to controller.
[controller_server-8] [INFO] [1789887750.462286973] [controller_server]: Passing new path to controller.
[controller_server-8] [INFO] [1789887751.163850819] [controller_server]: Reached the goal!
[controller_server-8] [INFO] [1789887751.164221221] [controller_server]: Optimizer reset
[bt_navigator-13] [INFO] [1789887751.193793670] [bt_navigator]: Goal succeeded
[mission_executor-22] [INFO] [1789887785.030139713] [mission_executor]: [4] DELIVER done: delivered 4 units | measured 9.9 m, 56 s, 0.17 Wh, battery 27.7 -> 26.9 %
[python-19] INFO:     127.0.0.1:39218 - "POST /decide HTTP/1.1" 200 OK
[mission_executor-22] [INFO] [1789887785.062273490] [mission_executor]: decision: PICKUP:B - [routine] B has 2 units waiting; neural score +2.91, chosen over PICKUP:C by +0.97
[mission_executor-22] [INFO] [1789887785.063409237] [mission_executor]: [5] PICKUP:B from delivery: predicted 10.3 m, 56 s, 0.15 Wh
[bt_navigator-13] [INFO] [1789887785.074048763] [bt_navigator]: Begin navigating from current location (-0.27, -3.83) to (6.03, 3.08)
[controller_server-8] [INFO] [1789887785.106745944] [controller_server]: Received a goal, begin computing control effort.
[controller_server-8] [INFO] [1789887786.207022700] [controller_server]: Passing new path to controller.
[controller_server-8] [INFO] [1789887787.207815289] [controller_server]: Passing new path to controller.
[controller_server-8] [INFO] [1789887788.306950086] [controller_server]: Passing new path to controller.
[controller_server-8] [INFO] [1789887789.307388065] [controller_server]: Passing new path to controller.
[controller_server-8] [INFO] [1789887790.306967534] [controller_server]: Passing new path to controller.
[controller_server-8] [INFO] [1789887791.306954355] [controller_server]: Passing new path to controller.
[controller_server-8] [INFO] [1789887792.407169119] [controller_server]: Passing new path to controller.
[controller_server-8] [INFO] [1789887793.407532381] [controller_server]: Passing new path to controller.
[controller_server-8] [INFO] [1789887794.406983909] [controller_server]: Passing new path to controller.
[controller_server-8] [INFO] [1789887795.407409412] [controller_server]: Passing new path to controller.
[controller_server-8] [INFO] [1789887796.506955876] [controller_server]: Passing new path to controller.
[controller_server-8] [INFO] [1789887797.506934724] [controller_server]: Passing new path to controller.
[controller_server-8] [INFO] [1789887798.506944982] [controller_server]: Passing new path to controller.
[controller_server-8] [INFO] [1789887799.507097170] [controller_server]: Passing new path to controller.
[controller_server-8] [INFO] [1789887800.607316017] [controller_server]: Passing new path to controller.
[controller_server-8] [INFO] [1789887801.606951828] [controller_server]: Passing new path to controller.
[controller_server-8] [INFO] [1789887802.606956161] [controller_server]: Passing new path to controller.
[controller_server-8] [INFO] [1789887803.606936334] [controller_server]: Passing new path to controller.
[controller_server-8] [INFO] [1789887804.707040394] [controller_server]: Passing new path to controller.
[controller_server-8] [INFO] [1789887805.706954061] [controller_server]: Passing new path to controller.
[controller_server-8] [INFO] [1789887806.706960438] [controller_server]: Passing new path to controller.
[controller_server-8] [INFO] [1789887807.214928512] [controller_server]: Reached the goal!
[controller_server-8] [INFO] [1789887807.215302916] [controller_server]: Optimizer reset
[bt_navigator-13] [INFO] [1789887807.244509142] [bt_navigator]: Goal succeeded
[factory_node-20] [INFO] [1789887838.605981539] [factory]: pickup B: took 2 units (0.80 kg), 0 left
[mission_executor-22] [INFO] [1789887839.809161709] [mission_executor]: [5] PICKUP:B done: took 2 units (0.80 kg), 0 left | measured 10.1 m, 53 s, 0.14 Wh, battery 26.9 -> 26.3 %
[python-19] INFO:     127.0.0.1:45390 - "POST /decide HTTP/1.1" 200 OK
[mission_executor-22] [INFO] [1789887839.814772881] [mission_executor]: decision: DELIVER - [routine] carrying 2 units; neural score +2.90, chosen over PICKUP:C by +0.99
[mission_executor-22] [INFO] [1789887839.815853365] [mission_executor]: [6] DELIVER from B: predicted 10.3 m, 56 s, 0.15 Wh
[bt_navigator-13] [INFO] [1789887839.817605892] [bt_navigator]: Begin navigating from current location (5.95, 2.89) to (-0.23, -3.98)
[controller_server-8] [INFO] [1789887839.838612125] [controller_server]: Received a goal, begin computing control effort.
[controller_server-8] [INFO] [1789887840.938837838] [controller_server]: Passing new path to controller.
[controller_server-8] [INFO] [1789887841.938817047] [controller_server]: Passing new path to controller.
[controller_server-8] [INFO] [1789887842.938818846] [controller_server]: Passing new path to controller.
[controller_server-8] [INFO] [1789887843.938816962] [controller_server]: Passing new path to controller.
[controller_server-8] [INFO] [1789887845.038845446] [controller_server]: Passing new path to controller.
[controller_server-8] [INFO] [1789887846.038834214] [controller_server]: Passing new path to controller.
[controller_server-8] [INFO] [1789887847.038845174] [controller_server]: Passing new path to controller.
[controller_server-8] [INFO] [1789887848.038824870] [controller_server]: Passing new path to controller.
[controller_server-8] [INFO] [1789887849.139175311] [controller_server]: Passing new path to controller.
[controller_server-8] [INFO] [1789887850.138867025] [controller_server]: Passing new path to controller.
[controller_server-8] [INFO] [1789887851.138901696] [controller_server]: Passing new path to controller.
[controller_server-8] [INFO] [1789887852.138877121] [controller_server]: Passing new path to controller.
[controller_server-8] [INFO] [1789887853.139002686] [controller_server]: Passing new path to controller.
[controller_server-8] [INFO] [1789887854.238869697] [controller_server]: Passing new path to controller.
[controller_server-8] [INFO] [1789887855.238919763] [controller_server]: Passing new path to controller.
[controller_server-8] [INFO] [1789887856.238833427] [controller_server]: Passing new path to controller.
[controller_server-8] [INFO] [1789887857.338841752] [controller_server]: Passing new path to controller.
[controller_server-8] [INFO] [1789887858.338863444] [controller_server]: Passing new path to controller.
[controller_server-8] [INFO] [1789887859.339076002] [controller_server]: Passing new path to controller.
[controller_server-8] [INFO] [1789887860.338823152] [controller_server]: Passing new path to controller.
[controller_server-8] [INFO] [1789887861.438824252] [controller_server]: Passing new path to controller.
[controller_server-8] [INFO] [1789887862.438832308] [controller_server]: Passing new path to controller.
[bt_navigator-13] [WARN] [1789887863.413530230] [bt_navigator_navigate_to_pose_rclcpp_node]: Timed out while waiting for action server to acknowledge goal request for compute_path_to_pose
[bt_navigator-13] [ERROR] [1789887863.436001654] [bt_navigator_navigate_to_pose_rclcpp_node]: Failed to get result for follow_path in node halt!
[bt_navigator-13] [WARN] [1789887863.436253266] [bt_navigator]: [navigate_to_pose] [ActionServer] Aborting handle.
[bt_navigator-13] [ERROR] [1789887863.436852005] [bt_navigator]: Goal failed
[controller_server-8] [INFO] [1789887863.438842944] [controller_server]: Cancellation was successful. Stopping the robot.
[controller_server-8] [INFO] [1789887863.438929775] [controller_server]: [follow_path] [ActionServer] Client requested to cancel the goal. Cancelling.
[controller_server-8] [INFO] [1789887863.439509751] [controller_server]: Optimizer reset
[mission_executor-22] [WARN] [1789887863.460658439] [mission_executor]: drive to delivery failed (Nav2 aborted), attempt 1
[planner_server-10] [INFO] [1789887863.463357406] [global_costmap.global_costmap]: Received request to clear entirely the global_costmap
[controller_server-8] [INFO] [1789887863.470302039] [local_costmap.local_costmap]: Received request to clear entirely the local_costmap
[bt_navigator-13] [INFO] [1789887863.473693562] [bt_navigator]: Begin navigating from current location (-0.02, -3.86) to (-0.23, -3.98)
[planner_server-10] [WARN] [1789887864.224909073] [planner_server]: Planner loop missed its desired rate of 20.0000 Hz. Current loop rate is 1.5152 Hz
[controller_server-8] [INFO] [1789887864.244892142] [controller_server]: Received a goal, begin computing control effort.
[controller_server-8] [INFO] [1789887865.345113353] [controller_server]: Passing new path to controller.
[controller_server-8] [INFO] [1789887866.345074089] [controller_server]: Passing new path to controller.
[controller_server-8] [INFO] [1789887866.546592731] [controller_server]: Reached the goal!
[controller_server-8] [INFO] [1789887866.546958910] [controller_server]: Optimizer reset
[bt_navigator-13] [INFO] [1789887866.574524943] [bt_navigator]: Goal succeeded
[mission_executor-22] [INFO] [1789887867.076172089] [mission_executor]: reached delivery after recovery: ['attempt 1: Nav2 aborted', 'recovery: clear costmaps']
[mission_executor-22] [INFO] [1789887898.376208432] [mission_executor]: [6] DELIVER done: delivered 2 units | measured 10.1 m, 58 s, 0.16 Wh, battery 26.3 -> 25.6 %
[python-19] INFO:     127.0.0.1:53048 - "POST /decide HTTP/1.1" 200 OK
[mission_executor-22] [INFO] [1789887898.385659276] [mission_executor]: decision: PICKUP:C - [routine] C has 1 units waiting; neural score +1.93, chosen over PICKUP:A by +0.03
[mission_executor-22] [INFO] [1789887898.386819646] [mission_executor]: [7] PICKUP:C from delivery: predicted 6.3 m, 46 s, 0.11 Wh
[bt_navigator-13] [INFO] [1789887898.389144973] [bt_navigator]: Begin navigating from current location (-0.11, -3.81) to (6.03, -3.42)
[controller_server-8] [INFO] [1789887898.410337871] [controller_server]: Received a goal, begin computing control effort.
[controller_server-8] [INFO] [1789887899.510597761] [controller_server]: Passing new path to controller.
[controller_server-8] [INFO] [1789887900.510588597] [controller_server]: Passing new path to controller.
[controller_server-8] [INFO] [1789887901.510594386] [controller_server]: Passing new path to controller.
[controller_server-8] [INFO] [1789887902.510594031] [controller_server]: Passing new path to controller.
[controller_server-8] [INFO] [1789887903.610637428] [controller_server]: Passing new path to controller.
[controller_server-8] [INFO] [1789887904.610596563] [controller_server]: Passing new path to controller.
[controller_server-8] [INFO] [1789887905.610604696] [controller_server]: Passing new path to controller.
[controller_server-8] [INFO] [1789887906.610596875] [controller_server]: Passing new path to controller.
[controller_server-8] [INFO] [1789887907.710594660] [controller_server]: Passing new path to controller.
[controller_server-8] [INFO] [1789887908.710600453] [controller_server]: Passing new path to controller.
[controller_server-8] [INFO] [1789887909.710584576] [controller_server]: Passing new path to controller.
[controller_server-8] [INFO] [1789887910.710584925] [controller_server]: Passing new path to controller.
[controller_server-8] [INFO] [1789887911.812316179] [controller_server]: Passing new path to controller.
[collision_monitor-16] [INFO] [1789887912.729757336] [collision_monitor]: Robot to approach for 1.200000 seconds away from collision
[controller_server-8] [INFO] [1789887912.810631889] [controller_server]: Passing new path to controller.
[collision_monitor-16] [INFO] [1789887913.379824323] [collision_monitor]: Robot to continue normal operation
[controller_server-8] [INFO] [1789887913.810601671] [controller_server]: Passing new path to controller.
[controller_server-8] [INFO] [1789887914.412014718] [controller_server]: Reached the goal!
[controller_server-8] [INFO] [1789887914.412218862] [controller_server]: Optimizer reset
[bt_navigator-13] [INFO] [1789887914.439778622] [bt_navigator]: Goal succeeded
[factory_node-20] [INFO] [1789887945.088512659] [factory]: pickup C: took 1 units (1.50 kg), 0 left
[mission_executor-22] [INFO] [1789887946.296269253] [mission_executor]: [7] PICKUP:C done: took 1 units (1.50 kg), 0 left | measured 6.2 m, 48 s, 0.11 Wh, battery 25.6 -> 25.1 %
[python-19] INFO:     127.0.0.1:50802 - "POST /decide HTTP/1.1" 200 OK
[mission_executor-22] [INFO] [1789887946.311985545] [mission_executor]: decision: PICKUP:A - [routine] A has 2 units waiting; neural score +2.86, chosen over DELIVER by +0.93
[mission_executor-22] [INFO] [1789887946.312925641] [mission_executor]: [8] PICKUP:A from C: predicted 15.6 m, 70 s, 0.22 Wh
[bt_navigator-13] [INFO] [1789887946.314938400] [bt_navigator]: Begin navigating from current location (5.97, -3.32) to (-5.97, 3.08)
[controller_server-8] [INFO] [1789887946.336296491] [controller_server]: Received a goal, begin computing control effort.
[controller_server-8] [INFO] [1789887947.436563172] [controller_server]: Passing new path to controller.
[controller_server-8] [INFO] [1789887948.436572309] [controller_server]: Passing new path to controller.
[controller_server-8] [INFO] [1789887949.436611643] [controller_server]: Passing new path to controller.
[controller_server-8] [INFO] [1789887950.536703059] [controller_server]: Passing new path to controller.
[controller_server-8] [INFO] [1789887951.536561991] [controller_server]: Passing new path to controller.
[controller_server-8] [INFO] [1789887952.636546141] [controller_server]: Passing new path to controller.
[controller_server-8] [INFO] [1789887953.636547426] [controller_server]: Passing new path to controller.
[controller_server-8] [INFO] [1789887954.636606231] [controller_server]: Passing new path to controller.
[controller_server-8] [INFO] [1789887955.736595244] [controller_server]: Passing new path to controller.
[controller_server-8] [INFO] [1789887956.736563299] [controller_server]: Passing new path to controller.
[controller_server-8] [INFO] [1789887957.736565415] [controller_server]: Passing new path to controller.
[controller_server-8] [INFO] [1789887958.736532161] [controller_server]: Passing new path to controller.
[controller_server-8] [INFO] [1789887959.836554381] [controller_server]: Passing new path to controller.
[controller_server-8] [INFO] [1789887960.836533873] [controller_server]: Passing new path to controller.
[controller_server-8] [INFO] [1789887961.836580991] [controller_server]: Passing new path to controller.
[controller_server-8] [INFO] [1789887962.836519868] [controller_server]: Passing new path to controller.
[controller_server-8] [INFO] [1789887963.936504243] [controller_server]: Passing new path to controller.
[controller_server-8] [INFO] [1789887964.936577768] [controller_server]: Passing new path to controller.
[controller_server-8] [INFO] [1789887965.936548006] [controller_server]: Passing new path to controller.
[controller_server-8] [INFO] [1789887966.936551423] [controller_server]: Passing new path to controller.
[controller_server-8] [INFO] [1789887968.036598816] [controller_server]: Passing new path to controller.
[controller_server-8] [INFO] [1789887969.036512549] [controller_server]: Passing new path to controller.
[controller_server-8] [INFO] [1789887970.036538465] [controller_server]: Passing new path to controller.
[controller_server-8] [INFO] [1789887971.036544276] [controller_server]: Passing new path to controller.
[controller_server-8] [INFO] [1789887972.136745923] [controller_server]: Passing new path to controller.
[controller_server-8] [INFO] [1789887972.937680811] [controller_server]: Optimizer reset
[controller_server-8] [INFO] [1789887972.938856466] [controller_server]: Optimizer reset
[controller_server-8] [WARN] [1789887972.938971186] [controller_server]: Optimizer fail to compute path
[controller_server-8] [INFO] [1789887973.038038534] [controller_server]: Optimizer reset
[controller_server-8] [INFO] [1789887973.039731411] [controller_server]: Optimizer reset
[controller_server-8] [WARN] [1789887973.039848906] [controller_server]: Optimizer fail to compute path
[controller_server-8] [INFO] [1789887973.136546336] [controller_server]: Passing new path to controller.
[controller_server-8] [INFO] [1789887973.138248764] [controller_server]: Optimizer reset
[controller_server-8] [INFO] [1789887973.139755699] [controller_server]: Optimizer reset
[controller_server-8] [WARN] [1789887973.139844242] [controller_server]: Optimizer fail to compute path
[controller_server-8] [ERROR] [1789887973.139897170] [controller_server]: Controller patience exceeded
[controller_server-8] [INFO] [1789887973.140451911] [controller_server]: Optimizer reset
[controller_server-8] [WARN] [1789887973.140488920] [controller_server]: [follow_path] [ActionServer] Aborting handle.
[controller_server-8] [INFO] [1789887973.165941666] [local_costmap.local_costmap]: Received request to clear entirely the local_costmap
[controller_server-8] [INFO] [1789887973.167097709] [controller_server]: Received a goal, begin computing control effort.
[controller_server-8] [WARN] [1789887973.358752436] [controller_server]: Control loop missed its desired rate of 10.0000 Hz. Current loop rate is 5.2083 Hz.
[controller_server-8] [INFO] [1789887974.158932246] [controller_server]: Passing new path to controller.
[controller_server-8] [INFO] [1789887975.158977244] [controller_server]: Passing new path to controller.
[controller_server-8] [INFO] [1789887976.158925041] [controller_server]: Passing new path to controller.
[controller_server-8] [INFO] [1789887977.258914769] [controller_server]: Passing new path to controller.
[controller_server-8] [INFO] [1789887978.258924852] [controller_server]: Passing new path to controller.
[controller_server-8] [INFO] [1789887979.258955681] [controller_server]: Passing new path to controller.
[controller_server-8] [INFO] [1789887980.258983068] [controller_server]: Passing new path to controller.
[controller_server-8] [INFO] [1789887980.659965235] [controller_server]: Reached the goal!
[controller_server-8] [INFO] [1789887980.660187781] [controller_server]: Optimizer reset
[bt_navigator-13] [INFO] [1789887980.688073501] [bt_navigator]: Goal succeeded
[factory_node-20] [INFO] [1789888011.353863948] [factory]: pickup A: took 2 units (1.00 kg), 0 left
[mission_executor-22] [INFO] [1789888012.557149107] [mission_executor]: [8] PICKUP:A done: took 2 units (1.00 kg), 0 left | measured 15.5 m, 66 s, 0.21 Wh, battery 25.1 -> 24.1 %
[python-19] INFO:     127.0.0.1:34556 - "POST /decide HTTP/1.1" 200 OK
[mission_executor-22] [INFO] [1789888012.562011799] [mission_executor]: decision: DELIVER - [routine] carrying 3 units; neural score +3.89, chosen over PICKUP:B by +2.07
[mission_executor-22] [INFO] [1789888012.562932965] [mission_executor]: [9] DELIVER from A: predicted 10.0 m, 56 s, 0.17 Wh
[bt_navigator-13] [INFO] [1789888012.564756042] [bt_navigator]: Begin navigating from current location (-5.84, 2.94) to (-0.23, -3.98)
[controller_server-8] [INFO] [1789888012.586388021] [controller_server]: Received a goal, begin computing control effort.
[controller_server-8] [INFO] [1789888013.686908850] [controller_server]: Passing new path to controller.
[controller_server-8] [INFO] [1789888014.686706451] [controller_server]: Passing new path to controller.
[controller_server-8] [INFO] [1789888015.687074145] [controller_server]: Passing new path to controller.
[controller_server-8] [INFO] [1789888016.786877713] [controller_server]: Passing new path to controller.
[controller_server-8] [INFO] [1789888017.786652823] [controller_server]: Passing new path to controller.
[controller_server-8] [INFO] [1789888018.786637530] [controller_server]: Passing new path to controller.
[controller_server-8] [INFO] [1789888019.786792921] [controller_server]: Passing new path to controller.
[controller_server-8] [INFO] [1789888020.886664265] [controller_server]: Passing new path to controller.
[controller_server-8] [INFO] [1789888021.886699725] [controller_server]: Passing new path to controller.
[controller_server-8] [INFO] [1789888022.886682176] [controller_server]: Passing new path to controller.
[controller_server-8] [INFO] [1789888023.987342651] [controller_server]: Passing new path to controller.
[controller_server-8] [INFO] [1789888024.986771332] [controller_server]: Passing new path to controller.
[controller_server-8] [INFO] [1789888025.986849017] [controller_server]: Passing new path to controller.
[controller_server-8] [INFO] [1789888026.986720677] [controller_server]: Passing new path to controller.
[controller_server-8] [INFO] [1789888027.986732690] [controller_server]: Passing new path to controller.
[controller_server-8] [INFO] [1789888029.089037480] [controller_server]: Passing new path to controller.
[controller_server-8] [INFO] [1789888030.086713285] [controller_server]: Passing new path to controller.
[controller_server-8] [INFO] [1789888031.086636565] [controller_server]: Passing new path to controller.
[controller_server-8] [INFO] [1789888032.086632158] [controller_server]: Passing new path to controller.
[controller_server-8] [INFO] [1789888033.186622038] [controller_server]: Passing new path to controller.
[controller_server-8] [INFO] [1789888034.186620435] [controller_server]: Passing new path to controller.
[controller_server-8] [INFO] [1789888035.186627796] [controller_server]: Passing new path to controller.
[controller_server-8] [INFO] [1789888036.186646872] [controller_server]: Passing new path to controller.
[controller_server-8] [INFO] [1789888037.088634914] [controller_server]: Reached the goal!
[controller_server-8] [INFO] [1789888037.088923036] [controller_server]: Optimizer reset
[bt_navigator-13] [INFO] [1789888037.115556689] [bt_navigator]: Goal succeeded
[mission_executor-22] [INFO] [1789888068.938323687] [mission_executor]: [9] DELIVER done: delivered 3 units | measured 9.8 m, 56 s, 0.17 Wh, battery 24.1 -> 23.3 %
[python-19] INFO:     127.0.0.1:38336 - "POST /decide HTTP/1.1" 200 OK
[mission_executor-22] [INFO] [1789888068.943184433] [mission_executor]: decision: PICKUP:B - [routine] B has 2 units waiting; neural score +2.91, chosen over CHARGE:40 by +1.93
[mission_executor-22] [INFO] [1789888068.944304161] [mission_executor]: [10] PICKUP:B from delivery: predicted 10.3 m, 56 s, 0.15 Wh
[bt_navigator-13] [INFO] [1789888068.945430257] [bt_navigator]: Begin navigating from current location (-0.30, -3.80) to (6.03, 3.08)
[controller_server-8] [INFO] [1789888068.966338785] [controller_server]: Received a goal, begin computing control effort.
[controller_server-8] [INFO] [1789888070.066550484] [controller_server]: Passing new path to controller.
[controller_server-8] [INFO] [1789888071.066523384] [controller_server]: Passing new path to controller.
[controller_server-8] [INFO] [1789888072.066522199] [controller_server]: Passing new path to controller.
[controller_server-8] [INFO] [1789888073.166534229] [controller_server]: Passing new path to controller.
[controller_server-8] [INFO] [1789888074.166536377] [controller_server]: Passing new path to controller.
[controller_server-8] [INFO] [1789888075.166529041] [controller_server]: Passing new path to controller.
[controller_server-8] [INFO] [1789888076.166577931] [controller_server]: Passing new path to controller.
[controller_server-8] [INFO] [1789888077.266554913] [controller_server]: Passing new path to controller.
[controller_server-8] [INFO] [1789888078.266554923] [controller_server]: Passing new path to controller.
[controller_server-8] [INFO] [1789888079.266553033] [controller_server]: Passing new path to controller.
[controller_server-8] [INFO] [1789888080.266548092] [controller_server]: Passing new path to controller.
[controller_server-8] [INFO] [1789888081.366557415] [controller_server]: Passing new path to controller.
[controller_server-8] [INFO] [1789888082.366536491] [controller_server]: Passing new path to controller.
[controller_server-8] [INFO] [1789888083.366539366] [controller_server]: Passing new path to controller.
[controller_server-8] [INFO] [1789888084.366541184] [controller_server]: Passing new path to controller.
[controller_server-8] [INFO] [1789888085.366632204] [controller_server]: Passing new path to controller.
[controller_server-8] [INFO] [1789888086.466568085] [controller_server]: Passing new path to controller.
[controller_server-8] [INFO] [1789888087.466543612] [controller_server]: Passing new path to controller.
[controller_server-8] [INFO] [1789888088.466569755] [controller_server]: Passing new path to controller.
[controller_server-8] [INFO] [1789888089.466552245] [controller_server]: Passing new path to controller.
[controller_server-8] [INFO] [1789888090.466531776] [controller_server]: Passing new path to controller.
[controller_server-8] [INFO] [1789888090.767535071] [controller_server]: Reached the goal!
[controller_server-8] [INFO] [1789888090.767779771] [controller_server]: Optimizer reset
[bt_navigator-13] [INFO] [1789888090.796211271] [bt_navigator]: Goal succeeded
[factory_node-20] [INFO] [1789888121.374065546] [factory]: pickup B: took 2 units (0.80 kg), 0 left
[mission_executor-22] [INFO] [1789888122.576853350] [mission_executor]: [10] PICKUP:B done: took 2 units (0.80 kg), 0 left | measured 10.1 m, 54 s, 0.14 Wh, battery 23.3 -> 22.7 %
[python-19] INFO:     127.0.0.1:41032 - "POST /decide HTTP/1.1" 200 OK
[mission_executor-22] [INFO] [1789888122.582971313] [mission_executor]: decision: DELIVER - [routine] carrying 2 units; neural score +2.90, chosen over PICKUP:A by +1.06
[mission_executor-22] [INFO] [1789888122.584054879] [mission_executor]: [11] DELIVER from B: predicted 10.3 m, 56 s, 0.16 Wh
[bt_navigator-13] [INFO] [1789888122.585613646] [bt_navigator]: Begin navigating from current location (5.93, 2.90) to (-0.23, -3.98)
[controller_server-8] [INFO] [1789888122.610449481] [controller_server]: Received a goal, begin computing control effort.
[controller_server-8] [INFO] [1789888123.710684675] [controller_server]: Passing new path to controller.
[controller_server-8] [INFO] [1789888124.710732736] [controller_server]: Passing new path to controller.
[controller_server-8] [INFO] [1789888125.710692591] [controller_server]: Passing new path to controller.
[controller_server-8] [INFO] [1789888126.810685271] [controller_server]: Passing new path to controller.
[controller_server-8] [INFO] [1789888127.810686494] [controller_server]: Passing new path to controller.
[controller_server-8] [INFO] [1789888128.810682958] [controller_server]: Passing new path to controller.
[controller_server-8] [INFO] [1789888129.810691582] [controller_server]: Passing new path to controller.
[controller_server-8] [INFO] [1789888130.910689981] [controller_server]: Passing new path to controller.
[controller_server-8] [INFO] [1789888131.910710340] [controller_server]: Passing new path to controller.
[controller_server-8] [INFO] [1789888132.910687693] [controller_server]: Passing new path to controller.
[controller_server-8] [INFO] [1789888133.910679481] [controller_server]: Passing new path to controller.
[controller_server-8] [INFO] [1789888135.010673550] [controller_server]: Passing new path to controller.
[controller_server-8] [INFO] [1789888136.010695441] [controller_server]: Passing new path to controller.
[controller_server-8] [INFO] [1789888137.010714631] [controller_server]: Passing new path to controller.
[controller_server-8] [INFO] [1789888138.010679271] [controller_server]: Passing new path to controller.
[controller_server-8] [INFO] [1789888139.010733607] [controller_server]: Passing new path to controller.
[controller_server-8] [INFO] [1789888140.110712012] [controller_server]: Passing new path to controller.
[controller_server-8] [INFO] [1789888141.110699548] [controller_server]: Passing new path to controller.
[controller_server-8] [INFO] [1789888142.110730536] [controller_server]: Passing new path to controller.
[controller_server-8] [INFO] [1789888143.110695988] [controller_server]: Passing new path to controller.
[controller_server-8] [INFO] [1789888144.110701100] [controller_server]: Passing new path to controller.
[controller_server-8] [INFO] [1789888145.210725144] [controller_server]: Passing new path to controller.
[controller_server-8] [INFO] [1789888146.210701251] [controller_server]: Passing new path to controller.
[controller_server-8] [INFO] [1789888147.210846983] [controller_server]: Passing new path to controller.
[controller_server-8] [INFO] [1789888147.512105827] [controller_server]: Reached the goal!
[controller_server-8] [INFO] [1789888147.514044670] [controller_server]: Optimizer reset
[bt_navigator-13] [INFO] [1789888147.536162658] [bt_navigator]: Goal succeeded
[mission_executor-22] [INFO] [1789888179.308613019] [mission_executor]: [11] DELIVER done: delivered 2 units | measured 10.2 m, 57 s, 0.16 Wh, battery 22.7 -> 22.0 %
[python-19] INFO:     127.0.0.1:42410 - "POST /decide HTTP/1.1" 200 OK
[mission_executor-22] [INFO] [1789888179.313062256] [mission_executor]: decision: PICKUP:A - [routine] A has 1 units waiting; neural score +1.91, chosen over PICKUP:B by +0.00
[mission_executor-22] [INFO] [1789888179.313608601] [mission_executor]: [12] PICKUP:A from delivery: predicted 10.0 m, 56 s, 0.14 Wh
[bt_navigator-13] [INFO] [1789888179.314704502] [bt_navigator]: Begin navigating from current location (-0.18, -3.85) to (-5.97, 3.08)
[controller_server-8] [INFO] [1789888179.335898440] [controller_server]: Received a goal, begin computing control effort.
[controller_server-8] [INFO] [1789888180.436197184] [controller_server]: Passing new path to controller.
[controller_server-8] [INFO] [1789888181.436202498] [controller_server]: Passing new path to controller.
[controller_server-8] [INFO] [1789888182.436198349] [controller_server]: Passing new path to controller.
[controller_server-8] [INFO] [1789888183.536183196] [controller_server]: Passing new path to controller.
[controller_server-8] [INFO] [1789888184.536161603] [controller_server]: Passing new path to controller.
[controller_server-8] [INFO] [1789888185.536160950] [controller_server]: Passing new path to controller.
[controller_server-8] [INFO] [1789888186.536210059] [controller_server]: Passing new path to controller.
[controller_server-8] [INFO] [1789888187.636177907] [controller_server]: Passing new path to controller.
[controller_server-8] [INFO] [1789888188.636176934] [controller_server]: Passing new path to controller.
[controller_server-8] [INFO] [1789888189.636184745] [controller_server]: Passing new path to controller.
[controller_server-8] [INFO] [1789888190.736154090] [controller_server]: Passing new path to controller.
[controller_server-8] [INFO] [1789888191.736157363] [controller_server]: Passing new path to controller.
[controller_server-8] [INFO] [1789888192.736154248] [controller_server]: Passing new path to controller.
[controller_server-8] [INFO] [1789888193.736219874] [controller_server]: Passing new path to controller.
[controller_server-8] [INFO] [1789888194.836153385] [controller_server]: Passing new path to controller.
[controller_server-8] [INFO] [1789888195.836343484] [controller_server]: Passing new path to controller.
[controller_server-8] [INFO] [1789888196.836164871] [controller_server]: Passing new path to controller.
[controller_server-8] [INFO] [1789888197.836582091] [controller_server]: Passing new path to controller.
[controller_server-8] [INFO] [1789888198.936159410] [controller_server]: Passing new path to controller.
[controller_server-8] [INFO] [1789888199.936171035] [controller_server]: Passing new path to controller.
[controller_server-8] [INFO] [1789888200.537341262] [controller_server]: Reached the goal!
[controller_server-8] [INFO] [1789888200.537535620] [controller_server]: Optimizer reset
[bt_navigator-13] [INFO] [1789888200.565456853] [bt_navigator]: Goal succeeded
[factory_node-20] [INFO] [1789888231.144411812] [factory]: pickup A: took 1 units (0.50 kg), 0 left
[mission_executor-22] [INFO] [1789888232.347740939] [mission_executor]: [12] PICKUP:A done: took 1 units (0.50 kg), 0 left | measured 9.7 m, 53 s, 0.14 Wh, battery 22.0 -> 21.4 %
[python-19] INFO:     127.0.0.1:45222 - "POST /decide HTTP/1.1" 200 OK
[mission_executor-22] [INFO] [1789888232.352992449] [mission_executor]: decision: DELIVER - [routine] carrying 1 units; neural score +1.90, chosen over PICKUP:B by +0.06
[mission_executor-22] [INFO] [1789888232.353656683] [mission_executor]: [13] DELIVER from A: predicted 10.0 m, 56 s, 0.15 Wh
[bt_navigator-13] [INFO] [1789888232.354843015] [bt_navigator]: Begin navigating from current location (-5.86, 2.93) to (-0.23, -3.98)
[controller_server-8] [INFO] [1789888232.375790071] [controller_server]: Received a goal, begin computing control effort.
[controller_server-8] [INFO] [1789888233.475962979] [controller_server]: Passing new path to controller.
[controller_server-8] [INFO] [1789888234.475980720] [controller_server]: Passing new path to controller.
[controller_server-8] [INFO] [1789888235.475967165] [controller_server]: Passing new path to controller.
[controller_server-8] [INFO] [1789888236.576154988] [controller_server]: Passing new path to controller.
[controller_server-8] [INFO] [1789888237.576036645] [controller_server]: Passing new path to controller.
[controller_server-8] [INFO] [1789888238.576083860] [controller_server]: Passing new path to controller.
[controller_server-8] [INFO] [1789888239.576075689] [controller_server]: Passing new path to controller.
[controller_server-8] [INFO] [1789888240.676033422] [controller_server]: Passing new path to controller.
[controller_server-8] [INFO] [1789888241.676059051] [controller_server]: Passing new path to controller.
[controller_server-8] [INFO] [1789888242.675997889] [controller_server]: Passing new path to controller.
[controller_server-8] [INFO] [1789888243.675982175] [controller_server]: Passing new path to controller.
[controller_server-8] [INFO] [1789888244.776008006] [controller_server]: Passing new path to controller.
[controller_server-8] [INFO] [1789888245.776128183] [controller_server]: Passing new path to controller.
[controller_server-8] [INFO] [1789888246.776003997] [controller_server]: Passing new path to controller.
[controller_server-8] [INFO] [1789888247.776058402] [controller_server]: Passing new path to controller.
[controller_server-8] [INFO] [1789888248.875989510] [controller_server]: Passing new path to controller.
[controller_server-8] [INFO] [1789888249.876103401] [controller_server]: Passing new path to controller.
[controller_server-8] [INFO] [1789888250.876157384] [controller_server]: Passing new path to controller.
[controller_server-8] [INFO] [1789888251.875991206] [controller_server]: Passing new path to controller.
[controller_server-8] [INFO] [1789888252.976003938] [controller_server]: Passing new path to controller.
[controller_server-8] [INFO] [1789888253.976053183] [controller_server]: Passing new path to controller.
[controller_server-8] [INFO] [1789888254.976106020] [controller_server]: Passing new path to controller.
[controller_server-8] [INFO] [1789888255.976049158] [controller_server]: Passing new path to controller.
[controller_server-8] [INFO] [1789888256.877233728] [controller_server]: Reached the goal!
[controller_server-8] [INFO] [1789888256.877483982] [controller_server]: Optimizer reset
[bt_navigator-13] [INFO] [1789888256.905526418] [bt_navigator]: Goal succeeded
[mission_executor-22] [INFO] [1789888288.675943918] [mission_executor]: [13] DELIVER done: delivered 1 units | measured 9.8 m, 56 s, 0.15 Wh, battery 21.4 -> 20.7 %
[python-19] INFO:     127.0.0.1:53448 - "POST /decide HTTP/1.1" 200 OK
[mission_executor-22] [INFO] [1789888288.680135969] [mission_executor]: decision: PICKUP:B - [routine] B has 2 units waiting; neural score +2.91, chosen over CHARGE:40 by +1.93
[mission_executor-22] [INFO] [1789888288.680752564] [mission_executor]: [14] PICKUP:B from delivery: predicted 10.3 m, 56 s, 0.15 Wh
[bt_navigator-13] [INFO] [1789888288.682363680] [bt_navigator]: Begin navigating from current location (-0.26, -3.82) to (6.03, 3.08)
[controller_server-8] [INFO] [1789888288.703939234] [controller_server]: Received a goal, begin computing control effort.
[controller_server-8] [INFO] [1789888289.804228800] [controller_server]: Passing new path to controller.
[controller_server-8] [INFO] [1789888290.804250509] [controller_server]: Passing new path to controller.
[controller_server-8] [INFO] [1789888291.804172539] [controller_server]: Passing new path to controller.
[controller_server-8] [INFO] [1789888292.904234732] [controller_server]: Passing new path to controller.
[controller_server-8] [INFO] [1789888293.904148577] [controller_server]: Passing new path to controller.
[controller_server-8] [INFO] [1789888294.904273339] [controller_server]: Passing new path to controller.
[controller_server-8] [INFO] [1789888295.904140711] [controller_server]: Passing new path to controller.
[controller_server-8] [INFO] [1789888297.004157926] [controller_server]: Passing new path to controller.
[controller_server-8] [INFO] [1789888298.004147516] [controller_server]: Passing new path to controller.
[controller_server-8] [INFO] [1789888299.004181213] [controller_server]: Passing new path to controller.
[controller_server-8] [INFO] [1789888300.004168716] [controller_server]: Passing new path to controller.
[controller_server-8] [INFO] [1789888301.104172687] [controller_server]: Passing new path to controller.
[controller_server-8] [INFO] [1789888302.104265327] [controller_server]: Passing new path to controller.
[controller_server-8] [INFO] [1789888303.104187889] [controller_server]: Passing new path to controller.
[controller_server-8] [INFO] [1789888304.104267415] [controller_server]: Passing new path to controller.
[controller_server-8] [INFO] [1789888305.204199532] [controller_server]: Passing new path to controller.
[controller_server-8] [INFO] [1789888306.204519371] [controller_server]: Passing new path to controller.
[controller_server-8] [INFO] [1789888307.204199264] [controller_server]: Passing new path to controller.
[controller_server-8] [INFO] [1789888308.204152302] [controller_server]: Passing new path to controller.
[controller_server-8] [INFO] [1789888309.304164526] [controller_server]: Passing new path to controller.
[controller_server-8] [INFO] [1789888310.304200054] [controller_server]: Passing new path to controller.
[controller_server-8] [INFO] [1789888310.306046609] [controller_server]: Reached the goal!
[controller_server-8] [INFO] [1789888310.306287429] [controller_server]: Optimizer reset
[bt_navigator-13] [INFO] [1789888310.342918033] [bt_navigator]: Goal succeeded
[factory_node-20] [INFO] [1789888340.860552828] [factory]: pickup B: took 2 units (0.80 kg), 0 left
[mission_executor-22] [INFO] [1789888342.065717401] [mission_executor]: [14] PICKUP:B done: took 2 units (0.80 kg), 0 left | measured 10.0 m, 53 s, 0.14 Wh, battery 20.7 -> 20.1 %
[python-19] INFO:     127.0.0.1:40444 - "POST /decide HTTP/1.1" 200 OK
[mission_executor-22] [INFO] [1789888342.073695871] [mission_executor]: decision: DELIVER - [routine] carrying 2 units; neural score +2.90, chosen over PICKUP:A by +1.06
[mission_executor-22] [INFO] [1789888342.074301434] [mission_executor]: [15] DELIVER from B: predicted 10.3 m, 56 s, 0.16 Wh
[bt_navigator-13] [INFO] [1789888342.075634234] [bt_navigator]: Begin navigating from current location (6.01, 2.87) to (-0.23, -3.98)
[controller_server-8] [INFO] [1789888342.096804404] [controller_server]: Received a goal, begin computing control effort.
[controller_server-8] [INFO] [1789888343.198073633] [controller_server]: Passing new path to controller.
[controller_server-8] [INFO] [1789888344.197874918] [controller_server]: Passing new path to controller.
[controller_server-8] [INFO] [1789888345.197860024] [controller_server]: Passing new path to controller.
[controller_server-8] [INFO] [1789888346.298337833] [controller_server]: Passing new path to controller.
[controller_server-8] [INFO] [1789888347.297879733] [controller_server]: Passing new path to controller.
[controller_server-8] [INFO] [1789888348.297860248] [controller_server]: Passing new path to controller.
[controller_server-8] [INFO] [1789888349.297905675] [controller_server]: Passing new path to controller.
[controller_server-8] [INFO] [1789888350.397869028] [controller_server]: Passing new path to controller.
[controller_server-8] [INFO] [1789888351.397897830] [controller_server]: Passing new path to controller.
[controller_server-8] [INFO] [1789888352.397866356] [controller_server]: Passing new path to controller.
[controller_server-8] [INFO] [1789888353.397840213] [controller_server]: Passing new path to controller.
[controller_server-8] [INFO] [1789888354.497865737] [controller_server]: Passing new path to controller.
[controller_server-8] [INFO] [1789888355.497924462] [controller_server]: Passing new path to controller.
[controller_server-8] [INFO] [1789888356.498190571] [controller_server]: Passing new path to controller.
[controller_server-8] [INFO] [1789888357.497851615] [controller_server]: Passing new path to controller.
[controller_server-8] [INFO] [1789888358.597842415] [controller_server]: Passing new path to controller.
[controller_server-8] [INFO] [1789888359.597853497] [controller_server]: Passing new path to controller.
[controller_server-8] [INFO] [1789888360.597866843] [controller_server]: Passing new path to controller.
[controller_server-8] [INFO] [1789888361.597885297] [controller_server]: Passing new path to controller.
[controller_server-8] [INFO] [1789888362.697887918] [controller_server]: Passing new path to controller.
[controller_server-8] [INFO] [1789888363.697841876] [controller_server]: Passing new path to controller.
[controller_server-8] [INFO] [1789888364.697873820] [controller_server]: Passing new path to controller.
[controller_server-8] [INFO] [1789888365.697887533] [controller_server]: Passing new path to controller.
[controller_server-8] [INFO] [1789888366.602871946] [controller_server]: Reached the goal!
[controller_server-8] [INFO] [1789888366.603149425] [controller_server]: Optimizer reset
[bt_navigator-13] [INFO] [1789888366.626498649] [bt_navigator]: Goal succeeded
[mission_executor-22] [INFO] [1789888398.354157882] [mission_executor]: [15] DELIVER done: delivered 2 units | measured 10.1 m, 56 s, 0.16 Wh, battery 20.1 -> 19.3 %
[python-19] INFO:     127.0.0.1:60054 - "POST /decide HTTP/1.1" 200 OK
[mission_executor-22] [INFO] [1789888398.358042883] [mission_executor]: decision: PICKUP:A - [routine] A has 1 units waiting; neural score +1.91, chosen over WAIT:60 by +0.96
[mission_executor-22] [INFO] [1789888398.358621135] [mission_executor]: [16] PICKUP:A from delivery: predicted 10.0 m, 56 s, 0.14 Wh
[bt_navigator-13] [INFO] [1789888398.359617017] [bt_navigator]: Begin navigating from current location (-0.13, -3.80) to (-5.97, 3.08)
[controller_server-8] [INFO] [1789888398.380669088] [controller_server]: Received a goal, begin computing control effort.
[controller_server-8] [INFO] [1789888399.480959232] [controller_server]: Passing new path to controller.
[controller_server-8] [INFO] [1789888400.480968960] [controller_server]: Passing new path to controller.
[controller_server-8] [INFO] [1789888401.480930426] [controller_server]: Passing new path to controller.
[controller_server-8] [INFO] [1789888402.580893327] [controller_server]: Passing new path to controller.
[controller_server-8] [INFO] [1789888403.580957809] [controller_server]: Passing new path to controller.
[controller_server-8] [INFO] [1789888404.580887863] [controller_server]: Passing new path to controller.
[controller_server-8] [INFO] [1789888405.580917516] [controller_server]: Passing new path to controller.
[controller_server-8] [INFO] [1789888406.680891280] [controller_server]: Passing new path to controller.
[controller_server-8] [INFO] [1789888407.680889642] [controller_server]: Passing new path to controller.
[controller_server-8] [INFO] [1789888408.680903086] [controller_server]: Passing new path to controller.
[controller_server-8] [INFO] [1789888409.780889841] [controller_server]: Passing new path to controller.
[controller_server-8] [INFO] [1789888410.780881443] [controller_server]: Passing new path to controller.
[controller_server-8] [INFO] [1789888411.780870523] [controller_server]: Passing new path to controller.
[controller_server-8] [INFO] [1789888412.780864169] [controller_server]: Passing new path to controller.
[controller_server-8] [INFO] [1789888413.880968046] [controller_server]: Passing new path to controller.
[controller_server-8] [INFO] [1789888414.880877035] [controller_server]: Passing new path to controller.
[controller_server-8] [INFO] [1789888415.880861216] [controller_server]: Passing new path to controller.
[controller_server-8] [INFO] [1789888416.980892208] [controller_server]: Passing new path to controller.
[controller_server-8] [INFO] [1789888417.980869915] [controller_server]: Passing new path to controller.
[controller_server-8] [INFO] [1789888418.980876161] [controller_server]: Passing new path to controller.
[controller_server-8] [INFO] [1789888419.781845896] [controller_server]: Reached the goal!
[controller_server-8] [INFO] [1789888419.782014750] [controller_server]: Optimizer reset
[bt_navigator-13] [INFO] [1789888419.810198761] [bt_navigator]: Goal succeeded
[factory_node-20] [INFO] [1789888450.370391817] [factory]: pickup A: took 1 units (0.50 kg), 0 left
[mission_executor-22] [INFO] [1789888451.573577178] [mission_executor]: [16] PICKUP:A done: took 1 units (0.50 kg), 0 left | measured 9.8 m, 53 s, 0.14 Wh, battery 19.3 -> 18.7 %
[python-19] INFO:     127.0.0.1:36530 - "POST /decide HTTP/1.1" 200 OK
[mission_executor-22] [INFO] [1789888451.578751577] [mission_executor]: decision: DELIVER - [routine] carrying 1 units | PICKUP:B refused: battery would be 17 % back at the charger, below the 17 % reserve; neural score +1.90, chosen over PICKUP:C by +0.04
[mission_executor-22] [INFO] [1789888451.579740936] [mission_executor]: [17] DELIVER from A: predicted 10.0 m, 56 s, 0.15 Wh
[bt_navigator-13] [INFO] [1789888451.581178828] [bt_navigator]: Begin navigating from current location (-5.83, 2.91) to (-0.23, -3.98)
[controller_server-8] [INFO] [1789888451.602322567] [controller_server]: Received a goal, begin computing control effort.
[controller_server-8] [INFO] [1789888452.702499163] [controller_server]: Passing new path to controller.
[controller_server-8] [INFO] [1789888453.702519254] [controller_server]: Passing new path to controller.
[controller_server-8] [INFO] [1789888454.702513968] [controller_server]: Passing new path to controller.
[controller_server-8] [INFO] [1789888455.802502267] [controller_server]: Passing new path to controller.
[controller_server-8] [INFO] [1789888456.802526752] [controller_server]: Passing new path to controller.
[controller_server-8] [INFO] [1789888457.802501436] [controller_server]: Passing new path to controller.
[controller_server-8] [INFO] [1789888458.802672331] [controller_server]: Passing new path to controller.
[controller_server-8] [INFO] [1789888459.902551467] [controller_server]: Passing new path to controller.
[controller_server-8] [INFO] [1789888460.902548342] [controller_server]: Passing new path to controller.
[controller_server-8] [INFO] [1789888461.902507908] [controller_server]: Passing new path to controller.
[controller_server-8] [INFO] [1789888462.902583626] [controller_server]: Passing new path to controller.
[controller_server-8] [INFO] [1789888464.002542657] [controller_server]: Passing new path to controller.
[controller_server-8] [INFO] [1789888465.002541681] [controller_server]: Passing new path to controller.
[controller_server-8] [INFO] [1789888466.002570759] [controller_server]: Passing new path to controller.
[controller_server-8] [INFO] [1789888467.102511913] [controller_server]: Passing new path to controller.
[controller_server-8] [INFO] [1789888468.102506915] [controller_server]: Passing new path to controller.
[controller_server-8] [INFO] [1789888469.102518483] [controller_server]: Passing new path to controller.
[controller_server-8] [INFO] [1789888470.102520068] [controller_server]: Passing new path to controller.
[controller_server-8] [INFO] [1789888471.202520271] [controller_server]: Passing new path to controller.
[controller_server-8] [INFO] [1789888472.202531758] [controller_server]: Passing new path to controller.
[controller_server-8] [INFO] [1789888473.202523342] [controller_server]: Passing new path to controller.
[controller_server-8] [INFO] [1789888474.202564022] [controller_server]: Passing new path to controller.
[controller_server-8] [INFO] [1789888475.202520313] [controller_server]: Passing new path to controller.
[controller_server-8] [INFO] [1789888475.503850237] [controller_server]: Reached the goal!
[controller_server-8] [INFO] [1789888475.504244935] [controller_server]: Optimizer reset
[bt_navigator-13] [INFO] [1789888475.532177324] [bt_navigator]: Goal succeeded
[mission_executor-22] [INFO] [1789888507.287437473] [mission_executor]: [17] DELIVER done: delivered 1 units | measured 9.8 m, 56 s, 0.15 Wh, battery 18.7 -> 18.0 %
[python-19] INFO:     127.0.0.1:37022 - "POST /decide HTTP/1.1" 200 OK
[mission_executor-22] [INFO] [1789888507.291978266] [mission_executor]: decision: PICKUP:C - [routine] C has 1 units waiting | PICKUP:B refused: battery would be 17 % back at the charger, below the 17 % reserve; neural score +1.93, chosen over WAIT:60 by +0.98
[mission_executor-22] [INFO] [1789888507.292518984] [mission_executor]: [18] PICKUP:C from delivery: predicted 6.3 m, 46 s, 0.11 Wh
[bt_navigator-13] [INFO] [1789888507.293658325] [bt_navigator]: Begin navigating from current location (-0.27, -3.81) to (6.03, -3.42)
[controller_server-8] [INFO] [1789888507.314615840] [controller_server]: Received a goal, begin computing control effort.
[controller_server-8] [INFO] [1789888508.414843229] [controller_server]: Passing new path to controller.
[controller_server-8] [INFO] [1789888509.414837239] [controller_server]: Passing new path to controller.
[controller_server-8] [INFO] [1789888510.414815288] [controller_server]: Passing new path to controller.
[controller_server-8] [INFO] [1789888511.514822135] [controller_server]: Passing new path to controller.
[controller_server-8] [INFO] [1789888512.514809582] [controller_server]: Passing new path to controller.
[controller_server-8] [INFO] [1789888513.514860794] [controller_server]: Passing new path to controller.
[controller_server-8] [INFO] [1789888514.514814856] [controller_server]: Passing new path to controller.
[controller_server-8] [INFO] [1789888515.614832213] [controller_server]: Passing new path to controller.
[controller_server-8] [INFO] [1789888516.614811328] [controller_server]: Passing new path to controller.
[controller_server-8] [INFO] [1789888517.614802363] [controller_server]: Passing new path to controller.
[controller_server-8] [INFO] [1789888518.614883569] [controller_server]: Passing new path to controller.
[controller_server-8] [INFO] [1789888519.714807472] [controller_server]: Passing new path to controller.
[controller_server-8] [INFO] [1789888520.714803966] [controller_server]: Passing new path to controller.
[collision_monitor-16] [INFO] [1789888521.269622988] [collision_monitor]: Robot to approach for 1.200000 seconds away from collision
[controller_server-8] [INFO] [1789888521.714813985] [controller_server]: Passing new path to controller.
[collision_monitor-16] [INFO] [1789888522.089886907] [collision_monitor]: Robot to continue normal operation
[controller_server-8] [INFO] [1789888522.714809606] [controller_server]: Passing new path to controller.
[controller_server-8] [INFO] [1789888523.117764028] [controller_server]: Reached the goal!
[controller_server-8] [INFO] [1789888523.118012882] [controller_server]: Optimizer reset
[bt_navigator-13] [INFO] [1789888523.144482876] [bt_navigator]: Goal succeeded
[factory_node-20] [INFO] [1789888553.645728741] [factory]: pickup C: took 1 units (1.50 kg), 0 left
[mission_executor-22] [INFO] [1789888554.847955563] [mission_executor]: [18] PICKUP:C done: took 1 units (1.50 kg), 0 left | measured 6.3 m, 48 s, 0.11 Wh, battery 18.0 -> 17.5 %
[python-19] INFO:     127.0.0.1:39654 - "POST /decide HTTP/1.1" 200 OK
[mission_executor-22] [INFO] [1789888554.853788599] [mission_executor]: decision: WAIT:60 - [routine] waiting away from the charger only spends energy | PICKUP:B refused: battery would be 16 % back at the charger, below the 17 % reserve; DELIVER refused: battery would be 17 % back at the charger, below the 17 % reserve; neural score +0.95, chosen over CHARGE:40 by +0.01
[mission_executor-22] [INFO] [1789888554.854392346] [mission_executor]: [19] WAIT:60 from C: predicted 0.0 m, 60 s, 0.10 Wh
[mission_executor-22] [INFO] [1789888616.064489556] [mission_executor]: [19] WAIT:60 done: waited 60 s at C | measured 0.0 m, 61 s, 0.10 Wh, battery 17.5 -> 17.1 %
[python-19] INFO:     127.0.0.1:36622 - "POST /decide HTTP/1.1" 200 OK
[mission_executor-22] [INFO] [1789888616.071829650] [mission_executor]: decision: CHARGE:40 - [unblock a stopped line] battery 17 % is at the reserve | PICKUP:A refused: battery would be 16 % back at the charger, below the 17 % reserve; PICKUP:B refused: battery would be 16 % back at the charger, below the 17 % reserve; neural score +0.94, chosen over CHARGE:100 by +0.93
[mission_executor-22] [INFO] [1789888616.072791737] [mission_executor]: [20] CHARGE:40 from C: predicted 11.3 m, 1008 s, 0.13 Wh
[bt_navigator-13] [INFO] [1789888616.075600511] [bt_navigator]: Begin navigating from current location (5.97, -3.31) to (-5.22, -2.98)
[controller_server-8] [INFO] [1789888616.096685164] [controller_server]: Received a goal, begin computing control effort.
[controller_server-8] [INFO] [1789888617.196918560] [controller_server]: Passing new path to controller.
[controller_server-8] [INFO] [1789888618.196946236] [controller_server]: Passing new path to controller.
[controller_server-8] [INFO] [1789888619.196947481] [controller_server]: Passing new path to controller.
[controller_server-8] [INFO] [1789888620.296963671] [controller_server]: Passing new path to controller.
[controller_server-8] [INFO] [1789888621.296943761] [controller_server]: Passing new path to controller.
[controller_server-8] [INFO] [1789888622.296921769] [controller_server]: Passing new path to controller.
[controller_server-8] [INFO] [1789888623.296903300] [controller_server]: Passing new path to controller.
[controller_server-8] [INFO] [1789888624.396962819] [controller_server]: Passing new path to controller.
[controller_server-8] [INFO] [1789888625.396975625] [controller_server]: Passing new path to controller.
[controller_server-8] [INFO] [1789888626.398443807] [controller_server]: Passing new path to controller.
[controller_server-8] [INFO] [1789888627.496915951] [controller_server]: Passing new path to controller.
[controller_server-8] [INFO] [1789888628.496968249] [controller_server]: Passing new path to controller.
[controller_server-8] [INFO] [1789888629.496915957] [controller_server]: Passing new path to controller.
[controller_server-8] [INFO] [1789888630.497416178] [controller_server]: Passing new path to controller.
[controller_server-8] [INFO] [1789888631.596944393] [controller_server]: Passing new path to controller.
[controller_server-8] [INFO] [1789888632.596938279] [controller_server]: Passing new path to controller.
[controller_server-8] [INFO] [1789888633.597037265] [controller_server]: Passing new path to controller.
[controller_server-8] [INFO] [1789888634.597043471] [controller_server]: Passing new path to controller.
[controller_server-8] [INFO] [1789888635.596885218] [controller_server]: Passing new path to controller.
[controller_server-8] [INFO] [1789888636.615255425] [controller_server]: Passing new path to controller.
[controller_server-8] [INFO] [1789888637.697010576] [controller_server]: Passing new path to controller.
[controller_server-8] [INFO] [1789888638.696938971] [controller_server]: Passing new path to controller.
[controller_server-8] [INFO] [1789888639.696964423] [controller_server]: Passing new path to controller.
[controller_server-8] [INFO] [1789888640.696938714] [controller_server]: Passing new path to controller.
[controller_server-8] [INFO] [1789888641.796920087] [controller_server]: Passing new path to controller.
[controller_server-8] [INFO] [1789888642.796976932] [controller_server]: Passing new path to controller.
[controller_server-8] [INFO] [1789888643.798103760] [controller_server]: Passing new path to controller.
[controller_server-8] [INFO] [1789888643.799143575] [controller_server]: Reached the goal!
[controller_server-8] [INFO] [1789888643.799275108] [controller_server]: Optimizer reset
[bt_navigator-13] [INFO] [1789888643.830032449] [bt_navigator]: Goal succeeded
[mission_executor-22] [INFO] [1789889626.595487494] [mission_executor]: [20] CHARGE:40 done: charged to 40.0 % | measured 11.4 m, 1010 s, 0.13 Wh, battery 17.1 -> 40.0 %
[mission_executor-22] [INFO] [1789889626.598388162] [mission_executor]: shift over
[mission_executor-22] [INFO] [1789889626.604555217] [mission_executor]: MISSION COMPLETE
[mission_executor-22] run_id: run_20260920_085837
[mission_executor-22] scenario: low_battery_start
[mission_executor-22] seed: 1
[mission_executor-22] plan: ''
[mission_executor-22] ended_by: plan_finished
[mission_executor-22] actions: 20
[mission_executor-22] succeeded: 20
[mission_executor-22] failed: 0
[mission_executor-22] sim_duration_s: 2069.7
[mission_executor-22] distance_m: 193.97
[mission_executor-22] energy_drawn_wh: 2.956
[mission_executor-22] energy_charged_wh: 5.178
[mission_executor-22] battery_end_percent: 40.04
[mission_executor-22] delivered_units:
[mission_executor-22]   A: 8
[mission_executor-22]   B: 11
[mission_executor-22]   C: 1
[mission_executor-22] model: ns
[mission_executor-22] planner: ThetaStar
[mission_executor-22] decisions:
[mission_executor-22]   asked: 20
[mission_executor-22]   answered_by_model: 20
[mission_executor-22]   fallback: 0
[mission_executor-22]   mean_latency_ms: 233.2
[mission_executor-22] navigation:
[mission_executor-22]   drives: 19
[mission_executor-22]   drive_attempt_failures: 1
[mission_executor-22]   timeouts: 0
[mission_executor-22]   recovered_after_retry: 1
[mission_executor-22]   goals_abandoned: 0
[mission_executor-22]   returned_to_charger: 0
[mission_executor-22] prediction_error_percent (non-charge actions, total measured vs predicted):
[mission_executor-22]   duration: -1.7
[mission_executor-22]   distance: -1.5
[mission_executor-22]   energy: -1.6
[mission_executor-22] 
[lifecycle_manager-18] [INFO] [1789889632.614087346] [rclcpp]: signal_handler(SIGINT/SIGTERM)
[lifecycle_manager-18] [INFO] [1789889632.614185291] [lifecycle_manager_navigation]: Running Nav2 LifecycleManager rcl preshutdown (lifecycle_manager_navigation)
[lifecycle_manager-18] [INFO] [1789889632.614274824] [lifecycle_manager_navigation]: [34m[1mTerminating bond timer...[0m[0m
[opennav_docking-17] [INFO] [1789889632.614124301] [rclcpp]: signal_handler(SIGINT/SIGTERM)
[opennav_docking-17] [INFO] [1789889632.614228355] [docking_server]: Running Nav2 LifecycleNode rcl preshutdown (docking_server)
[behavior_server-12] [INFO] [1789889632.614164561] [rclcpp]: signal_handler(SIGINT/SIGTERM)
[behavior_server-12] [INFO] [1789889632.614234364] [behavior_server]: Running Nav2 LifecycleNode rcl preshutdown (behavior_server)
[behavior_server-12] [INFO] [1789889632.614349234] [behavior_server]: Deactivating
[waypoint_follower-14] [INFO] [1789889632.614181386] [rclcpp]: signal_handler(SIGINT/SIGTERM)
[waypoint_follower-14] [INFO] [1789889632.614276426] [waypoint_follower]: Running Nav2 LifecycleNode rcl preshutdown (waypoint_follower)
[waypoint_follower-14] [INFO] [1789889632.614386189] [waypoint_follower]: Deactivating
[waypoint_follower-14] [INFO] [1789889632.614430455] [waypoint_follower]: Destroying bond (waypoint_follower) to lifecycle manager.
[controller_server-8] [INFO] [1789889632.614240073] [rclcpp]: signal_handler(SIGINT/SIGTERM)
[controller_server-8] [INFO] [1789889632.614315284] [controller_server]: Running Nav2 LifecycleNode rcl preshutdown (controller_server)
[controller_server-8] [INFO] [1789889632.614416234] [controller_server]: Deactivating
[collision_monitor-16] [INFO] [1789889632.614274423] [rclcpp]: signal_handler(SIGINT/SIGTERM)
[collision_monitor-16] [INFO] [1789889632.614365859] [collision_monitor]: Running Nav2 LifecycleNode rcl preshutdown (collision_monitor)
[collision_monitor-16] [INFO] [1789889632.614455892] [collision_monitor]: Deactivating
[controller_server-8] [INFO] [1789889632.614473118] [MPPIController]: Deactivated MPPI Controller: FollowPath
[controller_server-8] [INFO] [1789889632.614494450] [local_costmap.local_costmap]: Deactivating
[lifecycle_manager-7] [INFO] [1789889632.614359550] [rclcpp]: signal_handler(SIGINT/SIGTERM)
[lifecycle_manager-7] [INFO] [1789889632.614471616] [lifecycle_manager_localization]: Running Nav2 LifecycleManager rcl preshutdown (lifecycle_manager_localization)
[lifecycle_manager-7] [INFO] [1789889632.614552235] [lifecycle_manager_localization]: [34m[1mTerminating bond timer...[0m[0m
[parameter_bridge-4] [INFO] [1789889632.614382984] [rclcpp]: signal_handler(SIGINT/SIGTERM)
[collision_monitor-16] [INFO] [1789889632.614525195] [collision_monitor]: Destroying bond (collision_monitor) to lifecycle manager.
[robot_state_publisher-2] [INFO] [1789889632.614530603] [rclcpp]: signal_handler(SIGINT/SIGTERM)
[map_server-5] [INFO] [1789889632.614618834] [rclcpp]: signal_handler(SIGINT/SIGTERM)
[map_server-5] [INFO] [1789889632.614703760] [map_server]: Running Nav2 LifecycleNode rcl preshutdown (map_server)
[map_server-5] [INFO] [1789889632.614814624] [map_server]: Deactivating
[map_server-5] [INFO] [1789889632.614869606] [map_server]: Destroying bond (map_server) to lifecycle manager.
[planner_server-10] [INFO] [1789889632.614744320] [rclcpp]: signal_handler(SIGINT/SIGTERM)
[planner_server-10] [INFO] [1789889632.614797699] [planner_server]: Running Nav2 LifecycleNode rcl preshutdown (planner_server)
[planner_server-10] [INFO] [1789889632.614917677] [planner_server]: Deactivating
[planner_server-10] [INFO] [1789889632.614963144] [global_costmap.global_costmap]: Deactivating
[amcl-6] [INFO] [1789889632.614828244] [rclcpp]: signal_handler(SIGINT/SIGTERM)
[amcl-6] [INFO] [1789889632.615349316] [amcl]: Running Nav2 LifecycleNode rcl preshutdown (amcl)
[behavior_server-12] [INFO] [1789889632.614869906] [behavior_server]: Destroying bond (behavior_server) to lifecycle manager.
[amcl-6] [INFO] [1789889632.615504246] [amcl]: Deactivating
[amcl-6] [INFO] [1789889632.615534090] [amcl]: Destroying bond (amcl) to lifecycle manager.
[opennav_docking-17] [INFO] [1789889632.615625326] [docking_server]: Deactivating docking_server
[route_server-11] [INFO] [1789889632.618278157] [rclcpp]: signal_handler(SIGINT/SIGTERM)
[route_server-11] [INFO] [1789889632.618387820] [route_server]: Running Nav2 LifecycleNode rcl preshutdown (route_server)
[smoother_server-9] [INFO] [1789889632.618356273] [rclcpp]: signal_handler(SIGINT/SIGTERM)
[smoother_server-9] [INFO] [1789889632.618474448] [smoother_server]: Running Nav2 LifecycleNode rcl preshutdown (smoother_server)
[smoother_server-9] [INFO] [1789889632.618619363] [smoother_server]: Deactivating
[smoother_server-9] [INFO] [1789889632.618647104] [smoother_server]: Destroying bond (smoother_server) to lifecycle manager.
[route_server-11] [INFO] [1789889632.618493576] [route_server]: Deactivating
[route_server-11] [INFO] [1789889632.618527326] [route_server]: Destroying bond (route_server) to lifecycle manager.
[bt_navigator-13] [INFO] [1789889632.618919007] [rclcpp]: signal_handler(SIGINT/SIGTERM)
[bt_navigator-13] [INFO] [1789889632.618963873] [bt_navigator]: Running Nav2 LifecycleNode rcl preshutdown (bt_navigator)
[bt_navigator-13] [INFO] [1789889632.619023161] [bt_navigator]: Deactivating
[bt_navigator-13] [INFO] [1789889632.619137631] [bt_navigator]: Destroying bond (bt_navigator) to lifecycle manager.
[velocity_smoother-15] [INFO] [1789889632.619031273] [rclcpp]: signal_handler(SIGINT/SIGTERM)
[velocity_smoother-15] [INFO] [1789889632.619136329] [velocity_smoother]: Running Nav2 LifecycleNode rcl preshutdown (velocity_smoother)
[velocity_smoother-15] [INFO] [1789889632.619202427] [velocity_smoother]: Deactivating
[velocity_smoother-15] [INFO] [1789889632.619234775] [velocity_smoother]: Destroying bond (velocity_smoother) to lifecycle manager.
[collision_monitor-16] [INFO] [1789889632.625738013] [collision_monitor]: Cleaning up
[collision_monitor-16] [INFO] [1789889632.625780776] [collision_monitor]: [FootprintApproach]: Destroying Polygon
[collision_monitor-16] [INFO] [1789889632.625800906] [collision_monitor]: [scan]: Destroying Scan
[amcl-6] [INFO] [1789889632.628487187] [amcl]: Cleaning up
[waypoint_follower-14] [INFO] [1789889632.630579388] [waypoint_follower]: Cleaning up
[route_server-11] [INFO] [1789889632.634433500] [route_server]: Cleaning up
[map_server-5] [INFO] [1789889632.635188218] [map_server]: Cleaning up
[map_server-5] [INFO] [1789889632.635299483] [map_server]: Destroying bond (map_server) to lifecycle manager.
[behavior_server-12] [INFO] [1789889632.635192925] [behavior_server]: Cleaning up
[smoother_server-9] [INFO] [1789889632.638977234] [smoother_server]: Cleaning up
[bt_navigator-13] [INFO] [1789889632.639425098] [bt_navigator]: Cleaning up
[collision_monitor-16] [INFO] [1789889632.643360330] [collision_monitor]: Destroying bond (collision_monitor) to lifecycle manager.
[velocity_smoother-15] [INFO] [1789889632.649592666] [velocity_smoother]: Cleaning up
[velocity_smoother-15] [INFO] [1789889632.649640036] [velocity_smoother]: Destroying bond (velocity_smoother) to lifecycle manager.
[smoother_server-9] [INFO] [1789889632.657673843] [smoother_server]: Destroying bond (smoother_server) to lifecycle manager.
[behavior_server-12] [INFO] [1789889632.665235850] [behavior_server]: Destroying bond (behavior_server) to lifecycle manager.
[velocity_smoother-15] [INFO] [1789889632.669736019] [velocity_smoother]: Destroying
[map_server-5] [INFO] [1789889632.670789681] [map_server]: Destroying
[opennav_docking-17] [INFO] [1789889632.670981165] [docking_server]: Destroying bond (docking_server) to lifecycle manager.
[collision_monitor-16] [INFO] [1789889632.673765491] [collision_monitor]: Destroying
[amcl-6] [INFO] [1789889632.677303234] [amcl]: Destroying bond (amcl) to lifecycle manager.
[smoother_server-9] [INFO] [1789889632.684425590] [smoother_server]: Destroying
[lifecycle_manager-7] [INFO] [1789889632.686791997] [lifecycle_manager_localization]: Destroying lifecycle_manager_localization
[python-19] INFO:     Shutting down
[opennav_docking-17] [INFO] [1789889632.691424262] [docking_server]: Cleaning up docking_server
[amcl-6] [INFO] [1789889632.695794639] [amcl]: Destroying
[waypoint_follower-14] [INFO] [1789889632.708263718] [waypoint_follower]: Destroying bond (waypoint_follower) to lifecycle manager.
[waypoint_follower-14] [INFO] [1789889632.710271193] [waypoint_follower]: Destroying
[route_server-11] [INFO] [1789889632.721234541] [route_server]: Destroying bond (route_server) to lifecycle manager.
[route_server-11] [INFO] [1789889632.736349843] [route_server]: Destroying
[controller_server-8] [INFO] [1789889632.750471972] [controller_server]: Destroying bond (controller_server) to lifecycle manager.
[opennav_docking-17] [INFO] [1789889632.751141064] [docking_server]: Destroying bond (docking_server) to lifecycle manager.
[controller_server-8] [INFO] [1789889632.763014461] [controller_server]: Cleaning up
[controller_server-8] [INFO] [1789889632.765736695] [MPPIController]: Cleaned up MPPI Controller: FollowPath
[controller_server-8] [INFO] [1789889632.767072174] [local_costmap.local_costmap]: Cleaning up
[python-19] INFO:     Waiting for application shutdown.
[python-19] INFO:     Application shutdown complete.
[python-19] INFO:     Finished server process [6415]
[INFO] [parameter_bridge-4]: process has finished cleanly [pid 6007]
[opennav_docking-17] [INFO] [1789889632.813108602] [docking_server]: Destroying
[behavior_server-12] [INFO] [1789889632.818023085] [behavior_server]: Destroying
[robot_state_node-21] Traceback (most recent call last):
[robot_state_node-21]   File "/home/robojazzy/robofetch_ws_copy/robofetch_ws/install/robofetch_core/lib/robofetch_core/robot_state_node", line 33, in <module>
[robot_state_node-21]     sys.exit(load_entry_point('robofetch-core', 'console_scripts', 'robot_state_node')())
[robot_state_node-21]              ^^^^^^^^^^^^^^^^^^^^^^^^^^^^^^^^^^^^^^^^^^^^^^^^^^^^^^^^^^^^^^^^^^^^^^^^^^^
[robot_state_node-21]   File "/home/robojazzy/robofetch_ws_copy/robofetch_ws/build/robofetch_core/robofetch_core/robot_state_node.py", line 186, in main
[robot_state_node-21]     rclpy.spin(node)
[robot_state_node-21]   File "/opt/ros/jazzy/lib/python3.12/site-packages/rclpy/__init__.py", line 247, in spin
[robot_state_node-21]     executor.spin_once()
[robot_state_node-21]   File "/opt/ros/jazzy/lib/python3.12/site-packages/rclpy/executors.py", line 926, in spin_once
[robot_state_node-21]     self._spin_once_impl(timeout_sec)
[robot_state_node-21]   File "/opt/ros/jazzy/lib/python3.12/site-packages/rclpy/executors.py", line 907, in _spin_once_impl
[robot_state_node-21]     handler, entity, node = self.wait_for_ready_callbacks(
[robot_state_node-21]                             ^^^^^^^^^^^^^^^^^^^^^^^^^^^^^^
[robot_state_node-21]   File "/opt/ros/jazzy/lib/python3.12/site-packages/rclpy/executors.py", line 877, in wait_for_ready_callbacks
[robot_state_node-21]     return next(self._cb_iter)
[robot_state_node-21]            ^^^^^^^^^^^^^^^^^^^
[robot_state_node-21]   File "/opt/ros/jazzy/lib/python3.12/site-packages/rclpy/executors.py", line 757, in _wait_for_ready_callbacks
[robot_state_node-21]     wait_set = _rclpy.WaitSet(
[robot_state_node-21]                ^^^^^^^^^^^^^^^
[robot_state_node-21] rclpy._rclpy_pybind11.RCLError: failed to initialize wait set: the given context is not valid, either rcl_init() was not called or rcl_shutdown() was called., at ./src/rcl/wait.c:130
[controller_server-8] [INFO] [1789889632.860455671] [controller_server]: Destroying bond (controller_server) to lifecycle manager.
[controller_server-8] [INFO] [1789889632.871140507] [local_costmap.local_costmap]: Destroying
[factory_node-20] Traceback (most recent call last):
[factory_node-20]   File "/home/robojazzy/robofetch_ws_copy/robofetch_ws/install/robofetch_factory/lib/robofetch_factory/factory_node", line 33, in <module>
[factory_node-20]     sys.exit(load_entry_point('robofetch-factory', 'console_scripts', 'factory_node')())
[factory_node-20]              ^^^^^^^^^^^^^^^^^^^^^^^^^^^^^^^^^^^^^^^^^^^^^^^^^^^^^^^^^^^^^^^^^^^^^^^^^^
[factory_node-20]   File "/home/robojazzy/robofetch_ws_copy/robofetch_ws/build/robofetch_factory/robofetch_factory/factory_node.py", line 155, in main
[factory_node-20]     rclpy.spin(node)
[factory_node-20]   File "/opt/ros/jazzy/lib/python3.12/site-packages/rclpy/__init__.py", line 247, in spin
[factory_node-20]     executor.spin_once()
[factory_node-20]   File "/opt/ros/jazzy/lib/python3.12/site-packages/rclpy/executors.py", line 926, in spin_once
[factory_node-20]     self._spin_once_impl(timeout_sec)
[factory_node-20]   File "/opt/ros/jazzy/lib/python3.12/site-packages/rclpy/executors.py", line 907, in _spin_once_impl
[factory_node-20]     handler, entity, node = self.wait_for_ready_callbacks(
[factory_node-20]                             ^^^^^^^^^^^^^^^^^^^^^^^^^^^^^^
[factory_node-20]   File "/opt/ros/jazzy/lib/python3.12/site-packages/rclpy/executors.py", line 877, in wait_for_ready_callbacks
[factory_node-20]     return next(self._cb_iter)
[factory_node-20]            ^^^^^^^^^^^^^^^^^^^
[factory_node-20]   File "/opt/ros/jazzy/lib/python3.12/site-packages/rclpy/executors.py", line 785, in _wait_for_ready_callbacks
[factory_node-20]     raise ExternalShutdownException()
[factory_node-20] rclpy.executors.ExternalShutdownException
[INFO] [collision_monitor-16]: process has finished cleanly [pid 6021]
[INFO] [map_server-5]: process has finished cleanly [pid 6008]
[controller_server-8] [INFO] [1789889632.892646279] [controller_server]: Destroying
[INFO] [velocity_smoother-15]: process has finished cleanly [pid 6020]
[mission_executor-22] Traceback (most recent call last):
[mission_executor-22]   File "/home/robojazzy/robofetch_ws_copy/robofetch_ws/install/robofetch_core/lib/robofetch_core/mission_executor", line 33, in <module>
[mission_executor-22]     sys.exit(load_entry_point('robofetch-core', 'console_scripts', 'mission_executor')())
[mission_executor-22]              ^^^^^^^^^^^^^^^^^^^^^^^^^^^^^^^^^^^^^^^^^^^^^^^^^^^^^^^^^^^^^^^^^^^^^^^^^^^
[mission_executor-22]   File "/home/robojazzy/robofetch_ws_copy/robofetch_ws/build/robofetch_core/robofetch_core/mission_executor.py", line 716, in main
[mission_executor-22]     executor.spin()
[mission_executor-22]   File "/opt/ros/jazzy/lib/python3.12/site-packages/rclpy/executors.py", line 359, in spin
[mission_executor-22]     self._spin_once_impl()
[mission_executor-22]   File "/opt/ros/jazzy/lib/python3.12/site-packages/rclpy/executors.py", line 907, in _spin_once_impl
[mission_executor-22]     handler, entity, node = self.wait_for_ready_callbacks(
[mission_executor-22]                             ^^^^^^^^^^^^^^^^^^^^^^^^^^^^^^
[mission_executor-22]   File "/opt/ros/jazzy/lib/python3.12/site-packages/rclpy/executors.py", line 877, in wait_for_ready_callbacks
[mission_executor-22]     return next(self._cb_iter)
[mission_executor-22]            ^^^^^^^^^^^^^^^^^^^
[mission_executor-22]   File "/opt/ros/jazzy/lib/python3.12/site-packages/rclpy/executors.py", line 785, in _wait_for_ready_callbacks
[mission_executor-22]     raise ExternalShutdownException()
[mission_executor-22] rclpy.executors.ExternalShutdownException
[INFO] [robot_state_publisher-2]: process has finished cleanly [pid 6004]
[lifecycle_manager-18] [INFO] [1789889632.905184661] [lifecycle_manager_navigation]: Destroying lifecycle_manager_navigation
[INFO] [smoother_server-9]: process has finished cleanly [pid 6012]
[INFO] [amcl-6]: process has finished cleanly [pid 6009]
[INFO] [lifecycle_manager-7]: process has finished cleanly [pid 6010]
[INFO] [waypoint_follower-14]: process has finished cleanly [pid 6019]
[INFO] [route_server-11]: process has finished cleanly [pid 6014]
[gazebo-1] [1;36m[Dbg] [GpuLidarSensor.cc:164] [0m[1;36mLidar points for [[0m[1;36mrobofetch::base_footprint::lidar[0m[1;36m] advertised on [[0m[1;36mscan/points[0m[1;36m][0m[1;36m[0m
[gazebo-1] [1;36m[Dbg] [SignalHandler.cc:142] [0m[1;36mReceived signal[[0m[1;36m2[0m[1;36m].[0m
[gazebo-1] [1;36m[Dbg] [ServerPrivate.cc:122] [0m[1;36mServer received signal[[0m[1;36m2[0m[1;36m][0m
[gazebo-1] [1;36m[Dbg] [Sensors.cc:565] [0m[1;36mSensorsPrivate::Stop[0m[1;36m[0m
[gazebo-1] [1;36m[Dbg] [Sensors.cc:551] [0m[1;36mSensorsPrivate::RenderThread stopped[0m[1;36m[0m
[gazebo-1] [1;36m[Dbg] [gz.cc:434] [0m[1;36mShutting down gz-sim-server[0m[1;36m[0m
[gazebo-1] [1;36m[Dbg] [SimulationRunner.cc:578] [Dbg] [SimulationRunner.cc:578] [Dbg] [SimulationRunner.cc:578] [0m[1;36mExiting postupdate worker thread ([0m[1;36m3[0m[1;36m)[0m[1;36m[0m
[gazebo-1] [1;36m[Dbg] [SimulationRunner.cc:578] [0m[1;36mExiting postupdate worker thread ([0m[1;36m2[0m[1;36m)[0m[1;36m[0m
[gazebo-1] [1;36m[Dbg] [SimulationRunner.cc:578] [0m[1;36mExiting postupdate worker thread ([0m[1;36m5[0m[1;36m)[0m[1;36m[0m
[gazebo-1] [1;36m[Dbg] [SimulationRunner.cc:578] [0m[1;36m[Dbg] [SimulationRunner.cc:578] [0m[1;36mExiting postupdate worker thread ([0m[1;36m0[0m[1;36m)[0m[1;36m[0m
[gazebo-1] [1;36mExiting postupdate worker thread ([0m[1;36m4[0m[1;36m)[0m[1;36m[0m
[gazebo-1] [1;36m[Dbg] [SimulationRunner.cc:578] [0m[1;36mExiting postupdate worker thread ([0m[1;36m1[0m[1;36m)[0m[1;36m[0m
[gazebo-1] [1;36m[Dbg] [Sensors.cc:565] [0m[1;36mSensorsPrivate::Stop[0m[1;36m[0m
[INFO] [opennav_docking-17]: process has finished cleanly [pid 6022]
[bt_navigator-13] [INFO] [1789889632.984692694] [bt_navigator]: Completed Cleaning up
[bt_navigator-13] [INFO] [1789889632.984868755] [bt_navigator]: Destroying bond (bt_navigator) to lifecycle manager.
[INFO] [behavior_server-12]: process has finished cleanly [pid 6015]
[bt_navigator-13] [INFO] [1789889632.997337935] [bt_navigator]: Destroying
[INFO] [gazebo-1]: process has finished cleanly [pid 6003]
[INFO] [controller_server-8]: process has finished cleanly [pid 6011]
[INFO] [lifecycle_manager-18]: process has finished cleanly [pid 6023]
[ERROR] [robot_state_node-21]: process has died [pid 6433, exit code 1, cmd '/home/robojazzy/robofetch_ws_copy/robofetch_ws/install/robofetch_core/lib/robofetch_core/robot_state_node --ros-args -r __node:=robot_state_node --params-file /tmp/launch_params__3eudbvi --params-file /tmp/launch_params_o9y3nijb'].
[INFO] [bt_navigator-13]: process has finished cleanly [pid 6016]
[ERROR] [factory_node-20]: process has died [pid 6432, exit code 1, cmd '/home/robojazzy/robofetch_ws_copy/robofetch_ws/install/robofetch_factory/lib/robofetch_factory/factory_node --ros-args -r __node:=factory --params-file /tmp/launch_params_ia5s584_'].
[ERROR] [mission_executor-22]: process has died [pid 6471, exit code 1, cmd '/home/robojazzy/robofetch_ws_copy/robofetch_ws/install/robofetch_core/lib/robofetch_core/mission_executor --ros-args -r __node:=mission_executor --params-file /tmp/launch_params_ou0yepwp --params-file /tmp/launch_params_nilo8no9'].
[planner_server-10] [INFO] [1789889633.204122252] [planner_server]: Deactivating plugin SmacLattice of type SmacPlannerLattice
[planner_server-10] [INFO] [1789889633.204294038] [planner_server]: Deactivating plugin ThetaStar of type nav2_theta_star_planner
[planner_server-10] [INFO] [1789889633.204336460] [planner_server]: Deactivating plugin NavfnAStar of type NavfnPlanner
[planner_server-10] [INFO] [1789889633.204353968] [planner_server]: Deactivating plugin Smac2D of type SmacPlanner2D
[planner_server-10] [INFO] [1789889633.204362973] [planner_server]: Deactivating plugin NavfnDijkstra of type NavfnPlanner
[planner_server-10] [INFO] [1789889633.204370277] [planner_server]: Deactivating plugin GridBased of type nav2_theta_star_planner
[planner_server-10] [INFO] [1789889633.204389386] [planner_server]: Destroying bond (planner_server) to lifecycle manager.
[planner_server-10] [INFO] [1789889633.214600737] [planner_server]: Cleaning up
[planner_server-10] [INFO] [1789889633.218696803] [global_costmap.global_costmap]: Cleaning up
[planner_server-10] [INFO] [1789889633.221827782] [planner_server]: Cleaning up plugin SmacLattice of type SmacPlannerLattice
[planner_server-10] [INFO] [1789889633.222738441] [planner_server]: CleaningUp plugin ThetaStar of type nav2_theta_star_planner
[planner_server-10] [INFO] [1789889633.222840192] [planner_server]: Cleaning up plugin NavfnAStar of type NavfnPlanner
[planner_server-10] [INFO] [1789889633.223173060] [planner_server]: Cleaning up plugin Smac2D of type SmacPlanner2D
[planner_server-10] [INFO] [1789889633.223338744] [planner_server]: Cleaning up plugin NavfnDijkstra of type NavfnPlanner
[planner_server-10] [INFO] [1789889633.223363456] [planner_server]: CleaningUp plugin GridBased of type nav2_theta_star_planner
[planner_server-10] [INFO] [1789889633.223605178] [planner_server]: Destroying plugin SmacLattice of type SmacPlannerLattice
[planner_server-10] [INFO] [1789889633.223632692] [planner_server]: Destroying plugin NavfnAStar of type NavfnPlanner
[planner_server-10] [INFO] [1789889633.223644898] [planner_server]: Destroying plugin Smac2D of type SmacPlanner2D
[planner_server-10] [INFO] [1789889633.223653903] [planner_server]: Destroying plugin NavfnDijkstra of type NavfnPlanner
[planner_server-10] [INFO] [1789889633.230017512] [planner_server]: Destroying bond (planner_server) to lifecycle manager.
[planner_server-10] [INFO] [1789889633.233198117] [global_costmap.global_costmap]: Destroying
[planner_server-10] [INFO] [1789889633.237780028] [planner_server]: Destroying
[INFO] [planner_server-10]: process has finished cleanly [pid 6013]
[INFO] [python-19]: process has finished cleanly [pid 6415]
