
  config   : config/run.yaml
  scenario : heavy_load - Worst realistic day - double production, heavier parts and a half-charged robot.
  model    : ppo
  planner  : ThetaStar
  view     : headless
  shift    : 1200.0 s simulated
  seed     : 5001     dashboard: false     build: false

[run] 1/3  sourcing ROS 2 Jazzy ...
[run] 2/3  skipping build (build: false)
[run] 3/3  sourcing the workspace and launching ...

  The robot starts on the blue charger (south-west) and begins by itself after ~30 s.
  Sections: A red (north-west), B yellow (north-east), C purple (south-east);
  delivery point green (south-centre).
  Watch it:  http://localhost:8000   (read-only dashboard: model, planner, live results)
  Results:   logs/<run_id>_mission_summary.yaml when the shift ends
  Stop:      Ctrl+C here, then ./scripts/stop.sh

[INFO] [launch]: All log files can be found below /home/robojazzy/.ros/log/2026-09-20-09-54-33-727610-DESKTOP-NOCCT0U-20781
[INFO] [launch]: Default logging verbosity is set to INFO
[INFO] [gazebo-1]: process started with pid [20853]
[INFO] [robot_state_publisher-2]: process started with pid [20854]
[INFO] [create-3]: process started with pid [20856]
[INFO] [parameter_bridge-4]: process started with pid [20857]
[INFO] [map_server-5]: process started with pid [20858]
[INFO] [amcl-6]: process started with pid [20859]
[INFO] [lifecycle_manager-7]: process started with pid [20860]
[INFO] [controller_server-8]: process started with pid [20861]
[INFO] [smoother_server-9]: process started with pid [20862]
[INFO] [planner_server-10]: process started with pid [20863]
[INFO] [route_server-11]: process started with pid [20864]
[INFO] [behavior_server-12]: process started with pid [20865]
[INFO] [bt_navigator-13]: process started with pid [20868]
[INFO] [waypoint_follower-14]: process started with pid [20869]
[INFO] [velocity_smoother-15]: process started with pid [20870]
[INFO] [collision_monitor-16]: process started with pid [20871]
[INFO] [opennav_docking-17]: process started with pid [20872]
[INFO] [lifecycle_manager-18]: process started with pid [20873]
[robot_state_publisher-2] [INFO] [1789890875.184989733] [robot_state_publisher]: Robot initialized
[create-3] [INFO] [1789890875.265138074] [ros_gz_sim]: Requesting list of world names.
[amcl-6] [INFO] [1789890875.270873279] [amcl]: 
[amcl-6] 	amcl lifecycle node launched. 
[amcl-6] 	Waiting on external lifecycle transitions to activate
[amcl-6] 	See https://design.ros2.org/articles/node_lifecycle.html for more information.
[amcl-6] [INFO] [1789890875.271691941] [amcl]: Creating
[smoother_server-9] [INFO] [1789890875.273110484] [smoother_server]: 
[smoother_server-9] 	smoother_server lifecycle node launched. 
[smoother_server-9] 	Waiting on external lifecycle transitions to activate
[smoother_server-9] 	See https://design.ros2.org/articles/node_lifecycle.html for more information.
[smoother_server-9] [INFO] [1789890875.279847148] [smoother_server]: Creating smoother server
[controller_server-8] [INFO] [1789890875.299034111] [controller_server]: 
[controller_server-8] 	controller_server lifecycle node launched. 
[controller_server-8] 	Waiting on external lifecycle transitions to activate
[controller_server-8] 	See https://design.ros2.org/articles/node_lifecycle.html for more information.
[behavior_server-12] [INFO] [1789890875.302006283] [behavior_server]: 
[behavior_server-12] 	behavior_server lifecycle node launched. 
[behavior_server-12] 	Waiting on external lifecycle transitions to activate
[behavior_server-12] 	See https://design.ros2.org/articles/node_lifecycle.html for more information.
[lifecycle_manager-7] [INFO] [1789890875.306715477] [lifecycle_manager_localization]: Creating
[controller_server-8] [INFO] [1789890875.316660886] [controller_server]: Creating controller server
[bt_navigator-13] [INFO] [1789890875.331628202] [bt_navigator]: 
[bt_navigator-13] 	bt_navigator lifecycle node launched. 
[bt_navigator-13] 	Waiting on external lifecycle transitions to activate
[bt_navigator-13] 	See https://design.ros2.org/articles/node_lifecycle.html for more information.
[planner_server-10] [INFO] [1789890875.334262313] [planner_server]: 
[planner_server-10] 	planner_server lifecycle node launched. 
[planner_server-10] 	Waiting on external lifecycle transitions to activate
[planner_server-10] 	See https://design.ros2.org/articles/node_lifecycle.html for more information.
[bt_navigator-13] [INFO] [1789890875.338209205] [bt_navigator]: Creating
[waypoint_follower-14] [INFO] [1789890875.339074386] [waypoint_follower]: 
[waypoint_follower-14] 	waypoint_follower lifecycle node launched. 
[waypoint_follower-14] 	Waiting on external lifecycle transitions to activate
[waypoint_follower-14] 	See https://design.ros2.org/articles/node_lifecycle.html for more information.
[waypoint_follower-14] [INFO] [1789890875.340057953] [waypoint_follower]: Creating
[lifecycle_manager-7] [INFO] [1789890875.344450060] [lifecycle_manager_localization]: [34m[1mCreating and initializing lifecycle service clients[0m[0m
[planner_server-10] [INFO] [1789890875.352304382] [planner_server]: Creating
[route_server-11] [INFO] [1789890875.379743468] [route_server]: 
[route_server-11] 	route_server lifecycle node launched. 
[route_server-11] 	Waiting on external lifecycle transitions to activate
[route_server-11] 	See https://design.ros2.org/articles/node_lifecycle.html for more information.
[opennav_docking-17] [INFO] [1789890875.384206845] [docking_server]: 
[opennav_docking-17] 	docking_server lifecycle node launched. 
[opennav_docking-17] 	Waiting on external lifecycle transitions to activate
[opennav_docking-17] 	See https://design.ros2.org/articles/node_lifecycle.html for more information.
[opennav_docking-17] [INFO] [1789890875.384338352] [docking_server]: Creating docking_server
[velocity_smoother-15] [INFO] [1789890875.397845675] [velocity_smoother]: 
[velocity_smoother-15] 	velocity_smoother lifecycle node launched. 
[velocity_smoother-15] 	Waiting on external lifecycle transitions to activate
[velocity_smoother-15] 	See https://design.ros2.org/articles/node_lifecycle.html for more information.
[controller_server-8] [INFO] [1789890875.419784340] [local_costmap.local_costmap]: 
[controller_server-8] 	local_costmap lifecycle node launched. 
[controller_server-8] 	Waiting on external lifecycle transitions to activate
[controller_server-8] 	See https://design.ros2.org/articles/node_lifecycle.html for more information.
[controller_server-8] [INFO] [1789890875.420679838] [local_costmap.local_costmap]: Creating Costmap
[planner_server-10] [INFO] [1789890875.421000702] [global_costmap.global_costmap]: 
[planner_server-10] 	global_costmap lifecycle node launched. 
[planner_server-10] 	Waiting on external lifecycle transitions to activate
[planner_server-10] 	See https://design.ros2.org/articles/node_lifecycle.html for more information.
[planner_server-10] [INFO] [1789890875.427976723] [global_costmap.global_costmap]: Creating Costmap
[lifecycle_manager-18] [INFO] [1789890875.472576196] [lifecycle_manager_navigation]: Creating
[collision_monitor-16] [INFO] [1789890875.494581062] [collision_monitor]: 
[collision_monitor-16] 	collision_monitor lifecycle node launched. 
[collision_monitor-16] 	Waiting on external lifecycle transitions to activate
[collision_monitor-16] 	See https://design.ros2.org/articles/node_lifecycle.html for more information.
[lifecycle_manager-18] [INFO] [1789890875.506719442] [lifecycle_manager_navigation]: [34m[1mCreating and initializing lifecycle service clients[0m[0m
[lifecycle_manager-7] [INFO] [1789890875.536903272] [lifecycle_manager_localization]: [34m[1mStarting managed nodes bringup...[0m[0m
[lifecycle_manager-7] [INFO] [1789890875.536959632] [lifecycle_manager_localization]: [34m[1mConfiguring map_server[0m[0m
[map_server-5] [INFO] [1789890875.548523975] [map_server]: 
[map_server-5] 	map_server lifecycle node launched. 
[map_server-5] 	Waiting on external lifecycle transitions to activate
[map_server-5] 	See https://design.ros2.org/articles/node_lifecycle.html for more information.
[map_server-5] [INFO] [1789890875.548694347] [map_server]: Creating
[map_server-5] [INFO] [1789890875.549374743] [map_server]: Configuring
[map_server-5] [INFO] [1789890875.549470466] [map_io]: Loading yaml file: /home/robojazzy/robofetch_ws_copy/robofetch_ws/install/robofetch_nav/share/robofetch_nav/maps/factory_maze.yaml
[map_server-5] [INFO] [1789890875.549989435] [map_io]: resolution: 0.05
[map_server-5] [INFO] [1789890875.550001165] [map_io]: origin[0]: -7.75
[map_server-5] [INFO] [1789890875.550005737] [map_io]: origin[1]: -5.5
[map_server-5] [INFO] [1789890875.550009514] [map_io]: origin[2]: 0
[map_server-5] [INFO] [1789890875.550014981] [map_io]: free_thresh: 0.196
[map_server-5] [INFO] [1789890875.550020548] [map_io]: occupied_thresh: 0.65
[map_server-5] [INFO] [1789890875.550028102] [map_io]: mode: trinary
[map_server-5] [INFO] [1789890875.550036750] [map_io]: negate: 0
[map_server-5] [INFO] [1789890875.550555024] [map_io]: Loading image_file: /home/robojazzy/robofetch_ws_copy/robofetch_ws/install/robofetch_nav/share/robofetch_nav/maps/factory_maze.pgm
[map_server-5] [INFO] [1789890875.556227408] [map_io]: Read map /home/robojazzy/robofetch_ws_copy/robofetch_ws/install/robofetch_nav/share/robofetch_nav/maps/factory_maze.pgm: 310 X 220 map @ 0.05 m/cell
[lifecycle_manager-7] [INFO] [1789890875.585496157] [lifecycle_manager_localization]: [34m[1mConfiguring amcl[0m[0m
[amcl-6] [INFO] [1789890875.586025365] [amcl]: Configuring
[amcl-6] [INFO] [1789890875.586222774] [amcl]: initTransforms
[lifecycle_manager-18] [INFO] [1789890875.595321490] [lifecycle_manager_navigation]: [34m[1mStarting managed nodes bringup...[0m[0m
[lifecycle_manager-18] [INFO] [1789890875.595402800] [lifecycle_manager_navigation]: [34m[1mConfiguring controller_server[0m[0m
[controller_server-8] [INFO] [1789890875.596104666] [controller_server]: Configuring controller interface
[controller_server-8] [INFO] [1789890875.596132498] [controller_server]: getting progress checker plugins..
[controller_server-8] [INFO] [1789890875.596953645] [controller_server]: getting goal checker plugins..
[controller_server-8] [INFO] [1789890875.598230344] [controller_server]: Controller frequency set to 10.0000Hz
[controller_server-8] [INFO] [1789890875.598296843] [local_costmap.local_costmap]: Configuring
[amcl-6] [INFO] [1789890875.612190038] [amcl]: initPubSub
[controller_server-8] [INFO] [1789890875.628669135] [local_costmap.local_costmap]: Using plugin "voxel_layer"
[amcl-6] [INFO] [1789890875.633626035] [amcl]: Subscribed to map topic.
[controller_server-8] [INFO] [1789890875.637043024] [local_costmap.local_costmap]: Subscribed to Topics: scan
[lifecycle_manager-7] [INFO] [1789890875.650050561] [lifecycle_manager_localization]: [34m[1mActivating map_server[0m[0m
[map_server-5] [INFO] [1789890875.650575992] [map_server]: Activating
[map_server-5] [INFO] [1789890875.651113251] [map_server]: Creating bond (map_server) to lifecycle manager.
[amcl-6] [INFO] [1789890875.651498627] [amcl]: Received a 310 X 220 map @ 0.050 m/pix
[controller_server-8] [INFO] [1789890875.669476284] [local_costmap.local_costmap]: Initialized plugin "voxel_layer"
[controller_server-8] [INFO] [1789890875.669515647] [local_costmap.local_costmap]: Using plugin "inflation_layer"
[controller_server-8] [INFO] [1789890875.672253432] [local_costmap.local_costmap]: Initialized plugin "inflation_layer"
[controller_server-8] [INFO] [1789890875.717782101] [controller_server]: Created progress_checker : progress_checker of type nav2_controller::SimpleProgressChecker
[controller_server-8] [INFO] [1789890875.718972222] [controller_server]: Controller Server has progress_checker  progress checkers available.
[controller_server-8] [INFO] [1789890875.720787473] [controller_server]: Created goal checker : general_goal_checker of type nav2_controller::SimpleGoalChecker
[controller_server-8] [INFO] [1789890875.724576914] [controller_server]: Controller Server has general_goal_checker  goal checkers available.
[controller_server-8] [INFO] [1789890875.726648618] [controller_server]: Created controller : FollowPath of type nav2_mppi_controller::MPPIController
[controller_server-8] [INFO] [1789890875.734869628] [controller_server]: Controller period is equal to model dt. Control sequence shifting is ON
[controller_server-8] [INFO] [1789890875.738068731] [controller_server]: ConstraintCritic instantiated with 1 power and 4.000000 weight.
[controller_server-8] [INFO] [1789890875.738145866] [controller_server]: Critic loaded : mppi::critics::ConstraintCritic
[controller_server-8] [INFO] [1789890875.739533396] [controller_server]: InflationCostCritic instantiated with 1 power and 300.000000 / 0.015000 weights. Critic will collision check based on circular cost.
[controller_server-8] [INFO] [1789890875.739573554] [controller_server]: Critic loaded : mppi::critics::CostCritic
[controller_server-8] [INFO] [1789890875.740850949] [controller_server]: GoalCritic instantiated with 1 power and 5.000000 weight.
[controller_server-8] [INFO] [1789890875.740909794] [controller_server]: Critic loaded : mppi::critics::GoalCritic
[controller_server-8] [INFO] [1789890875.743573625] [controller_server]: GoalAngleCritic instantiated with 1 power, 3.000000 weight, 0.500000 angular threshold and symmetric_yaw_tolerance disabled
[controller_server-8] [INFO] [1789890875.743611795] [controller_server]: Critic loaded : mppi::critics::GoalAngleCritic
[controller_server-8] [INFO] [1789890875.744313164] [controller_server]: ReferenceTrajectoryCritic instantiated with 1 power and 14.000000 weight
[controller_server-8] [INFO] [1789890875.744335728] [controller_server]: Critic loaded : mppi::critics::PathAlignCritic
[controller_server-8] [INFO] [1789890875.745094849] [controller_server]: Critic loaded : mppi::critics::PathFollowCritic
[controller_server-8] [INFO] [1789890875.746121059] [controller_server]: PathAngleCritic instantiated with 1 power and 2.000000 weight. Mode set to: Forward Preference
[controller_server-8] [INFO] [1789890875.746155352] [controller_server]: Critic loaded : mppi::critics::PathAngleCritic
[controller_server-8] [INFO] [1789890875.746755830] [controller_server]: PreferForwardCritic instantiated with 1 power and 5.000000 weight.
[controller_server-8] [INFO] [1789890875.746807816] [controller_server]: Critic loaded : mppi::critics::PreferForwardCritic
[controller_server-8] [INFO] [1789890875.747654907] [controller_server]: Optimizer reset
[controller_server-8] [INFO] [1789890875.756809287] [MPPIController]: Configured MPPI Controller: FollowPath
[controller_server-8] [INFO] [1789890875.756996458] [controller_server]: Controller Server has FollowPath  controllers available.
[lifecycle_manager-7] [INFO] [1789890875.769018540] [lifecycle_manager_localization]: Server map_server connected with bond.
[lifecycle_manager-7] [INFO] [1789890875.769065358] [lifecycle_manager_localization]: [34m[1mActivating amcl[0m[0m
[amcl-6] [INFO] [1789890875.769474987] [amcl]: Activating
[amcl-6] [INFO] [1789890875.769509876] [amcl]: initialPoseReceived
[amcl-6] [INFO] [1789890875.769588502] [amcl]: Setting pose (0.000000): -5.225 -2.975 0.000
[amcl-6] [INFO] [1789890875.770176058] [amcl]: Creating bond (amcl) to lifecycle manager.
[lifecycle_manager-18] [INFO] [1789890875.780991817] [lifecycle_manager_navigation]: [34m[1mConfiguring smoother_server[0m[0m
[smoother_server-9] [INFO] [1789890875.781422916] [smoother_server]: Configuring smoother server
[smoother_server-9] [INFO] [1789890875.810530041] [smoother_server]: Created smoother : simple_smoother of type nav2_smoother::SimpleSmoother
[smoother_server-9] [INFO] [1789890875.813733219] [smoother_server]: Smoother Server has simple_smoother  smoothers available.
[lifecycle_manager-18] [INFO] [1789890875.831100658] [lifecycle_manager_navigation]: [34m[1mConfiguring planner_server[0m[0m
[planner_server-10] [INFO] [1789890875.832257480] [planner_server]: Configuring
[planner_server-10] [INFO] [1789890875.832316225] [global_costmap.global_costmap]: Configuring
[planner_server-10] [INFO] [1789890875.847725078] [global_costmap.global_costmap]: Using plugin "static_layer"
[planner_server-10] [INFO] [1789890875.853797151] [global_costmap.global_costmap]: Subscribing to the map topic (/map) with transient local durability
[planner_server-10] [INFO] [1789890875.856987805] [global_costmap.global_costmap]: Initialized plugin "static_layer"
[planner_server-10] [INFO] [1789890875.857046849] [global_costmap.global_costmap]: Using plugin "obstacle_layer"
[planner_server-10] [INFO] [1789890875.859550646] [global_costmap.global_costmap]: Subscribed to Topics: scan
[planner_server-10] [INFO] [1789890875.872909763] [global_costmap.global_costmap]: Initialized plugin "obstacle_layer"
[planner_server-10] [INFO] [1789890875.872961352] [global_costmap.global_costmap]: Using plugin "inflation_layer"
[planner_server-10] [INFO] [1789890875.873881501] [global_costmap.global_costmap]: Initialized plugin "inflation_layer"
[lifecycle_manager-7] [INFO] [1789890875.880529997] [lifecycle_manager_localization]: Server amcl connected with bond.
[lifecycle_manager-7] [INFO] [1789890875.880591824] [lifecycle_manager_localization]: [34m[1mManaged nodes are active[0m[0m
[lifecycle_manager-7] [INFO] [1789890875.880605144] [lifecycle_manager_localization]: [34m[1mCreating bond timer...[0m[0m
[planner_server-10] [INFO] [1789890875.926125065] [global_costmap.global_costmap]: StaticLayer: Resizing costmap to 310 X 220 at 0.050000 m/pix
[planner_server-10] [INFO] [1789890875.927553946] [planner_server]: Created global planner plugin GridBased of type nav2_theta_star_planner::ThetaStarPlanner
[planner_server-10] [INFO] [1789890875.931730950] [planner_server]: Created global planner plugin NavfnDijkstra of type nav2_navfn_planner::NavfnPlanner
[planner_server-10] [INFO] [1789890875.931789099] [planner_server]: Configuring plugin NavfnDijkstra of type NavfnPlanner
[planner_server-10] [INFO] [1789890875.934411282] [planner_server]: Created global planner plugin NavfnAStar of type nav2_navfn_planner::NavfnPlanner
[planner_server-10] [INFO] [1789890875.934468239] [planner_server]: Configuring plugin NavfnAStar of type NavfnPlanner
[planner_server-10] [INFO] [1789890875.943027310] [planner_server]: Created global planner plugin Smac2D of type nav2_smac_planner::SmacPlanner2D
[planner_server-10] [INFO] [1789890875.943100369] [planner_server]: Configuring Smac2D of type SmacPlanner2D
[planner_server-10] [INFO] [1789890875.952447984] [planner_server]: Configured plugin Smac2D of type SmacPlanner2D with tolerance 0.25, maximum iterations 1000000, max on approach iterations 1000, and allowing unknown traversal.
[planner_server-10] [INFO] [1789890875.953163866] [planner_server]: Created global planner plugin ThetaStar of type nav2_theta_star_planner::ThetaStarPlanner
[planner_server-10] [INFO] [1789890875.959060696] [planner_server]: Created global planner plugin SmacLattice of type nav2_smac_planner::SmacPlannerLattice
[planner_server-10] [INFO] [1789890875.959122423] [planner_server]: Configuring SmacLattice of type SmacPlannerLattice
[planner_server-10] [INFO] [1789890875.968645679] [planner_server]: Even sized heuristic lookup table size set 400.000000, increasing size by 1 to make odd
[gazebo-1] [1;32m[Msg] [0m[1;32mGazebo Sim Server v[0m[1;32m8.11.0[0m[1;32m[0m
[gazebo-1] [1;32m[Msg] [0m[1;32mLoading SDF world file[[0m[1;32m/home/robojazzy/robofetch_ws_copy/robofetch_ws/install/robofetch_gazebo/share/robofetch_gazebo/worlds/factory_maze.sdf[0m[1;32m].[0m
[gazebo-1] [1;32m[Msg] [0m[1;32mServing entity system service on [[0m[1;32m/[0m[1;32mentity/system/add[0m[1;32m][0m[1;32m[0m
[gazebo-1] [1;36m[Dbg] [Physics.cc:906] [0m[1;36mLoaded [[0m[1;36mgz::physics::dartsim::Plugin[0m[1;36m] from library [[0m[1;36m/opt/ros/jazzy/opt/gz_physics_vendor/lib/gz-physics-7/engine-plugins/libgz-physics-dartsim-plugin.so[0m[1;36m][0m[1;36m[0m
[gazebo-1] [1;36m[Dbg] [SystemManager.cc:80] [0m[1;36mLoaded system [[0m[1;36mgz::sim::systems::Physics[0m[1;36m] for entity [[0m[1;36m1[0m[1;36m][0m[1;36m[0m
[gazebo-1] [1;36m[Dbg] [SystemManager.cc:80] [0m[1;36mLoaded system [[0m[1;36mgz::sim::systems::SceneBroadcaster[0m[1;36m] for entity [[0m[1;36m1[0m[1;36m][0m[1;36m[0m
[gazebo-1] [1;32m[Msg] [0m[1;32mCreate[0m[1;32m service on [[0m[1;32m/world/factory_maze/create_multiple[0m[1;32m] (async)[0m[1;32m[0m
[gazebo-1] [1;32m[Msg] [0m[1;32mCreate[0m[1;32m service on [[0m[1;32m/world/factory_maze/create_multiple/blocking[0m[1;32m] (blocking)[0m[1;32m[0m
[gazebo-1] [1;32m[Msg] [0m[1;32mRemove[0m[1;32m service on [[0m[1;32m/world/factory_maze/remove[0m[1;32m] (async)[0m[1;32m[0m
[gazebo-1] [1;32m[Msg] [0m[1;32mRemove[0m[1;32m service on [[0m[1;32m/world/factory_maze/remove/blocking[0m[1;32m] (blocking)[0m[1;32m[0m
[gazebo-1] [1;32m[Msg] [0m[1;32mPose[0m[1;32m service on [[0m[1;32m/world/factory_maze/set_pose[0m[1;32m] (async)[0m[1;32m[0m
[gazebo-1] [1;32m[Msg] [0m[1;32mPose[0m[1;32m service on [[0m[1;32m/world/factory_maze/set_pose/blocking[0m[1;32m] (blocking)[0m[1;32m[0m
[gazebo-1] [1;32m[Msg] [0m[1;32mPose[0m[1;32m service on [[0m[1;32m/world/factory_maze/set_pose_vector[0m[1;32m] (async)[0m[1;32m[0m
[gazebo-1] [1;32m[Msg] [0m[1;32mPose[0m[1;32m service on [[0m[1;32m/world/factory_maze/set_pose_vector/blocking[0m[1;32m] (blocking)[0m[1;32m[0m
[gazebo-1] [1;32m[Msg] [0m[1;32mLight configuration[0m[1;32m service on [[0m[1;32m/world/factory_maze/light_config[0m[1;32m] (async)[0m[1;32m[0m
[gazebo-1] [1;32m[Msg] [0m[1;32mLight configuration[0m[1;32m service on [[0m[1;32m/world/factory_maze/light_config/blocking[0m[1;32m] (blocking)[0m[1;32m[0m
[gazebo-1] [1;32m[Msg] [0m[1;32mPhysics[0m[1;32m service on [[0m[1;32m/world/factory_maze/set_physics[0m[1;32m] (async)[0m[1;32m[0m
[gazebo-1] [1;32m[Msg] [0m[1;32mPhysics[0m[1;32m service on [[0m[1;32m/world/factory_maze/set_physics/blocking[0m[1;32m] (blocking)[0m[1;32m[0m
[gazebo-1] [1;32m[Msg] [0m[1;32mSphericalCoordinates[0m[1;32m service on [[0m[1;32m/world/factory_maze/set_spherical_coordinates[0m[1;32m] (async)[0m[1;32m[0m
[gazebo-1] [1;32m[Msg] [0m[1;32mSphericalCoordinates[0m[1;32m service on [[0m[1;32m/world/factory_maze/set_spherical_coordinates/blocking[0m[1;32m] (blocking)[0m[1;32m[0m
[gazebo-1] [1;32m[Msg] [0m[1;32mEnable collision[0m[1;32m service on [[0m[1;32m/world/factory_maze/enable_collision[0m[1;32m] (async)[0m[1;32m[0m
[gazebo-1] [1;32m[Msg] [0m[1;32mEnable collision[0m[1;32m service on [[0m[1;32m/world/factory_maze/enable_collision/blocking[0m[1;32m] (blocking)[0m[1;32m[0m
[gazebo-1] [1;32m[Msg] [0m[1;32mDisable collision[0m[1;32m service on [[0m[1;32m/world/factory_maze/disable_collision[0m[1;32m] (async)[0m[1;32m[0m
[gazebo-1] [1;32m[Msg] [0m[1;32mDisable collision[0m[1;32m service on [[0m[1;32m/world/factory_maze/disable_collision/blocking[0m[1;32m] (blocking)[0m[1;32m[0m
[gazebo-1] [1;32m[Msg] [0m[1;32mMaterial[0m[1;32m service on [[0m[1;32m/world/factory_maze/visual_config[0m[1;32m] (async)[0m[1;32m[0m
[gazebo-1] [1;32m[Msg] [0m[1;32mMaterial[0m[1;32m service on [[0m[1;32m/world/factory_maze/visual_config/blocking[0m[1;32m] (blocking)[0m[1;32m[0m
[gazebo-1] [1;32m[Msg] [0m[1;32mMaterial[0m[1;32m service on [[0m[1;32m/world/factory_maze/wheel_slip[0m[1;32m] (async)[0m[1;32m[0m
[create-3] [INFO] [1789890876.198292508] [ros_gz_sim]: Waiting messages on topic [/robot_description].
[create-3] [INFO] [1789890876.210474272] [ros_gz_sim]: Entity creation successful.
[INFO] [create-3]: process has finished cleanly [pid 20856]
[planner_server-10] [INFO] [1789890876.439998430] [planner_server]: Configured plugin SmacLattice of type SmacPlannerLattice with maximum iterations 1000000, max on approach iterations 1000, and allowing unknown traversal. Tolerance 0.25. Using motion model: State Lattice. State lattice file: /opt/ros/jazzy/share/nav2_smac_planner/sample_primitives/5cm_resolution/0.5m_turning_radius/diff/output.json.
[planner_server-10] [INFO] [1789890876.440063331] [planner_server]: Planner Server has GridBased NavfnDijkstra NavfnAStar Smac2D ThetaStar SmacLattice  planners available.
[lifecycle_manager-18] [INFO] [1789890876.466618594] [lifecycle_manager_navigation]: [34m[1mConfiguring route_server[0m[0m
[route_server-11] [INFO] [1789890876.467012971] [route_server]: Configuring
[route_server-11] [INFO] [1789890876.522915345] [route_server]: Created GraphFileLoader GeoJsonGraphFileLoader of type nav2_route::GeoJsonGraphFileLoader
[route_server-11] [INFO] [1789890876.522970406] [route_server]: Configuring geojson graph file loader
[route_server-11] [INFO] [1789890876.522980942] [route_server]: Loading graph file from /opt/ros/jazzy/share/nav2_route/graphs/sample_graph.geojson, by parser nav2_route::GeoJsonGraphFileLoader
[parameter_bridge-4] [INFO] [1789890876.525428605] [ros_gz_bridge]: Creating ROS->GZ Bridge: [cmd_vel (geometry_msgs/msg/Twist) -> cmd_vel (gz.msgs.Twist)] (Lazy 0)
[route_server-11] [INFO] [1789890876.527197140] [route_server]: Created edge cost function plugin DistanceScorer of type nav2_route::DistanceScorer
[route_server-11] [INFO] [1789890876.527265520] [route_server]: Configuring distance scorer.
[route_server-11] [INFO] [1789890876.527683353] [route_server]: Created edge cost function plugin CostmapScorer of type nav2_route::CostmapScorer
[route_server-11] [INFO] [1789890876.527705716] [route_server]: Configuring costmap scorer.
[route_server-11] [INFO] [1789890876.531965049] [route_server]: Created route operation AdjustSpeedLimit of type nav2_route::AdjustSpeedLimit
[route_server-11] [INFO] [1789890876.532005898] [route_server]: Configuring Adjust speed limit operation.
[parameter_bridge-4] [INFO] [1789890876.532642289] [ros_gz_bridge]: Creating GZ->ROS Bridge: [odom (gz.msgs.Odometry) -> odom (nav_msgs/msg/Odometry)] (Lazy 0)
[route_server-11] [INFO] [1789890876.533716192] [route_server]: Created route operation ReroutingService of type nav2_route::ReroutingService
[route_server-11] [INFO] [1789890876.533755351] [route_server]: Configuring Rerouting service operation.
[route_server-11] [INFO] [1789890876.538051757] [route_server]: Created route operation CollisionMonitor of type nav2_route::CollisionMonitor
[route_server-11] [INFO] [1789890876.538291385] [route_server]: Using costmap topic: local_costmap/costmap_raw instead of server costmap topic: global_costmap/costmap_raw for CollisionMonitor.
[parameter_bridge-4] [INFO] [1789890876.538959580] [ros_gz_bridge]: Creating GZ->ROS Bridge: [tf (gz.msgs.Pose_V) -> tf (tf2_msgs/msg/TFMessage)] (Lazy 0)
[lifecycle_manager-18] [INFO] [1789890876.545995555] [lifecycle_manager_navigation]: [34m[1mConfiguring behavior_server[0m[0m
[behavior_server-12] [INFO] [1789890876.546489123] [behavior_server]: Configuring
[parameter_bridge-4] [INFO] [1789890876.547003762] [ros_gz_bridge]: Creating GZ->ROS Bridge: [joint_states (gz.msgs.Model) -> joint_states (sensor_msgs/msg/JointState)] (Lazy 0)
[parameter_bridge-4] [INFO] [1789890876.551484734] [ros_gz_bridge]: Creating GZ->ROS Bridge: [scan (gz.msgs.LaserScan) -> scan (sensor_msgs/msg/LaserScan)] (Lazy 0)
[parameter_bridge-4] [INFO] [1789890876.554463832] [ros_gz_bridge]: Creating GZ->ROS Bridge: [clock (gz.msgs.Clock) -> clock (rosgraph_msgs/msg/Clock)] (Lazy 0)
[parameter_bridge-4] [INFO] [1789890876.557823393] [ros_gz_bridge]: Creating GZ->ROS Bridge: [/model/robofetch/pose (gz.msgs.Pose) -> /model/robofetch/pose (geometry_msgs/msg/Pose)] (Lazy 0)
[behavior_server-12] [INFO] [1789890876.558116393] [behavior_server]: Creating behavior plugin spin of type nav2_behaviors::Spin
[behavior_server-12] [INFO] [1789890876.559886717] [behavior_server]: Creating behavior plugin backup of type nav2_behaviors::BackUp
[behavior_server-12] [INFO] [1789890876.562908454] [behavior_server]: Creating behavior plugin drive_on_heading of type nav2_behaviors::DriveOnHeading
[behavior_server-12] [INFO] [1789890876.564778366] [behavior_server]: Creating behavior plugin assisted_teleop of type nav2_behaviors::AssistedTeleop
[behavior_server-12] [INFO] [1789890876.568045297] [behavior_server]: Creating behavior plugin wait of type nav2_behaviors::Wait
[behavior_server-12] [INFO] [1789890876.580147847] [behavior_server]: Configuring spin
[behavior_server-12] [INFO] [1789890876.596634464] [behavior_server]: Configuring backup
[behavior_server-12] [INFO] [1789890876.608290855] [behavior_server]: Configuring drive_on_heading
[behavior_server-12] [INFO] [1789890876.619461033] [behavior_server]: Configuring assisted_teleop
[behavior_server-12] [INFO] [1789890876.635306291] [behavior_server]: Configuring wait
[lifecycle_manager-18] [INFO] [1789890876.647469667] [lifecycle_manager_navigation]: [34m[1mConfiguring velocity_smoother[0m[0m
[velocity_smoother-15] [INFO] [1789890876.647973373] [velocity_smoother]: Configuring velocity smoother
[lifecycle_manager-18] [INFO] [1789890876.656040116] [lifecycle_manager_navigation]: [34m[1mConfiguring collision_monitor[0m[0m
[collision_monitor-16] [INFO] [1789890876.656405273] [collision_monitor]: Configuring
[collision_monitor-16] [INFO] [1789890876.669570296] [collision_monitor]: [scan]: Creating Scan
[collision_monitor-16] [INFO] [1789890876.674645914] [collision_monitor]: [FootprintApproach]: Creating Polygon
[collision_monitor-16] [INFO] [1789890876.675177847] [collision_monitor]: [FootprintApproach]: Polygon points are not defined. Using dynamic subscription instead.
[collision_monitor-16] [INFO] [1789890876.679206597] [collision_monitor]: [FootprintApproach]: Making footprint subscriber on /local_costmap/published_footprint topic
[lifecycle_manager-18] [INFO] [1789890876.701007864] [lifecycle_manager_navigation]: [34m[1mConfiguring bt_navigator[0m[0m
[bt_navigator-13] [INFO] [1789890876.701382861] [bt_navigator]: Configuring
[bt_navigator-13] [INFO] [1789890876.714948821] [bt_navigator]: Creating navigator id navigate_to_pose of type nav2_bt_navigator::NavigateToPoseNavigator
[bt_navigator-13] [INFO] [1789890876.844785094] [bt_navigator]: Creating navigator id navigate_through_poses of type nav2_bt_navigator::NavigateThroughPosesNavigator
[lifecycle_manager-18] [INFO] [1789890876.896744888] [lifecycle_manager_navigation]: [34m[1mConfiguring waypoint_follower[0m[0m
[waypoint_follower-14] [INFO] [1789890876.897225734] [waypoint_follower]: Configuring
[waypoint_follower-14] [INFO] [1789890876.943410208] [waypoint_follower]: Created waypoint_task_executor : wait_at_waypoint of type nav2_waypoint_follower::WaitAtWaypoint
[lifecycle_manager-18] [INFO] [1789890876.945052022] [lifecycle_manager_navigation]: [34m[1mConfiguring docking_server[0m[0m
[opennav_docking-17] [INFO] [1789890876.945411812] [docking_server]: Configuring docking_server
[opennav_docking-17] [INFO] [1789890876.945456835] [docking_server]: Controller frequency set to 50.0000Hz
[opennav_docking-17] [INFO] [1789890877.003553528] [docking_server]: Created charging dock plugin simple_charging_dock of type opennav_docking::SimpleChargingDock
[opennav_docking-17] [WARN] [1789890877.018016293] [docking_server]: Dock database filepath nor dock parameters set. Docking actions can only be executed specifying the dock pose via the action request. Or update the dock database via the reload_database service.
[opennav_docking-17] [INFO] [1789890877.018059821] [docking_server]: Docking Server has 1 dock types and 0 dock instances available.
[lifecycle_manager-18] [INFO] [1789890877.021657967] [lifecycle_manager_navigation]: [34m[1mActivating controller_server[0m[0m
[controller_server-8] [INFO] [1789890877.021962963] [controller_server]: Activating
[controller_server-8] [INFO] [1789890877.021994069] [local_costmap.local_costmap]: Activating
[controller_server-8] [INFO] [1789890877.022003510] [local_costmap.local_costmap]: Checking transform
[controller_server-8] [INFO] [1789890877.022035510] [local_costmap.local_costmap]: Timed out waiting for transform from base_footprint to odom to become available, tf error: Invalid frame ID "odom" passed to canTransform argument target_frame - frame does not exist
[controller_server-8] [INFO] [1789890877.522202117] [local_costmap.local_costmap]: Timed out waiting for transform from base_footprint to odom to become available, tf error: Invalid frame ID "odom" passed to canTransform argument target_frame - frame does not exist
[gazebo-1] [1;32m[Msg] [0m[1;32mMaterial[0m[1;32m service on [[0m[1;32m/world/factory_maze/wheel_slip/blocking[0m[1;32m] (blocking)[0m[1;32m[0m
[gazebo-1] [1;36m[Dbg] [SystemManager.cc:80] [0m[1;36mLoaded system [[0m[1;36mgz::sim::systems::UserCommands[0m[1;36m] for entity [[0m[1;36m1[0m[1;36m][0m[1;36m[0m
[gazebo-1] [1;36m[Dbg] [SystemManager.cc:80] [0m[1;36mLoaded system [[0m[1;36mgz::sim::systems::Contact[0m[1;36m] for entity [[0m[1;36m1[0m[1;36m][0m[1;36m[0m
[gazebo-1] [1;36m[Dbg] [Sensors.cc:697] [0m[1;36mConfiguring Sensors system[0m[1;36m[0m
[gazebo-1] [1;36m[Dbg] [Sensors.cc:557] [0m[1;36mSensorsPrivate::Run[0m[1;36m[0m
[gazebo-1] [1;36m[Dbg] [SystemManager.cc:80] [0m[1;36mLoaded system [[0m[1;36mgz::sim::systems::Sensors[0m[1;36m] for entity [[0m[1;36m1[0m[1;36m][0m[1;36m[0m
[gazebo-1] [1;36m[Dbg] [Sensors.cc:532] [0m[1;36mSensorsPrivate::RenderThread started[0m[1;36m[0m
[gazebo-1] [1;36m[Dbg] [Sensors.cc:337] [0m[1;36mWaiting for init[0m[1;36m[0m
[gazebo-1] [1;32m[Msg] [0m[1;32mLoaded level [[0m[1;32mdefault[0m[1;32m][0m[1;32m[0m
[gazebo-1] [1;32m[Msg] [0m[1;32mServing world controls on [[0m[1;32m/world/factory_maze[0m[1;32m/control], [[0m[1;32m/world/factory_maze[0m[1;32m/control/state] and [[0m[1;32m/world/factory_maze[0m[1;32m/playback/control][0m[1;32m[0m
[gazebo-1] [1;32m[Msg] [0m[1;32mServing GUI information on [[0m[1;32m/world/factory_maze[0m[1;32m/[0m[1;32mgui/info[0m[1;32m][0m[1;32m[0m
[gazebo-1] [1;32m[Msg] [0m[1;32mWorld [[0m[1;32mfactory_maze[0m[1;32m] initialized with [[0m[1;32mstep[0m[1;32m] physics profile.[0m[1;32m[0m
[gazebo-1] [1;32m[Msg] [0m[1;32mServing world SDF generation service on [[0m[1;32m/world/factory_maze[0m[1;32m/[0m[1;32mgenerate_world_sdf[0m[1;32m][0m[1;32m[0m
[gazebo-1] [1;32m[Msg] [0m[1;32mServing world names on [[0m[1;32m/gazebo/worlds[0m[1;32m][0m[1;32m[0m
[gazebo-1] [1;32m[Msg] [0m[1;32mResource path add service on [[0m[1;32m/gazebo/resource_paths/add[0m[1;32m].[0m[1;32m[0m
[gazebo-1] [1;32m[Msg] [0m[1;32mResource path get service on [[0m[1;32m/gazebo/resource_paths/get[0m[1;32m].[0m[1;32m[0m
[gazebo-1] [1;32m[Msg] [0m[1;32mResource path resolve service on [[0m[1;32m/gazebo/resource_paths/resolve[0m[1;32m].[0m[1;32m[0m
[gazebo-1] [1;32m[Msg] [0m[1;32mResource paths published on [[0m[1;32m/gazebo/resource_paths[0m[1;32m].[0m[1;32m[0m
[gazebo-1] [1;32m[Msg] [0m[1;32mServer control service on [[0m[1;32m/server_control[0m[1;32m].[0m[1;32m[0m
[gazebo-1] [1;32m[Msg] [0m[1;32mFound no publishers on /stats, adding root stats topic[0m[1;32m[0m
[gazebo-1] [1;32m[Msg] [0m[1;32mFound no publishers on /clock, adding root clock topic[0m[1;32m[0m
[gazebo-1] [1;36m[Dbg] [SimulationRunner.cc:551] [0m[1;36mCreating PostUpdate worker threads: [0m[1;36m4[0m[1;36m[0m
[gazebo-1] [1;36m[Dbg] [SimulationRunner.cc:562] [0m[1;36mCreating postupdate worker thread ([0m[1;36m0[0m[1;36m)[0m[1;36m[0m
[gazebo-1] [1;36m[Dbg] [SimulationRunner.cc:562] [0m[1;36mCreating postupdate worker thread ([0m[1;36m1[0m[1;36m)[0m[1;36m[0m
[gazebo-1] [1;36m[Dbg] [SimulationRunner.cc:562] [0m[1;36mCreating postupdate worker thread ([0m[1;36m2[0m[1;36m)[0m[1;36m[0m
[gazebo-1] [1;33mWarning [Utils.cc:132][0m [/sdf/model[@name="robofetch"]/link[@name="base_footprint"]/sensor[@name="lidar"]/gz_frame_id:<urdf-string>:L0]: XML Element[gz_frame_id], child of element[sensor], not defined in SDF. Copying[gz_frame_id] as children of [sensor].
[controller_server-8] [INFO] [1789890878.022124870] [local_costmap.local_costmap]: Timed out waiting for transform from base_footprint to odom to become available, tf error: Invalid frame ID "odom" passed to canTransform argument target_frame - frame does not exist
[INFO] [python-19]: process started with pid [21261]
[gazebo-1] [1;32m[Msg] [0m[1;32mDiffDrive subscribing to twist messages on [[0m[1;32mcmd_vel[0m[1;32m][0m[1;32m[0m
[gazebo-1] [1;36m[Dbg] [SystemManager.cc:80] [0m[1;36mLoaded system [[0m[1;36mgz::sim::systems::DiffDrive[0m[1;36m] for entity [[0m[1;36m129[0m[1;36m][0m[1;36m[0m
[gazebo-1] [1;36m[Dbg] [SystemManager.cc:80] [0m[1;36mLoaded system [[0m[1;36mgz::sim::systems::JointStatePublisher[0m[1;36m] for entity [[0m[1;36m129[0m[1;36m][0m[1;36m[0m
[gazebo-1] [1;36m[Dbg] [SystemManager.cc:80] [0m[1;36mLoaded system [[0m[1;36mgz::sim::systems::PosePublisher[0m[1;36m] for entity [[0m[1;36m129[0m[1;36m][0m[1;36m[0m
[gazebo-1] [1;36m[Dbg] [UserCommands.cc:1094] [0m[1;36mCreated entity [[0m[1;36m129[0m[1;36m] named [[0m[1;36mrobofetch[0m[1;36m][0m[1;36m[0m
[gazebo-1] [1;36m[Dbg] [SimulationFeatures.cc:90] [0m[1;36mSimulation timestep set to: [0m[1;36m0.004[0m[1;36m[0m
[gazebo-1] [1;36m[Dbg] [Sensors.cc:953] [0m[1;36mInitialization needed[0m[1;36m[0m
[gazebo-1] [1;36m[Dbg] [Sensors.cc:349] [0m[1;36mInitializing render context[0m[1;36m[0m
[gazebo-1] [1;32m[Msg] [0m[1;32mLoading plugin [[0m[1;32mgz-rendering-ogre2[0m[1;32m][0m[1;32m[0m
[gazebo-1] [1;32m[Msg] [0m[1;32mServing scene information on [[0m[1;32m/world/factory_maze[0m[1;32m/[0m[1;32mscene/info[0m[1;32m][0m[1;32m[0m
[gazebo-1] [1;32m[Msg] [0m[1;32mServing graph information on [[0m[1;32m/world/factory_maze[0m[1;32m/[0m[1;32mscene/graph[0m[1;32m][0m[1;32m[0m
[gazebo-1] [1;32m[Msg] [0m[1;32mServing full state on [[0m[1;32m/world/factory_maze[0m[1;32m/[0m[1;32mstate[0m[1;32m][0m[1;32m[0m
[gazebo-1] [1;32m[Msg] [0m[1;32mServing full state (async) on [[0m[1;32m/world/factory_maze[0m[1;32m/[0m[1;32mstate_async[0m[1;32m][0m[1;32m[0m
[gazebo-1] [1;32m[Msg] [0m[1;32mPublishing scene information on [[0m[1;32m/world/factory_maze/scene/info[0m[1;32m][0m[1;32m[0m
[gazebo-1] [1;32m[Msg] [0m[1;32mPublishing entity deletions on [[0m[1;32m/world/factory_maze/scene/deletion[0m[1;32m][0m[1;32m[0m
[gazebo-1] [1;32m[Msg] [0m[1;32mPublishing state changes on [[0m[1;32m/world/factory_maze/state[0m[1;32m][0m[1;32m[0m
[gazebo-1] [1;32m[Msg] [0m[1;32mPublishing pose messages on [[0m[1;32m/world/factory_maze[0m[1;32m/[0m[1;32mpose/info[0m[1;32m][0m[1;32m[0m
[gazebo-1] [1;32m[Msg] [0m[1;32mPublishing dynamic pose messages on [[0m[1;32m/world/factory_maze[0m[1;32m/[0m[1;32mdynamic_pose/info[0m[1;32m][0m[1;32m[0m
[gazebo-1] [1;36m[Dbg] [SimulationRunner.cc:578] [0m[1;36mExiting postupdate worker thread ([0m[1;36m0[0m[1;36m)[0m[1;36m[0m
[gazebo-1] [1;36m[Dbg] [SimulationRunner.cc:578] [0m[1;36mExiting postupdate worker thread ([0m[1;36m2[0m[1;36m)[0m[1;36m[0m
[gazebo-1] [1;36m[Dbg] [SimulationRunner.cc:578] [0m[1;36mExiting postupdate worker thread ([0m[1;36m1[0m[1;36m)[0m[1;36m[0m
[gazebo-1] [1;36m[Dbg] [SimulationRunner.cc:551] [0m[1;36mCreating PostUpdate worker threads: [0m[1;36m7[0m[1;36m[0m
[gazebo-1] [1;36m[Dbg] [SimulationRunner.cc:562] [0m[1;36mCreating postupdate worker thread ([0m[1;36m0[0m[1;36m)[0m[1;36m[0m
[gazebo-1] [1;36m[Dbg] [SimulationRunner.cc:562] [0m[1;36mCreating postupdate worker thread ([0m[1;36m1[0m[1;36m)[0m[1;36m[0m
[gazebo-1] [1;36m[Dbg] [SimulationRunner.cc:562] [0m[1;36mCreating postupdate worker thread ([0m[1;36m2[0m[1;36m)[0m[1;36m[0m
[gazebo-1] [1;36m[Dbg] [SimulationRunner.cc:562] [0m[1;36mCreating postupdate worker thread ([0m[1;36m3[0m[1;36m)[0m[1;36m[0m
[gazebo-1] [1;36m[Dbg] [SimulationRunner.cc:562] [0m[1;36mCreating postupdate worker thread ([0m[1;36m4[0m[1;36m)[0m[1;36m[0m
[gazebo-1] [1;36m[Dbg] [SimulationRunner.cc:562] [0m[1;36mCreating postupdate worker thread ([0m[1;36m5[0m[1;36m)[0m[1;36m[0m
[gazebo-1] [1;36m[Dbg] [RenderUtil.cc:2646] [0m[1;36mCreate scene [[0m[1;36mscene[0m[1;36m][0m[1;36m[0m
[gazebo-1] [1;36m[Dbg] [Sensors.cc:391] [0m[1;36mRendering Thread initialized[0m[1;36m[0m
[gazebo-1] [1;36m[Dbg] [Sensors.cc:953] [0m[1;36mInitialization needed[0m[1;36m[0m
[gazebo-1] [1;36m[Dbg] [Lidar.cc:139] [0m[1;36mLaser scans for [[0m[1;36mrobofetch::base_footprint::lidar[0m[1;36m] advertised on [[0m[1;36mscan[0m[1;36m][0m[1;36m[0m
[amcl-6] [INFO] [1789890878.445336164] [amcl]: createLaserObject
[controller_server-8] [INFO] [1789890878.522315498] [local_costmap.local_costmap]: start
[python-19] INFO:     Started server process [21261]
[python-19] INFO:     Waiting for application startup.
[python-19] INFO:     Application startup complete.
[python-19] INFO:     Uvicorn running on http://0.0.0.0:8001 (Press CTRL+C to quit)
[controller_server-8] [WARN] [1789890878.724574819] [controller_server]: Parameter controller_server.verbose not found
[controller_server-8] [INFO] [1789890878.725131199] [controller_server]: Optimizer reset
[controller_server-8] [INFO] [1789890878.725637596] [MPPIController]: Activated MPPI Controller: FollowPath
[controller_server-8] [INFO] [1789890878.725669991] [controller_server]: Creating bond (controller_server) to lifecycle manager.
[lifecycle_manager-18] [INFO] [1789890878.832235564] [lifecycle_manager_navigation]: Server controller_server connected with bond.
[lifecycle_manager-18] [INFO] [1789890878.832321222] [lifecycle_manager_navigation]: [34m[1mActivating smoother_server[0m[0m
[smoother_server-9] [INFO] [1789890878.833089164] [smoother_server]: Activating
[smoother_server-9] [INFO] [1789890878.833134478] [smoother_server]: Creating bond (smoother_server) to lifecycle manager.
[lifecycle_manager-18] [INFO] [1789890878.948549271] [lifecycle_manager_navigation]: Server smoother_server connected with bond.
[lifecycle_manager-18] [INFO] [1789890878.948620223] [lifecycle_manager_navigation]: [34m[1mActivating planner_server[0m[0m
[planner_server-10] [INFO] [1789890878.949202042] [planner_server]: Activating
[planner_server-10] [INFO] [1789890878.949256100] [global_costmap.global_costmap]: Activating
[planner_server-10] [INFO] [1789890878.949281440] [global_costmap.global_costmap]: Checking transform
[planner_server-10] [INFO] [1789890878.949404462] [global_costmap.global_costmap]: Timed out waiting for transform from base_footprint to map to become available, tf error: Lookup would require extrapolation into the past.  Requested time 0.612000 but the earliest data is at time 1.100000, when looking up transform from frame [base_footprint] to frame [map]
[planner_server-10] [INFO] [1789890879.449581986] [global_costmap.global_costmap]: start
[INFO] [factory_node-20]: process started with pid [21264]
[INFO] [robot_state_node-21]: process started with pid [21265]
[planner_server-10] [INFO] [1789890880.501214935] [planner_server]: Activating plugin SmacLattice of type SmacPlannerLattice
[planner_server-10] [INFO] [1789890880.501293528] [planner_server]: Activating plugin ThetaStar of type nav2_theta_star_planner
[planner_server-10] [INFO] [1789890880.501312804] [planner_server]: Activating plugin NavfnAStar of type NavfnPlanner
[planner_server-10] [INFO] [1789890880.501324230] [planner_server]: Activating plugin Smac2D of type SmacPlanner2D
[planner_server-10] [INFO] [1789890880.501334066] [planner_server]: Activating plugin NavfnDijkstra of type NavfnPlanner
[planner_server-10] [INFO] [1789890880.501342412] [planner_server]: Activating plugin GridBased of type nav2_theta_star_planner
[planner_server-10] [INFO] [1789890880.504364307] [planner_server]: Creating bond (planner_server) to lifecycle manager.
[lifecycle_manager-18] [INFO] [1789890880.617787393] [lifecycle_manager_navigation]: Server planner_server connected with bond.
[lifecycle_manager-18] [INFO] [1789890880.617870457] [lifecycle_manager_navigation]: [34m[1mActivating route_server[0m[0m
[route_server-11] [INFO] [1789890880.618474657] [route_server]: Activating
[route_server-11] [INFO] [1789890880.618728221] [route_server]: Creating bond (route_server) to lifecycle manager.
[factory_node-20] [INFO] [1789890880.677455652] [factory]: section A [heavy_load, seed 5001]: 40 units/h, buffer 6, 0.8 kg/unit, time_scale 1
[factory_node-20] [INFO] [1789890880.678094131] [factory]: section B [heavy_load, seed 5001]: 60 units/h, buffer 8, 0.6 kg/unit, time_scale 1
[factory_node-20] [INFO] [1789890880.678658885] [factory]: section C [heavy_load, seed 5001]: 10 units/h, buffer 2, 2.0 kg/unit, time_scale 1
[factory_node-20] [INFO] [1789890880.679475713] [factory]: logging to /home/robojazzy/robofetch_ws_copy/robofetch_ws/logs/run_20260920_095433_section_*.csv
[lifecycle_manager-18] [INFO] [1789890880.731066807] [lifecycle_manager_navigation]: Server route_server connected with bond.
[lifecycle_manager-18] [INFO] [1789890880.731127416] [lifecycle_manager_navigation]: [34m[1mActivating behavior_server[0m[0m
[behavior_server-12] [INFO] [1789890880.731797988] [behavior_server]: Activating
[behavior_server-12] [INFO] [1789890880.731828093] [behavior_server]: Activating spin
[behavior_server-12] [INFO] [1789890880.731845978] [behavior_server]: Activating backup
[behavior_server-12] [INFO] [1789890880.731857802] [behavior_server]: Activating drive_on_heading
[behavior_server-12] [INFO] [1789890880.731868830] [behavior_server]: Activating assisted_teleop
[behavior_server-12] [INFO] [1789890880.731879462] [behavior_server]: Activating wait
[behavior_server-12] [INFO] [1789890880.731894366] [behavior_server]: Creating bond (behavior_server) to lifecycle manager.
[robot_state_node-21] [INFO] [1789890880.787248570] [robot_state_node]: Robot state monitor up. Run run_20260920_095433, logging to /home/robojazzy/robofetch_ws_copy/robofetch_ws/logs/run_20260920_095433_robot.csv
[lifecycle_manager-18] [INFO] [1789890880.846956373] [lifecycle_manager_navigation]: Server behavior_server connected with bond.
[lifecycle_manager-18] [INFO] [1789890880.847033774] [lifecycle_manager_navigation]: [34m[1mActivating velocity_smoother[0m[0m
[velocity_smoother-15] [INFO] [1789890880.848387933] [velocity_smoother]: Activating
[velocity_smoother-15] [INFO] [1789890880.848721679] [velocity_smoother]: Creating bond (velocity_smoother) to lifecycle manager.
[lifecycle_manager-18] [INFO] [1789890880.967859975] [lifecycle_manager_navigation]: Server velocity_smoother connected with bond.
[lifecycle_manager-18] [INFO] [1789890880.967917802] [lifecycle_manager_navigation]: [34m[1mActivating collision_monitor[0m[0m
[collision_monitor-16] [INFO] [1789890880.968535415] [collision_monitor]: Activating
[collision_monitor-16] [INFO] [1789890880.968577146] [collision_monitor]: Creating bond (collision_monitor) to lifecycle manager.
[lifecycle_manager-18] [INFO] [1789890881.083237940] [lifecycle_manager_navigation]: Server collision_monitor connected with bond.
[lifecycle_manager-18] [INFO] [1789890881.083311485] [lifecycle_manager_navigation]: [34m[1mActivating bt_navigator[0m[0m
[bt_navigator-13] [INFO] [1789890881.083921395] [bt_navigator]: Activating
[bt_navigator-13] [INFO] [1789890881.271489118] [bt_navigator]: Creating bond (bt_navigator) to lifecycle manager.
[lifecycle_manager-18] [INFO] [1789890881.379596229] [lifecycle_manager_navigation]: Server bt_navigator connected with bond.
[lifecycle_manager-18] [INFO] [1789890881.379677128] [lifecycle_manager_navigation]: [34m[1mActivating waypoint_follower[0m[0m
[waypoint_follower-14] [INFO] [1789890881.380184076] [waypoint_follower]: Activating
[waypoint_follower-14] [INFO] [1789890881.380249143] [waypoint_follower]: Creating bond (waypoint_follower) to lifecycle manager.
[lifecycle_manager-18] [INFO] [1789890881.492788755] [lifecycle_manager_navigation]: Server waypoint_follower connected with bond.
[lifecycle_manager-18] [INFO] [1789890881.492882627] [lifecycle_manager_navigation]: [34m[1mActivating docking_server[0m[0m
[opennav_docking-17] [INFO] [1789890881.493266592] [docking_server]: Activating docking_server
[opennav_docking-17] [INFO] [1789890881.515024909] [docking_server]: Creating bond (docking_server) to lifecycle manager.
[lifecycle_manager-18] [INFO] [1789890881.631440636] [lifecycle_manager_navigation]: Server docking_server connected with bond.
[lifecycle_manager-18] [INFO] [1789890881.632352693] [lifecycle_manager_navigation]: [34m[1mManaged nodes are active[0m[0m
[lifecycle_manager-18] [INFO] [1789890881.632977722] [lifecycle_manager_navigation]: [34m[1mCreating bond timer...[0m[0m
[INFO] [mission_executor-22]: process started with pid [21307]
[mission_executor-22] [INFO] [1789890884.281576263] [mission_executor]: mission run_20260920_095433: 0 scripted actions, scenario heavy_load, logging /home/robojazzy/robofetch_ws_copy/robofetch_ws/logs/run_20260920_095433_mission.csv
[mission_executor-22] [INFO] [1789890884.283411517] [mission_executor]: waiting for Nav2, telemetry and the sections ...
[amcl-6] [INFO] [1789890887.791006950] [amcl]: initialPoseReceived
[amcl-6] [WARN] [1789890887.791112262] [amcl]: Failed to transform initial pose in time (Lookup would require extrapolation into the future.  Requested time 9.464000 but the latest data is at time 9.432000, when looking up transform from frame [base_footprint] to frame [odom])
[amcl-6] [INFO] [1789890887.791138314] [amcl]: Setting pose (9.464000): -5.225 -2.975 0.000
[mission_executor-22] [INFO] [1789890890.872565625] [mission_executor]: localised; starting mission
[mission_executor-22] [INFO] [1789890890.873673249] [mission_executor]: autonomous mode: deciding with 'ppo' at http://localhost:8001/decide before every action; planner ThetaStar; shift 1200 s
[mission_executor-22] [WARN] [1789890895.917563101] [mission_executor]: decision service unavailable (timed out); using the fallback rules
[mission_executor-22] [INFO] [1789890895.918354705] [mission_executor]: decision: PICKUP:B - fallback: section B fills in 344 s
[mission_executor-22] [INFO] [1789890895.918965765] [mission_executor]: [1] PICKUP:B from charger: predicted 15.2 m, 69 s, 0.19 Wh
[bt_navigator-13] [INFO] [1789890895.920434263] [bt_navigator]: Begin navigating from current location (-5.24, -2.98) to (6.03, 3.08)
[controller_server-8] [INFO] [1789890895.952273400] [controller_server]: Received a goal, begin computing control effort.
[controller_server-8] [WARN] [1789890895.952371453] [controller_server]: No goal checker was specified in parameter 'current_goal_checker'. Server will use only plugin loaded general_goal_checker . This warning will appear once.
[controller_server-8] [WARN] [1789890895.952396291] [controller_server]: No progress checker was specified in parameter 'current_progress_checker'. Server will use only plugin loaded progress_checker . This warning will appear once.
[parameter_bridge-4] [INFO] [1789890896.020324837] [ros_gz_bridge]: Passing message from ROS geometry_msgs/msg/Twist to Gazebo gz.msgs.Twist (showing msg only once per type)
[controller_server-8] [INFO] [1789890897.052578544] [controller_server]: Passing new path to controller.
[controller_server-8] [INFO] [1789890898.052638965] [controller_server]: Passing new path to controller.
[controller_server-8] [INFO] [1789890899.052577980] [controller_server]: Passing new path to controller.
[controller_server-8] [INFO] [1789890900.152653406] [controller_server]: Passing new path to controller.
[controller_server-8] [INFO] [1789890901.152625678] [controller_server]: Passing new path to controller.
[controller_server-8] [INFO] [1789890902.152581664] [controller_server]: Passing new path to controller.
[controller_server-8] [INFO] [1789890903.252604372] [controller_server]: Passing new path to controller.
[controller_server-8] [INFO] [1789890904.252580126] [controller_server]: Passing new path to controller.
[controller_server-8] [INFO] [1789890905.252629870] [controller_server]: Passing new path to controller.
[controller_server-8] [INFO] [1789890906.352584364] [controller_server]: Passing new path to controller.
[controller_server-8] [INFO] [1789890907.352604178] [controller_server]: Passing new path to controller.
[controller_server-8] [INFO] [1789890908.352571219] [controller_server]: Passing new path to controller.
[controller_server-8] [INFO] [1789890909.352631656] [controller_server]: Passing new path to controller.
[controller_server-8] [INFO] [1789890910.452914596] [controller_server]: Passing new path to controller.
[controller_server-8] [INFO] [1789890911.452603989] [controller_server]: Passing new path to controller.
[controller_server-8] [INFO] [1789890912.452549474] [controller_server]: Passing new path to controller.
[controller_server-8] [INFO] [1789890913.452774434] [controller_server]: Passing new path to controller.
[controller_server-8] [INFO] [1789890914.553381673] [controller_server]: Passing new path to controller.
[controller_server-8] [INFO] [1789890915.552711016] [controller_server]: Passing new path to controller.
[controller_server-8] [INFO] [1789890916.552688999] [controller_server]: Passing new path to controller.
[controller_server-8] [INFO] [1789890917.552624061] [controller_server]: Passing new path to controller.
[controller_server-8] [INFO] [1789890918.652599767] [controller_server]: Passing new path to controller.
[controller_server-8] [INFO] [1789890919.653037889] [controller_server]: Passing new path to controller.
[controller_server-8] [INFO] [1789890920.652580799] [controller_server]: Passing new path to controller.
[controller_server-8] [INFO] [1789890921.752578053] [controller_server]: Passing new path to controller.
[controller_server-8] [INFO] [1789890922.752594003] [controller_server]: Passing new path to controller.
[controller_server-8] [INFO] [1789890923.752569100] [controller_server]: Passing new path to controller.
[controller_server-8] [INFO] [1789890924.752629931] [controller_server]: Passing new path to controller.
[controller_server-8] [INFO] [1789890925.852630956] [controller_server]: Passing new path to controller.
[controller_server-8] [INFO] [1789890926.852597611] [controller_server]: Passing new path to controller.
[controller_server-8] [INFO] [1789890927.254855982] [controller_server]: Reached the goal!
[controller_server-8] [INFO] [1789890927.255804935] [controller_server]: Optimizer reset
[bt_navigator-13] [INFO] [1789890927.282971487] [bt_navigator]: Goal succeeded
[factory_node-20] [INFO] [1789890962.147503656] [factory]: pickup B: took 3 units (1.80 kg), 0 left
[mission_executor-22] [INFO] [1789890963.365335757] [mission_executor]: [1] PICKUP:B done: took 3 units (1.80 kg), 0 left | measured 15.0 m, 63 s, 0.18 Wh, battery 49.9 -> 49.1 %
[python-19] INFO:     127.0.0.1:38558 - "POST /decide HTTP/1.1" 200 OK
[mission_executor-22] [INFO] [1789890963.425697706] [mission_executor]: decision: PICKUP:A - PPO policy (probability 0.75)
[mission_executor-22] [INFO] [1789890963.426933469] [mission_executor]: [2] PICKUP:A from B: predicted 18.3 m, 77 s, 0.26 Wh
[bt_navigator-13] [INFO] [1789890963.457514434] [bt_navigator]: Begin navigating from current location (6.04, 2.91) to (-5.97, 3.08)
[controller_server-8] [INFO] [1789890963.540331595] [controller_server]: Received a goal, begin computing control effort.
[controller_server-8] [INFO] [1789890964.640735126] [controller_server]: Passing new path to controller.
[controller_server-8] [INFO] [1789890965.640729020] [controller_server]: Passing new path to controller.
[controller_server-8] [INFO] [1789890966.740715003] [controller_server]: Passing new path to controller.
[controller_server-8] [INFO] [1789890967.840765955] [controller_server]: Passing new path to controller.
[controller_server-8] [INFO] [1789890968.840724128] [controller_server]: Passing new path to controller.
[controller_server-8] [INFO] [1789890969.943421239] [controller_server]: Passing new path to controller.
[controller_server-8] [INFO] [1789890970.940875473] [controller_server]: Passing new path to controller.
[controller_server-8] [INFO] [1789890972.040919820] [controller_server]: Passing new path to controller.
[controller_server-8] [INFO] [1789890973.044665798] [controller_server]: Passing new path to controller.
[controller_server-8] [INFO] [1789890974.140718503] [controller_server]: Passing new path to controller.
[controller_server-8] [INFO] [1789890975.140744997] [controller_server]: Passing new path to controller.
[controller_server-8] [INFO] [1789890976.140702607] [controller_server]: Passing new path to controller.
[controller_server-8] [INFO] [1789890977.240676218] [controller_server]: Passing new path to controller.
[controller_server-8] [INFO] [1789890978.240838936] [controller_server]: Passing new path to controller.
[controller_server-8] [INFO] [1789890979.240775562] [controller_server]: Passing new path to controller.
[controller_server-8] [INFO] [1789890980.240786277] [controller_server]: Passing new path to controller.
[controller_server-8] [INFO] [1789890981.340755626] [controller_server]: Passing new path to controller.
[controller_server-8] [INFO] [1789890982.340740166] [controller_server]: Passing new path to controller.
[controller_server-8] [INFO] [1789890983.340750896] [controller_server]: Passing new path to controller.
[controller_server-8] [INFO] [1789890984.340733291] [controller_server]: Passing new path to controller.
[controller_server-8] [INFO] [1789890985.440732184] [controller_server]: Passing new path to controller.
[controller_server-8] [INFO] [1789890986.440739165] [controller_server]: Passing new path to controller.
[controller_server-8] [INFO] [1789890987.440741528] [controller_server]: Passing new path to controller.
[controller_server-8] [INFO] [1789890988.440745132] [controller_server]: Passing new path to controller.
[controller_server-8] [INFO] [1789890989.540708242] [controller_server]: Passing new path to controller.
[controller_server-8] [INFO] [1789890990.540714923] [controller_server]: Passing new path to controller.
[controller_server-8] [INFO] [1789890991.540700699] [controller_server]: Passing new path to controller.
[controller_server-8] [INFO] [1789890992.540722959] [controller_server]: Passing new path to controller.
[controller_server-8] [INFO] [1789890993.540701283] [controller_server]: Passing new path to controller.
[controller_server-8] [INFO] [1789890994.640729066] [controller_server]: Passing new path to controller.
[controller_server-8] [INFO] [1789890995.640784905] [controller_server]: Passing new path to controller.
[controller_server-8] [INFO] [1789890996.640683597] [controller_server]: Passing new path to controller.
[controller_server-8] [INFO] [1789890997.740703050] [controller_server]: Passing new path to controller.
[controller_server-8] [INFO] [1789890998.740680656] [controller_server]: Passing new path to controller.
[controller_server-8] [INFO] [1789890999.740698442] [controller_server]: Passing new path to controller.
[planner_server-10] [WARN] [1789891000.707041054] [planner_server]: GridBased plugin failed to plan from (-5.48, 1.12) to (-5.97, 3.08): "Either of the start or goal pose are an obstacle! "
[planner_server-10] [WARN] [1789891000.707184374] [planner_server]: [compute_path_to_pose] [ActionServer] Aborting handle.
[planner_server-10] [INFO] [1789891000.727026024] [global_costmap.global_costmap]: Received request to clear entirely the global_costmap
[planner_server-10] [WARN] [1789891001.458329803] [planner_server]: GridBased plugin failed to plan from (-5.56, 1.48) to (-5.97, 3.08): "Either of the start or goal pose are an obstacle! "
[planner_server-10] [WARN] [1789891001.458465040] [planner_server]: [compute_path_to_pose] [ActionServer] Aborting handle.
[bt_navigator-13] [ERROR] [1789891001.496878771] [bt_navigator_navigate_to_pose_rclcpp_node]: Failed to get result for follow_path in node halt!
[controller_server-8] [INFO] [1789891001.497560229] [local_costmap.local_costmap]: Received request to clear entirely the local_costmap
[planner_server-10] [INFO] [1789891001.498102074] [global_costmap.global_costmap]: Received request to clear entirely the global_costmap
[controller_server-8] [INFO] [1789891001.540694247] [controller_server]: Cancellation was successful. Stopping the robot.
[controller_server-8] [INFO] [1789891001.540863095] [controller_server]: [follow_path] [ActionServer] Client requested to cancel the goal. Cancelling.
[controller_server-8] [INFO] [1789891001.541438054] [controller_server]: Optimizer reset
[planner_server-10] [WARN] [1789891002.459367545] [planner_server]: GridBased plugin failed to plan from (-5.57, 1.58) to (-5.97, 3.08): "Either of the start or goal pose are an obstacle! "
[planner_server-10] [WARN] [1789891002.459461599] [planner_server]: [compute_path_to_pose] [ActionServer] Aborting handle.
[planner_server-10] [INFO] [1789891002.471086106] [global_costmap.global_costmap]: Received request to clear entirely the global_costmap
[planner_server-10] [WARN] [1789891003.462279177] [planner_server]: Planner loop missed its desired rate of 20.0000 Hz. Current loop rate is 1.0081 Hz
[controller_server-8] [INFO] [1789891003.480998434] [controller_server]: Received a goal, begin computing control effort.
[controller_server-8] [INFO] [1789891004.581178452] [controller_server]: Passing new path to controller.
[controller_server-8] [INFO] [1789891005.581244430] [controller_server]: Passing new path to controller.
[controller_server-8] [INFO] [1789891006.581232977] [controller_server]: Passing new path to controller.
[controller_server-8] [INFO] [1789891006.983385091] [controller_server]: Reached the goal!
[controller_server-8] [INFO] [1789891006.983663440] [controller_server]: Optimizer reset
[bt_navigator-13] [INFO] [1789891007.010497714] [bt_navigator]: Goal succeeded
[factory_node-20] [INFO] [1789891037.569724673] [factory]: pickup A: took 2 units (1.60 kg), 0 left
[mission_executor-22] [INFO] [1789891038.774440085] [mission_executor]: [2] PICKUP:A done: took 2 units (1.60 kg), 0 left | measured 17.7 m, 73 s, 0.25 Wh, battery 49.1 -> 48.0 %
[python-19] INFO:     127.0.0.1:58500 - "POST /decide HTTP/1.1" 200 OK
[mission_executor-22] [INFO] [1789891038.783453825] [mission_executor]: decision: PICKUP:B - PPO policy (probability 0.95)
[mission_executor-22] [INFO] [1789891038.786091076] [mission_executor]: [3] PICKUP:B from A: predicted 18.3 m, 77 s, 0.29 Wh
[bt_navigator-13] [INFO] [1789891038.787569598] [bt_navigator]: Begin navigating from current location (-5.79, 2.96) to (6.03, 3.08)
[controller_server-8] [INFO] [1789891038.808829295] [controller_server]: Received a goal, begin computing control effort.
[controller_server-8] [INFO] [1789891039.909035948] [controller_server]: Passing new path to controller.
[controller_server-8] [INFO] [1789891040.909052900] [controller_server]: Passing new path to controller.
[controller_server-8] [INFO] [1789891042.009037437] [controller_server]: Passing new path to controller.
[controller_server-8] [INFO] [1789891043.009071920] [controller_server]: Passing new path to controller.
[controller_server-8] [INFO] [1789891044.009053239] [controller_server]: Passing new path to controller.
[controller_server-8] [INFO] [1789891045.115927958] [controller_server]: Passing new path to controller.
[controller_server-8] [INFO] [1789891046.109070230] [controller_server]: Passing new path to controller.
[controller_server-8] [INFO] [1789891047.209068678] [controller_server]: Passing new path to controller.
[controller_server-8] [INFO] [1789891048.209042092] [controller_server]: Passing new path to controller.
[controller_server-8] [INFO] [1789891049.209064412] [controller_server]: Passing new path to controller.
[controller_server-8] [INFO] [1789891050.309043396] [controller_server]: Passing new path to controller.
[controller_server-8] [INFO] [1789891051.309062937] [controller_server]: Passing new path to controller.
[controller_server-8] [INFO] [1789891052.309050393] [controller_server]: Passing new path to controller.
[controller_server-8] [INFO] [1789891053.309074336] [controller_server]: Passing new path to controller.
[controller_server-8] [INFO] [1789891054.409087743] [controller_server]: Passing new path to controller.
[controller_server-8] [INFO] [1789891055.409028158] [controller_server]: Passing new path to controller.
[controller_server-8] [INFO] [1789891056.409079506] [controller_server]: Passing new path to controller.
[controller_server-8] [INFO] [1789891057.509033254] [controller_server]: Passing new path to controller.
[controller_server-8] [INFO] [1789891058.509027012] [controller_server]: Passing new path to controller.
[controller_server-8] [INFO] [1789891059.509028466] [controller_server]: Passing new path to controller.
[controller_server-8] [INFO] [1789891060.509053563] [controller_server]: Passing new path to controller.
[controller_server-8] [INFO] [1789891061.609028847] [controller_server]: Passing new path to controller.
[controller_server-8] [INFO] [1789891062.609067383] [controller_server]: Passing new path to controller.
[controller_server-8] [INFO] [1789891063.609075889] [controller_server]: Passing new path to controller.
[controller_server-8] [INFO] [1789891064.609034603] [controller_server]: Passing new path to controller.
[controller_server-8] [INFO] [1789891065.709002539] [controller_server]: Passing new path to controller.
[controller_server-8] [INFO] [1789891066.709030574] [controller_server]: Passing new path to controller.
[controller_server-8] [INFO] [1789891067.709023910] [controller_server]: Passing new path to controller.
[controller_server-8] [INFO] [1789891068.709075195] [controller_server]: Passing new path to controller.
[controller_server-8] [INFO] [1789891069.809027710] [controller_server]: Passing new path to controller.
[controller_server-8] [INFO] [1789891070.809083198] [controller_server]: Passing new path to controller.
[controller_server-8] [INFO] [1789891071.809043627] [controller_server]: Passing new path to controller.
[controller_server-8] [INFO] [1789891072.809045840] [controller_server]: Passing new path to controller.
[controller_server-8] [INFO] [1789891073.909039644] [controller_server]: Passing new path to controller.
[controller_server-8] [INFO] [1789891074.909066386] [controller_server]: Passing new path to controller.
[controller_server-8] [INFO] [1789891075.909040303] [controller_server]: Passing new path to controller.
[controller_server-8] [INFO] [1789891077.009031329] [controller_server]: Passing new path to controller.
[controller_server-8] [INFO] [1789891078.009099129] [controller_server]: Passing new path to controller.
[controller_server-8] [INFO] [1789891079.009035246] [controller_server]: Passing new path to controller.
[controller_server-8] [INFO] [1789891080.009049558] [controller_server]: Passing new path to controller.
[planner_server-10] [WARN] [1789891080.978754066] [planner_server]: GridBased plugin failed to plan from (1.13, -2.63) to (6.03, 3.08): "Either of the start or goal pose are an obstacle! "
[planner_server-10] [WARN] [1789891080.978855462] [planner_server]: [compute_path_to_pose] [ActionServer] Aborting handle.
[planner_server-10] [INFO] [1789891080.998790598] [global_costmap.global_costmap]: Received request to clear entirely the global_costmap
[planner_server-10] [WARN] [1789891081.462217194] [planner_server]: Planner loop missed its desired rate of 20.0000 Hz. Current loop rate is 2.1739 Hz
[controller_server-8] [INFO] [1789891081.509036128] [controller_server]: Passing new path to controller.
[controller_server-8] [INFO] [1789891082.509061679] [controller_server]: Passing new path to controller.
[controller_server-8] [INFO] [1789891083.609045190] [controller_server]: Passing new path to controller.
[controller_server-8] [INFO] [1789891084.609061853] [controller_server]: Passing new path to controller.
[controller_server-8] [INFO] [1789891085.609050754] [controller_server]: Passing new path to controller.
[controller_server-8] [INFO] [1789891086.609074247] [controller_server]: Passing new path to controller.
[controller_server-8] [INFO] [1789891087.709054929] [controller_server]: Passing new path to controller.
[controller_server-8] [INFO] [1789891088.709055129] [controller_server]: Passing new path to controller.
[controller_server-8] [INFO] [1789891089.709032786] [controller_server]: Passing new path to controller.
[controller_server-8] [INFO] [1789891090.709420017] [controller_server]: Passing new path to controller.
[controller_server-8] [INFO] [1789891091.809073746] [controller_server]: Passing new path to controller.
[controller_server-8] [INFO] [1789891092.809047956] [controller_server]: Passing new path to controller.
[controller_server-8] [INFO] [1789891093.809037562] [controller_server]: Passing new path to controller.
[controller_server-8] [INFO] [1789891094.808997332] [controller_server]: Passing new path to controller.
[controller_server-8] [INFO] [1789891095.909072947] [controller_server]: Passing new path to controller.
[controller_server-8] [INFO] [1789891096.909058065] [controller_server]: Passing new path to controller.
[controller_server-8] [INFO] [1789891097.909051435] [controller_server]: Passing new path to controller.
[controller_server-8] [INFO] [1789891098.909012357] [controller_server]: Passing new path to controller.
[controller_server-8] [INFO] [1789891099.612033349] [controller_server]: Reached the goal!
[controller_server-8] [INFO] [1789891099.612485884] [controller_server]: Optimizer reset
[bt_navigator-13] [INFO] [1789891099.638907047] [bt_navigator]: Goal succeeded
[factory_node-20] [INFO] [1789891130.245970646] [factory]: pickup B: took 2 units (1.20 kg), 0 left
[mission_executor-22] [INFO] [1789891131.448711316] [mission_executor]: [3] PICKUP:B done: took 2 units (1.20 kg), 0 left | measured 21.0 m, 92 s, 0.34 Wh, battery 48.0 -> 46.4 %
[python-19] INFO:     127.0.0.1:54792 - "POST /decide HTTP/1.1" 200 OK
[mission_executor-22] [INFO] [1789891131.464131261] [mission_executor]: decision: DELIVER - PPO policy (probability 0.99)
[mission_executor-22] [INFO] [1789891131.466615463] [mission_executor]: [4] DELIVER from B: predicted 10.3 m, 56 s, 0.20 Wh
[bt_navigator-13] [INFO] [1789891131.468712471] [bt_navigator]: Begin navigating from current location (6.02, 2.88) to (-0.23, -3.98)
[controller_server-8] [INFO] [1789891131.490442725] [controller_server]: Received a goal, begin computing control effort.
[controller_server-8] [INFO] [1789891132.590727150] [controller_server]: Passing new path to controller.
[controller_server-8] [INFO] [1789891133.590853631] [controller_server]: Passing new path to controller.
[controller_server-8] [INFO] [1789891134.594757225] [controller_server]: Passing new path to controller.
[controller_server-8] [INFO] [1789891135.590713643] [controller_server]: Passing new path to controller.
[controller_server-8] [INFO] [1789891136.690736238] [controller_server]: Passing new path to controller.
[controller_server-8] [INFO] [1789891137.713740897] [controller_server]: Passing new path to controller.
[controller_server-8] [INFO] [1789891138.690710991] [controller_server]: Passing new path to controller.
[controller_server-8] [INFO] [1789891139.790761635] [controller_server]: Passing new path to controller.
[controller_server-8] [INFO] [1789891140.790856132] [controller_server]: Passing new path to controller.
[controller_server-8] [INFO] [1789891141.790758492] [controller_server]: Passing new path to controller.
[controller_server-8] [INFO] [1789891142.891380828] [controller_server]: Passing new path to controller.
[controller_server-8] [INFO] [1789891143.890730088] [controller_server]: Passing new path to controller.
[controller_server-8] [INFO] [1789891144.890741913] [controller_server]: Passing new path to controller.
[controller_server-8] [INFO] [1789891145.891652958] [controller_server]: Passing new path to controller.
[controller_server-8] [INFO] [1789891146.990750238] [controller_server]: Passing new path to controller.
[controller_server-8] [INFO] [1789891147.990750475] [controller_server]: Passing new path to controller.
[controller_server-8] [INFO] [1789891148.990720653] [controller_server]: Passing new path to controller.
[controller_server-8] [INFO] [1789891149.991082215] [controller_server]: Passing new path to controller.
[controller_server-8] [INFO] [1789891151.090729444] [controller_server]: Passing new path to controller.
[controller_server-8] [INFO] [1789891152.090881472] [controller_server]: Passing new path to controller.
[controller_server-8] [INFO] [1789891153.090703107] [controller_server]: Passing new path to controller.
[controller_server-8] [INFO] [1789891154.090721501] [controller_server]: Passing new path to controller.
[controller_server-8] [INFO] [1789891155.092514181] [controller_server]: Passing new path to controller.
[controller_server-8] [INFO] [1789891156.190739611] [controller_server]: Passing new path to controller.
[controller_server-8] [INFO] [1789891157.190712024] [controller_server]: Passing new path to controller.
[controller_server-8] [INFO] [1789891157.192700291] [controller_server]: Reached the goal!
[controller_server-8] [INFO] [1789891157.193035120] [controller_server]: Optimizer reset
[bt_navigator-13] [INFO] [1789891157.224888509] [bt_navigator]: Goal succeeded
[mission_executor-22] [INFO] [1789891188.966566005] [mission_executor]: [4] DELIVER done: delivered 7 units | measured 10.0 m, 56 s, 0.20 Wh, battery 46.4 -> 45.5 %
[python-19] INFO:     127.0.0.1:43850 - "POST /decide HTTP/1.1" 200 OK
[mission_executor-22] [INFO] [1789891188.971021678] [mission_executor]: decision: PICKUP:B - PPO policy (probability 0.77)
[mission_executor-22] [INFO] [1789891188.971600536] [mission_executor]: [5] PICKUP:B from delivery: predicted 10.3 m, 56 s, 0.15 Wh
[bt_navigator-13] [INFO] [1789891188.972474101] [bt_navigator]: Begin navigating from current location (-0.17, -3.85) to (6.03, 3.08)
[controller_server-8] [INFO] [1789891188.993392964] [controller_server]: Received a goal, begin computing control effort.
[controller_server-8] [INFO] [1789891190.093621713] [controller_server]: Passing new path to controller.
[controller_server-8] [INFO] [1789891191.093593640] [controller_server]: Passing new path to controller.
[controller_server-8] [INFO] [1789891192.093579000] [controller_server]: Passing new path to controller.
[controller_server-8] [INFO] [1789891193.193586964] [controller_server]: Passing new path to controller.
[controller_server-8] [INFO] [1789891194.193583600] [controller_server]: Passing new path to controller.
[controller_server-8] [INFO] [1789891195.193578292] [controller_server]: Passing new path to controller.
[controller_server-8] [INFO] [1789891196.193601833] [controller_server]: Passing new path to controller.
[controller_server-8] [INFO] [1789891197.293576557] [controller_server]: Passing new path to controller.
[controller_server-8] [INFO] [1789891198.293583968] [controller_server]: Passing new path to controller.
[controller_server-8] [INFO] [1789891199.293582113] [controller_server]: Passing new path to controller.
[controller_server-8] [INFO] [1789891200.293578912] [controller_server]: Passing new path to controller.
[controller_server-8] [INFO] [1789891201.393575521] [controller_server]: Passing new path to controller.
[controller_server-8] [INFO] [1789891202.393626870] [controller_server]: Passing new path to controller.
[controller_server-8] [INFO] [1789891203.393627964] [controller_server]: Passing new path to controller.
[controller_server-8] [INFO] [1789891204.493612325] [controller_server]: Passing new path to controller.
[controller_server-8] [INFO] [1789891205.493587477] [controller_server]: Passing new path to controller.
[controller_server-8] [INFO] [1789891206.493626360] [controller_server]: Passing new path to controller.
[controller_server-8] [INFO] [1789891207.493599150] [controller_server]: Passing new path to controller.
[controller_server-8] [INFO] [1789891208.593628941] [controller_server]: Passing new path to controller.
[controller_server-8] [INFO] [1789891209.593611505] [controller_server]: Passing new path to controller.
[controller_server-8] [INFO] [1789891210.593603257] [controller_server]: Passing new path to controller.
[controller_server-8] [INFO] [1789891210.694880692] [controller_server]: Reached the goal!
[controller_server-8] [INFO] [1789891210.695072536] [controller_server]: Optimizer reset
[bt_navigator-13] [INFO] [1789891210.723109118] [bt_navigator]: Goal succeeded
[factory_node-20] [INFO] [1789891241.277558753] [factory]: pickup B: took 2 units (1.20 kg), 0 left
[mission_executor-22] [INFO] [1789891242.481981753] [mission_executor]: [5] PICKUP:B done: took 2 units (1.20 kg), 0 left | measured 10.0 m, 53 s, 0.14 Wh, battery 45.5 -> 44.9 %
[python-19] INFO:     127.0.0.1:49754 - "POST /decide HTTP/1.1" 200 OK
[mission_executor-22] [INFO] [1789891242.487755248] [mission_executor]: decision: PICKUP:A - PPO policy (probability 0.66)
[mission_executor-22] [INFO] [1789891242.490358452] [mission_executor]: [6] PICKUP:A from B: predicted 18.3 m, 77 s, 0.25 Wh
[bt_navigator-13] [INFO] [1789891242.491533576] [bt_navigator]: Begin navigating from current location (5.93, 2.87) to (-5.97, 3.08)
[controller_server-8] [INFO] [1789891242.522590510] [controller_server]: Received a goal, begin computing control effort.
[controller_server-8] [INFO] [1789891243.623022965] [controller_server]: Passing new path to controller.
[controller_server-8] [INFO] [1789891244.623019442] [controller_server]: Passing new path to controller.
[controller_server-8] [INFO] [1789891245.723010310] [controller_server]: Passing new path to controller.
[controller_server-8] [INFO] [1789891246.723008254] [controller_server]: Passing new path to controller.
[controller_server-8] [INFO] [1789891247.723025111] [controller_server]: Passing new path to controller.
[controller_server-8] [INFO] [1789891248.723038896] [controller_server]: Passing new path to controller.
[controller_server-8] [INFO] [1789891249.823007632] [controller_server]: Passing new path to controller.
[controller_server-8] [INFO] [1789891250.823004324] [controller_server]: Passing new path to controller.
[controller_server-8] [INFO] [1789891251.823001413] [controller_server]: Passing new path to controller.
[controller_server-8] [INFO] [1789891252.823023195] [controller_server]: Passing new path to controller.
[controller_server-8] [INFO] [1789891253.923011246] [controller_server]: Passing new path to controller.
[controller_server-8] [INFO] [1789891254.923138373] [controller_server]: Passing new path to controller.
[controller_server-8] [INFO] [1789891255.922993781] [controller_server]: Passing new path to controller.
[controller_server-8] [INFO] [1789891257.023002123] [controller_server]: Passing new path to controller.
[controller_server-8] [INFO] [1789891258.023019415] [controller_server]: Passing new path to controller.
[controller_server-8] [INFO] [1789891259.022997307] [controller_server]: Passing new path to controller.
[controller_server-8] [INFO] [1789891260.023040371] [controller_server]: Passing new path to controller.
[controller_server-8] [INFO] [1789891261.123028933] [controller_server]: Passing new path to controller.
[controller_server-8] [INFO] [1789891262.123076162] [controller_server]: Passing new path to controller.
[controller_server-8] [INFO] [1789891263.123052368] [controller_server]: Passing new path to controller.
[controller_server-8] [INFO] [1789891264.223006113] [controller_server]: Passing new path to controller.
[controller_server-8] [INFO] [1789891265.223038824] [controller_server]: Passing new path to controller.
[controller_server-8] [INFO] [1789891266.223009829] [controller_server]: Passing new path to controller.
[controller_server-8] [INFO] [1789891267.223041878] [controller_server]: Passing new path to controller.
[controller_server-8] [INFO] [1789891268.323088116] [controller_server]: Passing new path to controller.
[controller_server-8] [INFO] [1789891269.323057955] [controller_server]: Passing new path to controller.
[controller_server-8] [INFO] [1789891270.323067791] [controller_server]: Passing new path to controller.
[controller_server-8] [INFO] [1789891271.323150758] [controller_server]: Passing new path to controller.
[controller_server-8] [INFO] [1789891272.423033918] [controller_server]: Passing new path to controller.
[controller_server-8] [INFO] [1789891273.423019777] [controller_server]: Passing new path to controller.
[controller_server-8] [INFO] [1789891274.423070926] [controller_server]: Passing new path to controller.
[controller_server-8] [INFO] [1789891275.423009416] [controller_server]: Passing new path to controller.
[controller_server-8] [INFO] [1789891276.423713055] [controller_server]: Passing new path to controller.
[controller_server-8] [INFO] [1789891277.523145637] [controller_server]: Passing new path to controller.
[planner_server-10] [WARN] [1789891278.442843934] [planner_server]: GridBased plugin failed to plan from (-5.51, 1.40) to (-5.97, 3.08): "Either of the start or goal pose are an obstacle! "
[planner_server-10] [WARN] [1789891278.442927594] [planner_server]: [compute_path_to_pose] [ActionServer] Aborting handle.
[planner_server-10] [INFO] [1789891278.452476100] [global_costmap.global_costmap]: Received request to clear entirely the global_costmap
[planner_server-10] [WARN] [1789891279.463898298] [planner_server]: Planner loop missed its desired rate of 20.0000 Hz. Current loop rate is 0.9881 Hz
[controller_server-8] [INFO] [1789891279.523126116] [controller_server]: Passing new path to controller.
[controller_server-8] [INFO] [1789891280.523760479] [controller_server]: Passing new path to controller.
[controller_server-8] [INFO] [1789891281.623025418] [controller_server]: Passing new path to controller.
[controller_server-8] [INFO] [1789891281.725105712] [controller_server]: Reached the goal!
[controller_server-8] [INFO] [1789891281.725367408] [controller_server]: Optimizer reset
[bt_navigator-13] [INFO] [1789891281.752320124] [bt_navigator]: Goal succeeded
[factory_node-20] [INFO] [1789891312.303674821] [factory]: pickup A: took 3 units (2.40 kg), 0 left
[mission_executor-22] [INFO] [1789891313.505702199] [mission_executor]: [6] PICKUP:A done: took 3 units (2.40 kg), 0 left | measured 17.8 m, 71 s, 0.23 Wh, battery 44.9 -> 43.8 %
[python-19] INFO:     127.0.0.1:60078 - "POST /decide HTTP/1.1" 200 OK
[mission_executor-22] [INFO] [1789891313.512623103] [mission_executor]: decision: PICKUP:B - PPO policy (probability 0.83)
[mission_executor-22] [INFO] [1789891313.513389819] [mission_executor]: [7] PICKUP:B from A: predicted 18.3 m, 77 s, 0.30 Wh
[bt_navigator-13] [INFO] [1789891313.514506757] [bt_navigator]: Begin navigating from current location (-5.89, 2.89) to (6.03, 3.08)
[controller_server-8] [INFO] [1789891313.545845896] [controller_server]: Received a goal, begin computing control effort.
[controller_server-8] [INFO] [1789891314.646493560] [controller_server]: Passing new path to controller.
[controller_server-8] [INFO] [1789891315.646164505] [controller_server]: Passing new path to controller.
[controller_server-8] [INFO] [1789891316.746115625] [controller_server]: Passing new path to controller.
[controller_server-8] [INFO] [1789891317.746136949] [controller_server]: Passing new path to controller.
[controller_server-8] [INFO] [1789891318.746116336] [controller_server]: Passing new path to controller.
[controller_server-8] [INFO] [1789891319.846159492] [controller_server]: Passing new path to controller.
[controller_server-8] [INFO] [1789891320.846163065] [controller_server]: Passing new path to controller.
[controller_server-8] [INFO] [1789891321.846141158] [controller_server]: Passing new path to controller.
[controller_server-8] [INFO] [1789891322.946119986] [controller_server]: Passing new path to controller.
[controller_server-8] [INFO] [1789891323.946134648] [controller_server]: Passing new path to controller.
[controller_server-8] [INFO] [1789891324.946142380] [controller_server]: Passing new path to controller.
[controller_server-8] [INFO] [1789891326.046150436] [controller_server]: Passing new path to controller.
[controller_server-8] [INFO] [1789891327.046183546] [controller_server]: Passing new path to controller.
[controller_server-8] [INFO] [1789891328.146165582] [controller_server]: Passing new path to controller.
[controller_server-8] [INFO] [1789891329.146125289] [controller_server]: Passing new path to controller.
[controller_server-8] [INFO] [1789891330.246128232] [controller_server]: Passing new path to controller.
[controller_server-8] [INFO] [1789891331.246134227] [controller_server]: Passing new path to controller.
[controller_server-8] [INFO] [1789891332.246136702] [controller_server]: Passing new path to controller.
[controller_server-8] [INFO] [1789891333.346175774] [controller_server]: Passing new path to controller.
[controller_server-8] [INFO] [1789891334.346158697] [controller_server]: Passing new path to controller.
[controller_server-8] [INFO] [1789891335.452971327] [controller_server]: Passing new path to controller.
[controller_server-8] [INFO] [1789891336.446151508] [controller_server]: Passing new path to controller.
[controller_server-8] [INFO] [1789891337.446143546] [controller_server]: Passing new path to controller.
[controller_server-8] [INFO] [1789891338.446152932] [controller_server]: Passing new path to controller.
[controller_server-8] [INFO] [1789891339.548271563] [controller_server]: Passing new path to controller.
[controller_server-8] [INFO] [1789891340.546168368] [controller_server]: Passing new path to controller.
[controller_server-8] [INFO] [1789891341.546853310] [controller_server]: Passing new path to controller.
[controller_server-8] [INFO] [1789891342.646145404] [controller_server]: Passing new path to controller.
[controller_server-8] [INFO] [1789891343.646187157] [controller_server]: Passing new path to controller.
[controller_server-8] [INFO] [1789891344.646145168] [controller_server]: Passing new path to controller.
[controller_server-8] [INFO] [1789891345.746177453] [controller_server]: Passing new path to controller.
[controller_server-8] [INFO] [1789891346.746132305] [controller_server]: Passing new path to controller.
[controller_server-8] [INFO] [1789891347.746139992] [controller_server]: Passing new path to controller.
[controller_server-8] [INFO] [1789891348.746136522] [controller_server]: Passing new path to controller.
[controller_server-8] [INFO] [1789891349.846129911] [controller_server]: Passing new path to controller.
[controller_server-8] [INFO] [1789891350.846110168] [controller_server]: Passing new path to controller.
[controller_server-8] [INFO] [1789891351.848493395] [controller_server]: Passing new path to controller.
[controller_server-8] [INFO] [1789891352.956573911] [controller_server]: Passing new path to controller.
[controller_server-8] [INFO] [1789891353.946316208] [controller_server]: Passing new path to controller.
[controller_server-8] [INFO] [1789891354.947160090] [controller_server]: Passing new path to controller.
[controller_server-8] [INFO] [1789891355.946832319] [controller_server]: Passing new path to controller.
[controller_server-8] [INFO] [1789891357.046164129] [controller_server]: Passing new path to controller.
[controller_server-8] [INFO] [1789891358.046138096] [controller_server]: Passing new path to controller.
[controller_server-8] [INFO] [1789891359.047225384] [controller_server]: Passing new path to controller.
[controller_server-8] [INFO] [1789891360.046144630] [controller_server]: Passing new path to controller.
[controller_server-8] [INFO] [1789891361.146129958] [controller_server]: Passing new path to controller.
[controller_server-8] [INFO] [1789891362.146107801] [controller_server]: Passing new path to controller.
[controller_server-8] [INFO] [1789891362.347110287] [controller_server]: Reached the goal!
[controller_server-8] [INFO] [1789891362.347279681] [controller_server]: Optimizer reset
[bt_navigator-13] [INFO] [1789891362.374994844] [bt_navigator]: Goal succeeded
[factory_node-20] [INFO] [1789891393.070813938] [factory]: pickup B: took 2 units (1.20 kg), 1 left
[mission_executor-22] [INFO] [1789891394.273841840] [mission_executor]: [7] PICKUP:B done: took 2 units (1.20 kg), 1 left | measured 18.4 m, 76 s, 0.30 Wh, battery 43.8 -> 42.5 %
[python-19] INFO:     127.0.0.1:52990 - "POST /decide HTTP/1.1" 200 OK
[mission_executor-22] [INFO] [1789891394.281376333] [mission_executor]: decision: DELIVER - PPO policy (probability 1.00)
[mission_executor-22] [INFO] [1789891394.282957997] [mission_executor]: [8] DELIVER from B: predicted 10.3 m, 56 s, 0.20 Wh
[bt_navigator-13] [INFO] [1789891394.283866830] [bt_navigator]: Begin navigating from current location (5.97, 2.85) to (-0.23, -3.98)
[controller_server-8] [INFO] [1789891394.304777251] [controller_server]: Received a goal, begin computing control effort.
[controller_server-8] [INFO] [1789891395.405005067] [controller_server]: Passing new path to controller.
[controller_server-8] [INFO] [1789891396.405009981] [controller_server]: Passing new path to controller.
[controller_server-8] [INFO] [1789891397.404995624] [controller_server]: Passing new path to controller.
[controller_server-8] [INFO] [1789891398.504947577] [controller_server]: Passing new path to controller.
[controller_server-8] [INFO] [1789891399.504994178] [controller_server]: Passing new path to controller.
[controller_server-8] [INFO] [1789891400.504988147] [controller_server]: Passing new path to controller.
[controller_server-8] [INFO] [1789891401.504971461] [controller_server]: Passing new path to controller.
[controller_server-8] [INFO] [1789891402.605010605] [controller_server]: Passing new path to controller.
[controller_server-8] [INFO] [1789891403.604974659] [controller_server]: Passing new path to controller.
[controller_server-8] [INFO] [1789891404.604999433] [controller_server]: Passing new path to controller.
[controller_server-8] [INFO] [1789891405.605026879] [controller_server]: Passing new path to controller.
[controller_server-8] [INFO] [1789891406.704992546] [controller_server]: Passing new path to controller.
[controller_server-8] [INFO] [1789891407.704986119] [controller_server]: Passing new path to controller.
[controller_server-8] [INFO] [1789891408.704980514] [controller_server]: Passing new path to controller.
[controller_server-8] [INFO] [1789891409.704987072] [controller_server]: Passing new path to controller.
[controller_server-8] [INFO] [1789891410.804977394] [controller_server]: Passing new path to controller.
[controller_server-8] [INFO] [1789891411.805016928] [controller_server]: Passing new path to controller.
[controller_server-8] [INFO] [1789891412.804985265] [controller_server]: Passing new path to controller.
[controller_server-8] [INFO] [1789891413.904975160] [controller_server]: Passing new path to controller.
[controller_server-8] [INFO] [1789891414.904977250] [controller_server]: Passing new path to controller.
[controller_server-8] [INFO] [1789891415.904980119] [controller_server]: Passing new path to controller.
[controller_server-8] [INFO] [1789891416.904978007] [controller_server]: Passing new path to controller.
[controller_server-8] [INFO] [1789891417.904983332] [controller_server]: Passing new path to controller.
[controller_server-8] [INFO] [1789891418.706017862] [controller_server]: Reached the goal!
[controller_server-8] [INFO] [1789891418.706247906] [controller_server]: Optimizer reset
[bt_navigator-13] [INFO] [1789891418.734488468] [bt_navigator]: Goal succeeded
[mission_executor-22] [INFO] [1789891450.458594327] [mission_executor]: [8] DELIVER done: delivered 7 units | measured 10.1 m, 56 s, 0.20 Wh, battery 42.5 -> 41.6 %
[python-19] INFO:     127.0.0.1:45226 - "POST /decide HTTP/1.1" 200 OK
[mission_executor-22] [INFO] [1789891450.463488311] [mission_executor]: decision: PICKUP:C - PPO policy (probability 0.38)
[mission_executor-22] [INFO] [1789891450.464026431] [mission_executor]: [9] PICKUP:C from delivery: predicted 6.3 m, 46 s, 0.11 Wh
[bt_navigator-13] [INFO] [1789891450.465022844] [bt_navigator]: Begin navigating from current location (-0.16, -3.82) to (6.03, -3.42)
[controller_server-8] [INFO] [1789891450.486199324] [controller_server]: Received a goal, begin computing control effort.
[controller_server-8] [INFO] [1789891451.586406189] [controller_server]: Passing new path to controller.
[controller_server-8] [INFO] [1789891452.586421312] [controller_server]: Passing new path to controller.
[controller_server-8] [INFO] [1789891453.586404458] [controller_server]: Passing new path to controller.
[controller_server-8] [INFO] [1789891454.686394335] [controller_server]: Passing new path to controller.
[controller_server-8] [INFO] [1789891455.686421383] [controller_server]: Passing new path to controller.
[controller_server-8] [INFO] [1789891456.686557630] [controller_server]: Passing new path to controller.
[controller_server-8] [INFO] [1789891457.686449799] [controller_server]: Passing new path to controller.
[controller_server-8] [INFO] [1789891458.686384205] [controller_server]: Passing new path to controller.
[controller_server-8] [INFO] [1789891459.786436711] [controller_server]: Passing new path to controller.
[controller_server-8] [INFO] [1789891460.786466914] [controller_server]: Passing new path to controller.
[controller_server-8] [INFO] [1789891461.787791875] [controller_server]: Passing new path to controller.
[controller_server-8] [INFO] [1789891462.786422478] [controller_server]: Passing new path to controller.
[controller_server-8] [INFO] [1789891463.886502906] [controller_server]: Passing new path to controller.
[collision_monitor-16] [INFO] [1789891464.390066682] [collision_monitor]: Robot to approach for 1.200000 seconds away from collision
[controller_server-8] [INFO] [1789891464.886623412] [controller_server]: Passing new path to controller.
[collision_monitor-16] [INFO] [1789891465.029947558] [collision_monitor]: Robot to continue normal operation
[controller_server-8] [INFO] [1789891465.886452210] [controller_server]: Passing new path to controller.
[controller_server-8] [INFO] [1789891465.987906105] [controller_server]: Reached the goal!
[controller_server-8] [INFO] [1789891465.988982631] [controller_server]: Optimizer reset
[bt_navigator-13] [INFO] [1789891466.015686804] [bt_navigator]: Goal succeeded
[factory_node-20] [INFO] [1789891496.574959376] [factory]: pickup C: took 1 units (2.00 kg), 0 left
[mission_executor-22] [INFO] [1789891497.778206957] [mission_executor]: [9] PICKUP:C done: took 1 units (2.00 kg), 0 left | measured 6.2 m, 47 s, 0.11 Wh, battery 41.6 -> 41.1 %
[python-19] INFO:     127.0.0.1:41456 - "POST /decide HTTP/1.1" 200 OK
[mission_executor-22] [INFO] [1789891497.786163504] [mission_executor]: decision: PICKUP:B - PPO policy (probability 0.81)
[mission_executor-22] [INFO] [1789891497.786751452] [mission_executor]: [10] PICKUP:B from C: predicted 9.2 m, 54 s, 0.16 Wh
[bt_navigator-13] [INFO] [1789891497.787867784] [bt_navigator]: Begin navigating from current location (5.99, -3.27) to (6.03, 3.08)
[controller_server-8] [INFO] [1789891497.809308038] [controller_server]: Received a goal, begin computing control effort.
[controller_server-8] [INFO] [1789891498.909504343] [controller_server]: Passing new path to controller.
[controller_server-8] [INFO] [1789891499.909515377] [controller_server]: Passing new path to controller.
[controller_server-8] [INFO] [1789891500.909528037] [controller_server]: Passing new path to controller.
[controller_server-8] [INFO] [1789891502.009547310] [controller_server]: Passing new path to controller.
[controller_server-8] [INFO] [1789891503.009570617] [controller_server]: Passing new path to controller.
[controller_server-8] [INFO] [1789891504.009537150] [controller_server]: Passing new path to controller.
[controller_server-8] [INFO] [1789891505.009531011] [controller_server]: Passing new path to controller.
[controller_server-8] [INFO] [1789891506.109539394] [controller_server]: Passing new path to controller.
[controller_server-8] [INFO] [1789891507.109548721] [controller_server]: Passing new path to controller.
[controller_server-8] [INFO] [1789891508.109545875] [controller_server]: Passing new path to controller.
[controller_server-8] [INFO] [1789891509.109545178] [controller_server]: Passing new path to controller.
[controller_server-8] [INFO] [1789891510.209509161] [controller_server]: Passing new path to controller.
[controller_server-8] [INFO] [1789891511.209558410] [controller_server]: Passing new path to controller.
[controller_server-8] [INFO] [1789891512.210122344] [controller_server]: Passing new path to controller.
[controller_server-8] [INFO] [1789891513.209685144] [controller_server]: Passing new path to controller.
[controller_server-8] [INFO] [1789891514.309511015] [controller_server]: Passing new path to controller.
[controller_server-8] [INFO] [1789891515.309522872] [controller_server]: Passing new path to controller.
[controller_server-8] [INFO] [1789891516.309564351] [controller_server]: Passing new path to controller.
[controller_server-8] [INFO] [1789891517.309543044] [controller_server]: Passing new path to controller.
[controller_server-8] [INFO] [1789891518.309521257] [controller_server]: Passing new path to controller.
[controller_server-8] [INFO] [1789891518.814696393] [controller_server]: Reached the goal!
[controller_server-8] [INFO] [1789891518.815210305] [controller_server]: Optimizer reset
[bt_navigator-13] [INFO] [1789891518.841528377] [bt_navigator]: Goal succeeded
[factory_node-20] [INFO] [1789891550.065316794] [factory]: pickup B: took 3 units (1.80 kg), 0 left
[mission_executor-22] [INFO] [1789891551.275146474] [mission_executor]: [10] PICKUP:B done: took 3 units (1.80 kg), 0 left | measured 9.2 m, 52 s, 0.16 Wh, battery 41.1 -> 40.3 %
[python-19] INFO:     127.0.0.1:60396 - "POST /decide HTTP/1.1" 200 OK
[mission_executor-22] [INFO] [1789891551.295229757] [mission_executor]: decision: DELIVER - PPO policy (probability 0.66)
[mission_executor-22] [INFO] [1789891551.297041558] [mission_executor]: [11] DELIVER from B: predicted 10.3 m, 56 s, 0.19 Wh
[bt_navigator-13] [INFO] [1789891551.305179313] [bt_navigator]: Begin navigating from current location (5.96, 2.90) to (-0.23, -3.98)
[bt_navigator-13] [WARN] [1789891551.319672924] [bt_navigator_navigate_to_pose_rclcpp_node]: Timed out while waiting for action server to acknowledge goal request for compute_path_to_pose
[bt_navigator-13] [WARN] [1789891551.328774046] [bt_navigator]: [navigate_to_pose] [ActionServer] Aborting handle.
[bt_navigator-13] [ERROR] [1789891551.329549567] [bt_navigator]: Goal failed
[mission_executor-22] [WARN] [1789891551.342177537] [mission_executor]: drive to delivery failed (Nav2 aborted), attempt 1
[planner_server-10] [INFO] [1789891551.349650730] [global_costmap.global_costmap]: Received request to clear entirely the global_costmap
[controller_server-8] [INFO] [1789891551.352074345] [local_costmap.local_costmap]: Received request to clear entirely the local_costmap
[bt_navigator-13] [INFO] [1789891551.363869079] [bt_navigator]: Begin navigating from current location (5.96, 2.90) to (-0.23, -3.98)
[planner_server-10] [WARN] [1789891551.477402595] [planner_server]: Planner loop missed its desired rate of 20.0000 Hz. Current loop rate is 12.5000 Hz
[controller_server-8] [INFO] [1789891551.503432863] [controller_server]: Received a goal, begin computing control effort.
[controller_server-8] [INFO] [1789891552.604695115] [controller_server]: Passing new path to controller.
[controller_server-8] [INFO] [1789891553.604679158] [controller_server]: Passing new path to controller.
[controller_server-8] [INFO] [1789891554.605036614] [controller_server]: Passing new path to controller.
[controller_server-8] [INFO] [1789891555.704673503] [controller_server]: Passing new path to controller.
[controller_server-8] [INFO] [1789891556.704686445] [controller_server]: Passing new path to controller.
[controller_server-8] [INFO] [1789891557.704686619] [controller_server]: Passing new path to controller.
[controller_server-8] [INFO] [1789891558.704960839] [controller_server]: Passing new path to controller.
[controller_server-8] [INFO] [1789891559.804844222] [controller_server]: Passing new path to controller.
[controller_server-8] [INFO] [1789891560.804743248] [controller_server]: Passing new path to controller.
[controller_server-8] [INFO] [1789891561.804732644] [controller_server]: Passing new path to controller.
[controller_server-8] [INFO] [1789891562.904709570] [controller_server]: Passing new path to controller.
[controller_server-8] [INFO] [1789891563.904716143] [controller_server]: Passing new path to controller.
[controller_server-8] [INFO] [1789891564.904697896] [controller_server]: Passing new path to controller.
[controller_server-8] [INFO] [1789891566.004700976] [controller_server]: Passing new path to controller.
[controller_server-8] [INFO] [1789891567.004706244] [controller_server]: Passing new path to controller.
[controller_server-8] [INFO] [1789891568.004690456] [controller_server]: Passing new path to controller.
[controller_server-8] [INFO] [1789891569.004681175] [controller_server]: Passing new path to controller.
[controller_server-8] [INFO] [1789891570.104668549] [controller_server]: Passing new path to controller.
[controller_server-8] [INFO] [1789891571.104678186] [controller_server]: Passing new path to controller.
[controller_server-8] [INFO] [1789891572.114501792] [controller_server]: Passing new path to controller.
[controller_server-8] [INFO] [1789891573.104664111] [controller_server]: Passing new path to controller.
[controller_server-8] [INFO] [1789891574.204733140] [controller_server]: Passing new path to controller.
[controller_server-8] [INFO] [1789891575.204667194] [controller_server]: Passing new path to controller.
[controller_server-8] [INFO] [1789891576.204644177] [controller_server]: Passing new path to controller.
[controller_server-8] [INFO] [1789891577.204618194] [controller_server]: Passing new path to controller.
[controller_server-8] [INFO] [1789891578.304642001] [controller_server]: Passing new path to controller.
[controller_server-8] [INFO] [1789891578.605874190] [controller_server]: Reached the goal!
[controller_server-8] [INFO] [1789891578.606066404] [controller_server]: Optimizer reset
[bt_navigator-13] [INFO] [1789891578.628279883] [bt_navigator]: Goal succeeded
[mission_executor-22] [INFO] [1789891579.130615144] [mission_executor]: reached delivery after recovery: ['attempt 1: Nav2 aborted', 'recovery: clear costmaps']
[mission_executor-22] [INFO] [1789891610.358909757] [mission_executor]: [11] DELIVER done: delivered 4 units | measured 10.1 m, 56 s, 0.19 Wh, battery 40.3 -> 39.5 %
[python-19] INFO:     127.0.0.1:32946 - "POST /decide HTTP/1.1" 200 OK
[mission_executor-22] [INFO] [1789891610.365710586] [mission_executor]: decision: PICKUP:A - PPO policy (probability 0.69)
[mission_executor-22] [INFO] [1789891610.366247604] [mission_executor]: [12] PICKUP:A from delivery: predicted 10.0 m, 56 s, 0.14 Wh
[bt_navigator-13] [INFO] [1789891610.367589750] [bt_navigator]: Begin navigating from current location (-0.16, -3.84) to (-5.97, 3.08)
[controller_server-8] [INFO] [1789891610.388644117] [controller_server]: Received a goal, begin computing control effort.
[controller_server-8] [INFO] [1789891611.488852563] [controller_server]: Passing new path to controller.
[controller_server-8] [INFO] [1789891612.488870453] [controller_server]: Passing new path to controller.
[controller_server-8] [INFO] [1789891613.488928980] [controller_server]: Passing new path to controller.
[controller_server-8] [INFO] [1789891614.588871060] [controller_server]: Passing new path to controller.
[controller_server-8] [INFO] [1789891615.588853197] [controller_server]: Passing new path to controller.
[controller_server-8] [INFO] [1789891616.588864557] [controller_server]: Passing new path to controller.
[controller_server-8] [INFO] [1789891617.588888543] [controller_server]: Passing new path to controller.
[controller_server-8] [INFO] [1789891618.688859696] [controller_server]: Passing new path to controller.
[controller_server-8] [INFO] [1789891619.688922579] [controller_server]: Passing new path to controller.
[controller_server-8] [INFO] [1789891620.688898559] [controller_server]: Passing new path to controller.
[controller_server-8] [INFO] [1789891621.688867818] [controller_server]: Passing new path to controller.
[controller_server-8] [INFO] [1789891622.688891293] [controller_server]: Passing new path to controller.
[controller_server-8] [INFO] [1789891623.789027465] [controller_server]: Passing new path to controller.
[controller_server-8] [INFO] [1789891624.788951085] [controller_server]: Passing new path to controller.
[controller_server-8] [INFO] [1789891625.788913827] [controller_server]: Passing new path to controller.
[controller_server-8] [INFO] [1789891626.888929954] [controller_server]: Passing new path to controller.
[controller_server-8] [INFO] [1789891627.888942445] [controller_server]: Passing new path to controller.
[controller_server-8] [INFO] [1789891628.888907358] [controller_server]: Passing new path to controller.
[controller_server-8] [INFO] [1789891629.888892575] [controller_server]: Passing new path to controller.
[controller_server-8] [INFO] [1789891630.988916410] [controller_server]: Passing new path to controller.
[controller_server-8] [INFO] [1789891631.988888475] [controller_server]: Passing new path to controller.
[controller_server-8] [INFO] [1789891631.990691920] [controller_server]: Reached the goal!
[controller_server-8] [INFO] [1789891631.990884133] [controller_server]: Optimizer reset
[bt_navigator-13] [INFO] [1789891632.028326502] [bt_navigator]: Goal succeeded
[factory_node-20] [INFO] [1789891662.635983770] [factory]: pickup A: took 4 units (3.20 kg), 0 left
[mission_executor-22] [INFO] [1789891663.840229541] [mission_executor]: [12] PICKUP:A done: took 4 units (3.20 kg), 0 left | measured 9.8 m, 53 s, 0.14 Wh, battery 39.5 -> 38.8 %
[python-19] INFO:     127.0.0.1:37476 - "POST /decide HTTP/1.1" 200 OK
[mission_executor-22] [INFO] [1789891663.846774773] [mission_executor]: decision: PICKUP:B - PPO policy (probability 0.60)
[mission_executor-22] [INFO] [1789891663.848749598] [mission_executor]: [13] PICKUP:B from A: predicted 18.3 m, 77 s, 0.29 Wh
[bt_navigator-13] [INFO] [1789891663.850028931] [bt_navigator]: Begin navigating from current location (-5.85, 2.91) to (6.03, 3.08)
[controller_server-8] [INFO] [1789891663.881431317] [controller_server]: Received a goal, begin computing control effort.
[controller_server-8] [INFO] [1789891664.981688444] [controller_server]: Passing new path to controller.
[controller_server-8] [INFO] [1789891665.981697613] [controller_server]: Passing new path to controller.
[controller_server-8] [INFO] [1789891666.981656967] [controller_server]: Passing new path to controller.
[controller_server-8] [INFO] [1789891668.081670721] [controller_server]: Passing new path to controller.
[controller_server-8] [INFO] [1789891669.081674958] [controller_server]: Passing new path to controller.
[controller_server-8] [INFO] [1789891670.181667080] [controller_server]: Passing new path to controller.
[controller_server-8] [INFO] [1789891671.181667188] [controller_server]: Passing new path to controller.
[controller_server-8] [INFO] [1789891672.181661768] [controller_server]: Passing new path to controller.
[controller_server-8] [INFO] [1789891673.281678471] [controller_server]: Passing new path to controller.
[controller_server-8] [INFO] [1789891674.281703070] [controller_server]: Passing new path to controller.
[controller_server-8] [INFO] [1789891675.281692808] [controller_server]: Passing new path to controller.
[controller_server-8] [INFO] [1789891676.281708884] [controller_server]: Passing new path to controller.
[controller_server-8] [INFO] [1789891677.381666828] [controller_server]: Passing new path to controller.
[controller_server-8] [INFO] [1789891678.381681258] [controller_server]: Passing new path to controller.
[controller_server-8] [INFO] [1789891679.381681468] [controller_server]: Passing new path to controller.
[controller_server-8] [INFO] [1789891680.481669350] [controller_server]: Passing new path to controller.
[controller_server-8] [INFO] [1789891681.481669488] [controller_server]: Passing new path to controller.
[controller_server-8] [INFO] [1789891682.481674776] [controller_server]: Passing new path to controller.
[controller_server-8] [INFO] [1789891683.481652484] [controller_server]: Passing new path to controller.
[controller_server-8] [INFO] [1789891684.581707870] [controller_server]: Passing new path to controller.
[controller_server-8] [INFO] [1789891685.581657157] [controller_server]: Passing new path to controller.
[controller_server-8] [INFO] [1789891686.581688126] [controller_server]: Passing new path to controller.
[controller_server-8] [INFO] [1789891687.581652712] [controller_server]: Passing new path to controller.
[controller_server-8] [INFO] [1789891688.681689554] [controller_server]: Passing new path to controller.
[controller_server-8] [INFO] [1789891689.681699911] [controller_server]: Passing new path to controller.
[controller_server-8] [INFO] [1789891690.681676450] [controller_server]: Passing new path to controller.
[controller_server-8] [INFO] [1789891691.681687774] [controller_server]: Passing new path to controller.
[controller_server-8] [INFO] [1789891692.781664085] [controller_server]: Passing new path to controller.
[controller_server-8] [INFO] [1789891693.781798774] [controller_server]: Passing new path to controller.
[controller_server-8] [INFO] [1789891694.781672064] [controller_server]: Passing new path to controller.
[controller_server-8] [INFO] [1789891695.881686974] [controller_server]: Passing new path to controller.
[controller_server-8] [INFO] [1789891696.882099142] [controller_server]: Passing new path to controller.
[controller_server-8] [INFO] [1789891697.881673932] [controller_server]: Passing new path to controller.
[controller_server-8] [INFO] [1789891698.881720816] [controller_server]: Passing new path to controller.
[controller_server-8] [INFO] [1789891699.981884181] [controller_server]: Passing new path to controller.
[controller_server-8] [INFO] [1789891700.981677584] [controller_server]: Passing new path to controller.
[controller_server-8] [INFO] [1789891701.981668154] [controller_server]: Passing new path to controller.
[controller_server-8] [INFO] [1789891702.981670338] [controller_server]: Passing new path to controller.
[controller_server-8] [INFO] [1789891703.981668811] [controller_server]: Passing new path to controller.
[controller_server-8] [INFO] [1789891705.081703231] [controller_server]: Passing new path to controller.
[controller_server-8] [INFO] [1789891706.081695713] [controller_server]: Passing new path to controller.
[bt_navigator-13] [WARN] [1789891707.057334549] [bt_navigator_navigate_to_pose_rclcpp_node]: Timed out while waiting for action server to acknowledge goal request for compute_path_to_pose
[controller_server-8] [INFO] [1789891707.081875020] [controller_server]: Cancellation was successful. Stopping the robot.
[controller_server-8] [INFO] [1789891707.081984613] [controller_server]: [follow_path] [ActionServer] Client requested to cancel the goal. Cancelling.
[controller_server-8] [INFO] [1789891707.082298375] [controller_server]: Optimizer reset
[bt_navigator-13] [WARN] [1789891707.087928093] [bt_navigator]: [navigate_to_pose] [ActionServer] Aborting handle.
[bt_navigator-13] [ERROR] [1789891707.088432598] [bt_navigator]: Goal failed
[mission_executor-22] [WARN] [1789891707.091841317] [mission_executor]: drive to B failed (Nav2 aborted), attempt 1
[planner_server-10] [INFO] [1789891707.093845814] [global_costmap.global_costmap]: Received request to clear entirely the global_costmap
[controller_server-8] [INFO] [1789891707.096042248] [local_costmap.local_costmap]: Received request to clear entirely the local_costmap
[bt_navigator-13] [INFO] [1789891707.101607125] [bt_navigator]: Begin navigating from current location (5.98, 2.49) to (6.03, 3.08)
[planner_server-10] [WARN] [1789891707.462739224] [planner_server]: Planner loop missed its desired rate of 20.0000 Hz. Current loop rate is 3.0864 Hz
[controller_server-8] [INFO] [1789891707.482669929] [controller_server]: Received a goal, begin computing control effort.
[controller_server-8] [INFO] [1789891708.583080983] [controller_server]: Passing new path to controller.
[controller_server-8] [INFO] [1789891709.084582622] [controller_server]: Reached the goal!
[controller_server-8] [INFO] [1789891709.092343058] [controller_server]: Optimizer reset
[bt_navigator-13] [INFO] [1789891709.120489523] [bt_navigator]: Goal succeeded
[mission_executor-22] [INFO] [1789891709.628878096] [mission_executor]: reached B after recovery: ['attempt 1: Nav2 aborted', 'recovery: clear costmaps']
[factory_node-20] [INFO] [1789891741.614391334] [factory]: pickup B: took 2 units (1.20 kg), 0 left
[mission_executor-22] [INFO] [1789891742.831463157] [mission_executor]: [13] PICKUP:B done: took 2 units (1.20 kg), 0 left | measured 18.0 m, 75 s, 0.29 Wh, battery 38.8 -> 37.5 %
[python-19] INFO:     127.0.0.1:35316 - "POST /decide HTTP/1.1" 200 OK
[mission_executor-22] [INFO] [1789891742.862371723] [mission_executor]: decision: DELIVER - PPO policy (probability 0.96)
[mission_executor-22] [INFO] [1789891742.864332166] [mission_executor]: [14] DELIVER from B: predicted 10.3 m, 56 s, 0.20 Wh
[bt_navigator-13] [INFO] [1789891742.873907850] [bt_navigator]: Begin navigating from current location (6.00, 2.86) to (-0.23, -3.98)
[controller_server-8] [INFO] [1789891742.899109005] [controller_server]: Received a goal, begin computing control effort.
[controller_server-8] [INFO] [1789891744.015800928] [controller_server]: Passing new path to controller.
[controller_server-8] [INFO] [1789891745.015819500] [controller_server]: Passing new path to controller.
[controller_server-8] [INFO] [1789891746.015853512] [controller_server]: Passing new path to controller.
[controller_server-8] [INFO] [1789891747.116865217] [controller_server]: Passing new path to controller.
[controller_server-8] [INFO] [1789891748.115765509] [controller_server]: Passing new path to controller.
[controller_server-8] [INFO] [1789891749.117413945] [controller_server]: Passing new path to controller.
[controller_server-8] [INFO] [1789891750.115842967] [controller_server]: Passing new path to controller.
[controller_server-8] [INFO] [1789891751.115797812] [controller_server]: Passing new path to controller.
[controller_server-8] [INFO] [1789891752.215869648] [controller_server]: Passing new path to controller.
[controller_server-8] [INFO] [1789891753.218964219] [controller_server]: Passing new path to controller.
[controller_server-8] [INFO] [1789891754.215899725] [controller_server]: Passing new path to controller.
[controller_server-8] [INFO] [1789891755.215839353] [controller_server]: Passing new path to controller.
[controller_server-8] [INFO] [1789891756.315845017] [controller_server]: Passing new path to controller.
[controller_server-8] [INFO] [1789891757.315867121] [controller_server]: Passing new path to controller.
[controller_server-8] [INFO] [1789891758.415964546] [controller_server]: Passing new path to controller.
[controller_server-8] [INFO] [1789891759.416271559] [controller_server]: Passing new path to controller.
[controller_server-8] [INFO] [1789891760.415817122] [controller_server]: Passing new path to controller.
[controller_server-8] [INFO] [1789891761.416297236] [controller_server]: Passing new path to controller.
[controller_server-8] [INFO] [1789891762.415947632] [controller_server]: Passing new path to controller.
[controller_server-8] [INFO] [1789891763.515822623] [controller_server]: Passing new path to controller.
[controller_server-8] [INFO] [1789891764.515799998] [controller_server]: Passing new path to controller.
[controller_server-8] [INFO] [1789891765.515833102] [controller_server]: Passing new path to controller.
[controller_server-8] [INFO] [1789891766.616892279] [controller_server]: Passing new path to controller.
[controller_server-8] [INFO] [1789891767.619554185] [controller_server]: Passing new path to controller.
[controller_server-8] [INFO] [1789891768.615845104] [controller_server]: Passing new path to controller.
[controller_server-8] [INFO] [1789891769.615807158] [controller_server]: Passing new path to controller.
[controller_server-8] [INFO] [1789891770.721426387] [controller_server]: Passing new path to controller.
[controller_server-8] [INFO] [1789891771.715951723] [controller_server]: Passing new path to controller.
[controller_server-8] [INFO] [1789891772.715853957] [controller_server]: Passing new path to controller.
[controller_server-8] [INFO] [1789891773.715778974] [controller_server]: Passing new path to controller.
[controller_server-8] [INFO] [1789891774.816277410] [controller_server]: Passing new path to controller.
[controller_server-8] [INFO] [1789891774.818591411] [controller_server]: Reached the goal!
[controller_server-8] [INFO] [1789891774.818804024] [controller_server]: Optimizer reset
[bt_navigator-13] [INFO] [1789891774.851364376] [bt_navigator]: Goal succeeded
[mission_executor-22] [INFO] [1789891817.803855275] [mission_executor]: [14] DELIVER done: delivered 6 units | measured 10.0 m, 55 s, 0.20 Wh, battery 37.5 -> 36.7 %
[python-19] INFO:     127.0.0.1:59866 - "POST /decide HTTP/1.1" 200 OK
[mission_executor-22] [INFO] [1789891817.853980521] [mission_executor]: decision: PICKUP:C - PPO policy (probability 0.45)
[mission_executor-22] [INFO] [1789891817.862716129] [mission_executor]: [15] PICKUP:C from delivery: predicted 6.3 m, 46 s, 0.11 Wh
[bt_navigator-13] [INFO] [1789891817.884999421] [bt_navigator]: Begin navigating from current location (-0.10, -3.83) to (6.03, -3.42)
[controller_server-8] [INFO] [1789891817.942537101] [controller_server]: Received a goal, begin computing control effort.
[controller_server-8] [INFO] [1789891819.045965401] [controller_server]: Passing new path to controller.
[controller_server-8] [WARN] [1789891819.230911299] [controller_server]: Control loop missed its desired rate of 10.0000 Hz. Current loop rate is 15.6250 Hz.
[controller_server-8] [INFO] [1789891820.132941234] [controller_server]: Passing new path to controller.
[controller_server-8] [INFO] [1789891821.132787401] [controller_server]: Passing new path to controller.
[controller_server-8] [INFO] [1789891822.132882768] [controller_server]: Passing new path to controller.
[controller_server-8] [INFO] [1789891823.132877250] [controller_server]: Passing new path to controller.
[controller_server-8] [INFO] [1789891824.132740654] [controller_server]: Passing new path to controller.
[bt_navigator-13] [WARN] [1789891825.147980146] [bt_navigator_navigate_to_pose_rclcpp_node]: Timed out while waiting for action server to acknowledge goal request for compute_path_to_pose
[controller_server-8] [INFO] [1789891825.233361552] [controller_server]: Cancellation was successful. Stopping the robot.
[controller_server-8] [INFO] [1789891825.233465950] [controller_server]: [follow_path] [ActionServer] Client requested to cancel the goal. Cancelling.
[controller_server-8] [INFO] [1789891825.234041137] [controller_server]: Optimizer reset
[bt_navigator-13] [ERROR] [1789891825.173446588] [bt_navigator_navigate_to_pose_rclcpp_node]: Failed to get result for follow_path in node halt!
[bt_navigator-13] [WARN] [1789891825.330551933] [bt_navigator]: [navigate_to_pose] [ActionServer] Aborting handle.
[bt_navigator-13] [ERROR] [1789891825.334162061] [bt_navigator]: Goal failed
[mission_executor-22] [WARN] [1789891825.344052193] [mission_executor]: drive to C failed (Nav2 aborted), attempt 1
[planner_server-10] [INFO] [1789891825.345000961] [global_costmap.global_costmap]: Received request to clear entirely the global_costmap
[controller_server-8] [INFO] [1789891825.347784548] [local_costmap.local_costmap]: Received request to clear entirely the local_costmap
[bt_navigator-13] [INFO] [1789891825.367996316] [bt_navigator]: Begin navigating from current location (1.67, -3.48) to (6.03, -3.42)
[planner_server-10] [WARN] [1789891825.463054370] [planner_server]: Planner loop missed its desired rate of 20.0000 Hz. Current loop rate is 13.8889 Hz
[controller_server-8] [INFO] [1789891825.487513252] [controller_server]: Received a goal, begin computing control effort.
[controller_server-8] [INFO] [1789891826.588613871] [controller_server]: Passing new path to controller.
[controller_server-8] [INFO] [1789891827.592157239] [controller_server]: Passing new path to controller.
[controller_server-8] [INFO] [1789891828.612855569] [controller_server]: Passing new path to controller.
[controller_server-8] [INFO] [1789891829.691212071] [controller_server]: Passing new path to controller.
[controller_server-8] [INFO] [1789891830.690195888] [controller_server]: Passing new path to controller.
[controller_server-8] [INFO] [1789891831.694376380] [controller_server]: Passing new path to controller.
[bt_navigator-13] [WARN] [1789891832.661457560] [bt_navigator_navigate_to_pose_rclcpp_node]: Timed out while waiting for action server to acknowledge goal request for compute_path_to_pose
[controller_server-8] [INFO] [1789891832.688439348] [controller_server]: Cancellation was successful. Stopping the robot.
[controller_server-8] [INFO] [1789891832.688527410] [controller_server]: [follow_path] [ActionServer] Client requested to cancel the goal. Cancelling.
[controller_server-8] [INFO] [1789891832.688963238] [controller_server]: Optimizer reset
[bt_navigator-13] [WARN] [1789891832.689230413] [bt_navigator]: [navigate_to_pose] [ActionServer] Aborting handle.
[bt_navigator-13] [ERROR] [1789891832.689707981] [bt_navigator]: Goal failed
[mission_executor-22] [WARN] [1789891832.703167346] [mission_executor]: drive to C failed (Nav2 aborted), attempt 2
[behavior_server-12] [INFO] [1789891832.726896612] [behavior_server]: Running backup
[behavior_server-12] [INFO] [1789891837.639220732] [behavior_server]: backup completed successfully
[bt_navigator-13] [INFO] [1789891837.675888125] [bt_navigator]: Begin navigating from current location (3.56, -3.48) to (6.03, -3.42)
[controller_server-8] [INFO] [1789891837.698860476] [controller_server]: Received a goal, begin computing control effort.
[controller_server-8] [INFO] [1789891838.799140920] [controller_server]: Passing new path to controller.
[controller_server-8] [INFO] [1789891839.799265240] [controller_server]: Passing new path to controller.
[bt_navigator-13] [WARN] [1789891840.773265149] [bt_navigator_navigate_to_pose_rclcpp_node]: Timed out while waiting for action server to acknowledge goal request for compute_path_to_pose
[bt_navigator-13] [ERROR] [1789891840.799042914] [bt_navigator_navigate_to_pose_rclcpp_node]: Failed to get result for follow_path in node halt!
[bt_navigator-13] [WARN] [1789891840.799267970] [bt_navigator]: [navigate_to_pose] [ActionServer] Aborting handle.
[bt_navigator-13] [ERROR] [1789891840.799462521] [bt_navigator]: Goal failed
[mission_executor-22] [WARN] [1789891840.824212383] [mission_executor]: drive to C failed (Nav2 aborted), attempt 3
[mission_executor-22] [WARN] [1789891840.825578913] [mission_executor]: could not reach C; returning to the charger
[bt_navigator-13] [INFO] [1789891840.829945390] [bt_navigator]: Begin navigating from current location (4.36, -3.48) to (-5.22, -2.98)
[controller_server-8] [INFO] [1789891840.940986358] [controller_server]: Passing new path to controller.
[controller_server-8] [WARN] [1789891840.951024933] [controller_server]: Control loop missed its desired rate of 10.0000 Hz. Current loop rate is 250.0000 Hz.
[controller_server-8] [INFO] [1789891841.954347528] [controller_server]: Passing new path to controller.
[controller_server-8] [INFO] [1789891842.951234725] [controller_server]: Passing new path to controller.
[controller_server-8] [INFO] [1789891843.951472763] [controller_server]: Passing new path to controller.
[controller_server-8] [INFO] [1789891845.052039738] [controller_server]: Passing new path to controller.
[controller_server-8] [WARN] [1789891845.863308068] [controller_server]: Control loop missed its desired rate of 10.0000 Hz. Current loop rate is inf Hz.
[controller_server-8] [INFO] [1789891846.085662484] [controller_server]: Passing new path to controller.
[controller_server-8] [INFO] [1789891847.063723143] [controller_server]: Passing new path to controller.
[controller_server-8] [INFO] [1789891848.163575565] [controller_server]: Passing new path to controller.
[controller_server-8] [INFO] [1789891849.167792282] [controller_server]: Passing new path to controller.
[bt_navigator-13] [WARN] [1789891850.135491173] [bt_navigator_navigate_to_pose_rclcpp_node]: Timed out while waiting for action server to acknowledge goal request for compute_path_to_pose
[controller_server-8] [INFO] [1789891850.163555120] [controller_server]: Cancellation was successful. Stopping the robot.
[controller_server-8] [INFO] [1789891850.163660807] [controller_server]: [follow_path] [ActionServer] Client requested to cancel the goal. Cancelling.
[controller_server-8] [INFO] [1789891850.164200113] [controller_server]: Optimizer reset
[bt_navigator-13] [WARN] [1789891850.165824129] [bt_navigator]: [navigate_to_pose] [ActionServer] Aborting handle.
[bt_navigator-13] [ERROR] [1789891850.166140681] [bt_navigator]: Goal failed
[mission_executor-22] [WARN] [1789891850.187295776] [mission_executor]: drive to charger failed (Nav2 aborted), attempt 1
[planner_server-10] [INFO] [1789891850.187886909] [global_costmap.global_costmap]: Received request to clear entirely the global_costmap
[controller_server-8] [INFO] [1789891850.204249017] [local_costmap.local_costmap]: Received request to clear entirely the local_costmap
[bt_navigator-13] [INFO] [1789891850.208694864] [bt_navigator]: Begin navigating from current location (2.82, -3.38) to (-5.22, -2.98)
[planner_server-10] [WARN] [1789891850.477738588] [planner_server]: Planner loop missed its desired rate of 20.0000 Hz. Current loop rate is 5.1020 Hz
[controller_server-8] [INFO] [1789891850.494817129] [controller_server]: Received a goal, begin computing control effort.
[controller_server-8] [INFO] [1789891851.595071032] [controller_server]: Passing new path to controller.
[controller_server-8] [INFO] [1789891852.595185302] [controller_server]: Passing new path to controller.
[controller_server-8] [INFO] [1789891853.695106048] [controller_server]: Passing new path to controller.
[controller_server-8] [INFO] [1789891854.695240133] [controller_server]: Passing new path to controller.
[controller_server-8] [INFO] [1789891855.701378705] [controller_server]: Passing new path to controller.
[controller_server-8] [INFO] [1789891856.700326074] [controller_server]: Passing new path to controller.
[controller_server-8] [INFO] [1789891857.796966058] [controller_server]: Passing new path to controller.
[controller_server-8] [INFO] [1789891858.795179778] [controller_server]: Passing new path to controller.
[controller_server-8] [INFO] [1789891859.798356971] [controller_server]: Passing new path to controller.
[controller_server-8] [INFO] [1789891860.795069963] [controller_server]: Passing new path to controller.
[controller_server-8] [INFO] [1789891861.895060270] [controller_server]: Passing new path to controller.
[controller_server-8] [INFO] [1789891862.895024380] [controller_server]: Passing new path to controller.
[controller_server-8] [INFO] [1789891863.895092526] [controller_server]: Passing new path to controller.
[controller_server-8] [INFO] [1789891865.000992963] [controller_server]: Passing new path to controller.
[controller_server-8] [INFO] [1789891865.995797629] [controller_server]: Passing new path to controller.
[controller_server-8] [INFO] [1789891866.995092856] [controller_server]: Passing new path to controller.
[controller_server-8] [INFO] [1789891868.095051421] [controller_server]: Passing new path to controller.
[controller_server-8] [INFO] [1789891869.100480306] [controller_server]: Passing new path to controller.
[bt_navigator-13] [WARN] [1789891870.059083185] [bt_navigator_navigate_to_pose_rclcpp_node]: Timed out while waiting for action server to acknowledge goal request for compute_path_to_pose
[bt_navigator-13] [ERROR] [1789891870.090863389] [bt_navigator_navigate_to_pose_rclcpp_node]: Failed to get result for follow_path in node halt!
[controller_server-8] [INFO] [1789891870.095092487] [controller_server]: Cancellation was successful. Stopping the robot.
[controller_server-8] [INFO] [1789891870.095196055] [controller_server]: [follow_path] [ActionServer] Client requested to cancel the goal. Cancelling.
[controller_server-8] [INFO] [1789891870.095751566] [controller_server]: Optimizer reset
[bt_navigator-13] [WARN] [1789891870.097233922] [bt_navigator]: [navigate_to_pose] [ActionServer] Aborting handle.
[bt_navigator-13] [ERROR] [1789891870.098355578] [bt_navigator]: Goal failed
[mission_executor-22] [WARN] [1789891870.115669841] [mission_executor]: drive to charger failed (Nav2 aborted), attempt 2
[behavior_server-12] [INFO] [1789891870.121308240] [behavior_server]: Running backup
[behavior_server-12] [INFO] [1789891875.529317451] [behavior_server]: backup completed successfully
[bt_navigator-13] [INFO] [1789891875.552155718] [bt_navigator]: Begin navigating from current location (-3.47, -3.00) to (-5.22, -2.98)
[controller_server-8] [INFO] [1789891875.586303660] [controller_server]: Received a goal, begin computing control effort.
[controller_server-8] [INFO] [1789891876.686517706] [controller_server]: Passing new path to controller.
[controller_server-8] [INFO] [1789891877.687133173] [controller_server]: Passing new path to controller.
[controller_server-8] [INFO] [1789891878.686536421] [controller_server]: Passing new path to controller.
[controller_server-8] [INFO] [1789891879.686507208] [controller_server]: Passing new path to controller.
[controller_server-8] [INFO] [1789891880.786529674] [controller_server]: Passing new path to controller.
[controller_server-8] [INFO] [1789891881.786547967] [controller_server]: Passing new path to controller.
[controller_server-8] [INFO] [1789891882.786559779] [controller_server]: Passing new path to controller.
[controller_server-8] [INFO] [1789891883.786549210] [controller_server]: Passing new path to controller.
[controller_server-8] [INFO] [1789891884.788719263] [controller_server]: Passing new path to controller.
[controller_server-8] [INFO] [1789891884.793813818] [controller_server]: Reached the goal!
[controller_server-8] [INFO] [1789891884.794909939] [controller_server]: Optimizer reset
[bt_navigator-13] [INFO] [1789891884.825169870] [bt_navigator]: Goal succeeded
[mission_executor-22] [INFO] [1789891885.336544886] [mission_executor]: reached charger after recovery: ['attempt 1: Nav2 aborted', 'recovery: clear costmaps', 'attempt 2: Nav2 aborted', 'recovery: back up (backed up)']
[mission_executor-22] [INFO] [1789891886.542704559] [mission_executor]: [15] PICKUP:C FAILED: could not reach C; returned to the charger | measured 16.2 m, 46 s, 0.16 Wh, battery 36.7 -> 35.9 %
[python-19] INFO:     127.0.0.1:40606 - "POST /decide HTTP/1.1" 200 OK
[mission_executor-22] [INFO] [1789891886.582748832] [mission_executor]: decision: PICKUP:B - PPO policy (probability 0.53)
[mission_executor-22] [INFO] [1789891886.584073623] [mission_executor]: [16] PICKUP:B from charger: predicted 15.2 m, 69 s, 0.19 Wh
[bt_navigator-13] [INFO] [1789891886.609006107] [bt_navigator]: Begin navigating from current location (-5.21, -3.07) to (6.03, 3.08)
[controller_server-8] [INFO] [1789891886.656029359] [controller_server]: Received a goal, begin computing control effort.
[controller_server-8] [INFO] [1789891887.761598806] [controller_server]: Passing new path to controller.
[controller_server-8] [INFO] [1789891888.756382727] [controller_server]: Passing new path to controller.
[controller_server-8] [INFO] [1789891889.867024014] [controller_server]: Passing new path to controller.
[controller_server-8] [INFO] [1789891890.956294099] [controller_server]: Passing new path to controller.
[controller_server-8] [INFO] [1789891891.956385643] [controller_server]: Passing new path to controller.
[planner_server-10] [WARN] [1789891892.945243582] [planner_server]: Planner loop missed its desired rate of 20.0000 Hz. Current loop rate is 19.2308 Hz
[controller_server-8] [INFO] [1789891893.056338284] [controller_server]: Passing new path to controller.
[controller_server-8] [INFO] [1789891894.056421798] [controller_server]: Passing new path to controller.
[controller_server-8] [INFO] [1789891895.181387590] [controller_server]: Passing new path to controller.
[controller_server-8] [INFO] [1789891896.156362565] [controller_server]: Passing new path to controller.
[controller_server-8] [INFO] [1789891897.256884531] [controller_server]: Passing new path to controller.
[bt_navigator-13] [WARN] [1789891898.201179994] [bt_navigator_navigate_to_pose_rclcpp_node]: Timed out while waiting for action server to acknowledge goal request for follow_path
[bt_navigator-13] [WARN] [1789891898.201380907] [bt_navigator]: [navigate_to_pose] [ActionServer] Aborting handle.
[bt_navigator-13] [ERROR] [1789891898.201907779] [bt_navigator]: Goal failed
[mission_executor-22] [WARN] [1789891898.234800559] [mission_executor]: drive to B failed (Nav2 aborted), attempt 1
[planner_server-10] [INFO] [1789891898.235732840] [global_costmap.global_costmap]: Received request to clear entirely the global_costmap
[controller_server-8] [INFO] [1789891898.251107615] [local_costmap.local_costmap]: Received request to clear entirely the local_costmap
[bt_navigator-13] [INFO] [1789891898.263206562] [bt_navigator]: Begin navigating from current location (-1.49, -3.56) to (6.03, 3.08)
[controller_server-8] [INFO] [1789891898.326521139] [controller_server]: Passing new path to controller.
[planner_server-10] [WARN] [1789891898.482102882] [planner_server]: Planner loop missed its desired rate of 20.0000 Hz. Current loop rate is 7.5758 Hz
[controller_server-8] [INFO] [1789891898.556311031] [controller_server]: Passing new path to controller.
[controller_server-8] [INFO] [1789891899.556255183] [controller_server]: Passing new path to controller.
[controller_server-8] [INFO] [1789891900.657453955] [controller_server]: Passing new path to controller.
[controller_server-8] [INFO] [1789891901.658859201] [controller_server]: Passing new path to controller.
[controller_server-8] [INFO] [1789891902.656284853] [controller_server]: Passing new path to controller.
[controller_server-8] [INFO] [1789891903.756280492] [controller_server]: Passing new path to controller.
[controller_server-8] [INFO] [1789891904.756484053] [controller_server]: Passing new path to controller.
[controller_server-8] [INFO] [1789891905.856806365] [controller_server]: Passing new path to controller.
[controller_server-8] [INFO] [1789891906.856338217] [controller_server]: Passing new path to controller.
[controller_server-8] [INFO] [1789891907.861290097] [controller_server]: Passing new path to controller.
[controller_server-8] [INFO] [1789891908.884203287] [controller_server]: Passing new path to controller.
[bt_navigator-13] [WARN] [1789891909.902557587] [bt_navigator_navigate_to_pose_rclcpp_node]: Timed out while waiting for action server to acknowledge goal request for compute_path_to_pose
[bt_navigator-13] [ERROR] [1789891909.924886998] [bt_navigator_navigate_to_pose_rclcpp_node]: Failed to get result for follow_path in node halt!
[bt_navigator-13] [WARN] [1789891909.925183365] [bt_navigator]: [navigate_to_pose] [ActionServer] Aborting handle.
[bt_navigator-13] [ERROR] [1789891909.925579547] [bt_navigator]: Goal failed
[mission_executor-22] [WARN] [1789891909.944448995] [mission_executor]: drive to B failed (Nav2 aborted), attempt 2
[controller_server-8] [INFO] [1789891909.956270992] [controller_server]: Cancellation was successful. Stopping the robot.
[controller_server-8] [INFO] [1789891909.956373290] [controller_server]: [follow_path] [ActionServer] Client requested to cancel the goal. Cancelling.
[controller_server-8] [INFO] [1789891909.957097124] [controller_server]: Optimizer reset
[behavior_server-12] [INFO] [1789891909.972773776] [behavior_server]: Running backup
[behavior_server-12] [INFO] [1789891915.073391688] [behavior_server]: backup completed successfully
[bt_navigator-13] [INFO] [1789891915.082732012] [bt_navigator]: Begin navigating from current location (2.02, -2.80) to (6.03, 3.08)
[controller_server-8] [INFO] [1789891915.124325803] [controller_server]: Received a goal, begin computing control effort.
[controller_server-8] [INFO] [1789891916.224632651] [controller_server]: Passing new path to controller.
[controller_server-8] [INFO] [1789891917.237894262] [controller_server]: Passing new path to controller.
[controller_server-8] [INFO] [1789891918.324592565] [controller_server]: Passing new path to controller.
[controller_server-8] [INFO] [1789891919.324582858] [controller_server]: Passing new path to controller.
[controller_server-8] [INFO] [1789891920.324609919] [controller_server]: Passing new path to controller.
[controller_server-8] [INFO] [1789891921.429289080] [controller_server]: Passing new path to controller.
[controller_server-8] [INFO] [1789891922.430126936] [controller_server]: Passing new path to controller.
[controller_server-8] [INFO] [1789891923.424568044] [controller_server]: Passing new path to controller.
[controller_server-8] [INFO] [1789891924.426599916] [controller_server]: Passing new path to controller.
[controller_server-8] [INFO] [1789891925.524584245] [controller_server]: Passing new path to controller.
[controller_server-8] [INFO] [1789891926.527019452] [controller_server]: Passing new path to controller.
[controller_server-8] [INFO] [1789891927.524538820] [controller_server]: Passing new path to controller.
[controller_server-8] [INFO] [1789891928.548363304] [controller_server]: Passing new path to controller.
[controller_server-8] [INFO] [1789891929.624622048] [controller_server]: Passing new path to controller.
[controller_server-8] [INFO] [1789891930.630122699] [controller_server]: Passing new path to controller.
[controller_server-8] [INFO] [1789891931.632589246] [controller_server]: Passing new path to controller.
[controller_server-8] [INFO] [1789891932.724562215] [controller_server]: Passing new path to controller.
[controller_server-8] [INFO] [1789891933.724564470] [controller_server]: Passing new path to controller.
[controller_server-8] [INFO] [1789891934.724582939] [controller_server]: Passing new path to controller.
[controller_server-8] [INFO] [1789891935.824570698] [controller_server]: Passing new path to controller.
[controller_server-8] [INFO] [1789891936.824543112] [controller_server]: Passing new path to controller.
[controller_server-8] [INFO] [1789891937.328591321] [controller_server]: Reached the goal!
[controller_server-8] [INFO] [1789891937.328922378] [controller_server]: Optimizer reset
[bt_navigator-13] [INFO] [1789891937.357245142] [bt_navigator]: Goal succeeded
[mission_executor-22] [INFO] [1789891937.867730512] [mission_executor]: reached B after recovery: ['attempt 1: Nav2 aborted', 'recovery: clear costmaps', 'attempt 2: Nav2 aborted', 'recovery: back up (backed up)']
[factory_node-20] [INFO] [1789891976.096358696] [factory]: pickup B: took 3 units (1.80 kg), 0 left
[mission_executor-22] [INFO] [1789891977.311273811] [mission_executor]: [16] PICKUP:B done: took 3 units (1.80 kg), 0 left | measured 15.7 m, 67 s, 0.19 Wh, battery 35.9 -> 35.1 %
[python-19] INFO:     127.0.0.1:51334 - "POST /decide HTTP/1.1" 200 OK
[mission_executor-22] [INFO] [1789891977.347275790] [mission_executor]: decision: DELIVER - PPO policy (probability 0.68)
[mission_executor-22] [INFO] [1789891977.349641899] [mission_executor]: [17] DELIVER from B: predicted 10.3 m, 56 s, 0.17 Wh
[bt_navigator-13] [INFO] [1789891977.351883819] [bt_navigator]: Begin navigating from current location (5.97, 2.86) to (-0.23, -3.98)
[controller_server-8] [INFO] [1789891977.383740659] [controller_server]: Received a goal, begin computing control effort.
[controller_server-8] [INFO] [1789891978.484326538] [controller_server]: Passing new path to controller.
[controller_server-8] [INFO] [1789891979.484332587] [controller_server]: Passing new path to controller.
[controller_server-8] [INFO] [1789891980.484246410] [controller_server]: Passing new path to controller.
[controller_server-8] [INFO] [1789891981.484280392] [controller_server]: Passing new path to controller.
[controller_server-8] [INFO] [1789891982.584278247] [controller_server]: Passing new path to controller.
[controller_server-8] [INFO] [1789891983.586542156] [controller_server]: Passing new path to controller.
[controller_server-8] [INFO] [1789891984.684294154] [controller_server]: Passing new path to controller.
[controller_server-8] [INFO] [1789891985.684267319] [controller_server]: Passing new path to controller.
[controller_server-8] [INFO] [1789891986.684354523] [controller_server]: Passing new path to controller.
[controller_server-8] [INFO] [1789891987.686136328] [controller_server]: Passing new path to controller.
[controller_server-8] [INFO] [1789891988.786295331] [controller_server]: Passing new path to controller.
[controller_server-8] [INFO] [1789891989.785857976] [controller_server]: Passing new path to controller.
[controller_server-8] [INFO] [1789891990.786570784] [controller_server]: Passing new path to controller.
[controller_server-8] [INFO] [1789891991.884286366] [controller_server]: Passing new path to controller.
[controller_server-8] [INFO] [1789891992.884353842] [controller_server]: Passing new path to controller.
[controller_server-8] [INFO] [1789891993.884695824] [controller_server]: Passing new path to controller.
[controller_server-8] [INFO] [1789891994.884218510] [controller_server]: Passing new path to controller.
[bt_navigator-13] [WARN] [1789891994.890184268] [bt_navigator_navigate_to_pose_rclcpp_node]: Timed out while waiting for action server to acknowledge goal request for follow_path
[bt_navigator-13] [WARN] [1789891994.906072646] [bt_navigator]: [navigate_to_pose] [ActionServer] Aborting handle.
[bt_navigator-13] [ERROR] [1789891994.911002996] [bt_navigator]: Goal failed
[mission_executor-22] [WARN] [1789891994.929907005] [mission_executor]: drive to delivery failed (Nav2 aborted), attempt 1
[planner_server-10] [INFO] [1789891994.936351094] [global_costmap.global_costmap]: Received request to clear entirely the global_costmap
[controller_server-8] [INFO] [1789891994.943693411] [local_costmap.local_costmap]: Received request to clear entirely the local_costmap
[bt_navigator-13] [INFO] [1789891994.961104885] [bt_navigator]: Begin navigating from current location (3.39, -1.63) to (-0.23, -3.98)
[controller_server-8] [WARN] [1789891995.126477611] [controller_server]: Control loop missed its desired rate of 10.0000 Hz. Current loop rate is 13.1579 Hz.
[planner_server-10] [WARN] [1789891995.462657036] [planner_server]: Planner loop missed its desired rate of 20.0000 Hz. Current loop rate is 2.4272 Hz
[controller_server-8] [INFO] [1789891995.526713758] [controller_server]: Passing new path to controller.
[controller_server-8] [INFO] [1789891996.526760577] [controller_server]: Passing new path to controller.
[controller_server-8] [INFO] [1789891997.526703698] [controller_server]: Passing new path to controller.
[controller_server-8] [INFO] [1789891998.627244232] [controller_server]: Passing new path to controller.
[controller_server-8] [INFO] [1789891999.626709953] [controller_server]: Passing new path to controller.
[controller_server-8] [INFO] [1789892000.626849822] [controller_server]: Passing new path to controller.
[controller_server-8] [INFO] [1789892001.626733435] [controller_server]: Passing new path to controller.
[controller_server-8] [INFO] [1789892002.728855026] [controller_server]: Passing new path to controller.
[controller_server-8] [INFO] [1789892003.727137014] [controller_server]: Passing new path to controller.
[controller_server-8] [INFO] [1789892004.726885493] [controller_server]: Passing new path to controller.
[controller_server-8] [INFO] [1789892005.827676761] [controller_server]: Passing new path to controller.
[controller_server-8] [INFO] [1789892006.826722912] [controller_server]: Passing new path to controller.
[controller_server-8] [INFO] [1789892006.832671861] [controller_server]: Reached the goal!
[controller_server-8] [INFO] [1789892006.833006226] [controller_server]: Optimizer reset
[bt_navigator-13] [INFO] [1789892006.872727884] [bt_navigator]: Goal succeeded
[mission_executor-22] [INFO] [1789892007.386372025] [mission_executor]: reached delivery after recovery: ['attempt 1: Nav2 aborted', 'recovery: clear costmaps']
[mission_executor-22] [INFO] [1789892041.420065314] [mission_executor]: [17] DELIVER done: delivered 3 units | measured 10.1 m, 56 s, 0.17 Wh, battery 35.1 -> 34.3 %
[python-19] INFO:     127.0.0.1:56708 - "POST /decide HTTP/1.1" 200 OK
[mission_executor-22] [INFO] [1789892041.447721580] [mission_executor]: decision: PICKUP:A - PPO policy (probability 0.47)
[mission_executor-22] [INFO] [1789892041.462719139] [mission_executor]: [18] PICKUP:A from delivery: predicted 10.0 m, 56 s, 0.14 Wh
[bt_navigator-13] [INFO] [1789892041.466004556] [bt_navigator]: Begin navigating from current location (-0.11, -3.86) to (-5.97, 3.08)
[controller_server-8] [INFO] [1789892041.492590241] [controller_server]: Received a goal, begin computing control effort.
[controller_server-8] [INFO] [1789892042.593131520] [controller_server]: Passing new path to controller.
[controller_server-8] [INFO] [1789892043.593092207] [controller_server]: Passing new path to controller.
[controller_server-8] [INFO] [1789892044.593141952] [controller_server]: Passing new path to controller.
[controller_server-8] [INFO] [1789892045.593822302] [controller_server]: Passing new path to controller.
[controller_server-8] [INFO] [1789892046.693143887] [controller_server]: Passing new path to controller.
[controller_server-8] [INFO] [1789892047.693162525] [controller_server]: Passing new path to controller.
[controller_server-8] [INFO] [1789892048.704573315] [controller_server]: Passing new path to controller.
[controller_server-8] [INFO] [1789892049.693085559] [controller_server]: Passing new path to controller.
[controller_server-8] [INFO] [1789892050.793132002] [controller_server]: Passing new path to controller.
[controller_server-8] [INFO] [1789892051.793147992] [controller_server]: Passing new path to controller.
[controller_server-8] [INFO] [1789892052.793139272] [controller_server]: Passing new path to controller.
[controller_server-8] [INFO] [1789892053.793109295] [controller_server]: Passing new path to controller.
[controller_server-8] [INFO] [1789892054.793105545] [controller_server]: Passing new path to controller.
[controller_server-8] [INFO] [1789892055.893115784] [controller_server]: Passing new path to controller.
[controller_server-8] [INFO] [1789892056.894593854] [controller_server]: Passing new path to controller.
[controller_server-8] [INFO] [1789892057.893118295] [controller_server]: Passing new path to controller.
[controller_server-8] [INFO] [1789892058.893178065] [controller_server]: Passing new path to controller.
[controller_server-8] [INFO] [1789892059.993156675] [controller_server]: Passing new path to controller.
[controller_server-8] [INFO] [1789892060.996367628] [controller_server]: Passing new path to controller.
[controller_server-8] [INFO] [1789892061.994739356] [controller_server]: Passing new path to controller.
[controller_server-8] [INFO] [1789892062.993117975] [controller_server]: Passing new path to controller.
[controller_server-8] [INFO] [1789892064.093141843] [controller_server]: Passing new path to controller.
[controller_server-8] [INFO] [1789892064.811620854] [controller_server]: Reached the goal!
[controller_server-8] [INFO] [1789892064.811822679] [controller_server]: Optimizer reset
[bt_navigator-13] [INFO] [1789892064.838705590] [bt_navigator]: Goal succeeded
[factory_node-20] [INFO] [1789892097.369763793] [factory]: pickup A: took 4 units (3.20 kg), 0 left
[mission_executor-22] [INFO] [1789892098.575334746] [mission_executor]: [18] PICKUP:A done: took 4 units (3.20 kg), 0 left | measured 9.8 m, 53 s, 0.14 Wh, battery 34.3 -> 33.7 %
[python-19] INFO:     127.0.0.1:57722 - "POST /decide HTTP/1.1" 200 OK
[mission_executor-22] [INFO] [1789892098.586019545] [mission_executor]: decision: DELIVER - PPO policy (probability 0.83)
[mission_executor-22] [INFO] [1789892098.593037402] [mission_executor]: [19] DELIVER from A: predicted 10.0 m, 56 s, 0.18 Wh
[bt_navigator-13] [INFO] [1789892098.596309733] [bt_navigator]: Begin navigating from current location (-5.80, 2.92) to (-0.23, -3.98)
[controller_server-8] [INFO] [1789892098.649806848] [controller_server]: Received a goal, begin computing control effort.
[bt_navigator-13] [WARN] [1789892099.673828624] [bt_navigator_navigate_to_pose_rclcpp_node]: Timed out while waiting for action server to acknowledge goal request for compute_path_to_pose
[bt_navigator-13] [ERROR] [1789892099.700374746] [bt_navigator_navigate_to_pose_rclcpp_node]: Failed to get result for follow_path in node halt!
[bt_navigator-13] [WARN] [1789892099.700570518] [bt_navigator]: [navigate_to_pose] [ActionServer] Aborting handle.
[bt_navigator-13] [ERROR] [1789892099.702075608] [bt_navigator]: Goal failed
[mission_executor-22] [WARN] [1789892099.711048738] [mission_executor]: drive to delivery failed (Nav2 aborted), attempt 1
[planner_server-10] [INFO] [1789892099.711830733] [global_costmap.global_costmap]: Received request to clear entirely the global_costmap
[controller_server-8] [INFO] [1789892099.716932226] [local_costmap.local_costmap]: Received request to clear entirely the local_costmap
[bt_navigator-13] [INFO] [1789892099.721903801] [bt_navigator]: Begin navigating from current location (-5.81, 2.79) to (-0.23, -3.98)
[controller_server-8] [INFO] [1789892099.750118504] [controller_server]: Cancellation was successful. Stopping the robot.
[controller_server-8] [INFO] [1789892099.750193297] [controller_server]: [follow_path] [ActionServer] Client requested to cancel the goal. Cancelling.
[controller_server-8] [INFO] [1789892099.750585933] [controller_server]: Optimizer reset
[planner_server-10] [WARN] [1789892100.466832614] [planner_server]: Planner loop missed its desired rate of 20.0000 Hz. Current loop rate is 2.1552 Hz
[controller_server-8] [INFO] [1789892100.483912511] [controller_server]: Received a goal, begin computing control effort.
[controller_server-8] [INFO] [1789892101.584145324] [controller_server]: Passing new path to controller.
[controller_server-8] [INFO] [1789892102.585414214] [controller_server]: Passing new path to controller.
[controller_server-8] [INFO] [1789892103.684146316] [controller_server]: Passing new path to controller.
[controller_server-8] [INFO] [1789892104.684149960] [controller_server]: Passing new path to controller.
[controller_server-8] [INFO] [1789892105.692300118] [controller_server]: Passing new path to controller.
[controller_server-8] [INFO] [1789892106.686537527] [controller_server]: Passing new path to controller.
[controller_server-8] [INFO] [1789892107.786234805] [controller_server]: Passing new path to controller.
[controller_server-8] [INFO] [1789892108.784278777] [controller_server]: Passing new path to controller.
[controller_server-8] [INFO] [1789892109.784155060] [controller_server]: Passing new path to controller.
[controller_server-8] [INFO] [1789892110.784211796] [controller_server]: Passing new path to controller.
[controller_server-8] [INFO] [1789892111.884588349] [controller_server]: Passing new path to controller.
[controller_server-8] [INFO] [1789892112.884187345] [controller_server]: Passing new path to controller.
[controller_server-8] [INFO] [1789892113.885064058] [controller_server]: Passing new path to controller.
[controller_server-8] [INFO] [1789892114.887429075] [controller_server]: Passing new path to controller.
[controller_server-8] [INFO] [1789892115.984193665] [controller_server]: Passing new path to controller.
[controller_server-8] [INFO] [1789892116.990463303] [controller_server]: Passing new path to controller.
[controller_server-8] [INFO] [1789892117.984984244] [controller_server]: Passing new path to controller.
[controller_server-8] [INFO] [1789892118.984652111] [controller_server]: Passing new path to controller.
[controller_server-8] [INFO] [1789892120.084166995] [controller_server]: Passing new path to controller.
[controller_server-8] [INFO] [1789892121.084330086] [controller_server]: Passing new path to controller.
[controller_server-8] [INFO] [1789892122.084156210] [controller_server]: Passing new path to controller.
[controller_server-8] [INFO] [1789892123.184191185] [controller_server]: Passing new path to controller.
[controller_server-8] [INFO] [1789892124.185714372] [controller_server]: Passing new path to controller.
[controller_server-8] [INFO] [1789892125.184174902] [controller_server]: Passing new path to controller.
[controller_server-8] [INFO] [1789892126.184138219] [controller_server]: Passing new path to controller.
[controller_server-8] [INFO] [1789892126.385931078] [controller_server]: Reached the goal!
[controller_server-8] [INFO] [1789892126.386189309] [controller_server]: Optimizer reset
[bt_navigator-13] [INFO] [1789892126.415638865] [bt_navigator]: Goal succeeded
[mission_executor-22] [INFO] [1789892126.927501474] [mission_executor]: reached delivery after recovery: ['attempt 1: Nav2 aborted', 'recovery: clear costmaps']
[mission_executor-22] [INFO] [1789892159.763758097] [mission_executor]: [19] DELIVER done: delivered 4 units | measured 9.8 m, 57 s, 0.18 Wh, battery 33.7 -> 32.8 %
[python-19] INFO:     127.0.0.1:60928 - "POST /decide HTTP/1.1" 200 OK
[mission_executor-22] [INFO] [1789892159.780499195] [mission_executor]: decision: PICKUP:C - PPO policy (probability 0.72)
[mission_executor-22] [INFO] [1789892159.781883871] [mission_executor]: [20] PICKUP:C from delivery: predicted 6.3 m, 46 s, 0.11 Wh
[bt_navigator-13] [INFO] [1789892159.783114131] [bt_navigator]: Begin navigating from current location (-0.30, -3.83) to (6.03, -3.42)
[controller_server-8] [INFO] [1789892159.808299905] [controller_server]: Received a goal, begin computing control effort.
[controller_server-8] [INFO] [1789892160.908627550] [controller_server]: Passing new path to controller.
[controller_server-8] [INFO] [1789892161.908534787] [controller_server]: Passing new path to controller.
[controller_server-8] [INFO] [1789892162.909423348] [controller_server]: Passing new path to controller.
[controller_server-8] [INFO] [1789892164.014443132] [controller_server]: Passing new path to controller.
[controller_server-8] [INFO] [1789892165.008724300] [controller_server]: Passing new path to controller.
[controller_server-8] [INFO] [1789892166.008587562] [controller_server]: Passing new path to controller.
[controller_server-8] [INFO] [1789892167.008854451] [controller_server]: Passing new path to controller.
[controller_server-8] [INFO] [1789892168.108532287] [controller_server]: Passing new path to controller.
[controller_server-8] [INFO] [1789892169.108512102] [controller_server]: Passing new path to controller.
[controller_server-8] [INFO] [1789892170.109045636] [controller_server]: Passing new path to controller.
[controller_server-8] [INFO] [1789892171.108744542] [controller_server]: Passing new path to controller.
[planner_server-10] [WARN] [1789892172.074988132] [planner_server]: GridBased plugin failed to plan from (4.63, -3.55) to (6.03, -3.42): "Either of the start or goal pose are an obstacle! "
[planner_server-10] [WARN] [1789892172.075114155] [planner_server]: [compute_path_to_pose] [ActionServer] Aborting handle.
[planner_server-10] [INFO] [1789892172.093758213] [global_costmap.global_costmap]: Received request to clear entirely the global_costmap
[planner_server-10] [WARN] [1789892172.455242442] [planner_server]: GridBased plugin failed to plan from (4.79, -3.55) to (6.03, -3.42): "Either of the start or goal pose are an obstacle! "
[planner_server-10] [WARN] [1789892172.455352547] [planner_server]: [compute_path_to_pose] [ActionServer] Aborting handle.
[bt_navigator-13] [ERROR] [1789892172.494273562] [bt_navigator_navigate_to_pose_rclcpp_node]: Failed to get result for follow_path in node halt!
[controller_server-8] [INFO] [1789892172.494867456] [local_costmap.local_costmap]: Received request to clear entirely the local_costmap
[planner_server-10] [INFO] [1789892172.495630435] [global_costmap.global_costmap]: Received request to clear entirely the global_costmap
[controller_server-8] [INFO] [1789892172.508683836] [controller_server]: Cancellation was successful. Stopping the robot.
[controller_server-8] [INFO] [1789892172.508758430] [controller_server]: [follow_path] [ActionServer] Client requested to cancel the goal. Cancelling.
[controller_server-8] [INFO] [1789892172.509372120] [controller_server]: Optimizer reset
[planner_server-10] [WARN] [1789892173.467047990] [planner_server]: Planner loop missed its desired rate of 20.0000 Hz. Current loop rate is 1.0288 Hz
[controller_server-8] [INFO] [1789892173.482409005] [controller_server]: Received a goal, begin computing control effort.
[controller_server-8] [INFO] [1789892174.582671574] [controller_server]: Passing new path to controller.
[controller_server-8] [INFO] [1789892175.582628545] [controller_server]: Passing new path to controller.
[collision_monitor-16] [INFO] [1789892175.991722450] [collision_monitor]: Robot to approach for 1.200000 seconds away from collision
[controller_server-8] [INFO] [1789892176.583128627] [controller_server]: Passing new path to controller.
[collision_monitor-16] [INFO] [1789892176.619820150] [collision_monitor]: Robot to continue normal operation
[controller_server-8] [INFO] [1789892177.682748441] [controller_server]: Passing new path to controller.
[controller_server-8] [INFO] [1789892177.784446970] [controller_server]: Reached the goal!
[controller_server-8] [INFO] [1789892177.784688967] [controller_server]: Optimizer reset
[bt_navigator-13] [INFO] [1789892177.808907190] [bt_navigator]: Goal succeeded
[factory_node-20] [INFO] [1789892208.440476024] [factory]: pickup C: took 2 units (4.00 kg), 0 left
[mission_executor-22] [INFO] [1789892209.643592697] [mission_executor]: [20] PICKUP:C done: took 2 units (4.00 kg), 0 left | measured 6.4 m, 49 s, 0.11 Wh, battery 32.8 -> 32.3 %
[mission_executor-22] [INFO] [1789892209.644131019] [mission_executor]: shift over
[mission_executor-22] [INFO] [1789892209.649629645] [mission_executor]: MISSION COMPLETE
[mission_executor-22] run_id: run_20260920_095433
[mission_executor-22] scenario: heavy_load
[mission_executor-22] seed: 1
[mission_executor-22] plan: ''
[mission_executor-22] ended_by: plan_finished
[mission_executor-22] actions: 20
[mission_executor-22] succeeded: 19
[mission_executor-22] failed: 1
[mission_executor-22] sim_duration_s: 1213.3
[mission_executor-22] distance_m: 251.57
[mission_executor-22] energy_drawn_wh: 3.879
[mission_executor-22] energy_charged_wh: 0.0
[mission_executor-22] battery_end_percent: 32.32
[mission_executor-22] delivered_units:
[mission_executor-22]   A: 13
[mission_executor-22]   B: 17
[mission_executor-22]   C: 1
[mission_executor-22] model: ppo
[mission_executor-22] planner: ThetaStar
[mission_executor-22] decisions:
[mission_executor-22]   asked: 20
[mission_executor-22]   answered_by_model: 19
[mission_executor-22]   fallback: 1
[mission_executor-22]   mean_latency_ms: 16.0
[mission_executor-22] navigation:
[mission_executor-22]   drives: 21
[mission_executor-22]   drive_attempt_failures: 11
[mission_executor-22]   timeouts: 0
[mission_executor-22]   recovered_after_retry: 6
[mission_executor-22]   goals_abandoned: 1
[mission_executor-22]   returned_to_charger: 1
[mission_executor-22] prediction_error_percent (non-charge actions, total measured vs predicted):
[mission_executor-22]   duration: -1.0
[mission_executor-22]   distance: 0.1
[mission_executor-22]   energy: -0.3
[mission_executor-22] 
[amcl-6] [INFO] [1789892214.333504249] [rclcpp]: signal_handler(SIGINT/SIGTERM)
[lifecycle_manager-18] [INFO] [1789892214.333564727] [rclcpp]: signal_handler(SIGINT/SIGTERM)
[robot_state_publisher-2] [INFO] [1789892214.333660393] [rclcpp]: signal_handler(SIGINT/SIGTERM)
[velocity_smoother-15] [INFO] [1789892214.333510547] [rclcpp]: signal_handler(SIGINT/SIGTERM)
[collision_monitor-16] [INFO] [1789892214.333759557] [rclcpp]: signal_handler(SIGINT/SIGTERM)
[collision_monitor-16] [INFO] [1789892214.333984376] [collision_monitor]: Running Nav2 LifecycleNode rcl preshutdown (collision_monitor)
[route_server-11] [INFO] [1789892214.333966582] [rclcpp]: signal_handler(SIGINT/SIGTERM)
[route_server-11] [INFO] [1789892214.334034658] [route_server]: Running Nav2 LifecycleNode rcl preshutdown (route_server)
[amcl-6] [INFO] [1789892214.333972380] [amcl]: Running Nav2 LifecycleNode rcl preshutdown (amcl)
[waypoint_follower-14] [INFO] [1789892214.333950288] [rclcpp]: signal_handler(SIGINT/SIGTERM)
[waypoint_follower-14] [INFO] [1789892214.334076742] [waypoint_follower]: Running Nav2 LifecycleNode rcl preshutdown (waypoint_follower)
[velocity_smoother-15] [INFO] [1789892214.334072344] [velocity_smoother]: Running Nav2 LifecycleNode rcl preshutdown (velocity_smoother)
[lifecycle_manager-18] [INFO] [1789892214.334195200] [lifecycle_manager_navigation]: Running Nav2 LifecycleManager rcl preshutdown (lifecycle_manager_navigation)
[lifecycle_manager-18] [INFO] [1789892214.334504788] [lifecycle_manager_navigation]: [34m[1mTerminating bond timer...[0m[0m
[planner_server-10] [INFO] [1789892214.334385531] [rclcpp]: signal_handler(SIGINT/SIGTERM)
[planner_server-10] [INFO] [1789892214.334449708] [planner_server]: Running Nav2 LifecycleNode rcl preshutdown (planner_server)
[route_server-11] [INFO] [1789892214.334714312] [route_server]: Deactivating
[route_server-11] [INFO] [1789892214.334893747] [route_server]: Destroying bond (route_server) to lifecycle manager.
[collision_monitor-16] [INFO] [1789892214.334715711] [collision_monitor]: Deactivating
[collision_monitor-16] [INFO] [1789892214.334814676] [collision_monitor]: Destroying bond (collision_monitor) to lifecycle manager.
[planner_server-10] [INFO] [1789892214.334718910] [planner_server]: Deactivating
[planner_server-10] [INFO] [1789892214.334865557] [global_costmap.global_costmap]: Deactivating
[velocity_smoother-15] [INFO] [1789892214.334678125] [velocity_smoother]: Deactivating
[velocity_smoother-15] [INFO] [1789892214.335038495] [velocity_smoother]: Destroying bond (velocity_smoother) to lifecycle manager.
[python-19] INFO:     Shutting down
[waypoint_follower-14] [INFO] [1789892214.334892048] [waypoint_follower]: Deactivating
[waypoint_follower-14] [INFO] [1789892214.335365677] [waypoint_follower]: Destroying bond (waypoint_follower) to lifecycle manager.
[amcl-6] [INFO] [1789892214.335065385] [amcl]: Deactivating
[amcl-6] [INFO] [1789892214.335153953] [amcl]: Destroying bond (amcl) to lifecycle manager.
[bt_navigator-13] [INFO] [1789892214.335540813] [rclcpp]: signal_handler(SIGINT/SIGTERM)
[bt_navigator-13] [INFO] [1789892214.335597693] [bt_navigator]: Running Nav2 LifecycleNode rcl preshutdown (bt_navigator)
[bt_navigator-13] [INFO] [1789892214.335715450] [bt_navigator]: Deactivating
[lifecycle_manager-7] [INFO] [1789892214.335811316] [rclcpp]: signal_handler(SIGINT/SIGTERM)
[lifecycle_manager-7] [INFO] [1789892214.335897884] [lifecycle_manager_localization]: Running Nav2 LifecycleManager rcl preshutdown (lifecycle_manager_localization)
[bt_navigator-13] [INFO] [1789892214.336699395] [bt_navigator]: Destroying bond (bt_navigator) to lifecycle manager.
[lifecycle_manager-7] [INFO] [1789892214.336724985] [lifecycle_manager_localization]: [34m[1mTerminating bond timer...[0m[0m
[behavior_server-12] [INFO] [1789892214.338827725] [rclcpp]: signal_handler(SIGINT/SIGTERM)
[behavior_server-12] [INFO] [1789892214.338885205] [behavior_server]: Running Nav2 LifecycleNode rcl preshutdown (behavior_server)
[behavior_server-12] [INFO] [1789892214.339077335] [behavior_server]: Deactivating
[behavior_server-12] [INFO] [1789892214.340686654] [behavior_server]: Destroying bond (behavior_server) to lifecycle manager.
[smoother_server-9] [INFO] [1789892214.338942984] [rclcpp]: signal_handler(SIGINT/SIGTERM)
[smoother_server-9] [INFO] [1789892214.339087632] [smoother_server]: Running Nav2 LifecycleNode rcl preshutdown (smoother_server)
[smoother_server-9] [INFO] [1789892214.341507957] [smoother_server]: Deactivating
[smoother_server-9] [INFO] [1789892214.341857631] [smoother_server]: Destroying bond (smoother_server) to lifecycle manager.
[map_server-5] [INFO] [1789892214.339440004] [rclcpp]: signal_handler(SIGINT/SIGTERM)
[map_server-5] [INFO] [1789892214.339646530] [map_server]: Running Nav2 LifecycleNode rcl preshutdown (map_server)
[map_server-5] [INFO] [1789892214.340302792] [map_server]: Deactivating
[map_server-5] [INFO] [1789892214.340719142] [map_server]: Destroying bond (map_server) to lifecycle manager.
[map_server-5] [INFO] [1789892214.351664986] [map_server]: Cleaning up
[map_server-5] [INFO] [1789892214.352062143] [map_server]: Destroying bond (map_server) to lifecycle manager.
[parameter_bridge-4] [INFO] [1789892214.340888181] [rclcpp]: signal_handler(SIGINT/SIGTERM)
[opennav_docking-17] [INFO] [1789892214.341144088] [rclcpp]: signal_handler(SIGINT/SIGTERM)
[opennav_docking-17] [INFO] [1789892214.341329621] [docking_server]: Running Nav2 LifecycleNode rcl preshutdown (docking_server)
[opennav_docking-17] [INFO] [1789892214.341766763] [docking_server]: Deactivating docking_server
[controller_server-8] [INFO] [1789892214.344839753] [rclcpp]: signal_handler(SIGINT/SIGTERM)
[controller_server-8] [INFO] [1789892214.344903830] [controller_server]: Running Nav2 LifecycleNode rcl preshutdown (controller_server)
[controller_server-8] [INFO] [1789892214.345643063] [controller_server]: Deactivating
[controller_server-8] [INFO] [1789892214.345839492] [MPPIController]: Deactivated MPPI Controller: FollowPath
[controller_server-8] [INFO] [1789892214.346512248] [local_costmap.local_costmap]: Deactivating
[amcl-6] [INFO] [1789892214.346306423] [amcl]: Cleaning up
[route_server-11] [INFO] [1789892214.355975529] [route_server]: Cleaning up
[velocity_smoother-15] [INFO] [1789892214.356234135] [velocity_smoother]: Cleaning up
[velocity_smoother-15] [INFO] [1789892214.356267723] [velocity_smoother]: Destroying bond (velocity_smoother) to lifecycle manager.
[bt_navigator-13] [INFO] [1789892214.357122214] [bt_navigator]: Cleaning up
[waypoint_follower-14] [INFO] [1789892214.358857187] [waypoint_follower]: Cleaning up
[collision_monitor-16] [INFO] [1789892214.360767897] [collision_monitor]: Cleaning up
[collision_monitor-16] [INFO] [1789892214.361227531] [collision_monitor]: [FootprintApproach]: Destroying Polygon
[collision_monitor-16] [INFO] [1789892214.361303203] [collision_monitor]: [scan]: Destroying Scan
[smoother_server-9] [INFO] [1789892214.362668510] [smoother_server]: Cleaning up
[behavior_server-12] [INFO] [1789892214.365300859] [behavior_server]: Cleaning up
[collision_monitor-16] [INFO] [1789892214.378169608] [collision_monitor]: Destroying bond (collision_monitor) to lifecycle manager.
[behavior_server-12] [INFO] [1789892214.379972457] [behavior_server]: Destroying bond (behavior_server) to lifecycle manager.
[velocity_smoother-15] [INFO] [1789892214.383742894] [velocity_smoother]: Destroying
[amcl-6] [INFO] [1789892214.399246692] [amcl]: Destroying bond (amcl) to lifecycle manager.
[amcl-6] [INFO] [1789892214.408671486] [amcl]: Destroying
[map_server-5] [INFO] [1789892214.399516194] [map_server]: Destroying
[python-19] INFO:     Waiting for application shutdown.
[python-19] INFO:     Application shutdown complete.
[lifecycle_manager-7] [INFO] [1789892214.436428755] [lifecycle_manager_localization]: Destroying lifecycle_manager_localization
[opennav_docking-17] [INFO] [1789892214.436840306] [docking_server]: Destroying bond (docking_server) to lifecycle manager.
[python-19] INFO:     Finished server process [21261]
[collision_monitor-16] [INFO] [1789892214.441305693] [collision_monitor]: Destroying
[opennav_docking-17] [INFO] [1789892214.447310423] [docking_server]: Cleaning up docking_server
[planner_server-10] [INFO] [1789892214.454937666] [planner_server]: Deactivating plugin SmacLattice of type SmacPlannerLattice
[planner_server-10] [INFO] [1789892214.458107321] [planner_server]: Deactivating plugin ThetaStar of type nav2_theta_star_planner
[smoother_server-9] [INFO] [1789892214.458842755] [smoother_server]: Destroying bond (smoother_server) to lifecycle manager.
[planner_server-10] [INFO] [1789892214.458757986] [planner_server]: Deactivating plugin NavfnAStar of type NavfnPlanner
[planner_server-10] [INFO] [1789892214.462335693] [planner_server]: Deactivating plugin Smac2D of type SmacPlanner2D
[planner_server-10] [INFO] [1789892214.462807422] [planner_server]: Deactivating plugin NavfnDijkstra of type NavfnPlanner
[planner_server-10] [INFO] [1789892214.462837411] [planner_server]: Deactivating plugin GridBased of type nav2_theta_star_planner
[planner_server-10] [INFO] [1789892214.462864002] [planner_server]: Destroying bond (planner_server) to lifecycle manager.
[waypoint_follower-14] [INFO] [1789892214.473730575] [waypoint_follower]: Destroying bond (waypoint_follower) to lifecycle manager.
[planner_server-10] [INFO] [1789892214.477241906] [planner_server]: Cleaning up
[waypoint_follower-14] [INFO] [1789892214.478210256] [waypoint_follower]: Destroying
[route_server-11] [INFO] [1789892214.483743457] [route_server]: Destroying bond (route_server) to lifecycle manager.
[smoother_server-9] [INFO] [1789892214.483961278] [smoother_server]: Destroying
[opennav_docking-17] [INFO] [1789892214.507659714] [docking_server]: Destroying bond (docking_server) to lifecycle manager.
[route_server-11] [INFO] [1789892214.516666259] [route_server]: Destroying
[controller_server-8] [INFO] [1789892214.524693158] [controller_server]: Destroying bond (controller_server) to lifecycle manager.
[controller_server-8] [INFO] [1789892214.535246545] [controller_server]: Cleaning up
[controller_server-8] [INFO] [1789892214.543642211] [MPPIController]: Cleaned up MPPI Controller: FollowPath
[opennav_docking-17] [INFO] [1789892214.549407627] [docking_server]: Destroying
[controller_server-8] [INFO] [1789892214.556313132] [local_costmap.local_costmap]: Cleaning up
[planner_server-10] [INFO] [1789892214.560604981] [global_costmap.global_costmap]: Cleaning up
[behavior_server-12] [INFO] [1789892214.566814737] [behavior_server]: Destroying
[planner_server-10] [INFO] [1789892214.584987769] [planner_server]: Cleaning up plugin SmacLattice of type SmacPlannerLattice
[INFO] [parameter_bridge-4]: process has finished cleanly [pid 20857]
[planner_server-10] [INFO] [1789892214.590146805] [planner_server]: CleaningUp plugin ThetaStar of type nav2_theta_star_planner
[planner_server-10] [INFO] [1789892214.590262063] [planner_server]: Cleaning up plugin NavfnAStar of type NavfnPlanner
[planner_server-10] [INFO] [1789892214.590510074] [planner_server]: Cleaning up plugin Smac2D of type SmacPlanner2D
[planner_server-10] [INFO] [1789892214.591056376] [planner_server]: Cleaning up plugin NavfnDijkstra of type NavfnPlanner
[planner_server-10] [INFO] [1789892214.591138447] [planner_server]: CleaningUp plugin GridBased of type nav2_theta_star_planner
[planner_server-10] [INFO] [1789892214.591340674] [planner_server]: Destroying plugin SmacLattice of type SmacPlannerLattice
[planner_server-10] [INFO] [1789892214.591399852] [planner_server]: Destroying plugin NavfnAStar of type NavfnPlanner
[planner_server-10] [INFO] [1789892214.591447735] [planner_server]: Destroying plugin Smac2D of type SmacPlanner2D
[planner_server-10] [INFO] [1789892214.591469027] [planner_server]: Destroying plugin NavfnDijkstra of type NavfnPlanner
[INFO] [velocity_smoother-15]: process has finished cleanly [pid 20870]
[INFO] [robot_state_publisher-2]: process has finished cleanly [pid 20854]
[factory_node-20] Traceback (most recent call last):
[factory_node-20]   File "/home/robojazzy/robofetch_ws_copy/robofetch_ws/install/robofetch_factory/lib/robofetch_factory/factory_node", line 33, in <module>
[planner_server-10] [INFO] [1789892214.622365962] [planner_server]: Destroying bond (planner_server) to lifecycle manager.
[factory_node-20]     sys.exit(load_entry_point('robofetch-factory', 'console_scripts', 'factory_node')())
[factory_node-20]              ^^^^^^^^^^^^^^^^^^^^^^^^^^^^^^^^^^^^^^^^^^^^^^^^^^^^^^^^^^^^^^^^^^^^^^^^^^
[factory_node-20]   File "/home/robojazzy/robofetch_ws_copy/robofetch_ws/build/robofetch_factory/robofetch_factory/factory_node.py", line 155, in main
[factory_node-20]     rclpy.spin(node)
[factory_node-20]   File "/opt/ros/jazzy/lib/python3.12/site-packages/rclpy/__init__.py", line 247, in spin
[factory_node-20]     executor.spin_once()
[factory_node-20]   File "/opt/ros/jazzy/lib/python3.12/site-packages/rclpy/executors.py", line 926, in spin_once
[factory_node-20]     self._spin_once_impl(timeout_sec)
[factory_node-20]   File "/opt/ros/jazzy/lib/python3.12/site-packages/rclpy/executors.py", line 907, in _spin_once_impl
[factory_node-20]     handler, entity, node = self.wait_for_ready_callbacks(
[factory_node-20]                             ^^^^^^^^^^^^^^^^^^^^^^^^^^^^^^
[factory_node-20]   File "/opt/ros/jazzy/lib/python3.12/site-packages/rclpy/executors.py", line 877, in wait_for_ready_callbacks
[factory_node-20]     return next(self._cb_iter)
[factory_node-20]            ^^^^^^^^^^^^^^^^^^^
[factory_node-20]   File "/opt/ros/jazzy/lib/python3.12/site-packages/rclpy/executors.py", line 785, in _wait_for_ready_callbacks
[factory_node-20]     raise ExternalShutdownException()
[factory_node-20] rclpy.executors.ExternalShutdownException
[controller_server-8] [INFO] [1789892214.625979556] [controller_server]: Destroying bond (controller_server) to lifecycle manager.
[planner_server-10] [INFO] [1789892214.629650429] [global_costmap.global_costmap]: Destroying
[controller_server-8] [INFO] [1789892214.639238964] [local_costmap.local_costmap]: Destroying
[mission_executor-22] Traceback (most recent call last):
[mission_executor-22]   File "/home/robojazzy/robofetch_ws_copy/robofetch_ws/install/robofetch_core/lib/robofetch_core/mission_executor", line 33, in <module>
[mission_executor-22]     sys.exit(load_entry_point('robofetch-core', 'console_scripts', 'mission_executor')())
[mission_executor-22]              ^^^^^^^^^^^^^^^^^^^^^^^^^^^^^^^^^^^^^^^^^^^^^^^^^^^^^^^^^^^^^^^^^^^^^^^^^^^
[mission_executor-22]   File "/home/robojazzy/robofetch_ws_copy/robofetch_ws/build/robofetch_core/robofetch_core/mission_executor.py", line 716, in main
[mission_executor-22]     executor.spin()
[mission_executor-22]   File "/opt/ros/jazzy/lib/python3.12/site-packages/rclpy/executors.py", line 359, in spin
[mission_executor-22]     self._spin_once_impl()
[mission_executor-22]   File "/opt/ros/jazzy/lib/python3.12/site-packages/rclpy/executors.py", line 907, in _spin_once_impl
[mission_executor-22]     handler, entity, node = self.wait_for_ready_callbacks(
[mission_executor-22]                             ^^^^^^^^^^^^^^^^^^^^^^^^^^^^^^
[mission_executor-22]   File "/opt/ros/jazzy/lib/python3.12/site-packages/rclpy/executors.py", line 877, in wait_for_ready_callbacks
[mission_executor-22]     return next(self._cb_iter)
[mission_executor-22]            ^^^^^^^^^^^^^^^^^^^
[mission_executor-22]   File "/opt/ros/jazzy/lib/python3.12/site-packages/rclpy/executors.py", line 785, in _wait_for_ready_callbacks
[mission_executor-22]     raise ExternalShutdownException()
[mission_executor-22] rclpy.executors.ExternalShutdownException
[INFO] [map_server-5]: process has finished cleanly [pid 20858]
[planner_server-10] [INFO] [1789892214.653321375] [planner_server]: Destroying
[INFO] [amcl-6]: process has finished cleanly [pid 20859]
[lifecycle_manager-18] [INFO] [1789892214.656018501] [lifecycle_manager_navigation]: Destroying lifecycle_manager_navigation
[controller_server-8] [INFO] [1789892214.661792514] [controller_server]: Destroying
[INFO] [lifecycle_manager-7]: process has finished cleanly [pid 20860]
[INFO] [smoother_server-9]: process has finished cleanly [pid 20862]
[INFO] [collision_monitor-16]: process has finished cleanly [pid 20871]
[bt_navigator-13] [INFO] [1789892214.700051988] [bt_navigator]: Completed Cleaning up
[bt_navigator-13] [INFO] [1789892214.700141656] [bt_navigator]: Destroying bond (bt_navigator) to lifecycle manager.
[INFO] [waypoint_follower-14]: process has finished cleanly [pid 20869]
[bt_navigator-13] [INFO] [1789892214.709731990] [bt_navigator]: Destroying
[INFO] [behavior_server-12]: process has finished cleanly [pid 20865]
[INFO] [opennav_docking-17]: process has finished cleanly [pid 20872]
[INFO] [route_server-11]: process has finished cleanly [pid 20864]
[gazebo-1] [1;36m[Dbg] [GpuLidarSensor.cc:164] [0m[1;36mLidar points for [[0m[1;36mrobofetch::base_footprint::lidar[0m[1;36m] advertised on [[0m[1;36mscan/points[0m[1;36m][0m[1;36m[0m
[gazebo-1] [1;36m[Dbg] [SignalHandler.cc:142] [0m[1;36mReceived signal[[0m[1;36m2[0m[1;36m].[0m
[gazebo-1] [1;36m[Dbg] [ServerPrivate.cc:122] [0m[1;36mServer received signal[[0m[1;36m2[0m[1;36m][0m
[gazebo-1] [1;36m[Dbg] [Sensors.cc:565] [0m[1;36mSensorsPrivate::Stop[0m[1;36m[0m
[gazebo-1] [1;36m[Dbg] [Sensors.cc:551] [0m[1;36mSensorsPrivate::RenderThread stopped[0m[1;36m[0m
[gazebo-1] [1;36m[Dbg] [gz.cc:434] [0m[1;36mShutting down gz-sim-server[0m[1;36m[0m
[gazebo-1] [1;36m[Dbg] [SimulationRunner.cc:578] [0m[1;36mExiting postupdate worker thread ([0m[1;36m5[0m[1;36m)[0m[1;36m[0m
[gazebo-1] [1;36m[Dbg] [SimulationRunner.cc:578] [0m[1;36mExiting postupdate worker thread ([0m[1;36m1[0m[1;36m)[0m[1;36m[0m
[gazebo-1] [1;36m[Dbg] [SimulationRunner.cc:578] [0m[1;36mExiting postupdate worker thread ([0m[1;36m0[0m[1;36m)[0m[1;36m[0m
[gazebo-1] [1;36m[Dbg] [SimulationRunner.cc:578] [0m[1;36mExiting postupdate worker thread ([0m[1;36m3[0m[1;36m)[0m[1;36m[0m
[gazebo-1] [1;36m[Dbg] [SimulationRunner.cc:578] [0m[1;36mExiting postupdate worker thread ([0m[1;36m2[0m[1;36m)[0m[1;36m[0m
[gazebo-1] [1;36m[Dbg] [SimulationRunner.cc:578] [0m[1;36mExiting postupdate worker thread ([0m[1;36m4[0m[1;36m)[0m[1;36m[0m
[gazebo-1] [1;36m[Dbg] [Sensors.cc:565] [0m[1;36mSensorsPrivate::Stop[0m[1;36m[0m
[INFO] [gazebo-1]: process has finished cleanly [pid 20853]
[INFO] [lifecycle_manager-18]: process has finished cleanly [pid 20873]
[INFO] [planner_server-10]: process has finished cleanly [pid 20863]
[INFO] [controller_server-8]: process has finished cleanly [pid 20861]
[INFO] [bt_navigator-13]: process has finished cleanly [pid 20868]
[ERROR] [factory_node-20]: process has died [pid 21264, exit code 1, cmd '/home/robojazzy/robofetch_ws_copy/robofetch_ws/install/robofetch_factory/lib/robofetch_factory/factory_node --ros-args -r __node:=factory --params-file /tmp/launch_params_14d_v5dp'].
[ERROR] [mission_executor-22]: process has died [pid 21307, exit code 1, cmd '/home/robojazzy/robofetch_ws_copy/robofetch_ws/install/robofetch_core/lib/robofetch_core/mission_executor --ros-args -r __node:=mission_executor --params-file /tmp/launch_params_u9e7_81s --params-file /tmp/launch_params_rt_3t52j'].
[INFO] [python-19]: process has finished cleanly [pid 21261]
