
  config   : config/run.yaml
  scenario : low_battery_start - Robot starts with 30 % battery while the buffers are already half full.
  model    : ns
  planner  : NavfnDijkstra
  view     : headless
  shift    : 3600.0 s simulated
  seed     : 5000     dashboard: false     build: false

[run] 1/3  sourcing ROS 2 Jazzy ...
[run] 2/3  skipping build (build: false)
[run] 3/3  sourcing the workspace and launching ...

  The robot starts on the blue charger (south-west) and begins by itself after ~30 s.
  Sections: A red (north-west), B yellow (north-east), C purple (south-east);
  delivery point green (south-centre).
  Watch it:  http://localhost:8000   (read-only dashboard: model, planner, live results)
  Results:   logs/<run_id>_mission_summary.yaml when the shift ends
  Stop:      Ctrl+C here, then ./scripts/stop.sh

[INFO] [launch]: All log files can be found below /home/robojazzy/.ros/log/2026-09-20-21-10-23-397777-DESKTOP-NOCCT0U-152070
[INFO] [launch]: Default logging verbosity is set to INFO
[INFO] [gazebo-1]: process started with pid [152124]
[INFO] [robot_state_publisher-2]: process started with pid [152125]
[INFO] [create-3]: process started with pid [152127]
[INFO] [parameter_bridge-4]: process started with pid [152128]
[INFO] [map_server-5]: process started with pid [152129]
[INFO] [amcl-6]: process started with pid [152130]
[INFO] [lifecycle_manager-7]: process started with pid [152131]
[INFO] [controller_server-8]: process started with pid [152132]
[INFO] [smoother_server-9]: process started with pid [152133]
[INFO] [planner_server-10]: process started with pid [152134]
[INFO] [route_server-11]: process started with pid [152135]
[INFO] [behavior_server-12]: process started with pid [152136]
[INFO] [bt_navigator-13]: process started with pid [152137]
[INFO] [waypoint_follower-14]: process started with pid [152138]
[INFO] [velocity_smoother-15]: process started with pid [152139]
[INFO] [collision_monitor-16]: process started with pid [152140]
[INFO] [opennav_docking-17]: process started with pid [152141]
[INFO] [lifecycle_manager-18]: process started with pid [152142]
[create-3] [INFO] [1789931424.720819021] [ros_gz_sim]: Requesting list of world names.
[lifecycle_manager-7] [INFO] [1789931424.750594095] [lifecycle_manager_localization]: Creating
[opennav_docking-17] [INFO] [1789931424.754571591] [docking_server]: 
[opennav_docking-17] 	docking_server lifecycle node launched. 
[opennav_docking-17] 	Waiting on external lifecycle transitions to activate
[opennav_docking-17] 	See https://design.ros2.org/articles/node_lifecycle.html for more information.
[opennav_docking-17] [INFO] [1789931424.755162200] [docking_server]: Creating docking_server
[lifecycle_manager-18] [INFO] [1789931424.758829592] [lifecycle_manager_navigation]: Creating
[collision_monitor-16] [INFO] [1789931424.759667577] [collision_monitor]: 
[collision_monitor-16] 	collision_monitor lifecycle node launched. 
[collision_monitor-16] 	Waiting on external lifecycle transitions to activate
[collision_monitor-16] 	See https://design.ros2.org/articles/node_lifecycle.html for more information.
[behavior_server-12] [INFO] [1789931424.765419192] [behavior_server]: 
[behavior_server-12] 	behavior_server lifecycle node launched. 
[behavior_server-12] 	Waiting on external lifecycle transitions to activate
[behavior_server-12] 	See https://design.ros2.org/articles/node_lifecycle.html for more information.
[waypoint_follower-14] [INFO] [1789931424.773567997] [waypoint_follower]: 
[waypoint_follower-14] 	waypoint_follower lifecycle node launched. 
[waypoint_follower-14] 	Waiting on external lifecycle transitions to activate
[waypoint_follower-14] 	See https://design.ros2.org/articles/node_lifecycle.html for more information.
[lifecycle_manager-18] [INFO] [1789931424.773980927] [lifecycle_manager_navigation]: [34m[1mCreating and initializing lifecycle service clients[0m[0m
[robot_state_publisher-2] [INFO] [1789931424.778296977] [robot_state_publisher]: Robot initialized
[controller_server-8] [INFO] [1789931424.778770820] [controller_server]: 
[controller_server-8] 	controller_server lifecycle node launched. 
[controller_server-8] 	Waiting on external lifecycle transitions to activate
[controller_server-8] 	See https://design.ros2.org/articles/node_lifecycle.html for more information.
[waypoint_follower-14] [INFO] [1789931424.779079014] [waypoint_follower]: Creating
[smoother_server-9] [INFO] [1789931424.784300550] [smoother_server]: 
[smoother_server-9] 	smoother_server lifecycle node launched. 
[smoother_server-9] 	Waiting on external lifecycle transitions to activate
[smoother_server-9] 	See https://design.ros2.org/articles/node_lifecycle.html for more information.
[smoother_server-9] [INFO] [1789931424.788838103] [smoother_server]: Creating smoother server
[lifecycle_manager-7] [INFO] [1789931424.790292189] [lifecycle_manager_localization]: [34m[1mCreating and initializing lifecycle service clients[0m[0m
[controller_server-8] [INFO] [1789931424.794301955] [controller_server]: Creating controller server
[amcl-6] [INFO] [1789931424.838286024] [amcl]: 
[amcl-6] 	amcl lifecycle node launched. 
[amcl-6] 	Waiting on external lifecycle transitions to activate
[amcl-6] 	See https://design.ros2.org/articles/node_lifecycle.html for more information.
[amcl-6] [INFO] [1789931424.845657566] [amcl]: Creating
[map_server-5] [INFO] [1789931424.846772525] [map_server]: 
[map_server-5] 	map_server lifecycle node launched. 
[map_server-5] 	Waiting on external lifecycle transitions to activate
[map_server-5] 	See https://design.ros2.org/articles/node_lifecycle.html for more information.
[map_server-5] [INFO] [1789931424.846979038] [map_server]: Creating
[bt_navigator-13] [INFO] [1789931424.869564450] [bt_navigator]: 
[bt_navigator-13] 	bt_navigator lifecycle node launched. 
[bt_navigator-13] 	Waiting on external lifecycle transitions to activate
[bt_navigator-13] 	See https://design.ros2.org/articles/node_lifecycle.html for more information.
[controller_server-8] [INFO] [1789931424.873369040] [local_costmap.local_costmap]: 
[controller_server-8] 	local_costmap lifecycle node launched. 
[controller_server-8] 	Waiting on external lifecycle transitions to activate
[controller_server-8] 	See https://design.ros2.org/articles/node_lifecycle.html for more information.
[lifecycle_manager-7] [INFO] [1789931424.875405334] [lifecycle_manager_localization]: [34m[1mStarting managed nodes bringup...[0m[0m
[lifecycle_manager-7] [INFO] [1789931424.875457368] [lifecycle_manager_localization]: [34m[1mConfiguring map_server[0m[0m
[route_server-11] [INFO] [1789931424.875454504] [route_server]: 
[route_server-11] 	route_server lifecycle node launched. 
[route_server-11] 	Waiting on external lifecycle transitions to activate
[route_server-11] 	See https://design.ros2.org/articles/node_lifecycle.html for more information.
[map_server-5] [INFO] [1789931424.876425009] [map_server]: Configuring
[map_server-5] [INFO] [1789931424.876493465] [map_io]: Loading yaml file: /home/robojazzy/robofetch_ws_copy/robofetch_ws/install/robofetch_nav/share/robofetch_nav/maps/factory_maze.yaml
[bt_navigator-13] [INFO] [1789931424.876789533] [bt_navigator]: Creating
[map_server-5] [INFO] [1789931424.878214595] [map_io]: resolution: 0.05
[map_server-5] [INFO] [1789931424.878243333] [map_io]: origin[0]: -7.75
[map_server-5] [INFO] [1789931424.878250780] [map_io]: origin[1]: -5.5
[map_server-5] [INFO] [1789931424.878256222] [map_io]: origin[2]: 0
[map_server-5] [INFO] [1789931424.878261569] [map_io]: free_thresh: 0.196
[map_server-5] [INFO] [1789931424.878266916] [map_io]: occupied_thresh: 0.65
[map_server-5] [INFO] [1789931424.878273313] [map_io]: mode: trinary
[map_server-5] [INFO] [1789931424.878279327] [map_io]: negate: 0
[map_server-5] [INFO] [1789931424.879403834] [map_io]: Loading image_file: /home/robojazzy/robofetch_ws_copy/robofetch_ws/install/robofetch_nav/share/robofetch_nav/maps/factory_maze.pgm
[controller_server-8] [INFO] [1789931424.881267318] [local_costmap.local_costmap]: Creating Costmap
[map_server-5] [INFO] [1789931424.885482546] [map_io]: Read map /home/robojazzy/robofetch_ws_copy/robofetch_ws/install/robofetch_nav/share/robofetch_nav/maps/factory_maze.pgm: 310 X 220 map @ 0.05 m/cell
[velocity_smoother-15] [INFO] [1789931424.895334724] [velocity_smoother]: 
[velocity_smoother-15] 	velocity_smoother lifecycle node launched. 
[velocity_smoother-15] 	Waiting on external lifecycle transitions to activate
[velocity_smoother-15] 	See https://design.ros2.org/articles/node_lifecycle.html for more information.
[planner_server-10] [INFO] [1789931424.904105740] [planner_server]: 
[planner_server-10] 	planner_server lifecycle node launched. 
[planner_server-10] 	Waiting on external lifecycle transitions to activate
[planner_server-10] 	See https://design.ros2.org/articles/node_lifecycle.html for more information.
[lifecycle_manager-7] [INFO] [1789931424.910103108] [lifecycle_manager_localization]: [34m[1mConfiguring amcl[0m[0m
[amcl-6] [INFO] [1789931424.910968781] [amcl]: Configuring
[amcl-6] [INFO] [1789931424.911113808] [amcl]: initTransforms
[planner_server-10] [INFO] [1789931424.911799988] [planner_server]: Creating
[amcl-6] [INFO] [1789931424.936476975] [amcl]: initPubSub
[amcl-6] [INFO] [1789931424.964082280] [amcl]: Subscribed to map topic.
[planner_server-10] [INFO] [1789931424.975876231] [global_costmap.global_costmap]: 
[planner_server-10] 	global_costmap lifecycle node launched. 
[planner_server-10] 	Waiting on external lifecycle transitions to activate
[planner_server-10] 	See https://design.ros2.org/articles/node_lifecycle.html for more information.
[lifecycle_manager-7] [INFO] [1789931424.976829742] [lifecycle_manager_localization]: [34m[1mActivating map_server[0m[0m
[map_server-5] [INFO] [1789931424.977163236] [map_server]: Activating
[map_server-5] [INFO] [1789931424.977476968] [map_server]: Creating bond (map_server) to lifecycle manager.
[planner_server-10] [INFO] [1789931424.977767403] [global_costmap.global_costmap]: Creating Costmap
[lifecycle_manager-18] [INFO] [1789931424.985670646] [lifecycle_manager_navigation]: [34m[1mStarting managed nodes bringup...[0m[0m
[lifecycle_manager-18] [INFO] [1789931424.985790085] [lifecycle_manager_navigation]: [34m[1mConfiguring controller_server[0m[0m
[controller_server-8] [INFO] [1789931424.986228030] [controller_server]: Configuring controller interface
[controller_server-8] [INFO] [1789931424.986256195] [controller_server]: getting progress checker plugins..
[controller_server-8] [INFO] [1789931424.986918124] [controller_server]: getting goal checker plugins..
[controller_server-8] [INFO] [1789931424.987523341] [controller_server]: Controller frequency set to 10.0000Hz
[controller_server-8] [INFO] [1789931424.987705890] [local_costmap.local_costmap]: Configuring
[controller_server-8] [INFO] [1789931425.006262060] [local_costmap.local_costmap]: Using plugin "voxel_layer"
[amcl-6] [INFO] [1789931425.020134314] [amcl]: Received a 310 X 220 map @ 0.050 m/pix
[controller_server-8] [INFO] [1789931425.022689993] [local_costmap.local_costmap]: Subscribed to Topics: scan
[controller_server-8] [INFO] [1789931425.044462817] [local_costmap.local_costmap]: Initialized plugin "voxel_layer"
[controller_server-8] [INFO] [1789931425.044514946] [local_costmap.local_costmap]: Using plugin "inflation_layer"
[controller_server-8] [INFO] [1789931425.047910616] [local_costmap.local_costmap]: Initialized plugin "inflation_layer"
[lifecycle_manager-7] [INFO] [1789931425.097753709] [lifecycle_manager_localization]: Server map_server connected with bond.
[lifecycle_manager-7] [INFO] [1789931425.097819396] [lifecycle_manager_localization]: [34m[1mActivating amcl[0m[0m
[amcl-6] [INFO] [1789931425.098346228] [amcl]: Activating
[amcl-6] [INFO] [1789931425.098396448] [amcl]: initialPoseReceived
[amcl-6] [INFO] [1789931425.098474451] [amcl]: Setting pose (0.000000): -5.225 -2.975 0.000
[amcl-6] [INFO] [1789931425.098965862] [amcl]: Creating bond (amcl) to lifecycle manager.
[controller_server-8] [INFO] [1789931425.099646409] [controller_server]: Created progress_checker : progress_checker of type nav2_controller::SimpleProgressChecker
[controller_server-8] [INFO] [1789931425.100229667] [controller_server]: Controller Server has progress_checker  progress checkers available.
[controller_server-8] [INFO] [1789931425.102701710] [controller_server]: Created goal checker : general_goal_checker of type nav2_controller::SimpleGoalChecker
[controller_server-8] [INFO] [1789931425.103585428] [controller_server]: Controller Server has general_goal_checker  goal checkers available.
[controller_server-8] [INFO] [1789931425.109103605] [controller_server]: Created controller : FollowPath of type nav2_mppi_controller::MPPIController
[controller_server-8] [INFO] [1789931425.115319993] [controller_server]: Controller period is equal to model dt. Control sequence shifting is ON
[controller_server-8] [INFO] [1789931425.121686945] [controller_server]: ConstraintCritic instantiated with 1 power and 4.000000 weight.
[controller_server-8] [INFO] [1789931425.121757310] [controller_server]: Critic loaded : mppi::critics::ConstraintCritic
[controller_server-8] [INFO] [1789931425.126864276] [controller_server]: InflationCostCritic instantiated with 1 power and 300.000000 / 0.015000 weights. Critic will collision check based on circular cost.
[controller_server-8] [INFO] [1789931425.126940084] [controller_server]: Critic loaded : mppi::critics::CostCritic
[controller_server-8] [INFO] [1789931425.128357985] [controller_server]: GoalCritic instantiated with 1 power and 5.000000 weight.
[controller_server-8] [INFO] [1789931425.128421476] [controller_server]: Critic loaded : mppi::critics::GoalCritic
[controller_server-8] [INFO] [1789931425.129826298] [controller_server]: GoalAngleCritic instantiated with 1 power, 3.000000 weight, 0.500000 angular threshold and symmetric_yaw_tolerance disabled
[controller_server-8] [INFO] [1789931425.129883583] [controller_server]: Critic loaded : mppi::critics::GoalAngleCritic
[controller_server-8] [INFO] [1789931425.133185114] [controller_server]: ReferenceTrajectoryCritic instantiated with 1 power and 14.000000 weight
[controller_server-8] [INFO] [1789931425.133231419] [controller_server]: Critic loaded : mppi::critics::PathAlignCritic
[controller_server-8] [INFO] [1789931425.134754153] [controller_server]: Critic loaded : mppi::critics::PathFollowCritic
[controller_server-8] [INFO] [1789931425.138296472] [controller_server]: PathAngleCritic instantiated with 1 power and 2.000000 weight. Mode set to: Forward Preference
[controller_server-8] [INFO] [1789931425.138364068] [controller_server]: Critic loaded : mppi::critics::PathAngleCritic
[controller_server-8] [INFO] [1789931425.140207121] [controller_server]: PreferForwardCritic instantiated with 1 power and 5.000000 weight.
[controller_server-8] [INFO] [1789931425.140275004] [controller_server]: Critic loaded : mppi::critics::PreferForwardCritic
[controller_server-8] [INFO] [1789931425.141945246] [controller_server]: Optimizer reset
[controller_server-8] [INFO] [1789931425.154435402] [MPPIController]: Configured MPPI Controller: FollowPath
[controller_server-8] [INFO] [1789931425.154508059] [controller_server]: Controller Server has FollowPath  controllers available.
[lifecycle_manager-18] [INFO] [1789931425.189549256] [lifecycle_manager_navigation]: [34m[1mConfiguring smoother_server[0m[0m
[smoother_server-9] [INFO] [1789931425.189902132] [smoother_server]: Configuring smoother server
[lifecycle_manager-7] [INFO] [1789931425.210825609] [lifecycle_manager_localization]: Server amcl connected with bond.
[lifecycle_manager-7] [INFO] [1789931425.210899793] [lifecycle_manager_localization]: [34m[1mManaged nodes are active[0m[0m
[lifecycle_manager-7] [INFO] [1789931425.210922994] [lifecycle_manager_localization]: [34m[1mCreating bond timer...[0m[0m
[smoother_server-9] [INFO] [1789931425.213412890] [smoother_server]: Created smoother : simple_smoother of type nav2_smoother::SimpleSmoother
[smoother_server-9] [INFO] [1789931425.214559165] [smoother_server]: Smoother Server has simple_smoother  smoothers available.
[lifecycle_manager-18] [INFO] [1789931425.230168399] [lifecycle_manager_navigation]: [34m[1mConfiguring planner_server[0m[0m
[planner_server-10] [INFO] [1789931425.230533209] [planner_server]: Configuring
[planner_server-10] [INFO] [1789931425.230570636] [global_costmap.global_costmap]: Configuring
[planner_server-10] [INFO] [1789931425.250298191] [global_costmap.global_costmap]: Using plugin "static_layer"
[planner_server-10] [INFO] [1789931425.256616928] [global_costmap.global_costmap]: Subscribing to the map topic (/map) with transient local durability
[planner_server-10] [INFO] [1789931425.260019089] [global_costmap.global_costmap]: Initialized plugin "static_layer"
[planner_server-10] [INFO] [1789931425.260071696] [global_costmap.global_costmap]: Using plugin "obstacle_layer"
[planner_server-10] [INFO] [1789931425.262495238] [global_costmap.global_costmap]: Subscribed to Topics: scan
[planner_server-10] [INFO] [1789931425.272859925] [global_costmap.global_costmap]: Initialized plugin "obstacle_layer"
[planner_server-10] [INFO] [1789931425.272928477] [global_costmap.global_costmap]: Using plugin "inflation_layer"
[planner_server-10] [INFO] [1789931425.273799687] [global_costmap.global_costmap]: Initialized plugin "inflation_layer"
[planner_server-10] [INFO] [1789931425.326211254] [global_costmap.global_costmap]: StaticLayer: Resizing costmap to 310 X 220 at 0.050000 m/pix
[planner_server-10] [INFO] [1789931425.328309511] [planner_server]: Created global planner plugin GridBased of type nav2_navfn_planner::NavfnPlanner
[planner_server-10] [INFO] [1789931425.328366223] [planner_server]: Configuring plugin GridBased of type NavfnPlanner
[planner_server-10] [INFO] [1789931425.329896977] [planner_server]: Created global planner plugin NavfnDijkstra of type nav2_navfn_planner::NavfnPlanner
[planner_server-10] [INFO] [1789931425.329952352] [planner_server]: Configuring plugin NavfnDijkstra of type NavfnPlanner
[planner_server-10] [INFO] [1789931425.332481107] [planner_server]: Created global planner plugin NavfnAStar of type nav2_navfn_planner::NavfnPlanner
[planner_server-10] [INFO] [1789931425.332526744] [planner_server]: Configuring plugin NavfnAStar of type NavfnPlanner
[planner_server-10] [INFO] [1789931425.358038757] [planner_server]: Created global planner plugin Smac2D of type nav2_smac_planner::SmacPlanner2D
[planner_server-10] [INFO] [1789931425.358119529] [planner_server]: Configuring Smac2D of type SmacPlanner2D
[planner_server-10] [INFO] [1789931425.367668573] [planner_server]: Configured plugin Smac2D of type SmacPlanner2D with tolerance 0.25, maximum iterations 1000000, max on approach iterations 1000, and allowing unknown traversal.
[planner_server-10] [INFO] [1789931425.370228453] [planner_server]: Created global planner plugin ThetaStar of type nav2_theta_star_planner::ThetaStarPlanner
[planner_server-10] [INFO] [1789931425.376512914] [planner_server]: Created global planner plugin SmacLattice of type nav2_smac_planner::SmacPlannerLattice
[planner_server-10] [INFO] [1789931425.376572682] [planner_server]: Configuring SmacLattice of type SmacPlannerLattice
[planner_server-10] [INFO] [1789931425.389378287] [planner_server]: Even sized heuristic lookup table size set 400.000000, increasing size by 1 to make odd
[gazebo-1] [1;32m[Msg] [0m[1;32mGazebo Sim Server v[0m[1;32m8.11.0[0m[1;32m[0m
[gazebo-1] [1;32m[Msg] [0m[1;32mLoading SDF world file[[0m[1;32m/home/robojazzy/robofetch_ws_copy/robofetch_ws/install/robofetch_gazebo/share/robofetch_gazebo/worlds/factory_maze.sdf[0m[1;32m].[0m
[gazebo-1] [1;32m[Msg] [0m[1;32mServing entity system service on [[0m[1;32m/[0m[1;32mentity/system/add[0m[1;32m][0m[1;32m[0m
[gazebo-1] [1;36m[Dbg] [Physics.cc:906] [0m[1;36mLoaded [[0m[1;36mgz::physics::dartsim::Plugin[0m[1;36m] from library [[0m[1;36m/opt/ros/jazzy/opt/gz_physics_vendor/lib/gz-physics-7/engine-plugins/libgz-physics-dartsim-plugin.so[0m[1;36m][0m[1;36m[0m
[gazebo-1] [1;36m[Dbg] [SystemManager.cc:80] [0m[1;36mLoaded system [[0m[1;36mgz::sim::systems::Physics[0m[1;36m] for entity [[0m[1;36m1[0m[1;36m][0m[1;36m[0m
[gazebo-1] [1;36m[Dbg] [SystemManager.cc:80] [0m[1;36mLoaded system [[0m[1;36mgz::sim::systems::SceneBroadcaster[0m[1;36m] for entity [[0m[1;36m1[0m[1;36m][0m[1;36m[0m
[gazebo-1] [1;32m[Msg] [0m[1;32mCreate[0m[1;32m service on [[0m[1;32m/world/factory_maze/create_multiple[0m[1;32m] (async)[0m[1;32m[0m
[gazebo-1] [1;32m[Msg] [0m[1;32mCreate[0m[1;32m service on [[0m[1;32m/world/factory_maze/create_multiple/blocking[0m[1;32m] (blocking)[0m[1;32m[0m
[gazebo-1] [1;32m[Msg] [0m[1;32mRemove[0m[1;32m service on [[0m[1;32m/world/factory_maze/remove[0m[1;32m] (async)[0m[1;32m[0m
[gazebo-1] [1;32m[Msg] [0m[1;32mRemove[0m[1;32m service on [[0m[1;32m/world/factory_maze/remove/blocking[0m[1;32m] (blocking)[0m[1;32m[0m
[gazebo-1] [1;32m[Msg] [0m[1;32mPose[0m[1;32m service on [[0m[1;32m/world/factory_maze/set_pose[0m[1;32m] (async)[0m[1;32m[0m
[gazebo-1] [1;32m[Msg] [0m[1;32mPose[0m[1;32m service on [[0m[1;32m/world/factory_maze/set_pose/blocking[0m[1;32m] (blocking)[0m[1;32m[0m
[gazebo-1] [1;32m[Msg] [0m[1;32mPose[0m[1;32m service on [[0m[1;32m/world/factory_maze/set_pose_vector[0m[1;32m] (async)[0m[1;32m[0m
[gazebo-1] [1;32m[Msg] [0m[1;32mPose[0m[1;32m service on [[0m[1;32m/world/factory_maze/set_pose_vector/blocking[0m[1;32m] (blocking)[0m[1;32m[0m
[gazebo-1] [1;32m[Msg] [0m[1;32mLight configuration[0m[1;32m service on [[0m[1;32m/world/factory_maze/light_config[0m[1;32m] (async)[0m[1;32m[0m
[gazebo-1] [1;32m[Msg] [0m[1;32mLight configuration[0m[1;32m service on [[0m[1;32m/world/factory_maze/light_config/blocking[0m[1;32m] (blocking)[0m[1;32m[0m
[gazebo-1] [1;32m[Msg] [0m[1;32mPhysics[0m[1;32m service on [[0m[1;32m/world/factory_maze/set_physics[0m[1;32m] (async)[0m[1;32m[0m
[gazebo-1] [1;32m[Msg] [0m[1;32mPhysics[0m[1;32m service on [[0m[1;32m/world/factory_maze/set_physics/blocking[0m[1;32m] (blocking)[0m[1;32m[0m
[gazebo-1] [1;32m[Msg] [0m[1;32mSphericalCoordinates[0m[1;32m service on [[0m[1;32m/world/factory_maze/set_spherical_coordinates[0m[1;32m] (async)[0m[1;32m[0m
[gazebo-1] [1;32m[Msg] [0m[1;32mSphericalCoordinates[0m[1;32m service on [[0m[1;32m/world/factory_maze/set_spherical_coordinates/blocking[0m[1;32m] (blocking)[0m[1;32m[0m
[gazebo-1] [1;32m[Msg] [0m[1;32mEnable collision[0m[1;32m service on [[0m[1;32m/world/factory_maze/enable_collision[0m[1;32m] (async)[0m[1;32m[0m
[gazebo-1] [1;32m[Msg] [0m[1;32mEnable collision[0m[1;32m service on [[0m[1;32m/world/factory_maze/enable_collision/blocking[0m[1;32m] (blocking)[0m[1;32m[0m
[gazebo-1] [1;32m[Msg] [0m[1;32mDisable collision[0m[1;32m service on [[0m[1;32m/world/factory_maze/disable_collision[0m[1;32m] (async)[0m[1;32m[0m
[gazebo-1] [1;32m[Msg] [0m[1;32mDisable collision[0m[1;32m service on [[0m[1;32m/world/factory_maze/disable_collision/blocking[0m[1;32m] (blocking)[0m[1;32m[0m
[gazebo-1] [1;32m[Msg] [0m[1;32mMaterial[0m[1;32m service on [[0m[1;32m/world/factory_maze/visual_config[0m[1;32m] (async)[0m[1;32m[0m
[gazebo-1] [1;32m[Msg] [0m[1;32mMaterial[0m[1;32m service on [[0m[1;32m/world/factory_maze/visual_config/blocking[0m[1;32m] (blocking)[0m[1;32m[0m
[gazebo-1] [1;32m[Msg] [0m[1;32mMaterial[0m[1;32m service on [[0m[1;32m/world/factory_maze/wheel_slip[0m[1;32m] (async)[0m[1;32m[0m
[create-3] [INFO] [1789931425.783126533] [ros_gz_sim]: Waiting messages on topic [/robot_description].
[create-3] [INFO] [1789931425.795583463] [ros_gz_sim]: Entity creation successful.
[planner_server-10] [INFO] [1789931425.795942641] [planner_server]: Configured plugin SmacLattice of type SmacPlannerLattice with maximum iterations 1000000, max on approach iterations 1000, and allowing unknown traversal. Tolerance 0.25. Using motion model: State Lattice. State lattice file: /opt/ros/jazzy/share/nav2_smac_planner/sample_primitives/5cm_resolution/0.5m_turning_radius/diff/output.json.
[planner_server-10] [INFO] [1789931425.795984554] [planner_server]: Planner Server has GridBased NavfnDijkstra NavfnAStar Smac2D ThetaStar SmacLattice  planners available.
[lifecycle_manager-18] [INFO] [1789931425.822969176] [lifecycle_manager_navigation]: [34m[1mConfiguring route_server[0m[0m
[route_server-11] [INFO] [1789931425.823318997] [route_server]: Configuring
[route_server-11] [INFO] [1789931425.881979125] [route_server]: Created GraphFileLoader GeoJsonGraphFileLoader of type nav2_route::GeoJsonGraphFileLoader
[route_server-11] [INFO] [1789931425.882072800] [route_server]: Configuring geojson graph file loader
[route_server-11] [INFO] [1789931425.882082528] [route_server]: Loading graph file from /opt/ros/jazzy/share/nav2_route/graphs/sample_graph.geojson, by parser nav2_route::GeoJsonGraphFileLoader
[route_server-11] [INFO] [1789931425.889344665] [route_server]: Created edge cost function plugin DistanceScorer of type nav2_route::DistanceScorer
[route_server-11] [INFO] [1789931425.889420151] [route_server]: Configuring distance scorer.
[route_server-11] [INFO] [1789931425.889850883] [route_server]: Created edge cost function plugin CostmapScorer of type nav2_route::CostmapScorer
[route_server-11] [INFO] [1789931425.889875591] [route_server]: Configuring costmap scorer.
[route_server-11] [INFO] [1789931425.895689795] [route_server]: Created route operation AdjustSpeedLimit of type nav2_route::AdjustSpeedLimit
[route_server-11] [INFO] [1789931425.895797575] [route_server]: Configuring Adjust speed limit operation.
[route_server-11] [INFO] [1789931425.899833598] [route_server]: Created route operation ReroutingService of type nav2_route::ReroutingService
[route_server-11] [INFO] [1789931425.899893519] [route_server]: Configuring Rerouting service operation.
[parameter_bridge-4] [INFO] [1789931425.900498568] [ros_gz_bridge]: Creating ROS->GZ Bridge: [cmd_vel (geometry_msgs/msg/Twist) -> cmd_vel (gz.msgs.Twist)] (Lazy 0)
[route_server-11] [INFO] [1789931425.903765635] [route_server]: Created route operation CollisionMonitor of type nav2_route::CollisionMonitor
[route_server-11] [INFO] [1789931425.904065922] [route_server]: Using costmap topic: local_costmap/costmap_raw instead of server costmap topic: global_costmap/costmap_raw for CollisionMonitor.
[parameter_bridge-4] [INFO] [1789931425.907335518] [ros_gz_bridge]: Creating GZ->ROS Bridge: [odom (gz.msgs.Odometry) -> odom (nav_msgs/msg/Odometry)] (Lazy 0)
[lifecycle_manager-18] [INFO] [1789931425.912301876] [lifecycle_manager_navigation]: [34m[1mConfiguring behavior_server[0m[0m
[behavior_server-12] [INFO] [1789931425.912744865] [behavior_server]: Configuring
[parameter_bridge-4] [INFO] [1789931425.916388968] [ros_gz_bridge]: Creating GZ->ROS Bridge: [tf (gz.msgs.Pose_V) -> tf (tf2_msgs/msg/TFMessage)] (Lazy 0)
[parameter_bridge-4] [INFO] [1789931425.921372447] [ros_gz_bridge]: Creating GZ->ROS Bridge: [joint_states (gz.msgs.Model) -> joint_states (sensor_msgs/msg/JointState)] (Lazy 0)
[behavior_server-12] [INFO] [1789931425.923190705] [behavior_server]: Creating behavior plugin spin of type nav2_behaviors::Spin
[parameter_bridge-4] [INFO] [1789931425.926766327] [ros_gz_bridge]: Creating GZ->ROS Bridge: [scan (gz.msgs.LaserScan) -> scan (sensor_msgs/msg/LaserScan)] (Lazy 0)
[behavior_server-12] [INFO] [1789931425.927015837] [behavior_server]: Creating behavior plugin backup of type nav2_behaviors::BackUp
[INFO] [create-3]: process has finished cleanly [pid 152127]
[parameter_bridge-4] [INFO] [1789931425.928944210] [ros_gz_bridge]: Creating GZ->ROS Bridge: [clock (gz.msgs.Clock) -> clock (rosgraph_msgs/msg/Clock)] (Lazy 0)
[parameter_bridge-4] [INFO] [1789931425.930853225] [ros_gz_bridge]: Creating GZ->ROS Bridge: [/model/robofetch/pose (gz.msgs.Pose) -> /model/robofetch/pose (geometry_msgs/msg/Pose)] (Lazy 0)
[behavior_server-12] [INFO] [1789931425.931994743] [behavior_server]: Creating behavior plugin drive_on_heading of type nav2_behaviors::DriveOnHeading
[behavior_server-12] [INFO] [1789931425.935757133] [behavior_server]: Creating behavior plugin assisted_teleop of type nav2_behaviors::AssistedTeleop
[behavior_server-12] [INFO] [1789931425.942245061] [behavior_server]: Creating behavior plugin wait of type nav2_behaviors::Wait
[behavior_server-12] [INFO] [1789931425.956769531] [behavior_server]: Configuring spin
[behavior_server-12] [INFO] [1789931425.971590105] [behavior_server]: Configuring backup
[behavior_server-12] [INFO] [1789931425.987276909] [behavior_server]: Configuring drive_on_heading
[behavior_server-12] [INFO] [1789931425.999318054] [behavior_server]: Configuring assisted_teleop
[behavior_server-12] [INFO] [1789931426.015935874] [behavior_server]: Configuring wait
[lifecycle_manager-18] [INFO] [1789931426.027698230] [lifecycle_manager_navigation]: [34m[1mConfiguring velocity_smoother[0m[0m
[velocity_smoother-15] [INFO] [1789931426.028016221] [velocity_smoother]: Configuring velocity smoother
[lifecycle_manager-18] [INFO] [1789931426.039957853] [lifecycle_manager_navigation]: [34m[1mConfiguring collision_monitor[0m[0m
[collision_monitor-16] [INFO] [1789931426.040293743] [collision_monitor]: Configuring
[collision_monitor-16] [INFO] [1789931426.052873400] [collision_monitor]: [scan]: Creating Scan
[collision_monitor-16] [INFO] [1789931426.058258137] [collision_monitor]: [FootprintApproach]: Creating Polygon
[collision_monitor-16] [INFO] [1789931426.058883126] [collision_monitor]: [FootprintApproach]: Polygon points are not defined. Using dynamic subscription instead.
[collision_monitor-16] [INFO] [1789931426.063015646] [collision_monitor]: [FootprintApproach]: Making footprint subscriber on /local_costmap/published_footprint topic
[lifecycle_manager-18] [INFO] [1789931426.081681001] [lifecycle_manager_navigation]: [34m[1mConfiguring bt_navigator[0m[0m
[bt_navigator-13] [INFO] [1789931426.082024964] [bt_navigator]: Configuring
[bt_navigator-13] [INFO] [1789931426.094890803] [bt_navigator]: Creating navigator id navigate_to_pose of type nav2_bt_navigator::NavigateToPoseNavigator
[bt_navigator-13] [INFO] [1789931426.305688509] [bt_navigator]: Creating navigator id navigate_through_poses of type nav2_bt_navigator::NavigateThroughPosesNavigator
[lifecycle_manager-18] [INFO] [1789931426.360178276] [lifecycle_manager_navigation]: [34m[1mConfiguring waypoint_follower[0m[0m
[waypoint_follower-14] [INFO] [1789931426.360533814] [waypoint_follower]: Configuring
[waypoint_follower-14] [INFO] [1789931426.405753889] [waypoint_follower]: Created waypoint_task_executor : wait_at_waypoint of type nav2_waypoint_follower::WaitAtWaypoint
[lifecycle_manager-18] [INFO] [1789931426.407529735] [lifecycle_manager_navigation]: [34m[1mConfiguring docking_server[0m[0m
[opennav_docking-17] [INFO] [1789931426.407937705] [docking_server]: Configuring docking_server
[opennav_docking-17] [INFO] [1789931426.407998502] [docking_server]: Controller frequency set to 50.0000Hz
[opennav_docking-17] [INFO] [1789931426.459211182] [docking_server]: Created charging dock plugin simple_charging_dock of type opennav_docking::SimpleChargingDock
[opennav_docking-17] [WARN] [1789931426.472036458] [docking_server]: Dock database filepath nor dock parameters set. Docking actions can only be executed specifying the dock pose via the action request. Or update the dock database via the reload_database service.
[opennav_docking-17] [INFO] [1789931426.472084025] [docking_server]: Docking Server has 1 dock types and 0 dock instances available.
[lifecycle_manager-18] [INFO] [1789931426.475571906] [lifecycle_manager_navigation]: [34m[1mActivating controller_server[0m[0m
[controller_server-8] [INFO] [1789931426.475896803] [controller_server]: Activating
[controller_server-8] [INFO] [1789931426.475927250] [local_costmap.local_costmap]: Activating
[controller_server-8] [INFO] [1789931426.475936005] [local_costmap.local_costmap]: Checking transform
[controller_server-8] [INFO] [1789931426.475973261] [local_costmap.local_costmap]: Timed out waiting for transform from base_footprint to odom to become available, tf error: Invalid frame ID "odom" passed to canTransform argument target_frame - frame does not exist
[controller_server-8] [INFO] [1789931426.976135086] [local_costmap.local_costmap]: Timed out waiting for transform from base_footprint to odom to become available, tf error: Invalid frame ID "odom" passed to canTransform argument target_frame - frame does not exist
[gazebo-1] [1;32m[Msg] [0m[1;32mMaterial[0m[1;32m service on [[0m[1;32m/world/factory_maze/wheel_slip/blocking[0m[1;32m] (blocking)[0m[1;32m[0m
[gazebo-1] [1;36m[Dbg] [SystemManager.cc:80] [0m[1;36mLoaded system [[0m[1;36mgz::sim::systems::UserCommands[0m[1;36m] for entity [[0m[1;36m1[0m[1;36m][0m[1;36m[0m
[gazebo-1] [1;36m[Dbg] [SystemManager.cc:80] [0m[1;36mLoaded system [[0m[1;36mgz::sim::systems::Contact[0m[1;36m] for entity [[0m[1;36m1[0m[1;36m][0m[1;36m[0m
[gazebo-1] [1;36m[Dbg] [Sensors.cc:697] [0m[1;36mConfiguring Sensors system[0m[1;36m[0m
[gazebo-1] [1;36m[Dbg] [Sensors.cc:557] [0m[1;36mSensorsPrivate::Run[0m[1;36m[0m
[gazebo-1] [1;36m[Dbg] [SystemManager.cc:80] [0m[1;36mLoaded system [[0m[1;36mgz::sim::systems::Sensors[0m[1;36m] for entity [[0m[1;36m1[0m[1;36m][0m[1;36m[0m
[gazebo-1] [1;36m[Dbg] [Sensors.cc:532] [0m[1;36mSensorsPrivate::RenderThread started[0m[1;36m[0m
[gazebo-1] [1;36m[Dbg] [Sensors.cc:337] [0m[1;36mWaiting for init[0m[1;36m[0m
[gazebo-1] [1;32m[Msg] [0m[1;32mLoaded level [[0m[1;32mdefault[0m[1;32m][0m[1;32m[0m
[gazebo-1] [1;32m[Msg] [0m[1;32mServing world controls on [[0m[1;32m/world/factory_maze[0m[1;32m/control], [[0m[1;32m/world/factory_maze[0m[1;32m/control/state] and [[0m[1;32m/world/factory_maze[0m[1;32m/playback/control][0m[1;32m[0m
[gazebo-1] [1;32m[Msg] [0m[1;32mServing GUI information on [[0m[1;32m/world/factory_maze[0m[1;32m/[0m[1;32mgui/info[0m[1;32m][0m[1;32m[0m
[gazebo-1] [1;32m[Msg] [0m[1;32mWorld [[0m[1;32mfactory_maze[0m[1;32m] initialized with [[0m[1;32mstep[0m[1;32m] physics profile.[0m[1;32m[0m
[gazebo-1] [1;32m[Msg] [0m[1;32mServing world SDF generation service on [[0m[1;32m/world/factory_maze[0m[1;32m/[0m[1;32mgenerate_world_sdf[0m[1;32m][0m[1;32m[0m
[gazebo-1] [1;32m[Msg] [0m[1;32mServing world names on [[0m[1;32m/gazebo/worlds[0m[1;32m][0m[1;32m[0m
[gazebo-1] [1;32m[Msg] [0m[1;32mResource path add service on [[0m[1;32m/gazebo/resource_paths/add[0m[1;32m].[0m[1;32m[0m
[gazebo-1] [1;32m[Msg] [0m[1;32mResource path get service on [[0m[1;32m/gazebo/resource_paths/get[0m[1;32m].[0m[1;32m[0m
[gazebo-1] [1;32m[Msg] [0m[1;32mResource path resolve service on [[0m[1;32m/gazebo/resource_paths/resolve[0m[1;32m].[0m[1;32m[0m
[gazebo-1] [1;32m[Msg] [0m[1;32mResource paths published on [[0m[1;32m/gazebo/resource_paths[0m[1;32m].[0m[1;32m[0m
[gazebo-1] [1;32m[Msg] [0m[1;32mServer control service on [[0m[1;32m/server_control[0m[1;32m].[0m[1;32m[0m
[gazebo-1] [1;32m[Msg] [0m[1;32mFound no publishers on /stats, adding root stats topic[0m[1;32m[0m
[gazebo-1] [1;32m[Msg] [0m[1;32mFound no publishers on /clock, adding root clock topic[0m[1;32m[0m
[gazebo-1] [1;36m[Dbg] [SimulationRunner.cc:551] [0m[1;36mCreating PostUpdate worker threads: [0m[1;36m4[0m[1;36m[0m
[gazebo-1] [1;36m[Dbg] [SimulationRunner.cc:562] [0m[1;36mCreating postupdate worker thread ([0m[1;36m0[0m[1;36m)[0m[1;36m[0m
[gazebo-1] [1;36m[Dbg] [SimulationRunner.cc:562] [0m[1;36mCreating postupdate worker thread ([0m[1;36m1[0m[1;36m)[0m[1;36m[0m
[gazebo-1] [1;36m[Dbg] [SimulationRunner.cc:562] [0m[1;36mCreating postupdate worker thread ([0m[1;36m2[0m[1;36m)[0m[1;36m[0m
[gazebo-1] [1;33mWarning [Utils.cc:132][0m [/sdf/model[@name="robofetch"]/link[@name="base_footprint"]/sensor[@name="lidar"]/gz_frame_id:<urdf-string>:L0]: XML Element[gz_frame_id], child of element[sensor], not defined in SDF. Copying[gz_frame_id] as children of [sensor].
[controller_server-8] [INFO] [1789931427.476009464] [local_costmap.local_costmap]: Timed out waiting for transform from base_footprint to odom to become available, tf error: Invalid frame ID "odom" passed to canTransform argument target_frame - frame does not exist
[INFO] [python-19]: process started with pid [152463]
[controller_server-8] [INFO] [1789931427.976074695] [local_costmap.local_costmap]: Timed out waiting for transform from base_footprint to odom to become available, tf error: Invalid frame ID "odom" passed to canTransform argument target_frame - frame does not exist
[python-19] INFO:     Started server process [152463]
[python-19] INFO:     Waiting for application startup.
[python-19] INFO:     Application startup complete.
[python-19] INFO:     Uvicorn running on http://0.0.0.0:8001 (Press CTRL+C to quit)
[gazebo-1] [1;32m[Msg] [0m[1;32mDiffDrive subscribing to twist messages on [[0m[1;32mcmd_vel[0m[1;32m][0m[1;32m[0m
[gazebo-1] [1;36m[Dbg] [SystemManager.cc:80] [0m[1;36mLoaded system [[0m[1;36mgz::sim::systems::DiffDrive[0m[1;36m] for entity [[0m[1;36m129[0m[1;36m][0m[1;36m[0m
[gazebo-1] [1;36m[Dbg] [SystemManager.cc:80] [0m[1;36mLoaded system [[0m[1;36mgz::sim::systems::JointStatePublisher[0m[1;36m] for entity [[0m[1;36m129[0m[1;36m][0m[1;36m[0m
[gazebo-1] [1;36m[Dbg] [SystemManager.cc:80] [0m[1;36mLoaded system [[0m[1;36mgz::sim::systems::PosePublisher[0m[1;36m] for entity [[0m[1;36m129[0m[1;36m][0m[1;36m[0m
[gazebo-1] [1;36m[Dbg] [UserCommands.cc:1094] [0m[1;36mCreated entity [[0m[1;36m129[0m[1;36m] named [[0m[1;36mrobofetch[0m[1;36m][0m[1;36m[0m
[gazebo-1] [1;36m[Dbg] [SimulationFeatures.cc:90] [0m[1;36mSimulation timestep set to: [0m[1;36m0.004[0m[1;36m[0m
[gazebo-1] [1;36m[Dbg] [Sensors.cc:953] [0m[1;36mInitialization needed[0m[1;36m[0m
[gazebo-1] [1;36m[Dbg] [Sensors.cc:349] [0m[1;36mInitializing render context[0m[1;36m[0m
[gazebo-1] [1;32m[Msg] [0m[1;32mLoading plugin [[0m[1;32mgz-rendering-ogre2[0m[1;32m][0m[1;32m[0m
[gazebo-1] [1;32m[Msg] [0m[1;32mServing scene information on [[0m[1;32m/world/factory_maze[0m[1;32m/[0m[1;32mscene/info[0m[1;32m][0m[1;32m[0m
[gazebo-1] [1;32m[Msg] [0m[1;32mServing graph information on [[0m[1;32m/world/factory_maze[0m[1;32m/[0m[1;32mscene/graph[0m[1;32m][0m[1;32m[0m
[gazebo-1] [1;32m[Msg] [0m[1;32mServing full state on [[0m[1;32m/world/factory_maze[0m[1;32m/[0m[1;32mstate[0m[1;32m][0m[1;32m[0m
[gazebo-1] [1;32m[Msg] [0m[1;32mServing full state (async) on [[0m[1;32m/world/factory_maze[0m[1;32m/[0m[1;32mstate_async[0m[1;32m][0m[1;32m[0m
[gazebo-1] [1;32m[Msg] [0m[1;32mPublishing scene information on [[0m[1;32m/world/factory_maze/scene/info[0m[1;32m][0m[1;32m[0m
[gazebo-1] [1;32m[Msg] [0m[1;32mPublishing entity deletions on [[0m[1;32m/world/factory_maze/scene/deletion[0m[1;32m][0m[1;32m[0m
[gazebo-1] [1;32m[Msg] [0m[1;32mPublishing state changes on [[0m[1;32m/world/factory_maze/state[0m[1;32m][0m[1;32m[0m
[gazebo-1] [1;32m[Msg] [0m[1;32mPublishing pose messages on [[0m[1;32m/world/factory_maze[0m[1;32m/[0m[1;32mpose/info[0m[1;32m][0m[1;32m[0m
[gazebo-1] [1;32m[Msg] [0m[1;32mPublishing dynamic pose messages on [[0m[1;32m/world/factory_maze[0m[1;32m/[0m[1;32mdynamic_pose/info[0m[1;32m][0m[1;32m[0m
[gazebo-1] [1;36m[Dbg] [SimulationRunner.cc:578] [0m[1;36mExiting postupdate worker thread ([0m[1;36m2[0m[1;36m)[0m[1;36m[0m
[gazebo-1] [1;36m[Dbg] [SimulationRunner.cc:578] [0m[1;36mExiting postupdate worker thread ([0m[1;36m1[0m[1;36m)[0m[1;36m[0m
[gazebo-1] [1;36m[Dbg] [SimulationRunner.cc:578] [0m[1;36mExiting postupdate worker thread ([0m[1;36m0[0m[1;36m)[0m[1;36m[0m
[gazebo-1] [1;36m[Dbg] [SimulationRunner.cc:551] [0m[1;36mCreating PostUpdate worker threads: [0m[1;36m7[0m[1;36m[0m
[gazebo-1] [1;36m[Dbg] [SimulationRunner.cc:562] [0m[1;36mCreating postupdate worker thread ([0m[1;36m0[0m[1;36m)[0m[1;36m[0m
[gazebo-1] [1;36m[Dbg] [SimulationRunner.cc:562] [0m[1;36mCreating postupdate worker thread ([0m[1;36m1[0m[1;36m)[0m[1;36m[0m
[gazebo-1] [1;36m[Dbg] [SimulationRunner.cc:562] [0m[1;36mCreating postupdate worker thread ([0m[1;36m2[0m[1;36m)[0m[1;36m[0m
[gazebo-1] [1;36m[Dbg] [SimulationRunner.cc:562] [0m[1;36mCreating postupdate worker thread ([0m[1;36m3[0m[1;36m)[0m[1;36m[0m
[gazebo-1] [1;36m[Dbg] [SimulationRunner.cc:562] [0m[1;36mCreating postupdate worker thread ([0m[1;36m4[0m[1;36m)[0m[1;36m[0m
[gazebo-1] [1;36m[Dbg] [SimulationRunner.cc:562] [0m[1;36mCreating postupdate worker thread ([0m[1;36m5[0m[1;36m)[0m[1;36m[0m
[gazebo-1] [1;36m[Dbg] [RenderUtil.cc:2646] [0m[1;36mCreate scene [[0m[1;36mscene[0m[1;36m][0m[1;36m[0m
[gazebo-1] [1;36m[Dbg] [Sensors.cc:391] [0m[1;36mRendering Thread initialized[0m[1;36m[0m
[gazebo-1] [1;36m[Dbg] [Sensors.cc:953] [0m[1;36mInitialization needed[0m[1;36m[0m
[gazebo-1] [1;36m[Dbg] [Lidar.cc:139] [0m[1;36mLaser scans for [[0m[1;36mrobofetch::base_footprint::lidar[0m[1;36m] advertised on [[0m[1;36mscan[0m[1;36m][0m[1;36m[0m
[controller_server-8] [INFO] [1789931428.476536321] [local_costmap.local_costmap]: start
[amcl-6] [INFO] [1789931428.515917775] [amcl]: createLaserObject
[controller_server-8] [WARN] [1789931428.679116165] [controller_server]: Parameter controller_server.verbose not found
[controller_server-8] [INFO] [1789931428.679810512] [controller_server]: Optimizer reset
[controller_server-8] [INFO] [1789931428.680178210] [MPPIController]: Activated MPPI Controller: FollowPath
[controller_server-8] [INFO] [1789931428.680212256] [controller_server]: Creating bond (controller_server) to lifecycle manager.
[lifecycle_manager-18] [INFO] [1789931428.795163676] [lifecycle_manager_navigation]: Server controller_server connected with bond.
[lifecycle_manager-18] [INFO] [1789931428.795254530] [lifecycle_manager_navigation]: [34m[1mActivating smoother_server[0m[0m
[smoother_server-9] [INFO] [1789931428.796184573] [smoother_server]: Activating
[smoother_server-9] [INFO] [1789931428.796321439] [smoother_server]: Creating bond (smoother_server) to lifecycle manager.
[lifecycle_manager-18] [INFO] [1789931428.906908825] [lifecycle_manager_navigation]: Server smoother_server connected with bond.
[lifecycle_manager-18] [INFO] [1789931428.906980517] [lifecycle_manager_navigation]: [34m[1mActivating planner_server[0m[0m
[planner_server-10] [INFO] [1789931428.907529340] [planner_server]: Activating
[planner_server-10] [INFO] [1789931428.907752391] [global_costmap.global_costmap]: Activating
[planner_server-10] [INFO] [1789931428.907776710] [global_costmap.global_costmap]: Checking transform
[planner_server-10] [INFO] [1789931428.908087210] [global_costmap.global_costmap]: Timed out waiting for transform from base_footprint to map to become available, tf error: Lookup would require extrapolation into the past.  Requested time 0.504000 but the earliest data is at time 1.100000, when looking up transform from frame [base_footprint] to frame [map]
[planner_server-10] [INFO] [1789931429.408058331] [global_costmap.global_costmap]: Timed out waiting for transform from base_footprint to map to become available, tf error: Lookup would require extrapolation into the past.  Requested time 0.972000 but the earliest data is at time 1.100000, when looking up transform from frame [base_footprint] to frame [map]
[INFO] [factory_node-20]: process started with pid [152534]
[INFO] [robot_state_node-21]: process started with pid [152535]
[planner_server-10] [INFO] [1789931429.908514359] [global_costmap.global_costmap]: start
[factory_node-20] [INFO] [1789931430.298661414] [factory]: section A [low_battery_start, seed 5000]: 20 units/h, buffer 8, 0.5 kg/unit, time_scale 1
[factory_node-20] [INFO] [1789931430.299466639] [factory]: section B [low_battery_start, seed 5000]: 30 units/h, buffer 10, 0.4 kg/unit, time_scale 1
[factory_node-20] [INFO] [1789931430.301103175] [factory]: section C [low_battery_start, seed 5000]: 5 units/h, buffer 3, 1.5 kg/unit, time_scale 1
[factory_node-20] [INFO] [1789931430.302129149] [factory]: logging to /home/robojazzy/robofetch_ws_copy/robofetch_ws/logs/run_20260920_211023_section_*.csv
[robot_state_node-21] [INFO] [1789931430.412681647] [robot_state_node]: Robot state monitor up. Run run_20260920_211023, logging to /home/robojazzy/robofetch_ws_copy/robofetch_ws/logs/run_20260920_211023_robot.csv
[planner_server-10] [INFO] [1789931430.963453997] [planner_server]: Activating plugin SmacLattice of type SmacPlannerLattice
[planner_server-10] [INFO] [1789931430.963603596] [planner_server]: Activating plugin ThetaStar of type nav2_theta_star_planner
[planner_server-10] [INFO] [1789931430.963623646] [planner_server]: Activating plugin NavfnAStar of type NavfnPlanner
[planner_server-10] [INFO] [1789931430.963659172] [planner_server]: Activating plugin Smac2D of type SmacPlanner2D
[planner_server-10] [INFO] [1789931430.963679320] [planner_server]: Activating plugin NavfnDijkstra of type NavfnPlanner
[planner_server-10] [INFO] [1789931430.963688956] [planner_server]: Activating plugin GridBased of type NavfnPlanner
[planner_server-10] [INFO] [1789931430.966917547] [planner_server]: Creating bond (planner_server) to lifecycle manager.
[lifecycle_manager-18] [INFO] [1789931431.076360464] [lifecycle_manager_navigation]: Server planner_server connected with bond.
[lifecycle_manager-18] [INFO] [1789931431.076441736] [lifecycle_manager_navigation]: [34m[1mActivating route_server[0m[0m
[route_server-11] [INFO] [1789931431.077147391] [route_server]: Activating
[route_server-11] [INFO] [1789931431.077448632] [route_server]: Creating bond (route_server) to lifecycle manager.
[lifecycle_manager-18] [INFO] [1789931431.188729561] [lifecycle_manager_navigation]: Server route_server connected with bond.
[lifecycle_manager-18] [INFO] [1789931431.188784554] [lifecycle_manager_navigation]: [34m[1mActivating behavior_server[0m[0m
[behavior_server-12] [INFO] [1789931431.189215636] [behavior_server]: Activating
[behavior_server-12] [INFO] [1789931431.189240066] [behavior_server]: Activating spin
[behavior_server-12] [INFO] [1789931431.189252914] [behavior_server]: Activating backup
[behavior_server-12] [INFO] [1789931431.189262453] [behavior_server]: Activating drive_on_heading
[behavior_server-12] [INFO] [1789931431.189272478] [behavior_server]: Activating assisted_teleop
[behavior_server-12] [INFO] [1789931431.189287175] [behavior_server]: Activating wait
[behavior_server-12] [INFO] [1789931431.189347910] [behavior_server]: Creating bond (behavior_server) to lifecycle manager.
[lifecycle_manager-18] [INFO] [1789931431.632586700] [lifecycle_manager_navigation]: Server behavior_server connected with bond.
[lifecycle_manager-18] [INFO] [1789931431.632655319] [lifecycle_manager_navigation]: [34m[1mActivating velocity_smoother[0m[0m
[velocity_smoother-15] [INFO] [1789931431.633846465] [velocity_smoother]: Activating
[velocity_smoother-15] [INFO] [1789931431.634320568] [velocity_smoother]: Creating bond (velocity_smoother) to lifecycle manager.
[lifecycle_manager-18] [INFO] [1789931431.752481877] [lifecycle_manager_navigation]: Server velocity_smoother connected with bond.
[lifecycle_manager-18] [INFO] [1789931431.752532197] [lifecycle_manager_navigation]: [34m[1mActivating collision_monitor[0m[0m
[collision_monitor-16] [INFO] [1789931431.754052422] [collision_monitor]: Activating
[collision_monitor-16] [INFO] [1789931431.754141967] [collision_monitor]: Creating bond (collision_monitor) to lifecycle manager.
[lifecycle_manager-18] [INFO] [1789931431.871441015] [lifecycle_manager_navigation]: Server collision_monitor connected with bond.
[lifecycle_manager-18] [INFO] [1789931431.871521021] [lifecycle_manager_navigation]: [34m[1mActivating bt_navigator[0m[0m
[bt_navigator-13] [INFO] [1789931431.872134503] [bt_navigator]: Activating
[bt_navigator-13] [INFO] [1789931432.033778181] [bt_navigator]: Creating bond (bt_navigator) to lifecycle manager.
[lifecycle_manager-18] [INFO] [1789931432.149497242] [lifecycle_manager_navigation]: Server bt_navigator connected with bond.
[lifecycle_manager-18] [INFO] [1789931432.149568684] [lifecycle_manager_navigation]: [34m[1mActivating waypoint_follower[0m[0m
[waypoint_follower-14] [INFO] [1789931432.150191704] [waypoint_follower]: Activating
[waypoint_follower-14] [INFO] [1789931432.150237840] [waypoint_follower]: Creating bond (waypoint_follower) to lifecycle manager.
[lifecycle_manager-18] [INFO] [1789931432.263839449] [lifecycle_manager_navigation]: Server waypoint_follower connected with bond.
[lifecycle_manager-18] [INFO] [1789931432.263887434] [lifecycle_manager_navigation]: [34m[1mActivating docking_server[0m[0m
[opennav_docking-17] [INFO] [1789931432.264330683] [docking_server]: Activating docking_server
[opennav_docking-17] [INFO] [1789931432.286451266] [docking_server]: Creating bond (docking_server) to lifecycle manager.
[lifecycle_manager-18] [INFO] [1789931432.405282315] [lifecycle_manager_navigation]: Server docking_server connected with bond.
[lifecycle_manager-18] [INFO] [1789931432.405349182] [lifecycle_manager_navigation]: [34m[1mManaged nodes are active[0m[0m
[lifecycle_manager-18] [INFO] [1789931432.405393760] [lifecycle_manager_navigation]: [34m[1mCreating bond timer...[0m[0m
[INFO] [mission_executor-22]: process started with pid [152577]
[mission_executor-22] [INFO] [1789931434.256957727] [mission_executor]: mission run_20260920_211023: 0 scripted actions, scenario low_battery_start, logging /home/robojazzy/robofetch_ws_copy/robofetch_ws/logs/run_20260920_211023_mission.csv
[mission_executor-22] [INFO] [1789931434.259546167] [mission_executor]: waiting for Nav2, telemetry and the sections ...
[amcl-6] [INFO] [1789931438.688639026] [amcl]: initialPoseReceived
[amcl-6] [WARN] [1789931438.688784516] [amcl]: Failed to transform initial pose in time (Lookup would require extrapolation into the future.  Requested time 9.340000 but the latest data is at time 9.324000, when looking up transform from frame [base_footprint] to frame [odom])
[amcl-6] [INFO] [1789931438.688820246] [amcl]: Setting pose (9.340000): -5.225 -2.975 0.000
[mission_executor-22] [INFO] [1789931441.812487846] [mission_executor]: localised; starting mission
[mission_executor-22] [INFO] [1789931441.814366866] [mission_executor]: autonomous mode: deciding with 'ns' at http://localhost:8001/decide before every action; planner NavfnDijkstra; shift 3600 s
[python-19] INFO:     127.0.0.1:57868 - "POST /decide HTTP/1.1" 200 OK
[mission_executor-22] [INFO] [1789931444.175816431] [mission_executor]: decision: PICKUP:B - [routine] B has 5 units waiting; neural score +5.87, chosen over PICKUP:A by +0.96
[mission_executor-22] [INFO] [1789931444.176886720] [mission_executor]: [1] PICKUP:B from charger: predicted 15.2 m, 69 s, 0.19 Wh
[bt_navigator-13] [INFO] [1789931444.181174587] [bt_navigator]: Begin navigating from current location (-5.24, -2.98) to (6.03, 3.08)
[controller_server-8] [INFO] [1789931444.203242615] [controller_server]: Received a goal, begin computing control effort.
[controller_server-8] [WARN] [1789931444.203339710] [controller_server]: No goal checker was specified in parameter 'current_goal_checker'. Server will use only plugin loaded general_goal_checker . This warning will appear once.
[controller_server-8] [WARN] [1789931444.203392539] [controller_server]: No progress checker was specified in parameter 'current_progress_checker'. Server will use only plugin loaded progress_checker . This warning will appear once.
[parameter_bridge-4] [INFO] [1789931444.294548717] [ros_gz_bridge]: Passing message from ROS geometry_msgs/msg/Twist to Gazebo gz.msgs.Twist (showing msg only once per type)
[controller_server-8] [INFO] [1789931445.303683543] [controller_server]: Passing new path to controller.
[controller_server-8] [INFO] [1789931446.303674038] [controller_server]: Passing new path to controller.
[controller_server-8] [INFO] [1789931447.303669780] [controller_server]: Passing new path to controller.
[controller_server-8] [INFO] [1789931448.403661928] [controller_server]: Passing new path to controller.
[controller_server-8] [INFO] [1789931449.403668132] [controller_server]: Passing new path to controller.
[controller_server-8] [INFO] [1789931450.403682569] [controller_server]: Passing new path to controller.
[controller_server-8] [INFO] [1789931451.403706209] [controller_server]: Passing new path to controller.
[controller_server-8] [INFO] [1789931452.503701748] [controller_server]: Passing new path to controller.
[controller_server-8] [INFO] [1789931453.503688481] [controller_server]: Passing new path to controller.
[controller_server-8] [INFO] [1789931454.503695783] [controller_server]: Passing new path to controller.
[controller_server-8] [INFO] [1789931455.603706469] [controller_server]: Passing new path to controller.
[controller_server-8] [INFO] [1789931456.603663413] [controller_server]: Passing new path to controller.
[controller_server-8] [INFO] [1789931457.603705701] [controller_server]: Passing new path to controller.
[controller_server-8] [INFO] [1789931458.603706221] [controller_server]: Passing new path to controller.
[controller_server-8] [INFO] [1789931459.703660106] [controller_server]: Passing new path to controller.
[controller_server-8] [INFO] [1789931460.703658818] [controller_server]: Passing new path to controller.
[controller_server-8] [INFO] [1789931461.703670558] [controller_server]: Passing new path to controller.
[controller_server-8] [INFO] [1789931462.803665913] [controller_server]: Passing new path to controller.
[controller_server-8] [INFO] [1789931463.803671160] [controller_server]: Passing new path to controller.
[controller_server-8] [INFO] [1789931464.803666583] [controller_server]: Passing new path to controller.
[controller_server-8] [INFO] [1789931465.803687491] [controller_server]: Passing new path to controller.
[controller_server-8] [INFO] [1789931466.903667544] [controller_server]: Passing new path to controller.
[controller_server-8] [INFO] [1789931467.903676098] [controller_server]: Passing new path to controller.
[controller_server-8] [INFO] [1789931468.903666268] [controller_server]: Passing new path to controller.
[controller_server-8] [INFO] [1789931470.524279328] [controller_server]: Passing new path to controller.
[controller_server-8] [INFO] [1789931471.524278617] [controller_server]: Passing new path to controller.
[controller_server-8] [INFO] [1789931472.624283472] [controller_server]: Passing new path to controller.
[controller_server-8] [INFO] [1789931473.624281948] [controller_server]: Passing new path to controller.
[controller_server-8] [INFO] [1789931474.624288826] [controller_server]: Passing new path to controller.
[controller_server-8] [INFO] [1789931475.724325789] [controller_server]: Passing new path to controller.
[controller_server-8] [INFO] [1789931476.426983968] [controller_server]: Reached the goal!
[controller_server-8] [INFO] [1789931476.427473885] [controller_server]: Optimizer reset
[bt_navigator-13] [INFO] [1789931476.452616588] [bt_navigator]: Goal succeeded
[factory_node-20] [INFO] [1789931508.033730561] [factory]: pickup B: took 5 units (2.00 kg), 0 left
[mission_executor-22] [INFO] [1789931509.236821430] [mission_executor]: [1] PICKUP:B done: took 5 units (2.00 kg), 0 left | measured 15.0 m, 63 s, 0.18 Wh, battery 29.9 -> 29.1 %
[python-19] INFO:     127.0.0.1:44104 - "POST /decide HTTP/1.1" 200 OK
[mission_executor-22] [INFO] [1789931509.244524898] [mission_executor]: decision: DELIVER - [routine] carrying 5 units; neural score +5.89, chosen over PICKUP:A by +1.06
[mission_executor-22] [INFO] [1789931509.246642281] [mission_executor]: [2] DELIVER from B: predicted 10.3 m, 56 s, 0.17 Wh
[bt_navigator-13] [INFO] [1789931509.247915539] [bt_navigator]: Begin navigating from current location (5.91, 2.92) to (-0.23, -3.98)
[controller_server-8] [INFO] [1789931509.269554148] [controller_server]: Received a goal, begin computing control effort.
[controller_server-8] [INFO] [1789931510.369800887] [controller_server]: Passing new path to controller.
[controller_server-8] [INFO] [1789931511.369867873] [controller_server]: Passing new path to controller.
[controller_server-8] [INFO] [1789931512.369793235] [controller_server]: Passing new path to controller.
[controller_server-8] [INFO] [1789931513.469734025] [controller_server]: Passing new path to controller.
[controller_server-8] [INFO] [1789931514.469815366] [controller_server]: Passing new path to controller.
[controller_server-8] [INFO] [1789931515.469775243] [controller_server]: Passing new path to controller.
[controller_server-8] [INFO] [1789931516.469841413] [controller_server]: Passing new path to controller.
[controller_server-8] [INFO] [1789931517.569739414] [controller_server]: Passing new path to controller.
[controller_server-8] [INFO] [1789931518.569824159] [controller_server]: Passing new path to controller.
[controller_server-8] [INFO] [1789931519.569733076] [controller_server]: Passing new path to controller.
[controller_server-8] [INFO] [1789931520.669806046] [controller_server]: Passing new path to controller.
[controller_server-8] [INFO] [1789931521.669871861] [controller_server]: Passing new path to controller.
[controller_server-8] [INFO] [1789931522.669790611] [controller_server]: Passing new path to controller.
[controller_server-8] [INFO] [1789931523.669818899] [controller_server]: Passing new path to controller.
[controller_server-8] [INFO] [1789931524.769800910] [controller_server]: Passing new path to controller.
[controller_server-8] [INFO] [1789931525.769804753] [controller_server]: Passing new path to controller.
[controller_server-8] [INFO] [1789931526.769777466] [controller_server]: Passing new path to controller.
[controller_server-8] [INFO] [1789931527.769904565] [controller_server]: Passing new path to controller.
[controller_server-8] [INFO] [1789931528.869804929] [controller_server]: Passing new path to controller.
[controller_server-8] [INFO] [1789931529.869803887] [controller_server]: Passing new path to controller.
[controller_server-8] [INFO] [1789931530.869845177] [controller_server]: Passing new path to controller.
[controller_server-8] [INFO] [1789931531.969804990] [controller_server]: Passing new path to controller.
[controller_server-8] [INFO] [1789931532.969815042] [controller_server]: Passing new path to controller.
[controller_server-8] [INFO] [1789931533.969793663] [controller_server]: Passing new path to controller.
[controller_server-8] [INFO] [1789931534.969856069] [controller_server]: Passing new path to controller.
[controller_server-8] [INFO] [1789931535.671695563] [controller_server]: Reached the goal!
[controller_server-8] [INFO] [1789931535.671984968] [controller_server]: Optimizer reset
[bt_navigator-13] [INFO] [1789931535.698519738] [bt_navigator]: Goal succeeded
[mission_executor-22] [INFO] [1789931568.518222801] [mission_executor]: [2] DELIVER done: delivered 5 units | measured 10.3 m, 58 s, 0.17 Wh, battery 29.1 -> 28.3 %
[python-19] INFO:     127.0.0.1:34666 - "POST /decide HTTP/1.1" 200 OK
[mission_executor-22] [INFO] [1789931568.525311549] [mission_executor]: decision: PICKUP:A - [routine] A has 4 units waiting; neural score +4.91, chosen over PICKUP:C by +2.97
[mission_executor-22] [INFO] [1789931568.525913666] [mission_executor]: [3] PICKUP:A from delivery: predicted 10.0 m, 56 s, 0.14 Wh
[bt_navigator-13] [INFO] [1789931568.527223704] [bt_navigator]: Begin navigating from current location (-0.17, -3.85) to (-5.97, 3.08)
[controller_server-8] [INFO] [1789931568.548705156] [controller_server]: Received a goal, begin computing control effort.
[controller_server-8] [INFO] [1789931570.242676323] [controller_server]: Passing new path to controller.
[controller_server-8] [INFO] [1789931571.242668219] [controller_server]: Passing new path to controller.
[controller_server-8] [INFO] [1789931572.242653910] [controller_server]: Passing new path to controller.
[controller_server-8] [INFO] [1789931573.342661346] [controller_server]: Passing new path to controller.
[controller_server-8] [INFO] [1789931574.342677256] [controller_server]: Passing new path to controller.
[controller_server-8] [INFO] [1789931575.342686046] [controller_server]: Passing new path to controller.
[controller_server-8] [INFO] [1789931576.342682495] [controller_server]: Passing new path to controller.
[controller_server-8] [INFO] [1789931577.442672306] [controller_server]: Passing new path to controller.
[controller_server-8] [INFO] [1789931578.442764612] [controller_server]: Passing new path to controller.
[controller_server-8] [INFO] [1789931579.442652005] [controller_server]: Passing new path to controller.
[controller_server-8] [INFO] [1789931580.542674656] [controller_server]: Passing new path to controller.
[controller_server-8] [INFO] [1789931581.542695422] [controller_server]: Passing new path to controller.
[controller_server-8] [INFO] [1789931582.542691156] [controller_server]: Passing new path to controller.
[controller_server-8] [INFO] [1789931583.542655840] [controller_server]: Passing new path to controller.
[controller_server-8] [INFO] [1789931584.642651167] [controller_server]: Passing new path to controller.
[controller_server-8] [INFO] [1789931585.642783808] [controller_server]: Passing new path to controller.
[controller_server-8] [INFO] [1789931586.642641694] [controller_server]: Passing new path to controller.
[controller_server-8] [INFO] [1789931587.742656183] [controller_server]: Passing new path to controller.
[controller_server-8] [INFO] [1789931588.742674630] [controller_server]: Passing new path to controller.
[controller_server-8] [INFO] [1789931589.742652739] [controller_server]: Passing new path to controller.
[controller_server-8] [INFO] [1789931590.742697634] [controller_server]: Passing new path to controller.
[controller_server-8] [INFO] [1789931591.842697376] [controller_server]: Passing new path to controller.
[controller_server-8] [INFO] [1789931592.144362848] [controller_server]: Reached the goal!
[controller_server-8] [INFO] [1789931592.144915400] [controller_server]: Optimizer reset
[bt_navigator-13] [INFO] [1789931592.171591235] [bt_navigator]: Goal succeeded
[factory_node-20] [INFO] [1789931623.756218024] [factory]: pickup A: took 4 units (2.00 kg), 0 left
[mission_executor-22] [INFO] [1789931624.958903484] [mission_executor]: [3] PICKUP:A done: took 4 units (2.00 kg), 0 left | measured 10.0 m, 54 s, 0.14 Wh, battery 28.3 -> 27.7 %
[python-19] INFO:     127.0.0.1:60162 - "POST /decide HTTP/1.1" 200 OK
[mission_executor-22] [INFO] [1789931624.963294597] [mission_executor]: decision: DELIVER - [routine] carrying 4 units; neural score +4.90, chosen over PICKUP:C by +3.04
[mission_executor-22] [INFO] [1789931624.963874032] [mission_executor]: [4] DELIVER from A: predicted 10.0 m, 56 s, 0.17 Wh
[bt_navigator-13] [INFO] [1789931624.965218394] [bt_navigator]: Begin navigating from current location (-5.92, 2.99) to (-0.23, -3.98)
[controller_server-8] [INFO] [1789931624.986225731] [controller_server]: Received a goal, begin computing control effort.
[controller_server-8] [INFO] [1789931626.086404698] [controller_server]: Passing new path to controller.
[controller_server-8] [INFO] [1789931627.086400914] [controller_server]: Passing new path to controller.
[controller_server-8] [INFO] [1789931628.086431985] [controller_server]: Passing new path to controller.
[controller_server-8] [INFO] [1789931629.186423265] [controller_server]: Passing new path to controller.
[controller_server-8] [INFO] [1789931630.186478985] [controller_server]: Passing new path to controller.
[controller_server-8] [INFO] [1789931631.186433558] [controller_server]: Passing new path to controller.
[controller_server-8] [INFO] [1789931632.186420056] [controller_server]: Passing new path to controller.
[controller_server-8] [INFO] [1789931633.286475969] [controller_server]: Passing new path to controller.
[controller_server-8] [INFO] [1789931634.286458367] [controller_server]: Passing new path to controller.
[controller_server-8] [INFO] [1789931635.286463196] [controller_server]: Passing new path to controller.
[controller_server-8] [INFO] [1789931636.837352945] [controller_server]: Passing new path to controller.
[controller_server-8] [INFO] [1789931637.837364330] [controller_server]: Passing new path to controller.
[controller_server-8] [INFO] [1789931638.937356873] [controller_server]: Passing new path to controller.
[controller_server-8] [INFO] [1789931639.937333864] [controller_server]: Passing new path to controller.
[controller_server-8] [INFO] [1789931640.937337179] [controller_server]: Passing new path to controller.
[controller_server-8] [INFO] [1789931641.937301654] [controller_server]: Passing new path to controller.
[controller_server-8] [INFO] [1789931643.037308586] [controller_server]: Passing new path to controller.
[controller_server-8] [INFO] [1789931644.037272446] [controller_server]: Passing new path to controller.
[controller_server-8] [INFO] [1789931645.037260046] [controller_server]: Passing new path to controller.
[controller_server-8] [INFO] [1789931646.037247480] [controller_server]: Passing new path to controller.
[controller_server-8] [INFO] [1789931647.137284222] [controller_server]: Passing new path to controller.
[controller_server-8] [INFO] [1789931648.137254276] [controller_server]: Passing new path to controller.
[controller_server-8] [INFO] [1789931649.137259185] [controller_server]: Passing new path to controller.
[controller_server-8] [INFO] [1789931650.137263999] [controller_server]: Passing new path to controller.
[controller_server-8] [INFO] [1789931651.237254330] [controller_server]: Passing new path to controller.
[controller_server-8] [INFO] [1789931652.237248735] [controller_server]: Passing new path to controller.
[controller_server-8] [INFO] [1789931652.238518747] [controller_server]: Reached the goal!
[controller_server-8] [INFO] [1789931652.238731036] [controller_server]: Optimizer reset
[bt_navigator-13] [INFO] [1789931652.276705020] [bt_navigator]: Goal succeeded
[mission_executor-22] [INFO] [1789931685.077866218] [mission_executor]: [4] DELIVER done: delivered 4 units | measured 10.3 m, 58 s, 0.17 Wh, battery 27.7 -> 26.9 %
[python-19] INFO:     127.0.0.1:40900 - "POST /decide HTTP/1.1" 200 OK
[mission_executor-22] [INFO] [1789931685.083027874] [mission_executor]: decision: PICKUP:B - [routine] B has 2 units waiting; neural score +2.91, chosen over PICKUP:C by +0.97
[mission_executor-22] [INFO] [1789931685.084813684] [mission_executor]: [5] PICKUP:B from delivery: predicted 10.3 m, 56 s, 0.15 Wh
[bt_navigator-13] [INFO] [1789931685.085852919] [bt_navigator]: Begin navigating from current location (-0.25, -3.86) to (6.03, 3.08)
[controller_server-8] [INFO] [1789931685.107131877] [controller_server]: Received a goal, begin computing control effort.
[controller_server-8] [INFO] [1789931686.207377331] [controller_server]: Passing new path to controller.
[controller_server-8] [INFO] [1789931687.207415732] [controller_server]: Passing new path to controller.
[controller_server-8] [INFO] [1789931688.207472743] [controller_server]: Passing new path to controller.
[controller_server-8] [INFO] [1789931689.307366021] [controller_server]: Passing new path to controller.
[controller_server-8] [INFO] [1789931690.307468606] [controller_server]: Passing new path to controller.
[controller_server-8] [INFO] [1789931691.307379114] [controller_server]: Passing new path to controller.
[controller_server-8] [INFO] [1789931692.307599647] [controller_server]: Passing new path to controller.
[controller_server-8] [INFO] [1789931693.407634994] [controller_server]: Passing new path to controller.
[controller_server-8] [INFO] [1789931694.407524275] [controller_server]: Passing new path to controller.
[controller_server-8] [INFO] [1789931695.407382816] [controller_server]: Passing new path to controller.
[controller_server-8] [INFO] [1789931696.407420645] [controller_server]: Passing new path to controller.
[controller_server-8] [INFO] [1789931697.507360813] [controller_server]: Passing new path to controller.
[controller_server-8] [INFO] [1789931698.507387260] [controller_server]: Passing new path to controller.
[controller_server-8] [INFO] [1789931699.507546593] [controller_server]: Passing new path to controller.
[controller_server-8] [INFO] [1789931700.507387039] [controller_server]: Passing new path to controller.
[controller_server-8] [INFO] [1789931701.607451133] [controller_server]: Passing new path to controller.
[controller_server-8] [INFO] [1789931703.466307263] [controller_server]: Passing new path to controller.
[controller_server-8] [INFO] [1789931704.466328844] [controller_server]: Passing new path to controller.
[controller_server-8] [INFO] [1789931705.466309707] [controller_server]: Passing new path to controller.
[controller_server-8] [INFO] [1789931706.566308935] [controller_server]: Passing new path to controller.
[controller_server-8] [INFO] [1789931707.566306143] [controller_server]: Passing new path to controller.
[controller_server-8] [INFO] [1789931708.367302406] [controller_server]: Reached the goal!
[controller_server-8] [INFO] [1789931708.367587150] [controller_server]: Optimizer reset
[bt_navigator-13] [INFO] [1789931708.395322976] [bt_navigator]: Goal succeeded
[factory_node-20] [INFO] [1789931739.966675800] [factory]: pickup B: took 2 units (0.80 kg), 0 left
[mission_executor-22] [INFO] [1789931741.169407105] [mission_executor]: [5] PICKUP:B done: took 2 units (0.80 kg), 0 left | measured 10.1 m, 54 s, 0.14 Wh, battery 26.9 -> 26.2 %
[python-19] INFO:     127.0.0.1:36970 - "POST /decide HTTP/1.1" 200 OK
[mission_executor-22] [INFO] [1789931741.173717857] [mission_executor]: decision: DELIVER - [routine] carrying 2 units; neural score +2.90, chosen over PICKUP:C by +0.99
[mission_executor-22] [INFO] [1789931741.174272655] [mission_executor]: [6] DELIVER from B: predicted 10.3 m, 56 s, 0.15 Wh
[bt_navigator-13] [INFO] [1789931741.175282246] [bt_navigator]: Begin navigating from current location (5.94, 2.88) to (-0.23, -3.98)
[controller_server-8] [INFO] [1789931741.196403200] [controller_server]: Received a goal, begin computing control effort.
[controller_server-8] [INFO] [1789931742.296597983] [controller_server]: Passing new path to controller.
[controller_server-8] [INFO] [1789931743.296612138] [controller_server]: Passing new path to controller.
[controller_server-8] [INFO] [1789931744.296645056] [controller_server]: Passing new path to controller.
[controller_server-8] [INFO] [1789931745.396603104] [controller_server]: Passing new path to controller.
[controller_server-8] [INFO] [1789931746.396614100] [controller_server]: Passing new path to controller.
[controller_server-8] [INFO] [1789931747.396634845] [controller_server]: Passing new path to controller.
[controller_server-8] [INFO] [1789931748.396626344] [controller_server]: Passing new path to controller.
[controller_server-8] [INFO] [1789931749.496641833] [controller_server]: Passing new path to controller.
[controller_server-8] [INFO] [1789931750.496641647] [controller_server]: Passing new path to controller.
[controller_server-8] [INFO] [1789931751.496630184] [controller_server]: Passing new path to controller.
[controller_server-8] [INFO] [1789931752.596606612] [controller_server]: Passing new path to controller.
[controller_server-8] [INFO] [1789931753.596609286] [controller_server]: Passing new path to controller.
[controller_server-8] [INFO] [1789931754.596610060] [controller_server]: Passing new path to controller.
[controller_server-8] [INFO] [1789931755.596613400] [controller_server]: Passing new path to controller.
[controller_server-8] [INFO] [1789931756.696606308] [controller_server]: Passing new path to controller.
[controller_server-8] [INFO] [1789931757.696629601] [controller_server]: Passing new path to controller.
[controller_server-8] [INFO] [1789931758.696615730] [controller_server]: Passing new path to controller.
[controller_server-8] [INFO] [1789931759.696619961] [controller_server]: Passing new path to controller.
[controller_server-8] [INFO] [1789931760.796659435] [controller_server]: Passing new path to controller.
[controller_server-8] [INFO] [1789931761.796687308] [controller_server]: Passing new path to controller.
[controller_server-8] [INFO] [1789931762.796624904] [controller_server]: Passing new path to controller.
[controller_server-8] [INFO] [1789931763.796692760] [controller_server]: Passing new path to controller.
[controller_server-8] [INFO] [1789931764.896627266] [controller_server]: Passing new path to controller.
[controller_server-8] [INFO] [1789931765.896630624] [controller_server]: Passing new path to controller.
[controller_server-8] [INFO] [1789931766.896625908] [controller_server]: Passing new path to controller.
[controller_server-8] [INFO] [1789931767.597920262] [controller_server]: Reached the goal!
[controller_server-8] [INFO] [1789931767.598099498] [controller_server]: Optimizer reset
[bt_navigator-13] [INFO] [1789931767.625980007] [bt_navigator]: Goal succeeded
[mission_executor-22] [INFO] [1789931800.398595629] [mission_executor]: [6] DELIVER done: delivered 2 units | measured 10.2 m, 58 s, 0.16 Wh, battery 26.2 -> 25.5 %
[python-19] INFO:     127.0.0.1:53940 - "POST /decide HTTP/1.1" 200 OK
[mission_executor-22] [INFO] [1789931800.402850519] [mission_executor]: decision: PICKUP:C - [routine] C has 1 units waiting; neural score +1.93, chosen over PICKUP:A by +0.03
[mission_executor-22] [INFO] [1789931800.403366425] [mission_executor]: [7] PICKUP:C from delivery: predicted 6.3 m, 46 s, 0.11 Wh
[bt_navigator-13] [INFO] [1789931800.404342230] [bt_navigator]: Begin navigating from current location (-0.16, -3.86) to (6.03, -3.42)
[controller_server-8] [INFO] [1789931800.425419347] [controller_server]: Received a goal, begin computing control effort.
[controller_server-8] [INFO] [1789931801.525605025] [controller_server]: Passing new path to controller.
[controller_server-8] [INFO] [1789931803.333575517] [controller_server]: Passing new path to controller.
[controller_server-8] [INFO] [1789931804.333556186] [controller_server]: Passing new path to controller.
[controller_server-8] [INFO] [1789931805.333569694] [controller_server]: Passing new path to controller.
[controller_server-8] [INFO] [1789931806.333569503] [controller_server]: Passing new path to controller.
[controller_server-8] [INFO] [1789931807.433555293] [controller_server]: Passing new path to controller.
[controller_server-8] [INFO] [1789931808.433569383] [controller_server]: Passing new path to controller.
[controller_server-8] [INFO] [1789931809.433570552] [controller_server]: Passing new path to controller.
[controller_server-8] [INFO] [1789931810.433574491] [controller_server]: Passing new path to controller.
[controller_server-8] [INFO] [1789931811.533613579] [controller_server]: Passing new path to controller.
[controller_server-8] [INFO] [1789931812.533509138] [controller_server]: Passing new path to controller.
[controller_server-8] [INFO] [1789931813.533566978] [controller_server]: Passing new path to controller.
[controller_server-8] [INFO] [1789931814.533569275] [controller_server]: Passing new path to controller.
[collision_monitor-16] [INFO] [1789931815.616405785] [collision_monitor]: Robot to approach for 1.200000 seconds away from collision
[controller_server-8] [INFO] [1789931815.633570305] [controller_server]: Passing new path to controller.
[collision_monitor-16] [INFO] [1789931815.866314858] [collision_monitor]: Robot to continue normal operation
[collision_monitor-16] [INFO] [1789931815.906454435] [collision_monitor]: Robot to approach for 1.200000 seconds away from collision
[collision_monitor-16] [INFO] [1789931816.046049874] [collision_monitor]: Robot to continue normal operation
[collision_monitor-16] [INFO] [1789931816.126217749] [collision_monitor]: Robot to approach for 1.200000 seconds away from collision
[collision_monitor-16] [INFO] [1789931816.156347763] [collision_monitor]: Robot to continue normal operation
[controller_server-8] [INFO] [1789931816.633504502] [controller_server]: Passing new path to controller.
[controller_server-8] [INFO] [1789931817.134856400] [controller_server]: Reached the goal!
[controller_server-8] [INFO] [1789931817.135151211] [controller_server]: Optimizer reset
[bt_navigator-13] [INFO] [1789931817.162892504] [bt_navigator]: Goal succeeded
[factory_node-20] [INFO] [1789931848.723166677] [factory]: pickup C: took 1 units (1.50 kg), 0 left
[mission_executor-22] [INFO] [1789931849.925194314] [mission_executor]: [7] PICKUP:C done: took 1 units (1.50 kg), 0 left | measured 6.3 m, 47 s, 0.11 Wh, battery 25.5 -> 25.0 %
[python-19] INFO:     127.0.0.1:51120 - "POST /decide HTTP/1.1" 200 OK
[mission_executor-22] [INFO] [1789931849.929489561] [mission_executor]: decision: PICKUP:A - [routine] A has 2 units waiting; neural score +2.86, chosen over DELIVER by +0.93
[mission_executor-22] [INFO] [1789931849.931168068] [mission_executor]: [8] PICKUP:A from C: predicted 15.6 m, 70 s, 0.22 Wh
[bt_navigator-13] [INFO] [1789931849.932171184] [bt_navigator]: Begin navigating from current location (6.00, -3.36) to (-5.97, 3.08)
[controller_server-8] [INFO] [1789931849.953694791] [controller_server]: Received a goal, begin computing control effort.
[controller_server-8] [INFO] [1789931851.053920135] [controller_server]: Passing new path to controller.
[controller_server-8] [INFO] [1789931852.053947295] [controller_server]: Passing new path to controller.
[controller_server-8] [INFO] [1789931853.053940919] [controller_server]: Passing new path to controller.
[controller_server-8] [INFO] [1789931854.153888335] [controller_server]: Passing new path to controller.
[controller_server-8] [INFO] [1789931855.154098729] [controller_server]: Passing new path to controller.
[controller_server-8] [INFO] [1789931856.153995147] [controller_server]: Passing new path to controller.
[controller_server-8] [INFO] [1789931857.154044761] [controller_server]: Passing new path to controller.
[controller_server-8] [INFO] [1789931858.253886611] [controller_server]: Passing new path to controller.
[controller_server-8] [INFO] [1789931859.254126859] [controller_server]: Passing new path to controller.
[controller_server-8] [INFO] [1789931860.254616557] [controller_server]: Passing new path to controller.
[controller_server-8] [INFO] [1789931861.353913320] [controller_server]: Passing new path to controller.
[controller_server-8] [INFO] [1789931862.353938748] [controller_server]: Passing new path to controller.
[controller_server-8] [INFO] [1789931863.353926498] [controller_server]: Passing new path to controller.
[controller_server-8] [INFO] [1789931864.353929882] [controller_server]: Passing new path to controller.
[controller_server-8] [INFO] [1789931865.454017292] [controller_server]: Passing new path to controller.
[controller_server-8] [INFO] [1789931866.453882591] [controller_server]: Passing new path to controller.
[controller_server-8] [INFO] [1789931867.453899822] [controller_server]: Passing new path to controller.
[controller_server-8] [INFO] [1789931868.454163453] [controller_server]: Passing new path to controller.
[controller_server-8] [INFO] [1789931869.781199491] [controller_server]: Passing new path to controller.
[controller_server-8] [INFO] [1789931870.779769789] [controller_server]: Passing new path to controller.
[controller_server-8] [INFO] [1789931871.879815340] [controller_server]: Passing new path to controller.
[controller_server-8] [INFO] [1789931872.879794937] [controller_server]: Passing new path to controller.
[controller_server-8] [INFO] [1789931873.879751730] [controller_server]: Passing new path to controller.
[controller_server-8] [INFO] [1789931874.879798186] [controller_server]: Passing new path to controller.
[controller_server-8] [INFO] [1789931875.979824906] [controller_server]: Passing new path to controller.
[controller_server-8] [INFO] [1789931876.980153999] [controller_server]: Passing new path to controller.
[controller_server-8] [INFO] [1789931877.979854979] [controller_server]: Passing new path to controller.
[controller_server-8] [INFO] [1789931878.979780112] [controller_server]: Passing new path to controller.
[controller_server-8] [INFO] [1789931880.079918408] [controller_server]: Passing new path to controller.
[controller_server-8] [INFO] [1789931881.079909913] [controller_server]: Passing new path to controller.
[controller_server-8] [INFO] [1789931882.079801665] [controller_server]: Passing new path to controller.
[controller_server-8] [INFO] [1789931883.179835356] [controller_server]: Passing new path to controller.
[controller_server-8] [INFO] [1789931884.182824167] [controller_server]: Passing new path to controller.
[controller_server-8] [INFO] [1789931885.179872562] [controller_server]: Passing new path to controller.
[controller_server-8] [INFO] [1789931885.581106916] [controller_server]: Reached the goal!
[controller_server-8] [INFO] [1789931885.581383975] [controller_server]: Optimizer reset
[bt_navigator-13] [INFO] [1789931885.608690876] [bt_navigator]: Goal succeeded
[factory_node-20] [INFO] [1789931917.194801010] [factory]: pickup A: took 2 units (1.00 kg), 0 left
[mission_executor-22] [INFO] [1789931918.398329752] [mission_executor]: [8] PICKUP:A done: took 2 units (1.00 kg), 0 left | measured 15.7 m, 66 s, 0.22 Wh, battery 25.0 -> 24.0 %
[python-19] INFO:     127.0.0.1:56806 - "POST /decide HTTP/1.1" 200 OK
[mission_executor-22] [INFO] [1789931918.403175788] [mission_executor]: decision: DELIVER - [routine] carrying 3 units; neural score +3.89, chosen over PICKUP:B by +1.07
[mission_executor-22] [INFO] [1789931918.405095255] [mission_executor]: [9] DELIVER from A: predicted 10.0 m, 56 s, 0.17 Wh
[bt_navigator-13] [INFO] [1789931918.406831066] [bt_navigator]: Begin navigating from current location (-5.85, 2.97) to (-0.23, -3.98)
[controller_server-8] [INFO] [1789931918.428113733] [controller_server]: Received a goal, begin computing control effort.
[controller_server-8] [INFO] [1789931919.528450780] [controller_server]: Passing new path to controller.
[controller_server-8] [INFO] [1789931920.528474121] [controller_server]: Passing new path to controller.
[controller_server-8] [INFO] [1789931921.528521704] [controller_server]: Passing new path to controller.
[controller_server-8] [INFO] [1789931922.628425210] [controller_server]: Passing new path to controller.
[controller_server-8] [INFO] [1789931923.628527774] [controller_server]: Passing new path to controller.
[controller_server-8] [INFO] [1789931924.628449590] [controller_server]: Passing new path to controller.
[controller_server-8] [INFO] [1789931925.628495642] [controller_server]: Passing new path to controller.
[controller_server-8] [INFO] [1789931926.628576239] [controller_server]: Passing new path to controller.
[controller_server-8] [INFO] [1789931927.728457195] [controller_server]: Passing new path to controller.
[controller_server-8] [INFO] [1789931928.728473203] [controller_server]: Passing new path to controller.
[controller_server-8] [INFO] [1789931929.728490182] [controller_server]: Passing new path to controller.
[controller_server-8] [INFO] [1789931930.728443057] [controller_server]: Passing new path to controller.
[controller_server-8] [INFO] [1789931931.828491593] [controller_server]: Passing new path to controller.
[controller_server-8] [INFO] [1789931932.828449354] [controller_server]: Passing new path to controller.
[controller_server-8] [INFO] [1789931933.828460657] [controller_server]: Passing new path to controller.
[controller_server-8] [INFO] [1789931934.828447036] [controller_server]: Passing new path to controller.
[controller_server-8] [INFO] [1789931936.330457553] [controller_server]: Passing new path to controller.
[controller_server-8] [INFO] [1789931937.330378467] [controller_server]: Passing new path to controller.
[controller_server-8] [INFO] [1789931938.330418866] [controller_server]: Passing new path to controller.
[controller_server-8] [INFO] [1789931939.330458100] [controller_server]: Passing new path to controller.
[controller_server-8] [INFO] [1789931940.430444716] [controller_server]: Passing new path to controller.
[controller_server-8] [INFO] [1789931941.430445157] [controller_server]: Passing new path to controller.
[controller_server-8] [INFO] [1789931942.430774655] [controller_server]: Passing new path to controller.
[controller_server-8] [INFO] [1789931943.430384848] [controller_server]: Passing new path to controller.
[controller_server-8] [INFO] [1789931944.530454507] [controller_server]: Passing new path to controller.
[controller_server-8] [INFO] [1789931945.530458600] [controller_server]: Passing new path to controller.
[controller_server-8] [INFO] [1789931945.533115577] [controller_server]: Reached the goal!
[controller_server-8] [INFO] [1789931945.533424390] [controller_server]: Optimizer reset
[bt_navigator-13] [INFO] [1789931945.570857149] [bt_navigator]: Goal succeeded
[mission_executor-22] [INFO] [1789931978.396281814] [mission_executor]: [9] DELIVER done: delivered 3 units | measured 10.2 m, 58 s, 0.18 Wh, battery 24.0 -> 23.2 %
[python-19] INFO:     127.0.0.1:58724 - "POST /decide HTTP/1.1" 200 OK
[mission_executor-22] [INFO] [1789931978.400769158] [mission_executor]: decision: PICKUP:B - [routine] B has 2 units waiting; neural score +2.91, chosen over CHARGE:40 by +1.93
[mission_executor-22] [INFO] [1789931978.402543605] [mission_executor]: [10] PICKUP:B from delivery: predicted 10.3 m, 56 s, 0.15 Wh
[bt_navigator-13] [INFO] [1789931978.403803182] [bt_navigator]: Begin navigating from current location (-0.23, -3.87) to (6.03, 3.08)
[controller_server-8] [INFO] [1789931978.424709064] [controller_server]: Received a goal, begin computing control effort.
[controller_server-8] [INFO] [1789931979.524970892] [controller_server]: Passing new path to controller.
[controller_server-8] [INFO] [1789931980.524975564] [controller_server]: Passing new path to controller.
[controller_server-8] [INFO] [1789931981.524980915] [controller_server]: Passing new path to controller.
[controller_server-8] [INFO] [1789931982.624958482] [controller_server]: Passing new path to controller.
[controller_server-8] [INFO] [1789931983.624910283] [controller_server]: Passing new path to controller.
[controller_server-8] [INFO] [1789931984.624936770] [controller_server]: Passing new path to controller.
[controller_server-8] [INFO] [1789931985.624991861] [controller_server]: Passing new path to controller.
[controller_server-8] [INFO] [1789931986.725017088] [controller_server]: Passing new path to controller.
[controller_server-8] [INFO] [1789931987.724980062] [controller_server]: Passing new path to controller.
[controller_server-8] [INFO] [1789931988.725728937] [controller_server]: Passing new path to controller.
[controller_server-8] [INFO] [1789931989.824966033] [controller_server]: Passing new path to controller.
[controller_server-8] [INFO] [1789931990.824963816] [controller_server]: Passing new path to controller.
[controller_server-8] [INFO] [1789931991.824913834] [controller_server]: Passing new path to controller.
[controller_server-8] [INFO] [1789931992.824968488] [controller_server]: Passing new path to controller.
[controller_server-8] [INFO] [1789931993.924969171] [controller_server]: Passing new path to controller.
[controller_server-8] [INFO] [1789931994.924963119] [controller_server]: Passing new path to controller.
[controller_server-8] [INFO] [1789931995.925012439] [controller_server]: Passing new path to controller.
[controller_server-8] [INFO] [1789931996.924910091] [controller_server]: Passing new path to controller.
[controller_server-8] [INFO] [1789931998.024950922] [controller_server]: Passing new path to controller.
[controller_server-8] [INFO] [1789931999.024987536] [controller_server]: Passing new path to controller.
[controller_server-8] [INFO] [1789932000.024973787] [controller_server]: Passing new path to controller.
[controller_server-8] [INFO] [1789932000.726343909] [controller_server]: Reached the goal!
[controller_server-8] [INFO] [1789932000.726581508] [controller_server]: Optimizer reset
[bt_navigator-13] [INFO] [1789932000.754360682] [bt_navigator]: Goal succeeded
[factory_node-20] [INFO] [1789932032.291901061] [factory]: pickup B: took 3 units (1.20 kg), 0 left
[mission_executor-22] [INFO] [1789932033.496005973] [mission_executor]: [10] PICKUP:B done: took 3 units (1.20 kg), 0 left | measured 10.1 m, 54 s, 0.14 Wh, battery 23.2 -> 22.6 %
[python-19] INFO:     127.0.0.1:54170 - "POST /decide HTTP/1.1" 200 OK
[mission_executor-22] [INFO] [1789932033.500663921] [mission_executor]: decision: DELIVER - [routine] carrying 3 units; neural score +3.90, chosen over WAIT:60 by +2.95
[mission_executor-22] [INFO] [1789932033.501557767] [mission_executor]: [11] DELIVER from B: predicted 10.3 m, 56 s, 0.16 Wh
[bt_navigator-13] [INFO] [1789932033.502871139] [bt_navigator]: Begin navigating from current location (5.91, 2.93) to (-0.23, -3.98)
[controller_server-8] [INFO] [1789932033.523835932] [controller_server]: Received a goal, begin computing control effort.
[controller_server-8] [INFO] [1789932034.624027797] [controller_server]: Passing new path to controller.
[controller_server-8] [INFO] [1789932036.029261600] [controller_server]: Passing new path to controller.
[controller_server-8] [INFO] [1789932037.029188341] [controller_server]: Passing new path to controller.
[controller_server-8] [INFO] [1789932038.129239298] [controller_server]: Passing new path to controller.
[controller_server-8] [INFO] [1789932039.129259525] [controller_server]: Passing new path to controller.
[controller_server-8] [INFO] [1789932040.129200522] [controller_server]: Passing new path to controller.
[controller_server-8] [INFO] [1789932041.129241204] [controller_server]: Passing new path to controller.
[controller_server-8] [INFO] [1789932042.229214332] [controller_server]: Passing new path to controller.
[controller_server-8] [INFO] [1789932043.229214377] [controller_server]: Passing new path to controller.
[controller_server-8] [INFO] [1789932044.229167272] [controller_server]: Passing new path to controller.
[controller_server-8] [INFO] [1789932045.329187063] [controller_server]: Passing new path to controller.
[controller_server-8] [INFO] [1789932046.329159944] [controller_server]: Passing new path to controller.
[controller_server-8] [INFO] [1789932047.329208108] [controller_server]: Passing new path to controller.
[controller_server-8] [INFO] [1789932048.329166630] [controller_server]: Passing new path to controller.
[controller_server-8] [INFO] [1789932049.429216568] [controller_server]: Passing new path to controller.
[controller_server-8] [INFO] [1789932050.429238444] [controller_server]: Passing new path to controller.
[controller_server-8] [INFO] [1789932051.429161029] [controller_server]: Passing new path to controller.
[controller_server-8] [INFO] [1789932052.429169815] [controller_server]: Passing new path to controller.
[controller_server-8] [INFO] [1789932053.529206377] [controller_server]: Passing new path to controller.
[controller_server-8] [INFO] [1789932054.529272663] [controller_server]: Passing new path to controller.
[controller_server-8] [INFO] [1789932055.529205332] [controller_server]: Passing new path to controller.
[controller_server-8] [INFO] [1789932056.529211113] [controller_server]: Passing new path to controller.
[controller_server-8] [INFO] [1789932057.629224973] [controller_server]: Passing new path to controller.
[controller_server-8] [INFO] [1789932058.629178936] [controller_server]: Passing new path to controller.
[controller_server-8] [INFO] [1789932059.629222017] [controller_server]: Passing new path to controller.
[controller_server-8] [INFO] [1789932060.230829196] [controller_server]: Reached the goal!
[controller_server-8] [INFO] [1789932060.231034487] [controller_server]: Optimizer reset
[bt_navigator-13] [INFO] [1789932060.259259791] [bt_navigator]: Goal succeeded
[mission_executor-22] [INFO] [1789932093.012945311] [mission_executor]: [11] DELIVER done: delivered 3 units | measured 10.2 m, 57 s, 0.16 Wh, battery 22.6 -> 21.9 %
[python-19] INFO:     127.0.0.1:44354 - "POST /decide HTTP/1.1" 200 OK
[mission_executor-22] [INFO] [1789932093.017736289] [mission_executor]: decision: PICKUP:A - [routine] A has 1 units waiting; neural score +1.91, chosen over CHARGE:40 by +0.93
[mission_executor-22] [INFO] [1789932093.020571060] [mission_executor]: [12] PICKUP:A from delivery: predicted 10.0 m, 56 s, 0.14 Wh
[bt_navigator-13] [INFO] [1789932093.021914892] [bt_navigator]: Begin navigating from current location (-0.13, -3.82) to (-5.97, 3.08)
[controller_server-8] [INFO] [1789932093.043630032] [controller_server]: Received a goal, begin computing control effort.
[controller_server-8] [INFO] [1789932094.143904059] [controller_server]: Passing new path to controller.
[controller_server-8] [INFO] [1789932095.143931083] [controller_server]: Passing new path to controller.
[controller_server-8] [INFO] [1789932096.143921355] [controller_server]: Passing new path to controller.
[controller_server-8] [INFO] [1789932097.243816999] [controller_server]: Passing new path to controller.
[controller_server-8] [INFO] [1789932098.243873056] [controller_server]: Passing new path to controller.
[controller_server-8] [INFO] [1789932099.243858322] [controller_server]: Passing new path to controller.
[controller_server-8] [INFO] [1789932100.243903228] [controller_server]: Passing new path to controller.
[controller_server-8] [INFO] [1789932101.343904204] [controller_server]: Passing new path to controller.
[controller_server-8] [INFO] [1789932102.551969312] [controller_server]: Passing new path to controller.
[controller_server-8] [INFO] [1789932103.551520126] [controller_server]: Passing new path to controller.
[controller_server-8] [INFO] [1789932104.551550195] [controller_server]: Passing new path to controller.
[controller_server-8] [INFO] [1789932105.651454681] [controller_server]: Passing new path to controller.
[controller_server-8] [INFO] [1789932106.651530910] [controller_server]: Passing new path to controller.
[controller_server-8] [INFO] [1789932107.651531965] [controller_server]: Passing new path to controller.
[controller_server-8] [INFO] [1789932108.651530992] [controller_server]: Passing new path to controller.
[controller_server-8] [INFO] [1789932109.751565885] [controller_server]: Passing new path to controller.
[controller_server-8] [INFO] [1789932110.751468190] [controller_server]: Passing new path to controller.
[controller_server-8] [INFO] [1789932111.751547446] [controller_server]: Passing new path to controller.
[controller_server-8] [INFO] [1789932112.751468282] [controller_server]: Passing new path to controller.
[controller_server-8] [INFO] [1789932113.751529687] [controller_server]: Passing new path to controller.
[controller_server-8] [INFO] [1789932114.851522476] [controller_server]: Passing new path to controller.
[controller_server-8] [INFO] [1789932115.851511704] [controller_server]: Passing new path to controller.
[controller_server-8] [INFO] [1789932116.851555466] [controller_server]: Passing new path to controller.
[controller_server-8] [INFO] [1789932116.853973234] [controller_server]: Reached the goal!
[controller_server-8] [INFO] [1789932116.854351680] [controller_server]: Optimizer reset
[bt_navigator-13] [INFO] [1789932116.889970683] [bt_navigator]: Goal succeeded
[factory_node-20] [INFO] [1789932148.539682333] [factory]: pickup A: took 1 units (0.50 kg), 0 left
[mission_executor-22] [INFO] [1789932149.747627447] [mission_executor]: [12] PICKUP:A done: took 1 units (0.50 kg), 0 left | measured 10.1 m, 55 s, 0.14 Wh, battery 21.9 -> 21.2 %
[python-19] INFO:     127.0.0.1:37470 - "POST /decide HTTP/1.1" 200 OK
[mission_executor-22] [INFO] [1789932149.759328186] [mission_executor]: decision: DELIVER - [routine] carrying 1 units; neural score +1.90, chosen over PICKUP:B by +0.06
[mission_executor-22] [INFO] [1789932149.760519862] [mission_executor]: [13] DELIVER from A: predicted 10.0 m, 56 s, 0.15 Wh
[bt_navigator-13] [INFO] [1789932149.763778163] [bt_navigator]: Begin navigating from current location (-5.80, 3.05) to (-0.23, -3.98)
[controller_server-8] [INFO] [1789932149.775916957] [controller_server]: Received a goal, begin computing control effort.
[controller_server-8] [INFO] [1789932150.798693637] [controller_server]: Passing new path to controller.
[controller_server-8] [INFO] [1789932151.890649426] [controller_server]: Passing new path to controller.
[controller_server-8] [INFO] [1789932152.890664766] [controller_server]: Passing new path to controller.
[controller_server-8] [INFO] [1789932153.890790394] [controller_server]: Passing new path to controller.
[controller_server-8] [INFO] [1789932154.990616069] [controller_server]: Passing new path to controller.
[controller_server-8] [INFO] [1789932155.990966051] [controller_server]: Passing new path to controller.
[controller_server-8] [INFO] [1789932156.990620044] [controller_server]: Passing new path to controller.
[controller_server-8] [INFO] [1789932158.091503367] [controller_server]: Passing new path to controller.
[controller_server-8] [INFO] [1789932159.090586605] [controller_server]: Passing new path to controller.
[controller_server-8] [INFO] [1789932160.090583359] [controller_server]: Passing new path to controller.
[controller_server-8] [INFO] [1789932161.090586999] [controller_server]: Passing new path to controller.
[controller_server-8] [INFO] [1789932162.190871721] [controller_server]: Passing new path to controller.
[controller_server-8] [INFO] [1789932163.190702919] [controller_server]: Passing new path to controller.
[controller_server-8] [INFO] [1789932164.190648222] [controller_server]: Passing new path to controller.
[controller_server-8] [INFO] [1789932165.190629235] [controller_server]: Passing new path to controller.
[controller_server-8] [INFO] [1789932166.290610906] [controller_server]: Passing new path to controller.
[controller_server-8] [INFO] [1789932167.290568000] [controller_server]: Passing new path to controller.
[controller_server-8] [INFO] [1789932168.998998474] [controller_server]: Passing new path to controller.
[controller_server-8] [INFO] [1789932170.099128229] [controller_server]: Passing new path to controller.
[controller_server-8] [INFO] [1789932171.099048472] [controller_server]: Passing new path to controller.
[controller_server-8] [INFO] [1789932172.099105035] [controller_server]: Passing new path to controller.
[controller_server-8] [INFO] [1789932173.099051914] [controller_server]: Passing new path to controller.
[controller_server-8] [INFO] [1789932174.199174375] [controller_server]: Passing new path to controller.
[controller_server-8] [INFO] [1789932175.199428503] [controller_server]: Passing new path to controller.
[controller_server-8] [INFO] [1789932176.199088483] [controller_server]: Passing new path to controller.
[controller_server-8] [INFO] [1789932177.199149707] [controller_server]: Passing new path to controller.
[controller_server-8] [INFO] [1789932177.400809199] [controller_server]: Reached the goal!
[controller_server-8] [INFO] [1789932177.402065841] [controller_server]: Optimizer reset
[bt_navigator-13] [INFO] [1789932177.422913449] [bt_navigator]: Goal succeeded
[mission_executor-22] [INFO] [1789932210.247887739] [mission_executor]: [13] DELIVER done: delivered 1 units | measured 10.2 m, 58 s, 0.15 Wh, battery 21.2 -> 20.5 %
[python-19] INFO:     127.0.0.1:46248 - "POST /decide HTTP/1.1" 200 OK
[mission_executor-22] [INFO] [1789932210.256591411] [mission_executor]: decision: PICKUP:B - [routine] B has 1 units waiting; neural score +1.91, chosen over CHARGE:40 by +0.93
[mission_executor-22] [INFO] [1789932210.259407370] [mission_executor]: [14] PICKUP:B from delivery: predicted 10.3 m, 56 s, 0.15 Wh
[bt_navigator-13] [INFO] [1789932210.261940908] [bt_navigator]: Begin navigating from current location (-0.23, -3.89) to (6.03, 3.08)
[controller_server-8] [INFO] [1789932210.283287387] [controller_server]: Received a goal, begin computing control effort.
[controller_server-8] [INFO] [1789932211.383767832] [controller_server]: Passing new path to controller.
[controller_server-8] [INFO] [1789932212.384186136] [controller_server]: Passing new path to controller.
[controller_server-8] [INFO] [1789932213.383836574] [controller_server]: Passing new path to controller.
[controller_server-8] [INFO] [1789932214.483799560] [controller_server]: Passing new path to controller.
[controller_server-8] [INFO] [1789932215.483764698] [controller_server]: Passing new path to controller.
[controller_server-8] [INFO] [1789932216.483842557] [controller_server]: Passing new path to controller.
[controller_server-8] [INFO] [1789932217.483855604] [controller_server]: Passing new path to controller.
[controller_server-8] [INFO] [1789932218.583848127] [controller_server]: Passing new path to controller.
[controller_server-8] [INFO] [1789932219.583789697] [controller_server]: Passing new path to controller.
[controller_server-8] [INFO] [1789932220.583811533] [controller_server]: Passing new path to controller.
[controller_server-8] [INFO] [1789932221.583841290] [controller_server]: Passing new path to controller.
[controller_server-8] [INFO] [1789932222.683824055] [controller_server]: Passing new path to controller.
[controller_server-8] [INFO] [1789932223.683822824] [controller_server]: Passing new path to controller.
[controller_server-8] [INFO] [1789932224.683797848] [controller_server]: Passing new path to controller.
[controller_server-8] [INFO] [1789932225.683833931] [controller_server]: Passing new path to controller.
[controller_server-8] [INFO] [1789932226.783770364] [controller_server]: Passing new path to controller.
[controller_server-8] [INFO] [1789932227.783772720] [controller_server]: Passing new path to controller.
[controller_server-8] [INFO] [1789932228.783818592] [controller_server]: Passing new path to controller.
[controller_server-8] [INFO] [1789932229.883812595] [controller_server]: Passing new path to controller.
[controller_server-8] [INFO] [1789932230.883844799] [controller_server]: Passing new path to controller.
[controller_server-8] [INFO] [1789932231.883818188] [controller_server]: Passing new path to controller.
[controller_server-8] [INFO] [1789932232.585211783] [controller_server]: Reached the goal!
[controller_server-8] [INFO] [1789932232.585889264] [controller_server]: Optimizer reset
[bt_navigator-13] [INFO] [1789932232.607014303] [bt_navigator]: Goal succeeded
[factory_node-20] [INFO] [1789932264.691683173] [factory]: pickup B: took 1 units (0.40 kg), 0 left
[mission_executor-22] [INFO] [1789932265.894694866] [mission_executor]: [14] PICKUP:B done: took 1 units (0.40 kg), 0 left | measured 10.1 m, 54 s, 0.14 Wh, battery 20.5 -> 19.9 %
[python-19] INFO:     127.0.0.1:39786 - "POST /decide HTTP/1.1" 200 OK
[mission_executor-22] [INFO] [1789932265.902467949] [mission_executor]: decision: DELIVER - [routine] carrying 1 units; neural score +1.90, chosen over PICKUP:A by +0.06
[mission_executor-22] [INFO] [1789932265.905236784] [mission_executor]: [15] DELIVER from B: predicted 10.3 m, 56 s, 0.15 Wh
[bt_navigator-13] [INFO] [1789932265.907359804] [bt_navigator]: Begin navigating from current location (5.92, 2.94) to (-0.23, -3.98)
[controller_server-8] [INFO] [1789932265.930324018] [controller_server]: Received a goal, begin computing control effort.
[controller_server-8] [INFO] [1789932267.030670276] [controller_server]: Passing new path to controller.
[controller_server-8] [INFO] [1789932268.030524739] [controller_server]: Passing new path to controller.
[controller_server-8] [INFO] [1789932269.030515740] [controller_server]: Passing new path to controller.
[controller_server-8] [INFO] [1789932270.130520045] [controller_server]: Passing new path to controller.
[controller_server-8] [INFO] [1789932271.130618932] [controller_server]: Passing new path to controller.
[controller_server-8] [INFO] [1789932272.130564147] [controller_server]: Passing new path to controller.
[controller_server-8] [INFO] [1789932273.130499810] [controller_server]: Passing new path to controller.
[controller_server-8] [INFO] [1789932274.230522888] [controller_server]: Passing new path to controller.
[controller_server-8] [INFO] [1789932275.230576568] [controller_server]: Passing new path to controller.
[controller_server-8] [INFO] [1789932276.230513008] [controller_server]: Passing new path to controller.
[controller_server-8] [INFO] [1789932277.230522844] [controller_server]: Passing new path to controller.
[controller_server-8] [INFO] [1789932278.330569060] [controller_server]: Passing new path to controller.
[controller_server-8] [INFO] [1789932279.330507833] [controller_server]: Passing new path to controller.
[controller_server-8] [INFO] [1789932280.331750809] [controller_server]: Passing new path to controller.
[controller_server-8] [INFO] [1789932281.330588501] [controller_server]: Passing new path to controller.
[controller_server-8] [INFO] [1789932282.430541640] [controller_server]: Passing new path to controller.
[controller_server-8] [INFO] [1789932283.430522720] [controller_server]: Passing new path to controller.
[controller_server-8] [INFO] [1789932284.426061219] [controller_server]: Passing new path to controller.
[controller_server-8] [INFO] [1789932285.527844363] [controller_server]: Passing new path to controller.
[controller_server-8] [INFO] [1789932286.526177663] [controller_server]: Passing new path to controller.
[controller_server-8] [INFO] [1789932287.526153895] [controller_server]: Passing new path to controller.
[controller_server-8] [INFO] [1789932288.526158752] [controller_server]: Passing new path to controller.
[controller_server-8] [INFO] [1789932289.627009945] [controller_server]: Passing new path to controller.
[controller_server-8] [INFO] [1789932290.626456925] [controller_server]: Passing new path to controller.
[controller_server-8] [INFO] [1789932291.626081760] [controller_server]: Passing new path to controller.
[controller_server-8] [INFO] [1789932292.527688312] [controller_server]: Reached the goal!
[controller_server-8] [INFO] [1789932292.529678154] [controller_server]: Optimizer reset
[bt_navigator-13] [INFO] [1789932292.557110448] [bt_navigator]: Goal succeeded
[mission_executor-22] [INFO] [1789932325.579896124] [mission_executor]: [15] DELIVER done: delivered 1 units | measured 10.3 m, 57 s, 0.15 Wh, battery 19.9 -> 19.2 %
[python-19] INFO:     127.0.0.1:34536 - "POST /decide HTTP/1.1" 200 OK
[mission_executor-22] [INFO] [1789932325.587996777] [mission_executor]: decision: PICKUP:C - [routine] C has 1 units waiting; neural score +1.93, chosen over PICKUP:A by +0.03
[mission_executor-22] [INFO] [1789932325.590466135] [mission_executor]: [16] PICKUP:C from delivery: predicted 6.3 m, 46 s, 0.11 Wh
[bt_navigator-13] [INFO] [1789932325.594431879] [bt_navigator]: Begin navigating from current location (-0.20, -3.84) to (6.03, -3.42)
[controller_server-8] [INFO] [1789932325.599788413] [controller_server]: Received a goal, begin computing control effort.
[controller_server-8] [INFO] [1789932326.700575271] [controller_server]: Passing new path to controller.
[controller_server-8] [INFO] [1789932327.700547062] [controller_server]: Passing new path to controller.
[controller_server-8] [INFO] [1789932328.700542146] [controller_server]: Passing new path to controller.
[controller_server-8] [INFO] [1789932329.800532100] [controller_server]: Passing new path to controller.
[controller_server-8] [INFO] [1789932330.800522853] [controller_server]: Passing new path to controller.
[controller_server-8] [INFO] [1789932331.800554450] [controller_server]: Passing new path to controller.
[controller_server-8] [INFO] [1789932332.800548405] [controller_server]: Passing new path to controller.
[controller_server-8] [INFO] [1789932333.800573211] [controller_server]: Passing new path to controller.
[controller_server-8] [INFO] [1789932334.900525281] [controller_server]: Passing new path to controller.
[controller_server-8] [INFO] [1789932335.900591803] [controller_server]: Passing new path to controller.
[controller_server-8] [INFO] [1789932336.900582266] [controller_server]: Passing new path to controller.
[controller_server-8] [INFO] [1789932337.900507972] [controller_server]: Passing new path to controller.
[controller_server-8] [INFO] [1789932339.000580601] [controller_server]: Passing new path to controller.
[controller_server-8] [INFO] [1789932340.000574512] [controller_server]: Passing new path to controller.
[controller_server-8] [INFO] [1789932341.000576669] [controller_server]: Passing new path to controller.
[controller_server-8] [INFO] [1789932341.502168351] [controller_server]: Reached the goal!
[controller_server-8] [INFO] [1789932341.502838605] [controller_server]: Optimizer reset
[bt_navigator-13] [INFO] [1789932341.528971712] [bt_navigator]: Goal succeeded
[factory_node-20] [INFO] [1789932373.187446479] [factory]: pickup C: took 1 units (1.50 kg), 0 left
[mission_executor-22] [INFO] [1789932374.391179388] [mission_executor]: [16] PICKUP:C done: took 1 units (1.50 kg), 0 left | measured 6.3 m, 47 s, 0.11 Wh, battery 19.2 -> 18.7 %
[python-19] INFO:     127.0.0.1:33278 - "POST /decide HTTP/1.1" 200 OK
[mission_executor-22] [INFO] [1789932374.397500327] [mission_executor]: decision: DELIVER - [routine] carrying 1 units; neural score +1.93, chosen over PICKUP:B by +0.02
[mission_executor-22] [INFO] [1789932374.398142866] [mission_executor]: [17] DELIVER from C: predicted 6.3 m, 46 s, 0.12 Wh
[bt_navigator-13] [INFO] [1789932374.399202353] [bt_navigator]: Begin navigating from current location (6.04, -3.41) to (-0.23, -3.98)
[controller_server-8] [INFO] [1789932374.420656475] [controller_server]: Received a goal, begin computing control effort.
[controller_server-8] [INFO] [1789932375.521520048] [controller_server]: Passing new path to controller.
[controller_server-8] [INFO] [1789932376.521701537] [controller_server]: Passing new path to controller.
[controller_server-8] [INFO] [1789932377.521519034] [controller_server]: Passing new path to controller.
[controller_server-8] [INFO] [1789932378.621551876] [controller_server]: Passing new path to controller.
[controller_server-8] [INFO] [1789932379.621527553] [controller_server]: Passing new path to controller.
[controller_server-8] [INFO] [1789932380.621514778] [controller_server]: Passing new path to controller.
[controller_server-8] [INFO] [1789932381.621505011] [controller_server]: Passing new path to controller.
[controller_server-8] [INFO] [1789932382.721732355] [controller_server]: Passing new path to controller.
[controller_server-8] [INFO] [1789932384.075273938] [controller_server]: Passing new path to controller.
[controller_server-8] [INFO] [1789932385.075356743] [controller_server]: Passing new path to controller.
[controller_server-8] [INFO] [1789932386.175249312] [controller_server]: Passing new path to controller.
[controller_server-8] [INFO] [1789932387.175248278] [controller_server]: Passing new path to controller.
[controller_server-8] [INFO] [1789932388.175263830] [controller_server]: Passing new path to controller.
[controller_server-8] [INFO] [1789932389.175240442] [controller_server]: Passing new path to controller.
[controller_server-8] [INFO] [1789932390.275249242] [controller_server]: Passing new path to controller.
[controller_server-8] [INFO] [1789932391.275308917] [controller_server]: Passing new path to controller.
[controller_server-8] [INFO] [1789932392.176513743] [controller_server]: Reached the goal!
[controller_server-8] [INFO] [1789932392.176732365] [controller_server]: Optimizer reset
[bt_navigator-13] [INFO] [1789932392.203374933] [bt_navigator]: Goal succeeded
[mission_executor-22] [INFO] [1789932425.316026718] [mission_executor]: [17] DELIVER done: delivered 1 units | measured 6.4 m, 48 s, 0.13 Wh, battery 18.7 -> 18.1 %
[python-19] INFO:     127.0.0.1:43284 - "POST /decide HTTP/1.1" 200 OK
[mission_executor-22] [INFO] [1789932425.324380577] [mission_executor]: decision: PICKUP:A - [routine] A has 1 units waiting | PICKUP:B refused: battery would be 17 % back at the charger, below the 17 % reserve; neural score +1.91, chosen over CHARGE:40 by +0.93
[mission_executor-22] [INFO] [1789932425.325581694] [mission_executor]: [18] PICKUP:A from delivery: predicted 10.0 m, 56 s, 0.14 Wh
[bt_navigator-13] [INFO] [1789932425.327216149] [bt_navigator]: Begin navigating from current location (-0.20, -3.82) to (-5.97, 3.08)
[controller_server-8] [INFO] [1789932425.348599839] [controller_server]: Received a goal, begin computing control effort.
[controller_server-8] [INFO] [1789932426.448818510] [controller_server]: Passing new path to controller.
[controller_server-8] [INFO] [1789932427.448819598] [controller_server]: Passing new path to controller.
[controller_server-8] [INFO] [1789932428.448825344] [controller_server]: Passing new path to controller.
[controller_server-8] [INFO] [1789932429.548866360] [controller_server]: Passing new path to controller.
[controller_server-8] [INFO] [1789932430.548772305] [controller_server]: Passing new path to controller.
[controller_server-8] [INFO] [1789932431.548909515] [controller_server]: Passing new path to controller.
[controller_server-8] [INFO] [1789932432.548810317] [controller_server]: Passing new path to controller.
[controller_server-8] [INFO] [1789932433.548909484] [controller_server]: Passing new path to controller.
[controller_server-8] [INFO] [1789932434.648829334] [controller_server]: Passing new path to controller.
[controller_server-8] [INFO] [1789932435.648814179] [controller_server]: Passing new path to controller.
[controller_server-8] [INFO] [1789932436.648866352] [controller_server]: Passing new path to controller.
[controller_server-8] [INFO] [1789932437.748915942] [controller_server]: Passing new path to controller.
[controller_server-8] [INFO] [1789932438.748856713] [controller_server]: Passing new path to controller.
[controller_server-8] [INFO] [1789932439.748862010] [controller_server]: Passing new path to controller.
[controller_server-8] [INFO] [1789932440.848834168] [controller_server]: Passing new path to controller.
[controller_server-8] [INFO] [1789932441.848841212] [controller_server]: Passing new path to controller.
[controller_server-8] [INFO] [1789932442.848811190] [controller_server]: Passing new path to controller.
[controller_server-8] [INFO] [1789932443.848798537] [controller_server]: Passing new path to controller.
[controller_server-8] [INFO] [1789932444.948832248] [controller_server]: Passing new path to controller.
[controller_server-8] [INFO] [1789932445.948843141] [controller_server]: Passing new path to controller.
[controller_server-8] [INFO] [1789932446.948823658] [controller_server]: Passing new path to controller.
[controller_server-8] [INFO] [1789932447.956272700] [controller_server]: Passing new path to controller.
[controller_server-8] [INFO] [1789932447.958501504] [controller_server]: Reached the goal!
[controller_server-8] [INFO] [1789932447.958735487] [controller_server]: Optimizer reset
[bt_navigator-13] [INFO] [1789932447.987684813] [bt_navigator]: Goal succeeded
[factory_node-20] [INFO] [1789932479.576868748] [factory]: pickup A: took 2 units (1.00 kg), 0 left
[mission_executor-22] [INFO] [1789932480.779543129] [mission_executor]: [18] PICKUP:A done: took 2 units (1.00 kg), 0 left | measured 10.0 m, 54 s, 0.14 Wh, battery 18.1 -> 17.5 %
[python-19] INFO:     127.0.0.1:52124 - "POST /decide HTTP/1.1" 200 OK
[mission_executor-22] [INFO] [1789932480.783842134] [mission_executor]: decision: CHARGE:40 - [routine] top up from 17 % | PICKUP:B refused: battery would be 16 % back at the charger, below the 17 % reserve; DELIVER refused: battery would be 17 % back at the charger, below the 17 % reserve; neural score +0.95, chosen over CHARGE:70 by +2.00
[mission_executor-22] [INFO] [1789932480.784382979] [mission_executor]: [19] CHARGE:40 from A: predicted 9.0 m, 981 s, 0.10 Wh
[bt_navigator-13] [INFO] [1789932480.785491357] [bt_navigator]: Begin navigating from current location (-5.89, 3.03) to (-5.22, -2.98)
[controller_server-8] [INFO] [1789932480.807341671] [controller_server]: Received a goal, begin computing control effort.
[controller_server-8] [INFO] [1789932481.907523248] [controller_server]: Passing new path to controller.
[controller_server-8] [INFO] [1789932483.790754554] [controller_server]: Passing new path to controller.
[controller_server-8] [INFO] [1789932484.790418145] [controller_server]: Passing new path to controller.
[controller_server-8] [INFO] [1789932485.790437415] [controller_server]: Passing new path to controller.
[controller_server-8] [INFO] [1789932486.790352192] [controller_server]: Passing new path to controller.
[controller_server-8] [INFO] [1789932487.890500359] [controller_server]: Passing new path to controller.
[controller_server-8] [INFO] [1789932488.890353431] [controller_server]: Passing new path to controller.
[controller_server-8] [INFO] [1789932489.890342371] [controller_server]: Passing new path to controller.
[controller_server-8] [INFO] [1789932490.890368771] [controller_server]: Passing new path to controller.
[controller_server-8] [INFO] [1789932491.990452013] [controller_server]: Passing new path to controller.
[controller_server-8] [INFO] [1789932492.992557191] [controller_server]: Passing new path to controller.
[controller_server-8] [INFO] [1789932493.990396896] [controller_server]: Passing new path to controller.
[controller_server-8] [INFO] [1789932494.990355121] [controller_server]: Passing new path to controller.
[controller_server-8] [INFO] [1789932496.090358810] [controller_server]: Passing new path to controller.
[controller_server-8] [INFO] [1789932497.090342553] [controller_server]: Passing new path to controller.
[controller_server-8] [INFO] [1789932498.090321347] [controller_server]: Passing new path to controller.
[controller_server-8] [INFO] [1789932499.090356714] [controller_server]: Passing new path to controller.
[controller_server-8] [INFO] [1789932500.190331001] [controller_server]: Passing new path to controller.
[controller_server-8] [INFO] [1789932501.190401591] [controller_server]: Passing new path to controller.
[controller_server-8] [INFO] [1789932502.190347102] [controller_server]: Passing new path to controller.
[controller_server-8] [INFO] [1789932503.190348179] [controller_server]: Passing new path to controller.
[controller_server-8] [INFO] [1789932504.290333499] [controller_server]: Passing new path to controller.
[controller_server-8] [INFO] [1789932505.290332736] [controller_server]: Passing new path to controller.
[controller_server-8] [INFO] [1789932506.290324893] [controller_server]: Passing new path to controller.
[controller_server-8] [INFO] [1789932506.791851949] [controller_server]: Reached the goal!
[controller_server-8] [INFO] [1789932506.792379445] [controller_server]: Optimizer reset
[bt_navigator-13] [INFO] [1789932506.819121075] [bt_navigator]: Goal succeeded
[amcl-6] [INFO] [1789932937.879829386] [amcl]: Message Filter dropping message: frame 'lidar_link' at time 1458.200 for reason 'the timestamp on the message is earlier than all the data in the transform cache'
[mission_executor-22] [INFO] [1789933501.434805117] [mission_executor]: [19] CHARGE:40 done: charged to 40.0 % | measured 9.5 m, 987 s, 0.10 Wh, battery 17.5 -> 40.0 %
[python-19] INFO:     127.0.0.1:52024 - "POST /decide HTTP/1.1" 200 OK
[mission_executor-22] [INFO] [1789933501.458974058] [mission_executor]: decision: PICKUP:B - [unblock a stopped line] B is BLOCKED and losing production
[mission_executor-22] [INFO] [1789933501.461544995] [mission_executor]: [20] PICKUP:B from charger: predicted 15.2 m, 69 s, 0.21 Wh
[bt_navigator-13] [INFO] [1789933501.465307228] [bt_navigator]: Begin navigating from current location (-5.25, -2.91) to (6.03, 3.08)
[controller_server-8] [INFO] [1789933501.488230048] [controller_server]: Received a goal, begin computing control effort.
[controller_server-8] [INFO] [1789933502.588680277] [controller_server]: Passing new path to controller.
[controller_server-8] [INFO] [1789933503.588606060] [controller_server]: Passing new path to controller.
[controller_server-8] [INFO] [1789933504.588618118] [controller_server]: Passing new path to controller.
[controller_server-8] [INFO] [1789933505.688636349] [controller_server]: Passing new path to controller.
[controller_server-8] [INFO] [1789933506.688665970] [controller_server]: Passing new path to controller.
[controller_server-8] [INFO] [1789933507.688667160] [controller_server]: Passing new path to controller.
[controller_server-8] [INFO] [1789933508.688607314] [controller_server]: Passing new path to controller.
[controller_server-8] [INFO] [1789933509.788684446] [controller_server]: Passing new path to controller.
[controller_server-8] [INFO] [1789933510.788712903] [controller_server]: Passing new path to controller.
[controller_server-8] [INFO] [1789933511.788852223] [controller_server]: Passing new path to controller.
[controller_server-8] [INFO] [1789933512.788652555] [controller_server]: Passing new path to controller.
[controller_server-8] [INFO] [1789933513.888899280] [controller_server]: Passing new path to controller.
[controller_server-8] [INFO] [1789933515.475179352] [controller_server]: Passing new path to controller.
[controller_server-8] [INFO] [1789933516.475385096] [controller_server]: Passing new path to controller.
[controller_server-8] [INFO] [1789933517.475139433] [controller_server]: Passing new path to controller.
[controller_server-8] [INFO] [1789933518.575158805] [controller_server]: Passing new path to controller.
[controller_server-8] [INFO] [1789933519.575186005] [controller_server]: Passing new path to controller.
[controller_server-8] [INFO] [1789933520.575112768] [controller_server]: Passing new path to controller.
[controller_server-8] [INFO] [1789933521.675127616] [controller_server]: Passing new path to controller.
[controller_server-8] [INFO] [1789933522.675206947] [controller_server]: Passing new path to controller.
[controller_server-8] [INFO] [1789933523.675176726] [controller_server]: Passing new path to controller.
[controller_server-8] [INFO] [1789933524.675152716] [controller_server]: Passing new path to controller.
[controller_server-8] [INFO] [1789933525.775159607] [controller_server]: Passing new path to controller.
[controller_server-8] [INFO] [1789933526.775212060] [controller_server]: Passing new path to controller.
[controller_server-8] [INFO] [1789933527.775192901] [controller_server]: Passing new path to controller.
[controller_server-8] [INFO] [1789933528.775195856] [controller_server]: Passing new path to controller.
[controller_server-8] [INFO] [1789933529.775193038] [controller_server]: Passing new path to controller.
[controller_server-8] [INFO] [1789933530.875114717] [controller_server]: Passing new path to controller.
[controller_server-8] [INFO] [1789933531.875212040] [controller_server]: Passing new path to controller.
[controller_server-8] [INFO] [1789933532.875154494] [controller_server]: Passing new path to controller.
[controller_server-8] [INFO] [1789933533.776907738] [controller_server]: Reached the goal!
[controller_server-8] [INFO] [1789933533.777271816] [controller_server]: Optimizer reset
[bt_navigator-13] [INFO] [1789933533.802905407] [bt_navigator]: Goal succeeded
[factory_node-20] [INFO] [1789933565.313440422] [factory]: pickup B: took 10 units (4.00 kg), 0 left
[mission_executor-22] [INFO] [1789933566.515783229] [mission_executor]: [20] PICKUP:B done: took 10 units (4.00 kg), 0 left | measured 15.0 m, 63 s, 0.20 Wh, battery 40.0 -> 39.1 %
[python-19] INFO:     127.0.0.1:33222 - "POST /decide HTTP/1.1" 200 OK
[mission_executor-22] [INFO] [1789933566.524202472] [mission_executor]: decision: DELIVER - [prevent a line from stopping] the robot is full and cannot collect anything else
[mission_executor-22] [INFO] [1789933566.526317180] [mission_executor]: [21] DELIVER from B: predicted 10.3 m, 56 s, 0.20 Wh
[bt_navigator-13] [INFO] [1789933566.527772237] [bt_navigator]: Begin navigating from current location (5.90, 2.92) to (-0.23, -3.98)
[controller_server-8] [INFO] [1789933566.549273795] [controller_server]: Received a goal, begin computing control effort.
[controller_server-8] [INFO] [1789933567.649538276] [controller_server]: Passing new path to controller.
[controller_server-8] [INFO] [1789933568.649661856] [controller_server]: Passing new path to controller.
[controller_server-8] [INFO] [1789933569.650180978] [controller_server]: Passing new path to controller.
[controller_server-8] [INFO] [1789933570.749575469] [controller_server]: Passing new path to controller.
[controller_server-8] [INFO] [1789933571.749563442] [controller_server]: Passing new path to controller.
[controller_server-8] [INFO] [1789933572.749580721] [controller_server]: Passing new path to controller.
[controller_server-8] [INFO] [1789933573.749569471] [controller_server]: Passing new path to controller.
[controller_server-8] [INFO] [1789933574.849545694] [controller_server]: Passing new path to controller.
[controller_server-8] [INFO] [1789933575.849547737] [controller_server]: Passing new path to controller.
[controller_server-8] [INFO] [1789933576.849556088] [controller_server]: Passing new path to controller.
[controller_server-8] [INFO] [1789933577.849545046] [controller_server]: Passing new path to controller.
[controller_server-8] [INFO] [1789933578.949647566] [controller_server]: Passing new path to controller.
[controller_server-8] [INFO] [1789933579.949545468] [controller_server]: Passing new path to controller.
[controller_server-8] [INFO] [1789933581.934670124] [controller_server]: Passing new path to controller.
[controller_server-8] [INFO] [1789933582.934656232] [controller_server]: Passing new path to controller.
[controller_server-8] [INFO] [1789933584.034664045] [controller_server]: Passing new path to controller.
[controller_server-8] [INFO] [1789933585.034681980] [controller_server]: Passing new path to controller.
[controller_server-8] [INFO] [1789933586.034720252] [controller_server]: Passing new path to controller.
[controller_server-8] [INFO] [1789933587.034729035] [controller_server]: Passing new path to controller.
[controller_server-8] [INFO] [1789933588.134722763] [controller_server]: Passing new path to controller.
[controller_server-8] [INFO] [1789933589.134740765] [controller_server]: Passing new path to controller.
[controller_server-8] [INFO] [1789933590.134683079] [controller_server]: Passing new path to controller.
[controller_server-8] [INFO] [1789933591.134746493] [controller_server]: Passing new path to controller.
[controller_server-8] [INFO] [1789933592.234822797] [controller_server]: Passing new path to controller.
[controller_server-8] [INFO] [1789933593.234799074] [controller_server]: Passing new path to controller.
[controller_server-8] [INFO] [1789933593.536167026] [controller_server]: Reached the goal!
[controller_server-8] [INFO] [1789933593.536429408] [controller_server]: Optimizer reset
[bt_navigator-13] [INFO] [1789933593.563617367] [bt_navigator]: Goal succeeded
[mission_executor-22] [INFO] [1789933626.290459829] [mission_executor]: [21] DELIVER done: delivered 12 units | measured 10.3 m, 58 s, 0.21 Wh, battery 39.1 -> 38.2 %
[python-19] INFO:     127.0.0.1:39476 - "POST /decide HTTP/1.1" 200 OK
[mission_executor-22] [INFO] [1789933626.304008734] [mission_executor]: decision: PICKUP:A - [routine] A has 6 units waiting; neural score +6.91, chosen over PICKUP:C by +4.97
[mission_executor-22] [INFO] [1789933626.310402858] [mission_executor]: [22] PICKUP:A from delivery: predicted 10.0 m, 56 s, 0.14 Wh
[bt_navigator-13] [INFO] [1789933626.312222168] [bt_navigator]: Begin navigating from current location (-0.20, -3.89) to (-5.97, 3.08)
[controller_server-8] [INFO] [1789933626.333479633] [controller_server]: Received a goal, begin computing control effort.
[controller_server-8] [INFO] [1789933627.433779091] [controller_server]: Passing new path to controller.
[controller_server-8] [INFO] [1789933628.433777525] [controller_server]: Passing new path to controller.
[controller_server-8] [INFO] [1789933629.433767128] [controller_server]: Passing new path to controller.
[controller_server-8] [INFO] [1789933630.533803259] [controller_server]: Passing new path to controller.
[controller_server-8] [INFO] [1789933631.533881845] [controller_server]: Passing new path to controller.
[controller_server-8] [INFO] [1789933632.534522566] [controller_server]: Passing new path to controller.
[controller_server-8] [INFO] [1789933633.533806710] [controller_server]: Passing new path to controller.
[controller_server-8] [INFO] [1789933634.633963361] [controller_server]: Passing new path to controller.
[controller_server-8] [INFO] [1789933635.633778722] [controller_server]: Passing new path to controller.
[controller_server-8] [INFO] [1789933636.633765474] [controller_server]: Passing new path to controller.
[controller_server-8] [INFO] [1789933637.633804723] [controller_server]: Passing new path to controller.
[controller_server-8] [INFO] [1789933638.733836582] [controller_server]: Passing new path to controller.
[controller_server-8] [INFO] [1789933639.733783937] [controller_server]: Passing new path to controller.
[controller_server-8] [INFO] [1789933640.733783304] [controller_server]: Passing new path to controller.
[controller_server-8] [INFO] [1789933641.733793636] [controller_server]: Passing new path to controller.
[controller_server-8] [INFO] [1789933642.833784739] [controller_server]: Passing new path to controller.
[controller_server-8] [INFO] [1789933643.833830617] [controller_server]: Passing new path to controller.
[controller_server-8] [INFO] [1789933644.833795429] [controller_server]: Passing new path to controller.
[controller_server-8] [INFO] [1789933645.933795975] [controller_server]: Passing new path to controller.
[controller_server-8] [INFO] [1789933646.933857921] [controller_server]: Passing new path to controller.
[controller_server-8] [INFO] [1789933648.417449616] [controller_server]: Passing new path to controller.
[controller_server-8] [INFO] [1789933649.417445675] [controller_server]: Passing new path to controller.
[controller_server-8] [INFO] [1789933649.518892325] [controller_server]: Reached the goal!
[controller_server-8] [INFO] [1789933649.519206240] [controller_server]: Optimizer reset
[bt_navigator-13] [INFO] [1789933649.546822290] [bt_navigator]: Goal succeeded
[factory_node-20] [INFO] [1789933680.273717782] [factory]: pickup A: took 6 units (3.00 kg), 0 left
[mission_executor-22] [INFO] [1789933682.463302930] [mission_executor]: [22] PICKUP:A done: took 6 units (3.00 kg), 0 left | measured 10.0 m, 54 s, 0.14 Wh, battery 38.2 -> 37.5 %
[python-19] INFO:     127.0.0.1:44718 - "POST /decide HTTP/1.1" 200 OK
[mission_executor-22] [INFO] [1789933682.471415923] [mission_executor]: decision: DELIVER - [routine] carrying 6 units; neural score +6.72, chosen over PICKUP:C by +4.88
[mission_executor-22] [INFO] [1789933682.473345606] [mission_executor]: [23] DELIVER from A: predicted 10.0 m, 56 s, 0.18 Wh
[bt_navigator-13] [INFO] [1789933682.475051230] [bt_navigator]: Begin navigating from current location (-5.81, 2.98) to (-0.23, -3.98)
[controller_server-8] [INFO] [1789933682.496365365] [controller_server]: Received a goal, begin computing control effort.
[controller_server-8] [INFO] [1789933683.597331386] [controller_server]: Passing new path to controller.
[controller_server-8] [INFO] [1789933684.596708817] [controller_server]: Passing new path to controller.
[controller_server-8] [INFO] [1789933685.596668798] [controller_server]: Passing new path to controller.
[controller_server-8] [INFO] [1789933686.596687278] [controller_server]: Passing new path to controller.
[controller_server-8] [INFO] [1789933687.696671457] [controller_server]: Passing new path to controller.
[controller_server-8] [INFO] [1789933688.697267480] [controller_server]: Passing new path to controller.
[controller_server-8] [INFO] [1789933689.696683968] [controller_server]: Passing new path to controller.
[controller_server-8] [INFO] [1789933690.796663199] [controller_server]: Passing new path to controller.
[controller_server-8] [INFO] [1789933691.796657521] [controller_server]: Passing new path to controller.
[controller_server-8] [INFO] [1789933692.796688322] [controller_server]: Passing new path to controller.
[controller_server-8] [INFO] [1789933693.796653196] [controller_server]: Passing new path to controller.
[controller_server-8] [INFO] [1789933694.896818082] [controller_server]: Passing new path to controller.
[controller_server-8] [INFO] [1789933695.896701993] [controller_server]: Passing new path to controller.
[controller_server-8] [INFO] [1789933696.896647773] [controller_server]: Passing new path to controller.
[controller_server-8] [INFO] [1789933697.896663280] [controller_server]: Passing new path to controller.
[controller_server-8] [INFO] [1789933698.996876848] [controller_server]: Passing new path to controller.
[controller_server-8] [INFO] [1789933699.996692778] [controller_server]: Passing new path to controller.
[controller_server-8] [INFO] [1789933700.996673179] [controller_server]: Passing new path to controller.
[controller_server-8] [INFO] [1789933702.097051668] [controller_server]: Passing new path to controller.
[controller_server-8] [INFO] [1789933703.097377924] [controller_server]: Passing new path to controller.
[controller_server-8] [INFO] [1789933704.096725233] [controller_server]: Passing new path to controller.
[controller_server-8] [INFO] [1789933705.096658493] [controller_server]: Passing new path to controller.
[controller_server-8] [INFO] [1789933706.196692089] [controller_server]: Passing new path to controller.
[controller_server-8] [INFO] [1789933707.196701444] [controller_server]: Passing new path to controller.
[controller_server-8] [INFO] [1789933708.196659163] [controller_server]: Passing new path to controller.
[controller_server-8] [INFO] [1789933709.196650174] [controller_server]: Passing new path to controller.
[controller_server-8] [INFO] [1789933709.197908402] [controller_server]: Reached the goal!
[controller_server-8] [INFO] [1789933709.198058242] [controller_server]: Optimizer reset
[bt_navigator-13] [INFO] [1789933709.235708814] [bt_navigator]: Goal succeeded
[mission_executor-22] [INFO] [1789933741.977176332] [mission_executor]: [23] DELIVER done: delivered 6 units | measured 10.1 m, 58 s, 0.18 Wh, battery 37.5 -> 36.7 %
[python-19] INFO:     127.0.0.1:60408 - "POST /decide HTTP/1.1" 200 OK
[mission_executor-22] [INFO] [1789933741.982622024] [mission_executor]: decision: PICKUP:C - [routine] C has 2 units waiting; neural score +2.93, chosen over PICKUP:B by +0.03
[mission_executor-22] [INFO] [1789933741.984576533] [mission_executor]: [24] PICKUP:C from delivery: predicted 6.3 m, 46 s, 0.11 Wh
[bt_navigator-13] [INFO] [1789933741.985467264] [bt_navigator]: Begin navigating from current location (-0.24, -3.79) to (6.03, -3.42)
[controller_server-8] [INFO] [1789933742.006424644] [controller_server]: Received a goal, begin computing control effort.
[controller_server-8] [INFO] [1789933743.106859853] [controller_server]: Passing new path to controller.
[controller_server-8] [INFO] [1789933744.106855395] [controller_server]: Passing new path to controller.
[controller_server-8] [INFO] [1789933745.106589883] [controller_server]: Passing new path to controller.
[controller_server-8] [INFO] [1789933746.106803116] [controller_server]: Passing new path to controller.
[controller_server-8] [INFO] [1789933748.316419412] [controller_server]: Passing new path to controller.
[controller_server-8] [INFO] [1789933749.316378478] [controller_server]: Passing new path to controller.
[controller_server-8] [INFO] [1789933750.416947129] [controller_server]: Passing new path to controller.
[controller_server-8] [INFO] [1789933751.416621231] [controller_server]: Passing new path to controller.
[controller_server-8] [INFO] [1789933752.416485959] [controller_server]: Passing new path to controller.
[controller_server-8] [INFO] [1789933753.416596804] [controller_server]: Passing new path to controller.
[controller_server-8] [INFO] [1789933754.516380977] [controller_server]: Passing new path to controller.
[controller_server-8] [INFO] [1789933755.516424037] [controller_server]: Passing new path to controller.
[controller_server-8] [INFO] [1789933756.516543221] [controller_server]: Passing new path to controller.
[controller_server-8] [INFO] [1789933757.516482133] [controller_server]: Passing new path to controller.
[collision_monitor-16] [INFO] [1789933757.601514533] [collision_monitor]: Robot to approach for 1.200000 seconds away from collision
[collision_monitor-16] [INFO] [1789933758.171323733] [collision_monitor]: Robot to continue normal operation
[collision_monitor-16] [INFO] [1789933758.241342149] [collision_monitor]: Robot to approach for 1.200000 seconds away from collision
[collision_monitor-16] [INFO] [1789933758.281313108] [collision_monitor]: Robot to continue normal operation
[controller_server-8] [INFO] [1789933758.616383061] [controller_server]: Passing new path to controller.
[controller_server-8] [INFO] [1789933759.317688635] [controller_server]: Reached the goal!
[controller_server-8] [INFO] [1789933759.317981777] [controller_server]: Optimizer reset
[bt_navigator-13] [INFO] [1789933759.352912665] [bt_navigator]: Goal succeeded
[factory_node-20] [INFO] [1789933790.933339920] [factory]: pickup C: took 2 units (3.00 kg), 0 left
[mission_executor-22] [INFO] [1789933792.136565075] [mission_executor]: [24] PICKUP:C done: took 2 units (3.00 kg), 0 left | measured 6.4 m, 48 s, 0.11 Wh, battery 36.7 -> 36.2 %
[python-19] INFO:     127.0.0.1:59448 - "POST /decide HTTP/1.1" 200 OK
[mission_executor-22] [INFO] [1789933792.148194187] [mission_executor]: decision: DELIVER - [routine] carrying 2 units; neural score +2.92, chosen over PICKUP:B by +0.03
[mission_executor-22] [INFO] [1789933792.148742382] [mission_executor]: [25] DELIVER from C: predicted 6.3 m, 46 s, 0.13 Wh
[bt_navigator-13] [INFO] [1789933792.149951805] [bt_navigator]: Begin navigating from current location (5.99, -3.34) to (-0.23, -3.98)
[controller_server-8] [INFO] [1789933792.171324158] [controller_server]: Received a goal, begin computing control effort.
[controller_server-8] [INFO] [1789933793.271828899] [controller_server]: Passing new path to controller.
[controller_server-8] [INFO] [1789933794.271535467] [controller_server]: Passing new path to controller.
[controller_server-8] [INFO] [1789933795.271500331] [controller_server]: Passing new path to controller.
[controller_server-8] [INFO] [1789933796.271490395] [controller_server]: Passing new path to controller.
[controller_server-8] [INFO] [1789933797.371518417] [controller_server]: Passing new path to controller.
[controller_server-8] [INFO] [1789933798.371571867] [controller_server]: Passing new path to controller.
[controller_server-8] [INFO] [1789933799.371530528] [controller_server]: Passing new path to controller.
[controller_server-8] [INFO] [1789933800.371546682] [controller_server]: Passing new path to controller.
[controller_server-8] [INFO] [1789933801.471517776] [controller_server]: Passing new path to controller.
[controller_server-8] [INFO] [1789933802.471523828] [controller_server]: Passing new path to controller.
[controller_server-8] [INFO] [1789933803.471513310] [controller_server]: Passing new path to controller.
[controller_server-8] [INFO] [1789933804.471487286] [controller_server]: Passing new path to controller.
[controller_server-8] [INFO] [1789933805.571524566] [controller_server]: Passing new path to controller.
[controller_server-8] [INFO] [1789933806.571571706] [controller_server]: Passing new path to controller.
[controller_server-8] [INFO] [1789933807.571547814] [controller_server]: Passing new path to controller.
[controller_server-8] [INFO] [1789933808.571545112] [controller_server]: Passing new path to controller.
[controller_server-8] [INFO] [1789933808.672878617] [controller_server]: Reached the goal!
[controller_server-8] [INFO] [1789933808.673083649] [controller_server]: Optimizer reset
[bt_navigator-13] [INFO] [1789933808.700619115] [bt_navigator]: Goal succeeded
[mission_executor-22] [INFO] [1789933841.351213600] [mission_executor]: [25] DELIVER done: delivered 2 units | measured 6.3 m, 48 s, 0.13 Wh, battery 36.2 -> 35.6 %
[python-19] INFO:     127.0.0.1:51194 - "POST /decide HTTP/1.1" 200 OK
[mission_executor-22] [INFO] [1789933841.355460303] [mission_executor]: decision: PICKUP:B - [routine] B has 3 units waiting; neural score +3.91, chosen over PICKUP:A by +2.00
[mission_executor-22] [INFO] [1789933841.355988909] [mission_executor]: [26] PICKUP:B from delivery: predicted 10.3 m, 56 s, 0.15 Wh
[bt_navigator-13] [INFO] [1789933841.357096753] [bt_navigator]: Begin navigating from current location (-0.19, -3.86) to (6.03, 3.08)
[controller_server-8] [INFO] [1789933841.378854797] [controller_server]: Received a goal, begin computing control effort.
[controller_server-8] [INFO] [1789933842.479034356] [controller_server]: Passing new path to controller.
[controller_server-8] [INFO] [1789933843.479053373] [controller_server]: Passing new path to controller.
[controller_server-8] [INFO] [1789933844.479088200] [controller_server]: Passing new path to controller.
[controller_server-8] [INFO] [1789933845.579056316] [controller_server]: Passing new path to controller.
[controller_server-8] [INFO] [1789933846.579076012] [controller_server]: Passing new path to controller.
[controller_server-8] [INFO] [1789933848.002977336] [controller_server]: Passing new path to controller.
[controller_server-8] [INFO] [1789933849.003009447] [controller_server]: Passing new path to controller.
[controller_server-8] [INFO] [1789933850.103011317] [controller_server]: Passing new path to controller.
[controller_server-8] [INFO] [1789933851.102997237] [controller_server]: Passing new path to controller.
[controller_server-8] [INFO] [1789933852.103085069] [controller_server]: Passing new path to controller.
[controller_server-8] [INFO] [1789933853.102975523] [controller_server]: Passing new path to controller.
[controller_server-8] [INFO] [1789933854.203042944] [controller_server]: Passing new path to controller.
[controller_server-8] [INFO] [1789933855.203008566] [controller_server]: Passing new path to controller.
[controller_server-8] [INFO] [1789933856.202989998] [controller_server]: Passing new path to controller.
[controller_server-8] [INFO] [1789933857.203834657] [controller_server]: Passing new path to controller.
[controller_server-8] [INFO] [1789933858.303015767] [controller_server]: Passing new path to controller.
[controller_server-8] [INFO] [1789933859.303010912] [controller_server]: Passing new path to controller.
[controller_server-8] [INFO] [1789933860.303026882] [controller_server]: Passing new path to controller.
[controller_server-8] [INFO] [1789933861.303030252] [controller_server]: Passing new path to controller.
[controller_server-8] [INFO] [1789933862.303029163] [controller_server]: Passing new path to controller.
[controller_server-8] [INFO] [1789933863.403009975] [controller_server]: Passing new path to controller.
[controller_server-8] [INFO] [1789933864.404088374] [controller_server]: Passing new path to controller.
[controller_server-8] [INFO] [1789933864.405688269] [controller_server]: Reached the goal!
[controller_server-8] [INFO] [1789933864.405967906] [controller_server]: Optimizer reset
[bt_navigator-13] [INFO] [1789933864.441620964] [bt_navigator]: Goal succeeded
[factory_node-20] [INFO] [1789933896.000713384] [factory]: pickup B: took 3 units (1.20 kg), 0 left
[mission_executor-22] [INFO] [1789933897.202911955] [mission_executor]: [26] PICKUP:B done: took 3 units (1.20 kg), 0 left | measured 10.0 m, 54 s, 0.14 Wh, battery 35.6 -> 34.9 %
[python-19] INFO:     127.0.0.1:43860 - "POST /decide HTTP/1.1" 200 OK
[mission_executor-22] [INFO] [1789933897.209557929] [mission_executor]: decision: DELIVER - [routine] carrying 3 units; neural score +3.90, chosen over PICKUP:A by +1.06
[mission_executor-22] [INFO] [1789933897.210132604] [mission_executor]: [27] DELIVER from B: predicted 10.3 m, 56 s, 0.16 Wh
[bt_navigator-13] [INFO] [1789933897.211333413] [bt_navigator]: Begin navigating from current location (5.91, 2.91) to (-0.23, -3.98)
[controller_server-8] [INFO] [1789933897.232438129] [controller_server]: Received a goal, begin computing control effort.
[controller_server-8] [INFO] [1789933898.332581230] [controller_server]: Passing new path to controller.
[controller_server-8] [INFO] [1789933899.332626534] [controller_server]: Passing new path to controller.
[controller_server-8] [INFO] [1789933900.332567496] [controller_server]: Passing new path to controller.
[controller_server-8] [INFO] [1789933901.432581922] [controller_server]: Passing new path to controller.
[controller_server-8] [INFO] [1789933902.432575607] [controller_server]: Passing new path to controller.
[controller_server-8] [INFO] [1789933903.432585955] [controller_server]: Passing new path to controller.
[controller_server-8] [INFO] [1789933904.432647165] [controller_server]: Passing new path to controller.
[controller_server-8] [INFO] [1789933905.532672150] [controller_server]: Passing new path to controller.
[controller_server-8] [INFO] [1789933906.532579710] [controller_server]: Passing new path to controller.
[controller_server-8] [INFO] [1789933907.532577901] [controller_server]: Passing new path to controller.
[controller_server-8] [INFO] [1789933908.632602517] [controller_server]: Passing new path to controller.
[controller_server-8] [INFO] [1789933909.632589085] [controller_server]: Passing new path to controller.
[controller_server-8] [INFO] [1789933910.632611049] [controller_server]: Passing new path to controller.
[controller_server-8] [INFO] [1789933911.632611096] [controller_server]: Passing new path to controller.
[controller_server-8] [INFO] [1789933912.732569574] [controller_server]: Passing new path to controller.
[controller_server-8] [INFO] [1789933914.551011598] [controller_server]: Passing new path to controller.
[controller_server-8] [INFO] [1789933915.550943083] [controller_server]: Passing new path to controller.
[controller_server-8] [INFO] [1789933916.550905823] [controller_server]: Passing new path to controller.
[controller_server-8] [INFO] [1789933917.550924786] [controller_server]: Passing new path to controller.
[controller_server-8] [INFO] [1789933918.651545404] [controller_server]: Passing new path to controller.
[controller_server-8] [INFO] [1789933919.650918497] [controller_server]: Passing new path to controller.
[controller_server-8] [INFO] [1789933920.650911956] [controller_server]: Passing new path to controller.
[controller_server-8] [INFO] [1789933921.750912790] [controller_server]: Passing new path to controller.
[controller_server-8] [INFO] [1789933922.750925256] [controller_server]: Passing new path to controller.
[controller_server-8] [INFO] [1789933923.750964197] [controller_server]: Passing new path to controller.
[controller_server-8] [INFO] [1789933923.852036580] [controller_server]: Reached the goal!
[controller_server-8] [INFO] [1789933923.852228595] [controller_server]: Optimizer reset
[bt_navigator-13] [INFO] [1789933923.880246561] [bt_navigator]: Goal succeeded
[mission_executor-22] [INFO] [1789933956.685221807] [mission_executor]: [27] DELIVER done: delivered 3 units | measured 10.2 m, 57 s, 0.16 Wh, battery 34.9 -> 34.2 %
[python-19] INFO:     127.0.0.1:47486 - "POST /decide HTTP/1.1" 200 OK
[mission_executor-22] [INFO] [1789933956.689398333] [mission_executor]: decision: PICKUP:A - [routine] A has 2 units waiting; neural score +2.91, chosen over CHARGE:40 by +1.93
[mission_executor-22] [INFO] [1789933956.690247796] [mission_executor]: [28] PICKUP:A from delivery: predicted 10.0 m, 56 s, 0.14 Wh
[bt_navigator-13] [INFO] [1789933956.693234589] [bt_navigator]: Begin navigating from current location (-0.15, -3.80) to (-5.97, 3.08)
[controller_server-8] [INFO] [1789933956.704468543] [controller_server]: Received a goal, begin computing control effort.
[controller_server-8] [INFO] [1789933957.804823903] [controller_server]: Passing new path to controller.
[controller_server-8] [INFO] [1789933958.804861008] [controller_server]: Passing new path to controller.
[controller_server-8] [INFO] [1789933959.804843494] [controller_server]: Passing new path to controller.
[controller_server-8] [INFO] [1789933960.904820578] [controller_server]: Passing new path to controller.
[controller_server-8] [INFO] [1789933961.904825241] [controller_server]: Passing new path to controller.
[controller_server-8] [INFO] [1789933962.904808986] [controller_server]: Passing new path to controller.
[controller_server-8] [INFO] [1789933963.904821203] [controller_server]: Passing new path to controller.
[controller_server-8] [INFO] [1789933965.004829761] [controller_server]: Passing new path to controller.
[controller_server-8] [INFO] [1789933966.004849674] [controller_server]: Passing new path to controller.
[controller_server-8] [INFO] [1789933967.004842377] [controller_server]: Passing new path to controller.
[controller_server-8] [INFO] [1789933968.004837695] [controller_server]: Passing new path to controller.
[controller_server-8] [INFO] [1789933969.104842892] [controller_server]: Passing new path to controller.
[controller_server-8] [INFO] [1789933970.104818944] [controller_server]: Passing new path to controller.
[controller_server-8] [INFO] [1789933971.104842627] [controller_server]: Passing new path to controller.
[controller_server-8] [INFO] [1789933972.104846560] [controller_server]: Passing new path to controller.
[controller_server-8] [INFO] [1789933973.204845562] [controller_server]: Passing new path to controller.
[controller_server-8] [INFO] [1789933974.204842217] [controller_server]: Passing new path to controller.
[controller_server-8] [INFO] [1789933975.204849604] [controller_server]: Passing new path to controller.
[controller_server-8] [INFO] [1789933976.204911774] [controller_server]: Passing new path to controller.
[controller_server-8] [INFO] [1789933977.304840858] [controller_server]: Passing new path to controller.
[controller_server-8] [INFO] [1789933978.304815376] [controller_server]: Passing new path to controller.
[controller_server-8] [INFO] [1789933979.304996517] [controller_server]: Passing new path to controller.
[collision_monitor-16] [INFO] [1789933979.501659805] [collision_monitor]: Robot to approach for 1.200000 seconds away from collision
[collision_monitor-16] [INFO] [1789933979.551614642] [collision_monitor]: Robot to continue normal operation
[collision_monitor-16] [INFO] [1789933979.647293742] [collision_monitor]: Robot to approach for 1.200000 seconds away from collision
[collision_monitor-16] [INFO] [1789933979.677726197] [collision_monitor]: Robot to continue normal operation
[controller_server-8] [INFO] [1789933979.806308884] [controller_server]: Reached the goal!
[controller_server-8] [INFO] [1789933979.806555648] [controller_server]: Optimizer reset
[bt_navigator-13] [INFO] [1789933979.835697076] [bt_navigator]: Goal succeeded
[factory_node-20] [INFO] [1789934011.419827558] [factory]: pickup A: took 2 units (1.00 kg), 0 left
[mission_executor-22] [INFO] [1789934012.621791369] [mission_executor]: [28] PICKUP:A done: took 2 units (1.00 kg), 0 left | measured 10.1 m, 55 s, 0.14 Wh, battery 34.2 -> 33.6 %
[python-19] INFO:     127.0.0.1:46928 - "POST /decide HTTP/1.1" 200 OK
[mission_executor-22] [INFO] [1789934012.627240380] [mission_executor]: decision: DELIVER - [routine] carrying 2 units; neural score +2.90, chosen over PICKUP:B by +1.06
[mission_executor-22] [INFO] [1789934012.628559463] [mission_executor]: [29] DELIVER from A: predicted 10.0 m, 56 s, 0.16 Wh
[bt_navigator-13] [INFO] [1789934012.629880291] [bt_navigator]: Begin navigating from current location (-5.87, 2.97) to (-0.23, -3.98)
[controller_server-8] [INFO] [1789934012.651364426] [controller_server]: Received a goal, begin computing control effort.
[controller_server-8] [INFO] [1789934014.392319119] [controller_server]: Passing new path to controller.
[controller_server-8] [INFO] [1789934015.392248270] [controller_server]: Passing new path to controller.
[controller_server-8] [INFO] [1789934016.392250080] [controller_server]: Passing new path to controller.
[controller_server-8] [INFO] [1789934017.492240121] [controller_server]: Passing new path to controller.
[controller_server-8] [INFO] [1789934018.492214692] [controller_server]: Passing new path to controller.
[controller_server-8] [INFO] [1789934019.492274813] [controller_server]: Passing new path to controller.
[controller_server-8] [INFO] [1789934020.592337877] [controller_server]: Passing new path to controller.
[controller_server-8] [INFO] [1789934021.592208740] [controller_server]: Passing new path to controller.
[controller_server-8] [INFO] [1789934022.592239438] [controller_server]: Passing new path to controller.
[controller_server-8] [INFO] [1789934023.592323058] [controller_server]: Passing new path to controller.
[controller_server-8] [INFO] [1789934024.692268632] [controller_server]: Passing new path to controller.
[controller_server-8] [INFO] [1789934025.692271225] [controller_server]: Passing new path to controller.
[controller_server-8] [INFO] [1789934026.692227477] [controller_server]: Passing new path to controller.
[controller_server-8] [INFO] [1789934027.792218711] [controller_server]: Passing new path to controller.
[controller_server-8] [INFO] [1789934028.792256181] [controller_server]: Passing new path to controller.
[controller_server-8] [INFO] [1789934029.792246249] [controller_server]: Passing new path to controller.
[controller_server-8] [INFO] [1789934030.792229381] [controller_server]: Passing new path to controller.
[controller_server-8] [INFO] [1789934031.892267655] [controller_server]: Passing new path to controller.
[controller_server-8] [INFO] [1789934032.892227198] [controller_server]: Passing new path to controller.
[controller_server-8] [INFO] [1789934033.892240501] [controller_server]: Passing new path to controller.
[controller_server-8] [INFO] [1789934034.992251817] [controller_server]: Passing new path to controller.
[controller_server-8] [INFO] [1789934035.992218032] [controller_server]: Passing new path to controller.
[controller_server-8] [INFO] [1789934036.992213254] [controller_server]: Passing new path to controller.
[controller_server-8] [INFO] [1789934037.992213697] [controller_server]: Passing new path to controller.
[controller_server-8] [INFO] [1789934039.092255470] [controller_server]: Passing new path to controller.
[controller_server-8] [INFO] [1789934039.693468911] [controller_server]: Reached the goal!
[controller_server-8] [INFO] [1789934039.693775626] [controller_server]: Optimizer reset
[bt_navigator-13] [INFO] [1789934039.721736276] [bt_navigator]: Goal succeeded
[mission_executor-22] [INFO] [1789934072.540286203] [mission_executor]: [29] DELIVER done: delivered 2 units | measured 10.2 m, 58 s, 0.16 Wh, battery 33.6 -> 32.8 %
[python-19] INFO:     127.0.0.1:38364 - "POST /decide HTTP/1.1" 200 OK
[mission_executor-22] [INFO] [1789934072.544196492] [mission_executor]: decision: PICKUP:B - [routine] B has 1 units waiting; neural score +1.91, chosen over CHARGE:40 by +0.93
[mission_executor-22] [INFO] [1789934072.544718206] [mission_executor]: [30] PICKUP:B from delivery: predicted 10.3 m, 56 s, 0.15 Wh
[bt_navigator-13] [INFO] [1789934072.545665262] [bt_navigator]: Begin navigating from current location (-0.28, -3.86) to (6.03, 3.08)
[controller_server-8] [INFO] [1789934072.567092395] [controller_server]: Received a goal, begin computing control effort.
[controller_server-8] [INFO] [1789934073.667363638] [controller_server]: Passing new path to controller.
[controller_server-8] [INFO] [1789934074.667307500] [controller_server]: Passing new path to controller.
[controller_server-8] [INFO] [1789934075.667288064] [controller_server]: Passing new path to controller.
[controller_server-8] [INFO] [1789934076.767306814] [controller_server]: Passing new path to controller.
[controller_server-8] [INFO] [1789934077.767341460] [controller_server]: Passing new path to controller.
[controller_server-8] [INFO] [1789934078.767334743] [controller_server]: Passing new path to controller.
[controller_server-8] [INFO] [1789934079.767302102] [controller_server]: Passing new path to controller.
[controller_server-8] [INFO] [1789934081.018836367] [controller_server]: Passing new path to controller.
[controller_server-8] [INFO] [1789934082.018833434] [controller_server]: Passing new path to controller.
[controller_server-8] [INFO] [1789934083.018811981] [controller_server]: Passing new path to controller.
[controller_server-8] [INFO] [1789934084.118834925] [controller_server]: Passing new path to controller.
[controller_server-8] [INFO] [1789934085.118902684] [controller_server]: Passing new path to controller.
[controller_server-8] [INFO] [1789934086.118815137] [controller_server]: Passing new path to controller.
[controller_server-8] [INFO] [1789934087.118839723] [controller_server]: Passing new path to controller.
[controller_server-8] [INFO] [1789934088.218858874] [controller_server]: Passing new path to controller.
[controller_server-8] [INFO] [1789934089.218921003] [controller_server]: Passing new path to controller.
[controller_server-8] [INFO] [1789934090.218875306] [controller_server]: Passing new path to controller.
[controller_server-8] [INFO] [1789934091.318817843] [controller_server]: Passing new path to controller.
[controller_server-8] [INFO] [1789934092.318831210] [controller_server]: Passing new path to controller.
[controller_server-8] [INFO] [1789934093.318834429] [controller_server]: Passing new path to controller.
[controller_server-8] [INFO] [1789934094.318849729] [controller_server]: Passing new path to controller.
[controller_server-8] [INFO] [1789934095.418827542] [controller_server]: Passing new path to controller.
[controller_server-8] [INFO] [1789934095.920300044] [controller_server]: Reached the goal!
[controller_server-8] [INFO] [1789934095.920566600] [controller_server]: Optimizer reset
[bt_navigator-13] [INFO] [1789934095.948006251] [bt_navigator]: Goal succeeded
[factory_node-20] [INFO] [1789934127.518015038] [factory]: pickup B: took 2 units (0.80 kg), 0 left
[mission_executor-22] [INFO] [1789934128.720574137] [mission_executor]: [30] PICKUP:B done: took 2 units (0.80 kg), 0 left | measured 10.1 m, 54 s, 0.14 Wh, battery 32.8 -> 32.2 %
[python-19] INFO:     127.0.0.1:38506 - "POST /decide HTTP/1.1" 200 OK
[mission_executor-22] [INFO] [1789934128.725289456] [mission_executor]: decision: DELIVER - [routine] carrying 2 units; neural score +2.90, chosen over PICKUP:A by +1.06
[mission_executor-22] [INFO] [1789934128.725841454] [mission_executor]: [31] DELIVER from B: predicted 10.3 m, 56 s, 0.16 Wh
[bt_navigator-13] [INFO] [1789934128.727061520] [bt_navigator]: Begin navigating from current location (5.92, 2.91) to (-0.23, -3.98)
[controller_server-8] [INFO] [1789934128.748204054] [controller_server]: Received a goal, begin computing control effort.
[controller_server-8] [INFO] [1789934129.848410290] [controller_server]: Passing new path to controller.
[controller_server-8] [INFO] [1789934130.848411983] [controller_server]: Passing new path to controller.
[controller_server-8] [INFO] [1789934131.848445222] [controller_server]: Passing new path to controller.
[controller_server-8] [INFO] [1789934132.948391919] [controller_server]: Passing new path to controller.
[controller_server-8] [INFO] [1789934133.948430089] [controller_server]: Passing new path to controller.
[controller_server-8] [INFO] [1789934134.948436236] [controller_server]: Passing new path to controller.
[controller_server-8] [INFO] [1789934135.948392305] [controller_server]: Passing new path to controller.
[controller_server-8] [INFO] [1789934137.048392500] [controller_server]: Passing new path to controller.
[controller_server-8] [INFO] [1789934138.048432359] [controller_server]: Passing new path to controller.
[controller_server-8] [INFO] [1789934139.048432553] [controller_server]: Passing new path to controller.
[controller_server-8] [INFO] [1789934140.048446497] [controller_server]: Passing new path to controller.
[controller_server-8] [INFO] [1789934141.148426958] [controller_server]: Passing new path to controller.
[controller_server-8] [INFO] [1789934142.148538347] [controller_server]: Passing new path to controller.
[controller_server-8] [INFO] [1789934143.148441271] [controller_server]: Passing new path to controller.
[controller_server-8] [INFO] [1789934144.148378326] [controller_server]: Passing new path to controller.
[controller_server-8] [INFO] [1789934145.248467867] [controller_server]: Passing new path to controller.
[controller_server-8] [INFO] [1789934146.248353339] [controller_server]: Passing new path to controller.
[controller_server-8] [INFO] [1789934147.646978796] [controller_server]: Passing new path to controller.
[controller_server-8] [INFO] [1789934148.647063722] [controller_server]: Passing new path to controller.
[controller_server-8] [INFO] [1789934149.647095066] [controller_server]: Passing new path to controller.
[controller_server-8] [INFO] [1789934150.747094928] [controller_server]: Passing new path to controller.
[controller_server-8] [INFO] [1789934151.747087830] [controller_server]: Passing new path to controller.
[controller_server-8] [INFO] [1789934152.747084246] [controller_server]: Passing new path to controller.
[controller_server-8] [INFO] [1789934153.747049949] [controller_server]: Passing new path to controller.
[controller_server-8] [INFO] [1789934154.847019607] [controller_server]: Passing new path to controller.
[controller_server-8] [INFO] [1789934155.847075142] [controller_server]: Passing new path to controller.
[controller_server-8] [INFO] [1789934155.947986700] [controller_server]: Reached the goal!
[controller_server-8] [INFO] [1789934155.948257521] [controller_server]: Optimizer reset
[bt_navigator-13] [INFO] [1789934155.976424857] [bt_navigator]: Goal succeeded
[mission_executor-22] [INFO] [1789934188.809859508] [mission_executor]: [31] DELIVER done: delivered 2 units | measured 10.2 m, 58 s, 0.16 Wh, battery 32.2 -> 31.5 %
[python-19] INFO:     127.0.0.1:51998 - "POST /decide HTTP/1.1" 200 OK
[mission_executor-22] [INFO] [1789934188.814046715] [mission_executor]: decision: PICKUP:A - [routine] A has 1 units waiting; neural score +1.91, chosen over CHARGE:40 by +0.93
[mission_executor-22] [INFO] [1789934188.814654293] [mission_executor]: [32] PICKUP:A from delivery: predicted 10.0 m, 56 s, 0.14 Wh
[bt_navigator-13] [INFO] [1789934188.815615208] [bt_navigator]: Begin navigating from current location (-0.19, -3.84) to (-5.97, 3.08)
[controller_server-8] [INFO] [1789934188.837055166] [controller_server]: Received a goal, begin computing control effort.
[controller_server-8] [INFO] [1789934189.937265990] [controller_server]: Passing new path to controller.
[controller_server-8] [INFO] [1789934190.937260308] [controller_server]: Passing new path to controller.
[controller_server-8] [INFO] [1789934191.937230875] [controller_server]: Passing new path to controller.
[controller_server-8] [INFO] [1789934193.037323184] [controller_server]: Passing new path to controller.
[controller_server-8] [INFO] [1789934194.037287062] [controller_server]: Passing new path to controller.
[controller_server-8] [INFO] [1789934195.037272946] [controller_server]: Passing new path to controller.
[controller_server-8] [INFO] [1789934196.037273177] [controller_server]: Passing new path to controller.
[controller_server-8] [INFO] [1789934197.137283862] [controller_server]: Passing new path to controller.
[controller_server-8] [INFO] [1789934198.137241914] [controller_server]: Passing new path to controller.
[controller_server-8] [INFO] [1789934199.137283485] [controller_server]: Passing new path to controller.
[controller_server-8] [INFO] [1789934200.137339449] [controller_server]: Passing new path to controller.
[controller_server-8] [INFO] [1789934201.237304171] [controller_server]: Passing new path to controller.
[controller_server-8] [INFO] [1789934202.237249450] [controller_server]: Passing new path to controller.
[controller_server-8] [INFO] [1789934203.237290634] [controller_server]: Passing new path to controller.
[controller_server-8] [INFO] [1789934204.237268598] [controller_server]: Passing new path to controller.
[controller_server-8] [INFO] [1789934205.337270506] [controller_server]: Passing new path to controller.
[controller_server-8] [INFO] [1789934206.337237466] [controller_server]: Passing new path to controller.
[controller_server-8] [INFO] [1789934207.337865126] [controller_server]: Passing new path to controller.
[controller_server-8] [INFO] [1789934208.337487185] [controller_server]: Passing new path to controller.
[controller_server-8] [INFO] [1789934209.437283862] [controller_server]: Passing new path to controller.
[controller_server-8] [INFO] [1789934210.437372387] [controller_server]: Passing new path to controller.
[controller_server-8] [INFO] [1789934211.338378242] [controller_server]: Reached the goal!
[controller_server-8] [INFO] [1789934211.338614096] [controller_server]: Optimizer reset
[bt_navigator-13] [INFO] [1789934211.366095013] [bt_navigator]: Goal succeeded
[factory_node-20] [INFO] [1789934242.979440343] [factory]: pickup A: took 1 units (0.50 kg), 0 left
[mission_executor-22] [INFO] [1789934244.182958094] [mission_executor]: [32] PICKUP:A done: took 1 units (0.50 kg), 0 left | measured 10.0 m, 54 s, 0.14 Wh, battery 31.5 -> 30.8 %
[python-19] INFO:     127.0.0.1:51210 - "POST /decide HTTP/1.1" 200 OK
[mission_executor-22] [INFO] [1789934244.187100383] [mission_executor]: decision: DELIVER - [routine] carrying 1 units; neural score +1.90, chosen over PICKUP:B by +0.06
[mission_executor-22] [INFO] [1789934244.187680857] [mission_executor]: [33] DELIVER from A: predicted 10.0 m, 56 s, 0.15 Wh
[bt_navigator-13] [INFO] [1789934244.189004410] [bt_navigator]: Begin navigating from current location (-5.86, 2.98) to (-0.23, -3.98)
[controller_server-8] [INFO] [1789934244.210217743] [controller_server]: Received a goal, begin computing control effort.
[controller_server-8] [INFO] [1789934245.310443421] [controller_server]: Passing new path to controller.
[controller_server-8] [INFO] [1789934246.310472072] [controller_server]: Passing new path to controller.
[controller_server-8] [INFO] [1789934247.560909591] [controller_server]: Passing new path to controller.
[controller_server-8] [INFO] [1789934248.560901238] [controller_server]: Passing new path to controller.
[controller_server-8] [INFO] [1789934249.660931259] [controller_server]: Passing new path to controller.
[controller_server-8] [INFO] [1789934250.660902737] [controller_server]: Passing new path to controller.
[controller_server-8] [INFO] [1789934251.660926035] [controller_server]: Passing new path to controller.
[controller_server-8] [INFO] [1789934252.660870840] [controller_server]: Passing new path to controller.
[controller_server-8] [INFO] [1789934253.760945863] [controller_server]: Passing new path to controller.
[controller_server-8] [INFO] [1789934254.760960576] [controller_server]: Passing new path to controller.
[controller_server-8] [INFO] [1789934255.760864223] [controller_server]: Passing new path to controller.
[controller_server-8] [INFO] [1789934256.760869654] [controller_server]: Passing new path to controller.
[controller_server-8] [INFO] [1789934257.860846484] [controller_server]: Passing new path to controller.
[controller_server-8] [INFO] [1789934258.860877007] [controller_server]: Passing new path to controller.
[controller_server-8] [INFO] [1789934259.860861450] [controller_server]: Passing new path to controller.
[controller_server-8] [INFO] [1789934260.960879589] [controller_server]: Passing new path to controller.
[controller_server-8] [INFO] [1789934261.960902193] [controller_server]: Passing new path to controller.
[controller_server-8] [INFO] [1789934262.960879100] [controller_server]: Passing new path to controller.
[controller_server-8] [INFO] [1789934263.960873216] [controller_server]: Passing new path to controller.
[controller_server-8] [INFO] [1789934265.060843635] [controller_server]: Passing new path to controller.
[controller_server-8] [INFO] [1789934266.060868134] [controller_server]: Passing new path to controller.
[controller_server-8] [INFO] [1789934267.060880519] [controller_server]: Passing new path to controller.
[controller_server-8] [INFO] [1789934268.060981240] [controller_server]: Passing new path to controller.
[controller_server-8] [INFO] [1789934269.160869427] [controller_server]: Passing new path to controller.
[controller_server-8] [INFO] [1789934270.160876660] [controller_server]: Passing new path to controller.
[controller_server-8] [INFO] [1789934271.160905834] [controller_server]: Passing new path to controller.
[controller_server-8] [INFO] [1789934271.261969219] [controller_server]: Reached the goal!
[controller_server-8] [INFO] [1789934271.262174320] [controller_server]: Optimizer reset
[bt_navigator-13] [INFO] [1789934271.289861241] [bt_navigator]: Goal succeeded
[mission_executor-22] [INFO] [1789934304.205030240] [mission_executor]: [33] DELIVER done: delivered 1 units | measured 10.2 m, 58 s, 0.15 Wh, battery 30.8 -> 30.1 %
[python-19] INFO:     127.0.0.1:44808 - "POST /decide HTTP/1.1" 200 OK
[mission_executor-22] [INFO] [1789934304.210194944] [mission_executor]: decision: PICKUP:A - [routine] A has 1 units waiting; neural score +1.91, chosen over PICKUP:B by +0.00
[mission_executor-22] [INFO] [1789934304.211764795] [mission_executor]: [34] PICKUP:A from delivery: predicted 10.0 m, 56 s, 0.14 Wh
[bt_navigator-13] [INFO] [1789934304.212866793] [bt_navigator]: Begin navigating from current location (-0.25, -3.84) to (-5.97, 3.08)
[controller_server-8] [INFO] [1789934304.234033796] [controller_server]: Received a goal, begin computing control effort.
[controller_server-8] [INFO] [1789934305.334235709] [controller_server]: Passing new path to controller.
[controller_server-8] [INFO] [1789934306.334278737] [controller_server]: Passing new path to controller.
[controller_server-8] [INFO] [1789934307.334253341] [controller_server]: Passing new path to controller.
[controller_server-8] [INFO] [1789934308.434318708] [controller_server]: Passing new path to controller.
[controller_server-8] [INFO] [1789934309.434258565] [controller_server]: Passing new path to controller.
[controller_server-8] [INFO] [1789934310.434231124] [controller_server]: Passing new path to controller.
[controller_server-8] [INFO] [1789934311.434251182] [controller_server]: Passing new path to controller.
[controller_server-8] [INFO] [1789934312.534260594] [controller_server]: Passing new path to controller.
[controller_server-8] [INFO] [1789934314.343092037] [controller_server]: Passing new path to controller.
[controller_server-8] [INFO] [1789934315.343050681] [controller_server]: Passing new path to controller.
[controller_server-8] [INFO] [1789934316.343081569] [controller_server]: Passing new path to controller.
[controller_server-8] [INFO] [1789934317.343079656] [controller_server]: Passing new path to controller.
[controller_server-8] [INFO] [1789934318.443064686] [controller_server]: Passing new path to controller.
[controller_server-8] [INFO] [1789934319.443019475] [controller_server]: Passing new path to controller.
[controller_server-8] [INFO] [1789934320.443026819] [controller_server]: Passing new path to controller.
[controller_server-8] [INFO] [1789934321.443089723] [controller_server]: Passing new path to controller.
[controller_server-8] [INFO] [1789934322.543014977] [controller_server]: Passing new path to controller.
[controller_server-8] [INFO] [1789934323.543015594] [controller_server]: Passing new path to controller.
[controller_server-8] [INFO] [1789934324.543046328] [controller_server]: Passing new path to controller.
[controller_server-8] [INFO] [1789934325.543009915] [controller_server]: Passing new path to controller.
[controller_server-8] [INFO] [1789934326.643018227] [controller_server]: Passing new path to controller.
[controller_server-8] [INFO] [1789934327.643092432] [controller_server]: Passing new path to controller.
[controller_server-8] [INFO] [1789934327.844219877] [controller_server]: Reached the goal!
[controller_server-8] [INFO] [1789934327.844392908] [controller_server]: Optimizer reset
[bt_navigator-13] [INFO] [1789934327.872234446] [bt_navigator]: Goal succeeded
[factory_node-20] [INFO] [1789934359.540180632] [factory]: pickup A: took 1 units (0.50 kg), 0 left
[mission_executor-22] [INFO] [1789934360.743308147] [mission_executor]: [34] PICKUP:A done: took 1 units (0.50 kg), 0 left | measured 10.1 m, 54 s, 0.14 Wh, battery 30.1 -> 29.5 %
[python-19] INFO:     127.0.0.1:57828 - "POST /decide HTTP/1.1" 200 OK
[mission_executor-22] [INFO] [1789934360.748919517] [mission_executor]: decision: DELIVER - [routine] carrying 1 units; neural score +1.90, chosen over PICKUP:B by +0.06
[mission_executor-22] [INFO] [1789934360.749513181] [mission_executor]: [35] DELIVER from A: predicted 10.0 m, 56 s, 0.15 Wh
[bt_navigator-13] [INFO] [1789934360.750709085] [bt_navigator]: Begin navigating from current location (-5.86, 3.06) to (-0.23, -3.98)
[controller_server-8] [INFO] [1789934360.771687031] [controller_server]: Received a goal, begin computing control effort.
[controller_server-8] [INFO] [1789934361.871928083] [controller_server]: Passing new path to controller.
[controller_server-8] [INFO] [1789934362.871930570] [controller_server]: Passing new path to controller.
[controller_server-8] [INFO] [1789934363.871960164] [controller_server]: Passing new path to controller.
[controller_server-8] [INFO] [1789934364.971935411] [controller_server]: Passing new path to controller.
[controller_server-8] [INFO] [1789934365.971942883] [controller_server]: Passing new path to controller.
[controller_server-8] [INFO] [1789934366.971910861] [controller_server]: Passing new path to controller.
[controller_server-8] [INFO] [1789934367.971910548] [controller_server]: Passing new path to controller.
[controller_server-8] [INFO] [1789934369.071922727] [controller_server]: Passing new path to controller.
[controller_server-8] [INFO] [1789934370.071920611] [controller_server]: Passing new path to controller.
[controller_server-8] [INFO] [1789934371.071952038] [controller_server]: Passing new path to controller.
[controller_server-8] [INFO] [1789934372.171932647] [controller_server]: Passing new path to controller.
[controller_server-8] [INFO] [1789934373.171917383] [controller_server]: Passing new path to controller.
[controller_server-8] [INFO] [1789934374.171911474] [controller_server]: Passing new path to controller.
[controller_server-8] [INFO] [1789934375.171930703] [controller_server]: Passing new path to controller.
[controller_server-8] [INFO] [1789934376.271922615] [controller_server]: Passing new path to controller.
[controller_server-8] [INFO] [1789934377.271938726] [controller_server]: Passing new path to controller.
[controller_server-8] [INFO] [1789934378.271938176] [controller_server]: Passing new path to controller.
[controller_server-8] [INFO] [1789934379.271981690] [controller_server]: Passing new path to controller.
[controller_server-8] [INFO] [1789934381.076696179] [controller_server]: Passing new path to controller.
[controller_server-8] [INFO] [1789934382.076716078] [controller_server]: Passing new path to controller.
[controller_server-8] [INFO] [1789934383.076714583] [controller_server]: Passing new path to controller.
[controller_server-8] [INFO] [1789934384.076672762] [controller_server]: Passing new path to controller.
[controller_server-8] [INFO] [1789934385.176697557] [controller_server]: Passing new path to controller.
[controller_server-8] [INFO] [1789934386.176669315] [controller_server]: Passing new path to controller.
[controller_server-8] [INFO] [1789934387.176669968] [controller_server]: Passing new path to controller.
[controller_server-8] [INFO] [1789934387.977899977] [controller_server]: Reached the goal!
[controller_server-8] [INFO] [1789934387.978044909] [controller_server]: Optimizer reset
[bt_navigator-13] [INFO] [1789934388.006018507] [bt_navigator]: Goal succeeded
[mission_executor-22] [INFO] [1789934420.866920953] [mission_executor]: [35] DELIVER done: delivered 1 units | measured 10.3 m, 58 s, 0.15 Wh, battery 29.5 -> 28.8 %
[python-19] INFO:     127.0.0.1:36978 - "POST /decide HTTP/1.1" 200 OK
[mission_executor-22] [INFO] [1789934420.870902499] [mission_executor]: decision: PICKUP:B - [routine] B has 2 units waiting; neural score +2.91, chosen over CHARGE:40 by +1.93
[mission_executor-22] [INFO] [1789934420.871586582] [mission_executor]: [36] PICKUP:B from delivery: predicted 10.3 m, 56 s, 0.15 Wh
[bt_navigator-13] [INFO] [1789934420.872533922] [bt_navigator]: Begin navigating from current location (-0.22, -3.86) to (6.03, 3.08)
[controller_server-8] [INFO] [1789934420.893658649] [controller_server]: Received a goal, begin computing control effort.
[controller_server-8] [INFO] [1789934421.993861497] [controller_server]: Passing new path to controller.
[controller_server-8] [INFO] [1789934422.994009007] [controller_server]: Passing new path to controller.
[controller_server-8] [INFO] [1789934423.993866635] [controller_server]: Passing new path to controller.
[controller_server-8] [INFO] [1789934425.093851334] [controller_server]: Passing new path to controller.
[controller_server-8] [INFO] [1789934426.093877456] [controller_server]: Passing new path to controller.
[controller_server-8] [INFO] [1789934427.093842836] [controller_server]: Passing new path to controller.
[controller_server-8] [INFO] [1789934428.093853701] [controller_server]: Passing new path to controller.
[controller_server-8] [INFO] [1789934429.193866860] [controller_server]: Passing new path to controller.
[controller_server-8] [INFO] [1789934430.193829058] [controller_server]: Passing new path to controller.
[controller_server-8] [INFO] [1789934431.193816689] [controller_server]: Passing new path to controller.
[controller_server-8] [INFO] [1789934432.193840383] [controller_server]: Passing new path to controller.
[controller_server-8] [INFO] [1789934433.293816234] [controller_server]: Passing new path to controller.
[controller_server-8] [INFO] [1789934434.293889846] [controller_server]: Passing new path to controller.
[controller_server-8] [INFO] [1789934435.293878807] [controller_server]: Passing new path to controller.
[controller_server-8] [INFO] [1789934436.293818273] [controller_server]: Passing new path to controller.
[controller_server-8] [INFO] [1789934437.393855899] [controller_server]: Passing new path to controller.
[controller_server-8] [INFO] [1789934438.393824859] [controller_server]: Passing new path to controller.
[planner_server-10] [ERROR] [1789934439.343934440] [planner_server]: Failed to create a plan from potential when a legal potential was found. This shouldn't happen.
[planner_server-10] [WARN] [1789934439.346937298] [planner_server]: GridBased plugin failed to plan from (5.77, 1.02) to (6.03, 3.08): "Failed to create plan with tolerance of: 0.500000"
[planner_server-10] [WARN] [1789934439.347055695] [planner_server]: [compute_path_to_pose] [ActionServer] Aborting handle.
[planner_server-10] [INFO] [1789934439.371864420] [global_costmap.global_costmap]: Received request to clear entirely the global_costmap
[planner_server-10] [WARN] [1789934439.455174666] [planner_server]: Planner loop missed its desired rate of 20.0000 Hz. Current loop rate is 12.5000 Hz
[controller_server-8] [INFO] [1789934439.493833569] [controller_server]: Passing new path to controller.
[controller_server-8] [INFO] [1789934440.593858749] [controller_server]: Passing new path to controller.
[controller_server-8] [INFO] [1789934441.593837398] [controller_server]: Passing new path to controller.
[controller_server-8] [INFO] [1789934442.593834455] [controller_server]: Passing new path to controller.
[controller_server-8] [INFO] [1789934443.294827835] [controller_server]: Reached the goal!
[controller_server-8] [INFO] [1789934443.294995743] [controller_server]: Optimizer reset
[bt_navigator-13] [INFO] [1789934443.323191003] [bt_navigator]: Goal succeeded
[factory_node-20] [INFO] [1789934475.115873140] [factory]: pickup B: took 2 units (0.80 kg), 0 left
[mission_executor-22] [INFO] [1789934476.318171382] [mission_executor]: [36] PICKUP:B done: took 2 units (0.80 kg), 0 left | measured 10.1 m, 54 s, 0.14 Wh, battery 28.8 -> 28.1 %
[python-19] INFO:     127.0.0.1:54052 - "POST /decide HTTP/1.1" 200 OK
[mission_executor-22] [INFO] [1789934476.323862454] [mission_executor]: decision: DELIVER - [routine] carrying 2 units; neural score +2.90, chosen over PICKUP:A by +1.06
[mission_executor-22] [INFO] [1789934476.324682917] [mission_executor]: [37] DELIVER from B: predicted 10.3 m, 56 s, 0.16 Wh
[bt_navigator-13] [INFO] [1789934476.325721733] [bt_navigator]: Begin navigating from current location (5.91, 2.86) to (-0.23, -3.98)
[controller_server-8] [INFO] [1789934476.346770021] [controller_server]: Received a goal, begin computing control effort.
[controller_server-8] [INFO] [1789934477.446953319] [controller_server]: Passing new path to controller.
[controller_server-8] [INFO] [1789934478.446947694] [controller_server]: Passing new path to controller.
[controller_server-8] [INFO] [1789934479.446952025] [controller_server]: Passing new path to controller.
[controller_server-8] [INFO] [1789934481.194232867] [controller_server]: Passing new path to controller.
[controller_server-8] [INFO] [1789934482.194300486] [controller_server]: Passing new path to controller.
[controller_server-8] [INFO] [1789934483.294260628] [controller_server]: Passing new path to controller.
[controller_server-8] [INFO] [1789934484.294243249] [controller_server]: Passing new path to controller.
[controller_server-8] [INFO] [1789934485.294273360] [controller_server]: Passing new path to controller.
[controller_server-8] [INFO] [1789934486.394246684] [controller_server]: Passing new path to controller.
[controller_server-8] [INFO] [1789934487.394234538] [controller_server]: Passing new path to controller.
[controller_server-8] [INFO] [1789934488.394225826] [controller_server]: Passing new path to controller.
[controller_server-8] [INFO] [1789934489.394260409] [controller_server]: Passing new path to controller.
[controller_server-8] [INFO] [1789934490.494217035] [controller_server]: Passing new path to controller.
[controller_server-8] [INFO] [1789934491.494310651] [controller_server]: Passing new path to controller.
[controller_server-8] [INFO] [1789934492.494261396] [controller_server]: Passing new path to controller.
[controller_server-8] [INFO] [1789934493.494262425] [controller_server]: Passing new path to controller.
[controller_server-8] [INFO] [1789934494.594228377] [controller_server]: Passing new path to controller.
[controller_server-8] [INFO] [1789934495.594255148] [controller_server]: Passing new path to controller.
[controller_server-8] [INFO] [1789934496.594222622] [controller_server]: Passing new path to controller.
[controller_server-8] [INFO] [1789934497.694233326] [controller_server]: Passing new path to controller.
[controller_server-8] [INFO] [1789934498.694258016] [controller_server]: Passing new path to controller.
[controller_server-8] [INFO] [1789934499.694264177] [controller_server]: Passing new path to controller.
[controller_server-8] [INFO] [1789934500.694265251] [controller_server]: Passing new path to controller.
[controller_server-8] [INFO] [1789934501.694280149] [controller_server]: Passing new path to controller.
[controller_server-8] [INFO] [1789934502.794224326] [controller_server]: Passing new path to controller.
[controller_server-8] [INFO] [1789934503.794297414] [controller_server]: Passing new path to controller.
[controller_server-8] [INFO] [1789934504.095204806] [controller_server]: Reached the goal!
[controller_server-8] [INFO] [1789934504.095393317] [controller_server]: Optimizer reset
[bt_navigator-13] [INFO] [1789934504.123557265] [bt_navigator]: Goal succeeded
[mission_executor-22] [INFO] [1789934537.047358212] [mission_executor]: [37] DELIVER done: delivered 2 units | measured 10.3 m, 58 s, 0.16 Wh, battery 28.1 -> 27.4 %
[python-19] INFO:     127.0.0.1:58946 - "POST /decide HTTP/1.1" 200 OK
[mission_executor-22] [INFO] [1789934537.052232117] [mission_executor]: decision: PICKUP:A - [routine] A has 1 units waiting; neural score +1.91, chosen over PICKUP:B by +0.00
[mission_executor-22] [INFO] [1789934537.054975912] [mission_executor]: [38] PICKUP:A from delivery: predicted 10.0 m, 56 s, 0.14 Wh
[bt_navigator-13] [INFO] [1789934537.055907048] [bt_navigator]: Begin navigating from current location (-0.17, -3.83) to (-5.97, 3.08)
[controller_server-8] [INFO] [1789934537.077297693] [controller_server]: Received a goal, begin computing control effort.
[controller_server-8] [INFO] [1789934538.177552980] [controller_server]: Passing new path to controller.
[controller_server-8] [INFO] [1789934539.177545965] [controller_server]: Passing new path to controller.
[controller_server-8] [INFO] [1789934540.177488077] [controller_server]: Passing new path to controller.
[controller_server-8] [INFO] [1789934541.277495003] [controller_server]: Passing new path to controller.
[controller_server-8] [INFO] [1789934542.277503008] [controller_server]: Passing new path to controller.
[controller_server-8] [INFO] [1789934543.277488339] [controller_server]: Passing new path to controller.
[controller_server-8] [INFO] [1789934544.377532766] [controller_server]: Passing new path to controller.
[controller_server-8] [INFO] [1789934545.377503021] [controller_server]: Passing new path to controller.
[controller_server-8] [INFO] [1789934546.377520706] [controller_server]: Passing new path to controller.
[controller_server-8] [INFO] [1789934547.882411688] [controller_server]: Passing new path to controller.
[controller_server-8] [INFO] [1789934548.982431344] [controller_server]: Passing new path to controller.
[controller_server-8] [INFO] [1789934549.982463067] [controller_server]: Passing new path to controller.
[controller_server-8] [INFO] [1789934550.982416365] [controller_server]: Passing new path to controller.
[controller_server-8] [INFO] [1789934551.982440730] [controller_server]: Passing new path to controller.
[controller_server-8] [INFO] [1789934553.082429404] [controller_server]: Passing new path to controller.
[controller_server-8] [INFO] [1789934554.082437134] [controller_server]: Passing new path to controller.
[controller_server-8] [INFO] [1789934555.082386853] [controller_server]: Passing new path to controller.
[controller_server-8] [INFO] [1789934556.082519660] [controller_server]: Passing new path to controller.
[controller_server-8] [INFO] [1789934557.182406472] [controller_server]: Passing new path to controller.
[controller_server-8] [INFO] [1789934558.182400801] [controller_server]: Passing new path to controller.
[controller_server-8] [INFO] [1789934559.182410807] [controller_server]: Passing new path to controller.
[controller_server-8] [INFO] [1789934560.182402137] [controller_server]: Passing new path to controller.
[controller_server-8] [INFO] [1789934560.683957782] [controller_server]: Reached the goal!
[controller_server-8] [INFO] [1789934560.684274414] [controller_server]: Optimizer reset
[bt_navigator-13] [INFO] [1789934560.711618811] [bt_navigator]: Goal succeeded
[factory_node-20] [INFO] [1789934592.393741222] [factory]: pickup A: took 2 units (1.00 kg), 0 left
[mission_executor-22] [INFO] [1789934593.596924019] [mission_executor]: [38] PICKUP:A done: took 2 units (1.00 kg), 0 left | measured 10.1 m, 54 s, 0.14 Wh, battery 27.4 -> 26.8 %
[python-19] INFO:     127.0.0.1:52706 - "POST /decide HTTP/1.1" 200 OK
[mission_executor-22] [INFO] [1789934593.601599267] [mission_executor]: decision: DELIVER - [routine] carrying 2 units; neural score +2.90, chosen over PICKUP:B by +1.06
[mission_executor-22] [INFO] [1789934593.602269066] [mission_executor]: [39] DELIVER from A: predicted 10.0 m, 56 s, 0.16 Wh
[bt_navigator-13] [INFO] [1789934593.603421825] [bt_navigator]: Begin navigating from current location (-5.89, 3.00) to (-0.23, -3.98)
[controller_server-8] [INFO] [1789934593.624651826] [controller_server]: Received a goal, begin computing control effort.
[controller_server-8] [INFO] [1789934594.724926943] [controller_server]: Passing new path to controller.
[controller_server-8] [INFO] [1789934595.724854347] [controller_server]: Passing new path to controller.
[controller_server-8] [INFO] [1789934596.724926968] [controller_server]: Passing new path to controller.
[controller_server-8] [INFO] [1789934597.724947301] [controller_server]: Passing new path to controller.
[controller_server-8] [INFO] [1789934598.824931451] [controller_server]: Passing new path to controller.
[controller_server-8] [INFO] [1789934599.824904329] [controller_server]: Passing new path to controller.
[controller_server-8] [INFO] [1789934600.824933844] [controller_server]: Passing new path to controller.
[controller_server-8] [INFO] [1789934601.824879369] [controller_server]: Passing new path to controller.
[controller_server-8] [INFO] [1789934602.924930976] [controller_server]: Passing new path to controller.
[controller_server-8] [INFO] [1789934603.924972065] [controller_server]: Passing new path to controller.
[controller_server-8] [INFO] [1789934604.924885465] [controller_server]: Passing new path to controller.
[controller_server-8] [INFO] [1789934605.924919111] [controller_server]: Passing new path to controller.
[controller_server-8] [INFO] [1789934607.024937911] [controller_server]: Passing new path to controller.
[controller_server-8] [INFO] [1789934608.024930186] [controller_server]: Passing new path to controller.
[controller_server-8] [INFO] [1789934609.024980650] [controller_server]: Passing new path to controller.
[controller_server-8] [INFO] [1789934610.024897144] [controller_server]: Passing new path to controller.
[controller_server-8] [INFO] [1789934611.024918643] [controller_server]: Passing new path to controller.
[controller_server-8] [INFO] [1789934612.124915434] [controller_server]: Passing new path to controller.
[controller_server-8] [INFO] [1789934613.124983213] [controller_server]: Passing new path to controller.
[controller_server-8] [INFO] [1789934614.626458639] [controller_server]: Passing new path to controller.
[controller_server-8] [INFO] [1789934615.626536955] [controller_server]: Passing new path to controller.
[controller_server-8] [INFO] [1789934616.626487481] [controller_server]: Passing new path to controller.
[controller_server-8] [INFO] [1789934617.726347685] [controller_server]: Passing new path to controller.
[controller_server-8] [INFO] [1789934618.726391975] [controller_server]: Passing new path to controller.
[controller_server-8] [INFO] [1789934619.726383970] [controller_server]: Passing new path to controller.
[controller_server-8] [INFO] [1789934620.027412240] [controller_server]: Reached the goal!
[controller_server-8] [INFO] [1789934620.027610772] [controller_server]: Optimizer reset
[bt_navigator-13] [INFO] [1789934620.055441493] [bt_navigator]: Goal succeeded
[mission_executor-22] [INFO] [1789934652.946771864] [mission_executor]: [39] DELIVER done: delivered 2 units | measured 10.2 m, 57 s, 0.16 Wh, battery 26.8 -> 26.1 %
[python-19] INFO:     127.0.0.1:44634 - "POST /decide HTTP/1.1" 200 OK
[mission_executor-22] [INFO] [1789934652.955006148] [mission_executor]: decision: PICKUP:B - [routine] B has 2 units waiting; neural score +2.90, chosen over PICKUP:C by +0.97
[mission_executor-22] [INFO] [1789934652.956295818] [mission_executor]: [40] PICKUP:B from delivery: predicted 10.3 m, 56 s, 0.15 Wh
[bt_navigator-13] [INFO] [1789934652.957588291] [bt_navigator]: Begin navigating from current location (-0.26, -3.84) to (6.03, 3.08)
[controller_server-8] [INFO] [1789934652.969516239] [controller_server]: Received a goal, begin computing control effort.
[controller_server-8] [INFO] [1789934654.070589988] [controller_server]: Passing new path to controller.
[controller_server-8] [INFO] [1789934655.070592557] [controller_server]: Passing new path to controller.
[controller_server-8] [INFO] [1789934656.070594643] [controller_server]: Passing new path to controller.
[controller_server-8] [INFO] [1789934657.070596535] [controller_server]: Passing new path to controller.
[controller_server-8] [INFO] [1789934658.170663010] [controller_server]: Passing new path to controller.
[controller_server-8] [INFO] [1789934659.170626028] [controller_server]: Passing new path to controller.
[controller_server-8] [INFO] [1789934660.170705378] [controller_server]: Passing new path to controller.
[controller_server-8] [INFO] [1789934661.170618478] [controller_server]: Passing new path to controller.
[controller_server-8] [INFO] [1789934662.270626349] [controller_server]: Passing new path to controller.
[controller_server-8] [INFO] [1789934663.270598070] [controller_server]: Passing new path to controller.
[controller_server-8] [INFO] [1789934664.270617728] [controller_server]: Passing new path to controller.
[controller_server-8] [INFO] [1789934665.370602790] [controller_server]: Passing new path to controller.
[controller_server-8] [INFO] [1789934666.370587076] [controller_server]: Passing new path to controller.
[controller_server-8] [INFO] [1789934667.370583442] [controller_server]: Passing new path to controller.
[controller_server-8] [INFO] [1789934668.370625039] [controller_server]: Passing new path to controller.
[controller_server-8] [INFO] [1789934669.470583332] [controller_server]: Passing new path to controller.
[controller_server-8] [INFO] [1789934670.470598852] [controller_server]: Passing new path to controller.
[controller_server-8] [INFO] [1789934671.470619107] [controller_server]: Passing new path to controller.
[controller_server-8] [INFO] [1789934672.470608723] [controller_server]: Passing new path to controller.
[controller_server-8] [INFO] [1789934673.570620885] [controller_server]: Passing new path to controller.
[controller_server-8] [INFO] [1789934674.570605668] [controller_server]: Passing new path to controller.
[controller_server-8] [INFO] [1789934675.172291992] [controller_server]: Reached the goal!
[controller_server-8] [INFO] [1789934675.172545329] [controller_server]: Optimizer reset
[bt_navigator-13] [INFO] [1789934675.198360683] [bt_navigator]: Goal succeeded
[factory_node-20] [INFO] [1789934706.833655547] [factory]: pickup B: took 2 units (0.80 kg), 0 left
[mission_executor-22] [INFO] [1789934708.037114994] [mission_executor]: [40] PICKUP:B done: took 2 units (0.80 kg), 0 left | measured 10.1 m, 54 s, 0.14 Wh, battery 26.1 -> 25.4 %
[python-19] INFO:     127.0.0.1:50430 - "POST /decide HTTP/1.1" 200 OK
[mission_executor-22] [INFO] [1789934708.044873538] [mission_executor]: decision: DELIVER - [routine] carrying 2 units; neural score +2.90, chosen over PICKUP:C by +0.99
[mission_executor-22] [INFO] [1789934708.045836904] [mission_executor]: [41] DELIVER from B: predicted 10.3 m, 56 s, 0.16 Wh
[bt_navigator-13] [INFO] [1789934708.047091590] [bt_navigator]: Begin navigating from current location (5.86, 2.90) to (-0.23, -3.98)
[controller_server-8] [INFO] [1789934708.068185801] [controller_server]: Received a goal, begin computing control effort.
[controller_server-8] [INFO] [1789934709.168421724] [controller_server]: Passing new path to controller.
[controller_server-8] [INFO] [1789934710.168368780] [controller_server]: Passing new path to controller.
[controller_server-8] [INFO] [1789934711.168372968] [controller_server]: Passing new path to controller.
[controller_server-8] [INFO] [1789934712.268372965] [controller_server]: Passing new path to controller.
[controller_server-8] [INFO] [1789934713.268385414] [controller_server]: Passing new path to controller.
[controller_server-8] [INFO] [1789934714.683535455] [controller_server]: Passing new path to controller.
[controller_server-8] [INFO] [1789934715.682935658] [controller_server]: Passing new path to controller.
[controller_server-8] [INFO] [1789934716.782936235] [controller_server]: Passing new path to controller.
[controller_server-8] [INFO] [1789934717.782970143] [controller_server]: Passing new path to controller.
[controller_server-8] [INFO] [1789934718.782911160] [controller_server]: Passing new path to controller.
[controller_server-8] [INFO] [1789934719.782913922] [controller_server]: Passing new path to controller.
[controller_server-8] [INFO] [1789934720.882947359] [controller_server]: Passing new path to controller.
[controller_server-8] [INFO] [1789934721.882963541] [controller_server]: Passing new path to controller.
[controller_server-8] [INFO] [1789934722.882899366] [controller_server]: Passing new path to controller.
[controller_server-8] [INFO] [1789934723.882913131] [controller_server]: Passing new path to controller.
[controller_server-8] [INFO] [1789934724.882903205] [controller_server]: Passing new path to controller.
[controller_server-8] [INFO] [1789934725.982936062] [controller_server]: Passing new path to controller.
[controller_server-8] [INFO] [1789934726.982921977] [controller_server]: Passing new path to controller.
[controller_server-8] [INFO] [1789934727.982919075] [controller_server]: Passing new path to controller.
[controller_server-8] [INFO] [1789934729.082896043] [controller_server]: Passing new path to controller.
[controller_server-8] [INFO] [1789934730.082963870] [controller_server]: Passing new path to controller.
[controller_server-8] [INFO] [1789934731.082920167] [controller_server]: Passing new path to controller.
[controller_server-8] [INFO] [1789934732.082895504] [controller_server]: Passing new path to controller.
[controller_server-8] [INFO] [1789934733.182950175] [controller_server]: Passing new path to controller.
[controller_server-8] [INFO] [1789934734.182989395] [controller_server]: Passing new path to controller.
[controller_server-8] [INFO] [1789934735.182912156] [controller_server]: Passing new path to controller.
[controller_server-8] [INFO] [1789934735.884202900] [controller_server]: Reached the goal!
[controller_server-8] [INFO] [1789934735.884880934] [controller_server]: Optimizer reset
[bt_navigator-13] [INFO] [1789934735.912173645] [bt_navigator]: Goal succeeded
[mission_executor-22] [INFO] [1789934768.778566693] [mission_executor]: [41] DELIVER done: delivered 2 units | measured 10.2 m, 58 s, 0.16 Wh, battery 25.4 -> 24.7 %
[python-19] INFO:     127.0.0.1:41482 - "POST /decide HTTP/1.1" 200 OK
[mission_executor-22] [INFO] [1789934768.783460118] [mission_executor]: decision: PICKUP:C - [routine] C has 1 units waiting; neural score +1.93, chosen over PICKUP:A by +0.03
[mission_executor-22] [INFO] [1789934768.785028821] [mission_executor]: [42] PICKUP:C from delivery: predicted 6.3 m, 46 s, 0.11 Wh
[bt_navigator-13] [INFO] [1789934768.786105455] [bt_navigator]: Begin navigating from current location (-0.19, -3.89) to (6.03, -3.42)
[controller_server-8] [INFO] [1789934768.807107804] [controller_server]: Received a goal, begin computing control effort.
[controller_server-8] [INFO] [1789934769.907313342] [controller_server]: Passing new path to controller.
[controller_server-8] [INFO] [1789934770.907256451] [controller_server]: Passing new path to controller.
[controller_server-8] [INFO] [1789934771.907254942] [controller_server]: Passing new path to controller.
[controller_server-8] [INFO] [1789934773.007284279] [controller_server]: Passing new path to controller.
[controller_server-8] [INFO] [1789934774.007284896] [controller_server]: Passing new path to controller.
[controller_server-8] [INFO] [1789934775.007252168] [controller_server]: Passing new path to controller.
[controller_server-8] [INFO] [1789934776.007249789] [controller_server]: Passing new path to controller.
[controller_server-8] [INFO] [1789934777.107330118] [controller_server]: Passing new path to controller.
[controller_server-8] [INFO] [1789934778.107249276] [controller_server]: Passing new path to controller.
[controller_server-8] [INFO] [1789934779.107332270] [controller_server]: Passing new path to controller.
[controller_server-8] [INFO] [1789934780.107262640] [controller_server]: Passing new path to controller.
[controller_server-8] [INFO] [1789934781.428219603] [controller_server]: Passing new path to controller.
[controller_server-8] [INFO] [1789934782.428199753] [controller_server]: Passing new path to controller.
[controller_server-8] [INFO] [1789934783.428177776] [controller_server]: Passing new path to controller.
[controller_server-8] [INFO] [1789934784.528173049] [controller_server]: Passing new path to controller.
[controller_server-8] [INFO] [1789934785.528165088] [controller_server]: Passing new path to controller.
[controller_server-8] [INFO] [1789934785.629508499] [controller_server]: Reached the goal!
[controller_server-8] [INFO] [1789934785.629704717] [controller_server]: Optimizer reset
[bt_navigator-13] [INFO] [1789934785.657933309] [bt_navigator]: Goal succeeded
[factory_node-20] [INFO] [1789934817.319817725] [factory]: pickup C: took 1 units (1.50 kg), 0 left
[mission_executor-22] [INFO] [1789934818.522166135] [mission_executor]: [42] PICKUP:C done: took 1 units (1.50 kg), 0 left | measured 6.3 m, 47 s, 0.11 Wh, battery 24.7 -> 24.2 %
[python-19] INFO:     127.0.0.1:35858 - "POST /decide HTTP/1.1" 200 OK
[mission_executor-22] [INFO] [1789934818.526584592] [mission_executor]: decision: DELIVER - [routine] carrying 1 units; neural score +1.93, chosen over PICKUP:B by +0.02
[mission_executor-22] [INFO] [1789934818.528732345] [mission_executor]: [43] DELIVER from C: predicted 6.3 m, 46 s, 0.12 Wh
[bt_navigator-13] [INFO] [1789934818.529636586] [bt_navigator]: Begin navigating from current location (6.03, -3.39) to (-0.23, -3.98)
[controller_server-8] [INFO] [1789934818.550645328] [controller_server]: Received a goal, begin computing control effort.
[controller_server-8] [INFO] [1789934819.650818754] [controller_server]: Passing new path to controller.
[controller_server-8] [INFO] [1789934820.650849434] [controller_server]: Passing new path to controller.
[controller_server-8] [INFO] [1789934821.650938618] [controller_server]: Passing new path to controller.
[controller_server-8] [INFO] [1789934822.650933230] [controller_server]: Passing new path to controller.
[controller_server-8] [INFO] [1789934823.750871731] [controller_server]: Passing new path to controller.
[controller_server-8] [INFO] [1789934824.750857350] [controller_server]: Passing new path to controller.
[controller_server-8] [INFO] [1789934825.750831753] [controller_server]: Passing new path to controller.
[controller_server-8] [INFO] [1789934826.850821214] [controller_server]: Passing new path to controller.
[controller_server-8] [INFO] [1789934827.850809574] [controller_server]: Passing new path to controller.
[controller_server-8] [INFO] [1789934828.850770766] [controller_server]: Passing new path to controller.
[controller_server-8] [INFO] [1789934829.850831697] [controller_server]: Passing new path to controller.
[controller_server-8] [INFO] [1789934830.950836085] [controller_server]: Passing new path to controller.
[controller_server-8] [INFO] [1789934831.950971434] [controller_server]: Passing new path to controller.
[controller_server-8] [INFO] [1789934832.950824865] [controller_server]: Passing new path to controller.
[controller_server-8] [INFO] [1789934833.950787507] [controller_server]: Passing new path to controller.
[controller_server-8] [INFO] [1789934834.950819809] [controller_server]: Passing new path to controller.
[controller_server-8] [INFO] [1789934834.952001788] [controller_server]: Reached the goal!
[controller_server-8] [INFO] [1789934834.952251155] [controller_server]: Optimizer reset
[bt_navigator-13] [INFO] [1789934834.990165432] [bt_navigator]: Goal succeeded
[mission_executor-22] [INFO] [1789934867.857489134] [mission_executor]: [43] DELIVER done: delivered 1 units | measured 6.4 m, 48 s, 0.12 Wh, battery 24.2 -> 23.6 %
[python-19] INFO:     127.0.0.1:44066 - "POST /decide HTTP/1.1" 200 OK
[mission_executor-22] [INFO] [1789934867.862351606] [mission_executor]: decision: PICKUP:B - [routine] B has 2 units waiting; neural score +2.90, chosen over PICKUP:A by +1.00
[mission_executor-22] [INFO] [1789934867.864214368] [mission_executor]: [44] PICKUP:B from delivery: predicted 10.3 m, 56 s, 0.15 Wh
[bt_navigator-13] [INFO] [1789934867.865342134] [bt_navigator]: Begin navigating from current location (-0.16, -3.84) to (6.03, 3.08)
[controller_server-8] [INFO] [1789934867.886341166] [controller_server]: Received a goal, begin computing control effort.
[controller_server-8] [INFO] [1789934868.986628139] [controller_server]: Passing new path to controller.
[controller_server-8] [INFO] [1789934869.986658184] [controller_server]: Passing new path to controller.
[controller_server-8] [INFO] [1789934870.986599791] [controller_server]: Passing new path to controller.
[controller_server-8] [INFO] [1789934872.086561133] [controller_server]: Passing new path to controller.
[controller_server-8] [INFO] [1789934873.086558219] [controller_server]: Passing new path to controller.
[controller_server-8] [INFO] [1789934874.086510554] [controller_server]: Passing new path to controller.
[controller_server-8] [INFO] [1789934875.086530257] [controller_server]: Passing new path to controller.
[controller_server-8] [INFO] [1789934876.186582258] [controller_server]: Passing new path to controller.
[controller_server-8] [INFO] [1789934877.186601449] [controller_server]: Passing new path to controller.
[controller_server-8] [INFO] [1789934878.186582171] [controller_server]: Passing new path to controller.
[controller_server-8] [INFO] [1789934879.186513693] [controller_server]: Passing new path to controller.
[controller_server-8] [INFO] [1789934880.286566217] [controller_server]: Passing new path to controller.
[controller_server-8] [INFO] [1789934881.501366623] [controller_server]: Passing new path to controller.
[controller_server-8] [INFO] [1789934882.501373925] [controller_server]: Passing new path to controller.
[controller_server-8] [INFO] [1789934883.601365555] [controller_server]: Passing new path to controller.
[controller_server-8] [INFO] [1789934884.601357489] [controller_server]: Passing new path to controller.
[controller_server-8] [INFO] [1789934885.601355681] [controller_server]: Passing new path to controller.
[controller_server-8] [INFO] [1789934886.601298199] [controller_server]: Passing new path to controller.
[controller_server-8] [INFO] [1789934887.701303553] [controller_server]: Passing new path to controller.
[controller_server-8] [INFO] [1789934888.701355171] [controller_server]: Passing new path to controller.
[controller_server-8] [INFO] [1789934889.701375261] [controller_server]: Passing new path to controller.
[controller_server-8] [INFO] [1789934890.701423227] [controller_server]: Passing new path to controller.
[controller_server-8] [INFO] [1789934891.202418257] [controller_server]: Reached the goal!
[controller_server-8] [INFO] [1789934891.202660010] [controller_server]: Optimizer reset
[bt_navigator-13] [INFO] [1789934891.230616784] [bt_navigator]: Goal succeeded
[factory_node-20] [INFO] [1789934923.065537604] [factory]: pickup B: took 2 units (0.80 kg), 0 left
[mission_executor-22] [INFO] [1789934924.267729834] [mission_executor]: [44] PICKUP:B done: took 2 units (0.80 kg), 0 left | measured 10.1 m, 54 s, 0.14 Wh, battery 23.6 -> 23.0 %
[python-19] INFO:     127.0.0.1:59154 - "POST /decide HTTP/1.1" 200 OK
[mission_executor-22] [INFO] [1789934924.274130498] [mission_executor]: decision: DELIVER - [routine] carrying 2 units; neural score +2.90, chosen over PICKUP:A by +0.06
[mission_executor-22] [INFO] [1789934924.274971907] [mission_executor]: [45] DELIVER from B: predicted 10.3 m, 56 s, 0.16 Wh
[bt_navigator-13] [INFO] [1789934924.276383314] [bt_navigator]: Begin navigating from current location (5.93, 2.91) to (-0.23, -3.98)
[controller_server-8] [INFO] [1789934924.297510128] [controller_server]: Received a goal, begin computing control effort.
[controller_server-8] [INFO] [1789934925.397785132] [controller_server]: Passing new path to controller.
[controller_server-8] [INFO] [1789934926.397830562] [controller_server]: Passing new path to controller.
[controller_server-8] [INFO] [1789934927.397729536] [controller_server]: Passing new path to controller.
[controller_server-8] [INFO] [1789934928.497701345] [controller_server]: Passing new path to controller.
[controller_server-8] [INFO] [1789934929.497714357] [controller_server]: Passing new path to controller.
[controller_server-8] [INFO] [1789934930.497708058] [controller_server]: Passing new path to controller.
[controller_server-8] [INFO] [1789934931.497674115] [controller_server]: Passing new path to controller.
[controller_server-8] [INFO] [1789934932.597752580] [controller_server]: Passing new path to controller.
[controller_server-8] [INFO] [1789934933.597663445] [controller_server]: Passing new path to controller.
[controller_server-8] [INFO] [1789934934.597727818] [controller_server]: Passing new path to controller.
[controller_server-8] [INFO] [1789934935.697920402] [controller_server]: Passing new path to controller.
[controller_server-8] [INFO] [1789934936.697723789] [controller_server]: Passing new path to controller.
[controller_server-8] [INFO] [1789934937.697666402] [controller_server]: Passing new path to controller.
[controller_server-8] [INFO] [1789934938.697735102] [controller_server]: Passing new path to controller.
[controller_server-8] [INFO] [1789934939.797722662] [controller_server]: Passing new path to controller.
[controller_server-8] [INFO] [1789934940.797763922] [controller_server]: Passing new path to controller.
[controller_server-8] [INFO] [1789934941.797724506] [controller_server]: Passing new path to controller.
[controller_server-8] [INFO] [1789934942.897705137] [controller_server]: Passing new path to controller.
[controller_server-8] [INFO] [1789934943.897762710] [controller_server]: Passing new path to controller.
[controller_server-8] [INFO] [1789934944.897750788] [controller_server]: Passing new path to controller.
[controller_server-8] [INFO] [1789934945.897723789] [controller_server]: Passing new path to controller.
[controller_server-8] [INFO] [1789934946.997773143] [controller_server]: Passing new path to controller.
[controller_server-8] [INFO] [1789934948.253034377] [controller_server]: Passing new path to controller.
[controller_server-8] [INFO] [1789934949.253036084] [controller_server]: Passing new path to controller.
[controller_server-8] [INFO] [1789934950.353008694] [controller_server]: Passing new path to controller.
[controller_server-8] [INFO] [1789934950.554410948] [controller_server]: Reached the goal!
[controller_server-8] [INFO] [1789934950.554673365] [controller_server]: Optimizer reset
[bt_navigator-13] [INFO] [1789934950.582124831] [bt_navigator]: Goal succeeded
[mission_executor-22] [INFO] [1789934983.451570081] [mission_executor]: [45] DELIVER done: delivered 2 units | measured 10.2 m, 57 s, 0.16 Wh, battery 23.0 -> 22.3 %
[python-19] INFO:     127.0.0.1:57108 - "POST /decide HTTP/1.1" 200 OK
[mission_executor-22] [INFO] [1789934983.457201379] [mission_executor]: decision: PICKUP:A - [routine] A has 2 units waiting; neural score +2.91, chosen over WAIT:60 by +1.96
[mission_executor-22] [INFO] [1789934983.457833912] [mission_executor]: [46] PICKUP:A from delivery: predicted 10.0 m, 56 s, 0.14 Wh
[bt_navigator-13] [INFO] [1789934983.458826607] [bt_navigator]: Begin navigating from current location (-0.14, -3.85) to (-5.97, 3.08)
[controller_server-8] [INFO] [1789934983.480172982] [controller_server]: Received a goal, begin computing control effort.
[controller_server-8] [INFO] [1789934984.580387118] [controller_server]: Passing new path to controller.
[controller_server-8] [INFO] [1789934985.580395127] [controller_server]: Passing new path to controller.
[controller_server-8] [INFO] [1789934986.580395211] [controller_server]: Passing new path to controller.
[controller_server-8] [INFO] [1789934987.680398349] [controller_server]: Passing new path to controller.
[controller_server-8] [INFO] [1789934988.680436716] [controller_server]: Passing new path to controller.
[controller_server-8] [INFO] [1789934989.680366615] [controller_server]: Passing new path to controller.
[controller_server-8] [INFO] [1789934990.680356161] [controller_server]: Passing new path to controller.
[controller_server-8] [INFO] [1789934991.780360652] [controller_server]: Passing new path to controller.
[controller_server-8] [INFO] [1789934992.780380792] [controller_server]: Passing new path to controller.
[controller_server-8] [INFO] [1789934993.780400336] [controller_server]: Passing new path to controller.
[controller_server-8] [INFO] [1789934994.880588940] [controller_server]: Passing new path to controller.
[controller_server-8] [INFO] [1789934995.880390564] [controller_server]: Passing new path to controller.
[controller_server-8] [INFO] [1789934996.880388460] [controller_server]: Passing new path to controller.
[controller_server-8] [INFO] [1789934997.880414672] [controller_server]: Passing new path to controller.
[controller_server-8] [INFO] [1789934998.980383908] [controller_server]: Passing new path to controller.
[controller_server-8] [INFO] [1789934999.980391564] [controller_server]: Passing new path to controller.
[controller_server-8] [INFO] [1789935000.980351096] [controller_server]: Passing new path to controller.
[controller_server-8] [INFO] [1789935001.980361935] [controller_server]: Passing new path to controller.
[controller_server-8] [INFO] [1789935003.080363123] [controller_server]: Passing new path to controller.
[controller_server-8] [INFO] [1789935004.080388069] [controller_server]: Passing new path to controller.
[controller_server-8] [INFO] [1789935005.080345572] [controller_server]: Passing new path to controller.
[controller_server-8] [INFO] [1789935006.080393901] [controller_server]: Passing new path to controller.
[controller_server-8] [INFO] [1789935006.781649714] [controller_server]: Reached the goal!
[controller_server-8] [INFO] [1789935006.781839485] [controller_server]: Optimizer reset
[bt_navigator-13] [INFO] [1789935006.809254113] [bt_navigator]: Goal succeeded
[factory_node-20] [INFO] [1789935038.472836199] [factory]: pickup A: took 2 units (1.00 kg), 0 left
[mission_executor-22] [INFO] [1789935039.675541225] [mission_executor]: [46] PICKUP:A done: took 2 units (1.00 kg), 0 left | measured 10.1 m, 55 s, 0.14 Wh, battery 22.3 -> 21.6 %
[python-19] INFO:     127.0.0.1:36148 - "POST /decide HTTP/1.1" 200 OK
[mission_executor-22] [INFO] [1789935039.679909923] [mission_executor]: decision: DELIVER - [routine] carrying 2 units; neural score +2.90, chosen over PICKUP:B by +1.06
[mission_executor-22] [INFO] [1789935039.680496255] [mission_executor]: [47] DELIVER from A: predicted 10.0 m, 56 s, 0.16 Wh
[bt_navigator-13] [INFO] [1789935039.681495088] [bt_navigator]: Begin navigating from current location (-5.87, 3.09) to (-0.23, -3.98)
[controller_server-8] [INFO] [1789935039.702694656] [controller_server]: Received a goal, begin computing control effort.
[controller_server-8] [INFO] [1789935040.802889495] [controller_server]: Passing new path to controller.
[controller_server-8] [INFO] [1789935041.802867008] [controller_server]: Passing new path to controller.
[controller_server-8] [INFO] [1789935042.802892127] [controller_server]: Passing new path to controller.
[controller_server-8] [INFO] [1789935043.902893552] [controller_server]: Passing new path to controller.
[controller_server-8] [INFO] [1789935044.902888195] [controller_server]: Passing new path to controller.
[controller_server-8] [INFO] [1789935045.902890958] [controller_server]: Passing new path to controller.
[controller_server-8] [INFO] [1789935046.902885311] [controller_server]: Passing new path to controller.
[controller_server-8] [INFO] [1789935048.420630117] [controller_server]: Passing new path to controller.
[controller_server-8] [INFO] [1789935049.420591122] [controller_server]: Passing new path to controller.
[controller_server-8] [INFO] [1789935050.420574939] [controller_server]: Passing new path to controller.
[controller_server-8] [INFO] [1789935051.420581358] [controller_server]: Passing new path to controller.
[controller_server-8] [INFO] [1789935052.520565271] [controller_server]: Passing new path to controller.
[controller_server-8] [INFO] [1789935053.520575101] [controller_server]: Passing new path to controller.
[controller_server-8] [INFO] [1789935054.520507798] [controller_server]: Passing new path to controller.
[controller_server-8] [INFO] [1789935055.520595437] [controller_server]: Passing new path to controller.
[controller_server-8] [INFO] [1789935056.620550449] [controller_server]: Passing new path to controller.
[controller_server-8] [INFO] [1789935057.620570428] [controller_server]: Passing new path to controller.
[controller_server-8] [INFO] [1789935058.620570785] [controller_server]: Passing new path to controller.
[controller_server-8] [INFO] [1789935059.620555115] [controller_server]: Passing new path to controller.
[controller_server-8] [INFO] [1789935060.720568444] [controller_server]: Passing new path to controller.
[controller_server-8] [INFO] [1789935061.720568636] [controller_server]: Passing new path to controller.
[controller_server-8] [INFO] [1789935062.720605629] [controller_server]: Passing new path to controller.
[controller_server-8] [INFO] [1789935063.820572402] [controller_server]: Passing new path to controller.
[controller_server-8] [INFO] [1789935064.820581384] [controller_server]: Passing new path to controller.
[controller_server-8] [INFO] [1789935065.820608814] [controller_server]: Passing new path to controller.
[controller_server-8] [INFO] [1789935066.820594808] [controller_server]: Passing new path to controller.
[controller_server-8] [INFO] [1789935067.421658758] [controller_server]: Reached the goal!
[controller_server-8] [INFO] [1789935067.421920485] [controller_server]: Optimizer reset
[bt_navigator-13] [INFO] [1789935067.449843457] [bt_navigator]: Goal succeeded
[mission_executor-22] [INFO] [1789935100.346927924] [mission_executor]: [47] DELIVER done: delivered 2 units | measured 10.3 m, 58 s, 0.16 Wh, battery 21.6 -> 20.9 %
[python-19] INFO:     127.0.0.1:42668 - "POST /decide HTTP/1.1" 200 OK
[mission_executor-22] [INFO] [1789935100.350783390] [mission_executor]: decision: PICKUP:B - [routine] B has 1 units waiting; neural score +1.90, chosen over WAIT:60 by +1.16
[mission_executor-22] [INFO] [1789935100.351316927] [mission_executor]: [48] PICKUP:B from delivery: predicted 10.3 m, 56 s, 0.15 Wh
[bt_navigator-13] [INFO] [1789935100.352666557] [bt_navigator]: Begin navigating from current location (-0.26, -3.85) to (6.03, 3.08)
[controller_server-8] [INFO] [1789935100.373929994] [controller_server]: Received a goal, begin computing control effort.
[controller_server-8] [INFO] [1789935101.474147051] [controller_server]: Passing new path to controller.
[controller_server-8] [INFO] [1789935102.474171536] [controller_server]: Passing new path to controller.
[controller_server-8] [INFO] [1789935103.474220453] [controller_server]: Passing new path to controller.
[controller_server-8] [INFO] [1789935104.574169051] [controller_server]: Passing new path to controller.
[controller_server-8] [INFO] [1789935105.575930114] [controller_server]: Passing new path to controller.
[controller_server-8] [INFO] [1789935106.574172056] [controller_server]: Passing new path to controller.
[controller_server-8] [INFO] [1789935107.574160425] [controller_server]: Passing new path to controller.
[controller_server-8] [INFO] [1789935108.674689179] [controller_server]: Passing new path to controller.
[controller_server-8] [INFO] [1789935109.674174649] [controller_server]: Passing new path to controller.
[controller_server-8] [INFO] [1789935110.674174804] [controller_server]: Passing new path to controller.
[controller_server-8] [INFO] [1789935111.674177473] [controller_server]: Passing new path to controller.
[controller_server-8] [INFO] [1789935112.774162556] [controller_server]: Passing new path to controller.
[controller_server-8] [INFO] [1789935113.774172764] [controller_server]: Passing new path to controller.
[controller_server-8] [INFO] [1789935115.104304729] [controller_server]: Passing new path to controller.
[controller_server-8] [INFO] [1789935116.204339106] [controller_server]: Passing new path to controller.
[controller_server-8] [INFO] [1789935117.204320318] [controller_server]: Passing new path to controller.
[controller_server-8] [INFO] [1789935118.204329528] [controller_server]: Passing new path to controller.
[controller_server-8] [INFO] [1789935119.204346826] [controller_server]: Passing new path to controller.
[controller_server-8] [INFO] [1789935120.304301426] [controller_server]: Passing new path to controller.
[controller_server-8] [INFO] [1789935121.304297655] [controller_server]: Passing new path to controller.
[controller_server-8] [INFO] [1789935122.304284508] [controller_server]: Passing new path to controller.
[controller_server-8] [INFO] [1789935123.304322200] [controller_server]: Passing new path to controller.
[controller_server-8] [INFO] [1789935124.205376634] [controller_server]: Reached the goal!
[controller_server-8] [INFO] [1789935124.205561528] [controller_server]: Optimizer reset
[bt_navigator-13] [INFO] [1789935124.233440196] [bt_navigator]: Goal succeeded
[factory_node-20] [INFO] [1789935155.865070256] [factory]: pickup B: took 1 units (0.40 kg), 0 left
[mission_executor-22] [INFO] [1789935157.067263871] [mission_executor]: [48] PICKUP:B done: took 1 units (0.40 kg), 0 left | measured 10.1 m, 54 s, 0.14 Wh, battery 20.9 -> 20.2 %
[python-19] INFO:     127.0.0.1:55278 - "POST /decide HTTP/1.1" 200 OK
[mission_executor-22] [INFO] [1789935157.071868908] [mission_executor]: decision: DELIVER - [routine] carrying 1 units; neural score +1.90, chosen over PICKUP:A by +0.06
[mission_executor-22] [INFO] [1789935157.073935888] [mission_executor]: [49] DELIVER from B: predicted 10.3 m, 56 s, 0.15 Wh
[bt_navigator-13] [INFO] [1789935157.074965705] [bt_navigator]: Begin navigating from current location (5.83, 2.90) to (-0.23, -3.98)
[controller_server-8] [INFO] [1789935157.095904871] [controller_server]: Received a goal, begin computing control effort.
[controller_server-8] [INFO] [1789935158.196135951] [controller_server]: Passing new path to controller.
[controller_server-8] [INFO] [1789935159.196116551] [controller_server]: Passing new path to controller.
[controller_server-8] [INFO] [1789935160.196293742] [controller_server]: Passing new path to controller.
[controller_server-8] [INFO] [1789935161.296133180] [controller_server]: Passing new path to controller.
[controller_server-8] [INFO] [1789935162.296134658] [controller_server]: Passing new path to controller.
[controller_server-8] [INFO] [1789935163.296223365] [controller_server]: Passing new path to controller.
[controller_server-8] [INFO] [1789935164.296282319] [controller_server]: Passing new path to controller.
[controller_server-8] [INFO] [1789935165.396244050] [controller_server]: Passing new path to controller.
[controller_server-8] [INFO] [1789935166.396129128] [controller_server]: Passing new path to controller.
[controller_server-8] [INFO] [1789935167.396352196] [controller_server]: Passing new path to controller.
[controller_server-8] [INFO] [1789935168.396258149] [controller_server]: Passing new path to controller.
[controller_server-8] [INFO] [1789935169.496133479] [controller_server]: Passing new path to controller.
[controller_server-8] [INFO] [1789935170.496123835] [controller_server]: Passing new path to controller.
[controller_server-8] [INFO] [1789935171.496156683] [controller_server]: Passing new path to controller.
[controller_server-8] [INFO] [1789935172.596126944] [controller_server]: Passing new path to controller.
[controller_server-8] [INFO] [1789935173.596096248] [controller_server]: Passing new path to controller.
[controller_server-8] [INFO] [1789935174.596116918] [controller_server]: Passing new path to controller.
[controller_server-8] [INFO] [1789935175.596128920] [controller_server]: Passing new path to controller.
[controller_server-8] [INFO] [1789935176.696131596] [controller_server]: Passing new path to controller.
[controller_server-8] [INFO] [1789935177.696092177] [controller_server]: Passing new path to controller.
[controller_server-8] [INFO] [1789935178.696135785] [controller_server]: Passing new path to controller.
[controller_server-8] [INFO] [1789935179.696070270] [controller_server]: Passing new path to controller.
[controller_server-8] [INFO] [1789935181.936169692] [controller_server]: Passing new path to controller.
[controller_server-8] [INFO] [1789935182.936189523] [controller_server]: Passing new path to controller.
[controller_server-8] [INFO] [1789935183.837835055] [controller_server]: Reached the goal!
[controller_server-8] [INFO] [1789935183.838157485] [controller_server]: Optimizer reset
[bt_navigator-13] [INFO] [1789935183.866091843] [bt_navigator]: Goal succeeded
[mission_executor-22] [INFO] [1789935216.743720046] [mission_executor]: [49] DELIVER done: delivered 1 units | measured 10.2 m, 57 s, 0.15 Wh, battery 20.2 -> 19.5 %
[mission_executor-22] [INFO] [1789935216.744247431] [mission_executor]: shift over
[mission_executor-22] [INFO] [1789935216.755860338] [mission_executor]: MISSION COMPLETE
[mission_executor-22] run_id: run_20260920_211023
[mission_executor-22] scenario: low_battery_start
[mission_executor-22] seed: 1
[mission_executor-22] plan: ''
[mission_executor-22] ended_by: plan_finished
[mission_executor-22] actions: 49
[mission_executor-22] succeeded: 49
[mission_executor-22] failed: 0
[mission_executor-22] sim_duration_s: 3648.6
[mission_executor-22] distance_m: 485.54
[mission_executor-22] energy_drawn_wh: 7.356
[mission_executor-22] energy_charged_wh: 5.067
[mission_executor-22] battery_end_percent: 19.52
[mission_executor-22] delivered_units:
[mission_executor-22]   A: 23
[mission_executor-22]   B: 33
[mission_executor-22]   C: 5
[mission_executor-22] model: ns
[mission_executor-22] planner: NavfnDijkstra
[mission_executor-22] decisions:
[mission_executor-22]   asked: 49
[mission_executor-22]   answered_by_model: 49
[mission_executor-22]   fallback: 0
[mission_executor-22]   mean_latency_ms: 53.2
[mission_executor-22] navigation:
[mission_executor-22]   drives: 49
[mission_executor-22]   drive_attempt_failures: 0
[mission_executor-22]   timeouts: 0
[mission_executor-22]   recovered_after_retry: 0
[mission_executor-22]   goals_abandoned: 0
[mission_executor-22]   returned_to_charger: 0
[mission_executor-22] prediction_error_percent (non-charge actions, total measured vs predicted):
[mission_executor-22]   duration: 0.0
[mission_executor-22]   distance: 0.1
[mission_executor-22]   energy: 0.2
[mission_executor-22] 
[planner_server-10] [INFO] [1789935219.195125479] [rclcpp]: signal_handler(SIGINT/SIGTERM)
[planner_server-10] [INFO] [1789935219.195642521] [planner_server]: Running Nav2 LifecycleNode rcl preshutdown (planner_server)
[lifecycle_manager-18] [INFO] [1789935219.195154344] [rclcpp]: signal_handler(SIGINT/SIGTERM)
[lifecycle_manager-18] [INFO] [1789935219.195652110] [lifecycle_manager_navigation]: Running Nav2 LifecycleManager rcl preshutdown (lifecycle_manager_navigation)
[amcl-6] [INFO] [1789935219.195373442] [rclcpp]: signal_handler(SIGINT/SIGTERM)
[amcl-6] [INFO] [1789935219.195679909] [amcl]: Running Nav2 LifecycleNode rcl preshutdown (amcl)
[route_server-11] [INFO] [1789935219.195617337] [rclcpp]: signal_handler(SIGINT/SIGTERM)
[route_server-11] [INFO] [1789935219.196009913] [route_server]: Running Nav2 LifecycleNode rcl preshutdown (route_server)
[robot_state_publisher-2] [INFO] [1789935219.195653563] [rclcpp]: signal_handler(SIGINT/SIGTERM)
[lifecycle_manager-7] [INFO] [1789935219.195709839] [rclcpp]: signal_handler(SIGINT/SIGTERM)
[lifecycle_manager-7] [INFO] [1789935219.196196272] [lifecycle_manager_localization]: Running Nav2 LifecycleManager rcl preshutdown (lifecycle_manager_localization)
[collision_monitor-16] [INFO] [1789935219.196121496] [rclcpp]: signal_handler(SIGINT/SIGTERM)
[collision_monitor-16] [INFO] [1789935219.196349118] [collision_monitor]: Running Nav2 LifecycleNode rcl preshutdown (collision_monitor)
[collision_monitor-16] [INFO] [1789935219.197020942] [collision_monitor]: Deactivating
[collision_monitor-16] [INFO] [1789935219.197298157] [collision_monitor]: Destroying bond (collision_monitor) to lifecycle manager.
[lifecycle_manager-18] [INFO] [1789935219.196168376] [lifecycle_manager_navigation]: [34m[1mTerminating bond timer...[0m[0m
[lifecycle_manager-7] [INFO] [1789935219.196578677] [lifecycle_manager_localization]: [34m[1mTerminating bond timer...[0m[0m
[planner_server-10] [INFO] [1789935219.196784796] [planner_server]: Deactivating
[planner_server-10] [INFO] [1789935219.197206333] [global_costmap.global_costmap]: Deactivating
[amcl-6] [INFO] [1789935219.196781600] [amcl]: Deactivating
[amcl-6] [INFO] [1789935219.197114994] [amcl]: Destroying bond (amcl) to lifecycle manager.
[behavior_server-12] [INFO] [1789935219.197361794] [rclcpp]: signal_handler(SIGINT/SIGTERM)
[behavior_server-12] [INFO] [1789935219.197720566] [behavior_server]: Running Nav2 LifecycleNode rcl preshutdown (behavior_server)
[bt_navigator-13] [INFO] [1789935219.197791371] [rclcpp]: signal_handler(SIGINT/SIGTERM)
[bt_navigator-13] [INFO] [1789935219.197992259] [bt_navigator]: Running Nav2 LifecycleNode rcl preshutdown (bt_navigator)
[bt_navigator-13] [INFO] [1789935219.198684715] [bt_navigator]: Deactivating
[bt_navigator-13] [INFO] [1789935219.199265103] [bt_navigator]: Destroying bond (bt_navigator) to lifecycle manager.
[behavior_server-12] [INFO] [1789935219.199252802] [behavior_server]: Deactivating
[opennav_docking-17] [INFO] [1789935219.199246990] [rclcpp]: signal_handler(SIGINT/SIGTERM)
[opennav_docking-17] [INFO] [1789935219.199618063] [docking_server]: Running Nav2 LifecycleNode rcl preshutdown (docking_server)
[route_server-11] [INFO] [1789935219.199835127] [route_server]: Deactivating
[route_server-11] [INFO] [1789935219.200185665] [route_server]: Destroying bond (route_server) to lifecycle manager.
[opennav_docking-17] [INFO] [1789935219.200734089] [docking_server]: Deactivating docking_server
[smoother_server-9] [INFO] [1789935219.200890712] [rclcpp]: signal_handler(SIGINT/SIGTERM)
[controller_server-8] [INFO] [1789935219.201168702] [rclcpp]: signal_handler(SIGINT/SIGTERM)
[controller_server-8] [INFO] [1789935219.201266919] [controller_server]: Running Nav2 LifecycleNode rcl preshutdown (controller_server)
[waypoint_follower-14] [INFO] [1789935219.201277864] [rclcpp]: signal_handler(SIGINT/SIGTERM)
[waypoint_follower-14] [INFO] [1789935219.201700950] [waypoint_follower]: Running Nav2 LifecycleNode rcl preshutdown (waypoint_follower)
[smoother_server-9] [INFO] [1789935219.201375984] [smoother_server]: Running Nav2 LifecycleNode rcl preshutdown (smoother_server)
[smoother_server-9] [INFO] [1789935219.203059903] [smoother_server]: Deactivating
[smoother_server-9] [INFO] [1789935219.203394944] [smoother_server]: Destroying bond (smoother_server) to lifecycle manager.
[controller_server-8] [INFO] [1789935219.203107268] [controller_server]: Deactivating
[controller_server-8] [INFO] [1789935219.204477263] [MPPIController]: Deactivated MPPI Controller: FollowPath
[waypoint_follower-14] [INFO] [1789935219.203449863] [waypoint_follower]: Deactivating
[waypoint_follower-14] [INFO] [1789935219.203821420] [waypoint_follower]: Destroying bond (waypoint_follower) to lifecycle manager.
[velocity_smoother-15] [INFO] [1789935219.203730275] [rclcpp]: signal_handler(SIGINT/SIGTERM)
[velocity_smoother-15] [INFO] [1789935219.204135636] [velocity_smoother]: Running Nav2 LifecycleNode rcl preshutdown (velocity_smoother)
[velocity_smoother-15] [INFO] [1789935219.205177951] [velocity_smoother]: Deactivating
[velocity_smoother-15] [INFO] [1789935219.205445771] [velocity_smoother]: Destroying bond (velocity_smoother) to lifecycle manager.
[map_server-5] [INFO] [1789935219.204138445] [rclcpp]: signal_handler(SIGINT/SIGTERM)
[parameter_bridge-4] [INFO] [1789935219.205040409] [rclcpp]: signal_handler(SIGINT/SIGTERM)
[behavior_server-12] [INFO] [1789935219.200654954] [behavior_server]: Destroying bond (behavior_server) to lifecycle manager.
[bt_navigator-13] [INFO] [1789935219.210167913] [bt_navigator]: Cleaning up
[controller_server-8] [INFO] [1789935219.210695028] [local_costmap.local_costmap]: Deactivating
[collision_monitor-16] [INFO] [1789935219.210867052] [collision_monitor]: Cleaning up
[collision_monitor-16] [INFO] [1789935219.211044500] [collision_monitor]: [FootprintApproach]: Destroying Polygon
[collision_monitor-16] [INFO] [1789935219.211142330] [collision_monitor]: [scan]: Destroying Scan
[map_server-5] [INFO] [1789935219.213404119] [map_server]: Running Nav2 LifecycleNode rcl preshutdown (map_server)
[map_server-5] [INFO] [1789935219.214466291] [map_server]: Deactivating
[map_server-5] [INFO] [1789935219.214768205] [map_server]: Destroying bond (map_server) to lifecycle manager.
[amcl-6] [INFO] [1789935219.214059671] [amcl]: Cleaning up
[behavior_server-12] [INFO] [1789935219.228718924] [behavior_server]: Cleaning up
[route_server-11] [INFO] [1789935219.233261778] [route_server]: Cleaning up
[waypoint_follower-14] [INFO] [1789935219.234924485] [waypoint_follower]: Cleaning up
[collision_monitor-16] [INFO] [1789935219.243110358] [collision_monitor]: Destroying bond (collision_monitor) to lifecycle manager.
[smoother_server-9] [INFO] [1789935219.243049239] [smoother_server]: Cleaning up
[map_server-5] [INFO] [1789935219.259292065] [map_server]: Cleaning up
[map_server-5] [INFO] [1789935219.259656745] [map_server]: Destroying bond (map_server) to lifecycle manager.
[velocity_smoother-15] [INFO] [1789935219.286588512] [velocity_smoother]: Cleaning up
[velocity_smoother-15] [INFO] [1789935219.286666969] [velocity_smoother]: Destroying bond (velocity_smoother) to lifecycle manager.
[python-19] INFO:     Shutting down
[controller_server-8] [INFO] [1789935219.303742117] [controller_server]: Destroying bond (controller_server) to lifecycle manager.
[collision_monitor-16] [INFO] [1789935219.313411506] [collision_monitor]: Destroying
[controller_server-8] [INFO] [1789935219.325483616] [controller_server]: Cleaning up
[lifecycle_manager-7] [INFO] [1789935219.328876445] [lifecycle_manager_localization]: Destroying lifecycle_manager_localization
[controller_server-8] [INFO] [1789935219.335236692] [MPPIController]: Cleaned up MPPI Controller: FollowPath
[controller_server-8] [INFO] [1789935219.336592932] [local_costmap.local_costmap]: Cleaning up
[velocity_smoother-15] [INFO] [1789935219.337967576] [velocity_smoother]: Destroying
[planner_server-10] [INFO] [1789935219.340812660] [planner_server]: Deactivating plugin SmacLattice of type SmacPlannerLattice
[planner_server-10] [INFO] [1789935219.341230613] [planner_server]: Deactivating plugin ThetaStar of type nav2_theta_star_planner
[planner_server-10] [INFO] [1789935219.341504921] [planner_server]: Deactivating plugin NavfnAStar of type NavfnPlanner
[planner_server-10] [INFO] [1789935219.341697480] [planner_server]: Deactivating plugin Smac2D of type SmacPlanner2D
[planner_server-10] [INFO] [1789935219.342013148] [planner_server]: Deactivating plugin NavfnDijkstra of type NavfnPlanner
[planner_server-10] [INFO] [1789935219.342074074] [planner_server]: Deactivating plugin GridBased of type NavfnPlanner
[planner_server-10] [INFO] [1789935219.342121826] [planner_server]: Destroying bond (planner_server) to lifecycle manager.
[planner_server-10] [INFO] [1789935219.358997344] [planner_server]: Cleaning up
[smoother_server-9] [INFO] [1789935219.359794893] [smoother_server]: Destroying bond (smoother_server) to lifecycle manager.
[amcl-6] [INFO] [1789935219.365595965] [amcl]: Destroying bond (amcl) to lifecycle manager.
[map_server-5] [INFO] [1789935219.385006903] [map_server]: Destroying
[opennav_docking-17] [INFO] [1789935219.390283281] [docking_server]: Destroying bond (docking_server) to lifecycle manager.
[python-19] INFO:     Waiting for application shutdown.
[smoother_server-9] [INFO] [1789935219.397749675] [smoother_server]: Destroying
[opennav_docking-17] [INFO] [1789935219.400920306] [docking_server]: Cleaning up docking_server
[waypoint_follower-14] [INFO] [1789935219.401023850] [waypoint_follower]: Destroying bond (waypoint_follower) to lifecycle manager.
[python-19] INFO:     Application shutdown complete.
[waypoint_follower-14] [INFO] [1789935219.404755304] [waypoint_follower]: Destroying
[amcl-6] [INFO] [1789935219.406569791] [amcl]: Destroying
[python-19] INFO:     Finished server process [152463]
[behavior_server-12] [INFO] [1789935219.416893957] [behavior_server]: Destroying bond (behavior_server) to lifecycle manager.
[route_server-11] [INFO] [1789935219.465836495] [route_server]: Destroying bond (route_server) to lifecycle manager.
[planner_server-10] [INFO] [1789935219.510764070] [global_costmap.global_costmap]: Cleaning up
[opennav_docking-17] [INFO] [1789935219.515746282] [docking_server]: Destroying bond (docking_server) to lifecycle manager.
[controller_server-8] [INFO] [1789935219.550395216] [controller_server]: Destroying bond (controller_server) to lifecycle manager.
[route_server-11] [INFO] [1789935219.558133787] [route_server]: Destroying
[controller_server-8] [INFO] [1789935219.568285541] [local_costmap.local_costmap]: Destroying
[planner_server-10] [INFO] [1789935219.571848070] [planner_server]: Cleaning up plugin SmacLattice of type SmacPlannerLattice
[opennav_docking-17] [INFO] [1789935219.572089059] [docking_server]: Destroying
[planner_server-10] [INFO] [1789935219.574987609] [planner_server]: CleaningUp plugin ThetaStar of type nav2_theta_star_planner
[planner_server-10] [INFO] [1789935219.575072071] [planner_server]: Cleaning up plugin NavfnAStar of type NavfnPlanner
[planner_server-10] [INFO] [1789935219.576058402] [planner_server]: Cleaning up plugin Smac2D of type SmacPlanner2D
[planner_server-10] [INFO] [1789935219.577462394] [planner_server]: Cleaning up plugin NavfnDijkstra of type NavfnPlanner
[planner_server-10] [INFO] [1789935219.577890421] [planner_server]: Cleaning up plugin GridBased of type NavfnPlanner
[planner_server-10] [INFO] [1789935219.578005394] [planner_server]: Destroying plugin SmacLattice of type SmacPlannerLattice
[planner_server-10] [INFO] [1789935219.578063898] [planner_server]: Destroying plugin NavfnAStar of type NavfnPlanner
[planner_server-10] [INFO] [1789935219.578111360] [planner_server]: Destroying plugin Smac2D of type SmacPlanner2D
[planner_server-10] [INFO] [1789935219.578129473] [planner_server]: Destroying plugin NavfnDijkstra of type NavfnPlanner
[planner_server-10] [INFO] [1789935219.578137415] [planner_server]: Destroying plugin GridBased of type NavfnPlanner
[behavior_server-12] [INFO] [1789935219.610365999] [behavior_server]: Destroying
[controller_server-8] [INFO] [1789935219.654010172] [controller_server]: Destroying
[lifecycle_manager-18] [INFO] [1789935219.667936869] [lifecycle_manager_navigation]: Destroying lifecycle_manager_navigation
[planner_server-10] [INFO] [1789935219.679681203] [planner_server]: Destroying bond (planner_server) to lifecycle manager.
[INFO] [robot_state_publisher-2]: process has finished cleanly [pid 152125]
[planner_server-10] [INFO] [1789935219.699768712] [global_costmap.global_costmap]: Destroying
[factory_node-20] Traceback (most recent call last):
[factory_node-20]   File "/home/robojazzy/robofetch_ws_copy/robofetch_ws/install/robofetch_factory/lib/robofetch_factory/factory_node", line 33, in <module>
[factory_node-20]     sys.exit(load_entry_point('robofetch-factory', 'console_scripts', 'factory_node')())
[factory_node-20]              ^^^^^^^^^^^^^^^^^^^^^^^^^^^^^^^^^^^^^^^^^^^^^^^^^^^^^^^^^^^^^^^^^^^^^^^^^^
[factory_node-20]   File "/home/robojazzy/robofetch_ws_copy/robofetch_ws/build/robofetch_factory/robofetch_factory/factory_node.py", line 155, in main
[factory_node-20]     rclpy.spin(node)
[factory_node-20]   File "/opt/ros/jazzy/lib/python3.12/site-packages/rclpy/__init__.py", line 247, in spin
[factory_node-20]     executor.spin_once()
[factory_node-20]   File "/opt/ros/jazzy/lib/python3.12/site-packages/rclpy/executors.py", line 926, in spin_once
[factory_node-20]     self._spin_once_impl(timeout_sec)
[factory_node-20]   File "/opt/ros/jazzy/lib/python3.12/site-packages/rclpy/executors.py", line 907, in _spin_once_impl
[INFO] [collision_monitor-16]: process has finished cleanly [pid 152140]
[INFO] [velocity_smoother-15]: process has finished cleanly [pid 152139]
[factory_node-20]     handler, entity, node = self.wait_for_ready_callbacks(
[factory_node-20]                             ^^^^^^^^^^^^^^^^^^^^^^^^^^^^^^
[factory_node-20]   File "/opt/ros/jazzy/lib/python3.12/site-packages/rclpy/executors.py", line 877, in wait_for_ready_callbacks
[factory_node-20]     return next(self._cb_iter)
[factory_node-20]            ^^^^^^^^^^^^^^^^^^^
[factory_node-20]   File "/opt/ros/jazzy/lib/python3.12/site-packages/rclpy/executors.py", line 785, in _wait_for_ready_callbacks
[factory_node-20]     raise ExternalShutdownException()
[factory_node-20] rclpy.executors.ExternalShutdownException
[INFO] [parameter_bridge-4]: process has finished cleanly [pid 152128]
[INFO] [lifecycle_manager-7]: process has finished cleanly [pid 152131]
[INFO] [waypoint_follower-14]: process has finished cleanly [pid 152138]
[planner_server-10] [INFO] [1789935219.755407410] [planner_server]: Destroying
[INFO] [smoother_server-9]: process has finished cleanly [pid 152133]
[INFO] [amcl-6]: process has finished cleanly [pid 152130]
[INFO] [map_server-5]: process has finished cleanly [pid 152129]
[INFO] [opennav_docking-17]: process has finished cleanly [pid 152141]
[bt_navigator-13] [INFO] [1789935219.808410824] [bt_navigator]: Completed Cleaning up
[bt_navigator-13] [INFO] [1789935219.808483663] [bt_navigator]: Destroying bond (bt_navigator) to lifecycle manager.
[bt_navigator-13] [INFO] [1789935219.824111522] [bt_navigator]: Destroying
[INFO] [route_server-11]: process has finished cleanly [pid 152135]
[INFO] [behavior_server-12]: process has finished cleanly [pid 152136]
[INFO] [lifecycle_manager-18]: process has finished cleanly [pid 152142]
[INFO] [controller_server-8]: process has finished cleanly [pid 152132]
[mission_executor-22] Traceback (most recent call last):
[mission_executor-22]   File "/home/robojazzy/robofetch_ws_copy/robofetch_ws/install/robofetch_core/lib/robofetch_core/mission_executor", line 33, in <module>
[mission_executor-22]     sys.exit(load_entry_point('robofetch-core', 'console_scripts', 'mission_executor')())
[mission_executor-22]              ^^^^^^^^^^^^^^^^^^^^^^^^^^^^^^^^^^^^^^^^^^^^^^^^^^^^^^^^^^^^^^^^^^^^^^^^^^^
[mission_executor-22]   File "/home/robojazzy/robofetch_ws_copy/robofetch_ws/build/robofetch_core/robofetch_core/mission_executor.py", line 716, in main
[mission_executor-22]     executor.spin()
[mission_executor-22]   File "/opt/ros/jazzy/lib/python3.12/site-packages/rclpy/executors.py", line 359, in spin
[mission_executor-22]     self._spin_once_impl()
[mission_executor-22]   File "/opt/ros/jazzy/lib/python3.12/site-packages/rclpy/executors.py", line 907, in _spin_once_impl
[mission_executor-22]     handler, entity, node = self.wait_for_ready_callbacks(
[mission_executor-22]                             ^^^^^^^^^^^^^^^^^^^^^^^^^^^^^^
[mission_executor-22]   File "/opt/ros/jazzy/lib/python3.12/site-packages/rclpy/executors.py", line 877, in wait_for_ready_callbacks
[mission_executor-22]     return next(self._cb_iter)
[mission_executor-22]            ^^^^^^^^^^^^^^^^^^^
[mission_executor-22]   File "/opt/ros/jazzy/lib/python3.12/site-packages/rclpy/executors.py", line 757, in _wait_for_ready_callbacks
[mission_executor-22]     wait_set = _rclpy.WaitSet(
[mission_executor-22]                ^^^^^^^^^^^^^^^
[mission_executor-22] rclpy._rclpy_pybind11.RCLError: failed to initialize wait set: the given context is not valid, either rcl_init() was not called or rcl_shutdown() was called., at ./src/rcl/wait.c:130
[INFO] [planner_server-10]: process has finished cleanly [pid 152134]
[INFO] [bt_navigator-13]: process has finished cleanly [pid 152137]
[INFO] [robot_state_node-21]: process has finished cleanly [pid 152535]
[ERROR] [factory_node-20]: process has died [pid 152534, exit code 1, cmd '/home/robojazzy/robofetch_ws_copy/robofetch_ws/install/robofetch_factory/lib/robofetch_factory/factory_node --ros-args -r __node:=factory --params-file /tmp/launch_params_hvskzxg5'].
[ERROR] [mission_executor-22]: process has died [pid 152577, exit code 1, cmd '/home/robojazzy/robofetch_ws_copy/robofetch_ws/install/robofetch_core/lib/robofetch_core/mission_executor --ros-args -r __node:=mission_executor --params-file /tmp/launch_params_iekbkx46 --params-file /tmp/launch_params_bw5bqw6e'].
[gazebo-1] [1;36m[Dbg] [GpuLidarSensor.cc:164] [0m[1;36mLidar points for [[0m[1;36mrobofetch::base_footprint::lidar[0m[1;36m] advertised on [[0m[1;36mscan/points[0m[1;36m][0m[1;36m[0m
[gazebo-1] [1;36m[Dbg] [SignalHandler.cc:142] [0m[1;36mReceived signal[[0m[1;36m2[0m[1;36m].[0m
[gazebo-1] [1;36m[Dbg] [ServerPrivate.cc:122] [0m[1;36mServer received signal[[0m[1;36m2[0m[1;36m][0m
[gazebo-1] [1;36m[Dbg] [Sensors.cc:565] [0m[1;36mSensorsPrivate::Stop[0m[1;36m[0m
[gazebo-1] [1;36m[Dbg] [Sensors.cc:551] [0m[1;36mSensorsPrivate::RenderThread stopped[0m[1;36m[0m
[gazebo-1] [1;36m[Dbg] [gz.cc:434] [0m[1;36mShutting down gz-sim-server[0m[1;36m[0m
[gazebo-1] [1;36m[Dbg] [SimulationRunner.cc:578] [0m[1;36mExiting postupdate worker thread ([0m[1;36m0[0m[1;36m)[0m[1;36m[0m
[gazebo-1] [1;36m[Dbg] [SimulationRunner.cc:578] [0m[1;36mExiting postupdate worker thread ([0m[1;36m3[0m[1;36m3[Dbg] [SimulationRunner.cc:578] [Dbg] [SimulationRunner.cc:578] [0m[1;36m3[Dbg] [SimulationRunner.cc:578] [Dbg] [SimulationRunner.cc:578] [Dbg] [SimulationRunner.cc:578] [0m[1;36mExiting postupdate worker thread ([0m[1;36m1[0m[1;36m)[0m[1;36m)x[0m[1;36mExiting postupdate worker thread ([0m[1;36mExiting postupdate worker thread (Exiting postupdate worker thread ([0m[1;36m[0m
[gazebo-1] [1;36mExiting postupdate worker thread (Exiting postupdate worker thread ([0m[1;36m4[0m[1;36m)[0m[1;36m[0m
[gazebo-1] [1;36m5Exiting postupdate worker thread ([0m[1;36m)[0m[1;36m[0m
[gazebo-1] [1;36m2[0m[1;36m2[0m[1;36m)[0m[1;36m[0m
[gazebo-1] [1;36m[Dbg] [Sensors.cc:565] [0m[1;36mSensorsPrivate::Stop[0m[1;36m[0m
[INFO] [gazebo-1]: process has finished cleanly [pid 152124]
[INFO] [python-19]: process has finished cleanly [pid 152463]
