
  config   : config/run.yaml
  scenario : low_battery_start - Robot starts with 30 % battery while the buffers are already half full.
  model    : ppo
  planner  : NavfnDijkstra
  view     : headless
  shift    : 3600.0 s simulated
  seed     : 5000     dashboard: false     build: false

[run] 1/3  sourcing ROS 2 Jazzy ...
[run] 2/3  skipping build (build: false)
[run] 3/3  sourcing the workspace and launching ...

  The robot starts on the blue charger (south-west) and begins by itself after ~30 s.
  Sections: A red (north-west), B yellow (north-east), C purple (south-east);
  delivery point green (south-centre).
  Watch it:  http://localhost:8000   (read-only dashboard: model, planner, live results)
  Results:   logs/<run_id>_mission_summary.yaml when the shift ends
  Stop:      Ctrl+C here, then ./scripts/stop.sh

[INFO] [launch]: All log files can be found below /home/robojazzy/.ros/log/2026-09-20-22-13-49-764634-DESKTOP-NOCCT0U-164934
[INFO] [launch]: Default logging verbosity is set to INFO
[INFO] [gazebo-1]: process started with pid [164982]
[INFO] [robot_state_publisher-2]: process started with pid [164983]
[INFO] [create-3]: process started with pid [164985]
[INFO] [parameter_bridge-4]: process started with pid [164986]
[INFO] [map_server-5]: process started with pid [164987]
[INFO] [amcl-6]: process started with pid [164988]
[INFO] [lifecycle_manager-7]: process started with pid [164989]
[INFO] [controller_server-8]: process started with pid [164990]
[INFO] [smoother_server-9]: process started with pid [164991]
[INFO] [planner_server-10]: process started with pid [164992]
[INFO] [route_server-11]: process started with pid [164993]
[INFO] [behavior_server-12]: process started with pid [164994]
[INFO] [bt_navigator-13]: process started with pid [164995]
[INFO] [waypoint_follower-14]: process started with pid [164996]
[INFO] [velocity_smoother-15]: process started with pid [164997]
[INFO] [collision_monitor-16]: process started with pid [164998]
[INFO] [opennav_docking-17]: process started with pid [164999]
[INFO] [lifecycle_manager-18]: process started with pid [165002]
[robot_state_publisher-2] [INFO] [1789935230.914762891] [robot_state_publisher]: Robot initialized
[amcl-6] [INFO] [1789935230.920317578] [amcl]: 
[amcl-6] 	amcl lifecycle node launched. 
[amcl-6] 	Waiting on external lifecycle transitions to activate
[amcl-6] 	See https://design.ros2.org/articles/node_lifecycle.html for more information.
[amcl-6] [INFO] [1789935230.922012846] [amcl]: Creating
[create-3] [INFO] [1789935230.935301409] [ros_gz_sim]: Requesting list of world names.
[lifecycle_manager-7] [INFO] [1789935230.943191644] [lifecycle_manager_localization]: Creating
[controller_server-8] [INFO] [1789935230.952496434] [controller_server]: 
[controller_server-8] 	controller_server lifecycle node launched. 
[controller_server-8] 	Waiting on external lifecycle transitions to activate
[controller_server-8] 	See https://design.ros2.org/articles/node_lifecycle.html for more information.
[route_server-11] [INFO] [1789935230.961420835] [route_server]: 
[route_server-11] 	route_server lifecycle node launched. 
[route_server-11] 	Waiting on external lifecycle transitions to activate
[route_server-11] 	See https://design.ros2.org/articles/node_lifecycle.html for more information.
[smoother_server-9] [INFO] [1789935230.965617746] [smoother_server]: 
[smoother_server-9] 	smoother_server lifecycle node launched. 
[smoother_server-9] 	Waiting on external lifecycle transitions to activate
[smoother_server-9] 	See https://design.ros2.org/articles/node_lifecycle.html for more information.
[smoother_server-9] [INFO] [1789935230.970523380] [smoother_server]: Creating smoother server
[controller_server-8] [INFO] [1789935230.972182884] [controller_server]: Creating controller server
[lifecycle_manager-18] [INFO] [1789935230.975590193] [lifecycle_manager_navigation]: Creating
[lifecycle_manager-7] [INFO] [1789935230.985177721] [lifecycle_manager_localization]: [34m[1mCreating and initializing lifecycle service clients[0m[0m
[behavior_server-12] [INFO] [1789935230.987783957] [behavior_server]: 
[behavior_server-12] 	behavior_server lifecycle node launched. 
[behavior_server-12] 	Waiting on external lifecycle transitions to activate
[behavior_server-12] 	See https://design.ros2.org/articles/node_lifecycle.html for more information.
[lifecycle_manager-18] [INFO] [1789935230.987851339] [lifecycle_manager_navigation]: [34m[1mCreating and initializing lifecycle service clients[0m[0m
[planner_server-10] [INFO] [1789935230.989993897] [planner_server]: 
[planner_server-10] 	planner_server lifecycle node launched. 
[planner_server-10] 	Waiting on external lifecycle transitions to activate
[planner_server-10] 	See https://design.ros2.org/articles/node_lifecycle.html for more information.
[planner_server-10] [INFO] [1789935230.994261758] [planner_server]: Creating
[planner_server-10] [INFO] [1789935231.053645007] [global_costmap.global_costmap]: 
[planner_server-10] 	global_costmap lifecycle node launched. 
[planner_server-10] 	Waiting on external lifecycle transitions to activate
[planner_server-10] 	See https://design.ros2.org/articles/node_lifecycle.html for more information.
[planner_server-10] [INFO] [1789935231.055628989] [global_costmap.global_costmap]: Creating Costmap
[waypoint_follower-14] [INFO] [1789935231.105115079] [waypoint_follower]: 
[waypoint_follower-14] 	waypoint_follower lifecycle node launched. 
[waypoint_follower-14] 	Waiting on external lifecycle transitions to activate
[waypoint_follower-14] 	See https://design.ros2.org/articles/node_lifecycle.html for more information.
[controller_server-8] [INFO] [1789935231.111062783] [local_costmap.local_costmap]: 
[controller_server-8] 	local_costmap lifecycle node launched. 
[controller_server-8] 	Waiting on external lifecycle transitions to activate
[controller_server-8] 	See https://design.ros2.org/articles/node_lifecycle.html for more information.
[waypoint_follower-14] [INFO] [1789935231.114689206] [waypoint_follower]: Creating
[velocity_smoother-15] [INFO] [1789935231.121257815] [velocity_smoother]: 
[velocity_smoother-15] 	velocity_smoother lifecycle node launched. 
[velocity_smoother-15] 	Waiting on external lifecycle transitions to activate
[velocity_smoother-15] 	See https://design.ros2.org/articles/node_lifecycle.html for more information.
[controller_server-8] [INFO] [1789935231.122584840] [local_costmap.local_costmap]: Creating Costmap
[opennav_docking-17] [INFO] [1789935231.136574029] [docking_server]: 
[opennav_docking-17] 	docking_server lifecycle node launched. 
[opennav_docking-17] 	Waiting on external lifecycle transitions to activate
[opennav_docking-17] 	See https://design.ros2.org/articles/node_lifecycle.html for more information.
[opennav_docking-17] [INFO] [1789935231.138148124] [docking_server]: Creating docking_server
[map_server-5] [INFO] [1789935231.151343566] [map_server]: 
[map_server-5] 	map_server lifecycle node launched. 
[map_server-5] 	Waiting on external lifecycle transitions to activate
[map_server-5] 	See https://design.ros2.org/articles/node_lifecycle.html for more information.
[map_server-5] [INFO] [1789935231.152354596] [map_server]: Creating
[collision_monitor-16] [INFO] [1789935231.157387862] [collision_monitor]: 
[collision_monitor-16] 	collision_monitor lifecycle node launched. 
[collision_monitor-16] 	Waiting on external lifecycle transitions to activate
[collision_monitor-16] 	See https://design.ros2.org/articles/node_lifecycle.html for more information.
[bt_navigator-13] [INFO] [1789935231.162837474] [bt_navigator]: 
[bt_navigator-13] 	bt_navigator lifecycle node launched. 
[bt_navigator-13] 	Waiting on external lifecycle transitions to activate
[bt_navigator-13] 	See https://design.ros2.org/articles/node_lifecycle.html for more information.
[bt_navigator-13] [INFO] [1789935231.167161150] [bt_navigator]: Creating
[lifecycle_manager-7] [INFO] [1789935231.240335585] [lifecycle_manager_localization]: [34m[1mStarting managed nodes bringup...[0m[0m
[lifecycle_manager-7] [INFO] [1789935231.240436129] [lifecycle_manager_localization]: [34m[1mConfiguring map_server[0m[0m
[lifecycle_manager-18] [INFO] [1789935231.313566029] [lifecycle_manager_navigation]: [34m[1mStarting managed nodes bringup...[0m[0m
[lifecycle_manager-18] [INFO] [1789935231.313634472] [lifecycle_manager_navigation]: [34m[1mConfiguring controller_server[0m[0m
[controller_server-8] [INFO] [1789935231.314516906] [controller_server]: Configuring controller interface
[controller_server-8] [INFO] [1789935231.314558454] [controller_server]: getting progress checker plugins..
[controller_server-8] [INFO] [1789935231.315018950] [controller_server]: getting goal checker plugins..
[controller_server-8] [INFO] [1789935231.315552421] [controller_server]: Controller frequency set to 10.0000Hz
[controller_server-8] [INFO] [1789935231.315609778] [local_costmap.local_costmap]: Configuring
[map_server-5] [INFO] [1789935231.330998773] [map_server]: Configuring
[map_server-5] [INFO] [1789935231.331168146] [map_io]: Loading yaml file: /home/robojazzy/robofetch_ws_copy/robofetch_ws/install/robofetch_nav/share/robofetch_nav/maps/factory_maze.yaml
[map_server-5] [INFO] [1789935231.332407062] [map_io]: resolution: 0.05
[map_server-5] [INFO] [1789935231.332434536] [map_io]: origin[0]: -7.75
[map_server-5] [INFO] [1789935231.332469528] [map_io]: origin[1]: -5.5
[map_server-5] [INFO] [1789935231.332480711] [map_io]: origin[2]: 0
[map_server-5] [INFO] [1789935231.332492664] [map_io]: free_thresh: 0.196
[map_server-5] [INFO] [1789935231.332498255] [map_io]: occupied_thresh: 0.65
[map_server-5] [INFO] [1789935231.332505003] [map_io]: mode: trinary
[map_server-5] [INFO] [1789935231.332510883] [map_io]: negate: 0
[map_server-5] [INFO] [1789935231.333585440] [map_io]: Loading image_file: /home/robojazzy/robofetch_ws_copy/robofetch_ws/install/robofetch_nav/share/robofetch_nav/maps/factory_maze.pgm
[controller_server-8] [INFO] [1789935231.334743381] [local_costmap.local_costmap]: Using plugin "voxel_layer"
[map_server-5] [INFO] [1789935231.344582027] [map_io]: Read map /home/robojazzy/robofetch_ws_copy/robofetch_ws/install/robofetch_nav/share/robofetch_nav/maps/factory_maze.pgm: 310 X 220 map @ 0.05 m/cell
[controller_server-8] [INFO] [1789935231.347271359] [local_costmap.local_costmap]: Subscribed to Topics: scan
[lifecycle_manager-7] [INFO] [1789935231.361628984] [lifecycle_manager_localization]: [34m[1mConfiguring amcl[0m[0m
[amcl-6] [INFO] [1789935231.363119212] [amcl]: Configuring
[amcl-6] [INFO] [1789935231.363216478] [amcl]: initTransforms
[controller_server-8] [INFO] [1789935231.377251553] [local_costmap.local_costmap]: Initialized plugin "voxel_layer"
[controller_server-8] [INFO] [1789935231.377313537] [local_costmap.local_costmap]: Using plugin "inflation_layer"
[controller_server-8] [INFO] [1789935231.378316470] [local_costmap.local_costmap]: Initialized plugin "inflation_layer"
[amcl-6] [INFO] [1789935231.388489234] [amcl]: initPubSub
[amcl-6] [INFO] [1789935231.408449649] [amcl]: Subscribed to map topic.
[lifecycle_manager-7] [INFO] [1789935231.421294874] [lifecycle_manager_localization]: [34m[1mActivating map_server[0m[0m
[map_server-5] [INFO] [1789935231.421719993] [map_server]: Activating
[controller_server-8] [INFO] [1789935231.422877067] [controller_server]: Created progress_checker : progress_checker of type nav2_controller::SimpleProgressChecker
[map_server-5] [INFO] [1789935231.422888442] [map_server]: Creating bond (map_server) to lifecycle manager.
[controller_server-8] [INFO] [1789935231.423963095] [controller_server]: Controller Server has progress_checker  progress checkers available.
[amcl-6] [INFO] [1789935231.424306467] [amcl]: Received a 310 X 220 map @ 0.050 m/pix
[controller_server-8] [INFO] [1789935231.425294554] [controller_server]: Created goal checker : general_goal_checker of type nav2_controller::SimpleGoalChecker
[controller_server-8] [INFO] [1789935231.426493272] [controller_server]: Controller Server has general_goal_checker  goal checkers available.
[controller_server-8] [INFO] [1789935231.429907907] [controller_server]: Created controller : FollowPath of type nav2_mppi_controller::MPPIController
[controller_server-8] [INFO] [1789935231.442064750] [controller_server]: Controller period is equal to model dt. Control sequence shifting is ON
[controller_server-8] [INFO] [1789935231.446798987] [controller_server]: ConstraintCritic instantiated with 1 power and 4.000000 weight.
[controller_server-8] [INFO] [1789935231.446868394] [controller_server]: Critic loaded : mppi::critics::ConstraintCritic
[controller_server-8] [INFO] [1789935231.450564707] [controller_server]: InflationCostCritic instantiated with 1 power and 300.000000 / 0.015000 weights. Critic will collision check based on circular cost.
[controller_server-8] [INFO] [1789935231.450656864] [controller_server]: Critic loaded : mppi::critics::CostCritic
[controller_server-8] [INFO] [1789935231.451218194] [controller_server]: GoalCritic instantiated with 1 power and 5.000000 weight.
[controller_server-8] [INFO] [1789935231.451242486] [controller_server]: Critic loaded : mppi::critics::GoalCritic
[controller_server-8] [INFO] [1789935231.452369387] [controller_server]: GoalAngleCritic instantiated with 1 power, 3.000000 weight, 0.500000 angular threshold and symmetric_yaw_tolerance disabled
[controller_server-8] [INFO] [1789935231.452402837] [controller_server]: Critic loaded : mppi::critics::GoalAngleCritic
[controller_server-8] [INFO] [1789935231.454007876] [controller_server]: ReferenceTrajectoryCritic instantiated with 1 power and 14.000000 weight
[controller_server-8] [INFO] [1789935231.454047400] [controller_server]: Critic loaded : mppi::critics::PathAlignCritic
[controller_server-8] [INFO] [1789935231.454954897] [controller_server]: Critic loaded : mppi::critics::PathFollowCritic
[controller_server-8] [INFO] [1789935231.457545227] [controller_server]: PathAngleCritic instantiated with 1 power and 2.000000 weight. Mode set to: Forward Preference
[controller_server-8] [INFO] [1789935231.457593137] [controller_server]: Critic loaded : mppi::critics::PathAngleCritic
[controller_server-8] [INFO] [1789935231.458546810] [controller_server]: PreferForwardCritic instantiated with 1 power and 5.000000 weight.
[controller_server-8] [INFO] [1789935231.458601275] [controller_server]: Critic loaded : mppi::critics::PreferForwardCritic
[controller_server-8] [INFO] [1789935231.464091086] [controller_server]: Optimizer reset
[controller_server-8] [INFO] [1789935231.476785736] [MPPIController]: Configured MPPI Controller: FollowPath
[controller_server-8] [INFO] [1789935231.476884256] [controller_server]: Controller Server has FollowPath  controllers available.
[lifecycle_manager-18] [INFO] [1789935231.500911251] [lifecycle_manager_navigation]: [34m[1mConfiguring smoother_server[0m[0m
[smoother_server-9] [INFO] [1789935231.501293472] [smoother_server]: Configuring smoother server
[smoother_server-9] [INFO] [1789935231.524426465] [smoother_server]: Created smoother : simple_smoother of type nav2_smoother::SimpleSmoother
[smoother_server-9] [INFO] [1789935231.525854130] [smoother_server]: Smoother Server has simple_smoother  smoothers available.
[lifecycle_manager-7] [INFO] [1789935231.536465798] [lifecycle_manager_localization]: Server map_server connected with bond.
[lifecycle_manager-7] [INFO] [1789935231.536530481] [lifecycle_manager_localization]: [34m[1mActivating amcl[0m[0m
[amcl-6] [INFO] [1789935231.536965239] [amcl]: Activating
[amcl-6] [INFO] [1789935231.537052480] [amcl]: initialPoseReceived
[amcl-6] [INFO] [1789935231.537468441] [amcl]: Setting pose (0.000000): -5.225 -2.975 0.000
[amcl-6] [INFO] [1789935231.538081536] [amcl]: Creating bond (amcl) to lifecycle manager.
[lifecycle_manager-18] [INFO] [1789935231.544083128] [lifecycle_manager_navigation]: [34m[1mConfiguring planner_server[0m[0m
[planner_server-10] [INFO] [1789935231.544508825] [planner_server]: Configuring
[planner_server-10] [INFO] [1789935231.544587775] [global_costmap.global_costmap]: Configuring
[planner_server-10] [INFO] [1789935231.569646044] [global_costmap.global_costmap]: Using plugin "static_layer"
[planner_server-10] [INFO] [1789935231.576892817] [global_costmap.global_costmap]: Subscribing to the map topic (/map) with transient local durability
[planner_server-10] [INFO] [1789935231.581025141] [global_costmap.global_costmap]: Initialized plugin "static_layer"
[planner_server-10] [INFO] [1789935231.581082016] [global_costmap.global_costmap]: Using plugin "obstacle_layer"
[planner_server-10] [INFO] [1789935231.583095207] [global_costmap.global_costmap]: Subscribed to Topics: scan
[planner_server-10] [INFO] [1789935231.594199376] [global_costmap.global_costmap]: Initialized plugin "obstacle_layer"
[planner_server-10] [INFO] [1789935231.594260011] [global_costmap.global_costmap]: Using plugin "inflation_layer"
[planner_server-10] [INFO] [1789935231.595151699] [global_costmap.global_costmap]: Initialized plugin "inflation_layer"
[planner_server-10] [INFO] [1789935231.646885710] [global_costmap.global_costmap]: StaticLayer: Resizing costmap to 310 X 220 at 0.050000 m/pix
[planner_server-10] [INFO] [1789935231.647145215] [planner_server]: Created global planner plugin GridBased of type nav2_navfn_planner::NavfnPlanner
[planner_server-10] [INFO] [1789935231.647190812] [planner_server]: Configuring plugin GridBased of type NavfnPlanner
[lifecycle_manager-7] [INFO] [1789935231.649610420] [lifecycle_manager_localization]: Server amcl connected with bond.
[lifecycle_manager-7] [INFO] [1789935231.649685225] [lifecycle_manager_localization]: [34m[1mManaged nodes are active[0m[0m
[lifecycle_manager-7] [INFO] [1789935231.649702288] [lifecycle_manager_localization]: [34m[1mCreating bond timer...[0m[0m
[planner_server-10] [INFO] [1789935231.649817870] [planner_server]: Created global planner plugin NavfnDijkstra of type nav2_navfn_planner::NavfnPlanner
[planner_server-10] [INFO] [1789935231.649850549] [planner_server]: Configuring plugin NavfnDijkstra of type NavfnPlanner
[planner_server-10] [INFO] [1789935231.651907119] [planner_server]: Created global planner plugin NavfnAStar of type nav2_navfn_planner::NavfnPlanner
[planner_server-10] [INFO] [1789935231.651979900] [planner_server]: Configuring plugin NavfnAStar of type NavfnPlanner
[planner_server-10] [INFO] [1789935231.666654388] [planner_server]: Created global planner plugin Smac2D of type nav2_smac_planner::SmacPlanner2D
[planner_server-10] [INFO] [1789935231.666779803] [planner_server]: Configuring Smac2D of type SmacPlanner2D
[planner_server-10] [INFO] [1789935231.675502633] [planner_server]: Configured plugin Smac2D of type SmacPlanner2D with tolerance 0.25, maximum iterations 1000000, max on approach iterations 1000, and allowing unknown traversal.
[planner_server-10] [INFO] [1789935231.676739911] [planner_server]: Created global planner plugin ThetaStar of type nav2_theta_star_planner::ThetaStarPlanner
[planner_server-10] [INFO] [1789935231.681766719] [planner_server]: Created global planner plugin SmacLattice of type nav2_smac_planner::SmacPlannerLattice
[planner_server-10] [INFO] [1789935231.681869383] [planner_server]: Configuring SmacLattice of type SmacPlannerLattice
[planner_server-10] [INFO] [1789935231.693345361] [planner_server]: Even sized heuristic lookup table size set 400.000000, increasing size by 1 to make odd
[gazebo-1] [1;32m[Msg] [0m[1;32mGazebo Sim Server v[0m[1;32m8.11.0[0m[1;32m[0m
[gazebo-1] [1;32m[Msg] [0m[1;32mLoading SDF world file[[0m[1;32m/home/robojazzy/robofetch_ws_copy/robofetch_ws/install/robofetch_gazebo/share/robofetch_gazebo/worlds/factory_maze.sdf[0m[1;32m].[0m
[gazebo-1] [1;32m[Msg] [0m[1;32mServing entity system service on [[0m[1;32m/[0m[1;32mentity/system/add[0m[1;32m][0m[1;32m[0m
[gazebo-1] [1;36m[Dbg] [Physics.cc:906] [0m[1;36mLoaded [[0m[1;36mgz::physics::dartsim::Plugin[0m[1;36m] from library [[0m[1;36m/opt/ros/jazzy/opt/gz_physics_vendor/lib/gz-physics-7/engine-plugins/libgz-physics-dartsim-plugin.so[0m[1;36m][0m[1;36m[0m
[gazebo-1] [1;36m[Dbg] [SystemManager.cc:80] [0m[1;36mLoaded system [[0m[1;36mgz::sim::systems::Physics[0m[1;36m] for entity [[0m[1;36m1[0m[1;36m][0m[1;36m[0m
[gazebo-1] [1;36m[Dbg] [SystemManager.cc:80] [0m[1;36mLoaded system [[0m[1;36mgz::sim::systems::SceneBroadcaster[0m[1;36m] for entity [[0m[1;36m1[0m[1;36m][0m[1;36m[0m
[gazebo-1] [1;32m[Msg] [0m[1;32mCreate[0m[1;32m service on [[0m[1;32m/world/factory_maze/create_multiple[0m[1;32m] (async)[0m[1;32m[0m
[gazebo-1] [1;32m[Msg] [0m[1;32mCreate[0m[1;32m service on [[0m[1;32m/world/factory_maze/create_multiple/blocking[0m[1;32m] (blocking)[0m[1;32m[0m
[gazebo-1] [1;32m[Msg] [0m[1;32mRemove[0m[1;32m service on [[0m[1;32m/world/factory_maze/remove[0m[1;32m] (async)[0m[1;32m[0m
[gazebo-1] [1;32m[Msg] [0m[1;32mRemove[0m[1;32m service on [[0m[1;32m/world/factory_maze/remove/blocking[0m[1;32m] (blocking)[0m[1;32m[0m
[gazebo-1] [1;32m[Msg] [0m[1;32mPose[0m[1;32m service on [[0m[1;32m/world/factory_maze/set_pose[0m[1;32m] (async)[0m[1;32m[0m
[gazebo-1] [1;32m[Msg] [0m[1;32mPose[0m[1;32m service on [[0m[1;32m/world/factory_maze/set_pose/blocking[0m[1;32m] (blocking)[0m[1;32m[0m
[gazebo-1] [1;32m[Msg] [0m[1;32mPose[0m[1;32m service on [[0m[1;32m/world/factory_maze/set_pose_vector[0m[1;32m] (async)[0m[1;32m[0m
[gazebo-1] [1;32m[Msg] [0m[1;32mPose[0m[1;32m service on [[0m[1;32m/world/factory_maze/set_pose_vector/blocking[0m[1;32m] (blocking)[0m[1;32m[0m
[gazebo-1] [1;32m[Msg] [0m[1;32mLight configuration[0m[1;32m service on [[0m[1;32m/world/factory_maze/light_config[0m[1;32m] (async)[0m[1;32m[0m
[gazebo-1] [1;32m[Msg] [0m[1;32mLight configuration[0m[1;32m service on [[0m[1;32m/world/factory_maze/light_config/blocking[0m[1;32m] (blocking)[0m[1;32m[0m
[gazebo-1] [1;32m[Msg] [0m[1;32mPhysics[0m[1;32m service on [[0m[1;32m/world/factory_maze/set_physics[0m[1;32m] (async)[0m[1;32m[0m
[gazebo-1] [1;32m[Msg] [0m[1;32mPhysics[0m[1;32m service on [[0m[1;32m/world/factory_maze/set_physics/blocking[0m[1;32m] (blocking)[0m[1;32m[0m
[gazebo-1] [1;32m[Msg] [0m[1;32mSphericalCoordinates[0m[1;32m service on [[0m[1;32m/world/factory_maze/set_spherical_coordinates[0m[1;32m] (async)[0m[1;32m[0m
[gazebo-1] [1;32m[Msg] [0m[1;32mSphericalCoordinates[0m[1;32m service on [[0m[1;32m/world/factory_maze/set_spherical_coordinates/blocking[0m[1;32m] (blocking)[0m[1;32m[0m
[gazebo-1] [1;32m[Msg] [0m[1;32mEnable collision[0m[1;32m service on [[0m[1;32m/world/factory_maze/enable_collision[0m[1;32m] (async)[0m[1;32m[0m
[gazebo-1] [1;32m[Msg] [0m[1;32mEnable collision[0m[1;32m service on [[0m[1;32m/world/factory_maze/enable_collision/blocking[0m[1;32m] (blocking)[0m[1;32m[0m
[gazebo-1] [1;32m[Msg] [0m[1;32mDisable collision[0m[1;32m service on [[0m[1;32m/world/factory_maze/disable_collision[0m[1;32m] (async)[0m[1;32m[0m
[gazebo-1] [1;32m[Msg] [0m[1;32mDisable collision[0m[1;32m service on [[0m[1;32m/world/factory_maze/disable_collision/blocking[0m[1;32m] (blocking)[0m[1;32m[0m
[gazebo-1] [1;32m[Msg] [0m[1;32mMaterial[0m[1;32m service on [[0m[1;32m/world/factory_maze/visual_config[0m[1;32m] (async)[0m[1;32m[0m
[gazebo-1] [1;32m[Msg] [0m[1;32mMaterial[0m[1;32m service on [[0m[1;32m/world/factory_maze/visual_config/blocking[0m[1;32m] (blocking)[0m[1;32m[0m
[gazebo-1] [1;32m[Msg] [0m[1;32mMaterial[0m[1;32m service on [[0m[1;32m/world/factory_maze/wheel_slip[0m[1;32m] (async)[0m[1;32m[0m
[planner_server-10] [INFO] [1789935232.112180924] [planner_server]: Configured plugin SmacLattice of type SmacPlannerLattice with maximum iterations 1000000, max on approach iterations 1000, and allowing unknown traversal. Tolerance 0.25. Using motion model: State Lattice. State lattice file: /opt/ros/jazzy/share/nav2_smac_planner/sample_primitives/5cm_resolution/0.5m_turning_radius/diff/output.json.
[planner_server-10] [INFO] [1789935232.112254669] [planner_server]: Planner Server has GridBased NavfnDijkstra NavfnAStar Smac2D ThetaStar SmacLattice  planners available.
[create-3] [INFO] [1789935232.119683251] [ros_gz_sim]: Waiting messages on topic [/robot_description].
[create-3] [INFO] [1789935232.132961017] [ros_gz_sim]: Entity creation successful.
[lifecycle_manager-18] [INFO] [1789935232.140476454] [lifecycle_manager_navigation]: [34m[1mConfiguring route_server[0m[0m
[route_server-11] [INFO] [1789935232.140950640] [route_server]: Configuring
[parameter_bridge-4] [INFO] [1789935232.168501490] [ros_gz_bridge]: Creating ROS->GZ Bridge: [cmd_vel (geometry_msgs/msg/Twist) -> cmd_vel (gz.msgs.Twist)] (Lazy 0)
[parameter_bridge-4] [INFO] [1789935232.175711343] [ros_gz_bridge]: Creating GZ->ROS Bridge: [odom (gz.msgs.Odometry) -> odom (nav_msgs/msg/Odometry)] (Lazy 0)
[parameter_bridge-4] [INFO] [1789935232.183312189] [ros_gz_bridge]: Creating GZ->ROS Bridge: [tf (gz.msgs.Pose_V) -> tf (tf2_msgs/msg/TFMessage)] (Lazy 0)
[parameter_bridge-4] [INFO] [1789935232.189008004] [ros_gz_bridge]: Creating GZ->ROS Bridge: [joint_states (gz.msgs.Model) -> joint_states (sensor_msgs/msg/JointState)] (Lazy 0)
[parameter_bridge-4] [INFO] [1789935232.193597547] [ros_gz_bridge]: Creating GZ->ROS Bridge: [scan (gz.msgs.LaserScan) -> scan (sensor_msgs/msg/LaserScan)] (Lazy 0)
[parameter_bridge-4] [INFO] [1789935232.198777917] [ros_gz_bridge]: Creating GZ->ROS Bridge: [clock (gz.msgs.Clock) -> clock (rosgraph_msgs/msg/Clock)] (Lazy 0)
[parameter_bridge-4] [INFO] [1789935232.203945371] [ros_gz_bridge]: Creating GZ->ROS Bridge: [/model/robofetch/pose (gz.msgs.Pose) -> /model/robofetch/pose (geometry_msgs/msg/Pose)] (Lazy 0)
[route_server-11] [INFO] [1789935232.206510059] [route_server]: Created GraphFileLoader GeoJsonGraphFileLoader of type nav2_route::GeoJsonGraphFileLoader
[route_server-11] [INFO] [1789935232.206573103] [route_server]: Configuring geojson graph file loader
[route_server-11] [INFO] [1789935232.206638365] [route_server]: Loading graph file from /opt/ros/jazzy/share/nav2_route/graphs/sample_graph.geojson, by parser nav2_route::GeoJsonGraphFileLoader
[route_server-11] [INFO] [1789935232.211676837] [route_server]: Created edge cost function plugin DistanceScorer of type nav2_route::DistanceScorer
[route_server-11] [INFO] [1789935232.211742485] [route_server]: Configuring distance scorer.
[route_server-11] [INFO] [1789935232.213025455] [route_server]: Created edge cost function plugin CostmapScorer of type nav2_route::CostmapScorer
[route_server-11] [INFO] [1789935232.213113082] [route_server]: Configuring costmap scorer.
[route_server-11] [INFO] [1789935232.220065454] [route_server]: Created route operation AdjustSpeedLimit of type nav2_route::AdjustSpeedLimit
[route_server-11] [INFO] [1789935232.220134668] [route_server]: Configuring Adjust speed limit operation.
[route_server-11] [INFO] [1789935232.223139512] [route_server]: Created route operation ReroutingService of type nav2_route::ReroutingService
[route_server-11] [INFO] [1789935232.223223379] [route_server]: Configuring Rerouting service operation.
[route_server-11] [INFO] [1789935232.226595696] [route_server]: Created route operation CollisionMonitor of type nav2_route::CollisionMonitor
[route_server-11] [INFO] [1789935232.226999895] [route_server]: Using costmap topic: local_costmap/costmap_raw instead of server costmap topic: global_costmap/costmap_raw for CollisionMonitor.
[lifecycle_manager-18] [INFO] [1789935232.235422637] [lifecycle_manager_navigation]: [34m[1mConfiguring behavior_server[0m[0m
[behavior_server-12] [INFO] [1789935232.235799363] [behavior_server]: Configuring
[behavior_server-12] [INFO] [1789935232.245156594] [behavior_server]: Creating behavior plugin spin of type nav2_behaviors::Spin
[behavior_server-12] [INFO] [1789935232.246919148] [behavior_server]: Creating behavior plugin backup of type nav2_behaviors::BackUp
[behavior_server-12] [INFO] [1789935232.248842013] [behavior_server]: Creating behavior plugin drive_on_heading of type nav2_behaviors::DriveOnHeading
[behavior_server-12] [INFO] [1789935232.250660286] [behavior_server]: Creating behavior plugin assisted_teleop of type nav2_behaviors::AssistedTeleop
[behavior_server-12] [INFO] [1789935232.255401079] [behavior_server]: Creating behavior plugin wait of type nav2_behaviors::Wait
[INFO] [create-3]: process has finished cleanly [pid 164985]
[behavior_server-12] [INFO] [1789935232.267810293] [behavior_server]: Configuring spin
[behavior_server-12] [INFO] [1789935232.282367174] [behavior_server]: Configuring backup
[behavior_server-12] [INFO] [1789935232.294835867] [behavior_server]: Configuring drive_on_heading
[behavior_server-12] [INFO] [1789935232.307291352] [behavior_server]: Configuring assisted_teleop
[behavior_server-12] [INFO] [1789935232.325045104] [behavior_server]: Configuring wait
[lifecycle_manager-18] [INFO] [1789935232.338673762] [lifecycle_manager_navigation]: [34m[1mConfiguring velocity_smoother[0m[0m
[velocity_smoother-15] [INFO] [1789935232.339012507] [velocity_smoother]: Configuring velocity smoother
[lifecycle_manager-18] [INFO] [1789935232.350233222] [lifecycle_manager_navigation]: [34m[1mConfiguring collision_monitor[0m[0m
[collision_monitor-16] [INFO] [1789935232.350673089] [collision_monitor]: Configuring
[collision_monitor-16] [INFO] [1789935232.364023830] [collision_monitor]: [scan]: Creating Scan
[collision_monitor-16] [INFO] [1789935232.369726971] [collision_monitor]: [FootprintApproach]: Creating Polygon
[collision_monitor-16] [INFO] [1789935232.370834014] [collision_monitor]: [FootprintApproach]: Polygon points are not defined. Using dynamic subscription instead.
[collision_monitor-16] [INFO] [1789935232.375373718] [collision_monitor]: [FootprintApproach]: Making footprint subscriber on /local_costmap/published_footprint topic
[lifecycle_manager-18] [INFO] [1789935232.396071487] [lifecycle_manager_navigation]: [34m[1mConfiguring bt_navigator[0m[0m
[bt_navigator-13] [INFO] [1789935232.396405798] [bt_navigator]: Configuring
[bt_navigator-13] [INFO] [1789935232.409848407] [bt_navigator]: Creating navigator id navigate_to_pose of type nav2_bt_navigator::NavigateToPoseNavigator
[bt_navigator-13] [INFO] [1789935232.560353316] [bt_navigator]: Creating navigator id navigate_through_poses of type nav2_bt_navigator::NavigateThroughPosesNavigator
[lifecycle_manager-18] [INFO] [1789935232.623284906] [lifecycle_manager_navigation]: [34m[1mConfiguring waypoint_follower[0m[0m
[waypoint_follower-14] [INFO] [1789935232.623712627] [waypoint_follower]: Configuring
[waypoint_follower-14] [INFO] [1789935232.664295041] [waypoint_follower]: Created waypoint_task_executor : wait_at_waypoint of type nav2_waypoint_follower::WaitAtWaypoint
[lifecycle_manager-18] [INFO] [1789935232.665640189] [lifecycle_manager_navigation]: [34m[1mConfiguring docking_server[0m[0m
[opennav_docking-17] [INFO] [1789935232.665965631] [docking_server]: Configuring docking_server
[opennav_docking-17] [INFO] [1789935232.666031664] [docking_server]: Controller frequency set to 50.0000Hz
[opennav_docking-17] [INFO] [1789935232.722346157] [docking_server]: Created charging dock plugin simple_charging_dock of type opennav_docking::SimpleChargingDock
[opennav_docking-17] [WARN] [1789935232.737288730] [docking_server]: Dock database filepath nor dock parameters set. Docking actions can only be executed specifying the dock pose via the action request. Or update the dock database via the reload_database service.
[opennav_docking-17] [INFO] [1789935232.737347533] [docking_server]: Docking Server has 1 dock types and 0 dock instances available.
[lifecycle_manager-18] [INFO] [1789935232.740570624] [lifecycle_manager_navigation]: [34m[1mActivating controller_server[0m[0m
[controller_server-8] [INFO] [1789935232.740943205] [controller_server]: Activating
[controller_server-8] [INFO] [1789935232.741005575] [local_costmap.local_costmap]: Activating
[controller_server-8] [INFO] [1789935232.741019553] [local_costmap.local_costmap]: Checking transform
[controller_server-8] [INFO] [1789935232.741052907] [local_costmap.local_costmap]: Timed out waiting for transform from base_footprint to odom to become available, tf error: Invalid frame ID "odom" passed to canTransform argument target_frame - frame does not exist
[controller_server-8] [INFO] [1789935233.241125968] [local_costmap.local_costmap]: Timed out waiting for transform from base_footprint to odom to become available, tf error: Invalid frame ID "odom" passed to canTransform argument target_frame - frame does not exist
[gazebo-1] [1;32m[Msg] [0m[1;32mMaterial[0m[1;32m service on [[0m[1;32m/world/factory_maze/wheel_slip/blocking[0m[1;32m] (blocking)[0m[1;32m[0m
[gazebo-1] [1;36m[Dbg] [SystemManager.cc:80] [0m[1;36mLoaded system [[0m[1;36mgz::sim::systems::UserCommands[0m[1;36m] for entity [[0m[1;36m1[0m[1;36m][0m[1;36m[0m
[gazebo-1] [1;36m[Dbg] [SystemManager.cc:80] [0m[1;36mLoaded system [[0m[1;36mgz::sim::systems::Contact[0m[1;36m] for entity [[0m[1;36m1[0m[1;36m][0m[1;36m[0m
[gazebo-1] [1;36m[Dbg] [Sensors.cc:697] [0m[1;36mConfiguring Sensors system[0m[1;36m[0m
[gazebo-1] [1;36m[Dbg] [Sensors.cc:557] [0m[1;36mSensorsPrivate::Run[0m[1;36m[0m
[gazebo-1] [1;36m[Dbg] [SystemManager.cc:80] [0m[1;36mLoaded system [[0m[1;36mgz::sim::systems::Sensors[0m[1;36m] for entity [[0m[1;36m1[0m[1;36m][0m[1;36m[0m
[gazebo-1] [1;36m[Dbg] [Sensors.cc:532] [0m[1;36mSensorsPrivate::RenderThread started[0m[1;36m[0m
[gazebo-1] [1;36m[Dbg] [Sensors.cc:337] [0m[1;36mWaiting for init[0m[1;36m[0m
[gazebo-1] [1;32m[Msg] [0m[1;32mLoaded level [[0m[1;32mdefault[0m[1;32m][0m[1;32m[0m
[gazebo-1] [1;32m[Msg] [0m[1;32mServing world controls on [[0m[1;32m/world/factory_maze[0m[1;32m/control], [[0m[1;32m/world/factory_maze[0m[1;32m/control/state] and [[0m[1;32m/world/factory_maze[0m[1;32m/playback/control][0m[1;32m[0m
[gazebo-1] [1;32m[Msg] [0m[1;32mServing GUI information on [[0m[1;32m/world/factory_maze[0m[1;32m/[0m[1;32mgui/info[0m[1;32m][0m[1;32m[0m
[gazebo-1] [1;32m[Msg] [0m[1;32mWorld [[0m[1;32mfactory_maze[0m[1;32m] initialized with [[0m[1;32mstep[0m[1;32m] physics profile.[0m[1;32m[0m
[gazebo-1] [1;32m[Msg] [0m[1;32mServing world SDF generation service on [[0m[1;32m/world/factory_maze[0m[1;32m/[0m[1;32mgenerate_world_sdf[0m[1;32m][0m[1;32m[0m
[gazebo-1] [1;32m[Msg] [0m[1;32mServing world names on [[0m[1;32m/gazebo/worlds[0m[1;32m][0m[1;32m[0m
[gazebo-1] [1;32m[Msg] [0m[1;32mResource path add service on [[0m[1;32m/gazebo/resource_paths/add[0m[1;32m].[0m[1;32m[0m
[gazebo-1] [1;32m[Msg] [0m[1;32mResource path get service on [[0m[1;32m/gazebo/resource_paths/get[0m[1;32m].[0m[1;32m[0m
[gazebo-1] [1;32m[Msg] [0m[1;32mResource path resolve service on [[0m[1;32m/gazebo/resource_paths/resolve[0m[1;32m].[0m[1;32m[0m
[gazebo-1] [1;32m[Msg] [0m[1;32mResource paths published on [[0m[1;32m/gazebo/resource_paths[0m[1;32m].[0m[1;32m[0m
[gazebo-1] [1;32m[Msg] [0m[1;32mServer control service on [[0m[1;32m/server_control[0m[1;32m].[0m[1;32m[0m
[gazebo-1] [1;32m[Msg] [0m[1;32mFound no publishers on /stats, adding root stats topic[0m[1;32m[0m
[gazebo-1] [1;32m[Msg] [0m[1;32mFound no publishers on /clock, adding root clock topic[0m[1;32m[0m
[gazebo-1] [1;36m[Dbg] [SimulationRunner.cc:551] [0m[1;36mCreating PostUpdate worker threads: [0m[1;36m4[0m[1;36m[0m
[gazebo-1] [1;36m[Dbg] [SimulationRunner.cc:562] [0m[1;36mCreating postupdate worker thread ([0m[1;36m0[0m[1;36m)[0m[1;36m[0m
[gazebo-1] [1;36m[Dbg] [SimulationRunner.cc:562] [0m[1;36mCreating postupdate worker thread ([0m[1;36m1[0m[1;36m)[0m[1;36m[0m
[gazebo-1] [1;36m[Dbg] [SimulationRunner.cc:562] [0m[1;36mCreating postupdate worker thread ([0m[1;36m2[0m[1;36m)[0m[1;36m[0m
[gazebo-1] [1;33mWarning [Utils.cc:132][0m [/sdf/model[@name="robofetch"]/link[@name="base_footprint"]/sensor[@name="lidar"]/gz_frame_id:<urdf-string>:L0]: XML Element[gz_frame_id], child of element[sensor], not defined in SDF. Copying[gz_frame_id] as children of [sensor].
[controller_server-8] [INFO] [1789935233.741182387] [local_costmap.local_costmap]: Timed out waiting for transform from base_footprint to odom to become available, tf error: Invalid frame ID "odom" passed to canTransform argument target_frame - frame does not exist
[INFO] [python-19]: process started with pid [165366]
[gazebo-1] [1;32m[Msg] [0m[1;32mDiffDrive subscribing to twist messages on [[0m[1;32mcmd_vel[0m[1;32m][0m[1;32m[0m
[gazebo-1] [1;36m[Dbg] [SystemManager.cc:80] [0m[1;36mLoaded system [[0m[1;36mgz::sim::systems::DiffDrive[0m[1;36m] for entity [[0m[1;36m129[0m[1;36m][0m[1;36m[0m
[gazebo-1] [1;36m[Dbg] [SystemManager.cc:80] [0m[1;36mLoaded system [[0m[1;36mgz::sim::systems::JointStatePublisher[0m[1;36m] for entity [[0m[1;36m129[0m[1;36m][0m[1;36m[0m
[gazebo-1] [1;36m[Dbg] [SystemManager.cc:80] [0m[1;36mLoaded system [[0m[1;36mgz::sim::systems::PosePublisher[0m[1;36m] for entity [[0m[1;36m129[0m[1;36m][0m[1;36m[0m
[gazebo-1] [1;36m[Dbg] [UserCommands.cc:1094] [0m[1;36mCreated entity [[0m[1;36m129[0m[1;36m] named [[0m[1;36mrobofetch[0m[1;36m][0m[1;36m[0m
[gazebo-1] [1;36m[Dbg] [SimulationFeatures.cc:90] [0m[1;36mSimulation timestep set to: [0m[1;36m0.004[0m[1;36m[0m
[gazebo-1] [1;36m[Dbg] [Sensors.cc:953] [0m[1;36mInitialization needed[0m[1;36m[0m
[gazebo-1] [1;36m[Dbg] [Sensors.cc:349] [0m[1;36mInitializing render context[0m[1;36m[0m
[gazebo-1] [1;32m[Msg] [0m[1;32mLoading plugin [[0m[1;32mgz-rendering-ogre2[0m[1;32m][0m[1;32m[0m
[gazebo-1] [1;32m[Msg] [0m[1;32mServing scene information on [[0m[1;32m/world/factory_maze[0m[1;32m/[0m[1;32mscene/info[0m[1;32m][0m[1;32m[0m
[gazebo-1] [1;32m[Msg] [0m[1;32mServing graph information on [[0m[1;32m/world/factory_maze[0m[1;32m/[0m[1;32mscene/graph[0m[1;32m][0m[1;32m[0m
[gazebo-1] [1;32m[Msg] [0m[1;32mServing full state on [[0m[1;32m/world/factory_maze[0m[1;32m/[0m[1;32mstate[0m[1;32m][0m[1;32m[0m
[gazebo-1] [1;32m[Msg] [0m[1;32mServing full state (async) on [[0m[1;32m/world/factory_maze[0m[1;32m/[0m[1;32mstate_async[0m[1;32m][0m[1;32m[0m
[gazebo-1] [1;32m[Msg] [0m[1;32mPublishing scene information on [[0m[1;32m/world/factory_maze/scene/info[0m[1;32m][0m[1;32m[0m
[gazebo-1] [1;32m[Msg] [0m[1;32mPublishing entity deletions on [[0m[1;32m/world/factory_maze/scene/deletion[0m[1;32m][0m[1;32m[0m
[gazebo-1] [1;32m[Msg] [0m[1;32mPublishing state changes on [[0m[1;32m/world/factory_maze/state[0m[1;32m][0m[1;32m[0m
[gazebo-1] [1;32m[Msg] [0m[1;32mPublishing pose messages on [[0m[1;32m/world/factory_maze[0m[1;32m/[0m[1;32mpose/info[0m[1;32m][0m[1;32m[0m
[gazebo-1] [1;32m[Msg] [0m[1;32mPublishing dynamic pose messages on [[0m[1;32m/world/factory_maze[0m[1;32m/[0m[1;32mdynamic_pose/info[0m[1;32m][0m[1;32m[0m
[gazebo-1] [1;36m[Dbg] [SimulationRunner.cc:578] [0m[1;36mExiting postupdate worker thread ([Dbg] [SimulationRunner.cc:578] [0m[1;36mExiting postupdate worker thread ([0m[1;36m1[0m[1;36m)[0m[1;36m[0m
[gazebo-1] [1;36mExiting postupdate worker thread ([0m[1;36m0[0m[1;36m)[0m[1;36m[0m
[gazebo-1] [1;36m[Dbg] [SimulationRunner.cc:578] [0m[1;36mExiting postupdate worker thread ([0m[1;36m2[0m[1;36m)[0m[1;36m[0m
[gazebo-1] [1;36m[Dbg] [SimulationRunner.cc:551] [0m[1;36mCreating PostUpdate worker threads: [0m[1;36m7[0m[1;36m[0m
[gazebo-1] [1;36m[Dbg] [SimulationRunner.cc:562] [0m[1;36mCreating postupdate worker thread ([0m[1;36m0[0m[1;36m)[0m[1;36m[0m
[gazebo-1] [1;36m[Dbg] [SimulationRunner.cc:562] [0m[1;36mCreating postupdate worker thread ([0m[1;36m1[0m[1;36m)[0m[1;36m[0m
[gazebo-1] [1;36m[Dbg] [SimulationRunner.cc:562] [0m[1;36mCreating postupdate worker thread ([0m[1;36m2[0m[1;36m)[0m[1;36m[0m
[gazebo-1] [1;36m[Dbg] [SimulationRunner.cc:562] [0m[1;36mCreating postupdate worker thread ([0m[1;36m3[0m[1;36m)[0m[1;36m[0m
[gazebo-1] [1;36m[Dbg] [SimulationRunner.cc:562] [0m[1;36mCreating postupdate worker thread ([0m[1;36m4[0m[1;36m)[0m[1;36m[0m
[gazebo-1] [1;36m[Dbg] [SimulationRunner.cc:562] [0m[1;36mCreating postupdate worker thread ([0m[1;36m5[0m[1;36m)[0m[1;36m[0m
[gazebo-1] [1;36m[Dbg] [RenderUtil.cc:2646] [0m[1;36mCreate scene [[0m[1;36mscene[0m[1;36m][0m[1;36m[0m
[gazebo-1] [1;36m[Dbg] [Sensors.cc:953] [0m[1;36mInitialization neededRendering Thread initialized[0m[1;36m[0m
[gazebo-1] [1;36m[0m
[gazebo-1] [1;36m[Dbg] [Lidar.cc:139] [0m[1;36mLaser scans for [[0m[1;36mrobofetch::base_footprint::lidar[0m[1;36m] advertised on [[0m[1;36mscan[0m[1;36m][0m[1;36m[0m
[controller_server-8] [INFO] [1789935234.241163850] [local_costmap.local_costmap]: Timed out waiting for transform from base_footprint to odom to become available, tf error: Invalid frame ID "odom" passed to canTransform argument target_frame - frame does not exist
[python-19] INFO:     Started server process [165366]
[python-19] INFO:     Waiting for application startup.
[python-19] INFO:     Application startup complete.
[python-19] INFO:     Uvicorn running on http://0.0.0.0:8001 (Press CTRL+C to quit)
[amcl-6] [INFO] [1789935234.398311005] [amcl]: createLaserObject
[controller_server-8] [INFO] [1789935234.741314783] [local_costmap.local_costmap]: start
[controller_server-8] [WARN] [1789935234.943463196] [controller_server]: Parameter controller_server.verbose not found
[controller_server-8] [INFO] [1789935234.944097433] [controller_server]: Optimizer reset
[controller_server-8] [INFO] [1789935234.944502659] [MPPIController]: Activated MPPI Controller: FollowPath
[controller_server-8] [INFO] [1789935234.944530406] [controller_server]: Creating bond (controller_server) to lifecycle manager.
[lifecycle_manager-18] [INFO] [1789935235.055032086] [lifecycle_manager_navigation]: Server controller_server connected with bond.
[lifecycle_manager-18] [INFO] [1789935235.055086713] [lifecycle_manager_navigation]: [34m[1mActivating smoother_server[0m[0m
[smoother_server-9] [INFO] [1789935235.055425943] [smoother_server]: Activating
[smoother_server-9] [INFO] [1789935235.055458122] [smoother_server]: Creating bond (smoother_server) to lifecycle manager.
[lifecycle_manager-18] [INFO] [1789935235.165522204] [lifecycle_manager_navigation]: Server smoother_server connected with bond.
[lifecycle_manager-18] [INFO] [1789935235.165578276] [lifecycle_manager_navigation]: [34m[1mActivating planner_server[0m[0m
[planner_server-10] [INFO] [1789935235.166061638] [planner_server]: Activating
[planner_server-10] [INFO] [1789935235.166102295] [global_costmap.global_costmap]: Activating
[planner_server-10] [INFO] [1789935235.166114435] [global_costmap.global_costmap]: Checking transform
[planner_server-10] [INFO] [1789935235.166194112] [global_costmap.global_costmap]: Timed out waiting for transform from base_footprint to map to become available, tf error: Lookup would require extrapolation into the past.  Requested time 0.864000 but the earliest data is at time 1.100000, when looking up transform from frame [base_footprint] to frame [map]
[planner_server-10] [INFO] [1789935235.666291670] [global_costmap.global_costmap]: start
[INFO] [factory_node-20]: process started with pid [165381]
[INFO] [robot_state_node-21]: process started with pid [165382]
[factory_node-20] [INFO] [1789935236.295046198] [factory]: section A [low_battery_start, seed 5000]: 20 units/h, buffer 8, 0.5 kg/unit, time_scale 1
[factory_node-20] [INFO] [1789935236.295936904] [factory]: section B [low_battery_start, seed 5000]: 30 units/h, buffer 10, 0.4 kg/unit, time_scale 1
[factory_node-20] [INFO] [1789935236.296985038] [factory]: section C [low_battery_start, seed 5000]: 5 units/h, buffer 3, 1.5 kg/unit, time_scale 1
[factory_node-20] [INFO] [1789935236.297811290] [factory]: logging to /home/robojazzy/robofetch_ws_copy/robofetch_ws/logs/run_20260920_221349_section_*.csv
[robot_state_node-21] [INFO] [1789935236.423566551] [robot_state_node]: Robot state monitor up. Run run_20260920_221349, logging to /home/robojazzy/robofetch_ws_copy/robofetch_ws/logs/run_20260920_221349_robot.csv
[planner_server-10] [INFO] [1789935236.718759370] [planner_server]: Activating plugin SmacLattice of type SmacPlannerLattice
[planner_server-10] [INFO] [1789935236.718820935] [planner_server]: Activating plugin ThetaStar of type nav2_theta_star_planner
[planner_server-10] [INFO] [1789935236.718831051] [planner_server]: Activating plugin NavfnAStar of type NavfnPlanner
[planner_server-10] [INFO] [1789935236.718838855] [planner_server]: Activating plugin Smac2D of type SmacPlanner2D
[planner_server-10] [INFO] [1789935236.718879030] [planner_server]: Activating plugin NavfnDijkstra of type NavfnPlanner
[planner_server-10] [INFO] [1789935236.718890688] [planner_server]: Activating plugin GridBased of type NavfnPlanner
[planner_server-10] [INFO] [1789935236.721239475] [planner_server]: Creating bond (planner_server) to lifecycle manager.
[lifecycle_manager-18] [INFO] [1789935236.832479252] [lifecycle_manager_navigation]: Server planner_server connected with bond.
[lifecycle_manager-18] [INFO] [1789935236.832573766] [lifecycle_manager_navigation]: [34m[1mActivating route_server[0m[0m
[route_server-11] [INFO] [1789935236.833190853] [route_server]: Activating
[route_server-11] [INFO] [1789935236.833663328] [route_server]: Creating bond (route_server) to lifecycle manager.
[lifecycle_manager-18] [INFO] [1789935236.946446739] [lifecycle_manager_navigation]: Server route_server connected with bond.
[lifecycle_manager-18] [INFO] [1789935236.946514276] [lifecycle_manager_navigation]: [34m[1mActivating behavior_server[0m[0m
[behavior_server-12] [INFO] [1789935236.947167301] [behavior_server]: Activating
[behavior_server-12] [INFO] [1789935236.947222795] [behavior_server]: Activating spin
[behavior_server-12] [INFO] [1789935236.947257190] [behavior_server]: Activating backup
[behavior_server-12] [INFO] [1789935236.947271738] [behavior_server]: Activating drive_on_heading
[behavior_server-12] [INFO] [1789935236.947299293] [behavior_server]: Activating assisted_teleop
[behavior_server-12] [INFO] [1789935236.947344382] [behavior_server]: Activating wait
[behavior_server-12] [INFO] [1789935236.947422807] [behavior_server]: Creating bond (behavior_server) to lifecycle manager.
[lifecycle_manager-18] [INFO] [1789935237.062754631] [lifecycle_manager_navigation]: Server behavior_server connected with bond.
[lifecycle_manager-18] [INFO] [1789935237.062822939] [lifecycle_manager_navigation]: [34m[1mActivating velocity_smoother[0m[0m
[velocity_smoother-15] [INFO] [1789935237.063567780] [velocity_smoother]: Activating
[velocity_smoother-15] [INFO] [1789935237.063849781] [velocity_smoother]: Creating bond (velocity_smoother) to lifecycle manager.
[lifecycle_manager-18] [INFO] [1789935237.180789502] [lifecycle_manager_navigation]: Server velocity_smoother connected with bond.
[lifecycle_manager-18] [INFO] [1789935237.181868177] [lifecycle_manager_navigation]: [34m[1mActivating collision_monitor[0m[0m
[collision_monitor-16] [INFO] [1789935237.182372831] [collision_monitor]: Activating
[collision_monitor-16] [INFO] [1789935237.182528620] [collision_monitor]: Creating bond (collision_monitor) to lifecycle manager.
[lifecycle_manager-18] [INFO] [1789935237.300835472] [lifecycle_manager_navigation]: Server collision_monitor connected with bond.
[lifecycle_manager-18] [INFO] [1789935237.301064869] [lifecycle_manager_navigation]: [34m[1mActivating bt_navigator[0m[0m
[bt_navigator-13] [INFO] [1789935237.301677621] [bt_navigator]: Activating
[bt_navigator-13] [INFO] [1789935237.474271914] [bt_navigator]: Creating bond (bt_navigator) to lifecycle manager.
[lifecycle_manager-18] [INFO] [1789935237.586854543] [lifecycle_manager_navigation]: Server bt_navigator connected with bond.
[lifecycle_manager-18] [INFO] [1789935237.586984415] [lifecycle_manager_navigation]: [34m[1mActivating waypoint_follower[0m[0m
[waypoint_follower-14] [INFO] [1789935237.587745153] [waypoint_follower]: Activating
[waypoint_follower-14] [INFO] [1789935237.587991217] [waypoint_follower]: Creating bond (waypoint_follower) to lifecycle manager.
[lifecycle_manager-18] [INFO] [1789935237.710792453] [lifecycle_manager_navigation]: Server waypoint_follower connected with bond.
[lifecycle_manager-18] [INFO] [1789935237.710847273] [lifecycle_manager_navigation]: [34m[1mActivating docking_server[0m[0m
[opennav_docking-17] [INFO] [1789935237.711799159] [docking_server]: Activating docking_server
[opennav_docking-17] [INFO] [1789935237.749680833] [docking_server]: Creating bond (docking_server) to lifecycle manager.
[lifecycle_manager-18] [INFO] [1789935237.866113299] [lifecycle_manager_navigation]: Server docking_server connected with bond.
[lifecycle_manager-18] [INFO] [1789935237.866181896] [lifecycle_manager_navigation]: [34m[1mManaged nodes are active[0m[0m
[lifecycle_manager-18] [INFO] [1789935237.866252035] [lifecycle_manager_navigation]: [34m[1mCreating bond timer...[0m[0m
[INFO] [mission_executor-22]: process started with pid [165412]
[mission_executor-22] [INFO] [1789935239.822783851] [mission_executor]: mission run_20260920_221349: 0 scripted actions, scenario low_battery_start, logging /home/robojazzy/robofetch_ws_copy/robofetch_ws/logs/run_20260920_221349_mission.csv
[mission_executor-22] [INFO] [1789935239.824295210] [mission_executor]: waiting for Nav2, telemetry and the sections ...
[amcl-6] [INFO] [1789935240.827223721] [amcl]: initialPoseReceived
[amcl-6] [WARN] [1789935240.827568828] [amcl]: Failed to transform initial pose in time (Lookup would require extrapolation into the future.  Requested time 6.536000 but the latest data is at time 6.516000, when looking up transform from frame [base_footprint] to frame [odom])
[amcl-6] [INFO] [1789935240.827614495] [amcl]: Setting pose (6.536000): -5.225 -2.975 0.000
[mission_executor-22] [INFO] [1789935243.967136593] [mission_executor]: localised; starting mission
[mission_executor-22] [INFO] [1789935243.968895215] [mission_executor]: autonomous mode: deciding with 'ppo' at http://localhost:8001/decide before every action; planner NavfnDijkstra; shift 3600 s
[python-19] INFO:     127.0.0.1:38836 - "POST /decide HTTP/1.1" 200 OK
[mission_executor-22] [INFO] [1789935249.035362531] [mission_executor]: decision: PICKUP:B - PPO policy (probability 0.79)
[mission_executor-22] [INFO] [1789935249.035925402] [mission_executor]: [1] PICKUP:B from charger: predicted 15.2 m, 69 s, 0.19 Wh
[bt_navigator-13] [INFO] [1789935249.037984171] [bt_navigator]: Begin navigating from current location (-5.24, -2.98) to (6.03, 3.08)
[controller_server-8] [INFO] [1789935249.059808612] [controller_server]: Received a goal, begin computing control effort.
[controller_server-8] [WARN] [1789935249.059935091] [controller_server]: No goal checker was specified in parameter 'current_goal_checker'. Server will use only plugin loaded general_goal_checker . This warning will appear once.
[controller_server-8] [WARN] [1789935249.059954430] [controller_server]: No progress checker was specified in parameter 'current_progress_checker'. Server will use only plugin loaded progress_checker . This warning will appear once.
[parameter_bridge-4] [INFO] [1789935249.130404343] [ros_gz_bridge]: Passing message from ROS geometry_msgs/msg/Twist to Gazebo gz.msgs.Twist (showing msg only once per type)
[controller_server-8] [INFO] [1789935250.160194816] [controller_server]: Passing new path to controller.
[controller_server-8] [INFO] [1789935251.160173302] [controller_server]: Passing new path to controller.
[controller_server-8] [INFO] [1789935252.160187287] [controller_server]: Passing new path to controller.
[controller_server-8] [INFO] [1789935253.260203608] [controller_server]: Passing new path to controller.
[controller_server-8] [INFO] [1789935254.260175542] [controller_server]: Passing new path to controller.
[controller_server-8] [INFO] [1789935255.260214952] [controller_server]: Passing new path to controller.
[controller_server-8] [INFO] [1789935256.260256122] [controller_server]: Passing new path to controller.
[controller_server-8] [INFO] [1789935257.360186583] [controller_server]: Passing new path to controller.
[controller_server-8] [INFO] [1789935258.360194683] [controller_server]: Passing new path to controller.
[controller_server-8] [INFO] [1789935259.360513598] [controller_server]: Passing new path to controller.
[controller_server-8] [INFO] [1789935260.460155747] [controller_server]: Passing new path to controller.
[controller_server-8] [INFO] [1789935261.460208902] [controller_server]: Passing new path to controller.
[controller_server-8] [INFO] [1789935262.460202800] [controller_server]: Passing new path to controller.
[controller_server-8] [INFO] [1789935263.460206810] [controller_server]: Passing new path to controller.
[controller_server-8] [INFO] [1789935264.560167966] [controller_server]: Passing new path to controller.
[controller_server-8] [INFO] [1789935265.560159657] [controller_server]: Passing new path to controller.
[controller_server-8] [INFO] [1789935266.560215042] [controller_server]: Passing new path to controller.
[controller_server-8] [INFO] [1789935267.560247666] [controller_server]: Passing new path to controller.
[controller_server-8] [INFO] [1789935268.660170176] [controller_server]: Passing new path to controller.
[controller_server-8] [INFO] [1789935269.660220965] [controller_server]: Passing new path to controller.
[controller_server-8] [INFO] [1789935270.660215037] [controller_server]: Passing new path to controller.
[controller_server-8] [INFO] [1789935271.760210690] [controller_server]: Passing new path to controller.
[controller_server-8] [INFO] [1789935272.760188046] [controller_server]: Passing new path to controller.
[controller_server-8] [INFO] [1789935273.760168591] [controller_server]: Passing new path to controller.
[controller_server-8] [INFO] [1789935274.760388710] [controller_server]: Passing new path to controller.
[controller_server-8] [INFO] [1789935275.760719328] [controller_server]: Passing new path to controller.
[controller_server-8] [INFO] [1789935276.760305378] [controller_server]: Passing new path to controller.
[controller_server-8] [INFO] [1789935277.860202618] [controller_server]: Passing new path to controller.
[controller_server-8] [INFO] [1789935278.860217059] [controller_server]: Passing new path to controller.
[controller_server-8] [INFO] [1789935279.860149934] [controller_server]: Passing new path to controller.
[controller_server-8] [INFO] [1789935280.562277258] [controller_server]: Reached the goal!
[controller_server-8] [INFO] [1789935280.562884978] [controller_server]: Optimizer reset
[bt_navigator-13] [INFO] [1789935280.591019247] [bt_navigator]: Goal succeeded
[factory_node-20] [INFO] [1789935312.276720140] [factory]: pickup B: took 5 units (2.00 kg), 0 left
[mission_executor-22] [INFO] [1789935313.480429121] [mission_executor]: [1] PICKUP:B done: took 5 units (2.00 kg), 0 left | measured 15.0 m, 63 s, 0.18 Wh, battery 29.9 -> 29.1 %
[python-19] INFO:     127.0.0.1:47972 - "POST /decide HTTP/1.1" 200 OK
[mission_executor-22] [INFO] [1789935313.488083993] [mission_executor]: decision: PICKUP:A - PPO policy (probability 0.38)
[mission_executor-22] [INFO] [1789935313.488612351] [mission_executor]: [2] PICKUP:A from B: predicted 18.3 m, 77 s, 0.26 Wh
[bt_navigator-13] [INFO] [1789935313.489682406] [bt_navigator]: Begin navigating from current location (5.92, 2.90) to (-5.97, 3.08)
[controller_server-8] [INFO] [1789935313.511255621] [controller_server]: Received a goal, begin computing control effort.
[controller_server-8] [INFO] [1789935315.419814160] [controller_server]: Passing new path to controller.
[controller_server-8] [INFO] [1789935316.419875284] [controller_server]: Passing new path to controller.
[controller_server-8] [INFO] [1789935317.419912404] [controller_server]: Passing new path to controller.
[controller_server-8] [INFO] [1789935318.519888668] [controller_server]: Passing new path to controller.
[controller_server-8] [INFO] [1789935319.519836515] [controller_server]: Passing new path to controller.
[controller_server-8] [INFO] [1789935320.519838440] [controller_server]: Passing new path to controller.
[controller_server-8] [INFO] [1789935321.519874966] [controller_server]: Passing new path to controller.
[controller_server-8] [INFO] [1789935322.619891506] [controller_server]: Passing new path to controller.
[controller_server-8] [INFO] [1789935323.619841549] [controller_server]: Passing new path to controller.
[controller_server-8] [INFO] [1789935324.619808776] [controller_server]: Passing new path to controller.
[controller_server-8] [INFO] [1789935325.719892216] [controller_server]: Passing new path to controller.
[controller_server-8] [INFO] [1789935326.719785499] [controller_server]: Passing new path to controller.
[controller_server-8] [INFO] [1789935327.719834560] [controller_server]: Passing new path to controller.
[controller_server-8] [INFO] [1789935328.719866697] [controller_server]: Passing new path to controller.
[controller_server-8] [INFO] [1789935329.819856862] [controller_server]: Passing new path to controller.
[controller_server-8] [INFO] [1789935330.819857267] [controller_server]: Passing new path to controller.
[controller_server-8] [INFO] [1789935331.819983063] [controller_server]: Passing new path to controller.
[controller_server-8] [INFO] [1789935332.820058853] [controller_server]: Passing new path to controller.
[controller_server-8] [INFO] [1789935333.919787828] [controller_server]: Passing new path to controller.
[controller_server-8] [INFO] [1789935334.919865832] [controller_server]: Passing new path to controller.
[controller_server-8] [INFO] [1789935335.919816798] [controller_server]: Passing new path to controller.
[controller_server-8] [INFO] [1789935336.919782918] [controller_server]: Passing new path to controller.
[controller_server-8] [INFO] [1789935338.019814857] [controller_server]: Passing new path to controller.
[controller_server-8] [INFO] [1789935339.019819870] [controller_server]: Passing new path to controller.
[controller_server-8] [INFO] [1789935340.019802495] [controller_server]: Passing new path to controller.
[controller_server-8] [INFO] [1789935341.019825722] [controller_server]: Passing new path to controller.
[controller_server-8] [INFO] [1789935342.119872884] [controller_server]: Passing new path to controller.
[controller_server-8] [INFO] [1789935343.119819594] [controller_server]: Passing new path to controller.
[controller_server-8] [INFO] [1789935344.120798072] [controller_server]: Passing new path to controller.
[controller_server-8] [INFO] [1789935345.119849112] [controller_server]: Passing new path to controller.
[controller_server-8] [INFO] [1789935346.219807607] [controller_server]: Passing new path to controller.
[controller_server-8] [INFO] [1789935347.219815397] [controller_server]: Passing new path to controller.
[controller_server-8] [INFO] [1789935348.731454815] [controller_server]: Passing new path to controller.
[controller_server-8] [INFO] [1789935349.832094148] [controller_server]: Passing new path to controller.
[controller_server-8] [INFO] [1789935350.831467495] [controller_server]: Passing new path to controller.
[controller_server-8] [INFO] [1789935351.831433137] [controller_server]: Passing new path to controller.
[controller_server-8] [INFO] [1789935352.931677782] [controller_server]: Passing new path to controller.
[controller_server-8] [INFO] [1789935353.931461576] [controller_server]: Passing new path to controller.
[controller_server-8] [INFO] [1789935354.931401135] [controller_server]: Passing new path to controller.
[controller_server-8] [INFO] [1789935355.931443751] [controller_server]: Passing new path to controller.
[controller_server-8] [INFO] [1789935356.432869451] [controller_server]: Reached the goal!
[controller_server-8] [INFO] [1789935356.433097483] [controller_server]: Optimizer reset
[bt_navigator-13] [INFO] [1789935356.460116599] [bt_navigator]: Goal succeeded
[factory_node-20] [INFO] [1789935388.150020182] [factory]: pickup A: took 4 units (2.00 kg), 0 left
[mission_executor-22] [INFO] [1789935389.351960355] [mission_executor]: [2] PICKUP:A done: took 4 units (2.00 kg), 0 left | measured 17.9 m, 72 s, 0.25 Wh, battery 29.1 -> 28.0 %
[python-19] INFO:     127.0.0.1:53964 - "POST /decide HTTP/1.1" 200 OK
[mission_executor-22] [INFO] [1789935389.355895823] [mission_executor]: decision: PICKUP:B - PPO policy (probability 0.82)
[mission_executor-22] [INFO] [1789935389.356417337] [mission_executor]: [3] PICKUP:B from A: predicted 18.3 m, 77 s, 0.30 Wh
[bt_navigator-13] [INFO] [1789935389.357499694] [bt_navigator]: Begin navigating from current location (-5.83, 2.90) to (6.03, 3.08)
[controller_server-8] [INFO] [1789935389.378794816] [controller_server]: Received a goal, begin computing control effort.
[controller_server-8] [INFO] [1789935390.479126171] [controller_server]: Passing new path to controller.
[controller_server-8] [INFO] [1789935391.479139987] [controller_server]: Passing new path to controller.
[controller_server-8] [INFO] [1789935392.479106422] [controller_server]: Passing new path to controller.
[controller_server-8] [INFO] [1789935393.579123872] [controller_server]: Passing new path to controller.
[controller_server-8] [INFO] [1789935394.579185467] [controller_server]: Passing new path to controller.
[controller_server-8] [INFO] [1789935395.579130374] [controller_server]: Passing new path to controller.
[controller_server-8] [INFO] [1789935396.579123195] [controller_server]: Passing new path to controller.
[controller_server-8] [INFO] [1789935397.679184181] [controller_server]: Passing new path to controller.
[controller_server-8] [INFO] [1789935398.679184802] [controller_server]: Passing new path to controller.
[controller_server-8] [INFO] [1789935399.679164732] [controller_server]: Passing new path to controller.
[controller_server-8] [INFO] [1789935400.679125727] [controller_server]: Passing new path to controller.
[controller_server-8] [INFO] [1789935401.779158839] [controller_server]: Passing new path to controller.
[controller_server-8] [INFO] [1789935402.779163499] [controller_server]: Passing new path to controller.
[controller_server-8] [INFO] [1789935403.779125943] [controller_server]: Passing new path to controller.
[controller_server-8] [INFO] [1789935404.879145241] [controller_server]: Passing new path to controller.
[controller_server-8] [INFO] [1789935405.879135121] [controller_server]: Passing new path to controller.
[controller_server-8] [INFO] [1789935406.879127072] [controller_server]: Passing new path to controller.
[controller_server-8] [INFO] [1789935407.879160266] [controller_server]: Passing new path to controller.
[controller_server-8] [INFO] [1789935408.979147108] [controller_server]: Passing new path to controller.
[controller_server-8] [INFO] [1789935409.979175274] [controller_server]: Passing new path to controller.
[controller_server-8] [INFO] [1789935410.979125604] [controller_server]: Passing new path to controller.
[controller_server-8] [INFO] [1789935412.079148996] [controller_server]: Passing new path to controller.
[controller_server-8] [INFO] [1789935413.079133844] [controller_server]: Passing new path to controller.
[controller_server-8] [INFO] [1789935414.079121013] [controller_server]: Passing new path to controller.
[controller_server-8] [INFO] [1789935415.449570869] [controller_server]: Passing new path to controller.
[controller_server-8] [INFO] [1789935416.549635707] [controller_server]: Passing new path to controller.
[controller_server-8] [INFO] [1789935417.549610041] [controller_server]: Passing new path to controller.
[controller_server-8] [INFO] [1789935418.549646479] [controller_server]: Passing new path to controller.
[controller_server-8] [INFO] [1789935419.549599749] [controller_server]: Passing new path to controller.
[controller_server-8] [INFO] [1789935420.649635460] [controller_server]: Passing new path to controller.
[controller_server-8] [INFO] [1789935421.649607519] [controller_server]: Passing new path to controller.
[controller_server-8] [INFO] [1789935422.649577679] [controller_server]: Passing new path to controller.
[controller_server-8] [INFO] [1789935423.749584260] [controller_server]: Passing new path to controller.
[controller_server-8] [INFO] [1789935424.749602271] [controller_server]: Passing new path to controller.
[controller_server-8] [INFO] [1789935425.749646057] [controller_server]: Passing new path to controller.
[controller_server-8] [INFO] [1789935426.749587531] [controller_server]: Passing new path to controller.
[controller_server-8] [INFO] [1789935427.849615233] [controller_server]: Passing new path to controller.
[controller_server-8] [INFO] [1789935428.849579465] [controller_server]: Passing new path to controller.
[controller_server-8] [INFO] [1789935429.849568672] [controller_server]: Passing new path to controller.
[controller_server-8] [INFO] [1789935430.949572748] [controller_server]: Passing new path to controller.
[controller_server-8] [INFO] [1789935431.949744660] [controller_server]: Passing new path to controller.
[controller_server-8] [INFO] [1789935432.949555492] [controller_server]: Passing new path to controller.
[controller_server-8] [INFO] [1789935433.654004356] [controller_server]: Reached the goal!
[controller_server-8] [INFO] [1789935433.655129446] [controller_server]: Optimizer reset
[bt_navigator-13] [INFO] [1789935433.678607416] [bt_navigator]: Goal succeeded
[factory_node-20] [INFO] [1789935465.409741752] [factory]: pickup B: took 2 units (0.80 kg), 0 left
[mission_executor-22] [INFO] [1789935466.612466215] [mission_executor]: [3] PICKUP:B done: took 2 units (0.80 kg), 0 left | measured 18.4 m, 75 s, 0.30 Wh, battery 28.0 -> 26.6 %
[python-19] INFO:     127.0.0.1:47746 - "POST /decide HTTP/1.1" 200 OK
[mission_executor-22] [INFO] [1789935466.617427113] [mission_executor]: decision: DELIVER - PPO policy (probability 0.53)
[mission_executor-22] [INFO] [1789935466.618086600] [mission_executor]: [4] DELIVER from B: predicted 10.3 m, 56 s, 0.20 Wh
[bt_navigator-13] [INFO] [1789935466.619574321] [bt_navigator]: Begin navigating from current location (5.89, 2.92) to (-0.23, -3.98)
[controller_server-8] [INFO] [1789935466.640604820] [controller_server]: Received a goal, begin computing control effort.
[controller_server-8] [INFO] [1789935467.740748750] [controller_server]: Passing new path to controller.
[controller_server-8] [INFO] [1789935468.740786262] [controller_server]: Passing new path to controller.
[controller_server-8] [INFO] [1789935469.740761853] [controller_server]: Passing new path to controller.
[controller_server-8] [INFO] [1789935470.840787613] [controller_server]: Passing new path to controller.
[controller_server-8] [INFO] [1789935471.840818583] [controller_server]: Passing new path to controller.
[controller_server-8] [INFO] [1789935472.840816931] [controller_server]: Passing new path to controller.
[controller_server-8] [INFO] [1789935473.840794375] [controller_server]: Passing new path to controller.
[controller_server-8] [INFO] [1789935474.940785124] [controller_server]: Passing new path to controller.
[controller_server-8] [INFO] [1789935475.940850105] [controller_server]: Passing new path to controller.
[controller_server-8] [INFO] [1789935476.940808361] [controller_server]: Passing new path to controller.
[controller_server-8] [INFO] [1789935477.940803062] [controller_server]: Passing new path to controller.
[controller_server-8] [INFO] [1789935479.040813242] [controller_server]: Passing new path to controller.
[controller_server-8] [INFO] [1789935480.040771981] [controller_server]: Passing new path to controller.
[controller_server-8] [INFO] [1789935481.040870675] [controller_server]: Passing new path to controller.
[controller_server-8] [INFO] [1789935482.315775630] [controller_server]: Passing new path to controller.
[controller_server-8] [INFO] [1789935483.315774334] [controller_server]: Passing new path to controller.
[controller_server-8] [INFO] [1789935484.315777095] [controller_server]: Passing new path to controller.
[controller_server-8] [INFO] [1789935485.315770831] [controller_server]: Passing new path to controller.
[controller_server-8] [INFO] [1789935486.415723116] [controller_server]: Passing new path to controller.
[controller_server-8] [INFO] [1789935487.415726586] [controller_server]: Passing new path to controller.
[controller_server-8] [INFO] [1789935488.415742327] [controller_server]: Passing new path to controller.
[controller_server-8] [INFO] [1789935489.515734800] [controller_server]: Passing new path to controller.
[controller_server-8] [INFO] [1789935490.515796073] [controller_server]: Passing new path to controller.
[controller_server-8] [INFO] [1789935491.515776224] [controller_server]: Passing new path to controller.
[controller_server-8] [INFO] [1789935492.515737796] [controller_server]: Passing new path to controller.
[controller_server-8] [INFO] [1789935493.515705027] [controller_server]: Passing new path to controller.
[controller_server-8] [INFO] [1789935494.016675280] [controller_server]: Reached the goal!
[controller_server-8] [INFO] [1789935494.017007241] [controller_server]: Optimizer reset
[bt_navigator-13] [INFO] [1789935494.045162928] [bt_navigator]: Goal succeeded
[mission_executor-22] [INFO] [1789935526.947797699] [mission_executor]: [4] DELIVER done: delivered 11 units | measured 10.2 m, 58 s, 0.20 Wh, battery 26.6 -> 25.6 %
[python-19] INFO:     127.0.0.1:34834 - "POST /decide HTTP/1.1" 200 OK
[mission_executor-22] [INFO] [1789935526.952883069] [mission_executor]: decision: CHARGE:40 - PPO policy (probability 0.65)
[mission_executor-22] [INFO] [1789935526.953442334] [mission_executor]: [5] CHARGE:40 from delivery: predicted 5.1 m, 620 s, 0.05 Wh
[bt_navigator-13] [INFO] [1789935526.954384249] [bt_navigator]: Begin navigating from current location (-0.19, -3.85) to (-5.22, -2.98)
[controller_server-8] [INFO] [1789935526.975349355] [controller_server]: Received a goal, begin computing control effort.
[controller_server-8] [INFO] [1789935528.075553766] [controller_server]: Passing new path to controller.
[controller_server-8] [INFO] [1789935529.075574526] [controller_server]: Passing new path to controller.
[controller_server-8] [INFO] [1789935530.075587383] [controller_server]: Passing new path to controller.
[controller_server-8] [INFO] [1789935531.175589662] [controller_server]: Passing new path to controller.
[controller_server-8] [INFO] [1789935532.175568126] [controller_server]: Passing new path to controller.
[controller_server-8] [INFO] [1789935533.175592930] [controller_server]: Passing new path to controller.
[controller_server-8] [INFO] [1789935534.175573812] [controller_server]: Passing new path to controller.
[controller_server-8] [INFO] [1789935535.275562517] [controller_server]: Passing new path to controller.
[controller_server-8] [INFO] [1789935536.275864164] [controller_server]: Passing new path to controller.
[controller_server-8] [INFO] [1789935537.275559077] [controller_server]: Passing new path to controller.
[controller_server-8] [INFO] [1789935538.275531023] [controller_server]: Passing new path to controller.
[controller_server-8] [INFO] [1789935539.275594901] [controller_server]: Passing new path to controller.
[controller_server-8] [INFO] [1789935540.375588848] [controller_server]: Passing new path to controller.
[controller_server-8] [INFO] [1789935541.176364664] [controller_server]: Reached the goal!
[controller_server-8] [INFO] [1789935541.176568603] [controller_server]: Optimizer reset
[bt_navigator-13] [INFO] [1789935541.204830539] [bt_navigator]: Goal succeeded
[mission_executor-22] [INFO] [1789936175.848598950] [mission_executor]: [5] CHARGE:40 done: charged to 40.0 % | measured 5.2 m, 624 s, 0.05 Wh, battery 25.6 -> 40.0 %
[python-19] INFO:     127.0.0.1:46798 - "POST /decide HTTP/1.1" 200 OK
[mission_executor-22] [INFO] [1789936175.861679870] [mission_executor]: decision: PICKUP:B - PPO policy (probability 0.79)
[mission_executor-22] [INFO] [1789936175.862813623] [mission_executor]: [6] PICKUP:B from charger: predicted 15.2 m, 69 s, 0.19 Wh
[bt_navigator-13] [INFO] [1789936175.865084995] [bt_navigator]: Begin navigating from current location (-5.16, -2.92) to (6.03, 3.08)
[controller_server-8] [INFO] [1789936175.888943671] [controller_server]: Received a goal, begin computing control effort.
[controller_server-8] [INFO] [1789936176.989499388] [controller_server]: Passing new path to controller.
[controller_server-8] [INFO] [1789936177.989529765] [controller_server]: Passing new path to controller.
[controller_server-8] [INFO] [1789936178.989495068] [controller_server]: Passing new path to controller.
[controller_server-8] [INFO] [1789936180.089494537] [controller_server]: Passing new path to controller.
[controller_server-8] [INFO] [1789936181.089731954] [controller_server]: Passing new path to controller.
[controller_server-8] [INFO] [1789936182.089719006] [controller_server]: Passing new path to controller.
[controller_server-8] [INFO] [1789936183.915291987] [controller_server]: Passing new path to controller.
[controller_server-8] [INFO] [1789936185.015312521] [controller_server]: Passing new path to controller.
[controller_server-8] [INFO] [1789936186.015270778] [controller_server]: Passing new path to controller.
[controller_server-8] [INFO] [1789936187.015269909] [controller_server]: Passing new path to controller.
[controller_server-8] [INFO] [1789936188.015334867] [controller_server]: Passing new path to controller.
[controller_server-8] [INFO] [1789936189.115239216] [controller_server]: Passing new path to controller.
[controller_server-8] [INFO] [1789936190.115270093] [controller_server]: Passing new path to controller.
[controller_server-8] [INFO] [1789936191.115400109] [controller_server]: Passing new path to controller.
[controller_server-8] [INFO] [1789936192.115189999] [controller_server]: Passing new path to controller.
[controller_server-8] [INFO] [1789936193.215348477] [controller_server]: Passing new path to controller.
[controller_server-8] [INFO] [1789936194.215259536] [controller_server]: Passing new path to controller.
[controller_server-8] [INFO] [1789936195.215270315] [controller_server]: Passing new path to controller.
[controller_server-8] [INFO] [1789936196.315276895] [controller_server]: Passing new path to controller.
[controller_server-8] [INFO] [1789936197.316945939] [controller_server]: Passing new path to controller.
[controller_server-8] [INFO] [1789936198.315238390] [controller_server]: Passing new path to controller.
[controller_server-8] [INFO] [1789936199.315280687] [controller_server]: Passing new path to controller.
[controller_server-8] [INFO] [1789936200.415330779] [controller_server]: Passing new path to controller.
[controller_server-8] [INFO] [1789936201.415283023] [controller_server]: Passing new path to controller.
[controller_server-8] [INFO] [1789936202.415254592] [controller_server]: Passing new path to controller.
[controller_server-8] [INFO] [1789936203.415280675] [controller_server]: Passing new path to controller.
[controller_server-8] [INFO] [1789936204.515359088] [controller_server]: Passing new path to controller.
[controller_server-8] [INFO] [1789936205.515304116] [controller_server]: Passing new path to controller.
[controller_server-8] [INFO] [1789936206.515278710] [controller_server]: Passing new path to controller.
[controller_server-8] [INFO] [1789936207.515288280] [controller_server]: Passing new path to controller.
[controller_server-8] [INFO] [1789936208.516352072] [controller_server]: Reached the goal!
[controller_server-8] [INFO] [1789936208.516581641] [controller_server]: Optimizer reset
[controller_server-8] [INFO] [1789936208.521934195] [controller_server]: Received a goal, begin computing control effort.
[controller_server-8] [INFO] [1789936208.523494608] [controller_server]: Reached the goal!
[controller_server-8] [INFO] [1789936208.523739057] [controller_server]: Optimizer reset
[bt_navigator-13] [INFO] [1789936208.551661171] [bt_navigator]: Goal succeeded
[factory_node-20] [INFO] [1789936240.342885934] [factory]: pickup B: took 6 units (2.40 kg), 0 left
[mission_executor-22] [INFO] [1789936241.553562804] [mission_executor]: [6] PICKUP:B done: took 6 units (2.40 kg), 0 left | measured 15.0 m, 63 s, 0.18 Wh, battery 40.0 -> 39.2 %
[python-19] INFO:     127.0.0.1:55776 - "POST /decide HTTP/1.1" 200 OK
[mission_executor-22] [INFO] [1789936241.563511202] [mission_executor]: decision: PICKUP:A - PPO policy (probability 0.47)
[mission_executor-22] [INFO] [1789936241.564467016] [mission_executor]: [7] PICKUP:A from B: predicted 18.3 m, 77 s, 0.27 Wh
[bt_navigator-13] [INFO] [1789936241.566202764] [bt_navigator]: Begin navigating from current location (5.89, 2.91) to (-5.97, 3.08)
[controller_server-8] [INFO] [1789936241.588083740] [controller_server]: Received a goal, begin computing control effort.
[controller_server-8] [INFO] [1789936242.688356980] [controller_server]: Passing new path to controller.
[controller_server-8] [INFO] [1789936243.688378269] [controller_server]: Passing new path to controller.
[controller_server-8] [INFO] [1789936244.688519439] [controller_server]: Passing new path to controller.
[controller_server-8] [INFO] [1789936245.788334672] [controller_server]: Passing new path to controller.
[controller_server-8] [INFO] [1789936246.788352556] [controller_server]: Passing new path to controller.
[controller_server-8] [INFO] [1789936247.788509959] [controller_server]: Passing new path to controller.
[controller_server-8] [INFO] [1789936248.788334699] [controller_server]: Passing new path to controller.
[controller_server-8] [INFO] [1789936250.814215850] [controller_server]: Passing new path to controller.
[controller_server-8] [INFO] [1789936251.814261657] [controller_server]: Passing new path to controller.
[controller_server-8] [INFO] [1789936252.814267463] [controller_server]: Passing new path to controller.
[controller_server-8] [INFO] [1789936253.914988364] [controller_server]: Passing new path to controller.
[controller_server-8] [INFO] [1789936254.914203016] [controller_server]: Passing new path to controller.
[controller_server-8] [INFO] [1789936255.914285108] [controller_server]: Passing new path to controller.
[controller_server-8] [INFO] [1789936257.014226719] [controller_server]: Passing new path to controller.
[controller_server-8] [INFO] [1789936258.014243339] [controller_server]: Passing new path to controller.
[controller_server-8] [INFO] [1789936259.014296558] [controller_server]: Passing new path to controller.
[controller_server-8] [INFO] [1789936260.114279788] [controller_server]: Passing new path to controller.
[controller_server-8] [INFO] [1789936261.114279897] [controller_server]: Passing new path to controller.
[controller_server-8] [INFO] [1789936262.114223292] [controller_server]: Passing new path to controller.
[controller_server-8] [INFO] [1789936263.114339822] [controller_server]: Passing new path to controller.
[controller_server-8] [INFO] [1789936264.214290723] [controller_server]: Passing new path to controller.
[controller_server-8] [INFO] [1789936265.214258423] [controller_server]: Passing new path to controller.
[controller_server-8] [INFO] [1789936266.214278147] [controller_server]: Passing new path to controller.
[controller_server-8] [INFO] [1789936267.314262056] [controller_server]: Passing new path to controller.
[controller_server-8] [INFO] [1789936268.314257457] [controller_server]: Passing new path to controller.
[controller_server-8] [INFO] [1789936269.314259711] [controller_server]: Passing new path to controller.
[controller_server-8] [INFO] [1789936270.314253953] [controller_server]: Passing new path to controller.
[controller_server-8] [INFO] [1789936271.414303309] [controller_server]: Passing new path to controller.
[controller_server-8] [INFO] [1789936272.414235502] [controller_server]: Passing new path to controller.
[controller_server-8] [INFO] [1789936273.414281960] [controller_server]: Passing new path to controller.
[controller_server-8] [INFO] [1789936274.414663971] [controller_server]: Passing new path to controller.
[controller_server-8] [INFO] [1789936275.514295163] [controller_server]: Passing new path to controller.
[controller_server-8] [INFO] [1789936276.514212977] [controller_server]: Passing new path to controller.
[controller_server-8] [INFO] [1789936277.514594409] [controller_server]: Passing new path to controller.
[controller_server-8] [INFO] [1789936278.514267487] [controller_server]: Passing new path to controller.
[controller_server-8] [INFO] [1789936279.514260755] [controller_server]: Passing new path to controller.
[controller_server-8] [INFO] [1789936280.614300013] [controller_server]: Passing new path to controller.
[controller_server-8] [INFO] [1789936281.614275901] [controller_server]: Passing new path to controller.
[controller_server-8] [INFO] [1789936282.615328261] [controller_server]: Passing new path to controller.
[controller_server-8] [INFO] [1789936284.170181087] [controller_server]: Passing new path to controller.
[controller_server-8] [INFO] [1789936285.071256973] [controller_server]: Reached the goal!
[controller_server-8] [INFO] [1789936285.071496136] [controller_server]: Optimizer reset
[bt_navigator-13] [INFO] [1789936285.099112083] [bt_navigator]: Goal succeeded
[factory_node-20] [INFO] [1789936315.732834028] [factory]: pickup A: took 5 units (2.50 kg), 0 left
[mission_executor-22] [INFO] [1789936318.103477203] [mission_executor]: [7] PICKUP:A done: took 5 units (2.50 kg), 0 left | measured 18.1 m, 73 s, 0.26 Wh, battery 39.2 -> 38.0 %
[python-19] INFO:     127.0.0.1:42226 - "POST /decide HTTP/1.1" 200 OK
[mission_executor-22] [INFO] [1789936318.108863135] [mission_executor]: decision: DELIVER - PPO policy (probability 0.85)
[mission_executor-22] [INFO] [1789936318.109913728] [mission_executor]: [8] DELIVER from A: predicted 10.0 m, 56 s, 0.20 Wh
[bt_navigator-13] [INFO] [1789936318.111297170] [bt_navigator]: Begin navigating from current location (-5.85, 3.07) to (-0.23, -3.98)
[controller_server-8] [INFO] [1789936318.132964978] [controller_server]: Received a goal, begin computing control effort.
[controller_server-8] [INFO] [1789936319.233361300] [controller_server]: Passing new path to controller.
[controller_server-8] [INFO] [1789936320.233352252] [controller_server]: Passing new path to controller.
[controller_server-8] [INFO] [1789936321.233439161] [controller_server]: Passing new path to controller.
[controller_server-8] [INFO] [1789936322.233419102] [controller_server]: Passing new path to controller.
[controller_server-8] [INFO] [1789936323.333397983] [controller_server]: Passing new path to controller.
[controller_server-8] [INFO] [1789936324.333381110] [controller_server]: Passing new path to controller.
[controller_server-8] [INFO] [1789936325.333385765] [controller_server]: Passing new path to controller.
[controller_server-8] [INFO] [1789936326.433382507] [controller_server]: Passing new path to controller.
[controller_server-8] [INFO] [1789936327.433379053] [controller_server]: Passing new path to controller.
[controller_server-8] [INFO] [1789936328.433399398] [controller_server]: Passing new path to controller.
[controller_server-8] [INFO] [1789936329.533398149] [controller_server]: Passing new path to controller.
[controller_server-8] [INFO] [1789936330.533381522] [controller_server]: Passing new path to controller.
[controller_server-8] [INFO] [1789936331.533379851] [controller_server]: Passing new path to controller.
[controller_server-8] [INFO] [1789936332.533373645] [controller_server]: Passing new path to controller.
[controller_server-8] [INFO] [1789936333.633322990] [controller_server]: Passing new path to controller.
[controller_server-8] [INFO] [1789936334.633370725] [controller_server]: Passing new path to controller.
[controller_server-8] [INFO] [1789936335.633377739] [controller_server]: Passing new path to controller.
[controller_server-8] [INFO] [1789936336.633392235] [controller_server]: Passing new path to controller.
[controller_server-8] [INFO] [1789936337.733395029] [controller_server]: Passing new path to controller.
[controller_server-8] [INFO] [1789936338.733967046] [controller_server]: Passing new path to controller.
[controller_server-8] [INFO] [1789936339.733418563] [controller_server]: Passing new path to controller.
[controller_server-8] [INFO] [1789936340.736532495] [controller_server]: Passing new path to controller.
[controller_server-8] [INFO] [1789936341.833374658] [controller_server]: Passing new path to controller.
[controller_server-8] [INFO] [1789936342.833412282] [controller_server]: Passing new path to controller.
[controller_server-8] [INFO] [1789936343.833406586] [controller_server]: Passing new path to controller.
[controller_server-8] [INFO] [1789936344.434740963] [controller_server]: Reached the goal!
[controller_server-8] [INFO] [1789936344.434999399] [controller_server]: Optimizer reset
[bt_navigator-13] [INFO] [1789936344.462173133] [bt_navigator]: Goal succeeded
[mission_executor-22] [INFO] [1789936377.882412259] [mission_executor]: [8] DELIVER done: delivered 11 units | measured 10.2 m, 58 s, 0.21 Wh, battery 38.0 -> 37.1 %
[python-19] INFO:     127.0.0.1:39858 - "POST /decide HTTP/1.1" 200 OK
[mission_executor-22] [INFO] [1789936377.926675172] [mission_executor]: decision: CHARGE:40 - PPO policy (probability 0.37)
[mission_executor-22] [INFO] [1789936377.932812478] [mission_executor]: [9] CHARGE:40 from delivery: predicted 5.1 m, 145 s, 0.05 Wh
[bt_navigator-13] [INFO] [1789936377.935201949] [bt_navigator]: Begin navigating from current location (-0.29, -3.83) to (-5.22, -2.98)
[controller_server-8] [INFO] [1789936377.956945508] [controller_server]: Received a goal, begin computing control effort.
[controller_server-8] [INFO] [1789936379.057146377] [controller_server]: Passing new path to controller.
[controller_server-8] [INFO] [1789936380.057139808] [controller_server]: Passing new path to controller.
[controller_server-8] [INFO] [1789936381.057157766] [controller_server]: Passing new path to controller.
[controller_server-8] [INFO] [1789936382.157139531] [controller_server]: Passing new path to controller.
[controller_server-8] [INFO] [1789936383.157137886] [controller_server]: Passing new path to controller.
[controller_server-8] [INFO] [1789936384.418085324] [controller_server]: Passing new path to controller.
[controller_server-8] [INFO] [1789936385.418100192] [controller_server]: Passing new path to controller.
[controller_server-8] [INFO] [1789936386.518091614] [controller_server]: Passing new path to controller.
[controller_server-8] [INFO] [1789936387.518100292] [controller_server]: Passing new path to controller.
[controller_server-8] [INFO] [1789936388.518162087] [controller_server]: Passing new path to controller.
[controller_server-8] [INFO] [1789936389.518090067] [controller_server]: Passing new path to controller.
[controller_server-8] [INFO] [1789936390.618081229] [controller_server]: Passing new path to controller.
[controller_server-8] [INFO] [1789936391.618500832] [controller_server]: Passing new path to controller.
[controller_server-8] [INFO] [1789936392.618115031] [controller_server]: Passing new path to controller.
[controller_server-8] [INFO] [1789936393.620852659] [controller_server]: Passing new path to controller.
[controller_server-8] [INFO] [1789936394.026460428] [controller_server]: Reached the goal!
[controller_server-8] [INFO] [1789936394.028215481] [controller_server]: Optimizer reset
[bt_navigator-13] [INFO] [1789936394.056965204] [bt_navigator]: Goal succeeded
[mission_executor-22] [INFO] [1789936534.147554434] [mission_executor]: [9] CHARGE:40 done: charged to 40.0 % | measured 5.2 m, 149 s, 0.05 Wh, battery 37.1 -> 40.0 %
[python-19] INFO:     127.0.0.1:44576 - "POST /decide HTTP/1.1" 200 OK
[mission_executor-22] [INFO] [1789936534.155464435] [mission_executor]: decision: PICKUP:B - PPO policy (probability 0.74)
[mission_executor-22] [INFO] [1789936534.155989916] [mission_executor]: [10] PICKUP:B from charger: predicted 15.2 m, 69 s, 0.19 Wh
[bt_navigator-13] [INFO] [1789936534.157646141] [bt_navigator]: Begin navigating from current location (-5.17, -2.95) to (6.03, 3.08)
[controller_server-8] [INFO] [1789936534.179380338] [controller_server]: Received a goal, begin computing control effort.
[controller_server-8] [INFO] [1789936535.279801385] [controller_server]: Passing new path to controller.
[controller_server-8] [INFO] [1789936536.279782615] [controller_server]: Passing new path to controller.
[controller_server-8] [INFO] [1789936537.279788629] [controller_server]: Passing new path to controller.
[controller_server-8] [INFO] [1789936538.379793836] [controller_server]: Passing new path to controller.
[controller_server-8] [INFO] [1789936539.379790014] [controller_server]: Passing new path to controller.
[controller_server-8] [INFO] [1789936540.379784166] [controller_server]: Passing new path to controller.
[controller_server-8] [INFO] [1789936541.479799306] [controller_server]: Passing new path to controller.
[controller_server-8] [INFO] [1789936542.479793362] [controller_server]: Passing new path to controller.
[controller_server-8] [INFO] [1789936543.479790118] [controller_server]: Passing new path to controller.
[controller_server-8] [INFO] [1789936544.479834872] [controller_server]: Passing new path to controller.
[controller_server-8] [INFO] [1789936545.579861013] [controller_server]: Passing new path to controller.
[controller_server-8] [INFO] [1789936546.579794018] [controller_server]: Passing new path to controller.
[controller_server-8] [INFO] [1789936547.579814201] [controller_server]: Passing new path to controller.
[controller_server-8] [INFO] [1789936548.579787272] [controller_server]: Passing new path to controller.
[controller_server-8] [INFO] [1789936549.679833880] [controller_server]: Passing new path to controller.
[controller_server-8] [INFO] [1789936551.551977126] [controller_server]: Passing new path to controller.
[controller_server-8] [INFO] [1789936552.551900959] [controller_server]: Passing new path to controller.
[controller_server-8] [INFO] [1789936553.551907703] [controller_server]: Passing new path to controller.
[controller_server-8] [INFO] [1789936554.651942680] [controller_server]: Passing new path to controller.
[controller_server-8] [INFO] [1789936555.651897327] [controller_server]: Passing new path to controller.
[controller_server-8] [INFO] [1789936556.651950446] [controller_server]: Passing new path to controller.
[controller_server-8] [INFO] [1789936557.751934732] [controller_server]: Passing new path to controller.
[controller_server-8] [INFO] [1789936558.752900277] [controller_server]: Passing new path to controller.
[controller_server-8] [INFO] [1789936559.751939107] [controller_server]: Passing new path to controller.
[controller_server-8] [INFO] [1789936560.751926228] [controller_server]: Passing new path to controller.
[controller_server-8] [INFO] [1789936561.751918850] [controller_server]: Passing new path to controller.
[controller_server-8] [INFO] [1789936562.851914935] [controller_server]: Passing new path to controller.
[controller_server-8] [INFO] [1789936563.851941679] [controller_server]: Passing new path to controller.
[controller_server-8] [INFO] [1789936564.851963233] [controller_server]: Passing new path to controller.
[controller_server-8] [INFO] [1789936565.851958162] [controller_server]: Passing new path to controller.
[controller_server-8] [INFO] [1789936566.553434661] [controller_server]: Reached the goal!
[controller_server-8] [INFO] [1789936566.553674285] [controller_server]: Optimizer reset
[bt_navigator-13] [INFO] [1789936566.580919960] [bt_navigator]: Goal succeeded
[factory_node-20] [INFO] [1789936598.445412717] [factory]: pickup B: took 3 units (1.20 kg), 0 left
[mission_executor-22] [INFO] [1789936599.648268957] [mission_executor]: [10] PICKUP:B done: took 3 units (1.20 kg), 0 left | measured 14.9 m, 63 s, 0.18 Wh, battery 40.0 -> 39.2 %
[python-19] INFO:     127.0.0.1:60478 - "POST /decide HTTP/1.1" 200 OK
[mission_executor-22] [INFO] [1789936599.652595066] [mission_executor]: decision: DELIVER - PPO policy (probability 0.41)
[mission_executor-22] [INFO] [1789936599.653395100] [mission_executor]: [11] DELIVER from B: predicted 10.3 m, 56 s, 0.16 Wh
[bt_navigator-13] [INFO] [1789936599.654694419] [bt_navigator]: Begin navigating from current location (5.90, 2.91) to (-0.23, -3.98)
[controller_server-8] [INFO] [1789936599.675799713] [controller_server]: Received a goal, begin computing control effort.
[controller_server-8] [INFO] [1789936600.775985909] [controller_server]: Passing new path to controller.
[controller_server-8] [INFO] [1789936601.775973690] [controller_server]: Passing new path to controller.
[controller_server-8] [INFO] [1789936602.776012421] [controller_server]: Passing new path to controller.
[controller_server-8] [INFO] [1789936603.876046319] [controller_server]: Passing new path to controller.
[controller_server-8] [INFO] [1789936604.875977899] [controller_server]: Passing new path to controller.
[controller_server-8] [INFO] [1789936605.876007048] [controller_server]: Passing new path to controller.
[controller_server-8] [INFO] [1789936606.876024520] [controller_server]: Passing new path to controller.
[controller_server-8] [INFO] [1789936607.976140933] [controller_server]: Passing new path to controller.
[controller_server-8] [INFO] [1789936608.976034874] [controller_server]: Passing new path to controller.
[controller_server-8] [INFO] [1789936609.975981769] [controller_server]: Passing new path to controller.
[controller_server-8] [INFO] [1789936610.976296450] [controller_server]: Passing new path to controller.
[controller_server-8] [INFO] [1789936612.076018605] [controller_server]: Passing new path to controller.
[controller_server-8] [INFO] [1789936613.076045249] [controller_server]: Passing new path to controller.
[controller_server-8] [INFO] [1789936614.076016766] [controller_server]: Passing new path to controller.
[controller_server-8] [INFO] [1789936615.075980144] [controller_server]: Passing new path to controller.
[controller_server-8] [INFO] [1789936616.175984814] [controller_server]: Passing new path to controller.
[controller_server-8] [WARN] [1789936618.330930726] [controller_server]: [follow_path] [ActionServer] Aborting handle.
[controller_server-8] [INFO] [1789936618.341386405] [controller_server]: Passing new path to controller.
[controller_server-8] [INFO] [1789936619.441400747] [controller_server]: Passing new path to controller.
[controller_server-8] [INFO] [1789936620.441409859] [controller_server]: Passing new path to controller.
[controller_server-8] [INFO] [1789936621.441400642] [controller_server]: Passing new path to controller.
[controller_server-8] [INFO] [1789936622.441392705] [controller_server]: Passing new path to controller.
[controller_server-8] [INFO] [1789936623.541384812] [controller_server]: Passing new path to controller.
[controller_server-8] [INFO] [1789936624.541399543] [controller_server]: Passing new path to controller.
[controller_server-8] [INFO] [1789936625.541372191] [controller_server]: Passing new path to controller.
[controller_server-8] [INFO] [1789936626.541374342] [controller_server]: Passing new path to controller.
[controller_server-8] [INFO] [1789936627.042435253] [controller_server]: Reached the goal!
[controller_server-8] [INFO] [1789936627.042660398] [controller_server]: Optimizer reset
[bt_navigator-13] [INFO] [1789936627.070791817] [bt_navigator]: Goal succeeded
[mission_executor-22] [INFO] [1789936660.110378632] [mission_executor]: [11] DELIVER done: delivered 3 units | measured 10.3 m, 58 s, 0.16 Wh, battery 39.2 -> 38.4 %
[python-19] INFO:     127.0.0.1:57294 - "POST /decide HTTP/1.1" 200 OK
[mission_executor-22] [INFO] [1789936660.116916577] [mission_executor]: decision: PICKUP:C - PPO policy (probability 0.57)
[mission_executor-22] [INFO] [1789936660.118039124] [mission_executor]: [12] PICKUP:C from delivery: predicted 6.3 m, 46 s, 0.11 Wh
[bt_navigator-13] [INFO] [1789936660.119236013] [bt_navigator]: Begin navigating from current location (-0.17, -3.86) to (6.03, -3.42)
[controller_server-8] [INFO] [1789936660.140463816] [controller_server]: Received a goal, begin computing control effort.
[controller_server-8] [INFO] [1789936661.240777642] [controller_server]: Passing new path to controller.
[controller_server-8] [INFO] [1789936662.240670013] [controller_server]: Passing new path to controller.
[controller_server-8] [INFO] [1789936663.242598135] [controller_server]: Passing new path to controller.
[controller_server-8] [INFO] [1789936664.340715802] [controller_server]: Passing new path to controller.
[controller_server-8] [INFO] [1789936665.340691730] [controller_server]: Passing new path to controller.
[controller_server-8] [INFO] [1789936666.340679349] [controller_server]: Passing new path to controller.
[controller_server-8] [INFO] [1789936667.340700889] [controller_server]: Passing new path to controller.
[controller_server-8] [INFO] [1789936668.440737690] [controller_server]: Passing new path to controller.
[controller_server-8] [INFO] [1789936669.440674636] [controller_server]: Passing new path to controller.
[controller_server-8] [INFO] [1789936670.440703593] [controller_server]: Passing new path to controller.
[controller_server-8] [INFO] [1789936671.440698892] [controller_server]: Passing new path to controller.
[controller_server-8] [INFO] [1789936672.540648497] [controller_server]: Passing new path to controller.
[controller_server-8] [INFO] [1789936673.540674404] [controller_server]: Passing new path to controller.
[controller_server-8] [INFO] [1789936674.540692682] [controller_server]: Passing new path to controller.
[collision_monitor-16] [INFO] [1789936674.951732392] [collision_monitor]: Robot to approach for 1.200000 seconds away from collision
[collision_monitor-16] [INFO] [1789936675.311680236] [collision_monitor]: Robot to continue normal operation
[controller_server-8] [INFO] [1789936675.540709474] [controller_server]: Passing new path to controller.
[controller_server-8] [INFO] [1789936676.442495316] [controller_server]: Reached the goal!
[controller_server-8] [INFO] [1789936676.442698486] [controller_server]: Optimizer reset
[bt_navigator-13] [INFO] [1789936676.470045403] [bt_navigator]: Goal succeeded
[factory_node-20] [INFO] [1789936708.340925981] [factory]: pickup C: took 2 units (3.00 kg), 0 left
[mission_executor-22] [INFO] [1789936709.543161845] [mission_executor]: [12] PICKUP:C done: took 2 units (3.00 kg), 0 left | measured 6.4 m, 48 s, 0.11 Wh, battery 38.4 -> 37.9 %
[python-19] INFO:     127.0.0.1:43132 - "POST /decide HTTP/1.1" 200 OK
[mission_executor-22] [INFO] [1789936709.550939638] [mission_executor]: decision: PICKUP:B - PPO policy (probability 0.78)
[mission_executor-22] [INFO] [1789936709.551661211] [mission_executor]: [13] PICKUP:B from C: predicted 9.2 m, 54 s, 0.17 Wh
[bt_navigator-13] [INFO] [1789936709.553415826] [bt_navigator]: Begin navigating from current location (6.06, -3.33) to (6.03, 3.08)
[controller_server-8] [INFO] [1789936709.574501147] [controller_server]: Received a goal, begin computing control effort.
[controller_server-8] [INFO] [1789936710.674677215] [controller_server]: Passing new path to controller.
[controller_server-8] [INFO] [1789936711.674730032] [controller_server]: Passing new path to controller.
[controller_server-8] [INFO] [1789936712.674692906] [controller_server]: Passing new path to controller.
[controller_server-8] [INFO] [1789936713.674668049] [controller_server]: Passing new path to controller.
[controller_server-8] [INFO] [1789936714.774706255] [controller_server]: Passing new path to controller.
[controller_server-8] [INFO] [1789936715.774721298] [controller_server]: Passing new path to controller.
[controller_server-8] [INFO] [1789936716.774745132] [controller_server]: Passing new path to controller.
[controller_server-8] [INFO] [1789936718.567824185] [controller_server]: Passing new path to controller.
[controller_server-8] [INFO] [1789936719.567832312] [controller_server]: Passing new path to controller.
[controller_server-8] [INFO] [1789936720.567842491] [controller_server]: Passing new path to controller.
[controller_server-8] [INFO] [1789936721.567807394] [controller_server]: Passing new path to controller.
[controller_server-8] [INFO] [1789936722.670068215] [controller_server]: Passing new path to controller.
[controller_server-8] [INFO] [1789936723.667888335] [controller_server]: Passing new path to controller.
[controller_server-8] [INFO] [1789936724.667832287] [controller_server]: Passing new path to controller.
[controller_server-8] [INFO] [1789936725.667840565] [controller_server]: Passing new path to controller.
[controller_server-8] [INFO] [1789936726.667776523] [controller_server]: Passing new path to controller.
[controller_server-8] [INFO] [1789936727.767814503] [controller_server]: Passing new path to controller.
[controller_server-8] [INFO] [1789936728.767770507] [controller_server]: Passing new path to controller.
[controller_server-8] [INFO] [1789936729.767832570] [controller_server]: Passing new path to controller.
[controller_server-8] [INFO] [1789936730.767769440] [controller_server]: Passing new path to controller.
[controller_server-8] [INFO] [1789936731.867774247] [controller_server]: Passing new path to controller.
[controller_server-8] [INFO] [1789936732.569413072] [controller_server]: Reached the goal!
[controller_server-8] [INFO] [1789936732.569702302] [controller_server]: Optimizer reset
[bt_navigator-13] [INFO] [1789936732.597278102] [bt_navigator]: Goal succeeded
[factory_node-20] [INFO] [1789936764.414655632] [factory]: pickup B: took 1 units (0.40 kg), 0 left
[mission_executor-22] [INFO] [1789936765.619374157] [mission_executor]: [13] PICKUP:B done: took 1 units (0.40 kg), 0 left | measured 9.5 m, 54 s, 0.17 Wh, battery 37.9 -> 37.2 %
[python-19] INFO:     127.0.0.1:53278 - "POST /decide HTTP/1.1" 200 OK
[mission_executor-22] [INFO] [1789936765.646398262] [mission_executor]: decision: DELIVER - PPO policy (probability 0.45)
[mission_executor-22] [INFO] [1789936765.647690244] [mission_executor]: [14] DELIVER from B: predicted 10.3 m, 56 s, 0.19 Wh
[bt_navigator-13] [INFO] [1789936765.649272589] [bt_navigator]: Begin navigating from current location (5.85, 2.90) to (-0.23, -3.98)
[controller_server-8] [INFO] [1789936765.660681250] [controller_server]: Received a goal, begin computing control effort.
[controller_server-8] [INFO] [1789936766.761080095] [controller_server]: Passing new path to controller.
[controller_server-8] [INFO] [1789936767.760947680] [controller_server]: Passing new path to controller.
[controller_server-8] [INFO] [1789936768.760862636] [controller_server]: Passing new path to controller.
[controller_server-8] [INFO] [1789936769.860904219] [controller_server]: Passing new path to controller.
[controller_server-8] [INFO] [1789936770.860944558] [controller_server]: Passing new path to controller.
[controller_server-8] [INFO] [1789936771.860957770] [controller_server]: Passing new path to controller.
[controller_server-8] [INFO] [1789936772.860967795] [controller_server]: Passing new path to controller.
[controller_server-8] [INFO] [1789936773.860970870] [controller_server]: Passing new path to controller.
[controller_server-8] [INFO] [1789936774.960940820] [controller_server]: Passing new path to controller.
[controller_server-8] [INFO] [1789936775.960952541] [controller_server]: Passing new path to controller.
[controller_server-8] [INFO] [1789936776.960982617] [controller_server]: Passing new path to controller.
[controller_server-8] [INFO] [1789936777.960972884] [controller_server]: Passing new path to controller.
[controller_server-8] [INFO] [1789936779.060940889] [controller_server]: Passing new path to controller.
[controller_server-8] [INFO] [1789936780.060956921] [controller_server]: Passing new path to controller.
[controller_server-8] [INFO] [1789936781.060921812] [controller_server]: Passing new path to controller.
[controller_server-8] [INFO] [1789936782.160954324] [controller_server]: Passing new path to controller.
[controller_server-8] [INFO] [1789936783.161005999] [controller_server]: Passing new path to controller.
[controller_server-8] [INFO] [1789936785.307717434] [controller_server]: Passing new path to controller.
[controller_server-8] [INFO] [1789936785.406954742] [controller_server]: Passing new path to controller.
[controller_server-8] [INFO] [1789936786.407078188] [controller_server]: Passing new path to controller.
[controller_server-8] [INFO] [1789936787.406941217] [controller_server]: Passing new path to controller.
[controller_server-8] [INFO] [1789936788.406917118] [controller_server]: Passing new path to controller.
[controller_server-8] [INFO] [1789936789.406916470] [controller_server]: Passing new path to controller.
[controller_server-8] [INFO] [1789936790.506897494] [controller_server]: Passing new path to controller.
[controller_server-8] [INFO] [1789936791.506924384] [controller_server]: Passing new path to controller.
[controller_server-8] [INFO] [1789936792.506909854] [controller_server]: Passing new path to controller.
[controller_server-8] [INFO] [1789936793.307961670] [controller_server]: Reached the goal!
[controller_server-8] [INFO] [1789936793.308198405] [controller_server]: Optimizer reset
[bt_navigator-13] [INFO] [1789936793.335884229] [bt_navigator]: Goal succeeded
[mission_executor-22] [INFO] [1789936826.359114532] [mission_executor]: [14] DELIVER done: delivered 3 units | measured 10.4 m, 58 s, 0.19 Wh, battery 37.2 -> 36.3 %
[python-19] INFO:     127.0.0.1:59860 - "POST /decide HTTP/1.1" 200 OK
[mission_executor-22] [INFO] [1789936826.370260305] [mission_executor]: decision: PICKUP:A - PPO policy (probability 0.29)
[mission_executor-22] [INFO] [1789936826.371577157] [mission_executor]: [15] PICKUP:A from delivery: predicted 10.0 m, 56 s, 0.14 Wh
[bt_navigator-13] [INFO] [1789936826.373084861] [bt_navigator]: Begin navigating from current location (-0.15, -3.85) to (-5.97, 3.08)
[controller_server-8] [INFO] [1789936826.394032317] [controller_server]: Received a goal, begin computing control effort.
[controller_server-8] [INFO] [1789936827.494261062] [controller_server]: Passing new path to controller.
[controller_server-8] [INFO] [1789936828.494249918] [controller_server]: Passing new path to controller.
[controller_server-8] [INFO] [1789936829.494287291] [controller_server]: Passing new path to controller.
[controller_server-8] [INFO] [1789936830.494311991] [controller_server]: Passing new path to controller.
[controller_server-8] [INFO] [1789936831.594293141] [controller_server]: Passing new path to controller.
[controller_server-8] [INFO] [1789936832.594306302] [controller_server]: Passing new path to controller.
[controller_server-8] [INFO] [1789936833.594245318] [controller_server]: Passing new path to controller.
[controller_server-8] [INFO] [1789936834.594256338] [controller_server]: Passing new path to controller.
[controller_server-8] [INFO] [1789936835.694265162] [controller_server]: Passing new path to controller.
[controller_server-8] [INFO] [1789936836.694472510] [controller_server]: Passing new path to controller.
[controller_server-8] [INFO] [1789936837.694413872] [controller_server]: Passing new path to controller.
[controller_server-8] [INFO] [1789936838.694244304] [controller_server]: Passing new path to controller.
[controller_server-8] [INFO] [1789936839.794308929] [controller_server]: Passing new path to controller.
[controller_server-8] [INFO] [1789936840.794270200] [controller_server]: Passing new path to controller.
[controller_server-8] [INFO] [1789936841.794280954] [controller_server]: Passing new path to controller.
[controller_server-8] [INFO] [1789936842.794283649] [controller_server]: Passing new path to controller.
[controller_server-8] [INFO] [1789936843.794302637] [controller_server]: Passing new path to controller.
[controller_server-8] [INFO] [1789936844.894279759] [controller_server]: Passing new path to controller.
[controller_server-8] [INFO] [1789936845.894246632] [controller_server]: Passing new path to controller.
[controller_server-8] [INFO] [1789936846.894248474] [controller_server]: Passing new path to controller.
[controller_server-8] [INFO] [1789936847.894234817] [controller_server]: Passing new path to controller.
[controller_server-8] [INFO] [1789936848.695724166] [controller_server]: Reached the goal!
[controller_server-8] [INFO] [1789936848.695996843] [controller_server]: Optimizer reset
[bt_navigator-13] [INFO] [1789936848.724448983] [bt_navigator]: Goal succeeded
[factory_node-20] [INFO] [1789936880.506493169] [factory]: pickup A: took 3 units (1.50 kg), 0 left
[mission_executor-22] [INFO] [1789936881.709430395] [mission_executor]: [15] PICKUP:A done: took 3 units (1.50 kg), 0 left | measured 10.0 m, 54 s, 0.14 Wh, battery 36.3 -> 35.7 %
[python-19] INFO:     127.0.0.1:60032 - "POST /decide HTTP/1.1" 200 OK
[mission_executor-22] [INFO] [1789936881.714137265] [mission_executor]: decision: PICKUP:B - PPO policy (probability 0.65)
[mission_executor-22] [INFO] [1789936881.714822030] [mission_executor]: [16] PICKUP:B from A: predicted 18.3 m, 77 s, 0.25 Wh
[bt_navigator-13] [INFO] [1789936881.715833935] [bt_navigator]: Begin navigating from current location (-5.83, 2.95) to (6.03, 3.08)
[controller_server-8] [INFO] [1789936881.737140338] [controller_server]: Received a goal, begin computing control effort.
[controller_server-8] [INFO] [1789936882.837396634] [controller_server]: Passing new path to controller.
[controller_server-8] [INFO] [1789936883.837466500] [controller_server]: Passing new path to controller.
[controller_server-8] [INFO] [1789936885.720541758] [controller_server]: Passing new path to controller.
[controller_server-8] [INFO] [1789936886.720511543] [controller_server]: Passing new path to controller.
[controller_server-8] [INFO] [1789936887.720471899] [controller_server]: Passing new path to controller.
[controller_server-8] [INFO] [1789936888.720529389] [controller_server]: Passing new path to controller.
[controller_server-8] [INFO] [1789936889.820483377] [controller_server]: Passing new path to controller.
[controller_server-8] [INFO] [1789936890.820513646] [controller_server]: Passing new path to controller.
[controller_server-8] [INFO] [1789936891.820455187] [controller_server]: Passing new path to controller.
[controller_server-8] [INFO] [1789936892.920459369] [controller_server]: Passing new path to controller.
[controller_server-8] [INFO] [1789936893.920465167] [controller_server]: Passing new path to controller.
[controller_server-8] [INFO] [1789936894.920451020] [controller_server]: Passing new path to controller.
[controller_server-8] [INFO] [1789936895.920409996] [controller_server]: Passing new path to controller.
[controller_server-8] [INFO] [1789936897.020445759] [controller_server]: Passing new path to controller.
[controller_server-8] [INFO] [1789936898.020466182] [controller_server]: Passing new path to controller.
[controller_server-8] [INFO] [1789936899.020454600] [controller_server]: Passing new path to controller.
[controller_server-8] [INFO] [1789936900.020460778] [controller_server]: Passing new path to controller.
[controller_server-8] [INFO] [1789936901.120441456] [controller_server]: Passing new path to controller.
[controller_server-8] [INFO] [1789936902.120451403] [controller_server]: Passing new path to controller.
[controller_server-8] [INFO] [1789936903.120444297] [controller_server]: Passing new path to controller.
[controller_server-8] [INFO] [1789936904.120451118] [controller_server]: Passing new path to controller.
[controller_server-8] [INFO] [1789936905.220440924] [controller_server]: Passing new path to controller.
[controller_server-8] [INFO] [1789936906.220452766] [controller_server]: Passing new path to controller.
[controller_server-8] [INFO] [1789936907.220450965] [controller_server]: Passing new path to controller.
[controller_server-8] [INFO] [1789936908.220444144] [controller_server]: Passing new path to controller.
[controller_server-8] [INFO] [1789936909.322092475] [controller_server]: Passing new path to controller.
[controller_server-8] [INFO] [1789936910.320450880] [controller_server]: Passing new path to controller.
[controller_server-8] [INFO] [1789936911.320485066] [controller_server]: Passing new path to controller.
[controller_server-8] [INFO] [1789936912.320445461] [controller_server]: Passing new path to controller.
[controller_server-8] [INFO] [1789936913.420446599] [controller_server]: Passing new path to controller.
[controller_server-8] [INFO] [1789936914.420487210] [controller_server]: Passing new path to controller.
[controller_server-8] [INFO] [1789936915.420480315] [controller_server]: Passing new path to controller.
[controller_server-8] [INFO] [1789936916.520407077] [controller_server]: Passing new path to controller.
[controller_server-8] [INFO] [1789936917.520579520] [controller_server]: Passing new path to controller.
[controller_server-8] [INFO] [1789936919.094053660] [controller_server]: Passing new path to controller.
[controller_server-8] [INFO] [1789936920.093999041] [controller_server]: Passing new path to controller.
[controller_server-8] [INFO] [1789936921.194152975] [controller_server]: Passing new path to controller.
[controller_server-8] [INFO] [1789936922.193913779] [controller_server]: Passing new path to controller.
[controller_server-8] [INFO] [1789936923.193935745] [controller_server]: Passing new path to controller.
[controller_server-8] [INFO] [1789936924.193924498] [controller_server]: Passing new path to controller.
[controller_server-8] [INFO] [1789936925.293914501] [controller_server]: Passing new path to controller.
[controller_server-8] [INFO] [1789936926.293921411] [controller_server]: Passing new path to controller.
[controller_server-8] [INFO] [1789936927.195562368] [controller_server]: Reached the goal!
[controller_server-8] [INFO] [1789936927.195809650] [controller_server]: Optimizer reset
[bt_navigator-13] [INFO] [1789936927.222780560] [bt_navigator]: Goal succeeded
[factory_node-20] [INFO] [1789936959.014756553] [factory]: pickup B: took 2 units (0.80 kg), 0 left
[mission_executor-22] [INFO] [1789936960.221222016] [mission_executor]: [16] PICKUP:B done: took 2 units (0.80 kg), 0 left | measured 18.7 m, 75 s, 0.25 Wh, battery 35.7 -> 34.5 %
[python-19] INFO:     127.0.0.1:33504 - "POST /decide HTTP/1.1" 200 OK
[mission_executor-22] [INFO] [1789936960.225925976] [mission_executor]: decision: DELIVER - PPO policy (probability 0.42)
[mission_executor-22] [INFO] [1789936960.226443421] [mission_executor]: [17] DELIVER from B: predicted 10.3 m, 56 s, 0.17 Wh
[bt_navigator-13] [INFO] [1789936960.227454079] [bt_navigator]: Begin navigating from current location (5.91, 2.92) to (-0.23, -3.98)
[controller_server-8] [INFO] [1789936960.248452556] [controller_server]: Received a goal, begin computing control effort.
[controller_server-8] [INFO] [1789936961.348730099] [controller_server]: Passing new path to controller.
[controller_server-8] [INFO] [1789936962.348681123] [controller_server]: Passing new path to controller.
[controller_server-8] [INFO] [1789936963.348735013] [controller_server]: Passing new path to controller.
[controller_server-8] [INFO] [1789936964.448695659] [controller_server]: Passing new path to controller.
[controller_server-8] [INFO] [1789936965.448750492] [controller_server]: Passing new path to controller.
[controller_server-8] [INFO] [1789936966.448693596] [controller_server]: Passing new path to controller.
[controller_server-8] [INFO] [1789936967.448744896] [controller_server]: Passing new path to controller.
[controller_server-8] [INFO] [1789936968.548726999] [controller_server]: Passing new path to controller.
[controller_server-8] [INFO] [1789936969.548739310] [controller_server]: Passing new path to controller.
[controller_server-8] [INFO] [1789936970.548713304] [controller_server]: Passing new path to controller.
[controller_server-8] [INFO] [1789936971.548704732] [controller_server]: Passing new path to controller.
[controller_server-8] [INFO] [1789936972.648731091] [controller_server]: Passing new path to controller.
[controller_server-8] [INFO] [1789936973.648784594] [controller_server]: Passing new path to controller.
[controller_server-8] [INFO] [1789936974.648713564] [controller_server]: Passing new path to controller.
[controller_server-8] [INFO] [1789936975.748714711] [controller_server]: Passing new path to controller.
[controller_server-8] [INFO] [1789936976.748660811] [controller_server]: Passing new path to controller.
[controller_server-8] [INFO] [1789936977.748719419] [controller_server]: Passing new path to controller.
[controller_server-8] [INFO] [1789936978.748698912] [controller_server]: Passing new path to controller.
[controller_server-8] [INFO] [1789936979.853709845] [controller_server]: Passing new path to controller.
[controller_server-8] [INFO] [1789936980.848959417] [controller_server]: Passing new path to controller.
[controller_server-8] [INFO] [1789936981.848719911] [controller_server]: Passing new path to controller.
[controller_server-8] [INFO] [1789936982.848706976] [controller_server]: Passing new path to controller.
[controller_server-8] [INFO] [1789936983.948830832] [controller_server]: Passing new path to controller.
[controller_server-8] [INFO] [1789936985.929218506] [controller_server]: Passing new path to controller.
[controller_server-8] [INFO] [1789936987.029202221] [controller_server]: Passing new path to controller.
[controller_server-8] [INFO] [1789936987.130227417] [controller_server]: Reached the goal!
[controller_server-8] [INFO] [1789936987.130406116] [controller_server]: Optimizer reset
[bt_navigator-13] [INFO] [1789936987.151044606] [bt_navigator]: Goal succeeded
[mission_executor-22] [INFO] [1789937020.119808897] [mission_executor]: [17] DELIVER done: delivered 5 units | measured 10.1 m, 57 s, 0.17 Wh, battery 34.5 -> 33.7 %
[python-19] INFO:     127.0.0.1:47128 - "POST /decide HTTP/1.1" 200 OK
[mission_executor-22] [INFO] [1789937020.126068325] [mission_executor]: decision: PICKUP:C - PPO policy (probability 0.46)
[mission_executor-22] [INFO] [1789937020.126654554] [mission_executor]: [18] PICKUP:C from delivery: predicted 6.3 m, 46 s, 0.11 Wh
[bt_navigator-13] [INFO] [1789937020.127673353] [bt_navigator]: Begin navigating from current location (-0.13, -3.85) to (6.03, -3.42)
[controller_server-8] [INFO] [1789937020.138755198] [controller_server]: Received a goal, begin computing control effort.
[controller_server-8] [INFO] [1789937021.239026728] [controller_server]: Passing new path to controller.
[controller_server-8] [INFO] [1789937022.239025426] [controller_server]: Passing new path to controller.
[controller_server-8] [INFO] [1789937023.239033681] [controller_server]: Passing new path to controller.
[controller_server-8] [INFO] [1789937024.239000421] [controller_server]: Passing new path to controller.
[controller_server-8] [INFO] [1789937025.339005873] [controller_server]: Passing new path to controller.
[controller_server-8] [INFO] [1789937026.338945951] [controller_server]: Passing new path to controller.
[controller_server-8] [INFO] [1789937027.338956751] [controller_server]: Passing new path to controller.
[controller_server-8] [INFO] [1789937028.339198220] [controller_server]: Passing new path to controller.
[controller_server-8] [INFO] [1789937029.439123528] [controller_server]: Passing new path to controller.
[controller_server-8] [INFO] [1789937030.439003303] [controller_server]: Passing new path to controller.
[controller_server-8] [INFO] [1789937031.438992063] [controller_server]: Passing new path to controller.
[controller_server-8] [INFO] [1789937032.439003552] [controller_server]: Passing new path to controller.
[controller_server-8] [INFO] [1789937033.539019623] [controller_server]: Passing new path to controller.
[collision_monitor-16] [INFO] [1789937034.240196165] [collision_monitor]: Robot to approach for 1.200000 seconds away from collision
[controller_server-8] [INFO] [1789937034.539219568] [controller_server]: Passing new path to controller.
[collision_monitor-16] [INFO] [1789937034.890006440] [collision_monitor]: Robot to continue normal operation
[collision_monitor-16] [INFO] [1789937034.929957326] [collision_monitor]: Robot to approach for 1.200000 seconds away from collision
[collision_monitor-16] [INFO] [1789937034.959797828] [collision_monitor]: Robot to continue normal operation
[controller_server-8] [INFO] [1789937035.539001868] [controller_server]: Passing new path to controller.
[controller_server-8] [INFO] [1789937035.940662056] [controller_server]: Reached the goal!
[controller_server-8] [INFO] [1789937035.940867602] [controller_server]: Optimizer reset
[bt_navigator-13] [INFO] [1789937035.968292333] [bt_navigator]: Goal succeeded
[factory_node-20] [INFO] [1789937067.684882115] [factory]: pickup C: took 1 units (1.50 kg), 0 left
[mission_executor-22] [INFO] [1789937068.889488849] [mission_executor]: [18] PICKUP:C done: took 1 units (1.50 kg), 0 left | measured 6.3 m, 47 s, 0.11 Wh, battery 33.7 -> 33.2 %
[python-19] INFO:     127.0.0.1:49948 - "POST /decide HTTP/1.1" 200 OK
[mission_executor-22] [INFO] [1789937068.897891450] [mission_executor]: decision: PICKUP:B - PPO policy (probability 0.81)
[mission_executor-22] [INFO] [1789937068.899417164] [mission_executor]: [19] PICKUP:B from C: predicted 9.2 m, 54 s, 0.15 Wh
[bt_navigator-13] [INFO] [1789937068.900747800] [bt_navigator]: Begin navigating from current location (5.99, -3.31) to (6.03, 3.08)
[controller_server-8] [INFO] [1789937068.922330928] [controller_server]: Received a goal, begin computing control effort.
[controller_server-8] [INFO] [1789937070.022638236] [controller_server]: Passing new path to controller.
[controller_server-8] [INFO] [1789937071.022590658] [controller_server]: Passing new path to controller.
[controller_server-8] [INFO] [1789937072.022630015] [controller_server]: Passing new path to controller.
[controller_server-8] [INFO] [1789937073.122566285] [controller_server]: Passing new path to controller.
[controller_server-8] [INFO] [1789937074.122662520] [controller_server]: Passing new path to controller.
[controller_server-8] [INFO] [1789937075.122610877] [controller_server]: Passing new path to controller.
[controller_server-8] [INFO] [1789937076.122609564] [controller_server]: Passing new path to controller.
[controller_server-8] [INFO] [1789937077.122588941] [controller_server]: Passing new path to controller.
[controller_server-8] [INFO] [1789937078.222621221] [controller_server]: Passing new path to controller.
[controller_server-8] [INFO] [1789937079.222607327] [controller_server]: Passing new path to controller.
[controller_server-8] [INFO] [1789937080.222596164] [controller_server]: Passing new path to controller.
[controller_server-8] [INFO] [1789937081.222616111] [controller_server]: Passing new path to controller.
[controller_server-8] [INFO] [1789937082.322751571] [controller_server]: Passing new path to controller.
[controller_server-8] [INFO] [1789937083.322649700] [controller_server]: Passing new path to controller.
[controller_server-8] [INFO] [1789937084.322707349] [controller_server]: Passing new path to controller.
[controller_server-8] [INFO] [1789937086.157385457] [controller_server]: Passing new path to controller.
[controller_server-8] [INFO] [1789937087.157679783] [controller_server]: Passing new path to controller.
[controller_server-8] [INFO] [1789937088.157404934] [controller_server]: Passing new path to controller.
[controller_server-8] [INFO] [1789937089.257305919] [controller_server]: Passing new path to controller.
[controller_server-8] [INFO] [1789937090.257412462] [controller_server]: Passing new path to controller.
[controller_server-8] [INFO] [1789937091.257460110] [controller_server]: Passing new path to controller.
[controller_server-8] [INFO] [1789937092.357408143] [controller_server]: Passing new path to controller.
[controller_server-8] [INFO] [1789937092.358960829] [controller_server]: Reached the goal!
[controller_server-8] [INFO] [1789937092.359175274] [controller_server]: Optimizer reset
[bt_navigator-13] [INFO] [1789937092.396207124] [bt_navigator]: Goal succeeded
[factory_node-20] [INFO] [1789937124.164846067] [factory]: pickup B: took 1 units (0.40 kg), 0 left
[mission_executor-22] [INFO] [1789937125.368097836] [mission_executor]: [19] PICKUP:B done: took 1 units (0.40 kg), 0 left | measured 9.6 m, 54 s, 0.16 Wh, battery 33.2 -> 32.5 %
[python-19] INFO:     127.0.0.1:36434 - "POST /decide HTTP/1.1" 200 OK
[mission_executor-22] [INFO] [1789937125.374545899] [mission_executor]: decision: DELIVER - PPO policy (probability 0.40)
[mission_executor-22] [INFO] [1789937125.375395629] [mission_executor]: [20] DELIVER from B: predicted 10.3 m, 56 s, 0.17 Wh
[bt_navigator-13] [INFO] [1789937125.376587270] [bt_navigator]: Begin navigating from current location (5.91, 2.89) to (-0.23, -3.98)
[controller_server-8] [INFO] [1789937125.397712761] [controller_server]: Received a goal, begin computing control effort.
[controller_server-8] [INFO] [1789937126.497951656] [controller_server]: Passing new path to controller.
[controller_server-8] [INFO] [1789937127.497915617] [controller_server]: Passing new path to controller.
[controller_server-8] [INFO] [1789937128.497928370] [controller_server]: Passing new path to controller.
[controller_server-8] [INFO] [1789937129.597953397] [controller_server]: Passing new path to controller.
[controller_server-8] [INFO] [1789937130.597915043] [controller_server]: Passing new path to controller.
[controller_server-8] [INFO] [1789937131.597921281] [controller_server]: Passing new path to controller.
[controller_server-8] [INFO] [1789937132.697953187] [controller_server]: Passing new path to controller.
[controller_server-8] [INFO] [1789937133.697895697] [controller_server]: Passing new path to controller.
[controller_server-8] [INFO] [1789937134.697933347] [controller_server]: Passing new path to controller.
[controller_server-8] [INFO] [1789937135.697890277] [controller_server]: Passing new path to controller.
[controller_server-8] [INFO] [1789937136.797921582] [controller_server]: Passing new path to controller.
[controller_server-8] [INFO] [1789937137.797937411] [controller_server]: Passing new path to controller.
[controller_server-8] [INFO] [1789937138.797922631] [controller_server]: Passing new path to controller.
[controller_server-8] [INFO] [1789937139.797925714] [controller_server]: Passing new path to controller.
[controller_server-8] [INFO] [1789937140.897882189] [controller_server]: Passing new path to controller.
[controller_server-8] [INFO] [1789937141.897922319] [controller_server]: Passing new path to controller.
[controller_server-8] [INFO] [1789937142.897936666] [controller_server]: Passing new path to controller.
[controller_server-8] [INFO] [1789937143.897986495] [controller_server]: Passing new path to controller.
[controller_server-8] [INFO] [1789937144.997924812] [controller_server]: Passing new path to controller.
[controller_server-8] [INFO] [1789937145.997931450] [controller_server]: Passing new path to controller.
[controller_server-8] [INFO] [1789937146.997915357] [controller_server]: Passing new path to controller.
[controller_server-8] [INFO] [1789937147.997887810] [controller_server]: Passing new path to controller.
[controller_server-8] [INFO] [1789937149.097896351] [controller_server]: Passing new path to controller.
[controller_server-8] [INFO] [1789937150.097890201] [controller_server]: Passing new path to controller.
[controller_server-8] [INFO] [1789937151.097880627] [controller_server]: Passing new path to controller.
[controller_server-8] [INFO] [1789937151.298968511] [controller_server]: Reached the goal!
[controller_server-8] [INFO] [1789937151.299268676] [controller_server]: Optimizer reset
[bt_navigator-13] [INFO] [1789937151.327224667] [bt_navigator]: Goal succeeded
[mission_executor-22] [INFO] [1789937184.506606981] [mission_executor]: [20] DELIVER done: delivered 2 units | measured 10.3 m, 58 s, 0.17 Wh, battery 32.5 -> 31.7 %
[python-19] INFO:     127.0.0.1:57286 - "POST /decide HTTP/1.1" 200 OK
[mission_executor-22] [INFO] [1789937184.524395951] [mission_executor]: decision: PICKUP:B - PPO policy (probability 0.45)
[mission_executor-22] [INFO] [1789937184.525672483] [mission_executor]: [21] PICKUP:B from delivery: predicted 10.3 m, 56 s, 0.15 Wh
[bt_navigator-13] [INFO] [1789937184.529549085] [bt_navigator]: Begin navigating from current location (-0.18, -3.85) to (6.03, 3.08)
[controller_server-8] [INFO] [1789937184.551416734] [controller_server]: Received a goal, begin computing control effort.
[controller_server-8] [INFO] [1789937186.155234700] [controller_server]: Passing new path to controller.
[controller_server-8] [INFO] [1789937187.155217488] [controller_server]: Passing new path to controller.
[controller_server-8] [INFO] [1789937188.255154349] [controller_server]: Passing new path to controller.
[controller_server-8] [INFO] [1789937189.255181623] [controller_server]: Passing new path to controller.
[controller_server-8] [INFO] [1789937190.255136595] [controller_server]: Passing new path to controller.
[controller_server-8] [INFO] [1789937191.255168715] [controller_server]: Passing new path to controller.
[controller_server-8] [INFO] [1789937192.355122365] [controller_server]: Passing new path to controller.
[controller_server-8] [INFO] [1789937193.355148591] [controller_server]: Passing new path to controller.
[controller_server-8] [INFO] [1789937194.355188089] [controller_server]: Passing new path to controller.
[controller_server-8] [INFO] [1789937195.355095737] [controller_server]: Passing new path to controller.
[controller_server-8] [INFO] [1789937196.455144039] [controller_server]: Passing new path to controller.
[controller_server-8] [INFO] [1789937197.455146336] [controller_server]: Passing new path to controller.
[controller_server-8] [INFO] [1789937198.455137493] [controller_server]: Passing new path to controller.
[controller_server-8] [INFO] [1789937199.455134571] [controller_server]: Passing new path to controller.
[controller_server-8] [INFO] [1789937200.555145468] [controller_server]: Passing new path to controller.
[controller_server-8] [INFO] [1789937201.555222906] [controller_server]: Passing new path to controller.
[controller_server-8] [INFO] [1789937202.555349790] [controller_server]: Passing new path to controller.
[controller_server-8] [INFO] [1789937203.555159056] [controller_server]: Passing new path to controller.
[controller_server-8] [INFO] [1789937204.555140801] [controller_server]: Passing new path to controller.
[controller_server-8] [INFO] [1789937205.655152279] [controller_server]: Passing new path to controller.
[controller_server-8] [INFO] [1789937206.655135866] [controller_server]: Passing new path to controller.
[controller_server-8] [INFO] [1789937207.655133795] [controller_server]: Passing new path to controller.
[controller_server-8] [INFO] [1789937207.956955025] [controller_server]: Reached the goal!
[controller_server-8] [INFO] [1789937207.957287504] [controller_server]: Optimizer reset
[bt_navigator-13] [INFO] [1789937207.983723744] [bt_navigator]: Goal succeeded
[factory_node-20] [INFO] [1789937239.669878376] [factory]: pickup B: took 1 units (0.40 kg), 0 left
[mission_executor-22] [INFO] [1789937240.872223397] [mission_executor]: [21] PICKUP:B done: took 1 units (0.40 kg), 0 left | measured 10.0 m, 54 s, 0.14 Wh, battery 31.7 -> 31.1 %
[python-19] INFO:     127.0.0.1:45722 - "POST /decide HTTP/1.1" 200 OK
[mission_executor-22] [INFO] [1789937240.878043469] [mission_executor]: decision: PICKUP:A - PPO policy (probability 0.36)
[mission_executor-22] [INFO] [1789937240.878616771] [mission_executor]: [22] PICKUP:A from B: predicted 18.3 m, 77 s, 0.23 Wh
[bt_navigator-13] [INFO] [1789937240.879669731] [bt_navigator]: Begin navigating from current location (5.90, 2.92) to (-5.97, 3.08)
[controller_server-8] [INFO] [1789937240.901257546] [controller_server]: Received a goal, begin computing control effort.
[controller_server-8] [INFO] [1789937242.001517975] [controller_server]: Passing new path to controller.
[controller_server-8] [INFO] [1789937243.001517738] [controller_server]: Passing new path to controller.
[controller_server-8] [INFO] [1789937244.001536404] [controller_server]: Passing new path to controller.
[controller_server-8] [INFO] [1789937245.101532478] [controller_server]: Passing new path to controller.
[controller_server-8] [INFO] [1789937246.101551629] [controller_server]: Passing new path to controller.
[controller_server-8] [INFO] [1789937247.101858691] [controller_server]: Passing new path to controller.
[controller_server-8] [INFO] [1789937248.102685350] [controller_server]: Passing new path to controller.
[controller_server-8] [INFO] [1789937249.201598186] [controller_server]: Passing new path to controller.
[controller_server-8] [INFO] [1789937250.201544300] [controller_server]: Passing new path to controller.
[controller_server-8] [INFO] [1789937251.201533646] [controller_server]: Passing new path to controller.
[controller_server-8] [INFO] [1789937252.724415363] [controller_server]: Passing new path to controller.
[controller_server-8] [INFO] [1789937253.724288970] [controller_server]: Passing new path to controller.
[controller_server-8] [INFO] [1789937254.724287622] [controller_server]: Passing new path to controller.
[controller_server-8] [INFO] [1789937255.824305652] [controller_server]: Passing new path to controller.
[controller_server-8] [INFO] [1789937256.824298779] [controller_server]: Passing new path to controller.
[controller_server-8] [INFO] [1789937257.824294968] [controller_server]: Passing new path to controller.
[controller_server-8] [INFO] [1789937258.824370153] [controller_server]: Passing new path to controller.
[controller_server-8] [INFO] [1789937259.925410418] [controller_server]: Passing new path to controller.
[controller_server-8] [INFO] [1789937260.924334577] [controller_server]: Passing new path to controller.
[controller_server-8] [INFO] [1789937261.924238368] [controller_server]: Passing new path to controller.
[controller_server-8] [INFO] [1789937263.024318767] [controller_server]: Passing new path to controller.
[controller_server-8] [INFO] [1789937264.024324096] [controller_server]: Passing new path to controller.
[controller_server-8] [INFO] [1789937265.024331848] [controller_server]: Passing new path to controller.
[controller_server-8] [INFO] [1789937266.024334598] [controller_server]: Passing new path to controller.
[controller_server-8] [INFO] [1789937267.124321978] [controller_server]: Passing new path to controller.
[controller_server-8] [INFO] [1789937268.124299848] [controller_server]: Passing new path to controller.
[controller_server-8] [INFO] [1789937269.124340547] [controller_server]: Passing new path to controller.
[controller_server-8] [INFO] [1789937270.124294372] [controller_server]: Passing new path to controller.
[controller_server-8] [INFO] [1789937271.224388890] [controller_server]: Passing new path to controller.
[controller_server-8] [INFO] [1789937272.224312367] [controller_server]: Passing new path to controller.
[controller_server-8] [INFO] [1789937273.224301582] [controller_server]: Passing new path to controller.
[controller_server-8] [INFO] [1789937274.324353395] [controller_server]: Passing new path to controller.
[controller_server-8] [INFO] [1789937275.324306457] [controller_server]: Passing new path to controller.
[controller_server-8] [INFO] [1789937276.324295290] [controller_server]: Passing new path to controller.
[controller_server-8] [INFO] [1789937277.324303027] [controller_server]: Passing new path to controller.
[controller_server-8] [INFO] [1789937278.424319399] [controller_server]: Passing new path to controller.
[controller_server-8] [INFO] [1789937279.424305615] [controller_server]: Passing new path to controller.
[controller_server-8] [INFO] [1789937280.424286886] [controller_server]: Passing new path to controller.
[controller_server-8] [INFO] [1789937281.524290075] [controller_server]: Passing new path to controller.
[collision_monitor-16] [INFO] [1789937281.824105585] [collision_monitor]: Robot to approach for 1.200000 seconds away from collision
[collision_monitor-16] [INFO] [1789937281.964065345] [collision_monitor]: Robot to continue normal operation
[collision_monitor-16] [INFO] [1789937282.003827735] [collision_monitor]: Robot to approach for 1.200000 seconds away from collision
[collision_monitor-16] [INFO] [1789937282.073875471] [collision_monitor]: Robot to continue normal operation
[controller_server-8] [INFO] [1789937282.325314516] [controller_server]: Reached the goal!
[controller_server-8] [INFO] [1789937282.325514594] [controller_server]: Optimizer reset
[bt_navigator-13] [INFO] [1789937282.353054877] [bt_navigator]: Goal succeeded
[factory_node-20] [INFO] [1789937314.042987465] [factory]: pickup A: took 2 units (1.00 kg), 0 left
[mission_executor-22] [INFO] [1789937315.247609546] [mission_executor]: [22] PICKUP:A done: took 2 units (1.00 kg), 0 left | measured 18.2 m, 72 s, 0.22 Wh, battery 31.1 -> 30.1 %
[python-19] INFO:     127.0.0.1:60600 - "POST /decide HTTP/1.1" 200 OK
[mission_executor-22] [INFO] [1789937315.263866756] [mission_executor]: decision: PICKUP:B - PPO policy (probability 0.73)
[mission_executor-22] [INFO] [1789937315.264501220] [mission_executor]: [23] PICKUP:B from A: predicted 18.3 m, 77 s, 0.25 Wh
[bt_navigator-13] [INFO] [1789937315.265988939] [bt_navigator]: Begin navigating from current location (-5.84, 3.05) to (6.03, 3.08)
[controller_server-8] [INFO] [1789937315.288172984] [controller_server]: Received a goal, begin computing control effort.
[controller_server-8] [INFO] [1789937316.388636786] [controller_server]: Passing new path to controller.
[controller_server-8] [INFO] [1789937317.388684258] [controller_server]: Passing new path to controller.
[controller_server-8] [INFO] [1789937319.210581774] [controller_server]: Passing new path to controller.
[controller_server-8] [INFO] [1789937320.310551867] [controller_server]: Passing new path to controller.
[controller_server-8] [INFO] [1789937321.310620084] [controller_server]: Passing new path to controller.
[controller_server-8] [INFO] [1789937322.310504893] [controller_server]: Passing new path to controller.
[controller_server-8] [INFO] [1789937323.310629917] [controller_server]: Passing new path to controller.
[controller_server-8] [INFO] [1789937324.410542426] [controller_server]: Passing new path to controller.
[controller_server-8] [INFO] [1789937325.410509443] [controller_server]: Passing new path to controller.
[controller_server-8] [INFO] [1789937326.410504656] [controller_server]: Passing new path to controller.
[controller_server-8] [INFO] [1789937327.410493862] [controller_server]: Passing new path to controller.
[controller_server-8] [INFO] [1789937328.510541616] [controller_server]: Passing new path to controller.
[controller_server-8] [INFO] [1789937329.510476950] [controller_server]: Passing new path to controller.
[controller_server-8] [INFO] [1789937330.511343225] [controller_server]: Passing new path to controller.
[controller_server-8] [INFO] [1789937331.610481257] [controller_server]: Passing new path to controller.
[controller_server-8] [INFO] [1789937332.610498128] [controller_server]: Passing new path to controller.
[controller_server-8] [INFO] [1789937333.610522348] [controller_server]: Passing new path to controller.
[controller_server-8] [INFO] [1789937334.611217706] [controller_server]: Passing new path to controller.
[controller_server-8] [INFO] [1789937335.611940891] [controller_server]: Passing new path to controller.
[controller_server-8] [INFO] [1789937336.710708027] [controller_server]: Passing new path to controller.
[controller_server-8] [INFO] [1789937337.710485878] [controller_server]: Passing new path to controller.
[controller_server-8] [INFO] [1789937338.710496135] [controller_server]: Passing new path to controller.
[controller_server-8] [INFO] [1789937339.710597592] [controller_server]: Passing new path to controller.
[controller_server-8] [INFO] [1789937340.810525589] [controller_server]: Passing new path to controller.
[controller_server-8] [INFO] [1789937341.810492370] [controller_server]: Passing new path to controller.
[controller_server-8] [INFO] [1789937342.810487362] [controller_server]: Passing new path to controller.
[controller_server-8] [INFO] [1789937343.810479543] [controller_server]: Passing new path to controller.
[controller_server-8] [INFO] [1789937344.910490622] [controller_server]: Passing new path to controller.
[controller_server-8] [INFO] [1789937345.910479410] [controller_server]: Passing new path to controller.
[controller_server-8] [INFO] [1789937346.910515604] [controller_server]: Passing new path to controller.
[controller_server-8] [INFO] [1789937348.010510912] [controller_server]: Passing new path to controller.
[controller_server-8] [INFO] [1789937349.010493230] [controller_server]: Passing new path to controller.
[controller_server-8] [INFO] [1789937350.010476712] [controller_server]: Passing new path to controller.
[controller_server-8] [INFO] [1789937351.110489466] [controller_server]: Passing new path to controller.
[controller_server-8] [INFO] [1789937352.530405243] [controller_server]: Passing new path to controller.
[controller_server-8] [INFO] [1789937353.530507670] [controller_server]: Passing new path to controller.
[controller_server-8] [INFO] [1789937354.530683577] [controller_server]: Passing new path to controller.
[controller_server-8] [INFO] [1789937355.630418598] [controller_server]: Passing new path to controller.
[controller_server-8] [INFO] [1789937356.630424570] [controller_server]: Passing new path to controller.
[controller_server-8] [INFO] [1789937357.630440470] [controller_server]: Passing new path to controller.
[controller_server-8] [INFO] [1789937358.630414350] [controller_server]: Passing new path to controller.
[controller_server-8] [INFO] [1789937359.730478868] [controller_server]: Passing new path to controller.
[controller_server-8] [INFO] [1789937360.730427652] [controller_server]: Passing new path to controller.
[controller_server-8] [INFO] [1789937361.730422558] [controller_server]: Passing new path to controller.
[controller_server-8] [INFO] [1789937362.730478506] [controller_server]: Passing new path to controller.
[controller_server-8] [INFO] [1789937363.231790657] [controller_server]: Reached the goal!
[controller_server-8] [INFO] [1789937363.232032115] [controller_server]: Optimizer reset
[bt_navigator-13] [INFO] [1789937363.261225597] [bt_navigator]: Goal succeeded
[factory_node-20] [INFO] [1789937394.949061195] [factory]: pickup B: took 2 units (0.80 kg), 0 left
[mission_executor-22] [INFO] [1789937396.150817755] [mission_executor]: [23] PICKUP:B done: took 2 units (0.80 kg), 0 left | measured 19.5 m, 77 s, 0.26 Wh, battery 30.1 -> 28.9 %
[python-19] INFO:     127.0.0.1:50052 - "POST /decide HTTP/1.1" 200 OK
[mission_executor-22] [INFO] [1789937396.157433437] [mission_executor]: decision: DELIVER - PPO policy (probability 0.53)
[mission_executor-22] [INFO] [1789937396.158175543] [mission_executor]: [24] DELIVER from B: predicted 10.3 m, 56 s, 0.17 Wh
[bt_navigator-13] [INFO] [1789937396.159682137] [bt_navigator]: Begin navigating from current location (5.89, 2.88) to (-0.23, -3.98)
[controller_server-8] [INFO] [1789937396.181477418] [controller_server]: Received a goal, begin computing control effort.
[controller_server-8] [INFO] [1789937397.281685608] [controller_server]: Passing new path to controller.
[controller_server-8] [INFO] [1789937398.281674775] [controller_server]: Passing new path to controller.
[controller_server-8] [INFO] [1789937399.281648974] [controller_server]: Passing new path to controller.
[controller_server-8] [INFO] [1789937400.381636437] [controller_server]: Passing new path to controller.
[controller_server-8] [INFO] [1789937401.381681221] [controller_server]: Passing new path to controller.
[controller_server-8] [INFO] [1789937402.381677429] [controller_server]: Passing new path to controller.
[controller_server-8] [INFO] [1789937403.381687212] [controller_server]: Passing new path to controller.
[controller_server-8] [INFO] [1789937404.481695520] [controller_server]: Passing new path to controller.
[controller_server-8] [INFO] [1789937405.481703461] [controller_server]: Passing new path to controller.
[controller_server-8] [INFO] [1789937406.481682420] [controller_server]: Passing new path to controller.
[controller_server-8] [INFO] [1789937407.481681803] [controller_server]: Passing new path to controller.
[controller_server-8] [INFO] [1789937408.581640940] [controller_server]: Passing new path to controller.
[controller_server-8] [INFO] [1789937409.581680943] [controller_server]: Passing new path to controller.
[controller_server-8] [INFO] [1789937410.581674122] [controller_server]: Passing new path to controller.
[controller_server-8] [INFO] [1789937411.581639865] [controller_server]: Passing new path to controller.
[controller_server-8] [INFO] [1789937412.581710600] [controller_server]: Passing new path to controller.
[controller_server-8] [INFO] [1789937413.681687575] [controller_server]: Passing new path to controller.
[controller_server-8] [INFO] [1789937414.681677793] [controller_server]: Passing new path to controller.
[controller_server-8] [INFO] [1789937415.681703942] [controller_server]: Passing new path to controller.
[controller_server-8] [INFO] [1789937416.681662524] [controller_server]: Passing new path to controller.
[controller_server-8] [INFO] [1789937417.781660646] [controller_server]: Passing new path to controller.
[controller_server-8] [INFO] [1789937419.096608254] [controller_server]: Passing new path to controller.
[controller_server-8] [INFO] [1789937420.096602413] [controller_server]: Passing new path to controller.
[controller_server-8] [INFO] [1789937421.096592015] [controller_server]: Passing new path to controller.
[controller_server-8] [INFO] [1789937422.096615644] [controller_server]: Passing new path to controller.
[controller_server-8] [INFO] [1789937423.196608128] [controller_server]: Passing new path to controller.
[controller_server-8] [INFO] [1789937423.397709766] [controller_server]: Reached the goal!
[controller_server-8] [INFO] [1789937423.398193266] [controller_server]: Optimizer reset
[bt_navigator-13] [INFO] [1789937423.425316930] [bt_navigator]: Goal succeeded
[mission_executor-22] [INFO] [1789937456.602202230] [mission_executor]: [24] DELIVER done: delivered 5 units | measured 10.2 m, 58 s, 0.18 Wh, battery 28.9 -> 28.1 %
[python-19] INFO:     127.0.0.1:60432 - "POST /decide HTTP/1.1" 200 OK
[mission_executor-22] [INFO] [1789937456.606739630] [mission_executor]: decision: PICKUP:A - PPO policy (probability 0.51)
[mission_executor-22] [INFO] [1789937456.607728153] [mission_executor]: [25] PICKUP:A from delivery: predicted 10.0 m, 56 s, 0.14 Wh
[bt_navigator-13] [INFO] [1789937456.609536215] [bt_navigator]: Begin navigating from current location (-0.24, -3.85) to (-5.97, 3.08)
[controller_server-8] [INFO] [1789937456.630661949] [controller_server]: Received a goal, begin computing control effort.
[controller_server-8] [INFO] [1789937457.730871268] [controller_server]: Passing new path to controller.
[controller_server-8] [INFO] [1789937458.730921254] [controller_server]: Passing new path to controller.
[controller_server-8] [INFO] [1789937459.732551598] [controller_server]: Passing new path to controller.
[controller_server-8] [INFO] [1789937460.830871173] [controller_server]: Passing new path to controller.
[controller_server-8] [INFO] [1789937461.830908466] [controller_server]: Passing new path to controller.
[controller_server-8] [INFO] [1789937462.830935294] [controller_server]: Passing new path to controller.
[controller_server-8] [INFO] [1789937463.830878466] [controller_server]: Passing new path to controller.
[controller_server-8] [INFO] [1789937464.930912427] [controller_server]: Passing new path to controller.
[controller_server-8] [INFO] [1789937465.930955226] [controller_server]: Passing new path to controller.
[controller_server-8] [INFO] [1789937466.945701732] [controller_server]: Passing new path to controller.
[controller_server-8] [INFO] [1789937467.931078151] [controller_server]: Passing new path to controller.
[controller_server-8] [INFO] [1789937469.030913745] [controller_server]: Passing new path to controller.
[controller_server-8] [INFO] [1789937470.032088576] [controller_server]: Passing new path to controller.
[controller_server-8] [INFO] [1789937471.030949412] [controller_server]: Passing new path to controller.
[controller_server-8] [INFO] [1789937472.030901295] [controller_server]: Passing new path to controller.
[controller_server-8] [INFO] [1789937473.030950180] [controller_server]: Passing new path to controller.
[controller_server-8] [INFO] [1789937474.130897062] [controller_server]: Passing new path to controller.
[controller_server-8] [INFO] [1789937475.130924619] [controller_server]: Passing new path to controller.
[controller_server-8] [INFO] [1789937476.130878983] [controller_server]: Passing new path to controller.
[controller_server-8] [INFO] [1789937477.130879007] [controller_server]: Passing new path to controller.
[controller_server-8] [INFO] [1789937478.230868739] [controller_server]: Passing new path to controller.
[controller_server-8] [INFO] [1789937479.230881366] [controller_server]: Passing new path to controller.
[controller_server-8] [INFO] [1789937480.230890674] [controller_server]: Passing new path to controller.
[controller_server-8] [INFO] [1789937480.333572721] [controller_server]: Reached the goal!
[controller_server-8] [INFO] [1789937480.333865283] [controller_server]: Optimizer reset
[bt_navigator-13] [INFO] [1789937480.360392348] [bt_navigator]: Goal succeeded
[factory_node-20] [INFO] [1789937512.695826661] [factory]: pickup A: took 1 units (0.50 kg), 0 left
[mission_executor-22] [INFO] [1789937513.899292324] [mission_executor]: [25] PICKUP:A done: took 1 units (0.50 kg), 0 left | measured 10.1 m, 55 s, 0.14 Wh, battery 28.1 -> 27.4 %
[python-19] INFO:     127.0.0.1:56894 - "POST /decide HTTP/1.1" 200 OK
[mission_executor-22] [INFO] [1789937513.912018543] [mission_executor]: decision: PICKUP:B - PPO policy (probability 0.55)
[mission_executor-22] [INFO] [1789937513.914795279] [mission_executor]: [26] PICKUP:B from A: predicted 18.3 m, 77 s, 0.23 Wh
[bt_navigator-13] [INFO] [1789937513.916439858] [bt_navigator]: Begin navigating from current location (-5.86, 3.06) to (6.03, 3.08)
[controller_server-8] [INFO] [1789937513.938896769] [controller_server]: Received a goal, begin computing control effort.
[controller_server-8] [INFO] [1789937515.039187023] [controller_server]: Passing new path to controller.
[controller_server-8] [INFO] [1789937516.039175026] [controller_server]: Passing new path to controller.
[controller_server-8] [INFO] [1789937517.039178443] [controller_server]: Passing new path to controller.
[controller_server-8] [INFO] [1789937518.867183024] [controller_server]: Passing new path to controller.
[controller_server-8] [INFO] [1789937519.863500413] [controller_server]: Passing new path to controller.
[controller_server-8] [INFO] [1789937520.963591941] [controller_server]: Passing new path to controller.
[controller_server-8] [INFO] [1789937521.963711200] [controller_server]: Passing new path to controller.
[controller_server-8] [INFO] [1789937522.963510603] [controller_server]: Passing new path to controller.
[controller_server-8] [INFO] [1789937523.963541501] [controller_server]: Passing new path to controller.
[controller_server-8] [INFO] [1789937525.063520687] [controller_server]: Passing new path to controller.
[controller_server-8] [INFO] [1789937526.063510890] [controller_server]: Passing new path to controller.
[controller_server-8] [INFO] [1789937527.063561264] [controller_server]: Passing new path to controller.
[controller_server-8] [INFO] [1789937528.063513970] [controller_server]: Passing new path to controller.
[controller_server-8] [INFO] [1789937529.163567667] [controller_server]: Passing new path to controller.
[controller_server-8] [INFO] [1789937530.163516861] [controller_server]: Passing new path to controller.
[controller_server-8] [INFO] [1789937531.163550376] [controller_server]: Passing new path to controller.
[controller_server-8] [INFO] [1789937532.163627714] [controller_server]: Passing new path to controller.
[controller_server-8] [INFO] [1789937533.263527034] [controller_server]: Passing new path to controller.
[controller_server-8] [INFO] [1789937534.263578873] [controller_server]: Passing new path to controller.
[controller_server-8] [INFO] [1789937535.263618399] [controller_server]: Passing new path to controller.
[controller_server-8] [INFO] [1789937536.263557870] [controller_server]: Passing new path to controller.
[controller_server-8] [INFO] [1789937537.363509933] [controller_server]: Passing new path to controller.
[controller_server-8] [INFO] [1789937538.363492202] [controller_server]: Passing new path to controller.
[controller_server-8] [INFO] [1789937539.363572884] [controller_server]: Passing new path to controller.
[controller_server-8] [INFO] [1789937540.463611205] [controller_server]: Passing new path to controller.
[controller_server-8] [INFO] [1789937541.463590387] [controller_server]: Passing new path to controller.
[controller_server-8] [INFO] [1789937542.463565401] [controller_server]: Passing new path to controller.
[controller_server-8] [INFO] [1789937543.465502460] [controller_server]: Passing new path to controller.
[controller_server-8] [INFO] [1789937544.563516498] [controller_server]: Passing new path to controller.
[controller_server-8] [INFO] [1789937545.563516329] [controller_server]: Passing new path to controller.
[controller_server-8] [INFO] [1789937546.563524080] [controller_server]: Passing new path to controller.
[controller_server-8] [INFO] [1789937547.663597689] [controller_server]: Passing new path to controller.
[controller_server-8] [INFO] [1789937548.663571026] [controller_server]: Passing new path to controller.
[controller_server-8] [INFO] [1789937549.663586919] [controller_server]: Passing new path to controller.
[controller_server-8] [INFO] [1789937550.663553567] [controller_server]: Passing new path to controller.
[controller_server-8] [INFO] [1789937552.183367790] [controller_server]: Passing new path to controller.
[controller_server-8] [INFO] [1789937553.183515325] [controller_server]: Passing new path to controller.
[controller_server-8] [INFO] [1789937554.183371658] [controller_server]: Passing new path to controller.
[controller_server-8] [INFO] [1789937555.183441106] [controller_server]: Passing new path to controller.
[controller_server-8] [INFO] [1789937556.284533224] [controller_server]: Passing new path to controller.
[controller_server-8] [INFO] [1789937557.283374388] [controller_server]: Passing new path to controller.
[controller_server-8] [INFO] [1789937558.283427099] [controller_server]: Passing new path to controller.
[controller_server-8] [INFO] [1789937558.684694612] [controller_server]: Reached the goal!
[controller_server-8] [INFO] [1789937558.684978895] [controller_server]: Optimizer reset
[bt_navigator-13] [INFO] [1789937558.712883339] [bt_navigator]: Goal succeeded
[factory_node-20] [INFO] [1789937590.364717016] [factory]: pickup B: took 1 units (0.40 kg), 0 left
[mission_executor-22] [INFO] [1789937591.567345429] [mission_executor]: [26] PICKUP:B done: took 1 units (0.40 kg), 0 left | measured 18.3 m, 74 s, 0.23 Wh, battery 27.4 -> 26.4 %
[python-19] INFO:     127.0.0.1:32982 - "POST /decide HTTP/1.1" 200 OK
[mission_executor-22] [INFO] [1789937591.572317295] [mission_executor]: decision: DELIVER - PPO policy (probability 0.39)
[mission_executor-22] [INFO] [1789937591.574762936] [mission_executor]: [27] DELIVER from B: predicted 10.3 m, 56 s, 0.16 Wh
[bt_navigator-13] [INFO] [1789937591.575695906] [bt_navigator]: Begin navigating from current location (5.91, 2.91) to (-0.23, -3.98)
[controller_server-8] [INFO] [1789937591.596718042] [controller_server]: Received a goal, begin computing control effort.
[controller_server-8] [INFO] [1789937592.697121283] [controller_server]: Passing new path to controller.
[controller_server-8] [INFO] [1789937593.697110017] [controller_server]: Passing new path to controller.
[controller_server-8] [INFO] [1789937594.697122995] [controller_server]: Passing new path to controller.
[controller_server-8] [INFO] [1789937595.697112214] [controller_server]: Passing new path to controller.
[controller_server-8] [INFO] [1789937596.797095186] [controller_server]: Passing new path to controller.
[controller_server-8] [INFO] [1789937597.797088646] [controller_server]: Passing new path to controller.
[controller_server-8] [INFO] [1789937598.797157701] [controller_server]: Passing new path to controller.
[controller_server-8] [INFO] [1789937599.897107756] [controller_server]: Passing new path to controller.
[controller_server-8] [INFO] [1789937600.897094529] [controller_server]: Passing new path to controller.
[controller_server-8] [INFO] [1789937601.897090896] [controller_server]: Passing new path to controller.
[controller_server-8] [INFO] [1789937602.897096276] [controller_server]: Passing new path to controller.
[controller_server-8] [INFO] [1789937603.997083839] [controller_server]: Passing new path to controller.
[controller_server-8] [INFO] [1789937604.997102038] [controller_server]: Passing new path to controller.
[controller_server-8] [INFO] [1789937605.997097559] [controller_server]: Passing new path to controller.
[controller_server-8] [INFO] [1789937607.097113847] [controller_server]: Passing new path to controller.
[controller_server-8] [INFO] [1789937608.097095613] [controller_server]: Passing new path to controller.
[controller_server-8] [INFO] [1789937609.097104696] [controller_server]: Passing new path to controller.
[controller_server-8] [INFO] [1789937610.097097602] [controller_server]: Passing new path to controller.
[controller_server-8] [INFO] [1789937611.197153507] [controller_server]: Passing new path to controller.
[controller_server-8] [INFO] [1789937612.197101661] [controller_server]: Passing new path to controller.
[controller_server-8] [INFO] [1789937613.197095867] [controller_server]: Passing new path to controller.
[controller_server-8] [INFO] [1789937614.197094103] [controller_server]: Passing new path to controller.
[controller_server-8] [INFO] [1789937615.297102553] [controller_server]: Passing new path to controller.
[controller_server-8] [INFO] [1789937616.297102534] [controller_server]: Passing new path to controller.
[controller_server-8] [INFO] [1789937616.898543677] [controller_server]: Reached the goal!
[controller_server-8] [INFO] [1789937616.898810694] [controller_server]: Optimizer reset
[bt_navigator-13] [INFO] [1789937616.926052531] [bt_navigator]: Goal succeeded
[mission_executor-22] [INFO] [1789937649.700417349] [mission_executor]: [27] DELIVER done: delivered 2 units | measured 10.2 m, 57 s, 0.16 Wh, battery 26.4 -> 25.7 %
[python-19] INFO:     127.0.0.1:54658 - "POST /decide HTTP/1.1" 200 OK
[mission_executor-22] [INFO] [1789937649.705186404] [mission_executor]: decision: PICKUP:C - PPO policy (probability 0.44)
[mission_executor-22] [INFO] [1789937649.705857896] [mission_executor]: [28] PICKUP:C from delivery: predicted 6.3 m, 46 s, 0.11 Wh
[bt_navigator-13] [INFO] [1789937649.706973431] [bt_navigator]: Begin navigating from current location (-0.20, -3.86) to (6.03, -3.42)
[controller_server-8] [INFO] [1789937649.728531427] [controller_server]: Received a goal, begin computing control effort.
[controller_server-8] [INFO] [1789937650.828760076] [controller_server]: Passing new path to controller.
[controller_server-8] [INFO] [1789937652.071808463] [controller_server]: Passing new path to controller.
[controller_server-8] [INFO] [1789937653.071811854] [controller_server]: Passing new path to controller.
[controller_server-8] [INFO] [1789937654.071821350] [controller_server]: Passing new path to controller.
[controller_server-8] [INFO] [1789937655.171829986] [controller_server]: Passing new path to controller.
[controller_server-8] [INFO] [1789937656.171807034] [controller_server]: Passing new path to controller.
[controller_server-8] [INFO] [1789937657.171818681] [controller_server]: Passing new path to controller.
[controller_server-8] [INFO] [1789937658.271797824] [controller_server]: Passing new path to controller.
[controller_server-8] [INFO] [1789937659.272059899] [controller_server]: Passing new path to controller.
[controller_server-8] [INFO] [1789937660.271822377] [controller_server]: Passing new path to controller.
[controller_server-8] [INFO] [1789937661.271854570] [controller_server]: Passing new path to controller.
[controller_server-8] [INFO] [1789937662.371813947] [controller_server]: Passing new path to controller.
[controller_server-8] [INFO] [1789937663.372097977] [controller_server]: Passing new path to controller.
[controller_server-8] [INFO] [1789937664.371819274] [controller_server]: Passing new path to controller.
[controller_server-8] [INFO] [1789937665.371829733] [controller_server]: Passing new path to controller.
[collision_monitor-16] [INFO] [1789937665.439662328] [collision_monitor]: Robot to approach for 1.200000 seconds away from collision
[collision_monitor-16] [INFO] [1789937665.908981003] [collision_monitor]: Robot to continue normal operation
[collision_monitor-16] [INFO] [1789937665.971211432] [collision_monitor]: Robot to approach for 1.200000 seconds away from collision
[collision_monitor-16] [INFO] [1789937666.008926647] [collision_monitor]: Robot to continue normal operation
[controller_server-8] [INFO] [1789937666.472448218] [controller_server]: Passing new path to controller.
[controller_server-8] [INFO] [1789937667.072752992] [controller_server]: Reached the goal!
[controller_server-8] [INFO] [1789937667.072989765] [controller_server]: Optimizer reset
[bt_navigator-13] [INFO] [1789937667.100778154] [bt_navigator]: Goal succeeded
[factory_node-20] [INFO] [1789937698.783529700] [factory]: pickup C: took 1 units (1.50 kg), 0 left
[mission_executor-22] [INFO] [1789937699.988307179] [mission_executor]: [28] PICKUP:C done: took 1 units (1.50 kg), 0 left | measured 6.3 m, 48 s, 0.11 Wh, battery 25.7 -> 25.2 %
[python-19] INFO:     127.0.0.1:36808 - "POST /decide HTTP/1.1" 200 OK
[mission_executor-22] [INFO] [1789937700.005815094] [mission_executor]: decision: PICKUP:B - PPO policy (probability 0.77)
[mission_executor-22] [INFO] [1789937700.006747093] [mission_executor]: [29] PICKUP:B from C: predicted 9.2 m, 54 s, 0.15 Wh
[bt_navigator-13] [INFO] [1789937700.008755137] [bt_navigator]: Begin navigating from current location (5.96, -3.33) to (6.03, 3.08)
[controller_server-8] [INFO] [1789937700.030153184] [controller_server]: Received a goal, begin computing control effort.
[controller_server-8] [INFO] [1789937701.130408667] [controller_server]: Passing new path to controller.
[controller_server-8] [INFO] [1789937702.130402414] [controller_server]: Passing new path to controller.
[controller_server-8] [INFO] [1789937703.130395872] [controller_server]: Passing new path to controller.
[controller_server-8] [INFO] [1789937704.230395340] [controller_server]: Passing new path to controller.
[controller_server-8] [INFO] [1789937705.230399293] [controller_server]: Passing new path to controller.
[controller_server-8] [INFO] [1789937706.230391346] [controller_server]: Passing new path to controller.
[controller_server-8] [INFO] [1789937707.230393848] [controller_server]: Passing new path to controller.
[controller_server-8] [INFO] [1789937708.330420274] [controller_server]: Passing new path to controller.
[controller_server-8] [INFO] [1789937709.330439030] [controller_server]: Passing new path to controller.
[controller_server-8] [INFO] [1789937710.330448014] [controller_server]: Passing new path to controller.
[controller_server-8] [INFO] [1789937711.430459831] [controller_server]: Passing new path to controller.
[controller_server-8] [INFO] [1789937712.430429164] [controller_server]: Passing new path to controller.
[controller_server-8] [INFO] [1789937713.430413263] [controller_server]: Passing new path to controller.
[controller_server-8] [INFO] [1789937714.430464226] [controller_server]: Passing new path to controller.
[controller_server-8] [INFO] [1789937715.530465312] [controller_server]: Passing new path to controller.
[controller_server-8] [INFO] [1789937716.530422276] [controller_server]: Passing new path to controller.
[controller_server-8] [INFO] [1789937718.588415593] [controller_server]: Passing new path to controller.
[controller_server-8] [INFO] [1789937718.688604878] [controller_server]: Passing new path to controller.
[controller_server-8] [INFO] [1789937719.688267055] [controller_server]: Passing new path to controller.
[controller_server-8] [INFO] [1789937720.688289476] [controller_server]: Passing new path to controller.
[controller_server-8] [INFO] [1789937721.788253855] [controller_server]: Passing new path to controller.
[controller_server-8] [INFO] [1789937722.788259998] [controller_server]: Passing new path to controller.
[controller_server-8] [INFO] [1789937722.790516571] [controller_server]: Reached the goal!
[controller_server-8] [INFO] [1789937722.790849058] [controller_server]: Optimizer reset
[bt_navigator-13] [INFO] [1789937722.823067286] [bt_navigator]: Goal succeeded
[factory_node-20] [INFO] [1789937754.596196951] [factory]: pickup B: took 2 units (0.80 kg), 0 left
[mission_executor-22] [INFO] [1789937755.799113272] [mission_executor]: [29] PICKUP:B done: took 2 units (0.80 kg), 0 left | measured 9.5 m, 53 s, 0.15 Wh, battery 25.2 -> 24.5 %
[python-19] INFO:     127.0.0.1:49174 - "POST /decide HTTP/1.1" 200 OK
[mission_executor-22] [INFO] [1789937755.803537379] [mission_executor]: decision: DELIVER - PPO policy (probability 0.63)
[mission_executor-22] [INFO] [1789937755.804071981] [mission_executor]: [30] DELIVER from B: predicted 10.3 m, 56 s, 0.17 Wh
[bt_navigator-13] [INFO] [1789937755.805487800] [bt_navigator]: Begin navigating from current location (5.90, 2.89) to (-0.23, -3.98)
[controller_server-8] [INFO] [1789937755.826429631] [controller_server]: Received a goal, begin computing control effort.
[controller_server-8] [INFO] [1789937756.927118331] [controller_server]: Passing new path to controller.
[controller_server-8] [INFO] [1789937757.927076043] [controller_server]: Passing new path to controller.
[controller_server-8] [INFO] [1789937758.927115347] [controller_server]: Passing new path to controller.
[controller_server-8] [INFO] [1789937760.027177292] [controller_server]: Passing new path to controller.
[controller_server-8] [INFO] [1789937761.027121826] [controller_server]: Passing new path to controller.
[controller_server-8] [INFO] [1789937762.027186406] [controller_server]: Passing new path to controller.
[controller_server-8] [INFO] [1789937763.027191667] [controller_server]: Passing new path to controller.
[controller_server-8] [INFO] [1789937764.127100197] [controller_server]: Passing new path to controller.
[controller_server-8] [INFO] [1789937765.127102361] [controller_server]: Passing new path to controller.
[controller_server-8] [INFO] [1789937766.127121557] [controller_server]: Passing new path to controller.
[controller_server-8] [INFO] [1789937767.127124979] [controller_server]: Passing new path to controller.
[controller_server-8] [INFO] [1789937768.227146152] [controller_server]: Passing new path to controller.
[controller_server-8] [INFO] [1789937769.227092962] [controller_server]: Passing new path to controller.
[controller_server-8] [INFO] [1789937770.227176210] [controller_server]: Passing new path to controller.
[controller_server-8] [INFO] [1789937771.327160496] [controller_server]: Passing new path to controller.
[controller_server-8] [INFO] [1789937772.327179948] [controller_server]: Passing new path to controller.
[controller_server-8] [INFO] [1789937773.327205012] [controller_server]: Passing new path to controller.
[controller_server-8] [INFO] [1789937774.327116206] [controller_server]: Passing new path to controller.
[controller_server-8] [INFO] [1789937775.327121146] [controller_server]: Passing new path to controller.
[controller_server-8] [INFO] [1789937776.427127394] [controller_server]: Passing new path to controller.
[controller_server-8] [INFO] [1789937777.427095474] [controller_server]: Passing new path to controller.
[controller_server-8] [INFO] [1789937778.427090628] [controller_server]: Passing new path to controller.
[controller_server-8] [INFO] [1789937779.427087856] [controller_server]: Passing new path to controller.
[controller_server-8] [INFO] [1789937780.527088731] [controller_server]: Passing new path to controller.
[controller_server-8] [INFO] [1789937781.527087606] [controller_server]: Passing new path to controller.
[controller_server-8] [INFO] [1789937782.028146168] [controller_server]: Reached the goal!
[controller_server-8] [INFO] [1789937782.028335300] [controller_server]: Optimizer reset
[bt_navigator-13] [INFO] [1789937782.056025710] [bt_navigator]: Goal succeeded
[mission_executor-22] [INFO] [1789937814.889596367] [mission_executor]: [30] DELIVER done: delivered 3 units | measured 10.3 m, 58 s, 0.18 Wh, battery 24.5 -> 23.7 %
[python-19] INFO:     127.0.0.1:34688 - "POST /decide HTTP/1.1" 200 OK
[mission_executor-22] [INFO] [1789937814.897766539] [mission_executor]: decision: PICKUP:A - PPO policy (probability 0.70)
[mission_executor-22] [INFO] [1789937814.898351805] [mission_executor]: [31] PICKUP:A from delivery: predicted 10.0 m, 56 s, 0.14 Wh
[bt_navigator-13] [INFO] [1789937814.899721234] [bt_navigator]: Begin navigating from current location (-0.16, -3.90) to (-5.97, 3.08)
[controller_server-8] [INFO] [1789937814.922217376] [controller_server]: Received a goal, begin computing control effort.
[controller_server-8] [INFO] [1789937816.022396124] [controller_server]: Passing new path to controller.
[controller_server-8] [INFO] [1789937817.022427850] [controller_server]: Passing new path to controller.
[controller_server-8] [INFO] [1789937818.590807252] [controller_server]: Passing new path to controller.
[controller_server-8] [INFO] [1789937819.591173221] [controller_server]: Passing new path to controller.
[controller_server-8] [INFO] [1789937820.590795490] [controller_server]: Passing new path to controller.
[controller_server-8] [INFO] [1789937821.690809970] [controller_server]: Passing new path to controller.
[controller_server-8] [INFO] [1789937822.690774948] [controller_server]: Passing new path to controller.
[controller_server-8] [INFO] [1789937823.690777363] [controller_server]: Passing new path to controller.
[controller_server-8] [INFO] [1789937824.790828796] [controller_server]: Passing new path to controller.
[controller_server-8] [INFO] [1789937825.790848572] [controller_server]: Passing new path to controller.
[controller_server-8] [INFO] [1789937826.790809574] [controller_server]: Passing new path to controller.
[controller_server-8] [INFO] [1789937827.790765628] [controller_server]: Passing new path to controller.
[controller_server-8] [INFO] [1789937828.890795960] [controller_server]: Passing new path to controller.
[controller_server-8] [INFO] [1789937829.890816263] [controller_server]: Passing new path to controller.
[controller_server-8] [INFO] [1789937830.890826538] [controller_server]: Passing new path to controller.
[controller_server-8] [INFO] [1789937831.890852915] [controller_server]: Passing new path to controller.
[controller_server-8] [INFO] [1789937832.890766202] [controller_server]: Passing new path to controller.
[controller_server-8] [INFO] [1789937833.990823040] [controller_server]: Passing new path to controller.
[controller_server-8] [INFO] [1789937834.990798029] [controller_server]: Passing new path to controller.
[controller_server-8] [INFO] [1789937835.990840795] [controller_server]: Passing new path to controller.
[controller_server-8] [INFO] [1789937836.990760009] [controller_server]: Passing new path to controller.
[controller_server-8] [INFO] [1789937838.090803465] [controller_server]: Passing new path to controller.
[controller_server-8] [INFO] [1789937838.693273854] [controller_server]: Reached the goal!
[controller_server-8] [INFO] [1789937838.695151326] [controller_server]: Optimizer reset
[bt_navigator-13] [INFO] [1789937838.718641143] [bt_navigator]: Goal succeeded
[factory_node-20] [INFO] [1789937870.495135908] [factory]: pickup A: took 2 units (1.00 kg), 0 left
[mission_executor-22] [INFO] [1789937871.697477887] [mission_executor]: [31] PICKUP:A done: took 2 units (1.00 kg), 0 left | measured 10.1 m, 54 s, 0.14 Wh, battery 23.7 -> 23.0 %
[python-19] INFO:     127.0.0.1:36460 - "POST /decide HTTP/1.1" 200 OK
[mission_executor-22] [INFO] [1789937871.701770425] [mission_executor]: decision: DELIVER - PPO policy (probability 0.72)
[mission_executor-22] [INFO] [1789937871.702404423] [mission_executor]: [32] DELIVER from A: predicted 10.0 m, 56 s, 0.16 Wh
[bt_navigator-13] [INFO] [1789937871.704084949] [bt_navigator]: Begin navigating from current location (-5.89, 3.02) to (-0.23, -3.98)
[controller_server-8] [INFO] [1789937871.725010089] [controller_server]: Received a goal, begin computing control effort.
[controller_server-8] [INFO] [1789937872.825184507] [controller_server]: Passing new path to controller.
[controller_server-8] [INFO] [1789937873.825194749] [controller_server]: Passing new path to controller.
[controller_server-8] [INFO] [1789937874.826046319] [controller_server]: Passing new path to controller.
[controller_server-8] [INFO] [1789937875.825168266] [controller_server]: Passing new path to controller.
[controller_server-8] [INFO] [1789937876.925276350] [controller_server]: Passing new path to controller.
[controller_server-8] [INFO] [1789937877.925196912] [controller_server]: Passing new path to controller.
[controller_server-8] [INFO] [1789937878.925170724] [controller_server]: Passing new path to controller.
[controller_server-8] [INFO] [1789937880.025203160] [controller_server]: Passing new path to controller.
[controller_server-8] [INFO] [1789937881.025188803] [controller_server]: Passing new path to controller.
[controller_server-8] [INFO] [1789937882.025226428] [controller_server]: Passing new path to controller.
[controller_server-8] [INFO] [1789937883.125164502] [controller_server]: Passing new path to controller.
[controller_server-8] [WARN] [1789937885.217913758] [controller_server]: [follow_path] [ActionServer] Aborting handle.
[controller_server-8] [INFO] [1789937885.226623043] [controller_server]: Passing new path to controller.
[controller_server-8] [INFO] [1789937886.326633962] [controller_server]: Passing new path to controller.
[controller_server-8] [INFO] [1789937887.326653028] [controller_server]: Passing new path to controller.
[controller_server-8] [INFO] [1789937888.326647344] [controller_server]: Passing new path to controller.
[controller_server-8] [INFO] [1789937889.426638775] [controller_server]: Passing new path to controller.
[controller_server-8] [INFO] [1789937890.426633189] [controller_server]: Passing new path to controller.
[controller_server-8] [INFO] [1789937891.426646241] [controller_server]: Passing new path to controller.
[controller_server-8] [INFO] [1789937892.426593369] [controller_server]: Passing new path to controller.
[controller_server-8] [INFO] [1789937893.526615864] [controller_server]: Passing new path to controller.
[controller_server-8] [INFO] [1789937894.526682009] [controller_server]: Passing new path to controller.
[controller_server-8] [INFO] [1789937895.526661919] [controller_server]: Passing new path to controller.
[controller_server-8] [INFO] [1789937896.526716140] [controller_server]: Passing new path to controller.
[controller_server-8] [INFO] [1789937897.626663970] [controller_server]: Passing new path to controller.
[controller_server-8] [INFO] [1789937898.626685132] [controller_server]: Passing new path to controller.
[controller_server-8] [INFO] [1789937899.327700706] [controller_server]: Reached the goal!
[controller_server-8] [INFO] [1789937899.328007969] [controller_server]: Optimizer reset
[bt_navigator-13] [INFO] [1789937899.359214951] [bt_navigator]: Goal succeeded
[mission_executor-22] [INFO] [1789937932.338394356] [mission_executor]: [32] DELIVER done: delivered 2 units | measured 10.2 m, 58 s, 0.16 Wh, battery 23.0 -> 22.3 %
[python-19] INFO:     127.0.0.1:55792 - "POST /decide HTTP/1.1" 200 OK
[mission_executor-22] [INFO] [1789937932.353188046] [mission_executor]: decision: PICKUP:B - PPO policy (probability 0.63)
[mission_executor-22] [INFO] [1789937932.353758111] [mission_executor]: [33] PICKUP:B from delivery: predicted 10.3 m, 56 s, 0.15 Wh
[bt_navigator-13] [INFO] [1789937932.354910657] [bt_navigator]: Begin navigating from current location (-0.27, -3.86) to (6.03, 3.08)
[controller_server-8] [INFO] [1789937932.376073525] [controller_server]: Received a goal, begin computing control effort.
[controller_server-8] [INFO] [1789937933.476266611] [controller_server]: Passing new path to controller.
[controller_server-8] [INFO] [1789937934.476238409] [controller_server]: Passing new path to controller.
[controller_server-8] [INFO] [1789937935.476451552] [controller_server]: Passing new path to controller.
[controller_server-8] [INFO] [1789937936.576329836] [controller_server]: Passing new path to controller.
[controller_server-8] [INFO] [1789937937.576426339] [controller_server]: Passing new path to controller.
[controller_server-8] [INFO] [1789937938.576362629] [controller_server]: Passing new path to controller.
[controller_server-8] [INFO] [1789937939.576258938] [controller_server]: Passing new path to controller.
[controller_server-8] [INFO] [1789937940.676262852] [controller_server]: Passing new path to controller.
[controller_server-8] [INFO] [1789937941.676258168] [controller_server]: Passing new path to controller.
[controller_server-8] [INFO] [1789937942.676336195] [controller_server]: Passing new path to controller.
[controller_server-8] [INFO] [1789937943.676284920] [controller_server]: Passing new path to controller.
[controller_server-8] [INFO] [1789937944.776274622] [controller_server]: Passing new path to controller.
[controller_server-8] [INFO] [1789937945.776258114] [controller_server]: Passing new path to controller.
[controller_server-8] [INFO] [1789937946.776272021] [controller_server]: Passing new path to controller.
[controller_server-8] [INFO] [1789937947.776352295] [controller_server]: Passing new path to controller.
[controller_server-8] [INFO] [1789937948.876279128] [controller_server]: Passing new path to controller.
[controller_server-8] [INFO] [1789937949.876430822] [controller_server]: Passing new path to controller.
[controller_server-8] [INFO] [1789937952.021232810] [controller_server]: Passing new path to controller.
[controller_server-8] [INFO] [1789937953.020431647] [controller_server]: Passing new path to controller.
[controller_server-8] [INFO] [1789937954.020366545] [controller_server]: Passing new path to controller.
[controller_server-8] [INFO] [1789937955.020369119] [controller_server]: Passing new path to controller.
[controller_server-8] [INFO] [1789937956.120373611] [controller_server]: Passing new path to controller.
[controller_server-8] [INFO] [1789937956.121649532] [controller_server]: Reached the goal!
[controller_server-8] [INFO] [1789937956.121835639] [controller_server]: Optimizer reset
[bt_navigator-13] [INFO] [1789937956.159696585] [bt_navigator]: Goal succeeded
[factory_node-20] [INFO] [1789937987.874807114] [factory]: pickup B: took 1 units (0.40 kg), 0 left
[mission_executor-22] [INFO] [1789937989.077322311] [mission_executor]: [33] PICKUP:B done: took 1 units (0.40 kg), 0 left | measured 10.1 m, 54 s, 0.14 Wh, battery 22.3 -> 21.6 %
[python-19] INFO:     127.0.0.1:57416 - "POST /decide HTTP/1.1" 200 OK
[mission_executor-22] [INFO] [1789937989.085239537] [mission_executor]: decision: DELIVER - PPO policy (probability 0.51)
[mission_executor-22] [INFO] [1789937989.085821087] [mission_executor]: [34] DELIVER from B: predicted 10.3 m, 56 s, 0.15 Wh
[bt_navigator-13] [INFO] [1789937989.087008851] [bt_navigator]: Begin navigating from current location (5.90, 2.93) to (-0.23, -3.98)
[controller_server-8] [INFO] [1789937989.110044875] [controller_server]: Received a goal, begin computing control effort.
[controller_server-8] [INFO] [1789937990.210499670] [controller_server]: Passing new path to controller.
[controller_server-8] [INFO] [1789937991.210513794] [controller_server]: Passing new path to controller.
[controller_server-8] [INFO] [1789937992.210434628] [controller_server]: Passing new path to controller.
[controller_server-8] [INFO] [1789937993.310479210] [controller_server]: Passing new path to controller.
[controller_server-8] [INFO] [1789937994.310426886] [controller_server]: Passing new path to controller.
[controller_server-8] [INFO] [1789937995.310439290] [controller_server]: Passing new path to controller.
[controller_server-8] [INFO] [1789937996.310474061] [controller_server]: Passing new path to controller.
[controller_server-8] [INFO] [1789937997.410484640] [controller_server]: Passing new path to controller.
[controller_server-8] [INFO] [1789937998.410430523] [controller_server]: Passing new path to controller.
[controller_server-8] [INFO] [1789937999.410459124] [controller_server]: Passing new path to controller.
[controller_server-8] [INFO] [1789938000.410420625] [controller_server]: Passing new path to controller.
[controller_server-8] [INFO] [1789938001.510430144] [controller_server]: Passing new path to controller.
[controller_server-8] [INFO] [1789938002.510455833] [controller_server]: Passing new path to controller.
[controller_server-8] [INFO] [1789938003.510480979] [controller_server]: Passing new path to controller.
[controller_server-8] [INFO] [1789938004.510456685] [controller_server]: Passing new path to controller.
[controller_server-8] [INFO] [1789938005.610503726] [controller_server]: Passing new path to controller.
[controller_server-8] [INFO] [1789938006.610509974] [controller_server]: Passing new path to controller.
[controller_server-8] [INFO] [1789938007.610432616] [controller_server]: Passing new path to controller.
[controller_server-8] [INFO] [1789938008.610438751] [controller_server]: Passing new path to controller.
[controller_server-8] [INFO] [1789938009.710462267] [controller_server]: Passing new path to controller.
[controller_server-8] [INFO] [1789938010.710435892] [controller_server]: Passing new path to controller.
[controller_server-8] [INFO] [1789938011.710479913] [controller_server]: Passing new path to controller.
[controller_server-8] [INFO] [1789938012.710434726] [controller_server]: Passing new path to controller.
[controller_server-8] [INFO] [1789938013.810445963] [controller_server]: Passing new path to controller.
[controller_server-8] [INFO] [1789938014.810448483] [controller_server]: Passing new path to controller.
[controller_server-8] [INFO] [1789938014.911630586] [controller_server]: Reached the goal!
[controller_server-8] [INFO] [1789938014.911879110] [controller_server]: Optimizer reset
[bt_navigator-13] [INFO] [1789938014.937736748] [bt_navigator]: Goal succeeded
[mission_executor-22] [INFO] [1789938047.944235840] [mission_executor]: [34] DELIVER done: delivered 1 units | measured 10.2 m, 57 s, 0.15 Wh, battery 21.6 -> 20.9 %
[python-19] INFO:     127.0.0.1:40484 - "POST /decide HTTP/1.1" 200 OK
[mission_executor-22] [INFO] [1789938047.950710062] [mission_executor]: decision: PICKUP:A - PPO policy (probability 0.41)
[mission_executor-22] [INFO] [1789938047.951463122] [mission_executor]: [35] PICKUP:A from delivery: predicted 10.0 m, 56 s, 0.14 Wh
[bt_navigator-13] [INFO] [1789938047.952792388] [bt_navigator]: Begin navigating from current location (-0.11, -3.85) to (-5.97, 3.08)
[controller_server-8] [INFO] [1789938047.974278676] [controller_server]: Received a goal, begin computing control effort.
[controller_server-8] [INFO] [1789938049.074494242] [controller_server]: Passing new path to controller.
[controller_server-8] [INFO] [1789938050.074475898] [controller_server]: Passing new path to controller.
[controller_server-8] [INFO] [1789938052.106298656] [controller_server]: Passing new path to controller.
[controller_server-8] [INFO] [1789938053.106299962] [controller_server]: Passing new path to controller.
[controller_server-8] [INFO] [1789938054.206316716] [controller_server]: Passing new path to controller.
[controller_server-8] [INFO] [1789938055.206467192] [controller_server]: Passing new path to controller.
[controller_server-8] [INFO] [1789938056.206431755] [controller_server]: Passing new path to controller.
[controller_server-8] [INFO] [1789938057.306335263] [controller_server]: Passing new path to controller.
[controller_server-8] [INFO] [1789938058.306274274] [controller_server]: Passing new path to controller.
[controller_server-8] [INFO] [1789938059.306301041] [controller_server]: Passing new path to controller.
[controller_server-8] [INFO] [1789938060.306313292] [controller_server]: Passing new path to controller.
[controller_server-8] [INFO] [1789938061.406355864] [controller_server]: Passing new path to controller.
[controller_server-8] [INFO] [1789938062.411048523] [controller_server]: Passing new path to controller.
[bt_navigator-13] [WARN] [1789938063.374108731] [bt_navigator_navigate_to_pose_rclcpp_node]: Timed out while waiting for action server to acknowledge goal request for compute_path_to_pose
[bt_navigator-13] [ERROR] [1789938063.420830441] [bt_navigator_navigate_to_pose_rclcpp_node]: Failed to cancel action server for follow_path
[bt_navigator-13] [ERROR] [1789938063.442162899] [bt_navigator_navigate_to_pose_rclcpp_node]: Failed to get result for follow_path in node halt!
[bt_navigator-13] [WARN] [1789938063.442801131] [bt_navigator]: [navigate_to_pose] [ActionServer] Aborting handle.
[bt_navigator-13] [ERROR] [1789938063.451250480] [bt_navigator]: Goal failed
[mission_executor-22] [WARN] [1789938063.489730117] [mission_executor]: drive to A failed (Nav2 aborted), attempt 1
[controller_server-8] [INFO] [1789938063.506352764] [controller_server]: Cancellation was successful. Stopping the robot.
[controller_server-8] [INFO] [1789938063.506449486] [controller_server]: [follow_path] [ActionServer] Client requested to cancel the goal. Cancelling.
[controller_server-8] [INFO] [1789938063.507160880] [controller_server]: Optimizer reset
[planner_server-10] [INFO] [1789938063.518465532] [global_costmap.global_costmap]: Received request to clear entirely the global_costmap
[controller_server-8] [INFO] [1789938063.568884618] [local_costmap.local_costmap]: Received request to clear entirely the local_costmap
[bt_navigator-13] [INFO] [1789938063.632878273] [bt_navigator]: Begin navigating from current location (-4.26, -0.55) to (-5.97, 3.08)
[planner_server-10] [WARN] [1789938064.288565537] [planner_server]: Planner loop missed its desired rate of 20.0000 Hz. Current loop rate is 1.7986 Hz
[controller_server-8] [INFO] [1789938064.294168452] [controller_server]: Received a goal, begin computing control effort.
[controller_server-8] [INFO] [1789938065.394437281] [controller_server]: Passing new path to controller.
[controller_server-8] [INFO] [1789938066.394455041] [controller_server]: Passing new path to controller.
[controller_server-8] [INFO] [1789938067.394527553] [controller_server]: Passing new path to controller.
[controller_server-8] [INFO] [1789938068.394553075] [controller_server]: Passing new path to controller.
[controller_server-8] [INFO] [1789938069.494735024] [controller_server]: Passing new path to controller.
[controller_server-8] [INFO] [1789938070.494475141] [controller_server]: Passing new path to controller.
[controller_server-8] [INFO] [1789938071.494453162] [controller_server]: Passing new path to controller.
[controller_server-8] [INFO] [1789938072.494446892] [controller_server]: Passing new path to controller.
[controller_server-8] [INFO] [1789938073.594633451] [controller_server]: Passing new path to controller.
[controller_server-8] [INFO] [1789938074.594507091] [controller_server]: Passing new path to controller.
[controller_server-8] [INFO] [1789938074.796220723] [controller_server]: Reached the goal!
[controller_server-8] [INFO] [1789938074.796512853] [controller_server]: Optimizer reset
[bt_navigator-13] [INFO] [1789938074.820186282] [bt_navigator]: Goal succeeded
[mission_executor-22] [INFO] [1789938075.322988213] [mission_executor]: reached A after recovery: ['attempt 1: Nav2 aborted', 'recovery: clear costmaps']
[factory_node-20] [INFO] [1789938106.804111628] [factory]: pickup A: took 1 units (0.50 kg), 0 left
[mission_executor-22] [INFO] [1789938108.010289956] [mission_executor]: [35] PICKUP:A done: took 1 units (0.50 kg), 0 left | measured 10.1 m, 56 s, 0.14 Wh, battery 20.9 -> 20.3 %
[python-19] INFO:     127.0.0.1:43896 - "POST /decide HTTP/1.1" 200 OK
[mission_executor-22] [INFO] [1789938108.026436629] [mission_executor]: decision: PICKUP:B - PPO policy (probability 0.61)
[mission_executor-22] [INFO] [1789938108.028650931] [mission_executor]: [36] PICKUP:B from A: predicted 18.3 m, 77 s, 0.23 Wh
[bt_navigator-13] [INFO] [1789938108.029954996] [bt_navigator]: Begin navigating from current location (-5.86, 3.05) to (6.03, 3.08)
[controller_server-8] [INFO] [1789938108.051918109] [controller_server]: Received a goal, begin computing control effort.
[controller_server-8] [INFO] [1789938109.152170674] [controller_server]: Passing new path to controller.
[controller_server-8] [INFO] [1789938110.152131479] [controller_server]: Passing new path to controller.
[controller_server-8] [INFO] [1789938111.152232235] [controller_server]: Passing new path to controller.
[controller_server-8] [INFO] [1789938112.252245110] [controller_server]: Passing new path to controller.
[controller_server-8] [INFO] [1789938113.252362121] [controller_server]: Passing new path to controller.
[controller_server-8] [INFO] [1789938114.252214889] [controller_server]: Passing new path to controller.
[controller_server-8] [INFO] [1789938115.252192474] [controller_server]: Passing new path to controller.
[controller_server-8] [INFO] [1789938116.352178644] [controller_server]: Passing new path to controller.
[controller_server-8] [INFO] [1789938117.352200370] [controller_server]: Passing new path to controller.
[controller_server-8] [INFO] [1789938119.060927422] [controller_server]: Passing new path to controller.
[controller_server-8] [INFO] [1789938120.060950413] [controller_server]: Passing new path to controller.
[controller_server-8] [INFO] [1789938121.160954114] [controller_server]: Passing new path to controller.
[controller_server-8] [INFO] [1789938122.160987712] [controller_server]: Passing new path to controller.
[controller_server-8] [INFO] [1789938123.160996032] [controller_server]: Passing new path to controller.
[controller_server-8] [INFO] [1789938124.160975607] [controller_server]: Passing new path to controller.
[controller_server-8] [INFO] [1789938125.261088048] [controller_server]: Passing new path to controller.
[controller_server-8] [INFO] [1789938126.261048382] [controller_server]: Passing new path to controller.
[controller_server-8] [INFO] [1789938127.260897524] [controller_server]: Passing new path to controller.
[controller_server-8] [INFO] [1789938128.360932916] [controller_server]: Passing new path to controller.
[controller_server-8] [INFO] [1789938129.360920080] [controller_server]: Passing new path to controller.
[controller_server-8] [INFO] [1789938130.360919351] [controller_server]: Passing new path to controller.
[controller_server-8] [INFO] [1789938131.360881817] [controller_server]: Passing new path to controller.
[controller_server-8] [INFO] [1789938132.461145880] [controller_server]: Passing new path to controller.
[controller_server-8] [INFO] [1789938133.460936045] [controller_server]: Passing new path to controller.
[controller_server-8] [INFO] [1789938134.461035070] [controller_server]: Passing new path to controller.
[controller_server-8] [INFO] [1789938135.460913075] [controller_server]: Passing new path to controller.
[controller_server-8] [INFO] [1789938136.460934248] [controller_server]: Passing new path to controller.
[controller_server-8] [INFO] [1789938137.560931507] [controller_server]: Passing new path to controller.
[controller_server-8] [INFO] [1789938138.560939049] [controller_server]: Passing new path to controller.
[controller_server-8] [INFO] [1789938139.560924478] [controller_server]: Passing new path to controller.
[controller_server-8] [INFO] [1789938140.660944231] [controller_server]: Passing new path to controller.
[controller_server-8] [INFO] [1789938141.660907069] [controller_server]: Passing new path to controller.
[controller_server-8] [INFO] [1789938142.660878914] [controller_server]: Passing new path to controller.
[controller_server-8] [INFO] [1789938143.660874861] [controller_server]: Passing new path to controller.
[controller_server-8] [INFO] [1789938144.762107497] [controller_server]: Passing new path to controller.
[controller_server-8] [INFO] [1789938145.761322636] [controller_server]: Passing new path to controller.
[controller_server-8] [INFO] [1789938146.760948059] [controller_server]: Passing new path to controller.
[controller_server-8] [INFO] [1789938147.760956969] [controller_server]: Passing new path to controller.
[controller_server-8] [INFO] [1789938148.860957300] [controller_server]: Passing new path to controller.
[controller_server-8] [INFO] [1789938149.860947055] [controller_server]: Passing new path to controller.
[controller_server-8] [INFO] [1789938150.860918531] [controller_server]: Passing new path to controller.
[controller_server-8] [INFO] [1789938152.312010890] [controller_server]: Passing new path to controller.
[controller_server-8] [INFO] [1789938153.412522987] [controller_server]: Passing new path to controller.
[controller_server-8] [INFO] [1789938154.412024467] [controller_server]: Passing new path to controller.
[controller_server-8] [INFO] [1789938154.513962454] [controller_server]: Reached the goal!
[controller_server-8] [INFO] [1789938154.514291575] [controller_server]: Optimizer reset
[bt_navigator-13] [INFO] [1789938154.545363754] [bt_navigator]: Goal succeeded
[factory_node-20] [INFO] [1789938186.372682955] [factory]: pickup B: took 2 units (0.80 kg), 0 left
[mission_executor-22] [INFO] [1789938187.574747885] [mission_executor]: [36] PICKUP:B done: took 2 units (0.80 kg), 0 left | measured 19.5 m, 76 s, 0.24 Wh, battery 20.3 -> 19.2 %
[python-19] INFO:     127.0.0.1:53952 - "POST /decide HTTP/1.1" 200 OK
[mission_executor-22] [INFO] [1789938187.580121766] [mission_executor]: decision: DELIVER - PPO policy (probability 0.65)
[mission_executor-22] [INFO] [1789938187.581793167] [mission_executor]: [37] DELIVER from B: predicted 10.3 m, 56 s, 0.16 Wh
[bt_navigator-13] [INFO] [1789938187.583152883] [bt_navigator]: Begin navigating from current location (5.84, 2.93) to (-0.23, -3.98)
[controller_server-8] [INFO] [1789938187.605097961] [controller_server]: Received a goal, begin computing control effort.
[controller_server-8] [INFO] [1789938188.705381195] [controller_server]: Passing new path to controller.
[controller_server-8] [INFO] [1789938189.705830660] [controller_server]: Passing new path to controller.
[controller_server-8] [INFO] [1789938190.705332135] [controller_server]: Passing new path to controller.
[controller_server-8] [INFO] [1789938191.805362339] [controller_server]: Passing new path to controller.
[controller_server-8] [INFO] [1789938192.805354353] [controller_server]: Passing new path to controller.
[controller_server-8] [INFO] [1789938193.805301462] [controller_server]: Passing new path to controller.
[controller_server-8] [INFO] [1789938194.805374555] [controller_server]: Passing new path to controller.
[controller_server-8] [INFO] [1789938195.905491148] [controller_server]: Passing new path to controller.
[controller_server-8] [INFO] [1789938196.911042421] [controller_server]: Passing new path to controller.
[controller_server-8] [INFO] [1789938197.911352506] [controller_server]: Passing new path to controller.
[controller_server-8] [INFO] [1789938198.905353342] [controller_server]: Passing new path to controller.
[controller_server-8] [INFO] [1789938200.005355545] [controller_server]: Passing new path to controller.
[controller_server-8] [INFO] [1789938201.005347356] [controller_server]: Passing new path to controller.
[controller_server-8] [INFO] [1789938202.005350340] [controller_server]: Passing new path to controller.
[controller_server-8] [INFO] [1789938203.005315773] [controller_server]: Passing new path to controller.
[controller_server-8] [INFO] [1789938204.105366888] [controller_server]: Passing new path to controller.
[controller_server-8] [INFO] [1789938205.105364066] [controller_server]: Passing new path to controller.
[controller_server-8] [INFO] [1789938206.105313392] [controller_server]: Passing new path to controller.
[controller_server-8] [INFO] [1789938207.205354724] [controller_server]: Passing new path to controller.
[controller_server-8] [INFO] [1789938208.205308264] [controller_server]: Passing new path to controller.
[controller_server-8] [INFO] [1789938209.205312925] [controller_server]: Passing new path to controller.
[controller_server-8] [INFO] [1789938210.205316342] [controller_server]: Passing new path to controller.
[controller_server-8] [INFO] [1789938211.305371601] [controller_server]: Passing new path to controller.
[controller_server-8] [INFO] [1789938212.305391387] [controller_server]: Passing new path to controller.
[controller_server-8] [INFO] [1789938213.305372138] [controller_server]: Passing new path to controller.
[controller_server-8] [INFO] [1789938213.907211586] [controller_server]: Reached the goal!
[controller_server-8] [INFO] [1789938213.907597485] [controller_server]: Optimizer reset
[bt_navigator-13] [INFO] [1789938213.931070482] [bt_navigator]: Goal succeeded
[mission_executor-22] [INFO] [1789938247.021436014] [mission_executor]: [37] DELIVER done: delivered 3 units | measured 10.4 m, 58 s, 0.17 Wh, battery 19.2 -> 18.4 %
[python-19] INFO:     127.0.0.1:43532 - "POST /decide HTTP/1.1" 200 OK
[mission_executor-22] [INFO] [1789938247.026197658] [mission_executor]: decision: PICKUP:C - PPO policy (probability 0.65)
[mission_executor-22] [INFO] [1789938247.026771939] [mission_executor]: [38] PICKUP:C from delivery: predicted 6.3 m, 46 s, 0.11 Wh
[bt_navigator-13] [INFO] [1789938247.027840285] [bt_navigator]: Begin navigating from current location (-0.18, -3.84) to (6.03, -3.42)
[controller_server-8] [INFO] [1789938247.048967434] [controller_server]: Received a goal, begin computing control effort.
[controller_server-8] [INFO] [1789938248.149225547] [controller_server]: Passing new path to controller.
[controller_server-8] [INFO] [1789938249.149201165] [controller_server]: Passing new path to controller.
[controller_server-8] [INFO] [1789938250.149194943] [controller_server]: Passing new path to controller.
[controller_server-8] [INFO] [1789938251.149191777] [controller_server]: Passing new path to controller.
[controller_server-8] [INFO] [1789938252.512566075] [controller_server]: Passing new path to controller.
[controller_server-8] [INFO] [1789938253.512549118] [controller_server]: Passing new path to controller.
[controller_server-8] [INFO] [1789938254.512546340] [controller_server]: Passing new path to controller.
[controller_server-8] [INFO] [1789938255.612586076] [controller_server]: Passing new path to controller.
[controller_server-8] [INFO] [1789938256.612531437] [controller_server]: Passing new path to controller.
[controller_server-8] [INFO] [1789938257.612557018] [controller_server]: Passing new path to controller.
[controller_server-8] [INFO] [1789938258.612549094] [controller_server]: Passing new path to controller.
[controller_server-8] [INFO] [1789938259.712538441] [controller_server]: Passing new path to controller.
[controller_server-8] [INFO] [1789938260.712789232] [controller_server]: Passing new path to controller.
[controller_server-8] [INFO] [1789938261.712687726] [controller_server]: Passing new path to controller.
[collision_monitor-16] [INFO] [1789938262.016093878] [collision_monitor]: Robot to approach for 1.200000 seconds away from collision
[controller_server-8] [INFO] [1789938262.712522089] [controller_server]: Passing new path to controller.
[collision_monitor-16] [INFO] [1789938262.765894586] [collision_monitor]: Robot to continue normal operation
[controller_server-8] [INFO] [1789938263.812561760] [controller_server]: Passing new path to controller.
[controller_server-8] [INFO] [1789938263.814209999] [controller_server]: Reached the goal!
[controller_server-8] [INFO] [1789938263.814396537] [controller_server]: Optimizer reset
[bt_navigator-13] [INFO] [1789938263.852064435] [bt_navigator]: Goal succeeded
[factory_node-20] [INFO] [1789938295.714752396] [factory]: pickup C: took 1 units (1.50 kg), 0 left
[mission_executor-22] [INFO] [1789938296.917972078] [mission_executor]: [38] PICKUP:C done: took 1 units (1.50 kg), 0 left | measured 6.3 m, 47 s, 0.11 Wh, battery 18.4 -> 17.9 %
[python-19] INFO:     127.0.0.1:40412 - "POST /decide HTTP/1.1" 200 OK
[mission_executor-22] [INFO] [1789938296.922327364] [mission_executor]: decision: DELIVER - PPO policy (probability 0.45)
[mission_executor-22] [INFO] [1789938296.922874217] [mission_executor]: [39] DELIVER from C: predicted 6.3 m, 46 s, 0.12 Wh
[bt_navigator-13] [INFO] [1789938296.923894454] [bt_navigator]: Begin navigating from current location (5.99, -3.31) to (-0.23, -3.98)
[controller_server-8] [INFO] [1789938296.945150943] [controller_server]: Received a goal, begin computing control effort.
[controller_server-8] [INFO] [1789938298.045287974] [controller_server]: Passing new path to controller.
[controller_server-8] [INFO] [1789938299.045294633] [controller_server]: Passing new path to controller.
[controller_server-8] [INFO] [1789938300.045447272] [controller_server]: Passing new path to controller.
[controller_server-8] [INFO] [1789938301.145336913] [controller_server]: Passing new path to controller.
[controller_server-8] [INFO] [1789938302.145358574] [controller_server]: Passing new path to controller.
[controller_server-8] [INFO] [1789938303.145390833] [controller_server]: Passing new path to controller.
[controller_server-8] [INFO] [1789938304.145339730] [controller_server]: Passing new path to controller.
[controller_server-8] [INFO] [1789938305.245370210] [controller_server]: Passing new path to controller.
[controller_server-8] [INFO] [1789938306.245314517] [controller_server]: Passing new path to controller.
[controller_server-8] [INFO] [1789938307.245337990] [controller_server]: Passing new path to controller.
[controller_server-8] [INFO] [1789938308.245314214] [controller_server]: Passing new path to controller.
[controller_server-8] [INFO] [1789938309.345359330] [controller_server]: Passing new path to controller.
[controller_server-8] [INFO] [1789938310.345334908] [controller_server]: Passing new path to controller.
[controller_server-8] [INFO] [1789938311.345308064] [controller_server]: Passing new path to controller.
[controller_server-8] [INFO] [1789938312.345349607] [controller_server]: Passing new path to controller.
[controller_server-8] [INFO] [1789938313.445329726] [controller_server]: Passing new path to controller.
[controller_server-8] [INFO] [1789938313.546533147] [controller_server]: Reached the goal!
[controller_server-8] [INFO] [1789938313.546848825] [controller_server]: Optimizer reset
[bt_navigator-13] [INFO] [1789938313.574611247] [bt_navigator]: Goal succeeded
[mission_executor-22] [INFO] [1789938346.619968922] [mission_executor]: [39] DELIVER done: delivered 1 units | measured 6.4 m, 48 s, 0.12 Wh, battery 17.9 -> 17.4 %
[python-19] INFO:     127.0.0.1:50730 - "POST /decide HTTP/1.1" 200 OK
[mission_executor-22] [INFO] [1789938346.624987198] [mission_executor]: decision: PICKUP:A - PPO policy (probability 0.46)
[mission_executor-22] [INFO] [1789938346.625823044] [mission_executor]: [40] PICKUP:A from delivery: predicted 10.0 m, 56 s, 0.14 Wh
[bt_navigator-13] [INFO] [1789938346.627004972] [bt_navigator]: Begin navigating from current location (-0.13, -3.86) to (-5.97, 3.08)
[controller_server-8] [INFO] [1789938346.647890764] [controller_server]: Received a goal, begin computing control effort.
[controller_server-8] [INFO] [1789938347.748084915] [controller_server]: Passing new path to controller.
[controller_server-8] [INFO] [1789938348.748098416] [controller_server]: Passing new path to controller.
[controller_server-8] [INFO] [1789938349.748088502] [controller_server]: Passing new path to controller.
[controller_server-8] [INFO] [1789938350.848101938] [controller_server]: Passing new path to controller.
[controller_server-8] [INFO] [1789938352.714600589] [controller_server]: Passing new path to controller.
[controller_server-8] [INFO] [1789938353.814618020] [controller_server]: Passing new path to controller.
[controller_server-8] [INFO] [1789938354.814572105] [controller_server]: Passing new path to controller.
[controller_server-8] [INFO] [1789938355.814578724] [controller_server]: Passing new path to controller.
[controller_server-8] [INFO] [1789938356.814744872] [controller_server]: Passing new path to controller.
[controller_server-8] [INFO] [1789938357.914523767] [controller_server]: Passing new path to controller.
[controller_server-8] [INFO] [1789938358.914600916] [controller_server]: Passing new path to controller.
[controller_server-8] [INFO] [1789938359.914886412] [controller_server]: Passing new path to controller.
[controller_server-8] [INFO] [1789938360.914555024] [controller_server]: Passing new path to controller.
[controller_server-8] [INFO] [1789938362.014584311] [controller_server]: Passing new path to controller.
[controller_server-8] [INFO] [1789938363.014589431] [controller_server]: Passing new path to controller.
[controller_server-8] [INFO] [1789938364.014592942] [controller_server]: Passing new path to controller.
[controller_server-8] [INFO] [1789938365.114609709] [controller_server]: Passing new path to controller.
[controller_server-8] [INFO] [1789938366.114573420] [controller_server]: Passing new path to controller.
[controller_server-8] [INFO] [1789938367.114523952] [controller_server]: Passing new path to controller.
[controller_server-8] [INFO] [1789938368.114565148] [controller_server]: Passing new path to controller.
[controller_server-8] [INFO] [1789938369.114634671] [controller_server]: Passing new path to controller.
[controller_server-8] [INFO] [1789938369.915852731] [controller_server]: Reached the goal!
[controller_server-8] [INFO] [1789938369.916196230] [controller_server]: Optimizer reset
[bt_navigator-13] [INFO] [1789938369.944686490] [bt_navigator]: Goal succeeded
[factory_node-20] [INFO] [1789938401.771397253] [factory]: pickup A: took 2 units (1.00 kg), 0 left
[mission_executor-22] [INFO] [1789938402.974115665] [mission_executor]: [40] PICKUP:A done: took 2 units (1.00 kg), 0 left | measured 9.9 m, 54 s, 0.14 Wh, battery 17.4 -> 16.7 %
[python-19] INFO:     127.0.0.1:36058 - "POST /decide HTTP/1.1" 200 OK
[mission_executor-22] [INFO] [1789938402.980699160] [mission_executor]: decision: PICKUP:B - PPO policy (probability 0.48)
[mission_executor-22] [INFO] [1789938402.981314144] [mission_executor]: [41] PICKUP:B from A: predicted 18.3 m, 77 s, 0.24 Wh
[bt_navigator-13] [INFO] [1789938402.982521216] [bt_navigator]: Begin navigating from current location (-5.86, 2.92) to (6.03, 3.08)
[controller_server-8] [INFO] [1789938403.004441728] [controller_server]: Received a goal, begin computing control effort.
[controller_server-8] [INFO] [1789938404.104754418] [controller_server]: Passing new path to controller.
[controller_server-8] [INFO] [1789938405.105564158] [controller_server]: Passing new path to controller.
[controller_server-8] [INFO] [1789938406.104738577] [controller_server]: Passing new path to controller.
[controller_server-8] [INFO] [1789938407.204739718] [controller_server]: Passing new path to controller.
[controller_server-8] [INFO] [1789938408.204719219] [controller_server]: Passing new path to controller.
[controller_server-8] [INFO] [1789938409.204952117] [controller_server]: Passing new path to controller.
[controller_server-8] [INFO] [1789938410.204794185] [controller_server]: Passing new path to controller.
[controller_server-8] [INFO] [1789938411.304738291] [controller_server]: Passing new path to controller.
[controller_server-8] [INFO] [1789938412.304833261] [controller_server]: Passing new path to controller.
[controller_server-8] [INFO] [1789938413.304750008] [controller_server]: Passing new path to controller.
[controller_server-8] [INFO] [1789938414.304749958] [controller_server]: Passing new path to controller.
[controller_server-8] [INFO] [1789938415.404825503] [controller_server]: Passing new path to controller.
[controller_server-8] [INFO] [1789938416.405124927] [controller_server]: Passing new path to controller.
[controller_server-8] [INFO] [1789938417.404780944] [controller_server]: Passing new path to controller.
[controller_server-8] [INFO] [1789938419.415756285] [controller_server]: Passing new path to controller.
[controller_server-8] [INFO] [1789938420.515951130] [controller_server]: Passing new path to controller.
[controller_server-8] [INFO] [1789938421.515820327] [controller_server]: Passing new path to controller.
[controller_server-8] [INFO] [1789938422.515886739] [controller_server]: Passing new path to controller.
[controller_server-8] [INFO] [1789938423.617843433] [controller_server]: Passing new path to controller.
[controller_server-8] [INFO] [1789938424.615750517] [controller_server]: Passing new path to controller.
[controller_server-8] [INFO] [1789938425.615744590] [controller_server]: Passing new path to controller.
[controller_server-8] [INFO] [1789938426.615743235] [controller_server]: Passing new path to controller.
[controller_server-8] [INFO] [1789938427.715741373] [controller_server]: Passing new path to controller.
[controller_server-8] [INFO] [1789938428.715764911] [controller_server]: Passing new path to controller.
[controller_server-8] [INFO] [1789938429.715727314] [controller_server]: Passing new path to controller.
[controller_server-8] [INFO] [1789938430.815728503] [controller_server]: Passing new path to controller.
[controller_server-8] [INFO] [1789938431.815741836] [controller_server]: Passing new path to controller.
[controller_server-8] [INFO] [1789938432.815750591] [controller_server]: Passing new path to controller.
[controller_server-8] [INFO] [1789938433.815772956] [controller_server]: Passing new path to controller.
[controller_server-8] [INFO] [1789938434.915719562] [controller_server]: Passing new path to controller.
[controller_server-8] [INFO] [1789938435.915711991] [controller_server]: Passing new path to controller.
[controller_server-8] [INFO] [1789938436.915721882] [controller_server]: Passing new path to controller.
[controller_server-8] [INFO] [1789938438.015736359] [controller_server]: Passing new path to controller.
[controller_server-8] [INFO] [1789938439.015783217] [controller_server]: Passing new path to controller.
[controller_server-8] [INFO] [1789938440.016334867] [controller_server]: Passing new path to controller.
[controller_server-8] [INFO] [1789938441.015841073] [controller_server]: Passing new path to controller.
[controller_server-8] [INFO] [1789938442.115745727] [controller_server]: Passing new path to controller.
[controller_server-8] [INFO] [1789938443.115740894] [controller_server]: Passing new path to controller.
[controller_server-8] [INFO] [1789938444.115742654] [controller_server]: Passing new path to controller.
[controller_server-8] [INFO] [1789938445.115743832] [controller_server]: Passing new path to controller.
[controller_server-8] [INFO] [1789938446.117382304] [controller_server]: Reached the goal!
[controller_server-8] [INFO] [1789938446.117628683] [controller_server]: Optimizer reset
[controller_server-8] [INFO] [1789938446.124144403] [controller_server]: Received a goal, begin computing control effort.
[controller_server-8] [INFO] [1789938446.125727785] [controller_server]: Reached the goal!
[controller_server-8] [INFO] [1789938446.125867992] [controller_server]: Optimizer reset
[bt_navigator-13] [INFO] [1789938446.153692374] [bt_navigator]: Goal succeeded
[factory_node-20] [INFO] [1789938477.901455660] [factory]: pickup B: took 2 units (0.80 kg), 0 left
[mission_executor-22] [INFO] [1789938479.104865076] [mission_executor]: [41] PICKUP:B done: took 2 units (0.80 kg), 0 left | measured 18.1 m, 74 s, 0.24 Wh, battery 16.7 -> 15.6 %
[python-19] INFO:     127.0.0.1:33008 - "POST /decide HTTP/1.1" 200 OK
[mission_executor-22] [INFO] [1789938479.109958954] [mission_executor]: decision: DELIVER - PPO policy (probability 0.91)
[mission_executor-22] [INFO] [1789938479.110500193] [mission_executor]: [42] DELIVER from B: predicted 10.3 m, 56 s, 0.17 Wh
[bt_navigator-13] [INFO] [1789938479.111859304] [bt_navigator]: Begin navigating from current location (5.86, 2.92) to (-0.23, -3.98)
[controller_server-8] [INFO] [1789938479.132843247] [controller_server]: Received a goal, begin computing control effort.
[controller_server-8] [INFO] [1789938480.233095614] [controller_server]: Passing new path to controller.
[controller_server-8] [INFO] [1789938481.233130903] [controller_server]: Passing new path to controller.
[controller_server-8] [INFO] [1789938482.233129445] [controller_server]: Passing new path to controller.
[controller_server-8] [INFO] [1789938483.233207225] [controller_server]: Passing new path to controller.
[controller_server-8] [INFO] [1789938484.333140214] [controller_server]: Passing new path to controller.
[controller_server-8] [INFO] [1789938486.253752099] [controller_server]: Passing new path to controller.
[controller_server-8] [INFO] [1789938487.253781730] [controller_server]: Passing new path to controller.
[controller_server-8] [INFO] [1789938488.253710872] [controller_server]: Passing new path to controller.
[controller_server-8] [INFO] [1789938489.253709743] [controller_server]: Passing new path to controller.
[controller_server-8] [INFO] [1789938490.353730885] [controller_server]: Passing new path to controller.
[controller_server-8] [INFO] [1789938491.353746663] [controller_server]: Passing new path to controller.
[controller_server-8] [INFO] [1789938492.353714330] [controller_server]: Passing new path to controller.
[controller_server-8] [INFO] [1789938493.353684823] [controller_server]: Passing new path to controller.
[controller_server-8] [INFO] [1789938494.453742907] [controller_server]: Passing new path to controller.
[controller_server-8] [INFO] [1789938495.453685518] [controller_server]: Passing new path to controller.
[controller_server-8] [INFO] [1789938496.453717333] [controller_server]: Passing new path to controller.
[controller_server-8] [INFO] [1789938497.453683399] [controller_server]: Passing new path to controller.
[controller_server-8] [INFO] [1789938498.553729913] [controller_server]: Passing new path to controller.
[controller_server-8] [INFO] [1789938499.553779482] [controller_server]: Passing new path to controller.
[controller_server-8] [INFO] [1789938500.553718032] [controller_server]: Passing new path to controller.
[controller_server-8] [INFO] [1789938501.553722035] [controller_server]: Passing new path to controller.
[controller_server-8] [INFO] [1789938502.653727862] [controller_server]: Passing new path to controller.
[controller_server-8] [INFO] [1789938503.653723539] [controller_server]: Passing new path to controller.
[controller_server-8] [INFO] [1789938504.653763464] [controller_server]: Passing new path to controller.
[controller_server-8] [INFO] [1789938505.753725817] [controller_server]: Passing new path to controller.
[controller_server-8] [INFO] [1789938506.655025074] [controller_server]: Reached the goal!
[controller_server-8] [INFO] [1789938506.655209915] [controller_server]: Optimizer reset
[controller_server-8] [INFO] [1789938506.664151869] [controller_server]: Received a goal, begin computing control effort.
[controller_server-8] [INFO] [1789938506.665332756] [controller_server]: Reached the goal!
[controller_server-8] [INFO] [1789938506.665547903] [controller_server]: Optimizer reset
[bt_navigator-13] [INFO] [1789938506.693008362] [bt_navigator]: Goal succeeded
[robot_state_node-21] [WARN] [1789938519.636736040] [robot_state_node]: Battery 15% - below reserve.
[robot_state_node-21] [WARN] [1789938520.629847904] [robot_state_node]: Battery 15% - below reserve.
[robot_state_node-21] [WARN] [1789938521.629201649] [robot_state_node]: Battery 15% - below reserve.
[robot_state_node-21] [WARN] [1789938522.629111102] [robot_state_node]: Battery 15% - below reserve.
[robot_state_node-21] [WARN] [1789938523.629354113] [robot_state_node]: Battery 15% - below reserve.
[robot_state_node-21] [WARN] [1789938524.629791000] [robot_state_node]: Battery 15% - below reserve.
[robot_state_node-21] [WARN] [1789938525.629336256] [robot_state_node]: Battery 15% - below reserve.
[robot_state_node-21] [WARN] [1789938526.629412219] [robot_state_node]: Battery 15% - below reserve.
[robot_state_node-21] [WARN] [1789938527.629073519] [robot_state_node]: Battery 15% - below reserve.
[robot_state_node-21] [WARN] [1789938528.633586801] [robot_state_node]: Battery 15% - below reserve.
[robot_state_node-21] [WARN] [1789938529.633153332] [robot_state_node]: Battery 15% - below reserve.
[robot_state_node-21] [WARN] [1789938530.634323975] [robot_state_node]: Battery 15% - below reserve.
[robot_state_node-21] [WARN] [1789938531.652774692] [robot_state_node]: Battery 15% - below reserve.
[robot_state_node-21] [WARN] [1789938532.652460595] [robot_state_node]: Battery 15% - below reserve.
[robot_state_node-21] [WARN] [1789938533.652389062] [robot_state_node]: Battery 15% - below reserve.
[robot_state_node-21] [WARN] [1789938534.657655748] [robot_state_node]: Battery 15% - below reserve.
[robot_state_node-21] [WARN] [1789938535.657169092] [robot_state_node]: Battery 15% - below reserve.
[robot_state_node-21] [WARN] [1789938536.662747578] [robot_state_node]: Battery 15% - below reserve.
[robot_state_node-21] [WARN] [1789938537.663202318] [robot_state_node]: Battery 15% - below reserve.
[robot_state_node-21] [WARN] [1789938538.663007360] [robot_state_node]: Battery 15% - below reserve.
[mission_executor-22] [INFO] [1789938539.656218570] [mission_executor]: [42] DELIVER done: delivered 4 units | measured 10.2 m, 58 s, 0.17 Wh, battery 15.6 -> 14.9 %
[python-19] INFO:     127.0.0.1:49216 - "POST /decide HTTP/1.1" 200 OK
[mission_executor-22] [INFO] [1789938539.661004708] [mission_executor]: decision: PICKUP:B - PPO policy (probability 0.66)
[mission_executor-22] [INFO] [1789938539.661834761] [mission_executor]: [43] PICKUP:B from delivery: predicted 10.3 m, 56 s, 0.15 Wh
[bt_navigator-13] [INFO] [1789938539.663025810] [bt_navigator]: Begin navigating from current location (-0.13, -3.87) to (6.03, 3.08)
[robot_state_node-21] [WARN] [1789938539.672396761] [robot_state_node]: Battery 15% - below reserve.
[controller_server-8] [INFO] [1789938539.684060213] [controller_server]: Received a goal, begin computing control effort.
[robot_state_node-21] [WARN] [1789938540.676968246] [robot_state_node]: Battery 15% - below reserve.
[controller_server-8] [INFO] [1789938540.784299445] [controller_server]: Passing new path to controller.
[robot_state_node-21] [WARN] [1789938541.676437129] [robot_state_node]: Battery 15% - below reserve.
[controller_server-8] [INFO] [1789938541.784291613] [controller_server]: Passing new path to controller.
[robot_state_node-21] [WARN] [1789938542.682865313] [robot_state_node]: Battery 15% - below reserve.
[controller_server-8] [INFO] [1789938542.784316741] [controller_server]: Passing new path to controller.
[robot_state_node-21] [WARN] [1789938543.682662240] [robot_state_node]: Battery 15% - below reserve.
[controller_server-8] [INFO] [1789938543.784228107] [controller_server]: Passing new path to controller.
[robot_state_node-21] [WARN] [1789938544.682484201] [robot_state_node]: Battery 15% - below reserve.
[controller_server-8] [INFO] [1789938544.884307429] [controller_server]: Passing new path to controller.
[robot_state_node-21] [WARN] [1789938545.682963990] [robot_state_node]: Battery 15% - below reserve.
[controller_server-8] [INFO] [1789938545.884304430] [controller_server]: Passing new path to controller.
[robot_state_node-21] [WARN] [1789938546.687188940] [robot_state_node]: Battery 15% - below reserve.
[controller_server-8] [INFO] [1789938546.884226234] [controller_server]: Passing new path to controller.
[robot_state_node-21] [WARN] [1789938547.687147666] [robot_state_node]: Battery 15% - below reserve.
[controller_server-8] [INFO] [1789938547.984610404] [controller_server]: Passing new path to controller.
[robot_state_node-21] [WARN] [1789938548.690972788] [robot_state_node]: Battery 15% - below reserve.
[controller_server-8] [INFO] [1789938548.984446081] [controller_server]: Passing new path to controller.
[robot_state_node-21] [WARN] [1789938549.697505969] [robot_state_node]: Battery 15% - below reserve.
[controller_server-8] [INFO] [1789938549.984320836] [controller_server]: Passing new path to controller.
[robot_state_node-21] [WARN] [1789938550.697798948] [robot_state_node]: Battery 15% - below reserve.
[controller_server-8] [INFO] [1789938550.984391316] [controller_server]: Passing new path to controller.
[robot_state_node-21] [WARN] [1789938551.705798278] [robot_state_node]: Battery 15% - below reserve.
[controller_server-8] [INFO] [1789938552.993741993] [controller_server]: Passing new path to controller.
[robot_state_node-21] [WARN] [1789938553.822813060] [robot_state_node]: Battery 15% - below reserve.
[controller_server-8] [INFO] [1789938554.093603595] [controller_server]: Passing new path to controller.
[robot_state_node-21] [WARN] [1789938554.824917440] [robot_state_node]: Battery 15% - below reserve.
[controller_server-8] [INFO] [1789938555.093660158] [controller_server]: Passing new path to controller.
[robot_state_node-21] [WARN] [1789938555.821988251] [robot_state_node]: Battery 15% - below reserve.
[controller_server-8] [INFO] [1789938556.093665010] [controller_server]: Passing new path to controller.
[robot_state_node-21] [WARN] [1789938556.822304234] [robot_state_node]: Battery 15% - below reserve.
[controller_server-8] [INFO] [1789938557.193637282] [controller_server]: Passing new path to controller.
[robot_state_node-21] [WARN] [1789938557.822273079] [robot_state_node]: Battery 15% - below reserve.
[controller_server-8] [INFO] [1789938558.193672412] [controller_server]: Passing new path to controller.
[robot_state_node-21] [WARN] [1789938558.844641773] [robot_state_node]: Battery 15% - below reserve.
[controller_server-8] [INFO] [1789938559.193694771] [controller_server]: Passing new path to controller.
[robot_state_node-21] [WARN] [1789938559.844201133] [robot_state_node]: Battery 15% - below reserve.
[controller_server-8] [INFO] [1789938560.193682712] [controller_server]: Passing new path to controller.
[robot_state_node-21] [WARN] [1789938560.844211020] [robot_state_node]: Battery 14% - below reserve.
[controller_server-8] [INFO] [1789938561.294785651] [controller_server]: Passing new path to controller.
[robot_state_node-21] [WARN] [1789938561.844302021] [robot_state_node]: Battery 14% - below reserve.
[controller_server-8] [INFO] [1789938562.293619334] [controller_server]: Passing new path to controller.
[robot_state_node-21] [WARN] [1789938562.847877452] [robot_state_node]: Battery 14% - below reserve.
[controller_server-8] [INFO] [1789938562.894880670] [controller_server]: Reached the goal!
[controller_server-8] [INFO] [1789938562.895626940] [controller_server]: Optimizer reset
[bt_navigator-13] [INFO] [1789938562.922996750] [bt_navigator]: Goal succeeded
[robot_state_node-21] [WARN] [1789938563.857024724] [robot_state_node]: Battery 14% - below reserve.
[robot_state_node-21] [WARN] [1789938564.857114952] [robot_state_node]: Battery 14% - below reserve.
[robot_state_node-21] [WARN] [1789938565.862047287] [robot_state_node]: Battery 14% - below reserve.
[robot_state_node-21] [WARN] [1789938566.862084421] [robot_state_node]: Battery 14% - below reserve.
[robot_state_node-21] [WARN] [1789938567.867423379] [robot_state_node]: Battery 14% - below reserve.
[robot_state_node-21] [WARN] [1789938568.862320079] [robot_state_node]: Battery 14% - below reserve.
[robot_state_node-21] [WARN] [1789938569.862277291] [robot_state_node]: Battery 14% - below reserve.
[robot_state_node-21] [WARN] [1789938570.870695427] [robot_state_node]: Battery 14% - below reserve.
[robot_state_node-21] [WARN] [1789938571.875880726] [robot_state_node]: Battery 14% - below reserve.
[robot_state_node-21] [WARN] [1789938572.867046598] [robot_state_node]: Battery 14% - below reserve.
[robot_state_node-21] [WARN] [1789938573.879459013] [robot_state_node]: Battery 14% - below reserve.
[robot_state_node-21] [WARN] [1789938574.890551593] [robot_state_node]: Battery 14% - below reserve.
[robot_state_node-21] [WARN] [1789938575.894516585] [robot_state_node]: Battery 14% - below reserve.
[robot_state_node-21] [WARN] [1789938576.899904602] [robot_state_node]: Battery 14% - below reserve.
[robot_state_node-21] [WARN] [1789938577.900515089] [robot_state_node]: Battery 14% - below reserve.
[robot_state_node-21] [WARN] [1789938578.899764116] [robot_state_node]: Battery 14% - below reserve.
[robot_state_node-21] [WARN] [1789938579.899883348] [robot_state_node]: Battery 14% - below reserve.
[robot_state_node-21] [WARN] [1789938580.899621020] [robot_state_node]: Battery 14% - below reserve.
[robot_state_node-21] [WARN] [1789938581.899960225] [robot_state_node]: Battery 14% - below reserve.
[robot_state_node-21] [WARN] [1789938582.899945041] [robot_state_node]: Battery 14% - below reserve.
[robot_state_node-21] [WARN] [1789938583.900417064] [robot_state_node]: Battery 14% - below reserve.
[robot_state_node-21] [WARN] [1789938584.908610956] [robot_state_node]: Battery 14% - below reserve.
[robot_state_node-21] [WARN] [1789938587.028715365] [robot_state_node]: Battery 14% - below reserve.
[robot_state_node-21] [WARN] [1789938588.034403051] [robot_state_node]: Battery 14% - below reserve.
[robot_state_node-21] [WARN] [1789938589.034364478] [robot_state_node]: Battery 14% - below reserve.
[robot_state_node-21] [WARN] [1789938590.038923981] [robot_state_node]: Battery 14% - below reserve.
[robot_state_node-21] [WARN] [1789938591.039183439] [robot_state_node]: Battery 14% - below reserve.
[robot_state_node-21] [WARN] [1789938592.039514406] [robot_state_node]: Battery 14% - below reserve.
[robot_state_node-21] [WARN] [1789938593.039072165] [robot_state_node]: Battery 14% - below reserve.
[robot_state_node-21] [WARN] [1789938594.039300657] [robot_state_node]: Battery 14% - below reserve.
[factory_node-20] [INFO] [1789938594.634409694] [factory]: pickup B: took 1 units (0.40 kg), 0 left
[robot_state_node-21] [WARN] [1789938595.039848273] [robot_state_node]: Battery 14% - below reserve.
[mission_executor-22] [INFO] [1789938595.836614623] [mission_executor]: [43] PICKUP:B done: took 1 units (0.40 kg), 0 left | measured 10.0 m, 54 s, 0.14 Wh, battery 14.9 -> 14.2 %
[python-19] INFO:     127.0.0.1:47132 - "POST /decide HTTP/1.1" 200 OK
[mission_executor-22] [INFO] [1789938595.841522919] [mission_executor]: decision: DELIVER - PPO policy (probability 0.83)
[mission_executor-22] [INFO] [1789938595.842137000] [mission_executor]: [44] DELIVER from B: predicted 10.3 m, 56 s, 0.15 Wh
[bt_navigator-13] [INFO] [1789938595.844018300] [bt_navigator]: Begin navigating from current location (5.84, 2.95) to (-0.23, -3.98)
[controller_server-8] [INFO] [1789938595.865119112] [controller_server]: Received a goal, begin computing control effort.
[robot_state_node-21] [WARN] [1789938596.045297322] [robot_state_node]: Battery 14% - below reserve.
[controller_server-8] [INFO] [1789938596.965344757] [controller_server]: Passing new path to controller.
[robot_state_node-21] [WARN] [1789938597.044616584] [robot_state_node]: Battery 14% - below reserve.
[controller_server-8] [INFO] [1789938597.965349832] [controller_server]: Passing new path to controller.
[robot_state_node-21] [WARN] [1789938598.044821486] [robot_state_node]: Battery 14% - below reserve.
[controller_server-8] [INFO] [1789938598.965302576] [controller_server]: Passing new path to controller.
[robot_state_node-21] [WARN] [1789938599.045009586] [robot_state_node]: Battery 14% - below reserve.
[controller_server-8] [INFO] [1789938599.965308499] [controller_server]: Passing new path to controller.
[robot_state_node-21] [WARN] [1789938600.045152639] [robot_state_node]: Battery 14% - below reserve.
[robot_state_node-21] [WARN] [1789938601.045022109] [robot_state_node]: Battery 14% - below reserve.
[controller_server-8] [INFO] [1789938601.065332660] [controller_server]: Passing new path to controller.
[robot_state_node-21] [WARN] [1789938602.049103072] [robot_state_node]: Battery 14% - below reserve.
[controller_server-8] [INFO] [1789938602.065339356] [controller_server]: Passing new path to controller.
[robot_state_node-21] [WARN] [1789938603.063220591] [robot_state_node]: Battery 14% - below reserve.
[controller_server-8] [INFO] [1789938603.065393018] [controller_server]: Passing new path to controller.
[robot_state_node-21] [WARN] [1789938604.063533534] [robot_state_node]: Battery 14% - below reserve.
[controller_server-8] [INFO] [1789938604.065317669] [controller_server]: Passing new path to controller.
[robot_state_node-21] [WARN] [1789938605.081545863] [robot_state_node]: Battery 14% - below reserve.
[controller_server-8] [INFO] [1789938605.165334292] [controller_server]: Passing new path to controller.
[robot_state_node-21] [WARN] [1789938606.081174414] [robot_state_node]: Battery 14% - below reserve.
[controller_server-8] [INFO] [1789938606.165331711] [controller_server]: Passing new path to controller.
[robot_state_node-21] [WARN] [1789938607.082011760] [robot_state_node]: Battery 14% - below reserve.
[controller_server-8] [INFO] [1789938607.165355156] [controller_server]: Passing new path to controller.
[robot_state_node-21] [WARN] [1789938608.089313108] [robot_state_node]: Battery 14% - below reserve.
[controller_server-8] [INFO] [1789938608.265334478] [controller_server]: Passing new path to controller.
[robot_state_node-21] [WARN] [1789938609.089068261] [robot_state_node]: Battery 14% - below reserve.
[controller_server-8] [INFO] [1789938609.265293742] [controller_server]: Passing new path to controller.
[robot_state_node-21] [WARN] [1789938610.088844483] [robot_state_node]: Battery 14% - below reserve.
[controller_server-8] [INFO] [1789938610.265293016] [controller_server]: Passing new path to controller.
[robot_state_node-21] [WARN] [1789938611.089061011] [robot_state_node]: Battery 14% - below reserve.
[controller_server-8] [INFO] [1789938611.265276827] [controller_server]: Passing new path to controller.
[robot_state_node-21] [WARN] [1789938612.097634280] [robot_state_node]: Battery 14% - below reserve.
[controller_server-8] [INFO] [1789938612.365356562] [controller_server]: Passing new path to controller.
[robot_state_node-21] [WARN] [1789938613.097980987] [robot_state_node]: Battery 14% - below reserve.
[controller_server-8] [INFO] [1789938613.365294274] [controller_server]: Passing new path to controller.
[robot_state_node-21] [WARN] [1789938614.098108700] [robot_state_node]: Battery 14% - below reserve.
[controller_server-8] [INFO] [1789938614.365332592] [controller_server]: Passing new path to controller.
[robot_state_node-21] [WARN] [1789938615.097446821] [robot_state_node]: Battery 14% - below reserve.
[controller_server-8] [INFO] [1789938615.365341248] [controller_server]: Passing new path to controller.
[robot_state_node-21] [WARN] [1789938616.097456509] [robot_state_node]: Battery 14% - below reserve.
[controller_server-8] [INFO] [1789938616.465579698] [controller_server]: Passing new path to controller.
[robot_state_node-21] [WARN] [1789938617.103421500] [robot_state_node]: Battery 14% - below reserve.
[controller_server-8] [INFO] [1789938617.465418033] [controller_server]: Passing new path to controller.
[robot_state_node-21] [WARN] [1789938618.103246207] [robot_state_node]: Battery 14% - below reserve.
[controller_server-8] [INFO] [1789938618.465410034] [controller_server]: Passing new path to controller.
[controller_server-8] [INFO] [1789938619.772136133] [controller_server]: Passing new path to controller.
[robot_state_node-21] [WARN] [1789938620.215916320] [robot_state_node]: Battery 14% - below reserve.
[controller_server-8] [INFO] [1789938620.772137219] [controller_server]: Passing new path to controller.
[robot_state_node-21] [WARN] [1789938621.226772160] [robot_state_node]: Battery 14% - below reserve.
[controller_server-8] [INFO] [1789938621.872118108] [controller_server]: Passing new path to controller.
[robot_state_node-21] [WARN] [1789938622.236452788] [robot_state_node]: Battery 14% - below reserve.
[controller_server-8] [INFO] [1789938622.872085271] [controller_server]: Passing new path to controller.
[robot_state_node-21] [WARN] [1789938623.236490503] [robot_state_node]: Battery 14% - below reserve.
[controller_server-8] [INFO] [1789938623.773617222] [controller_server]: Reached the goal!
[controller_server-8] [INFO] [1789938623.774503269] [controller_server]: Optimizer reset
[bt_navigator-13] [INFO] [1789938623.801449712] [bt_navigator]: Goal succeeded
[robot_state_node-21] [WARN] [1789938624.247054478] [robot_state_node]: Battery 14% - below reserve.
[robot_state_node-21] [WARN] [1789938625.266085115] [robot_state_node]: Battery 14% - below reserve.
[robot_state_node-21] [WARN] [1789938626.253322471] [robot_state_node]: Battery 14% - below reserve.
[robot_state_node-21] [WARN] [1789938627.262649021] [robot_state_node]: Battery 14% - below reserve.
[robot_state_node-21] [WARN] [1789938628.253278713] [robot_state_node]: Battery 14% - below reserve.
[robot_state_node-21] [WARN] [1789938629.259390611] [robot_state_node]: Battery 14% - below reserve.
[robot_state_node-21] [WARN] [1789938630.269860217] [robot_state_node]: Battery 14% - below reserve.
[robot_state_node-21] [WARN] [1789938631.274614832] [robot_state_node]: Battery 14% - below reserve.
[robot_state_node-21] [WARN] [1789938632.281414792] [robot_state_node]: Battery 14% - below reserve.
[robot_state_node-21] [WARN] [1789938633.286626362] [robot_state_node]: Battery 14% - below reserve.
[robot_state_node-21] [WARN] [1789938634.286630971] [robot_state_node]: Battery 14% - below reserve.
[robot_state_node-21] [WARN] [1789938635.286999609] [robot_state_node]: Battery 14% - below reserve.
[robot_state_node-21] [WARN] [1789938636.286343128] [robot_state_node]: Battery 14% - below reserve.
[robot_state_node-21] [WARN] [1789938637.295585883] [robot_state_node]: Battery 14% - below reserve.
[robot_state_node-21] [WARN] [1789938638.286218214] [robot_state_node]: Battery 14% - below reserve.
[robot_state_node-21] [WARN] [1789938639.294731365] [robot_state_node]: Battery 14% - below reserve.
[robot_state_node-21] [WARN] [1789938640.309298625] [robot_state_node]: Battery 14% - below reserve.
[robot_state_node-21] [WARN] [1789938641.314787397] [robot_state_node]: Battery 14% - below reserve.
[robot_state_node-21] [WARN] [1789938642.314995901] [robot_state_node]: Battery 14% - below reserve.
[robot_state_node-21] [WARN] [1789938643.315092494] [robot_state_node]: Battery 14% - below reserve.
[robot_state_node-21] [WARN] [1789938644.315069930] [robot_state_node]: Battery 14% - below reserve.
[robot_state_node-21] [WARN] [1789938645.314920668] [robot_state_node]: Battery 14% - below reserve.
[robot_state_node-21] [WARN] [1789938646.315168892] [robot_state_node]: Battery 14% - below reserve.
[robot_state_node-21] [WARN] [1789938647.325293337] [robot_state_node]: Battery 14% - below reserve.
[robot_state_node-21] [WARN] [1789938648.335632776] [robot_state_node]: Battery 14% - below reserve.
[robot_state_node-21] [WARN] [1789938649.340854797] [robot_state_node]: Battery 14% - below reserve.
[robot_state_node-21] [WARN] [1789938650.341099292] [robot_state_node]: Battery 14% - below reserve.
[robot_state_node-21] [WARN] [1789938651.359533062] [robot_state_node]: Battery 14% - below reserve.
[robot_state_node-21] [WARN] [1789938653.482393868] [robot_state_node]: Battery 14% - below reserve.
[robot_state_node-21] [WARN] [1789938654.482615844] [robot_state_node]: Battery 14% - below reserve.
[robot_state_node-21] [WARN] [1789938655.498206072] [robot_state_node]: Battery 14% - below reserve.
[robot_state_node-21] [WARN] [1789938656.498113764] [robot_state_node]: Battery 14% - below reserve.
[mission_executor-22] [INFO] [1789938656.787095743] [mission_executor]: [44] DELIVER done: delivered 1 units | measured 10.3 m, 58 s, 0.16 Wh, battery 14.2 -> 13.5 %
[python-19] INFO:     127.0.0.1:52298 - "POST /decide HTTP/1.1" 200 OK
[mission_executor-22] [INFO] [1789938656.800052545] [mission_executor]: decision: PICKUP:A - PPO policy (probability 0.50)
[mission_executor-22] [INFO] [1789938656.802018177] [mission_executor]: [45] PICKUP:A from delivery: predicted 10.0 m, 56 s, 0.14 Wh
[bt_navigator-13] [INFO] [1789938656.803419701] [bt_navigator]: Begin navigating from current location (-0.17, -3.85) to (-5.97, 3.08)
[controller_server-8] [INFO] [1789938656.824636528] [controller_server]: Received a goal, begin computing control effort.
[robot_state_node-21] [WARN] [1789938657.497706139] [robot_state_node]: Battery 13% - below reserve.
[controller_server-8] [INFO] [1789938657.924785760] [controller_server]: Passing new path to controller.
[robot_state_node-21] [WARN] [1789938658.497682006] [robot_state_node]: Battery 13% - below reserve.
[controller_server-8] [INFO] [1789938658.924786956] [controller_server]: Passing new path to controller.
[robot_state_node-21] [WARN] [1789938659.497415228] [robot_state_node]: Battery 13% - below reserve.
[controller_server-8] [INFO] [1789938659.924848474] [controller_server]: Passing new path to controller.
[robot_state_node-21] [WARN] [1789938660.499541748] [robot_state_node]: Battery 13% - below reserve.
[controller_server-8] [INFO] [1789938661.024838546] [controller_server]: Passing new path to controller.
[robot_state_node-21] [WARN] [1789938661.497358262] [robot_state_node]: Battery 13% - below reserve.
[controller_server-8] [INFO] [1789938662.025042268] [controller_server]: Passing new path to controller.
[robot_state_node-21] [WARN] [1789938662.508583802] [robot_state_node]: Battery 13% - below reserve.
[controller_server-8] [INFO] [1789938663.024817735] [controller_server]: Passing new path to controller.
[robot_state_node-21] [WARN] [1789938663.509033457] [robot_state_node]: Battery 13% - below reserve.
[controller_server-8] [INFO] [1789938664.024837782] [controller_server]: Passing new path to controller.
[robot_state_node-21] [WARN] [1789938664.508289025] [robot_state_node]: Battery 13% - below reserve.
[controller_server-8] [INFO] [1789938665.124900044] [controller_server]: Passing new path to controller.
[robot_state_node-21] [WARN] [1789938665.529633118] [robot_state_node]: Battery 13% - below reserve.
[controller_server-8] [INFO] [1789938666.124820842] [controller_server]: Passing new path to controller.
[robot_state_node-21] [WARN] [1789938666.533523950] [robot_state_node]: Battery 13% - below reserve.
[controller_server-8] [INFO] [1789938667.124832283] [controller_server]: Passing new path to controller.
[robot_state_node-21] [WARN] [1789938667.533279407] [robot_state_node]: Battery 13% - below reserve.
[controller_server-8] [INFO] [1789938668.224824739] [controller_server]: Passing new path to controller.
[robot_state_node-21] [WARN] [1789938668.541293245] [robot_state_node]: Battery 13% - below reserve.
[controller_server-8] [INFO] [1789938669.224850386] [controller_server]: Passing new path to controller.
[robot_state_node-21] [WARN] [1789938669.541528782] [robot_state_node]: Battery 13% - below reserve.
[controller_server-8] [INFO] [1789938670.224845109] [controller_server]: Passing new path to controller.
[robot_state_node-21] [WARN] [1789938670.541560613] [robot_state_node]: Battery 13% - below reserve.
[controller_server-8] [INFO] [1789938671.224783785] [controller_server]: Passing new path to controller.
[robot_state_node-21] [WARN] [1789938671.541287369] [robot_state_node]: Battery 13% - below reserve.
[controller_server-8] [INFO] [1789938672.324885342] [controller_server]: Passing new path to controller.
[robot_state_node-21] [WARN] [1789938672.556545216] [robot_state_node]: Battery 13% - below reserve.
[controller_server-8] [INFO] [1789938673.324847646] [controller_server]: Passing new path to controller.
[robot_state_node-21] [WARN] [1789938673.551440170] [robot_state_node]: Battery 13% - below reserve.
[controller_server-8] [INFO] [1789938674.324833436] [controller_server]: Passing new path to controller.
[robot_state_node-21] [WARN] [1789938674.556847598] [robot_state_node]: Battery 13% - below reserve.
[controller_server-8] [INFO] [1789938675.324848217] [controller_server]: Passing new path to controller.
[robot_state_node-21] [WARN] [1789938675.556484618] [robot_state_node]: Battery 13% - below reserve.
[controller_server-8] [INFO] [1789938676.424793660] [controller_server]: Passing new path to controller.
[robot_state_node-21] [WARN] [1789938676.556308345] [robot_state_node]: Battery 13% - below reserve.
[controller_server-8] [INFO] [1789938677.424820715] [controller_server]: Passing new path to controller.
[robot_state_node-21] [WARN] [1789938677.561689197] [robot_state_node]: Battery 13% - below reserve.
[controller_server-8] [INFO] [1789938678.424799354] [controller_server]: Passing new path to controller.
[robot_state_node-21] [WARN] [1789938678.561808735] [robot_state_node]: Battery 13% - below reserve.
[controller_server-8] [INFO] [1789938679.125810629] [controller_server]: Reached the goal!
[controller_server-8] [INFO] [1789938679.126041790] [controller_server]: Optimizer reset
[bt_navigator-13] [INFO] [1789938679.154051815] [bt_navigator]: Goal succeeded
[robot_state_node-21] [WARN] [1789938679.561141729] [robot_state_node]: Battery 13% - below reserve.
[robot_state_node-21] [WARN] [1789938680.579927950] [robot_state_node]: Battery 13% - below reserve.
[robot_state_node-21] [WARN] [1789938681.576339806] [robot_state_node]: Battery 13% - below reserve.
[robot_state_node-21] [WARN] [1789938682.579217710] [robot_state_node]: Battery 13% - below reserve.
[robot_state_node-21] [WARN] [1789938683.581133353] [robot_state_node]: Battery 13% - below reserve.
[robot_state_node-21] [WARN] [1789938684.578986182] [robot_state_node]: Battery 13% - below reserve.
[robot_state_node-21] [WARN] [1789938686.702004504] [robot_state_node]: Battery 13% - below reserve.
[robot_state_node-21] [WARN] [1789938687.701906618] [robot_state_node]: Battery 13% - below reserve.
[robot_state_node-21] [WARN] [1789938688.702650288] [robot_state_node]: Battery 13% - below reserve.
[robot_state_node-21] [WARN] [1789938689.720171043] [robot_state_node]: Battery 13% - below reserve.
[robot_state_node-21] [WARN] [1789938690.717631490] [robot_state_node]: Battery 13% - below reserve.
[robot_state_node-21] [WARN] [1789938691.718070647] [robot_state_node]: Battery 13% - below reserve.
[robot_state_node-21] [WARN] [1789938692.717639295] [robot_state_node]: Battery 13% - below reserve.
[robot_state_node-21] [WARN] [1789938693.728405945] [robot_state_node]: Battery 13% - below reserve.
[robot_state_node-21] [WARN] [1789938694.740095983] [robot_state_node]: Battery 13% - below reserve.
[robot_state_node-21] [WARN] [1789938695.728722318] [robot_state_node]: Battery 13% - below reserve.
[robot_state_node-21] [WARN] [1789938696.732389463] [robot_state_node]: Battery 13% - below reserve.
[robot_state_node-21] [WARN] [1789938697.732481673] [robot_state_node]: Battery 13% - below reserve.
[robot_state_node-21] [WARN] [1789938698.732647519] [robot_state_node]: Battery 13% - below reserve.
[robot_state_node-21] [WARN] [1789938699.733208500] [robot_state_node]: Battery 13% - below reserve.
[robot_state_node-21] [WARN] [1789938700.753613504] [robot_state_node]: Battery 13% - below reserve.
[robot_state_node-21] [WARN] [1789938701.743873620] [robot_state_node]: Battery 13% - below reserve.
[robot_state_node-21] [WARN] [1789938702.743632926] [robot_state_node]: Battery 13% - below reserve.
[robot_state_node-21] [WARN] [1789938703.743572745] [robot_state_node]: Battery 13% - below reserve.
[robot_state_node-21] [WARN] [1789938704.744000467] [robot_state_node]: Battery 13% - below reserve.
[robot_state_node-21] [WARN] [1789938705.743887331] [robot_state_node]: Battery 13% - below reserve.
[robot_state_node-21] [WARN] [1789938706.743468677] [robot_state_node]: Battery 13% - below reserve.
[robot_state_node-21] [WARN] [1789938707.743809681] [robot_state_node]: Battery 13% - below reserve.
[robot_state_node-21] [WARN] [1789938708.748513789] [robot_state_node]: Battery 13% - below reserve.
[robot_state_node-21] [WARN] [1789938709.754108706] [robot_state_node]: Battery 13% - below reserve.
[robot_state_node-21] [WARN] [1789938710.760039632] [robot_state_node]: Battery 13% - below reserve.
[factory_node-20] [INFO] [1789938710.871683183] [factory]: pickup A: took 1 units (0.50 kg), 0 left
[robot_state_node-21] [WARN] [1789938711.767677378] [robot_state_node]: Battery 13% - below reserve.
[mission_executor-22] [INFO] [1789938712.076513185] [mission_executor]: [45] PICKUP:A done: took 1 units (0.50 kg), 0 left | measured 9.9 m, 54 s, 0.14 Wh, battery 13.5 -> 12.9 %
[python-19] INFO:     127.0.0.1:54028 - "POST /decide HTTP/1.1" 200 OK
[mission_executor-22] [INFO] [1789938712.083209129] [mission_executor]: decision: DELIVER - PPO policy (probability 0.51)
[mission_executor-22] [INFO] [1789938712.085163824] [mission_executor]: [46] DELIVER from A: predicted 10.0 m, 56 s, 0.15 Wh
[bt_navigator-13] [INFO] [1789938712.086902146] [bt_navigator]: Begin navigating from current location (-5.85, 2.95) to (-0.23, -3.98)
[controller_server-8] [INFO] [1789938712.108605860] [controller_server]: Received a goal, begin computing control effort.
[robot_state_node-21] [WARN] [1789938712.775429253] [robot_state_node]: Battery 13% - below reserve.
[controller_server-8] [INFO] [1789938713.208892685] [controller_server]: Passing new path to controller.
[robot_state_node-21] [WARN] [1789938713.776107329] [robot_state_node]: Battery 13% - below reserve.
[controller_server-8] [INFO] [1789938714.208839793] [controller_server]: Passing new path to controller.
[robot_state_node-21] [WARN] [1789938714.779770482] [robot_state_node]: Battery 13% - below reserve.
[controller_server-8] [INFO] [1789938715.208863358] [controller_server]: Passing new path to controller.
[robot_state_node-21] [WARN] [1789938715.779861493] [robot_state_node]: Battery 13% - below reserve.
[controller_server-8] [INFO] [1789938716.308806063] [controller_server]: Passing new path to controller.
[robot_state_node-21] [WARN] [1789938716.779899159] [robot_state_node]: Battery 13% - below reserve.
[controller_server-8] [INFO] [1789938717.308854069] [controller_server]: Passing new path to controller.
[robot_state_node-21] [WARN] [1789938717.780147404] [robot_state_node]: Battery 13% - below reserve.
[controller_server-8] [INFO] [1789938718.308808624] [controller_server]: Passing new path to controller.
[robot_state_node-21] [WARN] [1789938719.896089561] [robot_state_node]: Battery 13% - below reserve.
[controller_server-8] [INFO] [1789938719.925167989] [controller_server]: Passing new path to controller.
[robot_state_node-21] [WARN] [1789938720.896471750] [robot_state_node]: Battery 13% - below reserve.
[controller_server-8] [INFO] [1789938720.925231651] [controller_server]: Passing new path to controller.
[robot_state_node-21] [WARN] [1789938721.903122617] [robot_state_node]: Battery 13% - below reserve.
[controller_server-8] [INFO] [1789938721.925131798] [controller_server]: Passing new path to controller.
[robot_state_node-21] [WARN] [1789938722.914971869] [robot_state_node]: Battery 13% - below reserve.
[controller_server-8] [INFO] [1789938722.925858800] [controller_server]: Passing new path to controller.
[robot_state_node-21] [WARN] [1789938723.913737939] [robot_state_node]: Battery 13% - below reserve.
[controller_server-8] [INFO] [1789938724.025213497] [controller_server]: Passing new path to controller.
[robot_state_node-21] [WARN] [1789938724.913161091] [robot_state_node]: Battery 13% - below reserve.
[controller_server-8] [INFO] [1789938725.025151504] [controller_server]: Passing new path to controller.
[robot_state_node-21] [WARN] [1789938725.912948972] [robot_state_node]: Battery 13% - below reserve.
[controller_server-8] [INFO] [1789938726.025182602] [controller_server]: Passing new path to controller.
[robot_state_node-21] [WARN] [1789938726.915744203] [robot_state_node]: Battery 13% - below reserve.
[controller_server-8] [INFO] [1789938727.025177837] [controller_server]: Passing new path to controller.
[robot_state_node-21] [WARN] [1789938727.913426649] [robot_state_node]: Battery 13% - below reserve.
[controller_server-8] [INFO] [1789938728.125147036] [controller_server]: Passing new path to controller.
[robot_state_node-21] [WARN] [1789938728.917288325] [robot_state_node]: Battery 13% - below reserve.
[controller_server-8] [INFO] [1789938729.125200174] [controller_server]: Passing new path to controller.
[robot_state_node-21] [WARN] [1789938729.917461719] [robot_state_node]: Battery 13% - below reserve.
[controller_server-8] [INFO] [1789938730.125207009] [controller_server]: Passing new path to controller.
[robot_state_node-21] [WARN] [1789938730.916862443] [robot_state_node]: Battery 13% - below reserve.
[controller_server-8] [INFO] [1789938731.125284798] [controller_server]: Passing new path to controller.
[robot_state_node-21] [WARN] [1789938731.923970231] [robot_state_node]: Battery 13% - below reserve.
[controller_server-8] [INFO] [1789938732.225150543] [controller_server]: Passing new path to controller.
[robot_state_node-21] [WARN] [1789938732.922877956] [robot_state_node]: Battery 12% - below reserve.
[controller_server-8] [INFO] [1789938733.225186071] [controller_server]: Passing new path to controller.
[robot_state_node-21] [WARN] [1789938733.922804192] [robot_state_node]: Battery 12% - below reserve.
[controller_server-8] [INFO] [1789938734.225209906] [controller_server]: Passing new path to controller.
[robot_state_node-21] [WARN] [1789938734.938657458] [robot_state_node]: Battery 12% - below reserve.
[controller_server-8] [INFO] [1789938735.225182526] [controller_server]: Passing new path to controller.
[robot_state_node-21] [WARN] [1789938735.939145711] [robot_state_node]: Battery 12% - below reserve.
[controller_server-8] [INFO] [1789938736.325248055] [controller_server]: Passing new path to controller.
[robot_state_node-21] [WARN] [1789938736.938943812] [robot_state_node]: Battery 12% - below reserve.
[controller_server-8] [INFO] [1789938737.325249858] [controller_server]: Passing new path to controller.
[robot_state_node-21] [WARN] [1789938737.943569401] [robot_state_node]: Battery 12% - below reserve.
[controller_server-8] [INFO] [1789938738.325187593] [controller_server]: Passing new path to controller.
[robot_state_node-21] [WARN] [1789938738.948409226] [robot_state_node]: Battery 12% - below reserve.
[controller_server-8] [INFO] [1789938739.226455338] [controller_server]: Reached the goal!
[controller_server-8] [INFO] [1789938739.226683392] [controller_server]: Optimizer reset
[bt_navigator-13] [INFO] [1789938739.254792348] [bt_navigator]: Goal succeeded
[robot_state_node-21] [WARN] [1789938739.947962403] [robot_state_node]: Battery 12% - below reserve.
[robot_state_node-21] [WARN] [1789938740.955635785] [robot_state_node]: Battery 12% - below reserve.
[robot_state_node-21] [WARN] [1789938741.963522639] [robot_state_node]: Battery 12% - below reserve.
[robot_state_node-21] [WARN] [1789938742.972981968] [robot_state_node]: Battery 12% - below reserve.
[robot_state_node-21] [WARN] [1789938743.977310845] [robot_state_node]: Battery 12% - below reserve.
[robot_state_node-21] [WARN] [1789938744.977548793] [robot_state_node]: Battery 12% - below reserve.
[robot_state_node-21] [WARN] [1789938745.977350522] [robot_state_node]: Battery 12% - below reserve.
[robot_state_node-21] [WARN] [1789938746.977021695] [robot_state_node]: Battery 12% - below reserve.
[robot_state_node-21] [WARN] [1789938747.984883695] [robot_state_node]: Battery 12% - below reserve.
[robot_state_node-21] [WARN] [1789938748.989683909] [robot_state_node]: Battery 12% - below reserve.
[robot_state_node-21] [WARN] [1789938749.989273524] [robot_state_node]: Battery 12% - below reserve.
[robot_state_node-21] [WARN] [1789938750.989051875] [robot_state_node]: Battery 12% - below reserve.
[robot_state_node-21] [WARN] [1789938751.988367420] [robot_state_node]: Battery 12% - below reserve.
[robot_state_node-21] [WARN] [1789938754.116698245] [robot_state_node]: Battery 12% - below reserve.
[robot_state_node-21] [WARN] [1789938755.116815607] [robot_state_node]: Battery 12% - below reserve.
[robot_state_node-21] [WARN] [1789938756.117397611] [robot_state_node]: Battery 12% - below reserve.
[robot_state_node-21] [WARN] [1789938757.116956740] [robot_state_node]: Battery 12% - below reserve.
[robot_state_node-21] [WARN] [1789938758.117063970] [robot_state_node]: Battery 12% - below reserve.
[robot_state_node-21] [WARN] [1789938759.117042730] [robot_state_node]: Battery 12% - below reserve.
[robot_state_node-21] [WARN] [1789938760.116870591] [robot_state_node]: Battery 12% - below reserve.
[robot_state_node-21] [WARN] [1789938761.116827504] [robot_state_node]: Battery 12% - below reserve.
[robot_state_node-21] [WARN] [1789938762.126043626] [robot_state_node]: Battery 12% - below reserve.
[robot_state_node-21] [WARN] [1789938763.136121249] [robot_state_node]: Battery 12% - below reserve.
[robot_state_node-21] [WARN] [1789938764.135913827] [robot_state_node]: Battery 12% - below reserve.
[robot_state_node-21] [WARN] [1789938765.136015235] [robot_state_node]: Battery 12% - below reserve.
[robot_state_node-21] [WARN] [1789938766.150598970] [robot_state_node]: Battery 12% - below reserve.
[robot_state_node-21] [WARN] [1789938767.150353899] [robot_state_node]: Battery 12% - below reserve.
[robot_state_node-21] [WARN] [1789938768.150523574] [robot_state_node]: Battery 12% - below reserve.
[robot_state_node-21] [WARN] [1789938769.150055476] [robot_state_node]: Battery 12% - below reserve.
[robot_state_node-21] [WARN] [1789938770.157689706] [robot_state_node]: Battery 12% - below reserve.
[robot_state_node-21] [WARN] [1789938771.163172418] [robot_state_node]: Battery 12% - below reserve.
[robot_state_node-21] [WARN] [1789938772.168191682] [robot_state_node]: Battery 12% - below reserve.
[mission_executor-22] [INFO] [1789938772.204598479] [mission_executor]: [46] DELIVER done: delivered 1 units | measured 10.2 m, 58 s, 0.16 Wh, battery 12.9 -> 12.2 %
[python-19] INFO:     127.0.0.1:52260 - "POST /decide HTTP/1.1" 200 OK
[mission_executor-22] [INFO] [1789938772.209262147] [mission_executor]: decision: PICKUP:C - PPO policy (probability 0.69)
[mission_executor-22] [INFO] [1789938772.209790629] [mission_executor]: [47] PICKUP:C from delivery: predicted 6.3 m, 46 s, 0.11 Wh
[bt_navigator-13] [INFO] [1789938772.210940553] [bt_navigator]: Begin navigating from current location (-0.22, -3.86) to (6.03, -3.42)
[controller_server-8] [INFO] [1789938772.231899808] [controller_server]: Received a goal, begin computing control effort.
[robot_state_node-21] [WARN] [1789938773.167654689] [robot_state_node]: Battery 12% - below reserve.
[controller_server-8] [INFO] [1789938773.332075709] [controller_server]: Passing new path to controller.
[robot_state_node-21] [WARN] [1789938774.178329897] [robot_state_node]: Battery 12% - below reserve.
[controller_server-8] [INFO] [1789938774.332098713] [controller_server]: Passing new path to controller.
[robot_state_node-21] [WARN] [1789938775.183366191] [robot_state_node]: Battery 12% - below reserve.
[controller_server-8] [INFO] [1789938775.332097654] [controller_server]: Passing new path to controller.
[robot_state_node-21] [WARN] [1789938776.187663315] [robot_state_node]: Battery 12% - below reserve.
[controller_server-8] [INFO] [1789938776.432529593] [controller_server]: Passing new path to controller.
[robot_state_node-21] [WARN] [1789938777.196166045] [robot_state_node]: Battery 12% - below reserve.
[controller_server-8] [INFO] [1789938777.432060815] [controller_server]: Passing new path to controller.
[robot_state_node-21] [WARN] [1789938778.208296304] [robot_state_node]: Battery 12% - below reserve.
[controller_server-8] [INFO] [1789938778.432102469] [controller_server]: Passing new path to controller.
[robot_state_node-21] [WARN] [1789938779.204384669] [robot_state_node]: Battery 12% - below reserve.
[controller_server-8] [INFO] [1789938779.432103825] [controller_server]: Passing new path to controller.
[robot_state_node-21] [WARN] [1789938780.204772377] [robot_state_node]: Battery 12% - below reserve.
[controller_server-8] [INFO] [1789938780.532084957] [controller_server]: Passing new path to controller.
[robot_state_node-21] [WARN] [1789938781.214667830] [robot_state_node]: Battery 12% - below reserve.
[controller_server-8] [INFO] [1789938781.532105395] [controller_server]: Passing new path to controller.
[robot_state_node-21] [WARN] [1789938782.213797699] [robot_state_node]: Battery 12% - below reserve.
[controller_server-8] [INFO] [1789938782.532065873] [controller_server]: Passing new path to controller.
[robot_state_node-21] [WARN] [1789938783.221624272] [robot_state_node]: Battery 12% - below reserve.
[controller_server-8] [INFO] [1789938783.532122410] [controller_server]: Passing new path to controller.
[robot_state_node-21] [WARN] [1789938784.221709607] [robot_state_node]: Battery 12% - below reserve.
[controller_server-8] [INFO] [1789938784.632086299] [controller_server]: Passing new path to controller.
[robot_state_node-21] [WARN] [1789938785.221448492] [robot_state_node]: Battery 12% - below reserve.
[controller_server-8] [INFO] [1789938786.652701256] [controller_server]: Passing new path to controller.
[robot_state_node-21] [WARN] [1789938787.345727920] [robot_state_node]: Battery 12% - below reserve.
[controller_server-8] [INFO] [1789938787.652474158] [controller_server]: Passing new path to controller.
[collision_monitor-16] [INFO] [1789938787.839278210] [collision_monitor]: Robot to approach for 1.200000 seconds away from collision
[collision_monitor-16] [INFO] [1789938787.869115005] [collision_monitor]: Robot to continue normal operation
[robot_state_node-21] [WARN] [1789938788.342031978] [robot_state_node]: Battery 12% - below reserve.
[controller_server-8] [INFO] [1789938788.652461212] [controller_server]: Passing new path to controller.
[robot_state_node-21] [WARN] [1789938789.342023283] [robot_state_node]: Battery 12% - below reserve.
[controller_server-8] [INFO] [1789938789.353703610] [controller_server]: Reached the goal!
[controller_server-8] [INFO] [1789938789.353905681] [controller_server]: Optimizer reset
[bt_navigator-13] [INFO] [1789938789.381869523] [bt_navigator]: Goal succeeded
[robot_state_node-21] [WARN] [1789938790.351066551] [robot_state_node]: Battery 12% - below reserve.
[robot_state_node-21] [WARN] [1789938791.351877151] [robot_state_node]: Battery 12% - below reserve.
[robot_state_node-21] [WARN] [1789938792.352067925] [robot_state_node]: Battery 12% - below reserve.
[robot_state_node-21] [WARN] [1789938793.352151398] [robot_state_node]: Battery 12% - below reserve.
[robot_state_node-21] [WARN] [1789938794.352447249] [robot_state_node]: Battery 12% - below reserve.
[robot_state_node-21] [WARN] [1789938795.351623506] [robot_state_node]: Battery 12% - below reserve.
[robot_state_node-21] [WARN] [1789938796.357150763] [robot_state_node]: Battery 12% - below reserve.
[robot_state_node-21] [WARN] [1789938797.357734196] [robot_state_node]: Battery 12% - below reserve.
[robot_state_node-21] [WARN] [1789938798.366923669] [robot_state_node]: Battery 12% - below reserve.
[robot_state_node-21] [WARN] [1789938799.366431899] [robot_state_node]: Battery 12% - below reserve.
[robot_state_node-21] [WARN] [1789938800.366325303] [robot_state_node]: Battery 12% - below reserve.
[robot_state_node-21] [WARN] [1789938801.367168890] [robot_state_node]: Battery 12% - below reserve.
[robot_state_node-21] [WARN] [1789938802.366498350] [robot_state_node]: Battery 12% - below reserve.
[robot_state_node-21] [WARN] [1789938803.366585888] [robot_state_node]: Battery 12% - below reserve.
[robot_state_node-21] [WARN] [1789938804.367337578] [robot_state_node]: Battery 12% - below reserve.
[robot_state_node-21] [WARN] [1789938805.366692646] [robot_state_node]: Battery 12% - below reserve.
[robot_state_node-21] [WARN] [1789938806.382777165] [robot_state_node]: Battery 12% - below reserve.
[robot_state_node-21] [WARN] [1789938807.408585457] [robot_state_node]: Battery 12% - below reserve.
[robot_state_node-21] [WARN] [1789938808.399431674] [robot_state_node]: Battery 12% - below reserve.
[robot_state_node-21] [WARN] [1789938809.403002961] [robot_state_node]: Battery 12% - below reserve.
[robot_state_node-21] [WARN] [1789938810.403095463] [robot_state_node]: Battery 12% - below reserve.
[robot_state_node-21] [WARN] [1789938811.403537400] [robot_state_node]: Battery 12% - below reserve.
[robot_state_node-21] [WARN] [1789938812.403812060] [robot_state_node]: Battery 12% - below reserve.
[robot_state_node-21] [WARN] [1789938813.414526359] [robot_state_node]: Battery 12% - below reserve.
[robot_state_node-21] [WARN] [1789938814.424097738] [robot_state_node]: Battery 12% - below reserve.
[robot_state_node-21] [WARN] [1789938815.423759207] [robot_state_node]: Battery 12% - below reserve.
[robot_state_node-21] [WARN] [1789938816.436805802] [robot_state_node]: Battery 12% - below reserve.
[robot_state_node-21] [WARN] [1789938817.423479810] [robot_state_node]: Battery 12% - below reserve.
[robot_state_node-21] [WARN] [1789938818.430239142] [robot_state_node]: Battery 12% - below reserve.
[robot_state_node-21] [WARN] [1789938820.550383908] [robot_state_node]: Battery 12% - below reserve.
[factory_node-20] [INFO] [1789938821.111783487] [factory]: pickup C: took 1 units (1.50 kg), 0 left
[robot_state_node-21] [WARN] [1789938821.550959089] [robot_state_node]: Battery 12% - below reserve.
[mission_executor-22] [INFO] [1789938822.314589379] [mission_executor]: [47] PICKUP:C done: took 1 units (1.50 kg), 0 left | measured 6.3 m, 48 s, 0.11 Wh, battery 12.2 -> 11.6 %
[python-19] INFO:     127.0.0.1:35714 - "POST /decide HTTP/1.1" 200 OK
[mission_executor-22] [INFO] [1789938822.319055791] [mission_executor]: decision: PICKUP:B - PPO policy (probability 0.78)
[mission_executor-22] [INFO] [1789938822.319759895] [mission_executor]: [48] PICKUP:B from C: predicted 9.2 m, 54 s, 0.15 Wh
[bt_navigator-13] [INFO] [1789938822.320969222] [bt_navigator]: Begin navigating from current location (5.97, -3.32) to (6.03, 3.08)
[controller_server-8] [INFO] [1789938822.341859926] [controller_server]: Received a goal, begin computing control effort.
[robot_state_node-21] [WARN] [1789938822.562429326] [robot_state_node]: Battery 12% - below reserve.
[controller_server-8] [INFO] [1789938823.442068412] [controller_server]: Passing new path to controller.
[robot_state_node-21] [WARN] [1789938823.562081171] [robot_state_node]: Battery 12% - below reserve.
[controller_server-8] [INFO] [1789938824.442063507] [controller_server]: Passing new path to controller.
[robot_state_node-21] [WARN] [1789938824.566317490] [robot_state_node]: Battery 12% - below reserve.
[controller_server-8] [INFO] [1789938825.442498916] [controller_server]: Passing new path to controller.
[robot_state_node-21] [WARN] [1789938825.565932978] [robot_state_node]: Battery 12% - below reserve.
[controller_server-8] [INFO] [1789938826.542088577] [controller_server]: Passing new path to controller.
[robot_state_node-21] [WARN] [1789938826.570793663] [robot_state_node]: Battery 12% - below reserve.
[controller_server-8] [INFO] [1789938827.542090632] [controller_server]: Passing new path to controller.
[robot_state_node-21] [WARN] [1789938827.590300707] [robot_state_node]: Battery 12% - below reserve.
[controller_server-8] [INFO] [1789938828.542074514] [controller_server]: Passing new path to controller.
[robot_state_node-21] [WARN] [1789938828.581350711] [robot_state_node]: Battery 12% - below reserve.
[controller_server-8] [INFO] [1789938829.542050083] [controller_server]: Passing new path to controller.
[robot_state_node-21] [WARN] [1789938829.586032563] [robot_state_node]: Battery 12% - below reserve.
[robot_state_node-21] [WARN] [1789938830.587840824] [robot_state_node]: Battery 11% - below reserve.
[controller_server-8] [INFO] [1789938830.642064881] [controller_server]: Passing new path to controller.
[robot_state_node-21] [WARN] [1789938831.585752862] [robot_state_node]: Battery 11% - below reserve.
[controller_server-8] [INFO] [1789938831.642065296] [controller_server]: Passing new path to controller.
[robot_state_node-21] [WARN] [1789938832.585778781] [robot_state_node]: Battery 11% - below reserve.
[controller_server-8] [INFO] [1789938832.642067057] [controller_server]: Passing new path to controller.
[robot_state_node-21] [WARN] [1789938833.596748419] [robot_state_node]: Battery 11% - below reserve.
[controller_server-8] [INFO] [1789938833.742068290] [controller_server]: Passing new path to controller.
[robot_state_node-21] [WARN] [1789938834.620036939] [robot_state_node]: Battery 11% - below reserve.
[controller_server-8] [INFO] [1789938834.742059905] [controller_server]: Passing new path to controller.
[robot_state_node-21] [WARN] [1789938835.620560511] [robot_state_node]: Battery 11% - below reserve.
[controller_server-8] [INFO] [1789938835.742014800] [controller_server]: Passing new path to controller.
[robot_state_node-21] [WARN] [1789938836.620868884] [robot_state_node]: Battery 11% - below reserve.
[controller_server-8] [INFO] [1789938836.742069225] [controller_server]: Passing new path to controller.
[robot_state_node-21] [WARN] [1789938837.628419697] [robot_state_node]: Battery 11% - below reserve.
[controller_server-8] [INFO] [1789938837.842120802] [controller_server]: Passing new path to controller.
[robot_state_node-21] [WARN] [1789938838.628324441] [robot_state_node]: Battery 11% - below reserve.
[controller_server-8] [INFO] [1789938838.842136092] [controller_server]: Passing new path to controller.
[robot_state_node-21] [WARN] [1789938839.628024896] [robot_state_node]: Battery 11% - below reserve.
[controller_server-8] [INFO] [1789938839.842070436] [controller_server]: Passing new path to controller.
[robot_state_node-21] [WARN] [1789938840.643655950] [robot_state_node]: Battery 11% - below reserve.
[controller_server-8] [INFO] [1789938840.842082252] [controller_server]: Passing new path to controller.
[robot_state_node-21] [WARN] [1789938841.645321387] [robot_state_node]: Battery 11% - below reserve.
[controller_server-8] [INFO] [1789938841.842353050] [controller_server]: Passing new path to controller.
[robot_state_node-21] [WARN] [1789938842.648583043] [robot_state_node]: Battery 11% - below reserve.
[controller_server-8] [INFO] [1789938842.942026935] [controller_server]: Passing new path to controller.
[robot_state_node-21] [WARN] [1789938843.657992242] [robot_state_node]: Battery 11% - below reserve.
[controller_server-8] [INFO] [1789938843.942065325] [controller_server]: Passing new path to controller.
[controller_server-8] [INFO] [1789938844.543324304] [controller_server]: Reached the goal!
[controller_server-8] [INFO] [1789938844.543545888] [controller_server]: Optimizer reset
[bt_navigator-13] [INFO] [1789938844.571517227] [bt_navigator]: Goal succeeded
[robot_state_node-21] [WARN] [1789938844.657807792] [robot_state_node]: Battery 11% - below reserve.
[robot_state_node-21] [WARN] [1789938845.667016280] [robot_state_node]: Battery 11% - below reserve.
[robot_state_node-21] [WARN] [1789938846.667539006] [robot_state_node]: Battery 11% - below reserve.
[robot_state_node-21] [WARN] [1789938847.666770070] [robot_state_node]: Battery 11% - below reserve.
[robot_state_node-21] [WARN] [1789938848.671023142] [robot_state_node]: Battery 11% - below reserve.
[robot_state_node-21] [WARN] [1789938849.671724981] [robot_state_node]: Battery 11% - below reserve.
[robot_state_node-21] [WARN] [1789938850.671161933] [robot_state_node]: Battery 11% - below reserve.
[robot_state_node-21] [WARN] [1789938851.671667212] [robot_state_node]: Battery 11% - below reserve.
[robot_state_node-21] [WARN] [1789938853.792394200] [robot_state_node]: Battery 11% - below reserve.
[robot_state_node-21] [WARN] [1789938854.792884210] [robot_state_node]: Battery 11% - below reserve.
[robot_state_node-21] [WARN] [1789938855.792531252] [robot_state_node]: Battery 11% - below reserve.
[robot_state_node-21] [WARN] [1789938856.797163322] [robot_state_node]: Battery 11% - below reserve.
[robot_state_node-21] [WARN] [1789938857.800850350] [robot_state_node]: Battery 11% - below reserve.
[robot_state_node-21] [WARN] [1789938858.801488542] [robot_state_node]: Battery 11% - below reserve.
[robot_state_node-21] [WARN] [1789938859.805494277] [robot_state_node]: Battery 11% - below reserve.
[robot_state_node-21] [WARN] [1789938860.805213082] [robot_state_node]: Battery 11% - below reserve.
[robot_state_node-21] [WARN] [1789938861.805557410] [robot_state_node]: Battery 11% - below reserve.
[robot_state_node-21] [WARN] [1789938862.818859869] [robot_state_node]: Battery 11% - below reserve.
[robot_state_node-21] [WARN] [1789938863.819653113] [robot_state_node]: Battery 11% - below reserve.
[robot_state_node-21] [WARN] [1789938864.819226856] [robot_state_node]: Battery 11% - below reserve.
[robot_state_node-21] [WARN] [1789938865.819005134] [robot_state_node]: Battery 11% - below reserve.
[robot_state_node-21] [WARN] [1789938866.818703392] [robot_state_node]: Battery 11% - below reserve.
[robot_state_node-21] [WARN] [1789938867.819639765] [robot_state_node]: Battery 11% - below reserve.
[robot_state_node-21] [WARN] [1789938868.829973719] [robot_state_node]: Battery 11% - below reserve.
[robot_state_node-21] [WARN] [1789938869.830217890] [robot_state_node]: Battery 11% - below reserve.
[robot_state_node-21] [WARN] [1789938870.829905856] [robot_state_node]: Battery 11% - below reserve.
[robot_state_node-21] [WARN] [1789938871.834260537] [robot_state_node]: Battery 11% - below reserve.
[robot_state_node-21] [WARN] [1789938872.834078778] [robot_state_node]: Battery 11% - below reserve.
[robot_state_node-21] [WARN] [1789938873.857923649] [robot_state_node]: Battery 11% - below reserve.
[robot_state_node-21] [WARN] [1789938874.846573169] [robot_state_node]: Battery 11% - below reserve.
[robot_state_node-21] [WARN] [1789938875.846276446] [robot_state_node]: Battery 11% - below reserve.
[factory_node-20] [INFO] [1789938876.283018472] [factory]: pickup B: took 3 units (1.20 kg), 0 left
[robot_state_node-21] [WARN] [1789938876.857147105] [robot_state_node]: Battery 11% - below reserve.
[mission_executor-22] [INFO] [1789938877.487046193] [mission_executor]: [48] PICKUP:B done: took 3 units (1.20 kg), 0 left | measured 9.6 m, 54 s, 0.16 Wh, battery 11.6 -> 10.9 %
[python-19] INFO:     127.0.0.1:56670 - "POST /decide HTTP/1.1" 200 OK
[mission_executor-22] [INFO] [1789938877.493052461] [mission_executor]: decision: DELIVER - PPO policy (probability 0.82)
[mission_executor-22] [INFO] [1789938877.496015325] [mission_executor]: [49] DELIVER from B: predicted 10.3 m, 56 s, 0.18 Wh
[bt_navigator-13] [INFO] [1789938877.497898547] [bt_navigator]: Begin navigating from current location (5.89, 2.92) to (-0.23, -3.98)
[controller_server-8] [INFO] [1789938877.519167272] [controller_server]: Received a goal, begin computing control effort.
[robot_state_node-21] [WARN] [1789938877.850808328] [robot_state_node]: Battery 11% - below reserve.
[controller_server-8] [INFO] [1789938878.619408534] [controller_server]: Passing new path to controller.
[robot_state_node-21] [WARN] [1789938878.850495979] [robot_state_node]: Battery 11% - below reserve.
[controller_server-8] [INFO] [1789938879.619399060] [controller_server]: Passing new path to controller.
[robot_state_node-21] [WARN] [1789938879.851051933] [robot_state_node]: Battery 11% - below reserve.
[controller_server-8] [INFO] [1789938880.619371940] [controller_server]: Passing new path to controller.
[robot_state_node-21] [WARN] [1789938880.851296462] [robot_state_node]: Battery 11% - below reserve.
[controller_server-8] [INFO] [1789938881.719400572] [controller_server]: Passing new path to controller.
[robot_state_node-21] [WARN] [1789938881.851475021] [robot_state_node]: Battery 11% - below reserve.
[controller_server-8] [INFO] [1789938882.719402904] [controller_server]: Passing new path to controller.
[robot_state_node-21] [WARN] [1789938882.851712259] [robot_state_node]: Battery 11% - below reserve.
[controller_server-8] [INFO] [1789938883.719399426] [controller_server]: Passing new path to controller.
[robot_state_node-21] [WARN] [1789938883.850739820] [robot_state_node]: Battery 11% - below reserve.
[controller_server-8] [INFO] [1789938884.819349433] [controller_server]: Passing new path to controller.
[robot_state_node-21] [WARN] [1789938884.850785919] [robot_state_node]: Battery 11% - below reserve.
[controller_server-8] [INFO] [1789938886.795036543] [controller_server]: Passing new path to controller.
[robot_state_node-21] [WARN] [1789938887.030632892] [robot_state_node]: Battery 11% - below reserve.
[controller_server-8] [INFO] [1789938887.794947178] [controller_server]: Passing new path to controller.
[robot_state_node-21] [WARN] [1789938888.026063183] [robot_state_node]: Battery 11% - below reserve.
[controller_server-8] [INFO] [1789938888.894998564] [controller_server]: Passing new path to controller.
[robot_state_node-21] [WARN] [1789938889.026677761] [robot_state_node]: Battery 11% - below reserve.
[controller_server-8] [INFO] [1789938889.895003477] [controller_server]: Passing new path to controller.
[robot_state_node-21] [WARN] [1789938890.026351037] [robot_state_node]: Battery 11% - below reserve.
[controller_server-8] [INFO] [1789938890.895004654] [controller_server]: Passing new path to controller.
[robot_state_node-21] [WARN] [1789938891.032306864] [robot_state_node]: Battery 11% - below reserve.
[controller_server-8] [INFO] [1789938891.894997931] [controller_server]: Passing new path to controller.
[robot_state_node-21] [WARN] [1789938892.033286628] [robot_state_node]: Battery 11% - below reserve.
[controller_server-8] [INFO] [1789938892.995004918] [controller_server]: Passing new path to controller.
[robot_state_node-21] [WARN] [1789938893.038128914] [robot_state_node]: Battery 11% - below reserve.
[controller_server-8] [INFO] [1789938893.995005227] [controller_server]: Passing new path to controller.
[robot_state_node-21] [WARN] [1789938894.042527229] [robot_state_node]: Battery 11% - below reserve.
[controller_server-8] [INFO] [1789938894.995006308] [controller_server]: Passing new path to controller.
[robot_state_node-21] [WARN] [1789938895.042470127] [robot_state_node]: Battery 11% - below reserve.
[controller_server-8] [INFO] [1789938895.995035997] [controller_server]: Passing new path to controller.
[robot_state_node-21] [WARN] [1789938896.042241178] [robot_state_node]: Battery 11% - below reserve.
[robot_state_node-21] [WARN] [1789938897.042533262] [robot_state_node]: Battery 10% - below reserve.
[controller_server-8] [INFO] [1789938897.094940299] [controller_server]: Passing new path to controller.
[robot_state_node-21] [WARN] [1789938898.042314647] [robot_state_node]: Battery 10% - below reserve.
[controller_server-8] [INFO] [1789938898.094963477] [controller_server]: Passing new path to controller.
[robot_state_node-21] [WARN] [1789938899.042223327] [robot_state_node]: Battery 10% - below reserve.
[controller_server-8] [INFO] [1789938899.095003903] [controller_server]: Passing new path to controller.
[robot_state_node-21] [WARN] [1789938900.052554184] [robot_state_node]: Battery 10% - below reserve.
[controller_server-8] [INFO] [1789938900.095047407] [controller_server]: Passing new path to controller.
[robot_state_node-21] [WARN] [1789938901.052714144] [robot_state_node]: Battery 10% - below reserve.
[controller_server-8] [INFO] [1789938901.195073143] [controller_server]: Passing new path to controller.
[robot_state_node-21] [WARN] [1789938902.052853813] [robot_state_node]: Battery 10% - below reserve.
[controller_server-8] [INFO] [1789938902.194986344] [controller_server]: Passing new path to controller.
[robot_state_node-21] [WARN] [1789938903.052710468] [robot_state_node]: Battery 10% - below reserve.
[controller_server-8] [INFO] [1789938903.195415662] [controller_server]: Passing new path to controller.
[controller_server-8] [INFO] [1789938903.896185432] [controller_server]: Reached the goal!
[controller_server-8] [INFO] [1789938903.896389590] [controller_server]: Optimizer reset
[bt_navigator-13] [INFO] [1789938903.924231970] [bt_navigator]: Goal succeeded
[robot_state_node-21] [WARN] [1789938904.074189067] [robot_state_node]: Battery 10% - below reserve.
[robot_state_node-21] [WARN] [1789938905.073509506] [robot_state_node]: Battery 10% - below reserve.
[robot_state_node-21] [WARN] [1789938906.073136318] [robot_state_node]: Battery 10% - below reserve.
[robot_state_node-21] [WARN] [1789938907.075143251] [robot_state_node]: Battery 10% - below reserve.
[robot_state_node-21] [WARN] [1789938908.073313032] [robot_state_node]: Battery 10% - below reserve.
[robot_state_node-21] [WARN] [1789938909.073415090] [robot_state_node]: Battery 10% - below reserve.
[robot_state_node-21] [WARN] [1789938910.077179606] [robot_state_node]: Battery 10% - below reserve.
[robot_state_node-21] [WARN] [1789938911.077144757] [robot_state_node]: Battery 10% - below reserve.
[robot_state_node-21] [WARN] [1789938912.077469673] [robot_state_node]: Battery 10% - below reserve.
[robot_state_node-21] [WARN] [1789938913.077918036] [robot_state_node]: Battery 10% - below reserve.
[robot_state_node-21] [WARN] [1789938914.077767331] [robot_state_node]: Battery 10% - below reserve.
[robot_state_node-21] [WARN] [1789938915.076995911] [robot_state_node]: Battery 10% - below reserve.
[robot_state_node-21] [WARN] [1789938916.082467978] [robot_state_node]: Battery 10% - below reserve.
[robot_state_node-21] [WARN] [1789938917.082004518] [robot_state_node]: Battery 10% - below reserve.
[robot_state_node-21] [WARN] [1789938918.082455543] [robot_state_node]: Battery 10% - below reserve.
[robot_state_node-21] [WARN] [1789938920.278865942] [robot_state_node]: Battery 10% - below reserve.
[robot_state_node-21] [WARN] [1789938921.278727686] [robot_state_node]: Battery 10% - below reserve.
[robot_state_node-21] [WARN] [1789938922.282846335] [robot_state_node]: Battery 10% - below reserve.
[robot_state_node-21] [WARN] [1789938923.283415949] [robot_state_node]: Battery 10% - below reserve.
[robot_state_node-21] [WARN] [1789938924.282892878] [robot_state_node]: Battery 10% - below reserve.
[robot_state_node-21] [WARN] [1789938925.282838542] [robot_state_node]: Battery 10% - below reserve.
[robot_state_node-21] [WARN] [1789938926.283151820] [robot_state_node]: Battery 10% - below reserve.
[robot_state_node-21] [WARN] [1789938927.288560282] [robot_state_node]: Battery 10% - below reserve.
[robot_state_node-21] [WARN] [1789938928.287486699] [robot_state_node]: Battery 10% - below reserve.
[robot_state_node-21] [WARN] [1789938929.287411009] [robot_state_node]: Battery 10% - below reserve.
[robot_state_node-21] [WARN] [1789938930.292889086] [robot_state_node]: Battery 10% - below reserve.
[robot_state_node-21] [WARN] [1789938931.292661002] [robot_state_node]: Battery 10% - below reserve.
[robot_state_node-21] [WARN] [1789938932.301596331] [robot_state_node]: Battery 10% - below reserve.
[robot_state_node-21] [WARN] [1789938933.293335249] [robot_state_node]: Battery 10% - below reserve.
[robot_state_node-21] [WARN] [1789938934.311871911] [robot_state_node]: Battery 10% - below reserve.
[robot_state_node-21] [WARN] [1789938935.315139034] [robot_state_node]: Battery 10% - below reserve.
[robot_state_node-21] [WARN] [1789938936.318887293] [robot_state_node]: Battery 10% - below reserve.
[mission_executor-22] [INFO] [1789938936.880545990] [mission_executor]: [49] DELIVER done: delivered 4 units | measured 10.2 m, 57 s, 0.18 Wh, battery 10.9 -> 10.1 %
[python-19] INFO:     127.0.0.1:58218 - "POST /decide HTTP/1.1" 200 OK
[mission_executor-22] [INFO] [1789938936.884734258] [mission_executor]: decision: PICKUP:A - PPO policy (probability 0.76)
[mission_executor-22] [INFO] [1789938936.885260572] [mission_executor]: [50] PICKUP:A from delivery: predicted 10.0 m, 56 s, 0.14 Wh
[bt_navigator-13] [INFO] [1789938936.886467977] [bt_navigator]: Begin navigating from current location (-0.12, -3.85) to (-5.97, 3.08)
[controller_server-8] [INFO] [1789938936.907464406] [controller_server]: Received a goal, begin computing control effort.
[robot_state_node-21] [WARN] [1789938937.314915137] [robot_state_node]: Battery 10% - below reserve.
[controller_server-8] [INFO] [1789938938.007693326] [controller_server]: Passing new path to controller.
[robot_state_node-21] [WARN] [1789938938.315098019] [robot_state_node]: Battery 10% - below reserve.
[controller_server-8] [INFO] [1789938939.007673600] [controller_server]: Passing new path to controller.
[robot_state_node-21] [WARN] [1789938939.328500773] [robot_state_node]: Battery 10% - below reserve.
[controller_server-8] [INFO] [1789938940.007672843] [controller_server]: Passing new path to controller.
[robot_state_node-21] [WARN] [1789938940.321180344] [robot_state_node]: Battery 10% - below reserve.
[controller_server-8] [INFO] [1789938941.107672244] [controller_server]: Passing new path to controller.
[robot_state_node-21] [WARN] [1789938941.319673295] [robot_state_node]: Battery 10% - below reserve.
[controller_server-8] [INFO] [1789938942.107670225] [controller_server]: Passing new path to controller.
[robot_state_node-21] [WARN] [1789938942.319810171] [robot_state_node]: Battery 10% - below reserve.
[controller_server-8] [INFO] [1789938943.107676651] [controller_server]: Passing new path to controller.
[robot_state_node-21] [WARN] [1789938943.320376349] [robot_state_node]: Battery 10% - below reserve.
[controller_server-8] [INFO] [1789938944.107669585] [controller_server]: Passing new path to controller.
[robot_state_node-21] [WARN] [1789938944.320257469] [robot_state_node]: Battery 10% - below reserve.
[controller_server-8] [INFO] [1789938945.207676848] [controller_server]: Passing new path to controller.
[robot_state_node-21] [WARN] [1789938945.326382144] [robot_state_node]: Battery 10% - below reserve.
[controller_server-8] [INFO] [1789938946.207731999] [controller_server]: Passing new path to controller.
[robot_state_node-21] [WARN] [1789938946.325555979] [robot_state_node]: Battery 10% - below reserve.
[controller_server-8] [INFO] [1789938947.207643013] [controller_server]: Passing new path to controller.
[robot_state_node-21] [WARN] [1789938947.335059530] [robot_state_node]: Battery 10% - below reserve.
[controller_server-8] [INFO] [1789938948.207688025] [controller_server]: Passing new path to controller.
[robot_state_node-21] [WARN] [1789938948.335089510] [robot_state_node]: Battery 10% - below reserve.
[controller_server-8] [INFO] [1789938949.307674645] [controller_server]: Passing new path to controller.
[robot_state_node-21] [WARN] [1789938949.339074113] [robot_state_node]: Battery 10% - below reserve.
[controller_server-8] [INFO] [1789938950.307690077] [controller_server]: Passing new path to controller.
[robot_state_node-21] [WARN] [1789938950.339000126] [robot_state_node]: Battery 10% - below reserve.
[controller_server-8] [INFO] [1789938951.307660994] [controller_server]: Passing new path to controller.
[robot_state_node-21] [WARN] [1789938951.355377354] [robot_state_node]: Battery 10% - below reserve.
[controller_server-8] [INFO] [1789938952.307716675] [controller_server]: Passing new path to controller.
[robot_state_node-21] [WARN] [1789938952.354327707] [robot_state_node]: Battery 10% - below reserve.
[controller_server-8] [INFO] [1789938953.604098034] [controller_server]: Passing new path to controller.
[robot_state_node-21] [WARN] [1789938954.451286539] [robot_state_node]: Battery 10% - below reserve.
[controller_server-8] [INFO] [1789938954.604145083] [controller_server]: Passing new path to controller.
[robot_state_node-21] [WARN] [1789938955.451449969] [robot_state_node]: Battery 10% - below reserve.
[controller_server-8] [INFO] [1789938955.604159933] [controller_server]: Passing new path to controller.
[robot_state_node-21] [WARN] [1789938956.451547340] [robot_state_node]: Battery 10% - below reserve.
[controller_server-8] [INFO] [1789938956.604163503] [controller_server]: Passing new path to controller.
[robot_state_node-21] [WARN] [1789938957.451521600] [robot_state_node]: Battery 10% - below reserve.
[controller_server-8] [INFO] [1789938957.704126163] [controller_server]: Passing new path to controller.
[robot_state_node-21] [WARN] [1789938958.451673682] [robot_state_node]: Battery 10% - below reserve.
[controller_server-8] [INFO] [1789938958.704183176] [controller_server]: Passing new path to controller.
[robot_state_node-21] [WARN] [1789938959.451681621] [robot_state_node]: Battery 10% - below reserve.
[controller_server-8] [INFO] [1789938959.704154742] [controller_server]: Passing new path to controller.
[robot_state_node-21] [WARN] [1789938960.451473921] [robot_state_node]: Battery 10% - below reserve.
[controller_server-8] [INFO] [1789938960.804152909] [controller_server]: Passing new path to controller.
[controller_server-8] [INFO] [1789938960.805377940] [controller_server]: Reached the goal!
[controller_server-8] [INFO] [1789938960.805626584] [controller_server]: Optimizer reset
[bt_navigator-13] [INFO] [1789938960.843450335] [bt_navigator]: Goal succeeded
[robot_state_node-21] [WARN] [1789938961.451759466] [robot_state_node]: Battery 10% - below reserve.
[robot_state_node-21] [WARN] [1789938962.459845435] [robot_state_node]: Battery 10% - below reserve.
[robot_state_node-21] [WARN] [1789938963.461583390] [robot_state_node]: Battery 10% - below reserve.
[robot_state_node-21] [WARN] [1789938964.464872197] [robot_state_node]: Battery 10% - below reserve.
[robot_state_node-21] [WARN] [1789938965.469006066] [robot_state_node]: Battery 10% - below reserve.
[robot_state_node-21] [WARN] [1789938966.470236837] [robot_state_node]: Battery 10% - below reserve.
[robot_state_node-21] [WARN] [1789938967.468811224] [robot_state_node]: Battery 10% - below reserve.
[robot_state_node-21] [WARN] [1789938968.468706339] [robot_state_node]: Battery 10% - below reserve.
[robot_state_node-21] [WARN] [1789938969.468783843] [robot_state_node]: Battery 10% - below reserve.
[robot_state_node-21] [WARN] [1789938970.469593213] [robot_state_node]: Battery 10% - below reserve.
[robot_state_node-21] [WARN] [1789938971.469041794] [robot_state_node]: Battery 10% - below reserve.
[robot_state_node-21] [WARN] [1789938972.468886931] [robot_state_node]: Battery 10% - below reserve.
[robot_state_node-21] [WARN] [1789938973.471672490] [robot_state_node]: Battery 10% - below reserve.
[robot_state_node-21] [WARN] [1789938974.469333402] [robot_state_node]: Battery 10% - below reserve.
[robot_state_node-21] [WARN] [1789938975.480803913] [robot_state_node]: Battery 10% - below reserve.
[robot_state_node-21] [WARN] [1789938976.481073703] [robot_state_node]: Battery 10% - below reserve.
[robot_state_node-21] [WARN] [1789938977.481057997] [robot_state_node]: Battery 10% - below reserve.
[robot_state_node-21] [WARN] [1789938978.480418386] [robot_state_node]: Battery 10% - below reserve.
[robot_state_node-21] [WARN] [1789938979.498065212] [robot_state_node]: Battery 10% - below reserve.
[robot_state_node-21] [WARN] [1789938980.498071066] [robot_state_node]: Battery 10% - below reserve.
[robot_state_node-21] [WARN] [1789938981.498603674] [robot_state_node]: Battery 10% - below reserve.
[robot_state_node-21] [WARN] [1789938982.498027656] [robot_state_node]: Battery 10% - below reserve.
[robot_state_node-21] [WARN] [1789938983.498744183] [robot_state_node]: Battery 10% - below reserve.
[robot_state_node-21] [WARN] [1789938984.498179739] [robot_state_node]: Battery 10% - below reserve.
[robot_state_node-21] [WARN] [1789938985.498095586] [robot_state_node]: Battery 10% - below reserve.
[robot_state_node-21] [WARN] [1789938987.714913447] [robot_state_node]: Battery 10% - below reserve.
[robot_state_node-21] [WARN] [1789938988.714473801] [robot_state_node]: Battery 9% - below reserve.
[robot_state_node-21] [WARN] [1789938989.714662391] [robot_state_node]: Battery 9% - below reserve.
[robot_state_node-21] [WARN] [1789938990.715392090] [robot_state_node]: Battery 9% - below reserve.
[robot_state_node-21] [WARN] [1789938991.724308123] [robot_state_node]: Battery 9% - below reserve.
[factory_node-20] [INFO] [1789938992.630219385] [factory]: pickup A: took 1 units (0.50 kg), 0 left
[robot_state_node-21] [WARN] [1789938992.723566155] [robot_state_node]: Battery 9% - below reserve.
[robot_state_node-21] [WARN] [1789938993.723558119] [robot_state_node]: Battery 9% - below reserve.
[mission_executor-22] [INFO] [1789938993.833147909] [mission_executor]: [50] PICKUP:A done: took 1 units (0.50 kg), 0 left | measured 10.1 m, 55 s, 0.14 Wh, battery 10.1 -> 9.5 %
[mission_executor-22] [INFO] [1789938993.834361252] [mission_executor]: shift over
[mission_executor-22] [INFO] [1789938993.847385652] [mission_executor]: MISSION COMPLETE
[mission_executor-22] run_id: run_20260920_221349
[mission_executor-22] scenario: low_battery_start
[mission_executor-22] seed: 1
[mission_executor-22] plan: ''
[mission_executor-22] ended_by: plan_finished
[mission_executor-22] actions: 50
[mission_executor-22] succeeded: 50
[mission_executor-22] failed: 0
[mission_executor-22] sim_duration_s: 3603.4
[mission_executor-22] distance_m: 562.67
[mission_executor-22] energy_drawn_wh: 8.421
[mission_executor-22] energy_charged_wh: 3.911
[mission_executor-22] battery_end_percent: 9.46
[mission_executor-22] delivered_units:
[mission_executor-22]   A: 21
[mission_executor-22]   B: 35
[mission_executor-22]   C: 6
[mission_executor-22] model: ppo
[mission_executor-22] planner: NavfnDijkstra
[mission_executor-22] decisions:
[mission_executor-22]   asked: 50
[mission_executor-22]   answered_by_model: 50
[mission_executor-22]   fallback: 0
[mission_executor-22]   mean_latency_ms: 107.9
[mission_executor-22] navigation:
[mission_executor-22]   drives: 50
[mission_executor-22]   drive_attempt_failures: 1
[mission_executor-22]   timeouts: 0
[mission_executor-22]   recovered_after_retry: 1
[mission_executor-22]   goals_abandoned: 0
[mission_executor-22]   returned_to_charger: 0
[mission_executor-22] prediction_error_percent (non-charge actions, total measured vs predicted):
[mission_executor-22]   duration: -0.8
[mission_executor-22]   distance: 0.6
[mission_executor-22]   energy: -0.1
[mission_executor-22] 
[robot_state_node-21] [WARN] [1789938994.730587023] [robot_state_node]: Battery 9% - below reserve.
[robot_state_node-21] [WARN] [1789938995.741219887] [robot_state_node]: Battery 9% - below reserve.
[robot_state_node-21] [WARN] [1789938996.750584331] [robot_state_node]: Battery 9% - below reserve.
[robot_state_node-21] [WARN] [1789938997.746010605] [robot_state_node]: Battery 9% - below reserve.
[planner_server-10] [INFO] [1789938998.542554979] [rclcpp]: signal_handler(SIGINT/SIGTERM)
[planner_server-10] [INFO] [1789938998.543064510] [planner_server]: Running Nav2 LifecycleNode rcl preshutdown (planner_server)
[planner_server-10] [INFO] [1789938998.544100481] [planner_server]: Deactivating
[planner_server-10] [INFO] [1789938998.544510387] [global_costmap.global_costmap]: Deactivating
[controller_server-8] [INFO] [1789938998.542560777] [rclcpp]: signal_handler(SIGINT/SIGTERM)
[controller_server-8] [INFO] [1789938998.543083836] [controller_server]: Running Nav2 LifecycleNode rcl preshutdown (controller_server)
[controller_server-8] [INFO] [1789938998.544220206] [controller_server]: Deactivating
[controller_server-8] [INFO] [1789938998.544501690] [MPPIController]: Deactivated MPPI Controller: FollowPath
[controller_server-8] [INFO] [1789938998.544903188] [local_costmap.local_costmap]: Deactivating
[lifecycle_manager-18] [INFO] [1789938998.542564255] [rclcpp]: signal_handler(SIGINT/SIGTERM)
[lifecycle_manager-18] [INFO] [1789938998.543075815] [lifecycle_manager_navigation]: Running Nav2 LifecycleManager rcl preshutdown (lifecycle_manager_navigation)
[lifecycle_manager-18] [INFO] [1789938998.543641198] [lifecycle_manager_navigation]: [34m[1mTerminating bond timer...[0m[0m
[velocity_smoother-15] [INFO] [1789938998.542712003] [rclcpp]: signal_handler(SIGINT/SIGTERM)
[bt_navigator-13] [INFO] [1789938998.542892315] [rclcpp]: signal_handler(SIGINT/SIGTERM)
[bt_navigator-13] [INFO] [1789938998.543084319] [bt_navigator]: Running Nav2 LifecycleNode rcl preshutdown (bt_navigator)
[bt_navigator-13] [INFO] [1789938998.544628952] [bt_navigator]: Deactivating
[bt_navigator-13] [INFO] [1789938998.545225740] [bt_navigator]: Destroying bond (bt_navigator) to lifecycle manager.
[parameter_bridge-4] [INFO] [1789938998.543069051] [rclcpp]: signal_handler(SIGINT/SIGTERM)
[robot_state_publisher-2] [INFO] [1789938998.543435666] [rclcpp]: signal_handler(SIGINT/SIGTERM)
[map_server-5] [INFO] [1789938998.543493258] [rclcpp]: signal_handler(SIGINT/SIGTERM)
[map_server-5] [INFO] [1789938998.544336259] [map_server]: Running Nav2 LifecycleNode rcl preshutdown (map_server)
[map_server-5] [INFO] [1789938998.545330777] [map_server]: Deactivating
[map_server-5] [INFO] [1789938998.545582208] [map_server]: Destroying bond (map_server) to lifecycle manager.
[route_server-11] [INFO] [1789938998.543501374] [rclcpp]: signal_handler(SIGINT/SIGTERM)
[route_server-11] [INFO] [1789938998.543919783] [route_server]: Running Nav2 LifecycleNode rcl preshutdown (route_server)
[route_server-11] [INFO] [1789938998.545142541] [route_server]: Deactivating
[route_server-11] [INFO] [1789938998.545448569] [route_server]: Destroying bond (route_server) to lifecycle manager.
[behavior_server-12] [INFO] [1789938998.543518961] [rclcpp]: signal_handler(SIGINT/SIGTERM)
[behavior_server-12] [INFO] [1789938998.543903839] [behavior_server]: Running Nav2 LifecycleNode rcl preshutdown (behavior_server)
[behavior_server-12] [INFO] [1789938998.545086109] [behavior_server]: Deactivating
[behavior_server-12] [INFO] [1789938998.546294856] [behavior_server]: Destroying bond (behavior_server) to lifecycle manager.
[opennav_docking-17] [INFO] [1789938998.544125025] [rclcpp]: signal_handler(SIGINT/SIGTERM)
[opennav_docking-17] [INFO] [1789938998.544475986] [docking_server]: Running Nav2 LifecycleNode rcl preshutdown (docking_server)
[opennav_docking-17] [INFO] [1789938998.545475045] [docking_server]: Deactivating docking_server
[waypoint_follower-14] [INFO] [1789938998.545215980] [rclcpp]: signal_handler(SIGINT/SIGTERM)
[waypoint_follower-14] [INFO] [1789938998.546589771] [waypoint_follower]: Running Nav2 LifecycleNode rcl preshutdown (waypoint_follower)
[waypoint_follower-14] [INFO] [1789938998.548732061] [waypoint_follower]: Deactivating
[lifecycle_manager-7] [INFO] [1789938998.546630162] [rclcpp]: signal_handler(SIGINT/SIGTERM)
[lifecycle_manager-7] [INFO] [1789938998.547015523] [lifecycle_manager_localization]: Running Nav2 LifecycleManager rcl preshutdown (lifecycle_manager_localization)
[lifecycle_manager-7] [INFO] [1789938998.547460795] [lifecycle_manager_localization]: [34m[1mTerminating bond timer...[0m[0m
[amcl-6] [INFO] [1789938998.548698434] [rclcpp]: signal_handler(SIGINT/SIGTERM)
[amcl-6] [INFO] [1789938998.549091815] [amcl]: Running Nav2 LifecycleNode rcl preshutdown (amcl)
[velocity_smoother-15] [INFO] [1789938998.543139108] [velocity_smoother]: Running Nav2 LifecycleNode rcl preshutdown (velocity_smoother)
[velocity_smoother-15] [INFO] [1789938998.550287903] [velocity_smoother]: Deactivating
[velocity_smoother-15] [INFO] [1789938998.550579340] [velocity_smoother]: Destroying bond (velocity_smoother) to lifecycle manager.
[amcl-6] [INFO] [1789938998.549908243] [amcl]: Deactivating
[amcl-6] [INFO] [1789938998.550079086] [amcl]: Destroying bond (amcl) to lifecycle manager.
[collision_monitor-16] [INFO] [1789938998.551023162] [rclcpp]: signal_handler(SIGINT/SIGTERM)
[collision_monitor-16] [INFO] [1789938998.551267153] [collision_monitor]: Running Nav2 LifecycleNode rcl preshutdown (collision_monitor)
[smoother_server-9] [INFO] [1789938998.551378664] [rclcpp]: signal_handler(SIGINT/SIGTERM)
[collision_monitor-16] [INFO] [1789938998.551813307] [collision_monitor]: Deactivating
[collision_monitor-16] [INFO] [1789938998.552106193] [collision_monitor]: Destroying bond (collision_monitor) to lifecycle manager.
[smoother_server-9] [INFO] [1789938998.551796783] [smoother_server]: Running Nav2 LifecycleNode rcl preshutdown (smoother_server)
[smoother_server-9] [INFO] [1789938998.553363834] [smoother_server]: Deactivating
[smoother_server-9] [INFO] [1789938998.553711413] [smoother_server]: Destroying bond (smoother_server) to lifecycle manager.
[waypoint_follower-14] [INFO] [1789938998.555725379] [waypoint_follower]: Destroying bond (waypoint_follower) to lifecycle manager.
[behavior_server-12] [INFO] [1789938998.558460398] [behavior_server]: Cleaning up
[map_server-5] [INFO] [1789938998.558566981] [map_server]: Cleaning up
[map_server-5] [INFO] [1789938998.560440737] [map_server]: Destroying bond (map_server) to lifecycle manager.
[bt_navigator-13] [INFO] [1789938998.559424864] [bt_navigator]: Cleaning up
[velocity_smoother-15] [INFO] [1789938998.562541476] [velocity_smoother]: Cleaning up
[velocity_smoother-15] [INFO] [1789938998.562667289] [velocity_smoother]: Destroying bond (velocity_smoother) to lifecycle manager.
[collision_monitor-16] [INFO] [1789938998.569181321] [collision_monitor]: Cleaning up
[collision_monitor-16] [INFO] [1789938998.569321821] [collision_monitor]: [FootprintApproach]: Destroying Polygon
[collision_monitor-16] [INFO] [1789938998.569418161] [collision_monitor]: [scan]: Destroying Scan
[smoother_server-9] [INFO] [1789938998.569652972] [smoother_server]: Cleaning up
[route_server-11] [INFO] [1789938998.569706795] [route_server]: Cleaning up
[amcl-6] [INFO] [1789938998.570342139] [amcl]: Cleaning up
[waypoint_follower-14] [INFO] [1789938998.571945233] [waypoint_follower]: Cleaning up
[python-19] INFO:     Shutting down
[collision_monitor-16] [INFO] [1789938998.609443626] [collision_monitor]: Destroying bond (collision_monitor) to lifecycle manager.
[opennav_docking-17] [INFO] [1789938998.655037790] [docking_server]: Destroying bond (docking_server) to lifecycle manager.
[collision_monitor-16] [INFO] [1789938998.655862239] [collision_monitor]: Destroying
[controller_server-8] [INFO] [1789938998.658978658] [controller_server]: Destroying bond (controller_server) to lifecycle manager.
[smoother_server-9] [INFO] [1789938998.665019298] [smoother_server]: Destroying bond (smoother_server) to lifecycle manager.
[map_server-5] [INFO] [1789938998.667249909] [map_server]: Destroying
[velocity_smoother-15] [INFO] [1789938998.670796622] [velocity_smoother]: Destroying
[amcl-6] [INFO] [1789938998.671206914] [amcl]: Destroying bond (amcl) to lifecycle manager.
[opennav_docking-17] [INFO] [1789938998.673781334] [docking_server]: Cleaning up docking_server
[controller_server-8] [INFO] [1789938998.679873382] [controller_server]: Cleaning up
[waypoint_follower-14] [INFO] [1789938998.680513750] [waypoint_follower]: Destroying bond (waypoint_follower) to lifecycle manager.
[python-19] INFO:     Waiting for application shutdown.
[python-19] INFO:     Application shutdown complete.
[controller_server-8] [INFO] [1789938998.694141017] [MPPIController]: Cleaned up MPPI Controller: FollowPath
[controller_server-8] [INFO] [1789938998.694883910] [local_costmap.local_costmap]: Cleaning up
[smoother_server-9] [INFO] [1789938998.697246034] [smoother_server]: Destroying
[lifecycle_manager-7] [INFO] [1789938998.702670947] [lifecycle_manager_localization]: Destroying lifecycle_manager_localization
[python-19] INFO:     Finished server process [165366]
[waypoint_follower-14] [INFO] [1789938998.724360744] [waypoint_follower]: Destroying
[amcl-6] [INFO] [1789938998.724406354] [amcl]: Destroying
[behavior_server-12] [INFO] [1789938998.726076509] [behavior_server]: Destroying bond (behavior_server) to lifecycle manager.
[opennav_docking-17] [INFO] [1789938998.770172037] [docking_server]: Destroying bond (docking_server) to lifecycle manager.
[opennav_docking-17] [INFO] [1789938998.809297392] [docking_server]: Destroying
[route_server-11] [INFO] [1789938998.819720306] [route_server]: Destroying bond (route_server) to lifecycle manager.
[route_server-11] [INFO] [1789938998.868363442] [route_server]: Destroying
[behavior_server-12] [INFO] [1789938998.914475157] [behavior_server]: Destroying
[controller_server-8] [INFO] [1789938998.923726238] [controller_server]: Destroying bond (controller_server) to lifecycle manager.
[controller_server-8] [INFO] [1789938998.943790619] [local_costmap.local_costmap]: Destroying
[INFO] [parameter_bridge-4]: process has finished cleanly [pid 164986]
[INFO] [velocity_smoother-15]: process has finished cleanly [pid 164997]
[INFO] [robot_state_publisher-2]: process has finished cleanly [pid 164983]
[robot_state_node-21] Traceback (most recent call last):
[robot_state_node-21]   File "/home/robojazzy/robofetch_ws_copy/robofetch_ws/install/robofetch_core/lib/robofetch_core/robot_state_node", line 33, in <module>
[robot_state_node-21]     sys.exit(load_entry_point('robofetch-core', 'console_scripts', 'robot_state_node')())
[robot_state_node-21]              ^^^^^^^^^^^^^^^^^^^^^^^^^^^^^^^^^^^^^^^^^^^^^^^^^^^^^^^^^^^^^^^^^^^^^^^^^^^
[robot_state_node-21]   File "/home/robojazzy/robofetch_ws_copy/robofetch_ws/build/robofetch_core/robofetch_core/robot_state_node.py", line 186, in main
[robot_state_node-21]     rclpy.spin(node)
[robot_state_node-21]   File "/opt/ros/jazzy/lib/python3.12/site-packages/rclpy/__init__.py", line 247, in spin
[robot_state_node-21]     executor.spin_once()
[robot_state_node-21]   File "/opt/ros/jazzy/lib/python3.12/site-packages/rclpy/executors.py", line 926, in spin_once
[robot_state_node-21]     self._spin_once_impl(timeout_sec)
[robot_state_node-21]   File "/opt/ros/jazzy/lib/python3.12/site-packages/rclpy/executors.py", line 907, in _spin_once_impl
[robot_state_node-21]     handler, entity, node = self.wait_for_ready_callbacks(
[robot_state_node-21]                             ^^^^^^^^^^^^^^^^^^^^^^^^^^^^^^
[robot_state_node-21]   File "/opt/ros/jazzy/lib/python3.12/site-packages/rclpy/executors.py", line 877, in wait_for_ready_callbacks
[robot_state_node-21]     return next(self._cb_iter)
[robot_state_node-21]            ^^^^^^^^^^^^^^^^^^^
[robot_state_node-21]   File "/opt/ros/jazzy/lib/python3.12/site-packages/rclpy/executors.py", line 785, in _wait_for_ready_callbacks
[robot_state_node-21]     raise ExternalShutdownException()
[robot_state_node-21] rclpy.executors.ExternalShutdownException
[factory_node-20] Traceback (most recent call last):
[factory_node-20]   File "/home/robojazzy/robofetch_ws_copy/robofetch_ws/install/robofetch_factory/lib/robofetch_factory/factory_node", line 33, in <module>
[factory_node-20]     sys.exit(load_entry_point('robofetch-factory', 'console_scripts', 'factory_node')())
[factory_node-20]              ^^^^^^^^^^^^^^^^^^^^^^^^^^^^^^^^^^^^^^^^^^^^^^^^^^^^^^^^^^^^^^^^^^^^^^^^^^
[factory_node-20]   File "/home/robojazzy/robofetch_ws_copy/robofetch_ws/build/robofetch_factory/robofetch_factory/factory_node.py", line 155, in main
[factory_node-20]     rclpy.spin(node)
[factory_node-20]   File "/opt/ros/jazzy/lib/python3.12/site-packages/rclpy/__init__.py", line 247, in spin
[factory_node-20]     executor.spin_once()
[factory_node-20]   File "/opt/ros/jazzy/lib/python3.12/site-packages/rclpy/executors.py", line 926, in spin_once
[factory_node-20]     self._spin_once_impl(timeout_sec)
[factory_node-20]   File "/opt/ros/jazzy/lib/python3.12/site-packages/rclpy/executors.py", line 907, in _spin_once_impl
[factory_node-20]     handler, entity, node = self.wait_for_ready_callbacks(
[factory_node-20]                             ^^^^^^^^^^^^^^^^^^^^^^^^^^^^^^
[factory_node-20]   File "/opt/ros/jazzy/lib/python3.12/site-packages/rclpy/executors.py", line 877, in wait_for_ready_callbacks
[factory_node-20]     return next(self._cb_iter)
[factory_node-20]            ^^^^^^^^^^^^^^^^^^^
[factory_node-20]   File "/opt/ros/jazzy/lib/python3.12/site-packages/rclpy/executors.py", line 785, in _wait_for_ready_callbacks
[factory_node-20]     raise ExternalShutdownException()
[factory_node-20] rclpy.executors.ExternalShutdownException
[controller_server-8] [INFO] [1789938999.008959926] [controller_server]: Destroying
[lifecycle_manager-18] [INFO] [1789938999.024243241] [lifecycle_manager_navigation]: Destroying lifecycle_manager_navigation
[INFO] [waypoint_follower-14]: process has finished cleanly [pid 164996]
[INFO] [map_server-5]: process has finished cleanly [pid 164987]
[INFO] [collision_monitor-16]: process has finished cleanly [pid 164998]
[INFO] [amcl-6]: process has finished cleanly [pid 164988]
[INFO] [lifecycle_manager-7]: process has finished cleanly [pid 164989]
[INFO] [opennav_docking-17]: process has finished cleanly [pid 164999]
[INFO] [smoother_server-9]: process has finished cleanly [pid 164991]
[INFO] [route_server-11]: process has finished cleanly [pid 164993]
[bt_navigator-13] [INFO] [1789938999.122948429] [bt_navigator]: Completed Cleaning up
[bt_navigator-13] [INFO] [1789938999.123036169] [bt_navigator]: Destroying bond (bt_navigator) to lifecycle manager.
[bt_navigator-13] [INFO] [1789938999.140208507] [bt_navigator]: Destroying
[INFO] [behavior_server-12]: process has finished cleanly [pid 164994]
[mission_executor-22] Traceback (most recent call last):
[mission_executor-22]   File "/home/robojazzy/robofetch_ws_copy/robofetch_ws/install/robofetch_core/lib/robofetch_core/mission_executor", line 33, in <module>
[mission_executor-22]     sys.exit(load_entry_point('robofetch-core', 'console_scripts', 'mission_executor')())
[mission_executor-22]              ^^^^^^^^^^^^^^^^^^^^^^^^^^^^^^^^^^^^^^^^^^^^^^^^^^^^^^^^^^^^^^^^^^^^^^^^^^^
[mission_executor-22]   File "/home/robojazzy/robofetch_ws_copy/robofetch_ws/build/robofetch_core/robofetch_core/mission_executor.py", line 716, in main
[mission_executor-22]     executor.spin()
[mission_executor-22]   File "/opt/ros/jazzy/lib/python3.12/site-packages/rclpy/executors.py", line 359, in spin
[mission_executor-22]     self._spin_once_impl()
[mission_executor-22]   File "/opt/ros/jazzy/lib/python3.12/site-packages/rclpy/executors.py", line 907, in _spin_once_impl
[mission_executor-22]     handler, entity, node = self.wait_for_ready_callbacks(
[mission_executor-22]                             ^^^^^^^^^^^^^^^^^^^^^^^^^^^^^^
[mission_executor-22]   File "/opt/ros/jazzy/lib/python3.12/site-packages/rclpy/executors.py", line 877, in wait_for_ready_callbacks
[mission_executor-22]     return next(self._cb_iter)
[mission_executor-22]            ^^^^^^^^^^^^^^^^^^^
[mission_executor-22]   File "/opt/ros/jazzy/lib/python3.12/site-packages/rclpy/executors.py", line 785, in _wait_for_ready_callbacks
[mission_executor-22]     raise ExternalShutdownException()
[mission_executor-22] rclpy.executors.ExternalShutdownException
[planner_server-10] [INFO] [1789938999.183082435] [planner_server]: Deactivating plugin SmacLattice of type SmacPlannerLattice
[planner_server-10] [INFO] [1789938999.183554474] [planner_server]: Deactivating plugin ThetaStar of type nav2_theta_star_planner
[planner_server-10] [INFO] [1789938999.183784357] [planner_server]: Deactivating plugin NavfnAStar of type NavfnPlanner
[planner_server-10] [INFO] [1789938999.184048350] [planner_server]: Deactivating plugin Smac2D of type SmacPlanner2D
[planner_server-10] [INFO] [1789938999.184319205] [planner_server]: Deactivating plugin NavfnDijkstra of type NavfnPlanner
[planner_server-10] [INFO] [1789938999.184342106] [planner_server]: Deactivating plugin GridBased of type NavfnPlanner
[planner_server-10] [INFO] [1789938999.184385783] [planner_server]: Destroying bond (planner_server) to lifecycle manager.
[planner_server-10] [INFO] [1789938999.194586352] [planner_server]: Cleaning up
[INFO] [lifecycle_manager-18]: process has finished cleanly [pid 165002]
[planner_server-10] [INFO] [1789938999.210149700] [global_costmap.global_costmap]: Cleaning up
[planner_server-10] [INFO] [1789938999.221694781] [planner_server]: Cleaning up plugin SmacLattice of type SmacPlannerLattice
[planner_server-10] [INFO] [1789938999.223987138] [planner_server]: CleaningUp plugin ThetaStar of type nav2_theta_star_planner
[planner_server-10] [INFO] [1789938999.224102998] [planner_server]: Cleaning up plugin NavfnAStar of type NavfnPlanner
[planner_server-10] [INFO] [1789938999.224674758] [planner_server]: Cleaning up plugin Smac2D of type SmacPlanner2D
[planner_server-10] [INFO] [1789938999.225772187] [planner_server]: Cleaning up plugin NavfnDijkstra of type NavfnPlanner
[planner_server-10] [INFO] [1789938999.226144116] [planner_server]: Cleaning up plugin GridBased of type NavfnPlanner
[planner_server-10] [INFO] [1789938999.226257174] [planner_server]: Destroying plugin SmacLattice of type SmacPlannerLattice
[planner_server-10] [INFO] [1789938999.226337183] [planner_server]: Destroying plugin NavfnAStar of type NavfnPlanner
[planner_server-10] [INFO] [1789938999.226415840] [planner_server]: Destroying plugin Smac2D of type SmacPlanner2D
[planner_server-10] [INFO] [1789938999.226434587] [planner_server]: Destroying plugin NavfnDijkstra of type NavfnPlanner
[planner_server-10] [INFO] [1789938999.226464155] [planner_server]: Destroying plugin GridBased of type NavfnPlanner
[INFO] [controller_server-8]: process has finished cleanly [pid 164990]
[planner_server-10] [INFO] [1789938999.246089353] [planner_server]: Destroying bond (planner_server) to lifecycle manager.
[planner_server-10] [INFO] [1789938999.253553259] [global_costmap.global_costmap]: Destroying
[planner_server-10] [INFO] [1789938999.271750553] [planner_server]: Destroying
[INFO] [bt_navigator-13]: process has finished cleanly [pid 164995]
[ERROR] [factory_node-20]: process has died [pid 165381, exit code 1, cmd '/home/robojazzy/robofetch_ws_copy/robofetch_ws/install/robofetch_factory/lib/robofetch_factory/factory_node --ros-args -r __node:=factory --params-file /tmp/launch_params_52s7lzqy'].
[ERROR] [robot_state_node-21]: process has died [pid 165382, exit code 1, cmd '/home/robojazzy/robofetch_ws_copy/robofetch_ws/install/robofetch_core/lib/robofetch_core/robot_state_node --ros-args -r __node:=robot_state_node --params-file /tmp/launch_params_q8cdrq57 --params-file /tmp/launch_params_pjpyg_pm'].
[INFO] [planner_server-10]: process has finished cleanly [pid 164992]
[ERROR] [mission_executor-22]: process has died [pid 165412, exit code 1, cmd '/home/robojazzy/robofetch_ws_copy/robofetch_ws/install/robofetch_core/lib/robofetch_core/mission_executor --ros-args -r __node:=mission_executor --params-file /tmp/launch_params_orn496i1 --params-file /tmp/launch_params_ves6xzqv'].
[gazebo-1] [1;36m[Dbg] [GpuLidarSensor.cc:164] [0m[1;36mLidar points for [[0m[1;36mrobofetch::base_footprint::lidar[0m[1;36m] advertised on [[0m[1;36mscan/points[0m[1;36m][0m[1;36m[0m
[gazebo-1] [1;36m[Dbg] [SignalHandler.cc:142] [0m[1;36mReceived signal[[0m[1;36m2[0m[1;36m].[0m
[gazebo-1] [1;36m[Dbg] [ServerPrivate.cc:122] [0m[1;36mServer received signal[[0m[1;36m2[0m[1;36m][0m
[gazebo-1] [1;36m[Dbg] [Sensors.cc:565] [0m[1;36mSensorsPrivate::Stop[0m[1;36m[0m
[gazebo-1] [1;36m[Dbg] [Sensors.cc:551] [0m[1;36mSensorsPrivate::RenderThread stopped[0m[1;36m[0m
[gazebo-1] [1;36m[Dbg] [gz.cc:434] [0m[1;36mShutting down gz-sim-server[0m[1;36m[0m
[gazebo-1] [1;36m[Dbg] [SimulationRunner.cc:578] [0m[1;36mExiting postupdate worker thread ([0m[1;36m0[0m[1;36m)[0m[1;36m[0m
[gazebo-1] [1;36m[Dbg] [SimulationRunner.cc:578] [0m[1;36mExiting postupdate worker thread ([0m[1;36m5[0m[1;36m)[0m[1;36m
[gazebo-1] [Dbg] [SimulationRunner.cc:578] [0m[1;36m
[gazebo-1] [Dbg] [SimulationRunner.cc:578] [Dbg] [SimulationRunner.cc:578] [0m[1;36mExiting postupdate worker thread ([0m[1;36m3[0m[1;36m)[0m[1;36m[0m
[gazebo-1] [1;36mExiting postupdate worker thread ([0m[1;36m[0m
[gazebo-1] [1;36m[Dbg] [SimulationRunner.cc:578] [0m[1;36mExiting postupdate worker thread ([0m[1;36m2[0m[1;36m)[0m[1;36m[0m
[gazebo-1] [1;36m[Dbg] [SimulationRunner.cc:578] [0m[1;36mExiting postupdate worker thread ([0m[1;36m)[0m[1;36m[0m
[gazebo-1] [1;36mExiting postupdate worker thread ([0m[1;36m1[0m[1;36m)[0m[1;36m[0m
[gazebo-1] [1;36m[Dbg] [Sensors.cc:565] [0m[1;36mSensorsPrivate::Stop[0m[1;36m[0m
[INFO] [gazebo-1]: process has finished cleanly [pid 164982]
[INFO] [python-19]: process has finished cleanly [pid 165366]
