
  config   : config/run.yaml
  scenario : balanced - Nominal rates A=20, B=30, C=5 units/h, rare faults, healthy fully charged robot.
  model    : ppo
  planner  : ThetaStar
  view     : headless
  shift    : 1200.0 s simulated
  seed     : 5001     dashboard: false     build: false

[run] 1/3  sourcing ROS 2 Jazzy ...
[run] 2/3  skipping build (build: false)
[run] 3/3  sourcing the workspace and launching ...

  The robot starts on the blue charger (south-west) and begins by itself after ~30 s.
  Sections: A red (north-west), B yellow (north-east), C purple (south-east);
  delivery point green (south-centre).
  Watch it:  http://localhost:8000   (read-only dashboard: model, planner, live results)
  Results:   logs/<run_id>_mission_summary.yaml when the shift ends
  Stop:      Ctrl+C here, then ./scripts/stop.sh

[INFO] [launch]: All log files can be found below /home/robojazzy/.ros/log/2026-09-17-17-48-25-299291-DESKTOP-NOCCT0U-408858
[INFO] [launch]: Default logging verbosity is set to INFO
[INFO] [gazebo-1]: process started with pid [408912]
[INFO] [robot_state_publisher-2]: process started with pid [408913]
[INFO] [create-3]: process started with pid [408915]
[INFO] [parameter_bridge-4]: process started with pid [408916]
[INFO] [map_server-5]: process started with pid [408917]
[INFO] [amcl-6]: process started with pid [408918]
[INFO] [lifecycle_manager-7]: process started with pid [408919]
[INFO] [controller_server-8]: process started with pid [408920]
[INFO] [smoother_server-9]: process started with pid [408921]
[INFO] [planner_server-10]: process started with pid [408922]
[INFO] [route_server-11]: process started with pid [408923]
[INFO] [behavior_server-12]: process started with pid [408924]
[INFO] [bt_navigator-13]: process started with pid [408925]
[INFO] [waypoint_follower-14]: process started with pid [408926]
[INFO] [velocity_smoother-15]: process started with pid [408929]
[INFO] [collision_monitor-16]: process started with pid [408930]
[INFO] [opennav_docking-17]: process started with pid [408931]
[INFO] [lifecycle_manager-18]: process started with pid [408932]
[create-3] [INFO] [1789660107.071997555] [ros_gz_sim]: Requesting list of world names.
[robot_state_publisher-2] [INFO] [1789660107.101851576] [robot_state_publisher]: Robot initialized
[smoother_server-9] [INFO] [1789660107.157115529] [smoother_server]: 
[smoother_server-9] 	smoother_server lifecycle node launched. 
[smoother_server-9] 	Waiting on external lifecycle transitions to activate
[smoother_server-9] 	See https://design.ros2.org/articles/node_lifecycle.html for more information.
[smoother_server-9] [INFO] [1789660107.166230405] [smoother_server]: Creating smoother server
[amcl-6] [INFO] [1789660107.191069739] [amcl]: 
[amcl-6] 	amcl lifecycle node launched. 
[amcl-6] 	Waiting on external lifecycle transitions to activate
[amcl-6] 	See https://design.ros2.org/articles/node_lifecycle.html for more information.
[amcl-6] [INFO] [1789660107.192634035] [amcl]: Creating
[planner_server-10] [INFO] [1789660107.306672532] [planner_server]: 
[planner_server-10] 	planner_server lifecycle node launched. 
[planner_server-10] 	Waiting on external lifecycle transitions to activate
[planner_server-10] 	See https://design.ros2.org/articles/node_lifecycle.html for more information.
[planner_server-10] [INFO] [1789660107.320589295] [planner_server]: Creating
[lifecycle_manager-7] [INFO] [1789660107.341866739] [lifecycle_manager_localization]: Creating
[collision_monitor-16] [INFO] [1789660107.360121590] [collision_monitor]: 
[collision_monitor-16] 	collision_monitor lifecycle node launched. 
[collision_monitor-16] 	Waiting on external lifecycle transitions to activate
[collision_monitor-16] 	See https://design.ros2.org/articles/node_lifecycle.html for more information.
[lifecycle_manager-7] [INFO] [1789660107.364248079] [lifecycle_manager_localization]: [34m[1mCreating and initializing lifecycle service clients[0m[0m
[velocity_smoother-15] [INFO] [1789660107.395410597] [velocity_smoother]: 
[velocity_smoother-15] 	velocity_smoother lifecycle node launched. 
[velocity_smoother-15] 	Waiting on external lifecycle transitions to activate
[velocity_smoother-15] 	See https://design.ros2.org/articles/node_lifecycle.html for more information.
[waypoint_follower-14] [INFO] [1789660107.405606470] [waypoint_follower]: 
[waypoint_follower-14] 	waypoint_follower lifecycle node launched. 
[waypoint_follower-14] 	Waiting on external lifecycle transitions to activate
[waypoint_follower-14] 	See https://design.ros2.org/articles/node_lifecycle.html for more information.
[waypoint_follower-14] [INFO] [1789660107.406704967] [waypoint_follower]: Creating
[behavior_server-12] [INFO] [1789660107.422108026] [behavior_server]: 
[behavior_server-12] 	behavior_server lifecycle node launched. 
[behavior_server-12] 	Waiting on external lifecycle transitions to activate
[behavior_server-12] 	See https://design.ros2.org/articles/node_lifecycle.html for more information.
[map_server-5] [INFO] [1789660107.426822313] [map_server]: 
[map_server-5] 	map_server lifecycle node launched. 
[map_server-5] 	Waiting on external lifecycle transitions to activate
[map_server-5] 	See https://design.ros2.org/articles/node_lifecycle.html for more information.
[map_server-5] [INFO] [1789660107.427005713] [map_server]: Creating
[lifecycle_manager-7] [INFO] [1789660107.428125610] [lifecycle_manager_localization]: [34m[1mStarting managed nodes bringup...[0m[0m
[lifecycle_manager-7] [INFO] [1789660107.428186010] [lifecycle_manager_localization]: [34m[1mConfiguring map_server[0m[0m
[route_server-11] [INFO] [1789660107.441297775] [route_server]: 
[route_server-11] 	route_server lifecycle node launched. 
[route_server-11] 	Waiting on external lifecycle transitions to activate
[route_server-11] 	See https://design.ros2.org/articles/node_lifecycle.html for more information.
[lifecycle_manager-18] [INFO] [1789660107.453206143] [lifecycle_manager_navigation]: Creating
[controller_server-8] [INFO] [1789660107.483935662] [controller_server]: 
[controller_server-8] 	controller_server lifecycle node launched. 
[controller_server-8] 	Waiting on external lifecycle transitions to activate
[controller_server-8] 	See https://design.ros2.org/articles/node_lifecycle.html for more information.
[lifecycle_manager-18] [INFO] [1789660107.485663557] [lifecycle_manager_navigation]: [34m[1mCreating and initializing lifecycle service clients[0m[0m
[bt_navigator-13] [INFO] [1789660107.490575644] [bt_navigator]: 
[bt_navigator-13] 	bt_navigator lifecycle node launched. 
[bt_navigator-13] 	Waiting on external lifecycle transitions to activate
[bt_navigator-13] 	See https://design.ros2.org/articles/node_lifecycle.html for more information.
[bt_navigator-13] [INFO] [1789660107.495423431] [bt_navigator]: Creating
[planner_server-10] [INFO] [1789660107.502853411] [global_costmap.global_costmap]: 
[planner_server-10] 	global_costmap lifecycle node launched. 
[planner_server-10] 	Waiting on external lifecycle transitions to activate
[planner_server-10] 	See https://design.ros2.org/articles/node_lifecycle.html for more information.
[planner_server-10] [INFO] [1789660107.506638501] [global_costmap.global_costmap]: Creating Costmap
[opennav_docking-17] [INFO] [1789660107.513808682] [docking_server]: 
[opennav_docking-17] 	docking_server lifecycle node launched. 
[opennav_docking-17] 	Waiting on external lifecycle transitions to activate
[opennav_docking-17] 	See https://design.ros2.org/articles/node_lifecycle.html for more information.
[opennav_docking-17] [INFO] [1789660107.514509280] [docking_server]: Creating docking_server
[controller_server-8] [INFO] [1789660107.516122076] [controller_server]: Creating controller server
[controller_server-8] [INFO] [1789660107.596387963] [local_costmap.local_costmap]: 
[controller_server-8] 	local_costmap lifecycle node launched. 
[controller_server-8] 	Waiting on external lifecycle transitions to activate
[controller_server-8] 	See https://design.ros2.org/articles/node_lifecycle.html for more information.
[controller_server-8] [INFO] [1789660107.597720460] [local_costmap.local_costmap]: Creating Costmap
[map_server-5] [INFO] [1789660107.605696338] [map_server]: Configuring
[map_server-5] [INFO] [1789660107.605808338] [map_io]: Loading yaml file: /home/robojazzy/robofetch_ws_copy/robofetch_ws/install/robofetch_nav/share/robofetch_nav/maps/factory_maze.yaml
[map_server-5] [INFO] [1789660107.606304637] [map_io]: resolution: 0.05
[map_server-5] [INFO] [1789660107.606330437] [map_io]: origin[0]: -7.75
[map_server-5] [INFO] [1789660107.606343837] [map_io]: origin[1]: -5.5
[map_server-5] [INFO] [1789660107.606355237] [map_io]: origin[2]: 0
[map_server-5] [INFO] [1789660107.606380137] [map_io]: free_thresh: 0.196
[map_server-5] [INFO] [1789660107.606396137] [map_io]: occupied_thresh: 0.65
[map_server-5] [INFO] [1789660107.606412537] [map_io]: mode: trinary
[map_server-5] [INFO] [1789660107.606426036] [map_io]: negate: 0
[map_server-5] [INFO] [1789660107.606905135] [map_io]: Loading image_file: /home/robojazzy/robofetch_ws_copy/robofetch_ws/install/robofetch_nav/share/robofetch_nav/maps/factory_maze.pgm
[map_server-5] [INFO] [1789660107.609761528] [map_io]: Read map /home/robojazzy/robofetch_ws_copy/robofetch_ws/install/robofetch_nav/share/robofetch_nav/maps/factory_maze.pgm: 310 X 220 map @ 0.05 m/cell
[lifecycle_manager-7] [INFO] [1789660107.630562972] [lifecycle_manager_localization]: [34m[1mConfiguring amcl[0m[0m
[amcl-6] [INFO] [1789660107.631093671] [amcl]: Configuring
[amcl-6] [INFO] [1789660107.631199571] [amcl]: initTransforms
[amcl-6] [INFO] [1789660107.663162586] [amcl]: initPubSub
[amcl-6] [INFO] [1789660107.690540813] [amcl]: Subscribed to map topic.
[lifecycle_manager-7] [INFO] [1789660107.706322571] [lifecycle_manager_localization]: [34m[1mActivating map_server[0m[0m
[map_server-5] [INFO] [1789660107.706727770] [map_server]: Activating
[map_server-5] [INFO] [1789660107.707549368] [map_server]: Creating bond (map_server) to lifecycle manager.
[amcl-6] [INFO] [1789660107.707709268] [amcl]: Received a 310 X 220 map @ 0.050 m/pix
[lifecycle_manager-7] [INFO] [1789660107.821858765] [lifecycle_manager_localization]: Server map_server connected with bond.
[lifecycle_manager-7] [INFO] [1789660107.821948864] [lifecycle_manager_localization]: [34m[1mActivating amcl[0m[0m
[amcl-6] [INFO] [1789660107.822313963] [amcl]: Activating
[amcl-6] [INFO] [1789660107.822357863] [amcl]: initialPoseReceived
[amcl-6] [INFO] [1789660107.822499463] [amcl]: Setting pose (0.000000): -5.225 -2.975 0.000
[amcl-6] [INFO] [1789660107.823159861] [amcl]: Creating bond (amcl) to lifecycle manager.
[lifecycle_manager-7] [INFO] [1789660107.935855662] [lifecycle_manager_localization]: Server amcl connected with bond.
[lifecycle_manager-7] [INFO] [1789660107.935927962] [lifecycle_manager_localization]: [34m[1mManaged nodes are active[0m[0m
[lifecycle_manager-7] [INFO] [1789660107.935938762] [lifecycle_manager_localization]: [34m[1mCreating bond timer...[0m[0m
[gazebo-1] [1;32m[Msg] [0m[1;32mGazebo Sim Server v[0m[1;32m8.11.0[0m[1;32m[0m
[gazebo-1] [1;32m[Msg] [0m[1;32mLoading SDF world file[[0m[1;32m/home/robojazzy/robofetch_ws_copy/robofetch_ws/install/robofetch_gazebo/share/robofetch_gazebo/worlds/factory_maze.sdf[0m[1;32m].[0m
[gazebo-1] [1;32m[Msg] [0m[1;32mServing entity system service on [[0m[1;32m/[0m[1;32mentity/system/add[0m[1;32m][0m[1;32m[0m
[gazebo-1] [1;36m[Dbg] [Physics.cc:906] [0m[1;36mLoaded [[0m[1;36mgz::physics::dartsim::Plugin[0m[1;36m] from library [[0m[1;36m/opt/ros/jazzy/opt/gz_physics_vendor/lib/gz-physics-7/engine-plugins/libgz-physics-dartsim-plugin.so[0m[1;36m][0m[1;36m[0m
[gazebo-1] [1;36m[Dbg] [SystemManager.cc:80] [0m[1;36mLoaded system [[0m[1;36mgz::sim::systems::Physics[0m[1;36m] for entity [[0m[1;36m1[0m[1;36m][0m[1;36m[0m
[gazebo-1] [1;36m[Dbg] [SystemManager.cc:80] [0m[1;36mLoaded system [[0m[1;36mgz::sim::systems::SceneBroadcaster[0m[1;36m] for entity [[0m[1;36m1[0m[1;36m][0m[1;36m[0m
[gazebo-1] [1;32m[Msg] [0m[1;32mCreate[0m[1;32m service on [[0m[1;32m/world/factory_maze/create_multiple[0m[1;32m] (async)[0m[1;32m[0m
[gazebo-1] [1;32m[Msg] [0m[1;32mCreate[0m[1;32m service on [[0m[1;32m/world/factory_maze/create_multiple/blocking[0m[1;32m] (blocking)[0m[1;32m[0m
[gazebo-1] [1;32m[Msg] [0m[1;32mRemove[0m[1;32m service on [[0m[1;32m/world/factory_maze/remove[0m[1;32m] (async)[0m[1;32m[0m
[gazebo-1] [1;32m[Msg] [0m[1;32mRemove[0m[1;32m service on [[0m[1;32m/world/factory_maze/remove/blocking[0m[1;32m] (blocking)[0m[1;32m[0m
[gazebo-1] [1;32m[Msg] [0m[1;32mPose[0m[1;32m service on [[0m[1;32m/world/factory_maze/set_pose[0m[1;32m] (async)[0m[1;32m[0m
[gazebo-1] [1;32m[Msg] [0m[1;32mPose[0m[1;32m service on [[0m[1;32m/world/factory_maze/set_pose/blocking[0m[1;32m] (blocking)[0m[1;32m[0m
[gazebo-1] [1;32m[Msg] [0m[1;32mPose[0m[1;32m service on [[0m[1;32m/world/factory_maze/set_pose_vector[0m[1;32m] (async)[0m[1;32m[0m
[gazebo-1] [1;32m[Msg] [0m[1;32mPose[0m[1;32m service on [[0m[1;32m/world/factory_maze/set_pose_vector/blocking[0m[1;32m] (blocking)[0m[1;32m[0m
[gazebo-1] [1;32m[Msg] [0m[1;32mLight configuration[0m[1;32m service on [[0m[1;32m/world/factory_maze/light_config[0m[1;32m] (async)[0m[1;32m[0m
[gazebo-1] [1;32m[Msg] [0m[1;32mLight configuration[0m[1;32m service on [[0m[1;32m/world/factory_maze/light_config/blocking[0m[1;32m] (blocking)[0m[1;32m[0m
[gazebo-1] [1;32m[Msg] [0m[1;32mPhysics[0m[1;32m service on [[0m[1;32m/world/factory_maze/set_physics[0m[1;32m] (async)[0m[1;32m[0m
[gazebo-1] [1;32m[Msg] [0m[1;32mPhysics[0m[1;32m service on [[0m[1;32m/world/factory_maze/set_physics/blocking[0m[1;32m] (blocking)[0m[1;32m[0m
[gazebo-1] [1;32m[Msg] [0m[1;32mSphericalCoordinates[0m[1;32m service on [[0m[1;32m/world/factory_maze/set_spherical_coordinates[0m[1;32m] (async)[0m[1;32m[0m
[gazebo-1] [1;32m[Msg] [0m[1;32mSphericalCoordinates[0m[1;32m service on [[0m[1;32m/world/factory_maze/set_spherical_coordinates/blocking[0m[1;32m] (blocking)[0m[1;32m[0m
[gazebo-1] [1;32m[Msg] [0m[1;32mEnable collision[0m[1;32m service on [[0m[1;32m/world/factory_maze/enable_collision[0m[1;32m] (async)[0m[1;32m[0m
[gazebo-1] [1;32m[Msg] [0m[1;32mEnable collision[0m[1;32m service on [[0m[1;32m/world/factory_maze/enable_collision/blocking[0m[1;32m] (blocking)[0m[1;32m[0m
[gazebo-1] [1;32m[Msg] [0m[1;32mDisable collision[0m[1;32m service on [[0m[1;32m/world/factory_maze/disable_collision[0m[1;32m] (async)[0m[1;32m[0m
[gazebo-1] [1;32m[Msg] [0m[1;32mDisable collision[0m[1;32m service on [[0m[1;32m/world/factory_maze/disable_collision/blocking[0m[1;32m] (blocking)[0m[1;32m[0m
[gazebo-1] [1;32m[Msg] [0m[1;32mMaterial[0m[1;32m service on [[0m[1;32m/world/factory_maze/visual_config[0m[1;32m] (async)[0m[1;32m[0m
[gazebo-1] [1;32m[Msg] [0m[1;32mMaterial[0m[1;32m service on [[0m[1;32m/world/factory_maze/visual_config/blocking[0m[1;32m] (blocking)[0m[1;32m[0m
[gazebo-1] [1;32m[Msg] [0m[1;32mMaterial[0m[1;32m service on [[0m[1;32m/world/factory_maze/wheel_slip[0m[1;32m] (async)[0m[1;32m[0m
[create-3] [INFO] [1789660108.236967944] [ros_gz_sim]: Waiting messages on topic [/robot_description].
[create-3] [INFO] [1789660108.250286507] [ros_gz_sim]: Entity creation successful.
[parameter_bridge-4] [INFO] [1789660108.379182654] [ros_gz_bridge]: Creating ROS->GZ Bridge: [cmd_vel (geometry_msgs/msg/Twist) -> cmd_vel (gz.msgs.Twist)] (Lazy 0)
[parameter_bridge-4] [INFO] [1789660108.385561137] [ros_gz_bridge]: Creating GZ->ROS Bridge: [odom (gz.msgs.Odometry) -> odom (nav_msgs/msg/Odometry)] (Lazy 0)
[INFO] [create-3]: process has finished cleanly [pid 408915]
[parameter_bridge-4] [INFO] [1789660108.392646217] [ros_gz_bridge]: Creating GZ->ROS Bridge: [tf (gz.msgs.Pose_V) -> tf (tf2_msgs/msg/TFMessage)] (Lazy 0)
[parameter_bridge-4] [INFO] [1789660108.400157697] [ros_gz_bridge]: Creating GZ->ROS Bridge: [joint_states (gz.msgs.Model) -> joint_states (sensor_msgs/msg/JointState)] (Lazy 0)
[parameter_bridge-4] [INFO] [1789660108.405489982] [ros_gz_bridge]: Creating GZ->ROS Bridge: [scan (gz.msgs.LaserScan) -> scan (sensor_msgs/msg/LaserScan)] (Lazy 0)
[parameter_bridge-4] [INFO] [1789660108.411910965] [ros_gz_bridge]: Creating GZ->ROS Bridge: [clock (gz.msgs.Clock) -> clock (rosgraph_msgs/msg/Clock)] (Lazy 0)
[parameter_bridge-4] [INFO] [1789660108.415991253] [ros_gz_bridge]: Creating GZ->ROS Bridge: [/model/robofetch/pose (gz.msgs.Pose) -> /model/robofetch/pose (geometry_msgs/msg/Pose)] (Lazy 0)
[lifecycle_manager-18] [INFO] [1789660108.474725993] [lifecycle_manager_navigation]: [34m[1mStarting managed nodes bringup...[0m[0m
[lifecycle_manager-18] [INFO] [1789660108.474812892] [lifecycle_manager_navigation]: [34m[1mConfiguring controller_server[0m[0m
[controller_server-8] [INFO] [1789660108.475250791] [controller_server]: Configuring controller interface
[controller_server-8] [INFO] [1789660108.475281591] [controller_server]: getting progress checker plugins..
[controller_server-8] [INFO] [1789660108.476009789] [controller_server]: getting goal checker plugins..
[controller_server-8] [INFO] [1789660108.476282488] [controller_server]: Controller frequency set to 10.0000Hz
[controller_server-8] [INFO] [1789660108.476356788] [local_costmap.local_costmap]: Configuring
[controller_server-8] [INFO] [1789660108.497671530] [local_costmap.local_costmap]: Using plugin "voxel_layer"
[controller_server-8] [INFO] [1789660108.505302709] [local_costmap.local_costmap]: Subscribed to Topics: scan
[controller_server-8] [INFO] [1789660108.531259338] [local_costmap.local_costmap]: Initialized plugin "voxel_layer"
[controller_server-8] [INFO] [1789660108.531389637] [local_costmap.local_costmap]: Using plugin "inflation_layer"
[controller_server-8] [INFO] [1789660108.534662628] [local_costmap.local_costmap]: Initialized plugin "inflation_layer"
[controller_server-8] [INFO] [1789660108.576286414] [controller_server]: Created progress_checker : progress_checker of type nav2_controller::SimpleProgressChecker
[controller_server-8] [INFO] [1789660108.577847810] [controller_server]: Controller Server has progress_checker  progress checkers available.
[controller_server-8] [INFO] [1789660108.578936707] [controller_server]: Created goal checker : general_goal_checker of type nav2_controller::SimpleGoalChecker
[controller_server-8] [INFO] [1789660108.580225904] [controller_server]: Controller Server has general_goal_checker  goal checkers available.
[controller_server-8] [INFO] [1789660108.582063599] [controller_server]: Created controller : FollowPath of type nav2_mppi_controller::MPPIController
[controller_server-8] [INFO] [1789660108.593305668] [controller_server]: Controller period is equal to model dt. Control sequence shifting is ON
[controller_server-8] [INFO] [1789660108.597559256] [controller_server]: ConstraintCritic instantiated with 1 power and 4.000000 weight.
[controller_server-8] [INFO] [1789660108.597638056] [controller_server]: Critic loaded : mppi::critics::ConstraintCritic
[controller_server-8] [INFO] [1789660108.601253746] [controller_server]: InflationCostCritic instantiated with 1 power and 300.000000 / 0.015000 weights. Critic will collision check based on circular cost.
[controller_server-8] [INFO] [1789660108.601334046] [controller_server]: Critic loaded : mppi::critics::CostCritic
[controller_server-8] [INFO] [1789660108.602244643] [controller_server]: GoalCritic instantiated with 1 power and 5.000000 weight.
[controller_server-8] [INFO] [1789660108.602277543] [controller_server]: Critic loaded : mppi::critics::GoalCritic
[controller_server-8] [INFO] [1789660108.603798139] [controller_server]: GoalAngleCritic instantiated with 1 power, 3.000000 weight, 0.500000 angular threshold and symmetric_yaw_tolerance disabled
[controller_server-8] [INFO] [1789660108.603861239] [controller_server]: Critic loaded : mppi::critics::GoalAngleCritic
[controller_server-8] [INFO] [1789660108.607085830] [controller_server]: ReferenceTrajectoryCritic instantiated with 1 power and 14.000000 weight
[controller_server-8] [INFO] [1789660108.607152630] [controller_server]: Critic loaded : mppi::critics::PathAlignCritic
[controller_server-8] [INFO] [1789660108.609446724] [controller_server]: Critic loaded : mppi::critics::PathFollowCritic
[controller_server-8] [INFO] [1789660108.611820017] [controller_server]: PathAngleCritic instantiated with 1 power and 2.000000 weight. Mode set to: Forward Preference
[controller_server-8] [INFO] [1789660108.612014017] [controller_server]: Critic loaded : mppi::critics::PathAngleCritic
[controller_server-8] [INFO] [1789660108.613394213] [controller_server]: PreferForwardCritic instantiated with 1 power and 5.000000 weight.
[controller_server-8] [INFO] [1789660108.613440913] [controller_server]: Critic loaded : mppi::critics::PreferForwardCritic
[controller_server-8] [INFO] [1789660108.614790109] [controller_server]: Optimizer reset
[controller_server-8] [INFO] [1789660108.625566580] [MPPIController]: Configured MPPI Controller: FollowPath
[controller_server-8] [INFO] [1789660108.625641179] [controller_server]: Controller Server has FollowPath  controllers available.
[lifecycle_manager-18] [INFO] [1789660108.657387492] [lifecycle_manager_navigation]: [34m[1mConfiguring smoother_server[0m[0m
[smoother_server-9] [INFO] [1789660108.657803691] [smoother_server]: Configuring smoother server
[smoother_server-9] [INFO] [1789660108.685556815] [smoother_server]: Created smoother : simple_smoother of type nav2_smoother::SimpleSmoother
[smoother_server-9] [INFO] [1789660108.686896812] [smoother_server]: Smoother Server has simple_smoother  smoothers available.
[lifecycle_manager-18] [INFO] [1789660108.705629060] [lifecycle_manager_navigation]: [34m[1mConfiguring planner_server[0m[0m
[planner_server-10] [INFO] [1789660108.706094559] [planner_server]: Configuring
[planner_server-10] [INFO] [1789660108.706143959] [global_costmap.global_costmap]: Configuring
[planner_server-10] [INFO] [1789660108.728330498] [global_costmap.global_costmap]: Using plugin "static_layer"
[planner_server-10] [INFO] [1789660108.736402976] [global_costmap.global_costmap]: Subscribing to the map topic (/map) with transient local durability
[planner_server-10] [INFO] [1789660108.740396865] [global_costmap.global_costmap]: Initialized plugin "static_layer"
[planner_server-10] [INFO] [1789660108.740455465] [global_costmap.global_costmap]: Using plugin "obstacle_layer"
[planner_server-10] [INFO] [1789660108.742442960] [global_costmap.global_costmap]: Subscribed to Topics: scan
[planner_server-10] [INFO] [1789660108.755166625] [global_costmap.global_costmap]: Initialized plugin "obstacle_layer"
[planner_server-10] [INFO] [1789660108.755230325] [global_costmap.global_costmap]: Using plugin "inflation_layer"
[planner_server-10] [INFO] [1789660108.756202722] [global_costmap.global_costmap]: Initialized plugin "inflation_layer"
[planner_server-10] [INFO] [1789660108.816366757] [global_costmap.global_costmap]: StaticLayer: Resizing costmap to 310 X 220 at 0.050000 m/pix
[planner_server-10] [INFO] [1789660108.817741353] [planner_server]: Created global planner plugin GridBased of type nav2_theta_star_planner::ThetaStarPlanner
[planner_server-10] [INFO] [1789660108.821434343] [planner_server]: Created global planner plugin NavfnDijkstra of type nav2_navfn_planner::NavfnPlanner
[planner_server-10] [INFO] [1789660108.821521343] [planner_server]: Configuring plugin NavfnDijkstra of type NavfnPlanner
[planner_server-10] [INFO] [1789660108.824601635] [planner_server]: Created global planner plugin NavfnAStar of type nav2_navfn_planner::NavfnPlanner
[planner_server-10] [INFO] [1789660108.824710234] [planner_server]: Configuring plugin NavfnAStar of type NavfnPlanner
[planner_server-10] [INFO] [1789660108.835727904] [planner_server]: Created global planner plugin Smac2D of type nav2_smac_planner::SmacPlanner2D
[planner_server-10] [INFO] [1789660108.835817204] [planner_server]: Configuring Smac2D of type SmacPlanner2D
[planner_server-10] [INFO] [1789660108.847357772] [planner_server]: Configured plugin Smac2D of type SmacPlanner2D with tolerance 0.25, maximum iterations 1000000, max on approach iterations 1000, and allowing unknown traversal.
[planner_server-10] [INFO] [1789660108.848281770] [planner_server]: Created global planner plugin ThetaStar of type nav2_theta_star_planner::ThetaStarPlanner
[planner_server-10] [INFO] [1789660108.853669855] [planner_server]: Created global planner plugin SmacLattice of type nav2_smac_planner::SmacPlannerLattice
[planner_server-10] [INFO] [1789660108.853742055] [planner_server]: Configuring SmacLattice of type SmacPlannerLattice
[planner_server-10] [INFO] [1789660108.865954321] [planner_server]: Even sized heuristic lookup table size set 400.000000, increasing size by 1 to make odd
[planner_server-10] [INFO] [1789660109.378681787] [planner_server]: Configured plugin SmacLattice of type SmacPlannerLattice with maximum iterations 1000000, max on approach iterations 1000, and allowing unknown traversal. Tolerance 0.25. Using motion model: State Lattice. State lattice file: /opt/ros/jazzy/share/nav2_smac_planner/sample_primitives/5cm_resolution/0.5m_turning_radius/diff/output.json.
[planner_server-10] [INFO] [1789660109.378755987] [planner_server]: Planner Server has GridBased NavfnDijkstra NavfnAStar Smac2D ThetaStar SmacLattice  planners available.
[lifecycle_manager-18] [INFO] [1789660109.417489553] [lifecycle_manager_navigation]: [34m[1mConfiguring route_server[0m[0m
[route_server-11] [INFO] [1789660109.418117556] [route_server]: Configuring
[route_server-11] [INFO] [1789660109.502634617] [route_server]: Created GraphFileLoader GeoJsonGraphFileLoader of type nav2_route::GeoJsonGraphFileLoader
[route_server-11] [INFO] [1789660109.502716918] [route_server]: Configuring geojson graph file loader
[route_server-11] [INFO] [1789660109.502731518] [route_server]: Loading graph file from /opt/ros/jazzy/share/nav2_route/graphs/sample_graph.geojson, by parser nav2_route::GeoJsonGraphFileLoader
[route_server-11] [INFO] [1789660109.511866457] [route_server]: Created edge cost function plugin DistanceScorer of type nav2_route::DistanceScorer
[route_server-11] [INFO] [1789660109.511950957] [route_server]: Configuring distance scorer.
[route_server-11] [INFO] [1789660109.512703660] [route_server]: Created edge cost function plugin CostmapScorer of type nav2_route::CostmapScorer
[route_server-11] [INFO] [1789660109.512743061] [route_server]: Configuring costmap scorer.
[route_server-11] [INFO] [1789660109.517106879] [route_server]: Created route operation AdjustSpeedLimit of type nav2_route::AdjustSpeedLimit
[route_server-11] [INFO] [1789660109.517169979] [route_server]: Configuring Adjust speed limit operation.
[route_server-11] [INFO] [1789660109.521678499] [route_server]: Created route operation ReroutingService of type nav2_route::ReroutingService
[route_server-11] [INFO] [1789660109.521744499] [route_server]: Configuring Rerouting service operation.
[route_server-11] [INFO] [1789660109.528100426] [route_server]: Created route operation CollisionMonitor of type nav2_route::CollisionMonitor
[route_server-11] [INFO] [1789660109.528539028] [route_server]: Using costmap topic: local_costmap/costmap_raw instead of server costmap topic: global_costmap/costmap_raw for CollisionMonitor.
[lifecycle_manager-18] [INFO] [1789660109.537319166] [lifecycle_manager_navigation]: [34m[1mConfiguring behavior_server[0m[0m
[behavior_server-12] [INFO] [1789660109.537864568] [behavior_server]: Configuring
[behavior_server-12] [INFO] [1789660109.553239534] [behavior_server]: Creating behavior plugin spin of type nav2_behaviors::Spin
[behavior_server-12] [INFO] [1789660109.555975646] [behavior_server]: Creating behavior plugin backup of type nav2_behaviors::BackUp
[behavior_server-12] [INFO] [1789660109.557627853] [behavior_server]: Creating behavior plugin drive_on_heading of type nav2_behaviors::DriveOnHeading
[behavior_server-12] [INFO] [1789660109.559272360] [behavior_server]: Creating behavior plugin assisted_teleop of type nav2_behaviors::AssistedTeleop
[behavior_server-12] [INFO] [1789660109.562501473] [behavior_server]: Creating behavior plugin wait of type nav2_behaviors::Wait
[behavior_server-12] [INFO] [1789660109.579737747] [behavior_server]: Configuring spin
[behavior_server-12] [INFO] [1789660109.600559036] [behavior_server]: Configuring backup
[behavior_server-12] [INFO] [1789660109.617570309] [behavior_server]: Configuring drive_on_heading
[behavior_server-12] [INFO] [1789660109.637806596] [behavior_server]: Configuring assisted_teleop
[behavior_server-12] [INFO] [1789660109.667566423] [behavior_server]: Configuring wait
[lifecycle_manager-18] [INFO] [1789660109.689653818] [lifecycle_manager_navigation]: [34m[1mConfiguring velocity_smoother[0m[0m
[velocity_smoother-15] [INFO] [1789660109.690596822] [velocity_smoother]: Configuring velocity smoother
[lifecycle_manager-18] [INFO] [1789660109.701607269] [lifecycle_manager_navigation]: [34m[1mConfiguring collision_monitor[0m[0m
[collision_monitor-16] [INFO] [1789660109.702396872] [collision_monitor]: Configuring
[gazebo-1] [1;32m[Msg] [0m[1;32mMaterial[0m[1;32m service on [[0m[1;32m/world/factory_maze/wheel_slip/blocking[0m[1;32m] (blocking)[0m[1;32m[0m
[gazebo-1] [1;36m[Dbg] [SystemManager.cc:80] [0m[1;36mLoaded system [[0m[1;36mgz::sim::systems::UserCommands[0m[1;36m] for entity [[0m[1;36m1[0m[1;36m][0m[1;36m[0m
[gazebo-1] [1;36m[Dbg] [SystemManager.cc:80] [0m[1;36mLoaded system [[0m[1;36mgz::sim::systems::Contact[0m[1;36m] for entity [[0m[1;36m1[0m[1;36m][0m[1;36m[0m
[gazebo-1] [1;36m[Dbg] [Sensors.cc:697] [0m[1;36mConfiguring Sensors system[0m[1;36m[0m
[gazebo-1] [1;36m[Dbg] [Sensors.cc:557] [0m[1;36mSensorsPrivate::Run[0m[1;36m[0m
[gazebo-1] [1;36m[Dbg] [SystemManager.cc:80] [0m[1;36mLoaded system [[0m[1;36mgz::sim::systems::Sensors[0m[1;36m] for entity [[0m[1;36m1[0m[1;36m][0m[1;36m[0m
[gazebo-1] [1;36m[Dbg] [Sensors.cc:532] [0m[1;36mSensorsPrivate::RenderThread started[0m[1;36m[0m
[gazebo-1] [1;36m[Dbg] [Sensors.cc:337] [0m[1;36mWaiting for init[0m[1;36m[0m
[gazebo-1] [1;32m[Msg] [0m[1;32mLoaded level [[0m[1;32mdefault[0m[1;32m][0m[1;32m[0m
[gazebo-1] [1;32m[Msg] [0m[1;32mServing world controls on [[0m[1;32m/world/factory_maze[0m[1;32m/control], [[0m[1;32m/world/factory_maze[0m[1;32m/control/state] and [[0m[1;32m/world/factory_maze[0m[1;32m/playback/control][0m[1;32m[0m
[gazebo-1] [1;32m[Msg] [0m[1;32mServing GUI information on [[0m[1;32m/world/factory_maze[0m[1;32m/[0m[1;32mgui/info[0m[1;32m][0m[1;32m[0m
[gazebo-1] [1;32m[Msg] [0m[1;32mWorld [[0m[1;32mfactory_maze[0m[1;32m] initialized with [[0m[1;32mstep[0m[1;32m] physics profile.[0m[1;32m[0m
[gazebo-1] [1;32m[Msg] [0m[1;32mServing world SDF generation service on [[0m[1;32m/world/factory_maze[0m[1;32m/[0m[1;32mgenerate_world_sdf[0m[1;32m][0m[1;32m[0m
[gazebo-1] [1;32m[Msg] [0m[1;32mServing world names on [[0m[1;32m/gazebo/worlds[0m[1;32m][0m[1;32m[0m
[gazebo-1] [1;32m[Msg] [0m[1;32mResource path add service on [[0m[1;32m/gazebo/resource_paths/add[0m[1;32m].[0m[1;32m[0m
[gazebo-1] [1;32m[Msg] [0m[1;32mResource path get service on [[0m[1;32m/gazebo/resource_paths/get[0m[1;32m].[0m[1;32m[0m
[gazebo-1] [1;32m[Msg] [0m[1;32mResource path resolve service on [[0m[1;32m/gazebo/resource_paths/resolve[0m[1;32m].[0m[1;32m[0m
[gazebo-1] [1;32m[Msg] [0m[1;32mResource paths published on [[0m[1;32m/gazebo/resource_paths[0m[1;32m].[0m[1;32m[0m
[gazebo-1] [1;32m[Msg] [0m[1;32mServer control service on [[0m[1;32m/server_control[0m[1;32m].[0m[1;32m[0m
[gazebo-1] [1;32m[Msg] [0m[1;32mFound no publishers on /stats, adding root stats topic[0m[1;32m[0m
[gazebo-1] [1;32m[Msg] [0m[1;32mFound no publishers on /clock, adding root clock topic[0m[1;32m[0m
[gazebo-1] [1;36m[Dbg] [SimulationRunner.cc:551] [0m[1;36mCreating PostUpdate worker threads: [0m[1;36m4[0m[1;36m[0m
[gazebo-1] [1;36m[Dbg] [SimulationRunner.cc:562] [0m[1;36mCreating postupdate worker thread ([0m[1;36m0[0m[1;36m)[0m[1;36m[0m
[gazebo-1] [1;36m[Dbg] [SimulationRunner.cc:562] [0m[1;36mCreating postupdate worker thread ([0m[1;36m1[0m[1;36m)[0m[1;36m[0m
[gazebo-1] [1;36m[Dbg] [SimulationRunner.cc:562] [0m[1;36mCreating postupdate worker thread ([0m[1;36m2[0m[1;36m)[0m[1;36m[0m
[collision_monitor-16] [INFO] [1789660109.719284944] [collision_monitor]: [scan]: Creating Scan
[gazebo-1] [1;33mWarning [Utils.cc:132][0m [/sdf/model[@name="robofetch"]/link[@name="base_footprint"]/sensor[@name="lidar"]/gz_frame_id:<urdf-string>:L0]: XML Element[gz_frame_id], child of element[sensor], not defined in SDF. Copying[gz_frame_id] as children of [sensor].
[collision_monitor-16] [INFO] [1789660109.726082573] [collision_monitor]: [FootprintApproach]: Creating Polygon
[collision_monitor-16] [INFO] [1789660109.726534475] [collision_monitor]: [FootprintApproach]: Polygon points are not defined. Using dynamic subscription instead.
[collision_monitor-16] [INFO] [1789660109.733055003] [collision_monitor]: [FootprintApproach]: Making footprint subscriber on /local_costmap/published_footprint topic
[lifecycle_manager-18] [INFO] [1789660109.767632751] [lifecycle_manager_navigation]: [34m[1mConfiguring bt_navigator[0m[0m
[bt_navigator-13] [INFO] [1789660109.768204954] [bt_navigator]: Configuring
[bt_navigator-13] [INFO] [1789660109.783645420] [bt_navigator]: Creating navigator id navigate_to_pose of type nav2_bt_navigator::NavigateToPoseNavigator
[INFO] [python-19]: process started with pid [409268]
[bt_navigator-13] [INFO] [1789660109.964458794] [bt_navigator]: Creating navigator id navigate_through_poses of type nav2_bt_navigator::NavigateThroughPosesNavigator
[lifecycle_manager-18] [INFO] [1789660110.054334074] [lifecycle_manager_navigation]: [34m[1mConfiguring waypoint_follower[0m[0m
[waypoint_follower-14] [INFO] [1789660110.054892977] [waypoint_follower]: Configuring
[waypoint_follower-14] [INFO] [1789660110.122690861] [waypoint_follower]: Created waypoint_task_executor : wait_at_waypoint of type nav2_waypoint_follower::WaitAtWaypoint
[lifecycle_manager-18] [INFO] [1789660110.124671969] [lifecycle_manager_navigation]: [34m[1mConfiguring docking_server[0m[0m
[opennav_docking-17] [INFO] [1789660110.125338272] [docking_server]: Configuring docking_server
[opennav_docking-17] [INFO] [1789660110.125389472] [docking_server]: Controller frequency set to 50.0000Hz
[opennav_docking-17] [INFO] [1789660110.194481362] [docking_server]: Created charging dock plugin simple_charging_dock of type opennav_docking::SimpleChargingDock
[opennav_docking-17] [WARN] [1789660110.207706618] [docking_server]: Dock database filepath nor dock parameters set. Docking actions can only be executed specifying the dock pose via the action request. Or update the dock database via the reload_database service.
[opennav_docking-17] [INFO] [1789660110.207760218] [docking_server]: Docking Server has 1 dock types and 0 dock instances available.
[lifecycle_manager-18] [INFO] [1789660110.212059336] [lifecycle_manager_navigation]: [34m[1mActivating controller_server[0m[0m
[controller_server-8] [INFO] [1789660110.212521138] [controller_server]: Activating
[controller_server-8] [INFO] [1789660110.212616338] [local_costmap.local_costmap]: Activating
[controller_server-8] [INFO] [1789660110.212634839] [local_costmap.local_costmap]: Checking transform
[controller_server-8] [INFO] [1789660110.212687339] [local_costmap.local_costmap]: Timed out waiting for transform from base_footprint to odom to become available, tf error: Invalid frame ID "odom" passed to canTransform argument target_frame - frame does not exist
[gazebo-1] [1;32m[Msg] [0m[1;32mDiffDrive subscribing to twist messages on [[0m[1;32mcmd_vel[0m[1;32m][0m[1;32m[0m
[gazebo-1] [1;36m[Dbg] [SystemManager.cc:80] [0m[1;36mLoaded system [[0m[1;36mgz::sim::systems::DiffDrive[0m[1;36m] for entity [[0m[1;36m129[0m[1;36m][0m[1;36m[0m
[gazebo-1] [1;36m[Dbg] [SystemManager.cc:80] [0m[1;36mLoaded system [[0m[1;36mgz::sim::systems::JointStatePublisher[0m[1;36m] for entity [[0m[1;36m129[0m[1;36m][0m[1;36m[0m
[gazebo-1] [1;36m[Dbg] [SystemManager.cc:80] [0m[1;36mLoaded system [[0m[1;36mgz::sim::systems::PosePublisher[0m[1;36m] for entity [[0m[1;36m129[0m[1;36m][0m[1;36m[0m
[gazebo-1] [1;36m[Dbg] [UserCommands.cc:1094] [0m[1;36mCreated entity [[0m[1;36m129[0m[1;36m] named [[0m[1;36mrobofetch[0m[1;36m][0m[1;36m[0m
[gazebo-1] [1;36m[Dbg] [SimulationFeatures.cc:90] [0m[1;36mSimulation timestep set to: [0m[1;36m0.004[0m[1;36m[0m
[gazebo-1] [1;36m[Dbg] [Sensors.cc:953] [0m[1;36mInitialization needed[0m[1;36m[0m
[gazebo-1] [1;36m[Dbg] [Sensors.cc:349] [0m[1;36mInitializing render context[0m[1;36m[0m
[gazebo-1] [1;32m[Msg] [0m[1;32mLoading plugin [[0m[1;32mgz-rendering-ogre2[0m[1;32m][0m[1;32m[0m
[gazebo-1] [1;32m[Msg] [0m[1;32mServing scene information on [[0m[1;32m/world/factory_maze[0m[1;32m/[0m[1;32mscene/info[0m[1;32m][0m[1;32m[0m
[gazebo-1] [1;32m[Msg] [0m[1;32mServing graph information on [[0m[1;32m/world/factory_maze[0m[1;32m/[0m[1;32mscene/graph[0m[1;32m][0m[1;32m[0m
[gazebo-1] [1;32m[Msg] [0m[1;32mServing full state on [[0m[1;32m/world/factory_maze[0m[1;32m/[0m[1;32mstate[0m[1;32m][0m[1;32m[0m
[gazebo-1] [1;32m[Msg] [0m[1;32mServing full state (async) on [[0m[1;32m/world/factory_maze[0m[1;32m/[0m[1;32mstate_async[0m[1;32m][0m[1;32m[0m
[gazebo-1] [1;32m[Msg] [0m[1;32mPublishing scene information on [[0m[1;32m/world/factory_maze/scene/info[0m[1;32m][0m[1;32m[0m
[gazebo-1] [1;32m[Msg] [0m[1;32mPublishing entity deletions on [[0m[1;32m/world/factory_maze/scene/deletion[0m[1;32m][0m[1;32m[0m
[gazebo-1] [1;32m[Msg] [0m[1;32mPublishing state changes on [[0m[1;32m/world/factory_maze/state[0m[1;32m][0m[1;32m[0m
[gazebo-1] [1;32m[Msg] [0m[1;32mPublishing pose messages on [[0m[1;32m/world/factory_maze[0m[1;32m/[0m[1;32mpose/info[0m[1;32m][0m[1;32m[0m
[gazebo-1] [1;32m[Msg] [0m[1;32mPublishing dynamic pose messages on [[0m[1;32m/world/factory_maze[0m[1;32m/[0m[1;32mdynamic_pose/info[0m[1;32m][0m[1;32m[0m
[gazebo-1] [1;36m[Dbg] [SimulationRunner.cc:578] [0m[1;36mExiting postupdate worker thread ([0m[1;36m0[0m[1;36m)[0m[1;36m[0m
[gazebo-1] [1;36m[Dbg] [SimulationRunner.cc:578] [0m[1;36mExiting postupdate worker thread ([0m[1;36m1[0m[1;36m)[0m[1;36m[0m
[gazebo-1] [1;36mExiting postupdate worker thread ([0m[1;36m2[0m[1;36m)[0m[1;36m[0m
[gazebo-1] [1;36m[Dbg] [SimulationRunner.cc:551] [0m[1;36mCreating PostUpdate worker threads: [0m[1;36m7[0m[1;36m[0m
[gazebo-1] [1;36m[Dbg] [SimulationRunner.cc:562] [0m[1;36mCreating postupdate worker thread ([0m[1;36m0[0m[1;36m)[0m[1;36m[0m
[gazebo-1] [1;36m[Dbg] [SimulationRunner.cc:562] [0m[1;36mCreating postupdate worker thread ([0m[1;36m1[0m[1;36m)[0m[1;36m[0m
[gazebo-1] [1;36m[Dbg] [SimulationRunner.cc:562] [0m[1;36mCreating postupdate worker thread ([0m[1;36m2[0m[1;36m)[0m[1;36m[0m
[gazebo-1] [1;36m[Dbg] [SimulationRunner.cc:562] [0m[1;36mCreating postupdate worker thread ([0m[1;36m3[0m[1;36m)[0m[1;36m[0m
[gazebo-1] [1;36m[Dbg] [SimulationRunner.cc:562] [0m[1;36mCreating postupdate worker thread ([0m[1;36m4[0m[1;36m)[0m[1;36m[0m
[gazebo-1] [1;36m[Dbg] [SimulationRunner.cc:562] [0m[1;36mCreating postupdate worker thread ([0m[1;36m5[0m[1;36m)[0m[1;36m[0m
[gazebo-1] [1;36m[Dbg] [RenderUtil.cc:2646] [0m[1;36mCreate scene [[0m[1;36mscene[0m[1;36m][0m[1;36m[0m
[gazebo-1] [1;36m[Dbg] [Sensors.cc:391] [0m[1;36mRendering Thread initialized[0m[1;36m[0m
[gazebo-1] [1;36m[Dbg] [Sensors.cc:953] [0m[1;36mInitialization needed[0m[1;36m[0m
[gazebo-1] [1;36m[Dbg] [Lidar.cc:139] [0m[1;36mLaser scans for [[0m[1;36mrobofetch::base_footprint::lidar[0m[1;36m] advertised on [[0m[1;36mscan[0m[1;36m][0m[1;36m[0m
[controller_server-8] [INFO] [1789660110.712794337] [local_costmap.local_costmap]: Timed out waiting for transform from base_footprint to odom to become available, tf error: Invalid frame ID "odom" passed to canTransform argument target_frame - frame does not exist
[python-19] INFO:     Started server process [409268]
[python-19] INFO:     Waiting for application startup.
[python-19] INFO:     Application startup complete.
[python-19] INFO:     Uvicorn running on http://0.0.0.0:8001 (Press CTRL+C to quit)
[amcl-6] [INFO] [1789660110.917558797] [amcl]: createLaserObject
[controller_server-8] [INFO] [1789660111.212937819] [local_costmap.local_costmap]: start
[controller_server-8] [WARN] [1789660111.415280051] [controller_server]: Parameter controller_server.verbose not found
[controller_server-8] [INFO] [1789660111.417141659] [controller_server]: Optimizer reset
[controller_server-8] [INFO] [1789660111.417716361] [MPPIController]: Activated MPPI Controller: FollowPath
[controller_server-8] [INFO] [1789660111.417755262] [controller_server]: Creating bond (controller_server) to lifecycle manager.
[lifecycle_manager-18] [INFO] [1789660111.534728743] [lifecycle_manager_navigation]: Server controller_server connected with bond.
[lifecycle_manager-18] [INFO] [1789660111.534797243] [lifecycle_manager_navigation]: [34m[1mActivating smoother_server[0m[0m
[smoother_server-9] [INFO] [1789660111.535468646] [smoother_server]: Activating
[smoother_server-9] [INFO] [1789660111.535504746] [smoother_server]: Creating bond (smoother_server) to lifecycle manager.
[lifecycle_manager-18] [INFO] [1789660111.649501215] [lifecycle_manager_navigation]: Server smoother_server connected with bond.
[lifecycle_manager-18] [INFO] [1789660111.649575215] [lifecycle_manager_navigation]: [34m[1mActivating planner_server[0m[0m
[planner_server-10] [INFO] [1789660111.650012117] [planner_server]: Activating
[planner_server-10] [INFO] [1789660111.650065117] [global_costmap.global_costmap]: Activating
[planner_server-10] [INFO] [1789660111.650094117] [global_costmap.global_costmap]: Checking transform
[planner_server-10] [INFO] [1789660111.650166017] [global_costmap.global_costmap]: Timed out waiting for transform from base_footprint to map to become available, tf error: Lookup would require extrapolation into the past.  Requested time 0.828000 but the earliest data is at time 1.100000, when looking up transform from frame [base_footprint] to frame [map]
[INFO] [factory_node-20]: process started with pid [409311]
[INFO] [robot_state_node-21]: process started with pid [409312]
[planner_server-10] [INFO] [1789660112.150368763] [global_costmap.global_costmap]: start
[factory_node-20] [INFO] [1789660112.774269963] [factory]: section A [balanced, seed 5001]: 20 units/h, buffer 8, 0.5 kg/unit, time_scale 1
[factory_node-20] [INFO] [1789660112.776296158] [factory]: section B [balanced, seed 5001]: 30 units/h, buffer 10, 0.4 kg/unit, time_scale 1
[factory_node-20] [INFO] [1789660112.778041854] [factory]: section C [balanced, seed 5001]: 5 units/h, buffer 3, 1.5 kg/unit, time_scale 1
[factory_node-20] [INFO] [1789660112.779784050] [factory]: logging to /home/robojazzy/robofetch_ws_copy/robofetch_ws/logs/run_20260917_174825_section_*.csv
[robot_state_node-21] [INFO] [1789660112.898235972] [robot_state_node]: Robot state monitor up. Run run_20260917_174825, logging to /home/robojazzy/robofetch_ws_copy/robofetch_ws/logs/run_20260917_174825_robot.csv
[planner_server-10] [INFO] [1789660113.202189843] [planner_server]: Activating plugin SmacLattice of type SmacPlannerLattice
[planner_server-10] [INFO] [1789660113.202266543] [planner_server]: Activating plugin ThetaStar of type nav2_theta_star_planner
[planner_server-10] [INFO] [1789660113.202282243] [planner_server]: Activating plugin NavfnAStar of type NavfnPlanner
[planner_server-10] [INFO] [1789660113.202293943] [planner_server]: Activating plugin Smac2D of type SmacPlanner2D
[planner_server-10] [INFO] [1789660113.202305243] [planner_server]: Activating plugin NavfnDijkstra of type NavfnPlanner
[planner_server-10] [INFO] [1789660113.202313143] [planner_server]: Activating plugin GridBased of type nav2_theta_star_planner
[planner_server-10] [INFO] [1789660113.204459637] [planner_server]: Creating bond (planner_server) to lifecycle manager.
[lifecycle_manager-18] [INFO] [1789660113.319776457] [lifecycle_manager_navigation]: Server planner_server connected with bond.
[lifecycle_manager-18] [INFO] [1789660113.319860857] [lifecycle_manager_navigation]: [34m[1mActivating route_server[0m[0m
[route_server-11] [INFO] [1789660113.320480856] [route_server]: Activating
[route_server-11] [INFO] [1789660113.320780155] [route_server]: Creating bond (route_server) to lifecycle manager.
[lifecycle_manager-18] [INFO] [1789660113.435300577] [lifecycle_manager_navigation]: Server route_server connected with bond.
[lifecycle_manager-18] [INFO] [1789660113.435368977] [lifecycle_manager_navigation]: [34m[1mActivating behavior_server[0m[0m
[behavior_server-12] [INFO] [1789660113.435934375] [behavior_server]: Activating
[behavior_server-12] [INFO] [1789660113.435968675] [behavior_server]: Activating spin
[behavior_server-12] [INFO] [1789660113.435989375] [behavior_server]: Activating backup
[behavior_server-12] [INFO] [1789660113.436007075] [behavior_server]: Activating drive_on_heading
[behavior_server-12] [INFO] [1789660113.436027775] [behavior_server]: Activating assisted_teleop
[behavior_server-12] [INFO] [1789660113.436043975] [behavior_server]: Activating wait
[behavior_server-12] [INFO] [1789660113.436069075] [behavior_server]: Creating bond (behavior_server) to lifecycle manager.
[lifecycle_manager-18] [INFO] [1789660113.555528785] [lifecycle_manager_navigation]: Server behavior_server connected with bond.
[lifecycle_manager-18] [INFO] [1789660113.555638985] [lifecycle_manager_navigation]: [34m[1mActivating velocity_smoother[0m[0m
[velocity_smoother-15] [INFO] [1789660113.556748182] [velocity_smoother]: Activating
[velocity_smoother-15] [INFO] [1789660113.556824082] [velocity_smoother]: Creating bond (velocity_smoother) to lifecycle manager.
[lifecycle_manager-18] [INFO] [1789660113.675224294] [lifecycle_manager_navigation]: Server velocity_smoother connected with bond.
[lifecycle_manager-18] [INFO] [1789660113.675293394] [lifecycle_manager_navigation]: [34m[1mActivating collision_monitor[0m[0m
[collision_monitor-16] [INFO] [1789660113.675834393] [collision_monitor]: Activating
[collision_monitor-16] [INFO] [1789660113.675992392] [collision_monitor]: Creating bond (collision_monitor) to lifecycle manager.
[lifecycle_manager-18] [INFO] [1789660113.792356110] [lifecycle_manager_navigation]: Server collision_monitor connected with bond.
[lifecycle_manager-18] [INFO] [1789660113.792442010] [lifecycle_manager_navigation]: [34m[1mActivating bt_navigator[0m[0m
[bt_navigator-13] [INFO] [1789660113.793200408] [bt_navigator]: Activating
[bt_navigator-13] [INFO] [1789660114.087176787] [bt_navigator]: Creating bond (bt_navigator) to lifecycle manager.
[lifecycle_manager-18] [INFO] [1789660114.208428083] [lifecycle_manager_navigation]: Server bt_navigator connected with bond.
[lifecycle_manager-18] [INFO] [1789660114.208487283] [lifecycle_manager_navigation]: [34m[1mActivating waypoint_follower[0m[0m
[waypoint_follower-14] [INFO] [1789660114.209658480] [waypoint_follower]: Activating
[waypoint_follower-14] [INFO] [1789660114.209702080] [waypoint_follower]: Creating bond (waypoint_follower) to lifecycle manager.
[lifecycle_manager-18] [INFO] [1789660114.323722593] [lifecycle_manager_navigation]: Server waypoint_follower connected with bond.
[lifecycle_manager-18] [INFO] [1789660114.323798993] [lifecycle_manager_navigation]: [34m[1mActivating docking_server[0m[0m
[opennav_docking-17] [INFO] [1789660114.324748991] [docking_server]: Activating docking_server
[opennav_docking-17] [INFO] [1789660114.357832308] [docking_server]: Creating bond (docking_server) to lifecycle manager.
[lifecycle_manager-18] [INFO] [1789660114.478616604] [lifecycle_manager_navigation]: Server docking_server connected with bond.
[lifecycle_manager-18] [INFO] [1789660114.478700904] [lifecycle_manager_navigation]: [34m[1mManaged nodes are active[0m[0m
[lifecycle_manager-18] [INFO] [1789660114.478718204] [lifecycle_manager_navigation]: [34m[1mCreating bond timer...[0m[0m
[INFO] [mission_executor-22]: process started with pid [409343]
[mission_executor-22] [INFO] [1789660117.639429533] [mission_executor]: mission run_20260917_174825: 0 scripted actions, scenario balanced, logging /home/robojazzy/robofetch_ws_copy/robofetch_ws/logs/run_20260917_174825_mission.csv
[mission_executor-22] [INFO] [1789660117.642729347] [mission_executor]: waiting for Nav2, telemetry and the sections ...
[amcl-6] [INFO] [1789660119.667491410] [amcl]: initialPoseReceived
[amcl-6] [WARN] [1789660119.667621711] [amcl]: Failed to transform initial pose in time (Lookup would require extrapolation into the future.  Requested time 8.792000 but the latest data is at time 8.784000, when looking up transform from frame [base_footprint] to frame [odom])
[amcl-6] [INFO] [1789660119.667649711] [amcl]: Setting pose (8.792000): -5.225 -2.975 0.000
[mission_executor-22] [INFO] [1789660122.847263316] [mission_executor]: localised; starting mission
[mission_executor-22] [INFO] [1789660122.852449003] [mission_executor]: autonomous mode: deciding with 'ppo' at http://localhost:8001/decide before every action; planner ThetaStar; shift 1200 s
[mission_executor-22] [WARN] [1789660127.917989332] [mission_executor]: decision service unavailable (timed out); using the fallback rules
[mission_executor-22] [INFO] [1789660127.923854445] [mission_executor]: decision: PICKUP:B - fallback: section B fills in 935 s
[mission_executor-22] [INFO] [1789660127.928643656] [mission_executor]: [1] PICKUP:B from charger: predicted 15.2 m, 69 s, 0.19 Wh
[bt_navigator-13] [INFO] [1789660127.931410762] [bt_navigator]: Begin navigating from current location (-5.24, -2.98) to (6.03, 3.08)
[controller_server-8] [INFO] [1789660127.984745382] [controller_server]: Received a goal, begin computing control effort.
[controller_server-8] [WARN] [1789660127.985780285] [controller_server]: No goal checker was specified in parameter 'current_goal_checker'. Server will use only plugin loaded general_goal_checker . This warning will appear once.
[controller_server-8] [WARN] [1789660127.985829185] [controller_server]: No progress checker was specified in parameter 'current_progress_checker'. Server will use only plugin loaded progress_checker . This warning will appear once.
[parameter_bridge-4] [INFO] [1789660128.018441858] [ros_gz_bridge]: Passing message from ROS geometry_msgs/msg/Twist to Gazebo gz.msgs.Twist (showing msg only once per type)
[controller_server-8] [INFO] [1789660129.086139477] [controller_server]: Passing new path to controller.
[controller_server-8] [INFO] [1789660130.086076236] [controller_server]: Passing new path to controller.
[controller_server-8] [INFO] [1789660131.186784308] [controller_server]: Passing new path to controller.
[controller_server-8] [INFO] [1789660132.186069260] [controller_server]: Passing new path to controller.
[controller_server-8] [INFO] [1789660133.186536029] [controller_server]: Passing new path to controller.
[controller_server-8] [INFO] [1789660134.286073021] [controller_server]: Passing new path to controller.
[controller_server-8] [INFO] [1789660135.286066962] [controller_server]: Passing new path to controller.
[controller_server-8] [INFO] [1789660136.286383224] [controller_server]: Passing new path to controller.
[controller_server-8] [INFO] [1789660137.386102451] [controller_server]: Passing new path to controller.
[controller_server-8] [INFO] [1789660138.386082869] [controller_server]: Passing new path to controller.
[controller_server-8] [INFO] [1789660139.386152509] [controller_server]: Passing new path to controller.
[controller_server-8] [INFO] [1789660140.386072070] [controller_server]: Passing new path to controller.
[controller_server-8] [INFO] [1789660141.486077136] [controller_server]: Passing new path to controller.
[controller_server-8] [INFO] [1789660142.487887058] [controller_server]: Passing new path to controller.
[controller_server-8] [INFO] [1789660143.486214479] [controller_server]: Passing new path to controller.
[controller_server-8] [INFO] [1789660144.486094386] [controller_server]: Passing new path to controller.
[controller_server-8] [INFO] [1789660145.586066392] [controller_server]: Passing new path to controller.
[controller_server-8] [INFO] [1789660146.586129634] [controller_server]: Passing new path to controller.
[controller_server-8] [INFO] [1789660147.586130299] [controller_server]: Passing new path to controller.
[controller_server-8] [INFO] [1789660148.586133386] [controller_server]: Passing new path to controller.
[controller_server-8] [INFO] [1789660149.686146242] [controller_server]: Passing new path to controller.
[controller_server-8] [INFO] [1789660150.686139322] [controller_server]: Passing new path to controller.
[controller_server-8] [INFO] [1789660151.686314826] [controller_server]: Passing new path to controller.
[controller_server-8] [INFO] [1789660152.786059813] [controller_server]: Passing new path to controller.
[controller_server-8] [INFO] [1789660153.786297556] [controller_server]: Passing new path to controller.
[controller_server-8] [INFO] [1789660154.796241592] [controller_server]: Passing new path to controller.
[controller_server-8] [INFO] [1789660155.786945455] [controller_server]: Passing new path to controller.
[controller_server-8] [INFO] [1789660156.786067822] [controller_server]: Passing new path to controller.
[controller_server-8] [INFO] [1789660157.886081133] [controller_server]: Passing new path to controller.
[controller_server-8] [INFO] [1789660158.887048705] [controller_server]: Passing new path to controller.
[controller_server-8] [INFO] [1789660159.688108065] [controller_server]: Reached the goal!
[controller_server-8] [INFO] [1789660159.688884667] [controller_server]: Optimizer reset
[bt_navigator-13] [INFO] [1789660159.713907735] [bt_navigator]: Goal succeeded
[factory_node-20] [INFO] [1789660191.962699575] [factory]: pickup B: took 2 units (0.80 kg), 0 left
[mission_executor-22] [INFO] [1789660193.166786706] [mission_executor]: [1] PICKUP:B done: took 2 units (0.80 kg), 0 left | measured 15.0 m, 63 s, 0.18 Wh, battery 99.9 -> 99.1 %
[python-19] INFO:     127.0.0.1:38846 - "POST /decide HTTP/1.1" 200 OK
[mission_executor-22] [INFO] [1789660193.172624894] [mission_executor]: decision: PICKUP:A - PPO policy (probability 0.80)
[mission_executor-22] [INFO] [1789660193.175196088] [mission_executor]: [2] PICKUP:A from B: predicted 18.3 m, 77 s, 0.24 Wh
[bt_navigator-13] [INFO] [1789660193.176922984] [bt_navigator]: Begin navigating from current location (6.00, 2.89) to (-5.97, 3.08)
[controller_server-8] [INFO] [1789660193.208341016] [controller_server]: Received a goal, begin computing control effort.
[controller_server-8] [INFO] [1789660194.308643812] [controller_server]: Passing new path to controller.
[controller_server-8] [INFO] [1789660195.308625754] [controller_server]: Passing new path to controller.
[controller_server-8] [INFO] [1789660196.308604826] [controller_server]: Passing new path to controller.
[controller_server-8] [INFO] [1789660197.408619883] [controller_server]: Passing new path to controller.
[controller_server-8] [INFO] [1789660198.408607599] [controller_server]: Passing new path to controller.
[controller_server-8] [INFO] [1789660199.408605361] [controller_server]: Passing new path to controller.
[controller_server-8] [INFO] [1789660200.508611209] [controller_server]: Passing new path to controller.
[controller_server-8] [INFO] [1789660201.508633379] [controller_server]: Passing new path to controller.
[controller_server-8] [INFO] [1789660202.608640677] [controller_server]: Passing new path to controller.
[controller_server-8] [INFO] [1789660203.608624019] [controller_server]: Passing new path to controller.
[controller_server-8] [INFO] [1789660204.608623293] [controller_server]: Passing new path to controller.
[controller_server-8] [INFO] [1789660205.708616343] [controller_server]: Passing new path to controller.
[controller_server-8] [INFO] [1789660206.708616744] [controller_server]: Passing new path to controller.
[controller_server-8] [INFO] [1789660207.708607976] [controller_server]: Passing new path to controller.
[controller_server-8] [INFO] [1789660208.709104641] [controller_server]: Passing new path to controller.
[controller_server-8] [INFO] [1789660209.809009029] [controller_server]: Passing new path to controller.
[controller_server-8] [INFO] [1789660210.808666081] [controller_server]: Passing new path to controller.
[controller_server-8] [INFO] [1789660211.808615365] [controller_server]: Passing new path to controller.
[controller_server-8] [INFO] [1789660212.808632180] [controller_server]: Passing new path to controller.
[controller_server-8] [INFO] [1789660213.908610438] [controller_server]: Passing new path to controller.
[controller_server-8] [INFO] [1789660214.908604302] [controller_server]: Passing new path to controller.
[controller_server-8] [INFO] [1789660215.908648198] [controller_server]: Passing new path to controller.
[controller_server-8] [INFO] [1789660216.908606685] [controller_server]: Passing new path to controller.
[amcl-6] [INFO] [1789660217.382149841] [amcl]: Message Filter dropping message: frame 'lidar_link' at time 103.000 for reason 'the timestamp on the message is earlier than all the data in the transform cache'
[controller_server-8] [INFO] [1789660218.008612683] [controller_server]: Passing new path to controller.
[controller_server-8] [INFO] [1789660219.008610909] [controller_server]: Passing new path to controller.
[controller_server-8] [INFO] [1789660220.008611767] [controller_server]: Passing new path to controller.
[controller_server-8] [INFO] [1789660221.108648631] [controller_server]: Passing new path to controller.
[controller_server-8] [INFO] [1789660222.108650094] [controller_server]: Passing new path to controller.
[controller_server-8] [INFO] [1789660223.108610733] [controller_server]: Passing new path to controller.
[controller_server-8] [INFO] [1789660224.108635406] [controller_server]: Passing new path to controller.
[controller_server-8] [INFO] [1789660225.009758890] [controller_server]: Optimizer reset
[controller_server-8] [INFO] [1789660225.011289193] [controller_server]: Optimizer reset
[controller_server-8] [WARN] [1789660225.011746494] [controller_server]: Optimizer fail to compute path
[controller_server-8] [INFO] [1789660225.208613036] [controller_server]: Passing new path to controller.
[controller_server-8] [INFO] [1789660225.309807826] [controller_server]: Optimizer reset
[controller_server-8] [INFO] [1789660225.310577025] [controller_server]: Optimizer reset
[controller_server-8] [WARN] [1789660225.310672924] [controller_server]: Optimizer fail to compute path
[controller_server-8] [INFO] [1789660225.409758326] [controller_server]: Optimizer reset
[controller_server-8] [INFO] [1789660225.411464922] [controller_server]: Optimizer reset
[controller_server-8] [WARN] [1789660225.411571122] [controller_server]: Optimizer fail to compute path
[controller_server-8] [INFO] [1789660226.208612009] [controller_server]: Passing new path to controller.
[controller_server-8] [INFO] [1789660227.208615923] [controller_server]: Passing new path to controller.
[controller_server-8] [INFO] [1789660228.308608251] [controller_server]: Passing new path to controller.
[planner_server-10] [WARN] [1789660229.218675830] [planner_server]: GridBased plugin failed to plan from (-5.47, 1.12) to (-5.97, 3.08): "Either of the start or goal pose are an obstacle! "
[planner_server-10] [WARN] [1789660229.218772830] [planner_server]: [compute_path_to_pose] [ActionServer] Aborting handle.
[planner_server-10] [INFO] [1789660229.237946987] [global_costmap.global_costmap]: Received request to clear entirely the global_costmap
[planner_server-10] [WARN] [1789660230.159415178] [planner_server]: Planner loop missed its desired rate of 20.0000 Hz. Current loop rate is 1.0823 Hz
[controller_server-8] [INFO] [1789660230.208617637] [controller_server]: Passing new path to controller.
[controller_server-8] [INFO] [1789660231.208607544] [controller_server]: Passing new path to controller.
[controller_server-8] [INFO] [1789660232.308618394] [controller_server]: Passing new path to controller.
[controller_server-8] [INFO] [1789660232.909957251] [controller_server]: Reached the goal!
[controller_server-8] [INFO] [1789660232.910164652] [controller_server]: Optimizer reset
[bt_navigator-13] [INFO] [1789660232.937820337] [bt_navigator]: Goal succeeded
[factory_node-20] [INFO] [1789660263.528148505] [factory]: pickup A: took 1 units (0.50 kg), 0 left
[mission_executor-22] [INFO] [1789660264.732483608] [mission_executor]: [2] PICKUP:A done: took 1 units (0.50 kg), 0 left | measured 17.8 m, 71 s, 0.23 Wh, battery 99.1 -> 98.1 %
[python-19] INFO:     127.0.0.1:33742 - "POST /decide HTTP/1.1" 200 OK
[mission_executor-22] [INFO] [1789660264.744543939] [mission_executor]: decision: PICKUP:B - PPO policy (probability 0.98)
[mission_executor-22] [INFO] [1789660264.747563847] [mission_executor]: [3] PICKUP:B from A: predicted 18.3 m, 77 s, 0.25 Wh
[bt_navigator-13] [INFO] [1789660264.748887650] [bt_navigator]: Begin navigating from current location (-5.89, 2.90) to (6.03, 3.08)
[controller_server-8] [INFO] [1789660264.779966329] [controller_server]: Received a goal, begin computing control effort.
[controller_server-8] [INFO] [1789660265.880197438] [controller_server]: Passing new path to controller.
[controller_server-8] [INFO] [1789660266.880208004] [controller_server]: Passing new path to controller.
[controller_server-8] [INFO] [1789660267.980210110] [controller_server]: Passing new path to controller.
[controller_server-8] [INFO] [1789660268.980355748] [controller_server]: Passing new path to controller.
[controller_server-8] [INFO] [1789660269.980213884] [controller_server]: Passing new path to controller.
[controller_server-8] [INFO] [1789660271.080235578] [controller_server]: Passing new path to controller.
[controller_server-8] [INFO] [1789660272.080236046] [controller_server]: Passing new path to controller.
[controller_server-8] [INFO] [1789660273.080204754] [controller_server]: Passing new path to controller.
[controller_server-8] [INFO] [1789660274.180210840] [controller_server]: Passing new path to controller.
[controller_server-8] [INFO] [1789660275.180218221] [controller_server]: Passing new path to controller.
[controller_server-8] [INFO] [1789660276.180238585] [controller_server]: Passing new path to controller.
[controller_server-8] [INFO] [1789660277.280229147] [controller_server]: Passing new path to controller.
[controller_server-8] [INFO] [1789660278.280208695] [controller_server]: Passing new path to controller.
[controller_server-8] [INFO] [1789660279.280194530] [controller_server]: Passing new path to controller.
[controller_server-8] [INFO] [1789660280.280209305] [controller_server]: Passing new path to controller.
[controller_server-8] [INFO] [1789660281.380200227] [controller_server]: Passing new path to controller.
[controller_server-8] [INFO] [1789660282.380219177] [controller_server]: Passing new path to controller.
[controller_server-8] [INFO] [1789660283.380217168] [controller_server]: Passing new path to controller.
[controller_server-8] [INFO] [1789660284.380212668] [controller_server]: Passing new path to controller.
[controller_server-8] [INFO] [1789660285.480213128] [controller_server]: Passing new path to controller.
[controller_server-8] [INFO] [1789660286.480214721] [controller_server]: Passing new path to controller.
[controller_server-8] [INFO] [1789660287.480233704] [controller_server]: Passing new path to controller.
[controller_server-8] [INFO] [1789660288.580343996] [controller_server]: Passing new path to controller.
[controller_server-8] [INFO] [1789660289.580225756] [controller_server]: Passing new path to controller.
[controller_server-8] [INFO] [1789660290.580195856] [controller_server]: Passing new path to controller.
[controller_server-8] [INFO] [1789660291.580193299] [controller_server]: Passing new path to controller.
[controller_server-8] [INFO] [1789660292.680186829] [controller_server]: Passing new path to controller.
[controller_server-8] [INFO] [1789660293.680204801] [controller_server]: Passing new path to controller.
[controller_server-8] [INFO] [1789660294.680196136] [controller_server]: Passing new path to controller.
[controller_server-8] [INFO] [1789660295.680203513] [controller_server]: Passing new path to controller.
[controller_server-8] [INFO] [1789660296.780188834] [controller_server]: Passing new path to controller.
[controller_server-8] [INFO] [1789660297.780204668] [controller_server]: Passing new path to controller.
[controller_server-8] [INFO] [1789660298.780212844] [controller_server]: Passing new path to controller.
[controller_server-8] [INFO] [1789660299.780204062] [controller_server]: Passing new path to controller.
[controller_server-8] [INFO] [1789660300.880202358] [controller_server]: Passing new path to controller.
[controller_server-8] [INFO] [1789660301.880248014] [controller_server]: Passing new path to controller.
[controller_server-8] [INFO] [1789660302.880204789] [controller_server]: Passing new path to controller.
[controller_server-8] [INFO] [1789660303.781512569] [controller_server]: Reached the goal!
[controller_server-8] [INFO] [1789660303.781723169] [controller_server]: Optimizer reset
[bt_navigator-13] [INFO] [1789660303.809657736] [bt_navigator]: Goal succeeded
[factory_node-20] [INFO] [1789660334.379281977] [factory]: pickup B: took 1 units (0.40 kg), 0 left
[mission_executor-22] [INFO] [1789660335.582578484] [mission_executor]: [3] PICKUP:B done: took 1 units (0.40 kg), 0 left | measured 17.7 m, 71 s, 0.23 Wh, battery 98.1 -> 97.0 %
[python-19] INFO:     127.0.0.1:59178 - "POST /decide HTTP/1.1" 200 OK
[mission_executor-22] [INFO] [1789660335.588854392] [mission_executor]: decision: PICKUP:A - PPO policy (probability 0.75)
[mission_executor-22] [INFO] [1789660335.590759594] [mission_executor]: [4] PICKUP:A from B: predicted 18.3 m, 77 s, 0.26 Wh
[bt_navigator-13] [INFO] [1789660335.591978495] [bt_navigator]: Begin navigating from current location (5.97, 2.89) to (-5.97, 3.08)
[controller_server-8] [INFO] [1789660335.623554731] [controller_server]: Received a goal, begin computing control effort.
[controller_server-8] [INFO] [1789660336.723932149] [controller_server]: Passing new path to controller.
[controller_server-8] [INFO] [1789660337.723934299] [controller_server]: Passing new path to controller.
[controller_server-8] [INFO] [1789660338.823968221] [controller_server]: Passing new path to controller.
[controller_server-8] [INFO] [1789660339.823921747] [controller_server]: Passing new path to controller.
[controller_server-8] [INFO] [1789660340.823928319] [controller_server]: Passing new path to controller.
[controller_server-8] [INFO] [1789660341.923937804] [controller_server]: Passing new path to controller.
[controller_server-8] [INFO] [1789660342.923949083] [controller_server]: Passing new path to controller.
[controller_server-8] [INFO] [1789660343.923944126] [controller_server]: Passing new path to controller.
[controller_server-8] [INFO] [1789660345.023928418] [controller_server]: Passing new path to controller.
[controller_server-8] [INFO] [1789660346.023944564] [controller_server]: Passing new path to controller.
[controller_server-8] [INFO] [1789660347.124088931] [controller_server]: Passing new path to controller.
[controller_server-8] [INFO] [1789660348.123968466] [controller_server]: Passing new path to controller.
[controller_server-8] [INFO] [1789660349.125288948] [controller_server]: Passing new path to controller.
[controller_server-8] [INFO] [1789660350.224024754] [controller_server]: Passing new path to controller.
[controller_server-8] [INFO] [1789660351.223994570] [controller_server]: Passing new path to controller.
[controller_server-8] [INFO] [1789660352.223923135] [controller_server]: Passing new path to controller.
[controller_server-8] [INFO] [1789660353.223972747] [controller_server]: Passing new path to controller.
[controller_server-8] [INFO] [1789660354.323970175] [controller_server]: Passing new path to controller.
[controller_server-8] [INFO] [1789660355.323945151] [controller_server]: Passing new path to controller.
[controller_server-8] [INFO] [1789660356.323934476] [controller_server]: Passing new path to controller.
[controller_server-8] [INFO] [1789660357.423971393] [controller_server]: Passing new path to controller.
[controller_server-8] [INFO] [1789660358.423948166] [controller_server]: Passing new path to controller.
[controller_server-8] [INFO] [1789660359.423935879] [controller_server]: Passing new path to controller.
[controller_server-8] [INFO] [1789660360.423951141] [controller_server]: Passing new path to controller.
[controller_server-8] [INFO] [1789660361.523937388] [controller_server]: Passing new path to controller.
[controller_server-8] [INFO] [1789660362.523927822] [controller_server]: Passing new path to controller.
[controller_server-8] [INFO] [1789660363.523957105] [controller_server]: Passing new path to controller.
[controller_server-8] [INFO] [1789660364.523947837] [controller_server]: Passing new path to controller.
[controller_server-8] [INFO] [1789660365.623943045] [controller_server]: Passing new path to controller.
[controller_server-8] [INFO] [1789660366.623920013] [controller_server]: Passing new path to controller.
[controller_server-8] [INFO] [1789660367.623933739] [controller_server]: Passing new path to controller.
[controller_server-8] [INFO] [1789660368.623938214] [controller_server]: Passing new path to controller.
[controller_server-8] [INFO] [1789660369.723951252] [controller_server]: Passing new path to controller.
[controller_server-8] [INFO] [1789660370.723928211] [controller_server]: Passing new path to controller.
[planner_server-10] [WARN] [1789660371.656222728] [planner_server]: GridBased plugin failed to plan from (-5.52, 1.50) to (-5.97, 3.08): "Either of the start or goal pose are an obstacle! "
[planner_server-10] [WARN] [1789660371.656355428] [planner_server]: [compute_path_to_pose] [ActionServer] Aborting handle.
[planner_server-10] [INFO] [1789660371.676216796] [global_costmap.global_costmap]: Received request to clear entirely the global_costmap
[planner_server-10] [WARN] [1789660372.157842315] [planner_server]: Planner loop missed its desired rate of 20.0000 Hz. Current loop rate is 2.0833 Hz
[controller_server-8] [INFO] [1789660372.223956206] [controller_server]: Passing new path to controller.
[controller_server-8] [INFO] [1789660373.223930440] [controller_server]: Passing new path to controller.
[controller_server-8] [INFO] [1789660374.323925885] [controller_server]: Passing new path to controller.
[controller_server-8] [INFO] [1789660374.826201584] [controller_server]: Reached the goal!
[controller_server-8] [INFO] [1789660374.826493884] [controller_server]: Optimizer reset
[bt_navigator-13] [INFO] [1789660374.855975155] [bt_navigator]: Goal succeeded
[factory_node-20] [INFO] [1789660405.451916970] [factory]: pickup A: took 1 units (0.50 kg), 0 left
[mission_executor-22] [INFO] [1789660406.654507742] [mission_executor]: [4] PICKUP:A done: took 1 units (0.50 kg), 0 left | measured 17.7 m, 71 s, 0.24 Wh, battery 97.0 -> 95.9 %
[python-19] INFO:     127.0.0.1:38924 - "POST /decide HTTP/1.1" 200 OK
[mission_executor-22] [INFO] [1789660406.661258059] [mission_executor]: decision: PICKUP:B - PPO policy (probability 0.97)
[mission_executor-22] [INFO] [1789660406.662121761] [mission_executor]: [5] PICKUP:B from A: predicted 18.3 m, 77 s, 0.27 Wh
[bt_navigator-13] [INFO] [1789660406.663887366] [bt_navigator]: Begin navigating from current location (-5.85, 2.96) to (6.03, 3.08)
[controller_server-8] [INFO] [1789660406.695179743] [controller_server]: Received a goal, begin computing control effort.
[controller_server-8] [INFO] [1789660407.795370720] [controller_server]: Passing new path to controller.
[controller_server-8] [INFO] [1789660408.795351706] [controller_server]: Passing new path to controller.
[controller_server-8] [INFO] [1789660409.895399105] [controller_server]: Passing new path to controller.
[controller_server-8] [INFO] [1789660410.895408280] [controller_server]: Passing new path to controller.
[controller_server-8] [INFO] [1789660411.895455110] [controller_server]: Passing new path to controller.
[controller_server-8] [INFO] [1789660412.995393251] [controller_server]: Passing new path to controller.
[controller_server-8] [INFO] [1789660413.995370488] [controller_server]: Passing new path to controller.
[controller_server-8] [INFO] [1789660414.995418689] [controller_server]: Passing new path to controller.
[controller_server-8] [INFO] [1789660415.995361644] [controller_server]: Passing new path to controller.
[controller_server-8] [INFO] [1789660417.095448511] [controller_server]: Passing new path to controller.
[controller_server-8] [INFO] [1789660418.095398770] [controller_server]: Passing new path to controller.
[controller_server-8] [INFO] [1789660419.095377809] [controller_server]: Passing new path to controller.
[controller_server-8] [INFO] [1789660420.195440059] [controller_server]: Passing new path to controller.
[controller_server-8] [INFO] [1789660421.195395712] [controller_server]: Passing new path to controller.
[controller_server-8] [INFO] [1789660422.195474004] [controller_server]: Passing new path to controller.
[controller_server-8] [INFO] [1789660423.195378087] [controller_server]: Passing new path to controller.
[controller_server-8] [INFO] [1789660424.295399224] [controller_server]: Passing new path to controller.
[controller_server-8] [INFO] [1789660425.295380279] [controller_server]: Passing new path to controller.
[controller_server-8] [INFO] [1789660426.295414172] [controller_server]: Passing new path to controller.
[controller_server-8] [INFO] [1789660427.395376871] [controller_server]: Passing new path to controller.
[controller_server-8] [INFO] [1789660428.395401970] [controller_server]: Passing new path to controller.
[controller_server-8] [INFO] [1789660429.395375225] [controller_server]: Passing new path to controller.
[controller_server-8] [INFO] [1789660430.395428102] [controller_server]: Passing new path to controller.
[controller_server-8] [INFO] [1789660431.495594950] [controller_server]: Passing new path to controller.
[controller_server-8] [INFO] [1789660432.495432128] [controller_server]: Passing new path to controller.
[controller_server-8] [INFO] [1789660433.495534242] [controller_server]: Passing new path to controller.
[controller_server-8] [INFO] [1789660434.495469746] [controller_server]: Passing new path to controller.
[controller_server-8] [INFO] [1789660435.595390859] [controller_server]: Passing new path to controller.
[controller_server-8] [INFO] [1789660436.595384471] [controller_server]: Passing new path to controller.
[controller_server-8] [INFO] [1789660437.595364038] [controller_server]: Passing new path to controller.
[controller_server-8] [INFO] [1789660438.595464406] [controller_server]: Passing new path to controller.
[controller_server-8] [INFO] [1789660439.695378109] [controller_server]: Passing new path to controller.
[controller_server-8] [INFO] [1789660440.695391775] [controller_server]: Passing new path to controller.
[controller_server-8] [INFO] [1789660441.695407498] [controller_server]: Passing new path to controller.
[controller_server-8] [INFO] [1789660442.695428266] [controller_server]: Passing new path to controller.
[controller_server-8] [INFO] [1789660443.695396463] [controller_server]: Passing new path to controller.
[controller_server-8] [INFO] [1789660444.795385571] [controller_server]: Passing new path to controller.
[controller_server-8] [INFO] [1789660445.795442076] [controller_server]: Passing new path to controller.
[controller_server-8] [INFO] [1789660445.797612373] [controller_server]: Reached the goal!
[controller_server-8] [INFO] [1789660445.797951873] [controller_server]: Optimizer reset
[bt_navigator-13] [INFO] [1789660445.829792425] [bt_navigator]: Goal succeeded
[factory_node-20] [INFO] [1789660476.573306994] [factory]: pickup B: took 2 units (0.80 kg), 0 left
[mission_executor-22] [INFO] [1789660477.777338593] [mission_executor]: [5] PICKUP:B done: took 2 units (0.80 kg), 0 left | measured 17.8 m, 71 s, 0.25 Wh, battery 95.9 -> 94.8 %
[python-19] INFO:     127.0.0.1:59890 - "POST /decide HTTP/1.1" 200 OK
[mission_executor-22] [INFO] [1789660477.786168680] [mission_executor]: decision: DELIVER - PPO policy (probability 0.95)
[mission_executor-22] [INFO] [1789660477.787370378] [mission_executor]: [6] DELIVER from B: predicted 10.3 m, 56 s, 0.18 Wh
[bt_navigator-13] [INFO] [1789660477.790059474] [bt_navigator]: Begin navigating from current location (6.02, 2.86) to (-0.23, -3.98)
[controller_server-8] [INFO] [1789660477.811690441] [controller_server]: Received a goal, begin computing control effort.
[controller_server-8] [INFO] [1789660478.912016895] [controller_server]: Passing new path to controller.
[controller_server-8] [INFO] [1789660479.911961643] [controller_server]: Passing new path to controller.
[controller_server-8] [INFO] [1789660480.911928551] [controller_server]: Passing new path to controller.
[controller_server-8] [INFO] [1789660482.011968185] [controller_server]: Passing new path to controller.
[controller_server-8] [INFO] [1789660483.015349320] [controller_server]: Passing new path to controller.
[controller_server-8] [INFO] [1789660484.011958101] [controller_server]: Passing new path to controller.
[controller_server-8] [INFO] [1789660485.012089636] [controller_server]: Passing new path to controller.
[controller_server-8] [INFO] [1789660486.112014012] [controller_server]: Passing new path to controller.
[controller_server-8] [INFO] [1789660487.111952105] [controller_server]: Passing new path to controller.
[controller_server-8] [INFO] [1789660488.111936959] [controller_server]: Passing new path to controller.
[controller_server-8] [INFO] [1789660489.111945910] [controller_server]: Passing new path to controller.
[controller_server-8] [INFO] [1789660490.211954388] [controller_server]: Passing new path to controller.
[controller_server-8] [INFO] [1789660491.211943845] [controller_server]: Passing new path to controller.
[controller_server-8] [INFO] [1789660492.211954064] [controller_server]: Passing new path to controller.
[controller_server-8] [INFO] [1789660493.211932742] [controller_server]: Passing new path to controller.
[controller_server-8] [INFO] [1789660494.311938664] [controller_server]: Passing new path to controller.
[controller_server-8] [INFO] [1789660495.311928915] [controller_server]: Passing new path to controller.
[controller_server-8] [INFO] [1789660496.311970928] [controller_server]: Passing new path to controller.
[controller_server-8] [INFO] [1789660497.311967303] [controller_server]: Passing new path to controller.
[controller_server-8] [INFO] [1789660498.312266834] [controller_server]: Passing new path to controller.
[controller_server-8] [INFO] [1789660499.411924903] [controller_server]: Passing new path to controller.
[controller_server-8] [INFO] [1789660500.411943852] [controller_server]: Passing new path to controller.
[controller_server-8] [INFO] [1789660501.411941263] [controller_server]: Passing new path to controller.
[controller_server-8] [INFO] [1789660502.411960468] [controller_server]: Passing new path to controller.
[controller_server-8] [INFO] [1789660502.913784392] [controller_server]: Reached the goal!
[controller_server-8] [INFO] [1789660502.914940093] [controller_server]: Optimizer reset
[bt_navigator-13] [INFO] [1789660502.941199921] [bt_navigator]: Goal succeeded
[mission_executor-22] [INFO] [1789660534.702611050] [mission_executor]: [6] DELIVER done: delivered 7 units | measured 10.2 m, 57 s, 0.18 Wh, battery 94.8 -> 93.9 %
[python-19] INFO:     127.0.0.1:43714 - "POST /decide HTTP/1.1" 200 OK
[mission_executor-22] [INFO] [1789660534.708292365] [mission_executor]: decision: PICKUP:A - PPO policy (probability 0.94)
[mission_executor-22] [INFO] [1789660534.710668172] [mission_executor]: [7] PICKUP:A from delivery: predicted 10.0 m, 56 s, 0.14 Wh
[bt_navigator-13] [INFO] [1789660534.712508877] [bt_navigator]: Begin navigating from current location (-0.19, -3.84) to (-5.97, 3.08)
[controller_server-8] [INFO] [1789660534.733722735] [controller_server]: Received a goal, begin computing control effort.
[controller_server-8] [INFO] [1789660535.834394343] [controller_server]: Passing new path to controller.
[controller_server-8] [INFO] [1789660536.834801938] [controller_server]: Passing new path to controller.
[controller_server-8] [INFO] [1789660537.834362007] [controller_server]: Passing new path to controller.
[controller_server-8] [INFO] [1789660538.934098481] [controller_server]: Passing new path to controller.
[controller_server-8] [INFO] [1789660539.934253835] [controller_server]: Passing new path to controller.
[controller_server-8] [INFO] [1789660540.934127654] [controller_server]: Passing new path to controller.
[controller_server-8] [INFO] [1789660541.934590437] [controller_server]: Passing new path to controller.
[controller_server-8] [INFO] [1789660543.034126163] [controller_server]: Passing new path to controller.
[controller_server-8] [INFO] [1789660544.034146650] [controller_server]: Passing new path to controller.
[controller_server-8] [INFO] [1789660545.034285602] [controller_server]: Passing new path to controller.
[controller_server-8] [INFO] [1789660546.034138782] [controller_server]: Passing new path to controller.
[controller_server-8] [INFO] [1789660547.134403718] [controller_server]: Passing new path to controller.
[controller_server-8] [INFO] [1789660548.134185634] [controller_server]: Passing new path to controller.
[controller_server-8] [INFO] [1789660549.134363914] [controller_server]: Passing new path to controller.
[controller_server-8] [INFO] [1789660550.134216511] [controller_server]: Passing new path to controller.
[controller_server-8] [INFO] [1789660551.234157914] [controller_server]: Passing new path to controller.
[controller_server-8] [INFO] [1789660552.234117344] [controller_server]: Passing new path to controller.
[controller_server-8] [INFO] [1789660553.234080539] [controller_server]: Passing new path to controller.
[controller_server-8] [INFO] [1789660554.234108799] [controller_server]: Passing new path to controller.
[controller_server-8] [INFO] [1789660555.334105837] [controller_server]: Passing new path to controller.
[controller_server-8] [INFO] [1789660556.135930856] [controller_server]: Reached the goal!
[controller_server-8] [INFO] [1789660556.136135855] [controller_server]: Optimizer reset
[bt_navigator-13] [INFO] [1789660556.163134121] [bt_navigator]: Goal succeeded
[factory_node-20] [INFO] [1789660587.334189962] [factory]: pickup A: took 1 units (0.50 kg), 0 left
[mission_executor-22] [INFO] [1789660588.549410315] [mission_executor]: [7] PICKUP:A done: took 1 units (0.50 kg), 0 left | measured 9.8 m, 53 s, 0.14 Wh, battery 93.9 -> 93.3 %
[python-19] INFO:     127.0.0.1:51420 - "POST /decide HTTP/1.1" 200 OK
[mission_executor-22] [INFO] [1789660588.581132074] [mission_executor]: decision: PICKUP:B - PPO policy (probability 0.97)
[mission_executor-22] [INFO] [1789660588.586630467] [mission_executor]: [8] PICKUP:B from A: predicted 18.3 m, 77 s, 0.23 Wh
[bt_navigator-13] [INFO] [1789660588.590744162] [bt_navigator]: Begin navigating from current location (-5.85, 2.90) to (6.03, 3.08)
[controller_server-8] [INFO] [1789660588.622784321] [controller_server]: Received a goal, begin computing control effort.
[controller_server-8] [INFO] [1789660589.723347877] [controller_server]: Passing new path to controller.
[controller_server-8] [INFO] [1789660590.725521009] [controller_server]: Passing new path to controller.
[controller_server-8] [INFO] [1789660591.823162102] [controller_server]: Passing new path to controller.
[controller_server-8] [INFO] [1789660592.823238267] [controller_server]: Passing new path to controller.
[controller_server-8] [INFO] [1789660593.823270600] [controller_server]: Passing new path to controller.
[controller_server-8] [INFO] [1789660594.924093280] [controller_server]: Passing new path to controller.
[controller_server-8] [INFO] [1789660595.923800945] [controller_server]: Passing new path to controller.
[controller_server-8] [INFO] [1789660597.023139552] [controller_server]: Passing new path to controller.
[controller_server-8] [INFO] [1789660598.023529749] [controller_server]: Passing new path to controller.
[controller_server-8] [INFO] [1789660599.023253336] [controller_server]: Passing new path to controller.
[controller_server-8] [INFO] [1789660600.123241027] [controller_server]: Passing new path to controller.
[controller_server-8] [INFO] [1789660601.123179678] [controller_server]: Passing new path to controller.
[controller_server-8] [INFO] [1789660602.123338296] [controller_server]: Passing new path to controller.
[controller_server-8] [INFO] [1789660603.225444377] [controller_server]: Passing new path to controller.
[controller_server-8] [INFO] [1789660604.223161131] [controller_server]: Passing new path to controller.
[controller_server-8] [INFO] [1789660605.323211541] [controller_server]: Passing new path to controller.
[controller_server-8] [INFO] [1789660606.323296044] [controller_server]: Passing new path to controller.
[controller_server-8] [INFO] [1789660607.323773620] [controller_server]: Passing new path to controller.
[controller_server-8] [INFO] [1789660608.423152969] [controller_server]: Passing new path to controller.
[controller_server-8] [INFO] [1789660609.423175947] [controller_server]: Passing new path to controller.
[controller_server-8] [INFO] [1789660610.423141394] [controller_server]: Passing new path to controller.
[controller_server-8] [INFO] [1789660611.423422309] [controller_server]: Passing new path to controller.
[controller_server-8] [INFO] [1789660612.523253700] [controller_server]: Passing new path to controller.
[controller_server-8] [INFO] [1789660613.523183551] [controller_server]: Passing new path to controller.
[controller_server-8] [INFO] [1789660614.523125640] [controller_server]: Passing new path to controller.
[controller_server-8] [INFO] [1789660615.523153893] [controller_server]: Passing new path to controller.
[controller_server-8] [INFO] [1789660616.623122076] [controller_server]: Passing new path to controller.
[controller_server-8] [INFO] [1789660617.623121964] [controller_server]: Passing new path to controller.
[controller_server-8] [INFO] [1789660618.623137221] [controller_server]: Passing new path to controller.
[controller_server-8] [INFO] [1789660619.623118548] [controller_server]: Passing new path to controller.
[controller_server-8] [INFO] [1789660620.723134092] [controller_server]: Passing new path to controller.
[controller_server-8] [INFO] [1789660621.723127054] [controller_server]: Passing new path to controller.
[controller_server-8] [INFO] [1789660622.723158283] [controller_server]: Passing new path to controller.
[controller_server-8] [INFO] [1789660623.723161844] [controller_server]: Passing new path to controller.
[controller_server-8] [INFO] [1789660624.823168575] [controller_server]: Passing new path to controller.
[controller_server-8] [INFO] [1789660625.823132472] [controller_server]: Passing new path to controller.
[controller_server-8] [INFO] [1789660626.823176838] [controller_server]: Passing new path to controller.
[controller_server-8] [INFO] [1789660627.823141174] [controller_server]: Passing new path to controller.
[controller_server-8] [INFO] [1789660628.923132169] [controller_server]: Passing new path to controller.
[controller_server-8] [INFO] [1789660629.923919341] [controller_server]: Passing new path to controller.
[controller_server-8] [INFO] [1789660630.924387466] [controller_server]: Passing new path to controller.
[controller_server-8] [INFO] [1789660631.026657147] [controller_server]: Reached the goal!
[controller_server-8] [INFO] [1789660631.036001245] [controller_server]: Optimizer reset
[bt_navigator-13] [INFO] [1789660631.063862239] [bt_navigator]: Goal succeeded
[factory_node-20] [INFO] [1789660661.979033102] [factory]: pickup B: took 1 units (0.40 kg), 0 left
[mission_executor-22] [INFO] [1789660663.182752424] [mission_executor]: [8] PICKUP:B done: took 1 units (0.40 kg), 0 left | measured 17.9 m, 74 s, 0.22 Wh, battery 93.3 -> 92.3 %
[python-19] INFO:     127.0.0.1:45062 - "POST /decide HTTP/1.1" 200 OK
[mission_executor-22] [INFO] [1789660663.188088626] [mission_executor]: decision: DELIVER - PPO policy (probability 0.92)
[mission_executor-22] [INFO] [1789660663.190436527] [mission_executor]: [9] DELIVER from B: predicted 10.3 m, 56 s, 0.16 Wh
[bt_navigator-13] [INFO] [1789660663.191543627] [bt_navigator]: Begin navigating from current location (5.96, 2.88) to (-0.23, -3.98)
[controller_server-8] [INFO] [1789660663.212478934] [controller_server]: Received a goal, begin computing control effort.
[controller_server-8] [INFO] [1789660664.312760686] [controller_server]: Passing new path to controller.
[controller_server-8] [INFO] [1789660665.312711377] [controller_server]: Passing new path to controller.
[controller_server-8] [INFO] [1789660666.312826941] [controller_server]: Passing new path to controller.
[controller_server-8] [INFO] [1789660667.412797297] [controller_server]: Passing new path to controller.
[controller_server-8] [INFO] [1789660668.412696902] [controller_server]: Passing new path to controller.
[controller_server-8] [INFO] [1789660669.412705727] [controller_server]: Passing new path to controller.
[controller_server-8] [INFO] [1789660670.412698474] [controller_server]: Passing new path to controller.
[controller_server-8] [INFO] [1789660671.512809123] [controller_server]: Passing new path to controller.
[controller_server-8] [INFO] [1789660672.512704429] [controller_server]: Passing new path to controller.
[controller_server-8] [INFO] [1789660673.512691008] [controller_server]: Passing new path to controller.
[controller_server-8] [INFO] [1789660674.612741462] [controller_server]: Passing new path to controller.
[controller_server-8] [INFO] [1789660675.612705983] [controller_server]: Passing new path to controller.
[controller_server-8] [INFO] [1789660676.612704076] [controller_server]: Passing new path to controller.
[controller_server-8] [INFO] [1789660677.612741119] [controller_server]: Passing new path to controller.
[controller_server-8] [INFO] [1789660678.712711502] [controller_server]: Passing new path to controller.
[controller_server-8] [INFO] [1789660679.712692736] [controller_server]: Passing new path to controller.
[controller_server-8] [INFO] [1789660680.712732342] [controller_server]: Passing new path to controller.
[controller_server-8] [INFO] [1789660681.812721529] [controller_server]: Passing new path to controller.
[controller_server-8] [INFO] [1789660682.813064777] [controller_server]: Passing new path to controller.
[controller_server-8] [INFO] [1789660683.812732000] [controller_server]: Passing new path to controller.
[controller_server-8] [INFO] [1789660684.812714295] [controller_server]: Passing new path to controller.
[controller_server-8] [INFO] [1789660685.812703263] [controller_server]: Passing new path to controller.
[controller_server-8] [INFO] [1789660686.912725608] [controller_server]: Passing new path to controller.
[controller_server-8] [INFO] [1789660687.912929431] [controller_server]: Passing new path to controller.
[controller_server-8] [INFO] [1789660688.314381917] [controller_server]: Reached the goal!
[controller_server-8] [INFO] [1789660688.314657919] [controller_server]: Optimizer reset
[bt_navigator-13] [INFO] [1789660688.342313548] [bt_navigator]: Goal succeeded
[mission_executor-22] [INFO] [1789660720.139822078] [mission_executor]: [9] DELIVER done: delivered 2 units | measured 10.1 m, 57 s, 0.16 Wh, battery 92.3 -> 91.6 %
[python-19] INFO:     127.0.0.1:45782 - "POST /decide HTTP/1.1" 200 OK
[mission_executor-22] [INFO] [1789660720.146202199] [mission_executor]: decision: PICKUP:B - PPO policy (probability 0.68)
[mission_executor-22] [INFO] [1789660720.147290903] [mission_executor]: [10] PICKUP:B from delivery: predicted 10.3 m, 56 s, 0.15 Wh
[bt_navigator-13] [INFO] [1789660720.148616107] [bt_navigator]: Begin navigating from current location (-0.16, -3.84) to (6.03, 3.08)
[controller_server-8] [INFO] [1789660720.170017079] [controller_server]: Received a goal, begin computing control effort.
[controller_server-8] [INFO] [1789660721.270377789] [controller_server]: Passing new path to controller.
[controller_server-8] [INFO] [1789660722.270277045] [controller_server]: Passing new path to controller.
[controller_server-8] [INFO] [1789660723.270302476] [controller_server]: Passing new path to controller.
[controller_server-8] [INFO] [1789660724.370268890] [controller_server]: Passing new path to controller.
[controller_server-8] [INFO] [1789660725.370254068] [controller_server]: Passing new path to controller.
[controller_server-8] [INFO] [1789660726.370253269] [controller_server]: Passing new path to controller.
[controller_server-8] [INFO] [1789660727.370287495] [controller_server]: Passing new path to controller.
[controller_server-8] [INFO] [1789660728.470270554] [controller_server]: Passing new path to controller.
[controller_server-8] [INFO] [1789660729.470266528] [controller_server]: Passing new path to controller.
[controller_server-8] [INFO] [1789660730.470246176] [controller_server]: Passing new path to controller.
[controller_server-8] [INFO] [1789660731.470251087] [controller_server]: Passing new path to controller.
[controller_server-8] [INFO] [1789660732.570249552] [controller_server]: Passing new path to controller.
[controller_server-8] [INFO] [1789660733.570267867] [controller_server]: Passing new path to controller.
[controller_server-8] [INFO] [1789660734.570257883] [controller_server]: Passing new path to controller.
[controller_server-8] [INFO] [1789660735.570235897] [controller_server]: Passing new path to controller.
[controller_server-8] [INFO] [1789660736.670249644] [controller_server]: Passing new path to controller.
[controller_server-8] [INFO] [1789660737.670265607] [controller_server]: Passing new path to controller.
[controller_server-8] [INFO] [1789660738.670259545] [controller_server]: Passing new path to controller.
[controller_server-8] [INFO] [1789660739.670258259] [controller_server]: Passing new path to controller.
[controller_server-8] [INFO] [1789660740.770306096] [controller_server]: Passing new path to controller.
[controller_server-8] [INFO] [1789660741.770313759] [controller_server]: Passing new path to controller.
[controller_server-8] [INFO] [1789660741.871779804] [controller_server]: Reached the goal!
[controller_server-8] [INFO] [1789660741.872044704] [controller_server]: Optimizer reset
[bt_navigator-13] [INFO] [1789660741.901227088] [bt_navigator]: Goal succeeded
[factory_node-20] [INFO] [1789660772.430446971] [factory]: pickup B: took 1 units (0.40 kg), 0 left
[mission_executor-22] [INFO] [1789660773.634173631] [mission_executor]: [10] PICKUP:B done: took 1 units (0.40 kg), 0 left | measured 10.0 m, 53 s, 0.14 Wh, battery 91.6 -> 90.9 %
[python-19] INFO:     127.0.0.1:44992 - "POST /decide HTTP/1.1" 200 OK
[mission_executor-22] [INFO] [1789660773.639872623] [mission_executor]: decision: PICKUP:A - PPO policy (probability 0.61)
[mission_executor-22] [INFO] [1789660773.642230720] [mission_executor]: [11] PICKUP:A from B: predicted 18.3 m, 77 s, 0.23 Wh
[bt_navigator-13] [INFO] [1789660773.643472219] [bt_navigator]: Begin navigating from current location (6.00, 2.87) to (-5.97, 3.08)
[controller_server-8] [INFO] [1789660773.664967791] [controller_server]: Received a goal, begin computing control effort.
[controller_server-8] [INFO] [1789660774.765192171] [controller_server]: Passing new path to controller.
[controller_server-8] [INFO] [1789660775.765238666] [controller_server]: Passing new path to controller.
[controller_server-8] [INFO] [1789660776.865234205] [controller_server]: Passing new path to controller.
[controller_server-8] [INFO] [1789660777.865223900] [controller_server]: Passing new path to controller.
[controller_server-8] [INFO] [1789660778.865178922] [controller_server]: Passing new path to controller.
[controller_server-8] [INFO] [1789660779.865248822] [controller_server]: Passing new path to controller.
[controller_server-8] [INFO] [1789660780.965186386] [controller_server]: Passing new path to controller.
[controller_server-8] [INFO] [1789660781.965180639] [controller_server]: Passing new path to controller.
[controller_server-8] [INFO] [1789660783.065181728] [controller_server]: Passing new path to controller.
[controller_server-8] [INFO] [1789660784.065187951] [controller_server]: Passing new path to controller.
[controller_server-8] [INFO] [1789660785.065181047] [controller_server]: Passing new path to controller.
[controller_server-8] [INFO] [1789660786.165186280] [controller_server]: Passing new path to controller.
[controller_server-8] [INFO] [1789660787.165194123] [controller_server]: Passing new path to controller.
[controller_server-8] [INFO] [1789660788.165188345] [controller_server]: Passing new path to controller.
[controller_server-8] [INFO] [1789660789.165190144] [controller_server]: Passing new path to controller.
[controller_server-8] [INFO] [1789660790.265182778] [controller_server]: Passing new path to controller.
[controller_server-8] [INFO] [1789660791.265145860] [controller_server]: Passing new path to controller.
[controller_server-8] [INFO] [1789660792.265195868] [controller_server]: Passing new path to controller.
[controller_server-8] [INFO] [1789660793.265242555] [controller_server]: Passing new path to controller.
[controller_server-8] [INFO] [1789660794.365223815] [controller_server]: Passing new path to controller.
[controller_server-8] [INFO] [1789660795.365202955] [controller_server]: Passing new path to controller.
[controller_server-8] [INFO] [1789660796.365204074] [controller_server]: Passing new path to controller.
[controller_server-8] [INFO] [1789660797.465221460] [controller_server]: Passing new path to controller.
[controller_server-8] [INFO] [1789660798.465220436] [controller_server]: Passing new path to controller.
[controller_server-8] [INFO] [1789660799.465184068] [controller_server]: Passing new path to controller.
[controller_server-8] [INFO] [1789660800.465189979] [controller_server]: Passing new path to controller.
[controller_server-8] [INFO] [1789660801.565200525] [controller_server]: Passing new path to controller.
[controller_server-8] [INFO] [1789660802.565227691] [controller_server]: Passing new path to controller.
[controller_server-8] [INFO] [1789660803.565650134] [controller_server]: Passing new path to controller.
[controller_server-8] [INFO] [1789660804.565216357] [controller_server]: Passing new path to controller.
[controller_server-8] [INFO] [1789660805.366586359] [controller_server]: Optimizer reset
[controller_server-8] [INFO] [1789660805.369226658] [controller_server]: Optimizer reset
[controller_server-8] [WARN] [1789660805.370115957] [controller_server]: Optimizer fail to compute path
[controller_server-8] [INFO] [1789660805.665198807] [controller_server]: Passing new path to controller.
[controller_server-8] [INFO] [1789660806.665176579] [controller_server]: Passing new path to controller.
[controller_server-8] [INFO] [1789660807.665198234] [controller_server]: Passing new path to controller.
[controller_server-8] [INFO] [1789660808.765215581] [controller_server]: Passing new path to controller.
[planner_server-10] [WARN] [1789660809.675769683] [planner_server]: GridBased plugin failed to plan from (-5.55, 1.50) to (-5.97, 3.08): "Either of the start or goal pose are an obstacle! "
[planner_server-10] [WARN] [1789660809.676440583] [planner_server]: [compute_path_to_pose] [ActionServer] Aborting handle.
[planner_server-10] [INFO] [1789660809.695430785] [global_costmap.global_costmap]: Received request to clear entirely the global_costmap
[planner_server-10] [WARN] [1789660810.156976931] [planner_server]: Planner loop missed its desired rate of 20.0000 Hz. Current loop rate is 2.1739 Hz
[controller_server-8] [INFO] [1789660810.265206240] [controller_server]: Passing new path to controller.
[controller_server-8] [INFO] [1789660811.265238019] [controller_server]: Passing new path to controller.
[controller_server-8] [INFO] [1789660812.265228650] [controller_server]: Passing new path to controller.
[controller_server-8] [INFO] [1789660812.667415672] [controller_server]: Reached the goal!
[controller_server-8] [INFO] [1789660812.667779472] [controller_server]: Optimizer reset
[bt_navigator-13] [INFO] [1789660812.695611753] [bt_navigator]: Goal succeeded
[factory_node-20] [INFO] [1789660843.244251842] [factory]: pickup A: took 2 units (1.00 kg), 0 left
[mission_executor-22] [INFO] [1789660844.446917755] [mission_executor]: [11] PICKUP:A done: took 2 units (1.00 kg), 0 left | measured 17.7 m, 71 s, 0.22 Wh, battery 90.9 -> 89.9 %
[python-19] INFO:     127.0.0.1:60688 - "POST /decide HTTP/1.1" 200 OK
[mission_executor-22] [INFO] [1789660844.453429051] [mission_executor]: decision: PICKUP:B - PPO policy (probability 0.88)
[mission_executor-22] [INFO] [1789660844.454428650] [mission_executor]: [12] PICKUP:B from A: predicted 18.3 m, 77 s, 0.25 Wh
[bt_navigator-13] [INFO] [1789660844.456151549] [bt_navigator]: Begin navigating from current location (-5.89, 2.91) to (6.03, 3.08)
[controller_server-8] [INFO] [1789660844.477458235] [controller_server]: Received a goal, begin computing control effort.
[controller_server-8] [INFO] [1789660845.577778690] [controller_server]: Passing new path to controller.
[controller_server-8] [INFO] [1789660846.577787044] [controller_server]: Passing new path to controller.
[controller_server-8] [INFO] [1789660847.678178566] [controller_server]: Passing new path to controller.
[controller_server-8] [INFO] [1789660848.677780820] [controller_server]: Passing new path to controller.
[controller_server-8] [INFO] [1789660849.677791955] [controller_server]: Passing new path to controller.
[controller_server-8] [INFO] [1789660850.777791311] [controller_server]: Passing new path to controller.
[controller_server-8] [INFO] [1789660851.778141403] [controller_server]: Passing new path to controller.
[controller_server-8] [INFO] [1789660852.877783361] [controller_server]: Passing new path to controller.
[controller_server-8] [INFO] [1789660853.877762865] [controller_server]: Passing new path to controller.
[controller_server-8] [INFO] [1789660854.877763880] [controller_server]: Passing new path to controller.
[controller_server-8] [INFO] [1789660855.977771452] [controller_server]: Passing new path to controller.
[controller_server-8] [INFO] [1789660856.977796823] [controller_server]: Passing new path to controller.
[controller_server-8] [INFO] [1789660857.977774175] [controller_server]: Passing new path to controller.
[controller_server-8] [INFO] [1789660858.977784112] [controller_server]: Passing new path to controller.
[controller_server-8] [INFO] [1789660859.977799984] [controller_server]: Passing new path to controller.
[controller_server-8] [INFO] [1789660861.077786271] [controller_server]: Passing new path to controller.
[controller_server-8] [INFO] [1789660862.077779703] [controller_server]: Passing new path to controller.
[controller_server-8] [INFO] [1789660863.077767861] [controller_server]: Passing new path to controller.
[controller_server-8] [INFO] [1789660864.177774176] [controller_server]: Passing new path to controller.
[controller_server-8] [INFO] [1789660865.177775011] [controller_server]: Passing new path to controller.
[controller_server-8] [INFO] [1789660866.177765640] [controller_server]: Passing new path to controller.
[controller_server-8] [INFO] [1789660867.177774650] [controller_server]: Passing new path to controller.
[controller_server-8] [INFO] [1789660868.277777979] [controller_server]: Passing new path to controller.
[controller_server-8] [INFO] [1789660869.277815149] [controller_server]: Passing new path to controller.
[controller_server-8] [INFO] [1789660870.277769901] [controller_server]: Passing new path to controller.
[controller_server-8] [INFO] [1789660871.277782723] [controller_server]: Passing new path to controller.
[controller_server-8] [INFO] [1789660872.377824319] [controller_server]: Passing new path to controller.
[controller_server-8] [INFO] [1789660873.377859215] [controller_server]: Passing new path to controller.
[controller_server-8] [INFO] [1789660874.378176192] [controller_server]: Passing new path to controller.
[controller_server-8] [INFO] [1789660875.377998182] [controller_server]: Passing new path to controller.
[controller_server-8] [INFO] [1789660876.478346445] [controller_server]: Passing new path to controller.
[controller_server-8] [INFO] [1789660877.478776756] [controller_server]: Passing new path to controller.
[controller_server-8] [INFO] [1789660878.477777949] [controller_server]: Passing new path to controller.
[controller_server-8] [INFO] [1789660879.577811297] [controller_server]: Passing new path to controller.
[controller_server-8] [INFO] [1789660880.577984980] [controller_server]: Passing new path to controller.
[controller_server-8] [INFO] [1789660881.577776946] [controller_server]: Passing new path to controller.
[controller_server-8] [INFO] [1789660882.577781892] [controller_server]: Passing new path to controller.
[controller_server-8] [INFO] [1789660883.677789062] [controller_server]: Passing new path to controller.
[controller_server-8] [INFO] [1789660884.677803571] [controller_server]: Passing new path to controller.
[controller_server-8] [INFO] [1789660885.677776860] [controller_server]: Passing new path to controller.
[controller_server-8] [INFO] [1789660886.677821358] [controller_server]: Passing new path to controller.
[controller_server-8] [INFO] [1789660887.677884577] [controller_server]: Passing new path to controller.
[controller_server-8] [INFO] [1789660888.777784208] [controller_server]: Passing new path to controller.
[controller_server-8] [INFO] [1789660889.079578397] [controller_server]: Reached the goal!
[controller_server-8] [INFO] [1789660889.080247098] [controller_server]: Optimizer reset
[bt_navigator-13] [INFO] [1789660889.107268633] [bt_navigator]: Goal succeeded
[factory_node-20] [INFO] [1789660919.699987151] [factory]: pickup B: took 1 units (0.40 kg), 0 left
[mission_executor-22] [INFO] [1789660920.904229431] [mission_executor]: [12] PICKUP:B done: took 1 units (0.40 kg), 0 left | measured 19.3 m, 76 s, 0.26 Wh, battery 89.9 -> 88.8 %
[python-19] INFO:     127.0.0.1:52540 - "POST /decide HTTP/1.1" 200 OK
[mission_executor-22] [INFO] [1789660920.926292223] [mission_executor]: decision: DELIVER - PPO policy (probability 0.98)
[mission_executor-22] [INFO] [1789660920.927386323] [mission_executor]: [13] DELIVER from B: predicted 10.3 m, 56 s, 0.17 Wh
[bt_navigator-13] [INFO] [1789660920.929141622] [bt_navigator]: Begin navigating from current location (6.02, 2.86) to (-0.23, -3.98)
[controller_server-8] [INFO] [1789660920.950250914] [controller_server]: Received a goal, begin computing control effort.
[controller_server-8] [INFO] [1789660922.050547096] [controller_server]: Passing new path to controller.
[controller_server-8] [INFO] [1789660923.050533997] [controller_server]: Passing new path to controller.
[controller_server-8] [INFO] [1789660924.050521682] [controller_server]: Passing new path to controller.
[controller_server-8] [INFO] [1789660925.150622105] [controller_server]: Passing new path to controller.
[controller_server-8] [INFO] [1789660926.150569854] [controller_server]: Passing new path to controller.
[controller_server-8] [INFO] [1789660927.150560534] [controller_server]: Passing new path to controller.
[controller_server-8] [INFO] [1789660928.150555002] [controller_server]: Passing new path to controller.
[controller_server-8] [INFO] [1789660929.250674826] [controller_server]: Passing new path to controller.
[controller_server-8] [INFO] [1789660930.250553759] [controller_server]: Passing new path to controller.
[controller_server-8] [INFO] [1789660931.250540775] [controller_server]: Passing new path to controller.
[controller_server-8] [INFO] [1789660932.350534943] [controller_server]: Passing new path to controller.
[controller_server-8] [INFO] [1789660933.350551424] [controller_server]: Passing new path to controller.
[controller_server-8] [INFO] [1789660934.350557539] [controller_server]: Passing new path to controller.
[controller_server-8] [INFO] [1789660935.350545017] [controller_server]: Passing new path to controller.
[controller_server-8] [INFO] [1789660936.450550411] [controller_server]: Passing new path to controller.
[controller_server-8] [INFO] [1789660937.450634225] [controller_server]: Passing new path to controller.
[controller_server-8] [INFO] [1789660938.450659912] [controller_server]: Passing new path to controller.
[controller_server-8] [INFO] [1789660939.450535570] [controller_server]: Passing new path to controller.
[controller_server-8] [INFO] [1789660940.550539254] [controller_server]: Passing new path to controller.
[controller_server-8] [INFO] [1789660941.550514277] [controller_server]: Passing new path to controller.
[controller_server-8] [INFO] [1789660942.550576584] [controller_server]: Passing new path to controller.
[controller_server-8] [INFO] [1789660943.550531959] [controller_server]: Passing new path to controller.
[controller_server-8] [INFO] [1789660944.550530169] [controller_server]: Passing new path to controller.
[controller_server-8] [INFO] [1789660945.650545732] [controller_server]: Passing new path to controller.
[controller_server-8] [INFO] [1789660945.652457534] [controller_server]: Reached the goal!
[controller_server-8] [INFO] [1789660945.652755934] [controller_server]: Optimizer reset
[bt_navigator-13] [INFO] [1789660945.689863159] [bt_navigator]: Goal succeeded
[mission_executor-22] [INFO] [1789660977.436122036] [mission_executor]: [13] DELIVER done: delivered 4 units | measured 10.1 m, 56 s, 0.17 Wh, battery 88.8 -> 88.0 %
[python-19] INFO:     127.0.0.1:36024 - "POST /decide HTTP/1.1" 200 OK
[mission_executor-22] [INFO] [1789660977.441981634] [mission_executor]: decision: PICKUP:B - PPO policy (probability 0.98)
[mission_executor-22] [INFO] [1789660977.442549434] [mission_executor]: [14] PICKUP:B from delivery: predicted 10.3 m, 56 s, 0.15 Wh
[bt_navigator-13] [INFO] [1789660977.443857234] [bt_navigator]: Begin navigating from current location (-0.19, -3.82) to (6.03, 3.08)
[controller_server-8] [INFO] [1789660977.464864430] [controller_server]: Received a goal, begin computing control effort.
[controller_server-8] [INFO] [1789660978.565114007] [controller_server]: Passing new path to controller.
[controller_server-8] [INFO] [1789660979.565146689] [controller_server]: Passing new path to controller.
[controller_server-8] [INFO] [1789660980.565270198] [controller_server]: Passing new path to controller.
[controller_server-8] [INFO] [1789660981.665105470] [controller_server]: Passing new path to controller.
[controller_server-8] [INFO] [1789660982.665111601] [controller_server]: Passing new path to controller.
[controller_server-8] [INFO] [1789660983.665124332] [controller_server]: Passing new path to controller.
[controller_server-8] [INFO] [1789660984.665128348] [controller_server]: Passing new path to controller.
[controller_server-8] [INFO] [1789660985.665083749] [controller_server]: Passing new path to controller.
[controller_server-8] [INFO] [1789660986.765091554] [controller_server]: Passing new path to controller.
[controller_server-8] [INFO] [1789660987.765129411] [controller_server]: Passing new path to controller.
[controller_server-8] [INFO] [1789660988.765168886] [controller_server]: Passing new path to controller.
[controller_server-8] [INFO] [1789660989.765079846] [controller_server]: Passing new path to controller.
[controller_server-8] [INFO] [1789660990.865137892] [controller_server]: Passing new path to controller.
[controller_server-8] [INFO] [1789660991.865119144] [controller_server]: Passing new path to controller.
[controller_server-8] [INFO] [1789660992.865093780] [controller_server]: Passing new path to controller.
[controller_server-8] [INFO] [1789660993.965141064] [controller_server]: Passing new path to controller.
[controller_server-8] [INFO] [1789660994.965099370] [controller_server]: Passing new path to controller.
[controller_server-8] [INFO] [1789660995.965112761] [controller_server]: Passing new path to controller.
[controller_server-8] [INFO] [1789660996.965103237] [controller_server]: Passing new path to controller.
[controller_server-8] [INFO] [1789660998.065110554] [controller_server]: Passing new path to controller.
[controller_server-8] [INFO] [1789660999.065226502] [controller_server]: Passing new path to controller.
[controller_server-8] [INFO] [1789660999.366249895] [controller_server]: Reached the goal!
[controller_server-8] [INFO] [1789660999.366437595] [controller_server]: Optimizer reset
[bt_navigator-13] [INFO] [1789660999.394482885] [bt_navigator]: Goal succeeded
[factory_node-20] [INFO] [1789661030.538244772] [factory]: pickup B: took 1 units (0.40 kg), 0 left
[mission_executor-22] [INFO] [1789661031.750661057] [mission_executor]: [14] PICKUP:B done: took 1 units (0.40 kg), 0 left | measured 10.0 m, 54 s, 0.14 Wh, battery 88.0 -> 87.4 %
[python-19] INFO:     127.0.0.1:42500 - "POST /decide HTTP/1.1" 200 OK
[mission_executor-22] [INFO] [1789661031.763002865] [mission_executor]: decision: DELIVER - PPO policy (probability 0.40)
[mission_executor-22] [INFO] [1789661031.764450066] [mission_executor]: [15] DELIVER from B: predicted 10.3 m, 56 s, 0.15 Wh
[bt_navigator-13] [INFO] [1789661031.767391268] [bt_navigator]: Begin navigating from current location (5.97, 2.87) to (-0.23, -3.98)
[controller_server-8] [INFO] [1789661031.789485783] [controller_server]: Received a goal, begin computing control effort.
[controller_server-8] [INFO] [1789661032.889753205] [controller_server]: Passing new path to controller.
[controller_server-8] [INFO] [1789661033.889719147] [controller_server]: Passing new path to controller.
[controller_server-8] [INFO] [1789661034.889741975] [controller_server]: Passing new path to controller.
[controller_server-8] [INFO] [1789661035.989739551] [controller_server]: Passing new path to controller.
[controller_server-8] [INFO] [1789661036.991730351] [controller_server]: Passing new path to controller.
[controller_server-8] [INFO] [1789661037.989739402] [controller_server]: Passing new path to controller.
[controller_server-8] [INFO] [1789661039.089723415] [controller_server]: Passing new path to controller.
[controller_server-8] [INFO] [1789661040.092998714] [controller_server]: Passing new path to controller.
[controller_server-8] [INFO] [1789661041.089706528] [controller_server]: Passing new path to controller.
[controller_server-8] [INFO] [1789661042.189831691] [controller_server]: Passing new path to controller.
[controller_server-8] [INFO] [1789661043.189714763] [controller_server]: Passing new path to controller.
[controller_server-8] [INFO] [1789661044.189727882] [controller_server]: Passing new path to controller.
[controller_server-8] [INFO] [1789661045.189715453] [controller_server]: Passing new path to controller.
[controller_server-8] [INFO] [1789661046.189723310] [controller_server]: Passing new path to controller.
[controller_server-8] [INFO] [1789661047.290454196] [controller_server]: Passing new path to controller.
[controller_server-8] [INFO] [1789661048.289694744] [controller_server]: Passing new path to controller.
[controller_server-8] [INFO] [1789661049.289691779] [controller_server]: Passing new path to controller.
[controller_server-8] [INFO] [1789661050.289705401] [controller_server]: Passing new path to controller.
[controller_server-8] [INFO] [1789661051.389705469] [controller_server]: Passing new path to controller.
[controller_server-8] [INFO] [1789661052.389715863] [controller_server]: Passing new path to controller.
[controller_server-8] [INFO] [1789661053.389721344] [controller_server]: Passing new path to controller.
[controller_server-8] [INFO] [1789661054.489722868] [controller_server]: Passing new path to controller.
[controller_server-8] [INFO] [1789661055.489712576] [controller_server]: Passing new path to controller.
[controller_server-8] [INFO] [1789661056.489710256] [controller_server]: Passing new path to controller.
[controller_server-8] [INFO] [1789661057.489735623] [controller_server]: Passing new path to controller.
[controller_server-8] [INFO] [1789661057.691167522] [controller_server]: Reached the goal!
[controller_server-8] [INFO] [1789661057.691401023] [controller_server]: Optimizer reset
[bt_navigator-13] [INFO] [1789661057.716712948] [bt_navigator]: Goal succeeded
[mission_executor-22] [INFO] [1789661090.082412514] [mission_executor]: [15] DELIVER done: delivered 1 units | measured 10.1 m, 57 s, 0.15 Wh, battery 87.4 -> 86.7 %
[python-19] INFO:     127.0.0.1:54254 - "POST /decide HTTP/1.1" 200 OK
[mission_executor-22] [INFO] [1789661090.091486120] [mission_executor]: decision: PICKUP:C - PPO policy (probability 0.55)
[mission_executor-22] [INFO] [1789661090.092638721] [mission_executor]: [16] PICKUP:C from delivery: predicted 6.3 m, 46 s, 0.11 Wh
[bt_navigator-13] [INFO] [1789661090.094854123] [bt_navigator]: Begin navigating from current location (-0.16, -3.82) to (6.03, -3.42)
[controller_server-8] [INFO] [1789661090.116571739] [controller_server]: Received a goal, begin computing control effort.
[controller_server-8] [INFO] [1789661091.216871645] [controller_server]: Passing new path to controller.
[controller_server-8] [INFO] [1789661092.216865365] [controller_server]: Passing new path to controller.
[controller_server-8] [INFO] [1789661093.216799472] [controller_server]: Passing new path to controller.
[controller_server-8] [INFO] [1789661094.316828573] [controller_server]: Passing new path to controller.
[controller_server-8] [INFO] [1789661095.316819239] [controller_server]: Passing new path to controller.
[controller_server-8] [INFO] [1789661096.317194596] [controller_server]: Passing new path to controller.
[controller_server-8] [INFO] [1789661097.316915440] [controller_server]: Passing new path to controller.
[controller_server-8] [INFO] [1789661098.316827273] [controller_server]: Passing new path to controller.
[controller_server-8] [INFO] [1789661099.417185915] [controller_server]: Passing new path to controller.
[controller_server-8] [INFO] [1789661100.416768922] [controller_server]: Passing new path to controller.
[controller_server-8] [INFO] [1789661101.416800518] [controller_server]: Passing new path to controller.
[controller_server-8] [INFO] [1789661102.416782201] [controller_server]: Passing new path to controller.
[controller_server-8] [INFO] [1789661103.416799012] [controller_server]: Passing new path to controller.
[collision_monitor-16] [INFO] [1789661104.167769733] [collision_monitor]: Robot to approach for 1.200000 seconds away from collision
[controller_server-8] [INFO] [1789661104.516797254] [controller_server]: Passing new path to controller.
[collision_monitor-16] [INFO] [1789661105.178716712] [collision_monitor]: Robot to continue normal operation
[controller_server-8] [INFO] [1789661105.516851134] [controller_server]: Passing new path to controller.
[controller_server-8] [INFO] [1789661106.118644616] [controller_server]: Reached the goal!
[controller_server-8] [INFO] [1789661106.118886216] [controller_server]: Optimizer reset
[bt_navigator-13] [INFO] [1789661106.146495301] [bt_navigator]: Goal succeeded
[factory_node-20] [INFO] [1789661136.718921843] [factory]: pickup C: took 1 units (1.50 kg), 0 left
[mission_executor-22] [INFO] [1789661137.922602321] [mission_executor]: [16] PICKUP:C done: took 1 units (1.50 kg), 0 left | measured 6.3 m, 48 s, 0.11 Wh, battery 86.7 -> 86.2 %
[python-19] INFO:     127.0.0.1:47890 - "POST /decide HTTP/1.1" 200 OK
[mission_executor-22] [INFO] [1789661137.938555516] [mission_executor]: decision: PICKUP:B - PPO policy (probability 0.71)
[mission_executor-22] [INFO] [1789661137.941348515] [mission_executor]: [17] PICKUP:B from C: predicted 9.2 m, 54 s, 0.15 Wh
[bt_navigator-13] [INFO] [1789661137.942585615] [bt_navigator]: Begin navigating from current location (5.97, -3.31) to (6.03, 3.08)
[controller_server-8] [INFO] [1789661137.964119909] [controller_server]: Received a goal, begin computing control effort.
[controller_server-8] [INFO] [1789661139.064373699] [controller_server]: Passing new path to controller.
[controller_server-8] [INFO] [1789661140.064398205] [controller_server]: Passing new path to controller.
[controller_server-8] [INFO] [1789661141.064384800] [controller_server]: Passing new path to controller.
[controller_server-8] [INFO] [1789661142.164438951] [controller_server]: Passing new path to controller.
[controller_server-8] [INFO] [1789661143.164449776] [controller_server]: Passing new path to controller.
[controller_server-8] [INFO] [1789661144.164388600] [controller_server]: Passing new path to controller.
[controller_server-8] [INFO] [1789661145.164395412] [controller_server]: Passing new path to controller.
[controller_server-8] [INFO] [1789661146.264550942] [controller_server]: Passing new path to controller.
[controller_server-8] [INFO] [1789661147.264388831] [controller_server]: Passing new path to controller.
[controller_server-8] [INFO] [1789661148.264411710] [controller_server]: Passing new path to controller.
[controller_server-8] [INFO] [1789661149.364757484] [controller_server]: Passing new path to controller.
[controller_server-8] [INFO] [1789661150.364451021] [controller_server]: Passing new path to controller.
[controller_server-8] [INFO] [1789661151.364362595] [controller_server]: Passing new path to controller.
[controller_server-8] [INFO] [1789661152.364397703] [controller_server]: Passing new path to controller.
[controller_server-8] [INFO] [1789661153.364349599] [controller_server]: Passing new path to controller.
[controller_server-8] [INFO] [1789661154.464359893] [controller_server]: Passing new path to controller.
[controller_server-8] [INFO] [1789661155.464380067] [controller_server]: Passing new path to controller.
[controller_server-8] [INFO] [1789661156.464889030] [controller_server]: Passing new path to controller.
[controller_server-8] [INFO] [1789661157.464395498] [controller_server]: Passing new path to controller.
[controller_server-8] [INFO] [1789661158.564412088] [controller_server]: Passing new path to controller.
[controller_server-8] [INFO] [1789661159.564376016] [controller_server]: Passing new path to controller.
[controller_server-8] [INFO] [1789661159.667842638] [controller_server]: Reached the goal!
[controller_server-8] [INFO] [1789661159.669328839] [controller_server]: Optimizer reset
[bt_navigator-13] [INFO] [1789661159.691301165] [bt_navigator]: Goal succeeded
[factory_node-20] [INFO] [1789661190.278880871] [factory]: pickup B: took 2 units (0.80 kg), 0 left
[mission_executor-22] [INFO] [1789661191.482812031] [mission_executor]: [17] PICKUP:B done: took 2 units (0.80 kg), 0 left | measured 9.2 m, 52 s, 0.15 Wh, battery 86.2 -> 85.5 %
[python-19] INFO:     127.0.0.1:58378 - "POST /decide HTTP/1.1" 200 OK
[mission_executor-22] [INFO] [1789661191.497042048] [mission_executor]: decision: DELIVER - PPO policy (probability 0.71)
[mission_executor-22] [INFO] [1789661191.497840449] [mission_executor]: [18] DELIVER from B: predicted 10.3 m, 56 s, 0.17 Wh
[bt_navigator-13] [INFO] [1789661191.501510353] [bt_navigator]: Begin navigating from current location (6.02, 2.88) to (-0.23, -3.98)
[controller_server-8] [INFO] [1789661191.523646879] [controller_server]: Received a goal, begin computing control effort.
[controller_server-8] [INFO] [1789661192.623931265] [controller_server]: Passing new path to controller.
[controller_server-8] [INFO] [1789661193.623930823] [controller_server]: Passing new path to controller.
[controller_server-8] [INFO] [1789661194.623926426] [controller_server]: Passing new path to controller.
[controller_server-8] [INFO] [1789661195.723919794] [controller_server]: Passing new path to controller.
[controller_server-8] [INFO] [1789661196.723918892] [controller_server]: Passing new path to controller.
[controller_server-8] [INFO] [1789661197.723923479] [controller_server]: Passing new path to controller.
[controller_server-8] [INFO] [1789661198.724184656] [controller_server]: Passing new path to controller.
[controller_server-8] [INFO] [1789661199.823906724] [controller_server]: Passing new path to controller.
[controller_server-8] [INFO] [1789661200.823958474] [controller_server]: Passing new path to controller.
[controller_server-8] [INFO] [1789661201.823908915] [controller_server]: Passing new path to controller.
[controller_server-8] [INFO] [1789661202.824016945] [controller_server]: Passing new path to controller.
[controller_server-8] [INFO] [1789661203.923936779] [controller_server]: Passing new path to controller.
[controller_server-8] [INFO] [1789661204.923954542] [controller_server]: Passing new path to controller.
[controller_server-8] [INFO] [1789661205.923922896] [controller_server]: Passing new path to controller.
[controller_server-8] [INFO] [1789661206.923974639] [controller_server]: Passing new path to controller.
[controller_server-8] [INFO] [1789661208.024302580] [controller_server]: Passing new path to controller.
[controller_server-8] [INFO] [1789661209.023944949] [controller_server]: Passing new path to controller.
[controller_server-8] [INFO] [1789661210.024136708] [controller_server]: Passing new path to controller.
[controller_server-8] [INFO] [1789661211.023925258] [controller_server]: Passing new path to controller.
[controller_server-8] [INFO] [1789661212.123987880] [controller_server]: Passing new path to controller.
[planner_server-10] [INFO] [1789661212.580638903] [global_costmap.global_costmap]: Message Filter dropping message: frame 'lidar_link' at time 1091.600 for reason 'the timestamp on the message is earlier than all the data in the transform cache'
[controller_server-8] [INFO] [1789661213.123933510] [controller_server]: Passing new path to controller.
[controller_server-8] [INFO] [1789661214.124086729] [controller_server]: Passing new path to controller.
[controller_server-8] [INFO] [1789661215.123924759] [controller_server]: Passing new path to controller.
[controller_server-8] [INFO] [1789661216.224148014] [controller_server]: Passing new path to controller.
[controller_server-8] [INFO] [1789661216.626693031] [controller_server]: Reached the goal!
[controller_server-8] [INFO] [1789661216.626909431] [controller_server]: Optimizer reset
[bt_navigator-13] [INFO] [1789661216.651961232] [bt_navigator]: Goal succeeded
[mission_executor-22] [INFO] [1789661248.533406067] [mission_executor]: [18] DELIVER done: delivered 3 units | measured 10.2 m, 57 s, 0.18 Wh, battery 85.5 -> 84.7 %
[python-19] INFO:     127.0.0.1:46104 - "POST /decide HTTP/1.1" 200 OK
[mission_executor-22] [INFO] [1789661248.545777669] [mission_executor]: decision: PICKUP:A - PPO policy (probability 0.98)
[mission_executor-22] [INFO] [1789661248.550804570] [mission_executor]: [19] PICKUP:A from delivery: predicted 10.0 m, 56 s, 0.14 Wh
[bt_navigator-13] [INFO] [1789661248.552377270] [bt_navigator]: Begin navigating from current location (-0.18, -3.83) to (-5.97, 3.08)
[controller_server-8] [INFO] [1789661248.573888274] [controller_server]: Received a goal, begin computing control effort.
[controller_server-8] [INFO] [1789661249.674227268] [controller_server]: Passing new path to controller.
[controller_server-8] [INFO] [1789661250.674190934] [controller_server]: Passing new path to controller.
[controller_server-8] [INFO] [1789661251.674224992] [controller_server]: Passing new path to controller.
[controller_server-8] [INFO] [1789661252.774229755] [controller_server]: Passing new path to controller.
[controller_server-8] [INFO] [1789661253.774204294] [controller_server]: Passing new path to controller.
[controller_server-8] [INFO] [1789661254.774235624] [controller_server]: Passing new path to controller.
[controller_server-8] [INFO] [1789661255.774180707] [controller_server]: Passing new path to controller.
[controller_server-8] [INFO] [1789661256.874206941] [controller_server]: Passing new path to controller.
[controller_server-8] [INFO] [1789661257.874197435] [controller_server]: Passing new path to controller.
[controller_server-8] [INFO] [1789661258.874247520] [controller_server]: Passing new path to controller.
[controller_server-8] [INFO] [1789661259.974296623] [controller_server]: Passing new path to controller.
[controller_server-8] [INFO] [1789661260.974221570] [controller_server]: Passing new path to controller.
[controller_server-8] [INFO] [1789661261.974196487] [controller_server]: Passing new path to controller.
[controller_server-8] [INFO] [1789661262.974189995] [controller_server]: Passing new path to controller.
[controller_server-8] [INFO] [1789661264.074189427] [controller_server]: Passing new path to controller.
[controller_server-8] [INFO] [1789661265.074193342] [controller_server]: Passing new path to controller.
[controller_server-8] [INFO] [1789661266.075062848] [controller_server]: Passing new path to controller.
[controller_server-8] [INFO] [1789661267.074198746] [controller_server]: Passing new path to controller.
[controller_server-8] [INFO] [1789661268.174183613] [controller_server]: Passing new path to controller.
[controller_server-8] [INFO] [1789661269.174207793] [controller_server]: Passing new path to controller.
[controller_server-8] [INFO] [1789661269.875286433] [controller_server]: Reached the goal!
[controller_server-8] [INFO] [1789661269.875557533] [controller_server]: Optimizer reset
[bt_navigator-13] [INFO] [1789661269.903100227] [bt_navigator]: Goal succeeded
[factory_node-20] [INFO] [1789661300.470947145] [factory]: pickup A: took 3 units (1.50 kg), 0 left
[mission_executor-22] [INFO] [1789661301.675139887] [mission_executor]: [19] PICKUP:A done: took 3 units (1.50 kg), 0 left | measured 9.8 m, 53 s, 0.14 Wh, battery 84.7 -> 84.1 %
[python-19] INFO:     127.0.0.1:57320 - "POST /decide HTTP/1.1" 200 OK
[mission_executor-22] [INFO] [1789661301.680394285] [mission_executor]: decision: DELIVER - PPO policy (probability 0.99)
[mission_executor-22] [INFO] [1789661301.682596284] [mission_executor]: [20] DELIVER from A: predicted 10.0 m, 56 s, 0.16 Wh
[bt_navigator-13] [INFO] [1789661301.683897583] [bt_navigator]: Begin navigating from current location (-5.86, 2.89) to (-0.23, -3.98)
[controller_server-8] [INFO] [1789661301.705068775] [controller_server]: Received a goal, begin computing control effort.
[controller_server-8] [INFO] [1789661302.805299146] [controller_server]: Passing new path to controller.
[controller_server-8] [INFO] [1789661303.805320336] [controller_server]: Passing new path to controller.
[controller_server-8] [INFO] [1789661304.805317229] [controller_server]: Passing new path to controller.
[controller_server-8] [INFO] [1789661305.905368701] [controller_server]: Passing new path to controller.
[controller_server-8] [INFO] [1789661306.905338077] [controller_server]: Passing new path to controller.
[controller_server-8] [INFO] [1789661307.905295245] [controller_server]: Passing new path to controller.
[controller_server-8] [INFO] [1789661308.905328704] [controller_server]: Passing new path to controller.
[controller_server-8] [INFO] [1789661309.905356156] [controller_server]: Passing new path to controller.
[controller_server-8] [INFO] [1789661311.005374684] [controller_server]: Passing new path to controller.
[controller_server-8] [INFO] [1789661312.005329036] [controller_server]: Passing new path to controller.
[controller_server-8] [INFO] [1789661313.005345705] [controller_server]: Passing new path to controller.
[controller_server-8] [INFO] [1789661314.005309366] [controller_server]: Passing new path to controller.
[controller_server-8] [INFO] [1789661315.005301419] [controller_server]: Passing new path to controller.
[controller_server-8] [INFO] [1789661316.105396009] [controller_server]: Passing new path to controller.
[controller_server-8] [INFO] [1789661317.105313423] [controller_server]: Passing new path to controller.
[controller_server-8] [INFO] [1789661318.105309929] [controller_server]: Passing new path to controller.
[controller_server-8] [INFO] [1789661319.105335728] [controller_server]: Passing new path to controller.
[controller_server-8] [INFO] [1789661320.205293266] [controller_server]: Passing new path to controller.
[controller_server-8] [INFO] [1789661321.205475421] [controller_server]: Passing new path to controller.
[controller_server-8] [INFO] [1789661322.205285757] [controller_server]: Passing new path to controller.
[controller_server-8] [INFO] [1789661323.205302585] [controller_server]: Passing new path to controller.
[controller_server-8] [INFO] [1789661324.205293706] [controller_server]: Passing new path to controller.
[controller_server-8] [INFO] [1789661325.305314199] [controller_server]: Passing new path to controller.
[controller_server-8] [INFO] [1789661326.206640024] [controller_server]: Reached the goal!
[controller_server-8] [INFO] [1789661326.206974624] [controller_server]: Optimizer reset
[bt_navigator-13] [INFO] [1789661326.234726118] [bt_navigator]: Goal succeeded
[mission_executor-22] [INFO] [1789661358.937224427] [mission_executor]: [20] DELIVER done: delivered 3 units | measured 9.8 m, 56 s, 0.16 Wh, battery 84.1 -> 83.3 %
[mission_executor-22] [INFO] [1789661358.938833215] [mission_executor]: shift over
[mission_executor-22] [INFO] [1789661358.976449900] [mission_executor]: MISSION COMPLETE
[mission_executor-22] run_id: run_20260917_174825
[mission_executor-22] scenario: balanced
[mission_executor-22] seed: 1
[mission_executor-22] plan: ''
[mission_executor-22] ended_by: plan_finished
[mission_executor-22] actions: 20
[mission_executor-22] succeeded: 20
[mission_executor-22] failed: 0
[mission_executor-22] sim_duration_s: 1224.9
[mission_executor-22] distance_m: 256.6
[mission_executor-22] energy_drawn_wh: 3.652
[mission_executor-22] energy_charged_wh: 0.0
[mission_executor-22] battery_end_percent: 83.34
[mission_executor-22] delivered_units:
[mission_executor-22]   A: 8
[mission_executor-22]   B: 11
[mission_executor-22]   C: 1
[mission_executor-22] model: ppo
[mission_executor-22] planner: ThetaStar
[mission_executor-22] decisions:
[mission_executor-22]   asked: 20
[mission_executor-22]   answered_by_model: 19
[mission_executor-22]   fallback: 1
[mission_executor-22]   mean_latency_ms: 8.1
[mission_executor-22] navigation:
[mission_executor-22]   drives: 20
[mission_executor-22]   drive_attempt_failures: 0
[mission_executor-22]   timeouts: 0
[mission_executor-22]   recovered_after_retry: 0
[mission_executor-22]   goals_abandoned: 0
[mission_executor-22]   returned_to_charger: 0
[mission_executor-22] prediction_error_percent (non-charge actions, total measured vs predicted):
[mission_executor-22]   duration: -3.8
[mission_executor-22]   distance: -1.5
[mission_executor-22]   energy: -2.7
[mission_executor-22] 
[smoother_server-9] [INFO] [1789661364.279196393] [rclcpp]: signal_handler(SIGINT/SIGTERM)
[smoother_server-9] [INFO] [1789661364.279397841] [smoother_server]: Running Nav2 LifecycleNode rcl preshutdown (smoother_server)
[smoother_server-9] [INFO] [1789661364.279758527] [smoother_server]: Deactivating
[smoother_server-9] [INFO] [1789661364.279825843] [smoother_server]: Destroying bond (smoother_server) to lifecycle manager.
[waypoint_follower-14] [INFO] [1789661364.279203695] [rclcpp]: signal_handler(SIGINT/SIGTERM)
[waypoint_follower-14] [INFO] [1789661364.279374135] [waypoint_follower]: Running Nav2 LifecycleNode rcl preshutdown (waypoint_follower)
[waypoint_follower-14] [INFO] [1789661364.279930168] [waypoint_follower]: Deactivating
[waypoint_follower-14] [INFO] [1789661364.280010387] [waypoint_follower]: Destroying bond (waypoint_follower) to lifecycle manager.
[behavior_server-12] [INFO] [1789661364.279201194] [rclcpp]: signal_handler(SIGINT/SIGTERM)
[behavior_server-12] [INFO] [1789661364.279415745] [behavior_server]: Running Nav2 LifecycleNode rcl preshutdown (behavior_server)
[behavior_server-12] [INFO] [1789661364.279754526] [behavior_server]: Deactivating
[behavior_server-12] [INFO] [1789661364.279951873] [behavior_server]: Destroying bond (behavior_server) to lifecycle manager.
[robot_state_publisher-2] [INFO] [1789661364.279227200] [rclcpp]: signal_handler(SIGINT/SIGTERM)
[parameter_bridge-4] [INFO] [1789661364.279359732] [rclcpp]: signal_handler(SIGINT/SIGTERM)
[velocity_smoother-15] [INFO] [1789661364.279396041] [rclcpp]: signal_handler(SIGINT/SIGTERM)
[velocity_smoother-15] [INFO] [1789661364.279599689] [velocity_smoother]: Running Nav2 LifecycleNode rcl preshutdown (velocity_smoother)
[velocity_smoother-15] [INFO] [1789661364.279770630] [velocity_smoother]: Deactivating
[velocity_smoother-15] [INFO] [1789661364.279920166] [velocity_smoother]: Destroying bond (velocity_smoother) to lifecycle manager.
[collision_monitor-16] [INFO] [1789661364.279618194] [rclcpp]: signal_handler(SIGINT/SIGTERM)
[collision_monitor-16] [INFO] [1789661364.279709515] [collision_monitor]: Running Nav2 LifecycleNode rcl preshutdown (collision_monitor)
[collision_monitor-16] [INFO] [1789661364.279768129] [collision_monitor]: Deactivating
[collision_monitor-16] [INFO] [1789661364.279802738] [collision_monitor]: Destroying bond (collision_monitor) to lifecycle manager.
[planner_server-10] [INFO] [1789661364.279658203] [rclcpp]: signal_handler(SIGINT/SIGTERM)
[planner_server-10] [INFO] [1789661364.279710416] [planner_server]: Running Nav2 LifecycleNode rcl preshutdown (planner_server)
[planner_server-10] [INFO] [1789661364.279913364] [planner_server]: Deactivating
[planner_server-10] [INFO] [1789661364.279971478] [global_costmap.global_costmap]: Deactivating
[lifecycle_manager-18] [INFO] [1789661364.280269449] [rclcpp]: signal_handler(SIGINT/SIGTERM)
[lifecycle_manager-18] [INFO] [1789661364.280441190] [lifecycle_manager_navigation]: Running Nav2 LifecycleManager rcl preshutdown (lifecycle_manager_navigation)
[lifecycle_manager-18] [INFO] [1789661364.280538613] [lifecycle_manager_navigation]: [34m[1mTerminating bond timer...[0m[0m
[lifecycle_manager-7] [INFO] [1789661364.280374374] [rclcpp]: signal_handler(SIGINT/SIGTERM)
[lifecycle_manager-7] [INFO] [1789661364.280451292] [lifecycle_manager_localization]: Running Nav2 LifecycleManager rcl preshutdown (lifecycle_manager_localization)
[lifecycle_manager-7] [INFO] [1789661364.280560518] [lifecycle_manager_localization]: [34m[1mTerminating bond timer...[0m[0m
[controller_server-8] [INFO] [1789661364.280825182] [rclcpp]: signal_handler(SIGINT/SIGTERM)
[controller_server-8] [INFO] [1789661364.280875994] [controller_server]: Running Nav2 LifecycleNode rcl preshutdown (controller_server)
[controller_server-8] [INFO] [1789661364.281175265] [controller_server]: Deactivating
[controller_server-8] [INFO] [1789661364.281655880] [MPPIController]: Deactivated MPPI Controller: FollowPath
[controller_server-8] [INFO] [1789661364.281722396] [local_costmap.local_costmap]: Deactivating
[map_server-5] [INFO] [1789661364.281990560] [rclcpp]: signal_handler(SIGINT/SIGTERM)
[map_server-5] [INFO] [1789661364.282132894] [map_server]: Running Nav2 LifecycleNode rcl preshutdown (map_server)
[map_server-5] [INFO] [1789661364.282744039] [map_server]: Deactivating
[map_server-5] [INFO] [1789661364.282781048] [map_server]: Destroying bond (map_server) to lifecycle manager.
[bt_navigator-13] [INFO] [1789661364.282215313] [rclcpp]: signal_handler(SIGINT/SIGTERM)
[bt_navigator-13] [INFO] [1789661364.282268526] [bt_navigator]: Running Nav2 LifecycleNode rcl preshutdown (bt_navigator)
[bt_navigator-13] [INFO] [1789661364.282404158] [bt_navigator]: Deactivating
[bt_navigator-13] [INFO] [1789661364.282519486] [bt_navigator]: Destroying bond (bt_navigator) to lifecycle manager.
[route_server-11] [INFO] [1789661364.282422863] [rclcpp]: signal_handler(SIGINT/SIGTERM)
[route_server-11] [INFO] [1789661364.282598505] [route_server]: Running Nav2 LifecycleNode rcl preshutdown (route_server)
[route_server-11] [INFO] [1789661364.282800153] [route_server]: Deactivating
[route_server-11] [INFO] [1789661364.282840462] [route_server]: Destroying bond (route_server) to lifecycle manager.
[opennav_docking-17] [INFO] [1789661364.283861506] [rclcpp]: signal_handler(SIGINT/SIGTERM)
[opennav_docking-17] [INFO] [1789661364.284116267] [docking_server]: Running Nav2 LifecycleNode rcl preshutdown (docking_server)
[opennav_docking-17] [INFO] [1789661364.284420939] [docking_server]: Deactivating docking_server
[amcl-6] [INFO] [1789661364.284419639] [rclcpp]: signal_handler(SIGINT/SIGTERM)
[amcl-6] [INFO] [1789661364.285044288] [amcl]: Running Nav2 LifecycleNode rcl preshutdown (amcl)
[amcl-6] [INFO] [1789661364.285462088] [amcl]: Deactivating
[amcl-6] [INFO] [1789661364.285572914] [amcl]: Destroying bond (amcl) to lifecycle manager.
[waypoint_follower-14] [INFO] [1789661364.294305697] [waypoint_follower]: Cleaning up
[velocity_smoother-15] [INFO] [1789661364.294310399] [velocity_smoother]: Cleaning up
[velocity_smoother-15] [INFO] [1789661364.294352709] [velocity_smoother]: Destroying bond (velocity_smoother) to lifecycle manager.
[bt_navigator-13] [INFO] [1789661364.295158001] [bt_navigator]: Cleaning up
[behavior_server-12] [INFO] [1789661364.295880273] [behavior_server]: Cleaning up
[route_server-11] [INFO] [1789661364.297523565] [route_server]: Cleaning up
[map_server-5] [INFO] [1789661364.297817335] [map_server]: Cleaning up
[map_server-5] [INFO] [1789661364.297891553] [map_server]: Destroying bond (map_server) to lifecycle manager.
[python-19] INFO:     Shutting down
[amcl-6] [INFO] [1789661364.299629167] [amcl]: Cleaning up
[smoother_server-9] [INFO] [1789661364.307843127] [smoother_server]: Cleaning up
[amcl-6] [INFO] [1789661364.314567331] [amcl]: Destroying bond (amcl) to lifecycle manager.
[collision_monitor-16] [INFO] [1789661364.317716182] [collision_monitor]: Cleaning up
[collision_monitor-16] [INFO] [1789661364.317763294] [collision_monitor]: [FootprintApproach]: Destroying Polygon
[collision_monitor-16] [INFO] [1789661364.317785299] [collision_monitor]: [scan]: Destroying Scan
[velocity_smoother-15] [INFO] [1789661364.323436347] [velocity_smoother]: Destroying
[map_server-5] [INFO] [1789661364.330818908] [map_server]: Destroying
[opennav_docking-17] [INFO] [1789661364.341457746] [docking_server]: Destroying bond (docking_server) to lifecycle manager.
[collision_monitor-16] [INFO] [1789661364.345146926] [collision_monitor]: Destroying bond (collision_monitor) to lifecycle manager.
[opennav_docking-17] [INFO] [1789661364.354472851] [docking_server]: Cleaning up docking_server
[smoother_server-9] [INFO] [1789661364.355110703] [smoother_server]: Destroying bond (smoother_server) to lifecycle manager.
[behavior_server-12] [INFO] [1789661364.360302342] [behavior_server]: Destroying bond (behavior_server) to lifecycle manager.
[amcl-6] [INFO] [1789661364.360523194] [amcl]: Destroying
[smoother_server-9] [INFO] [1789661364.364040334] [smoother_server]: Destroying
[lifecycle_manager-7] [INFO] [1789661364.364363511] [lifecycle_manager_localization]: Destroying lifecycle_manager_localization
[waypoint_follower-14] [INFO] [1789661364.389141722] [waypoint_follower]: Destroying bond (waypoint_follower) to lifecycle manager.
[collision_monitor-16] [INFO] [1789661364.390665485] [collision_monitor]: Destroying
[waypoint_follower-14] [INFO] [1789661364.396286426] [waypoint_follower]: Destroying
[python-19] INFO:     Waiting for application shutdown.
[python-19] INFO:     Application shutdown complete.
[python-19] INFO:     Finished server process [409268]
[route_server-11] [INFO] [1789661364.418031114] [route_server]: Destroying bond (route_server) to lifecycle manager.
[controller_server-8] [INFO] [1789661364.418463817] [controller_server]: Destroying bond (controller_server) to lifecycle manager.
[opennav_docking-17] [INFO] [1789661364.421850725] [docking_server]: Destroying bond (docking_server) to lifecycle manager.
[controller_server-8] [INFO] [1789661364.429798821] [controller_server]: Cleaning up
[controller_server-8] [INFO] [1789661364.430872377] [MPPIController]: Cleaned up MPPI Controller: FollowPath
[controller_server-8] [INFO] [1789661364.431194454] [local_costmap.local_costmap]: Cleaning up
[route_server-11] [INFO] [1789661364.452026624] [route_server]: Destroying
[opennav_docking-17] [INFO] [1789661364.458741526] [docking_server]: Destroying
[behavior_server-12] [INFO] [1789661364.502296616] [behavior_server]: Destroying
[INFO] [parameter_bridge-4]: process has finished cleanly [pid 408916]
[INFO] [robot_state_publisher-2]: process has finished cleanly [pid 408913]
[controller_server-8] [INFO] [1789661364.541496668] [controller_server]: Destroying bond (controller_server) to lifecycle manager.
[controller_server-8] [INFO] [1789661364.549390251] [local_costmap.local_costmap]: Destroying
[factory_node-20] Traceback (most recent call last):
[factory_node-20]   File "/home/robojazzy/robofetch_ws_copy/robofetch_ws/install/robofetch_factory/lib/robofetch_factory/factory_node", line 33, in <module>
[factory_node-20]     sys.exit(load_entry_point('robofetch-factory', 'console_scripts', 'factory_node')())
[factory_node-20]              ^^^^^^^^^^^^^^^^^^^^^^^^^^^^^^^^^^^^^^^^^^^^^^^^^^^^^^^^^^^^^^^^^^^^^^^^^^
[factory_node-20]   File "/home/robojazzy/robofetch_ws_copy/robofetch_ws/build/robofetch_factory/robofetch_factory/factory_node.py", line 155, in main
[factory_node-20]     rclpy.spin(node)
[factory_node-20]   File "/opt/ros/jazzy/lib/python3.12/site-packages/rclpy/__init__.py", line 247, in spin
[factory_node-20]     executor.spin_once()
[factory_node-20]   File "/opt/ros/jazzy/lib/python3.12/site-packages/rclpy/executors.py", line 926, in spin_once
[factory_node-20]     self._spin_once_impl(timeout_sec)
[factory_node-20]   File "/opt/ros/jazzy/lib/python3.12/site-packages/rclpy/executors.py", line 907, in _spin_once_impl
[factory_node-20]     handler, entity, node = self.wait_for_ready_callbacks(
[factory_node-20]                             ^^^^^^^^^^^^^^^^^^^^^^^^^^^^^^
[factory_node-20]   File "/opt/ros/jazzy/lib/python3.12/site-packages/rclpy/executors.py", line 877, in wait_for_ready_callbacks
[factory_node-20]     return next(self._cb_iter)
[factory_node-20]            ^^^^^^^^^^^^^^^^^^^
[factory_node-20]   File "/opt/ros/jazzy/lib/python3.12/site-packages/rclpy/executors.py", line 785, in _wait_for_ready_callbacks
[factory_node-20]     raise ExternalShutdownException()
[factory_node-20] rclpy.executors.ExternalShutdownException
[INFO] [map_server-5]: process has finished cleanly [pid 408917]
[robot_state_node-21] Traceback (most recent call last):
[robot_state_node-21]   File "/home/robojazzy/robofetch_ws_copy/robofetch_ws/install/robofetch_core/lib/robofetch_core/robot_state_node", line 33, in <module>
[robot_state_node-21]     sys.exit(load_entry_point('robofetch-core', 'console_scripts', 'robot_state_node')())
[robot_state_node-21]              ^^^^^^^^^^^^^^^^^^^^^^^^^^^^^^^^^^^^^^^^^^^^^^^^^^^^^^^^^^^^^^^^^^^^^^^^^^^
[robot_state_node-21]   File "/home/robojazzy/robofetch_ws_copy/robofetch_ws/build/robofetch_core/robofetch_core/robot_state_node.py", line 186, in main
[robot_state_node-21]     rclpy.spin(node)
[robot_state_node-21]   File "/opt/ros/jazzy/lib/python3.12/site-packages/rclpy/__init__.py", line 247, in spin
[robot_state_node-21]     executor.spin_once()
[robot_state_node-21]   File "/opt/ros/jazzy/lib/python3.12/site-packages/rclpy/executors.py", line 926, in spin_once
[robot_state_node-21]     self._spin_once_impl(timeout_sec)
[robot_state_node-21]   File "/opt/ros/jazzy/lib/python3.12/site-packages/rclpy/executors.py", line 907, in _spin_once_impl
[robot_state_node-21]     handler, entity, node = self.wait_for_ready_callbacks(
[robot_state_node-21]                             ^^^^^^^^^^^^^^^^^^^^^^^^^^^^^^
[robot_state_node-21]   File "/opt/ros/jazzy/lib/python3.12/site-packages/rclpy/executors.py", line 877, in wait_for_ready_callbacks
[robot_state_node-21]     return next(self._cb_iter)
[robot_state_node-21]            ^^^^^^^^^^^^^^^^^^^
[robot_state_node-21]   File "/opt/ros/jazzy/lib/python3.12/site-packages/rclpy/executors.py", line 785, in _wait_for_ready_callbacks
[robot_state_node-21]     raise ExternalShutdownException()
[robot_state_node-21] rclpy.executors.ExternalShutdownException
[INFO] [amcl-6]: process has finished cleanly [pid 408918]
[controller_server-8] [INFO] [1789661364.581200140] [controller_server]: Destroying
[INFO] [velocity_smoother-15]: process has finished cleanly [pid 408929]
[INFO] [lifecycle_manager-7]: process has finished cleanly [pid 408919]
[INFO] [smoother_server-9]: process has finished cleanly [pid 408921]
[INFO] [waypoint_follower-14]: process has finished cleanly [pid 408926]
[INFO] [collision_monitor-16]: process has finished cleanly [pid 408930]
[lifecycle_manager-18] [INFO] [1789661364.610296781] [lifecycle_manager_navigation]: Destroying lifecycle_manager_navigation
[INFO] [route_server-11]: process has finished cleanly [pid 408923]
[INFO] [opennav_docking-17]: process has finished cleanly [pid 408931]
[mission_executor-22] Traceback (most recent call last):
[mission_executor-22]   File "/home/robojazzy/robofetch_ws_copy/robofetch_ws/install/robofetch_core/lib/robofetch_core/mission_executor", line 33, in <module>
[mission_executor-22]     sys.exit(load_entry_point('robofetch-core', 'console_scripts', 'mission_executor')())
[mission_executor-22]              ^^^^^^^^^^^^^^^^^^^^^^^^^^^^^^^^^^^^^^^^^^^^^^^^^^^^^^^^^^^^^^^^^^^^^^^^^^^
[mission_executor-22]   File "/home/robojazzy/robofetch_ws_copy/robofetch_ws/build/robofetch_core/robofetch_core/mission_executor.py", line 716, in main
[mission_executor-22]     executor.spin()
[mission_executor-22]   File "/opt/ros/jazzy/lib/python3.12/site-packages/rclpy/executors.py", line 359, in spin
[mission_executor-22]     self._spin_once_impl()
[mission_executor-22]   File "/opt/ros/jazzy/lib/python3.12/site-packages/rclpy/executors.py", line 907, in _spin_once_impl
[mission_executor-22]     handler, entity, node = self.wait_for_ready_callbacks(
[mission_executor-22]                             ^^^^^^^^^^^^^^^^^^^^^^^^^^^^^^
[mission_executor-22]   File "/opt/ros/jazzy/lib/python3.12/site-packages/rclpy/executors.py", line 877, in wait_for_ready_callbacks
[mission_executor-22]     return next(self._cb_iter)
[mission_executor-22]            ^^^^^^^^^^^^^^^^^^^
[mission_executor-22]   File "/opt/ros/jazzy/lib/python3.12/site-packages/rclpy/executors.py", line 785, in _wait_for_ready_callbacks
[mission_executor-22]     raise ExternalShutdownException()
[mission_executor-22] rclpy.executors.ExternalShutdownException
[bt_navigator-13] [INFO] [1789661364.646525124] [bt_navigator]: Completed Cleaning up
[bt_navigator-13] [INFO] [1789661364.646589239] [bt_navigator]: Destroying bond (bt_navigator) to lifecycle manager.
[bt_navigator-13] [INFO] [1789661364.663701821] [bt_navigator]: Destroying
[INFO] [behavior_server-12]: process has finished cleanly [pid 408924]
[INFO] [controller_server-8]: process has finished cleanly [pid 408920]
[INFO] [lifecycle_manager-18]: process has finished cleanly [pid 408932]
[gazebo-1] [1;36m[Dbg] [GpuLidarSensor.cc:164] [0m[1;36mLidar points for [[0m[1;36mrobofetch::base_footprint::lidar[0m[1;36m] advertised on [[0m[1;36mscan/points[0m[1;36m][0m[1;36m[0m
[gazebo-1] [1;36m[Dbg] [SignalHandler.cc:142] [0m[1;36mReceived signal[[0m[1;36m2[0m[1;36m].[0m
[gazebo-1] [1;36m[Dbg] [ServerPrivate.cc:122] [0m[1;36mServer received signal[[0m[1;36m2[0m[1;36m][0m
[gazebo-1] [1;36m[Dbg] [Sensors.cc:565] [0m[1;36mSensorsPrivate::Stop[0m[1;36m[0m
[gazebo-1] [1;36m[Dbg] [Sensors.cc:551] [0m[1;36mSensorsPrivate::RenderThread stopped[0m[1;36m[0m
[gazebo-1] [1;36m[Dbg] [gz.cc:434] [0m[1;36mShutting down gz-sim-server[0m[1;36m[0m
[gazebo-1] [1;36m[Dbg] [SimulationRunner.cc:578] [0m[1;36mExiting postupdate worker thread ([0m[1;36m0[0m[1;36m)[0m[1;36m[0m
[gazebo-1] [1;36m[Dbg] [SimulationRunner.cc:578] [Dbg] [SimulationRunner.cc:578] [0m[1;36mExiting postupdate worker thread ([0m[1;36m4[0m[1;36m)[0m[1;36m[0m
[gazebo-1] [1;36m[Dbg] [SimulationRunner.cc:578] [0m[1;36mExiting postupdate worker thread ([0m[1;36m2[0m[1;36m)[0m[1;36m[0m
[gazebo-1] [1;36mExiting postupdate worker thread ([0m[1;36m1[0m[1;36m)[0m[1;36m[0m
[gazebo-1] [1;36m[Dbg] [SimulationRunner.cc:578] [Dbg] [SimulationRunner.cc:578] [0m[1;36mExiting postupdate worker thread ([0m[1;36m3[0m[1;36m)[0m[1;36m[0m
[gazebo-1] [1;36mExiting postupdate worker thread ([0m[1;36m5[0m[1;36m)[0m[1;36m[0m
[gazebo-1] [1;36m[Dbg] [Sensors.cc:565] [0m[1;36mSensorsPrivate::Stop[0m[1;36m[0m
[INFO] [bt_navigator-13]: process has finished cleanly [pid 408925]
[ERROR] [robot_state_node-21]: process has died [pid 409312, exit code 1, cmd '/home/robojazzy/robofetch_ws_copy/robofetch_ws/install/robofetch_core/lib/robofetch_core/robot_state_node --ros-args -r __node:=robot_state_node --params-file /tmp/launch_params_l40uz_ud --params-file /tmp/launch_params_yeatu8sr'].
[ERROR] [factory_node-20]: process has died [pid 409311, exit code 1, cmd '/home/robojazzy/robofetch_ws_copy/robofetch_ws/install/robofetch_factory/lib/robofetch_factory/factory_node --ros-args -r __node:=factory --params-file /tmp/launch_params_sylj15_u'].
[INFO] [gazebo-1]: process has finished cleanly [pid 408912]
[ERROR] [mission_executor-22]: process has died [pid 409343, exit code 1, cmd '/home/robojazzy/robofetch_ws_copy/robofetch_ws/install/robofetch_core/lib/robofetch_core/mission_executor --ros-args -r __node:=mission_executor --params-file /tmp/launch_params_vqv8f0mi --params-file /tmp/launch_params_i45fkn66'].
[planner_server-10] [INFO] [1789661365.150764146] [planner_server]: Deactivating plugin SmacLattice of type SmacPlannerLattice
[planner_server-10] [INFO] [1789661365.150903179] [planner_server]: Deactivating plugin ThetaStar of type nav2_theta_star_planner
[planner_server-10] [INFO] [1789661365.150973196] [planner_server]: Deactivating plugin NavfnAStar of type NavfnPlanner
[planner_server-10] [INFO] [1789661365.151080422] [planner_server]: Deactivating plugin Smac2D of type SmacPlanner2D
[planner_server-10] [INFO] [1789661365.151096325] [planner_server]: Deactivating plugin NavfnDijkstra of type NavfnPlanner
[planner_server-10] [INFO] [1789661365.151102627] [planner_server]: Deactivating plugin GridBased of type nav2_theta_star_planner
[planner_server-10] [INFO] [1789661365.151150338] [planner_server]: Destroying bond (planner_server) to lifecycle manager.
[planner_server-10] [INFO] [1789661365.161360869] [planner_server]: Cleaning up
[planner_server-10] [INFO] [1789661365.167050724] [global_costmap.global_costmap]: Cleaning up
[planner_server-10] [INFO] [1789661365.171364151] [planner_server]: Cleaning up plugin SmacLattice of type SmacPlannerLattice
[planner_server-10] [INFO] [1789661365.172021807] [planner_server]: CleaningUp plugin ThetaStar of type nav2_theta_star_planner
[planner_server-10] [INFO] [1789661365.172042112] [planner_server]: Cleaning up plugin NavfnAStar of type NavfnPlanner
[planner_server-10] [INFO] [1789661365.172479917] [planner_server]: Cleaning up plugin Smac2D of type SmacPlanner2D
[planner_server-10] [INFO] [1789661365.172867309] [planner_server]: Cleaning up plugin NavfnDijkstra of type NavfnPlanner
[planner_server-10] [INFO] [1789661365.172936725] [planner_server]: CleaningUp plugin GridBased of type nav2_theta_star_planner
[planner_server-10] [INFO] [1789661365.173085261] [planner_server]: Destroying plugin SmacLattice of type SmacPlannerLattice
[planner_server-10] [INFO] [1789661365.173183584] [planner_server]: Destroying plugin NavfnAStar of type NavfnPlanner
[planner_server-10] [INFO] [1789661365.173241198] [planner_server]: Destroying plugin Smac2D of type SmacPlanner2D
[planner_server-10] [INFO] [1789661365.173265404] [planner_server]: Destroying plugin NavfnDijkstra of type NavfnPlanner
[planner_server-10] [INFO] [1789661365.179944494] [planner_server]: Destroying bond (planner_server) to lifecycle manager.
[planner_server-10] [INFO] [1789661365.183915739] [global_costmap.global_costmap]: Destroying
[planner_server-10] [INFO] [1789661365.189808942] [planner_server]: Destroying
[INFO] [planner_server-10]: process has finished cleanly [pid 408922]
[INFO] [python-19]: process has finished cleanly [pid 409268]
