
  config   : config/run.yaml
  scenario : low_battery_start - Robot starts with 30 % battery while the buffers are already half full.
  model    : ns
  planner  : NavfnDijkstra
  view     : headless
  shift    : 1200.0 s simulated
  seed     : 5000     dashboard: false     build: false

[run] 1/3  sourcing ROS 2 Jazzy ...
[run] 2/3  skipping build (build: false)
[run] 3/3  sourcing the workspace and launching ...

  The robot starts on the blue charger (south-west) and begins by itself after ~30 s.
  Sections: A red (north-west), B yellow (north-east), C purple (south-east);
  delivery point green (south-centre).
  Watch it:  http://localhost:8000   (read-only dashboard: model, planner, live results)
  Results:   logs/<run_id>_mission_summary.yaml when the shift ends
  Stop:      Ctrl+C here, then ./scripts/stop.sh

[INFO] [launch]: All log files can be found below /home/robojazzy/.ros/log/2026-09-20-14-01-29-494214-DESKTOP-NOCCT0U-82697
[INFO] [launch]: Default logging verbosity is set to INFO
[INFO] [gazebo-1]: process started with pid [82756]
[INFO] [robot_state_publisher-2]: process started with pid [82757]
[INFO] [create-3]: process started with pid [82758]
[INFO] [parameter_bridge-4]: process started with pid [82760]
[INFO] [map_server-5]: process started with pid [82761]
[INFO] [amcl-6]: process started with pid [82762]
[INFO] [lifecycle_manager-7]: process started with pid [82763]
[INFO] [controller_server-8]: process started with pid [82766]
[INFO] [smoother_server-9]: process started with pid [82767]
[INFO] [planner_server-10]: process started with pid [82768]
[INFO] [route_server-11]: process started with pid [82769]
[INFO] [behavior_server-12]: process started with pid [82770]
[INFO] [bt_navigator-13]: process started with pid [82771]
[INFO] [waypoint_follower-14]: process started with pid [82772]
[INFO] [velocity_smoother-15]: process started with pid [82773]
[INFO] [collision_monitor-16]: process started with pid [82776]
[INFO] [opennav_docking-17]: process started with pid [82777]
[INFO] [lifecycle_manager-18]: process started with pid [82780]
[robot_state_publisher-2] [INFO] [1789905690.700274819] [robot_state_publisher]: Robot initialized
[waypoint_follower-14] [INFO] [1789905690.802304308] [waypoint_follower]: 
[waypoint_follower-14] 	waypoint_follower lifecycle node launched. 
[waypoint_follower-14] 	Waiting on external lifecycle transitions to activate
[waypoint_follower-14] 	See https://design.ros2.org/articles/node_lifecycle.html for more information.
[waypoint_follower-14] [INFO] [1789905690.815567909] [waypoint_follower]: Creating
[create-3] [INFO] [1789905690.815901567] [ros_gz_sim]: Requesting list of world names.
[smoother_server-9] [INFO] [1789905690.843678140] [smoother_server]: 
[smoother_server-9] 	smoother_server lifecycle node launched. 
[smoother_server-9] 	Waiting on external lifecycle transitions to activate
[smoother_server-9] 	See https://design.ros2.org/articles/node_lifecycle.html for more information.
[controller_server-8] [INFO] [1789905690.844768206] [controller_server]: 
[controller_server-8] 	controller_server lifecycle node launched. 
[controller_server-8] 	Waiting on external lifecycle transitions to activate
[controller_server-8] 	See https://design.ros2.org/articles/node_lifecycle.html for more information.
[smoother_server-9] [INFO] [1789905690.847455659] [smoother_server]: Creating smoother server
[map_server-5] [INFO] [1789905690.854912457] [map_server]: 
[map_server-5] 	map_server lifecycle node launched. 
[map_server-5] 	Waiting on external lifecycle transitions to activate
[map_server-5] 	See https://design.ros2.org/articles/node_lifecycle.html for more information.
[map_server-5] [INFO] [1789905690.855052489] [map_server]: Creating
[controller_server-8] [INFO] [1789905690.860506261] [controller_server]: Creating controller server
[lifecycle_manager-7] [INFO] [1789905690.885032107] [lifecycle_manager_localization]: Creating
[planner_server-10] [INFO] [1789905690.886382471] [planner_server]: 
[planner_server-10] 	planner_server lifecycle node launched. 
[planner_server-10] 	Waiting on external lifecycle transitions to activate
[planner_server-10] 	See https://design.ros2.org/articles/node_lifecycle.html for more information.
[planner_server-10] [INFO] [1789905690.890778727] [planner_server]: Creating
[lifecycle_manager-7] [INFO] [1789905690.903646127] [lifecycle_manager_localization]: [34m[1mCreating and initializing lifecycle service clients[0m[0m
[route_server-11] [INFO] [1789905690.921040277] [route_server]: 
[route_server-11] 	route_server lifecycle node launched. 
[route_server-11] 	Waiting on external lifecycle transitions to activate
[route_server-11] 	See https://design.ros2.org/articles/node_lifecycle.html for more information.
[behavior_server-12] [INFO] [1789905690.933045065] [behavior_server]: 
[behavior_server-12] 	behavior_server lifecycle node launched. 
[behavior_server-12] 	Waiting on external lifecycle transitions to activate
[behavior_server-12] 	See https://design.ros2.org/articles/node_lifecycle.html for more information.
[lifecycle_manager-18] [INFO] [1789905690.952551592] [lifecycle_manager_navigation]: Creating
[planner_server-10] [INFO] [1789905690.959343829] [global_costmap.global_costmap]: 
[planner_server-10] 	global_costmap lifecycle node launched. 
[planner_server-10] 	Waiting on external lifecycle transitions to activate
[planner_server-10] 	See https://design.ros2.org/articles/node_lifecycle.html for more information.
[planner_server-10] [INFO] [1789905690.960541181] [global_costmap.global_costmap]: Creating Costmap
[collision_monitor-16] [INFO] [1789905690.964152215] [collision_monitor]: 
[collision_monitor-16] 	collision_monitor lifecycle node launched. 
[collision_monitor-16] 	Waiting on external lifecycle transitions to activate
[collision_monitor-16] 	See https://design.ros2.org/articles/node_lifecycle.html for more information.
[bt_navigator-13] [INFO] [1789905690.979813764] [bt_navigator]: 
[bt_navigator-13] 	bt_navigator lifecycle node launched. 
[bt_navigator-13] 	Waiting on external lifecycle transitions to activate
[bt_navigator-13] 	See https://design.ros2.org/articles/node_lifecycle.html for more information.
[lifecycle_manager-18] [INFO] [1789905690.981179174] [lifecycle_manager_navigation]: [34m[1mCreating and initializing lifecycle service clients[0m[0m
[bt_navigator-13] [INFO] [1789905690.990635558] [bt_navigator]: Creating
[controller_server-8] [INFO] [1789905690.992070099] [local_costmap.local_costmap]: 
[controller_server-8] 	local_costmap lifecycle node launched. 
[controller_server-8] 	Waiting on external lifecycle transitions to activate
[controller_server-8] 	See https://design.ros2.org/articles/node_lifecycle.html for more information.
[controller_server-8] [INFO] [1789905690.992909012] [local_costmap.local_costmap]: Creating Costmap
[amcl-6] [INFO] [1789905690.994418879] [amcl]: 
[amcl-6] 	amcl lifecycle node launched. 
[amcl-6] 	Waiting on external lifecycle transitions to activate
[amcl-6] 	See https://design.ros2.org/articles/node_lifecycle.html for more information.
[lifecycle_manager-7] [INFO] [1789905690.994991200] [lifecycle_manager_localization]: [34m[1mStarting managed nodes bringup...[0m[0m
[lifecycle_manager-7] [INFO] [1789905690.995031813] [lifecycle_manager_localization]: [34m[1mConfiguring map_server[0m[0m
[amcl-6] [INFO] [1789905690.995175484] [amcl]: Creating
[map_server-5] [INFO] [1789905690.997236136] [map_server]: Configuring
[map_server-5] [INFO] [1789905690.997306939] [map_io]: Loading yaml file: /home/robojazzy/robofetch_ws_copy/robofetch_ws/install/robofetch_nav/share/robofetch_nav/maps/factory_maze.yaml
[map_server-5] [INFO] [1789905690.997625748] [map_io]: resolution: 0.05
[map_server-5] [INFO] [1789905690.997640498] [map_io]: origin[0]: -7.75
[map_server-5] [INFO] [1789905690.997657117] [map_io]: origin[1]: -5.5
[map_server-5] [INFO] [1789905690.997664001] [map_io]: origin[2]: 0
[map_server-5] [INFO] [1789905690.997669803] [map_io]: free_thresh: 0.196
[map_server-5] [INFO] [1789905690.997675309] [map_io]: occupied_thresh: 0.65
[map_server-5] [INFO] [1789905690.997681603] [map_io]: mode: trinary
[map_server-5] [INFO] [1789905690.997690355] [map_io]: negate: 0
[map_server-5] [INFO] [1789905690.998026078] [map_io]: Loading image_file: /home/robojazzy/robofetch_ws_copy/robofetch_ws/install/robofetch_nav/share/robofetch_nav/maps/factory_maze.pgm
[velocity_smoother-15] [INFO] [1789905690.998621705] [velocity_smoother]: 
[velocity_smoother-15] 	velocity_smoother lifecycle node launched. 
[velocity_smoother-15] 	Waiting on external lifecycle transitions to activate
[velocity_smoother-15] 	See https://design.ros2.org/articles/node_lifecycle.html for more information.
[map_server-5] [INFO] [1789905690.999922704] [map_io]: Read map /home/robojazzy/robofetch_ws_copy/robofetch_ws/install/robofetch_nav/share/robofetch_nav/maps/factory_maze.pgm: 310 X 220 map @ 0.05 m/cell
[lifecycle_manager-7] [INFO] [1789905691.025923507] [lifecycle_manager_localization]: [34m[1mConfiguring amcl[0m[0m
[amcl-6] [INFO] [1789905691.027655124] [amcl]: Configuring
[amcl-6] [INFO] [1789905691.028629349] [amcl]: initTransforms
[opennav_docking-17] [INFO] [1789905691.044040434] [docking_server]: 
[opennav_docking-17] 	docking_server lifecycle node launched. 
[opennav_docking-17] 	Waiting on external lifecycle transitions to activate
[opennav_docking-17] 	See https://design.ros2.org/articles/node_lifecycle.html for more information.
[opennav_docking-17] [INFO] [1789905691.044217932] [docking_server]: Creating docking_server
[amcl-6] [INFO] [1789905691.057212679] [amcl]: initPubSub
[amcl-6] [INFO] [1789905691.078363500] [amcl]: Subscribed to map topic.
[lifecycle_manager-7] [INFO] [1789905691.087319447] [lifecycle_manager_localization]: [34m[1mActivating map_server[0m[0m
[map_server-5] [INFO] [1789905691.088579242] [map_server]: Activating
[map_server-5] [INFO] [1789905691.088997568] [map_server]: Creating bond (map_server) to lifecycle manager.
[lifecycle_manager-7] [INFO] [1789905691.197606985] [lifecycle_manager_localization]: Server map_server connected with bond.
[lifecycle_manager-7] [INFO] [1789905691.197668938] [lifecycle_manager_localization]: [34m[1mActivating amcl[0m[0m
[amcl-6] [INFO] [1789905691.197987845] [amcl]: Activating
[amcl-6] [INFO] [1789905691.198020886] [amcl]: initialPoseReceived
[amcl-6] [INFO] [1789905691.198094245] [amcl]: Setting pose (0.000000): -5.225 -2.975 0.000
[amcl-6] [INFO] [1789905691.198657717] [amcl]: Creating bond (amcl) to lifecycle manager.
[amcl-6] [INFO] [1789905691.298824113] [amcl]: Received a 310 X 220 map @ 0.050 m/pix
[lifecycle_manager-7] [INFO] [1789905691.311719048] [lifecycle_manager_localization]: Server amcl connected with bond.
[lifecycle_manager-7] [INFO] [1789905691.311775788] [lifecycle_manager_localization]: [34m[1mManaged nodes are active[0m[0m
[lifecycle_manager-7] [INFO] [1789905691.311792604] [lifecycle_manager_localization]: [34m[1mCreating bond timer...[0m[0m
[gazebo-1] [1;32m[Msg] [0m[1;32mGazebo Sim Server v[0m[1;32m8.11.0[0m[1;32m[0m
[gazebo-1] [1;32m[Msg] [0m[1;32mLoading SDF world file[[0m[1;32m/home/robojazzy/robofetch_ws_copy/robofetch_ws/install/robofetch_gazebo/share/robofetch_gazebo/worlds/factory_maze.sdf[0m[1;32m].[0m
[gazebo-1] [1;32m[Msg] [0m[1;32mServing entity system service on [[0m[1;32m/[0m[1;32mentity/system/add[0m[1;32m][0m[1;32m[0m
[gazebo-1] [1;36m[Dbg] [Physics.cc:906] [0m[1;36mLoaded [[0m[1;36mgz::physics::dartsim::Plugin[0m[1;36m] from library [[0m[1;36m/opt/ros/jazzy/opt/gz_physics_vendor/lib/gz-physics-7/engine-plugins/libgz-physics-dartsim-plugin.so[0m[1;36m][0m[1;36m[0m
[gazebo-1] [1;36m[Dbg] [SystemManager.cc:80] [0m[1;36mLoaded system [[0m[1;36mgz::sim::systems::Physics[0m[1;36m] for entity [[0m[1;36m1[0m[1;36m][0m[1;36m[0m
[gazebo-1] [1;36m[Dbg] [SystemManager.cc:80] [0m[1;36mLoaded system [[0m[1;36mgz::sim::systems::SceneBroadcaster[0m[1;36m] for entity [[0m[1;36m1[0m[1;36m][0m[1;36m[0m
[gazebo-1] [1;32m[Msg] [0m[1;32mCreate[0m[1;32m service on [[0m[1;32m/world/factory_maze/create_multiple[0m[1;32m] (async)[0m[1;32m[0m
[gazebo-1] [1;32m[Msg] [0m[1;32mCreate[0m[1;32m service on [[0m[1;32m/world/factory_maze/create_multiple/blocking[0m[1;32m] (blocking)[0m[1;32m[0m
[gazebo-1] [1;32m[Msg] [0m[1;32mRemove[0m[1;32m service on [[0m[1;32m/world/factory_maze/remove[0m[1;32m] (async)[0m[1;32m[0m
[gazebo-1] [1;32m[Msg] [0m[1;32mRemove[0m[1;32m service on [[0m[1;32m/world/factory_maze/remove/blocking[0m[1;32m] (blocking)[0m[1;32m[0m
[gazebo-1] [1;32m[Msg] [0m[1;32mPose[0m[1;32m service on [[0m[1;32m/world/factory_maze/set_pose[0m[1;32m] (async)[0m[1;32m[0m
[gazebo-1] [1;32m[Msg] [0m[1;32mPose[0m[1;32m service on [[0m[1;32m/world/factory_maze/set_pose/blocking[0m[1;32m] (blocking)[0m[1;32m[0m
[gazebo-1] [1;32m[Msg] [0m[1;32mPose[0m[1;32m service on [[0m[1;32m/world/factory_maze/set_pose_vector[0m[1;32m] (async)[0m[1;32m[0m
[gazebo-1] [1;32m[Msg] [0m[1;32mPose[0m[1;32m service on [[0m[1;32m/world/factory_maze/set_pose_vector/blocking[0m[1;32m] (blocking)[0m[1;32m[0m
[gazebo-1] [1;32m[Msg] [0m[1;32mLight configuration[0m[1;32m service on [[0m[1;32m/world/factory_maze/light_config[0m[1;32m] (async)[0m[1;32m[0m
[gazebo-1] [1;32m[Msg] [0m[1;32mLight configuration[0m[1;32m service on [[0m[1;32m/world/factory_maze/light_config/blocking[0m[1;32m] (blocking)[0m[1;32m[0m
[gazebo-1] [1;32m[Msg] [0m[1;32mPhysics[0m[1;32m service on [[0m[1;32m/world/factory_maze/set_physics[0m[1;32m] (async)[0m[1;32m[0m
[gazebo-1] [1;32m[Msg] [0m[1;32mPhysics[0m[1;32m service on [[0m[1;32m/world/factory_maze/set_physics/blocking[0m[1;32m] (blocking)[0m[1;32m[0m
[gazebo-1] [1;32m[Msg] [0m[1;32mSphericalCoordinates[0m[1;32m service on [[0m[1;32m/world/factory_maze/set_spherical_coordinates[0m[1;32m] (async)[0m[1;32m[0m
[gazebo-1] [1;32m[Msg] [0m[1;32mSphericalCoordinates[0m[1;32m service on [[0m[1;32m/world/factory_maze/set_spherical_coordinates/blocking[0m[1;32m] (blocking)[0m[1;32m[0m
[gazebo-1] [1;32m[Msg] [0m[1;32mEnable collision[0m[1;32m service on [[0m[1;32m/world/factory_maze/enable_collision[0m[1;32m] (async)[0m[1;32m[0m
[gazebo-1] [1;32m[Msg] [0m[1;32mEnable collision[0m[1;32m service on [[0m[1;32m/world/factory_maze/enable_collision/blocking[0m[1;32m] (blocking)[0m[1;32m[0m
[gazebo-1] [1;32m[Msg] [0m[1;32mDisable collision[0m[1;32m service on [[0m[1;32m/world/factory_maze/disable_collision[0m[1;32m] (async)[0m[1;32m[0m
[gazebo-1] [1;32m[Msg] [0m[1;32mDisable collision[0m[1;32m service on [[0m[1;32m/world/factory_maze/disable_collision/blocking[0m[1;32m] (blocking)[0m[1;32m[0m
[gazebo-1] [1;32m[Msg] [0m[1;32mMaterial[0m[1;32m service on [[0m[1;32m/world/factory_maze/visual_config[0m[1;32m] (async)[0m[1;32m[0m
[gazebo-1] [1;32m[Msg] [0m[1;32mMaterial[0m[1;32m service on [[0m[1;32m/world/factory_maze/visual_config/blocking[0m[1;32m] (blocking)[0m[1;32m[0m
[gazebo-1] [1;32m[Msg] [0m[1;32mMaterial[0m[1;32m service on [[0m[1;32m/world/factory_maze/wheel_slip[0m[1;32m] (async)[0m[1;32m[0m
[create-3] [INFO] [1789905691.730702069] [ros_gz_sim]: Waiting messages on topic [/robot_description].
[create-3] [INFO] [1789905691.743905684] [ros_gz_sim]: Entity creation successful.
[INFO] [create-3]: process has finished cleanly [pid 82758]
[parameter_bridge-4] [INFO] [1789905691.959593411] [ros_gz_bridge]: Creating ROS->GZ Bridge: [cmd_vel (geometry_msgs/msg/Twist) -> cmd_vel (gz.msgs.Twist)] (Lazy 0)
[parameter_bridge-4] [INFO] [1789905691.965080126] [ros_gz_bridge]: Creating GZ->ROS Bridge: [odom (gz.msgs.Odometry) -> odom (nav_msgs/msg/Odometry)] (Lazy 0)
[parameter_bridge-4] [INFO] [1789905691.972712259] [ros_gz_bridge]: Creating GZ->ROS Bridge: [tf (gz.msgs.Pose_V) -> tf (tf2_msgs/msg/TFMessage)] (Lazy 0)
[parameter_bridge-4] [INFO] [1789905691.981695937] [ros_gz_bridge]: Creating GZ->ROS Bridge: [joint_states (gz.msgs.Model) -> joint_states (sensor_msgs/msg/JointState)] (Lazy 0)
[parameter_bridge-4] [INFO] [1789905691.986488393] [ros_gz_bridge]: Creating GZ->ROS Bridge: [scan (gz.msgs.LaserScan) -> scan (sensor_msgs/msg/LaserScan)] (Lazy 0)
[parameter_bridge-4] [INFO] [1789905691.991159697] [ros_gz_bridge]: Creating GZ->ROS Bridge: [clock (gz.msgs.Clock) -> clock (rosgraph_msgs/msg/Clock)] (Lazy 0)
[parameter_bridge-4] [INFO] [1789905691.997533706] [ros_gz_bridge]: Creating GZ->ROS Bridge: [/model/robofetch/pose (gz.msgs.Pose) -> /model/robofetch/pose (geometry_msgs/msg/Pose)] (Lazy 0)
[lifecycle_manager-18] [INFO] [1789905692.357804799] [lifecycle_manager_navigation]: [34m[1mStarting managed nodes bringup...[0m[0m
[lifecycle_manager-18] [INFO] [1789905692.357883370] [lifecycle_manager_navigation]: [34m[1mConfiguring controller_server[0m[0m
[controller_server-8] [INFO] [1789905692.361874477] [controller_server]: Configuring controller interface
[controller_server-8] [INFO] [1789905692.361900635] [controller_server]: getting progress checker plugins..
[controller_server-8] [INFO] [1789905692.362138610] [controller_server]: getting goal checker plugins..
[controller_server-8] [INFO] [1789905692.362249633] [controller_server]: Controller frequency set to 10.0000Hz
[controller_server-8] [INFO] [1789905692.362289656] [local_costmap.local_costmap]: Configuring
[controller_server-8] [INFO] [1789905692.397040193] [local_costmap.local_costmap]: Using plugin "voxel_layer"
[controller_server-8] [INFO] [1789905692.402411067] [local_costmap.local_costmap]: Subscribed to Topics: scan
[controller_server-8] [INFO] [1789905692.429043095] [local_costmap.local_costmap]: Initialized plugin "voxel_layer"
[controller_server-8] [INFO] [1789905692.429104458] [local_costmap.local_costmap]: Using plugin "inflation_layer"
[controller_server-8] [INFO] [1789905692.430268080] [local_costmap.local_costmap]: Initialized plugin "inflation_layer"
[controller_server-8] [INFO] [1789905692.471802102] [controller_server]: Created progress_checker : progress_checker of type nav2_controller::SimpleProgressChecker
[controller_server-8] [INFO] [1789905692.472902199] [controller_server]: Controller Server has progress_checker  progress checkers available.
[controller_server-8] [INFO] [1789905692.474476279] [controller_server]: Created goal checker : general_goal_checker of type nav2_controller::SimpleGoalChecker
[controller_server-8] [INFO] [1789905692.475152445] [controller_server]: Controller Server has general_goal_checker  goal checkers available.
[controller_server-8] [INFO] [1789905692.477467004] [controller_server]: Created controller : FollowPath of type nav2_mppi_controller::MPPIController
[controller_server-8] [INFO] [1789905692.492701967] [controller_server]: Controller period is equal to model dt. Control sequence shifting is ON
[controller_server-8] [INFO] [1789905692.497127723] [controller_server]: ConstraintCritic instantiated with 1 power and 4.000000 weight.
[controller_server-8] [INFO] [1789905692.497189282] [controller_server]: Critic loaded : mppi::critics::ConstraintCritic
[controller_server-8] [INFO] [1789905692.501768739] [controller_server]: InflationCostCritic instantiated with 1 power and 300.000000 / 0.015000 weights. Critic will collision check based on circular cost.
[controller_server-8] [INFO] [1789905692.501823612] [controller_server]: Critic loaded : mppi::critics::CostCritic
[controller_server-8] [INFO] [1789905692.504118011] [controller_server]: GoalCritic instantiated with 1 power and 5.000000 weight.
[controller_server-8] [INFO] [1789905692.504172785] [controller_server]: Critic loaded : mppi::critics::GoalCritic
[controller_server-8] [INFO] [1789905692.504525717] [controller_server]: GoalAngleCritic instantiated with 1 power, 3.000000 weight, 0.500000 angular threshold and symmetric_yaw_tolerance disabled
[controller_server-8] [INFO] [1789905692.504543319] [controller_server]: Critic loaded : mppi::critics::GoalAngleCritic
[controller_server-8] [INFO] [1789905692.504886712] [controller_server]: ReferenceTrajectoryCritic instantiated with 1 power and 14.000000 weight
[controller_server-8] [INFO] [1789905692.504902839] [controller_server]: Critic loaded : mppi::critics::PathAlignCritic
[controller_server-8] [INFO] [1789905692.505110035] [controller_server]: Critic loaded : mppi::critics::PathFollowCritic
[controller_server-8] [INFO] [1789905692.505501810] [controller_server]: PathAngleCritic instantiated with 1 power and 2.000000 weight. Mode set to: Forward Preference
[controller_server-8] [INFO] [1789905692.505520297] [controller_server]: Critic loaded : mppi::critics::PathAngleCritic
[controller_server-8] [INFO] [1789905692.505743916] [controller_server]: PreferForwardCritic instantiated with 1 power and 5.000000 weight.
[controller_server-8] [INFO] [1789905692.505760535] [controller_server]: Critic loaded : mppi::critics::PreferForwardCritic
[controller_server-8] [INFO] [1789905692.508335391] [controller_server]: Optimizer reset
[controller_server-8] [INFO] [1789905692.518971722] [MPPIController]: Configured MPPI Controller: FollowPath
[controller_server-8] [INFO] [1789905692.519050981] [controller_server]: Controller Server has FollowPath  controllers available.
[lifecycle_manager-18] [INFO] [1789905692.535686657] [lifecycle_manager_navigation]: [34m[1mConfiguring smoother_server[0m[0m
[smoother_server-9] [INFO] [1789905692.536010186] [smoother_server]: Configuring smoother server
[smoother_server-9] [INFO] [1789905692.565478648] [smoother_server]: Created smoother : simple_smoother of type nav2_smoother::SimpleSmoother
[smoother_server-9] [INFO] [1789905692.567745611] [smoother_server]: Smoother Server has simple_smoother  smoothers available.
[lifecycle_manager-18] [INFO] [1789905692.594757614] [lifecycle_manager_navigation]: [34m[1mConfiguring planner_server[0m[0m
[planner_server-10] [INFO] [1789905692.595115266] [planner_server]: Configuring
[planner_server-10] [INFO] [1789905692.595148701] [global_costmap.global_costmap]: Configuring
[planner_server-10] [INFO] [1789905692.615693273] [global_costmap.global_costmap]: Using plugin "static_layer"
[planner_server-10] [INFO] [1789905692.620791065] [global_costmap.global_costmap]: Subscribing to the map topic (/map) with transient local durability
[planner_server-10] [INFO] [1789905692.625516750] [global_costmap.global_costmap]: Initialized plugin "static_layer"
[planner_server-10] [INFO] [1789905692.626019153] [global_costmap.global_costmap]: Using plugin "obstacle_layer"
[planner_server-10] [INFO] [1789905692.629821158] [global_costmap.global_costmap]: Subscribed to Topics: scan
[planner_server-10] [INFO] [1789905692.645098603] [global_costmap.global_costmap]: Initialized plugin "obstacle_layer"
[planner_server-10] [INFO] [1789905692.645161932] [global_costmap.global_costmap]: Using plugin "inflation_layer"
[planner_server-10] [INFO] [1789905692.649370855] [global_costmap.global_costmap]: Initialized plugin "inflation_layer"
[planner_server-10] [INFO] [1789905692.726028899] [global_costmap.global_costmap]: StaticLayer: Resizing costmap to 310 X 220 at 0.050000 m/pix
[planner_server-10] [INFO] [1789905692.726744301] [planner_server]: Created global planner plugin GridBased of type nav2_navfn_planner::NavfnPlanner
[planner_server-10] [INFO] [1789905692.726773704] [planner_server]: Configuring plugin GridBased of type NavfnPlanner
[planner_server-10] [INFO] [1789905692.727396865] [planner_server]: Created global planner plugin NavfnDijkstra of type nav2_navfn_planner::NavfnPlanner
[planner_server-10] [INFO] [1789905692.727415648] [planner_server]: Configuring plugin NavfnDijkstra of type NavfnPlanner
[planner_server-10] [INFO] [1789905692.727801227] [planner_server]: Created global planner plugin NavfnAStar of type nav2_navfn_planner::NavfnPlanner
[planner_server-10] [INFO] [1789905692.727818240] [planner_server]: Configuring plugin NavfnAStar of type NavfnPlanner
[planner_server-10] [INFO] [1789905692.736431580] [planner_server]: Created global planner plugin Smac2D of type nav2_smac_planner::SmacPlanner2D
[planner_server-10] [INFO] [1789905692.736493139] [planner_server]: Configuring Smac2D of type SmacPlanner2D
[planner_server-10] [INFO] [1789905692.745529526] [planner_server]: Configured plugin Smac2D of type SmacPlanner2D with tolerance 0.25, maximum iterations 1000000, max on approach iterations 1000, and allowing unknown traversal.
[planner_server-10] [INFO] [1789905692.746984422] [planner_server]: Created global planner plugin ThetaStar of type nav2_theta_star_planner::ThetaStarPlanner
[planner_server-10] [INFO] [1789905692.751963816] [planner_server]: Created global planner plugin SmacLattice of type nav2_smac_planner::SmacPlannerLattice
[planner_server-10] [INFO] [1789905692.752028424] [planner_server]: Configuring SmacLattice of type SmacPlannerLattice
[planner_server-10] [INFO] [1789905692.759176837] [planner_server]: Even sized heuristic lookup table size set 400.000000, increasing size by 1 to make odd
[gazebo-1] [1;32m[Msg] [0m[1;32mMaterial[0m[1;32m service on [[0m[1;32m/world/factory_maze/wheel_slip/blocking[0m[1;32m] (blocking)[0m[1;32m[0m
[gazebo-1] [1;36m[Dbg] [SystemManager.cc:80] [0m[1;36mLoaded system [[0m[1;36mgz::sim::systems::UserCommands[0m[1;36m] for entity [[0m[1;36m1[0m[1;36m][0m[1;36m[0m
[gazebo-1] [1;36m[Dbg] [SystemManager.cc:80] [0m[1;36mLoaded system [[0m[1;36mgz::sim::systems::Contact[0m[1;36m] for entity [[0m[1;36m1[0m[1;36m][0m[1;36m[0m
[gazebo-1] [1;36m[Dbg] [Sensors.cc:697] [0m[1;36mConfiguring Sensors system[0m[1;36m[0m
[gazebo-1] [1;36m[Dbg] [Sensors.cc:557] [0m[1;36mSensorsPrivate::Run[0m[1;36m[0m
[gazebo-1] [1;36m[Dbg] [SystemManager.cc:80] [0m[1;36mLoaded system [[0m[1;36mgz::sim::systems::Sensors[0m[1;36m] for entity [[0m[1;36m1[0m[1;36m][0m[1;36m[0m
[gazebo-1] [1;36m[Dbg] [Sensors.cc:532] [0m[1;36mSensorsPrivate::RenderThread started[0m[1;36m[0m
[gazebo-1] [1;36m[Dbg] [Sensors.cc:337] [0m[1;36mWaiting for init[0m[1;36m[0m
[gazebo-1] [1;32m[Msg] [0m[1;32mLoaded level [[0m[1;32mdefault[0m[1;32m][0m[1;32m[0m
[gazebo-1] [1;32m[Msg] [0m[1;32mServing world controls on [[0m[1;32m/world/factory_maze[0m[1;32m/control], [[0m[1;32m/world/factory_maze[0m[1;32m/control/state] and [[0m[1;32m/world/factory_maze[0m[1;32m/playback/control][0m[1;32m[0m
[gazebo-1] [1;32m[Msg] [0m[1;32mServing GUI information on [[0m[1;32m/world/factory_maze[0m[1;32m/[0m[1;32mgui/info[0m[1;32m][0m[1;32m[0m
[gazebo-1] [1;32m[Msg] [0m[1;32mWorld [[0m[1;32mfactory_maze[0m[1;32m] initialized with [[0m[1;32mstep[0m[1;32m] physics profile.[0m[1;32m[0m
[gazebo-1] [1;32m[Msg] [0m[1;32mServing world SDF generation service on [[0m[1;32m/world/factory_maze[0m[1;32m/[0m[1;32mgenerate_world_sdf[0m[1;32m][0m[1;32m[0m
[gazebo-1] [1;32m[Msg] [0m[1;32mServing world names on [[0m[1;32m/gazebo/worlds[0m[1;32m][0m[1;32m[0m
[gazebo-1] [1;32m[Msg] [0m[1;32mResource path add service on [[0m[1;32m/gazebo/resource_paths/add[0m[1;32m].[0m[1;32m[0m
[gazebo-1] [1;32m[Msg] [0m[1;32mResource path get service on [[0m[1;32m/gazebo/resource_paths/get[0m[1;32m].[0m[1;32m[0m
[gazebo-1] [1;32m[Msg] [0m[1;32mResource path resolve service on [[0m[1;32m/gazebo/resource_paths/resolve[0m[1;32m].[0m[1;32m[0m
[gazebo-1] [1;32m[Msg] [0m[1;32mResource paths published on [[0m[1;32m/gazebo/resource_paths[0m[1;32m].[0m[1;32m[0m
[gazebo-1] [1;32m[Msg] [0m[1;32mServer control service on [[0m[1;32m/server_control[0m[1;32m].[0m[1;32m[0m
[gazebo-1] [1;32m[Msg] [0m[1;32mFound no publishers on /stats, adding root stats topic[0m[1;32m[0m
[gazebo-1] [1;32m[Msg] [0m[1;32mFound no publishers on /clock, adding root clock topic[0m[1;32m[0m
[gazebo-1] [1;36m[Dbg] [SimulationRunner.cc:551] [0m[1;36mCreating PostUpdate worker threads: [0m[1;36m4[0m[1;36m[0m
[gazebo-1] [1;36m[Dbg] [SimulationRunner.cc:562] [0m[1;36mCreating postupdate worker thread ([0m[1;36m0[0m[1;36m)[0m[1;36m[0m
[gazebo-1] [1;36m[Dbg] [SimulationRunner.cc:562] [0m[1;36mCreating postupdate worker thread ([0m[1;36m1[0m[1;36m)[0m[1;36m[0m
[gazebo-1] [1;36m[Dbg] [SimulationRunner.cc:562] [0m[1;36mCreating postupdate worker thread ([0m[1;36m2[0m[1;36m)[0m[1;36m[0m
[gazebo-1] [1;33mWarning [Utils.cc:132][0m [/sdf/model[@name="robofetch"]/link[@name="base_footprint"]/sensor[@name="lidar"]/gz_frame_id:<urdf-string>:L0]: XML Element[gz_frame_id], child of element[sensor], not defined in SDF. Copying[gz_frame_id] as children of [sensor].
[planner_server-10] [INFO] [1789905693.301573031] [planner_server]: Configured plugin SmacLattice of type SmacPlannerLattice with maximum iterations 1000000, max on approach iterations 1000, and allowing unknown traversal. Tolerance 0.25. Using motion model: State Lattice. State lattice file: /opt/ros/jazzy/share/nav2_smac_planner/sample_primitives/5cm_resolution/0.5m_turning_radius/diff/output.json.
[planner_server-10] [INFO] [1789905693.301660846] [planner_server]: Planner Server has GridBased NavfnDijkstra NavfnAStar Smac2D ThetaStar SmacLattice  planners available.
[lifecycle_manager-18] [INFO] [1789905693.329212719] [lifecycle_manager_navigation]: [34m[1mConfiguring route_server[0m[0m
[route_server-11] [INFO] [1789905693.329751311] [route_server]: Configuring
[route_server-11] [INFO] [1789905693.401323363] [route_server]: Created GraphFileLoader GeoJsonGraphFileLoader of type nav2_route::GeoJsonGraphFileLoader
[route_server-11] [INFO] [1789905693.401391904] [route_server]: Configuring geojson graph file loader
[route_server-11] [INFO] [1789905693.401438024] [route_server]: Loading graph file from /opt/ros/jazzy/share/nav2_route/graphs/sample_graph.geojson, by parser nav2_route::GeoJsonGraphFileLoader
[route_server-11] [INFO] [1789905693.411070530] [route_server]: Created edge cost function plugin DistanceScorer of type nav2_route::DistanceScorer
[route_server-11] [INFO] [1789905693.411172604] [route_server]: Configuring distance scorer.
[route_server-11] [INFO] [1789905693.411802846] [route_server]: Created edge cost function plugin CostmapScorer of type nav2_route::CostmapScorer
[route_server-11] [INFO] [1789905693.411826348] [route_server]: Configuring costmap scorer.
[route_server-11] [INFO] [1789905693.416240993] [route_server]: Created route operation AdjustSpeedLimit of type nav2_route::AdjustSpeedLimit
[route_server-11] [INFO] [1789905693.416349950] [route_server]: Configuring Adjust speed limit operation.
[route_server-11] [INFO] [1789905693.421065309] [route_server]: Created route operation ReroutingService of type nav2_route::ReroutingService
[route_server-11] [INFO] [1789905693.421119985] [route_server]: Configuring Rerouting service operation.
[route_server-11] [INFO] [1789905693.427469115] [route_server]: Created route operation CollisionMonitor of type nav2_route::CollisionMonitor
[route_server-11] [INFO] [1789905693.427689882] [route_server]: Using costmap topic: local_costmap/costmap_raw instead of server costmap topic: global_costmap/costmap_raw for CollisionMonitor.
[lifecycle_manager-18] [INFO] [1789905693.435575332] [lifecycle_manager_navigation]: [34m[1mConfiguring behavior_server[0m[0m
[behavior_server-12] [INFO] [1789905693.436099763] [behavior_server]: Configuring
[behavior_server-12] [INFO] [1789905693.445105272] [behavior_server]: Creating behavior plugin spin of type nav2_behaviors::Spin
[behavior_server-12] [INFO] [1789905693.448679921] [behavior_server]: Creating behavior plugin backup of type nav2_behaviors::BackUp
[behavior_server-12] [INFO] [1789905693.450986417] [behavior_server]: Creating behavior plugin drive_on_heading of type nav2_behaviors::DriveOnHeading
[behavior_server-12] [INFO] [1789905693.453088666] [behavior_server]: Creating behavior plugin assisted_teleop of type nav2_behaviors::AssistedTeleop
[behavior_server-12] [INFO] [1789905693.457295327] [behavior_server]: Creating behavior plugin wait of type nav2_behaviors::Wait
[behavior_server-12] [INFO] [1789905693.475417662] [behavior_server]: Configuring spin
[behavior_server-12] [INFO] [1789905693.502398886] [behavior_server]: Configuring backup
[behavior_server-12] [INFO] [1789905693.520762146] [behavior_server]: Configuring drive_on_heading
[behavior_server-12] [INFO] [1789905693.539202110] [behavior_server]: Configuring assisted_teleop
[behavior_server-12] [INFO] [1789905693.569956427] [behavior_server]: Configuring wait
[lifecycle_manager-18] [INFO] [1789905693.591533342] [lifecycle_manager_navigation]: [34m[1mConfiguring velocity_smoother[0m[0m
[velocity_smoother-15] [INFO] [1789905693.591933672] [velocity_smoother]: Configuring velocity smoother
[lifecycle_manager-18] [INFO] [1789905693.601230553] [lifecycle_manager_navigation]: [34m[1mConfiguring collision_monitor[0m[0m
[collision_monitor-16] [INFO] [1789905693.601816544] [collision_monitor]: Configuring
[collision_monitor-16] [INFO] [1789905693.622508327] [collision_monitor]: [scan]: Creating Scan
[collision_monitor-16] [INFO] [1789905693.627347492] [collision_monitor]: [FootprintApproach]: Creating Polygon
[collision_monitor-16] [INFO] [1789905693.627755591] [collision_monitor]: [FootprintApproach]: Polygon points are not defined. Using dynamic subscription instead.
[collision_monitor-16] [INFO] [1789905693.628880862] [collision_monitor]: [FootprintApproach]: Making footprint subscriber on /local_costmap/published_footprint topic
[INFO] [python-19]: process started with pid [83164]
[lifecycle_manager-18] [INFO] [1789905693.655919514] [lifecycle_manager_navigation]: [34m[1mConfiguring bt_navigator[0m[0m
[bt_navigator-13] [INFO] [1789905693.656346395] [bt_navigator]: Configuring
[bt_navigator-13] [INFO] [1789905693.671997029] [bt_navigator]: Creating navigator id navigate_to_pose of type nav2_bt_navigator::NavigateToPoseNavigator
[bt_navigator-13] [INFO] [1789905693.819830236] [bt_navigator]: Creating navigator id navigate_through_poses of type nav2_bt_navigator::NavigateThroughPosesNavigator
[lifecycle_manager-18] [INFO] [1789905693.882725816] [lifecycle_manager_navigation]: [34m[1mConfiguring waypoint_follower[0m[0m
[waypoint_follower-14] [INFO] [1789905693.883188295] [waypoint_follower]: Configuring
[waypoint_follower-14] [INFO] [1789905693.946892598] [waypoint_follower]: Created waypoint_task_executor : wait_at_waypoint of type nav2_waypoint_follower::WaitAtWaypoint
[lifecycle_manager-18] [INFO] [1789905693.948940565] [lifecycle_manager_navigation]: [34m[1mConfiguring docking_server[0m[0m
[gazebo-1] [1;32m[Msg] [0m[1;32mDiffDrive subscribing to twist messages on [[0m[1;32mcmd_vel[0m[1;32m][0m[1;32m[0m
[gazebo-1] [1;36m[Dbg] [SystemManager.cc:80] [0m[1;36mLoaded system [[0m[1;36mgz::sim::systems::DiffDrive[0m[1;36m] for entity [[0m[1;36m129[0m[1;36m][0m[1;36m[0m
[gazebo-1] [1;36m[Dbg] [SystemManager.cc:80] [0m[1;36mLoaded system [[0m[1;36mgz::sim::systems::JointStatePublisher[0m[1;36m] for entity [[0m[1;36m129[0m[1;36m][0m[1;36m[0m
[gazebo-1] [1;36m[Dbg] [SystemManager.cc:80] [0m[1;36mLoaded system [[0m[1;36mgz::sim::systems::PosePublisher[0m[1;36m] for entity [[0m[1;36m129[0m[1;36m][0m[1;36m[0m
[gazebo-1] [1;36m[Dbg] [UserCommands.cc:1094] [0m[1;36mCreated entity [[0m[1;36m129[0m[1;36m] named [[0m[1;36mrobofetch[0m[1;36m][0m[1;36m[0m
[gazebo-1] [1;36m[Dbg] [SimulationFeatures.cc:90] [0m[1;36mSimulation timestep set to: [0m[1;36m0.004[0m[1;36m[0m
[gazebo-1] [1;36m[Dbg] [Sensors.cc:953] [0m[1;36mInitialization needed[0m[1;36m[0m
[gazebo-1] [1;36m[Dbg] [Sensors.cc:349] [0m[1;36mInitializing render context[0m[1;36m[0m
[gazebo-1] [1;32m[Msg] [0m[1;32mLoading plugin [[0m[1;32mgz-rendering-ogre2[0m[1;32m][0m[1;32m[0m
[gazebo-1] [1;32m[Msg] [0m[1;32mServing scene information on [[0m[1;32m/world/factory_maze[0m[1;32m/[0m[1;32mscene/info[0m[1;32m][0m[1;32m[0m
[gazebo-1] [1;32m[Msg] [0m[1;32mServing graph information on [[0m[1;32m/world/factory_maze[0m[1;32m/[0m[1;32mscene/graph[0m[1;32m][0m[1;32m[0m
[gazebo-1] [1;32m[Msg] [0m[1;32mServing full state on [[0m[1;32m/world/factory_maze[0m[1;32m/[0m[1;32mstate[0m[1;32m][0m[1;32m[0m
[gazebo-1] [1;32m[Msg] [0m[1;32mServing full state (async) on [[0m[1;32m/world/factory_maze[0m[1;32m/[0m[1;32mstate_async[0m[1;32m][0m[1;32m[0m
[gazebo-1] [1;32m[Msg] [0m[1;32mPublishing scene information on [[0m[1;32m/world/factory_maze/scene/info[0m[1;32m][0m[1;32m[0m
[gazebo-1] [1;32m[Msg] [0m[1;32mPublishing entity deletions on [[0m[1;32m/world/factory_maze/scene/deletion[0m[1;32m][0m[1;32m[0m
[gazebo-1] [1;32m[Msg] [0m[1;32mPublishing state changes on [[0m[1;32m/world/factory_maze/state[0m[1;32m][0m[1;32m[0m
[gazebo-1] [1;32m[Msg] [0m[1;32mPublishing pose messages on [[0m[1;32m/world/factory_maze[0m[1;32m/[0m[1;32mpose/info[0m[1;32m][0m[1;32m[0m
[gazebo-1] [1;32m[Msg] [0m[1;32mPublishing dynamic pose messages on [[0m[1;32m/world/factory_maze[0m[1;32m/[0m[1;32mdynamic_pose/info[0m[1;32m][0m[1;32m[0m
[gazebo-1] [1;36m[Dbg] [SimulationRunner.cc:578] [0m[1;36mExiting postupdate worker thread ([0m[1;36m2[Dbg] [SimulationRunner.cc:578] [0m[1;36m2[0m[1;36mExiting postupdate worker thread ([0m[1;36m0[0m[1;36m)[0m[1;36m[0m
[gazebo-1] [1;36m)[0m[1;36m[0m
[gazebo-1] [1;36m[Dbg] [SimulationRunner.cc:578] [0m[1;36mExiting postupdate worker thread ([0m[1;36m1[0m[1;36m)[0m[1;36m[0m
[gazebo-1] [1;36m[Dbg] [SimulationRunner.cc:551] [0m[1;36mCreating PostUpdate worker threads: [0m[1;36m7[0m[1;36m[0m
[gazebo-1] [1;36m[Dbg] [SimulationRunner.cc:562] [0m[1;36mCreating postupdate worker thread ([0m[1;36m0[0m[1;36m)[0m[1;36m[0m
[gazebo-1] [1;36m[Dbg] [SimulationRunner.cc:562] [0m[1;36mCreating postupdate worker thread ([0m[1;36m1[0m[1;36m)[0m[1;36m[0m
[gazebo-1] [1;36m[Dbg] [SimulationRunner.cc:562] [0m[1;36mCreating postupdate worker thread ([0m[1;36m2[0m[1;36m)[0m[1;36m[0m
[gazebo-1] [1;36m[Dbg] [SimulationRunner.cc:562] [0m[1;36mCreating postupdate worker thread ([0m[1;36m3[0m[1;36m)[0m[1;36m[0m
[gazebo-1] [1;36m[Dbg] [SimulationRunner.cc:562] [0m[1;36mCreating postupdate worker thread ([0m[1;36m4[0m[1;36m)[0m[1;36m[0m
[gazebo-1] [1;36m[Dbg] [SimulationRunner.cc:562] [0m[1;36mCreating postupdate worker thread ([0m[1;36m5[0m[1;36m)[0m[1;36m[0m
[gazebo-1] [1;36m[Dbg] [RenderUtil.cc:2646] [0m[1;36mCreate scene [[0m[1;36mscene[0m[1;36m][0m[1;36m[0m
[gazebo-1] [1;36m[Dbg] [Sensors.cc:391] [0m[1;36mRendering Thread initialized[0m[1;36m[0m
[gazebo-1] [1;36m[Dbg] [Sensors.cc:953] [0m[1;36mInitialization needed[0m[1;36m[0m
[gazebo-1] [1;36m[Dbg] [Lidar.cc:139] [0m[1;36mLaser scans for [[0m[1;36mrobofetch::base_footprint::lidar[0m[1;36m] advertised on [[0m[1;36mscan[0m[1;36m][0m[1;36m[0m
[opennav_docking-17] [INFO] [1789905693.949452508] [docking_server]: Configuring docking_server
[opennav_docking-17] [INFO] [1789905693.949515837] [docking_server]: Controller frequency set to 50.0000Hz
[opennav_docking-17] [INFO] [1789905694.016968747] [docking_server]: Created charging dock plugin simple_charging_dock of type opennav_docking::SimpleChargingDock
[opennav_docking-17] [WARN] [1789905694.030789526] [docking_server]: Dock database filepath nor dock parameters set. Docking actions can only be executed specifying the dock pose via the action request. Or update the dock database via the reload_database service.
[opennav_docking-17] [INFO] [1789905694.030839382] [docking_server]: Docking Server has 1 dock types and 0 dock instances available.
[lifecycle_manager-18] [INFO] [1789905694.034147047] [lifecycle_manager_navigation]: [34m[1mActivating controller_server[0m[0m
[controller_server-8] [INFO] [1789905694.034523776] [controller_server]: Activating
[controller_server-8] [INFO] [1789905694.034563209] [local_costmap.local_costmap]: Activating
[controller_server-8] [INFO] [1789905694.034577861] [local_costmap.local_costmap]: Checking transform
[controller_server-8] [INFO] [1789905694.034621130] [local_costmap.local_costmap]: Timed out waiting for transform from base_footprint to odom to become available, tf error: Invalid frame ID "odom" passed to canTransform argument target_frame - frame does not exist
[amcl-6] [INFO] [1789905694.202230210] [amcl]: createLaserObject
[python-19] INFO:     Started server process [83164]
[python-19] INFO:     Waiting for application startup.
[python-19] INFO:     Application startup complete.
[python-19] INFO:     Uvicorn running on http://0.0.0.0:8001 (Press CTRL+C to quit)
[controller_server-8] [INFO] [1789905694.534835161] [local_costmap.local_costmap]: start
[controller_server-8] [WARN] [1789905694.736591383] [controller_server]: Parameter controller_server.verbose not found
[controller_server-8] [INFO] [1789905694.737119452] [controller_server]: Optimizer reset
[controller_server-8] [INFO] [1789905694.737615169] [MPPIController]: Activated MPPI Controller: FollowPath
[controller_server-8] [INFO] [1789905694.737646342] [controller_server]: Creating bond (controller_server) to lifecycle manager.
[lifecycle_manager-18] [INFO] [1789905694.848300875] [lifecycle_manager_navigation]: Server controller_server connected with bond.
[lifecycle_manager-18] [INFO] [1789905694.848368039] [lifecycle_manager_navigation]: [34m[1mActivating smoother_server[0m[0m
[smoother_server-9] [INFO] [1789905694.848757454] [smoother_server]: Activating
[smoother_server-9] [INFO] [1789905694.848788528] [smoother_server]: Creating bond (smoother_server) to lifecycle manager.
[lifecycle_manager-18] [INFO] [1789905695.541458231] [lifecycle_manager_navigation]: Server smoother_server connected with bond.
[lifecycle_manager-18] [INFO] [1789905695.541510546] [lifecycle_manager_navigation]: [34m[1mActivating planner_server[0m[0m
[planner_server-10] [INFO] [1789905695.542147868] [planner_server]: Activating
[planner_server-10] [INFO] [1789905695.542197824] [global_costmap.global_costmap]: Activating
[planner_server-10] [INFO] [1789905695.542218966] [global_costmap.global_costmap]: Checking transform
[planner_server-10] [INFO] [1789905695.542291637] [global_costmap.global_costmap]: Timed out waiting for transform from base_footprint to map to become available, tf error: Lookup would require extrapolation into the past.  Requested time 0.864000 but the earliest data is at time 1.100000, when looking up transform from frame [base_footprint] to frame [map]
[planner_server-10] [INFO] [1789905696.042409790] [global_costmap.global_costmap]: start
[INFO] [factory_node-20]: process started with pid [83185]
[INFO] [robot_state_node-21]: process started with pid [83186]
[factory_node-20] [INFO] [1789905696.814777396] [factory]: section A [low_battery_start, seed 5000]: 20 units/h, buffer 8, 0.5 kg/unit, time_scale 1
[factory_node-20] [INFO] [1789905696.815426807] [factory]: section B [low_battery_start, seed 5000]: 30 units/h, buffer 10, 0.4 kg/unit, time_scale 1
[factory_node-20] [INFO] [1789905696.816165725] [factory]: section C [low_battery_start, seed 5000]: 5 units/h, buffer 3, 1.5 kg/unit, time_scale 1
[factory_node-20] [INFO] [1789905696.816732066] [factory]: logging to /home/robojazzy/robofetch_ws_copy/robofetch_ws/logs/run_20260920_140129_section_*.csv
[robot_state_node-21] [INFO] [1789905696.934384199] [robot_state_node]: Robot state monitor up. Run run_20260920_140129, logging to /home/robojazzy/robofetch_ws_copy/robofetch_ws/logs/run_20260920_140129_robot.csv
[planner_server-10] [INFO] [1789905697.094586807] [planner_server]: Activating plugin SmacLattice of type SmacPlannerLattice
[planner_server-10] [INFO] [1789905697.094655025] [planner_server]: Activating plugin ThetaStar of type nav2_theta_star_planner
[planner_server-10] [INFO] [1789905697.094670966] [planner_server]: Activating plugin NavfnAStar of type NavfnPlanner
[planner_server-10] [INFO] [1789905697.094685323] [planner_server]: Activating plugin Smac2D of type SmacPlanner2D
[planner_server-10] [INFO] [1789905697.094700075] [planner_server]: Activating plugin NavfnDijkstra of type NavfnPlanner
[planner_server-10] [INFO] [1789905697.094710174] [planner_server]: Activating plugin GridBased of type NavfnPlanner
[planner_server-10] [INFO] [1789905697.097364653] [planner_server]: Creating bond (planner_server) to lifecycle manager.
[lifecycle_manager-18] [INFO] [1789905697.209353369] [lifecycle_manager_navigation]: Server planner_server connected with bond.
[lifecycle_manager-18] [INFO] [1789905697.209425152] [lifecycle_manager_navigation]: [34m[1mActivating route_server[0m[0m
[route_server-11] [INFO] [1789905697.209870205] [route_server]: Activating
[route_server-11] [INFO] [1789905697.210189119] [route_server]: Creating bond (route_server) to lifecycle manager.
[lifecycle_manager-18] [INFO] [1789905697.323225863] [lifecycle_manager_navigation]: Server route_server connected with bond.
[lifecycle_manager-18] [INFO] [1789905697.323301805] [lifecycle_manager_navigation]: [34m[1mActivating behavior_server[0m[0m
[behavior_server-12] [INFO] [1789905697.323773096] [behavior_server]: Activating
[behavior_server-12] [INFO] [1789905697.323801710] [behavior_server]: Activating spin
[behavior_server-12] [INFO] [1789905697.323820324] [behavior_server]: Activating backup
[behavior_server-12] [INFO] [1789905697.323831116] [behavior_server]: Activating drive_on_heading
[behavior_server-12] [INFO] [1789905697.323847750] [behavior_server]: Activating assisted_teleop
[behavior_server-12] [INFO] [1789905697.323864681] [behavior_server]: Activating wait
[behavior_server-12] [INFO] [1789905697.323876760] [behavior_server]: Creating bond (behavior_server) to lifecycle manager.
[lifecycle_manager-18] [INFO] [1789905697.431390585] [lifecycle_manager_navigation]: Server behavior_server connected with bond.
[lifecycle_manager-18] [INFO] [1789905697.431448011] [lifecycle_manager_navigation]: [34m[1mActivating velocity_smoother[0m[0m
[velocity_smoother-15] [INFO] [1789905697.431896827] [velocity_smoother]: Activating
[velocity_smoother-15] [INFO] [1789905697.431961580] [velocity_smoother]: Creating bond (velocity_smoother) to lifecycle manager.
[lifecycle_manager-18] [INFO] [1789905697.546867945] [lifecycle_manager_navigation]: Server velocity_smoother connected with bond.
[lifecycle_manager-18] [INFO] [1789905697.546923787] [lifecycle_manager_navigation]: [34m[1mActivating collision_monitor[0m[0m
[collision_monitor-16] [INFO] [1789905697.547294483] [collision_monitor]: Activating
[collision_monitor-16] [INFO] [1789905697.547326761] [collision_monitor]: Creating bond (collision_monitor) to lifecycle manager.
[lifecycle_manager-18] [INFO] [1789905697.661029353] [lifecycle_manager_navigation]: Server collision_monitor connected with bond.
[lifecycle_manager-18] [INFO] [1789905697.661087274] [lifecycle_manager_navigation]: [34m[1mActivating bt_navigator[0m[0m
[bt_navigator-13] [INFO] [1789905697.661575992] [bt_navigator]: Activating
[bt_navigator-13] [INFO] [1789905697.805140829] [bt_navigator]: Creating bond (bt_navigator) to lifecycle manager.
[lifecycle_manager-18] [INFO] [1789905697.919562338] [lifecycle_manager_navigation]: Server bt_navigator connected with bond.
[lifecycle_manager-18] [INFO] [1789905697.919631151] [lifecycle_manager_navigation]: [34m[1mActivating waypoint_follower[0m[0m
[waypoint_follower-14] [INFO] [1789905698.192973673] [waypoint_follower]: Activating
[waypoint_follower-14] [INFO] [1789905698.193070406] [waypoint_follower]: Creating bond (waypoint_follower) to lifecycle manager.
[lifecycle_manager-18] [INFO] [1789905698.500841748] [lifecycle_manager_navigation]: Server waypoint_follower connected with bond.
[lifecycle_manager-18] [INFO] [1789905698.500911155] [lifecycle_manager_navigation]: [34m[1mActivating docking_server[0m[0m
[opennav_docking-17] [INFO] [1789905698.501322842] [docking_server]: Activating docking_server
[opennav_docking-17] [INFO] [1789905698.525756128] [docking_server]: Creating bond (docking_server) to lifecycle manager.
[lifecycle_manager-18] [INFO] [1789905698.640927050] [lifecycle_manager_navigation]: Server docking_server connected with bond.
[lifecycle_manager-18] [INFO] [1789905698.640991605] [lifecycle_manager_navigation]: [34m[1mManaged nodes are active[0m[0m
[lifecycle_manager-18] [INFO] [1789905698.641006654] [lifecycle_manager_navigation]: [34m[1mCreating bond timer...[0m[0m
[INFO] [mission_executor-22]: process started with pid [83222]
[mission_executor-22] [INFO] [1789905700.646607800] [mission_executor]: mission run_20260920_140129: 0 scripted actions, scenario low_battery_start, logging /home/robojazzy/robofetch_ws_copy/robofetch_ws/logs/run_20260920_140129_mission.csv
[mission_executor-22] [INFO] [1789905700.652009234] [mission_executor]: waiting for Nav2, telemetry and the sections ...
[amcl-6] [INFO] [1789905703.911784629] [amcl]: initialPoseReceived
[amcl-6] [WARN] [1789905703.911863859] [amcl]: Failed to transform initial pose in time (Lookup would require extrapolation into the future.  Requested time 9.172000 but the latest data is at time 9.144000, when looking up transform from frame [base_footprint] to frame [odom])
[amcl-6] [INFO] [1789905703.911882143] [amcl]: Setting pose (9.172000): -5.225 -2.975 0.000
[mission_executor-22] [INFO] [1789905707.024525639] [mission_executor]: localised; starting mission
[mission_executor-22] [INFO] [1789905707.025678117] [mission_executor]: autonomous mode: deciding with 'ns' at http://localhost:8001/decide before every action; planner NavfnDijkstra; shift 1200 s
[python-19] INFO:     127.0.0.1:35598 - "POST /decide HTTP/1.1" 200 OK
[mission_executor-22] [INFO] [1789905708.966508715] [mission_executor]: decision: PICKUP:B - [routine] B has 5 units waiting; neural score +5.87, chosen over PICKUP:A by +0.96
[mission_executor-22] [INFO] [1789905708.967215536] [mission_executor]: [1] PICKUP:B from charger: predicted 15.2 m, 69 s, 0.19 Wh
[bt_navigator-13] [INFO] [1789905708.968904297] [bt_navigator]: Begin navigating from current location (-5.24, -2.98) to (6.03, 3.08)
[controller_server-8] [INFO] [1789905708.990501100] [controller_server]: Received a goal, begin computing control effort.
[controller_server-8] [WARN] [1789905708.990581798] [controller_server]: No goal checker was specified in parameter 'current_goal_checker'. Server will use only plugin loaded general_goal_checker . This warning will appear once.
[controller_server-8] [WARN] [1789905708.990602636] [controller_server]: No progress checker was specified in parameter 'current_progress_checker'. Server will use only plugin loaded progress_checker . This warning will appear once.
[parameter_bridge-4] [INFO] [1789905709.073456038] [ros_gz_bridge]: Passing message from ROS geometry_msgs/msg/Twist to Gazebo gz.msgs.Twist (showing msg only once per type)
[controller_server-8] [INFO] [1789905710.090769926] [controller_server]: Passing new path to controller.
[controller_server-8] [INFO] [1789905711.090789663] [controller_server]: Passing new path to controller.
[controller_server-8] [INFO] [1789905712.090766249] [controller_server]: Passing new path to controller.
[controller_server-8] [INFO] [1789905713.190745553] [controller_server]: Passing new path to controller.
[controller_server-8] [INFO] [1789905714.190843690] [controller_server]: Passing new path to controller.
[controller_server-8] [INFO] [1789905715.190791811] [controller_server]: Passing new path to controller.
[controller_server-8] [INFO] [1789905716.190857285] [controller_server]: Passing new path to controller.
[controller_server-8] [INFO] [1789905717.290803200] [controller_server]: Passing new path to controller.
[controller_server-8] [INFO] [1789905718.290751614] [controller_server]: Passing new path to controller.
[controller_server-8] [INFO] [1789905719.290798604] [controller_server]: Passing new path to controller.
[controller_server-8] [INFO] [1789905720.290839532] [controller_server]: Passing new path to controller.
[controller_server-8] [INFO] [1789905721.390799033] [controller_server]: Passing new path to controller.
[controller_server-8] [INFO] [1789905722.390795411] [controller_server]: Passing new path to controller.
[controller_server-8] [INFO] [1789905723.390803396] [controller_server]: Passing new path to controller.
[controller_server-8] [INFO] [1789905724.490805520] [controller_server]: Passing new path to controller.
[controller_server-8] [INFO] [1789905725.490763438] [controller_server]: Passing new path to controller.
[controller_server-8] [INFO] [1789905726.490819818] [controller_server]: Passing new path to controller.
[controller_server-8] [INFO] [1789905727.490797408] [controller_server]: Passing new path to controller.
[controller_server-8] [INFO] [1789905728.532495565] [controller_server]: Passing new path to controller.
[controller_server-8] [INFO] [1789905729.532521879] [controller_server]: Passing new path to controller.
[controller_server-8] [INFO] [1789905730.632506659] [controller_server]: Passing new path to controller.
[controller_server-8] [INFO] [1789905731.632496284] [controller_server]: Passing new path to controller.
[controller_server-8] [INFO] [1789905732.632482438] [controller_server]: Passing new path to controller.
[controller_server-8] [INFO] [1789905733.732487554] [controller_server]: Passing new path to controller.
[controller_server-8] [INFO] [1789905734.732489127] [controller_server]: Passing new path to controller.
[controller_server-8] [INFO] [1789905735.732501326] [controller_server]: Passing new path to controller.
[controller_server-8] [INFO] [1789905736.732509199] [controller_server]: Passing new path to controller.
[controller_server-8] [INFO] [1789905737.832487161] [controller_server]: Passing new path to controller.
[controller_server-8] [INFO] [1789905738.832445435] [controller_server]: Passing new path to controller.
[controller_server-8] [INFO] [1789905739.832450389] [controller_server]: Passing new path to controller.
[controller_server-8] [INFO] [1789905740.832499080] [controller_server]: Passing new path to controller.
[controller_server-8] [INFO] [1789905740.933981444] [controller_server]: Reached the goal!
[controller_server-8] [INFO] [1789905740.934502957] [controller_server]: Optimizer reset
[bt_navigator-13] [INFO] [1789905740.961333499] [bt_navigator]: Goal succeeded
[factory_node-20] [INFO] [1789905772.056756503] [factory]: pickup B: took 5 units (2.00 kg), 0 left
[mission_executor-22] [INFO] [1789905773.259631970] [mission_executor]: [1] PICKUP:B done: took 5 units (2.00 kg), 0 left | measured 15.0 m, 63 s, 0.18 Wh, battery 29.9 -> 29.1 %
[python-19] INFO:     127.0.0.1:42062 - "POST /decide HTTP/1.1" 200 OK
[mission_executor-22] [INFO] [1789905773.265021542] [mission_executor]: decision: DELIVER - [routine] carrying 5 units; neural score +5.89, chosen over PICKUP:A by +1.06
[mission_executor-22] [INFO] [1789905773.265662362] [mission_executor]: [2] DELIVER from B: predicted 10.3 m, 56 s, 0.17 Wh
[bt_navigator-13] [INFO] [1789905773.267044807] [bt_navigator]: Begin navigating from current location (5.90, 2.93) to (-0.23, -3.98)
[controller_server-8] [INFO] [1789905773.287981343] [controller_server]: Received a goal, begin computing control effort.
[controller_server-8] [INFO] [1789905774.388131983] [controller_server]: Passing new path to controller.
[controller_server-8] [INFO] [1789905775.388125670] [controller_server]: Passing new path to controller.
[controller_server-8] [INFO] [1789905776.388131872] [controller_server]: Passing new path to controller.
[controller_server-8] [INFO] [1789905777.388178712] [controller_server]: Passing new path to controller.
[controller_server-8] [INFO] [1789905778.488211028] [controller_server]: Passing new path to controller.
[controller_server-8] [INFO] [1789905779.488183870] [controller_server]: Passing new path to controller.
[controller_server-8] [INFO] [1789905780.488159169] [controller_server]: Passing new path to controller.
[controller_server-8] [INFO] [1789905781.488178701] [controller_server]: Passing new path to controller.
[controller_server-8] [INFO] [1789905782.588158204] [controller_server]: Passing new path to controller.
[controller_server-8] [INFO] [1789905783.588219021] [controller_server]: Passing new path to controller.
[controller_server-8] [INFO] [1789905784.588172892] [controller_server]: Passing new path to controller.
[controller_server-8] [INFO] [1789905785.688176379] [controller_server]: Passing new path to controller.
[controller_server-8] [INFO] [1789905786.688154263] [controller_server]: Passing new path to controller.
[controller_server-8] [INFO] [1789905787.688183084] [controller_server]: Passing new path to controller.
[controller_server-8] [INFO] [1789905788.688173951] [controller_server]: Passing new path to controller.
[controller_server-8] [INFO] [1789905789.788185418] [controller_server]: Passing new path to controller.
[controller_server-8] [INFO] [1789905790.788171959] [controller_server]: Passing new path to controller.
[controller_server-8] [INFO] [1789905791.788140800] [controller_server]: Passing new path to controller.
[controller_server-8] [INFO] [1789905792.788166475] [controller_server]: Passing new path to controller.
[controller_server-8] [INFO] [1789905793.921452503] [controller_server]: Passing new path to controller.
[controller_server-8] [INFO] [1789905794.921470691] [controller_server]: Passing new path to controller.
[controller_server-8] [INFO] [1789905795.921487835] [controller_server]: Passing new path to controller.
[controller_server-8] [INFO] [1789905796.921460437] [controller_server]: Passing new path to controller.
[controller_server-8] [INFO] [1789905798.021480826] [controller_server]: Passing new path to controller.
[controller_server-8] [INFO] [1789905799.021454636] [controller_server]: Passing new path to controller.
[controller_server-8] [INFO] [1789905799.522640045] [controller_server]: Reached the goal!
[controller_server-8] [INFO] [1789905799.522824676] [controller_server]: Optimizer reset
[bt_navigator-13] [INFO] [1789905799.550730847] [bt_navigator]: Goal succeeded
[mission_executor-22] [INFO] [1789905831.834113784] [mission_executor]: [2] DELIVER done: delivered 5 units | measured 10.2 m, 57 s, 0.17 Wh, battery 29.1 -> 28.3 %
[python-19] INFO:     127.0.0.1:53208 - "POST /decide HTTP/1.1" 200 OK
[mission_executor-22] [INFO] [1789905831.838655866] [mission_executor]: decision: PICKUP:A - [routine] A has 4 units waiting; neural score +4.91, chosen over PICKUP:C by +2.97
[mission_executor-22] [INFO] [1789905831.839293961] [mission_executor]: [3] PICKUP:A from delivery: predicted 10.0 m, 56 s, 0.14 Wh
[bt_navigator-13] [INFO] [1789905831.840731987] [bt_navigator]: Begin navigating from current location (-0.20, -3.85) to (-5.97, 3.08)
[controller_server-8] [INFO] [1789905831.861677159] [controller_server]: Received a goal, begin computing control effort.
[controller_server-8] [INFO] [1789905832.961822007] [controller_server]: Passing new path to controller.
[controller_server-8] [INFO] [1789905833.961818174] [controller_server]: Passing new path to controller.
[controller_server-8] [INFO] [1789905834.961924854] [controller_server]: Passing new path to controller.
[controller_server-8] [INFO] [1789905836.061860641] [controller_server]: Passing new path to controller.
[controller_server-8] [INFO] [1789905837.061829723] [controller_server]: Passing new path to controller.
[controller_server-8] [INFO] [1789905838.061831876] [controller_server]: Passing new path to controller.
[controller_server-8] [INFO] [1789905839.061863209] [controller_server]: Passing new path to controller.
[controller_server-8] [INFO] [1789905840.161862804] [controller_server]: Passing new path to controller.
[controller_server-8] [INFO] [1789905841.161858971] [controller_server]: Passing new path to controller.
[controller_server-8] [INFO] [1789905842.161873030] [controller_server]: Passing new path to controller.
[controller_server-8] [INFO] [1789905843.161818494] [controller_server]: Passing new path to controller.
[controller_server-8] [INFO] [1789905844.261815342] [controller_server]: Passing new path to controller.
[controller_server-8] [INFO] [1789905845.261853692] [controller_server]: Passing new path to controller.
[controller_server-8] [INFO] [1789905846.261829170] [controller_server]: Passing new path to controller.
[controller_server-8] [INFO] [1789905847.261830975] [controller_server]: Passing new path to controller.
[controller_server-8] [INFO] [1789905848.361823894] [controller_server]: Passing new path to controller.
[controller_server-8] [INFO] [1789905849.361839158] [controller_server]: Passing new path to controller.
[controller_server-8] [INFO] [1789905850.361867193] [controller_server]: Passing new path to controller.
[controller_server-8] [INFO] [1789905851.461820519] [controller_server]: Passing new path to controller.
[controller_server-8] [INFO] [1789905852.461822311] [controller_server]: Passing new path to controller.
[controller_server-8] [INFO] [1789905853.461821546] [controller_server]: Passing new path to controller.
[collision_monitor-16] [INFO] [1789905854.149888584] [collision_monitor]: Robot to approach for 1.200000 seconds away from collision
[collision_monitor-16] [INFO] [1789905854.189893073] [collision_monitor]: Robot to continue normal operation
[controller_server-8] [INFO] [1789905854.461886564] [controller_server]: Passing new path to controller.
[controller_server-8] [INFO] [1789905854.662910504] [controller_server]: Reached the goal!
[controller_server-8] [INFO] [1789905854.663154757] [controller_server]: Optimizer reset
[bt_navigator-13] [INFO] [1789905854.691335887] [bt_navigator]: Goal succeeded
[factory_node-20] [INFO] [1789905885.750122680] [factory]: pickup A: took 4 units (2.00 kg), 0 left
[mission_executor-22] [INFO] [1789905886.953257280] [mission_executor]: [3] PICKUP:A done: took 4 units (2.00 kg), 0 left | measured 10.1 m, 55 s, 0.14 Wh, battery 28.3 -> 27.7 %
[python-19] INFO:     127.0.0.1:49578 - "POST /decide HTTP/1.1" 200 OK
[mission_executor-22] [INFO] [1789905886.957729611] [mission_executor]: decision: DELIVER - [routine] carrying 4 units; neural score +4.90, chosen over PICKUP:C by +3.04
[mission_executor-22] [INFO] [1789905886.958261414] [mission_executor]: [4] DELIVER from A: predicted 10.0 m, 56 s, 0.17 Wh
[bt_navigator-13] [INFO] [1789905886.959201901] [bt_navigator]: Begin navigating from current location (-5.81, 3.03) to (-0.23, -3.98)
[controller_server-8] [INFO] [1789905886.980368182] [controller_server]: Received a goal, begin computing control effort.
[controller_server-8] [INFO] [1789905888.080571705] [controller_server]: Passing new path to controller.
[controller_server-8] [INFO] [1789905889.080565801] [controller_server]: Passing new path to controller.
[controller_server-8] [INFO] [1789905890.080567370] [controller_server]: Passing new path to controller.
[controller_server-8] [INFO] [1789905891.180599591] [controller_server]: Passing new path to controller.
[controller_server-8] [INFO] [1789905892.381036248] [controller_server]: Passing new path to controller.
[controller_server-8] [INFO] [1789905893.381039577] [controller_server]: Passing new path to controller.
[controller_server-8] [INFO] [1789905894.381063315] [controller_server]: Passing new path to controller.
[controller_server-8] [INFO] [1789905895.381035628] [controller_server]: Passing new path to controller.
[controller_server-8] [INFO] [1789905896.481032001] [controller_server]: Passing new path to controller.
[controller_server-8] [INFO] [1789905897.481070117] [controller_server]: Passing new path to controller.
[controller_server-8] [INFO] [1789905898.481056036] [controller_server]: Passing new path to controller.
[controller_server-8] [INFO] [1789905899.481116761] [controller_server]: Passing new path to controller.
[controller_server-8] [INFO] [1789905900.581078400] [controller_server]: Passing new path to controller.
[controller_server-8] [INFO] [1789905901.581029623] [controller_server]: Passing new path to controller.
[controller_server-8] [INFO] [1789905902.581032251] [controller_server]: Passing new path to controller.
[controller_server-8] [INFO] [1789905903.681059770] [controller_server]: Passing new path to controller.
[controller_server-8] [INFO] [1789905904.681010411] [controller_server]: Passing new path to controller.
[controller_server-8] [INFO] [1789905905.681020106] [controller_server]: Passing new path to controller.
[controller_server-8] [INFO] [1789905906.681029511] [controller_server]: Passing new path to controller.
[controller_server-8] [INFO] [1789905907.781037568] [controller_server]: Passing new path to controller.
[controller_server-8] [INFO] [1789905908.781070076] [controller_server]: Passing new path to controller.
[controller_server-8] [INFO] [1789905909.781078385] [controller_server]: Passing new path to controller.
[controller_server-8] [INFO] [1789905910.781043055] [controller_server]: Passing new path to controller.
[controller_server-8] [INFO] [1789905911.881029658] [controller_server]: Passing new path to controller.
[controller_server-8] [INFO] [1789905912.881029416] [controller_server]: Passing new path to controller.
[controller_server-8] [INFO] [1789905913.282612709] [controller_server]: Reached the goal!
[controller_server-8] [INFO] [1789905913.282850160] [controller_server]: Optimizer reset
[bt_navigator-13] [INFO] [1789905913.310267545] [bt_navigator]: Goal succeeded
[mission_executor-22] [INFO] [1789905945.576732856] [mission_executor]: [4] DELIVER done: delivered 4 units | measured 10.3 m, 57 s, 0.17 Wh, battery 27.7 -> 26.9 %
[python-19] INFO:     127.0.0.1:51950 - "POST /decide HTTP/1.1" 200 OK
[mission_executor-22] [INFO] [1789905945.582020733] [mission_executor]: decision: PICKUP:B - [routine] B has 2 units waiting; neural score +2.91, chosen over PICKUP:C by +0.97
[mission_executor-22] [INFO] [1789905945.585102703] [mission_executor]: [5] PICKUP:B from delivery: predicted 10.3 m, 56 s, 0.15 Wh
[bt_navigator-13] [INFO] [1789905945.586129570] [bt_navigator]: Begin navigating from current location (-0.27, -3.81) to (6.03, 3.08)
[controller_server-8] [INFO] [1789905945.607089492] [controller_server]: Received a goal, begin computing control effort.
[controller_server-8] [INFO] [1789905946.707264329] [controller_server]: Passing new path to controller.
[controller_server-8] [INFO] [1789905947.707272584] [controller_server]: Passing new path to controller.
[controller_server-8] [INFO] [1789905948.707289543] [controller_server]: Passing new path to controller.
[controller_server-8] [INFO] [1789905949.807297529] [controller_server]: Passing new path to controller.
[controller_server-8] [INFO] [1789905950.807275051] [controller_server]: Passing new path to controller.
[controller_server-8] [INFO] [1789905951.807285073] [controller_server]: Passing new path to controller.
[controller_server-8] [INFO] [1789905952.807236694] [controller_server]: Passing new path to controller.
[controller_server-8] [INFO] [1789905953.907292243] [controller_server]: Passing new path to controller.
[controller_server-8] [INFO] [1789905954.907274196] [controller_server]: Passing new path to controller.
[controller_server-8] [INFO] [1789905955.907287468] [controller_server]: Passing new path to controller.
[controller_server-8] [INFO] [1789905956.907374706] [controller_server]: Passing new path to controller.
[controller_server-8] [INFO] [1789905957.963843745] [controller_server]: Passing new path to controller.
[controller_server-8] [INFO] [1789905958.963829255] [controller_server]: Passing new path to controller.
[controller_server-8] [INFO] [1789905960.063822165] [controller_server]: Passing new path to controller.
[controller_server-8] [INFO] [1789905961.063831637] [controller_server]: Passing new path to controller.
[controller_server-8] [INFO] [1789905962.063738829] [controller_server]: Passing new path to controller.
[controller_server-8] [INFO] [1789905963.163803759] [controller_server]: Passing new path to controller.
[controller_server-8] [INFO] [1789905964.163788105] [controller_server]: Passing new path to controller.
[controller_server-8] [INFO] [1789905965.163741289] [controller_server]: Passing new path to controller.
[controller_server-8] [INFO] [1789905966.163727571] [controller_server]: Passing new path to controller.
[controller_server-8] [INFO] [1789905967.163785670] [controller_server]: Passing new path to controller.
[controller_server-8] [INFO] [1789905968.263780814] [controller_server]: Passing new path to controller.
[controller_server-8] [INFO] [1789905968.864878104] [controller_server]: Reached the goal!
[controller_server-8] [INFO] [1789905968.865161537] [controller_server]: Optimizer reset
[bt_navigator-13] [INFO] [1789905968.893259464] [bt_navigator]: Goal succeeded
[factory_node-20] [INFO] [1789906000.029258587] [factory]: pickup B: took 2 units (0.80 kg), 0 left
[mission_executor-22] [INFO] [1789906001.231772630] [mission_executor]: [5] PICKUP:B done: took 2 units (0.80 kg), 0 left | measured 10.2 m, 54 s, 0.14 Wh, battery 26.9 -> 26.3 %
[python-19] INFO:     127.0.0.1:36564 - "POST /decide HTTP/1.1" 200 OK
[mission_executor-22] [INFO] [1789906001.235743018] [mission_executor]: decision: DELIVER - [routine] carrying 2 units; neural score +2.90, chosen over PICKUP:C by +0.99
[mission_executor-22] [INFO] [1789906001.236482096] [mission_executor]: [6] DELIVER from B: predicted 10.3 m, 56 s, 0.15 Wh
[bt_navigator-13] [INFO] [1789906001.237565700] [bt_navigator]: Begin navigating from current location (5.90, 2.91) to (-0.23, -3.98)
[controller_server-8] [INFO] [1789906001.258484763] [controller_server]: Received a goal, begin computing control effort.
[controller_server-8] [INFO] [1789906002.358698059] [controller_server]: Passing new path to controller.
[controller_server-8] [INFO] [1789906003.358647437] [controller_server]: Passing new path to controller.
[controller_server-8] [INFO] [1789906004.358686629] [controller_server]: Passing new path to controller.
[controller_server-8] [INFO] [1789906005.458629219] [controller_server]: Passing new path to controller.
[controller_server-8] [INFO] [1789906006.458614464] [controller_server]: Passing new path to controller.
[controller_server-8] [INFO] [1789906007.458717477] [controller_server]: Passing new path to controller.
[controller_server-8] [INFO] [1789906008.458676658] [controller_server]: Passing new path to controller.
[controller_server-8] [INFO] [1789906009.558673801] [controller_server]: Passing new path to controller.
[controller_server-8] [INFO] [1789906010.558637347] [controller_server]: Passing new path to controller.
[controller_server-8] [INFO] [1789906011.558721447] [controller_server]: Passing new path to controller.
[controller_server-8] [INFO] [1789906012.658610256] [controller_server]: Passing new path to controller.
[controller_server-8] [INFO] [1789906013.658643847] [controller_server]: Passing new path to controller.
[controller_server-8] [INFO] [1789906014.658651140] [controller_server]: Passing new path to controller.
[controller_server-8] [INFO] [1789906015.658657331] [controller_server]: Passing new path to controller.
[controller_server-8] [INFO] [1789906016.758654869] [controller_server]: Passing new path to controller.
[controller_server-8] [INFO] [1789906017.758657213] [controller_server]: Passing new path to controller.
[controller_server-8] [INFO] [1789906018.758670307] [controller_server]: Passing new path to controller.
[controller_server-8] [INFO] [1789906019.858656504] [controller_server]: Passing new path to controller.
[controller_server-8] [INFO] [1789906020.858685772] [controller_server]: Passing new path to controller.
[controller_server-8] [INFO] [1789906021.858728847] [controller_server]: Passing new path to controller.
[controller_server-8] [INFO] [1789906022.858707028] [controller_server]: Passing new path to controller.
[controller_server-8] [INFO] [1789906023.951277528] [controller_server]: Passing new path to controller.
[controller_server-8] [INFO] [1789906024.951236214] [controller_server]: Passing new path to controller.
[controller_server-8] [INFO] [1789906025.951237058] [controller_server]: Passing new path to controller.
[controller_server-8] [INFO] [1789906026.951214861] [controller_server]: Passing new path to controller.
[controller_server-8] [INFO] [1789906027.952528725] [controller_server]: Reached the goal!
[controller_server-8] [INFO] [1789906027.952773004] [controller_server]: Optimizer reset
[controller_server-8] [INFO] [1789906027.960999359] [controller_server]: Received a goal, begin computing control effort.
[controller_server-8] [INFO] [1789906027.962614354] [controller_server]: Reached the goal!
[controller_server-8] [INFO] [1789906027.962867775] [controller_server]: Optimizer reset
[bt_navigator-13] [INFO] [1789906027.990807793] [bt_navigator]: Goal succeeded
[mission_executor-22] [INFO] [1789906060.323693883] [mission_executor]: [6] DELIVER done: delivered 2 units | measured 10.3 m, 58 s, 0.16 Wh, battery 26.3 -> 25.5 %
[python-19] INFO:     127.0.0.1:32890 - "POST /decide HTTP/1.1" 200 OK
[mission_executor-22] [INFO] [1789906060.328200610] [mission_executor]: decision: PICKUP:C - [routine] C has 1 units waiting; neural score +1.93, chosen over PICKUP:A by +0.03
[mission_executor-22] [INFO] [1789906060.328868274] [mission_executor]: [7] PICKUP:C from delivery: predicted 6.3 m, 46 s, 0.11 Wh
[bt_navigator-13] [INFO] [1789906060.330189543] [bt_navigator]: Begin navigating from current location (-0.16, -3.85) to (6.03, -3.42)
[controller_server-8] [INFO] [1789906060.351125978] [controller_server]: Received a goal, begin computing control effort.
[controller_server-8] [INFO] [1789906061.451313687] [controller_server]: Passing new path to controller.
[controller_server-8] [INFO] [1789906062.451309140] [controller_server]: Passing new path to controller.
[controller_server-8] [INFO] [1789906063.451315940] [controller_server]: Passing new path to controller.
[controller_server-8] [INFO] [1789906064.551340418] [controller_server]: Passing new path to controller.
[controller_server-8] [INFO] [1789906065.551343488] [controller_server]: Passing new path to controller.
[controller_server-8] [INFO] [1789906066.551305970] [controller_server]: Passing new path to controller.
[controller_server-8] [INFO] [1789906067.551345539] [controller_server]: Passing new path to controller.
[controller_server-8] [INFO] [1789906068.651311326] [controller_server]: Passing new path to controller.
[controller_server-8] [INFO] [1789906069.651347002] [controller_server]: Passing new path to controller.
[controller_server-8] [INFO] [1789906070.651330119] [controller_server]: Passing new path to controller.
[controller_server-8] [INFO] [1789906071.651309757] [controller_server]: Passing new path to controller.
[controller_server-8] [INFO] [1789906072.751385565] [controller_server]: Passing new path to controller.
[controller_server-8] [INFO] [1789906073.751351906] [controller_server]: Passing new path to controller.
[controller_server-8] [INFO] [1789906074.751337638] [controller_server]: Passing new path to controller.
[controller_server-8] [INFO] [1789906075.751327053] [controller_server]: Passing new path to controller.
[controller_server-8] [INFO] [1789906075.952335169] [controller_server]: Reached the goal!
[controller_server-8] [INFO] [1789906075.952554182] [controller_server]: Optimizer reset
[bt_navigator-13] [INFO] [1789906075.980800258] [bt_navigator]: Goal succeeded
[factory_node-20] [INFO] [1789906107.169410155] [factory]: pickup C: took 1 units (1.50 kg), 0 left
[mission_executor-22] [INFO] [1789906108.371877682] [mission_executor]: [7] PICKUP:C done: took 1 units (1.50 kg), 0 left | measured 6.3 m, 47 s, 0.11 Wh, battery 25.5 -> 25.0 %
[python-19] INFO:     127.0.0.1:51532 - "POST /decide HTTP/1.1" 200 OK
[mission_executor-22] [INFO] [1789906108.379928270] [mission_executor]: decision: PICKUP:A - [routine] A has 2 units waiting; neural score +2.86, chosen over DELIVER by +0.93
[mission_executor-22] [INFO] [1789906108.381751951] [mission_executor]: [8] PICKUP:A from C: predicted 15.6 m, 70 s, 0.22 Wh
[bt_navigator-13] [INFO] [1789906108.383477105] [bt_navigator]: Begin navigating from current location (5.98, -3.33) to (-5.97, 3.08)
[controller_server-8] [INFO] [1789906108.406029790] [controller_server]: Received a goal, begin computing control effort.
[controller_server-8] [INFO] [1789906109.506446376] [controller_server]: Passing new path to controller.
[controller_server-8] [INFO] [1789906110.506387961] [controller_server]: Passing new path to controller.
[controller_server-8] [INFO] [1789906111.506431015] [controller_server]: Passing new path to controller.
[controller_server-8] [INFO] [1789906112.606455999] [controller_server]: Passing new path to controller.
[controller_server-8] [INFO] [1789906113.606451502] [controller_server]: Passing new path to controller.
[controller_server-8] [INFO] [1789906114.606394900] [controller_server]: Passing new path to controller.
[controller_server-8] [INFO] [1789906115.606384417] [controller_server]: Passing new path to controller.
[controller_server-8] [INFO] [1789906116.706409585] [controller_server]: Passing new path to controller.
[controller_server-8] [INFO] [1789906117.706359067] [controller_server]: Passing new path to controller.
[controller_server-8] [INFO] [1789906118.706444452] [controller_server]: Passing new path to controller.
[controller_server-8] [INFO] [1789906119.806745941] [controller_server]: Passing new path to controller.
[controller_server-8] [INFO] [1789906120.806436366] [controller_server]: Passing new path to controller.
[controller_server-8] [INFO] [1789906122.223787249] [controller_server]: Passing new path to controller.
[controller_server-8] [INFO] [1789906123.223849197] [controller_server]: Passing new path to controller.
[controller_server-8] [INFO] [1789906124.223785866] [controller_server]: Passing new path to controller.
[controller_server-8] [INFO] [1789906125.323873700] [controller_server]: Passing new path to controller.
[controller_server-8] [INFO] [1789906126.323805947] [controller_server]: Passing new path to controller.
[controller_server-8] [INFO] [1789906127.323836747] [controller_server]: Passing new path to controller.
[controller_server-8] [INFO] [1789906128.423911709] [controller_server]: Passing new path to controller.
[controller_server-8] [INFO] [1789906129.423773201] [controller_server]: Passing new path to controller.
[controller_server-8] [INFO] [1789906130.423777614] [controller_server]: Passing new path to controller.
[controller_server-8] [INFO] [1789906131.423844498] [controller_server]: Passing new path to controller.
[controller_server-8] [INFO] [1789906132.523847853] [controller_server]: Passing new path to controller.
[controller_server-8] [INFO] [1789906133.523766686] [controller_server]: Passing new path to controller.
[controller_server-8] [INFO] [1789906134.523815651] [controller_server]: Passing new path to controller.
[controller_server-8] [INFO] [1789906135.523862951] [controller_server]: Passing new path to controller.
[controller_server-8] [INFO] [1789906136.623840165] [controller_server]: Passing new path to controller.
[controller_server-8] [INFO] [1789906137.623845685] [controller_server]: Passing new path to controller.
[controller_server-8] [INFO] [1789906138.623791599] [controller_server]: Passing new path to controller.
[controller_server-8] [INFO] [1789906139.723832739] [controller_server]: Passing new path to controller.
[controller_server-8] [INFO] [1789906140.723831701] [controller_server]: Passing new path to controller.
[controller_server-8] [INFO] [1789906141.723828412] [controller_server]: Passing new path to controller.
[controller_server-8] [INFO] [1789906142.723851745] [controller_server]: Passing new path to controller.
[controller_server-8] [INFO] [1789906143.823847471] [controller_server]: Passing new path to controller.
[controller_server-8] [INFO] [1789906144.224832747] [controller_server]: Reached the goal!
[controller_server-8] [INFO] [1789906144.225113450] [controller_server]: Optimizer reset
[bt_navigator-13] [INFO] [1789906144.251692159] [bt_navigator]: Goal succeeded
[factory_node-20] [INFO] [1789906175.484060298] [factory]: pickup A: took 2 units (1.00 kg), 0 left
[mission_executor-22] [INFO] [1789906176.689215659] [mission_executor]: [8] PICKUP:A done: took 2 units (1.00 kg), 0 left | measured 15.7 m, 67 s, 0.22 Wh, battery 25.0 -> 24.1 %
[python-19] INFO:     127.0.0.1:45258 - "POST /decide HTTP/1.1" 200 OK
[mission_executor-22] [INFO] [1789906176.697427249] [mission_executor]: decision: DELIVER - [routine] carrying 3 units; neural score +3.89, chosen over PICKUP:B by +1.07
[mission_executor-22] [INFO] [1789906176.701247240] [mission_executor]: [9] DELIVER from A: predicted 10.0 m, 56 s, 0.17 Wh
[bt_navigator-13] [INFO] [1789906176.702746198] [bt_navigator]: Begin navigating from current location (-5.85, 3.03) to (-0.23, -3.98)
[controller_server-8] [INFO] [1789906176.723856560] [controller_server]: Received a goal, begin computing control effort.
[controller_server-8] [INFO] [1789906177.824071995] [controller_server]: Passing new path to controller.
[controller_server-8] [INFO] [1789906178.824065834] [controller_server]: Passing new path to controller.
[controller_server-8] [INFO] [1789906179.824103897] [controller_server]: Passing new path to controller.
[controller_server-8] [INFO] [1789906180.924067305] [controller_server]: Passing new path to controller.
[controller_server-8] [INFO] [1789906181.924453447] [controller_server]: Passing new path to controller.
[controller_server-8] [INFO] [1789906182.924461241] [controller_server]: Passing new path to controller.
[controller_server-8] [INFO] [1789906183.924064056] [controller_server]: Passing new path to controller.
[controller_server-8] [INFO] [1789906185.024121413] [controller_server]: Passing new path to controller.
[controller_server-8] [INFO] [1789906186.024072724] [controller_server]: Passing new path to controller.
[controller_server-8] [INFO] [1789906187.024079928] [controller_server]: Passing new path to controller.
[controller_server-8] [INFO] [1789906188.077644776] [controller_server]: Passing new path to controller.
[controller_server-8] [INFO] [1789906189.077627717] [controller_server]: Passing new path to controller.
[controller_server-8] [INFO] [1789906190.177616015] [controller_server]: Passing new path to controller.
[controller_server-8] [INFO] [1789906191.177622728] [controller_server]: Passing new path to controller.
[controller_server-8] [INFO] [1789906192.177594275] [controller_server]: Passing new path to controller.
[controller_server-8] [INFO] [1789906193.177853439] [controller_server]: Passing new path to controller.
[controller_server-8] [INFO] [1789906194.277651459] [controller_server]: Passing new path to controller.
[controller_server-8] [INFO] [1789906195.277601255] [controller_server]: Passing new path to controller.
[controller_server-8] [INFO] [1789906196.277570396] [controller_server]: Passing new path to controller.
[controller_server-8] [INFO] [1789906197.277595216] [controller_server]: Passing new path to controller.
[controller_server-8] [INFO] [1789906198.377602102] [controller_server]: Passing new path to controller.
[controller_server-8] [INFO] [1789906199.377611996] [controller_server]: Passing new path to controller.
[controller_server-8] [INFO] [1789906200.377607357] [controller_server]: Passing new path to controller.
[controller_server-8] [INFO] [1789906201.377580622] [controller_server]: Passing new path to controller.
[controller_server-8] [INFO] [1789906202.477650387] [controller_server]: Passing new path to controller.
[controller_server-8] [INFO] [1789906203.379004240] [controller_server]: Reached the goal!
[controller_server-8] [INFO] [1789906203.379237286] [controller_server]: Optimizer reset
[bt_navigator-13] [INFO] [1789906203.406860749] [bt_navigator]: Goal succeeded
[mission_executor-22] [INFO] [1789906235.769554580] [mission_executor]: [9] DELIVER done: delivered 3 units | measured 10.3 m, 58 s, 0.18 Wh, battery 24.1 -> 23.2 %
[python-19] INFO:     127.0.0.1:48344 - "POST /decide HTTP/1.1" 200 OK
[mission_executor-22] [INFO] [1789906235.773860757] [mission_executor]: decision: PICKUP:B - [routine] B has 2 units waiting; neural score +2.91, chosen over CHARGE:40 by +1.93
[mission_executor-22] [INFO] [1789906235.774947115] [mission_executor]: [10] PICKUP:B from delivery: predicted 10.3 m, 56 s, 0.15 Wh
[bt_navigator-13] [INFO] [1789906235.776574445] [bt_navigator]: Begin navigating from current location (-0.23, -3.86) to (6.03, 3.08)
[controller_server-8] [INFO] [1789906235.797547968] [controller_server]: Received a goal, begin computing control effort.
[controller_server-8] [INFO] [1789906236.897703338] [controller_server]: Passing new path to controller.
[controller_server-8] [INFO] [1789906237.897715756] [controller_server]: Passing new path to controller.
[controller_server-8] [INFO] [1789906238.897709821] [controller_server]: Passing new path to controller.
[controller_server-8] [INFO] [1789906239.897697310] [controller_server]: Passing new path to controller.
[controller_server-8] [INFO] [1789906240.997699968] [controller_server]: Passing new path to controller.
[controller_server-8] [INFO] [1789906241.997760280] [controller_server]: Passing new path to controller.
[controller_server-8] [INFO] [1789906242.997704948] [controller_server]: Passing new path to controller.
[controller_server-8] [INFO] [1789906243.997767311] [controller_server]: Passing new path to controller.
[controller_server-8] [INFO] [1789906245.097737017] [controller_server]: Passing new path to controller.
[controller_server-8] [INFO] [1789906246.097721059] [controller_server]: Passing new path to controller.
[controller_server-8] [INFO] [1789906247.097789606] [controller_server]: Passing new path to controller.
[controller_server-8] [INFO] [1789906248.197714067] [controller_server]: Passing new path to controller.
[controller_server-8] [INFO] [1789906249.197769461] [controller_server]: Passing new path to controller.
[controller_server-8] [INFO] [1789906250.197708748] [controller_server]: Passing new path to controller.
[controller_server-8] [INFO] [1789906251.197700383] [controller_server]: Passing new path to controller.
[controller_server-8] [INFO] [1789906252.197711755] [controller_server]: Passing new path to controller.
[controller_server-8] [INFO] [1789906253.606963151] [controller_server]: Passing new path to controller.
[controller_server-8] [INFO] [1789906254.606900420] [controller_server]: Passing new path to controller.
[controller_server-8] [INFO] [1789906255.606934857] [controller_server]: Passing new path to controller.
[controller_server-8] [INFO] [1789906256.706961136] [controller_server]: Passing new path to controller.
[controller_server-8] [INFO] [1789906257.706908613] [controller_server]: Passing new path to controller.
[controller_server-8] [INFO] [1789906258.706924401] [controller_server]: Passing new path to controller.
[controller_server-8] [INFO] [1789906258.708469253] [controller_server]: Reached the goal!
[controller_server-8] [INFO] [1789906258.708737099] [controller_server]: Optimizer reset
[bt_navigator-13] [INFO] [1789906258.746349818] [bt_navigator]: Goal succeeded
[factory_node-20] [INFO] [1789906289.980719678] [factory]: pickup B: took 3 units (1.20 kg), 0 left
[mission_executor-22] [INFO] [1789906291.182700297] [mission_executor]: [10] PICKUP:B done: took 3 units (1.20 kg), 0 left | measured 10.1 m, 54 s, 0.14 Wh, battery 23.2 -> 22.6 %
[python-19] INFO:     127.0.0.1:56638 - "POST /decide HTTP/1.1" 200 OK
[mission_executor-22] [INFO] [1789906291.192975912] [mission_executor]: decision: DELIVER - [routine] carrying 3 units; neural score +3.90, chosen over PICKUP:A by +2.06
[mission_executor-22] [INFO] [1789906291.195103546] [mission_executor]: [11] DELIVER from B: predicted 10.3 m, 56 s, 0.16 Wh
[bt_navigator-13] [INFO] [1789906291.196840751] [bt_navigator]: Begin navigating from current location (5.92, 2.90) to (-0.23, -3.98)
[controller_server-8] [INFO] [1789906291.218159687] [controller_server]: Received a goal, begin computing control effort.
[controller_server-8] [INFO] [1789906292.318379291] [controller_server]: Passing new path to controller.
[controller_server-8] [INFO] [1789906293.318368033] [controller_server]: Passing new path to controller.
[controller_server-8] [INFO] [1789906294.318376603] [controller_server]: Passing new path to controller.
[controller_server-8] [INFO] [1789906295.418404857] [controller_server]: Passing new path to controller.
[controller_server-8] [INFO] [1789906296.418405672] [controller_server]: Passing new path to controller.
[controller_server-8] [INFO] [1789906297.418349359] [controller_server]: Passing new path to controller.
[controller_server-8] [INFO] [1789906298.418392481] [controller_server]: Passing new path to controller.
[controller_server-8] [INFO] [1789906299.518535385] [controller_server]: Passing new path to controller.
[controller_server-8] [INFO] [1789906300.518404898] [controller_server]: Passing new path to controller.
[controller_server-8] [INFO] [1789906301.518392734] [controller_server]: Passing new path to controller.
[controller_server-8] [INFO] [1789906302.618389532] [controller_server]: Passing new path to controller.
[controller_server-8] [INFO] [1789906303.618478455] [controller_server]: Passing new path to controller.
[controller_server-8] [INFO] [1789906304.618376590] [controller_server]: Passing new path to controller.
[controller_server-8] [INFO] [1789906305.618397598] [controller_server]: Passing new path to controller.
[controller_server-8] [INFO] [1789906306.718430807] [controller_server]: Passing new path to controller.
[controller_server-8] [INFO] [1789906307.718364960] [controller_server]: Passing new path to controller.
[controller_server-8] [INFO] [1789906308.718392049] [controller_server]: Passing new path to controller.
[controller_server-8] [INFO] [1789906309.718423226] [controller_server]: Passing new path to controller.
[controller_server-8] [INFO] [1789906310.818365303] [controller_server]: Passing new path to controller.
[controller_server-8] [INFO] [1789906311.818413950] [controller_server]: Passing new path to controller.
[controller_server-8] [INFO] [1789906312.818480459] [controller_server]: Passing new path to controller.
[controller_server-8] [INFO] [1789906313.818358431] [controller_server]: Passing new path to controller.
[controller_server-8] [INFO] [1789906314.918395512] [controller_server]: Passing new path to controller.
[controller_server-8] [INFO] [1789906315.918425539] [controller_server]: Passing new path to controller.
[controller_server-8] [INFO] [1789906316.918393159] [controller_server]: Passing new path to controller.
[controller_server-8] [INFO] [1789906317.420092864] [controller_server]: Reached the goal!
[controller_server-8] [INFO] [1789906317.420602539] [controller_server]: Optimizer reset
[bt_navigator-13] [INFO] [1789906317.447586649] [bt_navigator]: Goal succeeded
[mission_executor-22] [INFO] [1789906349.799381974] [mission_executor]: [11] DELIVER done: delivered 3 units | measured 10.3 m, 58 s, 0.16 Wh, battery 22.6 -> 21.9 %
[python-19] INFO:     127.0.0.1:35694 - "POST /decide HTTP/1.1" 200 OK
[mission_executor-22] [INFO] [1789906349.803846245] [mission_executor]: decision: PICKUP:A - [routine] A has 1 units waiting; neural score +1.91, chosen over CHARGE:40 by +0.93
[mission_executor-22] [INFO] [1789906349.804785405] [mission_executor]: [12] PICKUP:A from delivery: predicted 10.0 m, 56 s, 0.14 Wh
[bt_navigator-13] [INFO] [1789906349.806260442] [bt_navigator]: Begin navigating from current location (-0.15, -3.83) to (-5.97, 3.08)
[controller_server-8] [INFO] [1789906349.827259769] [controller_server]: Received a goal, begin computing control effort.
[controller_server-8] [INFO] [1789906350.927472789] [controller_server]: Passing new path to controller.
[controller_server-8] [INFO] [1789906352.137115152] [controller_server]: Passing new path to controller.
[controller_server-8] [INFO] [1789906353.237104301] [controller_server]: Passing new path to controller.
[controller_server-8] [INFO] [1789906354.237142109] [controller_server]: Passing new path to controller.
[controller_server-8] [INFO] [1789906355.237110724] [controller_server]: Passing new path to controller.
[controller_server-8] [INFO] [1789906356.237136558] [controller_server]: Passing new path to controller.
[controller_server-8] [INFO] [1789906357.337208889] [controller_server]: Passing new path to controller.
[controller_server-8] [INFO] [1789906358.337132886] [controller_server]: Passing new path to controller.
[controller_server-8] [INFO] [1789906359.337146895] [controller_server]: Passing new path to controller.
[controller_server-8] [INFO] [1789906360.337096217] [controller_server]: Passing new path to controller.
[controller_server-8] [INFO] [1789906361.437097934] [controller_server]: Passing new path to controller.
[controller_server-8] [INFO] [1789906362.437193708] [controller_server]: Passing new path to controller.
[controller_server-8] [INFO] [1789906363.437124282] [controller_server]: Passing new path to controller.
[controller_server-8] [INFO] [1789906364.437118365] [controller_server]: Passing new path to controller.
[controller_server-8] [INFO] [1789906365.537120873] [controller_server]: Passing new path to controller.
[controller_server-8] [INFO] [1789906366.537095922] [controller_server]: Passing new path to controller.
[controller_server-8] [INFO] [1789906367.537111112] [controller_server]: Passing new path to controller.
[controller_server-8] [INFO] [1789906368.537120020] [controller_server]: Passing new path to controller.
[controller_server-8] [INFO] [1789906369.637139427] [controller_server]: Passing new path to controller.
[controller_server-8] [INFO] [1789906370.637120660] [controller_server]: Passing new path to controller.
[controller_server-8] [INFO] [1789906371.637158422] [controller_server]: Passing new path to controller.
[collision_monitor-16] [INFO] [1789906372.416273027] [collision_monitor]: Robot to approach for 1.200000 seconds away from collision
[collision_monitor-16] [INFO] [1789906372.456047476] [collision_monitor]: Robot to continue normal operation
[controller_server-8] [INFO] [1789906372.638081129] [controller_server]: Passing new path to controller.
[controller_server-8] [INFO] [1789906372.738160818] [controller_server]: Reached the goal!
[controller_server-8] [INFO] [1789906372.738371038] [controller_server]: Optimizer reset
[bt_navigator-13] [INFO] [1789906372.766578289] [bt_navigator]: Goal succeeded
[factory_node-20] [INFO] [1789906403.910092026] [factory]: pickup A: took 1 units (0.50 kg), 0 left
[mission_executor-22] [INFO] [1789906405.112815817] [mission_executor]: [12] PICKUP:A done: took 1 units (0.50 kg), 0 left | measured 10.0 m, 54 s, 0.14 Wh, battery 21.9 -> 21.2 %
[python-19] INFO:     127.0.0.1:52752 - "POST /decide HTTP/1.1" 200 OK
[mission_executor-22] [INFO] [1789906405.119614485] [mission_executor]: decision: DELIVER - [routine] carrying 1 units; neural score +1.90, chosen over PICKUP:B by +0.06
[mission_executor-22] [INFO] [1789906405.120170556] [mission_executor]: [13] DELIVER from A: predicted 10.0 m, 56 s, 0.15 Wh
[bt_navigator-13] [INFO] [1789906405.121290550] [bt_navigator]: Begin navigating from current location (-5.86, 3.00) to (-0.23, -3.98)
[controller_server-8] [INFO] [1789906405.142490631] [controller_server]: Received a goal, begin computing control effort.
[controller_server-8] [INFO] [1789906406.242727154] [controller_server]: Passing new path to controller.
[controller_server-8] [INFO] [1789906407.242730257] [controller_server]: Passing new path to controller.
[controller_server-8] [INFO] [1789906408.242737384] [controller_server]: Passing new path to controller.
[controller_server-8] [INFO] [1789906409.342741749] [controller_server]: Passing new path to controller.
[controller_server-8] [INFO] [1789906410.342745342] [controller_server]: Passing new path to controller.
[controller_server-8] [INFO] [1789906411.342749132] [controller_server]: Passing new path to controller.
[controller_server-8] [INFO] [1789906412.342749781] [controller_server]: Passing new path to controller.
[controller_server-8] [INFO] [1789906413.442734615] [controller_server]: Passing new path to controller.
[controller_server-8] [INFO] [1789906414.442747793] [controller_server]: Passing new path to controller.
[controller_server-8] [INFO] [1789906415.442770032] [controller_server]: Passing new path to controller.
[controller_server-8] [INFO] [1789906416.442751147] [controller_server]: Passing new path to controller.
[controller_server-8] [INFO] [1789906417.852258899] [controller_server]: Passing new path to controller.
[controller_server-8] [INFO] [1789906418.952233062] [controller_server]: Passing new path to controller.
[controller_server-8] [INFO] [1789906419.952237143] [controller_server]: Passing new path to controller.
[controller_server-8] [INFO] [1789906420.952268411] [controller_server]: Passing new path to controller.
[controller_server-8] [INFO] [1789906421.952246680] [controller_server]: Passing new path to controller.
[controller_server-8] [INFO] [1789906423.052240805] [controller_server]: Passing new path to controller.
[controller_server-8] [INFO] [1789906424.052242376] [controller_server]: Passing new path to controller.
[controller_server-8] [INFO] [1789906425.052237371] [controller_server]: Passing new path to controller.
[controller_server-8] [INFO] [1789906426.152253038] [controller_server]: Passing new path to controller.
[controller_server-8] [INFO] [1789906427.152247444] [controller_server]: Passing new path to controller.
[controller_server-8] [INFO] [1789906428.152233604] [controller_server]: Passing new path to controller.
[controller_server-8] [INFO] [1789906429.152237433] [controller_server]: Passing new path to controller.
[controller_server-8] [INFO] [1789906430.252231407] [controller_server]: Passing new path to controller.
[controller_server-8] [INFO] [1789906431.252275853] [controller_server]: Passing new path to controller.
[controller_server-8] [INFO] [1789906432.252268754] [controller_server]: Passing new path to controller.
[controller_server-8] [INFO] [1789906432.653216161] [controller_server]: Reached the goal!
[controller_server-8] [INFO] [1789906432.653409794] [controller_server]: Optimizer reset
[bt_navigator-13] [INFO] [1789906432.681317824] [bt_navigator]: Goal succeeded
[mission_executor-22] [INFO] [1789906465.045598462] [mission_executor]: [13] DELIVER done: delivered 1 units | measured 10.2 m, 59 s, 0.16 Wh, battery 21.2 -> 20.5 %
[python-19] INFO:     127.0.0.1:54626 - "POST /decide HTTP/1.1" 200 OK
[mission_executor-22] [INFO] [1789906465.049686937] [mission_executor]: decision: PICKUP:B - [routine] B has 1 units waiting; neural score +1.91, chosen over CHARGE:40 by +0.93
[mission_executor-22] [INFO] [1789906465.050254293] [mission_executor]: [14] PICKUP:B from delivery: predicted 10.3 m, 56 s, 0.15 Wh
[bt_navigator-13] [INFO] [1789906465.051457900] [bt_navigator]: Begin navigating from current location (-0.29, -3.81) to (6.03, 3.08)
[controller_server-8] [INFO] [1789906465.072858432] [controller_server]: Received a goal, begin computing control effort.
[controller_server-8] [INFO] [1789906466.173122143] [controller_server]: Passing new path to controller.
[controller_server-8] [INFO] [1789906467.173147789] [controller_server]: Passing new path to controller.
[controller_server-8] [INFO] [1789906468.173097375] [controller_server]: Passing new path to controller.
[controller_server-8] [INFO] [1789906469.273063717] [controller_server]: Passing new path to controller.
[controller_server-8] [INFO] [1789906470.273097411] [controller_server]: Passing new path to controller.
[controller_server-8] [INFO] [1789906471.273105695] [controller_server]: Passing new path to controller.
[controller_server-8] [INFO] [1789906472.273063316] [controller_server]: Passing new path to controller.
[controller_server-8] [INFO] [1789906473.373102378] [controller_server]: Passing new path to controller.
[controller_server-8] [INFO] [1789906474.373095135] [controller_server]: Passing new path to controller.
[controller_server-8] [INFO] [1789906475.373185446] [controller_server]: Passing new path to controller.
[controller_server-8] [INFO] [1789906476.373095467] [controller_server]: Passing new path to controller.
[controller_server-8] [INFO] [1789906477.473101750] [controller_server]: Passing new path to controller.
[controller_server-8] [INFO] [1789906478.473105694] [controller_server]: Passing new path to controller.
[controller_server-8] [INFO] [1789906479.473129797] [controller_server]: Passing new path to controller.
[controller_server-8] [INFO] [1789906480.573093355] [controller_server]: Passing new path to controller.
[controller_server-8] [INFO] [1789906481.573122763] [controller_server]: Passing new path to controller.
[controller_server-8] [INFO] [1789906482.573111735] [controller_server]: Passing new path to controller.
[controller_server-8] [INFO] [1789906483.582159288] [controller_server]: Passing new path to controller.
[controller_server-8] [INFO] [1789906484.682187328] [controller_server]: Passing new path to controller.
[controller_server-8] [INFO] [1789906485.682094643] [controller_server]: Passing new path to controller.
[controller_server-8] [INFO] [1789906486.682187354] [controller_server]: Passing new path to controller.
[controller_server-8] [INFO] [1789906487.682169652] [controller_server]: Passing new path to controller.
[controller_server-8] [INFO] [1789906488.383189158] [controller_server]: Reached the goal!
[controller_server-8] [INFO] [1789906488.383425716] [controller_server]: Optimizer reset
[bt_navigator-13] [INFO] [1789906488.411589732] [bt_navigator]: Goal succeeded
[factory_node-20] [INFO] [1789906519.593009000] [factory]: pickup B: took 2 units (0.80 kg), 0 left
[mission_executor-22] [INFO] [1789906520.795608750] [mission_executor]: [14] PICKUP:B done: took 2 units (0.80 kg), 0 left | measured 10.1 m, 54 s, 0.14 Wh, battery 20.5 -> 19.9 %
[python-19] INFO:     127.0.0.1:46854 - "POST /decide HTTP/1.1" 200 OK
[mission_executor-22] [INFO] [1789906520.801317804] [mission_executor]: decision: DELIVER - [routine] carrying 2 units; neural score +2.90, chosen over PICKUP:A by +1.06
[mission_executor-22] [INFO] [1789906520.801904691] [mission_executor]: [15] DELIVER from B: predicted 10.3 m, 56 s, 0.16 Wh
[bt_navigator-13] [INFO] [1789906520.803339239] [bt_navigator]: Begin navigating from current location (5.93, 2.89) to (-0.23, -3.98)
[controller_server-8] [INFO] [1789906520.824268415] [controller_server]: Received a goal, begin computing control effort.
[controller_server-8] [INFO] [1789906521.924437097] [controller_server]: Passing new path to controller.
[controller_server-8] [INFO] [1789906522.924440534] [controller_server]: Passing new path to controller.
[controller_server-8] [INFO] [1789906523.924494497] [controller_server]: Passing new path to controller.
[controller_server-8] [INFO] [1789906525.024458229] [controller_server]: Passing new path to controller.
[controller_server-8] [INFO] [1789906526.024460096] [controller_server]: Passing new path to controller.
[controller_server-8] [INFO] [1789906527.024460492] [controller_server]: Passing new path to controller.
[controller_server-8] [INFO] [1789906528.024457453] [controller_server]: Passing new path to controller.
[controller_server-8] [INFO] [1789906529.124486211] [controller_server]: Passing new path to controller.
[controller_server-8] [INFO] [1789906530.124415113] [controller_server]: Passing new path to controller.
[controller_server-8] [INFO] [1789906531.124488281] [controller_server]: Passing new path to controller.
[controller_server-8] [INFO] [1789906532.224481837] [controller_server]: Passing new path to controller.
[controller_server-8] [INFO] [1789906533.224459152] [controller_server]: Passing new path to controller.
[controller_server-8] [INFO] [1789906534.224450008] [controller_server]: Passing new path to controller.
[controller_server-8] [INFO] [1789906535.224453624] [controller_server]: Passing new path to controller.
[controller_server-8] [INFO] [1789906536.324424093] [controller_server]: Passing new path to controller.
[controller_server-8] [INFO] [1789906537.324462686] [controller_server]: Passing new path to controller.
[controller_server-8] [INFO] [1789906538.324429112] [controller_server]: Passing new path to controller.
[controller_server-8] [INFO] [1789906539.324426909] [controller_server]: Passing new path to controller.
[controller_server-8] [INFO] [1789906540.424436475] [controller_server]: Passing new path to controller.
[controller_server-8] [INFO] [1789906541.424398196] [controller_server]: Passing new path to controller.
[controller_server-8] [INFO] [1789906542.424468243] [controller_server]: Passing new path to controller.
[controller_server-8] [INFO] [1789906543.524464868] [controller_server]: Passing new path to controller.
[controller_server-8] [INFO] [1789906544.524426321] [controller_server]: Passing new path to controller.
[controller_server-8] [INFO] [1789906545.524468531] [controller_server]: Passing new path to controller.
[controller_server-8] [INFO] [1789906546.524423658] [controller_server]: Passing new path to controller.
[controller_server-8] [INFO] [1789906546.525665657] [controller_server]: Reached the goal!
[controller_server-8] [INFO] [1789906546.525953397] [controller_server]: Optimizer reset
[bt_navigator-13] [INFO] [1789906546.564317580] [bt_navigator]: Goal succeeded
[mission_executor-22] [INFO] [1789906579.129993915] [mission_executor]: [15] DELIVER done: delivered 2 units | measured 10.2 m, 57 s, 0.16 Wh, battery 19.9 -> 19.1 %
[python-19] INFO:     127.0.0.1:45896 - "POST /decide HTTP/1.1" 200 OK
[mission_executor-22] [INFO] [1789906579.133979692] [mission_executor]: decision: PICKUP:C - [routine] C has 1 units waiting; neural score +1.93, chosen over PICKUP:A by +0.03
[mission_executor-22] [INFO] [1789906579.135243983] [mission_executor]: [16] PICKUP:C from delivery: predicted 6.3 m, 46 s, 0.11 Wh
[bt_navigator-13] [INFO] [1789906579.136559715] [bt_navigator]: Begin navigating from current location (-0.14, -3.84) to (6.03, -3.42)
[controller_server-8] [INFO] [1789906579.157611130] [controller_server]: Received a goal, begin computing control effort.
[controller_server-8] [INFO] [1789906580.257844510] [controller_server]: Passing new path to controller.
[controller_server-8] [INFO] [1789906581.257817069] [controller_server]: Passing new path to controller.
[controller_server-8] [INFO] [1789906582.317468957] [controller_server]: Passing new path to controller.
[controller_server-8] [INFO] [1789906583.317440438] [controller_server]: Passing new path to controller.
[controller_server-8] [INFO] [1789906584.317479454] [controller_server]: Passing new path to controller.
[controller_server-8] [INFO] [1789906585.417473624] [controller_server]: Passing new path to controller.
[controller_server-8] [INFO] [1789906586.417454296] [controller_server]: Passing new path to controller.
[controller_server-8] [INFO] [1789906587.417443319] [controller_server]: Passing new path to controller.
[controller_server-8] [INFO] [1789906588.417497882] [controller_server]: Passing new path to controller.
[controller_server-8] [INFO] [1789906589.517439928] [controller_server]: Passing new path to controller.
[controller_server-8] [INFO] [1789906590.517489979] [controller_server]: Passing new path to controller.
[controller_server-8] [INFO] [1789906591.517458692] [controller_server]: Passing new path to controller.
[controller_server-8] [INFO] [1789906592.517469103] [controller_server]: Passing new path to controller.
[controller_server-8] [INFO] [1789906593.617451671] [controller_server]: Passing new path to controller.
[collision_monitor-16] [INFO] [1789906594.114076181] [collision_monitor]: Robot to approach for 1.200000 seconds away from collision
[collision_monitor-16] [INFO] [1789906594.143582346] [collision_monitor]: Robot to continue normal operation
[collision_monitor-16] [INFO] [1789906594.183316865] [collision_monitor]: Robot to approach for 1.200000 seconds away from collision
[collision_monitor-16] [INFO] [1789906594.253670939] [collision_monitor]: Robot to continue normal operation
[controller_server-8] [INFO] [1789906594.617436797] [controller_server]: Passing new path to controller.
[controller_server-8] [INFO] [1789906595.518513347] [controller_server]: Reached the goal!
[controller_server-8] [INFO] [1789906595.518944529] [controller_server]: Optimizer reset
[bt_navigator-13] [INFO] [1789906595.546602256] [bt_navigator]: Goal succeeded
[factory_node-20] [INFO] [1789906626.739402463] [factory]: pickup C: took 1 units (1.50 kg), 0 left
[mission_executor-22] [INFO] [1789906627.942265234] [mission_executor]: [16] PICKUP:C done: took 1 units (1.50 kg), 0 left | measured 6.3 m, 48 s, 0.11 Wh, battery 19.1 -> 18.6 %
[python-19] INFO:     127.0.0.1:38102 - "POST /decide HTTP/1.1" 200 OK
[mission_executor-22] [INFO] [1789906627.948854901] [mission_executor]: decision: DELIVER - [routine] carrying 1 units; neural score +1.93, chosen over PICKUP:B by +0.02
[mission_executor-22] [INFO] [1789906627.949476420] [mission_executor]: [17] DELIVER from C: predicted 6.3 m, 46 s, 0.12 Wh
[bt_navigator-13] [INFO] [1789906627.950631748] [bt_navigator]: Begin navigating from current location (5.97, -3.33) to (-0.23, -3.98)
[controller_server-8] [INFO] [1789906627.971674690] [controller_server]: Received a goal, begin computing control effort.
[controller_server-8] [INFO] [1789906629.071873183] [controller_server]: Passing new path to controller.
[controller_server-8] [INFO] [1789906630.071871890] [controller_server]: Passing new path to controller.
[controller_server-8] [INFO] [1789906631.071867653] [controller_server]: Passing new path to controller.
[controller_server-8] [INFO] [1789906632.171858451] [controller_server]: Passing new path to controller.
[controller_server-8] [INFO] [1789906633.171883745] [controller_server]: Passing new path to controller.
[controller_server-8] [INFO] [1789906634.171889221] [controller_server]: Passing new path to controller.
[controller_server-8] [INFO] [1789906635.171871117] [controller_server]: Passing new path to controller.
[controller_server-8] [INFO] [1789906636.271907869] [controller_server]: Passing new path to controller.
[controller_server-8] [INFO] [1789906637.271887250] [controller_server]: Passing new path to controller.
[controller_server-8] [INFO] [1789906638.271864179] [controller_server]: Passing new path to controller.
[controller_server-8] [INFO] [1789906639.271880545] [controller_server]: Passing new path to controller.
[controller_server-8] [INFO] [1789906640.371872463] [controller_server]: Passing new path to controller.
[controller_server-8] [INFO] [1789906641.371908255] [controller_server]: Passing new path to controller.
[controller_server-8] [INFO] [1789906642.371887316] [controller_server]: Passing new path to controller.
[controller_server-8] [INFO] [1789906643.371865414] [controller_server]: Passing new path to controller.
[controller_server-8] [INFO] [1789906644.471886114] [controller_server]: Passing new path to controller.
[controller_server-8] [INFO] [1789906644.475819853] [controller_server]: Reached the goal!
[controller_server-8] [INFO] [1789906644.476193480] [controller_server]: Optimizer reset
[bt_navigator-13] [INFO] [1789906644.511167362] [bt_navigator]: Goal succeeded
[mission_executor-22] [INFO] [1789906676.847488064] [mission_executor]: [17] DELIVER done: delivered 1 units | measured 6.4 m, 48 s, 0.13 Wh, battery 18.6 -> 18.1 %
[python-19] INFO:     127.0.0.1:33180 - "POST /decide HTTP/1.1" 200 OK
[mission_executor-22] [INFO] [1789906676.851344617] [mission_executor]: decision: PICKUP:A - [routine] A has 2 units waiting | PICKUP:B refused: battery would be 17 % back at the charger, below the 17 % reserve; neural score +2.91, chosen over WAIT:60 by +1.96
[mission_executor-22] [INFO] [1789906676.851868704] [mission_executor]: [18] PICKUP:A from delivery: predicted 10.0 m, 56 s, 0.14 Wh
[bt_navigator-13] [INFO] [1789906676.852824525] [bt_navigator]: Begin navigating from current location (-0.17, -3.84) to (-5.97, 3.08)
[controller_server-8] [INFO] [1789906676.874291576] [controller_server]: Received a goal, begin computing control effort.
[controller_server-8] [INFO] [1789906677.974512424] [controller_server]: Passing new path to controller.
[controller_server-8] [INFO] [1789906678.974546404] [controller_server]: Passing new path to controller.
[controller_server-8] [INFO] [1789906679.974572532] [controller_server]: Passing new path to controller.
[controller_server-8] [INFO] [1789906680.986221019] [controller_server]: Passing new path to controller.
[controller_server-8] [INFO] [1789906682.086250290] [controller_server]: Passing new path to controller.
[controller_server-8] [INFO] [1789906683.086228033] [controller_server]: Passing new path to controller.
[controller_server-8] [INFO] [1789906684.086245583] [controller_server]: Passing new path to controller.
[controller_server-8] [INFO] [1789906685.186231494] [controller_server]: Passing new path to controller.
[controller_server-8] [INFO] [1789906686.186236404] [controller_server]: Passing new path to controller.
[controller_server-8] [INFO] [1789906687.186244161] [controller_server]: Passing new path to controller.
[controller_server-8] [INFO] [1789906688.186224635] [controller_server]: Passing new path to controller.
[controller_server-8] [INFO] [1789906689.286232333] [controller_server]: Passing new path to controller.
[controller_server-8] [INFO] [1789906690.286262270] [controller_server]: Passing new path to controller.
[controller_server-8] [INFO] [1789906691.286317135] [controller_server]: Passing new path to controller.
[controller_server-8] [INFO] [1789906692.386227182] [controller_server]: Passing new path to controller.
[controller_server-8] [INFO] [1789906693.386344173] [controller_server]: Passing new path to controller.
[controller_server-8] [INFO] [1789906694.386227378] [controller_server]: Passing new path to controller.
[controller_server-8] [INFO] [1789906695.386273439] [controller_server]: Passing new path to controller.
[controller_server-8] [INFO] [1789906696.488062599] [controller_server]: Passing new path to controller.
[controller_server-8] [INFO] [1789906697.486231503] [controller_server]: Passing new path to controller.
[controller_server-8] [INFO] [1789906698.486233612] [controller_server]: Passing new path to controller.
[controller_server-8] [INFO] [1789906699.486265742] [controller_server]: Passing new path to controller.
[controller_server-8] [INFO] [1789906700.087360723] [controller_server]: Reached the goal!
[controller_server-8] [INFO] [1789906700.087583974] [controller_server]: Optimizer reset
[bt_navigator-13] [INFO] [1789906700.115129045] [bt_navigator]: Goal succeeded
[factory_node-20] [INFO] [1789906731.266973889] [factory]: pickup A: took 2 units (1.00 kg), 0 left
[mission_executor-22] [INFO] [1789906732.470098478] [mission_executor]: [18] PICKUP:A done: took 2 units (1.00 kg), 0 left | measured 10.0 m, 54 s, 0.14 Wh, battery 18.1 -> 17.4 %
[python-19] INFO:     127.0.0.1:39162 - "POST /decide HTTP/1.1" 200 OK
[mission_executor-22] [INFO] [1789906732.474701189] [mission_executor]: decision: CHARGE:40 - [routine] top up from 17 % | PICKUP:B refused: battery would be 16 % back at the charger, below the 17 % reserve; DELIVER refused: battery would be 17 % back at the charger, below the 17 % reserve; neural score +0.95, chosen over WAIT:60 by +0.00
[mission_executor-22] [INFO] [1789906732.475237878] [mission_executor]: [19] CHARGE:40 from A: predicted 9.0 m, 982 s, 0.10 Wh
[bt_navigator-13] [INFO] [1789906732.476281336] [bt_navigator]: Begin navigating from current location (-5.84, 3.08) to (-5.22, -2.98)
[controller_server-8] [INFO] [1789906732.497319904] [controller_server]: Received a goal, begin computing control effort.
[controller_server-8] [INFO] [1789906733.597535282] [controller_server]: Passing new path to controller.
[controller_server-8] [INFO] [1789906734.597558118] [controller_server]: Passing new path to controller.
[controller_server-8] [INFO] [1789906735.597491489] [controller_server]: Passing new path to controller.
[controller_server-8] [INFO] [1789906736.697501943] [controller_server]: Passing new path to controller.
[controller_server-8] [INFO] [1789906737.697506140] [controller_server]: Passing new path to controller.
[controller_server-8] [INFO] [1789906738.697497585] [controller_server]: Passing new path to controller.
[controller_server-8] [INFO] [1789906739.697506981] [controller_server]: Passing new path to controller.
[controller_server-8] [INFO] [1789906740.797486833] [controller_server]: Passing new path to controller.
[controller_server-8] [INFO] [1789906741.797515629] [controller_server]: Passing new path to controller.
[controller_server-8] [INFO] [1789906742.797555613] [controller_server]: Passing new path to controller.
[controller_server-8] [INFO] [1789906743.797482928] [controller_server]: Passing new path to controller.
[controller_server-8] [INFO] [1789906744.897508764] [controller_server]: Passing new path to controller.
[controller_server-8] [INFO] [1789906746.515322306] [controller_server]: Passing new path to controller.
[controller_server-8] [INFO] [1789906747.515279653] [controller_server]: Passing new path to controller.
[controller_server-8] [INFO] [1789906748.615254159] [controller_server]: Passing new path to controller.
[controller_server-8] [INFO] [1789906749.615259059] [controller_server]: Passing new path to controller.
[controller_server-8] [INFO] [1789906750.615253454] [controller_server]: Passing new path to controller.
[controller_server-8] [INFO] [1789906751.615268557] [controller_server]: Passing new path to controller.
[controller_server-8] [INFO] [1789906752.715300186] [controller_server]: Passing new path to controller.
[controller_server-8] [INFO] [1789906753.715263569] [controller_server]: Passing new path to controller.
[controller_server-8] [INFO] [1789906754.715273667] [controller_server]: Passing new path to controller.
[controller_server-8] [INFO] [1789906755.715272871] [controller_server]: Passing new path to controller.
[controller_server-8] [INFO] [1789906756.815264262] [controller_server]: Passing new path to controller.
[controller_server-8] [INFO] [1789906757.815269745] [controller_server]: Passing new path to controller.
[controller_server-8] [INFO] [1789906757.916206936] [controller_server]: Reached the goal!
[controller_server-8] [INFO] [1789906757.916476175] [controller_server]: Optimizer reset
[bt_navigator-13] [INFO] [1789906757.944761587] [bt_navigator]: Goal succeeded
[mission_executor-22] [INFO] [1789907749.069674376] [mission_executor]: [19] CHARGE:40 done: charged to 40.0 % | measured 9.3 m, 986 s, 0.10 Wh, battery 17.4 -> 40.0 %
[mission_executor-22] [INFO] [1789907749.070655849] [mission_executor]: shift over
[mission_executor-22] [INFO] [1789907749.081150182] [mission_executor]: MISSION COMPLETE
[mission_executor-22] run_id: run_20260920_140129
[mission_executor-22] scenario: low_battery_start
[mission_executor-22] seed: 1
[mission_executor-22] plan: ''
[mission_executor-22] ended_by: plan_finished
[mission_executor-22] actions: 19
[mission_executor-22] succeeded: 19
[mission_executor-22] failed: 0
[mission_executor-22] sim_duration_s: 1992.6
[mission_executor-22] distance_m: 191.35
[mission_executor-22] energy_drawn_wh: 2.852
[mission_executor-22] energy_charged_wh: 5.067
[mission_executor-22] battery_end_percent: 40.0
[mission_executor-22] delivered_units:
[mission_executor-22]   A: 7
[mission_executor-22]   B: 12
[mission_executor-22]   C: 2
[mission_executor-22] model: ns
[mission_executor-22] planner: NavfnDijkstra
[mission_executor-22] decisions:
[mission_executor-22]   asked: 19
[mission_executor-22]   answered_by_model: 19
[mission_executor-22]   fallback: 0
[mission_executor-22]   mean_latency_ms: 106.4
[mission_executor-22] navigation:
[mission_executor-22]   drives: 19
[mission_executor-22]   drive_attempt_failures: 0
[mission_executor-22]   timeouts: 0
[mission_executor-22]   recovered_after_retry: 0
[mission_executor-22]   goals_abandoned: 0
[mission_executor-22]   returned_to_charger: 0
[mission_executor-22] prediction_error_percent (non-charge actions, total measured vs predicted):
[mission_executor-22]   duration: -0.1
[mission_executor-22]   distance: 0.3
[mission_executor-22]   energy: 0.1
[mission_executor-22] 
[route_server-11] [INFO] [1789907754.015199144] [rclcpp]: signal_handler(SIGINT/SIGTERM)
[route_server-11] [INFO] [1789907754.015848558] [route_server]: Running Nav2 LifecycleNode rcl preshutdown (route_server)
[route_server-11] [INFO] [1789907754.016802175] [route_server]: Deactivating
[route_server-11] [INFO] [1789907754.017136201] [route_server]: Destroying bond (route_server) to lifecycle manager.
[behavior_server-12] [INFO] [1789907754.015222296] [rclcpp]: signal_handler(SIGINT/SIGTERM)
[behavior_server-12] [INFO] [1789907754.015860428] [behavior_server]: Running Nav2 LifecycleNode rcl preshutdown (behavior_server)
[behavior_server-12] [INFO] [1789907754.016852500] [behavior_server]: Deactivating
[behavior_server-12] [INFO] [1789907754.017893524] [behavior_server]: Destroying bond (behavior_server) to lifecycle manager.
[planner_server-10] [INFO] [1789907754.015261829] [rclcpp]: signal_handler(SIGINT/SIGTERM)
[planner_server-10] [INFO] [1789907754.015843457] [planner_server]: Running Nav2 LifecycleNode rcl preshutdown (planner_server)
[planner_server-10] [INFO] [1789907754.016908318] [planner_server]: Deactivating
[planner_server-10] [INFO] [1789907754.017395574] [global_costmap.global_costmap]: Deactivating
[waypoint_follower-14] [INFO] [1789907754.015251823] [rclcpp]: signal_handler(SIGINT/SIGTERM)
[waypoint_follower-14] [INFO] [1789907754.015851206] [waypoint_follower]: Running Nav2 LifecycleNode rcl preshutdown (waypoint_follower)
[waypoint_follower-14] [INFO] [1789907754.017063903] [waypoint_follower]: Deactivating
[waypoint_follower-14] [INFO] [1789907754.017490730] [waypoint_follower]: Destroying bond (waypoint_follower) to lifecycle manager.
[collision_monitor-16] [INFO] [1789907754.015630681] [rclcpp]: signal_handler(SIGINT/SIGTERM)
[collision_monitor-16] [INFO] [1789907754.015839631] [collision_monitor]: Running Nav2 LifecycleNode rcl preshutdown (collision_monitor)
[collision_monitor-16] [INFO] [1789907754.016855933] [collision_monitor]: Deactivating
[collision_monitor-16] [INFO] [1789907754.017231553] [collision_monitor]: Destroying bond (collision_monitor) to lifecycle manager.
[smoother_server-9] [INFO] [1789907754.015629111] [rclcpp]: signal_handler(SIGINT/SIGTERM)
[smoother_server-9] [INFO] [1789907754.015904082] [smoother_server]: Running Nav2 LifecycleNode rcl preshutdown (smoother_server)
[controller_server-8] [INFO] [1789907754.016506898] [rclcpp]: signal_handler(SIGINT/SIGTERM)
[controller_server-8] [INFO] [1789907754.016625303] [controller_server]: Running Nav2 LifecycleNode rcl preshutdown (controller_server)
[controller_server-8] [INFO] [1789907754.017773451] [controller_server]: Deactivating
[map_server-5] [INFO] [1789907754.016908711] [rclcpp]: signal_handler(SIGINT/SIGTERM)
[map_server-5] [INFO] [1789907754.017237537] [map_server]: Running Nav2 LifecycleNode rcl preshutdown (map_server)
[lifecycle_manager-7] [INFO] [1789907754.017416469] [rclcpp]: signal_handler(SIGINT/SIGTERM)
[lifecycle_manager-7] [INFO] [1789907754.017751084] [lifecycle_manager_localization]: Running Nav2 LifecycleManager rcl preshutdown (lifecycle_manager_localization)
[lifecycle_manager-7] [INFO] [1789907754.018450136] [lifecycle_manager_localization]: [34m[1mTerminating bond timer...[0m[0m
[velocity_smoother-15] [INFO] [1789907754.018063529] [rclcpp]: signal_handler(SIGINT/SIGTERM)
[velocity_smoother-15] [INFO] [1789907754.018305048] [velocity_smoother]: Running Nav2 LifecycleNode rcl preshutdown (velocity_smoother)
[bt_navigator-13] [INFO] [1789907754.018363024] [rclcpp]: signal_handler(SIGINT/SIGTERM)
[bt_navigator-13] [INFO] [1789907754.018530871] [bt_navigator]: Running Nav2 LifecycleNode rcl preshutdown (bt_navigator)
[robot_state_publisher-2] [INFO] [1789907754.018451215] [rclcpp]: signal_handler(SIGINT/SIGTERM)
[smoother_server-9] [INFO] [1789907754.018757086] [smoother_server]: Deactivating
[smoother_server-9] [INFO] [1789907754.019033136] [smoother_server]: Destroying bond (smoother_server) to lifecycle manager.
[controller_server-8] [INFO] [1789907754.019013615] [MPPIController]: Deactivated MPPI Controller: FollowPath
[controller_server-8] [INFO] [1789907754.019255232] [local_costmap.local_costmap]: Deactivating
[velocity_smoother-15] [INFO] [1789907754.019045399] [velocity_smoother]: Deactivating
[velocity_smoother-15] [INFO] [1789907754.019364710] [velocity_smoother]: Destroying bond (velocity_smoother) to lifecycle manager.
[amcl-6] [INFO] [1789907754.019111223] [rclcpp]: signal_handler(SIGINT/SIGTERM)
[amcl-6] [INFO] [1789907754.019360688] [amcl]: Running Nav2 LifecycleNode rcl preshutdown (amcl)
[bt_navigator-13] [INFO] [1789907754.019343226] [bt_navigator]: Deactivating
[bt_navigator-13] [INFO] [1789907754.019699128] [bt_navigator]: Destroying bond (bt_navigator) to lifecycle manager.
[amcl-6] [INFO] [1789907754.020059347] [amcl]: Deactivating
[amcl-6] [INFO] [1789907754.020264766] [amcl]: Destroying bond (amcl) to lifecycle manager.
[map_server-5] [INFO] [1789907754.021554567] [map_server]: Deactivating
[map_server-5] [INFO] [1789907754.021846313] [map_server]: Destroying bond (map_server) to lifecycle manager.
[opennav_docking-17] [INFO] [1789907754.023062148] [rclcpp]: signal_handler(SIGINT/SIGTERM)
[opennav_docking-17] [INFO] [1789907754.023544598] [docking_server]: Running Nav2 LifecycleNode rcl preshutdown (docking_server)
[opennav_docking-17] [INFO] [1789907754.024266212] [docking_server]: Deactivating docking_server
[parameter_bridge-4] [INFO] [1789907754.023342416] [rclcpp]: signal_handler(SIGINT/SIGTERM)
[lifecycle_manager-18] [INFO] [1789907754.027901652] [rclcpp]: signal_handler(SIGINT/SIGTERM)
[lifecycle_manager-18] [INFO] [1789907754.028197910] [lifecycle_manager_navigation]: Running Nav2 LifecycleManager rcl preshutdown (lifecycle_manager_navigation)
[lifecycle_manager-18] [INFO] [1789907754.028573923] [lifecycle_manager_navigation]: [34m[1mTerminating bond timer...[0m[0m
[behavior_server-12] [INFO] [1789907754.029545885] [behavior_server]: Cleaning up
[route_server-11] [INFO] [1789907754.033002785] [route_server]: Cleaning up
[smoother_server-9] [INFO] [1789907754.049989754] [smoother_server]: Cleaning up
[waypoint_follower-14] [INFO] [1789907754.052330487] [waypoint_follower]: Cleaning up
[collision_monitor-16] [INFO] [1789907754.052434276] [collision_monitor]: Cleaning up
[collision_monitor-16] [INFO] [1789907754.052584661] [collision_monitor]: [FootprintApproach]: Destroying Polygon
[collision_monitor-16] [INFO] [1789907754.052723863] [collision_monitor]: [scan]: Destroying Scan
[amcl-6] [INFO] [1789907754.056423754] [amcl]: Cleaning up
[map_server-5] [INFO] [1789907754.056609357] [map_server]: Cleaning up
[map_server-5] [INFO] [1789907754.056829098] [map_server]: Destroying bond (map_server) to lifecycle manager.
[velocity_smoother-15] [INFO] [1789907754.059893407] [velocity_smoother]: Cleaning up
[velocity_smoother-15] [INFO] [1789907754.060057134] [velocity_smoother]: Destroying bond (velocity_smoother) to lifecycle manager.
[bt_navigator-13] [INFO] [1789907754.061348996] [bt_navigator]: Cleaning up
[collision_monitor-16] [INFO] [1789907754.077119148] [collision_monitor]: Destroying bond (collision_monitor) to lifecycle manager.
[velocity_smoother-15] [INFO] [1789907754.085325498] [velocity_smoother]: Destroying
[python-19] INFO:     Shutting down
[map_server-5] [INFO] [1789907754.098978190] [map_server]: Destroying
[amcl-6] [INFO] [1789907754.106814511] [amcl]: Destroying bond (amcl) to lifecycle manager.
[collision_monitor-16] [INFO] [1789907754.109050671] [collision_monitor]: Destroying
[opennav_docking-17] [INFO] [1789907754.112135974] [docking_server]: Destroying bond (docking_server) to lifecycle manager.
[opennav_docking-17] [INFO] [1789907754.122670304] [docking_server]: Cleaning up docking_server
[amcl-6] [INFO] [1789907754.132435638] [amcl]: Destroying
[lifecycle_manager-7] [INFO] [1789907754.137065112] [lifecycle_manager_localization]: Destroying lifecycle_manager_localization
[behavior_server-12] [INFO] [1789907754.140960514] [behavior_server]: Destroying bond (behavior_server) to lifecycle manager.
[smoother_server-9] [INFO] [1789907754.188663955] [smoother_server]: Destroying bond (smoother_server) to lifecycle manager.
[opennav_docking-17] [INFO] [1789907754.194405280] [docking_server]: Destroying bond (docking_server) to lifecycle manager.
[python-19] INFO:     Waiting for application shutdown.
[waypoint_follower-14] [INFO] [1789907754.200960726] [waypoint_follower]: Destroying bond (waypoint_follower) to lifecycle manager.
[python-19] INFO:     Application shutdown complete.
[route_server-11] [INFO] [1789907754.204103220] [route_server]: Destroying bond (route_server) to lifecycle manager.
[controller_server-8] [INFO] [1789907754.210259307] [controller_server]: Destroying bond (controller_server) to lifecycle manager.
[smoother_server-9] [INFO] [1789907754.215397619] [smoother_server]: Destroying
[controller_server-8] [INFO] [1789907754.222818885] [controller_server]: Cleaning up
[controller_server-8] [INFO] [1789907754.225083494] [MPPIController]: Cleaned up MPPI Controller: FollowPath
[controller_server-8] [INFO] [1789907754.225793336] [local_costmap.local_costmap]: Cleaning up
[python-19] INFO:     Finished server process [83164]
[waypoint_follower-14] [INFO] [1789907754.225232996] [waypoint_follower]: Destroying
[opennav_docking-17] [INFO] [1789907754.241354538] [docking_server]: Destroying
[route_server-11] [INFO] [1789907754.241499920] [route_server]: Destroying
[behavior_server-12] [INFO] [1789907754.330875105] [behavior_server]: Destroying
[INFO] [parameter_bridge-4]: process has finished cleanly [pid 82760]
[INFO] [robot_state_publisher-2]: process has finished cleanly [pid 82757]
[INFO] [map_server-5]: process has finished cleanly [pid 82761]
[controller_server-8] [INFO] [1789907754.392590966] [controller_server]: Destroying bond (controller_server) to lifecycle manager.
[factory_node-20] Traceback (most recent call last):
[factory_node-20]   File "/home/robojazzy/robofetch_ws_copy/robofetch_ws/install/robofetch_factory/lib/robofetch_factory/factory_node", line 33, in <module>
[factory_node-20]     sys.exit(load_entry_point('robofetch-factory', 'console_scripts', 'factory_node')())
[factory_node-20]              ^^^^^^^^^^^^^^^^^^^^^^^^^^^^^^^^^^^^^^^^^^^^^^^^^^^^^^^^^^^^^^^^^^^^^^^^^^
[factory_node-20]   File "/home/robojazzy/robofetch_ws_copy/robofetch_ws/build/robofetch_factory/robofetch_factory/factory_node.py", line 155, in main
[factory_node-20]     rclpy.spin(node)
[factory_node-20]   File "/opt/ros/jazzy/lib/python3.12/site-packages/rclpy/__init__.py", line 247, in spin
[factory_node-20]     executor.spin_once()
[factory_node-20]   File "/opt/ros/jazzy/lib/python3.12/site-packages/rclpy/executors.py", line 926, in spin_once
[factory_node-20]     self._spin_once_impl(timeout_sec)
[factory_node-20]   File "/opt/ros/jazzy/lib/python3.12/site-packages/rclpy/executors.py", line 907, in _spin_once_impl
[factory_node-20]     handler, entity, node = self.wait_for_ready_callbacks(
[factory_node-20]                             ^^^^^^^^^^^^^^^^^^^^^^^^^^^^^^
[factory_node-20]   File "/opt/ros/jazzy/lib/python3.12/site-packages/rclpy/executors.py", line 877, in wait_for_ready_callbacks
[factory_node-20]     return next(self._cb_iter)
[factory_node-20]            ^^^^^^^^^^^^^^^^^^^
[factory_node-20]   File "/opt/ros/jazzy/lib/python3.12/site-packages/rclpy/executors.py", line 785, in _wait_for_ready_callbacks
[controller_server-8] [INFO] [1789907754.403568800] [local_costmap.local_costmap]: Destroying
[factory_node-20]     raise ExternalShutdownException()
[factory_node-20] rclpy.executors.ExternalShutdownException
[lifecycle_manager-18] [INFO] [1789907754.410756002] [lifecycle_manager_navigation]: Destroying lifecycle_manager_navigation
[INFO] [lifecycle_manager-7]: process has finished cleanly [pid 82763]
[INFO] [collision_monitor-16]: process has finished cleanly [pid 82776]
[INFO] [velocity_smoother-15]: process has finished cleanly [pid 82773]
[robot_state_node-21] Traceback (most recent call last):
[robot_state_node-21]   File "/home/robojazzy/robofetch_ws_copy/robofetch_ws/install/robofetch_core/lib/robofetch_core/robot_state_node", line 33, in <module>
[robot_state_node-21]     sys.exit(load_entry_point('robofetch-core', 'console_scripts', 'robot_state_node')())
[robot_state_node-21]              ^^^^^^^^^^^^^^^^^^^^^^^^^^^^^^^^^^^^^^^^^^^^^^^^^^^^^^^^^^^^^^^^^^^^^^^^^^^
[robot_state_node-21]   File "/home/robojazzy/robofetch_ws_copy/robofetch_ws/build/robofetch_core/robofetch_core/robot_state_node.py", line 186, in main
[robot_state_node-21]     rclpy.spin(node)
[robot_state_node-21]   File "/opt/ros/jazzy/lib/python3.12/site-packages/rclpy/__init__.py", line 247, in spin
[robot_state_node-21]     executor.spin_once()
[robot_state_node-21]   File "/opt/ros/jazzy/lib/python3.12/site-packages/rclpy/executors.py", line 926, in spin_once
[robot_state_node-21]     self._spin_once_impl(timeout_sec)
[robot_state_node-21]   File "/opt/ros/jazzy/lib/python3.12/site-packages/rclpy/executors.py", line 907, in _spin_once_impl
[robot_state_node-21]     handler, entity, node = self.wait_for_ready_callbacks(
[robot_state_node-21]                             ^^^^^^^^^^^^^^^^^^^^^^^^^^^^^^
[robot_state_node-21]   File "/opt/ros/jazzy/lib/python3.12/site-packages/rclpy/executors.py", line 877, in wait_for_ready_callbacks
[robot_state_node-21]     return next(self._cb_iter)
[robot_state_node-21]            ^^^^^^^^^^^^^^^^^^^
[robot_state_node-21]   File "/opt/ros/jazzy/lib/python3.12/site-packages/rclpy/executors.py", line 785, in _wait_for_ready_callbacks
[robot_state_node-21]     raise ExternalShutdownException()
[robot_state_node-21] rclpy.executors.ExternalShutdownException
[controller_server-8] [INFO] [1789907754.441474828] [controller_server]: Destroying
[INFO] [amcl-6]: process has finished cleanly [pid 82762]
[INFO] [smoother_server-9]: process has finished cleanly [pid 82767]
[mission_executor-22] Traceback (most recent call last):
[mission_executor-22]   File "/home/robojazzy/robofetch_ws_copy/robofetch_ws/install/robofetch_core/lib/robofetch_core/mission_executor", line 33, in <module>
[mission_executor-22]     sys.exit(load_entry_point('robofetch-core', 'console_scripts', 'mission_executor')())
[mission_executor-22]              ^^^^^^^^^^^^^^^^^^^^^^^^^^^^^^^^^^^^^^^^^^^^^^^^^^^^^^^^^^^^^^^^^^^^^^^^^^^
[mission_executor-22]   File "/home/robojazzy/robofetch_ws_copy/robofetch_ws/build/robofetch_core/robofetch_core/mission_executor.py", line 716, in main
[mission_executor-22]     executor.spin()
[mission_executor-22]   File "/opt/ros/jazzy/lib/python3.12/site-packages/rclpy/executors.py", line 359, in spin
[mission_executor-22]     self._spin_once_impl()
[mission_executor-22]   File "/opt/ros/jazzy/lib/python3.12/site-packages/rclpy/executors.py", line 907, in _spin_once_impl
[mission_executor-22]     handler, entity, node = self.wait_for_ready_callbacks(
[mission_executor-22]                             ^^^^^^^^^^^^^^^^^^^^^^^^^^^^^^
[mission_executor-22]   File "/opt/ros/jazzy/lib/python3.12/site-packages/rclpy/executors.py", line 877, in wait_for_ready_callbacks
[mission_executor-22]     return next(self._cb_iter)
[mission_executor-22]            ^^^^^^^^^^^^^^^^^^^
[mission_executor-22]   File "/opt/ros/jazzy/lib/python3.12/site-packages/rclpy/executors.py", line 785, in _wait_for_ready_callbacks
[mission_executor-22]     raise ExternalShutdownException()
[mission_executor-22] rclpy.executors.ExternalShutdownException
[INFO] [waypoint_follower-14]: process has finished cleanly [pid 82772]
[INFO] [opennav_docking-17]: process has finished cleanly [pid 82777]
[INFO] [route_server-11]: process has finished cleanly [pid 82769]
[bt_navigator-13] [INFO] [1789907754.494541816] [bt_navigator]: Completed Cleaning up
[bt_navigator-13] [INFO] [1789907754.494634618] [bt_navigator]: Destroying bond (bt_navigator) to lifecycle manager.
[bt_navigator-13] [INFO] [1789907754.513669397] [bt_navigator]: Destroying
[INFO] [behavior_server-12]: process has finished cleanly [pid 82770]
[INFO] [lifecycle_manager-18]: process has finished cleanly [pid 82780]
[INFO] [controller_server-8]: process has finished cleanly [pid 82766]
[INFO] [bt_navigator-13]: process has finished cleanly [pid 82771]
[ERROR] [factory_node-20]: process has died [pid 83185, exit code 1, cmd '/home/robojazzy/robofetch_ws_copy/robofetch_ws/install/robofetch_factory/lib/robofetch_factory/factory_node --ros-args -r __node:=factory --params-file /tmp/launch_params_o08pf1po'].
[ERROR] [robot_state_node-21]: process has died [pid 83186, exit code 1, cmd '/home/robojazzy/robofetch_ws_copy/robofetch_ws/install/robofetch_core/lib/robofetch_core/robot_state_node --ros-args -r __node:=robot_state_node --params-file /tmp/launch_params_l2rfhn0s --params-file /tmp/launch_params_9uwqaa85'].
[ERROR] [mission_executor-22]: process has died [pid 83222, exit code 1, cmd '/home/robojazzy/robofetch_ws_copy/robofetch_ws/install/robofetch_core/lib/robofetch_core/mission_executor --ros-args -r __node:=mission_executor --params-file /tmp/launch_params_vge2w0br --params-file /tmp/launch_params_ma5xab51'].
[planner_server-10] [INFO] [1789907754.935137067] [planner_server]: Deactivating plugin SmacLattice of type SmacPlannerLattice
[planner_server-10] [INFO] [1789907754.935448040] [planner_server]: Deactivating plugin ThetaStar of type nav2_theta_star_planner
[planner_server-10] [INFO] [1789907754.935656696] [planner_server]: Deactivating plugin NavfnAStar of type NavfnPlanner
[planner_server-10] [INFO] [1789907754.935832195] [planner_server]: Deactivating plugin Smac2D of type SmacPlanner2D
[planner_server-10] [INFO] [1789907754.935880557] [planner_server]: Deactivating plugin NavfnDijkstra of type NavfnPlanner
[planner_server-10] [INFO] [1789907754.935893212] [planner_server]: Deactivating plugin GridBased of type NavfnPlanner
[planner_server-10] [INFO] [1789907754.935958546] [planner_server]: Destroying bond (planner_server) to lifecycle manager.
[planner_server-10] [INFO] [1789907754.946215943] [planner_server]: Cleaning up
[planner_server-10] [INFO] [1789907754.953316132] [global_costmap.global_costmap]: Cleaning up
[planner_server-10] [INFO] [1789907754.958903638] [planner_server]: Cleaning up plugin SmacLattice of type SmacPlannerLattice
[planner_server-10] [INFO] [1789907754.960028438] [planner_server]: CleaningUp plugin ThetaStar of type nav2_theta_star_planner
[planner_server-10] [INFO] [1789907754.960067579] [planner_server]: Cleaning up plugin NavfnAStar of type NavfnPlanner
[planner_server-10] [INFO] [1789907754.960397976] [planner_server]: Cleaning up plugin Smac2D of type SmacPlanner2D
[planner_server-10] [INFO] [1789907754.960979897] [planner_server]: Cleaning up plugin NavfnDijkstra of type NavfnPlanner
[planner_server-10] [INFO] [1789907754.961208958] [planner_server]: Cleaning up plugin GridBased of type NavfnPlanner
[planner_server-10] [INFO] [1789907754.961285769] [planner_server]: Destroying plugin SmacLattice of type SmacPlannerLattice
[planner_server-10] [INFO] [1789907754.961342372] [planner_server]: Destroying plugin NavfnAStar of type NavfnPlanner
[planner_server-10] [INFO] [1789907754.961372292] [planner_server]: Destroying plugin Smac2D of type SmacPlanner2D
[planner_server-10] [INFO] [1789907754.961411629] [planner_server]: Destroying plugin NavfnDijkstra of type NavfnPlanner
[planner_server-10] [INFO] [1789907754.961428699] [planner_server]: Destroying plugin GridBased of type NavfnPlanner
[planner_server-10] [INFO] [1789907754.968399495] [planner_server]: Destroying bond (planner_server) to lifecycle manager.
[planner_server-10] [INFO] [1789907754.972595962] [global_costmap.global_costmap]: Destroying
[planner_server-10] [INFO] [1789907754.983109102] [planner_server]: Destroying
[INFO] [planner_server-10]: process has finished cleanly [pid 82768]
[gazebo-1] [1;36m[Dbg] [GpuLidarSensor.cc:164] [0m[1;36mLidar points for [[0m[1;36mrobofetch::base_footprint::lidar[0m[1;36m] advertised on [[0m[1;36mscan/points[0m[1;36m][0m[1;36m[0m
[gazebo-1] [1;36m[Dbg] [SignalHandler.cc:142] [0m[1;36mReceived signal[[0m[1;36m2[0m[1;36m].[0m
[gazebo-1] [1;36m[Dbg] [ServerPrivate.cc:122] [0m[1;36mServer received signal[[0m[1;36m2[0m[1;36m][0m
[gazebo-1] [1;36m[Dbg] [Sensors.cc:565] [0m[1;36mSensorsPrivate::Stop[0m[1;36m[0m
[gazebo-1] [1;36m[Dbg] [Sensors.cc:551] [0m[1;36mSensorsPrivate::RenderThread stopped[0m[1;36m[0m
[gazebo-1] [1;36m[Dbg] [gz.cc:434] [0m[1;36mShutting down gz-sim-server[0m[1;36m[0m
[gazebo-1] [1;36m[Dbg] [SimulationRunner.cc:578] [0m[1;36mExiting postupdate worker thread ([0m[1;36m4[Dbg] [SimulationRunner.cc:578] [0m[1;36m4[0m[1;36m)[0m[1;36m[0m
[gazebo-1] [1;36mExiting postupdate worker thread ([0m[1;36m3[0m[1;36m)[0m[1;36m[0m
[gazebo-1] [1;36m)[0m[1;36mExiting postupdate worker thread ([0m[1;36m1[0m[1;36mExiting postupdate worker thread ([0m[1;36m5[0m[1;36m)[0m[1;36mExiting postupdate worker thread ([Dbg] [SimulationRunner.cc:578] [0m[1;36mExiting postupdate worker thread ([0m[1;36m0[0m[1;36m)[0m[1;36m[0m
[gazebo-1] [1;36m1[0m[1;36m)[0m[1;36m[0m
[gazebo-1] [1;36m)[0m[1;36mExiting postupdate worker thread ([0m[1;36m2[0m[1;36m)[0m[1;36m[0m
[gazebo-1] [1;36m[0m
[gazebo-1] [1;36m[Dbg] [Sensors.cc:565] [0m[1;36mSensorsPrivate::Stop[0m[1;36m[0m
[INFO] [gazebo-1]: process has finished cleanly [pid 82756]
[INFO] [python-19]: process has finished cleanly [pid 83164]
