Using cpu device
training PPO for 300000 steps on ['balanced', 'fault_burst', 'high_demand', 'low_battery_start', 'one_hot_section', 'worn_robot'] (masked, 3 threads)
---------------------------------
| rollout/           |          |
|    ep_len_mean     | 42       |
|    ep_rew_mean     | 31.9     |
| time/              |          |
|    fps             | 541      |
|    iterations      | 1        |
|    time_elapsed    | 3        |
|    total_timesteps | 2048     |
---------------------------------
-----------------------------------------
| rollout/                |             |
|    ep_len_mean          | 40.5        |
|    ep_rew_mean          | 28.1        |
| time/                   |             |
|    fps                  | 515         |
|    iterations           | 2           |
|    time_elapsed         | 7           |
|    total_timesteps      | 4096        |
| train/                  |             |
|    approx_kl            | 0.014782013 |
|    clip_fraction        | 0.157       |
|    clip_range           | 0.2         |
|    entropy_loss         | -1.29       |
|    explained_variance   | 0.0146      |
|    learning_rate        | 0.0003      |
|    loss                 | 34.2        |
|    n_updates            | 10          |
|    policy_gradient_loss | -0.0187     |
|    value_loss           | 106         |
-----------------------------------------
-----------------------------------------
| rollout/                |             |
|    ep_len_mean          | 38.6        |
|    ep_rew_mean          | 27.8        |
| time/                   |             |
|    fps                  | 500         |
|    iterations           | 3           |
|    time_elapsed         | 12          |
|    total_timesteps      | 6144        |
| train/                  |             |
|    approx_kl            | 0.011479494 |
|    clip_fraction        | 0.103       |
|    clip_range           | 0.2         |
|    entropy_loss         | -1.27       |
|    explained_variance   | 0.0295      |
|    learning_rate        | 0.0003      |
|    loss                 | 35.4        |
|    n_updates            | 20          |
|    policy_gradient_loss | -0.0133     |
|    value_loss           | 98.7        |
-----------------------------------------
-----------------------------------------
| rollout/                |             |
|    ep_len_mean          | 38.5        |
|    ep_rew_mean          | 32.4        |
| time/                   |             |
|    fps                  | 488         |
|    iterations           | 4           |
|    time_elapsed         | 16          |
|    total_timesteps      | 8192        |
| train/                  |             |
|    approx_kl            | 0.013138942 |
|    clip_fraction        | 0.126       |
|    clip_range           | 0.2         |
|    entropy_loss         | -1.22       |
|    explained_variance   | 0.0214      |
|    learning_rate        | 0.0003      |
|    loss                 | 53.2        |
|    n_updates            | 30          |
|    policy_gradient_loss | -0.0121     |
|    value_loss           | 117         |
-----------------------------------------
------------------------------------------
| rollout/                |              |
|    ep_len_mean          | 41           |
|    ep_rew_mean          | 37           |
| time/                   |              |
|    fps                  | 490          |
|    iterations           | 5            |
|    time_elapsed         | 20           |
|    total_timesteps      | 10240        |
| train/                  |              |
|    approx_kl            | 0.0071340543 |
|    clip_fraction        | 0.0288       |
|    clip_range           | 0.2          |
|    entropy_loss         | -1.18        |
|    explained_variance   | 0.00887      |
|    learning_rate        | 0.0003       |
|    loss                 | 62.6         |
|    n_updates            | 40           |
|    policy_gradient_loss | -0.00493     |
|    value_loss           | 137          |
------------------------------------------
----------------------------------------
| rollout/                |            |
|    ep_len_mean          | 41.5       |
|    ep_rew_mean          | 36.7       |
| time/                   |            |
|    fps                  | 480        |
|    iterations           | 6          |
|    time_elapsed         | 25         |
|    total_timesteps      | 12288      |
| train/                  |            |
|    approx_kl            | 0.00666006 |
|    clip_fraction        | 0.0253     |
|    clip_range           | 0.2        |
|    entropy_loss         | -1.14      |
|    explained_variance   | 0.00391    |
|    learning_rate        | 0.0003     |
|    loss                 | 48.3       |
|    n_updates            | 50         |
|    policy_gradient_loss | -0.0049    |
|    value_loss           | 116        |
----------------------------------------
------------------------------------------
| rollout/                |              |
|    ep_len_mean          | 38.7         |
|    ep_rew_mean          | 34.4         |
| time/                   |              |
|    fps                  | 476          |
|    iterations           | 7            |
|    time_elapsed         | 30           |
|    total_timesteps      | 14336        |
| train/                  |              |
|    approx_kl            | 0.0074238786 |
|    clip_fraction        | 0.0388       |
|    clip_range           | 0.2          |
|    entropy_loss         | -1.12        |
|    explained_variance   | 0.00421      |
|    learning_rate        | 0.0003       |
|    loss                 | 59.5         |
|    n_updates            | 60           |
|    policy_gradient_loss | -0.00575     |
|    value_loss           | 120          |
------------------------------------------
-----------------------------------------
| rollout/                |             |
|    ep_len_mean          | 37.7        |
|    ep_rew_mean          | 35.1        |
| time/                   |             |
|    fps                  | 476         |
|    iterations           | 8           |
|    time_elapsed         | 34          |
|    total_timesteps      | 16384       |
| train/                  |             |
|    approx_kl            | 0.005282093 |
|    clip_fraction        | 0.0483      |
|    clip_range           | 0.2         |
|    entropy_loss         | -1.06       |
|    explained_variance   | 0.0044      |
|    learning_rate        | 0.0003      |
|    loss                 | 65.4        |
|    n_updates            | 70          |
|    policy_gradient_loss | -0.00706    |
|    value_loss           | 138         |
-----------------------------------------
------------------------------------------
| rollout/                |              |
|    ep_len_mean          | 40.9         |
|    ep_rew_mean          | 40.2         |
| time/                   |              |
|    fps                  | 468          |
|    iterations           | 9            |
|    time_elapsed         | 39           |
|    total_timesteps      | 18432        |
| train/                  |              |
|    approx_kl            | 0.0048304163 |
|    clip_fraction        | 0.0138       |
|    clip_range           | 0.2          |
|    entropy_loss         | -1.07        |
|    explained_variance   | 0.00416      |
|    learning_rate        | 0.0003       |
|    loss                 | 70.3         |
|    n_updates            | 80           |
|    policy_gradient_loss | -0.00356     |
|    value_loss           | 146          |
------------------------------------------
-----------------------------------------
| rollout/                |             |
|    ep_len_mean          | 42.2        |
|    ep_rew_mean          | 42.3        |
| time/                   |             |
|    fps                  | 463         |
|    iterations           | 10          |
|    time_elapsed         | 44          |
|    total_timesteps      | 20480       |
| train/                  |             |
|    approx_kl            | 0.004618183 |
|    clip_fraction        | 0.0233      |
|    clip_range           | 0.2         |
|    entropy_loss         | -1.04       |
|    explained_variance   | 0.00252     |
|    learning_rate        | 0.0003      |
|    loss                 | 67.8        |
|    n_updates            | 90          |
|    policy_gradient_loss | -0.00411    |
|    value_loss           | 133         |
-----------------------------------------
-----------------------------------------
| rollout/                |             |
|    ep_len_mean          | 43.5        |
|    ep_rew_mean          | 43.5        |
| time/                   |             |
|    fps                  | 453         |
|    iterations           | 11          |
|    time_elapsed         | 49          |
|    total_timesteps      | 22528       |
| train/                  |             |
|    approx_kl            | 0.005608271 |
|    clip_fraction        | 0.0373      |
|    clip_range           | 0.2         |
|    entropy_loss         | -1          |
|    explained_variance   | 0.00314     |
|    learning_rate        | 0.0003      |
|    loss                 | 71.3        |
|    n_updates            | 100         |
|    policy_gradient_loss | -0.00653    |
|    value_loss           | 141         |
-----------------------------------------
------------------------------------------
| rollout/                |              |
|    ep_len_mean          | 44           |
|    ep_rew_mean          | 44.5         |
| time/                   |              |
|    fps                  | 455          |
|    iterations           | 12           |
|    time_elapsed         | 53           |
|    total_timesteps      | 24576        |
| train/                  |              |
|    approx_kl            | 0.0077793957 |
|    clip_fraction        | 0.0335       |
|    clip_range           | 0.2          |
|    entropy_loss         | -0.948       |
|    explained_variance   | 0.00603      |
|    learning_rate        | 0.0003       |
|    loss                 | 68.6         |
|    n_updates            | 110          |
|    policy_gradient_loss | -0.00428     |
|    value_loss           | 147          |
------------------------------------------
-----------------------------------------
| rollout/                |             |
|    ep_len_mean          | 43.6        |
|    ep_rew_mean          | 43.7        |
| time/                   |             |
|    fps                  | 457         |
|    iterations           | 13          |
|    time_elapsed         | 58          |
|    total_timesteps      | 26624       |
| train/                  |             |
|    approx_kl            | 0.007042787 |
|    clip_fraction        | 0.0536      |
|    clip_range           | 0.2         |
|    entropy_loss         | -0.909      |
|    explained_variance   | 0.0644      |
|    learning_rate        | 0.0003      |
|    loss                 | 55.9        |
|    n_updates            | 120         |
|    policy_gradient_loss | -0.00622    |
|    value_loss           | 125         |
-----------------------------------------
------------------------------------------
| rollout/                |              |
|    ep_len_mean          | 43.3         |
|    ep_rew_mean          | 41.9         |
| time/                   |              |
|    fps                  | 458          |
|    iterations           | 14           |
|    time_elapsed         | 62           |
|    total_timesteps      | 28672        |
| train/                  |              |
|    approx_kl            | 0.0062723197 |
|    clip_fraction        | 0.048        |
|    clip_range           | 0.2          |
|    entropy_loss         | -0.935       |
|    explained_variance   | 0.197        |
|    learning_rate        | 0.0003       |
|    loss                 | 40.9         |
|    n_updates            | 130          |
|    policy_gradient_loss | -0.00664     |
|    value_loss           | 102          |
------------------------------------------
------------------------------------------
| rollout/                |              |
|    ep_len_mean          | 43.5         |
|    ep_rew_mean          | 42.6         |
| time/                   |              |
|    fps                  | 452          |
|    iterations           | 15           |
|    time_elapsed         | 67           |
|    total_timesteps      | 30720        |
| train/                  |              |
|    approx_kl            | 0.0019094241 |
|    clip_fraction        | 0.00625      |
|    clip_range           | 0.2          |
|    entropy_loss         | -0.942       |
|    explained_variance   | 0.407        |
|    learning_rate        | 0.0003       |
|    loss                 | 33.8         |
|    n_updates            | 140          |
|    policy_gradient_loss | -0.00238     |
|    value_loss           | 74.4         |
------------------------------------------
------------------------------------------
| rollout/                |              |
|    ep_len_mean          | 42.4         |
|    ep_rew_mean          | 42.5         |
| time/                   |              |
|    fps                  | 449          |
|    iterations           | 16           |
|    time_elapsed         | 72           |
|    total_timesteps      | 32768        |
| train/                  |              |
|    approx_kl            | 0.0058679553 |
|    clip_fraction        | 0.0462       |
|    clip_range           | 0.2          |
|    entropy_loss         | -0.967       |
|    explained_variance   | 0.636        |
|    learning_rate        | 0.0003       |
|    loss                 | 25.3         |
|    n_updates            | 150          |
|    policy_gradient_loss | -0.00586     |
|    value_loss           | 56           |
------------------------------------------
------------------------------------------
| rollout/                |              |
|    ep_len_mean          | 42.9         |
|    ep_rew_mean          | 42.7         |
| time/                   |              |
|    fps                  | 451          |
|    iterations           | 17           |
|    time_elapsed         | 77           |
|    total_timesteps      | 34816        |
| train/                  |              |
|    approx_kl            | 0.0056111715 |
|    clip_fraction        | 0.0461       |
|    clip_range           | 0.2          |
|    entropy_loss         | -0.953       |
|    explained_variance   | 0.663        |
|    learning_rate        | 0.0003       |
|    loss                 | 26.1         |
|    n_updates            | 160          |
|    policy_gradient_loss | -0.00895     |
|    value_loss           | 59.2         |
------------------------------------------
-----------------------------------------
| rollout/                |             |
|    ep_len_mean          | 44.9        |
|    ep_rew_mean          | 44          |
| time/                   |             |
|    fps                  | 458         |
|    iterations           | 18          |
|    time_elapsed         | 80          |
|    total_timesteps      | 36864       |
| train/                  |             |
|    approx_kl            | 0.005567789 |
|    clip_fraction        | 0.0326      |
|    clip_range           | 0.2         |
|    entropy_loss         | -0.894      |
|    explained_variance   | 0.728       |
|    learning_rate        | 0.0003      |
|    loss                 | 18          |
|    n_updates            | 170         |
|    policy_gradient_loss | -0.00558    |
|    value_loss           | 47.2        |
-----------------------------------------
-----------------------------------------
| rollout/                |             |
|    ep_len_mean          | 46.2        |
|    ep_rew_mean          | 45.6        |
| time/                   |             |
|    fps                  | 465         |
|    iterations           | 19          |
|    time_elapsed         | 83          |
|    total_timesteps      | 38912       |
| train/                  |             |
|    approx_kl            | 0.005204416 |
|    clip_fraction        | 0.0654      |
|    clip_range           | 0.2         |
|    entropy_loss         | -0.874      |
|    explained_variance   | 0.782       |
|    learning_rate        | 0.0003      |
|    loss                 | 16.8        |
|    n_updates            | 180         |
|    policy_gradient_loss | -0.00835    |
|    value_loss           | 39.4        |
-----------------------------------------
------------------------------------------
| rollout/                |              |
|    ep_len_mean          | 46           |
|    ep_rew_mean          | 45.6         |
| time/                   |              |
|    fps                  | 471          |
|    iterations           | 20           |
|    time_elapsed         | 86           |
|    total_timesteps      | 40960        |
| train/                  |              |
|    approx_kl            | 0.0057219635 |
|    clip_fraction        | 0.0417       |
|    clip_range           | 0.2          |
|    entropy_loss         | -0.876       |
|    explained_variance   | 0.79         |
|    learning_rate        | 0.0003       |
|    loss                 | 13.8         |
|    n_updates            | 190          |
|    policy_gradient_loss | -0.00891     |
|    value_loss           | 39.7         |
------------------------------------------
-----------------------------------------
| rollout/                |             |
|    ep_len_mean          | 46          |
|    ep_rew_mean          | 45.2        |
| time/                   |             |
|    fps                  | 476         |
|    iterations           | 21          |
|    time_elapsed         | 90          |
|    total_timesteps      | 43008       |
| train/                  |             |
|    approx_kl            | 0.005295803 |
|    clip_fraction        | 0.0292      |
|    clip_range           | 0.2         |
|    entropy_loss         | -0.88       |
|    explained_variance   | 0.801       |
|    learning_rate        | 0.0003      |
|    loss                 | 15.8        |
|    n_updates            | 200         |
|    policy_gradient_loss | -0.00755    |
|    value_loss           | 35.6        |
-----------------------------------------
----------------------------------------
| rollout/                |            |
|    ep_len_mean          | 47.1       |
|    ep_rew_mean          | 46.6       |
| time/                   |            |
|    fps                  | 481        |
|    iterations           | 22         |
|    time_elapsed         | 93         |
|    total_timesteps      | 45056      |
| train/                  |            |
|    approx_kl            | 0.00728536 |
|    clip_fraction        | 0.067      |
|    clip_range           | 0.2        |
|    entropy_loss         | -0.905     |
|    explained_variance   | 0.764      |
|    learning_rate        | 0.0003     |
|    loss                 | 19.7       |
|    n_updates            | 210        |
|    policy_gradient_loss | -0.00725   |
|    value_loss           | 50.5       |
----------------------------------------
------------------------------------------
| rollout/                |              |
|    ep_len_mean          | 48.2         |
|    ep_rew_mean          | 50.5         |
| time/                   |              |
|    fps                  | 487          |
|    iterations           | 23           |
|    time_elapsed         | 96           |
|    total_timesteps      | 47104        |
| train/                  |              |
|    approx_kl            | 0.0068380274 |
|    clip_fraction        | 0.0722       |
|    clip_range           | 0.2          |
|    entropy_loss         | -0.876       |
|    explained_variance   | 0.856        |
|    learning_rate        | 0.0003       |
|    loss                 | 11.6         |
|    n_updates            | 220          |
|    policy_gradient_loss | -0.00889     |
|    value_loss           | 25.7         |
------------------------------------------
------------------------------------------
| rollout/                |              |
|    ep_len_mean          | 47.5         |
|    ep_rew_mean          | 49.8         |
| time/                   |              |
|    fps                  | 492          |
|    iterations           | 24           |
|    time_elapsed         | 99           |
|    total_timesteps      | 49152        |
| train/                  |              |
|    approx_kl            | 0.0067118444 |
|    clip_fraction        | 0.0144       |
|    clip_range           | 0.2          |
|    entropy_loss         | -0.901       |
|    explained_variance   | 0.766        |
|    learning_rate        | 0.0003       |
|    loss                 | 36.9         |
|    n_updates            | 230          |
|    policy_gradient_loss | -0.00357     |
|    value_loss           | 58.6         |
------------------------------------------
------------------------------------------
| rollout/                |              |
|    ep_len_mean          | 50.2         |
|    ep_rew_mean          | 52           |
| time/                   |              |
|    fps                  | 497          |
|    iterations           | 25           |
|    time_elapsed         | 102          |
|    total_timesteps      | 51200        |
| train/                  |              |
|    approx_kl            | 0.0040100385 |
|    clip_fraction        | 0.0224       |
|    clip_range           | 0.2          |
|    entropy_loss         | -0.857       |
|    explained_variance   | 0.813        |
|    learning_rate        | 0.0003       |
|    loss                 | 21.2         |
|    n_updates            | 240          |
|    policy_gradient_loss | -0.00464     |
|    value_loss           | 41.3         |
------------------------------------------
------------------------------------------
| rollout/                |              |
|    ep_len_mean          | 50.6         |
|    ep_rew_mean          | 50.5         |
| time/                   |              |
|    fps                  | 501          |
|    iterations           | 26           |
|    time_elapsed         | 106          |
|    total_timesteps      | 53248        |
| train/                  |              |
|    approx_kl            | 0.0036234213 |
|    clip_fraction        | 0.0259       |
|    clip_range           | 0.2          |
|    entropy_loss         | -0.868       |
|    explained_variance   | 0.855        |
|    learning_rate        | 0.0003       |
|    loss                 | 15.1         |
|    n_updates            | 250          |
|    policy_gradient_loss | -0.0048      |
|    value_loss           | 34.3         |
------------------------------------------
------------------------------------------
| rollout/                |              |
|    ep_len_mean          | 49.5         |
|    ep_rew_mean          | 53.6         |
| time/                   |              |
|    fps                  | 506          |
|    iterations           | 27           |
|    time_elapsed         | 109          |
|    total_timesteps      | 55296        |
| train/                  |              |
|    approx_kl            | 0.0042949226 |
|    clip_fraction        | 0.0271       |
|    clip_range           | 0.2          |
|    entropy_loss         | -0.876       |
|    explained_variance   | 0.857        |
|    learning_rate        | 0.0003       |
|    loss                 | 13           |
|    n_updates            | 260          |
|    policy_gradient_loss | -0.00356     |
|    value_loss           | 30.4         |
------------------------------------------
-----------------------------------------
| rollout/                |             |
|    ep_len_mean          | 47.7        |
|    ep_rew_mean          | 48.9        |
| time/                   |             |
|    fps                  | 509         |
|    iterations           | 28          |
|    time_elapsed         | 112         |
|    total_timesteps      | 57344       |
| train/                  |             |
|    approx_kl            | 0.004270844 |
|    clip_fraction        | 0.0195      |
|    clip_range           | 0.2         |
|    entropy_loss         | -0.934      |
|    explained_variance   | 0.861       |
|    learning_rate        | 0.0003      |
|    loss                 | 17.6        |
|    n_updates            | 270         |
|    policy_gradient_loss | -0.00494    |
|    value_loss           | 37.5        |
-----------------------------------------
-----------------------------------------
| rollout/                |             |
|    ep_len_mean          | 46.6        |
|    ep_rew_mean          | 47.5        |
| time/                   |             |
|    fps                  | 512         |
|    iterations           | 29          |
|    time_elapsed         | 115         |
|    total_timesteps      | 59392       |
| train/                  |             |
|    approx_kl            | 0.005323274 |
|    clip_fraction        | 0.0497      |
|    clip_range           | 0.2         |
|    entropy_loss         | -0.909      |
|    explained_variance   | 0.871       |
|    learning_rate        | 0.0003      |
|    loss                 | 12.1        |
|    n_updates            | 280         |
|    policy_gradient_loss | -0.00686    |
|    value_loss           | 26.4        |
-----------------------------------------
------------------------------------------
| rollout/                |              |
|    ep_len_mean          | 48.6         |
|    ep_rew_mean          | 52           |
| time/                   |              |
|    fps                  | 516          |
|    iterations           | 30           |
|    time_elapsed         | 118          |
|    total_timesteps      | 61440        |
| train/                  |              |
|    approx_kl            | 0.0057439473 |
|    clip_fraction        | 0.032        |
|    clip_range           | 0.2          |
|    entropy_loss         | -0.883       |
|    explained_variance   | 0.838        |
|    learning_rate        | 0.0003       |
|    loss                 | 17.5         |
|    n_updates            | 290          |
|    policy_gradient_loss | -0.00532     |
|    value_loss           | 43.1         |
------------------------------------------
------------------------------------------
| rollout/                |              |
|    ep_len_mean          | 48.9         |
|    ep_rew_mean          | 50.5         |
| time/                   |              |
|    fps                  | 520          |
|    iterations           | 31           |
|    time_elapsed         | 122          |
|    total_timesteps      | 63488        |
| train/                  |              |
|    approx_kl            | 0.0045851087 |
|    clip_fraction        | 0.0426       |
|    clip_range           | 0.2          |
|    entropy_loss         | -0.891       |
|    explained_variance   | 0.866        |
|    learning_rate        | 0.0003       |
|    loss                 | 14.2         |
|    n_updates            | 300          |
|    policy_gradient_loss | -0.0046      |
|    value_loss           | 32.2         |
------------------------------------------
-----------------------------------------
| rollout/                |             |
|    ep_len_mean          | 49.3        |
|    ep_rew_mean          | 47.2        |
| time/                   |             |
|    fps                  | 523         |
|    iterations           | 32          |
|    time_elapsed         | 125         |
|    total_timesteps      | 65536       |
| train/                  |             |
|    approx_kl            | 0.005697041 |
|    clip_fraction        | 0.0585      |
|    clip_range           | 0.2         |
|    entropy_loss         | -0.842      |
|    explained_variance   | 0.848       |
|    learning_rate        | 0.0003      |
|    loss                 | 11.8        |
|    n_updates            | 310         |
|    policy_gradient_loss | -0.00763    |
|    value_loss           | 32.4        |
-----------------------------------------
-----------------------------------------
| rollout/                |             |
|    ep_len_mean          | 50.1        |
|    ep_rew_mean          | 51.5        |
| time/                   |             |
|    fps                  | 527         |
|    iterations           | 33          |
|    time_elapsed         | 128         |
|    total_timesteps      | 67584       |
| train/                  |             |
|    approx_kl            | 0.006724444 |
|    clip_fraction        | 0.0772      |
|    clip_range           | 0.2         |
|    entropy_loss         | -0.83       |
|    explained_variance   | 0.883       |
|    learning_rate        | 0.0003      |
|    loss                 | 9.98        |
|    n_updates            | 320         |
|    policy_gradient_loss | -0.00845    |
|    value_loss           | 22.9        |
-----------------------------------------
------------------------------------------
| rollout/                |              |
|    ep_len_mean          | 51.7         |
|    ep_rew_mean          | 53.1         |
| time/                   |              |
|    fps                  | 530          |
|    iterations           | 34           |
|    time_elapsed         | 131          |
|    total_timesteps      | 69632        |
| train/                  |              |
|    approx_kl            | 0.0016578018 |
|    clip_fraction        | 0.00342      |
|    clip_range           | 0.2          |
|    entropy_loss         | -0.808       |
|    explained_variance   | 0.867        |
|    learning_rate        | 0.0003       |
|    loss                 | 12           |
|    n_updates            | 330          |
|    policy_gradient_loss | -0.0035      |
|    value_loss           | 32.2         |
------------------------------------------
-----------------------------------------
| rollout/                |             |
|    ep_len_mean          | 50.5        |
|    ep_rew_mean          | 52.1        |
| time/                   |             |
|    fps                  | 533         |
|    iterations           | 35          |
|    time_elapsed         | 134         |
|    total_timesteps      | 71680       |
| train/                  |             |
|    approx_kl            | 0.004384448 |
|    clip_fraction        | 0.0244      |
|    clip_range           | 0.2         |
|    entropy_loss         | -0.871      |
|    explained_variance   | 0.902       |
|    learning_rate        | 0.0003      |
|    loss                 | 10.8        |
|    n_updates            | 340         |
|    policy_gradient_loss | -0.00422    |
|    value_loss           | 22.6        |
-----------------------------------------
-----------------------------------------
| rollout/                |             |
|    ep_len_mean          | 49.2        |
|    ep_rew_mean          | 53.6        |
| time/                   |             |
|    fps                  | 536         |
|    iterations           | 36          |
|    time_elapsed         | 137         |
|    total_timesteps      | 73728       |
| train/                  |             |
|    approx_kl            | 0.006010995 |
|    clip_fraction        | 0.0616      |
|    clip_range           | 0.2         |
|    entropy_loss         | -0.853      |
|    explained_variance   | 0.836       |
|    learning_rate        | 0.0003      |
|    loss                 | 22          |
|    n_updates            | 350         |
|    policy_gradient_loss | -0.00806    |
|    value_loss           | 41.4        |
-----------------------------------------
-----------------------------------------
| rollout/                |             |
|    ep_len_mean          | 49.8        |
|    ep_rew_mean          | 53          |
| time/                   |             |
|    fps                  | 539         |
|    iterations           | 37          |
|    time_elapsed         | 140         |
|    total_timesteps      | 75776       |
| train/                  |             |
|    approx_kl            | 0.006329543 |
|    clip_fraction        | 0.0357      |
|    clip_range           | 0.2         |
|    entropy_loss         | -0.838      |
|    explained_variance   | 0.867       |
|    learning_rate        | 0.0003      |
|    loss                 | 15.3        |
|    n_updates            | 360         |
|    policy_gradient_loss | -0.00561    |
|    value_loss           | 39.4        |
-----------------------------------------
-----------------------------------------
| rollout/                |             |
|    ep_len_mean          | 49.9        |
|    ep_rew_mean          | 53.1        |
| time/                   |             |
|    fps                  | 542         |
|    iterations           | 38          |
|    time_elapsed         | 143         |
|    total_timesteps      | 77824       |
| train/                  |             |
|    approx_kl            | 0.005725807 |
|    clip_fraction        | 0.0488      |
|    clip_range           | 0.2         |
|    entropy_loss         | -0.844      |
|    explained_variance   | 0.888       |
|    learning_rate        | 0.0003      |
|    loss                 | 11          |
|    n_updates            | 370         |
|    policy_gradient_loss | -0.00707    |
|    value_loss           | 23.6        |
-----------------------------------------
------------------------------------------
| rollout/                |              |
|    ep_len_mean          | 50.3         |
|    ep_rew_mean          | 54.1         |
| time/                   |              |
|    fps                  | 545          |
|    iterations           | 39           |
|    time_elapsed         | 146          |
|    total_timesteps      | 79872        |
| train/                  |              |
|    approx_kl            | 0.0056976313 |
|    clip_fraction        | 0.0296       |
|    clip_range           | 0.2          |
|    entropy_loss         | -0.867       |
|    explained_variance   | 0.88         |
|    learning_rate        | 0.0003       |
|    loss                 | 10.9         |
|    n_updates            | 380          |
|    policy_gradient_loss | -0.00509     |
|    value_loss           | 34.6         |
------------------------------------------
-----------------------------------------
| rollout/                |             |
|    ep_len_mean          | 52.3        |
|    ep_rew_mean          | 57.5        |
| time/                   |             |
|    fps                  | 547         |
|    iterations           | 40          |
|    time_elapsed         | 149         |
|    total_timesteps      | 81920       |
| train/                  |             |
|    approx_kl            | 0.005076636 |
|    clip_fraction        | 0.0306      |
|    clip_range           | 0.2         |
|    entropy_loss         | -0.863      |
|    explained_variance   | 0.883       |
|    learning_rate        | 0.0003      |
|    loss                 | 13          |
|    n_updates            | 390         |
|    policy_gradient_loss | -0.00288    |
|    value_loss           | 34.3        |
-----------------------------------------
------------------------------------------
| rollout/                |              |
|    ep_len_mean          | 54.5         |
|    ep_rew_mean          | 59.4         |
| time/                   |              |
|    fps                  | 546          |
|    iterations           | 41           |
|    time_elapsed         | 153          |
|    total_timesteps      | 83968        |
| train/                  |              |
|    approx_kl            | 0.0048912405 |
|    clip_fraction        | 0.0254       |
|    clip_range           | 0.2          |
|    entropy_loss         | -0.843       |
|    explained_variance   | 0.897        |
|    learning_rate        | 0.0003       |
|    loss                 | 17.2         |
|    n_updates            | 400          |
|    policy_gradient_loss | -0.00405     |
|    value_loss           | 31           |
------------------------------------------
-----------------------------------------
| rollout/                |             |
|    ep_len_mean          | 54.4        |
|    ep_rew_mean          | 59          |
| time/                   |             |
|    fps                  | 544         |
|    iterations           | 42          |
|    time_elapsed         | 157         |
|    total_timesteps      | 86016       |
| train/                  |             |
|    approx_kl            | 0.005106887 |
|    clip_fraction        | 0.0383      |
|    clip_range           | 0.2         |
|    entropy_loss         | -0.801      |
|    explained_variance   | 0.909       |
|    learning_rate        | 0.0003      |
|    loss                 | 12          |
|    n_updates            | 410         |
|    policy_gradient_loss | -0.00521    |
|    value_loss           | 26.9        |
-----------------------------------------
------------------------------------------
| rollout/                |              |
|    ep_len_mean          | 55.3         |
|    ep_rew_mean          | 56.5         |
| time/                   |              |
|    fps                  | 539          |
|    iterations           | 43           |
|    time_elapsed         | 163          |
|    total_timesteps      | 88064        |
| train/                  |              |
|    approx_kl            | 0.0056443447 |
|    clip_fraction        | 0.0257       |
|    clip_range           | 0.2          |
|    entropy_loss         | -0.841       |
|    explained_variance   | 0.918        |
|    learning_rate        | 0.0003       |
|    loss                 | 11.6         |
|    n_updates            | 420          |
|    policy_gradient_loss | -0.00347     |
|    value_loss           | 22.4         |
------------------------------------------
----------------------------------------
| rollout/                |            |
|    ep_len_mean          | 52.8       |
|    ep_rew_mean          | 54.7       |
| time/                   |            |
|    fps                  | 534        |
|    iterations           | 44         |
|    time_elapsed         | 168        |
|    total_timesteps      | 90112      |
| train/                  |            |
|    approx_kl            | 0.00290848 |
|    clip_fraction        | 0.0253     |
|    clip_range           | 0.2        |
|    entropy_loss         | -0.772     |
|    explained_variance   | 0.927      |
|    learning_rate        | 0.0003     |
|    loss                 | 8.04       |
|    n_updates            | 430        |
|    policy_gradient_loss | -0.00366   |
|    value_loss           | 17.6       |
----------------------------------------
------------------------------------------
| rollout/                |              |
|    ep_len_mean          | 53.5         |
|    ep_rew_mean          | 59.8         |
| time/                   |              |
|    fps                  | 530          |
|    iterations           | 45           |
|    time_elapsed         | 173          |
|    total_timesteps      | 92160        |
| train/                  |              |
|    approx_kl            | 0.0057208817 |
|    clip_fraction        | 0.0609       |
|    clip_range           | 0.2          |
|    entropy_loss         | -0.818       |
|    explained_variance   | 0.936        |
|    learning_rate        | 0.0003       |
|    loss                 | 10.2         |
|    n_updates            | 440          |
|    policy_gradient_loss | -0.00678     |
|    value_loss           | 17.9         |
------------------------------------------
------------------------------------------
| rollout/                |              |
|    ep_len_mean          | 53.6         |
|    ep_rew_mean          | 61           |
| time/                   |              |
|    fps                  | 525          |
|    iterations           | 46           |
|    time_elapsed         | 179          |
|    total_timesteps      | 94208        |
| train/                  |              |
|    approx_kl            | 0.0062472224 |
|    clip_fraction        | 0.0361       |
|    clip_range           | 0.2          |
|    entropy_loss         | -0.747       |
|    explained_variance   | 0.914        |
|    learning_rate        | 0.0003       |
|    loss                 | 15           |
|    n_updates            | 450          |
|    policy_gradient_loss | -0.00467     |
|    value_loss           | 35.3         |
------------------------------------------
------------------------------------------
| rollout/                |              |
|    ep_len_mean          | 54.7         |
|    ep_rew_mean          | 62.2         |
| time/                   |              |
|    fps                  | 522          |
|    iterations           | 47           |
|    time_elapsed         | 184          |
|    total_timesteps      | 96256        |
| train/                  |              |
|    approx_kl            | 0.0060324576 |
|    clip_fraction        | 0.0229       |
|    clip_range           | 0.2          |
|    entropy_loss         | -0.769       |
|    explained_variance   | 0.909        |
|    learning_rate        | 0.0003       |
|    loss                 | 17           |
|    n_updates            | 460          |
|    policy_gradient_loss | -0.00374     |
|    value_loss           | 27.6         |
------------------------------------------
------------------------------------------
| rollout/                |              |
|    ep_len_mean          | 53.2         |
|    ep_rew_mean          | 56.9         |
| time/                   |              |
|    fps                  | 519          |
|    iterations           | 48           |
|    time_elapsed         | 189          |
|    total_timesteps      | 98304        |
| train/                  |              |
|    approx_kl            | 0.0058213347 |
|    clip_fraction        | 0.0263       |
|    clip_range           | 0.2          |
|    entropy_loss         | -0.766       |
|    explained_variance   | 0.941        |
|    learning_rate        | 0.0003       |
|    loss                 | 8.15         |
|    n_updates            | 470          |
|    policy_gradient_loss | -0.00334     |
|    value_loss           | 20.7         |
------------------------------------------
-----------------------------------------
| rollout/                |             |
|    ep_len_mean          | 53.6        |
|    ep_rew_mean          | 55.7        |
| time/                   |             |
|    fps                  | 517         |
|    iterations           | 49          |
|    time_elapsed         | 193         |
|    total_timesteps      | 100352      |
| train/                  |             |
|    approx_kl            | 0.006607786 |
|    clip_fraction        | 0.0587      |
|    clip_range           | 0.2         |
|    entropy_loss         | -0.785      |
|    explained_variance   | 0.946       |
|    learning_rate        | 0.0003      |
|    loss                 | 5.35        |
|    n_updates            | 480         |
|    policy_gradient_loss | -0.00627    |
|    value_loss           | 10          |
-----------------------------------------
-----------------------------------------
| rollout/                |             |
|    ep_len_mean          | 54          |
|    ep_rew_mean          | 54          |
| time/                   |             |
|    fps                  | 516         |
|    iterations           | 50          |
|    time_elapsed         | 198         |
|    total_timesteps      | 102400      |
| train/                  |             |
|    approx_kl            | 0.004864448 |
|    clip_fraction        | 0.0472      |
|    clip_range           | 0.2         |
|    entropy_loss         | -0.751      |
|    explained_variance   | 0.951       |
|    learning_rate        | 0.0003      |
|    loss                 | 7.23        |
|    n_updates            | 490         |
|    policy_gradient_loss | -0.00435    |
|    value_loss           | 14.3        |
-----------------------------------------
------------------------------------------
| rollout/                |              |
|    ep_len_mean          | 54.9         |
|    ep_rew_mean          | 57.1         |
| time/                   |              |
|    fps                  | 513          |
|    iterations           | 51           |
|    time_elapsed         | 203          |
|    total_timesteps      | 104448       |
| train/                  |              |
|    approx_kl            | 0.0054857577 |
|    clip_fraction        | 0.0503       |
|    clip_range           | 0.2          |
|    entropy_loss         | -0.731       |
|    explained_variance   | 0.92         |
|    learning_rate        | 0.0003       |
|    loss                 | 13.4         |
|    n_updates            | 500          |
|    policy_gradient_loss | -0.00507     |
|    value_loss           | 24.4         |
------------------------------------------
------------------------------------------
| rollout/                |              |
|    ep_len_mean          | 53.9         |
|    ep_rew_mean          | 56.5         |
| time/                   |              |
|    fps                  | 510          |
|    iterations           | 52           |
|    time_elapsed         | 208          |
|    total_timesteps      | 106496       |
| train/                  |              |
|    approx_kl            | 0.0074048834 |
|    clip_fraction        | 0.074        |
|    clip_range           | 0.2          |
|    entropy_loss         | -0.76        |
|    explained_variance   | 0.917        |
|    learning_rate        | 0.0003       |
|    loss                 | 15.6         |
|    n_updates            | 510          |
|    policy_gradient_loss | -0.00741     |
|    value_loss           | 27.1         |
------------------------------------------
------------------------------------------
| rollout/                |              |
|    ep_len_mean          | 52.4         |
|    ep_rew_mean          | 58.1         |
| time/                   |              |
|    fps                  | 506          |
|    iterations           | 53           |
|    time_elapsed         | 214          |
|    total_timesteps      | 108544       |
| train/                  |              |
|    approx_kl            | 0.0052540805 |
|    clip_fraction        | 0.0227       |
|    clip_range           | 0.2          |
|    entropy_loss         | -0.761       |
|    explained_variance   | 0.941        |
|    learning_rate        | 0.0003       |
|    loss                 | 7.86         |
|    n_updates            | 520          |
|    policy_gradient_loss | -0.00287     |
|    value_loss           | 18.1         |
------------------------------------------
-----------------------------------------
| rollout/                |             |
|    ep_len_mean          | 53.6        |
|    ep_rew_mean          | 58.3        |
| time/                   |             |
|    fps                  | 504         |
|    iterations           | 54          |
|    time_elapsed         | 219         |
|    total_timesteps      | 110592      |
| train/                  |             |
|    approx_kl            | 0.008233121 |
|    clip_fraction        | 0.0563      |
|    clip_range           | 0.2         |
|    entropy_loss         | -0.766      |
|    explained_variance   | 0.936       |
|    learning_rate        | 0.0003      |
|    loss                 | 8.3         |
|    n_updates            | 530         |
|    policy_gradient_loss | -0.00404    |
|    value_loss           | 17.1        |
-----------------------------------------
------------------------------------------
| rollout/                |              |
|    ep_len_mean          | 53.3         |
|    ep_rew_mean          | 54.3         |
| time/                   |              |
|    fps                  | 502          |
|    iterations           | 55           |
|    time_elapsed         | 224          |
|    total_timesteps      | 112640       |
| train/                  |              |
|    approx_kl            | 0.0044776457 |
|    clip_fraction        | 0.0333       |
|    clip_range           | 0.2          |
|    entropy_loss         | -0.729       |
|    explained_variance   | 0.945        |
|    learning_rate        | 0.0003       |
|    loss                 | 8.58         |
|    n_updates            | 540          |
|    policy_gradient_loss | -0.00413     |
|    value_loss           | 16.6         |
------------------------------------------
------------------------------------------
| rollout/                |              |
|    ep_len_mean          | 54           |
|    ep_rew_mean          | 54           |
| time/                   |              |
|    fps                  | 499          |
|    iterations           | 56           |
|    time_elapsed         | 229          |
|    total_timesteps      | 114688       |
| train/                  |              |
|    approx_kl            | 0.0077076172 |
|    clip_fraction        | 0.0819       |
|    clip_range           | 0.2          |
|    entropy_loss         | -0.719       |
|    explained_variance   | 0.94         |
|    learning_rate        | 0.0003       |
|    loss                 | 8            |
|    n_updates            | 550          |
|    policy_gradient_loss | -0.0084      |
|    value_loss           | 15.2         |
------------------------------------------
-----------------------------------------
| rollout/                |             |
|    ep_len_mean          | 54.8        |
|    ep_rew_mean          | 55.5        |
| time/                   |             |
|    fps                  | 496         |
|    iterations           | 57          |
|    time_elapsed         | 234         |
|    total_timesteps      | 116736      |
| train/                  |             |
|    approx_kl            | 0.013272259 |
|    clip_fraction        | 0.0403      |
|    clip_range           | 0.2         |
|    entropy_loss         | -0.762      |
|    explained_variance   | 0.935       |
|    learning_rate        | 0.0003      |
|    loss                 | 9.6         |
|    n_updates            | 560         |
|    policy_gradient_loss | -0.00893    |
|    value_loss           | 20.9        |
-----------------------------------------
-----------------------------------------
| rollout/                |             |
|    ep_len_mean          | 54.4        |
|    ep_rew_mean          | 58.5        |
| time/                   |             |
|    fps                  | 494         |
|    iterations           | 58          |
|    time_elapsed         | 240         |
|    total_timesteps      | 118784      |
| train/                  |             |
|    approx_kl            | 0.004734606 |
|    clip_fraction        | 0.0291      |
|    clip_range           | 0.2         |
|    entropy_loss         | -0.741      |
|    explained_variance   | 0.938       |
|    learning_rate        | 0.0003      |
|    loss                 | 8.68        |
|    n_updates            | 570         |
|    policy_gradient_loss | -0.00475    |
|    value_loss           | 19.1        |
-----------------------------------------
------------------------------------------
| rollout/                |              |
|    ep_len_mean          | 54.1         |
|    ep_rew_mean          | 57.8         |
| time/                   |              |
|    fps                  | 492          |
|    iterations           | 59           |
|    time_elapsed         | 245          |
|    total_timesteps      | 120832       |
| train/                  |              |
|    approx_kl            | 0.0058898386 |
|    clip_fraction        | 0.0454       |
|    clip_range           | 0.2          |
|    entropy_loss         | -0.747       |
|    explained_variance   | 0.927        |
|    learning_rate        | 0.0003       |
|    loss                 | 12.5         |
|    n_updates            | 580          |
|    policy_gradient_loss | -0.0051      |
|    value_loss           | 23.5         |
------------------------------------------
------------------------------------------
| rollout/                |              |
|    ep_len_mean          | 54.4         |
|    ep_rew_mean          | 59.1         |
| time/                   |              |
|    fps                  | 491          |
|    iterations           | 60           |
|    time_elapsed         | 250          |
|    total_timesteps      | 122880       |
| train/                  |              |
|    approx_kl            | 0.0038951465 |
|    clip_fraction        | 0.0409       |
|    clip_range           | 0.2          |
|    entropy_loss         | -0.736       |
|    explained_variance   | 0.953        |
|    learning_rate        | 0.0003       |
|    loss                 | 6.35         |
|    n_updates            | 590          |
|    policy_gradient_loss | -0.00376     |
|    value_loss           | 12.5         |
------------------------------------------
------------------------------------------
| rollout/                |              |
|    ep_len_mean          | 55           |
|    ep_rew_mean          | 57.7         |
| time/                   |              |
|    fps                  | 489          |
|    iterations           | 61           |
|    time_elapsed         | 255          |
|    total_timesteps      | 124928       |
| train/                  |              |
|    approx_kl            | 0.0043371813 |
|    clip_fraction        | 0.0334       |
|    clip_range           | 0.2          |
|    entropy_loss         | -0.726       |
|    explained_variance   | 0.943        |
|    learning_rate        | 0.0003       |
|    loss                 | 6.9          |
|    n_updates            | 600          |
|    policy_gradient_loss | -0.00462     |
|    value_loss           | 17.2         |
------------------------------------------
------------------------------------------
| rollout/                |              |
|    ep_len_mean          | 55.9         |
|    ep_rew_mean          | 58.6         |
| time/                   |              |
|    fps                  | 488          |
|    iterations           | 62           |
|    time_elapsed         | 259          |
|    total_timesteps      | 126976       |
| train/                  |              |
|    approx_kl            | 0.0030100346 |
|    clip_fraction        | 0.03         |
|    clip_range           | 0.2          |
|    entropy_loss         | -0.679       |
|    explained_variance   | 0.944        |
|    learning_rate        | 0.0003       |
|    loss                 | 9.59         |
|    n_updates            | 610          |
|    policy_gradient_loss | -0.0035      |
|    value_loss           | 15.5         |
------------------------------------------
-----------------------------------------
| rollout/                |             |
|    ep_len_mean          | 56          |
|    ep_rew_mean          | 59          |
| time/                   |             |
|    fps                  | 483         |
|    iterations           | 63          |
|    time_elapsed         | 266         |
|    total_timesteps      | 129024      |
| train/                  |             |
|    approx_kl            | 0.002152244 |
|    clip_fraction        | 0.0169      |
|    clip_range           | 0.2         |
|    entropy_loss         | -0.674      |
|    explained_variance   | 0.959       |
|    learning_rate        | 0.0003      |
|    loss                 | 6.5         |
|    n_updates            | 620         |
|    policy_gradient_loss | -0.00245    |
|    value_loss           | 12.7        |
-----------------------------------------
------------------------------------------
| rollout/                |              |
|    ep_len_mean          | 56.4         |
|    ep_rew_mean          | 59.9         |
| time/                   |              |
|    fps                  | 477          |
|    iterations           | 64           |
|    time_elapsed         | 274          |
|    total_timesteps      | 131072       |
| train/                  |              |
|    approx_kl            | 0.0015523932 |
|    clip_fraction        | 0.00322      |
|    clip_range           | 0.2          |
|    entropy_loss         | -0.662       |
|    explained_variance   | 0.953        |
|    learning_rate        | 0.0003       |
|    loss                 | 7.67         |
|    n_updates            | 630          |
|    policy_gradient_loss | -0.00146     |
|    value_loss           | 15.3         |
------------------------------------------
-----------------------------------------
| rollout/                |             |
|    ep_len_mean          | 55.6        |
|    ep_rew_mean          | 58.2        |
| time/                   |             |
|    fps                  | 471         |
|    iterations           | 65          |
|    time_elapsed         | 282         |
|    total_timesteps      | 133120      |
| train/                  |             |
|    approx_kl            | 0.009120809 |
|    clip_fraction        | 0.0798      |
|    clip_range           | 0.2         |
|    entropy_loss         | -0.668      |
|    explained_variance   | 0.956       |
|    learning_rate        | 0.0003      |
|    loss                 | 7.68        |
|    n_updates            | 640         |
|    policy_gradient_loss | -0.00606    |
|    value_loss           | 15          |
-----------------------------------------
------------------------------------------
| rollout/                |              |
|    ep_len_mean          | 55           |
|    ep_rew_mean          | 57.1         |
| time/                   |              |
|    fps                  | 466          |
|    iterations           | 66           |
|    time_elapsed         | 289          |
|    total_timesteps      | 135168       |
| train/                  |              |
|    approx_kl            | 0.0017884318 |
|    clip_fraction        | 0.0122       |
|    clip_range           | 0.2          |
|    entropy_loss         | -0.637       |
|    explained_variance   | 0.95         |
|    learning_rate        | 0.0003       |
|    loss                 | 7.84         |
|    n_updates            | 650          |
|    policy_gradient_loss | -0.00248     |
|    value_loss           | 14.9         |
------------------------------------------
------------------------------------------
| rollout/                |              |
|    ep_len_mean          | 54.7         |
|    ep_rew_mean          | 56.8         |
| time/                   |              |
|    fps                  | 461          |
|    iterations           | 67           |
|    time_elapsed         | 297          |
|    total_timesteps      | 137216       |
| train/                  |              |
|    approx_kl            | 0.0047966596 |
|    clip_fraction        | 0.0354       |
|    clip_range           | 0.2          |
|    entropy_loss         | -0.673       |
|    explained_variance   | 0.958        |
|    learning_rate        | 0.0003       |
|    loss                 | 7.4          |
|    n_updates            | 660          |
|    policy_gradient_loss | -0.00435     |
|    value_loss           | 13.9         |
------------------------------------------
----------------------------------------
| rollout/                |            |
|    ep_len_mean          | 54.7       |
|    ep_rew_mean          | 58.2       |
| time/                   |            |
|    fps                  | 458        |
|    iterations           | 68         |
|    time_elapsed         | 303        |
|    total_timesteps      | 139264     |
| train/                  |            |
|    approx_kl            | 0.00407876 |
|    clip_fraction        | 0.0271     |
|    clip_range           | 0.2        |
|    entropy_loss         | -0.706     |
|    explained_variance   | 0.963      |
|    learning_rate        | 0.0003     |
|    loss                 | 6.61       |
|    n_updates            | 670        |
|    policy_gradient_loss | -0.00392   |
|    value_loss           | 12.2       |
----------------------------------------
------------------------------------------
| rollout/                |              |
|    ep_len_mean          | 54.5         |
|    ep_rew_mean          | 55.7         |
| time/                   |              |
|    fps                  | 454          |
|    iterations           | 69           |
|    time_elapsed         | 310          |
|    total_timesteps      | 141312       |
| train/                  |              |
|    approx_kl            | 0.0032671327 |
|    clip_fraction        | 0.0245       |
|    clip_range           | 0.2          |
|    entropy_loss         | -0.718       |
|    explained_variance   | 0.957        |
|    learning_rate        | 0.0003       |
|    loss                 | 6.8          |
|    n_updates            | 680          |
|    policy_gradient_loss | -0.00228     |
|    value_loss           | 14.1         |
------------------------------------------
------------------------------------------
| rollout/                |              |
|    ep_len_mean          | 53.5         |
|    ep_rew_mean          | 54.8         |
| time/                   |              |
|    fps                  | 452          |
|    iterations           | 70           |
|    time_elapsed         | 316          |
|    total_timesteps      | 143360       |
| train/                  |              |
|    approx_kl            | 0.0037249513 |
|    clip_fraction        | 0.0498       |
|    clip_range           | 0.2          |
|    entropy_loss         | -0.701       |
|    explained_variance   | 0.967        |
|    learning_rate        | 0.0003       |
|    loss                 | 4.66         |
|    n_updates            | 690          |
|    policy_gradient_loss | -0.00416     |
|    value_loss           | 9.84         |
------------------------------------------
------------------------------------------
| rollout/                |              |
|    ep_len_mean          | 53.7         |
|    ep_rew_mean          | 57.7         |
| time/                   |              |
|    fps                  | 450          |
|    iterations           | 71           |
|    time_elapsed         | 323          |
|    total_timesteps      | 145408       |
| train/                  |              |
|    approx_kl            | 0.0034096674 |
|    clip_fraction        | 0.0202       |
|    clip_range           | 0.2          |
|    entropy_loss         | -0.738       |
|    explained_variance   | 0.954        |
|    learning_rate        | 0.0003       |
|    loss                 | 4.66         |
|    n_updates            | 700          |
|    policy_gradient_loss | -0.00252     |
|    value_loss           | 12.2         |
------------------------------------------
------------------------------------------
| rollout/                |              |
|    ep_len_mean          | 53           |
|    ep_rew_mean          | 57.4         |
| time/                   |              |
|    fps                  | 450          |
|    iterations           | 72           |
|    time_elapsed         | 327          |
|    total_timesteps      | 147456       |
| train/                  |              |
|    approx_kl            | 0.0062830145 |
|    clip_fraction        | 0.0375       |
|    clip_range           | 0.2          |
|    entropy_loss         | -0.743       |
|    explained_variance   | 0.968        |
|    learning_rate        | 0.0003       |
|    loss                 | 5.55         |
|    n_updates            | 710          |
|    policy_gradient_loss | -0.00412     |
|    value_loss           | 11.3         |
------------------------------------------
----------------------------------------
| rollout/                |            |
|    ep_len_mean          | 52.9       |
|    ep_rew_mean          | 57.9       |
| time/                   |            |
|    fps                  | 450        |
|    iterations           | 73         |
|    time_elapsed         | 332        |
|    total_timesteps      | 149504     |
| train/                  |            |
|    approx_kl            | 0.00658499 |
|    clip_fraction        | 0.036      |
|    clip_range           | 0.2        |
|    entropy_loss         | -0.713     |
|    explained_variance   | 0.963      |
|    learning_rate        | 0.0003     |
|    loss                 | 5.53       |
|    n_updates            | 720        |
|    policy_gradient_loss | -0.00485   |
|    value_loss           | 12.2       |
----------------------------------------
-----------------------------------------
| rollout/                |             |
|    ep_len_mean          | 53.9        |
|    ep_rew_mean          | 56.6        |
| time/                   |             |
|    fps                  | 447         |
|    iterations           | 74          |
|    time_elapsed         | 338         |
|    total_timesteps      | 151552      |
| train/                  |             |
|    approx_kl            | 0.002687238 |
|    clip_fraction        | 0.0125      |
|    clip_range           | 0.2         |
|    entropy_loss         | -0.701      |
|    explained_variance   | 0.956       |
|    learning_rate        | 0.0003      |
|    loss                 | 5.8         |
|    n_updates            | 730         |
|    policy_gradient_loss | -0.00242    |
|    value_loss           | 12.5        |
-----------------------------------------
----------------------------------------
| rollout/                |            |
|    ep_len_mean          | 53         |
|    ep_rew_mean          | 55.7       |
| time/                   |            |
|    fps                  | 446        |
|    iterations           | 75         |
|    time_elapsed         | 343        |
|    total_timesteps      | 153600     |
| train/                  |            |
|    approx_kl            | 0.00547646 |
|    clip_fraction        | 0.0406     |
|    clip_range           | 0.2        |
|    entropy_loss         | -0.632     |
|    explained_variance   | 0.939      |
|    learning_rate        | 0.0003     |
|    loss                 | 9.05       |
|    n_updates            | 740        |
|    policy_gradient_loss | -0.00354   |
|    value_loss           | 17.5       |
----------------------------------------
------------------------------------------
| rollout/                |              |
|    ep_len_mean          | 52.2         |
|    ep_rew_mean          | 55.5         |
| time/                   |              |
|    fps                  | 446          |
|    iterations           | 76           |
|    time_elapsed         | 348          |
|    total_timesteps      | 155648       |
| train/                  |              |
|    approx_kl            | 0.0048717232 |
|    clip_fraction        | 0.0279       |
|    clip_range           | 0.2          |
|    entropy_loss         | -0.717       |
|    explained_variance   | 0.957        |
|    learning_rate        | 0.0003       |
|    loss                 | 6.51         |
|    n_updates            | 750          |
|    policy_gradient_loss | -0.00419     |
|    value_loss           | 14.3         |
------------------------------------------
------------------------------------------
| rollout/                |              |
|    ep_len_mean          | 53.1         |
|    ep_rew_mean          | 55.8         |
| time/                   |              |
|    fps                  | 445          |
|    iterations           | 77           |
|    time_elapsed         | 353          |
|    total_timesteps      | 157696       |
| train/                  |              |
|    approx_kl            | 0.0044427207 |
|    clip_fraction        | 0.0571       |
|    clip_range           | 0.2          |
|    entropy_loss         | -0.671       |
|    explained_variance   | 0.954        |
|    learning_rate        | 0.0003       |
|    loss                 | 6.25         |
|    n_updates            | 760          |
|    policy_gradient_loss | -0.00695     |
|    value_loss           | 11.6         |
------------------------------------------
------------------------------------------
| rollout/                |              |
|    ep_len_mean          | 54.8         |
|    ep_rew_mean          | 54.9         |
| time/                   |              |
|    fps                  | 444          |
|    iterations           | 78           |
|    time_elapsed         | 358          |
|    total_timesteps      | 159744       |
| train/                  |              |
|    approx_kl            | 0.0031223884 |
|    clip_fraction        | 0.021        |
|    clip_range           | 0.2          |
|    entropy_loss         | -0.681       |
|    explained_variance   | 0.964        |
|    learning_rate        | 0.0003       |
|    loss                 | 5.3          |
|    n_updates            | 770          |
|    policy_gradient_loss | -0.00314     |
|    value_loss           | 11.2         |
------------------------------------------
-----------------------------------------
| rollout/                |             |
|    ep_len_mean          | 54.4        |
|    ep_rew_mean          | 56.3        |
| time/                   |             |
|    fps                  | 445         |
|    iterations           | 79          |
|    time_elapsed         | 363         |
|    total_timesteps      | 161792      |
| train/                  |             |
|    approx_kl            | 0.003592086 |
|    clip_fraction        | 0.0247      |
|    clip_range           | 0.2         |
|    entropy_loss         | -0.674      |
|    explained_variance   | 0.965       |
|    learning_rate        | 0.0003      |
|    loss                 | 7.18        |
|    n_updates            | 780         |
|    policy_gradient_loss | -0.00235    |
|    value_loss           | 11.6        |
-----------------------------------------
------------------------------------------
| rollout/                |              |
|    ep_len_mean          | 54.6         |
|    ep_rew_mean          | 59.2         |
| time/                   |              |
|    fps                  | 444          |
|    iterations           | 80           |
|    time_elapsed         | 368          |
|    total_timesteps      | 163840       |
| train/                  |              |
|    approx_kl            | 0.0047586216 |
|    clip_fraction        | 0.0362       |
|    clip_range           | 0.2          |
|    entropy_loss         | -0.723       |
|    explained_variance   | 0.958        |
|    learning_rate        | 0.0003       |
|    loss                 | 5.23         |
|    n_updates            | 790          |
|    policy_gradient_loss | -0.00457     |
|    value_loss           | 13.4         |
------------------------------------------
-----------------------------------------
| rollout/                |             |
|    ep_len_mean          | 54.3        |
|    ep_rew_mean          | 61          |
| time/                   |             |
|    fps                  | 445         |
|    iterations           | 81          |
|    time_elapsed         | 372         |
|    total_timesteps      | 165888      |
| train/                  |             |
|    approx_kl            | 0.013903422 |
|    clip_fraction        | 0.0558      |
|    clip_range           | 0.2         |
|    entropy_loss         | -0.737      |
|    explained_variance   | 0.946       |
|    learning_rate        | 0.0003      |
|    loss                 | 14.4        |
|    n_updates            | 800         |
|    policy_gradient_loss | -0.0114     |
|    value_loss           | 24.3        |
-----------------------------------------
------------------------------------------
| rollout/                |              |
|    ep_len_mean          | 53.9         |
|    ep_rew_mean          | 59.8         |
| time/                   |              |
|    fps                  | 445          |
|    iterations           | 82           |
|    time_elapsed         | 376          |
|    total_timesteps      | 167936       |
| train/                  |              |
|    approx_kl            | 0.0040429733 |
|    clip_fraction        | 0.0167       |
|    clip_range           | 0.2          |
|    entropy_loss         | -0.682       |
|    explained_variance   | 0.957        |
|    learning_rate        | 0.0003       |
|    loss                 | 5.61         |
|    n_updates            | 810          |
|    policy_gradient_loss | -0.00267     |
|    value_loss           | 12.5         |
------------------------------------------
-----------------------------------------
| rollout/                |             |
|    ep_len_mean          | 51.7        |
|    ep_rew_mean          | 56.2        |
| time/                   |             |
|    fps                  | 443         |
|    iterations           | 83          |
|    time_elapsed         | 383         |
|    total_timesteps      | 169984      |
| train/                  |             |
|    approx_kl            | 0.005153016 |
|    clip_fraction        | 0.0234      |
|    clip_range           | 0.2         |
|    entropy_loss         | -0.663      |
|    explained_variance   | 0.962       |
|    learning_rate        | 0.0003      |
|    loss                 | 6.98        |
|    n_updates            | 820         |
|    policy_gradient_loss | -0.00366    |
|    value_loss           | 13.7        |
-----------------------------------------
------------------------------------------
| rollout/                |              |
|    ep_len_mean          | 50.9         |
|    ep_rew_mean          | 58.3         |
| time/                   |              |
|    fps                  | 441          |
|    iterations           | 84           |
|    time_elapsed         | 389          |
|    total_timesteps      | 172032       |
| train/                  |              |
|    approx_kl            | 0.0059493473 |
|    clip_fraction        | 0.0269       |
|    clip_range           | 0.2          |
|    entropy_loss         | -0.71        |
|    explained_variance   | 0.951        |
|    learning_rate        | 0.0003       |
|    loss                 | 7.78         |
|    n_updates            | 830          |
|    policy_gradient_loss | -0.00216     |
|    value_loss           | 17.4         |
------------------------------------------
------------------------------------------
| rollout/                |              |
|    ep_len_mean          | 51.4         |
|    ep_rew_mean          | 56.4         |
| time/                   |              |
|    fps                  | 441          |
|    iterations           | 85           |
|    time_elapsed         | 394          |
|    total_timesteps      | 174080       |
| train/                  |              |
|    approx_kl            | 0.0041616727 |
|    clip_fraction        | 0.0172       |
|    clip_range           | 0.2          |
|    entropy_loss         | -0.723       |
|    explained_variance   | 0.954        |
|    learning_rate        | 0.0003       |
|    loss                 | 5.89         |
|    n_updates            | 840          |
|    policy_gradient_loss | -0.00289     |
|    value_loss           | 13.1         |
------------------------------------------
-----------------------------------------
| rollout/                |             |
|    ep_len_mean          | 53          |
|    ep_rew_mean          | 58.5        |
| time/                   |             |
|    fps                  | 441         |
|    iterations           | 86          |
|    time_elapsed         | 398         |
|    total_timesteps      | 176128      |
| train/                  |             |
|    approx_kl            | 0.004777316 |
|    clip_fraction        | 0.0325      |
|    clip_range           | 0.2         |
|    entropy_loss         | -0.717      |
|    explained_variance   | 0.956       |
|    learning_rate        | 0.0003      |
|    loss                 | 4.19        |
|    n_updates            | 850         |
|    policy_gradient_loss | -0.00402    |
|    value_loss           | 14.3        |
-----------------------------------------
------------------------------------------
| rollout/                |              |
|    ep_len_mean          | 53.7         |
|    ep_rew_mean          | 58.4         |
| time/                   |              |
|    fps                  | 443          |
|    iterations           | 87           |
|    time_elapsed         | 402          |
|    total_timesteps      | 178176       |
| train/                  |              |
|    approx_kl            | 0.0057936483 |
|    clip_fraction        | 0.0452       |
|    clip_range           | 0.2          |
|    entropy_loss         | -0.737       |
|    explained_variance   | 0.953        |
|    learning_rate        | 0.0003       |
|    loss                 | 10.1         |
|    n_updates            | 860          |
|    policy_gradient_loss | -0.00386     |
|    value_loss           | 17.3         |
------------------------------------------
------------------------------------------
| rollout/                |              |
|    ep_len_mean          | 53.2         |
|    ep_rew_mean          | 57.7         |
| time/                   |              |
|    fps                  | 443          |
|    iterations           | 88           |
|    time_elapsed         | 405          |
|    total_timesteps      | 180224       |
| train/                  |              |
|    approx_kl            | 0.0038799075 |
|    clip_fraction        | 0.0189       |
|    clip_range           | 0.2          |
|    entropy_loss         | -0.717       |
|    explained_variance   | 0.965        |
|    learning_rate        | 0.0003       |
|    loss                 | 5.68         |
|    n_updates            | 870          |
|    policy_gradient_loss | -0.00438     |
|    value_loss           | 9.95         |
------------------------------------------
------------------------------------------
| rollout/                |              |
|    ep_len_mean          | 52.5         |
|    ep_rew_mean          | 57.6         |
| time/                   |              |
|    fps                  | 445          |
|    iterations           | 89           |
|    time_elapsed         | 408          |
|    total_timesteps      | 182272       |
| train/                  |              |
|    approx_kl            | 0.0062034987 |
|    clip_fraction        | 0.0333       |
|    clip_range           | 0.2          |
|    entropy_loss         | -0.715       |
|    explained_variance   | 0.959        |
|    learning_rate        | 0.0003       |
|    loss                 | 5.61         |
|    n_updates            | 880          |
|    policy_gradient_loss | -0.00458     |
|    value_loss           | 14.4         |
------------------------------------------
-----------------------------------------
| rollout/                |             |
|    ep_len_mean          | 52.4        |
|    ep_rew_mean          | 58          |
| time/                   |             |
|    fps                  | 447         |
|    iterations           | 90          |
|    time_elapsed         | 411         |
|    total_timesteps      | 184320      |
| train/                  |             |
|    approx_kl            | 0.005508581 |
|    clip_fraction        | 0.052       |
|    clip_range           | 0.2         |
|    entropy_loss         | -0.728      |
|    explained_variance   | 0.949       |
|    learning_rate        | 0.0003      |
|    loss                 | 8.85        |
|    n_updates            | 890         |
|    policy_gradient_loss | -0.00449    |
|    value_loss           | 19.3        |
-----------------------------------------
----------------------------------------
| rollout/                |            |
|    ep_len_mean          | 53.1       |
|    ep_rew_mean          | 54.8       |
| time/                   |            |
|    fps                  | 449        |
|    iterations           | 91         |
|    time_elapsed         | 414        |
|    total_timesteps      | 186368     |
| train/                  |            |
|    approx_kl            | 0.00409541 |
|    clip_fraction        | 0.0354     |
|    clip_range           | 0.2        |
|    entropy_loss         | -0.724     |
|    explained_variance   | 0.964      |
|    learning_rate        | 0.0003     |
|    loss                 | 4.91       |
|    n_updates            | 900        |
|    policy_gradient_loss | -0.00358   |
|    value_loss           | 9.46       |
----------------------------------------
-----------------------------------------
| rollout/                |             |
|    ep_len_mean          | 54.5        |
|    ep_rew_mean          | 57.4        |
| time/                   |             |
|    fps                  | 450         |
|    iterations           | 92          |
|    time_elapsed         | 417         |
|    total_timesteps      | 188416      |
| train/                  |             |
|    approx_kl            | 0.007484616 |
|    clip_fraction        | 0.0451      |
|    clip_range           | 0.2         |
|    entropy_loss         | -0.653      |
|    explained_variance   | 0.955       |
|    learning_rate        | 0.0003      |
|    loss                 | 5.48        |
|    n_updates            | 910         |
|    policy_gradient_loss | -0.00395    |
|    value_loss           | 11.4        |
-----------------------------------------
-----------------------------------------
| rollout/                |             |
|    ep_len_mean          | 54.5        |
|    ep_rew_mean          | 60          |
| time/                   |             |
|    fps                  | 451         |
|    iterations           | 93          |
|    time_elapsed         | 421         |
|    total_timesteps      | 190464      |
| train/                  |             |
|    approx_kl            | 0.004320345 |
|    clip_fraction        | 0.0204      |
|    clip_range           | 0.2         |
|    entropy_loss         | -0.787      |
|    explained_variance   | 0.963       |
|    learning_rate        | 0.0003      |
|    loss                 | 7.03        |
|    n_updates            | 920         |
|    policy_gradient_loss | -0.00297    |
|    value_loss           | 11.3        |
-----------------------------------------
------------------------------------------
| rollout/                |              |
|    ep_len_mean          | 52.2         |
|    ep_rew_mean          | 59.4         |
| time/                   |              |
|    fps                  | 453          |
|    iterations           | 94           |
|    time_elapsed         | 424          |
|    total_timesteps      | 192512       |
| train/                  |              |
|    approx_kl            | 0.0023013977 |
|    clip_fraction        | 0.0141       |
|    clip_range           | 0.2          |
|    entropy_loss         | -0.734       |
|    explained_variance   | 0.963        |
|    learning_rate        | 0.0003       |
|    loss                 | 6.83         |
|    n_updates            | 930          |
|    policy_gradient_loss | -0.00357     |
|    value_loss           | 13.4         |
------------------------------------------
------------------------------------------
| rollout/                |              |
|    ep_len_mean          | 52.4         |
|    ep_rew_mean          | 58.7         |
| time/                   |              |
|    fps                  | 454          |
|    iterations           | 95           |
|    time_elapsed         | 427          |
|    total_timesteps      | 194560       |
| train/                  |              |
|    approx_kl            | 0.0056707794 |
|    clip_fraction        | 0.0463       |
|    clip_range           | 0.2          |
|    entropy_loss         | -0.802       |
|    explained_variance   | 0.959        |
|    learning_rate        | 0.0003       |
|    loss                 | 4.59         |
|    n_updates            | 940          |
|    policy_gradient_loss | -0.00484     |
|    value_loss           | 13.9         |
------------------------------------------
------------------------------------------
| rollout/                |              |
|    ep_len_mean          | 52.5         |
|    ep_rew_mean          | 55.8         |
| time/                   |              |
|    fps                  | 456          |
|    iterations           | 96           |
|    time_elapsed         | 431          |
|    total_timesteps      | 196608       |
| train/                  |              |
|    approx_kl            | 0.0061918306 |
|    clip_fraction        | 0.0412       |
|    clip_range           | 0.2          |
|    entropy_loss         | -0.707       |
|    explained_variance   | 0.958        |
|    learning_rate        | 0.0003       |
|    loss                 | 4.93         |
|    n_updates            | 950          |
|    policy_gradient_loss | -0.00357     |
|    value_loss           | 12.6         |
------------------------------------------
------------------------------------------
| rollout/                |              |
|    ep_len_mean          | 54.8         |
|    ep_rew_mean          | 57.9         |
| time/                   |              |
|    fps                  | 456          |
|    iterations           | 97           |
|    time_elapsed         | 435          |
|    total_timesteps      | 198656       |
| train/                  |              |
|    approx_kl            | 0.0058193733 |
|    clip_fraction        | 0.0256       |
|    clip_range           | 0.2          |
|    entropy_loss         | -0.763       |
|    explained_variance   | 0.958        |
|    learning_rate        | 0.0003       |
|    loss                 | 7.38         |
|    n_updates            | 960          |
|    policy_gradient_loss | -0.00352     |
|    value_loss           | 12.8         |
------------------------------------------
------------------------------------------
| rollout/                |              |
|    ep_len_mean          | 54.5         |
|    ep_rew_mean          | 57.6         |
| time/                   |              |
|    fps                  | 457          |
|    iterations           | 98           |
|    time_elapsed         | 438          |
|    total_timesteps      | 200704       |
| train/                  |              |
|    approx_kl            | 0.0034074583 |
|    clip_fraction        | 0.0204       |
|    clip_range           | 0.2          |
|    entropy_loss         | -0.731       |
|    explained_variance   | 0.953        |
|    learning_rate        | 0.0003       |
|    loss                 | 5.98         |
|    n_updates            | 970          |
|    policy_gradient_loss | -0.00362     |
|    value_loss           | 13.3         |
------------------------------------------
------------------------------------------
| rollout/                |              |
|    ep_len_mean          | 56.2         |
|    ep_rew_mean          | 61.3         |
| time/                   |              |
|    fps                  | 458          |
|    iterations           | 99           |
|    time_elapsed         | 441          |
|    total_timesteps      | 202752       |
| train/                  |              |
|    approx_kl            | 0.0057508247 |
|    clip_fraction        | 0.0344       |
|    clip_range           | 0.2          |
|    entropy_loss         | -0.781       |
|    explained_variance   | 0.968        |
|    learning_rate        | 0.0003       |
|    loss                 | 3.6          |
|    n_updates            | 980          |
|    policy_gradient_loss | -0.00376     |
|    value_loss           | 9.53         |
------------------------------------------
-----------------------------------------
| rollout/                |             |
|    ep_len_mean          | 56.2        |
|    ep_rew_mean          | 61.4        |
| time/                   |             |
|    fps                  | 459         |
|    iterations           | 100         |
|    time_elapsed         | 445         |
|    total_timesteps      | 204800      |
| train/                  |             |
|    approx_kl            | 0.006562423 |
|    clip_fraction        | 0.0256      |
|    clip_range           | 0.2         |
|    entropy_loss         | -0.715      |
|    explained_variance   | 0.964       |
|    learning_rate        | 0.0003      |
|    loss                 | 5.4         |
|    n_updates            | 990         |
|    policy_gradient_loss | -0.00404    |
|    value_loss           | 14.5        |
-----------------------------------------
------------------------------------------
| rollout/                |              |
|    ep_len_mean          | 56.1         |
|    ep_rew_mean          | 59.3         |
| time/                   |              |
|    fps                  | 459          |
|    iterations           | 101          |
|    time_elapsed         | 449          |
|    total_timesteps      | 206848       |
| train/                  |              |
|    approx_kl            | 0.0024490305 |
|    clip_fraction        | 0.041        |
|    clip_range           | 0.2          |
|    entropy_loss         | -0.765       |
|    explained_variance   | 0.968        |
|    learning_rate        | 0.0003       |
|    loss                 | 3.66         |
|    n_updates            | 1000         |
|    policy_gradient_loss | -0.00447     |
|    value_loss           | 8.69         |
------------------------------------------
-----------------------------------------
| rollout/                |             |
|    ep_len_mean          | 54.7        |
|    ep_rew_mean          | 57.9        |
| time/                   |             |
|    fps                  | 460         |
|    iterations           | 102         |
|    time_elapsed         | 453         |
|    total_timesteps      | 208896      |
| train/                  |             |
|    approx_kl            | 0.003620299 |
|    clip_fraction        | 0.0404      |
|    clip_range           | 0.2         |
|    entropy_loss         | -0.739      |
|    explained_variance   | 0.952       |
|    learning_rate        | 0.0003      |
|    loss                 | 5           |
|    n_updates            | 1010        |
|    policy_gradient_loss | -0.00597    |
|    value_loss           | 18          |
-----------------------------------------
-----------------------------------------
| rollout/                |             |
|    ep_len_mean          | 55.4        |
|    ep_rew_mean          | 62.3        |
| time/                   |             |
|    fps                  | 461         |
|    iterations           | 103         |
|    time_elapsed         | 456         |
|    total_timesteps      | 210944      |
| train/                  |             |
|    approx_kl            | 0.002789083 |
|    clip_fraction        | 0.0202      |
|    clip_range           | 0.2         |
|    entropy_loss         | -0.752      |
|    explained_variance   | 0.962       |
|    learning_rate        | 0.0003      |
|    loss                 | 5.43        |
|    n_updates            | 1020        |
|    policy_gradient_loss | -0.00254    |
|    value_loss           | 12.7        |
-----------------------------------------
-----------------------------------------
| rollout/                |             |
|    ep_len_mean          | 55.9        |
|    ep_rew_mean          | 62          |
| time/                   |             |
|    fps                  | 462         |
|    iterations           | 104         |
|    time_elapsed         | 460         |
|    total_timesteps      | 212992      |
| train/                  |             |
|    approx_kl            | 0.005078518 |
|    clip_fraction        | 0.0436      |
|    clip_range           | 0.2         |
|    entropy_loss         | -0.767      |
|    explained_variance   | 0.971       |
|    learning_rate        | 0.0003      |
|    loss                 | 7.04        |
|    n_updates            | 1030        |
|    policy_gradient_loss | -0.00383    |
|    value_loss           | 11.8        |
-----------------------------------------
-----------------------------------------
| rollout/                |             |
|    ep_len_mean          | 57          |
|    ep_rew_mean          | 62.4        |
| time/                   |             |
|    fps                  | 463         |
|    iterations           | 105         |
|    time_elapsed         | 463         |
|    total_timesteps      | 215040      |
| train/                  |             |
|    approx_kl            | 0.004199728 |
|    clip_fraction        | 0.0178      |
|    clip_range           | 0.2         |
|    entropy_loss         | -0.734      |
|    explained_variance   | 0.962       |
|    learning_rate        | 0.0003      |
|    loss                 | 6.98        |
|    n_updates            | 1040        |
|    policy_gradient_loss | -0.00304    |
|    value_loss           | 14          |
-----------------------------------------
------------------------------------------
| rollout/                |              |
|    ep_len_mean          | 56.8         |
|    ep_rew_mean          | 59.3         |
| time/                   |              |
|    fps                  | 465          |
|    iterations           | 106          |
|    time_elapsed         | 466          |
|    total_timesteps      | 217088       |
| train/                  |              |
|    approx_kl            | 0.0048762606 |
|    clip_fraction        | 0.0239       |
|    clip_range           | 0.2          |
|    entropy_loss         | -0.699       |
|    explained_variance   | 0.955        |
|    learning_rate        | 0.0003       |
|    loss                 | 7.72         |
|    n_updates            | 1050         |
|    policy_gradient_loss | -0.00249     |
|    value_loss           | 14.2         |
------------------------------------------
------------------------------------------
| rollout/                |              |
|    ep_len_mean          | 56.8         |
|    ep_rew_mean          | 57.1         |
| time/                   |              |
|    fps                  | 467          |
|    iterations           | 107          |
|    time_elapsed         | 469          |
|    total_timesteps      | 219136       |
| train/                  |              |
|    approx_kl            | 0.0036633878 |
|    clip_fraction        | 0.0317       |
|    clip_range           | 0.2          |
|    entropy_loss         | -0.715       |
|    explained_variance   | 0.965        |
|    learning_rate        | 0.0003       |
|    loss                 | 3.65         |
|    n_updates            | 1060         |
|    policy_gradient_loss | -0.00496     |
|    value_loss           | 9.88         |
------------------------------------------
------------------------------------------
| rollout/                |              |
|    ep_len_mean          | 56.3         |
|    ep_rew_mean          | 58.1         |
| time/                   |              |
|    fps                  | 468          |
|    iterations           | 108          |
|    time_elapsed         | 472          |
|    total_timesteps      | 221184       |
| train/                  |              |
|    approx_kl            | 0.0042278077 |
|    clip_fraction        | 0.0485       |
|    clip_range           | 0.2          |
|    entropy_loss         | -0.712       |
|    explained_variance   | 0.964        |
|    learning_rate        | 0.0003       |
|    loss                 | 4.29         |
|    n_updates            | 1070         |
|    policy_gradient_loss | -0.00635     |
|    value_loss           | 10.6         |
------------------------------------------
------------------------------------------
| rollout/                |              |
|    ep_len_mean          | 56.7         |
|    ep_rew_mean          | 59.5         |
| time/                   |              |
|    fps                  | 469          |
|    iterations           | 109          |
|    time_elapsed         | 475          |
|    total_timesteps      | 223232       |
| train/                  |              |
|    approx_kl            | 0.0032999641 |
|    clip_fraction        | 0.0266       |
|    clip_range           | 0.2          |
|    entropy_loss         | -0.749       |
|    explained_variance   | 0.959        |
|    learning_rate        | 0.0003       |
|    loss                 | 6.97         |
|    n_updates            | 1080         |
|    policy_gradient_loss | -0.00332     |
|    value_loss           | 15.9         |
------------------------------------------
------------------------------------------
| rollout/                |              |
|    ep_len_mean          | 57.1         |
|    ep_rew_mean          | 60.9         |
| time/                   |              |
|    fps                  | 471          |
|    iterations           | 110          |
|    time_elapsed         | 478          |
|    total_timesteps      | 225280       |
| train/                  |              |
|    approx_kl            | 0.0032142224 |
|    clip_fraction        | 0.0458       |
|    clip_range           | 0.2          |
|    entropy_loss         | -0.718       |
|    explained_variance   | 0.969        |
|    learning_rate        | 0.0003       |
|    loss                 | 3.96         |
|    n_updates            | 1090         |
|    policy_gradient_loss | -0.00411     |
|    value_loss           | 9.93         |
------------------------------------------
-----------------------------------------
| rollout/                |             |
|    ep_len_mean          | 57          |
|    ep_rew_mean          | 58.4        |
| time/                   |             |
|    fps                  | 472         |
|    iterations           | 111         |
|    time_elapsed         | 481         |
|    total_timesteps      | 227328      |
| train/                  |             |
|    approx_kl            | 0.005677697 |
|    clip_fraction        | 0.0459      |
|    clip_range           | 0.2         |
|    entropy_loss         | -0.717      |
|    explained_variance   | 0.969       |
|    learning_rate        | 0.0003      |
|    loss                 | 5.09        |
|    n_updates            | 1100        |
|    policy_gradient_loss | -0.00469    |
|    value_loss           | 11.7        |
-----------------------------------------
------------------------------------------
| rollout/                |              |
|    ep_len_mean          | 56.7         |
|    ep_rew_mean          | 59.1         |
| time/                   |              |
|    fps                  | 473          |
|    iterations           | 112          |
|    time_elapsed         | 483          |
|    total_timesteps      | 229376       |
| train/                  |              |
|    approx_kl            | 0.0039779907 |
|    clip_fraction        | 0.0661       |
|    clip_range           | 0.2          |
|    entropy_loss         | -0.676       |
|    explained_variance   | 0.957        |
|    learning_rate        | 0.0003       |
|    loss                 | 7.72         |
|    n_updates            | 1110         |
|    policy_gradient_loss | -0.00619     |
|    value_loss           | 14.1         |
------------------------------------------
------------------------------------------
| rollout/                |              |
|    ep_len_mean          | 57.4         |
|    ep_rew_mean          | 59.5         |
| time/                   |              |
|    fps                  | 474          |
|    iterations           | 113          |
|    time_elapsed         | 487          |
|    total_timesteps      | 231424       |
| train/                  |              |
|    approx_kl            | 0.0039380225 |
|    clip_fraction        | 0.0332       |
|    clip_range           | 0.2          |
|    entropy_loss         | -0.697       |
|    explained_variance   | 0.967        |
|    learning_rate        | 0.0003       |
|    loss                 | 5.11         |
|    n_updates            | 1120         |
|    policy_gradient_loss | -0.00354     |
|    value_loss           | 11.7         |
------------------------------------------
-----------------------------------------
| rollout/                |             |
|    ep_len_mean          | 56.7        |
|    ep_rew_mean          | 59.4        |
| time/                   |             |
|    fps                  | 476         |
|    iterations           | 114         |
|    time_elapsed         | 490         |
|    total_timesteps      | 233472      |
| train/                  |             |
|    approx_kl            | 0.002443667 |
|    clip_fraction        | 0.00815     |
|    clip_range           | 0.2         |
|    entropy_loss         | -0.718      |
|    explained_variance   | 0.964       |
|    learning_rate        | 0.0003      |
|    loss                 | 6.84        |
|    n_updates            | 1130        |
|    policy_gradient_loss | -0.00238    |
|    value_loss           | 12.1        |
-----------------------------------------
------------------------------------------
| rollout/                |              |
|    ep_len_mean          | 56.3         |
|    ep_rew_mean          | 58           |
| time/                   |              |
|    fps                  | 477          |
|    iterations           | 115          |
|    time_elapsed         | 493          |
|    total_timesteps      | 235520       |
| train/                  |              |
|    approx_kl            | 0.0023316022 |
|    clip_fraction        | 0.0265       |
|    clip_range           | 0.2          |
|    entropy_loss         | -0.719       |
|    explained_variance   | 0.969        |
|    learning_rate        | 0.0003       |
|    loss                 | 4.49         |
|    n_updates            | 1140         |
|    policy_gradient_loss | -0.00339     |
|    value_loss           | 9.5          |
------------------------------------------
-----------------------------------------
| rollout/                |             |
|    ep_len_mean          | 55.9        |
|    ep_rew_mean          | 56.4        |
| time/                   |             |
|    fps                  | 478         |
|    iterations           | 116         |
|    time_elapsed         | 496         |
|    total_timesteps      | 237568      |
| train/                  |             |
|    approx_kl            | 0.004291024 |
|    clip_fraction        | 0.0454      |
|    clip_range           | 0.2         |
|    entropy_loss         | -0.739      |
|    explained_variance   | 0.968       |
|    learning_rate        | 0.0003      |
|    loss                 | 3.5         |
|    n_updates            | 1150        |
|    policy_gradient_loss | -0.00473    |
|    value_loss           | 8.23        |
-----------------------------------------
------------------------------------------
| rollout/                |              |
|    ep_len_mean          | 56.5         |
|    ep_rew_mean          | 55.6         |
| time/                   |              |
|    fps                  | 480          |
|    iterations           | 117          |
|    time_elapsed         | 498          |
|    total_timesteps      | 239616       |
| train/                  |              |
|    approx_kl            | 0.0032879058 |
|    clip_fraction        | 0.0416       |
|    clip_range           | 0.2          |
|    entropy_loss         | -0.745       |
|    explained_variance   | 0.971        |
|    learning_rate        | 0.0003       |
|    loss                 | 4.55         |
|    n_updates            | 1160         |
|    policy_gradient_loss | -0.00602     |
|    value_loss           | 8.92         |
------------------------------------------
-----------------------------------------
| rollout/                |             |
|    ep_len_mean          | 55.6        |
|    ep_rew_mean          | 56.1        |
| time/                   |             |
|    fps                  | 481         |
|    iterations           | 118         |
|    time_elapsed         | 501         |
|    total_timesteps      | 241664      |
| train/                  |             |
|    approx_kl            | 0.006020512 |
|    clip_fraction        | 0.0798      |
|    clip_range           | 0.2         |
|    entropy_loss         | -0.703      |
|    explained_variance   | 0.97        |
|    learning_rate        | 0.0003      |
|    loss                 | 4.34        |
|    n_updates            | 1170        |
|    policy_gradient_loss | -0.00687    |
|    value_loss           | 8.56        |
-----------------------------------------
---------------------------------------
| rollout/                |           |
|    ep_len_mean          | 56.6      |
|    ep_rew_mean          | 58.2      |
| time/                   |           |
|    fps                  | 482       |
|    iterations           | 119       |
|    time_elapsed         | 504       |
|    total_timesteps      | 243712    |
| train/                  |           |
|    approx_kl            | 0.0062338 |
|    clip_fraction        | 0.0398    |
|    clip_range           | 0.2       |
|    entropy_loss         | -0.74     |
|    explained_variance   | 0.963     |
|    learning_rate        | 0.0003    |
|    loss                 | 4.13      |
|    n_updates            | 1180      |
|    policy_gradient_loss | -0.00501  |
|    value_loss           | 14.2      |
---------------------------------------
------------------------------------------
| rollout/                |              |
|    ep_len_mean          | 56.5         |
|    ep_rew_mean          | 61.6         |
| time/                   |              |
|    fps                  | 483          |
|    iterations           | 120          |
|    time_elapsed         | 507          |
|    total_timesteps      | 245760       |
| train/                  |              |
|    approx_kl            | 0.0041615306 |
|    clip_fraction        | 0.0192       |
|    clip_range           | 0.2          |
|    entropy_loss         | -0.673       |
|    explained_variance   | 0.955        |
|    learning_rate        | 0.0003       |
|    loss                 | 6.95         |
|    n_updates            | 1190         |
|    policy_gradient_loss | -0.00278     |
|    value_loss           | 14.5         |
------------------------------------------
------------------------------------------
| rollout/                |              |
|    ep_len_mean          | 55.8         |
|    ep_rew_mean          | 59.5         |
| time/                   |              |
|    fps                  | 484          |
|    iterations           | 121          |
|    time_elapsed         | 511          |
|    total_timesteps      | 247808       |
| train/                  |              |
|    approx_kl            | 0.0031100386 |
|    clip_fraction        | 0.0263       |
|    clip_range           | 0.2          |
|    entropy_loss         | -0.689       |
|    explained_variance   | 0.96         |
|    learning_rate        | 0.0003       |
|    loss                 | 5.59         |
|    n_updates            | 1200         |
|    policy_gradient_loss | -0.00388     |
|    value_loss           | 12.6         |
------------------------------------------
------------------------------------------
| rollout/                |              |
|    ep_len_mean          | 53.8         |
|    ep_rew_mean          | 59.7         |
| time/                   |              |
|    fps                  | 485          |
|    iterations           | 122          |
|    time_elapsed         | 515          |
|    total_timesteps      | 249856       |
| train/                  |              |
|    approx_kl            | 0.0052332613 |
|    clip_fraction        | 0.0213       |
|    clip_range           | 0.2          |
|    entropy_loss         | -0.696       |
|    explained_variance   | 0.956        |
|    learning_rate        | 0.0003       |
|    loss                 | 7.03         |
|    n_updates            | 1210         |
|    policy_gradient_loss | -0.00269     |
|    value_loss           | 14.6         |
------------------------------------------
------------------------------------------
| rollout/                |              |
|    ep_len_mean          | 53.5         |
|    ep_rew_mean          | 59.3         |
| time/                   |              |
|    fps                  | 485          |
|    iterations           | 123          |
|    time_elapsed         | 518          |
|    total_timesteps      | 251904       |
| train/                  |              |
|    approx_kl            | 0.0045023505 |
|    clip_fraction        | 0.0307       |
|    clip_range           | 0.2          |
|    entropy_loss         | -0.717       |
|    explained_variance   | 0.972        |
|    learning_rate        | 0.0003       |
|    loss                 | 4.66         |
|    n_updates            | 1220         |
|    policy_gradient_loss | -0.0039      |
|    value_loss           | 10.3         |
------------------------------------------
------------------------------------------
| rollout/                |              |
|    ep_len_mean          | 52.7         |
|    ep_rew_mean          | 58.4         |
| time/                   |              |
|    fps                  | 487          |
|    iterations           | 124          |
|    time_elapsed         | 521          |
|    total_timesteps      | 253952       |
| train/                  |              |
|    approx_kl            | 0.0040730527 |
|    clip_fraction        | 0.015        |
|    clip_range           | 0.2          |
|    entropy_loss         | -0.683       |
|    explained_variance   | 0.951        |
|    learning_rate        | 0.0003       |
|    loss                 | 8.44         |
|    n_updates            | 1230         |
|    policy_gradient_loss | -0.0036      |
|    value_loss           | 18.8         |
------------------------------------------
------------------------------------------
| rollout/                |              |
|    ep_len_mean          | 51.9         |
|    ep_rew_mean          | 56.3         |
| time/                   |              |
|    fps                  | 488          |
|    iterations           | 125          |
|    time_elapsed         | 524          |
|    total_timesteps      | 256000       |
| train/                  |              |
|    approx_kl            | 0.0046447623 |
|    clip_fraction        | 0.0423       |
|    clip_range           | 0.2          |
|    entropy_loss         | -0.721       |
|    explained_variance   | 0.958        |
|    learning_rate        | 0.0003       |
|    loss                 | 5.53         |
|    n_updates            | 1240         |
|    policy_gradient_loss | -0.00477     |
|    value_loss           | 13.6         |
------------------------------------------
------------------------------------------
| rollout/                |              |
|    ep_len_mean          | 53           |
|    ep_rew_mean          | 56.6         |
| time/                   |              |
|    fps                  | 489          |
|    iterations           | 126          |
|    time_elapsed         | 527          |
|    total_timesteps      | 258048       |
| train/                  |              |
|    approx_kl            | 0.0045904564 |
|    clip_fraction        | 0.0468       |
|    clip_range           | 0.2          |
|    entropy_loss         | -0.763       |
|    explained_variance   | 0.941        |
|    learning_rate        | 0.0003       |
|    loss                 | 10.4         |
|    n_updates            | 1250         |
|    policy_gradient_loss | -0.00454     |
|    value_loss           | 16.3         |
------------------------------------------
-----------------------------------------
| rollout/                |             |
|    ep_len_mean          | 54.2        |
|    ep_rew_mean          | 58.9        |
| time/                   |             |
|    fps                  | 490         |
|    iterations           | 127         |
|    time_elapsed         | 530         |
|    total_timesteps      | 260096      |
| train/                  |             |
|    approx_kl            | 0.004464533 |
|    clip_fraction        | 0.0231      |
|    clip_range           | 0.2         |
|    entropy_loss         | -0.692      |
|    explained_variance   | 0.969       |
|    learning_rate        | 0.0003      |
|    loss                 | 5.14        |
|    n_updates            | 1260        |
|    policy_gradient_loss | -0.00187    |
|    value_loss           | 10.4        |
-----------------------------------------
-----------------------------------------
| rollout/                |             |
|    ep_len_mean          | 55.4        |
|    ep_rew_mean          | 58.6        |
| time/                   |             |
|    fps                  | 491         |
|    iterations           | 128         |
|    time_elapsed         | 533         |
|    total_timesteps      | 262144      |
| train/                  |             |
|    approx_kl            | 0.004389309 |
|    clip_fraction        | 0.0223      |
|    clip_range           | 0.2         |
|    entropy_loss         | -0.703      |
|    explained_variance   | 0.974       |
|    learning_rate        | 0.0003      |
|    loss                 | 4.5         |
|    n_updates            | 1270        |
|    policy_gradient_loss | -0.00313    |
|    value_loss           | 10.4        |
-----------------------------------------
------------------------------------------
| rollout/                |              |
|    ep_len_mean          | 54.3         |
|    ep_rew_mean          | 58.3         |
| time/                   |              |
|    fps                  | 492          |
|    iterations           | 129          |
|    time_elapsed         | 536          |
|    total_timesteps      | 264192       |
| train/                  |              |
|    approx_kl            | 0.0050828326 |
|    clip_fraction        | 0.045        |
|    clip_range           | 0.2          |
|    entropy_loss         | -0.728       |
|    explained_variance   | 0.969        |
|    learning_rate        | 0.0003       |
|    loss                 | 4.16         |
|    n_updates            | 1280         |
|    policy_gradient_loss | -0.00329     |
|    value_loss           | 8.95         |
------------------------------------------
------------------------------------------
| rollout/                |              |
|    ep_len_mean          | 54.6         |
|    ep_rew_mean          | 57.2         |
| time/                   |              |
|    fps                  | 493          |
|    iterations           | 130          |
|    time_elapsed         | 539          |
|    total_timesteps      | 266240       |
| train/                  |              |
|    approx_kl            | 0.0040500113 |
|    clip_fraction        | 0.03         |
|    clip_range           | 0.2          |
|    entropy_loss         | -0.708       |
|    explained_variance   | 0.956        |
|    learning_rate        | 0.0003       |
|    loss                 | 5.07         |
|    n_updates            | 1290         |
|    policy_gradient_loss | -0.00396     |
|    value_loss           | 13.7         |
------------------------------------------
------------------------------------------
| rollout/                |              |
|    ep_len_mean          | 54.6         |
|    ep_rew_mean          | 56           |
| time/                   |              |
|    fps                  | 494          |
|    iterations           | 131          |
|    time_elapsed         | 542          |
|    total_timesteps      | 268288       |
| train/                  |              |
|    approx_kl            | 0.0049300143 |
|    clip_fraction        | 0.0408       |
|    clip_range           | 0.2          |
|    entropy_loss         | -0.703       |
|    explained_variance   | 0.965        |
|    learning_rate        | 0.0003       |
|    loss                 | 6.46         |
|    n_updates            | 1300         |
|    policy_gradient_loss | -0.00524     |
|    value_loss           | 12.2         |
------------------------------------------
------------------------------------------
| rollout/                |              |
|    ep_len_mean          | 54           |
|    ep_rew_mean          | 59.1         |
| time/                   |              |
|    fps                  | 496          |
|    iterations           | 132          |
|    time_elapsed         | 544          |
|    total_timesteps      | 270336       |
| train/                  |              |
|    approx_kl            | 0.0062671476 |
|    clip_fraction        | 0.0587       |
|    clip_range           | 0.2          |
|    entropy_loss         | -0.699       |
|    explained_variance   | 0.936        |
|    learning_rate        | 0.0003       |
|    loss                 | 7.68         |
|    n_updates            | 1310         |
|    policy_gradient_loss | -0.00621     |
|    value_loss           | 14.8         |
------------------------------------------
-----------------------------------------
| rollout/                |             |
|    ep_len_mean          | 53.5        |
|    ep_rew_mean          | 58.3        |
| time/                   |             |
|    fps                  | 497         |
|    iterations           | 133         |
|    time_elapsed         | 547         |
|    total_timesteps      | 272384      |
| train/                  |             |
|    approx_kl            | 0.004419441 |
|    clip_fraction        | 0.0239      |
|    clip_range           | 0.2         |
|    entropy_loss         | -0.75       |
|    explained_variance   | 0.965       |
|    learning_rate        | 0.0003      |
|    loss                 | 4.79        |
|    n_updates            | 1320        |
|    policy_gradient_loss | -0.00335    |
|    value_loss           | 12.5        |
-----------------------------------------
------------------------------------------
| rollout/                |              |
|    ep_len_mean          | 54.4         |
|    ep_rew_mean          | 59.3         |
| time/                   |              |
|    fps                  | 498          |
|    iterations           | 134          |
|    time_elapsed         | 550          |
|    total_timesteps      | 274432       |
| train/                  |              |
|    approx_kl            | 0.0072073853 |
|    clip_fraction        | 0.0717       |
|    clip_range           | 0.2          |
|    entropy_loss         | -0.728       |
|    explained_variance   | 0.97         |
|    learning_rate        | 0.0003       |
|    loss                 | 3.42         |
|    n_updates            | 1330         |
|    policy_gradient_loss | -0.00622     |
|    value_loss           | 9.62         |
------------------------------------------
-----------------------------------------
| rollout/                |             |
|    ep_len_mean          | 55.1        |
|    ep_rew_mean          | 58.4        |
| time/                   |             |
|    fps                  | 500         |
|    iterations           | 135         |
|    time_elapsed         | 552         |
|    total_timesteps      | 276480      |
| train/                  |             |
|    approx_kl            | 0.002335254 |
|    clip_fraction        | 0.0467      |
|    clip_range           | 0.2         |
|    entropy_loss         | -0.769      |
|    explained_variance   | 0.967       |
|    learning_rate        | 0.0003      |
|    loss                 | 6.17        |
|    n_updates            | 1340        |
|    policy_gradient_loss | -0.0038     |
|    value_loss           | 12.3        |
-----------------------------------------
------------------------------------------
| rollout/                |              |
|    ep_len_mean          | 55.3         |
|    ep_rew_mean          | 61.1         |
| time/                   |              |
|    fps                  | 501          |
|    iterations           | 136          |
|    time_elapsed         | 555          |
|    total_timesteps      | 278528       |
| train/                  |              |
|    approx_kl            | 0.0048947744 |
|    clip_fraction        | 0.0291       |
|    clip_range           | 0.2          |
|    entropy_loss         | -0.76        |
|    explained_variance   | 0.968        |
|    learning_rate        | 0.0003       |
|    loss                 | 4.79         |
|    n_updates            | 1350         |
|    policy_gradient_loss | -0.00352     |
|    value_loss           | 10.1         |
------------------------------------------
------------------------------------------
| rollout/                |              |
|    ep_len_mean          | 54.6         |
|    ep_rew_mean          | 61.7         |
| time/                   |              |
|    fps                  | 502          |
|    iterations           | 137          |
|    time_elapsed         | 558          |
|    total_timesteps      | 280576       |
| train/                  |              |
|    approx_kl            | 0.0028992635 |
|    clip_fraction        | 0.0243       |
|    clip_range           | 0.2          |
|    entropy_loss         | -0.773       |
|    explained_variance   | 0.948        |
|    learning_rate        | 0.0003       |
|    loss                 | 9.3          |
|    n_updates            | 1360         |
|    policy_gradient_loss | -0.00363     |
|    value_loss           | 15.4         |
------------------------------------------
------------------------------------------
| rollout/                |              |
|    ep_len_mean          | 53.8         |
|    ep_rew_mean          | 61.6         |
| time/                   |              |
|    fps                  | 503          |
|    iterations           | 138          |
|    time_elapsed         | 561          |
|    total_timesteps      | 282624       |
| train/                  |              |
|    approx_kl            | 0.0057441266 |
|    clip_fraction        | 0.0386       |
|    clip_range           | 0.2          |
|    entropy_loss         | -0.757       |
|    explained_variance   | 0.962        |
|    learning_rate        | 0.0003       |
|    loss                 | 7.65         |
|    n_updates            | 1370         |
|    policy_gradient_loss | -0.00425     |
|    value_loss           | 13.1         |
------------------------------------------
-----------------------------------------
| rollout/                |             |
|    ep_len_mean          | 53.5        |
|    ep_rew_mean          | 60.5        |
| time/                   |             |
|    fps                  | 504         |
|    iterations           | 139         |
|    time_elapsed         | 564         |
|    total_timesteps      | 284672      |
| train/                  |             |
|    approx_kl            | 0.003642411 |
|    clip_fraction        | 0.02        |
|    clip_range           | 0.2         |
|    entropy_loss         | -0.723      |
|    explained_variance   | 0.962       |
|    learning_rate        | 0.0003      |
|    loss                 | 5.68        |
|    n_updates            | 1380        |
|    policy_gradient_loss | -0.00339    |
|    value_loss           | 14.2        |
-----------------------------------------
-----------------------------------------
| rollout/                |             |
|    ep_len_mean          | 54          |
|    ep_rew_mean          | 58          |
| time/                   |             |
|    fps                  | 505         |
|    iterations           | 140         |
|    time_elapsed         | 567         |
|    total_timesteps      | 286720      |
| train/                  |             |
|    approx_kl            | 0.005083191 |
|    clip_fraction        | 0.0414      |
|    clip_range           | 0.2         |
|    entropy_loss         | -0.734      |
|    explained_variance   | 0.964       |
|    learning_rate        | 0.0003      |
|    loss                 | 5.56        |
|    n_updates            | 1390        |
|    policy_gradient_loss | -0.00499    |
|    value_loss           | 13.8        |
-----------------------------------------
-----------------------------------------
| rollout/                |             |
|    ep_len_mean          | 54.6        |
|    ep_rew_mean          | 59.2        |
| time/                   |             |
|    fps                  | 506         |
|    iterations           | 141         |
|    time_elapsed         | 569         |
|    total_timesteps      | 288768      |
| train/                  |             |
|    approx_kl            | 0.005600105 |
|    clip_fraction        | 0.0378      |
|    clip_range           | 0.2         |
|    entropy_loss         | -0.675      |
|    explained_variance   | 0.969       |
|    learning_rate        | 0.0003      |
|    loss                 | 4.39        |
|    n_updates            | 1400        |
|    policy_gradient_loss | -0.00432    |
|    value_loss           | 8.27        |
-----------------------------------------
------------------------------------------
| rollout/                |              |
|    ep_len_mean          | 54.4         |
|    ep_rew_mean          | 59.2         |
| time/                   |              |
|    fps                  | 507          |
|    iterations           | 142          |
|    time_elapsed         | 572          |
|    total_timesteps      | 290816       |
| train/                  |              |
|    approx_kl            | 0.0030676145 |
|    clip_fraction        | 0.0269       |
|    clip_range           | 0.2          |
|    entropy_loss         | -0.675       |
|    explained_variance   | 0.961        |
|    learning_rate        | 0.0003       |
|    loss                 | 7.16         |
|    n_updates            | 1410         |
|    policy_gradient_loss | -0.00438     |
|    value_loss           | 15.1         |
------------------------------------------
----------------------------------------
| rollout/                |            |
|    ep_len_mean          | 53.9       |
|    ep_rew_mean          | 60.3       |
| time/                   |            |
|    fps                  | 509        |
|    iterations           | 143        |
|    time_elapsed         | 575        |
|    total_timesteps      | 292864     |
| train/                  |            |
|    approx_kl            | 0.00420936 |
|    clip_fraction        | 0.0305     |
|    clip_range           | 0.2        |
|    entropy_loss         | -0.637     |
|    explained_variance   | 0.963      |
|    learning_rate        | 0.0003     |
|    loss                 | 7.19       |
|    n_updates            | 1420       |
|    policy_gradient_loss | -0.0034    |
|    value_loss           | 13.6       |
----------------------------------------
-----------------------------------------
| rollout/                |             |
|    ep_len_mean          | 53.7        |
|    ep_rew_mean          | 56.5        |
| time/                   |             |
|    fps                  | 510         |
|    iterations           | 144         |
|    time_elapsed         | 577         |
|    total_timesteps      | 294912      |
| train/                  |             |
|    approx_kl            | 0.003923731 |
|    clip_fraction        | 0.0238      |
|    clip_range           | 0.2         |
|    entropy_loss         | -0.627      |
|    explained_variance   | 0.966       |
|    learning_rate        | 0.0003      |
|    loss                 | 6.94        |
|    n_updates            | 1430        |
|    policy_gradient_loss | -0.00328    |
|    value_loss           | 14.1        |
-----------------------------------------
-----------------------------------------
| rollout/                |             |
|    ep_len_mean          | 53.3        |
|    ep_rew_mean          | 55.6        |
| time/                   |             |
|    fps                  | 511         |
|    iterations           | 145         |
|    time_elapsed         | 580         |
|    total_timesteps      | 296960      |
| train/                  |             |
|    approx_kl            | 0.003410448 |
|    clip_fraction        | 0.0184      |
|    clip_range           | 0.2         |
|    entropy_loss         | -0.592      |
|    explained_variance   | 0.962       |
|    learning_rate        | 0.0003      |
|    loss                 | 5.55        |
|    n_updates            | 1440        |
|    policy_gradient_loss | -0.00336    |
|    value_loss           | 11.3        |
-----------------------------------------
------------------------------------------
| rollout/                |              |
|    ep_len_mean          | 52.6         |
|    ep_rew_mean          | 56.6         |
| time/                   |              |
|    fps                  | 512          |
|    iterations           | 146          |
|    time_elapsed         | 583          |
|    total_timesteps      | 299008       |
| train/                  |              |
|    approx_kl            | 0.0038718442 |
|    clip_fraction        | 0.0242       |
|    clip_range           | 0.2          |
|    entropy_loss         | -0.61        |
|    explained_variance   | 0.97         |
|    learning_rate        | 0.0003       |
|    loss                 | 5.8          |
|    n_updates            | 1450         |
|    policy_gradient_loss | -0.00288     |
|    value_loss           | 10.7         |
------------------------------------------
------------------------------------------
| rollout/                |              |
|    ep_len_mean          | 51.6         |
|    ep_rew_mean          | 55.8         |
| time/                   |              |
|    fps                  | 512          |
|    iterations           | 147          |
|    time_elapsed         | 586          |
|    total_timesteps      | 301056       |
| train/                  |              |
|    approx_kl            | 0.0052831913 |
|    clip_fraction        | 0.0399       |
|    clip_range           | 0.2          |
|    entropy_loss         | -0.613       |
|    explained_variance   | 0.964        |
|    learning_rate        | 0.0003       |
|    loss                 | 7.04         |
|    n_updates            | 1460         |
|    policy_gradient_loss | -0.00512     |
|    value_loss           | 12.3         |
------------------------------------------

trained in 9.8 min
model  -> src/robofetch_ai/robofetch_ai/models/ppo_policy.zip
report -> tools/ai/results/train_ppo_20260917_150016.json
