sim_time_s,section_id,status,factory_time_s,produced_total,picked_total,buffer_units,buffer_capacity,buffer_fill,rate_actual_per_hour,health_percent,time_to_full_s,fault_remaining_s,faults_total,lost_units,blocked_time_s
3.16,C,RUNNING,0.0,0,0,1,3,0.3333,5.0,100.0,1552.4915,0.0,0,0.0,0.0
4.0,C,RUNNING,0.836,0,0,1,3,0.3333,5.0,100.0,1551.6555,0.0,0,0.0,0.0
5.0,C,RUNNING,1.836,0,0,1,3,0.3333,5.0,100.0,1550.6555,0.0,0,0.0,0.0
6.0,C,RUNNING,2.836,0,0,1,3,0.3333,5.0,100.0,1549.6555,0.0,0,0.0,0.0
7.0,C,RUNNING,3.836,0,0,1,3,0.3333,5.0,100.0,1548.6555,0.0,0,0.0,0.0
8.0,C,RUNNING,4.836,0,0,1,3,0.3333,5.0,100.0,1547.6555,0.0,0,0.0,0.0
9.0,C,RUNNING,5.836,0,0,1,3,0.3333,5.0,100.0,1546.6555,0.0,0,0.0,0.0
10.0,C,RUNNING,6.836,0,0,1,3,0.3333,5.0,100.0,1545.6555,0.0,0,0.0,0.0
11.0,C,RUNNING,7.836,0,0,1,3,0.3333,5.0,100.0,1544.6555,0.0,0,0.0,0.0
12.0,C,RUNNING,8.836,0,0,1,3,0.3333,5.0,100.0,1543.6555,0.0,0,0.0,0.0
13.0,C,RUNNING,9.836,0,0,1,3,0.3333,5.0,100.0,1542.6555,0.0,0,0.0,0.0
14.0,C,RUNNING,10.836,0,0,1,3,0.3333,5.0,100.0,1541.6555,0.0,0,0.0,0.0
15.0,C,RUNNING,11.836,0,0,1,3,0.3333,5.0,100.0,1540.6555,0.0,0,0.0,0.0
16.0,C,RUNNING,12.836,0,0,1,3,0.3333,5.0,100.0,1539.6555,0.0,0,0.0,0.0
17.0,C,RUNNING,13.836,0,0,1,3,0.3333,5.0,100.0,1538.6555,0.0,0,0.0,0.0
18.0,C,RUNNING,14.836,0,0,1,3,0.3333,5.0,100.0,1537.6555,0.0,0,0.0,0.0
19.0,C,RUNNING,15.836,0,0,1,3,0.3333,5.0,100.0,1536.6555,0.0,0,0.0,0.0
20.0,C,RUNNING,16.836,0,0,1,3,0.3333,5.0,100.0,1535.6555,0.0,0,0.0,0.0
21.0,C,RUNNING,17.836,0,0,1,3,0.3333,5.0,100.0,1534.6555,0.0,0,0.0,0.0
22.0,C,RUNNING,18.836,0,0,1,3,0.3333,5.0,100.0,1533.6555,0.0,0,0.0,0.0
23.0,C,RUNNING,19.836,0,0,1,3,0.3333,5.0,100.0,1532.6555,0.0,0,0.0,0.0
24.0,C,RUNNING,20.836,0,0,1,3,0.3333,5.0,100.0,1531.6555,0.0,0,0.0,0.0
25.0,C,RUNNING,21.836,0,0,1,3,0.3333,5.0,100.0,1530.6555,0.0,0,0.0,0.0
26.0,C,RUNNING,22.836,0,0,1,3,0.3333,5.0,100.0,1529.6555,0.0,0,0.0,0.0
27.0,C,RUNNING,23.836,0,0,1,3,0.3333,5.0,100.0,1528.6555,0.0,0,0.0,0.0
28.0,C,RUNNING,24.836,0,0,1,3,0.3333,5.0,100.0,1527.6555,0.0,0,0.0,0.0
29.0,C,RUNNING,25.836,0,0,1,3,0.3333,5.0,100.0,1526.6555,0.0,0,0.0,0.0
30.0,C,RUNNING,26.836,0,0,1,3,0.3333,5.0,100.0,1525.6555,0.0,0,0.0,0.0
31.0,C,RUNNING,27.836,0,0,1,3,0.3333,5.0,100.0,1524.6555,0.0,0,0.0,0.0
32.0,C,RUNNING,28.836,0,0,1,3,0.3333,5.0,100.0,1523.6555,0.0,0,0.0,0.0
33.0,C,RUNNING,29.836,0,0,1,3,0.3333,5.0,100.0,1522.6555,0.0,0,0.0,0.0
34.0,C,RUNNING,30.836,0,0,1,3,0.3333,5.0,100.0,1521.6555,0.0,0,0.0,0.0
35.0,C,RUNNING,31.836,0,0,1,3,0.3333,5.0,100.0,1520.6555,0.0,0,0.0,0.0
36.0,C,RUNNING,32.836,0,0,1,3,0.3333,5.0,100.0,1519.6555,0.0,0,0.0,0.0
37.0,C,RUNNING,33.836,0,0,1,3,0.3333,5.0,100.0,1518.6555,0.0,0,0.0,0.0
38.0,C,RUNNING,34.836,0,0,1,3,0.3333,5.0,100.0,1517.6555,0.0,0,0.0,0.0
39.0,C,RUNNING,35.836,0,0,1,3,0.3333,5.0,100.0,1516.6555,0.0,0,0.0,0.0
40.0,C,RUNNING,36.836,0,0,1,3,0.3333,5.0,100.0,1515.6555,0.0,0,0.0,0.0
41.0,C,RUNNING,37.836,0,0,1,3,0.3333,5.0,100.0,1514.6555,0.0,0,0.0,0.0
42.0,C,RUNNING,38.836,0,0,1,3,0.3333,5.0,100.0,1513.6555,0.0,0,0.0,0.0
43.0,C,RUNNING,39.836,0,0,1,3,0.3333,5.0,100.0,1512.6555,0.0,0,0.0,0.0
44.0,C,RUNNING,40.836,0,0,1,3,0.3333,5.0,100.0,1511.6555,0.0,0,0.0,0.0
45.0,C,RUNNING,41.836,0,0,1,3,0.3333,5.0,100.0,1510.6555,0.0,0,0.0,0.0
46.0,C,RUNNING,42.836,0,0,1,3,0.3333,5.0,100.0,1509.6555,0.0,0,0.0,0.0
47.0,C,RUNNING,43.836,0,0,1,3,0.3333,5.0,100.0,1508.6555,0.0,0,0.0,0.0
48.0,C,RUNNING,44.836,0,0,1,3,0.3333,5.0,100.0,1507.6555,0.0,0,0.0,0.0
49.0,C,RUNNING,45.836,0,0,1,3,0.3333,5.0,100.0,1506.6555,0.0,0,0.0,0.0
50.0,C,RUNNING,46.836,0,0,1,3,0.3333,5.0,100.0,1505.6555,0.0,0,0.0,0.0
51.0,C,RUNNING,47.836,0,0,1,3,0.3333,5.0,100.0,1504.6555,0.0,0,0.0,0.0
52.0,C,RUNNING,48.836,0,0,1,3,0.3333,5.0,100.0,1503.6555,0.0,0,0.0,0.0
53.0,C,RUNNING,49.836,0,0,1,3,0.3333,5.0,100.0,1502.6555,0.0,0,0.0,0.0
54.0,C,RUNNING,50.836,0,0,1,3,0.3333,5.0,100.0,1501.6555,0.0,0,0.0,0.0
55.0,C,RUNNING,51.836,0,0,1,3,0.3333,5.0,100.0,1500.6555,0.0,0,0.0,0.0
56.0,C,RUNNING,52.836,0,0,1,3,0.3333,5.0,100.0,1499.6555,0.0,0,0.0,0.0
57.0,C,RUNNING,53.836,0,0,1,3,0.3333,5.0,100.0,1498.6555,0.0,0,0.0,0.0
58.0,C,RUNNING,54.836,0,0,1,3,0.3333,5.0,100.0,1497.6555,0.0,0,0.0,0.0
59.0,C,RUNNING,55.836,0,0,1,3,0.3333,5.0,100.0,1496.6555,0.0,0,0.0,0.0
60.0,C,RUNNING,56.836,0,0,1,3,0.3333,5.0,100.0,1495.6555,0.0,0,0.0,0.0
61.0,C,RUNNING,57.836,0,0,1,3,0.3333,5.0,100.0,1494.6555,0.0,0,0.0,0.0
62.0,C,RUNNING,58.836,0,0,1,3,0.3333,5.0,100.0,1493.6555,0.0,0,0.0,0.0
63.0,C,RUNNING,59.836,0,0,1,3,0.3333,5.0,100.0,1492.6555,0.0,0,0.0,0.0
64.0,C,RUNNING,60.836,0,0,1,3,0.3333,5.0,100.0,1491.6555,0.0,0,0.0,0.0
65.0,C,RUNNING,61.836,0,0,1,3,0.3333,5.0,100.0,1490.6555,0.0,0,0.0,0.0
66.0,C,RUNNING,62.836,0,0,1,3,0.3333,5.0,100.0,1489.6555,0.0,0,0.0,0.0
67.0,C,RUNNING,63.836,0,0,1,3,0.3333,5.0,100.0,1488.6555,0.0,0,0.0,0.0
68.0,C,RUNNING,64.836,0,0,1,3,0.3333,5.0,100.0,1487.6555,0.0,0,0.0,0.0
69.0,C,RUNNING,65.836,0,0,1,3,0.3333,5.0,100.0,1486.6555,0.0,0,0.0,0.0
70.0,C,RUNNING,66.836,0,0,1,3,0.3333,5.0,100.0,1485.6555,0.0,0,0.0,0.0
71.0,C,RUNNING,67.836,0,0,1,3,0.3333,5.0,100.0,1484.6555,0.0,0,0.0,0.0
72.0,C,RUNNING,68.836,0,0,1,3,0.3333,5.0,100.0,1483.6555,0.0,0,0.0,0.0
73.0,C,RUNNING,69.836,0,0,1,3,0.3333,5.0,100.0,1482.6555,0.0,0,0.0,0.0
74.0,C,RUNNING,70.836,0,0,1,3,0.3333,5.0,100.0,1481.6555,0.0,0,0.0,0.0
75.0,C,RUNNING,71.836,0,0,1,3,0.3333,5.0,100.0,1480.6555,0.0,0,0.0,0.0
76.0,C,RUNNING,72.836,0,0,1,3,0.3333,5.0,100.0,1479.6555,0.0,0,0.0,0.0
77.0,C,RUNNING,73.836,0,0,1,3,0.3333,5.0,100.0,1478.6555,0.0,0,0.0,0.0
78.0,C,RUNNING,74.836,0,0,1,3,0.3333,5.0,100.0,1477.6555,0.0,0,0.0,0.0
79.0,C,RUNNING,75.836,0,0,1,3,0.3333,5.0,100.0,1476.6555,0.0,0,0.0,0.0
80.0,C,RUNNING,76.836,0,0,1,3,0.3333,5.0,100.0,1475.6555,0.0,0,0.0,0.0
81.0,C,RUNNING,77.836,0,0,1,3,0.3333,5.0,100.0,1474.6555,0.0,0,0.0,0.0
82.0,C,RUNNING,78.836,0,0,1,3,0.3333,5.0,100.0,1473.6555,0.0,0,0.0,0.0
83.0,C,RUNNING,79.836,0,0,1,3,0.3333,5.0,100.0,1472.6555,0.0,0,0.0,0.0
84.0,C,RUNNING,80.836,0,0,1,3,0.3333,5.0,100.0,1471.6555,0.0,0,0.0,0.0
85.0,C,RUNNING,81.836,0,0,1,3,0.3333,5.0,100.0,1470.6555,0.0,0,0.0,0.0
86.0,C,RUNNING,82.836,0,0,1,3,0.3333,5.0,100.0,1469.6555,0.0,0,0.0,0.0
87.0,C,RUNNING,83.836,0,0,1,3,0.3333,5.0,100.0,1468.6555,0.0,0,0.0,0.0
88.0,C,RUNNING,84.836,0,0,1,3,0.3333,5.0,100.0,1467.6555,0.0,0,0.0,0.0
89.0,C,RUNNING,85.836,0,0,1,3,0.3333,5.0,100.0,1466.6555,0.0,0,0.0,0.0
90.0,C,RUNNING,86.836,0,0,1,3,0.3333,5.0,100.0,1465.6555,0.0,0,0.0,0.0
91.0,C,RUNNING,87.836,0,0,1,3,0.3333,5.0,100.0,1464.6555,0.0,0,0.0,0.0
92.0,C,RUNNING,88.836,0,0,1,3,0.3333,5.0,100.0,1463.6555,0.0,0,0.0,0.0
93.0,C,RUNNING,89.836,0,0,1,3,0.3333,5.0,100.0,1462.6555,0.0,0,0.0,0.0
94.0,C,RUNNING,90.836,0,0,1,3,0.3333,5.0,100.0,1461.6555,0.0,0,0.0,0.0
95.0,C,RUNNING,91.836,0,0,1,3,0.3333,5.0,100.0,1460.6555,0.0,0,0.0,0.0
96.0,C,RUNNING,92.836,0,0,1,3,0.3333,5.0,100.0,1459.6555,0.0,0,0.0,0.0
97.0,C,RUNNING,93.836,0,0,1,3,0.3333,5.0,100.0,1458.6555,0.0,0,0.0,0.0
98.0,C,RUNNING,94.836,0,0,1,3,0.3333,5.0,100.0,1457.6555,0.0,0,0.0,0.0
99.0,C,RUNNING,95.836,0,0,1,3,0.3333,5.0,100.0,1456.6555,0.0,0,0.0,0.0
100.0,C,RUNNING,96.836,0,0,1,3,0.3333,5.0,100.0,1455.6555,0.0,0,0.0,0.0
101.0,C,RUNNING,97.836,0,0,1,3,0.3333,5.0,100.0,1454.6555,0.0,0,0.0,0.0
102.0,C,RUNNING,98.836,0,0,1,3,0.3333,5.0,100.0,1453.6555,0.0,0,0.0,0.0
103.0,C,RUNNING,99.836,0,0,1,3,0.3333,5.0,100.0,1452.6555,0.0,0,0.0,0.0
104.0,C,RUNNING,100.836,0,0,1,3,0.3333,5.0,100.0,1451.6555,0.0,0,0.0,0.0
105.0,C,RUNNING,101.836,0,0,1,3,0.3333,5.0,100.0,1450.6555,0.0,0,0.0,0.0
106.0,C,RUNNING,102.836,0,0,1,3,0.3333,5.0,100.0,1449.6555,0.0,0,0.0,0.0
107.0,C,RUNNING,103.836,0,0,1,3,0.3333,5.0,100.0,1448.6555,0.0,0,0.0,0.0
108.0,C,RUNNING,104.836,0,0,1,3,0.3333,5.0,100.0,1447.6555,0.0,0,0.0,0.0
109.0,C,RUNNING,105.836,0,0,1,3,0.3333,5.0,100.0,1446.6555,0.0,0,0.0,0.0
110.0,C,RUNNING,106.836,0,0,1,3,0.3333,5.0,100.0,1445.6555,0.0,0,0.0,0.0
111.0,C,RUNNING,107.836,0,0,1,3,0.3333,5.0,100.0,1444.6555,0.0,0,0.0,0.0
112.0,C,RUNNING,108.836,0,0,1,3,0.3333,5.0,100.0,1443.6555,0.0,0,0.0,0.0
113.0,C,RUNNING,109.836,0,0,1,3,0.3333,5.0,100.0,1442.6555,0.0,0,0.0,0.0
114.0,C,RUNNING,110.836,0,0,1,3,0.3333,5.0,100.0,1441.6555,0.0,0,0.0,0.0
115.0,C,RUNNING,111.836,0,0,1,3,0.3333,5.0,100.0,1440.6555,0.0,0,0.0,0.0
116.0,C,RUNNING,112.836,0,0,1,3,0.3333,5.0,100.0,1439.6555,0.0,0,0.0,0.0
117.0,C,RUNNING,113.836,0,0,1,3,0.3333,5.0,100.0,1438.6555,0.0,0,0.0,0.0
118.0,C,RUNNING,114.836,0,0,1,3,0.3333,5.0,100.0,1437.6555,0.0,0,0.0,0.0
119.0,C,RUNNING,115.836,0,0,1,3,0.3333,5.0,100.0,1436.6555,0.0,0,0.0,0.0
120.0,C,RUNNING,116.836,0,0,1,3,0.3333,5.0,100.0,1435.6555,0.0,0,0.0,0.0
121.0,C,RUNNING,117.836,0,0,1,3,0.3333,5.0,100.0,1434.6555,0.0,0,0.0,0.0
122.0,C,RUNNING,118.836,0,0,1,3,0.3333,5.0,100.0,1433.6555,0.0,0,0.0,0.0
123.0,C,RUNNING,119.836,0,0,1,3,0.3333,5.0,100.0,1432.6555,0.0,0,0.0,0.0
124.0,C,RUNNING,120.836,0,0,1,3,0.3333,5.0,100.0,1431.6555,0.0,0,0.0,0.0
125.0,C,RUNNING,121.836,0,0,1,3,0.3333,5.0,100.0,1430.6555,0.0,0,0.0,0.0
126.0,C,RUNNING,122.836,0,0,1,3,0.3333,5.0,100.0,1429.6555,0.0,0,0.0,0.0
127.0,C,RUNNING,123.836,0,0,1,3,0.3333,5.0,100.0,1428.6555,0.0,0,0.0,0.0
128.0,C,RUNNING,124.836,0,0,1,3,0.3333,5.0,100.0,1427.6555,0.0,0,0.0,0.0
129.0,C,RUNNING,125.836,0,0,1,3,0.3333,5.0,100.0,1426.6555,0.0,0,0.0,0.0
130.0,C,RUNNING,126.836,0,0,1,3,0.3333,5.0,100.0,1425.6555,0.0,0,0.0,0.0
131.0,C,RUNNING,127.836,0,0,1,3,0.3333,5.0,100.0,1424.6555,0.0,0,0.0,0.0
132.0,C,RUNNING,128.836,0,0,1,3,0.3333,5.0,100.0,1423.6555,0.0,0,0.0,0.0
133.0,C,RUNNING,129.836,0,0,1,3,0.3333,5.0,100.0,1422.6555,0.0,0,0.0,0.0
134.0,C,RUNNING,130.836,0,0,1,3,0.3333,5.0,100.0,1421.6555,0.0,0,0.0,0.0
135.0,C,RUNNING,131.836,0,0,1,3,0.3333,5.0,100.0,1420.6555,0.0,0,0.0,0.0
136.0,C,RUNNING,132.836,0,0,1,3,0.3333,5.0,100.0,1419.6555,0.0,0,0.0,0.0
137.0,C,RUNNING,133.836,0,0,1,3,0.3333,5.0,100.0,1418.6555,0.0,0,0.0,0.0
138.0,C,RUNNING,134.836,0,0,1,3,0.3333,5.0,100.0,1417.6555,0.0,0,0.0,0.0
139.0,C,RUNNING,135.836,0,0,1,3,0.3333,5.0,100.0,1416.6555,0.0,0,0.0,0.0
140.0,C,RUNNING,136.836,0,0,1,3,0.3333,5.0,100.0,1415.6555,0.0,0,0.0,0.0
141.0,C,RUNNING,137.836,0,0,1,3,0.3333,5.0,100.0,1414.6555,0.0,0,0.0,0.0
142.0,C,RUNNING,138.836,0,0,1,3,0.3333,5.0,100.0,1413.6555,0.0,0,0.0,0.0
143.0,C,RUNNING,139.836,0,0,1,3,0.3333,5.0,100.0,1412.6555,0.0,0,0.0,0.0
144.0,C,RUNNING,140.836,0,0,1,3,0.3333,5.0,100.0,1411.6555,0.0,0,0.0,0.0
145.0,C,RUNNING,141.836,0,0,1,3,0.3333,5.0,100.0,1410.6555,0.0,0,0.0,0.0
146.0,C,RUNNING,142.836,0,0,1,3,0.3333,5.0,100.0,1409.6555,0.0,0,0.0,0.0
147.0,C,RUNNING,143.836,0,0,1,3,0.3333,5.0,100.0,1408.6555,0.0,0,0.0,0.0
148.0,C,RUNNING,144.836,0,0,1,3,0.3333,5.0,100.0,1407.6555,0.0,0,0.0,0.0
149.0,C,RUNNING,145.836,0,0,1,3,0.3333,5.0,100.0,1406.6555,0.0,0,0.0,0.0
150.0,C,RUNNING,146.836,0,0,1,3,0.3333,5.0,100.0,1405.6555,0.0,0,0.0,0.0
151.0,C,RUNNING,147.836,0,0,1,3,0.3333,5.0,100.0,1404.6555,0.0,0,0.0,0.0
152.0,C,RUNNING,148.836,0,0,1,3,0.3333,5.0,100.0,1403.6555,0.0,0,0.0,0.0
153.0,C,RUNNING,149.836,0,0,1,3,0.3333,5.0,100.0,1402.6555,0.0,0,0.0,0.0
154.0,C,RUNNING,150.836,0,0,1,3,0.3333,5.0,100.0,1401.6555,0.0,0,0.0,0.0
155.0,C,RUNNING,151.836,0,0,1,3,0.3333,5.0,100.0,1400.6555,0.0,0,0.0,0.0
156.0,C,RUNNING,152.836,0,0,1,3,0.3333,5.0,100.0,1399.6555,0.0,0,0.0,0.0
157.0,C,RUNNING,153.836,0,0,1,3,0.3333,5.0,100.0,1398.6555,0.0,0,0.0,0.0
158.0,C,RUNNING,154.836,0,0,1,3,0.3333,5.0,100.0,1397.6555,0.0,0,0.0,0.0
159.0,C,RUNNING,155.836,0,0,1,3,0.3333,5.0,100.0,1396.6555,0.0,0,0.0,0.0
160.0,C,RUNNING,156.836,0,0,1,3,0.3333,5.0,100.0,1395.6555,0.0,0,0.0,0.0
161.0,C,RUNNING,157.836,0,0,1,3,0.3333,5.0,100.0,1394.6555,0.0,0,0.0,0.0
162.0,C,RUNNING,158.836,0,0,1,3,0.3333,5.0,100.0,1393.6555,0.0,0,0.0,0.0
163.0,C,RUNNING,159.836,0,0,1,3,0.3333,5.0,100.0,1392.6555,0.0,0,0.0,0.0
164.0,C,RUNNING,160.836,0,0,1,3,0.3333,5.0,100.0,1391.6555,0.0,0,0.0,0.0
165.0,C,RUNNING,161.836,0,0,1,3,0.3333,5.0,100.0,1390.6555,0.0,0,0.0,0.0
166.0,C,RUNNING,162.836,0,0,1,3,0.3333,5.0,100.0,1389.6555,0.0,0,0.0,0.0
167.0,C,RUNNING,163.836,0,0,1,3,0.3333,5.0,100.0,1388.6555,0.0,0,0.0,0.0
168.0,C,RUNNING,164.836,0,0,1,3,0.3333,5.0,100.0,1387.6555,0.0,0,0.0,0.0
169.0,C,RUNNING,165.836,0,0,1,3,0.3333,5.0,100.0,1386.6555,0.0,0,0.0,0.0
170.0,C,RUNNING,166.836,0,0,1,3,0.3333,5.0,100.0,1385.6555,0.0,0,0.0,0.0
171.0,C,RUNNING,167.836,0,0,1,3,0.3333,5.0,100.0,1384.6555,0.0,0,0.0,0.0
172.0,C,RUNNING,168.836,0,0,1,3,0.3333,5.0,100.0,1383.6555,0.0,0,0.0,0.0
173.0,C,RUNNING,169.836,0,0,1,3,0.3333,5.0,100.0,1382.6555,0.0,0,0.0,0.0
174.0,C,RUNNING,170.836,0,0,1,3,0.3333,5.0,100.0,1381.6555,0.0,0,0.0,0.0
175.0,C,RUNNING,171.836,0,0,1,3,0.3333,5.0,100.0,1380.6555,0.0,0,0.0,0.0
176.0,C,RUNNING,172.836,0,0,1,3,0.3333,5.0,100.0,1379.6555,0.0,0,0.0,0.0
177.0,C,RUNNING,173.836,0,0,1,3,0.3333,5.0,100.0,1378.6555,0.0,0,0.0,0.0
178.0,C,RUNNING,174.836,0,0,1,3,0.3333,5.0,100.0,1377.6555,0.0,0,0.0,0.0
179.0,C,RUNNING,175.836,0,0,1,3,0.3333,5.0,100.0,1376.6555,0.0,0,0.0,0.0
180.0,C,RUNNING,176.836,0,0,1,3,0.3333,5.0,100.0,1375.6555,0.0,0,0.0,0.0
181.0,C,RUNNING,177.836,0,0,1,3,0.3333,5.0,100.0,1374.6555,0.0,0,0.0,0.0
182.0,C,RUNNING,178.836,0,0,1,3,0.3333,5.0,100.0,1373.6555,0.0,0,0.0,0.0
183.0,C,RUNNING,179.836,0,0,1,3,0.3333,5.0,100.0,1372.6555,0.0,0,0.0,0.0
184.0,C,RUNNING,180.836,0,0,1,3,0.3333,5.0,100.0,1371.6555,0.0,0,0.0,0.0
185.0,C,RUNNING,181.836,0,0,1,3,0.3333,5.0,100.0,1370.6555,0.0,0,0.0,0.0
186.0,C,RUNNING,182.836,0,0,1,3,0.3333,5.0,100.0,1369.6555,0.0,0,0.0,0.0
187.0,C,RUNNING,183.836,0,0,1,3,0.3333,5.0,100.0,1368.6555,0.0,0,0.0,0.0
188.0,C,RUNNING,184.836,0,0,1,3,0.3333,5.0,100.0,1367.6555,0.0,0,0.0,0.0
189.0,C,RUNNING,185.836,0,0,1,3,0.3333,5.0,100.0,1366.6555,0.0,0,0.0,0.0
190.0,C,RUNNING,186.836,0,0,1,3,0.3333,5.0,100.0,1365.6555,0.0,0,0.0,0.0
191.0,C,RUNNING,187.836,0,0,1,3,0.3333,5.0,100.0,1364.6555,0.0,0,0.0,0.0
192.0,C,RUNNING,188.836,0,0,1,3,0.3333,5.0,100.0,1363.6555,0.0,0,0.0,0.0
193.0,C,RUNNING,189.836,0,0,1,3,0.3333,5.0,100.0,1362.6555,0.0,0,0.0,0.0
194.0,C,RUNNING,190.836,0,0,1,3,0.3333,5.0,100.0,1361.6555,0.0,0,0.0,0.0
195.0,C,RUNNING,191.836,0,0,1,3,0.3333,5.0,100.0,1360.6555,0.0,0,0.0,0.0
196.0,C,RUNNING,192.836,0,0,1,3,0.3333,5.0,100.0,1359.6555,0.0,0,0.0,0.0
197.0,C,RUNNING,193.836,0,0,1,3,0.3333,5.0,100.0,1358.6555,0.0,0,0.0,0.0
198.0,C,RUNNING,194.836,0,0,1,3,0.3333,5.0,100.0,1357.6555,0.0,0,0.0,0.0
199.0,C,RUNNING,195.836,0,0,1,3,0.3333,5.0,100.0,1356.6555,0.0,0,0.0,0.0
200.0,C,RUNNING,196.836,0,0,1,3,0.3333,5.0,100.0,1355.6555,0.0,0,0.0,0.0
201.0,C,RUNNING,197.836,0,0,1,3,0.3333,5.0,100.0,1354.6555,0.0,0,0.0,0.0
202.0,C,RUNNING,198.836,0,0,1,3,0.3333,5.0,100.0,1353.6555,0.0,0,0.0,0.0
203.0,C,RUNNING,199.836,0,0,1,3,0.3333,5.0,100.0,1352.6555,0.0,0,0.0,0.0
204.0,C,RUNNING,200.836,0,0,1,3,0.3333,5.0,100.0,1351.6555,0.0,0,0.0,0.0
205.0,C,RUNNING,201.836,0,0,1,3,0.3333,5.0,100.0,1350.6555,0.0,0,0.0,0.0
206.0,C,RUNNING,202.836,0,0,1,3,0.3333,5.0,100.0,1349.6555,0.0,0,0.0,0.0
207.0,C,RUNNING,203.836,0,0,1,3,0.3333,5.0,100.0,1348.6555,0.0,0,0.0,0.0
208.0,C,RUNNING,204.836,0,0,1,3,0.3333,5.0,100.0,1347.6555,0.0,0,0.0,0.0
209.0,C,RUNNING,205.836,0,0,1,3,0.3333,5.0,100.0,1346.6555,0.0,0,0.0,0.0
210.0,C,RUNNING,206.836,0,0,1,3,0.3333,5.0,100.0,1345.6555,0.0,0,0.0,0.0
211.0,C,RUNNING,207.836,0,0,1,3,0.3333,5.0,100.0,1344.6555,0.0,0,0.0,0.0
212.0,C,RUNNING,208.836,0,0,1,3,0.3333,5.0,100.0,1343.6555,0.0,0,0.0,0.0
213.0,C,RUNNING,209.836,0,0,1,3,0.3333,5.0,100.0,1342.6555,0.0,0,0.0,0.0
214.0,C,RUNNING,210.836,0,0,1,3,0.3333,5.0,100.0,1341.6555,0.0,0,0.0,0.0
215.0,C,RUNNING,211.836,0,0,1,3,0.3333,5.0,100.0,1340.6555,0.0,0,0.0,0.0
216.0,C,RUNNING,212.836,0,0,1,3,0.3333,5.0,100.0,1339.6555,0.0,0,0.0,0.0
217.0,C,RUNNING,213.836,0,0,1,3,0.3333,5.0,100.0,1338.6555,0.0,0,0.0,0.0
218.0,C,RUNNING,214.836,0,0,1,3,0.3333,5.0,100.0,1337.6555,0.0,0,0.0,0.0
219.0,C,RUNNING,215.836,0,0,1,3,0.3333,5.0,100.0,1336.6555,0.0,0,0.0,0.0
220.0,C,RUNNING,216.836,0,0,1,3,0.3333,5.0,100.0,1335.6555,0.0,0,0.0,0.0
221.0,C,RUNNING,217.836,0,0,1,3,0.3333,5.0,100.0,1334.6555,0.0,0,0.0,0.0
222.0,C,RUNNING,218.836,0,0,1,3,0.3333,5.0,100.0,1333.6555,0.0,0,0.0,0.0
223.0,C,RUNNING,219.836,0,0,1,3,0.3333,5.0,100.0,1332.6555,0.0,0,0.0,0.0
224.0,C,RUNNING,220.836,0,0,1,3,0.3333,5.0,100.0,1331.6555,0.0,0,0.0,0.0
225.0,C,RUNNING,221.836,0,0,1,3,0.3333,5.0,100.0,1330.6555,0.0,0,0.0,0.0
226.0,C,RUNNING,222.836,0,0,1,3,0.3333,5.0,100.0,1329.6555,0.0,0,0.0,0.0
227.0,C,RUNNING,223.836,0,0,1,3,0.3333,5.0,100.0,1328.6555,0.0,0,0.0,0.0
228.0,C,RUNNING,224.836,0,0,1,3,0.3333,5.0,100.0,1327.6555,0.0,0,0.0,0.0
229.0,C,RUNNING,225.836,0,0,1,3,0.3333,5.0,100.0,1326.6555,0.0,0,0.0,0.0
230.0,C,RUNNING,226.836,0,0,1,3,0.3333,5.0,100.0,1325.6555,0.0,0,0.0,0.0
231.0,C,RUNNING,227.836,0,0,1,3,0.3333,5.0,100.0,1324.6555,0.0,0,0.0,0.0
232.0,C,RUNNING,228.836,0,0,1,3,0.3333,5.0,100.0,1323.6555,0.0,0,0.0,0.0
233.0,C,RUNNING,229.836,0,0,1,3,0.3333,5.0,100.0,1322.6555,0.0,0,0.0,0.0
234.0,C,RUNNING,230.836,0,0,1,3,0.3333,5.0,100.0,1321.6555,0.0,0,0.0,0.0
235.0,C,RUNNING,231.836,0,0,1,3,0.3333,5.0,100.0,1320.6555,0.0,0,0.0,0.0
236.0,C,RUNNING,232.836,0,0,1,3,0.3333,5.0,100.0,1319.6555,0.0,0,0.0,0.0
237.0,C,RUNNING,233.836,0,0,1,3,0.3333,5.0,100.0,1318.6555,0.0,0,0.0,0.0
238.0,C,RUNNING,234.836,0,0,1,3,0.3333,5.0,100.0,1317.6555,0.0,0,0.0,0.0
239.0,C,RUNNING,235.836,0,0,1,3,0.3333,5.0,100.0,1316.6555,0.0,0,0.0,0.0
240.0,C,RUNNING,236.836,0,0,1,3,0.3333,5.0,100.0,1315.6555,0.0,0,0.0,0.0
241.0,C,RUNNING,237.836,0,0,1,3,0.3333,5.0,100.0,1314.6555,0.0,0,0.0,0.0
242.0,C,RUNNING,238.836,0,0,1,3,0.3333,5.0,100.0,1313.6555,0.0,0,0.0,0.0
243.0,C,RUNNING,239.836,0,0,1,3,0.3333,5.0,100.0,1312.6555,0.0,0,0.0,0.0
244.0,C,RUNNING,240.836,0,0,1,3,0.3333,5.0,100.0,1311.6555,0.0,0,0.0,0.0
245.0,C,RUNNING,241.836,0,0,1,3,0.3333,5.0,100.0,1310.6555,0.0,0,0.0,0.0
246.0,C,RUNNING,242.836,0,0,1,3,0.3333,5.0,100.0,1309.6555,0.0,0,0.0,0.0
247.0,C,RUNNING,243.836,0,0,1,3,0.3333,5.0,100.0,1308.6555,0.0,0,0.0,0.0
248.0,C,RUNNING,244.836,0,0,1,3,0.3333,5.0,100.0,1307.6555,0.0,0,0.0,0.0
249.0,C,RUNNING,245.836,0,0,1,3,0.3333,5.0,100.0,1306.6555,0.0,0,0.0,0.0
250.0,C,RUNNING,246.836,0,0,1,3,0.3333,5.0,100.0,1305.6555,0.0,0,0.0,0.0
251.0,C,RUNNING,247.836,0,0,1,3,0.3333,5.0,100.0,1304.6555,0.0,0,0.0,0.0
252.0,C,RUNNING,248.836,0,0,1,3,0.3333,5.0,100.0,1303.6555,0.0,0,0.0,0.0
253.0,C,RUNNING,249.836,0,0,1,3,0.3333,5.0,100.0,1302.6555,0.0,0,0.0,0.0
254.0,C,RUNNING,250.836,0,0,1,3,0.3333,5.0,100.0,1301.6555,0.0,0,0.0,0.0
255.0,C,RUNNING,251.836,0,0,1,3,0.3333,5.0,100.0,1300.6555,0.0,0,0.0,0.0
256.0,C,RUNNING,252.836,0,0,1,3,0.3333,5.0,100.0,1299.6555,0.0,0,0.0,0.0
257.0,C,RUNNING,253.836,0,0,1,3,0.3333,5.0,100.0,1298.6555,0.0,0,0.0,0.0
258.0,C,RUNNING,254.836,0,0,1,3,0.3333,5.0,100.0,1297.6555,0.0,0,0.0,0.0
259.0,C,RUNNING,255.836,0,0,1,3,0.3333,5.0,100.0,1296.6555,0.0,0,0.0,0.0
260.0,C,RUNNING,256.836,0,0,1,3,0.3333,5.0,100.0,1295.6555,0.0,0,0.0,0.0
261.0,C,RUNNING,257.836,0,0,1,3,0.3333,5.0,100.0,1294.6555,0.0,0,0.0,0.0
262.0,C,RUNNING,258.836,0,0,1,3,0.3333,5.0,100.0,1293.6555,0.0,0,0.0,0.0
263.0,C,RUNNING,259.836,0,0,1,3,0.3333,5.0,100.0,1292.6555,0.0,0,0.0,0.0
264.0,C,RUNNING,260.836,0,0,1,3,0.3333,5.0,100.0,1291.6555,0.0,0,0.0,0.0
265.0,C,RUNNING,261.836,0,0,1,3,0.3333,5.0,100.0,1290.6555,0.0,0,0.0,0.0
266.0,C,RUNNING,262.836,0,0,1,3,0.3333,5.0,100.0,1289.6555,0.0,0,0.0,0.0
267.0,C,RUNNING,263.836,0,0,1,3,0.3333,5.0,100.0,1288.6555,0.0,0,0.0,0.0
268.0,C,RUNNING,264.836,0,0,1,3,0.3333,5.0,100.0,1287.6555,0.0,0,0.0,0.0
269.0,C,RUNNING,265.836,0,0,1,3,0.3333,5.0,100.0,1286.6555,0.0,0,0.0,0.0
270.0,C,RUNNING,266.836,0,0,1,3,0.3333,5.0,100.0,1285.6555,0.0,0,0.0,0.0
271.0,C,RUNNING,267.836,0,0,1,3,0.3333,5.0,100.0,1284.6555,0.0,0,0.0,0.0
272.0,C,RUNNING,268.836,0,0,1,3,0.3333,5.0,100.0,1283.6555,0.0,0,0.0,0.0
273.0,C,RUNNING,269.836,0,0,1,3,0.3333,5.0,100.0,1282.6555,0.0,0,0.0,0.0
274.0,C,RUNNING,270.836,0,0,1,3,0.3333,5.0,100.0,1281.6555,0.0,0,0.0,0.0
275.0,C,RUNNING,271.836,0,0,1,3,0.3333,5.0,100.0,1280.6555,0.0,0,0.0,0.0
276.0,C,RUNNING,272.836,0,0,1,3,0.3333,5.0,100.0,1279.6555,0.0,0,0.0,0.0
277.0,C,RUNNING,273.836,0,0,1,3,0.3333,5.0,100.0,1278.6555,0.0,0,0.0,0.0
278.0,C,RUNNING,274.836,0,0,1,3,0.3333,5.0,100.0,1277.6555,0.0,0,0.0,0.0
279.0,C,RUNNING,275.836,0,0,1,3,0.3333,5.0,100.0,1276.6555,0.0,0,0.0,0.0
280.0,C,RUNNING,276.836,0,0,1,3,0.3333,5.0,100.0,1275.6555,0.0,0,0.0,0.0
281.0,C,RUNNING,277.836,0,0,1,3,0.3333,5.0,100.0,1274.6555,0.0,0,0.0,0.0
282.0,C,RUNNING,278.836,0,0,1,3,0.3333,5.0,100.0,1273.6555,0.0,0,0.0,0.0
283.0,C,RUNNING,279.836,0,0,1,3,0.3333,5.0,100.0,1272.6555,0.0,0,0.0,0.0
284.0,C,RUNNING,280.836,0,0,1,3,0.3333,5.0,100.0,1271.6555,0.0,0,0.0,0.0
285.0,C,RUNNING,281.836,0,0,1,3,0.3333,5.0,100.0,1270.6555,0.0,0,0.0,0.0
286.0,C,RUNNING,282.836,0,0,1,3,0.3333,5.0,100.0,1269.6555,0.0,0,0.0,0.0
287.0,C,RUNNING,283.836,0,0,1,3,0.3333,5.0,100.0,1268.6555,0.0,0,0.0,0.0
288.0,C,RUNNING,284.836,0,0,1,3,0.3333,5.0,100.0,1267.6555,0.0,0,0.0,0.0
289.0,C,RUNNING,285.836,0,0,1,3,0.3333,5.0,100.0,1266.6555,0.0,0,0.0,0.0
290.0,C,RUNNING,286.836,0,0,1,3,0.3333,5.0,100.0,1265.6555,0.0,0,0.0,0.0
291.0,C,RUNNING,287.836,0,0,1,3,0.3333,5.0,100.0,1264.6555,0.0,0,0.0,0.0
292.0,C,RUNNING,288.836,0,0,1,3,0.3333,5.0,100.0,1263.6555,0.0,0,0.0,0.0
293.0,C,RUNNING,289.836,0,0,1,3,0.3333,5.0,100.0,1262.6555,0.0,0,0.0,0.0
294.0,C,RUNNING,290.836,0,0,1,3,0.3333,5.0,100.0,1261.6555,0.0,0,0.0,0.0
295.0,C,RUNNING,291.836,0,0,1,3,0.3333,5.0,100.0,1260.6555,0.0,0,0.0,0.0
296.0,C,RUNNING,292.836,0,0,1,3,0.3333,5.0,100.0,1259.6555,0.0,0,0.0,0.0
297.0,C,RUNNING,293.836,0,0,1,3,0.3333,5.0,100.0,1258.6555,0.0,0,0.0,0.0
298.0,C,RUNNING,294.836,0,0,1,3,0.3333,5.0,100.0,1257.6555,0.0,0,0.0,0.0
299.0,C,RUNNING,295.836,0,0,1,3,0.3333,5.0,100.0,1256.6555,0.0,0,0.0,0.0
300.0,C,RUNNING,296.836,0,0,1,3,0.3333,5.0,100.0,1255.6555,0.0,0,0.0,0.0
301.0,C,RUNNING,297.836,0,0,1,3,0.3333,5.0,100.0,1254.6555,0.0,0,0.0,0.0
302.0,C,RUNNING,298.836,0,0,1,3,0.3333,5.0,100.0,1253.6555,0.0,0,0.0,0.0
303.0,C,RUNNING,299.836,0,0,1,3,0.3333,5.0,100.0,1252.6555,0.0,0,0.0,0.0
304.0,C,RUNNING,300.836,0,0,1,3,0.3333,5.0,100.0,1251.6555,0.0,0,0.0,0.0
305.0,C,RUNNING,301.836,0,0,1,3,0.3333,5.0,100.0,1250.6555,0.0,0,0.0,0.0
306.0,C,RUNNING,302.836,0,0,1,3,0.3333,5.0,100.0,1249.6555,0.0,0,0.0,0.0
307.0,C,RUNNING,303.836,0,0,1,3,0.3333,5.0,100.0,1248.6555,0.0,0,0.0,0.0
308.0,C,RUNNING,304.836,0,0,1,3,0.3333,5.0,100.0,1247.6555,0.0,0,0.0,0.0
309.0,C,RUNNING,305.836,0,0,1,3,0.3333,5.0,100.0,1246.6555,0.0,0,0.0,0.0
310.0,C,RUNNING,306.836,0,0,1,3,0.3333,5.0,100.0,1245.6555,0.0,0,0.0,0.0
311.0,C,RUNNING,307.836,0,0,1,3,0.3333,5.0,100.0,1244.6555,0.0,0,0.0,0.0
312.0,C,RUNNING,308.836,0,0,1,3,0.3333,5.0,100.0,1243.6555,0.0,0,0.0,0.0
313.0,C,RUNNING,309.836,0,0,1,3,0.3333,5.0,100.0,1242.6555,0.0,0,0.0,0.0
314.0,C,RUNNING,310.836,0,0,1,3,0.3333,5.0,100.0,1241.6555,0.0,0,0.0,0.0
315.0,C,RUNNING,311.836,0,0,1,3,0.3333,5.0,100.0,1240.6555,0.0,0,0.0,0.0
316.0,C,RUNNING,312.836,0,0,1,3,0.3333,5.0,100.0,1239.6555,0.0,0,0.0,0.0
317.0,C,RUNNING,313.836,0,0,1,3,0.3333,5.0,100.0,1238.6555,0.0,0,0.0,0.0
318.0,C,RUNNING,314.836,0,0,1,3,0.3333,5.0,100.0,1237.6555,0.0,0,0.0,0.0
319.0,C,RUNNING,315.836,0,0,1,3,0.3333,5.0,100.0,1236.6555,0.0,0,0.0,0.0
320.0,C,RUNNING,316.836,0,0,1,3,0.3333,5.0,100.0,1235.6555,0.0,0,0.0,0.0
321.0,C,RUNNING,317.836,0,0,1,3,0.3333,5.0,100.0,1234.6555,0.0,0,0.0,0.0
322.0,C,RUNNING,318.836,0,0,1,3,0.3333,5.0,100.0,1233.6555,0.0,0,0.0,0.0
323.0,C,RUNNING,319.836,0,0,1,3,0.3333,5.0,100.0,1232.6555,0.0,0,0.0,0.0
324.0,C,RUNNING,320.836,0,0,1,3,0.3333,5.0,100.0,1231.6555,0.0,0,0.0,0.0
325.0,C,RUNNING,321.836,0,0,1,3,0.3333,5.0,100.0,1230.6555,0.0,0,0.0,0.0
326.0,C,RUNNING,322.836,0,0,1,3,0.3333,5.0,100.0,1229.6555,0.0,0,0.0,0.0
327.0,C,RUNNING,323.836,0,0,1,3,0.3333,5.0,100.0,1228.6555,0.0,0,0.0,0.0
328.0,C,RUNNING,324.836,0,0,1,3,0.3333,5.0,100.0,1227.6555,0.0,0,0.0,0.0
329.0,C,RUNNING,325.836,0,0,1,3,0.3333,5.0,100.0,1226.6555,0.0,0,0.0,0.0
330.0,C,RUNNING,326.836,0,0,1,3,0.3333,5.0,100.0,1225.6555,0.0,0,0.0,0.0
331.0,C,RUNNING,327.836,0,0,1,3,0.3333,5.0,100.0,1224.6555,0.0,0,0.0,0.0
332.0,C,RUNNING,328.836,0,0,1,3,0.3333,5.0,100.0,1223.6555,0.0,0,0.0,0.0
333.0,C,RUNNING,329.836,0,0,1,3,0.3333,5.0,100.0,1222.6555,0.0,0,0.0,0.0
334.0,C,RUNNING,330.836,0,0,1,3,0.3333,5.0,100.0,1221.6555,0.0,0,0.0,0.0
335.0,C,RUNNING,331.836,0,0,1,3,0.3333,5.0,100.0,1220.6555,0.0,0,0.0,0.0
336.0,C,RUNNING,332.836,0,0,1,3,0.3333,5.0,100.0,1219.6555,0.0,0,0.0,0.0
337.0,C,RUNNING,333.836,0,0,1,3,0.3333,5.0,100.0,1218.6555,0.0,0,0.0,0.0
338.0,C,RUNNING,334.836,0,0,1,3,0.3333,5.0,100.0,1217.6555,0.0,0,0.0,0.0
339.0,C,RUNNING,335.836,0,0,1,3,0.3333,5.0,100.0,1216.6555,0.0,0,0.0,0.0
340.0,C,RUNNING,336.836,0,0,1,3,0.3333,5.0,100.0,1215.6555,0.0,0,0.0,0.0
341.0,C,RUNNING,337.836,0,0,1,3,0.3333,5.0,100.0,1214.6555,0.0,0,0.0,0.0
342.0,C,RUNNING,338.836,0,0,1,3,0.3333,5.0,100.0,1213.6555,0.0,0,0.0,0.0
343.0,C,RUNNING,339.836,0,0,1,3,0.3333,5.0,100.0,1212.6555,0.0,0,0.0,0.0
344.0,C,RUNNING,340.836,0,0,1,3,0.3333,5.0,100.0,1211.6555,0.0,0,0.0,0.0
345.0,C,RUNNING,341.836,0,0,1,3,0.3333,5.0,100.0,1210.6555,0.0,0,0.0,0.0
346.0,C,RUNNING,342.836,0,0,1,3,0.3333,5.0,100.0,1209.6555,0.0,0,0.0,0.0
347.0,C,RUNNING,343.836,0,0,1,3,0.3333,5.0,100.0,1208.6555,0.0,0,0.0,0.0
348.0,C,RUNNING,344.836,0,0,1,3,0.3333,5.0,100.0,1207.6555,0.0,0,0.0,0.0
349.0,C,RUNNING,345.836,0,0,1,3,0.3333,5.0,100.0,1206.6555,0.0,0,0.0,0.0
350.0,C,RUNNING,346.836,0,0,1,3,0.3333,5.0,100.0,1205.6555,0.0,0,0.0,0.0
351.0,C,RUNNING,347.836,0,0,1,3,0.3333,5.0,100.0,1204.6555,0.0,0,0.0,0.0
352.0,C,RUNNING,348.836,0,0,1,3,0.3333,5.0,100.0,1203.6555,0.0,0,0.0,0.0
353.0,C,RUNNING,349.836,0,0,1,3,0.3333,5.0,100.0,1202.6555,0.0,0,0.0,0.0
354.0,C,RUNNING,350.836,0,0,1,3,0.3333,5.0,100.0,1201.6555,0.0,0,0.0,0.0
355.0,C,RUNNING,351.836,0,0,1,3,0.3333,5.0,100.0,1200.6555,0.0,0,0.0,0.0
356.0,C,RUNNING,352.836,0,0,1,3,0.3333,5.0,100.0,1199.6555,0.0,0,0.0,0.0
357.0,C,RUNNING,353.836,0,0,1,3,0.3333,5.0,100.0,1198.6555,0.0,0,0.0,0.0
358.0,C,RUNNING,354.836,0,0,1,3,0.3333,5.0,100.0,1197.6555,0.0,0,0.0,0.0
359.0,C,RUNNING,355.836,0,0,1,3,0.3333,5.0,100.0,1196.6555,0.0,0,0.0,0.0
360.0,C,RUNNING,356.836,0,0,1,3,0.3333,5.0,100.0,1195.6555,0.0,0,0.0,0.0
361.0,C,RUNNING,357.836,0,0,1,3,0.3333,5.0,100.0,1194.6555,0.0,0,0.0,0.0
362.0,C,RUNNING,358.836,0,0,1,3,0.3333,5.0,100.0,1193.6555,0.0,0,0.0,0.0
363.0,C,RUNNING,359.836,0,0,1,3,0.3333,5.0,100.0,1192.6555,0.0,0,0.0,0.0
364.0,C,RUNNING,360.836,0,0,1,3,0.3333,5.0,100.0,1191.6555,0.0,0,0.0,0.0
365.0,C,RUNNING,361.836,0,0,1,3,0.3333,5.0,100.0,1190.6555,0.0,0,0.0,0.0
366.0,C,RUNNING,362.836,0,0,1,3,0.3333,5.0,100.0,1189.6555,0.0,0,0.0,0.0
367.0,C,RUNNING,363.836,0,0,1,3,0.3333,5.0,100.0,1188.6555,0.0,0,0.0,0.0
368.0,C,RUNNING,364.836,0,0,1,3,0.3333,5.0,100.0,1187.6555,0.0,0,0.0,0.0
369.0,C,RUNNING,365.836,0,0,1,3,0.3333,5.0,100.0,1186.6555,0.0,0,0.0,0.0
370.0,C,RUNNING,366.836,0,0,1,3,0.3333,5.0,100.0,1185.6555,0.0,0,0.0,0.0
371.0,C,RUNNING,367.836,0,0,1,3,0.3333,5.0,100.0,1184.6555,0.0,0,0.0,0.0
372.0,C,RUNNING,368.836,0,0,1,3,0.3333,5.0,100.0,1183.6555,0.0,0,0.0,0.0
373.0,C,RUNNING,369.836,0,0,1,3,0.3333,5.0,100.0,1182.6555,0.0,0,0.0,0.0
374.0,C,RUNNING,370.836,0,0,1,3,0.3333,5.0,100.0,1181.6555,0.0,0,0.0,0.0
375.0,C,RUNNING,371.836,0,0,1,3,0.3333,5.0,100.0,1180.6555,0.0,0,0.0,0.0
376.0,C,RUNNING,372.836,0,0,1,3,0.3333,5.0,100.0,1179.6555,0.0,0,0.0,0.0
377.0,C,RUNNING,373.836,0,0,1,3,0.3333,5.0,100.0,1178.6555,0.0,0,0.0,0.0
378.0,C,RUNNING,374.836,0,0,1,3,0.3333,5.0,100.0,1177.6555,0.0,0,0.0,0.0
379.0,C,RUNNING,375.836,0,0,1,3,0.3333,5.0,100.0,1176.6555,0.0,0,0.0,0.0
380.0,C,RUNNING,376.836,0,0,1,3,0.3333,5.0,100.0,1175.6555,0.0,0,0.0,0.0
381.0,C,RUNNING,377.836,0,0,1,3,0.3333,5.0,100.0,1174.6555,0.0,0,0.0,0.0
382.0,C,RUNNING,378.836,0,0,1,3,0.3333,5.0,100.0,1173.6555,0.0,0,0.0,0.0
383.0,C,RUNNING,379.836,0,0,1,3,0.3333,5.0,100.0,1172.6555,0.0,0,0.0,0.0
384.0,C,RUNNING,380.836,0,0,1,3,0.3333,5.0,100.0,1171.6555,0.0,0,0.0,0.0
385.0,C,RUNNING,381.836,0,0,1,3,0.3333,5.0,100.0,1170.6555,0.0,0,0.0,0.0
386.0,C,RUNNING,382.836,0,0,1,3,0.3333,5.0,100.0,1169.6555,0.0,0,0.0,0.0
387.0,C,RUNNING,383.836,0,0,1,3,0.3333,5.0,100.0,1168.6555,0.0,0,0.0,0.0
388.0,C,RUNNING,384.836,0,0,1,3,0.3333,5.0,100.0,1167.6555,0.0,0,0.0,0.0
389.0,C,RUNNING,385.836,0,0,1,3,0.3333,5.0,100.0,1166.6555,0.0,0,0.0,0.0
390.0,C,RUNNING,386.836,0,0,1,3,0.3333,5.0,100.0,1165.6555,0.0,0,0.0,0.0
391.0,C,RUNNING,387.836,0,0,1,3,0.3333,5.0,100.0,1164.6555,0.0,0,0.0,0.0
392.0,C,RUNNING,388.836,0,0,1,3,0.3333,5.0,100.0,1163.6555,0.0,0,0.0,0.0
393.0,C,RUNNING,389.836,0,0,1,3,0.3333,5.0,100.0,1162.6555,0.0,0,0.0,0.0
394.0,C,RUNNING,390.836,0,0,1,3,0.3333,5.0,100.0,1161.6555,0.0,0,0.0,0.0
395.0,C,RUNNING,391.836,0,0,1,3,0.3333,5.0,100.0,1160.6555,0.0,0,0.0,0.0
396.0,C,RUNNING,392.836,0,0,1,3,0.3333,5.0,100.0,1159.6555,0.0,0,0.0,0.0
397.0,C,RUNNING,393.836,0,0,1,3,0.3333,5.0,100.0,1158.6555,0.0,0,0.0,0.0
398.0,C,RUNNING,394.836,0,0,1,3,0.3333,5.0,100.0,1157.6555,0.0,0,0.0,0.0
399.0,C,RUNNING,395.836,0,0,1,3,0.3333,5.0,100.0,1156.6555,0.0,0,0.0,0.0
400.0,C,RUNNING,396.836,0,0,1,3,0.3333,5.0,100.0,1155.6555,0.0,0,0.0,0.0
401.0,C,RUNNING,397.836,0,0,1,3,0.3333,5.0,100.0,1154.6555,0.0,0,0.0,0.0
402.0,C,RUNNING,398.836,0,0,1,3,0.3333,5.0,100.0,1153.6555,0.0,0,0.0,0.0
403.0,C,RUNNING,399.836,0,0,1,3,0.3333,5.0,100.0,1152.6555,0.0,0,0.0,0.0
404.0,C,RUNNING,400.836,0,0,1,3,0.3333,5.0,100.0,1151.6555,0.0,0,0.0,0.0
405.0,C,RUNNING,401.836,0,0,1,3,0.3333,5.0,100.0,1150.6555,0.0,0,0.0,0.0
406.0,C,RUNNING,402.836,0,0,1,3,0.3333,5.0,100.0,1149.6555,0.0,0,0.0,0.0
407.0,C,RUNNING,403.836,0,1,0,3,0.0,5.0,100.0,1868.6555,0.0,0,0.0,0.0
408.0,C,RUNNING,404.836,0,1,0,3,0.0,5.0,100.0,1867.6555,0.0,0,0.0,0.0
409.0,C,RUNNING,405.836,0,1,0,3,0.0,5.0,100.0,1866.6555,0.0,0,0.0,0.0
410.0,C,RUNNING,406.836,0,1,0,3,0.0,5.0,100.0,1865.6555,0.0,0,0.0,0.0
411.0,C,RUNNING,407.836,0,1,0,3,0.0,5.0,100.0,1864.6555,0.0,0,0.0,0.0
412.0,C,RUNNING,408.836,0,1,0,3,0.0,5.0,100.0,1863.6555,0.0,0,0.0,0.0
413.0,C,RUNNING,409.836,0,1,0,3,0.0,5.0,100.0,1862.6555,0.0,0,0.0,0.0
414.0,C,RUNNING,410.836,0,1,0,3,0.0,5.0,100.0,1861.6555,0.0,0,0.0,0.0
415.0,C,RUNNING,411.836,0,1,0,3,0.0,5.0,100.0,1860.6555,0.0,0,0.0,0.0
416.0,C,RUNNING,412.836,0,1,0,3,0.0,5.0,100.0,1859.6555,0.0,0,0.0,0.0
417.0,C,RUNNING,413.836,0,1,0,3,0.0,5.0,100.0,1858.6555,0.0,0,0.0,0.0
418.0,C,RUNNING,414.836,0,1,0,3,0.0,5.0,100.0,1857.6555,0.0,0,0.0,0.0
419.0,C,RUNNING,415.836,0,1,0,3,0.0,5.0,100.0,1856.6555,0.0,0,0.0,0.0
420.0,C,RUNNING,416.836,0,1,0,3,0.0,5.0,100.0,1855.6555,0.0,0,0.0,0.0
421.0,C,RUNNING,417.836,0,1,0,3,0.0,5.0,100.0,1854.6555,0.0,0,0.0,0.0
422.0,C,RUNNING,418.836,0,1,0,3,0.0,5.0,100.0,1853.6555,0.0,0,0.0,0.0
423.0,C,RUNNING,419.836,0,1,0,3,0.0,5.0,100.0,1852.6555,0.0,0,0.0,0.0
424.0,C,RUNNING,420.836,0,1,0,3,0.0,5.0,100.0,1851.6555,0.0,0,0.0,0.0
425.0,C,RUNNING,421.836,0,1,0,3,0.0,5.0,100.0,1850.6555,0.0,0,0.0,0.0
426.0,C,RUNNING,422.836,0,1,0,3,0.0,5.0,100.0,1849.6555,0.0,0,0.0,0.0
427.0,C,RUNNING,423.836,0,1,0,3,0.0,5.0,100.0,1848.6555,0.0,0,0.0,0.0
428.0,C,RUNNING,424.836,0,1,0,3,0.0,5.0,100.0,1847.6555,0.0,0,0.0,0.0
429.0,C,RUNNING,425.836,0,1,0,3,0.0,5.0,100.0,1846.6555,0.0,0,0.0,0.0
430.0,C,RUNNING,426.836,0,1,0,3,0.0,5.0,100.0,1845.6555,0.0,0,0.0,0.0
431.0,C,RUNNING,427.836,0,1,0,3,0.0,5.0,100.0,1844.6555,0.0,0,0.0,0.0
432.0,C,RUNNING,428.836,0,1,0,3,0.0,5.0,100.0,1843.6555,0.0,0,0.0,0.0
433.0,C,RUNNING,429.836,0,1,0,3,0.0,5.0,100.0,1842.6555,0.0,0,0.0,0.0
434.0,C,RUNNING,430.836,0,1,0,3,0.0,5.0,100.0,1841.6555,0.0,0,0.0,0.0
435.0,C,RUNNING,431.836,0,1,0,3,0.0,5.0,100.0,1840.6555,0.0,0,0.0,0.0
436.0,C,RUNNING,432.836,0,1,0,3,0.0,5.0,100.0,1839.6555,0.0,0,0.0,0.0
437.0,C,RUNNING,433.836,0,1,0,3,0.0,5.0,100.0,1838.6555,0.0,0,0.0,0.0
438.0,C,RUNNING,434.836,0,1,0,3,0.0,5.0,100.0,1837.6555,0.0,0,0.0,0.0
439.0,C,RUNNING,435.836,0,1,0,3,0.0,5.0,100.0,1836.6555,0.0,0,0.0,0.0
440.0,C,RUNNING,436.836,0,1,0,3,0.0,5.0,100.0,1835.6555,0.0,0,0.0,0.0
441.0,C,RUNNING,437.836,0,1,0,3,0.0,5.0,100.0,1834.6555,0.0,0,0.0,0.0
442.0,C,RUNNING,438.836,0,1,0,3,0.0,5.0,100.0,1833.6555,0.0,0,0.0,0.0
443.0,C,RUNNING,439.836,0,1,0,3,0.0,5.0,100.0,1832.6555,0.0,0,0.0,0.0
444.0,C,RUNNING,440.836,0,1,0,3,0.0,5.0,100.0,1831.6555,0.0,0,0.0,0.0
445.0,C,RUNNING,441.836,0,1,0,3,0.0,5.0,100.0,1830.6555,0.0,0,0.0,0.0
446.0,C,RUNNING,442.836,0,1,0,3,0.0,5.0,100.0,1829.6555,0.0,0,0.0,0.0
447.0,C,RUNNING,443.836,0,1,0,3,0.0,5.0,100.0,1828.6555,0.0,0,0.0,0.0
448.0,C,RUNNING,444.836,0,1,0,3,0.0,5.0,100.0,1827.6555,0.0,0,0.0,0.0
449.0,C,RUNNING,445.836,0,1,0,3,0.0,5.0,100.0,1826.6555,0.0,0,0.0,0.0
450.0,C,RUNNING,446.836,0,1,0,3,0.0,5.0,100.0,1825.6555,0.0,0,0.0,0.0
451.0,C,RUNNING,447.836,0,1,0,3,0.0,5.0,100.0,1824.6555,0.0,0,0.0,0.0
452.0,C,RUNNING,448.836,0,1,0,3,0.0,5.0,100.0,1823.6555,0.0,0,0.0,0.0
453.0,C,RUNNING,449.836,0,1,0,3,0.0,5.0,100.0,1822.6555,0.0,0,0.0,0.0
454.0,C,RUNNING,450.836,0,1,0,3,0.0,5.0,100.0,1821.6555,0.0,0,0.0,0.0
455.0,C,RUNNING,451.836,0,1,0,3,0.0,5.0,100.0,1820.6555,0.0,0,0.0,0.0
456.0,C,RUNNING,452.836,0,1,0,3,0.0,5.0,100.0,1819.6555,0.0,0,0.0,0.0
457.0,C,RUNNING,453.836,0,1,0,3,0.0,5.0,100.0,1818.6555,0.0,0,0.0,0.0
458.0,C,RUNNING,454.836,0,1,0,3,0.0,5.0,100.0,1817.6555,0.0,0,0.0,0.0
459.0,C,RUNNING,455.836,0,1,0,3,0.0,5.0,100.0,1816.6555,0.0,0,0.0,0.0
460.0,C,RUNNING,456.836,0,1,0,3,0.0,5.0,100.0,1815.6555,0.0,0,0.0,0.0
461.0,C,RUNNING,457.836,0,1,0,3,0.0,5.0,100.0,1814.6555,0.0,0,0.0,0.0
462.0,C,RUNNING,458.836,0,1,0,3,0.0,5.0,100.0,1813.6555,0.0,0,0.0,0.0
463.0,C,RUNNING,459.836,0,1,0,3,0.0,5.0,100.0,1812.6555,0.0,0,0.0,0.0
464.0,C,RUNNING,460.836,0,1,0,3,0.0,5.0,100.0,1811.6555,0.0,0,0.0,0.0
465.0,C,RUNNING,461.836,0,1,0,3,0.0,5.0,100.0,1810.6555,0.0,0,0.0,0.0
466.0,C,RUNNING,462.836,0,1,0,3,0.0,5.0,100.0,1809.6555,0.0,0,0.0,0.0
467.0,C,RUNNING,463.836,0,1,0,3,0.0,5.0,100.0,1808.6555,0.0,0,0.0,0.0
468.0,C,RUNNING,464.836,0,1,0,3,0.0,5.0,100.0,1807.6555,0.0,0,0.0,0.0
469.0,C,RUNNING,465.836,0,1,0,3,0.0,5.0,100.0,1806.6555,0.0,0,0.0,0.0
470.0,C,RUNNING,466.836,0,1,0,3,0.0,5.0,100.0,1805.6555,0.0,0,0.0,0.0
471.0,C,RUNNING,467.836,0,1,0,3,0.0,5.0,100.0,1804.6555,0.0,0,0.0,0.0
472.0,C,RUNNING,468.84,0,1,0,3,0.0,5.0,100.0,1803.6515,0.0,0,0.0,0.0
473.0,C,RUNNING,469.836,0,1,0,3,0.0,5.0,100.0,1802.6555,0.0,0,0.0,0.0
474.0,C,RUNNING,470.836,0,1,0,3,0.0,5.0,100.0,1801.6555,0.0,0,0.0,0.0
475.0,C,RUNNING,471.836,0,1,0,3,0.0,5.0,100.0,1800.6555,0.0,0,0.0,0.0
476.0,C,RUNNING,472.836,0,1,0,3,0.0,5.0,100.0,1799.6555,0.0,0,0.0,0.0
477.0,C,RUNNING,473.836,0,1,0,3,0.0,5.0,100.0,1798.6555,0.0,0,0.0,0.0
478.0,C,RUNNING,474.836,0,1,0,3,0.0,5.0,100.0,1797.6555,0.0,0,0.0,0.0
479.0,C,RUNNING,475.836,0,1,0,3,0.0,5.0,100.0,1796.6555,0.0,0,0.0,0.0
480.0,C,RUNNING,476.836,0,1,0,3,0.0,5.0,100.0,1795.6555,0.0,0,0.0,0.0
481.0,C,RUNNING,477.836,0,1,0,3,0.0,5.0,100.0,1794.6555,0.0,0,0.0,0.0
482.0,C,RUNNING,478.836,0,1,0,3,0.0,5.0,100.0,1793.6555,0.0,0,0.0,0.0
483.0,C,RUNNING,479.836,0,1,0,3,0.0,5.0,100.0,1792.6555,0.0,0,0.0,0.0
484.0,C,RUNNING,480.836,0,1,0,3,0.0,5.0,100.0,1791.6555,0.0,0,0.0,0.0
485.0,C,RUNNING,481.836,0,1,0,3,0.0,5.0,100.0,1790.6555,0.0,0,0.0,0.0
486.0,C,RUNNING,482.836,0,1,0,3,0.0,5.0,100.0,1789.6555,0.0,0,0.0,0.0
487.0,C,RUNNING,483.836,0,1,0,3,0.0,5.0,100.0,1788.6555,0.0,0,0.0,0.0
488.0,C,RUNNING,484.836,0,1,0,3,0.0,5.0,100.0,1787.6555,0.0,0,0.0,0.0
489.0,C,RUNNING,485.836,0,1,0,3,0.0,5.0,100.0,1786.6555,0.0,0,0.0,0.0
490.0,C,RUNNING,486.836,0,1,0,3,0.0,5.0,100.0,1785.6555,0.0,0,0.0,0.0
491.0,C,RUNNING,487.836,0,1,0,3,0.0,5.0,100.0,1784.6555,0.0,0,0.0,0.0
492.0,C,RUNNING,488.836,0,1,0,3,0.0,5.0,100.0,1783.6555,0.0,0,0.0,0.0
493.0,C,RUNNING,489.836,0,1,0,3,0.0,5.0,100.0,1782.6555,0.0,0,0.0,0.0
494.0,C,RUNNING,490.836,0,1,0,3,0.0,5.0,100.0,1781.6555,0.0,0,0.0,0.0
495.0,C,RUNNING,491.836,0,1,0,3,0.0,5.0,100.0,1780.6555,0.0,0,0.0,0.0
496.0,C,RUNNING,492.836,0,1,0,3,0.0,5.0,100.0,1779.6555,0.0,0,0.0,0.0
497.0,C,RUNNING,493.836,0,1,0,3,0.0,5.0,100.0,1778.6555,0.0,0,0.0,0.0
498.0,C,RUNNING,494.836,0,1,0,3,0.0,5.0,100.0,1777.6555,0.0,0,0.0,0.0
499.0,C,RUNNING,495.836,0,1,0,3,0.0,5.0,100.0,1776.6555,0.0,0,0.0,0.0
500.0,C,RUNNING,496.836,0,1,0,3,0.0,5.0,100.0,1775.6555,0.0,0,0.0,0.0
501.0,C,RUNNING,497.836,0,1,0,3,0.0,5.0,100.0,1774.6555,0.0,0,0.0,0.0
502.0,C,RUNNING,498.836,0,1,0,3,0.0,5.0,100.0,1773.6555,0.0,0,0.0,0.0
503.0,C,RUNNING,499.836,0,1,0,3,0.0,5.0,100.0,1772.6555,0.0,0,0.0,0.0
504.0,C,RUNNING,500.836,0,1,0,3,0.0,5.0,100.0,1771.6555,0.0,0,0.0,0.0
505.0,C,RUNNING,501.836,0,1,0,3,0.0,5.0,100.0,1770.6555,0.0,0,0.0,0.0
506.0,C,RUNNING,502.836,0,1,0,3,0.0,5.0,100.0,1769.6555,0.0,0,0.0,0.0
507.0,C,RUNNING,503.836,0,1,0,3,0.0,5.0,100.0,1768.6555,0.0,0,0.0,0.0
508.0,C,RUNNING,504.836,0,1,0,3,0.0,5.0,100.0,1767.6555,0.0,0,0.0,0.0
509.0,C,RUNNING,505.836,0,1,0,3,0.0,5.0,100.0,1766.6555,0.0,0,0.0,0.0
510.0,C,RUNNING,506.836,0,1,0,3,0.0,5.0,100.0,1765.6555,0.0,0,0.0,0.0
511.0,C,RUNNING,507.836,0,1,0,3,0.0,5.0,100.0,1764.6555,0.0,0,0.0,0.0
512.0,C,RUNNING,508.836,0,1,0,3,0.0,5.0,100.0,1763.6555,0.0,0,0.0,0.0
513.0,C,RUNNING,509.836,0,1,0,3,0.0,5.0,100.0,1762.6555,0.0,0,0.0,0.0
514.0,C,RUNNING,510.836,0,1,0,3,0.0,5.0,100.0,1761.6555,0.0,0,0.0,0.0
515.0,C,RUNNING,511.836,0,1,0,3,0.0,5.0,100.0,1760.6555,0.0,0,0.0,0.0
516.0,C,RUNNING,512.836,0,1,0,3,0.0,5.0,100.0,1759.6555,0.0,0,0.0,0.0
517.0,C,RUNNING,513.836,0,1,0,3,0.0,5.0,100.0,1758.6555,0.0,0,0.0,0.0
518.0,C,RUNNING,514.836,0,1,0,3,0.0,5.0,100.0,1757.6555,0.0,0,0.0,0.0
519.0,C,RUNNING,515.836,0,1,0,3,0.0,5.0,100.0,1756.6555,0.0,0,0.0,0.0
520.0,C,RUNNING,516.836,0,1,0,3,0.0,5.0,100.0,1755.6555,0.0,0,0.0,0.0
521.0,C,RUNNING,517.836,0,1,0,3,0.0,5.0,100.0,1754.6555,0.0,0,0.0,0.0
522.0,C,RUNNING,518.836,0,1,0,3,0.0,5.0,100.0,1753.6555,0.0,0,0.0,0.0
523.0,C,RUNNING,519.836,0,1,0,3,0.0,5.0,100.0,1752.6555,0.0,0,0.0,0.0
524.0,C,RUNNING,520.836,0,1,0,3,0.0,5.0,100.0,1751.6555,0.0,0,0.0,0.0
525.0,C,RUNNING,521.836,0,1,0,3,0.0,5.0,100.0,1750.6555,0.0,0,0.0,0.0
526.0,C,RUNNING,522.836,0,1,0,3,0.0,5.0,100.0,1749.6555,0.0,0,0.0,0.0
527.0,C,RUNNING,523.836,0,1,0,3,0.0,5.0,100.0,1748.6555,0.0,0,0.0,0.0
528.0,C,RUNNING,524.836,0,1,0,3,0.0,5.0,100.0,1747.6555,0.0,0,0.0,0.0
529.0,C,RUNNING,525.836,0,1,0,3,0.0,5.0,100.0,1746.6555,0.0,0,0.0,0.0
530.0,C,RUNNING,526.836,0,1,0,3,0.0,5.0,100.0,1745.6555,0.0,0,0.0,0.0
531.0,C,RUNNING,527.836,0,1,0,3,0.0,5.0,100.0,1744.6555,0.0,0,0.0,0.0
532.0,C,RUNNING,528.836,0,1,0,3,0.0,5.0,100.0,1743.6555,0.0,0,0.0,0.0
533.0,C,RUNNING,529.836,0,1,0,3,0.0,5.0,100.0,1742.6555,0.0,0,0.0,0.0
534.0,C,RUNNING,530.836,0,1,0,3,0.0,5.0,100.0,1741.6555,0.0,0,0.0,0.0
535.0,C,RUNNING,531.836,0,1,0,3,0.0,5.0,100.0,1740.6555,0.0,0,0.0,0.0
536.0,C,RUNNING,532.836,0,1,0,3,0.0,5.0,100.0,1739.6555,0.0,0,0.0,0.0
537.0,C,RUNNING,533.836,0,1,0,3,0.0,5.0,100.0,1738.6555,0.0,0,0.0,0.0
538.0,C,RUNNING,534.836,0,1,0,3,0.0,5.0,100.0,1737.6555,0.0,0,0.0,0.0
539.0,C,RUNNING,535.836,0,1,0,3,0.0,5.0,100.0,1736.6555,0.0,0,0.0,0.0
540.0,C,RUNNING,536.836,0,1,0,3,0.0,5.0,100.0,1735.6555,0.0,0,0.0,0.0
541.0,C,RUNNING,537.836,0,1,0,3,0.0,5.0,100.0,1734.6555,0.0,0,0.0,0.0
542.0,C,RUNNING,538.836,0,1,0,3,0.0,5.0,100.0,1733.6555,0.0,0,0.0,0.0
543.0,C,RUNNING,539.836,0,1,0,3,0.0,5.0,100.0,1732.6555,0.0,0,0.0,0.0
544.0,C,RUNNING,540.836,0,1,0,3,0.0,5.0,100.0,1731.6555,0.0,0,0.0,0.0
545.0,C,RUNNING,541.836,0,1,0,3,0.0,5.0,100.0,1730.6555,0.0,0,0.0,0.0
546.0,C,RUNNING,542.836,0,1,0,3,0.0,5.0,100.0,1729.6555,0.0,0,0.0,0.0
547.0,C,RUNNING,543.836,0,1,0,3,0.0,5.0,100.0,1728.6555,0.0,0,0.0,0.0
548.0,C,RUNNING,544.836,0,1,0,3,0.0,5.0,100.0,1727.6555,0.0,0,0.0,0.0
549.0,C,RUNNING,545.836,0,1,0,3,0.0,5.0,100.0,1726.6555,0.0,0,0.0,0.0
550.0,C,RUNNING,546.836,0,1,0,3,0.0,5.0,100.0,1725.6555,0.0,0,0.0,0.0
551.0,C,RUNNING,547.836,0,1,0,3,0.0,5.0,100.0,1724.6555,0.0,0,0.0,0.0
552.0,C,RUNNING,548.836,0,1,0,3,0.0,5.0,100.0,1723.6555,0.0,0,0.0,0.0
553.0,C,RUNNING,549.836,0,1,0,3,0.0,5.0,100.0,1722.6555,0.0,0,0.0,0.0
554.0,C,RUNNING,550.836,0,1,0,3,0.0,5.0,100.0,1721.6555,0.0,0,0.0,0.0
555.0,C,RUNNING,551.836,0,1,0,3,0.0,5.0,100.0,1720.6555,0.0,0,0.0,0.0
556.0,C,RUNNING,552.836,0,1,0,3,0.0,5.0,100.0,1719.6555,0.0,0,0.0,0.0
557.0,C,RUNNING,553.836,0,1,0,3,0.0,5.0,100.0,1718.6555,0.0,0,0.0,0.0
558.0,C,RUNNING,554.836,0,1,0,3,0.0,5.0,100.0,1717.6555,0.0,0,0.0,0.0
559.0,C,RUNNING,555.836,0,1,0,3,0.0,5.0,100.0,1716.6555,0.0,0,0.0,0.0
560.0,C,RUNNING,556.836,0,1,0,3,0.0,5.0,100.0,1715.6555,0.0,0,0.0,0.0
561.0,C,RUNNING,557.836,0,1,0,3,0.0,5.0,100.0,1714.6555,0.0,0,0.0,0.0
562.0,C,RUNNING,558.836,0,1,0,3,0.0,5.0,100.0,1713.6555,0.0,0,0.0,0.0
563.0,C,RUNNING,559.836,0,1,0,3,0.0,5.0,100.0,1712.6555,0.0,0,0.0,0.0
564.0,C,RUNNING,560.836,0,1,0,3,0.0,5.0,100.0,1711.6555,0.0,0,0.0,0.0
565.0,C,RUNNING,561.836,0,1,0,3,0.0,5.0,100.0,1710.6555,0.0,0,0.0,0.0
566.0,C,RUNNING,562.836,0,1,0,3,0.0,5.0,100.0,1709.6555,0.0,0,0.0,0.0
567.0,C,RUNNING,563.836,0,1,0,3,0.0,5.0,100.0,1708.6555,0.0,0,0.0,0.0
568.0,C,RUNNING,564.836,0,1,0,3,0.0,5.0,100.0,1707.6555,0.0,0,0.0,0.0
569.0,C,RUNNING,565.836,0,1,0,3,0.0,5.0,100.0,1706.6555,0.0,0,0.0,0.0
570.0,C,RUNNING,566.836,0,1,0,3,0.0,5.0,100.0,1705.6555,0.0,0,0.0,0.0
571.0,C,RUNNING,567.836,0,1,0,3,0.0,5.0,100.0,1704.6555,0.0,0,0.0,0.0
572.0,C,RUNNING,568.836,0,1,0,3,0.0,5.0,100.0,1703.6555,0.0,0,0.0,0.0
573.0,C,RUNNING,569.836,0,1,0,3,0.0,5.0,100.0,1702.6555,0.0,0,0.0,0.0
574.0,C,RUNNING,570.836,0,1,0,3,0.0,5.0,100.0,1701.6555,0.0,0,0.0,0.0
575.0,C,RUNNING,571.836,0,1,0,3,0.0,5.0,100.0,1700.6555,0.0,0,0.0,0.0
576.0,C,RUNNING,572.836,0,1,0,3,0.0,5.0,100.0,1699.6555,0.0,0,0.0,0.0
577.0,C,RUNNING,573.836,0,1,0,3,0.0,5.0,100.0,1698.6555,0.0,0,0.0,0.0
578.0,C,RUNNING,574.836,0,1,0,3,0.0,5.0,100.0,1697.6555,0.0,0,0.0,0.0
579.0,C,RUNNING,575.836,0,1,0,3,0.0,5.0,100.0,1696.6555,0.0,0,0.0,0.0
580.0,C,RUNNING,576.836,0,1,0,3,0.0,5.0,100.0,1695.6555,0.0,0,0.0,0.0
581.0,C,RUNNING,577.836,0,1,0,3,0.0,5.0,100.0,1694.6555,0.0,0,0.0,0.0
582.0,C,RUNNING,578.836,0,1,0,3,0.0,5.0,100.0,1693.6555,0.0,0,0.0,0.0
583.0,C,RUNNING,579.836,0,1,0,3,0.0,5.0,100.0,1692.6555,0.0,0,0.0,0.0
584.0,C,RUNNING,580.836,0,1,0,3,0.0,5.0,100.0,1691.6555,0.0,0,0.0,0.0
585.0,C,RUNNING,581.836,0,1,0,3,0.0,5.0,100.0,1690.6555,0.0,0,0.0,0.0
586.0,C,RUNNING,582.836,0,1,0,3,0.0,5.0,100.0,1689.6555,0.0,0,0.0,0.0
587.0,C,RUNNING,583.836,0,1,0,3,0.0,5.0,100.0,1688.6555,0.0,0,0.0,0.0
588.0,C,RUNNING,584.836,0,1,0,3,0.0,5.0,100.0,1687.6555,0.0,0,0.0,0.0
589.0,C,RUNNING,585.836,0,1,0,3,0.0,5.0,100.0,1686.6555,0.0,0,0.0,0.0
590.0,C,RUNNING,586.836,0,1,0,3,0.0,5.0,100.0,1685.6555,0.0,0,0.0,0.0
591.0,C,RUNNING,587.836,0,1,0,3,0.0,5.0,100.0,1684.6555,0.0,0,0.0,0.0
592.0,C,RUNNING,588.836,0,1,0,3,0.0,5.0,100.0,1683.6555,0.0,0,0.0,0.0
593.0,C,RUNNING,589.836,0,1,0,3,0.0,5.0,100.0,1682.6555,0.0,0,0.0,0.0
594.0,C,RUNNING,590.836,0,1,0,3,0.0,5.0,100.0,1681.6555,0.0,0,0.0,0.0
595.0,C,RUNNING,591.836,0,1,0,3,0.0,5.0,100.0,1680.6555,0.0,0,0.0,0.0
596.0,C,RUNNING,592.836,0,1,0,3,0.0,5.0,100.0,1679.6555,0.0,0,0.0,0.0
597.0,C,RUNNING,593.836,0,1,0,3,0.0,5.0,100.0,1678.6555,0.0,0,0.0,0.0
598.0,C,RUNNING,594.836,0,1,0,3,0.0,5.0,100.0,1677.6555,0.0,0,0.0,0.0
599.0,C,RUNNING,595.836,0,1,0,3,0.0,5.0,100.0,1676.6555,0.0,0,0.0,0.0
600.0,C,RUNNING,596.836,0,1,0,3,0.0,5.0,100.0,1675.6555,0.0,0,0.0,0.0
601.0,C,RUNNING,597.836,0,1,0,3,0.0,5.0,100.0,1674.6555,0.0,0,0.0,0.0
602.0,C,RUNNING,598.836,0,1,0,3,0.0,5.0,100.0,1673.6555,0.0,0,0.0,0.0
603.0,C,RUNNING,599.836,0,1,0,3,0.0,5.0,100.0,1672.6555,0.0,0,0.0,0.0
604.0,C,RUNNING,600.836,0,1,0,3,0.0,5.0,100.0,1671.6555,0.0,0,0.0,0.0
605.0,C,RUNNING,601.836,0,1,0,3,0.0,5.0,100.0,1670.6555,0.0,0,0.0,0.0
606.0,C,RUNNING,602.836,0,1,0,3,0.0,5.0,100.0,1669.6555,0.0,0,0.0,0.0
607.0,C,RUNNING,603.836,0,1,0,3,0.0,5.0,100.0,1668.6555,0.0,0,0.0,0.0
608.0,C,RUNNING,604.836,0,1,0,3,0.0,5.0,100.0,1667.6555,0.0,0,0.0,0.0
609.0,C,RUNNING,605.836,0,1,0,3,0.0,5.0,100.0,1666.6555,0.0,0,0.0,0.0
610.0,C,RUNNING,606.836,0,1,0,3,0.0,5.0,100.0,1665.6555,0.0,0,0.0,0.0
611.0,C,RUNNING,607.836,0,1,0,3,0.0,5.0,100.0,1664.6555,0.0,0,0.0,0.0
612.0,C,RUNNING,608.836,0,1,0,3,0.0,5.0,100.0,1663.6555,0.0,0,0.0,0.0
613.0,C,RUNNING,609.836,0,1,0,3,0.0,5.0,100.0,1662.6555,0.0,0,0.0,0.0
614.0,C,RUNNING,610.836,0,1,0,3,0.0,5.0,100.0,1661.6555,0.0,0,0.0,0.0
615.0,C,RUNNING,611.836,0,1,0,3,0.0,5.0,100.0,1660.6555,0.0,0,0.0,0.0
616.0,C,RUNNING,612.836,0,1,0,3,0.0,5.0,100.0,1659.6555,0.0,0,0.0,0.0
617.0,C,RUNNING,613.836,0,1,0,3,0.0,5.0,100.0,1658.6555,0.0,0,0.0,0.0
618.0,C,RUNNING,614.836,0,1,0,3,0.0,5.0,100.0,1657.6555,0.0,0,0.0,0.0
619.0,C,RUNNING,615.836,0,1,0,3,0.0,5.0,100.0,1656.6555,0.0,0,0.0,0.0
620.0,C,RUNNING,616.836,0,1,0,3,0.0,5.0,100.0,1655.6555,0.0,0,0.0,0.0
621.0,C,RUNNING,617.836,0,1,0,3,0.0,5.0,100.0,1654.6555,0.0,0,0.0,0.0
622.0,C,RUNNING,618.836,0,1,0,3,0.0,5.0,100.0,1653.6555,0.0,0,0.0,0.0
623.0,C,RUNNING,619.836,0,1,0,3,0.0,5.0,100.0,1652.6555,0.0,0,0.0,0.0
624.0,C,RUNNING,620.836,0,1,0,3,0.0,5.0,100.0,1651.6555,0.0,0,0.0,0.0
625.0,C,RUNNING,621.836,0,1,0,3,0.0,5.0,100.0,1650.6555,0.0,0,0.0,0.0
626.0,C,RUNNING,622.836,0,1,0,3,0.0,5.0,100.0,1649.6555,0.0,0,0.0,0.0
627.0,C,RUNNING,623.836,0,1,0,3,0.0,5.0,100.0,1648.6555,0.0,0,0.0,0.0
628.0,C,RUNNING,624.836,0,1,0,3,0.0,5.0,100.0,1647.6555,0.0,0,0.0,0.0
629.0,C,RUNNING,625.836,0,1,0,3,0.0,5.0,100.0,1646.6555,0.0,0,0.0,0.0
630.0,C,RUNNING,626.836,0,1,0,3,0.0,5.0,100.0,1645.6555,0.0,0,0.0,0.0
631.0,C,RUNNING,627.836,0,1,0,3,0.0,5.0,100.0,1644.6555,0.0,0,0.0,0.0
632.0,C,RUNNING,628.836,0,1,0,3,0.0,5.0,100.0,1643.6555,0.0,0,0.0,0.0
633.0,C,RUNNING,629.836,0,1,0,3,0.0,5.0,100.0,1642.6555,0.0,0,0.0,0.0
634.0,C,RUNNING,630.836,0,1,0,3,0.0,5.0,100.0,1641.6555,0.0,0,0.0,0.0
635.0,C,RUNNING,631.836,0,1,0,3,0.0,5.0,100.0,1640.6555,0.0,0,0.0,0.0
636.0,C,RUNNING,632.836,0,1,0,3,0.0,5.0,100.0,1639.6555,0.0,0,0.0,0.0
637.0,C,RUNNING,633.836,0,1,0,3,0.0,5.0,100.0,1638.6555,0.0,0,0.0,0.0
638.0,C,RUNNING,634.836,0,1,0,3,0.0,5.0,100.0,1637.6555,0.0,0,0.0,0.0
639.0,C,RUNNING,635.836,0,1,0,3,0.0,5.0,100.0,1636.6555,0.0,0,0.0,0.0
640.0,C,RUNNING,636.836,0,1,0,3,0.0,5.0,100.0,1635.6555,0.0,0,0.0,0.0
641.0,C,RUNNING,637.836,0,1,0,3,0.0,5.0,100.0,1634.6555,0.0,0,0.0,0.0
642.0,C,RUNNING,638.836,0,1,0,3,0.0,5.0,100.0,1633.6555,0.0,0,0.0,0.0
643.0,C,RUNNING,639.836,0,1,0,3,0.0,5.0,100.0,1632.6555,0.0,0,0.0,0.0
644.0,C,RUNNING,640.836,0,1,0,3,0.0,5.0,100.0,1631.6555,0.0,0,0.0,0.0
645.0,C,RUNNING,641.836,0,1,0,3,0.0,5.0,100.0,1630.6555,0.0,0,0.0,0.0
646.0,C,RUNNING,642.836,0,1,0,3,0.0,5.0,100.0,1629.6555,0.0,0,0.0,0.0
647.0,C,RUNNING,643.836,0,1,0,3,0.0,5.0,100.0,1628.6555,0.0,0,0.0,0.0
648.0,C,RUNNING,644.836,0,1,0,3,0.0,5.0,100.0,1627.6555,0.0,0,0.0,0.0
649.0,C,RUNNING,645.836,0,1,0,3,0.0,5.0,100.0,1626.6555,0.0,0,0.0,0.0
650.0,C,RUNNING,646.836,0,1,0,3,0.0,5.0,100.0,1625.6555,0.0,0,0.0,0.0
651.0,C,RUNNING,647.836,0,1,0,3,0.0,5.0,100.0,1624.6555,0.0,0,0.0,0.0
652.0,C,RUNNING,648.836,0,1,0,3,0.0,5.0,100.0,1623.6555,0.0,0,0.0,0.0
653.0,C,RUNNING,649.836,0,1,0,3,0.0,5.0,100.0,1622.6555,0.0,0,0.0,0.0
654.0,C,RUNNING,650.836,0,1,0,3,0.0,5.0,100.0,1621.6555,0.0,0,0.0,0.0
655.0,C,RUNNING,651.836,0,1,0,3,0.0,5.0,100.0,1620.6555,0.0,0,0.0,0.0
656.0,C,RUNNING,652.836,0,1,0,3,0.0,5.0,100.0,1619.6555,0.0,0,0.0,0.0
657.0,C,RUNNING,653.836,0,1,0,3,0.0,5.0,100.0,1618.6555,0.0,0,0.0,0.0
658.0,C,RUNNING,654.836,0,1,0,3,0.0,5.0,100.0,1617.6555,0.0,0,0.0,0.0
659.0,C,RUNNING,655.836,0,1,0,3,0.0,5.0,100.0,1616.6555,0.0,0,0.0,0.0
660.0,C,RUNNING,656.836,0,1,0,3,0.0,5.0,100.0,1615.6555,0.0,0,0.0,0.0
661.0,C,RUNNING,657.836,0,1,0,3,0.0,5.0,100.0,1614.6555,0.0,0,0.0,0.0
662.0,C,RUNNING,658.836,0,1,0,3,0.0,5.0,100.0,1613.6555,0.0,0,0.0,0.0
663.0,C,RUNNING,659.836,0,1,0,3,0.0,5.0,100.0,1612.6555,0.0,0,0.0,0.0
664.0,C,RUNNING,660.836,0,1,0,3,0.0,5.0,100.0,1611.6555,0.0,0,0.0,0.0
665.0,C,RUNNING,661.836,0,1,0,3,0.0,5.0,100.0,1610.6555,0.0,0,0.0,0.0
666.0,C,RUNNING,662.836,0,1,0,3,0.0,5.0,100.0,1609.6555,0.0,0,0.0,0.0
667.0,C,RUNNING,663.836,0,1,0,3,0.0,5.0,100.0,1608.6555,0.0,0,0.0,0.0
668.0,C,RUNNING,664.836,0,1,0,3,0.0,5.0,100.0,1607.6555,0.0,0,0.0,0.0
669.0,C,RUNNING,665.836,0,1,0,3,0.0,5.0,100.0,1606.6555,0.0,0,0.0,0.0
670.0,C,RUNNING,666.836,0,1,0,3,0.0,5.0,100.0,1605.6555,0.0,0,0.0,0.0
671.0,C,RUNNING,667.836,0,1,0,3,0.0,5.0,100.0,1604.6555,0.0,0,0.0,0.0
672.0,C,RUNNING,668.836,0,1,0,3,0.0,5.0,100.0,1603.6555,0.0,0,0.0,0.0
673.0,C,RUNNING,669.836,0,1,0,3,0.0,5.0,100.0,1602.6555,0.0,0,0.0,0.0
674.0,C,RUNNING,670.836,0,1,0,3,0.0,5.0,100.0,1601.6555,0.0,0,0.0,0.0
675.0,C,RUNNING,671.836,0,1,0,3,0.0,5.0,100.0,1600.6555,0.0,0,0.0,0.0
676.0,C,RUNNING,672.836,0,1,0,3,0.0,5.0,100.0,1599.6555,0.0,0,0.0,0.0
677.0,C,RUNNING,673.836,0,1,0,3,0.0,5.0,100.0,1598.6555,0.0,0,0.0,0.0
678.0,C,RUNNING,674.836,0,1,0,3,0.0,5.0,100.0,1597.6555,0.0,0,0.0,0.0
679.0,C,RUNNING,675.836,0,1,0,3,0.0,5.0,100.0,1596.6555,0.0,0,0.0,0.0
680.0,C,RUNNING,676.836,0,1,0,3,0.0,5.0,100.0,1595.6555,0.0,0,0.0,0.0
681.0,C,RUNNING,677.836,0,1,0,3,0.0,5.0,100.0,1594.6555,0.0,0,0.0,0.0
682.0,C,RUNNING,678.836,0,1,0,3,0.0,5.0,100.0,1593.6555,0.0,0,0.0,0.0
683.0,C,RUNNING,679.836,0,1,0,3,0.0,5.0,100.0,1592.6555,0.0,0,0.0,0.0
684.0,C,RUNNING,680.836,0,1,0,3,0.0,5.0,100.0,1591.6555,0.0,0,0.0,0.0
685.0,C,RUNNING,681.836,0,1,0,3,0.0,5.0,100.0,1590.6555,0.0,0,0.0,0.0
686.0,C,RUNNING,682.836,0,1,0,3,0.0,5.0,100.0,1589.6555,0.0,0,0.0,0.0
687.0,C,RUNNING,683.836,0,1,0,3,0.0,5.0,100.0,1588.6555,0.0,0,0.0,0.0
688.0,C,RUNNING,684.836,0,1,0,3,0.0,5.0,100.0,1587.6555,0.0,0,0.0,0.0
689.0,C,RUNNING,685.836,0,1,0,3,0.0,5.0,100.0,1586.6555,0.0,0,0.0,0.0
690.0,C,RUNNING,686.836,0,1,0,3,0.0,5.0,100.0,1585.6555,0.0,0,0.0,0.0
691.0,C,RUNNING,687.836,0,1,0,3,0.0,5.0,100.0,1584.6555,0.0,0,0.0,0.0
692.0,C,RUNNING,688.836,0,1,0,3,0.0,5.0,100.0,1583.6555,0.0,0,0.0,0.0
693.0,C,RUNNING,689.836,0,1,0,3,0.0,5.0,100.0,1582.6555,0.0,0,0.0,0.0
694.0,C,RUNNING,690.836,0,1,0,3,0.0,5.0,100.0,1581.6555,0.0,0,0.0,0.0
695.0,C,RUNNING,691.836,0,1,0,3,0.0,5.0,100.0,1580.6555,0.0,0,0.0,0.0
696.0,C,RUNNING,692.836,0,1,0,3,0.0,5.0,100.0,1579.6555,0.0,0,0.0,0.0
697.0,C,RUNNING,693.836,0,1,0,3,0.0,5.0,100.0,1578.6555,0.0,0,0.0,0.0
698.0,C,RUNNING,694.836,0,1,0,3,0.0,5.0,100.0,1577.6555,0.0,0,0.0,0.0
699.0,C,RUNNING,695.836,0,1,0,3,0.0,5.0,100.0,1576.6555,0.0,0,0.0,0.0
700.0,C,RUNNING,696.836,0,1,0,3,0.0,5.0,100.0,1575.6555,0.0,0,0.0,0.0
701.0,C,RUNNING,697.836,0,1,0,3,0.0,5.0,100.0,1574.6555,0.0,0,0.0,0.0
702.0,C,RUNNING,698.836,0,1,0,3,0.0,5.0,100.0,1573.6555,0.0,0,0.0,0.0
703.0,C,RUNNING,699.836,0,1,0,3,0.0,5.0,100.0,1572.6555,0.0,0,0.0,0.0
704.0,C,RUNNING,700.836,0,1,0,3,0.0,5.0,100.0,1571.6555,0.0,0,0.0,0.0
705.0,C,RUNNING,701.836,0,1,0,3,0.0,5.0,100.0,1570.6555,0.0,0,0.0,0.0
706.0,C,RUNNING,702.836,0,1,0,3,0.0,5.0,100.0,1569.6555,0.0,0,0.0,0.0
707.0,C,RUNNING,703.836,0,1,0,3,0.0,5.0,100.0,1568.6555,0.0,0,0.0,0.0
708.0,C,RUNNING,704.836,0,1,0,3,0.0,5.0,100.0,1567.6555,0.0,0,0.0,0.0
709.0,C,RUNNING,705.836,0,1,0,3,0.0,5.0,100.0,1566.6555,0.0,0,0.0,0.0
710.0,C,RUNNING,706.836,0,1,0,3,0.0,5.0,100.0,1565.6555,0.0,0,0.0,0.0
711.0,C,RUNNING,707.836,0,1,0,3,0.0,5.0,100.0,1564.6555,0.0,0,0.0,0.0
712.0,C,RUNNING,708.836,0,1,0,3,0.0,5.0,100.0,1563.6555,0.0,0,0.0,0.0
713.0,C,RUNNING,709.836,0,1,0,3,0.0,5.0,100.0,1562.6555,0.0,0,0.0,0.0
714.0,C,RUNNING,710.836,0,1,0,3,0.0,5.0,100.0,1561.6555,0.0,0,0.0,0.0
715.0,C,RUNNING,711.836,0,1,0,3,0.0,5.0,100.0,1560.6555,0.0,0,0.0,0.0
716.0,C,RUNNING,712.836,0,1,0,3,0.0,5.0,100.0,1559.6555,0.0,0,0.0,0.0
717.0,C,RUNNING,713.836,0,1,0,3,0.0,5.0,100.0,1558.6555,0.0,0,0.0,0.0
718.0,C,RUNNING,714.836,0,1,0,3,0.0,5.0,100.0,1557.6555,0.0,0,0.0,0.0
719.0,C,RUNNING,715.836,0,1,0,3,0.0,5.0,100.0,1556.6555,0.0,0,0.0,0.0
720.0,C,RUNNING,716.836,0,1,0,3,0.0,5.0,100.0,1555.6555,0.0,0,0.0,0.0
721.0,C,RUNNING,717.836,0,1,0,3,0.0,5.0,100.0,1554.6555,0.0,0,0.0,0.0
722.0,C,RUNNING,718.836,0,1,0,3,0.0,5.0,100.0,1553.6555,0.0,0,0.0,0.0
723.0,C,RUNNING,719.836,0,1,0,3,0.0,5.0,100.0,1552.6555,0.0,0,0.0,0.0
724.0,C,RUNNING,720.836,0,1,0,3,0.0,5.0,100.0,1551.6555,0.0,0,0.0,0.0
725.0,C,RUNNING,721.836,0,1,0,3,0.0,5.0,100.0,1550.6555,0.0,0,0.0,0.0
726.0,C,RUNNING,722.836,0,1,0,3,0.0,5.0,100.0,1549.6555,0.0,0,0.0,0.0
727.0,C,RUNNING,723.836,0,1,0,3,0.0,5.0,100.0,1548.6555,0.0,0,0.0,0.0
728.0,C,RUNNING,724.836,0,1,0,3,0.0,5.0,100.0,1547.6555,0.0,0,0.0,0.0
729.0,C,RUNNING,725.836,0,1,0,3,0.0,5.0,100.0,1546.6555,0.0,0,0.0,0.0
730.0,C,RUNNING,726.836,0,1,0,3,0.0,5.0,100.0,1545.6555,0.0,0,0.0,0.0
731.0,C,RUNNING,727.836,0,1,0,3,0.0,5.0,100.0,1544.6555,0.0,0,0.0,0.0
732.0,C,RUNNING,728.836,0,1,0,3,0.0,5.0,100.0,1543.6555,0.0,0,0.0,0.0
733.0,C,RUNNING,729.836,0,1,0,3,0.0,5.0,100.0,1542.6555,0.0,0,0.0,0.0
734.0,C,RUNNING,730.836,0,1,0,3,0.0,5.0,100.0,1541.6555,0.0,0,0.0,0.0
735.0,C,RUNNING,731.836,0,1,0,3,0.0,5.0,100.0,1540.6555,0.0,0,0.0,0.0
736.0,C,RUNNING,732.836,0,1,0,3,0.0,5.0,100.0,1539.6555,0.0,0,0.0,0.0
737.0,C,RUNNING,733.836,0,1,0,3,0.0,5.0,100.0,1538.6555,0.0,0,0.0,0.0
738.0,C,RUNNING,734.836,0,1,0,3,0.0,5.0,100.0,1537.6555,0.0,0,0.0,0.0
739.0,C,RUNNING,735.836,0,1,0,3,0.0,5.0,100.0,1536.6555,0.0,0,0.0,0.0
740.0,C,RUNNING,736.836,0,1,0,3,0.0,5.0,100.0,1535.6555,0.0,0,0.0,0.0
741.0,C,RUNNING,737.836,0,1,0,3,0.0,5.0,100.0,1534.6555,0.0,0,0.0,0.0
742.0,C,RUNNING,738.836,0,1,0,3,0.0,5.0,100.0,1533.6555,0.0,0,0.0,0.0
743.0,C,RUNNING,739.836,0,1,0,3,0.0,5.0,100.0,1532.6555,0.0,0,0.0,0.0
744.0,C,RUNNING,740.836,0,1,0,3,0.0,5.0,100.0,1531.6555,0.0,0,0.0,0.0
745.0,C,RUNNING,741.836,0,1,0,3,0.0,5.0,100.0,1530.6555,0.0,0,0.0,0.0
746.0,C,RUNNING,742.836,0,1,0,3,0.0,5.0,100.0,1529.6555,0.0,0,0.0,0.0
747.0,C,RUNNING,743.836,0,1,0,3,0.0,5.0,100.0,1528.6555,0.0,0,0.0,0.0
748.0,C,RUNNING,744.836,0,1,0,3,0.0,5.0,100.0,1527.6555,0.0,0,0.0,0.0
749.0,C,RUNNING,745.836,0,1,0,3,0.0,5.0,100.0,1526.6555,0.0,0,0.0,0.0
750.0,C,RUNNING,746.836,0,1,0,3,0.0,5.0,100.0,1525.6555,0.0,0,0.0,0.0
751.0,C,RUNNING,747.836,0,1,0,3,0.0,5.0,100.0,1524.6555,0.0,0,0.0,0.0
752.0,C,RUNNING,748.836,0,1,0,3,0.0,5.0,100.0,1523.6555,0.0,0,0.0,0.0
753.0,C,RUNNING,749.836,0,1,0,3,0.0,5.0,100.0,1522.6555,0.0,0,0.0,0.0
754.0,C,RUNNING,750.836,0,1,0,3,0.0,5.0,100.0,1521.6555,0.0,0,0.0,0.0
755.0,C,RUNNING,751.836,0,1,0,3,0.0,5.0,100.0,1520.6555,0.0,0,0.0,0.0
756.0,C,RUNNING,752.836,0,1,0,3,0.0,5.0,100.0,1519.6555,0.0,0,0.0,0.0
757.0,C,RUNNING,753.836,0,1,0,3,0.0,5.0,100.0,1518.6555,0.0,0,0.0,0.0
758.0,C,RUNNING,754.836,0,1,0,3,0.0,5.0,100.0,1517.6555,0.0,0,0.0,0.0
759.0,C,RUNNING,755.836,0,1,0,3,0.0,5.0,100.0,1516.6555,0.0,0,0.0,0.0
760.0,C,RUNNING,756.836,0,1,0,3,0.0,5.0,100.0,1515.6555,0.0,0,0.0,0.0
761.0,C,RUNNING,757.836,0,1,0,3,0.0,5.0,100.0,1514.6555,0.0,0,0.0,0.0
762.0,C,RUNNING,758.836,0,1,0,3,0.0,5.0,100.0,1513.6555,0.0,0,0.0,0.0
763.0,C,RUNNING,759.836,0,1,0,3,0.0,5.0,100.0,1512.6555,0.0,0,0.0,0.0
764.0,C,RUNNING,760.836,0,1,0,3,0.0,5.0,100.0,1511.6555,0.0,0,0.0,0.0
765.0,C,RUNNING,761.836,0,1,0,3,0.0,5.0,100.0,1510.6555,0.0,0,0.0,0.0
766.0,C,RUNNING,762.836,0,1,0,3,0.0,5.0,100.0,1509.6555,0.0,0,0.0,0.0
767.0,C,RUNNING,763.836,0,1,0,3,0.0,5.0,100.0,1508.6555,0.0,0,0.0,0.0
768.0,C,RUNNING,764.836,0,1,0,3,0.0,5.0,100.0,1507.6555,0.0,0,0.0,0.0
769.0,C,RUNNING,765.836,0,1,0,3,0.0,5.0,100.0,1506.6555,0.0,0,0.0,0.0
770.0,C,RUNNING,766.836,0,1,0,3,0.0,5.0,100.0,1505.6555,0.0,0,0.0,0.0
771.0,C,RUNNING,767.836,0,1,0,3,0.0,5.0,100.0,1504.6555,0.0,0,0.0,0.0
772.0,C,RUNNING,768.836,0,1,0,3,0.0,5.0,100.0,1503.6555,0.0,0,0.0,0.0
773.0,C,RUNNING,769.836,0,1,0,3,0.0,5.0,100.0,1502.6555,0.0,0,0.0,0.0
774.0,C,RUNNING,770.836,0,1,0,3,0.0,5.0,100.0,1501.6555,0.0,0,0.0,0.0
775.0,C,RUNNING,771.836,0,1,0,3,0.0,5.0,100.0,1500.6555,0.0,0,0.0,0.0
776.0,C,RUNNING,772.836,0,1,0,3,0.0,5.0,100.0,1499.6555,0.0,0,0.0,0.0
777.0,C,RUNNING,773.836,0,1,0,3,0.0,5.0,100.0,1498.6555,0.0,0,0.0,0.0
778.0,C,RUNNING,774.836,0,1,0,3,0.0,5.0,100.0,1497.6555,0.0,0,0.0,0.0
779.0,C,RUNNING,775.836,0,1,0,3,0.0,5.0,100.0,1496.6555,0.0,0,0.0,0.0
780.0,C,RUNNING,776.836,0,1,0,3,0.0,5.0,100.0,1495.6555,0.0,0,0.0,0.0
781.0,C,RUNNING,777.836,0,1,0,3,0.0,5.0,100.0,1494.6555,0.0,0,0.0,0.0
782.0,C,RUNNING,778.836,0,1,0,3,0.0,5.0,100.0,1493.6555,0.0,0,0.0,0.0
783.0,C,RUNNING,779.836,0,1,0,3,0.0,5.0,100.0,1492.6555,0.0,0,0.0,0.0
784.0,C,RUNNING,780.836,0,1,0,3,0.0,5.0,100.0,1491.6555,0.0,0,0.0,0.0
785.0,C,RUNNING,781.836,0,1,0,3,0.0,5.0,100.0,1490.6555,0.0,0,0.0,0.0
786.0,C,RUNNING,782.836,0,1,0,3,0.0,5.0,100.0,1489.6555,0.0,0,0.0,0.0
787.0,C,RUNNING,783.836,0,1,0,3,0.0,5.0,100.0,1488.6555,0.0,0,0.0,0.0
788.0,C,RUNNING,784.836,0,1,0,3,0.0,5.0,100.0,1487.6555,0.0,0,0.0,0.0
789.0,C,RUNNING,785.836,0,1,0,3,0.0,5.0,100.0,1486.6555,0.0,0,0.0,0.0
790.0,C,RUNNING,786.836,0,1,0,3,0.0,5.0,100.0,1485.6555,0.0,0,0.0,0.0
791.0,C,RUNNING,787.836,0,1,0,3,0.0,5.0,100.0,1484.6555,0.0,0,0.0,0.0
792.0,C,RUNNING,788.836,0,1,0,3,0.0,5.0,100.0,1483.6555,0.0,0,0.0,0.0
793.0,C,RUNNING,789.836,0,1,0,3,0.0,5.0,100.0,1482.6555,0.0,0,0.0,0.0
794.0,C,RUNNING,790.836,0,1,0,3,0.0,5.0,100.0,1481.6555,0.0,0,0.0,0.0
795.0,C,RUNNING,791.836,0,1,0,3,0.0,5.0,100.0,1480.6555,0.0,0,0.0,0.0
796.0,C,RUNNING,792.836,0,1,0,3,0.0,5.0,100.0,1479.6555,0.0,0,0.0,0.0
797.0,C,RUNNING,793.836,0,1,0,3,0.0,5.0,100.0,1478.6555,0.0,0,0.0,0.0
798.0,C,RUNNING,794.836,0,1,0,3,0.0,5.0,100.0,1477.6555,0.0,0,0.0,0.0
799.0,C,RUNNING,795.836,0,1,0,3,0.0,5.0,100.0,1476.6555,0.0,0,0.0,0.0
800.0,C,RUNNING,796.836,0,1,0,3,0.0,5.0,100.0,1475.6555,0.0,0,0.0,0.0
801.0,C,RUNNING,797.836,0,1,0,3,0.0,5.0,100.0,1474.6555,0.0,0,0.0,0.0
802.0,C,RUNNING,798.836,0,1,0,3,0.0,5.0,100.0,1473.6555,0.0,0,0.0,0.0
803.0,C,RUNNING,799.836,0,1,0,3,0.0,5.0,100.0,1472.6555,0.0,0,0.0,0.0
804.0,C,RUNNING,800.836,0,1,0,3,0.0,5.0,100.0,1471.6555,0.0,0,0.0,0.0
805.0,C,RUNNING,801.836,0,1,0,3,0.0,5.0,100.0,1470.6555,0.0,0,0.0,0.0
806.0,C,RUNNING,802.836,0,1,0,3,0.0,5.0,100.0,1469.6555,0.0,0,0.0,0.0
807.0,C,RUNNING,803.836,0,1,0,3,0.0,5.0,100.0,1468.6555,0.0,0,0.0,0.0
808.0,C,RUNNING,804.836,0,1,0,3,0.0,5.0,100.0,1467.6555,0.0,0,0.0,0.0
809.0,C,RUNNING,805.836,0,1,0,3,0.0,5.0,100.0,1466.6555,0.0,0,0.0,0.0
810.0,C,RUNNING,806.836,0,1,0,3,0.0,5.0,100.0,1465.6555,0.0,0,0.0,0.0
811.0,C,RUNNING,807.836,0,1,0,3,0.0,5.0,100.0,1464.6555,0.0,0,0.0,0.0
812.0,C,RUNNING,808.836,0,1,0,3,0.0,5.0,100.0,1463.6555,0.0,0,0.0,0.0
813.0,C,RUNNING,809.836,0,1,0,3,0.0,5.0,100.0,1462.6555,0.0,0,0.0,0.0
814.0,C,RUNNING,810.836,0,1,0,3,0.0,5.0,100.0,1461.6555,0.0,0,0.0,0.0
815.0,C,RUNNING,811.836,0,1,0,3,0.0,5.0,100.0,1460.6555,0.0,0,0.0,0.0
816.0,C,RUNNING,812.836,0,1,0,3,0.0,5.0,100.0,1459.6555,0.0,0,0.0,0.0
817.0,C,RUNNING,813.836,0,1,0,3,0.0,5.0,100.0,1458.6555,0.0,0,0.0,0.0
818.0,C,RUNNING,814.836,0,1,0,3,0.0,5.0,100.0,1457.6555,0.0,0,0.0,0.0
819.0,C,RUNNING,815.836,0,1,0,3,0.0,5.0,100.0,1456.6555,0.0,0,0.0,0.0
820.0,C,RUNNING,816.836,0,1,0,3,0.0,5.0,100.0,1455.6555,0.0,0,0.0,0.0
821.0,C,RUNNING,817.836,0,1,0,3,0.0,5.0,100.0,1454.6555,0.0,0,0.0,0.0
822.0,C,RUNNING,818.836,0,1,0,3,0.0,5.0,100.0,1453.6555,0.0,0,0.0,0.0
823.0,C,RUNNING,819.836,0,1,0,3,0.0,5.0,100.0,1452.6555,0.0,0,0.0,0.0
824.0,C,RUNNING,820.836,0,1,0,3,0.0,5.0,100.0,1451.6555,0.0,0,0.0,0.0
825.0,C,RUNNING,821.836,0,1,0,3,0.0,5.0,100.0,1450.6555,0.0,0,0.0,0.0
826.0,C,RUNNING,822.836,0,1,0,3,0.0,5.0,100.0,1449.6555,0.0,0,0.0,0.0
827.0,C,RUNNING,823.836,0,1,0,3,0.0,5.0,100.0,1448.6555,0.0,0,0.0,0.0
828.0,C,RUNNING,824.836,0,1,0,3,0.0,5.0,100.0,1447.6555,0.0,0,0.0,0.0
829.0,C,RUNNING,825.836,0,1,0,3,0.0,5.0,100.0,1446.6555,0.0,0,0.0,0.0
830.0,C,RUNNING,826.836,0,1,0,3,0.0,5.0,100.0,1445.6555,0.0,0,0.0,0.0
831.0,C,RUNNING,827.836,0,1,0,3,0.0,5.0,100.0,1444.6555,0.0,0,0.0,0.0
832.0,C,RUNNING,828.836,0,1,0,3,0.0,5.0,100.0,1443.6555,0.0,0,0.0,0.0
833.0,C,RUNNING,829.836,0,1,0,3,0.0,5.0,100.0,1442.6555,0.0,0,0.0,0.0
834.0,C,RUNNING,830.836,0,1,0,3,0.0,5.0,100.0,1441.6555,0.0,0,0.0,0.0
835.0,C,RUNNING,831.836,0,1,0,3,0.0,5.0,100.0,1440.6555,0.0,0,0.0,0.0
836.0,C,RUNNING,832.836,1,1,1,3,0.3333,5.0,99.9,1401.6807,0.0,0,0.0,0.0
837.0,C,RUNNING,833.836,1,1,1,3,0.3333,5.0,99.9,1400.6807,0.0,0,0.0,0.0
838.0,C,RUNNING,834.836,1,1,1,3,0.3333,5.0,99.9,1399.6807,0.0,0,0.0,0.0
839.0,C,RUNNING,835.836,1,1,1,3,0.3333,5.0,99.9,1398.6807,0.0,0,0.0,0.0
840.0,C,RUNNING,836.836,1,1,1,3,0.3333,5.0,99.9,1397.6807,0.0,0,0.0,0.0
841.0,C,RUNNING,837.836,1,1,1,3,0.3333,5.0,99.9,1396.6807,0.0,0,0.0,0.0
842.0,C,RUNNING,838.836,1,1,1,3,0.3333,5.0,99.9,1395.6807,0.0,0,0.0,0.0
843.0,C,RUNNING,839.836,1,1,1,3,0.3333,5.0,99.9,1394.6807,0.0,0,0.0,0.0
844.0,C,RUNNING,840.836,1,1,1,3,0.3333,5.0,99.9,1393.6807,0.0,0,0.0,0.0
845.0,C,RUNNING,841.836,1,1,1,3,0.3333,5.0,99.9,1392.6807,0.0,0,0.0,0.0
846.0,C,RUNNING,842.836,1,1,1,3,0.3333,5.0,99.9,1391.6807,0.0,0,0.0,0.0
847.0,C,RUNNING,843.836,1,1,1,3,0.3333,5.0,99.9,1390.6807,0.0,0,0.0,0.0
848.0,C,RUNNING,844.836,1,1,1,3,0.3333,5.0,99.9,1389.6807,0.0,0,0.0,0.0
849.0,C,RUNNING,845.836,1,1,1,3,0.3333,5.0,99.9,1388.6807,0.0,0,0.0,0.0
850.0,C,RUNNING,846.836,1,1,1,3,0.3333,5.0,99.9,1387.6807,0.0,0,0.0,0.0
851.0,C,RUNNING,847.836,1,1,1,3,0.3333,5.0,99.9,1386.6807,0.0,0,0.0,0.0
852.0,C,RUNNING,848.836,1,1,1,3,0.3333,5.0,99.9,1385.6807,0.0,0,0.0,0.0
853.0,C,RUNNING,849.836,1,1,1,3,0.3333,5.0,99.9,1384.6807,0.0,0,0.0,0.0
854.0,C,RUNNING,850.836,1,1,1,3,0.3333,5.0,99.9,1383.6807,0.0,0,0.0,0.0
855.0,C,RUNNING,851.836,1,1,1,3,0.3333,5.0,99.9,1382.6807,0.0,0,0.0,0.0
856.0,C,RUNNING,852.836,1,1,1,3,0.3333,5.0,99.9,1381.6807,0.0,0,0.0,0.0
857.0,C,RUNNING,853.836,1,1,1,3,0.3333,5.0,99.9,1380.6807,0.0,0,0.0,0.0
858.0,C,RUNNING,854.836,1,1,1,3,0.3333,5.0,99.9,1379.6807,0.0,0,0.0,0.0
859.0,C,RUNNING,855.836,1,1,1,3,0.3333,5.0,99.9,1378.6807,0.0,0,0.0,0.0
860.0,C,RUNNING,856.836,1,1,1,3,0.3333,5.0,99.9,1377.6807,0.0,0,0.0,0.0
861.0,C,RUNNING,857.836,1,1,1,3,0.3333,5.0,99.9,1376.6807,0.0,0,0.0,0.0
862.0,C,RUNNING,858.836,1,1,1,3,0.3333,5.0,99.9,1375.6807,0.0,0,0.0,0.0
863.0,C,RUNNING,859.836,1,1,1,3,0.3333,5.0,99.9,1374.6807,0.0,0,0.0,0.0
864.0,C,RUNNING,860.836,1,1,1,3,0.3333,5.0,99.9,1373.6807,0.0,0,0.0,0.0
865.0,C,RUNNING,861.836,1,1,1,3,0.3333,5.0,99.9,1372.6807,0.0,0,0.0,0.0
866.0,C,RUNNING,862.836,1,1,1,3,0.3333,5.0,99.9,1371.6807,0.0,0,0.0,0.0
867.0,C,RUNNING,863.836,1,1,1,3,0.3333,5.0,99.9,1370.6807,0.0,0,0.0,0.0
868.0,C,RUNNING,864.836,1,1,1,3,0.3333,5.0,99.9,1369.6807,0.0,0,0.0,0.0
869.0,C,RUNNING,865.836,1,1,1,3,0.3333,5.0,99.9,1368.6807,0.0,0,0.0,0.0
870.0,C,RUNNING,866.836,1,1,1,3,0.3333,5.0,99.9,1367.6807,0.0,0,0.0,0.0
871.0,C,RUNNING,867.836,1,1,1,3,0.3333,5.0,99.9,1366.6807,0.0,0,0.0,0.0
872.0,C,RUNNING,868.836,1,1,1,3,0.3333,5.0,99.9,1365.6807,0.0,0,0.0,0.0
873.0,C,RUNNING,869.836,1,1,1,3,0.3333,5.0,99.9,1364.6807,0.0,0,0.0,0.0
874.0,C,RUNNING,870.836,1,1,1,3,0.3333,5.0,99.9,1363.6807,0.0,0,0.0,0.0
875.0,C,RUNNING,871.836,1,1,1,3,0.3333,5.0,99.9,1362.6807,0.0,0,0.0,0.0
876.0,C,RUNNING,872.836,1,1,1,3,0.3333,5.0,99.9,1361.6807,0.0,0,0.0,0.0
877.0,C,RUNNING,873.836,1,1,1,3,0.3333,5.0,99.9,1360.6807,0.0,0,0.0,0.0
878.0,C,RUNNING,874.84,1,1,1,3,0.3333,5.0,99.9,1359.6767,0.0,0,0.0,0.0
879.0,C,RUNNING,875.836,1,1,1,3,0.3333,5.0,99.9,1358.6807,0.0,0,0.0,0.0
880.0,C,RUNNING,876.836,1,1,1,3,0.3333,5.0,99.9,1357.6807,0.0,0,0.0,0.0
881.0,C,RUNNING,877.836,1,1,1,3,0.3333,5.0,99.9,1356.6807,0.0,0,0.0,0.0
882.0,C,RUNNING,878.836,1,1,1,3,0.3333,5.0,99.9,1355.6807,0.0,0,0.0,0.0
883.0,C,RUNNING,879.836,1,1,1,3,0.3333,5.0,99.9,1354.6807,0.0,0,0.0,0.0
884.0,C,RUNNING,880.836,1,1,1,3,0.3333,5.0,99.9,1353.6807,0.0,0,0.0,0.0
885.0,C,RUNNING,881.836,1,1,1,3,0.3333,5.0,99.9,1352.6807,0.0,0,0.0,0.0
886.0,C,RUNNING,882.836,1,1,1,3,0.3333,5.0,99.9,1351.6807,0.0,0,0.0,0.0
887.0,C,RUNNING,883.836,1,1,1,3,0.3333,5.0,99.9,1350.6807,0.0,0,0.0,0.0
888.0,C,RUNNING,884.836,1,1,1,3,0.3333,5.0,99.9,1349.6807,0.0,0,0.0,0.0
889.0,C,RUNNING,885.836,1,1,1,3,0.3333,5.0,99.9,1348.6807,0.0,0,0.0,0.0
890.0,C,RUNNING,886.836,1,1,1,3,0.3333,5.0,99.9,1347.6807,0.0,0,0.0,0.0
891.0,C,RUNNING,887.836,1,1,1,3,0.3333,5.0,99.9,1346.6807,0.0,0,0.0,0.0
892.0,C,RUNNING,888.836,1,1,1,3,0.3333,5.0,99.9,1345.6807,0.0,0,0.0,0.0
893.0,C,RUNNING,889.836,1,1,1,3,0.3333,5.0,99.9,1344.6807,0.0,0,0.0,0.0
894.0,C,RUNNING,890.836,1,1,1,3,0.3333,5.0,99.9,1343.6807,0.0,0,0.0,0.0
895.0,C,RUNNING,891.836,1,1,1,3,0.3333,5.0,99.9,1342.6807,0.0,0,0.0,0.0
896.0,C,RUNNING,892.836,1,1,1,3,0.3333,5.0,99.9,1341.6807,0.0,0,0.0,0.0
897.0,C,RUNNING,893.836,1,1,1,3,0.3333,5.0,99.9,1340.6807,0.0,0,0.0,0.0
898.0,C,RUNNING,894.836,1,1,1,3,0.3333,5.0,99.9,1339.6807,0.0,0,0.0,0.0
899.0,C,RUNNING,895.836,1,1,1,3,0.3333,5.0,99.9,1338.6807,0.0,0,0.0,0.0
900.0,C,RUNNING,896.836,1,1,1,3,0.3333,5.0,99.9,1337.6807,0.0,0,0.0,0.0
901.0,C,RUNNING,897.836,1,1,1,3,0.3333,5.0,99.9,1336.6807,0.0,0,0.0,0.0
902.0,C,RUNNING,898.836,1,1,1,3,0.3333,5.0,99.9,1335.6807,0.0,0,0.0,0.0
903.0,C,RUNNING,899.836,1,1,1,3,0.3333,5.0,99.9,1334.6807,0.0,0,0.0,0.0
904.0,C,RUNNING,900.836,1,1,1,3,0.3333,5.0,99.9,1333.6807,0.0,0,0.0,0.0
905.0,C,RUNNING,901.836,1,1,1,3,0.3333,5.0,99.9,1332.6807,0.0,0,0.0,0.0
906.0,C,RUNNING,902.836,1,1,1,3,0.3333,5.0,99.9,1331.6807,0.0,0,0.0,0.0
907.0,C,RUNNING,903.836,1,1,1,3,0.3333,5.0,99.9,1330.6807,0.0,0,0.0,0.0
908.0,C,RUNNING,904.836,1,1,1,3,0.3333,5.0,99.9,1329.6807,0.0,0,0.0,0.0
909.0,C,RUNNING,905.836,1,1,1,3,0.3333,5.0,99.9,1328.6807,0.0,0,0.0,0.0
910.0,C,RUNNING,906.836,1,1,1,3,0.3333,5.0,99.9,1327.6807,0.0,0,0.0,0.0
911.0,C,RUNNING,907.836,1,1,1,3,0.3333,5.0,99.9,1326.6807,0.0,0,0.0,0.0
912.0,C,RUNNING,908.836,1,1,1,3,0.3333,5.0,99.9,1325.6807,0.0,0,0.0,0.0
913.0,C,RUNNING,909.836,1,1,1,3,0.3333,5.0,99.9,1324.6807,0.0,0,0.0,0.0
914.0,C,RUNNING,910.836,1,2,0,3,0.0,5.0,99.9,2043.6807,0.0,0,0.0,0.0
915.0,C,RUNNING,911.836,1,2,0,3,0.0,5.0,99.9,2042.6807,0.0,0,0.0,0.0
916.0,C,RUNNING,912.836,1,2,0,3,0.0,5.0,99.9,2041.6807,0.0,0,0.0,0.0
917.0,C,RUNNING,913.836,1,2,0,3,0.0,5.0,99.9,2040.6807,0.0,0,0.0,0.0
918.0,C,RUNNING,914.836,1,2,0,3,0.0,5.0,99.9,2039.6807,0.0,0,0.0,0.0
919.0,C,RUNNING,915.836,1,2,0,3,0.0,5.0,99.9,2038.6807,0.0,0,0.0,0.0
920.0,C,RUNNING,916.836,1,2,0,3,0.0,5.0,99.9,2037.6807,0.0,0,0.0,0.0
921.0,C,RUNNING,917.836,1,2,0,3,0.0,5.0,99.9,2036.6807,0.0,0,0.0,0.0
922.0,C,RUNNING,918.836,1,2,0,3,0.0,5.0,99.9,2035.6807,0.0,0,0.0,0.0
923.0,C,RUNNING,919.836,1,2,0,3,0.0,5.0,99.9,2034.6807,0.0,0,0.0,0.0
924.0,C,RUNNING,920.836,1,2,0,3,0.0,5.0,99.9,2033.6807,0.0,0,0.0,0.0
925.0,C,RUNNING,921.836,1,2,0,3,0.0,5.0,99.9,2032.6807,0.0,0,0.0,0.0
926.0,C,RUNNING,922.836,1,2,0,3,0.0,5.0,99.9,2031.6807,0.0,0,0.0,0.0
927.0,C,RUNNING,923.836,1,2,0,3,0.0,5.0,99.9,2030.6807,0.0,0,0.0,0.0
928.0,C,RUNNING,924.836,1,2,0,3,0.0,5.0,99.9,2029.6807,0.0,0,0.0,0.0
929.0,C,RUNNING,925.836,1,2,0,3,0.0,5.0,99.9,2028.6807,0.0,0,0.0,0.0
930.0,C,RUNNING,926.836,1,2,0,3,0.0,5.0,99.9,2027.6807,0.0,0,0.0,0.0
931.0,C,RUNNING,927.836,1,2,0,3,0.0,5.0,99.9,2026.6807,0.0,0,0.0,0.0
932.0,C,RUNNING,928.836,1,2,0,3,0.0,5.0,99.9,2025.6807,0.0,0,0.0,0.0
933.0,C,RUNNING,929.836,1,2,0,3,0.0,5.0,99.9,2024.6807,0.0,0,0.0,0.0
934.0,C,RUNNING,930.836,1,2,0,3,0.0,5.0,99.9,2023.6807,0.0,0,0.0,0.0
935.0,C,RUNNING,931.836,1,2,0,3,0.0,5.0,99.9,2022.6807,0.0,0,0.0,0.0
936.0,C,RUNNING,932.836,1,2,0,3,0.0,5.0,99.9,2021.6807,0.0,0,0.0,0.0
937.0,C,RUNNING,933.836,1,2,0,3,0.0,5.0,99.9,2020.6807,0.0,0,0.0,0.0
938.0,C,RUNNING,934.836,1,2,0,3,0.0,5.0,99.9,2019.6807,0.0,0,0.0,0.0
939.0,C,RUNNING,935.836,1,2,0,3,0.0,5.0,99.9,2018.6807,0.0,0,0.0,0.0
940.0,C,RUNNING,936.836,1,2,0,3,0.0,5.0,99.9,2017.6807,0.0,0,0.0,0.0
941.0,C,RUNNING,937.836,1,2,0,3,0.0,5.0,99.9,2016.6807,0.0,0,0.0,0.0
942.0,C,RUNNING,938.836,1,2,0,3,0.0,5.0,99.9,2015.6807,0.0,0,0.0,0.0
943.0,C,RUNNING,939.836,1,2,0,3,0.0,5.0,99.9,2014.6807,0.0,0,0.0,0.0
944.0,C,RUNNING,940.836,1,2,0,3,0.0,5.0,99.9,2013.6807,0.0,0,0.0,0.0
945.0,C,RUNNING,941.836,1,2,0,3,0.0,5.0,99.9,2012.6807,0.0,0,0.0,0.0
946.0,C,RUNNING,942.836,1,2,0,3,0.0,5.0,99.9,2011.6807,0.0,0,0.0,0.0
947.0,C,RUNNING,943.836,1,2,0,3,0.0,5.0,99.9,2010.6807,0.0,0,0.0,0.0
948.0,C,RUNNING,944.836,1,2,0,3,0.0,5.0,99.9,2009.6807,0.0,0,0.0,0.0
949.0,C,RUNNING,945.836,1,2,0,3,0.0,5.0,99.9,2008.6807,0.0,0,0.0,0.0
950.0,C,RUNNING,946.836,1,2,0,3,0.0,5.0,99.9,2007.6807,0.0,0,0.0,0.0
951.0,C,RUNNING,947.836,1,2,0,3,0.0,5.0,99.9,2006.6807,0.0,0,0.0,0.0
952.0,C,RUNNING,948.836,1,2,0,3,0.0,5.0,99.9,2005.6807,0.0,0,0.0,0.0
953.0,C,RUNNING,949.836,1,2,0,3,0.0,5.0,99.9,2004.6807,0.0,0,0.0,0.0
954.0,C,RUNNING,950.836,1,2,0,3,0.0,5.0,99.9,2003.6807,0.0,0,0.0,0.0
955.0,C,RUNNING,951.836,1,2,0,3,0.0,5.0,99.9,2002.6807,0.0,0,0.0,0.0
956.0,C,RUNNING,952.836,1,2,0,3,0.0,5.0,99.9,2001.6807,0.0,0,0.0,0.0
957.0,C,RUNNING,953.836,1,2,0,3,0.0,5.0,99.9,2000.6807,0.0,0,0.0,0.0
958.0,C,RUNNING,954.836,1,2,0,3,0.0,5.0,99.9,1999.6807,0.0,0,0.0,0.0
959.0,C,RUNNING,955.836,1,2,0,3,0.0,5.0,99.9,1998.6807,0.0,0,0.0,0.0
960.0,C,RUNNING,956.836,1,2,0,3,0.0,5.0,99.9,1997.6807,0.0,0,0.0,0.0
961.0,C,RUNNING,957.836,1,2,0,3,0.0,5.0,99.9,1996.6807,0.0,0,0.0,0.0
962.0,C,RUNNING,958.836,1,2,0,3,0.0,5.0,99.9,1995.6807,0.0,0,0.0,0.0
963.0,C,RUNNING,959.836,1,2,0,3,0.0,5.0,99.9,1994.6807,0.0,0,0.0,0.0
964.0,C,RUNNING,960.836,1,2,0,3,0.0,5.0,99.9,1993.6807,0.0,0,0.0,0.0
965.0,C,RUNNING,961.836,1,2,0,3,0.0,5.0,99.9,1992.6807,0.0,0,0.0,0.0
966.0,C,RUNNING,962.836,1,2,0,3,0.0,5.0,99.9,1991.6807,0.0,0,0.0,0.0
967.0,C,RUNNING,963.836,1,2,0,3,0.0,5.0,99.9,1990.6807,0.0,0,0.0,0.0
968.0,C,RUNNING,964.836,1,2,0,3,0.0,5.0,99.9,1989.6807,0.0,0,0.0,0.0
969.0,C,RUNNING,965.836,1,2,0,3,0.0,5.0,99.9,1988.6807,0.0,0,0.0,0.0
970.0,C,RUNNING,966.836,1,2,0,3,0.0,5.0,99.9,1987.6807,0.0,0,0.0,0.0
971.0,C,RUNNING,967.836,1,2,0,3,0.0,5.0,99.9,1986.6807,0.0,0,0.0,0.0
972.0,C,RUNNING,968.836,1,2,0,3,0.0,5.0,99.9,1985.6807,0.0,0,0.0,0.0
973.0,C,RUNNING,969.836,1,2,0,3,0.0,5.0,99.9,1984.6807,0.0,0,0.0,0.0
974.0,C,RUNNING,970.836,1,2,0,3,0.0,5.0,99.9,1983.6807,0.0,0,0.0,0.0
975.0,C,RUNNING,971.836,1,2,0,3,0.0,5.0,99.9,1982.6807,0.0,0,0.0,0.0
976.0,C,RUNNING,972.836,1,2,0,3,0.0,5.0,99.9,1981.6807,0.0,0,0.0,0.0
977.0,C,RUNNING,973.836,1,2,0,3,0.0,5.0,99.9,1980.6807,0.0,0,0.0,0.0
978.0,C,RUNNING,974.836,1,2,0,3,0.0,5.0,99.9,1979.6807,0.0,0,0.0,0.0
979.0,C,RUNNING,975.836,1,2,0,3,0.0,5.0,99.9,1978.6807,0.0,0,0.0,0.0
980.0,C,RUNNING,976.836,1,2,0,3,0.0,5.0,99.9,1977.6807,0.0,0,0.0,0.0
981.0,C,RUNNING,977.836,1,2,0,3,0.0,5.0,99.9,1976.6807,0.0,0,0.0,0.0
982.0,C,RUNNING,978.836,1,2,0,3,0.0,5.0,99.9,1975.6807,0.0,0,0.0,0.0
983.0,C,RUNNING,979.836,1,2,0,3,0.0,5.0,99.9,1974.6807,0.0,0,0.0,0.0
984.0,C,RUNNING,980.836,1,2,0,3,0.0,5.0,99.9,1973.6807,0.0,0,0.0,0.0
985.0,C,RUNNING,981.836,1,2,0,3,0.0,5.0,99.9,1972.6807,0.0,0,0.0,0.0
986.0,C,RUNNING,982.836,1,2,0,3,0.0,5.0,99.9,1971.6807,0.0,0,0.0,0.0
987.0,C,RUNNING,983.836,1,2,0,3,0.0,5.0,99.9,1970.6807,0.0,0,0.0,0.0
988.0,C,RUNNING,984.836,1,2,0,3,0.0,5.0,99.9,1969.6807,0.0,0,0.0,0.0
989.0,C,RUNNING,985.836,1,2,0,3,0.0,5.0,99.9,1968.6807,0.0,0,0.0,0.0
990.0,C,RUNNING,986.836,1,2,0,3,0.0,5.0,99.9,1967.6807,0.0,0,0.0,0.0
991.0,C,RUNNING,987.836,1,2,0,3,0.0,5.0,99.9,1966.6807,0.0,0,0.0,0.0
992.0,C,RUNNING,988.836,1,2,0,3,0.0,5.0,99.9,1965.6807,0.0,0,0.0,0.0
993.0,C,RUNNING,989.836,1,2,0,3,0.0,5.0,99.9,1964.6807,0.0,0,0.0,0.0
994.0,C,RUNNING,990.836,1,2,0,3,0.0,5.0,99.9,1963.6807,0.0,0,0.0,0.0
995.0,C,RUNNING,991.836,1,2,0,3,0.0,5.0,99.9,1962.6807,0.0,0,0.0,0.0
996.0,C,RUNNING,992.836,1,2,0,3,0.0,5.0,99.9,1961.6807,0.0,0,0.0,0.0
997.0,C,RUNNING,993.836,1,2,0,3,0.0,5.0,99.9,1960.6807,0.0,0,0.0,0.0
998.0,C,RUNNING,994.836,1,2,0,3,0.0,5.0,99.9,1959.6807,0.0,0,0.0,0.0
999.0,C,RUNNING,995.836,1,2,0,3,0.0,5.0,99.9,1958.6807,0.0,0,0.0,0.0
1000.0,C,RUNNING,996.836,1,2,0,3,0.0,5.0,99.9,1957.6807,0.0,0,0.0,0.0
1001.0,C,RUNNING,997.836,1,2,0,3,0.0,5.0,99.9,1956.6807,0.0,0,0.0,0.0
1002.0,C,RUNNING,998.836,1,2,0,3,0.0,5.0,99.9,1955.6807,0.0,0,0.0,0.0
1003.0,C,RUNNING,999.836,1,2,0,3,0.0,5.0,99.9,1954.6807,0.0,0,0.0,0.0
1004.0,C,RUNNING,1000.836,1,2,0,3,0.0,5.0,99.9,1953.6807,0.0,0,0.0,0.0
1005.0,C,RUNNING,1001.836,1,2,0,3,0.0,5.0,99.9,1952.6807,0.0,0,0.0,0.0
1006.0,C,RUNNING,1002.836,1,2,0,3,0.0,5.0,99.9,1951.6807,0.0,0,0.0,0.0
1007.0,C,RUNNING,1003.836,1,2,0,3,0.0,5.0,99.9,1950.6807,0.0,0,0.0,0.0
1008.0,C,RUNNING,1004.836,1,2,0,3,0.0,5.0,99.9,1949.6807,0.0,0,0.0,0.0
1009.0,C,RUNNING,1005.836,1,2,0,3,0.0,5.0,99.9,1948.6807,0.0,0,0.0,0.0
1010.0,C,RUNNING,1006.836,1,2,0,3,0.0,5.0,99.9,1947.6807,0.0,0,0.0,0.0
1011.0,C,RUNNING,1007.836,1,2,0,3,0.0,5.0,99.9,1946.6807,0.0,0,0.0,0.0
1012.0,C,RUNNING,1008.836,1,2,0,3,0.0,5.0,99.9,1945.6807,0.0,0,0.0,0.0
1013.0,C,RUNNING,1009.836,1,2,0,3,0.0,5.0,99.9,1944.6807,0.0,0,0.0,0.0
1014.0,C,RUNNING,1010.836,1,2,0,3,0.0,5.0,99.9,1943.6807,0.0,0,0.0,0.0
1015.0,C,RUNNING,1011.836,1,2,0,3,0.0,5.0,99.9,1942.6807,0.0,0,0.0,0.0
1016.0,C,RUNNING,1012.836,1,2,0,3,0.0,5.0,99.9,1941.6807,0.0,0,0.0,0.0
1017.0,C,RUNNING,1013.836,1,2,0,3,0.0,5.0,99.9,1940.6807,0.0,0,0.0,0.0
1018.0,C,RUNNING,1014.836,1,2,0,3,0.0,5.0,99.9,1939.6807,0.0,0,0.0,0.0
1019.0,C,RUNNING,1015.836,1,2,0,3,0.0,5.0,99.9,1938.6807,0.0,0,0.0,0.0
1020.0,C,RUNNING,1016.836,1,2,0,3,0.0,5.0,99.9,1937.6807,0.0,0,0.0,0.0
1021.0,C,RUNNING,1017.836,1,2,0,3,0.0,5.0,99.9,1936.6807,0.0,0,0.0,0.0
1022.0,C,RUNNING,1018.836,1,2,0,3,0.0,5.0,99.9,1935.6807,0.0,0,0.0,0.0
1023.0,C,RUNNING,1019.836,1,2,0,3,0.0,5.0,99.9,1934.6807,0.0,0,0.0,0.0
1024.0,C,RUNNING,1020.836,1,2,0,3,0.0,5.0,99.9,1933.6807,0.0,0,0.0,0.0
1025.0,C,RUNNING,1021.836,1,2,0,3,0.0,5.0,99.9,1932.6807,0.0,0,0.0,0.0
1026.0,C,RUNNING,1022.836,1,2,0,3,0.0,5.0,99.9,1931.6807,0.0,0,0.0,0.0
1027.0,C,RUNNING,1023.836,1,2,0,3,0.0,5.0,99.9,1930.6807,0.0,0,0.0,0.0
1028.0,C,RUNNING,1024.836,1,2,0,3,0.0,5.0,99.9,1929.6807,0.0,0,0.0,0.0
1029.0,C,RUNNING,1025.836,1,2,0,3,0.0,5.0,99.9,1928.6807,0.0,0,0.0,0.0
1030.0,C,RUNNING,1026.836,1,2,0,3,0.0,5.0,99.9,1927.6807,0.0,0,0.0,0.0
1031.0,C,RUNNING,1027.836,1,2,0,3,0.0,5.0,99.9,1926.6807,0.0,0,0.0,0.0
1032.0,C,RUNNING,1028.836,1,2,0,3,0.0,5.0,99.9,1925.6807,0.0,0,0.0,0.0
1033.0,C,RUNNING,1029.836,1,2,0,3,0.0,5.0,99.9,1924.6807,0.0,0,0.0,0.0
1034.0,C,RUNNING,1030.836,1,2,0,3,0.0,5.0,99.9,1923.6807,0.0,0,0.0,0.0
1035.0,C,RUNNING,1031.836,1,2,0,3,0.0,5.0,99.9,1922.6807,0.0,0,0.0,0.0
1036.0,C,RUNNING,1032.836,1,2,0,3,0.0,5.0,99.9,1921.6807,0.0,0,0.0,0.0
1037.0,C,RUNNING,1033.836,1,2,0,3,0.0,5.0,99.9,1920.6807,0.0,0,0.0,0.0
1038.0,C,RUNNING,1034.836,1,2,0,3,0.0,5.0,99.9,1919.6807,0.0,0,0.0,0.0
1039.0,C,RUNNING,1035.836,1,2,0,3,0.0,5.0,99.9,1918.6807,0.0,0,0.0,0.0
1040.0,C,RUNNING,1036.836,1,2,0,3,0.0,5.0,99.9,1917.6807,0.0,0,0.0,0.0
1041.0,C,RUNNING,1037.836,1,2,0,3,0.0,5.0,99.9,1916.6807,0.0,0,0.0,0.0
1042.0,C,RUNNING,1038.836,1,2,0,3,0.0,5.0,99.9,1915.6807,0.0,0,0.0,0.0
1043.0,C,RUNNING,1039.836,1,2,0,3,0.0,5.0,99.9,1914.6807,0.0,0,0.0,0.0
1044.0,C,RUNNING,1040.836,1,2,0,3,0.0,5.0,99.9,1913.6807,0.0,0,0.0,0.0
1045.0,C,RUNNING,1041.836,1,2,0,3,0.0,5.0,99.9,1912.6807,0.0,0,0.0,0.0
1046.0,C,RUNNING,1042.836,1,2,0,3,0.0,5.0,99.9,1911.6807,0.0,0,0.0,0.0
1047.0,C,RUNNING,1043.836,1,2,0,3,0.0,5.0,99.9,1910.6807,0.0,0,0.0,0.0
1048.0,C,RUNNING,1044.836,1,2,0,3,0.0,5.0,99.9,1909.6807,0.0,0,0.0,0.0
1049.0,C,RUNNING,1045.836,1,2,0,3,0.0,5.0,99.9,1908.6807,0.0,0,0.0,0.0
1050.0,C,RUNNING,1046.836,1,2,0,3,0.0,5.0,99.9,1907.6807,0.0,0,0.0,0.0
1051.0,C,RUNNING,1047.836,1,2,0,3,0.0,5.0,99.9,1906.6807,0.0,0,0.0,0.0
1052.0,C,RUNNING,1048.836,1,2,0,3,0.0,5.0,99.9,1905.6807,0.0,0,0.0,0.0
1053.0,C,RUNNING,1049.836,1,2,0,3,0.0,5.0,99.9,1904.6807,0.0,0,0.0,0.0
1054.0,C,RUNNING,1050.836,1,2,0,3,0.0,5.0,99.9,1903.6807,0.0,0,0.0,0.0
1055.0,C,RUNNING,1051.836,1,2,0,3,0.0,5.0,99.9,1902.6807,0.0,0,0.0,0.0
1056.0,C,RUNNING,1052.836,1,2,0,3,0.0,5.0,99.9,1901.6807,0.0,0,0.0,0.0
1057.0,C,RUNNING,1053.836,1,2,0,3,0.0,5.0,99.9,1900.6807,0.0,0,0.0,0.0
1058.0,C,RUNNING,1054.836,1,2,0,3,0.0,5.0,99.9,1899.6807,0.0,0,0.0,0.0
1059.0,C,RUNNING,1055.836,1,2,0,3,0.0,5.0,99.9,1898.6807,0.0,0,0.0,0.0
1060.0,C,RUNNING,1056.836,1,2,0,3,0.0,5.0,99.9,1897.6807,0.0,0,0.0,0.0
1061.0,C,RUNNING,1057.836,1,2,0,3,0.0,5.0,99.9,1896.6807,0.0,0,0.0,0.0
1062.0,C,RUNNING,1058.836,1,2,0,3,0.0,5.0,99.9,1895.6807,0.0,0,0.0,0.0
1063.0,C,RUNNING,1059.836,1,2,0,3,0.0,5.0,99.9,1894.6807,0.0,0,0.0,0.0
1064.0,C,RUNNING,1060.836,1,2,0,3,0.0,5.0,99.9,1893.6807,0.0,0,0.0,0.0
1065.0,C,RUNNING,1061.836,1,2,0,3,0.0,5.0,99.9,1892.6807,0.0,0,0.0,0.0
1066.0,C,RUNNING,1062.836,1,2,0,3,0.0,5.0,99.9,1891.6807,0.0,0,0.0,0.0
1067.0,C,RUNNING,1063.836,1,2,0,3,0.0,5.0,99.9,1890.6807,0.0,0,0.0,0.0
1068.0,C,RUNNING,1064.836,1,2,0,3,0.0,5.0,99.9,1889.6807,0.0,0,0.0,0.0
1069.0,C,RUNNING,1065.836,1,2,0,3,0.0,5.0,99.9,1888.6807,0.0,0,0.0,0.0
1070.0,C,RUNNING,1066.836,1,2,0,3,0.0,5.0,99.9,1887.6807,0.0,0,0.0,0.0
1071.0,C,RUNNING,1067.836,1,2,0,3,0.0,5.0,99.9,1886.6807,0.0,0,0.0,0.0
1072.0,C,RUNNING,1068.836,1,2,0,3,0.0,5.0,99.9,1885.6807,0.0,0,0.0,0.0
1073.0,C,RUNNING,1069.836,1,2,0,3,0.0,5.0,99.9,1884.6807,0.0,0,0.0,0.0
1074.0,C,RUNNING,1070.836,1,2,0,3,0.0,5.0,99.9,1883.6807,0.0,0,0.0,0.0
1075.0,C,RUNNING,1071.836,1,2,0,3,0.0,5.0,99.9,1882.6807,0.0,0,0.0,0.0
1076.0,C,RUNNING,1072.836,1,2,0,3,0.0,5.0,99.9,1881.6807,0.0,0,0.0,0.0
1077.0,C,RUNNING,1073.836,1,2,0,3,0.0,5.0,99.9,1880.6807,0.0,0,0.0,0.0
1078.0,C,RUNNING,1074.836,1,2,0,3,0.0,5.0,99.9,1879.6807,0.0,0,0.0,0.0
1079.0,C,RUNNING,1075.836,1,2,0,3,0.0,5.0,99.9,1878.6807,0.0,0,0.0,0.0
1080.0,C,RUNNING,1076.836,1,2,0,3,0.0,5.0,99.9,1877.6807,0.0,0,0.0,0.0
1081.0,C,RUNNING,1077.836,1,2,0,3,0.0,5.0,99.9,1876.6807,0.0,0,0.0,0.0
1082.0,C,RUNNING,1078.836,1,2,0,3,0.0,5.0,99.9,1875.6807,0.0,0,0.0,0.0
1083.0,C,RUNNING,1079.836,1,2,0,3,0.0,5.0,99.9,1874.6807,0.0,0,0.0,0.0
1084.0,C,RUNNING,1080.836,1,2,0,3,0.0,5.0,99.9,1873.6807,0.0,0,0.0,0.0
1085.0,C,RUNNING,1081.836,1,2,0,3,0.0,5.0,99.9,1872.6807,0.0,0,0.0,0.0
1086.0,C,RUNNING,1082.836,1,2,0,3,0.0,5.0,99.9,1871.6807,0.0,0,0.0,0.0
1087.0,C,RUNNING,1083.836,1,2,0,3,0.0,5.0,99.9,1870.6807,0.0,0,0.0,0.0
1088.0,C,RUNNING,1084.836,1,2,0,3,0.0,5.0,99.9,1869.6807,0.0,0,0.0,0.0
1089.0,C,RUNNING,1085.836,1,2,0,3,0.0,5.0,99.9,1868.6807,0.0,0,0.0,0.0
1090.0,C,RUNNING,1086.836,1,2,0,3,0.0,5.0,99.9,1867.6807,0.0,0,0.0,0.0
1091.0,C,RUNNING,1087.836,1,2,0,3,0.0,5.0,99.9,1866.6807,0.0,0,0.0,0.0
1092.0,C,RUNNING,1088.836,1,2,0,3,0.0,5.0,99.9,1865.6807,0.0,0,0.0,0.0
1093.0,C,RUNNING,1089.836,1,2,0,3,0.0,5.0,99.9,1864.6807,0.0,0,0.0,0.0
1094.0,C,RUNNING,1090.836,1,2,0,3,0.0,5.0,99.9,1863.6807,0.0,0,0.0,0.0
1095.0,C,RUNNING,1091.836,1,2,0,3,0.0,5.0,99.9,1862.6807,0.0,0,0.0,0.0
1096.0,C,RUNNING,1092.836,1,2,0,3,0.0,5.0,99.9,1861.6807,0.0,0,0.0,0.0
1097.0,C,RUNNING,1093.836,1,2,0,3,0.0,5.0,99.9,1860.6807,0.0,0,0.0,0.0
1098.0,C,RUNNING,1094.836,1,2,0,3,0.0,5.0,99.9,1859.6807,0.0,0,0.0,0.0
1099.0,C,RUNNING,1095.836,1,2,0,3,0.0,5.0,99.9,1858.6807,0.0,0,0.0,0.0
1100.0,C,RUNNING,1096.836,1,2,0,3,0.0,5.0,99.9,1857.6807,0.0,0,0.0,0.0
1101.0,C,RUNNING,1097.836,1,2,0,3,0.0,5.0,99.9,1856.6807,0.0,0,0.0,0.0
1102.0,C,RUNNING,1098.836,1,2,0,3,0.0,5.0,99.9,1855.6807,0.0,0,0.0,0.0
1103.0,C,RUNNING,1099.836,1,2,0,3,0.0,5.0,99.9,1854.6807,0.0,0,0.0,0.0
1104.0,C,RUNNING,1100.836,1,2,0,3,0.0,5.0,99.9,1853.6807,0.0,0,0.0,0.0
1105.0,C,RUNNING,1101.836,1,2,0,3,0.0,5.0,99.9,1852.6807,0.0,0,0.0,0.0
1106.0,C,RUNNING,1102.836,1,2,0,3,0.0,5.0,99.9,1851.6807,0.0,0,0.0,0.0
1107.0,C,RUNNING,1103.836,1,2,0,3,0.0,5.0,99.9,1850.6807,0.0,0,0.0,0.0
1108.0,C,RUNNING,1104.836,1,2,0,3,0.0,5.0,99.9,1849.6807,0.0,0,0.0,0.0
1109.0,C,RUNNING,1105.836,1,2,0,3,0.0,5.0,99.9,1848.6807,0.0,0,0.0,0.0
1110.0,C,RUNNING,1106.836,1,2,0,3,0.0,5.0,99.9,1847.6807,0.0,0,0.0,0.0
1111.0,C,RUNNING,1107.836,1,2,0,3,0.0,5.0,99.9,1846.6807,0.0,0,0.0,0.0
1112.0,C,RUNNING,1108.836,1,2,0,3,0.0,5.0,99.9,1845.6807,0.0,0,0.0,0.0
1113.0,C,RUNNING,1109.836,1,2,0,3,0.0,5.0,99.9,1844.6807,0.0,0,0.0,0.0
1114.0,C,RUNNING,1110.836,1,2,0,3,0.0,5.0,99.9,1843.6807,0.0,0,0.0,0.0
1115.0,C,RUNNING,1111.836,1,2,0,3,0.0,5.0,99.9,1842.6807,0.0,0,0.0,0.0
1116.0,C,RUNNING,1112.836,1,2,0,3,0.0,5.0,99.9,1841.6807,0.0,0,0.0,0.0
1117.0,C,RUNNING,1113.836,1,2,0,3,0.0,5.0,99.9,1840.6807,0.0,0,0.0,0.0
1118.0,C,RUNNING,1114.836,1,2,0,3,0.0,5.0,99.9,1839.6807,0.0,0,0.0,0.0
1119.0,C,RUNNING,1115.836,1,2,0,3,0.0,5.0,99.9,1838.6807,0.0,0,0.0,0.0
1120.0,C,RUNNING,1116.836,1,2,0,3,0.0,5.0,99.9,1837.6807,0.0,0,0.0,0.0
1121.0,C,RUNNING,1117.836,1,2,0,3,0.0,5.0,99.9,1836.6807,0.0,0,0.0,0.0
1122.0,C,RUNNING,1118.836,1,2,0,3,0.0,5.0,99.9,1835.6807,0.0,0,0.0,0.0
1123.0,C,RUNNING,1119.836,1,2,0,3,0.0,5.0,99.9,1834.6807,0.0,0,0.0,0.0
1124.0,C,RUNNING,1120.836,1,2,0,3,0.0,5.0,99.9,1833.6807,0.0,0,0.0,0.0
1125.0,C,RUNNING,1121.836,1,2,0,3,0.0,5.0,99.9,1832.6807,0.0,0,0.0,0.0
1126.0,C,RUNNING,1122.836,1,2,0,3,0.0,5.0,99.9,1831.6807,0.0,0,0.0,0.0
1127.0,C,RUNNING,1123.836,1,2,0,3,0.0,5.0,99.9,1830.6807,0.0,0,0.0,0.0
1128.0,C,RUNNING,1124.836,1,2,0,3,0.0,5.0,99.9,1829.6807,0.0,0,0.0,0.0
1129.0,C,RUNNING,1125.836,1,2,0,3,0.0,5.0,99.9,1828.6807,0.0,0,0.0,0.0
1130.0,C,RUNNING,1126.836,1,2,0,3,0.0,5.0,99.9,1827.6807,0.0,0,0.0,0.0
1131.0,C,RUNNING,1127.836,1,2,0,3,0.0,5.0,99.9,1826.6807,0.0,0,0.0,0.0
1132.0,C,RUNNING,1128.836,1,2,0,3,0.0,5.0,99.9,1825.6807,0.0,0,0.0,0.0
1133.0,C,RUNNING,1129.836,1,2,0,3,0.0,5.0,99.9,1824.6807,0.0,0,0.0,0.0
1134.0,C,RUNNING,1130.836,1,2,0,3,0.0,5.0,99.9,1823.6807,0.0,0,0.0,0.0
1135.0,C,RUNNING,1131.836,1,2,0,3,0.0,5.0,99.9,1822.6807,0.0,0,0.0,0.0
1136.0,C,RUNNING,1132.836,1,2,0,3,0.0,5.0,99.9,1821.6807,0.0,0,0.0,0.0
1137.0,C,RUNNING,1133.836,1,2,0,3,0.0,5.0,99.9,1820.6807,0.0,0,0.0,0.0
1138.0,C,RUNNING,1134.836,1,2,0,3,0.0,5.0,99.9,1819.6807,0.0,0,0.0,0.0
1139.0,C,RUNNING,1135.836,1,2,0,3,0.0,5.0,99.9,1818.6807,0.0,0,0.0,0.0
1140.0,C,RUNNING,1136.836,1,2,0,3,0.0,5.0,99.9,1817.6807,0.0,0,0.0,0.0
1141.0,C,RUNNING,1137.836,1,2,0,3,0.0,5.0,99.9,1816.6807,0.0,0,0.0,0.0
1142.0,C,RUNNING,1138.836,1,2,0,3,0.0,5.0,99.9,1815.6807,0.0,0,0.0,0.0
1143.0,C,RUNNING,1139.836,1,2,0,3,0.0,5.0,99.9,1814.6807,0.0,0,0.0,0.0
1144.0,C,RUNNING,1140.836,1,2,0,3,0.0,5.0,99.9,1813.6807,0.0,0,0.0,0.0
1145.0,C,RUNNING,1141.836,1,2,0,3,0.0,5.0,99.9,1812.6807,0.0,0,0.0,0.0
1146.0,C,RUNNING,1142.836,1,2,0,3,0.0,5.0,99.9,1811.6807,0.0,0,0.0,0.0
1147.0,C,RUNNING,1143.836,1,2,0,3,0.0,5.0,99.9,1810.6807,0.0,0,0.0,0.0
1148.0,C,RUNNING,1144.836,1,2,0,3,0.0,5.0,99.9,1809.6807,0.0,0,0.0,0.0
1149.0,C,RUNNING,1145.836,1,2,0,3,0.0,5.0,99.9,1808.6807,0.0,0,0.0,0.0
1150.0,C,RUNNING,1146.836,1,2,0,3,0.0,5.0,99.9,1807.6807,0.0,0,0.0,0.0
1151.0,C,RUNNING,1147.836,1,2,0,3,0.0,5.0,99.9,1806.6807,0.0,0,0.0,0.0
1152.0,C,RUNNING,1148.836,1,2,0,3,0.0,5.0,99.9,1805.6807,0.0,0,0.0,0.0
1153.0,C,RUNNING,1149.836,1,2,0,3,0.0,5.0,99.9,1804.6807,0.0,0,0.0,0.0
1154.0,C,RUNNING,1150.836,1,2,0,3,0.0,5.0,99.9,1803.6807,0.0,0,0.0,0.0
1155.0,C,RUNNING,1151.836,1,2,0,3,0.0,5.0,99.9,1802.6807,0.0,0,0.0,0.0
1156.0,C,RUNNING,1152.836,1,2,0,3,0.0,5.0,99.9,1801.6807,0.0,0,0.0,0.0
1157.0,C,RUNNING,1153.836,1,2,0,3,0.0,5.0,99.9,1800.6807,0.0,0,0.0,0.0
1158.0,C,RUNNING,1154.836,1,2,0,3,0.0,5.0,99.9,1799.6807,0.0,0,0.0,0.0
1159.0,C,RUNNING,1155.836,1,2,0,3,0.0,5.0,99.9,1798.6807,0.0,0,0.0,0.0
1160.0,C,RUNNING,1156.836,1,2,0,3,0.0,5.0,99.9,1797.6807,0.0,0,0.0,0.0
1161.0,C,RUNNING,1157.836,1,2,0,3,0.0,5.0,99.9,1796.6807,0.0,0,0.0,0.0
1162.0,C,RUNNING,1158.836,1,2,0,3,0.0,5.0,99.9,1795.6807,0.0,0,0.0,0.0
1163.0,C,RUNNING,1159.836,1,2,0,3,0.0,5.0,99.9,1794.6807,0.0,0,0.0,0.0
1164.0,C,RUNNING,1160.836,1,2,0,3,0.0,5.0,99.9,1793.6807,0.0,0,0.0,0.0
1165.0,C,RUNNING,1161.836,1,2,0,3,0.0,5.0,99.9,1792.6807,0.0,0,0.0,0.0
1166.0,C,RUNNING,1162.836,1,2,0,3,0.0,5.0,99.9,1791.6807,0.0,0,0.0,0.0
1167.0,C,RUNNING,1163.836,1,2,0,3,0.0,5.0,99.9,1790.6807,0.0,0,0.0,0.0
1168.0,C,RUNNING,1164.836,1,2,0,3,0.0,5.0,99.9,1789.6807,0.0,0,0.0,0.0
1169.0,C,RUNNING,1165.836,1,2,0,3,0.0,5.0,99.9,1788.6807,0.0,0,0.0,0.0
1170.0,C,RUNNING,1166.836,1,2,0,3,0.0,5.0,99.9,1787.6807,0.0,0,0.0,0.0
1171.0,C,RUNNING,1167.836,1,2,0,3,0.0,5.0,99.9,1786.6807,0.0,0,0.0,0.0
1172.0,C,RUNNING,1168.836,1,2,0,3,0.0,5.0,99.9,1785.6807,0.0,0,0.0,0.0
1173.0,C,RUNNING,1169.836,1,2,0,3,0.0,5.0,99.9,1784.6807,0.0,0,0.0,0.0
1174.0,C,RUNNING,1170.836,1,2,0,3,0.0,5.0,99.9,1783.6807,0.0,0,0.0,0.0
1175.0,C,RUNNING,1171.836,1,2,0,3,0.0,5.0,99.9,1782.6807,0.0,0,0.0,0.0
1176.0,C,RUNNING,1172.836,1,2,0,3,0.0,5.0,99.9,1781.6807,0.0,0,0.0,0.0
1177.0,C,RUNNING,1173.836,1,2,0,3,0.0,5.0,99.9,1780.6807,0.0,0,0.0,0.0
1178.0,C,RUNNING,1174.836,1,2,0,3,0.0,5.0,99.9,1779.6807,0.0,0,0.0,0.0
1179.0,C,RUNNING,1175.836,1,2,0,3,0.0,5.0,99.9,1778.6807,0.0,0,0.0,0.0
1180.0,C,RUNNING,1176.836,1,2,0,3,0.0,5.0,99.9,1777.6807,0.0,0,0.0,0.0
1181.0,C,RUNNING,1177.836,1,2,0,3,0.0,5.0,99.9,1776.6807,0.0,0,0.0,0.0
1182.0,C,RUNNING,1178.836,1,2,0,3,0.0,5.0,99.9,1775.6807,0.0,0,0.0,0.0
1183.0,C,RUNNING,1179.836,1,2,0,3,0.0,5.0,99.9,1774.6807,0.0,0,0.0,0.0
1184.0,C,RUNNING,1180.836,1,2,0,3,0.0,5.0,99.9,1773.6807,0.0,0,0.0,0.0
1185.0,C,RUNNING,1181.836,1,2,0,3,0.0,5.0,99.9,1772.6807,0.0,0,0.0,0.0
1186.0,C,RUNNING,1182.836,1,2,0,3,0.0,5.0,99.9,1771.6807,0.0,0,0.0,0.0
1187.0,C,RUNNING,1183.836,1,2,0,3,0.0,5.0,99.9,1770.6807,0.0,0,0.0,0.0
1188.0,C,RUNNING,1184.836,1,2,0,3,0.0,5.0,99.9,1769.6807,0.0,0,0.0,0.0
1189.0,C,RUNNING,1185.836,1,2,0,3,0.0,5.0,99.9,1768.6807,0.0,0,0.0,0.0
1190.0,C,RUNNING,1186.836,1,2,0,3,0.0,5.0,99.9,1767.6807,0.0,0,0.0,0.0
1191.0,C,RUNNING,1187.836,1,2,0,3,0.0,5.0,99.9,1766.6807,0.0,0,0.0,0.0
1192.0,C,RUNNING,1188.836,1,2,0,3,0.0,5.0,99.9,1765.6807,0.0,0,0.0,0.0
1193.0,C,RUNNING,1189.836,1,2,0,3,0.0,5.0,99.9,1764.6807,0.0,0,0.0,0.0
1194.0,C,RUNNING,1190.836,1,2,0,3,0.0,5.0,99.9,1763.6807,0.0,0,0.0,0.0
1195.0,C,RUNNING,1191.836,1,2,0,3,0.0,5.0,99.9,1762.6807,0.0,0,0.0,0.0
1196.0,C,RUNNING,1192.836,1,2,0,3,0.0,5.0,99.9,1761.6807,0.0,0,0.0,0.0
1197.0,C,RUNNING,1193.836,1,2,0,3,0.0,5.0,99.9,1760.6807,0.0,0,0.0,0.0
1198.0,C,RUNNING,1194.836,1,2,0,3,0.0,5.0,99.9,1759.6807,0.0,0,0.0,0.0
1199.0,C,RUNNING,1195.836,1,2,0,3,0.0,5.0,99.9,1758.6807,0.0,0,0.0,0.0
1200.0,C,RUNNING,1196.836,1,2,0,3,0.0,5.0,99.9,1757.6807,0.0,0,0.0,0.0
1201.0,C,RUNNING,1197.836,1,2,0,3,0.0,5.0,99.9,1756.6807,0.0,0,0.0,0.0
1202.0,C,RUNNING,1198.836,1,2,0,3,0.0,5.0,99.9,1755.6807,0.0,0,0.0,0.0
1203.0,C,RUNNING,1199.836,1,2,0,3,0.0,5.0,99.9,1754.6807,0.0,0,0.0,0.0
1204.0,C,RUNNING,1200.836,1,2,0,3,0.0,5.0,99.9,1753.6807,0.0,0,0.0,0.0
1205.0,C,RUNNING,1201.836,1,2,0,3,0.0,5.0,99.9,1752.6807,0.0,0,0.0,0.0
1206.0,C,RUNNING,1202.836,1,2,0,3,0.0,5.0,99.9,1751.6807,0.0,0,0.0,0.0
1207.0,C,RUNNING,1203.836,1,2,0,3,0.0,5.0,99.9,1750.6807,0.0,0,0.0,0.0
1208.0,C,RUNNING,1204.836,1,2,0,3,0.0,5.0,99.9,1749.6807,0.0,0,0.0,0.0
1209.0,C,RUNNING,1205.836,1,2,0,3,0.0,5.0,99.9,1748.6807,0.0,0,0.0,0.0
1210.0,C,RUNNING,1206.836,1,2,0,3,0.0,5.0,99.9,1747.6807,0.0,0,0.0,0.0
1211.0,C,RUNNING,1207.836,1,2,0,3,0.0,5.0,99.9,1746.6807,0.0,0,0.0,0.0
1212.0,C,RUNNING,1208.836,1,2,0,3,0.0,5.0,99.9,1745.6807,0.0,0,0.0,0.0
1213.0,C,RUNNING,1209.836,1,2,0,3,0.0,5.0,99.9,1744.6807,0.0,0,0.0,0.0
1214.0,C,RUNNING,1210.836,1,2,0,3,0.0,5.0,99.9,1743.6807,0.0,0,0.0,0.0
1215.0,C,RUNNING,1211.836,1,2,0,3,0.0,5.0,99.9,1742.6807,0.0,0,0.0,0.0
1216.0,C,RUNNING,1212.836,1,2,0,3,0.0,5.0,99.9,1741.6807,0.0,0,0.0,0.0
1217.0,C,RUNNING,1213.836,1,2,0,3,0.0,5.0,99.9,1740.6807,0.0,0,0.0,0.0
1218.0,C,RUNNING,1214.836,1,2,0,3,0.0,5.0,99.9,1739.6807,0.0,0,0.0,0.0
1219.0,C,RUNNING,1215.836,1,2,0,3,0.0,5.0,99.9,1738.6807,0.0,0,0.0,0.0
1220.0,C,RUNNING,1216.836,1,2,0,3,0.0,5.0,99.9,1737.6807,0.0,0,0.0,0.0
1221.0,C,RUNNING,1217.836,1,2,0,3,0.0,5.0,99.9,1736.6807,0.0,0,0.0,0.0
1222.0,C,RUNNING,1218.836,1,2,0,3,0.0,5.0,99.9,1735.6807,0.0,0,0.0,0.0
1223.0,C,RUNNING,1219.836,1,2,0,3,0.0,5.0,99.9,1734.6807,0.0,0,0.0,0.0
1224.0,C,RUNNING,1220.836,1,2,0,3,0.0,5.0,99.9,1733.6807,0.0,0,0.0,0.0
1225.0,C,RUNNING,1221.836,1,2,0,3,0.0,5.0,99.9,1732.6807,0.0,0,0.0,0.0
1226.0,C,RUNNING,1222.836,1,2,0,3,0.0,5.0,99.9,1731.6807,0.0,0,0.0,0.0
1227.0,C,RUNNING,1223.836,1,2,0,3,0.0,5.0,99.9,1730.6807,0.0,0,0.0,0.0
1228.0,C,RUNNING,1224.836,1,2,0,3,0.0,5.0,99.9,1729.6807,0.0,0,0.0,0.0
1229.0,C,RUNNING,1225.836,1,2,0,3,0.0,5.0,99.9,1728.6807,0.0,0,0.0,0.0
1230.0,C,RUNNING,1226.836,1,2,0,3,0.0,5.0,99.9,1727.6807,0.0,0,0.0,0.0
1231.0,C,RUNNING,1227.836,1,2,0,3,0.0,5.0,99.9,1726.6807,0.0,0,0.0,0.0
1232.0,C,RUNNING,1228.836,1,2,0,3,0.0,5.0,99.9,1725.6807,0.0,0,0.0,0.0
1233.0,C,RUNNING,1229.836,1,2,0,3,0.0,5.0,99.9,1724.6807,0.0,0,0.0,0.0
1234.0,C,RUNNING,1230.836,1,2,0,3,0.0,5.0,99.9,1723.6807,0.0,0,0.0,0.0
1235.0,C,RUNNING,1231.836,1,2,0,3,0.0,5.0,99.9,1722.6807,0.0,0,0.0,0.0
1236.0,C,RUNNING,1232.836,1,2,0,3,0.0,5.0,99.9,1721.6807,0.0,0,0.0,0.0
1237.0,C,RUNNING,1233.836,1,2,0,3,0.0,5.0,99.9,1720.6807,0.0,0,0.0,0.0
1238.0,C,RUNNING,1234.836,1,2,0,3,0.0,5.0,99.9,1719.6807,0.0,0,0.0,0.0
1239.0,C,RUNNING,1235.836,1,2,0,3,0.0,5.0,99.9,1718.6807,0.0,0,0.0,0.0
1240.0,C,RUNNING,1236.836,1,2,0,3,0.0,5.0,99.9,1717.6807,0.0,0,0.0,0.0
1241.0,C,RUNNING,1237.836,1,2,0,3,0.0,5.0,99.9,1716.6807,0.0,0,0.0,0.0
1242.0,C,RUNNING,1238.836,1,2,0,3,0.0,5.0,99.9,1715.6807,0.0,0,0.0,0.0
1243.0,C,RUNNING,1239.836,1,2,0,3,0.0,5.0,99.9,1714.6807,0.0,0,0.0,0.0
1244.0,C,RUNNING,1240.836,1,2,0,3,0.0,5.0,99.9,1713.6807,0.0,0,0.0,0.0
1245.0,C,RUNNING,1241.836,1,2,0,3,0.0,5.0,99.9,1712.6807,0.0,0,0.0,0.0
1246.0,C,RUNNING,1242.836,1,2,0,3,0.0,5.0,99.9,1711.6807,0.0,0,0.0,0.0
1247.0,C,RUNNING,1243.836,1,2,0,3,0.0,5.0,99.9,1710.6807,0.0,0,0.0,0.0
1248.0,C,RUNNING,1244.836,1,2,0,3,0.0,5.0,99.9,1709.6807,0.0,0,0.0,0.0
1249.0,C,RUNNING,1245.836,1,2,0,3,0.0,5.0,99.9,1708.6807,0.0,0,0.0,0.0
1250.0,C,RUNNING,1246.836,1,2,0,3,0.0,5.0,99.9,1707.6807,0.0,0,0.0,0.0
1251.0,C,RUNNING,1247.836,1,2,0,3,0.0,5.0,99.9,1706.6807,0.0,0,0.0,0.0
1252.0,C,RUNNING,1248.836,1,2,0,3,0.0,5.0,99.9,1705.6807,0.0,0,0.0,0.0
1253.0,C,RUNNING,1249.836,1,2,0,3,0.0,5.0,99.9,1704.6807,0.0,0,0.0,0.0
1254.0,C,RUNNING,1250.836,1,2,0,3,0.0,5.0,99.9,1703.6807,0.0,0,0.0,0.0
1255.0,C,RUNNING,1251.836,1,2,0,3,0.0,5.0,99.9,1702.6807,0.0,0,0.0,0.0
1256.0,C,RUNNING,1252.836,1,2,0,3,0.0,5.0,99.9,1701.6807,0.0,0,0.0,0.0
1257.0,C,RUNNING,1253.836,1,2,0,3,0.0,5.0,99.9,1700.6807,0.0,0,0.0,0.0
1258.0,C,RUNNING,1254.836,1,2,0,3,0.0,5.0,99.9,1699.6807,0.0,0,0.0,0.0
1259.0,C,RUNNING,1255.836,1,2,0,3,0.0,5.0,99.9,1698.6807,0.0,0,0.0,0.0
1260.0,C,RUNNING,1256.836,1,2,0,3,0.0,5.0,99.9,1697.6807,0.0,0,0.0,0.0
1261.0,C,RUNNING,1257.836,1,2,0,3,0.0,5.0,99.9,1696.6807,0.0,0,0.0,0.0
1262.0,C,RUNNING,1258.836,1,2,0,3,0.0,5.0,99.9,1695.6807,0.0,0,0.0,0.0
1263.0,C,RUNNING,1259.836,1,2,0,3,0.0,5.0,99.9,1694.6807,0.0,0,0.0,0.0
1264.0,C,RUNNING,1260.836,1,2,0,3,0.0,5.0,99.9,1693.6807,0.0,0,0.0,0.0
1265.0,C,RUNNING,1261.836,1,2,0,3,0.0,5.0,99.9,1692.6807,0.0,0,0.0,0.0
1266.0,C,RUNNING,1262.836,1,2,0,3,0.0,5.0,99.9,1691.6807,0.0,0,0.0,0.0
1267.0,C,RUNNING,1263.836,1,2,0,3,0.0,5.0,99.9,1690.6807,0.0,0,0.0,0.0
1268.0,C,RUNNING,1264.836,1,2,0,3,0.0,5.0,99.9,1689.6807,0.0,0,0.0,0.0
1269.0,C,RUNNING,1265.836,1,2,0,3,0.0,5.0,99.9,1688.6807,0.0,0,0.0,0.0
1270.0,C,RUNNING,1266.836,1,2,0,3,0.0,5.0,99.9,1687.6807,0.0,0,0.0,0.0
1271.0,C,RUNNING,1267.836,1,2,0,3,0.0,5.0,99.9,1686.6807,0.0,0,0.0,0.0
1272.0,C,RUNNING,1268.836,1,2,0,3,0.0,5.0,99.9,1685.6807,0.0,0,0.0,0.0
1273.0,C,RUNNING,1269.836,1,2,0,3,0.0,5.0,99.9,1684.6807,0.0,0,0.0,0.0
1274.0,C,RUNNING,1270.836,1,2,0,3,0.0,5.0,99.9,1683.6807,0.0,0,0.0,0.0
1275.0,C,RUNNING,1271.836,1,2,0,3,0.0,5.0,99.9,1682.6807,0.0,0,0.0,0.0
1276.0,C,RUNNING,1272.836,1,2,0,3,0.0,5.0,99.9,1681.6807,0.0,0,0.0,0.0
1277.0,C,RUNNING,1273.836,1,2,0,3,0.0,5.0,99.9,1680.6807,0.0,0,0.0,0.0
1278.0,C,RUNNING,1274.836,1,2,0,3,0.0,5.0,99.9,1679.6807,0.0,0,0.0,0.0
1279.0,C,RUNNING,1275.836,1,2,0,3,0.0,5.0,99.9,1678.6807,0.0,0,0.0,0.0
1280.0,C,RUNNING,1276.836,1,2,0,3,0.0,5.0,99.9,1677.6807,0.0,0,0.0,0.0
1281.0,C,RUNNING,1277.836,1,2,0,3,0.0,5.0,99.9,1676.6807,0.0,0,0.0,0.0
1282.0,C,RUNNING,1278.836,1,2,0,3,0.0,5.0,99.9,1675.6807,0.0,0,0.0,0.0
1283.0,C,RUNNING,1279.836,1,2,0,3,0.0,5.0,99.9,1674.6807,0.0,0,0.0,0.0
1284.0,C,RUNNING,1280.836,1,2,0,3,0.0,5.0,99.9,1673.6807,0.0,0,0.0,0.0
1285.0,C,RUNNING,1281.836,1,2,0,3,0.0,5.0,99.9,1672.6807,0.0,0,0.0,0.0
1286.0,C,RUNNING,1282.836,1,2,0,3,0.0,5.0,99.9,1671.6807,0.0,0,0.0,0.0
1287.0,C,RUNNING,1283.836,1,2,0,3,0.0,5.0,99.9,1670.6807,0.0,0,0.0,0.0
1288.0,C,RUNNING,1284.836,1,2,0,3,0.0,5.0,99.9,1669.6807,0.0,0,0.0,0.0
1289.0,C,RUNNING,1285.836,1,2,0,3,0.0,5.0,99.9,1668.6807,0.0,0,0.0,0.0
1290.0,C,RUNNING,1286.836,1,2,0,3,0.0,5.0,99.9,1667.6807,0.0,0,0.0,0.0
1291.0,C,RUNNING,1287.836,1,2,0,3,0.0,5.0,99.9,1666.6807,0.0,0,0.0,0.0
1292.0,C,RUNNING,1288.836,1,2,0,3,0.0,5.0,99.9,1665.6807,0.0,0,0.0,0.0
1293.0,C,RUNNING,1289.836,1,2,0,3,0.0,5.0,99.9,1664.6807,0.0,0,0.0,0.0
1294.0,C,RUNNING,1290.836,1,2,0,3,0.0,5.0,99.9,1663.6807,0.0,0,0.0,0.0
1295.0,C,RUNNING,1291.836,1,2,0,3,0.0,5.0,99.9,1662.6807,0.0,0,0.0,0.0
1296.0,C,RUNNING,1292.836,1,2,0,3,0.0,5.0,99.9,1661.6807,0.0,0,0.0,0.0
1297.0,C,RUNNING,1293.836,1,2,0,3,0.0,5.0,99.9,1660.6807,0.0,0,0.0,0.0
1298.0,C,RUNNING,1294.836,1,2,0,3,0.0,5.0,99.9,1659.6807,0.0,0,0.0,0.0
1299.0,C,RUNNING,1295.836,1,2,0,3,0.0,5.0,99.9,1658.6807,0.0,0,0.0,0.0
1300.0,C,RUNNING,1296.836,1,2,0,3,0.0,5.0,99.9,1657.6807,0.0,0,0.0,0.0
1301.0,C,RUNNING,1297.836,1,2,0,3,0.0,5.0,99.9,1656.6807,0.0,0,0.0,0.0
1302.0,C,RUNNING,1298.836,1,2,0,3,0.0,5.0,99.9,1655.6807,0.0,0,0.0,0.0
1303.0,C,RUNNING,1299.836,1,2,0,3,0.0,5.0,99.9,1654.6807,0.0,0,0.0,0.0
1304.0,C,RUNNING,1300.836,1,2,0,3,0.0,5.0,99.9,1653.6807,0.0,0,0.0,0.0
1305.0,C,RUNNING,1301.836,1,2,0,3,0.0,5.0,99.9,1652.6807,0.0,0,0.0,0.0
1306.0,C,RUNNING,1302.836,1,2,0,3,0.0,5.0,99.9,1651.6807,0.0,0,0.0,0.0
1307.0,C,RUNNING,1303.836,1,2,0,3,0.0,5.0,99.9,1650.6807,0.0,0,0.0,0.0
1308.0,C,RUNNING,1304.836,1,2,0,3,0.0,5.0,99.9,1649.6807,0.0,0,0.0,0.0
1309.0,C,RUNNING,1305.836,1,2,0,3,0.0,5.0,99.9,1648.6807,0.0,0,0.0,0.0
1310.0,C,RUNNING,1306.836,1,2,0,3,0.0,5.0,99.9,1647.6807,0.0,0,0.0,0.0
1311.0,C,RUNNING,1307.836,1,2,0,3,0.0,5.0,99.9,1646.6807,0.0,0,0.0,0.0
1312.0,C,RUNNING,1308.836,1,2,0,3,0.0,5.0,99.9,1645.6807,0.0,0,0.0,0.0
1313.0,C,RUNNING,1309.836,1,2,0,3,0.0,5.0,99.9,1644.6807,0.0,0,0.0,0.0
1314.0,C,RUNNING,1310.836,1,2,0,3,0.0,5.0,99.9,1643.6807,0.0,0,0.0,0.0
1315.0,C,RUNNING,1311.836,1,2,0,3,0.0,5.0,99.9,1642.6807,0.0,0,0.0,0.0
1316.0,C,RUNNING,1312.836,1,2,0,3,0.0,5.0,99.9,1641.6807,0.0,0,0.0,0.0
1317.0,C,RUNNING,1313.836,1,2,0,3,0.0,5.0,99.9,1640.6807,0.0,0,0.0,0.0
1318.0,C,RUNNING,1314.836,1,2,0,3,0.0,5.0,99.9,1639.6807,0.0,0,0.0,0.0
1319.0,C,RUNNING,1315.836,1,2,0,3,0.0,5.0,99.9,1638.6807,0.0,0,0.0,0.0
1320.0,C,RUNNING,1316.836,1,2,0,3,0.0,5.0,99.9,1637.6807,0.0,0,0.0,0.0
1321.0,C,RUNNING,1317.836,1,2,0,3,0.0,5.0,99.9,1636.6807,0.0,0,0.0,0.0
1322.0,C,RUNNING,1318.836,1,2,0,3,0.0,5.0,99.9,1635.6807,0.0,0,0.0,0.0
1323.0,C,RUNNING,1319.836,1,2,0,3,0.0,5.0,99.9,1634.6807,0.0,0,0.0,0.0
1324.0,C,RUNNING,1320.836,1,2,0,3,0.0,5.0,99.9,1633.6807,0.0,0,0.0,0.0
1325.0,C,RUNNING,1321.836,1,2,0,3,0.0,5.0,99.9,1632.6807,0.0,0,0.0,0.0
1326.0,C,RUNNING,1322.836,1,2,0,3,0.0,5.0,99.9,1631.6807,0.0,0,0.0,0.0
1327.0,C,RUNNING,1323.836,1,2,0,3,0.0,5.0,99.9,1630.6807,0.0,0,0.0,0.0
1328.0,C,RUNNING,1324.836,1,2,0,3,0.0,5.0,99.9,1629.6807,0.0,0,0.0,0.0
1329.0,C,RUNNING,1325.836,1,2,0,3,0.0,5.0,99.9,1628.6807,0.0,0,0.0,0.0
1330.0,C,RUNNING,1326.836,1,2,0,3,0.0,5.0,99.9,1627.6807,0.0,0,0.0,0.0
1331.0,C,RUNNING,1327.836,1,2,0,3,0.0,5.0,99.9,1626.6807,0.0,0,0.0,0.0
1332.0,C,RUNNING,1328.836,1,2,0,3,0.0,5.0,99.9,1625.6807,0.0,0,0.0,0.0
1333.0,C,RUNNING,1329.836,1,2,0,3,0.0,5.0,99.9,1624.6807,0.0,0,0.0,0.0
1334.0,C,RUNNING,1330.836,1,2,0,3,0.0,5.0,99.9,1623.6807,0.0,0,0.0,0.0
1335.0,C,RUNNING,1331.836,1,2,0,3,0.0,5.0,99.9,1622.6807,0.0,0,0.0,0.0
1336.0,C,RUNNING,1332.836,1,2,0,3,0.0,5.0,99.9,1621.6807,0.0,0,0.0,0.0
1337.0,C,RUNNING,1333.836,1,2,0,3,0.0,5.0,99.9,1620.6807,0.0,0,0.0,0.0
1338.0,C,RUNNING,1334.836,1,2,0,3,0.0,5.0,99.9,1619.6807,0.0,0,0.0,0.0
1339.0,C,RUNNING,1335.836,1,2,0,3,0.0,5.0,99.9,1618.6807,0.0,0,0.0,0.0
1340.0,C,RUNNING,1336.836,1,2,0,3,0.0,5.0,99.9,1617.6807,0.0,0,0.0,0.0
1341.0,C,RUNNING,1337.836,1,2,0,3,0.0,5.0,99.9,1616.6807,0.0,0,0.0,0.0
1342.0,C,RUNNING,1338.836,1,2,0,3,0.0,5.0,99.9,1615.6807,0.0,0,0.0,0.0
1343.0,C,RUNNING,1339.836,1,2,0,3,0.0,5.0,99.9,1614.6807,0.0,0,0.0,0.0
1344.0,C,RUNNING,1340.836,1,2,0,3,0.0,5.0,99.9,1613.6807,0.0,0,0.0,0.0
1345.0,C,RUNNING,1341.836,1,2,0,3,0.0,5.0,99.9,1612.6807,0.0,0,0.0,0.0
1346.0,C,RUNNING,1342.836,1,2,0,3,0.0,5.0,99.9,1611.6807,0.0,0,0.0,0.0
1347.0,C,RUNNING,1343.836,1,2,0,3,0.0,5.0,99.9,1610.6807,0.0,0,0.0,0.0
1348.0,C,RUNNING,1344.836,1,2,0,3,0.0,5.0,99.9,1609.6807,0.0,0,0.0,0.0
1349.0,C,RUNNING,1345.836,1,2,0,3,0.0,5.0,99.9,1608.6807,0.0,0,0.0,0.0
1350.0,C,RUNNING,1346.836,1,2,0,3,0.0,5.0,99.9,1607.6807,0.0,0,0.0,0.0
1351.0,C,RUNNING,1347.836,1,2,0,3,0.0,5.0,99.9,1606.6807,0.0,0,0.0,0.0
1352.0,C,RUNNING,1348.836,1,2,0,3,0.0,5.0,99.9,1605.6807,0.0,0,0.0,0.0
1353.0,C,RUNNING,1349.836,1,2,0,3,0.0,5.0,99.9,1604.6807,0.0,0,0.0,0.0
1354.0,C,RUNNING,1350.836,1,2,0,3,0.0,5.0,99.9,1603.6807,0.0,0,0.0,0.0
1355.0,C,RUNNING,1351.836,1,2,0,3,0.0,5.0,99.9,1602.6807,0.0,0,0.0,0.0
1356.0,C,RUNNING,1352.836,1,2,0,3,0.0,5.0,99.9,1601.6807,0.0,0,0.0,0.0
1357.0,C,RUNNING,1353.836,1,2,0,3,0.0,5.0,99.9,1600.6807,0.0,0,0.0,0.0
1358.0,C,RUNNING,1354.836,1,2,0,3,0.0,5.0,99.9,1599.6807,0.0,0,0.0,0.0
1359.0,C,RUNNING,1355.836,1,2,0,3,0.0,5.0,99.9,1598.6807,0.0,0,0.0,0.0
1360.0,C,RUNNING,1356.836,1,2,0,3,0.0,5.0,99.9,1597.6807,0.0,0,0.0,0.0
1361.0,C,RUNNING,1357.836,1,2,0,3,0.0,5.0,99.9,1596.6807,0.0,0,0.0,0.0
1362.0,C,RUNNING,1358.836,1,2,0,3,0.0,5.0,99.9,1595.6807,0.0,0,0.0,0.0
1363.0,C,RUNNING,1359.836,1,2,0,3,0.0,5.0,99.9,1594.6807,0.0,0,0.0,0.0
1364.0,C,RUNNING,1360.836,1,2,0,3,0.0,5.0,99.9,1593.6807,0.0,0,0.0,0.0
1365.0,C,RUNNING,1361.836,1,2,0,3,0.0,5.0,99.9,1592.6807,0.0,0,0.0,0.0
1366.0,C,RUNNING,1362.836,1,2,0,3,0.0,5.0,99.9,1591.6807,0.0,0,0.0,0.0
1367.0,C,RUNNING,1363.836,1,2,0,3,0.0,5.0,99.9,1590.6807,0.0,0,0.0,0.0
1368.0,C,RUNNING,1364.836,1,2,0,3,0.0,5.0,99.9,1589.6807,0.0,0,0.0,0.0
1369.0,C,RUNNING,1365.836,1,2,0,3,0.0,5.0,99.9,1588.6807,0.0,0,0.0,0.0
1370.0,C,RUNNING,1366.836,1,2,0,3,0.0,5.0,99.9,1587.6807,0.0,0,0.0,0.0
1371.0,C,RUNNING,1367.836,1,2,0,3,0.0,5.0,99.9,1586.6807,0.0,0,0.0,0.0
1372.0,C,RUNNING,1368.836,1,2,0,3,0.0,5.0,99.9,1585.6807,0.0,0,0.0,0.0
1373.0,C,RUNNING,1369.836,1,2,0,3,0.0,5.0,99.9,1584.6807,0.0,0,0.0,0.0
1374.0,C,RUNNING,1370.836,1,2,0,3,0.0,5.0,99.9,1583.6807,0.0,0,0.0,0.0
1375.0,C,RUNNING,1371.836,1,2,0,3,0.0,5.0,99.9,1582.6807,0.0,0,0.0,0.0
1376.0,C,RUNNING,1372.836,1,2,0,3,0.0,5.0,99.9,1581.6807,0.0,0,0.0,0.0
1377.0,C,RUNNING,1373.836,1,2,0,3,0.0,5.0,99.9,1580.6807,0.0,0,0.0,0.0
1378.0,C,RUNNING,1374.836,1,2,0,3,0.0,5.0,99.9,1579.6807,0.0,0,0.0,0.0
1379.0,C,RUNNING,1375.836,1,2,0,3,0.0,5.0,99.9,1578.6807,0.0,0,0.0,0.0
1380.0,C,RUNNING,1376.836,1,2,0,3,0.0,5.0,99.9,1577.6807,0.0,0,0.0,0.0
1381.0,C,RUNNING,1377.836,1,2,0,3,0.0,5.0,99.9,1576.6807,0.0,0,0.0,0.0
1382.0,C,RUNNING,1378.836,1,2,0,3,0.0,5.0,99.9,1575.6807,0.0,0,0.0,0.0
1383.0,C,RUNNING,1379.836,1,2,0,3,0.0,5.0,99.9,1574.6807,0.0,0,0.0,0.0
1384.0,C,RUNNING,1380.836,1,2,0,3,0.0,5.0,99.9,1573.6807,0.0,0,0.0,0.0
1385.0,C,RUNNING,1381.836,1,2,0,3,0.0,5.0,99.9,1572.6807,0.0,0,0.0,0.0
1386.0,C,RUNNING,1382.836,1,2,0,3,0.0,5.0,99.9,1571.6807,0.0,0,0.0,0.0
1387.0,C,RUNNING,1383.836,1,2,0,3,0.0,5.0,99.9,1570.6807,0.0,0,0.0,0.0
1388.0,C,RUNNING,1384.836,1,2,0,3,0.0,5.0,99.9,1569.6807,0.0,0,0.0,0.0
1389.0,C,RUNNING,1385.836,1,2,0,3,0.0,5.0,99.9,1568.6807,0.0,0,0.0,0.0
1390.0,C,RUNNING,1386.836,1,2,0,3,0.0,5.0,99.9,1567.6807,0.0,0,0.0,0.0
1391.0,C,RUNNING,1387.836,1,2,0,3,0.0,5.0,99.9,1566.6807,0.0,0,0.0,0.0
1392.0,C,RUNNING,1388.836,1,2,0,3,0.0,5.0,99.9,1565.6807,0.0,0,0.0,0.0
1393.0,C,RUNNING,1389.836,1,2,0,3,0.0,5.0,99.9,1564.6807,0.0,0,0.0,0.0
1394.0,C,RUNNING,1390.836,1,2,0,3,0.0,5.0,99.9,1563.6807,0.0,0,0.0,0.0
1395.0,C,RUNNING,1391.836,1,2,0,3,0.0,5.0,99.9,1562.6807,0.0,0,0.0,0.0
1396.0,C,RUNNING,1392.836,1,2,0,3,0.0,5.0,99.9,1561.6807,0.0,0,0.0,0.0
1397.0,C,RUNNING,1393.836,1,2,0,3,0.0,5.0,99.9,1560.6807,0.0,0,0.0,0.0
1398.0,C,RUNNING,1394.836,1,2,0,3,0.0,5.0,99.9,1559.6807,0.0,0,0.0,0.0
1399.0,C,RUNNING,1395.836,1,2,0,3,0.0,5.0,99.9,1558.6807,0.0,0,0.0,0.0
1400.0,C,RUNNING,1396.836,1,2,0,3,0.0,5.0,99.9,1557.6807,0.0,0,0.0,0.0
1401.0,C,RUNNING,1397.836,1,2,0,3,0.0,5.0,99.9,1556.6807,0.0,0,0.0,0.0
1402.0,C,RUNNING,1398.836,1,2,0,3,0.0,5.0,99.9,1555.6807,0.0,0,0.0,0.0
1403.0,C,RUNNING,1399.836,1,2,0,3,0.0,5.0,99.9,1554.6807,0.0,0,0.0,0.0
1404.0,C,RUNNING,1400.836,1,2,0,3,0.0,5.0,99.9,1553.6807,0.0,0,0.0,0.0
1405.0,C,RUNNING,1401.836,1,2,0,3,0.0,5.0,99.9,1552.6807,0.0,0,0.0,0.0
1406.0,C,RUNNING,1402.836,1,2,0,3,0.0,5.0,99.9,1551.6807,0.0,0,0.0,0.0
1407.0,C,RUNNING,1403.836,1,2,0,3,0.0,5.0,99.9,1550.6807,0.0,0,0.0,0.0
1408.0,C,RUNNING,1404.836,1,2,0,3,0.0,5.0,99.9,1549.6807,0.0,0,0.0,0.0
1409.0,C,RUNNING,1405.836,1,2,0,3,0.0,5.0,99.9,1548.6807,0.0,0,0.0,0.0
1410.0,C,RUNNING,1406.836,1,2,0,3,0.0,5.0,99.9,1547.6807,0.0,0,0.0,0.0
1411.0,C,RUNNING,1407.836,1,2,0,3,0.0,5.0,99.9,1546.6807,0.0,0,0.0,0.0
1412.0,C,RUNNING,1408.836,1,2,0,3,0.0,5.0,99.9,1545.6807,0.0,0,0.0,0.0
1413.0,C,RUNNING,1409.836,1,2,0,3,0.0,5.0,99.9,1544.6807,0.0,0,0.0,0.0
1414.0,C,RUNNING,1410.836,1,2,0,3,0.0,5.0,99.9,1543.6807,0.0,0,0.0,0.0
1415.0,C,RUNNING,1411.836,1,2,0,3,0.0,5.0,99.9,1542.6807,0.0,0,0.0,0.0
1416.0,C,RUNNING,1412.836,1,2,0,3,0.0,5.0,99.9,1541.6807,0.0,0,0.0,0.0
1417.0,C,RUNNING,1413.836,1,2,0,3,0.0,5.0,99.9,1540.6807,0.0,0,0.0,0.0
1418.0,C,RUNNING,1414.836,1,2,0,3,0.0,5.0,99.9,1539.6807,0.0,0,0.0,0.0
1419.0,C,RUNNING,1415.836,1,2,0,3,0.0,5.0,99.9,1538.6807,0.0,0,0.0,0.0
1420.0,C,RUNNING,1416.836,1,2,0,3,0.0,5.0,99.9,1537.6807,0.0,0,0.0,0.0
1421.0,C,RUNNING,1417.836,1,2,0,3,0.0,5.0,99.9,1536.6807,0.0,0,0.0,0.0
1422.0,C,RUNNING,1418.836,1,2,0,3,0.0,5.0,99.9,1535.6807,0.0,0,0.0,0.0
1423.0,C,RUNNING,1419.836,1,2,0,3,0.0,5.0,99.9,1534.6807,0.0,0,0.0,0.0
1424.0,C,RUNNING,1420.836,1,2,0,3,0.0,5.0,99.9,1533.6807,0.0,0,0.0,0.0
1425.0,C,RUNNING,1421.836,1,2,0,3,0.0,5.0,99.9,1532.6807,0.0,0,0.0,0.0
1426.0,C,RUNNING,1422.836,1,2,0,3,0.0,5.0,99.9,1531.6807,0.0,0,0.0,0.0
1427.0,C,RUNNING,1423.836,1,2,0,3,0.0,5.0,99.9,1530.6807,0.0,0,0.0,0.0
1428.0,C,RUNNING,1424.836,1,2,0,3,0.0,5.0,99.9,1529.6807,0.0,0,0.0,0.0
1429.0,C,RUNNING,1425.836,1,2,0,3,0.0,5.0,99.9,1528.6807,0.0,0,0.0,0.0
1430.0,C,RUNNING,1426.836,1,2,0,3,0.0,5.0,99.9,1527.6807,0.0,0,0.0,0.0
1431.0,C,RUNNING,1427.836,1,2,0,3,0.0,5.0,99.9,1526.6807,0.0,0,0.0,0.0
1432.0,C,RUNNING,1428.836,1,2,0,3,0.0,5.0,99.9,1525.6807,0.0,0,0.0,0.0
1433.0,C,RUNNING,1429.836,1,2,0,3,0.0,5.0,99.9,1524.6807,0.0,0,0.0,0.0
1434.0,C,RUNNING,1430.836,1,2,0,3,0.0,5.0,99.9,1523.6807,0.0,0,0.0,0.0
1435.0,C,RUNNING,1431.836,1,2,0,3,0.0,5.0,99.9,1522.6807,0.0,0,0.0,0.0
1436.0,C,RUNNING,1432.836,1,2,0,3,0.0,5.0,99.9,1521.6807,0.0,0,0.0,0.0
1437.0,C,RUNNING,1433.836,1,2,0,3,0.0,5.0,99.9,1520.6807,0.0,0,0.0,0.0
1438.0,C,RUNNING,1434.836,1,2,0,3,0.0,5.0,99.9,1519.6807,0.0,0,0.0,0.0
1439.0,C,RUNNING,1435.836,1,2,0,3,0.0,5.0,99.9,1518.6807,0.0,0,0.0,0.0
1440.0,C,RUNNING,1436.836,1,2,0,3,0.0,5.0,99.9,1517.6807,0.0,0,0.0,0.0
1441.0,C,RUNNING,1437.836,1,2,0,3,0.0,5.0,99.9,1516.6807,0.0,0,0.0,0.0
1442.0,C,RUNNING,1438.836,1,2,0,3,0.0,5.0,99.9,1515.6807,0.0,0,0.0,0.0
1443.0,C,RUNNING,1439.836,1,2,0,3,0.0,5.0,99.9,1514.6807,0.0,0,0.0,0.0
1444.0,C,RUNNING,1440.836,1,2,0,3,0.0,5.0,99.9,1513.6807,0.0,0,0.0,0.0
1445.0,C,RUNNING,1441.836,1,2,0,3,0.0,5.0,99.9,1512.6807,0.0,0,0.0,0.0
1446.0,C,RUNNING,1442.836,1,2,0,3,0.0,5.0,99.9,1511.6807,0.0,0,0.0,0.0
1447.0,C,RUNNING,1443.836,1,2,0,3,0.0,5.0,99.9,1510.6807,0.0,0,0.0,0.0
1448.0,C,RUNNING,1444.836,1,2,0,3,0.0,5.0,99.9,1509.6807,0.0,0,0.0,0.0
1449.0,C,RUNNING,1445.836,1,2,0,3,0.0,5.0,99.9,1508.6807,0.0,0,0.0,0.0
1450.0,C,RUNNING,1446.836,1,2,0,3,0.0,5.0,99.9,1507.6807,0.0,0,0.0,0.0
1451.0,C,RUNNING,1447.836,1,2,0,3,0.0,5.0,99.9,1506.6807,0.0,0,0.0,0.0
1452.0,C,RUNNING,1448.836,1,2,0,3,0.0,5.0,99.9,1505.6807,0.0,0,0.0,0.0
1453.0,C,RUNNING,1449.836,1,2,0,3,0.0,5.0,99.9,1504.6807,0.0,0,0.0,0.0
1454.0,C,RUNNING,1450.836,1,2,0,3,0.0,5.0,99.9,1503.6807,0.0,0,0.0,0.0
1455.0,C,RUNNING,1451.836,1,2,0,3,0.0,5.0,99.9,1502.6807,0.0,0,0.0,0.0
1456.0,C,RUNNING,1452.836,1,2,0,3,0.0,5.0,99.9,1501.6807,0.0,0,0.0,0.0
1457.0,C,RUNNING,1453.836,1,2,0,3,0.0,5.0,99.9,1500.6807,0.0,0,0.0,0.0
1458.0,C,RUNNING,1454.836,1,2,0,3,0.0,5.0,99.9,1499.6807,0.0,0,0.0,0.0
1459.0,C,RUNNING,1455.836,1,2,0,3,0.0,5.0,99.9,1498.6807,0.0,0,0.0,0.0
1460.0,C,RUNNING,1456.836,1,2,0,3,0.0,5.0,99.9,1497.6807,0.0,0,0.0,0.0
1461.0,C,RUNNING,1457.836,1,2,0,3,0.0,5.0,99.9,1496.6807,0.0,0,0.0,0.0
1462.0,C,RUNNING,1458.836,1,2,0,3,0.0,5.0,99.9,1495.6807,0.0,0,0.0,0.0
1463.0,C,RUNNING,1459.836,1,2,0,3,0.0,5.0,99.9,1494.6807,0.0,0,0.0,0.0
1464.0,C,RUNNING,1460.836,1,2,0,3,0.0,5.0,99.9,1493.6807,0.0,0,0.0,0.0
1465.0,C,RUNNING,1461.836,1,2,0,3,0.0,5.0,99.9,1492.6807,0.0,0,0.0,0.0
1466.0,C,RUNNING,1462.836,1,2,0,3,0.0,5.0,99.9,1491.6807,0.0,0,0.0,0.0
1467.0,C,RUNNING,1463.836,1,2,0,3,0.0,5.0,99.9,1490.6807,0.0,0,0.0,0.0
1468.0,C,RUNNING,1464.836,1,2,0,3,0.0,5.0,99.9,1489.6807,0.0,0,0.0,0.0
1469.0,C,RUNNING,1465.836,1,2,0,3,0.0,5.0,99.9,1488.6807,0.0,0,0.0,0.0
1470.0,C,RUNNING,1466.836,1,2,0,3,0.0,5.0,99.9,1487.6807,0.0,0,0.0,0.0
1471.0,C,RUNNING,1467.836,1,2,0,3,0.0,5.0,99.9,1486.6807,0.0,0,0.0,0.0
1472.0,C,RUNNING,1468.836,1,2,0,3,0.0,5.0,99.9,1485.6807,0.0,0,0.0,0.0
1473.0,C,RUNNING,1469.836,1,2,0,3,0.0,5.0,99.9,1484.6807,0.0,0,0.0,0.0
1474.0,C,RUNNING,1470.836,1,2,0,3,0.0,5.0,99.9,1483.6807,0.0,0,0.0,0.0
1475.0,C,RUNNING,1471.836,1,2,0,3,0.0,5.0,99.9,1482.6807,0.0,0,0.0,0.0
1476.0,C,RUNNING,1472.836,1,2,0,3,0.0,5.0,99.9,1481.6807,0.0,0,0.0,0.0
1477.0,C,RUNNING,1473.836,1,2,0,3,0.0,5.0,99.9,1480.6807,0.0,0,0.0,0.0
1478.0,C,RUNNING,1474.836,1,2,0,3,0.0,5.0,99.9,1479.6807,0.0,0,0.0,0.0
1479.0,C,RUNNING,1475.836,1,2,0,3,0.0,5.0,99.9,1478.6807,0.0,0,0.0,0.0
1480.0,C,RUNNING,1476.836,1,2,0,3,0.0,5.0,99.9,1477.6807,0.0,0,0.0,0.0
1481.0,C,RUNNING,1477.836,1,2,0,3,0.0,5.0,99.9,1476.6807,0.0,0,0.0,0.0
1482.0,C,RUNNING,1478.836,1,2,0,3,0.0,5.0,99.9,1475.6807,0.0,0,0.0,0.0
1483.0,C,RUNNING,1479.836,1,2,0,3,0.0,5.0,99.9,1474.6807,0.0,0,0.0,0.0
1484.0,C,RUNNING,1480.836,1,2,0,3,0.0,5.0,99.9,1473.6807,0.0,0,0.0,0.0
1485.0,C,RUNNING,1481.836,1,2,0,3,0.0,5.0,99.9,1472.6807,0.0,0,0.0,0.0
1486.0,C,RUNNING,1482.836,1,2,0,3,0.0,5.0,99.9,1471.6807,0.0,0,0.0,0.0
1487.0,C,RUNNING,1483.836,1,2,0,3,0.0,5.0,99.9,1470.6807,0.0,0,0.0,0.0
1488.0,C,RUNNING,1484.836,1,2,0,3,0.0,5.0,99.9,1469.6807,0.0,0,0.0,0.0
1489.0,C,RUNNING,1485.836,1,2,0,3,0.0,5.0,99.9,1468.6807,0.0,0,0.0,0.0
1490.0,C,RUNNING,1486.836,1,2,0,3,0.0,5.0,99.9,1467.6807,0.0,0,0.0,0.0
1491.0,C,RUNNING,1487.836,1,2,0,3,0.0,5.0,99.9,1466.6807,0.0,0,0.0,0.0
1492.0,C,RUNNING,1488.836,1,2,0,3,0.0,5.0,99.9,1465.6807,0.0,0,0.0,0.0
1493.0,C,RUNNING,1489.836,1,2,0,3,0.0,5.0,99.9,1464.6807,0.0,0,0.0,0.0
1494.0,C,RUNNING,1490.836,1,2,0,3,0.0,5.0,99.9,1463.6807,0.0,0,0.0,0.0
1495.0,C,RUNNING,1491.836,1,2,0,3,0.0,5.0,99.9,1462.6807,0.0,0,0.0,0.0
1496.0,C,RUNNING,1492.836,1,2,0,3,0.0,5.0,99.9,1461.6807,0.0,0,0.0,0.0
1497.0,C,RUNNING,1493.836,1,2,0,3,0.0,5.0,99.9,1460.6807,0.0,0,0.0,0.0
1498.0,C,RUNNING,1494.836,1,2,0,3,0.0,5.0,99.9,1459.6807,0.0,0,0.0,0.0
1499.0,C,RUNNING,1495.836,1,2,0,3,0.0,5.0,99.9,1458.6807,0.0,0,0.0,0.0
1500.0,C,RUNNING,1496.836,1,2,0,3,0.0,5.0,99.9,1457.6807,0.0,0,0.0,0.0
1501.0,C,RUNNING,1497.836,1,2,0,3,0.0,5.0,99.9,1456.6807,0.0,0,0.0,0.0
1502.0,C,RUNNING,1498.836,1,2,0,3,0.0,5.0,99.9,1455.6807,0.0,0,0.0,0.0
1503.0,C,RUNNING,1499.836,1,2,0,3,0.0,5.0,99.9,1454.6807,0.0,0,0.0,0.0
1504.0,C,RUNNING,1500.836,1,2,0,3,0.0,5.0,99.9,1453.6807,0.0,0,0.0,0.0
1505.0,C,RUNNING,1501.836,1,2,0,3,0.0,5.0,99.9,1452.6807,0.0,0,0.0,0.0
1506.0,C,RUNNING,1502.836,1,2,0,3,0.0,5.0,99.9,1451.6807,0.0,0,0.0,0.0
1507.0,C,RUNNING,1503.836,1,2,0,3,0.0,5.0,99.9,1450.6807,0.0,0,0.0,0.0
1508.0,C,RUNNING,1504.836,1,2,0,3,0.0,5.0,99.9,1449.6807,0.0,0,0.0,0.0
1509.0,C,RUNNING,1505.836,1,2,0,3,0.0,5.0,99.9,1448.6807,0.0,0,0.0,0.0
1510.0,C,RUNNING,1506.836,1,2,0,3,0.0,5.0,99.9,1447.6807,0.0,0,0.0,0.0
1511.0,C,RUNNING,1507.836,1,2,0,3,0.0,5.0,99.9,1446.6807,0.0,0,0.0,0.0
1512.0,C,RUNNING,1508.836,1,2,0,3,0.0,5.0,99.9,1445.6807,0.0,0,0.0,0.0
1513.0,C,RUNNING,1509.836,1,2,0,3,0.0,5.0,99.9,1444.6807,0.0,0,0.0,0.0
1514.0,C,RUNNING,1510.836,1,2,0,3,0.0,5.0,99.9,1443.6807,0.0,0,0.0,0.0
1515.0,C,RUNNING,1511.836,1,2,0,3,0.0,5.0,99.9,1442.6807,0.0,0,0.0,0.0
1516.0,C,RUNNING,1512.836,1,2,0,3,0.0,5.0,99.9,1441.6807,0.0,0,0.0,0.0
1517.0,C,RUNNING,1513.836,1,2,0,3,0.0,5.0,99.9,1440.6807,0.0,0,0.0,0.0
1518.0,C,RUNNING,1514.836,2,2,1,3,0.3333,5.0,99.8,1387.5936,0.0,0,0.0,0.0
1519.0,C,RUNNING,1515.836,2,2,1,3,0.3333,5.0,99.8,1386.5936,0.0,0,0.0,0.0
1520.0,C,RUNNING,1516.836,2,2,1,3,0.3333,5.0,99.8,1385.5936,0.0,0,0.0,0.0
1521.0,C,RUNNING,1517.836,2,2,1,3,0.3333,5.0,99.8,1384.5936,0.0,0,0.0,0.0
1522.0,C,RUNNING,1518.836,2,2,1,3,0.3333,5.0,99.8,1383.5936,0.0,0,0.0,0.0
1523.0,C,RUNNING,1519.836,2,2,1,3,0.3333,5.0,99.8,1382.5936,0.0,0,0.0,0.0
1524.0,C,RUNNING,1520.836,2,2,1,3,0.3333,5.0,99.8,1381.5936,0.0,0,0.0,0.0
1525.0,C,RUNNING,1521.836,2,2,1,3,0.3333,5.0,99.8,1380.5936,0.0,0,0.0,0.0
1526.0,C,RUNNING,1522.836,2,2,1,3,0.3333,5.0,99.8,1379.5936,0.0,0,0.0,0.0
1527.0,C,RUNNING,1523.836,2,2,1,3,0.3333,5.0,99.8,1378.5936,0.0,0,0.0,0.0
1528.0,C,RUNNING,1524.836,2,2,1,3,0.3333,5.0,99.8,1377.5936,0.0,0,0.0,0.0
1529.0,C,RUNNING,1525.836,2,2,1,3,0.3333,5.0,99.8,1376.5936,0.0,0,0.0,0.0
1530.0,C,RUNNING,1526.836,2,2,1,3,0.3333,5.0,99.8,1375.5936,0.0,0,0.0,0.0
1531.0,C,RUNNING,1527.836,2,2,1,3,0.3333,5.0,99.8,1374.5936,0.0,0,0.0,0.0
1532.0,C,RUNNING,1528.836,2,2,1,3,0.3333,5.0,99.8,1373.5936,0.0,0,0.0,0.0
1533.0,C,RUNNING,1529.836,2,2,1,3,0.3333,5.0,99.8,1372.5936,0.0,0,0.0,0.0
1534.0,C,RUNNING,1530.836,2,2,1,3,0.3333,5.0,99.8,1371.5936,0.0,0,0.0,0.0
1535.0,C,RUNNING,1531.836,2,2,1,3,0.3333,5.0,99.8,1370.5936,0.0,0,0.0,0.0
1536.0,C,RUNNING,1532.836,2,2,1,3,0.3333,5.0,99.8,1369.5936,0.0,0,0.0,0.0
1537.0,C,RUNNING,1533.836,2,2,1,3,0.3333,5.0,99.8,1368.5936,0.0,0,0.0,0.0
1538.0,C,RUNNING,1534.836,2,2,1,3,0.3333,5.0,99.8,1367.5936,0.0,0,0.0,0.0
1539.0,C,RUNNING,1535.836,2,2,1,3,0.3333,5.0,99.8,1366.5936,0.0,0,0.0,0.0
1540.0,C,RUNNING,1536.836,2,2,1,3,0.3333,5.0,99.8,1365.5936,0.0,0,0.0,0.0
1541.0,C,RUNNING,1537.836,2,2,1,3,0.3333,5.0,99.8,1364.5936,0.0,0,0.0,0.0
1542.0,C,RUNNING,1538.836,2,2,1,3,0.3333,5.0,99.8,1363.5936,0.0,0,0.0,0.0
1543.0,C,RUNNING,1539.836,2,2,1,3,0.3333,5.0,99.8,1362.5936,0.0,0,0.0,0.0
1544.0,C,RUNNING,1540.836,2,2,1,3,0.3333,5.0,99.8,1361.5936,0.0,0,0.0,0.0
1545.0,C,RUNNING,1541.836,2,2,1,3,0.3333,5.0,99.8,1360.5936,0.0,0,0.0,0.0
1546.0,C,RUNNING,1542.836,2,2,1,3,0.3333,5.0,99.8,1359.5936,0.0,0,0.0,0.0
1547.0,C,RUNNING,1543.836,2,2,1,3,0.3333,5.0,99.8,1358.5936,0.0,0,0.0,0.0
1548.0,C,RUNNING,1544.836,2,2,1,3,0.3333,5.0,99.8,1357.5936,0.0,0,0.0,0.0
1549.0,C,RUNNING,1545.836,2,2,1,3,0.3333,5.0,99.8,1356.5936,0.0,0,0.0,0.0
1550.0,C,RUNNING,1546.836,2,2,1,3,0.3333,5.0,99.8,1355.5936,0.0,0,0.0,0.0
1551.0,C,RUNNING,1547.836,2,2,1,3,0.3333,5.0,99.8,1354.5936,0.0,0,0.0,0.0
1552.0,C,RUNNING,1548.836,2,2,1,3,0.3333,5.0,99.8,1353.5936,0.0,0,0.0,0.0
1553.0,C,RUNNING,1549.836,2,2,1,3,0.3333,5.0,99.8,1352.5936,0.0,0,0.0,0.0
1554.0,C,RUNNING,1550.836,2,2,1,3,0.3333,5.0,99.8,1351.5936,0.0,0,0.0,0.0
1555.0,C,RUNNING,1551.836,2,2,1,3,0.3333,5.0,99.8,1350.5936,0.0,0,0.0,0.0
1556.0,C,RUNNING,1552.836,2,2,1,3,0.3333,5.0,99.8,1349.5936,0.0,0,0.0,0.0
1557.0,C,RUNNING,1553.836,2,2,1,3,0.3333,5.0,99.8,1348.5936,0.0,0,0.0,0.0
1558.0,C,RUNNING,1554.836,2,2,1,3,0.3333,5.0,99.8,1347.5936,0.0,0,0.0,0.0
1559.0,C,RUNNING,1555.836,2,2,1,3,0.3333,5.0,99.8,1346.5936,0.0,0,0.0,0.0
1560.0,C,RUNNING,1556.836,2,2,1,3,0.3333,5.0,99.8,1345.5936,0.0,0,0.0,0.0
1561.0,C,RUNNING,1557.836,2,2,1,3,0.3333,5.0,99.8,1344.5936,0.0,0,0.0,0.0
1562.0,C,RUNNING,1558.836,2,2,1,3,0.3333,5.0,99.8,1343.5936,0.0,0,0.0,0.0
1563.0,C,RUNNING,1559.836,2,2,1,3,0.3333,5.0,99.8,1342.5936,0.0,0,0.0,0.0
1564.0,C,RUNNING,1560.836,2,2,1,3,0.3333,5.0,99.8,1341.5936,0.0,0,0.0,0.0
1565.0,C,RUNNING,1561.836,2,2,1,3,0.3333,5.0,99.8,1340.5936,0.0,0,0.0,0.0
1566.0,C,RUNNING,1562.836,2,2,1,3,0.3333,5.0,99.8,1339.5936,0.0,0,0.0,0.0
1567.0,C,RUNNING,1563.836,2,2,1,3,0.3333,5.0,99.8,1338.5936,0.0,0,0.0,0.0
1568.0,C,RUNNING,1564.836,2,2,1,3,0.3333,5.0,99.8,1337.5936,0.0,0,0.0,0.0
1569.0,C,RUNNING,1565.836,2,2,1,3,0.3333,5.0,99.8,1336.5936,0.0,0,0.0,0.0
1570.0,C,RUNNING,1566.836,2,2,1,3,0.3333,5.0,99.8,1335.5936,0.0,0,0.0,0.0
1571.0,C,RUNNING,1567.836,2,2,1,3,0.3333,5.0,99.8,1334.5936,0.0,0,0.0,0.0
1572.0,C,RUNNING,1568.836,2,2,1,3,0.3333,5.0,99.8,1333.5936,0.0,0,0.0,0.0
1573.0,C,RUNNING,1569.836,2,2,1,3,0.3333,5.0,99.8,1332.5936,0.0,0,0.0,0.0
1574.0,C,RUNNING,1570.836,2,2,1,3,0.3333,5.0,99.8,1331.5936,0.0,0,0.0,0.0
1575.0,C,RUNNING,1571.836,2,2,1,3,0.3333,5.0,99.8,1330.5936,0.0,0,0.0,0.0
1576.0,C,RUNNING,1572.836,2,2,1,3,0.3333,5.0,99.8,1329.5936,0.0,0,0.0,0.0
1577.0,C,RUNNING,1573.836,2,2,1,3,0.3333,5.0,99.8,1328.5936,0.0,0,0.0,0.0
1578.0,C,RUNNING,1574.836,2,2,1,3,0.3333,5.0,99.8,1327.5936,0.0,0,0.0,0.0
1579.0,C,RUNNING,1575.836,2,2,1,3,0.3333,5.0,99.8,1326.5936,0.0,0,0.0,0.0
1580.0,C,RUNNING,1576.836,2,2,1,3,0.3333,5.0,99.8,1325.5936,0.0,0,0.0,0.0
1581.0,C,RUNNING,1577.836,2,2,1,3,0.3333,5.0,99.8,1324.5936,0.0,0,0.0,0.0
1582.0,C,RUNNING,1578.836,2,2,1,3,0.3333,5.0,99.8,1323.5936,0.0,0,0.0,0.0
1583.0,C,RUNNING,1579.836,2,2,1,3,0.3333,5.0,99.8,1322.5936,0.0,0,0.0,0.0
1584.0,C,RUNNING,1580.836,2,2,1,3,0.3333,5.0,99.8,1321.5936,0.0,0,0.0,0.0
1585.0,C,RUNNING,1581.836,2,2,1,3,0.3333,5.0,99.8,1320.5936,0.0,0,0.0,0.0
1586.0,C,RUNNING,1582.836,2,2,1,3,0.3333,5.0,99.8,1319.5936,0.0,0,0.0,0.0
1587.0,C,RUNNING,1583.836,2,2,1,3,0.3333,5.0,99.8,1318.5936,0.0,0,0.0,0.0
1588.0,C,RUNNING,1584.836,2,2,1,3,0.3333,5.0,99.8,1317.5936,0.0,0,0.0,0.0
1589.0,C,RUNNING,1585.836,2,2,1,3,0.3333,5.0,99.8,1316.5936,0.0,0,0.0,0.0
1590.0,C,RUNNING,1586.836,2,2,1,3,0.3333,5.0,99.8,1315.5936,0.0,0,0.0,0.0
1591.0,C,RUNNING,1587.836,2,2,1,3,0.3333,5.0,99.8,1314.5936,0.0,0,0.0,0.0
1592.0,C,RUNNING,1588.836,2,2,1,3,0.3333,5.0,99.8,1313.5936,0.0,0,0.0,0.0
1593.0,C,RUNNING,1589.836,2,2,1,3,0.3333,5.0,99.8,1312.5936,0.0,0,0.0,0.0
1594.0,C,RUNNING,1590.836,2,2,1,3,0.3333,5.0,99.8,1311.5936,0.0,0,0.0,0.0
1595.0,C,RUNNING,1591.836,2,2,1,3,0.3333,5.0,99.8,1310.5936,0.0,0,0.0,0.0
1596.0,C,RUNNING,1592.836,2,2,1,3,0.3333,5.0,99.8,1309.5936,0.0,0,0.0,0.0
1597.0,C,RUNNING,1593.836,2,2,1,3,0.3333,5.0,99.8,1308.5936,0.0,0,0.0,0.0
1598.0,C,RUNNING,1594.836,2,2,1,3,0.3333,5.0,99.8,1307.5936,0.0,0,0.0,0.0
1599.0,C,RUNNING,1595.836,2,2,1,3,0.3333,5.0,99.8,1306.5936,0.0,0,0.0,0.0
1600.0,C,RUNNING,1596.836,2,2,1,3,0.3333,5.0,99.8,1305.5936,0.0,0,0.0,0.0
1601.0,C,RUNNING,1597.836,2,2,1,3,0.3333,5.0,99.8,1304.5936,0.0,0,0.0,0.0
1602.0,C,RUNNING,1598.836,2,2,1,3,0.3333,5.0,99.8,1303.5936,0.0,0,0.0,0.0
1603.0,C,RUNNING,1599.836,2,2,1,3,0.3333,5.0,99.8,1302.5936,0.0,0,0.0,0.0
1604.0,C,RUNNING,1600.836,2,2,1,3,0.3333,5.0,99.8,1301.5936,0.0,0,0.0,0.0
1605.0,C,RUNNING,1601.836,2,2,1,3,0.3333,5.0,99.8,1300.5936,0.0,0,0.0,0.0
1606.0,C,RUNNING,1602.836,2,2,1,3,0.3333,5.0,99.8,1299.5936,0.0,0,0.0,0.0
1607.0,C,RUNNING,1603.836,2,2,1,3,0.3333,5.0,99.8,1298.5936,0.0,0,0.0,0.0
1608.0,C,RUNNING,1604.836,2,2,1,3,0.3333,5.0,99.8,1297.5936,0.0,0,0.0,0.0
1609.0,C,RUNNING,1605.836,2,2,1,3,0.3333,5.0,99.8,1296.5936,0.0,0,0.0,0.0
1610.0,C,RUNNING,1606.836,2,2,1,3,0.3333,5.0,99.8,1295.5936,0.0,0,0.0,0.0
1611.0,C,RUNNING,1607.836,2,2,1,3,0.3333,5.0,99.8,1294.5936,0.0,0,0.0,0.0
1612.0,C,RUNNING,1608.836,2,2,1,3,0.3333,5.0,99.8,1293.5936,0.0,0,0.0,0.0
1613.0,C,RUNNING,1609.836,2,2,1,3,0.3333,5.0,99.8,1292.5936,0.0,0,0.0,0.0
1614.0,C,RUNNING,1610.836,2,2,1,3,0.3333,5.0,99.8,1291.5936,0.0,0,0.0,0.0
1615.0,C,RUNNING,1611.836,2,2,1,3,0.3333,5.0,99.8,1290.5936,0.0,0,0.0,0.0
1616.0,C,RUNNING,1612.836,2,2,1,3,0.3333,5.0,99.8,1289.5936,0.0,0,0.0,0.0
1617.0,C,RUNNING,1613.836,2,2,1,3,0.3333,5.0,99.8,1288.5936,0.0,0,0.0,0.0
1618.0,C,RUNNING,1614.836,2,2,1,3,0.3333,5.0,99.8,1287.5936,0.0,0,0.0,0.0
1619.0,C,RUNNING,1615.836,2,2,1,3,0.3333,5.0,99.8,1286.5936,0.0,0,0.0,0.0
1620.0,C,RUNNING,1616.836,2,2,1,3,0.3333,5.0,99.8,1285.5936,0.0,0,0.0,0.0
1621.0,C,RUNNING,1617.836,2,2,1,3,0.3333,5.0,99.8,1284.5936,0.0,0,0.0,0.0
1622.0,C,RUNNING,1618.836,2,2,1,3,0.3333,5.0,99.8,1283.5936,0.0,0,0.0,0.0
1623.0,C,RUNNING,1619.836,2,2,1,3,0.3333,5.0,99.8,1282.5936,0.0,0,0.0,0.0
1624.0,C,RUNNING,1620.836,2,2,1,3,0.3333,5.0,99.8,1281.5936,0.0,0,0.0,0.0
1625.0,C,RUNNING,1621.836,2,2,1,3,0.3333,5.0,99.8,1280.5936,0.0,0,0.0,0.0
1626.0,C,RUNNING,1622.836,2,2,1,3,0.3333,5.0,99.8,1279.5936,0.0,0,0.0,0.0
1627.0,C,RUNNING,1623.836,2,2,1,3,0.3333,5.0,99.8,1278.5936,0.0,0,0.0,0.0
1628.0,C,RUNNING,1624.836,2,2,1,3,0.3333,5.0,99.8,1277.5936,0.0,0,0.0,0.0
1629.0,C,RUNNING,1625.836,2,2,1,3,0.3333,5.0,99.8,1276.5936,0.0,0,0.0,0.0
1630.0,C,RUNNING,1626.836,2,2,1,3,0.3333,5.0,99.8,1275.5936,0.0,0,0.0,0.0
1631.0,C,RUNNING,1627.836,2,2,1,3,0.3333,5.0,99.8,1274.5936,0.0,0,0.0,0.0
1632.0,C,RUNNING,1628.836,2,2,1,3,0.3333,5.0,99.8,1273.5936,0.0,0,0.0,0.0
1633.0,C,RUNNING,1629.836,2,2,1,3,0.3333,5.0,99.8,1272.5936,0.0,0,0.0,0.0
1634.0,C,RUNNING,1630.836,2,2,1,3,0.3333,5.0,99.8,1271.5936,0.0,0,0.0,0.0
1635.0,C,RUNNING,1631.836,2,2,1,3,0.3333,5.0,99.8,1270.5936,0.0,0,0.0,0.0
1636.0,C,RUNNING,1632.836,2,2,1,3,0.3333,5.0,99.8,1269.5936,0.0,0,0.0,0.0
1637.0,C,RUNNING,1633.836,2,2,1,3,0.3333,5.0,99.8,1268.5936,0.0,0,0.0,0.0
1638.0,C,RUNNING,1634.836,2,2,1,3,0.3333,5.0,99.8,1267.5936,0.0,0,0.0,0.0
1639.0,C,RUNNING,1635.836,2,2,1,3,0.3333,5.0,99.8,1266.5936,0.0,0,0.0,0.0
1640.0,C,RUNNING,1636.836,2,2,1,3,0.3333,5.0,99.8,1265.5936,0.0,0,0.0,0.0
1641.0,C,RUNNING,1637.836,2,2,1,3,0.3333,5.0,99.8,1264.5936,0.0,0,0.0,0.0
1642.0,C,RUNNING,1638.836,2,2,1,3,0.3333,5.0,99.8,1263.5936,0.0,0,0.0,0.0
1643.0,C,RUNNING,1639.836,2,2,1,3,0.3333,5.0,99.8,1262.5936,0.0,0,0.0,0.0
1644.0,C,RUNNING,1640.836,2,2,1,3,0.3333,5.0,99.8,1261.5936,0.0,0,0.0,0.0
1645.0,C,RUNNING,1641.836,2,2,1,3,0.3333,5.0,99.8,1260.5936,0.0,0,0.0,0.0
1646.0,C,RUNNING,1642.836,2,2,1,3,0.3333,5.0,99.8,1259.5936,0.0,0,0.0,0.0
1647.0,C,RUNNING,1643.836,2,2,1,3,0.3333,5.0,99.8,1258.5936,0.0,0,0.0,0.0
1648.0,C,RUNNING,1644.836,2,2,1,3,0.3333,5.0,99.8,1257.5936,0.0,0,0.0,0.0
1649.0,C,RUNNING,1645.836,2,2,1,3,0.3333,5.0,99.8,1256.5936,0.0,0,0.0,0.0
1650.0,C,RUNNING,1646.836,2,2,1,3,0.3333,5.0,99.8,1255.5936,0.0,0,0.0,0.0
1651.0,C,RUNNING,1647.836,2,2,1,3,0.3333,5.0,99.8,1254.5936,0.0,0,0.0,0.0
1652.0,C,RUNNING,1648.836,2,2,1,3,0.3333,5.0,99.8,1253.5936,0.0,0,0.0,0.0
1653.0,C,RUNNING,1649.836,2,2,1,3,0.3333,5.0,99.8,1252.5936,0.0,0,0.0,0.0
1654.0,C,RUNNING,1650.836,2,2,1,3,0.3333,5.0,99.8,1251.5936,0.0,0,0.0,0.0
1655.0,C,RUNNING,1651.836,2,2,1,3,0.3333,5.0,99.8,1250.5936,0.0,0,0.0,0.0
1656.0,C,RUNNING,1652.836,2,2,1,3,0.3333,5.0,99.8,1249.5936,0.0,0,0.0,0.0
1657.0,C,RUNNING,1653.836,2,2,1,3,0.3333,5.0,99.8,1248.5936,0.0,0,0.0,0.0
1658.0,C,RUNNING,1654.836,2,2,1,3,0.3333,5.0,99.8,1247.5936,0.0,0,0.0,0.0
1659.0,C,RUNNING,1655.836,2,2,1,3,0.3333,5.0,99.8,1246.5936,0.0,0,0.0,0.0
1660.0,C,RUNNING,1656.836,2,2,1,3,0.3333,5.0,99.8,1245.5936,0.0,0,0.0,0.0
1661.0,C,RUNNING,1657.836,2,2,1,3,0.3333,5.0,99.8,1244.5936,0.0,0,0.0,0.0
1662.0,C,RUNNING,1658.836,2,2,1,3,0.3333,5.0,99.8,1243.5936,0.0,0,0.0,0.0
1663.0,C,RUNNING,1659.836,2,2,1,3,0.3333,5.0,99.8,1242.5936,0.0,0,0.0,0.0
1664.0,C,RUNNING,1660.836,2,2,1,3,0.3333,5.0,99.8,1241.5936,0.0,0,0.0,0.0
1665.0,C,RUNNING,1661.836,2,2,1,3,0.3333,5.0,99.8,1240.5936,0.0,0,0.0,0.0
1666.0,C,RUNNING,1662.836,2,2,1,3,0.3333,5.0,99.8,1239.5936,0.0,0,0.0,0.0
1667.0,C,RUNNING,1663.836,2,2,1,3,0.3333,5.0,99.8,1238.5936,0.0,0,0.0,0.0
1668.0,C,RUNNING,1664.836,2,2,1,3,0.3333,5.0,99.8,1237.5936,0.0,0,0.0,0.0
1669.0,C,RUNNING,1665.836,2,2,1,3,0.3333,5.0,99.8,1236.5936,0.0,0,0.0,0.0
1670.0,C,RUNNING,1666.836,2,2,1,3,0.3333,5.0,99.8,1235.5936,0.0,0,0.0,0.0
1671.0,C,RUNNING,1667.836,2,2,1,3,0.3333,5.0,99.8,1234.5936,0.0,0,0.0,0.0
1672.0,C,RUNNING,1668.836,2,2,1,3,0.3333,5.0,99.8,1233.5936,0.0,0,0.0,0.0
1673.0,C,RUNNING,1669.836,2,2,1,3,0.3333,5.0,99.8,1232.5936,0.0,0,0.0,0.0
1674.0,C,RUNNING,1670.836,2,2,1,3,0.3333,5.0,99.8,1231.5936,0.0,0,0.0,0.0
1675.0,C,RUNNING,1671.836,2,2,1,3,0.3333,5.0,99.8,1230.5936,0.0,0,0.0,0.0
1676.0,C,RUNNING,1672.836,2,2,1,3,0.3333,5.0,99.8,1229.5936,0.0,0,0.0,0.0
1677.0,C,RUNNING,1673.836,2,2,1,3,0.3333,5.0,99.8,1228.5936,0.0,0,0.0,0.0
1678.0,C,RUNNING,1674.836,2,2,1,3,0.3333,5.0,99.8,1227.5936,0.0,0,0.0,0.0
1679.0,C,RUNNING,1675.836,2,2,1,3,0.3333,5.0,99.8,1226.5936,0.0,0,0.0,0.0
1680.0,C,RUNNING,1676.836,2,2,1,3,0.3333,5.0,99.8,1225.5936,0.0,0,0.0,0.0
1681.0,C,RUNNING,1677.836,2,2,1,3,0.3333,5.0,99.8,1224.5936,0.0,0,0.0,0.0
1682.0,C,RUNNING,1678.836,2,2,1,3,0.3333,5.0,99.8,1223.5936,0.0,0,0.0,0.0
1683.0,C,RUNNING,1679.836,2,2,1,3,0.3333,5.0,99.8,1222.5936,0.0,0,0.0,0.0
1684.0,C,RUNNING,1680.836,2,2,1,3,0.3333,5.0,99.8,1221.5936,0.0,0,0.0,0.0
1685.0,C,RUNNING,1681.836,2,2,1,3,0.3333,5.0,99.8,1220.5936,0.0,0,0.0,0.0
1686.0,C,RUNNING,1682.836,2,2,1,3,0.3333,5.0,99.8,1219.5936,0.0,0,0.0,0.0
1687.0,C,RUNNING,1683.836,2,2,1,3,0.3333,5.0,99.8,1218.5936,0.0,0,0.0,0.0
1688.0,C,RUNNING,1684.836,2,2,1,3,0.3333,5.0,99.8,1217.5936,0.0,0,0.0,0.0
1689.0,C,RUNNING,1685.836,2,2,1,3,0.3333,5.0,99.8,1216.5936,0.0,0,0.0,0.0
1690.0,C,RUNNING,1686.836,2,2,1,3,0.3333,5.0,99.8,1215.5936,0.0,0,0.0,0.0
1691.0,C,RUNNING,1687.836,2,2,1,3,0.3333,5.0,99.8,1214.5936,0.0,0,0.0,0.0
1692.0,C,RUNNING,1688.836,2,2,1,3,0.3333,5.0,99.8,1213.5936,0.0,0,0.0,0.0
1693.0,C,RUNNING,1689.836,2,2,1,3,0.3333,5.0,99.8,1212.5936,0.0,0,0.0,0.0
1694.0,C,RUNNING,1690.836,2,2,1,3,0.3333,5.0,99.8,1211.5936,0.0,0,0.0,0.0
1695.0,C,RUNNING,1691.836,2,2,1,3,0.3333,5.0,99.8,1210.5936,0.0,0,0.0,0.0
1696.0,C,RUNNING,1692.836,2,2,1,3,0.3333,5.0,99.8,1209.5936,0.0,0,0.0,0.0
1697.0,C,RUNNING,1693.836,2,2,1,3,0.3333,5.0,99.8,1208.5936,0.0,0,0.0,0.0
1698.0,C,RUNNING,1694.836,2,2,1,3,0.3333,5.0,99.8,1207.5936,0.0,0,0.0,0.0
1699.0,C,RUNNING,1695.836,2,2,1,3,0.3333,5.0,99.8,1206.5936,0.0,0,0.0,0.0
1700.0,C,RUNNING,1696.836,2,2,1,3,0.3333,5.0,99.8,1205.5936,0.0,0,0.0,0.0
1701.0,C,RUNNING,1697.836,2,2,1,3,0.3333,5.0,99.8,1204.5936,0.0,0,0.0,0.0
1702.0,C,RUNNING,1698.836,2,2,1,3,0.3333,5.0,99.8,1203.5936,0.0,0,0.0,0.0
1703.0,C,RUNNING,1699.836,2,2,1,3,0.3333,5.0,99.8,1202.5936,0.0,0,0.0,0.0
1704.0,C,RUNNING,1700.836,2,2,1,3,0.3333,5.0,99.8,1201.5936,0.0,0,0.0,0.0
1705.0,C,RUNNING,1701.836,2,2,1,3,0.3333,5.0,99.8,1200.5936,0.0,0,0.0,0.0
1706.0,C,RUNNING,1702.836,2,2,1,3,0.3333,5.0,99.8,1199.5936,0.0,0,0.0,0.0
1707.0,C,RUNNING,1703.836,2,2,1,3,0.3333,5.0,99.8,1198.5936,0.0,0,0.0,0.0
1708.0,C,RUNNING,1704.836,2,2,1,3,0.3333,5.0,99.8,1197.5936,0.0,0,0.0,0.0
1709.0,C,RUNNING,1705.836,2,2,1,3,0.3333,5.0,99.8,1196.5936,0.0,0,0.0,0.0
1710.0,C,RUNNING,1706.836,2,2,1,3,0.3333,5.0,99.8,1195.5936,0.0,0,0.0,0.0
1711.0,C,RUNNING,1707.836,2,2,1,3,0.3333,5.0,99.8,1194.5936,0.0,0,0.0,0.0
1712.0,C,RUNNING,1708.836,2,2,1,3,0.3333,5.0,99.8,1193.5936,0.0,0,0.0,0.0
1713.0,C,RUNNING,1709.836,2,2,1,3,0.3333,5.0,99.8,1192.5936,0.0,0,0.0,0.0
1714.0,C,RUNNING,1710.836,2,2,1,3,0.3333,5.0,99.8,1191.5936,0.0,0,0.0,0.0
1715.0,C,RUNNING,1711.836,2,2,1,3,0.3333,5.0,99.8,1190.5936,0.0,0,0.0,0.0
1716.0,C,RUNNING,1712.836,2,2,1,3,0.3333,5.0,99.8,1189.5936,0.0,0,0.0,0.0
1717.0,C,RUNNING,1713.836,2,2,1,3,0.3333,5.0,99.8,1188.5936,0.0,0,0.0,0.0
1718.0,C,RUNNING,1714.836,2,2,1,3,0.3333,5.0,99.8,1187.5936,0.0,0,0.0,0.0
1719.0,C,RUNNING,1715.836,2,2,1,3,0.3333,5.0,99.8,1186.5936,0.0,0,0.0,0.0
1720.0,C,RUNNING,1716.836,2,2,1,3,0.3333,5.0,99.8,1185.5936,0.0,0,0.0,0.0
1721.0,C,RUNNING,1717.836,2,2,1,3,0.3333,5.0,99.8,1184.5936,0.0,0,0.0,0.0
1722.0,C,RUNNING,1718.836,2,2,1,3,0.3333,5.0,99.8,1183.5936,0.0,0,0.0,0.0
1723.0,C,RUNNING,1719.836,2,2,1,3,0.3333,5.0,99.8,1182.5936,0.0,0,0.0,0.0
1724.0,C,RUNNING,1720.836,2,2,1,3,0.3333,5.0,99.8,1181.5936,0.0,0,0.0,0.0
1725.0,C,RUNNING,1721.836,2,2,1,3,0.3333,5.0,99.8,1180.5936,0.0,0,0.0,0.0
1726.0,C,RUNNING,1722.836,2,2,1,3,0.3333,5.0,99.8,1179.5936,0.0,0,0.0,0.0
1727.0,C,RUNNING,1723.836,2,2,1,3,0.3333,5.0,99.8,1178.5936,0.0,0,0.0,0.0
1728.0,C,RUNNING,1724.836,2,2,1,3,0.3333,5.0,99.8,1177.5936,0.0,0,0.0,0.0
1729.0,C,RUNNING,1725.836,2,2,1,3,0.3333,5.0,99.8,1176.5936,0.0,0,0.0,0.0
1730.0,C,RUNNING,1726.836,2,2,1,3,0.3333,5.0,99.8,1175.5936,0.0,0,0.0,0.0
1731.0,C,RUNNING,1727.836,2,2,1,3,0.3333,5.0,99.8,1174.5936,0.0,0,0.0,0.0
1732.0,C,RUNNING,1728.836,2,2,1,3,0.3333,5.0,99.8,1173.5936,0.0,0,0.0,0.0
1733.0,C,RUNNING,1729.836,2,2,1,3,0.3333,5.0,99.8,1172.5936,0.0,0,0.0,0.0
1734.0,C,RUNNING,1730.836,2,2,1,3,0.3333,5.0,99.8,1171.5936,0.0,0,0.0,0.0
1735.0,C,RUNNING,1731.836,2,2,1,3,0.3333,5.0,99.8,1170.5936,0.0,0,0.0,0.0
1736.0,C,RUNNING,1732.836,2,2,1,3,0.3333,5.0,99.8,1169.5936,0.0,0,0.0,0.0
1737.0,C,RUNNING,1733.836,2,2,1,3,0.3333,5.0,99.8,1168.5936,0.0,0,0.0,0.0
1738.0,C,RUNNING,1734.836,2,2,1,3,0.3333,5.0,99.8,1167.5936,0.0,0,0.0,0.0
1739.0,C,RUNNING,1735.836,2,2,1,3,0.3333,5.0,99.8,1166.5936,0.0,0,0.0,0.0
1740.0,C,RUNNING,1736.836,2,2,1,3,0.3333,5.0,99.8,1165.5936,0.0,0,0.0,0.0
1741.0,C,RUNNING,1737.836,2,2,1,3,0.3333,5.0,99.8,1164.5936,0.0,0,0.0,0.0
1742.0,C,RUNNING,1738.836,2,2,1,3,0.3333,5.0,99.8,1163.5936,0.0,0,0.0,0.0
1743.0,C,RUNNING,1739.836,2,2,1,3,0.3333,5.0,99.8,1162.5936,0.0,0,0.0,0.0
1744.0,C,RUNNING,1740.836,2,2,1,3,0.3333,5.0,99.8,1161.5936,0.0,0,0.0,0.0
1745.0,C,RUNNING,1741.836,2,2,1,3,0.3333,5.0,99.8,1160.5936,0.0,0,0.0,0.0
1746.0,C,RUNNING,1742.836,2,2,1,3,0.3333,5.0,99.8,1159.5936,0.0,0,0.0,0.0
1747.0,C,RUNNING,1743.836,2,2,1,3,0.3333,5.0,99.8,1158.5936,0.0,0,0.0,0.0
1748.0,C,RUNNING,1744.836,2,2,1,3,0.3333,5.0,99.8,1157.5936,0.0,0,0.0,0.0
1749.0,C,RUNNING,1745.836,2,2,1,3,0.3333,5.0,99.8,1156.5936,0.0,0,0.0,0.0
1750.0,C,RUNNING,1746.836,2,2,1,3,0.3333,5.0,99.8,1155.5936,0.0,0,0.0,0.0
1751.0,C,RUNNING,1747.836,2,2,1,3,0.3333,5.0,99.8,1154.5936,0.0,0,0.0,0.0
1752.0,C,RUNNING,1748.836,2,2,1,3,0.3333,5.0,99.8,1153.5936,0.0,0,0.0,0.0
1753.0,C,RUNNING,1749.836,2,2,1,3,0.3333,5.0,99.8,1152.5936,0.0,0,0.0,0.0
1754.0,C,RUNNING,1750.836,2,2,1,3,0.3333,5.0,99.8,1151.5936,0.0,0,0.0,0.0
1755.0,C,RUNNING,1751.836,2,2,1,3,0.3333,5.0,99.8,1150.5936,0.0,0,0.0,0.0
1756.0,C,RUNNING,1752.836,2,2,1,3,0.3333,5.0,99.8,1149.5936,0.0,0,0.0,0.0
1757.0,C,RUNNING,1753.836,2,2,1,3,0.3333,5.0,99.8,1148.5936,0.0,0,0.0,0.0
1758.0,C,RUNNING,1754.836,2,2,1,3,0.3333,5.0,99.8,1147.5936,0.0,0,0.0,0.0
1759.0,C,RUNNING,1755.836,2,2,1,3,0.3333,5.0,99.8,1146.5936,0.0,0,0.0,0.0
1760.0,C,RUNNING,1756.836,2,2,1,3,0.3333,5.0,99.8,1145.5936,0.0,0,0.0,0.0
1761.0,C,RUNNING,1757.836,2,2,1,3,0.3333,5.0,99.8,1144.5936,0.0,0,0.0,0.0
1762.0,C,RUNNING,1758.836,2,2,1,3,0.3333,5.0,99.8,1143.5936,0.0,0,0.0,0.0
1763.0,C,RUNNING,1759.836,2,2,1,3,0.3333,5.0,99.8,1142.5936,0.0,0,0.0,0.0
1764.0,C,RUNNING,1760.836,2,2,1,3,0.3333,5.0,99.8,1141.5936,0.0,0,0.0,0.0
1765.0,C,RUNNING,1761.836,2,2,1,3,0.3333,5.0,99.8,1140.5936,0.0,0,0.0,0.0
1766.0,C,RUNNING,1762.836,2,2,1,3,0.3333,5.0,99.8,1139.5936,0.0,0,0.0,0.0
1767.0,C,RUNNING,1763.836,2,2,1,3,0.3333,5.0,99.8,1138.5936,0.0,0,0.0,0.0
1768.0,C,RUNNING,1764.836,2,2,1,3,0.3333,5.0,99.8,1137.5936,0.0,0,0.0,0.0
1769.0,C,RUNNING,1765.836,2,2,1,3,0.3333,5.0,99.8,1136.5936,0.0,0,0.0,0.0
1770.0,C,RUNNING,1766.836,2,2,1,3,0.3333,5.0,99.8,1135.5936,0.0,0,0.0,0.0
1771.0,C,RUNNING,1767.836,2,2,1,3,0.3333,5.0,99.8,1134.5936,0.0,0,0.0,0.0
1772.0,C,RUNNING,1768.836,2,2,1,3,0.3333,5.0,99.8,1133.5936,0.0,0,0.0,0.0
1773.0,C,RUNNING,1769.836,2,2,1,3,0.3333,5.0,99.8,1132.5936,0.0,0,0.0,0.0
1774.0,C,RUNNING,1770.836,2,2,1,3,0.3333,5.0,99.8,1131.5936,0.0,0,0.0,0.0
1775.0,C,RUNNING,1771.836,2,2,1,3,0.3333,5.0,99.8,1130.5936,0.0,0,0.0,0.0
1776.0,C,RUNNING,1772.836,2,2,1,3,0.3333,5.0,99.8,1129.5936,0.0,0,0.0,0.0
1777.0,C,RUNNING,1773.836,2,2,1,3,0.3333,5.0,99.8,1128.5936,0.0,0,0.0,0.0
1778.0,C,RUNNING,1774.836,2,2,1,3,0.3333,5.0,99.8,1127.5936,0.0,0,0.0,0.0
1779.0,C,RUNNING,1775.836,2,2,1,3,0.3333,5.0,99.8,1126.5936,0.0,0,0.0,0.0
1780.0,C,RUNNING,1776.836,2,2,1,3,0.3333,5.0,99.8,1125.5936,0.0,0,0.0,0.0
1781.0,C,RUNNING,1777.836,2,2,1,3,0.3333,5.0,99.8,1124.5936,0.0,0,0.0,0.0
1782.0,C,RUNNING,1778.836,2,2,1,3,0.3333,5.0,99.8,1123.5936,0.0,0,0.0,0.0
1783.0,C,RUNNING,1779.836,2,2,1,3,0.3333,5.0,99.8,1122.5936,0.0,0,0.0,0.0
1784.0,C,RUNNING,1780.836,2,2,1,3,0.3333,5.0,99.8,1121.5936,0.0,0,0.0,0.0
1785.0,C,RUNNING,1781.836,2,2,1,3,0.3333,5.0,99.8,1120.5936,0.0,0,0.0,0.0
1786.0,C,RUNNING,1782.836,2,2,1,3,0.3333,5.0,99.8,1119.5936,0.0,0,0.0,0.0
1787.0,C,RUNNING,1783.836,2,2,1,3,0.3333,5.0,99.8,1118.5936,0.0,0,0.0,0.0
1788.0,C,RUNNING,1784.836,2,2,1,3,0.3333,5.0,99.8,1117.5936,0.0,0,0.0,0.0
1789.0,C,RUNNING,1785.836,2,2,1,3,0.3333,5.0,99.8,1116.5936,0.0,0,0.0,0.0
1790.0,C,RUNNING,1786.836,2,2,1,3,0.3333,5.0,99.8,1115.5936,0.0,0,0.0,0.0
1791.0,C,RUNNING,1787.836,2,2,1,3,0.3333,5.0,99.8,1114.5936,0.0,0,0.0,0.0
1792.0,C,RUNNING,1788.836,2,2,1,3,0.3333,5.0,99.8,1113.5936,0.0,0,0.0,0.0
1793.0,C,RUNNING,1789.836,2,2,1,3,0.3333,5.0,99.8,1112.5936,0.0,0,0.0,0.0
1794.0,C,RUNNING,1790.836,2,2,1,3,0.3333,5.0,99.8,1111.5936,0.0,0,0.0,0.0
1795.0,C,RUNNING,1791.836,2,2,1,3,0.3333,5.0,99.8,1110.5936,0.0,0,0.0,0.0
1796.0,C,RUNNING,1792.836,2,2,1,3,0.3333,5.0,99.8,1109.5936,0.0,0,0.0,0.0
1797.0,C,RUNNING,1793.836,2,2,1,3,0.3333,5.0,99.8,1108.5936,0.0,0,0.0,0.0
1798.0,C,RUNNING,1794.836,2,2,1,3,0.3333,5.0,99.8,1107.5936,0.0,0,0.0,0.0
1799.0,C,RUNNING,1795.836,2,2,1,3,0.3333,5.0,99.8,1106.5936,0.0,0,0.0,0.0
1800.0,C,RUNNING,1796.836,2,2,1,3,0.3333,5.0,99.8,1105.5936,0.0,0,0.0,0.0
1801.0,C,RUNNING,1797.836,2,2,1,3,0.3333,5.0,99.8,1104.5936,0.0,0,0.0,0.0
1802.0,C,RUNNING,1798.836,2,2,1,3,0.3333,5.0,99.8,1103.5936,0.0,0,0.0,0.0
1803.0,C,RUNNING,1799.836,2,2,1,3,0.3333,5.0,99.8,1102.5936,0.0,0,0.0,0.0
1804.0,C,RUNNING,1800.836,2,2,1,3,0.3333,5.0,99.8,1101.5936,0.0,0,0.0,0.0
1805.0,C,RUNNING,1801.836,2,2,1,3,0.3333,5.0,99.8,1100.5936,0.0,0,0.0,0.0
1806.0,C,RUNNING,1802.836,2,2,1,3,0.3333,5.0,99.8,1099.5936,0.0,0,0.0,0.0
1807.0,C,RUNNING,1803.836,2,2,1,3,0.3333,5.0,99.8,1098.5936,0.0,0,0.0,0.0
1808.0,C,RUNNING,1804.836,2,2,1,3,0.3333,5.0,99.8,1097.5936,0.0,0,0.0,0.0
1809.0,C,RUNNING,1805.836,2,2,1,3,0.3333,5.0,99.8,1096.5936,0.0,0,0.0,0.0
1810.0,C,RUNNING,1806.836,2,2,1,3,0.3333,5.0,99.8,1095.5936,0.0,0,0.0,0.0
1811.0,C,RUNNING,1807.836,2,2,1,3,0.3333,5.0,99.8,1094.5936,0.0,0,0.0,0.0
1812.0,C,RUNNING,1808.836,2,2,1,3,0.3333,5.0,99.8,1093.5936,0.0,0,0.0,0.0
1813.0,C,RUNNING,1809.836,2,2,1,3,0.3333,5.0,99.8,1092.5936,0.0,0,0.0,0.0
1814.0,C,RUNNING,1810.836,2,2,1,3,0.3333,5.0,99.8,1091.5936,0.0,0,0.0,0.0
1815.0,C,RUNNING,1811.836,2,2,1,3,0.3333,5.0,99.8,1090.5936,0.0,0,0.0,0.0
1816.0,C,RUNNING,1812.836,2,2,1,3,0.3333,5.0,99.8,1089.5936,0.0,0,0.0,0.0
1817.0,C,RUNNING,1813.836,2,2,1,3,0.3333,5.0,99.8,1088.5936,0.0,0,0.0,0.0
1818.0,C,RUNNING,1814.836,2,2,1,3,0.3333,5.0,99.8,1087.5936,0.0,0,0.0,0.0
1819.0,C,RUNNING,1815.836,2,2,1,3,0.3333,5.0,99.8,1086.5936,0.0,0,0.0,0.0
1820.0,C,RUNNING,1816.836,2,2,1,3,0.3333,5.0,99.8,1085.5936,0.0,0,0.0,0.0
1821.0,C,RUNNING,1817.836,2,2,1,3,0.3333,5.0,99.8,1084.5936,0.0,0,0.0,0.0
1822.0,C,RUNNING,1818.836,2,2,1,3,0.3333,5.0,99.8,1083.5936,0.0,0,0.0,0.0
1823.0,C,RUNNING,1819.836,2,2,1,3,0.3333,5.0,99.8,1082.5936,0.0,0,0.0,0.0
1824.0,C,RUNNING,1820.836,2,2,1,3,0.3333,5.0,99.8,1081.5936,0.0,0,0.0,0.0
1825.0,C,RUNNING,1821.836,2,2,1,3,0.3333,5.0,99.8,1080.5936,0.0,0,0.0,0.0
1826.0,C,RUNNING,1822.836,2,2,1,3,0.3333,5.0,99.8,1079.5936,0.0,0,0.0,0.0
1827.0,C,RUNNING,1823.836,2,2,1,3,0.3333,5.0,99.8,1078.5936,0.0,0,0.0,0.0
1828.0,C,RUNNING,1824.836,2,2,1,3,0.3333,5.0,99.8,1077.5936,0.0,0,0.0,0.0
1829.0,C,RUNNING,1825.836,2,2,1,3,0.3333,5.0,99.8,1076.5936,0.0,0,0.0,0.0
1830.0,C,RUNNING,1826.836,2,2,1,3,0.3333,5.0,99.8,1075.5936,0.0,0,0.0,0.0
1831.0,C,RUNNING,1827.836,2,2,1,3,0.3333,5.0,99.8,1074.5936,0.0,0,0.0,0.0
1832.0,C,RUNNING,1828.836,2,2,1,3,0.3333,5.0,99.8,1073.5936,0.0,0,0.0,0.0
1833.0,C,RUNNING,1829.836,2,2,1,3,0.3333,5.0,99.8,1072.5936,0.0,0,0.0,0.0
1834.0,C,RUNNING,1830.836,2,2,1,3,0.3333,5.0,99.8,1071.5936,0.0,0,0.0,0.0
1835.0,C,RUNNING,1831.836,2,2,1,3,0.3333,5.0,99.8,1070.5936,0.0,0,0.0,0.0
1836.0,C,RUNNING,1832.836,2,2,1,3,0.3333,5.0,99.8,1069.5936,0.0,0,0.0,0.0
1837.0,C,RUNNING,1833.836,2,2,1,3,0.3333,5.0,99.8,1068.5936,0.0,0,0.0,0.0
1838.0,C,RUNNING,1834.836,2,2,1,3,0.3333,5.0,99.8,1067.5936,0.0,0,0.0,0.0
1839.0,C,RUNNING,1835.836,2,2,1,3,0.3333,5.0,99.8,1066.5936,0.0,0,0.0,0.0
1840.0,C,RUNNING,1836.836,2,2,1,3,0.3333,5.0,99.8,1065.5936,0.0,0,0.0,0.0
1841.0,C,RUNNING,1837.836,2,2,1,3,0.3333,5.0,99.8,1064.5936,0.0,0,0.0,0.0
1842.0,C,RUNNING,1838.836,2,2,1,3,0.3333,5.0,99.8,1063.5936,0.0,0,0.0,0.0
1843.0,C,RUNNING,1839.836,2,2,1,3,0.3333,5.0,99.8,1062.5936,0.0,0,0.0,0.0
1844.0,C,RUNNING,1840.836,2,2,1,3,0.3333,5.0,99.8,1061.5936,0.0,0,0.0,0.0
1845.0,C,RUNNING,1841.836,2,2,1,3,0.3333,5.0,99.8,1060.5936,0.0,0,0.0,0.0
1846.0,C,RUNNING,1842.836,2,2,1,3,0.3333,5.0,99.8,1059.5936,0.0,0,0.0,0.0
1847.0,C,RUNNING,1843.836,2,2,1,3,0.3333,5.0,99.8,1058.5936,0.0,0,0.0,0.0
1848.0,C,RUNNING,1844.836,2,2,1,3,0.3333,5.0,99.8,1057.5936,0.0,0,0.0,0.0
1849.0,C,RUNNING,1845.836,2,2,1,3,0.3333,5.0,99.8,1056.5936,0.0,0,0.0,0.0
1850.0,C,RUNNING,1846.836,2,2,1,3,0.3333,5.0,99.8,1055.5936,0.0,0,0.0,0.0
1851.0,C,RUNNING,1847.836,2,2,1,3,0.3333,5.0,99.8,1054.5936,0.0,0,0.0,0.0
1852.0,C,RUNNING,1848.836,2,2,1,3,0.3333,5.0,99.8,1053.5936,0.0,0,0.0,0.0
1853.0,C,RUNNING,1849.836,2,2,1,3,0.3333,5.0,99.8,1052.5936,0.0,0,0.0,0.0
1854.0,C,RUNNING,1850.836,2,2,1,3,0.3333,5.0,99.8,1051.5936,0.0,0,0.0,0.0
1855.0,C,RUNNING,1851.836,2,2,1,3,0.3333,5.0,99.8,1050.5936,0.0,0,0.0,0.0
1856.0,C,RUNNING,1852.836,2,2,1,3,0.3333,5.0,99.8,1049.5936,0.0,0,0.0,0.0
1857.0,C,RUNNING,1853.836,2,2,1,3,0.3333,5.0,99.8,1048.5936,0.0,0,0.0,0.0
1858.0,C,RUNNING,1854.836,2,2,1,3,0.3333,5.0,99.8,1047.5936,0.0,0,0.0,0.0
1859.0,C,RUNNING,1855.836,2,2,1,3,0.3333,5.0,99.8,1046.5936,0.0,0,0.0,0.0
1860.0,C,RUNNING,1856.836,2,2,1,3,0.3333,5.0,99.8,1045.5936,0.0,0,0.0,0.0
1861.0,C,RUNNING,1857.836,2,2,1,3,0.3333,5.0,99.8,1044.5936,0.0,0,0.0,0.0
1862.0,C,RUNNING,1858.836,2,2,1,3,0.3333,5.0,99.8,1043.5936,0.0,0,0.0,0.0
1863.0,C,RUNNING,1859.836,2,2,1,3,0.3333,5.0,99.8,1042.5936,0.0,0,0.0,0.0
1864.0,C,RUNNING,1860.836,2,2,1,3,0.3333,5.0,99.8,1041.5936,0.0,0,0.0,0.0
1865.0,C,RUNNING,1861.836,2,2,1,3,0.3333,5.0,99.8,1040.5936,0.0,0,0.0,0.0
1866.0,C,RUNNING,1862.836,2,2,1,3,0.3333,5.0,99.8,1039.5936,0.0,0,0.0,0.0
1867.0,C,RUNNING,1863.836,2,2,1,3,0.3333,5.0,99.8,1038.5936,0.0,0,0.0,0.0
1868.0,C,RUNNING,1864.836,2,2,1,3,0.3333,5.0,99.8,1037.5936,0.0,0,0.0,0.0
1869.0,C,RUNNING,1865.836,2,2,1,3,0.3333,5.0,99.8,1036.5936,0.0,0,0.0,0.0
1870.0,C,RUNNING,1866.836,2,2,1,3,0.3333,5.0,99.8,1035.5936,0.0,0,0.0,0.0
1871.0,C,RUNNING,1867.836,2,2,1,3,0.3333,5.0,99.8,1034.5936,0.0,0,0.0,0.0
1872.0,C,RUNNING,1868.836,2,2,1,3,0.3333,5.0,99.8,1033.5936,0.0,0,0.0,0.0
1873.0,C,RUNNING,1869.836,2,2,1,3,0.3333,5.0,99.8,1032.5936,0.0,0,0.0,0.0
1874.0,C,RUNNING,1870.836,2,2,1,3,0.3333,5.0,99.8,1031.5936,0.0,0,0.0,0.0
1875.0,C,RUNNING,1871.836,2,2,1,3,0.3333,5.0,99.8,1030.5936,0.0,0,0.0,0.0
1876.0,C,RUNNING,1872.836,2,2,1,3,0.3333,5.0,99.8,1029.5936,0.0,0,0.0,0.0
1877.0,C,RUNNING,1873.836,2,2,1,3,0.3333,5.0,99.8,1028.5936,0.0,0,0.0,0.0
1878.0,C,RUNNING,1874.836,2,2,1,3,0.3333,5.0,99.8,1027.5936,0.0,0,0.0,0.0
1879.0,C,RUNNING,1875.836,2,2,1,3,0.3333,5.0,99.8,1026.5936,0.0,0,0.0,0.0
1880.0,C,RUNNING,1876.836,2,2,1,3,0.3333,5.0,99.8,1025.5936,0.0,0,0.0,0.0
1881.0,C,RUNNING,1877.836,2,2,1,3,0.3333,5.0,99.8,1024.5936,0.0,0,0.0,0.0
1882.0,C,RUNNING,1878.836,2,2,1,3,0.3333,5.0,99.8,1023.5936,0.0,0,0.0,0.0
1883.0,C,RUNNING,1879.836,2,2,1,3,0.3333,5.0,99.8,1022.5936,0.0,0,0.0,0.0
1884.0,C,RUNNING,1880.836,2,2,1,3,0.3333,5.0,99.8,1021.5936,0.0,0,0.0,0.0
1885.0,C,RUNNING,1881.836,2,2,1,3,0.3333,5.0,99.8,1020.5936,0.0,0,0.0,0.0
1886.0,C,RUNNING,1882.836,2,2,1,3,0.3333,5.0,99.8,1019.5936,0.0,0,0.0,0.0
1887.0,C,RUNNING,1883.836,2,2,1,3,0.3333,5.0,99.8,1018.5936,0.0,0,0.0,0.0
1888.0,C,RUNNING,1884.836,2,2,1,3,0.3333,5.0,99.8,1017.5936,0.0,0,0.0,0.0
1889.0,C,RUNNING,1885.836,2,2,1,3,0.3333,5.0,99.8,1016.5936,0.0,0,0.0,0.0
1890.0,C,RUNNING,1886.836,2,2,1,3,0.3333,5.0,99.8,1015.5936,0.0,0,0.0,0.0
1891.0,C,RUNNING,1887.836,2,2,1,3,0.3333,5.0,99.8,1014.5936,0.0,0,0.0,0.0
1892.0,C,RUNNING,1888.836,2,2,1,3,0.3333,5.0,99.8,1013.5936,0.0,0,0.0,0.0
1893.0,C,RUNNING,1889.836,2,2,1,3,0.3333,5.0,99.8,1012.5936,0.0,0,0.0,0.0
1894.0,C,RUNNING,1890.836,2,2,1,3,0.3333,5.0,99.8,1011.5936,0.0,0,0.0,0.0
1895.0,C,RUNNING,1891.836,2,2,1,3,0.3333,5.0,99.8,1010.5936,0.0,0,0.0,0.0
1896.0,C,RUNNING,1892.836,2,2,1,3,0.3333,5.0,99.8,1009.5936,0.0,0,0.0,0.0
1897.0,C,RUNNING,1893.836,2,2,1,3,0.3333,5.0,99.8,1008.5936,0.0,0,0.0,0.0
1898.0,C,RUNNING,1894.836,2,2,1,3,0.3333,5.0,99.8,1007.5936,0.0,0,0.0,0.0
1899.0,C,RUNNING,1895.836,2,2,1,3,0.3333,5.0,99.8,1006.5936,0.0,0,0.0,0.0
1900.0,C,RUNNING,1896.836,2,2,1,3,0.3333,5.0,99.8,1005.5936,0.0,0,0.0,0.0
1901.0,C,RUNNING,1897.836,2,2,1,3,0.3333,5.0,99.8,1004.5936,0.0,0,0.0,0.0
1902.0,C,RUNNING,1898.836,2,2,1,3,0.3333,5.0,99.8,1003.5936,0.0,0,0.0,0.0
1903.0,C,RUNNING,1899.836,2,2,1,3,0.3333,5.0,99.8,1002.5936,0.0,0,0.0,0.0
1904.0,C,RUNNING,1900.836,2,2,1,3,0.3333,5.0,99.8,1001.5936,0.0,0,0.0,0.0
1905.0,C,RUNNING,1901.836,2,2,1,3,0.3333,5.0,99.8,1000.5936,0.0,0,0.0,0.0
1906.0,C,RUNNING,1902.836,2,2,1,3,0.3333,5.0,99.8,999.5936,0.0,0,0.0,0.0
1907.0,C,RUNNING,1903.836,2,2,1,3,0.3333,5.0,99.8,998.5936,0.0,0,0.0,0.0
1908.0,C,RUNNING,1904.836,2,2,1,3,0.3333,5.0,99.8,997.5936,0.0,0,0.0,0.0
1909.0,C,RUNNING,1905.836,2,2,1,3,0.3333,5.0,99.8,996.5936,0.0,0,0.0,0.0
1910.0,C,RUNNING,1906.836,2,2,1,3,0.3333,5.0,99.8,995.5936,0.0,0,0.0,0.0
1911.0,C,RUNNING,1907.836,2,2,1,3,0.3333,5.0,99.8,994.5936,0.0,0,0.0,0.0
1912.0,C,RUNNING,1908.836,2,2,1,3,0.3333,5.0,99.8,993.5936,0.0,0,0.0,0.0
1913.0,C,RUNNING,1909.836,2,2,1,3,0.3333,5.0,99.8,992.5936,0.0,0,0.0,0.0
1914.0,C,RUNNING,1910.836,2,2,1,3,0.3333,5.0,99.8,991.5936,0.0,0,0.0,0.0
1915.0,C,RUNNING,1911.836,2,2,1,3,0.3333,5.0,99.8,990.5936,0.0,0,0.0,0.0
1916.0,C,RUNNING,1912.836,2,2,1,3,0.3333,5.0,99.8,989.5936,0.0,0,0.0,0.0
1917.0,C,RUNNING,1913.836,2,2,1,3,0.3333,5.0,99.8,988.5936,0.0,0,0.0,0.0
1918.0,C,RUNNING,1914.836,2,2,1,3,0.3333,5.0,99.8,987.5936,0.0,0,0.0,0.0
1919.0,C,RUNNING,1915.836,2,2,1,3,0.3333,5.0,99.8,986.5936,0.0,0,0.0,0.0
1920.0,C,RUNNING,1916.836,2,2,1,3,0.3333,5.0,99.8,985.5936,0.0,0,0.0,0.0
1921.0,C,RUNNING,1917.836,2,2,1,3,0.3333,5.0,99.8,984.5936,0.0,0,0.0,0.0
1922.0,C,RUNNING,1918.836,2,2,1,3,0.3333,5.0,99.8,983.5936,0.0,0,0.0,0.0
1923.0,C,RUNNING,1919.836,2,2,1,3,0.3333,5.0,99.8,982.5936,0.0,0,0.0,0.0
1924.0,C,RUNNING,1920.836,2,2,1,3,0.3333,5.0,99.8,981.5936,0.0,0,0.0,0.0
1925.0,C,RUNNING,1921.836,2,2,1,3,0.3333,5.0,99.8,980.5936,0.0,0,0.0,0.0
1926.0,C,RUNNING,1922.836,2,2,1,3,0.3333,5.0,99.8,979.5936,0.0,0,0.0,0.0
1927.0,C,RUNNING,1923.836,2,2,1,3,0.3333,5.0,99.8,978.5936,0.0,0,0.0,0.0
1928.0,C,RUNNING,1924.836,2,2,1,3,0.3333,5.0,99.8,977.5936,0.0,0,0.0,0.0
1929.0,C,RUNNING,1925.836,2,2,1,3,0.3333,5.0,99.8,976.5936,0.0,0,0.0,0.0
1930.0,C,RUNNING,1926.836,2,2,1,3,0.3333,5.0,99.8,975.5936,0.0,0,0.0,0.0
1931.0,C,RUNNING,1927.836,2,2,1,3,0.3333,5.0,99.8,974.5936,0.0,0,0.0,0.0
1932.0,C,RUNNING,1928.836,2,2,1,3,0.3333,5.0,99.8,973.5936,0.0,0,0.0,0.0
1933.0,C,RUNNING,1929.836,2,2,1,3,0.3333,5.0,99.8,972.5936,0.0,0,0.0,0.0
1934.0,C,RUNNING,1930.836,2,2,1,3,0.3333,5.0,99.8,971.5936,0.0,0,0.0,0.0
1935.0,C,RUNNING,1931.836,2,2,1,3,0.3333,5.0,99.8,970.5936,0.0,0,0.0,0.0
1936.0,C,RUNNING,1932.836,2,2,1,3,0.3333,5.0,99.8,969.5936,0.0,0,0.0,0.0
1937.0,C,RUNNING,1933.836,2,2,1,3,0.3333,5.0,99.8,968.5936,0.0,0,0.0,0.0
1938.0,C,RUNNING,1934.836,2,2,1,3,0.3333,5.0,99.8,967.5936,0.0,0,0.0,0.0
1939.0,C,RUNNING,1935.836,2,2,1,3,0.3333,5.0,99.8,966.5936,0.0,0,0.0,0.0
1940.0,C,RUNNING,1936.836,2,2,1,3,0.3333,5.0,99.8,965.5936,0.0,0,0.0,0.0
1941.0,C,RUNNING,1937.836,2,2,1,3,0.3333,5.0,99.8,964.5936,0.0,0,0.0,0.0
1942.0,C,RUNNING,1938.836,2,2,1,3,0.3333,5.0,99.8,963.5936,0.0,0,0.0,0.0
1943.0,C,RUNNING,1939.836,2,2,1,3,0.3333,5.0,99.8,962.5936,0.0,0,0.0,0.0
1944.0,C,RUNNING,1940.836,2,2,1,3,0.3333,5.0,99.8,961.5936,0.0,0,0.0,0.0
1945.0,C,RUNNING,1941.836,2,2,1,3,0.3333,5.0,99.8,960.5936,0.0,0,0.0,0.0
1946.0,C,RUNNING,1942.836,2,2,1,3,0.3333,5.0,99.8,959.5936,0.0,0,0.0,0.0
1947.0,C,RUNNING,1943.836,2,2,1,3,0.3333,5.0,99.8,958.5936,0.0,0,0.0,0.0
1948.0,C,RUNNING,1944.836,2,2,1,3,0.3333,5.0,99.8,957.5936,0.0,0,0.0,0.0
1949.0,C,RUNNING,1945.836,2,2,1,3,0.3333,5.0,99.8,956.5936,0.0,0,0.0,0.0
1950.0,C,RUNNING,1946.836,2,2,1,3,0.3333,5.0,99.8,955.5936,0.0,0,0.0,0.0
1951.0,C,RUNNING,1947.836,2,2,1,3,0.3333,5.0,99.8,954.5936,0.0,0,0.0,0.0
1952.0,C,RUNNING,1948.836,2,2,1,3,0.3333,5.0,99.8,953.5936,0.0,0,0.0,0.0
1953.0,C,RUNNING,1949.836,2,2,1,3,0.3333,5.0,99.8,952.5936,0.0,0,0.0,0.0
1954.0,C,RUNNING,1950.836,2,2,1,3,0.3333,5.0,99.8,951.5936,0.0,0,0.0,0.0
1955.0,C,RUNNING,1951.836,2,2,1,3,0.3333,5.0,99.8,950.5936,0.0,0,0.0,0.0
1956.0,C,RUNNING,1952.836,2,2,1,3,0.3333,5.0,99.8,949.5936,0.0,0,0.0,0.0
1957.0,C,RUNNING,1953.836,2,2,1,3,0.3333,5.0,99.8,948.5936,0.0,0,0.0,0.0
1958.0,C,RUNNING,1954.836,2,2,1,3,0.3333,5.0,99.8,947.5936,0.0,0,0.0,0.0
1959.0,C,RUNNING,1955.836,2,2,1,3,0.3333,5.0,99.8,946.5936,0.0,0,0.0,0.0
1960.0,C,RUNNING,1956.836,2,2,1,3,0.3333,5.0,99.8,945.5936,0.0,0,0.0,0.0
1961.0,C,RUNNING,1957.836,2,2,1,3,0.3333,5.0,99.8,944.5936,0.0,0,0.0,0.0
1962.0,C,RUNNING,1958.836,2,2,1,3,0.3333,5.0,99.8,943.5936,0.0,0,0.0,0.0
1963.0,C,RUNNING,1959.836,2,2,1,3,0.3333,5.0,99.8,942.5936,0.0,0,0.0,0.0
1964.0,C,RUNNING,1960.836,2,2,1,3,0.3333,5.0,99.8,941.5936,0.0,0,0.0,0.0
1965.0,C,RUNNING,1961.836,2,2,1,3,0.3333,5.0,99.8,940.5936,0.0,0,0.0,0.0
1966.0,C,RUNNING,1962.836,2,2,1,3,0.3333,5.0,99.8,939.5936,0.0,0,0.0,0.0
1967.0,C,RUNNING,1963.836,2,2,1,3,0.3333,5.0,99.8,938.5936,0.0,0,0.0,0.0
1968.0,C,RUNNING,1964.836,2,2,1,3,0.3333,5.0,99.8,937.5936,0.0,0,0.0,0.0
1969.0,C,RUNNING,1965.836,2,2,1,3,0.3333,5.0,99.8,936.5936,0.0,0,0.0,0.0
1970.0,C,RUNNING,1966.836,2,2,1,3,0.3333,5.0,99.8,935.5936,0.0,0,0.0,0.0
1971.0,C,RUNNING,1967.836,2,2,1,3,0.3333,5.0,99.8,934.5936,0.0,0,0.0,0.0
1972.0,C,RUNNING,1968.836,2,2,1,3,0.3333,5.0,99.8,933.5936,0.0,0,0.0,0.0
1973.0,C,RUNNING,1969.836,2,2,1,3,0.3333,5.0,99.8,932.5936,0.0,0,0.0,0.0
1974.0,C,RUNNING,1970.836,2,2,1,3,0.3333,5.0,99.8,931.5936,0.0,0,0.0,0.0
1975.0,C,RUNNING,1971.836,2,2,1,3,0.3333,5.0,99.8,930.5936,0.0,0,0.0,0.0
1976.0,C,RUNNING,1972.836,2,2,1,3,0.3333,5.0,99.8,929.5936,0.0,0,0.0,0.0
1977.0,C,RUNNING,1973.836,2,2,1,3,0.3333,5.0,99.8,928.5936,0.0,0,0.0,0.0
1978.0,C,RUNNING,1974.836,2,2,1,3,0.3333,5.0,99.8,927.5936,0.0,0,0.0,0.0
1979.0,C,RUNNING,1975.836,2,2,1,3,0.3333,5.0,99.8,926.5936,0.0,0,0.0,0.0
1980.0,C,RUNNING,1976.836,2,2,1,3,0.3333,5.0,99.8,925.5936,0.0,0,0.0,0.0
1981.0,C,RUNNING,1977.836,2,2,1,3,0.3333,5.0,99.8,924.5936,0.0,0,0.0,0.0
1982.0,C,RUNNING,1978.836,2,2,1,3,0.3333,5.0,99.8,923.5936,0.0,0,0.0,0.0
1983.0,C,RUNNING,1979.836,2,2,1,3,0.3333,5.0,99.8,922.5936,0.0,0,0.0,0.0
1984.0,C,RUNNING,1980.836,2,2,1,3,0.3333,5.0,99.8,921.5936,0.0,0,0.0,0.0
1985.0,C,RUNNING,1981.836,2,2,1,3,0.3333,5.0,99.8,920.5936,0.0,0,0.0,0.0
1986.0,C,RUNNING,1982.836,2,2,1,3,0.3333,5.0,99.8,919.5936,0.0,0,0.0,0.0
1987.0,C,RUNNING,1983.836,2,2,1,3,0.3333,5.0,99.8,918.5936,0.0,0,0.0,0.0
1988.0,C,RUNNING,1984.836,2,2,1,3,0.3333,5.0,99.8,917.5936,0.0,0,0.0,0.0
1989.0,C,RUNNING,1985.836,2,2,1,3,0.3333,5.0,99.8,916.5936,0.0,0,0.0,0.0
1990.0,C,RUNNING,1986.836,2,2,1,3,0.3333,5.0,99.8,915.5936,0.0,0,0.0,0.0
1991.0,C,RUNNING,1987.836,2,2,1,3,0.3333,5.0,99.8,914.5936,0.0,0,0.0,0.0
1992.0,C,RUNNING,1988.836,2,2,1,3,0.3333,5.0,99.8,913.5936,0.0,0,0.0,0.0
1993.0,C,RUNNING,1989.836,2,2,1,3,0.3333,5.0,99.8,912.5936,0.0,0,0.0,0.0
1994.0,C,RUNNING,1990.836,2,2,1,3,0.3333,5.0,99.8,911.5936,0.0,0,0.0,0.0
1995.0,C,RUNNING,1991.836,2,2,1,3,0.3333,5.0,99.8,910.5936,0.0,0,0.0,0.0
1996.0,C,RUNNING,1992.836,2,2,1,3,0.3333,5.0,99.8,909.5936,0.0,0,0.0,0.0
1997.0,C,RUNNING,1993.836,2,2,1,3,0.3333,5.0,99.8,908.5936,0.0,0,0.0,0.0
1998.0,C,RUNNING,1994.836,2,2,1,3,0.3333,5.0,99.8,907.5936,0.0,0,0.0,0.0
1999.0,C,RUNNING,1995.836,2,2,1,3,0.3333,5.0,99.8,906.5936,0.0,0,0.0,0.0
2000.0,C,RUNNING,1996.836,2,2,1,3,0.3333,5.0,99.8,905.5936,0.0,0,0.0,0.0
2001.0,C,RUNNING,1997.836,2,2,1,3,0.3333,5.0,99.8,904.5936,0.0,0,0.0,0.0
2002.0,C,RUNNING,1998.836,2,2,1,3,0.3333,5.0,99.8,903.5936,0.0,0,0.0,0.0
2003.0,C,RUNNING,1999.836,2,2,1,3,0.3333,5.0,99.8,902.5936,0.0,0,0.0,0.0
2004.0,C,RUNNING,2000.836,2,2,1,3,0.3333,5.0,99.8,901.5936,0.0,0,0.0,0.0
2005.0,C,RUNNING,2001.836,2,2,1,3,0.3333,5.0,99.8,900.5936,0.0,0,0.0,0.0
2006.0,C,RUNNING,2002.836,2,2,1,3,0.3333,5.0,99.8,899.5936,0.0,0,0.0,0.0
2007.0,C,RUNNING,2003.836,2,2,1,3,0.3333,5.0,99.8,898.5936,0.0,0,0.0,0.0
2008.0,C,RUNNING,2004.836,2,2,1,3,0.3333,5.0,99.8,897.5936,0.0,0,0.0,0.0
2009.0,C,RUNNING,2005.836,2,2,1,3,0.3333,5.0,99.8,896.5936,0.0,0,0.0,0.0
2010.0,C,RUNNING,2006.836,2,2,1,3,0.3333,5.0,99.8,895.5936,0.0,0,0.0,0.0
2011.0,C,RUNNING,2007.836,2,2,1,3,0.3333,5.0,99.8,894.5936,0.0,0,0.0,0.0
2012.0,C,RUNNING,2008.836,2,2,1,3,0.3333,5.0,99.8,893.5936,0.0,0,0.0,0.0
2013.0,C,RUNNING,2009.836,2,2,1,3,0.3333,5.0,99.8,892.5936,0.0,0,0.0,0.0
2014.0,C,RUNNING,2010.836,2,2,1,3,0.3333,5.0,99.8,891.5936,0.0,0,0.0,0.0
2015.0,C,RUNNING,2011.836,2,2,1,3,0.3333,5.0,99.8,890.5936,0.0,0,0.0,0.0
2016.0,C,RUNNING,2012.836,2,2,1,3,0.3333,5.0,99.8,889.5936,0.0,0,0.0,0.0
2017.0,C,RUNNING,2013.836,2,2,1,3,0.3333,5.0,99.8,888.5936,0.0,0,0.0,0.0
2018.0,C,RUNNING,2014.836,2,2,1,3,0.3333,5.0,99.8,887.5936,0.0,0,0.0,0.0
2019.0,C,RUNNING,2015.836,2,2,1,3,0.3333,5.0,99.8,886.5936,0.0,0,0.0,0.0
2020.0,C,RUNNING,2016.836,2,2,1,3,0.3333,5.0,99.8,885.5936,0.0,0,0.0,0.0
2021.0,C,RUNNING,2017.836,2,2,1,3,0.3333,5.0,99.8,884.5936,0.0,0,0.0,0.0
2022.0,C,RUNNING,2018.836,2,2,1,3,0.3333,5.0,99.8,883.5936,0.0,0,0.0,0.0
2023.0,C,RUNNING,2019.836,2,2,1,3,0.3333,5.0,99.8,882.5936,0.0,0,0.0,0.0
2024.0,C,RUNNING,2020.836,2,2,1,3,0.3333,5.0,99.8,881.5936,0.0,0,0.0,0.0
2025.0,C,RUNNING,2021.836,2,2,1,3,0.3333,5.0,99.8,880.5936,0.0,0,0.0,0.0
2026.0,C,RUNNING,2022.836,2,2,1,3,0.3333,5.0,99.8,879.5936,0.0,0,0.0,0.0
2027.0,C,RUNNING,2023.836,2,2,1,3,0.3333,5.0,99.8,878.5936,0.0,0,0.0,0.0
2028.0,C,RUNNING,2024.836,2,2,1,3,0.3333,5.0,99.8,877.5936,0.0,0,0.0,0.0
2029.0,C,RUNNING,2025.836,2,2,1,3,0.3333,5.0,99.8,876.5936,0.0,0,0.0,0.0
2030.0,C,RUNNING,2026.836,2,2,1,3,0.3333,5.0,99.8,875.5936,0.0,0,0.0,0.0
2031.0,C,RUNNING,2027.836,2,2,1,3,0.3333,5.0,99.8,874.5936,0.0,0,0.0,0.0
2032.0,C,RUNNING,2028.836,2,2,1,3,0.3333,5.0,99.8,873.5936,0.0,0,0.0,0.0
2033.0,C,RUNNING,2029.836,2,2,1,3,0.3333,5.0,99.8,872.5936,0.0,0,0.0,0.0
2034.0,C,RUNNING,2030.836,2,2,1,3,0.3333,5.0,99.8,871.5936,0.0,0,0.0,0.0
2035.0,C,RUNNING,2031.836,2,2,1,3,0.3333,5.0,99.8,870.5936,0.0,0,0.0,0.0
2036.0,C,RUNNING,2032.836,2,2,1,3,0.3333,5.0,99.8,869.5936,0.0,0,0.0,0.0
2037.0,C,RUNNING,2033.836,2,2,1,3,0.3333,5.0,99.8,868.5936,0.0,0,0.0,0.0
2038.0,C,RUNNING,2034.836,2,2,1,3,0.3333,5.0,99.8,867.5936,0.0,0,0.0,0.0
2039.0,C,RUNNING,2035.836,2,2,1,3,0.3333,5.0,99.8,866.5936,0.0,0,0.0,0.0
2040.0,C,RUNNING,2036.836,2,2,1,3,0.3333,5.0,99.8,865.5936,0.0,0,0.0,0.0
2041.0,C,RUNNING,2037.836,2,2,1,3,0.3333,5.0,99.8,864.5936,0.0,0,0.0,0.0
2042.0,C,RUNNING,2038.836,2,2,1,3,0.3333,5.0,99.8,863.5936,0.0,0,0.0,0.0
2043.0,C,RUNNING,2039.836,2,2,1,3,0.3333,5.0,99.8,862.5936,0.0,0,0.0,0.0
2044.0,C,RUNNING,2040.836,2,2,1,3,0.3333,5.0,99.8,861.5936,0.0,0,0.0,0.0
2045.0,C,RUNNING,2041.836,2,2,1,3,0.3333,5.0,99.8,860.5936,0.0,0,0.0,0.0
2046.0,C,RUNNING,2042.836,2,2,1,3,0.3333,5.0,99.8,859.5936,0.0,0,0.0,0.0
2047.0,C,RUNNING,2043.836,2,2,1,3,0.3333,5.0,99.8,858.5936,0.0,0,0.0,0.0
2048.0,C,RUNNING,2044.836,2,2,1,3,0.3333,5.0,99.8,857.5936,0.0,0,0.0,0.0
2049.0,C,RUNNING,2045.836,2,2,1,3,0.3333,5.0,99.8,856.5936,0.0,0,0.0,0.0
2050.0,C,RUNNING,2046.836,2,2,1,3,0.3333,5.0,99.8,855.5936,0.0,0,0.0,0.0
2051.0,C,RUNNING,2047.836,2,2,1,3,0.3333,5.0,99.8,854.5936,0.0,0,0.0,0.0
2052.0,C,RUNNING,2048.836,2,2,1,3,0.3333,5.0,99.8,853.5936,0.0,0,0.0,0.0
2053.0,C,RUNNING,2049.836,2,2,1,3,0.3333,5.0,99.8,852.5936,0.0,0,0.0,0.0
2054.0,C,RUNNING,2050.836,2,2,1,3,0.3333,5.0,99.8,851.5936,0.0,0,0.0,0.0
2055.0,C,RUNNING,2051.836,2,2,1,3,0.3333,5.0,99.8,850.5936,0.0,0,0.0,0.0
2056.0,C,RUNNING,2052.836,2,2,1,3,0.3333,5.0,99.8,849.5936,0.0,0,0.0,0.0
2057.0,C,RUNNING,2053.836,2,2,1,3,0.3333,5.0,99.8,848.5936,0.0,0,0.0,0.0
2058.0,C,RUNNING,2054.836,2,2,1,3,0.3333,5.0,99.8,847.5936,0.0,0,0.0,0.0
2059.0,C,RUNNING,2055.836,2,2,1,3,0.3333,5.0,99.8,846.5936,0.0,0,0.0,0.0
2060.0,C,RUNNING,2056.836,2,2,1,3,0.3333,5.0,99.8,845.5936,0.0,0,0.0,0.0
2061.0,C,RUNNING,2057.836,2,2,1,3,0.3333,5.0,99.8,844.5936,0.0,0,0.0,0.0
2062.0,C,RUNNING,2058.836,2,2,1,3,0.3333,5.0,99.8,843.5936,0.0,0,0.0,0.0
2063.0,C,RUNNING,2059.836,2,2,1,3,0.3333,5.0,99.8,842.5936,0.0,0,0.0,0.0
2064.0,C,RUNNING,2060.836,2,2,1,3,0.3333,5.0,99.8,841.5936,0.0,0,0.0,0.0
2065.0,C,RUNNING,2061.836,2,2,1,3,0.3333,5.0,99.8,840.5936,0.0,0,0.0,0.0
2066.0,C,RUNNING,2062.836,2,2,1,3,0.3333,5.0,99.8,839.5936,0.0,0,0.0,0.0
2067.0,C,RUNNING,2063.836,2,2,1,3,0.3333,5.0,99.8,838.5936,0.0,0,0.0,0.0
2068.0,C,RUNNING,2064.836,2,2,1,3,0.3333,5.0,99.8,837.5936,0.0,0,0.0,0.0
2069.0,C,RUNNING,2065.836,2,2,1,3,0.3333,5.0,99.8,836.5936,0.0,0,0.0,0.0
2070.0,C,RUNNING,2066.836,2,2,1,3,0.3333,5.0,99.8,835.5936,0.0,0,0.0,0.0
2071.0,C,RUNNING,2067.836,2,2,1,3,0.3333,5.0,99.8,834.5936,0.0,0,0.0,0.0
2072.0,C,RUNNING,2068.836,2,2,1,3,0.3333,5.0,99.8,833.5936,0.0,0,0.0,0.0
2073.0,C,RUNNING,2069.836,2,2,1,3,0.3333,5.0,99.8,832.5936,0.0,0,0.0,0.0
2074.0,C,RUNNING,2070.836,2,2,1,3,0.3333,5.0,99.8,831.5936,0.0,0,0.0,0.0
2075.0,C,RUNNING,2071.836,2,2,1,3,0.3333,5.0,99.8,830.5936,0.0,0,0.0,0.0
2076.0,C,RUNNING,2072.836,2,2,1,3,0.3333,5.0,99.8,829.5936,0.0,0,0.0,0.0
2077.0,C,RUNNING,2073.836,2,2,1,3,0.3333,5.0,99.8,828.5936,0.0,0,0.0,0.0
2078.0,C,RUNNING,2074.836,2,2,1,3,0.3333,5.0,99.8,827.5936,0.0,0,0.0,0.0
2079.0,C,RUNNING,2075.836,2,2,1,3,0.3333,5.0,99.8,826.5936,0.0,0,0.0,0.0
2080.0,C,RUNNING,2076.836,2,2,1,3,0.3333,5.0,99.8,825.5936,0.0,0,0.0,0.0
2081.0,C,RUNNING,2077.836,2,2,1,3,0.3333,5.0,99.8,824.5936,0.0,0,0.0,0.0
2082.0,C,RUNNING,2078.836,2,2,1,3,0.3333,5.0,99.8,823.5936,0.0,0,0.0,0.0
2083.0,C,RUNNING,2079.836,2,2,1,3,0.3333,5.0,99.8,822.5936,0.0,0,0.0,0.0
2084.0,C,RUNNING,2080.836,2,2,1,3,0.3333,5.0,99.8,821.5936,0.0,0,0.0,0.0
2085.0,C,RUNNING,2081.836,2,2,1,3,0.3333,5.0,99.8,820.5936,0.0,0,0.0,0.0
2086.0,C,RUNNING,2082.836,2,2,1,3,0.3333,5.0,99.8,819.5936,0.0,0,0.0,0.0
2087.0,C,RUNNING,2083.836,2,2,1,3,0.3333,5.0,99.8,818.5936,0.0,0,0.0,0.0
2088.0,C,RUNNING,2084.836,2,2,1,3,0.3333,5.0,99.8,817.5936,0.0,0,0.0,0.0
2089.0,C,RUNNING,2085.836,2,2,1,3,0.3333,5.0,99.8,816.5936,0.0,0,0.0,0.0
2090.0,C,RUNNING,2086.836,2,2,1,3,0.3333,5.0,99.8,815.5936,0.0,0,0.0,0.0
2091.0,C,RUNNING,2087.836,2,2,1,3,0.3333,5.0,99.8,814.5936,0.0,0,0.0,0.0
2092.0,C,RUNNING,2088.836,2,2,1,3,0.3333,5.0,99.8,813.5936,0.0,0,0.0,0.0
2093.0,C,RUNNING,2089.836,2,2,1,3,0.3333,5.0,99.8,812.5936,0.0,0,0.0,0.0
2094.0,C,RUNNING,2090.836,2,2,1,3,0.3333,5.0,99.8,811.5936,0.0,0,0.0,0.0
2095.0,C,RUNNING,2091.836,2,2,1,3,0.3333,5.0,99.8,810.5936,0.0,0,0.0,0.0
2096.0,C,RUNNING,2092.836,2,2,1,3,0.3333,5.0,99.8,809.5936,0.0,0,0.0,0.0
2097.0,C,RUNNING,2093.836,2,2,1,3,0.3333,5.0,99.8,808.5936,0.0,0,0.0,0.0
2098.0,C,RUNNING,2094.836,2,2,1,3,0.3333,5.0,99.8,807.5936,0.0,0,0.0,0.0
2099.0,C,RUNNING,2095.836,2,2,1,3,0.3333,5.0,99.8,806.5936,0.0,0,0.0,0.0
2100.0,C,RUNNING,2096.836,2,2,1,3,0.3333,5.0,99.8,805.5936,0.0,0,0.0,0.0
2101.0,C,RUNNING,2097.836,2,2,1,3,0.3333,5.0,99.8,804.5936,0.0,0,0.0,0.0
2102.0,C,RUNNING,2098.836,2,2,1,3,0.3333,5.0,99.8,803.5936,0.0,0,0.0,0.0
2103.0,C,RUNNING,2099.836,2,2,1,3,0.3333,5.0,99.8,802.5936,0.0,0,0.0,0.0
2104.0,C,RUNNING,2100.836,2,2,1,3,0.3333,5.0,99.8,801.5936,0.0,0,0.0,0.0
2105.0,C,RUNNING,2101.836,2,2,1,3,0.3333,5.0,99.8,800.5936,0.0,0,0.0,0.0
2106.0,C,RUNNING,2102.836,2,2,1,3,0.3333,5.0,99.8,799.5936,0.0,0,0.0,0.0
2107.0,C,RUNNING,2103.836,2,2,1,3,0.3333,5.0,99.8,798.5936,0.0,0,0.0,0.0
2108.0,C,RUNNING,2104.836,2,2,1,3,0.3333,5.0,99.8,797.5936,0.0,0,0.0,0.0
2109.0,C,RUNNING,2105.836,2,2,1,3,0.3333,5.0,99.8,796.5936,0.0,0,0.0,0.0
2110.0,C,RUNNING,2106.836,2,2,1,3,0.3333,5.0,99.8,795.5936,0.0,0,0.0,0.0
2111.0,C,RUNNING,2107.836,2,2,1,3,0.3333,5.0,99.8,794.5936,0.0,0,0.0,0.0
2112.0,C,RUNNING,2108.836,2,2,1,3,0.3333,5.0,99.8,793.5936,0.0,0,0.0,0.0
2113.0,C,RUNNING,2109.836,2,2,1,3,0.3333,5.0,99.8,792.5936,0.0,0,0.0,0.0
2114.0,C,RUNNING,2110.836,2,2,1,3,0.3333,5.0,99.8,791.5936,0.0,0,0.0,0.0
2115.0,C,RUNNING,2111.836,2,2,1,3,0.3333,5.0,99.8,790.5936,0.0,0,0.0,0.0
2116.0,C,RUNNING,2112.836,2,2,1,3,0.3333,5.0,99.8,789.5936,0.0,0,0.0,0.0
2117.0,C,RUNNING,2113.836,2,2,1,3,0.3333,5.0,99.8,788.5936,0.0,0,0.0,0.0
2118.0,C,RUNNING,2114.836,2,2,1,3,0.3333,5.0,99.8,787.5936,0.0,0,0.0,0.0
2119.0,C,RUNNING,2115.836,2,2,1,3,0.3333,5.0,99.8,786.5936,0.0,0,0.0,0.0
2120.0,C,RUNNING,2116.836,2,2,1,3,0.3333,5.0,99.8,785.5936,0.0,0,0.0,0.0
2121.0,C,RUNNING,2117.836,2,2,1,3,0.3333,5.0,99.8,784.5936,0.0,0,0.0,0.0
2122.0,C,RUNNING,2118.836,2,2,1,3,0.3333,5.0,99.8,783.5936,0.0,0,0.0,0.0
2123.0,C,RUNNING,2119.836,2,2,1,3,0.3333,5.0,99.8,782.5936,0.0,0,0.0,0.0
2124.0,C,RUNNING,2120.836,2,2,1,3,0.3333,5.0,99.8,781.5936,0.0,0,0.0,0.0
2125.0,C,RUNNING,2121.836,2,2,1,3,0.3333,5.0,99.8,780.5936,0.0,0,0.0,0.0
2126.0,C,RUNNING,2122.836,2,2,1,3,0.3333,5.0,99.8,779.5936,0.0,0,0.0,0.0
2127.0,C,RUNNING,2123.836,2,2,1,3,0.3333,5.0,99.8,778.5936,0.0,0,0.0,0.0
2128.0,C,RUNNING,2124.836,2,2,1,3,0.3333,5.0,99.8,777.5936,0.0,0,0.0,0.0
2129.0,C,RUNNING,2125.836,2,2,1,3,0.3333,5.0,99.8,776.5936,0.0,0,0.0,0.0
2130.0,C,RUNNING,2126.836,2,2,1,3,0.3333,5.0,99.8,775.5936,0.0,0,0.0,0.0
2131.0,C,RUNNING,2127.836,2,2,1,3,0.3333,5.0,99.8,774.5936,0.0,0,0.0,0.0
2132.0,C,RUNNING,2128.836,2,2,1,3,0.3333,5.0,99.8,773.5936,0.0,0,0.0,0.0
2133.0,C,RUNNING,2129.836,2,2,1,3,0.3333,5.0,99.8,772.5936,0.0,0,0.0,0.0
2134.0,C,RUNNING,2130.836,2,2,1,3,0.3333,5.0,99.8,771.5936,0.0,0,0.0,0.0
2135.0,C,RUNNING,2131.836,2,2,1,3,0.3333,5.0,99.8,770.5936,0.0,0,0.0,0.0
2136.0,C,RUNNING,2132.836,2,2,1,3,0.3333,5.0,99.8,769.5936,0.0,0,0.0,0.0
2137.0,C,RUNNING,2133.836,2,2,1,3,0.3333,5.0,99.8,768.5936,0.0,0,0.0,0.0
2138.0,C,RUNNING,2134.836,2,2,1,3,0.3333,5.0,99.8,767.5936,0.0,0,0.0,0.0
2139.0,C,RUNNING,2135.836,2,2,1,3,0.3333,5.0,99.8,766.5936,0.0,0,0.0,0.0
2140.0,C,RUNNING,2136.836,2,2,1,3,0.3333,5.0,99.8,765.5936,0.0,0,0.0,0.0
2141.0,C,RUNNING,2137.836,2,2,1,3,0.3333,5.0,99.8,764.5936,0.0,0,0.0,0.0
2142.0,C,RUNNING,2138.836,2,2,1,3,0.3333,5.0,99.8,763.5936,0.0,0,0.0,0.0
2143.0,C,RUNNING,2139.836,2,2,1,3,0.3333,5.0,99.8,762.5936,0.0,0,0.0,0.0
2144.0,C,RUNNING,2140.836,2,2,1,3,0.3333,5.0,99.8,761.5936,0.0,0,0.0,0.0
2145.0,C,RUNNING,2141.836,2,2,1,3,0.3333,5.0,99.8,760.5936,0.0,0,0.0,0.0
2146.0,C,RUNNING,2142.836,2,2,1,3,0.3333,5.0,99.8,759.5936,0.0,0,0.0,0.0
2147.0,C,RUNNING,2143.836,2,2,1,3,0.3333,5.0,99.8,758.5936,0.0,0,0.0,0.0
2148.0,C,RUNNING,2144.836,2,2,1,3,0.3333,5.0,99.8,757.5936,0.0,0,0.0,0.0
2149.0,C,RUNNING,2145.836,2,2,1,3,0.3333,5.0,99.8,756.5936,0.0,0,0.0,0.0
2150.0,C,RUNNING,2146.836,2,2,1,3,0.3333,5.0,99.8,755.5936,0.0,0,0.0,0.0
2151.0,C,RUNNING,2147.836,2,2,1,3,0.3333,5.0,99.8,754.5936,0.0,0,0.0,0.0
2152.0,C,RUNNING,2148.836,2,2,1,3,0.3333,5.0,99.8,753.5936,0.0,0,0.0,0.0
2153.0,C,RUNNING,2149.836,2,2,1,3,0.3333,5.0,99.8,752.5936,0.0,0,0.0,0.0
2154.0,C,RUNNING,2150.836,2,2,1,3,0.3333,5.0,99.8,751.5936,0.0,0,0.0,0.0
2155.0,C,RUNNING,2151.836,2,2,1,3,0.3333,5.0,99.8,750.5936,0.0,0,0.0,0.0
2156.0,C,RUNNING,2152.836,2,2,1,3,0.3333,5.0,99.8,749.5936,0.0,0,0.0,0.0
2157.0,C,RUNNING,2153.836,2,2,1,3,0.3333,5.0,99.8,748.5936,0.0,0,0.0,0.0
2158.0,C,RUNNING,2154.836,2,2,1,3,0.3333,5.0,99.8,747.5936,0.0,0,0.0,0.0
2159.0,C,RUNNING,2155.836,2,2,1,3,0.3333,5.0,99.8,746.5936,0.0,0,0.0,0.0
2160.0,C,RUNNING,2156.836,2,2,1,3,0.3333,5.0,99.8,745.5936,0.0,0,0.0,0.0
2161.0,C,RUNNING,2157.836,2,2,1,3,0.3333,5.0,99.8,744.5936,0.0,0,0.0,0.0
2162.0,C,RUNNING,2158.836,2,2,1,3,0.3333,5.0,99.8,743.5936,0.0,0,0.0,0.0
2163.0,C,RUNNING,2159.836,2,2,1,3,0.3333,5.0,99.8,742.5936,0.0,0,0.0,0.0
2164.0,C,RUNNING,2160.836,2,2,1,3,0.3333,5.0,99.8,741.5936,0.0,0,0.0,0.0
2165.0,C,RUNNING,2161.836,2,2,1,3,0.3333,5.0,99.8,740.5936,0.0,0,0.0,0.0
2166.0,C,RUNNING,2162.836,2,2,1,3,0.3333,5.0,99.8,739.5936,0.0,0,0.0,0.0
2167.0,C,RUNNING,2163.836,2,2,1,3,0.3333,5.0,99.8,738.5936,0.0,0,0.0,0.0
2168.0,C,RUNNING,2164.836,2,2,1,3,0.3333,5.0,99.8,737.5936,0.0,0,0.0,0.0
2169.0,C,RUNNING,2165.836,2,2,1,3,0.3333,5.0,99.8,736.5936,0.0,0,0.0,0.0
2170.0,C,RUNNING,2166.836,2,2,1,3,0.3333,5.0,99.8,735.5936,0.0,0,0.0,0.0
2171.0,C,RUNNING,2167.836,2,2,1,3,0.3333,5.0,99.8,734.5936,0.0,0,0.0,0.0
2172.0,C,RUNNING,2168.84,2,2,1,3,0.3333,5.0,99.8,733.5896,0.0,0,0.0,0.0
2173.0,C,RUNNING,2169.836,2,2,1,3,0.3333,5.0,99.8,732.5936,0.0,0,0.0,0.0
2174.0,C,RUNNING,2170.836,2,2,1,3,0.3333,5.0,99.8,731.5936,0.0,0,0.0,0.0
2175.0,C,RUNNING,2171.836,2,2,1,3,0.3333,5.0,99.8,730.5936,0.0,0,0.0,0.0
2176.0,C,RUNNING,2172.836,2,2,1,3,0.3333,5.0,99.8,729.5936,0.0,0,0.0,0.0
2177.0,C,RUNNING,2173.836,2,2,1,3,0.3333,5.0,99.8,728.5936,0.0,0,0.0,0.0
2178.0,C,RUNNING,2174.836,2,2,1,3,0.3333,5.0,99.8,727.5936,0.0,0,0.0,0.0
2179.0,C,RUNNING,2175.836,2,2,1,3,0.3333,5.0,99.8,726.5936,0.0,0,0.0,0.0
2180.0,C,RUNNING,2176.836,2,2,1,3,0.3333,5.0,99.8,725.5936,0.0,0,0.0,0.0
2181.0,C,RUNNING,2177.836,2,2,1,3,0.3333,5.0,99.8,724.5936,0.0,0,0.0,0.0
2182.0,C,RUNNING,2178.836,2,2,1,3,0.3333,5.0,99.8,723.5936,0.0,0,0.0,0.0
2183.0,C,RUNNING,2179.836,2,2,1,3,0.3333,5.0,99.8,722.5936,0.0,0,0.0,0.0
2184.0,C,RUNNING,2180.836,2,2,1,3,0.3333,5.0,99.8,721.5936,0.0,0,0.0,0.0
2185.0,C,RUNNING,2181.836,2,2,1,3,0.3333,5.0,99.8,720.5936,0.0,0,0.0,0.0
2186.0,C,RUNNING,2182.836,3,2,2,3,0.6667,5.0,99.7,919.7456,0.0,0,0.0,0.0
2187.0,C,RUNNING,2183.836,3,2,2,3,0.6667,5.0,99.7,918.7456,0.0,0,0.0,0.0
2188.0,C,RUNNING,2184.836,3,2,2,3,0.6667,5.0,99.7,917.7456,0.0,0,0.0,0.0
2189.0,C,RUNNING,2185.836,3,2,2,3,0.6667,5.0,99.7,916.7456,0.0,0,0.0,0.0
2190.0,C,RUNNING,2186.836,3,2,2,3,0.6667,5.0,99.7,915.7456,0.0,0,0.0,0.0
2191.0,C,RUNNING,2187.836,3,2,2,3,0.6667,5.0,99.7,914.7456,0.0,0,0.0,0.0
2192.0,C,RUNNING,2188.836,3,2,2,3,0.6667,5.0,99.7,913.7456,0.0,0,0.0,0.0
2193.0,C,RUNNING,2189.836,3,2,2,3,0.6667,5.0,99.7,912.7456,0.0,0,0.0,0.0
2194.0,C,RUNNING,2190.836,3,2,2,3,0.6667,5.0,99.7,911.7456,0.0,0,0.0,0.0
2195.0,C,RUNNING,2191.836,3,2,2,3,0.6667,5.0,99.7,910.7456,0.0,0,0.0,0.0
2196.0,C,RUNNING,2192.836,3,2,2,3,0.6667,5.0,99.7,909.7456,0.0,0,0.0,0.0
2197.0,C,RUNNING,2193.836,3,2,2,3,0.6667,5.0,99.7,908.7456,0.0,0,0.0,0.0
2198.0,C,RUNNING,2194.836,3,2,2,3,0.6667,5.0,99.7,907.7456,0.0,0,0.0,0.0
2199.0,C,RUNNING,2195.836,3,2,2,3,0.6667,5.0,99.7,906.7456,0.0,0,0.0,0.0
2200.0,C,RUNNING,2196.836,3,2,2,3,0.6667,5.0,99.7,905.7456,0.0,0,0.0,0.0
2201.0,C,RUNNING,2197.836,3,2,2,3,0.6667,5.0,99.7,904.7456,0.0,0,0.0,0.0
2202.0,C,RUNNING,2198.836,3,2,2,3,0.6667,5.0,99.7,903.7456,0.0,0,0.0,0.0
2203.0,C,RUNNING,2199.836,3,2,2,3,0.6667,5.0,99.7,902.7456,0.0,0,0.0,0.0
2204.0,C,RUNNING,2200.836,3,2,2,3,0.6667,5.0,99.7,901.7456,0.0,0,0.0,0.0
2205.0,C,RUNNING,2201.836,3,2,2,3,0.6667,5.0,99.7,900.7456,0.0,0,0.0,0.0
2206.0,C,RUNNING,2202.836,3,2,2,3,0.6667,5.0,99.7,899.7456,0.0,0,0.0,0.0
2207.0,C,RUNNING,2203.836,3,2,2,3,0.6667,5.0,99.7,898.7456,0.0,0,0.0,0.0
2208.0,C,RUNNING,2204.836,3,2,2,3,0.6667,5.0,99.7,897.7456,0.0,0,0.0,0.0
2209.0,C,RUNNING,2205.836,3,2,2,3,0.6667,5.0,99.7,896.7456,0.0,0,0.0,0.0
2210.0,C,RUNNING,2206.836,3,2,2,3,0.6667,5.0,99.7,895.7456,0.0,0,0.0,0.0
2211.0,C,RUNNING,2207.836,3,2,2,3,0.6667,5.0,99.7,894.7456,0.0,0,0.0,0.0
2212.0,C,RUNNING,2208.836,3,2,2,3,0.6667,5.0,99.7,893.7456,0.0,0,0.0,0.0
2213.0,C,RUNNING,2209.836,3,2,2,3,0.6667,5.0,99.7,892.7456,0.0,0,0.0,0.0
2214.0,C,RUNNING,2210.836,3,2,2,3,0.6667,5.0,99.7,891.7456,0.0,0,0.0,0.0
2215.0,C,RUNNING,2211.836,3,2,2,3,0.6667,5.0,99.7,890.7456,0.0,0,0.0,0.0
2216.0,C,RUNNING,2212.836,3,2,2,3,0.6667,5.0,99.7,889.7456,0.0,0,0.0,0.0
2217.0,C,RUNNING,2213.836,3,2,2,3,0.6667,5.0,99.7,888.7456,0.0,0,0.0,0.0
2218.0,C,RUNNING,2214.836,3,2,2,3,0.6667,5.0,99.7,887.7456,0.0,0,0.0,0.0
2219.0,C,RUNNING,2215.836,3,2,2,3,0.6667,5.0,99.7,886.7456,0.0,0,0.0,0.0
2220.0,C,RUNNING,2216.836,3,2,2,3,0.6667,5.0,99.7,885.7456,0.0,0,0.0,0.0
2221.0,C,RUNNING,2217.836,3,2,2,3,0.6667,5.0,99.7,884.7456,0.0,0,0.0,0.0
2222.0,C,RUNNING,2218.836,3,2,2,3,0.6667,5.0,99.7,883.7456,0.0,0,0.0,0.0
2223.0,C,RUNNING,2219.836,3,2,2,3,0.6667,5.0,99.7,882.7456,0.0,0,0.0,0.0
2224.0,C,RUNNING,2220.836,3,2,2,3,0.6667,5.0,99.7,881.7456,0.0,0,0.0,0.0
2225.0,C,RUNNING,2221.836,3,2,2,3,0.6667,5.0,99.7,880.7456,0.0,0,0.0,0.0
2226.0,C,RUNNING,2222.836,3,2,2,3,0.6667,5.0,99.7,879.7456,0.0,0,0.0,0.0
2227.0,C,RUNNING,2223.836,3,2,2,3,0.6667,5.0,99.7,878.7456,0.0,0,0.0,0.0
2228.0,C,RUNNING,2224.836,3,2,2,3,0.6667,5.0,99.7,877.7456,0.0,0,0.0,0.0
2229.0,C,RUNNING,2225.836,3,2,2,3,0.6667,5.0,99.7,876.7456,0.0,0,0.0,0.0
2230.0,C,RUNNING,2226.836,3,2,2,3,0.6667,5.0,99.7,875.7456,0.0,0,0.0,0.0
2231.0,C,RUNNING,2227.836,3,2,2,3,0.6667,5.0,99.7,874.7456,0.0,0,0.0,0.0
2232.0,C,RUNNING,2228.836,3,2,2,3,0.6667,5.0,99.7,873.7456,0.0,0,0.0,0.0
2233.0,C,RUNNING,2229.836,3,2,2,3,0.6667,5.0,99.7,872.7456,0.0,0,0.0,0.0
2234.0,C,RUNNING,2230.836,3,2,2,3,0.6667,5.0,99.7,871.7456,0.0,0,0.0,0.0
2235.0,C,RUNNING,2231.836,3,2,2,3,0.6667,5.0,99.7,870.7456,0.0,0,0.0,0.0
2236.0,C,RUNNING,2232.836,3,2,2,3,0.6667,5.0,99.7,869.7456,0.0,0,0.0,0.0
2237.0,C,RUNNING,2233.836,3,2,2,3,0.6667,5.0,99.7,868.7456,0.0,0,0.0,0.0
2238.0,C,RUNNING,2234.836,3,2,2,3,0.6667,5.0,99.7,867.7456,0.0,0,0.0,0.0
2239.0,C,RUNNING,2235.836,3,2,2,3,0.6667,5.0,99.7,866.7456,0.0,0,0.0,0.0
2240.0,C,RUNNING,2236.836,3,2,2,3,0.6667,5.0,99.7,865.7456,0.0,0,0.0,0.0
2241.0,C,RUNNING,2237.836,3,2,2,3,0.6667,5.0,99.7,864.7456,0.0,0,0.0,0.0
2242.0,C,RUNNING,2238.836,3,2,2,3,0.6667,5.0,99.7,863.7456,0.0,0,0.0,0.0
2243.0,C,RUNNING,2239.836,3,2,2,3,0.6667,5.0,99.7,862.7456,0.0,0,0.0,0.0
2244.0,C,RUNNING,2240.836,3,2,2,3,0.6667,5.0,99.7,861.7456,0.0,0,0.0,0.0
2245.0,C,RUNNING,2241.836,3,2,2,3,0.6667,5.0,99.7,860.7456,0.0,0,0.0,0.0
2246.0,C,RUNNING,2242.836,3,2,2,3,0.6667,5.0,99.7,859.7456,0.0,0,0.0,0.0
2247.0,C,RUNNING,2243.836,3,2,2,3,0.6667,5.0,99.7,858.7456,0.0,0,0.0,0.0
2248.0,C,RUNNING,2244.836,3,2,2,3,0.6667,5.0,99.7,857.7456,0.0,0,0.0,0.0
2249.0,C,RUNNING,2245.836,3,2,2,3,0.6667,5.0,99.7,856.7456,0.0,0,0.0,0.0
2250.0,C,RUNNING,2246.836,3,2,2,3,0.6667,5.0,99.7,855.7456,0.0,0,0.0,0.0
2251.0,C,RUNNING,2247.836,3,2,2,3,0.6667,5.0,99.7,854.7456,0.0,0,0.0,0.0
2252.0,C,RUNNING,2248.836,3,2,2,3,0.6667,5.0,99.7,853.7456,0.0,0,0.0,0.0
2253.0,C,RUNNING,2249.836,3,2,2,3,0.6667,5.0,99.7,852.7456,0.0,0,0.0,0.0
2254.0,C,RUNNING,2250.836,3,2,2,3,0.6667,5.0,99.7,851.7456,0.0,0,0.0,0.0
2255.0,C,RUNNING,2251.836,3,2,2,3,0.6667,5.0,99.7,850.7456,0.0,0,0.0,0.0
2256.0,C,RUNNING,2252.836,3,2,2,3,0.6667,5.0,99.7,849.7456,0.0,0,0.0,0.0
2257.0,C,RUNNING,2253.836,3,2,2,3,0.6667,5.0,99.7,848.7456,0.0,0,0.0,0.0
2258.0,C,RUNNING,2254.836,3,2,2,3,0.6667,5.0,99.7,847.7456,0.0,0,0.0,0.0
2259.0,C,RUNNING,2255.836,3,2,2,3,0.6667,5.0,99.7,846.7456,0.0,0,0.0,0.0
2260.0,C,RUNNING,2256.836,3,2,2,3,0.6667,5.0,99.7,845.7456,0.0,0,0.0,0.0
2261.0,C,RUNNING,2257.836,3,2,2,3,0.6667,5.0,99.7,844.7456,0.0,0,0.0,0.0
2262.0,C,RUNNING,2258.836,3,2,2,3,0.6667,5.0,99.7,843.7456,0.0,0,0.0,0.0
2263.0,C,RUNNING,2259.836,3,2,2,3,0.6667,5.0,99.7,842.7456,0.0,0,0.0,0.0
2264.0,C,RUNNING,2260.836,3,2,2,3,0.6667,5.0,99.7,841.7456,0.0,0,0.0,0.0
2265.0,C,RUNNING,2261.836,3,2,2,3,0.6667,5.0,99.7,840.7456,0.0,0,0.0,0.0
2266.0,C,RUNNING,2262.836,3,2,2,3,0.6667,5.0,99.7,839.7456,0.0,0,0.0,0.0
2267.0,C,RUNNING,2263.836,3,2,2,3,0.6667,5.0,99.7,838.7456,0.0,0,0.0,0.0
2268.0,C,RUNNING,2264.836,3,2,2,3,0.6667,5.0,99.7,837.7456,0.0,0,0.0,0.0
2269.0,C,RUNNING,2265.836,3,2,2,3,0.6667,5.0,99.7,836.7456,0.0,0,0.0,0.0
2270.0,C,RUNNING,2266.836,3,2,2,3,0.6667,5.0,99.7,835.7456,0.0,0,0.0,0.0
2271.0,C,RUNNING,2267.836,3,2,2,3,0.6667,5.0,99.7,834.7456,0.0,0,0.0,0.0
2272.0,C,RUNNING,2268.836,3,2,2,3,0.6667,5.0,99.7,833.7456,0.0,0,0.0,0.0
2273.0,C,RUNNING,2269.836,3,2,2,3,0.6667,5.0,99.7,832.7456,0.0,0,0.0,0.0
2274.0,C,RUNNING,2270.836,3,2,2,3,0.6667,5.0,99.7,831.7456,0.0,0,0.0,0.0
2275.0,C,RUNNING,2271.836,3,2,2,3,0.6667,5.0,99.7,830.7456,0.0,0,0.0,0.0
2276.0,C,RUNNING,2272.836,3,2,2,3,0.6667,5.0,99.7,829.7456,0.0,0,0.0,0.0
2277.0,C,RUNNING,2273.836,3,2,2,3,0.6667,5.0,99.7,828.7456,0.0,0,0.0,0.0
2278.0,C,RUNNING,2274.836,3,2,2,3,0.6667,5.0,99.7,827.7456,0.0,0,0.0,0.0
2279.0,C,RUNNING,2275.836,3,2,2,3,0.6667,5.0,99.7,826.7456,0.0,0,0.0,0.0
2280.0,C,RUNNING,2276.836,3,2,2,3,0.6667,5.0,99.7,825.7456,0.0,0,0.0,0.0
2281.0,C,RUNNING,2277.836,3,2,2,3,0.6667,5.0,99.7,824.7456,0.0,0,0.0,0.0
2282.0,C,RUNNING,2278.836,3,2,2,3,0.6667,5.0,99.7,823.7456,0.0,0,0.0,0.0
2283.0,C,RUNNING,2279.836,3,2,2,3,0.6667,5.0,99.7,822.7456,0.0,0,0.0,0.0
2284.0,C,RUNNING,2280.836,3,4,0,3,0.0,5.0,99.7,2261.7456,0.0,0,0.0,0.0
2285.0,C,RUNNING,2281.836,3,4,0,3,0.0,5.0,99.7,2260.7456,0.0,0,0.0,0.0
2286.0,C,RUNNING,2282.836,3,4,0,3,0.0,5.0,99.7,2259.7456,0.0,0,0.0,0.0
2287.0,C,RUNNING,2283.836,3,4,0,3,0.0,5.0,99.7,2258.7456,0.0,0,0.0,0.0
2288.0,C,RUNNING,2284.836,3,4,0,3,0.0,5.0,99.7,2257.7456,0.0,0,0.0,0.0
2289.0,C,RUNNING,2285.836,3,4,0,3,0.0,5.0,99.7,2256.7456,0.0,0,0.0,0.0
2290.0,C,RUNNING,2286.836,3,4,0,3,0.0,5.0,99.7,2255.7456,0.0,0,0.0,0.0
2291.0,C,RUNNING,2287.836,3,4,0,3,0.0,5.0,99.7,2254.7456,0.0,0,0.0,0.0
2292.0,C,RUNNING,2288.836,3,4,0,3,0.0,5.0,99.7,2253.7456,0.0,0,0.0,0.0
2293.0,C,RUNNING,2289.836,3,4,0,3,0.0,5.0,99.7,2252.7456,0.0,0,0.0,0.0
2294.0,C,RUNNING,2290.836,3,4,0,3,0.0,5.0,99.7,2251.7456,0.0,0,0.0,0.0
2295.0,C,RUNNING,2291.836,3,4,0,3,0.0,5.0,99.7,2250.7456,0.0,0,0.0,0.0
2296.0,C,RUNNING,2292.836,3,4,0,3,0.0,5.0,99.7,2249.7456,0.0,0,0.0,0.0
2297.0,C,RUNNING,2293.836,3,4,0,3,0.0,5.0,99.7,2248.7456,0.0,0,0.0,0.0
2298.0,C,RUNNING,2294.836,3,4,0,3,0.0,5.0,99.7,2247.7456,0.0,0,0.0,0.0
2299.0,C,RUNNING,2295.836,3,4,0,3,0.0,5.0,99.7,2246.7456,0.0,0,0.0,0.0
2300.0,C,RUNNING,2296.836,3,4,0,3,0.0,5.0,99.7,2245.7456,0.0,0,0.0,0.0
2301.0,C,RUNNING,2297.836,3,4,0,3,0.0,5.0,99.7,2244.7456,0.0,0,0.0,0.0
2302.0,C,RUNNING,2298.836,3,4,0,3,0.0,5.0,99.7,2243.7456,0.0,0,0.0,0.0
2303.0,C,RUNNING,2299.836,3,4,0,3,0.0,5.0,99.7,2242.7456,0.0,0,0.0,0.0
2304.0,C,RUNNING,2300.836,3,4,0,3,0.0,5.0,99.7,2241.7456,0.0,0,0.0,0.0
2305.0,C,RUNNING,2301.836,3,4,0,3,0.0,5.0,99.7,2240.7456,0.0,0,0.0,0.0
2306.0,C,RUNNING,2302.836,3,4,0,3,0.0,5.0,99.7,2239.7456,0.0,0,0.0,0.0
2307.0,C,RUNNING,2303.836,3,4,0,3,0.0,5.0,99.7,2238.7456,0.0,0,0.0,0.0
2308.0,C,RUNNING,2304.836,3,4,0,3,0.0,5.0,99.7,2237.7456,0.0,0,0.0,0.0
2309.0,C,RUNNING,2305.836,3,4,0,3,0.0,5.0,99.7,2236.7456,0.0,0,0.0,0.0
2310.0,C,RUNNING,2306.836,3,4,0,3,0.0,5.0,99.7,2235.7456,0.0,0,0.0,0.0
2311.0,C,RUNNING,2307.836,3,4,0,3,0.0,5.0,99.7,2234.7456,0.0,0,0.0,0.0
2312.0,C,RUNNING,2308.836,3,4,0,3,0.0,5.0,99.7,2233.7456,0.0,0,0.0,0.0
2313.0,C,RUNNING,2309.836,3,4,0,3,0.0,5.0,99.7,2232.7456,0.0,0,0.0,0.0
2314.0,C,RUNNING,2310.836,3,4,0,3,0.0,5.0,99.7,2231.7456,0.0,0,0.0,0.0
2315.0,C,RUNNING,2311.836,3,4,0,3,0.0,5.0,99.7,2230.7456,0.0,0,0.0,0.0
2316.0,C,RUNNING,2312.836,3,4,0,3,0.0,5.0,99.7,2229.7456,0.0,0,0.0,0.0
2317.0,C,RUNNING,2313.836,3,4,0,3,0.0,5.0,99.7,2228.7456,0.0,0,0.0,0.0
2318.0,C,RUNNING,2314.836,3,4,0,3,0.0,5.0,99.7,2227.7456,0.0,0,0.0,0.0
2319.0,C,RUNNING,2315.836,3,4,0,3,0.0,5.0,99.7,2226.7456,0.0,0,0.0,0.0
2320.0,C,RUNNING,2316.836,3,4,0,3,0.0,5.0,99.7,2225.7456,0.0,0,0.0,0.0
2321.0,C,RUNNING,2317.836,3,4,0,3,0.0,5.0,99.7,2224.7456,0.0,0,0.0,0.0
2322.0,C,RUNNING,2318.836,3,4,0,3,0.0,5.0,99.7,2223.7456,0.0,0,0.0,0.0
2323.0,C,RUNNING,2319.836,3,4,0,3,0.0,5.0,99.7,2222.7456,0.0,0,0.0,0.0
2324.0,C,RUNNING,2320.836,3,4,0,3,0.0,5.0,99.7,2221.7456,0.0,0,0.0,0.0
2325.0,C,RUNNING,2321.836,3,4,0,3,0.0,5.0,99.7,2220.7456,0.0,0,0.0,0.0
2326.0,C,RUNNING,2322.836,3,4,0,3,0.0,5.0,99.7,2219.7456,0.0,0,0.0,0.0
2327.0,C,RUNNING,2323.836,3,4,0,3,0.0,5.0,99.7,2218.7456,0.0,0,0.0,0.0
2328.0,C,RUNNING,2324.836,3,4,0,3,0.0,5.0,99.7,2217.7456,0.0,0,0.0,0.0
2329.0,C,RUNNING,2325.836,3,4,0,3,0.0,5.0,99.7,2216.7456,0.0,0,0.0,0.0
2330.0,C,RUNNING,2326.836,3,4,0,3,0.0,5.0,99.7,2215.7456,0.0,0,0.0,0.0
2331.0,C,RUNNING,2327.836,3,4,0,3,0.0,5.0,99.7,2214.7456,0.0,0,0.0,0.0
2332.0,C,RUNNING,2328.836,3,4,0,3,0.0,5.0,99.7,2213.7456,0.0,0,0.0,0.0
2333.0,C,RUNNING,2329.836,3,4,0,3,0.0,5.0,99.7,2212.7456,0.0,0,0.0,0.0
2334.0,C,RUNNING,2330.836,3,4,0,3,0.0,5.0,99.7,2211.7456,0.0,0,0.0,0.0
2335.0,C,RUNNING,2331.836,3,4,0,3,0.0,5.0,99.7,2210.7456,0.0,0,0.0,0.0
2336.0,C,RUNNING,2332.836,3,4,0,3,0.0,5.0,99.7,2209.7456,0.0,0,0.0,0.0
2337.0,C,RUNNING,2333.836,3,4,0,3,0.0,5.0,99.7,2208.7456,0.0,0,0.0,0.0
2338.0,C,RUNNING,2334.836,3,4,0,3,0.0,5.0,99.7,2207.7456,0.0,0,0.0,0.0
2339.0,C,RUNNING,2335.836,3,4,0,3,0.0,5.0,99.7,2206.7456,0.0,0,0.0,0.0
2340.0,C,RUNNING,2336.836,3,4,0,3,0.0,5.0,99.7,2205.7456,0.0,0,0.0,0.0
2341.0,C,RUNNING,2337.836,3,4,0,3,0.0,5.0,99.7,2204.7456,0.0,0,0.0,0.0
2342.0,C,RUNNING,2338.836,3,4,0,3,0.0,5.0,99.7,2203.7456,0.0,0,0.0,0.0
2343.0,C,RUNNING,2339.836,3,4,0,3,0.0,5.0,99.7,2202.7456,0.0,0,0.0,0.0
2344.0,C,RUNNING,2340.836,3,4,0,3,0.0,5.0,99.7,2201.7456,0.0,0,0.0,0.0
2345.0,C,RUNNING,2341.836,3,4,0,3,0.0,5.0,99.7,2200.7456,0.0,0,0.0,0.0
2346.0,C,RUNNING,2342.836,3,4,0,3,0.0,5.0,99.7,2199.7456,0.0,0,0.0,0.0
2347.0,C,RUNNING,2343.836,3,4,0,3,0.0,5.0,99.7,2198.7456,0.0,0,0.0,0.0
2348.0,C,RUNNING,2344.836,3,4,0,3,0.0,5.0,99.7,2197.7456,0.0,0,0.0,0.0
2349.0,C,RUNNING,2345.836,3,4,0,3,0.0,5.0,99.7,2196.7456,0.0,0,0.0,0.0
2350.0,C,RUNNING,2346.836,3,4,0,3,0.0,5.0,99.7,2195.7456,0.0,0,0.0,0.0
2351.0,C,RUNNING,2347.836,3,4,0,3,0.0,5.0,99.7,2194.7456,0.0,0,0.0,0.0
2352.0,C,RUNNING,2348.836,3,4,0,3,0.0,5.0,99.7,2193.7456,0.0,0,0.0,0.0
2353.0,C,RUNNING,2349.836,3,4,0,3,0.0,5.0,99.7,2192.7456,0.0,0,0.0,0.0
2354.0,C,RUNNING,2350.836,3,4,0,3,0.0,5.0,99.7,2191.7456,0.0,0,0.0,0.0
2355.0,C,RUNNING,2351.836,3,4,0,3,0.0,5.0,99.7,2190.7456,0.0,0,0.0,0.0
2356.0,C,RUNNING,2352.836,3,4,0,3,0.0,5.0,99.7,2189.7456,0.0,0,0.0,0.0
2357.0,C,RUNNING,2353.836,3,4,0,3,0.0,5.0,99.7,2188.7456,0.0,0,0.0,0.0
2358.0,C,RUNNING,2354.836,3,4,0,3,0.0,5.0,99.7,2187.7456,0.0,0,0.0,0.0
2359.0,C,RUNNING,2355.836,3,4,0,3,0.0,5.0,99.7,2186.7456,0.0,0,0.0,0.0
2360.0,C,RUNNING,2356.836,3,4,0,3,0.0,5.0,99.7,2185.7456,0.0,0,0.0,0.0
2361.0,C,RUNNING,2357.836,3,4,0,3,0.0,5.0,99.7,2184.7456,0.0,0,0.0,0.0
2362.0,C,RUNNING,2358.836,3,4,0,3,0.0,5.0,99.7,2183.7456,0.0,0,0.0,0.0
2363.0,C,RUNNING,2359.836,3,4,0,3,0.0,5.0,99.7,2182.7456,0.0,0,0.0,0.0
2364.0,C,RUNNING,2360.836,3,4,0,3,0.0,5.0,99.7,2181.7456,0.0,0,0.0,0.0
2365.0,C,RUNNING,2361.836,3,4,0,3,0.0,5.0,99.7,2180.7456,0.0,0,0.0,0.0
2366.0,C,RUNNING,2362.836,3,4,0,3,0.0,5.0,99.7,2179.7456,0.0,0,0.0,0.0
2367.0,C,RUNNING,2363.836,3,4,0,3,0.0,5.0,99.7,2178.7456,0.0,0,0.0,0.0
2368.0,C,RUNNING,2364.836,3,4,0,3,0.0,5.0,99.7,2177.7456,0.0,0,0.0,0.0
2369.0,C,RUNNING,2365.836,3,4,0,3,0.0,5.0,99.7,2176.7456,0.0,0,0.0,0.0
2370.0,C,RUNNING,2366.836,3,4,0,3,0.0,5.0,99.7,2175.7456,0.0,0,0.0,0.0
2371.0,C,RUNNING,2367.836,3,4,0,3,0.0,5.0,99.7,2174.7456,0.0,0,0.0,0.0
2372.0,C,RUNNING,2368.836,3,4,0,3,0.0,5.0,99.7,2173.7456,0.0,0,0.0,0.0
2373.0,C,RUNNING,2369.836,3,4,0,3,0.0,5.0,99.7,2172.7456,0.0,0,0.0,0.0
2374.0,C,RUNNING,2370.836,3,4,0,3,0.0,5.0,99.7,2171.7456,0.0,0,0.0,0.0
2375.0,C,RUNNING,2371.836,3,4,0,3,0.0,5.0,99.7,2170.7456,0.0,0,0.0,0.0
2376.0,C,RUNNING,2372.836,3,4,0,3,0.0,5.0,99.7,2169.7456,0.0,0,0.0,0.0
2377.0,C,RUNNING,2373.836,3,4,0,3,0.0,5.0,99.7,2168.7456,0.0,0,0.0,0.0
2378.0,C,RUNNING,2374.836,3,4,0,3,0.0,5.0,99.7,2167.7456,0.0,0,0.0,0.0
2379.0,C,RUNNING,2375.836,3,4,0,3,0.0,5.0,99.7,2166.7456,0.0,0,0.0,0.0
2380.0,C,RUNNING,2376.836,3,4,0,3,0.0,5.0,99.7,2165.7456,0.0,0,0.0,0.0
2381.0,C,RUNNING,2377.836,3,4,0,3,0.0,5.0,99.7,2164.7456,0.0,0,0.0,0.0
2382.0,C,RUNNING,2378.836,3,4,0,3,0.0,5.0,99.7,2163.7456,0.0,0,0.0,0.0
2383.0,C,RUNNING,2379.836,3,4,0,3,0.0,5.0,99.7,2162.7456,0.0,0,0.0,0.0
2384.0,C,RUNNING,2380.836,3,4,0,3,0.0,5.0,99.7,2161.7456,0.0,0,0.0,0.0
2385.0,C,RUNNING,2381.836,3,4,0,3,0.0,5.0,99.7,2160.7456,0.0,0,0.0,0.0
2386.0,C,RUNNING,2382.836,3,4,0,3,0.0,5.0,99.7,2159.7456,0.0,0,0.0,0.0
2387.0,C,RUNNING,2383.836,3,4,0,3,0.0,5.0,99.7,2158.7456,0.0,0,0.0,0.0
2388.0,C,RUNNING,2384.836,3,4,0,3,0.0,5.0,99.7,2157.7456,0.0,0,0.0,0.0
2389.0,C,RUNNING,2385.836,3,4,0,3,0.0,5.0,99.7,2156.7456,0.0,0,0.0,0.0
2390.0,C,RUNNING,2386.836,3,4,0,3,0.0,5.0,99.7,2155.7456,0.0,0,0.0,0.0
2391.0,C,RUNNING,2387.836,3,4,0,3,0.0,5.0,99.7,2154.7456,0.0,0,0.0,0.0
2392.0,C,RUNNING,2388.836,3,4,0,3,0.0,5.0,99.7,2153.7456,0.0,0,0.0,0.0
2393.0,C,RUNNING,2389.836,3,4,0,3,0.0,5.0,99.7,2152.7456,0.0,0,0.0,0.0
2394.0,C,RUNNING,2390.836,3,4,0,3,0.0,5.0,99.7,2151.7456,0.0,0,0.0,0.0
2395.0,C,RUNNING,2391.836,3,4,0,3,0.0,5.0,99.7,2150.7456,0.0,0,0.0,0.0
2396.0,C,RUNNING,2392.836,3,4,0,3,0.0,5.0,99.7,2149.7456,0.0,0,0.0,0.0
2397.0,C,RUNNING,2393.836,3,4,0,3,0.0,5.0,99.7,2148.7456,0.0,0,0.0,0.0
2398.0,C,RUNNING,2394.836,3,4,0,3,0.0,5.0,99.7,2147.7456,0.0,0,0.0,0.0
2399.0,C,RUNNING,2395.836,3,4,0,3,0.0,5.0,99.7,2146.7456,0.0,0,0.0,0.0
2400.0,C,RUNNING,2396.836,3,4,0,3,0.0,5.0,99.7,2145.7456,0.0,0,0.0,0.0
2401.0,C,RUNNING,2397.836,3,4,0,3,0.0,5.0,99.7,2144.7456,0.0,0,0.0,0.0
2402.0,C,RUNNING,2398.836,3,4,0,3,0.0,5.0,99.7,2143.7456,0.0,0,0.0,0.0
2403.0,C,RUNNING,2399.836,3,4,0,3,0.0,5.0,99.7,2142.7456,0.0,0,0.0,0.0
2404.0,C,RUNNING,2400.836,3,4,0,3,0.0,5.0,99.7,2141.7456,0.0,0,0.0,0.0
2405.0,C,RUNNING,2401.836,3,4,0,3,0.0,5.0,99.7,2140.7456,0.0,0,0.0,0.0
2406.0,C,RUNNING,2402.836,3,4,0,3,0.0,5.0,99.7,2139.7456,0.0,0,0.0,0.0
2407.0,C,RUNNING,2403.836,3,4,0,3,0.0,5.0,99.7,2138.7456,0.0,0,0.0,0.0
2408.0,C,RUNNING,2404.836,3,4,0,3,0.0,5.0,99.7,2137.7456,0.0,0,0.0,0.0
2409.0,C,RUNNING,2405.836,3,4,0,3,0.0,5.0,99.7,2136.7456,0.0,0,0.0,0.0
2410.0,C,RUNNING,2406.836,3,4,0,3,0.0,5.0,99.7,2135.7456,0.0,0,0.0,0.0
2411.0,C,RUNNING,2407.836,3,4,0,3,0.0,5.0,99.7,2134.7456,0.0,0,0.0,0.0
2412.0,C,RUNNING,2408.836,3,4,0,3,0.0,5.0,99.7,2133.7456,0.0,0,0.0,0.0
2413.0,C,RUNNING,2409.836,3,4,0,3,0.0,5.0,99.7,2132.7456,0.0,0,0.0,0.0
2414.0,C,RUNNING,2410.836,3,4,0,3,0.0,5.0,99.7,2131.7456,0.0,0,0.0,0.0
2415.0,C,RUNNING,2411.836,3,4,0,3,0.0,5.0,99.7,2130.7456,0.0,0,0.0,0.0
2416.0,C,RUNNING,2412.836,3,4,0,3,0.0,5.0,99.7,2129.7456,0.0,0,0.0,0.0
2417.0,C,RUNNING,2413.836,3,4,0,3,0.0,5.0,99.7,2128.7456,0.0,0,0.0,0.0
2418.0,C,RUNNING,2414.836,3,4,0,3,0.0,5.0,99.7,2127.7456,0.0,0,0.0,0.0
2419.0,C,RUNNING,2415.836,3,4,0,3,0.0,5.0,99.7,2126.7456,0.0,0,0.0,0.0
2420.0,C,RUNNING,2416.836,3,4,0,3,0.0,5.0,99.7,2125.7456,0.0,0,0.0,0.0
2421.0,C,RUNNING,2417.836,3,4,0,3,0.0,5.0,99.7,2124.7456,0.0,0,0.0,0.0
2422.0,C,RUNNING,2418.836,3,4,0,3,0.0,5.0,99.7,2123.7456,0.0,0,0.0,0.0
2423.0,C,RUNNING,2419.836,3,4,0,3,0.0,5.0,99.7,2122.7456,0.0,0,0.0,0.0
2424.0,C,RUNNING,2420.836,3,4,0,3,0.0,5.0,99.7,2121.7456,0.0,0,0.0,0.0
2425.0,C,RUNNING,2421.836,3,4,0,3,0.0,5.0,99.7,2120.7456,0.0,0,0.0,0.0
2426.0,C,RUNNING,2422.836,3,4,0,3,0.0,5.0,99.7,2119.7456,0.0,0,0.0,0.0
2427.0,C,RUNNING,2423.836,3,4,0,3,0.0,5.0,99.7,2118.7456,0.0,0,0.0,0.0
2428.0,C,RUNNING,2424.836,3,4,0,3,0.0,5.0,99.7,2117.7456,0.0,0,0.0,0.0
2429.0,C,RUNNING,2425.836,3,4,0,3,0.0,5.0,99.7,2116.7456,0.0,0,0.0,0.0
2430.0,C,RUNNING,2426.836,3,4,0,3,0.0,5.0,99.7,2115.7456,0.0,0,0.0,0.0
2431.0,C,RUNNING,2427.836,3,4,0,3,0.0,5.0,99.7,2114.7456,0.0,0,0.0,0.0
2432.0,C,RUNNING,2428.836,3,4,0,3,0.0,5.0,99.7,2113.7456,0.0,0,0.0,0.0
2433.0,C,RUNNING,2429.836,3,4,0,3,0.0,5.0,99.7,2112.7456,0.0,0,0.0,0.0
2434.0,C,RUNNING,2430.836,3,4,0,3,0.0,5.0,99.7,2111.7456,0.0,0,0.0,0.0
2435.0,C,RUNNING,2431.836,3,4,0,3,0.0,5.0,99.7,2110.7456,0.0,0,0.0,0.0
2436.0,C,RUNNING,2432.836,3,4,0,3,0.0,5.0,99.7,2109.7456,0.0,0,0.0,0.0
2437.0,C,RUNNING,2433.836,3,4,0,3,0.0,5.0,99.7,2108.7456,0.0,0,0.0,0.0
2438.0,C,RUNNING,2434.836,3,4,0,3,0.0,5.0,99.7,2107.7456,0.0,0,0.0,0.0
2439.0,C,RUNNING,2435.836,3,4,0,3,0.0,5.0,99.7,2106.7456,0.0,0,0.0,0.0
2440.0,C,RUNNING,2436.836,3,4,0,3,0.0,5.0,99.7,2105.7456,0.0,0,0.0,0.0
2441.0,C,RUNNING,2437.836,3,4,0,3,0.0,5.0,99.7,2104.7456,0.0,0,0.0,0.0
2442.0,C,RUNNING,2438.836,3,4,0,3,0.0,5.0,99.7,2103.7456,0.0,0,0.0,0.0
2443.0,C,RUNNING,2439.836,3,4,0,3,0.0,5.0,99.7,2102.7456,0.0,0,0.0,0.0
2444.0,C,RUNNING,2440.836,3,4,0,3,0.0,5.0,99.7,2101.7456,0.0,0,0.0,0.0
2445.0,C,RUNNING,2441.836,3,4,0,3,0.0,5.0,99.7,2100.7456,0.0,0,0.0,0.0
2446.0,C,RUNNING,2442.836,3,4,0,3,0.0,5.0,99.7,2099.7456,0.0,0,0.0,0.0
2447.0,C,RUNNING,2443.836,3,4,0,3,0.0,5.0,99.7,2098.7456,0.0,0,0.0,0.0
2448.0,C,RUNNING,2444.836,3,4,0,3,0.0,5.0,99.7,2097.7456,0.0,0,0.0,0.0
2449.0,C,RUNNING,2445.836,3,4,0,3,0.0,5.0,99.7,2096.7456,0.0,0,0.0,0.0
2450.0,C,RUNNING,2446.836,3,4,0,3,0.0,5.0,99.7,2095.7456,0.0,0,0.0,0.0
2451.0,C,RUNNING,2447.836,3,4,0,3,0.0,5.0,99.7,2094.7456,0.0,0,0.0,0.0
2452.0,C,RUNNING,2448.836,3,4,0,3,0.0,5.0,99.7,2093.7456,0.0,0,0.0,0.0
2453.0,C,RUNNING,2449.836,3,4,0,3,0.0,5.0,99.7,2092.7456,0.0,0,0.0,0.0
2454.0,C,RUNNING,2450.836,3,4,0,3,0.0,5.0,99.7,2091.7456,0.0,0,0.0,0.0
2455.0,C,RUNNING,2451.836,3,4,0,3,0.0,5.0,99.7,2090.7456,0.0,0,0.0,0.0
2456.0,C,RUNNING,2452.836,3,4,0,3,0.0,5.0,99.7,2089.7456,0.0,0,0.0,0.0
2457.0,C,RUNNING,2453.836,3,4,0,3,0.0,5.0,99.7,2088.7456,0.0,0,0.0,0.0
2458.0,C,RUNNING,2454.836,3,4,0,3,0.0,5.0,99.7,2087.7456,0.0,0,0.0,0.0
2459.0,C,RUNNING,2455.836,3,4,0,3,0.0,5.0,99.7,2086.7456,0.0,0,0.0,0.0
2460.0,C,RUNNING,2456.836,3,4,0,3,0.0,5.0,99.7,2085.7456,0.0,0,0.0,0.0
2461.0,C,RUNNING,2457.836,3,4,0,3,0.0,5.0,99.7,2084.7456,0.0,0,0.0,0.0
2462.0,C,RUNNING,2458.836,3,4,0,3,0.0,5.0,99.7,2083.7456,0.0,0,0.0,0.0
2463.0,C,RUNNING,2459.836,3,4,0,3,0.0,5.0,99.7,2082.7456,0.0,0,0.0,0.0
2464.0,C,RUNNING,2460.836,3,4,0,3,0.0,5.0,99.7,2081.7456,0.0,0,0.0,0.0
2465.0,C,RUNNING,2461.836,3,4,0,3,0.0,5.0,99.7,2080.7456,0.0,0,0.0,0.0
2466.0,C,RUNNING,2462.836,3,4,0,3,0.0,5.0,99.7,2079.7456,0.0,0,0.0,0.0
2467.0,C,RUNNING,2463.84,3,4,0,3,0.0,5.0,99.7,2078.7416,0.0,0,0.0,0.0
2468.0,C,RUNNING,2464.836,3,4,0,3,0.0,5.0,99.7,2077.7456,0.0,0,0.0,0.0
2469.0,C,RUNNING,2465.836,3,4,0,3,0.0,5.0,99.7,2076.7456,0.0,0,0.0,0.0
2470.0,C,RUNNING,2466.836,3,4,0,3,0.0,5.0,99.7,2075.7456,0.0,0,0.0,0.0
2471.0,C,RUNNING,2467.836,3,4,0,3,0.0,5.0,99.7,2074.7456,0.0,0,0.0,0.0
2472.0,C,RUNNING,2468.836,3,4,0,3,0.0,5.0,99.7,2073.7456,0.0,0,0.0,0.0
2473.0,C,RUNNING,2469.836,3,4,0,3,0.0,5.0,99.7,2072.7456,0.0,0,0.0,0.0
2474.0,C,RUNNING,2470.836,3,4,0,3,0.0,5.0,99.7,2071.7456,0.0,0,0.0,0.0
2475.0,C,RUNNING,2471.836,3,4,0,3,0.0,5.0,99.7,2070.7456,0.0,0,0.0,0.0
2476.0,C,RUNNING,2472.836,3,4,0,3,0.0,5.0,99.7,2069.7456,0.0,0,0.0,0.0
2477.0,C,RUNNING,2473.836,3,4,0,3,0.0,5.0,99.7,2068.7456,0.0,0,0.0,0.0
2478.0,C,RUNNING,2474.836,3,4,0,3,0.0,5.0,99.7,2067.7456,0.0,0,0.0,0.0
2479.0,C,RUNNING,2475.836,3,4,0,3,0.0,5.0,99.7,2066.7456,0.0,0,0.0,0.0
2480.0,C,RUNNING,2476.836,3,4,0,3,0.0,5.0,99.7,2065.7456,0.0,0,0.0,0.0
2481.0,C,RUNNING,2477.836,3,4,0,3,0.0,5.0,99.7,2064.7456,0.0,0,0.0,0.0
2482.0,C,RUNNING,2478.836,3,4,0,3,0.0,5.0,99.7,2063.7456,0.0,0,0.0,0.0
2483.0,C,RUNNING,2479.836,3,4,0,3,0.0,5.0,99.7,2062.7456,0.0,0,0.0,0.0
2484.0,C,RUNNING,2480.836,3,4,0,3,0.0,5.0,99.7,2061.7456,0.0,0,0.0,0.0
2485.0,C,RUNNING,2481.836,3,4,0,3,0.0,5.0,99.7,2060.7456,0.0,0,0.0,0.0
2486.0,C,RUNNING,2482.836,3,4,0,3,0.0,5.0,99.7,2059.7456,0.0,0,0.0,0.0
2487.0,C,RUNNING,2483.836,3,4,0,3,0.0,5.0,99.7,2058.7456,0.0,0,0.0,0.0
2488.0,C,RUNNING,2484.836,3,4,0,3,0.0,5.0,99.7,2057.7456,0.0,0,0.0,0.0
2489.0,C,RUNNING,2485.836,3,4,0,3,0.0,5.0,99.7,2056.7456,0.0,0,0.0,0.0
2490.0,C,RUNNING,2486.836,3,4,0,3,0.0,5.0,99.7,2055.7456,0.0,0,0.0,0.0
2491.0,C,RUNNING,2487.836,3,4,0,3,0.0,5.0,99.7,2054.7456,0.0,0,0.0,0.0
2492.0,C,RUNNING,2488.836,3,4,0,3,0.0,5.0,99.7,2053.7456,0.0,0,0.0,0.0
2493.0,C,RUNNING,2489.836,3,4,0,3,0.0,5.0,99.7,2052.7456,0.0,0,0.0,0.0
2494.0,C,RUNNING,2490.836,3,4,0,3,0.0,5.0,99.7,2051.7456,0.0,0,0.0,0.0
2495.0,C,RUNNING,2491.836,3,4,0,3,0.0,5.0,99.7,2050.7456,0.0,0,0.0,0.0
2496.0,C,RUNNING,2492.836,3,4,0,3,0.0,5.0,99.7,2049.7456,0.0,0,0.0,0.0
2497.0,C,RUNNING,2493.836,3,4,0,3,0.0,5.0,99.7,2048.7456,0.0,0,0.0,0.0
2498.0,C,RUNNING,2494.836,3,4,0,3,0.0,5.0,99.7,2047.7456,0.0,0,0.0,0.0
2499.0,C,RUNNING,2495.836,3,4,0,3,0.0,5.0,99.7,2046.7456,0.0,0,0.0,0.0
2500.0,C,RUNNING,2496.836,3,4,0,3,0.0,5.0,99.7,2045.7456,0.0,0,0.0,0.0
2501.0,C,RUNNING,2497.836,3,4,0,3,0.0,5.0,99.7,2044.7456,0.0,0,0.0,0.0
2502.0,C,RUNNING,2498.836,3,4,0,3,0.0,5.0,99.7,2043.7456,0.0,0,0.0,0.0
2503.0,C,RUNNING,2499.836,3,4,0,3,0.0,5.0,99.7,2042.7456,0.0,0,0.0,0.0
2504.0,C,RUNNING,2500.836,3,4,0,3,0.0,5.0,99.7,2041.7456,0.0,0,0.0,0.0
2505.0,C,RUNNING,2501.836,3,4,0,3,0.0,5.0,99.7,2040.7456,0.0,0,0.0,0.0
2506.0,C,RUNNING,2502.836,3,4,0,3,0.0,5.0,99.7,2039.7456,0.0,0,0.0,0.0
2507.0,C,RUNNING,2503.836,3,4,0,3,0.0,5.0,99.7,2038.7456,0.0,0,0.0,0.0
2508.0,C,RUNNING,2504.836,3,4,0,3,0.0,5.0,99.7,2037.7456,0.0,0,0.0,0.0
2509.0,C,RUNNING,2505.836,3,4,0,3,0.0,5.0,99.7,2036.7456,0.0,0,0.0,0.0
2510.0,C,RUNNING,2506.836,3,4,0,3,0.0,5.0,99.7,2035.7456,0.0,0,0.0,0.0
2511.0,C,RUNNING,2507.836,3,4,0,3,0.0,5.0,99.7,2034.7456,0.0,0,0.0,0.0
2512.0,C,RUNNING,2508.836,3,4,0,3,0.0,5.0,99.7,2033.7456,0.0,0,0.0,0.0
2513.0,C,RUNNING,2509.836,3,4,0,3,0.0,5.0,99.7,2032.7456,0.0,0,0.0,0.0
2514.0,C,RUNNING,2510.836,3,4,0,3,0.0,5.0,99.7,2031.7456,0.0,0,0.0,0.0
2515.0,C,RUNNING,2511.836,3,4,0,3,0.0,5.0,99.7,2030.7456,0.0,0,0.0,0.0
2516.0,C,RUNNING,2512.836,3,4,0,3,0.0,5.0,99.7,2029.7456,0.0,0,0.0,0.0
2517.0,C,RUNNING,2513.836,3,4,0,3,0.0,5.0,99.7,2028.7456,0.0,0,0.0,0.0
2518.0,C,RUNNING,2514.836,3,4,0,3,0.0,5.0,99.7,2027.7456,0.0,0,0.0,0.0
2519.0,C,RUNNING,2515.836,3,4,0,3,0.0,5.0,99.7,2026.7456,0.0,0,0.0,0.0
2520.0,C,RUNNING,2516.836,3,4,0,3,0.0,5.0,99.7,2025.7456,0.0,0,0.0,0.0
2521.0,C,RUNNING,2517.836,3,4,0,3,0.0,5.0,99.7,2024.7456,0.0,0,0.0,0.0
2522.0,C,RUNNING,2518.836,3,4,0,3,0.0,5.0,99.7,2023.7456,0.0,0,0.0,0.0
2523.0,C,RUNNING,2519.836,3,4,0,3,0.0,5.0,99.7,2022.7456,0.0,0,0.0,0.0
2524.0,C,RUNNING,2520.836,3,4,0,3,0.0,5.0,99.7,2021.7456,0.0,0,0.0,0.0
2525.0,C,RUNNING,2521.836,3,4,0,3,0.0,5.0,99.7,2020.7456,0.0,0,0.0,0.0
2526.0,C,RUNNING,2522.836,3,4,0,3,0.0,5.0,99.7,2019.7456,0.0,0,0.0,0.0
2527.0,C,RUNNING,2523.836,3,4,0,3,0.0,5.0,99.7,2018.7456,0.0,0,0.0,0.0
2528.0,C,RUNNING,2524.836,3,4,0,3,0.0,5.0,99.7,2017.7456,0.0,0,0.0,0.0
2529.0,C,RUNNING,2525.836,3,4,0,3,0.0,5.0,99.7,2016.7456,0.0,0,0.0,0.0
2530.0,C,RUNNING,2526.836,3,4,0,3,0.0,5.0,99.7,2015.7456,0.0,0,0.0,0.0
2531.0,C,RUNNING,2527.836,3,4,0,3,0.0,5.0,99.7,2014.7456,0.0,0,0.0,0.0
2532.0,C,RUNNING,2528.836,3,4,0,3,0.0,5.0,99.7,2013.7456,0.0,0,0.0,0.0
2533.0,C,RUNNING,2529.836,3,4,0,3,0.0,5.0,99.7,2012.7456,0.0,0,0.0,0.0
2534.0,C,RUNNING,2530.836,3,4,0,3,0.0,5.0,99.7,2011.7456,0.0,0,0.0,0.0
2535.0,C,RUNNING,2531.836,3,4,0,3,0.0,5.0,99.7,2010.7456,0.0,0,0.0,0.0
2536.0,C,RUNNING,2532.836,3,4,0,3,0.0,5.0,99.7,2009.7456,0.0,0,0.0,0.0
2537.0,C,RUNNING,2533.836,3,4,0,3,0.0,5.0,99.7,2008.7456,0.0,0,0.0,0.0
2538.0,C,RUNNING,2534.836,3,4,0,3,0.0,5.0,99.7,2007.7456,0.0,0,0.0,0.0
2539.0,C,RUNNING,2535.836,3,4,0,3,0.0,5.0,99.7,2006.7456,0.0,0,0.0,0.0
2540.0,C,RUNNING,2536.836,3,4,0,3,0.0,5.0,99.7,2005.7456,0.0,0,0.0,0.0
2541.0,C,RUNNING,2537.836,3,4,0,3,0.0,5.0,99.7,2004.7456,0.0,0,0.0,0.0
2542.0,C,RUNNING,2538.836,3,4,0,3,0.0,5.0,99.7,2003.7456,0.0,0,0.0,0.0
2543.0,C,RUNNING,2539.836,3,4,0,3,0.0,5.0,99.7,2002.7456,0.0,0,0.0,0.0
2544.0,C,RUNNING,2540.836,3,4,0,3,0.0,5.0,99.7,2001.7456,0.0,0,0.0,0.0
2545.0,C,RUNNING,2541.836,3,4,0,3,0.0,5.0,99.7,2000.7456,0.0,0,0.0,0.0
2546.0,C,RUNNING,2542.836,3,4,0,3,0.0,5.0,99.7,1999.7456,0.0,0,0.0,0.0
2547.0,C,RUNNING,2543.836,3,4,0,3,0.0,5.0,99.7,1998.7456,0.0,0,0.0,0.0
2548.0,C,RUNNING,2544.836,3,4,0,3,0.0,5.0,99.7,1997.7456,0.0,0,0.0,0.0
2549.0,C,RUNNING,2545.836,3,4,0,3,0.0,5.0,99.7,1996.7456,0.0,0,0.0,0.0
2550.0,C,RUNNING,2546.836,3,4,0,3,0.0,5.0,99.7,1995.7456,0.0,0,0.0,0.0
2551.0,C,RUNNING,2547.836,3,4,0,3,0.0,5.0,99.7,1994.7456,0.0,0,0.0,0.0
2552.0,C,RUNNING,2548.836,3,4,0,3,0.0,5.0,99.7,1993.7456,0.0,0,0.0,0.0
2553.0,C,RUNNING,2549.836,3,4,0,3,0.0,5.0,99.7,1992.7456,0.0,0,0.0,0.0
2554.0,C,RUNNING,2550.836,3,4,0,3,0.0,5.0,99.7,1991.7456,0.0,0,0.0,0.0
2555.0,C,RUNNING,2551.836,3,4,0,3,0.0,5.0,99.7,1990.7456,0.0,0,0.0,0.0
2556.0,C,RUNNING,2552.836,3,4,0,3,0.0,5.0,99.7,1989.7456,0.0,0,0.0,0.0
2557.0,C,RUNNING,2553.836,3,4,0,3,0.0,5.0,99.7,1988.7456,0.0,0,0.0,0.0
2558.0,C,RUNNING,2554.836,3,4,0,3,0.0,5.0,99.7,1987.7456,0.0,0,0.0,0.0
2559.0,C,RUNNING,2555.836,3,4,0,3,0.0,5.0,99.7,1986.7456,0.0,0,0.0,0.0
2560.0,C,RUNNING,2556.836,3,4,0,3,0.0,5.0,99.7,1985.7456,0.0,0,0.0,0.0
2561.0,C,RUNNING,2557.836,3,4,0,3,0.0,5.0,99.7,1984.7456,0.0,0,0.0,0.0
2562.0,C,RUNNING,2558.836,3,4,0,3,0.0,5.0,99.7,1983.7456,0.0,0,0.0,0.0
2563.0,C,RUNNING,2559.836,3,4,0,3,0.0,5.0,99.7,1982.7456,0.0,0,0.0,0.0
2564.0,C,RUNNING,2560.836,3,4,0,3,0.0,5.0,99.7,1981.7456,0.0,0,0.0,0.0
2565.0,C,RUNNING,2561.836,3,4,0,3,0.0,5.0,99.7,1980.7456,0.0,0,0.0,0.0
2566.0,C,RUNNING,2562.836,3,4,0,3,0.0,5.0,99.7,1979.7456,0.0,0,0.0,0.0
2567.0,C,RUNNING,2563.836,3,4,0,3,0.0,5.0,99.7,1978.7456,0.0,0,0.0,0.0
2568.0,C,RUNNING,2564.836,3,4,0,3,0.0,5.0,99.7,1977.7456,0.0,0,0.0,0.0
2569.0,C,RUNNING,2565.836,3,4,0,3,0.0,5.0,99.7,1976.7456,0.0,0,0.0,0.0
2570.0,C,RUNNING,2566.836,3,4,0,3,0.0,5.0,99.7,1975.7456,0.0,0,0.0,0.0
2571.0,C,RUNNING,2567.836,3,4,0,3,0.0,5.0,99.7,1974.7456,0.0,0,0.0,0.0
2572.0,C,RUNNING,2568.836,3,4,0,3,0.0,5.0,99.7,1973.7456,0.0,0,0.0,0.0
2573.0,C,RUNNING,2569.836,3,4,0,3,0.0,5.0,99.7,1972.7456,0.0,0,0.0,0.0
2574.0,C,RUNNING,2570.836,3,4,0,3,0.0,5.0,99.7,1971.7456,0.0,0,0.0,0.0
2575.0,C,RUNNING,2571.836,3,4,0,3,0.0,5.0,99.7,1970.7456,0.0,0,0.0,0.0
2576.0,C,RUNNING,2572.836,3,4,0,3,0.0,5.0,99.7,1969.7456,0.0,0,0.0,0.0
2577.0,C,RUNNING,2573.836,3,4,0,3,0.0,5.0,99.7,1968.7456,0.0,0,0.0,0.0
2578.0,C,RUNNING,2574.836,3,4,0,3,0.0,5.0,99.7,1967.7456,0.0,0,0.0,0.0
2579.0,C,RUNNING,2575.836,3,4,0,3,0.0,5.0,99.7,1966.7456,0.0,0,0.0,0.0
2580.0,C,RUNNING,2576.836,3,4,0,3,0.0,5.0,99.7,1965.7456,0.0,0,0.0,0.0
2581.0,C,RUNNING,2577.836,3,4,0,3,0.0,5.0,99.7,1964.7456,0.0,0,0.0,0.0
2582.0,C,RUNNING,2578.836,3,4,0,3,0.0,5.0,99.7,1963.7456,0.0,0,0.0,0.0
2583.0,C,RUNNING,2579.836,3,4,0,3,0.0,5.0,99.7,1962.7456,0.0,0,0.0,0.0
2584.0,C,RUNNING,2580.836,3,4,0,3,0.0,5.0,99.7,1961.7456,0.0,0,0.0,0.0
2585.0,C,RUNNING,2581.836,3,4,0,3,0.0,5.0,99.7,1960.7456,0.0,0,0.0,0.0
2586.0,C,RUNNING,2582.836,3,4,0,3,0.0,5.0,99.7,1959.7456,0.0,0,0.0,0.0
2587.0,C,RUNNING,2583.836,3,4,0,3,0.0,5.0,99.7,1958.7456,0.0,0,0.0,0.0
2588.0,C,RUNNING,2584.836,3,4,0,3,0.0,5.0,99.7,1957.7456,0.0,0,0.0,0.0
2589.0,C,RUNNING,2585.836,3,4,0,3,0.0,5.0,99.7,1956.7456,0.0,0,0.0,0.0
2590.0,C,RUNNING,2586.836,3,4,0,3,0.0,5.0,99.7,1955.7456,0.0,0,0.0,0.0
2591.0,C,RUNNING,2587.836,3,4,0,3,0.0,5.0,99.7,1954.7456,0.0,0,0.0,0.0
2592.0,C,RUNNING,2588.836,3,4,0,3,0.0,5.0,99.7,1953.7456,0.0,0,0.0,0.0
2593.0,C,RUNNING,2589.836,3,4,0,3,0.0,5.0,99.7,1952.7456,0.0,0,0.0,0.0
2594.0,C,RUNNING,2590.836,3,4,0,3,0.0,5.0,99.7,1951.7456,0.0,0,0.0,0.0
2595.0,C,RUNNING,2591.836,3,4,0,3,0.0,5.0,99.7,1950.7456,0.0,0,0.0,0.0
2596.0,C,RUNNING,2592.836,3,4,0,3,0.0,5.0,99.7,1949.7456,0.0,0,0.0,0.0
2597.0,C,RUNNING,2593.836,3,4,0,3,0.0,5.0,99.7,1948.7456,0.0,0,0.0,0.0
2598.0,C,RUNNING,2594.836,3,4,0,3,0.0,5.0,99.7,1947.7456,0.0,0,0.0,0.0
2599.0,C,RUNNING,2595.836,3,4,0,3,0.0,5.0,99.7,1946.7456,0.0,0,0.0,0.0
2600.0,C,RUNNING,2596.836,3,4,0,3,0.0,5.0,99.7,1945.7456,0.0,0,0.0,0.0
2601.0,C,RUNNING,2597.836,3,4,0,3,0.0,5.0,99.7,1944.7456,0.0,0,0.0,0.0
2602.0,C,RUNNING,2598.836,3,4,0,3,0.0,5.0,99.7,1943.7456,0.0,0,0.0,0.0
2603.0,C,RUNNING,2599.836,3,4,0,3,0.0,5.0,99.7,1942.7456,0.0,0,0.0,0.0
2604.0,C,RUNNING,2600.836,3,4,0,3,0.0,5.0,99.7,1941.7456,0.0,0,0.0,0.0
2605.0,C,RUNNING,2601.836,3,4,0,3,0.0,5.0,99.7,1940.7456,0.0,0,0.0,0.0
2606.0,C,RUNNING,2602.836,3,4,0,3,0.0,5.0,99.7,1939.7456,0.0,0,0.0,0.0
2607.0,C,RUNNING,2603.836,3,4,0,3,0.0,5.0,99.7,1938.7456,0.0,0,0.0,0.0
2608.0,C,RUNNING,2604.836,3,4,0,3,0.0,5.0,99.7,1937.7456,0.0,0,0.0,0.0
2609.0,C,RUNNING,2605.836,3,4,0,3,0.0,5.0,99.7,1936.7456,0.0,0,0.0,0.0
2610.0,C,RUNNING,2606.836,3,4,0,3,0.0,5.0,99.7,1935.7456,0.0,0,0.0,0.0
2611.0,C,RUNNING,2607.836,3,4,0,3,0.0,5.0,99.7,1934.7456,0.0,0,0.0,0.0
2612.0,C,RUNNING,2608.836,3,4,0,3,0.0,5.0,99.7,1933.7456,0.0,0,0.0,0.0
2613.0,C,RUNNING,2609.836,3,4,0,3,0.0,5.0,99.7,1932.7456,0.0,0,0.0,0.0
2614.0,C,RUNNING,2610.836,3,4,0,3,0.0,5.0,99.7,1931.7456,0.0,0,0.0,0.0
2615.0,C,RUNNING,2611.836,3,4,0,3,0.0,5.0,99.7,1930.7456,0.0,0,0.0,0.0
2616.0,C,RUNNING,2612.836,3,4,0,3,0.0,5.0,99.7,1929.7456,0.0,0,0.0,0.0
2617.0,C,RUNNING,2613.836,3,4,0,3,0.0,5.0,99.7,1928.7456,0.0,0,0.0,0.0
2618.0,C,RUNNING,2614.836,3,4,0,3,0.0,5.0,99.7,1927.7456,0.0,0,0.0,0.0
2619.0,C,RUNNING,2615.836,3,4,0,3,0.0,5.0,99.7,1926.7456,0.0,0,0.0,0.0
2620.0,C,RUNNING,2616.836,3,4,0,3,0.0,5.0,99.7,1925.7456,0.0,0,0.0,0.0
2621.0,C,RUNNING,2617.836,3,4,0,3,0.0,5.0,99.7,1924.7456,0.0,0,0.0,0.0
2622.0,C,RUNNING,2618.836,3,4,0,3,0.0,5.0,99.7,1923.7456,0.0,0,0.0,0.0
2623.0,C,RUNNING,2619.836,3,4,0,3,0.0,5.0,99.7,1922.7456,0.0,0,0.0,0.0
2624.0,C,RUNNING,2620.836,3,4,0,3,0.0,5.0,99.7,1921.7456,0.0,0,0.0,0.0
2625.0,C,RUNNING,2621.836,3,4,0,3,0.0,5.0,99.7,1920.7456,0.0,0,0.0,0.0
2626.0,C,RUNNING,2622.836,3,4,0,3,0.0,5.0,99.7,1919.7456,0.0,0,0.0,0.0
2627.0,C,RUNNING,2623.836,3,4,0,3,0.0,5.0,99.7,1918.7456,0.0,0,0.0,0.0
2628.0,C,RUNNING,2624.836,3,4,0,3,0.0,5.0,99.7,1917.7456,0.0,0,0.0,0.0
2629.0,C,RUNNING,2625.836,3,4,0,3,0.0,5.0,99.7,1916.7456,0.0,0,0.0,0.0
2630.0,C,RUNNING,2626.836,3,4,0,3,0.0,5.0,99.7,1915.7456,0.0,0,0.0,0.0
2631.0,C,RUNNING,2627.836,3,4,0,3,0.0,5.0,99.7,1914.7456,0.0,0,0.0,0.0
2632.0,C,RUNNING,2628.836,3,4,0,3,0.0,5.0,99.7,1913.7456,0.0,0,0.0,0.0
2633.0,C,RUNNING,2629.836,3,4,0,3,0.0,5.0,99.7,1912.7456,0.0,0,0.0,0.0
2634.0,C,RUNNING,2630.836,3,4,0,3,0.0,5.0,99.7,1911.7456,0.0,0,0.0,0.0
2635.0,C,RUNNING,2631.836,3,4,0,3,0.0,5.0,99.7,1910.7456,0.0,0,0.0,0.0
2636.0,C,RUNNING,2632.836,3,4,0,3,0.0,5.0,99.7,1909.7456,0.0,0,0.0,0.0
2637.0,C,RUNNING,2633.836,3,4,0,3,0.0,5.0,99.7,1908.7456,0.0,0,0.0,0.0
2638.0,C,RUNNING,2634.836,3,4,0,3,0.0,5.0,99.7,1907.7456,0.0,0,0.0,0.0
2639.0,C,RUNNING,2635.836,3,4,0,3,0.0,5.0,99.7,1906.7456,0.0,0,0.0,0.0
2640.0,C,RUNNING,2636.836,3,4,0,3,0.0,5.0,99.7,1905.7456,0.0,0,0.0,0.0
2641.0,C,RUNNING,2637.836,3,4,0,3,0.0,5.0,99.7,1904.7456,0.0,0,0.0,0.0
2642.0,C,RUNNING,2638.836,3,4,0,3,0.0,5.0,99.7,1903.7456,0.0,0,0.0,0.0
2643.0,C,RUNNING,2639.836,3,4,0,3,0.0,5.0,99.7,1902.7456,0.0,0,0.0,0.0
2644.0,C,RUNNING,2640.836,3,4,0,3,0.0,5.0,99.7,1901.7456,0.0,0,0.0,0.0
2645.0,C,RUNNING,2641.836,3,4,0,3,0.0,5.0,99.7,1900.7456,0.0,0,0.0,0.0
2646.0,C,RUNNING,2642.836,3,4,0,3,0.0,5.0,99.7,1899.7456,0.0,0,0.0,0.0
2647.0,C,RUNNING,2643.836,3,4,0,3,0.0,5.0,99.7,1898.7456,0.0,0,0.0,0.0
2648.0,C,RUNNING,2644.836,3,4,0,3,0.0,5.0,99.7,1897.7456,0.0,0,0.0,0.0
2649.0,C,RUNNING,2645.836,3,4,0,3,0.0,5.0,99.7,1896.7456,0.0,0,0.0,0.0
2650.0,C,RUNNING,2646.836,3,4,0,3,0.0,5.0,99.7,1895.7456,0.0,0,0.0,0.0
2651.0,C,RUNNING,2647.836,3,4,0,3,0.0,5.0,99.7,1894.7456,0.0,0,0.0,0.0
2652.0,C,RUNNING,2648.836,3,4,0,3,0.0,5.0,99.7,1893.7456,0.0,0,0.0,0.0
2653.0,C,RUNNING,2649.836,3,4,0,3,0.0,5.0,99.7,1892.7456,0.0,0,0.0,0.0
2654.0,C,RUNNING,2650.836,3,4,0,3,0.0,5.0,99.7,1891.7456,0.0,0,0.0,0.0
2655.0,C,RUNNING,2651.836,3,4,0,3,0.0,5.0,99.7,1890.7456,0.0,0,0.0,0.0
2656.0,C,RUNNING,2652.836,3,4,0,3,0.0,5.0,99.7,1889.7456,0.0,0,0.0,0.0
2657.0,C,RUNNING,2653.836,3,4,0,3,0.0,5.0,99.7,1888.7456,0.0,0,0.0,0.0
2658.0,C,RUNNING,2654.836,3,4,0,3,0.0,5.0,99.7,1887.7456,0.0,0,0.0,0.0
2659.0,C,RUNNING,2655.836,3,4,0,3,0.0,5.0,99.7,1886.7456,0.0,0,0.0,0.0
2660.0,C,RUNNING,2656.836,3,4,0,3,0.0,5.0,99.7,1885.7456,0.0,0,0.0,0.0
2661.0,C,RUNNING,2657.836,3,4,0,3,0.0,5.0,99.7,1884.7456,0.0,0,0.0,0.0
2662.0,C,RUNNING,2658.836,3,4,0,3,0.0,5.0,99.7,1883.7456,0.0,0,0.0,0.0
2663.0,C,RUNNING,2659.836,3,4,0,3,0.0,5.0,99.7,1882.7456,0.0,0,0.0,0.0
2664.0,C,RUNNING,2660.836,3,4,0,3,0.0,5.0,99.7,1881.7456,0.0,0,0.0,0.0
2665.0,C,RUNNING,2661.836,3,4,0,3,0.0,5.0,99.7,1880.7456,0.0,0,0.0,0.0
2666.0,C,RUNNING,2662.836,3,4,0,3,0.0,5.0,99.7,1879.7456,0.0,0,0.0,0.0
2667.0,C,RUNNING,2663.836,3,4,0,3,0.0,5.0,99.7,1878.7456,0.0,0,0.0,0.0
2668.0,C,RUNNING,2664.836,3,4,0,3,0.0,5.0,99.7,1877.7456,0.0,0,0.0,0.0
2669.0,C,RUNNING,2665.836,3,4,0,3,0.0,5.0,99.7,1876.7456,0.0,0,0.0,0.0
2670.0,C,RUNNING,2666.836,3,4,0,3,0.0,5.0,99.7,1875.7456,0.0,0,0.0,0.0
2671.0,C,RUNNING,2667.836,3,4,0,3,0.0,5.0,99.7,1874.7456,0.0,0,0.0,0.0
2672.0,C,RUNNING,2668.836,3,4,0,3,0.0,5.0,99.7,1873.7456,0.0,0,0.0,0.0
2673.0,C,RUNNING,2669.836,3,4,0,3,0.0,5.0,99.7,1872.7456,0.0,0,0.0,0.0
2674.0,C,RUNNING,2670.836,3,4,0,3,0.0,5.0,99.7,1871.7456,0.0,0,0.0,0.0
2675.0,C,RUNNING,2671.836,3,4,0,3,0.0,5.0,99.7,1870.7456,0.0,0,0.0,0.0
2676.0,C,RUNNING,2672.836,3,4,0,3,0.0,5.0,99.7,1869.7456,0.0,0,0.0,0.0
2677.0,C,RUNNING,2673.836,3,4,0,3,0.0,5.0,99.7,1868.7456,0.0,0,0.0,0.0
2678.0,C,RUNNING,2674.836,3,4,0,3,0.0,5.0,99.7,1867.7456,0.0,0,0.0,0.0
2679.0,C,RUNNING,2675.836,3,4,0,3,0.0,5.0,99.7,1866.7456,0.0,0,0.0,0.0
2680.0,C,RUNNING,2676.836,3,4,0,3,0.0,5.0,99.7,1865.7456,0.0,0,0.0,0.0
2681.0,C,RUNNING,2677.836,3,4,0,3,0.0,5.0,99.7,1864.7456,0.0,0,0.0,0.0
2682.0,C,RUNNING,2678.836,3,4,0,3,0.0,5.0,99.7,1863.7456,0.0,0,0.0,0.0
2683.0,C,RUNNING,2679.836,3,4,0,3,0.0,5.0,99.7,1862.7456,0.0,0,0.0,0.0
2684.0,C,RUNNING,2680.836,3,4,0,3,0.0,5.0,99.7,1861.7456,0.0,0,0.0,0.0
2685.0,C,RUNNING,2681.836,3,4,0,3,0.0,5.0,99.7,1860.7456,0.0,0,0.0,0.0
2686.0,C,RUNNING,2682.836,3,4,0,3,0.0,5.0,99.7,1859.7456,0.0,0,0.0,0.0
2687.0,C,RUNNING,2683.836,3,4,0,3,0.0,5.0,99.7,1858.7456,0.0,0,0.0,0.0
2688.0,C,RUNNING,2684.836,3,4,0,3,0.0,5.0,99.7,1857.7456,0.0,0,0.0,0.0
2689.0,C,RUNNING,2685.836,3,4,0,3,0.0,5.0,99.7,1856.7456,0.0,0,0.0,0.0
2690.0,C,RUNNING,2686.836,3,4,0,3,0.0,5.0,99.7,1855.7456,0.0,0,0.0,0.0
2691.0,C,RUNNING,2687.836,3,4,0,3,0.0,5.0,99.7,1854.7456,0.0,0,0.0,0.0
2692.0,C,RUNNING,2688.836,3,4,0,3,0.0,5.0,99.7,1853.7456,0.0,0,0.0,0.0
2693.0,C,RUNNING,2689.836,3,4,0,3,0.0,5.0,99.7,1852.7456,0.0,0,0.0,0.0
2694.0,C,RUNNING,2690.836,3,4,0,3,0.0,5.0,99.7,1851.7456,0.0,0,0.0,0.0
2695.0,C,RUNNING,2691.836,3,4,0,3,0.0,5.0,99.7,1850.7456,0.0,0,0.0,0.0
2696.0,C,RUNNING,2692.836,3,4,0,3,0.0,5.0,99.7,1849.7456,0.0,0,0.0,0.0
2697.0,C,RUNNING,2693.836,3,4,0,3,0.0,5.0,99.7,1848.7456,0.0,0,0.0,0.0
2698.0,C,RUNNING,2694.836,3,4,0,3,0.0,5.0,99.7,1847.7456,0.0,0,0.0,0.0
2699.0,C,RUNNING,2695.836,3,4,0,3,0.0,5.0,99.7,1846.7456,0.0,0,0.0,0.0
2700.0,C,RUNNING,2696.836,3,4,0,3,0.0,5.0,99.7,1845.7456,0.0,0,0.0,0.0
2701.0,C,RUNNING,2697.836,3,4,0,3,0.0,5.0,99.7,1844.7456,0.0,0,0.0,0.0
2702.0,C,RUNNING,2698.836,3,4,0,3,0.0,5.0,99.7,1843.7456,0.0,0,0.0,0.0
2703.0,C,RUNNING,2699.836,3,4,0,3,0.0,5.0,99.7,1842.7456,0.0,0,0.0,0.0
2704.0,C,RUNNING,2700.836,3,4,0,3,0.0,5.0,99.7,1841.7456,0.0,0,0.0,0.0
2705.0,C,RUNNING,2701.836,3,4,0,3,0.0,5.0,99.7,1840.7456,0.0,0,0.0,0.0
2706.0,C,RUNNING,2702.836,3,4,0,3,0.0,5.0,99.7,1839.7456,0.0,0,0.0,0.0
2707.0,C,RUNNING,2703.836,3,4,0,3,0.0,5.0,99.7,1838.7456,0.0,0,0.0,0.0
2708.0,C,RUNNING,2704.836,3,4,0,3,0.0,5.0,99.7,1837.7456,0.0,0,0.0,0.0
2709.0,C,RUNNING,2705.836,3,4,0,3,0.0,5.0,99.7,1836.7456,0.0,0,0.0,0.0
2710.0,C,RUNNING,2706.836,3,4,0,3,0.0,5.0,99.7,1835.7456,0.0,0,0.0,0.0
2711.0,C,RUNNING,2707.836,3,4,0,3,0.0,5.0,99.7,1834.7456,0.0,0,0.0,0.0
2712.0,C,RUNNING,2708.836,3,4,0,3,0.0,5.0,99.7,1833.7456,0.0,0,0.0,0.0
2713.0,C,RUNNING,2709.836,3,4,0,3,0.0,5.0,99.7,1832.7456,0.0,0,0.0,0.0
2714.0,C,RUNNING,2710.836,3,4,0,3,0.0,5.0,99.7,1831.7456,0.0,0,0.0,0.0
2715.0,C,RUNNING,2711.836,3,4,0,3,0.0,5.0,99.7,1830.7456,0.0,0,0.0,0.0
2716.0,C,RUNNING,2712.836,3,4,0,3,0.0,5.0,99.7,1829.7456,0.0,0,0.0,0.0
2717.0,C,RUNNING,2713.836,3,4,0,3,0.0,5.0,99.7,1828.7456,0.0,0,0.0,0.0
2718.0,C,RUNNING,2714.836,3,4,0,3,0.0,5.0,99.7,1827.7456,0.0,0,0.0,0.0
2719.0,C,RUNNING,2715.836,3,4,0,3,0.0,5.0,99.7,1826.7456,0.0,0,0.0,0.0
2720.0,C,RUNNING,2716.836,3,4,0,3,0.0,5.0,99.7,1825.7456,0.0,0,0.0,0.0
2721.0,C,RUNNING,2717.836,3,4,0,3,0.0,5.0,99.7,1824.7456,0.0,0,0.0,0.0
2722.0,C,RUNNING,2718.836,3,4,0,3,0.0,5.0,99.7,1823.7456,0.0,0,0.0,0.0
2723.0,C,RUNNING,2719.836,3,4,0,3,0.0,5.0,99.7,1822.7456,0.0,0,0.0,0.0
2724.0,C,RUNNING,2720.836,3,4,0,3,0.0,5.0,99.7,1821.7456,0.0,0,0.0,0.0
2725.0,C,RUNNING,2721.836,3,4,0,3,0.0,5.0,99.7,1820.7456,0.0,0,0.0,0.0
2726.0,C,RUNNING,2722.836,3,4,0,3,0.0,5.0,99.7,1819.7456,0.0,0,0.0,0.0
2727.0,C,RUNNING,2723.836,3,4,0,3,0.0,5.0,99.7,1818.7456,0.0,0,0.0,0.0
2728.0,C,RUNNING,2724.836,3,4,0,3,0.0,5.0,99.7,1817.7456,0.0,0,0.0,0.0
2729.0,C,RUNNING,2725.836,3,4,0,3,0.0,5.0,99.7,1816.7456,0.0,0,0.0,0.0
2730.0,C,RUNNING,2726.836,3,4,0,3,0.0,5.0,99.7,1815.7456,0.0,0,0.0,0.0
2731.0,C,RUNNING,2727.836,3,4,0,3,0.0,5.0,99.7,1814.7456,0.0,0,0.0,0.0
2732.0,C,RUNNING,2728.836,3,4,0,3,0.0,5.0,99.7,1813.7456,0.0,0,0.0,0.0
2733.0,C,RUNNING,2729.836,3,4,0,3,0.0,5.0,99.7,1812.7456,0.0,0,0.0,0.0
2734.0,C,RUNNING,2730.836,3,4,0,3,0.0,5.0,99.7,1811.7456,0.0,0,0.0,0.0
2735.0,C,RUNNING,2731.836,3,4,0,3,0.0,5.0,99.7,1810.7456,0.0,0,0.0,0.0
2736.0,C,RUNNING,2732.836,3,4,0,3,0.0,5.0,99.7,1809.7456,0.0,0,0.0,0.0
2737.0,C,RUNNING,2733.836,3,4,0,3,0.0,5.0,99.7,1808.7456,0.0,0,0.0,0.0
2738.0,C,RUNNING,2734.836,3,4,0,3,0.0,5.0,99.7,1807.7456,0.0,0,0.0,0.0
2739.0,C,RUNNING,2735.836,3,4,0,3,0.0,5.0,99.7,1806.7456,0.0,0,0.0,0.0
2740.0,C,RUNNING,2736.836,3,4,0,3,0.0,5.0,99.7,1805.7456,0.0,0,0.0,0.0
2741.0,C,RUNNING,2737.836,3,4,0,3,0.0,5.0,99.7,1804.7456,0.0,0,0.0,0.0
2742.0,C,RUNNING,2738.836,3,4,0,3,0.0,5.0,99.7,1803.7456,0.0,0,0.0,0.0
2743.0,C,RUNNING,2739.836,3,4,0,3,0.0,5.0,99.7,1802.7456,0.0,0,0.0,0.0
2744.0,C,RUNNING,2740.836,3,4,0,3,0.0,5.0,99.7,1801.7456,0.0,0,0.0,0.0
2745.0,C,RUNNING,2741.836,3,4,0,3,0.0,5.0,99.7,1800.7456,0.0,0,0.0,0.0
2746.0,C,RUNNING,2742.836,3,4,0,3,0.0,5.0,99.7,1799.7456,0.0,0,0.0,0.0
2747.0,C,RUNNING,2743.836,3,4,0,3,0.0,5.0,99.7,1798.7456,0.0,0,0.0,0.0
2748.0,C,RUNNING,2744.836,3,4,0,3,0.0,5.0,99.7,1797.7456,0.0,0,0.0,0.0
2749.0,C,RUNNING,2745.836,3,4,0,3,0.0,5.0,99.7,1796.7456,0.0,0,0.0,0.0
2750.0,C,RUNNING,2746.836,3,4,0,3,0.0,5.0,99.7,1795.7456,0.0,0,0.0,0.0
2751.0,C,RUNNING,2747.836,3,4,0,3,0.0,5.0,99.7,1794.7456,0.0,0,0.0,0.0
2752.0,C,RUNNING,2748.836,3,4,0,3,0.0,5.0,99.7,1793.7456,0.0,0,0.0,0.0
2753.0,C,RUNNING,2749.836,3,4,0,3,0.0,5.0,99.7,1792.7456,0.0,0,0.0,0.0
2754.0,C,RUNNING,2750.836,3,4,0,3,0.0,5.0,99.7,1791.7456,0.0,0,0.0,0.0
2755.0,C,RUNNING,2751.836,3,4,0,3,0.0,5.0,99.7,1790.7456,0.0,0,0.0,0.0
2756.0,C,RUNNING,2752.836,3,4,0,3,0.0,5.0,99.7,1789.7456,0.0,0,0.0,0.0
2757.0,C,RUNNING,2753.836,3,4,0,3,0.0,5.0,99.7,1788.7456,0.0,0,0.0,0.0
2758.0,C,RUNNING,2754.836,3,4,0,3,0.0,5.0,99.7,1787.7456,0.0,0,0.0,0.0
2759.0,C,RUNNING,2755.836,3,4,0,3,0.0,5.0,99.7,1786.7456,0.0,0,0.0,0.0
2760.0,C,RUNNING,2756.836,3,4,0,3,0.0,5.0,99.7,1785.7456,0.0,0,0.0,0.0
2761.0,C,RUNNING,2757.836,3,4,0,3,0.0,5.0,99.7,1784.7456,0.0,0,0.0,0.0
2762.0,C,RUNNING,2758.836,3,4,0,3,0.0,5.0,99.7,1783.7456,0.0,0,0.0,0.0
2763.0,C,RUNNING,2759.836,3,4,0,3,0.0,5.0,99.7,1782.7456,0.0,0,0.0,0.0
2764.0,C,RUNNING,2760.836,3,4,0,3,0.0,5.0,99.7,1781.7456,0.0,0,0.0,0.0
2765.0,C,RUNNING,2761.836,3,4,0,3,0.0,5.0,99.7,1780.7456,0.0,0,0.0,0.0
2766.0,C,RUNNING,2762.836,3,4,0,3,0.0,5.0,99.7,1779.7456,0.0,0,0.0,0.0
2767.0,C,RUNNING,2763.836,3,4,0,3,0.0,5.0,99.7,1778.7456,0.0,0,0.0,0.0
2768.0,C,RUNNING,2764.836,3,4,0,3,0.0,5.0,99.7,1777.7456,0.0,0,0.0,0.0
2769.0,C,RUNNING,2765.836,3,4,0,3,0.0,5.0,99.7,1776.7456,0.0,0,0.0,0.0
2770.0,C,RUNNING,2766.836,3,4,0,3,0.0,5.0,99.7,1775.7456,0.0,0,0.0,0.0
2771.0,C,RUNNING,2767.836,3,4,0,3,0.0,5.0,99.7,1774.7456,0.0,0,0.0,0.0
2772.0,C,RUNNING,2768.836,3,4,0,3,0.0,5.0,99.7,1773.7456,0.0,0,0.0,0.0
2773.0,C,RUNNING,2769.836,3,4,0,3,0.0,5.0,99.7,1772.7456,0.0,0,0.0,0.0
2774.0,C,RUNNING,2770.836,3,4,0,3,0.0,5.0,99.7,1771.7456,0.0,0,0.0,0.0
2775.0,C,RUNNING,2771.836,3,4,0,3,0.0,5.0,99.7,1770.7456,0.0,0,0.0,0.0
2776.0,C,RUNNING,2772.836,3,4,0,3,0.0,5.0,99.7,1769.7456,0.0,0,0.0,0.0
2777.0,C,RUNNING,2773.836,3,4,0,3,0.0,5.0,99.7,1768.7456,0.0,0,0.0,0.0
2778.0,C,RUNNING,2774.836,3,4,0,3,0.0,5.0,99.7,1767.7456,0.0,0,0.0,0.0
2779.0,C,RUNNING,2775.836,3,4,0,3,0.0,5.0,99.7,1766.7456,0.0,0,0.0,0.0
2780.0,C,RUNNING,2776.836,3,4,0,3,0.0,5.0,99.7,1765.7456,0.0,0,0.0,0.0
2781.0,C,RUNNING,2777.836,3,4,0,3,0.0,5.0,99.7,1764.7456,0.0,0,0.0,0.0
2782.0,C,RUNNING,2778.836,3,4,0,3,0.0,5.0,99.7,1763.7456,0.0,0,0.0,0.0
2783.0,C,RUNNING,2779.836,3,4,0,3,0.0,5.0,99.7,1762.7456,0.0,0,0.0,0.0
2784.0,C,RUNNING,2780.836,3,4,0,3,0.0,5.0,99.7,1761.7456,0.0,0,0.0,0.0
2785.0,C,RUNNING,2781.836,3,4,0,3,0.0,5.0,99.7,1760.7456,0.0,0,0.0,0.0
2786.0,C,RUNNING,2782.836,3,4,0,3,0.0,5.0,99.7,1759.7456,0.0,0,0.0,0.0
2787.0,C,RUNNING,2783.836,3,4,0,3,0.0,5.0,99.7,1758.7456,0.0,0,0.0,0.0
2788.0,C,RUNNING,2784.836,3,4,0,3,0.0,5.0,99.7,1757.7456,0.0,0,0.0,0.0
2789.0,C,RUNNING,2785.836,3,4,0,3,0.0,5.0,99.7,1756.7456,0.0,0,0.0,0.0
2790.0,C,RUNNING,2786.836,3,4,0,3,0.0,5.0,99.7,1755.7456,0.0,0,0.0,0.0
2791.0,C,RUNNING,2787.836,3,4,0,3,0.0,5.0,99.7,1754.7456,0.0,0,0.0,0.0
2792.0,C,RUNNING,2788.836,3,4,0,3,0.0,5.0,99.7,1753.7456,0.0,0,0.0,0.0
2793.0,C,RUNNING,2789.836,3,4,0,3,0.0,5.0,99.7,1752.7456,0.0,0,0.0,0.0
2794.0,C,RUNNING,2790.836,3,4,0,3,0.0,5.0,99.7,1751.7456,0.0,0,0.0,0.0
2795.0,C,RUNNING,2791.836,3,4,0,3,0.0,5.0,99.7,1750.7456,0.0,0,0.0,0.0
2796.0,C,RUNNING,2792.836,3,4,0,3,0.0,5.0,99.7,1749.7456,0.0,0,0.0,0.0
2797.0,C,RUNNING,2793.836,3,4,0,3,0.0,5.0,99.7,1748.7456,0.0,0,0.0,0.0
2798.0,C,RUNNING,2794.836,3,4,0,3,0.0,5.0,99.7,1747.7456,0.0,0,0.0,0.0
2799.0,C,RUNNING,2795.836,3,4,0,3,0.0,5.0,99.7,1746.7456,0.0,0,0.0,0.0
2800.0,C,RUNNING,2796.836,3,4,0,3,0.0,5.0,99.7,1745.7456,0.0,0,0.0,0.0
2801.0,C,RUNNING,2797.836,3,4,0,3,0.0,5.0,99.7,1744.7456,0.0,0,0.0,0.0
2802.0,C,RUNNING,2798.836,3,4,0,3,0.0,5.0,99.7,1743.7456,0.0,0,0.0,0.0
2803.0,C,RUNNING,2799.836,3,4,0,3,0.0,5.0,99.7,1742.7456,0.0,0,0.0,0.0
2804.0,C,RUNNING,2800.836,3,4,0,3,0.0,5.0,99.7,1741.7456,0.0,0,0.0,0.0
2805.0,C,RUNNING,2801.836,3,4,0,3,0.0,5.0,99.7,1740.7456,0.0,0,0.0,0.0
2806.0,C,RUNNING,2802.836,3,4,0,3,0.0,5.0,99.7,1739.7456,0.0,0,0.0,0.0
2807.0,C,RUNNING,2803.836,3,4,0,3,0.0,5.0,99.7,1738.7456,0.0,0,0.0,0.0
2808.0,C,RUNNING,2804.836,3,4,0,3,0.0,5.0,99.7,1737.7456,0.0,0,0.0,0.0
2809.0,C,RUNNING,2805.836,3,4,0,3,0.0,5.0,99.7,1736.7456,0.0,0,0.0,0.0
2810.0,C,RUNNING,2806.836,3,4,0,3,0.0,5.0,99.7,1735.7456,0.0,0,0.0,0.0
2811.0,C,RUNNING,2807.836,3,4,0,3,0.0,5.0,99.7,1734.7456,0.0,0,0.0,0.0
2812.0,C,RUNNING,2808.836,3,4,0,3,0.0,5.0,99.7,1733.7456,0.0,0,0.0,0.0
2813.0,C,RUNNING,2809.836,3,4,0,3,0.0,5.0,99.7,1732.7456,0.0,0,0.0,0.0
2814.0,C,RUNNING,2810.836,3,4,0,3,0.0,5.0,99.7,1731.7456,0.0,0,0.0,0.0
2815.0,C,RUNNING,2811.836,3,4,0,3,0.0,5.0,99.7,1730.7456,0.0,0,0.0,0.0
2816.0,C,RUNNING,2812.836,3,4,0,3,0.0,5.0,99.7,1729.7456,0.0,0,0.0,0.0
2817.0,C,RUNNING,2813.836,3,4,0,3,0.0,5.0,99.7,1728.7456,0.0,0,0.0,0.0
2818.0,C,RUNNING,2814.836,3,4,0,3,0.0,5.0,99.7,1727.7456,0.0,0,0.0,0.0
2819.0,C,RUNNING,2815.836,3,4,0,3,0.0,5.0,99.7,1726.7456,0.0,0,0.0,0.0
2820.0,C,RUNNING,2816.836,3,4,0,3,0.0,5.0,99.7,1725.7456,0.0,0,0.0,0.0
2821.0,C,RUNNING,2817.836,3,4,0,3,0.0,5.0,99.7,1724.7456,0.0,0,0.0,0.0
2822.0,C,RUNNING,2818.836,3,4,0,3,0.0,5.0,99.7,1723.7456,0.0,0,0.0,0.0
2823.0,C,RUNNING,2819.836,3,4,0,3,0.0,5.0,99.7,1722.7456,0.0,0,0.0,0.0
2824.0,C,RUNNING,2820.836,3,4,0,3,0.0,5.0,99.7,1721.7456,0.0,0,0.0,0.0
2825.0,C,RUNNING,2821.836,3,4,0,3,0.0,5.0,99.7,1720.7456,0.0,0,0.0,0.0
2826.0,C,RUNNING,2822.836,3,4,0,3,0.0,5.0,99.7,1719.7456,0.0,0,0.0,0.0
2827.0,C,RUNNING,2823.836,3,4,0,3,0.0,5.0,99.7,1718.7456,0.0,0,0.0,0.0
2828.0,C,RUNNING,2824.836,3,4,0,3,0.0,5.0,99.7,1717.7456,0.0,0,0.0,0.0
2829.0,C,RUNNING,2825.836,3,4,0,3,0.0,5.0,99.7,1716.7456,0.0,0,0.0,0.0
2830.0,C,RUNNING,2826.836,3,4,0,3,0.0,5.0,99.7,1715.7456,0.0,0,0.0,0.0
2831.0,C,RUNNING,2827.836,3,4,0,3,0.0,5.0,99.7,1714.7456,0.0,0,0.0,0.0
2832.0,C,RUNNING,2828.836,3,4,0,3,0.0,5.0,99.7,1713.7456,0.0,0,0.0,0.0
2833.0,C,RUNNING,2829.836,3,4,0,3,0.0,5.0,99.7,1712.7456,0.0,0,0.0,0.0
2834.0,C,RUNNING,2830.836,3,4,0,3,0.0,5.0,99.7,1711.7456,0.0,0,0.0,0.0
2835.0,C,RUNNING,2831.836,3,4,0,3,0.0,5.0,99.7,1710.7456,0.0,0,0.0,0.0
2836.0,C,RUNNING,2832.836,3,4,0,3,0.0,5.0,99.7,1709.7456,0.0,0,0.0,0.0
2837.0,C,RUNNING,2833.836,3,4,0,3,0.0,5.0,99.7,1708.7456,0.0,0,0.0,0.0
2838.0,C,RUNNING,2834.836,3,4,0,3,0.0,5.0,99.7,1707.7456,0.0,0,0.0,0.0
2839.0,C,RUNNING,2835.836,3,4,0,3,0.0,5.0,99.7,1706.7456,0.0,0,0.0,0.0
2840.0,C,RUNNING,2836.836,3,4,0,3,0.0,5.0,99.7,1705.7456,0.0,0,0.0,0.0
2841.0,C,RUNNING,2837.836,3,4,0,3,0.0,5.0,99.7,1704.7456,0.0,0,0.0,0.0
2842.0,C,RUNNING,2838.836,3,4,0,3,0.0,5.0,99.7,1703.7456,0.0,0,0.0,0.0
2843.0,C,RUNNING,2839.836,3,4,0,3,0.0,5.0,99.7,1702.7456,0.0,0,0.0,0.0
2844.0,C,RUNNING,2840.836,3,4,0,3,0.0,5.0,99.7,1701.7456,0.0,0,0.0,0.0
2845.0,C,RUNNING,2841.836,3,4,0,3,0.0,5.0,99.7,1700.7456,0.0,0,0.0,0.0
2846.0,C,RUNNING,2842.836,3,4,0,3,0.0,5.0,99.7,1699.7456,0.0,0,0.0,0.0
2847.0,C,RUNNING,2843.836,3,4,0,3,0.0,5.0,99.7,1698.7456,0.0,0,0.0,0.0
2848.0,C,RUNNING,2844.836,3,4,0,3,0.0,5.0,99.7,1697.7456,0.0,0,0.0,0.0
2849.0,C,RUNNING,2845.836,3,4,0,3,0.0,5.0,99.7,1696.7456,0.0,0,0.0,0.0
2850.0,C,RUNNING,2846.836,3,4,0,3,0.0,5.0,99.7,1695.7456,0.0,0,0.0,0.0
2851.0,C,RUNNING,2847.836,3,4,0,3,0.0,5.0,99.7,1694.7456,0.0,0,0.0,0.0
2852.0,C,RUNNING,2848.836,3,4,0,3,0.0,5.0,99.7,1693.7456,0.0,0,0.0,0.0
2853.0,C,RUNNING,2849.836,3,4,0,3,0.0,5.0,99.7,1692.7456,0.0,0,0.0,0.0
2854.0,C,RUNNING,2850.836,3,4,0,3,0.0,5.0,99.7,1691.7456,0.0,0,0.0,0.0
2855.0,C,RUNNING,2851.836,3,4,0,3,0.0,5.0,99.7,1690.7456,0.0,0,0.0,0.0
2856.0,C,RUNNING,2852.836,3,4,0,3,0.0,5.0,99.7,1689.7456,0.0,0,0.0,0.0
2857.0,C,RUNNING,2853.836,3,4,0,3,0.0,5.0,99.7,1688.7456,0.0,0,0.0,0.0
2858.0,C,RUNNING,2854.836,3,4,0,3,0.0,5.0,99.7,1687.7456,0.0,0,0.0,0.0
2859.0,C,RUNNING,2855.836,3,4,0,3,0.0,5.0,99.7,1686.7456,0.0,0,0.0,0.0
2860.0,C,RUNNING,2856.836,3,4,0,3,0.0,5.0,99.7,1685.7456,0.0,0,0.0,0.0
2861.0,C,RUNNING,2857.836,3,4,0,3,0.0,5.0,99.7,1684.7456,0.0,0,0.0,0.0
2862.0,C,RUNNING,2858.836,3,4,0,3,0.0,5.0,99.7,1683.7456,0.0,0,0.0,0.0
2863.0,C,RUNNING,2859.836,3,4,0,3,0.0,5.0,99.7,1682.7456,0.0,0,0.0,0.0
2864.0,C,RUNNING,2860.836,3,4,0,3,0.0,5.0,99.7,1681.7456,0.0,0,0.0,0.0
2865.0,C,RUNNING,2861.836,3,4,0,3,0.0,5.0,99.7,1680.7456,0.0,0,0.0,0.0
2866.0,C,RUNNING,2862.836,3,4,0,3,0.0,5.0,99.7,1679.7456,0.0,0,0.0,0.0
2867.0,C,RUNNING,2863.836,3,4,0,3,0.0,5.0,99.7,1678.7456,0.0,0,0.0,0.0
2868.0,C,RUNNING,2864.836,3,4,0,3,0.0,5.0,99.7,1677.7456,0.0,0,0.0,0.0
2869.0,C,RUNNING,2865.836,3,4,0,3,0.0,5.0,99.7,1676.7456,0.0,0,0.0,0.0
2870.0,C,RUNNING,2866.836,3,4,0,3,0.0,5.0,99.7,1675.7456,0.0,0,0.0,0.0
2871.0,C,RUNNING,2867.836,3,4,0,3,0.0,5.0,99.7,1674.7456,0.0,0,0.0,0.0
2872.0,C,RUNNING,2868.836,3,4,0,3,0.0,5.0,99.7,1673.7456,0.0,0,0.0,0.0
2873.0,C,RUNNING,2869.836,3,4,0,3,0.0,5.0,99.7,1672.7456,0.0,0,0.0,0.0
2874.0,C,RUNNING,2870.836,3,4,0,3,0.0,5.0,99.7,1671.7456,0.0,0,0.0,0.0
2875.0,C,RUNNING,2871.836,3,4,0,3,0.0,5.0,99.7,1670.7456,0.0,0,0.0,0.0
2876.0,C,RUNNING,2872.836,3,4,0,3,0.0,5.0,99.7,1669.7456,0.0,0,0.0,0.0
2877.0,C,RUNNING,2873.836,3,4,0,3,0.0,5.0,99.7,1668.7456,0.0,0,0.0,0.0
2878.0,C,RUNNING,2874.836,3,4,0,3,0.0,5.0,99.7,1667.7456,0.0,0,0.0,0.0
2879.0,C,RUNNING,2875.836,3,4,0,3,0.0,5.0,99.7,1666.7456,0.0,0,0.0,0.0
2880.0,C,RUNNING,2876.836,3,4,0,3,0.0,5.0,99.7,1665.7456,0.0,0,0.0,0.0
2881.0,C,RUNNING,2877.836,3,4,0,3,0.0,5.0,99.7,1664.7456,0.0,0,0.0,0.0
2882.0,C,RUNNING,2878.836,3,4,0,3,0.0,5.0,99.7,1663.7456,0.0,0,0.0,0.0
2883.0,C,RUNNING,2879.836,3,4,0,3,0.0,5.0,99.7,1662.7456,0.0,0,0.0,0.0
2884.0,C,RUNNING,2880.836,3,4,0,3,0.0,5.0,99.7,1661.7456,0.0,0,0.0,0.0
2885.0,C,RUNNING,2881.836,3,4,0,3,0.0,5.0,99.7,1660.7456,0.0,0,0.0,0.0
2886.0,C,RUNNING,2882.836,3,4,0,3,0.0,5.0,99.7,1659.7456,0.0,0,0.0,0.0
2887.0,C,RUNNING,2883.836,3,4,0,3,0.0,5.0,99.7,1658.7456,0.0,0,0.0,0.0
2888.0,C,RUNNING,2884.836,3,4,0,3,0.0,5.0,99.7,1657.7456,0.0,0,0.0,0.0
2889.0,C,RUNNING,2885.836,3,4,0,3,0.0,5.0,99.7,1656.7456,0.0,0,0.0,0.0
2890.0,C,RUNNING,2886.836,3,4,0,3,0.0,5.0,99.7,1655.7456,0.0,0,0.0,0.0
2891.0,C,RUNNING,2887.836,3,4,0,3,0.0,5.0,99.7,1654.7456,0.0,0,0.0,0.0
2892.0,C,RUNNING,2888.836,3,4,0,3,0.0,5.0,99.7,1653.7456,0.0,0,0.0,0.0
2893.0,C,RUNNING,2889.836,3,4,0,3,0.0,5.0,99.7,1652.7456,0.0,0,0.0,0.0
2894.0,C,RUNNING,2890.836,3,4,0,3,0.0,5.0,99.7,1651.7456,0.0,0,0.0,0.0
2895.0,C,RUNNING,2891.836,3,4,0,3,0.0,5.0,99.7,1650.7456,0.0,0,0.0,0.0
2896.0,C,RUNNING,2892.836,3,4,0,3,0.0,5.0,99.7,1649.7456,0.0,0,0.0,0.0
2897.0,C,RUNNING,2893.836,3,4,0,3,0.0,5.0,99.7,1648.7456,0.0,0,0.0,0.0
2898.0,C,RUNNING,2894.836,3,4,0,3,0.0,5.0,99.7,1647.7456,0.0,0,0.0,0.0
2899.0,C,RUNNING,2895.836,3,4,0,3,0.0,5.0,99.7,1646.7456,0.0,0,0.0,0.0
2900.0,C,RUNNING,2896.836,3,4,0,3,0.0,5.0,99.7,1645.7456,0.0,0,0.0,0.0
2901.0,C,RUNNING,2897.836,3,4,0,3,0.0,5.0,99.7,1644.7456,0.0,0,0.0,0.0
2902.0,C,RUNNING,2898.836,3,4,0,3,0.0,5.0,99.7,1643.7456,0.0,0,0.0,0.0
2903.0,C,RUNNING,2899.836,3,4,0,3,0.0,5.0,99.7,1642.7456,0.0,0,0.0,0.0
2904.0,C,RUNNING,2900.836,3,4,0,3,0.0,5.0,99.7,1641.7456,0.0,0,0.0,0.0
2905.0,C,RUNNING,2901.836,3,4,0,3,0.0,5.0,99.7,1640.7456,0.0,0,0.0,0.0
2906.0,C,RUNNING,2902.836,3,4,0,3,0.0,5.0,99.7,1639.7456,0.0,0,0.0,0.0
2907.0,C,RUNNING,2903.836,3,4,0,3,0.0,5.0,99.7,1638.7456,0.0,0,0.0,0.0
2908.0,C,RUNNING,2904.836,3,4,0,3,0.0,5.0,99.7,1637.7456,0.0,0,0.0,0.0
2909.0,C,RUNNING,2905.836,3,4,0,3,0.0,5.0,99.7,1636.7456,0.0,0,0.0,0.0
2910.0,C,RUNNING,2906.836,3,4,0,3,0.0,5.0,99.7,1635.7456,0.0,0,0.0,0.0
2911.0,C,RUNNING,2907.836,3,4,0,3,0.0,5.0,99.7,1634.7456,0.0,0,0.0,0.0
2912.0,C,RUNNING,2908.836,3,4,0,3,0.0,5.0,99.7,1633.7456,0.0,0,0.0,0.0
2913.0,C,RUNNING,2909.836,3,4,0,3,0.0,5.0,99.7,1632.7456,0.0,0,0.0,0.0
2914.0,C,RUNNING,2910.836,3,4,0,3,0.0,5.0,99.7,1631.7456,0.0,0,0.0,0.0
2915.0,C,RUNNING,2911.836,3,4,0,3,0.0,5.0,99.7,1630.7456,0.0,0,0.0,0.0
2916.0,C,RUNNING,2912.836,3,4,0,3,0.0,5.0,99.7,1629.7456,0.0,0,0.0,0.0
2917.0,C,RUNNING,2913.836,3,4,0,3,0.0,5.0,99.7,1628.7456,0.0,0,0.0,0.0
2918.0,C,RUNNING,2914.836,3,4,0,3,0.0,5.0,99.7,1627.7456,0.0,0,0.0,0.0
2919.0,C,RUNNING,2915.836,3,4,0,3,0.0,5.0,99.7,1626.7456,0.0,0,0.0,0.0
2920.0,C,RUNNING,2916.836,3,4,0,3,0.0,5.0,99.7,1625.7456,0.0,0,0.0,0.0
2921.0,C,RUNNING,2917.836,3,4,0,3,0.0,5.0,99.7,1624.7456,0.0,0,0.0,0.0
2922.0,C,RUNNING,2918.836,3,4,0,3,0.0,5.0,99.7,1623.7456,0.0,0,0.0,0.0
2923.0,C,RUNNING,2919.836,3,4,0,3,0.0,5.0,99.7,1622.7456,0.0,0,0.0,0.0
2924.0,C,RUNNING,2920.836,3,4,0,3,0.0,5.0,99.7,1621.7456,0.0,0,0.0,0.0
2925.0,C,RUNNING,2921.836,3,4,0,3,0.0,5.0,99.7,1620.7456,0.0,0,0.0,0.0
2926.0,C,RUNNING,2922.836,3,4,0,3,0.0,5.0,99.7,1619.7456,0.0,0,0.0,0.0
2927.0,C,RUNNING,2923.836,3,4,0,3,0.0,5.0,99.7,1618.7456,0.0,0,0.0,0.0
2928.0,C,RUNNING,2924.836,3,4,0,3,0.0,5.0,99.7,1617.7456,0.0,0,0.0,0.0
2929.0,C,RUNNING,2925.836,3,4,0,3,0.0,5.0,99.7,1616.7456,0.0,0,0.0,0.0
2930.0,C,RUNNING,2926.836,3,4,0,3,0.0,5.0,99.7,1615.7456,0.0,0,0.0,0.0
2931.0,C,RUNNING,2927.836,3,4,0,3,0.0,5.0,99.7,1614.7456,0.0,0,0.0,0.0
2932.0,C,RUNNING,2928.836,3,4,0,3,0.0,5.0,99.7,1613.7456,0.0,0,0.0,0.0
2933.0,C,RUNNING,2929.836,3,4,0,3,0.0,5.0,99.7,1612.7456,0.0,0,0.0,0.0
2934.0,C,RUNNING,2930.836,3,4,0,3,0.0,5.0,99.7,1611.7456,0.0,0,0.0,0.0
2935.0,C,RUNNING,2931.836,3,4,0,3,0.0,5.0,99.7,1610.7456,0.0,0,0.0,0.0
2936.0,C,RUNNING,2932.836,3,4,0,3,0.0,5.0,99.7,1609.7456,0.0,0,0.0,0.0
2937.0,C,RUNNING,2933.836,3,4,0,3,0.0,5.0,99.7,1608.7456,0.0,0,0.0,0.0
2938.0,C,RUNNING,2934.836,3,4,0,3,0.0,5.0,99.7,1607.7456,0.0,0,0.0,0.0
2939.0,C,RUNNING,2935.836,3,4,0,3,0.0,5.0,99.7,1606.7456,0.0,0,0.0,0.0
2940.0,C,RUNNING,2936.836,3,4,0,3,0.0,5.0,99.7,1605.7456,0.0,0,0.0,0.0
2941.0,C,RUNNING,2937.836,3,4,0,3,0.0,5.0,99.7,1604.7456,0.0,0,0.0,0.0
2942.0,C,RUNNING,2938.836,3,4,0,3,0.0,5.0,99.7,1603.7456,0.0,0,0.0,0.0
2943.0,C,RUNNING,2939.836,3,4,0,3,0.0,5.0,99.7,1602.7456,0.0,0,0.0,0.0
2944.0,C,RUNNING,2940.836,3,4,0,3,0.0,5.0,99.7,1601.7456,0.0,0,0.0,0.0
2945.0,C,RUNNING,2941.836,3,4,0,3,0.0,5.0,99.7,1600.7456,0.0,0,0.0,0.0
2946.0,C,RUNNING,2942.836,3,4,0,3,0.0,5.0,99.7,1599.7456,0.0,0,0.0,0.0
2947.0,C,RUNNING,2943.836,3,4,0,3,0.0,5.0,99.7,1598.7456,0.0,0,0.0,0.0
2948.0,C,RUNNING,2944.836,3,4,0,3,0.0,5.0,99.7,1597.7456,0.0,0,0.0,0.0
2949.0,C,RUNNING,2945.836,3,4,0,3,0.0,5.0,99.7,1596.7456,0.0,0,0.0,0.0
2950.0,C,RUNNING,2946.836,3,4,0,3,0.0,5.0,99.7,1595.7456,0.0,0,0.0,0.0
2951.0,C,RUNNING,2947.836,3,4,0,3,0.0,5.0,99.7,1594.7456,0.0,0,0.0,0.0
2952.0,C,RUNNING,2948.836,3,4,0,3,0.0,5.0,99.7,1593.7456,0.0,0,0.0,0.0
2953.0,C,RUNNING,2949.836,3,4,0,3,0.0,5.0,99.7,1592.7456,0.0,0,0.0,0.0
2954.0,C,RUNNING,2950.836,3,4,0,3,0.0,5.0,99.7,1591.7456,0.0,0,0.0,0.0
2955.0,C,RUNNING,2951.836,3,4,0,3,0.0,5.0,99.7,1590.7456,0.0,0,0.0,0.0
2956.0,C,RUNNING,2952.836,3,4,0,3,0.0,5.0,99.7,1589.7456,0.0,0,0.0,0.0
2957.0,C,RUNNING,2953.836,3,4,0,3,0.0,5.0,99.7,1588.7456,0.0,0,0.0,0.0
2958.0,C,RUNNING,2954.836,3,4,0,3,0.0,5.0,99.7,1587.7456,0.0,0,0.0,0.0
2959.0,C,RUNNING,2955.836,3,4,0,3,0.0,5.0,99.7,1586.7456,0.0,0,0.0,0.0
2960.0,C,RUNNING,2956.836,3,4,0,3,0.0,5.0,99.7,1585.7456,0.0,0,0.0,0.0
2961.0,C,RUNNING,2957.836,3,4,0,3,0.0,5.0,99.7,1584.7456,0.0,0,0.0,0.0
2962.0,C,RUNNING,2958.836,3,4,0,3,0.0,5.0,99.7,1583.7456,0.0,0,0.0,0.0
2963.0,C,RUNNING,2959.836,3,4,0,3,0.0,5.0,99.7,1582.7456,0.0,0,0.0,0.0
2964.0,C,RUNNING,2960.836,3,4,0,3,0.0,5.0,99.7,1581.7456,0.0,0,0.0,0.0
2965.0,C,RUNNING,2961.836,3,4,0,3,0.0,5.0,99.7,1580.7456,0.0,0,0.0,0.0
2966.0,C,RUNNING,2962.836,3,4,0,3,0.0,5.0,99.7,1579.7456,0.0,0,0.0,0.0
2967.0,C,RUNNING,2963.836,3,4,0,3,0.0,5.0,99.7,1578.7456,0.0,0,0.0,0.0
2968.0,C,RUNNING,2964.836,3,4,0,3,0.0,5.0,99.7,1577.7456,0.0,0,0.0,0.0
2969.0,C,RUNNING,2965.836,3,4,0,3,0.0,5.0,99.7,1576.7456,0.0,0,0.0,0.0
2970.0,C,RUNNING,2966.836,3,4,0,3,0.0,5.0,99.7,1575.7456,0.0,0,0.0,0.0
2971.0,C,RUNNING,2967.836,3,4,0,3,0.0,5.0,99.7,1574.7456,0.0,0,0.0,0.0
2972.0,C,RUNNING,2968.836,3,4,0,3,0.0,5.0,99.7,1573.7456,0.0,0,0.0,0.0
2973.0,C,RUNNING,2969.836,3,4,0,3,0.0,5.0,99.7,1572.7456,0.0,0,0.0,0.0
2974.0,C,RUNNING,2970.836,3,4,0,3,0.0,5.0,99.7,1571.7456,0.0,0,0.0,0.0
2975.0,C,RUNNING,2971.836,3,4,0,3,0.0,5.0,99.7,1570.7456,0.0,0,0.0,0.0
2976.0,C,RUNNING,2972.836,3,4,0,3,0.0,5.0,99.7,1569.7456,0.0,0,0.0,0.0
2977.0,C,RUNNING,2973.836,3,4,0,3,0.0,5.0,99.7,1568.7456,0.0,0,0.0,0.0
2978.0,C,RUNNING,2974.836,3,4,0,3,0.0,5.0,99.7,1567.7456,0.0,0,0.0,0.0
2979.0,C,RUNNING,2975.836,3,4,0,3,0.0,5.0,99.7,1566.7456,0.0,0,0.0,0.0
2980.0,C,RUNNING,2976.836,3,4,0,3,0.0,5.0,99.7,1565.7456,0.0,0,0.0,0.0
2981.0,C,RUNNING,2977.836,3,4,0,3,0.0,5.0,99.7,1564.7456,0.0,0,0.0,0.0
2982.0,C,RUNNING,2978.836,3,4,0,3,0.0,5.0,99.7,1563.7456,0.0,0,0.0,0.0
2983.0,C,RUNNING,2979.836,3,4,0,3,0.0,5.0,99.7,1562.7456,0.0,0,0.0,0.0
2984.0,C,RUNNING,2980.836,3,4,0,3,0.0,5.0,99.7,1561.7456,0.0,0,0.0,0.0
2985.0,C,RUNNING,2981.836,3,4,0,3,0.0,5.0,99.7,1560.7456,0.0,0,0.0,0.0
2986.0,C,RUNNING,2982.836,3,4,0,3,0.0,5.0,99.7,1559.7456,0.0,0,0.0,0.0
2987.0,C,RUNNING,2983.836,3,4,0,3,0.0,5.0,99.7,1558.7456,0.0,0,0.0,0.0
2988.0,C,RUNNING,2984.836,3,4,0,3,0.0,5.0,99.7,1557.7456,0.0,0,0.0,0.0
2989.0,C,RUNNING,2985.836,3,4,0,3,0.0,5.0,99.7,1556.7456,0.0,0,0.0,0.0
2990.0,C,RUNNING,2986.836,3,4,0,3,0.0,5.0,99.7,1555.7456,0.0,0,0.0,0.0
2991.0,C,RUNNING,2987.836,3,4,0,3,0.0,5.0,99.7,1554.7456,0.0,0,0.0,0.0
2992.0,C,RUNNING,2988.836,3,4,0,3,0.0,5.0,99.7,1553.7456,0.0,0,0.0,0.0
2993.0,C,RUNNING,2989.836,3,4,0,3,0.0,5.0,99.7,1552.7456,0.0,0,0.0,0.0
2994.0,C,RUNNING,2990.836,3,4,0,3,0.0,5.0,99.7,1551.7456,0.0,0,0.0,0.0
2995.0,C,RUNNING,2991.836,3,4,0,3,0.0,5.0,99.7,1550.7456,0.0,0,0.0,0.0
2996.0,C,RUNNING,2992.836,3,4,0,3,0.0,5.0,99.7,1549.7456,0.0,0,0.0,0.0
2997.0,C,RUNNING,2993.836,3,4,0,3,0.0,5.0,99.7,1548.7456,0.0,0,0.0,0.0
2998.0,C,RUNNING,2994.836,3,4,0,3,0.0,5.0,99.7,1547.7456,0.0,0,0.0,0.0
2999.0,C,RUNNING,2995.836,3,4,0,3,0.0,5.0,99.7,1546.7456,0.0,0,0.0,0.0
3000.0,C,RUNNING,2996.836,3,4,0,3,0.0,5.0,99.7,1545.7456,0.0,0,0.0,0.0
3001.0,C,RUNNING,2997.836,3,4,0,3,0.0,5.0,99.7,1544.7456,0.0,0,0.0,0.0
3002.0,C,RUNNING,2998.836,3,4,0,3,0.0,5.0,99.7,1543.7456,0.0,0,0.0,0.0
3003.0,C,RUNNING,2999.836,3,4,0,3,0.0,5.0,99.7,1542.7456,0.0,0,0.0,0.0
3004.0,C,RUNNING,3000.836,3,4,0,3,0.0,5.0,99.7,1541.7456,0.0,0,0.0,0.0
3005.0,C,RUNNING,3001.836,3,4,0,3,0.0,5.0,99.7,1540.7456,0.0,0,0.0,0.0
3006.0,C,RUNNING,3002.836,3,4,0,3,0.0,5.0,99.7,1539.7456,0.0,0,0.0,0.0
3007.0,C,RUNNING,3003.836,3,4,0,3,0.0,5.0,99.7,1538.7456,0.0,0,0.0,0.0
3008.0,C,RUNNING,3004.836,3,4,0,3,0.0,5.0,99.7,1537.7456,0.0,0,0.0,0.0
3009.0,C,RUNNING,3005.836,3,4,0,3,0.0,5.0,99.7,1536.7456,0.0,0,0.0,0.0
3010.0,C,RUNNING,3006.836,3,4,0,3,0.0,5.0,99.7,1535.7456,0.0,0,0.0,0.0
3011.0,C,RUNNING,3007.836,3,4,0,3,0.0,5.0,99.7,1534.7456,0.0,0,0.0,0.0
3012.0,C,RUNNING,3008.836,3,4,0,3,0.0,5.0,99.7,1533.7456,0.0,0,0.0,0.0
3013.0,C,RUNNING,3009.836,3,4,0,3,0.0,5.0,99.7,1532.7456,0.0,0,0.0,0.0
3014.0,C,RUNNING,3010.836,3,4,0,3,0.0,5.0,99.7,1531.7456,0.0,0,0.0,0.0
3015.0,C,RUNNING,3011.836,3,4,0,3,0.0,5.0,99.7,1530.7456,0.0,0,0.0,0.0
3016.0,C,RUNNING,3012.836,3,4,0,3,0.0,5.0,99.7,1529.7456,0.0,0,0.0,0.0
3017.0,C,RUNNING,3013.836,3,4,0,3,0.0,5.0,99.7,1528.7456,0.0,0,0.0,0.0
3018.0,C,RUNNING,3014.836,3,4,0,3,0.0,5.0,99.7,1527.7456,0.0,0,0.0,0.0
3019.0,C,RUNNING,3015.836,3,4,0,3,0.0,5.0,99.7,1526.7456,0.0,0,0.0,0.0
3020.0,C,RUNNING,3016.836,3,4,0,3,0.0,5.0,99.7,1525.7456,0.0,0,0.0,0.0
3021.0,C,RUNNING,3017.836,3,4,0,3,0.0,5.0,99.7,1524.7456,0.0,0,0.0,0.0
3022.0,C,RUNNING,3018.836,3,4,0,3,0.0,5.0,99.7,1523.7456,0.0,0,0.0,0.0
3023.0,C,RUNNING,3019.836,3,4,0,3,0.0,5.0,99.7,1522.7456,0.0,0,0.0,0.0
3024.0,C,RUNNING,3020.836,3,4,0,3,0.0,5.0,99.7,1521.7456,0.0,0,0.0,0.0
3025.0,C,RUNNING,3021.836,3,4,0,3,0.0,5.0,99.7,1520.7456,0.0,0,0.0,0.0
3026.0,C,RUNNING,3022.836,3,4,0,3,0.0,5.0,99.7,1519.7456,0.0,0,0.0,0.0
3027.0,C,RUNNING,3023.836,3,4,0,3,0.0,5.0,99.7,1518.7456,0.0,0,0.0,0.0
3028.0,C,RUNNING,3024.836,3,4,0,3,0.0,5.0,99.7,1517.7456,0.0,0,0.0,0.0
3029.0,C,RUNNING,3025.836,3,4,0,3,0.0,5.0,99.7,1516.7456,0.0,0,0.0,0.0
3030.0,C,RUNNING,3026.836,3,4,0,3,0.0,5.0,99.7,1515.7456,0.0,0,0.0,0.0
3031.0,C,RUNNING,3027.836,3,4,0,3,0.0,5.0,99.7,1514.7456,0.0,0,0.0,0.0
3032.0,C,RUNNING,3028.836,3,4,0,3,0.0,5.0,99.7,1513.7456,0.0,0,0.0,0.0
3033.0,C,RUNNING,3029.836,3,4,0,3,0.0,5.0,99.7,1512.7456,0.0,0,0.0,0.0
3034.0,C,RUNNING,3030.836,3,4,0,3,0.0,5.0,99.7,1511.7456,0.0,0,0.0,0.0
3035.0,C,RUNNING,3031.836,3,4,0,3,0.0,5.0,99.7,1510.7456,0.0,0,0.0,0.0
3036.0,C,RUNNING,3032.836,3,4,0,3,0.0,5.0,99.7,1509.7456,0.0,0,0.0,0.0
3037.0,C,RUNNING,3033.836,3,4,0,3,0.0,5.0,99.7,1508.7456,0.0,0,0.0,0.0
3038.0,C,RUNNING,3034.836,3,4,0,3,0.0,5.0,99.7,1507.7456,0.0,0,0.0,0.0
3039.0,C,RUNNING,3035.836,3,4,0,3,0.0,5.0,99.7,1506.7456,0.0,0,0.0,0.0
3040.0,C,RUNNING,3036.836,3,4,0,3,0.0,5.0,99.7,1505.7456,0.0,0,0.0,0.0
3041.0,C,RUNNING,3037.836,3,4,0,3,0.0,5.0,99.7,1504.7456,0.0,0,0.0,0.0
3042.0,C,RUNNING,3038.836,3,4,0,3,0.0,5.0,99.7,1503.7456,0.0,0,0.0,0.0
3043.0,C,RUNNING,3039.836,3,4,0,3,0.0,5.0,99.7,1502.7456,0.0,0,0.0,0.0
3044.0,C,RUNNING,3040.836,3,4,0,3,0.0,5.0,99.7,1501.7456,0.0,0,0.0,0.0
3045.0,C,RUNNING,3041.836,3,4,0,3,0.0,5.0,99.7,1500.7456,0.0,0,0.0,0.0
3046.0,C,RUNNING,3042.836,3,4,0,3,0.0,5.0,99.7,1499.7456,0.0,0,0.0,0.0
3047.0,C,RUNNING,3043.836,3,4,0,3,0.0,5.0,99.7,1498.7456,0.0,0,0.0,0.0
3048.0,C,RUNNING,3044.836,3,4,0,3,0.0,5.0,99.7,1497.7456,0.0,0,0.0,0.0
3049.0,C,RUNNING,3045.836,3,4,0,3,0.0,5.0,99.7,1496.7456,0.0,0,0.0,0.0
3050.0,C,RUNNING,3046.836,3,4,0,3,0.0,5.0,99.7,1495.7456,0.0,0,0.0,0.0
3051.0,C,RUNNING,3047.836,3,4,0,3,0.0,5.0,99.7,1494.7456,0.0,0,0.0,0.0
3052.0,C,RUNNING,3048.836,3,4,0,3,0.0,5.0,99.7,1493.7456,0.0,0,0.0,0.0
3053.0,C,RUNNING,3049.836,3,4,0,3,0.0,5.0,99.7,1492.7456,0.0,0,0.0,0.0
3054.0,C,RUNNING,3050.836,3,4,0,3,0.0,5.0,99.7,1491.7456,0.0,0,0.0,0.0
3055.0,C,RUNNING,3051.836,3,4,0,3,0.0,5.0,99.7,1490.7456,0.0,0,0.0,0.0
3056.0,C,RUNNING,3052.836,3,4,0,3,0.0,5.0,99.7,1489.7456,0.0,0,0.0,0.0
3057.0,C,RUNNING,3053.836,3,4,0,3,0.0,5.0,99.7,1488.7456,0.0,0,0.0,0.0
3058.0,C,RUNNING,3054.836,3,4,0,3,0.0,5.0,99.7,1487.7456,0.0,0,0.0,0.0
3059.0,C,RUNNING,3055.836,3,4,0,3,0.0,5.0,99.7,1486.7456,0.0,0,0.0,0.0
3060.0,C,RUNNING,3056.836,3,4,0,3,0.0,5.0,99.7,1485.7456,0.0,0,0.0,0.0
3061.0,C,RUNNING,3057.836,3,4,0,3,0.0,5.0,99.7,1484.7456,0.0,0,0.0,0.0
3062.0,C,RUNNING,3058.836,3,4,0,3,0.0,5.0,99.7,1483.7456,0.0,0,0.0,0.0
3063.0,C,RUNNING,3059.836,3,4,0,3,0.0,5.0,99.7,1482.7456,0.0,0,0.0,0.0
3064.0,C,RUNNING,3060.836,3,4,0,3,0.0,5.0,99.7,1481.7456,0.0,0,0.0,0.0
3065.0,C,RUNNING,3061.836,3,4,0,3,0.0,5.0,99.7,1480.7456,0.0,0,0.0,0.0
3066.0,C,RUNNING,3062.836,3,4,0,3,0.0,5.0,99.7,1479.7456,0.0,0,0.0,0.0
3067.0,C,RUNNING,3063.836,3,4,0,3,0.0,5.0,99.7,1478.7456,0.0,0,0.0,0.0
3068.0,C,RUNNING,3064.836,3,4,0,3,0.0,5.0,99.7,1477.7456,0.0,0,0.0,0.0
3069.0,C,RUNNING,3065.836,3,4,0,3,0.0,5.0,99.7,1476.7456,0.0,0,0.0,0.0
3070.0,C,RUNNING,3066.836,3,4,0,3,0.0,5.0,99.7,1475.7456,0.0,0,0.0,0.0
3071.0,C,RUNNING,3067.836,3,4,0,3,0.0,5.0,99.7,1474.7456,0.0,0,0.0,0.0
3072.0,C,RUNNING,3068.836,3,4,0,3,0.0,5.0,99.7,1473.7456,0.0,0,0.0,0.0
3073.0,C,RUNNING,3069.836,3,4,0,3,0.0,5.0,99.7,1472.7456,0.0,0,0.0,0.0
3074.0,C,RUNNING,3070.836,3,4,0,3,0.0,5.0,99.7,1471.7456,0.0,0,0.0,0.0
3075.0,C,RUNNING,3071.836,3,4,0,3,0.0,5.0,99.7,1470.7456,0.0,0,0.0,0.0
3076.0,C,RUNNING,3072.836,3,4,0,3,0.0,5.0,99.7,1469.7456,0.0,0,0.0,0.0
3077.0,C,RUNNING,3073.836,3,4,0,3,0.0,5.0,99.7,1468.7456,0.0,0,0.0,0.0
3078.0,C,RUNNING,3074.836,3,4,0,3,0.0,5.0,99.7,1467.7456,0.0,0,0.0,0.0
3079.0,C,RUNNING,3075.836,3,4,0,3,0.0,5.0,99.7,1466.7456,0.0,0,0.0,0.0
3080.0,C,RUNNING,3076.836,3,4,0,3,0.0,5.0,99.7,1465.7456,0.0,0,0.0,0.0
3081.0,C,RUNNING,3077.836,3,4,0,3,0.0,5.0,99.7,1464.7456,0.0,0,0.0,0.0
3082.0,C,RUNNING,3078.836,3,4,0,3,0.0,5.0,99.7,1463.7456,0.0,0,0.0,0.0
3083.0,C,RUNNING,3079.836,3,4,0,3,0.0,5.0,99.7,1462.7456,0.0,0,0.0,0.0
3084.0,C,RUNNING,3080.836,3,4,0,3,0.0,5.0,99.7,1461.7456,0.0,0,0.0,0.0
3085.0,C,RUNNING,3081.836,3,4,0,3,0.0,5.0,99.7,1460.7456,0.0,0,0.0,0.0
3086.0,C,RUNNING,3082.836,3,4,0,3,0.0,5.0,99.7,1459.7456,0.0,0,0.0,0.0
3087.0,C,RUNNING,3083.836,3,4,0,3,0.0,5.0,99.7,1458.7456,0.0,0,0.0,0.0
3088.0,C,RUNNING,3084.836,3,4,0,3,0.0,5.0,99.7,1457.7456,0.0,0,0.0,0.0
3089.0,C,RUNNING,3085.836,3,4,0,3,0.0,5.0,99.7,1456.7456,0.0,0,0.0,0.0
3090.0,C,RUNNING,3086.836,3,4,0,3,0.0,5.0,99.7,1455.7456,0.0,0,0.0,0.0
3091.0,C,RUNNING,3087.836,3,4,0,3,0.0,5.0,99.7,1454.7456,0.0,0,0.0,0.0
3092.0,C,RUNNING,3088.836,3,4,0,3,0.0,5.0,99.7,1453.7456,0.0,0,0.0,0.0
3093.0,C,RUNNING,3089.836,3,4,0,3,0.0,5.0,99.7,1452.7456,0.0,0,0.0,0.0
3094.0,C,RUNNING,3090.836,3,4,0,3,0.0,5.0,99.7,1451.7456,0.0,0,0.0,0.0
3095.0,C,RUNNING,3091.836,3,4,0,3,0.0,5.0,99.7,1450.7456,0.0,0,0.0,0.0
3096.0,C,RUNNING,3092.836,3,4,0,3,0.0,5.0,99.7,1449.7456,0.0,0,0.0,0.0
3097.0,C,RUNNING,3093.836,3,4,0,3,0.0,5.0,99.7,1448.7456,0.0,0,0.0,0.0
3098.0,C,RUNNING,3094.836,3,4,0,3,0.0,5.0,99.7,1447.7456,0.0,0,0.0,0.0
3099.0,C,RUNNING,3095.836,3,4,0,3,0.0,5.0,99.7,1446.7456,0.0,0,0.0,0.0
3100.0,C,RUNNING,3096.836,3,4,0,3,0.0,5.0,99.7,1445.7456,0.0,0,0.0,0.0
3101.0,C,RUNNING,3097.836,3,4,0,3,0.0,5.0,99.7,1444.7456,0.0,0,0.0,0.0
3102.0,C,RUNNING,3098.836,3,4,0,3,0.0,5.0,99.7,1443.7456,0.0,0,0.0,0.0
3103.0,C,RUNNING,3099.836,3,4,0,3,0.0,5.0,99.7,1442.7456,0.0,0,0.0,0.0
3104.0,C,RUNNING,3100.836,3,4,0,3,0.0,5.0,99.7,1441.7456,0.0,0,0.0,0.0
3105.0,C,RUNNING,3101.836,3,4,0,3,0.0,5.0,99.7,1440.7456,0.0,0,0.0,0.0
3106.0,C,RUNNING,3102.836,4,4,1,3,0.3333,5.0,99.6,1490.0163,0.0,0,0.0,0.0
3107.0,C,RUNNING,3103.836,4,4,1,3,0.3333,5.0,99.6,1489.0163,0.0,0,0.0,0.0
3108.0,C,RUNNING,3104.836,4,4,1,3,0.3333,5.0,99.6,1488.0163,0.0,0,0.0,0.0
3109.0,C,RUNNING,3105.836,4,4,1,3,0.3333,5.0,99.6,1487.0163,0.0,0,0.0,0.0
3110.0,C,RUNNING,3106.836,4,4,1,3,0.3333,5.0,99.6,1486.0163,0.0,0,0.0,0.0
3111.0,C,RUNNING,3107.836,4,4,1,3,0.3333,5.0,99.6,1485.0163,0.0,0,0.0,0.0
3112.0,C,RUNNING,3108.836,4,4,1,3,0.3333,5.0,99.6,1484.0163,0.0,0,0.0,0.0
3113.0,C,RUNNING,3109.836,4,4,1,3,0.3333,5.0,99.6,1483.0163,0.0,0,0.0,0.0
3114.0,C,RUNNING,3110.836,4,4,1,3,0.3333,5.0,99.6,1482.0163,0.0,0,0.0,0.0
3115.0,C,RUNNING,3111.836,4,4,1,3,0.3333,5.0,99.6,1481.0163,0.0,0,0.0,0.0
3116.0,C,RUNNING,3112.836,4,4,1,3,0.3333,5.0,99.6,1480.0163,0.0,0,0.0,0.0
3117.0,C,RUNNING,3113.836,4,4,1,3,0.3333,5.0,99.6,1479.0163,0.0,0,0.0,0.0
3118.0,C,RUNNING,3114.836,4,4,1,3,0.3333,5.0,99.6,1478.0163,0.0,0,0.0,0.0
3119.0,C,RUNNING,3115.836,4,4,1,3,0.3333,5.0,99.6,1477.0163,0.0,0,0.0,0.0
3120.0,C,RUNNING,3116.836,4,4,1,3,0.3333,5.0,99.6,1476.0163,0.0,0,0.0,0.0
3121.0,C,RUNNING,3117.836,4,4,1,3,0.3333,5.0,99.6,1475.0163,0.0,0,0.0,0.0
3122.0,C,RUNNING,3118.836,4,4,1,3,0.3333,5.0,99.6,1474.0163,0.0,0,0.0,0.0
3123.0,C,RUNNING,3119.836,4,4,1,3,0.3333,5.0,99.6,1473.0163,0.0,0,0.0,0.0
3124.0,C,RUNNING,3120.836,4,4,1,3,0.3333,5.0,99.6,1472.0163,0.0,0,0.0,0.0
3125.0,C,RUNNING,3121.836,4,4,1,3,0.3333,5.0,99.6,1471.0163,0.0,0,0.0,0.0
3126.0,C,RUNNING,3122.836,4,4,1,3,0.3333,5.0,99.6,1470.0163,0.0,0,0.0,0.0
3127.0,C,RUNNING,3123.836,4,4,1,3,0.3333,5.0,99.6,1469.0163,0.0,0,0.0,0.0
3128.0,C,RUNNING,3124.836,4,4,1,3,0.3333,5.0,99.6,1468.0163,0.0,0,0.0,0.0
3129.0,C,RUNNING,3125.836,4,4,1,3,0.3333,5.0,99.6,1467.0163,0.0,0,0.0,0.0
3130.0,C,RUNNING,3126.836,4,4,1,3,0.3333,5.0,99.6,1466.0163,0.0,0,0.0,0.0
3131.0,C,RUNNING,3127.836,4,4,1,3,0.3333,5.0,99.6,1465.0163,0.0,0,0.0,0.0
3132.0,C,RUNNING,3128.836,4,4,1,3,0.3333,5.0,99.6,1464.0163,0.0,0,0.0,0.0
3133.0,C,RUNNING,3129.836,4,4,1,3,0.3333,5.0,99.6,1463.0163,0.0,0,0.0,0.0
3134.0,C,RUNNING,3130.836,4,4,1,3,0.3333,5.0,99.6,1462.0163,0.0,0,0.0,0.0
3135.0,C,RUNNING,3131.836,4,4,1,3,0.3333,5.0,99.6,1461.0163,0.0,0,0.0,0.0
3136.0,C,RUNNING,3132.836,4,4,1,3,0.3333,5.0,99.6,1460.0163,0.0,0,0.0,0.0
3137.0,C,RUNNING,3133.836,4,4,1,3,0.3333,5.0,99.6,1459.0163,0.0,0,0.0,0.0
3138.0,C,RUNNING,3134.836,4,4,1,3,0.3333,5.0,99.6,1458.0163,0.0,0,0.0,0.0
3139.0,C,RUNNING,3135.836,4,4,1,3,0.3333,5.0,99.6,1457.0163,0.0,0,0.0,0.0
3140.0,C,RUNNING,3136.836,4,4,1,3,0.3333,5.0,99.6,1456.0163,0.0,0,0.0,0.0
3141.0,C,RUNNING,3137.836,4,4,1,3,0.3333,5.0,99.6,1455.0163,0.0,0,0.0,0.0
3142.0,C,RUNNING,3138.836,4,4,1,3,0.3333,5.0,99.6,1454.0163,0.0,0,0.0,0.0
3143.0,C,RUNNING,3139.836,4,4,1,3,0.3333,5.0,99.6,1453.0163,0.0,0,0.0,0.0
3144.0,C,RUNNING,3140.836,4,4,1,3,0.3333,5.0,99.6,1452.0163,0.0,0,0.0,0.0
3145.0,C,RUNNING,3141.836,4,4,1,3,0.3333,5.0,99.6,1451.0163,0.0,0,0.0,0.0
3146.0,C,RUNNING,3142.836,4,4,1,3,0.3333,5.0,99.6,1450.0163,0.0,0,0.0,0.0
3147.0,C,RUNNING,3143.836,4,4,1,3,0.3333,5.0,99.6,1449.0163,0.0,0,0.0,0.0
3148.0,C,RUNNING,3144.836,4,4,1,3,0.3333,5.0,99.6,1448.0163,0.0,0,0.0,0.0
3149.0,C,RUNNING,3145.836,4,4,1,3,0.3333,5.0,99.6,1447.0163,0.0,0,0.0,0.0
3150.0,C,RUNNING,3146.836,4,4,1,3,0.3333,5.0,99.6,1446.0163,0.0,0,0.0,0.0
3151.0,C,RUNNING,3147.836,4,4,1,3,0.3333,5.0,99.6,1445.0163,0.0,0,0.0,0.0
3152.0,C,RUNNING,3148.836,4,4,1,3,0.3333,5.0,99.6,1444.0163,0.0,0,0.0,0.0
3153.0,C,RUNNING,3149.836,4,4,1,3,0.3333,5.0,99.6,1443.0163,0.0,0,0.0,0.0
3154.0,C,RUNNING,3150.836,4,4,1,3,0.3333,5.0,99.6,1442.0163,0.0,0,0.0,0.0
3155.0,C,RUNNING,3151.836,4,4,1,3,0.3333,5.0,99.6,1441.0163,0.0,0,0.0,0.0
3156.0,C,RUNNING,3152.836,4,4,1,3,0.3333,5.0,99.6,1440.0163,0.0,0,0.0,0.0
3157.0,C,RUNNING,3153.836,4,4,1,3,0.3333,5.0,99.6,1439.0163,0.0,0,0.0,0.0
3158.0,C,RUNNING,3154.836,4,4,1,3,0.3333,5.0,99.6,1438.0163,0.0,0,0.0,0.0
3159.0,C,RUNNING,3155.836,4,4,1,3,0.3333,5.0,99.6,1437.0163,0.0,0,0.0,0.0
3160.0,C,RUNNING,3156.836,4,4,1,3,0.3333,5.0,99.6,1436.0163,0.0,0,0.0,0.0
3161.0,C,RUNNING,3157.836,4,4,1,3,0.3333,5.0,99.6,1435.0163,0.0,0,0.0,0.0
3162.0,C,RUNNING,3158.836,4,4,1,3,0.3333,5.0,99.6,1434.0163,0.0,0,0.0,0.0
3163.0,C,RUNNING,3159.836,4,4,1,3,0.3333,5.0,99.6,1433.0163,0.0,0,0.0,0.0
3164.0,C,RUNNING,3160.84,4,4,1,3,0.3333,5.0,99.6,1432.0123,0.0,0,0.0,0.0
3165.0,C,RUNNING,3161.836,4,4,1,3,0.3333,5.0,99.6,1431.0163,0.0,0,0.0,0.0
3166.0,C,RUNNING,3162.836,4,4,1,3,0.3333,5.0,99.6,1430.0163,0.0,0,0.0,0.0
3167.0,C,RUNNING,3163.836,4,4,1,3,0.3333,5.0,99.6,1429.0163,0.0,0,0.0,0.0
3168.0,C,RUNNING,3164.836,4,4,1,3,0.3333,5.0,99.6,1428.0163,0.0,0,0.0,0.0
3169.0,C,RUNNING,3165.836,4,4,1,3,0.3333,5.0,99.6,1427.0163,0.0,0,0.0,0.0
3170.0,C,RUNNING,3166.836,4,4,1,3,0.3333,5.0,99.6,1426.0163,0.0,0,0.0,0.0
3171.0,C,RUNNING,3167.836,4,4,1,3,0.3333,5.0,99.6,1425.0163,0.0,0,0.0,0.0
3172.0,C,RUNNING,3168.836,4,4,1,3,0.3333,5.0,99.6,1424.0163,0.0,0,0.0,0.0
3173.0,C,RUNNING,3169.836,4,4,1,3,0.3333,5.0,99.6,1423.0163,0.0,0,0.0,0.0
3174.0,C,RUNNING,3170.836,4,4,1,3,0.3333,5.0,99.6,1422.0163,0.0,0,0.0,0.0
3175.0,C,RUNNING,3171.836,4,4,1,3,0.3333,5.0,99.6,1421.0163,0.0,0,0.0,0.0
3176.0,C,RUNNING,3172.836,4,4,1,3,0.3333,5.0,99.6,1420.0163,0.0,0,0.0,0.0
3177.0,C,RUNNING,3173.836,4,4,1,3,0.3333,5.0,99.6,1419.0163,0.0,0,0.0,0.0
3178.0,C,RUNNING,3174.836,4,4,1,3,0.3333,5.0,99.6,1418.0163,0.0,0,0.0,0.0
3179.0,C,RUNNING,3175.836,4,4,1,3,0.3333,5.0,99.6,1417.0163,0.0,0,0.0,0.0
3180.0,C,RUNNING,3176.836,4,4,1,3,0.3333,5.0,99.6,1416.0163,0.0,0,0.0,0.0
3181.0,C,RUNNING,3177.836,4,4,1,3,0.3333,5.0,99.6,1415.0163,0.0,0,0.0,0.0
3182.0,C,RUNNING,3178.836,4,4,1,3,0.3333,5.0,99.6,1414.0163,0.0,0,0.0,0.0
3183.0,C,RUNNING,3179.836,4,4,1,3,0.3333,5.0,99.6,1413.0163,0.0,0,0.0,0.0
3184.0,C,RUNNING,3180.836,4,4,1,3,0.3333,5.0,99.6,1412.0163,0.0,0,0.0,0.0
3185.0,C,RUNNING,3181.836,4,4,1,3,0.3333,5.0,99.6,1411.0163,0.0,0,0.0,0.0
3186.0,C,RUNNING,3182.836,4,4,1,3,0.3333,5.0,99.6,1410.0163,0.0,0,0.0,0.0
3187.0,C,RUNNING,3183.836,4,4,1,3,0.3333,5.0,99.6,1409.0163,0.0,0,0.0,0.0
3188.0,C,RUNNING,3184.836,4,4,1,3,0.3333,5.0,99.6,1408.0163,0.0,0,0.0,0.0
3189.0,C,RUNNING,3185.836,4,4,1,3,0.3333,5.0,99.6,1407.0163,0.0,0,0.0,0.0
3190.0,C,RUNNING,3186.836,4,4,1,3,0.3333,5.0,99.6,1406.0163,0.0,0,0.0,0.0
3191.0,C,RUNNING,3187.836,4,4,1,3,0.3333,5.0,99.6,1405.0163,0.0,0,0.0,0.0
3192.0,C,RUNNING,3188.836,4,4,1,3,0.3333,5.0,99.6,1404.0163,0.0,0,0.0,0.0
3193.0,C,RUNNING,3189.836,4,4,1,3,0.3333,5.0,99.6,1403.0163,0.0,0,0.0,0.0
3194.0,C,RUNNING,3190.836,4,4,1,3,0.3333,5.0,99.6,1402.0163,0.0,0,0.0,0.0
3195.0,C,RUNNING,3191.836,4,4,1,3,0.3333,5.0,99.6,1401.0163,0.0,0,0.0,0.0
3196.0,C,RUNNING,3192.836,4,4,1,3,0.3333,5.0,99.6,1400.0163,0.0,0,0.0,0.0
3197.0,C,RUNNING,3193.836,4,4,1,3,0.3333,5.0,99.6,1399.0163,0.0,0,0.0,0.0
3198.0,C,RUNNING,3194.836,4,4,1,3,0.3333,5.0,99.6,1398.0163,0.0,0,0.0,0.0
3199.0,C,RUNNING,3195.836,4,4,1,3,0.3333,5.0,99.6,1397.0163,0.0,0,0.0,0.0
3200.0,C,RUNNING,3196.836,4,4,1,3,0.3333,5.0,99.6,1396.0163,0.0,0,0.0,0.0
3201.0,C,RUNNING,3197.836,4,4,1,3,0.3333,5.0,99.6,1395.0163,0.0,0,0.0,0.0
3202.0,C,RUNNING,3198.836,4,4,1,3,0.3333,5.0,99.6,1394.0163,0.0,0,0.0,0.0
3203.0,C,RUNNING,3199.836,4,4,1,3,0.3333,5.0,99.6,1393.0163,0.0,0,0.0,0.0
3204.0,C,RUNNING,3200.836,4,4,1,3,0.3333,5.0,99.6,1392.0163,0.0,0,0.0,0.0
3205.0,C,RUNNING,3201.836,4,4,1,3,0.3333,5.0,99.6,1391.0163,0.0,0,0.0,0.0
3206.0,C,RUNNING,3202.836,4,4,1,3,0.3333,5.0,99.6,1390.0163,0.0,0,0.0,0.0
3207.0,C,RUNNING,3203.836,4,4,1,3,0.3333,5.0,99.6,1389.0163,0.0,0,0.0,0.0
3208.0,C,RUNNING,3204.836,4,4,1,3,0.3333,5.0,99.6,1388.0163,0.0,0,0.0,0.0
3209.0,C,RUNNING,3205.836,4,4,1,3,0.3333,5.0,99.6,1387.0163,0.0,0,0.0,0.0
3210.0,C,RUNNING,3206.836,4,4,1,3,0.3333,5.0,99.6,1386.0163,0.0,0,0.0,0.0
3211.0,C,RUNNING,3207.836,4,4,1,3,0.3333,5.0,99.6,1385.0163,0.0,0,0.0,0.0
3212.0,C,RUNNING,3208.836,4,4,1,3,0.3333,5.0,99.6,1384.0163,0.0,0,0.0,0.0
3213.0,C,RUNNING,3209.836,4,4,1,3,0.3333,5.0,99.6,1383.0163,0.0,0,0.0,0.0
3214.0,C,RUNNING,3210.836,4,4,1,3,0.3333,5.0,99.6,1382.0163,0.0,0,0.0,0.0
3215.0,C,RUNNING,3211.836,4,4,1,3,0.3333,5.0,99.6,1381.0163,0.0,0,0.0,0.0
3216.0,C,RUNNING,3212.836,4,4,1,3,0.3333,5.0,99.6,1380.0163,0.0,0,0.0,0.0
3217.0,C,RUNNING,3213.836,4,4,1,3,0.3333,5.0,99.6,1379.0163,0.0,0,0.0,0.0
3218.0,C,RUNNING,3214.836,4,4,1,3,0.3333,5.0,99.6,1378.0163,0.0,0,0.0,0.0
3219.0,C,RUNNING,3215.836,4,4,1,3,0.3333,5.0,99.6,1377.0163,0.0,0,0.0,0.0
3220.0,C,RUNNING,3216.836,4,4,1,3,0.3333,5.0,99.6,1376.0163,0.0,0,0.0,0.0
3221.0,C,RUNNING,3217.836,4,4,1,3,0.3333,5.0,99.6,1375.0163,0.0,0,0.0,0.0
3222.0,C,RUNNING,3218.836,4,4,1,3,0.3333,5.0,99.6,1374.0163,0.0,0,0.0,0.0
3223.0,C,RUNNING,3219.836,4,4,1,3,0.3333,5.0,99.6,1373.0163,0.0,0,0.0,0.0
3224.0,C,RUNNING,3220.836,4,4,1,3,0.3333,5.0,99.6,1372.0163,0.0,0,0.0,0.0
3225.0,C,RUNNING,3221.836,4,4,1,3,0.3333,5.0,99.6,1371.0163,0.0,0,0.0,0.0
3226.0,C,RUNNING,3222.836,4,4,1,3,0.3333,5.0,99.6,1370.0163,0.0,0,0.0,0.0
3227.0,C,RUNNING,3223.836,4,4,1,3,0.3333,5.0,99.6,1369.0163,0.0,0,0.0,0.0
3228.0,C,RUNNING,3224.836,4,4,1,3,0.3333,5.0,99.6,1368.0163,0.0,0,0.0,0.0
3229.0,C,RUNNING,3225.836,4,4,1,3,0.3333,5.0,99.6,1367.0163,0.0,0,0.0,0.0
3230.0,C,RUNNING,3226.836,4,4,1,3,0.3333,5.0,99.6,1366.0163,0.0,0,0.0,0.0
3231.0,C,RUNNING,3227.836,4,4,1,3,0.3333,5.0,99.6,1365.0163,0.0,0,0.0,0.0
3232.0,C,RUNNING,3228.836,4,4,1,3,0.3333,5.0,99.6,1364.0163,0.0,0,0.0,0.0
3233.0,C,RUNNING,3229.836,4,4,1,3,0.3333,5.0,99.6,1363.0163,0.0,0,0.0,0.0
3234.0,C,RUNNING,3230.836,4,4,1,3,0.3333,5.0,99.6,1362.0163,0.0,0,0.0,0.0
3235.0,C,RUNNING,3231.836,4,4,1,3,0.3333,5.0,99.6,1361.0163,0.0,0,0.0,0.0
3236.0,C,RUNNING,3232.836,4,4,1,3,0.3333,5.0,99.6,1360.0163,0.0,0,0.0,0.0
3237.0,C,RUNNING,3233.836,4,4,1,3,0.3333,5.0,99.6,1359.0163,0.0,0,0.0,0.0
3238.0,C,RUNNING,3234.836,4,4,1,3,0.3333,5.0,99.6,1358.0163,0.0,0,0.0,0.0
3239.0,C,RUNNING,3235.836,4,4,1,3,0.3333,5.0,99.6,1357.0163,0.0,0,0.0,0.0
3240.0,C,RUNNING,3236.836,4,4,1,3,0.3333,5.0,99.6,1356.0163,0.0,0,0.0,0.0
3241.0,C,RUNNING,3237.836,4,4,1,3,0.3333,5.0,99.6,1355.0163,0.0,0,0.0,0.0
3242.0,C,RUNNING,3238.836,4,4,1,3,0.3333,5.0,99.6,1354.0163,0.0,0,0.0,0.0
3243.0,C,RUNNING,3239.836,4,4,1,3,0.3333,5.0,99.6,1353.0163,0.0,0,0.0,0.0
3244.0,C,RUNNING,3240.836,4,4,1,3,0.3333,5.0,99.6,1352.0163,0.0,0,0.0,0.0
3245.0,C,RUNNING,3241.836,4,4,1,3,0.3333,5.0,99.6,1351.0163,0.0,0,0.0,0.0
3246.0,C,RUNNING,3242.836,4,4,1,3,0.3333,5.0,99.6,1350.0163,0.0,0,0.0,0.0
3247.0,C,RUNNING,3243.836,4,4,1,3,0.3333,5.0,99.6,1349.0163,0.0,0,0.0,0.0
3248.0,C,RUNNING,3244.836,4,4,1,3,0.3333,5.0,99.6,1348.0163,0.0,0,0.0,0.0
3249.0,C,RUNNING,3245.836,4,4,1,3,0.3333,5.0,99.6,1347.0163,0.0,0,0.0,0.0
3250.0,C,RUNNING,3246.836,4,4,1,3,0.3333,5.0,99.6,1346.0163,0.0,0,0.0,0.0
3251.0,C,RUNNING,3247.836,4,4,1,3,0.3333,5.0,99.6,1345.0163,0.0,0,0.0,0.0
3252.0,C,RUNNING,3248.836,4,4,1,3,0.3333,5.0,99.6,1344.0163,0.0,0,0.0,0.0
3253.0,C,RUNNING,3249.836,4,4,1,3,0.3333,5.0,99.6,1343.0163,0.0,0,0.0,0.0
3254.0,C,RUNNING,3250.836,4,4,1,3,0.3333,5.0,99.6,1342.0163,0.0,0,0.0,0.0
3255.0,C,RUNNING,3251.836,4,4,1,3,0.3333,5.0,99.6,1341.0163,0.0,0,0.0,0.0
3256.0,C,RUNNING,3252.836,4,4,1,3,0.3333,5.0,99.6,1340.0163,0.0,0,0.0,0.0
3257.0,C,RUNNING,3253.836,4,4,1,3,0.3333,5.0,99.6,1339.0163,0.0,0,0.0,0.0
3258.0,C,RUNNING,3254.836,4,4,1,3,0.3333,5.0,99.6,1338.0163,0.0,0,0.0,0.0
3259.0,C,RUNNING,3255.836,4,4,1,3,0.3333,5.0,99.6,1337.0163,0.0,0,0.0,0.0
3260.0,C,RUNNING,3256.836,4,4,1,3,0.3333,5.0,99.6,1336.0163,0.0,0,0.0,0.0
3261.0,C,RUNNING,3257.836,4,4,1,3,0.3333,5.0,99.6,1335.0163,0.0,0,0.0,0.0
3262.0,C,RUNNING,3258.836,4,4,1,3,0.3333,5.0,99.6,1334.0163,0.0,0,0.0,0.0
3263.0,C,RUNNING,3259.836,4,4,1,3,0.3333,5.0,99.6,1333.0163,0.0,0,0.0,0.0
3264.0,C,RUNNING,3260.836,4,4,1,3,0.3333,5.0,99.6,1332.0163,0.0,0,0.0,0.0
3265.0,C,RUNNING,3261.836,4,4,1,3,0.3333,5.0,99.6,1331.0163,0.0,0,0.0,0.0
3266.0,C,RUNNING,3262.836,4,4,1,3,0.3333,5.0,99.6,1330.0163,0.0,0,0.0,0.0
3267.0,C,RUNNING,3263.836,4,4,1,3,0.3333,5.0,99.6,1329.0163,0.0,0,0.0,0.0
3268.0,C,RUNNING,3264.836,4,4,1,3,0.3333,5.0,99.6,1328.0163,0.0,0,0.0,0.0
3269.0,C,RUNNING,3265.836,4,4,1,3,0.3333,5.0,99.6,1327.0163,0.0,0,0.0,0.0
3270.0,C,RUNNING,3266.836,4,4,1,3,0.3333,5.0,99.6,1326.0163,0.0,0,0.0,0.0
3271.0,C,RUNNING,3267.836,4,4,1,3,0.3333,5.0,99.6,1325.0163,0.0,0,0.0,0.0
3272.0,C,RUNNING,3268.836,4,4,1,3,0.3333,5.0,99.6,1324.0163,0.0,0,0.0,0.0
3273.0,C,RUNNING,3269.836,4,4,1,3,0.3333,5.0,99.6,1323.0163,0.0,0,0.0,0.0
3274.0,C,RUNNING,3270.836,4,4,1,3,0.3333,5.0,99.6,1322.0163,0.0,0,0.0,0.0
3275.0,C,RUNNING,3271.836,4,4,1,3,0.3333,5.0,99.6,1321.0163,0.0,0,0.0,0.0
3276.0,C,RUNNING,3272.836,4,5,0,3,0.0,5.0,99.6,2040.0163,0.0,0,0.0,0.0
3277.0,C,RUNNING,3273.836,4,5,0,3,0.0,5.0,99.6,2039.0163,0.0,0,0.0,0.0
3278.0,C,RUNNING,3274.836,4,5,0,3,0.0,5.0,99.6,2038.0163,0.0,0,0.0,0.0
3279.0,C,RUNNING,3275.836,4,5,0,3,0.0,5.0,99.6,2037.0163,0.0,0,0.0,0.0
3280.0,C,RUNNING,3276.836,4,5,0,3,0.0,5.0,99.6,2036.0163,0.0,0,0.0,0.0
3281.0,C,RUNNING,3277.836,4,5,0,3,0.0,5.0,99.6,2035.0163,0.0,0,0.0,0.0
3282.0,C,RUNNING,3278.836,4,5,0,3,0.0,5.0,99.6,2034.0163,0.0,0,0.0,0.0
3283.0,C,RUNNING,3279.836,4,5,0,3,0.0,5.0,99.6,2033.0163,0.0,0,0.0,0.0
3284.0,C,RUNNING,3280.836,4,5,0,3,0.0,5.0,99.6,2032.0163,0.0,0,0.0,0.0
3285.0,C,RUNNING,3281.836,4,5,0,3,0.0,5.0,99.6,2031.0163,0.0,0,0.0,0.0
3286.0,C,RUNNING,3282.836,4,5,0,3,0.0,5.0,99.6,2030.0163,0.0,0,0.0,0.0
3287.0,C,RUNNING,3283.836,4,5,0,3,0.0,5.0,99.6,2029.0163,0.0,0,0.0,0.0
3288.0,C,RUNNING,3284.836,4,5,0,3,0.0,5.0,99.6,2028.0163,0.0,0,0.0,0.0
3289.0,C,RUNNING,3285.836,4,5,0,3,0.0,5.0,99.6,2027.0163,0.0,0,0.0,0.0
3290.0,C,RUNNING,3286.836,4,5,0,3,0.0,5.0,99.6,2026.0163,0.0,0,0.0,0.0
3291.0,C,RUNNING,3287.836,4,5,0,3,0.0,5.0,99.6,2025.0163,0.0,0,0.0,0.0
3292.0,C,RUNNING,3288.836,4,5,0,3,0.0,5.0,99.6,2024.0163,0.0,0,0.0,0.0
3293.0,C,RUNNING,3289.836,4,5,0,3,0.0,5.0,99.6,2023.0163,0.0,0,0.0,0.0
3294.0,C,RUNNING,3290.836,4,5,0,3,0.0,5.0,99.6,2022.0163,0.0,0,0.0,0.0
3295.0,C,RUNNING,3291.836,4,5,0,3,0.0,5.0,99.6,2021.0163,0.0,0,0.0,0.0
3296.0,C,RUNNING,3292.836,4,5,0,3,0.0,5.0,99.6,2020.0163,0.0,0,0.0,0.0
3297.0,C,RUNNING,3293.836,4,5,0,3,0.0,5.0,99.6,2019.0163,0.0,0,0.0,0.0
3298.0,C,RUNNING,3294.836,4,5,0,3,0.0,5.0,99.6,2018.0163,0.0,0,0.0,0.0
3299.0,C,RUNNING,3295.836,4,5,0,3,0.0,5.0,99.6,2017.0163,0.0,0,0.0,0.0
3300.0,C,RUNNING,3296.836,4,5,0,3,0.0,5.0,99.6,2016.0163,0.0,0,0.0,0.0
3301.0,C,RUNNING,3297.836,4,5,0,3,0.0,5.0,99.6,2015.0163,0.0,0,0.0,0.0
3302.0,C,RUNNING,3298.836,4,5,0,3,0.0,5.0,99.6,2014.0163,0.0,0,0.0,0.0
3303.0,C,RUNNING,3299.836,4,5,0,3,0.0,5.0,99.6,2013.0163,0.0,0,0.0,0.0
3304.0,C,RUNNING,3300.836,4,5,0,3,0.0,5.0,99.6,2012.0163,0.0,0,0.0,0.0
3305.0,C,RUNNING,3301.836,4,5,0,3,0.0,5.0,99.6,2011.0163,0.0,0,0.0,0.0
3306.0,C,RUNNING,3302.836,4,5,0,3,0.0,5.0,99.6,2010.0163,0.0,0,0.0,0.0
3307.0,C,RUNNING,3303.836,4,5,0,3,0.0,5.0,99.6,2009.0163,0.0,0,0.0,0.0
3308.0,C,RUNNING,3304.836,4,5,0,3,0.0,5.0,99.6,2008.0163,0.0,0,0.0,0.0
3309.0,C,RUNNING,3305.836,4,5,0,3,0.0,5.0,99.6,2007.0163,0.0,0,0.0,0.0
3310.0,C,RUNNING,3306.836,4,5,0,3,0.0,5.0,99.6,2006.0163,0.0,0,0.0,0.0
3311.0,C,RUNNING,3307.836,4,5,0,3,0.0,5.0,99.6,2005.0163,0.0,0,0.0,0.0
3312.0,C,RUNNING,3308.836,4,5,0,3,0.0,5.0,99.6,2004.0163,0.0,0,0.0,0.0
3313.0,C,RUNNING,3309.836,4,5,0,3,0.0,5.0,99.6,2003.0163,0.0,0,0.0,0.0
3314.0,C,RUNNING,3310.836,4,5,0,3,0.0,5.0,99.6,2002.0163,0.0,0,0.0,0.0
3315.0,C,RUNNING,3311.836,4,5,0,3,0.0,5.0,99.6,2001.0163,0.0,0,0.0,0.0
3316.0,C,RUNNING,3312.836,4,5,0,3,0.0,5.0,99.6,2000.0163,0.0,0,0.0,0.0
3317.0,C,RUNNING,3313.836,4,5,0,3,0.0,5.0,99.6,1999.0163,0.0,0,0.0,0.0
3318.0,C,RUNNING,3314.836,4,5,0,3,0.0,5.0,99.6,1998.0163,0.0,0,0.0,0.0
3319.0,C,RUNNING,3315.836,4,5,0,3,0.0,5.0,99.6,1997.0163,0.0,0,0.0,0.0
3320.0,C,RUNNING,3316.836,4,5,0,3,0.0,5.0,99.6,1996.0163,0.0,0,0.0,0.0
3321.0,C,RUNNING,3317.836,4,5,0,3,0.0,5.0,99.6,1995.0163,0.0,0,0.0,0.0
3322.0,C,RUNNING,3318.836,4,5,0,3,0.0,5.0,99.6,1994.0163,0.0,0,0.0,0.0
3323.0,C,RUNNING,3319.836,4,5,0,3,0.0,5.0,99.6,1993.0163,0.0,0,0.0,0.0
3324.0,C,RUNNING,3320.836,4,5,0,3,0.0,5.0,99.6,1992.0163,0.0,0,0.0,0.0
3325.0,C,RUNNING,3321.836,4,5,0,3,0.0,5.0,99.6,1991.0163,0.0,0,0.0,0.0
3326.0,C,RUNNING,3322.836,4,5,0,3,0.0,5.0,99.6,1990.0163,0.0,0,0.0,0.0
3327.0,C,RUNNING,3323.836,4,5,0,3,0.0,5.0,99.6,1989.0163,0.0,0,0.0,0.0
3328.0,C,RUNNING,3324.836,4,5,0,3,0.0,5.0,99.6,1988.0163,0.0,0,0.0,0.0
3329.0,C,RUNNING,3325.836,4,5,0,3,0.0,5.0,99.6,1987.0163,0.0,0,0.0,0.0
3330.0,C,RUNNING,3326.836,4,5,0,3,0.0,5.0,99.6,1986.0163,0.0,0,0.0,0.0
3331.0,C,RUNNING,3327.836,4,5,0,3,0.0,5.0,99.6,1985.0163,0.0,0,0.0,0.0
3332.0,C,RUNNING,3328.836,4,5,0,3,0.0,5.0,99.6,1984.0163,0.0,0,0.0,0.0
3333.0,C,RUNNING,3329.836,4,5,0,3,0.0,5.0,99.6,1983.0163,0.0,0,0.0,0.0
3334.0,C,RUNNING,3330.836,4,5,0,3,0.0,5.0,99.6,1982.0163,0.0,0,0.0,0.0
3335.0,C,RUNNING,3331.836,4,5,0,3,0.0,5.0,99.6,1981.0163,0.0,0,0.0,0.0
3336.0,C,RUNNING,3332.836,4,5,0,3,0.0,5.0,99.6,1980.0163,0.0,0,0.0,0.0
3337.0,C,RUNNING,3333.836,4,5,0,3,0.0,5.0,99.6,1979.0163,0.0,0,0.0,0.0
3338.0,C,RUNNING,3334.836,4,5,0,3,0.0,5.0,99.6,1978.0163,0.0,0,0.0,0.0
3339.0,C,RUNNING,3335.836,4,5,0,3,0.0,5.0,99.6,1977.0163,0.0,0,0.0,0.0
3340.0,C,RUNNING,3336.836,4,5,0,3,0.0,5.0,99.6,1976.0163,0.0,0,0.0,0.0
3341.0,C,RUNNING,3337.836,4,5,0,3,0.0,5.0,99.6,1975.0163,0.0,0,0.0,0.0
3342.0,C,RUNNING,3338.836,4,5,0,3,0.0,5.0,99.6,1974.0163,0.0,0,0.0,0.0
3343.0,C,RUNNING,3339.836,4,5,0,3,0.0,5.0,99.6,1973.0163,0.0,0,0.0,0.0
3344.0,C,RUNNING,3340.836,4,5,0,3,0.0,5.0,99.6,1972.0163,0.0,0,0.0,0.0
3345.0,C,RUNNING,3341.836,4,5,0,3,0.0,5.0,99.6,1971.0163,0.0,0,0.0,0.0
3346.0,C,RUNNING,3342.836,4,5,0,3,0.0,5.0,99.6,1970.0163,0.0,0,0.0,0.0
3347.0,C,RUNNING,3343.836,4,5,0,3,0.0,5.0,99.6,1969.0163,0.0,0,0.0,0.0
3348.0,C,RUNNING,3344.836,4,5,0,3,0.0,5.0,99.6,1968.0163,0.0,0,0.0,0.0
3349.0,C,RUNNING,3345.836,4,5,0,3,0.0,5.0,99.6,1967.0163,0.0,0,0.0,0.0
3350.0,C,RUNNING,3346.836,4,5,0,3,0.0,5.0,99.6,1966.0163,0.0,0,0.0,0.0
3351.0,C,RUNNING,3347.836,4,5,0,3,0.0,5.0,99.6,1965.0163,0.0,0,0.0,0.0
3352.0,C,RUNNING,3348.836,4,5,0,3,0.0,5.0,99.6,1964.0163,0.0,0,0.0,0.0
3353.0,C,RUNNING,3349.836,4,5,0,3,0.0,5.0,99.6,1963.0163,0.0,0,0.0,0.0
3354.0,C,RUNNING,3350.836,4,5,0,3,0.0,5.0,99.6,1962.0163,0.0,0,0.0,0.0
3355.0,C,RUNNING,3351.836,4,5,0,3,0.0,5.0,99.6,1961.0163,0.0,0,0.0,0.0
3356.0,C,RUNNING,3352.836,4,5,0,3,0.0,5.0,99.6,1960.0163,0.0,0,0.0,0.0
3357.0,C,RUNNING,3353.836,4,5,0,3,0.0,5.0,99.6,1959.0163,0.0,0,0.0,0.0
3358.0,C,RUNNING,3354.836,4,5,0,3,0.0,5.0,99.6,1958.0163,0.0,0,0.0,0.0
3359.0,C,RUNNING,3355.836,4,5,0,3,0.0,5.0,99.6,1957.0163,0.0,0,0.0,0.0
3360.0,C,RUNNING,3356.836,4,5,0,3,0.0,5.0,99.6,1956.0163,0.0,0,0.0,0.0
3361.0,C,RUNNING,3357.836,4,5,0,3,0.0,5.0,99.6,1955.0163,0.0,0,0.0,0.0
3362.0,C,RUNNING,3358.836,4,5,0,3,0.0,5.0,99.6,1954.0163,0.0,0,0.0,0.0
3363.0,C,RUNNING,3359.836,4,5,0,3,0.0,5.0,99.6,1953.0163,0.0,0,0.0,0.0
3364.0,C,RUNNING,3360.836,4,5,0,3,0.0,5.0,99.6,1952.0163,0.0,0,0.0,0.0
3365.0,C,RUNNING,3361.836,4,5,0,3,0.0,5.0,99.6,1951.0163,0.0,0,0.0,0.0
3366.0,C,RUNNING,3362.836,4,5,0,3,0.0,5.0,99.6,1950.0163,0.0,0,0.0,0.0
3367.0,C,RUNNING,3363.836,4,5,0,3,0.0,5.0,99.6,1949.0163,0.0,0,0.0,0.0
3368.0,C,RUNNING,3364.836,4,5,0,3,0.0,5.0,99.6,1948.0163,0.0,0,0.0,0.0
3369.0,C,RUNNING,3365.836,4,5,0,3,0.0,5.0,99.6,1947.0163,0.0,0,0.0,0.0
3370.0,C,RUNNING,3366.836,4,5,0,3,0.0,5.0,99.6,1946.0163,0.0,0,0.0,0.0
3371.0,C,RUNNING,3367.836,4,5,0,3,0.0,5.0,99.6,1945.0163,0.0,0,0.0,0.0
3372.0,C,RUNNING,3368.836,4,5,0,3,0.0,5.0,99.6,1944.0163,0.0,0,0.0,0.0
3373.0,C,RUNNING,3369.836,4,5,0,3,0.0,5.0,99.6,1943.0163,0.0,0,0.0,0.0
3374.0,C,RUNNING,3370.836,4,5,0,3,0.0,5.0,99.6,1942.0163,0.0,0,0.0,0.0
3375.0,C,RUNNING,3371.836,4,5,0,3,0.0,5.0,99.6,1941.0163,0.0,0,0.0,0.0
3376.0,C,RUNNING,3372.836,4,5,0,3,0.0,5.0,99.6,1940.0163,0.0,0,0.0,0.0
3377.0,C,RUNNING,3373.836,4,5,0,3,0.0,5.0,99.6,1939.0163,0.0,0,0.0,0.0
3378.0,C,RUNNING,3374.836,4,5,0,3,0.0,5.0,99.6,1938.0163,0.0,0,0.0,0.0
3379.0,C,RUNNING,3375.836,4,5,0,3,0.0,5.0,99.6,1937.0163,0.0,0,0.0,0.0
3380.0,C,RUNNING,3376.836,4,5,0,3,0.0,5.0,99.6,1936.0163,0.0,0,0.0,0.0
3381.0,C,RUNNING,3377.836,4,5,0,3,0.0,5.0,99.6,1935.0163,0.0,0,0.0,0.0
3382.0,C,RUNNING,3378.836,4,5,0,3,0.0,5.0,99.6,1934.0163,0.0,0,0.0,0.0
3383.0,C,RUNNING,3379.836,4,5,0,3,0.0,5.0,99.6,1933.0163,0.0,0,0.0,0.0
3384.0,C,RUNNING,3380.836,4,5,0,3,0.0,5.0,99.6,1932.0163,0.0,0,0.0,0.0
3385.0,C,RUNNING,3381.836,4,5,0,3,0.0,5.0,99.6,1931.0163,0.0,0,0.0,0.0
3386.0,C,RUNNING,3382.836,4,5,0,3,0.0,5.0,99.6,1930.0163,0.0,0,0.0,0.0
3387.0,C,RUNNING,3383.836,4,5,0,3,0.0,5.0,99.6,1929.0163,0.0,0,0.0,0.0
3388.0,C,RUNNING,3384.836,4,5,0,3,0.0,5.0,99.6,1928.0163,0.0,0,0.0,0.0
3389.0,C,RUNNING,3385.836,4,5,0,3,0.0,5.0,99.6,1927.0163,0.0,0,0.0,0.0
3390.0,C,RUNNING,3386.836,4,5,0,3,0.0,5.0,99.6,1926.0163,0.0,0,0.0,0.0
3391.0,C,RUNNING,3387.836,4,5,0,3,0.0,5.0,99.6,1925.0163,0.0,0,0.0,0.0
3392.0,C,RUNNING,3388.836,4,5,0,3,0.0,5.0,99.6,1924.0163,0.0,0,0.0,0.0
3393.0,C,RUNNING,3389.836,4,5,0,3,0.0,5.0,99.6,1923.0163,0.0,0,0.0,0.0
3394.0,C,RUNNING,3390.836,4,5,0,3,0.0,5.0,99.6,1922.0163,0.0,0,0.0,0.0
3395.0,C,RUNNING,3391.836,4,5,0,3,0.0,5.0,99.6,1921.0163,0.0,0,0.0,0.0
3396.0,C,RUNNING,3392.836,4,5,0,3,0.0,5.0,99.6,1920.0163,0.0,0,0.0,0.0
3397.0,C,RUNNING,3393.836,4,5,0,3,0.0,5.0,99.6,1919.0163,0.0,0,0.0,0.0
3398.0,C,RUNNING,3394.836,4,5,0,3,0.0,5.0,99.6,1918.0163,0.0,0,0.0,0.0
3399.0,C,RUNNING,3395.836,4,5,0,3,0.0,5.0,99.6,1917.0163,0.0,0,0.0,0.0
3400.0,C,RUNNING,3396.836,4,5,0,3,0.0,5.0,99.6,1916.0163,0.0,0,0.0,0.0
3401.0,C,RUNNING,3397.836,4,5,0,3,0.0,5.0,99.6,1915.0163,0.0,0,0.0,0.0
3402.0,C,RUNNING,3398.836,4,5,0,3,0.0,5.0,99.6,1914.0163,0.0,0,0.0,0.0
3403.0,C,RUNNING,3399.836,4,5,0,3,0.0,5.0,99.6,1913.0163,0.0,0,0.0,0.0
3404.0,C,RUNNING,3400.836,4,5,0,3,0.0,5.0,99.6,1912.0163,0.0,0,0.0,0.0
3405.0,C,RUNNING,3401.836,4,5,0,3,0.0,5.0,99.6,1911.0163,0.0,0,0.0,0.0
3406.0,C,RUNNING,3402.836,4,5,0,3,0.0,5.0,99.6,1910.0163,0.0,0,0.0,0.0
3407.0,C,RUNNING,3403.836,4,5,0,3,0.0,5.0,99.6,1909.0163,0.0,0,0.0,0.0
3408.0,C,RUNNING,3404.836,4,5,0,3,0.0,5.0,99.6,1908.0163,0.0,0,0.0,0.0
3409.0,C,RUNNING,3405.836,4,5,0,3,0.0,5.0,99.6,1907.0163,0.0,0,0.0,0.0
3410.0,C,RUNNING,3406.836,4,5,0,3,0.0,5.0,99.6,1906.0163,0.0,0,0.0,0.0
3411.0,C,RUNNING,3407.836,4,5,0,3,0.0,5.0,99.6,1905.0163,0.0,0,0.0,0.0
3412.0,C,RUNNING,3408.836,4,5,0,3,0.0,5.0,99.6,1904.0163,0.0,0,0.0,0.0
3413.0,C,RUNNING,3409.836,4,5,0,3,0.0,5.0,99.6,1903.0163,0.0,0,0.0,0.0
3414.0,C,RUNNING,3410.836,4,5,0,3,0.0,5.0,99.6,1902.0163,0.0,0,0.0,0.0
3415.0,C,RUNNING,3411.836,4,5,0,3,0.0,5.0,99.6,1901.0163,0.0,0,0.0,0.0
3416.0,C,RUNNING,3412.836,4,5,0,3,0.0,5.0,99.6,1900.0163,0.0,0,0.0,0.0
3417.0,C,RUNNING,3413.836,4,5,0,3,0.0,5.0,99.6,1899.0163,0.0,0,0.0,0.0
3418.0,C,RUNNING,3414.836,4,5,0,3,0.0,5.0,99.6,1898.0163,0.0,0,0.0,0.0
3419.0,C,RUNNING,3415.836,4,5,0,3,0.0,5.0,99.6,1897.0163,0.0,0,0.0,0.0
3420.0,C,RUNNING,3416.836,4,5,0,3,0.0,5.0,99.6,1896.0163,0.0,0,0.0,0.0
3421.0,C,RUNNING,3417.836,4,5,0,3,0.0,5.0,99.6,1895.0163,0.0,0,0.0,0.0
3422.0,C,RUNNING,3418.836,4,5,0,3,0.0,5.0,99.6,1894.0163,0.0,0,0.0,0.0
3423.0,C,RUNNING,3419.836,4,5,0,3,0.0,5.0,99.6,1893.0163,0.0,0,0.0,0.0
3424.0,C,RUNNING,3420.836,4,5,0,3,0.0,5.0,99.6,1892.0163,0.0,0,0.0,0.0
3425.0,C,RUNNING,3421.836,4,5,0,3,0.0,5.0,99.6,1891.0163,0.0,0,0.0,0.0
3426.0,C,RUNNING,3422.836,4,5,0,3,0.0,5.0,99.6,1890.0163,0.0,0,0.0,0.0
3427.0,C,RUNNING,3423.836,4,5,0,3,0.0,5.0,99.6,1889.0163,0.0,0,0.0,0.0
3428.0,C,RUNNING,3424.836,4,5,0,3,0.0,5.0,99.6,1888.0163,0.0,0,0.0,0.0
3429.0,C,RUNNING,3425.836,4,5,0,3,0.0,5.0,99.6,1887.0163,0.0,0,0.0,0.0
3430.0,C,RUNNING,3426.836,4,5,0,3,0.0,5.0,99.6,1886.0163,0.0,0,0.0,0.0
3431.0,C,RUNNING,3427.836,4,5,0,3,0.0,5.0,99.6,1885.0163,0.0,0,0.0,0.0
3432.0,C,RUNNING,3428.836,4,5,0,3,0.0,5.0,99.6,1884.0163,0.0,0,0.0,0.0
3433.0,C,RUNNING,3429.836,4,5,0,3,0.0,5.0,99.6,1883.0163,0.0,0,0.0,0.0
3434.0,C,RUNNING,3430.836,4,5,0,3,0.0,5.0,99.6,1882.0163,0.0,0,0.0,0.0
3435.0,C,RUNNING,3431.836,4,5,0,3,0.0,5.0,99.6,1881.0163,0.0,0,0.0,0.0
3436.0,C,RUNNING,3432.836,4,5,0,3,0.0,5.0,99.6,1880.0163,0.0,0,0.0,0.0
3437.0,C,RUNNING,3433.836,4,5,0,3,0.0,5.0,99.6,1879.0163,0.0,0,0.0,0.0
3438.0,C,RUNNING,3434.836,4,5,0,3,0.0,5.0,99.6,1878.0163,0.0,0,0.0,0.0
3439.0,C,RUNNING,3435.836,4,5,0,3,0.0,5.0,99.6,1877.0163,0.0,0,0.0,0.0
3440.0,C,RUNNING,3436.836,4,5,0,3,0.0,5.0,99.6,1876.0163,0.0,0,0.0,0.0
3441.0,C,RUNNING,3437.836,4,5,0,3,0.0,5.0,99.6,1875.0163,0.0,0,0.0,0.0
3442.0,C,RUNNING,3438.836,4,5,0,3,0.0,5.0,99.6,1874.0163,0.0,0,0.0,0.0
3443.0,C,RUNNING,3439.836,4,5,0,3,0.0,5.0,99.6,1873.0163,0.0,0,0.0,0.0
3444.0,C,RUNNING,3440.836,4,5,0,3,0.0,5.0,99.6,1872.0163,0.0,0,0.0,0.0
3445.0,C,RUNNING,3441.836,4,5,0,3,0.0,5.0,99.6,1871.0163,0.0,0,0.0,0.0
3446.0,C,RUNNING,3442.836,4,5,0,3,0.0,5.0,99.6,1870.0163,0.0,0,0.0,0.0
3447.0,C,RUNNING,3443.836,4,5,0,3,0.0,5.0,99.6,1869.0163,0.0,0,0.0,0.0
3448.0,C,RUNNING,3444.836,4,5,0,3,0.0,5.0,99.6,1868.0163,0.0,0,0.0,0.0
3449.0,C,RUNNING,3445.836,4,5,0,3,0.0,5.0,99.6,1867.0163,0.0,0,0.0,0.0
3450.0,C,RUNNING,3446.836,4,5,0,3,0.0,5.0,99.6,1866.0163,0.0,0,0.0,0.0
3451.0,C,RUNNING,3447.836,4,5,0,3,0.0,5.0,99.6,1865.0163,0.0,0,0.0,0.0
3452.0,C,RUNNING,3448.836,4,5,0,3,0.0,5.0,99.6,1864.0163,0.0,0,0.0,0.0
3453.0,C,RUNNING,3449.836,4,5,0,3,0.0,5.0,99.6,1863.0163,0.0,0,0.0,0.0
3454.0,C,RUNNING,3450.836,4,5,0,3,0.0,5.0,99.6,1862.0163,0.0,0,0.0,0.0
3455.0,C,RUNNING,3451.836,4,5,0,3,0.0,5.0,99.6,1861.0163,0.0,0,0.0,0.0
3456.0,C,RUNNING,3452.836,4,5,0,3,0.0,5.0,99.6,1860.0163,0.0,0,0.0,0.0
3457.0,C,RUNNING,3453.836,4,5,0,3,0.0,5.0,99.6,1859.0163,0.0,0,0.0,0.0
3458.0,C,RUNNING,3454.836,4,5,0,3,0.0,5.0,99.6,1858.0163,0.0,0,0.0,0.0
3459.0,C,RUNNING,3455.836,4,5,0,3,0.0,5.0,99.6,1857.0163,0.0,0,0.0,0.0
3460.0,C,RUNNING,3456.836,4,5,0,3,0.0,5.0,99.6,1856.0163,0.0,0,0.0,0.0
3461.0,C,RUNNING,3457.836,4,5,0,3,0.0,5.0,99.6,1855.0163,0.0,0,0.0,0.0
3462.0,C,RUNNING,3458.836,4,5,0,3,0.0,5.0,99.6,1854.0163,0.0,0,0.0,0.0
3463.0,C,RUNNING,3459.836,4,5,0,3,0.0,5.0,99.6,1853.0163,0.0,0,0.0,0.0
3464.0,C,RUNNING,3460.836,4,5,0,3,0.0,5.0,99.6,1852.0163,0.0,0,0.0,0.0
3465.0,C,RUNNING,3461.836,4,5,0,3,0.0,5.0,99.6,1851.0163,0.0,0,0.0,0.0
3466.0,C,RUNNING,3462.836,4,5,0,3,0.0,5.0,99.6,1850.0163,0.0,0,0.0,0.0
3467.0,C,RUNNING,3463.836,4,5,0,3,0.0,5.0,99.6,1849.0163,0.0,0,0.0,0.0
3468.0,C,RUNNING,3464.836,4,5,0,3,0.0,5.0,99.6,1848.0163,0.0,0,0.0,0.0
3469.0,C,RUNNING,3465.836,4,5,0,3,0.0,5.0,99.6,1847.0163,0.0,0,0.0,0.0
3470.0,C,RUNNING,3466.836,4,5,0,3,0.0,5.0,99.6,1846.0163,0.0,0,0.0,0.0
3471.0,C,RUNNING,3467.836,4,5,0,3,0.0,5.0,99.6,1845.0163,0.0,0,0.0,0.0
3472.0,C,RUNNING,3468.836,4,5,0,3,0.0,5.0,99.6,1844.0163,0.0,0,0.0,0.0
3473.0,C,RUNNING,3469.836,4,5,0,3,0.0,5.0,99.6,1843.0163,0.0,0,0.0,0.0
3474.0,C,RUNNING,3470.836,4,5,0,3,0.0,5.0,99.6,1842.0163,0.0,0,0.0,0.0
3475.0,C,RUNNING,3471.836,4,5,0,3,0.0,5.0,99.6,1841.0163,0.0,0,0.0,0.0
3476.0,C,RUNNING,3472.836,4,5,0,3,0.0,5.0,99.6,1840.0163,0.0,0,0.0,0.0
3477.0,C,RUNNING,3473.836,4,5,0,3,0.0,5.0,99.6,1839.0163,0.0,0,0.0,0.0
3478.0,C,RUNNING,3474.836,4,5,0,3,0.0,5.0,99.6,1838.0163,0.0,0,0.0,0.0
3479.0,C,RUNNING,3475.836,4,5,0,3,0.0,5.0,99.6,1837.0163,0.0,0,0.0,0.0
3480.0,C,RUNNING,3476.836,4,5,0,3,0.0,5.0,99.6,1836.0163,0.0,0,0.0,0.0
3481.0,C,RUNNING,3477.836,4,5,0,3,0.0,5.0,99.6,1835.0163,0.0,0,0.0,0.0
3482.0,C,RUNNING,3478.836,4,5,0,3,0.0,5.0,99.6,1834.0163,0.0,0,0.0,0.0
3483.0,C,RUNNING,3479.836,4,5,0,3,0.0,5.0,99.6,1833.0163,0.0,0,0.0,0.0
3484.0,C,RUNNING,3480.836,4,5,0,3,0.0,5.0,99.6,1832.0163,0.0,0,0.0,0.0
3485.0,C,RUNNING,3481.836,4,5,0,3,0.0,5.0,99.6,1831.0163,0.0,0,0.0,0.0
3486.0,C,RUNNING,3482.836,4,5,0,3,0.0,5.0,99.6,1830.0163,0.0,0,0.0,0.0
3487.0,C,RUNNING,3483.836,4,5,0,3,0.0,5.0,99.6,1829.0163,0.0,0,0.0,0.0
3488.0,C,RUNNING,3484.836,4,5,0,3,0.0,5.0,99.6,1828.0163,0.0,0,0.0,0.0
3489.0,C,RUNNING,3485.836,4,5,0,3,0.0,5.0,99.6,1827.0163,0.0,0,0.0,0.0
3490.0,C,RUNNING,3486.836,4,5,0,3,0.0,5.0,99.6,1826.0163,0.0,0,0.0,0.0
3491.0,C,RUNNING,3487.836,4,5,0,3,0.0,5.0,99.6,1825.0163,0.0,0,0.0,0.0
3492.0,C,RUNNING,3488.836,4,5,0,3,0.0,5.0,99.6,1824.0163,0.0,0,0.0,0.0
3493.0,C,RUNNING,3489.836,4,5,0,3,0.0,5.0,99.6,1823.0163,0.0,0,0.0,0.0
3494.0,C,RUNNING,3490.836,4,5,0,3,0.0,5.0,99.6,1822.0163,0.0,0,0.0,0.0
3495.0,C,RUNNING,3491.836,4,5,0,3,0.0,5.0,99.6,1821.0163,0.0,0,0.0,0.0
3496.0,C,RUNNING,3492.836,4,5,0,3,0.0,5.0,99.6,1820.0163,0.0,0,0.0,0.0
3497.0,C,RUNNING,3493.836,4,5,0,3,0.0,5.0,99.6,1819.0163,0.0,0,0.0,0.0
3498.0,C,RUNNING,3494.836,4,5,0,3,0.0,5.0,99.6,1818.0163,0.0,0,0.0,0.0
3499.0,C,RUNNING,3495.836,4,5,0,3,0.0,5.0,99.6,1817.0163,0.0,0,0.0,0.0
3500.0,C,RUNNING,3496.836,4,5,0,3,0.0,5.0,99.6,1816.0163,0.0,0,0.0,0.0
3501.0,C,RUNNING,3497.836,4,5,0,3,0.0,5.0,99.6,1815.0163,0.0,0,0.0,0.0
3502.0,C,RUNNING,3498.836,4,5,0,3,0.0,5.0,99.6,1814.0163,0.0,0,0.0,0.0
3503.0,C,RUNNING,3499.836,4,5,0,3,0.0,5.0,99.6,1813.0163,0.0,0,0.0,0.0
3504.0,C,RUNNING,3500.836,4,5,0,3,0.0,5.0,99.6,1812.0163,0.0,0,0.0,0.0
3505.0,C,RUNNING,3501.836,4,5,0,3,0.0,5.0,99.6,1811.0163,0.0,0,0.0,0.0
3506.0,C,RUNNING,3502.836,4,5,0,3,0.0,5.0,99.6,1810.0163,0.0,0,0.0,0.0
3507.0,C,RUNNING,3503.836,4,5,0,3,0.0,5.0,99.6,1809.0163,0.0,0,0.0,0.0
3508.0,C,RUNNING,3504.836,4,5,0,3,0.0,5.0,99.6,1808.0163,0.0,0,0.0,0.0
3509.0,C,RUNNING,3505.836,4,5,0,3,0.0,5.0,99.6,1807.0163,0.0,0,0.0,0.0
3510.0,C,RUNNING,3506.836,4,5,0,3,0.0,5.0,99.6,1806.0163,0.0,0,0.0,0.0
3511.0,C,RUNNING,3507.836,4,5,0,3,0.0,5.0,99.6,1805.0163,0.0,0,0.0,0.0
3512.0,C,RUNNING,3508.836,4,5,0,3,0.0,5.0,99.6,1804.0163,0.0,0,0.0,0.0
3513.0,C,RUNNING,3509.836,4,5,0,3,0.0,5.0,99.6,1803.0163,0.0,0,0.0,0.0
3514.0,C,RUNNING,3510.836,4,5,0,3,0.0,5.0,99.6,1802.0163,0.0,0,0.0,0.0
3515.0,C,RUNNING,3511.836,4,5,0,3,0.0,5.0,99.6,1801.0163,0.0,0,0.0,0.0
3516.0,C,RUNNING,3512.836,4,5,0,3,0.0,5.0,99.6,1800.0163,0.0,0,0.0,0.0
3517.0,C,RUNNING,3513.836,4,5,0,3,0.0,5.0,99.6,1799.0163,0.0,0,0.0,0.0
3518.0,C,RUNNING,3514.836,4,5,0,3,0.0,5.0,99.6,1798.0163,0.0,0,0.0,0.0
3519.0,C,RUNNING,3515.836,4,5,0,3,0.0,5.0,99.6,1797.0163,0.0,0,0.0,0.0
3520.0,C,RUNNING,3516.836,4,5,0,3,0.0,5.0,99.6,1796.0163,0.0,0,0.0,0.0
3521.0,C,RUNNING,3517.836,4,5,0,3,0.0,5.0,99.6,1795.0163,0.0,0,0.0,0.0
3522.0,C,RUNNING,3518.836,4,5,0,3,0.0,5.0,99.6,1794.0163,0.0,0,0.0,0.0
3523.0,C,RUNNING,3519.836,4,5,0,3,0.0,5.0,99.6,1793.0163,0.0,0,0.0,0.0
3524.0,C,RUNNING,3520.836,4,5,0,3,0.0,5.0,99.6,1792.0163,0.0,0,0.0,0.0
3525.0,C,RUNNING,3521.836,4,5,0,3,0.0,5.0,99.6,1791.0163,0.0,0,0.0,0.0
3526.0,C,RUNNING,3522.836,4,5,0,3,0.0,5.0,99.6,1790.0163,0.0,0,0.0,0.0
3527.0,C,RUNNING,3523.836,4,5,0,3,0.0,5.0,99.6,1789.0163,0.0,0,0.0,0.0
3528.0,C,RUNNING,3524.836,4,5,0,3,0.0,5.0,99.6,1788.0163,0.0,0,0.0,0.0
3529.0,C,RUNNING,3525.836,4,5,0,3,0.0,5.0,99.6,1787.0163,0.0,0,0.0,0.0
3530.0,C,RUNNING,3526.836,4,5,0,3,0.0,5.0,99.6,1786.0163,0.0,0,0.0,0.0
3531.0,C,RUNNING,3527.836,4,5,0,3,0.0,5.0,99.6,1785.0163,0.0,0,0.0,0.0
3532.0,C,RUNNING,3528.836,4,5,0,3,0.0,5.0,99.6,1784.0163,0.0,0,0.0,0.0
3533.0,C,RUNNING,3529.836,4,5,0,3,0.0,5.0,99.6,1783.0163,0.0,0,0.0,0.0
3534.0,C,RUNNING,3530.836,4,5,0,3,0.0,5.0,99.6,1782.0163,0.0,0,0.0,0.0
3535.0,C,RUNNING,3531.836,4,5,0,3,0.0,5.0,99.6,1781.0163,0.0,0,0.0,0.0
3536.0,C,RUNNING,3532.836,4,5,0,3,0.0,5.0,99.6,1780.0163,0.0,0,0.0,0.0
3537.0,C,RUNNING,3533.836,4,5,0,3,0.0,5.0,99.6,1779.0163,0.0,0,0.0,0.0
3538.0,C,RUNNING,3534.836,4,5,0,3,0.0,5.0,99.6,1778.0163,0.0,0,0.0,0.0
3539.0,C,RUNNING,3535.836,4,5,0,3,0.0,5.0,99.6,1777.0163,0.0,0,0.0,0.0
3540.0,C,RUNNING,3536.836,4,5,0,3,0.0,5.0,99.6,1776.0163,0.0,0,0.0,0.0
3541.0,C,RUNNING,3537.836,4,5,0,3,0.0,5.0,99.6,1775.0163,0.0,0,0.0,0.0
3542.0,C,RUNNING,3538.836,4,5,0,3,0.0,5.0,99.6,1774.0163,0.0,0,0.0,0.0
3543.0,C,RUNNING,3539.836,4,5,0,3,0.0,5.0,99.6,1773.0163,0.0,0,0.0,0.0
3544.0,C,RUNNING,3540.836,4,5,0,3,0.0,5.0,99.6,1772.0163,0.0,0,0.0,0.0
3545.0,C,RUNNING,3541.836,4,5,0,3,0.0,5.0,99.6,1771.0163,0.0,0,0.0,0.0
3546.0,C,RUNNING,3542.836,4,5,0,3,0.0,5.0,99.6,1770.0163,0.0,0,0.0,0.0
3547.0,C,RUNNING,3543.836,4,5,0,3,0.0,5.0,99.6,1769.0163,0.0,0,0.0,0.0
3548.0,C,RUNNING,3544.836,4,5,0,3,0.0,5.0,99.6,1768.0163,0.0,0,0.0,0.0
3549.0,C,RUNNING,3545.836,4,5,0,3,0.0,5.0,99.6,1767.0163,0.0,0,0.0,0.0
3550.0,C,RUNNING,3546.836,4,5,0,3,0.0,5.0,99.6,1766.0163,0.0,0,0.0,0.0
3551.0,C,RUNNING,3547.836,4,5,0,3,0.0,5.0,99.6,1765.0163,0.0,0,0.0,0.0
3552.0,C,RUNNING,3548.836,4,5,0,3,0.0,5.0,99.6,1764.0163,0.0,0,0.0,0.0
3553.0,C,RUNNING,3549.836,4,5,0,3,0.0,5.0,99.6,1763.0163,0.0,0,0.0,0.0
3554.0,C,RUNNING,3550.836,4,5,0,3,0.0,5.0,99.6,1762.0163,0.0,0,0.0,0.0
3555.0,C,RUNNING,3551.836,4,5,0,3,0.0,5.0,99.6,1761.0163,0.0,0,0.0,0.0
3556.0,C,RUNNING,3552.836,4,5,0,3,0.0,5.0,99.6,1760.0163,0.0,0,0.0,0.0
3557.0,C,RUNNING,3553.836,4,5,0,3,0.0,5.0,99.6,1759.0163,0.0,0,0.0,0.0
3558.0,C,RUNNING,3554.836,4,5,0,3,0.0,5.0,99.6,1758.0163,0.0,0,0.0,0.0
3559.0,C,RUNNING,3555.836,4,5,0,3,0.0,5.0,99.6,1757.0163,0.0,0,0.0,0.0
3560.0,C,RUNNING,3556.836,4,5,0,3,0.0,5.0,99.6,1756.0163,0.0,0,0.0,0.0
3561.0,C,RUNNING,3557.836,4,5,0,3,0.0,5.0,99.6,1755.0163,0.0,0,0.0,0.0
3562.0,C,RUNNING,3558.836,4,5,0,3,0.0,5.0,99.6,1754.0163,0.0,0,0.0,0.0
3563.0,C,RUNNING,3559.836,4,5,0,3,0.0,5.0,99.6,1753.0163,0.0,0,0.0,0.0
3564.0,C,RUNNING,3560.836,4,5,0,3,0.0,5.0,99.6,1752.0163,0.0,0,0.0,0.0
3565.0,C,RUNNING,3561.836,4,5,0,3,0.0,5.0,99.6,1751.0163,0.0,0,0.0,0.0
3566.0,C,RUNNING,3562.836,4,5,0,3,0.0,5.0,99.6,1750.0163,0.0,0,0.0,0.0
3567.0,C,RUNNING,3563.836,4,5,0,3,0.0,5.0,99.6,1749.0163,0.0,0,0.0,0.0
3568.0,C,RUNNING,3564.836,4,5,0,3,0.0,5.0,99.6,1748.0163,0.0,0,0.0,0.0
3569.0,C,RUNNING,3565.836,4,5,0,3,0.0,5.0,99.6,1747.0163,0.0,0,0.0,0.0
3570.0,C,RUNNING,3566.836,4,5,0,3,0.0,5.0,99.6,1746.0163,0.0,0,0.0,0.0
3571.0,C,RUNNING,3567.836,4,5,0,3,0.0,5.0,99.6,1745.0163,0.0,0,0.0,0.0
3572.0,C,RUNNING,3568.836,4,5,0,3,0.0,5.0,99.6,1744.0163,0.0,0,0.0,0.0
3573.0,C,RUNNING,3569.836,4,5,0,3,0.0,5.0,99.6,1743.0163,0.0,0,0.0,0.0
3574.0,C,RUNNING,3570.836,4,5,0,3,0.0,5.0,99.6,1742.0163,0.0,0,0.0,0.0
3575.0,C,RUNNING,3571.836,4,5,0,3,0.0,5.0,99.6,1741.0163,0.0,0,0.0,0.0
3576.0,C,RUNNING,3572.836,4,5,0,3,0.0,5.0,99.6,1740.0163,0.0,0,0.0,0.0
3577.0,C,RUNNING,3573.836,4,5,0,3,0.0,5.0,99.6,1739.0163,0.0,0,0.0,0.0
3578.0,C,RUNNING,3574.836,4,5,0,3,0.0,5.0,99.6,1738.0163,0.0,0,0.0,0.0
3579.0,C,RUNNING,3575.836,4,5,0,3,0.0,5.0,99.6,1737.0163,0.0,0,0.0,0.0
3580.0,C,RUNNING,3576.836,4,5,0,3,0.0,5.0,99.6,1736.0163,0.0,0,0.0,0.0
3581.0,C,RUNNING,3577.836,4,5,0,3,0.0,5.0,99.6,1735.0163,0.0,0,0.0,0.0
3582.0,C,RUNNING,3578.836,4,5,0,3,0.0,5.0,99.6,1734.0163,0.0,0,0.0,0.0
3583.0,C,RUNNING,3579.836,4,5,0,3,0.0,5.0,99.6,1733.0163,0.0,0,0.0,0.0
3584.0,C,RUNNING,3580.836,4,5,0,3,0.0,5.0,99.6,1732.0163,0.0,0,0.0,0.0
3585.0,C,RUNNING,3581.836,4,5,0,3,0.0,5.0,99.6,1731.0163,0.0,0,0.0,0.0
3586.0,C,RUNNING,3582.836,4,5,0,3,0.0,5.0,99.6,1730.0163,0.0,0,0.0,0.0
3587.0,C,RUNNING,3583.836,4,5,0,3,0.0,5.0,99.6,1729.0163,0.0,0,0.0,0.0
3588.0,C,RUNNING,3584.836,4,5,0,3,0.0,5.0,99.6,1728.0163,0.0,0,0.0,0.0
3589.0,C,RUNNING,3585.836,4,5,0,3,0.0,5.0,99.6,1727.0163,0.0,0,0.0,0.0
3590.0,C,RUNNING,3586.836,4,5,0,3,0.0,5.0,99.6,1726.0163,0.0,0,0.0,0.0
3591.0,C,RUNNING,3587.836,4,5,0,3,0.0,5.0,99.6,1725.0163,0.0,0,0.0,0.0
3592.0,C,RUNNING,3588.836,4,5,0,3,0.0,5.0,99.6,1724.0163,0.0,0,0.0,0.0
3593.0,C,RUNNING,3589.836,4,5,0,3,0.0,5.0,99.6,1723.0163,0.0,0,0.0,0.0
3594.0,C,RUNNING,3590.836,4,5,0,3,0.0,5.0,99.6,1722.0163,0.0,0,0.0,0.0
3595.0,C,RUNNING,3591.836,4,5,0,3,0.0,5.0,99.6,1721.0163,0.0,0,0.0,0.0
3596.0,C,RUNNING,3592.836,4,5,0,3,0.0,5.0,99.6,1720.0163,0.0,0,0.0,0.0
3597.0,C,RUNNING,3593.836,4,5,0,3,0.0,5.0,99.6,1719.0163,0.0,0,0.0,0.0
3598.0,C,RUNNING,3594.836,4,5,0,3,0.0,5.0,99.6,1718.0163,0.0,0,0.0,0.0
3599.0,C,RUNNING,3595.836,4,5,0,3,0.0,5.0,99.6,1717.0163,0.0,0,0.0,0.0
3600.0,C,RUNNING,3596.836,4,5,0,3,0.0,5.0,99.6,1716.0163,0.0,0,0.0,0.0
3601.0,C,RUNNING,3597.836,4,5,0,3,0.0,5.0,99.6,1715.0163,0.0,0,0.0,0.0
3602.0,C,RUNNING,3598.836,4,5,0,3,0.0,5.0,99.6,1714.0163,0.0,0,0.0,0.0
3603.0,C,RUNNING,3599.836,4,5,0,3,0.0,5.0,99.6,1713.0163,0.0,0,0.0,0.0
3604.0,C,RUNNING,3600.836,4,5,0,3,0.0,5.0,99.6,1712.0163,0.0,0,0.0,0.0
3605.0,C,RUNNING,3601.836,4,5,0,3,0.0,5.0,99.6,1711.0163,0.0,0,0.0,0.0
3606.0,C,RUNNING,3602.836,4,5,0,3,0.0,5.0,99.6,1710.0163,0.0,0,0.0,0.0
3607.0,C,RUNNING,3603.836,4,5,0,3,0.0,5.0,99.6,1709.0163,0.0,0,0.0,0.0
3608.0,C,RUNNING,3604.836,4,5,0,3,0.0,5.0,99.6,1708.0163,0.0,0,0.0,0.0
3609.0,C,RUNNING,3605.836,4,5,0,3,0.0,5.0,99.6,1707.0163,0.0,0,0.0,0.0
3610.0,C,RUNNING,3606.836,4,5,0,3,0.0,5.0,99.6,1706.0163,0.0,0,0.0,0.0
3611.0,C,RUNNING,3607.836,4,5,0,3,0.0,5.0,99.6,1705.0163,0.0,0,0.0,0.0
3612.0,C,RUNNING,3608.836,4,5,0,3,0.0,5.0,99.6,1704.0163,0.0,0,0.0,0.0
3613.0,C,RUNNING,3609.836,4,5,0,3,0.0,5.0,99.6,1703.0163,0.0,0,0.0,0.0
3614.0,C,RUNNING,3610.836,4,5,0,3,0.0,5.0,99.6,1702.0163,0.0,0,0.0,0.0
3615.0,C,RUNNING,3611.836,4,5,0,3,0.0,5.0,99.6,1701.0163,0.0,0,0.0,0.0
3616.0,C,RUNNING,3612.836,4,5,0,3,0.0,5.0,99.6,1700.0163,0.0,0,0.0,0.0
3617.0,C,RUNNING,3613.836,4,5,0,3,0.0,5.0,99.6,1699.0163,0.0,0,0.0,0.0
3618.0,C,RUNNING,3614.836,4,5,0,3,0.0,5.0,99.6,1698.0163,0.0,0,0.0,0.0
3619.0,C,RUNNING,3615.836,4,5,0,3,0.0,5.0,99.6,1697.0163,0.0,0,0.0,0.0
3620.0,C,RUNNING,3616.836,4,5,0,3,0.0,5.0,99.6,1696.0163,0.0,0,0.0,0.0
3621.0,C,RUNNING,3617.836,4,5,0,3,0.0,5.0,99.6,1695.0163,0.0,0,0.0,0.0
3622.0,C,RUNNING,3618.836,4,5,0,3,0.0,5.0,99.6,1694.0163,0.0,0,0.0,0.0
3623.0,C,RUNNING,3619.836,4,5,0,3,0.0,5.0,99.6,1693.0163,0.0,0,0.0,0.0
3624.0,C,RUNNING,3620.836,4,5,0,3,0.0,5.0,99.6,1692.0163,0.0,0,0.0,0.0
3625.0,C,RUNNING,3621.836,4,5,0,3,0.0,5.0,99.6,1691.0163,0.0,0,0.0,0.0
3626.0,C,RUNNING,3622.836,4,5,0,3,0.0,5.0,99.6,1690.0163,0.0,0,0.0,0.0
3627.0,C,RUNNING,3623.836,4,5,0,3,0.0,5.0,99.6,1689.0163,0.0,0,0.0,0.0
3628.0,C,RUNNING,3624.836,4,5,0,3,0.0,5.0,99.6,1688.0163,0.0,0,0.0,0.0
3629.0,C,RUNNING,3625.836,4,5,0,3,0.0,5.0,99.6,1687.0163,0.0,0,0.0,0.0
3630.0,C,RUNNING,3626.836,4,5,0,3,0.0,5.0,99.6,1686.0163,0.0,0,0.0,0.0
3631.0,C,RUNNING,3627.836,4,5,0,3,0.0,5.0,99.6,1685.0163,0.0,0,0.0,0.0
3632.0,C,RUNNING,3628.836,4,5,0,3,0.0,5.0,99.6,1684.0163,0.0,0,0.0,0.0
3633.0,C,RUNNING,3629.836,4,5,0,3,0.0,5.0,99.6,1683.0163,0.0,0,0.0,0.0
3634.0,C,RUNNING,3630.836,4,5,0,3,0.0,5.0,99.6,1682.0163,0.0,0,0.0,0.0
3635.0,C,RUNNING,3631.836,4,5,0,3,0.0,5.0,99.6,1681.0163,0.0,0,0.0,0.0
3636.0,C,RUNNING,3632.836,4,5,0,3,0.0,5.0,99.6,1680.0163,0.0,0,0.0,0.0
3637.0,C,RUNNING,3633.836,4,5,0,3,0.0,5.0,99.6,1679.0163,0.0,0,0.0,0.0
3638.0,C,RUNNING,3634.836,4,5,0,3,0.0,5.0,99.6,1678.0163,0.0,0,0.0,0.0
3639.0,C,RUNNING,3635.836,4,5,0,3,0.0,5.0,99.6,1677.0163,0.0,0,0.0,0.0
3640.0,C,RUNNING,3636.836,4,5,0,3,0.0,5.0,99.6,1676.0163,0.0,0,0.0,0.0
3641.0,C,RUNNING,3637.836,4,5,0,3,0.0,5.0,99.6,1675.0163,0.0,0,0.0,0.0
3642.0,C,RUNNING,3638.836,4,5,0,3,0.0,5.0,99.6,1674.0163,0.0,0,0.0,0.0
3643.0,C,RUNNING,3639.836,4,5,0,3,0.0,5.0,99.6,1673.0163,0.0,0,0.0,0.0
3644.0,C,RUNNING,3640.836,4,5,0,3,0.0,5.0,99.6,1672.0163,0.0,0,0.0,0.0
3645.0,C,RUNNING,3641.836,4,5,0,3,0.0,5.0,99.6,1671.0163,0.0,0,0.0,0.0
3646.0,C,RUNNING,3642.836,4,5,0,3,0.0,5.0,99.6,1670.0163,0.0,0,0.0,0.0
3647.0,C,RUNNING,3643.836,4,5,0,3,0.0,5.0,99.6,1669.0163,0.0,0,0.0,0.0
3648.0,C,RUNNING,3644.836,4,5,0,3,0.0,5.0,99.6,1668.0163,0.0,0,0.0,0.0
3649.0,C,RUNNING,3645.836,4,5,0,3,0.0,5.0,99.6,1667.0163,0.0,0,0.0,0.0
3650.0,C,RUNNING,3646.836,4,5,0,3,0.0,5.0,99.6,1666.0163,0.0,0,0.0,0.0
3651.0,C,RUNNING,3647.836,4,5,0,3,0.0,5.0,99.6,1665.0163,0.0,0,0.0,0.0
3652.0,C,RUNNING,3648.836,4,5,0,3,0.0,5.0,99.6,1664.0163,0.0,0,0.0,0.0
3653.0,C,RUNNING,3649.836,4,5,0,3,0.0,5.0,99.6,1663.0163,0.0,0,0.0,0.0
3654.0,C,RUNNING,3650.836,4,5,0,3,0.0,5.0,99.6,1662.0163,0.0,0,0.0,0.0
3655.0,C,RUNNING,3651.836,4,5,0,3,0.0,5.0,99.6,1661.0163,0.0,0,0.0,0.0
3656.0,C,RUNNING,3652.836,4,5,0,3,0.0,5.0,99.6,1660.0163,0.0,0,0.0,0.0
3657.0,C,RUNNING,3653.836,4,5,0,3,0.0,5.0,99.6,1659.0163,0.0,0,0.0,0.0
3658.0,C,RUNNING,3654.836,4,5,0,3,0.0,5.0,99.6,1658.0163,0.0,0,0.0,0.0
3659.0,C,RUNNING,3655.836,4,5,0,3,0.0,5.0,99.6,1657.0163,0.0,0,0.0,0.0
3660.0,C,RUNNING,3656.836,4,5,0,3,0.0,5.0,99.6,1656.0163,0.0,0,0.0,0.0
3661.0,C,RUNNING,3657.836,4,5,0,3,0.0,5.0,99.6,1655.0163,0.0,0,0.0,0.0
3662.0,C,RUNNING,3658.836,4,5,0,3,0.0,5.0,99.6,1654.0163,0.0,0,0.0,0.0
3663.0,C,RUNNING,3659.836,4,5,0,3,0.0,5.0,99.6,1653.0163,0.0,0,0.0,0.0
