ts,run_id,order_id,activity,state,battery_percent,temperature_c,condition_percent,payload_kg,motor_load,speed,distance_delta_m,cumulative_distance_m,cumulative_energy_wh,cumulative_charged_wh
3.0,run_20260917_164427,,idle,idle,49.993,22.0,100.0,0.0,0.0,0.0,0.0,0.0,0.0015,0.0
4.0,run_20260917_164427,,idle,idle,49.986,22.0,100.0,0.0,0.0,0.0,0.0,0.0,0.0031,0.0
5.0,run_20260917_164427,,idle,idle,49.978,22.0,100.0,0.0,0.0,0.0,0.0,0.0,0.0048,0.0
6.0,run_20260917_164427,,idle,idle,49.971,22.0,100.0,0.0,0.0,0.0,0.0,0.0,0.0065,0.0
7.0,run_20260917_164427,,idle,idle,49.963,22.0,100.0,0.0,0.0,0.0,0.0,0.0,0.0081,0.0
8.0,run_20260917_164427,,idle,idle,49.955,22.0,100.0,0.0,0.0,0.0,0.0,0.0,0.0098,0.0
9.0,run_20260917_164427,,idle,idle,49.948,22.0,100.0,0.0,0.0,0.0,0.0,0.0,0.0115,0.0
10.0,run_20260917_164427,,idle,idle,49.94,22.0,100.0,0.0,0.0,0.0,0.0,0.0,0.0131,0.0
11.0,run_20260917_164427,,idle,idle,49.933,22.0,100.0,0.0,0.0,0.0,0.0,0.0,0.0148,0.0
12.0,run_20260917_164427,,waiting,waiting,49.925,22.0,100.0,0.0,0.0,0.0,0.0,0.0,0.0165,0.0
13.0,run_20260917_164427,,waiting,waiting,49.918,22.0,100.0,0.0,0.0,0.0,0.0,0.0,0.0181,0.0
14.0,run_20260917_164427,,waiting,waiting,49.91,22.0,100.0,0.0,0.0,0.0,0.0,0.0,0.0198,0.0
15.0,run_20260917_164427,,driving,driving,49.902,22.003,100.0,0.0,0.075,0.042,0.002,0.002,0.0215,0.0
16.0,run_20260917_164427,,driving,driving,49.888,22.033,100.0,0.0,0.804,0.448,0.2905,0.292,0.0246,0.0
17.0,run_20260917_164427,,driving,driving,49.87,22.064,100.0,0.0,0.849,0.473,0.4783,0.771,0.0287,0.0
18.0,run_20260917_164427,,driving,driving,49.851,22.097,100.0,0.0,0.892,0.497,0.4711,1.242,0.0327,0.0
19.0,run_20260917_164427,,driving,driving,49.833,22.13,100.0,0.0,0.887,0.494,0.4975,1.739,0.0368,0.0
20.0,run_20260917_164427,,driving,driving,49.814,22.162,100.0,0.0,0.891,0.497,0.4987,2.238,0.041,0.0
21.0,run_20260917_164427,,driving,driving,49.795,22.195,100.0,0.0,0.879,0.49,0.4928,2.731,0.0451,0.0
22.0,run_20260917_164427,,driving,driving,49.776,22.226,100.0,0.0,0.853,0.475,0.4817,3.213,0.0492,0.0
23.0,run_20260917_164427,,driving,driving,49.758,22.258,99.999,0.0,0.864,0.482,0.47,3.683,0.0532,0.0
24.0,run_20260917_164427,,driving,driving,49.74,22.289,99.999,0.0,0.841,0.469,0.4686,4.151,0.0572,0.0
25.0,run_20260917_164427,,driving,driving,49.722,22.32,99.999,0.0,0.851,0.474,0.4693,4.621,0.0612,0.0
26.0,run_20260917_164427,,driving,driving,49.703,22.352,99.999,0.0,0.883,0.492,0.4871,5.108,0.0654,0.0
27.0,run_20260917_164427,,driving,driving,49.684,22.384,99.999,0.0,0.883,0.492,0.4827,5.59,0.0694,0.0
28.0,run_20260917_164427,,driving,driving,49.666,22.415,99.999,0.0,0.842,0.469,0.4914,6.082,0.0736,0.0
29.0,run_20260917_164427,,driving,driving,49.647,22.448,99.999,0.0,0.896,0.499,0.4984,6.58,0.0777,0.0
30.0,run_20260917_164427,,driving,driving,49.628,22.481,99.999,0.0,0.897,0.5,0.5019,7.082,0.0819,0.0
31.0,run_20260917_164427,,driving,driving,49.609,22.513,99.999,0.0,0.895,0.499,0.5027,7.585,0.0861,0.0
32.0,run_20260917_164427,,driving,driving,49.59,22.546,99.999,0.0,0.897,0.5,0.4855,8.07,0.0902,0.0
33.0,run_20260917_164427,,driving,driving,49.571,22.578,99.999,0.0,0.893,0.498,0.5033,8.574,0.0943,0.0
34.0,run_20260917_164427,,driving,driving,49.552,22.611,99.999,0.0,0.896,0.499,0.5017,9.075,0.0985,0.0
35.0,run_20260917_164427,,driving,driving,49.533,22.643,99.999,0.0,0.879,0.49,0.5029,9.578,0.1027,0.0
36.0,run_20260917_164427,,driving,driving,49.515,22.675,99.999,0.0,0.897,0.5,0.4852,10.063,0.1068,0.0
37.0,run_20260917_164427,,driving,driving,49.496,22.707,99.999,0.0,0.893,0.497,0.5031,10.566,0.111,0.0
38.0,run_20260917_164427,,driving,driving,49.477,22.74,99.999,0.0,0.897,0.5,0.503,11.069,0.1152,0.0
39.0,run_20260917_164427,,driving,driving,49.458,22.772,99.999,0.0,0.897,0.5,0.5031,11.572,0.1193,0.0
40.0,run_20260917_164427,,driving,driving,49.439,22.804,99.999,0.0,0.879,0.49,0.5011,12.074,0.1235,0.0
41.0,run_20260917_164427,,driving,driving,49.42,22.836,99.999,0.0,0.894,0.498,0.4821,12.556,0.1276,0.0
42.0,run_20260917_164427,,driving,driving,49.401,22.868,99.999,0.0,0.88,0.491,0.4973,13.053,0.1317,0.0
43.0,run_20260917_164427,,driving,driving,49.382,22.899,99.999,0.0,0.883,0.492,0.4993,13.552,0.1359,0.0
44.0,run_20260917_164427,,driving,driving,49.363,22.932,99.999,0.0,0.893,0.498,0.4975,14.05,0.1401,0.0
45.0,run_20260917_164427,,driving,driving,49.345,22.963,99.999,0.0,0.869,0.484,0.4782,14.528,0.1441,0.0
46.0,run_20260917_164427,,driving,driving,49.328,22.983,99.999,0.0,0.575,0.32,0.3956,14.924,0.1478,0.0
47.0,run_20260917_164427,,loading,loading,49.319,22.982,99.999,0.0,0.0,0.0,0.0992,15.023,0.1499,0.0
48.0,run_20260917_164427,,loading,loading,49.311,22.981,99.998,0.0,0.0,0.0,0.0,15.023,0.1516,0.0
49.0,run_20260917_164427,,loading,loading,49.303,22.98,99.998,0.0,0.0,0.0,0.0,15.023,0.1533,0.0
50.0,run_20260917_164427,,loading,loading,49.296,22.979,99.998,0.0,0.0,0.0,0.0,15.023,0.1549,0.0
51.0,run_20260917_164427,,loading,loading,49.288,22.977,99.998,0.0,0.0,0.0,0.0,15.023,0.1566,0.0
52.0,run_20260917_164427,,loading,loading,49.281,22.976,99.998,0.0,0.0,0.0,0.0,15.023,0.1583,0.0
53.0,run_20260917_164427,,loading,loading,49.273,22.975,99.998,0.0,0.0,0.0,0.0,15.023,0.1599,0.0
54.0,run_20260917_164427,,loading,loading,49.265,22.974,99.998,0.0,0.0,0.0,0.0,15.023,0.1616,0.0
55.0,run_20260917_164427,,loading,loading,49.258,22.973,99.998,0.0,0.0,0.0,0.0,15.023,0.1633,0.0
56.0,run_20260917_164427,,loading,loading,49.25,22.972,99.998,0.0,0.0,0.0,0.0,15.023,0.1649,0.0
57.0,run_20260917_164427,,loading,loading,49.243,22.971,99.998,0.0,0.0,0.0,0.0,15.023,0.1666,0.0
58.0,run_20260917_164427,,loading,loading,49.235,22.97,99.998,0.0,0.0,0.0,0.0,15.023,0.1683,0.0
59.0,run_20260917_164427,,loading,loading,49.228,22.969,99.998,0.0,0.0,0.0,0.0,15.023,0.1699,0.0
60.0,run_20260917_164427,,loading,loading,49.22,22.968,99.998,0.0,0.0,0.0,0.0,15.023,0.1716,0.0
61.0,run_20260917_164427,,loading,loading,49.212,22.967,99.998,0.0,0.0,0.0,0.0,15.023,0.1733,0.0
62.0,run_20260917_164427,,loading,loading,49.205,22.966,99.998,0.0,0.0,0.0,0.0,15.023,0.1749,0.0
63.0,run_20260917_164427,,loading,loading,49.197,22.965,99.998,0.0,0.0,0.0,0.0,15.023,0.1766,0.0
64.0,run_20260917_164427,,loading,loading,49.19,22.964,99.998,0.0,0.0,0.0,0.0,15.023,0.1783,0.0
65.0,run_20260917_164427,,loading,loading,49.182,22.963,99.998,0.0,0.0,0.0,0.0,15.023,0.1799,0.0
66.0,run_20260917_164427,,loading,loading,49.175,22.961,99.998,0.0,0.0,0.0,0.0,15.023,0.1816,0.0
67.0,run_20260917_164427,,loading,loading,49.167,22.96,99.998,0.0,0.0,0.0,0.0,15.023,0.1833,0.0
68.0,run_20260917_164427,,loading,loading,49.159,22.959,99.998,0.0,0.0,0.0,0.0,15.023,0.1849,0.0
69.0,run_20260917_164427,,loading,loading,49.152,22.958,99.998,0.0,0.0,0.0,0.0,15.023,0.1866,0.0
70.0,run_20260917_164427,,loading,loading,49.144,22.957,99.998,0.0,0.0,0.0,0.0,15.023,0.1883,0.0
71.0,run_20260917_164427,,loading,loading,49.137,22.956,99.998,0.0,0.0,0.0,0.0,15.023,0.1899,0.0
72.0,run_20260917_164427,,loading,loading,49.129,22.955,99.998,0.0,0.0,0.0,0.0,15.023,0.1916,0.0
73.0,run_20260917_164427,,loading,loading,49.122,22.954,99.998,0.0,0.0,0.0,0.0,15.023,0.1933,0.0
74.0,run_20260917_164427,,loading,loading,49.114,22.953,99.998,0.0,0.0,0.0,0.0,15.023,0.1949,0.0
75.0,run_20260917_164427,,loading,loading,49.106,22.952,99.998,0.0,0.0,0.0,0.0,15.023,0.1966,0.0
76.0,run_20260917_164427,,loading,loading,49.099,22.951,99.998,0.0,0.0,0.0,0.0,15.023,0.1983,0.0
77.0,run_20260917_164427,,waiting,waiting,49.091,22.95,99.998,1.7999999523162842,0.0,0.0,0.0,15.023,0.1999,0.0
78.0,run_20260917_164427,,driving,driving,49.084,22.949,99.998,1.7999999523162842,0.0,0.0,0.0,15.023,0.2016,0.0
79.0,run_20260917_164427,,driving,driving,49.071,22.964,99.998,1.7999999523162842,0.406,0.226,0.1569,15.18,0.2044,0.0
80.0,run_20260917_164427,,driving,driving,49.059,22.965,99.998,1.7999999523162842,0.05,0.028,0.1382,15.318,0.207,0.0
81.0,run_20260917_164427,,driving,driving,49.05,22.971,99.998,1.7999999523162842,0.18,0.1,0.0305,15.348,0.2089,0.0
82.0,run_20260917_164427,,driving,driving,49.03,23.006,99.998,1.7999999523162842,0.897,0.5,0.3986,15.747,0.2134,0.0
83.004,run_20260917_164427,,driving,driving,49.006,23.042,99.998,1.7999999523162842,0.897,0.5,0.5034,16.251,0.2186,0.0
84.0,run_20260917_164427,,driving,driving,48.982,23.077,99.998,1.7999999523162842,0.897,0.5,0.5034,16.754,0.2239,0.0
85.0,run_20260917_164427,,driving,driving,48.959,23.112,99.998,1.7999999523162842,0.896,0.499,0.5024,17.256,0.2291,0.0
86.0,run_20260917_164427,,driving,driving,48.935,23.146,99.998,1.7999999523162842,0.896,0.499,0.4841,17.74,0.2342,0.0
87.0,run_20260917_164427,,driving,driving,48.912,23.178,99.998,1.7999999523162842,0.814,0.453,0.4912,18.232,0.2393,0.0
88.0,run_20260917_164427,,driving,driving,48.889,23.212,99.998,1.7999999523162842,0.887,0.494,0.4803,18.712,0.2444,0.0
89.0,run_20260917_164427,,driving,driving,48.866,23.247,99.998,1.7999999523162842,0.896,0.499,0.4892,19.201,0.2495,0.0
90.0,run_20260917_164427,,driving,driving,48.843,23.282,99.997,1.7999999523162842,0.897,0.5,0.4818,19.683,0.2546,0.0
91.0,run_20260917_164427,,driving,driving,48.819,23.317,99.997,1.7999999523162842,0.896,0.499,0.4995,20.182,0.2598,0.0
92.0,run_20260917_164427,,driving,driving,48.797,23.347,99.997,1.7999999523162842,0.795,0.443,0.4513,20.634,0.2647,0.0
93.0,run_20260917_164427,,driving,driving,48.773,23.381,99.997,1.7999999523162842,0.877,0.489,0.4895,21.123,0.2698,0.0
94.0,run_20260917_164427,,driving,driving,48.75,23.415,99.997,1.7999999523162842,0.866,0.482,0.4934,21.617,0.275,0.0
95.0,run_20260917_164427,,driving,driving,48.727,23.449,99.997,1.7999999523162842,0.895,0.499,0.4739,22.09,0.28,0.0
96.0,run_20260917_164427,,driving,driving,48.704,23.483,99.997,1.7999999523162842,0.885,0.493,0.4965,22.587,0.2852,0.0
97.0,run_20260917_164427,,driving,driving,48.68,23.518,99.997,1.7999999523162842,0.89,0.496,0.4919,23.079,0.2904,0.0
98.0,run_20260917_164427,,driving,driving,48.657,23.552,99.997,1.7999999523162842,0.893,0.498,0.496,23.575,0.2955,0.0
99.0,run_20260917_164427,,driving,driving,48.634,23.586,99.997,1.7999999523162842,0.885,0.493,0.48,24.055,0.3006,0.0
100.0,run_20260917_164427,,driving,driving,48.61,23.619,99.997,1.7999999523162842,0.86,0.479,0.5013,24.556,0.3058,0.0
101.0,run_20260917_164427,,driving,driving,48.59,23.641,99.997,1.7999999523162842,0.597,0.333,0.3954,24.952,0.3103,0.0
102.0,run_20260917_164427,,driving,driving,48.575,23.644,99.997,1.7999999523162842,0.122,0.068,0.2096,25.161,0.3135,0.0
103.0,run_20260917_164427,,driving,driving,48.567,23.642,99.997,1.7999999523162842,0.0,0.0,0.0319,25.193,0.3153,0.0
104.0,run_20260917_164427,,unloading,unloading,48.559,23.641,99.997,1.7999999523162842,0.0,0.0,0.0,25.193,0.317,0.0
105.0,run_20260917_164427,,unloading,unloading,48.551,23.639,99.997,1.7999999523162842,0.0,0.0,0.0,25.193,0.3187,0.0
106.0,run_20260917_164427,,unloading,unloading,48.544,23.637,99.997,1.7999999523162842,0.0,0.0,0.0,25.193,0.3203,0.0
107.0,run_20260917_164427,,unloading,unloading,48.536,23.635,99.997,1.7999999523162842,0.0,0.0,0.0,25.193,0.322,0.0
108.0,run_20260917_164427,,unloading,unloading,48.529,23.633,99.997,1.7999999523162842,0.0,0.0,0.0,25.193,0.3237,0.0
109.0,run_20260917_164427,,unloading,unloading,48.521,23.632,99.997,1.7999999523162842,0.0,0.0,0.0,25.193,0.3253,0.0
110.0,run_20260917_164427,,unloading,unloading,48.514,23.63,99.997,1.7999999523162842,0.0,0.0,0.0,25.193,0.327,0.0
111.0,run_20260917_164427,,unloading,unloading,48.506,23.628,99.997,1.7999999523162842,0.0,0.0,0.0,25.193,0.3287,0.0
112.0,run_20260917_164427,,unloading,unloading,48.498,23.626,99.997,1.7999999523162842,0.0,0.0,0.0,25.193,0.3303,0.0
113.0,run_20260917_164427,,unloading,unloading,48.491,23.624,99.997,1.7999999523162842,0.0,0.0,0.0,25.193,0.332,0.0
114.0,run_20260917_164427,,unloading,unloading,48.483,23.623,99.997,1.7999999523162842,0.0,0.0,0.0,25.193,0.3337,0.0
115.0,run_20260917_164427,,unloading,unloading,48.476,23.621,99.997,1.7999999523162842,0.0,0.0,0.0,25.193,0.3353,0.0
116.0,run_20260917_164427,,unloading,unloading,48.468,23.619,99.997,1.7999999523162842,0.0,0.0,0.0,25.193,0.337,0.0
117.0,run_20260917_164427,,unloading,unloading,48.461,23.617,99.997,1.7999999523162842,0.0,0.0,0.0,25.193,0.3387,0.0
118.0,run_20260917_164427,,unloading,unloading,48.453,23.616,99.997,1.7999999523162842,0.0,0.0,0.0,25.193,0.3403,0.0
119.0,run_20260917_164427,,unloading,unloading,48.445,23.614,99.997,1.7999999523162842,0.0,0.0,0.0,25.193,0.342,0.0
120.0,run_20260917_164427,,unloading,unloading,48.438,23.612,99.997,1.7999999523162842,0.0,0.0,0.0,25.193,0.3437,0.0
121.0,run_20260917_164427,,unloading,unloading,48.43,23.61,99.997,1.7999999523162842,0.0,0.0,0.0,25.193,0.3453,0.0
122.0,run_20260917_164427,,unloading,unloading,48.423,23.608,99.997,1.7999999523162842,0.0,0.0,0.0,25.193,0.347,0.0
123.0,run_20260917_164427,,unloading,unloading,48.415,23.607,99.997,1.7999999523162842,0.0,0.0,0.0,25.193,0.3487,0.0
124.0,run_20260917_164427,,unloading,unloading,48.408,23.605,99.996,1.7999999523162842,0.0,0.0,0.0,25.193,0.3503,0.0
125.0,run_20260917_164427,,unloading,unloading,48.4,23.603,99.996,1.7999999523162842,0.0,0.0,0.0,25.193,0.352,0.0
126.0,run_20260917_164427,,unloading,unloading,48.392,23.601,99.996,1.7999999523162842,0.0,0.0,0.0,25.193,0.3537,0.0
127.0,run_20260917_164427,,unloading,unloading,48.385,23.6,99.996,1.7999999523162842,0.0,0.0,0.0,25.193,0.3553,0.0
128.0,run_20260917_164427,,unloading,unloading,48.377,23.598,99.996,1.7999999523162842,0.0,0.0,0.0,25.193,0.357,0.0
129.0,run_20260917_164427,,unloading,unloading,48.37,23.596,99.996,1.7999999523162842,0.0,0.0,0.0,25.193,0.3587,0.0
130.0,run_20260917_164427,,unloading,unloading,48.362,23.594,99.996,1.7999999523162842,0.0,0.0,0.0,25.193,0.3603,0.0
131.0,run_20260917_164427,,unloading,unloading,48.354,23.593,99.996,1.7999999523162842,0.0,0.0,0.0,25.193,0.362,0.0
132.0,run_20260917_164427,,unloading,unloading,48.347,23.591,99.996,1.7999999523162842,0.0,0.0,0.0,25.193,0.3637,0.0
133.0,run_20260917_164427,,unloading,unloading,48.339,23.589,99.996,1.7999999523162842,0.0,0.0,0.0,25.193,0.3653,0.0
134.0,run_20260917_164427,,waiting,waiting,48.332,23.587,99.996,0.0,0.0,0.0,0.0,25.193,0.367,0.0
135.0,run_20260917_164427,,driving,driving,48.324,23.59,99.996,0.0,0.113,0.063,0.0063,25.199,0.3687,0.0
136.0,run_20260917_164427,,driving,driving,48.314,23.601,99.996,0.0,0.36,0.2,0.1042,25.304,0.3709,0.0
137.0,run_20260917_164427,,driving,driving,48.297,23.633,99.996,0.0,0.897,0.5,0.4184,25.722,0.3747,0.0
138.0,run_20260917_164427,,driving,driving,48.278,23.664,99.996,0.0,0.89,0.496,0.5023,26.224,0.3788,0.0
139.0,run_20260917_164427,,driving,driving,48.259,23.695,99.996,0.0,0.886,0.494,0.5015,26.726,0.383,0.0
140.0,run_20260917_164427,,driving,driving,48.241,23.726,99.996,0.0,0.897,0.5,0.4716,27.197,0.387,0.0
141.0,run_20260917_164427,,driving,driving,48.222,23.757,99.996,0.0,0.879,0.49,0.4985,27.696,0.3912,0.0
142.0,run_20260917_164427,,driving,driving,48.203,23.788,99.996,0.0,0.894,0.498,0.497,28.193,0.3953,0.0
143.0,run_20260917_164427,,driving,driving,48.184,23.819,99.996,0.0,0.88,0.49,0.5008,28.694,0.3995,0.0
144.0,run_20260917_164427,,driving,driving,48.165,23.85,99.996,0.0,0.897,0.5,0.4833,29.177,0.4036,0.0
145.0,run_20260917_164427,,driving,driving,48.146,23.881,99.996,0.0,0.896,0.499,0.5028,29.68,0.4078,0.0
146.0,run_20260917_164427,,driving,driving,48.127,23.911,99.996,0.0,0.873,0.487,0.5011,30.181,0.412,0.0
147.0,run_20260917_164427,,driving,driving,48.109,23.94,99.996,0.0,0.829,0.462,0.4819,30.663,0.416,0.0
148.0,run_20260917_164427,,driving,driving,48.09,23.97,99.996,0.0,0.887,0.494,0.4916,31.154,0.4202,0.0
149.0,run_20260917_164427,,driving,driving,48.072,24.001,99.996,0.0,0.896,0.499,0.4787,31.633,0.4242,0.0
150.0,run_20260917_164427,,driving,driving,48.053,24.032,99.996,0.0,0.897,0.5,0.5039,32.137,0.4284,0.0
151.0,run_20260917_164427,,driving,driving,48.034,24.063,99.996,0.0,0.895,0.499,0.4983,32.635,0.4326,0.0
152.0,run_20260917_164427,,driving,driving,48.015,24.094,99.996,0.0,0.889,0.495,0.4981,33.133,0.4367,0.0
153.0,run_20260917_164427,,driving,driving,47.996,24.125,99.996,0.0,0.894,0.498,0.4802,33.614,0.4408,0.0
154.0,run_20260917_164427,,driving,driving,47.977,24.156,99.996,0.0,0.896,0.499,0.5029,34.117,0.445,0.0
155.0,run_20260917_164427,,driving,driving,47.959,24.182,99.996,0.0,0.783,0.436,0.4816,34.598,0.449,0.0
156.0,run_20260917_164427,,driving,driving,47.944,24.18,99.995,0.0,0.0,0.0,0.3118,34.91,0.4523,0.0
157.0,run_20260917_164427,,loading,loading,47.937,24.177,99.995,0.0,0.0,0.0,0.0,34.91,0.4539,0.0
158.0,run_20260917_164427,,loading,loading,47.929,24.175,99.995,0.0,0.0,0.0,0.0,34.91,0.4556,0.0
159.0,run_20260917_164427,,loading,loading,47.922,24.173,99.995,0.0,0.0,0.0,0.0,34.91,0.4573,0.0
160.0,run_20260917_164427,,loading,loading,47.914,24.17,99.995,0.0,0.0,0.0,0.0,34.91,0.4589,0.0
161.0,run_20260917_164427,,loading,loading,47.906,24.168,99.995,0.0,0.0,0.0,0.0,34.91,0.4606,0.0
162.0,run_20260917_164427,,loading,loading,47.899,24.165,99.995,0.0,0.0,0.0,0.0,34.91,0.4623,0.0
163.0,run_20260917_164427,,loading,loading,47.891,24.163,99.995,0.0,0.0,0.0,0.0,34.91,0.4639,0.0
164.0,run_20260917_164427,,loading,loading,47.884,24.161,99.995,0.0,0.0,0.0,0.0,34.91,0.4656,0.0
165.0,run_20260917_164427,,loading,loading,47.876,24.158,99.995,0.0,0.0,0.0,0.0,34.91,0.4673,0.0
166.0,run_20260917_164427,,loading,loading,47.868,24.156,99.995,0.0,0.0,0.0,0.0,34.91,0.4689,0.0
167.0,run_20260917_164427,,loading,loading,47.861,24.153,99.995,0.0,0.0,0.0,0.0,34.91,0.4706,0.0
168.0,run_20260917_164427,,loading,loading,47.853,24.151,99.995,0.0,0.0,0.0,0.0,34.91,0.4723,0.0
169.0,run_20260917_164427,,loading,loading,47.846,24.149,99.995,0.0,0.0,0.0,0.0,34.91,0.4739,0.0
170.0,run_20260917_164427,,loading,loading,47.838,24.146,99.995,0.0,0.0,0.0,0.0,34.91,0.4756,0.0
171.0,run_20260917_164427,,loading,loading,47.831,24.144,99.995,0.0,0.0,0.0,0.0,34.91,0.4773,0.0
172.0,run_20260917_164427,,loading,loading,47.823,24.142,99.995,0.0,0.0,0.0,0.0,34.91,0.4789,0.0
173.0,run_20260917_164427,,loading,loading,47.815,24.139,99.995,0.0,0.0,0.0,0.0,34.91,0.4806,0.0
174.0,run_20260917_164427,,loading,loading,47.808,24.137,99.995,0.0,0.0,0.0,0.0,34.91,0.4823,0.0
175.0,run_20260917_164427,,loading,loading,47.8,24.135,99.995,0.0,0.0,0.0,0.0,34.91,0.4839,0.0
176.0,run_20260917_164427,,loading,loading,47.793,24.132,99.995,0.0,0.0,0.0,0.0,34.91,0.4856,0.0
177.0,run_20260917_164427,,loading,loading,47.785,24.13,99.995,0.0,0.0,0.0,0.0,34.91,0.4873,0.0
178.0,run_20260917_164427,,loading,loading,47.778,24.128,99.995,0.0,0.0,0.0,0.0,34.91,0.4889,0.0
179.0,run_20260917_164427,,loading,loading,47.77,24.125,99.995,0.0,0.0,0.0,0.0,34.91,0.4906,0.0
180.0,run_20260917_164427,,loading,loading,47.762,24.123,99.995,0.0,0.0,0.0,0.0,34.91,0.4923,0.0
181.0,run_20260917_164427,,loading,loading,47.755,24.121,99.995,0.0,0.0,0.0,0.0,34.91,0.4939,0.0
182.0,run_20260917_164427,,loading,loading,47.747,24.118,99.995,0.0,0.0,0.0,0.0,34.91,0.4956,0.0
183.0,run_20260917_164427,,loading,loading,47.74,24.116,99.995,0.0,0.0,0.0,0.0,34.91,0.4973,0.0
184.0,run_20260917_164427,,loading,loading,47.732,24.114,99.995,0.0,0.0,0.0,0.0,34.91,0.4989,0.0
185.0,run_20260917_164427,,loading,loading,47.725,24.111,99.995,0.0,0.0,0.0,0.0,34.91,0.5006,0.0
186.0,run_20260917_164427,,loading,loading,47.717,24.109,99.995,0.0,0.0,0.0,0.0,34.91,0.5023,0.0
187.0,run_20260917_164427,,waiting,waiting,47.709,24.107,99.995,1.600000023841858,0.0,0.0,0.0,34.91,0.5039,0.0
188.0,run_20260917_164427,,driving,driving,47.701,24.113,99.995,1.600000023841858,0.231,0.129,0.023,34.933,0.5058,0.0
189.0,run_20260917_164427,,driving,driving,47.688,24.121,99.995,1.600000023841858,0.24,0.133,0.1721,35.105,0.5086,0.0
190.0,run_20260917_164427,,driving,driving,47.679,24.119,99.995,1.600000023841858,0.009,0.005,0.0511,35.156,0.5106,0.0
191.0,run_20260917_164427,,driving,driving,47.667,24.145,99.995,1.600000023841858,0.724,0.403,0.1543,35.31,0.5133,0.0
192.0,run_20260917_164427,,driving,driving,47.644,24.178,99.995,1.600000023841858,0.878,0.489,0.4758,35.786,0.5183,0.0
193.0,run_20260917_164427,,driving,driving,47.621,24.211,99.995,1.600000023841858,0.888,0.495,0.4981,36.284,0.5234,0.0
194.0,run_20260917_164427,,driving,driving,47.598,24.244,99.995,1.600000023841858,0.894,0.498,0.4831,36.768,0.5283,0.0
195.0,run_20260917_164427,,driving,driving,47.575,24.278,99.995,1.600000023841858,0.89,0.496,0.4993,37.267,0.5334,0.0
196.0,run_20260917_164427,,driving,driving,47.552,24.31,99.995,1.600000023841858,0.883,0.492,0.5021,37.769,0.5385,0.0
197.0,run_20260917_164427,,driving,driving,47.529,24.34,99.995,1.600000023841858,0.807,0.45,0.4926,38.262,0.5436,0.0
198.0,run_20260917_164427,,driving,driving,47.507,24.373,99.995,1.600000023841858,0.889,0.495,0.4568,38.718,0.5484,0.0
199.0,run_20260917_164427,,driving,driving,47.484,24.406,99.994,1.600000023841858,0.882,0.491,0.5005,39.219,0.5535,0.0
200.0,run_20260917_164427,,driving,driving,47.461,24.439,99.994,1.600000023841858,0.896,0.499,0.4913,39.71,0.5585,0.0
201.0,run_20260917_164427,,driving,driving,47.438,24.472,99.994,1.600000023841858,0.897,0.5,0.5039,40.214,0.5636,0.0
202.0,run_20260917_164427,,driving,driving,47.415,24.505,99.994,1.600000023841858,0.897,0.5,0.5036,40.718,0.5688,0.0
203.0,run_20260917_164427,,driving,driving,47.392,24.538,99.994,1.600000023841858,0.894,0.498,0.4858,41.203,0.5737,0.0
204.0,run_20260917_164427,,driving,driving,47.369,24.571,99.994,1.600000023841858,0.895,0.499,0.496,41.699,0.5788,0.0
205.0,run_20260917_164427,,driving,driving,47.346,24.604,99.994,1.600000023841858,0.897,0.5,0.5006,42.2,0.5839,0.0
206.0,run_20260917_164427,,driving,driving,47.323,24.635,99.994,1.600000023841858,0.855,0.476,0.4969,42.697,0.589,0.0
207.0,run_20260917_164427,,driving,driving,47.301,24.667,99.994,1.600000023841858,0.871,0.485,0.4676,43.164,0.5939,0.0
208.0,run_20260917_164427,,driving,driving,47.278,24.7,99.994,1.600000023841858,0.893,0.498,0.497,43.662,0.5989,0.0
209.0,run_20260917_164427,,driving,driving,47.255,24.729,99.994,1.600000023841858,0.797,0.444,0.4902,44.152,0.604,0.0
210.0,run_20260917_164427,,driving,driving,47.236,24.746,99.994,1.600000023841858,0.497,0.277,0.3609,44.513,0.6081,0.0
211.0,run_20260917_164427,,driving,driving,47.225,24.745,99.994,1.600000023841858,0.05,0.028,0.1004,44.613,0.6105,0.0
212.0,run_20260917_164427,,driving,driving,47.216,24.742,99.994,1.600000023841858,0.0,0.0,0.0489,44.662,0.6125,0.0
213.0,run_20260917_164427,,unloading,unloading,47.209,24.739,99.994,1.600000023841858,0.0,0.0,0.0,44.662,0.6141,0.0
214.0,run_20260917_164427,,unloading,unloading,47.201,24.736,99.994,1.600000023841858,0.0,0.0,0.0,44.662,0.6158,0.0
215.0,run_20260917_164427,,unloading,unloading,47.193,24.733,99.994,1.600000023841858,0.0,0.0,0.0,44.662,0.6175,0.0
216.0,run_20260917_164427,,unloading,unloading,47.186,24.73,99.994,1.600000023841858,0.0,0.0,0.0,44.662,0.6191,0.0
217.0,run_20260917_164427,,unloading,unloading,47.178,24.727,99.994,1.600000023841858,0.0,0.0,0.0,44.662,0.6208,0.0
218.0,run_20260917_164427,,unloading,unloading,47.171,24.724,99.994,1.600000023841858,0.0,0.0,0.0,44.662,0.6225,0.0
219.0,run_20260917_164427,,unloading,unloading,47.163,24.721,99.994,1.600000023841858,0.0,0.0,0.0,44.662,0.6241,0.0
220.0,run_20260917_164427,,unloading,unloading,47.155,24.718,99.994,1.600000023841858,0.0,0.0,0.0,44.662,0.6258,0.0
221.0,run_20260917_164427,,unloading,unloading,47.148,24.715,99.994,1.600000023841858,0.0,0.0,0.0,44.662,0.6275,0.0
222.0,run_20260917_164427,,unloading,unloading,47.14,24.712,99.994,1.600000023841858,0.0,0.0,0.0,44.662,0.6291,0.0
223.0,run_20260917_164427,,unloading,unloading,47.133,24.709,99.994,1.600000023841858,0.0,0.0,0.0,44.662,0.6308,0.0
224.0,run_20260917_164427,,unloading,unloading,47.125,24.706,99.994,1.600000023841858,0.0,0.0,0.0,44.662,0.6325,0.0
225.0,run_20260917_164427,,unloading,unloading,47.118,24.703,99.994,1.600000023841858,0.0,0.0,0.0,44.662,0.6341,0.0
226.0,run_20260917_164427,,unloading,unloading,47.11,24.7,99.994,1.600000023841858,0.0,0.0,0.0,44.662,0.6358,0.0
227.0,run_20260917_164427,,unloading,unloading,47.102,24.697,99.994,1.600000023841858,0.0,0.0,0.0,44.662,0.6375,0.0
228.0,run_20260917_164427,,unloading,unloading,47.095,24.694,99.994,1.600000023841858,0.0,0.0,0.0,44.662,0.6391,0.0
229.0,run_20260917_164427,,unloading,unloading,47.087,24.691,99.994,1.600000023841858,0.0,0.0,0.0,44.662,0.6408,0.0
230.0,run_20260917_164427,,unloading,unloading,47.08,24.688,99.994,1.600000023841858,0.0,0.0,0.0,44.662,0.6425,0.0
231.0,run_20260917_164427,,unloading,unloading,47.072,24.685,99.994,1.600000023841858,0.0,0.0,0.0,44.662,0.6441,0.0
232.0,run_20260917_164427,,unloading,unloading,47.065,24.682,99.994,1.600000023841858,0.0,0.0,0.0,44.662,0.6458,0.0
233.0,run_20260917_164427,,unloading,unloading,47.057,24.679,99.994,1.600000023841858,0.0,0.0,0.0,44.662,0.6475,0.0
234.0,run_20260917_164427,,unloading,unloading,47.049,24.676,99.994,1.600000023841858,0.0,0.0,0.0,44.662,0.6491,0.0
235.0,run_20260917_164427,,unloading,unloading,47.042,24.673,99.993,1.600000023841858,0.0,0.0,0.0,44.662,0.6508,0.0
236.0,run_20260917_164427,,unloading,unloading,47.034,24.67,99.993,1.600000023841858,0.0,0.0,0.0,44.662,0.6525,0.0
237.0,run_20260917_164427,,unloading,unloading,47.027,24.667,99.993,1.600000023841858,0.0,0.0,0.0,44.662,0.6541,0.0
238.0,run_20260917_164427,,unloading,unloading,47.019,24.664,99.993,1.600000023841858,0.0,0.0,0.0,44.662,0.6558,0.0
239.0,run_20260917_164427,,unloading,unloading,47.012,24.661,99.993,1.600000023841858,0.0,0.0,0.0,44.662,0.6575,0.0
240.0,run_20260917_164427,,unloading,unloading,47.004,24.658,99.993,1.600000023841858,0.0,0.0,0.0,44.662,0.6591,0.0
241.0,run_20260917_164427,,unloading,unloading,46.996,24.656,99.993,1.600000023841858,0.0,0.0,0.0,44.662,0.6608,0.0
242.0,run_20260917_164427,,unloading,unloading,46.989,24.653,99.993,1.600000023841858,0.0,0.0,0.0,44.662,0.6625,0.0
243.0,run_20260917_164427,,waiting,waiting,46.981,24.65,99.993,0.0,0.0,0.0,0.0,44.662,0.6641,0.0
244.0,run_20260917_164427,,driving,driving,46.973,24.653,99.993,0.0,0.161,0.09,0.0398,44.702,0.666,0.0
245.0,run_20260917_164427,,driving,driving,46.96,24.676,99.993,0.0,0.719,0.401,0.2146,44.916,0.6687,0.0
246.0,run_20260917_164427,,driving,driving,46.942,24.707,99.993,0.0,0.895,0.499,0.4736,45.39,0.6728,0.0
247.0,run_20260917_164427,,driving,driving,46.923,24.737,99.993,0.0,0.894,0.498,0.5002,45.89,0.6769,0.0
248.0,run_20260917_164427,,driving,driving,46.905,24.767,99.993,0.0,0.892,0.497,0.473,46.363,0.681,0.0
249.0,run_20260917_164427,,driving,driving,46.886,24.797,99.993,0.0,0.897,0.5,0.5033,46.866,0.6852,0.0
250.0,run_20260917_164427,,driving,driving,46.867,24.827,99.993,0.0,0.897,0.5,0.5031,47.37,0.6893,0.0
251.0,run_20260917_164427,,driving,driving,46.848,24.857,99.993,0.0,0.897,0.5,0.501,47.871,0.6935,0.0
252.004,run_20260917_164427,,driving,driving,46.829,24.887,99.993,0.0,0.897,0.5,0.5036,48.374,0.6977,0.0
253.0,run_20260917_164427,,driving,driving,46.81,24.917,99.993,0.0,0.897,0.5,0.4857,48.86,0.7018,0.0
254.0,run_20260917_164427,,driving,driving,46.791,24.947,99.993,0.0,0.892,0.497,0.5022,49.362,0.706,0.0
255.0,run_20260917_164427,,driving,driving,46.772,24.977,99.993,0.0,0.891,0.496,0.5028,49.865,0.7101,0.0
256.0,run_20260917_164427,,driving,driving,46.753,25.007,99.993,0.0,0.895,0.499,0.4986,50.363,0.7143,0.0
257.0,run_20260917_164427,,driving,driving,46.735,25.036,99.993,0.0,0.897,0.5,0.4833,50.847,0.7184,0.0
258.0,run_20260917_164427,,driving,driving,46.716,25.066,99.993,0.0,0.897,0.5,0.5019,51.349,0.7226,0.0
259.0,run_20260917_164427,,driving,driving,46.697,25.095,99.993,0.0,0.878,0.489,0.5012,51.85,0.7267,0.0
260.0,run_20260917_164427,,driving,driving,46.678,25.125,99.993,0.0,0.894,0.498,0.4956,52.345,0.7309,0.0
261.0,run_20260917_164427,,driving,driving,46.659,25.155,99.993,0.0,0.892,0.497,0.4798,52.825,0.7349,0.0
262.0,run_20260917_164427,,driving,driving,46.64,25.184,99.993,0.0,0.877,0.489,0.4988,53.324,0.7391,0.0
263.0,run_20260917_164427,,driving,driving,46.622,25.213,99.993,0.0,0.894,0.498,0.4981,53.822,0.7433,0.0
264.004,run_20260917_164427,,driving,driving,46.603,25.241,99.993,0.0,0.854,0.476,0.4748,54.297,0.7473,0.0
265.0,run_20260917_164427,,driving,driving,46.586,25.258,99.992,0.0,0.559,0.311,0.4076,54.705,0.751,0.0
266.0,run_20260917_164427,,loading,loading,46.576,25.255,99.992,0.0,0.0,0.0,0.0979,54.802,0.7532,0.0
267.0,run_20260917_164427,,loading,loading,46.569,25.251,99.992,0.0,0.0,0.0,0.0,54.802,0.7548,0.0
268.0,run_20260917_164427,,loading,loading,46.561,25.248,99.992,0.0,0.0,0.0,0.0,54.802,0.7565,0.0
269.0,run_20260917_164427,,loading,loading,46.554,25.244,99.992,0.0,0.0,0.0,0.0,54.802,0.7582,0.0
270.0,run_20260917_164427,,loading,loading,46.546,25.241,99.992,0.0,0.0,0.0,0.0,54.802,0.7598,0.0
271.0,run_20260917_164427,,loading,loading,46.539,25.237,99.992,0.0,0.0,0.0,0.0,54.802,0.7615,0.0
272.0,run_20260917_164427,,loading,loading,46.531,25.233,99.992,0.0,0.0,0.0,0.0,54.802,0.7632,0.0
273.0,run_20260917_164427,,loading,loading,46.523,25.23,99.992,0.0,0.0,0.0,0.0,54.802,0.7648,0.0
274.0,run_20260917_164427,,loading,loading,46.516,25.226,99.992,0.0,0.0,0.0,0.0,54.802,0.7665,0.0
275.0,run_20260917_164427,,loading,loading,46.508,25.223,99.992,0.0,0.0,0.0,0.0,54.802,0.7682,0.0
276.0,run_20260917_164427,,loading,loading,46.501,25.219,99.992,0.0,0.0,0.0,0.0,54.802,0.7698,0.0
277.0,run_20260917_164427,,loading,loading,46.493,25.216,99.992,0.0,0.0,0.0,0.0,54.802,0.7715,0.0
278.0,run_20260917_164427,,loading,loading,46.486,25.212,99.992,0.0,0.0,0.0,0.0,54.802,0.7732,0.0
279.0,run_20260917_164427,,loading,loading,46.478,25.209,99.992,0.0,0.0,0.0,0.0,54.802,0.7748,0.0
280.0,run_20260917_164427,,loading,loading,46.47,25.205,99.992,0.0,0.0,0.0,0.0,54.802,0.7765,0.0
281.0,run_20260917_164427,,loading,loading,46.463,25.202,99.992,0.0,0.0,0.0,0.0,54.802,0.7782,0.0
282.0,run_20260917_164427,,loading,loading,46.455,25.198,99.992,0.0,0.0,0.0,0.0,54.802,0.7798,0.0
283.0,run_20260917_164427,,loading,loading,46.448,25.194,99.992,0.0,0.0,0.0,0.0,54.802,0.7815,0.0
284.0,run_20260917_164427,,loading,loading,46.44,25.191,99.992,0.0,0.0,0.0,0.0,54.802,0.7832,0.0
285.0,run_20260917_164427,,loading,loading,46.433,25.187,99.992,0.0,0.0,0.0,0.0,54.802,0.7848,0.0
286.0,run_20260917_164427,,loading,loading,46.425,25.184,99.992,0.0,0.0,0.0,0.0,54.802,0.7865,0.0
287.0,run_20260917_164427,,loading,loading,46.417,25.18,99.992,0.0,0.0,0.0,0.0,54.802,0.7882,0.0
288.0,run_20260917_164427,,loading,loading,46.41,25.177,99.992,0.0,0.0,0.0,0.0,54.802,0.7898,0.0
289.0,run_20260917_164427,,loading,loading,46.402,25.173,99.992,0.0,0.0,0.0,0.0,54.802,0.7915,0.0
290.0,run_20260917_164427,,loading,loading,46.395,25.17,99.992,0.0,0.0,0.0,0.0,54.802,0.7932,0.0
291.0,run_20260917_164427,,loading,loading,46.387,25.166,99.992,0.0,0.0,0.0,0.0,54.802,0.7948,0.0
292.0,run_20260917_164427,,loading,loading,46.38,25.163,99.992,0.0,0.0,0.0,0.0,54.802,0.7965,0.0
293.0,run_20260917_164427,,loading,loading,46.372,25.16,99.992,0.0,0.0,0.0,0.0,54.802,0.7982,0.0
294.0,run_20260917_164427,,loading,loading,46.364,25.156,99.992,0.0,0.0,0.0,0.0,54.802,0.7998,0.0
295.0,run_20260917_164427,,loading,loading,46.357,25.153,99.992,0.0,0.0,0.0,0.0,54.802,0.8015,0.0
296.0,run_20260917_164427,,waiting,waiting,46.349,25.149,99.992,2.4000000953674316,0.0,0.0,0.0,54.802,0.8032,0.0
297.0,run_20260917_164427,,waiting,waiting,46.342,25.146,99.992,2.4000000953674316,0.0,0.0,0.0,54.802,0.8048,0.0
298.0,run_20260917_164427,,driving,driving,46.33,25.157,99.992,2.4000000953674316,0.366,0.204,0.1174,54.92,0.8074,0.0
299.0,run_20260917_164427,,driving,driving,46.319,25.155,99.992,2.4000000953674316,0.03,0.017,0.1077,55.028,0.8099,0.0
300.0,run_20260917_164427,,driving,driving,46.31,25.16,99.992,2.4000000953674316,0.212,0.118,0.0325,55.06,0.8118,0.0
301.0,run_20260917_164427,,driving,driving,46.288,25.194,99.992,2.4000000953674316,0.892,0.497,0.3989,55.459,0.8166,0.0
302.0,run_20260917_164427,,driving,driving,46.263,25.228,99.992,2.4000000953674316,0.896,0.499,0.4844,55.943,0.8221,0.0
303.0,run_20260917_164427,,driving,driving,46.238,25.261,99.992,2.4000000953674316,0.897,0.5,0.5039,56.447,0.8277,0.0
304.0,run_20260917_164427,,driving,driving,46.213,25.294,99.992,2.4000000953674316,0.876,0.488,0.4981,56.945,0.8332,0.0
305.0,run_20260917_164427,,driving,driving,46.187,25.327,99.992,2.4000000953674316,0.885,0.493,0.5013,57.447,0.8388,0.0
306.0,run_20260917_164427,,driving,driving,46.164,25.357,99.992,2.4000000953674316,0.807,0.449,0.4549,57.902,0.844,0.0
307.0,run_20260917_164427,,driving,driving,46.14,25.389,99.992,2.4000000953674316,0.859,0.478,0.4623,58.364,0.8493,0.0
308.0,run_20260917_164427,,driving,driving,46.115,25.421,99.991,2.4000000953674316,0.877,0.489,0.4864,58.85,0.8547,0.0
309.0,run_20260917_164427,,driving,driving,46.09,25.455,99.991,2.4000000953674316,0.894,0.498,0.4904,59.341,0.8602,0.0
310.0,run_20260917_164427,,driving,driving,46.065,25.488,99.991,2.4000000953674316,0.897,0.5,0.494,59.835,0.8657,0.0
311.0,run_20260917_164427,,driving,driving,46.041,25.518,99.991,2.4000000953674316,0.815,0.454,0.4525,60.287,0.8709,0.0
312.0,run_20260917_164427,,driving,driving,46.016,25.551,99.991,2.4000000953674316,0.894,0.498,0.4864,60.773,0.8764,0.0
313.0,run_20260917_164427,,driving,driving,45.992,25.581,99.991,2.4000000953674316,0.826,0.46,0.4891,61.263,0.8819,0.0
314.0,run_20260917_164427,,driving,driving,45.967,25.614,99.991,2.4000000953674316,0.894,0.498,0.4847,61.747,0.8873,0.0
315.0,run_20260917_164427,,driving,driving,45.942,25.646,99.991,2.4000000953674316,0.869,0.484,0.4755,62.223,0.8927,0.0
316.0,run_20260917_164427,,driving,driving,45.918,25.679,99.991,2.4000000953674316,0.879,0.49,0.4818,62.704,0.8981,0.0
317.0,run_20260917_164427,,driving,driving,45.893,25.711,99.991,2.4000000953674316,0.885,0.493,0.4837,63.188,0.9036,0.0
318.0,run_20260917_164427,,driving,driving,45.868,25.744,99.991,2.4000000953674316,0.888,0.495,0.4887,63.677,0.909,0.0
319.0,run_20260917_164427,,driving,driving,45.843,25.777,99.991,2.4000000953674316,0.897,0.5,0.5036,64.18,0.9146,0.0
320.0,run_20260917_164427,,driving,driving,45.819,25.801,99.991,2.4000000953674316,0.681,0.379,0.4496,64.63,0.9198,0.0
321.0,run_20260917_164427,,driving,driving,45.801,25.811,99.991,2.4000000953674316,0.343,0.191,0.2896,64.92,0.9237,0.0
322.0,run_20260917_164427,,driving,driving,45.791,25.809,99.991,2.4000000953674316,0.04,0.022,0.0603,64.98,0.9259,0.0
323.0,run_20260917_164427,,unloading,unloading,45.783,25.805,99.991,2.4000000953674316,0.0,0.0,0.029,65.009,0.9278,0.0
324.0,run_20260917_164427,,unloading,unloading,45.775,25.8,99.991,2.4000000953674316,0.0,0.0,0.0,65.009,0.9294,0.0
325.0,run_20260917_164427,,unloading,unloading,45.768,25.796,99.991,2.4000000953674316,0.0,0.0,0.0,65.009,0.9311,0.0
326.0,run_20260917_164427,,unloading,unloading,45.76,25.792,99.991,2.4000000953674316,0.0,0.0,0.0,65.009,0.9328,0.0
327.0,run_20260917_164427,,unloading,unloading,45.753,25.788,99.991,2.4000000953674316,0.0,0.0,0.0,65.009,0.9344,0.0
328.0,run_20260917_164427,,unloading,unloading,45.745,25.784,99.991,2.4000000953674316,0.0,0.0,0.0,65.009,0.9361,0.0
329.0,run_20260917_164427,,unloading,unloading,45.737,25.78,99.991,2.4000000953674316,0.0,0.0,0.0,65.009,0.9378,0.0
330.0,run_20260917_164427,,unloading,unloading,45.73,25.775,99.991,2.4000000953674316,0.0,0.0,0.0,65.009,0.9394,0.0
331.0,run_20260917_164427,,unloading,unloading,45.722,25.771,99.991,2.4000000953674316,0.0,0.0,0.0,65.009,0.9411,0.0
332.0,run_20260917_164427,,unloading,unloading,45.715,25.767,99.991,2.4000000953674316,0.0,0.0,0.0,65.009,0.9428,0.0
333.0,run_20260917_164427,,unloading,unloading,45.707,25.763,99.991,2.4000000953674316,0.0,0.0,0.0,65.009,0.9444,0.0
334.0,run_20260917_164427,,unloading,unloading,45.7,25.759,99.991,2.4000000953674316,0.0,0.0,0.0,65.009,0.9461,0.0
335.0,run_20260917_164427,,unloading,unloading,45.692,25.755,99.991,2.4000000953674316,0.0,0.0,0.0,65.009,0.9478,0.0
336.0,run_20260917_164427,,unloading,unloading,45.684,25.751,99.991,2.4000000953674316,0.0,0.0,0.0,65.009,0.9494,0.0
337.0,run_20260917_164427,,unloading,unloading,45.677,25.747,99.99,2.4000000953674316,0.0,0.0,0.0,65.009,0.9511,0.0
338.0,run_20260917_164427,,unloading,unloading,45.669,25.742,99.99,2.4000000953674316,0.0,0.0,0.0,65.009,0.9528,0.0
339.0,run_20260917_164427,,unloading,unloading,45.662,25.738,99.99,2.4000000953674316,0.0,0.0,0.0,65.009,0.9544,0.0
340.0,run_20260917_164427,,unloading,unloading,45.654,25.734,99.99,2.4000000953674316,0.0,0.0,0.0,65.009,0.9561,0.0
341.0,run_20260917_164427,,unloading,unloading,45.646,25.73,99.99,2.4000000953674316,0.0,0.0,0.0,65.009,0.9578,0.0
342.0,run_20260917_164427,,unloading,unloading,45.639,25.726,99.99,2.4000000953674316,0.0,0.0,0.0,65.009,0.9594,0.0
343.0,run_20260917_164427,,unloading,unloading,45.631,25.722,99.99,2.4000000953674316,0.0,0.0,0.0,65.009,0.9611,0.0
344.0,run_20260917_164427,,unloading,unloading,45.624,25.718,99.99,2.4000000953674316,0.0,0.0,0.0,65.009,0.9628,0.0
345.0,run_20260917_164427,,unloading,unloading,45.616,25.714,99.99,2.4000000953674316,0.0,0.0,0.0,65.009,0.9644,0.0
346.0,run_20260917_164427,,unloading,unloading,45.609,25.71,99.99,2.4000000953674316,0.0,0.0,0.0,65.009,0.9661,0.0
347.0,run_20260917_164427,,unloading,unloading,45.601,25.705,99.99,2.4000000953674316,0.0,0.0,0.0,65.009,0.9678,0.0
348.0,run_20260917_164427,,unloading,unloading,45.593,25.701,99.99,2.4000000953674316,0.0,0.0,0.0,65.009,0.9694,0.0
349.0,run_20260917_164427,,unloading,unloading,45.586,25.697,99.99,2.4000000953674316,0.0,0.0,0.0,65.009,0.9711,0.0
350.0,run_20260917_164427,,unloading,unloading,45.578,25.693,99.99,2.4000000953674316,0.0,0.0,0.0,65.009,0.9728,0.0
351.0,run_20260917_164427,,unloading,unloading,45.571,25.689,99.99,2.4000000953674316,0.0,0.0,0.0,65.009,0.9744,0.0
352.0,run_20260917_164427,,unloading,unloading,45.563,25.685,99.99,2.4000000953674316,0.0,0.0,0.0,65.009,0.9761,0.0
353.0,run_20260917_164427,,waiting,waiting,45.556,25.681,99.99,0.0,0.0,0.0,0.0,65.009,0.9778,0.0
354.0,run_20260917_164427,,waiting,waiting,45.548,25.677,99.99,0.0,0.0,0.0,0.0,65.009,0.9794,0.0
355.0,run_20260917_164427,,driving,driving,45.54,25.679,99.99,0.0,0.161,0.09,0.0259,65.035,0.9812,0.0
356.0,run_20260917_164427,,driving,driving,45.529,25.699,99.99,0.0,0.661,0.368,0.1404,65.175,0.9836,0.0
357.0,run_20260917_164427,,driving,driving,45.511,25.728,99.99,0.0,0.891,0.497,0.4795,65.655,0.9877,0.0
358.0,run_20260917_164427,,driving,driving,45.492,25.757,99.99,0.0,0.897,0.5,0.501,66.156,0.9919,0.0
359.0,run_20260917_164427,,driving,driving,45.473,25.786,99.99,0.0,0.897,0.5,0.5022,66.658,0.996,0.0
360.0,run_20260917_164427,,driving,driving,45.454,25.815,99.99,0.0,0.892,0.497,0.4806,67.138,1.0001,0.0
361.0,run_20260917_164427,,driving,driving,45.435,25.844,99.99,0.0,0.896,0.499,0.4975,67.636,1.0043,0.0
362.0,run_20260917_164427,,driving,driving,45.416,25.873,99.99,0.0,0.896,0.499,0.4981,68.134,1.0084,0.0
363.0,run_20260917_164427,,driving,driving,45.397,25.902,99.99,0.0,0.897,0.5,0.5022,68.636,1.0126,0.0
364.0,run_20260917_164427,,driving,driving,45.378,25.931,99.99,0.0,0.897,0.5,0.5035,69.139,1.0168,0.0
365.0,run_20260917_164427,,driving,driving,45.359,25.96,99.99,0.0,0.896,0.499,0.4842,69.624,1.0209,0.0
366.0,run_20260917_164427,,driving,driving,45.34,25.988,99.99,0.0,0.891,0.496,0.5021,70.126,1.0251,0.0
367.0,run_20260917_164427,,driving,driving,45.322,26.014,99.99,0.0,0.8,0.445,0.4766,70.602,1.0292,0.0
368.0,run_20260917_164427,,driving,driving,45.303,26.041,99.99,0.0,0.854,0.476,0.4837,71.086,1.0333,0.0
369.0,run_20260917_164427,,driving,driving,45.285,26.07,99.99,0.0,0.897,0.5,0.4762,71.562,1.0373,0.0
370.0,run_20260917_164427,,driving,driving,45.266,26.098,99.99,0.0,0.894,0.498,0.4974,72.06,1.0415,0.0
371.0,run_20260917_164427,,driving,driving,45.247,26.123,99.99,0.0,0.805,0.448,0.4921,72.552,1.0456,0.0
372.0,run_20260917_164427,,driving,driving,45.228,26.151,99.99,0.0,0.873,0.486,0.4911,73.043,1.0498,0.0
373.0,run_20260917_164427,,driving,driving,45.21,26.178,99.989,0.0,0.857,0.477,0.4922,73.535,1.0539,0.0
374.0,run_20260917_164427,,driving,driving,45.191,26.207,99.989,0.0,0.893,0.497,0.479,74.014,1.058,0.0
375.0,run_20260917_164427,,driving,driving,45.173,26.23,99.989,0.0,0.739,0.412,0.4742,74.488,1.062,0.0
376.0,run_20260917_164427,,driving,driving,45.157,26.241,99.989,0.0,0.442,0.246,0.339,74.827,1.0654,0.0
377.0,run_20260917_164427,,loading,loading,45.149,26.237,99.989,0.0,0.0,0.0,0.0152,74.843,1.0671,0.0
378.0,run_20260917_164427,,loading,loading,45.142,26.232,99.989,0.0,0.0,0.0,0.0,74.843,1.0688,0.0
379.0,run_20260917_164427,,loading,loading,45.134,26.227,99.989,0.0,0.0,0.0,0.0,74.843,1.0705,0.0
380.0,run_20260917_164427,,loading,loading,45.127,26.223,99.989,0.0,0.0,0.0,0.0,74.843,1.0721,0.0
381.0,run_20260917_164427,,loading,loading,45.119,26.218,99.989,0.0,0.0,0.0,0.0,74.843,1.0738,0.0
382.0,run_20260917_164427,,loading,loading,45.112,26.213,99.989,0.0,0.0,0.0,0.0,74.843,1.0755,0.0
383.0,run_20260917_164427,,loading,loading,45.104,26.209,99.989,0.0,0.0,0.0,0.0,74.843,1.0771,0.0
384.0,run_20260917_164427,,loading,loading,45.096,26.204,99.989,0.0,0.0,0.0,0.0,74.843,1.0788,0.0
385.0,run_20260917_164427,,loading,loading,45.089,26.199,99.989,0.0,0.0,0.0,0.0,74.843,1.0805,0.0
386.0,run_20260917_164427,,loading,loading,45.081,26.195,99.989,0.0,0.0,0.0,0.0,74.843,1.0821,0.0
387.0,run_20260917_164427,,loading,loading,45.074,26.19,99.989,0.0,0.0,0.0,0.0,74.843,1.0838,0.0
388.0,run_20260917_164427,,loading,loading,45.066,26.186,99.989,0.0,0.0,0.0,0.0,74.843,1.0855,0.0
389.0,run_20260917_164427,,loading,loading,45.058,26.181,99.989,0.0,0.0,0.0,0.0,74.843,1.0871,0.0
390.004,run_20260917_164427,,loading,loading,45.051,26.176,99.989,0.0,0.0,0.0,0.0,74.843,1.0888,0.0
391.0,run_20260917_164427,,loading,loading,45.043,26.172,99.989,0.0,0.0,0.0,0.0,74.843,1.0905,0.0
392.0,run_20260917_164427,,loading,loading,45.036,26.167,99.989,0.0,0.0,0.0,0.0,74.843,1.0921,0.0
393.0,run_20260917_164427,,loading,loading,45.028,26.163,99.989,0.0,0.0,0.0,0.0,74.843,1.0938,0.0
394.0,run_20260917_164427,,loading,loading,45.021,26.158,99.989,0.0,0.0,0.0,0.0,74.843,1.0955,0.0
395.0,run_20260917_164427,,loading,loading,45.013,26.153,99.989,0.0,0.0,0.0,0.0,74.843,1.0971,0.0
396.0,run_20260917_164427,,loading,loading,45.005,26.149,99.989,0.0,0.0,0.0,0.0,74.843,1.0988,0.0
397.0,run_20260917_164427,,loading,loading,44.998,26.144,99.989,0.0,0.0,0.0,0.0,74.843,1.1005,0.0
398.0,run_20260917_164427,,loading,loading,44.99,26.14,99.989,0.0,0.0,0.0,0.0,74.843,1.1021,0.0
399.0,run_20260917_164427,,loading,loading,44.983,26.135,99.989,0.0,0.0,0.0,0.0,74.843,1.1038,0.0
400.0,run_20260917_164427,,loading,loading,44.975,26.131,99.989,0.0,0.0,0.0,0.0,74.843,1.1055,0.0
401.0,run_20260917_164427,,loading,loading,44.968,26.126,99.989,0.0,0.0,0.0,0.0,74.843,1.1071,0.0
402.0,run_20260917_164427,,loading,loading,44.96,26.122,99.989,0.0,0.0,0.0,0.0,74.843,1.1088,0.0
403.0,run_20260917_164427,,loading,loading,44.952,26.117,99.989,0.0,0.0,0.0,0.0,74.843,1.1105,0.0
404.0,run_20260917_164427,,loading,loading,44.945,26.113,99.989,0.0,0.0,0.0,0.0,74.843,1.1121,0.0
405.0,run_20260917_164427,,loading,loading,44.937,26.108,99.989,0.0,0.0,0.0,0.0,74.843,1.1138,0.0
406.0,run_20260917_164427,,loading,loading,44.93,26.103,99.989,0.0,0.0,0.0,0.0,74.843,1.1155,0.0
407.0,run_20260917_164427,,waiting,waiting,44.922,26.099,99.989,2.4000000953674316,0.0,0.0,0.0,74.843,1.1171,0.0
408.0,run_20260917_164427,,driving,driving,44.914,26.1,99.989,2.4000000953674316,0.122,0.068,0.0067,74.849,1.1189,0.0
409.0,run_20260917_164427,,driving,driving,44.9,26.109,99.989,2.4000000953674316,0.33,0.184,0.1849,75.034,1.122,0.0
410.0,run_20260917_164427,,driving,driving,44.89,26.104,99.989,2.4000000953674316,0.002,0.001,0.0688,75.103,1.1242,0.0
411.0,run_20260917_164427,,driving,driving,44.881,26.115,99.989,2.4000000953674316,0.366,0.204,0.0574,75.16,1.1263,0.0
412.0,run_20260917_164427,,driving,driving,44.858,26.147,99.989,2.4000000953674316,0.893,0.498,0.4107,75.571,1.1312,0.0
413.0,run_20260917_164427,,driving,driving,44.833,26.18,99.989,2.4000000953674316,0.897,0.5,0.4974,76.068,1.1367,0.0
414.0,run_20260917_164427,,driving,driving,44.808,26.213,99.989,2.4000000953674316,0.897,0.5,0.4836,76.552,1.1422,0.0
415.0,run_20260917_164427,,driving,driving,44.783,26.245,99.989,2.4000000953674316,0.897,0.5,0.5013,77.053,1.1478,0.0
416.0,run_20260917_164427,,driving,driving,44.758,26.278,99.988,2.4000000953674316,0.897,0.5,0.4876,77.541,1.1532,0.0
417.0,run_20260917_164427,,driving,driving,44.733,26.31,99.988,2.4000000953674316,0.896,0.499,0.5031,78.044,1.1588,0.0
418.0,run_20260917_164427,,driving,driving,44.708,26.336,99.988,2.4000000953674316,0.744,0.415,0.4688,78.513,1.1642,0.0
419.0,run_20260917_164427,,driving,driving,44.685,26.367,99.988,2.4000000953674316,0.866,0.483,0.448,78.961,1.1693,0.0
420.0,run_20260917_164427,,driving,driving,44.66,26.397,99.988,2.4000000953674316,0.838,0.467,0.4884,79.449,1.1748,0.0
421.0,run_20260917_164427,,driving,driving,44.635,26.43,99.988,2.4000000953674316,0.897,0.5,0.498,79.947,1.1804,0.0
422.0,run_20260917_164427,,driving,driving,44.609,26.462,99.988,2.4000000953674316,0.894,0.498,0.5007,80.448,1.186,0.0
423.0,run_20260917_164427,,driving,driving,44.584,26.494,99.988,2.4000000953674316,0.897,0.5,0.4831,80.931,1.1914,0.0
424.0,run_20260917_164427,,driving,driving,44.559,26.525,99.988,2.4000000953674316,0.872,0.486,0.4951,81.426,1.197,0.0
425.0,run_20260917_164427,,driving,driving,44.535,26.553,99.988,2.4000000953674316,0.795,0.443,0.4528,81.879,1.2022,0.0
426.0,run_20260917_164427,,driving,driving,44.51,26.585,99.988,2.4000000953674316,0.887,0.494,0.4922,82.371,1.2077,0.0
427.0,run_20260917_164427,,driving,driving,44.485,26.616,99.988,2.4000000953674316,0.877,0.489,0.5011,82.872,1.2133,0.0
428.0,run_20260917_164427,,driving,driving,44.461,26.647,99.988,2.4000000953674316,0.878,0.489,0.4668,83.339,1.2186,0.0
429.0,run_20260917_164427,,driving,driving,44.435,26.68,99.988,2.4000000953674316,0.897,0.5,0.5031,83.842,1.2242,0.0
430.0,run_20260917_164427,,driving,driving,44.411,26.703,99.988,2.4000000953674316,0.696,0.388,0.4709,84.313,1.2296,0.0
431.0,run_20260917_164427,,driving,driving,44.392,26.712,99.988,2.4000000953674316,0.331,0.185,0.3062,84.619,1.2337,0.0
432.0,run_20260917_164427,,driving,driving,44.382,26.709,99.988,2.4000000953674316,0.054,0.03,0.0697,84.689,1.2359,0.0
433.0,run_20260917_164427,,unloading,unloading,44.373,26.704,99.988,2.4000000953674316,0.0,0.0,0.0471,84.736,1.2379,0.0
434.0,run_20260917_164427,,unloading,unloading,44.366,26.699,99.988,2.4000000953674316,0.0,0.0,0.0,84.736,1.2396,0.0
435.0,run_20260917_164427,,unloading,unloading,44.358,26.693,99.988,2.4000000953674316,0.0,0.0,0.0,84.736,1.2412,0.0
436.0,run_20260917_164427,,unloading,unloading,44.35,26.688,99.988,2.4000000953674316,0.0,0.0,0.0,84.736,1.2429,0.0
437.0,run_20260917_164427,,unloading,unloading,44.343,26.683,99.988,2.4000000953674316,0.0,0.0,0.0,84.736,1.2446,0.0
438.0,run_20260917_164427,,unloading,unloading,44.335,26.678,99.988,2.4000000953674316,0.0,0.0,0.0,84.736,1.2462,0.0
439.0,run_20260917_164427,,unloading,unloading,44.328,26.673,99.988,2.4000000953674316,0.0,0.0,0.0,84.736,1.2479,0.0
440.0,run_20260917_164427,,unloading,unloading,44.32,26.668,99.988,2.4000000953674316,0.0,0.0,0.0,84.736,1.2496,0.0
441.0,run_20260917_164427,,unloading,unloading,44.313,26.662,99.987,2.4000000953674316,0.0,0.0,0.0,84.736,1.2512,0.0
442.0,run_20260917_164427,,unloading,unloading,44.305,26.657,99.987,2.4000000953674316,0.0,0.0,0.0,84.736,1.2529,0.0
443.0,run_20260917_164427,,unloading,unloading,44.297,26.652,99.987,2.4000000953674316,0.0,0.0,0.0,84.736,1.2546,0.0
444.0,run_20260917_164427,,unloading,unloading,44.29,26.647,99.987,2.4000000953674316,0.0,0.0,0.0,84.736,1.2562,0.0
445.0,run_20260917_164427,,unloading,unloading,44.282,26.642,99.987,2.4000000953674316,0.0,0.0,0.0,84.736,1.2579,0.0
446.0,run_20260917_164427,,unloading,unloading,44.275,26.637,99.987,2.4000000953674316,0.0,0.0,0.0,84.736,1.2596,0.0
447.0,run_20260917_164427,,unloading,unloading,44.267,26.632,99.987,2.4000000953674316,0.0,0.0,0.0,84.736,1.2612,0.0
448.0,run_20260917_164427,,unloading,unloading,44.259,26.627,99.987,2.4000000953674316,0.0,0.0,0.0,84.736,1.2629,0.0
449.0,run_20260917_164427,,unloading,unloading,44.252,26.622,99.987,2.4000000953674316,0.0,0.0,0.0,84.736,1.2646,0.0
450.0,run_20260917_164427,,unloading,unloading,44.244,26.616,99.987,2.4000000953674316,0.0,0.0,0.0,84.736,1.2662,0.0
451.0,run_20260917_164427,,unloading,unloading,44.237,26.611,99.987,2.4000000953674316,0.0,0.0,0.0,84.736,1.2679,0.0
452.0,run_20260917_164427,,unloading,unloading,44.229,26.606,99.987,2.4000000953674316,0.0,0.0,0.0,84.736,1.2696,0.0
453.0,run_20260917_164427,,unloading,unloading,44.222,26.601,99.987,2.4000000953674316,0.0,0.0,0.0,84.736,1.2712,0.0
454.0,run_20260917_164427,,unloading,unloading,44.214,26.596,99.987,2.4000000953674316,0.0,0.0,0.0,84.736,1.2729,0.0
455.0,run_20260917_164427,,unloading,unloading,44.206,26.591,99.987,2.4000000953674316,0.0,0.0,0.0,84.736,1.2746,0.0
456.0,run_20260917_164427,,unloading,unloading,44.199,26.586,99.987,2.4000000953674316,0.0,0.0,0.0,84.736,1.2762,0.0
457.0,run_20260917_164427,,unloading,unloading,44.191,26.581,99.987,2.4000000953674316,0.0,0.0,0.0,84.736,1.2779,0.0
458.0,run_20260917_164427,,unloading,unloading,44.184,26.576,99.987,2.4000000953674316,0.0,0.0,0.0,84.736,1.2796,0.0
459.0,run_20260917_164427,,unloading,unloading,44.176,26.571,99.987,2.4000000953674316,0.0,0.0,0.0,84.736,1.2812,0.0
460.0,run_20260917_164427,,unloading,unloading,44.169,26.566,99.987,2.4000000953674316,0.0,0.0,0.0,84.736,1.2829,0.0
461.0,run_20260917_164427,,unloading,unloading,44.161,26.561,99.987,2.4000000953674316,0.0,0.0,0.0,84.736,1.2846,0.0
462.0,run_20260917_164427,,unloading,unloading,44.153,26.556,99.987,2.4000000953674316,0.0,0.0,0.0,84.736,1.2862,0.0
463.0,run_20260917_164427,,unloading,unloading,44.146,26.551,99.987,2.4000000953674316,0.0,0.0,0.0,84.736,1.2879,0.0
464.0,run_20260917_164427,,waiting,waiting,44.138,26.546,99.987,0.0,0.0,0.0,0.0,84.736,1.2896,0.0
465.0,run_20260917_164427,,driving,driving,44.129,26.552,99.987,0.0,0.299,0.167,0.0545,84.79,1.2915,0.0
466.0,run_20260917_164427,,driving,driving,44.114,26.58,99.987,0.0,0.897,0.5,0.3529,85.143,1.295,0.0
467.0,run_20260917_164427,,driving,driving,44.095,26.608,99.987,0.0,0.897,0.5,0.4946,85.638,1.2991,0.0
468.0,run_20260917_164427,,driving,driving,44.076,26.636,99.987,0.0,0.89,0.496,0.4845,86.122,1.3032,0.0
469.0,run_20260917_164427,,driving,driving,44.057,26.664,99.987,0.0,0.897,0.5,0.503,86.625,1.3074,0.0
470.0,run_20260917_164427,,driving,driving,44.038,26.692,99.987,0.0,0.897,0.5,0.5033,87.129,1.3116,0.0
471.0,run_20260917_164427,,driving,driving,44.019,26.72,99.987,0.0,0.897,0.5,0.5035,87.632,1.3158,0.0
472.0,run_20260917_164427,,driving,driving,44.0,26.748,99.987,0.0,0.897,0.5,0.504,88.136,1.32,0.0
473.0,run_20260917_164427,,driving,driving,43.981,26.776,99.987,0.0,0.897,0.5,0.4857,88.622,1.3241,0.0
474.0,run_20260917_164427,,driving,driving,43.962,26.804,99.987,0.0,0.897,0.5,0.503,89.125,1.3283,0.0
475.0,run_20260917_164427,,driving,driving,43.943,26.832,99.987,0.0,0.894,0.498,0.5029,89.628,1.3325,0.0
476.0,run_20260917_164427,,driving,driving,43.924,26.86,99.987,0.0,0.897,0.5,0.5033,90.131,1.3367,0.0
477.0,run_20260917_164427,,driving,driving,43.905,26.888,99.987,0.0,0.897,0.5,0.4858,90.617,1.3409,0.0
478.0,run_20260917_164427,,driving,driving,43.886,26.915,99.987,0.0,0.891,0.497,0.5034,91.12,1.3451,0.0
479.0,run_20260917_164427,,driving,driving,43.867,26.943,99.987,0.0,0.887,0.494,0.5021,91.623,1.3493,0.0
480.0,run_20260917_164427,,driving,driving,43.848,26.97,99.986,0.0,0.885,0.493,0.5,92.123,1.3534,0.0
481.0,run_20260917_164427,,driving,driving,43.829,26.997,99.986,0.0,0.882,0.491,0.4984,92.621,1.3576,0.0
482.0,run_20260917_164427,,driving,driving,43.81,27.025,99.986,0.0,0.897,0.5,0.4839,93.105,1.3617,0.0
483.0,run_20260917_164427,,driving,driving,43.791,27.053,99.986,0.0,0.897,0.5,0.503,93.608,1.3659,0.0
484.0,run_20260917_164427,,driving,driving,43.772,27.079,99.986,0.0,0.872,0.486,0.5007,94.109,1.3701,0.0
485.0,run_20260917_164427,,driving,driving,43.754,27.101,99.986,0.0,0.732,0.408,0.4715,94.58,1.3742,0.0
486.0,run_20260917_164427,,driving,driving,43.74,27.095,99.986,0.0,0.0,0.0,0.2936,94.874,1.3773,0.0
487.0,run_20260917_164427,,loading,loading,43.732,27.09,99.986,0.0,0.0,0.0,0.0,94.874,1.379,0.0
488.0,run_20260917_164427,,loading,loading,43.724,27.084,99.986,0.0,0.0,0.0,0.0,94.874,1.3806,0.0
489.0,run_20260917_164427,,loading,loading,43.717,27.079,99.986,0.0,0.0,0.0,0.0,94.874,1.3823,0.0
490.0,run_20260917_164427,,loading,loading,43.709,27.073,99.986,0.0,0.0,0.0,0.0,94.874,1.384,0.0
491.0,run_20260917_164427,,loading,loading,43.702,27.067,99.986,0.0,0.0,0.0,0.0,94.874,1.3856,0.0
492.0,run_20260917_164427,,loading,loading,43.694,27.062,99.986,0.0,0.0,0.0,0.0,94.874,1.3873,0.0
493.0,run_20260917_164427,,loading,loading,43.686,27.056,99.986,0.0,0.0,0.0,0.0,94.874,1.389,0.0
494.0,run_20260917_164427,,loading,loading,43.679,27.051,99.986,0.0,0.0,0.0,0.0,94.874,1.3906,0.0
495.0,run_20260917_164427,,loading,loading,43.671,27.045,99.986,0.0,0.0,0.0,0.0,94.874,1.3923,0.0
496.0,run_20260917_164427,,loading,loading,43.664,27.04,99.986,0.0,0.0,0.0,0.0,94.874,1.394,0.0
497.0,run_20260917_164427,,loading,loading,43.656,27.034,99.986,0.0,0.0,0.0,0.0,94.874,1.3956,0.0
498.0,run_20260917_164427,,loading,loading,43.649,27.028,99.986,0.0,0.0,0.0,0.0,94.874,1.3973,0.0
499.0,run_20260917_164427,,loading,loading,43.641,27.023,99.986,0.0,0.0,0.0,0.0,94.874,1.399,0.0
500.0,run_20260917_164427,,loading,loading,43.633,27.017,99.986,0.0,0.0,0.0,0.0,94.874,1.4006,0.0
501.0,run_20260917_164427,,loading,loading,43.626,27.012,99.986,0.0,0.0,0.0,0.0,94.874,1.4023,0.0
502.0,run_20260917_164427,,loading,loading,43.618,27.006,99.986,0.0,0.0,0.0,0.0,94.874,1.404,0.0
503.0,run_20260917_164427,,loading,loading,43.611,27.001,99.986,0.0,0.0,0.0,0.0,94.874,1.4056,0.0
504.0,run_20260917_164427,,loading,loading,43.603,26.995,99.986,0.0,0.0,0.0,0.0,94.874,1.4073,0.0
505.0,run_20260917_164427,,loading,loading,43.596,26.99,99.986,0.0,0.0,0.0,0.0,94.874,1.409,0.0
506.0,run_20260917_164427,,loading,loading,43.588,26.984,99.986,0.0,0.0,0.0,0.0,94.874,1.4106,0.0
507.0,run_20260917_164427,,loading,loading,43.58,26.979,99.986,0.0,0.0,0.0,0.0,94.874,1.4123,0.0
508.0,run_20260917_164427,,loading,loading,43.573,26.973,99.986,0.0,0.0,0.0,0.0,94.874,1.414,0.0
509.0,run_20260917_164427,,loading,loading,43.565,26.968,99.986,0.0,0.0,0.0,0.0,94.874,1.4156,0.0
510.0,run_20260917_164427,,loading,loading,43.558,26.962,99.986,0.0,0.0,0.0,0.0,94.874,1.4173,0.0
511.0,run_20260917_164427,,loading,loading,43.55,26.957,99.986,0.0,0.0,0.0,0.0,94.874,1.419,0.0
512.0,run_20260917_164427,,loading,loading,43.543,26.952,99.986,0.0,0.0,0.0,0.0,94.874,1.4206,0.0
513.0,run_20260917_164427,,loading,loading,43.535,26.946,99.986,0.0,0.0,0.0,0.0,94.874,1.4223,0.0
514.0,run_20260917_164427,,loading,loading,43.527,26.941,99.986,0.0,0.0,0.0,0.0,94.874,1.424,0.0
515.0,run_20260917_164427,,loading,loading,43.52,26.935,99.986,0.0,0.0,0.0,0.0,94.874,1.4256,0.0
516.0,run_20260917_164427,,loading,loading,43.512,26.93,99.986,0.0,0.0,0.0,0.0,94.874,1.4273,0.0
517.0,run_20260917_164427,,waiting,waiting,43.505,26.924,99.986,1.7999999523162842,0.0,0.0,0.0,94.874,1.429,0.0
518.0,run_20260917_164427,,driving,driving,43.495,26.93,99.986,1.7999999523162842,0.267,0.149,0.0496,94.923,1.431,0.0
519.0,run_20260917_164427,,driving,driving,43.483,26.929,99.986,1.7999999523162842,0.104,0.058,0.1538,95.077,1.4338,0.0
520.0,run_20260917_164427,,driving,driving,43.475,26.924,99.986,1.7999999523162842,0.021,0.012,0.0184,95.096,1.4356,0.0
521.0,run_20260917_164427,,driving,driving,43.461,26.955,99.986,1.7999999523162842,0.897,0.5,0.1835,95.279,1.4385,0.0
522.0,run_20260917_164427,,driving,driving,43.438,26.985,99.986,1.7999999523162842,0.897,0.5,0.4858,95.765,1.4437,0.0
523.0,run_20260917_164427,,driving,driving,43.414,27.016,99.986,1.7999999523162842,0.897,0.5,0.5039,96.269,1.4489,0.0
524.0,run_20260917_164427,,driving,driving,43.39,27.046,99.985,1.7999999523162842,0.887,0.494,0.5034,96.772,1.4542,0.0
525.0,run_20260917_164427,,driving,driving,43.366,27.077,99.985,1.7999999523162842,0.897,0.5,0.5022,97.274,1.4595,0.0
526.0,run_20260917_164427,,driving,driving,43.342,27.105,99.985,1.7999999523162842,0.843,0.47,0.498,97.772,1.4647,0.0
527.0,run_20260917_164427,,driving,driving,43.32,27.136,99.985,1.7999999523162842,0.897,0.5,0.4559,98.228,1.4696,0.0
528.0,run_20260917_164427,,driving,driving,43.296,27.165,99.985,1.7999999523162842,0.864,0.481,0.4986,98.727,1.4748,0.0
529.0,run_20260917_164427,,driving,driving,43.273,27.193,99.985,1.7999999523162842,0.839,0.467,0.4923,99.219,1.48,0.0
530.0,run_20260917_164427,,driving,driving,43.249,27.224,99.985,1.7999999523162842,0.889,0.495,0.4956,99.715,1.4852,0.0
531.0,run_20260917_164427,,driving,driving,43.226,27.249,99.985,1.7999999523162842,0.777,0.433,0.4792,100.194,1.4903,0.0
532.0,run_20260917_164427,,driving,driving,43.205,27.277,99.985,1.7999999523162842,0.84,0.468,0.407,100.601,1.4949,0.0
533.0,run_20260917_164427,,driving,driving,43.181,27.307,99.985,1.7999999523162842,0.893,0.497,0.4927,101.094,1.5001,0.0
534.0,run_20260917_164427,,driving,driving,43.158,27.337,99.985,1.7999999523162842,0.881,0.491,0.4908,101.585,1.5053,0.0
535.0,run_20260917_164427,,driving,driving,43.134,27.366,99.985,1.7999999523162842,0.872,0.486,0.4977,102.082,1.5105,0.0
536.0,run_20260917_164427,,driving,driving,43.111,27.397,99.985,1.7999999523162842,0.893,0.497,0.4674,102.55,1.5155,0.0
537.0,run_20260917_164427,,driving,driving,43.088,27.427,99.985,1.7999999523162842,0.891,0.496,0.4962,103.046,1.5207,0.0
538.0,run_20260917_164427,,driving,driving,43.064,27.456,99.985,1.7999999523162842,0.891,0.496,0.495,103.541,1.5259,0.0
539.0,run_20260917_164427,,driving,driving,43.04,27.487,99.985,1.7999999523162842,0.897,0.5,0.4994,104.04,1.5312,0.0
540.0,run_20260917_164427,,driving,driving,43.017,27.515,99.985,1.7999999523162842,0.849,0.473,0.4826,104.523,1.5363,0.0
541.0,run_20260917_164427,,driving,driving,42.996,27.533,99.985,1.7999999523162842,0.602,0.335,0.4072,104.93,1.5409,0.0
542.0,run_20260917_164427,,driving,driving,42.982,27.529,99.985,1.7999999523162842,0.059,0.033,0.1814,105.112,1.5439,0.0
543.0,run_20260917_164427,,driving,driving,42.974,27.525,99.985,1.7999999523162842,0.037,0.021,0.0338,105.145,1.5458,0.0
544.0,run_20260917_164427,,unloading,unloading,42.966,27.519,99.985,1.7999999523162842,0.0,0.0,0.0,105.145,1.5474,0.0
545.0,run_20260917_164427,,unloading,unloading,42.959,27.513,99.985,1.7999999523162842,0.0,0.0,0.0,105.145,1.5491,0.0
546.0,run_20260917_164427,,unloading,unloading,42.951,27.507,99.984,1.7999999523162842,0.0,0.0,0.0,105.145,1.5508,0.0
547.0,run_20260917_164427,,unloading,unloading,42.943,27.501,99.984,1.7999999523162842,0.0,0.0,0.0,105.145,1.5524,0.0
548.0,run_20260917_164427,,unloading,unloading,42.936,27.494,99.984,1.7999999523162842,0.0,0.0,0.0,105.145,1.5541,0.0
549.0,run_20260917_164427,,unloading,unloading,42.928,27.488,99.984,1.7999999523162842,0.0,0.0,0.0,105.145,1.5558,0.0
550.0,run_20260917_164427,,unloading,unloading,42.921,27.482,99.984,1.7999999523162842,0.0,0.0,0.0,105.145,1.5574,0.0
551.0,run_20260917_164427,,unloading,unloading,42.913,27.476,99.984,1.7999999523162842,0.0,0.0,0.0,105.145,1.5591,0.0
552.0,run_20260917_164427,,unloading,unloading,42.906,27.47,99.984,1.7999999523162842,0.0,0.0,0.0,105.145,1.5608,0.0
553.0,run_20260917_164427,,unloading,unloading,42.898,27.464,99.984,1.7999999523162842,0.0,0.0,0.0,105.145,1.5624,0.0
554.0,run_20260917_164427,,unloading,unloading,42.89,27.458,99.984,1.7999999523162842,0.0,0.0,0.0,105.145,1.5641,0.0
555.0,run_20260917_164427,,unloading,unloading,42.883,27.452,99.984,1.7999999523162842,0.0,0.0,0.0,105.145,1.5658,0.0
556.0,run_20260917_164427,,unloading,unloading,42.875,27.446,99.984,1.7999999523162842,0.0,0.0,0.0,105.145,1.5674,0.0
557.0,run_20260917_164427,,unloading,unloading,42.868,27.44,99.984,1.7999999523162842,0.0,0.0,0.0,105.145,1.5691,0.0
558.0,run_20260917_164427,,unloading,unloading,42.86,27.434,99.984,1.7999999523162842,0.0,0.0,0.0,105.145,1.5708,0.0
559.0,run_20260917_164427,,unloading,unloading,42.853,27.428,99.984,1.7999999523162842,0.0,0.0,0.0,105.145,1.5724,0.0
560.0,run_20260917_164427,,unloading,unloading,42.845,27.422,99.984,1.7999999523162842,0.0,0.0,0.0,105.145,1.5741,0.0
561.0,run_20260917_164427,,unloading,unloading,42.837,27.416,99.984,1.7999999523162842,0.0,0.0,0.0,105.145,1.5758,0.0
562.0,run_20260917_164427,,unloading,unloading,42.83,27.41,99.984,1.7999999523162842,0.0,0.0,0.0,105.145,1.5774,0.0
563.0,run_20260917_164427,,unloading,unloading,42.822,27.405,99.984,1.7999999523162842,0.0,0.0,0.0,105.145,1.5791,0.0
564.0,run_20260917_164427,,unloading,unloading,42.815,27.399,99.984,1.7999999523162842,0.0,0.0,0.0,105.145,1.5808,0.0
565.0,run_20260917_164427,,unloading,unloading,42.807,27.393,99.984,1.7999999523162842,0.0,0.0,0.0,105.145,1.5824,0.0
566.0,run_20260917_164427,,unloading,unloading,42.8,27.387,99.984,1.7999999523162842,0.0,0.0,0.0,105.145,1.5841,0.0
567.0,run_20260917_164427,,unloading,unloading,42.792,27.381,99.984,1.7999999523162842,0.0,0.0,0.0,105.145,1.5858,0.0
568.0,run_20260917_164427,,unloading,unloading,42.784,27.375,99.984,1.7999999523162842,0.0,0.0,0.0,105.145,1.5874,0.0
569.0,run_20260917_164427,,unloading,unloading,42.777,27.369,99.984,1.7999999523162842,0.0,0.0,0.0,105.145,1.5891,0.0
570.0,run_20260917_164427,,unloading,unloading,42.769,27.363,99.984,1.7999999523162842,0.0,0.0,0.0,105.145,1.5908,0.0
571.0,run_20260917_164427,,unloading,unloading,42.762,27.357,99.984,1.7999999523162842,0.0,0.0,0.0,105.145,1.5924,0.0
572.0,run_20260917_164427,,unloading,unloading,42.754,27.351,99.984,1.7999999523162842,0.0,0.0,0.0,105.145,1.5941,0.0
573.0,run_20260917_164427,,unloading,unloading,42.747,27.345,99.984,1.7999999523162842,0.0,0.0,0.0,105.145,1.5958,0.0
574.0,run_20260917_164427,,waiting,waiting,42.739,27.339,99.984,0.0,0.0,0.0,0.0,105.145,1.5974,0.0
575.0,run_20260917_164427,,driving,driving,42.731,27.334,99.984,0.0,0.011,0.006,0.0023,105.148,1.5991,0.0
576.0,run_20260917_164427,,driving,driving,42.721,27.345,99.984,0.0,0.451,0.251,0.1033,105.251,1.6013,0.0
577.0,run_20260917_164427,,driving,driving,42.704,27.372,99.984,0.0,0.886,0.493,0.4434,105.694,1.6052,0.0
578.0,run_20260917_164427,,driving,driving,42.685,27.399,99.984,0.0,0.897,0.5,0.5028,106.197,1.6094,0.0
579.0,run_20260917_164427,,driving,driving,42.665,27.426,99.984,0.0,0.897,0.5,0.504,106.701,1.6136,0.0
580.0,run_20260917_164427,,driving,driving,42.646,27.454,99.984,0.0,0.897,0.5,0.5019,107.203,1.6178,0.0
581.0,run_20260917_164427,,driving,driving,42.628,27.48,99.984,0.0,0.875,0.488,0.4805,107.684,1.6219,0.0
582.0,run_20260917_164427,,driving,driving,42.609,27.507,99.984,0.0,0.884,0.493,0.4988,108.182,1.6261,0.0
583.0,run_20260917_164427,,driving,driving,42.59,27.534,99.984,0.0,0.897,0.5,0.5036,108.686,1.6303,0.0
584.0,run_20260917_164427,,driving,driving,42.57,27.561,99.984,0.0,0.893,0.498,0.5011,109.187,1.6345,0.0
585.0,run_20260917_164427,,driving,driving,42.552,27.588,99.984,0.0,0.897,0.5,0.4858,109.673,1.6386,0.0
586.0,run_20260917_164427,,driving,driving,42.533,27.615,99.984,0.0,0.892,0.497,0.5037,110.177,1.6428,0.0
587.0,run_20260917_164427,,driving,driving,42.514,27.64,99.984,0.0,0.842,0.469,0.4948,110.671,1.647,0.0
588.0,run_20260917_164427,,driving,driving,42.495,27.666,99.983,0.0,0.876,0.488,0.4954,111.167,1.6512,0.0
589.0,run_20260917_164427,,driving,driving,42.476,27.693,99.983,0.0,0.897,0.5,0.4971,111.664,1.6554,0.0
590.0,run_20260917_164427,,driving,driving,42.457,27.72,99.983,0.0,0.892,0.497,0.479,112.143,1.6594,0.0
591.0,run_20260917_164427,,driving,driving,42.438,27.746,99.983,0.0,0.885,0.493,0.501,112.644,1.6636,0.0
592.0,run_20260917_164427,,driving,driving,42.419,27.773,99.983,0.0,0.895,0.499,0.4951,113.139,1.6678,0.0
593.0,run_20260917_164427,,driving,driving,42.4,27.799,99.983,0.0,0.879,0.49,0.4915,113.631,1.672,0.0
594.0,run_20260917_164427,,driving,driving,42.382,27.825,99.983,0.0,0.881,0.491,0.4832,114.114,1.6761,0.0
595.0,run_20260917_164427,,driving,driving,42.363,27.847,99.983,0.0,0.76,0.423,0.4808,114.594,1.6802,0.0
596.0,run_20260917_164427,,driving,driving,42.348,27.84,99.983,0.0,0.0,0.0,0.2963,114.891,1.6833,0.0
597.0,run_20260917_164427,,loading,loading,42.341,27.834,99.983,0.0,0.0,0.0,0.0,114.891,1.685,0.0
598.0,run_20260917_164427,,loading,loading,42.333,27.828,99.983,0.0,0.0,0.0,0.0,114.891,1.6867,0.0
599.0,run_20260917_164427,,loading,loading,42.326,27.821,99.983,0.0,0.0,0.0,0.0,114.891,1.6883,0.0
600.0,run_20260917_164427,,loading,loading,42.318,27.815,99.983,0.0,0.0,0.0,0.0,114.891,1.69,0.0
601.0,run_20260917_164427,,loading,loading,42.311,27.808,99.983,0.0,0.0,0.0,0.0,114.891,1.6917,0.0
602.0,run_20260917_164427,,loading,loading,42.303,27.802,99.983,0.0,0.0,0.0,0.0,114.891,1.6933,0.0
603.0,run_20260917_164427,,loading,loading,42.295,27.796,99.983,0.0,0.0,0.0,0.0,114.891,1.695,0.0
604.0,run_20260917_164427,,loading,loading,42.288,27.789,99.983,0.0,0.0,0.0,0.0,114.891,1.6967,0.0
605.0,run_20260917_164427,,loading,loading,42.28,27.783,99.983,0.0,0.0,0.0,0.0,114.891,1.6983,0.0
606.0,run_20260917_164427,,loading,loading,42.273,27.777,99.983,0.0,0.0,0.0,0.0,114.891,1.7,0.0
607.0,run_20260917_164427,,loading,loading,42.265,27.77,99.983,0.0,0.0,0.0,0.0,114.891,1.7017,0.0
608.0,run_20260917_164427,,loading,loading,42.258,27.764,99.983,0.0,0.0,0.0,0.0,114.891,1.7033,0.0
609.0,run_20260917_164427,,loading,loading,42.25,27.758,99.983,0.0,0.0,0.0,0.0,114.891,1.705,0.0
610.0,run_20260917_164427,,loading,loading,42.242,27.751,99.983,0.0,0.0,0.0,0.0,114.891,1.7067,0.0
611.0,run_20260917_164427,,loading,loading,42.235,27.745,99.983,0.0,0.0,0.0,0.0,114.891,1.7083,0.0
612.0,run_20260917_164427,,loading,loading,42.227,27.739,99.983,0.0,0.0,0.0,0.0,114.891,1.71,0.0
613.0,run_20260917_164427,,loading,loading,42.22,27.732,99.983,0.0,0.0,0.0,0.0,114.891,1.7117,0.0
614.0,run_20260917_164427,,loading,loading,42.212,27.726,99.983,0.0,0.0,0.0,0.0,114.891,1.7133,0.0
615.0,run_20260917_164427,,loading,loading,42.205,27.72,99.983,0.0,0.0,0.0,0.0,114.891,1.715,0.0
616.0,run_20260917_164427,,loading,loading,42.197,27.713,99.983,0.0,0.0,0.0,0.0,114.891,1.7167,0.0
617.0,run_20260917_164427,,loading,loading,42.189,27.707,99.983,0.0,0.0,0.0,0.0,114.891,1.7183,0.0
618.0,run_20260917_164427,,loading,loading,42.182,27.701,99.983,0.0,0.0,0.0,0.0,114.891,1.72,0.0
619.0,run_20260917_164427,,loading,loading,42.174,27.694,99.983,0.0,0.0,0.0,0.0,114.891,1.7217,0.0
620.0,run_20260917_164427,,loading,loading,42.167,27.688,99.983,0.0,0.0,0.0,0.0,114.891,1.7233,0.0
621.0,run_20260917_164427,,loading,loading,42.159,27.682,99.983,0.0,0.0,0.0,0.0,114.891,1.725,0.0
622.0,run_20260917_164427,,loading,loading,42.152,27.676,99.983,0.0,0.0,0.0,0.0,114.891,1.7267,0.0
623.0,run_20260917_164427,,loading,loading,42.144,27.669,99.983,0.0,0.0,0.0,0.0,114.891,1.7283,0.0
624.0,run_20260917_164427,,loading,loading,42.136,27.663,99.983,0.0,0.0,0.0,0.0,114.891,1.73,0.0
625.0,run_20260917_164427,,loading,loading,42.129,27.657,99.983,0.0,0.0,0.0,0.0,114.891,1.7317,0.0
626.0,run_20260917_164427,,loading,loading,42.121,27.651,99.983,0.0,0.0,0.0,0.0,114.891,1.7333,0.0
627.0,run_20260917_164427,,waiting,waiting,42.114,27.645,99.983,1.600000023841858,0.0,0.0,0.0,114.891,1.735,0.0
628.0,run_20260917_164427,,driving,driving,42.105,27.648,99.983,1.600000023841858,0.234,0.13,0.0214,114.912,1.7368,0.0
629.0,run_20260917_164427,,driving,driving,42.091,27.651,99.983,1.600000023841858,0.247,0.137,0.2016,115.114,1.7399,0.0
630.0,run_20260917_164427,,driving,driving,42.082,27.648,99.983,1.600000023841858,0.068,0.038,0.0589,115.173,1.742,0.0
631.0,run_20260917_164427,,driving,driving,42.072,27.655,99.983,1.600000023841858,0.343,0.191,0.0639,115.237,1.7441,0.0
632.0,run_20260917_164427,,driving,driving,42.052,27.683,99.983,1.600000023841858,0.839,0.468,0.419,115.656,1.7486,0.0
633.0,run_20260917_164427,,driving,driving,42.028,27.712,99.982,1.600000023841858,0.886,0.493,0.4979,116.153,1.7537,0.0
634.0,run_20260917_164427,,driving,driving,42.005,27.741,99.982,1.600000023841858,0.892,0.497,0.5015,116.655,1.7589,0.0
635.0,run_20260917_164427,,driving,driving,41.982,27.771,99.982,1.600000023841858,0.893,0.498,0.482,117.137,1.7639,0.0
636.0,run_20260917_164427,,driving,driving,41.959,27.8,99.982,1.600000023841858,0.896,0.499,0.4989,117.636,1.769,0.0
637.0,run_20260917_164427,,driving,driving,41.936,27.829,99.982,1.600000023841858,0.897,0.5,0.5013,118.137,1.7742,0.0
638.0,run_20260917_164427,,driving,driving,41.912,27.859,99.982,1.600000023841858,0.892,0.497,0.5006,118.638,1.7793,0.0
639.0,run_20260917_164427,,driving,driving,41.889,27.888,99.982,1.600000023841858,0.897,0.5,0.4857,119.124,1.7843,0.0
640.0,run_20260917_164427,,driving,driving,41.866,27.917,99.982,1.600000023841858,0.897,0.5,0.504,119.628,1.7895,0.0
641.0,run_20260917_164427,,driving,driving,41.849,27.926,99.982,1.600000023841858,0.374,0.208,0.2992,119.927,1.7932,0.0
642.0,run_20260917_164427,,driving,driving,41.828,27.955,99.982,1.600000023841858,0.897,0.5,0.4318,120.359,1.7979,0.0
643.0,run_20260917_164427,,driving,driving,41.805,27.984,99.982,1.600000023841858,0.892,0.497,0.491,120.85,1.803,0.0
644.0,run_20260917_164427,,driving,driving,41.782,28.013,99.982,1.600000023841858,0.877,0.488,0.4643,121.314,1.8079,0.0
645.0,run_20260917_164427,,driving,driving,41.759,28.04,99.982,1.600000023841858,0.841,0.469,0.4886,121.802,1.8129,0.0
646.0,run_20260917_164427,,driving,driving,41.736,28.069,99.982,1.600000023841858,0.89,0.496,0.4899,122.292,1.818,0.0
647.0,run_20260917_164427,,driving,driving,41.713,28.098,99.982,1.600000023841858,0.894,0.498,0.4893,122.782,1.8231,0.0
648.0,run_20260917_164427,,driving,driving,41.692,28.125,99.982,1.600000023841858,0.841,0.469,0.4223,123.204,1.8277,0.0
649.0,run_20260917_164427,,driving,driving,41.673,28.143,99.982,1.600000023841858,0.635,0.354,0.3784,123.582,1.8319,0.0
650.0,run_20260917_164427,,driving,driving,41.654,28.162,99.982,1.600000023841858,0.644,0.359,0.3529,123.935,1.8361,0.0
651.0,run_20260917_164427,,driving,driving,41.637,28.166,99.982,1.600000023841858,0.263,0.147,0.3009,124.236,1.8398,0.0
652.0,run_20260917_164427,,driving,driving,41.624,28.172,99.982,1.600000023841858,0.314,0.175,0.1681,124.404,1.8427,0.0
653.0,run_20260917_164427,,driving,driving,41.613,28.175,99.982,1.600000023841858,0.247,0.138,0.114,124.518,1.8451,0.0
654.0,run_20260917_164427,,driving,driving,41.604,28.169,99.982,1.600000023841858,0.013,0.007,0.0449,124.563,1.8471,0.0
655.0,run_20260917_164427,,driving,driving,41.593,28.182,99.982,1.600000023841858,0.509,0.284,0.1068,124.67,1.8495,0.0
656.0,run_20260917_164427,,driving,driving,41.575,28.185,99.981,1.600000023841858,0.247,0.138,0.3437,125.014,1.8535,0.0
657.0,run_20260917_164427,,driving,driving,41.564,28.198,99.981,1.600000023841858,0.486,0.271,0.114,125.128,1.856,0.0
658.0,run_20260917_164427,,driving,driving,41.544,28.224,99.981,1.600000023841858,0.815,0.454,0.3775,125.505,1.8603,0.0
659.0,run_20260917_164427,,driving,driving,41.522,28.251,99.981,1.600000023841858,0.854,0.476,0.4696,125.975,1.8652,0.0
660.0,run_20260917_164427,,driving,driving,41.499,28.28,99.981,1.600000023841858,0.897,0.5,0.4902,126.465,1.8703,0.0
661.0,run_20260917_164427,,driving,driving,41.475,28.309,99.981,1.600000023841858,0.897,0.5,0.5039,126.969,1.8755,0.0
662.0,run_20260917_164427,,driving,driving,41.452,28.338,99.981,1.600000023841858,0.897,0.5,0.4859,127.455,1.8805,0.0
663.0,run_20260917_164427,,driving,driving,41.429,28.367,99.981,1.600000023841858,0.897,0.5,0.5038,127.958,1.8857,0.0
664.0,run_20260917_164427,,driving,driving,41.405,28.395,99.981,1.600000023841858,0.882,0.491,0.503,128.461,1.8908,0.0
665.0,run_20260917_164427,,driving,driving,41.382,28.424,99.981,1.600000023841858,0.897,0.5,0.5035,128.965,1.896,0.0
666.0,run_20260917_164427,,driving,driving,41.359,28.452,99.981,1.600000023841858,0.894,0.498,0.4845,129.449,1.901,0.0
667.0,run_20260917_164427,,driving,driving,41.335,28.481,99.981,1.600000023841858,0.897,0.5,0.503,129.952,1.9062,0.0
668.0,run_20260917_164427,,driving,driving,41.312,28.509,99.981,1.600000023841858,0.88,0.49,0.501,130.453,1.9113,0.0
669.0,run_20260917_164427,,driving,driving,41.289,28.538,99.981,1.600000023841858,0.897,0.5,0.5032,130.956,1.9165,0.0
670.0,run_20260917_164427,,driving,driving,41.265,28.566,99.981,1.600000023841858,0.897,0.5,0.5037,131.46,1.9217,0.0
671.0,run_20260917_164427,,driving,driving,41.242,28.595,99.981,1.600000023841858,0.894,0.498,0.4852,131.945,1.9267,0.0
672.0,run_20260917_164427,,driving,driving,41.219,28.623,99.981,1.600000023841858,0.894,0.498,0.499,132.444,1.9319,0.0
673.0,run_20260917_164427,,driving,driving,41.195,28.652,99.981,1.600000023841858,0.889,0.495,0.4988,132.943,1.937,0.0
674.0,run_20260917_164427,,driving,driving,41.172,28.68,99.981,1.600000023841858,0.896,0.499,0.501,133.444,1.9421,0.0
675.0,run_20260917_164427,,driving,driving,41.149,28.709,99.981,1.600000023841858,0.895,0.498,0.4845,133.929,1.9472,0.0
676.0,run_20260917_164427,,driving,driving,41.126,28.731,99.98,1.600000023841858,0.749,0.417,0.481,134.41,1.9522,0.0
677.0,run_20260917_164427,,driving,driving,41.11,28.724,99.98,1.600000023841858,0.0,0.0,0.2903,134.7,1.9559,0.0
678.0,run_20260917_164427,,loading,loading,41.102,28.716,99.98,1.600000023841858,0.0,0.0,0.0,134.7,1.9575,0.0
679.0,run_20260917_164427,,loading,loading,41.094,28.709,99.98,1.600000023841858,0.0,0.0,0.0,134.7,1.9592,0.0
680.0,run_20260917_164427,,loading,loading,41.087,28.702,99.98,1.600000023841858,0.0,0.0,0.0,134.7,1.9609,0.0
681.0,run_20260917_164427,,loading,loading,41.079,28.694,99.98,1.600000023841858,0.0,0.0,0.0,134.7,1.9625,0.0
682.0,run_20260917_164427,,loading,loading,41.072,28.687,99.98,1.600000023841858,0.0,0.0,0.0,134.7,1.9642,0.0
683.0,run_20260917_164427,,loading,loading,41.064,28.679,99.98,1.600000023841858,0.0,0.0,0.0,134.7,1.9659,0.0
684.0,run_20260917_164427,,loading,loading,41.057,28.672,99.98,1.600000023841858,0.0,0.0,0.0,134.7,1.9675,0.0
685.0,run_20260917_164427,,loading,loading,41.049,28.665,99.98,1.600000023841858,0.0,0.0,0.0,134.7,1.9692,0.0
686.0,run_20260917_164427,,loading,loading,41.041,28.657,99.98,1.600000023841858,0.0,0.0,0.0,134.7,1.9709,0.0
687.0,run_20260917_164427,,loading,loading,41.034,28.65,99.98,1.600000023841858,0.0,0.0,0.0,134.7,1.9725,0.0
688.0,run_20260917_164427,,loading,loading,41.026,28.643,99.98,1.600000023841858,0.0,0.0,0.0,134.7,1.9742,0.0
689.0,run_20260917_164427,,loading,loading,41.019,28.635,99.98,1.600000023841858,0.0,0.0,0.0,134.7,1.9759,0.0
690.0,run_20260917_164427,,loading,loading,41.011,28.628,99.98,1.600000023841858,0.0,0.0,0.0,134.7,1.9775,0.0
691.0,run_20260917_164427,,loading,loading,41.004,28.621,99.98,1.600000023841858,0.0,0.0,0.0,134.7,1.9792,0.0
692.0,run_20260917_164427,,loading,loading,40.996,28.614,99.98,1.600000023841858,0.0,0.0,0.0,134.7,1.9809,0.0
693.0,run_20260917_164427,,loading,loading,40.988,28.606,99.98,1.600000023841858,0.0,0.0,0.0,134.7,1.9825,0.0
694.0,run_20260917_164427,,loading,loading,40.981,28.599,99.98,1.600000023841858,0.0,0.0,0.0,134.7,1.9842,0.0
695.0,run_20260917_164427,,loading,loading,40.973,28.592,99.98,1.600000023841858,0.0,0.0,0.0,134.7,1.9859,0.0
696.0,run_20260917_164427,,loading,loading,40.966,28.585,99.98,1.600000023841858,0.0,0.0,0.0,134.7,1.9875,0.0
697.0,run_20260917_164427,,loading,loading,40.958,28.577,99.98,1.600000023841858,0.0,0.0,0.0,134.7,1.9892,0.0
698.0,run_20260917_164427,,loading,loading,40.951,28.57,99.98,1.600000023841858,0.0,0.0,0.0,134.7,1.9909,0.0
699.0,run_20260917_164427,,loading,loading,40.943,28.563,99.98,1.600000023841858,0.0,0.0,0.0,134.7,1.9925,0.0
700.0,run_20260917_164427,,loading,loading,40.935,28.556,99.98,1.600000023841858,0.0,0.0,0.0,134.7,1.9942,0.0
701.0,run_20260917_164427,,loading,loading,40.928,28.548,99.98,1.600000023841858,0.0,0.0,0.0,134.7,1.9959,0.0
702.0,run_20260917_164427,,loading,loading,40.92,28.541,99.98,1.600000023841858,0.0,0.0,0.0,134.7,1.9975,0.0
703.0,run_20260917_164427,,loading,loading,40.913,28.534,99.98,1.600000023841858,0.0,0.0,0.0,134.7,1.9992,0.0
704.0,run_20260917_164427,,loading,loading,40.905,28.527,99.98,1.600000023841858,0.0,0.0,0.0,134.7,2.0009,0.0
705.0,run_20260917_164427,,loading,loading,40.898,28.52,99.98,1.600000023841858,0.0,0.0,0.0,134.7,2.0025,0.0
706.0,run_20260917_164427,,loading,loading,40.89,28.512,99.98,1.600000023841858,0.0,0.0,0.0,134.7,2.0042,0.0
707.0,run_20260917_164427,,loading,loading,40.882,28.505,99.98,1.600000023841858,0.0,0.0,0.0,134.7,2.0059,0.0
708.0,run_20260917_164427,,waiting,waiting,40.875,28.498,99.98,4.0000001192092896,0.0,0.0,0.0,134.7,2.0075,0.0
709.0,run_20260917_164427,,driving,driving,40.865,28.504,99.98,4.0000001192092896,0.29,0.162,0.0463,134.746,2.0097,0.0
710.0,run_20260917_164427,,driving,driving,40.85,28.505,99.98,4.0000001192092896,0.178,0.099,0.1695,134.916,2.013,0.0
711.0,run_20260917_164427,,driving,driving,40.841,28.502,99.98,4.0000001192092896,0.098,0.055,0.0326,134.948,2.015,0.0
712.0,run_20260917_164427,,driving,driving,40.822,28.535,99.98,4.0000001192092896,0.897,0.5,0.2505,135.199,2.0191,0.0
713.0,run_20260917_164427,,driving,driving,40.792,28.567,99.98,4.0000001192092896,0.897,0.5,0.5037,135.703,2.0257,0.0
714.0,run_20260917_164427,,driving,driving,40.762,28.6,99.98,4.0000001192092896,0.897,0.5,0.5033,136.206,2.0323,0.0
715.0,run_20260917_164427,,driving,driving,40.733,28.632,99.98,4.0000001192092896,0.891,0.496,0.5012,136.707,2.0388,0.0
716.0,run_20260917_164427,,driving,driving,40.704,28.664,99.98,4.0000001192092896,0.882,0.492,0.4715,137.179,2.0451,0.0
717.0,run_20260917_164427,,driving,driving,40.674,28.694,99.979,4.0000001192092896,0.846,0.471,0.4949,137.674,2.0516,0.0
718.0,run_20260917_164427,,driving,driving,40.646,28.724,99.979,4.0000001192092896,0.847,0.472,0.4684,138.142,2.0579,0.0
719.0,run_20260917_164427,,driving,driving,40.616,28.757,99.979,4.0000001192092896,0.894,0.498,0.4937,138.636,2.0644,0.0
720.0,run_20260917_164427,,driving,driving,40.588,28.788,99.979,4.0000001192092896,0.875,0.487,0.4793,139.115,2.0707,0.0
721.0,run_20260917_164427,,driving,driving,40.558,28.82,99.979,4.0000001192092896,0.883,0.492,0.4883,139.603,2.0772,0.0
722.0,run_20260917_164427,,driving,driving,40.528,28.852,99.979,4.0000001192092896,0.894,0.498,0.4999,140.103,2.0837,0.0
723.0,run_20260917_164427,,driving,driving,40.499,28.884,99.979,4.0000001192092896,0.887,0.494,0.5013,140.604,2.0903,0.0
724.0,run_20260917_164427,,driving,driving,40.47,28.915,99.979,4.0000001192092896,0.875,0.488,0.4802,141.085,2.0967,0.0
725.0,run_20260917_164427,,driving,driving,40.441,28.946,99.979,4.0000001192092896,0.864,0.481,0.4756,141.56,2.103,0.0
726.0,run_20260917_164427,,driving,driving,40.411,28.978,99.979,4.0000001192092896,0.892,0.497,0.4927,142.053,2.1095,0.0
727.0,run_20260917_164427,,driving,driving,40.382,29.009,99.979,4.0000001192092896,0.868,0.484,0.4864,142.539,2.1159,0.0
728.0,run_20260917_164427,,driving,driving,40.353,29.04,99.979,4.0000001192092896,0.884,0.493,0.4955,143.035,2.1224,0.0
729.0,run_20260917_164427,,driving,driving,40.324,29.072,99.979,4.0000001192092896,0.883,0.492,0.4712,143.506,2.1287,0.0
730.0,run_20260917_164427,,driving,driving,40.294,29.104,99.979,4.0000001192092896,0.897,0.5,0.5028,144.009,2.1353,0.0
731.0,run_20260917_164427,,driving,driving,40.266,29.127,99.979,4.0000001192092896,0.699,0.389,0.4685,144.477,2.1416,0.0
732.0,run_20260917_164427,,driving,driving,40.245,29.135,99.979,4.0000001192092896,0.362,0.202,0.3022,144.78,2.1462,0.0
733.0,run_20260917_164427,,driving,driving,40.233,29.129,99.979,4.0000001192092896,0.024,0.013,0.0798,144.859,2.1487,0.0
734.0,run_20260917_164427,,unloading,unloading,40.225,29.121,99.978,4.0000001192092896,0.0,0.0,0.021,144.88,2.1505,0.0
735.0,run_20260917_164427,,unloading,unloading,40.217,29.113,99.978,4.0000001192092896,0.0,0.0,0.0,144.88,2.1522,0.0
736.0,run_20260917_164427,,unloading,unloading,40.21,29.105,99.978,4.0000001192092896,0.0,0.0,0.0,144.88,2.1539,0.0
737.0,run_20260917_164427,,unloading,unloading,40.202,29.097,99.978,4.0000001192092896,0.0,0.0,0.0,144.88,2.1555,0.0
738.0,run_20260917_164427,,unloading,unloading,40.195,29.089,99.978,4.0000001192092896,0.0,0.0,0.0,144.88,2.1572,0.0
739.0,run_20260917_164427,,unloading,unloading,40.187,29.082,99.978,4.0000001192092896,0.0,0.0,0.0,144.88,2.1589,0.0
740.0,run_20260917_164427,,unloading,unloading,40.179,29.074,99.978,4.0000001192092896,0.0,0.0,0.0,144.88,2.1605,0.0
741.0,run_20260917_164427,,unloading,unloading,40.172,29.066,99.978,4.0000001192092896,0.0,0.0,0.0,144.88,2.1622,0.0
742.0,run_20260917_164427,,unloading,unloading,40.164,29.058,99.978,4.0000001192092896,0.0,0.0,0.0,144.88,2.1639,0.0
743.0,run_20260917_164427,,unloading,unloading,40.157,29.051,99.978,4.0000001192092896,0.0,0.0,0.0,144.88,2.1655,0.0
744.0,run_20260917_164427,,unloading,unloading,40.149,29.043,99.978,4.0000001192092896,0.0,0.0,0.0,144.88,2.1672,0.0
745.0,run_20260917_164427,,unloading,unloading,40.142,29.035,99.978,4.0000001192092896,0.0,0.0,0.0,144.88,2.1689,0.0
746.0,run_20260917_164427,,unloading,unloading,40.134,29.027,99.978,4.0000001192092896,0.0,0.0,0.0,144.88,2.1705,0.0
747.0,run_20260917_164427,,unloading,unloading,40.126,29.02,99.978,4.0000001192092896,0.0,0.0,0.0,144.88,2.1722,0.0
748.0,run_20260917_164427,,unloading,unloading,40.119,29.012,99.978,4.0000001192092896,0.0,0.0,0.0,144.88,2.1739,0.0
749.0,run_20260917_164427,,unloading,unloading,40.111,29.004,99.978,4.0000001192092896,0.0,0.0,0.0,144.88,2.1755,0.0
750.0,run_20260917_164427,,unloading,unloading,40.104,28.996,99.978,4.0000001192092896,0.0,0.0,0.0,144.88,2.1772,0.0
751.0,run_20260917_164427,,unloading,unloading,40.096,28.989,99.978,4.0000001192092896,0.0,0.0,0.0,144.88,2.1789,0.0
752.0,run_20260917_164427,,unloading,unloading,40.089,28.981,99.978,4.0000001192092896,0.0,0.0,0.0,144.88,2.1805,0.0
753.0,run_20260917_164427,,unloading,unloading,40.081,28.973,99.978,4.0000001192092896,0.0,0.0,0.0,144.88,2.1822,0.0
754.0,run_20260917_164427,,unloading,unloading,40.073,28.966,99.978,4.0000001192092896,0.0,0.0,0.0,144.88,2.1839,0.0
755.0,run_20260917_164427,,unloading,unloading,40.066,28.958,99.978,4.0000001192092896,0.0,0.0,0.0,144.88,2.1855,0.0
756.0,run_20260917_164427,,unloading,unloading,40.058,28.95,99.978,4.0000001192092896,0.0,0.0,0.0,144.88,2.1872,0.0
757.0,run_20260917_164427,,unloading,unloading,40.051,28.943,99.978,4.0000001192092896,0.0,0.0,0.0,144.88,2.1889,0.0
758.0,run_20260917_164427,,unloading,unloading,40.043,28.935,99.978,4.0000001192092896,0.0,0.0,0.0,144.88,2.1905,0.0
759.0,run_20260917_164427,,unloading,unloading,40.035,28.927,99.978,4.0000001192092896,0.0,0.0,0.0,144.88,2.1922,0.0
760.0,run_20260917_164427,,unloading,unloading,40.028,28.92,99.978,4.0000001192092896,0.0,0.0,0.0,144.88,2.1939,0.0
761.0,run_20260917_164427,,unloading,unloading,40.02,28.912,99.978,4.0000001192092896,0.0,0.0,0.0,144.88,2.1955,0.0
762.0,run_20260917_164427,,unloading,unloading,40.013,28.905,99.978,4.0000001192092896,0.0,0.0,0.0,144.88,2.1972,0.0
763.0,run_20260917_164427,,unloading,unloading,40.005,28.897,99.978,4.0000001192092896,0.0,0.0,0.0,144.88,2.1989,0.0
764.0,run_20260917_164427,,waiting,waiting,39.998,28.889,99.978,0.0,0.0,0.0,0.0,144.88,2.2005,0.0
765.0,run_20260917_164427,,waiting,waiting,39.99,28.882,99.978,0.0,0.0,0.0,0.0,144.88,2.2022,0.0
766.0,run_20260917_164427,,driving,driving,39.982,28.881,99.978,0.0,0.185,0.103,0.0323,144.913,2.204,0.0
767.0,run_20260917_164427,,driving,driving,39.971,28.893,99.978,0.0,0.517,0.288,0.1396,145.052,2.2064,0.0
768.0,run_20260917_164427,,driving,driving,39.954,28.915,99.978,0.0,0.803,0.447,0.4143,145.467,2.2102,0.0
769.0,run_20260917_164427,,driving,driving,39.935,28.939,99.978,0.0,0.872,0.486,0.4701,145.937,2.2142,0.0
770.0,run_20260917_164427,,driving,driving,39.918,28.961,99.978,0.0,0.782,0.436,0.4338,146.37,2.2181,0.0
771.0,run_20260917_164427,,driving,driving,39.899,28.985,99.978,0.0,0.874,0.487,0.4925,146.863,2.2223,0.0
772.0,run_20260917_164427,,driving,driving,39.88,29.011,99.978,0.0,0.892,0.497,0.4988,147.362,2.2265,0.0
773.0,run_20260917_164427,,driving,driving,39.861,29.036,99.978,0.0,0.897,0.5,0.4986,147.86,2.2307,0.0
774.0,run_20260917_164427,,driving,driving,39.842,29.061,99.978,0.0,0.889,0.495,0.4829,148.343,2.2348,0.0
775.0,run_20260917_164427,,driving,driving,39.823,29.086,99.978,0.0,0.864,0.481,0.4915,148.835,2.2389,0.0
776.0,run_20260917_164427,,driving,driving,39.804,29.11,99.978,0.0,0.877,0.488,0.4954,149.33,2.2431,0.0
777.0,run_20260917_164427,,driving,driving,39.785,29.135,99.978,0.0,0.874,0.487,0.4916,149.822,2.2473,0.0
778.0,run_20260917_164427,,driving,driving,39.766,29.16,99.977,0.0,0.896,0.499,0.5028,150.325,2.2515,0.0
779.0,run_20260917_164427,,driving,driving,39.748,29.179,99.977,0.0,0.727,0.405,0.4566,150.781,2.2555,0.0
780.0,run_20260917_164427,,driving,driving,39.733,29.184,99.977,0.0,0.343,0.191,0.322,151.103,2.2588,0.0
781.0,run_20260917_164427,,driving,driving,39.723,29.177,99.977,0.0,0.022,0.012,0.0846,151.188,2.2609,0.0
782.0,run_20260917_164427,,loading,loading,39.715,29.169,99.977,0.0,0.0,0.0,0.0133,151.201,2.2626,0.0
783.0,run_20260917_164427,,loading,loading,39.708,29.161,99.977,0.0,0.0,0.0,0.0,151.201,2.2643,0.0
784.0,run_20260917_164427,,loading,loading,39.7,29.153,99.977,0.0,0.0,0.0,0.0,151.201,2.266,0.0
785.0,run_20260917_164427,,loading,loading,39.693,29.145,99.977,0.0,0.0,0.0,0.0,151.201,2.2676,0.0
786.0,run_20260917_164427,,loading,loading,39.685,29.137,99.977,0.0,0.0,0.0,0.0,151.201,2.2693,0.0
787.0,run_20260917_164427,,loading,loading,39.677,29.13,99.977,0.0,0.0,0.0,0.0,151.201,2.271,0.0
788.0,run_20260917_164427,,loading,loading,39.67,29.122,99.977,0.0,0.0,0.0,0.0,151.201,2.2726,0.0
789.0,run_20260917_164427,,loading,loading,39.662,29.114,99.977,0.0,0.0,0.0,0.0,151.201,2.2743,0.0
790.0,run_20260917_164427,,loading,loading,39.655,29.106,99.977,0.0,0.0,0.0,0.0,151.201,2.276,0.0
791.0,run_20260917_164427,,loading,loading,39.647,29.098,99.977,0.0,0.0,0.0,0.0,151.201,2.2776,0.0
792.0,run_20260917_164427,,loading,loading,39.64,29.09,99.977,0.0,0.0,0.0,0.0,151.201,2.2793,0.0
793.0,run_20260917_164427,,loading,loading,39.632,29.083,99.977,0.0,0.0,0.0,0.0,151.201,2.281,0.0
794.0,run_20260917_164427,,loading,loading,39.624,29.075,99.977,0.0,0.0,0.0,0.0,151.201,2.2826,0.0
795.0,run_20260917_164427,,loading,loading,39.617,29.067,99.977,0.0,0.0,0.0,0.0,151.201,2.2843,0.0
796.0,run_20260917_164427,,loading,loading,39.609,29.059,99.977,0.0,0.0,0.0,0.0,151.201,2.286,0.0
797.0,run_20260917_164427,,loading,loading,39.602,29.052,99.977,0.0,0.0,0.0,0.0,151.201,2.2876,0.0
798.016,run_20260917_164427,,loading,loading,39.594,29.044,99.977,0.0,0.0,0.0,0.0,151.201,2.2893,0.0
799.0,run_20260917_164427,,loading,loading,39.586,29.036,99.977,0.0,0.0,0.0,0.0,151.201,2.291,0.0
800.0,run_20260917_164427,,loading,loading,39.579,29.028,99.977,0.0,0.0,0.0,0.0,151.201,2.2926,0.0
801.0,run_20260917_164427,,loading,loading,39.571,29.021,99.977,0.0,0.0,0.0,0.0,151.201,2.2943,0.0
802.0,run_20260917_164427,,loading,loading,39.564,29.013,99.977,0.0,0.0,0.0,0.0,151.201,2.296,0.0
803.0,run_20260917_164427,,loading,loading,39.556,29.005,99.977,0.0,0.0,0.0,0.0,151.201,2.2976,0.0
804.008,run_20260917_164427,,loading,loading,39.549,28.997,99.977,0.0,0.0,0.0,0.0,151.201,2.2993,0.0
805.004,run_20260917_164427,,loading,loading,39.541,28.99,99.977,0.0,0.0,0.0,0.0,151.201,2.301,0.0
806.0,run_20260917_164427,,loading,loading,39.533,28.982,99.977,0.0,0.0,0.0,0.0,151.201,2.3026,0.0
807.0,run_20260917_164427,,loading,loading,39.526,28.974,99.977,0.0,0.0,0.0,0.0,151.201,2.3043,0.0
808.0,run_20260917_164427,,loading,loading,39.518,28.967,99.977,0.0,0.0,0.0,0.0,151.201,2.306,0.0
809.0,run_20260917_164427,,loading,loading,39.511,28.959,99.977,0.0,0.0,0.0,0.0,151.201,2.3076,0.0
810.0,run_20260917_164427,,loading,loading,39.503,28.951,99.977,0.0,0.0,0.0,0.0,151.201,2.3093,0.0
811.0,run_20260917_164427,,loading,loading,39.496,28.944,99.977,0.0,0.0,0.0,0.0,151.201,2.311,0.0
812.0,run_20260917_164427,,waiting,waiting,39.488,28.936,99.977,2.0,0.0,0.0,0.0,151.201,2.3126,0.0
813.0,run_20260917_164427,,waiting,waiting,39.48,28.928,99.977,2.0,0.0,0.0,0.0,151.201,2.3143,0.0
814.0,run_20260917_164427,,driving,driving,39.469,28.93,99.977,2.0,0.224,0.125,0.1116,151.313,2.3168,0.0
815.0,run_20260917_164427,,driving,driving,39.459,28.933,99.977,2.0,0.256,0.143,0.063,151.376,2.3189,0.0
816.0,run_20260917_164427,,driving,driving,39.438,28.961,99.977,2.0,0.891,0.497,0.4161,151.792,2.3237,0.0
817.004,run_20260917_164427,,driving,driving,39.413,28.99,99.977,2.0,0.896,0.499,0.503,152.295,2.3291,0.0
818.0,run_20260917_164427,,driving,driving,39.389,29.019,99.977,2.0,0.897,0.5,0.5034,152.798,2.3345,0.0
819.0,run_20260917_164427,,driving,driving,39.365,29.048,99.977,2.0,0.897,0.5,0.4827,153.281,2.3398,0.0
820.0,run_20260917_164427,,driving,driving,39.34,29.077,99.977,2.0,0.897,0.5,0.5012,153.782,2.3452,0.0
821.004,run_20260917_164427,,driving,driving,39.316,29.105,99.976,2.0,0.894,0.498,0.5021,154.284,2.3506,0.0
822.0,run_20260917_164427,,driving,driving,39.291,29.134,99.976,2.0,0.892,0.497,0.5025,154.786,2.356,0.0
823.0,run_20260917_164427,,driving,driving,39.266,29.162,99.976,2.0,0.891,0.496,0.5011,155.288,2.3614,0.0
824.0,run_20260917_164427,,driving,driving,39.243,29.191,99.976,2.0,0.897,0.5,0.4848,155.772,2.3666,0.0
825.0,run_20260917_164427,,driving,driving,39.218,29.219,99.976,2.0,0.897,0.5,0.5024,156.275,2.3721,0.0
826.0,run_20260917_164427,,driving,driving,39.193,29.248,99.976,2.0,0.894,0.498,0.503,156.778,2.3775,0.0
827.0,run_20260917_164427,,driving,driving,39.169,29.276,99.976,2.0,0.897,0.5,0.5024,157.28,2.3829,0.0
828.0,run_20260917_164427,,driving,driving,39.145,29.305,99.976,2.0,0.894,0.498,0.4836,157.764,2.3881,0.0
829.0,run_20260917_164427,,driving,driving,39.12,29.333,99.976,2.0,0.893,0.498,0.4982,158.262,2.3935,0.0
830.0,run_20260917_164427,,driving,driving,39.096,29.361,99.976,2.0,0.894,0.498,0.4986,158.761,2.3989,0.0
831.0,run_20260917_164427,,driving,driving,39.071,29.389,99.976,2.0,0.885,0.493,0.4992,159.26,2.4043,0.0
832.0,run_20260917_164427,,driving,driving,39.047,29.418,99.976,2.0,0.897,0.5,0.5027,159.762,2.4097,0.0
833.0,run_20260917_164427,,driving,driving,39.024,29.436,99.976,2.0,0.653,0.364,0.4399,160.202,2.4146,0.0
834.0,run_20260917_164427,,driving,driving,39.01,29.428,99.976,2.0,0.0,0.0,0.2152,160.418,2.4179,0.0
835.004,run_20260917_164427,,loading,loading,39.002,29.42,99.976,2.0,0.0,0.0,0.0,160.418,2.4196,0.0
836.0,run_20260917_164427,,loading,loading,38.994,29.412,99.976,2.0,0.0,0.0,0.0,160.418,2.4212,0.0
837.0,run_20260917_164427,,loading,loading,38.987,29.403,99.976,2.0,0.0,0.0,0.0,160.418,2.4229,0.0
838.0,run_20260917_164427,,loading,loading,38.979,29.395,99.976,2.0,0.0,0.0,0.0,160.418,2.4246,0.0
839.0,run_20260917_164427,,loading,loading,38.972,29.387,99.976,2.0,0.0,0.0,0.0,160.418,2.4262,0.0
840.0,run_20260917_164427,,loading,loading,38.964,29.379,99.976,2.0,0.0,0.0,0.0,160.418,2.4279,0.0
841.0,run_20260917_164427,,loading,loading,38.956,29.371,99.976,2.0,0.0,0.0,0.0,160.418,2.4296,0.0
842.0,run_20260917_164427,,loading,loading,38.949,29.363,99.976,2.0,0.0,0.0,0.0,160.418,2.4312,0.0
843.0,run_20260917_164427,,loading,loading,38.941,29.355,99.976,2.0,0.0,0.0,0.0,160.418,2.4329,0.0
844.0,run_20260917_164427,,loading,loading,38.934,29.347,99.976,2.0,0.0,0.0,0.0,160.418,2.4346,0.0
845.0,run_20260917_164427,,loading,loading,38.926,29.339,99.976,2.0,0.0,0.0,0.0,160.418,2.4362,0.0
846.0,run_20260917_164427,,loading,loading,38.919,29.33,99.976,2.0,0.0,0.0,0.0,160.418,2.4379,0.0
847.0,run_20260917_164427,,loading,loading,38.911,29.322,99.976,2.0,0.0,0.0,0.0,160.418,2.4396,0.0
848.0,run_20260917_164427,,loading,loading,38.903,29.314,99.976,2.0,0.0,0.0,0.0,160.418,2.4412,0.0
849.0,run_20260917_164427,,loading,loading,38.896,29.306,99.976,2.0,0.0,0.0,0.0,160.418,2.4429,0.0
850.0,run_20260917_164427,,loading,loading,38.888,29.298,99.976,2.0,0.0,0.0,0.0,160.418,2.4446,0.0
851.0,run_20260917_164427,,loading,loading,38.881,29.29,99.976,2.0,0.0,0.0,0.0,160.418,2.4462,0.0
852.0,run_20260917_164427,,loading,loading,38.873,29.282,99.976,2.0,0.0,0.0,0.0,160.418,2.4479,0.0
853.0,run_20260917_164427,,loading,loading,38.866,29.274,99.976,2.0,0.0,0.0,0.0,160.418,2.4496,0.0
854.0,run_20260917_164427,,loading,loading,38.858,29.266,99.975,2.0,0.0,0.0,0.0,160.418,2.4512,0.0
855.0,run_20260917_164427,,loading,loading,38.85,29.258,99.975,2.0,0.0,0.0,0.0,160.418,2.4529,0.0
856.0,run_20260917_164427,,loading,loading,38.843,29.25,99.975,2.0,0.0,0.0,0.0,160.418,2.4546,0.0
857.0,run_20260917_164427,,loading,loading,38.835,29.242,99.975,2.0,0.0,0.0,0.0,160.418,2.4562,0.0
858.0,run_20260917_164427,,loading,loading,38.828,29.234,99.975,2.0,0.0,0.0,0.0,160.418,2.4579,0.0
859.0,run_20260917_164427,,loading,loading,38.82,29.226,99.975,2.0,0.0,0.0,0.0,160.418,2.4596,0.0
860.0,run_20260917_164427,,loading,loading,38.813,29.218,99.975,2.0,0.0,0.0,0.0,160.418,2.4612,0.0
861.0,run_20260917_164427,,loading,loading,38.805,29.21,99.975,2.0,0.0,0.0,0.0,160.418,2.4629,0.0
862.0,run_20260917_164427,,loading,loading,38.797,29.203,99.975,2.0,0.0,0.0,0.0,160.418,2.4646,0.0
863.0,run_20260917_164427,,loading,loading,38.79,29.195,99.975,2.0,0.0,0.0,0.0,160.418,2.4662,0.0
864.0,run_20260917_164427,,loading,loading,38.782,29.187,99.975,2.0,0.0,0.0,0.0,160.418,2.4679,0.0
865.0,run_20260917_164427,,waiting,waiting,38.775,29.179,99.975,3.200000047683716,0.0,0.0,0.0,160.418,2.4696,0.0
866.0,run_20260917_164427,,driving,driving,38.763,29.187,99.975,3.200000047683716,0.372,0.207,0.0947,160.512,2.4721,0.0
867.0,run_20260917_164427,,driving,driving,38.751,29.181,99.975,3.200000047683716,0.041,0.023,0.1188,160.631,2.4748,0.0
868.0,run_20260917_164427,,driving,driving,38.741,29.188,99.975,3.200000047683716,0.358,0.199,0.0571,160.688,2.477,0.0
869.0,run_20260917_164427,,driving,driving,38.716,29.219,99.975,3.200000047683716,0.896,0.499,0.4258,161.114,2.4824,0.0
870.0,run_20260917_164427,,driving,driving,38.688,29.249,99.975,3.200000047683716,0.895,0.499,0.5038,161.618,2.4885,0.0
871.0,run_20260917_164427,,driving,driving,38.661,29.28,99.975,3.200000047683716,0.897,0.5,0.5036,162.122,2.4947,0.0
872.0,run_20260917_164427,,driving,driving,38.633,29.309,99.975,3.200000047683716,0.871,0.485,0.4945,162.616,2.5007,0.0
873.0,run_20260917_164427,,driving,driving,38.606,29.339,99.975,3.200000047683716,0.892,0.497,0.4829,163.099,2.5067,0.0
874.0,run_20260917_164427,,driving,driving,38.579,29.37,99.975,3.200000047683716,0.897,0.5,0.4895,163.588,2.5127,0.0
875.0,run_20260917_164427,,driving,driving,38.552,29.397,99.975,3.200000047683716,0.833,0.464,0.4729,164.061,2.5185,0.0
876.0,run_20260917_164427,,driving,driving,38.525,29.427,99.975,3.200000047683716,0.876,0.488,0.4892,164.551,2.5245,0.0
877.0,run_20260917_164427,,driving,driving,38.497,29.457,99.975,3.200000047683716,0.888,0.495,0.4982,165.049,2.5306,0.0
878.0,run_20260917_164427,,driving,driving,38.47,29.486,99.975,3.200000047683716,0.867,0.483,0.4753,165.524,2.5365,0.0
879.0,run_20260917_164427,,driving,driving,38.443,29.516,99.975,3.200000047683716,0.889,0.495,0.4975,166.022,2.5426,0.0
880.0,run_20260917_164427,,driving,driving,38.415,29.545,99.975,3.200000047683716,0.884,0.492,0.4997,166.521,2.5487,0.0
881.0,run_20260917_164427,,driving,driving,38.388,29.575,99.974,3.200000047683716,0.89,0.496,0.4934,167.015,2.5547,0.0
882.0,run_20260917_164427,,driving,driving,38.361,29.605,99.974,3.200000047683716,0.885,0.493,0.4661,167.481,2.5605,0.0
883.0,run_20260917_164427,,driving,driving,38.334,29.633,99.974,3.200000047683716,0.855,0.476,0.4886,167.969,2.5665,0.0
884.0,run_20260917_164427,,driving,driving,38.307,29.663,99.974,3.200000047683716,0.893,0.497,0.4931,168.462,2.5726,0.0
885.0,run_20260917_164427,,driving,driving,38.279,29.692,99.974,3.200000047683716,0.873,0.486,0.4972,168.96,2.5786,0.0
886.0,run_20260917_164427,,driving,driving,38.251,29.722,99.974,3.200000047683716,0.897,0.5,0.4951,169.455,2.5847,0.0
887.0,run_20260917_164427,,driving,driving,38.224,29.75,99.974,3.200000047683716,0.834,0.465,0.4816,169.936,2.5906,0.0
888.0,run_20260917_164427,,driving,driving,38.201,29.766,99.974,3.200000047683716,0.592,0.33,0.4026,170.339,2.5959,0.0
889.0,run_20260917_164427,,driving,driving,38.186,29.759,99.974,3.200000047683716,0.032,0.018,0.1651,170.504,2.599,0.0
890.0,run_20260917_164427,,driving,driving,38.178,29.751,99.974,3.200000047683716,0.0,0.0,0.0291,170.533,2.6009,0.0
891.0,run_20260917_164427,,unloading,unloading,38.17,29.742,99.974,3.200000047683716,0.0,0.0,0.0,170.533,2.6026,0.0
892.0,run_20260917_164427,,unloading,unloading,38.162,29.734,99.974,3.200000047683716,0.0,0.0,0.0,170.533,2.6043,0.0
893.0,run_20260917_164427,,unloading,unloading,38.155,29.725,99.974,3.200000047683716,0.0,0.0,0.0,170.533,2.6059,0.0
894.0,run_20260917_164427,,unloading,unloading,38.147,29.717,99.974,3.200000047683716,0.0,0.0,0.0,170.533,2.6076,0.0
895.0,run_20260917_164427,,unloading,unloading,38.14,29.708,99.974,3.200000047683716,0.0,0.0,0.0,170.533,2.6093,0.0
896.0,run_20260917_164427,,unloading,unloading,38.132,29.7,99.974,3.200000047683716,0.0,0.0,0.0,170.533,2.6109,0.0
897.0,run_20260917_164427,,unloading,unloading,38.124,29.691,99.974,3.200000047683716,0.0,0.0,0.0,170.533,2.6126,0.0
898.0,run_20260917_164427,,unloading,unloading,38.117,29.683,99.974,3.200000047683716,0.0,0.0,0.0,170.533,2.6143,0.0
899.0,run_20260917_164427,,unloading,unloading,38.109,29.674,99.974,3.200000047683716,0.0,0.0,0.0,170.533,2.6159,0.0
900.0,run_20260917_164427,,unloading,unloading,38.102,29.666,99.974,3.200000047683716,0.0,0.0,0.0,170.533,2.6176,0.0
901.0,run_20260917_164427,,unloading,unloading,38.094,29.658,99.974,3.200000047683716,0.0,0.0,0.0,170.533,2.6193,0.0
902.0,run_20260917_164427,,unloading,unloading,38.087,29.649,99.974,3.200000047683716,0.0,0.0,0.0,170.533,2.6209,0.0
903.0,run_20260917_164427,,unloading,unloading,38.079,29.641,99.974,3.200000047683716,0.0,0.0,0.0,170.533,2.6226,0.0
904.0,run_20260917_164427,,unloading,unloading,38.071,29.632,99.974,3.200000047683716,0.0,0.0,0.0,170.533,2.6243,0.0
905.0,run_20260917_164427,,unloading,unloading,38.064,29.624,99.974,3.200000047683716,0.0,0.0,0.0,170.533,2.6259,0.0
906.0,run_20260917_164427,,unloading,unloading,38.056,29.616,99.974,3.200000047683716,0.0,0.0,0.0,170.533,2.6276,0.0
907.0,run_20260917_164427,,unloading,unloading,38.049,29.607,99.974,3.200000047683716,0.0,0.0,0.0,170.533,2.6293,0.0
908.0,run_20260917_164427,,unloading,unloading,38.041,29.599,99.974,3.200000047683716,0.0,0.0,0.0,170.533,2.6309,0.0
909.0,run_20260917_164427,,unloading,unloading,38.034,29.59,99.974,3.200000047683716,0.0,0.0,0.0,170.533,2.6326,0.0
910.0,run_20260917_164427,,unloading,unloading,38.026,29.582,99.974,3.200000047683716,0.0,0.0,0.0,170.533,2.6343,0.0
911.0,run_20260917_164427,,unloading,unloading,38.018,29.574,99.974,3.200000047683716,0.0,0.0,0.0,170.533,2.6359,0.0
912.0,run_20260917_164427,,unloading,unloading,38.011,29.565,99.974,3.200000047683716,0.0,0.0,0.0,170.533,2.6376,0.0
913.0,run_20260917_164427,,unloading,unloading,38.003,29.557,99.974,3.200000047683716,0.0,0.0,0.0,170.533,2.6393,0.0
914.0,run_20260917_164427,,unloading,unloading,37.996,29.549,99.974,3.200000047683716,0.0,0.0,0.0,170.533,2.6409,0.0
915.0,run_20260917_164427,,unloading,unloading,37.988,29.54,99.974,3.200000047683716,0.0,0.0,0.0,170.533,2.6426,0.0
916.0,run_20260917_164427,,unloading,unloading,37.981,29.532,99.974,3.200000047683716,0.0,0.0,0.0,170.533,2.6443,0.0
917.0,run_20260917_164427,,unloading,unloading,37.973,29.524,99.974,3.200000047683716,0.0,0.0,0.0,170.533,2.6459,0.0
918.0,run_20260917_164427,,unloading,unloading,37.965,29.516,99.974,3.200000047683716,0.0,0.0,0.0,170.533,2.6476,0.0
919.0,run_20260917_164427,,unloading,unloading,37.958,29.507,99.974,3.200000047683716,0.0,0.0,0.0,170.533,2.6493,0.0
920.0,run_20260917_164427,,unloading,unloading,37.95,29.499,99.973,3.200000047683716,0.0,0.0,0.0,170.533,2.6509,0.0
921.0,run_20260917_164427,,waiting,waiting,37.943,29.491,99.973,0.0,0.0,0.0,0.0,170.533,2.6526,0.0
922.0,run_20260917_164427,,driving,driving,37.935,29.488,99.973,0.0,0.154,0.086,0.0176,170.551,2.6544,0.0
923.0,run_20260917_164427,,driving,driving,37.923,29.508,99.973,0.0,0.759,0.423,0.1935,170.744,2.657,0.0
924.0,run_20260917_164427,,driving,driving,37.904,29.533,99.973,0.0,0.897,0.499,0.489,171.233,2.6612,0.0
925.0,run_20260917_164427,,driving,driving,37.885,29.558,99.973,0.0,0.897,0.5,0.5015,171.735,2.6654,0.0
926.0,run_20260917_164427,,driving,driving,37.865,29.582,99.973,0.0,0.87,0.485,0.5006,172.235,2.6696,0.0
927.0,run_20260917_164427,,driving,driving,37.847,29.606,99.973,0.0,0.881,0.491,0.4821,172.717,2.6737,0.0
928.0,run_20260917_164427,,driving,driving,37.828,29.631,99.973,0.0,0.896,0.499,0.4875,173.205,2.6779,0.0
929.0,run_20260917_164427,,driving,driving,37.809,29.656,99.973,0.0,0.897,0.5,0.4981,173.703,2.6821,0.0
930.0,run_20260917_164427,,driving,driving,37.789,29.68,99.973,0.0,0.897,0.5,0.5025,174.206,2.6863,0.0
931.0,run_20260917_164427,,driving,driving,37.77,29.705,99.973,0.0,0.897,0.5,0.5034,174.709,2.6905,0.0
932.0,run_20260917_164427,,driving,driving,37.751,29.73,99.973,0.0,0.896,0.499,0.4848,175.194,2.6947,0.0
933.0,run_20260917_164427,,driving,driving,37.733,29.752,99.973,0.0,0.824,0.459,0.4898,175.684,2.6988,0.0
934.0,run_20260917_164427,,driving,driving,37.714,29.774,99.973,0.0,0.832,0.464,0.4552,176.139,2.7028,0.0
935.0,run_20260917_164427,,driving,driving,37.695,29.799,99.973,0.0,0.897,0.5,0.4916,176.631,2.707,0.0
936.0,run_20260917_164427,,driving,driving,37.677,29.823,99.973,0.0,0.882,0.491,0.4778,177.108,2.7111,0.0
937.0,run_20260917_164427,,driving,driving,37.658,29.847,99.973,0.0,0.897,0.5,0.5015,177.61,2.7153,0.0
938.0,run_20260917_164427,,driving,driving,37.639,29.871,99.973,0.0,0.88,0.49,0.4949,178.105,2.7195,0.0
939.0,run_20260917_164427,,driving,driving,37.62,29.894,99.973,0.0,0.854,0.476,0.4926,178.597,2.7237,0.0
940.0,run_20260917_164427,,driving,driving,37.601,29.918,99.973,0.0,0.867,0.483,0.4921,179.089,2.7279,0.0
941.0,run_20260917_164427,,driving,driving,37.582,29.942,99.973,0.0,0.896,0.499,0.4814,179.571,2.732,0.0
942.0,run_20260917_164427,,driving,driving,37.563,29.962,99.973,0.0,0.761,0.424,0.4799,180.051,2.7361,0.0
943.0,run_20260917_164427,,driving,driving,37.547,29.971,99.973,0.0,0.484,0.27,0.3515,180.402,2.7396,0.0
944.0,run_20260917_164427,,loading,loading,37.539,29.962,99.973,0.0,0.0,0.0,0.051,180.453,2.7415,0.0
945.0,run_20260917_164427,,loading,loading,37.531,29.953,99.973,0.0,0.0,0.0,0.0,180.453,2.7432,0.0
946.0,run_20260917_164427,,loading,loading,37.524,29.944,99.973,0.0,0.0,0.0,0.0,180.453,2.7448,0.0
947.0,run_20260917_164427,,loading,loading,37.516,29.936,99.973,0.0,0.0,0.0,0.0,180.453,2.7465,0.0
948.0,run_20260917_164427,,loading,loading,37.508,29.927,99.973,0.0,0.0,0.0,0.0,180.453,2.7482,0.0
949.0,run_20260917_164427,,loading,loading,37.501,29.918,99.973,0.0,0.0,0.0,0.0,180.453,2.7498,0.0
950.0,run_20260917_164427,,loading,loading,37.493,29.909,99.972,0.0,0.0,0.0,0.0,180.453,2.7515,0.0
951.0,run_20260917_164427,,loading,loading,37.486,29.901,99.972,0.0,0.0,0.0,0.0,180.453,2.7532,0.0
952.0,run_20260917_164427,,loading,loading,37.478,29.892,99.972,0.0,0.0,0.0,0.0,180.453,2.7548,0.0
953.0,run_20260917_164427,,loading,loading,37.471,29.883,99.972,0.0,0.0,0.0,0.0,180.453,2.7565,0.0
954.0,run_20260917_164427,,loading,loading,37.463,29.875,99.972,0.0,0.0,0.0,0.0,180.453,2.7582,0.0
955.0,run_20260917_164427,,loading,loading,37.455,29.866,99.972,0.0,0.0,0.0,0.0,180.453,2.7598,0.0
956.0,run_20260917_164427,,loading,loading,37.448,29.857,99.972,0.0,0.0,0.0,0.0,180.453,2.7615,0.0
957.0,run_20260917_164427,,loading,loading,37.44,29.849,99.972,0.0,0.0,0.0,0.0,180.453,2.7632,0.0
958.0,run_20260917_164427,,loading,loading,37.433,29.84,99.972,0.0,0.0,0.0,0.0,180.453,2.7648,0.0
959.0,run_20260917_164427,,loading,loading,37.425,29.832,99.972,0.0,0.0,0.0,0.0,180.453,2.7665,0.0
960.0,run_20260917_164427,,loading,loading,37.417,29.823,99.972,0.0,0.0,0.0,0.0,180.453,2.7682,0.0
961.0,run_20260917_164427,,loading,loading,37.41,29.814,99.972,0.0,0.0,0.0,0.0,180.453,2.7698,0.0
962.0,run_20260917_164427,,loading,loading,37.402,29.806,99.972,0.0,0.0,0.0,0.0,180.453,2.7715,0.0
963.0,run_20260917_164427,,loading,loading,37.395,29.797,99.972,0.0,0.0,0.0,0.0,180.453,2.7732,0.0
964.0,run_20260917_164427,,loading,loading,37.387,29.789,99.972,0.0,0.0,0.0,0.0,180.453,2.7748,0.0
965.0,run_20260917_164427,,loading,loading,37.38,29.78,99.972,0.0,0.0,0.0,0.0,180.453,2.7765,0.0
966.0,run_20260917_164427,,loading,loading,37.372,29.771,99.972,0.0,0.0,0.0,0.0,180.453,2.7782,0.0
967.0,run_20260917_164427,,loading,loading,37.364,29.763,99.972,0.0,0.0,0.0,0.0,180.453,2.7798,0.0
968.0,run_20260917_164427,,loading,loading,37.357,29.754,99.972,0.0,0.0,0.0,0.0,180.453,2.7815,0.0
969.0,run_20260917_164427,,loading,loading,37.349,29.746,99.972,0.0,0.0,0.0,0.0,180.453,2.7832,0.0
970.0,run_20260917_164427,,loading,loading,37.342,29.737,99.972,0.0,0.0,0.0,0.0,180.453,2.7848,0.0
971.0,run_20260917_164427,,loading,loading,37.334,29.729,99.972,0.0,0.0,0.0,0.0,180.453,2.7865,0.0
972.0,run_20260917_164427,,loading,loading,37.327,29.72,99.972,0.0,0.0,0.0,0.0,180.453,2.7882,0.0
973.004,run_20260917_164427,,loading,loading,37.319,29.712,99.972,0.0,0.0,0.0,0.0,180.453,2.7898,0.0
974.0,run_20260917_164427,,waiting,waiting,37.311,29.703,99.972,3.200000047683716,0.0,0.0,0.0,180.453,2.7915,0.0
975.0,run_20260917_164427,,driving,driving,37.304,29.695,99.972,3.200000047683716,0.011,0.006,0.0003,180.453,2.7932,0.0
976.0,run_20260917_164427,,driving,driving,37.291,29.701,99.972,3.200000047683716,0.328,0.183,0.1303,180.584,2.796,0.0
977.0,run_20260917_164427,,driving,driving,37.278,29.698,99.972,3.200000047683716,0.118,0.066,0.1439,180.728,2.7989,0.0
978.0,run_20260917_164427,,driving,driving,37.269,29.692,99.972,3.200000047683716,0.059,0.033,0.0281,180.756,2.8008,0.0
979.0,run_20260917_164427,,driving,driving,37.251,29.72,99.972,3.200000047683716,0.868,0.484,0.2522,181.008,2.8047,0.0
980.0,run_20260917_164427,,driving,driving,37.224,29.75,99.972,3.200000047683716,0.891,0.497,0.497,181.505,2.8108,0.0
981.0,run_20260917_164427,,driving,driving,37.196,29.78,99.972,3.200000047683716,0.896,0.499,0.5016,182.007,2.8169,0.0
982.0,run_20260917_164427,,driving,driving,37.169,29.81,99.972,3.200000047683716,0.895,0.499,0.4828,182.489,2.8229,0.0
983.0,run_20260917_164427,,driving,driving,37.141,29.839,99.972,3.200000047683716,0.881,0.491,0.4979,182.987,2.829,0.0
984.0,run_20260917_164427,,driving,driving,37.113,29.869,99.972,3.200000047683716,0.891,0.496,0.5,183.487,2.8351,0.0
985.0,run_20260917_164427,,driving,driving,37.086,29.895,99.972,3.200000047683716,0.821,0.458,0.4866,183.974,2.8411,0.0
986.0,run_20260917_164427,,driving,driving,37.06,29.924,99.972,3.200000047683716,0.869,0.484,0.4589,184.433,2.8468,0.0
987.0,run_20260917_164427,,driving,driving,37.032,29.954,99.971,3.200000047683716,0.895,0.499,0.5001,184.933,2.8529,0.0
988.0,run_20260917_164427,,driving,driving,37.004,29.983,99.971,3.200000047683716,0.897,0.5,0.501,185.434,2.8591,0.0
989.0,run_20260917_164427,,driving,driving,36.976,30.013,99.971,3.200000047683716,0.897,0.5,0.5033,185.937,2.8652,0.0
990.0,run_20260917_164427,,driving,driving,36.949,30.043,99.971,3.200000047683716,0.897,0.5,0.4858,186.423,2.8712,0.0
991.0,run_20260917_164427,,driving,driving,36.921,30.072,99.971,3.200000047683716,0.896,0.499,0.5035,186.926,2.8773,0.0
992.0,run_20260917_164427,,driving,driving,36.893,30.102,99.971,3.200000047683716,0.895,0.499,0.5006,187.427,2.8834,0.0
993.0,run_20260917_164427,,driving,driving,36.866,30.13,99.971,3.200000047683716,0.858,0.478,0.5008,187.928,2.8896,0.0
994.008,run_20260917_164427,,driving,driving,36.838,30.159,99.971,3.200000047683716,0.874,0.487,0.4948,188.423,2.8956,0.0
995.0,run_20260917_164427,,driving,driving,36.812,30.186,99.971,3.200000047683716,0.85,0.474,0.4612,188.884,2.9014,0.0
996.0,run_20260917_164427,,driving,driving,36.784,30.216,99.971,3.200000047683716,0.897,0.5,0.5002,189.384,2.9075,0.0
997.0,run_20260917_164427,,driving,driving,36.757,30.239,99.971,3.200000047683716,0.768,0.428,0.4904,189.874,2.9135,0.0
998.0,run_20260917_164427,,driving,driving,36.735,30.251,99.971,3.200000047683716,0.476,0.265,0.3451,190.219,2.9183,0.0
999.0,run_20260917_164427,,driving,driving,36.723,30.243,99.971,3.200000047683716,0.03,0.016,0.1071,190.326,2.9209,0.0
1000.0,run_20260917_164427,,driving,driving,36.714,30.234,99.971,3.200000047683716,0.0,0.0,0.0485,190.375,2.923,0.0
1001.0,run_20260917_164427,,unloading,unloading,36.706,30.225,99.971,3.200000047683716,0.0,0.0,0.0,190.375,2.9247,0.0
1002.0,run_20260917_164427,,unloading,unloading,36.699,30.216,99.971,3.200000047683716,0.0,0.0,0.0,190.375,2.9263,0.0
1003.0,run_20260917_164427,,unloading,unloading,36.691,30.207,99.971,3.200000047683716,0.0,0.0,0.0,190.375,2.928,0.0
1004.0,run_20260917_164427,,unloading,unloading,36.683,30.198,99.971,3.200000047683716,0.0,0.0,0.0,190.375,2.9297,0.0
1005.0,run_20260917_164427,,unloading,unloading,36.676,30.189,99.971,3.200000047683716,0.0,0.0,0.0,190.375,2.9313,0.0
1006.0,run_20260917_164427,,unloading,unloading,36.668,30.18,99.971,3.200000047683716,0.0,0.0,0.0,190.375,2.933,0.0
1007.0,run_20260917_164427,,unloading,unloading,36.661,30.171,99.971,3.200000047683716,0.0,0.0,0.0,190.375,2.9347,0.0
1008.0,run_20260917_164427,,unloading,unloading,36.653,30.162,99.971,3.200000047683716,0.0,0.0,0.0,190.375,2.9363,0.0
1009.0,run_20260917_164427,,unloading,unloading,36.646,30.153,99.971,3.200000047683716,0.0,0.0,0.0,190.375,2.938,0.0
1010.0,run_20260917_164427,,unloading,unloading,36.638,30.144,99.971,3.200000047683716,0.0,0.0,0.0,190.375,2.9397,0.0
1011.0,run_20260917_164427,,unloading,unloading,36.63,30.135,99.971,3.200000047683716,0.0,0.0,0.0,190.375,2.9413,0.0
1012.0,run_20260917_164427,,unloading,unloading,36.623,30.126,99.971,3.200000047683716,0.0,0.0,0.0,190.375,2.943,0.0
1013.0,run_20260917_164427,,unloading,unloading,36.615,30.117,99.971,3.200000047683716,0.0,0.0,0.0,190.375,2.9447,0.0
1014.004,run_20260917_164427,,unloading,unloading,36.608,30.108,99.971,3.200000047683716,0.0,0.0,0.0,190.375,2.9463,0.0
1015.0,run_20260917_164427,,unloading,unloading,36.6,30.099,99.971,3.200000047683716,0.0,0.0,0.0,190.375,2.948,0.0
1016.0,run_20260917_164427,,unloading,unloading,36.592,30.09,99.971,3.200000047683716,0.0,0.0,0.0,190.375,2.9497,0.0
1017.0,run_20260917_164427,,unloading,unloading,36.585,30.081,99.97,3.200000047683716,0.0,0.0,0.0,190.375,2.9513,0.0
1018.0,run_20260917_164427,,unloading,unloading,36.577,30.072,99.97,3.200000047683716,0.0,0.0,0.0,190.375,2.953,0.0
1019.0,run_20260917_164427,,unloading,unloading,36.57,30.064,99.97,3.200000047683716,0.0,0.0,0.0,190.375,2.9547,0.0
1020.0,run_20260917_164427,,unloading,unloading,36.562,30.055,99.97,3.200000047683716,0.0,0.0,0.0,190.375,2.9563,0.0
1021.0,run_20260917_164427,,unloading,unloading,36.555,30.046,99.97,3.200000047683716,0.0,0.0,0.0,190.375,2.958,0.0
1022.0,run_20260917_164427,,unloading,unloading,36.547,30.037,99.97,3.200000047683716,0.0,0.0,0.0,190.375,2.9597,0.0
1023.0,run_20260917_164427,,unloading,unloading,36.539,30.028,99.97,3.200000047683716,0.0,0.0,0.0,190.375,2.9613,0.0
1024.0,run_20260917_164427,,unloading,unloading,36.532,30.019,99.97,3.200000047683716,0.0,0.0,0.0,190.375,2.963,0.0
1025.0,run_20260917_164427,,unloading,unloading,36.524,30.01,99.97,3.200000047683716,0.0,0.0,0.0,190.375,2.9647,0.0
1026.0,run_20260917_164427,,unloading,unloading,36.517,30.002,99.97,3.200000047683716,0.0,0.0,0.0,190.375,2.9663,0.0
1027.0,run_20260917_164427,,unloading,unloading,36.509,29.993,99.97,3.200000047683716,0.0,0.0,0.0,190.375,2.968,0.0
1028.0,run_20260917_164427,,unloading,unloading,36.502,29.984,99.97,3.200000047683716,0.0,0.0,0.0,190.375,2.9697,0.0
1029.0,run_20260917_164427,,unloading,unloading,36.494,29.975,99.97,3.200000047683716,0.0,0.0,0.0,190.375,2.9713,0.0
1030.0,run_20260917_164427,,unloading,unloading,36.486,29.966,99.97,3.200000047683716,0.0,0.0,0.0,190.375,2.973,0.0
1031.0,run_20260917_164427,,waiting,waiting,36.479,29.958,99.97,0.0,0.0,0.0,0.0,190.375,2.9747,0.0
1032.0,run_20260917_164427,,driving,driving,36.471,29.953,99.97,0.0,0.116,0.065,0.0125,190.387,2.9764,0.0
1033.0,run_20260917_164427,,driving,driving,36.459,29.968,99.97,0.0,0.644,0.359,0.1836,190.571,2.979,0.0
1034.0,run_20260917_164427,,driving,driving,36.441,29.992,99.97,0.0,0.879,0.49,0.4704,191.041,2.9831,0.0
1035.0,run_20260917_164427,,driving,driving,36.422,30.016,99.97,0.0,0.885,0.493,0.4795,191.521,2.9872,0.0
1036.0,run_20260917_164427,,driving,driving,36.403,30.04,99.97,0.0,0.885,0.493,0.4985,192.019,2.9914,0.0
1037.0,run_20260917_164427,,driving,driving,36.384,30.064,99.97,0.0,0.897,0.5,0.5006,192.52,2.9956,0.0
1038.0,run_20260917_164427,,driving,driving,36.365,30.088,99.97,0.0,0.866,0.482,0.4982,193.018,2.9998,0.0
1039.0,run_20260917_164427,,driving,driving,36.345,30.112,99.97,0.0,0.894,0.498,0.4987,193.517,3.004,0.0
1040.0,run_20260917_164427,,driving,driving,36.327,30.134,99.97,0.0,0.843,0.47,0.464,193.981,3.008,0.0
1041.0,run_20260917_164427,,driving,driving,36.308,30.158,99.97,0.0,0.89,0.496,0.488,194.469,3.0122,0.0
1042.0,run_20260917_164427,,driving,driving,36.289,30.182,99.97,0.0,0.887,0.494,0.4981,194.967,3.0164,0.0
1043.0,run_20260917_164427,,driving,driving,36.27,30.205,99.97,0.0,0.874,0.487,0.4987,195.466,3.0206,0.0
1044.0,run_20260917_164427,,driving,driving,36.251,30.229,99.97,0.0,0.897,0.5,0.4842,195.95,3.0248,0.0
1045.0,run_20260917_164427,,driving,driving,36.233,30.246,99.97,0.0,0.701,0.391,0.4652,196.415,3.0288,0.0
1046.0,run_20260917_164427,,driving,driving,36.219,30.248,99.97,0.0,0.297,0.165,0.2815,196.696,3.0319,0.0
1047.0,run_20260917_164427,,driving,driving,36.21,30.241,99.97,0.0,0.045,0.025,0.0645,196.761,3.0339,0.0
1048.0,run_20260917_164427,,loading,loading,36.202,30.232,99.97,0.0,0.0,0.0,0.0128,196.774,3.0356,0.0
1049.0,run_20260917_164427,,loading,loading,36.194,30.223,99.97,0.0,0.0,0.0,0.0,196.774,3.0373,0.0
1050.0,run_20260917_164427,,loading,loading,36.187,30.214,99.97,0.0,0.0,0.0,0.0,196.774,3.039,0.0
1051.0,run_20260917_164427,,loading,loading,36.179,30.205,99.97,0.0,0.0,0.0,0.0,196.774,3.0406,0.0
1052.0,run_20260917_164427,,loading,loading,36.171,30.196,99.97,0.0,0.0,0.0,0.0,196.774,3.0423,0.0
1053.0,run_20260917_164427,,loading,loading,36.164,30.186,99.97,0.0,0.0,0.0,0.0,196.774,3.044,0.0
1054.0,run_20260917_164427,,loading,loading,36.156,30.177,99.97,0.0,0.0,0.0,0.0,196.774,3.0456,0.0
1055.0,run_20260917_164427,,loading,loading,36.149,30.168,99.97,0.0,0.0,0.0,0.0,196.774,3.0473,0.0
1056.0,run_20260917_164427,,loading,loading,36.141,30.16,99.97,0.0,0.0,0.0,0.0,196.774,3.049,0.0
1057.0,run_20260917_164427,,loading,loading,36.133,30.151,99.969,0.0,0.0,0.0,0.0,196.774,3.0506,0.0
1058.0,run_20260917_164427,,loading,loading,36.126,30.142,99.969,0.0,0.0,0.0,0.0,196.774,3.0523,0.0
1059.0,run_20260917_164427,,loading,loading,36.118,30.133,99.969,0.0,0.0,0.0,0.0,196.774,3.054,0.0
1060.0,run_20260917_164427,,loading,loading,36.111,30.124,99.969,0.0,0.0,0.0,0.0,196.774,3.0556,0.0
1061.0,run_20260917_164427,,loading,loading,36.103,30.115,99.969,0.0,0.0,0.0,0.0,196.774,3.0573,0.0
1062.0,run_20260917_164427,,loading,loading,36.096,30.106,99.969,0.0,0.0,0.0,0.0,196.774,3.059,0.0
1063.0,run_20260917_164427,,loading,loading,36.088,30.097,99.969,0.0,0.0,0.0,0.0,196.774,3.0606,0.0
1064.0,run_20260917_164427,,loading,loading,36.08,30.088,99.969,0.0,0.0,0.0,0.0,196.774,3.0623,0.0
1065.0,run_20260917_164427,,loading,loading,36.073,30.079,99.969,0.0,0.0,0.0,0.0,196.774,3.064,0.0
1066.0,run_20260917_164427,,loading,loading,36.065,30.07,99.969,0.0,0.0,0.0,0.0,196.774,3.0656,0.0
1067.0,run_20260917_164427,,loading,loading,36.058,30.061,99.969,0.0,0.0,0.0,0.0,196.774,3.0673,0.0
1068.0,run_20260917_164427,,loading,loading,36.05,30.052,99.969,0.0,0.0,0.0,0.0,196.774,3.069,0.0
1069.0,run_20260917_164427,,loading,loading,36.043,30.044,99.969,0.0,0.0,0.0,0.0,196.774,3.0706,0.0
1070.0,run_20260917_164427,,loading,loading,36.035,30.035,99.969,0.0,0.0,0.0,0.0,196.774,3.0723,0.0
1071.0,run_20260917_164427,,loading,loading,36.027,30.026,99.969,0.0,0.0,0.0,0.0,196.774,3.074,0.0
1072.0,run_20260917_164427,,loading,loading,36.02,30.017,99.969,0.0,0.0,0.0,0.0,196.774,3.0756,0.0
1073.0,run_20260917_164427,,loading,loading,36.012,30.008,99.969,0.0,0.0,0.0,0.0,196.774,3.0773,0.0
1074.0,run_20260917_164427,,loading,loading,36.005,29.999,99.969,0.0,0.0,0.0,0.0,196.774,3.079,0.0
1075.0,run_20260917_164427,,loading,loading,35.997,29.991,99.969,0.0,0.0,0.0,0.0,196.774,3.0806,0.0
1076.0,run_20260917_164427,,loading,loading,35.99,29.982,99.969,0.0,0.0,0.0,0.0,196.774,3.0823,0.0
1077.0,run_20260917_164427,,loading,loading,35.982,29.973,99.969,0.0,0.0,0.0,0.0,196.774,3.084,0.0
1078.0,run_20260917_164427,,waiting,waiting,35.974,29.964,99.969,2.0,0.0,0.0,0.0,196.774,3.0856,0.0
1079.0,run_20260917_164427,,driving,driving,35.967,29.956,99.969,2.0,0.0,0.0,0.0,196.774,3.0873,0.0
1080.0,run_20260917_164427,,driving,driving,35.955,29.957,99.969,2.0,0.243,0.135,0.1351,196.909,3.09,0.0
1081.0,run_20260917_164427,,driving,driving,35.945,29.957,99.969,2.0,0.227,0.127,0.0632,196.972,3.0921,0.0
1082.0,run_20260917_164427,,driving,driving,35.925,29.981,99.969,2.0,0.809,0.451,0.3569,197.329,3.0964,0.0
1083.0,run_20260917_164427,,driving,driving,35.901,30.009,99.969,2.0,0.895,0.498,0.4904,197.819,3.1018,0.0
1084.0,run_20260917_164427,,driving,driving,35.876,30.037,99.969,2.0,0.897,0.5,0.5015,198.321,3.1072,0.0
1085.0,run_20260917_164427,,driving,driving,35.853,30.064,99.969,2.0,0.882,0.492,0.4814,198.802,3.1124,0.0
1086.0,run_20260917_164427,,driving,driving,35.828,30.091,99.969,2.0,0.889,0.495,0.4915,199.294,3.1178,0.0
1087.0,run_20260917_164427,,driving,driving,35.804,30.119,99.969,2.0,0.897,0.5,0.5024,199.796,3.1232,0.0
1088.0,run_20260917_164427,,driving,driving,35.779,30.146,99.969,2.0,0.894,0.498,0.5029,200.299,3.1286,0.0
1089.0,run_20260917_164427,,driving,driving,35.755,30.174,99.969,2.0,0.897,0.5,0.4757,200.775,3.1338,0.0
1090.0,run_20260917_164427,,driving,driving,35.731,30.201,99.969,2.0,0.897,0.5,0.5034,201.278,3.1393,0.0
1091.0,run_20260917_164427,,driving,driving,35.706,30.229,99.969,2.0,0.897,0.5,0.5033,201.781,3.1447,0.0
1092.0,run_20260917_164427,,driving,driving,35.681,30.256,99.968,2.0,0.897,0.5,0.5037,202.285,3.1501,0.0
1093.0,run_20260917_164427,,driving,driving,35.657,30.283,99.968,2.0,0.875,0.487,0.4869,202.772,3.1554,0.0
1094.0,run_20260917_164427,,driving,driving,35.633,30.31,99.968,2.0,0.893,0.497,0.4761,203.248,3.1607,0.0
1095.0,run_20260917_164427,,driving,driving,35.609,30.337,99.968,2.0,0.894,0.498,0.5012,203.749,3.1661,0.0
1096.0,run_20260917_164427,,driving,driving,35.584,30.365,99.968,2.0,0.897,0.5,0.5017,204.251,3.1715,0.0
1097.0,run_20260917_164427,,driving,driving,35.56,30.391,99.968,2.0,0.883,0.492,0.4952,204.746,3.1769,0.0
1098.0,run_20260917_164427,,driving,driving,35.536,30.418,99.968,2.0,0.889,0.495,0.4824,205.228,3.1821,0.0
1099.0,run_20260917_164427,,driving,driving,35.512,30.439,99.968,2.0,0.728,0.406,0.4708,205.699,3.1873,0.0
1100.0,run_20260917_164427,,driving,driving,35.494,30.43,99.968,2.0,0.026,0.014,0.2993,205.999,3.1912,0.0
1101.0,run_20260917_164427,,loading,loading,35.487,30.421,99.968,2.0,0.0,0.0,0.0001,205.999,3.1929,0.0
1102.0,run_20260917_164427,,loading,loading,35.479,30.412,99.968,2.0,0.0,0.0,0.0,205.999,3.1946,0.0
1103.0,run_20260917_164427,,loading,loading,35.472,30.403,99.968,2.0,0.0,0.0,0.0,205.999,3.1962,0.0
1104.0,run_20260917_164427,,loading,loading,35.464,30.393,99.968,2.0,0.0,0.0,0.0,205.999,3.1979,0.0
1105.0,run_20260917_164427,,loading,loading,35.456,30.384,99.968,2.0,0.0,0.0,0.0,205.999,3.1996,0.0
1106.0,run_20260917_164427,,loading,loading,35.449,30.375,99.968,2.0,0.0,0.0,0.0,205.999,3.2012,0.0
1107.0,run_20260917_164427,,loading,loading,35.441,30.366,99.968,2.0,0.0,0.0,0.0,205.999,3.2029,0.0
1108.0,run_20260917_164427,,loading,loading,35.434,30.356,99.968,2.0,0.0,0.0,0.0,205.999,3.2046,0.0
1109.0,run_20260917_164427,,loading,loading,35.426,30.347,99.968,2.0,0.0,0.0,0.0,205.999,3.2062,0.0
1110.0,run_20260917_164427,,loading,loading,35.419,30.338,99.968,2.0,0.0,0.0,0.0,205.999,3.2079,0.0
1111.0,run_20260917_164427,,loading,loading,35.411,30.329,99.968,2.0,0.0,0.0,0.0,205.999,3.2096,0.0
1112.0,run_20260917_164427,,loading,loading,35.403,30.32,99.968,2.0,0.0,0.0,0.0,205.999,3.2112,0.0
1113.0,run_20260917_164427,,loading,loading,35.396,30.311,99.968,2.0,0.0,0.0,0.0,205.999,3.2129,0.0
1114.0,run_20260917_164427,,loading,loading,35.388,30.301,99.968,2.0,0.0,0.0,0.0,205.999,3.2146,0.0
1115.0,run_20260917_164427,,loading,loading,35.381,30.292,99.968,2.0,0.0,0.0,0.0,205.999,3.2162,0.0
1116.0,run_20260917_164427,,loading,loading,35.373,30.283,99.968,2.0,0.0,0.0,0.0,205.999,3.2179,0.0
1117.0,run_20260917_164427,,loading,loading,35.366,30.274,99.968,2.0,0.0,0.0,0.0,205.999,3.2196,0.0
1118.0,run_20260917_164427,,loading,loading,35.358,30.265,99.968,2.0,0.0,0.0,0.0,205.999,3.2212,0.0
1119.0,run_20260917_164427,,loading,loading,35.35,30.256,99.968,2.0,0.0,0.0,0.0,205.999,3.2229,0.0
1120.0,run_20260917_164427,,loading,loading,35.343,30.247,99.968,2.0,0.0,0.0,0.0,205.999,3.2246,0.0
1121.0,run_20260917_164427,,loading,loading,35.335,30.238,99.968,2.0,0.0,0.0,0.0,205.999,3.2262,0.0
1122.0,run_20260917_164427,,loading,loading,35.328,30.229,99.968,2.0,0.0,0.0,0.0,205.999,3.2279,0.0
1123.0,run_20260917_164427,,loading,loading,35.32,30.22,99.968,2.0,0.0,0.0,0.0,205.999,3.2296,0.0
1124.0,run_20260917_164427,,loading,loading,35.313,30.211,99.968,2.0,0.0,0.0,0.0,205.999,3.2312,0.0
1125.0,run_20260917_164427,,loading,loading,35.305,30.202,99.968,2.0,0.0,0.0,0.0,205.999,3.2329,0.0
1126.0,run_20260917_164427,,loading,loading,35.297,30.193,99.968,2.0,0.0,0.0,0.0,205.999,3.2346,0.0
1127.0,run_20260917_164427,,loading,loading,35.29,30.184,99.968,2.0,0.0,0.0,0.0,205.999,3.2362,0.0
1128.0,run_20260917_164427,,loading,loading,35.282,30.175,99.968,2.0,0.0,0.0,0.0,205.999,3.2379,0.0
1129.0,run_20260917_164427,,loading,loading,35.275,30.166,99.968,2.0,0.0,0.0,0.0,205.999,3.2396,0.0
1130.0,run_20260917_164427,,loading,loading,35.267,30.157,99.968,2.0,0.0,0.0,0.0,205.999,3.2412,0.0
1131.0,run_20260917_164427,,waiting,waiting,35.26,30.148,99.968,5.0,0.0,0.0,0.0,205.999,3.2429,0.0
1132.0,run_20260917_164427,,driving,driving,35.25,30.151,99.968,5.0,0.266,0.148,0.0328,206.031,3.2449,0.0
1133.0,run_20260917_164427,,driving,driving,35.234,30.15,99.968,5.0,0.178,0.099,0.1711,206.203,3.2485,0.0
1134.0,run_20260917_164427,,driving,driving,35.225,30.143,99.967,5.0,0.04,0.022,0.0285,206.231,3.2505,0.0
1135.0,run_20260917_164427,,driving,driving,35.207,30.175,99.967,5.0,0.877,0.489,0.2097,206.441,3.2544,0.0
1136.0,run_20260917_164427,,driving,driving,35.175,30.206,99.967,5.0,0.876,0.488,0.4966,206.937,3.2616,0.0
1137.0,run_20260917_164427,,driving,driving,35.142,30.239,99.967,5.0,0.896,0.499,0.5028,207.44,3.2688,0.0
1138.0,run_20260917_164427,,driving,driving,35.109,30.27,99.967,5.0,0.883,0.492,0.5008,207.941,3.276,0.0
1139.0,run_20260917_164427,,driving,driving,35.077,30.303,99.967,5.0,0.897,0.5,0.4814,208.422,3.283,0.0
1140.0,run_20260917_164427,,driving,driving,35.045,30.333,99.967,5.0,0.859,0.479,0.4987,208.921,3.2901,0.0
1141.0,run_20260917_164427,,driving,driving,35.014,30.364,99.967,5.0,0.851,0.474,0.4655,209.387,3.2969,0.0
1142.0,run_20260917_164427,,driving,driving,34.983,30.396,99.967,5.0,0.896,0.499,0.4698,209.856,3.3038,0.0
1143.0,run_20260917_164427,,driving,driving,34.951,30.427,99.967,5.0,0.88,0.49,0.4806,210.337,3.3107,0.0
1144.0,run_20260917_164427,,driving,driving,34.919,30.458,99.967,5.0,0.875,0.488,0.4996,210.836,3.3179,0.0
1145.0,run_20260917_164427,,driving,driving,34.886,30.491,99.967,5.0,0.897,0.5,0.5019,211.338,3.3251,0.0
1146.0,run_20260917_164427,,driving,driving,34.853,30.522,99.967,5.0,0.886,0.494,0.4932,211.832,3.3322,0.0
1147.0,run_20260917_164427,,driving,driving,34.821,30.554,99.967,5.0,0.88,0.491,0.4901,212.322,3.3393,0.0
1148.0,run_20260917_164427,,driving,driving,34.79,30.586,99.967,5.0,0.894,0.498,0.4687,212.79,3.3462,0.0
1149.0,run_20260917_164427,,driving,driving,34.757,30.618,99.966,5.0,0.897,0.5,0.5006,213.291,3.3534,0.0
1150.0,run_20260917_164427,,driving,driving,34.725,30.649,99.966,5.0,0.878,0.489,0.4906,213.782,3.3604,0.0
1151.0,run_20260917_164427,,driving,driving,34.693,30.68,99.966,5.0,0.879,0.49,0.4881,214.27,3.3675,0.0
1152.0,run_20260917_164427,,driving,driving,34.662,30.711,99.966,5.0,0.88,0.491,0.4751,214.745,3.3744,0.0
1153.0,run_20260917_164427,,driving,driving,34.629,30.743,99.966,5.0,0.897,0.5,0.4949,215.24,3.3816,0.0
1154.0,run_20260917_164427,,driving,driving,34.598,30.767,99.966,5.0,0.736,0.41,0.4812,215.721,3.3885,0.0
1155.0,run_20260917_164427,,driving,driving,34.573,30.774,99.966,5.0,0.341,0.19,0.329,216.05,3.3938,0.0
1156.0,run_20260917_164427,,driving,driving,34.562,30.767,99.966,5.0,0.064,0.036,0.0683,216.118,3.3963,0.0
1157.0,run_20260917_164427,,unloading,unloading,34.554,30.757,99.966,5.0,0.0,0.0,0.014,216.132,3.3981,0.0
1158.0,run_20260917_164427,,unloading,unloading,34.547,30.748,99.966,5.0,0.0,0.0,0.0,216.132,3.3997,0.0
1159.0,run_20260917_164427,,unloading,unloading,34.539,30.738,99.966,5.0,0.0,0.0,0.0,216.132,3.4014,0.0
1160.0,run_20260917_164427,,unloading,unloading,34.531,30.728,99.966,5.0,0.0,0.0,0.0,216.132,3.4031,0.0
1161.0,run_20260917_164427,,unloading,unloading,34.524,30.719,99.966,5.0,0.0,0.0,0.0,216.132,3.4047,0.0
1162.0,run_20260917_164427,,unloading,unloading,34.516,30.709,99.966,5.0,0.0,0.0,0.0,216.132,3.4064,0.0
1163.0,run_20260917_164427,,unloading,unloading,34.509,30.7,99.966,5.0,0.0,0.0,0.0,216.132,3.4081,0.0
1164.0,run_20260917_164427,,unloading,unloading,34.501,30.69,99.966,5.0,0.0,0.0,0.0,216.132,3.4097,0.0
1165.0,run_20260917_164427,,unloading,unloading,34.494,30.68,99.966,5.0,0.0,0.0,0.0,216.132,3.4114,0.0
1166.0,run_20260917_164427,,unloading,unloading,34.486,30.671,99.966,5.0,0.0,0.0,0.0,216.132,3.4131,0.0
1167.0,run_20260917_164427,,unloading,unloading,34.478,30.661,99.966,5.0,0.0,0.0,0.0,216.132,3.4147,0.0
1168.0,run_20260917_164427,,unloading,unloading,34.471,30.652,99.966,5.0,0.0,0.0,0.0,216.132,3.4164,0.0
1169.0,run_20260917_164427,,unloading,unloading,34.463,30.642,99.966,5.0,0.0,0.0,0.0,216.132,3.4181,0.0
1170.0,run_20260917_164427,,unloading,unloading,34.456,30.633,99.966,5.0,0.0,0.0,0.0,216.132,3.4197,0.0
1171.0,run_20260917_164427,,unloading,unloading,34.448,30.623,99.966,5.0,0.0,0.0,0.0,216.132,3.4214,0.0
1172.0,run_20260917_164427,,unloading,unloading,34.441,30.614,99.966,5.0,0.0,0.0,0.0,216.132,3.4231,0.0
1173.0,run_20260917_164427,,unloading,unloading,34.433,30.604,99.966,5.0,0.0,0.0,0.0,216.132,3.4247,0.0
1174.0,run_20260917_164427,,unloading,unloading,34.425,30.595,99.966,5.0,0.0,0.0,0.0,216.132,3.4264,0.0
1175.0,run_20260917_164427,,unloading,unloading,34.418,30.585,99.966,5.0,0.0,0.0,0.0,216.132,3.4281,0.0
1176.0,run_20260917_164427,,unloading,unloading,34.41,30.576,99.966,5.0,0.0,0.0,0.0,216.132,3.4297,0.0
1177.0,run_20260917_164427,,unloading,unloading,34.403,30.567,99.966,5.0,0.0,0.0,0.0,216.132,3.4314,0.0
1178.0,run_20260917_164427,,unloading,unloading,34.395,30.557,99.966,5.0,0.0,0.0,0.0,216.132,3.4331,0.0
1179.0,run_20260917_164427,,unloading,unloading,34.388,30.548,99.966,5.0,0.0,0.0,0.0,216.132,3.4347,0.0
1180.0,run_20260917_164427,,unloading,unloading,34.38,30.538,99.966,5.0,0.0,0.0,0.0,216.132,3.4364,0.0
1181.0,run_20260917_164427,,unloading,unloading,34.372,30.529,99.966,5.0,0.0,0.0,0.0,216.132,3.4381,0.0
1182.0,run_20260917_164427,,unloading,unloading,34.365,30.52,99.966,5.0,0.0,0.0,0.0,216.132,3.4397,0.0
1183.0,run_20260917_164427,,unloading,unloading,34.357,30.51,99.966,5.0,0.0,0.0,0.0,216.132,3.4414,0.0
1184.0,run_20260917_164427,,unloading,unloading,34.35,30.501,99.966,5.0,0.0,0.0,0.0,216.132,3.4431,0.0
1185.0,run_20260917_164427,,unloading,unloading,34.342,30.491,99.966,5.0,0.0,0.0,0.0,216.132,3.4447,0.0
1186.0,run_20260917_164427,,unloading,unloading,34.334,30.482,99.966,5.0,0.0,0.0,0.0,216.132,3.4464,0.0
1187.0,run_20260917_164427,,waiting,waiting,34.327,30.473,99.966,0.0,0.0,0.0,0.0,216.132,3.4481,0.0
1188.0,run_20260917_164427,,waiting,waiting,34.319,30.463,99.966,0.0,0.0,0.0,0.0,216.132,3.4497,0.0
1189.0,run_20260917_164427,,driving,driving,34.31,30.464,99.965,0.0,0.262,0.146,0.0592,216.191,3.4517,0.0
1190.0,run_20260917_164427,,driving,driving,34.296,30.487,99.965,0.0,0.872,0.486,0.299,216.49,3.4549,0.0
1191.0,run_20260917_164427,,driving,driving,34.277,30.511,99.965,0.0,0.897,0.5,0.4997,216.99,3.4591,0.0
1192.0,run_20260917_164427,,driving,driving,34.257,30.534,99.965,0.0,0.894,0.498,0.5028,217.493,3.4634,0.0
1193.0,run_20260917_164427,,driving,driving,34.239,30.558,99.965,0.0,0.897,0.5,0.4832,217.976,3.4675,0.0
1194.0,run_20260917_164427,,driving,driving,34.219,30.581,99.965,0.0,0.884,0.492,0.4985,218.475,3.4717,0.0
1195.0,run_20260917_164427,,driving,driving,34.2,30.605,99.965,0.0,0.892,0.497,0.499,218.974,3.4759,0.0
1196.0,run_20260917_164427,,driving,driving,34.181,30.628,99.965,0.0,0.886,0.494,0.5025,219.476,3.4802,0.0
1197.0,run_20260917_164427,,driving,driving,34.162,30.652,99.965,0.0,0.897,0.5,0.4841,219.96,3.4843,0.0
1198.0,run_20260917_164427,,driving,driving,34.143,30.675,99.965,0.0,0.885,0.493,0.5031,220.463,3.4886,0.0
1199.0,run_20260917_164427,,driving,driving,34.124,30.698,99.965,0.0,0.866,0.483,0.4998,220.963,3.4928,0.0
1200.0,run_20260917_164427,,driving,driving,34.105,30.721,99.965,0.0,0.879,0.49,0.4876,221.451,3.4969,0.0
1201.0,run_20260917_164427,,driving,driving,34.086,30.744,99.965,0.0,0.889,0.495,0.4825,221.933,3.5011,0.0
1202.0,run_20260917_164427,,driving,driving,34.067,30.767,99.965,0.0,0.893,0.497,0.4832,222.416,3.5052,0.0
1203.0,run_20260917_164427,,driving,driving,34.048,30.791,99.965,0.0,0.895,0.498,0.4944,222.911,3.5094,0.0
1204.0,run_20260917_164427,,driving,driving,34.029,30.814,99.965,0.0,0.877,0.489,0.4993,223.41,3.5136,0.0
1205.0,run_20260917_164427,,driving,driving,34.01,30.837,99.965,0.0,0.896,0.499,0.5009,223.911,3.5179,0.0
1206.0,run_20260917_164427,,driving,driving,33.991,30.861,99.965,0.0,0.897,0.5,0.4831,224.394,3.522,0.0
1207.0,run_20260917_164427,,driving,driving,33.972,30.884,99.965,0.0,0.897,0.5,0.5002,224.894,3.5262,0.0
1208.0,run_20260917_164427,,driving,driving,33.952,30.907,99.965,0.0,0.897,0.5,0.5011,225.395,3.5305,0.0
1209.0,run_20260917_164427,,driving,driving,33.934,30.923,99.965,0.0,0.671,0.374,0.4507,225.846,3.5344,0.0
1210.0,run_20260917_164427,,loading,loading,33.924,30.913,99.965,0.0,0.0,0.0,0.1281,225.974,3.5367,0.0
1211.0,run_20260917_164427,,loading,loading,33.916,30.903,99.965,0.0,0.0,0.0,0.0,225.974,3.5384,0.0
1212.0,run_20260917_164427,,loading,loading,33.909,30.893,99.965,0.0,0.0,0.0,0.0,225.974,3.5401,0.0
1213.0,run_20260917_164427,,loading,loading,33.901,30.883,99.965,0.0,0.0,0.0,0.0,225.974,3.5417,0.0
1214.0,run_20260917_164427,,loading,loading,33.894,30.874,99.965,0.0,0.0,0.0,0.0,225.974,3.5434,0.0
1215.0,run_20260917_164427,,loading,loading,33.886,30.864,99.965,0.0,0.0,0.0,0.0,225.974,3.5451,0.0
1216.0,run_20260917_164427,,loading,loading,33.878,30.854,99.965,0.0,0.0,0.0,0.0,225.974,3.5467,0.0
1217.0,run_20260917_164427,,loading,loading,33.871,30.844,99.965,0.0,0.0,0.0,0.0,225.974,3.5484,0.0
1218.0,run_20260917_164427,,loading,loading,33.863,30.835,99.964,0.0,0.0,0.0,0.0,225.974,3.5501,0.0
1219.0,run_20260917_164427,,loading,loading,33.856,30.825,99.964,0.0,0.0,0.0,0.0,225.974,3.5517,0.0
1220.0,run_20260917_164427,,loading,loading,33.848,30.815,99.964,0.0,0.0,0.0,0.0,225.974,3.5534,0.0
1221.0,run_20260917_164427,,loading,loading,33.841,30.805,99.964,0.0,0.0,0.0,0.0,225.974,3.5551,0.0
1222.0,run_20260917_164427,,loading,loading,33.833,30.796,99.964,0.0,0.0,0.0,0.0,225.974,3.5567,0.0
1223.0,run_20260917_164427,,loading,loading,33.825,30.786,99.964,0.0,0.0,0.0,0.0,225.974,3.5584,0.0
1224.0,run_20260917_164427,,loading,loading,33.818,30.776,99.964,0.0,0.0,0.0,0.0,225.974,3.5601,0.0
1225.0,run_20260917_164427,,loading,loading,33.81,30.767,99.964,0.0,0.0,0.0,0.0,225.974,3.5617,0.0
1226.0,run_20260917_164427,,loading,loading,33.803,30.757,99.964,0.0,0.0,0.0,0.0,225.974,3.5634,0.0
1227.0,run_20260917_164427,,loading,loading,33.795,30.748,99.964,0.0,0.0,0.0,0.0,225.974,3.5651,0.0
1228.0,run_20260917_164427,,loading,loading,33.788,30.738,99.964,0.0,0.0,0.0,0.0,225.974,3.5667,0.0
1229.0,run_20260917_164427,,loading,loading,33.78,30.728,99.964,0.0,0.0,0.0,0.0,225.974,3.5684,0.0
1230.0,run_20260917_164427,,loading,loading,33.772,30.719,99.964,0.0,0.0,0.0,0.0,225.974,3.5701,0.0
1231.0,run_20260917_164427,,loading,loading,33.765,30.709,99.964,0.0,0.0,0.0,0.0,225.974,3.5717,0.0
1232.0,run_20260917_164427,,loading,loading,33.757,30.7,99.964,0.0,0.0,0.0,0.0,225.974,3.5734,0.0
1233.0,run_20260917_164427,,loading,loading,33.75,30.69,99.964,0.0,0.0,0.0,0.0,225.974,3.5751,0.0
1234.0,run_20260917_164427,,loading,loading,33.742,30.68,99.964,0.0,0.0,0.0,0.0,225.974,3.5767,0.0
1235.0,run_20260917_164427,,loading,loading,33.734,30.671,99.964,0.0,0.0,0.0,0.0,225.974,3.5784,0.0
1236.0,run_20260917_164427,,loading,loading,33.727,30.661,99.964,0.0,0.0,0.0,0.0,225.974,3.5801,0.0
1237.0,run_20260917_164427,,loading,loading,33.719,30.652,99.964,0.0,0.0,0.0,0.0,225.974,3.5817,0.0
1238.0,run_20260917_164427,,loading,loading,33.712,30.642,99.964,0.0,0.0,0.0,0.0,225.974,3.5834,0.0
1239.0,run_20260917_164427,,loading,loading,33.704,30.633,99.964,0.0,0.0,0.0,0.0,225.974,3.5851,0.0
1240.0,run_20260917_164427,,waiting,waiting,33.697,30.623,99.964,2.4000000953674316,0.0,0.0,0.0,225.974,3.5867,0.0
1241.0,run_20260917_164427,,waiting,waiting,33.689,30.614,99.964,2.4000000953674316,0.0,0.0,0.0,225.974,3.5884,0.0
1242.0,run_20260917_164427,,waiting,waiting,33.681,30.604,99.964,2.4000000953674316,0.0,0.0,0.0,225.974,3.5901,0.0
1243.0,run_20260917_164427,,waiting,waiting,33.674,30.595,99.964,2.4000000953674316,0.0,0.0,0.0,225.974,3.5917,0.0
1244.0,run_20260917_164427,,waiting,waiting,33.666,30.585,99.964,2.4000000953674316,0.0,0.0,0.0,225.974,3.5934,0.0
1245.0,run_20260917_164427,,waiting,waiting,33.659,30.576,99.964,2.4000000953674316,0.0,0.0,0.0,225.974,3.5951,0.0
1246.0,run_20260917_164427,,waiting,waiting,33.651,30.566,99.964,2.4000000953674316,0.0,0.0,0.0,225.974,3.5967,0.0
