ts,run_id,order_id,activity,state,battery_percent,temperature_c,condition_percent,payload_kg,motor_load,speed,distance_delta_m,cumulative_distance_m,cumulative_energy_wh,cumulative_charged_wh
4.0,run_20260920_140129,,idle,idle,29.997,22.0,100.0,0.0,0.0,0.0,0.0,0.0,0.0006,0.0
5.0,run_20260920_140129,,idle,idle,29.99,22.0,100.0,0.0,0.0,0.0,0.0,0.0,0.0023,0.0
6.0,run_20260920_140129,,idle,idle,29.982,22.0,100.0,0.0,0.0,0.0,0.0,0.0,0.004,0.0
7.0,run_20260920_140129,,idle,idle,29.974,22.0,100.0,0.0,0.0,0.0,0.0,0.0,0.0056,0.0
8.0,run_20260920_140129,,idle,idle,29.967,22.0,100.0,0.0,0.0,0.0,0.0,0.0,0.0073,0.0
9.0,run_20260920_140129,,idle,idle,29.959,22.0,100.0,0.0,0.0,0.0,0.0,0.0,0.009,0.0
10.0,run_20260920_140129,,idle,idle,29.952,22.0,100.0,0.0,0.0,0.0,0.0,0.0,0.0106,0.0
11.0,run_20260920_140129,,idle,idle,29.944,22.0,100.0,0.0,0.0,0.0,0.0,0.0,0.0123,0.0
12.0,run_20260920_140129,,idle,idle,29.937,22.0,100.0,0.0,0.0,0.0,0.0,0.0,0.014,0.0
13.0,run_20260920_140129,,waiting,waiting,29.929,22.0,100.0,0.0,0.0,0.0,0.0,0.0,0.0156,0.0
14.0,run_20260920_140129,,waiting,waiting,29.921,22.0,100.0,0.0,0.0,0.0,0.0,0.0,0.0173,0.0
15.0,run_20260920_140129,,driving,driving,29.911,22.028,100.0,0.0,0.754,0.42,0.1437,0.144,0.0197,0.0
16.0,run_20260920_140129,,driving,driving,29.892,22.059,100.0,0.0,0.844,0.47,0.4793,0.623,0.0237,0.0
17.0,run_20260920_140129,,driving,driving,29.873,22.092,100.0,0.0,0.896,0.499,0.4958,1.119,0.0279,0.0
18.0,run_20260920_140129,,driving,driving,29.855,22.125,100.0,0.0,0.884,0.493,0.4825,1.601,0.032,0.0
19.0,run_20260920_140129,,driving,driving,29.836,22.158,100.0,0.0,0.896,0.499,0.5015,2.103,0.0361,0.0
20.0,run_20260920_140129,,driving,driving,29.817,22.191,100.0,0.0,0.89,0.496,0.4982,2.601,0.0403,0.0
21.0,run_20260920_140129,,driving,driving,29.798,22.223,100.0,0.0,0.893,0.497,0.496,3.097,0.0444,0.0
22.0,run_20260920_140129,,driving,driving,29.779,22.256,100.0,0.0,0.895,0.499,0.4975,3.594,0.0486,0.0
23.0,run_20260920_140129,,driving,driving,29.761,22.288,99.999,0.0,0.855,0.476,0.4638,4.058,0.0526,0.0
24.0,run_20260920_140129,,driving,driving,29.742,22.32,99.999,0.0,0.884,0.492,0.4936,4.552,0.0567,0.0
25.0,run_20260920_140129,,driving,driving,29.723,22.353,99.999,0.0,0.895,0.498,0.4978,5.05,0.0609,0.0
26.0,run_20260920_140129,,driving,driving,29.704,22.385,99.999,0.0,0.894,0.498,0.4996,5.549,0.065,0.0
27.0,run_20260920_140129,,driving,driving,29.686,22.418,99.999,0.0,0.884,0.492,0.4928,6.042,0.0692,0.0
28.0,run_20260920_140129,,driving,driving,29.667,22.449,99.999,0.0,0.865,0.482,0.4746,6.517,0.0732,0.0
29.0,run_20260920_140129,,driving,driving,29.648,22.482,99.999,0.0,0.897,0.5,0.5006,7.017,0.0774,0.0
30.0,run_20260920_140129,,driving,driving,29.629,22.515,99.999,0.0,0.897,0.5,0.5033,7.521,0.0816,0.0
31.0,run_20260920_140129,,driving,driving,29.61,22.547,99.999,0.0,0.897,0.5,0.5039,8.024,0.0857,0.0
32.0,run_20260920_140129,,driving,driving,29.592,22.58,99.999,0.0,0.897,0.5,0.486,8.51,0.0898,0.0
33.0,run_20260920_140129,,driving,driving,29.573,22.612,99.999,0.0,0.881,0.491,0.5029,9.013,0.094,0.0
34.0,run_20260920_140129,,driving,driving,29.554,22.644,99.999,0.0,0.897,0.5,0.5034,9.517,0.0982,0.0
35.0,run_20260920_140129,,driving,driving,29.535,22.677,99.999,0.0,0.894,0.498,0.5026,10.019,0.1024,0.0
36.0,run_20260920_140129,,driving,driving,29.516,22.709,99.999,0.0,0.889,0.495,0.4846,10.504,0.1065,0.0
37.0,run_20260920_140129,,driving,driving,29.497,22.738,99.999,0.0,0.813,0.453,0.4856,10.99,0.1106,0.0
38.0,run_20260920_140129,,driving,driving,29.479,22.771,99.999,0.0,0.897,0.5,0.4685,11.458,0.1146,0.0
39.0,run_20260920_140129,,driving,driving,29.461,22.8,99.999,0.0,0.811,0.452,0.4792,11.937,0.1186,0.0
40.0,run_20260920_140129,,driving,driving,29.442,22.831,99.999,0.0,0.883,0.492,0.4699,12.407,0.1227,0.0
41.0,run_20260920_140129,,driving,driving,29.424,22.863,99.999,0.0,0.881,0.491,0.4819,12.889,0.1267,0.0
42.0,run_20260920_140129,,driving,driving,29.405,22.895,99.999,0.0,0.895,0.499,0.4933,13.382,0.1309,0.0
43.0,run_20260920_140129,,driving,driving,29.386,22.928,99.999,0.0,0.897,0.5,0.5014,13.884,0.135,0.0
44.0,run_20260920_140129,,driving,driving,29.367,22.959,99.999,0.0,0.876,0.488,0.4948,14.379,0.1392,0.0
45.0,run_20260920_140129,,driving,driving,29.35,22.98,99.999,0.0,0.606,0.337,0.4246,14.803,0.143,0.0
46.0,run_20260920_140129,,driving,driving,29.337,22.979,99.999,0.0,0.0,0.0,0.2254,15.029,0.1458,0.0
47.0,run_20260920_140129,,loading,loading,29.33,22.978,99.999,0.0,0.0,0.0,0.0,15.029,0.1474,0.0
48.0,run_20260920_140129,,loading,loading,29.322,22.977,99.999,0.0,0.0,0.0,0.0,15.029,0.1491,0.0
49.0,run_20260920_140129,,loading,loading,29.315,22.976,99.998,0.0,0.0,0.0,0.0,15.029,0.1508,0.0
50.0,run_20260920_140129,,loading,loading,29.307,22.975,99.998,0.0,0.0,0.0,0.0,15.029,0.1524,0.0
51.0,run_20260920_140129,,loading,loading,29.3,22.974,99.998,0.0,0.0,0.0,0.0,15.029,0.1541,0.0
52.0,run_20260920_140129,,loading,loading,29.292,22.973,99.998,0.0,0.0,0.0,0.0,15.029,0.1558,0.0
53.0,run_20260920_140129,,loading,loading,29.284,22.972,99.998,0.0,0.0,0.0,0.0,15.029,0.1574,0.0
54.0,run_20260920_140129,,loading,loading,29.277,22.971,99.998,0.0,0.0,0.0,0.0,15.029,0.1591,0.0
55.0,run_20260920_140129,,loading,loading,29.269,22.97,99.998,0.0,0.0,0.0,0.0,15.029,0.1608,0.0
56.0,run_20260920_140129,,loading,loading,29.262,22.968,99.998,0.0,0.0,0.0,0.0,15.029,0.1624,0.0
57.0,run_20260920_140129,,loading,loading,29.254,22.967,99.998,0.0,0.0,0.0,0.0,15.029,0.1641,0.0
58.0,run_20260920_140129,,loading,loading,29.247,22.966,99.998,0.0,0.0,0.0,0.0,15.029,0.1658,0.0
59.0,run_20260920_140129,,loading,loading,29.239,22.965,99.998,0.0,0.0,0.0,0.0,15.029,0.1674,0.0
60.0,run_20260920_140129,,loading,loading,29.231,22.964,99.998,0.0,0.0,0.0,0.0,15.029,0.1691,0.0
61.0,run_20260920_140129,,loading,loading,29.224,22.963,99.998,0.0,0.0,0.0,0.0,15.029,0.1708,0.0
62.0,run_20260920_140129,,loading,loading,29.216,22.962,99.998,0.0,0.0,0.0,0.0,15.029,0.1724,0.0
63.0,run_20260920_140129,,loading,loading,29.209,22.961,99.998,0.0,0.0,0.0,0.0,15.029,0.1741,0.0
64.0,run_20260920_140129,,loading,loading,29.201,22.96,99.998,0.0,0.0,0.0,0.0,15.029,0.1758,0.0
65.0,run_20260920_140129,,loading,loading,29.193,22.959,99.998,0.0,0.0,0.0,0.0,15.029,0.1774,0.0
66.0,run_20260920_140129,,loading,loading,29.186,22.958,99.998,0.0,0.0,0.0,0.0,15.029,0.1791,0.0
67.0,run_20260920_140129,,loading,loading,29.178,22.957,99.998,0.0,0.0,0.0,0.0,15.029,0.1808,0.0
68.0,run_20260920_140129,,loading,loading,29.171,22.956,99.998,0.0,0.0,0.0,0.0,15.029,0.1824,0.0
69.0,run_20260920_140129,,loading,loading,29.163,22.955,99.998,0.0,0.0,0.0,0.0,15.029,0.1841,0.0
70.0,run_20260920_140129,,loading,loading,29.156,22.954,99.998,0.0,0.0,0.0,0.0,15.029,0.1858,0.0
71.0,run_20260920_140129,,loading,loading,29.148,22.953,99.998,0.0,0.0,0.0,0.0,15.029,0.1874,0.0
72.0,run_20260920_140129,,loading,loading,29.14,22.952,99.998,0.0,0.0,0.0,0.0,15.029,0.1891,0.0
73.0,run_20260920_140129,,loading,loading,29.133,22.95,99.998,0.0,0.0,0.0,0.0,15.029,0.1908,0.0
74.0,run_20260920_140129,,loading,loading,29.125,22.949,99.998,0.0,0.0,0.0,0.0,15.029,0.1924,0.0
75.0,run_20260920_140129,,loading,loading,29.118,22.948,99.998,0.0,0.0,0.0,0.0,15.029,0.1941,0.0
76.0,run_20260920_140129,,loading,loading,29.11,22.947,99.998,0.0,0.0,0.0,0.0,15.029,0.1958,0.0
77.0,run_20260920_140129,,waiting,waiting,29.103,22.946,99.998,2.0,0.0,0.0,0.0,15.029,0.1974,0.0
78.0,run_20260920_140129,,driving,driving,29.094,22.955,99.998,2.0,0.238,0.133,0.0408,15.069,0.1994,0.0
79.0,run_20260920_140129,,driving,driving,29.081,22.961,99.998,2.0,0.173,0.096,0.1612,15.231,0.2022,0.0
80.0,run_20260920_140129,,driving,driving,29.072,22.96,99.998,2.0,0.009,0.005,0.0438,15.274,0.2042,0.0
81.0,run_20260920_140129,,driving,driving,29.063,22.968,99.998,2.0,0.214,0.119,0.039,15.313,0.2062,0.0
82.0,run_20260920_140129,,driving,driving,29.044,22.999,99.998,2.0,0.782,0.436,0.3261,15.64,0.2102,0.0
83.0,run_20260920_140129,,driving,driving,29.021,23.033,99.998,2.0,0.858,0.478,0.4726,16.112,0.2154,0.0
84.0,run_20260920_140129,,driving,driving,28.997,23.065,99.998,2.0,0.824,0.459,0.487,16.599,0.2206,0.0
85.0,run_20260920_140129,,driving,driving,28.973,23.099,99.998,2.0,0.875,0.487,0.4906,17.09,0.2259,0.0
86.0,run_20260920_140129,,driving,driving,28.95,23.135,99.998,2.0,0.895,0.499,0.4802,17.57,0.231,0.0
87.0,run_20260920_140129,,driving,driving,28.926,23.168,99.998,2.0,0.857,0.477,0.5022,18.072,0.2364,0.0
88.0,run_20260920_140129,,driving,driving,28.901,23.203,99.998,2.0,0.896,0.499,0.4951,18.567,0.2417,0.0
89.0,run_20260920_140129,,driving,driving,28.877,23.239,99.998,2.0,0.897,0.5,0.504,19.071,0.247,0.0
90.0,run_20260920_140129,,driving,driving,28.853,23.274,99.997,2.0,0.897,0.5,0.4857,19.557,0.2523,0.0
91.0,run_20260920_140129,,driving,driving,28.829,23.308,99.997,2.0,0.883,0.492,0.5023,20.059,0.2576,0.0
92.0,run_20260920_140129,,driving,driving,28.805,23.343,99.997,2.0,0.897,0.5,0.5021,20.561,0.2629,0.0
93.0,run_20260920_140129,,driving,driving,28.781,23.378,99.997,2.0,0.897,0.5,0.5029,21.064,0.2683,0.0
94.0,run_20260920_140129,,driving,driving,28.756,23.413,99.997,2.0,0.897,0.5,0.5037,21.568,0.2736,0.0
95.0,run_20260920_140129,,driving,driving,28.732,23.448,99.997,2.0,0.895,0.499,0.4857,22.054,0.2789,0.0
96.0,run_20260920_140129,,driving,driving,28.708,23.483,99.997,2.0,0.897,0.5,0.5038,22.558,0.2842,0.0
97.0,run_20260920_140129,,driving,driving,28.684,23.518,99.997,2.0,0.897,0.5,0.5035,23.061,0.2896,0.0
98.0,run_20260920_140129,,driving,driving,28.659,23.553,99.997,2.0,0.897,0.5,0.5027,23.564,0.2949,0.0
99.0,run_20260920_140129,,driving,driving,28.636,23.588,99.997,2.0,0.897,0.5,0.4835,24.047,0.3001,0.0
100.0,run_20260920_140129,,driving,driving,28.612,23.62,99.997,2.0,0.846,0.472,0.4965,24.544,0.3054,0.0
101.0,run_20260920_140129,,driving,driving,28.59,23.647,99.997,2.0,0.686,0.382,0.4191,24.963,0.3102,0.0
102.0,run_20260920_140129,,driving,driving,28.575,23.65,99.997,2.0,0.134,0.075,0.2401,25.203,0.3136,0.0
103.0,run_20260920_140129,,driving,driving,28.566,23.653,99.997,2.0,0.106,0.059,0.0331,25.236,0.3155,0.0
104.0,run_20260920_140129,,unloading,unloading,28.558,23.651,99.997,2.0,0.0,0.0,0.0136,25.25,0.3173,0.0
105.0,run_20260920_140129,,unloading,unloading,28.55,23.649,99.997,2.0,0.0,0.0,0.0,25.25,0.3189,0.0
106.0,run_20260920_140129,,unloading,unloading,28.543,23.647,99.997,2.0,0.0,0.0,0.0,25.25,0.3206,0.0
107.0,run_20260920_140129,,unloading,unloading,28.535,23.645,99.997,2.0,0.0,0.0,0.0,25.25,0.3223,0.0
108.0,run_20260920_140129,,unloading,unloading,28.528,23.644,99.997,2.0,0.0,0.0,0.0,25.25,0.3239,0.0
109.0,run_20260920_140129,,unloading,unloading,28.52,23.642,99.997,2.0,0.0,0.0,0.0,25.25,0.3256,0.0
110.0,run_20260920_140129,,unloading,unloading,28.512,23.64,99.997,2.0,0.0,0.0,0.0,25.25,0.3273,0.0
111.0,run_20260920_140129,,unloading,unloading,28.505,23.638,99.997,2.0,0.0,0.0,0.0,25.25,0.3289,0.0
112.0,run_20260920_140129,,unloading,unloading,28.497,23.636,99.997,2.0,0.0,0.0,0.0,25.25,0.3306,0.0
113.0,run_20260920_140129,,unloading,unloading,28.49,23.635,99.997,2.0,0.0,0.0,0.0,25.25,0.3323,0.0
114.0,run_20260920_140129,,unloading,unloading,28.482,23.633,99.997,2.0,0.0,0.0,0.0,25.25,0.3339,0.0
115.0,run_20260920_140129,,unloading,unloading,28.475,23.631,99.997,2.0,0.0,0.0,0.0,25.25,0.3356,0.0
116.0,run_20260920_140129,,unloading,unloading,28.467,23.629,99.997,2.0,0.0,0.0,0.0,25.25,0.3373,0.0
117.0,run_20260920_140129,,unloading,unloading,28.459,23.627,99.997,2.0,0.0,0.0,0.0,25.25,0.3389,0.0
118.0,run_20260920_140129,,unloading,unloading,28.452,23.626,99.997,2.0,0.0,0.0,0.0,25.25,0.3406,0.0
119.0,run_20260920_140129,,unloading,unloading,28.444,23.624,99.997,2.0,0.0,0.0,0.0,25.25,0.3423,0.0
120.0,run_20260920_140129,,unloading,unloading,28.437,23.622,99.997,2.0,0.0,0.0,0.0,25.25,0.3439,0.0
121.0,run_20260920_140129,,unloading,unloading,28.429,23.62,99.997,2.0,0.0,0.0,0.0,25.25,0.3456,0.0
122.0,run_20260920_140129,,unloading,unloading,28.422,23.619,99.997,2.0,0.0,0.0,0.0,25.25,0.3473,0.0
123.0,run_20260920_140129,,unloading,unloading,28.414,23.617,99.997,2.0,0.0,0.0,0.0,25.25,0.3489,0.0
124.0,run_20260920_140129,,unloading,unloading,28.406,23.615,99.996,2.0,0.0,0.0,0.0,25.25,0.3506,0.0
125.0,run_20260920_140129,,unloading,unloading,28.399,23.613,99.996,2.0,0.0,0.0,0.0,25.25,0.3523,0.0
126.0,run_20260920_140129,,unloading,unloading,28.391,23.611,99.996,2.0,0.0,0.0,0.0,25.25,0.3539,0.0
127.0,run_20260920_140129,,unloading,unloading,28.384,23.61,99.996,2.0,0.0,0.0,0.0,25.25,0.3556,0.0
128.0,run_20260920_140129,,unloading,unloading,28.376,23.608,99.996,2.0,0.0,0.0,0.0,25.25,0.3573,0.0
129.0,run_20260920_140129,,unloading,unloading,28.369,23.606,99.996,2.0,0.0,0.0,0.0,25.25,0.3589,0.0
130.0,run_20260920_140129,,unloading,unloading,28.361,23.604,99.996,2.0,0.0,0.0,0.0,25.25,0.3606,0.0
131.0,run_20260920_140129,,unloading,unloading,28.353,23.603,99.996,2.0,0.0,0.0,0.0,25.25,0.3623,0.0
132.0,run_20260920_140129,,unloading,unloading,28.346,23.601,99.996,2.0,0.0,0.0,0.0,25.25,0.3639,0.0
133.0,run_20260920_140129,,unloading,unloading,28.338,23.599,99.996,2.0,0.0,0.0,0.0,25.25,0.3656,0.0
134.0,run_20260920_140129,,waiting,waiting,28.331,23.597,99.996,0.0,0.0,0.0,0.0,25.25,0.3673,0.0
135.0,run_20260920_140129,,driving,driving,28.323,23.598,99.996,0.0,0.054,0.03,0.0012,25.251,0.3689,0.0
136.0,run_20260920_140129,,driving,driving,28.314,23.6,99.996,0.0,0.121,0.068,0.0498,25.301,0.3708,0.0
137.0,run_20260920_140129,,driving,driving,28.303,23.623,99.996,0.0,0.674,0.376,0.1682,25.469,0.3734,0.0
138.0,run_20260920_140129,,driving,driving,28.284,23.654,99.996,0.0,0.884,0.493,0.4787,25.948,0.3774,0.0
139.0,run_20260920_140129,,driving,driving,28.266,23.685,99.996,0.0,0.877,0.489,0.4764,26.424,0.3815,0.0
140.0,run_20260920_140129,,driving,driving,28.247,23.716,99.996,0.0,0.896,0.499,0.4853,26.909,0.3856,0.0
141.0,run_20260920_140129,,driving,driving,28.228,23.748,99.996,0.0,0.897,0.5,0.5039,27.413,0.3897,0.0
142.0,run_20260920_140129,,driving,driving,28.21,23.779,99.996,0.0,0.897,0.5,0.4823,27.896,0.3938,0.0
143.0,run_20260920_140129,,driving,driving,28.191,23.809,99.996,0.0,0.874,0.487,0.5023,28.398,0.398,0.0
144.0,run_20260920_140129,,driving,driving,28.172,23.84,99.996,0.0,0.889,0.495,0.4823,28.88,0.4021,0.0
145.0,run_20260920_140129,,driving,driving,28.153,23.871,99.996,0.0,0.886,0.494,0.5002,29.38,0.4062,0.0
146.0,run_20260920_140129,,driving,driving,28.135,23.901,99.996,0.0,0.878,0.489,0.4989,29.879,0.4104,0.0
147.0,run_20260920_140129,,driving,driving,28.116,23.929,99.996,0.0,0.81,0.452,0.4909,30.37,0.4145,0.0
148.0,run_20260920_140129,,driving,driving,28.097,23.959,99.996,0.0,0.849,0.473,0.4734,30.844,0.4186,0.0
149.0,run_20260920_140129,,driving,driving,28.08,23.99,99.996,0.0,0.897,0.5,0.4558,31.299,0.4225,0.0
150.0,run_20260920_140129,,driving,driving,28.061,24.021,99.996,0.0,0.897,0.5,0.5035,31.803,0.4267,0.0
151.0,run_20260920_140129,,driving,driving,28.041,24.052,99.996,0.0,0.897,0.5,0.5037,32.307,0.4309,0.0
152.0,run_20260920_140129,,driving,driving,28.022,24.083,99.996,0.0,0.897,0.5,0.5037,32.81,0.4351,0.0
153.0,run_20260920_140129,,driving,driving,28.004,24.113,99.996,0.0,0.894,0.498,0.4853,33.296,0.4392,0.0
154.0,run_20260920_140129,,driving,driving,27.985,24.144,99.996,0.0,0.897,0.5,0.5039,33.799,0.4433,0.0
155.0,run_20260920_140129,,driving,driving,27.966,24.175,99.996,0.0,0.892,0.497,0.4907,34.29,0.4475,0.0
156.0,run_20260920_140129,,driving,driving,27.947,24.202,99.995,0.0,0.8,0.446,0.4923,34.783,0.4516,0.0
157.0,run_20260920_140129,,driving,driving,27.931,24.22,99.995,0.0,0.559,0.312,0.3744,35.157,0.4551,0.0
158.0,run_20260920_140129,,driving,driving,27.92,24.218,99.995,0.0,0.0,0.0,0.1705,35.328,0.4576,0.0
159.0,run_20260920_140129,,loading,loading,27.912,24.216,99.995,0.0,0.0,0.0,0.0,35.328,0.4593,0.0
160.0,run_20260920_140129,,loading,loading,27.905,24.213,99.995,0.0,0.0,0.0,0.0,35.328,0.461,0.0
161.0,run_20260920_140129,,loading,loading,27.897,24.211,99.995,0.0,0.0,0.0,0.0,35.328,0.4626,0.0
162.0,run_20260920_140129,,loading,loading,27.889,24.208,99.995,0.0,0.0,0.0,0.0,35.328,0.4643,0.0
163.0,run_20260920_140129,,loading,loading,27.882,24.206,99.995,0.0,0.0,0.0,0.0,35.328,0.466,0.0
164.0,run_20260920_140129,,loading,loading,27.874,24.203,99.995,0.0,0.0,0.0,0.0,35.328,0.4676,0.0
165.0,run_20260920_140129,,loading,loading,27.867,24.201,99.995,0.0,0.0,0.0,0.0,35.328,0.4693,0.0
166.0,run_20260920_140129,,loading,loading,27.859,24.199,99.995,0.0,0.0,0.0,0.0,35.328,0.471,0.0
167.0,run_20260920_140129,,loading,loading,27.852,24.196,99.995,0.0,0.0,0.0,0.0,35.328,0.4726,0.0
168.0,run_20260920_140129,,loading,loading,27.844,24.194,99.995,0.0,0.0,0.0,0.0,35.328,0.4743,0.0
169.0,run_20260920_140129,,loading,loading,27.836,24.191,99.995,0.0,0.0,0.0,0.0,35.328,0.476,0.0
170.0,run_20260920_140129,,loading,loading,27.829,24.189,99.995,0.0,0.0,0.0,0.0,35.328,0.4776,0.0
171.0,run_20260920_140129,,loading,loading,27.821,24.186,99.995,0.0,0.0,0.0,0.0,35.328,0.4793,0.0
172.0,run_20260920_140129,,loading,loading,27.814,24.184,99.995,0.0,0.0,0.0,0.0,35.328,0.481,0.0
173.0,run_20260920_140129,,loading,loading,27.806,24.182,99.995,0.0,0.0,0.0,0.0,35.328,0.4826,0.0
174.0,run_20260920_140129,,loading,loading,27.799,24.179,99.995,0.0,0.0,0.0,0.0,35.328,0.4843,0.0
175.0,run_20260920_140129,,loading,loading,27.791,24.177,99.995,0.0,0.0,0.0,0.0,35.328,0.486,0.0
176.0,run_20260920_140129,,loading,loading,27.783,24.174,99.995,0.0,0.0,0.0,0.0,35.328,0.4876,0.0
177.0,run_20260920_140129,,loading,loading,27.776,24.172,99.995,0.0,0.0,0.0,0.0,35.328,0.4893,0.0
178.0,run_20260920_140129,,loading,loading,27.768,24.17,99.995,0.0,0.0,0.0,0.0,35.328,0.491,0.0
179.0,run_20260920_140129,,loading,loading,27.761,24.167,99.995,0.0,0.0,0.0,0.0,35.328,0.4926,0.0
180.0,run_20260920_140129,,loading,loading,27.753,24.165,99.995,0.0,0.0,0.0,0.0,35.328,0.4943,0.0
181.0,run_20260920_140129,,loading,loading,27.746,24.163,99.995,0.0,0.0,0.0,0.0,35.328,0.496,0.0
182.0,run_20260920_140129,,loading,loading,27.738,24.16,99.995,0.0,0.0,0.0,0.0,35.328,0.4976,0.0
183.0,run_20260920_140129,,loading,loading,27.73,24.158,99.995,0.0,0.0,0.0,0.0,35.328,0.4993,0.0
184.0,run_20260920_140129,,loading,loading,27.723,24.155,99.995,0.0,0.0,0.0,0.0,35.328,0.501,0.0
185.0,run_20260920_140129,,loading,loading,27.715,24.153,99.995,0.0,0.0,0.0,0.0,35.328,0.5026,0.0
186.0,run_20260920_140129,,loading,loading,27.708,24.151,99.995,0.0,0.0,0.0,0.0,35.328,0.5043,0.0
187.0,run_20260920_140129,,loading,loading,27.7,24.148,99.995,0.0,0.0,0.0,0.0,35.328,0.506,0.0
188.0,run_20260920_140129,,loading,loading,27.693,24.146,99.995,0.0,0.0,0.0,0.0,35.328,0.5076,0.0
189.0,run_20260920_140129,,waiting,waiting,27.685,24.144,99.995,2.0,0.0,0.0,0.0,35.328,0.5093,0.0
190.0,run_20260920_140129,,driving,driving,27.676,24.15,99.995,2.0,0.217,0.121,0.0466,35.374,0.5113,0.0
191.0,run_20260920_140129,,driving,driving,27.663,24.154,99.995,2.0,0.149,0.083,0.15,35.524,0.5141,0.0
192.0,run_20260920_140129,,driving,driving,27.655,24.152,99.995,2.0,0.021,0.012,0.0343,35.558,0.516,0.0
193.0,run_20260920_140129,,driving,driving,27.644,24.17,99.995,2.0,0.488,0.272,0.0819,35.64,0.5183,0.0
194.0,run_20260920_140129,,driving,driving,27.622,24.203,99.995,2.0,0.869,0.484,0.4434,36.084,0.5232,0.0
195.0,run_20260920_140129,,driving,driving,27.598,24.236,99.995,2.0,0.87,0.485,0.4964,36.58,0.5285,0.0
196.0,run_20260920_140129,,driving,driving,27.574,24.269,99.995,2.0,0.871,0.485,0.4969,37.077,0.5338,0.0
197.0,run_20260920_140129,,driving,driving,27.55,24.301,99.995,2.0,0.863,0.481,0.497,37.574,0.5391,0.0
198.0,run_20260920_140129,,driving,driving,27.527,24.335,99.995,2.0,0.897,0.5,0.4463,38.02,0.544,0.0
199.0,run_20260920_140129,,driving,driving,27.504,24.369,99.995,2.0,0.897,0.5,0.4833,38.504,0.5492,0.0
200.0,run_20260920_140129,,driving,driving,27.479,24.401,99.994,2.0,0.837,0.466,0.495,38.999,0.5545,0.0
201.0,run_20260920_140129,,driving,driving,27.456,24.431,99.994,2.0,0.818,0.456,0.4671,39.466,0.5596,0.0
202.0,run_20260920_140129,,driving,driving,27.434,24.464,99.994,2.0,0.86,0.479,0.4516,39.917,0.5646,0.0
203.0,run_20260920_140129,,driving,driving,27.41,24.497,99.994,2.0,0.877,0.488,0.4799,40.397,0.5698,0.0
204.0,run_20260920_140129,,driving,driving,27.386,24.53,99.994,2.0,0.897,0.5,0.497,40.894,0.5751,0.0
205.0,run_20260920_140129,,driving,driving,27.362,24.564,99.994,2.0,0.897,0.5,0.5031,41.397,0.5804,0.0
206.0,run_20260920_140129,,driving,driving,27.337,24.598,99.994,2.0,0.897,0.5,0.504,41.901,0.5858,0.0
207.0,run_20260920_140129,,driving,driving,27.314,24.631,99.994,2.0,0.897,0.5,0.486,42.387,0.591,0.0
208.0,run_20260920_140129,,driving,driving,27.289,24.665,99.994,2.0,0.883,0.492,0.5007,42.888,0.5963,0.0
209.0,run_20260920_140129,,driving,driving,27.265,24.697,99.994,2.0,0.878,0.489,0.4986,43.387,0.6016,0.0
210.0,run_20260920_140129,,driving,driving,27.242,24.73,99.994,2.0,0.866,0.482,0.4808,43.868,0.6068,0.0
211.0,run_20260920_140129,,driving,driving,27.218,24.763,99.994,2.0,0.896,0.499,0.4878,44.355,0.6121,0.0
212.0,run_20260920_140129,,driving,driving,27.194,24.796,99.994,2.0,0.874,0.487,0.4824,44.838,0.6173,0.0
213.0,run_20260920_140129,,driving,driving,27.172,24.819,99.994,2.0,0.641,0.357,0.4288,45.267,0.6221,0.0
214.0,run_20260920_140129,,driving,driving,27.156,24.822,99.994,2.0,0.162,0.091,0.2537,45.52,0.6256,0.0
215.0,run_20260920_140129,,driving,driving,27.147,24.826,99.994,2.0,0.17,0.095,0.0439,45.564,0.6276,0.0
216.0,run_20260920_140129,,unloading,unloading,27.139,24.823,99.994,2.0,0.0,0.0,0.0287,45.593,0.6295,0.0
217.0,run_20260920_140129,,unloading,unloading,27.131,24.82,99.994,2.0,0.0,0.0,0.0,45.593,0.6311,0.0
218.0,run_20260920_140129,,unloading,unloading,27.124,24.817,99.994,2.0,0.0,0.0,0.0,45.593,0.6328,0.0
219.0,run_20260920_140129,,unloading,unloading,27.116,24.814,99.994,2.0,0.0,0.0,0.0,45.593,0.6345,0.0
220.0,run_20260920_140129,,unloading,unloading,27.109,24.81,99.994,2.0,0.0,0.0,0.0,45.593,0.6361,0.0
221.0,run_20260920_140129,,unloading,unloading,27.101,24.807,99.994,2.0,0.0,0.0,0.0,45.593,0.6378,0.0
222.0,run_20260920_140129,,unloading,unloading,27.093,24.804,99.994,2.0,0.0,0.0,0.0,45.593,0.6395,0.0
223.0,run_20260920_140129,,unloading,unloading,27.086,24.801,99.994,2.0,0.0,0.0,0.0,45.593,0.6411,0.0
224.0,run_20260920_140129,,unloading,unloading,27.078,24.798,99.994,2.0,0.0,0.0,0.0,45.593,0.6428,0.0
225.0,run_20260920_140129,,unloading,unloading,27.071,24.795,99.994,2.0,0.0,0.0,0.0,45.593,0.6445,0.0
226.0,run_20260920_140129,,unloading,unloading,27.063,24.792,99.994,2.0,0.0,0.0,0.0,45.593,0.6461,0.0
227.0,run_20260920_140129,,unloading,unloading,27.056,24.789,99.994,2.0,0.0,0.0,0.0,45.593,0.6478,0.0
228.0,run_20260920_140129,,unloading,unloading,27.048,24.786,99.994,2.0,0.0,0.0,0.0,45.593,0.6495,0.0
229.0,run_20260920_140129,,unloading,unloading,27.04,24.783,99.993,2.0,0.0,0.0,0.0,45.593,0.6511,0.0
230.0,run_20260920_140129,,unloading,unloading,27.033,24.78,99.993,2.0,0.0,0.0,0.0,45.593,0.6528,0.0
231.0,run_20260920_140129,,unloading,unloading,27.025,24.777,99.993,2.0,0.0,0.0,0.0,45.593,0.6545,0.0
232.0,run_20260920_140129,,unloading,unloading,27.018,24.774,99.993,2.0,0.0,0.0,0.0,45.593,0.6561,0.0
233.0,run_20260920_140129,,unloading,unloading,27.01,24.77,99.993,2.0,0.0,0.0,0.0,45.593,0.6578,0.0
234.0,run_20260920_140129,,unloading,unloading,27.002,24.767,99.993,2.0,0.0,0.0,0.0,45.593,0.6595,0.0
235.0,run_20260920_140129,,unloading,unloading,26.995,24.764,99.993,2.0,0.0,0.0,0.0,45.593,0.6611,0.0
236.0,run_20260920_140129,,unloading,unloading,26.987,24.761,99.993,2.0,0.0,0.0,0.0,45.593,0.6628,0.0
237.0,run_20260920_140129,,unloading,unloading,26.98,24.758,99.993,2.0,0.0,0.0,0.0,45.593,0.6645,0.0
238.0,run_20260920_140129,,unloading,unloading,26.972,24.755,99.993,2.0,0.0,0.0,0.0,45.593,0.6661,0.0
239.0,run_20260920_140129,,unloading,unloading,26.965,24.752,99.993,2.0,0.0,0.0,0.0,45.593,0.6678,0.0
240.0,run_20260920_140129,,unloading,unloading,26.957,24.749,99.993,2.0,0.0,0.0,0.0,45.593,0.6695,0.0
241.0,run_20260920_140129,,unloading,unloading,26.949,24.746,99.993,2.0,0.0,0.0,0.0,45.593,0.6711,0.0
242.0,run_20260920_140129,,unloading,unloading,26.942,24.743,99.993,2.0,0.0,0.0,0.0,45.593,0.6728,0.0
243.0,run_20260920_140129,,unloading,unloading,26.934,24.74,99.993,2.0,0.0,0.0,0.0,45.593,0.6745,0.0
244.0,run_20260920_140129,,unloading,unloading,26.927,24.737,99.993,2.0,0.0,0.0,0.0,45.593,0.6761,0.0
245.0,run_20260920_140129,,unloading,unloading,26.919,24.734,99.993,2.0,0.0,0.0,0.0,45.593,0.6778,0.0
246.0,run_20260920_140129,,waiting,waiting,26.912,24.731,99.993,0.0,0.0,0.0,0.0,45.593,0.6795,0.0
247.0,run_20260920_140129,,driving,driving,26.904,24.728,99.993,0.0,0.0,0.0,0.0,45.593,0.6811,0.0
248.0,run_20260920_140129,,driving,driving,26.896,24.73,99.993,0.0,0.119,0.067,0.0374,45.63,0.683,0.0
249.0,run_20260920_140129,,driving,driving,26.883,24.755,99.993,0.0,0.76,0.423,0.2073,45.837,0.6857,0.0
250.0,run_20260920_140129,,driving,driving,26.865,24.784,99.993,0.0,0.868,0.484,0.485,46.322,0.6898,0.0
251.0,run_20260920_140129,,driving,driving,26.846,24.814,99.993,0.0,0.897,0.5,0.4896,46.812,0.6939,0.0
252.0,run_20260920_140129,,driving,driving,26.827,24.844,99.993,0.0,0.897,0.5,0.5029,47.315,0.6981,0.0
253.0,run_20260920_140129,,driving,driving,26.808,24.874,99.993,0.0,0.895,0.499,0.4847,47.8,0.7022,0.0
254.0,run_20260920_140129,,driving,driving,26.789,24.904,99.993,0.0,0.895,0.499,0.5039,48.304,0.7063,0.0
255.0,run_20260920_140129,,driving,driving,26.77,24.934,99.993,0.0,0.897,0.5,0.5034,48.807,0.7105,0.0
256.0,run_20260920_140129,,driving,driving,26.751,24.964,99.993,0.0,0.896,0.499,0.5032,49.31,0.7147,0.0
257.0,run_20260920_140129,,driving,driving,26.733,24.994,99.993,0.0,0.897,0.5,0.486,49.796,0.7188,0.0
258.0,run_20260920_140129,,driving,driving,26.714,25.024,99.993,0.0,0.897,0.5,0.5039,50.3,0.723,0.0
259.0,run_20260920_140129,,driving,driving,26.695,25.054,99.993,0.0,0.897,0.5,0.5038,50.804,0.7272,0.0
260.0,run_20260920_140129,,driving,driving,26.676,25.083,99.993,0.0,0.885,0.493,0.4975,51.301,0.7313,0.0
261.0,run_20260920_140129,,driving,driving,26.658,25.108,99.993,0.0,0.773,0.431,0.447,51.748,0.7352,0.0
262.0,run_20260920_140129,,driving,driving,26.639,25.137,99.993,0.0,0.862,0.48,0.4873,52.236,0.7393,0.0
263.0,run_20260920_140129,,driving,driving,26.622,25.161,99.993,0.0,0.753,0.42,0.4493,52.685,0.7433,0.0
264.0,run_20260920_140129,,driving,driving,26.604,25.188,99.993,0.0,0.818,0.456,0.4537,53.139,0.7472,0.0
265.0,run_20260920_140129,,driving,driving,26.585,25.217,99.992,0.0,0.87,0.485,0.4872,53.626,0.7513,0.0
266.0,run_20260920_140129,,driving,driving,26.566,25.246,99.992,0.0,0.894,0.498,0.4834,54.109,0.7554,0.0
267.0,run_20260920_140129,,driving,driving,26.548,25.275,99.992,0.0,0.886,0.494,0.4947,54.604,0.7595,0.0
268.0,run_20260920_140129,,driving,driving,26.529,25.305,99.992,0.0,0.889,0.496,0.5002,55.104,0.7637,0.0
269.0,run_20260920_140129,,driving,driving,26.511,25.325,99.992,0.0,0.652,0.363,0.4439,55.548,0.7676,0.0
270.0,run_20260920_140129,,driving,driving,26.498,25.321,99.992,0.0,0.0,0.0,0.2188,55.767,0.7703,0.0
271.0,run_20260920_140129,,loading,loading,26.491,25.318,99.992,0.0,0.0,0.0,0.0,55.767,0.772,0.0
272.0,run_20260920_140129,,loading,loading,26.483,25.314,99.992,0.0,0.0,0.0,0.0,55.767,0.7737,0.0
273.0,run_20260920_140129,,loading,loading,26.476,25.31,99.992,0.0,0.0,0.0,0.0,55.767,0.7753,0.0
274.0,run_20260920_140129,,loading,loading,26.468,25.307,99.992,0.0,0.0,0.0,0.0,55.767,0.777,0.0
275.0,run_20260920_140129,,loading,loading,26.461,25.303,99.992,0.0,0.0,0.0,0.0,55.767,0.7787,0.0
276.0,run_20260920_140129,,loading,loading,26.453,25.3,99.992,0.0,0.0,0.0,0.0,55.767,0.7803,0.0
277.0,run_20260920_140129,,loading,loading,26.445,25.296,99.992,0.0,0.0,0.0,0.0,55.767,0.782,0.0
278.0,run_20260920_140129,,loading,loading,26.438,25.292,99.992,0.0,0.0,0.0,0.0,55.767,0.7837,0.0
279.0,run_20260920_140129,,loading,loading,26.43,25.289,99.992,0.0,0.0,0.0,0.0,55.767,0.7853,0.0
280.0,run_20260920_140129,,loading,loading,26.423,25.285,99.992,0.0,0.0,0.0,0.0,55.767,0.787,0.0
281.0,run_20260920_140129,,loading,loading,26.415,25.281,99.992,0.0,0.0,0.0,0.0,55.767,0.7887,0.0
282.0,run_20260920_140129,,loading,loading,26.408,25.278,99.992,0.0,0.0,0.0,0.0,55.767,0.7903,0.0
283.0,run_20260920_140129,,loading,loading,26.4,25.274,99.992,0.0,0.0,0.0,0.0,55.767,0.792,0.0
284.0,run_20260920_140129,,loading,loading,26.392,25.271,99.992,0.0,0.0,0.0,0.0,55.767,0.7937,0.0
285.0,run_20260920_140129,,loading,loading,26.385,25.267,99.992,0.0,0.0,0.0,0.0,55.767,0.7953,0.0
286.0,run_20260920_140129,,loading,loading,26.377,25.263,99.992,0.0,0.0,0.0,0.0,55.767,0.797,0.0
287.0,run_20260920_140129,,loading,loading,26.37,25.26,99.992,0.0,0.0,0.0,0.0,55.767,0.7987,0.0
288.0,run_20260920_140129,,loading,loading,26.362,25.256,99.992,0.0,0.0,0.0,0.0,55.767,0.8003,0.0
289.0,run_20260920_140129,,loading,loading,26.354,25.253,99.992,0.0,0.0,0.0,0.0,55.767,0.802,0.0
290.0,run_20260920_140129,,loading,loading,26.347,25.249,99.992,0.0,0.0,0.0,0.0,55.767,0.8037,0.0
291.0,run_20260920_140129,,loading,loading,26.339,25.246,99.992,0.0,0.0,0.0,0.0,55.767,0.8053,0.0
292.0,run_20260920_140129,,loading,loading,26.332,25.242,99.992,0.0,0.0,0.0,0.0,55.767,0.807,0.0
293.0,run_20260920_140129,,loading,loading,26.324,25.238,99.992,0.0,0.0,0.0,0.0,55.767,0.8087,0.0
294.0,run_20260920_140129,,loading,loading,26.317,25.235,99.992,0.0,0.0,0.0,0.0,55.767,0.8103,0.0
295.0,run_20260920_140129,,loading,loading,26.309,25.231,99.992,0.0,0.0,0.0,0.0,55.767,0.812,0.0
296.0,run_20260920_140129,,loading,loading,26.301,25.228,99.992,0.0,0.0,0.0,0.0,55.767,0.8137,0.0
297.0,run_20260920_140129,,loading,loading,26.294,25.224,99.992,0.0,0.0,0.0,0.0,55.767,0.8153,0.0
298.0,run_20260920_140129,,loading,loading,26.286,25.221,99.992,0.0,0.0,0.0,0.0,55.767,0.817,0.0
299.0,run_20260920_140129,,loading,loading,26.279,25.217,99.992,0.0,0.0,0.0,0.0,55.767,0.8187,0.0
300.0,run_20260920_140129,,loading,loading,26.271,25.214,99.992,0.0,0.0,0.0,0.0,55.767,0.8203,0.0
301.0,run_20260920_140129,,waiting,waiting,26.264,25.21,99.992,0.800000011920929,0.0,0.0,0.0,55.767,0.822,0.0
302.0,run_20260920_140129,,driving,driving,26.255,25.216,99.992,0.800000011920929,0.259,0.144,0.0485,55.815,0.824,0.0
303.0,run_20260920_140129,,driving,driving,26.243,25.225,99.992,0.800000011920929,0.314,0.175,0.1674,55.983,0.8266,0.0
304.0,run_20260920_140129,,driving,driving,26.232,25.225,99.992,0.800000011920929,0.09,0.05,0.1076,56.09,0.8289,0.0
305.0,run_20260920_140129,,driving,driving,26.224,25.223,99.992,0.800000011920929,0.031,0.017,0.0269,56.117,0.8308,0.0
306.0,run_20260920_140129,,driving,driving,26.211,25.247,99.992,0.800000011920929,0.733,0.408,0.1771,56.294,0.8335,0.0
307.0,run_20260920_140129,,driving,driving,26.191,25.276,99.992,0.800000011920929,0.851,0.474,0.4757,56.77,0.838,0.0
308.0,run_20260920_140129,,driving,driving,26.17,25.307,99.992,0.800000011920929,0.879,0.49,0.4852,57.255,0.8425,0.0
309.0,run_20260920_140129,,driving,driving,26.149,25.337,99.992,0.800000011920929,0.878,0.489,0.495,57.75,0.8471,0.0
310.0,run_20260920_140129,,driving,driving,26.129,25.36,99.991,0.800000011920929,0.713,0.397,0.4799,58.23,0.8516,0.0
311.0,run_20260920_140129,,driving,driving,26.109,25.391,99.991,0.800000011920929,0.886,0.494,0.455,58.685,0.856,0.0
312.0,run_20260920_140129,,driving,driving,26.088,25.421,99.991,0.800000011920929,0.891,0.496,0.5034,59.188,0.8607,0.0
313.0,run_20260920_140129,,driving,driving,26.067,25.452,99.991,0.800000011920929,0.897,0.5,0.5036,59.692,0.8653,0.0
314.0,run_20260920_140129,,driving,driving,26.046,25.483,99.991,0.800000011920929,0.892,0.497,0.5038,60.196,0.87,0.0
315.0,run_20260920_140129,,driving,driving,26.025,25.513,99.991,0.800000011920929,0.891,0.497,0.4846,60.68,0.8745,0.0
316.0,run_20260920_140129,,driving,driving,26.004,25.544,99.991,0.800000011920929,0.888,0.495,0.5032,61.184,0.8792,0.0
317.0,run_20260920_140129,,driving,driving,25.983,25.574,99.991,0.800000011920929,0.897,0.5,0.5018,61.685,0.8838,0.0
318.0,run_20260920_140129,,driving,driving,25.961,25.605,99.991,0.800000011920929,0.896,0.499,0.5037,62.189,0.8885,0.0
319.0,run_20260920_140129,,driving,driving,25.94,25.635,99.991,0.800000011920929,0.891,0.496,0.5022,62.691,0.8931,0.0
320.0,run_20260920_140129,,driving,driving,25.92,25.666,99.991,0.800000011920929,0.897,0.5,0.4843,63.175,0.8977,0.0
321.0,run_20260920_140129,,driving,driving,25.899,25.696,99.991,0.800000011920929,0.897,0.5,0.5027,63.678,0.9023,0.0
322.0,run_20260920_140129,,driving,driving,25.877,25.726,99.991,0.800000011920929,0.896,0.499,0.5037,64.182,0.907,0.0
323.0,run_20260920_140129,,driving,driving,25.856,25.757,99.991,0.800000011920929,0.889,0.495,0.5029,64.685,0.9116,0.0
324.0,run_20260920_140129,,driving,driving,25.835,25.787,99.991,0.800000011920929,0.897,0.5,0.4855,65.17,0.9162,0.0
325.0,run_20260920_140129,,driving,driving,25.816,25.809,99.991,0.800000011920929,0.691,0.385,0.4568,65.627,0.9206,0.0
326.0,run_20260920_140129,,driving,driving,25.799,25.817,99.991,0.800000011920929,0.313,0.174,0.3234,65.95,0.9242,0.0
327.0,run_20260920_140129,,driving,driving,25.79,25.816,99.991,0.800000011920929,0.074,0.041,0.0718,66.022,0.9263,0.0
328.0,run_20260920_140129,,driving,driving,25.781,25.812,99.991,0.800000011920929,0.0,0.0,0.045,66.067,0.9282,0.0
329.0,run_20260920_140129,,unloading,unloading,25.773,25.807,99.991,0.800000011920929,0.0,0.0,0.0,66.067,0.9299,0.0
330.0,run_20260920_140129,,unloading,unloading,25.766,25.803,99.991,0.800000011920929,0.0,0.0,0.0,66.067,0.9315,0.0
331.0,run_20260920_140129,,unloading,unloading,25.758,25.799,99.991,0.800000011920929,0.0,0.0,0.0,66.067,0.9332,0.0
332.0,run_20260920_140129,,unloading,unloading,25.751,25.795,99.991,0.800000011920929,0.0,0.0,0.0,66.067,0.9349,0.0
333.0,run_20260920_140129,,unloading,unloading,25.743,25.791,99.991,0.800000011920929,0.0,0.0,0.0,66.067,0.9365,0.0
334.0,run_20260920_140129,,unloading,unloading,25.735,25.787,99.991,0.800000011920929,0.0,0.0,0.0,66.067,0.9382,0.0
335.0,run_20260920_140129,,unloading,unloading,25.728,25.782,99.991,0.800000011920929,0.0,0.0,0.0,66.067,0.9399,0.0
336.0,run_20260920_140129,,unloading,unloading,25.72,25.778,99.991,0.800000011920929,0.0,0.0,0.0,66.067,0.9415,0.0
337.0,run_20260920_140129,,unloading,unloading,25.713,25.774,99.991,0.800000011920929,0.0,0.0,0.0,66.067,0.9432,0.0
338.0,run_20260920_140129,,unloading,unloading,25.705,25.77,99.991,0.800000011920929,0.0,0.0,0.0,66.067,0.9449,0.0
339.0,run_20260920_140129,,unloading,unloading,25.698,25.766,99.991,0.800000011920929,0.0,0.0,0.0,66.067,0.9465,0.0
340.0,run_20260920_140129,,unloading,unloading,25.69,25.762,99.991,0.800000011920929,0.0,0.0,0.0,66.067,0.9482,0.0
341.0,run_20260920_140129,,unloading,unloading,25.682,25.758,99.991,0.800000011920929,0.0,0.0,0.0,66.067,0.9499,0.0
342.0,run_20260920_140129,,unloading,unloading,25.675,25.753,99.99,0.800000011920929,0.0,0.0,0.0,66.067,0.9515,0.0
343.0,run_20260920_140129,,unloading,unloading,25.667,25.749,99.99,0.800000011920929,0.0,0.0,0.0,66.067,0.9532,0.0
344.0,run_20260920_140129,,unloading,unloading,25.66,25.745,99.99,0.800000011920929,0.0,0.0,0.0,66.067,0.9549,0.0
345.0,run_20260920_140129,,unloading,unloading,25.652,25.741,99.99,0.800000011920929,0.0,0.0,0.0,66.067,0.9565,0.0
346.0,run_20260920_140129,,unloading,unloading,25.645,25.737,99.99,0.800000011920929,0.0,0.0,0.0,66.067,0.9582,0.0
347.0,run_20260920_140129,,unloading,unloading,25.637,25.733,99.99,0.800000011920929,0.0,0.0,0.0,66.067,0.9599,0.0
348.0,run_20260920_140129,,unloading,unloading,25.629,25.729,99.99,0.800000011920929,0.0,0.0,0.0,66.067,0.9615,0.0
349.0,run_20260920_140129,,unloading,unloading,25.622,25.725,99.99,0.800000011920929,0.0,0.0,0.0,66.067,0.9632,0.0
350.0,run_20260920_140129,,unloading,unloading,25.614,25.72,99.99,0.800000011920929,0.0,0.0,0.0,66.067,0.9649,0.0
351.0,run_20260920_140129,,unloading,unloading,25.607,25.716,99.99,0.800000011920929,0.0,0.0,0.0,66.067,0.9665,0.0
352.0,run_20260920_140129,,unloading,unloading,25.599,25.712,99.99,0.800000011920929,0.0,0.0,0.0,66.067,0.9682,0.0
353.0,run_20260920_140129,,unloading,unloading,25.592,25.708,99.99,0.800000011920929,0.0,0.0,0.0,66.067,0.9699,0.0
354.0,run_20260920_140129,,unloading,unloading,25.584,25.704,99.99,0.800000011920929,0.0,0.0,0.0,66.067,0.9715,0.0
355.0,run_20260920_140129,,unloading,unloading,25.576,25.7,99.99,0.800000011920929,0.0,0.0,0.0,66.067,0.9732,0.0
356.0,run_20260920_140129,,unloading,unloading,25.569,25.696,99.99,0.800000011920929,0.0,0.0,0.0,66.067,0.9749,0.0
357.0,run_20260920_140129,,unloading,unloading,25.561,25.692,99.99,0.800000011920929,0.0,0.0,0.0,66.067,0.9765,0.0
358.0,run_20260920_140129,,unloading,unloading,25.554,25.688,99.99,0.800000011920929,0.0,0.0,0.0,66.067,0.9782,0.0
359.0,run_20260920_140129,,waiting,waiting,25.546,25.684,99.99,0.0,0.0,0.0,0.0,66.067,0.9799,0.0
360.0,run_20260920_140129,,driving,driving,25.538,25.68,99.99,0.0,0.006,0.004,0.0163,66.084,0.9816,0.0
361.0,run_20260920_140129,,driving,driving,25.528,25.694,99.99,0.0,0.493,0.275,0.0931,66.177,0.9837,0.0
362.0,run_20260920_140129,,driving,driving,25.51,25.723,99.99,0.0,0.896,0.499,0.4658,66.642,0.9877,0.0
363.0,run_20260920_140129,,driving,driving,25.491,25.752,99.99,0.0,0.895,0.498,0.5028,67.145,0.9919,0.0
364.0,run_20260920_140129,,driving,driving,25.472,25.781,99.99,0.0,0.897,0.5,0.5034,67.649,0.9961,0.0
365.0,run_20260920_140129,,driving,driving,25.454,25.81,99.99,0.0,0.897,0.5,0.4853,68.134,1.0002,0.0
366.0,run_20260920_140129,,driving,driving,25.434,25.839,99.99,0.0,0.897,0.5,0.5035,68.637,1.0044,0.0
367.0,run_20260920_140129,,driving,driving,25.415,25.868,99.99,0.0,0.896,0.499,0.5036,69.141,1.0086,0.0
368.0,run_20260920_140129,,driving,driving,25.396,25.897,99.99,0.0,0.897,0.5,0.5034,69.644,1.0128,0.0
369.0,run_20260920_140129,,driving,driving,25.378,25.926,99.99,0.0,0.897,0.5,0.4858,70.13,1.0169,0.0
370.0,run_20260920_140129,,driving,driving,25.359,25.955,99.99,0.0,0.896,0.499,0.5033,70.634,1.0211,0.0
371.0,run_20260920_140129,,driving,driving,25.34,25.984,99.99,0.0,0.893,0.498,0.5014,71.135,1.0253,0.0
372.0,run_20260920_140129,,driving,driving,25.321,26.011,99.99,0.0,0.847,0.472,0.499,71.634,1.0295,0.0
373.0,run_20260920_140129,,driving,driving,25.304,26.031,99.99,0.0,0.67,0.373,0.4079,72.042,1.0332,0.0
374.0,run_20260920_140129,,driving,driving,25.29,26.035,99.99,0.0,0.22,0.123,0.2593,72.301,1.0361,0.0
375.0,run_20260920_140129,,driving,driving,25.282,26.031,99.99,0.0,0.019,0.011,0.0363,72.338,1.038,0.0
376.0,run_20260920_140129,,loading,loading,25.274,26.027,99.99,0.0,0.0,0.0,0.0,72.338,1.0397,0.0
377.0,run_20260920_140129,,loading,loading,25.267,26.022,99.99,0.0,0.0,0.0,0.0,72.338,1.0413,0.0
378.0,run_20260920_140129,,loading,loading,25.259,26.018,99.99,0.0,0.0,0.0,0.0,72.338,1.043,0.0
379.0,run_20260920_140129,,loading,loading,25.252,26.013,99.99,0.0,0.0,0.0,0.0,72.338,1.0447,0.0
380.0,run_20260920_140129,,loading,loading,25.244,26.009,99.99,0.0,0.0,0.0,0.0,72.338,1.0463,0.0
381.0,run_20260920_140129,,loading,loading,25.236,26.004,99.99,0.0,0.0,0.0,0.0,72.338,1.048,0.0
382.0,run_20260920_140129,,loading,loading,25.229,26.0,99.99,0.0,0.0,0.0,0.0,72.338,1.0497,0.0
383.0,run_20260920_140129,,loading,loading,25.221,25.996,99.989,0.0,0.0,0.0,0.0,72.338,1.0513,0.0
384.0,run_20260920_140129,,loading,loading,25.214,25.991,99.989,0.0,0.0,0.0,0.0,72.338,1.053,0.0
385.0,run_20260920_140129,,loading,loading,25.206,25.987,99.989,0.0,0.0,0.0,0.0,72.338,1.0547,0.0
386.0,run_20260920_140129,,loading,loading,25.199,25.982,99.989,0.0,0.0,0.0,0.0,72.338,1.0563,0.0
387.0,run_20260920_140129,,loading,loading,25.191,25.978,99.989,0.0,0.0,0.0,0.0,72.338,1.058,0.0
388.0,run_20260920_140129,,loading,loading,25.183,25.974,99.989,0.0,0.0,0.0,0.0,72.338,1.0597,0.0
389.0,run_20260920_140129,,loading,loading,25.176,25.969,99.989,0.0,0.0,0.0,0.0,72.338,1.0613,0.0
390.0,run_20260920_140129,,loading,loading,25.168,25.965,99.989,0.0,0.0,0.0,0.0,72.338,1.063,0.0
391.0,run_20260920_140129,,loading,loading,25.161,25.961,99.989,0.0,0.0,0.0,0.0,72.338,1.0647,0.0
392.0,run_20260920_140129,,loading,loading,25.153,25.956,99.989,0.0,0.0,0.0,0.0,72.338,1.0663,0.0
393.0,run_20260920_140129,,loading,loading,25.145,25.952,99.989,0.0,0.0,0.0,0.0,72.338,1.068,0.0
394.0,run_20260920_140129,,loading,loading,25.138,25.948,99.989,0.0,0.0,0.0,0.0,72.338,1.0697,0.0
395.0,run_20260920_140129,,loading,loading,25.13,25.943,99.989,0.0,0.0,0.0,0.0,72.338,1.0713,0.0
396.0,run_20260920_140129,,loading,loading,25.123,25.939,99.989,0.0,0.0,0.0,0.0,72.338,1.073,0.0
397.0,run_20260920_140129,,loading,loading,25.115,25.935,99.989,0.0,0.0,0.0,0.0,72.338,1.0747,0.0
398.0,run_20260920_140129,,loading,loading,25.108,25.93,99.989,0.0,0.0,0.0,0.0,72.338,1.0763,0.0
399.0,run_20260920_140129,,loading,loading,25.1,25.926,99.989,0.0,0.0,0.0,0.0,72.338,1.078,0.0
400.0,run_20260920_140129,,loading,loading,25.092,25.922,99.989,0.0,0.0,0.0,0.0,72.338,1.0797,0.0
401.0,run_20260920_140129,,loading,loading,25.085,25.917,99.989,0.0,0.0,0.0,0.0,72.338,1.0813,0.0
402.0,run_20260920_140129,,loading,loading,25.077,25.913,99.989,0.0,0.0,0.0,0.0,72.338,1.083,0.0
403.0,run_20260920_140129,,loading,loading,25.07,25.909,99.989,0.0,0.0,0.0,0.0,72.338,1.0847,0.0
404.0,run_20260920_140129,,loading,loading,25.062,25.904,99.989,0.0,0.0,0.0,0.0,72.338,1.0863,0.0
405.0,run_20260920_140129,,loading,loading,25.055,25.9,99.989,0.0,0.0,0.0,0.0,72.338,1.088,0.0
406.0,run_20260920_140129,,waiting,waiting,25.047,25.896,99.989,1.5,0.0,0.0,0.0,72.338,1.0897,0.0
407.0,run_20260920_140129,,driving,driving,25.039,25.9,99.989,1.5,0.206,0.115,0.0188,72.356,1.0915,0.0
408.0,run_20260920_140129,,driving,driving,25.029,25.896,99.989,1.5,0.005,0.003,0.0806,72.437,1.0937,0.0
409.0,run_20260920_140129,,driving,driving,25.018,25.916,99.989,1.5,0.628,0.35,0.1111,72.548,1.0961,0.0
410.0,run_20260920_140129,,driving,driving,24.996,25.948,99.989,1.5,0.895,0.498,0.4697,73.018,1.1009,0.0
411.0,run_20260920_140129,,driving,driving,24.973,25.978,99.989,1.5,0.883,0.492,0.5008,73.519,1.106,0.0
412.0,run_20260920_140129,,driving,driving,24.95,26.009,99.989,1.5,0.893,0.498,0.5011,74.02,1.111,0.0
413.0,run_20260920_140129,,driving,driving,24.927,26.041,99.989,1.5,0.897,0.5,0.5001,74.52,1.1161,0.0
414.0,run_20260920_140129,,driving,driving,24.905,26.071,99.989,1.5,0.882,0.492,0.4773,74.997,1.121,0.0
415.0,run_20260920_140129,,driving,driving,24.882,26.103,99.989,1.5,0.897,0.5,0.5012,75.498,1.126,0.0
416.0,run_20260920_140129,,driving,driving,24.859,26.134,99.989,1.5,0.892,0.497,0.4999,75.998,1.1311,0.0
417.0,run_20260920_140129,,driving,driving,24.837,26.164,99.989,1.5,0.871,0.485,0.472,76.47,1.136,0.0
418.0,run_20260920_140129,,driving,driving,24.814,26.195,99.989,1.5,0.895,0.499,0.4915,76.962,1.141,0.0
419.0,run_20260920_140129,,driving,driving,24.792,26.223,99.989,1.5,0.829,0.462,0.4665,77.428,1.1458,0.0
420.0,run_20260920_140129,,driving,driving,24.773,26.243,99.988,1.5,0.619,0.345,0.3821,77.81,1.15,0.0
421.0,run_20260920_140129,,driving,driving,24.754,26.271,99.988,1.5,0.818,0.456,0.3604,78.171,1.1541,0.0
422.0,run_20260920_140129,,driving,driving,24.732,26.295,99.988,1.5,0.736,0.41,0.4745,78.645,1.159,0.0
423.0,run_20260920_140129,,driving,driving,24.711,26.325,99.988,1.5,0.859,0.479,0.4363,79.081,1.1636,0.0
424.0,run_20260920_140129,,driving,driving,24.688,26.356,99.988,1.5,0.897,0.5,0.5015,79.583,1.1687,0.0
425.0,run_20260920_140129,,driving,driving,24.666,26.384,99.988,1.5,0.828,0.461,0.4455,80.028,1.1734,0.0
426.0,run_20260920_140129,,driving,driving,24.644,26.414,99.988,1.5,0.868,0.484,0.4919,80.52,1.1784,0.0
427.0,run_20260920_140129,,driving,driving,24.621,26.445,99.988,1.5,0.897,0.5,0.4821,81.002,1.1833,0.0
428.0,run_20260920_140129,,driving,driving,24.599,26.474,99.988,1.5,0.866,0.482,0.4785,81.481,1.1882,0.0
429.0,run_20260920_140129,,driving,driving,24.576,26.504,99.988,1.5,0.885,0.493,0.4959,81.977,1.1933,0.0
430.0,run_20260920_140129,,driving,driving,24.553,26.534,99.988,1.5,0.881,0.491,0.4992,82.476,1.1983,0.0
431.0,run_20260920_140129,,driving,driving,24.53,26.565,99.988,1.5,0.897,0.5,0.5,82.976,1.2034,0.0
432.0,run_20260920_140129,,driving,driving,24.508,26.595,99.988,1.5,0.883,0.492,0.4784,83.454,1.2083,0.0
433.0,run_20260920_140129,,driving,driving,24.485,26.626,99.988,1.5,0.894,0.498,0.4958,83.95,1.2133,0.0
434.0,run_20260920_140129,,driving,driving,24.462,26.656,99.988,1.5,0.891,0.496,0.5025,84.453,1.2184,0.0
435.0,run_20260920_140129,,driving,driving,24.439,26.687,99.988,1.5,0.894,0.498,0.5034,84.956,1.2235,0.0
436.0,run_20260920_140129,,driving,driving,24.416,26.717,99.988,1.5,0.897,0.5,0.5028,85.459,1.2286,0.0
437.0,run_20260920_140129,,driving,driving,24.393,26.748,99.988,1.5,0.897,0.5,0.486,85.945,1.2335,0.0
438.0,run_20260920_140129,,driving,driving,24.37,26.778,99.988,1.5,0.897,0.5,0.5037,86.449,1.2386,0.0
439.0,run_20260920_140129,,driving,driving,24.347,26.808,99.988,1.5,0.892,0.497,0.4981,86.947,1.2437,0.0
440.0,run_20260920_140129,,driving,driving,24.324,26.838,99.988,1.5,0.874,0.487,0.5026,87.449,1.2487,0.0
441.0,run_20260920_140129,,driving,driving,24.304,26.856,99.987,1.5,0.601,0.335,0.4015,87.851,1.2531,0.0
442.0,run_20260920_140129,,driving,driving,24.289,26.851,99.987,1.5,0.0,0.0,0.2312,88.082,1.2564,0.0
443.0,run_20260920_140129,,loading,loading,24.282,26.846,99.987,1.5,0.0,0.0,0.0,88.082,1.258,0.0
444.0,run_20260920_140129,,loading,loading,24.274,26.84,99.987,1.5,0.0,0.0,0.0,88.082,1.2597,0.0
445.0,run_20260920_140129,,loading,loading,24.267,26.835,99.987,1.5,0.0,0.0,0.0,88.082,1.2614,0.0
446.0,run_20260920_140129,,loading,loading,24.259,26.83,99.987,1.5,0.0,0.0,0.0,88.082,1.263,0.0
447.0,run_20260920_140129,,loading,loading,24.251,26.824,99.987,1.5,0.0,0.0,0.0,88.082,1.2647,0.0
448.0,run_20260920_140129,,loading,loading,24.244,26.819,99.987,1.5,0.0,0.0,0.0,88.082,1.2664,0.0
449.0,run_20260920_140129,,loading,loading,24.236,26.814,99.987,1.5,0.0,0.0,0.0,88.082,1.268,0.0
450.0,run_20260920_140129,,loading,loading,24.229,26.809,99.987,1.5,0.0,0.0,0.0,88.082,1.2697,0.0
451.0,run_20260920_140129,,loading,loading,24.221,26.803,99.987,1.5,0.0,0.0,0.0,88.082,1.2714,0.0
452.0,run_20260920_140129,,loading,loading,24.213,26.798,99.987,1.5,0.0,0.0,0.0,88.082,1.273,0.0
453.0,run_20260920_140129,,loading,loading,24.206,26.793,99.987,1.5,0.0,0.0,0.0,88.082,1.2747,0.0
454.0,run_20260920_140129,,loading,loading,24.198,26.787,99.987,1.5,0.0,0.0,0.0,88.082,1.2764,0.0
455.0,run_20260920_140129,,loading,loading,24.191,26.782,99.987,1.5,0.0,0.0,0.0,88.082,1.278,0.0
456.0,run_20260920_140129,,loading,loading,24.183,26.777,99.987,1.5,0.0,0.0,0.0,88.082,1.2797,0.0
457.0,run_20260920_140129,,loading,loading,24.176,26.772,99.987,1.5,0.0,0.0,0.0,88.082,1.2814,0.0
458.0,run_20260920_140129,,loading,loading,24.168,26.766,99.987,1.5,0.0,0.0,0.0,88.082,1.283,0.0
459.0,run_20260920_140129,,loading,loading,24.16,26.761,99.987,1.5,0.0,0.0,0.0,88.082,1.2847,0.0
460.0,run_20260920_140129,,loading,loading,24.153,26.756,99.987,1.5,0.0,0.0,0.0,88.082,1.2864,0.0
461.0,run_20260920_140129,,loading,loading,24.145,26.751,99.987,1.5,0.0,0.0,0.0,88.082,1.288,0.0
462.0,run_20260920_140129,,loading,loading,24.138,26.745,99.987,1.5,0.0,0.0,0.0,88.082,1.2897,0.0
463.0,run_20260920_140129,,loading,loading,24.13,26.74,99.987,1.5,0.0,0.0,0.0,88.082,1.2914,0.0
464.0,run_20260920_140129,,loading,loading,24.123,26.735,99.987,1.5,0.0,0.0,0.0,88.082,1.293,0.0
465.0,run_20260920_140129,,loading,loading,24.115,26.73,99.987,1.5,0.0,0.0,0.0,88.082,1.2947,0.0
466.0,run_20260920_140129,,loading,loading,24.107,26.725,99.987,1.5,0.0,0.0,0.0,88.082,1.2964,0.0
467.0,run_20260920_140129,,loading,loading,24.1,26.719,99.987,1.5,0.0,0.0,0.0,88.082,1.298,0.0
468.0,run_20260920_140129,,loading,loading,24.092,26.714,99.987,1.5,0.0,0.0,0.0,88.082,1.2997,0.0
469.0,run_20260920_140129,,loading,loading,24.085,26.709,99.987,1.5,0.0,0.0,0.0,88.082,1.3014,0.0
470.0,run_20260920_140129,,loading,loading,24.077,26.704,99.987,1.5,0.0,0.0,0.0,88.082,1.303,0.0
471.0,run_20260920_140129,,loading,loading,24.07,26.699,99.987,1.5,0.0,0.0,0.0,88.082,1.3047,0.0
472.0,run_20260920_140129,,loading,loading,24.062,26.694,99.987,1.5,0.0,0.0,0.0,88.082,1.3064,0.0
473.0,run_20260920_140129,,waiting,waiting,24.054,26.688,99.987,2.5,0.0,0.0,0.0,88.082,1.308,0.0
474.0,run_20260920_140129,,driving,driving,24.046,26.693,99.987,2.5,0.233,0.13,0.0242,88.106,1.3099,0.0
475.0,run_20260920_140129,,driving,driving,24.033,26.701,99.987,2.5,0.32,0.178,0.1458,88.252,1.3127,0.0
476.0,run_20260920_140129,,driving,driving,24.024,26.698,99.987,2.5,0.054,0.03,0.0509,88.303,1.3148,0.0
477.0,run_20260920_140129,,driving,driving,24.015,26.7,99.987,2.5,0.178,0.099,0.0331,88.336,1.3167,0.0
478.0,run_20260920_140129,,driving,driving,23.994,26.731,99.987,2.5,0.87,0.485,0.3612,88.697,1.3213,0.0
479.0,run_20260920_140129,,driving,driving,23.97,26.761,99.987,2.5,0.838,0.467,0.473,89.17,1.3267,0.0
480.0,run_20260920_140129,,driving,driving,23.944,26.793,99.987,2.5,0.882,0.491,0.4928,89.663,1.3323,0.0
481.0,run_20260920_140129,,driving,driving,23.919,26.821,99.987,2.5,0.799,0.445,0.4942,90.157,1.3379,0.0
482.0,run_20260920_140129,,driving,driving,23.894,26.852,99.987,2.5,0.89,0.496,0.477,90.634,1.3433,0.0
483.0,run_20260920_140129,,driving,driving,23.868,26.884,99.987,2.5,0.895,0.499,0.4989,91.133,1.349,0.0
484.0,run_20260920_140129,,driving,driving,23.843,26.916,99.986,2.5,0.884,0.493,0.5002,91.633,1.3546,0.0
485.0,run_20260920_140129,,driving,driving,23.818,26.946,99.986,2.5,0.861,0.48,0.4797,92.113,1.3601,0.0
486.0,run_20260920_140129,,driving,driving,23.794,26.977,99.986,2.5,0.874,0.487,0.4401,92.553,1.3653,0.0
487.0,run_20260920_140129,,driving,driving,23.769,27.005,99.986,2.5,0.809,0.451,0.4907,93.044,1.3709,0.0
488.0,run_20260920_140129,,driving,driving,23.744,27.037,99.986,2.5,0.896,0.499,0.4805,93.524,1.3763,0.0
489.0,run_20260920_140129,,driving,driving,23.718,27.069,99.986,2.5,0.897,0.5,0.5038,94.028,1.382,0.0
490.0,run_20260920_140129,,driving,driving,23.692,27.101,99.986,2.5,0.897,0.5,0.5033,94.532,1.3877,0.0
491.0,run_20260920_140129,,driving,driving,23.667,27.132,99.986,2.5,0.897,0.5,0.4858,95.017,1.3932,0.0
492.0,run_20260920_140129,,driving,driving,23.642,27.164,99.986,2.5,0.896,0.499,0.4974,95.515,1.3989,0.0
493.0,run_20260920_140129,,driving,driving,23.616,27.195,99.986,2.5,0.892,0.497,0.4951,96.01,1.4045,0.0
494.0,run_20260920_140129,,driving,driving,23.591,27.224,99.986,2.5,0.816,0.455,0.4889,96.499,1.41,0.0
495.0,run_20260920_140129,,driving,driving,23.567,27.253,99.986,2.5,0.842,0.469,0.4362,96.935,1.4152,0.0
496.0,run_20260920_140129,,driving,driving,23.542,27.285,99.986,2.5,0.897,0.5,0.5003,97.435,1.4208,0.0
497.0,run_20260920_140129,,driving,driving,23.517,27.31,99.986,2.5,0.751,0.418,0.4821,97.918,1.4264,0.0
498.0,run_20260920_140129,,driving,driving,23.497,27.323,99.986,2.5,0.449,0.25,0.3404,98.258,1.4307,0.0
499.0,run_20260920_140129,,driving,driving,23.486,27.32,99.986,2.5,0.073,0.041,0.0866,98.345,1.4331,0.0
500.0,run_20260920_140129,,driving,driving,23.477,27.314,99.986,2.5,0.0,0.0,0.0479,98.393,1.4351,0.0
501.0,run_20260920_140129,,unloading,unloading,23.469,27.308,99.986,2.5,0.0,0.0,0.0,98.393,1.4368,0.0
502.0,run_20260920_140129,,unloading,unloading,23.461,27.302,99.986,2.5,0.0,0.0,0.0,98.393,1.4385,0.0
503.0,run_20260920_140129,,unloading,unloading,23.454,27.297,99.986,2.5,0.0,0.0,0.0,98.393,1.4401,0.0
504.0,run_20260920_140129,,unloading,unloading,23.446,27.291,99.986,2.5,0.0,0.0,0.0,98.393,1.4418,0.0
505.0,run_20260920_140129,,unloading,unloading,23.439,27.285,99.986,2.5,0.0,0.0,0.0,98.393,1.4435,0.0
506.0,run_20260920_140129,,unloading,unloading,23.431,27.279,99.986,2.5,0.0,0.0,0.0,98.393,1.4451,0.0
507.0,run_20260920_140129,,unloading,unloading,23.424,27.273,99.986,2.5,0.0,0.0,0.0,98.393,1.4468,0.0
508.0,run_20260920_140129,,unloading,unloading,23.416,27.268,99.986,2.5,0.0,0.0,0.0,98.393,1.4485,0.0
509.0,run_20260920_140129,,unloading,unloading,23.408,27.262,99.985,2.5,0.0,0.0,0.0,98.393,1.4501,0.0
510.0,run_20260920_140129,,unloading,unloading,23.401,27.256,99.985,2.5,0.0,0.0,0.0,98.393,1.4518,0.0
511.0,run_20260920_140129,,unloading,unloading,23.393,27.25,99.985,2.5,0.0,0.0,0.0,98.393,1.4535,0.0
512.0,run_20260920_140129,,unloading,unloading,23.386,27.244,99.985,2.5,0.0,0.0,0.0,98.393,1.4551,0.0
513.0,run_20260920_140129,,unloading,unloading,23.378,27.239,99.985,2.5,0.0,0.0,0.0,98.393,1.4568,0.0
514.0,run_20260920_140129,,unloading,unloading,23.371,27.233,99.985,2.5,0.0,0.0,0.0,98.393,1.4585,0.0
515.0,run_20260920_140129,,unloading,unloading,23.363,27.227,99.985,2.5,0.0,0.0,0.0,98.393,1.4601,0.0
516.0,run_20260920_140129,,unloading,unloading,23.355,27.221,99.985,2.5,0.0,0.0,0.0,98.393,1.4618,0.0
517.0,run_20260920_140129,,unloading,unloading,23.348,27.216,99.985,2.5,0.0,0.0,0.0,98.393,1.4635,0.0
518.0,run_20260920_140129,,unloading,unloading,23.34,27.21,99.985,2.5,0.0,0.0,0.0,98.393,1.4651,0.0
519.0,run_20260920_140129,,unloading,unloading,23.333,27.204,99.985,2.5,0.0,0.0,0.0,98.393,1.4668,0.0
520.0,run_20260920_140129,,unloading,unloading,23.325,27.198,99.985,2.5,0.0,0.0,0.0,98.393,1.4685,0.0
521.0,run_20260920_140129,,unloading,unloading,23.318,27.193,99.985,2.5,0.0,0.0,0.0,98.393,1.4701,0.0
522.0,run_20260920_140129,,unloading,unloading,23.31,27.187,99.985,2.5,0.0,0.0,0.0,98.393,1.4718,0.0
523.0,run_20260920_140129,,unloading,unloading,23.302,27.181,99.985,2.5,0.0,0.0,0.0,98.393,1.4735,0.0
524.0,run_20260920_140129,,unloading,unloading,23.295,27.176,99.985,2.5,0.0,0.0,0.0,98.393,1.4751,0.0
525.0,run_20260920_140129,,unloading,unloading,23.287,27.17,99.985,2.5,0.0,0.0,0.0,98.393,1.4768,0.0
526.0,run_20260920_140129,,unloading,unloading,23.28,27.164,99.985,2.5,0.0,0.0,0.0,98.393,1.4785,0.0
527.0,run_20260920_140129,,unloading,unloading,23.272,27.159,99.985,2.5,0.0,0.0,0.0,98.393,1.4801,0.0
528.0,run_20260920_140129,,unloading,unloading,23.265,27.153,99.985,2.5,0.0,0.0,0.0,98.393,1.4818,0.0
529.0,run_20260920_140129,,unloading,unloading,23.257,27.147,99.985,2.5,0.0,0.0,0.0,98.393,1.4835,0.0
530.0,run_20260920_140129,,unloading,unloading,23.249,27.142,99.985,2.5,0.0,0.0,0.0,98.393,1.4851,0.0
531.0,run_20260920_140129,,waiting,waiting,23.242,27.136,99.985,0.0,0.0,0.0,0.0,98.393,1.4868,0.0
532.0,run_20260920_140129,,driving,driving,23.234,27.134,99.985,0.0,0.101,0.056,0.0251,98.418,1.4886,0.0
533.0,run_20260920_140129,,driving,driving,23.225,27.138,99.985,0.0,0.261,0.145,0.0625,98.48,1.4906,0.0
534.0,run_20260920_140129,,driving,driving,23.209,27.165,99.985,0.0,0.883,0.492,0.3683,98.848,1.4941,0.0
535.0,run_20260920_140129,,driving,driving,23.19,27.192,99.985,0.0,0.892,0.497,0.5016,99.35,1.4983,0.0
536.0,run_20260920_140129,,driving,driving,23.171,27.22,99.985,0.0,0.893,0.497,0.4843,99.834,1.5024,0.0
537.0,run_20260920_140129,,driving,driving,23.152,27.247,99.985,0.0,0.897,0.5,0.5032,100.338,1.5066,0.0
538.0,run_20260920_140129,,driving,driving,23.133,27.274,99.985,0.0,0.896,0.499,0.5033,100.841,1.5108,0.0
539.0,run_20260920_140129,,driving,driving,23.113,27.302,99.985,0.0,0.897,0.5,0.5039,101.345,1.515,0.0
540.0,run_20260920_140129,,driving,driving,23.095,27.329,99.985,0.0,0.897,0.5,0.4858,101.831,1.5192,0.0
541.0,run_20260920_140129,,driving,driving,23.076,27.357,99.985,0.0,0.897,0.5,0.5037,102.334,1.5234,0.0
542.0,run_20260920_140129,,driving,driving,23.056,27.384,99.985,0.0,0.897,0.5,0.5037,102.838,1.5276,0.0
543.0,run_20260920_140129,,driving,driving,23.037,27.411,99.985,0.0,0.897,0.5,0.5038,103.342,1.5318,0.0
544.0,run_20260920_140129,,driving,driving,23.018,27.438,99.985,0.0,0.887,0.494,0.5009,103.843,1.536,0.0
545.0,run_20260920_140129,,driving,driving,23.0,27.464,99.985,0.0,0.867,0.483,0.4806,104.323,1.5401,0.0
546.0,run_20260920_140129,,driving,driving,22.981,27.491,99.985,0.0,0.877,0.489,0.4704,104.794,1.5441,0.0
547.0,run_20260920_140129,,driving,driving,22.963,27.514,99.985,0.0,0.804,0.448,0.4818,105.276,1.5482,0.0
548.0,run_20260920_140129,,driving,driving,22.944,27.54,99.984,0.0,0.854,0.476,0.4708,105.746,1.5523,0.0
549.0,run_20260920_140129,,driving,driving,22.926,27.566,99.984,0.0,0.872,0.486,0.4668,106.213,1.5563,0.0
550.0,run_20260920_140129,,driving,driving,22.907,27.592,99.984,0.0,0.877,0.489,0.4924,106.706,1.5604,0.0
551.0,run_20260920_140129,,driving,driving,22.888,27.619,99.984,0.0,0.886,0.494,0.4957,107.201,1.5646,0.0
552.0,run_20260920_140129,,driving,driving,22.869,27.646,99.984,0.0,0.895,0.498,0.5034,107.705,1.5688,0.0
553.0,run_20260920_140129,,driving,driving,22.851,27.666,99.984,0.0,0.711,0.396,0.4654,108.17,1.5728,0.0
554.0,run_20260920_140129,,driving,driving,22.837,27.66,99.984,0.0,0.016,0.009,0.2897,108.46,1.576,0.0
555.0,run_20260920_140129,,loading,loading,22.829,27.654,99.984,0.0,0.0,0.0,0.0,108.46,1.5776,0.0
556.0,run_20260920_140129,,loading,loading,22.821,27.648,99.984,0.0,0.0,0.0,0.0,108.46,1.5793,0.0
557.0,run_20260920_140129,,loading,loading,22.814,27.642,99.984,0.0,0.0,0.0,0.0,108.46,1.581,0.0
558.0,run_20260920_140129,,loading,loading,22.806,27.635,99.984,0.0,0.0,0.0,0.0,108.46,1.5826,0.0
559.0,run_20260920_140129,,loading,loading,22.799,27.629,99.984,0.0,0.0,0.0,0.0,108.46,1.5843,0.0
560.0,run_20260920_140129,,loading,loading,22.791,27.623,99.984,0.0,0.0,0.0,0.0,108.46,1.586,0.0
561.0,run_20260920_140129,,loading,loading,22.783,27.617,99.984,0.0,0.0,0.0,0.0,108.46,1.5876,0.0
562.0,run_20260920_140129,,loading,loading,22.776,27.611,99.984,0.0,0.0,0.0,0.0,108.46,1.5893,0.0
563.0,run_20260920_140129,,loading,loading,22.768,27.604,99.984,0.0,0.0,0.0,0.0,108.46,1.591,0.0
564.0,run_20260920_140129,,loading,loading,22.761,27.598,99.984,0.0,0.0,0.0,0.0,108.46,1.5926,0.0
565.0,run_20260920_140129,,loading,loading,22.753,27.592,99.984,0.0,0.0,0.0,0.0,108.46,1.5943,0.0
566.0,run_20260920_140129,,loading,loading,22.746,27.586,99.984,0.0,0.0,0.0,0.0,108.46,1.596,0.0
567.0,run_20260920_140129,,loading,loading,22.738,27.58,99.984,0.0,0.0,0.0,0.0,108.46,1.5976,0.0
568.0,run_20260920_140129,,loading,loading,22.73,27.574,99.984,0.0,0.0,0.0,0.0,108.46,1.5993,0.0
569.0,run_20260920_140129,,loading,loading,22.723,27.568,99.984,0.0,0.0,0.0,0.0,108.46,1.601,0.0
570.0,run_20260920_140129,,loading,loading,22.715,27.561,99.984,0.0,0.0,0.0,0.0,108.46,1.6026,0.0
571.0,run_20260920_140129,,loading,loading,22.708,27.555,99.984,0.0,0.0,0.0,0.0,108.46,1.6043,0.0
572.0,run_20260920_140129,,loading,loading,22.7,27.549,99.984,0.0,0.0,0.0,0.0,108.46,1.606,0.0
573.0,run_20260920_140129,,loading,loading,22.693,27.543,99.984,0.0,0.0,0.0,0.0,108.46,1.6076,0.0
574.0,run_20260920_140129,,loading,loading,22.685,27.537,99.984,0.0,0.0,0.0,0.0,108.46,1.6093,0.0
575.0,run_20260920_140129,,loading,loading,22.677,27.531,99.984,0.0,0.0,0.0,0.0,108.46,1.611,0.0
576.0,run_20260920_140129,,loading,loading,22.67,27.525,99.984,0.0,0.0,0.0,0.0,108.46,1.6126,0.0
577.0,run_20260920_140129,,loading,loading,22.662,27.519,99.984,0.0,0.0,0.0,0.0,108.46,1.6143,0.0
578.0,run_20260920_140129,,loading,loading,22.655,27.513,99.984,0.0,0.0,0.0,0.0,108.46,1.616,0.0
579.0,run_20260920_140129,,loading,loading,22.647,27.507,99.984,0.0,0.0,0.0,0.0,108.46,1.6176,0.0
580.0,run_20260920_140129,,loading,loading,22.64,27.501,99.984,0.0,0.0,0.0,0.0,108.46,1.6193,0.0
581.0,run_20260920_140129,,loading,loading,22.632,27.495,99.984,0.0,0.0,0.0,0.0,108.46,1.621,0.0
582.0,run_20260920_140129,,loading,loading,22.624,27.489,99.984,0.0,0.0,0.0,0.0,108.46,1.6226,0.0
583.0,run_20260920_140129,,loading,loading,22.617,27.482,99.984,0.0,0.0,0.0,0.0,108.46,1.6243,0.0
584.0,run_20260920_140129,,loading,loading,22.609,27.476,99.984,0.0,0.0,0.0,0.0,108.46,1.626,0.0
585.0,run_20260920_140129,,waiting,waiting,22.602,27.47,99.984,1.2000000476837158,0.0,0.0,0.0,108.46,1.6276,0.0
586.0,run_20260920_140129,,driving,driving,22.593,27.476,99.984,1.2000000476837158,0.301,0.168,0.0299,108.49,1.6295,0.0
587.0,run_20260920_140129,,driving,driving,22.58,27.484,99.984,1.2000000476837158,0.343,0.191,0.184,108.674,1.6323,0.0
588.0,run_20260920_140129,,driving,driving,22.569,27.482,99.984,1.2000000476837158,0.103,0.057,0.1254,108.799,1.6348,0.0
589.0,run_20260920_140129,,driving,driving,22.56,27.478,99.984,1.2000000476837158,0.05,0.028,0.0317,108.831,1.6367,0.0
590.0,run_20260920_140129,,driving,driving,22.55,27.491,99.984,1.2000000476837158,0.508,0.283,0.1124,108.943,1.6391,0.0
591.0,run_20260920_140129,,driving,driving,22.53,27.516,99.984,1.2000000476837158,0.77,0.429,0.3986,109.342,1.6433,0.0
592.0,run_20260920_140129,,driving,driving,22.509,27.544,99.984,1.2000000476837158,0.886,0.494,0.4742,109.816,1.6481,0.0
593.0,run_20260920_140129,,driving,driving,22.487,27.572,99.983,1.2000000476837158,0.863,0.481,0.4942,110.31,1.6529,0.0
594.0,run_20260920_140129,,driving,driving,22.465,27.601,99.983,1.2000000476837158,0.89,0.496,0.4736,110.784,1.6576,0.0
595.0,run_20260920_140129,,driving,driving,22.443,27.627,99.983,1.2000000476837158,0.833,0.464,0.5013,111.285,1.6625,0.0
596.0,run_20260920_140129,,driving,driving,22.421,27.656,99.983,1.2000000476837158,0.897,0.5,0.4761,111.761,1.6673,0.0
597.0,run_20260920_140129,,driving,driving,22.399,27.685,99.983,1.2000000476837158,0.897,0.5,0.5039,112.265,1.6722,0.0
598.0,run_20260920_140129,,driving,driving,22.377,27.714,99.983,1.2000000476837158,0.897,0.5,0.5035,112.769,1.6771,0.0
599.0,run_20260920_140129,,driving,driving,22.355,27.743,99.983,1.2000000476837158,0.897,0.5,0.4857,113.254,1.6819,0.0
600.0,run_20260920_140129,,driving,driving,22.333,27.772,99.983,1.2000000476837158,0.896,0.499,0.5027,113.757,1.6868,0.0
601.0,run_20260920_140129,,driving,driving,22.31,27.801,99.983,1.2000000476837158,0.897,0.5,0.5025,114.259,1.6918,0.0
602.0,run_20260920_140129,,driving,driving,22.288,27.829,99.983,1.2000000476837158,0.883,0.492,0.5027,114.762,1.6967,0.0
603.0,run_20260920_140129,,driving,driving,22.266,27.858,99.983,1.2000000476837158,0.897,0.5,0.484,115.246,1.7015,0.0
604.0,run_20260920_140129,,driving,driving,22.244,27.886,99.983,1.2000000476837158,0.887,0.494,0.5035,115.75,1.7064,0.0
605.0,run_20260920_140129,,driving,driving,22.221,27.915,99.983,1.2000000476837158,0.894,0.498,0.5031,116.253,1.7113,0.0
606.0,run_20260920_140129,,driving,driving,22.199,27.944,99.983,1.2000000476837158,0.897,0.5,0.5039,116.757,1.7162,0.0
607.0,run_20260920_140129,,driving,driving,22.177,27.972,99.983,1.2000000476837158,0.897,0.5,0.5035,117.26,1.7212,0.0
608.0,run_20260920_140129,,driving,driving,22.155,28.001,99.983,1.2000000476837158,0.897,0.5,0.4821,117.742,1.7259,0.0
609.0,run_20260920_140129,,driving,driving,22.133,28.024,99.983,1.2000000476837158,0.762,0.424,0.4845,118.227,1.7307,0.0
610.0,run_20260920_140129,,driving,driving,22.115,28.039,99.983,1.2000000476837158,0.542,0.302,0.3616,118.588,1.7348,0.0
611.0,run_20260920_140129,,driving,driving,22.103,28.033,99.983,1.2000000476837158,0.033,0.018,0.136,118.724,1.7373,0.0
612.0,run_20260920_140129,,driving,driving,22.094,28.027,99.983,1.2000000476837158,0.0,0.0,0.0404,118.765,1.7392,0.0
613.0,run_20260920_140129,,unloading,unloading,22.087,28.02,99.983,1.2000000476837158,0.0,0.0,0.0,118.765,1.7409,0.0
614.0,run_20260920_140129,,unloading,unloading,22.079,28.013,99.983,1.2000000476837158,0.0,0.0,0.0,118.765,1.7426,0.0
615.0,run_20260920_140129,,unloading,unloading,22.072,28.007,99.983,1.2000000476837158,0.0,0.0,0.0,118.765,1.7442,0.0
616.0,run_20260920_140129,,unloading,unloading,22.064,28.0,99.983,1.2000000476837158,0.0,0.0,0.0,118.765,1.7459,0.0
617.0,run_20260920_140129,,unloading,unloading,22.057,27.994,99.983,1.2000000476837158,0.0,0.0,0.0,118.765,1.7476,0.0
618.0,run_20260920_140129,,unloading,unloading,22.049,27.987,99.983,1.2000000476837158,0.0,0.0,0.0,118.765,1.7492,0.0
619.0,run_20260920_140129,,unloading,unloading,22.041,27.98,99.982,1.2000000476837158,0.0,0.0,0.0,118.765,1.7509,0.0
620.0,run_20260920_140129,,unloading,unloading,22.034,27.974,99.982,1.2000000476837158,0.0,0.0,0.0,118.765,1.7526,0.0
621.0,run_20260920_140129,,unloading,unloading,22.026,27.967,99.982,1.2000000476837158,0.0,0.0,0.0,118.765,1.7542,0.0
622.0,run_20260920_140129,,unloading,unloading,22.019,27.961,99.982,1.2000000476837158,0.0,0.0,0.0,118.765,1.7559,0.0
623.0,run_20260920_140129,,unloading,unloading,22.011,27.954,99.982,1.2000000476837158,0.0,0.0,0.0,118.765,1.7576,0.0
624.0,run_20260920_140129,,unloading,unloading,22.004,27.948,99.982,1.2000000476837158,0.0,0.0,0.0,118.765,1.7592,0.0
625.0,run_20260920_140129,,unloading,unloading,21.996,27.941,99.982,1.2000000476837158,0.0,0.0,0.0,118.765,1.7609,0.0
626.0,run_20260920_140129,,unloading,unloading,21.988,27.935,99.982,1.2000000476837158,0.0,0.0,0.0,118.765,1.7626,0.0
627.0,run_20260920_140129,,unloading,unloading,21.981,27.928,99.982,1.2000000476837158,0.0,0.0,0.0,118.765,1.7642,0.0
628.0,run_20260920_140129,,unloading,unloading,21.973,27.922,99.982,1.2000000476837158,0.0,0.0,0.0,118.765,1.7659,0.0
629.0,run_20260920_140129,,unloading,unloading,21.966,27.915,99.982,1.2000000476837158,0.0,0.0,0.0,118.765,1.7676,0.0
630.0,run_20260920_140129,,unloading,unloading,21.958,27.909,99.982,1.2000000476837158,0.0,0.0,0.0,118.765,1.7692,0.0
631.0,run_20260920_140129,,unloading,unloading,21.95,27.902,99.982,1.2000000476837158,0.0,0.0,0.0,118.765,1.7709,0.0
632.0,run_20260920_140129,,unloading,unloading,21.943,27.896,99.982,1.2000000476837158,0.0,0.0,0.0,118.765,1.7726,0.0
633.0,run_20260920_140129,,unloading,unloading,21.935,27.889,99.982,1.2000000476837158,0.0,0.0,0.0,118.765,1.7742,0.0
634.0,run_20260920_140129,,unloading,unloading,21.928,27.883,99.982,1.2000000476837158,0.0,0.0,0.0,118.765,1.7759,0.0
635.0,run_20260920_140129,,unloading,unloading,21.92,27.876,99.982,1.2000000476837158,0.0,0.0,0.0,118.765,1.7776,0.0
636.0,run_20260920_140129,,unloading,unloading,21.913,27.87,99.982,1.2000000476837158,0.0,0.0,0.0,118.765,1.7792,0.0
637.0,run_20260920_140129,,unloading,unloading,21.905,27.863,99.982,1.2000000476837158,0.0,0.0,0.0,118.765,1.7809,0.0
638.0,run_20260920_140129,,unloading,unloading,21.897,27.857,99.982,1.2000000476837158,0.0,0.0,0.0,118.765,1.7826,0.0
639.0,run_20260920_140129,,unloading,unloading,21.89,27.85,99.982,1.2000000476837158,0.0,0.0,0.0,118.765,1.7842,0.0
640.0,run_20260920_140129,,unloading,unloading,21.882,27.844,99.982,1.2000000476837158,0.0,0.0,0.0,118.765,1.7859,0.0
641.0,run_20260920_140129,,unloading,unloading,21.875,27.837,99.982,1.2000000476837158,0.0,0.0,0.0,118.765,1.7876,0.0
642.0,run_20260920_140129,,unloading,unloading,21.867,27.831,99.982,1.2000000476837158,0.0,0.0,0.0,118.765,1.7892,0.0
643.0,run_20260920_140129,,waiting,waiting,21.86,27.825,99.982,0.0,0.0,0.0,0.0,118.765,1.7909,0.0
644.0,run_20260920_140129,,driving,driving,21.851,27.824,99.982,0.0,0.147,0.082,0.0261,118.791,1.7927,0.0
645.0,run_20260920_140129,,driving,driving,21.843,27.823,99.982,0.0,0.162,0.09,0.0478,118.839,1.7946,0.0
646.0,run_20260920_140129,,driving,driving,21.827,27.85,99.982,0.0,0.897,0.5,0.3451,119.184,1.798,0.0
647.0,run_20260920_140129,,driving,driving,21.808,27.876,99.982,0.0,0.876,0.488,0.4896,119.673,1.8022,0.0
648.0,run_20260920_140129,,driving,driving,21.79,27.902,99.982,0.0,0.886,0.494,0.4834,120.157,1.8063,0.0
649.0,run_20260920_140129,,driving,driving,21.771,27.929,99.982,0.0,0.888,0.495,0.5026,120.659,1.8105,0.0
650.0,run_20260920_140129,,driving,driving,21.751,27.955,99.982,0.0,0.897,0.5,0.5025,121.162,1.8147,0.0
651.0,run_20260920_140129,,driving,driving,21.732,27.982,99.982,0.0,0.897,0.5,0.5038,121.666,1.8189,0.0
652.0,run_20260920_140129,,driving,driving,21.713,28.008,99.982,0.0,0.893,0.497,0.5031,122.169,1.8231,0.0
653.0,run_20260920_140129,,driving,driving,21.694,28.035,99.982,0.0,0.887,0.494,0.4841,122.653,1.8272,0.0
654.0,run_20260920_140129,,driving,driving,21.675,28.06,99.982,0.0,0.873,0.486,0.4976,123.151,1.8314,0.0
655.0,run_20260920_140129,,driving,driving,21.656,28.087,99.982,0.0,0.893,0.498,0.5002,123.651,1.8356,0.0
656.0,run_20260920_140129,,driving,driving,21.637,28.111,99.982,0.0,0.844,0.47,0.4956,124.146,1.8398,0.0
657.0,run_20260920_140129,,driving,driving,21.619,28.138,99.982,0.0,0.897,0.5,0.4637,124.61,1.8438,0.0
658.0,run_20260920_140129,,driving,driving,21.6,28.164,99.982,0.0,0.896,0.499,0.5027,125.113,1.848,0.0
659.0,run_20260920_140129,,driving,driving,21.581,28.191,99.981,0.0,0.897,0.5,0.5031,125.616,1.8522,0.0
660.0,run_20260920_140129,,driving,driving,21.562,28.217,99.981,0.0,0.894,0.498,0.5028,126.119,1.8564,0.0
661.0,run_20260920_140129,,driving,driving,21.542,28.243,99.981,0.0,0.896,0.499,0.503,126.622,1.8607,0.0
662.0,run_20260920_140129,,driving,driving,21.524,28.269,99.981,0.0,0.896,0.499,0.4853,127.107,1.8648,0.0
663.0,run_20260920_140129,,driving,driving,21.505,28.293,99.981,0.0,0.813,0.453,0.4985,127.606,1.869,0.0
664.0,run_20260920_140129,,driving,driving,21.486,28.319,99.981,0.0,0.894,0.498,0.4874,128.093,1.8731,0.0
665.0,run_20260920_140129,,driving,driving,21.468,28.337,99.981,0.0,0.68,0.379,0.4537,128.547,1.8771,0.0
666.0,run_20260920_140129,,driving,driving,21.454,28.33,99.981,0.0,0.0,0.0,0.2723,128.819,1.8801,0.0
667.0,run_20260920_140129,,loading,loading,21.446,28.323,99.981,0.0,0.0,0.0,0.0,128.819,1.8818,0.0
668.0,run_20260920_140129,,loading,loading,21.439,28.316,99.981,0.0,0.0,0.0,0.0,128.819,1.8835,0.0
669.0,run_20260920_140129,,loading,loading,21.431,28.309,99.981,0.0,0.0,0.0,0.0,128.819,1.8851,0.0
670.0,run_20260920_140129,,loading,loading,21.424,28.302,99.981,0.0,0.0,0.0,0.0,128.819,1.8868,0.0
671.0,run_20260920_140129,,loading,loading,21.416,28.295,99.981,0.0,0.0,0.0,0.0,128.819,1.8885,0.0
672.0,run_20260920_140129,,loading,loading,21.409,28.288,99.981,0.0,0.0,0.0,0.0,128.819,1.8901,0.0
673.0,run_20260920_140129,,loading,loading,21.401,28.281,99.981,0.0,0.0,0.0,0.0,128.819,1.8918,0.0
674.0,run_20260920_140129,,loading,loading,21.393,28.275,99.981,0.0,0.0,0.0,0.0,128.819,1.8935,0.0
675.0,run_20260920_140129,,loading,loading,21.386,28.268,99.981,0.0,0.0,0.0,0.0,128.819,1.8951,0.0
676.0,run_20260920_140129,,loading,loading,21.378,28.261,99.981,0.0,0.0,0.0,0.0,128.819,1.8968,0.0
677.0,run_20260920_140129,,loading,loading,21.371,28.254,99.981,0.0,0.0,0.0,0.0,128.819,1.8985,0.0
678.0,run_20260920_140129,,loading,loading,21.363,28.247,99.981,0.0,0.0,0.0,0.0,128.819,1.9001,0.0
679.0,run_20260920_140129,,loading,loading,21.356,28.24,99.981,0.0,0.0,0.0,0.0,128.819,1.9018,0.0
680.0,run_20260920_140129,,loading,loading,21.348,28.233,99.981,0.0,0.0,0.0,0.0,128.819,1.9035,0.0
681.0,run_20260920_140129,,loading,loading,21.34,28.226,99.981,0.0,0.0,0.0,0.0,128.819,1.9051,0.0
682.0,run_20260920_140129,,loading,loading,21.333,28.22,99.981,0.0,0.0,0.0,0.0,128.819,1.9068,0.0
683.0,run_20260920_140129,,loading,loading,21.325,28.213,99.981,0.0,0.0,0.0,0.0,128.819,1.9085,0.0
684.0,run_20260920_140129,,loading,loading,21.318,28.206,99.981,0.0,0.0,0.0,0.0,128.819,1.9101,0.0
685.0,run_20260920_140129,,loading,loading,21.31,28.199,99.981,0.0,0.0,0.0,0.0,128.819,1.9118,0.0
686.0,run_20260920_140129,,loading,loading,21.302,28.192,99.981,0.0,0.0,0.0,0.0,128.819,1.9135,0.0
687.0,run_20260920_140129,,loading,loading,21.295,28.185,99.981,0.0,0.0,0.0,0.0,128.819,1.9151,0.0
688.0,run_20260920_140129,,loading,loading,21.287,28.179,99.981,0.0,0.0,0.0,0.0,128.819,1.9168,0.0
689.0,run_20260920_140129,,loading,loading,21.28,28.172,99.981,0.0,0.0,0.0,0.0,128.819,1.9185,0.0
690.0,run_20260920_140129,,loading,loading,21.272,28.165,99.981,0.0,0.0,0.0,0.0,128.819,1.9201,0.0
691.0,run_20260920_140129,,loading,loading,21.265,28.158,99.981,0.0,0.0,0.0,0.0,128.819,1.9218,0.0
692.0,run_20260920_140129,,loading,loading,21.257,28.151,99.981,0.0,0.0,0.0,0.0,128.819,1.9235,0.0
693.0,run_20260920_140129,,loading,loading,21.249,28.145,99.981,0.0,0.0,0.0,0.0,128.819,1.9251,0.0
694.0,run_20260920_140129,,loading,loading,21.242,28.138,99.981,0.0,0.0,0.0,0.0,128.819,1.9268,0.0
695.0,run_20260920_140129,,loading,loading,21.234,28.131,99.981,0.0,0.0,0.0,0.0,128.819,1.9285,0.0
696.0,run_20260920_140129,,loading,loading,21.227,28.124,99.981,0.0,0.0,0.0,0.0,128.819,1.9301,0.0
697.0,run_20260920_140129,,waiting,waiting,21.219,28.118,99.981,0.5,0.0,0.0,0.0,128.819,1.9318,0.0
698.0,run_20260920_140129,,driving,driving,21.211,28.119,99.981,0.5,0.213,0.119,0.0241,128.843,1.9336,0.0
699.0,run_20260920_140129,,driving,driving,21.2,28.125,99.981,0.5,0.329,0.183,0.1489,128.992,1.9361,0.0
700.0,run_20260920_140129,,driving,driving,21.186,28.13,99.981,0.5,0.327,0.182,0.2462,129.238,1.9392,0.0
701.0,run_20260920_140129,,driving,driving,21.176,28.128,99.981,0.5,0.103,0.058,0.0776,129.316,1.9413,0.0
702.0,run_20260920_140129,,driving,driving,21.168,28.121,99.981,0.5,0.014,0.008,0.024,129.34,1.9431,0.0
703.0,run_20260920_140129,,driving,driving,21.157,28.138,99.981,0.5,0.614,0.342,0.1265,129.466,1.9454,0.0
704.0,run_20260920_140129,,driving,driving,21.137,28.162,99.981,0.5,0.815,0.454,0.4862,129.952,1.9499,0.0
705.0,run_20260920_140129,,driving,driving,21.117,28.189,99.98,0.5,0.882,0.492,0.4834,130.436,1.9543,0.0
706.0,run_20260920_140129,,driving,driving,21.097,28.215,99.98,0.5,0.878,0.489,0.4954,130.931,1.9587,0.0
707.0,run_20260920_140129,,driving,driving,21.077,28.239,99.98,0.5,0.814,0.454,0.4779,131.409,1.9631,0.0
708.0,run_20260920_140129,,driving,driving,21.057,28.265,99.98,0.5,0.862,0.481,0.491,131.9,1.9675,0.0
709.0,run_20260920_140129,,driving,driving,21.036,28.292,99.98,0.5,0.888,0.495,0.4952,132.395,1.972,0.0
710.0,run_20260920_140129,,driving,driving,21.017,28.314,99.98,0.5,0.772,0.43,0.4732,132.868,1.9763,0.0
711.0,run_20260920_140129,,driving,driving,20.997,28.341,99.98,0.5,0.883,0.492,0.4547,133.323,1.9806,0.0
712.0,run_20260920_140129,,driving,driving,20.977,28.368,99.98,0.5,0.896,0.499,0.4989,133.822,1.9851,0.0
713.0,run_20260920_140129,,driving,driving,20.957,28.395,99.98,0.5,0.897,0.5,0.5002,134.322,1.9896,0.0
714.0,run_20260920_140129,,driving,driving,20.936,28.421,99.98,0.5,0.886,0.494,0.5029,134.825,1.9941,0.0
715.0,run_20260920_140129,,driving,driving,20.916,28.448,99.98,0.5,0.897,0.5,0.5032,135.328,1.9986,0.0
716.0,run_20260920_140129,,driving,driving,20.895,28.475,99.98,0.5,0.888,0.495,0.4847,135.813,2.003,0.0
717.0,run_20260920_140129,,driving,driving,20.875,28.502,99.98,0.5,0.895,0.499,0.5002,136.313,2.0075,0.0
718.0,run_20260920_140129,,driving,driving,20.855,28.529,99.98,0.5,0.894,0.498,0.502,136.815,2.012,0.0
719.0,run_20260920_140129,,driving,driving,20.835,28.552,99.98,0.5,0.794,0.442,0.4792,137.295,2.0164,0.0
720.0,run_20260920_140129,,driving,driving,20.815,28.578,99.98,0.5,0.897,0.5,0.4681,137.763,2.0207,0.0
721.0,run_20260920_140129,,driving,driving,20.795,28.604,99.98,0.5,0.868,0.483,0.4973,138.26,2.0252,0.0
722.0,run_20260920_140129,,driving,driving,20.776,28.623,99.98,0.5,0.679,0.378,0.4401,138.7,2.0293,0.0
723.0,run_20260920_140129,,driving,driving,20.762,28.623,99.98,0.5,0.196,0.109,0.2521,138.952,2.0324,0.0
724.0,run_20260920_140129,,driving,driving,20.753,28.62,99.98,0.5,0.131,0.073,0.0402,138.992,2.0343,0.0
725.0,run_20260920_140129,,unloading,unloading,20.744,28.613,99.98,0.5,0.0,0.0,0.0524,139.045,2.0363,0.0
726.0,run_20260920_140129,,unloading,unloading,20.737,28.606,99.98,0.5,0.0,0.0,0.0,139.045,2.038,0.0
727.0,run_20260920_140129,,unloading,unloading,20.729,28.599,99.98,0.5,0.0,0.0,0.0,139.045,2.0396,0.0
728.0,run_20260920_140129,,unloading,unloading,20.721,28.591,99.98,0.5,0.0,0.0,0.0,139.045,2.0413,0.0
729.0,run_20260920_140129,,unloading,unloading,20.714,28.584,99.98,0.5,0.0,0.0,0.0,139.045,2.043,0.0
730.0,run_20260920_140129,,unloading,unloading,20.706,28.577,99.98,0.5,0.0,0.0,0.0,139.045,2.0446,0.0
731.0,run_20260920_140129,,unloading,unloading,20.699,28.57,99.98,0.5,0.0,0.0,0.0,139.045,2.0463,0.0
732.0,run_20260920_140129,,unloading,unloading,20.691,28.562,99.98,0.5,0.0,0.0,0.0,139.045,2.048,0.0
733.0,run_20260920_140129,,unloading,unloading,20.684,28.555,99.98,0.5,0.0,0.0,0.0,139.045,2.0496,0.0
734.0,run_20260920_140129,,unloading,unloading,20.676,28.548,99.979,0.5,0.0,0.0,0.0,139.045,2.0513,0.0
735.0,run_20260920_140129,,unloading,unloading,20.668,28.541,99.979,0.5,0.0,0.0,0.0,139.045,2.053,0.0
736.0,run_20260920_140129,,unloading,unloading,20.661,28.534,99.979,0.5,0.0,0.0,0.0,139.045,2.0546,0.0
737.0,run_20260920_140129,,unloading,unloading,20.653,28.526,99.979,0.5,0.0,0.0,0.0,139.045,2.0563,0.0
738.0,run_20260920_140129,,unloading,unloading,20.646,28.519,99.979,0.5,0.0,0.0,0.0,139.045,2.058,0.0
739.0,run_20260920_140129,,unloading,unloading,20.638,28.512,99.979,0.5,0.0,0.0,0.0,139.045,2.0596,0.0
740.0,run_20260920_140129,,unloading,unloading,20.631,28.505,99.979,0.5,0.0,0.0,0.0,139.045,2.0613,0.0
741.0,run_20260920_140129,,unloading,unloading,20.623,28.498,99.979,0.5,0.0,0.0,0.0,139.045,2.063,0.0
742.0,run_20260920_140129,,unloading,unloading,20.615,28.491,99.979,0.5,0.0,0.0,0.0,139.045,2.0646,0.0
743.0,run_20260920_140129,,unloading,unloading,20.608,28.483,99.979,0.5,0.0,0.0,0.0,139.045,2.0663,0.0
744.0,run_20260920_140129,,unloading,unloading,20.6,28.476,99.979,0.5,0.0,0.0,0.0,139.045,2.068,0.0
745.0,run_20260920_140129,,unloading,unloading,20.593,28.469,99.979,0.5,0.0,0.0,0.0,139.045,2.0696,0.0
746.0,run_20260920_140129,,unloading,unloading,20.585,28.462,99.979,0.5,0.0,0.0,0.0,139.045,2.0713,0.0
747.0,run_20260920_140129,,unloading,unloading,20.577,28.455,99.979,0.5,0.0,0.0,0.0,139.045,2.073,0.0
748.0,run_20260920_140129,,unloading,unloading,20.57,28.448,99.979,0.5,0.0,0.0,0.0,139.045,2.0746,0.0
749.0,run_20260920_140129,,unloading,unloading,20.562,28.441,99.979,0.5,0.0,0.0,0.0,139.045,2.0763,0.0
750.0,run_20260920_140129,,unloading,unloading,20.555,28.434,99.979,0.5,0.0,0.0,0.0,139.045,2.078,0.0
751.0,run_20260920_140129,,unloading,unloading,20.547,28.427,99.979,0.5,0.0,0.0,0.0,139.045,2.0796,0.0
752.0,run_20260920_140129,,unloading,unloading,20.54,28.419,99.979,0.5,0.0,0.0,0.0,139.045,2.0813,0.0
753.0,run_20260920_140129,,unloading,unloading,20.532,28.412,99.979,0.5,0.0,0.0,0.0,139.045,2.083,0.0
754.0,run_20260920_140129,,unloading,unloading,20.524,28.405,99.979,0.5,0.0,0.0,0.0,139.045,2.0846,0.0
755.0,run_20260920_140129,,unloading,unloading,20.517,28.398,99.979,0.5,0.0,0.0,0.0,139.045,2.0863,0.0
756.0,run_20260920_140129,,waiting,waiting,20.509,28.391,99.979,0.0,0.0,0.0,0.0,139.045,2.088,0.0
757.0,run_20260920_140129,,driving,driving,20.501,28.388,99.979,0.0,0.107,0.06,0.0484,139.093,2.0899,0.0
758.0,run_20260920_140129,,driving,driving,20.491,28.394,99.979,0.0,0.346,0.193,0.084,139.177,2.092,0.0
759.0,run_20260920_140129,,driving,driving,20.474,28.419,99.979,0.0,0.865,0.482,0.4009,139.578,2.0957,0.0
760.0,run_20260920_140129,,driving,driving,20.455,28.445,99.979,0.0,0.897,0.5,0.493,140.071,2.0998,0.0
761.0,run_20260920_140129,,driving,driving,20.437,28.471,99.979,0.0,0.897,0.5,0.4839,140.555,2.1039,0.0
762.0,run_20260920_140129,,driving,driving,20.417,28.497,99.979,0.0,0.897,0.5,0.5037,141.059,2.1082,0.0
763.0,run_20260920_140129,,driving,driving,20.398,28.523,99.979,0.0,0.897,0.5,0.503,141.562,2.1124,0.0
764.0,run_20260920_140129,,driving,driving,20.379,28.549,99.979,0.0,0.897,0.5,0.5037,142.066,2.1166,0.0
765.0,run_20260920_140129,,driving,driving,20.36,28.575,99.979,0.0,0.897,0.5,0.486,142.552,2.1207,0.0
766.0,run_20260920_140129,,driving,driving,20.341,28.601,99.979,0.0,0.897,0.5,0.5034,143.055,2.1249,0.0
767.0,run_20260920_140129,,driving,driving,20.322,28.627,99.979,0.0,0.897,0.5,0.5027,143.558,2.1292,0.0
768.0,run_20260920_140129,,driving,driving,20.303,28.653,99.979,0.0,0.897,0.5,0.504,144.062,2.1334,0.0
769.0,run_20260920_140129,,driving,driving,20.284,28.679,99.979,0.0,0.888,0.494,0.5015,144.563,2.1376,0.0
770.0,run_20260920_140129,,driving,driving,20.266,28.698,99.979,0.0,0.723,0.403,0.4332,144.996,2.1415,0.0
771.0,run_20260920_140129,,driving,driving,20.249,28.723,99.979,0.0,0.875,0.487,0.4256,145.422,2.1453,0.0
772.0,run_20260920_140129,,driving,driving,20.23,28.749,99.979,0.0,0.889,0.495,0.4858,145.908,2.1494,0.0
773.0,run_20260920_140129,,driving,driving,20.212,28.772,99.978,0.0,0.834,0.465,0.4662,146.374,2.1535,0.0
774.0,run_20260920_140129,,driving,driving,20.193,28.797,99.978,0.0,0.881,0.491,0.4671,146.841,2.1575,0.0
775.0,run_20260920_140129,,driving,driving,20.174,28.822,99.978,0.0,0.875,0.488,0.5005,147.341,2.1617,0.0
776.0,run_20260920_140129,,driving,driving,20.155,28.848,99.978,0.0,0.897,0.5,0.4942,147.836,2.1659,0.0
777.0,run_20260920_140129,,driving,driving,20.136,28.873,99.978,0.0,0.881,0.491,0.4998,148.336,2.1701,0.0
778.0,run_20260920_140129,,driving,driving,20.117,28.894,99.978,0.0,0.769,0.428,0.4775,148.813,2.1742,0.0
779.0,run_20260920_140129,,driving,driving,20.102,28.902,99.978,0.0,0.439,0.244,0.3318,149.145,2.1775,0.0
780.0,run_20260920_140129,,loading,loading,20.094,28.895,99.978,0.0,0.0,0.0,0.0189,149.164,2.1793,0.0
781.0,run_20260920_140129,,loading,loading,20.087,28.887,99.978,0.0,0.0,0.0,0.0,149.164,2.181,0.0
782.0,run_20260920_140129,,loading,loading,20.079,28.88,99.978,0.0,0.0,0.0,0.0,149.164,2.1826,0.0
783.0,run_20260920_140129,,loading,loading,20.071,28.872,99.978,0.0,0.0,0.0,0.0,149.164,2.1843,0.0
784.0,run_20260920_140129,,loading,loading,20.064,28.865,99.978,0.0,0.0,0.0,0.0,149.164,2.186,0.0
785.0,run_20260920_140129,,loading,loading,20.056,28.857,99.978,0.0,0.0,0.0,0.0,149.164,2.1876,0.0
786.0,run_20260920_140129,,loading,loading,20.049,28.849,99.978,0.0,0.0,0.0,0.0,149.164,2.1893,0.0
787.0,run_20260920_140129,,loading,loading,20.041,28.842,99.978,0.0,0.0,0.0,0.0,149.164,2.191,0.0
788.0,run_20260920_140129,,loading,loading,20.034,28.834,99.978,0.0,0.0,0.0,0.0,149.164,2.1926,0.0
789.0,run_20260920_140129,,loading,loading,20.026,28.827,99.978,0.0,0.0,0.0,0.0,149.164,2.1943,0.0
790.0,run_20260920_140129,,loading,loading,20.018,28.819,99.978,0.0,0.0,0.0,0.0,149.164,2.196,0.0
791.0,run_20260920_140129,,loading,loading,20.011,28.812,99.978,0.0,0.0,0.0,0.0,149.164,2.1976,0.0
792.0,run_20260920_140129,,loading,loading,20.003,28.804,99.978,0.0,0.0,0.0,0.0,149.164,2.1993,0.0
793.0,run_20260920_140129,,loading,loading,19.996,28.797,99.978,0.0,0.0,0.0,0.0,149.164,2.201,0.0
794.0,run_20260920_140129,,loading,loading,19.988,28.789,99.978,0.0,0.0,0.0,0.0,149.164,2.2026,0.0
795.0,run_20260920_140129,,loading,loading,19.981,28.782,99.978,0.0,0.0,0.0,0.0,149.164,2.2043,0.0
796.0,run_20260920_140129,,loading,loading,19.973,28.774,99.978,0.0,0.0,0.0,0.0,149.164,2.206,0.0
797.0,run_20260920_140129,,loading,loading,19.965,28.767,99.978,0.0,0.0,0.0,0.0,149.164,2.2076,0.0
798.0,run_20260920_140129,,loading,loading,19.958,28.76,99.978,0.0,0.0,0.0,0.0,149.164,2.2093,0.0
799.0,run_20260920_140129,,loading,loading,19.95,28.752,99.978,0.0,0.0,0.0,0.0,149.164,2.211,0.0
800.0,run_20260920_140129,,loading,loading,19.943,28.745,99.978,0.0,0.0,0.0,0.0,149.164,2.2126,0.0
801.0,run_20260920_140129,,loading,loading,19.935,28.737,99.978,0.0,0.0,0.0,0.0,149.164,2.2143,0.0
802.0,run_20260920_140129,,loading,loading,19.927,28.73,99.978,0.0,0.0,0.0,0.0,149.164,2.216,0.0
803.0,run_20260920_140129,,loading,loading,19.92,28.722,99.978,0.0,0.0,0.0,0.0,149.164,2.2176,0.0
804.0,run_20260920_140129,,loading,loading,19.912,28.715,99.978,0.0,0.0,0.0,0.0,149.164,2.2193,0.0
805.0,run_20260920_140129,,loading,loading,19.905,28.708,99.978,0.0,0.0,0.0,0.0,149.164,2.221,0.0
806.0,run_20260920_140129,,loading,loading,19.897,28.7,99.978,0.0,0.0,0.0,0.0,149.164,2.2226,0.0
807.0,run_20260920_140129,,loading,loading,19.89,28.693,99.978,0.0,0.0,0.0,0.0,149.164,2.2243,0.0
808.0,run_20260920_140129,,loading,loading,19.882,28.686,99.978,0.0,0.0,0.0,0.0,149.164,2.226,0.0
809.0,run_20260920_140129,,loading,loading,19.874,28.678,99.978,0.0,0.0,0.0,0.0,149.164,2.2276,0.0
810.0,run_20260920_140129,,waiting,waiting,19.867,28.671,99.978,0.800000011920929,0.0,0.0,0.0,149.164,2.2293,0.0
811.0,run_20260920_140129,,driving,driving,19.859,28.67,99.978,0.800000011920929,0.159,0.088,0.0089,149.173,2.231,0.0
812.0,run_20260920_140129,,driving,driving,19.848,28.673,99.978,0.800000011920929,0.29,0.162,0.1341,149.307,2.2335,0.0
813.0,run_20260920_140129,,driving,driving,19.838,28.668,99.978,0.800000011920929,0.058,0.032,0.0837,149.39,2.2357,0.0
814.0,run_20260920_140129,,driving,driving,19.83,28.667,99.978,0.800000011920929,0.154,0.086,0.026,149.416,2.2375,0.0
815.0,run_20260920_140129,,driving,driving,19.815,28.69,99.978,0.800000011920929,0.803,0.447,0.2725,149.689,2.2408,0.0
816.0,run_20260920_140129,,driving,driving,19.795,28.714,99.978,0.800000011920929,0.813,0.453,0.4431,150.132,2.2451,0.0
817.0,run_20260920_140129,,driving,driving,19.774,28.741,99.978,0.800000011920929,0.886,0.494,0.4752,150.607,2.2496,0.0
818.0,run_20260920_140129,,driving,driving,19.753,28.768,99.977,0.800000011920929,0.882,0.491,0.4988,151.106,2.2543,0.0
819.0,run_20260920_140129,,driving,driving,19.733,28.795,99.977,0.800000011920929,0.896,0.499,0.4761,151.582,2.2588,0.0
820.0,run_20260920_140129,,driving,driving,19.711,28.822,99.977,0.800000011920929,0.897,0.5,0.4995,152.082,2.2635,0.0
821.0,run_20260920_140129,,driving,driving,19.69,28.849,99.977,0.800000011920929,0.897,0.5,0.5029,152.585,2.2682,0.0
822.0,run_20260920_140129,,driving,driving,19.669,28.876,99.977,0.800000011920929,0.897,0.5,0.5036,153.088,2.2729,0.0
823.0,run_20260920_140129,,driving,driving,19.647,28.903,99.977,0.800000011920929,0.897,0.5,0.5039,153.592,2.2776,0.0
824.0,run_20260920_140129,,driving,driving,19.627,28.93,99.977,0.800000011920929,0.895,0.499,0.4806,154.073,2.2822,0.0
825.0,run_20260920_140129,,driving,driving,19.605,28.956,99.977,0.800000011920929,0.897,0.5,0.501,154.574,2.2868,0.0
826.0,run_20260920_140129,,driving,driving,19.584,28.983,99.977,0.800000011920929,0.882,0.491,0.5025,155.076,2.2915,0.0
827.0,run_20260920_140129,,driving,driving,19.563,29.01,99.977,0.800000011920929,0.897,0.5,0.5034,155.58,2.2962,0.0
828.0,run_20260920_140129,,driving,driving,19.542,29.036,99.977,0.800000011920929,0.897,0.5,0.4847,156.064,2.3008,0.0
829.0,run_20260920_140129,,driving,driving,19.52,29.063,99.977,0.800000011920929,0.894,0.498,0.5037,156.568,2.3055,0.0
830.0,run_20260920_140129,,driving,driving,19.499,29.09,99.977,0.800000011920929,0.897,0.5,0.5037,157.072,2.3102,0.0
831.0,run_20260920_140129,,driving,driving,19.478,29.117,99.977,0.800000011920929,0.897,0.5,0.5038,157.576,2.3149,0.0
832.0,run_20260920_140129,,driving,driving,19.456,29.143,99.977,0.800000011920929,0.895,0.499,0.5007,158.076,2.3196,0.0
833.0,run_20260920_140129,,driving,driving,19.435,29.17,99.977,0.800000011920929,0.897,0.5,0.4853,158.562,2.3242,0.0
834.0,run_20260920_140129,,driving,driving,19.416,29.188,99.977,0.800000011920929,0.689,0.384,0.4404,159.002,2.3285,0.0
835.0,run_20260920_140129,,driving,driving,19.4,29.192,99.977,0.800000011920929,0.307,0.171,0.2947,159.297,2.332,0.0
836.0,run_20260920_140129,,driving,driving,19.391,29.189,99.977,0.800000011920929,0.108,0.06,0.0602,159.357,2.334,0.0
837.0,run_20260920_140129,,unloading,unloading,19.382,29.181,99.977,0.800000011920929,0.0,0.0,0.0496,159.406,2.336,0.0
838.0,run_20260920_140129,,unloading,unloading,19.374,29.173,99.977,0.800000011920929,0.0,0.0,0.0,159.406,2.3376,0.0
839.0,run_20260920_140129,,unloading,unloading,19.367,29.165,99.977,0.800000011920929,0.0,0.0,0.0,159.406,2.3393,0.0
840.0,run_20260920_140129,,unloading,unloading,19.359,29.157,99.977,0.800000011920929,0.0,0.0,0.0,159.406,2.341,0.0
841.0,run_20260920_140129,,unloading,unloading,19.352,29.149,99.977,0.800000011920929,0.0,0.0,0.0,159.406,2.3426,0.0
842.0,run_20260920_140129,,unloading,unloading,19.344,29.141,99.977,0.800000011920929,0.0,0.0,0.0,159.406,2.3443,0.0
843.0,run_20260920_140129,,unloading,unloading,19.337,29.133,99.977,0.800000011920929,0.0,0.0,0.0,159.406,2.346,0.0
844.0,run_20260920_140129,,unloading,unloading,19.329,29.126,99.977,0.800000011920929,0.0,0.0,0.0,159.406,2.3476,0.0
845.0,run_20260920_140129,,unloading,unloading,19.321,29.118,99.977,0.800000011920929,0.0,0.0,0.0,159.406,2.3493,0.0
846.0,run_20260920_140129,,unloading,unloading,19.314,29.11,99.976,0.800000011920929,0.0,0.0,0.0,159.406,2.351,0.0
847.0,run_20260920_140129,,unloading,unloading,19.306,29.102,99.976,0.800000011920929,0.0,0.0,0.0,159.406,2.3526,0.0
848.0,run_20260920_140129,,unloading,unloading,19.299,29.094,99.976,0.800000011920929,0.0,0.0,0.0,159.406,2.3543,0.0
849.0,run_20260920_140129,,unloading,unloading,19.291,29.086,99.976,0.800000011920929,0.0,0.0,0.0,159.406,2.356,0.0
850.0,run_20260920_140129,,unloading,unloading,19.283,29.079,99.976,0.800000011920929,0.0,0.0,0.0,159.406,2.3576,0.0
851.0,run_20260920_140129,,unloading,unloading,19.276,29.071,99.976,0.800000011920929,0.0,0.0,0.0,159.406,2.3593,0.0
852.0,run_20260920_140129,,unloading,unloading,19.268,29.063,99.976,0.800000011920929,0.0,0.0,0.0,159.406,2.361,0.0
853.0,run_20260920_140129,,unloading,unloading,19.261,29.055,99.976,0.800000011920929,0.0,0.0,0.0,159.406,2.3626,0.0
854.0,run_20260920_140129,,unloading,unloading,19.253,29.048,99.976,0.800000011920929,0.0,0.0,0.0,159.406,2.3643,0.0
855.0,run_20260920_140129,,unloading,unloading,19.246,29.04,99.976,0.800000011920929,0.0,0.0,0.0,159.406,2.366,0.0
856.0,run_20260920_140129,,unloading,unloading,19.238,29.032,99.976,0.800000011920929,0.0,0.0,0.0,159.406,2.3676,0.0
857.0,run_20260920_140129,,unloading,unloading,19.23,29.024,99.976,0.800000011920929,0.0,0.0,0.0,159.406,2.3693,0.0
858.0,run_20260920_140129,,unloading,unloading,19.223,29.017,99.976,0.800000011920929,0.0,0.0,0.0,159.406,2.371,0.0
859.0,run_20260920_140129,,unloading,unloading,19.215,29.009,99.976,0.800000011920929,0.0,0.0,0.0,159.406,2.3726,0.0
860.0,run_20260920_140129,,unloading,unloading,19.208,29.001,99.976,0.800000011920929,0.0,0.0,0.0,159.406,2.3743,0.0
861.0,run_20260920_140129,,unloading,unloading,19.2,28.994,99.976,0.800000011920929,0.0,0.0,0.0,159.406,2.376,0.0
862.0,run_20260920_140129,,unloading,unloading,19.193,28.986,99.976,0.800000011920929,0.0,0.0,0.0,159.406,2.3776,0.0
863.0,run_20260920_140129,,unloading,unloading,19.185,28.978,99.976,0.800000011920929,0.0,0.0,0.0,159.406,2.3793,0.0
864.0,run_20260920_140129,,unloading,unloading,19.177,28.97,99.976,0.800000011920929,0.0,0.0,0.0,159.406,2.381,0.0
865.0,run_20260920_140129,,unloading,unloading,19.17,28.963,99.976,0.800000011920929,0.0,0.0,0.0,159.406,2.3826,0.0
866.0,run_20260920_140129,,unloading,unloading,19.162,28.955,99.976,0.800000011920929,0.0,0.0,0.0,159.406,2.3843,0.0
867.0,run_20260920_140129,,waiting,waiting,19.155,28.947,99.976,0.0,0.0,0.0,0.0,159.406,2.386,0.0
868.0,run_20260920_140129,,waiting,waiting,19.147,28.94,99.976,0.0,0.0,0.0,0.0,159.406,2.3876,0.0
869.0,run_20260920_140129,,driving,driving,19.139,28.933,99.976,0.0,0.03,0.017,0.0199,159.426,2.3894,0.0
870.0,run_20260920_140129,,driving,driving,19.129,28.943,99.976,0.0,0.474,0.264,0.1052,159.532,2.3916,0.0
871.0,run_20260920_140129,,driving,driving,19.111,28.969,99.976,0.0,0.891,0.496,0.4423,159.974,2.3955,0.0
872.0,run_20260920_140129,,driving,driving,19.092,28.994,99.976,0.0,0.886,0.494,0.5017,160.476,2.3997,0.0
873.0,run_20260920_140129,,driving,driving,19.073,29.017,99.976,0.0,0.845,0.471,0.4822,160.958,2.4038,0.0
874.0,run_20260920_140129,,driving,driving,19.055,29.043,99.976,0.0,0.897,0.5,0.487,161.445,2.408,0.0
875.0,run_20260920_140129,,driving,driving,19.035,29.068,99.976,0.0,0.897,0.5,0.5038,161.949,2.4122,0.0
876.0,run_20260920_140129,,driving,driving,19.016,29.094,99.976,0.0,0.897,0.5,0.504,162.453,2.4164,0.0
877.0,run_20260920_140129,,driving,driving,18.997,29.119,99.976,0.0,0.897,0.5,0.5033,162.956,2.4207,0.0
878.0,run_20260920_140129,,driving,driving,18.978,29.144,99.976,0.0,0.895,0.499,0.4859,163.442,2.4248,0.0
879.0,run_20260920_140129,,driving,driving,18.959,29.17,99.976,0.0,0.897,0.5,0.5038,163.946,2.429,0.0
880.0,run_20260920_140129,,driving,driving,18.94,29.195,99.976,0.0,0.895,0.499,0.5012,164.447,2.4332,0.0
881.0,run_20260920_140129,,driving,driving,18.921,29.22,99.976,0.0,0.889,0.495,0.5031,164.95,2.4375,0.0
882.0,run_20260920_140129,,driving,driving,18.903,29.237,99.976,0.0,0.675,0.376,0.4152,165.365,2.4412,0.0
883.0,run_20260920_140129,,driving,driving,18.889,29.239,99.976,0.0,0.28,0.156,0.2799,165.645,2.4443,0.0
884.0,run_20260920_140129,,driving,driving,18.881,29.234,99.976,0.0,0.075,0.042,0.051,165.696,2.4463,0.0
885.0,run_20260920_140129,,loading,loading,18.873,29.226,99.976,0.0,0.0,0.0,0.0048,165.701,2.448,0.0
886.0,run_20260920_140129,,loading,loading,18.865,29.218,99.976,0.0,0.0,0.0,0.0,165.701,2.4496,0.0
887.0,run_20260920_140129,,loading,loading,18.858,29.21,99.975,0.0,0.0,0.0,0.0,165.701,2.4513,0.0
888.0,run_20260920_140129,,loading,loading,18.85,29.202,99.975,0.0,0.0,0.0,0.0,165.701,2.453,0.0
889.0,run_20260920_140129,,loading,loading,18.843,29.194,99.975,0.0,0.0,0.0,0.0,165.701,2.4546,0.0
890.0,run_20260920_140129,,loading,loading,18.835,29.186,99.975,0.0,0.0,0.0,0.0,165.701,2.4563,0.0
891.0,run_20260920_140129,,loading,loading,18.827,29.179,99.975,0.0,0.0,0.0,0.0,165.701,2.458,0.0
892.0,run_20260920_140129,,loading,loading,18.82,29.171,99.975,0.0,0.0,0.0,0.0,165.701,2.4596,0.0
893.0,run_20260920_140129,,loading,loading,18.812,29.163,99.975,0.0,0.0,0.0,0.0,165.701,2.4613,0.0
894.0,run_20260920_140129,,loading,loading,18.805,29.155,99.975,0.0,0.0,0.0,0.0,165.701,2.463,0.0
895.0,run_20260920_140129,,loading,loading,18.797,29.147,99.975,0.0,0.0,0.0,0.0,165.701,2.4646,0.0
896.0,run_20260920_140129,,loading,loading,18.79,29.139,99.975,0.0,0.0,0.0,0.0,165.701,2.4663,0.0
897.0,run_20260920_140129,,loading,loading,18.782,29.131,99.975,0.0,0.0,0.0,0.0,165.701,2.468,0.0
898.0,run_20260920_140129,,loading,loading,18.774,29.123,99.975,0.0,0.0,0.0,0.0,165.701,2.4696,0.0
899.0,run_20260920_140129,,loading,loading,18.767,29.116,99.975,0.0,0.0,0.0,0.0,165.701,2.4713,0.0
900.0,run_20260920_140129,,loading,loading,18.759,29.108,99.975,0.0,0.0,0.0,0.0,165.701,2.473,0.0
901.0,run_20260920_140129,,loading,loading,18.752,29.1,99.975,0.0,0.0,0.0,0.0,165.701,2.4746,0.0
902.0,run_20260920_140129,,loading,loading,18.744,29.092,99.975,0.0,0.0,0.0,0.0,165.701,2.4763,0.0
903.0,run_20260920_140129,,loading,loading,18.737,29.084,99.975,0.0,0.0,0.0,0.0,165.701,2.478,0.0
904.0,run_20260920_140129,,loading,loading,18.729,29.077,99.975,0.0,0.0,0.0,0.0,165.701,2.4796,0.0
905.0,run_20260920_140129,,loading,loading,18.721,29.069,99.975,0.0,0.0,0.0,0.0,165.701,2.4813,0.0
906.0,run_20260920_140129,,loading,loading,18.714,29.061,99.975,0.0,0.0,0.0,0.0,165.701,2.483,0.0
907.0,run_20260920_140129,,loading,loading,18.706,29.053,99.975,0.0,0.0,0.0,0.0,165.701,2.4846,0.0
908.0,run_20260920_140129,,loading,loading,18.699,29.045,99.975,0.0,0.0,0.0,0.0,165.701,2.4863,0.0
909.0,run_20260920_140129,,loading,loading,18.691,29.038,99.975,0.0,0.0,0.0,0.0,165.701,2.488,0.0
910.0,run_20260920_140129,,loading,loading,18.684,29.03,99.975,0.0,0.0,0.0,0.0,165.701,2.4896,0.0
911.0,run_20260920_140129,,loading,loading,18.676,29.022,99.975,0.0,0.0,0.0,0.0,165.701,2.4913,0.0
912.0,run_20260920_140129,,loading,loading,18.668,29.015,99.975,0.0,0.0,0.0,0.0,165.701,2.493,0.0
913.0,run_20260920_140129,,loading,loading,18.661,29.007,99.975,0.0,0.0,0.0,0.0,165.701,2.4946,0.0
914.0,run_20260920_140129,,loading,loading,18.653,28.999,99.975,0.0,0.0,0.0,0.0,165.701,2.4963,0.0
915.0,run_20260920_140129,,waiting,waiting,18.646,28.991,99.975,1.5,0.0,0.0,0.0,165.701,2.498,0.0
916.0,run_20260920_140129,,driving,driving,18.638,28.987,99.975,1.5,0.077,0.043,0.0044,165.705,2.4996,0.0
917.0,run_20260920_140129,,driving,driving,18.627,28.979,99.975,1.5,0.01,0.006,0.1011,165.806,2.502,0.0
918.0,run_20260920_140129,,driving,driving,18.618,28.987,99.975,1.5,0.386,0.215,0.0679,165.874,2.5041,0.0
919.0,run_20260920_140129,,driving,driving,18.596,29.015,99.975,1.5,0.894,0.498,0.4374,166.312,2.5088,0.0
920.0,run_20260920_140129,,driving,driving,18.573,29.043,99.975,1.5,0.896,0.499,0.5031,166.815,2.5139,0.0
921.0,run_20260920_140129,,driving,driving,18.55,29.071,99.975,1.5,0.897,0.5,0.5039,167.319,2.519,0.0
922.0,run_20260920_140129,,driving,driving,18.527,29.099,99.975,1.5,0.897,0.5,0.5015,167.82,2.5241,0.0
923.0,run_20260920_140129,,driving,driving,18.504,29.127,99.975,1.5,0.896,0.499,0.4847,168.305,2.5291,0.0
924.0,run_20260920_140129,,driving,driving,18.481,29.154,99.975,1.5,0.892,0.497,0.501,168.806,2.5342,0.0
925.0,run_20260920_140129,,driving,driving,18.458,29.182,99.975,1.5,0.894,0.498,0.5024,169.308,2.5393,0.0
926.0,run_20260920_140129,,driving,driving,18.434,29.21,99.975,1.5,0.895,0.499,0.5023,169.81,2.5444,0.0
927.0,run_20260920_140129,,driving,driving,18.412,29.237,99.975,1.5,0.897,0.5,0.4854,170.296,2.5494,0.0
928.0,run_20260920_140129,,driving,driving,18.388,29.265,99.974,1.5,0.895,0.498,0.5025,170.798,2.5545,0.0
929.0,run_20260920_140129,,driving,driving,18.365,29.293,99.974,1.5,0.897,0.5,0.5036,171.302,2.5597,0.0
930.0,run_20260920_140129,,driving,driving,18.344,29.311,99.974,1.5,0.655,0.365,0.4304,171.732,2.5643,0.0
931.0,run_20260920_140129,,driving,driving,18.328,29.314,99.974,1.5,0.279,0.155,0.2714,172.004,2.5678,0.0
932.0,run_20260920_140129,,driving,driving,18.319,29.309,99.974,1.5,0.083,0.046,0.057,172.061,2.5699,0.0
933.0,run_20260920_140129,,unloading,unloading,18.31,29.301,99.974,1.5,0.0,0.0,0.0312,172.092,2.5717,0.0
934.0,run_20260920_140129,,unloading,unloading,18.303,29.293,99.974,1.5,0.0,0.0,0.0,172.092,2.5734,0.0
935.0,run_20260920_140129,,unloading,unloading,18.295,29.285,99.974,1.5,0.0,0.0,0.0,172.092,2.5751,0.0
936.0,run_20260920_140129,,unloading,unloading,18.288,29.277,99.974,1.5,0.0,0.0,0.0,172.092,2.5767,0.0
937.0,run_20260920_140129,,unloading,unloading,18.28,29.269,99.974,1.5,0.0,0.0,0.0,172.092,2.5784,0.0
938.0,run_20260920_140129,,unloading,unloading,18.272,29.261,99.974,1.5,0.0,0.0,0.0,172.092,2.5801,0.0
939.0,run_20260920_140129,,unloading,unloading,18.265,29.253,99.974,1.5,0.0,0.0,0.0,172.092,2.5817,0.0
940.0,run_20260920_140129,,unloading,unloading,18.257,29.245,99.974,1.5,0.0,0.0,0.0,172.092,2.5834,0.0
941.0,run_20260920_140129,,unloading,unloading,18.25,29.237,99.974,1.5,0.0,0.0,0.0,172.092,2.5851,0.0
942.0,run_20260920_140129,,unloading,unloading,18.242,29.229,99.974,1.5,0.0,0.0,0.0,172.092,2.5867,0.0
943.0,run_20260920_140129,,unloading,unloading,18.234,29.221,99.974,1.5,0.0,0.0,0.0,172.092,2.5884,0.0
944.0,run_20260920_140129,,unloading,unloading,18.227,29.213,99.974,1.5,0.0,0.0,0.0,172.092,2.5901,0.0
945.0,run_20260920_140129,,unloading,unloading,18.219,29.205,99.974,1.5,0.0,0.0,0.0,172.092,2.5917,0.0
946.0,run_20260920_140129,,unloading,unloading,18.212,29.197,99.974,1.5,0.0,0.0,0.0,172.092,2.5934,0.0
947.0,run_20260920_140129,,unloading,unloading,18.204,29.189,99.974,1.5,0.0,0.0,0.0,172.092,2.5951,0.0
948.0,run_20260920_140129,,unloading,unloading,18.197,29.181,99.974,1.5,0.0,0.0,0.0,172.092,2.5967,0.0
949.0,run_20260920_140129,,unloading,unloading,18.189,29.174,99.974,1.5,0.0,0.0,0.0,172.092,2.5984,0.0
950.0,run_20260920_140129,,unloading,unloading,18.181,29.166,99.974,1.5,0.0,0.0,0.0,172.092,2.6001,0.0
951.0,run_20260920_140129,,unloading,unloading,18.174,29.158,99.974,1.5,0.0,0.0,0.0,172.092,2.6017,0.0
952.0,run_20260920_140129,,unloading,unloading,18.166,29.15,99.974,1.5,0.0,0.0,0.0,172.092,2.6034,0.0
953.0,run_20260920_140129,,unloading,unloading,18.159,29.142,99.974,1.5,0.0,0.0,0.0,172.092,2.6051,0.0
954.0,run_20260920_140129,,unloading,unloading,18.151,29.134,99.974,1.5,0.0,0.0,0.0,172.092,2.6067,0.0
955.0,run_20260920_140129,,unloading,unloading,18.144,29.126,99.974,1.5,0.0,0.0,0.0,172.092,2.6084,0.0
956.0,run_20260920_140129,,unloading,unloading,18.136,29.119,99.974,1.5,0.0,0.0,0.0,172.092,2.6101,0.0
957.0,run_20260920_140129,,unloading,unloading,18.128,29.111,99.974,1.5,0.0,0.0,0.0,172.092,2.6117,0.0
958.0,run_20260920_140129,,unloading,unloading,18.121,29.103,99.974,1.5,0.0,0.0,0.0,172.092,2.6134,0.0
959.0,run_20260920_140129,,unloading,unloading,18.113,29.095,99.974,1.5,0.0,0.0,0.0,172.092,2.6151,0.0
960.0,run_20260920_140129,,unloading,unloading,18.106,29.087,99.974,1.5,0.0,0.0,0.0,172.092,2.6167,0.0
961.0,run_20260920_140129,,unloading,unloading,18.098,29.079,99.974,1.5,0.0,0.0,0.0,172.092,2.6184,0.0
962.0,run_20260920_140129,,unloading,unloading,18.091,29.072,99.974,1.5,0.0,0.0,0.0,172.092,2.6201,0.0
963.0,run_20260920_140129,,waiting,waiting,18.083,29.064,99.974,0.0,0.0,0.0,0.0,172.092,2.6217,0.0
964.0,run_20260920_140129,,waiting,waiting,18.075,29.056,99.974,0.0,0.0,0.0,0.0,172.092,2.6234,0.0
965.0,run_20260920_140129,,driving,driving,18.067,29.05,99.974,0.0,0.045,0.025,0.0431,172.135,2.6253,0.0
966.0,run_20260920_140129,,driving,driving,18.057,29.061,99.974,0.0,0.515,0.287,0.1087,172.244,2.6275,0.0
967.0,run_20260920_140129,,driving,driving,18.038,29.086,99.974,0.0,0.886,0.494,0.4676,172.711,2.6316,0.0
968.0,run_20260920_140129,,driving,driving,18.02,29.111,99.974,0.0,0.867,0.483,0.4699,173.181,2.6356,0.0
969.0,run_20260920_140129,,driving,driving,18.001,29.136,99.974,0.0,0.897,0.5,0.5001,173.681,2.6398,0.0
970.0,run_20260920_140129,,driving,driving,17.982,29.161,99.974,0.0,0.897,0.5,0.5016,174.183,2.644,0.0
971.0,run_20260920_140129,,driving,driving,17.962,29.187,99.974,0.0,0.897,0.5,0.5036,174.687,2.6483,0.0
972.0,run_20260920_140129,,driving,driving,17.944,29.212,99.973,0.0,0.897,0.5,0.4848,175.171,2.6524,0.0
973.0,run_20260920_140129,,driving,driving,17.925,29.237,99.973,0.0,0.894,0.498,0.4951,175.667,2.6566,0.0
974.0,run_20260920_140129,,driving,driving,17.905,29.262,99.973,0.0,0.891,0.496,0.4998,176.166,2.6608,0.0
975.0,run_20260920_140129,,driving,driving,17.886,29.287,99.973,0.0,0.896,0.499,0.5009,176.667,2.665,0.0
976.0,run_20260920_140129,,driving,driving,17.867,29.312,99.973,0.0,0.889,0.495,0.496,177.163,2.6692,0.0
977.0,run_20260920_140129,,driving,driving,17.849,29.336,99.973,0.0,0.863,0.481,0.4748,177.638,2.6733,0.0
978.0,run_20260920_140129,,driving,driving,17.83,29.361,99.973,0.0,0.887,0.494,0.4782,178.116,2.6774,0.0
979.0,run_20260920_140129,,driving,driving,17.811,29.385,99.973,0.0,0.879,0.49,0.4939,178.61,2.6816,0.0
980.0,run_20260920_140129,,driving,driving,17.792,29.41,99.973,0.0,0.896,0.499,0.5025,179.113,2.6858,0.0
981.0,run_20260920_140129,,driving,driving,17.773,29.435,99.973,0.0,0.897,0.5,0.4855,179.598,2.6899,0.0
982.0,run_20260920_140129,,driving,driving,17.754,29.46,99.973,0.0,0.895,0.499,0.5025,180.101,2.6941,0.0
983.0,run_20260920_140129,,driving,driving,17.735,29.485,99.973,0.0,0.897,0.5,0.5036,180.604,2.6984,0.0
984.0,run_20260920_140129,,driving,driving,17.716,29.509,99.973,0.0,0.877,0.489,0.4933,181.097,2.7025,0.0
985.0,run_20260920_140129,,driving,driving,17.697,29.532,99.973,0.0,0.843,0.47,0.4855,181.583,2.7067,0.0
986.0,run_20260920_140129,,driving,driving,17.68,29.545,99.973,0.0,0.577,0.321,0.3828,181.966,2.7103,0.0
987.0,run_20260920_140129,,driving,driving,17.669,29.537,99.973,0.0,0.0,0.0,0.1728,182.139,2.7128,0.0
988.0,run_20260920_140129,,loading,loading,17.661,29.529,99.973,0.0,0.0,0.0,0.0,182.139,2.7145,0.0
989.0,run_20260920_140129,,loading,loading,17.654,29.521,99.973,0.0,0.0,0.0,0.0,182.139,2.7162,0.0
990.0,run_20260920_140129,,loading,loading,17.646,29.512,99.973,0.0,0.0,0.0,0.0,182.139,2.7178,0.0
991.0,run_20260920_140129,,loading,loading,17.639,29.504,99.973,0.0,0.0,0.0,0.0,182.139,2.7195,0.0
992.0,run_20260920_140129,,loading,loading,17.631,29.496,99.973,0.0,0.0,0.0,0.0,182.139,2.7212,0.0
993.0,run_20260920_140129,,loading,loading,17.623,29.488,99.973,0.0,0.0,0.0,0.0,182.139,2.7228,0.0
994.0,run_20260920_140129,,loading,loading,17.616,29.479,99.973,0.0,0.0,0.0,0.0,182.139,2.7245,0.0
995.0,run_20260920_140129,,loading,loading,17.608,29.471,99.973,0.0,0.0,0.0,0.0,182.139,2.7262,0.0
996.0,run_20260920_140129,,loading,loading,17.601,29.463,99.973,0.0,0.0,0.0,0.0,182.139,2.7278,0.0
997.0,run_20260920_140129,,loading,loading,17.593,29.455,99.973,0.0,0.0,0.0,0.0,182.139,2.7295,0.0
998.0,run_20260920_140129,,loading,loading,17.586,29.446,99.973,0.0,0.0,0.0,0.0,182.139,2.7312,0.0
999.0,run_20260920_140129,,loading,loading,17.578,29.438,99.973,0.0,0.0,0.0,0.0,182.139,2.7328,0.0
1000.0,run_20260920_140129,,loading,loading,17.57,29.43,99.973,0.0,0.0,0.0,0.0,182.139,2.7345,0.0
1001.0,run_20260920_140129,,loading,loading,17.563,29.422,99.973,0.0,0.0,0.0,0.0,182.139,2.7362,0.0
1002.0,run_20260920_140129,,loading,loading,17.555,29.414,99.973,0.0,0.0,0.0,0.0,182.139,2.7378,0.0
1003.0,run_20260920_140129,,loading,loading,17.548,29.406,99.973,0.0,0.0,0.0,0.0,182.139,2.7395,0.0
1004.0,run_20260920_140129,,loading,loading,17.54,29.397,99.973,0.0,0.0,0.0,0.0,182.139,2.7412,0.0
1005.0,run_20260920_140129,,loading,loading,17.533,29.389,99.973,0.0,0.0,0.0,0.0,182.139,2.7428,0.0
1006.0,run_20260920_140129,,loading,loading,17.525,29.381,99.973,0.0,0.0,0.0,0.0,182.139,2.7445,0.0
1007.0,run_20260920_140129,,loading,loading,17.517,29.373,99.973,0.0,0.0,0.0,0.0,182.139,2.7462,0.0
1008.0,run_20260920_140129,,loading,loading,17.51,29.365,99.973,0.0,0.0,0.0,0.0,182.139,2.7478,0.0
1009.0,run_20260920_140129,,loading,loading,17.502,29.357,99.973,0.0,0.0,0.0,0.0,182.139,2.7495,0.0
1010.0,run_20260920_140129,,loading,loading,17.495,29.349,99.972,0.0,0.0,0.0,0.0,182.139,2.7512,0.0
1011.0,run_20260920_140129,,loading,loading,17.487,29.341,99.972,0.0,0.0,0.0,0.0,182.139,2.7528,0.0
1012.0,run_20260920_140129,,loading,loading,17.479,29.333,99.972,0.0,0.0,0.0,0.0,182.139,2.7545,0.0
1013.0,run_20260920_140129,,loading,loading,17.472,29.325,99.972,0.0,0.0,0.0,0.0,182.139,2.7562,0.0
1014.0,run_20260920_140129,,loading,loading,17.464,29.316,99.972,0.0,0.0,0.0,0.0,182.139,2.7578,0.0
1015.0,run_20260920_140129,,loading,loading,17.457,29.308,99.972,0.0,0.0,0.0,0.0,182.139,2.7595,0.0
1016.0,run_20260920_140129,,loading,loading,17.449,29.3,99.972,0.0,0.0,0.0,0.0,182.139,2.7612,0.0
1017.0,run_20260920_140129,,loading,loading,17.442,29.292,99.972,0.0,0.0,0.0,0.0,182.139,2.7628,0.0
1018.0,run_20260920_140129,,waiting,waiting,17.434,29.284,99.972,1.0,0.0,0.0,0.0,182.139,2.7645,0.0
1019.0,run_20260920_140129,,driving,driving,17.425,29.284,99.972,1.0,0.193,0.108,0.0427,182.181,2.7664,0.0
1020.0,run_20260920_140129,,driving,driving,17.415,29.279,99.972,1.0,0.085,0.047,0.1059,182.287,2.7688,0.0
1021.0,run_20260920_140129,,driving,driving,17.406,29.272,99.972,1.0,0.023,0.013,0.0317,182.319,2.7706,0.0
1022.0,run_20260920_140129,,driving,driving,17.397,29.278,99.972,1.0,0.362,0.202,0.055,182.374,2.7727,0.0
1023.0,run_20260920_140129,,driving,driving,17.377,29.304,99.972,1.0,0.875,0.488,0.4339,182.808,2.777,0.0
1024.0,run_20260920_140129,,driving,driving,17.355,29.33,99.972,1.0,0.881,0.491,0.5001,183.308,2.7818,0.0
1025.0,run_20260920_140129,,driving,driving,17.333,29.357,99.972,1.0,0.896,0.499,0.5001,183.808,2.7866,0.0
1026.0,run_20260920_140129,,driving,driving,17.312,29.383,99.972,1.0,0.891,0.496,0.4835,184.291,2.7913,0.0
1027.0,run_20260920_140129,,driving,driving,17.291,29.406,99.972,1.0,0.785,0.438,0.4794,184.771,2.796,0.0
1028.0,run_20260920_140129,,driving,driving,17.269,29.432,99.972,1.0,0.886,0.494,0.4865,185.257,2.8007,0.0
1029.0,run_20260920_140129,,driving,driving,17.248,29.458,99.972,1.0,0.885,0.493,0.4886,185.746,2.8055,0.0
1030.0,run_20260920_140129,,driving,driving,17.227,29.479,99.972,1.0,0.742,0.413,0.4618,186.208,2.81,0.0
1031.0,run_20260920_140129,,driving,driving,17.208,29.503,99.972,1.0,0.828,0.462,0.4058,186.614,2.8142,0.0
1032.0,run_20260920_140129,,driving,driving,17.187,29.522,99.972,1.0,0.713,0.397,0.4684,187.082,2.8188,0.0
1033.0,run_20260920_140129,,driving,driving,17.167,29.547,99.972,1.0,0.858,0.478,0.432,187.514,2.8232,0.0
1034.0,run_20260920_140129,,driving,driving,17.146,29.573,99.972,1.0,0.866,0.482,0.4857,188.0,2.8279,0.0
1035.0,run_20260920_140129,,driving,driving,17.125,29.597,99.972,1.0,0.847,0.472,0.4602,188.46,2.8325,0.0
1036.0,run_20260920_140129,,driving,driving,17.103,29.623,99.972,1.0,0.881,0.491,0.4924,188.952,2.8372,0.0
1037.0,run_20260920_140129,,driving,driving,17.083,29.649,99.972,1.0,0.89,0.496,0.4482,189.401,2.8417,0.0
1038.0,run_20260920_140129,,driving,driving,17.062,29.676,99.972,1.0,0.889,0.495,0.48,189.881,2.8464,0.0
1039.0,run_20260920_140129,,driving,driving,17.04,29.702,99.971,1.0,0.897,0.5,0.5001,190.381,2.8512,0.0
1040.0,run_20260920_140129,,driving,driving,17.019,29.724,99.971,1.0,0.79,0.44,0.4534,190.834,2.8557,0.0
1041.0,run_20260920_140129,,driving,driving,17.001,29.733,99.971,1.0,0.455,0.253,0.3752,191.209,2.8597,0.0
1042.0,run_20260920_140129,,driving,driving,16.991,29.731,99.971,1.0,0.168,0.093,0.0984,191.308,2.862,0.0
1043.0,run_20260920_140129,,driving,driving,16.98,29.727,99.971,1.0,0.106,0.059,0.1002,191.408,2.8643,0.0
1044.0,run_20260920_140129,,charging,charging,17.004,29.714,99.971,1.0,0.0,0.0,0.0154,191.408,2.8643,0.0053
1045.0,run_20260920_140129,,charging,charging,17.028,29.701,99.971,1.0,0.0,0.0,0.0,191.408,2.8643,0.0106
1046.0,run_20260920_140129,,charging,charging,17.052,29.689,99.971,1.0,0.0,0.0,0.0,191.408,2.8643,0.0158
1047.0,run_20260920_140129,,charging,charging,17.076,29.676,99.971,1.0,0.0,0.0,0.0,191.408,2.8643,0.0211
1048.0,run_20260920_140129,,charging,charging,17.1,29.663,99.971,1.0,0.0,0.0,0.0,191.408,2.8643,0.0264
1049.0,run_20260920_140129,,charging,charging,17.124,29.651,99.971,1.0,0.0,0.0,0.0,191.408,2.8643,0.0317
1050.0,run_20260920_140129,,charging,charging,17.148,29.638,99.971,1.0,0.0,0.0,0.0,191.408,2.8643,0.0369
1051.0,run_20260920_140129,,charging,charging,17.172,29.626,99.971,1.0,0.0,0.0,0.0,191.408,2.8643,0.0422
1052.0,run_20260920_140129,,charging,charging,17.196,29.613,99.971,1.0,0.0,0.0,0.0,191.408,2.8643,0.0475
1053.0,run_20260920_140129,,charging,charging,17.22,29.6,99.971,1.0,0.0,0.0,0.0,191.408,2.8643,0.0528
1054.0,run_20260920_140129,,charging,charging,17.244,29.588,99.971,1.0,0.0,0.0,0.0,191.408,2.8643,0.0581
1055.0,run_20260920_140129,,charging,charging,17.268,29.575,99.971,1.0,0.0,0.0,0.0,191.408,2.8643,0.0633
1056.0,run_20260920_140129,,charging,charging,17.292,29.563,99.971,1.0,0.0,0.0,0.0,191.408,2.8643,0.0686
1057.0,run_20260920_140129,,charging,charging,17.316,29.55,99.971,1.0,0.0,0.0,0.0,191.408,2.8643,0.0739
1058.0,run_20260920_140129,,charging,charging,17.34,29.538,99.971,1.0,0.0,0.0,0.0,191.408,2.8643,0.0792
1059.0,run_20260920_140129,,charging,charging,17.364,29.525,99.971,1.0,0.0,0.0,0.0,191.408,2.8643,0.0844
1060.0,run_20260920_140129,,charging,charging,17.388,29.513,99.971,1.0,0.0,0.0,0.0,191.408,2.8643,0.0897
1061.0,run_20260920_140129,,charging,charging,17.412,29.501,99.971,1.0,0.0,0.0,0.0,191.408,2.8643,0.095
1062.0,run_20260920_140129,,charging,charging,17.436,29.488,99.971,1.0,0.0,0.0,0.0,191.408,2.8643,0.1003
1063.0,run_20260920_140129,,charging,charging,17.46,29.476,99.971,1.0,0.0,0.0,0.0,191.408,2.8643,0.1056
1064.0,run_20260920_140129,,charging,charging,17.484,29.464,99.971,1.0,0.0,0.0,0.0,191.408,2.8643,0.1108
1065.0,run_20260920_140129,,charging,charging,17.508,29.451,99.971,1.0,0.0,0.0,0.0,191.408,2.8643,0.1161
1066.0,run_20260920_140129,,charging,charging,17.532,29.439,99.971,1.0,0.0,0.0,0.0,191.408,2.8643,0.1214
1067.0,run_20260920_140129,,charging,charging,17.556,29.427,99.971,1.0,0.0,0.0,0.0,191.408,2.8643,0.1267
1068.0,run_20260920_140129,,charging,charging,17.58,29.414,99.971,1.0,0.0,0.0,0.0,191.408,2.8643,0.1319
1069.0,run_20260920_140129,,charging,charging,17.604,29.402,99.971,1.0,0.0,0.0,0.0,191.408,2.8643,0.1372
1070.0,run_20260920_140129,,charging,charging,17.628,29.39,99.971,1.0,0.0,0.0,0.0,191.408,2.8643,0.1425
1071.0,run_20260920_140129,,charging,charging,17.652,29.378,99.971,1.0,0.0,0.0,0.0,191.408,2.8643,0.1478
1072.0,run_20260920_140129,,charging,charging,17.676,29.366,99.971,1.0,0.0,0.0,0.0,191.408,2.8643,0.1531
1073.0,run_20260920_140129,,charging,charging,17.7,29.353,99.971,1.0,0.0,0.0,0.0,191.408,2.8643,0.1583
1074.0,run_20260920_140129,,charging,charging,17.724,29.341,99.971,1.0,0.0,0.0,0.0,191.408,2.8643,0.1636
1075.0,run_20260920_140129,,charging,charging,17.748,29.329,99.971,1.0,0.0,0.0,0.0,191.408,2.8643,0.1689
1076.0,run_20260920_140129,,charging,charging,17.772,29.317,99.971,1.0,0.0,0.0,0.0,191.408,2.8643,0.1742
1077.0,run_20260920_140129,,charging,charging,17.796,29.305,99.971,1.0,0.0,0.0,0.0,191.408,2.8643,0.1794
1078.0,run_20260920_140129,,charging,charging,17.82,29.293,99.971,1.0,0.0,0.0,0.0,191.408,2.8643,0.1847
1079.0,run_20260920_140129,,charging,charging,17.844,29.281,99.971,1.0,0.0,0.0,0.0,191.408,2.8643,0.19
1080.0,run_20260920_140129,,charging,charging,17.868,29.269,99.971,1.0,0.0,0.0,0.0,191.408,2.8643,0.1953
1081.0,run_20260920_140129,,charging,charging,17.892,29.257,99.971,1.0,0.0,0.0,0.0,191.408,2.8643,0.2006
1082.0,run_20260920_140129,,charging,charging,17.916,29.245,99.971,1.0,0.0,0.0,0.0,191.408,2.8643,0.2058
1083.0,run_20260920_140129,,charging,charging,17.94,29.233,99.971,1.0,0.0,0.0,0.0,191.408,2.8643,0.2111
1084.0,run_20260920_140129,,charging,charging,17.964,29.221,99.971,1.0,0.0,0.0,0.0,191.408,2.8643,0.2164
1085.0,run_20260920_140129,,charging,charging,17.988,29.209,99.971,1.0,0.0,0.0,0.0,191.408,2.8643,0.2217
1086.0,run_20260920_140129,,charging,charging,18.012,29.197,99.971,1.0,0.0,0.0,0.0,191.408,2.8643,0.2269
1087.0,run_20260920_140129,,charging,charging,18.036,29.185,99.971,1.0,0.0,0.0,0.0,191.408,2.8643,0.2322
1088.0,run_20260920_140129,,charging,charging,18.06,29.174,99.971,1.0,0.0,0.0,0.0,191.408,2.8643,0.2375
1089.0,run_20260920_140129,,charging,charging,18.084,29.162,99.971,1.0,0.0,0.0,0.0,191.408,2.8643,0.2428
1090.0,run_20260920_140129,,charging,charging,18.108,29.15,99.971,1.0,0.0,0.0,0.0,191.408,2.8643,0.2481
1091.0,run_20260920_140129,,charging,charging,18.132,29.138,99.971,1.0,0.0,0.0,0.0,191.408,2.8643,0.2533
1092.0,run_20260920_140129,,charging,charging,18.156,29.126,99.971,1.0,0.0,0.0,0.0,191.408,2.8643,0.2586
1093.0,run_20260920_140129,,charging,charging,18.18,29.115,99.971,1.0,0.0,0.0,0.0,191.408,2.8643,0.2639
1094.0,run_20260920_140129,,charging,charging,18.204,29.103,99.971,1.0,0.0,0.0,0.0,191.408,2.8643,0.2692
1095.0,run_20260920_140129,,charging,charging,18.228,29.091,99.971,1.0,0.0,0.0,0.0,191.408,2.8643,0.2744
1096.0,run_20260920_140129,,charging,charging,18.252,29.079,99.971,1.0,0.0,0.0,0.0,191.408,2.8643,0.2797
1097.0,run_20260920_140129,,charging,charging,18.276,29.068,99.971,1.0,0.0,0.0,0.0,191.408,2.8643,0.285
1098.0,run_20260920_140129,,charging,charging,18.3,29.056,99.971,1.0,0.0,0.0,0.0,191.408,2.8643,0.2903
1099.0,run_20260920_140129,,charging,charging,18.324,29.044,99.971,1.0,0.0,0.0,0.0,191.408,2.8643,0.2956
1100.0,run_20260920_140129,,charging,charging,18.348,29.033,99.971,1.0,0.0,0.0,0.0,191.408,2.8643,0.3008
1101.0,run_20260920_140129,,charging,charging,18.372,29.021,99.971,1.0,0.0,0.0,0.0,191.408,2.8643,0.3061
1102.0,run_20260920_140129,,charging,charging,18.396,29.01,99.971,1.0,0.0,0.0,0.0,191.408,2.8643,0.3114
1103.0,run_20260920_140129,,charging,charging,18.42,28.998,99.971,1.0,0.0,0.0,0.0,191.408,2.8643,0.3167
1104.0,run_20260920_140129,,charging,charging,18.444,28.987,99.971,1.0,0.0,0.0,0.0,191.408,2.8643,0.3219
1105.0,run_20260920_140129,,charging,charging,18.468,28.975,99.971,1.0,0.0,0.0,0.0,191.408,2.8643,0.3272
1106.0,run_20260920_140129,,charging,charging,18.492,28.963,99.971,1.0,0.0,0.0,0.0,191.408,2.8643,0.3325
1107.0,run_20260920_140129,,charging,charging,18.516,28.952,99.971,1.0,0.0,0.0,0.0,191.408,2.8643,0.3378
1108.0,run_20260920_140129,,charging,charging,18.54,28.941,99.971,1.0,0.0,0.0,0.0,191.408,2.8643,0.3431
1109.0,run_20260920_140129,,charging,charging,18.564,28.929,99.971,1.0,0.0,0.0,0.0,191.408,2.8643,0.3483
1110.0,run_20260920_140129,,charging,charging,18.588,28.918,99.971,1.0,0.0,0.0,0.0,191.408,2.8643,0.3536
1111.0,run_20260920_140129,,charging,charging,18.612,28.906,99.971,1.0,0.0,0.0,0.0,191.408,2.8643,0.3589
1112.0,run_20260920_140129,,charging,charging,18.636,28.895,99.971,1.0,0.0,0.0,0.0,191.408,2.8643,0.3642
1113.0,run_20260920_140129,,charging,charging,18.66,28.883,99.971,1.0,0.0,0.0,0.0,191.408,2.8643,0.3694
1114.0,run_20260920_140129,,charging,charging,18.684,28.872,99.971,1.0,0.0,0.0,0.0,191.408,2.8643,0.3747
1115.0,run_20260920_140129,,charging,charging,18.708,28.861,99.971,1.0,0.0,0.0,0.0,191.408,2.8643,0.38
1116.0,run_20260920_140129,,charging,charging,18.732,28.849,99.971,1.0,0.0,0.0,0.0,191.408,2.8643,0.3853
1117.0,run_20260920_140129,,charging,charging,18.756,28.838,99.971,1.0,0.0,0.0,0.0,191.408,2.8643,0.3906
1118.0,run_20260920_140129,,charging,charging,18.78,28.827,99.971,1.0,0.0,0.0,0.0,191.408,2.8643,0.3958
1119.0,run_20260920_140129,,charging,charging,18.804,28.816,99.971,1.0,0.0,0.0,0.0,191.408,2.8643,0.4011
1120.0,run_20260920_140129,,charging,charging,18.828,28.804,99.971,1.0,0.0,0.0,0.0,191.408,2.8643,0.4064
1121.0,run_20260920_140129,,charging,charging,18.852,28.793,99.971,1.0,0.0,0.0,0.0,191.408,2.8643,0.4117
1122.0,run_20260920_140129,,charging,charging,18.876,28.782,99.971,1.0,0.0,0.0,0.0,191.408,2.8643,0.4169
1123.0,run_20260920_140129,,charging,charging,18.9,28.771,99.971,1.0,0.0,0.0,0.0,191.408,2.8643,0.4222
1124.0,run_20260920_140129,,charging,charging,18.924,28.76,99.971,1.0,0.0,0.0,0.0,191.408,2.8643,0.4275
1125.0,run_20260920_140129,,charging,charging,18.948,28.748,99.971,1.0,0.0,0.0,0.0,191.408,2.8643,0.4328
1126.0,run_20260920_140129,,charging,charging,18.972,28.737,99.971,1.0,0.0,0.0,0.0,191.408,2.8643,0.4381
1127.0,run_20260920_140129,,charging,charging,18.996,28.726,99.971,1.0,0.0,0.0,0.0,191.408,2.8643,0.4433
1128.0,run_20260920_140129,,charging,charging,19.02,28.715,99.971,1.0,0.0,0.0,0.0,191.408,2.8643,0.4486
1129.0,run_20260920_140129,,charging,charging,19.044,28.704,99.971,1.0,0.0,0.0,0.0,191.408,2.8643,0.4539
1130.008,run_20260920_140129,,charging,charging,19.068,28.693,99.971,1.0,0.0,0.0,0.0,191.408,2.8643,0.4592
1131.0,run_20260920_140129,,charging,charging,19.092,28.682,99.971,1.0,0.0,0.0,0.0,191.408,2.8643,0.4644
1132.0,run_20260920_140129,,charging,charging,19.116,28.671,99.971,1.0,0.0,0.0,0.0,191.408,2.8643,0.4697
1133.0,run_20260920_140129,,charging,charging,19.139,28.66,99.971,1.0,0.0,0.0,0.0,191.408,2.8643,0.475
1134.0,run_20260920_140129,,charging,charging,19.163,28.649,99.971,1.0,0.0,0.0,0.0,191.408,2.8643,0.4803
1135.0,run_20260920_140129,,charging,charging,19.187,28.638,99.971,1.0,0.0,0.0,0.0,191.408,2.8643,0.4856
1136.0,run_20260920_140129,,charging,charging,19.211,28.627,99.971,1.0,0.0,0.0,0.0,191.408,2.8643,0.4908
1137.0,run_20260920_140129,,charging,charging,19.235,28.616,99.971,1.0,0.0,0.0,0.0,191.408,2.8643,0.4961
1138.0,run_20260920_140129,,charging,charging,19.259,28.605,99.971,1.0,0.0,0.0,0.0,191.408,2.8643,0.5014
1139.0,run_20260920_140129,,charging,charging,19.283,28.594,99.971,1.0,0.0,0.0,0.0,191.408,2.8643,0.5067
1140.0,run_20260920_140129,,charging,charging,19.307,28.583,99.971,1.0,0.0,0.0,0.0,191.408,2.8643,0.5119
1141.0,run_20260920_140129,,charging,charging,19.331,28.572,99.971,1.0,0.0,0.0,0.0,191.408,2.8643,0.5172
1142.0,run_20260920_140129,,charging,charging,19.355,28.562,99.971,1.0,0.0,0.0,0.0,191.408,2.8643,0.5225
1143.0,run_20260920_140129,,charging,charging,19.379,28.551,99.971,1.0,0.0,0.0,0.0,191.408,2.8643,0.5278
1144.0,run_20260920_140129,,charging,charging,19.403,28.54,99.971,1.0,0.0,0.0,0.0,191.408,2.8643,0.5331
1145.0,run_20260920_140129,,charging,charging,19.427,28.529,99.971,1.0,0.0,0.0,0.0,191.408,2.8643,0.5383
1146.0,run_20260920_140129,,charging,charging,19.451,28.518,99.971,1.0,0.0,0.0,0.0,191.408,2.8643,0.5436
1147.0,run_20260920_140129,,charging,charging,19.475,28.508,99.971,1.0,0.0,0.0,0.0,191.408,2.8643,0.5489
1148.0,run_20260920_140129,,charging,charging,19.499,28.497,99.971,1.0,0.0,0.0,0.0,191.408,2.8643,0.5542
1149.0,run_20260920_140129,,charging,charging,19.523,28.486,99.971,1.0,0.0,0.0,0.0,191.408,2.8643,0.5594
1150.004,run_20260920_140129,,charging,charging,19.547,28.475,99.971,1.0,0.0,0.0,0.0,191.408,2.8643,0.5647
1151.0,run_20260920_140129,,charging,charging,19.571,28.465,99.971,1.0,0.0,0.0,0.0,191.408,2.8643,0.57
1152.0,run_20260920_140129,,charging,charging,19.595,28.454,99.971,1.0,0.0,0.0,0.0,191.408,2.8643,0.5753
1153.0,run_20260920_140129,,charging,charging,19.619,28.443,99.971,1.0,0.0,0.0,0.0,191.408,2.8643,0.5806
1154.0,run_20260920_140129,,charging,charging,19.643,28.433,99.971,1.0,0.0,0.0,0.0,191.408,2.8643,0.5858
1155.0,run_20260920_140129,,charging,charging,19.667,28.422,99.971,1.0,0.0,0.0,0.0,191.408,2.8643,0.5911
1156.0,run_20260920_140129,,charging,charging,19.691,28.412,99.971,1.0,0.0,0.0,0.0,191.408,2.8643,0.5964
1157.0,run_20260920_140129,,charging,charging,19.715,28.401,99.971,1.0,0.0,0.0,0.0,191.408,2.8643,0.6017
1158.0,run_20260920_140129,,charging,charging,19.739,28.39,99.971,1.0,0.0,0.0,0.0,191.408,2.8643,0.6069
1159.0,run_20260920_140129,,charging,charging,19.763,28.38,99.971,1.0,0.0,0.0,0.0,191.408,2.8643,0.6122
1160.0,run_20260920_140129,,charging,charging,19.787,28.369,99.971,1.0,0.0,0.0,0.0,191.408,2.8643,0.6175
1161.0,run_20260920_140129,,charging,charging,19.811,28.359,99.971,1.0,0.0,0.0,0.0,191.408,2.8643,0.6228
1162.0,run_20260920_140129,,charging,charging,19.835,28.348,99.971,1.0,0.0,0.0,0.0,191.408,2.8643,0.6281
1163.0,run_20260920_140129,,charging,charging,19.859,28.338,99.971,1.0,0.0,0.0,0.0,191.408,2.8643,0.6333
1164.0,run_20260920_140129,,charging,charging,19.883,28.327,99.971,1.0,0.0,0.0,0.0,191.408,2.8643,0.6386
1165.0,run_20260920_140129,,charging,charging,19.907,28.317,99.971,1.0,0.0,0.0,0.0,191.408,2.8643,0.6439
1166.0,run_20260920_140129,,charging,charging,19.931,28.307,99.971,1.0,0.0,0.0,0.0,191.408,2.8643,0.6492
1167.0,run_20260920_140129,,charging,charging,19.955,28.296,99.971,1.0,0.0,0.0,0.0,191.408,2.8643,0.6544
1168.0,run_20260920_140129,,charging,charging,19.979,28.286,99.971,1.0,0.0,0.0,0.0,191.408,2.8643,0.6597
1169.0,run_20260920_140129,,charging,charging,20.003,28.275,99.971,1.0,0.0,0.0,0.0,191.408,2.8643,0.665
1170.0,run_20260920_140129,,charging,charging,20.027,28.265,99.971,1.0,0.0,0.0,0.0,191.408,2.8643,0.6703
1171.0,run_20260920_140129,,charging,charging,20.051,28.255,99.971,1.0,0.0,0.0,0.0,191.408,2.8643,0.6756
1172.0,run_20260920_140129,,charging,charging,20.075,28.244,99.971,1.0,0.0,0.0,0.0,191.408,2.8643,0.6808
1173.0,run_20260920_140129,,charging,charging,20.099,28.234,99.971,1.0,0.0,0.0,0.0,191.408,2.8643,0.6861
1174.0,run_20260920_140129,,charging,charging,20.123,28.224,99.971,1.0,0.0,0.0,0.0,191.408,2.8643,0.6914
1175.0,run_20260920_140129,,charging,charging,20.147,28.214,99.971,1.0,0.0,0.0,0.0,191.408,2.8643,0.6967
1176.0,run_20260920_140129,,charging,charging,20.171,28.203,99.971,1.0,0.0,0.0,0.0,191.408,2.8643,0.7019
1177.0,run_20260920_140129,,charging,charging,20.195,28.193,99.971,1.0,0.0,0.0,0.0,191.408,2.8643,0.7072
1178.0,run_20260920_140129,,charging,charging,20.219,28.183,99.971,1.0,0.0,0.0,0.0,191.408,2.8643,0.7125
1179.0,run_20260920_140129,,charging,charging,20.243,28.173,99.971,1.0,0.0,0.0,0.0,191.408,2.8643,0.7178
1180.0,run_20260920_140129,,charging,charging,20.267,28.162,99.971,1.0,0.0,0.0,0.0,191.408,2.8643,0.7231
1181.0,run_20260920_140129,,charging,charging,20.291,28.152,99.971,1.0,0.0,0.0,0.0,191.408,2.8643,0.7283
1182.0,run_20260920_140129,,charging,charging,20.315,28.142,99.971,1.0,0.0,0.0,0.0,191.408,2.8643,0.7336
1183.0,run_20260920_140129,,charging,charging,20.339,28.132,99.971,1.0,0.0,0.0,0.0,191.408,2.8643,0.7389
1184.0,run_20260920_140129,,charging,charging,20.363,28.122,99.971,1.0,0.0,0.0,0.0,191.408,2.8643,0.7442
1185.0,run_20260920_140129,,charging,charging,20.387,28.112,99.971,1.0,0.0,0.0,0.0,191.408,2.8643,0.7494
1186.0,run_20260920_140129,,charging,charging,20.411,28.102,99.971,1.0,0.0,0.0,0.0,191.408,2.8643,0.7547
1187.0,run_20260920_140129,,charging,charging,20.435,28.092,99.971,1.0,0.0,0.0,0.0,191.408,2.8643,0.76
1188.0,run_20260920_140129,,charging,charging,20.459,28.082,99.971,1.0,0.0,0.0,0.0,191.408,2.8643,0.7653
1189.0,run_20260920_140129,,charging,charging,20.483,28.072,99.971,1.0,0.0,0.0,0.0,191.408,2.8643,0.7706
1190.0,run_20260920_140129,,charging,charging,20.507,28.062,99.971,1.0,0.0,0.0,0.0,191.408,2.8643,0.7758
1191.0,run_20260920_140129,,charging,charging,20.531,28.052,99.971,1.0,0.0,0.0,0.0,191.408,2.8643,0.7811
1192.0,run_20260920_140129,,charging,charging,20.555,28.042,99.971,1.0,0.0,0.0,0.0,191.408,2.8643,0.7864
1193.0,run_20260920_140129,,charging,charging,20.579,28.032,99.971,1.0,0.0,0.0,0.0,191.408,2.8643,0.7917
1194.0,run_20260920_140129,,charging,charging,20.603,28.022,99.971,1.0,0.0,0.0,0.0,191.408,2.8643,0.7969
1195.0,run_20260920_140129,,charging,charging,20.627,28.012,99.971,1.0,0.0,0.0,0.0,191.408,2.8643,0.8022
1196.0,run_20260920_140129,,charging,charging,20.651,28.002,99.971,1.0,0.0,0.0,0.0,191.408,2.8643,0.8075
1197.0,run_20260920_140129,,charging,charging,20.675,27.992,99.971,1.0,0.0,0.0,0.0,191.408,2.8643,0.8128
1198.0,run_20260920_140129,,charging,charging,20.699,27.982,99.971,1.0,0.0,0.0,0.0,191.408,2.8643,0.8181
1199.0,run_20260920_140129,,charging,charging,20.723,27.972,99.971,1.0,0.0,0.0,0.0,191.408,2.8643,0.8233
1200.0,run_20260920_140129,,charging,charging,20.747,27.962,99.971,1.0,0.0,0.0,0.0,191.408,2.8643,0.8286
1201.0,run_20260920_140129,,charging,charging,20.771,27.952,99.971,1.0,0.0,0.0,0.0,191.408,2.8643,0.8339
1202.0,run_20260920_140129,,charging,charging,20.795,27.943,99.971,1.0,0.0,0.0,0.0,191.408,2.8643,0.8392
1203.0,run_20260920_140129,,charging,charging,20.819,27.933,99.971,1.0,0.0,0.0,0.0,191.408,2.8643,0.8444
1204.0,run_20260920_140129,,charging,charging,20.843,27.923,99.971,1.0,0.0,0.0,0.0,191.408,2.8643,0.8497
1205.0,run_20260920_140129,,charging,charging,20.867,27.913,99.971,1.0,0.0,0.0,0.0,191.408,2.8643,0.855
1206.0,run_20260920_140129,,charging,charging,20.891,27.903,99.971,1.0,0.0,0.0,0.0,191.408,2.8643,0.8603
1207.0,run_20260920_140129,,charging,charging,20.915,27.894,99.971,1.0,0.0,0.0,0.0,191.408,2.8643,0.8656
1208.0,run_20260920_140129,,charging,charging,20.939,27.884,99.971,1.0,0.0,0.0,0.0,191.408,2.8643,0.8708
1209.0,run_20260920_140129,,charging,charging,20.963,27.874,99.971,1.0,0.0,0.0,0.0,191.408,2.8643,0.8761
1210.0,run_20260920_140129,,charging,charging,20.987,27.865,99.971,1.0,0.0,0.0,0.0,191.408,2.8643,0.8814
1211.0,run_20260920_140129,,charging,charging,21.011,27.855,99.971,1.0,0.0,0.0,0.0,191.408,2.8643,0.8867
1212.0,run_20260920_140129,,charging,charging,21.035,27.845,99.971,1.0,0.0,0.0,0.0,191.408,2.8643,0.8919
1213.0,run_20260920_140129,,charging,charging,21.059,27.836,99.971,1.0,0.0,0.0,0.0,191.408,2.8643,0.8972
1214.0,run_20260920_140129,,charging,charging,21.083,27.826,99.971,1.0,0.0,0.0,0.0,191.408,2.8643,0.9025
1215.0,run_20260920_140129,,charging,charging,21.107,27.816,99.971,1.0,0.0,0.0,0.0,191.408,2.8643,0.9078
1216.0,run_20260920_140129,,charging,charging,21.131,27.807,99.971,1.0,0.0,0.0,0.0,191.408,2.8643,0.9131
1217.0,run_20260920_140129,,charging,charging,21.155,27.797,99.971,1.0,0.0,0.0,0.0,191.408,2.8643,0.9183
1218.0,run_20260920_140129,,charging,charging,21.179,27.788,99.971,1.0,0.0,0.0,0.0,191.408,2.8643,0.9236
1219.0,run_20260920_140129,,charging,charging,21.203,27.778,99.971,1.0,0.0,0.0,0.0,191.408,2.8643,0.9289
1220.0,run_20260920_140129,,charging,charging,21.227,27.769,99.971,1.0,0.0,0.0,0.0,191.408,2.8643,0.9342
1221.0,run_20260920_140129,,charging,charging,21.251,27.759,99.971,1.0,0.0,0.0,0.0,191.408,2.8643,0.9394
1222.0,run_20260920_140129,,charging,charging,21.275,27.75,99.971,1.0,0.0,0.0,0.0,191.408,2.8643,0.9447
1223.0,run_20260920_140129,,charging,charging,21.299,27.74,99.971,1.0,0.0,0.0,0.0,191.408,2.8643,0.95
1224.0,run_20260920_140129,,charging,charging,21.323,27.731,99.971,1.0,0.0,0.0,0.0,191.408,2.8643,0.9553
1225.0,run_20260920_140129,,charging,charging,21.347,27.721,99.971,1.0,0.0,0.0,0.0,191.408,2.8643,0.9606
1226.0,run_20260920_140129,,charging,charging,21.371,27.712,99.971,1.0,0.0,0.0,0.0,191.408,2.8643,0.9658
1227.0,run_20260920_140129,,charging,charging,21.395,27.702,99.971,1.0,0.0,0.0,0.0,191.408,2.8643,0.9711
1228.0,run_20260920_140129,,charging,charging,21.419,27.693,99.971,1.0,0.0,0.0,0.0,191.408,2.8643,0.9764
1229.0,run_20260920_140129,,charging,charging,21.443,27.683,99.971,1.0,0.0,0.0,0.0,191.408,2.8643,0.9817
1230.0,run_20260920_140129,,charging,charging,21.467,27.674,99.971,1.0,0.0,0.0,0.0,191.408,2.8643,0.9869
1231.0,run_20260920_140129,,charging,charging,21.491,27.665,99.971,1.0,0.0,0.0,0.0,191.408,2.8643,0.9922
1232.0,run_20260920_140129,,charging,charging,21.514,27.655,99.971,1.0,0.0,0.0,0.0,191.408,2.8643,0.9975
1233.0,run_20260920_140129,,charging,charging,21.538,27.646,99.971,1.0,0.0,0.0,0.0,191.408,2.8643,1.0028
1234.0,run_20260920_140129,,charging,charging,21.562,27.637,99.971,1.0,0.0,0.0,0.0,191.408,2.8643,1.0081
1235.0,run_20260920_140129,,charging,charging,21.586,27.627,99.971,1.0,0.0,0.0,0.0,191.408,2.8643,1.0133
1236.0,run_20260920_140129,,charging,charging,21.61,27.618,99.971,1.0,0.0,0.0,0.0,191.408,2.8643,1.0186
1237.0,run_20260920_140129,,charging,charging,21.634,27.609,99.971,1.0,0.0,0.0,0.0,191.408,2.8643,1.0239
1238.0,run_20260920_140129,,charging,charging,21.658,27.6,99.971,1.0,0.0,0.0,0.0,191.408,2.8643,1.0292
1239.0,run_20260920_140129,,charging,charging,21.682,27.59,99.971,1.0,0.0,0.0,0.0,191.408,2.8643,1.0344
1240.0,run_20260920_140129,,charging,charging,21.706,27.581,99.971,1.0,0.0,0.0,0.0,191.408,2.8643,1.0397
1241.0,run_20260920_140129,,charging,charging,21.73,27.572,99.971,1.0,0.0,0.0,0.0,191.408,2.8643,1.045
1242.0,run_20260920_140129,,charging,charging,21.754,27.563,99.971,1.0,0.0,0.0,0.0,191.408,2.8643,1.0503
1243.0,run_20260920_140129,,charging,charging,21.778,27.554,99.971,1.0,0.0,0.0,0.0,191.408,2.8643,1.0556
1244.0,run_20260920_140129,,charging,charging,21.802,27.544,99.971,1.0,0.0,0.0,0.0,191.408,2.8643,1.0608
1245.0,run_20260920_140129,,charging,charging,21.826,27.535,99.971,1.0,0.0,0.0,0.0,191.408,2.8643,1.0661
1246.0,run_20260920_140129,,charging,charging,21.85,27.526,99.971,1.0,0.0,0.0,0.0,191.408,2.8643,1.0714
1247.0,run_20260920_140129,,charging,charging,21.874,27.517,99.971,1.0,0.0,0.0,0.0,191.408,2.8643,1.0767
1248.0,run_20260920_140129,,charging,charging,21.898,27.508,99.971,1.0,0.0,0.0,0.0,191.408,2.8643,1.0819
1249.0,run_20260920_140129,,charging,charging,21.922,27.499,99.971,1.0,0.0,0.0,0.0,191.408,2.8643,1.0872
1250.0,run_20260920_140129,,charging,charging,21.946,27.49,99.971,1.0,0.0,0.0,0.0,191.408,2.8643,1.0925
1251.0,run_20260920_140129,,charging,charging,21.97,27.481,99.971,1.0,0.0,0.0,0.0,191.408,2.8643,1.0978
1252.0,run_20260920_140129,,charging,charging,21.994,27.472,99.971,1.0,0.0,0.0,0.0,191.408,2.8643,1.1031
1253.0,run_20260920_140129,,charging,charging,22.018,27.463,99.971,1.0,0.0,0.0,0.0,191.408,2.8643,1.1083
1254.0,run_20260920_140129,,charging,charging,22.042,27.454,99.971,1.0,0.0,0.0,0.0,191.408,2.8643,1.1136
1255.0,run_20260920_140129,,charging,charging,22.066,27.445,99.971,1.0,0.0,0.0,0.0,191.408,2.8643,1.1189
1256.0,run_20260920_140129,,charging,charging,22.09,27.436,99.971,1.0,0.0,0.0,0.0,191.408,2.8643,1.1242
1257.0,run_20260920_140129,,charging,charging,22.114,27.427,99.971,1.0,0.0,0.0,0.0,191.408,2.8643,1.1294
1258.0,run_20260920_140129,,charging,charging,22.138,27.418,99.971,1.0,0.0,0.0,0.0,191.408,2.8643,1.1347
1259.0,run_20260920_140129,,charging,charging,22.162,27.409,99.971,1.0,0.0,0.0,0.0,191.408,2.8643,1.14
1260.0,run_20260920_140129,,charging,charging,22.186,27.4,99.971,1.0,0.0,0.0,0.0,191.408,2.8643,1.1453
1261.0,run_20260920_140129,,charging,charging,22.21,27.391,99.971,1.0,0.0,0.0,0.0,191.408,2.8643,1.1506
1262.0,run_20260920_140129,,charging,charging,22.234,27.382,99.971,1.0,0.0,0.0,0.0,191.408,2.8643,1.1558
1263.0,run_20260920_140129,,charging,charging,22.258,27.373,99.971,1.0,0.0,0.0,0.0,191.408,2.8643,1.1611
1264.0,run_20260920_140129,,charging,charging,22.282,27.364,99.971,1.0,0.0,0.0,0.0,191.408,2.8643,1.1664
1265.0,run_20260920_140129,,charging,charging,22.306,27.355,99.971,1.0,0.0,0.0,0.0,191.408,2.8643,1.1717
1266.0,run_20260920_140129,,charging,charging,22.33,27.347,99.971,1.0,0.0,0.0,0.0,191.408,2.8643,1.1769
1267.0,run_20260920_140129,,charging,charging,22.354,27.338,99.971,1.0,0.0,0.0,0.0,191.408,2.8643,1.1822
1268.0,run_20260920_140129,,charging,charging,22.378,27.329,99.971,1.0,0.0,0.0,0.0,191.408,2.8643,1.1875
1269.0,run_20260920_140129,,charging,charging,22.402,27.32,99.971,1.0,0.0,0.0,0.0,191.408,2.8643,1.1928
1270.0,run_20260920_140129,,charging,charging,22.426,27.311,99.971,1.0,0.0,0.0,0.0,191.408,2.8643,1.1981
1271.0,run_20260920_140129,,charging,charging,22.45,27.303,99.971,1.0,0.0,0.0,0.0,191.408,2.8643,1.2033
1272.0,run_20260920_140129,,charging,charging,22.474,27.294,99.971,1.0,0.0,0.0,0.0,191.408,2.8643,1.2086
1273.0,run_20260920_140129,,charging,charging,22.498,27.285,99.971,1.0,0.0,0.0,0.0,191.408,2.8643,1.2139
1274.0,run_20260920_140129,,charging,charging,22.522,27.276,99.971,1.0,0.0,0.0,0.0,191.408,2.8643,1.2192
1275.0,run_20260920_140129,,charging,charging,22.546,27.268,99.971,1.0,0.0,0.0,0.0,191.408,2.8643,1.2244
1276.0,run_20260920_140129,,charging,charging,22.57,27.259,99.971,1.0,0.0,0.0,0.0,191.408,2.8643,1.2297
1277.0,run_20260920_140129,,charging,charging,22.594,27.25,99.971,1.0,0.0,0.0,0.0,191.408,2.8643,1.235
1278.0,run_20260920_140129,,charging,charging,22.618,27.242,99.971,1.0,0.0,0.0,0.0,191.408,2.8643,1.2403
1279.0,run_20260920_140129,,charging,charging,22.642,27.233,99.971,1.0,0.0,0.0,0.0,191.408,2.8643,1.2456
1280.0,run_20260920_140129,,charging,charging,22.666,27.224,99.971,1.0,0.0,0.0,0.0,191.408,2.8643,1.2508
1281.0,run_20260920_140129,,charging,charging,22.69,27.216,99.971,1.0,0.0,0.0,0.0,191.408,2.8643,1.2561
1282.0,run_20260920_140129,,charging,charging,22.714,27.207,99.971,1.0,0.0,0.0,0.0,191.408,2.8643,1.2614
1283.0,run_20260920_140129,,charging,charging,22.738,27.199,99.971,1.0,0.0,0.0,0.0,191.408,2.8643,1.2667
1284.0,run_20260920_140129,,charging,charging,22.762,27.19,99.971,1.0,0.0,0.0,0.0,191.408,2.8643,1.2719
1285.0,run_20260920_140129,,charging,charging,22.786,27.181,99.971,1.0,0.0,0.0,0.0,191.408,2.8643,1.2772
1286.0,run_20260920_140129,,charging,charging,22.81,27.173,99.971,1.0,0.0,0.0,0.0,191.408,2.8643,1.2825
1287.0,run_20260920_140129,,charging,charging,22.834,27.164,99.971,1.0,0.0,0.0,0.0,191.408,2.8643,1.2878
1288.0,run_20260920_140129,,charging,charging,22.858,27.156,99.971,1.0,0.0,0.0,0.0,191.408,2.8643,1.2931
1289.0,run_20260920_140129,,charging,charging,22.882,27.147,99.971,1.0,0.0,0.0,0.0,191.408,2.8643,1.2983
1290.0,run_20260920_140129,,charging,charging,22.906,27.139,99.971,1.0,0.0,0.0,0.0,191.408,2.8643,1.3036
1291.0,run_20260920_140129,,charging,charging,22.93,27.13,99.971,1.0,0.0,0.0,0.0,191.408,2.8643,1.3089
1292.0,run_20260920_140129,,charging,charging,22.954,27.122,99.971,1.0,0.0,0.0,0.0,191.408,2.8643,1.3142
1293.0,run_20260920_140129,,charging,charging,22.978,27.113,99.971,1.0,0.0,0.0,0.0,191.408,2.8643,1.3194
1294.0,run_20260920_140129,,charging,charging,23.002,27.105,99.971,1.0,0.0,0.0,0.0,191.408,2.8643,1.3247
1295.0,run_20260920_140129,,charging,charging,23.026,27.097,99.971,1.0,0.0,0.0,0.0,191.408,2.8643,1.33
1296.0,run_20260920_140129,,charging,charging,23.05,27.088,99.971,1.0,0.0,0.0,0.0,191.408,2.8643,1.3353
1297.0,run_20260920_140129,,charging,charging,23.074,27.08,99.971,1.0,0.0,0.0,0.0,191.408,2.8643,1.3406
1298.0,run_20260920_140129,,charging,charging,23.098,27.071,99.971,1.0,0.0,0.0,0.0,191.408,2.8643,1.3458
1299.0,run_20260920_140129,,charging,charging,23.122,27.063,99.971,1.0,0.0,0.0,0.0,191.408,2.8643,1.3511
1300.0,run_20260920_140129,,charging,charging,23.146,27.055,99.971,1.0,0.0,0.0,0.0,191.408,2.8643,1.3564
1301.0,run_20260920_140129,,charging,charging,23.17,27.046,99.971,1.0,0.0,0.0,0.0,191.408,2.8643,1.3617
1302.008,run_20260920_140129,,charging,charging,23.194,27.038,99.971,1.0,0.0,0.0,0.0,191.408,2.8643,1.367
1303.0,run_20260920_140129,,charging,charging,23.218,27.03,99.971,1.0,0.0,0.0,0.0,191.408,2.8643,1.3722
1304.0,run_20260920_140129,,charging,charging,23.242,27.021,99.971,1.0,0.0,0.0,0.0,191.408,2.8643,1.3775
1305.0,run_20260920_140129,,charging,charging,23.266,27.013,99.971,1.0,0.0,0.0,0.0,191.408,2.8643,1.3828
1306.0,run_20260920_140129,,charging,charging,23.29,27.005,99.971,1.0,0.0,0.0,0.0,191.408,2.8643,1.3881
1307.0,run_20260920_140129,,charging,charging,23.314,26.997,99.971,1.0,0.0,0.0,0.0,191.408,2.8643,1.3933
1308.0,run_20260920_140129,,charging,charging,23.338,26.988,99.971,1.0,0.0,0.0,0.0,191.408,2.8643,1.3986
1309.0,run_20260920_140129,,charging,charging,23.362,26.98,99.971,1.0,0.0,0.0,0.0,191.408,2.8643,1.4039
1310.0,run_20260920_140129,,charging,charging,23.386,26.972,99.971,1.0,0.0,0.0,0.0,191.408,2.8643,1.4092
1311.0,run_20260920_140129,,charging,charging,23.41,26.964,99.971,1.0,0.0,0.0,0.0,191.408,2.8643,1.4144
1312.0,run_20260920_140129,,charging,charging,23.434,26.956,99.971,1.0,0.0,0.0,0.0,191.408,2.8643,1.4197
1313.0,run_20260920_140129,,charging,charging,23.458,26.947,99.971,1.0,0.0,0.0,0.0,191.408,2.8643,1.425
1314.0,run_20260920_140129,,charging,charging,23.482,26.939,99.971,1.0,0.0,0.0,0.0,191.408,2.8643,1.4303
1315.0,run_20260920_140129,,charging,charging,23.506,26.931,99.971,1.0,0.0,0.0,0.0,191.408,2.8643,1.4356
1316.0,run_20260920_140129,,charging,charging,23.53,26.923,99.971,1.0,0.0,0.0,0.0,191.408,2.8643,1.4408
1317.0,run_20260920_140129,,charging,charging,23.554,26.915,99.971,1.0,0.0,0.0,0.0,191.408,2.8643,1.4461
1318.0,run_20260920_140129,,charging,charging,23.578,26.907,99.971,1.0,0.0,0.0,0.0,191.408,2.8643,1.4514
1319.0,run_20260920_140129,,charging,charging,23.602,26.899,99.971,1.0,0.0,0.0,0.0,191.408,2.8643,1.4567
1320.0,run_20260920_140129,,charging,charging,23.626,26.89,99.971,1.0,0.0,0.0,0.0,191.408,2.8643,1.4619
1321.0,run_20260920_140129,,charging,charging,23.65,26.882,99.971,1.0,0.0,0.0,0.0,191.408,2.8643,1.4672
1322.0,run_20260920_140129,,charging,charging,23.674,26.874,99.971,1.0,0.0,0.0,0.0,191.408,2.8643,1.4725
1323.0,run_20260920_140129,,charging,charging,23.698,26.866,99.971,1.0,0.0,0.0,0.0,191.408,2.8643,1.4778
1324.0,run_20260920_140129,,charging,charging,23.722,26.858,99.971,1.0,0.0,0.0,0.0,191.408,2.8643,1.4831
1325.0,run_20260920_140129,,charging,charging,23.746,26.85,99.971,1.0,0.0,0.0,0.0,191.408,2.8643,1.4883
1326.0,run_20260920_140129,,charging,charging,23.77,26.842,99.971,1.0,0.0,0.0,0.0,191.408,2.8643,1.4936
1327.0,run_20260920_140129,,charging,charging,23.794,26.834,99.971,1.0,0.0,0.0,0.0,191.408,2.8643,1.4989
1328.0,run_20260920_140129,,charging,charging,23.818,26.826,99.971,1.0,0.0,0.0,0.0,191.408,2.8643,1.5042
1329.0,run_20260920_140129,,charging,charging,23.842,26.818,99.971,1.0,0.0,0.0,0.0,191.408,2.8643,1.5094
1330.0,run_20260920_140129,,charging,charging,23.866,26.81,99.971,1.0,0.0,0.0,0.0,191.408,2.8643,1.5147
1331.0,run_20260920_140129,,charging,charging,23.889,26.802,99.971,1.0,0.0,0.0,0.0,191.408,2.8643,1.52
1332.0,run_20260920_140129,,charging,charging,23.913,26.795,99.971,1.0,0.0,0.0,0.0,191.408,2.8643,1.5253
1333.0,run_20260920_140129,,charging,charging,23.937,26.787,99.971,1.0,0.0,0.0,0.0,191.408,2.8643,1.5306
1334.0,run_20260920_140129,,charging,charging,23.961,26.779,99.971,1.0,0.0,0.0,0.0,191.408,2.8643,1.5358
1335.0,run_20260920_140129,,charging,charging,23.985,26.771,99.971,1.0,0.0,0.0,0.0,191.408,2.8643,1.5411
1336.0,run_20260920_140129,,charging,charging,24.009,26.763,99.971,1.0,0.0,0.0,0.0,191.408,2.8643,1.5464
1337.0,run_20260920_140129,,charging,charging,24.033,26.755,99.971,1.0,0.0,0.0,0.0,191.408,2.8643,1.5517
1338.0,run_20260920_140129,,charging,charging,24.057,26.747,99.971,1.0,0.0,0.0,0.0,191.408,2.8643,1.5569
1339.0,run_20260920_140129,,charging,charging,24.081,26.739,99.971,1.0,0.0,0.0,0.0,191.408,2.8643,1.5622
1340.0,run_20260920_140129,,charging,charging,24.105,26.732,99.971,1.0,0.0,0.0,0.0,191.408,2.8643,1.5675
1341.0,run_20260920_140129,,charging,charging,24.129,26.724,99.971,1.0,0.0,0.0,0.0,191.408,2.8643,1.5728
1342.0,run_20260920_140129,,charging,charging,24.153,26.716,99.971,1.0,0.0,0.0,0.0,191.408,2.8643,1.5781
1343.0,run_20260920_140129,,charging,charging,24.177,26.708,99.971,1.0,0.0,0.0,0.0,191.408,2.8643,1.5833
1344.0,run_20260920_140129,,charging,charging,24.201,26.7,99.971,1.0,0.0,0.0,0.0,191.408,2.8643,1.5886
1345.0,run_20260920_140129,,charging,charging,24.225,26.693,99.971,1.0,0.0,0.0,0.0,191.408,2.8643,1.5939
1346.0,run_20260920_140129,,charging,charging,24.249,26.685,99.971,1.0,0.0,0.0,0.0,191.408,2.8643,1.5992
1347.0,run_20260920_140129,,charging,charging,24.273,26.677,99.971,1.0,0.0,0.0,0.0,191.408,2.8643,1.6044
1348.0,run_20260920_140129,,charging,charging,24.297,26.669,99.971,1.0,0.0,0.0,0.0,191.408,2.8643,1.6097
1349.004,run_20260920_140129,,charging,charging,24.321,26.662,99.971,1.0,0.0,0.0,0.0,191.408,2.8643,1.615
1350.0,run_20260920_140129,,charging,charging,24.345,26.654,99.971,1.0,0.0,0.0,0.0,191.408,2.8643,1.6203
1351.0,run_20260920_140129,,charging,charging,24.369,26.646,99.971,1.0,0.0,0.0,0.0,191.408,2.8643,1.6256
1352.0,run_20260920_140129,,charging,charging,24.393,26.639,99.971,1.0,0.0,0.0,0.0,191.408,2.8643,1.6308
1353.0,run_20260920_140129,,charging,charging,24.417,26.631,99.971,1.0,0.0,0.0,0.0,191.408,2.8643,1.6361
1354.0,run_20260920_140129,,charging,charging,24.441,26.623,99.971,1.0,0.0,0.0,0.0,191.408,2.8643,1.6414
1355.0,run_20260920_140129,,charging,charging,24.465,26.616,99.971,1.0,0.0,0.0,0.0,191.408,2.8643,1.6467
1356.0,run_20260920_140129,,charging,charging,24.489,26.608,99.971,1.0,0.0,0.0,0.0,191.408,2.8643,1.6519
1357.0,run_20260920_140129,,charging,charging,24.513,26.601,99.971,1.0,0.0,0.0,0.0,191.408,2.8643,1.6572
1358.0,run_20260920_140129,,charging,charging,24.537,26.593,99.971,1.0,0.0,0.0,0.0,191.408,2.8643,1.6625
1359.0,run_20260920_140129,,charging,charging,24.561,26.585,99.971,1.0,0.0,0.0,0.0,191.408,2.8643,1.6678
1360.0,run_20260920_140129,,charging,charging,24.585,26.578,99.971,1.0,0.0,0.0,0.0,191.408,2.8643,1.6731
1361.0,run_20260920_140129,,charging,charging,24.609,26.57,99.971,1.0,0.0,0.0,0.0,191.408,2.8643,1.6783
1362.0,run_20260920_140129,,charging,charging,24.633,26.563,99.971,1.0,0.0,0.0,0.0,191.408,2.8643,1.6836
1363.0,run_20260920_140129,,charging,charging,24.657,26.555,99.971,1.0,0.0,0.0,0.0,191.408,2.8643,1.6889
1364.0,run_20260920_140129,,charging,charging,24.681,26.548,99.971,1.0,0.0,0.0,0.0,191.408,2.8643,1.6942
1365.0,run_20260920_140129,,charging,charging,24.705,26.54,99.971,1.0,0.0,0.0,0.0,191.408,2.8643,1.6994
1366.0,run_20260920_140129,,charging,charging,24.729,26.533,99.971,1.0,0.0,0.0,0.0,191.408,2.8643,1.7047
1367.0,run_20260920_140129,,charging,charging,24.753,26.525,99.971,1.0,0.0,0.0,0.0,191.408,2.8643,1.71
1368.0,run_20260920_140129,,charging,charging,24.777,26.518,99.971,1.0,0.0,0.0,0.0,191.408,2.8643,1.7153
1369.0,run_20260920_140129,,charging,charging,24.801,26.51,99.971,1.0,0.0,0.0,0.0,191.408,2.8643,1.7206
1370.0,run_20260920_140129,,charging,charging,24.825,26.503,99.971,1.0,0.0,0.0,0.0,191.408,2.8643,1.7258
1371.0,run_20260920_140129,,charging,charging,24.849,26.495,99.971,1.0,0.0,0.0,0.0,191.408,2.8643,1.7311
1372.0,run_20260920_140129,,charging,charging,24.873,26.488,99.971,1.0,0.0,0.0,0.0,191.408,2.8643,1.7364
1373.0,run_20260920_140129,,charging,charging,24.897,26.481,99.971,1.0,0.0,0.0,0.0,191.408,2.8643,1.7417
1374.0,run_20260920_140129,,charging,charging,24.921,26.473,99.971,1.0,0.0,0.0,0.0,191.408,2.8643,1.7469
1375.0,run_20260920_140129,,charging,charging,24.945,26.466,99.971,1.0,0.0,0.0,0.0,191.408,2.8643,1.7522
1376.0,run_20260920_140129,,charging,charging,24.969,26.459,99.971,1.0,0.0,0.0,0.0,191.408,2.8643,1.7575
1377.0,run_20260920_140129,,charging,charging,24.993,26.451,99.971,1.0,0.0,0.0,0.0,191.408,2.8643,1.7628
1378.0,run_20260920_140129,,charging,charging,25.017,26.444,99.971,1.0,0.0,0.0,0.0,191.408,2.8643,1.7681
1379.0,run_20260920_140129,,charging,charging,25.041,26.436,99.971,1.0,0.0,0.0,0.0,191.408,2.8643,1.7733
1380.0,run_20260920_140129,,charging,charging,25.065,26.429,99.971,1.0,0.0,0.0,0.0,191.408,2.8643,1.7786
1381.0,run_20260920_140129,,charging,charging,25.089,26.422,99.971,1.0,0.0,0.0,0.0,191.408,2.8643,1.7839
1382.0,run_20260920_140129,,charging,charging,25.113,26.415,99.971,1.0,0.0,0.0,0.0,191.408,2.8643,1.7892
1383.0,run_20260920_140129,,charging,charging,25.137,26.407,99.971,1.0,0.0,0.0,0.0,191.408,2.8643,1.7944
1384.0,run_20260920_140129,,charging,charging,25.161,26.4,99.971,1.0,0.0,0.0,0.0,191.408,2.8643,1.7997
1385.0,run_20260920_140129,,charging,charging,25.185,26.393,99.971,1.0,0.0,0.0,0.0,191.408,2.8643,1.805
1386.0,run_20260920_140129,,charging,charging,25.209,26.385,99.971,1.0,0.0,0.0,0.0,191.408,2.8643,1.8103
1387.0,run_20260920_140129,,charging,charging,25.233,26.378,99.971,1.0,0.0,0.0,0.0,191.408,2.8643,1.8156
1388.0,run_20260920_140129,,charging,charging,25.257,26.371,99.971,1.0,0.0,0.0,0.0,191.408,2.8643,1.8208
1389.0,run_20260920_140129,,charging,charging,25.281,26.364,99.971,1.0,0.0,0.0,0.0,191.408,2.8643,1.8261
1390.0,run_20260920_140129,,charging,charging,25.305,26.357,99.971,1.0,0.0,0.0,0.0,191.408,2.8643,1.8314
1391.0,run_20260920_140129,,charging,charging,25.329,26.349,99.971,1.0,0.0,0.0,0.0,191.408,2.8643,1.8367
1392.0,run_20260920_140129,,charging,charging,25.353,26.342,99.971,1.0,0.0,0.0,0.0,191.408,2.8643,1.8419
1393.0,run_20260920_140129,,charging,charging,25.377,26.335,99.971,1.0,0.0,0.0,0.0,191.408,2.8643,1.8472
1394.0,run_20260920_140129,,charging,charging,25.401,26.328,99.971,1.0,0.0,0.0,0.0,191.408,2.8643,1.8525
1395.0,run_20260920_140129,,charging,charging,25.425,26.321,99.971,1.0,0.0,0.0,0.0,191.408,2.8643,1.8578
1396.0,run_20260920_140129,,charging,charging,25.449,26.314,99.971,1.0,0.0,0.0,0.0,191.408,2.8643,1.8631
1397.0,run_20260920_140129,,charging,charging,25.473,26.307,99.971,1.0,0.0,0.0,0.0,191.408,2.8643,1.8683
1398.0,run_20260920_140129,,charging,charging,25.497,26.299,99.971,1.0,0.0,0.0,0.0,191.408,2.8643,1.8736
1399.0,run_20260920_140129,,charging,charging,25.521,26.292,99.971,1.0,0.0,0.0,0.0,191.408,2.8643,1.8789
1400.0,run_20260920_140129,,charging,charging,25.545,26.285,99.971,1.0,0.0,0.0,0.0,191.408,2.8643,1.8842
1401.0,run_20260920_140129,,charging,charging,25.569,26.278,99.971,1.0,0.0,0.0,0.0,191.408,2.8643,1.8894
1402.0,run_20260920_140129,,charging,charging,25.593,26.271,99.971,1.0,0.0,0.0,0.0,191.408,2.8643,1.8947
1403.0,run_20260920_140129,,charging,charging,25.617,26.264,99.971,1.0,0.0,0.0,0.0,191.408,2.8643,1.9
1404.0,run_20260920_140129,,charging,charging,25.641,26.257,99.971,1.0,0.0,0.0,0.0,191.408,2.8643,1.9053
1405.0,run_20260920_140129,,charging,charging,25.665,26.25,99.971,1.0,0.0,0.0,0.0,191.408,2.8643,1.9106
1406.0,run_20260920_140129,,charging,charging,25.689,26.243,99.971,1.0,0.0,0.0,0.0,191.408,2.8643,1.9158
1407.0,run_20260920_140129,,charging,charging,25.713,26.236,99.971,1.0,0.0,0.0,0.0,191.408,2.8643,1.9211
1408.0,run_20260920_140129,,charging,charging,25.737,26.229,99.971,1.0,0.0,0.0,0.0,191.408,2.8643,1.9264
1409.0,run_20260920_140129,,charging,charging,25.761,26.222,99.971,1.0,0.0,0.0,0.0,191.408,2.8643,1.9317
1410.0,run_20260920_140129,,charging,charging,25.785,26.215,99.971,1.0,0.0,0.0,0.0,191.408,2.8643,1.9369
1411.0,run_20260920_140129,,charging,charging,25.809,26.208,99.971,1.0,0.0,0.0,0.0,191.408,2.8643,1.9422
1412.0,run_20260920_140129,,charging,charging,25.833,26.201,99.971,1.0,0.0,0.0,0.0,191.408,2.8643,1.9475
1413.0,run_20260920_140129,,charging,charging,25.857,26.194,99.971,1.0,0.0,0.0,0.0,191.408,2.8643,1.9528
1414.0,run_20260920_140129,,charging,charging,25.881,26.187,99.971,1.0,0.0,0.0,0.0,191.408,2.8643,1.9581
1415.0,run_20260920_140129,,charging,charging,25.905,26.18,99.971,1.0,0.0,0.0,0.0,191.408,2.8643,1.9633
1416.0,run_20260920_140129,,charging,charging,25.929,26.174,99.971,1.0,0.0,0.0,0.0,191.408,2.8643,1.9686
1417.0,run_20260920_140129,,charging,charging,25.953,26.167,99.971,1.0,0.0,0.0,0.0,191.408,2.8643,1.9739
1418.0,run_20260920_140129,,charging,charging,25.977,26.16,99.971,1.0,0.0,0.0,0.0,191.408,2.8643,1.9792
1419.0,run_20260920_140129,,charging,charging,26.001,26.153,99.971,1.0,0.0,0.0,0.0,191.408,2.8643,1.9844
1420.0,run_20260920_140129,,charging,charging,26.025,26.146,99.971,1.0,0.0,0.0,0.0,191.408,2.8643,1.9897
1421.0,run_20260920_140129,,charging,charging,26.049,26.139,99.971,1.0,0.0,0.0,0.0,191.408,2.8643,1.995
1422.0,run_20260920_140129,,charging,charging,26.073,26.132,99.971,1.0,0.0,0.0,0.0,191.408,2.8643,2.0003
1423.0,run_20260920_140129,,charging,charging,26.097,26.126,99.971,1.0,0.0,0.0,0.0,191.408,2.8643,2.0056
1424.0,run_20260920_140129,,charging,charging,26.121,26.119,99.971,1.0,0.0,0.0,0.0,191.408,2.8643,2.0108
1425.0,run_20260920_140129,,charging,charging,26.145,26.112,99.971,1.0,0.0,0.0,0.0,191.408,2.8643,2.0161
1426.0,run_20260920_140129,,charging,charging,26.169,26.105,99.971,1.0,0.0,0.0,0.0,191.408,2.8643,2.0214
1427.0,run_20260920_140129,,charging,charging,26.193,26.098,99.971,1.0,0.0,0.0,0.0,191.408,2.8643,2.0267
1428.0,run_20260920_140129,,charging,charging,26.217,26.092,99.971,1.0,0.0,0.0,0.0,191.408,2.8643,2.0319
1429.0,run_20260920_140129,,charging,charging,26.241,26.085,99.971,1.0,0.0,0.0,0.0,191.408,2.8643,2.0372
1430.0,run_20260920_140129,,charging,charging,26.264,26.078,99.971,1.0,0.0,0.0,0.0,191.408,2.8643,2.0425
1431.0,run_20260920_140129,,charging,charging,26.288,26.071,99.971,1.0,0.0,0.0,0.0,191.408,2.8643,2.0478
1432.0,run_20260920_140129,,charging,charging,26.312,26.065,99.971,1.0,0.0,0.0,0.0,191.408,2.8643,2.0531
1433.0,run_20260920_140129,,charging,charging,26.336,26.058,99.971,1.0,0.0,0.0,0.0,191.408,2.8643,2.0583
1434.0,run_20260920_140129,,charging,charging,26.36,26.051,99.971,1.0,0.0,0.0,0.0,191.408,2.8643,2.0636
1435.0,run_20260920_140129,,charging,charging,26.384,26.045,99.971,1.0,0.0,0.0,0.0,191.408,2.8643,2.0689
1436.0,run_20260920_140129,,charging,charging,26.408,26.038,99.971,1.0,0.0,0.0,0.0,191.408,2.8643,2.0742
1437.0,run_20260920_140129,,charging,charging,26.432,26.031,99.971,1.0,0.0,0.0,0.0,191.408,2.8643,2.0794
1438.0,run_20260920_140129,,charging,charging,26.456,26.025,99.971,1.0,0.0,0.0,0.0,191.408,2.8643,2.0847
1439.0,run_20260920_140129,,charging,charging,26.48,26.018,99.971,1.0,0.0,0.0,0.0,191.408,2.8643,2.09
1440.0,run_20260920_140129,,charging,charging,26.504,26.011,99.971,1.0,0.0,0.0,0.0,191.408,2.8643,2.0953
1441.0,run_20260920_140129,,charging,charging,26.528,26.005,99.971,1.0,0.0,0.0,0.0,191.408,2.8643,2.1006
1442.0,run_20260920_140129,,charging,charging,26.552,25.998,99.971,1.0,0.0,0.0,0.0,191.408,2.8643,2.1058
1443.0,run_20260920_140129,,charging,charging,26.576,25.992,99.971,1.0,0.0,0.0,0.0,191.408,2.8643,2.1111
1444.0,run_20260920_140129,,charging,charging,26.6,25.985,99.971,1.0,0.0,0.0,0.0,191.408,2.8643,2.1164
1445.0,run_20260920_140129,,charging,charging,26.624,25.978,99.971,1.0,0.0,0.0,0.0,191.408,2.8643,2.1217
1446.0,run_20260920_140129,,charging,charging,26.648,25.972,99.971,1.0,0.0,0.0,0.0,191.408,2.8643,2.1269
1447.0,run_20260920_140129,,charging,charging,26.672,25.965,99.971,1.0,0.0,0.0,0.0,191.408,2.8643,2.1322
1448.0,run_20260920_140129,,charging,charging,26.696,25.959,99.971,1.0,0.0,0.0,0.0,191.408,2.8643,2.1375
1449.0,run_20260920_140129,,charging,charging,26.72,25.952,99.971,1.0,0.0,0.0,0.0,191.408,2.8643,2.1428
1450.0,run_20260920_140129,,charging,charging,26.744,25.946,99.971,1.0,0.0,0.0,0.0,191.408,2.8643,2.1481
1451.0,run_20260920_140129,,charging,charging,26.768,25.939,99.971,1.0,0.0,0.0,0.0,191.408,2.8643,2.1533
1452.0,run_20260920_140129,,charging,charging,26.792,25.933,99.971,1.0,0.0,0.0,0.0,191.408,2.8643,2.1586
1453.0,run_20260920_140129,,charging,charging,26.816,25.926,99.971,1.0,0.0,0.0,0.0,191.408,2.8643,2.1639
1454.0,run_20260920_140129,,charging,charging,26.84,25.92,99.971,1.0,0.0,0.0,0.0,191.408,2.8643,2.1692
1455.0,run_20260920_140129,,charging,charging,26.864,25.913,99.971,1.0,0.0,0.0,0.0,191.408,2.8643,2.1744
1456.0,run_20260920_140129,,charging,charging,26.888,25.907,99.971,1.0,0.0,0.0,0.0,191.408,2.8643,2.1797
1457.0,run_20260920_140129,,charging,charging,26.912,25.9,99.971,1.0,0.0,0.0,0.0,191.408,2.8643,2.185
1458.0,run_20260920_140129,,charging,charging,26.936,25.894,99.971,1.0,0.0,0.0,0.0,191.408,2.8643,2.1903
1459.0,run_20260920_140129,,charging,charging,26.96,25.887,99.971,1.0,0.0,0.0,0.0,191.408,2.8643,2.1956
1460.0,run_20260920_140129,,charging,charging,26.984,25.881,99.971,1.0,0.0,0.0,0.0,191.408,2.8643,2.2008
1461.0,run_20260920_140129,,charging,charging,27.008,25.875,99.971,1.0,0.0,0.0,0.0,191.408,2.8643,2.2061
1462.0,run_20260920_140129,,charging,charging,27.032,25.868,99.971,1.0,0.0,0.0,0.0,191.408,2.8643,2.2114
1463.0,run_20260920_140129,,charging,charging,27.056,25.862,99.971,1.0,0.0,0.0,0.0,191.408,2.8643,2.2167
1464.0,run_20260920_140129,,charging,charging,27.08,25.855,99.971,1.0,0.0,0.0,0.0,191.408,2.8643,2.2219
1465.0,run_20260920_140129,,charging,charging,27.104,25.849,99.971,1.0,0.0,0.0,0.0,191.408,2.8643,2.2272
1466.0,run_20260920_140129,,charging,charging,27.128,25.843,99.971,1.0,0.0,0.0,0.0,191.408,2.8643,2.2325
1467.0,run_20260920_140129,,charging,charging,27.152,25.836,99.971,1.0,0.0,0.0,0.0,191.408,2.8643,2.2378
1468.004,run_20260920_140129,,charging,charging,27.176,25.83,99.971,1.0,0.0,0.0,0.0,191.408,2.8643,2.2431
1469.0,run_20260920_140129,,charging,charging,27.2,25.824,99.971,1.0,0.0,0.0,0.0,191.408,2.8643,2.2483
1470.0,run_20260920_140129,,charging,charging,27.224,25.817,99.971,1.0,0.0,0.0,0.0,191.408,2.8643,2.2536
1471.0,run_20260920_140129,,charging,charging,27.248,25.811,99.971,1.0,0.0,0.0,0.0,191.408,2.8643,2.2589
1472.0,run_20260920_140129,,charging,charging,27.272,25.805,99.971,1.0,0.0,0.0,0.0,191.408,2.8643,2.2642
1473.0,run_20260920_140129,,charging,charging,27.296,25.799,99.971,1.0,0.0,0.0,0.0,191.408,2.8643,2.2694
1474.0,run_20260920_140129,,charging,charging,27.32,25.792,99.971,1.0,0.0,0.0,0.0,191.408,2.8643,2.2747
1475.0,run_20260920_140129,,charging,charging,27.344,25.786,99.971,1.0,0.0,0.0,0.0,191.408,2.8643,2.28
1476.0,run_20260920_140129,,charging,charging,27.368,25.78,99.971,1.0,0.0,0.0,0.0,191.408,2.8643,2.2853
1477.0,run_20260920_140129,,charging,charging,27.392,25.774,99.971,1.0,0.0,0.0,0.0,191.408,2.8643,2.2906
1478.0,run_20260920_140129,,charging,charging,27.416,25.767,99.971,1.0,0.0,0.0,0.0,191.408,2.8643,2.2958
1479.0,run_20260920_140129,,charging,charging,27.44,25.761,99.971,1.0,0.0,0.0,0.0,191.408,2.8643,2.3011
1480.0,run_20260920_140129,,charging,charging,27.464,25.755,99.971,1.0,0.0,0.0,0.0,191.408,2.8643,2.3064
1481.0,run_20260920_140129,,charging,charging,27.488,25.749,99.971,1.0,0.0,0.0,0.0,191.408,2.8643,2.3117
1482.0,run_20260920_140129,,charging,charging,27.512,25.743,99.971,1.0,0.0,0.0,0.0,191.408,2.8643,2.3169
1483.0,run_20260920_140129,,charging,charging,27.536,25.736,99.971,1.0,0.0,0.0,0.0,191.408,2.8643,2.3222
1484.0,run_20260920_140129,,charging,charging,27.56,25.73,99.971,1.0,0.0,0.0,0.0,191.408,2.8643,2.3275
1485.0,run_20260920_140129,,charging,charging,27.584,25.724,99.971,1.0,0.0,0.0,0.0,191.408,2.8643,2.3328
1486.0,run_20260920_140129,,charging,charging,27.608,25.718,99.971,1.0,0.0,0.0,0.0,191.408,2.8643,2.3381
1487.0,run_20260920_140129,,charging,charging,27.632,25.712,99.971,1.0,0.0,0.0,0.0,191.408,2.8643,2.3433
1488.0,run_20260920_140129,,charging,charging,27.656,25.706,99.971,1.0,0.0,0.0,0.0,191.408,2.8643,2.3486
1489.0,run_20260920_140129,,charging,charging,27.68,25.7,99.971,1.0,0.0,0.0,0.0,191.408,2.8643,2.3539
1490.0,run_20260920_140129,,charging,charging,27.704,25.693,99.971,1.0,0.0,0.0,0.0,191.408,2.8643,2.3592
1491.0,run_20260920_140129,,charging,charging,27.728,25.687,99.971,1.0,0.0,0.0,0.0,191.408,2.8643,2.3644
1492.0,run_20260920_140129,,charging,charging,27.752,25.681,99.971,1.0,0.0,0.0,0.0,191.408,2.8643,2.3697
1493.0,run_20260920_140129,,charging,charging,27.776,25.675,99.971,1.0,0.0,0.0,0.0,191.408,2.8643,2.375
1494.0,run_20260920_140129,,charging,charging,27.8,25.669,99.971,1.0,0.0,0.0,0.0,191.408,2.8643,2.3803
1495.0,run_20260920_140129,,charging,charging,27.824,25.663,99.971,1.0,0.0,0.0,0.0,191.408,2.8643,2.3856
1496.0,run_20260920_140129,,charging,charging,27.848,25.657,99.971,1.0,0.0,0.0,0.0,191.408,2.8643,2.3908
1497.0,run_20260920_140129,,charging,charging,27.872,25.651,99.971,1.0,0.0,0.0,0.0,191.408,2.8643,2.3961
1498.0,run_20260920_140129,,charging,charging,27.896,25.645,99.971,1.0,0.0,0.0,0.0,191.408,2.8643,2.4014
1499.0,run_20260920_140129,,charging,charging,27.92,25.639,99.971,1.0,0.0,0.0,0.0,191.408,2.8643,2.4067
1500.0,run_20260920_140129,,charging,charging,27.944,25.633,99.971,1.0,0.0,0.0,0.0,191.408,2.8643,2.4119
1501.0,run_20260920_140129,,charging,charging,27.968,25.627,99.971,1.0,0.0,0.0,0.0,191.408,2.8643,2.4172
1502.0,run_20260920_140129,,charging,charging,27.992,25.621,99.971,1.0,0.0,0.0,0.0,191.408,2.8643,2.4225
1503.0,run_20260920_140129,,charging,charging,28.016,25.615,99.971,1.0,0.0,0.0,0.0,191.408,2.8643,2.4278
1504.0,run_20260920_140129,,charging,charging,28.04,25.609,99.971,1.0,0.0,0.0,0.0,191.408,2.8643,2.4331
1505.0,run_20260920_140129,,charging,charging,28.064,25.603,99.971,1.0,0.0,0.0,0.0,191.408,2.8643,2.4383
1506.0,run_20260920_140129,,charging,charging,28.088,25.597,99.971,1.0,0.0,0.0,0.0,191.408,2.8643,2.4436
1507.0,run_20260920_140129,,charging,charging,28.112,25.591,99.971,1.0,0.0,0.0,0.0,191.408,2.8643,2.4489
1508.0,run_20260920_140129,,charging,charging,28.136,25.585,99.971,1.0,0.0,0.0,0.0,191.408,2.8643,2.4542
1509.0,run_20260920_140129,,charging,charging,28.16,25.579,99.971,1.0,0.0,0.0,0.0,191.408,2.8643,2.4594
1510.0,run_20260920_140129,,charging,charging,28.184,25.573,99.971,1.0,0.0,0.0,0.0,191.408,2.8643,2.4647
1511.0,run_20260920_140129,,charging,charging,28.208,25.568,99.971,1.0,0.0,0.0,0.0,191.408,2.8643,2.47
1512.0,run_20260920_140129,,charging,charging,28.232,25.562,99.971,1.0,0.0,0.0,0.0,191.408,2.8643,2.4753
1513.0,run_20260920_140129,,charging,charging,28.256,25.556,99.971,1.0,0.0,0.0,0.0,191.408,2.8643,2.4806
1514.0,run_20260920_140129,,charging,charging,28.28,25.55,99.971,1.0,0.0,0.0,0.0,191.408,2.8643,2.4858
1515.0,run_20260920_140129,,charging,charging,28.304,25.544,99.971,1.0,0.0,0.0,0.0,191.408,2.8643,2.4911
1516.0,run_20260920_140129,,charging,charging,28.328,25.538,99.971,1.0,0.0,0.0,0.0,191.408,2.8643,2.4964
1517.0,run_20260920_140129,,charging,charging,28.352,25.532,99.971,1.0,0.0,0.0,0.0,191.408,2.8643,2.5017
1518.0,run_20260920_140129,,charging,charging,28.376,25.527,99.971,1.0,0.0,0.0,0.0,191.408,2.8643,2.5069
1519.0,run_20260920_140129,,charging,charging,28.4,25.521,99.971,1.0,0.0,0.0,0.0,191.408,2.8643,2.5122
1520.0,run_20260920_140129,,charging,charging,28.424,25.515,99.971,1.0,0.0,0.0,0.0,191.408,2.8643,2.5175
1521.0,run_20260920_140129,,charging,charging,28.448,25.509,99.971,1.0,0.0,0.0,0.0,191.408,2.8643,2.5228
1522.0,run_20260920_140129,,charging,charging,28.472,25.503,99.971,1.0,0.0,0.0,0.0,191.408,2.8643,2.5281
1523.0,run_20260920_140129,,charging,charging,28.496,25.498,99.971,1.0,0.0,0.0,0.0,191.408,2.8643,2.5333
1524.0,run_20260920_140129,,charging,charging,28.52,25.492,99.971,1.0,0.0,0.0,0.0,191.408,2.8643,2.5386
1525.0,run_20260920_140129,,charging,charging,28.544,25.486,99.971,1.0,0.0,0.0,0.0,191.408,2.8643,2.5439
1526.0,run_20260920_140129,,charging,charging,28.568,25.48,99.971,1.0,0.0,0.0,0.0,191.408,2.8643,2.5492
1527.0,run_20260920_140129,,charging,charging,28.592,25.475,99.971,1.0,0.0,0.0,0.0,191.408,2.8643,2.5544
1528.0,run_20260920_140129,,charging,charging,28.616,25.469,99.971,1.0,0.0,0.0,0.0,191.408,2.8643,2.5597
1529.0,run_20260920_140129,,charging,charging,28.639,25.463,99.971,1.0,0.0,0.0,0.0,191.408,2.8643,2.565
1530.0,run_20260920_140129,,charging,charging,28.663,25.457,99.971,1.0,0.0,0.0,0.0,191.408,2.8643,2.5703
1531.0,run_20260920_140129,,charging,charging,28.687,25.452,99.971,1.0,0.0,0.0,0.0,191.408,2.8643,2.5756
1532.0,run_20260920_140129,,charging,charging,28.711,25.446,99.971,1.0,0.0,0.0,0.0,191.408,2.8643,2.5808
1533.0,run_20260920_140129,,charging,charging,28.735,25.44,99.971,1.0,0.0,0.0,0.0,191.408,2.8643,2.5861
1534.0,run_20260920_140129,,charging,charging,28.759,25.435,99.971,1.0,0.0,0.0,0.0,191.408,2.8643,2.5914
1535.0,run_20260920_140129,,charging,charging,28.783,25.429,99.971,1.0,0.0,0.0,0.0,191.408,2.8643,2.5967
1536.0,run_20260920_140129,,charging,charging,28.807,25.423,99.971,1.0,0.0,0.0,0.0,191.408,2.8643,2.6019
1537.0,run_20260920_140129,,charging,charging,28.831,25.418,99.971,1.0,0.0,0.0,0.0,191.408,2.8643,2.6072
1538.0,run_20260920_140129,,charging,charging,28.855,25.412,99.971,1.0,0.0,0.0,0.0,191.408,2.8643,2.6125
1539.0,run_20260920_140129,,charging,charging,28.879,25.406,99.971,1.0,0.0,0.0,0.0,191.408,2.8643,2.6178
1540.0,run_20260920_140129,,charging,charging,28.903,25.401,99.971,1.0,0.0,0.0,0.0,191.408,2.8643,2.6231
1541.0,run_20260920_140129,,charging,charging,28.927,25.395,99.971,1.0,0.0,0.0,0.0,191.408,2.8643,2.6283
1542.0,run_20260920_140129,,charging,charging,28.951,25.39,99.971,1.0,0.0,0.0,0.0,191.408,2.8643,2.6336
1543.0,run_20260920_140129,,charging,charging,28.975,25.384,99.971,1.0,0.0,0.0,0.0,191.408,2.8643,2.6389
1544.0,run_20260920_140129,,charging,charging,28.999,25.378,99.971,1.0,0.0,0.0,0.0,191.408,2.8643,2.6442
1545.0,run_20260920_140129,,charging,charging,29.023,25.373,99.971,1.0,0.0,0.0,0.0,191.408,2.8643,2.6494
1546.0,run_20260920_140129,,charging,charging,29.047,25.367,99.971,1.0,0.0,0.0,0.0,191.408,2.8643,2.6547
1547.0,run_20260920_140129,,charging,charging,29.071,25.362,99.971,1.0,0.0,0.0,0.0,191.408,2.8643,2.66
1548.0,run_20260920_140129,,charging,charging,29.095,25.356,99.971,1.0,0.0,0.0,0.0,191.408,2.8643,2.6653
1549.0,run_20260920_140129,,charging,charging,29.119,25.351,99.971,1.0,0.0,0.0,0.0,191.408,2.8643,2.6706
1550.0,run_20260920_140129,,charging,charging,29.143,25.345,99.971,1.0,0.0,0.0,0.0,191.408,2.8643,2.6758
1551.0,run_20260920_140129,,charging,charging,29.167,25.34,99.971,1.0,0.0,0.0,0.0,191.408,2.8643,2.6811
1552.0,run_20260920_140129,,charging,charging,29.191,25.334,99.971,1.0,0.0,0.0,0.0,191.408,2.8643,2.6864
1553.0,run_20260920_140129,,charging,charging,29.215,25.328,99.971,1.0,0.0,0.0,0.0,191.408,2.8643,2.6917
1554.0,run_20260920_140129,,charging,charging,29.239,25.323,99.971,1.0,0.0,0.0,0.0,191.408,2.8643,2.6969
1555.0,run_20260920_140129,,charging,charging,29.263,25.318,99.971,1.0,0.0,0.0,0.0,191.408,2.8643,2.7022
1556.0,run_20260920_140129,,charging,charging,29.287,25.312,99.971,1.0,0.0,0.0,0.0,191.408,2.8643,2.7075
1557.0,run_20260920_140129,,charging,charging,29.311,25.307,99.971,1.0,0.0,0.0,0.0,191.408,2.8643,2.7128
1558.0,run_20260920_140129,,charging,charging,29.335,25.301,99.971,1.0,0.0,0.0,0.0,191.408,2.8643,2.7181
1559.0,run_20260920_140129,,charging,charging,29.359,25.296,99.971,1.0,0.0,0.0,0.0,191.408,2.8643,2.7233
1560.0,run_20260920_140129,,charging,charging,29.383,25.29,99.971,1.0,0.0,0.0,0.0,191.408,2.8643,2.7286
1561.0,run_20260920_140129,,charging,charging,29.407,25.285,99.971,1.0,0.0,0.0,0.0,191.408,2.8643,2.7339
1562.0,run_20260920_140129,,charging,charging,29.431,25.279,99.971,1.0,0.0,0.0,0.0,191.408,2.8643,2.7392
1563.0,run_20260920_140129,,charging,charging,29.455,25.274,99.971,1.0,0.0,0.0,0.0,191.408,2.8643,2.7444
1564.0,run_20260920_140129,,charging,charging,29.479,25.269,99.971,1.0,0.0,0.0,0.0,191.408,2.8643,2.7497
1565.0,run_20260920_140129,,charging,charging,29.503,25.263,99.971,1.0,0.0,0.0,0.0,191.408,2.8643,2.755
1566.0,run_20260920_140129,,charging,charging,29.527,25.258,99.971,1.0,0.0,0.0,0.0,191.408,2.8643,2.7603
1567.0,run_20260920_140129,,charging,charging,29.551,25.252,99.971,1.0,0.0,0.0,0.0,191.408,2.8643,2.7656
1568.0,run_20260920_140129,,charging,charging,29.575,25.247,99.971,1.0,0.0,0.0,0.0,191.408,2.8643,2.7708
1569.0,run_20260920_140129,,charging,charging,29.599,25.242,99.971,1.0,0.0,0.0,0.0,191.408,2.8643,2.7761
1570.0,run_20260920_140129,,charging,charging,29.623,25.236,99.971,1.0,0.0,0.0,0.0,191.408,2.8643,2.7814
1571.0,run_20260920_140129,,charging,charging,29.647,25.231,99.971,1.0,0.0,0.0,0.0,191.408,2.8643,2.7867
1572.0,run_20260920_140129,,charging,charging,29.671,25.226,99.971,1.0,0.0,0.0,0.0,191.408,2.8643,2.7919
1573.0,run_20260920_140129,,charging,charging,29.695,25.22,99.971,1.0,0.0,0.0,0.0,191.408,2.8643,2.7972
1574.0,run_20260920_140129,,charging,charging,29.719,25.215,99.971,1.0,0.0,0.0,0.0,191.408,2.8643,2.8025
1575.0,run_20260920_140129,,charging,charging,29.743,25.21,99.971,1.0,0.0,0.0,0.0,191.408,2.8643,2.8078
1576.0,run_20260920_140129,,charging,charging,29.767,25.204,99.971,1.0,0.0,0.0,0.0,191.408,2.8643,2.8131
1577.0,run_20260920_140129,,charging,charging,29.791,25.199,99.971,1.0,0.0,0.0,0.0,191.408,2.8643,2.8183
1578.0,run_20260920_140129,,charging,charging,29.815,25.194,99.971,1.0,0.0,0.0,0.0,191.408,2.8643,2.8236
1579.0,run_20260920_140129,,charging,charging,29.839,25.189,99.971,1.0,0.0,0.0,0.0,191.408,2.8643,2.8289
1580.0,run_20260920_140129,,charging,charging,29.863,25.183,99.971,1.0,0.0,0.0,0.0,191.408,2.8643,2.8342
1581.0,run_20260920_140129,,charging,charging,29.887,25.178,99.971,1.0,0.0,0.0,0.0,191.408,2.8643,2.8394
1582.0,run_20260920_140129,,charging,charging,29.911,25.173,99.971,1.0,0.0,0.0,0.0,191.408,2.8643,2.8447
1583.0,run_20260920_140129,,charging,charging,29.935,25.168,99.971,1.0,0.0,0.0,0.0,191.408,2.8643,2.85
1584.0,run_20260920_140129,,charging,charging,29.959,25.162,99.971,1.0,0.0,0.0,0.0,191.408,2.8643,2.8553
1585.0,run_20260920_140129,,charging,charging,29.983,25.157,99.971,1.0,0.0,0.0,0.0,191.408,2.8643,2.8606
1586.0,run_20260920_140129,,charging,charging,30.007,25.152,99.971,1.0,0.0,0.0,0.0,191.408,2.8643,2.8658
1587.0,run_20260920_140129,,charging,charging,30.031,25.147,99.971,1.0,0.0,0.0,0.0,191.408,2.8643,2.8711
1588.0,run_20260920_140129,,charging,charging,30.055,25.142,99.971,1.0,0.0,0.0,0.0,191.408,2.8643,2.8764
1589.0,run_20260920_140129,,charging,charging,30.079,25.136,99.971,1.0,0.0,0.0,0.0,191.408,2.8643,2.8817
1590.0,run_20260920_140129,,charging,charging,30.103,25.131,99.971,1.0,0.0,0.0,0.0,191.408,2.8643,2.8869
1591.0,run_20260920_140129,,charging,charging,30.127,25.126,99.971,1.0,0.0,0.0,0.0,191.408,2.8643,2.8922
1592.0,run_20260920_140129,,charging,charging,30.151,25.121,99.971,1.0,0.0,0.0,0.0,191.408,2.8643,2.8975
1593.0,run_20260920_140129,,charging,charging,30.175,25.116,99.971,1.0,0.0,0.0,0.0,191.408,2.8643,2.9028
1594.0,run_20260920_140129,,charging,charging,30.199,25.111,99.971,1.0,0.0,0.0,0.0,191.408,2.8643,2.9081
1595.0,run_20260920_140129,,charging,charging,30.223,25.105,99.971,1.0,0.0,0.0,0.0,191.408,2.8643,2.9133
1596.0,run_20260920_140129,,charging,charging,30.247,25.1,99.971,1.0,0.0,0.0,0.0,191.408,2.8643,2.9186
1597.0,run_20260920_140129,,charging,charging,30.271,25.095,99.971,1.0,0.0,0.0,0.0,191.408,2.8643,2.9239
1598.0,run_20260920_140129,,charging,charging,30.295,25.09,99.971,1.0,0.0,0.0,0.0,191.408,2.8643,2.9292
1599.0,run_20260920_140129,,charging,charging,30.319,25.085,99.971,1.0,0.0,0.0,0.0,191.408,2.8643,2.9344
1600.0,run_20260920_140129,,charging,charging,30.343,25.08,99.971,1.0,0.0,0.0,0.0,191.408,2.8643,2.9397
1601.0,run_20260920_140129,,charging,charging,30.367,25.075,99.971,1.0,0.0,0.0,0.0,191.408,2.8643,2.945
1602.0,run_20260920_140129,,charging,charging,30.391,25.07,99.971,1.0,0.0,0.0,0.0,191.408,2.8643,2.9503
1603.0,run_20260920_140129,,charging,charging,30.415,25.065,99.971,1.0,0.0,0.0,0.0,191.408,2.8643,2.9556
1604.0,run_20260920_140129,,charging,charging,30.439,25.06,99.971,1.0,0.0,0.0,0.0,191.408,2.8643,2.9608
1605.0,run_20260920_140129,,charging,charging,30.463,25.055,99.971,1.0,0.0,0.0,0.0,191.408,2.8643,2.9661
1606.0,run_20260920_140129,,charging,charging,30.487,25.05,99.971,1.0,0.0,0.0,0.0,191.408,2.8643,2.9714
1607.0,run_20260920_140129,,charging,charging,30.511,25.045,99.971,1.0,0.0,0.0,0.0,191.408,2.8643,2.9767
1608.0,run_20260920_140129,,charging,charging,30.535,25.04,99.971,1.0,0.0,0.0,0.0,191.408,2.8643,2.9819
1609.0,run_20260920_140129,,charging,charging,30.559,25.034,99.971,1.0,0.0,0.0,0.0,191.408,2.8643,2.9872
1610.0,run_20260920_140129,,charging,charging,30.583,25.029,99.971,1.0,0.0,0.0,0.0,191.408,2.8643,2.9925
1611.0,run_20260920_140129,,charging,charging,30.607,25.024,99.971,1.0,0.0,0.0,0.0,191.408,2.8643,2.9978
1612.0,run_20260920_140129,,charging,charging,30.631,25.019,99.971,1.0,0.0,0.0,0.0,191.408,2.8643,3.0031
1613.0,run_20260920_140129,,charging,charging,30.655,25.015,99.971,1.0,0.0,0.0,0.0,191.408,2.8643,3.0083
1614.0,run_20260920_140129,,charging,charging,30.679,25.01,99.971,1.0,0.0,0.0,0.0,191.408,2.8643,3.0136
1615.0,run_20260920_140129,,charging,charging,30.703,25.005,99.971,1.0,0.0,0.0,0.0,191.408,2.8643,3.0189
1616.0,run_20260920_140129,,charging,charging,30.727,25.0,99.971,1.0,0.0,0.0,0.0,191.408,2.8643,3.0242
1617.0,run_20260920_140129,,charging,charging,30.751,24.995,99.971,1.0,0.0,0.0,0.0,191.408,2.8643,3.0294
1618.0,run_20260920_140129,,charging,charging,30.775,24.99,99.971,1.0,0.0,0.0,0.0,191.408,2.8643,3.0347
1619.0,run_20260920_140129,,charging,charging,30.799,24.985,99.971,1.0,0.0,0.0,0.0,191.408,2.8643,3.04
1620.0,run_20260920_140129,,charging,charging,30.823,24.98,99.971,1.0,0.0,0.0,0.0,191.408,2.8643,3.0453
1621.0,run_20260920_140129,,charging,charging,30.847,24.975,99.971,1.0,0.0,0.0,0.0,191.408,2.8643,3.0506
1622.0,run_20260920_140129,,charging,charging,30.871,24.97,99.971,1.0,0.0,0.0,0.0,191.408,2.8643,3.0558
1623.0,run_20260920_140129,,charging,charging,30.895,24.965,99.971,1.0,0.0,0.0,0.0,191.408,2.8643,3.0611
1624.0,run_20260920_140129,,charging,charging,30.919,24.96,99.971,1.0,0.0,0.0,0.0,191.408,2.8643,3.0664
1625.0,run_20260920_140129,,charging,charging,30.943,24.955,99.971,1.0,0.0,0.0,0.0,191.408,2.8643,3.0717
1626.0,run_20260920_140129,,charging,charging,30.967,24.95,99.971,1.0,0.0,0.0,0.0,191.408,2.8643,3.0769
1627.0,run_20260920_140129,,charging,charging,30.991,24.946,99.971,1.0,0.0,0.0,0.0,191.408,2.8643,3.0822
1628.0,run_20260920_140129,,charging,charging,31.014,24.941,99.971,1.0,0.0,0.0,0.0,191.408,2.8643,3.0875
1629.0,run_20260920_140129,,charging,charging,31.038,24.936,99.971,1.0,0.0,0.0,0.0,191.408,2.8643,3.0928
1630.0,run_20260920_140129,,charging,charging,31.062,24.931,99.971,1.0,0.0,0.0,0.0,191.408,2.8643,3.0981
1631.0,run_20260920_140129,,charging,charging,31.086,24.926,99.971,1.0,0.0,0.0,0.0,191.408,2.8643,3.1033
1632.0,run_20260920_140129,,charging,charging,31.11,24.921,99.971,1.0,0.0,0.0,0.0,191.408,2.8643,3.1086
1633.0,run_20260920_140129,,charging,charging,31.134,24.917,99.971,1.0,0.0,0.0,0.0,191.408,2.8643,3.1139
1634.0,run_20260920_140129,,charging,charging,31.158,24.912,99.971,1.0,0.0,0.0,0.0,191.408,2.8643,3.1192
1635.0,run_20260920_140129,,charging,charging,31.182,24.907,99.971,1.0,0.0,0.0,0.0,191.408,2.8643,3.1244
1636.0,run_20260920_140129,,charging,charging,31.206,24.902,99.971,1.0,0.0,0.0,0.0,191.408,2.8643,3.1297
1637.0,run_20260920_140129,,charging,charging,31.23,24.897,99.971,1.0,0.0,0.0,0.0,191.408,2.8643,3.135
1638.0,run_20260920_140129,,charging,charging,31.254,24.893,99.971,1.0,0.0,0.0,0.0,191.408,2.8643,3.1403
1639.0,run_20260920_140129,,charging,charging,31.278,24.888,99.971,1.0,0.0,0.0,0.0,191.408,2.8643,3.1456
1640.0,run_20260920_140129,,charging,charging,31.302,24.883,99.971,1.0,0.0,0.0,0.0,191.408,2.8643,3.1508
1641.0,run_20260920_140129,,charging,charging,31.326,24.878,99.971,1.0,0.0,0.0,0.0,191.408,2.8643,3.1561
1642.0,run_20260920_140129,,charging,charging,31.35,24.874,99.971,1.0,0.0,0.0,0.0,191.408,2.8643,3.1614
1643.0,run_20260920_140129,,charging,charging,31.374,24.869,99.971,1.0,0.0,0.0,0.0,191.408,2.8643,3.1667
1644.0,run_20260920_140129,,charging,charging,31.398,24.864,99.971,1.0,0.0,0.0,0.0,191.408,2.8643,3.1719
1645.0,run_20260920_140129,,charging,charging,31.422,24.859,99.971,1.0,0.0,0.0,0.0,191.408,2.8643,3.1772
1646.0,run_20260920_140129,,charging,charging,31.446,24.855,99.971,1.0,0.0,0.0,0.0,191.408,2.8643,3.1825
1647.0,run_20260920_140129,,charging,charging,31.47,24.85,99.971,1.0,0.0,0.0,0.0,191.408,2.8643,3.1878
1648.0,run_20260920_140129,,charging,charging,31.494,24.845,99.971,1.0,0.0,0.0,0.0,191.408,2.8643,3.1931
1649.0,run_20260920_140129,,charging,charging,31.518,24.841,99.971,1.0,0.0,0.0,0.0,191.408,2.8643,3.1983
1650.0,run_20260920_140129,,charging,charging,31.542,24.836,99.971,1.0,0.0,0.0,0.0,191.408,2.8643,3.2036
1651.0,run_20260920_140129,,charging,charging,31.566,24.831,99.971,1.0,0.0,0.0,0.0,191.408,2.8643,3.2089
1652.0,run_20260920_140129,,charging,charging,31.59,24.826,99.971,1.0,0.0,0.0,0.0,191.408,2.8643,3.2142
1653.0,run_20260920_140129,,charging,charging,31.614,24.822,99.971,1.0,0.0,0.0,0.0,191.408,2.8643,3.2194
1654.0,run_20260920_140129,,charging,charging,31.638,24.817,99.971,1.0,0.0,0.0,0.0,191.408,2.8643,3.2247
1655.0,run_20260920_140129,,charging,charging,31.662,24.813,99.971,1.0,0.0,0.0,0.0,191.408,2.8643,3.23
1656.0,run_20260920_140129,,charging,charging,31.686,24.808,99.971,1.0,0.0,0.0,0.0,191.408,2.8643,3.2353
1657.0,run_20260920_140129,,charging,charging,31.71,24.803,99.971,1.0,0.0,0.0,0.0,191.408,2.8643,3.2406
1658.0,run_20260920_140129,,charging,charging,31.734,24.799,99.971,1.0,0.0,0.0,0.0,191.408,2.8643,3.2458
1659.0,run_20260920_140129,,charging,charging,31.758,24.794,99.971,1.0,0.0,0.0,0.0,191.408,2.8643,3.2511
1660.0,run_20260920_140129,,charging,charging,31.782,24.789,99.971,1.0,0.0,0.0,0.0,191.408,2.8643,3.2564
1661.0,run_20260920_140129,,charging,charging,31.806,24.785,99.971,1.0,0.0,0.0,0.0,191.408,2.8643,3.2617
1662.0,run_20260920_140129,,charging,charging,31.83,24.78,99.971,1.0,0.0,0.0,0.0,191.408,2.8643,3.2669
1663.0,run_20260920_140129,,charging,charging,31.854,24.776,99.971,1.0,0.0,0.0,0.0,191.408,2.8643,3.2722
1664.0,run_20260920_140129,,charging,charging,31.878,24.771,99.971,1.0,0.0,0.0,0.0,191.408,2.8643,3.2775
1665.0,run_20260920_140129,,charging,charging,31.902,24.766,99.971,1.0,0.0,0.0,0.0,191.408,2.8643,3.2828
1666.0,run_20260920_140129,,charging,charging,31.926,24.762,99.971,1.0,0.0,0.0,0.0,191.408,2.8643,3.2881
1667.0,run_20260920_140129,,charging,charging,31.95,24.757,99.971,1.0,0.0,0.0,0.0,191.408,2.8643,3.2933
1668.0,run_20260920_140129,,charging,charging,31.974,24.753,99.971,1.0,0.0,0.0,0.0,191.408,2.8643,3.2986
1669.0,run_20260920_140129,,charging,charging,31.998,24.748,99.971,1.0,0.0,0.0,0.0,191.408,2.8643,3.3039
1670.0,run_20260920_140129,,charging,charging,32.022,24.744,99.971,1.0,0.0,0.0,0.0,191.408,2.8643,3.3092
1671.0,run_20260920_140129,,charging,charging,32.046,24.739,99.971,1.0,0.0,0.0,0.0,191.408,2.8643,3.3144
1672.0,run_20260920_140129,,charging,charging,32.07,24.735,99.971,1.0,0.0,0.0,0.0,191.408,2.8643,3.3197
1673.0,run_20260920_140129,,charging,charging,32.094,24.73,99.971,1.0,0.0,0.0,0.0,191.408,2.8643,3.325
1674.0,run_20260920_140129,,charging,charging,32.118,24.726,99.971,1.0,0.0,0.0,0.0,191.408,2.8643,3.3303
1675.0,run_20260920_140129,,charging,charging,32.142,24.721,99.971,1.0,0.0,0.0,0.0,191.408,2.8643,3.3356
1676.0,run_20260920_140129,,charging,charging,32.166,24.717,99.971,1.0,0.0,0.0,0.0,191.408,2.8643,3.3408
1677.0,run_20260920_140129,,charging,charging,32.19,24.712,99.971,1.0,0.0,0.0,0.0,191.408,2.8643,3.3461
1678.0,run_20260920_140129,,charging,charging,32.214,24.708,99.971,1.0,0.0,0.0,0.0,191.408,2.8643,3.3514
1679.0,run_20260920_140129,,charging,charging,32.238,24.703,99.971,1.0,0.0,0.0,0.0,191.408,2.8643,3.3567
1680.0,run_20260920_140129,,charging,charging,32.262,24.699,99.971,1.0,0.0,0.0,0.0,191.408,2.8643,3.3619
1681.0,run_20260920_140129,,charging,charging,32.286,24.694,99.971,1.0,0.0,0.0,0.0,191.408,2.8643,3.3672
1682.0,run_20260920_140129,,charging,charging,32.31,24.69,99.971,1.0,0.0,0.0,0.0,191.408,2.8643,3.3725
1683.0,run_20260920_140129,,charging,charging,32.334,24.685,99.971,1.0,0.0,0.0,0.0,191.408,2.8643,3.3778
1684.0,run_20260920_140129,,charging,charging,32.358,24.681,99.971,1.0,0.0,0.0,0.0,191.408,2.8643,3.3831
1685.0,run_20260920_140129,,charging,charging,32.382,24.677,99.971,1.0,0.0,0.0,0.0,191.408,2.8643,3.3883
1686.0,run_20260920_140129,,charging,charging,32.406,24.672,99.971,1.0,0.0,0.0,0.0,191.408,2.8643,3.3936
1687.0,run_20260920_140129,,charging,charging,32.43,24.668,99.971,1.0,0.0,0.0,0.0,191.408,2.8643,3.3989
1688.0,run_20260920_140129,,charging,charging,32.454,24.663,99.971,1.0,0.0,0.0,0.0,191.408,2.8643,3.4042
1689.0,run_20260920_140129,,charging,charging,32.478,24.659,99.971,1.0,0.0,0.0,0.0,191.408,2.8643,3.4094
1690.0,run_20260920_140129,,charging,charging,32.502,24.655,99.971,1.0,0.0,0.0,0.0,191.408,2.8643,3.4147
1691.0,run_20260920_140129,,charging,charging,32.526,24.65,99.971,1.0,0.0,0.0,0.0,191.408,2.8643,3.42
1692.0,run_20260920_140129,,charging,charging,32.55,24.646,99.971,1.0,0.0,0.0,0.0,191.408,2.8643,3.4253
1693.0,run_20260920_140129,,charging,charging,32.574,24.641,99.971,1.0,0.0,0.0,0.0,191.408,2.8643,3.4306
1694.0,run_20260920_140129,,charging,charging,32.598,24.637,99.971,1.0,0.0,0.0,0.0,191.408,2.8643,3.4358
1695.0,run_20260920_140129,,charging,charging,32.622,24.633,99.971,1.0,0.0,0.0,0.0,191.408,2.8643,3.4411
1696.0,run_20260920_140129,,charging,charging,32.646,24.628,99.971,1.0,0.0,0.0,0.0,191.408,2.8643,3.4464
1697.0,run_20260920_140129,,charging,charging,32.67,24.624,99.971,1.0,0.0,0.0,0.0,191.408,2.8643,3.4517
1698.0,run_20260920_140129,,charging,charging,32.694,24.62,99.971,1.0,0.0,0.0,0.0,191.408,2.8643,3.4569
1699.0,run_20260920_140129,,charging,charging,32.718,24.615,99.971,1.0,0.0,0.0,0.0,191.408,2.8643,3.4622
1700.0,run_20260920_140129,,charging,charging,32.742,24.611,99.971,1.0,0.0,0.0,0.0,191.408,2.8643,3.4675
1701.0,run_20260920_140129,,charging,charging,32.766,24.607,99.971,1.0,0.0,0.0,0.0,191.408,2.8643,3.4728
1702.0,run_20260920_140129,,charging,charging,32.79,24.602,99.971,1.0,0.0,0.0,0.0,191.408,2.8643,3.4781
1703.0,run_20260920_140129,,charging,charging,32.814,24.598,99.971,1.0,0.0,0.0,0.0,191.408,2.8643,3.4833
1704.0,run_20260920_140129,,charging,charging,32.838,24.594,99.971,1.0,0.0,0.0,0.0,191.408,2.8643,3.4886
1705.0,run_20260920_140129,,charging,charging,32.862,24.59,99.971,1.0,0.0,0.0,0.0,191.408,2.8643,3.4939
1706.0,run_20260920_140129,,charging,charging,32.886,24.585,99.971,1.0,0.0,0.0,0.0,191.408,2.8643,3.4992
1707.0,run_20260920_140129,,charging,charging,32.91,24.581,99.971,1.0,0.0,0.0,0.0,191.408,2.8643,3.5044
1708.0,run_20260920_140129,,charging,charging,32.934,24.577,99.971,1.0,0.0,0.0,0.0,191.408,2.8643,3.5097
1709.0,run_20260920_140129,,charging,charging,32.958,24.573,99.971,1.0,0.0,0.0,0.0,191.408,2.8643,3.515
1710.0,run_20260920_140129,,charging,charging,32.982,24.568,99.971,1.0,0.0,0.0,0.0,191.408,2.8643,3.5203
1711.0,run_20260920_140129,,charging,charging,33.006,24.564,99.971,1.0,0.0,0.0,0.0,191.408,2.8643,3.5256
1712.0,run_20260920_140129,,charging,charging,33.03,24.56,99.971,1.0,0.0,0.0,0.0,191.408,2.8643,3.5308
1713.0,run_20260920_140129,,charging,charging,33.054,24.556,99.971,1.0,0.0,0.0,0.0,191.408,2.8643,3.5361
1714.0,run_20260920_140129,,charging,charging,33.078,24.551,99.971,1.0,0.0,0.0,0.0,191.408,2.8643,3.5414
1715.0,run_20260920_140129,,charging,charging,33.102,24.547,99.971,1.0,0.0,0.0,0.0,191.408,2.8643,3.5467
1716.0,run_20260920_140129,,charging,charging,33.126,24.543,99.971,1.0,0.0,0.0,0.0,191.408,2.8643,3.5519
1717.0,run_20260920_140129,,charging,charging,33.15,24.539,99.971,1.0,0.0,0.0,0.0,191.408,2.8643,3.5572
1718.0,run_20260920_140129,,charging,charging,33.174,24.535,99.971,1.0,0.0,0.0,0.0,191.408,2.8643,3.5625
1719.0,run_20260920_140129,,charging,charging,33.198,24.53,99.971,1.0,0.0,0.0,0.0,191.408,2.8643,3.5678
1720.0,run_20260920_140129,,charging,charging,33.222,24.526,99.971,1.0,0.0,0.0,0.0,191.408,2.8643,3.5731
1721.0,run_20260920_140129,,charging,charging,33.246,24.522,99.971,1.0,0.0,0.0,0.0,191.408,2.8643,3.5783
1722.0,run_20260920_140129,,charging,charging,33.27,24.518,99.971,1.0,0.0,0.0,0.0,191.408,2.8643,3.5836
1723.0,run_20260920_140129,,charging,charging,33.294,24.514,99.971,1.0,0.0,0.0,0.0,191.408,2.8643,3.5889
1724.0,run_20260920_140129,,charging,charging,33.318,24.51,99.971,1.0,0.0,0.0,0.0,191.408,2.8643,3.5942
1725.0,run_20260920_140129,,charging,charging,33.342,24.505,99.971,1.0,0.0,0.0,0.0,191.408,2.8643,3.5994
1726.0,run_20260920_140129,,charging,charging,33.366,24.501,99.971,1.0,0.0,0.0,0.0,191.408,2.8643,3.6047
1727.0,run_20260920_140129,,charging,charging,33.389,24.497,99.971,1.0,0.0,0.0,0.0,191.408,2.8643,3.61
1728.0,run_20260920_140129,,charging,charging,33.413,24.493,99.971,1.0,0.0,0.0,0.0,191.408,2.8643,3.6153
1729.0,run_20260920_140129,,charging,charging,33.437,24.489,99.971,1.0,0.0,0.0,0.0,191.408,2.8643,3.6206
1730.0,run_20260920_140129,,charging,charging,33.461,24.485,99.971,1.0,0.0,0.0,0.0,191.408,2.8643,3.6258
1731.0,run_20260920_140129,,charging,charging,33.485,24.481,99.971,1.0,0.0,0.0,0.0,191.408,2.8643,3.6311
1732.0,run_20260920_140129,,charging,charging,33.509,24.477,99.971,1.0,0.0,0.0,0.0,191.408,2.8643,3.6364
1733.0,run_20260920_140129,,charging,charging,33.533,24.473,99.971,1.0,0.0,0.0,0.0,191.408,2.8643,3.6417
1734.0,run_20260920_140129,,charging,charging,33.557,24.469,99.971,1.0,0.0,0.0,0.0,191.408,2.8643,3.6469
1735.0,run_20260920_140129,,charging,charging,33.581,24.464,99.971,1.0,0.0,0.0,0.0,191.408,2.8643,3.6522
1736.0,run_20260920_140129,,charging,charging,33.605,24.46,99.971,1.0,0.0,0.0,0.0,191.408,2.8643,3.6575
1737.0,run_20260920_140129,,charging,charging,33.629,24.456,99.971,1.0,0.0,0.0,0.0,191.408,2.8643,3.6628
1738.0,run_20260920_140129,,charging,charging,33.653,24.452,99.971,1.0,0.0,0.0,0.0,191.408,2.8643,3.6681
1739.0,run_20260920_140129,,charging,charging,33.677,24.448,99.971,1.0,0.0,0.0,0.0,191.408,2.8643,3.6733
1740.0,run_20260920_140129,,charging,charging,33.701,24.444,99.971,1.0,0.0,0.0,0.0,191.408,2.8643,3.6786
1741.0,run_20260920_140129,,charging,charging,33.725,24.44,99.971,1.0,0.0,0.0,0.0,191.408,2.8643,3.6839
1742.0,run_20260920_140129,,charging,charging,33.749,24.436,99.971,1.0,0.0,0.0,0.0,191.408,2.8643,3.6892
1743.0,run_20260920_140129,,charging,charging,33.773,24.432,99.971,1.0,0.0,0.0,0.0,191.408,2.8643,3.6944
1744.0,run_20260920_140129,,charging,charging,33.797,24.428,99.971,1.0,0.0,0.0,0.0,191.408,2.8643,3.6997
1745.0,run_20260920_140129,,charging,charging,33.821,24.424,99.971,1.0,0.0,0.0,0.0,191.408,2.8643,3.705
1746.0,run_20260920_140129,,charging,charging,33.845,24.42,99.971,1.0,0.0,0.0,0.0,191.408,2.8643,3.7103
1747.0,run_20260920_140129,,charging,charging,33.869,24.416,99.971,1.0,0.0,0.0,0.0,191.408,2.8643,3.7156
1748.0,run_20260920_140129,,charging,charging,33.893,24.412,99.971,1.0,0.0,0.0,0.0,191.408,2.8643,3.7208
1749.0,run_20260920_140129,,charging,charging,33.917,24.408,99.971,1.0,0.0,0.0,0.0,191.408,2.8643,3.7261
1750.0,run_20260920_140129,,charging,charging,33.941,24.404,99.971,1.0,0.0,0.0,0.0,191.408,2.8643,3.7314
1751.0,run_20260920_140129,,charging,charging,33.965,24.4,99.971,1.0,0.0,0.0,0.0,191.408,2.8643,3.7367
1752.0,run_20260920_140129,,charging,charging,33.989,24.396,99.971,1.0,0.0,0.0,0.0,191.408,2.8643,3.7419
1753.0,run_20260920_140129,,charging,charging,34.013,24.392,99.971,1.0,0.0,0.0,0.0,191.408,2.8643,3.7472
1754.0,run_20260920_140129,,charging,charging,34.037,24.388,99.971,1.0,0.0,0.0,0.0,191.408,2.8643,3.7525
1755.0,run_20260920_140129,,charging,charging,34.061,24.384,99.971,1.0,0.0,0.0,0.0,191.408,2.8643,3.7578
1756.0,run_20260920_140129,,charging,charging,34.085,24.38,99.971,1.0,0.0,0.0,0.0,191.408,2.8643,3.7631
1757.0,run_20260920_140129,,charging,charging,34.109,24.377,99.971,1.0,0.0,0.0,0.0,191.408,2.8643,3.7683
1758.0,run_20260920_140129,,charging,charging,34.133,24.373,99.971,1.0,0.0,0.0,0.0,191.408,2.8643,3.7736
1759.0,run_20260920_140129,,charging,charging,34.157,24.369,99.971,1.0,0.0,0.0,0.0,191.408,2.8643,3.7789
1760.0,run_20260920_140129,,charging,charging,34.181,24.365,99.971,1.0,0.0,0.0,0.0,191.408,2.8643,3.7842
1761.0,run_20260920_140129,,charging,charging,34.205,24.361,99.971,1.0,0.0,0.0,0.0,191.408,2.8643,3.7894
1762.0,run_20260920_140129,,charging,charging,34.229,24.357,99.971,1.0,0.0,0.0,0.0,191.408,2.8643,3.7947
1763.0,run_20260920_140129,,charging,charging,34.253,24.353,99.971,1.0,0.0,0.0,0.0,191.408,2.8643,3.8
1764.0,run_20260920_140129,,charging,charging,34.277,24.349,99.971,1.0,0.0,0.0,0.0,191.408,2.8643,3.8053
1765.0,run_20260920_140129,,charging,charging,34.301,24.345,99.971,1.0,0.0,0.0,0.0,191.408,2.8643,3.8106
1766.0,run_20260920_140129,,charging,charging,34.325,24.341,99.971,1.0,0.0,0.0,0.0,191.408,2.8643,3.8158
1767.0,run_20260920_140129,,charging,charging,34.349,24.338,99.971,1.0,0.0,0.0,0.0,191.408,2.8643,3.8211
1768.0,run_20260920_140129,,charging,charging,34.373,24.334,99.971,1.0,0.0,0.0,0.0,191.408,2.8643,3.8264
1769.0,run_20260920_140129,,charging,charging,34.397,24.33,99.971,1.0,0.0,0.0,0.0,191.408,2.8643,3.8317
1770.0,run_20260920_140129,,charging,charging,34.421,24.326,99.971,1.0,0.0,0.0,0.0,191.408,2.8643,3.8369
1771.0,run_20260920_140129,,charging,charging,34.445,24.322,99.971,1.0,0.0,0.0,0.0,191.408,2.8643,3.8422
1772.0,run_20260920_140129,,charging,charging,34.469,24.318,99.971,1.0,0.0,0.0,0.0,191.408,2.8643,3.8475
1773.0,run_20260920_140129,,charging,charging,34.493,24.315,99.971,1.0,0.0,0.0,0.0,191.408,2.8643,3.8528
1774.0,run_20260920_140129,,charging,charging,34.517,24.311,99.971,1.0,0.0,0.0,0.0,191.408,2.8643,3.8581
1775.0,run_20260920_140129,,charging,charging,34.541,24.307,99.971,1.0,0.0,0.0,0.0,191.408,2.8643,3.8633
1776.0,run_20260920_140129,,charging,charging,34.565,24.303,99.971,1.0,0.0,0.0,0.0,191.408,2.8643,3.8686
1777.0,run_20260920_140129,,charging,charging,34.589,24.299,99.971,1.0,0.0,0.0,0.0,191.408,2.8643,3.8739
1778.0,run_20260920_140129,,charging,charging,34.613,24.296,99.971,1.0,0.0,0.0,0.0,191.408,2.8643,3.8792
1779.0,run_20260920_140129,,charging,charging,34.637,24.292,99.971,1.0,0.0,0.0,0.0,191.408,2.8643,3.8844
1780.0,run_20260920_140129,,charging,charging,34.661,24.288,99.971,1.0,0.0,0.0,0.0,191.408,2.8643,3.8897
1781.0,run_20260920_140129,,charging,charging,34.685,24.284,99.971,1.0,0.0,0.0,0.0,191.408,2.8643,3.895
1782.0,run_20260920_140129,,charging,charging,34.709,24.28,99.971,1.0,0.0,0.0,0.0,191.408,2.8643,3.9003
1783.0,run_20260920_140129,,charging,charging,34.733,24.277,99.971,1.0,0.0,0.0,0.0,191.408,2.8643,3.9056
1784.0,run_20260920_140129,,charging,charging,34.757,24.273,99.971,1.0,0.0,0.0,0.0,191.408,2.8643,3.9108
1785.0,run_20260920_140129,,charging,charging,34.781,24.269,99.971,1.0,0.0,0.0,0.0,191.408,2.8643,3.9161
1786.0,run_20260920_140129,,charging,charging,34.805,24.265,99.971,1.0,0.0,0.0,0.0,191.408,2.8643,3.9214
1787.0,run_20260920_140129,,charging,charging,34.829,24.262,99.971,1.0,0.0,0.0,0.0,191.408,2.8643,3.9267
1788.0,run_20260920_140129,,charging,charging,34.853,24.258,99.971,1.0,0.0,0.0,0.0,191.408,2.8643,3.9319
1789.0,run_20260920_140129,,charging,charging,34.877,24.254,99.971,1.0,0.0,0.0,0.0,191.408,2.8643,3.9372
1790.0,run_20260920_140129,,charging,charging,34.901,24.25,99.971,1.0,0.0,0.0,0.0,191.408,2.8643,3.9425
1791.0,run_20260920_140129,,charging,charging,34.925,24.247,99.971,1.0,0.0,0.0,0.0,191.408,2.8643,3.9478
1792.0,run_20260920_140129,,charging,charging,34.949,24.243,99.971,1.0,0.0,0.0,0.0,191.408,2.8643,3.9531
1793.0,run_20260920_140129,,charging,charging,34.973,24.239,99.971,1.0,0.0,0.0,0.0,191.408,2.8643,3.9583
1794.0,run_20260920_140129,,charging,charging,34.997,24.236,99.971,1.0,0.0,0.0,0.0,191.408,2.8643,3.9636
1795.0,run_20260920_140129,,charging,charging,35.021,24.232,99.971,1.0,0.0,0.0,0.0,191.408,2.8643,3.9689
1796.0,run_20260920_140129,,charging,charging,35.045,24.228,99.971,1.0,0.0,0.0,0.0,191.408,2.8643,3.9742
1797.0,run_20260920_140129,,charging,charging,35.069,24.225,99.971,1.0,0.0,0.0,0.0,191.408,2.8643,3.9794
1798.0,run_20260920_140129,,charging,charging,35.093,24.221,99.971,1.0,0.0,0.0,0.0,191.408,2.8643,3.9847
1799.0,run_20260920_140129,,charging,charging,35.117,24.217,99.971,1.0,0.0,0.0,0.0,191.408,2.8643,3.99
1800.0,run_20260920_140129,,charging,charging,35.141,24.214,99.971,1.0,0.0,0.0,0.0,191.408,2.8643,3.9953
1801.0,run_20260920_140129,,charging,charging,35.165,24.21,99.971,1.0,0.0,0.0,0.0,191.408,2.8643,4.0006
1802.0,run_20260920_140129,,charging,charging,35.189,24.206,99.971,1.0,0.0,0.0,0.0,191.408,2.8643,4.0058
1803.0,run_20260920_140129,,charging,charging,35.213,24.203,99.971,1.0,0.0,0.0,0.0,191.408,2.8643,4.0111
1804.0,run_20260920_140129,,charging,charging,35.237,24.199,99.971,1.0,0.0,0.0,0.0,191.408,2.8643,4.0164
1805.0,run_20260920_140129,,charging,charging,35.261,24.195,99.971,1.0,0.0,0.0,0.0,191.408,2.8643,4.0217
1806.0,run_20260920_140129,,charging,charging,35.285,24.192,99.971,1.0,0.0,0.0,0.0,191.408,2.8643,4.0269
1807.0,run_20260920_140129,,charging,charging,35.309,24.188,99.971,1.0,0.0,0.0,0.0,191.408,2.8643,4.0322
1808.0,run_20260920_140129,,charging,charging,35.333,24.185,99.971,1.0,0.0,0.0,0.0,191.408,2.8643,4.0375
1809.0,run_20260920_140129,,charging,charging,35.357,24.181,99.971,1.0,0.0,0.0,0.0,191.408,2.8643,4.0428
1810.0,run_20260920_140129,,charging,charging,35.381,24.177,99.971,1.0,0.0,0.0,0.0,191.408,2.8643,4.0481
1811.0,run_20260920_140129,,charging,charging,35.405,24.174,99.971,1.0,0.0,0.0,0.0,191.408,2.8643,4.0533
1812.0,run_20260920_140129,,charging,charging,35.429,24.17,99.971,1.0,0.0,0.0,0.0,191.408,2.8643,4.0586
1813.0,run_20260920_140129,,charging,charging,35.453,24.167,99.971,1.0,0.0,0.0,0.0,191.408,2.8643,4.0639
1814.0,run_20260920_140129,,charging,charging,35.477,24.163,99.971,1.0,0.0,0.0,0.0,191.408,2.8643,4.0692
1815.0,run_20260920_140129,,charging,charging,35.501,24.159,99.971,1.0,0.0,0.0,0.0,191.408,2.8643,4.0744
1816.0,run_20260920_140129,,charging,charging,35.525,24.156,99.971,1.0,0.0,0.0,0.0,191.408,2.8643,4.0797
1817.0,run_20260920_140129,,charging,charging,35.549,24.152,99.971,1.0,0.0,0.0,0.0,191.408,2.8643,4.085
1818.0,run_20260920_140129,,charging,charging,35.573,24.149,99.971,1.0,0.0,0.0,0.0,191.408,2.8643,4.0903
1819.0,run_20260920_140129,,charging,charging,35.597,24.145,99.971,1.0,0.0,0.0,0.0,191.408,2.8643,4.0956
1820.0,run_20260920_140129,,charging,charging,35.621,24.142,99.971,1.0,0.0,0.0,0.0,191.408,2.8643,4.1008
1821.0,run_20260920_140129,,charging,charging,35.645,24.138,99.971,1.0,0.0,0.0,0.0,191.408,2.8643,4.1061
1822.0,run_20260920_140129,,charging,charging,35.669,24.135,99.971,1.0,0.0,0.0,0.0,191.408,2.8643,4.1114
1823.0,run_20260920_140129,,charging,charging,35.693,24.131,99.971,1.0,0.0,0.0,0.0,191.408,2.8643,4.1167
1824.0,run_20260920_140129,,charging,charging,35.717,24.128,99.971,1.0,0.0,0.0,0.0,191.408,2.8643,4.1219
1825.0,run_20260920_140129,,charging,charging,35.741,24.124,99.971,1.0,0.0,0.0,0.0,191.408,2.8643,4.1272
1826.0,run_20260920_140129,,charging,charging,35.764,24.121,99.971,1.0,0.0,0.0,0.0,191.408,2.8643,4.1325
1827.0,run_20260920_140129,,charging,charging,35.788,24.117,99.971,1.0,0.0,0.0,0.0,191.408,2.8643,4.1378
1828.0,run_20260920_140129,,charging,charging,35.812,24.114,99.971,1.0,0.0,0.0,0.0,191.408,2.8643,4.1431
1829.004,run_20260920_140129,,charging,charging,35.837,24.11,99.971,1.0,0.0,0.0,0.0,191.408,2.8643,4.1484
1830.0,run_20260920_140129,,charging,charging,35.86,24.107,99.971,1.0,0.0,0.0,0.0,191.408,2.8643,4.1536
1831.0,run_20260920_140129,,charging,charging,35.884,24.103,99.971,1.0,0.0,0.0,0.0,191.408,2.8643,4.1589
1832.0,run_20260920_140129,,charging,charging,35.908,24.1,99.971,1.0,0.0,0.0,0.0,191.408,2.8643,4.1642
1833.0,run_20260920_140129,,charging,charging,35.932,24.096,99.971,1.0,0.0,0.0,0.0,191.408,2.8643,4.1694
1834.0,run_20260920_140129,,charging,charging,35.956,24.093,99.971,1.0,0.0,0.0,0.0,191.408,2.8643,4.1747
1835.0,run_20260920_140129,,charging,charging,35.98,24.089,99.971,1.0,0.0,0.0,0.0,191.408,2.8643,4.18
1836.0,run_20260920_140129,,charging,charging,36.004,24.086,99.971,1.0,0.0,0.0,0.0,191.408,2.8643,4.1853
1837.0,run_20260920_140129,,charging,charging,36.028,24.082,99.971,1.0,0.0,0.0,0.0,191.408,2.8643,4.1906
1838.0,run_20260920_140129,,charging,charging,36.052,24.079,99.971,1.0,0.0,0.0,0.0,191.408,2.8643,4.1958
1839.0,run_20260920_140129,,charging,charging,36.076,24.076,99.971,1.0,0.0,0.0,0.0,191.408,2.8643,4.2011
1840.0,run_20260920_140129,,charging,charging,36.1,24.072,99.971,1.0,0.0,0.0,0.0,191.408,2.8643,4.2064
1841.0,run_20260920_140129,,charging,charging,36.124,24.069,99.971,1.0,0.0,0.0,0.0,191.408,2.8643,4.2117
1842.0,run_20260920_140129,,charging,charging,36.148,24.065,99.971,1.0,0.0,0.0,0.0,191.408,2.8643,4.2169
1843.0,run_20260920_140129,,charging,charging,36.172,24.062,99.971,1.0,0.0,0.0,0.0,191.408,2.8643,4.2222
1844.0,run_20260920_140129,,charging,charging,36.196,24.058,99.971,1.0,0.0,0.0,0.0,191.408,2.8643,4.2275
1845.0,run_20260920_140129,,charging,charging,36.22,24.055,99.971,1.0,0.0,0.0,0.0,191.408,2.8643,4.2328
1846.0,run_20260920_140129,,charging,charging,36.244,24.052,99.971,1.0,0.0,0.0,0.0,191.408,2.8643,4.2381
1847.0,run_20260920_140129,,charging,charging,36.268,24.048,99.971,1.0,0.0,0.0,0.0,191.408,2.8643,4.2433
1848.0,run_20260920_140129,,charging,charging,36.292,24.045,99.971,1.0,0.0,0.0,0.0,191.408,2.8643,4.2486
1849.0,run_20260920_140129,,charging,charging,36.316,24.042,99.971,1.0,0.0,0.0,0.0,191.408,2.8643,4.2539
1850.0,run_20260920_140129,,charging,charging,36.34,24.038,99.971,1.0,0.0,0.0,0.0,191.408,2.8643,4.2592
1851.0,run_20260920_140129,,charging,charging,36.364,24.035,99.971,1.0,0.0,0.0,0.0,191.408,2.8643,4.2644
1852.0,run_20260920_140129,,charging,charging,36.388,24.031,99.971,1.0,0.0,0.0,0.0,191.408,2.8643,4.2697
1853.0,run_20260920_140129,,charging,charging,36.412,24.028,99.971,1.0,0.0,0.0,0.0,191.408,2.8643,4.275
1854.0,run_20260920_140129,,charging,charging,36.436,24.025,99.971,1.0,0.0,0.0,0.0,191.408,2.8643,4.2803
1855.004,run_20260920_140129,,charging,charging,36.46,24.021,99.971,1.0,0.0,0.0,0.0,191.408,2.8643,4.2856
1856.0,run_20260920_140129,,charging,charging,36.484,24.018,99.971,1.0,0.0,0.0,0.0,191.408,2.8643,4.2908
1857.0,run_20260920_140129,,charging,charging,36.508,24.015,99.971,1.0,0.0,0.0,0.0,191.408,2.8643,4.2961
1858.0,run_20260920_140129,,charging,charging,36.532,24.011,99.971,1.0,0.0,0.0,0.0,191.408,2.8643,4.3014
1859.0,run_20260920_140129,,charging,charging,36.556,24.008,99.971,1.0,0.0,0.0,0.0,191.408,2.8643,4.3067
1860.0,run_20260920_140129,,charging,charging,36.58,24.005,99.971,1.0,0.0,0.0,0.0,191.408,2.8643,4.3119
1861.0,run_20260920_140129,,charging,charging,36.604,24.002,99.971,1.0,0.0,0.0,0.0,191.408,2.8643,4.3172
1862.0,run_20260920_140129,,charging,charging,36.628,23.998,99.971,1.0,0.0,0.0,0.0,191.408,2.8643,4.3225
1863.0,run_20260920_140129,,charging,charging,36.652,23.995,99.971,1.0,0.0,0.0,0.0,191.408,2.8643,4.3278
1864.0,run_20260920_140129,,charging,charging,36.676,23.992,99.971,1.0,0.0,0.0,0.0,191.408,2.8643,4.3331
1865.0,run_20260920_140129,,charging,charging,36.7,23.988,99.971,1.0,0.0,0.0,0.0,191.408,2.8643,4.3383
1866.0,run_20260920_140129,,charging,charging,36.724,23.985,99.971,1.0,0.0,0.0,0.0,191.408,2.8643,4.3436
1867.0,run_20260920_140129,,charging,charging,36.748,23.982,99.971,1.0,0.0,0.0,0.0,191.408,2.8643,4.3489
1868.0,run_20260920_140129,,charging,charging,36.772,23.979,99.971,1.0,0.0,0.0,0.0,191.408,2.8643,4.3542
1869.0,run_20260920_140129,,charging,charging,36.796,23.975,99.971,1.0,0.0,0.0,0.0,191.408,2.8643,4.3594
1870.0,run_20260920_140129,,charging,charging,36.82,23.972,99.971,1.0,0.0,0.0,0.0,191.408,2.8643,4.3647
1871.0,run_20260920_140129,,charging,charging,36.844,23.969,99.971,1.0,0.0,0.0,0.0,191.408,2.8643,4.37
1872.0,run_20260920_140129,,charging,charging,36.868,23.965,99.971,1.0,0.0,0.0,0.0,191.408,2.8643,4.3753
1873.0,run_20260920_140129,,charging,charging,36.892,23.962,99.971,1.0,0.0,0.0,0.0,191.408,2.8643,4.3806
1874.0,run_20260920_140129,,charging,charging,36.916,23.959,99.971,1.0,0.0,0.0,0.0,191.408,2.8643,4.3858
1875.0,run_20260920_140129,,charging,charging,36.94,23.956,99.971,1.0,0.0,0.0,0.0,191.408,2.8643,4.3911
1876.0,run_20260920_140129,,charging,charging,36.964,23.953,99.971,1.0,0.0,0.0,0.0,191.408,2.8643,4.3964
1877.0,run_20260920_140129,,charging,charging,36.988,23.949,99.971,1.0,0.0,0.0,0.0,191.408,2.8643,4.4017
1878.0,run_20260920_140129,,charging,charging,37.012,23.946,99.971,1.0,0.0,0.0,0.0,191.408,2.8643,4.4069
1879.0,run_20260920_140129,,charging,charging,37.036,23.943,99.971,1.0,0.0,0.0,0.0,191.408,2.8643,4.4122
1880.0,run_20260920_140129,,charging,charging,37.06,23.94,99.971,1.0,0.0,0.0,0.0,191.408,2.8643,4.4175
1881.0,run_20260920_140129,,charging,charging,37.084,23.936,99.971,1.0,0.0,0.0,0.0,191.408,2.8643,4.4228
1882.0,run_20260920_140129,,charging,charging,37.108,23.933,99.971,1.0,0.0,0.0,0.0,191.408,2.8643,4.4281
1883.0,run_20260920_140129,,charging,charging,37.132,23.93,99.971,1.0,0.0,0.0,0.0,191.408,2.8643,4.4333
1884.0,run_20260920_140129,,charging,charging,37.156,23.927,99.971,1.0,0.0,0.0,0.0,191.408,2.8643,4.4386
1885.0,run_20260920_140129,,charging,charging,37.18,23.924,99.971,1.0,0.0,0.0,0.0,191.408,2.8643,4.4439
1886.0,run_20260920_140129,,charging,charging,37.204,23.921,99.971,1.0,0.0,0.0,0.0,191.408,2.8643,4.4492
1887.0,run_20260920_140129,,charging,charging,37.228,23.917,99.971,1.0,0.0,0.0,0.0,191.408,2.8643,4.4544
1888.0,run_20260920_140129,,charging,charging,37.252,23.914,99.971,1.0,0.0,0.0,0.0,191.408,2.8643,4.4597
1889.0,run_20260920_140129,,charging,charging,37.276,23.911,99.971,1.0,0.0,0.0,0.0,191.408,2.8643,4.465
1890.0,run_20260920_140129,,charging,charging,37.3,23.908,99.971,1.0,0.0,0.0,0.0,191.408,2.8643,4.4703
1891.0,run_20260920_140129,,charging,charging,37.324,23.905,99.971,1.0,0.0,0.0,0.0,191.408,2.8643,4.4756
1892.0,run_20260920_140129,,charging,charging,37.348,23.902,99.971,1.0,0.0,0.0,0.0,191.408,2.8643,4.4808
1893.004,run_20260920_140129,,charging,charging,37.372,23.898,99.971,1.0,0.0,0.0,0.0,191.408,2.8643,4.4861
1894.004,run_20260920_140129,,charging,charging,37.396,23.895,99.971,1.0,0.0,0.0,0.0,191.408,2.8643,4.4914
1895.0,run_20260920_140129,,charging,charging,37.42,23.892,99.971,1.0,0.0,0.0,0.0,191.408,2.8643,4.4967
1896.0,run_20260920_140129,,charging,charging,37.444,23.889,99.971,1.0,0.0,0.0,0.0,191.408,2.8643,4.5019
1897.0,run_20260920_140129,,charging,charging,37.468,23.886,99.971,1.0,0.0,0.0,0.0,191.408,2.8643,4.5072
1898.0,run_20260920_140129,,charging,charging,37.492,23.883,99.971,1.0,0.0,0.0,0.0,191.408,2.8643,4.5125
1899.0,run_20260920_140129,,charging,charging,37.516,23.88,99.971,1.0,0.0,0.0,0.0,191.408,2.8643,4.5178
1900.0,run_20260920_140129,,charging,charging,37.54,23.877,99.971,1.0,0.0,0.0,0.0,191.408,2.8643,4.5231
1901.0,run_20260920_140129,,charging,charging,37.564,23.874,99.971,1.0,0.0,0.0,0.0,191.408,2.8643,4.5283
1902.004,run_20260920_140129,,charging,charging,37.588,23.87,99.971,1.0,0.0,0.0,0.0,191.408,2.8643,4.5336
1903.0,run_20260920_140129,,charging,charging,37.612,23.867,99.971,1.0,0.0,0.0,0.0,191.408,2.8643,4.5389
1904.0,run_20260920_140129,,charging,charging,37.636,23.864,99.971,1.0,0.0,0.0,0.0,191.408,2.8643,4.5442
1905.0,run_20260920_140129,,charging,charging,37.66,23.861,99.971,1.0,0.0,0.0,0.0,191.408,2.8643,4.5494
1906.0,run_20260920_140129,,charging,charging,37.684,23.858,99.971,1.0,0.0,0.0,0.0,191.408,2.8643,4.5547
1907.0,run_20260920_140129,,charging,charging,37.708,23.855,99.971,1.0,0.0,0.0,0.0,191.408,2.8643,4.56
1908.0,run_20260920_140129,,charging,charging,37.732,23.852,99.971,1.0,0.0,0.0,0.0,191.408,2.8643,4.5653
1909.0,run_20260920_140129,,charging,charging,37.756,23.849,99.971,1.0,0.0,0.0,0.0,191.408,2.8643,4.5706
1910.0,run_20260920_140129,,charging,charging,37.78,23.846,99.971,1.0,0.0,0.0,0.0,191.408,2.8643,4.5758
1911.0,run_20260920_140129,,charging,charging,37.804,23.843,99.971,1.0,0.0,0.0,0.0,191.408,2.8643,4.5811
1912.0,run_20260920_140129,,charging,charging,37.828,23.84,99.971,1.0,0.0,0.0,0.0,191.408,2.8643,4.5864
1913.0,run_20260920_140129,,charging,charging,37.852,23.837,99.971,1.0,0.0,0.0,0.0,191.408,2.8643,4.5917
1914.0,run_20260920_140129,,charging,charging,37.876,23.834,99.971,1.0,0.0,0.0,0.0,191.408,2.8643,4.5969
1915.0,run_20260920_140129,,charging,charging,37.9,23.831,99.971,1.0,0.0,0.0,0.0,191.408,2.8643,4.6022
1916.0,run_20260920_140129,,charging,charging,37.924,23.828,99.971,1.0,0.0,0.0,0.0,191.408,2.8643,4.6075
1917.0,run_20260920_140129,,charging,charging,37.948,23.825,99.971,1.0,0.0,0.0,0.0,191.408,2.8643,4.6128
1918.0,run_20260920_140129,,charging,charging,37.972,23.822,99.971,1.0,0.0,0.0,0.0,191.408,2.8643,4.6181
1919.0,run_20260920_140129,,charging,charging,37.996,23.819,99.971,1.0,0.0,0.0,0.0,191.408,2.8643,4.6233
1920.0,run_20260920_140129,,charging,charging,38.02,23.816,99.971,1.0,0.0,0.0,0.0,191.408,2.8643,4.6286
1921.0,run_20260920_140129,,charging,charging,38.044,23.813,99.971,1.0,0.0,0.0,0.0,191.408,2.8643,4.6339
1922.0,run_20260920_140129,,charging,charging,38.068,23.81,99.971,1.0,0.0,0.0,0.0,191.408,2.8643,4.6392
1923.0,run_20260920_140129,,charging,charging,38.092,23.807,99.971,1.0,0.0,0.0,0.0,191.408,2.8643,4.6444
1924.0,run_20260920_140129,,charging,charging,38.116,23.804,99.971,1.0,0.0,0.0,0.0,191.408,2.8643,4.6497
1925.0,run_20260920_140129,,charging,charging,38.139,23.801,99.971,1.0,0.0,0.0,0.0,191.408,2.8643,4.655
1926.0,run_20260920_140129,,charging,charging,38.163,23.798,99.971,1.0,0.0,0.0,0.0,191.408,2.8643,4.6603
1927.0,run_20260920_140129,,charging,charging,38.187,23.795,99.971,1.0,0.0,0.0,0.0,191.408,2.8643,4.6656
1928.0,run_20260920_140129,,charging,charging,38.211,23.792,99.971,1.0,0.0,0.0,0.0,191.408,2.8643,4.6708
1929.0,run_20260920_140129,,charging,charging,38.235,23.789,99.971,1.0,0.0,0.0,0.0,191.408,2.8643,4.6761
1930.0,run_20260920_140129,,charging,charging,38.259,23.786,99.971,1.0,0.0,0.0,0.0,191.408,2.8643,4.6814
1931.0,run_20260920_140129,,charging,charging,38.283,23.783,99.971,1.0,0.0,0.0,0.0,191.408,2.8643,4.6867
1932.0,run_20260920_140129,,charging,charging,38.307,23.78,99.971,1.0,0.0,0.0,0.0,191.408,2.8643,4.6919
1933.0,run_20260920_140129,,charging,charging,38.331,23.777,99.971,1.0,0.0,0.0,0.0,191.408,2.8643,4.6972
1934.0,run_20260920_140129,,charging,charging,38.355,23.774,99.971,1.0,0.0,0.0,0.0,191.408,2.8643,4.7025
1935.0,run_20260920_140129,,charging,charging,38.379,23.771,99.971,1.0,0.0,0.0,0.0,191.408,2.8643,4.7078
1936.0,run_20260920_140129,,charging,charging,38.403,23.768,99.971,1.0,0.0,0.0,0.0,191.408,2.8643,4.7131
1937.0,run_20260920_140129,,charging,charging,38.427,23.765,99.971,1.0,0.0,0.0,0.0,191.408,2.8643,4.7183
1938.0,run_20260920_140129,,charging,charging,38.451,23.763,99.971,1.0,0.0,0.0,0.0,191.408,2.8643,4.7236
1939.0,run_20260920_140129,,charging,charging,38.475,23.76,99.971,1.0,0.0,0.0,0.0,191.408,2.8643,4.7289
1940.0,run_20260920_140129,,charging,charging,38.499,23.757,99.971,1.0,0.0,0.0,0.0,191.408,2.8643,4.7342
1941.0,run_20260920_140129,,charging,charging,38.523,23.754,99.971,1.0,0.0,0.0,0.0,191.408,2.8643,4.7394
1942.0,run_20260920_140129,,charging,charging,38.547,23.751,99.971,1.0,0.0,0.0,0.0,191.408,2.8643,4.7447
1943.0,run_20260920_140129,,charging,charging,38.571,23.748,99.971,1.0,0.0,0.0,0.0,191.408,2.8643,4.75
1944.0,run_20260920_140129,,charging,charging,38.595,23.745,99.971,1.0,0.0,0.0,0.0,191.408,2.8643,4.7553
1945.0,run_20260920_140129,,charging,charging,38.619,23.742,99.971,1.0,0.0,0.0,0.0,191.408,2.8643,4.7606
1946.0,run_20260920_140129,,charging,charging,38.643,23.739,99.971,1.0,0.0,0.0,0.0,191.408,2.8643,4.7658
1947.0,run_20260920_140129,,charging,charging,38.667,23.737,99.971,1.0,0.0,0.0,0.0,191.408,2.8643,4.7711
1948.0,run_20260920_140129,,charging,charging,38.691,23.734,99.971,1.0,0.0,0.0,0.0,191.408,2.8643,4.7764
1949.0,run_20260920_140129,,charging,charging,38.715,23.731,99.971,1.0,0.0,0.0,0.0,191.408,2.8643,4.7817
1950.0,run_20260920_140129,,charging,charging,38.739,23.728,99.971,1.0,0.0,0.0,0.0,191.408,2.8643,4.7869
1951.0,run_20260920_140129,,charging,charging,38.763,23.725,99.971,1.0,0.0,0.0,0.0,191.408,2.8643,4.7922
1952.0,run_20260920_140129,,charging,charging,38.787,23.722,99.971,1.0,0.0,0.0,0.0,191.408,2.8643,4.7975
1953.0,run_20260920_140129,,charging,charging,38.811,23.719,99.971,1.0,0.0,0.0,0.0,191.408,2.8643,4.8028
1954.0,run_20260920_140129,,charging,charging,38.835,23.717,99.971,1.0,0.0,0.0,0.0,191.408,2.8643,4.8081
1955.0,run_20260920_140129,,charging,charging,38.859,23.714,99.971,1.0,0.0,0.0,0.0,191.408,2.8643,4.8133
1956.0,run_20260920_140129,,charging,charging,38.883,23.711,99.971,1.0,0.0,0.0,0.0,191.408,2.8643,4.8186
1957.0,run_20260920_140129,,charging,charging,38.907,23.708,99.971,1.0,0.0,0.0,0.0,191.408,2.8643,4.8239
1958.0,run_20260920_140129,,charging,charging,38.931,23.705,99.971,1.0,0.0,0.0,0.0,191.408,2.8643,4.8292
1959.0,run_20260920_140129,,charging,charging,38.955,23.702,99.971,1.0,0.0,0.0,0.0,191.408,2.8643,4.8344
1960.0,run_20260920_140129,,charging,charging,38.979,23.7,99.971,1.0,0.0,0.0,0.0,191.408,2.8643,4.8397
1961.0,run_20260920_140129,,charging,charging,39.003,23.697,99.971,1.0,0.0,0.0,0.0,191.408,2.8643,4.845
1962.0,run_20260920_140129,,charging,charging,39.027,23.694,99.971,1.0,0.0,0.0,0.0,191.408,2.8643,4.8503
1963.0,run_20260920_140129,,charging,charging,39.051,23.691,99.971,1.0,0.0,0.0,0.0,191.408,2.8643,4.8556
1964.0,run_20260920_140129,,charging,charging,39.075,23.688,99.971,1.0,0.0,0.0,0.0,191.408,2.8643,4.8608
1965.0,run_20260920_140129,,charging,charging,39.099,23.686,99.971,1.0,0.0,0.0,0.0,191.408,2.8643,4.8661
1966.0,run_20260920_140129,,charging,charging,39.123,23.683,99.971,1.0,0.0,0.0,0.0,191.408,2.8643,4.8714
1967.0,run_20260920_140129,,charging,charging,39.147,23.68,99.971,1.0,0.0,0.0,0.0,191.408,2.8643,4.8767
1968.0,run_20260920_140129,,charging,charging,39.171,23.677,99.971,1.0,0.0,0.0,0.0,191.408,2.8643,4.8819
1969.0,run_20260920_140129,,charging,charging,39.195,23.675,99.971,1.0,0.0,0.0,0.0,191.408,2.8643,4.8872
1970.0,run_20260920_140129,,charging,charging,39.219,23.672,99.971,1.0,0.0,0.0,0.0,191.408,2.8643,4.8925
1971.0,run_20260920_140129,,charging,charging,39.243,23.669,99.971,1.0,0.0,0.0,0.0,191.408,2.8643,4.8978
1972.0,run_20260920_140129,,charging,charging,39.267,23.666,99.971,1.0,0.0,0.0,0.0,191.408,2.8643,4.9031
1973.0,run_20260920_140129,,charging,charging,39.291,23.664,99.971,1.0,0.0,0.0,0.0,191.408,2.8643,4.9083
1974.0,run_20260920_140129,,charging,charging,39.315,23.661,99.971,1.0,0.0,0.0,0.0,191.408,2.8643,4.9136
1975.0,run_20260920_140129,,charging,charging,39.339,23.658,99.971,1.0,0.0,0.0,0.0,191.408,2.8643,4.9189
1976.0,run_20260920_140129,,charging,charging,39.363,23.655,99.971,1.0,0.0,0.0,0.0,191.408,2.8643,4.9242
1977.0,run_20260920_140129,,charging,charging,39.387,23.653,99.971,1.0,0.0,0.0,0.0,191.408,2.8643,4.9294
1978.0,run_20260920_140129,,charging,charging,39.411,23.65,99.971,1.0,0.0,0.0,0.0,191.408,2.8643,4.9347
1979.0,run_20260920_140129,,charging,charging,39.435,23.647,99.971,1.0,0.0,0.0,0.0,191.408,2.8643,4.94
1980.0,run_20260920_140129,,charging,charging,39.459,23.644,99.971,1.0,0.0,0.0,0.0,191.408,2.8643,4.9453
1981.0,run_20260920_140129,,charging,charging,39.483,23.642,99.971,1.0,0.0,0.0,0.0,191.408,2.8643,4.9506
1982.0,run_20260920_140129,,charging,charging,39.507,23.639,99.971,1.0,0.0,0.0,0.0,191.408,2.8643,4.9558
1983.0,run_20260920_140129,,charging,charging,39.531,23.636,99.971,1.0,0.0,0.0,0.0,191.408,2.8643,4.9611
1984.0,run_20260920_140129,,charging,charging,39.555,23.634,99.971,1.0,0.0,0.0,0.0,191.408,2.8643,4.9664
1985.0,run_20260920_140129,,charging,charging,39.579,23.631,99.971,1.0,0.0,0.0,0.0,191.408,2.8643,4.9717
1986.0,run_20260920_140129,,charging,charging,39.603,23.628,99.971,1.0,0.0,0.0,0.0,191.408,2.8643,4.9769
1987.0,run_20260920_140129,,charging,charging,39.627,23.626,99.971,1.0,0.0,0.0,0.0,191.408,2.8643,4.9822
1988.0,run_20260920_140129,,charging,charging,39.651,23.623,99.971,1.0,0.0,0.0,0.0,191.408,2.8643,4.9875
1989.0,run_20260920_140129,,charging,charging,39.675,23.62,99.971,1.0,0.0,0.0,0.0,191.408,2.8643,4.9928
1990.0,run_20260920_140129,,charging,charging,39.699,23.617,99.971,1.0,0.0,0.0,0.0,191.408,2.8643,4.9981
1991.0,run_20260920_140129,,charging,charging,39.723,23.615,99.971,1.0,0.0,0.0,0.0,191.408,2.8643,5.0033
1992.0,run_20260920_140129,,charging,charging,39.747,23.612,99.971,1.0,0.0,0.0,0.0,191.408,2.8643,5.0086
1993.0,run_20260920_140129,,charging,charging,39.771,23.609,99.971,1.0,0.0,0.0,0.0,191.408,2.8643,5.0139
1994.0,run_20260920_140129,,charging,charging,39.795,23.607,99.971,1.0,0.0,0.0,0.0,191.408,2.8643,5.0192
1995.0,run_20260920_140129,,charging,charging,39.819,23.604,99.971,1.0,0.0,0.0,0.0,191.408,2.8643,5.0244
1996.0,run_20260920_140129,,charging,charging,39.843,23.602,99.971,1.0,0.0,0.0,0.0,191.408,2.8643,5.0297
1997.0,run_20260920_140129,,charging,charging,39.867,23.599,99.971,1.0,0.0,0.0,0.0,191.408,2.8643,5.035
1998.0,run_20260920_140129,,charging,charging,39.891,23.596,99.971,1.0,0.0,0.0,0.0,191.408,2.8643,5.0403
1999.0,run_20260920_140129,,charging,charging,39.915,23.594,99.971,1.0,0.0,0.0,0.0,191.408,2.8643,5.0456
2000.0,run_20260920_140129,,charging,charging,39.939,23.591,99.971,1.0,0.0,0.0,0.0,191.408,2.8643,5.0508
2001.0,run_20260920_140129,,charging,charging,39.963,23.588,99.971,1.0,0.0,0.0,0.0,191.408,2.8643,5.0561
2002.0,run_20260920_140129,,charging,charging,39.987,23.586,99.971,1.0,0.0,0.0,0.0,191.408,2.8643,5.0614
2003.0,run_20260920_140129,,charging,charging,40.011,23.583,99.971,1.0,0.0,0.0,0.0,191.408,2.8643,5.0667
2004.0,run_20260920_140129,,waiting,waiting,40.003,23.581,99.971,1.0,0.0,0.0,0.0,191.408,2.866,5.0667
2005.0,run_20260920_140129,,waiting,waiting,39.996,23.58,99.971,1.0,0.0,0.0,0.0,191.408,2.8676,5.0667
2006.0,run_20260920_140129,,waiting,waiting,39.988,23.578,99.971,1.0,0.0,0.0,0.0,191.408,2.8693,5.0667
2007.0,run_20260920_140129,,waiting,waiting,39.98,23.576,99.971,1.0,0.0,0.0,0.0,191.408,2.871,5.0667
2008.0,run_20260920_140129,,waiting,waiting,39.973,23.574,99.971,1.0,0.0,0.0,0.0,191.408,2.8726,5.0667
2009.0,run_20260920_140129,,waiting,waiting,39.965,23.573,99.971,1.0,0.0,0.0,0.0,191.408,2.8743,5.0667
