ts,run_id,order_id,activity,state,battery_percent,temperature_c,condition_percent,payload_kg,motor_load,speed,distance_delta_m,cumulative_distance_m,cumulative_energy_wh,cumulative_charged_wh
3.216,run_20260920_113337,,idle,idle,29.998,22.0,100.0,0.0,0.0,0.0,0.0,0.0,0.0005,0.0
4.0,run_20260920_113337,,idle,idle,29.992,22.0,100.0,0.0,0.0,0.0,0.0,0.0,0.0018,0.0
5.0,run_20260920_113337,,idle,idle,29.984,22.0,100.0,0.0,0.0,0.0,0.0,0.0,0.0034,0.0
6.0,run_20260920_113337,,idle,idle,29.977,22.0,100.0,0.0,0.0,0.0,0.0,0.0,0.0051,0.0
7.0,run_20260920_113337,,idle,idle,29.969,22.0,100.0,0.0,0.0,0.0,0.0,0.0,0.0068,0.0
8.0,run_20260920_113337,,idle,idle,29.962,22.0,100.0,0.0,0.0,0.0,0.0,0.0,0.0084,0.0
9.0,run_20260920_113337,,idle,idle,29.954,22.0,100.0,0.0,0.0,0.0,0.0,0.0,0.0101,0.0
10.0,run_20260920_113337,,idle,idle,29.946,22.0,100.0,0.0,0.0,0.0,0.0,0.0,0.0118,0.0
11.0,run_20260920_113337,,idle,idle,29.939,22.0,100.0,0.0,0.0,0.0,0.0,0.0,0.0134,0.0
12.0,run_20260920_113337,,waiting,waiting,29.931,22.0,100.0,0.0,0.0,0.0,0.0,0.0,0.0151,0.0
13.0,run_20260920_113337,,waiting,waiting,29.924,22.0,100.0,0.0,0.0,0.0,0.0,0.0,0.0168,0.0
14.0,run_20260920_113337,,driving,driving,29.916,22.006,100.0,0.0,0.161,0.09,0.0089,0.009,0.0185,0.0
15.0,run_20260920_113337,,driving,driving,29.9,22.037,100.0,0.0,0.842,0.469,0.349,0.358,0.0219,0.0
16.0,run_20260920_113337,,driving,driving,29.882,22.07,100.0,0.0,0.886,0.494,0.4805,0.838,0.026,0.0
17.0,run_20260920_113337,,driving,driving,29.863,22.103,100.0,0.0,0.896,0.499,0.4986,1.337,0.0301,0.0
18.0,run_20260920_113337,,driving,driving,29.844,22.136,100.0,0.0,0.896,0.499,0.4825,1.82,0.0342,0.0
19.0,run_20260920_113337,,driving,driving,29.826,22.169,100.0,0.0,0.891,0.496,0.4987,2.318,0.0384,0.0
20.0,run_20260920_113337,,driving,driving,29.807,22.201,100.0,0.0,0.889,0.495,0.4985,2.817,0.0425,0.0
21.0,run_20260920_113337,,driving,driving,29.788,22.234,100.0,0.0,0.895,0.498,0.4913,3.308,0.0467,0.0
22.0,run_20260920_113337,,driving,driving,29.77,22.261,99.999,0.0,0.714,0.398,0.4544,3.762,0.0506,0.0
23.0,run_20260920_113337,,driving,driving,29.752,22.293,99.999,0.0,0.897,0.5,0.4432,4.206,0.0545,0.0
24.0,run_20260920_113337,,driving,driving,29.734,22.326,99.999,0.0,0.897,0.5,0.4908,4.697,0.0586,0.0
25.0,run_20260920_113337,,driving,driving,29.715,22.359,99.999,0.0,0.883,0.492,0.4947,5.191,0.0627,0.0
26.0,run_20260920_113337,,driving,driving,29.696,22.391,99.999,0.0,0.895,0.498,0.4988,5.69,0.0669,0.0
27.0,run_20260920_113337,,driving,driving,29.678,22.423,99.999,0.0,0.859,0.478,0.4666,6.157,0.0709,0.0
28.0,run_20260920_113337,,driving,driving,29.659,22.455,99.999,0.0,0.893,0.497,0.5002,6.657,0.0751,0.0
29.0,run_20260920_113337,,driving,driving,29.64,22.488,99.999,0.0,0.897,0.5,0.5018,7.159,0.0792,0.0
30.0,run_20260920_113337,,driving,driving,29.621,22.521,99.999,0.0,0.897,0.5,0.5035,7.662,0.0834,0.0
31.0,run_20260920_113337,,driving,driving,29.602,22.553,99.999,0.0,0.897,0.5,0.5037,8.166,0.0876,0.0
32.0,run_20260920_113337,,driving,driving,29.583,22.586,99.999,0.0,0.897,0.5,0.4856,8.651,0.0917,0.0
33.0,run_20260920_113337,,driving,driving,29.564,22.618,99.999,0.0,0.897,0.5,0.5029,9.154,0.0959,0.0
34.0,run_20260920_113337,,driving,driving,29.545,22.65,99.999,0.0,0.883,0.492,0.5012,9.656,0.1001,0.0
35.0,run_20260920_113337,,driving,driving,29.526,22.683,99.999,0.0,0.896,0.499,0.5023,10.158,0.1042,0.0
36.0,run_20260920_113337,,driving,driving,29.508,22.715,99.999,0.0,0.897,0.5,0.4819,10.64,0.1083,0.0
37.0,run_20260920_113337,,driving,driving,29.489,22.747,99.999,0.0,0.894,0.498,0.5036,11.143,0.1125,0.0
38.0,run_20260920_113337,,driving,driving,29.47,22.779,99.999,0.0,0.881,0.491,0.5024,11.646,0.1167,0.0
39.0,run_20260920_113337,,driving,driving,29.451,22.811,99.999,0.0,0.892,0.497,0.5011,12.147,0.1208,0.0
40.0,run_20260920_113337,,driving,driving,29.432,22.843,99.999,0.0,0.879,0.489,0.4997,12.646,0.125,0.0
41.0,run_20260920_113337,,driving,driving,29.413,22.875,99.999,0.0,0.888,0.495,0.4798,13.126,0.1291,0.0
42.0,run_20260920_113337,,driving,driving,29.394,22.906,99.999,0.0,0.878,0.489,0.5005,13.627,0.1332,0.0
43.0,run_20260920_113337,,driving,driving,29.375,22.939,99.999,0.0,0.896,0.499,0.5001,14.127,0.1374,0.0
44.0,run_20260920_113337,,driving,driving,29.357,22.968,99.999,0.0,0.82,0.457,0.489,14.616,0.1415,0.0
45.0,run_20260920_113337,,driving,driving,29.341,22.982,99.999,0.0,0.415,0.231,0.3478,14.964,0.1449,0.0
46.0,run_20260920_113337,,loading,loading,29.334,22.981,99.999,0.0,0.0,0.0,0.0052,14.969,0.1466,0.0
47.0,run_20260920_113337,,loading,loading,29.326,22.98,99.999,0.0,0.0,0.0,0.0,14.969,0.1483,0.0
48.0,run_20260920_113337,,loading,loading,29.318,22.979,99.999,0.0,0.0,0.0,0.0,14.969,0.15,0.0
49.0,run_20260920_113337,,loading,loading,29.311,22.978,99.998,0.0,0.0,0.0,0.0,14.969,0.1516,0.0
50.0,run_20260920_113337,,loading,loading,29.303,22.977,99.998,0.0,0.0,0.0,0.0,14.969,0.1533,0.0
51.0,run_20260920_113337,,loading,loading,29.296,22.976,99.998,0.0,0.0,0.0,0.0,14.969,0.155,0.0
52.0,run_20260920_113337,,loading,loading,29.288,22.975,99.998,0.0,0.0,0.0,0.0,14.969,0.1566,0.0
53.0,run_20260920_113337,,loading,loading,29.28,22.974,99.998,0.0,0.0,0.0,0.0,14.969,0.1583,0.0
54.0,run_20260920_113337,,loading,loading,29.273,22.973,99.998,0.0,0.0,0.0,0.0,14.969,0.16,0.0
55.0,run_20260920_113337,,loading,loading,29.265,22.972,99.998,0.0,0.0,0.0,0.0,14.969,0.1616,0.0
56.0,run_20260920_113337,,loading,loading,29.258,22.97,99.998,0.0,0.0,0.0,0.0,14.969,0.1633,0.0
57.0,run_20260920_113337,,loading,loading,29.25,22.969,99.998,0.0,0.0,0.0,0.0,14.969,0.165,0.0
58.0,run_20260920_113337,,loading,loading,29.243,22.968,99.998,0.0,0.0,0.0,0.0,14.969,0.1666,0.0
59.0,run_20260920_113337,,loading,loading,29.235,22.967,99.998,0.0,0.0,0.0,0.0,14.969,0.1683,0.0
60.0,run_20260920_113337,,loading,loading,29.227,22.966,99.998,0.0,0.0,0.0,0.0,14.969,0.17,0.0
61.0,run_20260920_113337,,loading,loading,29.22,22.965,99.998,0.0,0.0,0.0,0.0,14.969,0.1716,0.0
62.0,run_20260920_113337,,loading,loading,29.212,22.964,99.998,0.0,0.0,0.0,0.0,14.969,0.1733,0.0
63.0,run_20260920_113337,,loading,loading,29.205,22.963,99.998,0.0,0.0,0.0,0.0,14.969,0.175,0.0
64.0,run_20260920_113337,,loading,loading,29.197,22.962,99.998,0.0,0.0,0.0,0.0,14.969,0.1766,0.0
65.0,run_20260920_113337,,loading,loading,29.19,22.961,99.998,0.0,0.0,0.0,0.0,14.969,0.1783,0.0
66.0,run_20260920_113337,,loading,loading,29.182,22.96,99.998,0.0,0.0,0.0,0.0,14.969,0.18,0.0
67.0,run_20260920_113337,,loading,loading,29.174,22.959,99.998,0.0,0.0,0.0,0.0,14.969,0.1816,0.0
68.0,run_20260920_113337,,loading,loading,29.167,22.958,99.998,0.0,0.0,0.0,0.0,14.969,0.1833,0.0
69.0,run_20260920_113337,,loading,loading,29.159,22.957,99.998,0.0,0.0,0.0,0.0,14.969,0.185,0.0
70.0,run_20260920_113337,,loading,loading,29.152,22.956,99.998,0.0,0.0,0.0,0.0,14.969,0.1866,0.0
71.0,run_20260920_113337,,loading,loading,29.144,22.955,99.998,0.0,0.0,0.0,0.0,14.969,0.1883,0.0
72.0,run_20260920_113337,,loading,loading,29.137,22.954,99.998,0.0,0.0,0.0,0.0,14.969,0.19,0.0
73.0,run_20260920_113337,,loading,loading,29.129,22.952,99.998,0.0,0.0,0.0,0.0,14.969,0.1916,0.0
74.0,run_20260920_113337,,loading,loading,29.121,22.951,99.998,0.0,0.0,0.0,0.0,14.969,0.1933,0.0
75.0,run_20260920_113337,,loading,loading,29.114,22.95,99.998,0.0,0.0,0.0,0.0,14.969,0.195,0.0
76.0,run_20260920_113337,,waiting,waiting,29.106,22.949,99.998,2.0,0.0,0.0,0.0,14.969,0.1966,0.0
77.0,run_20260920_113337,,driving,driving,29.098,22.957,99.998,2.0,0.221,0.123,0.0201,14.989,0.1984,0.0
78.0,run_20260920_113337,,driving,driving,29.084,22.969,99.998,2.0,0.324,0.181,0.2031,15.192,0.2016,0.0
79.0,run_20260920_113337,,driving,driving,29.074,22.971,99.998,2.0,0.058,0.033,0.0609,15.253,0.2037,0.0
80.0,run_20260920_113337,,driving,driving,29.064,22.991,99.998,2.0,0.52,0.29,0.0815,15.334,0.206,0.0
81.0,run_20260920_113337,,driving,driving,29.041,23.026,99.998,2.0,0.894,0.498,0.4567,15.791,0.211,0.0
82.0,run_20260920_113337,,driving,driving,29.017,23.062,99.998,2.0,0.897,0.5,0.5036,16.295,0.2163,0.0
83.0,run_20260920_113337,,driving,driving,28.992,23.097,99.998,2.0,0.896,0.499,0.5033,16.798,0.2217,0.0
84.0,run_20260920_113337,,driving,driving,28.968,23.132,99.998,2.0,0.895,0.498,0.4962,17.294,0.227,0.0
85.0,run_20260920_113337,,driving,driving,28.944,23.167,99.998,2.0,0.886,0.494,0.5007,17.795,0.2323,0.0
86.0,run_20260920_113337,,driving,driving,28.921,23.2,99.998,2.0,0.851,0.474,0.4756,18.271,0.2375,0.0
87.0,run_20260920_113337,,driving,driving,28.897,23.235,99.998,2.0,0.884,0.492,0.4809,18.752,0.2426,0.0
88.0,run_20260920_113337,,driving,driving,28.873,23.269,99.998,2.0,0.877,0.488,0.4947,19.246,0.2479,0.0
89.0,run_20260920_113337,,driving,driving,28.849,23.304,99.997,2.0,0.888,0.494,0.5014,19.748,0.2533,0.0
90.0,run_20260920_113337,,driving,driving,28.825,23.338,99.997,2.0,0.866,0.482,0.4732,20.221,0.2584,0.0
91.0,run_20260920_113337,,driving,driving,28.801,23.373,99.997,2.0,0.893,0.497,0.4983,20.719,0.2637,0.0
92.0,run_20260920_113337,,driving,driving,28.777,23.408,99.997,2.0,0.897,0.5,0.497,21.216,0.269,0.0
93.0,run_20260920_113337,,driving,driving,28.753,23.442,99.997,2.0,0.896,0.499,0.4981,21.714,0.2743,0.0
94.0,run_20260920_113337,,driving,driving,28.729,23.476,99.997,2.0,0.874,0.487,0.4991,22.213,0.2797,0.0
95.0,run_20260920_113337,,driving,driving,28.705,23.511,99.997,2.0,0.88,0.49,0.4744,22.688,0.2848,0.0
96.0,run_20260920_113337,,driving,driving,28.681,23.545,99.997,2.0,0.894,0.498,0.4931,23.181,0.2901,0.0
97.0,run_20260920_113337,,driving,driving,28.657,23.58,99.997,2.0,0.89,0.496,0.4941,23.675,0.2954,0.0
98.0,run_20260920_113337,,driving,driving,28.633,23.615,99.997,2.0,0.896,0.499,0.503,24.178,0.3007,0.0
99.0,run_20260920_113337,,driving,driving,28.611,23.641,99.997,2.0,0.699,0.389,0.4458,24.624,0.3056,0.0
100.0,run_20260920_113337,,driving,driving,28.592,23.655,99.997,2.0,0.369,0.205,0.3274,24.951,0.3097,0.0
101.0,run_20260920_113337,,driving,driving,28.582,23.655,99.997,2.0,0.051,0.029,0.0717,25.023,0.3119,0.0
102.0,run_20260920_113337,,unloading,unloading,28.574,23.653,99.997,2.0,0.0,0.0,0.0183,25.041,0.3137,0.0
103.0,run_20260920_113337,,unloading,unloading,28.567,23.651,99.997,2.0,0.0,0.0,0.0,25.041,0.3154,0.0
104.0,run_20260920_113337,,unloading,unloading,28.559,23.649,99.997,2.0,0.0,0.0,0.0,25.041,0.317,0.0
105.0,run_20260920_113337,,unloading,unloading,28.551,23.648,99.997,2.0,0.0,0.0,0.0,25.041,0.3187,0.0
106.0,run_20260920_113337,,unloading,unloading,28.544,23.646,99.997,2.0,0.0,0.0,0.0,25.041,0.3204,0.0
107.0,run_20260920_113337,,unloading,unloading,28.536,23.644,99.997,2.0,0.0,0.0,0.0,25.041,0.322,0.0
108.0,run_20260920_113337,,unloading,unloading,28.529,23.642,99.997,2.0,0.0,0.0,0.0,25.041,0.3237,0.0
109.0,run_20260920_113337,,unloading,unloading,28.521,23.64,99.997,2.0,0.0,0.0,0.0,25.041,0.3254,0.0
110.0,run_20260920_113337,,unloading,unloading,28.514,23.638,99.997,2.0,0.0,0.0,0.0,25.041,0.327,0.0
111.0,run_20260920_113337,,unloading,unloading,28.506,23.637,99.997,2.0,0.0,0.0,0.0,25.041,0.3287,0.0
112.0,run_20260920_113337,,unloading,unloading,28.498,23.635,99.997,2.0,0.0,0.0,0.0,25.041,0.3304,0.0
113.0,run_20260920_113337,,unloading,unloading,28.491,23.633,99.997,2.0,0.0,0.0,0.0,25.041,0.332,0.0
114.0,run_20260920_113337,,unloading,unloading,28.483,23.631,99.997,2.0,0.0,0.0,0.0,25.041,0.3337,0.0
115.0,run_20260920_113337,,unloading,unloading,28.476,23.629,99.997,2.0,0.0,0.0,0.0,25.041,0.3354,0.0
116.0,run_20260920_113337,,unloading,unloading,28.468,23.628,99.997,2.0,0.0,0.0,0.0,25.041,0.337,0.0
117.0,run_20260920_113337,,unloading,unloading,28.461,23.626,99.997,2.0,0.0,0.0,0.0,25.041,0.3387,0.0
118.0,run_20260920_113337,,unloading,unloading,28.453,23.624,99.997,2.0,0.0,0.0,0.0,25.041,0.3404,0.0
119.0,run_20260920_113337,,unloading,unloading,28.445,23.622,99.997,2.0,0.0,0.0,0.0,25.041,0.342,0.0
120.0,run_20260920_113337,,unloading,unloading,28.438,23.621,99.997,2.0,0.0,0.0,0.0,25.041,0.3437,0.0
121.0,run_20260920_113337,,unloading,unloading,28.43,23.619,99.997,2.0,0.0,0.0,0.0,25.041,0.3454,0.0
122.0,run_20260920_113337,,unloading,unloading,28.423,23.617,99.997,2.0,0.0,0.0,0.0,25.041,0.347,0.0
123.0,run_20260920_113337,,unloading,unloading,28.415,23.615,99.997,2.0,0.0,0.0,0.0,25.041,0.3487,0.0
124.004,run_20260920_113337,,unloading,unloading,28.407,23.613,99.996,2.0,0.0,0.0,0.0,25.041,0.3504,0.0
125.0,run_20260920_113337,,unloading,unloading,28.4,23.612,99.996,2.0,0.0,0.0,0.0,25.041,0.352,0.0
126.0,run_20260920_113337,,unloading,unloading,28.392,23.61,99.996,2.0,0.0,0.0,0.0,25.041,0.3537,0.0
127.0,run_20260920_113337,,unloading,unloading,28.385,23.608,99.996,2.0,0.0,0.0,0.0,25.041,0.3554,0.0
128.0,run_20260920_113337,,unloading,unloading,28.377,23.606,99.996,2.0,0.0,0.0,0.0,25.041,0.357,0.0
129.0,run_20260920_113337,,unloading,unloading,28.37,23.605,99.996,2.0,0.0,0.0,0.0,25.041,0.3587,0.0
130.0,run_20260920_113337,,unloading,unloading,28.362,23.603,99.996,2.0,0.0,0.0,0.0,25.041,0.3604,0.0
131.0,run_20260920_113337,,unloading,unloading,28.354,23.601,99.996,2.0,0.0,0.0,0.0,25.041,0.362,0.0
132.0,run_20260920_113337,,waiting,waiting,28.347,23.599,99.996,0.0,0.0,0.0,0.0,25.041,0.3637,0.0
133.0,run_20260920_113337,,waiting,waiting,28.339,23.598,99.996,0.0,0.0,0.0,0.0,25.041,0.3654,0.0
134.0,run_20260920_113337,,driving,driving,28.33,23.602,99.996,0.0,0.177,0.099,0.0733,25.115,0.3674,0.0
135.0,run_20260920_113337,,driving,driving,28.316,23.633,99.996,0.0,0.884,0.493,0.3004,25.415,0.3706,0.0
136.0,run_20260920_113337,,driving,driving,28.297,23.664,99.996,0.0,0.886,0.494,0.5005,25.915,0.3747,0.0
137.0,run_20260920_113337,,driving,driving,28.278,23.696,99.996,0.0,0.897,0.5,0.5028,26.418,0.3789,0.0
138.0,run_20260920_113337,,driving,driving,28.259,23.726,99.996,0.0,0.879,0.49,0.4948,26.913,0.383,0.0
139.0,run_20260920_113337,,driving,driving,28.24,23.757,99.996,0.0,0.889,0.495,0.5001,27.413,0.3872,0.0
140.0,run_20260920_113337,,driving,driving,28.221,23.788,99.996,0.0,0.894,0.498,0.4798,27.893,0.3913,0.0
141.004,run_20260920_113337,,driving,driving,28.203,23.819,99.996,0.0,0.889,0.495,0.4987,28.392,0.3954,0.0
142.0,run_20260920_113337,,driving,driving,28.184,23.851,99.996,0.0,0.897,0.5,0.4989,28.891,0.3996,0.0
143.0,run_20260920_113337,,driving,driving,28.165,23.882,99.996,0.0,0.894,0.498,0.5037,29.394,0.4038,0.0
144.0,run_20260920_113337,,driving,driving,28.146,23.912,99.996,0.0,0.89,0.496,0.4832,29.877,0.4079,0.0
145.0,run_20260920_113337,,driving,driving,28.128,23.94,99.996,0.0,0.812,0.452,0.4822,30.36,0.4119,0.0
146.0,run_20260920_113337,,driving,driving,28.109,23.97,99.996,0.0,0.861,0.48,0.4654,30.825,0.4159,0.0
147.0,run_20260920_113337,,driving,driving,28.091,24.001,99.996,0.0,0.886,0.494,0.4914,31.316,0.4201,0.0
148.0,run_20260920_113337,,driving,driving,28.072,24.032,99.996,0.0,0.897,0.5,0.4997,31.816,0.4242,0.0
149.0,run_20260920_113337,,driving,driving,28.053,24.062,99.996,0.0,0.893,0.497,0.479,32.295,0.4283,0.0
150.0,run_20260920_113337,,driving,driving,28.034,24.092,99.996,0.0,0.859,0.478,0.4922,32.787,0.4324,0.0
151.0,run_20260920_113337,,driving,driving,28.016,24.123,99.996,0.0,0.893,0.498,0.4932,33.28,0.4366,0.0
152.0,run_20260920_113337,,driving,driving,27.997,24.154,99.996,0.0,0.897,0.5,0.5029,33.783,0.4407,0.0
153.0,run_20260920_113337,,driving,driving,27.978,24.184,99.996,0.0,0.887,0.494,0.4834,34.267,0.4448,0.0
154.0,run_20260920_113337,,driving,driving,27.96,24.206,99.996,0.0,0.656,0.365,0.448,34.715,0.4487,0.0
155.0,run_20260920_113337,,driving,driving,27.948,24.203,99.995,0.0,0.0,0.0,0.1886,34.903,0.4513,0.0
156.0,run_20260920_113337,,loading,loading,27.941,24.201,99.995,0.0,0.0,0.0,0.0,34.903,0.453,0.0
157.0,run_20260920_113337,,loading,loading,27.933,24.199,99.995,0.0,0.0,0.0,0.0,34.903,0.4547,0.0
158.0,run_20260920_113337,,loading,loading,27.926,24.196,99.995,0.0,0.0,0.0,0.0,34.903,0.4563,0.0
159.0,run_20260920_113337,,loading,loading,27.918,24.194,99.995,0.0,0.0,0.0,0.0,34.903,0.458,0.0
160.0,run_20260920_113337,,loading,loading,27.911,24.191,99.995,0.0,0.0,0.0,0.0,34.903,0.4597,0.0
161.0,run_20260920_113337,,loading,loading,27.903,24.189,99.995,0.0,0.0,0.0,0.0,34.903,0.4613,0.0
162.0,run_20260920_113337,,loading,loading,27.895,24.187,99.995,0.0,0.0,0.0,0.0,34.903,0.463,0.0
163.0,run_20260920_113337,,loading,loading,27.888,24.184,99.995,0.0,0.0,0.0,0.0,34.903,0.4647,0.0
164.0,run_20260920_113337,,loading,loading,27.88,24.182,99.995,0.0,0.0,0.0,0.0,34.903,0.4663,0.0
165.0,run_20260920_113337,,loading,loading,27.873,24.179,99.995,0.0,0.0,0.0,0.0,34.903,0.468,0.0
166.0,run_20260920_113337,,loading,loading,27.865,24.177,99.995,0.0,0.0,0.0,0.0,34.903,0.4697,0.0
167.0,run_20260920_113337,,loading,loading,27.858,24.175,99.995,0.0,0.0,0.0,0.0,34.903,0.4713,0.0
168.0,run_20260920_113337,,loading,loading,27.85,24.172,99.995,0.0,0.0,0.0,0.0,34.903,0.473,0.0
169.0,run_20260920_113337,,loading,loading,27.842,24.17,99.995,0.0,0.0,0.0,0.0,34.903,0.4747,0.0
170.0,run_20260920_113337,,loading,loading,27.835,24.167,99.995,0.0,0.0,0.0,0.0,34.903,0.4763,0.0
171.0,run_20260920_113337,,loading,loading,27.827,24.165,99.995,0.0,0.0,0.0,0.0,34.903,0.478,0.0
172.0,run_20260920_113337,,loading,loading,27.82,24.163,99.995,0.0,0.0,0.0,0.0,34.903,0.4797,0.0
173.0,run_20260920_113337,,loading,loading,27.812,24.16,99.995,0.0,0.0,0.0,0.0,34.903,0.4813,0.0
174.0,run_20260920_113337,,loading,loading,27.805,24.158,99.995,0.0,0.0,0.0,0.0,34.903,0.483,0.0
175.0,run_20260920_113337,,loading,loading,27.797,24.156,99.995,0.0,0.0,0.0,0.0,34.903,0.4847,0.0
176.0,run_20260920_113337,,loading,loading,27.789,24.153,99.995,0.0,0.0,0.0,0.0,34.903,0.4863,0.0
177.0,run_20260920_113337,,loading,loading,27.782,24.151,99.995,0.0,0.0,0.0,0.0,34.903,0.488,0.0
178.0,run_20260920_113337,,loading,loading,27.774,24.148,99.995,0.0,0.0,0.0,0.0,34.903,0.4897,0.0
179.0,run_20260920_113337,,loading,loading,27.767,24.146,99.995,0.0,0.0,0.0,0.0,34.903,0.4913,0.0
180.0,run_20260920_113337,,loading,loading,27.759,24.144,99.995,0.0,0.0,0.0,0.0,34.903,0.493,0.0
181.0,run_20260920_113337,,loading,loading,27.752,24.141,99.995,0.0,0.0,0.0,0.0,34.903,0.4947,0.0
182.0,run_20260920_113337,,loading,loading,27.744,24.139,99.995,0.0,0.0,0.0,0.0,34.903,0.4963,0.0
183.0,run_20260920_113337,,loading,loading,27.736,24.137,99.995,0.0,0.0,0.0,0.0,34.903,0.498,0.0
184.0,run_20260920_113337,,loading,loading,27.729,24.134,99.995,0.0,0.0,0.0,0.0,34.903,0.4997,0.0
185.0,run_20260920_113337,,loading,loading,27.721,24.132,99.995,0.0,0.0,0.0,0.0,34.903,0.5013,0.0
186.0,run_20260920_113337,,waiting,waiting,27.714,24.13,99.995,2.0,0.0,0.0,0.0,34.903,0.503,0.0
187.0,run_20260920_113337,,driving,driving,27.704,24.142,99.995,2.0,0.37,0.206,0.0653,34.969,0.5051,0.0
188.0,run_20260920_113337,,driving,driving,27.69,24.152,99.995,2.0,0.284,0.158,0.2014,35.17,0.5083,0.0
189.0,run_20260920_113337,,driving,driving,27.68,24.15,99.995,2.0,0.019,0.01,0.0504,35.22,0.5103,0.0
190.0,run_20260920_113337,,driving,driving,27.669,24.17,99.995,2.0,0.548,0.305,0.1098,35.33,0.5128,0.0
191.0,run_20260920_113337,,driving,driving,27.646,24.204,99.995,2.0,0.889,0.495,0.4731,35.803,0.5179,0.0
192.0,run_20260920_113337,,driving,driving,27.622,24.238,99.995,2.0,0.897,0.5,0.5006,36.304,0.5233,0.0
193.0,run_20260920_113337,,driving,driving,27.597,24.272,99.995,2.0,0.897,0.5,0.5035,36.807,0.5286,0.0
194.0,run_20260920_113337,,driving,driving,27.574,24.304,99.995,2.0,0.863,0.481,0.4786,37.286,0.5338,0.0
195.0,run_20260920_113337,,driving,driving,27.55,24.338,99.995,2.0,0.89,0.496,0.4988,37.785,0.5391,0.0
196.0,run_20260920_113337,,driving,driving,27.526,24.372,99.995,2.0,0.888,0.495,0.4941,38.279,0.5444,0.0
197.0,run_20260920_113337,,driving,driving,27.502,24.405,99.995,2.0,0.875,0.488,0.4666,38.745,0.5495,0.0
198.0,run_20260920_113337,,driving,driving,27.479,24.438,99.994,2.0,0.895,0.498,0.4791,39.224,0.5546,0.0
199.0,run_20260920_113337,,driving,driving,27.455,24.471,99.994,2.0,0.874,0.487,0.4943,39.719,0.5599,0.0
200.0,run_20260920_113337,,driving,driving,27.431,24.505,99.994,2.0,0.897,0.5,0.4999,40.219,0.5652,0.0
201.0,run_20260920_113337,,driving,driving,27.406,24.539,99.994,2.0,0.897,0.5,0.5039,40.723,0.5706,0.0
202.0,run_20260920_113337,,driving,driving,27.382,24.573,99.994,2.0,0.897,0.5,0.5039,41.226,0.576,0.0
203.0,run_20260920_113337,,driving,driving,27.358,24.606,99.994,2.0,0.881,0.491,0.4805,41.707,0.5811,0.0
204.0,run_20260920_113337,,driving,driving,27.334,24.639,99.994,2.0,0.884,0.493,0.5021,42.209,0.5865,0.0
205.0,run_20260920_113337,,driving,driving,27.31,24.672,99.994,2.0,0.896,0.499,0.5033,42.712,0.5918,0.0
206.0,run_20260920_113337,,driving,driving,27.286,24.703,99.994,2.0,0.838,0.467,0.4899,43.202,0.5971,0.0
207.0,run_20260920_113337,,driving,driving,27.262,24.737,99.994,2.0,0.894,0.498,0.4838,43.686,0.6023,0.0
208.0,run_20260920_113337,,driving,driving,27.238,24.768,99.994,2.0,0.845,0.471,0.498,44.184,0.6076,0.0
209.0,run_20260920_113337,,driving,driving,27.218,24.788,99.994,2.0,0.547,0.305,0.3864,44.57,0.6121,0.0
210.0,run_20260920_113337,,driving,driving,27.204,24.786,99.994,2.0,0.048,0.027,0.1767,44.747,0.6151,0.0
211.0,run_20260920_113337,,driving,driving,27.195,24.783,99.994,2.0,0.0,0.0,0.0423,44.789,0.617,0.0
212.0,run_20260920_113337,,unloading,unloading,27.188,24.78,99.994,2.0,0.0,0.0,0.0,44.789,0.6187,0.0
213.0,run_20260920_113337,,unloading,unloading,27.18,24.777,99.994,2.0,0.0,0.0,0.0,44.789,0.6204,0.0
214.0,run_20260920_113337,,unloading,unloading,27.173,24.774,99.994,2.0,0.0,0.0,0.0,44.789,0.622,0.0
215.0,run_20260920_113337,,unloading,unloading,27.165,24.771,99.994,2.0,0.0,0.0,0.0,44.789,0.6237,0.0
216.0,run_20260920_113337,,unloading,unloading,27.157,24.768,99.994,2.0,0.0,0.0,0.0,44.789,0.6254,0.0
217.0,run_20260920_113337,,unloading,unloading,27.15,24.765,99.994,2.0,0.0,0.0,0.0,44.789,0.627,0.0
218.0,run_20260920_113337,,unloading,unloading,27.142,24.762,99.994,2.0,0.0,0.0,0.0,44.789,0.6287,0.0
219.0,run_20260920_113337,,unloading,unloading,27.135,24.759,99.994,2.0,0.0,0.0,0.0,44.789,0.6304,0.0
220.0,run_20260920_113337,,unloading,unloading,27.127,24.756,99.994,2.0,0.0,0.0,0.0,44.789,0.632,0.0
221.0,run_20260920_113337,,unloading,unloading,27.12,24.753,99.994,2.0,0.0,0.0,0.0,44.789,0.6337,0.0
222.0,run_20260920_113337,,unloading,unloading,27.112,24.75,99.994,2.0,0.0,0.0,0.0,44.789,0.6354,0.0
223.0,run_20260920_113337,,unloading,unloading,27.104,24.747,99.994,2.0,0.0,0.0,0.0,44.789,0.637,0.0
224.0,run_20260920_113337,,unloading,unloading,27.097,24.744,99.994,2.0,0.0,0.0,0.0,44.789,0.6387,0.0
225.0,run_20260920_113337,,unloading,unloading,27.089,24.741,99.994,2.0,0.0,0.0,0.0,44.789,0.6404,0.0
226.0,run_20260920_113337,,unloading,unloading,27.082,24.738,99.994,2.0,0.0,0.0,0.0,44.789,0.642,0.0
227.0,run_20260920_113337,,unloading,unloading,27.074,24.735,99.994,2.0,0.0,0.0,0.0,44.789,0.6437,0.0
228.0,run_20260920_113337,,unloading,unloading,27.067,24.732,99.994,2.0,0.0,0.0,0.0,44.789,0.6454,0.0
229.0,run_20260920_113337,,unloading,unloading,27.059,24.729,99.994,2.0,0.0,0.0,0.0,44.789,0.647,0.0
230.0,run_20260920_113337,,unloading,unloading,27.051,24.726,99.994,2.0,0.0,0.0,0.0,44.789,0.6487,0.0
231.0,run_20260920_113337,,unloading,unloading,27.044,24.723,99.993,2.0,0.0,0.0,0.0,44.789,0.6504,0.0
232.0,run_20260920_113337,,unloading,unloading,27.036,24.72,99.993,2.0,0.0,0.0,0.0,44.789,0.652,0.0
233.0,run_20260920_113337,,unloading,unloading,27.029,24.717,99.993,2.0,0.0,0.0,0.0,44.789,0.6537,0.0
234.0,run_20260920_113337,,unloading,unloading,27.021,24.714,99.993,2.0,0.0,0.0,0.0,44.789,0.6554,0.0
235.0,run_20260920_113337,,unloading,unloading,27.013,24.711,99.993,2.0,0.0,0.0,0.0,44.789,0.657,0.0
236.0,run_20260920_113337,,unloading,unloading,27.006,24.708,99.993,2.0,0.0,0.0,0.0,44.789,0.6587,0.0
237.0,run_20260920_113337,,unloading,unloading,26.998,24.705,99.993,2.0,0.0,0.0,0.0,44.789,0.6604,0.0
238.0,run_20260920_113337,,unloading,unloading,26.991,24.702,99.993,2.0,0.0,0.0,0.0,44.789,0.662,0.0
239.0,run_20260920_113337,,unloading,unloading,26.983,24.699,99.993,2.0,0.0,0.0,0.0,44.789,0.6637,0.0
240.0,run_20260920_113337,,unloading,unloading,26.976,24.696,99.993,2.0,0.0,0.0,0.0,44.789,0.6654,0.0
241.0,run_20260920_113337,,unloading,unloading,26.968,24.693,99.993,2.0,0.0,0.0,0.0,44.789,0.667,0.0
242.0,run_20260920_113337,,waiting,waiting,26.96,24.69,99.993,0.0,0.0,0.0,0.0,44.789,0.6687,0.0
243.0,run_20260920_113337,,driving,driving,26.952,24.693,99.993,0.0,0.166,0.093,0.02,44.809,0.6705,0.0
244.0,run_20260920_113337,,driving,driving,26.941,24.709,99.993,0.0,0.505,0.281,0.1697,44.979,0.673,0.0
245.0,run_20260920_113337,,driving,driving,26.924,24.739,99.993,0.0,0.888,0.495,0.4207,45.4,0.6768,0.0
246.0,run_20260920_113337,,driving,driving,26.905,24.769,99.993,0.0,0.89,0.496,0.4993,45.899,0.6809,0.0
247.0,run_20260920_113337,,driving,driving,26.886,24.798,99.993,0.0,0.883,0.492,0.5006,46.4,0.6851,0.0
248.0,run_20260920_113337,,driving,driving,26.867,24.828,99.993,0.0,0.896,0.499,0.4838,46.884,0.6892,0.0
249.0,run_20260920_113337,,driving,driving,26.848,24.858,99.993,0.0,0.896,0.499,0.5038,47.387,0.6934,0.0
250.0,run_20260920_113337,,driving,driving,26.829,24.888,99.993,0.0,0.897,0.5,0.5032,47.89,0.6975,0.0
251.0,run_20260920_113337,,driving,driving,26.81,24.918,99.993,0.0,0.894,0.498,0.5038,48.394,0.7017,0.0
252.0,run_20260920_113337,,driving,driving,26.791,24.948,99.993,0.0,0.897,0.5,0.5032,48.897,0.7059,0.0
253.0,run_20260920_113337,,driving,driving,26.773,24.978,99.993,0.0,0.893,0.498,0.4855,49.383,0.71,0.0
254.0,run_20260920_113337,,driving,driving,26.754,25.008,99.993,0.0,0.889,0.495,0.5012,49.884,0.7142,0.0
255.0,run_20260920_113337,,driving,driving,26.735,25.038,99.993,0.0,0.896,0.499,0.5026,50.387,0.7184,0.0
256.0,run_20260920_113337,,driving,driving,26.716,25.067,99.993,0.0,0.897,0.5,0.5021,50.889,0.7225,0.0
257.0,run_20260920_113337,,driving,driving,26.697,25.097,99.993,0.0,0.897,0.5,0.4848,51.374,0.7266,0.0
258.0,run_20260920_113337,,driving,driving,26.678,25.127,99.993,0.0,0.889,0.495,0.5017,51.875,0.7308,0.0
259.0,run_20260920_113337,,driving,driving,26.659,25.156,99.993,0.0,0.883,0.492,0.4941,52.37,0.7349,0.0
260.0,run_20260920_113337,,driving,driving,26.64,25.186,99.993,0.0,0.895,0.499,0.4977,52.867,0.7391,0.0
261.0,run_20260920_113337,,driving,driving,26.622,25.215,99.993,0.0,0.892,0.497,0.4825,53.35,0.7432,0.0
262.0,run_20260920_113337,,driving,driving,26.603,25.245,99.993,0.0,0.894,0.498,0.4992,53.849,0.7473,0.0
263.0,run_20260920_113337,,driving,driving,26.584,25.273,99.992,0.0,0.86,0.479,0.4951,54.344,0.7515,0.0
264.0,run_20260920_113337,,driving,driving,26.567,25.29,99.992,0.0,0.568,0.316,0.4067,54.751,0.7552,0.0
265.0,run_20260920_113337,,loading,loading,26.557,25.287,99.992,0.0,0.0,0.0,0.1191,54.87,0.7575,0.0
266.0,run_20260920_113337,,loading,loading,26.549,25.283,99.992,0.0,0.0,0.0,0.0,54.87,0.7591,0.0
267.0,run_20260920_113337,,loading,loading,26.542,25.28,99.992,0.0,0.0,0.0,0.0,54.87,0.7608,0.0
268.0,run_20260920_113337,,loading,loading,26.534,25.276,99.992,0.0,0.0,0.0,0.0,54.87,0.7625,0.0
269.0,run_20260920_113337,,loading,loading,26.527,25.272,99.992,0.0,0.0,0.0,0.0,54.87,0.7641,0.0
270.0,run_20260920_113337,,loading,loading,26.519,25.269,99.992,0.0,0.0,0.0,0.0,54.87,0.7658,0.0
271.0,run_20260920_113337,,loading,loading,26.512,25.265,99.992,0.0,0.0,0.0,0.0,54.87,0.7675,0.0
272.0,run_20260920_113337,,loading,loading,26.504,25.262,99.992,0.0,0.0,0.0,0.0,54.87,0.7691,0.0
273.0,run_20260920_113337,,loading,loading,26.496,25.258,99.992,0.0,0.0,0.0,0.0,54.87,0.7708,0.0
274.0,run_20260920_113337,,loading,loading,26.489,25.254,99.992,0.0,0.0,0.0,0.0,54.87,0.7725,0.0
275.0,run_20260920_113337,,loading,loading,26.481,25.251,99.992,0.0,0.0,0.0,0.0,54.87,0.7741,0.0
276.0,run_20260920_113337,,loading,loading,26.474,25.247,99.992,0.0,0.0,0.0,0.0,54.87,0.7758,0.0
277.0,run_20260920_113337,,loading,loading,26.466,25.244,99.992,0.0,0.0,0.0,0.0,54.87,0.7775,0.0
278.0,run_20260920_113337,,loading,loading,26.459,25.24,99.992,0.0,0.0,0.0,0.0,54.87,0.7791,0.0
279.0,run_20260920_113337,,loading,loading,26.451,25.236,99.992,0.0,0.0,0.0,0.0,54.87,0.7808,0.0
280.0,run_20260920_113337,,loading,loading,26.443,25.233,99.992,0.0,0.0,0.0,0.0,54.87,0.7825,0.0
281.0,run_20260920_113337,,loading,loading,26.436,25.229,99.992,0.0,0.0,0.0,0.0,54.87,0.7841,0.0
282.0,run_20260920_113337,,loading,loading,26.428,25.226,99.992,0.0,0.0,0.0,0.0,54.87,0.7858,0.0
283.0,run_20260920_113337,,loading,loading,26.421,25.222,99.992,0.0,0.0,0.0,0.0,54.87,0.7875,0.0
284.0,run_20260920_113337,,loading,loading,26.413,25.219,99.992,0.0,0.0,0.0,0.0,54.87,0.7891,0.0
285.0,run_20260920_113337,,loading,loading,26.406,25.215,99.992,0.0,0.0,0.0,0.0,54.87,0.7908,0.0
286.0,run_20260920_113337,,loading,loading,26.398,25.212,99.992,0.0,0.0,0.0,0.0,54.87,0.7925,0.0
287.0,run_20260920_113337,,loading,loading,26.39,25.208,99.992,0.0,0.0,0.0,0.0,54.87,0.7941,0.0
288.0,run_20260920_113337,,loading,loading,26.383,25.205,99.992,0.0,0.0,0.0,0.0,54.87,0.7958,0.0
289.0,run_20260920_113337,,loading,loading,26.375,25.201,99.992,0.0,0.0,0.0,0.0,54.87,0.7975,0.0
290.0,run_20260920_113337,,loading,loading,26.368,25.198,99.992,0.0,0.0,0.0,0.0,54.87,0.7991,0.0
291.0,run_20260920_113337,,loading,loading,26.36,25.194,99.992,0.0,0.0,0.0,0.0,54.87,0.8008,0.0
292.0,run_20260920_113337,,loading,loading,26.352,25.191,99.992,0.0,0.0,0.0,0.0,54.87,0.8025,0.0
293.0,run_20260920_113337,,loading,loading,26.345,25.187,99.992,0.0,0.0,0.0,0.0,54.87,0.8041,0.0
294.0,run_20260920_113337,,loading,loading,26.337,25.184,99.992,0.0,0.0,0.0,0.0,54.87,0.8058,0.0
295.0,run_20260920_113337,,waiting,waiting,26.33,25.18,99.992,0.800000011920929,0.0,0.0,0.0,54.87,0.8075,0.0
296.0,run_20260920_113337,,waiting,waiting,26.322,25.177,99.992,0.800000011920929,0.0,0.0,0.0,54.87,0.8091,0.0
297.0,run_20260920_113337,,driving,driving,26.311,25.187,99.992,0.800000011920929,0.372,0.208,0.1157,54.985,0.8115,0.0
298.0,run_20260920_113337,,driving,driving,26.301,25.185,99.992,0.800000011920929,0.029,0.016,0.1041,55.09,0.8138,0.0
299.0,run_20260920_113337,,driving,driving,26.292,25.191,99.992,0.800000011920929,0.255,0.142,0.049,55.139,0.8157,0.0
300.0,run_20260920_113337,,driving,driving,26.274,25.222,99.992,0.800000011920929,0.896,0.499,0.3993,55.538,0.8197,0.0
301.0,run_20260920_113337,,driving,driving,26.253,25.253,99.992,0.800000011920929,0.897,0.5,0.5034,56.041,0.8244,0.0
302.0,run_20260920_113337,,driving,driving,26.232,25.284,99.992,0.800000011920929,0.893,0.498,0.4855,56.527,0.8289,0.0
303.0,run_20260920_113337,,driving,driving,26.211,25.315,99.992,0.800000011920929,0.886,0.494,0.5006,57.027,0.8336,0.0
304.0,run_20260920_113337,,driving,driving,26.19,25.345,99.992,0.800000011920929,0.891,0.496,0.502,57.529,0.8382,0.0
305.0,run_20260920_113337,,driving,driving,26.169,25.371,99.992,0.800000011920929,0.767,0.427,0.4758,58.005,0.8427,0.0
306.0,run_20260920_113337,,driving,driving,26.15,25.399,99.992,0.800000011920929,0.812,0.452,0.4342,58.439,0.847,0.0
307.0,run_20260920_113337,,driving,driving,26.129,25.429,99.991,0.800000011920929,0.88,0.49,0.4891,58.928,0.8515,0.0
308.0,run_20260920_113337,,driving,driving,26.108,25.459,99.991,0.800000011920929,0.883,0.492,0.4938,59.422,0.8561,0.0
309.0,run_20260920_113337,,driving,driving,26.088,25.486,99.991,0.800000011920929,0.809,0.451,0.4847,59.907,0.8607,0.0
310.0,run_20260920_113337,,driving,driving,26.067,25.516,99.991,0.800000011920929,0.872,0.486,0.4906,60.398,0.8653,0.0
311.0,run_20260920_113337,,driving,driving,26.047,25.546,99.991,0.800000011920929,0.888,0.495,0.4757,60.873,0.8698,0.0
312.0,run_20260920_113337,,driving,driving,26.025,25.577,99.991,0.800000011920929,0.895,0.498,0.5016,61.375,0.8744,0.0
313.0,run_20260920_113337,,driving,driving,26.005,25.607,99.991,0.800000011920929,0.891,0.496,0.4946,61.869,0.879,0.0
314.0,run_20260920_113337,,driving,driving,25.983,25.637,99.991,0.800000011920929,0.875,0.487,0.5007,62.37,0.8837,0.0
315.0,run_20260920_113337,,driving,driving,25.963,25.666,99.991,0.800000011920929,0.853,0.475,0.4734,62.844,0.8881,0.0
316.0,run_20260920_113337,,driving,driving,25.942,25.695,99.991,0.800000011920929,0.881,0.491,0.4961,63.34,0.8927,0.0
317.0,run_20260920_113337,,driving,driving,25.921,25.726,99.991,0.800000011920929,0.897,0.5,0.4993,63.839,0.8974,0.0
318.0,run_20260920_113337,,driving,driving,25.9,25.755,99.991,0.800000011920929,0.862,0.48,0.5012,64.34,0.902,0.0
319.0,run_20260920_113337,,driving,driving,25.881,25.774,99.991,0.800000011920929,0.591,0.329,0.4075,64.748,0.9061,0.0
320.0,run_20260920_113337,,driving,driving,25.868,25.775,99.991,0.800000011920929,0.143,0.08,0.1997,64.947,0.909,0.0
321.0,run_20260920_113337,,driving,driving,25.86,25.775,99.991,0.800000011920929,0.115,0.064,0.0434,64.991,0.9109,0.0
322.0,run_20260920_113337,,unloading,unloading,25.852,25.771,99.991,0.800000011920929,0.0,0.0,0.001,64.992,0.9126,0.0
323.0,run_20260920_113337,,unloading,unloading,25.844,25.767,99.991,0.800000011920929,0.0,0.0,0.0,64.992,0.9142,0.0
324.0,run_20260920_113337,,unloading,unloading,25.837,25.763,99.991,0.800000011920929,0.0,0.0,0.0,64.992,0.9159,0.0
325.0,run_20260920_113337,,unloading,unloading,25.829,25.759,99.991,0.800000011920929,0.0,0.0,0.0,64.992,0.9176,0.0
326.0,run_20260920_113337,,unloading,unloading,25.822,25.754,99.991,0.800000011920929,0.0,0.0,0.0,64.992,0.9192,0.0
327.0,run_20260920_113337,,unloading,unloading,25.814,25.75,99.991,0.800000011920929,0.0,0.0,0.0,64.992,0.9209,0.0
328.0,run_20260920_113337,,unloading,unloading,25.807,25.746,99.991,0.800000011920929,0.0,0.0,0.0,64.992,0.9226,0.0
329.0,run_20260920_113337,,unloading,unloading,25.799,25.742,99.991,0.800000011920929,0.0,0.0,0.0,64.992,0.9242,0.0
330.0,run_20260920_113337,,unloading,unloading,25.791,25.738,99.991,0.800000011920929,0.0,0.0,0.0,64.992,0.9259,0.0
331.0,run_20260920_113337,,unloading,unloading,25.784,25.734,99.991,0.800000011920929,0.0,0.0,0.0,64.992,0.9276,0.0
332.0,run_20260920_113337,,unloading,unloading,25.776,25.73,99.991,0.800000011920929,0.0,0.0,0.0,64.992,0.9292,0.0
333.0,run_20260920_113337,,unloading,unloading,25.769,25.726,99.991,0.800000011920929,0.0,0.0,0.0,64.992,0.9309,0.0
334.0,run_20260920_113337,,unloading,unloading,25.761,25.722,99.991,0.800000011920929,0.0,0.0,0.0,64.992,0.9326,0.0
335.0,run_20260920_113337,,unloading,unloading,25.753,25.717,99.991,0.800000011920929,0.0,0.0,0.0,64.992,0.9342,0.0
336.0,run_20260920_113337,,unloading,unloading,25.746,25.713,99.991,0.800000011920929,0.0,0.0,0.0,64.992,0.9359,0.0
337.0,run_20260920_113337,,unloading,unloading,25.738,25.709,99.991,0.800000011920929,0.0,0.0,0.0,64.992,0.9376,0.0
338.0,run_20260920_113337,,unloading,unloading,25.731,25.705,99.991,0.800000011920929,0.0,0.0,0.0,64.992,0.9392,0.0
339.0,run_20260920_113337,,unloading,unloading,25.723,25.701,99.991,0.800000011920929,0.0,0.0,0.0,64.992,0.9409,0.0
340.0,run_20260920_113337,,unloading,unloading,25.716,25.697,99.991,0.800000011920929,0.0,0.0,0.0,64.992,0.9426,0.0
341.0,run_20260920_113337,,unloading,unloading,25.708,25.693,99.991,0.800000011920929,0.0,0.0,0.0,64.992,0.9442,0.0
342.0,run_20260920_113337,,unloading,unloading,25.7,25.689,99.991,0.800000011920929,0.0,0.0,0.0,64.992,0.9459,0.0
343.0,run_20260920_113337,,unloading,unloading,25.693,25.685,99.991,0.800000011920929,0.0,0.0,0.0,64.992,0.9476,0.0
344.0,run_20260920_113337,,unloading,unloading,25.685,25.681,99.991,0.800000011920929,0.0,0.0,0.0,64.992,0.9492,0.0
345.0,run_20260920_113337,,unloading,unloading,25.678,25.677,99.99,0.800000011920929,0.0,0.0,0.0,64.992,0.9509,0.0
346.0,run_20260920_113337,,unloading,unloading,25.67,25.673,99.99,0.800000011920929,0.0,0.0,0.0,64.992,0.9526,0.0
347.0,run_20260920_113337,,unloading,unloading,25.663,25.669,99.99,0.800000011920929,0.0,0.0,0.0,64.992,0.9542,0.0
348.0,run_20260920_113337,,unloading,unloading,25.655,25.665,99.99,0.800000011920929,0.0,0.0,0.0,64.992,0.9559,0.0
349.0,run_20260920_113337,,unloading,unloading,25.647,25.661,99.99,0.800000011920929,0.0,0.0,0.0,64.992,0.9576,0.0
350.0,run_20260920_113337,,unloading,unloading,25.64,25.657,99.99,0.800000011920929,0.0,0.0,0.0,64.992,0.9592,0.0
351.0,run_20260920_113337,,unloading,unloading,25.632,25.653,99.99,0.800000011920929,0.0,0.0,0.0,64.992,0.9609,0.0
352.0,run_20260920_113337,,waiting,waiting,25.625,25.649,99.99,0.0,0.0,0.0,0.0,64.992,0.9626,0.0
353.0,run_20260920_113337,,driving,driving,25.617,25.647,99.99,0.0,0.074,0.041,0.0095,65.001,0.9643,0.0
354.0,run_20260920_113337,,driving,driving,25.608,25.646,99.99,0.0,0.083,0.046,0.0427,65.044,0.9662,0.0
355.0,run_20260920_113337,,driving,driving,25.595,25.67,99.99,0.0,0.749,0.418,0.2438,65.288,0.9691,0.0
356.0,run_20260920_113337,,driving,driving,25.578,25.698,99.99,0.0,0.86,0.479,0.4421,65.73,0.9729,0.0
357.0,run_20260920_113337,,driving,driving,25.559,25.726,99.99,0.0,0.875,0.487,0.4857,66.216,0.977,0.0
358.0,run_20260920_113337,,driving,driving,25.541,25.755,99.99,0.0,0.885,0.493,0.4621,66.678,0.981,0.0
359.0,run_20260920_113337,,driving,driving,25.522,25.784,99.99,0.0,0.889,0.496,0.5003,67.178,0.9852,0.0
360.0,run_20260920_113337,,driving,driving,25.503,25.812,99.99,0.0,0.884,0.493,0.48,67.658,0.9893,0.0
361.0,run_20260920_113337,,driving,driving,25.484,25.84,99.99,0.0,0.874,0.487,0.4991,68.157,0.9934,0.0
362.0,run_20260920_113337,,driving,driving,25.466,25.868,99.99,0.0,0.867,0.483,0.4818,68.639,0.9975,0.0
363.0,run_20260920_113337,,driving,driving,25.447,25.897,99.99,0.0,0.895,0.499,0.4997,69.138,1.0017,0.0
364.0,run_20260920_113337,,driving,driving,25.428,25.925,99.99,0.0,0.879,0.49,0.4953,69.634,1.0059,0.0
365.0,run_20260920_113337,,driving,driving,25.41,25.954,99.99,0.0,0.897,0.5,0.4696,70.103,1.0099,0.0
366.0,run_20260920_113337,,driving,driving,25.391,25.982,99.99,0.0,0.884,0.492,0.5027,70.606,1.0141,0.0
367.0,run_20260920_113337,,driving,driving,25.374,26.001,99.99,0.0,0.624,0.348,0.4063,71.012,1.0178,0.0
368.0,run_20260920_113337,,driving,driving,25.362,26.002,99.99,0.0,0.153,0.085,0.1891,71.201,1.0204,0.0
369.0,run_20260920_113337,,driving,driving,25.353,26.002,99.99,0.0,0.111,0.062,0.0372,71.239,1.0222,0.0
370.0,run_20260920_113337,,loading,loading,25.346,25.998,99.99,0.0,0.0,0.0,0.0025,71.241,1.0239,0.0
371.0,run_20260920_113337,,loading,loading,25.338,25.993,99.99,0.0,0.0,0.0,0.0,71.241,1.0256,0.0
372.0,run_20260920_113337,,loading,loading,25.331,25.989,99.99,0.0,0.0,0.0,0.0,71.241,1.0273,0.0
373.0,run_20260920_113337,,loading,loading,25.323,25.984,99.99,0.0,0.0,0.0,0.0,71.241,1.0289,0.0
374.0,run_20260920_113337,,loading,loading,25.316,25.98,99.99,0.0,0.0,0.0,0.0,71.241,1.0306,0.0
375.0,run_20260920_113337,,loading,loading,25.308,25.976,99.99,0.0,0.0,0.0,0.0,71.241,1.0323,0.0
376.0,run_20260920_113337,,loading,loading,25.3,25.971,99.99,0.0,0.0,0.0,0.0,71.241,1.0339,0.0
377.0,run_20260920_113337,,loading,loading,25.293,25.967,99.99,0.0,0.0,0.0,0.0,71.241,1.0356,0.0
378.0,run_20260920_113337,,loading,loading,25.285,25.963,99.99,0.0,0.0,0.0,0.0,71.241,1.0373,0.0
379.0,run_20260920_113337,,loading,loading,25.278,25.958,99.99,0.0,0.0,0.0,0.0,71.241,1.0389,0.0
380.0,run_20260920_113337,,loading,loading,25.27,25.954,99.99,0.0,0.0,0.0,0.0,71.241,1.0406,0.0
381.0,run_20260920_113337,,loading,loading,25.262,25.95,99.99,0.0,0.0,0.0,0.0,71.241,1.0423,0.0
382.0,run_20260920_113337,,loading,loading,25.255,25.945,99.99,0.0,0.0,0.0,0.0,71.241,1.0439,0.0
383.0,run_20260920_113337,,loading,loading,25.247,25.941,99.99,0.0,0.0,0.0,0.0,71.241,1.0456,0.0
384.0,run_20260920_113337,,loading,loading,25.24,25.937,99.99,0.0,0.0,0.0,0.0,71.241,1.0473,0.0
385.0,run_20260920_113337,,loading,loading,25.232,25.932,99.99,0.0,0.0,0.0,0.0,71.241,1.0489,0.0
386.0,run_20260920_113337,,loading,loading,25.225,25.928,99.989,0.0,0.0,0.0,0.0,71.241,1.0506,0.0
387.0,run_20260920_113337,,loading,loading,25.217,25.924,99.989,0.0,0.0,0.0,0.0,71.241,1.0523,0.0
388.0,run_20260920_113337,,loading,loading,25.209,25.919,99.989,0.0,0.0,0.0,0.0,71.241,1.0539,0.0
389.0,run_20260920_113337,,loading,loading,25.202,25.915,99.989,0.0,0.0,0.0,0.0,71.241,1.0556,0.0
390.0,run_20260920_113337,,loading,loading,25.194,25.911,99.989,0.0,0.0,0.0,0.0,71.241,1.0573,0.0
391.0,run_20260920_113337,,loading,loading,25.187,25.906,99.989,0.0,0.0,0.0,0.0,71.241,1.0589,0.0
392.0,run_20260920_113337,,loading,loading,25.179,25.902,99.989,0.0,0.0,0.0,0.0,71.241,1.0606,0.0
393.0,run_20260920_113337,,loading,loading,25.172,25.898,99.989,0.0,0.0,0.0,0.0,71.241,1.0623,0.0
394.0,run_20260920_113337,,loading,loading,25.164,25.893,99.989,0.0,0.0,0.0,0.0,71.241,1.0639,0.0
395.0,run_20260920_113337,,loading,loading,25.156,25.889,99.989,0.0,0.0,0.0,0.0,71.241,1.0656,0.0
396.0,run_20260920_113337,,loading,loading,25.149,25.885,99.989,0.0,0.0,0.0,0.0,71.241,1.0673,0.0
397.0,run_20260920_113337,,loading,loading,25.141,25.881,99.989,0.0,0.0,0.0,0.0,71.241,1.0689,0.0
398.0,run_20260920_113337,,loading,loading,25.134,25.876,99.989,0.0,0.0,0.0,0.0,71.241,1.0706,0.0
399.0,run_20260920_113337,,loading,loading,25.126,25.872,99.989,0.0,0.0,0.0,0.0,71.241,1.0723,0.0
400.0,run_20260920_113337,,waiting,waiting,25.119,25.868,99.989,1.5,0.0,0.0,0.0,71.241,1.0739,0.0
401.0,run_20260920_113337,,driving,driving,25.11,25.877,99.989,1.5,0.344,0.191,0.036,71.277,1.0758,0.0
402.0,run_20260920_113337,,driving,driving,25.099,25.873,99.989,1.5,0.002,0.001,0.1025,71.38,1.0782,0.0
403.0,run_20260920_113337,,driving,driving,25.089,25.886,99.989,1.5,0.426,0.238,0.0884,71.468,1.0805,0.0
404.0,run_20260920_113337,,driving,driving,25.068,25.915,99.989,1.5,0.844,0.47,0.431,71.899,1.085,0.0
405.0,run_20260920_113337,,driving,driving,25.046,25.946,99.989,1.5,0.897,0.5,0.4807,72.38,1.09,0.0
406.0,run_20260920_113337,,driving,driving,25.023,25.976,99.989,1.5,0.858,0.478,0.5008,72.88,1.095,0.0
407.0,run_20260920_113337,,driving,driving,25.0,26.007,99.989,1.5,0.887,0.494,0.4991,73.38,1.1001,0.0
408.0,run_20260920_113337,,driving,driving,24.977,26.038,99.989,1.5,0.894,0.498,0.5001,73.88,1.1051,0.0
409.0,run_20260920_113337,,driving,driving,24.954,26.068,99.989,1.5,0.873,0.486,0.4986,74.378,1.1101,0.0
410.0,run_20260920_113337,,driving,driving,24.932,26.099,99.989,1.5,0.871,0.485,0.4754,74.854,1.115,0.0
411.0,run_20260920_113337,,driving,driving,24.909,26.129,99.989,1.5,0.887,0.494,0.4988,75.353,1.1201,0.0
412.0,run_20260920_113337,,driving,driving,24.886,26.16,99.989,1.5,0.891,0.497,0.5014,75.854,1.1251,0.0
413.0,run_20260920_113337,,driving,driving,24.863,26.191,99.989,1.5,0.892,0.497,0.4997,76.354,1.1302,0.0
414.0,run_20260920_113337,,driving,driving,24.84,26.222,99.989,1.5,0.897,0.5,0.4859,76.839,1.1351,0.0
415.0,run_20260920_113337,,driving,driving,24.819,26.245,99.989,1.5,0.686,0.382,0.456,77.295,1.1399,0.0
416.0,run_20260920_113337,,driving,driving,24.802,26.251,99.989,1.5,0.282,0.157,0.2837,77.579,1.1435,0.0
417.0,run_20260920_113337,,driving,driving,24.793,26.248,99.989,1.5,0.031,0.017,0.0593,77.638,1.1456,0.0
418.0,run_20260920_113337,,unloading,unloading,24.785,26.243,99.989,1.5,0.0,0.0,0.0034,77.642,1.1472,0.0
419.0,run_20260920_113337,,unloading,unloading,24.778,26.239,99.989,1.5,0.0,0.0,0.0,77.642,1.1489,0.0
420.0,run_20260920_113337,,unloading,unloading,24.77,26.234,99.988,1.5,0.0,0.0,0.0,77.642,1.1506,0.0
421.0,run_20260920_113337,,unloading,unloading,24.763,26.229,99.988,1.5,0.0,0.0,0.0,77.642,1.1522,0.0
422.0,run_20260920_113337,,unloading,unloading,24.755,26.225,99.988,1.5,0.0,0.0,0.0,77.642,1.1539,0.0
423.0,run_20260920_113337,,unloading,unloading,24.747,26.22,99.988,1.5,0.0,0.0,0.0,77.642,1.1556,0.0
424.0,run_20260920_113337,,unloading,unloading,24.74,26.215,99.988,1.5,0.0,0.0,0.0,77.642,1.1572,0.0
425.0,run_20260920_113337,,unloading,unloading,24.732,26.211,99.988,1.5,0.0,0.0,0.0,77.642,1.1589,0.0
426.0,run_20260920_113337,,unloading,unloading,24.725,26.206,99.988,1.5,0.0,0.0,0.0,77.642,1.1606,0.0
427.0,run_20260920_113337,,unloading,unloading,24.717,26.202,99.988,1.5,0.0,0.0,0.0,77.642,1.1622,0.0
428.0,run_20260920_113337,,unloading,unloading,24.709,26.197,99.988,1.5,0.0,0.0,0.0,77.642,1.1639,0.0
429.0,run_20260920_113337,,unloading,unloading,24.702,26.192,99.988,1.5,0.0,0.0,0.0,77.642,1.1656,0.0
430.0,run_20260920_113337,,unloading,unloading,24.694,26.188,99.988,1.5,0.0,0.0,0.0,77.642,1.1672,0.0
431.0,run_20260920_113337,,unloading,unloading,24.687,26.183,99.988,1.5,0.0,0.0,0.0,77.642,1.1689,0.0
432.0,run_20260920_113337,,unloading,unloading,24.679,26.178,99.988,1.5,0.0,0.0,0.0,77.642,1.1706,0.0
433.0,run_20260920_113337,,unloading,unloading,24.672,26.174,99.988,1.5,0.0,0.0,0.0,77.642,1.1722,0.0
434.0,run_20260920_113337,,unloading,unloading,24.664,26.169,99.988,1.5,0.0,0.0,0.0,77.642,1.1739,0.0
435.0,run_20260920_113337,,unloading,unloading,24.656,26.165,99.988,1.5,0.0,0.0,0.0,77.642,1.1756,0.0
436.0,run_20260920_113337,,unloading,unloading,24.649,26.16,99.988,1.5,0.0,0.0,0.0,77.642,1.1772,0.0
437.0,run_20260920_113337,,unloading,unloading,24.641,26.156,99.988,1.5,0.0,0.0,0.0,77.642,1.1789,0.0
438.0,run_20260920_113337,,unloading,unloading,24.634,26.151,99.988,1.5,0.0,0.0,0.0,77.642,1.1806,0.0
439.0,run_20260920_113337,,unloading,unloading,24.626,26.146,99.988,1.5,0.0,0.0,0.0,77.642,1.1822,0.0
440.0,run_20260920_113337,,unloading,unloading,24.619,26.142,99.988,1.5,0.0,0.0,0.0,77.642,1.1839,0.0
441.0,run_20260920_113337,,unloading,unloading,24.611,26.137,99.988,1.5,0.0,0.0,0.0,77.642,1.1856,0.0
442.0,run_20260920_113337,,unloading,unloading,24.603,26.133,99.988,1.5,0.0,0.0,0.0,77.642,1.1872,0.0
443.0,run_20260920_113337,,unloading,unloading,24.596,26.128,99.988,1.5,0.0,0.0,0.0,77.642,1.1889,0.0
444.0,run_20260920_113337,,unloading,unloading,24.588,26.124,99.988,1.5,0.0,0.0,0.0,77.642,1.1906,0.0
445.0,run_20260920_113337,,unloading,unloading,24.581,26.119,99.988,1.5,0.0,0.0,0.0,77.642,1.1922,0.0
446.0,run_20260920_113337,,unloading,unloading,24.573,26.115,99.988,1.5,0.0,0.0,0.0,77.642,1.1939,0.0
447.0,run_20260920_113337,,unloading,unloading,24.566,26.11,99.988,1.5,0.0,0.0,0.0,77.642,1.1956,0.0
448.0,run_20260920_113337,,waiting,waiting,24.558,26.106,99.988,0.0,0.0,0.0,0.0,77.642,1.1972,0.0
449.0,run_20260920_113337,,driving,driving,24.55,26.101,99.988,0.0,0.008,0.004,0.0003,77.642,1.1989,0.0
450.0,run_20260920_113337,,driving,driving,24.54,26.107,99.988,0.0,0.265,0.148,0.1058,77.748,1.2011,0.0
451.0,run_20260920_113337,,driving,driving,24.524,26.134,99.988,0.0,0.855,0.476,0.3759,78.124,1.2047,0.0
452.0,run_20260920_113337,,driving,driving,24.505,26.162,99.988,0.0,0.897,0.5,0.5017,78.626,1.2089,0.0
453.0,run_20260920_113337,,driving,driving,24.486,26.191,99.988,0.0,0.897,0.5,0.5016,79.127,1.213,0.0
454.0,run_20260920_113337,,driving,driving,24.467,26.219,99.988,0.0,0.895,0.499,0.5,79.627,1.2172,0.0
455.0,run_20260920_113337,,driving,driving,24.449,26.248,99.988,0.0,0.897,0.5,0.4839,80.111,1.2213,0.0
456.0,run_20260920_113337,,driving,driving,24.43,26.276,99.988,0.0,0.875,0.488,0.4986,80.61,1.2255,0.0
457.0,run_20260920_113337,,driving,driving,24.411,26.304,99.988,0.0,0.897,0.5,0.5,81.11,1.2297,0.0
458.0,run_20260920_113337,,driving,driving,24.392,26.333,99.988,0.0,0.897,0.5,0.5026,81.612,1.2339,0.0
459.0,run_20260920_113337,,driving,driving,24.373,26.361,99.988,0.0,0.897,0.5,0.4847,82.097,1.238,0.0
460.0,run_20260920_113337,,driving,driving,24.354,26.389,99.988,0.0,0.882,0.492,0.5024,82.599,1.2422,0.0
461.0,run_20260920_113337,,driving,driving,24.335,26.416,99.988,0.0,0.848,0.472,0.4959,83.095,1.2463,0.0
462.0,run_20260920_113337,,driving,driving,24.316,26.444,99.987,0.0,0.891,0.497,0.4898,83.585,1.2504,0.0
463.0,run_20260920_113337,,driving,driving,24.297,26.472,99.987,0.0,0.897,0.5,0.498,84.083,1.2546,0.0
464.0,run_20260920_113337,,driving,driving,24.279,26.5,99.987,0.0,0.892,0.497,0.4854,84.568,1.2587,0.0
465.0,run_20260920_113337,,driving,driving,24.259,26.528,99.987,0.0,0.897,0.5,0.5019,85.07,1.2629,0.0
466.0,run_20260920_113337,,driving,driving,24.24,26.556,99.987,0.0,0.881,0.491,0.4988,85.569,1.2671,0.0
467.0,run_20260920_113337,,driving,driving,24.221,26.584,99.987,0.0,0.897,0.5,0.5016,86.071,1.2713,0.0
468.0,run_20260920_113337,,driving,driving,24.202,26.612,99.987,0.0,0.897,0.5,0.5039,86.575,1.2755,0.0
469.0,run_20260920_113337,,driving,driving,24.184,26.638,99.987,0.0,0.841,0.469,0.4729,87.047,1.2795,0.0
470.0,run_20260920_113337,,driving,driving,24.168,26.654,99.987,0.0,0.568,0.316,0.3843,87.432,1.2831,0.0
471.0,run_20260920_113337,,loading,loading,24.158,26.649,99.987,0.0,0.0,0.0,0.0902,87.522,1.2853,0.0
472.0,run_20260920_113337,,loading,loading,24.15,26.644,99.987,0.0,0.0,0.0,0.0,87.522,1.2869,0.0
473.0,run_20260920_113337,,loading,loading,24.143,26.639,99.987,0.0,0.0,0.0,0.0,87.522,1.2886,0.0
474.0,run_20260920_113337,,loading,loading,24.135,26.634,99.987,0.0,0.0,0.0,0.0,87.522,1.2903,0.0
475.0,run_20260920_113337,,loading,loading,24.128,26.629,99.987,0.0,0.0,0.0,0.0,87.522,1.2919,0.0
476.0,run_20260920_113337,,loading,loading,24.12,26.624,99.987,0.0,0.0,0.0,0.0,87.522,1.2936,0.0
477.0,run_20260920_113337,,loading,loading,24.112,26.618,99.987,0.0,0.0,0.0,0.0,87.522,1.2953,0.0
478.0,run_20260920_113337,,loading,loading,24.105,26.613,99.987,0.0,0.0,0.0,0.0,87.522,1.2969,0.0
479.0,run_20260920_113337,,loading,loading,24.097,26.608,99.987,0.0,0.0,0.0,0.0,87.522,1.2986,0.0
480.0,run_20260920_113337,,loading,loading,24.09,26.603,99.987,0.0,0.0,0.0,0.0,87.522,1.3003,0.0
481.0,run_20260920_113337,,loading,loading,24.082,26.598,99.987,0.0,0.0,0.0,0.0,87.522,1.3019,0.0
482.0,run_20260920_113337,,loading,loading,24.075,26.593,99.987,0.0,0.0,0.0,0.0,87.522,1.3036,0.0
483.0,run_20260920_113337,,loading,loading,24.067,26.588,99.987,0.0,0.0,0.0,0.0,87.522,1.3053,0.0
484.0,run_20260920_113337,,loading,loading,24.059,26.583,99.987,0.0,0.0,0.0,0.0,87.522,1.3069,0.0
485.0,run_20260920_113337,,loading,loading,24.052,26.578,99.987,0.0,0.0,0.0,0.0,87.522,1.3086,0.0
486.0,run_20260920_113337,,loading,loading,24.044,26.573,99.987,0.0,0.0,0.0,0.0,87.522,1.3103,0.0
487.0,run_20260920_113337,,loading,loading,24.037,26.568,99.987,0.0,0.0,0.0,0.0,87.522,1.3119,0.0
488.0,run_20260920_113337,,loading,loading,24.029,26.563,99.987,0.0,0.0,0.0,0.0,87.522,1.3136,0.0
489.0,run_20260920_113337,,loading,loading,24.022,26.558,99.987,0.0,0.0,0.0,0.0,87.522,1.3153,0.0
490.0,run_20260920_113337,,loading,loading,24.014,26.553,99.987,0.0,0.0,0.0,0.0,87.522,1.3169,0.0
491.0,run_20260920_113337,,loading,loading,24.006,26.548,99.987,0.0,0.0,0.0,0.0,87.522,1.3186,0.0
492.0,run_20260920_113337,,loading,loading,23.999,26.543,99.987,0.0,0.0,0.0,0.0,87.522,1.3203,0.0
493.0,run_20260920_113337,,loading,loading,23.991,26.538,99.987,0.0,0.0,0.0,0.0,87.522,1.3219,0.0
494.0,run_20260920_113337,,loading,loading,23.984,26.533,99.987,0.0,0.0,0.0,0.0,87.522,1.3236,0.0
495.0,run_20260920_113337,,loading,loading,23.976,26.528,99.987,0.0,0.0,0.0,0.0,87.522,1.3253,0.0
496.0,run_20260920_113337,,loading,loading,23.969,26.523,99.987,0.0,0.0,0.0,0.0,87.522,1.3269,0.0
497.0,run_20260920_113337,,loading,loading,23.961,26.518,99.987,0.0,0.0,0.0,0.0,87.522,1.3286,0.0
498.0,run_20260920_113337,,loading,loading,23.953,26.513,99.987,0.0,0.0,0.0,0.0,87.522,1.3303,0.0
499.0,run_20260920_113337,,loading,loading,23.946,26.508,99.987,0.0,0.0,0.0,0.0,87.522,1.3319,0.0
500.0,run_20260920_113337,,loading,loading,23.938,26.503,99.987,0.0,0.0,0.0,0.0,87.522,1.3336,0.0
501.0,run_20260920_113337,,waiting,waiting,23.931,26.498,99.987,1.0,0.0,0.0,0.0,87.522,1.3353,0.0
502.0,run_20260920_113337,,waiting,waiting,23.923,26.493,99.987,1.0,0.0,0.0,0.0,87.522,1.3369,0.0
503.0,run_20260920_113337,,driving,driving,23.911,26.503,99.987,1.0,0.371,0.207,0.1609,87.683,1.3396,0.0
504.0,run_20260920_113337,,driving,driving,23.9,26.498,99.987,1.0,0.018,0.01,0.1064,87.789,1.3419,0.0
505.0,run_20260920_113337,,driving,driving,23.892,26.505,99.987,1.0,0.297,0.166,0.0426,87.832,1.3438,0.0
506.0,run_20260920_113337,,driving,driving,23.873,26.534,99.987,1.0,0.883,0.492,0.3939,88.226,1.3479,0.0
507.0,run_20260920_113337,,driving,driving,23.851,26.564,99.986,1.0,0.891,0.497,0.5007,88.726,1.3527,0.0
508.0,run_20260920_113337,,driving,driving,23.83,26.594,99.986,1.0,0.896,0.499,0.5034,89.23,1.3575,0.0
509.0,run_20260920_113337,,driving,driving,23.808,26.623,99.986,1.0,0.89,0.496,0.4821,89.712,1.3622,0.0
510.0,run_20260920_113337,,driving,driving,23.787,26.651,99.986,1.0,0.834,0.465,0.4746,90.187,1.3668,0.0
511.0,run_20260920_113337,,driving,driving,23.766,26.68,99.986,1.0,0.897,0.5,0.5002,90.687,1.3715,0.0
512.0,run_20260920_113337,,driving,driving,23.744,26.71,99.986,1.0,0.885,0.493,0.5021,91.189,1.3763,0.0
513.0,run_20260920_113337,,driving,driving,23.723,26.739,99.986,1.0,0.889,0.495,0.4717,91.661,1.3809,0.0
514.0,run_20260920_113337,,driving,driving,23.701,26.768,99.986,1.0,0.89,0.496,0.502,92.163,1.3857,0.0
515.0,run_20260920_113337,,driving,driving,23.68,26.798,99.986,1.0,0.897,0.5,0.4996,92.662,1.3905,0.0
516.0,run_20260920_113337,,driving,driving,23.658,26.827,99.986,1.0,0.895,0.499,0.5026,93.165,1.3952,0.0
517.0,run_20260920_113337,,driving,driving,23.636,26.857,99.986,1.0,0.897,0.5,0.504,93.669,1.4,0.0
518.0,run_20260920_113337,,driving,driving,23.615,26.886,99.986,1.0,0.887,0.494,0.4846,94.153,1.4047,0.0
519.0,run_20260920_113337,,driving,driving,23.593,26.915,99.986,1.0,0.887,0.494,0.4997,94.653,1.4095,0.0
520.0,run_20260920_113337,,driving,driving,23.572,26.944,99.986,1.0,0.889,0.495,0.5007,95.154,1.4143,0.0
521.0,run_20260920_113337,,driving,driving,23.55,26.971,99.986,1.0,0.825,0.459,0.4792,95.633,1.4189,0.0
522.0,run_20260920_113337,,driving,driving,23.529,27.0,99.986,1.0,0.893,0.498,0.4758,96.109,1.4235,0.0
523.0,run_20260920_113337,,driving,driving,23.508,27.029,99.986,1.0,0.897,0.5,0.5035,96.612,1.4283,0.0
524.0,run_20260920_113337,,driving,driving,23.488,27.049,99.986,1.0,0.645,0.36,0.4444,97.057,1.4327,0.0
525.0,run_20260920_113337,,driving,driving,23.473,27.053,99.986,1.0,0.239,0.133,0.2515,97.308,1.436,0.0
526.0,run_20260920_113337,,driving,driving,23.464,27.053,99.986,1.0,0.146,0.082,0.0512,97.36,1.4379,0.0
527.0,run_20260920_113337,,unloading,unloading,23.456,27.047,99.986,1.0,0.0,0.0,0.0266,97.386,1.4398,0.0
528.0,run_20260920_113337,,unloading,unloading,23.448,27.042,99.986,1.0,0.0,0.0,0.0,97.386,1.4414,0.0
529.0,run_20260920_113337,,unloading,unloading,23.44,27.036,99.986,1.0,0.0,0.0,0.0,97.386,1.4431,0.0
530.0,run_20260920_113337,,unloading,unloading,23.433,27.031,99.986,1.0,0.0,0.0,0.0,97.386,1.4448,0.0
531.0,run_20260920_113337,,unloading,unloading,23.425,27.025,99.986,1.0,0.0,0.0,0.0,97.386,1.4464,0.0
532.0,run_20260920_113337,,unloading,unloading,23.418,27.02,99.986,1.0,0.0,0.0,0.0,97.386,1.4481,0.0
533.0,run_20260920_113337,,unloading,unloading,23.41,27.014,99.986,1.0,0.0,0.0,0.0,97.386,1.4498,0.0
534.0,run_20260920_113337,,unloading,unloading,23.403,27.009,99.985,1.0,0.0,0.0,0.0,97.386,1.4514,0.0
535.004,run_20260920_113337,,unloading,unloading,23.395,27.003,99.985,1.0,0.0,0.0,0.0,97.386,1.4531,0.0
536.0,run_20260920_113337,,unloading,unloading,23.387,26.998,99.985,1.0,0.0,0.0,0.0,97.386,1.4548,0.0
537.0,run_20260920_113337,,unloading,unloading,23.38,26.992,99.985,1.0,0.0,0.0,0.0,97.386,1.4564,0.0
538.0,run_20260920_113337,,unloading,unloading,23.372,26.987,99.985,1.0,0.0,0.0,0.0,97.386,1.4581,0.0
539.0,run_20260920_113337,,unloading,unloading,23.365,26.981,99.985,1.0,0.0,0.0,0.0,97.386,1.4598,0.0
540.0,run_20260920_113337,,unloading,unloading,23.357,26.976,99.985,1.0,0.0,0.0,0.0,97.386,1.4614,0.0
541.0,run_20260920_113337,,unloading,unloading,23.349,26.97,99.985,1.0,0.0,0.0,0.0,97.386,1.4631,0.0
542.0,run_20260920_113337,,unloading,unloading,23.342,26.965,99.985,1.0,0.0,0.0,0.0,97.386,1.4648,0.0
543.0,run_20260920_113337,,unloading,unloading,23.334,26.959,99.985,1.0,0.0,0.0,0.0,97.386,1.4664,0.0
544.0,run_20260920_113337,,unloading,unloading,23.327,26.954,99.985,1.0,0.0,0.0,0.0,97.386,1.4681,0.0
545.0,run_20260920_113337,,unloading,unloading,23.319,26.948,99.985,1.0,0.0,0.0,0.0,97.386,1.4698,0.0
546.0,run_20260920_113337,,unloading,unloading,23.312,26.943,99.985,1.0,0.0,0.0,0.0,97.386,1.4714,0.0
547.0,run_20260920_113337,,unloading,unloading,23.304,26.937,99.985,1.0,0.0,0.0,0.0,97.386,1.4731,0.0
548.0,run_20260920_113337,,unloading,unloading,23.296,26.932,99.985,1.0,0.0,0.0,0.0,97.386,1.4748,0.0
549.0,run_20260920_113337,,unloading,unloading,23.289,26.927,99.985,1.0,0.0,0.0,0.0,97.386,1.4764,0.0
550.0,run_20260920_113337,,unloading,unloading,23.281,26.921,99.985,1.0,0.0,0.0,0.0,97.386,1.4781,0.0
551.0,run_20260920_113337,,unloading,unloading,23.274,26.916,99.985,1.0,0.0,0.0,0.0,97.386,1.4798,0.0
552.0,run_20260920_113337,,unloading,unloading,23.266,26.91,99.985,1.0,0.0,0.0,0.0,97.386,1.4814,0.0
553.0,run_20260920_113337,,unloading,unloading,23.259,26.905,99.985,1.0,0.0,0.0,0.0,97.386,1.4831,0.0
554.0,run_20260920_113337,,unloading,unloading,23.251,26.899,99.985,1.0,0.0,0.0,0.0,97.386,1.4848,0.0
555.0,run_20260920_113337,,unloading,unloading,23.243,26.894,99.985,1.0,0.0,0.0,0.0,97.386,1.4864,0.0
556.0,run_20260920_113337,,unloading,unloading,23.236,26.889,99.985,1.0,0.0,0.0,0.0,97.386,1.4881,0.0
557.0,run_20260920_113337,,waiting,waiting,23.228,26.883,99.985,0.0,0.0,0.0,0.0,97.386,1.4898,0.0
558.0,run_20260920_113337,,waiting,waiting,23.221,26.878,99.985,0.0,0.0,0.0,0.0,97.386,1.4914,0.0
559.0,run_20260920_113337,,driving,driving,23.211,26.884,99.985,0.0,0.303,0.169,0.08,97.466,1.4935,0.0
560.0,run_20260920_113337,,driving,driving,23.197,26.911,99.985,0.0,0.884,0.492,0.2986,97.765,1.4967,0.0
561.0,run_20260920_113337,,driving,driving,23.178,26.939,99.985,0.0,0.885,0.493,0.4947,98.259,1.5008,0.0
562.0,run_20260920_113337,,driving,driving,23.159,26.966,99.985,0.0,0.897,0.5,0.4988,98.758,1.505,0.0
563.0,run_20260920_113337,,driving,driving,23.14,26.994,99.985,0.0,0.897,0.5,0.4853,99.244,1.5091,0.0
564.0,run_20260920_113337,,driving,driving,23.121,27.022,99.985,0.0,0.897,0.5,0.5028,99.746,1.5133,0.0
565.0,run_20260920_113337,,driving,driving,23.102,27.049,99.985,0.0,0.897,0.5,0.5035,100.25,1.5175,0.0
566.0,run_20260920_113337,,driving,driving,23.083,27.077,99.985,0.0,0.896,0.499,0.5038,100.754,1.5218,0.0
567.0,run_20260920_113337,,driving,driving,23.064,27.105,99.985,0.0,0.897,0.5,0.504,101.258,1.526,0.0
568.0,run_20260920_113337,,driving,driving,23.045,27.132,99.985,0.0,0.897,0.5,0.4855,101.743,1.5301,0.0
569.0,run_20260920_113337,,driving,driving,23.026,27.16,99.985,0.0,0.897,0.5,0.504,102.247,1.5343,0.0
570.0,run_20260920_113337,,driving,driving,23.007,27.187,99.985,0.0,0.885,0.493,0.5028,102.75,1.5385,0.0
571.0,run_20260920_113337,,driving,driving,22.988,27.214,99.985,0.0,0.897,0.5,0.4998,103.25,1.5427,0.0
572.0,run_20260920_113337,,driving,driving,22.969,27.242,99.985,0.0,0.897,0.5,0.4853,103.735,1.5468,0.0
573.0,run_20260920_113337,,driving,driving,22.95,27.269,99.984,0.0,0.89,0.496,0.5011,104.236,1.551,0.0
574.0,run_20260920_113337,,driving,driving,22.931,27.295,99.984,0.0,0.865,0.482,0.4956,104.732,1.5551,0.0
575.0,run_20260920_113337,,driving,driving,22.912,27.322,99.984,0.0,0.897,0.5,0.4941,105.226,1.5593,0.0
576.0,run_20260920_113337,,driving,driving,22.894,27.35,99.984,0.0,0.893,0.498,0.482,105.708,1.5634,0.0
577.0,run_20260920_113337,,driving,driving,22.875,27.377,99.984,0.0,0.884,0.493,0.5012,106.209,1.5676,0.0
578.0,run_20260920_113337,,driving,driving,22.856,27.403,99.984,0.0,0.883,0.492,0.4985,106.707,1.5718,0.0
579.0,run_20260920_113337,,driving,driving,22.837,27.424,99.984,0.0,0.732,0.408,0.4776,107.185,1.5759,0.0
580.0,run_20260920_113337,,driving,driving,22.823,27.418,99.984,0.0,0.0,0.0,0.2969,107.482,1.579,0.0
581.0,run_20260920_113337,,loading,loading,22.815,27.413,99.984,0.0,0.0,0.0,0.0,107.482,1.5807,0.0
582.0,run_20260920_113337,,loading,loading,22.807,27.407,99.984,0.0,0.0,0.0,0.0,107.482,1.5824,0.0
583.0,run_20260920_113337,,loading,loading,22.8,27.401,99.984,0.0,0.0,0.0,0.0,107.482,1.584,0.0
584.0,run_20260920_113337,,loading,loading,22.792,27.395,99.984,0.0,0.0,0.0,0.0,107.482,1.5857,0.0
585.0,run_20260920_113337,,loading,loading,22.785,27.389,99.984,0.0,0.0,0.0,0.0,107.482,1.5874,0.0
586.0,run_20260920_113337,,loading,loading,22.777,27.383,99.984,0.0,0.0,0.0,0.0,107.482,1.589,0.0
587.0,run_20260920_113337,,loading,loading,22.77,27.377,99.984,0.0,0.0,0.0,0.0,107.482,1.5907,0.0
588.0,run_20260920_113337,,loading,loading,22.762,27.371,99.984,0.0,0.0,0.0,0.0,107.482,1.5924,0.0
589.0,run_20260920_113337,,loading,loading,22.754,27.365,99.984,0.0,0.0,0.0,0.0,107.482,1.594,0.0
590.0,run_20260920_113337,,loading,loading,22.747,27.359,99.984,0.0,0.0,0.0,0.0,107.482,1.5957,0.0
591.0,run_20260920_113337,,loading,loading,22.739,27.353,99.984,0.0,0.0,0.0,0.0,107.482,1.5974,0.0
592.0,run_20260920_113337,,loading,loading,22.732,27.347,99.984,0.0,0.0,0.0,0.0,107.482,1.599,0.0
593.0,run_20260920_113337,,loading,loading,22.724,27.341,99.984,0.0,0.0,0.0,0.0,107.482,1.6007,0.0
594.0,run_20260920_113337,,loading,loading,22.717,27.336,99.984,0.0,0.0,0.0,0.0,107.482,1.6024,0.0
595.0,run_20260920_113337,,loading,loading,22.709,27.33,99.984,0.0,0.0,0.0,0.0,107.482,1.604,0.0
596.0,run_20260920_113337,,loading,loading,22.701,27.324,99.984,0.0,0.0,0.0,0.0,107.482,1.6057,0.0
597.0,run_20260920_113337,,loading,loading,22.694,27.318,99.984,0.0,0.0,0.0,0.0,107.482,1.6074,0.0
598.0,run_20260920_113337,,loading,loading,22.686,27.312,99.984,0.0,0.0,0.0,0.0,107.482,1.609,0.0
599.0,run_20260920_113337,,loading,loading,22.679,27.306,99.984,0.0,0.0,0.0,0.0,107.482,1.6107,0.0
600.0,run_20260920_113337,,loading,loading,22.671,27.3,99.984,0.0,0.0,0.0,0.0,107.482,1.6124,0.0
601.0,run_20260920_113337,,loading,loading,22.663,27.295,99.984,0.0,0.0,0.0,0.0,107.482,1.614,0.0
602.0,run_20260920_113337,,loading,loading,22.656,27.289,99.984,0.0,0.0,0.0,0.0,107.482,1.6157,0.0
603.0,run_20260920_113337,,loading,loading,22.648,27.283,99.984,0.0,0.0,0.0,0.0,107.482,1.6174,0.0
604.0,run_20260920_113337,,loading,loading,22.641,27.277,99.984,0.0,0.0,0.0,0.0,107.482,1.619,0.0
605.0,run_20260920_113337,,loading,loading,22.633,27.271,99.984,0.0,0.0,0.0,0.0,107.482,1.6207,0.0
606.0,run_20260920_113337,,loading,loading,22.626,27.266,99.984,0.0,0.0,0.0,0.0,107.482,1.6224,0.0
607.0,run_20260920_113337,,loading,loading,22.618,27.26,99.984,0.0,0.0,0.0,0.0,107.482,1.624,0.0
608.0,run_20260920_113337,,loading,loading,22.61,27.254,99.984,0.0,0.0,0.0,0.0,107.482,1.6257,0.0
609.0,run_20260920_113337,,loading,loading,22.603,27.248,99.984,0.0,0.0,0.0,0.0,107.482,1.6274,0.0
610.0,run_20260920_113337,,loading,loading,22.595,27.242,99.984,0.0,0.0,0.0,0.0,107.482,1.629,0.0
611.0,run_20260920_113337,,waiting,waiting,22.588,27.237,99.984,1.2000000476837158,0.0,0.0,0.0,107.482,1.6307,0.0
612.0,run_20260920_113337,,driving,driving,22.58,27.238,99.984,1.2000000476837158,0.177,0.099,0.0221,107.504,1.6325,0.0
613.0,run_20260920_113337,,driving,driving,22.567,27.242,99.984,1.2000000476837158,0.255,0.142,0.1844,107.688,1.6354,0.0
614.0,run_20260920_113337,,driving,driving,22.558,27.238,99.984,1.2000000476837158,0.031,0.017,0.0297,107.718,1.6372,0.0
615.0,run_20260920_113337,,driving,driving,22.545,27.265,99.984,1.2000000476837158,0.838,0.467,0.1711,107.889,1.64,0.0
616.0,run_20260920_113337,,driving,driving,22.523,27.294,99.984,1.2000000476837158,0.897,0.5,0.5027,108.392,1.6449,0.0
617.0,run_20260920_113337,,driving,driving,22.501,27.323,99.984,1.2000000476837158,0.897,0.5,0.4857,108.878,1.6497,0.0
618.0,run_20260920_113337,,driving,driving,22.479,27.353,99.983,1.2000000476837158,0.896,0.499,0.5036,109.381,1.6546,0.0
619.0,run_20260920_113337,,driving,driving,22.457,27.382,99.983,1.2000000476837158,0.889,0.495,0.4989,109.88,1.6595,0.0
620.0,run_20260920_113337,,driving,driving,22.435,27.411,99.983,1.2000000476837158,0.891,0.497,0.4995,110.379,1.6644,0.0
621.0,run_20260920_113337,,driving,driving,22.413,27.437,99.983,1.2000000476837158,0.811,0.452,0.4669,110.846,1.6691,0.0
622.0,run_20260920_113337,,driving,driving,22.391,27.466,99.983,1.2000000476837158,0.892,0.497,0.49,111.336,1.6739,0.0
623.0,run_20260920_113337,,driving,driving,22.37,27.494,99.983,1.2000000476837158,0.878,0.489,0.4775,111.814,1.6786,0.0
624.0,run_20260920_113337,,driving,driving,22.348,27.523,99.983,1.2000000476837158,0.896,0.499,0.4977,112.312,1.6835,0.0
625.0,run_20260920_113337,,driving,driving,22.326,27.552,99.983,1.2000000476837158,0.894,0.498,0.489,112.801,1.6884,0.0
626.0,run_20260920_113337,,driving,driving,22.304,27.581,99.983,1.2000000476837158,0.891,0.496,0.4786,113.279,1.6931,0.0
627.0,run_20260920_113337,,driving,driving,22.282,27.61,99.983,1.2000000476837158,0.897,0.5,0.4996,113.779,1.698,0.0
628.0,run_20260920_113337,,driving,driving,22.26,27.639,99.983,1.2000000476837158,0.897,0.5,0.4991,114.278,1.7029,0.0
629.0,run_20260920_113337,,driving,driving,22.237,27.668,99.983,1.2000000476837158,0.888,0.495,0.4997,114.777,1.7078,0.0
630.0,run_20260920_113337,,driving,driving,22.216,27.695,99.983,1.2000000476837158,0.864,0.482,0.4663,115.244,1.7125,0.0
631.0,run_20260920_113337,,driving,driving,22.194,27.724,99.983,1.2000000476837158,0.877,0.489,0.4931,115.737,1.7173,0.0
632.0,run_20260920_113337,,driving,driving,22.172,27.752,99.983,1.2000000476837158,0.886,0.494,0.4942,116.231,1.7222,0.0
633.0,run_20260920_113337,,driving,driving,22.15,27.781,99.983,1.2000000476837158,0.897,0.5,0.4982,116.729,1.7271,0.0
634.0,run_20260920_113337,,driving,driving,22.128,27.801,99.983,1.2000000476837158,0.678,0.377,0.4731,117.202,1.7318,0.0
635.0,run_20260920_113337,,driving,driving,22.111,27.81,99.983,1.2000000476837158,0.387,0.215,0.3145,117.517,1.7355,0.0
636.0,run_20260920_113337,,driving,driving,22.101,27.804,99.983,1.2000000476837158,0.01,0.006,0.0887,117.606,1.7377,0.0
637.0,run_20260920_113337,,driving,driving,22.093,27.797,99.983,1.2000000476837158,0.0,0.0,0.0202,117.626,1.7395,0.0
638.0,run_20260920_113337,,unloading,unloading,22.085,27.791,99.983,1.2000000476837158,0.0,0.0,0.0,117.626,1.7412,0.0
639.0,run_20260920_113337,,unloading,unloading,22.078,27.785,99.983,1.2000000476837158,0.0,0.0,0.0,117.626,1.7429,0.0
640.0,run_20260920_113337,,unloading,unloading,22.07,27.778,99.983,1.2000000476837158,0.0,0.0,0.0,117.626,1.7445,0.0
641.0,run_20260920_113337,,unloading,unloading,22.063,27.772,99.983,1.2000000476837158,0.0,0.0,0.0,117.626,1.7462,0.0
642.0,run_20260920_113337,,unloading,unloading,22.055,27.766,99.983,1.2000000476837158,0.0,0.0,0.0,117.626,1.7479,0.0
643.0,run_20260920_113337,,unloading,unloading,22.048,27.759,99.983,1.2000000476837158,0.0,0.0,0.0,117.626,1.7495,0.0
644.0,run_20260920_113337,,unloading,unloading,22.04,27.753,99.982,1.2000000476837158,0.0,0.0,0.0,117.626,1.7512,0.0
645.0,run_20260920_113337,,unloading,unloading,22.032,27.747,99.982,1.2000000476837158,0.0,0.0,0.0,117.626,1.7529,0.0
646.0,run_20260920_113337,,unloading,unloading,22.025,27.74,99.982,1.2000000476837158,0.0,0.0,0.0,117.626,1.7545,0.0
647.0,run_20260920_113337,,unloading,unloading,22.017,27.734,99.982,1.2000000476837158,0.0,0.0,0.0,117.626,1.7562,0.0
648.0,run_20260920_113337,,unloading,unloading,22.01,27.728,99.982,1.2000000476837158,0.0,0.0,0.0,117.626,1.7579,0.0
649.0,run_20260920_113337,,unloading,unloading,22.002,27.721,99.982,1.2000000476837158,0.0,0.0,0.0,117.626,1.7595,0.0
650.0,run_20260920_113337,,unloading,unloading,21.995,27.715,99.982,1.2000000476837158,0.0,0.0,0.0,117.626,1.7612,0.0
651.0,run_20260920_113337,,unloading,unloading,21.987,27.709,99.982,1.2000000476837158,0.0,0.0,0.0,117.626,1.7629,0.0
652.0,run_20260920_113337,,unloading,unloading,21.979,27.703,99.982,1.2000000476837158,0.0,0.0,0.0,117.626,1.7645,0.0
653.0,run_20260920_113337,,unloading,unloading,21.972,27.696,99.982,1.2000000476837158,0.0,0.0,0.0,117.626,1.7662,0.0
654.0,run_20260920_113337,,unloading,unloading,21.964,27.69,99.982,1.2000000476837158,0.0,0.0,0.0,117.626,1.7679,0.0
655.0,run_20260920_113337,,unloading,unloading,21.957,27.684,99.982,1.2000000476837158,0.0,0.0,0.0,117.626,1.7695,0.0
656.0,run_20260920_113337,,unloading,unloading,21.949,27.677,99.982,1.2000000476837158,0.0,0.0,0.0,117.626,1.7712,0.0
657.0,run_20260920_113337,,unloading,unloading,21.942,27.671,99.982,1.2000000476837158,0.0,0.0,0.0,117.626,1.7729,0.0
658.0,run_20260920_113337,,unloading,unloading,21.934,27.665,99.982,1.2000000476837158,0.0,0.0,0.0,117.626,1.7745,0.0
659.0,run_20260920_113337,,unloading,unloading,21.926,27.659,99.982,1.2000000476837158,0.0,0.0,0.0,117.626,1.7762,0.0
660.0,run_20260920_113337,,unloading,unloading,21.919,27.653,99.982,1.2000000476837158,0.0,0.0,0.0,117.626,1.7779,0.0
661.0,run_20260920_113337,,unloading,unloading,21.911,27.646,99.982,1.2000000476837158,0.0,0.0,0.0,117.626,1.7795,0.0
662.0,run_20260920_113337,,unloading,unloading,21.904,27.64,99.982,1.2000000476837158,0.0,0.0,0.0,117.626,1.7812,0.0
663.0,run_20260920_113337,,unloading,unloading,21.896,27.634,99.982,1.2000000476837158,0.0,0.0,0.0,117.626,1.7829,0.0
664.0,run_20260920_113337,,unloading,unloading,21.889,27.628,99.982,1.2000000476837158,0.0,0.0,0.0,117.626,1.7845,0.0
665.0,run_20260920_113337,,unloading,unloading,21.881,27.622,99.982,1.2000000476837158,0.0,0.0,0.0,117.626,1.7862,0.0
666.0,run_20260920_113337,,unloading,unloading,21.873,27.615,99.982,1.2000000476837158,0.0,0.0,0.0,117.626,1.7879,0.0
667.0,run_20260920_113337,,unloading,unloading,21.866,27.609,99.982,1.2000000476837158,0.0,0.0,0.0,117.626,1.7895,0.0
668.0,run_20260920_113337,,waiting,waiting,21.858,27.603,99.982,0.0,0.0,0.0,0.0,117.626,1.7912,0.0
669.0,run_20260920_113337,,driving,driving,21.85,27.606,99.982,0.0,0.237,0.132,0.0304,117.656,1.793,0.0
670.0,run_20260920_113337,,driving,driving,21.838,27.629,99.982,0.0,0.796,0.443,0.2083,117.864,1.7957,0.0
671.0,run_20260920_113337,,driving,driving,21.819,27.656,99.982,0.0,0.896,0.499,0.4774,118.342,1.7998,0.0
672.0,run_20260920_113337,,driving,driving,21.8,27.683,99.982,0.0,0.897,0.5,0.5017,118.844,1.804,0.0
673.0,run_20260920_113337,,driving,driving,21.781,27.71,99.982,0.0,0.897,0.5,0.5037,119.347,1.8082,0.0
674.0,run_20260920_113337,,driving,driving,21.762,27.737,99.982,0.0,0.897,0.5,0.5017,119.849,1.8124,0.0
675.0,run_20260920_113337,,driving,driving,21.743,27.763,99.982,0.0,0.893,0.498,0.4835,120.333,1.8165,0.0
676.0,run_20260920_113337,,driving,driving,21.724,27.79,99.982,0.0,0.885,0.493,0.502,120.835,1.8207,0.0
677.0,run_20260920_113337,,driving,driving,21.705,27.817,99.982,0.0,0.897,0.5,0.4987,121.333,1.8249,0.0
678.0,run_20260920_113337,,driving,driving,21.686,27.843,99.982,0.0,0.897,0.5,0.5024,121.836,1.8291,0.0
679.0,run_20260920_113337,,driving,driving,21.667,27.866,99.982,0.0,0.775,0.432,0.4872,122.323,1.8333,0.0
680.0,run_20260920_113337,,driving,driving,21.652,27.877,99.982,0.0,0.478,0.266,0.3384,122.661,1.8366,0.0
681.0,run_20260920_113337,,driving,driving,21.641,27.872,99.982,0.0,0.03,0.017,0.1121,122.773,1.8389,0.0
682.0,run_20260920_113337,,driving,driving,21.632,27.87,99.982,0.0,0.143,0.08,0.0652,122.838,1.8409,0.0
683.0,run_20260920_113337,,charging,charging,21.656,27.861,99.982,0.0,0.0,0.0,0.0222,122.838,1.8409,0.0053
684.0,run_20260920_113337,,charging,charging,21.68,27.851,99.982,0.0,0.0,0.0,0.0,122.838,1.8409,0.0106
685.0,run_20260920_113337,,charging,charging,21.704,27.841,99.982,0.0,0.0,0.0,0.0,122.838,1.8409,0.0158
686.0,run_20260920_113337,,charging,charging,21.728,27.832,99.982,0.0,0.0,0.0,0.0,122.838,1.8409,0.0211
687.0,run_20260920_113337,,charging,charging,21.752,27.822,99.982,0.0,0.0,0.0,0.0,122.838,1.8409,0.0264
688.0,run_20260920_113337,,charging,charging,21.776,27.813,99.982,0.0,0.0,0.0,0.0,122.838,1.8409,0.0317
689.0,run_20260920_113337,,charging,charging,21.8,27.803,99.982,0.0,0.0,0.0,0.0,122.838,1.8409,0.0369
690.0,run_20260920_113337,,charging,charging,21.824,27.793,99.982,0.0,0.0,0.0,0.0,122.838,1.8409,0.0422
691.0,run_20260920_113337,,charging,charging,21.848,27.784,99.982,0.0,0.0,0.0,0.0,122.838,1.8409,0.0475
692.0,run_20260920_113337,,charging,charging,21.872,27.774,99.982,0.0,0.0,0.0,0.0,122.838,1.8409,0.0528
693.0,run_20260920_113337,,charging,charging,21.896,27.765,99.982,0.0,0.0,0.0,0.0,122.838,1.8409,0.0581
694.0,run_20260920_113337,,charging,charging,21.92,27.755,99.982,0.0,0.0,0.0,0.0,122.838,1.8409,0.0633
695.0,run_20260920_113337,,charging,charging,21.944,27.746,99.982,0.0,0.0,0.0,0.0,122.838,1.8409,0.0686
696.0,run_20260920_113337,,charging,charging,21.968,27.736,99.982,0.0,0.0,0.0,0.0,122.838,1.8409,0.0739
697.0,run_20260920_113337,,charging,charging,21.992,27.727,99.982,0.0,0.0,0.0,0.0,122.838,1.8409,0.0792
698.0,run_20260920_113337,,charging,charging,22.016,27.717,99.982,0.0,0.0,0.0,0.0,122.838,1.8409,0.0844
699.0,run_20260920_113337,,charging,charging,22.04,27.708,99.982,0.0,0.0,0.0,0.0,122.838,1.8409,0.0897
700.0,run_20260920_113337,,charging,charging,22.064,27.699,99.982,0.0,0.0,0.0,0.0,122.838,1.8409,0.095
701.0,run_20260920_113337,,charging,charging,22.088,27.689,99.982,0.0,0.0,0.0,0.0,122.838,1.8409,0.1003
702.0,run_20260920_113337,,charging,charging,22.112,27.68,99.982,0.0,0.0,0.0,0.0,122.838,1.8409,0.1056
703.0,run_20260920_113337,,charging,charging,22.136,27.67,99.982,0.0,0.0,0.0,0.0,122.838,1.8409,0.1108
704.0,run_20260920_113337,,charging,charging,22.16,27.661,99.982,0.0,0.0,0.0,0.0,122.838,1.8409,0.1161
705.0,run_20260920_113337,,charging,charging,22.184,27.652,99.982,0.0,0.0,0.0,0.0,122.838,1.8409,0.1214
706.0,run_20260920_113337,,charging,charging,22.208,27.642,99.982,0.0,0.0,0.0,0.0,122.838,1.8409,0.1267
707.0,run_20260920_113337,,charging,charging,22.232,27.633,99.982,0.0,0.0,0.0,0.0,122.838,1.8409,0.1319
708.0,run_20260920_113337,,charging,charging,22.256,27.624,99.982,0.0,0.0,0.0,0.0,122.838,1.8409,0.1372
709.0,run_20260920_113337,,charging,charging,22.28,27.614,99.982,0.0,0.0,0.0,0.0,122.838,1.8409,0.1425
710.0,run_20260920_113337,,charging,charging,22.304,27.605,99.982,0.0,0.0,0.0,0.0,122.838,1.8409,0.1478
711.0,run_20260920_113337,,charging,charging,22.328,27.596,99.982,0.0,0.0,0.0,0.0,122.838,1.8409,0.1531
712.0,run_20260920_113337,,charging,charging,22.352,27.587,99.982,0.0,0.0,0.0,0.0,122.838,1.8409,0.1583
713.0,run_20260920_113337,,charging,charging,22.376,27.577,99.982,0.0,0.0,0.0,0.0,122.838,1.8409,0.1636
714.0,run_20260920_113337,,charging,charging,22.4,27.568,99.982,0.0,0.0,0.0,0.0,122.838,1.8409,0.1689
715.0,run_20260920_113337,,charging,charging,22.424,27.559,99.982,0.0,0.0,0.0,0.0,122.838,1.8409,0.1742
716.0,run_20260920_113337,,charging,charging,22.448,27.55,99.982,0.0,0.0,0.0,0.0,122.838,1.8409,0.1794
717.0,run_20260920_113337,,charging,charging,22.472,27.541,99.982,0.0,0.0,0.0,0.0,122.838,1.8409,0.1847
718.0,run_20260920_113337,,charging,charging,22.496,27.532,99.982,0.0,0.0,0.0,0.0,122.838,1.8409,0.19
719.0,run_20260920_113337,,charging,charging,22.52,27.522,99.982,0.0,0.0,0.0,0.0,122.838,1.8409,0.1953
720.0,run_20260920_113337,,charging,charging,22.544,27.513,99.982,0.0,0.0,0.0,0.0,122.838,1.8409,0.2006
721.0,run_20260920_113337,,charging,charging,22.568,27.504,99.982,0.0,0.0,0.0,0.0,122.838,1.8409,0.2058
722.0,run_20260920_113337,,charging,charging,22.592,27.495,99.982,0.0,0.0,0.0,0.0,122.838,1.8409,0.2111
723.0,run_20260920_113337,,charging,charging,22.616,27.486,99.982,0.0,0.0,0.0,0.0,122.838,1.8409,0.2164
724.0,run_20260920_113337,,charging,charging,22.64,27.477,99.982,0.0,0.0,0.0,0.0,122.838,1.8409,0.2217
725.0,run_20260920_113337,,charging,charging,22.664,27.468,99.982,0.0,0.0,0.0,0.0,122.838,1.8409,0.2269
726.0,run_20260920_113337,,charging,charging,22.688,27.459,99.982,0.0,0.0,0.0,0.0,122.838,1.8409,0.2322
727.0,run_20260920_113337,,charging,charging,22.712,27.45,99.982,0.0,0.0,0.0,0.0,122.838,1.8409,0.2375
728.0,run_20260920_113337,,charging,charging,22.736,27.441,99.982,0.0,0.0,0.0,0.0,122.838,1.8409,0.2428
729.0,run_20260920_113337,,charging,charging,22.76,27.432,99.982,0.0,0.0,0.0,0.0,122.838,1.8409,0.2481
730.0,run_20260920_113337,,charging,charging,22.784,27.423,99.982,0.0,0.0,0.0,0.0,122.838,1.8409,0.2533
731.0,run_20260920_113337,,charging,charging,22.808,27.414,99.982,0.0,0.0,0.0,0.0,122.838,1.8409,0.2586
732.0,run_20260920_113337,,charging,charging,22.832,27.405,99.982,0.0,0.0,0.0,0.0,122.838,1.8409,0.2639
733.0,run_20260920_113337,,charging,charging,22.856,27.396,99.982,0.0,0.0,0.0,0.0,122.838,1.8409,0.2692
734.0,run_20260920_113337,,charging,charging,22.88,27.387,99.982,0.0,0.0,0.0,0.0,122.838,1.8409,0.2744
735.0,run_20260920_113337,,charging,charging,22.904,27.378,99.982,0.0,0.0,0.0,0.0,122.838,1.8409,0.2797
736.0,run_20260920_113337,,charging,charging,22.928,27.37,99.982,0.0,0.0,0.0,0.0,122.838,1.8409,0.285
737.0,run_20260920_113337,,charging,charging,22.952,27.361,99.982,0.0,0.0,0.0,0.0,122.838,1.8409,0.2903
738.0,run_20260920_113337,,charging,charging,22.976,27.352,99.982,0.0,0.0,0.0,0.0,122.838,1.8409,0.2956
739.0,run_20260920_113337,,charging,charging,23.0,27.343,99.982,0.0,0.0,0.0,0.0,122.838,1.8409,0.3008
740.0,run_20260920_113337,,charging,charging,23.024,27.334,99.982,0.0,0.0,0.0,0.0,122.838,1.8409,0.3061
741.0,run_20260920_113337,,charging,charging,23.048,27.325,99.982,0.0,0.0,0.0,0.0,122.838,1.8409,0.3114
742.0,run_20260920_113337,,charging,charging,23.072,27.317,99.982,0.0,0.0,0.0,0.0,122.838,1.8409,0.3167
743.0,run_20260920_113337,,charging,charging,23.096,27.308,99.982,0.0,0.0,0.0,0.0,122.838,1.8409,0.3219
744.0,run_20260920_113337,,charging,charging,23.12,27.299,99.982,0.0,0.0,0.0,0.0,122.838,1.8409,0.3272
745.0,run_20260920_113337,,charging,charging,23.144,27.29,99.982,0.0,0.0,0.0,0.0,122.838,1.8409,0.3325
746.0,run_20260920_113337,,charging,charging,23.168,27.282,99.982,0.0,0.0,0.0,0.0,122.838,1.8409,0.3378
747.0,run_20260920_113337,,charging,charging,23.192,27.273,99.982,0.0,0.0,0.0,0.0,122.838,1.8409,0.3431
748.0,run_20260920_113337,,charging,charging,23.216,27.264,99.982,0.0,0.0,0.0,0.0,122.838,1.8409,0.3483
749.0,run_20260920_113337,,charging,charging,23.24,27.256,99.982,0.0,0.0,0.0,0.0,122.838,1.8409,0.3536
750.0,run_20260920_113337,,charging,charging,23.264,27.247,99.982,0.0,0.0,0.0,0.0,122.838,1.8409,0.3589
751.0,run_20260920_113337,,charging,charging,23.288,27.238,99.982,0.0,0.0,0.0,0.0,122.838,1.8409,0.3642
752.0,run_20260920_113337,,charging,charging,23.312,27.23,99.982,0.0,0.0,0.0,0.0,122.838,1.8409,0.3694
753.0,run_20260920_113337,,charging,charging,23.336,27.221,99.982,0.0,0.0,0.0,0.0,122.838,1.8409,0.3747
754.0,run_20260920_113337,,charging,charging,23.36,27.212,99.982,0.0,0.0,0.0,0.0,122.838,1.8409,0.38
755.0,run_20260920_113337,,charging,charging,23.384,27.204,99.982,0.0,0.0,0.0,0.0,122.838,1.8409,0.3853
756.0,run_20260920_113337,,charging,charging,23.408,27.195,99.982,0.0,0.0,0.0,0.0,122.838,1.8409,0.3906
757.0,run_20260920_113337,,charging,charging,23.432,27.187,99.982,0.0,0.0,0.0,0.0,122.838,1.8409,0.3958
758.0,run_20260920_113337,,charging,charging,23.456,27.178,99.982,0.0,0.0,0.0,0.0,122.838,1.8409,0.4011
759.0,run_20260920_113337,,charging,charging,23.48,27.169,99.982,0.0,0.0,0.0,0.0,122.838,1.8409,0.4064
760.0,run_20260920_113337,,charging,charging,23.504,27.161,99.982,0.0,0.0,0.0,0.0,122.838,1.8409,0.4117
761.0,run_20260920_113337,,charging,charging,23.528,27.152,99.982,0.0,0.0,0.0,0.0,122.838,1.8409,0.4169
762.0,run_20260920_113337,,charging,charging,23.552,27.144,99.982,0.0,0.0,0.0,0.0,122.838,1.8409,0.4222
763.0,run_20260920_113337,,charging,charging,23.576,27.135,99.982,0.0,0.0,0.0,0.0,122.838,1.8409,0.4275
764.0,run_20260920_113337,,charging,charging,23.6,27.127,99.982,0.0,0.0,0.0,0.0,122.838,1.8409,0.4328
765.0,run_20260920_113337,,charging,charging,23.624,27.119,99.982,0.0,0.0,0.0,0.0,122.838,1.8409,0.4381
766.0,run_20260920_113337,,charging,charging,23.648,27.11,99.982,0.0,0.0,0.0,0.0,122.838,1.8409,0.4433
767.0,run_20260920_113337,,charging,charging,23.672,27.102,99.982,0.0,0.0,0.0,0.0,122.838,1.8409,0.4486
768.0,run_20260920_113337,,charging,charging,23.695,27.093,99.982,0.0,0.0,0.0,0.0,122.838,1.8409,0.4539
769.0,run_20260920_113337,,charging,charging,23.719,27.085,99.982,0.0,0.0,0.0,0.0,122.838,1.8409,0.4592
770.0,run_20260920_113337,,charging,charging,23.743,27.076,99.982,0.0,0.0,0.0,0.0,122.838,1.8409,0.4644
771.0,run_20260920_113337,,charging,charging,23.767,27.068,99.982,0.0,0.0,0.0,0.0,122.838,1.8409,0.4697
772.0,run_20260920_113337,,charging,charging,23.791,27.06,99.982,0.0,0.0,0.0,0.0,122.838,1.8409,0.475
773.0,run_20260920_113337,,charging,charging,23.815,27.051,99.982,0.0,0.0,0.0,0.0,122.838,1.8409,0.4803
774.0,run_20260920_113337,,charging,charging,23.839,27.043,99.982,0.0,0.0,0.0,0.0,122.838,1.8409,0.4856
775.0,run_20260920_113337,,charging,charging,23.863,27.035,99.982,0.0,0.0,0.0,0.0,122.838,1.8409,0.4908
776.0,run_20260920_113337,,charging,charging,23.887,27.026,99.982,0.0,0.0,0.0,0.0,122.838,1.8409,0.4961
777.0,run_20260920_113337,,charging,charging,23.911,27.018,99.982,0.0,0.0,0.0,0.0,122.838,1.8409,0.5014
778.0,run_20260920_113337,,charging,charging,23.935,27.01,99.982,0.0,0.0,0.0,0.0,122.838,1.8409,0.5067
779.0,run_20260920_113337,,charging,charging,23.959,27.002,99.982,0.0,0.0,0.0,0.0,122.838,1.8409,0.5119
780.0,run_20260920_113337,,charging,charging,23.983,26.993,99.982,0.0,0.0,0.0,0.0,122.838,1.8409,0.5172
781.0,run_20260920_113337,,charging,charging,24.007,26.985,99.982,0.0,0.0,0.0,0.0,122.838,1.8409,0.5225
782.0,run_20260920_113337,,charging,charging,24.031,26.977,99.982,0.0,0.0,0.0,0.0,122.838,1.8409,0.5278
783.0,run_20260920_113337,,charging,charging,24.055,26.969,99.982,0.0,0.0,0.0,0.0,122.838,1.8409,0.5331
784.0,run_20260920_113337,,charging,charging,24.079,26.96,99.982,0.0,0.0,0.0,0.0,122.838,1.8409,0.5383
785.0,run_20260920_113337,,charging,charging,24.103,26.952,99.982,0.0,0.0,0.0,0.0,122.838,1.8409,0.5436
786.0,run_20260920_113337,,charging,charging,24.127,26.944,99.982,0.0,0.0,0.0,0.0,122.838,1.8409,0.5489
787.0,run_20260920_113337,,charging,charging,24.151,26.936,99.982,0.0,0.0,0.0,0.0,122.838,1.8409,0.5542
788.0,run_20260920_113337,,charging,charging,24.175,26.928,99.982,0.0,0.0,0.0,0.0,122.838,1.8409,0.5594
789.0,run_20260920_113337,,charging,charging,24.199,26.92,99.982,0.0,0.0,0.0,0.0,122.838,1.8409,0.5647
790.0,run_20260920_113337,,charging,charging,24.223,26.912,99.982,0.0,0.0,0.0,0.0,122.838,1.8409,0.57
791.0,run_20260920_113337,,charging,charging,24.247,26.903,99.982,0.0,0.0,0.0,0.0,122.838,1.8409,0.5753
792.0,run_20260920_113337,,charging,charging,24.271,26.895,99.982,0.0,0.0,0.0,0.0,122.838,1.8409,0.5806
793.0,run_20260920_113337,,charging,charging,24.295,26.887,99.982,0.0,0.0,0.0,0.0,122.838,1.8409,0.5858
794.0,run_20260920_113337,,charging,charging,24.319,26.879,99.982,0.0,0.0,0.0,0.0,122.838,1.8409,0.5911
795.0,run_20260920_113337,,charging,charging,24.343,26.871,99.982,0.0,0.0,0.0,0.0,122.838,1.8409,0.5964
796.0,run_20260920_113337,,charging,charging,24.367,26.863,99.982,0.0,0.0,0.0,0.0,122.838,1.8409,0.6017
797.0,run_20260920_113337,,charging,charging,24.391,26.855,99.982,0.0,0.0,0.0,0.0,122.838,1.8409,0.6069
798.0,run_20260920_113337,,charging,charging,24.415,26.847,99.982,0.0,0.0,0.0,0.0,122.838,1.8409,0.6122
799.0,run_20260920_113337,,charging,charging,24.439,26.839,99.982,0.0,0.0,0.0,0.0,122.838,1.8409,0.6175
800.0,run_20260920_113337,,charging,charging,24.463,26.831,99.982,0.0,0.0,0.0,0.0,122.838,1.8409,0.6228
801.0,run_20260920_113337,,charging,charging,24.487,26.823,99.982,0.0,0.0,0.0,0.0,122.838,1.8409,0.6281
802.0,run_20260920_113337,,charging,charging,24.511,26.815,99.982,0.0,0.0,0.0,0.0,122.838,1.8409,0.6333
803.0,run_20260920_113337,,charging,charging,24.535,26.807,99.982,0.0,0.0,0.0,0.0,122.838,1.8409,0.6386
804.0,run_20260920_113337,,charging,charging,24.559,26.799,99.982,0.0,0.0,0.0,0.0,122.838,1.8409,0.6439
805.0,run_20260920_113337,,charging,charging,24.583,26.791,99.982,0.0,0.0,0.0,0.0,122.838,1.8409,0.6492
806.0,run_20260920_113337,,charging,charging,24.607,26.783,99.982,0.0,0.0,0.0,0.0,122.838,1.8409,0.6544
807.0,run_20260920_113337,,charging,charging,24.631,26.776,99.982,0.0,0.0,0.0,0.0,122.838,1.8409,0.6597
808.0,run_20260920_113337,,charging,charging,24.655,26.768,99.982,0.0,0.0,0.0,0.0,122.838,1.8409,0.665
809.0,run_20260920_113337,,charging,charging,24.679,26.76,99.982,0.0,0.0,0.0,0.0,122.838,1.8409,0.6703
810.0,run_20260920_113337,,charging,charging,24.703,26.752,99.982,0.0,0.0,0.0,0.0,122.838,1.8409,0.6756
811.0,run_20260920_113337,,charging,charging,24.727,26.744,99.982,0.0,0.0,0.0,0.0,122.838,1.8409,0.6808
812.0,run_20260920_113337,,charging,charging,24.751,26.736,99.982,0.0,0.0,0.0,0.0,122.838,1.8409,0.6861
813.0,run_20260920_113337,,charging,charging,24.775,26.728,99.982,0.0,0.0,0.0,0.0,122.838,1.8409,0.6914
814.0,run_20260920_113337,,charging,charging,24.799,26.721,99.982,0.0,0.0,0.0,0.0,122.838,1.8409,0.6967
815.0,run_20260920_113337,,charging,charging,24.823,26.713,99.982,0.0,0.0,0.0,0.0,122.838,1.8409,0.7019
816.0,run_20260920_113337,,charging,charging,24.847,26.705,99.982,0.0,0.0,0.0,0.0,122.838,1.8409,0.7072
817.0,run_20260920_113337,,charging,charging,24.871,26.697,99.982,0.0,0.0,0.0,0.0,122.838,1.8409,0.7125
818.0,run_20260920_113337,,charging,charging,24.895,26.69,99.982,0.0,0.0,0.0,0.0,122.838,1.8409,0.7178
819.0,run_20260920_113337,,charging,charging,24.919,26.682,99.982,0.0,0.0,0.0,0.0,122.838,1.8409,0.7231
820.0,run_20260920_113337,,charging,charging,24.943,26.674,99.982,0.0,0.0,0.0,0.0,122.838,1.8409,0.7283
821.0,run_20260920_113337,,charging,charging,24.967,26.666,99.982,0.0,0.0,0.0,0.0,122.838,1.8409,0.7336
822.0,run_20260920_113337,,charging,charging,24.991,26.659,99.982,0.0,0.0,0.0,0.0,122.838,1.8409,0.7389
823.0,run_20260920_113337,,charging,charging,25.015,26.651,99.982,0.0,0.0,0.0,0.0,122.838,1.8409,0.7442
824.0,run_20260920_113337,,charging,charging,25.039,26.643,99.982,0.0,0.0,0.0,0.0,122.838,1.8409,0.7494
825.0,run_20260920_113337,,charging,charging,25.063,26.636,99.982,0.0,0.0,0.0,0.0,122.838,1.8409,0.7547
826.0,run_20260920_113337,,charging,charging,25.087,26.628,99.982,0.0,0.0,0.0,0.0,122.838,1.8409,0.76
827.0,run_20260920_113337,,charging,charging,25.111,26.62,99.982,0.0,0.0,0.0,0.0,122.838,1.8409,0.7653
828.0,run_20260920_113337,,charging,charging,25.135,26.613,99.982,0.0,0.0,0.0,0.0,122.838,1.8409,0.7706
829.0,run_20260920_113337,,charging,charging,25.159,26.605,99.982,0.0,0.0,0.0,0.0,122.838,1.8409,0.7758
830.0,run_20260920_113337,,charging,charging,25.183,26.598,99.982,0.0,0.0,0.0,0.0,122.838,1.8409,0.7811
831.0,run_20260920_113337,,charging,charging,25.207,26.59,99.982,0.0,0.0,0.0,0.0,122.838,1.8409,0.7864
832.0,run_20260920_113337,,charging,charging,25.231,26.582,99.982,0.0,0.0,0.0,0.0,122.838,1.8409,0.7917
833.0,run_20260920_113337,,charging,charging,25.255,26.575,99.982,0.0,0.0,0.0,0.0,122.838,1.8409,0.7969
834.0,run_20260920_113337,,charging,charging,25.279,26.567,99.982,0.0,0.0,0.0,0.0,122.838,1.8409,0.8022
835.0,run_20260920_113337,,charging,charging,25.303,26.56,99.982,0.0,0.0,0.0,0.0,122.838,1.8409,0.8075
836.0,run_20260920_113337,,charging,charging,25.327,26.552,99.982,0.0,0.0,0.0,0.0,122.838,1.8409,0.8128
837.0,run_20260920_113337,,charging,charging,25.351,26.545,99.982,0.0,0.0,0.0,0.0,122.838,1.8409,0.8181
838.0,run_20260920_113337,,charging,charging,25.375,26.537,99.982,0.0,0.0,0.0,0.0,122.838,1.8409,0.8233
839.0,run_20260920_113337,,charging,charging,25.399,26.53,99.982,0.0,0.0,0.0,0.0,122.838,1.8409,0.8286
840.0,run_20260920_113337,,charging,charging,25.423,26.522,99.982,0.0,0.0,0.0,0.0,122.838,1.8409,0.8339
841.0,run_20260920_113337,,charging,charging,25.447,26.515,99.982,0.0,0.0,0.0,0.0,122.838,1.8409,0.8392
842.0,run_20260920_113337,,charging,charging,25.471,26.507,99.982,0.0,0.0,0.0,0.0,122.838,1.8409,0.8444
843.0,run_20260920_113337,,charging,charging,25.495,26.5,99.982,0.0,0.0,0.0,0.0,122.838,1.8409,0.8497
844.0,run_20260920_113337,,charging,charging,25.519,26.492,99.982,0.0,0.0,0.0,0.0,122.838,1.8409,0.855
845.0,run_20260920_113337,,charging,charging,25.543,26.485,99.982,0.0,0.0,0.0,0.0,122.838,1.8409,0.8603
846.0,run_20260920_113337,,charging,charging,25.567,26.478,99.982,0.0,0.0,0.0,0.0,122.838,1.8409,0.8656
847.0,run_20260920_113337,,charging,charging,25.591,26.47,99.982,0.0,0.0,0.0,0.0,122.838,1.8409,0.8708
848.0,run_20260920_113337,,charging,charging,25.615,26.463,99.982,0.0,0.0,0.0,0.0,122.838,1.8409,0.8761
849.0,run_20260920_113337,,charging,charging,25.639,26.456,99.982,0.0,0.0,0.0,0.0,122.838,1.8409,0.8814
850.0,run_20260920_113337,,charging,charging,25.663,26.448,99.982,0.0,0.0,0.0,0.0,122.838,1.8409,0.8867
851.0,run_20260920_113337,,charging,charging,25.687,26.441,99.982,0.0,0.0,0.0,0.0,122.838,1.8409,0.8919
852.0,run_20260920_113337,,charging,charging,25.711,26.434,99.982,0.0,0.0,0.0,0.0,122.838,1.8409,0.8972
853.0,run_20260920_113337,,charging,charging,25.735,26.426,99.982,0.0,0.0,0.0,0.0,122.838,1.8409,0.9025
854.0,run_20260920_113337,,charging,charging,25.759,26.419,99.982,0.0,0.0,0.0,0.0,122.838,1.8409,0.9078
855.0,run_20260920_113337,,charging,charging,25.783,26.412,99.982,0.0,0.0,0.0,0.0,122.838,1.8409,0.9131
856.0,run_20260920_113337,,charging,charging,25.807,26.404,99.982,0.0,0.0,0.0,0.0,122.838,1.8409,0.9183
857.0,run_20260920_113337,,charging,charging,25.831,26.397,99.982,0.0,0.0,0.0,0.0,122.838,1.8409,0.9236
858.0,run_20260920_113337,,charging,charging,25.855,26.39,99.982,0.0,0.0,0.0,0.0,122.838,1.8409,0.9289
859.0,run_20260920_113337,,charging,charging,25.879,26.383,99.982,0.0,0.0,0.0,0.0,122.838,1.8409,0.9342
860.0,run_20260920_113337,,charging,charging,25.903,26.375,99.982,0.0,0.0,0.0,0.0,122.838,1.8409,0.9394
861.0,run_20260920_113337,,charging,charging,25.927,26.368,99.982,0.0,0.0,0.0,0.0,122.838,1.8409,0.9447
862.0,run_20260920_113337,,charging,charging,25.951,26.361,99.982,0.0,0.0,0.0,0.0,122.838,1.8409,0.95
863.0,run_20260920_113337,,charging,charging,25.975,26.354,99.982,0.0,0.0,0.0,0.0,122.838,1.8409,0.9553
864.0,run_20260920_113337,,charging,charging,25.999,26.347,99.982,0.0,0.0,0.0,0.0,122.838,1.8409,0.9606
865.0,run_20260920_113337,,charging,charging,26.023,26.339,99.982,0.0,0.0,0.0,0.0,122.838,1.8409,0.9658
866.0,run_20260920_113337,,charging,charging,26.047,26.332,99.982,0.0,0.0,0.0,0.0,122.838,1.8409,0.9711
867.0,run_20260920_113337,,charging,charging,26.07,26.325,99.982,0.0,0.0,0.0,0.0,122.838,1.8409,0.9764
868.0,run_20260920_113337,,charging,charging,26.094,26.318,99.982,0.0,0.0,0.0,0.0,122.838,1.8409,0.9817
869.0,run_20260920_113337,,charging,charging,26.118,26.311,99.982,0.0,0.0,0.0,0.0,122.838,1.8409,0.9869
870.0,run_20260920_113337,,charging,charging,26.142,26.304,99.982,0.0,0.0,0.0,0.0,122.838,1.8409,0.9922
871.0,run_20260920_113337,,charging,charging,26.166,26.297,99.982,0.0,0.0,0.0,0.0,122.838,1.8409,0.9975
872.0,run_20260920_113337,,charging,charging,26.19,26.289,99.982,0.0,0.0,0.0,0.0,122.838,1.8409,1.0028
873.0,run_20260920_113337,,charging,charging,26.214,26.282,99.982,0.0,0.0,0.0,0.0,122.838,1.8409,1.0081
874.0,run_20260920_113337,,charging,charging,26.238,26.275,99.982,0.0,0.0,0.0,0.0,122.838,1.8409,1.0133
875.0,run_20260920_113337,,charging,charging,26.262,26.268,99.982,0.0,0.0,0.0,0.0,122.838,1.8409,1.0186
876.0,run_20260920_113337,,charging,charging,26.286,26.261,99.982,0.0,0.0,0.0,0.0,122.838,1.8409,1.0239
877.0,run_20260920_113337,,charging,charging,26.31,26.254,99.982,0.0,0.0,0.0,0.0,122.838,1.8409,1.0292
878.0,run_20260920_113337,,charging,charging,26.334,26.247,99.982,0.0,0.0,0.0,0.0,122.838,1.8409,1.0344
879.0,run_20260920_113337,,charging,charging,26.358,26.24,99.982,0.0,0.0,0.0,0.0,122.838,1.8409,1.0397
880.0,run_20260920_113337,,charging,charging,26.382,26.233,99.982,0.0,0.0,0.0,0.0,122.838,1.8409,1.045
881.0,run_20260920_113337,,charging,charging,26.406,26.226,99.982,0.0,0.0,0.0,0.0,122.838,1.8409,1.0503
882.0,run_20260920_113337,,charging,charging,26.43,26.219,99.982,0.0,0.0,0.0,0.0,122.838,1.8409,1.0556
883.0,run_20260920_113337,,charging,charging,26.454,26.212,99.982,0.0,0.0,0.0,0.0,122.838,1.8409,1.0608
884.0,run_20260920_113337,,charging,charging,26.478,26.205,99.982,0.0,0.0,0.0,0.0,122.838,1.8409,1.0661
885.0,run_20260920_113337,,charging,charging,26.502,26.198,99.982,0.0,0.0,0.0,0.0,122.838,1.8409,1.0714
886.0,run_20260920_113337,,charging,charging,26.526,26.191,99.982,0.0,0.0,0.0,0.0,122.838,1.8409,1.0767
887.0,run_20260920_113337,,charging,charging,26.55,26.185,99.982,0.0,0.0,0.0,0.0,122.838,1.8409,1.0819
888.0,run_20260920_113337,,charging,charging,26.574,26.178,99.982,0.0,0.0,0.0,0.0,122.838,1.8409,1.0872
889.0,run_20260920_113337,,charging,charging,26.598,26.171,99.982,0.0,0.0,0.0,0.0,122.838,1.8409,1.0925
890.0,run_20260920_113337,,charging,charging,26.622,26.164,99.982,0.0,0.0,0.0,0.0,122.838,1.8409,1.0978
891.0,run_20260920_113337,,charging,charging,26.646,26.157,99.982,0.0,0.0,0.0,0.0,122.838,1.8409,1.1031
892.0,run_20260920_113337,,charging,charging,26.67,26.15,99.982,0.0,0.0,0.0,0.0,122.838,1.8409,1.1083
893.0,run_20260920_113337,,charging,charging,26.694,26.143,99.982,0.0,0.0,0.0,0.0,122.838,1.8409,1.1136
894.0,run_20260920_113337,,charging,charging,26.718,26.136,99.982,0.0,0.0,0.0,0.0,122.838,1.8409,1.1189
895.0,run_20260920_113337,,charging,charging,26.742,26.13,99.982,0.0,0.0,0.0,0.0,122.838,1.8409,1.1242
896.0,run_20260920_113337,,charging,charging,26.766,26.123,99.982,0.0,0.0,0.0,0.0,122.838,1.8409,1.1294
897.0,run_20260920_113337,,charging,charging,26.79,26.116,99.982,0.0,0.0,0.0,0.0,122.838,1.8409,1.1347
898.0,run_20260920_113337,,charging,charging,26.814,26.109,99.982,0.0,0.0,0.0,0.0,122.838,1.8409,1.14
899.0,run_20260920_113337,,charging,charging,26.838,26.102,99.982,0.0,0.0,0.0,0.0,122.838,1.8409,1.1453
900.0,run_20260920_113337,,charging,charging,26.862,26.096,99.982,0.0,0.0,0.0,0.0,122.838,1.8409,1.1506
901.0,run_20260920_113337,,charging,charging,26.886,26.089,99.982,0.0,0.0,0.0,0.0,122.838,1.8409,1.1558
902.0,run_20260920_113337,,charging,charging,26.91,26.082,99.982,0.0,0.0,0.0,0.0,122.838,1.8409,1.1611
903.0,run_20260920_113337,,charging,charging,26.934,26.075,99.982,0.0,0.0,0.0,0.0,122.838,1.8409,1.1664
904.0,run_20260920_113337,,charging,charging,26.958,26.069,99.982,0.0,0.0,0.0,0.0,122.838,1.8409,1.1717
905.0,run_20260920_113337,,charging,charging,26.982,26.062,99.982,0.0,0.0,0.0,0.0,122.838,1.8409,1.1769
906.0,run_20260920_113337,,charging,charging,27.006,26.055,99.982,0.0,0.0,0.0,0.0,122.838,1.8409,1.1822
907.0,run_20260920_113337,,charging,charging,27.03,26.049,99.982,0.0,0.0,0.0,0.0,122.838,1.8409,1.1875
908.0,run_20260920_113337,,charging,charging,27.054,26.042,99.982,0.0,0.0,0.0,0.0,122.838,1.8409,1.1928
909.0,run_20260920_113337,,charging,charging,27.078,26.035,99.982,0.0,0.0,0.0,0.0,122.838,1.8409,1.1981
910.0,run_20260920_113337,,charging,charging,27.102,26.029,99.982,0.0,0.0,0.0,0.0,122.838,1.8409,1.2033
911.0,run_20260920_113337,,charging,charging,27.126,26.022,99.982,0.0,0.0,0.0,0.0,122.838,1.8409,1.2086
912.0,run_20260920_113337,,charging,charging,27.15,26.015,99.982,0.0,0.0,0.0,0.0,122.838,1.8409,1.2139
913.0,run_20260920_113337,,charging,charging,27.174,26.009,99.982,0.0,0.0,0.0,0.0,122.838,1.8409,1.2192
914.0,run_20260920_113337,,charging,charging,27.198,26.002,99.982,0.0,0.0,0.0,0.0,122.838,1.8409,1.2244
915.0,run_20260920_113337,,charging,charging,27.222,25.995,99.982,0.0,0.0,0.0,0.0,122.838,1.8409,1.2297
916.0,run_20260920_113337,,charging,charging,27.246,25.989,99.982,0.0,0.0,0.0,0.0,122.838,1.8409,1.235
917.0,run_20260920_113337,,charging,charging,27.27,25.982,99.982,0.0,0.0,0.0,0.0,122.838,1.8409,1.2403
918.0,run_20260920_113337,,charging,charging,27.294,25.976,99.982,0.0,0.0,0.0,0.0,122.838,1.8409,1.2456
919.0,run_20260920_113337,,charging,charging,27.318,25.969,99.982,0.0,0.0,0.0,0.0,122.838,1.8409,1.2508
920.0,run_20260920_113337,,charging,charging,27.342,25.963,99.982,0.0,0.0,0.0,0.0,122.838,1.8409,1.2561
921.0,run_20260920_113337,,charging,charging,27.366,25.956,99.982,0.0,0.0,0.0,0.0,122.838,1.8409,1.2614
922.0,run_20260920_113337,,charging,charging,27.39,25.95,99.982,0.0,0.0,0.0,0.0,122.838,1.8409,1.2667
923.0,run_20260920_113337,,charging,charging,27.414,25.943,99.982,0.0,0.0,0.0,0.0,122.838,1.8409,1.2719
924.0,run_20260920_113337,,charging,charging,27.438,25.937,99.982,0.0,0.0,0.0,0.0,122.838,1.8409,1.2772
925.0,run_20260920_113337,,charging,charging,27.462,25.93,99.982,0.0,0.0,0.0,0.0,122.838,1.8409,1.2825
926.0,run_20260920_113337,,charging,charging,27.486,25.924,99.982,0.0,0.0,0.0,0.0,122.838,1.8409,1.2878
927.0,run_20260920_113337,,charging,charging,27.51,25.917,99.982,0.0,0.0,0.0,0.0,122.838,1.8409,1.2931
928.0,run_20260920_113337,,charging,charging,27.534,25.911,99.982,0.0,0.0,0.0,0.0,122.838,1.8409,1.2983
929.0,run_20260920_113337,,charging,charging,27.558,25.904,99.982,0.0,0.0,0.0,0.0,122.838,1.8409,1.3036
930.0,run_20260920_113337,,charging,charging,27.582,25.898,99.982,0.0,0.0,0.0,0.0,122.838,1.8409,1.3089
931.0,run_20260920_113337,,charging,charging,27.606,25.891,99.982,0.0,0.0,0.0,0.0,122.838,1.8409,1.3142
932.0,run_20260920_113337,,charging,charging,27.63,25.885,99.982,0.0,0.0,0.0,0.0,122.838,1.8409,1.3194
933.0,run_20260920_113337,,charging,charging,27.654,25.878,99.982,0.0,0.0,0.0,0.0,122.838,1.8409,1.3247
934.0,run_20260920_113337,,charging,charging,27.678,25.872,99.982,0.0,0.0,0.0,0.0,122.838,1.8409,1.33
935.0,run_20260920_113337,,charging,charging,27.702,25.866,99.982,0.0,0.0,0.0,0.0,122.838,1.8409,1.3353
936.0,run_20260920_113337,,charging,charging,27.726,25.859,99.982,0.0,0.0,0.0,0.0,122.838,1.8409,1.3406
937.0,run_20260920_113337,,charging,charging,27.75,25.853,99.982,0.0,0.0,0.0,0.0,122.838,1.8409,1.3458
938.0,run_20260920_113337,,charging,charging,27.774,25.847,99.982,0.0,0.0,0.0,0.0,122.838,1.8409,1.3511
939.0,run_20260920_113337,,charging,charging,27.798,25.84,99.982,0.0,0.0,0.0,0.0,122.838,1.8409,1.3564
940.0,run_20260920_113337,,charging,charging,27.822,25.834,99.982,0.0,0.0,0.0,0.0,122.838,1.8409,1.3617
941.0,run_20260920_113337,,charging,charging,27.846,25.828,99.982,0.0,0.0,0.0,0.0,122.838,1.8409,1.3669
942.0,run_20260920_113337,,charging,charging,27.87,25.821,99.982,0.0,0.0,0.0,0.0,122.838,1.8409,1.3722
943.0,run_20260920_113337,,charging,charging,27.894,25.815,99.982,0.0,0.0,0.0,0.0,122.838,1.8409,1.3775
944.0,run_20260920_113337,,charging,charging,27.918,25.809,99.982,0.0,0.0,0.0,0.0,122.838,1.8409,1.3828
945.0,run_20260920_113337,,charging,charging,27.942,25.802,99.982,0.0,0.0,0.0,0.0,122.838,1.8409,1.3881
946.0,run_20260920_113337,,charging,charging,27.966,25.796,99.982,0.0,0.0,0.0,0.0,122.838,1.8409,1.3933
947.0,run_20260920_113337,,charging,charging,27.99,25.79,99.982,0.0,0.0,0.0,0.0,122.838,1.8409,1.3986
948.0,run_20260920_113337,,charging,charging,28.014,25.784,99.982,0.0,0.0,0.0,0.0,122.838,1.8409,1.4039
949.0,run_20260920_113337,,charging,charging,28.038,25.777,99.982,0.0,0.0,0.0,0.0,122.838,1.8409,1.4092
950.0,run_20260920_113337,,charging,charging,28.062,25.771,99.982,0.0,0.0,0.0,0.0,122.838,1.8409,1.4144
951.0,run_20260920_113337,,charging,charging,28.086,25.765,99.982,0.0,0.0,0.0,0.0,122.838,1.8409,1.4197
952.0,run_20260920_113337,,charging,charging,28.11,25.759,99.982,0.0,0.0,0.0,0.0,122.838,1.8409,1.425
953.0,run_20260920_113337,,charging,charging,28.134,25.752,99.982,0.0,0.0,0.0,0.0,122.838,1.8409,1.4303
954.0,run_20260920_113337,,charging,charging,28.158,25.746,99.982,0.0,0.0,0.0,0.0,122.838,1.8409,1.4356
955.0,run_20260920_113337,,charging,charging,28.182,25.74,99.982,0.0,0.0,0.0,0.0,122.838,1.8409,1.4408
956.0,run_20260920_113337,,charging,charging,28.206,25.734,99.982,0.0,0.0,0.0,0.0,122.838,1.8409,1.4461
957.0,run_20260920_113337,,charging,charging,28.23,25.728,99.982,0.0,0.0,0.0,0.0,122.838,1.8409,1.4514
958.0,run_20260920_113337,,charging,charging,28.254,25.722,99.982,0.0,0.0,0.0,0.0,122.838,1.8409,1.4567
959.0,run_20260920_113337,,charging,charging,28.278,25.715,99.982,0.0,0.0,0.0,0.0,122.838,1.8409,1.4619
960.0,run_20260920_113337,,charging,charging,28.302,25.709,99.982,0.0,0.0,0.0,0.0,122.838,1.8409,1.4672
961.0,run_20260920_113337,,charging,charging,28.326,25.703,99.982,0.0,0.0,0.0,0.0,122.838,1.8409,1.4725
962.0,run_20260920_113337,,charging,charging,28.35,25.697,99.982,0.0,0.0,0.0,0.0,122.838,1.8409,1.4778
963.0,run_20260920_113337,,charging,charging,28.374,25.691,99.982,0.0,0.0,0.0,0.0,122.838,1.8409,1.4831
964.0,run_20260920_113337,,charging,charging,28.398,25.685,99.982,0.0,0.0,0.0,0.0,122.838,1.8409,1.4883
965.0,run_20260920_113337,,charging,charging,28.422,25.679,99.982,0.0,0.0,0.0,0.0,122.838,1.8409,1.4936
966.0,run_20260920_113337,,charging,charging,28.445,25.673,99.982,0.0,0.0,0.0,0.0,122.838,1.8409,1.4989
967.0,run_20260920_113337,,charging,charging,28.469,25.667,99.982,0.0,0.0,0.0,0.0,122.838,1.8409,1.5042
968.0,run_20260920_113337,,charging,charging,28.493,25.661,99.982,0.0,0.0,0.0,0.0,122.838,1.8409,1.5094
969.0,run_20260920_113337,,charging,charging,28.517,25.655,99.982,0.0,0.0,0.0,0.0,122.838,1.8409,1.5147
970.0,run_20260920_113337,,charging,charging,28.541,25.649,99.982,0.0,0.0,0.0,0.0,122.838,1.8409,1.52
971.0,run_20260920_113337,,charging,charging,28.565,25.643,99.982,0.0,0.0,0.0,0.0,122.838,1.8409,1.5253
972.0,run_20260920_113337,,charging,charging,28.589,25.637,99.982,0.0,0.0,0.0,0.0,122.838,1.8409,1.5306
973.0,run_20260920_113337,,charging,charging,28.613,25.631,99.982,0.0,0.0,0.0,0.0,122.838,1.8409,1.5358
974.0,run_20260920_113337,,charging,charging,28.637,25.625,99.982,0.0,0.0,0.0,0.0,122.838,1.8409,1.5411
975.0,run_20260920_113337,,charging,charging,28.661,25.619,99.982,0.0,0.0,0.0,0.0,122.838,1.8409,1.5464
976.0,run_20260920_113337,,charging,charging,28.685,25.613,99.982,0.0,0.0,0.0,0.0,122.838,1.8409,1.5517
977.0,run_20260920_113337,,charging,charging,28.709,25.607,99.982,0.0,0.0,0.0,0.0,122.838,1.8409,1.5569
978.0,run_20260920_113337,,charging,charging,28.733,25.601,99.982,0.0,0.0,0.0,0.0,122.838,1.8409,1.5622
979.0,run_20260920_113337,,charging,charging,28.757,25.595,99.982,0.0,0.0,0.0,0.0,122.838,1.8409,1.5675
980.0,run_20260920_113337,,charging,charging,28.781,25.589,99.982,0.0,0.0,0.0,0.0,122.838,1.8409,1.5728
981.0,run_20260920_113337,,charging,charging,28.805,25.583,99.982,0.0,0.0,0.0,0.0,122.838,1.8409,1.5781
982.0,run_20260920_113337,,charging,charging,28.829,25.577,99.982,0.0,0.0,0.0,0.0,122.838,1.8409,1.5833
983.0,run_20260920_113337,,charging,charging,28.853,25.571,99.982,0.0,0.0,0.0,0.0,122.838,1.8409,1.5886
984.0,run_20260920_113337,,charging,charging,28.877,25.565,99.982,0.0,0.0,0.0,0.0,122.838,1.8409,1.5939
985.0,run_20260920_113337,,charging,charging,28.901,25.559,99.982,0.0,0.0,0.0,0.0,122.838,1.8409,1.5992
986.0,run_20260920_113337,,charging,charging,28.925,25.553,99.982,0.0,0.0,0.0,0.0,122.838,1.8409,1.6044
987.0,run_20260920_113337,,charging,charging,28.949,25.548,99.982,0.0,0.0,0.0,0.0,122.838,1.8409,1.6097
988.0,run_20260920_113337,,charging,charging,28.973,25.542,99.982,0.0,0.0,0.0,0.0,122.838,1.8409,1.615
989.0,run_20260920_113337,,charging,charging,28.997,25.536,99.982,0.0,0.0,0.0,0.0,122.838,1.8409,1.6203
990.0,run_20260920_113337,,charging,charging,29.021,25.53,99.982,0.0,0.0,0.0,0.0,122.838,1.8409,1.6256
991.0,run_20260920_113337,,charging,charging,29.045,25.524,99.982,0.0,0.0,0.0,0.0,122.838,1.8409,1.6308
992.0,run_20260920_113337,,charging,charging,29.069,25.518,99.982,0.0,0.0,0.0,0.0,122.838,1.8409,1.6361
993.0,run_20260920_113337,,charging,charging,29.093,25.513,99.982,0.0,0.0,0.0,0.0,122.838,1.8409,1.6414
994.0,run_20260920_113337,,charging,charging,29.117,25.507,99.982,0.0,0.0,0.0,0.0,122.838,1.8409,1.6467
995.0,run_20260920_113337,,charging,charging,29.141,25.501,99.982,0.0,0.0,0.0,0.0,122.838,1.8409,1.6519
996.0,run_20260920_113337,,charging,charging,29.165,25.495,99.982,0.0,0.0,0.0,0.0,122.838,1.8409,1.6572
997.0,run_20260920_113337,,charging,charging,29.189,25.489,99.982,0.0,0.0,0.0,0.0,122.838,1.8409,1.6625
998.0,run_20260920_113337,,charging,charging,29.213,25.484,99.982,0.0,0.0,0.0,0.0,122.838,1.8409,1.6678
999.0,run_20260920_113337,,charging,charging,29.237,25.478,99.982,0.0,0.0,0.0,0.0,122.838,1.8409,1.6731
1000.0,run_20260920_113337,,charging,charging,29.261,25.472,99.982,0.0,0.0,0.0,0.0,122.838,1.8409,1.6783
1001.0,run_20260920_113337,,charging,charging,29.285,25.466,99.982,0.0,0.0,0.0,0.0,122.838,1.8409,1.6836
1002.0,run_20260920_113337,,charging,charging,29.309,25.461,99.982,0.0,0.0,0.0,0.0,122.838,1.8409,1.6889
1003.0,run_20260920_113337,,charging,charging,29.333,25.455,99.982,0.0,0.0,0.0,0.0,122.838,1.8409,1.6942
1004.0,run_20260920_113337,,charging,charging,29.357,25.449,99.982,0.0,0.0,0.0,0.0,122.838,1.8409,1.6994
1005.0,run_20260920_113337,,charging,charging,29.381,25.444,99.982,0.0,0.0,0.0,0.0,122.838,1.8409,1.7047
1006.0,run_20260920_113337,,charging,charging,29.405,25.438,99.982,0.0,0.0,0.0,0.0,122.838,1.8409,1.71
1007.0,run_20260920_113337,,charging,charging,29.429,25.432,99.982,0.0,0.0,0.0,0.0,122.838,1.8409,1.7153
1008.0,run_20260920_113337,,charging,charging,29.453,25.427,99.982,0.0,0.0,0.0,0.0,122.838,1.8409,1.7206
1009.0,run_20260920_113337,,charging,charging,29.477,25.421,99.982,0.0,0.0,0.0,0.0,122.838,1.8409,1.7258
1010.0,run_20260920_113337,,charging,charging,29.501,25.415,99.982,0.0,0.0,0.0,0.0,122.838,1.8409,1.7311
1011.0,run_20260920_113337,,charging,charging,29.525,25.41,99.982,0.0,0.0,0.0,0.0,122.838,1.8409,1.7364
1012.0,run_20260920_113337,,charging,charging,29.549,25.404,99.982,0.0,0.0,0.0,0.0,122.838,1.8409,1.7417
1013.0,run_20260920_113337,,charging,charging,29.573,25.398,99.982,0.0,0.0,0.0,0.0,122.838,1.8409,1.7469
1014.0,run_20260920_113337,,charging,charging,29.597,25.393,99.982,0.0,0.0,0.0,0.0,122.838,1.8409,1.7522
1015.0,run_20260920_113337,,charging,charging,29.621,25.387,99.982,0.0,0.0,0.0,0.0,122.838,1.8409,1.7575
1016.0,run_20260920_113337,,charging,charging,29.645,25.382,99.982,0.0,0.0,0.0,0.0,122.838,1.8409,1.7628
1017.0,run_20260920_113337,,charging,charging,29.669,25.376,99.982,0.0,0.0,0.0,0.0,122.838,1.8409,1.7681
1018.0,run_20260920_113337,,charging,charging,29.693,25.371,99.982,0.0,0.0,0.0,0.0,122.838,1.8409,1.7733
1019.0,run_20260920_113337,,charging,charging,29.717,25.365,99.982,0.0,0.0,0.0,0.0,122.838,1.8409,1.7786
1020.0,run_20260920_113337,,charging,charging,29.741,25.359,99.982,0.0,0.0,0.0,0.0,122.838,1.8409,1.7839
1021.0,run_20260920_113337,,charging,charging,29.765,25.354,99.982,0.0,0.0,0.0,0.0,122.838,1.8409,1.7892
1022.0,run_20260920_113337,,charging,charging,29.789,25.348,99.982,0.0,0.0,0.0,0.0,122.838,1.8409,1.7944
1023.0,run_20260920_113337,,charging,charging,29.813,25.343,99.982,0.0,0.0,0.0,0.0,122.838,1.8409,1.7997
1024.0,run_20260920_113337,,charging,charging,29.837,25.337,99.982,0.0,0.0,0.0,0.0,122.838,1.8409,1.805
1025.0,run_20260920_113337,,charging,charging,29.861,25.332,99.982,0.0,0.0,0.0,0.0,122.838,1.8409,1.8103
1026.0,run_20260920_113337,,charging,charging,29.885,25.326,99.982,0.0,0.0,0.0,0.0,122.838,1.8409,1.8156
1027.0,run_20260920_113337,,charging,charging,29.909,25.321,99.982,0.0,0.0,0.0,0.0,122.838,1.8409,1.8208
1028.0,run_20260920_113337,,charging,charging,29.933,25.315,99.982,0.0,0.0,0.0,0.0,122.838,1.8409,1.8261
1029.0,run_20260920_113337,,charging,charging,29.957,25.31,99.982,0.0,0.0,0.0,0.0,122.838,1.8409,1.8314
1030.0,run_20260920_113337,,charging,charging,29.981,25.304,99.982,0.0,0.0,0.0,0.0,122.838,1.8409,1.8367
1031.0,run_20260920_113337,,charging,charging,30.005,25.299,99.982,0.0,0.0,0.0,0.0,122.838,1.8409,1.8419
1032.0,run_20260920_113337,,charging,charging,30.029,25.294,99.982,0.0,0.0,0.0,0.0,122.838,1.8409,1.8472
1033.0,run_20260920_113337,,charging,charging,30.053,25.288,99.982,0.0,0.0,0.0,0.0,122.838,1.8409,1.8525
1034.0,run_20260920_113337,,charging,charging,30.077,25.283,99.982,0.0,0.0,0.0,0.0,122.838,1.8409,1.8578
1035.0,run_20260920_113337,,charging,charging,30.101,25.277,99.982,0.0,0.0,0.0,0.0,122.838,1.8409,1.8631
1036.0,run_20260920_113337,,charging,charging,30.125,25.272,99.982,0.0,0.0,0.0,0.0,122.838,1.8409,1.8683
1037.0,run_20260920_113337,,charging,charging,30.149,25.266,99.982,0.0,0.0,0.0,0.0,122.838,1.8409,1.8736
1038.0,run_20260920_113337,,charging,charging,30.173,25.261,99.982,0.0,0.0,0.0,0.0,122.838,1.8409,1.8789
1039.0,run_20260920_113337,,charging,charging,30.197,25.256,99.982,0.0,0.0,0.0,0.0,122.838,1.8409,1.8842
1040.0,run_20260920_113337,,charging,charging,30.221,25.25,99.982,0.0,0.0,0.0,0.0,122.838,1.8409,1.8894
1041.0,run_20260920_113337,,charging,charging,30.245,25.245,99.982,0.0,0.0,0.0,0.0,122.838,1.8409,1.8947
1042.0,run_20260920_113337,,charging,charging,30.269,25.24,99.982,0.0,0.0,0.0,0.0,122.838,1.8409,1.9
1043.0,run_20260920_113337,,charging,charging,30.293,25.234,99.982,0.0,0.0,0.0,0.0,122.838,1.8409,1.9053
1044.0,run_20260920_113337,,charging,charging,30.317,25.229,99.982,0.0,0.0,0.0,0.0,122.838,1.8409,1.9106
1045.0,run_20260920_113337,,charging,charging,30.341,25.224,99.982,0.0,0.0,0.0,0.0,122.838,1.8409,1.9158
1046.0,run_20260920_113337,,charging,charging,30.365,25.218,99.982,0.0,0.0,0.0,0.0,122.838,1.8409,1.9211
1047.0,run_20260920_113337,,charging,charging,30.389,25.213,99.982,0.0,0.0,0.0,0.0,122.838,1.8409,1.9264
1048.0,run_20260920_113337,,charging,charging,30.413,25.208,99.982,0.0,0.0,0.0,0.0,122.838,1.8409,1.9317
1049.0,run_20260920_113337,,charging,charging,30.437,25.202,99.982,0.0,0.0,0.0,0.0,122.838,1.8409,1.9369
1050.0,run_20260920_113337,,charging,charging,30.461,25.197,99.982,0.0,0.0,0.0,0.0,122.838,1.8409,1.9422
1051.0,run_20260920_113337,,charging,charging,30.485,25.192,99.982,0.0,0.0,0.0,0.0,122.838,1.8409,1.9475
1052.0,run_20260920_113337,,charging,charging,30.509,25.187,99.982,0.0,0.0,0.0,0.0,122.838,1.8409,1.9528
1053.0,run_20260920_113337,,charging,charging,30.533,25.181,99.982,0.0,0.0,0.0,0.0,122.838,1.8409,1.9581
1054.0,run_20260920_113337,,charging,charging,30.557,25.176,99.982,0.0,0.0,0.0,0.0,122.838,1.8409,1.9633
1055.0,run_20260920_113337,,charging,charging,30.581,25.171,99.982,0.0,0.0,0.0,0.0,122.838,1.8409,1.9686
1056.0,run_20260920_113337,,charging,charging,30.605,25.166,99.982,0.0,0.0,0.0,0.0,122.838,1.8409,1.9739
1057.0,run_20260920_113337,,charging,charging,30.629,25.16,99.982,0.0,0.0,0.0,0.0,122.838,1.8409,1.9792
1058.0,run_20260920_113337,,charging,charging,30.653,25.155,99.982,0.0,0.0,0.0,0.0,122.838,1.8409,1.9844
1059.0,run_20260920_113337,,charging,charging,30.677,25.15,99.982,0.0,0.0,0.0,0.0,122.838,1.8409,1.9897
1060.0,run_20260920_113337,,charging,charging,30.701,25.145,99.982,0.0,0.0,0.0,0.0,122.838,1.8409,1.995
1061.0,run_20260920_113337,,charging,charging,30.725,25.139,99.982,0.0,0.0,0.0,0.0,122.838,1.8409,2.0003
1062.0,run_20260920_113337,,charging,charging,30.749,25.134,99.982,0.0,0.0,0.0,0.0,122.838,1.8409,2.0056
1063.0,run_20260920_113337,,charging,charging,30.773,25.129,99.982,0.0,0.0,0.0,0.0,122.838,1.8409,2.0108
1064.0,run_20260920_113337,,charging,charging,30.797,25.124,99.982,0.0,0.0,0.0,0.0,122.838,1.8409,2.0161
1065.0,run_20260920_113337,,charging,charging,30.82,25.119,99.982,0.0,0.0,0.0,0.0,122.838,1.8409,2.0214
1066.0,run_20260920_113337,,charging,charging,30.844,25.114,99.982,0.0,0.0,0.0,0.0,122.838,1.8409,2.0267
1067.0,run_20260920_113337,,charging,charging,30.868,25.109,99.982,0.0,0.0,0.0,0.0,122.838,1.8409,2.0319
1068.0,run_20260920_113337,,charging,charging,30.892,25.103,99.982,0.0,0.0,0.0,0.0,122.838,1.8409,2.0372
1069.0,run_20260920_113337,,charging,charging,30.916,25.098,99.982,0.0,0.0,0.0,0.0,122.838,1.8409,2.0425
1070.0,run_20260920_113337,,charging,charging,30.94,25.093,99.982,0.0,0.0,0.0,0.0,122.838,1.8409,2.0478
1071.0,run_20260920_113337,,charging,charging,30.964,25.088,99.982,0.0,0.0,0.0,0.0,122.838,1.8409,2.0531
1072.0,run_20260920_113337,,charging,charging,30.988,25.083,99.982,0.0,0.0,0.0,0.0,122.838,1.8409,2.0583
1073.0,run_20260920_113337,,charging,charging,31.012,25.078,99.982,0.0,0.0,0.0,0.0,122.838,1.8409,2.0636
1074.0,run_20260920_113337,,charging,charging,31.036,25.073,99.982,0.0,0.0,0.0,0.0,122.838,1.8409,2.0689
1075.0,run_20260920_113337,,charging,charging,31.06,25.068,99.982,0.0,0.0,0.0,0.0,122.838,1.8409,2.0742
1076.0,run_20260920_113337,,charging,charging,31.084,25.063,99.982,0.0,0.0,0.0,0.0,122.838,1.8409,2.0794
1077.0,run_20260920_113337,,charging,charging,31.108,25.058,99.982,0.0,0.0,0.0,0.0,122.838,1.8409,2.0847
1078.0,run_20260920_113337,,charging,charging,31.132,25.053,99.982,0.0,0.0,0.0,0.0,122.838,1.8409,2.09
1079.0,run_20260920_113337,,charging,charging,31.156,25.048,99.982,0.0,0.0,0.0,0.0,122.838,1.8409,2.0953
1080.0,run_20260920_113337,,charging,charging,31.18,25.043,99.982,0.0,0.0,0.0,0.0,122.838,1.8409,2.1006
1081.0,run_20260920_113337,,charging,charging,31.204,25.038,99.982,0.0,0.0,0.0,0.0,122.838,1.8409,2.1058
1082.0,run_20260920_113337,,charging,charging,31.228,25.032,99.982,0.0,0.0,0.0,0.0,122.838,1.8409,2.1111
1083.0,run_20260920_113337,,charging,charging,31.252,25.027,99.982,0.0,0.0,0.0,0.0,122.838,1.8409,2.1164
1084.0,run_20260920_113337,,charging,charging,31.276,25.022,99.982,0.0,0.0,0.0,0.0,122.838,1.8409,2.1217
1085.0,run_20260920_113337,,charging,charging,31.3,25.018,99.982,0.0,0.0,0.0,0.0,122.838,1.8409,2.1269
1086.0,run_20260920_113337,,charging,charging,31.324,25.013,99.982,0.0,0.0,0.0,0.0,122.838,1.8409,2.1322
1087.0,run_20260920_113337,,charging,charging,31.348,25.008,99.982,0.0,0.0,0.0,0.0,122.838,1.8409,2.1375
1088.0,run_20260920_113337,,charging,charging,31.372,25.003,99.982,0.0,0.0,0.0,0.0,122.838,1.8409,2.1428
1089.0,run_20260920_113337,,charging,charging,31.396,24.998,99.982,0.0,0.0,0.0,0.0,122.838,1.8409,2.1481
1090.0,run_20260920_113337,,charging,charging,31.42,24.993,99.982,0.0,0.0,0.0,0.0,122.838,1.8409,2.1533
1091.0,run_20260920_113337,,charging,charging,31.444,24.988,99.982,0.0,0.0,0.0,0.0,122.838,1.8409,2.1586
1092.0,run_20260920_113337,,charging,charging,31.468,24.983,99.982,0.0,0.0,0.0,0.0,122.838,1.8409,2.1639
1093.0,run_20260920_113337,,charging,charging,31.492,24.978,99.982,0.0,0.0,0.0,0.0,122.838,1.8409,2.1692
1094.0,run_20260920_113337,,charging,charging,31.516,24.973,99.982,0.0,0.0,0.0,0.0,122.838,1.8409,2.1744
1095.0,run_20260920_113337,,charging,charging,31.54,24.968,99.982,0.0,0.0,0.0,0.0,122.838,1.8409,2.1797
1096.0,run_20260920_113337,,charging,charging,31.564,24.963,99.982,0.0,0.0,0.0,0.0,122.838,1.8409,2.185
1097.0,run_20260920_113337,,charging,charging,31.588,24.958,99.982,0.0,0.0,0.0,0.0,122.838,1.8409,2.1903
1098.0,run_20260920_113337,,charging,charging,31.612,24.953,99.982,0.0,0.0,0.0,0.0,122.838,1.8409,2.1956
1099.0,run_20260920_113337,,charging,charging,31.636,24.949,99.982,0.0,0.0,0.0,0.0,122.838,1.8409,2.2008
1100.0,run_20260920_113337,,charging,charging,31.66,24.944,99.982,0.0,0.0,0.0,0.0,122.838,1.8409,2.2061
1101.0,run_20260920_113337,,charging,charging,31.684,24.939,99.982,0.0,0.0,0.0,0.0,122.838,1.8409,2.2114
1102.0,run_20260920_113337,,charging,charging,31.708,24.934,99.982,0.0,0.0,0.0,0.0,122.838,1.8409,2.2167
1103.0,run_20260920_113337,,charging,charging,31.732,24.929,99.982,0.0,0.0,0.0,0.0,122.838,1.8409,2.2219
1104.0,run_20260920_113337,,charging,charging,31.756,24.924,99.982,0.0,0.0,0.0,0.0,122.838,1.8409,2.2272
1105.0,run_20260920_113337,,charging,charging,31.78,24.919,99.982,0.0,0.0,0.0,0.0,122.838,1.8409,2.2325
1106.0,run_20260920_113337,,charging,charging,31.804,24.915,99.982,0.0,0.0,0.0,0.0,122.838,1.8409,2.2378
1107.0,run_20260920_113337,,charging,charging,31.828,24.91,99.982,0.0,0.0,0.0,0.0,122.838,1.8409,2.2431
1108.0,run_20260920_113337,,charging,charging,31.852,24.905,99.982,0.0,0.0,0.0,0.0,122.838,1.8409,2.2483
1109.0,run_20260920_113337,,charging,charging,31.876,24.9,99.982,0.0,0.0,0.0,0.0,122.838,1.8409,2.2536
1110.0,run_20260920_113337,,charging,charging,31.9,24.895,99.982,0.0,0.0,0.0,0.0,122.838,1.8409,2.2589
1111.0,run_20260920_113337,,charging,charging,31.924,24.891,99.982,0.0,0.0,0.0,0.0,122.838,1.8409,2.2642
1112.0,run_20260920_113337,,charging,charging,31.948,24.886,99.982,0.0,0.0,0.0,0.0,122.838,1.8409,2.2694
1113.0,run_20260920_113337,,charging,charging,31.972,24.881,99.982,0.0,0.0,0.0,0.0,122.838,1.8409,2.2747
1114.0,run_20260920_113337,,charging,charging,31.996,24.876,99.982,0.0,0.0,0.0,0.0,122.838,1.8409,2.28
1115.0,run_20260920_113337,,charging,charging,32.02,24.872,99.982,0.0,0.0,0.0,0.0,122.838,1.8409,2.2853
1116.0,run_20260920_113337,,charging,charging,32.044,24.867,99.982,0.0,0.0,0.0,0.0,122.838,1.8409,2.2906
1117.0,run_20260920_113337,,charging,charging,32.068,24.862,99.982,0.0,0.0,0.0,0.0,122.838,1.8409,2.2958
1118.0,run_20260920_113337,,charging,charging,32.092,24.857,99.982,0.0,0.0,0.0,0.0,122.838,1.8409,2.3011
1119.0,run_20260920_113337,,charging,charging,32.116,24.853,99.982,0.0,0.0,0.0,0.0,122.838,1.8409,2.3064
1120.0,run_20260920_113337,,charging,charging,32.14,24.848,99.982,0.0,0.0,0.0,0.0,122.838,1.8409,2.3117
1121.0,run_20260920_113337,,charging,charging,32.164,24.843,99.982,0.0,0.0,0.0,0.0,122.838,1.8409,2.3169
1122.0,run_20260920_113337,,charging,charging,32.188,24.839,99.982,0.0,0.0,0.0,0.0,122.838,1.8409,2.3222
1123.0,run_20260920_113337,,charging,charging,32.212,24.834,99.982,0.0,0.0,0.0,0.0,122.838,1.8409,2.3275
1124.0,run_20260920_113337,,charging,charging,32.236,24.829,99.982,0.0,0.0,0.0,0.0,122.838,1.8409,2.3328
1125.0,run_20260920_113337,,charging,charging,32.26,24.825,99.982,0.0,0.0,0.0,0.0,122.838,1.8409,2.3381
1126.0,run_20260920_113337,,charging,charging,32.284,24.82,99.982,0.0,0.0,0.0,0.0,122.838,1.8409,2.3433
1127.0,run_20260920_113337,,charging,charging,32.308,24.815,99.982,0.0,0.0,0.0,0.0,122.838,1.8409,2.3486
1128.0,run_20260920_113337,,charging,charging,32.332,24.811,99.982,0.0,0.0,0.0,0.0,122.838,1.8409,2.3539
1129.0,run_20260920_113337,,charging,charging,32.356,24.806,99.982,0.0,0.0,0.0,0.0,122.838,1.8409,2.3592
1130.0,run_20260920_113337,,charging,charging,32.38,24.801,99.982,0.0,0.0,0.0,0.0,122.838,1.8409,2.3644
1131.0,run_20260920_113337,,charging,charging,32.404,24.797,99.982,0.0,0.0,0.0,0.0,122.838,1.8409,2.3697
1132.0,run_20260920_113337,,charging,charging,32.428,24.792,99.982,0.0,0.0,0.0,0.0,122.838,1.8409,2.375
1133.0,run_20260920_113337,,charging,charging,32.452,24.788,99.982,0.0,0.0,0.0,0.0,122.838,1.8409,2.3803
1134.0,run_20260920_113337,,charging,charging,32.476,24.783,99.982,0.0,0.0,0.0,0.0,122.838,1.8409,2.3856
1135.0,run_20260920_113337,,charging,charging,32.5,24.778,99.982,0.0,0.0,0.0,0.0,122.838,1.8409,2.3908
1136.0,run_20260920_113337,,charging,charging,32.524,24.774,99.982,0.0,0.0,0.0,0.0,122.838,1.8409,2.3961
1137.0,run_20260920_113337,,charging,charging,32.548,24.769,99.982,0.0,0.0,0.0,0.0,122.838,1.8409,2.4014
1138.0,run_20260920_113337,,charging,charging,32.572,24.765,99.982,0.0,0.0,0.0,0.0,122.838,1.8409,2.4067
1139.0,run_20260920_113337,,charging,charging,32.596,24.76,99.982,0.0,0.0,0.0,0.0,122.838,1.8409,2.4119
1140.0,run_20260920_113337,,charging,charging,32.62,24.756,99.982,0.0,0.0,0.0,0.0,122.838,1.8409,2.4172
1141.0,run_20260920_113337,,charging,charging,32.644,24.751,99.982,0.0,0.0,0.0,0.0,122.838,1.8409,2.4225
1142.0,run_20260920_113337,,charging,charging,32.668,24.746,99.982,0.0,0.0,0.0,0.0,122.838,1.8409,2.4278
1143.0,run_20260920_113337,,charging,charging,32.692,24.742,99.982,0.0,0.0,0.0,0.0,122.838,1.8409,2.4331
1144.0,run_20260920_113337,,charging,charging,32.716,24.737,99.982,0.0,0.0,0.0,0.0,122.838,1.8409,2.4383
1145.0,run_20260920_113337,,charging,charging,32.74,24.733,99.982,0.0,0.0,0.0,0.0,122.838,1.8409,2.4436
1146.0,run_20260920_113337,,charging,charging,32.764,24.728,99.982,0.0,0.0,0.0,0.0,122.838,1.8409,2.4489
1147.0,run_20260920_113337,,charging,charging,32.788,24.724,99.982,0.0,0.0,0.0,0.0,122.838,1.8409,2.4542
1148.0,run_20260920_113337,,charging,charging,32.812,24.719,99.982,0.0,0.0,0.0,0.0,122.838,1.8409,2.4594
1149.0,run_20260920_113337,,charging,charging,32.836,24.715,99.982,0.0,0.0,0.0,0.0,122.838,1.8409,2.4647
1150.0,run_20260920_113337,,charging,charging,32.86,24.71,99.982,0.0,0.0,0.0,0.0,122.838,1.8409,2.47
1151.0,run_20260920_113337,,charging,charging,32.884,24.706,99.982,0.0,0.0,0.0,0.0,122.838,1.8409,2.4753
1152.0,run_20260920_113337,,charging,charging,32.908,24.701,99.982,0.0,0.0,0.0,0.0,122.838,1.8409,2.4806
1153.0,run_20260920_113337,,charging,charging,32.932,24.697,99.982,0.0,0.0,0.0,0.0,122.838,1.8409,2.4858
1154.0,run_20260920_113337,,charging,charging,32.956,24.693,99.982,0.0,0.0,0.0,0.0,122.838,1.8409,2.4911
1155.0,run_20260920_113337,,charging,charging,32.98,24.688,99.982,0.0,0.0,0.0,0.0,122.838,1.8409,2.4964
1156.0,run_20260920_113337,,charging,charging,33.004,24.684,99.982,0.0,0.0,0.0,0.0,122.838,1.8409,2.5017
1157.0,run_20260920_113337,,charging,charging,33.028,24.679,99.982,0.0,0.0,0.0,0.0,122.838,1.8409,2.5069
1158.0,run_20260920_113337,,charging,charging,33.052,24.675,99.982,0.0,0.0,0.0,0.0,122.838,1.8409,2.5122
1159.0,run_20260920_113337,,charging,charging,33.076,24.67,99.982,0.0,0.0,0.0,0.0,122.838,1.8409,2.5175
1160.0,run_20260920_113337,,charging,charging,33.1,24.666,99.982,0.0,0.0,0.0,0.0,122.838,1.8409,2.5228
1161.0,run_20260920_113337,,charging,charging,33.124,24.662,99.982,0.0,0.0,0.0,0.0,122.838,1.8409,2.5281
1162.0,run_20260920_113337,,charging,charging,33.148,24.657,99.982,0.0,0.0,0.0,0.0,122.838,1.8409,2.5333
1163.0,run_20260920_113337,,charging,charging,33.172,24.653,99.982,0.0,0.0,0.0,0.0,122.838,1.8409,2.5386
1164.0,run_20260920_113337,,charging,charging,33.195,24.648,99.982,0.0,0.0,0.0,0.0,122.838,1.8409,2.5439
1165.0,run_20260920_113337,,charging,charging,33.219,24.644,99.982,0.0,0.0,0.0,0.0,122.838,1.8409,2.5492
1166.0,run_20260920_113337,,charging,charging,33.243,24.64,99.982,0.0,0.0,0.0,0.0,122.838,1.8409,2.5544
1167.0,run_20260920_113337,,charging,charging,33.267,24.635,99.982,0.0,0.0,0.0,0.0,122.838,1.8409,2.5597
1168.0,run_20260920_113337,,charging,charging,33.291,24.631,99.982,0.0,0.0,0.0,0.0,122.838,1.8409,2.565
1169.0,run_20260920_113337,,charging,charging,33.315,24.627,99.982,0.0,0.0,0.0,0.0,122.838,1.8409,2.5703
1170.0,run_20260920_113337,,charging,charging,33.339,24.622,99.982,0.0,0.0,0.0,0.0,122.838,1.8409,2.5756
1171.0,run_20260920_113337,,charging,charging,33.363,24.618,99.982,0.0,0.0,0.0,0.0,122.838,1.8409,2.5808
1172.0,run_20260920_113337,,charging,charging,33.387,24.614,99.982,0.0,0.0,0.0,0.0,122.838,1.8409,2.5861
1173.0,run_20260920_113337,,charging,charging,33.411,24.609,99.982,0.0,0.0,0.0,0.0,122.838,1.8409,2.5914
1174.0,run_20260920_113337,,charging,charging,33.435,24.605,99.982,0.0,0.0,0.0,0.0,122.838,1.8409,2.5967
1175.0,run_20260920_113337,,charging,charging,33.459,24.601,99.982,0.0,0.0,0.0,0.0,122.838,1.8409,2.6019
1176.0,run_20260920_113337,,charging,charging,33.483,24.596,99.982,0.0,0.0,0.0,0.0,122.838,1.8409,2.6072
1177.0,run_20260920_113337,,charging,charging,33.507,24.592,99.982,0.0,0.0,0.0,0.0,122.838,1.8409,2.6125
1178.0,run_20260920_113337,,charging,charging,33.531,24.588,99.982,0.0,0.0,0.0,0.0,122.838,1.8409,2.6178
1179.0,run_20260920_113337,,charging,charging,33.555,24.584,99.982,0.0,0.0,0.0,0.0,122.838,1.8409,2.6231
1180.0,run_20260920_113337,,charging,charging,33.579,24.579,99.982,0.0,0.0,0.0,0.0,122.838,1.8409,2.6283
1181.0,run_20260920_113337,,charging,charging,33.603,24.575,99.982,0.0,0.0,0.0,0.0,122.838,1.8409,2.6336
1182.0,run_20260920_113337,,charging,charging,33.627,24.571,99.982,0.0,0.0,0.0,0.0,122.838,1.8409,2.6389
1183.0,run_20260920_113337,,charging,charging,33.651,24.567,99.982,0.0,0.0,0.0,0.0,122.838,1.8409,2.6442
1184.0,run_20260920_113337,,charging,charging,33.675,24.562,99.982,0.0,0.0,0.0,0.0,122.838,1.8409,2.6494
1185.0,run_20260920_113337,,charging,charging,33.699,24.558,99.982,0.0,0.0,0.0,0.0,122.838,1.8409,2.6547
1186.0,run_20260920_113337,,charging,charging,33.723,24.554,99.982,0.0,0.0,0.0,0.0,122.838,1.8409,2.66
1187.0,run_20260920_113337,,charging,charging,33.747,24.55,99.982,0.0,0.0,0.0,0.0,122.838,1.8409,2.6653
1188.0,run_20260920_113337,,charging,charging,33.771,24.546,99.982,0.0,0.0,0.0,0.0,122.838,1.8409,2.6706
1189.0,run_20260920_113337,,charging,charging,33.795,24.541,99.982,0.0,0.0,0.0,0.0,122.838,1.8409,2.6758
1190.0,run_20260920_113337,,charging,charging,33.819,24.537,99.982,0.0,0.0,0.0,0.0,122.838,1.8409,2.6811
1191.0,run_20260920_113337,,charging,charging,33.843,24.533,99.982,0.0,0.0,0.0,0.0,122.838,1.8409,2.6864
1192.0,run_20260920_113337,,charging,charging,33.867,24.529,99.982,0.0,0.0,0.0,0.0,122.838,1.8409,2.6917
1193.0,run_20260920_113337,,charging,charging,33.891,24.525,99.982,0.0,0.0,0.0,0.0,122.838,1.8409,2.6969
1194.0,run_20260920_113337,,charging,charging,33.915,24.52,99.982,0.0,0.0,0.0,0.0,122.838,1.8409,2.7022
1195.0,run_20260920_113337,,charging,charging,33.939,24.516,99.982,0.0,0.0,0.0,0.0,122.838,1.8409,2.7075
1196.0,run_20260920_113337,,charging,charging,33.963,24.512,99.982,0.0,0.0,0.0,0.0,122.838,1.8409,2.7128
1197.0,run_20260920_113337,,charging,charging,33.987,24.508,99.982,0.0,0.0,0.0,0.0,122.838,1.8409,2.7181
1198.0,run_20260920_113337,,charging,charging,34.011,24.504,99.982,0.0,0.0,0.0,0.0,122.838,1.8409,2.7233
1199.0,run_20260920_113337,,charging,charging,34.035,24.5,99.982,0.0,0.0,0.0,0.0,122.838,1.8409,2.7286
1200.0,run_20260920_113337,,charging,charging,34.059,24.496,99.982,0.0,0.0,0.0,0.0,122.838,1.8409,2.7339
1201.0,run_20260920_113337,,charging,charging,34.083,24.491,99.982,0.0,0.0,0.0,0.0,122.838,1.8409,2.7392
1202.0,run_20260920_113337,,charging,charging,34.107,24.487,99.982,0.0,0.0,0.0,0.0,122.838,1.8409,2.7444
1203.0,run_20260920_113337,,charging,charging,34.131,24.483,99.982,0.0,0.0,0.0,0.0,122.838,1.8409,2.7497
1204.0,run_20260920_113337,,charging,charging,34.155,24.479,99.982,0.0,0.0,0.0,0.0,122.838,1.8409,2.755
1205.0,run_20260920_113337,,charging,charging,34.179,24.475,99.982,0.0,0.0,0.0,0.0,122.838,1.8409,2.7603
1206.0,run_20260920_113337,,charging,charging,34.203,24.471,99.982,0.0,0.0,0.0,0.0,122.838,1.8409,2.7656
1207.0,run_20260920_113337,,charging,charging,34.227,24.467,99.982,0.0,0.0,0.0,0.0,122.838,1.8409,2.7708
1208.0,run_20260920_113337,,charging,charging,34.251,24.463,99.982,0.0,0.0,0.0,0.0,122.838,1.8409,2.7761
1209.0,run_20260920_113337,,charging,charging,34.275,24.459,99.982,0.0,0.0,0.0,0.0,122.838,1.8409,2.7814
1210.0,run_20260920_113337,,charging,charging,34.299,24.455,99.982,0.0,0.0,0.0,0.0,122.838,1.8409,2.7867
1211.0,run_20260920_113337,,charging,charging,34.323,24.451,99.982,0.0,0.0,0.0,0.0,122.838,1.8409,2.7919
1212.0,run_20260920_113337,,charging,charging,34.347,24.447,99.982,0.0,0.0,0.0,0.0,122.838,1.8409,2.7972
1213.0,run_20260920_113337,,charging,charging,34.371,24.443,99.982,0.0,0.0,0.0,0.0,122.838,1.8409,2.8025
1214.0,run_20260920_113337,,charging,charging,34.395,24.439,99.982,0.0,0.0,0.0,0.0,122.838,1.8409,2.8078
1215.0,run_20260920_113337,,charging,charging,34.419,24.435,99.982,0.0,0.0,0.0,0.0,122.838,1.8409,2.8131
1216.0,run_20260920_113337,,charging,charging,34.443,24.431,99.982,0.0,0.0,0.0,0.0,122.838,1.8409,2.8183
1217.0,run_20260920_113337,,charging,charging,34.467,24.426,99.982,0.0,0.0,0.0,0.0,122.838,1.8409,2.8236
1218.0,run_20260920_113337,,charging,charging,34.491,24.422,99.982,0.0,0.0,0.0,0.0,122.838,1.8409,2.8289
1219.0,run_20260920_113337,,charging,charging,34.515,24.418,99.982,0.0,0.0,0.0,0.0,122.838,1.8409,2.8342
1220.0,run_20260920_113337,,charging,charging,34.539,24.415,99.982,0.0,0.0,0.0,0.0,122.838,1.8409,2.8394
1221.0,run_20260920_113337,,charging,charging,34.563,24.411,99.982,0.0,0.0,0.0,0.0,122.838,1.8409,2.8447
1222.0,run_20260920_113337,,charging,charging,34.587,24.407,99.982,0.0,0.0,0.0,0.0,122.838,1.8409,2.85
1223.0,run_20260920_113337,,charging,charging,34.611,24.403,99.982,0.0,0.0,0.0,0.0,122.838,1.8409,2.8553
1224.0,run_20260920_113337,,charging,charging,34.635,24.399,99.982,0.0,0.0,0.0,0.0,122.838,1.8409,2.8606
1225.0,run_20260920_113337,,charging,charging,34.659,24.395,99.982,0.0,0.0,0.0,0.0,122.838,1.8409,2.8658
1226.0,run_20260920_113337,,charging,charging,34.683,24.391,99.982,0.0,0.0,0.0,0.0,122.838,1.8409,2.8711
1227.0,run_20260920_113337,,charging,charging,34.707,24.387,99.982,0.0,0.0,0.0,0.0,122.838,1.8409,2.8764
1228.0,run_20260920_113337,,charging,charging,34.731,24.383,99.982,0.0,0.0,0.0,0.0,122.838,1.8409,2.8817
1229.0,run_20260920_113337,,charging,charging,34.755,24.379,99.982,0.0,0.0,0.0,0.0,122.838,1.8409,2.8869
1230.0,run_20260920_113337,,charging,charging,34.779,24.375,99.982,0.0,0.0,0.0,0.0,122.838,1.8409,2.8922
1231.0,run_20260920_113337,,charging,charging,34.803,24.371,99.982,0.0,0.0,0.0,0.0,122.838,1.8409,2.8975
1232.0,run_20260920_113337,,charging,charging,34.827,24.367,99.982,0.0,0.0,0.0,0.0,122.838,1.8409,2.9028
1233.0,run_20260920_113337,,charging,charging,34.851,24.363,99.982,0.0,0.0,0.0,0.0,122.838,1.8409,2.9081
1234.0,run_20260920_113337,,charging,charging,34.875,24.359,99.982,0.0,0.0,0.0,0.0,122.838,1.8409,2.9133
1235.0,run_20260920_113337,,charging,charging,34.899,24.355,99.982,0.0,0.0,0.0,0.0,122.838,1.8409,2.9186
1236.0,run_20260920_113337,,charging,charging,34.923,24.352,99.982,0.0,0.0,0.0,0.0,122.838,1.8409,2.9239
1237.0,run_20260920_113337,,charging,charging,34.947,24.348,99.982,0.0,0.0,0.0,0.0,122.838,1.8409,2.9292
1238.0,run_20260920_113337,,charging,charging,34.971,24.344,99.982,0.0,0.0,0.0,0.0,122.838,1.8409,2.9344
1239.0,run_20260920_113337,,charging,charging,34.995,24.34,99.982,0.0,0.0,0.0,0.0,122.838,1.8409,2.9397
1240.0,run_20260920_113337,,charging,charging,35.019,24.336,99.982,0.0,0.0,0.0,0.0,122.838,1.8409,2.945
1241.0,run_20260920_113337,,charging,charging,35.043,24.332,99.982,0.0,0.0,0.0,0.0,122.838,1.8409,2.9503
1242.0,run_20260920_113337,,charging,charging,35.067,24.328,99.982,0.0,0.0,0.0,0.0,122.838,1.8409,2.9556
1243.0,run_20260920_113337,,charging,charging,35.091,24.325,99.982,0.0,0.0,0.0,0.0,122.838,1.8409,2.9608
1244.0,run_20260920_113337,,charging,charging,35.115,24.321,99.982,0.0,0.0,0.0,0.0,122.838,1.8409,2.9661
1245.0,run_20260920_113337,,charging,charging,35.139,24.317,99.982,0.0,0.0,0.0,0.0,122.838,1.8409,2.9714
1246.0,run_20260920_113337,,charging,charging,35.163,24.313,99.982,0.0,0.0,0.0,0.0,122.838,1.8409,2.9767
1247.0,run_20260920_113337,,charging,charging,35.187,24.309,99.982,0.0,0.0,0.0,0.0,122.838,1.8409,2.9819
1248.0,run_20260920_113337,,charging,charging,35.211,24.305,99.982,0.0,0.0,0.0,0.0,122.838,1.8409,2.9872
1249.0,run_20260920_113337,,charging,charging,35.235,24.302,99.982,0.0,0.0,0.0,0.0,122.838,1.8409,2.9925
1250.0,run_20260920_113337,,charging,charging,35.259,24.298,99.982,0.0,0.0,0.0,0.0,122.838,1.8409,2.9978
1251.0,run_20260920_113337,,charging,charging,35.283,24.294,99.982,0.0,0.0,0.0,0.0,122.838,1.8409,3.0031
1252.0,run_20260920_113337,,charging,charging,35.307,24.29,99.982,0.0,0.0,0.0,0.0,122.838,1.8409,3.0083
1253.0,run_20260920_113337,,charging,charging,35.331,24.286,99.982,0.0,0.0,0.0,0.0,122.838,1.8409,3.0136
1254.0,run_20260920_113337,,charging,charging,35.355,24.283,99.982,0.0,0.0,0.0,0.0,122.838,1.8409,3.0189
1255.0,run_20260920_113337,,charging,charging,35.379,24.279,99.982,0.0,0.0,0.0,0.0,122.838,1.8409,3.0242
1256.0,run_20260920_113337,,charging,charging,35.403,24.275,99.982,0.0,0.0,0.0,0.0,122.838,1.8409,3.0294
1257.0,run_20260920_113337,,charging,charging,35.427,24.271,99.982,0.0,0.0,0.0,0.0,122.838,1.8409,3.0347
1258.0,run_20260920_113337,,charging,charging,35.451,24.268,99.982,0.0,0.0,0.0,0.0,122.838,1.8409,3.04
1259.0,run_20260920_113337,,charging,charging,35.475,24.264,99.982,0.0,0.0,0.0,0.0,122.838,1.8409,3.0453
1260.0,run_20260920_113337,,charging,charging,35.499,24.26,99.982,0.0,0.0,0.0,0.0,122.838,1.8409,3.0506
1261.0,run_20260920_113337,,charging,charging,35.523,24.256,99.982,0.0,0.0,0.0,0.0,122.838,1.8409,3.0558
1262.0,run_20260920_113337,,charging,charging,35.547,24.253,99.982,0.0,0.0,0.0,0.0,122.838,1.8409,3.0611
1263.0,run_20260920_113337,,charging,charging,35.57,24.249,99.982,0.0,0.0,0.0,0.0,122.838,1.8409,3.0664
1264.0,run_20260920_113337,,charging,charging,35.594,24.245,99.982,0.0,0.0,0.0,0.0,122.838,1.8409,3.0717
1265.0,run_20260920_113337,,charging,charging,35.618,24.242,99.982,0.0,0.0,0.0,0.0,122.838,1.8409,3.0769
1266.0,run_20260920_113337,,charging,charging,35.642,24.238,99.982,0.0,0.0,0.0,0.0,122.838,1.8409,3.0822
1267.0,run_20260920_113337,,charging,charging,35.666,24.234,99.982,0.0,0.0,0.0,0.0,122.838,1.8409,3.0875
1268.0,run_20260920_113337,,charging,charging,35.69,24.231,99.982,0.0,0.0,0.0,0.0,122.838,1.8409,3.0928
1269.0,run_20260920_113337,,charging,charging,35.714,24.227,99.982,0.0,0.0,0.0,0.0,122.838,1.8409,3.0981
1270.0,run_20260920_113337,,charging,charging,35.738,24.223,99.982,0.0,0.0,0.0,0.0,122.838,1.8409,3.1033
1271.0,run_20260920_113337,,charging,charging,35.762,24.219,99.982,0.0,0.0,0.0,0.0,122.838,1.8409,3.1086
1272.0,run_20260920_113337,,charging,charging,35.786,24.216,99.982,0.0,0.0,0.0,0.0,122.838,1.8409,3.1139
1273.0,run_20260920_113337,,charging,charging,35.81,24.212,99.982,0.0,0.0,0.0,0.0,122.838,1.8409,3.1192
1274.0,run_20260920_113337,,charging,charging,35.834,24.209,99.982,0.0,0.0,0.0,0.0,122.838,1.8409,3.1244
1275.0,run_20260920_113337,,charging,charging,35.858,24.205,99.982,0.0,0.0,0.0,0.0,122.838,1.8409,3.1297
1276.0,run_20260920_113337,,charging,charging,35.882,24.201,99.982,0.0,0.0,0.0,0.0,122.838,1.8409,3.135
1277.0,run_20260920_113337,,charging,charging,35.906,24.198,99.982,0.0,0.0,0.0,0.0,122.838,1.8409,3.1403
1278.0,run_20260920_113337,,charging,charging,35.93,24.194,99.982,0.0,0.0,0.0,0.0,122.838,1.8409,3.1456
1279.0,run_20260920_113337,,charging,charging,35.954,24.19,99.982,0.0,0.0,0.0,0.0,122.838,1.8409,3.1508
1280.0,run_20260920_113337,,charging,charging,35.978,24.187,99.982,0.0,0.0,0.0,0.0,122.838,1.8409,3.1561
1281.0,run_20260920_113337,,charging,charging,36.002,24.183,99.982,0.0,0.0,0.0,0.0,122.838,1.8409,3.1614
1282.0,run_20260920_113337,,charging,charging,36.026,24.18,99.982,0.0,0.0,0.0,0.0,122.838,1.8409,3.1667
1283.0,run_20260920_113337,,charging,charging,36.05,24.176,99.982,0.0,0.0,0.0,0.0,122.838,1.8409,3.1719
1284.0,run_20260920_113337,,charging,charging,36.074,24.172,99.982,0.0,0.0,0.0,0.0,122.838,1.8409,3.1772
1285.0,run_20260920_113337,,charging,charging,36.098,24.169,99.982,0.0,0.0,0.0,0.0,122.838,1.8409,3.1825
1286.0,run_20260920_113337,,charging,charging,36.122,24.165,99.982,0.0,0.0,0.0,0.0,122.838,1.8409,3.1878
1287.0,run_20260920_113337,,charging,charging,36.146,24.162,99.982,0.0,0.0,0.0,0.0,122.838,1.8409,3.1931
1288.0,run_20260920_113337,,charging,charging,36.17,24.158,99.982,0.0,0.0,0.0,0.0,122.838,1.8409,3.1983
1289.0,run_20260920_113337,,charging,charging,36.194,24.154,99.982,0.0,0.0,0.0,0.0,122.838,1.8409,3.2036
1290.0,run_20260920_113337,,charging,charging,36.218,24.151,99.982,0.0,0.0,0.0,0.0,122.838,1.8409,3.2089
1291.0,run_20260920_113337,,charging,charging,36.242,24.147,99.982,0.0,0.0,0.0,0.0,122.838,1.8409,3.2142
1292.0,run_20260920_113337,,charging,charging,36.266,24.144,99.982,0.0,0.0,0.0,0.0,122.838,1.8409,3.2194
1293.0,run_20260920_113337,,charging,charging,36.29,24.14,99.982,0.0,0.0,0.0,0.0,122.838,1.8409,3.2247
1294.0,run_20260920_113337,,charging,charging,36.314,24.137,99.982,0.0,0.0,0.0,0.0,122.838,1.8409,3.23
1295.0,run_20260920_113337,,charging,charging,36.338,24.133,99.982,0.0,0.0,0.0,0.0,122.838,1.8409,3.2353
1296.0,run_20260920_113337,,charging,charging,36.362,24.13,99.982,0.0,0.0,0.0,0.0,122.838,1.8409,3.2406
1297.0,run_20260920_113337,,charging,charging,36.386,24.126,99.982,0.0,0.0,0.0,0.0,122.838,1.8409,3.2458
1298.0,run_20260920_113337,,charging,charging,36.41,24.123,99.982,0.0,0.0,0.0,0.0,122.838,1.8409,3.2511
1299.0,run_20260920_113337,,charging,charging,36.434,24.119,99.982,0.0,0.0,0.0,0.0,122.838,1.8409,3.2564
1300.0,run_20260920_113337,,charging,charging,36.458,24.116,99.982,0.0,0.0,0.0,0.0,122.838,1.8409,3.2617
1301.0,run_20260920_113337,,charging,charging,36.482,24.112,99.982,0.0,0.0,0.0,0.0,122.838,1.8409,3.2669
1302.0,run_20260920_113337,,charging,charging,36.506,24.109,99.982,0.0,0.0,0.0,0.0,122.838,1.8409,3.2722
1303.0,run_20260920_113337,,charging,charging,36.53,24.105,99.982,0.0,0.0,0.0,0.0,122.838,1.8409,3.2775
1304.0,run_20260920_113337,,charging,charging,36.554,24.102,99.982,0.0,0.0,0.0,0.0,122.838,1.8409,3.2828
1305.0,run_20260920_113337,,charging,charging,36.578,24.098,99.982,0.0,0.0,0.0,0.0,122.838,1.8409,3.2881
1306.0,run_20260920_113337,,charging,charging,36.602,24.095,99.982,0.0,0.0,0.0,0.0,122.838,1.8409,3.2933
1307.0,run_20260920_113337,,charging,charging,36.626,24.091,99.982,0.0,0.0,0.0,0.0,122.838,1.8409,3.2986
1308.0,run_20260920_113337,,charging,charging,36.65,24.088,99.982,0.0,0.0,0.0,0.0,122.838,1.8409,3.3039
1309.0,run_20260920_113337,,charging,charging,36.674,24.084,99.982,0.0,0.0,0.0,0.0,122.838,1.8409,3.3092
1310.0,run_20260920_113337,,charging,charging,36.698,24.081,99.982,0.0,0.0,0.0,0.0,122.838,1.8409,3.3144
1311.0,run_20260920_113337,,charging,charging,36.722,24.078,99.982,0.0,0.0,0.0,0.0,122.838,1.8409,3.3197
1312.0,run_20260920_113337,,charging,charging,36.746,24.074,99.982,0.0,0.0,0.0,0.0,122.838,1.8409,3.325
1313.0,run_20260920_113337,,charging,charging,36.77,24.071,99.982,0.0,0.0,0.0,0.0,122.838,1.8409,3.3303
1314.0,run_20260920_113337,,charging,charging,36.794,24.067,99.982,0.0,0.0,0.0,0.0,122.838,1.8409,3.3356
1315.0,run_20260920_113337,,charging,charging,36.818,24.064,99.982,0.0,0.0,0.0,0.0,122.838,1.8409,3.3408
1316.0,run_20260920_113337,,charging,charging,36.842,24.061,99.982,0.0,0.0,0.0,0.0,122.838,1.8409,3.3461
1317.0,run_20260920_113337,,charging,charging,36.866,24.057,99.982,0.0,0.0,0.0,0.0,122.838,1.8409,3.3514
1318.0,run_20260920_113337,,charging,charging,36.89,24.054,99.982,0.0,0.0,0.0,0.0,122.838,1.8409,3.3567
1319.0,run_20260920_113337,,charging,charging,36.914,24.05,99.982,0.0,0.0,0.0,0.0,122.838,1.8409,3.3619
1320.0,run_20260920_113337,,charging,charging,36.938,24.047,99.982,0.0,0.0,0.0,0.0,122.838,1.8409,3.3672
1321.0,run_20260920_113337,,charging,charging,36.962,24.044,99.982,0.0,0.0,0.0,0.0,122.838,1.8409,3.3725
1322.0,run_20260920_113337,,charging,charging,36.986,24.04,99.982,0.0,0.0,0.0,0.0,122.838,1.8409,3.3778
1323.0,run_20260920_113337,,charging,charging,37.01,24.037,99.982,0.0,0.0,0.0,0.0,122.838,1.8409,3.3831
1324.0,run_20260920_113337,,charging,charging,37.034,24.033,99.982,0.0,0.0,0.0,0.0,122.838,1.8409,3.3883
1325.0,run_20260920_113337,,charging,charging,37.058,24.03,99.982,0.0,0.0,0.0,0.0,122.838,1.8409,3.3936
1326.0,run_20260920_113337,,charging,charging,37.082,24.027,99.982,0.0,0.0,0.0,0.0,122.838,1.8409,3.3989
1327.0,run_20260920_113337,,charging,charging,37.106,24.023,99.982,0.0,0.0,0.0,0.0,122.838,1.8409,3.4042
1328.0,run_20260920_113337,,charging,charging,37.13,24.02,99.982,0.0,0.0,0.0,0.0,122.838,1.8409,3.4094
1329.0,run_20260920_113337,,charging,charging,37.154,24.017,99.982,0.0,0.0,0.0,0.0,122.838,1.8409,3.4147
1330.0,run_20260920_113337,,charging,charging,37.178,24.013,99.982,0.0,0.0,0.0,0.0,122.838,1.8409,3.42
1331.0,run_20260920_113337,,charging,charging,37.202,24.01,99.982,0.0,0.0,0.0,0.0,122.838,1.8409,3.4253
1332.0,run_20260920_113337,,charging,charging,37.226,24.007,99.982,0.0,0.0,0.0,0.0,122.838,1.8409,3.4306
1333.0,run_20260920_113337,,charging,charging,37.25,24.003,99.982,0.0,0.0,0.0,0.0,122.838,1.8409,3.4358
1334.0,run_20260920_113337,,charging,charging,37.274,24.0,99.982,0.0,0.0,0.0,0.0,122.838,1.8409,3.4411
1335.0,run_20260920_113337,,charging,charging,37.298,23.997,99.982,0.0,0.0,0.0,0.0,122.838,1.8409,3.4464
1336.0,run_20260920_113337,,charging,charging,37.322,23.994,99.982,0.0,0.0,0.0,0.0,122.838,1.8409,3.4517
1337.0,run_20260920_113337,,charging,charging,37.346,23.99,99.982,0.0,0.0,0.0,0.0,122.838,1.8409,3.4569
1338.0,run_20260920_113337,,charging,charging,37.37,23.987,99.982,0.0,0.0,0.0,0.0,122.838,1.8409,3.4622
1339.0,run_20260920_113337,,charging,charging,37.394,23.984,99.982,0.0,0.0,0.0,0.0,122.838,1.8409,3.4675
1340.0,run_20260920_113337,,charging,charging,37.418,23.98,99.982,0.0,0.0,0.0,0.0,122.838,1.8409,3.4728
1341.0,run_20260920_113337,,charging,charging,37.442,23.977,99.982,0.0,0.0,0.0,0.0,122.838,1.8409,3.4781
1342.0,run_20260920_113337,,charging,charging,37.466,23.974,99.982,0.0,0.0,0.0,0.0,122.838,1.8409,3.4833
1343.0,run_20260920_113337,,charging,charging,37.49,23.971,99.982,0.0,0.0,0.0,0.0,122.838,1.8409,3.4886
1344.0,run_20260920_113337,,charging,charging,37.514,23.967,99.982,0.0,0.0,0.0,0.0,122.838,1.8409,3.4939
1345.0,run_20260920_113337,,charging,charging,37.538,23.964,99.982,0.0,0.0,0.0,0.0,122.838,1.8409,3.4992
1346.0,run_20260920_113337,,charging,charging,37.562,23.961,99.982,0.0,0.0,0.0,0.0,122.838,1.8409,3.5044
1347.0,run_20260920_113337,,charging,charging,37.586,23.958,99.982,0.0,0.0,0.0,0.0,122.838,1.8409,3.5097
1348.0,run_20260920_113337,,charging,charging,37.61,23.954,99.982,0.0,0.0,0.0,0.0,122.838,1.8409,3.515
1349.0,run_20260920_113337,,charging,charging,37.634,23.951,99.982,0.0,0.0,0.0,0.0,122.838,1.8409,3.5203
1350.0,run_20260920_113337,,charging,charging,37.658,23.948,99.982,0.0,0.0,0.0,0.0,122.838,1.8409,3.5256
1351.0,run_20260920_113337,,charging,charging,37.682,23.945,99.982,0.0,0.0,0.0,0.0,122.838,1.8409,3.5308
1352.0,run_20260920_113337,,charging,charging,37.706,23.942,99.982,0.0,0.0,0.0,0.0,122.838,1.8409,3.5361
1353.0,run_20260920_113337,,charging,charging,37.73,23.938,99.982,0.0,0.0,0.0,0.0,122.838,1.8409,3.5414
1354.0,run_20260920_113337,,charging,charging,37.754,23.935,99.982,0.0,0.0,0.0,0.0,122.838,1.8409,3.5467
1355.0,run_20260920_113337,,charging,charging,37.778,23.932,99.982,0.0,0.0,0.0,0.0,122.838,1.8409,3.5519
1356.0,run_20260920_113337,,charging,charging,37.802,23.929,99.982,0.0,0.0,0.0,0.0,122.838,1.8409,3.5572
1357.0,run_20260920_113337,,charging,charging,37.826,23.926,99.982,0.0,0.0,0.0,0.0,122.838,1.8409,3.5625
1358.0,run_20260920_113337,,charging,charging,37.85,23.922,99.982,0.0,0.0,0.0,0.0,122.838,1.8409,3.5678
1359.0,run_20260920_113337,,charging,charging,37.874,23.919,99.982,0.0,0.0,0.0,0.0,122.838,1.8409,3.5731
1360.0,run_20260920_113337,,charging,charging,37.898,23.916,99.982,0.0,0.0,0.0,0.0,122.838,1.8409,3.5783
1361.0,run_20260920_113337,,charging,charging,37.922,23.913,99.982,0.0,0.0,0.0,0.0,122.838,1.8409,3.5836
1362.0,run_20260920_113337,,charging,charging,37.945,23.91,99.982,0.0,0.0,0.0,0.0,122.838,1.8409,3.5889
1363.0,run_20260920_113337,,charging,charging,37.969,23.907,99.982,0.0,0.0,0.0,0.0,122.838,1.8409,3.5942
1364.0,run_20260920_113337,,charging,charging,37.993,23.904,99.982,0.0,0.0,0.0,0.0,122.838,1.8409,3.5994
1365.0,run_20260920_113337,,charging,charging,38.017,23.9,99.982,0.0,0.0,0.0,0.0,122.838,1.8409,3.6047
1366.0,run_20260920_113337,,charging,charging,38.041,23.897,99.982,0.0,0.0,0.0,0.0,122.838,1.8409,3.61
1367.0,run_20260920_113337,,charging,charging,38.065,23.894,99.982,0.0,0.0,0.0,0.0,122.838,1.8409,3.6153
1368.0,run_20260920_113337,,charging,charging,38.089,23.891,99.982,0.0,0.0,0.0,0.0,122.838,1.8409,3.6206
1369.0,run_20260920_113337,,charging,charging,38.113,23.888,99.982,0.0,0.0,0.0,0.0,122.838,1.8409,3.6258
1370.0,run_20260920_113337,,charging,charging,38.137,23.885,99.982,0.0,0.0,0.0,0.0,122.838,1.8409,3.6311
1371.0,run_20260920_113337,,charging,charging,38.161,23.882,99.982,0.0,0.0,0.0,0.0,122.838,1.8409,3.6364
1372.0,run_20260920_113337,,charging,charging,38.185,23.879,99.982,0.0,0.0,0.0,0.0,122.838,1.8409,3.6417
1373.0,run_20260920_113337,,charging,charging,38.209,23.875,99.982,0.0,0.0,0.0,0.0,122.838,1.8409,3.6469
1374.0,run_20260920_113337,,charging,charging,38.233,23.872,99.982,0.0,0.0,0.0,0.0,122.838,1.8409,3.6522
1375.0,run_20260920_113337,,charging,charging,38.257,23.869,99.982,0.0,0.0,0.0,0.0,122.838,1.8409,3.6575
1376.0,run_20260920_113337,,charging,charging,38.281,23.866,99.982,0.0,0.0,0.0,0.0,122.838,1.8409,3.6628
1377.0,run_20260920_113337,,charging,charging,38.305,23.863,99.982,0.0,0.0,0.0,0.0,122.838,1.8409,3.6681
1378.0,run_20260920_113337,,charging,charging,38.329,23.86,99.982,0.0,0.0,0.0,0.0,122.838,1.8409,3.6733
1379.0,run_20260920_113337,,charging,charging,38.353,23.857,99.982,0.0,0.0,0.0,0.0,122.838,1.8409,3.6786
1380.0,run_20260920_113337,,charging,charging,38.377,23.854,99.982,0.0,0.0,0.0,0.0,122.838,1.8409,3.6839
1381.0,run_20260920_113337,,charging,charging,38.401,23.851,99.982,0.0,0.0,0.0,0.0,122.838,1.8409,3.6892
1382.0,run_20260920_113337,,charging,charging,38.425,23.848,99.982,0.0,0.0,0.0,0.0,122.838,1.8409,3.6944
1383.0,run_20260920_113337,,charging,charging,38.449,23.845,99.982,0.0,0.0,0.0,0.0,122.838,1.8409,3.6997
1384.0,run_20260920_113337,,charging,charging,38.473,23.842,99.982,0.0,0.0,0.0,0.0,122.838,1.8409,3.705
1385.0,run_20260920_113337,,charging,charging,38.497,23.839,99.982,0.0,0.0,0.0,0.0,122.838,1.8409,3.7103
1386.0,run_20260920_113337,,charging,charging,38.521,23.836,99.982,0.0,0.0,0.0,0.0,122.838,1.8409,3.7156
1387.0,run_20260920_113337,,charging,charging,38.545,23.833,99.982,0.0,0.0,0.0,0.0,122.838,1.8409,3.7208
1388.0,run_20260920_113337,,charging,charging,38.569,23.83,99.982,0.0,0.0,0.0,0.0,122.838,1.8409,3.7261
1389.0,run_20260920_113337,,charging,charging,38.593,23.827,99.982,0.0,0.0,0.0,0.0,122.838,1.8409,3.7314
1390.0,run_20260920_113337,,charging,charging,38.617,23.824,99.982,0.0,0.0,0.0,0.0,122.838,1.8409,3.7367
1391.0,run_20260920_113337,,charging,charging,38.641,23.821,99.982,0.0,0.0,0.0,0.0,122.838,1.8409,3.7419
1392.0,run_20260920_113337,,charging,charging,38.665,23.817,99.982,0.0,0.0,0.0,0.0,122.838,1.8409,3.7472
1393.0,run_20260920_113337,,charging,charging,38.689,23.814,99.982,0.0,0.0,0.0,0.0,122.838,1.8409,3.7525
1394.0,run_20260920_113337,,charging,charging,38.713,23.812,99.982,0.0,0.0,0.0,0.0,122.838,1.8409,3.7578
1395.0,run_20260920_113337,,charging,charging,38.737,23.809,99.982,0.0,0.0,0.0,0.0,122.838,1.8409,3.7631
1396.0,run_20260920_113337,,charging,charging,38.761,23.806,99.982,0.0,0.0,0.0,0.0,122.838,1.8409,3.7683
1397.0,run_20260920_113337,,charging,charging,38.785,23.803,99.982,0.0,0.0,0.0,0.0,122.838,1.8409,3.7736
1398.0,run_20260920_113337,,charging,charging,38.809,23.8,99.982,0.0,0.0,0.0,0.0,122.838,1.8409,3.7789
1399.0,run_20260920_113337,,charging,charging,38.833,23.797,99.982,0.0,0.0,0.0,0.0,122.838,1.8409,3.7842
1400.0,run_20260920_113337,,charging,charging,38.857,23.794,99.982,0.0,0.0,0.0,0.0,122.838,1.8409,3.7894
1401.0,run_20260920_113337,,charging,charging,38.881,23.791,99.982,0.0,0.0,0.0,0.0,122.838,1.8409,3.7947
1402.0,run_20260920_113337,,charging,charging,38.905,23.788,99.982,0.0,0.0,0.0,0.0,122.838,1.8409,3.8
1403.0,run_20260920_113337,,charging,charging,38.929,23.785,99.982,0.0,0.0,0.0,0.0,122.838,1.8409,3.8053
1404.0,run_20260920_113337,,charging,charging,38.953,23.782,99.982,0.0,0.0,0.0,0.0,122.838,1.8409,3.8106
1405.0,run_20260920_113337,,charging,charging,38.977,23.779,99.982,0.0,0.0,0.0,0.0,122.838,1.8409,3.8158
1406.0,run_20260920_113337,,charging,charging,39.001,23.776,99.982,0.0,0.0,0.0,0.0,122.838,1.8409,3.8211
1407.0,run_20260920_113337,,charging,charging,39.025,23.773,99.982,0.0,0.0,0.0,0.0,122.838,1.8409,3.8264
1408.0,run_20260920_113337,,charging,charging,39.049,23.77,99.982,0.0,0.0,0.0,0.0,122.838,1.8409,3.8317
1409.0,run_20260920_113337,,charging,charging,39.073,23.767,99.982,0.0,0.0,0.0,0.0,122.838,1.8409,3.8369
1410.0,run_20260920_113337,,charging,charging,39.097,23.764,99.982,0.0,0.0,0.0,0.0,122.838,1.8409,3.8422
1411.0,run_20260920_113337,,charging,charging,39.121,23.761,99.982,0.0,0.0,0.0,0.0,122.838,1.8409,3.8475
1412.0,run_20260920_113337,,charging,charging,39.145,23.758,99.982,0.0,0.0,0.0,0.0,122.838,1.8409,3.8528
1413.0,run_20260920_113337,,charging,charging,39.169,23.756,99.982,0.0,0.0,0.0,0.0,122.838,1.8409,3.8581
1414.0,run_20260920_113337,,charging,charging,39.193,23.753,99.982,0.0,0.0,0.0,0.0,122.838,1.8409,3.8633
1415.0,run_20260920_113337,,charging,charging,39.217,23.75,99.982,0.0,0.0,0.0,0.0,122.838,1.8409,3.8686
1416.0,run_20260920_113337,,charging,charging,39.241,23.747,99.982,0.0,0.0,0.0,0.0,122.838,1.8409,3.8739
1417.0,run_20260920_113337,,charging,charging,39.265,23.744,99.982,0.0,0.0,0.0,0.0,122.838,1.8409,3.8792
1418.0,run_20260920_113337,,charging,charging,39.289,23.741,99.982,0.0,0.0,0.0,0.0,122.838,1.8409,3.8844
1419.0,run_20260920_113337,,charging,charging,39.313,23.738,99.982,0.0,0.0,0.0,0.0,122.838,1.8409,3.8897
1420.0,run_20260920_113337,,charging,charging,39.337,23.735,99.982,0.0,0.0,0.0,0.0,122.838,1.8409,3.895
1421.0,run_20260920_113337,,charging,charging,39.361,23.733,99.982,0.0,0.0,0.0,0.0,122.838,1.8409,3.9003
1422.0,run_20260920_113337,,charging,charging,39.385,23.73,99.982,0.0,0.0,0.0,0.0,122.838,1.8409,3.9056
1423.0,run_20260920_113337,,charging,charging,39.409,23.727,99.982,0.0,0.0,0.0,0.0,122.838,1.8409,3.9108
1424.0,run_20260920_113337,,charging,charging,39.433,23.724,99.982,0.0,0.0,0.0,0.0,122.838,1.8409,3.9161
1425.0,run_20260920_113337,,charging,charging,39.457,23.721,99.982,0.0,0.0,0.0,0.0,122.838,1.8409,3.9214
1426.0,run_20260920_113337,,charging,charging,39.481,23.718,99.982,0.0,0.0,0.0,0.0,122.838,1.8409,3.9267
1427.0,run_20260920_113337,,charging,charging,39.505,23.715,99.982,0.0,0.0,0.0,0.0,122.838,1.8409,3.9319
1428.0,run_20260920_113337,,charging,charging,39.529,23.713,99.982,0.0,0.0,0.0,0.0,122.838,1.8409,3.9372
1429.0,run_20260920_113337,,charging,charging,39.553,23.71,99.982,0.0,0.0,0.0,0.0,122.838,1.8409,3.9425
1430.0,run_20260920_113337,,charging,charging,39.577,23.707,99.982,0.0,0.0,0.0,0.0,122.838,1.8409,3.9478
1431.0,run_20260920_113337,,charging,charging,39.601,23.704,99.982,0.0,0.0,0.0,0.0,122.838,1.8409,3.9531
1432.0,run_20260920_113337,,charging,charging,39.625,23.701,99.982,0.0,0.0,0.0,0.0,122.838,1.8409,3.9583
1433.0,run_20260920_113337,,charging,charging,39.649,23.699,99.982,0.0,0.0,0.0,0.0,122.838,1.8409,3.9636
1434.0,run_20260920_113337,,charging,charging,39.673,23.696,99.982,0.0,0.0,0.0,0.0,122.838,1.8409,3.9689
1435.0,run_20260920_113337,,charging,charging,39.697,23.693,99.982,0.0,0.0,0.0,0.0,122.838,1.8409,3.9742
1436.0,run_20260920_113337,,charging,charging,39.721,23.69,99.982,0.0,0.0,0.0,0.0,122.838,1.8409,3.9794
1437.0,run_20260920_113337,,charging,charging,39.745,23.687,99.982,0.0,0.0,0.0,0.0,122.838,1.8409,3.9847
1438.0,run_20260920_113337,,charging,charging,39.769,23.685,99.982,0.0,0.0,0.0,0.0,122.838,1.8409,3.99
1439.0,run_20260920_113337,,charging,charging,39.793,23.682,99.982,0.0,0.0,0.0,0.0,122.838,1.8409,3.9953
1440.0,run_20260920_113337,,charging,charging,39.817,23.679,99.982,0.0,0.0,0.0,0.0,122.838,1.8409,4.0006
1441.0,run_20260920_113337,,charging,charging,39.841,23.676,99.982,0.0,0.0,0.0,0.0,122.838,1.8409,4.0058
1442.0,run_20260920_113337,,charging,charging,39.865,23.673,99.982,0.0,0.0,0.0,0.0,122.838,1.8409,4.0111
1443.0,run_20260920_113337,,charging,charging,39.889,23.671,99.982,0.0,0.0,0.0,0.0,122.838,1.8409,4.0164
1444.0,run_20260920_113337,,charging,charging,39.913,23.668,99.982,0.0,0.0,0.0,0.0,122.838,1.8409,4.0217
1445.0,run_20260920_113337,,charging,charging,39.937,23.665,99.982,0.0,0.0,0.0,0.0,122.838,1.8409,4.0269
1446.0,run_20260920_113337,,charging,charging,39.961,23.662,99.982,0.0,0.0,0.0,0.0,122.838,1.8409,4.0322
1447.0,run_20260920_113337,,charging,charging,39.985,23.66,99.982,0.0,0.0,0.0,0.0,122.838,1.8409,4.0375
1448.0,run_20260920_113337,,charging,charging,40.009,23.657,99.982,0.0,0.0,0.0,0.0,122.838,1.8409,4.0428
1449.0,run_20260920_113337,,waiting,waiting,40.001,23.655,99.982,0.0,0.0,0.0,0.0,122.838,1.8425,4.0428
1450.0,run_20260920_113337,,waiting,waiting,39.993,23.653,99.982,0.0,0.0,0.0,0.0,122.838,1.8442,4.0428
1451.0,run_20260920_113337,,waiting,waiting,39.986,23.651,99.982,0.0,0.0,0.0,0.0,122.838,1.8459,4.0428
