sim_time_s,section_id,status,factory_time_s,produced_total,picked_total,buffer_units,buffer_capacity,buffer_fill,rate_actual_per_hour,health_percent,time_to_full_s,fault_remaining_s,faults_total,lost_units,blocked_time_s
3.62,B,RUNNING,0.0,0,0,5,10,0.5,30.0,100.0,575.8548,0.0,0,0.0,0.0
4.0,B,RUNNING,0.376,0,0,5,10,0.5,30.0,100.0,575.4788,0.0,0,0.0,0.0
5.0,B,RUNNING,1.376,0,0,5,10,0.5,30.0,100.0,574.4788,0.0,0,0.0,0.0
6.0,B,RUNNING,2.376,0,0,5,10,0.5,30.0,100.0,573.4788,0.0,0,0.0,0.0
7.0,B,RUNNING,3.376,0,0,5,10,0.5,30.0,100.0,572.4788,0.0,0,0.0,0.0
8.0,B,RUNNING,4.376,0,0,5,10,0.5,30.0,100.0,571.4788,0.0,0,0.0,0.0
9.0,B,RUNNING,5.376,0,0,5,10,0.5,30.0,100.0,570.4788,0.0,0,0.0,0.0
10.0,B,RUNNING,6.376,0,0,5,10,0.5,30.0,100.0,569.4788,0.0,0,0.0,0.0
11.0,B,RUNNING,7.376,0,0,5,10,0.5,30.0,100.0,568.4788,0.0,0,0.0,0.0
12.0,B,RUNNING,8.376,0,0,5,10,0.5,30.0,100.0,567.4788,0.0,0,0.0,0.0
13.0,B,RUNNING,9.376,0,0,5,10,0.5,30.0,100.0,566.4788,0.0,0,0.0,0.0
14.0,B,RUNNING,10.376,0,0,5,10,0.5,30.0,100.0,565.4788,0.0,0,0.0,0.0
15.0,B,RUNNING,11.376,0,0,5,10,0.5,30.0,100.0,564.4788,0.0,0,0.0,0.0
16.0,B,RUNNING,12.376,0,0,5,10,0.5,30.0,100.0,563.4788,0.0,0,0.0,0.0
17.0,B,RUNNING,13.376,0,0,5,10,0.5,30.0,100.0,562.4788,0.0,0,0.0,0.0
18.0,B,RUNNING,14.376,0,0,5,10,0.5,30.0,100.0,561.4788,0.0,0,0.0,0.0
19.0,B,RUNNING,15.376,0,0,5,10,0.5,30.0,100.0,560.4788,0.0,0,0.0,0.0
20.0,B,RUNNING,16.376,0,0,5,10,0.5,30.0,100.0,559.4788,0.0,0,0.0,0.0
21.0,B,RUNNING,17.376,0,0,5,10,0.5,30.0,100.0,558.4788,0.0,0,0.0,0.0
22.0,B,RUNNING,18.376,0,0,5,10,0.5,30.0,100.0,557.4788,0.0,0,0.0,0.0
23.0,B,RUNNING,19.376,0,0,5,10,0.5,30.0,100.0,556.4788,0.0,0,0.0,0.0
24.0,B,RUNNING,20.376,0,0,5,10,0.5,30.0,100.0,555.4788,0.0,0,0.0,0.0
25.0,B,RUNNING,21.376,0,0,5,10,0.5,30.0,100.0,554.4788,0.0,0,0.0,0.0
26.0,B,RUNNING,22.376,0,0,5,10,0.5,30.0,100.0,553.4788,0.0,0,0.0,0.0
27.0,B,RUNNING,23.376,0,0,5,10,0.5,30.0,100.0,552.4788,0.0,0,0.0,0.0
28.0,B,RUNNING,24.376,0,0,5,10,0.5,30.0,100.0,551.4788,0.0,0,0.0,0.0
29.0,B,RUNNING,25.376,0,0,5,10,0.5,30.0,100.0,550.4788,0.0,0,0.0,0.0
30.0,B,RUNNING,26.376,0,0,5,10,0.5,30.0,100.0,549.4788,0.0,0,0.0,0.0
31.0,B,RUNNING,27.376,0,0,5,10,0.5,30.0,100.0,548.4788,0.0,0,0.0,0.0
32.0,B,RUNNING,28.376,0,0,5,10,0.5,30.0,100.0,547.4788,0.0,0,0.0,0.0
33.0,B,RUNNING,29.376,0,0,5,10,0.5,30.0,100.0,546.4788,0.0,0,0.0,0.0
34.0,B,RUNNING,30.376,0,0,5,10,0.5,30.0,100.0,545.4788,0.0,0,0.0,0.0
35.0,B,RUNNING,31.376,0,0,5,10,0.5,30.0,100.0,544.4788,0.0,0,0.0,0.0
36.0,B,RUNNING,32.376,0,0,5,10,0.5,30.0,100.0,543.4788,0.0,0,0.0,0.0
37.0,B,RUNNING,33.376,0,0,5,10,0.5,30.0,100.0,542.4788,0.0,0,0.0,0.0
38.0,B,RUNNING,34.376,0,0,5,10,0.5,30.0,100.0,541.4788,0.0,0,0.0,0.0
39.0,B,RUNNING,35.376,0,0,5,10,0.5,30.0,100.0,540.4788,0.0,0,0.0,0.0
40.0,B,RUNNING,36.376,0,0,5,10,0.5,30.0,100.0,539.4788,0.0,0,0.0,0.0
41.0,B,RUNNING,37.376,0,0,5,10,0.5,30.0,100.0,538.4788,0.0,0,0.0,0.0
42.0,B,RUNNING,38.376,0,0,5,10,0.5,30.0,100.0,537.4788,0.0,0,0.0,0.0
43.0,B,RUNNING,39.376,0,0,5,10,0.5,30.0,100.0,536.4788,0.0,0,0.0,0.0
44.0,B,RUNNING,40.376,0,0,5,10,0.5,30.0,100.0,535.4788,0.0,0,0.0,0.0
45.0,B,RUNNING,41.376,0,0,5,10,0.5,30.0,100.0,534.4788,0.0,0,0.0,0.0
46.0,B,RUNNING,42.376,0,0,5,10,0.5,30.0,100.0,533.4788,0.0,0,0.0,0.0
47.0,B,RUNNING,43.376,0,0,5,10,0.5,30.0,100.0,532.4788,0.0,0,0.0,0.0
48.0,B,RUNNING,44.376,0,0,5,10,0.5,30.0,100.0,531.4788,0.0,0,0.0,0.0
49.0,B,RUNNING,45.376,0,0,5,10,0.5,30.0,100.0,530.4788,0.0,0,0.0,0.0
50.0,B,RUNNING,46.376,0,0,5,10,0.5,30.0,100.0,529.4788,0.0,0,0.0,0.0
51.0,B,RUNNING,47.376,0,0,5,10,0.5,30.0,100.0,528.4788,0.0,0,0.0,0.0
52.0,B,RUNNING,48.376,0,0,5,10,0.5,30.0,100.0,527.4788,0.0,0,0.0,0.0
53.0,B,RUNNING,49.376,0,0,5,10,0.5,30.0,100.0,526.4788,0.0,0,0.0,0.0
54.0,B,RUNNING,50.376,0,0,5,10,0.5,30.0,100.0,525.4788,0.0,0,0.0,0.0
55.0,B,RUNNING,51.376,0,0,5,10,0.5,30.0,100.0,524.4788,0.0,0,0.0,0.0
56.0,B,RUNNING,52.376,0,0,5,10,0.5,30.0,100.0,523.4788,0.0,0,0.0,0.0
57.0,B,RUNNING,53.376,0,0,5,10,0.5,30.0,100.0,522.4788,0.0,0,0.0,0.0
58.0,B,RUNNING,54.376,0,0,5,10,0.5,30.0,100.0,521.4788,0.0,0,0.0,0.0
59.0,B,RUNNING,55.376,0,0,5,10,0.5,30.0,100.0,520.4788,0.0,0,0.0,0.0
60.0,B,RUNNING,56.376,0,0,5,10,0.5,30.0,100.0,519.4788,0.0,0,0.0,0.0
61.0,B,RUNNING,57.376,0,0,5,10,0.5,30.0,100.0,518.4788,0.0,0,0.0,0.0
62.0,B,RUNNING,58.376,0,0,5,10,0.5,30.0,100.0,517.4788,0.0,0,0.0,0.0
63.0,B,RUNNING,59.376,0,0,5,10,0.5,30.0,100.0,516.4788,0.0,0,0.0,0.0
64.0,B,RUNNING,60.376,0,0,5,10,0.5,30.0,100.0,515.4788,0.0,0,0.0,0.0
65.0,B,RUNNING,61.376,0,0,5,10,0.5,30.0,100.0,514.4788,0.0,0,0.0,0.0
66.0,B,RUNNING,62.376,0,0,5,10,0.5,30.0,100.0,513.4788,0.0,0,0.0,0.0
67.0,B,RUNNING,63.376,0,0,5,10,0.5,30.0,100.0,512.4788,0.0,0,0.0,0.0
68.0,B,RUNNING,64.376,0,0,5,10,0.5,30.0,100.0,511.4788,0.0,0,0.0,0.0
69.0,B,RUNNING,65.376,0,0,5,10,0.5,30.0,100.0,510.4788,0.0,0,0.0,0.0
70.0,B,RUNNING,66.376,0,0,5,10,0.5,30.0,100.0,509.4788,0.0,0,0.0,0.0
71.0,B,RUNNING,67.376,0,0,5,10,0.5,30.0,100.0,508.4788,0.0,0,0.0,0.0
72.0,B,RUNNING,68.376,0,0,5,10,0.5,30.0,100.0,507.4788,0.0,0,0.0,0.0
73.0,B,RUNNING,69.376,0,0,5,10,0.5,30.0,100.0,506.4788,0.0,0,0.0,0.0
74.0,B,RUNNING,70.376,0,0,5,10,0.5,30.0,100.0,505.4788,0.0,0,0.0,0.0
75.0,B,RUNNING,71.376,0,0,5,10,0.5,30.0,100.0,504.4788,0.0,0,0.0,0.0
76.0,B,RUNNING,72.376,0,0,5,10,0.5,30.0,100.0,503.4788,0.0,0,0.0,0.0
77.0,B,RUNNING,73.376,0,5,0,10,0.0,30.0,100.0,1102.4788,0.0,0,0.0,0.0
78.0,B,RUNNING,74.376,0,5,0,10,0.0,30.0,100.0,1101.4788,0.0,0,0.0,0.0
79.0,B,RUNNING,75.376,0,5,0,10,0.0,30.0,100.0,1100.4788,0.0,0,0.0,0.0
80.0,B,RUNNING,76.376,0,5,0,10,0.0,30.0,100.0,1099.4788,0.0,0,0.0,0.0
81.0,B,RUNNING,77.376,0,5,0,10,0.0,30.0,100.0,1098.4788,0.0,0,0.0,0.0
82.0,B,RUNNING,78.376,0,5,0,10,0.0,30.0,100.0,1097.4788,0.0,0,0.0,0.0
83.0,B,RUNNING,79.376,0,5,0,10,0.0,30.0,100.0,1096.4788,0.0,0,0.0,0.0
84.0,B,RUNNING,80.376,0,5,0,10,0.0,30.0,100.0,1095.4788,0.0,0,0.0,0.0
85.0,B,RUNNING,81.376,0,5,0,10,0.0,30.0,100.0,1094.4788,0.0,0,0.0,0.0
86.0,B,RUNNING,82.376,0,5,0,10,0.0,30.0,100.0,1093.4788,0.0,0,0.0,0.0
87.0,B,RUNNING,83.376,0,5,0,10,0.0,30.0,100.0,1092.4788,0.0,0,0.0,0.0
88.0,B,RUNNING,84.376,0,5,0,10,0.0,30.0,100.0,1091.4788,0.0,0,0.0,0.0
89.0,B,RUNNING,85.376,0,5,0,10,0.0,30.0,100.0,1090.4788,0.0,0,0.0,0.0
90.0,B,RUNNING,86.376,0,5,0,10,0.0,30.0,100.0,1089.4788,0.0,0,0.0,0.0
91.0,B,RUNNING,87.376,0,5,0,10,0.0,30.0,100.0,1088.4788,0.0,0,0.0,0.0
92.0,B,RUNNING,88.376,0,5,0,10,0.0,30.0,100.0,1087.4788,0.0,0,0.0,0.0
93.0,B,RUNNING,89.376,0,5,0,10,0.0,30.0,100.0,1086.4788,0.0,0,0.0,0.0
94.0,B,RUNNING,90.376,0,5,0,10,0.0,30.0,100.0,1085.4788,0.0,0,0.0,0.0
95.0,B,RUNNING,91.376,0,5,0,10,0.0,30.0,100.0,1084.4788,0.0,0,0.0,0.0
96.0,B,RUNNING,92.376,0,5,0,10,0.0,30.0,100.0,1083.4788,0.0,0,0.0,0.0
97.0,B,RUNNING,93.376,0,5,0,10,0.0,30.0,100.0,1082.4788,0.0,0,0.0,0.0
98.0,B,RUNNING,94.376,0,5,0,10,0.0,30.0,100.0,1081.4788,0.0,0,0.0,0.0
99.0,B,RUNNING,95.376,0,5,0,10,0.0,30.0,100.0,1080.4788,0.0,0,0.0,0.0
100.0,B,RUNNING,96.376,1,5,1,10,0.1,30.0,99.9,1060.7544,0.0,0,0.0,0.0
101.0,B,RUNNING,97.376,1,5,1,10,0.1,30.0,99.9,1059.7544,0.0,0,0.0,0.0
102.0,B,RUNNING,98.376,1,5,1,10,0.1,30.0,99.9,1058.7544,0.0,0,0.0,0.0
103.0,B,RUNNING,99.376,1,5,1,10,0.1,30.0,99.9,1057.7544,0.0,0,0.0,0.0
104.0,B,RUNNING,100.376,1,5,1,10,0.1,30.0,99.9,1056.7544,0.0,0,0.0,0.0
105.0,B,RUNNING,101.376,1,5,1,10,0.1,30.0,99.9,1055.7544,0.0,0,0.0,0.0
106.0,B,RUNNING,102.376,1,5,1,10,0.1,30.0,99.9,1054.7544,0.0,0,0.0,0.0
107.0,B,RUNNING,103.376,1,5,1,10,0.1,30.0,99.9,1053.7544,0.0,0,0.0,0.0
108.0,B,RUNNING,104.376,1,5,1,10,0.1,30.0,99.9,1052.7544,0.0,0,0.0,0.0
109.0,B,RUNNING,105.376,1,5,1,10,0.1,30.0,99.9,1051.7544,0.0,0,0.0,0.0
110.0,B,RUNNING,106.376,1,5,1,10,0.1,30.0,99.9,1050.7544,0.0,0,0.0,0.0
111.0,B,RUNNING,107.376,1,5,1,10,0.1,30.0,99.9,1049.7544,0.0,0,0.0,0.0
112.0,B,RUNNING,108.376,1,5,1,10,0.1,30.0,99.9,1048.7544,0.0,0,0.0,0.0
113.0,B,RUNNING,109.376,1,5,1,10,0.1,30.0,99.9,1047.7544,0.0,0,0.0,0.0
114.0,B,RUNNING,110.376,1,5,1,10,0.1,30.0,99.9,1046.7544,0.0,0,0.0,0.0
115.0,B,RUNNING,111.376,1,5,1,10,0.1,30.0,99.9,1045.7544,0.0,0,0.0,0.0
116.0,B,RUNNING,112.376,1,5,1,10,0.1,30.0,99.9,1044.7544,0.0,0,0.0,0.0
117.0,B,RUNNING,113.376,1,5,1,10,0.1,30.0,99.9,1043.7544,0.0,0,0.0,0.0
118.0,B,RUNNING,114.376,1,5,1,10,0.1,30.0,99.9,1042.7544,0.0,0,0.0,0.0
119.0,B,RUNNING,115.376,1,5,1,10,0.1,30.0,99.9,1041.7544,0.0,0,0.0,0.0
120.0,B,RUNNING,116.376,1,5,1,10,0.1,30.0,99.9,1040.7544,0.0,0,0.0,0.0
121.0,B,RUNNING,117.376,1,5,1,10,0.1,30.0,99.9,1039.7544,0.0,0,0.0,0.0
122.0,B,RUNNING,118.376,1,5,1,10,0.1,30.0,99.9,1038.7544,0.0,0,0.0,0.0
123.0,B,RUNNING,119.376,1,5,1,10,0.1,30.0,99.9,1037.7544,0.0,0,0.0,0.0
124.0,B,RUNNING,120.376,1,5,1,10,0.1,30.0,99.9,1036.7544,0.0,0,0.0,0.0
125.0,B,RUNNING,121.376,1,5,1,10,0.1,30.0,99.9,1035.7544,0.0,0,0.0,0.0
126.0,B,RUNNING,122.376,1,5,1,10,0.1,30.0,99.9,1034.7544,0.0,0,0.0,0.0
127.0,B,RUNNING,123.376,1,5,1,10,0.1,30.0,99.9,1033.7544,0.0,0,0.0,0.0
128.0,B,RUNNING,124.376,1,5,1,10,0.1,30.0,99.9,1032.7544,0.0,0,0.0,0.0
129.0,B,RUNNING,125.376,1,5,1,10,0.1,30.0,99.9,1031.7544,0.0,0,0.0,0.0
130.0,B,RUNNING,126.376,1,5,1,10,0.1,30.0,99.9,1030.7544,0.0,0,0.0,0.0
131.0,B,RUNNING,127.376,1,5,1,10,0.1,30.0,99.9,1029.7544,0.0,0,0.0,0.0
132.0,B,RUNNING,128.376,1,5,1,10,0.1,30.0,99.9,1028.7544,0.0,0,0.0,0.0
133.0,B,RUNNING,129.376,1,5,1,10,0.1,30.0,99.9,1027.7544,0.0,0,0.0,0.0
134.0,B,RUNNING,130.376,1,5,1,10,0.1,30.0,99.9,1026.7544,0.0,0,0.0,0.0
135.0,B,RUNNING,131.376,1,5,1,10,0.1,30.0,99.9,1025.7544,0.0,0,0.0,0.0
136.0,B,RUNNING,132.376,1,5,1,10,0.1,30.0,99.9,1024.7544,0.0,0,0.0,0.0
137.0,B,RUNNING,133.376,1,5,1,10,0.1,30.0,99.9,1023.7544,0.0,0,0.0,0.0
138.0,B,RUNNING,134.376,1,5,1,10,0.1,30.0,99.9,1022.7544,0.0,0,0.0,0.0
139.0,B,RUNNING,135.376,1,5,1,10,0.1,30.0,99.9,1021.7544,0.0,0,0.0,0.0
140.0,B,RUNNING,136.376,1,5,1,10,0.1,30.0,99.9,1020.7544,0.0,0,0.0,0.0
141.0,B,RUNNING,137.376,1,5,1,10,0.1,30.0,99.9,1019.7544,0.0,0,0.0,0.0
142.0,B,RUNNING,138.376,1,5,1,10,0.1,30.0,99.9,1018.7544,0.0,0,0.0,0.0
143.0,B,RUNNING,139.376,1,5,1,10,0.1,30.0,99.9,1017.7544,0.0,0,0.0,0.0
144.0,B,RUNNING,140.376,1,5,1,10,0.1,30.0,99.9,1016.7544,0.0,0,0.0,0.0
145.0,B,RUNNING,141.376,1,5,1,10,0.1,30.0,99.9,1015.7544,0.0,0,0.0,0.0
146.0,B,RUNNING,142.376,1,5,1,10,0.1,30.0,99.9,1014.7544,0.0,0,0.0,0.0
147.0,B,RUNNING,143.376,1,5,1,10,0.1,30.0,99.9,1013.7544,0.0,0,0.0,0.0
148.0,B,RUNNING,144.376,1,5,1,10,0.1,30.0,99.9,1012.7544,0.0,0,0.0,0.0
149.0,B,RUNNING,145.376,1,5,1,10,0.1,30.0,99.9,1011.7544,0.0,0,0.0,0.0
150.0,B,RUNNING,146.376,1,5,1,10,0.1,30.0,99.9,1010.7544,0.0,0,0.0,0.0
151.0,B,RUNNING,147.376,1,5,1,10,0.1,30.0,99.9,1009.7544,0.0,0,0.0,0.0
152.0,B,RUNNING,148.376,1,5,1,10,0.1,30.0,99.9,1008.7544,0.0,0,0.0,0.0
153.0,B,RUNNING,149.376,1,5,1,10,0.1,30.0,99.9,1007.7544,0.0,0,0.0,0.0
154.0,B,RUNNING,150.376,1,5,1,10,0.1,30.0,99.9,1006.7544,0.0,0,0.0,0.0
155.0,B,RUNNING,151.376,1,5,1,10,0.1,30.0,99.9,1005.7544,0.0,0,0.0,0.0
156.0,B,RUNNING,152.376,1,5,1,10,0.1,30.0,99.9,1004.7544,0.0,0,0.0,0.0
157.0,B,RUNNING,153.376,1,5,1,10,0.1,30.0,99.9,1003.7544,0.0,0,0.0,0.0
158.0,B,RUNNING,154.376,1,5,1,10,0.1,30.0,99.9,1002.7544,0.0,0,0.0,0.0
159.0,B,RUNNING,155.376,1,5,1,10,0.1,30.0,99.9,1001.7544,0.0,0,0.0,0.0
160.0,B,RUNNING,156.376,1,5,1,10,0.1,30.0,99.9,1000.7544,0.0,0,0.0,0.0
161.0,B,RUNNING,157.376,1,5,1,10,0.1,30.0,99.9,999.7544,0.0,0,0.0,0.0
162.0,B,RUNNING,158.376,1,5,1,10,0.1,30.0,99.9,998.7544,0.0,0,0.0,0.0
163.0,B,RUNNING,159.376,1,5,1,10,0.1,30.0,99.9,997.7544,0.0,0,0.0,0.0
164.0,B,RUNNING,160.376,1,5,1,10,0.1,30.0,99.9,996.7544,0.0,0,0.0,0.0
165.0,B,RUNNING,161.376,1,5,1,10,0.1,30.0,99.9,995.7544,0.0,0,0.0,0.0
166.0,B,RUNNING,162.376,1,5,1,10,0.1,30.0,99.9,994.7544,0.0,0,0.0,0.0
167.0,B,RUNNING,163.376,1,5,1,10,0.1,30.0,99.9,993.7544,0.0,0,0.0,0.0
168.0,B,RUNNING,164.376,1,5,1,10,0.1,30.0,99.9,992.7544,0.0,0,0.0,0.0
169.0,B,RUNNING,165.376,1,5,1,10,0.1,30.0,99.9,991.7544,0.0,0,0.0,0.0
170.0,B,RUNNING,166.376,1,5,1,10,0.1,30.0,99.9,990.7544,0.0,0,0.0,0.0
171.0,B,RUNNING,167.376,1,5,1,10,0.1,30.0,99.9,989.7544,0.0,0,0.0,0.0
172.0,B,RUNNING,168.376,1,5,1,10,0.1,30.0,99.9,988.7544,0.0,0,0.0,0.0
173.0,B,RUNNING,169.376,1,5,1,10,0.1,30.0,99.9,987.7544,0.0,0,0.0,0.0
174.0,B,RUNNING,170.376,1,5,1,10,0.1,30.0,99.9,986.7544,0.0,0,0.0,0.0
175.0,B,RUNNING,171.376,1,5,1,10,0.1,30.0,99.9,985.7544,0.0,0,0.0,0.0
176.0,B,RUNNING,172.376,1,5,1,10,0.1,30.0,99.9,984.7544,0.0,0,0.0,0.0
177.0,B,RUNNING,173.376,1,5,1,10,0.1,30.0,99.9,983.7544,0.0,0,0.0,0.0
178.0,B,RUNNING,174.376,1,5,1,10,0.1,30.0,99.9,982.7544,0.0,0,0.0,0.0
179.0,B,RUNNING,175.376,1,5,1,10,0.1,30.0,99.9,981.7544,0.0,0,0.0,0.0
180.0,B,RUNNING,176.376,1,5,1,10,0.1,30.0,99.9,980.7544,0.0,0,0.0,0.0
181.0,B,RUNNING,177.376,1,5,1,10,0.1,30.0,99.9,979.7544,0.0,0,0.0,0.0
182.0,B,RUNNING,178.376,1,5,1,10,0.1,30.0,99.9,978.7544,0.0,0,0.0,0.0
183.0,B,RUNNING,179.376,1,5,1,10,0.1,30.0,99.9,977.7544,0.0,0,0.0,0.0
184.0,B,RUNNING,180.376,1,5,1,10,0.1,30.0,99.9,976.7544,0.0,0,0.0,0.0
185.0,B,RUNNING,181.376,1,5,1,10,0.1,30.0,99.9,975.7544,0.0,0,0.0,0.0
186.0,B,RUNNING,182.376,1,5,1,10,0.1,30.0,99.9,974.7544,0.0,0,0.0,0.0
187.0,B,RUNNING,183.376,1,5,1,10,0.1,30.0,99.9,973.7544,0.0,0,0.0,0.0
188.0,B,RUNNING,184.376,1,5,1,10,0.1,30.0,99.9,972.7544,0.0,0,0.0,0.0
189.0,B,RUNNING,185.376,1,5,1,10,0.1,30.0,99.9,971.7544,0.0,0,0.0,0.0
190.0,B,RUNNING,186.376,1,5,1,10,0.1,30.0,99.9,970.7544,0.0,0,0.0,0.0
191.0,B,RUNNING,187.376,1,5,1,10,0.1,30.0,99.9,969.7544,0.0,0,0.0,0.0
192.0,B,RUNNING,188.376,1,5,1,10,0.1,30.0,99.9,968.7544,0.0,0,0.0,0.0
193.0,B,RUNNING,189.376,1,5,1,10,0.1,30.0,99.9,967.7544,0.0,0,0.0,0.0
194.0,B,RUNNING,190.376,1,5,1,10,0.1,30.0,99.9,966.7544,0.0,0,0.0,0.0
195.0,B,RUNNING,191.376,1,5,1,10,0.1,30.0,99.9,965.7544,0.0,0,0.0,0.0
196.0,B,RUNNING,192.376,1,5,1,10,0.1,30.0,99.9,964.7544,0.0,0,0.0,0.0
197.0,B,RUNNING,193.376,1,5,1,10,0.1,30.0,99.9,963.7544,0.0,0,0.0,0.0
198.0,B,RUNNING,194.376,1,5,1,10,0.1,30.0,99.9,962.7544,0.0,0,0.0,0.0
199.0,B,RUNNING,195.376,1,5,1,10,0.1,30.0,99.9,961.7544,0.0,0,0.0,0.0
200.0,B,RUNNING,196.376,1,5,1,10,0.1,30.0,99.9,960.7544,0.0,0,0.0,0.0
201.0,B,RUNNING,197.376,2,5,2,10,0.2,30.0,99.8,953.8278,0.0,0,0.0,0.0
202.0,B,RUNNING,198.376,2,5,2,10,0.2,30.0,99.8,952.8278,0.0,0,0.0,0.0
203.0,B,RUNNING,199.376,2,5,2,10,0.2,30.0,99.8,951.8278,0.0,0,0.0,0.0
204.0,B,RUNNING,200.376,2,5,2,10,0.2,30.0,99.8,950.8278,0.0,0,0.0,0.0
205.0,B,RUNNING,201.376,2,5,2,10,0.2,30.0,99.8,949.8278,0.0,0,0.0,0.0
206.0,B,RUNNING,202.376,2,5,2,10,0.2,30.0,99.8,948.8278,0.0,0,0.0,0.0
207.0,B,RUNNING,203.376,2,5,2,10,0.2,30.0,99.8,947.8278,0.0,0,0.0,0.0
208.0,B,RUNNING,204.376,2,5,2,10,0.2,30.0,99.8,946.8278,0.0,0,0.0,0.0
209.0,B,RUNNING,205.376,2,5,2,10,0.2,30.0,99.8,945.8278,0.0,0,0.0,0.0
210.0,B,RUNNING,206.376,2,5,2,10,0.2,30.0,99.8,944.8278,0.0,0,0.0,0.0
211.0,B,RUNNING,207.376,2,5,2,10,0.2,30.0,99.8,943.8278,0.0,0,0.0,0.0
212.0,B,RUNNING,208.376,2,5,2,10,0.2,30.0,99.8,942.8278,0.0,0,0.0,0.0
213.0,B,RUNNING,209.376,2,5,2,10,0.2,30.0,99.8,941.8278,0.0,0,0.0,0.0
214.0,B,RUNNING,210.376,2,5,2,10,0.2,30.0,99.8,940.8278,0.0,0,0.0,0.0
215.0,B,RUNNING,211.376,2,5,2,10,0.2,30.0,99.8,939.8278,0.0,0,0.0,0.0
216.0,B,RUNNING,212.376,2,5,2,10,0.2,30.0,99.8,938.8278,0.0,0,0.0,0.0
217.0,B,RUNNING,213.376,2,5,2,10,0.2,30.0,99.8,937.8278,0.0,0,0.0,0.0
218.0,B,RUNNING,214.376,2,5,2,10,0.2,30.0,99.8,936.8278,0.0,0,0.0,0.0
219.0,B,RUNNING,215.376,2,5,2,10,0.2,30.0,99.8,935.8278,0.0,0,0.0,0.0
220.0,B,RUNNING,216.376,2,5,2,10,0.2,30.0,99.8,934.8278,0.0,0,0.0,0.0
221.0,B,RUNNING,217.376,2,5,2,10,0.2,30.0,99.8,933.8278,0.0,0,0.0,0.0
222.0,B,RUNNING,218.376,2,5,2,10,0.2,30.0,99.8,932.8278,0.0,0,0.0,0.0
223.0,B,RUNNING,219.376,2,5,2,10,0.2,30.0,99.8,931.8278,0.0,0,0.0,0.0
224.0,B,RUNNING,220.376,2,5,2,10,0.2,30.0,99.8,930.8278,0.0,0,0.0,0.0
225.0,B,RUNNING,221.376,2,5,2,10,0.2,30.0,99.8,929.8278,0.0,0,0.0,0.0
226.0,B,RUNNING,222.376,2,5,2,10,0.2,30.0,99.8,928.8278,0.0,0,0.0,0.0
227.0,B,RUNNING,223.376,2,5,2,10,0.2,30.0,99.8,927.8278,0.0,0,0.0,0.0
228.0,B,RUNNING,224.376,2,5,2,10,0.2,30.0,99.8,926.8278,0.0,0,0.0,0.0
229.0,B,RUNNING,225.376,2,5,2,10,0.2,30.0,99.8,925.8278,0.0,0,0.0,0.0
230.0,B,RUNNING,226.376,2,5,2,10,0.2,30.0,99.8,924.8278,0.0,0,0.0,0.0
231.0,B,RUNNING,227.376,2,5,2,10,0.2,30.0,99.8,923.8278,0.0,0,0.0,0.0
232.0,B,RUNNING,228.376,2,5,2,10,0.2,30.0,99.8,922.8278,0.0,0,0.0,0.0
233.0,B,RUNNING,229.376,2,5,2,10,0.2,30.0,99.8,921.8278,0.0,0,0.0,0.0
234.0,B,RUNNING,230.376,2,5,2,10,0.2,30.0,99.8,920.8278,0.0,0,0.0,0.0
235.0,B,RUNNING,231.376,2,5,2,10,0.2,30.0,99.8,919.8278,0.0,0,0.0,0.0
236.0,B,RUNNING,232.376,2,5,2,10,0.2,30.0,99.8,918.8278,0.0,0,0.0,0.0
237.0,B,RUNNING,233.376,2,5,2,10,0.2,30.0,99.8,917.8278,0.0,0,0.0,0.0
238.0,B,RUNNING,234.376,2,5,2,10,0.2,30.0,99.8,916.8278,0.0,0,0.0,0.0
239.0,B,RUNNING,235.376,2,5,2,10,0.2,30.0,99.8,915.8278,0.0,0,0.0,0.0
240.0,B,RUNNING,236.376,2,5,2,10,0.2,30.0,99.8,914.8278,0.0,0,0.0,0.0
241.0,B,RUNNING,237.376,2,5,2,10,0.2,30.0,99.8,913.8278,0.0,0,0.0,0.0
242.0,B,RUNNING,238.376,2,5,2,10,0.2,30.0,99.8,912.8278,0.0,0,0.0,0.0
243.0,B,RUNNING,239.376,2,5,2,10,0.2,30.0,99.8,911.8278,0.0,0,0.0,0.0
244.0,B,RUNNING,240.376,2,5,2,10,0.2,30.0,99.8,910.8278,0.0,0,0.0,0.0
245.0,B,RUNNING,241.376,2,5,2,10,0.2,30.0,99.8,909.8278,0.0,0,0.0,0.0
246.0,B,RUNNING,242.376,2,5,2,10,0.2,30.0,99.8,908.8278,0.0,0,0.0,0.0
247.0,B,RUNNING,243.376,2,5,2,10,0.2,30.0,99.8,907.8278,0.0,0,0.0,0.0
248.0,B,RUNNING,244.376,2,5,2,10,0.2,30.0,99.8,906.8278,0.0,0,0.0,0.0
249.0,B,RUNNING,245.376,2,5,2,10,0.2,30.0,99.8,905.8278,0.0,0,0.0,0.0
250.0,B,RUNNING,246.376,2,5,2,10,0.2,30.0,99.8,904.8278,0.0,0,0.0,0.0
251.0,B,RUNNING,247.376,2,5,2,10,0.2,30.0,99.8,903.8278,0.0,0,0.0,0.0
252.0,B,RUNNING,248.376,2,5,2,10,0.2,30.0,99.8,902.8278,0.0,0,0.0,0.0
253.0,B,RUNNING,249.376,2,5,2,10,0.2,30.0,99.8,901.8278,0.0,0,0.0,0.0
254.0,B,RUNNING,250.376,2,5,2,10,0.2,30.0,99.8,900.8278,0.0,0,0.0,0.0
255.0,B,RUNNING,251.376,2,5,2,10,0.2,30.0,99.8,899.8278,0.0,0,0.0,0.0
256.0,B,RUNNING,252.376,2,5,2,10,0.2,30.0,99.8,898.8278,0.0,0,0.0,0.0
257.0,B,RUNNING,253.376,2,5,2,10,0.2,30.0,99.8,897.8278,0.0,0,0.0,0.0
258.0,B,RUNNING,254.376,2,5,2,10,0.2,30.0,99.8,896.8278,0.0,0,0.0,0.0
259.0,B,RUNNING,255.376,2,5,2,10,0.2,30.0,99.8,895.8278,0.0,0,0.0,0.0
260.0,B,RUNNING,256.376,2,5,2,10,0.2,30.0,99.8,894.8278,0.0,0,0.0,0.0
261.0,B,RUNNING,257.376,2,5,2,10,0.2,30.0,99.8,893.8278,0.0,0,0.0,0.0
262.0,B,RUNNING,258.376,2,5,2,10,0.2,30.0,99.8,892.8278,0.0,0,0.0,0.0
263.0,B,RUNNING,259.376,2,5,2,10,0.2,30.0,99.8,891.8278,0.0,0,0.0,0.0
264.0,B,RUNNING,260.376,2,5,2,10,0.2,30.0,99.8,890.8278,0.0,0,0.0,0.0
265.0,B,RUNNING,261.376,2,5,2,10,0.2,30.0,99.8,889.8278,0.0,0,0.0,0.0
266.0,B,RUNNING,262.376,2,5,2,10,0.2,30.0,99.8,888.8278,0.0,0,0.0,0.0
267.0,B,RUNNING,263.376,2,5,2,10,0.2,30.0,99.8,887.8278,0.0,0,0.0,0.0
268.0,B,RUNNING,264.376,2,5,2,10,0.2,30.0,99.8,886.8278,0.0,0,0.0,0.0
269.0,B,RUNNING,265.376,2,5,2,10,0.2,30.0,99.8,885.8278,0.0,0,0.0,0.0
270.0,B,RUNNING,266.376,2,5,2,10,0.2,30.0,99.8,884.8278,0.0,0,0.0,0.0
271.0,B,RUNNING,267.376,2,5,2,10,0.2,30.0,99.8,883.8278,0.0,0,0.0,0.0
272.0,B,RUNNING,268.376,2,5,2,10,0.2,30.0,99.8,882.8278,0.0,0,0.0,0.0
273.0,B,RUNNING,269.376,2,5,2,10,0.2,30.0,99.8,881.8278,0.0,0,0.0,0.0
274.0,B,RUNNING,270.376,2,5,2,10,0.2,30.0,99.8,880.8278,0.0,0,0.0,0.0
275.0,B,RUNNING,271.376,2,5,2,10,0.2,30.0,99.8,879.8278,0.0,0,0.0,0.0
276.0,B,RUNNING,272.376,2,5,2,10,0.2,30.0,99.8,878.8278,0.0,0,0.0,0.0
277.0,B,RUNNING,273.376,2,5,2,10,0.2,30.0,99.8,877.8278,0.0,0,0.0,0.0
278.0,B,RUNNING,274.376,2,5,2,10,0.2,30.0,99.8,876.8278,0.0,0,0.0,0.0
279.0,B,RUNNING,275.376,2,5,2,10,0.2,30.0,99.8,875.8278,0.0,0,0.0,0.0
280.0,B,RUNNING,276.376,2,5,2,10,0.2,30.0,99.8,874.8278,0.0,0,0.0,0.0
281.0,B,RUNNING,277.376,2,5,2,10,0.2,30.0,99.8,873.8278,0.0,0,0.0,0.0
282.0,B,RUNNING,278.376,2,5,2,10,0.2,30.0,99.8,872.8278,0.0,0,0.0,0.0
283.0,B,RUNNING,279.376,2,5,2,10,0.2,30.0,99.8,871.8278,0.0,0,0.0,0.0
284.0,B,RUNNING,280.376,2,5,2,10,0.2,30.0,99.8,870.8278,0.0,0,0.0,0.0
285.0,B,RUNNING,281.376,2,5,2,10,0.2,30.0,99.8,869.8278,0.0,0,0.0,0.0
286.0,B,RUNNING,282.376,2,5,2,10,0.2,30.0,99.8,868.8278,0.0,0,0.0,0.0
287.0,B,RUNNING,283.376,2,5,2,10,0.2,30.0,99.8,867.8278,0.0,0,0.0,0.0
288.0,B,RUNNING,284.376,2,5,2,10,0.2,30.0,99.8,866.8278,0.0,0,0.0,0.0
289.0,B,RUNNING,285.376,2,5,2,10,0.2,30.0,99.8,865.8278,0.0,0,0.0,0.0
290.0,B,RUNNING,286.376,2,5,2,10,0.2,30.0,99.8,864.8278,0.0,0,0.0,0.0
291.0,B,RUNNING,287.376,2,5,2,10,0.2,30.0,99.8,863.8278,0.0,0,0.0,0.0
292.0,B,RUNNING,288.376,2,5,2,10,0.2,30.0,99.8,862.8278,0.0,0,0.0,0.0
293.0,B,RUNNING,289.376,2,5,2,10,0.2,30.0,99.8,861.8278,0.0,0,0.0,0.0
294.0,B,RUNNING,290.376,2,5,2,10,0.2,30.0,99.8,860.8278,0.0,0,0.0,0.0
295.0,B,RUNNING,291.376,2,5,2,10,0.2,30.0,99.8,859.8278,0.0,0,0.0,0.0
296.0,B,RUNNING,292.376,2,5,2,10,0.2,30.0,99.8,858.8278,0.0,0,0.0,0.0
297.0,B,RUNNING,293.376,2,5,2,10,0.2,30.0,99.8,857.8278,0.0,0,0.0,0.0
298.0,B,RUNNING,294.376,2,5,2,10,0.2,30.0,99.8,856.8278,0.0,0,0.0,0.0
299.0,B,RUNNING,295.376,2,5,2,10,0.2,30.0,99.8,855.8278,0.0,0,0.0,0.0
300.0,B,RUNNING,296.376,2,5,2,10,0.2,30.0,99.8,854.8278,0.0,0,0.0,0.0
301.0,B,RUNNING,297.376,2,7,0,10,0.0,30.0,99.8,1093.8278,0.0,0,0.0,0.0
302.0,B,RUNNING,298.376,2,7,0,10,0.0,30.0,99.8,1092.8278,0.0,0,0.0,0.0
303.0,B,RUNNING,299.376,2,7,0,10,0.0,30.0,99.8,1091.8278,0.0,0,0.0,0.0
304.0,B,RUNNING,300.376,2,7,0,10,0.0,30.0,99.8,1090.8278,0.0,0,0.0,0.0
305.0,B,RUNNING,301.376,2,7,0,10,0.0,30.0,99.8,1089.8278,0.0,0,0.0,0.0
306.0,B,RUNNING,302.376,2,7,0,10,0.0,30.0,99.8,1088.8278,0.0,0,0.0,0.0
307.0,B,RUNNING,303.376,2,7,0,10,0.0,30.0,99.8,1087.8278,0.0,0,0.0,0.0
308.0,B,RUNNING,304.376,2,7,0,10,0.0,30.0,99.8,1086.8278,0.0,0,0.0,0.0
309.0,B,RUNNING,305.376,2,7,0,10,0.0,30.0,99.8,1085.8278,0.0,0,0.0,0.0
310.0,B,RUNNING,306.376,2,7,0,10,0.0,30.0,99.8,1084.8278,0.0,0,0.0,0.0
311.0,B,RUNNING,307.376,2,7,0,10,0.0,30.0,99.8,1083.8278,0.0,0,0.0,0.0
312.0,B,RUNNING,308.376,2,7,0,10,0.0,30.0,99.8,1082.8278,0.0,0,0.0,0.0
313.0,B,RUNNING,309.376,2,7,0,10,0.0,30.0,99.8,1081.8278,0.0,0,0.0,0.0
314.0,B,RUNNING,310.376,2,7,0,10,0.0,30.0,99.8,1080.8278,0.0,0,0.0,0.0
315.0,B,RUNNING,311.376,3,7,1,10,0.1,30.0,99.7,1087.9253,0.0,0,0.0,0.0
316.0,B,RUNNING,312.376,3,7,1,10,0.1,30.0,99.7,1086.9253,0.0,0,0.0,0.0
317.0,B,RUNNING,313.376,3,7,1,10,0.1,30.0,99.7,1085.9253,0.0,0,0.0,0.0
318.0,B,RUNNING,314.376,3,7,1,10,0.1,30.0,99.7,1084.9253,0.0,0,0.0,0.0
319.0,B,RUNNING,315.376,3,7,1,10,0.1,30.0,99.7,1083.9253,0.0,0,0.0,0.0
320.0,B,RUNNING,316.376,3,7,1,10,0.1,30.0,99.7,1082.9253,0.0,0,0.0,0.0
321.0,B,RUNNING,317.376,3,7,1,10,0.1,30.0,99.7,1081.9253,0.0,0,0.0,0.0
322.0,B,RUNNING,318.376,3,7,1,10,0.1,30.0,99.7,1080.9253,0.0,0,0.0,0.0
323.0,B,RUNNING,319.376,3,7,1,10,0.1,30.0,99.7,1079.9253,0.0,0,0.0,0.0
324.0,B,RUNNING,320.376,3,7,1,10,0.1,30.0,99.7,1078.9253,0.0,0,0.0,0.0
325.0,B,RUNNING,321.376,3,7,1,10,0.1,30.0,99.7,1077.9253,0.0,0,0.0,0.0
326.0,B,RUNNING,322.376,3,7,1,10,0.1,30.0,99.7,1076.9253,0.0,0,0.0,0.0
327.0,B,RUNNING,323.376,3,7,1,10,0.1,30.0,99.7,1075.9253,0.0,0,0.0,0.0
328.0,B,RUNNING,324.376,3,7,1,10,0.1,30.0,99.7,1074.9253,0.0,0,0.0,0.0
329.0,B,RUNNING,325.376,3,7,1,10,0.1,30.0,99.7,1073.9253,0.0,0,0.0,0.0
330.0,B,RUNNING,326.376,3,7,1,10,0.1,30.0,99.7,1072.9253,0.0,0,0.0,0.0
331.0,B,RUNNING,327.376,3,7,1,10,0.1,30.0,99.7,1071.9253,0.0,0,0.0,0.0
332.0,B,RUNNING,328.376,3,7,1,10,0.1,30.0,99.7,1070.9253,0.0,0,0.0,0.0
333.0,B,RUNNING,329.376,3,7,1,10,0.1,30.0,99.7,1069.9253,0.0,0,0.0,0.0
334.0,B,RUNNING,330.376,3,7,1,10,0.1,30.0,99.7,1068.9253,0.0,0,0.0,0.0
335.0,B,RUNNING,331.376,3,7,1,10,0.1,30.0,99.7,1067.9253,0.0,0,0.0,0.0
336.0,B,RUNNING,332.376,3,7,1,10,0.1,30.0,99.7,1066.9253,0.0,0,0.0,0.0
337.0,B,RUNNING,333.376,3,7,1,10,0.1,30.0,99.7,1065.9253,0.0,0,0.0,0.0
338.0,B,RUNNING,334.376,3,7,1,10,0.1,30.0,99.7,1064.9253,0.0,0,0.0,0.0
339.0,B,RUNNING,335.376,3,7,1,10,0.1,30.0,99.7,1063.9253,0.0,0,0.0,0.0
340.0,B,RUNNING,336.376,3,7,1,10,0.1,30.0,99.7,1062.9253,0.0,0,0.0,0.0
341.0,B,RUNNING,337.376,3,7,1,10,0.1,30.0,99.7,1061.9253,0.0,0,0.0,0.0
342.0,B,RUNNING,338.376,3,7,1,10,0.1,30.0,99.7,1060.9253,0.0,0,0.0,0.0
343.0,B,RUNNING,339.376,3,7,1,10,0.1,30.0,99.7,1059.9253,0.0,0,0.0,0.0
344.0,B,RUNNING,340.376,3,7,1,10,0.1,30.0,99.7,1058.9253,0.0,0,0.0,0.0
345.0,B,RUNNING,341.376,3,7,1,10,0.1,30.0,99.7,1057.9253,0.0,0,0.0,0.0
346.0,B,RUNNING,342.376,3,7,1,10,0.1,30.0,99.7,1056.9253,0.0,0,0.0,0.0
347.0,B,RUNNING,343.376,3,7,1,10,0.1,30.0,99.7,1055.9253,0.0,0,0.0,0.0
348.0,B,RUNNING,344.376,3,7,1,10,0.1,30.0,99.7,1054.9253,0.0,0,0.0,0.0
349.0,B,RUNNING,345.376,3,7,1,10,0.1,30.0,99.7,1053.9253,0.0,0,0.0,0.0
350.0,B,RUNNING,346.376,3,7,1,10,0.1,30.0,99.7,1052.9253,0.0,0,0.0,0.0
351.0,B,RUNNING,347.376,3,7,1,10,0.1,30.0,99.7,1051.9253,0.0,0,0.0,0.0
352.0,B,RUNNING,348.376,3,7,1,10,0.1,30.0,99.7,1050.9253,0.0,0,0.0,0.0
353.0,B,RUNNING,349.376,3,7,1,10,0.1,30.0,99.7,1049.9253,0.0,0,0.0,0.0
354.0,B,RUNNING,350.376,3,7,1,10,0.1,30.0,99.7,1048.9253,0.0,0,0.0,0.0
355.0,B,RUNNING,351.376,3,7,1,10,0.1,30.0,99.7,1047.9253,0.0,0,0.0,0.0
356.0,B,RUNNING,352.376,3,7,1,10,0.1,30.0,99.7,1046.9253,0.0,0,0.0,0.0
357.0,B,RUNNING,353.376,3,7,1,10,0.1,30.0,99.7,1045.9253,0.0,0,0.0,0.0
358.0,B,RUNNING,354.376,3,7,1,10,0.1,30.0,99.7,1044.9253,0.0,0,0.0,0.0
359.0,B,RUNNING,355.376,3,7,1,10,0.1,30.0,99.7,1043.9253,0.0,0,0.0,0.0
360.0,B,RUNNING,356.376,3,7,1,10,0.1,30.0,99.7,1042.9253,0.0,0,0.0,0.0
361.0,B,RUNNING,357.376,3,7,1,10,0.1,30.0,99.7,1041.9253,0.0,0,0.0,0.0
362.0,B,RUNNING,358.376,3,7,1,10,0.1,30.0,99.7,1040.9253,0.0,0,0.0,0.0
363.0,B,RUNNING,359.376,3,7,1,10,0.1,30.0,99.7,1039.9253,0.0,0,0.0,0.0
364.0,B,RUNNING,360.376,3,7,1,10,0.1,30.0,99.7,1038.9253,0.0,0,0.0,0.0
365.0,B,RUNNING,361.376,3,7,1,10,0.1,30.0,99.7,1037.9253,0.0,0,0.0,0.0
366.0,B,RUNNING,362.376,3,7,1,10,0.1,30.0,99.7,1036.9253,0.0,0,0.0,0.0
367.0,B,RUNNING,363.376,3,7,1,10,0.1,30.0,99.7,1035.9253,0.0,0,0.0,0.0
368.0,B,RUNNING,364.376,3,7,1,10,0.1,30.0,99.7,1034.9253,0.0,0,0.0,0.0
369.0,B,RUNNING,365.376,3,7,1,10,0.1,30.0,99.7,1033.9253,0.0,0,0.0,0.0
370.0,B,RUNNING,366.376,3,7,1,10,0.1,30.0,99.7,1032.9253,0.0,0,0.0,0.0
371.0,B,RUNNING,367.376,3,7,1,10,0.1,30.0,99.7,1031.9253,0.0,0,0.0,0.0
372.0,B,RUNNING,368.376,3,7,1,10,0.1,30.0,99.7,1030.9253,0.0,0,0.0,0.0
373.0,B,RUNNING,369.376,3,7,1,10,0.1,30.0,99.7,1029.9253,0.0,0,0.0,0.0
374.0,B,RUNNING,370.376,3,7,1,10,0.1,30.0,99.7,1028.9253,0.0,0,0.0,0.0
375.0,B,RUNNING,371.376,3,7,1,10,0.1,30.0,99.7,1027.9253,0.0,0,0.0,0.0
376.0,B,RUNNING,372.376,3,7,1,10,0.1,30.0,99.7,1026.9253,0.0,0,0.0,0.0
377.0,B,RUNNING,373.376,3,7,1,10,0.1,30.0,99.7,1025.9253,0.0,0,0.0,0.0
378.0,B,RUNNING,374.376,3,7,1,10,0.1,30.0,99.7,1024.9253,0.0,0,0.0,0.0
379.0,B,RUNNING,375.376,3,7,1,10,0.1,30.0,99.7,1023.9253,0.0,0,0.0,0.0
380.0,B,RUNNING,376.376,3,7,1,10,0.1,30.0,99.7,1022.9253,0.0,0,0.0,0.0
381.0,B,RUNNING,377.376,3,7,1,10,0.1,30.0,99.7,1021.9253,0.0,0,0.0,0.0
382.0,B,RUNNING,378.376,3,7,1,10,0.1,30.0,99.7,1020.9253,0.0,0,0.0,0.0
383.0,B,RUNNING,379.376,3,7,1,10,0.1,30.0,99.7,1019.9253,0.0,0,0.0,0.0
384.0,B,RUNNING,380.376,3,7,1,10,0.1,30.0,99.7,1018.9253,0.0,0,0.0,0.0
385.0,B,RUNNING,381.376,3,7,1,10,0.1,30.0,99.7,1017.9253,0.0,0,0.0,0.0
386.0,B,RUNNING,382.376,3,7,1,10,0.1,30.0,99.7,1016.9253,0.0,0,0.0,0.0
387.0,B,RUNNING,383.376,3,7,1,10,0.1,30.0,99.7,1015.9253,0.0,0,0.0,0.0
388.0,B,RUNNING,384.376,3,7,1,10,0.1,30.0,99.7,1014.9253,0.0,0,0.0,0.0
389.0,B,RUNNING,385.376,3,7,1,10,0.1,30.0,99.7,1013.9253,0.0,0,0.0,0.0
390.0,B,RUNNING,386.376,3,7,1,10,0.1,30.0,99.7,1012.9253,0.0,0,0.0,0.0
391.0,B,RUNNING,387.376,3,7,1,10,0.1,30.0,99.7,1011.9253,0.0,0,0.0,0.0
392.0,B,RUNNING,388.376,3,7,1,10,0.1,30.0,99.7,1010.9253,0.0,0,0.0,0.0
393.0,B,RUNNING,389.376,3,7,1,10,0.1,30.0,99.7,1009.9253,0.0,0,0.0,0.0
394.0,B,RUNNING,390.376,3,7,1,10,0.1,30.0,99.7,1008.9253,0.0,0,0.0,0.0
395.0,B,RUNNING,391.376,3,7,1,10,0.1,30.0,99.7,1007.9253,0.0,0,0.0,0.0
396.0,B,RUNNING,392.376,3,7,1,10,0.1,30.0,99.7,1006.9253,0.0,0,0.0,0.0
397.0,B,RUNNING,393.376,3,7,1,10,0.1,30.0,99.7,1005.9253,0.0,0,0.0,0.0
398.0,B,RUNNING,394.376,3,7,1,10,0.1,30.0,99.7,1004.9253,0.0,0,0.0,0.0
399.0,B,RUNNING,395.376,3,7,1,10,0.1,30.0,99.7,1003.9253,0.0,0,0.0,0.0
400.0,B,RUNNING,396.376,3,7,1,10,0.1,30.0,99.7,1002.9253,0.0,0,0.0,0.0
401.0,B,RUNNING,397.376,3,7,1,10,0.1,30.0,99.7,1001.9253,0.0,0,0.0,0.0
402.0,B,RUNNING,398.376,3,7,1,10,0.1,30.0,99.7,1000.9253,0.0,0,0.0,0.0
403.0,B,RUNNING,399.376,3,7,1,10,0.1,30.0,99.7,999.9253,0.0,0,0.0,0.0
404.0,B,RUNNING,400.376,3,7,1,10,0.1,30.0,99.7,998.9253,0.0,0,0.0,0.0
405.0,B,RUNNING,401.376,3,7,1,10,0.1,30.0,99.7,997.9253,0.0,0,0.0,0.0
406.0,B,RUNNING,402.376,3,7,1,10,0.1,30.0,99.7,996.9253,0.0,0,0.0,0.0
407.0,B,RUNNING,403.376,3,7,1,10,0.1,30.0,99.7,995.9253,0.0,0,0.0,0.0
408.0,B,RUNNING,404.376,3,7,1,10,0.1,30.0,99.7,994.9253,0.0,0,0.0,0.0
409.0,B,RUNNING,405.376,3,7,1,10,0.1,30.0,99.7,993.9253,0.0,0,0.0,0.0
410.0,B,RUNNING,406.376,3,7,1,10,0.1,30.0,99.7,992.9253,0.0,0,0.0,0.0
411.0,B,RUNNING,407.376,3,7,1,10,0.1,30.0,99.7,991.9253,0.0,0,0.0,0.0
412.0,B,RUNNING,408.376,3,7,1,10,0.1,30.0,99.7,990.9253,0.0,0,0.0,0.0
413.0,B,RUNNING,409.376,3,7,1,10,0.1,30.0,99.7,989.9253,0.0,0,0.0,0.0
414.0,B,RUNNING,410.376,3,7,1,10,0.1,30.0,99.7,988.9253,0.0,0,0.0,0.0
415.0,B,RUNNING,411.376,3,7,1,10,0.1,30.0,99.7,987.9253,0.0,0,0.0,0.0
416.0,B,RUNNING,412.376,3,7,1,10,0.1,30.0,99.7,986.9253,0.0,0,0.0,0.0
417.0,B,RUNNING,413.376,3,7,1,10,0.1,30.0,99.7,985.9253,0.0,0,0.0,0.0
418.0,B,RUNNING,414.376,3,7,1,10,0.1,30.0,99.7,984.9253,0.0,0,0.0,0.0
419.0,B,RUNNING,415.376,3,7,1,10,0.1,30.0,99.7,983.9253,0.0,0,0.0,0.0
420.0,B,RUNNING,416.376,3,7,1,10,0.1,30.0,99.7,982.9253,0.0,0,0.0,0.0
421.0,B,RUNNING,417.376,3,7,1,10,0.1,30.0,99.7,981.9253,0.0,0,0.0,0.0
422.0,B,RUNNING,418.376,3,7,1,10,0.1,30.0,99.7,980.9253,0.0,0,0.0,0.0
423.0,B,RUNNING,419.376,3,7,1,10,0.1,30.0,99.7,979.9253,0.0,0,0.0,0.0
424.0,B,RUNNING,420.376,3,7,1,10,0.1,30.0,99.7,978.9253,0.0,0,0.0,0.0
425.0,B,RUNNING,421.376,3,7,1,10,0.1,30.0,99.7,977.9253,0.0,0,0.0,0.0
426.0,B,RUNNING,422.376,3,7,1,10,0.1,30.0,99.7,976.9253,0.0,0,0.0,0.0
427.0,B,RUNNING,423.376,3,7,1,10,0.1,30.0,99.7,975.9253,0.0,0,0.0,0.0
428.0,B,RUNNING,424.376,3,7,1,10,0.1,30.0,99.7,974.9253,0.0,0,0.0,0.0
429.0,B,RUNNING,425.376,3,7,1,10,0.1,30.0,99.7,973.9253,0.0,0,0.0,0.0
430.0,B,RUNNING,426.376,3,7,1,10,0.1,30.0,99.7,972.9253,0.0,0,0.0,0.0
431.0,B,RUNNING,427.376,3,7,1,10,0.1,30.0,99.7,971.9253,0.0,0,0.0,0.0
432.0,B,RUNNING,428.376,3,7,1,10,0.1,30.0,99.7,970.9253,0.0,0,0.0,0.0
433.0,B,RUNNING,429.376,3,7,1,10,0.1,30.0,99.7,969.9253,0.0,0,0.0,0.0
434.0,B,RUNNING,430.376,3,7,1,10,0.1,30.0,99.7,968.9253,0.0,0,0.0,0.0
435.0,B,RUNNING,431.376,3,7,1,10,0.1,30.0,99.7,967.9253,0.0,0,0.0,0.0
436.0,B,RUNNING,432.376,3,7,1,10,0.1,30.0,99.7,966.9253,0.0,0,0.0,0.0
437.0,B,RUNNING,433.376,3,7,1,10,0.1,30.0,99.7,965.9253,0.0,0,0.0,0.0
438.0,B,RUNNING,434.376,3,7,1,10,0.1,30.0,99.7,964.9253,0.0,0,0.0,0.0
439.0,B,RUNNING,435.376,3,7,1,10,0.1,30.0,99.7,963.9253,0.0,0,0.0,0.0
440.0,B,RUNNING,436.376,3,7,1,10,0.1,30.0,99.7,962.9253,0.0,0,0.0,0.0
441.0,B,RUNNING,437.376,3,7,1,10,0.1,30.0,99.7,961.9253,0.0,0,0.0,0.0
442.0,B,RUNNING,438.376,3,7,1,10,0.1,30.0,99.7,960.9253,0.0,0,0.0,0.0
443.0,B,RUNNING,439.376,4,7,2,10,0.2,30.0,99.6,964.2267,0.0,0,0.0,0.0
444.0,B,RUNNING,440.376,4,7,2,10,0.2,30.0,99.6,963.2267,0.0,0,0.0,0.0
445.0,B,RUNNING,441.376,4,7,2,10,0.2,30.0,99.6,962.2267,0.0,0,0.0,0.0
446.0,B,RUNNING,442.376,4,7,2,10,0.2,30.0,99.6,961.2267,0.0,0,0.0,0.0
447.0,B,RUNNING,443.376,4,7,2,10,0.2,30.0,99.6,960.2267,0.0,0,0.0,0.0
448.0,B,RUNNING,444.376,4,7,2,10,0.2,30.0,99.6,959.2267,0.0,0,0.0,0.0
449.0,B,RUNNING,445.376,4,7,2,10,0.2,30.0,99.6,958.2267,0.0,0,0.0,0.0
450.0,B,RUNNING,446.376,4,7,2,10,0.2,30.0,99.6,957.2267,0.0,0,0.0,0.0
451.0,B,RUNNING,447.376,4,7,2,10,0.2,30.0,99.6,956.2267,0.0,0,0.0,0.0
452.0,B,RUNNING,448.376,4,7,2,10,0.2,30.0,99.6,955.2267,0.0,0,0.0,0.0
453.0,B,RUNNING,449.376,4,7,2,10,0.2,30.0,99.6,954.2267,0.0,0,0.0,0.0
454.0,B,RUNNING,450.376,4,7,2,10,0.2,30.0,99.6,953.2267,0.0,0,0.0,0.0
455.0,B,RUNNING,451.376,4,7,2,10,0.2,30.0,99.6,952.2267,0.0,0,0.0,0.0
456.0,B,RUNNING,452.376,4,7,2,10,0.2,30.0,99.6,951.2267,0.0,0,0.0,0.0
457.0,B,RUNNING,453.376,4,7,2,10,0.2,30.0,99.6,950.2267,0.0,0,0.0,0.0
458.0,B,RUNNING,454.376,4,7,2,10,0.2,30.0,99.6,949.2267,0.0,0,0.0,0.0
459.0,B,RUNNING,455.376,4,7,2,10,0.2,30.0,99.6,948.2267,0.0,0,0.0,0.0
460.0,B,RUNNING,456.376,4,7,2,10,0.2,30.0,99.6,947.2267,0.0,0,0.0,0.0
461.0,B,RUNNING,457.376,4,7,2,10,0.2,30.0,99.6,946.2267,0.0,0,0.0,0.0
462.0,B,RUNNING,458.376,4,7,2,10,0.2,30.0,99.6,945.2267,0.0,0,0.0,0.0
463.0,B,RUNNING,459.376,4,7,2,10,0.2,30.0,99.6,944.2267,0.0,0,0.0,0.0
464.0,B,RUNNING,460.376,4,7,2,10,0.2,30.0,99.6,943.2267,0.0,0,0.0,0.0
465.0,B,RUNNING,461.376,4,7,2,10,0.2,30.0,99.6,942.2267,0.0,0,0.0,0.0
466.0,B,RUNNING,462.376,4,7,2,10,0.2,30.0,99.6,941.2267,0.0,0,0.0,0.0
467.0,B,RUNNING,463.376,4,7,2,10,0.2,30.0,99.6,940.2267,0.0,0,0.0,0.0
468.0,B,RUNNING,464.376,4,7,2,10,0.2,30.0,99.6,939.2267,0.0,0,0.0,0.0
469.0,B,RUNNING,465.376,4,7,2,10,0.2,30.0,99.6,938.2267,0.0,0,0.0,0.0
470.0,B,RUNNING,466.376,4,7,2,10,0.2,30.0,99.6,937.2267,0.0,0,0.0,0.0
471.0,B,RUNNING,467.376,4,7,2,10,0.2,30.0,99.6,936.2267,0.0,0,0.0,0.0
472.0,B,RUNNING,468.376,4,7,2,10,0.2,30.0,99.6,935.2267,0.0,0,0.0,0.0
473.0,B,RUNNING,469.376,4,7,2,10,0.2,30.0,99.6,934.2267,0.0,0,0.0,0.0
474.0,B,RUNNING,470.376,4,7,2,10,0.2,30.0,99.6,933.2267,0.0,0,0.0,0.0
475.0,B,RUNNING,471.376,4,7,2,10,0.2,30.0,99.6,932.2267,0.0,0,0.0,0.0
476.0,B,RUNNING,472.376,4,7,2,10,0.2,30.0,99.6,931.2267,0.0,0,0.0,0.0
477.0,B,RUNNING,473.376,4,7,2,10,0.2,30.0,99.6,930.2267,0.0,0,0.0,0.0
478.0,B,RUNNING,474.376,4,7,2,10,0.2,30.0,99.6,929.2267,0.0,0,0.0,0.0
479.0,B,RUNNING,475.376,4,7,2,10,0.2,30.0,99.6,928.2267,0.0,0,0.0,0.0
480.0,B,RUNNING,476.376,4,7,2,10,0.2,30.0,99.6,927.2267,0.0,0,0.0,0.0
481.0,B,RUNNING,477.376,4,7,2,10,0.2,30.0,99.6,926.2267,0.0,0,0.0,0.0
482.0,B,RUNNING,478.376,4,7,2,10,0.2,30.0,99.6,925.2267,0.0,0,0.0,0.0
483.0,B,RUNNING,479.376,4,7,2,10,0.2,30.0,99.6,924.2267,0.0,0,0.0,0.0
484.0,B,RUNNING,480.376,4,7,2,10,0.2,30.0,99.6,923.2267,0.0,0,0.0,0.0
485.0,B,RUNNING,481.376,4,7,2,10,0.2,30.0,99.6,922.2267,0.0,0,0.0,0.0
486.0,B,RUNNING,482.376,4,7,2,10,0.2,30.0,99.6,921.2267,0.0,0,0.0,0.0
487.0,B,RUNNING,483.376,4,7,2,10,0.2,30.0,99.6,920.2267,0.0,0,0.0,0.0
488.0,B,RUNNING,484.376,4,7,2,10,0.2,30.0,99.6,919.2267,0.0,0,0.0,0.0
489.0,B,RUNNING,485.376,4,7,2,10,0.2,30.0,99.6,918.2267,0.0,0,0.0,0.0
490.0,B,RUNNING,486.376,4,7,2,10,0.2,30.0,99.6,917.2267,0.0,0,0.0,0.0
491.0,B,RUNNING,487.376,4,7,2,10,0.2,30.0,99.6,916.2267,0.0,0,0.0,0.0
492.0,B,RUNNING,488.376,4,7,2,10,0.2,30.0,99.6,915.2267,0.0,0,0.0,0.0
493.0,B,RUNNING,489.376,4,7,2,10,0.2,30.0,99.6,914.2267,0.0,0,0.0,0.0
494.0,B,RUNNING,490.376,4,7,2,10,0.2,30.0,99.6,913.2267,0.0,0,0.0,0.0
495.0,B,RUNNING,491.376,4,7,2,10,0.2,30.0,99.6,912.2267,0.0,0,0.0,0.0
496.0,B,RUNNING,492.376,4,7,2,10,0.2,30.0,99.6,911.2267,0.0,0,0.0,0.0
497.0,B,RUNNING,493.376,4,7,2,10,0.2,30.0,99.6,910.2267,0.0,0,0.0,0.0
498.0,B,RUNNING,494.376,4,7,2,10,0.2,30.0,99.6,909.2267,0.0,0,0.0,0.0
499.0,B,RUNNING,495.376,4,7,2,10,0.2,30.0,99.6,908.2267,0.0,0,0.0,0.0
500.0,B,RUNNING,496.376,4,7,2,10,0.2,30.0,99.6,907.2267,0.0,0,0.0,0.0
501.0,B,RUNNING,497.376,4,7,2,10,0.2,30.0,99.6,906.2267,0.0,0,0.0,0.0
502.0,B,RUNNING,498.376,4,7,2,10,0.2,30.0,99.6,905.2267,0.0,0,0.0,0.0
503.0,B,RUNNING,499.376,4,7,2,10,0.2,30.0,99.6,904.2267,0.0,0,0.0,0.0
504.0,B,RUNNING,500.376,4,7,2,10,0.2,30.0,99.6,903.2267,0.0,0,0.0,0.0
505.0,B,RUNNING,501.376,4,7,2,10,0.2,30.0,99.6,902.2267,0.0,0,0.0,0.0
506.0,B,RUNNING,502.376,4,7,2,10,0.2,30.0,99.6,901.2267,0.0,0,0.0,0.0
507.0,B,RUNNING,503.376,4,7,2,10,0.2,30.0,99.6,900.2267,0.0,0,0.0,0.0
508.0,B,RUNNING,504.376,4,7,2,10,0.2,30.0,99.6,899.2267,0.0,0,0.0,0.0
509.0,B,RUNNING,505.376,4,7,2,10,0.2,30.0,99.6,898.2267,0.0,0,0.0,0.0
510.0,B,RUNNING,506.376,4,7,2,10,0.2,30.0,99.6,897.2267,0.0,0,0.0,0.0
511.0,B,RUNNING,507.376,4,7,2,10,0.2,30.0,99.6,896.2267,0.0,0,0.0,0.0
512.0,B,RUNNING,508.376,4,7,2,10,0.2,30.0,99.6,895.2267,0.0,0,0.0,0.0
513.0,B,RUNNING,509.376,4,7,2,10,0.2,30.0,99.6,894.2267,0.0,0,0.0,0.0
514.0,B,RUNNING,510.376,4,7,2,10,0.2,30.0,99.6,893.2267,0.0,0,0.0,0.0
515.0,B,RUNNING,511.376,4,7,2,10,0.2,30.0,99.6,892.2267,0.0,0,0.0,0.0
516.0,B,RUNNING,512.376,4,7,2,10,0.2,30.0,99.6,891.2267,0.0,0,0.0,0.0
517.0,B,RUNNING,513.376,4,7,2,10,0.2,30.0,99.6,890.2267,0.0,0,0.0,0.0
518.0,B,RUNNING,514.376,4,7,2,10,0.2,30.0,99.6,889.2267,0.0,0,0.0,0.0
519.0,B,RUNNING,515.376,4,7,2,10,0.2,30.0,99.6,888.2267,0.0,0,0.0,0.0
520.0,B,RUNNING,516.376,4,7,2,10,0.2,30.0,99.6,887.2267,0.0,0,0.0,0.0
521.0,B,RUNNING,517.376,4,7,2,10,0.2,30.0,99.6,886.2267,0.0,0,0.0,0.0
522.0,B,RUNNING,518.376,4,7,2,10,0.2,30.0,99.6,885.2267,0.0,0,0.0,0.0
523.0,B,RUNNING,519.376,4,7,2,10,0.2,30.0,99.6,884.2267,0.0,0,0.0,0.0
524.0,B,RUNNING,520.376,4,7,2,10,0.2,30.0,99.6,883.2267,0.0,0,0.0,0.0
525.0,B,RUNNING,521.376,4,7,2,10,0.2,30.0,99.6,882.2267,0.0,0,0.0,0.0
526.0,B,RUNNING,522.376,4,7,2,10,0.2,30.0,99.6,881.2267,0.0,0,0.0,0.0
527.0,B,RUNNING,523.376,4,7,2,10,0.2,30.0,99.6,880.2267,0.0,0,0.0,0.0
528.0,B,RUNNING,524.376,4,7,2,10,0.2,30.0,99.6,879.2267,0.0,0,0.0,0.0
529.0,B,RUNNING,525.376,4,7,2,10,0.2,30.0,99.6,878.2267,0.0,0,0.0,0.0
530.0,B,RUNNING,526.376,4,7,2,10,0.2,30.0,99.6,877.2267,0.0,0,0.0,0.0
531.0,B,RUNNING,527.376,4,7,2,10,0.2,30.0,99.6,876.2267,0.0,0,0.0,0.0
532.0,B,RUNNING,528.376,4,7,2,10,0.2,30.0,99.6,875.2267,0.0,0,0.0,0.0
533.0,B,RUNNING,529.376,4,7,2,10,0.2,30.0,99.6,874.2267,0.0,0,0.0,0.0
534.0,B,RUNNING,530.376,4,7,2,10,0.2,30.0,99.6,873.2267,0.0,0,0.0,0.0
535.0,B,RUNNING,531.376,4,7,2,10,0.2,30.0,99.6,872.2267,0.0,0,0.0,0.0
536.0,B,RUNNING,532.376,4,7,2,10,0.2,30.0,99.6,871.2267,0.0,0,0.0,0.0
537.0,B,RUNNING,533.376,4,7,2,10,0.2,30.0,99.6,870.2267,0.0,0,0.0,0.0
538.0,B,RUNNING,534.376,4,7,2,10,0.2,30.0,99.6,869.2267,0.0,0,0.0,0.0
539.0,B,RUNNING,535.376,4,7,2,10,0.2,30.0,99.6,868.2267,0.0,0,0.0,0.0
540.0,B,RUNNING,536.376,4,7,2,10,0.2,30.0,99.6,867.2267,0.0,0,0.0,0.0
541.0,B,RUNNING,537.376,4,7,2,10,0.2,30.0,99.6,866.2267,0.0,0,0.0,0.0
542.0,B,RUNNING,538.376,4,7,2,10,0.2,30.0,99.6,865.2267,0.0,0,0.0,0.0
543.0,B,RUNNING,539.376,4,7,2,10,0.2,30.0,99.6,864.2267,0.0,0,0.0,0.0
544.0,B,RUNNING,540.376,4,7,2,10,0.2,30.0,99.6,863.2267,0.0,0,0.0,0.0
545.0,B,RUNNING,541.376,4,7,2,10,0.2,30.0,99.6,862.2267,0.0,0,0.0,0.0
546.0,B,RUNNING,542.376,4,7,2,10,0.2,30.0,99.6,861.2267,0.0,0,0.0,0.0
547.0,B,RUNNING,543.376,4,7,2,10,0.2,30.0,99.6,860.2267,0.0,0,0.0,0.0
548.0,B,RUNNING,544.376,4,7,2,10,0.2,30.0,99.6,859.2267,0.0,0,0.0,0.0
549.0,B,RUNNING,545.376,4,7,2,10,0.2,30.0,99.6,858.2267,0.0,0,0.0,0.0
550.0,B,RUNNING,546.376,4,7,2,10,0.2,30.0,99.6,857.2267,0.0,0,0.0,0.0
551.0,B,RUNNING,547.376,4,7,2,10,0.2,30.0,99.6,856.2267,0.0,0,0.0,0.0
552.0,B,RUNNING,548.376,4,7,2,10,0.2,30.0,99.6,855.2267,0.0,0,0.0,0.0
553.0,B,RUNNING,549.376,4,7,2,10,0.2,30.0,99.6,854.2267,0.0,0,0.0,0.0
554.0,B,RUNNING,550.376,4,7,2,10,0.2,30.0,99.6,853.2267,0.0,0,0.0,0.0
555.0,B,RUNNING,551.376,4,7,2,10,0.2,30.0,99.6,852.2267,0.0,0,0.0,0.0
556.0,B,RUNNING,552.376,4,7,2,10,0.2,30.0,99.6,851.2267,0.0,0,0.0,0.0
557.0,B,RUNNING,553.376,4,7,2,10,0.2,30.0,99.6,850.2267,0.0,0,0.0,0.0
558.0,B,RUNNING,554.376,4,7,2,10,0.2,30.0,99.6,849.2267,0.0,0,0.0,0.0
559.0,B,RUNNING,555.376,4,7,2,10,0.2,30.0,99.6,848.2267,0.0,0,0.0,0.0
560.0,B,RUNNING,556.376,4,7,2,10,0.2,30.0,99.6,847.2267,0.0,0,0.0,0.0
561.0,B,RUNNING,557.376,4,7,2,10,0.2,30.0,99.6,846.2267,0.0,0,0.0,0.0
562.0,B,RUNNING,558.376,4,7,2,10,0.2,30.0,99.6,845.2267,0.0,0,0.0,0.0
563.0,B,RUNNING,559.376,4,7,2,10,0.2,30.0,99.6,844.2267,0.0,0,0.0,0.0
564.0,B,RUNNING,560.376,4,7,2,10,0.2,30.0,99.6,843.2267,0.0,0,0.0,0.0
565.0,B,RUNNING,561.376,4,7,2,10,0.2,30.0,99.6,842.2267,0.0,0,0.0,0.0
566.0,B,RUNNING,562.376,4,7,2,10,0.2,30.0,99.6,841.2267,0.0,0,0.0,0.0
567.0,B,RUNNING,563.376,4,7,2,10,0.2,30.0,99.6,840.2267,0.0,0,0.0,0.0
568.0,B,RUNNING,564.376,5,7,3,10,0.3,30.0,99.5,824.9421,0.0,0,0.0,0.0
569.0,B,RUNNING,565.376,5,7,3,10,0.3,30.0,99.5,823.9421,0.0,0,0.0,0.0
570.0,B,RUNNING,566.376,5,7,3,10,0.3,30.0,99.5,822.9421,0.0,0,0.0,0.0
571.0,B,RUNNING,567.376,5,7,3,10,0.3,30.0,99.5,821.9421,0.0,0,0.0,0.0
572.0,B,RUNNING,568.376,5,7,3,10,0.3,30.0,99.5,820.9421,0.0,0,0.0,0.0
573.0,B,RUNNING,569.376,5,7,3,10,0.3,30.0,99.5,819.9421,0.0,0,0.0,0.0
574.0,B,RUNNING,570.376,5,7,3,10,0.3,30.0,99.5,818.9421,0.0,0,0.0,0.0
575.0,B,RUNNING,571.376,5,7,3,10,0.3,30.0,99.5,817.9421,0.0,0,0.0,0.0
576.0,B,RUNNING,572.376,5,7,3,10,0.3,30.0,99.5,816.9421,0.0,0,0.0,0.0
577.0,B,RUNNING,573.376,5,7,3,10,0.3,30.0,99.5,815.9421,0.0,0,0.0,0.0
578.0,B,RUNNING,574.376,5,7,3,10,0.3,30.0,99.5,814.9421,0.0,0,0.0,0.0
579.0,B,RUNNING,575.376,5,7,3,10,0.3,30.0,99.5,813.9421,0.0,0,0.0,0.0
580.0,B,RUNNING,576.376,5,7,3,10,0.3,30.0,99.5,812.9421,0.0,0,0.0,0.0
581.0,B,RUNNING,577.376,5,7,3,10,0.3,30.0,99.5,811.9421,0.0,0,0.0,0.0
582.0,B,RUNNING,578.376,5,7,3,10,0.3,30.0,99.5,810.9421,0.0,0,0.0,0.0
583.0,B,RUNNING,579.376,5,7,3,10,0.3,30.0,99.5,809.9421,0.0,0,0.0,0.0
584.0,B,RUNNING,580.376,5,7,3,10,0.3,30.0,99.5,808.9421,0.0,0,0.0,0.0
585.0,B,RUNNING,581.376,5,10,0,10,0.0,30.0,99.5,1167.9421,0.0,0,0.0,0.0
586.0,B,RUNNING,582.376,5,10,0,10,0.0,30.0,99.5,1166.9421,0.0,0,0.0,0.0
587.0,B,RUNNING,583.376,5,10,0,10,0.0,30.0,99.5,1165.9421,0.0,0,0.0,0.0
588.0,B,RUNNING,584.376,5,10,0,10,0.0,30.0,99.5,1164.9421,0.0,0,0.0,0.0
589.0,B,RUNNING,585.376,5,10,0,10,0.0,30.0,99.5,1163.9421,0.0,0,0.0,0.0
590.0,B,RUNNING,586.376,5,10,0,10,0.0,30.0,99.5,1162.9421,0.0,0,0.0,0.0
591.0,B,RUNNING,587.376,5,10,0,10,0.0,30.0,99.5,1161.9421,0.0,0,0.0,0.0
592.0,B,RUNNING,588.376,5,10,0,10,0.0,30.0,99.5,1160.9421,0.0,0,0.0,0.0
593.0,B,RUNNING,589.376,5,10,0,10,0.0,30.0,99.5,1159.9421,0.0,0,0.0,0.0
594.0,B,RUNNING,590.376,5,10,0,10,0.0,30.0,99.5,1158.9421,0.0,0,0.0,0.0
595.0,B,RUNNING,591.376,5,10,0,10,0.0,30.0,99.5,1157.9421,0.0,0,0.0,0.0
596.0,B,RUNNING,592.376,5,10,0,10,0.0,30.0,99.5,1156.9421,0.0,0,0.0,0.0
597.0,B,RUNNING,593.376,5,10,0,10,0.0,30.0,99.5,1155.9421,0.0,0,0.0,0.0
598.0,B,RUNNING,594.376,5,10,0,10,0.0,30.0,99.5,1154.9421,0.0,0,0.0,0.0
599.0,B,RUNNING,595.376,5,10,0,10,0.0,30.0,99.5,1153.9421,0.0,0,0.0,0.0
600.0,B,RUNNING,596.376,5,10,0,10,0.0,30.0,99.5,1152.9421,0.0,0,0.0,0.0
601.0,B,RUNNING,597.376,5,10,0,10,0.0,30.0,99.5,1151.9421,0.0,0,0.0,0.0
602.0,B,RUNNING,598.376,5,10,0,10,0.0,30.0,99.5,1150.9421,0.0,0,0.0,0.0
603.0,B,RUNNING,599.376,5,10,0,10,0.0,30.0,99.5,1149.9421,0.0,0,0.0,0.0
604.0,B,RUNNING,600.376,5,10,0,10,0.0,30.0,99.5,1148.9421,0.0,0,0.0,0.0
605.0,B,RUNNING,601.376,5,10,0,10,0.0,30.0,99.5,1147.9421,0.0,0,0.0,0.0
606.0,B,RUNNING,602.376,5,10,0,10,0.0,30.0,99.5,1146.9421,0.0,0,0.0,0.0
607.0,B,RUNNING,603.376,5,10,0,10,0.0,30.0,99.5,1145.9421,0.0,0,0.0,0.0
608.0,B,RUNNING,604.376,5,10,0,10,0.0,30.0,99.5,1144.9421,0.0,0,0.0,0.0
609.0,B,RUNNING,605.376,5,10,0,10,0.0,30.0,99.5,1143.9421,0.0,0,0.0,0.0
610.0,B,RUNNING,606.376,5,10,0,10,0.0,30.0,99.5,1142.9421,0.0,0,0.0,0.0
611.0,B,RUNNING,607.376,5,10,0,10,0.0,30.0,99.5,1141.9421,0.0,0,0.0,0.0
612.0,B,RUNNING,608.376,5,10,0,10,0.0,30.0,99.5,1140.9421,0.0,0,0.0,0.0
613.0,B,RUNNING,609.376,5,10,0,10,0.0,30.0,99.5,1139.9421,0.0,0,0.0,0.0
614.0,B,RUNNING,610.376,5,10,0,10,0.0,30.0,99.5,1138.9421,0.0,0,0.0,0.0
615.0,B,RUNNING,611.376,5,10,0,10,0.0,30.0,99.5,1137.9421,0.0,0,0.0,0.0
616.0,B,RUNNING,612.376,5,10,0,10,0.0,30.0,99.5,1136.9421,0.0,0,0.0,0.0
617.0,B,RUNNING,613.376,5,10,0,10,0.0,30.0,99.5,1135.9421,0.0,0,0.0,0.0
618.0,B,RUNNING,614.376,5,10,0,10,0.0,30.0,99.5,1134.9421,0.0,0,0.0,0.0
619.0,B,RUNNING,615.376,5,10,0,10,0.0,30.0,99.5,1133.9421,0.0,0,0.0,0.0
620.0,B,RUNNING,616.376,5,10,0,10,0.0,30.0,99.5,1132.9421,0.0,0,0.0,0.0
621.0,B,RUNNING,617.376,5,10,0,10,0.0,30.0,99.5,1131.9421,0.0,0,0.0,0.0
622.0,B,RUNNING,618.376,5,10,0,10,0.0,30.0,99.5,1130.9421,0.0,0,0.0,0.0
623.0,B,RUNNING,619.376,5,10,0,10,0.0,30.0,99.5,1129.9421,0.0,0,0.0,0.0
624.0,B,RUNNING,620.376,5,10,0,10,0.0,30.0,99.5,1128.9421,0.0,0,0.0,0.0
625.0,B,RUNNING,621.376,5,10,0,10,0.0,30.0,99.5,1127.9421,0.0,0,0.0,0.0
626.0,B,RUNNING,622.376,5,10,0,10,0.0,30.0,99.5,1126.9421,0.0,0,0.0,0.0
627.0,B,RUNNING,623.376,5,10,0,10,0.0,30.0,99.5,1125.9421,0.0,0,0.0,0.0
628.0,B,RUNNING,624.376,5,10,0,10,0.0,30.0,99.5,1124.9421,0.0,0,0.0,0.0
629.0,B,RUNNING,625.376,5,10,0,10,0.0,30.0,99.5,1123.9421,0.0,0,0.0,0.0
630.0,B,RUNNING,626.376,5,10,0,10,0.0,30.0,99.5,1122.9421,0.0,0,0.0,0.0
631.0,B,RUNNING,627.376,5,10,0,10,0.0,30.0,99.5,1121.9421,0.0,0,0.0,0.0
632.0,B,RUNNING,628.376,5,10,0,10,0.0,30.0,99.5,1120.9421,0.0,0,0.0,0.0
633.0,B,RUNNING,629.376,5,10,0,10,0.0,30.0,99.5,1119.9421,0.0,0,0.0,0.0
634.0,B,RUNNING,630.376,5,10,0,10,0.0,30.0,99.5,1118.9421,0.0,0,0.0,0.0
635.0,B,RUNNING,631.376,5,10,0,10,0.0,30.0,99.5,1117.9421,0.0,0,0.0,0.0
636.0,B,RUNNING,632.376,5,10,0,10,0.0,30.0,99.5,1116.9421,0.0,0,0.0,0.0
637.0,B,RUNNING,633.376,5,10,0,10,0.0,30.0,99.5,1115.9421,0.0,0,0.0,0.0
638.0,B,RUNNING,634.376,5,10,0,10,0.0,30.0,99.5,1114.9421,0.0,0,0.0,0.0
639.0,B,RUNNING,635.376,5,10,0,10,0.0,30.0,99.5,1113.9421,0.0,0,0.0,0.0
640.0,B,RUNNING,636.376,5,10,0,10,0.0,30.0,99.5,1112.9421,0.0,0,0.0,0.0
641.0,B,RUNNING,637.376,5,10,0,10,0.0,30.0,99.5,1111.9421,0.0,0,0.0,0.0
642.0,B,RUNNING,638.376,5,10,0,10,0.0,30.0,99.5,1110.9421,0.0,0,0.0,0.0
643.0,B,RUNNING,639.376,5,10,0,10,0.0,30.0,99.5,1109.9421,0.0,0,0.0,0.0
644.0,B,RUNNING,640.376,5,10,0,10,0.0,30.0,99.5,1108.9421,0.0,0,0.0,0.0
645.0,B,RUNNING,641.376,5,10,0,10,0.0,30.0,99.5,1107.9421,0.0,0,0.0,0.0
646.0,B,RUNNING,642.376,5,10,0,10,0.0,30.0,99.5,1106.9421,0.0,0,0.0,0.0
647.0,B,RUNNING,643.376,5,10,0,10,0.0,30.0,99.5,1105.9421,0.0,0,0.0,0.0
648.0,B,RUNNING,644.376,5,10,0,10,0.0,30.0,99.5,1104.9421,0.0,0,0.0,0.0
649.0,B,RUNNING,645.376,5,10,0,10,0.0,30.0,99.5,1103.9421,0.0,0,0.0,0.0
650.0,B,RUNNING,646.376,5,10,0,10,0.0,30.0,99.5,1102.9421,0.0,0,0.0,0.0
651.0,B,RUNNING,647.376,5,10,0,10,0.0,30.0,99.5,1101.9421,0.0,0,0.0,0.0
652.0,B,RUNNING,648.376,5,10,0,10,0.0,30.0,99.5,1100.9421,0.0,0,0.0,0.0
653.0,B,RUNNING,649.376,5,10,0,10,0.0,30.0,99.5,1099.9421,0.0,0,0.0,0.0
654.0,B,RUNNING,650.376,5,10,0,10,0.0,30.0,99.5,1098.9421,0.0,0,0.0,0.0
655.0,B,RUNNING,651.376,5,10,0,10,0.0,30.0,99.5,1097.9421,0.0,0,0.0,0.0
656.0,B,RUNNING,652.376,5,10,0,10,0.0,30.0,99.5,1096.9421,0.0,0,0.0,0.0
657.0,B,RUNNING,653.376,5,10,0,10,0.0,30.0,99.5,1095.9421,0.0,0,0.0,0.0
658.0,B,RUNNING,654.376,5,10,0,10,0.0,30.0,99.5,1094.9421,0.0,0,0.0,0.0
659.0,B,RUNNING,655.376,5,10,0,10,0.0,30.0,99.5,1093.9421,0.0,0,0.0,0.0
660.0,B,RUNNING,656.376,5,10,0,10,0.0,30.0,99.5,1092.9421,0.0,0,0.0,0.0
661.0,B,RUNNING,657.376,5,10,0,10,0.0,30.0,99.5,1091.9421,0.0,0,0.0,0.0
662.0,B,RUNNING,658.376,5,10,0,10,0.0,30.0,99.5,1090.9421,0.0,0,0.0,0.0
663.0,B,RUNNING,659.376,5,10,0,10,0.0,30.0,99.5,1089.9421,0.0,0,0.0,0.0
664.0,B,RUNNING,660.376,5,10,0,10,0.0,30.0,99.5,1088.9421,0.0,0,0.0,0.0
665.0,B,RUNNING,661.376,5,10,0,10,0.0,30.0,99.5,1087.9421,0.0,0,0.0,0.0
666.0,B,RUNNING,662.376,5,10,0,10,0.0,30.0,99.5,1086.9421,0.0,0,0.0,0.0
667.0,B,RUNNING,663.376,5,10,0,10,0.0,30.0,99.5,1085.9421,0.0,0,0.0,0.0
668.0,B,RUNNING,664.376,5,10,0,10,0.0,30.0,99.5,1084.9421,0.0,0,0.0,0.0
669.0,B,RUNNING,665.376,5,10,0,10,0.0,30.0,99.5,1083.9421,0.0,0,0.0,0.0
670.0,B,RUNNING,666.376,5,10,0,10,0.0,30.0,99.5,1082.9421,0.0,0,0.0,0.0
671.0,B,RUNNING,667.376,5,10,0,10,0.0,30.0,99.5,1081.9421,0.0,0,0.0,0.0
672.0,B,RUNNING,668.376,5,10,0,10,0.0,30.0,99.5,1080.9421,0.0,0,0.0,0.0
673.0,B,RUNNING,669.376,6,10,1,10,0.1,30.0,99.4,1065.8728,0.0,0,0.0,0.0
674.0,B,RUNNING,670.376,6,10,1,10,0.1,30.0,99.4,1064.8728,0.0,0,0.0,0.0
675.0,B,RUNNING,671.376,6,10,1,10,0.1,30.0,99.4,1063.8728,0.0,0,0.0,0.0
676.0,B,RUNNING,672.376,6,10,1,10,0.1,30.0,99.4,1062.8728,0.0,0,0.0,0.0
677.0,B,RUNNING,673.376,6,10,1,10,0.1,30.0,99.4,1061.8728,0.0,0,0.0,0.0
678.0,B,RUNNING,674.376,6,10,1,10,0.1,30.0,99.4,1060.8728,0.0,0,0.0,0.0
679.0,B,RUNNING,675.376,6,10,1,10,0.1,30.0,99.4,1059.8728,0.0,0,0.0,0.0
680.0,B,RUNNING,676.376,6,10,1,10,0.1,30.0,99.4,1058.8728,0.0,0,0.0,0.0
681.0,B,RUNNING,677.376,6,10,1,10,0.1,30.0,99.4,1057.8728,0.0,0,0.0,0.0
682.0,B,RUNNING,678.376,6,10,1,10,0.1,30.0,99.4,1056.8728,0.0,0,0.0,0.0
683.0,B,RUNNING,679.376,6,10,1,10,0.1,30.0,99.4,1055.8728,0.0,0,0.0,0.0
684.0,B,RUNNING,680.376,6,10,1,10,0.1,30.0,99.4,1054.8728,0.0,0,0.0,0.0
685.0,B,RUNNING,681.376,6,10,1,10,0.1,30.0,99.4,1053.8728,0.0,0,0.0,0.0
686.0,B,RUNNING,682.376,6,10,1,10,0.1,30.0,99.4,1052.8728,0.0,0,0.0,0.0
687.0,B,RUNNING,683.376,6,10,1,10,0.1,30.0,99.4,1051.8728,0.0,0,0.0,0.0
688.0,B,RUNNING,684.376,6,10,1,10,0.1,30.0,99.4,1050.8728,0.0,0,0.0,0.0
689.0,B,RUNNING,685.376,6,10,1,10,0.1,30.0,99.4,1049.8728,0.0,0,0.0,0.0
690.0,B,RUNNING,686.376,6,10,1,10,0.1,30.0,99.4,1048.8728,0.0,0,0.0,0.0
691.0,B,RUNNING,687.376,6,10,1,10,0.1,30.0,99.4,1047.8728,0.0,0,0.0,0.0
692.0,B,RUNNING,688.376,6,10,1,10,0.1,30.0,99.4,1046.8728,0.0,0,0.0,0.0
693.0,B,RUNNING,689.376,6,10,1,10,0.1,30.0,99.4,1045.8728,0.0,0,0.0,0.0
694.0,B,RUNNING,690.376,6,10,1,10,0.1,30.0,99.4,1044.8728,0.0,0,0.0,0.0
695.0,B,RUNNING,691.376,6,10,1,10,0.1,30.0,99.4,1043.8728,0.0,0,0.0,0.0
696.0,B,RUNNING,692.376,6,10,1,10,0.1,30.0,99.4,1042.8728,0.0,0,0.0,0.0
697.0,B,RUNNING,693.376,6,10,1,10,0.1,30.0,99.4,1041.8728,0.0,0,0.0,0.0
698.0,B,RUNNING,694.376,6,10,1,10,0.1,30.0,99.4,1040.8728,0.0,0,0.0,0.0
699.0,B,RUNNING,695.376,6,10,1,10,0.1,30.0,99.4,1039.8728,0.0,0,0.0,0.0
700.0,B,RUNNING,696.376,6,10,1,10,0.1,30.0,99.4,1038.8728,0.0,0,0.0,0.0
701.0,B,RUNNING,697.376,6,10,1,10,0.1,30.0,99.4,1037.8728,0.0,0,0.0,0.0
702.0,B,RUNNING,698.376,6,10,1,10,0.1,30.0,99.4,1036.8728,0.0,0,0.0,0.0
703.0,B,RUNNING,699.376,6,10,1,10,0.1,30.0,99.4,1035.8728,0.0,0,0.0,0.0
704.0,B,RUNNING,700.376,6,10,1,10,0.1,30.0,99.4,1034.8728,0.0,0,0.0,0.0
705.0,B,RUNNING,701.376,6,10,1,10,0.1,30.0,99.4,1033.8728,0.0,0,0.0,0.0
706.0,B,RUNNING,702.376,6,10,1,10,0.1,30.0,99.4,1032.8728,0.0,0,0.0,0.0
707.0,B,RUNNING,703.376,6,10,1,10,0.1,30.0,99.4,1031.8728,0.0,0,0.0,0.0
708.0,B,RUNNING,704.376,6,10,1,10,0.1,30.0,99.4,1030.8728,0.0,0,0.0,0.0
709.0,B,RUNNING,705.376,6,10,1,10,0.1,30.0,99.4,1029.8728,0.0,0,0.0,0.0
710.0,B,RUNNING,706.376,6,10,1,10,0.1,30.0,99.4,1028.8728,0.0,0,0.0,0.0
711.0,B,RUNNING,707.376,6,10,1,10,0.1,30.0,99.4,1027.8728,0.0,0,0.0,0.0
712.0,B,RUNNING,708.376,6,10,1,10,0.1,30.0,99.4,1026.8728,0.0,0,0.0,0.0
713.0,B,RUNNING,709.376,6,10,1,10,0.1,30.0,99.4,1025.8728,0.0,0,0.0,0.0
714.0,B,RUNNING,710.376,6,10,1,10,0.1,30.0,99.4,1024.8728,0.0,0,0.0,0.0
715.0,B,RUNNING,711.376,6,10,1,10,0.1,30.0,99.4,1023.8728,0.0,0,0.0,0.0
716.0,B,RUNNING,712.376,6,10,1,10,0.1,30.0,99.4,1022.8728,0.0,0,0.0,0.0
717.0,B,RUNNING,713.376,6,10,1,10,0.1,30.0,99.4,1021.8728,0.0,0,0.0,0.0
718.0,B,RUNNING,714.376,6,10,1,10,0.1,30.0,99.4,1020.8728,0.0,0,0.0,0.0
719.0,B,RUNNING,715.376,6,10,1,10,0.1,30.0,99.4,1019.8728,0.0,0,0.0,0.0
720.0,B,RUNNING,716.376,6,10,1,10,0.1,30.0,99.4,1018.8728,0.0,0,0.0,0.0
721.0,B,RUNNING,717.376,6,10,1,10,0.1,30.0,99.4,1017.8728,0.0,0,0.0,0.0
722.0,B,RUNNING,718.376,6,10,1,10,0.1,30.0,99.4,1016.8728,0.0,0,0.0,0.0
723.0,B,RUNNING,719.376,6,10,1,10,0.1,30.0,99.4,1015.8728,0.0,0,0.0,0.0
724.0,B,RUNNING,720.376,6,10,1,10,0.1,30.0,99.4,1014.8728,0.0,0,0.0,0.0
725.0,B,RUNNING,721.376,6,10,1,10,0.1,30.0,99.4,1013.8728,0.0,0,0.0,0.0
726.0,B,RUNNING,722.376,6,10,1,10,0.1,30.0,99.4,1012.8728,0.0,0,0.0,0.0
727.0,B,RUNNING,723.376,6,10,1,10,0.1,30.0,99.4,1011.8728,0.0,0,0.0,0.0
728.0,B,RUNNING,724.376,6,10,1,10,0.1,30.0,99.4,1010.8728,0.0,0,0.0,0.0
729.0,B,RUNNING,725.376,6,10,1,10,0.1,30.0,99.4,1009.8728,0.0,0,0.0,0.0
730.0,B,RUNNING,726.376,6,10,1,10,0.1,30.0,99.4,1008.8728,0.0,0,0.0,0.0
731.0,B,RUNNING,727.376,6,10,1,10,0.1,30.0,99.4,1007.8728,0.0,0,0.0,0.0
732.0,B,RUNNING,728.376,6,10,1,10,0.1,30.0,99.4,1006.8728,0.0,0,0.0,0.0
733.0,B,RUNNING,729.376,6,10,1,10,0.1,30.0,99.4,1005.8728,0.0,0,0.0,0.0
734.0,B,RUNNING,730.376,6,10,1,10,0.1,30.0,99.4,1004.8728,0.0,0,0.0,0.0
735.0,B,RUNNING,731.376,6,10,1,10,0.1,30.0,99.4,1003.8728,0.0,0,0.0,0.0
736.0,B,RUNNING,732.376,6,10,1,10,0.1,30.0,99.4,1002.8728,0.0,0,0.0,0.0
737.0,B,RUNNING,733.376,6,10,1,10,0.1,30.0,99.4,1001.8728,0.0,0,0.0,0.0
738.0,B,RUNNING,734.376,6,10,1,10,0.1,30.0,99.4,1000.8728,0.0,0,0.0,0.0
739.0,B,RUNNING,735.376,6,10,1,10,0.1,30.0,99.4,999.8728,0.0,0,0.0,0.0
740.0,B,RUNNING,736.376,6,10,1,10,0.1,30.0,99.4,998.8728,0.0,0,0.0,0.0
741.0,B,RUNNING,737.376,6,10,1,10,0.1,30.0,99.4,997.8728,0.0,0,0.0,0.0
742.0,B,RUNNING,738.376,6,10,1,10,0.1,30.0,99.4,996.8728,0.0,0,0.0,0.0
743.0,B,RUNNING,739.376,6,10,1,10,0.1,30.0,99.4,995.8728,0.0,0,0.0,0.0
744.0,B,RUNNING,740.376,6,10,1,10,0.1,30.0,99.4,994.8728,0.0,0,0.0,0.0
745.0,B,RUNNING,741.376,6,10,1,10,0.1,30.0,99.4,993.8728,0.0,0,0.0,0.0
746.0,B,RUNNING,742.376,6,10,1,10,0.1,30.0,99.4,992.8728,0.0,0,0.0,0.0
747.0,B,RUNNING,743.376,6,10,1,10,0.1,30.0,99.4,991.8728,0.0,0,0.0,0.0
748.0,B,RUNNING,744.376,6,10,1,10,0.1,30.0,99.4,990.8728,0.0,0,0.0,0.0
749.0,B,RUNNING,745.376,6,10,1,10,0.1,30.0,99.4,989.8728,0.0,0,0.0,0.0
750.0,B,RUNNING,746.376,6,10,1,10,0.1,30.0,99.4,988.8728,0.0,0,0.0,0.0
751.0,B,RUNNING,747.376,6,10,1,10,0.1,30.0,99.4,987.8728,0.0,0,0.0,0.0
752.0,B,RUNNING,748.376,6,10,1,10,0.1,30.0,99.4,986.8728,0.0,0,0.0,0.0
753.0,B,RUNNING,749.376,6,10,1,10,0.1,30.0,99.4,985.8728,0.0,0,0.0,0.0
754.0,B,RUNNING,750.376,6,10,1,10,0.1,30.0,99.4,984.8728,0.0,0,0.0,0.0
755.0,B,RUNNING,751.376,6,10,1,10,0.1,30.0,99.4,983.8728,0.0,0,0.0,0.0
756.0,B,RUNNING,752.376,6,10,1,10,0.1,30.0,99.4,982.8728,0.0,0,0.0,0.0
757.0,B,RUNNING,753.376,6,10,1,10,0.1,30.0,99.4,981.8728,0.0,0,0.0,0.0
758.0,B,RUNNING,754.376,6,10,1,10,0.1,30.0,99.4,980.8728,0.0,0,0.0,0.0
759.0,B,RUNNING,755.376,6,10,1,10,0.1,30.0,99.4,979.8728,0.0,0,0.0,0.0
760.0,B,RUNNING,756.376,6,10,1,10,0.1,30.0,99.4,978.8728,0.0,0,0.0,0.0
761.0,B,RUNNING,757.376,6,10,1,10,0.1,30.0,99.4,977.8728,0.0,0,0.0,0.0
762.0,B,RUNNING,758.376,6,10,1,10,0.1,30.0,99.4,976.8728,0.0,0,0.0,0.0
763.0,B,RUNNING,759.376,6,10,1,10,0.1,30.0,99.4,975.8728,0.0,0,0.0,0.0
764.0,B,RUNNING,760.376,6,10,1,10,0.1,30.0,99.4,974.8728,0.0,0,0.0,0.0
765.0,B,RUNNING,761.376,6,10,1,10,0.1,30.0,99.4,973.8728,0.0,0,0.0,0.0
766.0,B,RUNNING,762.376,6,10,1,10,0.1,30.0,99.4,972.8728,0.0,0,0.0,0.0
767.0,B,RUNNING,763.376,6,10,1,10,0.1,30.0,99.4,971.8728,0.0,0,0.0,0.0
768.0,B,RUNNING,764.376,6,10,1,10,0.1,30.0,99.4,970.8728,0.0,0,0.0,0.0
769.0,B,RUNNING,765.376,6,10,1,10,0.1,30.0,99.4,969.8728,0.0,0,0.0,0.0
770.0,B,RUNNING,766.376,6,10,1,10,0.1,30.0,99.4,968.8728,0.0,0,0.0,0.0
771.0,B,RUNNING,767.376,6,10,1,10,0.1,30.0,99.4,967.8728,0.0,0,0.0,0.0
772.0,B,RUNNING,768.376,6,10,1,10,0.1,30.0,99.4,966.8728,0.0,0,0.0,0.0
773.0,B,RUNNING,769.376,6,10,1,10,0.1,30.0,99.4,965.8728,0.0,0,0.0,0.0
774.0,B,RUNNING,770.376,6,10,1,10,0.1,30.0,99.4,964.8728,0.0,0,0.0,0.0
775.0,B,RUNNING,771.376,6,10,1,10,0.1,30.0,99.4,963.8728,0.0,0,0.0,0.0
776.0,B,RUNNING,772.376,6,10,1,10,0.1,30.0,99.4,962.8728,0.0,0,0.0,0.0
777.0,B,RUNNING,773.376,6,10,1,10,0.1,30.0,99.4,961.8728,0.0,0,0.0,0.0
778.0,B,RUNNING,774.376,6,10,1,10,0.1,30.0,99.4,960.8728,0.0,0,0.0,0.0
779.0,B,RUNNING,775.376,7,10,2,10,0.2,30.0,99.3,972.6069,0.0,0,0.0,0.0
780.0,B,RUNNING,776.376,7,10,2,10,0.2,30.0,99.3,971.6069,0.0,0,0.0,0.0
781.0,B,RUNNING,777.376,7,10,2,10,0.2,30.0,99.3,970.6069,0.0,0,0.0,0.0
782.0,B,RUNNING,778.376,7,10,2,10,0.2,30.0,99.3,969.6069,0.0,0,0.0,0.0
783.0,B,RUNNING,779.376,7,10,2,10,0.2,30.0,99.3,968.6069,0.0,0,0.0,0.0
784.0,B,RUNNING,780.376,7,10,2,10,0.2,30.0,99.3,967.6069,0.0,0,0.0,0.0
785.0,B,RUNNING,781.376,7,10,2,10,0.2,30.0,99.3,966.6069,0.0,0,0.0,0.0
786.0,B,RUNNING,782.376,7,10,2,10,0.2,30.0,99.3,965.6069,0.0,0,0.0,0.0
787.0,B,RUNNING,783.376,7,10,2,10,0.2,30.0,99.3,964.6069,0.0,0,0.0,0.0
788.0,B,RUNNING,784.376,7,10,2,10,0.2,30.0,99.3,963.6069,0.0,0,0.0,0.0
789.0,B,RUNNING,785.376,7,10,2,10,0.2,30.0,99.3,962.6069,0.0,0,0.0,0.0
790.0,B,RUNNING,786.376,7,10,2,10,0.2,30.0,99.3,961.6069,0.0,0,0.0,0.0
791.0,B,RUNNING,787.376,7,10,2,10,0.2,30.0,99.3,960.6069,0.0,0,0.0,0.0
792.0,B,RUNNING,788.376,7,10,2,10,0.2,30.0,99.3,959.6069,0.0,0,0.0,0.0
793.0,B,RUNNING,789.376,7,10,2,10,0.2,30.0,99.3,958.6069,0.0,0,0.0,0.0
794.0,B,RUNNING,790.376,7,10,2,10,0.2,30.0,99.3,957.6069,0.0,0,0.0,0.0
795.0,B,RUNNING,791.376,7,10,2,10,0.2,30.0,99.3,956.6069,0.0,0,0.0,0.0
796.0,B,RUNNING,792.376,7,10,2,10,0.2,30.0,99.3,955.6069,0.0,0,0.0,0.0
797.0,B,RUNNING,793.376,7,10,2,10,0.2,30.0,99.3,954.6069,0.0,0,0.0,0.0
798.0,B,RUNNING,794.376,7,10,2,10,0.2,30.0,99.3,953.6069,0.0,0,0.0,0.0
799.0,B,RUNNING,795.376,7,10,2,10,0.2,30.0,99.3,952.6069,0.0,0,0.0,0.0
800.0,B,RUNNING,796.376,7,10,2,10,0.2,30.0,99.3,951.6069,0.0,0,0.0,0.0
801.0,B,RUNNING,797.376,7,10,2,10,0.2,30.0,99.3,950.6069,0.0,0,0.0,0.0
802.0,B,RUNNING,798.376,7,10,2,10,0.2,30.0,99.3,949.6069,0.0,0,0.0,0.0
803.0,B,RUNNING,799.376,7,10,2,10,0.2,30.0,99.3,948.6069,0.0,0,0.0,0.0
804.0,B,RUNNING,800.376,7,10,2,10,0.2,30.0,99.3,947.6069,0.0,0,0.0,0.0
805.0,B,RUNNING,801.376,7,10,2,10,0.2,30.0,99.3,946.6069,0.0,0,0.0,0.0
806.0,B,RUNNING,802.376,7,10,2,10,0.2,30.0,99.3,945.6069,0.0,0,0.0,0.0
807.0,B,RUNNING,803.376,7,10,2,10,0.2,30.0,99.3,944.6069,0.0,0,0.0,0.0
808.0,B,RUNNING,804.376,7,10,2,10,0.2,30.0,99.3,943.6069,0.0,0,0.0,0.0
809.0,B,RUNNING,805.376,7,10,2,10,0.2,30.0,99.3,942.6069,0.0,0,0.0,0.0
810.0,B,RUNNING,806.376,7,12,0,10,0.0,30.0,99.3,1181.6069,0.0,0,0.0,0.0
811.0,B,RUNNING,807.376,7,12,0,10,0.0,30.0,99.3,1180.6069,0.0,0,0.0,0.0
812.0,B,RUNNING,808.376,7,12,0,10,0.0,30.0,99.3,1179.6069,0.0,0,0.0,0.0
813.0,B,RUNNING,809.376,7,12,0,10,0.0,30.0,99.3,1178.6069,0.0,0,0.0,0.0
814.0,B,RUNNING,810.376,7,12,0,10,0.0,30.0,99.3,1177.6069,0.0,0,0.0,0.0
815.0,B,RUNNING,811.376,7,12,0,10,0.0,30.0,99.3,1176.6069,0.0,0,0.0,0.0
816.0,B,RUNNING,812.376,7,12,0,10,0.0,30.0,99.3,1175.6069,0.0,0,0.0,0.0
817.0,B,RUNNING,813.376,7,12,0,10,0.0,30.0,99.3,1174.6069,0.0,0,0.0,0.0
818.0,B,RUNNING,814.376,7,12,0,10,0.0,30.0,99.3,1173.6069,0.0,0,0.0,0.0
819.0,B,RUNNING,815.376,7,12,0,10,0.0,30.0,99.3,1172.6069,0.0,0,0.0,0.0
820.0,B,RUNNING,816.376,7,12,0,10,0.0,30.0,99.3,1171.6069,0.0,0,0.0,0.0
821.0,B,RUNNING,817.376,7,12,0,10,0.0,30.0,99.3,1170.6069,0.0,0,0.0,0.0
822.0,B,RUNNING,818.376,7,12,0,10,0.0,30.0,99.3,1169.6069,0.0,0,0.0,0.0
823.0,B,RUNNING,819.376,7,12,0,10,0.0,30.0,99.3,1168.6069,0.0,0,0.0,0.0
824.0,B,RUNNING,820.376,7,12,0,10,0.0,30.0,99.3,1167.6069,0.0,0,0.0,0.0
825.0,B,RUNNING,821.376,7,12,0,10,0.0,30.0,99.3,1166.6069,0.0,0,0.0,0.0
826.0,B,RUNNING,822.376,7,12,0,10,0.0,30.0,99.3,1165.6069,0.0,0,0.0,0.0
827.0,B,RUNNING,823.376,7,12,0,10,0.0,30.0,99.3,1164.6069,0.0,0,0.0,0.0
828.0,B,RUNNING,824.376,7,12,0,10,0.0,30.0,99.3,1163.6069,0.0,0,0.0,0.0
829.0,B,RUNNING,825.376,7,12,0,10,0.0,30.0,99.3,1162.6069,0.0,0,0.0,0.0
830.0,B,RUNNING,826.376,7,12,0,10,0.0,30.0,99.3,1161.6069,0.0,0,0.0,0.0
831.0,B,RUNNING,827.376,7,12,0,10,0.0,30.0,99.3,1160.6069,0.0,0,0.0,0.0
832.0,B,RUNNING,828.376,7,12,0,10,0.0,30.0,99.3,1159.6069,0.0,0,0.0,0.0
833.0,B,RUNNING,829.376,7,12,0,10,0.0,30.0,99.3,1158.6069,0.0,0,0.0,0.0
834.0,B,RUNNING,830.376,7,12,0,10,0.0,30.0,99.3,1157.6069,0.0,0,0.0,0.0
835.0,B,RUNNING,831.376,7,12,0,10,0.0,30.0,99.3,1156.6069,0.0,0,0.0,0.0
836.0,B,RUNNING,832.376,7,12,0,10,0.0,30.0,99.3,1155.6069,0.0,0,0.0,0.0
837.0,B,RUNNING,833.376,7,12,0,10,0.0,30.0,99.3,1154.6069,0.0,0,0.0,0.0
838.0,B,RUNNING,834.376,7,12,0,10,0.0,30.0,99.3,1153.6069,0.0,0,0.0,0.0
839.0,B,RUNNING,835.376,7,12,0,10,0.0,30.0,99.3,1152.6069,0.0,0,0.0,0.0
840.0,B,RUNNING,836.376,7,12,0,10,0.0,30.0,99.3,1151.6069,0.0,0,0.0,0.0
841.0,B,RUNNING,837.376,7,12,0,10,0.0,30.0,99.3,1150.6069,0.0,0,0.0,0.0
842.0,B,RUNNING,838.376,7,12,0,10,0.0,30.0,99.3,1149.6069,0.0,0,0.0,0.0
843.0,B,RUNNING,839.376,7,12,0,10,0.0,30.0,99.3,1148.6069,0.0,0,0.0,0.0
844.0,B,RUNNING,840.376,7,12,0,10,0.0,30.0,99.3,1147.6069,0.0,0,0.0,0.0
845.0,B,RUNNING,841.376,7,12,0,10,0.0,30.0,99.3,1146.6069,0.0,0,0.0,0.0
846.0,B,RUNNING,842.376,7,12,0,10,0.0,30.0,99.3,1145.6069,0.0,0,0.0,0.0
847.0,B,RUNNING,843.376,7,12,0,10,0.0,30.0,99.3,1144.6069,0.0,0,0.0,0.0
848.0,B,RUNNING,844.376,7,12,0,10,0.0,30.0,99.3,1143.6069,0.0,0,0.0,0.0
849.0,B,RUNNING,845.376,7,12,0,10,0.0,30.0,99.3,1142.6069,0.0,0,0.0,0.0
850.0,B,RUNNING,846.376,7,12,0,10,0.0,30.0,99.3,1141.6069,0.0,0,0.0,0.0
851.0,B,RUNNING,847.376,7,12,0,10,0.0,30.0,99.3,1140.6069,0.0,0,0.0,0.0
852.0,B,RUNNING,848.376,7,12,0,10,0.0,30.0,99.3,1139.6069,0.0,0,0.0,0.0
853.0,B,RUNNING,849.376,7,12,0,10,0.0,30.0,99.3,1138.6069,0.0,0,0.0,0.0
854.0,B,RUNNING,850.376,7,12,0,10,0.0,30.0,99.3,1137.6069,0.0,0,0.0,0.0
855.0,B,RUNNING,851.376,7,12,0,10,0.0,30.0,99.3,1136.6069,0.0,0,0.0,0.0
856.0,B,RUNNING,852.376,7,12,0,10,0.0,30.0,99.3,1135.6069,0.0,0,0.0,0.0
857.0,B,RUNNING,853.376,7,12,0,10,0.0,30.0,99.3,1134.6069,0.0,0,0.0,0.0
858.0,B,RUNNING,854.376,7,12,0,10,0.0,30.0,99.3,1133.6069,0.0,0,0.0,0.0
859.0,B,RUNNING,855.376,7,12,0,10,0.0,30.0,99.3,1132.6069,0.0,0,0.0,0.0
860.0,B,RUNNING,856.376,7,12,0,10,0.0,30.0,99.3,1131.6069,0.0,0,0.0,0.0
861.0,B,RUNNING,857.376,7,12,0,10,0.0,30.0,99.3,1130.6069,0.0,0,0.0,0.0
862.0,B,RUNNING,858.376,7,12,0,10,0.0,30.0,99.3,1129.6069,0.0,0,0.0,0.0
863.0,B,RUNNING,859.376,7,12,0,10,0.0,30.0,99.3,1128.6069,0.0,0,0.0,0.0
864.0,B,RUNNING,860.376,7,12,0,10,0.0,30.0,99.3,1127.6069,0.0,0,0.0,0.0
865.0,B,RUNNING,861.376,7,12,0,10,0.0,30.0,99.3,1126.6069,0.0,0,0.0,0.0
866.0,B,RUNNING,862.376,7,12,0,10,0.0,30.0,99.3,1125.6069,0.0,0,0.0,0.0
867.0,B,RUNNING,863.376,7,12,0,10,0.0,30.0,99.3,1124.6069,0.0,0,0.0,0.0
868.0,B,RUNNING,864.376,7,12,0,10,0.0,30.0,99.3,1123.6069,0.0,0,0.0,0.0
869.0,B,RUNNING,865.376,7,12,0,10,0.0,30.0,99.3,1122.6069,0.0,0,0.0,0.0
870.0,B,RUNNING,866.376,7,12,0,10,0.0,30.0,99.3,1121.6069,0.0,0,0.0,0.0
871.0,B,RUNNING,867.376,7,12,0,10,0.0,30.0,99.3,1120.6069,0.0,0,0.0,0.0
872.0,B,RUNNING,868.376,7,12,0,10,0.0,30.0,99.3,1119.6069,0.0,0,0.0,0.0
873.0,B,RUNNING,869.376,7,12,0,10,0.0,30.0,99.3,1118.6069,0.0,0,0.0,0.0
874.0,B,RUNNING,870.376,7,12,0,10,0.0,30.0,99.3,1117.6069,0.0,0,0.0,0.0
875.0,B,RUNNING,871.376,7,12,0,10,0.0,30.0,99.3,1116.6069,0.0,0,0.0,0.0
876.0,B,RUNNING,872.376,7,12,0,10,0.0,30.0,99.3,1115.6069,0.0,0,0.0,0.0
877.0,B,RUNNING,873.376,7,12,0,10,0.0,30.0,99.3,1114.6069,0.0,0,0.0,0.0
878.0,B,RUNNING,874.376,7,12,0,10,0.0,30.0,99.3,1113.6069,0.0,0,0.0,0.0
879.0,B,RUNNING,875.376,7,12,0,10,0.0,30.0,99.3,1112.6069,0.0,0,0.0,0.0
880.0,B,RUNNING,876.376,7,12,0,10,0.0,30.0,99.3,1111.6069,0.0,0,0.0,0.0
881.0,B,RUNNING,877.376,7,12,0,10,0.0,30.0,99.3,1110.6069,0.0,0,0.0,0.0
882.0,B,RUNNING,878.376,7,12,0,10,0.0,30.0,99.3,1109.6069,0.0,0,0.0,0.0
883.0,B,RUNNING,879.376,7,12,0,10,0.0,30.0,99.3,1108.6069,0.0,0,0.0,0.0
884.0,B,RUNNING,880.376,7,12,0,10,0.0,30.0,99.3,1107.6069,0.0,0,0.0,0.0
885.0,B,RUNNING,881.376,7,12,0,10,0.0,30.0,99.3,1106.6069,0.0,0,0.0,0.0
886.0,B,RUNNING,882.376,7,12,0,10,0.0,30.0,99.3,1105.6069,0.0,0,0.0,0.0
887.0,B,RUNNING,883.376,7,12,0,10,0.0,30.0,99.3,1104.6069,0.0,0,0.0,0.0
888.0,B,RUNNING,884.376,7,12,0,10,0.0,30.0,99.3,1103.6069,0.0,0,0.0,0.0
889.0,B,RUNNING,885.376,7,12,0,10,0.0,30.0,99.3,1102.6069,0.0,0,0.0,0.0
890.0,B,RUNNING,886.376,7,12,0,10,0.0,30.0,99.3,1101.6069,0.0,0,0.0,0.0
891.0,B,RUNNING,887.376,7,12,0,10,0.0,30.0,99.3,1100.6069,0.0,0,0.0,0.0
892.0,B,RUNNING,888.376,7,12,0,10,0.0,30.0,99.3,1099.6069,0.0,0,0.0,0.0
893.0,B,RUNNING,889.376,7,12,0,10,0.0,30.0,99.3,1098.6069,0.0,0,0.0,0.0
894.0,B,RUNNING,890.376,7,12,0,10,0.0,30.0,99.3,1097.6069,0.0,0,0.0,0.0
895.0,B,RUNNING,891.376,7,12,0,10,0.0,30.0,99.3,1096.6069,0.0,0,0.0,0.0
896.0,B,RUNNING,892.376,7,12,0,10,0.0,30.0,99.3,1095.6069,0.0,0,0.0,0.0
897.0,B,RUNNING,893.376,7,12,0,10,0.0,30.0,99.3,1094.6069,0.0,0,0.0,0.0
898.0,B,RUNNING,894.376,7,12,0,10,0.0,30.0,99.3,1093.6069,0.0,0,0.0,0.0
899.0,B,RUNNING,895.376,7,12,0,10,0.0,30.0,99.3,1092.6069,0.0,0,0.0,0.0
900.0,B,RUNNING,896.376,7,12,0,10,0.0,30.0,99.3,1091.6069,0.0,0,0.0,0.0
901.0,B,RUNNING,897.376,7,12,0,10,0.0,30.0,99.3,1090.6069,0.0,0,0.0,0.0
902.0,B,RUNNING,898.376,7,12,0,10,0.0,30.0,99.3,1089.6069,0.0,0,0.0,0.0
903.0,B,RUNNING,899.376,7,12,0,10,0.0,30.0,99.3,1088.6069,0.0,0,0.0,0.0
904.0,B,RUNNING,900.376,7,12,0,10,0.0,30.0,99.3,1087.6069,0.0,0,0.0,0.0
905.0,B,RUNNING,901.376,7,12,0,10,0.0,30.0,99.3,1086.6069,0.0,0,0.0,0.0
906.0,B,RUNNING,902.376,7,12,0,10,0.0,30.0,99.3,1085.6069,0.0,0,0.0,0.0
907.0,B,RUNNING,903.376,7,12,0,10,0.0,30.0,99.3,1084.6069,0.0,0,0.0,0.0
908.0,B,RUNNING,904.376,7,12,0,10,0.0,30.0,99.3,1083.6069,0.0,0,0.0,0.0
909.0,B,RUNNING,905.376,7,12,0,10,0.0,30.0,99.3,1082.6069,0.0,0,0.0,0.0
910.0,B,RUNNING,906.376,7,12,0,10,0.0,30.0,99.3,1081.6069,0.0,0,0.0,0.0
911.0,B,RUNNING,907.376,7,12,0,10,0.0,30.0,99.3,1080.6069,0.0,0,0.0,0.0
912.0,B,RUNNING,908.376,8,12,1,10,0.1,30.0,99.2,1073.7508,0.0,0,0.0,0.0
913.0,B,RUNNING,909.376,8,12,1,10,0.1,30.0,99.2,1072.7508,0.0,0,0.0,0.0
914.0,B,RUNNING,910.376,8,12,1,10,0.1,30.0,99.2,1071.7508,0.0,0,0.0,0.0
915.0,B,RUNNING,911.376,8,12,1,10,0.1,30.0,99.2,1070.7508,0.0,0,0.0,0.0
916.0,B,RUNNING,912.376,8,12,1,10,0.1,30.0,99.2,1069.7508,0.0,0,0.0,0.0
917.0,B,RUNNING,913.376,8,12,1,10,0.1,30.0,99.2,1068.7508,0.0,0,0.0,0.0
918.0,B,RUNNING,914.376,8,12,1,10,0.1,30.0,99.2,1067.7508,0.0,0,0.0,0.0
919.0,B,RUNNING,915.376,8,12,1,10,0.1,30.0,99.2,1066.7508,0.0,0,0.0,0.0
920.0,B,RUNNING,916.376,8,12,1,10,0.1,30.0,99.2,1065.7508,0.0,0,0.0,0.0
921.0,B,RUNNING,917.376,8,12,1,10,0.1,30.0,99.2,1064.7508,0.0,0,0.0,0.0
922.0,B,RUNNING,918.376,8,12,1,10,0.1,30.0,99.2,1063.7508,0.0,0,0.0,0.0
923.0,B,RUNNING,919.376,8,12,1,10,0.1,30.0,99.2,1062.7508,0.0,0,0.0,0.0
924.0,B,RUNNING,920.376,8,12,1,10,0.1,30.0,99.2,1061.7508,0.0,0,0.0,0.0
925.0,B,RUNNING,921.376,8,12,1,10,0.1,30.0,99.2,1060.7508,0.0,0,0.0,0.0
926.0,B,RUNNING,922.376,8,12,1,10,0.1,30.0,99.2,1059.7508,0.0,0,0.0,0.0
927.0,B,RUNNING,923.376,8,12,1,10,0.1,30.0,99.2,1058.7508,0.0,0,0.0,0.0
928.0,B,RUNNING,924.376,8,12,1,10,0.1,30.0,99.2,1057.7508,0.0,0,0.0,0.0
929.0,B,RUNNING,925.376,8,12,1,10,0.1,30.0,99.2,1056.7508,0.0,0,0.0,0.0
930.0,B,RUNNING,926.376,8,12,1,10,0.1,30.0,99.2,1055.7508,0.0,0,0.0,0.0
931.0,B,RUNNING,927.376,8,12,1,10,0.1,30.0,99.2,1054.7508,0.0,0,0.0,0.0
932.0,B,RUNNING,928.376,8,12,1,10,0.1,30.0,99.2,1053.7508,0.0,0,0.0,0.0
933.0,B,RUNNING,929.376,8,12,1,10,0.1,30.0,99.2,1052.7508,0.0,0,0.0,0.0
934.0,B,RUNNING,930.376,8,12,1,10,0.1,30.0,99.2,1051.7508,0.0,0,0.0,0.0
935.0,B,RUNNING,931.376,8,12,1,10,0.1,30.0,99.2,1050.7508,0.0,0,0.0,0.0
936.0,B,RUNNING,932.376,8,12,1,10,0.1,30.0,99.2,1049.7508,0.0,0,0.0,0.0
937.0,B,RUNNING,933.376,8,12,1,10,0.1,30.0,99.2,1048.7508,0.0,0,0.0,0.0
938.0,B,RUNNING,934.376,8,12,1,10,0.1,30.0,99.2,1047.7508,0.0,0,0.0,0.0
939.0,B,RUNNING,935.376,8,12,1,10,0.1,30.0,99.2,1046.7508,0.0,0,0.0,0.0
940.0,B,RUNNING,936.376,8,12,1,10,0.1,30.0,99.2,1045.7508,0.0,0,0.0,0.0
941.0,B,RUNNING,937.376,8,12,1,10,0.1,30.0,99.2,1044.7508,0.0,0,0.0,0.0
942.0,B,RUNNING,938.376,8,12,1,10,0.1,30.0,99.2,1043.7508,0.0,0,0.0,0.0
943.0,B,RUNNING,939.376,8,12,1,10,0.1,30.0,99.2,1042.7508,0.0,0,0.0,0.0
944.0,B,RUNNING,940.376,8,12,1,10,0.1,30.0,99.2,1041.7508,0.0,0,0.0,0.0
945.0,B,RUNNING,941.376,8,12,1,10,0.1,30.0,99.2,1040.7508,0.0,0,0.0,0.0
946.0,B,RUNNING,942.376,8,12,1,10,0.1,30.0,99.2,1039.7508,0.0,0,0.0,0.0
947.0,B,RUNNING,943.376,8,12,1,10,0.1,30.0,99.2,1038.7508,0.0,0,0.0,0.0
948.0,B,RUNNING,944.376,8,12,1,10,0.1,30.0,99.2,1037.7508,0.0,0,0.0,0.0
949.0,B,RUNNING,945.376,8,12,1,10,0.1,30.0,99.2,1036.7508,0.0,0,0.0,0.0
950.0,B,RUNNING,946.376,8,12,1,10,0.1,30.0,99.2,1035.7508,0.0,0,0.0,0.0
951.0,B,RUNNING,947.376,8,12,1,10,0.1,30.0,99.2,1034.7508,0.0,0,0.0,0.0
952.0,B,RUNNING,948.376,8,12,1,10,0.1,30.0,99.2,1033.7508,0.0,0,0.0,0.0
953.0,B,RUNNING,949.376,8,12,1,10,0.1,30.0,99.2,1032.7508,0.0,0,0.0,0.0
954.0,B,RUNNING,950.376,8,12,1,10,0.1,30.0,99.2,1031.7508,0.0,0,0.0,0.0
955.0,B,RUNNING,951.376,8,12,1,10,0.1,30.0,99.2,1030.7508,0.0,0,0.0,0.0
956.0,B,RUNNING,952.376,8,12,1,10,0.1,30.0,99.2,1029.7508,0.0,0,0.0,0.0
957.0,B,RUNNING,953.376,8,12,1,10,0.1,30.0,99.2,1028.7508,0.0,0,0.0,0.0
958.0,B,RUNNING,954.376,8,12,1,10,0.1,30.0,99.2,1027.7508,0.0,0,0.0,0.0
959.0,B,RUNNING,955.376,8,12,1,10,0.1,30.0,99.2,1026.7508,0.0,0,0.0,0.0
960.0,B,RUNNING,956.376,8,12,1,10,0.1,30.0,99.2,1025.7508,0.0,0,0.0,0.0
961.0,B,RUNNING,957.376,8,12,1,10,0.1,30.0,99.2,1024.7508,0.0,0,0.0,0.0
962.0,B,RUNNING,958.376,8,12,1,10,0.1,30.0,99.2,1023.7508,0.0,0,0.0,0.0
963.0,B,RUNNING,959.376,8,12,1,10,0.1,30.0,99.2,1022.7508,0.0,0,0.0,0.0
964.0,B,RUNNING,960.376,8,12,1,10,0.1,30.0,99.2,1021.7508,0.0,0,0.0,0.0
965.0,B,RUNNING,961.376,8,12,1,10,0.1,30.0,99.2,1020.7508,0.0,0,0.0,0.0
966.0,B,RUNNING,962.376,8,12,1,10,0.1,30.0,99.2,1019.7508,0.0,0,0.0,0.0
967.0,B,RUNNING,963.376,8,12,1,10,0.1,30.0,99.2,1018.7508,0.0,0,0.0,0.0
968.0,B,RUNNING,964.376,8,12,1,10,0.1,30.0,99.2,1017.7508,0.0,0,0.0,0.0
969.0,B,RUNNING,965.376,8,12,1,10,0.1,30.0,99.2,1016.7508,0.0,0,0.0,0.0
970.0,B,RUNNING,966.376,8,12,1,10,0.1,30.0,99.2,1015.7508,0.0,0,0.0,0.0
971.0,B,RUNNING,967.376,8,12,1,10,0.1,30.0,99.2,1014.7508,0.0,0,0.0,0.0
972.0,B,RUNNING,968.376,8,12,1,10,0.1,30.0,99.2,1013.7508,0.0,0,0.0,0.0
973.0,B,RUNNING,969.376,8,12,1,10,0.1,30.0,99.2,1012.7508,0.0,0,0.0,0.0
974.0,B,RUNNING,970.376,8,12,1,10,0.1,30.0,99.2,1011.7508,0.0,0,0.0,0.0
975.0,B,RUNNING,971.376,8,12,1,10,0.1,30.0,99.2,1010.7508,0.0,0,0.0,0.0
976.0,B,RUNNING,972.376,8,12,1,10,0.1,30.0,99.2,1009.7508,0.0,0,0.0,0.0
977.0,B,RUNNING,973.376,8,12,1,10,0.1,30.0,99.2,1008.7508,0.0,0,0.0,0.0
978.0,B,RUNNING,974.376,8,12,1,10,0.1,30.0,99.2,1007.7508,0.0,0,0.0,0.0
979.0,B,RUNNING,975.376,8,12,1,10,0.1,30.0,99.2,1006.7508,0.0,0,0.0,0.0
980.0,B,RUNNING,976.376,8,12,1,10,0.1,30.0,99.2,1005.7508,0.0,0,0.0,0.0
981.0,B,RUNNING,977.376,8,12,1,10,0.1,30.0,99.2,1004.7508,0.0,0,0.0,0.0
982.0,B,RUNNING,978.376,8,12,1,10,0.1,30.0,99.2,1003.7508,0.0,0,0.0,0.0
983.0,B,RUNNING,979.376,8,12,1,10,0.1,30.0,99.2,1002.7508,0.0,0,0.0,0.0
984.0,B,RUNNING,980.376,8,12,1,10,0.1,30.0,99.2,1001.7508,0.0,0,0.0,0.0
985.0,B,RUNNING,981.376,8,12,1,10,0.1,30.0,99.2,1000.7508,0.0,0,0.0,0.0
986.0,B,RUNNING,982.376,8,12,1,10,0.1,30.0,99.2,999.7508,0.0,0,0.0,0.0
987.0,B,RUNNING,983.376,8,12,1,10,0.1,30.0,99.2,998.7508,0.0,0,0.0,0.0
988.0,B,RUNNING,984.376,8,12,1,10,0.1,30.0,99.2,997.7508,0.0,0,0.0,0.0
989.0,B,RUNNING,985.376,8,12,1,10,0.1,30.0,99.2,996.7508,0.0,0,0.0,0.0
990.0,B,RUNNING,986.376,8,12,1,10,0.1,30.0,99.2,995.7508,0.0,0,0.0,0.0
991.0,B,RUNNING,987.376,8,12,1,10,0.1,30.0,99.2,994.7508,0.0,0,0.0,0.0
992.0,B,RUNNING,988.376,8,12,1,10,0.1,30.0,99.2,993.7508,0.0,0,0.0,0.0
993.0,B,RUNNING,989.376,8,12,1,10,0.1,30.0,99.2,992.7508,0.0,0,0.0,0.0
994.0,B,RUNNING,990.376,8,12,1,10,0.1,30.0,99.2,991.7508,0.0,0,0.0,0.0
995.0,B,RUNNING,991.376,8,12,1,10,0.1,30.0,99.2,990.7508,0.0,0,0.0,0.0
996.0,B,RUNNING,992.376,8,12,1,10,0.1,30.0,99.2,989.7508,0.0,0,0.0,0.0
997.0,B,RUNNING,993.376,8,12,1,10,0.1,30.0,99.2,988.7508,0.0,0,0.0,0.0
998.0,B,RUNNING,994.376,8,12,1,10,0.1,30.0,99.2,987.7508,0.0,0,0.0,0.0
999.0,B,RUNNING,995.376,8,12,1,10,0.1,30.0,99.2,986.7508,0.0,0,0.0,0.0
1000.0,B,RUNNING,996.376,8,12,1,10,0.1,30.0,99.2,985.7508,0.0,0,0.0,0.0
1001.0,B,RUNNING,997.376,8,12,1,10,0.1,30.0,99.2,984.7508,0.0,0,0.0,0.0
1002.0,B,RUNNING,998.376,8,12,1,10,0.1,30.0,99.2,983.7508,0.0,0,0.0,0.0
1003.0,B,RUNNING,999.376,8,12,1,10,0.1,30.0,99.2,982.7508,0.0,0,0.0,0.0
1004.0,B,RUNNING,1000.376,8,12,1,10,0.1,30.0,99.2,981.7508,0.0,0,0.0,0.0
1005.0,B,RUNNING,1001.376,8,12,1,10,0.1,30.0,99.2,980.7508,0.0,0,0.0,0.0
1006.0,B,RUNNING,1002.376,8,12,1,10,0.1,30.0,99.2,979.7508,0.0,0,0.0,0.0
1007.0,B,RUNNING,1003.376,8,12,1,10,0.1,30.0,99.2,978.7508,0.0,0,0.0,0.0
1008.0,B,RUNNING,1004.376,8,12,1,10,0.1,30.0,99.2,977.7508,0.0,0,0.0,0.0
1009.0,B,RUNNING,1005.376,8,12,1,10,0.1,30.0,99.2,976.7508,0.0,0,0.0,0.0
1010.0,B,RUNNING,1006.376,8,12,1,10,0.1,30.0,99.2,975.7508,0.0,0,0.0,0.0
1011.0,B,RUNNING,1007.376,8,12,1,10,0.1,30.0,99.2,974.7508,0.0,0,0.0,0.0
1012.0,B,RUNNING,1008.376,8,12,1,10,0.1,30.0,99.2,973.7508,0.0,0,0.0,0.0
1013.0,B,RUNNING,1009.376,8,12,1,10,0.1,30.0,99.2,972.7508,0.0,0,0.0,0.0
1014.0,B,RUNNING,1010.376,8,12,1,10,0.1,30.0,99.2,971.7508,0.0,0,0.0,0.0
1015.0,B,RUNNING,1011.376,8,12,1,10,0.1,30.0,99.2,970.7508,0.0,0,0.0,0.0
1016.0,B,RUNNING,1012.376,8,12,1,10,0.1,30.0,99.2,969.7508,0.0,0,0.0,0.0
1017.0,B,RUNNING,1013.376,8,12,1,10,0.1,30.0,99.2,968.7508,0.0,0,0.0,0.0
1018.0,B,RUNNING,1014.376,8,12,1,10,0.1,30.0,99.2,967.7508,0.0,0,0.0,0.0
1019.0,B,RUNNING,1015.376,8,12,1,10,0.1,30.0,99.2,966.7508,0.0,0,0.0,0.0
1020.0,B,RUNNING,1016.376,8,12,1,10,0.1,30.0,99.2,965.7508,0.0,0,0.0,0.0
1021.0,B,RUNNING,1017.376,8,12,1,10,0.1,30.0,99.2,964.7508,0.0,0,0.0,0.0
1022.0,B,RUNNING,1018.376,8,12,1,10,0.1,30.0,99.2,963.7508,0.0,0,0.0,0.0
1023.0,B,RUNNING,1019.376,8,12,1,10,0.1,30.0,99.2,962.7508,0.0,0,0.0,0.0
1024.0,B,RUNNING,1020.376,8,12,1,10,0.1,30.0,99.2,961.7508,0.0,0,0.0,0.0
1025.0,B,RUNNING,1021.376,8,12,1,10,0.1,30.0,99.2,960.7508,0.0,0,0.0,0.0
1026.0,B,RUNNING,1022.376,9,12,2,10,0.2,30.0,99.1,959.7675,0.0,0,0.0,0.0
1027.0,B,RUNNING,1023.376,9,12,2,10,0.2,30.0,99.1,958.7675,0.0,0,0.0,0.0
1028.0,B,RUNNING,1024.376,9,12,2,10,0.2,30.0,99.1,957.7675,0.0,0,0.0,0.0
1029.0,B,RUNNING,1025.376,9,12,2,10,0.2,30.0,99.1,956.7675,0.0,0,0.0,0.0
1030.0,B,RUNNING,1026.376,9,12,2,10,0.2,30.0,99.1,955.7675,0.0,0,0.0,0.0
1031.0,B,RUNNING,1027.376,9,12,2,10,0.2,30.0,99.1,954.7675,0.0,0,0.0,0.0
1032.0,B,RUNNING,1028.376,9,12,2,10,0.2,30.0,99.1,953.7675,0.0,0,0.0,0.0
1033.0,B,RUNNING,1029.376,9,12,2,10,0.2,30.0,99.1,952.7675,0.0,0,0.0,0.0
1034.0,B,RUNNING,1030.376,9,12,2,10,0.2,30.0,99.1,951.7675,0.0,0,0.0,0.0
1035.0,B,RUNNING,1031.376,9,12,2,10,0.2,30.0,99.1,950.7675,0.0,0,0.0,0.0
1036.0,B,RUNNING,1032.376,9,12,2,10,0.2,30.0,99.1,949.7675,0.0,0,0.0,0.0
1037.0,B,RUNNING,1033.376,9,12,2,10,0.2,30.0,99.1,948.7675,0.0,0,0.0,0.0
1038.0,B,RUNNING,1034.376,9,12,2,10,0.2,30.0,99.1,947.7675,0.0,0,0.0,0.0
1039.0,B,RUNNING,1035.376,9,12,2,10,0.2,30.0,99.1,946.7675,0.0,0,0.0,0.0
1040.0,B,RUNNING,1036.376,9,12,2,10,0.2,30.0,99.1,945.7675,0.0,0,0.0,0.0
1041.0,B,RUNNING,1037.376,9,12,2,10,0.2,30.0,99.1,944.7675,0.0,0,0.0,0.0
1042.0,B,RUNNING,1038.376,9,12,2,10,0.2,30.0,99.1,943.7675,0.0,0,0.0,0.0
1043.0,B,RUNNING,1039.376,9,12,2,10,0.2,30.0,99.1,942.7675,0.0,0,0.0,0.0
1044.0,B,RUNNING,1040.376,9,12,2,10,0.2,30.0,99.1,941.7675,0.0,0,0.0,0.0
1045.0,B,RUNNING,1041.376,9,12,2,10,0.2,30.0,99.1,940.7675,0.0,0,0.0,0.0
1046.0,B,RUNNING,1042.376,9,12,2,10,0.2,30.0,99.1,939.7675,0.0,0,0.0,0.0
1047.0,B,RUNNING,1043.376,9,12,2,10,0.2,30.0,99.1,938.7675,0.0,0,0.0,0.0
1048.0,B,RUNNING,1044.376,9,12,2,10,0.2,30.0,99.1,937.7675,0.0,0,0.0,0.0
1049.0,B,RUNNING,1045.376,9,12,2,10,0.2,30.0,99.1,936.7675,0.0,0,0.0,0.0
1050.0,B,RUNNING,1046.376,9,12,2,10,0.2,30.0,99.1,935.7675,0.0,0,0.0,0.0
1051.0,B,RUNNING,1047.376,9,12,2,10,0.2,30.0,99.1,934.7675,0.0,0,0.0,0.0
1052.0,B,RUNNING,1048.376,9,12,2,10,0.2,30.0,99.1,933.7675,0.0,0,0.0,0.0
1053.0,B,RUNNING,1049.376,9,12,2,10,0.2,30.0,99.1,932.7675,0.0,0,0.0,0.0
1054.0,B,RUNNING,1050.376,9,12,2,10,0.2,30.0,99.1,931.7675,0.0,0,0.0,0.0
1055.0,B,RUNNING,1051.376,9,12,2,10,0.2,30.0,99.1,930.7675,0.0,0,0.0,0.0
1056.0,B,RUNNING,1052.376,9,12,2,10,0.2,30.0,99.1,929.7675,0.0,0,0.0,0.0
1057.0,B,RUNNING,1053.376,9,12,2,10,0.2,30.0,99.1,928.7675,0.0,0,0.0,0.0
1058.0,B,RUNNING,1054.376,9,12,2,10,0.2,30.0,99.1,927.7675,0.0,0,0.0,0.0
1059.0,B,RUNNING,1055.376,9,12,2,10,0.2,30.0,99.1,926.7675,0.0,0,0.0,0.0
1060.0,B,RUNNING,1056.376,9,12,2,10,0.2,30.0,99.1,925.7675,0.0,0,0.0,0.0
1061.0,B,RUNNING,1057.376,9,12,2,10,0.2,30.0,99.1,924.7675,0.0,0,0.0,0.0
1062.0,B,RUNNING,1058.376,9,12,2,10,0.2,30.0,99.1,923.7675,0.0,0,0.0,0.0
1063.0,B,RUNNING,1059.376,9,12,2,10,0.2,30.0,99.1,922.7675,0.0,0,0.0,0.0
1064.0,B,RUNNING,1060.376,9,12,2,10,0.2,30.0,99.1,921.7675,0.0,0,0.0,0.0
1065.0,B,RUNNING,1061.376,9,12,2,10,0.2,30.0,99.1,920.7675,0.0,0,0.0,0.0
1066.0,B,RUNNING,1062.376,9,12,2,10,0.2,30.0,99.1,919.7675,0.0,0,0.0,0.0
1067.0,B,RUNNING,1063.376,9,12,2,10,0.2,30.0,99.1,918.7675,0.0,0,0.0,0.0
1068.0,B,RUNNING,1064.376,9,12,2,10,0.2,30.0,99.1,917.7675,0.0,0,0.0,0.0
1069.0,B,RUNNING,1065.376,9,12,2,10,0.2,30.0,99.1,916.7675,0.0,0,0.0,0.0
1070.0,B,RUNNING,1066.376,9,12,2,10,0.2,30.0,99.1,915.7675,0.0,0,0.0,0.0
1071.0,B,RUNNING,1067.376,9,12,2,10,0.2,30.0,99.1,914.7675,0.0,0,0.0,0.0
1072.0,B,RUNNING,1068.376,9,12,2,10,0.2,30.0,99.1,913.7675,0.0,0,0.0,0.0
1073.0,B,RUNNING,1069.376,9,12,2,10,0.2,30.0,99.1,912.7675,0.0,0,0.0,0.0
1074.0,B,RUNNING,1070.376,9,12,2,10,0.2,30.0,99.1,911.7675,0.0,0,0.0,0.0
1075.0,B,RUNNING,1071.376,9,12,2,10,0.2,30.0,99.1,910.7675,0.0,0,0.0,0.0
1076.0,B,RUNNING,1072.376,9,12,2,10,0.2,30.0,99.1,909.7675,0.0,0,0.0,0.0
1077.0,B,RUNNING,1073.376,9,12,2,10,0.2,30.0,99.1,908.7675,0.0,0,0.0,0.0
1078.0,B,RUNNING,1074.376,9,12,2,10,0.2,30.0,99.1,907.7675,0.0,0,0.0,0.0
1079.0,B,RUNNING,1075.376,9,12,2,10,0.2,30.0,99.1,906.7675,0.0,0,0.0,0.0
1080.0,B,RUNNING,1076.376,9,12,2,10,0.2,30.0,99.1,905.7675,0.0,0,0.0,0.0
1081.0,B,RUNNING,1077.376,9,12,2,10,0.2,30.0,99.1,904.7675,0.0,0,0.0,0.0
1082.0,B,RUNNING,1078.376,9,12,2,10,0.2,30.0,99.1,903.7675,0.0,0,0.0,0.0
1083.0,B,RUNNING,1079.376,9,12,2,10,0.2,30.0,99.1,902.7675,0.0,0,0.0,0.0
1084.0,B,RUNNING,1080.376,9,12,2,10,0.2,30.0,99.1,901.7675,0.0,0,0.0,0.0
1085.0,B,RUNNING,1081.376,9,12,2,10,0.2,30.0,99.1,900.7675,0.0,0,0.0,0.0
1086.0,B,RUNNING,1082.376,9,12,2,10,0.2,30.0,99.1,899.7675,0.0,0,0.0,0.0
1087.0,B,RUNNING,1083.376,9,12,2,10,0.2,30.0,99.1,898.7675,0.0,0,0.0,0.0
1088.0,B,RUNNING,1084.376,9,12,2,10,0.2,30.0,99.1,897.7675,0.0,0,0.0,0.0
1089.0,B,RUNNING,1085.376,9,12,2,10,0.2,30.0,99.1,896.7675,0.0,0,0.0,0.0
1090.0,B,RUNNING,1086.376,9,12,2,10,0.2,30.0,99.1,895.7675,0.0,0,0.0,0.0
1091.0,B,RUNNING,1087.376,9,12,2,10,0.2,30.0,99.1,894.7675,0.0,0,0.0,0.0
1092.0,B,RUNNING,1088.376,9,12,2,10,0.2,30.0,99.1,893.7675,0.0,0,0.0,0.0
1093.0,B,RUNNING,1089.376,9,12,2,10,0.2,30.0,99.1,892.7675,0.0,0,0.0,0.0
1094.0,B,RUNNING,1090.376,9,12,2,10,0.2,30.0,99.1,891.7675,0.0,0,0.0,0.0
1095.0,B,RUNNING,1091.376,9,12,2,10,0.2,30.0,99.1,890.7675,0.0,0,0.0,0.0
1096.0,B,RUNNING,1092.376,9,12,2,10,0.2,30.0,99.1,889.7675,0.0,0,0.0,0.0
1097.0,B,RUNNING,1093.376,9,12,2,10,0.2,30.0,99.1,888.7675,0.0,0,0.0,0.0
1098.0,B,RUNNING,1094.376,9,12,2,10,0.2,30.0,99.1,887.7675,0.0,0,0.0,0.0
1099.0,B,RUNNING,1095.376,9,12,2,10,0.2,30.0,99.1,886.7675,0.0,0,0.0,0.0
1100.0,B,RUNNING,1096.376,9,12,2,10,0.2,30.0,99.1,885.7675,0.0,0,0.0,0.0
1101.0,B,RUNNING,1097.376,9,12,2,10,0.2,30.0,99.1,884.7675,0.0,0,0.0,0.0
1102.0,B,RUNNING,1098.376,9,12,2,10,0.2,30.0,99.1,883.7675,0.0,0,0.0,0.0
1103.0,B,RUNNING,1099.376,9,12,2,10,0.2,30.0,99.1,882.7675,0.0,0,0.0,0.0
1104.0,B,RUNNING,1100.376,9,12,2,10,0.2,30.0,99.1,881.7675,0.0,0,0.0,0.0
1105.0,B,RUNNING,1101.376,9,12,2,10,0.2,30.0,99.1,880.7675,0.0,0,0.0,0.0
1106.0,B,RUNNING,1102.376,9,12,2,10,0.2,30.0,99.1,879.7675,0.0,0,0.0,0.0
1107.0,B,RUNNING,1103.376,9,12,2,10,0.2,30.0,99.1,878.7675,0.0,0,0.0,0.0
1108.0,B,RUNNING,1104.376,9,12,2,10,0.2,30.0,99.1,877.7675,0.0,0,0.0,0.0
1109.0,B,RUNNING,1105.376,9,12,2,10,0.2,30.0,99.1,876.7675,0.0,0,0.0,0.0
1110.0,B,RUNNING,1106.376,9,12,2,10,0.2,30.0,99.1,875.7675,0.0,0,0.0,0.0
1111.0,B,RUNNING,1107.376,9,12,2,10,0.2,30.0,99.1,874.7675,0.0,0,0.0,0.0
1112.0,B,RUNNING,1108.376,9,12,2,10,0.2,30.0,99.1,873.7675,0.0,0,0.0,0.0
1113.0,B,RUNNING,1109.376,9,12,2,10,0.2,30.0,99.1,872.7675,0.0,0,0.0,0.0
1114.0,B,RUNNING,1110.376,9,12,2,10,0.2,30.0,99.1,871.7675,0.0,0,0.0,0.0
1115.0,B,RUNNING,1111.376,9,12,2,10,0.2,30.0,99.1,870.7675,0.0,0,0.0,0.0
1116.0,B,RUNNING,1112.376,9,12,2,10,0.2,30.0,99.1,869.7675,0.0,0,0.0,0.0
1117.0,B,RUNNING,1113.376,9,12,2,10,0.2,30.0,99.1,868.7675,0.0,0,0.0,0.0
1118.0,B,RUNNING,1114.376,9,12,2,10,0.2,30.0,99.1,867.7675,0.0,0,0.0,0.0
1119.0,B,RUNNING,1115.376,9,12,2,10,0.2,30.0,99.1,866.7675,0.0,0,0.0,0.0
1120.0,B,RUNNING,1116.376,9,12,2,10,0.2,30.0,99.1,865.7675,0.0,0,0.0,0.0
1121.0,B,RUNNING,1117.376,9,12,2,10,0.2,30.0,99.1,864.7675,0.0,0,0.0,0.0
1122.0,B,RUNNING,1118.376,9,12,2,10,0.2,30.0,99.1,863.7675,0.0,0,0.0,0.0
1123.0,B,RUNNING,1119.376,9,12,2,10,0.2,30.0,99.1,862.7675,0.0,0,0.0,0.0
1124.0,B,RUNNING,1120.376,9,12,2,10,0.2,30.0,99.1,861.7675,0.0,0,0.0,0.0
1125.0,B,RUNNING,1121.376,9,12,2,10,0.2,30.0,99.1,860.7675,0.0,0,0.0,0.0
1126.0,B,RUNNING,1122.376,9,12,2,10,0.2,30.0,99.1,859.7675,0.0,0,0.0,0.0
1127.0,B,RUNNING,1123.376,9,12,2,10,0.2,30.0,99.1,858.7675,0.0,0,0.0,0.0
1128.0,B,RUNNING,1124.376,9,12,2,10,0.2,30.0,99.1,857.7675,0.0,0,0.0,0.0
1129.0,B,RUNNING,1125.376,9,12,2,10,0.2,30.0,99.1,856.7675,0.0,0,0.0,0.0
1130.0,B,RUNNING,1126.38,9,12,2,10,0.2,30.0,99.1,855.7635,0.0,0,0.0,0.0
1131.0,B,RUNNING,1127.376,9,12,2,10,0.2,30.0,99.1,854.7675,0.0,0,0.0,0.0
1132.0,B,RUNNING,1128.376,9,12,2,10,0.2,30.0,99.1,853.7675,0.0,0,0.0,0.0
1133.0,B,RUNNING,1129.376,9,12,2,10,0.2,30.0,99.1,852.7675,0.0,0,0.0,0.0
1134.0,B,RUNNING,1130.376,9,12,2,10,0.2,30.0,99.1,851.7675,0.0,0,0.0,0.0
1135.0,B,RUNNING,1131.376,9,12,2,10,0.2,30.0,99.1,850.7675,0.0,0,0.0,0.0
1136.0,B,RUNNING,1132.376,9,12,2,10,0.2,30.0,99.1,849.7675,0.0,0,0.0,0.0
1137.0,B,RUNNING,1133.376,9,12,2,10,0.2,30.0,99.1,848.7675,0.0,0,0.0,0.0
1138.0,B,RUNNING,1134.376,9,12,2,10,0.2,30.0,99.1,847.7675,0.0,0,0.0,0.0
1139.0,B,RUNNING,1135.376,9,12,2,10,0.2,30.0,99.1,846.7675,0.0,0,0.0,0.0
1140.0,B,RUNNING,1136.376,9,12,2,10,0.2,30.0,99.1,845.7675,0.0,0,0.0,0.0
1141.0,B,RUNNING,1137.376,9,12,2,10,0.2,30.0,99.1,844.7675,0.0,0,0.0,0.0
1142.0,B,RUNNING,1138.376,9,12,2,10,0.2,30.0,99.1,843.7675,0.0,0,0.0,0.0
1143.0,B,RUNNING,1139.376,9,12,2,10,0.2,30.0,99.1,842.7675,0.0,0,0.0,0.0
1144.0,B,RUNNING,1140.376,9,12,2,10,0.2,30.0,99.1,841.7675,0.0,0,0.0,0.0
1145.0,B,RUNNING,1141.376,9,12,2,10,0.2,30.0,99.1,840.7675,0.0,0,0.0,0.0
1146.0,B,RUNNING,1142.376,10,12,3,10,0.3,30.0,99.0,857.2134,0.0,0,0.0,0.0
1147.0,B,RUNNING,1143.376,10,12,3,10,0.3,30.0,99.0,856.2134,0.0,0,0.0,0.0
1148.0,B,RUNNING,1144.376,10,12,3,10,0.3,30.0,99.0,855.2134,0.0,0,0.0,0.0
1149.0,B,RUNNING,1145.376,10,12,3,10,0.3,30.0,99.0,854.2134,0.0,0,0.0,0.0
1150.0,B,RUNNING,1146.38,10,12,3,10,0.3,30.0,99.0,853.2094,0.0,0,0.0,0.0
1151.0,B,RUNNING,1147.376,10,12,3,10,0.3,30.0,99.0,852.2134,0.0,0,0.0,0.0
1152.0,B,RUNNING,1148.376,10,12,3,10,0.3,30.0,99.0,851.2134,0.0,0,0.0,0.0
1153.0,B,RUNNING,1149.376,10,12,3,10,0.3,30.0,99.0,850.2134,0.0,0,0.0,0.0
1154.0,B,RUNNING,1150.376,10,12,3,10,0.3,30.0,99.0,849.2134,0.0,0,0.0,0.0
1155.0,B,RUNNING,1151.376,10,12,3,10,0.3,30.0,99.0,848.2134,0.0,0,0.0,0.0
1156.0,B,RUNNING,1152.376,10,12,3,10,0.3,30.0,99.0,847.2134,0.0,0,0.0,0.0
1157.0,B,RUNNING,1153.376,10,12,3,10,0.3,30.0,99.0,846.2134,0.0,0,0.0,0.0
1158.0,B,RUNNING,1154.376,10,12,3,10,0.3,30.0,99.0,845.2134,0.0,0,0.0,0.0
1159.0,B,RUNNING,1155.376,10,12,3,10,0.3,30.0,99.0,844.2134,0.0,0,0.0,0.0
1160.0,B,RUNNING,1156.376,10,12,3,10,0.3,30.0,99.0,843.2134,0.0,0,0.0,0.0
1161.0,B,RUNNING,1157.376,10,12,3,10,0.3,30.0,99.0,842.2134,0.0,0,0.0,0.0
1162.0,B,RUNNING,1158.376,10,12,3,10,0.3,30.0,99.0,841.2134,0.0,0,0.0,0.0
1163.0,B,RUNNING,1159.376,10,12,3,10,0.3,30.0,99.0,840.2134,0.0,0,0.0,0.0
1164.0,B,RUNNING,1160.376,10,12,3,10,0.3,30.0,99.0,839.2134,0.0,0,0.0,0.0
1165.0,B,RUNNING,1161.376,10,12,3,10,0.3,30.0,99.0,838.2134,0.0,0,0.0,0.0
1166.0,B,RUNNING,1162.376,10,12,3,10,0.3,30.0,99.0,837.2134,0.0,0,0.0,0.0
1167.0,B,RUNNING,1163.376,10,12,3,10,0.3,30.0,99.0,836.2134,0.0,0,0.0,0.0
1168.0,B,RUNNING,1164.376,10,12,3,10,0.3,30.0,99.0,835.2134,0.0,0,0.0,0.0
1169.0,B,RUNNING,1165.376,10,12,3,10,0.3,30.0,99.0,834.2134,0.0,0,0.0,0.0
1170.0,B,RUNNING,1166.376,10,12,3,10,0.3,30.0,99.0,833.2134,0.0,0,0.0,0.0
1171.0,B,RUNNING,1167.376,10,12,3,10,0.3,30.0,99.0,832.2134,0.0,0,0.0,0.0
1172.0,B,RUNNING,1168.376,10,12,3,10,0.3,30.0,99.0,831.2134,0.0,0,0.0,0.0
1173.0,B,RUNNING,1169.376,10,12,3,10,0.3,30.0,99.0,830.2134,0.0,0,0.0,0.0
1174.0,B,RUNNING,1170.376,10,12,3,10,0.3,30.0,99.0,829.2134,0.0,0,0.0,0.0
1175.0,B,RUNNING,1171.376,10,12,3,10,0.3,30.0,99.0,828.2134,0.0,0,0.0,0.0
1176.0,B,RUNNING,1172.376,10,12,3,10,0.3,30.0,99.0,827.2134,0.0,0,0.0,0.0
1177.0,B,RUNNING,1173.376,10,12,3,10,0.3,30.0,99.0,826.2134,0.0,0,0.0,0.0
1178.0,B,RUNNING,1174.376,10,12,3,10,0.3,30.0,99.0,825.2134,0.0,0,0.0,0.0
1179.0,B,RUNNING,1175.376,10,12,3,10,0.3,30.0,99.0,824.2134,0.0,0,0.0,0.0
1180.0,B,RUNNING,1176.376,10,12,3,10,0.3,30.0,99.0,823.2134,0.0,0,0.0,0.0
1181.0,B,RUNNING,1177.376,10,12,3,10,0.3,30.0,99.0,822.2134,0.0,0,0.0,0.0
1182.0,B,RUNNING,1178.376,10,12,3,10,0.3,30.0,99.0,821.2134,0.0,0,0.0,0.0
1183.0,B,RUNNING,1179.376,10,12,3,10,0.3,30.0,99.0,820.2134,0.0,0,0.0,0.0
1184.0,B,RUNNING,1180.376,10,12,3,10,0.3,30.0,99.0,819.2134,0.0,0,0.0,0.0
1185.0,B,RUNNING,1181.376,10,12,3,10,0.3,30.0,99.0,818.2134,0.0,0,0.0,0.0
1186.0,B,RUNNING,1182.376,10,12,3,10,0.3,30.0,99.0,817.2134,0.0,0,0.0,0.0
1187.0,B,RUNNING,1183.376,10,12,3,10,0.3,30.0,99.0,816.2134,0.0,0,0.0,0.0
1188.0,B,RUNNING,1184.376,10,12,3,10,0.3,30.0,99.0,815.2134,0.0,0,0.0,0.0
1189.0,B,RUNNING,1185.376,10,12,3,10,0.3,30.0,99.0,814.2134,0.0,0,0.0,0.0
1190.0,B,RUNNING,1186.376,10,12,3,10,0.3,30.0,99.0,813.2134,0.0,0,0.0,0.0
1191.0,B,RUNNING,1187.376,10,12,3,10,0.3,30.0,99.0,812.2134,0.0,0,0.0,0.0
1192.0,B,RUNNING,1188.376,10,12,3,10,0.3,30.0,99.0,811.2134,0.0,0,0.0,0.0
1193.0,B,RUNNING,1189.376,10,12,3,10,0.3,30.0,99.0,810.2134,0.0,0,0.0,0.0
1194.0,B,RUNNING,1190.376,10,12,3,10,0.3,30.0,99.0,809.2134,0.0,0,0.0,0.0
1195.0,B,RUNNING,1191.376,10,12,3,10,0.3,30.0,99.0,808.2134,0.0,0,0.0,0.0
1196.0,B,RUNNING,1192.376,10,12,3,10,0.3,30.0,99.0,807.2134,0.0,0,0.0,0.0
1197.0,B,RUNNING,1193.376,10,12,3,10,0.3,30.0,99.0,806.2134,0.0,0,0.0,0.0
1198.0,B,RUNNING,1194.376,10,12,3,10,0.3,30.0,99.0,805.2134,0.0,0,0.0,0.0
1199.0,B,RUNNING,1195.376,10,12,3,10,0.3,30.0,99.0,804.2134,0.0,0,0.0,0.0
1200.0,B,RUNNING,1196.376,10,12,3,10,0.3,30.0,99.0,803.2134,0.0,0,0.0,0.0
1201.0,B,RUNNING,1197.376,10,12,3,10,0.3,30.0,99.0,802.2134,0.0,0,0.0,0.0
1202.0,B,RUNNING,1198.376,10,12,3,10,0.3,30.0,99.0,801.2134,0.0,0,0.0,0.0
1203.0,B,RUNNING,1199.376,10,12,3,10,0.3,30.0,99.0,800.2134,0.0,0,0.0,0.0
1204.0,B,RUNNING,1200.376,10,12,3,10,0.3,30.0,99.0,799.2134,0.0,0,0.0,0.0
1205.0,B,RUNNING,1201.376,10,12,3,10,0.3,30.0,99.0,798.2134,0.0,0,0.0,0.0
1206.0,B,RUNNING,1202.376,10,12,3,10,0.3,30.0,99.0,797.2134,0.0,0,0.0,0.0
1207.0,B,RUNNING,1203.376,10,12,3,10,0.3,30.0,99.0,796.2134,0.0,0,0.0,0.0
1208.0,B,RUNNING,1204.376,10,12,3,10,0.3,30.0,99.0,795.2134,0.0,0,0.0,0.0
1209.0,B,RUNNING,1205.376,10,12,3,10,0.3,30.0,99.0,794.2134,0.0,0,0.0,0.0
1210.0,B,RUNNING,1206.376,10,12,3,10,0.3,30.0,99.0,793.2134,0.0,0,0.0,0.0
1211.0,B,RUNNING,1207.376,10,12,3,10,0.3,30.0,99.0,792.2134,0.0,0,0.0,0.0
1212.0,B,RUNNING,1208.376,10,12,3,10,0.3,30.0,99.0,791.2134,0.0,0,0.0,0.0
1213.0,B,RUNNING,1209.376,10,12,3,10,0.3,30.0,99.0,790.2134,0.0,0,0.0,0.0
1214.0,B,RUNNING,1210.376,10,12,3,10,0.3,30.0,99.0,789.2134,0.0,0,0.0,0.0
1215.0,B,RUNNING,1211.376,10,12,3,10,0.3,30.0,99.0,788.2134,0.0,0,0.0,0.0
1216.0,B,RUNNING,1212.376,10,12,3,10,0.3,30.0,99.0,787.2134,0.0,0,0.0,0.0
1217.0,B,RUNNING,1213.376,10,12,3,10,0.3,30.0,99.0,786.2134,0.0,0,0.0,0.0
1218.0,B,RUNNING,1214.376,10,12,3,10,0.3,30.0,99.0,785.2134,0.0,0,0.0,0.0
1219.0,B,RUNNING,1215.376,10,12,3,10,0.3,30.0,99.0,784.2134,0.0,0,0.0,0.0
1220.0,B,RUNNING,1216.376,10,12,3,10,0.3,30.0,99.0,783.2134,0.0,0,0.0,0.0
1221.0,B,RUNNING,1217.376,10,12,3,10,0.3,30.0,99.0,782.2134,0.0,0,0.0,0.0
1222.0,B,RUNNING,1218.376,10,12,3,10,0.3,30.0,99.0,781.2134,0.0,0,0.0,0.0
1223.0,B,RUNNING,1219.376,10,12,3,10,0.3,30.0,99.0,780.2134,0.0,0,0.0,0.0
1224.0,B,RUNNING,1220.376,10,12,3,10,0.3,30.0,99.0,779.2134,0.0,0,0.0,0.0
1225.0,B,RUNNING,1221.376,10,12,3,10,0.3,30.0,99.0,778.2134,0.0,0,0.0,0.0
1226.0,B,RUNNING,1222.376,10,12,3,10,0.3,30.0,99.0,777.2134,0.0,0,0.0,0.0
1227.0,B,RUNNING,1223.376,10,12,3,10,0.3,30.0,99.0,776.2134,0.0,0,0.0,0.0
1228.0,B,RUNNING,1224.376,10,12,3,10,0.3,30.0,99.0,775.2134,0.0,0,0.0,0.0
1229.0,B,RUNNING,1225.376,10,12,3,10,0.3,30.0,99.0,774.2134,0.0,0,0.0,0.0
1230.0,B,RUNNING,1226.376,10,12,3,10,0.3,30.0,99.0,773.2134,0.0,0,0.0,0.0
1231.0,B,RUNNING,1227.376,10,12,3,10,0.3,30.0,99.0,772.2134,0.0,0,0.0,0.0
1232.0,B,RUNNING,1228.376,10,12,3,10,0.3,30.0,99.0,771.2134,0.0,0,0.0,0.0
1233.0,B,RUNNING,1229.376,10,12,3,10,0.3,30.0,99.0,770.2134,0.0,0,0.0,0.0
1234.0,B,RUNNING,1230.376,10,12,3,10,0.3,30.0,99.0,769.2134,0.0,0,0.0,0.0
1235.0,B,RUNNING,1231.376,10,12,3,10,0.3,30.0,99.0,768.2134,0.0,0,0.0,0.0
1236.0,B,RUNNING,1232.376,10,12,3,10,0.3,30.0,99.0,767.2134,0.0,0,0.0,0.0
1237.0,B,RUNNING,1233.376,10,12,3,10,0.3,30.0,99.0,766.2134,0.0,0,0.0,0.0
1238.0,B,RUNNING,1234.376,10,12,3,10,0.3,30.0,99.0,765.2134,0.0,0,0.0,0.0
1239.0,B,RUNNING,1235.376,10,12,3,10,0.3,30.0,99.0,764.2134,0.0,0,0.0,0.0
1240.0,B,RUNNING,1236.376,10,12,3,10,0.3,30.0,99.0,763.2134,0.0,0,0.0,0.0
1241.0,B,RUNNING,1237.376,10,12,3,10,0.3,30.0,99.0,762.2134,0.0,0,0.0,0.0
1242.0,B,RUNNING,1238.376,10,12,3,10,0.3,30.0,99.0,761.2134,0.0,0,0.0,0.0
1243.0,B,RUNNING,1239.376,10,12,3,10,0.3,30.0,99.0,760.2134,0.0,0,0.0,0.0
1244.0,B,RUNNING,1240.376,10,12,3,10,0.3,30.0,99.0,759.2134,0.0,0,0.0,0.0
1245.0,B,RUNNING,1241.376,10,12,3,10,0.3,30.0,99.0,758.2134,0.0,0,0.0,0.0
1246.0,B,RUNNING,1242.376,10,12,3,10,0.3,30.0,99.0,757.2134,0.0,0,0.0,0.0
1247.0,B,RUNNING,1243.376,10,12,3,10,0.3,30.0,99.0,756.2134,0.0,0,0.0,0.0
1248.0,B,RUNNING,1244.376,10,12,3,10,0.3,30.0,99.0,755.2134,0.0,0,0.0,0.0
1249.0,B,RUNNING,1245.376,10,12,3,10,0.3,30.0,99.0,754.2134,0.0,0,0.0,0.0
1250.0,B,RUNNING,1246.376,10,12,3,10,0.3,30.0,99.0,753.2134,0.0,0,0.0,0.0
1251.0,B,RUNNING,1247.376,10,12,3,10,0.3,30.0,99.0,752.2134,0.0,0,0.0,0.0
1252.0,B,RUNNING,1248.376,10,12,3,10,0.3,30.0,99.0,751.2134,0.0,0,0.0,0.0
1253.0,B,RUNNING,1249.376,10,12,3,10,0.3,30.0,99.0,750.2134,0.0,0,0.0,0.0
1254.0,B,RUNNING,1250.376,10,12,3,10,0.3,30.0,99.0,749.2134,0.0,0,0.0,0.0
1255.0,B,RUNNING,1251.376,10,12,3,10,0.3,30.0,99.0,748.2134,0.0,0,0.0,0.0
1256.0,B,RUNNING,1252.376,10,12,3,10,0.3,30.0,99.0,747.2134,0.0,0,0.0,0.0
1257.0,B,RUNNING,1253.376,10,12,3,10,0.3,30.0,99.0,746.2134,0.0,0,0.0,0.0
1258.0,B,RUNNING,1254.376,10,12,3,10,0.3,30.0,99.0,745.2134,0.0,0,0.0,0.0
1259.0,B,RUNNING,1255.376,10,12,3,10,0.3,30.0,99.0,744.2134,0.0,0,0.0,0.0
1260.0,B,RUNNING,1256.376,10,12,3,10,0.3,30.0,99.0,743.2134,0.0,0,0.0,0.0
1261.0,B,RUNNING,1257.376,10,12,3,10,0.3,30.0,99.0,742.2134,0.0,0,0.0,0.0
1262.0,B,RUNNING,1258.376,10,12,3,10,0.3,30.0,99.0,741.2134,0.0,0,0.0,0.0
1263.0,B,RUNNING,1259.376,10,12,3,10,0.3,30.0,99.0,740.2134,0.0,0,0.0,0.0
1264.0,B,RUNNING,1260.376,10,12,3,10,0.3,30.0,99.0,739.2134,0.0,0,0.0,0.0
1265.0,B,RUNNING,1261.376,10,12,3,10,0.3,30.0,99.0,738.2134,0.0,0,0.0,0.0
1266.0,B,RUNNING,1262.376,10,12,3,10,0.3,30.0,99.0,737.2134,0.0,0,0.0,0.0
1267.0,B,RUNNING,1263.376,10,12,3,10,0.3,30.0,99.0,736.2134,0.0,0,0.0,0.0
1268.0,B,RUNNING,1264.376,10,12,3,10,0.3,30.0,99.0,735.2134,0.0,0,0.0,0.0
1269.0,B,RUNNING,1265.376,10,12,3,10,0.3,30.0,99.0,734.2134,0.0,0,0.0,0.0
1270.0,B,RUNNING,1266.376,10,12,3,10,0.3,30.0,99.0,733.2134,0.0,0,0.0,0.0
1271.0,B,RUNNING,1267.376,10,12,3,10,0.3,30.0,99.0,732.2134,0.0,0,0.0,0.0
1272.0,B,RUNNING,1268.376,10,12,3,10,0.3,30.0,99.0,731.2134,0.0,0,0.0,0.0
1273.0,B,RUNNING,1269.376,10,12,3,10,0.3,30.0,99.0,730.2134,0.0,0,0.0,0.0
1274.0,B,RUNNING,1270.376,10,12,3,10,0.3,30.0,99.0,729.2134,0.0,0,0.0,0.0
1275.0,B,RUNNING,1271.376,10,12,3,10,0.3,30.0,99.0,728.2134,0.0,0,0.0,0.0
1276.0,B,RUNNING,1272.376,10,12,3,10,0.3,30.0,99.0,727.2134,0.0,0,0.0,0.0
1277.0,B,RUNNING,1273.376,10,12,3,10,0.3,30.0,99.0,726.2134,0.0,0,0.0,0.0
1278.0,B,RUNNING,1274.376,10,12,3,10,0.3,30.0,99.0,725.2134,0.0,0,0.0,0.0
1279.0,B,RUNNING,1275.376,10,12,3,10,0.3,30.0,99.0,724.2134,0.0,0,0.0,0.0
1280.0,B,RUNNING,1276.376,10,12,3,10,0.3,30.0,99.0,723.2134,0.0,0,0.0,0.0
1281.0,B,RUNNING,1277.376,10,12,3,10,0.3,30.0,99.0,722.2134,0.0,0,0.0,0.0
1282.0,B,RUNNING,1278.376,10,12,3,10,0.3,30.0,99.0,721.2134,0.0,0,0.0,0.0
1283.0,B,RUNNING,1279.376,10,12,3,10,0.3,30.0,99.0,720.2134,0.0,0,0.0,0.0
1284.0,B,RUNNING,1280.376,11,12,4,10,0.4,30.0,98.9,737.9188,0.0,0,0.0,0.0
1285.0,B,RUNNING,1281.376,11,12,4,10,0.4,30.0,98.9,736.9188,0.0,0,0.0,0.0
1286.0,B,RUNNING,1282.376,11,12,4,10,0.4,30.0,98.9,735.9188,0.0,0,0.0,0.0
1287.0,B,RUNNING,1283.376,11,12,4,10,0.4,30.0,98.9,734.9188,0.0,0,0.0,0.0
1288.0,B,RUNNING,1284.376,11,12,4,10,0.4,30.0,98.9,733.9188,0.0,0,0.0,0.0
1289.0,B,RUNNING,1285.376,11,12,4,10,0.4,30.0,98.9,732.9188,0.0,0,0.0,0.0
1290.0,B,RUNNING,1286.376,11,12,4,10,0.4,30.0,98.9,731.9188,0.0,0,0.0,0.0
1291.0,B,RUNNING,1287.376,11,12,4,10,0.4,30.0,98.9,730.9188,0.0,0,0.0,0.0
1292.0,B,RUNNING,1288.376,11,12,4,10,0.4,30.0,98.9,729.9188,0.0,0,0.0,0.0
1293.0,B,RUNNING,1289.376,11,12,4,10,0.4,30.0,98.9,728.9188,0.0,0,0.0,0.0
1294.0,B,RUNNING,1290.376,11,12,4,10,0.4,30.0,98.9,727.9188,0.0,0,0.0,0.0
1295.0,B,RUNNING,1291.376,11,12,4,10,0.4,30.0,98.9,726.9188,0.0,0,0.0,0.0
1296.0,B,RUNNING,1292.376,11,12,4,10,0.4,30.0,98.9,725.9188,0.0,0,0.0,0.0
1297.0,B,RUNNING,1293.376,11,12,4,10,0.4,30.0,98.9,724.9188,0.0,0,0.0,0.0
1298.0,B,RUNNING,1294.376,11,12,4,10,0.4,30.0,98.9,723.9188,0.0,0,0.0,0.0
1299.0,B,RUNNING,1295.376,11,12,4,10,0.4,30.0,98.9,722.9188,0.0,0,0.0,0.0
1300.0,B,RUNNING,1296.376,11,12,4,10,0.4,30.0,98.9,721.9188,0.0,0,0.0,0.0
1301.0,B,RUNNING,1297.376,11,12,4,10,0.4,30.0,98.9,720.9188,0.0,0,0.0,0.0
1302.0,B,RUNNING,1298.376,11,12,4,10,0.4,30.0,98.9,719.9188,0.0,0,0.0,0.0
1303.0,B,RUNNING,1299.376,11,12,4,10,0.4,30.0,98.9,718.9188,0.0,0,0.0,0.0
1304.0,B,RUNNING,1300.376,11,12,4,10,0.4,30.0,98.9,717.9188,0.0,0,0.0,0.0
1305.0,B,RUNNING,1301.376,11,12,4,10,0.4,30.0,98.9,716.9188,0.0,0,0.0,0.0
1306.0,B,RUNNING,1302.376,11,12,4,10,0.4,30.0,98.9,715.9188,0.0,0,0.0,0.0
1307.0,B,RUNNING,1303.376,11,12,4,10,0.4,30.0,98.9,714.9188,0.0,0,0.0,0.0
1308.0,B,RUNNING,1304.376,11,12,4,10,0.4,30.0,98.9,713.9188,0.0,0,0.0,0.0
1309.0,B,RUNNING,1305.376,11,12,4,10,0.4,30.0,98.9,712.9188,0.0,0,0.0,0.0
1310.0,B,RUNNING,1306.376,11,12,4,10,0.4,30.0,98.9,711.9188,0.0,0,0.0,0.0
1311.0,B,RUNNING,1307.376,11,12,4,10,0.4,30.0,98.9,710.9188,0.0,0,0.0,0.0
1312.0,B,RUNNING,1308.376,11,12,4,10,0.4,30.0,98.9,709.9188,0.0,0,0.0,0.0
1313.0,B,RUNNING,1309.376,11,12,4,10,0.4,30.0,98.9,708.9188,0.0,0,0.0,0.0
1314.0,B,RUNNING,1310.376,11,12,4,10,0.4,30.0,98.9,707.9188,0.0,0,0.0,0.0
1315.0,B,RUNNING,1311.376,11,12,4,10,0.4,30.0,98.9,706.9188,0.0,0,0.0,0.0
1316.0,B,RUNNING,1312.376,11,12,4,10,0.4,30.0,98.9,705.9188,0.0,0,0.0,0.0
1317.0,B,RUNNING,1313.376,11,12,4,10,0.4,30.0,98.9,704.9188,0.0,0,0.0,0.0
1318.0,B,RUNNING,1314.376,11,12,4,10,0.4,30.0,98.9,703.9188,0.0,0,0.0,0.0
1319.0,B,RUNNING,1315.376,11,12,4,10,0.4,30.0,98.9,702.9188,0.0,0,0.0,0.0
1320.0,B,RUNNING,1316.376,11,12,4,10,0.4,30.0,98.9,701.9188,0.0,0,0.0,0.0
1321.0,B,RUNNING,1317.376,11,12,4,10,0.4,30.0,98.9,700.9188,0.0,0,0.0,0.0
1322.0,B,RUNNING,1318.376,11,12,4,10,0.4,30.0,98.9,699.9188,0.0,0,0.0,0.0
1323.0,B,RUNNING,1319.376,11,12,4,10,0.4,30.0,98.9,698.9188,0.0,0,0.0,0.0
1324.0,B,RUNNING,1320.376,11,12,4,10,0.4,30.0,98.9,697.9188,0.0,0,0.0,0.0
1325.0,B,RUNNING,1321.376,11,12,4,10,0.4,30.0,98.9,696.9188,0.0,0,0.0,0.0
1326.0,B,RUNNING,1322.376,11,12,4,10,0.4,30.0,98.9,695.9188,0.0,0,0.0,0.0
1327.0,B,RUNNING,1323.376,11,12,4,10,0.4,30.0,98.9,694.9188,0.0,0,0.0,0.0
1328.0,B,RUNNING,1324.376,11,12,4,10,0.4,30.0,98.9,693.9188,0.0,0,0.0,0.0
1329.0,B,RUNNING,1325.376,11,12,4,10,0.4,30.0,98.9,692.9188,0.0,0,0.0,0.0
1330.0,B,RUNNING,1326.376,11,12,4,10,0.4,30.0,98.9,691.9188,0.0,0,0.0,0.0
1331.0,B,RUNNING,1327.376,11,12,4,10,0.4,30.0,98.9,690.9188,0.0,0,0.0,0.0
1332.0,B,RUNNING,1328.376,11,12,4,10,0.4,30.0,98.9,689.9188,0.0,0,0.0,0.0
1333.0,B,RUNNING,1329.376,11,12,4,10,0.4,30.0,98.9,688.9188,0.0,0,0.0,0.0
1334.0,B,RUNNING,1330.376,11,12,4,10,0.4,30.0,98.9,687.9188,0.0,0,0.0,0.0
1335.0,B,RUNNING,1331.376,11,12,4,10,0.4,30.0,98.9,686.9188,0.0,0,0.0,0.0
1336.0,B,RUNNING,1332.376,11,12,4,10,0.4,30.0,98.9,685.9188,0.0,0,0.0,0.0
1337.0,B,RUNNING,1333.376,11,12,4,10,0.4,30.0,98.9,684.9188,0.0,0,0.0,0.0
1338.0,B,RUNNING,1334.376,11,12,4,10,0.4,30.0,98.9,683.9188,0.0,0,0.0,0.0
1339.0,B,RUNNING,1335.376,11,12,4,10,0.4,30.0,98.9,682.9188,0.0,0,0.0,0.0
1340.0,B,RUNNING,1336.376,11,12,4,10,0.4,30.0,98.9,681.9188,0.0,0,0.0,0.0
1341.0,B,RUNNING,1337.376,11,12,4,10,0.4,30.0,98.9,680.9188,0.0,0,0.0,0.0
1342.0,B,RUNNING,1338.376,11,12,4,10,0.4,30.0,98.9,679.9188,0.0,0,0.0,0.0
1343.0,B,RUNNING,1339.376,11,12,4,10,0.4,30.0,98.9,678.9188,0.0,0,0.0,0.0
1344.0,B,RUNNING,1340.376,11,12,4,10,0.4,30.0,98.9,677.9188,0.0,0,0.0,0.0
1345.0,B,RUNNING,1341.376,11,12,4,10,0.4,30.0,98.9,676.9188,0.0,0,0.0,0.0
1346.0,B,RUNNING,1342.376,11,12,4,10,0.4,30.0,98.9,675.9188,0.0,0,0.0,0.0
1347.0,B,RUNNING,1343.376,11,12,4,10,0.4,30.0,98.9,674.9188,0.0,0,0.0,0.0
1348.0,B,RUNNING,1344.376,11,12,4,10,0.4,30.0,98.9,673.9188,0.0,0,0.0,0.0
1349.0,B,RUNNING,1345.38,11,12,4,10,0.4,30.0,98.9,672.9148,0.0,0,0.0,0.0
1350.0,B,RUNNING,1346.376,11,12,4,10,0.4,30.0,98.9,671.9188,0.0,0,0.0,0.0
1351.0,B,RUNNING,1347.376,11,12,4,10,0.4,30.0,98.9,670.9188,0.0,0,0.0,0.0
1352.0,B,RUNNING,1348.376,11,12,4,10,0.4,30.0,98.9,669.9188,0.0,0,0.0,0.0
1353.0,B,RUNNING,1349.376,11,12,4,10,0.4,30.0,98.9,668.9188,0.0,0,0.0,0.0
1354.0,B,RUNNING,1350.376,11,12,4,10,0.4,30.0,98.9,667.9188,0.0,0,0.0,0.0
1355.0,B,RUNNING,1351.376,11,12,4,10,0.4,30.0,98.9,666.9188,0.0,0,0.0,0.0
1356.0,B,RUNNING,1352.376,11,12,4,10,0.4,30.0,98.9,665.9188,0.0,0,0.0,0.0
1357.0,B,RUNNING,1353.376,11,12,4,10,0.4,30.0,98.9,664.9188,0.0,0,0.0,0.0
1358.0,B,RUNNING,1354.376,11,12,4,10,0.4,30.0,98.9,663.9188,0.0,0,0.0,0.0
1359.0,B,RUNNING,1355.376,11,12,4,10,0.4,30.0,98.9,662.9188,0.0,0,0.0,0.0
1360.0,B,RUNNING,1356.376,11,12,4,10,0.4,30.0,98.9,661.9188,0.0,0,0.0,0.0
1361.0,B,RUNNING,1357.376,11,12,4,10,0.4,30.0,98.9,660.9188,0.0,0,0.0,0.0
1362.0,B,RUNNING,1358.376,11,12,4,10,0.4,30.0,98.9,659.9188,0.0,0,0.0,0.0
1363.0,B,RUNNING,1359.376,11,12,4,10,0.4,30.0,98.9,658.9188,0.0,0,0.0,0.0
1364.0,B,RUNNING,1360.376,11,12,4,10,0.4,30.0,98.9,657.9188,0.0,0,0.0,0.0
1365.0,B,RUNNING,1361.376,11,12,4,10,0.4,30.0,98.9,656.9188,0.0,0,0.0,0.0
1366.0,B,RUNNING,1362.376,11,12,4,10,0.4,30.0,98.9,655.9188,0.0,0,0.0,0.0
1367.0,B,RUNNING,1363.376,11,12,4,10,0.4,30.0,98.9,654.9188,0.0,0,0.0,0.0
1368.0,B,RUNNING,1364.376,11,12,4,10,0.4,30.0,98.9,653.9188,0.0,0,0.0,0.0
1369.0,B,RUNNING,1365.376,11,12,4,10,0.4,30.0,98.9,652.9188,0.0,0,0.0,0.0
1370.0,B,RUNNING,1366.376,11,12,4,10,0.4,30.0,98.9,651.9188,0.0,0,0.0,0.0
1371.0,B,RUNNING,1367.376,11,12,4,10,0.4,30.0,98.9,650.9188,0.0,0,0.0,0.0
1372.0,B,RUNNING,1368.376,11,12,4,10,0.4,30.0,98.9,649.9188,0.0,0,0.0,0.0
1373.0,B,RUNNING,1369.376,11,12,4,10,0.4,30.0,98.9,648.9188,0.0,0,0.0,0.0
1374.0,B,RUNNING,1370.376,11,12,4,10,0.4,30.0,98.9,647.9188,0.0,0,0.0,0.0
1375.0,B,RUNNING,1371.376,11,12,4,10,0.4,30.0,98.9,646.9188,0.0,0,0.0,0.0
1376.0,B,RUNNING,1372.376,11,12,4,10,0.4,30.0,98.9,645.9188,0.0,0,0.0,0.0
1377.0,B,RUNNING,1373.376,11,12,4,10,0.4,30.0,98.9,644.9188,0.0,0,0.0,0.0
1378.0,B,RUNNING,1374.376,11,12,4,10,0.4,30.0,98.9,643.9188,0.0,0,0.0,0.0
1379.0,B,RUNNING,1375.376,11,12,4,10,0.4,30.0,98.9,642.9188,0.0,0,0.0,0.0
1380.0,B,RUNNING,1376.376,11,12,4,10,0.4,30.0,98.9,641.9188,0.0,0,0.0,0.0
1381.0,B,RUNNING,1377.376,11,12,4,10,0.4,30.0,98.9,640.9188,0.0,0,0.0,0.0
1382.0,B,RUNNING,1378.376,11,12,4,10,0.4,30.0,98.9,639.9188,0.0,0,0.0,0.0
1383.0,B,RUNNING,1379.376,11,12,4,10,0.4,30.0,98.9,638.9188,0.0,0,0.0,0.0
1384.0,B,RUNNING,1380.376,11,12,4,10,0.4,30.0,98.9,637.9188,0.0,0,0.0,0.0
1385.0,B,RUNNING,1381.376,11,12,4,10,0.4,30.0,98.9,636.9188,0.0,0,0.0,0.0
1386.0,B,RUNNING,1382.376,11,12,4,10,0.4,30.0,98.9,635.9188,0.0,0,0.0,0.0
1387.0,B,RUNNING,1383.376,11,12,4,10,0.4,30.0,98.9,634.9188,0.0,0,0.0,0.0
1388.0,B,RUNNING,1384.376,11,12,4,10,0.4,30.0,98.9,633.9188,0.0,0,0.0,0.0
1389.0,B,RUNNING,1385.376,11,12,4,10,0.4,30.0,98.9,632.9188,0.0,0,0.0,0.0
1390.0,B,RUNNING,1386.376,11,12,4,10,0.4,30.0,98.9,631.9188,0.0,0,0.0,0.0
1391.0,B,RUNNING,1387.376,11,12,4,10,0.4,30.0,98.9,630.9188,0.0,0,0.0,0.0
1392.0,B,RUNNING,1388.376,11,12,4,10,0.4,30.0,98.9,629.9188,0.0,0,0.0,0.0
1393.0,B,RUNNING,1389.376,11,12,4,10,0.4,30.0,98.9,628.9188,0.0,0,0.0,0.0
1394.0,B,RUNNING,1390.376,11,12,4,10,0.4,30.0,98.9,627.9188,0.0,0,0.0,0.0
1395.0,B,RUNNING,1391.376,11,12,4,10,0.4,30.0,98.9,626.9188,0.0,0,0.0,0.0
1396.0,B,RUNNING,1392.376,11,12,4,10,0.4,30.0,98.9,625.9188,0.0,0,0.0,0.0
1397.0,B,RUNNING,1393.376,11,12,4,10,0.4,30.0,98.9,624.9188,0.0,0,0.0,0.0
1398.0,B,RUNNING,1394.376,11,12,4,10,0.4,30.0,98.9,623.9188,0.0,0,0.0,0.0
1399.0,B,RUNNING,1395.376,11,12,4,10,0.4,30.0,98.9,622.9188,0.0,0,0.0,0.0
1400.0,B,RUNNING,1396.376,11,12,4,10,0.4,30.0,98.9,621.9188,0.0,0,0.0,0.0
1401.0,B,RUNNING,1397.376,11,12,4,10,0.4,30.0,98.9,620.9188,0.0,0,0.0,0.0
1402.0,B,RUNNING,1398.376,11,12,4,10,0.4,30.0,98.9,619.9188,0.0,0,0.0,0.0
1403.0,B,RUNNING,1399.376,11,12,4,10,0.4,30.0,98.9,618.9188,0.0,0,0.0,0.0
1404.0,B,RUNNING,1400.376,11,12,4,10,0.4,30.0,98.9,617.9188,0.0,0,0.0,0.0
1405.0,B,RUNNING,1401.376,11,12,4,10,0.4,30.0,98.9,616.9188,0.0,0,0.0,0.0
1406.0,B,RUNNING,1402.376,11,12,4,10,0.4,30.0,98.9,615.9188,0.0,0,0.0,0.0
1407.0,B,RUNNING,1403.376,11,12,4,10,0.4,30.0,98.9,614.9188,0.0,0,0.0,0.0
1408.0,B,RUNNING,1404.376,11,12,4,10,0.4,30.0,98.9,613.9188,0.0,0,0.0,0.0
1409.0,B,RUNNING,1405.376,11,12,4,10,0.4,30.0,98.9,612.9188,0.0,0,0.0,0.0
1410.0,B,RUNNING,1406.376,11,12,4,10,0.4,30.0,98.9,611.9188,0.0,0,0.0,0.0
1411.0,B,RUNNING,1407.376,11,12,4,10,0.4,30.0,98.9,610.9188,0.0,0,0.0,0.0
1412.0,B,RUNNING,1408.376,11,12,4,10,0.4,30.0,98.9,609.9188,0.0,0,0.0,0.0
1413.0,B,RUNNING,1409.376,11,12,4,10,0.4,30.0,98.9,608.9188,0.0,0,0.0,0.0
1414.0,B,RUNNING,1410.376,11,12,4,10,0.4,30.0,98.9,607.9188,0.0,0,0.0,0.0
1415.0,B,RUNNING,1411.376,11,12,4,10,0.4,30.0,98.9,606.9188,0.0,0,0.0,0.0
1416.0,B,RUNNING,1412.376,11,12,4,10,0.4,30.0,98.9,605.9188,0.0,0,0.0,0.0
1417.0,B,RUNNING,1413.376,11,12,4,10,0.4,30.0,98.9,604.9188,0.0,0,0.0,0.0
1418.0,B,RUNNING,1414.376,11,12,4,10,0.4,30.0,98.9,603.9188,0.0,0,0.0,0.0
1419.0,B,RUNNING,1415.376,11,12,4,10,0.4,30.0,98.9,602.9188,0.0,0,0.0,0.0
1420.0,B,RUNNING,1416.376,11,12,4,10,0.4,30.0,98.9,601.9188,0.0,0,0.0,0.0
1421.0,B,RUNNING,1417.376,11,12,4,10,0.4,30.0,98.9,600.9188,0.0,0,0.0,0.0
1422.0,B,RUNNING,1418.376,12,12,5,10,0.5,30.0,98.8,573.3094,0.0,0,0.0,0.0
1423.0,B,RUNNING,1419.376,12,12,5,10,0.5,30.0,98.8,572.3094,0.0,0,0.0,0.0
1424.0,B,RUNNING,1420.376,12,12,5,10,0.5,30.0,98.8,571.3094,0.0,0,0.0,0.0
1425.0,B,RUNNING,1421.376,12,12,5,10,0.5,30.0,98.8,570.3094,0.0,0,0.0,0.0
1426.0,B,RUNNING,1422.376,12,12,5,10,0.5,30.0,98.8,569.3094,0.0,0,0.0,0.0
1427.0,B,RUNNING,1423.376,12,12,5,10,0.5,30.0,98.8,568.3094,0.0,0,0.0,0.0
1428.0,B,RUNNING,1424.376,12,12,5,10,0.5,30.0,98.8,567.3094,0.0,0,0.0,0.0
1429.0,B,RUNNING,1425.376,12,12,5,10,0.5,30.0,98.8,566.3094,0.0,0,0.0,0.0
1430.0,B,RUNNING,1426.376,12,12,5,10,0.5,30.0,98.8,565.3094,0.0,0,0.0,0.0
1431.0,B,RUNNING,1427.376,12,12,5,10,0.5,30.0,98.8,564.3094,0.0,0,0.0,0.0
1432.0,B,RUNNING,1428.376,12,12,5,10,0.5,30.0,98.8,563.3094,0.0,0,0.0,0.0
1433.0,B,RUNNING,1429.376,12,12,5,10,0.5,30.0,98.8,562.3094,0.0,0,0.0,0.0
1434.0,B,RUNNING,1430.376,12,12,5,10,0.5,30.0,98.8,561.3094,0.0,0,0.0,0.0
1435.0,B,RUNNING,1431.376,12,12,5,10,0.5,30.0,98.8,560.3094,0.0,0,0.0,0.0
1436.0,B,RUNNING,1432.376,12,12,5,10,0.5,30.0,98.8,559.3094,0.0,0,0.0,0.0
1437.0,B,RUNNING,1433.376,12,12,5,10,0.5,30.0,98.8,558.3094,0.0,0,0.0,0.0
1438.0,B,RUNNING,1434.376,12,12,5,10,0.5,30.0,98.8,557.3094,0.0,0,0.0,0.0
1439.0,B,RUNNING,1435.376,12,12,5,10,0.5,30.0,98.8,556.3094,0.0,0,0.0,0.0
1440.0,B,RUNNING,1436.376,12,12,5,10,0.5,30.0,98.8,555.3094,0.0,0,0.0,0.0
1441.0,B,RUNNING,1437.376,12,12,5,10,0.5,30.0,98.8,554.3094,0.0,0,0.0,0.0
1442.0,B,RUNNING,1438.376,12,12,5,10,0.5,30.0,98.8,553.3094,0.0,0,0.0,0.0
1443.0,B,RUNNING,1439.376,12,12,5,10,0.5,30.0,98.8,552.3094,0.0,0,0.0,0.0
1444.0,B,RUNNING,1440.376,12,12,5,10,0.5,30.0,98.8,551.3094,0.0,0,0.0,0.0
1445.0,B,RUNNING,1441.376,12,12,5,10,0.5,30.0,98.8,550.3094,0.0,0,0.0,0.0
1446.0,B,RUNNING,1442.376,12,12,5,10,0.5,30.0,98.8,549.3094,0.0,0,0.0,0.0
1447.0,B,RUNNING,1443.376,12,12,5,10,0.5,30.0,98.8,548.3094,0.0,0,0.0,0.0
1448.0,B,RUNNING,1444.376,12,12,5,10,0.5,30.0,98.8,547.3094,0.0,0,0.0,0.0
1449.0,B,RUNNING,1445.38,12,12,5,10,0.5,30.0,98.8,546.3054,0.0,0,0.0,0.0
1450.0,B,RUNNING,1446.376,12,12,5,10,0.5,30.0,98.8,545.3094,0.0,0,0.0,0.0
1451.0,B,RUNNING,1447.376,12,12,5,10,0.5,30.0,98.8,544.3094,0.0,0,0.0,0.0
1452.0,B,RUNNING,1448.376,12,12,5,10,0.5,30.0,98.8,543.3094,0.0,0,0.0,0.0
1453.0,B,RUNNING,1449.376,12,12,5,10,0.5,30.0,98.8,542.3094,0.0,0,0.0,0.0
1454.0,B,RUNNING,1450.376,12,12,5,10,0.5,30.0,98.8,541.3094,0.0,0,0.0,0.0
1455.0,B,RUNNING,1451.376,12,12,5,10,0.5,30.0,98.8,540.3094,0.0,0,0.0,0.0
1456.0,B,RUNNING,1452.376,12,12,5,10,0.5,30.0,98.8,539.3094,0.0,0,0.0,0.0
1457.0,B,RUNNING,1453.376,12,12,5,10,0.5,30.0,98.8,538.3094,0.0,0,0.0,0.0
1458.0,B,RUNNING,1454.376,12,12,5,10,0.5,30.0,98.8,537.3094,0.0,0,0.0,0.0
1459.0,B,RUNNING,1455.376,12,12,5,10,0.5,30.0,98.8,536.3094,0.0,0,0.0,0.0
1460.0,B,RUNNING,1456.38,12,12,5,10,0.5,30.0,98.8,535.3054,0.0,0,0.0,0.0
1461.0,B,RUNNING,1457.376,12,12,5,10,0.5,30.0,98.8,534.3094,0.0,0,0.0,0.0
1462.0,B,RUNNING,1458.376,12,12,5,10,0.5,30.0,98.8,533.3094,0.0,0,0.0,0.0
1463.0,B,RUNNING,1459.376,12,12,5,10,0.5,30.0,98.8,532.3094,0.0,0,0.0,0.0
1464.0,B,RUNNING,1460.376,12,12,5,10,0.5,30.0,98.8,531.3094,0.0,0,0.0,0.0
1465.0,B,RUNNING,1461.376,12,12,5,10,0.5,30.0,98.8,530.3094,0.0,0,0.0,0.0
1466.0,B,RUNNING,1462.376,12,12,5,10,0.5,30.0,98.8,529.3094,0.0,0,0.0,0.0
1467.0,B,RUNNING,1463.376,12,12,5,10,0.5,30.0,98.8,528.3094,0.0,0,0.0,0.0
1468.0,B,RUNNING,1464.376,12,12,5,10,0.5,30.0,98.8,527.3094,0.0,0,0.0,0.0
1469.0,B,RUNNING,1465.376,12,12,5,10,0.5,30.0,98.8,526.3094,0.0,0,0.0,0.0
1470.0,B,RUNNING,1466.376,12,12,5,10,0.5,30.0,98.8,525.3094,0.0,0,0.0,0.0
1471.0,B,RUNNING,1467.376,12,12,5,10,0.5,30.0,98.8,524.3094,0.0,0,0.0,0.0
1472.0,B,RUNNING,1468.376,12,12,5,10,0.5,30.0,98.8,523.3094,0.0,0,0.0,0.0
1473.0,B,RUNNING,1469.376,12,12,5,10,0.5,30.0,98.8,522.3094,0.0,0,0.0,0.0
1474.0,B,RUNNING,1470.376,12,12,5,10,0.5,30.0,98.8,521.3094,0.0,0,0.0,0.0
1475.0,B,RUNNING,1471.376,12,12,5,10,0.5,30.0,98.8,520.3094,0.0,0,0.0,0.0
1476.0,B,RUNNING,1472.376,12,12,5,10,0.5,30.0,98.8,519.3094,0.0,0,0.0,0.0
1477.0,B,RUNNING,1473.376,12,12,5,10,0.5,30.0,98.8,518.3094,0.0,0,0.0,0.0
1478.0,B,RUNNING,1474.376,12,12,5,10,0.5,30.0,98.8,517.3094,0.0,0,0.0,0.0
1479.0,B,RUNNING,1475.376,12,12,5,10,0.5,30.0,98.8,516.3094,0.0,0,0.0,0.0
1480.0,B,RUNNING,1476.376,12,12,5,10,0.5,30.0,98.8,515.3094,0.0,0,0.0,0.0
1481.0,B,RUNNING,1477.376,12,12,5,10,0.5,30.0,98.8,514.3094,0.0,0,0.0,0.0
1482.0,B,RUNNING,1478.376,12,12,5,10,0.5,30.0,98.8,513.3094,0.0,0,0.0,0.0
1483.0,B,RUNNING,1479.376,12,12,5,10,0.5,30.0,98.8,512.3094,0.0,0,0.0,0.0
1484.0,B,RUNNING,1480.376,12,12,5,10,0.5,30.0,98.8,511.3094,0.0,0,0.0,0.0
1485.0,B,RUNNING,1481.376,12,12,5,10,0.5,30.0,98.8,510.3094,0.0,0,0.0,0.0
1486.0,B,RUNNING,1482.376,12,12,5,10,0.5,30.0,98.8,509.3094,0.0,0,0.0,0.0
1487.0,B,RUNNING,1483.376,12,12,5,10,0.5,30.0,98.8,508.3094,0.0,0,0.0,0.0
1488.0,B,RUNNING,1484.376,12,12,5,10,0.5,30.0,98.8,507.3094,0.0,0,0.0,0.0
1489.0,B,RUNNING,1485.376,12,12,5,10,0.5,30.0,98.8,506.3094,0.0,0,0.0,0.0
1490.0,B,RUNNING,1486.376,12,12,5,10,0.5,30.0,98.8,505.3094,0.0,0,0.0,0.0
1491.0,B,RUNNING,1487.376,12,12,5,10,0.5,30.0,98.8,504.3094,0.0,0,0.0,0.0
1492.0,B,RUNNING,1488.376,12,12,5,10,0.5,30.0,98.8,503.3094,0.0,0,0.0,0.0
1493.0,B,RUNNING,1489.376,12,12,5,10,0.5,30.0,98.8,502.3094,0.0,0,0.0,0.0
1494.0,B,RUNNING,1490.376,12,12,5,10,0.5,30.0,98.8,501.3094,0.0,0,0.0,0.0
1495.0,B,RUNNING,1491.376,12,12,5,10,0.5,30.0,98.8,500.3094,0.0,0,0.0,0.0
1496.0,B,RUNNING,1492.376,12,12,5,10,0.5,30.0,98.8,499.3094,0.0,0,0.0,0.0
1497.0,B,RUNNING,1493.376,12,12,5,10,0.5,30.0,98.8,498.3094,0.0,0,0.0,0.0
1498.0,B,RUNNING,1494.376,12,12,5,10,0.5,30.0,98.8,497.3094,0.0,0,0.0,0.0
1499.0,B,RUNNING,1495.376,12,12,5,10,0.5,30.0,98.8,496.3094,0.0,0,0.0,0.0
1500.0,B,RUNNING,1496.376,12,12,5,10,0.5,30.0,98.8,495.3094,0.0,0,0.0,0.0
1501.0,B,RUNNING,1497.376,12,12,5,10,0.5,30.0,98.8,494.3094,0.0,0,0.0,0.0
1502.0,B,RUNNING,1498.376,12,12,5,10,0.5,30.0,98.8,493.3094,0.0,0,0.0,0.0
1503.0,B,RUNNING,1499.376,12,12,5,10,0.5,30.0,98.8,492.3094,0.0,0,0.0,0.0
1504.0,B,RUNNING,1500.376,12,12,5,10,0.5,30.0,98.8,491.3094,0.0,0,0.0,0.0
1505.0,B,RUNNING,1501.376,12,12,5,10,0.5,30.0,98.8,490.3094,0.0,0,0.0,0.0
1506.0,B,RUNNING,1502.376,12,12,5,10,0.5,30.0,98.8,489.3094,0.0,0,0.0,0.0
1507.0,B,RUNNING,1503.376,12,12,5,10,0.5,30.0,98.8,488.3094,0.0,0,0.0,0.0
1508.0,B,RUNNING,1504.376,12,12,5,10,0.5,30.0,98.8,487.3094,0.0,0,0.0,0.0
1509.0,B,RUNNING,1505.376,12,12,5,10,0.5,30.0,98.8,486.3094,0.0,0,0.0,0.0
1510.0,B,RUNNING,1506.376,12,12,5,10,0.5,30.0,98.8,485.3094,0.0,0,0.0,0.0
1511.0,B,RUNNING,1507.376,12,12,5,10,0.5,30.0,98.8,484.3094,0.0,0,0.0,0.0
1512.0,B,RUNNING,1508.376,12,12,5,10,0.5,30.0,98.8,483.3094,0.0,0,0.0,0.0
1513.0,B,RUNNING,1509.376,12,12,5,10,0.5,30.0,98.8,482.3094,0.0,0,0.0,0.0
1514.0,B,RUNNING,1510.376,12,12,5,10,0.5,30.0,98.8,481.3094,0.0,0,0.0,0.0
1515.0,B,RUNNING,1511.376,12,12,5,10,0.5,30.0,98.8,480.3094,0.0,0,0.0,0.0
1516.0,B,RUNNING,1512.376,13,12,6,10,0.6,30.0,98.7,442.2806,0.0,0,0.0,0.0
1517.0,B,RUNNING,1513.376,13,12,6,10,0.6,30.0,98.7,441.2806,0.0,0,0.0,0.0
1518.0,B,RUNNING,1514.376,13,12,6,10,0.6,30.0,98.7,440.2806,0.0,0,0.0,0.0
1519.0,B,RUNNING,1515.376,13,12,6,10,0.6,30.0,98.7,439.2806,0.0,0,0.0,0.0
1520.0,B,RUNNING,1516.376,13,12,6,10,0.6,30.0,98.7,438.2806,0.0,0,0.0,0.0
1521.0,B,RUNNING,1517.376,13,12,6,10,0.6,30.0,98.7,437.2806,0.0,0,0.0,0.0
1522.0,B,RUNNING,1518.376,13,12,6,10,0.6,30.0,98.7,436.2806,0.0,0,0.0,0.0
1523.0,B,RUNNING,1519.376,13,12,6,10,0.6,30.0,98.7,435.2806,0.0,0,0.0,0.0
1524.0,B,RUNNING,1520.376,13,12,6,10,0.6,30.0,98.7,434.2806,0.0,0,0.0,0.0
1525.0,B,RUNNING,1521.376,13,12,6,10,0.6,30.0,98.7,433.2806,0.0,0,0.0,0.0
1526.0,B,RUNNING,1522.376,13,12,6,10,0.6,30.0,98.7,432.2806,0.0,0,0.0,0.0
1527.0,B,RUNNING,1523.376,13,12,6,10,0.6,30.0,98.7,431.2806,0.0,0,0.0,0.0
1528.0,B,RUNNING,1524.376,13,12,6,10,0.6,30.0,98.7,430.2806,0.0,0,0.0,0.0
1529.0,B,RUNNING,1525.376,13,12,6,10,0.6,30.0,98.7,429.2806,0.0,0,0.0,0.0
1530.0,B,RUNNING,1526.376,13,12,6,10,0.6,30.0,98.7,428.2806,0.0,0,0.0,0.0
1531.0,B,RUNNING,1527.376,13,12,6,10,0.6,30.0,98.7,427.2806,0.0,0,0.0,0.0
1532.0,B,RUNNING,1528.376,13,12,6,10,0.6,30.0,98.7,426.2806,0.0,0,0.0,0.0
1533.0,B,RUNNING,1529.376,13,12,6,10,0.6,30.0,98.7,425.2806,0.0,0,0.0,0.0
1534.0,B,RUNNING,1530.376,13,12,6,10,0.6,30.0,98.7,424.2806,0.0,0,0.0,0.0
1535.0,B,RUNNING,1531.376,13,12,6,10,0.6,30.0,98.7,423.2806,0.0,0,0.0,0.0
1536.0,B,RUNNING,1532.376,13,12,6,10,0.6,30.0,98.7,422.2806,0.0,0,0.0,0.0
1537.0,B,RUNNING,1533.376,13,12,6,10,0.6,30.0,98.7,421.2806,0.0,0,0.0,0.0
1538.0,B,RUNNING,1534.376,13,12,6,10,0.6,30.0,98.7,420.2806,0.0,0,0.0,0.0
1539.0,B,RUNNING,1535.376,13,12,6,10,0.6,30.0,98.7,419.2806,0.0,0,0.0,0.0
1540.0,B,RUNNING,1536.376,13,12,6,10,0.6,30.0,98.7,418.2806,0.0,0,0.0,0.0
1541.0,B,RUNNING,1537.376,13,12,6,10,0.6,30.0,98.7,417.2806,0.0,0,0.0,0.0
1542.0,B,RUNNING,1538.376,13,12,6,10,0.6,30.0,98.7,416.2806,0.0,0,0.0,0.0
1543.0,B,RUNNING,1539.376,13,12,6,10,0.6,30.0,98.7,415.2806,0.0,0,0.0,0.0
1544.0,B,RUNNING,1540.376,13,12,6,10,0.6,30.0,98.7,414.2806,0.0,0,0.0,0.0
1545.0,B,RUNNING,1541.376,13,12,6,10,0.6,30.0,98.7,413.2806,0.0,0,0.0,0.0
1546.0,B,RUNNING,1542.376,13,12,6,10,0.6,30.0,98.7,412.2806,0.0,0,0.0,0.0
1547.0,B,RUNNING,1543.376,13,12,6,10,0.6,30.0,98.7,411.2806,0.0,0,0.0,0.0
1548.0,B,RUNNING,1544.376,13,12,6,10,0.6,30.0,98.7,410.2806,0.0,0,0.0,0.0
1549.0,B,RUNNING,1545.376,13,12,6,10,0.6,30.0,98.7,409.2806,0.0,0,0.0,0.0
1550.0,B,RUNNING,1546.376,13,12,6,10,0.6,30.0,98.7,408.2806,0.0,0,0.0,0.0
1551.0,B,RUNNING,1547.376,13,12,6,10,0.6,30.0,98.7,407.2806,0.0,0,0.0,0.0
1552.0,B,RUNNING,1548.376,13,12,6,10,0.6,30.0,98.7,406.2806,0.0,0,0.0,0.0
1553.0,B,RUNNING,1549.376,13,12,6,10,0.6,30.0,98.7,405.2806,0.0,0,0.0,0.0
1554.0,B,RUNNING,1550.376,13,12,6,10,0.6,30.0,98.7,404.2806,0.0,0,0.0,0.0
1555.0,B,RUNNING,1551.376,13,12,6,10,0.6,30.0,98.7,403.2806,0.0,0,0.0,0.0
1556.0,B,RUNNING,1552.376,13,12,6,10,0.6,30.0,98.7,402.2806,0.0,0,0.0,0.0
1557.0,B,RUNNING,1553.376,13,12,6,10,0.6,30.0,98.7,401.2806,0.0,0,0.0,0.0
1558.0,B,RUNNING,1554.376,13,12,6,10,0.6,30.0,98.7,400.2806,0.0,0,0.0,0.0
1559.0,B,RUNNING,1555.376,13,12,6,10,0.6,30.0,98.7,399.2806,0.0,0,0.0,0.0
1560.0,B,RUNNING,1556.376,13,12,6,10,0.6,30.0,98.7,398.2806,0.0,0,0.0,0.0
1561.0,B,RUNNING,1557.376,13,12,6,10,0.6,30.0,98.7,397.2806,0.0,0,0.0,0.0
1562.0,B,RUNNING,1558.376,13,12,6,10,0.6,30.0,98.7,396.2806,0.0,0,0.0,0.0
1563.0,B,RUNNING,1559.376,13,12,6,10,0.6,30.0,98.7,395.2806,0.0,0,0.0,0.0
1564.0,B,RUNNING,1560.376,13,12,6,10,0.6,30.0,98.7,394.2806,0.0,0,0.0,0.0
1565.0,B,RUNNING,1561.376,13,12,6,10,0.6,30.0,98.7,393.2806,0.0,0,0.0,0.0
1566.0,B,RUNNING,1562.376,13,12,6,10,0.6,30.0,98.7,392.2806,0.0,0,0.0,0.0
1567.0,B,RUNNING,1563.376,13,12,6,10,0.6,30.0,98.7,391.2806,0.0,0,0.0,0.0
1568.0,B,RUNNING,1564.376,13,12,6,10,0.6,30.0,98.7,390.2806,0.0,0,0.0,0.0
1569.0,B,RUNNING,1565.376,13,12,6,10,0.6,30.0,98.7,389.2806,0.0,0,0.0,0.0
1570.0,B,RUNNING,1566.376,13,12,6,10,0.6,30.0,98.7,388.2806,0.0,0,0.0,0.0
1571.0,B,RUNNING,1567.376,13,12,6,10,0.6,30.0,98.7,387.2806,0.0,0,0.0,0.0
1572.0,B,RUNNING,1568.376,13,12,6,10,0.6,30.0,98.7,386.2806,0.0,0,0.0,0.0
1573.0,B,RUNNING,1569.376,13,12,6,10,0.6,30.0,98.7,385.2806,0.0,0,0.0,0.0
1574.0,B,RUNNING,1570.376,13,12,6,10,0.6,30.0,98.7,384.2806,0.0,0,0.0,0.0
1575.0,B,RUNNING,1571.376,13,12,6,10,0.6,30.0,98.7,383.2806,0.0,0,0.0,0.0
1576.0,B,RUNNING,1572.376,13,12,6,10,0.6,30.0,98.7,382.2806,0.0,0,0.0,0.0
1577.0,B,RUNNING,1573.376,13,12,6,10,0.6,30.0,98.7,381.2806,0.0,0,0.0,0.0
1578.0,B,RUNNING,1574.376,13,12,6,10,0.6,30.0,98.7,380.2806,0.0,0,0.0,0.0
1579.0,B,RUNNING,1575.376,13,12,6,10,0.6,30.0,98.7,379.2806,0.0,0,0.0,0.0
1580.0,B,RUNNING,1576.376,13,12,6,10,0.6,30.0,98.7,378.2806,0.0,0,0.0,0.0
1581.0,B,RUNNING,1577.376,13,12,6,10,0.6,30.0,98.7,377.2806,0.0,0,0.0,0.0
1582.0,B,RUNNING,1578.376,13,12,6,10,0.6,30.0,98.7,376.2806,0.0,0,0.0,0.0
1583.0,B,RUNNING,1579.376,13,12,6,10,0.6,30.0,98.7,375.2806,0.0,0,0.0,0.0
1584.0,B,RUNNING,1580.376,13,12,6,10,0.6,30.0,98.7,374.2806,0.0,0,0.0,0.0
1585.0,B,RUNNING,1581.376,13,12,6,10,0.6,30.0,98.7,373.2806,0.0,0,0.0,0.0
1586.0,B,RUNNING,1582.376,13,12,6,10,0.6,30.0,98.7,372.2806,0.0,0,0.0,0.0
1587.0,B,RUNNING,1583.376,13,12,6,10,0.6,30.0,98.7,371.2806,0.0,0,0.0,0.0
1588.0,B,RUNNING,1584.376,13,12,6,10,0.6,30.0,98.7,370.2806,0.0,0,0.0,0.0
1589.0,B,RUNNING,1585.376,13,12,6,10,0.6,30.0,98.7,369.2806,0.0,0,0.0,0.0
1590.0,B,RUNNING,1586.376,13,12,6,10,0.6,30.0,98.7,368.2806,0.0,0,0.0,0.0
1591.0,B,RUNNING,1587.376,13,12,6,10,0.6,30.0,98.7,367.2806,0.0,0,0.0,0.0
1592.0,B,RUNNING,1588.376,13,12,6,10,0.6,30.0,98.7,366.2806,0.0,0,0.0,0.0
1593.0,B,RUNNING,1589.376,13,12,6,10,0.6,30.0,98.7,365.2806,0.0,0,0.0,0.0
1594.0,B,RUNNING,1590.376,13,12,6,10,0.6,30.0,98.7,364.2806,0.0,0,0.0,0.0
1595.0,B,RUNNING,1591.376,13,12,6,10,0.6,30.0,98.7,363.2806,0.0,0,0.0,0.0
1596.0,B,RUNNING,1592.376,13,12,6,10,0.6,30.0,98.7,362.2806,0.0,0,0.0,0.0
1597.0,B,RUNNING,1593.376,13,12,6,10,0.6,30.0,98.7,361.2806,0.0,0,0.0,0.0
1598.0,B,RUNNING,1594.376,13,12,6,10,0.6,30.0,98.7,360.2806,0.0,0,0.0,0.0
1599.0,B,RUNNING,1595.376,14,12,7,10,0.7,30.0,98.6,368.4743,0.0,0,0.0,0.0
1600.0,B,RUNNING,1596.376,14,12,7,10,0.7,30.0,98.6,367.4743,0.0,0,0.0,0.0
1601.0,B,RUNNING,1597.376,14,12,7,10,0.7,30.0,98.6,366.4743,0.0,0,0.0,0.0
1602.0,B,RUNNING,1598.376,14,12,7,10,0.7,30.0,98.6,365.4743,0.0,0,0.0,0.0
1603.0,B,RUNNING,1599.376,14,12,7,10,0.7,30.0,98.6,364.4743,0.0,0,0.0,0.0
1604.0,B,RUNNING,1600.376,14,12,7,10,0.7,30.0,98.6,363.4743,0.0,0,0.0,0.0
1605.0,B,RUNNING,1601.376,14,12,7,10,0.7,30.0,98.6,362.4743,0.0,0,0.0,0.0
1606.0,B,RUNNING,1602.376,14,12,7,10,0.7,30.0,98.6,361.4743,0.0,0,0.0,0.0
1607.0,B,RUNNING,1603.376,14,12,7,10,0.7,30.0,98.6,360.4743,0.0,0,0.0,0.0
1608.0,B,RUNNING,1604.376,14,12,7,10,0.7,30.0,98.6,359.4743,0.0,0,0.0,0.0
1609.0,B,RUNNING,1605.376,14,12,7,10,0.7,30.0,98.6,358.4743,0.0,0,0.0,0.0
1610.0,B,RUNNING,1606.376,14,12,7,10,0.7,30.0,98.6,357.4743,0.0,0,0.0,0.0
1611.0,B,RUNNING,1607.376,14,12,7,10,0.7,30.0,98.6,356.4743,0.0,0,0.0,0.0
1612.0,B,RUNNING,1608.376,14,12,7,10,0.7,30.0,98.6,355.4743,0.0,0,0.0,0.0
1613.0,B,RUNNING,1609.376,14,12,7,10,0.7,30.0,98.6,354.4743,0.0,0,0.0,0.0
1614.0,B,RUNNING,1610.376,14,12,7,10,0.7,30.0,98.6,353.4743,0.0,0,0.0,0.0
1615.0,B,RUNNING,1611.376,14,12,7,10,0.7,30.0,98.6,352.4743,0.0,0,0.0,0.0
1616.0,B,RUNNING,1612.376,14,12,7,10,0.7,30.0,98.6,351.4743,0.0,0,0.0,0.0
1617.0,B,RUNNING,1613.376,14,12,7,10,0.7,30.0,98.6,350.4743,0.0,0,0.0,0.0
1618.0,B,RUNNING,1614.376,14,12,7,10,0.7,30.0,98.6,349.4743,0.0,0,0.0,0.0
1619.0,B,RUNNING,1615.376,14,12,7,10,0.7,30.0,98.6,348.4743,0.0,0,0.0,0.0
1620.0,B,RUNNING,1616.376,14,12,7,10,0.7,30.0,98.6,347.4743,0.0,0,0.0,0.0
1621.0,B,RUNNING,1617.376,14,12,7,10,0.7,30.0,98.6,346.4743,0.0,0,0.0,0.0
1622.0,B,RUNNING,1618.376,14,12,7,10,0.7,30.0,98.6,345.4743,0.0,0,0.0,0.0
1623.0,B,RUNNING,1619.376,14,12,7,10,0.7,30.0,98.6,344.4743,0.0,0,0.0,0.0
1624.0,B,RUNNING,1620.376,14,12,7,10,0.7,30.0,98.6,343.4743,0.0,0,0.0,0.0
1625.0,B,RUNNING,1621.376,14,12,7,10,0.7,30.0,98.6,342.4743,0.0,0,0.0,0.0
1626.0,B,RUNNING,1622.376,14,12,7,10,0.7,30.0,98.6,341.4743,0.0,0,0.0,0.0
1627.0,B,RUNNING,1623.376,14,12,7,10,0.7,30.0,98.6,340.4743,0.0,0,0.0,0.0
1628.0,B,RUNNING,1624.376,14,12,7,10,0.7,30.0,98.6,339.4743,0.0,0,0.0,0.0
1629.0,B,RUNNING,1625.376,14,12,7,10,0.7,30.0,98.6,338.4743,0.0,0,0.0,0.0
1630.0,B,RUNNING,1626.376,14,12,7,10,0.7,30.0,98.6,337.4743,0.0,0,0.0,0.0
1631.0,B,RUNNING,1627.376,14,12,7,10,0.7,30.0,98.6,336.4743,0.0,0,0.0,0.0
1632.0,B,RUNNING,1628.376,14,12,7,10,0.7,30.0,98.6,335.4743,0.0,0,0.0,0.0
1633.0,B,RUNNING,1629.376,14,12,7,10,0.7,30.0,98.6,334.4743,0.0,0,0.0,0.0
1634.0,B,RUNNING,1630.376,14,12,7,10,0.7,30.0,98.6,333.4743,0.0,0,0.0,0.0
1635.0,B,RUNNING,1631.376,14,12,7,10,0.7,30.0,98.6,332.4743,0.0,0,0.0,0.0
1636.0,B,RUNNING,1632.376,14,12,7,10,0.7,30.0,98.6,331.4743,0.0,0,0.0,0.0
1637.0,B,RUNNING,1633.376,14,12,7,10,0.7,30.0,98.6,330.4743,0.0,0,0.0,0.0
1638.0,B,RUNNING,1634.376,14,12,7,10,0.7,30.0,98.6,329.4743,0.0,0,0.0,0.0
1639.0,B,RUNNING,1635.376,14,12,7,10,0.7,30.0,98.6,328.4743,0.0,0,0.0,0.0
1640.0,B,RUNNING,1636.376,14,12,7,10,0.7,30.0,98.6,327.4743,0.0,0,0.0,0.0
1641.0,B,RUNNING,1637.376,14,12,7,10,0.7,30.0,98.6,326.4743,0.0,0,0.0,0.0
1642.0,B,RUNNING,1638.376,14,12,7,10,0.7,30.0,98.6,325.4743,0.0,0,0.0,0.0
1643.0,B,RUNNING,1639.376,14,12,7,10,0.7,30.0,98.6,324.4743,0.0,0,0.0,0.0
1644.0,B,RUNNING,1640.376,14,12,7,10,0.7,30.0,98.6,323.4743,0.0,0,0.0,0.0
1645.0,B,RUNNING,1641.376,14,12,7,10,0.7,30.0,98.6,322.4743,0.0,0,0.0,0.0
1646.0,B,RUNNING,1642.376,14,12,7,10,0.7,30.0,98.6,321.4743,0.0,0,0.0,0.0
1647.0,B,RUNNING,1643.376,14,12,7,10,0.7,30.0,98.6,320.4743,0.0,0,0.0,0.0
1648.0,B,RUNNING,1644.376,14,12,7,10,0.7,30.0,98.6,319.4743,0.0,0,0.0,0.0
1649.0,B,RUNNING,1645.376,14,12,7,10,0.7,30.0,98.6,318.4743,0.0,0,0.0,0.0
1650.0,B,RUNNING,1646.376,14,12,7,10,0.7,30.0,98.6,317.4743,0.0,0,0.0,0.0
1651.0,B,RUNNING,1647.376,14,12,7,10,0.7,30.0,98.6,316.4743,0.0,0,0.0,0.0
1652.0,B,RUNNING,1648.376,14,12,7,10,0.7,30.0,98.6,315.4743,0.0,0,0.0,0.0
1653.0,B,RUNNING,1649.376,14,12,7,10,0.7,30.0,98.6,314.4743,0.0,0,0.0,0.0
1654.0,B,RUNNING,1650.376,14,12,7,10,0.7,30.0,98.6,313.4743,0.0,0,0.0,0.0
1655.0,B,RUNNING,1651.376,14,12,7,10,0.7,30.0,98.6,312.4743,0.0,0,0.0,0.0
1656.0,B,RUNNING,1652.376,14,12,7,10,0.7,30.0,98.6,311.4743,0.0,0,0.0,0.0
1657.0,B,RUNNING,1653.376,14,12,7,10,0.7,30.0,98.6,310.4743,0.0,0,0.0,0.0
1658.0,B,RUNNING,1654.376,14,12,7,10,0.7,30.0,98.6,309.4743,0.0,0,0.0,0.0
1659.0,B,RUNNING,1655.376,14,12,7,10,0.7,30.0,98.6,308.4743,0.0,0,0.0,0.0
1660.0,B,RUNNING,1656.376,14,12,7,10,0.7,30.0,98.6,307.4743,0.0,0,0.0,0.0
1661.0,B,RUNNING,1657.376,14,12,7,10,0.7,30.0,98.6,306.4743,0.0,0,0.0,0.0
1662.0,B,RUNNING,1658.376,14,12,7,10,0.7,30.0,98.6,305.4743,0.0,0,0.0,0.0
1663.0,B,RUNNING,1659.376,14,12,7,10,0.7,30.0,98.6,304.4743,0.0,0,0.0,0.0
1664.0,B,RUNNING,1660.376,14,12,7,10,0.7,30.0,98.6,303.4743,0.0,0,0.0,0.0
1665.0,B,RUNNING,1661.376,14,12,7,10,0.7,30.0,98.6,302.4743,0.0,0,0.0,0.0
1666.0,B,RUNNING,1662.376,14,12,7,10,0.7,30.0,98.6,301.4743,0.0,0,0.0,0.0
1667.0,B,RUNNING,1663.376,14,12,7,10,0.7,30.0,98.6,300.4743,0.0,0,0.0,0.0
1668.0,B,RUNNING,1664.376,14,12,7,10,0.7,30.0,98.6,299.4743,0.0,0,0.0,0.0
1669.0,B,RUNNING,1665.376,14,12,7,10,0.7,30.0,98.6,298.4743,0.0,0,0.0,0.0
1670.0,B,RUNNING,1666.376,14,12,7,10,0.7,30.0,98.6,297.4743,0.0,0,0.0,0.0
1671.0,B,RUNNING,1667.376,14,12,7,10,0.7,30.0,98.6,296.4743,0.0,0,0.0,0.0
1672.0,B,RUNNING,1668.376,14,12,7,10,0.7,30.0,98.6,295.4743,0.0,0,0.0,0.0
1673.0,B,RUNNING,1669.376,14,12,7,10,0.7,30.0,98.6,294.4743,0.0,0,0.0,0.0
1674.0,B,RUNNING,1670.38,14,12,7,10,0.7,30.0,98.6,293.4703,0.0,0,0.0,0.0
1675.0,B,RUNNING,1671.376,14,12,7,10,0.7,30.0,98.6,292.4743,0.0,0,0.0,0.0
1676.0,B,RUNNING,1672.376,14,12,7,10,0.7,30.0,98.6,291.4743,0.0,0,0.0,0.0
1677.0,B,RUNNING,1673.376,14,12,7,10,0.7,30.0,98.6,290.4743,0.0,0,0.0,0.0
1678.0,B,RUNNING,1674.376,14,12,7,10,0.7,30.0,98.6,289.4743,0.0,0,0.0,0.0
1679.0,B,RUNNING,1675.376,14,12,7,10,0.7,30.0,98.6,288.4743,0.0,0,0.0,0.0
1680.0,B,RUNNING,1676.376,14,12,7,10,0.7,30.0,98.6,287.4743,0.0,0,0.0,0.0
1681.0,B,RUNNING,1677.376,14,12,7,10,0.7,30.0,98.6,286.4743,0.0,0,0.0,0.0
1682.0,B,RUNNING,1678.376,14,12,7,10,0.7,30.0,98.6,285.4743,0.0,0,0.0,0.0
1683.0,B,RUNNING,1679.376,14,12,7,10,0.7,30.0,98.6,284.4743,0.0,0,0.0,0.0
1684.0,B,RUNNING,1680.376,14,12,7,10,0.7,30.0,98.6,283.4743,0.0,0,0.0,0.0
1685.0,B,RUNNING,1681.376,14,12,7,10,0.7,30.0,98.6,282.4743,0.0,0,0.0,0.0
1686.0,B,RUNNING,1682.376,14,12,7,10,0.7,30.0,98.6,281.4743,0.0,0,0.0,0.0
1687.0,B,RUNNING,1683.376,14,12,7,10,0.7,30.0,98.6,280.4743,0.0,0,0.0,0.0
1688.0,B,RUNNING,1684.376,14,12,7,10,0.7,30.0,98.6,279.4743,0.0,0,0.0,0.0
1689.0,B,RUNNING,1685.376,14,12,7,10,0.7,30.0,98.6,278.4743,0.0,0,0.0,0.0
1690.0,B,RUNNING,1686.376,14,12,7,10,0.7,30.0,98.6,277.4743,0.0,0,0.0,0.0
1691.0,B,RUNNING,1687.376,14,12,7,10,0.7,30.0,98.6,276.4743,0.0,0,0.0,0.0
1692.0,B,RUNNING,1688.376,14,12,7,10,0.7,30.0,98.6,275.4743,0.0,0,0.0,0.0
1693.0,B,RUNNING,1689.376,14,12,7,10,0.7,30.0,98.6,274.4743,0.0,0,0.0,0.0
1694.0,B,RUNNING,1690.376,14,12,7,10,0.7,30.0,98.6,273.4743,0.0,0,0.0,0.0
1695.0,B,RUNNING,1691.376,14,12,7,10,0.7,30.0,98.6,272.4743,0.0,0,0.0,0.0
1696.0,B,RUNNING,1692.376,14,12,7,10,0.7,30.0,98.6,271.4743,0.0,0,0.0,0.0
1697.0,B,RUNNING,1693.376,14,12,7,10,0.7,30.0,98.6,270.4743,0.0,0,0.0,0.0
1698.0,B,RUNNING,1694.376,14,12,7,10,0.7,30.0,98.6,269.4743,0.0,0,0.0,0.0
1699.0,B,RUNNING,1695.376,14,12,7,10,0.7,30.0,98.6,268.4743,0.0,0,0.0,0.0
1700.0,B,RUNNING,1696.376,14,12,7,10,0.7,30.0,98.6,267.4743,0.0,0,0.0,0.0
1701.0,B,RUNNING,1697.376,14,12,7,10,0.7,30.0,98.6,266.4743,0.0,0,0.0,0.0
1702.0,B,RUNNING,1698.376,14,12,7,10,0.7,30.0,98.6,265.4743,0.0,0,0.0,0.0
1703.0,B,RUNNING,1699.376,14,12,7,10,0.7,30.0,98.6,264.4743,0.0,0,0.0,0.0
1704.0,B,RUNNING,1700.376,14,12,7,10,0.7,30.0,98.6,263.4743,0.0,0,0.0,0.0
1705.0,B,RUNNING,1701.376,14,12,7,10,0.7,30.0,98.6,262.4743,0.0,0,0.0,0.0
1706.0,B,RUNNING,1702.376,14,12,7,10,0.7,30.0,98.6,261.4743,0.0,0,0.0,0.0
1707.0,B,RUNNING,1703.376,14,12,7,10,0.7,30.0,98.6,260.4743,0.0,0,0.0,0.0
1708.0,B,RUNNING,1704.376,14,12,7,10,0.7,30.0,98.6,259.4743,0.0,0,0.0,0.0
1709.0,B,RUNNING,1705.376,14,12,7,10,0.7,30.0,98.6,258.4743,0.0,0,0.0,0.0
1710.0,B,RUNNING,1706.376,14,12,7,10,0.7,30.0,98.6,257.4743,0.0,0,0.0,0.0
1711.0,B,RUNNING,1707.376,14,12,7,10,0.7,30.0,98.6,256.4743,0.0,0,0.0,0.0
1712.0,B,RUNNING,1708.376,14,12,7,10,0.7,30.0,98.6,255.4743,0.0,0,0.0,0.0
1713.0,B,RUNNING,1709.376,14,12,7,10,0.7,30.0,98.6,254.4743,0.0,0,0.0,0.0
1714.0,B,RUNNING,1710.376,14,12,7,10,0.7,30.0,98.6,253.4743,0.0,0,0.0,0.0
1715.0,B,RUNNING,1711.376,14,12,7,10,0.7,30.0,98.6,252.4743,0.0,0,0.0,0.0
1716.0,B,RUNNING,1712.376,14,12,7,10,0.7,30.0,98.6,251.4743,0.0,0,0.0,0.0
1717.0,B,RUNNING,1713.376,14,12,7,10,0.7,30.0,98.6,250.4743,0.0,0,0.0,0.0
1718.0,B,RUNNING,1714.376,14,12,7,10,0.7,30.0,98.6,249.4743,0.0,0,0.0,0.0
1719.0,B,RUNNING,1715.376,14,12,7,10,0.7,30.0,98.6,248.4743,0.0,0,0.0,0.0
1720.0,B,RUNNING,1716.376,14,12,7,10,0.7,30.0,98.6,247.4743,0.0,0,0.0,0.0
1721.0,B,RUNNING,1717.376,14,12,7,10,0.7,30.0,98.6,246.4743,0.0,0,0.0,0.0
1722.0,B,RUNNING,1718.376,14,12,7,10,0.7,30.0,98.6,245.4743,0.0,0,0.0,0.0
1723.0,B,RUNNING,1719.376,14,12,7,10,0.7,30.0,98.6,244.4743,0.0,0,0.0,0.0
1724.0,B,RUNNING,1720.376,14,12,7,10,0.7,30.0,98.6,243.4743,0.0,0,0.0,0.0
1725.0,B,RUNNING,1721.376,14,12,7,10,0.7,30.0,98.6,242.4743,0.0,0,0.0,0.0
1726.0,B,RUNNING,1722.376,14,12,7,10,0.7,30.0,98.6,241.4743,0.0,0,0.0,0.0
1727.0,B,RUNNING,1723.376,14,12,7,10,0.7,30.0,98.6,240.4743,0.0,0,0.0,0.0
1728.0,B,RUNNING,1724.376,15,12,8,10,0.8,30.0,98.5,216.9798,0.0,0,0.0,0.0
1729.0,B,RUNNING,1725.376,15,12,8,10,0.8,30.0,98.5,215.9798,0.0,0,0.0,0.0
1730.0,B,RUNNING,1726.376,15,12,8,10,0.8,30.0,98.5,214.9798,0.0,0,0.0,0.0
1731.0,B,RUNNING,1727.376,15,12,8,10,0.8,30.0,98.5,213.9798,0.0,0,0.0,0.0
1732.0,B,RUNNING,1728.376,15,12,8,10,0.8,30.0,98.5,212.9798,0.0,0,0.0,0.0
1733.0,B,RUNNING,1729.376,15,12,8,10,0.8,30.0,98.5,211.9798,0.0,0,0.0,0.0
1734.0,B,RUNNING,1730.376,15,12,8,10,0.8,30.0,98.5,210.9798,0.0,0,0.0,0.0
1735.0,B,RUNNING,1731.376,15,12,8,10,0.8,30.0,98.5,209.9798,0.0,0,0.0,0.0
1736.0,B,RUNNING,1732.376,15,12,8,10,0.8,30.0,98.5,208.9798,0.0,0,0.0,0.0
1737.0,B,RUNNING,1733.376,15,12,8,10,0.8,30.0,98.5,207.9798,0.0,0,0.0,0.0
1738.0,B,RUNNING,1734.376,15,12,8,10,0.8,30.0,98.5,206.9798,0.0,0,0.0,0.0
1739.0,B,RUNNING,1735.376,15,12,8,10,0.8,30.0,98.5,205.9798,0.0,0,0.0,0.0
1740.0,B,RUNNING,1736.376,15,12,8,10,0.8,30.0,98.5,204.9798,0.0,0,0.0,0.0
1741.0,B,RUNNING,1737.376,15,12,8,10,0.8,30.0,98.5,203.9798,0.0,0,0.0,0.0
1742.0,B,RUNNING,1738.376,15,12,8,10,0.8,30.0,98.5,202.9798,0.0,0,0.0,0.0
1743.0,B,RUNNING,1739.376,15,12,8,10,0.8,30.0,98.5,201.9798,0.0,0,0.0,0.0
1744.0,B,RUNNING,1740.376,15,12,8,10,0.8,30.0,98.5,200.9798,0.0,0,0.0,0.0
1745.0,B,RUNNING,1741.376,15,12,8,10,0.8,30.0,98.5,199.9798,0.0,0,0.0,0.0
1746.0,B,RUNNING,1742.376,15,12,8,10,0.8,30.0,98.5,198.9798,0.0,0,0.0,0.0
1747.0,B,RUNNING,1743.376,15,12,8,10,0.8,30.0,98.5,197.9798,0.0,0,0.0,0.0
1748.0,B,RUNNING,1744.376,15,12,8,10,0.8,30.0,98.5,196.9798,0.0,0,0.0,0.0
1749.0,B,RUNNING,1745.376,15,12,8,10,0.8,30.0,98.5,195.9798,0.0,0,0.0,0.0
1750.0,B,RUNNING,1746.376,15,12,8,10,0.8,30.0,98.5,194.9798,0.0,0,0.0,0.0
1751.0,B,RUNNING,1747.376,15,12,8,10,0.8,30.0,98.5,193.9798,0.0,0,0.0,0.0
1752.0,B,RUNNING,1748.376,15,12,8,10,0.8,30.0,98.5,192.9798,0.0,0,0.0,0.0
1753.0,B,RUNNING,1749.376,15,12,8,10,0.8,30.0,98.5,191.9798,0.0,0,0.0,0.0
1754.0,B,RUNNING,1750.376,15,12,8,10,0.8,30.0,98.5,190.9798,0.0,0,0.0,0.0
1755.0,B,RUNNING,1751.376,15,12,8,10,0.8,30.0,98.5,189.9798,0.0,0,0.0,0.0
1756.0,B,RUNNING,1752.376,15,12,8,10,0.8,30.0,98.5,188.9798,0.0,0,0.0,0.0
1757.0,B,RUNNING,1753.376,15,12,8,10,0.8,30.0,98.5,187.9798,0.0,0,0.0,0.0
1758.0,B,RUNNING,1754.376,15,12,8,10,0.8,30.0,98.5,186.9798,0.0,0,0.0,0.0
1759.0,B,RUNNING,1755.376,15,12,8,10,0.8,30.0,98.5,185.9798,0.0,0,0.0,0.0
1760.0,B,RUNNING,1756.376,15,12,8,10,0.8,30.0,98.5,184.9798,0.0,0,0.0,0.0
1761.0,B,RUNNING,1757.376,15,12,8,10,0.8,30.0,98.5,183.9798,0.0,0,0.0,0.0
1762.0,B,RUNNING,1758.376,15,12,8,10,0.8,30.0,98.5,182.9798,0.0,0,0.0,0.0
1763.0,B,RUNNING,1759.376,15,12,8,10,0.8,30.0,98.5,181.9798,0.0,0,0.0,0.0
1764.0,B,RUNNING,1760.376,15,12,8,10,0.8,30.0,98.5,180.9798,0.0,0,0.0,0.0
1765.0,B,RUNNING,1761.376,15,12,8,10,0.8,30.0,98.5,179.9798,0.0,0,0.0,0.0
1766.0,B,RUNNING,1762.376,15,12,8,10,0.8,30.0,98.5,178.9798,0.0,0,0.0,0.0
1767.0,B,RUNNING,1763.376,15,12,8,10,0.8,30.0,98.5,177.9798,0.0,0,0.0,0.0
1768.0,B,RUNNING,1764.376,15,12,8,10,0.8,30.0,98.5,176.9798,0.0,0,0.0,0.0
1769.0,B,RUNNING,1765.376,15,12,8,10,0.8,30.0,98.5,175.9798,0.0,0,0.0,0.0
1770.0,B,RUNNING,1766.376,15,12,8,10,0.8,30.0,98.5,174.9798,0.0,0,0.0,0.0
1771.0,B,RUNNING,1767.376,15,12,8,10,0.8,30.0,98.5,173.9798,0.0,0,0.0,0.0
1772.0,B,RUNNING,1768.376,15,12,8,10,0.8,30.0,98.5,172.9798,0.0,0,0.0,0.0
1773.0,B,RUNNING,1769.376,15,12,8,10,0.8,30.0,98.5,171.9798,0.0,0,0.0,0.0
1774.0,B,RUNNING,1770.376,15,12,8,10,0.8,30.0,98.5,170.9798,0.0,0,0.0,0.0
1775.0,B,RUNNING,1771.376,15,12,8,10,0.8,30.0,98.5,169.9798,0.0,0,0.0,0.0
1776.0,B,RUNNING,1772.376,15,12,8,10,0.8,30.0,98.5,168.9798,0.0,0,0.0,0.0
1777.0,B,RUNNING,1773.376,15,12,8,10,0.8,30.0,98.5,167.9798,0.0,0,0.0,0.0
1778.0,B,RUNNING,1774.376,15,12,8,10,0.8,30.0,98.5,166.9798,0.0,0,0.0,0.0
1779.0,B,RUNNING,1775.376,15,12,8,10,0.8,30.0,98.5,165.9798,0.0,0,0.0,0.0
1780.0,B,RUNNING,1776.376,15,12,8,10,0.8,30.0,98.5,164.9798,0.0,0,0.0,0.0
1781.0,B,RUNNING,1777.376,15,12,8,10,0.8,30.0,98.5,163.9798,0.0,0,0.0,0.0
1782.0,B,RUNNING,1778.376,15,12,8,10,0.8,30.0,98.5,162.9798,0.0,0,0.0,0.0
1783.0,B,RUNNING,1779.376,15,12,8,10,0.8,30.0,98.5,161.9798,0.0,0,0.0,0.0
1784.0,B,RUNNING,1780.376,15,12,8,10,0.8,30.0,98.5,160.9798,0.0,0,0.0,0.0
1785.0,B,RUNNING,1781.376,15,12,8,10,0.8,30.0,98.5,159.9798,0.0,0,0.0,0.0
1786.0,B,RUNNING,1782.376,15,12,8,10,0.8,30.0,98.5,158.9798,0.0,0,0.0,0.0
1787.0,B,RUNNING,1783.376,15,12,8,10,0.8,30.0,98.5,157.9798,0.0,0,0.0,0.0
1788.0,B,RUNNING,1784.376,15,12,8,10,0.8,30.0,98.5,156.9798,0.0,0,0.0,0.0
1789.0,B,RUNNING,1785.376,15,12,8,10,0.8,30.0,98.5,155.9798,0.0,0,0.0,0.0
1790.0,B,RUNNING,1786.376,15,12,8,10,0.8,30.0,98.5,154.9798,0.0,0,0.0,0.0
1791.0,B,RUNNING,1787.376,15,12,8,10,0.8,30.0,98.5,153.9798,0.0,0,0.0,0.0
1792.0,B,RUNNING,1788.376,15,12,8,10,0.8,30.0,98.5,152.9798,0.0,0,0.0,0.0
1793.0,B,RUNNING,1789.376,15,12,8,10,0.8,30.0,98.5,151.9798,0.0,0,0.0,0.0
1794.0,B,RUNNING,1790.376,15,12,8,10,0.8,30.0,98.5,150.9798,0.0,0,0.0,0.0
1795.0,B,RUNNING,1791.376,15,12,8,10,0.8,30.0,98.5,149.9798,0.0,0,0.0,0.0
1796.0,B,RUNNING,1792.376,15,12,8,10,0.8,30.0,98.5,148.9798,0.0,0,0.0,0.0
1797.0,B,RUNNING,1793.376,15,12,8,10,0.8,30.0,98.5,147.9798,0.0,0,0.0,0.0
1798.0,B,RUNNING,1794.376,15,12,8,10,0.8,30.0,98.5,146.9798,0.0,0,0.0,0.0
1799.0,B,RUNNING,1795.376,15,12,8,10,0.8,30.0,98.5,145.9798,0.0,0,0.0,0.0
1800.0,B,RUNNING,1796.376,15,12,8,10,0.8,30.0,98.5,144.9798,0.0,0,0.0,0.0
1801.0,B,RUNNING,1797.376,15,12,8,10,0.8,30.0,98.5,143.9798,0.0,0,0.0,0.0
1802.0,B,RUNNING,1798.376,15,12,8,10,0.8,30.0,98.5,142.9798,0.0,0,0.0,0.0
1803.0,B,RUNNING,1799.376,15,12,8,10,0.8,30.0,98.5,141.9798,0.0,0,0.0,0.0
1804.0,B,RUNNING,1800.376,15,12,8,10,0.8,30.0,98.5,140.9798,0.0,0,0.0,0.0
1805.0,B,RUNNING,1801.376,15,12,8,10,0.8,30.0,98.5,139.9798,0.0,0,0.0,0.0
1806.0,B,RUNNING,1802.376,15,12,8,10,0.8,30.0,98.5,138.9798,0.0,0,0.0,0.0
1807.0,B,RUNNING,1803.376,15,12,8,10,0.8,30.0,98.5,137.9798,0.0,0,0.0,0.0
1808.0,B,RUNNING,1804.376,15,12,8,10,0.8,30.0,98.5,136.9798,0.0,0,0.0,0.0
1809.0,B,RUNNING,1805.376,15,12,8,10,0.8,30.0,98.5,135.9798,0.0,0,0.0,0.0
1810.0,B,RUNNING,1806.376,15,12,8,10,0.8,30.0,98.5,134.9798,0.0,0,0.0,0.0
1811.0,B,RUNNING,1807.376,15,12,8,10,0.8,30.0,98.5,133.9798,0.0,0,0.0,0.0
1812.0,B,RUNNING,1808.376,15,12,8,10,0.8,30.0,98.5,132.9798,0.0,0,0.0,0.0
1813.0,B,RUNNING,1809.376,15,12,8,10,0.8,30.0,98.5,131.9798,0.0,0,0.0,0.0
1814.0,B,RUNNING,1810.376,15,12,8,10,0.8,30.0,98.5,130.9798,0.0,0,0.0,0.0
1815.0,B,RUNNING,1811.376,15,12,8,10,0.8,30.0,98.5,129.9798,0.0,0,0.0,0.0
1816.0,B,RUNNING,1812.376,15,12,8,10,0.8,30.0,98.5,128.9798,0.0,0,0.0,0.0
1817.0,B,RUNNING,1813.376,15,12,8,10,0.8,30.0,98.5,127.9798,0.0,0,0.0,0.0
1818.0,B,RUNNING,1814.376,15,12,8,10,0.8,30.0,98.5,126.9798,0.0,0,0.0,0.0
1819.0,B,RUNNING,1815.376,15,12,8,10,0.8,30.0,98.5,125.9798,0.0,0,0.0,0.0
1820.0,B,RUNNING,1816.376,15,12,8,10,0.8,30.0,98.5,124.9798,0.0,0,0.0,0.0
1821.0,B,RUNNING,1817.376,15,12,8,10,0.8,30.0,98.5,123.9798,0.0,0,0.0,0.0
1822.0,B,RUNNING,1818.376,15,12,8,10,0.8,30.0,98.5,122.9798,0.0,0,0.0,0.0
1823.0,B,RUNNING,1819.376,15,12,8,10,0.8,30.0,98.5,121.9798,0.0,0,0.0,0.0
1824.0,B,RUNNING,1820.376,15,12,8,10,0.8,30.0,98.5,120.9798,0.0,0,0.0,0.0
1825.0,B,RUNNING,1821.376,16,12,9,10,0.9,30.0,98.4,113.3636,0.0,0,0.0,0.0
1826.0,B,RUNNING,1822.376,16,12,9,10,0.9,30.0,98.4,112.3636,0.0,0,0.0,0.0
1827.0,B,RUNNING,1823.376,16,12,9,10,0.9,30.0,98.4,111.3636,0.0,0,0.0,0.0
1828.0,B,RUNNING,1824.376,16,12,9,10,0.9,30.0,98.4,110.3636,0.0,0,0.0,0.0
1829.0,B,RUNNING,1825.376,16,12,9,10,0.9,30.0,98.4,109.3636,0.0,0,0.0,0.0
1830.0,B,RUNNING,1826.376,16,12,9,10,0.9,30.0,98.4,108.3636,0.0,0,0.0,0.0
1831.0,B,RUNNING,1827.376,16,12,9,10,0.9,30.0,98.4,107.3636,0.0,0,0.0,0.0
1832.0,B,RUNNING,1828.38,16,12,9,10,0.9,30.0,98.4,106.3596,0.0,0,0.0,0.0
1833.0,B,RUNNING,1829.376,16,12,9,10,0.9,30.0,98.4,105.3636,0.0,0,0.0,0.0
1834.0,B,RUNNING,1830.376,16,12,9,10,0.9,30.0,98.4,104.3636,0.0,0,0.0,0.0
1835.0,B,RUNNING,1831.376,16,12,9,10,0.9,30.0,98.4,103.3636,0.0,0,0.0,0.0
1836.0,B,RUNNING,1832.376,16,12,9,10,0.9,30.0,98.4,102.3636,0.0,0,0.0,0.0
1837.0,B,RUNNING,1833.376,16,12,9,10,0.9,30.0,98.4,101.3636,0.0,0,0.0,0.0
1838.0,B,RUNNING,1834.376,16,12,9,10,0.9,30.0,98.4,100.3636,0.0,0,0.0,0.0
1839.0,B,RUNNING,1835.376,16,12,9,10,0.9,30.0,98.4,99.3636,0.0,0,0.0,0.0
1840.0,B,RUNNING,1836.376,16,12,9,10,0.9,30.0,98.4,98.3636,0.0,0,0.0,0.0
1841.0,B,RUNNING,1837.376,16,12,9,10,0.9,30.0,98.4,97.3636,0.0,0,0.0,0.0
1842.0,B,RUNNING,1838.38,16,12,9,10,0.9,30.0,98.4,96.3596,0.0,0,0.0,0.0
1843.0,B,RUNNING,1839.376,16,12,9,10,0.9,30.0,98.4,95.3636,0.0,0,0.0,0.0
1844.0,B,RUNNING,1840.376,16,12,9,10,0.9,30.0,98.4,94.3636,0.0,0,0.0,0.0
1845.0,B,RUNNING,1841.376,16,12,9,10,0.9,30.0,98.4,93.3636,0.0,0,0.0,0.0
1846.0,B,RUNNING,1842.376,16,12,9,10,0.9,30.0,98.4,92.3636,0.0,0,0.0,0.0
1847.0,B,RUNNING,1843.376,16,12,9,10,0.9,30.0,98.4,91.3636,0.0,0,0.0,0.0
1848.0,B,RUNNING,1844.376,16,12,9,10,0.9,30.0,98.4,90.3636,0.0,0,0.0,0.0
1849.0,B,RUNNING,1845.376,16,12,9,10,0.9,30.0,98.4,89.3636,0.0,0,0.0,0.0
1850.0,B,RUNNING,1846.376,16,12,9,10,0.9,30.0,98.4,88.3636,0.0,0,0.0,0.0
1851.0,B,RUNNING,1847.38,16,12,9,10,0.9,30.0,98.4,87.3596,0.0,0,0.0,0.0
1852.0,B,RUNNING,1848.376,16,12,9,10,0.9,30.0,98.4,86.3636,0.0,0,0.0,0.0
1853.0,B,RUNNING,1849.376,16,12,9,10,0.9,30.0,98.4,85.3636,0.0,0,0.0,0.0
1854.0,B,RUNNING,1850.376,16,12,9,10,0.9,30.0,98.4,84.3636,0.0,0,0.0,0.0
1855.0,B,RUNNING,1851.376,16,12,9,10,0.9,30.0,98.4,83.3636,0.0,0,0.0,0.0
1856.0,B,RUNNING,1852.376,16,12,9,10,0.9,30.0,98.4,82.3636,0.0,0,0.0,0.0
1857.0,B,RUNNING,1853.376,16,12,9,10,0.9,30.0,98.4,81.3636,0.0,0,0.0,0.0
1858.0,B,RUNNING,1854.376,16,12,9,10,0.9,30.0,98.4,80.3636,0.0,0,0.0,0.0
1859.0,B,RUNNING,1855.376,16,12,9,10,0.9,30.0,98.4,79.3636,0.0,0,0.0,0.0
1860.0,B,RUNNING,1856.376,16,12,9,10,0.9,30.0,98.4,78.3636,0.0,0,0.0,0.0
1861.0,B,RUNNING,1857.376,16,12,9,10,0.9,30.0,98.4,77.3636,0.0,0,0.0,0.0
1862.0,B,RUNNING,1858.376,16,12,9,10,0.9,30.0,98.4,76.3636,0.0,0,0.0,0.0
1863.0,B,RUNNING,1859.376,16,12,9,10,0.9,30.0,98.4,75.3636,0.0,0,0.0,0.0
1864.0,B,RUNNING,1860.376,16,12,9,10,0.9,30.0,98.4,74.3636,0.0,0,0.0,0.0
1865.0,B,RUNNING,1861.376,16,12,9,10,0.9,30.0,98.4,73.3636,0.0,0,0.0,0.0
1866.0,B,RUNNING,1862.376,16,12,9,10,0.9,30.0,98.4,72.3636,0.0,0,0.0,0.0
1867.0,B,RUNNING,1863.376,16,12,9,10,0.9,30.0,98.4,71.3636,0.0,0,0.0,0.0
1868.0,B,RUNNING,1864.376,16,12,9,10,0.9,30.0,98.4,70.3636,0.0,0,0.0,0.0
1869.0,B,RUNNING,1865.376,16,12,9,10,0.9,30.0,98.4,69.3636,0.0,0,0.0,0.0
1870.0,B,RUNNING,1866.376,16,12,9,10,0.9,30.0,98.4,68.3636,0.0,0,0.0,0.0
1871.0,B,RUNNING,1867.376,16,12,9,10,0.9,30.0,98.4,67.3636,0.0,0,0.0,0.0
1872.0,B,RUNNING,1868.376,16,12,9,10,0.9,30.0,98.4,66.3636,0.0,0,0.0,0.0
1873.0,B,RUNNING,1869.376,16,12,9,10,0.9,30.0,98.4,65.3636,0.0,0,0.0,0.0
1874.0,B,RUNNING,1870.376,16,12,9,10,0.9,30.0,98.4,64.3636,0.0,0,0.0,0.0
1875.0,B,RUNNING,1871.376,16,12,9,10,0.9,30.0,98.4,63.3636,0.0,0,0.0,0.0
1876.0,B,RUNNING,1872.376,16,12,9,10,0.9,30.0,98.4,62.3636,0.0,0,0.0,0.0
1877.0,B,RUNNING,1873.376,16,12,9,10,0.9,30.0,98.4,61.3636,0.0,0,0.0,0.0
1878.0,B,RUNNING,1874.376,16,12,9,10,0.9,30.0,98.4,60.3636,0.0,0,0.0,0.0
1879.0,B,RUNNING,1875.376,16,12,9,10,0.9,30.0,98.4,59.3636,0.0,0,0.0,0.0
1880.0,B,RUNNING,1876.376,16,12,9,10,0.9,30.0,98.4,58.3636,0.0,0,0.0,0.0
1881.0,B,RUNNING,1877.376,16,12,9,10,0.9,30.0,98.4,57.3636,0.0,0,0.0,0.0
1882.0,B,RUNNING,1878.376,16,12,9,10,0.9,30.0,98.4,56.3636,0.0,0,0.0,0.0
1883.0,B,RUNNING,1879.376,16,12,9,10,0.9,30.0,98.4,55.3636,0.0,0,0.0,0.0
1884.0,B,RUNNING,1880.376,16,12,9,10,0.9,30.0,98.4,54.3636,0.0,0,0.0,0.0
1885.0,B,RUNNING,1881.376,16,12,9,10,0.9,30.0,98.4,53.3636,0.0,0,0.0,0.0
1886.0,B,RUNNING,1882.376,16,12,9,10,0.9,30.0,98.4,52.3636,0.0,0,0.0,0.0
1887.0,B,RUNNING,1883.376,16,12,9,10,0.9,30.0,98.4,51.3636,0.0,0,0.0,0.0
1888.0,B,RUNNING,1884.376,16,12,9,10,0.9,30.0,98.4,50.3636,0.0,0,0.0,0.0
1889.0,B,RUNNING,1885.376,16,12,9,10,0.9,30.0,98.4,49.3636,0.0,0,0.0,0.0
1890.0,B,RUNNING,1886.376,16,12,9,10,0.9,30.0,98.4,48.3636,0.0,0,0.0,0.0
1891.0,B,RUNNING,1887.376,16,12,9,10,0.9,30.0,98.4,47.3636,0.0,0,0.0,0.0
1892.0,B,RUNNING,1888.376,16,12,9,10,0.9,30.0,98.4,46.3636,0.0,0,0.0,0.0
1893.0,B,RUNNING,1889.38,16,12,9,10,0.9,30.0,98.4,45.3596,0.0,0,0.0,0.0
1894.0,B,RUNNING,1890.376,16,12,9,10,0.9,30.0,98.4,44.3636,0.0,0,0.0,0.0
1895.0,B,RUNNING,1891.376,16,12,9,10,0.9,30.0,98.4,43.3636,0.0,0,0.0,0.0
1896.0,B,RUNNING,1892.376,16,12,9,10,0.9,30.0,98.4,42.3636,0.0,0,0.0,0.0
1897.0,B,RUNNING,1893.376,16,12,9,10,0.9,30.0,98.4,41.3636,0.0,0,0.0,0.0
1898.0,B,RUNNING,1894.376,16,12,9,10,0.9,30.0,98.4,40.3636,0.0,0,0.0,0.0
1899.0,B,RUNNING,1895.376,16,12,9,10,0.9,30.0,98.4,39.3636,0.0,0,0.0,0.0
1900.0,B,RUNNING,1896.376,16,12,9,10,0.9,30.0,98.4,38.3636,0.0,0,0.0,0.0
1901.0,B,RUNNING,1897.376,16,12,9,10,0.9,30.0,98.4,37.3636,0.0,0,0.0,0.0
1902.0,B,RUNNING,1898.376,16,12,9,10,0.9,30.0,98.4,36.3636,0.0,0,0.0,0.0
1903.0,B,RUNNING,1899.376,16,12,9,10,0.9,30.0,98.4,35.3636,0.0,0,0.0,0.0
1904.0,B,RUNNING,1900.376,16,12,9,10,0.9,30.0,98.4,34.3636,0.0,0,0.0,0.0
1905.0,B,RUNNING,1901.376,16,12,9,10,0.9,30.0,98.4,33.3636,0.0,0,0.0,0.0
1906.0,B,RUNNING,1902.376,16,12,9,10,0.9,30.0,98.4,32.3636,0.0,0,0.0,0.0
1907.0,B,RUNNING,1903.376,16,12,9,10,0.9,30.0,98.4,31.3636,0.0,0,0.0,0.0
1908.0,B,RUNNING,1904.376,16,12,9,10,0.9,30.0,98.4,30.3636,0.0,0,0.0,0.0
1909.0,B,RUNNING,1905.376,16,12,9,10,0.9,30.0,98.4,29.3636,0.0,0,0.0,0.0
1910.0,B,RUNNING,1906.376,16,12,9,10,0.9,30.0,98.4,28.3636,0.0,0,0.0,0.0
1911.0,B,RUNNING,1907.376,16,12,9,10,0.9,30.0,98.4,27.3636,0.0,0,0.0,0.0
1912.0,B,RUNNING,1908.376,16,12,9,10,0.9,30.0,98.4,26.3636,0.0,0,0.0,0.0
1913.0,B,RUNNING,1909.376,16,12,9,10,0.9,30.0,98.4,25.3636,0.0,0,0.0,0.0
1914.0,B,RUNNING,1910.376,16,12,9,10,0.9,30.0,98.4,24.3636,0.0,0,0.0,0.0
1915.0,B,RUNNING,1911.376,16,12,9,10,0.9,30.0,98.4,23.3636,0.0,0,0.0,0.0
1916.0,B,RUNNING,1912.376,16,12,9,10,0.9,30.0,98.4,22.3636,0.0,0,0.0,0.0
1917.0,B,RUNNING,1913.376,16,12,9,10,0.9,30.0,98.4,21.3636,0.0,0,0.0,0.0
1918.0,B,RUNNING,1914.376,16,12,9,10,0.9,30.0,98.4,20.3636,0.0,0,0.0,0.0
1919.0,B,RUNNING,1915.376,16,12,9,10,0.9,30.0,98.4,19.3636,0.0,0,0.0,0.0
1920.0,B,RUNNING,1916.376,16,12,9,10,0.9,30.0,98.4,18.3636,0.0,0,0.0,0.0
1921.0,B,RUNNING,1917.376,16,12,9,10,0.9,30.0,98.4,17.3636,0.0,0,0.0,0.0
1922.0,B,RUNNING,1918.376,16,12,9,10,0.9,30.0,98.4,16.3636,0.0,0,0.0,0.0
1923.0,B,RUNNING,1919.376,16,12,9,10,0.9,30.0,98.4,15.3636,0.0,0,0.0,0.0
1924.0,B,RUNNING,1920.376,16,12,9,10,0.9,30.0,98.4,14.3636,0.0,0,0.0,0.0
1925.0,B,RUNNING,1921.376,16,12,9,10,0.9,30.0,98.4,13.3636,0.0,0,0.0,0.0
1926.0,B,RUNNING,1922.376,16,12,9,10,0.9,30.0,98.4,12.3636,0.0,0,0.0,0.0
1927.0,B,RUNNING,1923.376,16,12,9,10,0.9,30.0,98.4,11.3636,0.0,0,0.0,0.0
1928.0,B,RUNNING,1924.376,16,12,9,10,0.9,30.0,98.4,10.3636,0.0,0,0.0,0.0
1929.0,B,RUNNING,1925.376,16,12,9,10,0.9,30.0,98.4,9.3636,0.0,0,0.0,0.0
1930.0,B,RUNNING,1926.376,16,12,9,10,0.9,30.0,98.4,8.3636,0.0,0,0.0,0.0
1931.0,B,RUNNING,1927.376,16,12,9,10,0.9,30.0,98.4,7.3636,0.0,0,0.0,0.0
1932.0,B,RUNNING,1928.376,16,12,9,10,0.9,30.0,98.4,6.3636,0.0,0,0.0,0.0
1933.0,B,RUNNING,1929.376,16,12,9,10,0.9,30.0,98.4,5.3636,0.0,0,0.0,0.0
1934.0,B,RUNNING,1930.376,16,12,9,10,0.9,30.0,98.4,4.3636,0.0,0,0.0,0.0
1935.0,B,RUNNING,1931.376,16,12,9,10,0.9,30.0,98.4,3.3636,0.0,0,0.0,0.0
1936.0,B,RUNNING,1932.376,16,12,9,10,0.9,30.0,98.4,2.3636,0.0,0,0.0,0.0
1937.0,B,RUNNING,1933.376,16,12,9,10,0.9,30.0,98.4,1.3636,0.0,0,0.0,0.0
1938.0,B,RUNNING,1934.376,16,12,9,10,0.9,30.0,98.4,0.3636,0.0,0,0.0,0.0
1939.0,B,BLOCKED,1935.376,17,12,10,10,1.0,0.0,98.3,0.0,0.0,0,0.0053,0.6364
1940.0,B,BLOCKED,1936.376,17,12,10,10,1.0,0.0,98.3,0.0,0.0,0,0.0136,1.6364
1941.0,B,BLOCKED,1937.376,17,12,10,10,1.0,0.0,98.3,0.0,0.0,0,0.022,2.6364
1942.0,B,BLOCKED,1938.376,17,12,10,10,1.0,0.0,98.3,0.0,0.0,0,0.0303,3.6364
1943.0,B,BLOCKED,1939.376,17,12,10,10,1.0,0.0,98.3,0.0,0.0,0,0.0386,4.6364
1944.0,B,BLOCKED,1940.376,17,12,10,10,1.0,0.0,98.3,0.0,0.0,0,0.047,5.6364
1945.0,B,BLOCKED,1941.376,17,12,10,10,1.0,0.0,98.3,0.0,0.0,0,0.0553,6.6364
1946.0,B,BLOCKED,1942.376,17,12,10,10,1.0,0.0,98.3,0.0,0.0,0,0.0636,7.6364
1947.0,B,BLOCKED,1943.376,17,12,10,10,1.0,0.0,98.3,0.0,0.0,0,0.072,8.6364
1948.0,B,BLOCKED,1944.376,17,12,10,10,1.0,0.0,98.3,0.0,0.0,0,0.0803,9.6364
1949.0,B,BLOCKED,1945.376,17,12,10,10,1.0,0.0,98.3,0.0,0.0,0,0.0886,10.6364
1950.0,B,BLOCKED,1946.376,17,12,10,10,1.0,0.0,98.3,0.0,0.0,0,0.097,11.6364
1951.0,B,BLOCKED,1947.376,17,12,10,10,1.0,0.0,98.3,0.0,0.0,0,0.1053,12.6364
1952.0,B,BLOCKED,1948.376,17,12,10,10,1.0,0.0,98.3,0.0,0.0,0,0.1136,13.6364
1953.0,B,BLOCKED,1949.376,17,12,10,10,1.0,0.0,98.3,0.0,0.0,0,0.122,14.6364
1954.0,B,BLOCKED,1950.376,17,12,10,10,1.0,0.0,98.3,0.0,0.0,0,0.1303,15.6364
1955.0,B,BLOCKED,1951.376,17,12,10,10,1.0,0.0,98.3,0.0,0.0,0,0.1386,16.6364
1956.0,B,BLOCKED,1952.376,17,12,10,10,1.0,0.0,98.3,0.0,0.0,0,0.147,17.6364
1957.0,B,BLOCKED,1953.376,17,12,10,10,1.0,0.0,98.3,0.0,0.0,0,0.1553,18.6364
1958.0,B,BLOCKED,1954.376,17,12,10,10,1.0,0.0,98.3,0.0,0.0,0,0.1636,19.6364
1959.0,B,BLOCKED,1955.376,17,12,10,10,1.0,0.0,98.3,0.0,0.0,0,0.172,20.6364
1960.0,B,BLOCKED,1956.376,17,12,10,10,1.0,0.0,98.3,0.0,0.0,0,0.1803,21.6364
1961.0,B,BLOCKED,1957.376,17,12,10,10,1.0,0.0,98.3,0.0,0.0,0,0.1886,22.6364
1962.0,B,BLOCKED,1958.376,17,12,10,10,1.0,0.0,98.3,0.0,0.0,0,0.197,23.6364
1963.0,B,BLOCKED,1959.376,17,12,10,10,1.0,0.0,98.3,0.0,0.0,0,0.2053,24.6364
1964.0,B,BLOCKED,1960.376,17,12,10,10,1.0,0.0,98.3,0.0,0.0,0,0.2136,25.6364
1965.0,B,BLOCKED,1961.376,17,12,10,10,1.0,0.0,98.3,0.0,0.0,0,0.222,26.6364
1966.0,B,BLOCKED,1962.376,17,12,10,10,1.0,0.0,98.3,0.0,0.0,0,0.2303,27.6364
1967.0,B,BLOCKED,1963.376,17,12,10,10,1.0,0.0,98.3,0.0,0.0,0,0.2386,28.6364
1968.0,B,BLOCKED,1964.376,17,12,10,10,1.0,0.0,98.3,0.0,0.0,0,0.247,29.6364
1969.0,B,BLOCKED,1965.376,17,12,10,10,1.0,0.0,98.3,0.0,0.0,0,0.2553,30.6364
1970.0,B,BLOCKED,1966.376,17,12,10,10,1.0,0.0,98.3,0.0,0.0,0,0.2636,31.6364
1971.0,B,BLOCKED,1967.376,17,12,10,10,1.0,0.0,98.3,0.0,0.0,0,0.272,32.6364
1972.0,B,BLOCKED,1968.376,17,12,10,10,1.0,0.0,98.3,0.0,0.0,0,0.2803,33.6364
1973.0,B,BLOCKED,1969.376,17,12,10,10,1.0,0.0,98.3,0.0,0.0,0,0.2886,34.6364
1974.0,B,BLOCKED,1970.376,17,12,10,10,1.0,0.0,98.3,0.0,0.0,0,0.297,35.6364
1975.0,B,BLOCKED,1971.376,17,12,10,10,1.0,0.0,98.3,0.0,0.0,0,0.3053,36.6364
1976.0,B,BLOCKED,1972.376,17,12,10,10,1.0,0.0,98.3,0.0,0.0,0,0.3136,37.6364
1977.0,B,BLOCKED,1973.376,17,12,10,10,1.0,0.0,98.3,0.0,0.0,0,0.322,38.6364
1978.0,B,BLOCKED,1974.376,17,12,10,10,1.0,0.0,98.3,0.0,0.0,0,0.3303,39.6364
1979.0,B,BLOCKED,1975.376,17,12,10,10,1.0,0.0,98.3,0.0,0.0,0,0.3386,40.6364
1980.0,B,BLOCKED,1976.376,17,12,10,10,1.0,0.0,98.3,0.0,0.0,0,0.347,41.6364
1981.0,B,BLOCKED,1977.376,17,12,10,10,1.0,0.0,98.3,0.0,0.0,0,0.3553,42.6364
1982.0,B,BLOCKED,1978.376,17,12,10,10,1.0,0.0,98.3,0.0,0.0,0,0.3636,43.6364
1983.0,B,BLOCKED,1979.376,17,12,10,10,1.0,0.0,98.3,0.0,0.0,0,0.372,44.6364
1984.0,B,BLOCKED,1980.376,17,12,10,10,1.0,0.0,98.3,0.0,0.0,0,0.3803,45.6364
1985.0,B,BLOCKED,1981.376,17,12,10,10,1.0,0.0,98.3,0.0,0.0,0,0.3886,46.6364
1986.0,B,BLOCKED,1982.376,17,12,10,10,1.0,0.0,98.3,0.0,0.0,0,0.397,47.6364
1987.0,B,BLOCKED,1983.376,17,12,10,10,1.0,0.0,98.3,0.0,0.0,0,0.4053,48.6364
1988.0,B,BLOCKED,1984.376,17,12,10,10,1.0,0.0,98.3,0.0,0.0,0,0.4136,49.6364
1989.0,B,BLOCKED,1985.376,17,12,10,10,1.0,0.0,98.3,0.0,0.0,0,0.422,50.6364
1990.0,B,BLOCKED,1986.376,17,12,10,10,1.0,0.0,98.3,0.0,0.0,0,0.4303,51.6364
1991.0,B,BLOCKED,1987.376,17,12,10,10,1.0,0.0,98.3,0.0,0.0,0,0.4386,52.6364
1992.0,B,BLOCKED,1988.376,17,12,10,10,1.0,0.0,98.3,0.0,0.0,0,0.447,53.6364
1993.0,B,BLOCKED,1989.376,17,12,10,10,1.0,0.0,98.3,0.0,0.0,0,0.4553,54.6364
1994.0,B,BLOCKED,1990.376,17,12,10,10,1.0,0.0,98.3,0.0,0.0,0,0.4636,55.6364
1995.0,B,BLOCKED,1991.376,17,12,10,10,1.0,0.0,98.3,0.0,0.0,0,0.472,56.6364
1996.0,B,BLOCKED,1992.376,17,12,10,10,1.0,0.0,98.3,0.0,0.0,0,0.4803,57.6364
1997.0,B,BLOCKED,1993.376,17,12,10,10,1.0,0.0,98.3,0.0,0.0,0,0.4886,58.6364
1998.0,B,BLOCKED,1994.376,17,12,10,10,1.0,0.0,98.3,0.0,0.0,0,0.497,59.6364
1999.0,B,BLOCKED,1995.376,17,12,10,10,1.0,0.0,98.3,0.0,0.0,0,0.5053,60.6364
2000.0,B,BLOCKED,1996.376,17,12,10,10,1.0,0.0,98.3,0.0,0.0,0,0.5136,61.6364
2001.0,B,BLOCKED,1997.376,17,12,10,10,1.0,0.0,98.3,0.0,0.0,0,0.522,62.6364
2002.0,B,BLOCKED,1998.376,17,12,10,10,1.0,0.0,98.3,0.0,0.0,0,0.5303,63.6364
2003.0,B,BLOCKED,1999.376,17,12,10,10,1.0,0.0,98.3,0.0,0.0,0,0.5386,64.6364
2004.0,B,BLOCKED,2000.376,17,12,10,10,1.0,0.0,98.3,0.0,0.0,0,0.547,65.6364
2005.0,B,BLOCKED,2001.376,17,12,10,10,1.0,0.0,98.3,0.0,0.0,0,0.5553,66.6364
2006.0,B,BLOCKED,2002.376,17,12,10,10,1.0,0.0,98.3,0.0,0.0,0,0.5636,67.6364
2007.0,B,BLOCKED,2003.376,17,12,10,10,1.0,0.0,98.3,0.0,0.0,0,0.572,68.6364
2008.0,B,BLOCKED,2004.376,17,12,10,10,1.0,0.0,98.3,0.0,0.0,0,0.5803,69.6364
2009.0,B,BLOCKED,2005.376,17,12,10,10,1.0,0.0,98.3,0.0,0.0,0,0.5886,70.6364
