sim_time_s,section_id,status,factory_time_s,produced_total,picked_total,buffer_units,buffer_capacity,buffer_fill,rate_actual_per_hour,health_percent,time_to_full_s,fault_remaining_s,faults_total,lost_units,blocked_time_s
2.28,A,RUNNING,0.0,0,0,4,8,0.5,20.0,100.0,746.6416,0.0,0,0.0,0.0
3.0,A,RUNNING,0.72,0,0,4,8,0.5,20.0,100.0,745.9216,0.0,0,0.0,0.0
4.0,A,RUNNING,1.72,0,0,4,8,0.5,20.0,100.0,744.9216,0.0,0,0.0,0.0
5.0,A,RUNNING,2.72,0,0,4,8,0.5,20.0,100.0,743.9216,0.0,0,0.0,0.0
6.0,A,RUNNING,3.72,0,0,4,8,0.5,20.0,100.0,742.9216,0.0,0,0.0,0.0
7.0,A,RUNNING,4.72,0,0,4,8,0.5,20.0,100.0,741.9216,0.0,0,0.0,0.0
8.0,A,RUNNING,5.72,0,0,4,8,0.5,20.0,100.0,740.9216,0.0,0,0.0,0.0
9.0,A,RUNNING,6.72,0,0,4,8,0.5,20.0,100.0,739.9216,0.0,0,0.0,0.0
10.0,A,RUNNING,7.724,0,0,4,8,0.5,20.0,100.0,738.9176,0.0,0,0.0,0.0
11.0,A,RUNNING,8.72,0,0,4,8,0.5,20.0,100.0,737.9216,0.0,0,0.0,0.0
12.0,A,RUNNING,9.72,0,0,4,8,0.5,20.0,100.0,736.9216,0.0,0,0.0,0.0
13.0,A,RUNNING,10.72,0,0,4,8,0.5,20.0,100.0,735.9216,0.0,0,0.0,0.0
14.0,A,RUNNING,11.72,0,0,4,8,0.5,20.0,100.0,734.9216,0.0,0,0.0,0.0
15.0,A,RUNNING,12.72,0,0,4,8,0.5,20.0,100.0,733.9216,0.0,0,0.0,0.0
16.0,A,RUNNING,13.72,0,0,4,8,0.5,20.0,100.0,732.9216,0.0,0,0.0,0.0
17.0,A,RUNNING,14.72,0,0,4,8,0.5,20.0,100.0,731.9216,0.0,0,0.0,0.0
18.0,A,RUNNING,15.72,0,0,4,8,0.5,20.0,100.0,730.9216,0.0,0,0.0,0.0
19.0,A,RUNNING,16.72,0,0,4,8,0.5,20.0,100.0,729.9216,0.0,0,0.0,0.0
20.0,A,RUNNING,17.72,0,0,4,8,0.5,20.0,100.0,728.9216,0.0,0,0.0,0.0
21.0,A,RUNNING,18.72,0,0,4,8,0.5,20.0,100.0,727.9216,0.0,0,0.0,0.0
22.0,A,RUNNING,19.72,0,0,4,8,0.5,20.0,100.0,726.9216,0.0,0,0.0,0.0
23.0,A,RUNNING,20.72,0,0,4,8,0.5,20.0,100.0,725.9216,0.0,0,0.0,0.0
24.0,A,RUNNING,21.72,0,0,4,8,0.5,20.0,100.0,724.9216,0.0,0,0.0,0.0
25.0,A,RUNNING,22.72,0,0,4,8,0.5,20.0,100.0,723.9216,0.0,0,0.0,0.0
26.0,A,RUNNING,23.72,0,0,4,8,0.5,20.0,100.0,722.9216,0.0,0,0.0,0.0
27.0,A,RUNNING,24.72,0,0,4,8,0.5,20.0,100.0,721.9216,0.0,0,0.0,0.0
28.0,A,RUNNING,25.72,0,0,4,8,0.5,20.0,100.0,720.9216,0.0,0,0.0,0.0
29.0,A,RUNNING,26.72,0,0,4,8,0.5,20.0,100.0,719.9216,0.0,0,0.0,0.0
30.0,A,RUNNING,27.72,0,0,4,8,0.5,20.0,100.0,718.9216,0.0,0,0.0,0.0
31.0,A,RUNNING,28.72,0,0,4,8,0.5,20.0,100.0,717.9216,0.0,0,0.0,0.0
32.0,A,RUNNING,29.72,0,0,4,8,0.5,20.0,100.0,716.9216,0.0,0,0.0,0.0
33.0,A,RUNNING,30.72,0,0,4,8,0.5,20.0,100.0,715.9216,0.0,0,0.0,0.0
34.0,A,RUNNING,31.72,0,0,4,8,0.5,20.0,100.0,714.9216,0.0,0,0.0,0.0
35.0,A,RUNNING,32.72,0,0,4,8,0.5,20.0,100.0,713.9216,0.0,0,0.0,0.0
36.0,A,RUNNING,33.72,0,0,4,8,0.5,20.0,100.0,712.9216,0.0,0,0.0,0.0
37.0,A,RUNNING,34.72,0,0,4,8,0.5,20.0,100.0,711.9216,0.0,0,0.0,0.0
38.0,A,RUNNING,35.72,0,0,4,8,0.5,20.0,100.0,710.9216,0.0,0,0.0,0.0
39.0,A,RUNNING,36.72,0,0,4,8,0.5,20.0,100.0,709.9216,0.0,0,0.0,0.0
40.0,A,RUNNING,37.72,0,0,4,8,0.5,20.0,100.0,708.9216,0.0,0,0.0,0.0
41.0,A,RUNNING,38.72,0,0,4,8,0.5,20.0,100.0,707.9216,0.0,0,0.0,0.0
42.0,A,RUNNING,39.72,0,0,4,8,0.5,20.0,100.0,706.9216,0.0,0,0.0,0.0
43.0,A,RUNNING,40.72,0,0,4,8,0.5,20.0,100.0,705.9216,0.0,0,0.0,0.0
44.0,A,RUNNING,41.72,0,0,4,8,0.5,20.0,100.0,704.9216,0.0,0,0.0,0.0
45.0,A,RUNNING,42.72,0,0,4,8,0.5,20.0,100.0,703.9216,0.0,0,0.0,0.0
46.0,A,RUNNING,43.72,0,0,4,8,0.5,20.0,100.0,702.9216,0.0,0,0.0,0.0
47.0,A,RUNNING,44.72,0,0,4,8,0.5,20.0,100.0,701.9216,0.0,0,0.0,0.0
48.0,A,RUNNING,45.72,0,0,4,8,0.5,20.0,100.0,700.9216,0.0,0,0.0,0.0
49.0,A,RUNNING,46.72,0,0,4,8,0.5,20.0,100.0,699.9216,0.0,0,0.0,0.0
50.0,A,RUNNING,47.72,0,0,4,8,0.5,20.0,100.0,698.9216,0.0,0,0.0,0.0
51.0,A,RUNNING,48.72,0,0,4,8,0.5,20.0,100.0,697.9216,0.0,0,0.0,0.0
52.0,A,RUNNING,49.72,0,0,4,8,0.5,20.0,100.0,696.9216,0.0,0,0.0,0.0
53.0,A,RUNNING,50.72,0,0,4,8,0.5,20.0,100.0,695.9216,0.0,0,0.0,0.0
54.0,A,RUNNING,51.72,0,0,4,8,0.5,20.0,100.0,694.9216,0.0,0,0.0,0.0
55.0,A,RUNNING,52.72,0,0,4,8,0.5,20.0,100.0,693.9216,0.0,0,0.0,0.0
56.0,A,RUNNING,53.72,0,0,4,8,0.5,20.0,100.0,692.9216,0.0,0,0.0,0.0
57.0,A,RUNNING,54.72,0,0,4,8,0.5,20.0,100.0,691.9216,0.0,0,0.0,0.0
58.0,A,RUNNING,55.72,0,0,4,8,0.5,20.0,100.0,690.9216,0.0,0,0.0,0.0
59.0,A,RUNNING,56.72,0,0,4,8,0.5,20.0,100.0,689.9216,0.0,0,0.0,0.0
60.0,A,RUNNING,57.72,0,0,4,8,0.5,20.0,100.0,688.9216,0.0,0,0.0,0.0
61.0,A,RUNNING,58.72,0,0,4,8,0.5,20.0,100.0,687.9216,0.0,0,0.0,0.0
62.0,A,RUNNING,59.72,0,0,4,8,0.5,20.0,100.0,686.9216,0.0,0,0.0,0.0
63.0,A,RUNNING,60.72,0,0,4,8,0.5,20.0,100.0,685.9216,0.0,0,0.0,0.0
64.0,A,RUNNING,61.72,0,0,4,8,0.5,20.0,100.0,684.9216,0.0,0,0.0,0.0
65.0,A,RUNNING,62.72,0,0,4,8,0.5,20.0,100.0,683.9216,0.0,0,0.0,0.0
66.0,A,RUNNING,63.72,0,0,4,8,0.5,20.0,100.0,682.9216,0.0,0,0.0,0.0
67.0,A,RUNNING,64.72,0,0,4,8,0.5,20.0,100.0,681.9216,0.0,0,0.0,0.0
68.0,A,RUNNING,65.72,0,0,4,8,0.5,20.0,100.0,680.9216,0.0,0,0.0,0.0
69.0,A,RUNNING,66.72,0,0,4,8,0.5,20.0,100.0,679.9216,0.0,0,0.0,0.0
70.0,A,RUNNING,67.72,0,0,4,8,0.5,20.0,100.0,678.9216,0.0,0,0.0,0.0
71.0,A,RUNNING,68.72,0,0,4,8,0.5,20.0,100.0,677.9216,0.0,0,0.0,0.0
72.0,A,RUNNING,69.72,0,0,4,8,0.5,20.0,100.0,676.9216,0.0,0,0.0,0.0
73.0,A,RUNNING,70.72,0,0,4,8,0.5,20.0,100.0,675.9216,0.0,0,0.0,0.0
74.0,A,RUNNING,71.72,0,0,4,8,0.5,20.0,100.0,674.9216,0.0,0,0.0,0.0
75.0,A,RUNNING,72.72,0,0,4,8,0.5,20.0,100.0,673.9216,0.0,0,0.0,0.0
76.0,A,RUNNING,73.72,0,0,4,8,0.5,20.0,100.0,672.9216,0.0,0,0.0,0.0
77.0,A,RUNNING,74.72,0,0,4,8,0.5,20.0,100.0,671.9216,0.0,0,0.0,0.0
78.0,A,RUNNING,75.72,0,0,4,8,0.5,20.0,100.0,670.9216,0.0,0,0.0,0.0
79.0,A,RUNNING,76.72,0,0,4,8,0.5,20.0,100.0,669.9216,0.0,0,0.0,0.0
80.0,A,RUNNING,77.72,0,0,4,8,0.5,20.0,100.0,668.9216,0.0,0,0.0,0.0
81.0,A,RUNNING,78.72,0,0,4,8,0.5,20.0,100.0,667.9216,0.0,0,0.0,0.0
82.0,A,RUNNING,79.72,0,0,4,8,0.5,20.0,100.0,666.9216,0.0,0,0.0,0.0
83.0,A,RUNNING,80.72,0,0,4,8,0.5,20.0,100.0,665.9216,0.0,0,0.0,0.0
84.0,A,RUNNING,81.72,0,0,4,8,0.5,20.0,100.0,664.9216,0.0,0,0.0,0.0
85.0,A,RUNNING,82.72,0,0,4,8,0.5,20.0,100.0,663.9216,0.0,0,0.0,0.0
86.0,A,RUNNING,83.72,0,0,4,8,0.5,20.0,100.0,662.9216,0.0,0,0.0,0.0
87.0,A,RUNNING,84.72,0,0,4,8,0.5,20.0,100.0,661.9216,0.0,0,0.0,0.0
88.0,A,RUNNING,85.72,0,0,4,8,0.5,20.0,100.0,660.9216,0.0,0,0.0,0.0
89.0,A,RUNNING,86.72,0,0,4,8,0.5,20.0,100.0,659.9216,0.0,0,0.0,0.0
90.0,A,RUNNING,87.724,0,0,4,8,0.5,20.0,100.0,658.9176,0.0,0,0.0,0.0
91.0,A,RUNNING,88.72,0,0,4,8,0.5,20.0,100.0,657.9216,0.0,0,0.0,0.0
92.0,A,RUNNING,89.72,0,0,4,8,0.5,20.0,100.0,656.9216,0.0,0,0.0,0.0
93.0,A,RUNNING,90.72,0,0,4,8,0.5,20.0,100.0,655.9216,0.0,0,0.0,0.0
94.0,A,RUNNING,91.72,0,0,4,8,0.5,20.0,100.0,654.9216,0.0,0,0.0,0.0
95.0,A,RUNNING,92.724,0,0,4,8,0.5,20.0,100.0,653.9176,0.0,0,0.0,0.0
96.0,A,RUNNING,93.72,0,0,4,8,0.5,20.0,100.0,652.9216,0.0,0,0.0,0.0
97.0,A,RUNNING,94.72,0,0,4,8,0.5,20.0,100.0,651.9216,0.0,0,0.0,0.0
98.0,A,RUNNING,95.72,0,0,4,8,0.5,20.0,100.0,650.9216,0.0,0,0.0,0.0
99.0,A,RUNNING,96.724,0,0,4,8,0.5,20.0,100.0,649.9176,0.0,0,0.0,0.0
100.0,A,RUNNING,97.72,0,0,4,8,0.5,20.0,100.0,648.9216,0.0,0,0.0,0.0
101.01,A,RUNNING,98.728,0,0,4,8,0.5,20.0,100.0,647.9136,0.0,0,0.0,0.0
102.0,A,RUNNING,99.724,0,0,4,8,0.5,20.0,100.0,646.9176,0.0,0,0.0,0.0
103.0,A,RUNNING,100.72,0,0,4,8,0.5,20.0,100.0,645.9216,0.0,0,0.0,0.0
104.0,A,RUNNING,101.72,0,0,4,8,0.5,20.0,100.0,644.9216,0.0,0,0.0,0.0
105.0,A,RUNNING,102.72,0,0,4,8,0.5,20.0,100.0,643.9216,0.0,0,0.0,0.0
106.0,A,RUNNING,103.72,0,0,4,8,0.5,20.0,100.0,642.9216,0.0,0,0.0,0.0
107.0,A,RUNNING,104.72,0,0,4,8,0.5,20.0,100.0,641.9216,0.0,0,0.0,0.0
108.0,A,RUNNING,105.72,0,0,4,8,0.5,20.0,100.0,640.9216,0.0,0,0.0,0.0
109.0,A,RUNNING,106.72,0,0,4,8,0.5,20.0,100.0,639.9216,0.0,0,0.0,0.0
110.0,A,RUNNING,107.72,0,0,4,8,0.5,20.0,100.0,638.9216,0.0,0,0.0,0.0
111.0,A,RUNNING,108.72,0,0,4,8,0.5,20.0,100.0,637.9216,0.0,0,0.0,0.0
112.0,A,RUNNING,109.72,0,0,4,8,0.5,20.0,100.0,636.9216,0.0,0,0.0,0.0
113.01,A,RUNNING,110.732,0,0,4,8,0.5,20.0,100.0,635.9096,0.0,0,0.0,0.0
114.0,A,RUNNING,111.72,0,0,4,8,0.5,20.0,100.0,634.9216,0.0,0,0.0,0.0
115.0,A,RUNNING,112.72,0,0,4,8,0.5,20.0,100.0,633.9216,0.0,0,0.0,0.0
116.0,A,RUNNING,113.72,0,0,4,8,0.5,20.0,100.0,632.9216,0.0,0,0.0,0.0
117.0,A,RUNNING,114.72,0,0,4,8,0.5,20.0,100.0,631.9216,0.0,0,0.0,0.0
118.0,A,RUNNING,115.72,0,0,4,8,0.5,20.0,100.0,630.9216,0.0,0,0.0,0.0
119.0,A,RUNNING,116.72,0,0,4,8,0.5,20.0,100.0,629.9216,0.0,0,0.0,0.0
120.0,A,RUNNING,117.72,0,0,4,8,0.5,20.0,100.0,628.9216,0.0,0,0.0,0.0
121.0,A,RUNNING,118.72,0,0,4,8,0.5,20.0,100.0,627.9216,0.0,0,0.0,0.0
122.0,A,RUNNING,119.72,0,0,4,8,0.5,20.0,100.0,626.9216,0.0,0,0.0,0.0
123.0,A,RUNNING,120.72,0,0,4,8,0.5,20.0,100.0,625.9216,0.0,0,0.0,0.0
124.0,A,RUNNING,121.72,0,0,4,8,0.5,20.0,100.0,624.9216,0.0,0,0.0,0.0
125.0,A,RUNNING,122.72,0,0,4,8,0.5,20.0,100.0,623.9216,0.0,0,0.0,0.0
126.0,A,RUNNING,123.72,0,0,4,8,0.5,20.0,100.0,622.9216,0.0,0,0.0,0.0
127.0,A,RUNNING,124.72,0,0,4,8,0.5,20.0,100.0,621.9216,0.0,0,0.0,0.0
128.0,A,RUNNING,125.72,0,0,4,8,0.5,20.0,100.0,620.9216,0.0,0,0.0,0.0
129.0,A,RUNNING,126.72,0,0,4,8,0.5,20.0,100.0,619.9216,0.0,0,0.0,0.0
130.0,A,RUNNING,127.72,0,0,4,8,0.5,20.0,100.0,618.9216,0.0,0,0.0,0.0
131.0,A,RUNNING,128.72,0,0,4,8,0.5,20.0,100.0,617.9216,0.0,0,0.0,0.0
132.0,A,RUNNING,129.72,0,0,4,8,0.5,20.0,100.0,616.9216,0.0,0,0.0,0.0
133.0,A,RUNNING,130.72,0,0,4,8,0.5,20.0,100.0,615.9216,0.0,0,0.0,0.0
134.0,A,RUNNING,131.72,0,0,4,8,0.5,20.0,100.0,614.9216,0.0,0,0.0,0.0
135.0,A,RUNNING,132.72,0,0,4,8,0.5,20.0,100.0,613.9216,0.0,0,0.0,0.0
136.0,A,RUNNING,133.72,0,0,4,8,0.5,20.0,100.0,612.9216,0.0,0,0.0,0.0
137.0,A,RUNNING,134.72,0,0,4,8,0.5,20.0,100.0,611.9216,0.0,0,0.0,0.0
138.0,A,RUNNING,135.72,0,0,4,8,0.5,20.0,100.0,610.9216,0.0,0,0.0,0.0
139.0,A,RUNNING,136.72,0,0,4,8,0.5,20.0,100.0,609.9216,0.0,0,0.0,0.0
140.0,A,RUNNING,137.72,0,0,4,8,0.5,20.0,100.0,608.9216,0.0,0,0.0,0.0
141.0,A,RUNNING,138.72,0,0,4,8,0.5,20.0,100.0,607.9216,0.0,0,0.0,0.0
142.0,A,RUNNING,139.72,0,0,4,8,0.5,20.0,100.0,606.9216,0.0,0,0.0,0.0
143.0,A,RUNNING,140.72,0,0,4,8,0.5,20.0,100.0,605.9216,0.0,0,0.0,0.0
144.0,A,RUNNING,141.72,0,0,4,8,0.5,20.0,100.0,604.9216,0.0,0,0.0,0.0
145.0,A,RUNNING,142.72,0,0,4,8,0.5,20.0,100.0,603.9216,0.0,0,0.0,0.0
146.0,A,RUNNING,143.72,0,0,4,8,0.5,20.0,100.0,602.9216,0.0,0,0.0,0.0
147.0,A,RUNNING,144.72,0,0,4,8,0.5,20.0,100.0,601.9216,0.0,0,0.0,0.0
148.0,A,RUNNING,145.72,0,0,4,8,0.5,20.0,100.0,600.9216,0.0,0,0.0,0.0
149.0,A,RUNNING,146.72,0,0,4,8,0.5,20.0,100.0,599.9216,0.0,0,0.0,0.0
150.0,A,RUNNING,147.72,0,0,4,8,0.5,20.0,100.0,598.9216,0.0,0,0.0,0.0
151.0,A,RUNNING,148.72,0,0,4,8,0.5,20.0,100.0,597.9216,0.0,0,0.0,0.0
152.01,A,RUNNING,149.728,0,0,4,8,0.5,20.0,100.0,596.9136,0.0,0,0.0,0.0
153.0,A,RUNNING,150.72,0,0,4,8,0.5,20.0,100.0,595.9216,0.0,0,0.0,0.0
154.0,A,RUNNING,151.72,0,0,4,8,0.5,20.0,100.0,594.9216,0.0,0,0.0,0.0
155.0,A,RUNNING,152.72,0,0,4,8,0.5,20.0,100.0,593.9216,0.0,0,0.0,0.0
156.0,A,RUNNING,153.72,0,0,4,8,0.5,20.0,100.0,592.9216,0.0,0,0.0,0.0
157.0,A,RUNNING,154.72,0,0,4,8,0.5,20.0,100.0,591.9216,0.0,0,0.0,0.0
158.0,A,RUNNING,155.724,0,0,4,8,0.5,20.0,100.0,590.9176,0.0,0,0.0,0.0
159.0,A,RUNNING,156.72,0,0,4,8,0.5,20.0,100.0,589.9216,0.0,0,0.0,0.0
160.0,A,RUNNING,157.72,0,0,4,8,0.5,20.0,100.0,588.9216,0.0,0,0.0,0.0
161.0,A,RUNNING,158.72,0,0,4,8,0.5,20.0,100.0,587.9216,0.0,0,0.0,0.0
162.0,A,RUNNING,159.72,0,0,4,8,0.5,20.0,100.0,586.9216,0.0,0,0.0,0.0
163.0,A,RUNNING,160.72,0,0,4,8,0.5,20.0,100.0,585.9216,0.0,0,0.0,0.0
164.0,A,RUNNING,161.724,0,0,4,8,0.5,20.0,100.0,584.9176,0.0,0,0.0,0.0
165.0,A,RUNNING,162.72,0,0,4,8,0.5,20.0,100.0,583.9216,0.0,0,0.0,0.0
166.0,A,RUNNING,163.72,0,0,4,8,0.5,20.0,100.0,582.9216,0.0,0,0.0,0.0
167.0,A,RUNNING,164.72,0,0,4,8,0.5,20.0,100.0,581.9216,0.0,0,0.0,0.0
168.0,A,RUNNING,165.72,0,0,4,8,0.5,20.0,100.0,580.9216,0.0,0,0.0,0.0
169.0,A,RUNNING,166.72,0,0,4,8,0.5,20.0,100.0,579.9216,0.0,0,0.0,0.0
170.0,A,RUNNING,167.72,0,0,4,8,0.5,20.0,100.0,578.9216,0.0,0,0.0,0.0
171.0,A,RUNNING,168.72,0,0,4,8,0.5,20.0,100.0,577.9216,0.0,0,0.0,0.0
172.0,A,RUNNING,169.72,0,0,4,8,0.5,20.0,100.0,576.9216,0.0,0,0.0,0.0
173.0,A,RUNNING,170.72,0,0,4,8,0.5,20.0,100.0,575.9216,0.0,0,0.0,0.0
174.0,A,RUNNING,171.72,0,0,4,8,0.5,20.0,100.0,574.9216,0.0,0,0.0,0.0
175.0,A,RUNNING,172.72,0,0,4,8,0.5,20.0,100.0,573.9216,0.0,0,0.0,0.0
176.0,A,RUNNING,173.72,0,0,4,8,0.5,20.0,100.0,572.9216,0.0,0,0.0,0.0
177.02,A,RUNNING,174.736,0,0,4,8,0.5,20.0,100.0,571.9056,0.0,0,0.0,0.0
178.0,A,RUNNING,175.72,0,0,4,8,0.5,20.0,100.0,570.9216,0.0,0,0.0,0.0
179.0,A,RUNNING,176.724,0,0,4,8,0.5,20.0,100.0,569.9176,0.0,0,0.0,0.0
180.0,A,RUNNING,177.72,0,0,4,8,0.5,20.0,100.0,568.9216,0.0,0,0.0,0.0
181.0,A,RUNNING,178.72,0,0,4,8,0.5,20.0,100.0,567.9216,0.0,0,0.0,0.0
182.0,A,RUNNING,179.72,0,0,4,8,0.5,20.0,100.0,566.9216,0.0,0,0.0,0.0
183.0,A,RUNNING,180.72,0,0,4,8,0.5,20.0,100.0,565.9216,0.0,0,0.0,0.0
184.01,A,RUNNING,181.732,0,0,4,8,0.5,20.0,100.0,564.9096,0.0,0,0.0,0.0
185.0,A,RUNNING,182.72,0,0,4,8,0.5,20.0,100.0,563.9216,0.0,0,0.0,0.0
186.0,A,RUNNING,183.72,0,0,4,8,0.5,20.0,100.0,562.9216,0.0,0,0.0,0.0
187.0,A,RUNNING,184.72,0,4,0,8,0.0,20.0,100.0,1281.9216,0.0,0,0.0,0.0
188.0,A,RUNNING,185.72,0,4,0,8,0.0,20.0,100.0,1280.9216,0.0,0,0.0,0.0
189.0,A,RUNNING,186.72,0,4,0,8,0.0,20.0,100.0,1279.9216,0.0,0,0.0,0.0
190.0,A,RUNNING,187.724,0,4,0,8,0.0,20.0,100.0,1278.9176,0.0,0,0.0,0.0
191.0,A,RUNNING,188.72,0,4,0,8,0.0,20.0,100.0,1277.9216,0.0,0,0.0,0.0
192.0,A,RUNNING,189.72,0,4,0,8,0.0,20.0,100.0,1276.9216,0.0,0,0.0,0.0
193.0,A,RUNNING,190.72,0,4,0,8,0.0,20.0,100.0,1275.9216,0.0,0,0.0,0.0
194.0,A,RUNNING,191.72,0,4,0,8,0.0,20.0,100.0,1274.9216,0.0,0,0.0,0.0
195.0,A,RUNNING,192.72,0,4,0,8,0.0,20.0,100.0,1273.9216,0.0,0,0.0,0.0
196.0,A,RUNNING,193.72,0,4,0,8,0.0,20.0,100.0,1272.9216,0.0,0,0.0,0.0
197.0,A,RUNNING,194.72,0,4,0,8,0.0,20.0,100.0,1271.9216,0.0,0,0.0,0.0
198.0,A,RUNNING,195.72,0,4,0,8,0.0,20.0,100.0,1270.9216,0.0,0,0.0,0.0
199.0,A,RUNNING,196.72,0,4,0,8,0.0,20.0,100.0,1269.9216,0.0,0,0.0,0.0
200.0,A,RUNNING,197.72,0,4,0,8,0.0,20.0,100.0,1268.9216,0.0,0,0.0,0.0
201.0,A,RUNNING,198.72,0,4,0,8,0.0,20.0,100.0,1267.9216,0.0,0,0.0,0.0
202.0,A,RUNNING,199.72,0,4,0,8,0.0,20.0,100.0,1266.9216,0.0,0,0.0,0.0
203.0,A,RUNNING,200.72,0,4,0,8,0.0,20.0,100.0,1265.9216,0.0,0,0.0,0.0
204.0,A,RUNNING,201.72,0,4,0,8,0.0,20.0,100.0,1264.9216,0.0,0,0.0,0.0
205.0,A,RUNNING,202.72,0,4,0,8,0.0,20.0,100.0,1263.9216,0.0,0,0.0,0.0
206.0,A,RUNNING,203.72,0,4,0,8,0.0,20.0,100.0,1262.9216,0.0,0,0.0,0.0
207.0,A,RUNNING,204.72,0,4,0,8,0.0,20.0,100.0,1261.9216,0.0,0,0.0,0.0
208.0,A,RUNNING,205.72,0,4,0,8,0.0,20.0,100.0,1260.9216,0.0,0,0.0,0.0
209.0,A,RUNNING,206.72,1,4,1,8,0.125,20.0,99.9,1264.3521,0.0,0,0.0,0.0
210.0,A,RUNNING,207.72,1,4,1,8,0.125,20.0,99.9,1263.3521,0.0,0,0.0,0.0
211.0,A,RUNNING,208.72,1,4,1,8,0.125,20.0,99.9,1262.3521,0.0,0,0.0,0.0
212.0,A,RUNNING,209.72,1,4,1,8,0.125,20.0,99.9,1261.3521,0.0,0,0.0,0.0
213.0,A,RUNNING,210.72,1,4,1,8,0.125,20.0,99.9,1260.3521,0.0,0,0.0,0.0
214.0,A,RUNNING,211.72,1,4,1,8,0.125,20.0,99.9,1259.3521,0.0,0,0.0,0.0
215.0,A,RUNNING,212.72,1,4,1,8,0.125,20.0,99.9,1258.3521,0.0,0,0.0,0.0
216.0,A,RUNNING,213.724,1,4,1,8,0.125,20.0,99.9,1257.3481,0.0,0,0.0,0.0
217.0,A,RUNNING,214.72,1,4,1,8,0.125,20.0,99.9,1256.3521,0.0,0,0.0,0.0
218.0,A,RUNNING,215.72,1,4,1,8,0.125,20.0,99.9,1255.3521,0.0,0,0.0,0.0
219.0,A,RUNNING,216.72,1,4,1,8,0.125,20.0,99.9,1254.3521,0.0,0,0.0,0.0
220.0,A,RUNNING,217.72,1,4,1,8,0.125,20.0,99.9,1253.3521,0.0,0,0.0,0.0
221.0,A,RUNNING,218.72,1,4,1,8,0.125,20.0,99.9,1252.3521,0.0,0,0.0,0.0
222.0,A,RUNNING,219.72,1,4,1,8,0.125,20.0,99.9,1251.3521,0.0,0,0.0,0.0
223.0,A,RUNNING,220.72,1,4,1,8,0.125,20.0,99.9,1250.3521,0.0,0,0.0,0.0
224.0,A,RUNNING,221.72,1,4,1,8,0.125,20.0,99.9,1249.3521,0.0,0,0.0,0.0
225.0,A,RUNNING,222.72,1,4,1,8,0.125,20.0,99.9,1248.3521,0.0,0,0.0,0.0
226.0,A,RUNNING,223.724,1,4,1,8,0.125,20.0,99.9,1247.3481,0.0,0,0.0,0.0
227.0,A,RUNNING,224.72,1,4,1,8,0.125,20.0,99.9,1246.3521,0.0,0,0.0,0.0
228.0,A,RUNNING,225.72,1,4,1,8,0.125,20.0,99.9,1245.3521,0.0,0,0.0,0.0
229.0,A,RUNNING,226.72,1,4,1,8,0.125,20.0,99.9,1244.3521,0.0,0,0.0,0.0
230.0,A,RUNNING,227.72,1,4,1,8,0.125,20.0,99.9,1243.3521,0.0,0,0.0,0.0
231.0,A,RUNNING,228.72,1,4,1,8,0.125,20.0,99.9,1242.3521,0.0,0,0.0,0.0
232.0,A,RUNNING,229.72,1,4,1,8,0.125,20.0,99.9,1241.3521,0.0,0,0.0,0.0
233.0,A,RUNNING,230.72,1,4,1,8,0.125,20.0,99.9,1240.3521,0.0,0,0.0,0.0
234.0,A,RUNNING,231.72,1,4,1,8,0.125,20.0,99.9,1239.3521,0.0,0,0.0,0.0
235.0,A,RUNNING,232.724,1,4,1,8,0.125,20.0,99.9,1238.3481,0.0,0,0.0,0.0
236.0,A,RUNNING,233.72,1,4,1,8,0.125,20.0,99.9,1237.3521,0.0,0,0.0,0.0
237.0,A,RUNNING,234.72,1,4,1,8,0.125,20.0,99.9,1236.3521,0.0,0,0.0,0.0
238.0,A,RUNNING,235.724,1,4,1,8,0.125,20.0,99.9,1235.3481,0.0,0,0.0,0.0
239.0,A,RUNNING,236.72,1,4,1,8,0.125,20.0,99.9,1234.3521,0.0,0,0.0,0.0
240.0,A,RUNNING,237.72,1,4,1,8,0.125,20.0,99.9,1233.3521,0.0,0,0.0,0.0
241.0,A,RUNNING,238.72,1,4,1,8,0.125,20.0,99.9,1232.3521,0.0,0,0.0,0.0
242.0,A,RUNNING,239.72,1,4,1,8,0.125,20.0,99.9,1231.3521,0.0,0,0.0,0.0
243.0,A,RUNNING,240.72,1,4,1,8,0.125,20.0,99.9,1230.3521,0.0,0,0.0,0.0
244.0,A,RUNNING,241.72,1,4,1,8,0.125,20.0,99.9,1229.3521,0.0,0,0.0,0.0
245.0,A,RUNNING,242.724,1,4,1,8,0.125,20.0,99.9,1228.3481,0.0,0,0.0,0.0
246.0,A,RUNNING,243.72,1,4,1,8,0.125,20.0,99.9,1227.3521,0.0,0,0.0,0.0
247.0,A,RUNNING,244.72,1,4,1,8,0.125,20.0,99.9,1226.3521,0.0,0,0.0,0.0
248.0,A,RUNNING,245.72,1,4,1,8,0.125,20.0,99.9,1225.3521,0.0,0,0.0,0.0
249.0,A,RUNNING,246.72,1,4,1,8,0.125,20.0,99.9,1224.3521,0.0,0,0.0,0.0
250.0,A,RUNNING,247.72,1,4,1,8,0.125,20.0,99.9,1223.3521,0.0,0,0.0,0.0
251.0,A,RUNNING,248.72,1,4,1,8,0.125,20.0,99.9,1222.3521,0.0,0,0.0,0.0
252.0,A,RUNNING,249.72,1,4,1,8,0.125,20.0,99.9,1221.3521,0.0,0,0.0,0.0
253.0,A,RUNNING,250.72,1,4,1,8,0.125,20.0,99.9,1220.3521,0.0,0,0.0,0.0
254.0,A,RUNNING,251.72,1,4,1,8,0.125,20.0,99.9,1219.3521,0.0,0,0.0,0.0
255.0,A,RUNNING,252.72,1,4,1,8,0.125,20.0,99.9,1218.3521,0.0,0,0.0,0.0
256.0,A,RUNNING,253.72,1,4,1,8,0.125,20.0,99.9,1217.3521,0.0,0,0.0,0.0
257.0,A,RUNNING,254.72,1,4,1,8,0.125,20.0,99.9,1216.3521,0.0,0,0.0,0.0
258.0,A,RUNNING,255.72,1,4,1,8,0.125,20.0,99.9,1215.3521,0.0,0,0.0,0.0
259.0,A,RUNNING,256.72,1,4,1,8,0.125,20.0,99.9,1214.3521,0.0,0,0.0,0.0
260.0,A,RUNNING,257.72,1,4,1,8,0.125,20.0,99.9,1213.3521,0.0,0,0.0,0.0
261.0,A,RUNNING,258.72,1,4,1,8,0.125,20.0,99.9,1212.3521,0.0,0,0.0,0.0
262.0,A,RUNNING,259.72,1,4,1,8,0.125,20.0,99.9,1211.3521,0.0,0,0.0,0.0
263.0,A,RUNNING,260.72,1,4,1,8,0.125,20.0,99.9,1210.3521,0.0,0,0.0,0.0
264.0,A,RUNNING,261.72,1,4,1,8,0.125,20.0,99.9,1209.3521,0.0,0,0.0,0.0
265.0,A,RUNNING,262.72,1,4,1,8,0.125,20.0,99.9,1208.3521,0.0,0,0.0,0.0
266.0,A,RUNNING,263.72,1,4,1,8,0.125,20.0,99.9,1207.3521,0.0,0,0.0,0.0
267.0,A,RUNNING,264.72,1,4,1,8,0.125,20.0,99.9,1206.3521,0.0,0,0.0,0.0
268.0,A,RUNNING,265.72,1,4,1,8,0.125,20.0,99.9,1205.3521,0.0,0,0.0,0.0
269.0,A,RUNNING,266.72,1,4,1,8,0.125,20.0,99.9,1204.3521,0.0,0,0.0,0.0
270.0,A,RUNNING,267.72,1,4,1,8,0.125,20.0,99.9,1203.3521,0.0,0,0.0,0.0
271.0,A,RUNNING,268.72,1,4,1,8,0.125,20.0,99.9,1202.3521,0.0,0,0.0,0.0
272.0,A,RUNNING,269.72,1,4,1,8,0.125,20.0,99.9,1201.3521,0.0,0,0.0,0.0
273.0,A,RUNNING,270.72,1,4,1,8,0.125,20.0,99.9,1200.3521,0.0,0,0.0,0.0
274.0,A,RUNNING,271.72,1,4,1,8,0.125,20.0,99.9,1199.3521,0.0,0,0.0,0.0
275.0,A,RUNNING,272.72,1,4,1,8,0.125,20.0,99.9,1198.3521,0.0,0,0.0,0.0
276.0,A,RUNNING,273.72,1,4,1,8,0.125,20.0,99.9,1197.3521,0.0,0,0.0,0.0
277.0,A,RUNNING,274.72,1,4,1,8,0.125,20.0,99.9,1196.3521,0.0,0,0.0,0.0
278.0,A,RUNNING,275.72,1,4,1,8,0.125,20.0,99.9,1195.3521,0.0,0,0.0,0.0
279.0,A,RUNNING,276.72,1,4,1,8,0.125,20.0,99.9,1194.3521,0.0,0,0.0,0.0
280.0,A,RUNNING,277.72,1,4,1,8,0.125,20.0,99.9,1193.3521,0.0,0,0.0,0.0
281.0,A,RUNNING,278.72,1,4,1,8,0.125,20.0,99.9,1192.3521,0.0,0,0.0,0.0
282.0,A,RUNNING,279.72,1,4,1,8,0.125,20.0,99.9,1191.3521,0.0,0,0.0,0.0
283.0,A,RUNNING,280.72,1,4,1,8,0.125,20.0,99.9,1190.3521,0.0,0,0.0,0.0
284.0,A,RUNNING,281.72,1,4,1,8,0.125,20.0,99.9,1189.3521,0.0,0,0.0,0.0
285.0,A,RUNNING,282.72,1,4,1,8,0.125,20.0,99.9,1188.3521,0.0,0,0.0,0.0
286.0,A,RUNNING,283.72,1,4,1,8,0.125,20.0,99.9,1187.3521,0.0,0,0.0,0.0
287.0,A,RUNNING,284.72,1,4,1,8,0.125,20.0,99.9,1186.3521,0.0,0,0.0,0.0
288.0,A,RUNNING,285.72,1,4,1,8,0.125,20.0,99.9,1185.3521,0.0,0,0.0,0.0
289.0,A,RUNNING,286.72,1,4,1,8,0.125,20.0,99.9,1184.3521,0.0,0,0.0,0.0
290.0,A,RUNNING,287.72,1,4,1,8,0.125,20.0,99.9,1183.3521,0.0,0,0.0,0.0
291.0,A,RUNNING,288.72,1,4,1,8,0.125,20.0,99.9,1182.3521,0.0,0,0.0,0.0
292.0,A,RUNNING,289.72,1,4,1,8,0.125,20.0,99.9,1181.3521,0.0,0,0.0,0.0
293.0,A,RUNNING,290.72,1,4,1,8,0.125,20.0,99.9,1180.3521,0.0,0,0.0,0.0
294.0,A,RUNNING,291.72,1,4,1,8,0.125,20.0,99.9,1179.3521,0.0,0,0.0,0.0
295.0,A,RUNNING,292.72,1,4,1,8,0.125,20.0,99.9,1178.3521,0.0,0,0.0,0.0
296.0,A,RUNNING,293.72,1,4,1,8,0.125,20.0,99.9,1177.3521,0.0,0,0.0,0.0
297.0,A,RUNNING,294.72,1,4,1,8,0.125,20.0,99.9,1176.3521,0.0,0,0.0,0.0
298.0,A,RUNNING,295.72,1,4,1,8,0.125,20.0,99.9,1175.3521,0.0,0,0.0,0.0
299.0,A,RUNNING,296.72,1,4,1,8,0.125,20.0,99.9,1174.3521,0.0,0,0.0,0.0
300.0,A,RUNNING,297.72,1,4,1,8,0.125,20.0,99.9,1173.3521,0.0,0,0.0,0.0
301.0,A,RUNNING,298.72,1,4,1,8,0.125,20.0,99.9,1172.3521,0.0,0,0.0,0.0
302.0,A,RUNNING,299.72,1,4,1,8,0.125,20.0,99.9,1171.3521,0.0,0,0.0,0.0
303.0,A,RUNNING,300.72,1,4,1,8,0.125,20.0,99.9,1170.3521,0.0,0,0.0,0.0
304.0,A,RUNNING,301.72,1,4,1,8,0.125,20.0,99.9,1169.3521,0.0,0,0.0,0.0
305.0,A,RUNNING,302.72,1,4,1,8,0.125,20.0,99.9,1168.3521,0.0,0,0.0,0.0
306.0,A,RUNNING,303.72,1,4,1,8,0.125,20.0,99.9,1167.3521,0.0,0,0.0,0.0
307.0,A,RUNNING,304.72,1,4,1,8,0.125,20.0,99.9,1166.3521,0.0,0,0.0,0.0
308.0,A,RUNNING,305.72,1,4,1,8,0.125,20.0,99.9,1165.3521,0.0,0,0.0,0.0
309.0,A,RUNNING,306.72,1,4,1,8,0.125,20.0,99.9,1164.3521,0.0,0,0.0,0.0
310.0,A,RUNNING,307.72,1,4,1,8,0.125,20.0,99.9,1163.3521,0.0,0,0.0,0.0
311.0,A,RUNNING,308.72,1,4,1,8,0.125,20.0,99.9,1162.3521,0.0,0,0.0,0.0
312.0,A,RUNNING,309.72,1,4,1,8,0.125,20.0,99.9,1161.3521,0.0,0,0.0,0.0
313.0,A,RUNNING,310.72,1,4,1,8,0.125,20.0,99.9,1160.3521,0.0,0,0.0,0.0
314.0,A,RUNNING,311.72,1,4,1,8,0.125,20.0,99.9,1159.3521,0.0,0,0.0,0.0
315.0,A,RUNNING,312.72,1,4,1,8,0.125,20.0,99.9,1158.3521,0.0,0,0.0,0.0
316.0,A,RUNNING,313.72,1,4,1,8,0.125,20.0,99.9,1157.3521,0.0,0,0.0,0.0
317.0,A,RUNNING,314.72,1,4,1,8,0.125,20.0,99.9,1156.3521,0.0,0,0.0,0.0
318.0,A,RUNNING,315.72,1,4,1,8,0.125,20.0,99.9,1155.3521,0.0,0,0.0,0.0
319.0,A,RUNNING,316.72,1,4,1,8,0.125,20.0,99.9,1154.3521,0.0,0,0.0,0.0
320.0,A,RUNNING,317.72,1,4,1,8,0.125,20.0,99.9,1153.3521,0.0,0,0.0,0.0
321.0,A,RUNNING,318.72,1,4,1,8,0.125,20.0,99.9,1152.3521,0.0,0,0.0,0.0
322.0,A,RUNNING,319.72,1,4,1,8,0.125,20.0,99.9,1151.3521,0.0,0,0.0,0.0
323.0,A,RUNNING,320.724,1,4,1,8,0.125,20.0,99.9,1150.3481,0.0,0,0.0,0.0
324.0,A,RUNNING,321.72,1,4,1,8,0.125,20.0,99.9,1149.3521,0.0,0,0.0,0.0
325.0,A,RUNNING,322.72,1,4,1,8,0.125,20.0,99.9,1148.3521,0.0,0,0.0,0.0
326.0,A,RUNNING,323.72,1,4,1,8,0.125,20.0,99.9,1147.3521,0.0,0,0.0,0.0
327.0,A,RUNNING,324.72,1,4,1,8,0.125,20.0,99.9,1146.3521,0.0,0,0.0,0.0
328.0,A,RUNNING,325.72,1,4,1,8,0.125,20.0,99.9,1145.3521,0.0,0,0.0,0.0
329.0,A,RUNNING,326.72,1,4,1,8,0.125,20.0,99.9,1144.3521,0.0,0,0.0,0.0
330.0,A,RUNNING,327.72,1,4,1,8,0.125,20.0,99.9,1143.3521,0.0,0,0.0,0.0
331.0,A,RUNNING,328.72,1,4,1,8,0.125,20.0,99.9,1142.3521,0.0,0,0.0,0.0
332.0,A,RUNNING,329.72,1,4,1,8,0.125,20.0,99.9,1141.3521,0.0,0,0.0,0.0
333.0,A,RUNNING,330.72,1,4,1,8,0.125,20.0,99.9,1140.3521,0.0,0,0.0,0.0
334.0,A,RUNNING,331.72,1,4,1,8,0.125,20.0,99.9,1139.3521,0.0,0,0.0,0.0
335.0,A,RUNNING,332.72,1,4,1,8,0.125,20.0,99.9,1138.3521,0.0,0,0.0,0.0
336.0,A,RUNNING,333.72,1,4,1,8,0.125,20.0,99.9,1137.3521,0.0,0,0.0,0.0
337.0,A,RUNNING,334.72,1,4,1,8,0.125,20.0,99.9,1136.3521,0.0,0,0.0,0.0
338.0,A,RUNNING,335.72,1,4,1,8,0.125,20.0,99.9,1135.3521,0.0,0,0.0,0.0
339.0,A,RUNNING,336.72,1,4,1,8,0.125,20.0,99.9,1134.3521,0.0,0,0.0,0.0
340.0,A,RUNNING,337.72,1,4,1,8,0.125,20.0,99.9,1133.3521,0.0,0,0.0,0.0
341.0,A,RUNNING,338.72,1,4,1,8,0.125,20.0,99.9,1132.3521,0.0,0,0.0,0.0
342.0,A,RUNNING,339.72,1,4,1,8,0.125,20.0,99.9,1131.3521,0.0,0,0.0,0.0
343.0,A,RUNNING,340.72,1,4,1,8,0.125,20.0,99.9,1130.3521,0.0,0,0.0,0.0
344.0,A,RUNNING,341.72,1,4,1,8,0.125,20.0,99.9,1129.3521,0.0,0,0.0,0.0
345.0,A,RUNNING,342.72,1,4,1,8,0.125,20.0,99.9,1128.3521,0.0,0,0.0,0.0
346.0,A,RUNNING,343.72,1,4,1,8,0.125,20.0,99.9,1127.3521,0.0,0,0.0,0.0
347.0,A,RUNNING,344.72,1,4,1,8,0.125,20.0,99.9,1126.3521,0.0,0,0.0,0.0
348.0,A,RUNNING,345.72,1,4,1,8,0.125,20.0,99.9,1125.3521,0.0,0,0.0,0.0
349.0,A,RUNNING,346.72,1,4,1,8,0.125,20.0,99.9,1124.3521,0.0,0,0.0,0.0
350.0,A,RUNNING,347.72,1,4,1,8,0.125,20.0,99.9,1123.3521,0.0,0,0.0,0.0
351.0,A,RUNNING,348.72,1,4,1,8,0.125,20.0,99.9,1122.3521,0.0,0,0.0,0.0
352.0,A,RUNNING,349.72,1,4,1,8,0.125,20.0,99.9,1121.3521,0.0,0,0.0,0.0
353.0,A,RUNNING,350.72,1,4,1,8,0.125,20.0,99.9,1120.3521,0.0,0,0.0,0.0
354.0,A,RUNNING,351.72,1,4,1,8,0.125,20.0,99.9,1119.3521,0.0,0,0.0,0.0
355.0,A,RUNNING,352.72,1,4,1,8,0.125,20.0,99.9,1118.3521,0.0,0,0.0,0.0
356.0,A,RUNNING,353.72,1,4,1,8,0.125,20.0,99.9,1117.3521,0.0,0,0.0,0.0
357.0,A,RUNNING,354.72,1,4,1,8,0.125,20.0,99.9,1116.3521,0.0,0,0.0,0.0
358.0,A,RUNNING,355.72,1,4,1,8,0.125,20.0,99.9,1115.3521,0.0,0,0.0,0.0
359.0,A,RUNNING,356.72,1,4,1,8,0.125,20.0,99.9,1114.3521,0.0,0,0.0,0.0
360.0,A,RUNNING,357.72,1,4,1,8,0.125,20.0,99.9,1113.3521,0.0,0,0.0,0.0
361.0,A,RUNNING,358.72,1,4,1,8,0.125,20.0,99.9,1112.3521,0.0,0,0.0,0.0
362.0,A,RUNNING,359.72,1,4,1,8,0.125,20.0,99.9,1111.3521,0.0,0,0.0,0.0
363.0,A,RUNNING,360.72,1,4,1,8,0.125,20.0,99.9,1110.3521,0.0,0,0.0,0.0
364.0,A,RUNNING,361.72,1,4,1,8,0.125,20.0,99.9,1109.3521,0.0,0,0.0,0.0
365.0,A,RUNNING,362.72,1,4,1,8,0.125,20.0,99.9,1108.3521,0.0,0,0.0,0.0
366.0,A,RUNNING,363.72,1,4,1,8,0.125,20.0,99.9,1107.3521,0.0,0,0.0,0.0
367.0,A,RUNNING,364.72,1,4,1,8,0.125,20.0,99.9,1106.3521,0.0,0,0.0,0.0
368.0,A,RUNNING,365.72,1,4,1,8,0.125,20.0,99.9,1105.3521,0.0,0,0.0,0.0
369.0,A,RUNNING,366.72,1,4,1,8,0.125,20.0,99.9,1104.3521,0.0,0,0.0,0.0
370.0,A,RUNNING,367.72,1,4,1,8,0.125,20.0,99.9,1103.3521,0.0,0,0.0,0.0
371.0,A,RUNNING,368.72,1,4,1,8,0.125,20.0,99.9,1102.3521,0.0,0,0.0,0.0
372.0,A,RUNNING,369.72,1,4,1,8,0.125,20.0,99.9,1101.3521,0.0,0,0.0,0.0
373.0,A,RUNNING,370.72,1,4,1,8,0.125,20.0,99.9,1100.3521,0.0,0,0.0,0.0
374.0,A,RUNNING,371.72,1,4,1,8,0.125,20.0,99.9,1099.3521,0.0,0,0.0,0.0
375.0,A,RUNNING,372.72,1,4,1,8,0.125,20.0,99.9,1098.3521,0.0,0,0.0,0.0
376.0,A,RUNNING,373.72,1,4,1,8,0.125,20.0,99.9,1097.3521,0.0,0,0.0,0.0
377.0,A,RUNNING,374.72,1,4,1,8,0.125,20.0,99.9,1096.3521,0.0,0,0.0,0.0
378.0,A,RUNNING,375.72,1,4,1,8,0.125,20.0,99.9,1095.3521,0.0,0,0.0,0.0
379.0,A,RUNNING,376.72,1,4,1,8,0.125,20.0,99.9,1094.3521,0.0,0,0.0,0.0
380.0,A,RUNNING,377.72,1,4,1,8,0.125,20.0,99.9,1093.3521,0.0,0,0.0,0.0
381.0,A,RUNNING,378.72,1,4,1,8,0.125,20.0,99.9,1092.3521,0.0,0,0.0,0.0
382.0,A,RUNNING,379.72,1,4,1,8,0.125,20.0,99.9,1091.3521,0.0,0,0.0,0.0
383.0,A,RUNNING,380.72,1,4,1,8,0.125,20.0,99.9,1090.3521,0.0,0,0.0,0.0
384.0,A,RUNNING,381.72,1,4,1,8,0.125,20.0,99.9,1089.3521,0.0,0,0.0,0.0
385.0,A,RUNNING,382.72,1,4,1,8,0.125,20.0,99.9,1088.3521,0.0,0,0.0,0.0
386.0,A,RUNNING,383.72,1,4,1,8,0.125,20.0,99.9,1087.3521,0.0,0,0.0,0.0
387.0,A,RUNNING,384.72,1,4,1,8,0.125,20.0,99.9,1086.3521,0.0,0,0.0,0.0
388.0,A,RUNNING,385.72,1,4,1,8,0.125,20.0,99.9,1085.3521,0.0,0,0.0,0.0
389.0,A,RUNNING,386.72,1,4,1,8,0.125,20.0,99.9,1084.3521,0.0,0,0.0,0.0
390.0,A,RUNNING,387.72,1,4,1,8,0.125,20.0,99.9,1083.3521,0.0,0,0.0,0.0
391.0,A,RUNNING,388.72,1,4,1,8,0.125,20.0,99.9,1082.3521,0.0,0,0.0,0.0
392.0,A,RUNNING,389.72,1,4,1,8,0.125,20.0,99.9,1081.3521,0.0,0,0.0,0.0
393.0,A,RUNNING,390.72,1,4,1,8,0.125,20.0,99.9,1080.3521,0.0,0,0.0,0.0
394.0,A,RUNNING,391.72,2,4,2,8,0.25,20.0,99.8,1074.9494,0.0,0,0.0,0.0
395.0,A,RUNNING,392.72,2,4,2,8,0.25,20.0,99.8,1073.9494,0.0,0,0.0,0.0
396.0,A,RUNNING,393.72,2,4,2,8,0.25,20.0,99.8,1072.9494,0.0,0,0.0,0.0
397.0,A,RUNNING,394.72,2,4,2,8,0.25,20.0,99.8,1071.9494,0.0,0,0.0,0.0
398.0,A,RUNNING,395.72,2,4,2,8,0.25,20.0,99.8,1070.9494,0.0,0,0.0,0.0
399.0,A,RUNNING,396.72,2,4,2,8,0.25,20.0,99.8,1069.9494,0.0,0,0.0,0.0
400.0,A,RUNNING,397.72,2,4,2,8,0.25,20.0,99.8,1068.9494,0.0,0,0.0,0.0
401.0,A,RUNNING,398.72,2,4,2,8,0.25,20.0,99.8,1067.9494,0.0,0,0.0,0.0
402.0,A,RUNNING,399.72,2,4,2,8,0.25,20.0,99.8,1066.9494,0.0,0,0.0,0.0
403.0,A,RUNNING,400.72,2,4,2,8,0.25,20.0,99.8,1065.9494,0.0,0,0.0,0.0
404.0,A,RUNNING,401.72,2,4,2,8,0.25,20.0,99.8,1064.9494,0.0,0,0.0,0.0
405.0,A,RUNNING,402.72,2,4,2,8,0.25,20.0,99.8,1063.9494,0.0,0,0.0,0.0
406.0,A,RUNNING,403.72,2,4,2,8,0.25,20.0,99.8,1062.9494,0.0,0,0.0,0.0
407.0,A,RUNNING,404.72,2,4,2,8,0.25,20.0,99.8,1061.9494,0.0,0,0.0,0.0
408.0,A,RUNNING,405.72,2,4,2,8,0.25,20.0,99.8,1060.9494,0.0,0,0.0,0.0
409.0,A,RUNNING,406.72,2,4,2,8,0.25,20.0,99.8,1059.9494,0.0,0,0.0,0.0
410.0,A,RUNNING,407.72,2,4,2,8,0.25,20.0,99.8,1058.9494,0.0,0,0.0,0.0
411.0,A,RUNNING,408.72,2,4,2,8,0.25,20.0,99.8,1057.9494,0.0,0,0.0,0.0
412.0,A,RUNNING,409.72,2,4,2,8,0.25,20.0,99.8,1056.9494,0.0,0,0.0,0.0
413.0,A,RUNNING,410.72,2,4,2,8,0.25,20.0,99.8,1055.9494,0.0,0,0.0,0.0
414.0,A,RUNNING,411.72,2,4,2,8,0.25,20.0,99.8,1054.9494,0.0,0,0.0,0.0
415.0,A,RUNNING,412.72,2,4,2,8,0.25,20.0,99.8,1053.9494,0.0,0,0.0,0.0
416.0,A,RUNNING,413.72,2,4,2,8,0.25,20.0,99.8,1052.9494,0.0,0,0.0,0.0
417.0,A,RUNNING,414.72,2,4,2,8,0.25,20.0,99.8,1051.9494,0.0,0,0.0,0.0
418.0,A,RUNNING,415.72,2,4,2,8,0.25,20.0,99.8,1050.9494,0.0,0,0.0,0.0
419.0,A,RUNNING,416.72,2,4,2,8,0.25,20.0,99.8,1049.9494,0.0,0,0.0,0.0
420.0,A,RUNNING,417.72,2,4,2,8,0.25,20.0,99.8,1048.9494,0.0,0,0.0,0.0
421.0,A,RUNNING,418.72,2,4,2,8,0.25,20.0,99.8,1047.9494,0.0,0,0.0,0.0
422.0,A,RUNNING,419.72,2,4,2,8,0.25,20.0,99.8,1046.9494,0.0,0,0.0,0.0
423.0,A,RUNNING,420.72,2,4,2,8,0.25,20.0,99.8,1045.9494,0.0,0,0.0,0.0
424.0,A,RUNNING,421.72,2,4,2,8,0.25,20.0,99.8,1044.9494,0.0,0,0.0,0.0
425.0,A,RUNNING,422.72,2,4,2,8,0.25,20.0,99.8,1043.9494,0.0,0,0.0,0.0
426.0,A,RUNNING,423.72,2,4,2,8,0.25,20.0,99.8,1042.9494,0.0,0,0.0,0.0
427.0,A,RUNNING,424.72,2,4,2,8,0.25,20.0,99.8,1041.9494,0.0,0,0.0,0.0
428.0,A,RUNNING,425.72,2,4,2,8,0.25,20.0,99.8,1040.9494,0.0,0,0.0,0.0
429.0,A,RUNNING,426.72,2,4,2,8,0.25,20.0,99.8,1039.9494,0.0,0,0.0,0.0
430.0,A,RUNNING,427.72,2,4,2,8,0.25,20.0,99.8,1038.9494,0.0,0,0.0,0.0
431.0,A,RUNNING,428.72,2,4,2,8,0.25,20.0,99.8,1037.9494,0.0,0,0.0,0.0
432.0,A,RUNNING,429.72,2,4,2,8,0.25,20.0,99.8,1036.9494,0.0,0,0.0,0.0
433.0,A,RUNNING,430.72,2,4,2,8,0.25,20.0,99.8,1035.9494,0.0,0,0.0,0.0
434.0,A,RUNNING,431.72,2,4,2,8,0.25,20.0,99.8,1034.9494,0.0,0,0.0,0.0
435.0,A,RUNNING,432.72,2,4,2,8,0.25,20.0,99.8,1033.9494,0.0,0,0.0,0.0
436.0,A,RUNNING,433.72,2,4,2,8,0.25,20.0,99.8,1032.9494,0.0,0,0.0,0.0
437.0,A,RUNNING,434.72,2,4,2,8,0.25,20.0,99.8,1031.9494,0.0,0,0.0,0.0
438.0,A,RUNNING,435.72,2,4,2,8,0.25,20.0,99.8,1030.9494,0.0,0,0.0,0.0
439.0,A,RUNNING,436.72,2,4,2,8,0.25,20.0,99.8,1029.9494,0.0,0,0.0,0.0
440.0,A,RUNNING,437.72,2,4,2,8,0.25,20.0,99.8,1028.9494,0.0,0,0.0,0.0
441.0,A,RUNNING,438.72,2,4,2,8,0.25,20.0,99.8,1027.9494,0.0,0,0.0,0.0
442.0,A,RUNNING,439.72,2,4,2,8,0.25,20.0,99.8,1026.9494,0.0,0,0.0,0.0
443.0,A,RUNNING,440.72,2,4,2,8,0.25,20.0,99.8,1025.9494,0.0,0,0.0,0.0
444.0,A,RUNNING,441.72,2,4,2,8,0.25,20.0,99.8,1024.9494,0.0,0,0.0,0.0
445.0,A,RUNNING,442.72,2,4,2,8,0.25,20.0,99.8,1023.9494,0.0,0,0.0,0.0
446.0,A,RUNNING,443.72,2,4,2,8,0.25,20.0,99.8,1022.9494,0.0,0,0.0,0.0
447.0,A,RUNNING,444.72,2,4,2,8,0.25,20.0,99.8,1021.9494,0.0,0,0.0,0.0
448.0,A,RUNNING,445.72,2,4,2,8,0.25,20.0,99.8,1020.9494,0.0,0,0.0,0.0
449.0,A,RUNNING,446.72,2,4,2,8,0.25,20.0,99.8,1019.9494,0.0,0,0.0,0.0
450.0,A,RUNNING,447.72,2,4,2,8,0.25,20.0,99.8,1018.9494,0.0,0,0.0,0.0
451.0,A,RUNNING,448.72,2,4,2,8,0.25,20.0,99.8,1017.9494,0.0,0,0.0,0.0
452.0,A,RUNNING,449.72,2,4,2,8,0.25,20.0,99.8,1016.9494,0.0,0,0.0,0.0
453.0,A,RUNNING,450.72,2,4,2,8,0.25,20.0,99.8,1015.9494,0.0,0,0.0,0.0
454.0,A,RUNNING,451.72,2,4,2,8,0.25,20.0,99.8,1014.9494,0.0,0,0.0,0.0
455.0,A,RUNNING,452.72,2,4,2,8,0.25,20.0,99.8,1013.9494,0.0,0,0.0,0.0
456.0,A,RUNNING,453.72,2,4,2,8,0.25,20.0,99.8,1012.9494,0.0,0,0.0,0.0
457.0,A,RUNNING,454.72,2,4,2,8,0.25,20.0,99.8,1011.9494,0.0,0,0.0,0.0
458.0,A,RUNNING,455.72,2,4,2,8,0.25,20.0,99.8,1010.9494,0.0,0,0.0,0.0
459.0,A,RUNNING,456.72,2,4,2,8,0.25,20.0,99.8,1009.9494,0.0,0,0.0,0.0
460.0,A,RUNNING,457.72,2,4,2,8,0.25,20.0,99.8,1008.9494,0.0,0,0.0,0.0
461.0,A,RUNNING,458.72,2,4,2,8,0.25,20.0,99.8,1007.9494,0.0,0,0.0,0.0
462.0,A,RUNNING,459.72,2,4,2,8,0.25,20.0,99.8,1006.9494,0.0,0,0.0,0.0
463.0,A,RUNNING,460.72,2,4,2,8,0.25,20.0,99.8,1005.9494,0.0,0,0.0,0.0
464.0,A,RUNNING,461.724,2,4,2,8,0.25,20.0,99.8,1004.9454,0.0,0,0.0,0.0
465.0,A,RUNNING,462.72,2,4,2,8,0.25,20.0,99.8,1003.9494,0.0,0,0.0,0.0
466.0,A,RUNNING,463.72,2,4,2,8,0.25,20.0,99.8,1002.9494,0.0,0,0.0,0.0
467.0,A,RUNNING,464.72,2,4,2,8,0.25,20.0,99.8,1001.9494,0.0,0,0.0,0.0
468.0,A,RUNNING,465.72,2,6,0,8,0.0,20.0,99.8,1360.9494,0.0,0,0.0,0.0
469.0,A,RUNNING,466.72,2,6,0,8,0.0,20.0,99.8,1359.9494,0.0,0,0.0,0.0
470.0,A,RUNNING,467.72,2,6,0,8,0.0,20.0,99.8,1358.9494,0.0,0,0.0,0.0
471.0,A,RUNNING,468.72,2,6,0,8,0.0,20.0,99.8,1357.9494,0.0,0,0.0,0.0
472.0,A,RUNNING,469.72,2,6,0,8,0.0,20.0,99.8,1356.9494,0.0,0,0.0,0.0
473.0,A,RUNNING,470.72,2,6,0,8,0.0,20.0,99.8,1355.9494,0.0,0,0.0,0.0
474.0,A,RUNNING,471.72,2,6,0,8,0.0,20.0,99.8,1354.9494,0.0,0,0.0,0.0
475.0,A,RUNNING,472.72,2,6,0,8,0.0,20.0,99.8,1353.9494,0.0,0,0.0,0.0
476.0,A,RUNNING,473.72,2,6,0,8,0.0,20.0,99.8,1352.9494,0.0,0,0.0,0.0
477.0,A,RUNNING,474.72,2,6,0,8,0.0,20.0,99.8,1351.9494,0.0,0,0.0,0.0
478.0,A,RUNNING,475.72,2,6,0,8,0.0,20.0,99.8,1350.9494,0.0,0,0.0,0.0
479.0,A,RUNNING,476.72,2,6,0,8,0.0,20.0,99.8,1349.9494,0.0,0,0.0,0.0
480.0,A,RUNNING,477.72,2,6,0,8,0.0,20.0,99.8,1348.9494,0.0,0,0.0,0.0
481.0,A,RUNNING,478.72,2,6,0,8,0.0,20.0,99.8,1347.9494,0.0,0,0.0,0.0
482.0,A,RUNNING,479.72,2,6,0,8,0.0,20.0,99.8,1346.9494,0.0,0,0.0,0.0
483.0,A,RUNNING,480.72,2,6,0,8,0.0,20.0,99.8,1345.9494,0.0,0,0.0,0.0
484.0,A,RUNNING,481.72,2,6,0,8,0.0,20.0,99.8,1344.9494,0.0,0,0.0,0.0
485.0,A,RUNNING,482.72,2,6,0,8,0.0,20.0,99.8,1343.9494,0.0,0,0.0,0.0
486.0,A,RUNNING,483.72,2,6,0,8,0.0,20.0,99.8,1342.9494,0.0,0,0.0,0.0
487.0,A,RUNNING,484.72,2,6,0,8,0.0,20.0,99.8,1341.9494,0.0,0,0.0,0.0
488.0,A,RUNNING,485.72,2,6,0,8,0.0,20.0,99.8,1340.9494,0.0,0,0.0,0.0
489.0,A,RUNNING,486.72,2,6,0,8,0.0,20.0,99.8,1339.9494,0.0,0,0.0,0.0
490.0,A,RUNNING,487.72,2,6,0,8,0.0,20.0,99.8,1338.9494,0.0,0,0.0,0.0
491.0,A,RUNNING,488.72,2,6,0,8,0.0,20.0,99.8,1337.9494,0.0,0,0.0,0.0
492.0,A,RUNNING,489.72,2,6,0,8,0.0,20.0,99.8,1336.9494,0.0,0,0.0,0.0
493.0,A,RUNNING,490.72,2,6,0,8,0.0,20.0,99.8,1335.9494,0.0,0,0.0,0.0
494.0,A,RUNNING,491.72,2,6,0,8,0.0,20.0,99.8,1334.9494,0.0,0,0.0,0.0
495.0,A,RUNNING,492.72,2,6,0,8,0.0,20.0,99.8,1333.9494,0.0,0,0.0,0.0
496.0,A,RUNNING,493.72,2,6,0,8,0.0,20.0,99.8,1332.9494,0.0,0,0.0,0.0
497.0,A,RUNNING,494.72,2,6,0,8,0.0,20.0,99.8,1331.9494,0.0,0,0.0,0.0
498.0,A,RUNNING,495.72,2,6,0,8,0.0,20.0,99.8,1330.9494,0.0,0,0.0,0.0
499.0,A,RUNNING,496.72,2,6,0,8,0.0,20.0,99.8,1329.9494,0.0,0,0.0,0.0
500.0,A,RUNNING,497.72,2,6,0,8,0.0,20.0,99.8,1328.9494,0.0,0,0.0,0.0
501.0,A,RUNNING,498.72,2,6,0,8,0.0,20.0,99.8,1327.9494,0.0,0,0.0,0.0
502.0,A,RUNNING,499.72,2,6,0,8,0.0,20.0,99.8,1326.9494,0.0,0,0.0,0.0
503.0,A,RUNNING,500.72,2,6,0,8,0.0,20.0,99.8,1325.9494,0.0,0,0.0,0.0
504.0,A,RUNNING,501.72,2,6,0,8,0.0,20.0,99.8,1324.9494,0.0,0,0.0,0.0
505.0,A,RUNNING,502.72,2,6,0,8,0.0,20.0,99.8,1323.9494,0.0,0,0.0,0.0
506.0,A,RUNNING,503.72,2,6,0,8,0.0,20.0,99.8,1322.9494,0.0,0,0.0,0.0
507.0,A,RUNNING,504.72,2,6,0,8,0.0,20.0,99.8,1321.9494,0.0,0,0.0,0.0
508.0,A,RUNNING,505.72,2,6,0,8,0.0,20.0,99.8,1320.9494,0.0,0,0.0,0.0
509.0,A,RUNNING,506.72,2,6,0,8,0.0,20.0,99.8,1319.9494,0.0,0,0.0,0.0
510.0,A,RUNNING,507.72,2,6,0,8,0.0,20.0,99.8,1318.9494,0.0,0,0.0,0.0
511.0,A,RUNNING,508.72,2,6,0,8,0.0,20.0,99.8,1317.9494,0.0,0,0.0,0.0
512.0,A,RUNNING,509.72,2,6,0,8,0.0,20.0,99.8,1316.9494,0.0,0,0.0,0.0
513.0,A,RUNNING,510.72,2,6,0,8,0.0,20.0,99.8,1315.9494,0.0,0,0.0,0.0
514.0,A,RUNNING,511.72,2,6,0,8,0.0,20.0,99.8,1314.9494,0.0,0,0.0,0.0
515.0,A,RUNNING,512.72,2,6,0,8,0.0,20.0,99.8,1313.9494,0.0,0,0.0,0.0
516.0,A,RUNNING,513.72,2,6,0,8,0.0,20.0,99.8,1312.9494,0.0,0,0.0,0.0
517.0,A,RUNNING,514.72,2,6,0,8,0.0,20.0,99.8,1311.9494,0.0,0,0.0,0.0
518.0,A,RUNNING,515.72,2,6,0,8,0.0,20.0,99.8,1310.9494,0.0,0,0.0,0.0
519.0,A,RUNNING,516.72,2,6,0,8,0.0,20.0,99.8,1309.9494,0.0,0,0.0,0.0
520.0,A,RUNNING,517.72,2,6,0,8,0.0,20.0,99.8,1308.9494,0.0,0,0.0,0.0
521.0,A,RUNNING,518.72,2,6,0,8,0.0,20.0,99.8,1307.9494,0.0,0,0.0,0.0
522.0,A,RUNNING,519.72,2,6,0,8,0.0,20.0,99.8,1306.9494,0.0,0,0.0,0.0
523.0,A,RUNNING,520.72,2,6,0,8,0.0,20.0,99.8,1305.9494,0.0,0,0.0,0.0
524.0,A,RUNNING,521.72,2,6,0,8,0.0,20.0,99.8,1304.9494,0.0,0,0.0,0.0
525.0,A,RUNNING,522.72,2,6,0,8,0.0,20.0,99.8,1303.9494,0.0,0,0.0,0.0
526.0,A,RUNNING,523.72,2,6,0,8,0.0,20.0,99.8,1302.9494,0.0,0,0.0,0.0
527.0,A,RUNNING,524.72,2,6,0,8,0.0,20.0,99.8,1301.9494,0.0,0,0.0,0.0
528.0,A,RUNNING,525.72,2,6,0,8,0.0,20.0,99.8,1300.9494,0.0,0,0.0,0.0
529.0,A,RUNNING,526.72,2,6,0,8,0.0,20.0,99.8,1299.9494,0.0,0,0.0,0.0
530.0,A,RUNNING,527.72,2,6,0,8,0.0,20.0,99.8,1298.9494,0.0,0,0.0,0.0
531.0,A,RUNNING,528.72,2,6,0,8,0.0,20.0,99.8,1297.9494,0.0,0,0.0,0.0
532.0,A,RUNNING,529.72,2,6,0,8,0.0,20.0,99.8,1296.9494,0.0,0,0.0,0.0
533.0,A,RUNNING,530.72,2,6,0,8,0.0,20.0,99.8,1295.9494,0.0,0,0.0,0.0
534.0,A,RUNNING,531.72,2,6,0,8,0.0,20.0,99.8,1294.9494,0.0,0,0.0,0.0
535.0,A,RUNNING,532.72,2,6,0,8,0.0,20.0,99.8,1293.9494,0.0,0,0.0,0.0
536.0,A,RUNNING,533.72,2,6,0,8,0.0,20.0,99.8,1292.9494,0.0,0,0.0,0.0
537.0,A,RUNNING,534.72,2,6,0,8,0.0,20.0,99.8,1291.9494,0.0,0,0.0,0.0
538.0,A,RUNNING,535.72,2,6,0,8,0.0,20.0,99.8,1290.9494,0.0,0,0.0,0.0
539.0,A,RUNNING,536.72,2,6,0,8,0.0,20.0,99.8,1289.9494,0.0,0,0.0,0.0
540.0,A,RUNNING,537.72,2,6,0,8,0.0,20.0,99.8,1288.9494,0.0,0,0.0,0.0
541.0,A,RUNNING,538.72,2,6,0,8,0.0,20.0,99.8,1287.9494,0.0,0,0.0,0.0
542.0,A,RUNNING,539.72,2,6,0,8,0.0,20.0,99.8,1286.9494,0.0,0,0.0,0.0
543.0,A,RUNNING,540.72,2,6,0,8,0.0,20.0,99.8,1285.9494,0.0,0,0.0,0.0
544.0,A,RUNNING,541.72,2,6,0,8,0.0,20.0,99.8,1284.9494,0.0,0,0.0,0.0
545.0,A,RUNNING,542.72,2,6,0,8,0.0,20.0,99.8,1283.9494,0.0,0,0.0,0.0
546.0,A,RUNNING,543.72,2,6,0,8,0.0,20.0,99.8,1282.9494,0.0,0,0.0,0.0
547.0,A,RUNNING,544.72,2,6,0,8,0.0,20.0,99.8,1281.9494,0.0,0,0.0,0.0
548.0,A,RUNNING,545.72,2,6,0,8,0.0,20.0,99.8,1280.9494,0.0,0,0.0,0.0
549.0,A,RUNNING,546.72,2,6,0,8,0.0,20.0,99.8,1279.9494,0.0,0,0.0,0.0
550.0,A,RUNNING,547.72,2,6,0,8,0.0,20.0,99.8,1278.9494,0.0,0,0.0,0.0
551.0,A,RUNNING,548.72,2,6,0,8,0.0,20.0,99.8,1277.9494,0.0,0,0.0,0.0
552.0,A,RUNNING,549.72,2,6,0,8,0.0,20.0,99.8,1276.9494,0.0,0,0.0,0.0
553.0,A,RUNNING,550.72,2,6,0,8,0.0,20.0,99.8,1275.9494,0.0,0,0.0,0.0
554.0,A,RUNNING,551.72,2,6,0,8,0.0,20.0,99.8,1274.9494,0.0,0,0.0,0.0
555.0,A,RUNNING,552.72,2,6,0,8,0.0,20.0,99.8,1273.9494,0.0,0,0.0,0.0
556.0,A,RUNNING,553.72,2,6,0,8,0.0,20.0,99.8,1272.9494,0.0,0,0.0,0.0
557.0,A,RUNNING,554.72,2,6,0,8,0.0,20.0,99.8,1271.9494,0.0,0,0.0,0.0
558.0,A,RUNNING,555.72,2,6,0,8,0.0,20.0,99.8,1270.9494,0.0,0,0.0,0.0
559.0,A,RUNNING,556.72,2,6,0,8,0.0,20.0,99.8,1269.9494,0.0,0,0.0,0.0
560.0,A,RUNNING,557.72,2,6,0,8,0.0,20.0,99.8,1268.9494,0.0,0,0.0,0.0
561.0,A,RUNNING,558.72,2,6,0,8,0.0,20.0,99.8,1267.9494,0.0,0,0.0,0.0
562.0,A,RUNNING,559.72,2,6,0,8,0.0,20.0,99.8,1266.9494,0.0,0,0.0,0.0
563.0,A,RUNNING,560.72,2,6,0,8,0.0,20.0,99.8,1265.9494,0.0,0,0.0,0.0
564.0,A,RUNNING,561.72,2,6,0,8,0.0,20.0,99.8,1264.9494,0.0,0,0.0,0.0
565.0,A,RUNNING,562.72,2,6,0,8,0.0,20.0,99.8,1263.9494,0.0,0,0.0,0.0
566.0,A,RUNNING,563.72,2,6,0,8,0.0,20.0,99.8,1262.9494,0.0,0,0.0,0.0
567.0,A,RUNNING,564.72,2,6,0,8,0.0,20.0,99.8,1261.9494,0.0,0,0.0,0.0
568.0,A,RUNNING,565.72,2,6,0,8,0.0,20.0,99.8,1260.9494,0.0,0,0.0,0.0
569.0,A,RUNNING,566.72,3,6,1,8,0.125,20.0,99.7,1307.9115,0.0,0,0.0,0.0
570.0,A,RUNNING,567.72,3,6,1,8,0.125,20.0,99.7,1306.9115,0.0,0,0.0,0.0
571.0,A,RUNNING,568.72,3,6,1,8,0.125,20.0,99.7,1305.9115,0.0,0,0.0,0.0
572.0,A,RUNNING,569.72,3,6,1,8,0.125,20.0,99.7,1304.9115,0.0,0,0.0,0.0
573.0,A,RUNNING,570.72,3,6,1,8,0.125,20.0,99.7,1303.9115,0.0,0,0.0,0.0
574.0,A,RUNNING,571.72,3,6,1,8,0.125,20.0,99.7,1302.9115,0.0,0,0.0,0.0
575.0,A,RUNNING,572.72,3,6,1,8,0.125,20.0,99.7,1301.9115,0.0,0,0.0,0.0
576.0,A,RUNNING,573.72,3,6,1,8,0.125,20.0,99.7,1300.9115,0.0,0,0.0,0.0
577.0,A,RUNNING,574.72,3,6,1,8,0.125,20.0,99.7,1299.9115,0.0,0,0.0,0.0
578.0,A,RUNNING,575.72,3,6,1,8,0.125,20.0,99.7,1298.9115,0.0,0,0.0,0.0
579.0,A,RUNNING,576.72,3,6,1,8,0.125,20.0,99.7,1297.9115,0.0,0,0.0,0.0
580.0,A,RUNNING,577.72,3,6,1,8,0.125,20.0,99.7,1296.9115,0.0,0,0.0,0.0
581.0,A,RUNNING,578.72,3,6,1,8,0.125,20.0,99.7,1295.9115,0.0,0,0.0,0.0
582.0,A,RUNNING,579.72,3,6,1,8,0.125,20.0,99.7,1294.9115,0.0,0,0.0,0.0
583.0,A,RUNNING,580.72,3,6,1,8,0.125,20.0,99.7,1293.9115,0.0,0,0.0,0.0
584.0,A,RUNNING,581.72,3,6,1,8,0.125,20.0,99.7,1292.9115,0.0,0,0.0,0.0
585.0,A,RUNNING,582.72,3,6,1,8,0.125,20.0,99.7,1291.9115,0.0,0,0.0,0.0
586.0,A,RUNNING,583.72,3,6,1,8,0.125,20.0,99.7,1290.9115,0.0,0,0.0,0.0
587.0,A,RUNNING,584.72,3,6,1,8,0.125,20.0,99.7,1289.9115,0.0,0,0.0,0.0
588.0,A,RUNNING,585.72,3,6,1,8,0.125,20.0,99.7,1288.9115,0.0,0,0.0,0.0
589.0,A,RUNNING,586.72,3,6,1,8,0.125,20.0,99.7,1287.9115,0.0,0,0.0,0.0
590.0,A,RUNNING,587.72,3,6,1,8,0.125,20.0,99.7,1286.9115,0.0,0,0.0,0.0
591.0,A,RUNNING,588.72,3,6,1,8,0.125,20.0,99.7,1285.9115,0.0,0,0.0,0.0
592.0,A,RUNNING,589.72,3,6,1,8,0.125,20.0,99.7,1284.9115,0.0,0,0.0,0.0
593.0,A,RUNNING,590.72,3,6,1,8,0.125,20.0,99.7,1283.9115,0.0,0,0.0,0.0
594.0,A,RUNNING,591.72,3,6,1,8,0.125,20.0,99.7,1282.9115,0.0,0,0.0,0.0
595.0,A,RUNNING,592.72,3,6,1,8,0.125,20.0,99.7,1281.9115,0.0,0,0.0,0.0
596.0,A,RUNNING,593.72,3,6,1,8,0.125,20.0,99.7,1280.9115,0.0,0,0.0,0.0
597.0,A,RUNNING,594.72,3,6,1,8,0.125,20.0,99.7,1279.9115,0.0,0,0.0,0.0
598.0,A,RUNNING,595.72,3,6,1,8,0.125,20.0,99.7,1278.9115,0.0,0,0.0,0.0
599.0,A,RUNNING,596.72,3,6,1,8,0.125,20.0,99.7,1277.9115,0.0,0,0.0,0.0
600.0,A,RUNNING,597.72,3,6,1,8,0.125,20.0,99.7,1276.9115,0.0,0,0.0,0.0
601.0,A,RUNNING,598.72,3,6,1,8,0.125,20.0,99.7,1275.9115,0.0,0,0.0,0.0
602.0,A,RUNNING,599.72,3,6,1,8,0.125,20.0,99.7,1274.9115,0.0,0,0.0,0.0
603.0,A,RUNNING,600.72,3,6,1,8,0.125,20.0,99.7,1273.9115,0.0,0,0.0,0.0
604.0,A,RUNNING,601.72,3,6,1,8,0.125,20.0,99.7,1272.9115,0.0,0,0.0,0.0
605.0,A,RUNNING,602.72,3,6,1,8,0.125,20.0,99.7,1271.9115,0.0,0,0.0,0.0
606.0,A,RUNNING,603.72,3,6,1,8,0.125,20.0,99.7,1270.9115,0.0,0,0.0,0.0
607.0,A,RUNNING,604.72,3,6,1,8,0.125,20.0,99.7,1269.9115,0.0,0,0.0,0.0
608.0,A,RUNNING,605.72,3,6,1,8,0.125,20.0,99.7,1268.9115,0.0,0,0.0,0.0
609.0,A,RUNNING,606.72,3,6,1,8,0.125,20.0,99.7,1267.9115,0.0,0,0.0,0.0
610.0,A,RUNNING,607.72,3,6,1,8,0.125,20.0,99.7,1266.9115,0.0,0,0.0,0.0
611.0,A,RUNNING,608.72,3,6,1,8,0.125,20.0,99.7,1265.9115,0.0,0,0.0,0.0
612.0,A,RUNNING,609.72,3,6,1,8,0.125,20.0,99.7,1264.9115,0.0,0,0.0,0.0
613.0,A,RUNNING,610.72,3,6,1,8,0.125,20.0,99.7,1263.9115,0.0,0,0.0,0.0
614.0,A,RUNNING,611.72,3,6,1,8,0.125,20.0,99.7,1262.9115,0.0,0,0.0,0.0
615.0,A,RUNNING,612.72,3,6,1,8,0.125,20.0,99.7,1261.9115,0.0,0,0.0,0.0
616.0,A,RUNNING,613.72,3,6,1,8,0.125,20.0,99.7,1260.9115,0.0,0,0.0,0.0
617.0,A,RUNNING,614.72,3,6,1,8,0.125,20.0,99.7,1259.9115,0.0,0,0.0,0.0
618.0,A,RUNNING,615.72,3,6,1,8,0.125,20.0,99.7,1258.9115,0.0,0,0.0,0.0
619.0,A,RUNNING,616.72,3,6,1,8,0.125,20.0,99.7,1257.9115,0.0,0,0.0,0.0
620.0,A,RUNNING,617.72,3,6,1,8,0.125,20.0,99.7,1256.9115,0.0,0,0.0,0.0
621.0,A,RUNNING,618.72,3,6,1,8,0.125,20.0,99.7,1255.9115,0.0,0,0.0,0.0
622.0,A,RUNNING,619.72,3,6,1,8,0.125,20.0,99.7,1254.9115,0.0,0,0.0,0.0
623.0,A,RUNNING,620.72,3,6,1,8,0.125,20.0,99.7,1253.9115,0.0,0,0.0,0.0
624.0,A,RUNNING,621.72,3,6,1,8,0.125,20.0,99.7,1252.9115,0.0,0,0.0,0.0
625.0,A,RUNNING,622.72,3,6,1,8,0.125,20.0,99.7,1251.9115,0.0,0,0.0,0.0
626.0,A,RUNNING,623.72,3,6,1,8,0.125,20.0,99.7,1250.9115,0.0,0,0.0,0.0
627.0,A,RUNNING,624.72,3,6,1,8,0.125,20.0,99.7,1249.9115,0.0,0,0.0,0.0
628.0,A,RUNNING,625.72,3,6,1,8,0.125,20.0,99.7,1248.9115,0.0,0,0.0,0.0
629.0,A,RUNNING,626.72,3,6,1,8,0.125,20.0,99.7,1247.9115,0.0,0,0.0,0.0
630.0,A,RUNNING,627.72,3,6,1,8,0.125,20.0,99.7,1246.9115,0.0,0,0.0,0.0
631.0,A,RUNNING,628.72,3,6,1,8,0.125,20.0,99.7,1245.9115,0.0,0,0.0,0.0
632.0,A,RUNNING,629.72,3,6,1,8,0.125,20.0,99.7,1244.9115,0.0,0,0.0,0.0
633.0,A,RUNNING,630.72,3,6,1,8,0.125,20.0,99.7,1243.9115,0.0,0,0.0,0.0
634.0,A,RUNNING,631.72,3,6,1,8,0.125,20.0,99.7,1242.9115,0.0,0,0.0,0.0
635.0,A,RUNNING,632.72,3,6,1,8,0.125,20.0,99.7,1241.9115,0.0,0,0.0,0.0
636.0,A,RUNNING,633.72,3,6,1,8,0.125,20.0,99.7,1240.9115,0.0,0,0.0,0.0
637.0,A,RUNNING,634.72,3,6,1,8,0.125,20.0,99.7,1239.9115,0.0,0,0.0,0.0
638.0,A,RUNNING,635.72,3,6,1,8,0.125,20.0,99.7,1238.9115,0.0,0,0.0,0.0
639.0,A,RUNNING,636.72,3,6,1,8,0.125,20.0,99.7,1237.9115,0.0,0,0.0,0.0
640.0,A,RUNNING,637.72,3,6,1,8,0.125,20.0,99.7,1236.9115,0.0,0,0.0,0.0
641.0,A,RUNNING,638.72,3,6,1,8,0.125,20.0,99.7,1235.9115,0.0,0,0.0,0.0
642.0,A,RUNNING,639.72,3,6,1,8,0.125,20.0,99.7,1234.9115,0.0,0,0.0,0.0
643.0,A,RUNNING,640.72,3,6,1,8,0.125,20.0,99.7,1233.9115,0.0,0,0.0,0.0
644.0,A,RUNNING,641.72,3,6,1,8,0.125,20.0,99.7,1232.9115,0.0,0,0.0,0.0
645.0,A,RUNNING,642.72,3,6,1,8,0.125,20.0,99.7,1231.9115,0.0,0,0.0,0.0
646.0,A,RUNNING,643.72,3,6,1,8,0.125,20.0,99.7,1230.9115,0.0,0,0.0,0.0
647.0,A,RUNNING,644.72,3,6,1,8,0.125,20.0,99.7,1229.9115,0.0,0,0.0,0.0
648.0,A,RUNNING,645.72,3,6,1,8,0.125,20.0,99.7,1228.9115,0.0,0,0.0,0.0
649.0,A,RUNNING,646.72,3,6,1,8,0.125,20.0,99.7,1227.9115,0.0,0,0.0,0.0
650.0,A,RUNNING,647.72,3,6,1,8,0.125,20.0,99.7,1226.9115,0.0,0,0.0,0.0
651.0,A,RUNNING,648.72,3,6,1,8,0.125,20.0,99.7,1225.9115,0.0,0,0.0,0.0
652.0,A,RUNNING,649.72,3,6,1,8,0.125,20.0,99.7,1224.9115,0.0,0,0.0,0.0
653.0,A,RUNNING,650.72,3,6,1,8,0.125,20.0,99.7,1223.9115,0.0,0,0.0,0.0
654.0,A,RUNNING,651.72,3,6,1,8,0.125,20.0,99.7,1222.9115,0.0,0,0.0,0.0
655.0,A,RUNNING,652.72,3,6,1,8,0.125,20.0,99.7,1221.9115,0.0,0,0.0,0.0
656.0,A,RUNNING,653.72,3,6,1,8,0.125,20.0,99.7,1220.9115,0.0,0,0.0,0.0
657.0,A,RUNNING,654.72,3,6,1,8,0.125,20.0,99.7,1219.9115,0.0,0,0.0,0.0
658.0,A,RUNNING,655.72,3,6,1,8,0.125,20.0,99.7,1218.9115,0.0,0,0.0,0.0
659.0,A,RUNNING,656.72,3,6,1,8,0.125,20.0,99.7,1217.9115,0.0,0,0.0,0.0
660.0,A,RUNNING,657.72,3,6,1,8,0.125,20.0,99.7,1216.9115,0.0,0,0.0,0.0
661.0,A,RUNNING,658.72,3,6,1,8,0.125,20.0,99.7,1215.9115,0.0,0,0.0,0.0
662.0,A,RUNNING,659.72,3,6,1,8,0.125,20.0,99.7,1214.9115,0.0,0,0.0,0.0
663.0,A,RUNNING,660.72,3,6,1,8,0.125,20.0,99.7,1213.9115,0.0,0,0.0,0.0
664.0,A,RUNNING,661.72,3,6,1,8,0.125,20.0,99.7,1212.9115,0.0,0,0.0,0.0
665.0,A,RUNNING,662.72,3,6,1,8,0.125,20.0,99.7,1211.9115,0.0,0,0.0,0.0
666.0,A,RUNNING,663.72,3,6,1,8,0.125,20.0,99.7,1210.9115,0.0,0,0.0,0.0
667.0,A,RUNNING,664.72,3,6,1,8,0.125,20.0,99.7,1209.9115,0.0,0,0.0,0.0
668.0,A,RUNNING,665.72,3,6,1,8,0.125,20.0,99.7,1208.9115,0.0,0,0.0,0.0
669.0,A,RUNNING,666.72,3,6,1,8,0.125,20.0,99.7,1207.9115,0.0,0,0.0,0.0
670.0,A,RUNNING,667.72,3,6,1,8,0.125,20.0,99.7,1206.9115,0.0,0,0.0,0.0
671.0,A,RUNNING,668.72,3,6,1,8,0.125,20.0,99.7,1205.9115,0.0,0,0.0,0.0
672.0,A,RUNNING,669.72,3,6,1,8,0.125,20.0,99.7,1204.9115,0.0,0,0.0,0.0
673.0,A,RUNNING,670.72,3,6,1,8,0.125,20.0,99.7,1203.9115,0.0,0,0.0,0.0
674.0,A,RUNNING,671.72,3,6,1,8,0.125,20.0,99.7,1202.9115,0.0,0,0.0,0.0
675.0,A,RUNNING,672.72,3,6,1,8,0.125,20.0,99.7,1201.9115,0.0,0,0.0,0.0
676.0,A,RUNNING,673.72,3,6,1,8,0.125,20.0,99.7,1200.9115,0.0,0,0.0,0.0
677.0,A,RUNNING,674.72,3,6,1,8,0.125,20.0,99.7,1199.9115,0.0,0,0.0,0.0
678.0,A,RUNNING,675.72,3,6,1,8,0.125,20.0,99.7,1198.9115,0.0,0,0.0,0.0
679.0,A,RUNNING,676.72,3,6,1,8,0.125,20.0,99.7,1197.9115,0.0,0,0.0,0.0
680.0,A,RUNNING,677.72,3,6,1,8,0.125,20.0,99.7,1196.9115,0.0,0,0.0,0.0
681.0,A,RUNNING,678.72,3,6,1,8,0.125,20.0,99.7,1195.9115,0.0,0,0.0,0.0
682.0,A,RUNNING,679.72,3,6,1,8,0.125,20.0,99.7,1194.9115,0.0,0,0.0,0.0
683.0,A,RUNNING,680.72,3,6,1,8,0.125,20.0,99.7,1193.9115,0.0,0,0.0,0.0
684.0,A,RUNNING,681.72,3,6,1,8,0.125,20.0,99.7,1192.9115,0.0,0,0.0,0.0
685.0,A,RUNNING,682.72,3,6,1,8,0.125,20.0,99.7,1191.9115,0.0,0,0.0,0.0
686.0,A,RUNNING,683.72,3,6,1,8,0.125,20.0,99.7,1190.9115,0.0,0,0.0,0.0
687.0,A,RUNNING,684.72,3,6,1,8,0.125,20.0,99.7,1189.9115,0.0,0,0.0,0.0
688.0,A,RUNNING,685.72,3,7,0,8,0.0,20.0,99.7,1368.9115,0.0,0,0.0,0.0
689.0,A,RUNNING,686.72,3,7,0,8,0.0,20.0,99.7,1367.9115,0.0,0,0.0,0.0
690.0,A,RUNNING,687.72,3,7,0,8,0.0,20.0,99.7,1366.9115,0.0,0,0.0,0.0
691.0,A,RUNNING,688.72,3,7,0,8,0.0,20.0,99.7,1365.9115,0.0,0,0.0,0.0
692.0,A,RUNNING,689.72,3,7,0,8,0.0,20.0,99.7,1364.9115,0.0,0,0.0,0.0
693.0,A,RUNNING,690.72,3,7,0,8,0.0,20.0,99.7,1363.9115,0.0,0,0.0,0.0
694.0,A,RUNNING,691.72,3,7,0,8,0.0,20.0,99.7,1362.9115,0.0,0,0.0,0.0
695.0,A,RUNNING,692.72,3,7,0,8,0.0,20.0,99.7,1361.9115,0.0,0,0.0,0.0
696.0,A,RUNNING,693.72,3,7,0,8,0.0,20.0,99.7,1360.9115,0.0,0,0.0,0.0
697.0,A,RUNNING,694.72,3,7,0,8,0.0,20.0,99.7,1359.9115,0.0,0,0.0,0.0
698.0,A,RUNNING,695.72,3,7,0,8,0.0,20.0,99.7,1358.9115,0.0,0,0.0,0.0
699.0,A,RUNNING,696.72,3,7,0,8,0.0,20.0,99.7,1357.9115,0.0,0,0.0,0.0
700.0,A,RUNNING,697.72,3,7,0,8,0.0,20.0,99.7,1356.9115,0.0,0,0.0,0.0
701.0,A,RUNNING,698.72,3,7,0,8,0.0,20.0,99.7,1355.9115,0.0,0,0.0,0.0
702.0,A,RUNNING,699.72,3,7,0,8,0.0,20.0,99.7,1354.9115,0.0,0,0.0,0.0
703.0,A,RUNNING,700.72,3,7,0,8,0.0,20.0,99.7,1353.9115,0.0,0,0.0,0.0
704.0,A,RUNNING,701.72,3,7,0,8,0.0,20.0,99.7,1352.9115,0.0,0,0.0,0.0
705.0,A,RUNNING,702.72,3,7,0,8,0.0,20.0,99.7,1351.9115,0.0,0,0.0,0.0
706.0,A,RUNNING,703.72,3,7,0,8,0.0,20.0,99.7,1350.9115,0.0,0,0.0,0.0
707.0,A,RUNNING,704.72,3,7,0,8,0.0,20.0,99.7,1349.9115,0.0,0,0.0,0.0
708.0,A,RUNNING,705.72,3,7,0,8,0.0,20.0,99.7,1348.9115,0.0,0,0.0,0.0
709.0,A,RUNNING,706.72,3,7,0,8,0.0,20.0,99.7,1347.9115,0.0,0,0.0,0.0
710.0,A,RUNNING,707.72,3,7,0,8,0.0,20.0,99.7,1346.9115,0.0,0,0.0,0.0
711.0,A,RUNNING,708.72,3,7,0,8,0.0,20.0,99.7,1345.9115,0.0,0,0.0,0.0
712.0,A,RUNNING,709.72,3,7,0,8,0.0,20.0,99.7,1344.9115,0.0,0,0.0,0.0
713.0,A,RUNNING,710.72,3,7,0,8,0.0,20.0,99.7,1343.9115,0.0,0,0.0,0.0
714.0,A,RUNNING,711.72,3,7,0,8,0.0,20.0,99.7,1342.9115,0.0,0,0.0,0.0
715.0,A,RUNNING,712.72,3,7,0,8,0.0,20.0,99.7,1341.9115,0.0,0,0.0,0.0
716.0,A,RUNNING,713.72,3,7,0,8,0.0,20.0,99.7,1340.9115,0.0,0,0.0,0.0
717.0,A,RUNNING,714.72,3,7,0,8,0.0,20.0,99.7,1339.9115,0.0,0,0.0,0.0
718.0,A,RUNNING,715.72,3,7,0,8,0.0,20.0,99.7,1338.9115,0.0,0,0.0,0.0
719.0,A,RUNNING,716.72,3,7,0,8,0.0,20.0,99.7,1337.9115,0.0,0,0.0,0.0
720.0,A,RUNNING,717.72,3,7,0,8,0.0,20.0,99.7,1336.9115,0.0,0,0.0,0.0
721.0,A,RUNNING,718.72,3,7,0,8,0.0,20.0,99.7,1335.9115,0.0,0,0.0,0.0
722.0,A,RUNNING,719.72,3,7,0,8,0.0,20.0,99.7,1334.9115,0.0,0,0.0,0.0
723.0,A,RUNNING,720.72,3,7,0,8,0.0,20.0,99.7,1333.9115,0.0,0,0.0,0.0
724.0,A,RUNNING,721.72,3,7,0,8,0.0,20.0,99.7,1332.9115,0.0,0,0.0,0.0
725.0,A,RUNNING,722.72,3,7,0,8,0.0,20.0,99.7,1331.9115,0.0,0,0.0,0.0
726.0,A,RUNNING,723.72,3,7,0,8,0.0,20.0,99.7,1330.9115,0.0,0,0.0,0.0
727.0,A,RUNNING,724.72,3,7,0,8,0.0,20.0,99.7,1329.9115,0.0,0,0.0,0.0
728.0,A,RUNNING,725.72,3,7,0,8,0.0,20.0,99.7,1328.9115,0.0,0,0.0,0.0
729.0,A,RUNNING,726.72,3,7,0,8,0.0,20.0,99.7,1327.9115,0.0,0,0.0,0.0
730.0,A,RUNNING,727.72,3,7,0,8,0.0,20.0,99.7,1326.9115,0.0,0,0.0,0.0
731.0,A,RUNNING,728.72,3,7,0,8,0.0,20.0,99.7,1325.9115,0.0,0,0.0,0.0
732.0,A,RUNNING,729.72,3,7,0,8,0.0,20.0,99.7,1324.9115,0.0,0,0.0,0.0
733.0,A,RUNNING,730.72,3,7,0,8,0.0,20.0,99.7,1323.9115,0.0,0,0.0,0.0
734.0,A,RUNNING,731.72,3,7,0,8,0.0,20.0,99.7,1322.9115,0.0,0,0.0,0.0
735.0,A,RUNNING,732.72,3,7,0,8,0.0,20.0,99.7,1321.9115,0.0,0,0.0,0.0
736.0,A,RUNNING,733.72,3,7,0,8,0.0,20.0,99.7,1320.9115,0.0,0,0.0,0.0
737.0,A,RUNNING,734.72,3,7,0,8,0.0,20.0,99.7,1319.9115,0.0,0,0.0,0.0
738.0,A,RUNNING,735.72,3,7,0,8,0.0,20.0,99.7,1318.9115,0.0,0,0.0,0.0
739.0,A,RUNNING,736.72,3,7,0,8,0.0,20.0,99.7,1317.9115,0.0,0,0.0,0.0
740.0,A,RUNNING,737.72,3,7,0,8,0.0,20.0,99.7,1316.9115,0.0,0,0.0,0.0
741.0,A,RUNNING,738.72,3,7,0,8,0.0,20.0,99.7,1315.9115,0.0,0,0.0,0.0
742.0,A,RUNNING,739.72,3,7,0,8,0.0,20.0,99.7,1314.9115,0.0,0,0.0,0.0
743.0,A,RUNNING,740.72,3,7,0,8,0.0,20.0,99.7,1313.9115,0.0,0,0.0,0.0
744.0,A,RUNNING,741.72,3,7,0,8,0.0,20.0,99.7,1312.9115,0.0,0,0.0,0.0
745.0,A,RUNNING,742.72,3,7,0,8,0.0,20.0,99.7,1311.9115,0.0,0,0.0,0.0
746.0,A,RUNNING,743.72,3,7,0,8,0.0,20.0,99.7,1310.9115,0.0,0,0.0,0.0
747.0,A,RUNNING,744.72,3,7,0,8,0.0,20.0,99.7,1309.9115,0.0,0,0.0,0.0
748.0,A,RUNNING,745.72,3,7,0,8,0.0,20.0,99.7,1308.9115,0.0,0,0.0,0.0
749.0,A,RUNNING,746.72,3,7,0,8,0.0,20.0,99.7,1307.9115,0.0,0,0.0,0.0
750.0,A,RUNNING,747.72,3,7,0,8,0.0,20.0,99.7,1306.9115,0.0,0,0.0,0.0
751.0,A,RUNNING,748.72,3,7,0,8,0.0,20.0,99.7,1305.9115,0.0,0,0.0,0.0
752.0,A,RUNNING,749.72,3,7,0,8,0.0,20.0,99.7,1304.9115,0.0,0,0.0,0.0
753.0,A,RUNNING,750.72,3,7,0,8,0.0,20.0,99.7,1303.9115,0.0,0,0.0,0.0
754.0,A,RUNNING,751.72,3,7,0,8,0.0,20.0,99.7,1302.9115,0.0,0,0.0,0.0
755.0,A,RUNNING,752.72,3,7,0,8,0.0,20.0,99.7,1301.9115,0.0,0,0.0,0.0
756.0,A,RUNNING,753.72,3,7,0,8,0.0,20.0,99.7,1300.9115,0.0,0,0.0,0.0
757.0,A,RUNNING,754.72,3,7,0,8,0.0,20.0,99.7,1299.9115,0.0,0,0.0,0.0
758.0,A,RUNNING,755.72,3,7,0,8,0.0,20.0,99.7,1298.9115,0.0,0,0.0,0.0
759.0,A,RUNNING,756.72,3,7,0,8,0.0,20.0,99.7,1297.9115,0.0,0,0.0,0.0
760.0,A,RUNNING,757.72,3,7,0,8,0.0,20.0,99.7,1296.9115,0.0,0,0.0,0.0
761.0,A,RUNNING,758.72,3,7,0,8,0.0,20.0,99.7,1295.9115,0.0,0,0.0,0.0
762.0,A,RUNNING,759.72,3,7,0,8,0.0,20.0,99.7,1294.9115,0.0,0,0.0,0.0
763.0,A,RUNNING,760.72,3,7,0,8,0.0,20.0,99.7,1293.9115,0.0,0,0.0,0.0
764.0,A,RUNNING,761.72,3,7,0,8,0.0,20.0,99.7,1292.9115,0.0,0,0.0,0.0
765.0,A,RUNNING,762.72,3,7,0,8,0.0,20.0,99.7,1291.9115,0.0,0,0.0,0.0
766.0,A,RUNNING,763.72,3,7,0,8,0.0,20.0,99.7,1290.9115,0.0,0,0.0,0.0
767.0,A,RUNNING,764.72,3,7,0,8,0.0,20.0,99.7,1289.9115,0.0,0,0.0,0.0
768.0,A,RUNNING,765.72,3,7,0,8,0.0,20.0,99.7,1288.9115,0.0,0,0.0,0.0
769.0,A,RUNNING,766.72,3,7,0,8,0.0,20.0,99.7,1287.9115,0.0,0,0.0,0.0
770.0,A,RUNNING,767.72,3,7,0,8,0.0,20.0,99.7,1286.9115,0.0,0,0.0,0.0
771.0,A,RUNNING,768.72,3,7,0,8,0.0,20.0,99.7,1285.9115,0.0,0,0.0,0.0
772.0,A,RUNNING,769.72,3,7,0,8,0.0,20.0,99.7,1284.9115,0.0,0,0.0,0.0
773.0,A,RUNNING,770.72,3,7,0,8,0.0,20.0,99.7,1283.9115,0.0,0,0.0,0.0
774.0,A,RUNNING,771.72,3,7,0,8,0.0,20.0,99.7,1282.9115,0.0,0,0.0,0.0
775.0,A,RUNNING,772.72,3,7,0,8,0.0,20.0,99.7,1281.9115,0.0,0,0.0,0.0
776.0,A,RUNNING,773.72,3,7,0,8,0.0,20.0,99.7,1280.9115,0.0,0,0.0,0.0
777.0,A,RUNNING,774.72,3,7,0,8,0.0,20.0,99.7,1279.9115,0.0,0,0.0,0.0
778.0,A,RUNNING,775.72,3,7,0,8,0.0,20.0,99.7,1278.9115,0.0,0,0.0,0.0
779.0,A,RUNNING,776.72,3,7,0,8,0.0,20.0,99.7,1277.9115,0.0,0,0.0,0.0
780.0,A,RUNNING,777.72,3,7,0,8,0.0,20.0,99.7,1276.9115,0.0,0,0.0,0.0
781.0,A,RUNNING,778.72,3,7,0,8,0.0,20.0,99.7,1275.9115,0.0,0,0.0,0.0
782.0,A,RUNNING,779.72,3,7,0,8,0.0,20.0,99.7,1274.9115,0.0,0,0.0,0.0
783.0,A,RUNNING,780.72,3,7,0,8,0.0,20.0,99.7,1273.9115,0.0,0,0.0,0.0
784.0,A,RUNNING,781.72,3,7,0,8,0.0,20.0,99.7,1272.9115,0.0,0,0.0,0.0
785.0,A,RUNNING,782.72,3,7,0,8,0.0,20.0,99.7,1271.9115,0.0,0,0.0,0.0
786.0,A,RUNNING,783.72,3,7,0,8,0.0,20.0,99.7,1270.9115,0.0,0,0.0,0.0
787.0,A,RUNNING,784.72,3,7,0,8,0.0,20.0,99.7,1269.9115,0.0,0,0.0,0.0
788.0,A,RUNNING,785.72,3,7,0,8,0.0,20.0,99.7,1268.9115,0.0,0,0.0,0.0
789.0,A,RUNNING,786.72,3,7,0,8,0.0,20.0,99.7,1267.9115,0.0,0,0.0,0.0
790.0,A,RUNNING,787.72,3,7,0,8,0.0,20.0,99.7,1266.9115,0.0,0,0.0,0.0
791.0,A,RUNNING,788.72,3,7,0,8,0.0,20.0,99.7,1265.9115,0.0,0,0.0,0.0
792.0,A,RUNNING,789.72,3,7,0,8,0.0,20.0,99.7,1264.9115,0.0,0,0.0,0.0
793.0,A,RUNNING,790.72,3,7,0,8,0.0,20.0,99.7,1263.9115,0.0,0,0.0,0.0
794.0,A,RUNNING,791.72,3,7,0,8,0.0,20.0,99.7,1262.9115,0.0,0,0.0,0.0
795.0,A,RUNNING,792.72,3,7,0,8,0.0,20.0,99.7,1261.9115,0.0,0,0.0,0.0
796.0,A,RUNNING,793.72,3,7,0,8,0.0,20.0,99.7,1260.9115,0.0,0,0.0,0.0
797.0,A,RUNNING,794.72,4,7,1,8,0.125,20.0,99.6,1296.7373,0.0,0,0.0,0.0
798.0,A,RUNNING,795.72,4,7,1,8,0.125,20.0,99.6,1295.7373,0.0,0,0.0,0.0
799.0,A,RUNNING,796.72,4,7,1,8,0.125,20.0,99.6,1294.7373,0.0,0,0.0,0.0
800.0,A,RUNNING,797.72,4,7,1,8,0.125,20.0,99.6,1293.7373,0.0,0,0.0,0.0
801.0,A,RUNNING,798.72,4,7,1,8,0.125,20.0,99.6,1292.7373,0.0,0,0.0,0.0
802.0,A,RUNNING,799.72,4,7,1,8,0.125,20.0,99.6,1291.7373,0.0,0,0.0,0.0
803.0,A,RUNNING,800.72,4,7,1,8,0.125,20.0,99.6,1290.7373,0.0,0,0.0,0.0
804.0,A,RUNNING,801.72,4,7,1,8,0.125,20.0,99.6,1289.7373,0.0,0,0.0,0.0
805.0,A,RUNNING,802.72,4,7,1,8,0.125,20.0,99.6,1288.7373,0.0,0,0.0,0.0
806.0,A,RUNNING,803.72,4,7,1,8,0.125,20.0,99.6,1287.7373,0.0,0,0.0,0.0
807.0,A,RUNNING,804.72,4,7,1,8,0.125,20.0,99.6,1286.7373,0.0,0,0.0,0.0
808.0,A,RUNNING,805.72,4,7,1,8,0.125,20.0,99.6,1285.7373,0.0,0,0.0,0.0
809.0,A,RUNNING,806.72,4,7,1,8,0.125,20.0,99.6,1284.7373,0.0,0,0.0,0.0
810.0,A,RUNNING,807.72,4,7,1,8,0.125,20.0,99.6,1283.7373,0.0,0,0.0,0.0
811.0,A,RUNNING,808.72,4,7,1,8,0.125,20.0,99.6,1282.7373,0.0,0,0.0,0.0
812.0,A,RUNNING,809.72,4,7,1,8,0.125,20.0,99.6,1281.7373,0.0,0,0.0,0.0
813.0,A,RUNNING,810.72,4,7,1,8,0.125,20.0,99.6,1280.7373,0.0,0,0.0,0.0
814.0,A,RUNNING,811.72,4,7,1,8,0.125,20.0,99.6,1279.7373,0.0,0,0.0,0.0
815.0,A,RUNNING,812.72,4,7,1,8,0.125,20.0,99.6,1278.7373,0.0,0,0.0,0.0
816.0,A,RUNNING,813.72,4,7,1,8,0.125,20.0,99.6,1277.7373,0.0,0,0.0,0.0
817.0,A,RUNNING,814.72,4,7,1,8,0.125,20.0,99.6,1276.7373,0.0,0,0.0,0.0
818.0,A,RUNNING,815.72,4,7,1,8,0.125,20.0,99.6,1275.7373,0.0,0,0.0,0.0
819.0,A,RUNNING,816.72,4,7,1,8,0.125,20.0,99.6,1274.7373,0.0,0,0.0,0.0
820.0,A,RUNNING,817.72,4,7,1,8,0.125,20.0,99.6,1273.7373,0.0,0,0.0,0.0
821.0,A,RUNNING,818.72,4,7,1,8,0.125,20.0,99.6,1272.7373,0.0,0,0.0,0.0
822.0,A,RUNNING,819.72,4,7,1,8,0.125,20.0,99.6,1271.7373,0.0,0,0.0,0.0
823.0,A,RUNNING,820.72,4,7,1,8,0.125,20.0,99.6,1270.7373,0.0,0,0.0,0.0
824.0,A,RUNNING,821.72,4,7,1,8,0.125,20.0,99.6,1269.7373,0.0,0,0.0,0.0
825.0,A,RUNNING,822.72,4,7,1,8,0.125,20.0,99.6,1268.7373,0.0,0,0.0,0.0
826.0,A,RUNNING,823.72,4,7,1,8,0.125,20.0,99.6,1267.7373,0.0,0,0.0,0.0
827.0,A,RUNNING,824.72,4,7,1,8,0.125,20.0,99.6,1266.7373,0.0,0,0.0,0.0
828.0,A,RUNNING,825.72,4,7,1,8,0.125,20.0,99.6,1265.7373,0.0,0,0.0,0.0
829.0,A,RUNNING,826.72,4,7,1,8,0.125,20.0,99.6,1264.7373,0.0,0,0.0,0.0
830.0,A,RUNNING,827.72,4,7,1,8,0.125,20.0,99.6,1263.7373,0.0,0,0.0,0.0
831.0,A,RUNNING,828.72,4,7,1,8,0.125,20.0,99.6,1262.7373,0.0,0,0.0,0.0
832.0,A,RUNNING,829.72,4,7,1,8,0.125,20.0,99.6,1261.7373,0.0,0,0.0,0.0
833.0,A,RUNNING,830.72,4,7,1,8,0.125,20.0,99.6,1260.7373,0.0,0,0.0,0.0
834.0,A,RUNNING,831.72,4,7,1,8,0.125,20.0,99.6,1259.7373,0.0,0,0.0,0.0
835.0,A,RUNNING,832.72,4,7,1,8,0.125,20.0,99.6,1258.7373,0.0,0,0.0,0.0
836.0,A,RUNNING,833.72,4,7,1,8,0.125,20.0,99.6,1257.7373,0.0,0,0.0,0.0
837.0,A,RUNNING,834.72,4,7,1,8,0.125,20.0,99.6,1256.7373,0.0,0,0.0,0.0
838.0,A,RUNNING,835.72,4,7,1,8,0.125,20.0,99.6,1255.7373,0.0,0,0.0,0.0
839.0,A,RUNNING,836.72,4,7,1,8,0.125,20.0,99.6,1254.7373,0.0,0,0.0,0.0
840.0,A,RUNNING,837.72,4,7,1,8,0.125,20.0,99.6,1253.7373,0.0,0,0.0,0.0
841.0,A,RUNNING,838.72,4,7,1,8,0.125,20.0,99.6,1252.7373,0.0,0,0.0,0.0
842.0,A,RUNNING,839.72,4,7,1,8,0.125,20.0,99.6,1251.7373,0.0,0,0.0,0.0
843.0,A,RUNNING,840.72,4,7,1,8,0.125,20.0,99.6,1250.7373,0.0,0,0.0,0.0
844.0,A,RUNNING,841.72,4,7,1,8,0.125,20.0,99.6,1249.7373,0.0,0,0.0,0.0
845.0,A,RUNNING,842.72,4,7,1,8,0.125,20.0,99.6,1248.7373,0.0,0,0.0,0.0
846.0,A,RUNNING,843.72,4,7,1,8,0.125,20.0,99.6,1247.7373,0.0,0,0.0,0.0
847.0,A,RUNNING,844.72,4,7,1,8,0.125,20.0,99.6,1246.7373,0.0,0,0.0,0.0
848.0,A,RUNNING,845.72,4,7,1,8,0.125,20.0,99.6,1245.7373,0.0,0,0.0,0.0
849.0,A,RUNNING,846.72,4,7,1,8,0.125,20.0,99.6,1244.7373,0.0,0,0.0,0.0
850.0,A,RUNNING,847.72,4,7,1,8,0.125,20.0,99.6,1243.7373,0.0,0,0.0,0.0
851.0,A,RUNNING,848.72,4,7,1,8,0.125,20.0,99.6,1242.7373,0.0,0,0.0,0.0
852.0,A,RUNNING,849.72,4,7,1,8,0.125,20.0,99.6,1241.7373,0.0,0,0.0,0.0
853.0,A,RUNNING,850.72,4,7,1,8,0.125,20.0,99.6,1240.7373,0.0,0,0.0,0.0
854.0,A,RUNNING,851.72,4,7,1,8,0.125,20.0,99.6,1239.7373,0.0,0,0.0,0.0
855.0,A,RUNNING,852.72,4,7,1,8,0.125,20.0,99.6,1238.7373,0.0,0,0.0,0.0
856.0,A,RUNNING,853.72,4,7,1,8,0.125,20.0,99.6,1237.7373,0.0,0,0.0,0.0
857.0,A,RUNNING,854.72,4,7,1,8,0.125,20.0,99.6,1236.7373,0.0,0,0.0,0.0
858.0,A,RUNNING,855.72,4,7,1,8,0.125,20.0,99.6,1235.7373,0.0,0,0.0,0.0
859.0,A,RUNNING,856.72,4,7,1,8,0.125,20.0,99.6,1234.7373,0.0,0,0.0,0.0
860.0,A,RUNNING,857.72,4,7,1,8,0.125,20.0,99.6,1233.7373,0.0,0,0.0,0.0
861.0,A,RUNNING,858.72,4,7,1,8,0.125,20.0,99.6,1232.7373,0.0,0,0.0,0.0
862.0,A,RUNNING,859.72,4,7,1,8,0.125,20.0,99.6,1231.7373,0.0,0,0.0,0.0
863.0,A,RUNNING,860.72,4,7,1,8,0.125,20.0,99.6,1230.7373,0.0,0,0.0,0.0
864.0,A,RUNNING,861.72,4,7,1,8,0.125,20.0,99.6,1229.7373,0.0,0,0.0,0.0
865.0,A,RUNNING,862.72,4,7,1,8,0.125,20.0,99.6,1228.7373,0.0,0,0.0,0.0
866.0,A,RUNNING,863.72,4,7,1,8,0.125,20.0,99.6,1227.7373,0.0,0,0.0,0.0
867.0,A,RUNNING,864.72,4,7,1,8,0.125,20.0,99.6,1226.7373,0.0,0,0.0,0.0
868.0,A,RUNNING,865.72,4,7,1,8,0.125,20.0,99.6,1225.7373,0.0,0,0.0,0.0
869.0,A,RUNNING,866.72,4,7,1,8,0.125,20.0,99.6,1224.7373,0.0,0,0.0,0.0
870.0,A,RUNNING,867.72,4,7,1,8,0.125,20.0,99.6,1223.7373,0.0,0,0.0,0.0
871.0,A,RUNNING,868.72,4,7,1,8,0.125,20.0,99.6,1222.7373,0.0,0,0.0,0.0
872.0,A,RUNNING,869.72,4,7,1,8,0.125,20.0,99.6,1221.7373,0.0,0,0.0,0.0
873.0,A,RUNNING,870.72,4,7,1,8,0.125,20.0,99.6,1220.7373,0.0,0,0.0,0.0
874.0,A,RUNNING,871.72,4,7,1,8,0.125,20.0,99.6,1219.7373,0.0,0,0.0,0.0
875.0,A,RUNNING,872.72,4,7,1,8,0.125,20.0,99.6,1218.7373,0.0,0,0.0,0.0
876.0,A,RUNNING,873.72,4,7,1,8,0.125,20.0,99.6,1217.7373,0.0,0,0.0,0.0
877.0,A,RUNNING,874.72,4,7,1,8,0.125,20.0,99.6,1216.7373,0.0,0,0.0,0.0
878.0,A,RUNNING,875.72,4,7,1,8,0.125,20.0,99.6,1215.7373,0.0,0,0.0,0.0
879.0,A,RUNNING,876.72,4,7,1,8,0.125,20.0,99.6,1214.7373,0.0,0,0.0,0.0
880.0,A,RUNNING,877.72,4,7,1,8,0.125,20.0,99.6,1213.7373,0.0,0,0.0,0.0
881.0,A,RUNNING,878.72,4,7,1,8,0.125,20.0,99.6,1212.7373,0.0,0,0.0,0.0
882.0,A,RUNNING,879.72,4,7,1,8,0.125,20.0,99.6,1211.7373,0.0,0,0.0,0.0
883.0,A,RUNNING,880.72,4,7,1,8,0.125,20.0,99.6,1210.7373,0.0,0,0.0,0.0
884.0,A,RUNNING,881.72,4,7,1,8,0.125,20.0,99.6,1209.7373,0.0,0,0.0,0.0
885.0,A,RUNNING,882.72,4,7,1,8,0.125,20.0,99.6,1208.7373,0.0,0,0.0,0.0
886.0,A,RUNNING,883.72,4,7,1,8,0.125,20.0,99.6,1207.7373,0.0,0,0.0,0.0
887.0,A,RUNNING,884.72,4,7,1,8,0.125,20.0,99.6,1206.7373,0.0,0,0.0,0.0
888.0,A,RUNNING,885.72,4,7,1,8,0.125,20.0,99.6,1205.7373,0.0,0,0.0,0.0
889.0,A,RUNNING,886.72,4,7,1,8,0.125,20.0,99.6,1204.7373,0.0,0,0.0,0.0
890.0,A,RUNNING,887.72,4,7,1,8,0.125,20.0,99.6,1203.7373,0.0,0,0.0,0.0
891.0,A,RUNNING,888.72,4,7,1,8,0.125,20.0,99.6,1202.7373,0.0,0,0.0,0.0
892.0,A,RUNNING,889.72,4,7,1,8,0.125,20.0,99.6,1201.7373,0.0,0,0.0,0.0
893.0,A,RUNNING,890.72,4,7,1,8,0.125,20.0,99.6,1200.7373,0.0,0,0.0,0.0
894.0,A,RUNNING,891.72,4,7,1,8,0.125,20.0,99.6,1199.7373,0.0,0,0.0,0.0
895.0,A,RUNNING,892.72,4,7,1,8,0.125,20.0,99.6,1198.7373,0.0,0,0.0,0.0
896.0,A,RUNNING,893.72,4,7,1,8,0.125,20.0,99.6,1197.7373,0.0,0,0.0,0.0
897.0,A,RUNNING,894.72,4,7,1,8,0.125,20.0,99.6,1196.7373,0.0,0,0.0,0.0
898.0,A,RUNNING,895.72,4,7,1,8,0.125,20.0,99.6,1195.7373,0.0,0,0.0,0.0
899.0,A,RUNNING,896.72,4,7,1,8,0.125,20.0,99.6,1194.7373,0.0,0,0.0,0.0
900.0,A,RUNNING,897.72,4,7,1,8,0.125,20.0,99.6,1193.7373,0.0,0,0.0,0.0
901.0,A,RUNNING,898.72,4,7,1,8,0.125,20.0,99.6,1192.7373,0.0,0,0.0,0.0
902.0,A,RUNNING,899.72,4,7,1,8,0.125,20.0,99.6,1191.7373,0.0,0,0.0,0.0
903.0,A,RUNNING,900.72,4,7,1,8,0.125,20.0,99.6,1190.7373,0.0,0,0.0,0.0
904.0,A,RUNNING,901.72,4,7,1,8,0.125,20.0,99.6,1189.7373,0.0,0,0.0,0.0
905.0,A,RUNNING,902.72,4,7,1,8,0.125,20.0,99.6,1188.7373,0.0,0,0.0,0.0
906.0,A,RUNNING,903.72,4,7,1,8,0.125,20.0,99.6,1187.7373,0.0,0,0.0,0.0
907.0,A,RUNNING,904.72,4,8,0,8,0.0,20.0,99.6,1366.7373,0.0,0,0.0,0.0
908.0,A,RUNNING,905.72,4,8,0,8,0.0,20.0,99.6,1365.7373,0.0,0,0.0,0.0
909.0,A,RUNNING,906.72,4,8,0,8,0.0,20.0,99.6,1364.7373,0.0,0,0.0,0.0
910.0,A,RUNNING,907.72,4,8,0,8,0.0,20.0,99.6,1363.7373,0.0,0,0.0,0.0
911.0,A,RUNNING,908.72,4,8,0,8,0.0,20.0,99.6,1362.7373,0.0,0,0.0,0.0
912.0,A,RUNNING,909.72,4,8,0,8,0.0,20.0,99.6,1361.7373,0.0,0,0.0,0.0
913.0,A,RUNNING,910.72,4,8,0,8,0.0,20.0,99.6,1360.7373,0.0,0,0.0,0.0
914.0,A,RUNNING,911.72,4,8,0,8,0.0,20.0,99.6,1359.7373,0.0,0,0.0,0.0
915.0,A,RUNNING,912.72,4,8,0,8,0.0,20.0,99.6,1358.7373,0.0,0,0.0,0.0
916.0,A,RUNNING,913.72,4,8,0,8,0.0,20.0,99.6,1357.7373,0.0,0,0.0,0.0
917.0,A,RUNNING,914.72,4,8,0,8,0.0,20.0,99.6,1356.7373,0.0,0,0.0,0.0
918.0,A,RUNNING,915.72,4,8,0,8,0.0,20.0,99.6,1355.7373,0.0,0,0.0,0.0
919.0,A,RUNNING,916.72,4,8,0,8,0.0,20.0,99.6,1354.7373,0.0,0,0.0,0.0
920.0,A,RUNNING,917.72,4,8,0,8,0.0,20.0,99.6,1353.7373,0.0,0,0.0,0.0
921.0,A,RUNNING,918.72,4,8,0,8,0.0,20.0,99.6,1352.7373,0.0,0,0.0,0.0
922.0,A,RUNNING,919.72,4,8,0,8,0.0,20.0,99.6,1351.7373,0.0,0,0.0,0.0
923.0,A,RUNNING,920.72,4,8,0,8,0.0,20.0,99.6,1350.7373,0.0,0,0.0,0.0
924.0,A,RUNNING,921.72,4,8,0,8,0.0,20.0,99.6,1349.7373,0.0,0,0.0,0.0
925.0,A,RUNNING,922.72,4,8,0,8,0.0,20.0,99.6,1348.7373,0.0,0,0.0,0.0
926.0,A,RUNNING,923.72,4,8,0,8,0.0,20.0,99.6,1347.7373,0.0,0,0.0,0.0
927.0,A,RUNNING,924.72,4,8,0,8,0.0,20.0,99.6,1346.7373,0.0,0,0.0,0.0
928.0,A,RUNNING,925.72,4,8,0,8,0.0,20.0,99.6,1345.7373,0.0,0,0.0,0.0
929.0,A,RUNNING,926.72,4,8,0,8,0.0,20.0,99.6,1344.7373,0.0,0,0.0,0.0
930.0,A,RUNNING,927.72,4,8,0,8,0.0,20.0,99.6,1343.7373,0.0,0,0.0,0.0
931.0,A,RUNNING,928.72,4,8,0,8,0.0,20.0,99.6,1342.7373,0.0,0,0.0,0.0
932.0,A,RUNNING,929.72,4,8,0,8,0.0,20.0,99.6,1341.7373,0.0,0,0.0,0.0
933.0,A,RUNNING,930.72,4,8,0,8,0.0,20.0,99.6,1340.7373,0.0,0,0.0,0.0
934.0,A,RUNNING,931.72,4,8,0,8,0.0,20.0,99.6,1339.7373,0.0,0,0.0,0.0
935.0,A,RUNNING,932.72,4,8,0,8,0.0,20.0,99.6,1338.7373,0.0,0,0.0,0.0
936.0,A,RUNNING,933.72,4,8,0,8,0.0,20.0,99.6,1337.7373,0.0,0,0.0,0.0
937.0,A,RUNNING,934.72,4,8,0,8,0.0,20.0,99.6,1336.7373,0.0,0,0.0,0.0
938.0,A,RUNNING,935.72,4,8,0,8,0.0,20.0,99.6,1335.7373,0.0,0,0.0,0.0
939.0,A,RUNNING,936.72,4,8,0,8,0.0,20.0,99.6,1334.7373,0.0,0,0.0,0.0
940.0,A,RUNNING,937.72,4,8,0,8,0.0,20.0,99.6,1333.7373,0.0,0,0.0,0.0
941.0,A,RUNNING,938.72,4,8,0,8,0.0,20.0,99.6,1332.7373,0.0,0,0.0,0.0
942.0,A,RUNNING,939.72,4,8,0,8,0.0,20.0,99.6,1331.7373,0.0,0,0.0,0.0
943.0,A,RUNNING,940.72,4,8,0,8,0.0,20.0,99.6,1330.7373,0.0,0,0.0,0.0
944.0,A,RUNNING,941.72,4,8,0,8,0.0,20.0,99.6,1329.7373,0.0,0,0.0,0.0
945.0,A,RUNNING,942.72,4,8,0,8,0.0,20.0,99.6,1328.7373,0.0,0,0.0,0.0
946.0,A,RUNNING,943.72,4,8,0,8,0.0,20.0,99.6,1327.7373,0.0,0,0.0,0.0
947.0,A,RUNNING,944.72,4,8,0,8,0.0,20.0,99.6,1326.7373,0.0,0,0.0,0.0
948.0,A,RUNNING,945.72,4,8,0,8,0.0,20.0,99.6,1325.7373,0.0,0,0.0,0.0
949.0,A,RUNNING,946.72,4,8,0,8,0.0,20.0,99.6,1324.7373,0.0,0,0.0,0.0
950.0,A,RUNNING,947.72,4,8,0,8,0.0,20.0,99.6,1323.7373,0.0,0,0.0,0.0
951.0,A,RUNNING,948.72,4,8,0,8,0.0,20.0,99.6,1322.7373,0.0,0,0.0,0.0
952.0,A,RUNNING,949.72,4,8,0,8,0.0,20.0,99.6,1321.7373,0.0,0,0.0,0.0
953.0,A,RUNNING,950.72,4,8,0,8,0.0,20.0,99.6,1320.7373,0.0,0,0.0,0.0
954.0,A,RUNNING,951.72,4,8,0,8,0.0,20.0,99.6,1319.7373,0.0,0,0.0,0.0
955.0,A,RUNNING,952.72,4,8,0,8,0.0,20.0,99.6,1318.7373,0.0,0,0.0,0.0
956.0,A,RUNNING,953.72,4,8,0,8,0.0,20.0,99.6,1317.7373,0.0,0,0.0,0.0
957.0,A,RUNNING,954.72,4,8,0,8,0.0,20.0,99.6,1316.7373,0.0,0,0.0,0.0
958.0,A,RUNNING,955.72,4,8,0,8,0.0,20.0,99.6,1315.7373,0.0,0,0.0,0.0
959.0,A,RUNNING,956.72,4,8,0,8,0.0,20.0,99.6,1314.7373,0.0,0,0.0,0.0
960.0,A,RUNNING,957.72,4,8,0,8,0.0,20.0,99.6,1313.7373,0.0,0,0.0,0.0
961.0,A,RUNNING,958.72,4,8,0,8,0.0,20.0,99.6,1312.7373,0.0,0,0.0,0.0
962.0,A,RUNNING,959.72,4,8,0,8,0.0,20.0,99.6,1311.7373,0.0,0,0.0,0.0
963.0,A,RUNNING,960.72,4,8,0,8,0.0,20.0,99.6,1310.7373,0.0,0,0.0,0.0
964.0,A,RUNNING,961.72,4,8,0,8,0.0,20.0,99.6,1309.7373,0.0,0,0.0,0.0
965.0,A,RUNNING,962.72,4,8,0,8,0.0,20.0,99.6,1308.7373,0.0,0,0.0,0.0
966.0,A,RUNNING,963.72,4,8,0,8,0.0,20.0,99.6,1307.7373,0.0,0,0.0,0.0
967.0,A,RUNNING,964.72,4,8,0,8,0.0,20.0,99.6,1306.7373,0.0,0,0.0,0.0
968.0,A,RUNNING,965.72,4,8,0,8,0.0,20.0,99.6,1305.7373,0.0,0,0.0,0.0
969.0,A,RUNNING,966.72,4,8,0,8,0.0,20.0,99.6,1304.7373,0.0,0,0.0,0.0
970.0,A,RUNNING,967.72,4,8,0,8,0.0,20.0,99.6,1303.7373,0.0,0,0.0,0.0
971.0,A,RUNNING,968.72,4,8,0,8,0.0,20.0,99.6,1302.7373,0.0,0,0.0,0.0
972.0,A,RUNNING,969.72,4,8,0,8,0.0,20.0,99.6,1301.7373,0.0,0,0.0,0.0
973.0,A,RUNNING,970.72,4,8,0,8,0.0,20.0,99.6,1300.7373,0.0,0,0.0,0.0
974.0,A,RUNNING,971.72,4,8,0,8,0.0,20.0,99.6,1299.7373,0.0,0,0.0,0.0
975.0,A,RUNNING,972.72,4,8,0,8,0.0,20.0,99.6,1298.7373,0.0,0,0.0,0.0
976.0,A,RUNNING,973.72,4,8,0,8,0.0,20.0,99.6,1297.7373,0.0,0,0.0,0.0
977.0,A,RUNNING,974.72,4,8,0,8,0.0,20.0,99.6,1296.7373,0.0,0,0.0,0.0
978.0,A,RUNNING,975.72,4,8,0,8,0.0,20.0,99.6,1295.7373,0.0,0,0.0,0.0
979.0,A,RUNNING,976.72,4,8,0,8,0.0,20.0,99.6,1294.7373,0.0,0,0.0,0.0
980.0,A,RUNNING,977.72,4,8,0,8,0.0,20.0,99.6,1293.7373,0.0,0,0.0,0.0
981.0,A,RUNNING,978.72,4,8,0,8,0.0,20.0,99.6,1292.7373,0.0,0,0.0,0.0
982.0,A,RUNNING,979.72,4,8,0,8,0.0,20.0,99.6,1291.7373,0.0,0,0.0,0.0
983.0,A,RUNNING,980.72,4,8,0,8,0.0,20.0,99.6,1290.7373,0.0,0,0.0,0.0
984.0,A,RUNNING,981.72,4,8,0,8,0.0,20.0,99.6,1289.7373,0.0,0,0.0,0.0
985.0,A,RUNNING,982.72,4,8,0,8,0.0,20.0,99.6,1288.7373,0.0,0,0.0,0.0
986.0,A,RUNNING,983.72,4,8,0,8,0.0,20.0,99.6,1287.7373,0.0,0,0.0,0.0
987.0,A,RUNNING,984.72,4,8,0,8,0.0,20.0,99.6,1286.7373,0.0,0,0.0,0.0
988.0,A,RUNNING,985.72,4,8,0,8,0.0,20.0,99.6,1285.7373,0.0,0,0.0,0.0
989.0,A,RUNNING,986.72,4,8,0,8,0.0,20.0,99.6,1284.7373,0.0,0,0.0,0.0
990.0,A,RUNNING,987.72,4,8,0,8,0.0,20.0,99.6,1283.7373,0.0,0,0.0,0.0
991.0,A,RUNNING,988.72,4,8,0,8,0.0,20.0,99.6,1282.7373,0.0,0,0.0,0.0
992.0,A,RUNNING,989.72,4,8,0,8,0.0,20.0,99.6,1281.7373,0.0,0,0.0,0.0
993.0,A,RUNNING,990.72,4,8,0,8,0.0,20.0,99.6,1280.7373,0.0,0,0.0,0.0
994.0,A,RUNNING,991.72,4,8,0,8,0.0,20.0,99.6,1279.7373,0.0,0,0.0,0.0
995.0,A,RUNNING,992.72,4,8,0,8,0.0,20.0,99.6,1278.7373,0.0,0,0.0,0.0
996.0,A,RUNNING,993.72,4,8,0,8,0.0,20.0,99.6,1277.7373,0.0,0,0.0,0.0
997.0,A,RUNNING,994.72,4,8,0,8,0.0,20.0,99.6,1276.7373,0.0,0,0.0,0.0
998.0,A,RUNNING,995.72,4,8,0,8,0.0,20.0,99.6,1275.7373,0.0,0,0.0,0.0
999.0,A,RUNNING,996.72,4,8,0,8,0.0,20.0,99.6,1274.7373,0.0,0,0.0,0.0
1000.0,A,RUNNING,997.72,4,8,0,8,0.0,20.0,99.6,1273.7373,0.0,0,0.0,0.0
1001.0,A,RUNNING,998.72,4,8,0,8,0.0,20.0,99.6,1272.7373,0.0,0,0.0,0.0
1002.0,A,RUNNING,999.72,4,8,0,8,0.0,20.0,99.6,1271.7373,0.0,0,0.0,0.0
1003.0,A,RUNNING,1000.72,4,8,0,8,0.0,20.0,99.6,1270.7373,0.0,0,0.0,0.0
1004.0,A,RUNNING,1001.72,4,8,0,8,0.0,20.0,99.6,1269.7373,0.0,0,0.0,0.0
1005.0,A,RUNNING,1002.72,4,8,0,8,0.0,20.0,99.6,1268.7373,0.0,0,0.0,0.0
1006.0,A,RUNNING,1003.72,4,8,0,8,0.0,20.0,99.6,1267.7373,0.0,0,0.0,0.0
1007.0,A,RUNNING,1004.72,4,8,0,8,0.0,20.0,99.6,1266.7373,0.0,0,0.0,0.0
1008.0,A,RUNNING,1005.72,4,8,0,8,0.0,20.0,99.6,1265.7373,0.0,0,0.0,0.0
1009.0,A,RUNNING,1006.72,4,8,0,8,0.0,20.0,99.6,1264.7373,0.0,0,0.0,0.0
1010.0,A,RUNNING,1007.72,4,8,0,8,0.0,20.0,99.6,1263.7373,0.0,0,0.0,0.0
1011.0,A,RUNNING,1008.72,4,8,0,8,0.0,20.0,99.6,1262.7373,0.0,0,0.0,0.0
1012.0,A,RUNNING,1009.72,4,8,0,8,0.0,20.0,99.6,1261.7373,0.0,0,0.0,0.0
1013.0,A,RUNNING,1010.72,4,8,0,8,0.0,20.0,99.6,1260.7373,0.0,0,0.0,0.0
1014.0,A,RUNNING,1011.72,5,8,1,8,0.125,20.0,99.5,1229.667,0.0,0,0.0,0.0
1015.0,A,RUNNING,1012.72,5,8,1,8,0.125,20.0,99.5,1228.667,0.0,0,0.0,0.0
1016.0,A,RUNNING,1013.72,5,8,1,8,0.125,20.0,99.5,1227.667,0.0,0,0.0,0.0
1017.0,A,RUNNING,1014.72,5,8,1,8,0.125,20.0,99.5,1226.667,0.0,0,0.0,0.0
1018.0,A,RUNNING,1015.72,5,8,1,8,0.125,20.0,99.5,1225.667,0.0,0,0.0,0.0
1019.0,A,RUNNING,1016.72,5,8,1,8,0.125,20.0,99.5,1224.667,0.0,0,0.0,0.0
1020.0,A,RUNNING,1017.72,5,8,1,8,0.125,20.0,99.5,1223.667,0.0,0,0.0,0.0
1021.0,A,RUNNING,1018.72,5,8,1,8,0.125,20.0,99.5,1222.667,0.0,0,0.0,0.0
1022.0,A,RUNNING,1019.72,5,8,1,8,0.125,20.0,99.5,1221.667,0.0,0,0.0,0.0
1023.0,A,RUNNING,1020.72,5,8,1,8,0.125,20.0,99.5,1220.667,0.0,0,0.0,0.0
1024.0,A,RUNNING,1021.72,5,8,1,8,0.125,20.0,99.5,1219.667,0.0,0,0.0,0.0
1025.0,A,RUNNING,1022.72,5,8,1,8,0.125,20.0,99.5,1218.667,0.0,0,0.0,0.0
1026.0,A,RUNNING,1023.72,5,8,1,8,0.125,20.0,99.5,1217.667,0.0,0,0.0,0.0
1027.0,A,RUNNING,1024.72,5,8,1,8,0.125,20.0,99.5,1216.667,0.0,0,0.0,0.0
1028.0,A,RUNNING,1025.72,5,8,1,8,0.125,20.0,99.5,1215.667,0.0,0,0.0,0.0
1029.0,A,RUNNING,1026.72,5,8,1,8,0.125,20.0,99.5,1214.667,0.0,0,0.0,0.0
1030.0,A,RUNNING,1027.72,5,8,1,8,0.125,20.0,99.5,1213.667,0.0,0,0.0,0.0
1031.0,A,RUNNING,1028.72,5,8,1,8,0.125,20.0,99.5,1212.667,0.0,0,0.0,0.0
1032.0,A,RUNNING,1029.72,5,8,1,8,0.125,20.0,99.5,1211.667,0.0,0,0.0,0.0
1033.0,A,RUNNING,1030.72,5,8,1,8,0.125,20.0,99.5,1210.667,0.0,0,0.0,0.0
1034.0,A,RUNNING,1031.72,5,8,1,8,0.125,20.0,99.5,1209.667,0.0,0,0.0,0.0
1035.0,A,RUNNING,1032.72,5,8,1,8,0.125,20.0,99.5,1208.667,0.0,0,0.0,0.0
1036.0,A,RUNNING,1033.72,5,8,1,8,0.125,20.0,99.5,1207.667,0.0,0,0.0,0.0
1037.0,A,RUNNING,1034.72,5,8,1,8,0.125,20.0,99.5,1206.667,0.0,0,0.0,0.0
1038.0,A,RUNNING,1035.72,5,8,1,8,0.125,20.0,99.5,1205.667,0.0,0,0.0,0.0
1039.0,A,RUNNING,1036.72,5,8,1,8,0.125,20.0,99.5,1204.667,0.0,0,0.0,0.0
1040.0,A,RUNNING,1037.72,5,8,1,8,0.125,20.0,99.5,1203.667,0.0,0,0.0,0.0
1041.0,A,RUNNING,1038.72,5,8,1,8,0.125,20.0,99.5,1202.667,0.0,0,0.0,0.0
1042.0,A,RUNNING,1039.72,5,8,1,8,0.125,20.0,99.5,1201.667,0.0,0,0.0,0.0
1043.0,A,RUNNING,1040.72,5,8,1,8,0.125,20.0,99.5,1200.667,0.0,0,0.0,0.0
1044.0,A,RUNNING,1041.72,5,8,1,8,0.125,20.0,99.5,1199.667,0.0,0,0.0,0.0
1045.0,A,RUNNING,1042.72,5,8,1,8,0.125,20.0,99.5,1198.667,0.0,0,0.0,0.0
1046.0,A,RUNNING,1043.72,5,8,1,8,0.125,20.0,99.5,1197.667,0.0,0,0.0,0.0
1047.0,A,RUNNING,1044.72,5,8,1,8,0.125,20.0,99.5,1196.667,0.0,0,0.0,0.0
1048.0,A,RUNNING,1045.72,5,8,1,8,0.125,20.0,99.5,1195.667,0.0,0,0.0,0.0
1049.0,A,RUNNING,1046.72,5,8,1,8,0.125,20.0,99.5,1194.667,0.0,0,0.0,0.0
1050.0,A,RUNNING,1047.72,5,8,1,8,0.125,20.0,99.5,1193.667,0.0,0,0.0,0.0
1051.0,A,RUNNING,1048.72,5,8,1,8,0.125,20.0,99.5,1192.667,0.0,0,0.0,0.0
1052.0,A,RUNNING,1049.72,5,8,1,8,0.125,20.0,99.5,1191.667,0.0,0,0.0,0.0
1053.0,A,RUNNING,1050.72,5,8,1,8,0.125,20.0,99.5,1190.667,0.0,0,0.0,0.0
1054.0,A,RUNNING,1051.72,5,8,1,8,0.125,20.0,99.5,1189.667,0.0,0,0.0,0.0
1055.0,A,RUNNING,1052.72,5,8,1,8,0.125,20.0,99.5,1188.667,0.0,0,0.0,0.0
1056.0,A,RUNNING,1053.72,5,8,1,8,0.125,20.0,99.5,1187.667,0.0,0,0.0,0.0
1057.0,A,RUNNING,1054.72,5,8,1,8,0.125,20.0,99.5,1186.667,0.0,0,0.0,0.0
1058.0,A,RUNNING,1055.72,5,8,1,8,0.125,20.0,99.5,1185.667,0.0,0,0.0,0.0
1059.0,A,RUNNING,1056.72,5,8,1,8,0.125,20.0,99.5,1184.667,0.0,0,0.0,0.0
1060.0,A,RUNNING,1057.72,5,8,1,8,0.125,20.0,99.5,1183.667,0.0,0,0.0,0.0
1061.0,A,RUNNING,1058.72,5,8,1,8,0.125,20.0,99.5,1182.667,0.0,0,0.0,0.0
1062.0,A,RUNNING,1059.72,5,8,1,8,0.125,20.0,99.5,1181.667,0.0,0,0.0,0.0
1063.0,A,RUNNING,1060.72,5,8,1,8,0.125,20.0,99.5,1180.667,0.0,0,0.0,0.0
1064.0,A,RUNNING,1061.72,5,8,1,8,0.125,20.0,99.5,1179.667,0.0,0,0.0,0.0
1065.0,A,RUNNING,1062.72,5,8,1,8,0.125,20.0,99.5,1178.667,0.0,0,0.0,0.0
1066.0,A,RUNNING,1063.72,5,8,1,8,0.125,20.0,99.5,1177.667,0.0,0,0.0,0.0
1067.0,A,RUNNING,1064.72,5,8,1,8,0.125,20.0,99.5,1176.667,0.0,0,0.0,0.0
1068.0,A,RUNNING,1065.72,5,8,1,8,0.125,20.0,99.5,1175.667,0.0,0,0.0,0.0
1069.0,A,RUNNING,1066.72,5,8,1,8,0.125,20.0,99.5,1174.667,0.0,0,0.0,0.0
1070.0,A,RUNNING,1067.72,5,8,1,8,0.125,20.0,99.5,1173.667,0.0,0,0.0,0.0
1071.0,A,RUNNING,1068.72,5,8,1,8,0.125,20.0,99.5,1172.667,0.0,0,0.0,0.0
1072.0,A,RUNNING,1069.72,5,8,1,8,0.125,20.0,99.5,1171.667,0.0,0,0.0,0.0
1073.0,A,RUNNING,1070.72,5,8,1,8,0.125,20.0,99.5,1170.667,0.0,0,0.0,0.0
1074.0,A,RUNNING,1071.72,5,8,1,8,0.125,20.0,99.5,1169.667,0.0,0,0.0,0.0
1075.0,A,RUNNING,1072.72,5,8,1,8,0.125,20.0,99.5,1168.667,0.0,0,0.0,0.0
1076.0,A,RUNNING,1073.72,5,8,1,8,0.125,20.0,99.5,1167.667,0.0,0,0.0,0.0
1077.0,A,RUNNING,1074.72,5,8,1,8,0.125,20.0,99.5,1166.667,0.0,0,0.0,0.0
1078.0,A,RUNNING,1075.72,5,8,1,8,0.125,20.0,99.5,1165.667,0.0,0,0.0,0.0
1079.0,A,RUNNING,1076.72,5,8,1,8,0.125,20.0,99.5,1164.667,0.0,0,0.0,0.0
1080.0,A,RUNNING,1077.72,5,8,1,8,0.125,20.0,99.5,1163.667,0.0,0,0.0,0.0
1081.0,A,RUNNING,1078.72,5,8,1,8,0.125,20.0,99.5,1162.667,0.0,0,0.0,0.0
1082.0,A,RUNNING,1079.72,5,8,1,8,0.125,20.0,99.5,1161.667,0.0,0,0.0,0.0
1083.0,A,RUNNING,1080.72,5,8,1,8,0.125,20.0,99.5,1160.667,0.0,0,0.0,0.0
1084.0,A,RUNNING,1081.72,5,8,1,8,0.125,20.0,99.5,1159.667,0.0,0,0.0,0.0
1085.0,A,RUNNING,1082.72,5,8,1,8,0.125,20.0,99.5,1158.667,0.0,0,0.0,0.0
1086.0,A,RUNNING,1083.72,5,8,1,8,0.125,20.0,99.5,1157.667,0.0,0,0.0,0.0
1087.0,A,RUNNING,1084.72,5,8,1,8,0.125,20.0,99.5,1156.667,0.0,0,0.0,0.0
1088.0,A,RUNNING,1085.72,5,8,1,8,0.125,20.0,99.5,1155.667,0.0,0,0.0,0.0
1089.0,A,RUNNING,1086.72,5,8,1,8,0.125,20.0,99.5,1154.667,0.0,0,0.0,0.0
1090.0,A,RUNNING,1087.72,5,8,1,8,0.125,20.0,99.5,1153.667,0.0,0,0.0,0.0
1091.0,A,RUNNING,1088.72,5,8,1,8,0.125,20.0,99.5,1152.667,0.0,0,0.0,0.0
1092.0,A,RUNNING,1089.72,5,8,1,8,0.125,20.0,99.5,1151.667,0.0,0,0.0,0.0
1093.0,A,RUNNING,1090.72,5,8,1,8,0.125,20.0,99.5,1150.667,0.0,0,0.0,0.0
1094.0,A,RUNNING,1091.72,5,8,1,8,0.125,20.0,99.5,1149.667,0.0,0,0.0,0.0
1095.0,A,RUNNING,1092.72,5,8,1,8,0.125,20.0,99.5,1148.667,0.0,0,0.0,0.0
1096.0,A,RUNNING,1093.72,5,8,1,8,0.125,20.0,99.5,1147.667,0.0,0,0.0,0.0
1097.0,A,RUNNING,1094.72,5,8,1,8,0.125,20.0,99.5,1146.667,0.0,0,0.0,0.0
1098.0,A,RUNNING,1095.72,5,8,1,8,0.125,20.0,99.5,1145.667,0.0,0,0.0,0.0
1099.0,A,RUNNING,1096.72,5,8,1,8,0.125,20.0,99.5,1144.667,0.0,0,0.0,0.0
1100.0,A,RUNNING,1097.72,5,8,1,8,0.125,20.0,99.5,1143.667,0.0,0,0.0,0.0
1101.0,A,RUNNING,1098.72,5,8,1,8,0.125,20.0,99.5,1142.667,0.0,0,0.0,0.0
1102.0,A,RUNNING,1099.72,5,8,1,8,0.125,20.0,99.5,1141.667,0.0,0,0.0,0.0
1103.0,A,RUNNING,1100.72,5,8,1,8,0.125,20.0,99.5,1140.667,0.0,0,0.0,0.0
1104.0,A,RUNNING,1101.72,5,8,1,8,0.125,20.0,99.5,1139.667,0.0,0,0.0,0.0
1105.0,A,RUNNING,1102.72,5,8,1,8,0.125,20.0,99.5,1138.667,0.0,0,0.0,0.0
1106.0,A,RUNNING,1103.72,5,8,1,8,0.125,20.0,99.5,1137.667,0.0,0,0.0,0.0
1107.0,A,RUNNING,1104.72,5,8,1,8,0.125,20.0,99.5,1136.667,0.0,0,0.0,0.0
1108.0,A,RUNNING,1105.72,5,8,1,8,0.125,20.0,99.5,1135.667,0.0,0,0.0,0.0
1109.0,A,RUNNING,1106.72,5,8,1,8,0.125,20.0,99.5,1134.667,0.0,0,0.0,0.0
1110.0,A,RUNNING,1107.72,5,8,1,8,0.125,20.0,99.5,1133.667,0.0,0,0.0,0.0
1111.0,A,RUNNING,1108.72,5,8,1,8,0.125,20.0,99.5,1132.667,0.0,0,0.0,0.0
1112.0,A,RUNNING,1109.72,5,8,1,8,0.125,20.0,99.5,1131.667,0.0,0,0.0,0.0
1113.0,A,RUNNING,1110.72,5,8,1,8,0.125,20.0,99.5,1130.667,0.0,0,0.0,0.0
1114.0,A,RUNNING,1111.72,5,8,1,8,0.125,20.0,99.5,1129.667,0.0,0,0.0,0.0
1115.0,A,RUNNING,1112.72,5,8,1,8,0.125,20.0,99.5,1128.667,0.0,0,0.0,0.0
1116.0,A,RUNNING,1113.72,5,8,1,8,0.125,20.0,99.5,1127.667,0.0,0,0.0,0.0
1117.0,A,RUNNING,1114.72,5,8,1,8,0.125,20.0,99.5,1126.667,0.0,0,0.0,0.0
1118.0,A,RUNNING,1115.72,5,8,1,8,0.125,20.0,99.5,1125.667,0.0,0,0.0,0.0
1119.0,A,RUNNING,1116.72,5,8,1,8,0.125,20.0,99.5,1124.667,0.0,0,0.0,0.0
1120.0,A,RUNNING,1117.72,5,8,1,8,0.125,20.0,99.5,1123.667,0.0,0,0.0,0.0
1121.0,A,RUNNING,1118.72,5,8,1,8,0.125,20.0,99.5,1122.667,0.0,0,0.0,0.0
1122.0,A,RUNNING,1119.72,5,8,1,8,0.125,20.0,99.5,1121.667,0.0,0,0.0,0.0
1123.0,A,RUNNING,1120.72,5,8,1,8,0.125,20.0,99.5,1120.667,0.0,0,0.0,0.0
1124.0,A,RUNNING,1121.72,5,8,1,8,0.125,20.0,99.5,1119.667,0.0,0,0.0,0.0
1125.0,A,RUNNING,1122.72,5,8,1,8,0.125,20.0,99.5,1118.667,0.0,0,0.0,0.0
1126.0,A,RUNNING,1123.72,5,8,1,8,0.125,20.0,99.5,1117.667,0.0,0,0.0,0.0
1127.0,A,RUNNING,1124.72,5,8,1,8,0.125,20.0,99.5,1116.667,0.0,0,0.0,0.0
1128.0,A,RUNNING,1125.72,5,8,1,8,0.125,20.0,99.5,1115.667,0.0,0,0.0,0.0
1129.0,A,RUNNING,1126.72,5,8,1,8,0.125,20.0,99.5,1114.667,0.0,0,0.0,0.0
1130.0,A,RUNNING,1127.72,5,8,1,8,0.125,20.0,99.5,1113.667,0.0,0,0.0,0.0
1131.0,A,RUNNING,1128.72,5,8,1,8,0.125,20.0,99.5,1112.667,0.0,0,0.0,0.0
1132.0,A,RUNNING,1129.72,5,8,1,8,0.125,20.0,99.5,1111.667,0.0,0,0.0,0.0
1133.0,A,RUNNING,1130.72,5,8,1,8,0.125,20.0,99.5,1110.667,0.0,0,0.0,0.0
1134.0,A,RUNNING,1131.72,5,8,1,8,0.125,20.0,99.5,1109.667,0.0,0,0.0,0.0
1135.0,A,RUNNING,1132.72,5,8,1,8,0.125,20.0,99.5,1108.667,0.0,0,0.0,0.0
1136.0,A,RUNNING,1133.72,5,8,1,8,0.125,20.0,99.5,1107.667,0.0,0,0.0,0.0
1137.0,A,RUNNING,1134.72,5,8,1,8,0.125,20.0,99.5,1106.667,0.0,0,0.0,0.0
1138.0,A,RUNNING,1135.72,5,8,1,8,0.125,20.0,99.5,1105.667,0.0,0,0.0,0.0
1139.0,A,RUNNING,1136.72,5,8,1,8,0.125,20.0,99.5,1104.667,0.0,0,0.0,0.0
1140.0,A,RUNNING,1137.72,5,8,1,8,0.125,20.0,99.5,1103.667,0.0,0,0.0,0.0
1141.0,A,RUNNING,1138.72,5,8,1,8,0.125,20.0,99.5,1102.667,0.0,0,0.0,0.0
1142.0,A,RUNNING,1139.72,5,8,1,8,0.125,20.0,99.5,1101.667,0.0,0,0.0,0.0
1143.0,A,RUNNING,1140.72,5,8,1,8,0.125,20.0,99.5,1100.667,0.0,0,0.0,0.0
1144.0,A,RUNNING,1141.72,5,8,1,8,0.125,20.0,99.5,1099.667,0.0,0,0.0,0.0
1145.0,A,RUNNING,1142.72,5,8,1,8,0.125,20.0,99.5,1098.667,0.0,0,0.0,0.0
1146.0,A,RUNNING,1143.72,5,8,1,8,0.125,20.0,99.5,1097.667,0.0,0,0.0,0.0
1147.0,A,RUNNING,1144.72,5,8,1,8,0.125,20.0,99.5,1096.667,0.0,0,0.0,0.0
1148.0,A,RUNNING,1145.72,5,8,1,8,0.125,20.0,99.5,1095.667,0.0,0,0.0,0.0
1149.0,A,RUNNING,1146.72,5,8,1,8,0.125,20.0,99.5,1094.667,0.0,0,0.0,0.0
1150.0,A,RUNNING,1147.72,5,8,1,8,0.125,20.0,99.5,1093.667,0.0,0,0.0,0.0
1151.0,A,RUNNING,1148.72,5,8,1,8,0.125,20.0,99.5,1092.667,0.0,0,0.0,0.0
1152.0,A,RUNNING,1149.72,5,8,1,8,0.125,20.0,99.5,1091.667,0.0,0,0.0,0.0
1153.0,A,RUNNING,1150.72,5,8,1,8,0.125,20.0,99.5,1090.667,0.0,0,0.0,0.0
1154.0,A,RUNNING,1151.72,5,8,1,8,0.125,20.0,99.5,1089.667,0.0,0,0.0,0.0
1155.0,A,RUNNING,1152.72,5,8,1,8,0.125,20.0,99.5,1088.667,0.0,0,0.0,0.0
1156.0,A,RUNNING,1153.72,5,8,1,8,0.125,20.0,99.5,1087.667,0.0,0,0.0,0.0
1157.0,A,RUNNING,1154.72,5,8,1,8,0.125,20.0,99.5,1086.667,0.0,0,0.0,0.0
1158.0,A,RUNNING,1155.72,5,8,1,8,0.125,20.0,99.5,1085.667,0.0,0,0.0,0.0
1159.0,A,RUNNING,1156.72,5,8,1,8,0.125,20.0,99.5,1084.667,0.0,0,0.0,0.0
1160.0,A,RUNNING,1157.72,5,8,1,8,0.125,20.0,99.5,1083.667,0.0,0,0.0,0.0
1161.0,A,RUNNING,1158.72,5,8,1,8,0.125,20.0,99.5,1082.667,0.0,0,0.0,0.0
1162.0,A,RUNNING,1159.72,5,8,1,8,0.125,20.0,99.5,1081.667,0.0,0,0.0,0.0
1163.0,A,RUNNING,1160.72,5,8,1,8,0.125,20.0,99.5,1080.667,0.0,0,0.0,0.0
1164.0,A,RUNNING,1161.72,6,8,2,8,0.25,20.0,99.4,1109.1914,0.0,0,0.0,0.0
1165.0,A,RUNNING,1162.72,6,8,2,8,0.25,20.0,99.4,1108.1914,0.0,0,0.0,0.0
1166.0,A,RUNNING,1163.72,6,8,2,8,0.25,20.0,99.4,1107.1914,0.0,0,0.0,0.0
1167.0,A,RUNNING,1164.72,6,8,2,8,0.25,20.0,99.4,1106.1914,0.0,0,0.0,0.0
1168.0,A,RUNNING,1165.72,6,8,2,8,0.25,20.0,99.4,1105.1914,0.0,0,0.0,0.0
1169.0,A,RUNNING,1166.72,6,8,2,8,0.25,20.0,99.4,1104.1914,0.0,0,0.0,0.0
1170.0,A,RUNNING,1167.72,6,8,2,8,0.25,20.0,99.4,1103.1914,0.0,0,0.0,0.0
1171.0,A,RUNNING,1168.72,6,8,2,8,0.25,20.0,99.4,1102.1914,0.0,0,0.0,0.0
1172.0,A,RUNNING,1169.72,6,8,2,8,0.25,20.0,99.4,1101.1914,0.0,0,0.0,0.0
1173.0,A,RUNNING,1170.72,6,8,2,8,0.25,20.0,99.4,1100.1914,0.0,0,0.0,0.0
1174.0,A,RUNNING,1171.72,6,8,2,8,0.25,20.0,99.4,1099.1914,0.0,0,0.0,0.0
1175.0,A,RUNNING,1172.72,6,8,2,8,0.25,20.0,99.4,1098.1914,0.0,0,0.0,0.0
1176.0,A,RUNNING,1173.72,6,8,2,8,0.25,20.0,99.4,1097.1914,0.0,0,0.0,0.0
1177.0,A,RUNNING,1174.72,6,8,2,8,0.25,20.0,99.4,1096.1914,0.0,0,0.0,0.0
1178.0,A,RUNNING,1175.72,6,8,2,8,0.25,20.0,99.4,1095.1914,0.0,0,0.0,0.0
1179.0,A,RUNNING,1176.72,6,8,2,8,0.25,20.0,99.4,1094.1914,0.0,0,0.0,0.0
1180.0,A,RUNNING,1177.72,6,8,2,8,0.25,20.0,99.4,1093.1914,0.0,0,0.0,0.0
1181.0,A,RUNNING,1178.72,6,8,2,8,0.25,20.0,99.4,1092.1914,0.0,0,0.0,0.0
1182.0,A,RUNNING,1179.72,6,8,2,8,0.25,20.0,99.4,1091.1914,0.0,0,0.0,0.0
1183.0,A,RUNNING,1180.72,6,8,2,8,0.25,20.0,99.4,1090.1914,0.0,0,0.0,0.0
1184.0,A,RUNNING,1181.72,6,8,2,8,0.25,20.0,99.4,1089.1914,0.0,0,0.0,0.0
1185.0,A,RUNNING,1182.72,6,8,2,8,0.25,20.0,99.4,1088.1914,0.0,0,0.0,0.0
1186.0,A,RUNNING,1183.72,6,8,2,8,0.25,20.0,99.4,1087.1914,0.0,0,0.0,0.0
1187.0,A,RUNNING,1184.72,6,8,2,8,0.25,20.0,99.4,1086.1914,0.0,0,0.0,0.0
1188.0,A,RUNNING,1185.72,6,8,2,8,0.25,20.0,99.4,1085.1914,0.0,0,0.0,0.0
1189.0,A,RUNNING,1186.72,6,8,2,8,0.25,20.0,99.4,1084.1914,0.0,0,0.0,0.0
1190.0,A,RUNNING,1187.72,6,8,2,8,0.25,20.0,99.4,1083.1914,0.0,0,0.0,0.0
1191.0,A,RUNNING,1188.72,6,8,2,8,0.25,20.0,99.4,1082.1914,0.0,0,0.0,0.0
1192.0,A,RUNNING,1189.72,6,8,2,8,0.25,20.0,99.4,1081.1914,0.0,0,0.0,0.0
1193.0,A,RUNNING,1190.72,6,8,2,8,0.25,20.0,99.4,1080.1914,0.0,0,0.0,0.0
1194.0,A,RUNNING,1191.72,6,8,2,8,0.25,20.0,99.4,1079.1914,0.0,0,0.0,0.0
1195.0,A,RUNNING,1192.72,6,8,2,8,0.25,20.0,99.4,1078.1914,0.0,0,0.0,0.0
1196.0,A,RUNNING,1193.72,6,8,2,8,0.25,20.0,99.4,1077.1914,0.0,0,0.0,0.0
1197.0,A,RUNNING,1194.72,6,8,2,8,0.25,20.0,99.4,1076.1914,0.0,0,0.0,0.0
1198.0,A,RUNNING,1195.72,6,8,2,8,0.25,20.0,99.4,1075.1914,0.0,0,0.0,0.0
1199.0,A,RUNNING,1196.72,6,8,2,8,0.25,20.0,99.4,1074.1914,0.0,0,0.0,0.0
1200.0,A,RUNNING,1197.72,6,8,2,8,0.25,20.0,99.4,1073.1914,0.0,0,0.0,0.0
1201.0,A,RUNNING,1198.72,6,8,2,8,0.25,20.0,99.4,1072.1914,0.0,0,0.0,0.0
1202.0,A,RUNNING,1199.72,6,8,2,8,0.25,20.0,99.4,1071.1914,0.0,0,0.0,0.0
1203.0,A,RUNNING,1200.72,6,8,2,8,0.25,20.0,99.4,1070.1914,0.0,0,0.0,0.0
1204.0,A,RUNNING,1201.72,6,8,2,8,0.25,20.0,99.4,1069.1914,0.0,0,0.0,0.0
1205.0,A,RUNNING,1202.72,6,8,2,8,0.25,20.0,99.4,1068.1914,0.0,0,0.0,0.0
1206.0,A,RUNNING,1203.72,6,8,2,8,0.25,20.0,99.4,1067.1914,0.0,0,0.0,0.0
1207.0,A,RUNNING,1204.72,6,8,2,8,0.25,20.0,99.4,1066.1914,0.0,0,0.0,0.0
1208.0,A,RUNNING,1205.72,6,8,2,8,0.25,20.0,99.4,1065.1914,0.0,0,0.0,0.0
1209.0,A,RUNNING,1206.72,6,8,2,8,0.25,20.0,99.4,1064.1914,0.0,0,0.0,0.0
1210.0,A,RUNNING,1207.72,6,8,2,8,0.25,20.0,99.4,1063.1914,0.0,0,0.0,0.0
1211.0,A,RUNNING,1208.72,6,8,2,8,0.25,20.0,99.4,1062.1914,0.0,0,0.0,0.0
1212.0,A,RUNNING,1209.72,6,8,2,8,0.25,20.0,99.4,1061.1914,0.0,0,0.0,0.0
1213.0,A,RUNNING,1210.72,6,8,2,8,0.25,20.0,99.4,1060.1914,0.0,0,0.0,0.0
1214.0,A,RUNNING,1211.72,6,8,2,8,0.25,20.0,99.4,1059.1914,0.0,0,0.0,0.0
1215.0,A,RUNNING,1212.72,6,8,2,8,0.25,20.0,99.4,1058.1914,0.0,0,0.0,0.0
1216.0,A,RUNNING,1213.72,6,8,2,8,0.25,20.0,99.4,1057.1914,0.0,0,0.0,0.0
1217.0,A,RUNNING,1214.72,6,8,2,8,0.25,20.0,99.4,1056.1914,0.0,0,0.0,0.0
1218.0,A,RUNNING,1215.72,6,8,2,8,0.25,20.0,99.4,1055.1914,0.0,0,0.0,0.0
1219.0,A,RUNNING,1216.72,6,8,2,8,0.25,20.0,99.4,1054.1914,0.0,0,0.0,0.0
1220.0,A,RUNNING,1217.72,6,8,2,8,0.25,20.0,99.4,1053.1914,0.0,0,0.0,0.0
1221.0,A,RUNNING,1218.72,6,8,2,8,0.25,20.0,99.4,1052.1914,0.0,0,0.0,0.0
1222.0,A,RUNNING,1219.72,6,8,2,8,0.25,20.0,99.4,1051.1914,0.0,0,0.0,0.0
1223.0,A,RUNNING,1220.72,6,8,2,8,0.25,20.0,99.4,1050.1914,0.0,0,0.0,0.0
1224.0,A,RUNNING,1221.72,6,8,2,8,0.25,20.0,99.4,1049.1914,0.0,0,0.0,0.0
1225.0,A,RUNNING,1222.72,6,8,2,8,0.25,20.0,99.4,1048.1914,0.0,0,0.0,0.0
1226.0,A,RUNNING,1223.72,6,8,2,8,0.25,20.0,99.4,1047.1914,0.0,0,0.0,0.0
1227.0,A,RUNNING,1224.72,6,8,2,8,0.25,20.0,99.4,1046.1914,0.0,0,0.0,0.0
1228.0,A,RUNNING,1225.72,6,8,2,8,0.25,20.0,99.4,1045.1914,0.0,0,0.0,0.0
1229.0,A,RUNNING,1226.72,6,8,2,8,0.25,20.0,99.4,1044.1914,0.0,0,0.0,0.0
1230.0,A,RUNNING,1227.72,6,8,2,8,0.25,20.0,99.4,1043.1914,0.0,0,0.0,0.0
1231.0,A,RUNNING,1228.72,6,8,2,8,0.25,20.0,99.4,1042.1914,0.0,0,0.0,0.0
1232.0,A,RUNNING,1229.72,6,8,2,8,0.25,20.0,99.4,1041.1914,0.0,0,0.0,0.0
1233.0,A,RUNNING,1230.72,6,8,2,8,0.25,20.0,99.4,1040.1914,0.0,0,0.0,0.0
1234.0,A,RUNNING,1231.72,6,8,2,8,0.25,20.0,99.4,1039.1914,0.0,0,0.0,0.0
1235.0,A,RUNNING,1232.72,6,8,2,8,0.25,20.0,99.4,1038.1914,0.0,0,0.0,0.0
1236.0,A,RUNNING,1233.72,6,8,2,8,0.25,20.0,99.4,1037.1914,0.0,0,0.0,0.0
1237.0,A,RUNNING,1234.72,6,8,2,8,0.25,20.0,99.4,1036.1914,0.0,0,0.0,0.0
1238.0,A,RUNNING,1235.72,6,8,2,8,0.25,20.0,99.4,1035.1914,0.0,0,0.0,0.0
1239.0,A,RUNNING,1236.72,6,8,2,8,0.25,20.0,99.4,1034.1914,0.0,0,0.0,0.0
1240.0,A,RUNNING,1237.72,6,8,2,8,0.25,20.0,99.4,1033.1914,0.0,0,0.0,0.0
1241.0,A,RUNNING,1238.72,6,8,2,8,0.25,20.0,99.4,1032.1914,0.0,0,0.0,0.0
1242.0,A,RUNNING,1239.72,6,8,2,8,0.25,20.0,99.4,1031.1914,0.0,0,0.0,0.0
1243.0,A,RUNNING,1240.72,6,8,2,8,0.25,20.0,99.4,1030.1914,0.0,0,0.0,0.0
1244.0,A,RUNNING,1241.72,6,8,2,8,0.25,20.0,99.4,1029.1914,0.0,0,0.0,0.0
1245.0,A,RUNNING,1242.72,6,8,2,8,0.25,20.0,99.4,1028.1914,0.0,0,0.0,0.0
1246.0,A,RUNNING,1243.72,6,8,2,8,0.25,20.0,99.4,1027.1914,0.0,0,0.0,0.0
1247.0,A,RUNNING,1244.72,6,8,2,8,0.25,20.0,99.4,1026.1914,0.0,0,0.0,0.0
1248.0,A,RUNNING,1245.72,6,8,2,8,0.25,20.0,99.4,1025.1914,0.0,0,0.0,0.0
1249.0,A,RUNNING,1246.72,6,8,2,8,0.25,20.0,99.4,1024.1914,0.0,0,0.0,0.0
1250.0,A,RUNNING,1247.72,6,8,2,8,0.25,20.0,99.4,1023.1914,0.0,0,0.0,0.0
1251.0,A,RUNNING,1248.72,6,8,2,8,0.25,20.0,99.4,1022.1914,0.0,0,0.0,0.0
1252.0,A,RUNNING,1249.72,6,8,2,8,0.25,20.0,99.4,1021.1914,0.0,0,0.0,0.0
1253.0,A,RUNNING,1250.72,6,8,2,8,0.25,20.0,99.4,1020.1914,0.0,0,0.0,0.0
1254.0,A,RUNNING,1251.72,6,8,2,8,0.25,20.0,99.4,1019.1914,0.0,0,0.0,0.0
1255.0,A,RUNNING,1252.72,6,8,2,8,0.25,20.0,99.4,1018.1914,0.0,0,0.0,0.0
1256.0,A,RUNNING,1253.72,6,8,2,8,0.25,20.0,99.4,1017.1914,0.0,0,0.0,0.0
1257.0,A,RUNNING,1254.72,6,8,2,8,0.25,20.0,99.4,1016.1914,0.0,0,0.0,0.0
1258.0,A,RUNNING,1255.72,6,8,2,8,0.25,20.0,99.4,1015.1914,0.0,0,0.0,0.0
1259.0,A,RUNNING,1256.72,6,8,2,8,0.25,20.0,99.4,1014.1914,0.0,0,0.0,0.0
1260.0,A,RUNNING,1257.72,6,8,2,8,0.25,20.0,99.4,1013.1914,0.0,0,0.0,0.0
1261.0,A,RUNNING,1258.72,6,8,2,8,0.25,20.0,99.4,1012.1914,0.0,0,0.0,0.0
1262.0,A,RUNNING,1259.72,6,8,2,8,0.25,20.0,99.4,1011.1914,0.0,0,0.0,0.0
1263.0,A,RUNNING,1260.72,6,8,2,8,0.25,20.0,99.4,1010.1914,0.0,0,0.0,0.0
1264.0,A,RUNNING,1261.72,6,8,2,8,0.25,20.0,99.4,1009.1914,0.0,0,0.0,0.0
1265.0,A,RUNNING,1262.72,6,8,2,8,0.25,20.0,99.4,1008.1914,0.0,0,0.0,0.0
1266.0,A,RUNNING,1263.72,6,8,2,8,0.25,20.0,99.4,1007.1914,0.0,0,0.0,0.0
1267.0,A,RUNNING,1264.72,6,8,2,8,0.25,20.0,99.4,1006.1914,0.0,0,0.0,0.0
1268.0,A,RUNNING,1265.72,6,8,2,8,0.25,20.0,99.4,1005.1914,0.0,0,0.0,0.0
1269.0,A,RUNNING,1266.72,6,8,2,8,0.25,20.0,99.4,1004.1914,0.0,0,0.0,0.0
1270.0,A,RUNNING,1267.72,6,8,2,8,0.25,20.0,99.4,1003.1914,0.0,0,0.0,0.0
1271.0,A,RUNNING,1268.72,6,8,2,8,0.25,20.0,99.4,1002.1914,0.0,0,0.0,0.0
1272.0,A,RUNNING,1269.72,6,8,2,8,0.25,20.0,99.4,1001.1914,0.0,0,0.0,0.0
1273.0,A,RUNNING,1270.72,6,8,2,8,0.25,20.0,99.4,1000.1914,0.0,0,0.0,0.0
1274.0,A,RUNNING,1271.72,6,8,2,8,0.25,20.0,99.4,999.1914,0.0,0,0.0,0.0
1275.0,A,RUNNING,1272.72,6,8,2,8,0.25,20.0,99.4,998.1914,0.0,0,0.0,0.0
1276.0,A,RUNNING,1273.72,6,8,2,8,0.25,20.0,99.4,997.1914,0.0,0,0.0,0.0
1277.0,A,RUNNING,1274.72,6,8,2,8,0.25,20.0,99.4,996.1914,0.0,0,0.0,0.0
1278.0,A,RUNNING,1275.72,6,8,2,8,0.25,20.0,99.4,995.1914,0.0,0,0.0,0.0
1279.0,A,RUNNING,1276.72,6,8,2,8,0.25,20.0,99.4,994.1914,0.0,0,0.0,0.0
1280.0,A,RUNNING,1277.72,6,8,2,8,0.25,20.0,99.4,993.1914,0.0,0,0.0,0.0
1281.0,A,RUNNING,1278.72,6,8,2,8,0.25,20.0,99.4,992.1914,0.0,0,0.0,0.0
1282.0,A,RUNNING,1279.72,6,8,2,8,0.25,20.0,99.4,991.1914,0.0,0,0.0,0.0
1283.0,A,RUNNING,1280.72,6,8,2,8,0.25,20.0,99.4,990.1914,0.0,0,0.0,0.0
1284.0,A,RUNNING,1281.72,6,8,2,8,0.25,20.0,99.4,989.1914,0.0,0,0.0,0.0
1285.0,A,RUNNING,1282.72,6,8,2,8,0.25,20.0,99.4,988.1914,0.0,0,0.0,0.0
1286.0,A,RUNNING,1283.72,6,8,2,8,0.25,20.0,99.4,987.1914,0.0,0,0.0,0.0
1287.0,A,RUNNING,1284.72,6,8,2,8,0.25,20.0,99.4,986.1914,0.0,0,0.0,0.0
1288.0,A,RUNNING,1285.72,6,8,2,8,0.25,20.0,99.4,985.1914,0.0,0,0.0,0.0
1289.0,A,RUNNING,1286.72,6,8,2,8,0.25,20.0,99.4,984.1914,0.0,0,0.0,0.0
1290.0,A,RUNNING,1287.72,6,8,2,8,0.25,20.0,99.4,983.1914,0.0,0,0.0,0.0
1291.0,A,RUNNING,1288.72,6,8,2,8,0.25,20.0,99.4,982.1914,0.0,0,0.0,0.0
1292.0,A,RUNNING,1289.72,6,8,2,8,0.25,20.0,99.4,981.1914,0.0,0,0.0,0.0
1293.0,A,RUNNING,1290.72,6,8,2,8,0.25,20.0,99.4,980.1914,0.0,0,0.0,0.0
1294.0,A,RUNNING,1291.72,6,8,2,8,0.25,20.0,99.4,979.1914,0.0,0,0.0,0.0
1295.0,A,RUNNING,1292.72,6,8,2,8,0.25,20.0,99.4,978.1914,0.0,0,0.0,0.0
1296.0,A,RUNNING,1293.72,6,8,2,8,0.25,20.0,99.4,977.1914,0.0,0,0.0,0.0
1297.0,A,RUNNING,1294.72,6,8,2,8,0.25,20.0,99.4,976.1914,0.0,0,0.0,0.0
1298.0,A,RUNNING,1295.72,6,8,2,8,0.25,20.0,99.4,975.1914,0.0,0,0.0,0.0
1299.0,A,RUNNING,1296.72,6,8,2,8,0.25,20.0,99.4,974.1914,0.0,0,0.0,0.0
1300.0,A,RUNNING,1297.72,6,8,2,8,0.25,20.0,99.4,973.1914,0.0,0,0.0,0.0
1301.0,A,RUNNING,1298.72,6,8,2,8,0.25,20.0,99.4,972.1914,0.0,0,0.0,0.0
1302.0,A,RUNNING,1299.72,6,8,2,8,0.25,20.0,99.4,971.1914,0.0,0,0.0,0.0
1303.0,A,RUNNING,1300.72,6,8,2,8,0.25,20.0,99.4,970.1914,0.0,0,0.0,0.0
1304.0,A,RUNNING,1301.72,6,8,2,8,0.25,20.0,99.4,969.1914,0.0,0,0.0,0.0
1305.0,A,RUNNING,1302.72,6,8,2,8,0.25,20.0,99.4,968.1914,0.0,0,0.0,0.0
1306.0,A,RUNNING,1303.72,6,8,2,8,0.25,20.0,99.4,967.1914,0.0,0,0.0,0.0
1307.0,A,RUNNING,1304.72,6,8,2,8,0.25,20.0,99.4,966.1914,0.0,0,0.0,0.0
1308.0,A,RUNNING,1305.72,6,8,2,8,0.25,20.0,99.4,965.1914,0.0,0,0.0,0.0
1309.0,A,RUNNING,1306.72,6,8,2,8,0.25,20.0,99.4,964.1914,0.0,0,0.0,0.0
1310.0,A,RUNNING,1307.72,6,8,2,8,0.25,20.0,99.4,963.1914,0.0,0,0.0,0.0
1311.0,A,RUNNING,1308.72,6,8,2,8,0.25,20.0,99.4,962.1914,0.0,0,0.0,0.0
1312.0,A,RUNNING,1309.72,6,8,2,8,0.25,20.0,99.4,961.1914,0.0,0,0.0,0.0
1313.0,A,RUNNING,1310.72,6,8,2,8,0.25,20.0,99.4,960.1914,0.0,0,0.0,0.0
1314.0,A,RUNNING,1311.72,6,8,2,8,0.25,20.0,99.4,959.1914,0.0,0,0.0,0.0
1315.0,A,RUNNING,1312.72,6,8,2,8,0.25,20.0,99.4,958.1914,0.0,0,0.0,0.0
1316.0,A,RUNNING,1313.72,6,8,2,8,0.25,20.0,99.4,957.1914,0.0,0,0.0,0.0
1317.0,A,RUNNING,1314.72,6,8,2,8,0.25,20.0,99.4,956.1914,0.0,0,0.0,0.0
1318.0,A,RUNNING,1315.72,6,8,2,8,0.25,20.0,99.4,955.1914,0.0,0,0.0,0.0
1319.0,A,RUNNING,1316.72,6,8,2,8,0.25,20.0,99.4,954.1914,0.0,0,0.0,0.0
1320.0,A,RUNNING,1317.72,6,8,2,8,0.25,20.0,99.4,953.1914,0.0,0,0.0,0.0
1321.0,A,RUNNING,1318.72,6,8,2,8,0.25,20.0,99.4,952.1914,0.0,0,0.0,0.0
1322.0,A,RUNNING,1319.72,6,8,2,8,0.25,20.0,99.4,951.1914,0.0,0,0.0,0.0
1323.0,A,RUNNING,1320.72,6,8,2,8,0.25,20.0,99.4,950.1914,0.0,0,0.0,0.0
1324.0,A,RUNNING,1321.72,6,8,2,8,0.25,20.0,99.4,949.1914,0.0,0,0.0,0.0
1325.0,A,RUNNING,1322.72,6,8,2,8,0.25,20.0,99.4,948.1914,0.0,0,0.0,0.0
1326.0,A,RUNNING,1323.72,6,8,2,8,0.25,20.0,99.4,947.1914,0.0,0,0.0,0.0
1327.0,A,RUNNING,1324.72,6,8,2,8,0.25,20.0,99.4,946.1914,0.0,0,0.0,0.0
1328.0,A,RUNNING,1325.72,6,8,2,8,0.25,20.0,99.4,945.1914,0.0,0,0.0,0.0
1329.0,A,RUNNING,1326.72,6,8,2,8,0.25,20.0,99.4,944.1914,0.0,0,0.0,0.0
1330.0,A,RUNNING,1327.72,6,8,2,8,0.25,20.0,99.4,943.1914,0.0,0,0.0,0.0
1331.0,A,RUNNING,1328.72,6,8,2,8,0.25,20.0,99.4,942.1914,0.0,0,0.0,0.0
1332.0,A,RUNNING,1329.72,6,8,2,8,0.25,20.0,99.4,941.1914,0.0,0,0.0,0.0
1333.0,A,RUNNING,1330.72,6,8,2,8,0.25,20.0,99.4,940.1914,0.0,0,0.0,0.0
1334.0,A,RUNNING,1331.72,6,8,2,8,0.25,20.0,99.4,939.1914,0.0,0,0.0,0.0
1335.0,A,RUNNING,1332.72,6,8,2,8,0.25,20.0,99.4,938.1914,0.0,0,0.0,0.0
1336.0,A,RUNNING,1333.72,6,8,2,8,0.25,20.0,99.4,937.1914,0.0,0,0.0,0.0
1337.0,A,RUNNING,1334.72,6,8,2,8,0.25,20.0,99.4,936.1914,0.0,0,0.0,0.0
1338.0,A,RUNNING,1335.72,6,8,2,8,0.25,20.0,99.4,935.1914,0.0,0,0.0,0.0
1339.0,A,RUNNING,1336.72,6,8,2,8,0.25,20.0,99.4,934.1914,0.0,0,0.0,0.0
1340.0,A,RUNNING,1337.72,6,8,2,8,0.25,20.0,99.4,933.1914,0.0,0,0.0,0.0
1341.0,A,RUNNING,1338.72,6,8,2,8,0.25,20.0,99.4,932.1914,0.0,0,0.0,0.0
1342.0,A,RUNNING,1339.72,6,8,2,8,0.25,20.0,99.4,931.1914,0.0,0,0.0,0.0
1343.0,A,RUNNING,1340.72,6,8,2,8,0.25,20.0,99.4,930.1914,0.0,0,0.0,0.0
1344.0,A,RUNNING,1341.72,6,8,2,8,0.25,20.0,99.4,929.1914,0.0,0,0.0,0.0
1345.0,A,RUNNING,1342.72,6,8,2,8,0.25,20.0,99.4,928.1914,0.0,0,0.0,0.0
1346.0,A,RUNNING,1343.72,6,8,2,8,0.25,20.0,99.4,927.1914,0.0,0,0.0,0.0
1347.0,A,RUNNING,1344.72,6,8,2,8,0.25,20.0,99.4,926.1914,0.0,0,0.0,0.0
1348.0,A,RUNNING,1345.72,6,8,2,8,0.25,20.0,99.4,925.1914,0.0,0,0.0,0.0
1349.0,A,RUNNING,1346.72,6,8,2,8,0.25,20.0,99.4,924.1914,0.0,0,0.0,0.0
1350.0,A,RUNNING,1347.72,6,8,2,8,0.25,20.0,99.4,923.1914,0.0,0,0.0,0.0
1351.0,A,RUNNING,1348.72,6,8,2,8,0.25,20.0,99.4,922.1914,0.0,0,0.0,0.0
1352.0,A,RUNNING,1349.72,6,8,2,8,0.25,20.0,99.4,921.1914,0.0,0,0.0,0.0
1353.0,A,RUNNING,1350.72,6,8,2,8,0.25,20.0,99.4,920.1914,0.0,0,0.0,0.0
1354.0,A,RUNNING,1351.72,6,8,2,8,0.25,20.0,99.4,919.1914,0.0,0,0.0,0.0
1355.0,A,RUNNING,1352.72,6,8,2,8,0.25,20.0,99.4,918.1914,0.0,0,0.0,0.0
1356.0,A,RUNNING,1353.72,6,8,2,8,0.25,20.0,99.4,917.1914,0.0,0,0.0,0.0
1357.0,A,RUNNING,1354.72,6,8,2,8,0.25,20.0,99.4,916.1914,0.0,0,0.0,0.0
1358.0,A,RUNNING,1355.72,6,8,2,8,0.25,20.0,99.4,915.1914,0.0,0,0.0,0.0
1359.0,A,RUNNING,1356.72,6,8,2,8,0.25,20.0,99.4,914.1914,0.0,0,0.0,0.0
1360.0,A,RUNNING,1357.72,6,8,2,8,0.25,20.0,99.4,913.1914,0.0,0,0.0,0.0
1361.0,A,RUNNING,1358.72,6,8,2,8,0.25,20.0,99.4,912.1914,0.0,0,0.0,0.0
1362.0,A,RUNNING,1359.72,6,8,2,8,0.25,20.0,99.4,911.1914,0.0,0,0.0,0.0
1363.0,A,RUNNING,1360.72,6,8,2,8,0.25,20.0,99.4,910.1914,0.0,0,0.0,0.0
1364.0,A,RUNNING,1361.72,6,8,2,8,0.25,20.0,99.4,909.1914,0.0,0,0.0,0.0
1365.0,A,RUNNING,1362.72,6,8,2,8,0.25,20.0,99.4,908.1914,0.0,0,0.0,0.0
1366.0,A,RUNNING,1363.72,6,8,2,8,0.25,20.0,99.4,907.1914,0.0,0,0.0,0.0
1367.0,A,RUNNING,1364.72,6,8,2,8,0.25,20.0,99.4,906.1914,0.0,0,0.0,0.0
1368.0,A,RUNNING,1365.72,6,8,2,8,0.25,20.0,99.4,905.1914,0.0,0,0.0,0.0
1369.0,A,RUNNING,1366.72,6,8,2,8,0.25,20.0,99.4,904.1914,0.0,0,0.0,0.0
1370.0,A,RUNNING,1367.72,6,8,2,8,0.25,20.0,99.4,903.1914,0.0,0,0.0,0.0
1371.0,A,RUNNING,1368.72,6,8,2,8,0.25,20.0,99.4,902.1914,0.0,0,0.0,0.0
1372.0,A,RUNNING,1369.72,6,8,2,8,0.25,20.0,99.4,901.1914,0.0,0,0.0,0.0
1373.0,A,RUNNING,1370.72,6,8,2,8,0.25,20.0,99.4,900.1914,0.0,0,0.0,0.0
1374.0,A,RUNNING,1371.72,7,8,3,8,0.375,20.0,99.3,905.112,0.0,0,0.0,0.0
1375.0,A,RUNNING,1372.72,7,8,3,8,0.375,20.0,99.3,904.112,0.0,0,0.0,0.0
1376.0,A,RUNNING,1373.72,7,8,3,8,0.375,20.0,99.3,903.112,0.0,0,0.0,0.0
1377.0,A,RUNNING,1374.72,7,8,3,8,0.375,20.0,99.3,902.112,0.0,0,0.0,0.0
1378.0,A,RUNNING,1375.72,7,8,3,8,0.375,20.0,99.3,901.112,0.0,0,0.0,0.0
1379.0,A,RUNNING,1376.72,7,8,3,8,0.375,20.0,99.3,900.112,0.0,0,0.0,0.0
1380.0,A,RUNNING,1377.72,7,8,3,8,0.375,20.0,99.3,899.112,0.0,0,0.0,0.0
1381.0,A,RUNNING,1378.72,7,8,3,8,0.375,20.0,99.3,898.112,0.0,0,0.0,0.0
1382.0,A,RUNNING,1379.72,7,8,3,8,0.375,20.0,99.3,897.112,0.0,0,0.0,0.0
1383.0,A,RUNNING,1380.72,7,8,3,8,0.375,20.0,99.3,896.112,0.0,0,0.0,0.0
1384.0,A,RUNNING,1381.72,7,8,3,8,0.375,20.0,99.3,895.112,0.0,0,0.0,0.0
1385.0,A,RUNNING,1382.72,7,8,3,8,0.375,20.0,99.3,894.112,0.0,0,0.0,0.0
1386.0,A,RUNNING,1383.72,7,8,3,8,0.375,20.0,99.3,893.112,0.0,0,0.0,0.0
1387.0,A,RUNNING,1384.72,7,8,3,8,0.375,20.0,99.3,892.112,0.0,0,0.0,0.0
1388.0,A,RUNNING,1385.72,7,8,3,8,0.375,20.0,99.3,891.112,0.0,0,0.0,0.0
1389.0,A,RUNNING,1386.72,7,8,3,8,0.375,20.0,99.3,890.112,0.0,0,0.0,0.0
1390.0,A,RUNNING,1387.72,7,8,3,8,0.375,20.0,99.3,889.112,0.0,0,0.0,0.0
1391.0,A,RUNNING,1388.72,7,8,3,8,0.375,20.0,99.3,888.112,0.0,0,0.0,0.0
1392.0,A,RUNNING,1389.72,7,8,3,8,0.375,20.0,99.3,887.112,0.0,0,0.0,0.0
1393.0,A,RUNNING,1390.72,7,8,3,8,0.375,20.0,99.3,886.112,0.0,0,0.0,0.0
1394.0,A,RUNNING,1391.72,7,8,3,8,0.375,20.0,99.3,885.112,0.0,0,0.0,0.0
1395.0,A,RUNNING,1392.72,7,8,3,8,0.375,20.0,99.3,884.112,0.0,0,0.0,0.0
1396.0,A,RUNNING,1393.72,7,8,3,8,0.375,20.0,99.3,883.112,0.0,0,0.0,0.0
1397.0,A,RUNNING,1394.72,7,8,3,8,0.375,20.0,99.3,882.112,0.0,0,0.0,0.0
1398.0,A,RUNNING,1395.72,7,8,3,8,0.375,20.0,99.3,881.112,0.0,0,0.0,0.0
1399.0,A,RUNNING,1396.72,7,8,3,8,0.375,20.0,99.3,880.112,0.0,0,0.0,0.0
1400.0,A,RUNNING,1397.72,7,8,3,8,0.375,20.0,99.3,879.112,0.0,0,0.0,0.0
1401.0,A,RUNNING,1398.72,7,8,3,8,0.375,20.0,99.3,878.112,0.0,0,0.0,0.0
1402.0,A,RUNNING,1399.72,7,8,3,8,0.375,20.0,99.3,877.112,0.0,0,0.0,0.0
1403.0,A,RUNNING,1400.72,7,8,3,8,0.375,20.0,99.3,876.112,0.0,0,0.0,0.0
1404.0,A,RUNNING,1401.72,7,8,3,8,0.375,20.0,99.3,875.112,0.0,0,0.0,0.0
1405.0,A,RUNNING,1402.72,7,8,3,8,0.375,20.0,99.3,874.112,0.0,0,0.0,0.0
1406.0,A,RUNNING,1403.72,7,8,3,8,0.375,20.0,99.3,873.112,0.0,0,0.0,0.0
1407.0,A,RUNNING,1404.72,7,8,3,8,0.375,20.0,99.3,872.112,0.0,0,0.0,0.0
1408.0,A,RUNNING,1405.72,7,8,3,8,0.375,20.0,99.3,871.112,0.0,0,0.0,0.0
1409.0,A,RUNNING,1406.72,7,8,3,8,0.375,20.0,99.3,870.112,0.0,0,0.0,0.0
1410.0,A,RUNNING,1407.72,7,8,3,8,0.375,20.0,99.3,869.112,0.0,0,0.0,0.0
1411.0,A,RUNNING,1408.72,7,8,3,8,0.375,20.0,99.3,868.112,0.0,0,0.0,0.0
1412.0,A,RUNNING,1409.72,7,8,3,8,0.375,20.0,99.3,867.112,0.0,0,0.0,0.0
1413.0,A,RUNNING,1410.72,7,8,3,8,0.375,20.0,99.3,866.112,0.0,0,0.0,0.0
1414.0,A,RUNNING,1411.72,7,8,3,8,0.375,20.0,99.3,865.112,0.0,0,0.0,0.0
1415.0,A,RUNNING,1412.72,7,8,3,8,0.375,20.0,99.3,864.112,0.0,0,0.0,0.0
1416.0,A,RUNNING,1413.72,7,8,3,8,0.375,20.0,99.3,863.112,0.0,0,0.0,0.0
1417.0,A,RUNNING,1414.72,7,8,3,8,0.375,20.0,99.3,862.112,0.0,0,0.0,0.0
1418.0,A,RUNNING,1415.72,7,8,3,8,0.375,20.0,99.3,861.112,0.0,0,0.0,0.0
1419.0,A,RUNNING,1416.72,7,8,3,8,0.375,20.0,99.3,860.112,0.0,0,0.0,0.0
1420.0,A,RUNNING,1417.72,7,8,3,8,0.375,20.0,99.3,859.112,0.0,0,0.0,0.0
1421.0,A,RUNNING,1418.72,7,8,3,8,0.375,20.0,99.3,858.112,0.0,0,0.0,0.0
1422.0,A,RUNNING,1419.72,7,8,3,8,0.375,20.0,99.3,857.112,0.0,0,0.0,0.0
1423.0,A,RUNNING,1420.72,7,8,3,8,0.375,20.0,99.3,856.112,0.0,0,0.0,0.0
1424.0,A,RUNNING,1421.72,7,8,3,8,0.375,20.0,99.3,855.112,0.0,0,0.0,0.0
1425.0,A,RUNNING,1422.72,7,8,3,8,0.375,20.0,99.3,854.112,0.0,0,0.0,0.0
1426.0,A,RUNNING,1423.72,7,8,3,8,0.375,20.0,99.3,853.112,0.0,0,0.0,0.0
1427.0,A,RUNNING,1424.72,7,8,3,8,0.375,20.0,99.3,852.112,0.0,0,0.0,0.0
1428.0,A,RUNNING,1425.72,7,8,3,8,0.375,20.0,99.3,851.112,0.0,0,0.0,0.0
1429.0,A,RUNNING,1426.72,7,8,3,8,0.375,20.0,99.3,850.112,0.0,0,0.0,0.0
1430.0,A,RUNNING,1427.72,7,8,3,8,0.375,20.0,99.3,849.112,0.0,0,0.0,0.0
1431.0,A,RUNNING,1428.72,7,8,3,8,0.375,20.0,99.3,848.112,0.0,0,0.0,0.0
1432.0,A,RUNNING,1429.72,7,8,3,8,0.375,20.0,99.3,847.112,0.0,0,0.0,0.0
1433.0,A,RUNNING,1430.72,7,8,3,8,0.375,20.0,99.3,846.112,0.0,0,0.0,0.0
1434.0,A,RUNNING,1431.72,7,8,3,8,0.375,20.0,99.3,845.112,0.0,0,0.0,0.0
1435.0,A,RUNNING,1432.72,7,8,3,8,0.375,20.0,99.3,844.112,0.0,0,0.0,0.0
1436.0,A,RUNNING,1433.72,7,8,3,8,0.375,20.0,99.3,843.112,0.0,0,0.0,0.0
1437.0,A,RUNNING,1434.72,7,8,3,8,0.375,20.0,99.3,842.112,0.0,0,0.0,0.0
1438.0,A,RUNNING,1435.72,7,8,3,8,0.375,20.0,99.3,841.112,0.0,0,0.0,0.0
1439.0,A,RUNNING,1436.72,7,8,3,8,0.375,20.0,99.3,840.112,0.0,0,0.0,0.0
1440.0,A,RUNNING,1437.72,7,8,3,8,0.375,20.0,99.3,839.112,0.0,0,0.0,0.0
1441.0,A,RUNNING,1438.72,7,8,3,8,0.375,20.0,99.3,838.112,0.0,0,0.0,0.0
1442.0,A,RUNNING,1439.72,7,8,3,8,0.375,20.0,99.3,837.112,0.0,0,0.0,0.0
1443.0,A,RUNNING,1440.72,7,8,3,8,0.375,20.0,99.3,836.112,0.0,0,0.0,0.0
1444.0,A,RUNNING,1441.72,7,8,3,8,0.375,20.0,99.3,835.112,0.0,0,0.0,0.0
1445.0,A,RUNNING,1442.72,7,8,3,8,0.375,20.0,99.3,834.112,0.0,0,0.0,0.0
1446.0,A,RUNNING,1443.72,7,8,3,8,0.375,20.0,99.3,833.112,0.0,0,0.0,0.0
1447.0,A,RUNNING,1444.72,7,8,3,8,0.375,20.0,99.3,832.112,0.0,0,0.0,0.0
1448.0,A,RUNNING,1445.72,7,8,3,8,0.375,20.0,99.3,831.112,0.0,0,0.0,0.0
1449.0,A,RUNNING,1446.72,7,8,3,8,0.375,20.0,99.3,830.112,0.0,0,0.0,0.0
1450.0,A,RUNNING,1447.72,7,8,3,8,0.375,20.0,99.3,829.112,0.0,0,0.0,0.0
1451.0,A,RUNNING,1448.72,7,8,3,8,0.375,20.0,99.3,828.112,0.0,0,0.0,0.0
1452.0,A,RUNNING,1449.72,7,8,3,8,0.375,20.0,99.3,827.112,0.0,0,0.0,0.0
1453.0,A,RUNNING,1450.72,7,8,3,8,0.375,20.0,99.3,826.112,0.0,0,0.0,0.0
1454.0,A,RUNNING,1451.72,7,8,3,8,0.375,20.0,99.3,825.112,0.0,0,0.0,0.0
1455.0,A,RUNNING,1452.72,7,8,3,8,0.375,20.0,99.3,824.112,0.0,0,0.0,0.0
1456.0,A,RUNNING,1453.72,7,8,3,8,0.375,20.0,99.3,823.112,0.0,0,0.0,0.0
1457.0,A,RUNNING,1454.72,7,8,3,8,0.375,20.0,99.3,822.112,0.0,0,0.0,0.0
1458.0,A,RUNNING,1455.72,7,8,3,8,0.375,20.0,99.3,821.112,0.0,0,0.0,0.0
1459.0,A,RUNNING,1456.72,7,8,3,8,0.375,20.0,99.3,820.112,0.0,0,0.0,0.0
1460.0,A,RUNNING,1457.72,7,8,3,8,0.375,20.0,99.3,819.112,0.0,0,0.0,0.0
1461.0,A,RUNNING,1458.72,7,8,3,8,0.375,20.0,99.3,818.112,0.0,0,0.0,0.0
1462.0,A,RUNNING,1459.72,7,8,3,8,0.375,20.0,99.3,817.112,0.0,0,0.0,0.0
1463.0,A,RUNNING,1460.72,7,8,3,8,0.375,20.0,99.3,816.112,0.0,0,0.0,0.0
1464.0,A,RUNNING,1461.72,7,8,3,8,0.375,20.0,99.3,815.112,0.0,0,0.0,0.0
1465.0,A,RUNNING,1462.72,7,8,3,8,0.375,20.0,99.3,814.112,0.0,0,0.0,0.0
1466.0,A,RUNNING,1463.72,7,8,3,8,0.375,20.0,99.3,813.112,0.0,0,0.0,0.0
1467.0,A,RUNNING,1464.72,7,8,3,8,0.375,20.0,99.3,812.112,0.0,0,0.0,0.0
1468.0,A,RUNNING,1465.72,7,8,3,8,0.375,20.0,99.3,811.112,0.0,0,0.0,0.0
1469.0,A,RUNNING,1466.72,7,8,3,8,0.375,20.0,99.3,810.112,0.0,0,0.0,0.0
1470.0,A,RUNNING,1467.72,7,8,3,8,0.375,20.0,99.3,809.112,0.0,0,0.0,0.0
1471.0,A,RUNNING,1468.72,7,8,3,8,0.375,20.0,99.3,808.112,0.0,0,0.0,0.0
1472.0,A,RUNNING,1469.72,7,8,3,8,0.375,20.0,99.3,807.112,0.0,0,0.0,0.0
1473.0,A,RUNNING,1470.72,7,8,3,8,0.375,20.0,99.3,806.112,0.0,0,0.0,0.0
1474.0,A,RUNNING,1471.72,7,8,3,8,0.375,20.0,99.3,805.112,0.0,0,0.0,0.0
1475.0,A,RUNNING,1472.72,7,8,3,8,0.375,20.0,99.3,804.112,0.0,0,0.0,0.0
1476.0,A,RUNNING,1473.72,7,8,3,8,0.375,20.0,99.3,803.112,0.0,0,0.0,0.0
1477.0,A,RUNNING,1474.72,7,8,3,8,0.375,20.0,99.3,802.112,0.0,0,0.0,0.0
1478.0,A,RUNNING,1475.72,7,8,3,8,0.375,20.0,99.3,801.112,0.0,0,0.0,0.0
1479.0,A,RUNNING,1476.72,7,8,3,8,0.375,20.0,99.3,800.112,0.0,0,0.0,0.0
1480.0,A,RUNNING,1477.72,7,8,3,8,0.375,20.0,99.3,799.112,0.0,0,0.0,0.0
1481.0,A,RUNNING,1478.72,7,8,3,8,0.375,20.0,99.3,798.112,0.0,0,0.0,0.0
1482.0,A,RUNNING,1479.72,7,8,3,8,0.375,20.0,99.3,797.112,0.0,0,0.0,0.0
1483.0,A,RUNNING,1480.72,7,8,3,8,0.375,20.0,99.3,796.112,0.0,0,0.0,0.0
1484.0,A,RUNNING,1481.72,7,8,3,8,0.375,20.0,99.3,795.112,0.0,0,0.0,0.0
1485.0,A,RUNNING,1482.72,7,8,3,8,0.375,20.0,99.3,794.112,0.0,0,0.0,0.0
1486.0,A,RUNNING,1483.72,7,8,3,8,0.375,20.0,99.3,793.112,0.0,0,0.0,0.0
1487.0,A,RUNNING,1484.72,7,8,3,8,0.375,20.0,99.3,792.112,0.0,0,0.0,0.0
1488.0,A,RUNNING,1485.72,7,8,3,8,0.375,20.0,99.3,791.112,0.0,0,0.0,0.0
1489.0,A,RUNNING,1486.72,7,8,3,8,0.375,20.0,99.3,790.112,0.0,0,0.0,0.0
1490.0,A,RUNNING,1487.72,7,8,3,8,0.375,20.0,99.3,789.112,0.0,0,0.0,0.0
1491.0,A,RUNNING,1488.72,7,8,3,8,0.375,20.0,99.3,788.112,0.0,0,0.0,0.0
1492.0,A,RUNNING,1489.72,7,8,3,8,0.375,20.0,99.3,787.112,0.0,0,0.0,0.0
1493.0,A,RUNNING,1490.72,7,8,3,8,0.375,20.0,99.3,786.112,0.0,0,0.0,0.0
1494.0,A,RUNNING,1491.72,7,8,3,8,0.375,20.0,99.3,785.112,0.0,0,0.0,0.0
1495.0,A,RUNNING,1492.72,7,8,3,8,0.375,20.0,99.3,784.112,0.0,0,0.0,0.0
1496.0,A,RUNNING,1493.72,7,8,3,8,0.375,20.0,99.3,783.112,0.0,0,0.0,0.0
1497.0,A,RUNNING,1494.72,7,8,3,8,0.375,20.0,99.3,782.112,0.0,0,0.0,0.0
1498.0,A,RUNNING,1495.72,7,8,3,8,0.375,20.0,99.3,781.112,0.0,0,0.0,0.0
1499.0,A,RUNNING,1496.72,7,8,3,8,0.375,20.0,99.3,780.112,0.0,0,0.0,0.0
1500.0,A,RUNNING,1497.72,7,8,3,8,0.375,20.0,99.3,779.112,0.0,0,0.0,0.0
1501.0,A,RUNNING,1498.72,7,8,3,8,0.375,20.0,99.3,778.112,0.0,0,0.0,0.0
1502.0,A,RUNNING,1499.72,7,8,3,8,0.375,20.0,99.3,777.112,0.0,0,0.0,0.0
1503.0,A,RUNNING,1500.72,7,8,3,8,0.375,20.0,99.3,776.112,0.0,0,0.0,0.0
1504.0,A,RUNNING,1501.72,7,8,3,8,0.375,20.0,99.3,775.112,0.0,0,0.0,0.0
1505.0,A,RUNNING,1502.72,7,8,3,8,0.375,20.0,99.3,774.112,0.0,0,0.0,0.0
1506.0,A,RUNNING,1503.72,7,8,3,8,0.375,20.0,99.3,773.112,0.0,0,0.0,0.0
1507.0,A,RUNNING,1504.72,7,8,3,8,0.375,20.0,99.3,772.112,0.0,0,0.0,0.0
1508.0,A,RUNNING,1505.72,7,8,3,8,0.375,20.0,99.3,771.112,0.0,0,0.0,0.0
1509.0,A,RUNNING,1506.72,7,8,3,8,0.375,20.0,99.3,770.112,0.0,0,0.0,0.0
1510.0,A,RUNNING,1507.72,7,8,3,8,0.375,20.0,99.3,769.112,0.0,0,0.0,0.0
1511.0,A,RUNNING,1508.72,7,8,3,8,0.375,20.0,99.3,768.112,0.0,0,0.0,0.0
1512.0,A,RUNNING,1509.72,7,8,3,8,0.375,20.0,99.3,767.112,0.0,0,0.0,0.0
1513.0,A,RUNNING,1510.72,7,8,3,8,0.375,20.0,99.3,766.112,0.0,0,0.0,0.0
1514.0,A,RUNNING,1511.72,7,8,3,8,0.375,20.0,99.3,765.112,0.0,0,0.0,0.0
1515.0,A,RUNNING,1512.72,7,8,3,8,0.375,20.0,99.3,764.112,0.0,0,0.0,0.0
1516.0,A,RUNNING,1513.72,7,8,3,8,0.375,20.0,99.3,763.112,0.0,0,0.0,0.0
1517.0,A,RUNNING,1514.72,7,8,3,8,0.375,20.0,99.3,762.112,0.0,0,0.0,0.0
1518.0,A,RUNNING,1515.72,7,8,3,8,0.375,20.0,99.3,761.112,0.0,0,0.0,0.0
1519.0,A,RUNNING,1516.72,7,8,3,8,0.375,20.0,99.3,760.112,0.0,0,0.0,0.0
1520.0,A,RUNNING,1517.72,7,8,3,8,0.375,20.0,99.3,759.112,0.0,0,0.0,0.0
1521.0,A,RUNNING,1518.72,7,8,3,8,0.375,20.0,99.3,758.112,0.0,0,0.0,0.0
1522.0,A,RUNNING,1519.72,7,8,3,8,0.375,20.0,99.3,757.112,0.0,0,0.0,0.0
1523.0,A,RUNNING,1520.72,7,8,3,8,0.375,20.0,99.3,756.112,0.0,0,0.0,0.0
1524.0,A,RUNNING,1521.72,7,8,3,8,0.375,20.0,99.3,755.112,0.0,0,0.0,0.0
1525.0,A,RUNNING,1522.72,7,8,3,8,0.375,20.0,99.3,754.112,0.0,0,0.0,0.0
1526.0,A,RUNNING,1523.72,7,8,3,8,0.375,20.0,99.3,753.112,0.0,0,0.0,0.0
1527.0,A,RUNNING,1524.72,7,8,3,8,0.375,20.0,99.3,752.112,0.0,0,0.0,0.0
1528.0,A,RUNNING,1525.72,7,8,3,8,0.375,20.0,99.3,751.112,0.0,0,0.0,0.0
1529.0,A,RUNNING,1526.72,7,8,3,8,0.375,20.0,99.3,750.112,0.0,0,0.0,0.0
1530.0,A,RUNNING,1527.72,7,8,3,8,0.375,20.0,99.3,749.112,0.0,0,0.0,0.0
1531.0,A,RUNNING,1528.72,7,8,3,8,0.375,20.0,99.3,748.112,0.0,0,0.0,0.0
1532.0,A,RUNNING,1529.72,7,8,3,8,0.375,20.0,99.3,747.112,0.0,0,0.0,0.0
1533.0,A,RUNNING,1530.72,7,8,3,8,0.375,20.0,99.3,746.112,0.0,0,0.0,0.0
1534.0,A,RUNNING,1531.72,7,8,3,8,0.375,20.0,99.3,745.112,0.0,0,0.0,0.0
1535.0,A,RUNNING,1532.72,7,8,3,8,0.375,20.0,99.3,744.112,0.0,0,0.0,0.0
1536.0,A,RUNNING,1533.72,7,8,3,8,0.375,20.0,99.3,743.112,0.0,0,0.0,0.0
1537.0,A,RUNNING,1534.72,7,8,3,8,0.375,20.0,99.3,742.112,0.0,0,0.0,0.0
1538.0,A,RUNNING,1535.72,7,8,3,8,0.375,20.0,99.3,741.112,0.0,0,0.0,0.0
1539.0,A,RUNNING,1536.72,7,8,3,8,0.375,20.0,99.3,740.112,0.0,0,0.0,0.0
1540.0,A,RUNNING,1537.72,7,8,3,8,0.375,20.0,99.3,739.112,0.0,0,0.0,0.0
1541.0,A,RUNNING,1538.72,7,8,3,8,0.375,20.0,99.3,738.112,0.0,0,0.0,0.0
1542.0,A,RUNNING,1539.72,7,8,3,8,0.375,20.0,99.3,737.112,0.0,0,0.0,0.0
1543.0,A,RUNNING,1540.72,7,8,3,8,0.375,20.0,99.3,736.112,0.0,0,0.0,0.0
1544.0,A,RUNNING,1541.72,7,8,3,8,0.375,20.0,99.3,735.112,0.0,0,0.0,0.0
1545.0,A,RUNNING,1542.72,7,8,3,8,0.375,20.0,99.3,734.112,0.0,0,0.0,0.0
1546.0,A,RUNNING,1543.72,7,8,3,8,0.375,20.0,99.3,733.112,0.0,0,0.0,0.0
1547.0,A,RUNNING,1544.72,7,8,3,8,0.375,20.0,99.3,732.112,0.0,0,0.0,0.0
1548.0,A,RUNNING,1545.72,7,8,3,8,0.375,20.0,99.3,731.112,0.0,0,0.0,0.0
1549.0,A,RUNNING,1546.72,7,8,3,8,0.375,20.0,99.3,730.112,0.0,0,0.0,0.0
1550.0,A,RUNNING,1547.72,7,8,3,8,0.375,20.0,99.3,729.112,0.0,0,0.0,0.0
1551.0,A,RUNNING,1548.72,7,8,3,8,0.375,20.0,99.3,728.112,0.0,0,0.0,0.0
1552.0,A,RUNNING,1549.72,7,8,3,8,0.375,20.0,99.3,727.112,0.0,0,0.0,0.0
1553.0,A,RUNNING,1550.72,7,8,3,8,0.375,20.0,99.3,726.112,0.0,0,0.0,0.0
1554.0,A,RUNNING,1551.72,7,8,3,8,0.375,20.0,99.3,725.112,0.0,0,0.0,0.0
1555.0,A,RUNNING,1552.72,7,8,3,8,0.375,20.0,99.3,724.112,0.0,0,0.0,0.0
1556.0,A,RUNNING,1553.72,7,8,3,8,0.375,20.0,99.3,723.112,0.0,0,0.0,0.0
1557.0,A,RUNNING,1554.72,7,8,3,8,0.375,20.0,99.3,722.112,0.0,0,0.0,0.0
1558.0,A,RUNNING,1555.72,7,8,3,8,0.375,20.0,99.3,721.112,0.0,0,0.0,0.0
1559.0,A,RUNNING,1556.72,7,8,3,8,0.375,20.0,99.3,720.112,0.0,0,0.0,0.0
1560.0,A,RUNNING,1557.72,8,8,4,8,0.5,20.0,99.2,681.9042,0.0,0,0.0,0.0
1561.0,A,RUNNING,1558.72,8,8,4,8,0.5,20.0,99.2,680.9042,0.0,0,0.0,0.0
1562.0,A,RUNNING,1559.72,8,8,4,8,0.5,20.0,99.2,679.9042,0.0,0,0.0,0.0
1563.0,A,RUNNING,1560.72,8,8,4,8,0.5,20.0,99.2,678.9042,0.0,0,0.0,0.0
1564.0,A,RUNNING,1561.72,8,8,4,8,0.5,20.0,99.2,677.9042,0.0,0,0.0,0.0
1565.0,A,RUNNING,1562.72,8,8,4,8,0.5,20.0,99.2,676.9042,0.0,0,0.0,0.0
1566.0,A,RUNNING,1563.72,8,8,4,8,0.5,20.0,99.2,675.9042,0.0,0,0.0,0.0
1567.0,A,RUNNING,1564.72,8,8,4,8,0.5,20.0,99.2,674.9042,0.0,0,0.0,0.0
1568.0,A,RUNNING,1565.72,8,8,4,8,0.5,20.0,99.2,673.9042,0.0,0,0.0,0.0
1569.0,A,RUNNING,1566.72,8,8,4,8,0.5,20.0,99.2,672.9042,0.0,0,0.0,0.0
1570.0,A,RUNNING,1567.72,8,8,4,8,0.5,20.0,99.2,671.9042,0.0,0,0.0,0.0
1571.0,A,RUNNING,1568.72,8,8,4,8,0.5,20.0,99.2,670.9042,0.0,0,0.0,0.0
1572.0,A,RUNNING,1569.72,8,8,4,8,0.5,20.0,99.2,669.9042,0.0,0,0.0,0.0
1573.0,A,RUNNING,1570.72,8,8,4,8,0.5,20.0,99.2,668.9042,0.0,0,0.0,0.0
1574.0,A,RUNNING,1571.72,8,8,4,8,0.5,20.0,99.2,667.9042,0.0,0,0.0,0.0
1575.0,A,RUNNING,1572.72,8,8,4,8,0.5,20.0,99.2,666.9042,0.0,0,0.0,0.0
1576.0,A,RUNNING,1573.72,8,8,4,8,0.5,20.0,99.2,665.9042,0.0,0,0.0,0.0
1577.0,A,RUNNING,1574.72,8,8,4,8,0.5,20.0,99.2,664.9042,0.0,0,0.0,0.0
1578.0,A,RUNNING,1575.72,8,8,4,8,0.5,20.0,99.2,663.9042,0.0,0,0.0,0.0
1579.0,A,RUNNING,1576.72,8,8,4,8,0.5,20.0,99.2,662.9042,0.0,0,0.0,0.0
1580.0,A,RUNNING,1577.72,8,8,4,8,0.5,20.0,99.2,661.9042,0.0,0,0.0,0.0
1581.0,A,RUNNING,1578.72,8,8,4,8,0.5,20.0,99.2,660.9042,0.0,0,0.0,0.0
1582.0,A,RUNNING,1579.72,8,8,4,8,0.5,20.0,99.2,659.9042,0.0,0,0.0,0.0
1583.0,A,RUNNING,1580.72,8,8,4,8,0.5,20.0,99.2,658.9042,0.0,0,0.0,0.0
1584.0,A,RUNNING,1581.72,8,8,4,8,0.5,20.0,99.2,657.9042,0.0,0,0.0,0.0
1585.0,A,RUNNING,1582.72,8,8,4,8,0.5,20.0,99.2,656.9042,0.0,0,0.0,0.0
1586.0,A,RUNNING,1583.72,8,8,4,8,0.5,20.0,99.2,655.9042,0.0,0,0.0,0.0
1587.0,A,RUNNING,1584.72,8,8,4,8,0.5,20.0,99.2,654.9042,0.0,0,0.0,0.0
1588.0,A,RUNNING,1585.72,8,8,4,8,0.5,20.0,99.2,653.9042,0.0,0,0.0,0.0
1589.0,A,RUNNING,1586.72,8,8,4,8,0.5,20.0,99.2,652.9042,0.0,0,0.0,0.0
1590.0,A,RUNNING,1587.72,8,8,4,8,0.5,20.0,99.2,651.9042,0.0,0,0.0,0.0
1591.0,A,RUNNING,1588.72,8,8,4,8,0.5,20.0,99.2,650.9042,0.0,0,0.0,0.0
1592.0,A,RUNNING,1589.72,8,8,4,8,0.5,20.0,99.2,649.9042,0.0,0,0.0,0.0
1593.0,A,RUNNING,1590.72,8,8,4,8,0.5,20.0,99.2,648.9042,0.0,0,0.0,0.0
1594.0,A,RUNNING,1591.72,8,8,4,8,0.5,20.0,99.2,647.9042,0.0,0,0.0,0.0
1595.0,A,RUNNING,1592.72,8,8,4,8,0.5,20.0,99.2,646.9042,0.0,0,0.0,0.0
1596.0,A,RUNNING,1593.72,8,8,4,8,0.5,20.0,99.2,645.9042,0.0,0,0.0,0.0
1597.0,A,RUNNING,1594.72,8,8,4,8,0.5,20.0,99.2,644.9042,0.0,0,0.0,0.0
1598.0,A,RUNNING,1595.72,8,8,4,8,0.5,20.0,99.2,643.9042,0.0,0,0.0,0.0
1599.0,A,RUNNING,1596.72,8,8,4,8,0.5,20.0,99.2,642.9042,0.0,0,0.0,0.0
1600.0,A,RUNNING,1597.72,8,8,4,8,0.5,20.0,99.2,641.9042,0.0,0,0.0,0.0
1601.0,A,RUNNING,1598.72,8,8,4,8,0.5,20.0,99.2,640.9042,0.0,0,0.0,0.0
1602.0,A,RUNNING,1599.72,8,8,4,8,0.5,20.0,99.2,639.9042,0.0,0,0.0,0.0
1603.0,A,RUNNING,1600.72,8,8,4,8,0.5,20.0,99.2,638.9042,0.0,0,0.0,0.0
1604.0,A,RUNNING,1601.72,8,8,4,8,0.5,20.0,99.2,637.9042,0.0,0,0.0,0.0
1605.0,A,RUNNING,1602.72,8,8,4,8,0.5,20.0,99.2,636.9042,0.0,0,0.0,0.0
1606.0,A,RUNNING,1603.72,8,8,4,8,0.5,20.0,99.2,635.9042,0.0,0,0.0,0.0
1607.0,A,RUNNING,1604.72,8,8,4,8,0.5,20.0,99.2,634.9042,0.0,0,0.0,0.0
1608.0,A,RUNNING,1605.72,8,8,4,8,0.5,20.0,99.2,633.9042,0.0,0,0.0,0.0
1609.0,A,RUNNING,1606.72,8,8,4,8,0.5,20.0,99.2,632.9042,0.0,0,0.0,0.0
1610.0,A,RUNNING,1607.72,8,8,4,8,0.5,20.0,99.2,631.9042,0.0,0,0.0,0.0
1611.0,A,RUNNING,1608.72,8,8,4,8,0.5,20.0,99.2,630.9042,0.0,0,0.0,0.0
1612.0,A,RUNNING,1609.72,8,8,4,8,0.5,20.0,99.2,629.9042,0.0,0,0.0,0.0
1613.0,A,RUNNING,1610.72,8,8,4,8,0.5,20.0,99.2,628.9042,0.0,0,0.0,0.0
1614.0,A,RUNNING,1611.72,8,8,4,8,0.5,20.0,99.2,627.9042,0.0,0,0.0,0.0
1615.0,A,RUNNING,1612.72,8,8,4,8,0.5,20.0,99.2,626.9042,0.0,0,0.0,0.0
1616.0,A,RUNNING,1613.72,8,8,4,8,0.5,20.0,99.2,625.9042,0.0,0,0.0,0.0
1617.0,A,RUNNING,1614.72,8,8,4,8,0.5,20.0,99.2,624.9042,0.0,0,0.0,0.0
1618.0,A,RUNNING,1615.72,8,8,4,8,0.5,20.0,99.2,623.9042,0.0,0,0.0,0.0
1619.0,A,RUNNING,1616.72,8,8,4,8,0.5,20.0,99.2,622.9042,0.0,0,0.0,0.0
1620.0,A,RUNNING,1617.72,8,8,4,8,0.5,20.0,99.2,621.9042,0.0,0,0.0,0.0
1621.0,A,RUNNING,1618.72,8,8,4,8,0.5,20.0,99.2,620.9042,0.0,0,0.0,0.0
1622.0,A,RUNNING,1619.72,8,8,4,8,0.5,20.0,99.2,619.9042,0.0,0,0.0,0.0
1623.0,A,RUNNING,1620.72,8,8,4,8,0.5,20.0,99.2,618.9042,0.0,0,0.0,0.0
1624.0,A,RUNNING,1621.72,8,8,4,8,0.5,20.0,99.2,617.9042,0.0,0,0.0,0.0
1625.0,A,RUNNING,1622.72,8,8,4,8,0.5,20.0,99.2,616.9042,0.0,0,0.0,0.0
1626.0,A,RUNNING,1623.72,8,8,4,8,0.5,20.0,99.2,615.9042,0.0,0,0.0,0.0
1627.0,A,RUNNING,1624.72,8,8,4,8,0.5,20.0,99.2,614.9042,0.0,0,0.0,0.0
1628.0,A,RUNNING,1625.72,8,8,4,8,0.5,20.0,99.2,613.9042,0.0,0,0.0,0.0
1629.0,A,RUNNING,1626.72,8,8,4,8,0.5,20.0,99.2,612.9042,0.0,0,0.0,0.0
1630.0,A,RUNNING,1627.72,8,8,4,8,0.5,20.0,99.2,611.9042,0.0,0,0.0,0.0
1631.0,A,RUNNING,1628.72,8,8,4,8,0.5,20.0,99.2,610.9042,0.0,0,0.0,0.0
1632.0,A,RUNNING,1629.72,8,8,4,8,0.5,20.0,99.2,609.9042,0.0,0,0.0,0.0
1633.0,A,RUNNING,1630.72,8,8,4,8,0.5,20.0,99.2,608.9042,0.0,0,0.0,0.0
1634.0,A,RUNNING,1631.72,8,8,4,8,0.5,20.0,99.2,607.9042,0.0,0,0.0,0.0
1635.0,A,RUNNING,1632.72,8,8,4,8,0.5,20.0,99.2,606.9042,0.0,0,0.0,0.0
1636.0,A,RUNNING,1633.72,8,8,4,8,0.5,20.0,99.2,605.9042,0.0,0,0.0,0.0
1637.0,A,RUNNING,1634.72,8,8,4,8,0.5,20.0,99.2,604.9042,0.0,0,0.0,0.0
1638.0,A,RUNNING,1635.72,8,8,4,8,0.5,20.0,99.2,603.9042,0.0,0,0.0,0.0
1639.0,A,RUNNING,1636.72,8,8,4,8,0.5,20.0,99.2,602.9042,0.0,0,0.0,0.0
1640.0,A,RUNNING,1637.72,8,8,4,8,0.5,20.0,99.2,601.9042,0.0,0,0.0,0.0
1641.0,A,RUNNING,1638.72,8,8,4,8,0.5,20.0,99.2,600.9042,0.0,0,0.0,0.0
1642.0,A,RUNNING,1639.72,8,8,4,8,0.5,20.0,99.2,599.9042,0.0,0,0.0,0.0
1643.0,A,RUNNING,1640.72,8,8,4,8,0.5,20.0,99.2,598.9042,0.0,0,0.0,0.0
1644.0,A,RUNNING,1641.72,8,8,4,8,0.5,20.0,99.2,597.9042,0.0,0,0.0,0.0
1645.0,A,RUNNING,1642.72,8,8,4,8,0.5,20.0,99.2,596.9042,0.0,0,0.0,0.0
1646.0,A,RUNNING,1643.72,8,8,4,8,0.5,20.0,99.2,595.9042,0.0,0,0.0,0.0
1647.0,A,RUNNING,1644.72,8,8,4,8,0.5,20.0,99.2,594.9042,0.0,0,0.0,0.0
1648.0,A,RUNNING,1645.72,8,8,4,8,0.5,20.0,99.2,593.9042,0.0,0,0.0,0.0
1649.0,A,RUNNING,1646.72,8,8,4,8,0.5,20.0,99.2,592.9042,0.0,0,0.0,0.0
1650.0,A,RUNNING,1647.72,8,8,4,8,0.5,20.0,99.2,591.9042,0.0,0,0.0,0.0
1651.0,A,RUNNING,1648.72,8,8,4,8,0.5,20.0,99.2,590.9042,0.0,0,0.0,0.0
1652.0,A,RUNNING,1649.72,8,8,4,8,0.5,20.0,99.2,589.9042,0.0,0,0.0,0.0
1653.0,A,RUNNING,1650.72,8,8,4,8,0.5,20.0,99.2,588.9042,0.0,0,0.0,0.0
1654.0,A,RUNNING,1651.72,8,8,4,8,0.5,20.0,99.2,587.9042,0.0,0,0.0,0.0
1655.0,A,RUNNING,1652.72,8,8,4,8,0.5,20.0,99.2,586.9042,0.0,0,0.0,0.0
1656.0,A,RUNNING,1653.72,8,8,4,8,0.5,20.0,99.2,585.9042,0.0,0,0.0,0.0
1657.0,A,RUNNING,1654.72,8,8,4,8,0.5,20.0,99.2,584.9042,0.0,0,0.0,0.0
1658.0,A,RUNNING,1655.72,8,8,4,8,0.5,20.0,99.2,583.9042,0.0,0,0.0,0.0
1659.0,A,RUNNING,1656.72,8,8,4,8,0.5,20.0,99.2,582.9042,0.0,0,0.0,0.0
1660.0,A,RUNNING,1657.72,8,8,4,8,0.5,20.0,99.2,581.9042,0.0,0,0.0,0.0
1661.0,A,RUNNING,1658.72,8,8,4,8,0.5,20.0,99.2,580.9042,0.0,0,0.0,0.0
1662.0,A,RUNNING,1659.72,8,8,4,8,0.5,20.0,99.2,579.9042,0.0,0,0.0,0.0
1663.0,A,RUNNING,1660.72,8,8,4,8,0.5,20.0,99.2,578.9042,0.0,0,0.0,0.0
1664.0,A,RUNNING,1661.72,8,8,4,8,0.5,20.0,99.2,577.9042,0.0,0,0.0,0.0
1665.0,A,RUNNING,1662.72,8,8,4,8,0.5,20.0,99.2,576.9042,0.0,0,0.0,0.0
1666.0,A,RUNNING,1663.72,8,8,4,8,0.5,20.0,99.2,575.9042,0.0,0,0.0,0.0
1667.0,A,RUNNING,1664.72,8,8,4,8,0.5,20.0,99.2,574.9042,0.0,0,0.0,0.0
1668.0,A,RUNNING,1665.72,8,8,4,8,0.5,20.0,99.2,573.9042,0.0,0,0.0,0.0
1669.0,A,RUNNING,1666.72,8,8,4,8,0.5,20.0,99.2,572.9042,0.0,0,0.0,0.0
1670.0,A,RUNNING,1667.72,8,8,4,8,0.5,20.0,99.2,571.9042,0.0,0,0.0,0.0
1671.0,A,RUNNING,1668.72,8,8,4,8,0.5,20.0,99.2,570.9042,0.0,0,0.0,0.0
1672.0,A,RUNNING,1669.72,8,8,4,8,0.5,20.0,99.2,569.9042,0.0,0,0.0,0.0
1673.0,A,RUNNING,1670.72,8,8,4,8,0.5,20.0,99.2,568.9042,0.0,0,0.0,0.0
1674.0,A,RUNNING,1671.72,8,8,4,8,0.5,20.0,99.2,567.9042,0.0,0,0.0,0.0
1675.0,A,RUNNING,1672.72,8,8,4,8,0.5,20.0,99.2,566.9042,0.0,0,0.0,0.0
1676.0,A,RUNNING,1673.72,8,8,4,8,0.5,20.0,99.2,565.9042,0.0,0,0.0,0.0
1677.0,A,RUNNING,1674.72,8,8,4,8,0.5,20.0,99.2,564.9042,0.0,0,0.0,0.0
1678.0,A,RUNNING,1675.72,8,8,4,8,0.5,20.0,99.2,563.9042,0.0,0,0.0,0.0
1679.0,A,RUNNING,1676.72,8,8,4,8,0.5,20.0,99.2,562.9042,0.0,0,0.0,0.0
1680.0,A,RUNNING,1677.72,8,8,4,8,0.5,20.0,99.2,561.9042,0.0,0,0.0,0.0
1681.0,A,RUNNING,1678.72,8,8,4,8,0.5,20.0,99.2,560.9042,0.0,0,0.0,0.0
1682.0,A,RUNNING,1679.72,8,8,4,8,0.5,20.0,99.2,559.9042,0.0,0,0.0,0.0
1683.0,A,RUNNING,1680.72,8,8,4,8,0.5,20.0,99.2,558.9042,0.0,0,0.0,0.0
1684.0,A,RUNNING,1681.72,8,8,4,8,0.5,20.0,99.2,557.9042,0.0,0,0.0,0.0
1685.0,A,RUNNING,1682.72,8,8,4,8,0.5,20.0,99.2,556.9042,0.0,0,0.0,0.0
1686.0,A,RUNNING,1683.72,8,8,4,8,0.5,20.0,99.2,555.9042,0.0,0,0.0,0.0
1687.0,A,RUNNING,1684.72,8,8,4,8,0.5,20.0,99.2,554.9042,0.0,0,0.0,0.0
1688.0,A,RUNNING,1685.72,8,8,4,8,0.5,20.0,99.2,553.9042,0.0,0,0.0,0.0
1689.0,A,RUNNING,1686.72,8,8,4,8,0.5,20.0,99.2,552.9042,0.0,0,0.0,0.0
1690.0,A,RUNNING,1687.72,8,8,4,8,0.5,20.0,99.2,551.9042,0.0,0,0.0,0.0
1691.0,A,RUNNING,1688.72,8,8,4,8,0.5,20.0,99.2,550.9042,0.0,0,0.0,0.0
1692.0,A,RUNNING,1689.72,8,8,4,8,0.5,20.0,99.2,549.9042,0.0,0,0.0,0.0
1693.0,A,RUNNING,1690.72,8,8,4,8,0.5,20.0,99.2,548.9042,0.0,0,0.0,0.0
1694.0,A,RUNNING,1691.72,8,8,4,8,0.5,20.0,99.2,547.9042,0.0,0,0.0,0.0
1695.0,A,RUNNING,1692.72,8,8,4,8,0.5,20.0,99.2,546.9042,0.0,0,0.0,0.0
1696.0,A,RUNNING,1693.72,8,8,4,8,0.5,20.0,99.2,545.9042,0.0,0,0.0,0.0
1697.0,A,RUNNING,1694.72,8,8,4,8,0.5,20.0,99.2,544.9042,0.0,0,0.0,0.0
1698.0,A,RUNNING,1695.72,8,8,4,8,0.5,20.0,99.2,543.9042,0.0,0,0.0,0.0
1699.0,A,RUNNING,1696.72,8,8,4,8,0.5,20.0,99.2,542.9042,0.0,0,0.0,0.0
1700.0,A,RUNNING,1697.72,8,8,4,8,0.5,20.0,99.2,541.9042,0.0,0,0.0,0.0
1701.0,A,RUNNING,1698.72,8,8,4,8,0.5,20.0,99.2,540.9042,0.0,0,0.0,0.0
1702.0,A,RUNNING,1699.72,9,8,5,8,0.625,20.0,99.1,533.5955,0.0,0,0.0,0.0
1703.0,A,RUNNING,1700.72,9,8,5,8,0.625,20.0,99.1,532.5955,0.0,0,0.0,0.0
1704.0,A,RUNNING,1701.72,9,8,5,8,0.625,20.0,99.1,531.5955,0.0,0,0.0,0.0
1705.0,A,RUNNING,1702.72,9,8,5,8,0.625,20.0,99.1,530.5955,0.0,0,0.0,0.0
1706.0,A,RUNNING,1703.72,9,8,5,8,0.625,20.0,99.1,529.5955,0.0,0,0.0,0.0
1707.0,A,RUNNING,1704.72,9,8,5,8,0.625,20.0,99.1,528.5955,0.0,0,0.0,0.0
1708.0,A,RUNNING,1705.72,9,8,5,8,0.625,20.0,99.1,527.5955,0.0,0,0.0,0.0
1709.0,A,RUNNING,1706.72,9,8,5,8,0.625,20.0,99.1,526.5955,0.0,0,0.0,0.0
1710.0,A,RUNNING,1707.72,9,8,5,8,0.625,20.0,99.1,525.5955,0.0,0,0.0,0.0
1711.0,A,RUNNING,1708.72,9,8,5,8,0.625,20.0,99.1,524.5955,0.0,0,0.0,0.0
1712.0,A,RUNNING,1709.72,9,8,5,8,0.625,20.0,99.1,523.5955,0.0,0,0.0,0.0
1713.0,A,RUNNING,1710.72,9,8,5,8,0.625,20.0,99.1,522.5955,0.0,0,0.0,0.0
1714.0,A,RUNNING,1711.72,9,8,5,8,0.625,20.0,99.1,521.5955,0.0,0,0.0,0.0
1715.0,A,RUNNING,1712.72,9,8,5,8,0.625,20.0,99.1,520.5955,0.0,0,0.0,0.0
1716.0,A,RUNNING,1713.72,9,8,5,8,0.625,20.0,99.1,519.5955,0.0,0,0.0,0.0
1717.0,A,RUNNING,1714.72,9,8,5,8,0.625,20.0,99.1,518.5955,0.0,0,0.0,0.0
1718.0,A,RUNNING,1715.72,9,8,5,8,0.625,20.0,99.1,517.5955,0.0,0,0.0,0.0
1719.0,A,RUNNING,1716.72,9,8,5,8,0.625,20.0,99.1,516.5955,0.0,0,0.0,0.0
1720.0,A,RUNNING,1717.72,9,8,5,8,0.625,20.0,99.1,515.5955,0.0,0,0.0,0.0
1721.0,A,RUNNING,1718.72,9,8,5,8,0.625,20.0,99.1,514.5955,0.0,0,0.0,0.0
1722.0,A,RUNNING,1719.72,9,8,5,8,0.625,20.0,99.1,513.5955,0.0,0,0.0,0.0
1723.0,A,RUNNING,1720.72,9,8,5,8,0.625,20.0,99.1,512.5955,0.0,0,0.0,0.0
1724.0,A,RUNNING,1721.72,9,8,5,8,0.625,20.0,99.1,511.5955,0.0,0,0.0,0.0
1725.0,A,RUNNING,1722.72,9,8,5,8,0.625,20.0,99.1,510.5955,0.0,0,0.0,0.0
1726.0,A,RUNNING,1723.72,9,8,5,8,0.625,20.0,99.1,509.5955,0.0,0,0.0,0.0
1727.0,A,RUNNING,1724.72,9,8,5,8,0.625,20.0,99.1,508.5955,0.0,0,0.0,0.0
1728.0,A,RUNNING,1725.72,9,8,5,8,0.625,20.0,99.1,507.5955,0.0,0,0.0,0.0
1729.0,A,RUNNING,1726.72,9,8,5,8,0.625,20.0,99.1,506.5955,0.0,0,0.0,0.0
1730.0,A,RUNNING,1727.72,9,8,5,8,0.625,20.0,99.1,505.5955,0.0,0,0.0,0.0
1731.0,A,RUNNING,1728.72,9,8,5,8,0.625,20.0,99.1,504.5955,0.0,0,0.0,0.0
1732.0,A,RUNNING,1729.72,9,8,5,8,0.625,20.0,99.1,503.5955,0.0,0,0.0,0.0
1733.0,A,RUNNING,1730.72,9,8,5,8,0.625,20.0,99.1,502.5955,0.0,0,0.0,0.0
1734.0,A,RUNNING,1731.72,9,8,5,8,0.625,20.0,99.1,501.5955,0.0,0,0.0,0.0
1735.0,A,RUNNING,1732.72,9,8,5,8,0.625,20.0,99.1,500.5955,0.0,0,0.0,0.0
1736.0,A,RUNNING,1733.72,9,8,5,8,0.625,20.0,99.1,499.5955,0.0,0,0.0,0.0
1737.0,A,RUNNING,1734.72,9,8,5,8,0.625,20.0,99.1,498.5955,0.0,0,0.0,0.0
1738.0,A,RUNNING,1735.72,9,8,5,8,0.625,20.0,99.1,497.5955,0.0,0,0.0,0.0
1739.0,A,RUNNING,1736.72,9,8,5,8,0.625,20.0,99.1,496.5955,0.0,0,0.0,0.0
1740.0,A,RUNNING,1737.72,9,8,5,8,0.625,20.0,99.1,495.5955,0.0,0,0.0,0.0
1741.0,A,RUNNING,1738.72,9,8,5,8,0.625,20.0,99.1,494.5955,0.0,0,0.0,0.0
1742.0,A,RUNNING,1739.72,9,8,5,8,0.625,20.0,99.1,493.5955,0.0,0,0.0,0.0
1743.0,A,RUNNING,1740.72,9,8,5,8,0.625,20.0,99.1,492.5955,0.0,0,0.0,0.0
1744.0,A,RUNNING,1741.72,9,8,5,8,0.625,20.0,99.1,491.5955,0.0,0,0.0,0.0
1745.0,A,RUNNING,1742.72,9,8,5,8,0.625,20.0,99.1,490.5955,0.0,0,0.0,0.0
1746.0,A,RUNNING,1743.72,9,8,5,8,0.625,20.0,99.1,489.5955,0.0,0,0.0,0.0
1747.0,A,RUNNING,1744.72,9,8,5,8,0.625,20.0,99.1,488.5955,0.0,0,0.0,0.0
1748.0,A,RUNNING,1745.72,9,8,5,8,0.625,20.0,99.1,487.5955,0.0,0,0.0,0.0
1749.0,A,RUNNING,1746.72,9,8,5,8,0.625,20.0,99.1,486.5955,0.0,0,0.0,0.0
1750.0,A,RUNNING,1747.72,9,8,5,8,0.625,20.0,99.1,485.5955,0.0,0,0.0,0.0
1751.0,A,RUNNING,1748.72,9,8,5,8,0.625,20.0,99.1,484.5955,0.0,0,0.0,0.0
1752.0,A,RUNNING,1749.72,9,8,5,8,0.625,20.0,99.1,483.5955,0.0,0,0.0,0.0
1753.0,A,RUNNING,1750.72,9,8,5,8,0.625,20.0,99.1,482.5955,0.0,0,0.0,0.0
1754.0,A,RUNNING,1751.72,9,8,5,8,0.625,20.0,99.1,481.5955,0.0,0,0.0,0.0
1755.0,A,RUNNING,1752.72,9,8,5,8,0.625,20.0,99.1,480.5955,0.0,0,0.0,0.0
1756.0,A,RUNNING,1753.72,9,8,5,8,0.625,20.0,99.1,479.5955,0.0,0,0.0,0.0
1757.0,A,RUNNING,1754.72,9,8,5,8,0.625,20.0,99.1,478.5955,0.0,0,0.0,0.0
1758.0,A,RUNNING,1755.72,9,8,5,8,0.625,20.0,99.1,477.5955,0.0,0,0.0,0.0
1759.0,A,RUNNING,1756.72,9,8,5,8,0.625,20.0,99.1,476.5955,0.0,0,0.0,0.0
1760.0,A,RUNNING,1757.72,9,8,5,8,0.625,20.0,99.1,475.5955,0.0,0,0.0,0.0
1761.0,A,RUNNING,1758.72,9,8,5,8,0.625,20.0,99.1,474.5955,0.0,0,0.0,0.0
1762.0,A,RUNNING,1759.72,9,8,5,8,0.625,20.0,99.1,473.5955,0.0,0,0.0,0.0
1763.0,A,RUNNING,1760.72,9,8,5,8,0.625,20.0,99.1,472.5955,0.0,0,0.0,0.0
1764.0,A,RUNNING,1761.72,9,8,5,8,0.625,20.0,99.1,471.5955,0.0,0,0.0,0.0
1765.0,A,RUNNING,1762.72,9,8,5,8,0.625,20.0,99.1,470.5955,0.0,0,0.0,0.0
1766.0,A,RUNNING,1763.72,9,8,5,8,0.625,20.0,99.1,469.5955,0.0,0,0.0,0.0
1767.0,A,RUNNING,1764.72,9,8,5,8,0.625,20.0,99.1,468.5955,0.0,0,0.0,0.0
1768.0,A,RUNNING,1765.72,9,8,5,8,0.625,20.0,99.1,467.5955,0.0,0,0.0,0.0
1769.0,A,RUNNING,1766.72,9,8,5,8,0.625,20.0,99.1,466.5955,0.0,0,0.0,0.0
1770.0,A,RUNNING,1767.72,9,8,5,8,0.625,20.0,99.1,465.5955,0.0,0,0.0,0.0
1771.0,A,RUNNING,1768.72,9,8,5,8,0.625,20.0,99.1,464.5955,0.0,0,0.0,0.0
1772.0,A,RUNNING,1769.72,9,8,5,8,0.625,20.0,99.1,463.5955,0.0,0,0.0,0.0
1773.0,A,RUNNING,1770.72,9,8,5,8,0.625,20.0,99.1,462.5955,0.0,0,0.0,0.0
1774.0,A,RUNNING,1771.72,9,8,5,8,0.625,20.0,99.1,461.5955,0.0,0,0.0,0.0
1775.0,A,RUNNING,1772.72,9,8,5,8,0.625,20.0,99.1,460.5955,0.0,0,0.0,0.0
1776.0,A,RUNNING,1773.72,9,8,5,8,0.625,20.0,99.1,459.5955,0.0,0,0.0,0.0
1777.0,A,RUNNING,1774.72,9,8,5,8,0.625,20.0,99.1,458.5955,0.0,0,0.0,0.0
1778.0,A,RUNNING,1775.72,9,8,5,8,0.625,20.0,99.1,457.5955,0.0,0,0.0,0.0
1779.0,A,RUNNING,1776.72,9,8,5,8,0.625,20.0,99.1,456.5955,0.0,0,0.0,0.0
1780.0,A,RUNNING,1777.72,9,8,5,8,0.625,20.0,99.1,455.5955,0.0,0,0.0,0.0
1781.0,A,RUNNING,1778.72,9,8,5,8,0.625,20.0,99.1,454.5955,0.0,0,0.0,0.0
1782.0,A,RUNNING,1779.72,9,8,5,8,0.625,20.0,99.1,453.5955,0.0,0,0.0,0.0
1783.0,A,RUNNING,1780.72,9,8,5,8,0.625,20.0,99.1,452.5955,0.0,0,0.0,0.0
1784.0,A,RUNNING,1781.72,9,8,5,8,0.625,20.0,99.1,451.5955,0.0,0,0.0,0.0
1785.0,A,RUNNING,1782.72,9,8,5,8,0.625,20.0,99.1,450.5955,0.0,0,0.0,0.0
1786.0,A,RUNNING,1783.72,9,8,5,8,0.625,20.0,99.1,449.5955,0.0,0,0.0,0.0
1787.0,A,RUNNING,1784.72,9,8,5,8,0.625,20.0,99.1,448.5955,0.0,0,0.0,0.0
1788.0,A,RUNNING,1785.72,9,8,5,8,0.625,20.0,99.1,447.5955,0.0,0,0.0,0.0
1789.0,A,RUNNING,1786.72,9,8,5,8,0.625,20.0,99.1,446.5955,0.0,0,0.0,0.0
1790.0,A,RUNNING,1787.72,9,8,5,8,0.625,20.0,99.1,445.5955,0.0,0,0.0,0.0
1791.0,A,RUNNING,1788.72,9,8,5,8,0.625,20.0,99.1,444.5955,0.0,0,0.0,0.0
1792.0,A,RUNNING,1789.72,9,8,5,8,0.625,20.0,99.1,443.5955,0.0,0,0.0,0.0
1793.0,A,RUNNING,1790.72,9,8,5,8,0.625,20.0,99.1,442.5955,0.0,0,0.0,0.0
1794.0,A,RUNNING,1791.72,9,8,5,8,0.625,20.0,99.1,441.5955,0.0,0,0.0,0.0
1795.0,A,RUNNING,1792.72,9,8,5,8,0.625,20.0,99.1,440.5955,0.0,0,0.0,0.0
1796.0,A,RUNNING,1793.72,9,8,5,8,0.625,20.0,99.1,439.5955,0.0,0,0.0,0.0
1797.0,A,RUNNING,1794.72,9,8,5,8,0.625,20.0,99.1,438.5955,0.0,0,0.0,0.0
1798.0,A,RUNNING,1795.72,9,8,5,8,0.625,20.0,99.1,437.5955,0.0,0,0.0,0.0
1799.0,A,RUNNING,1796.72,9,8,5,8,0.625,20.0,99.1,436.5955,0.0,0,0.0,0.0
1800.0,A,RUNNING,1797.72,9,8,5,8,0.625,20.0,99.1,435.5955,0.0,0,0.0,0.0
1801.0,A,RUNNING,1798.72,9,8,5,8,0.625,20.0,99.1,434.5955,0.0,0,0.0,0.0
1802.0,A,RUNNING,1799.72,9,8,5,8,0.625,20.0,99.1,433.5955,0.0,0,0.0,0.0
1803.0,A,RUNNING,1800.72,9,8,5,8,0.625,20.0,99.1,432.5955,0.0,0,0.0,0.0
1804.0,A,RUNNING,1801.72,9,8,5,8,0.625,20.0,99.1,431.5955,0.0,0,0.0,0.0
1805.0,A,RUNNING,1802.72,9,8,5,8,0.625,20.0,99.1,430.5955,0.0,0,0.0,0.0
1806.0,A,RUNNING,1803.72,9,8,5,8,0.625,20.0,99.1,429.5955,0.0,0,0.0,0.0
1807.0,A,RUNNING,1804.72,9,8,5,8,0.625,20.0,99.1,428.5955,0.0,0,0.0,0.0
1808.0,A,RUNNING,1805.72,9,8,5,8,0.625,20.0,99.1,427.5955,0.0,0,0.0,0.0
1809.0,A,RUNNING,1806.72,9,8,5,8,0.625,20.0,99.1,426.5955,0.0,0,0.0,0.0
1810.0,A,RUNNING,1807.72,9,8,5,8,0.625,20.0,99.1,425.5955,0.0,0,0.0,0.0
1811.0,A,RUNNING,1808.72,9,8,5,8,0.625,20.0,99.1,424.5955,0.0,0,0.0,0.0
1812.0,A,RUNNING,1809.72,9,8,5,8,0.625,20.0,99.1,423.5955,0.0,0,0.0,0.0
1813.0,A,RUNNING,1810.72,9,8,5,8,0.625,20.0,99.1,422.5955,0.0,0,0.0,0.0
1814.0,A,RUNNING,1811.72,9,8,5,8,0.625,20.0,99.1,421.5955,0.0,0,0.0,0.0
1815.0,A,RUNNING,1812.72,9,8,5,8,0.625,20.0,99.1,420.5955,0.0,0,0.0,0.0
1816.0,A,RUNNING,1813.72,9,8,5,8,0.625,20.0,99.1,419.5955,0.0,0,0.0,0.0
1817.0,A,RUNNING,1814.72,9,8,5,8,0.625,20.0,99.1,418.5955,0.0,0,0.0,0.0
1818.0,A,RUNNING,1815.72,9,8,5,8,0.625,20.0,99.1,417.5955,0.0,0,0.0,0.0
1819.0,A,RUNNING,1816.72,9,8,5,8,0.625,20.0,99.1,416.5955,0.0,0,0.0,0.0
1820.0,A,RUNNING,1817.72,9,8,5,8,0.625,20.0,99.1,415.5955,0.0,0,0.0,0.0
1821.0,A,RUNNING,1818.72,9,8,5,8,0.625,20.0,99.1,414.5955,0.0,0,0.0,0.0
1822.0,A,RUNNING,1819.72,9,8,5,8,0.625,20.0,99.1,413.5955,0.0,0,0.0,0.0
1823.0,A,RUNNING,1820.72,9,8,5,8,0.625,20.0,99.1,412.5955,0.0,0,0.0,0.0
1824.0,A,RUNNING,1821.72,9,8,5,8,0.625,20.0,99.1,411.5955,0.0,0,0.0,0.0
1825.0,A,RUNNING,1822.72,9,8,5,8,0.625,20.0,99.1,410.5955,0.0,0,0.0,0.0
1826.0,A,RUNNING,1823.72,9,8,5,8,0.625,20.0,99.1,409.5955,0.0,0,0.0,0.0
1827.0,A,RUNNING,1824.72,9,8,5,8,0.625,20.0,99.1,408.5955,0.0,0,0.0,0.0
1828.0,A,RUNNING,1825.72,9,8,5,8,0.625,20.0,99.1,407.5955,0.0,0,0.0,0.0
1829.0,A,RUNNING,1826.72,9,8,5,8,0.625,20.0,99.1,406.5955,0.0,0,0.0,0.0
1830.0,A,RUNNING,1827.72,9,8,5,8,0.625,20.0,99.1,405.5955,0.0,0,0.0,0.0
1831.0,A,RUNNING,1828.72,9,8,5,8,0.625,20.0,99.1,404.5955,0.0,0,0.0,0.0
1832.0,A,RUNNING,1829.72,9,8,5,8,0.625,20.0,99.1,403.5955,0.0,0,0.0,0.0
1833.0,A,RUNNING,1830.72,9,8,5,8,0.625,20.0,99.1,402.5955,0.0,0,0.0,0.0
1834.0,A,RUNNING,1831.72,9,8,5,8,0.625,20.0,99.1,401.5955,0.0,0,0.0,0.0
1835.0,A,RUNNING,1832.72,9,8,5,8,0.625,20.0,99.1,400.5955,0.0,0,0.0,0.0
1836.0,A,RUNNING,1833.72,9,8,5,8,0.625,20.0,99.1,399.5955,0.0,0,0.0,0.0
1837.0,A,RUNNING,1834.72,9,8,5,8,0.625,20.0,99.1,398.5955,0.0,0,0.0,0.0
1838.0,A,RUNNING,1835.72,9,8,5,8,0.625,20.0,99.1,397.5955,0.0,0,0.0,0.0
1839.0,A,RUNNING,1836.72,9,8,5,8,0.625,20.0,99.1,396.5955,0.0,0,0.0,0.0
1840.0,A,RUNNING,1837.72,9,8,5,8,0.625,20.0,99.1,395.5955,0.0,0,0.0,0.0
1841.0,A,RUNNING,1838.72,9,8,5,8,0.625,20.0,99.1,394.5955,0.0,0,0.0,0.0
1842.0,A,RUNNING,1839.72,9,8,5,8,0.625,20.0,99.1,393.5955,0.0,0,0.0,0.0
1843.0,A,RUNNING,1840.72,9,8,5,8,0.625,20.0,99.1,392.5955,0.0,0,0.0,0.0
1844.0,A,RUNNING,1841.72,9,8,5,8,0.625,20.0,99.1,391.5955,0.0,0,0.0,0.0
1845.0,A,RUNNING,1842.72,9,8,5,8,0.625,20.0,99.1,390.5955,0.0,0,0.0,0.0
1846.0,A,RUNNING,1843.72,9,8,5,8,0.625,20.0,99.1,389.5955,0.0,0,0.0,0.0
1847.0,A,RUNNING,1844.72,9,8,5,8,0.625,20.0,99.1,388.5955,0.0,0,0.0,0.0
1848.0,A,RUNNING,1845.72,9,8,5,8,0.625,20.0,99.1,387.5955,0.0,0,0.0,0.0
1849.0,A,RUNNING,1846.72,9,8,5,8,0.625,20.0,99.1,386.5955,0.0,0,0.0,0.0
1850.0,A,RUNNING,1847.72,9,8,5,8,0.625,20.0,99.1,385.5955,0.0,0,0.0,0.0
1851.0,A,RUNNING,1848.72,9,8,5,8,0.625,20.0,99.1,384.5955,0.0,0,0.0,0.0
1852.0,A,RUNNING,1849.72,9,8,5,8,0.625,20.0,99.1,383.5955,0.0,0,0.0,0.0
1853.0,A,RUNNING,1850.72,9,8,5,8,0.625,20.0,99.1,382.5955,0.0,0,0.0,0.0
1854.0,A,RUNNING,1851.72,9,8,5,8,0.625,20.0,99.1,381.5955,0.0,0,0.0,0.0
1855.0,A,RUNNING,1852.72,9,8,5,8,0.625,20.0,99.1,380.5955,0.0,0,0.0,0.0
1856.0,A,RUNNING,1853.72,9,8,5,8,0.625,20.0,99.1,379.5955,0.0,0,0.0,0.0
1857.0,A,RUNNING,1854.72,9,8,5,8,0.625,20.0,99.1,378.5955,0.0,0,0.0,0.0
1858.0,A,RUNNING,1855.72,9,8,5,8,0.625,20.0,99.1,377.5955,0.0,0,0.0,0.0
1859.0,A,RUNNING,1856.72,9,8,5,8,0.625,20.0,99.1,376.5955,0.0,0,0.0,0.0
1860.0,A,RUNNING,1857.72,9,8,5,8,0.625,20.0,99.1,375.5955,0.0,0,0.0,0.0
1861.0,A,RUNNING,1858.72,9,8,5,8,0.625,20.0,99.1,374.5955,0.0,0,0.0,0.0
1862.0,A,RUNNING,1859.72,9,8,5,8,0.625,20.0,99.1,373.5955,0.0,0,0.0,0.0
1863.0,A,RUNNING,1860.72,9,8,5,8,0.625,20.0,99.1,372.5955,0.0,0,0.0,0.0
1864.0,A,RUNNING,1861.72,9,8,5,8,0.625,20.0,99.1,371.5955,0.0,0,0.0,0.0
1865.0,A,RUNNING,1862.72,9,8,5,8,0.625,20.0,99.1,370.5955,0.0,0,0.0,0.0
1866.0,A,RUNNING,1863.72,9,8,5,8,0.625,20.0,99.1,369.5955,0.0,0,0.0,0.0
1867.0,A,RUNNING,1864.72,9,8,5,8,0.625,20.0,99.1,368.5955,0.0,0,0.0,0.0
1868.0,A,RUNNING,1865.72,9,8,5,8,0.625,20.0,99.1,367.5955,0.0,0,0.0,0.0
1869.0,A,RUNNING,1866.72,9,8,5,8,0.625,20.0,99.1,366.5955,0.0,0,0.0,0.0
1870.0,A,RUNNING,1867.72,9,8,5,8,0.625,20.0,99.1,365.5955,0.0,0,0.0,0.0
1871.0,A,RUNNING,1868.72,9,8,5,8,0.625,20.0,99.1,364.5955,0.0,0,0.0,0.0
1872.0,A,RUNNING,1869.72,9,8,5,8,0.625,20.0,99.1,363.5955,0.0,0,0.0,0.0
1873.0,A,RUNNING,1870.72,9,8,5,8,0.625,20.0,99.1,362.5955,0.0,0,0.0,0.0
1874.0,A,RUNNING,1871.72,9,8,5,8,0.625,20.0,99.1,361.5955,0.0,0,0.0,0.0
1875.0,A,RUNNING,1872.72,9,8,5,8,0.625,20.0,99.1,360.5955,0.0,0,0.0,0.0
1876.0,A,RUNNING,1873.72,10,8,6,8,0.75,20.0,99.0,356.0735,0.0,0,0.0,0.0
1877.0,A,RUNNING,1874.72,10,8,6,8,0.75,20.0,99.0,355.0735,0.0,0,0.0,0.0
1878.0,A,RUNNING,1875.72,10,8,6,8,0.75,20.0,99.0,354.0735,0.0,0,0.0,0.0
1879.0,A,RUNNING,1876.72,10,8,6,8,0.75,20.0,99.0,353.0735,0.0,0,0.0,0.0
1880.0,A,RUNNING,1877.72,10,8,6,8,0.75,20.0,99.0,352.0735,0.0,0,0.0,0.0
1881.0,A,RUNNING,1878.72,10,8,6,8,0.75,20.0,99.0,351.0735,0.0,0,0.0,0.0
1882.0,A,RUNNING,1879.72,10,8,6,8,0.75,20.0,99.0,350.0735,0.0,0,0.0,0.0
1883.0,A,RUNNING,1880.72,10,8,6,8,0.75,20.0,99.0,349.0735,0.0,0,0.0,0.0
1884.0,A,RUNNING,1881.72,10,8,6,8,0.75,20.0,99.0,348.0735,0.0,0,0.0,0.0
1885.0,A,RUNNING,1882.72,10,8,6,8,0.75,20.0,99.0,347.0735,0.0,0,0.0,0.0
1886.0,A,RUNNING,1883.72,10,8,6,8,0.75,20.0,99.0,346.0735,0.0,0,0.0,0.0
1887.0,A,RUNNING,1884.72,10,8,6,8,0.75,20.0,99.0,345.0735,0.0,0,0.0,0.0
1888.0,A,RUNNING,1885.72,10,8,6,8,0.75,20.0,99.0,344.0735,0.0,0,0.0,0.0
1889.0,A,RUNNING,1886.72,10,8,6,8,0.75,20.0,99.0,343.0735,0.0,0,0.0,0.0
1890.0,A,RUNNING,1887.72,10,8,6,8,0.75,20.0,99.0,342.0735,0.0,0,0.0,0.0
1891.0,A,RUNNING,1888.72,10,8,6,8,0.75,20.0,99.0,341.0735,0.0,0,0.0,0.0
1892.0,A,RUNNING,1889.72,10,8,6,8,0.75,20.0,99.0,340.0735,0.0,0,0.0,0.0
1893.0,A,RUNNING,1890.72,10,8,6,8,0.75,20.0,99.0,339.0735,0.0,0,0.0,0.0
1894.0,A,RUNNING,1891.72,10,8,6,8,0.75,20.0,99.0,338.0735,0.0,0,0.0,0.0
1895.0,A,RUNNING,1892.72,10,8,6,8,0.75,20.0,99.0,337.0735,0.0,0,0.0,0.0
1896.0,A,RUNNING,1893.72,10,8,6,8,0.75,20.0,99.0,336.0735,0.0,0,0.0,0.0
1897.0,A,RUNNING,1894.72,10,8,6,8,0.75,20.0,99.0,335.0735,0.0,0,0.0,0.0
1898.0,A,RUNNING,1895.72,10,8,6,8,0.75,20.0,99.0,334.0735,0.0,0,0.0,0.0
1899.0,A,RUNNING,1896.72,10,8,6,8,0.75,20.0,99.0,333.0735,0.0,0,0.0,0.0
1900.0,A,RUNNING,1897.72,10,8,6,8,0.75,20.0,99.0,332.0735,0.0,0,0.0,0.0
1901.0,A,RUNNING,1898.72,10,8,6,8,0.75,20.0,99.0,331.0735,0.0,0,0.0,0.0
1902.0,A,RUNNING,1899.72,10,8,6,8,0.75,20.0,99.0,330.0735,0.0,0,0.0,0.0
1903.0,A,RUNNING,1900.72,10,8,6,8,0.75,20.0,99.0,329.0735,0.0,0,0.0,0.0
1904.0,A,RUNNING,1901.72,10,8,6,8,0.75,20.0,99.0,328.0735,0.0,0,0.0,0.0
1905.0,A,RUNNING,1902.72,10,8,6,8,0.75,20.0,99.0,327.0735,0.0,0,0.0,0.0
1906.0,A,RUNNING,1903.72,10,8,6,8,0.75,20.0,99.0,326.0735,0.0,0,0.0,0.0
1907.0,A,RUNNING,1904.72,10,8,6,8,0.75,20.0,99.0,325.0735,0.0,0,0.0,0.0
1908.0,A,RUNNING,1905.72,10,8,6,8,0.75,20.0,99.0,324.0735,0.0,0,0.0,0.0
1909.0,A,RUNNING,1906.72,10,8,6,8,0.75,20.0,99.0,323.0735,0.0,0,0.0,0.0
1910.0,A,RUNNING,1907.72,10,8,6,8,0.75,20.0,99.0,322.0735,0.0,0,0.0,0.0
1911.0,A,RUNNING,1908.72,10,8,6,8,0.75,20.0,99.0,321.0735,0.0,0,0.0,0.0
1912.0,A,RUNNING,1909.72,10,8,6,8,0.75,20.0,99.0,320.0735,0.0,0,0.0,0.0
1913.0,A,RUNNING,1910.72,10,8,6,8,0.75,20.0,99.0,319.0735,0.0,0,0.0,0.0
1914.0,A,RUNNING,1911.72,10,8,6,8,0.75,20.0,99.0,318.0735,0.0,0,0.0,0.0
1915.0,A,RUNNING,1912.72,10,8,6,8,0.75,20.0,99.0,317.0735,0.0,0,0.0,0.0
1916.0,A,RUNNING,1913.72,10,8,6,8,0.75,20.0,99.0,316.0735,0.0,0,0.0,0.0
1917.0,A,RUNNING,1914.72,10,8,6,8,0.75,20.0,99.0,315.0735,0.0,0,0.0,0.0
1918.0,A,RUNNING,1915.72,10,8,6,8,0.75,20.0,99.0,314.0735,0.0,0,0.0,0.0
1919.0,A,RUNNING,1916.72,10,8,6,8,0.75,20.0,99.0,313.0735,0.0,0,0.0,0.0
1920.0,A,RUNNING,1917.72,10,8,6,8,0.75,20.0,99.0,312.0735,0.0,0,0.0,0.0
1921.0,A,RUNNING,1918.72,10,8,6,8,0.75,20.0,99.0,311.0735,0.0,0,0.0,0.0
1922.0,A,RUNNING,1919.72,10,8,6,8,0.75,20.0,99.0,310.0735,0.0,0,0.0,0.0
1923.0,A,RUNNING,1920.72,10,8,6,8,0.75,20.0,99.0,309.0735,0.0,0,0.0,0.0
1924.0,A,RUNNING,1921.72,10,8,6,8,0.75,20.0,99.0,308.0735,0.0,0,0.0,0.0
1925.0,A,RUNNING,1922.72,10,8,6,8,0.75,20.0,99.0,307.0735,0.0,0,0.0,0.0
1926.0,A,RUNNING,1923.72,10,8,6,8,0.75,20.0,99.0,306.0735,0.0,0,0.0,0.0
1927.0,A,RUNNING,1924.72,10,8,6,8,0.75,20.0,99.0,305.0735,0.0,0,0.0,0.0
1928.0,A,RUNNING,1925.72,10,8,6,8,0.75,20.0,99.0,304.0735,0.0,0,0.0,0.0
1929.0,A,RUNNING,1926.72,10,8,6,8,0.75,20.0,99.0,303.0735,0.0,0,0.0,0.0
1930.0,A,RUNNING,1927.72,10,8,6,8,0.75,20.0,99.0,302.0735,0.0,0,0.0,0.0
1931.0,A,RUNNING,1928.72,10,8,6,8,0.75,20.0,99.0,301.0735,0.0,0,0.0,0.0
1932.0,A,RUNNING,1929.72,10,8,6,8,0.75,20.0,99.0,300.0735,0.0,0,0.0,0.0
1933.0,A,RUNNING,1930.72,10,8,6,8,0.75,20.0,99.0,299.0735,0.0,0,0.0,0.0
1934.0,A,RUNNING,1931.72,10,8,6,8,0.75,20.0,99.0,298.0735,0.0,0,0.0,0.0
1935.0,A,RUNNING,1932.72,10,8,6,8,0.75,20.0,99.0,297.0735,0.0,0,0.0,0.0
1936.0,A,RUNNING,1933.72,10,8,6,8,0.75,20.0,99.0,296.0735,0.0,0,0.0,0.0
1937.0,A,RUNNING,1934.72,10,8,6,8,0.75,20.0,99.0,295.0735,0.0,0,0.0,0.0
1938.0,A,RUNNING,1935.72,10,8,6,8,0.75,20.0,99.0,294.0735,0.0,0,0.0,0.0
1939.0,A,RUNNING,1936.72,10,8,6,8,0.75,20.0,99.0,293.0735,0.0,0,0.0,0.0
1940.0,A,RUNNING,1937.72,10,8,6,8,0.75,20.0,99.0,292.0735,0.0,0,0.0,0.0
1941.0,A,RUNNING,1938.72,10,8,6,8,0.75,20.0,99.0,291.0735,0.0,0,0.0,0.0
1942.0,A,RUNNING,1939.72,10,8,6,8,0.75,20.0,99.0,290.0735,0.0,0,0.0,0.0
1943.0,A,RUNNING,1940.72,10,8,6,8,0.75,20.0,99.0,289.0735,0.0,0,0.0,0.0
1944.0,A,RUNNING,1941.72,10,8,6,8,0.75,20.0,99.0,288.0735,0.0,0,0.0,0.0
1945.0,A,RUNNING,1942.72,10,8,6,8,0.75,20.0,99.0,287.0735,0.0,0,0.0,0.0
1946.0,A,RUNNING,1943.72,10,8,6,8,0.75,20.0,99.0,286.0735,0.0,0,0.0,0.0
1947.0,A,RUNNING,1944.72,10,8,6,8,0.75,20.0,99.0,285.0735,0.0,0,0.0,0.0
1948.0,A,RUNNING,1945.72,10,8,6,8,0.75,20.0,99.0,284.0735,0.0,0,0.0,0.0
1949.0,A,RUNNING,1946.72,10,8,6,8,0.75,20.0,99.0,283.0735,0.0,0,0.0,0.0
1950.0,A,RUNNING,1947.72,10,8,6,8,0.75,20.0,99.0,282.0735,0.0,0,0.0,0.0
1951.0,A,RUNNING,1948.72,10,8,6,8,0.75,20.0,99.0,281.0735,0.0,0,0.0,0.0
1952.0,A,RUNNING,1949.72,10,8,6,8,0.75,20.0,99.0,280.0735,0.0,0,0.0,0.0
1953.0,A,RUNNING,1950.72,10,8,6,8,0.75,20.0,99.0,279.0735,0.0,0,0.0,0.0
1954.0,A,RUNNING,1951.72,10,8,6,8,0.75,20.0,99.0,278.0735,0.0,0,0.0,0.0
1955.0,A,RUNNING,1952.72,10,8,6,8,0.75,20.0,99.0,277.0735,0.0,0,0.0,0.0
1956.0,A,RUNNING,1953.72,10,8,6,8,0.75,20.0,99.0,276.0735,0.0,0,0.0,0.0
1957.0,A,RUNNING,1954.72,10,8,6,8,0.75,20.0,99.0,275.0735,0.0,0,0.0,0.0
1958.0,A,RUNNING,1955.72,10,8,6,8,0.75,20.0,99.0,274.0735,0.0,0,0.0,0.0
1959.0,A,RUNNING,1956.72,10,8,6,8,0.75,20.0,99.0,273.0735,0.0,0,0.0,0.0
1960.0,A,RUNNING,1957.72,10,8,6,8,0.75,20.0,99.0,272.0735,0.0,0,0.0,0.0
1961.0,A,RUNNING,1958.72,10,8,6,8,0.75,20.0,99.0,271.0735,0.0,0,0.0,0.0
1962.0,A,RUNNING,1959.72,10,8,6,8,0.75,20.0,99.0,270.0735,0.0,0,0.0,0.0
1963.0,A,RUNNING,1960.72,10,8,6,8,0.75,20.0,99.0,269.0735,0.0,0,0.0,0.0
1964.0,A,RUNNING,1961.72,10,8,6,8,0.75,20.0,99.0,268.0735,0.0,0,0.0,0.0
1965.0,A,RUNNING,1962.72,10,8,6,8,0.75,20.0,99.0,267.0735,0.0,0,0.0,0.0
1966.0,A,RUNNING,1963.72,10,8,6,8,0.75,20.0,99.0,266.0735,0.0,0,0.0,0.0
1967.0,A,RUNNING,1964.72,10,8,6,8,0.75,20.0,99.0,265.0735,0.0,0,0.0,0.0
1968.0,A,RUNNING,1965.72,10,8,6,8,0.75,20.0,99.0,264.0735,0.0,0,0.0,0.0
1969.0,A,RUNNING,1966.72,10,8,6,8,0.75,20.0,99.0,263.0735,0.0,0,0.0,0.0
1970.0,A,RUNNING,1967.72,10,8,6,8,0.75,20.0,99.0,262.0735,0.0,0,0.0,0.0
1971.0,A,RUNNING,1968.72,10,8,6,8,0.75,20.0,99.0,261.0735,0.0,0,0.0,0.0
1972.0,A,RUNNING,1969.72,10,8,6,8,0.75,20.0,99.0,260.0735,0.0,0,0.0,0.0
1973.0,A,RUNNING,1970.72,10,8,6,8,0.75,20.0,99.0,259.0735,0.0,0,0.0,0.0
1974.0,A,RUNNING,1971.72,10,8,6,8,0.75,20.0,99.0,258.0735,0.0,0,0.0,0.0
1975.0,A,RUNNING,1972.72,10,8,6,8,0.75,20.0,99.0,257.0735,0.0,0,0.0,0.0
1976.0,A,RUNNING,1973.72,10,8,6,8,0.75,20.0,99.0,256.0735,0.0,0,0.0,0.0
1977.0,A,RUNNING,1974.72,10,8,6,8,0.75,20.0,99.0,255.0735,0.0,0,0.0,0.0
1978.0,A,RUNNING,1975.72,10,8,6,8,0.75,20.0,99.0,254.0735,0.0,0,0.0,0.0
1979.0,A,RUNNING,1976.72,10,8,6,8,0.75,20.0,99.0,253.0735,0.0,0,0.0,0.0
1980.0,A,RUNNING,1977.72,10,8,6,8,0.75,20.0,99.0,252.0735,0.0,0,0.0,0.0
1981.0,A,RUNNING,1978.72,10,8,6,8,0.75,20.0,99.0,251.0735,0.0,0,0.0,0.0
1982.0,A,RUNNING,1979.72,10,8,6,8,0.75,20.0,99.0,250.0735,0.0,0,0.0,0.0
1983.0,A,RUNNING,1980.72,10,8,6,8,0.75,20.0,99.0,249.0735,0.0,0,0.0,0.0
1984.0,A,RUNNING,1981.72,10,8,6,8,0.75,20.0,99.0,248.0735,0.0,0,0.0,0.0
1985.0,A,RUNNING,1982.72,10,8,6,8,0.75,20.0,99.0,247.0735,0.0,0,0.0,0.0
1986.0,A,RUNNING,1983.72,10,8,6,8,0.75,20.0,99.0,246.0735,0.0,0,0.0,0.0
1987.0,A,RUNNING,1984.72,10,8,6,8,0.75,20.0,99.0,245.0735,0.0,0,0.0,0.0
1988.0,A,RUNNING,1985.72,10,8,6,8,0.75,20.0,99.0,244.0735,0.0,0,0.0,0.0
1989.0,A,RUNNING,1986.72,10,8,6,8,0.75,20.0,99.0,243.0735,0.0,0,0.0,0.0
1990.0,A,RUNNING,1987.72,10,8,6,8,0.75,20.0,99.0,242.0735,0.0,0,0.0,0.0
1991.0,A,RUNNING,1988.72,10,8,6,8,0.75,20.0,99.0,241.0735,0.0,0,0.0,0.0
1992.0,A,RUNNING,1989.72,10,8,6,8,0.75,20.0,99.0,240.0735,0.0,0,0.0,0.0
1993.0,A,RUNNING,1990.72,10,8,6,8,0.75,20.0,99.0,239.0735,0.0,0,0.0,0.0
1994.0,A,RUNNING,1991.72,10,8,6,8,0.75,20.0,99.0,238.0735,0.0,0,0.0,0.0
1995.0,A,RUNNING,1992.72,10,8,6,8,0.75,20.0,99.0,237.0735,0.0,0,0.0,0.0
1996.0,A,RUNNING,1993.72,10,8,6,8,0.75,20.0,99.0,236.0735,0.0,0,0.0,0.0
1997.0,A,RUNNING,1994.72,10,8,6,8,0.75,20.0,99.0,235.0735,0.0,0,0.0,0.0
1998.0,A,RUNNING,1995.72,10,8,6,8,0.75,20.0,99.0,234.0735,0.0,0,0.0,0.0
1999.0,A,RUNNING,1996.72,10,8,6,8,0.75,20.0,99.0,233.0735,0.0,0,0.0,0.0
2000.0,A,RUNNING,1997.72,10,8,6,8,0.75,20.0,99.0,232.0735,0.0,0,0.0,0.0
2001.0,A,RUNNING,1998.72,10,8,6,8,0.75,20.0,99.0,231.0735,0.0,0,0.0,0.0
2002.0,A,RUNNING,1999.72,10,8,6,8,0.75,20.0,99.0,230.0735,0.0,0,0.0,0.0
2003.0,A,RUNNING,2000.72,10,8,6,8,0.75,20.0,99.0,229.0735,0.0,0,0.0,0.0
2004.0,A,RUNNING,2001.72,10,8,6,8,0.75,20.0,99.0,228.0735,0.0,0,0.0,0.0
2005.0,A,RUNNING,2002.72,10,8,6,8,0.75,20.0,99.0,227.0735,0.0,0,0.0,0.0
2006.0,A,RUNNING,2003.72,10,8,6,8,0.75,20.0,99.0,226.0735,0.0,0,0.0,0.0
2007.0,A,RUNNING,2004.72,10,8,6,8,0.75,20.0,99.0,225.0735,0.0,0,0.0,0.0
2008.0,A,RUNNING,2005.72,10,8,6,8,0.75,20.0,99.0,224.0735,0.0,0,0.0,0.0
2009.0,A,RUNNING,2006.72,10,8,6,8,0.75,20.0,99.0,223.0735,0.0,0,0.0,0.0
2010.0,A,RUNNING,2007.72,10,8,6,8,0.75,20.0,99.0,222.0735,0.0,0,0.0,0.0
2011.0,A,RUNNING,2008.72,10,8,6,8,0.75,20.0,99.0,221.0735,0.0,0,0.0,0.0
2012.0,A,RUNNING,2009.72,10,8,6,8,0.75,20.0,99.0,220.0735,0.0,0,0.0,0.0
2013.0,A,RUNNING,2010.72,10,8,6,8,0.75,20.0,99.0,219.0735,0.0,0,0.0,0.0
2014.0,A,RUNNING,2011.72,10,8,6,8,0.75,20.0,99.0,218.0735,0.0,0,0.0,0.0
2015.0,A,RUNNING,2012.72,10,8,6,8,0.75,20.0,99.0,217.0735,0.0,0,0.0,0.0
2016.0,A,RUNNING,2013.72,10,8,6,8,0.75,20.0,99.0,216.0735,0.0,0,0.0,0.0
2017.0,A,RUNNING,2014.72,10,8,6,8,0.75,20.0,99.0,215.0735,0.0,0,0.0,0.0
2018.0,A,RUNNING,2015.72,10,8,6,8,0.75,20.0,99.0,214.0735,0.0,0,0.0,0.0
2019.0,A,RUNNING,2016.72,10,8,6,8,0.75,20.0,99.0,213.0735,0.0,0,0.0,0.0
2020.0,A,RUNNING,2017.72,10,8,6,8,0.75,20.0,99.0,212.0735,0.0,0,0.0,0.0
2021.0,A,RUNNING,2018.72,10,8,6,8,0.75,20.0,99.0,211.0735,0.0,0,0.0,0.0
2022.0,A,RUNNING,2019.72,10,8,6,8,0.75,20.0,99.0,210.0735,0.0,0,0.0,0.0
2023.0,A,RUNNING,2020.72,10,8,6,8,0.75,20.0,99.0,209.0735,0.0,0,0.0,0.0
2024.0,A,RUNNING,2021.72,10,8,6,8,0.75,20.0,99.0,208.0735,0.0,0,0.0,0.0
2025.0,A,RUNNING,2022.72,10,8,6,8,0.75,20.0,99.0,207.0735,0.0,0,0.0,0.0
2026.0,A,RUNNING,2023.72,10,8,6,8,0.75,20.0,99.0,206.0735,0.0,0,0.0,0.0
2027.0,A,RUNNING,2024.72,10,8,6,8,0.75,20.0,99.0,205.0735,0.0,0,0.0,0.0
2028.0,A,RUNNING,2025.72,10,8,6,8,0.75,20.0,99.0,204.0735,0.0,0,0.0,0.0
2029.0,A,RUNNING,2026.72,10,8,6,8,0.75,20.0,99.0,203.0735,0.0,0,0.0,0.0
2030.0,A,RUNNING,2027.72,10,8,6,8,0.75,20.0,99.0,202.0735,0.0,0,0.0,0.0
2031.0,A,RUNNING,2028.72,10,8,6,8,0.75,20.0,99.0,201.0735,0.0,0,0.0,0.0
2032.0,A,RUNNING,2029.72,10,8,6,8,0.75,20.0,99.0,200.0735,0.0,0,0.0,0.0
2033.0,A,RUNNING,2030.72,10,8,6,8,0.75,20.0,99.0,199.0735,0.0,0,0.0,0.0
2034.0,A,RUNNING,2031.72,10,8,6,8,0.75,20.0,99.0,198.0735,0.0,0,0.0,0.0
2035.0,A,RUNNING,2032.72,10,8,6,8,0.75,20.0,99.0,197.0735,0.0,0,0.0,0.0
2036.0,A,RUNNING,2033.72,10,8,6,8,0.75,20.0,99.0,196.0735,0.0,0,0.0,0.0
2037.0,A,RUNNING,2034.72,10,8,6,8,0.75,20.0,99.0,195.0735,0.0,0,0.0,0.0
2038.0,A,RUNNING,2035.72,10,8,6,8,0.75,20.0,99.0,194.0735,0.0,0,0.0,0.0
2039.0,A,RUNNING,2036.72,10,8,6,8,0.75,20.0,99.0,193.0735,0.0,0,0.0,0.0
2040.0,A,RUNNING,2037.72,10,8,6,8,0.75,20.0,99.0,192.0735,0.0,0,0.0,0.0
2041.0,A,RUNNING,2038.72,10,8,6,8,0.75,20.0,99.0,191.0735,0.0,0,0.0,0.0
2042.0,A,RUNNING,2039.72,10,8,6,8,0.75,20.0,99.0,190.0735,0.0,0,0.0,0.0
2043.0,A,RUNNING,2040.72,10,8,6,8,0.75,20.0,99.0,189.0735,0.0,0,0.0,0.0
2044.0,A,RUNNING,2041.72,10,8,6,8,0.75,20.0,99.0,188.0735,0.0,0,0.0,0.0
2045.0,A,RUNNING,2042.72,10,8,6,8,0.75,20.0,99.0,187.0735,0.0,0,0.0,0.0
2046.0,A,RUNNING,2043.72,10,8,6,8,0.75,20.0,99.0,186.0735,0.0,0,0.0,0.0
2047.0,A,RUNNING,2044.72,10,8,6,8,0.75,20.0,99.0,185.0735,0.0,0,0.0,0.0
2048.0,A,RUNNING,2045.72,10,8,6,8,0.75,20.0,99.0,184.0735,0.0,0,0.0,0.0
2049.0,A,RUNNING,2046.72,10,8,6,8,0.75,20.0,99.0,183.0735,0.0,0,0.0,0.0
2050.0,A,RUNNING,2047.72,10,8,6,8,0.75,20.0,99.0,182.0735,0.0,0,0.0,0.0
2051.0,A,RUNNING,2048.72,10,8,6,8,0.75,20.0,99.0,181.0735,0.0,0,0.0,0.0
2052.0,A,RUNNING,2049.72,10,8,6,8,0.75,20.0,99.0,180.0735,0.0,0,0.0,0.0
2053.0,A,RUNNING,2050.72,11,8,7,8,0.875,20.0,98.9,151.8656,0.0,0,0.0,0.0
2054.0,A,RUNNING,2051.72,11,8,7,8,0.875,20.0,98.9,150.8656,0.0,0,0.0,0.0
2055.0,A,RUNNING,2052.72,11,8,7,8,0.875,20.0,98.9,149.8656,0.0,0,0.0,0.0
2056.0,A,RUNNING,2053.72,11,8,7,8,0.875,20.0,98.9,148.8656,0.0,0,0.0,0.0
2057.0,A,RUNNING,2054.72,11,8,7,8,0.875,20.0,98.9,147.8656,0.0,0,0.0,0.0
2058.0,A,RUNNING,2055.72,11,8,7,8,0.875,20.0,98.9,146.8656,0.0,0,0.0,0.0
2059.0,A,RUNNING,2056.72,11,8,7,8,0.875,20.0,98.9,145.8656,0.0,0,0.0,0.0
2060.0,A,RUNNING,2057.72,11,8,7,8,0.875,20.0,98.9,144.8656,0.0,0,0.0,0.0
2061.0,A,RUNNING,2058.72,11,8,7,8,0.875,20.0,98.9,143.8656,0.0,0,0.0,0.0
2062.0,A,RUNNING,2059.72,11,8,7,8,0.875,20.0,98.9,142.8656,0.0,0,0.0,0.0
2063.0,A,RUNNING,2060.72,11,8,7,8,0.875,20.0,98.9,141.8656,0.0,0,0.0,0.0
2064.0,A,RUNNING,2061.72,11,8,7,8,0.875,20.0,98.9,140.8656,0.0,0,0.0,0.0
2065.0,A,RUNNING,2062.72,11,8,7,8,0.875,20.0,98.9,139.8656,0.0,0,0.0,0.0
2066.0,A,RUNNING,2063.72,11,8,7,8,0.875,20.0,98.9,138.8656,0.0,0,0.0,0.0
2067.0,A,RUNNING,2064.72,11,8,7,8,0.875,20.0,98.9,137.8656,0.0,0,0.0,0.0
2068.0,A,RUNNING,2065.72,11,8,7,8,0.875,20.0,98.9,136.8656,0.0,0,0.0,0.0
2069.0,A,RUNNING,2066.72,11,8,7,8,0.875,20.0,98.9,135.8656,0.0,0,0.0,0.0
2070.0,A,RUNNING,2067.72,11,8,7,8,0.875,20.0,98.9,134.8656,0.0,0,0.0,0.0
2071.0,A,RUNNING,2068.72,11,8,7,8,0.875,20.0,98.9,133.8656,0.0,0,0.0,0.0
2072.0,A,RUNNING,2069.72,11,8,7,8,0.875,20.0,98.9,132.8656,0.0,0,0.0,0.0
2073.0,A,RUNNING,2070.72,11,8,7,8,0.875,20.0,98.9,131.8656,0.0,0,0.0,0.0
2074.0,A,RUNNING,2071.72,11,8,7,8,0.875,20.0,98.9,130.8656,0.0,0,0.0,0.0
2075.0,A,RUNNING,2072.72,11,8,7,8,0.875,20.0,98.9,129.8656,0.0,0,0.0,0.0
2076.0,A,RUNNING,2073.72,11,8,7,8,0.875,20.0,98.9,128.8656,0.0,0,0.0,0.0
2077.0,A,RUNNING,2074.72,11,8,7,8,0.875,20.0,98.9,127.8656,0.0,0,0.0,0.0
2078.0,A,RUNNING,2075.72,11,8,7,8,0.875,20.0,98.9,126.8656,0.0,0,0.0,0.0
2079.0,A,RUNNING,2076.72,11,8,7,8,0.875,20.0,98.9,125.8656,0.0,0,0.0,0.0
2080.0,A,RUNNING,2077.72,11,8,7,8,0.875,20.0,98.9,124.8656,0.0,0,0.0,0.0
2081.0,A,RUNNING,2078.72,11,8,7,8,0.875,20.0,98.9,123.8656,0.0,0,0.0,0.0
2082.0,A,RUNNING,2079.72,11,8,7,8,0.875,20.0,98.9,122.8656,0.0,0,0.0,0.0
2083.0,A,RUNNING,2080.72,11,8,7,8,0.875,20.0,98.9,121.8656,0.0,0,0.0,0.0
2084.0,A,RUNNING,2081.72,11,8,7,8,0.875,20.0,98.9,120.8656,0.0,0,0.0,0.0
2085.0,A,RUNNING,2082.72,11,8,7,8,0.875,20.0,98.9,119.8656,0.0,0,0.0,0.0
2086.0,A,RUNNING,2083.72,11,8,7,8,0.875,20.0,98.9,118.8656,0.0,0,0.0,0.0
2087.0,A,RUNNING,2084.72,11,8,7,8,0.875,20.0,98.9,117.8656,0.0,0,0.0,0.0
