sim_time_s,section_id,status,factory_time_s,produced_total,picked_total,buffer_units,buffer_capacity,buffer_fill,rate_actual_per_hour,health_percent,time_to_full_s,fault_remaining_s,faults_total,lost_units,blocked_time_s
2.66,B,RUNNING,0.0,0,0,5,10,0.5,30.0,100.0,578.3889,0.0,0,0.0,0.0
3.0,B,RUNNING,0.34,0,0,5,10,0.5,30.0,100.0,578.0489,0.0,0,0.0,0.0
4.0,B,RUNNING,1.34,0,0,5,10,0.5,30.0,100.0,577.0489,0.0,0,0.0,0.0
5.0,B,RUNNING,2.34,0,0,5,10,0.5,30.0,100.0,576.0489,0.0,0,0.0,0.0
6.0,B,RUNNING,3.34,0,0,5,10,0.5,30.0,100.0,575.0489,0.0,0,0.0,0.0
7.0,B,RUNNING,4.34,0,0,5,10,0.5,30.0,100.0,574.0489,0.0,0,0.0,0.0
8.0,B,RUNNING,5.34,0,0,5,10,0.5,30.0,100.0,573.0489,0.0,0,0.0,0.0
9.0,B,RUNNING,6.34,0,0,5,10,0.5,30.0,100.0,572.0489,0.0,0,0.0,0.0
10.0,B,RUNNING,7.34,0,0,5,10,0.5,30.0,100.0,571.0489,0.0,0,0.0,0.0
11.0,B,RUNNING,8.34,0,0,5,10,0.5,30.0,100.0,570.0489,0.0,0,0.0,0.0
12.0,B,RUNNING,9.34,0,0,5,10,0.5,30.0,100.0,569.0489,0.0,0,0.0,0.0
13.0,B,RUNNING,10.34,0,0,5,10,0.5,30.0,100.0,568.0489,0.0,0,0.0,0.0
14.0,B,RUNNING,11.34,0,0,5,10,0.5,30.0,100.0,567.0489,0.0,0,0.0,0.0
15.0,B,RUNNING,12.344,0,0,5,10,0.5,30.0,100.0,566.0449,0.0,0,0.0,0.0
16.0,B,RUNNING,13.34,0,0,5,10,0.5,30.0,100.0,565.0489,0.0,0,0.0,0.0
17.0,B,RUNNING,14.34,0,0,5,10,0.5,30.0,100.0,564.0489,0.0,0,0.0,0.0
18.0,B,RUNNING,15.34,0,0,5,10,0.5,30.0,100.0,563.0489,0.0,0,0.0,0.0
19.0,B,RUNNING,16.34,0,0,5,10,0.5,30.0,100.0,562.0489,0.0,0,0.0,0.0
20.0,B,RUNNING,17.34,0,0,5,10,0.5,30.0,100.0,561.0489,0.0,0,0.0,0.0
21.0,B,RUNNING,18.34,0,0,5,10,0.5,30.0,100.0,560.0489,0.0,0,0.0,0.0
22.0,B,RUNNING,19.34,0,0,5,10,0.5,30.0,100.0,559.0489,0.0,0,0.0,0.0
23.0,B,RUNNING,20.34,0,0,5,10,0.5,30.0,100.0,558.0489,0.0,0,0.0,0.0
24.0,B,RUNNING,21.34,0,0,5,10,0.5,30.0,100.0,557.0489,0.0,0,0.0,0.0
25.0,B,RUNNING,22.34,0,0,5,10,0.5,30.0,100.0,556.0489,0.0,0,0.0,0.0
26.0,B,RUNNING,23.34,0,0,5,10,0.5,30.0,100.0,555.0489,0.0,0,0.0,0.0
27.0,B,RUNNING,24.34,0,0,5,10,0.5,30.0,100.0,554.0489,0.0,0,0.0,0.0
28.0,B,RUNNING,25.34,0,0,5,10,0.5,30.0,100.0,553.0489,0.0,0,0.0,0.0
29.0,B,RUNNING,26.34,0,0,5,10,0.5,30.0,100.0,552.0489,0.0,0,0.0,0.0
30.0,B,RUNNING,27.34,0,0,5,10,0.5,30.0,100.0,551.0489,0.0,0,0.0,0.0
31.0,B,RUNNING,28.34,0,0,5,10,0.5,30.0,100.0,550.0489,0.0,0,0.0,0.0
32.0,B,RUNNING,29.34,0,0,5,10,0.5,30.0,100.0,549.0489,0.0,0,0.0,0.0
33.0,B,RUNNING,30.34,0,0,5,10,0.5,30.0,100.0,548.0489,0.0,0,0.0,0.0
34.0,B,RUNNING,31.34,0,0,5,10,0.5,30.0,100.0,547.0489,0.0,0,0.0,0.0
35.0,B,RUNNING,32.34,0,0,5,10,0.5,30.0,100.0,546.0489,0.0,0,0.0,0.0
36.0,B,RUNNING,33.34,0,0,5,10,0.5,30.0,100.0,545.0489,0.0,0,0.0,0.0
37.0,B,RUNNING,34.34,0,0,5,10,0.5,30.0,100.0,544.0489,0.0,0,0.0,0.0
38.0,B,RUNNING,35.34,0,0,5,10,0.5,30.0,100.0,543.0489,0.0,0,0.0,0.0
39.0,B,RUNNING,36.34,0,0,5,10,0.5,30.0,100.0,542.0489,0.0,0,0.0,0.0
40.0,B,RUNNING,37.34,0,0,5,10,0.5,30.0,100.0,541.0489,0.0,0,0.0,0.0
41.0,B,RUNNING,38.34,0,0,5,10,0.5,30.0,100.0,540.0489,0.0,0,0.0,0.0
42.0,B,RUNNING,39.34,0,0,5,10,0.5,30.0,100.0,539.0489,0.0,0,0.0,0.0
43.0,B,RUNNING,40.34,0,0,5,10,0.5,30.0,100.0,538.0489,0.0,0,0.0,0.0
44.0,B,RUNNING,41.34,0,0,5,10,0.5,30.0,100.0,537.0489,0.0,0,0.0,0.0
45.0,B,RUNNING,42.34,0,0,5,10,0.5,30.0,100.0,536.0489,0.0,0,0.0,0.0
46.0,B,RUNNING,43.34,0,0,5,10,0.5,30.0,100.0,535.0489,0.0,0,0.0,0.0
47.0,B,RUNNING,44.34,0,0,5,10,0.5,30.0,100.0,534.0489,0.0,0,0.0,0.0
48.0,B,RUNNING,45.34,0,0,5,10,0.5,30.0,100.0,533.0489,0.0,0,0.0,0.0
49.0,B,RUNNING,46.34,0,0,5,10,0.5,30.0,100.0,532.0489,0.0,0,0.0,0.0
50.0,B,RUNNING,47.34,0,0,5,10,0.5,30.0,100.0,531.0489,0.0,0,0.0,0.0
51.0,B,RUNNING,48.34,0,0,5,10,0.5,30.0,100.0,530.0489,0.0,0,0.0,0.0
52.0,B,RUNNING,49.34,0,0,5,10,0.5,30.0,100.0,529.0489,0.0,0,0.0,0.0
53.0,B,RUNNING,50.34,0,0,5,10,0.5,30.0,100.0,528.0489,0.0,0,0.0,0.0
54.0,B,RUNNING,51.34,0,0,5,10,0.5,30.0,100.0,527.0489,0.0,0,0.0,0.0
55.0,B,RUNNING,52.34,0,0,5,10,0.5,30.0,100.0,526.0489,0.0,0,0.0,0.0
56.0,B,RUNNING,53.34,0,0,5,10,0.5,30.0,100.0,525.0489,0.0,0,0.0,0.0
57.0,B,RUNNING,54.34,0,0,5,10,0.5,30.0,100.0,524.0489,0.0,0,0.0,0.0
58.0,B,RUNNING,55.34,0,0,5,10,0.5,30.0,100.0,523.0489,0.0,0,0.0,0.0
59.0,B,RUNNING,56.34,0,0,5,10,0.5,30.0,100.0,522.0489,0.0,0,0.0,0.0
60.0,B,RUNNING,57.34,0,0,5,10,0.5,30.0,100.0,521.0489,0.0,0,0.0,0.0
61.0,B,RUNNING,58.34,0,0,5,10,0.5,30.0,100.0,520.0489,0.0,0,0.0,0.0
62.0,B,RUNNING,59.34,0,0,5,10,0.5,30.0,100.0,519.0489,0.0,0,0.0,0.0
63.0,B,RUNNING,60.34,0,0,5,10,0.5,30.0,100.0,518.0489,0.0,0,0.0,0.0
64.0,B,RUNNING,61.34,0,0,5,10,0.5,30.0,100.0,517.0489,0.0,0,0.0,0.0
65.0,B,RUNNING,62.34,0,0,5,10,0.5,30.0,100.0,516.0489,0.0,0,0.0,0.0
66.0,B,RUNNING,63.34,0,0,5,10,0.5,30.0,100.0,515.0489,0.0,0,0.0,0.0
67.0,B,RUNNING,64.34,0,0,5,10,0.5,30.0,100.0,514.0489,0.0,0,0.0,0.0
68.0,B,RUNNING,65.34,0,0,5,10,0.5,30.0,100.0,513.0489,0.0,0,0.0,0.0
69.0,B,RUNNING,66.34,0,0,5,10,0.5,30.0,100.0,512.0489,0.0,0,0.0,0.0
70.0,B,RUNNING,67.34,0,0,5,10,0.5,30.0,100.0,511.0489,0.0,0,0.0,0.0
71.0,B,RUNNING,68.34,0,0,5,10,0.5,30.0,100.0,510.0489,0.0,0,0.0,0.0
72.0,B,RUNNING,69.34,0,0,5,10,0.5,30.0,100.0,509.0489,0.0,0,0.0,0.0
73.0,B,RUNNING,70.34,0,0,5,10,0.5,30.0,100.0,508.0489,0.0,0,0.0,0.0
74.0,B,RUNNING,71.34,0,0,5,10,0.5,30.0,100.0,507.0489,0.0,0,0.0,0.0
75.0,B,RUNNING,72.34,0,5,0,10,0.0,30.0,100.0,1106.0489,0.0,0,0.0,0.0
76.0,B,RUNNING,73.34,0,5,0,10,0.0,30.0,100.0,1105.0489,0.0,0,0.0,0.0
77.0,B,RUNNING,74.34,0,5,0,10,0.0,30.0,100.0,1104.0489,0.0,0,0.0,0.0
78.0,B,RUNNING,75.34,0,5,0,10,0.0,30.0,100.0,1103.0489,0.0,0,0.0,0.0
79.0,B,RUNNING,76.34,0,5,0,10,0.0,30.0,100.0,1102.0489,0.0,0,0.0,0.0
80.0,B,RUNNING,77.34,0,5,0,10,0.0,30.0,100.0,1101.0489,0.0,0,0.0,0.0
81.0,B,RUNNING,78.34,0,5,0,10,0.0,30.0,100.0,1100.0489,0.0,0,0.0,0.0
82.0,B,RUNNING,79.344,0,5,0,10,0.0,30.0,100.0,1099.0449,0.0,0,0.0,0.0
83.0,B,RUNNING,80.34,0,5,0,10,0.0,30.0,100.0,1098.0489,0.0,0,0.0,0.0
84.0,B,RUNNING,81.34,0,5,0,10,0.0,30.0,100.0,1097.0489,0.0,0,0.0,0.0
85.0,B,RUNNING,82.34,0,5,0,10,0.0,30.0,100.0,1096.0489,0.0,0,0.0,0.0
86.0,B,RUNNING,83.34,0,5,0,10,0.0,30.0,100.0,1095.0489,0.0,0,0.0,0.0
87.0,B,RUNNING,84.34,0,5,0,10,0.0,30.0,100.0,1094.0489,0.0,0,0.0,0.0
88.0,B,RUNNING,85.34,0,5,0,10,0.0,30.0,100.0,1093.0489,0.0,0,0.0,0.0
89.0,B,RUNNING,86.34,0,5,0,10,0.0,30.0,100.0,1092.0489,0.0,0,0.0,0.0
90.0,B,RUNNING,87.34,0,5,0,10,0.0,30.0,100.0,1091.0489,0.0,0,0.0,0.0
91.0,B,RUNNING,88.34,0,5,0,10,0.0,30.0,100.0,1090.0489,0.0,0,0.0,0.0
92.0,B,RUNNING,89.34,0,5,0,10,0.0,30.0,100.0,1089.0489,0.0,0,0.0,0.0
93.0,B,RUNNING,90.34,0,5,0,10,0.0,30.0,100.0,1088.0489,0.0,0,0.0,0.0
94.0,B,RUNNING,91.34,0,5,0,10,0.0,30.0,100.0,1087.0489,0.0,0,0.0,0.0
95.0,B,RUNNING,92.34,0,5,0,10,0.0,30.0,100.0,1086.0489,0.0,0,0.0,0.0
96.0,B,RUNNING,93.34,0,5,0,10,0.0,30.0,100.0,1085.0489,0.0,0,0.0,0.0
97.0,B,RUNNING,94.34,0,5,0,10,0.0,30.0,100.0,1084.0489,0.0,0,0.0,0.0
98.0,B,RUNNING,95.34,0,5,0,10,0.0,30.0,100.0,1083.0489,0.0,0,0.0,0.0
99.0,B,RUNNING,96.34,0,5,0,10,0.0,30.0,100.0,1082.0489,0.0,0,0.0,0.0
100.0,B,RUNNING,97.34,0,5,0,10,0.0,30.0,100.0,1081.0489,0.0,0,0.0,0.0
101.0,B,RUNNING,98.34,0,5,0,10,0.0,30.0,100.0,1080.0489,0.0,0,0.0,0.0
102.0,B,RUNNING,99.34,1,5,1,10,0.1,30.0,99.9,1091.4175,0.0,0,0.0,0.0
103.0,B,RUNNING,100.34,1,5,1,10,0.1,30.0,99.9,1090.4175,0.0,0,0.0,0.0
104.0,B,RUNNING,101.34,1,5,1,10,0.1,30.0,99.9,1089.4175,0.0,0,0.0,0.0
105.0,B,RUNNING,102.34,1,5,1,10,0.1,30.0,99.9,1088.4175,0.0,0,0.0,0.0
106.0,B,RUNNING,103.34,1,5,1,10,0.1,30.0,99.9,1087.4175,0.0,0,0.0,0.0
107.0,B,RUNNING,104.34,1,5,1,10,0.1,30.0,99.9,1086.4175,0.0,0,0.0,0.0
108.0,B,RUNNING,105.34,1,5,1,10,0.1,30.0,99.9,1085.4175,0.0,0,0.0,0.0
109.0,B,RUNNING,106.34,1,5,1,10,0.1,30.0,99.9,1084.4175,0.0,0,0.0,0.0
110.0,B,RUNNING,107.34,1,5,1,10,0.1,30.0,99.9,1083.4175,0.0,0,0.0,0.0
111.0,B,RUNNING,108.34,1,5,1,10,0.1,30.0,99.9,1082.4175,0.0,0,0.0,0.0
112.0,B,RUNNING,109.34,1,5,1,10,0.1,30.0,99.9,1081.4175,0.0,0,0.0,0.0
113.0,B,RUNNING,110.34,1,5,1,10,0.1,30.0,99.9,1080.4175,0.0,0,0.0,0.0
114.0,B,RUNNING,111.34,1,5,1,10,0.1,30.0,99.9,1079.4175,0.0,0,0.0,0.0
115.0,B,RUNNING,112.34,1,5,1,10,0.1,30.0,99.9,1078.4175,0.0,0,0.0,0.0
116.0,B,RUNNING,113.34,1,5,1,10,0.1,30.0,99.9,1077.4175,0.0,0,0.0,0.0
117.0,B,RUNNING,114.34,1,5,1,10,0.1,30.0,99.9,1076.4175,0.0,0,0.0,0.0
118.0,B,RUNNING,115.34,1,5,1,10,0.1,30.0,99.9,1075.4175,0.0,0,0.0,0.0
119.0,B,RUNNING,116.34,1,5,1,10,0.1,30.0,99.9,1074.4175,0.0,0,0.0,0.0
120.0,B,RUNNING,117.34,1,5,1,10,0.1,30.0,99.9,1073.4175,0.0,0,0.0,0.0
121.0,B,RUNNING,118.34,1,5,1,10,0.1,30.0,99.9,1072.4175,0.0,0,0.0,0.0
122.0,B,RUNNING,119.34,1,5,1,10,0.1,30.0,99.9,1071.4175,0.0,0,0.0,0.0
123.0,B,RUNNING,120.34,1,5,1,10,0.1,30.0,99.9,1070.4175,0.0,0,0.0,0.0
124.0,B,RUNNING,121.34,1,5,1,10,0.1,30.0,99.9,1069.4175,0.0,0,0.0,0.0
125.0,B,RUNNING,122.34,1,5,1,10,0.1,30.0,99.9,1068.4175,0.0,0,0.0,0.0
126.0,B,RUNNING,123.34,1,5,1,10,0.1,30.0,99.9,1067.4175,0.0,0,0.0,0.0
127.0,B,RUNNING,124.34,1,5,1,10,0.1,30.0,99.9,1066.4175,0.0,0,0.0,0.0
128.0,B,RUNNING,125.34,1,5,1,10,0.1,30.0,99.9,1065.4175,0.0,0,0.0,0.0
129.0,B,RUNNING,126.34,1,5,1,10,0.1,30.0,99.9,1064.4175,0.0,0,0.0,0.0
130.0,B,RUNNING,127.34,1,5,1,10,0.1,30.0,99.9,1063.4175,0.0,0,0.0,0.0
131.0,B,RUNNING,128.34,1,5,1,10,0.1,30.0,99.9,1062.4175,0.0,0,0.0,0.0
132.0,B,RUNNING,129.34,1,5,1,10,0.1,30.0,99.9,1061.4175,0.0,0,0.0,0.0
133.0,B,RUNNING,130.34,1,5,1,10,0.1,30.0,99.9,1060.4175,0.0,0,0.0,0.0
134.0,B,RUNNING,131.34,1,5,1,10,0.1,30.0,99.9,1059.4175,0.0,0,0.0,0.0
135.0,B,RUNNING,132.34,1,5,1,10,0.1,30.0,99.9,1058.4175,0.0,0,0.0,0.0
136.0,B,RUNNING,133.34,1,5,1,10,0.1,30.0,99.9,1057.4175,0.0,0,0.0,0.0
137.0,B,RUNNING,134.34,1,5,1,10,0.1,30.0,99.9,1056.4175,0.0,0,0.0,0.0
138.0,B,RUNNING,135.34,1,5,1,10,0.1,30.0,99.9,1055.4175,0.0,0,0.0,0.0
139.0,B,RUNNING,136.34,1,5,1,10,0.1,30.0,99.9,1054.4175,0.0,0,0.0,0.0
140.0,B,RUNNING,137.34,1,5,1,10,0.1,30.0,99.9,1053.4175,0.0,0,0.0,0.0
141.0,B,RUNNING,138.34,1,5,1,10,0.1,30.0,99.9,1052.4175,0.0,0,0.0,0.0
142.0,B,RUNNING,139.34,1,5,1,10,0.1,30.0,99.9,1051.4175,0.0,0,0.0,0.0
143.0,B,RUNNING,140.34,1,5,1,10,0.1,30.0,99.9,1050.4175,0.0,0,0.0,0.0
144.0,B,RUNNING,141.34,1,5,1,10,0.1,30.0,99.9,1049.4175,0.0,0,0.0,0.0
145.0,B,RUNNING,142.34,1,5,1,10,0.1,30.0,99.9,1048.4175,0.0,0,0.0,0.0
146.0,B,RUNNING,143.34,1,5,1,10,0.1,30.0,99.9,1047.4175,0.0,0,0.0,0.0
147.0,B,RUNNING,144.34,1,5,1,10,0.1,30.0,99.9,1046.4175,0.0,0,0.0,0.0
148.0,B,RUNNING,145.34,1,5,1,10,0.1,30.0,99.9,1045.4175,0.0,0,0.0,0.0
149.0,B,RUNNING,146.34,1,5,1,10,0.1,30.0,99.9,1044.4175,0.0,0,0.0,0.0
150.0,B,RUNNING,147.34,1,5,1,10,0.1,30.0,99.9,1043.4175,0.0,0,0.0,0.0
151.0,B,RUNNING,148.34,1,5,1,10,0.1,30.0,99.9,1042.4175,0.0,0,0.0,0.0
152.0,B,RUNNING,149.34,1,5,1,10,0.1,30.0,99.9,1041.4175,0.0,0,0.0,0.0
153.0,B,RUNNING,150.34,1,5,1,10,0.1,30.0,99.9,1040.4175,0.0,0,0.0,0.0
154.0,B,RUNNING,151.34,1,5,1,10,0.1,30.0,99.9,1039.4175,0.0,0,0.0,0.0
155.0,B,RUNNING,152.34,1,5,1,10,0.1,30.0,99.9,1038.4175,0.0,0,0.0,0.0
156.0,B,RUNNING,153.34,1,5,1,10,0.1,30.0,99.9,1037.4175,0.0,0,0.0,0.0
157.0,B,RUNNING,154.34,1,5,1,10,0.1,30.0,99.9,1036.4175,0.0,0,0.0,0.0
158.0,B,RUNNING,155.34,1,5,1,10,0.1,30.0,99.9,1035.4175,0.0,0,0.0,0.0
159.0,B,RUNNING,156.34,1,5,1,10,0.1,30.0,99.9,1034.4175,0.0,0,0.0,0.0
160.0,B,RUNNING,157.34,1,5,1,10,0.1,30.0,99.9,1033.4175,0.0,0,0.0,0.0
161.0,B,RUNNING,158.34,1,5,1,10,0.1,30.0,99.9,1032.4175,0.0,0,0.0,0.0
162.0,B,RUNNING,159.34,1,5,1,10,0.1,30.0,99.9,1031.4175,0.0,0,0.0,0.0
163.0,B,RUNNING,160.34,1,5,1,10,0.1,30.0,99.9,1030.4175,0.0,0,0.0,0.0
164.0,B,RUNNING,161.34,1,5,1,10,0.1,30.0,99.9,1029.4175,0.0,0,0.0,0.0
165.0,B,RUNNING,162.34,1,5,1,10,0.1,30.0,99.9,1028.4175,0.0,0,0.0,0.0
166.0,B,RUNNING,163.34,1,5,1,10,0.1,30.0,99.9,1027.4175,0.0,0,0.0,0.0
167.0,B,RUNNING,164.34,1,5,1,10,0.1,30.0,99.9,1026.4175,0.0,0,0.0,0.0
168.0,B,RUNNING,165.34,1,5,1,10,0.1,30.0,99.9,1025.4175,0.0,0,0.0,0.0
169.0,B,RUNNING,166.34,1,5,1,10,0.1,30.0,99.9,1024.4175,0.0,0,0.0,0.0
170.0,B,RUNNING,167.34,1,5,1,10,0.1,30.0,99.9,1023.4175,0.0,0,0.0,0.0
171.0,B,RUNNING,168.34,1,5,1,10,0.1,30.0,99.9,1022.4175,0.0,0,0.0,0.0
172.0,B,RUNNING,169.34,1,5,1,10,0.1,30.0,99.9,1021.4175,0.0,0,0.0,0.0
173.0,B,RUNNING,170.34,1,5,1,10,0.1,30.0,99.9,1020.4175,0.0,0,0.0,0.0
174.0,B,RUNNING,171.34,1,5,1,10,0.1,30.0,99.9,1019.4175,0.0,0,0.0,0.0
175.0,B,RUNNING,172.34,1,5,1,10,0.1,30.0,99.9,1018.4175,0.0,0,0.0,0.0
176.0,B,RUNNING,173.34,1,5,1,10,0.1,30.0,99.9,1017.4175,0.0,0,0.0,0.0
177.0,B,RUNNING,174.34,1,5,1,10,0.1,30.0,99.9,1016.4175,0.0,0,0.0,0.0
178.0,B,RUNNING,175.34,1,5,1,10,0.1,30.0,99.9,1015.4175,0.0,0,0.0,0.0
179.0,B,RUNNING,176.34,1,5,1,10,0.1,30.0,99.9,1014.4175,0.0,0,0.0,0.0
180.0,B,RUNNING,177.34,1,5,1,10,0.1,30.0,99.9,1013.4175,0.0,0,0.0,0.0
181.0,B,RUNNING,178.34,1,5,1,10,0.1,30.0,99.9,1012.4175,0.0,0,0.0,0.0
182.0,B,RUNNING,179.34,1,5,1,10,0.1,30.0,99.9,1011.4175,0.0,0,0.0,0.0
183.0,B,RUNNING,180.34,1,5,1,10,0.1,30.0,99.9,1010.4175,0.0,0,0.0,0.0
184.0,B,RUNNING,181.34,1,5,1,10,0.1,30.0,99.9,1009.4175,0.0,0,0.0,0.0
185.0,B,RUNNING,182.34,1,5,1,10,0.1,30.0,99.9,1008.4175,0.0,0,0.0,0.0
186.0,B,RUNNING,183.34,1,5,1,10,0.1,30.0,99.9,1007.4175,0.0,0,0.0,0.0
187.0,B,RUNNING,184.34,1,5,1,10,0.1,30.0,99.9,1006.4175,0.0,0,0.0,0.0
188.0,B,RUNNING,185.34,1,5,1,10,0.1,30.0,99.9,1005.4175,0.0,0,0.0,0.0
189.0,B,RUNNING,186.34,1,5,1,10,0.1,30.0,99.9,1004.4175,0.0,0,0.0,0.0
190.0,B,RUNNING,187.34,1,5,1,10,0.1,30.0,99.9,1003.4175,0.0,0,0.0,0.0
191.0,B,RUNNING,188.34,1,5,1,10,0.1,30.0,99.9,1002.4175,0.0,0,0.0,0.0
192.0,B,RUNNING,189.34,1,5,1,10,0.1,30.0,99.9,1001.4175,0.0,0,0.0,0.0
193.0,B,RUNNING,190.34,1,5,1,10,0.1,30.0,99.9,1000.4175,0.0,0,0.0,0.0
194.0,B,RUNNING,191.34,1,5,1,10,0.1,30.0,99.9,999.4175,0.0,0,0.0,0.0
195.0,B,RUNNING,192.34,1,5,1,10,0.1,30.0,99.9,998.4175,0.0,0,0.0,0.0
196.0,B,RUNNING,193.34,1,5,1,10,0.1,30.0,99.9,997.4175,0.0,0,0.0,0.0
197.0,B,RUNNING,194.34,1,5,1,10,0.1,30.0,99.9,996.4175,0.0,0,0.0,0.0
198.0,B,RUNNING,195.34,1,5,1,10,0.1,30.0,99.9,995.4175,0.0,0,0.0,0.0
199.0,B,RUNNING,196.34,1,5,1,10,0.1,30.0,99.9,994.4175,0.0,0,0.0,0.0
200.0,B,RUNNING,197.34,1,5,1,10,0.1,30.0,99.9,993.4175,0.0,0,0.0,0.0
201.0,B,RUNNING,198.34,1,5,1,10,0.1,30.0,99.9,992.4175,0.0,0,0.0,0.0
202.0,B,RUNNING,199.34,1,5,1,10,0.1,30.0,99.9,991.4175,0.0,0,0.0,0.0
203.0,B,RUNNING,200.34,1,5,1,10,0.1,30.0,99.9,990.4175,0.0,0,0.0,0.0
204.0,B,RUNNING,201.34,1,5,1,10,0.1,30.0,99.9,989.4175,0.0,0,0.0,0.0
205.0,B,RUNNING,202.34,1,5,1,10,0.1,30.0,99.9,988.4175,0.0,0,0.0,0.0
206.0,B,RUNNING,203.34,1,5,1,10,0.1,30.0,99.9,987.4175,0.0,0,0.0,0.0
207.0,B,RUNNING,204.34,1,5,1,10,0.1,30.0,99.9,986.4175,0.0,0,0.0,0.0
208.0,B,RUNNING,205.34,1,5,1,10,0.1,30.0,99.9,985.4175,0.0,0,0.0,0.0
209.0,B,RUNNING,206.34,1,5,1,10,0.1,30.0,99.9,984.4175,0.0,0,0.0,0.0
210.0,B,RUNNING,207.34,1,5,1,10,0.1,30.0,99.9,983.4175,0.0,0,0.0,0.0
211.0,B,RUNNING,208.34,1,5,1,10,0.1,30.0,99.9,982.4175,0.0,0,0.0,0.0
212.0,B,RUNNING,209.34,1,5,1,10,0.1,30.0,99.9,981.4175,0.0,0,0.0,0.0
213.0,B,RUNNING,210.34,1,5,1,10,0.1,30.0,99.9,980.4175,0.0,0,0.0,0.0
214.0,B,RUNNING,211.34,1,5,1,10,0.1,30.0,99.9,979.4175,0.0,0,0.0,0.0
215.0,B,RUNNING,212.34,1,5,1,10,0.1,30.0,99.9,978.4175,0.0,0,0.0,0.0
216.0,B,RUNNING,213.34,1,5,1,10,0.1,30.0,99.9,977.4175,0.0,0,0.0,0.0
217.0,B,RUNNING,214.34,1,5,1,10,0.1,30.0,99.9,976.4175,0.0,0,0.0,0.0
218.0,B,RUNNING,215.34,1,5,1,10,0.1,30.0,99.9,975.4175,0.0,0,0.0,0.0
219.0,B,RUNNING,216.34,1,5,1,10,0.1,30.0,99.9,974.4175,0.0,0,0.0,0.0
220.0,B,RUNNING,217.34,1,5,1,10,0.1,30.0,99.9,973.4175,0.0,0,0.0,0.0
221.0,B,RUNNING,218.34,1,5,1,10,0.1,30.0,99.9,972.4175,0.0,0,0.0,0.0
222.0,B,RUNNING,219.34,1,5,1,10,0.1,30.0,99.9,971.4175,0.0,0,0.0,0.0
223.0,B,RUNNING,220.34,1,5,1,10,0.1,30.0,99.9,970.4175,0.0,0,0.0,0.0
224.0,B,RUNNING,221.34,1,5,1,10,0.1,30.0,99.9,969.4175,0.0,0,0.0,0.0
225.0,B,RUNNING,222.34,1,5,1,10,0.1,30.0,99.9,968.4175,0.0,0,0.0,0.0
226.0,B,RUNNING,223.34,1,5,1,10,0.1,30.0,99.9,967.4175,0.0,0,0.0,0.0
227.0,B,RUNNING,224.34,1,5,1,10,0.1,30.0,99.9,966.4175,0.0,0,0.0,0.0
228.0,B,RUNNING,225.34,1,5,1,10,0.1,30.0,99.9,965.4175,0.0,0,0.0,0.0
229.0,B,RUNNING,226.34,1,5,1,10,0.1,30.0,99.9,964.4175,0.0,0,0.0,0.0
230.0,B,RUNNING,227.34,1,5,1,10,0.1,30.0,99.9,963.4175,0.0,0,0.0,0.0
231.0,B,RUNNING,228.34,1,5,1,10,0.1,30.0,99.9,962.4175,0.0,0,0.0,0.0
232.0,B,RUNNING,229.34,1,5,1,10,0.1,30.0,99.9,961.4175,0.0,0,0.0,0.0
233.0,B,RUNNING,230.34,1,5,1,10,0.1,30.0,99.9,960.4175,0.0,0,0.0,0.0
234.0,B,RUNNING,231.34,2,5,2,10,0.2,30.0,99.8,962.5696,0.0,0,0.0,0.0
235.0,B,RUNNING,232.34,2,5,2,10,0.2,30.0,99.8,961.5696,0.0,0,0.0,0.0
236.0,B,RUNNING,233.34,2,5,2,10,0.2,30.0,99.8,960.5696,0.0,0,0.0,0.0
237.0,B,RUNNING,234.34,2,5,2,10,0.2,30.0,99.8,959.5696,0.0,0,0.0,0.0
238.0,B,RUNNING,235.34,2,5,2,10,0.2,30.0,99.8,958.5696,0.0,0,0.0,0.0
239.0,B,RUNNING,236.34,2,5,2,10,0.2,30.0,99.8,957.5696,0.0,0,0.0,0.0
240.0,B,RUNNING,237.34,2,5,2,10,0.2,30.0,99.8,956.5696,0.0,0,0.0,0.0
241.0,B,RUNNING,238.34,2,5,2,10,0.2,30.0,99.8,955.5696,0.0,0,0.0,0.0
242.0,B,RUNNING,239.34,2,5,2,10,0.2,30.0,99.8,954.5696,0.0,0,0.0,0.0
243.0,B,RUNNING,240.34,2,5,2,10,0.2,30.0,99.8,953.5696,0.0,0,0.0,0.0
244.0,B,RUNNING,241.34,2,5,2,10,0.2,30.0,99.8,952.5696,0.0,0,0.0,0.0
245.0,B,RUNNING,242.34,2,5,2,10,0.2,30.0,99.8,951.5696,0.0,0,0.0,0.0
246.0,B,RUNNING,243.34,2,5,2,10,0.2,30.0,99.8,950.5696,0.0,0,0.0,0.0
247.0,B,RUNNING,244.34,2,5,2,10,0.2,30.0,99.8,949.5696,0.0,0,0.0,0.0
248.0,B,RUNNING,245.34,2,5,2,10,0.2,30.0,99.8,948.5696,0.0,0,0.0,0.0
249.0,B,RUNNING,246.34,2,5,2,10,0.2,30.0,99.8,947.5696,0.0,0,0.0,0.0
250.0,B,RUNNING,247.34,2,5,2,10,0.2,30.0,99.8,946.5696,0.0,0,0.0,0.0
251.0,B,RUNNING,248.34,2,5,2,10,0.2,30.0,99.8,945.5696,0.0,0,0.0,0.0
252.0,B,RUNNING,249.34,2,5,2,10,0.2,30.0,99.8,944.5696,0.0,0,0.0,0.0
253.0,B,RUNNING,250.34,2,5,2,10,0.2,30.0,99.8,943.5696,0.0,0,0.0,0.0
254.0,B,RUNNING,251.34,2,5,2,10,0.2,30.0,99.8,942.5696,0.0,0,0.0,0.0
255.0,B,RUNNING,252.34,2,5,2,10,0.2,30.0,99.8,941.5696,0.0,0,0.0,0.0
256.0,B,RUNNING,253.34,2,5,2,10,0.2,30.0,99.8,940.5696,0.0,0,0.0,0.0
257.0,B,RUNNING,254.34,2,5,2,10,0.2,30.0,99.8,939.5696,0.0,0,0.0,0.0
258.0,B,RUNNING,255.34,2,5,2,10,0.2,30.0,99.8,938.5696,0.0,0,0.0,0.0
259.0,B,RUNNING,256.34,2,5,2,10,0.2,30.0,99.8,937.5696,0.0,0,0.0,0.0
260.0,B,RUNNING,257.34,2,5,2,10,0.2,30.0,99.8,936.5696,0.0,0,0.0,0.0
261.0,B,RUNNING,258.34,2,5,2,10,0.2,30.0,99.8,935.5696,0.0,0,0.0,0.0
262.0,B,RUNNING,259.34,2,5,2,10,0.2,30.0,99.8,934.5696,0.0,0,0.0,0.0
263.0,B,RUNNING,260.34,2,5,2,10,0.2,30.0,99.8,933.5696,0.0,0,0.0,0.0
264.0,B,RUNNING,261.34,2,5,2,10,0.2,30.0,99.8,932.5696,0.0,0,0.0,0.0
265.0,B,RUNNING,262.34,2,5,2,10,0.2,30.0,99.8,931.5696,0.0,0,0.0,0.0
266.0,B,RUNNING,263.34,2,5,2,10,0.2,30.0,99.8,930.5696,0.0,0,0.0,0.0
267.0,B,RUNNING,264.34,2,5,2,10,0.2,30.0,99.8,929.5696,0.0,0,0.0,0.0
268.0,B,RUNNING,265.34,2,5,2,10,0.2,30.0,99.8,928.5696,0.0,0,0.0,0.0
269.0,B,RUNNING,266.34,2,5,2,10,0.2,30.0,99.8,927.5696,0.0,0,0.0,0.0
270.0,B,RUNNING,267.34,2,5,2,10,0.2,30.0,99.8,926.5696,0.0,0,0.0,0.0
271.0,B,RUNNING,268.34,2,5,2,10,0.2,30.0,99.8,925.5696,0.0,0,0.0,0.0
272.0,B,RUNNING,269.34,2,5,2,10,0.2,30.0,99.8,924.5696,0.0,0,0.0,0.0
273.0,B,RUNNING,270.34,2,5,2,10,0.2,30.0,99.8,923.5696,0.0,0,0.0,0.0
274.0,B,RUNNING,271.34,2,5,2,10,0.2,30.0,99.8,922.5696,0.0,0,0.0,0.0
275.0,B,RUNNING,272.34,2,5,2,10,0.2,30.0,99.8,921.5696,0.0,0,0.0,0.0
276.0,B,RUNNING,273.34,2,5,2,10,0.2,30.0,99.8,920.5696,0.0,0,0.0,0.0
277.0,B,RUNNING,274.34,2,5,2,10,0.2,30.0,99.8,919.5696,0.0,0,0.0,0.0
278.0,B,RUNNING,275.34,2,5,2,10,0.2,30.0,99.8,918.5696,0.0,0,0.0,0.0
279.0,B,RUNNING,276.34,2,5,2,10,0.2,30.0,99.8,917.5696,0.0,0,0.0,0.0
280.0,B,RUNNING,277.34,2,5,2,10,0.2,30.0,99.8,916.5696,0.0,0,0.0,0.0
281.0,B,RUNNING,278.34,2,5,2,10,0.2,30.0,99.8,915.5696,0.0,0,0.0,0.0
282.0,B,RUNNING,279.34,2,5,2,10,0.2,30.0,99.8,914.5696,0.0,0,0.0,0.0
283.0,B,RUNNING,280.34,2,5,2,10,0.2,30.0,99.8,913.5696,0.0,0,0.0,0.0
284.0,B,RUNNING,281.34,2,5,2,10,0.2,30.0,99.8,912.5696,0.0,0,0.0,0.0
285.0,B,RUNNING,282.34,2,5,2,10,0.2,30.0,99.8,911.5696,0.0,0,0.0,0.0
286.0,B,RUNNING,283.34,2,5,2,10,0.2,30.0,99.8,910.5696,0.0,0,0.0,0.0
287.0,B,RUNNING,284.34,2,5,2,10,0.2,30.0,99.8,909.5696,0.0,0,0.0,0.0
288.0,B,RUNNING,285.34,2,5,2,10,0.2,30.0,99.8,908.5696,0.0,0,0.0,0.0
289.0,B,RUNNING,286.34,2,5,2,10,0.2,30.0,99.8,907.5696,0.0,0,0.0,0.0
290.0,B,RUNNING,287.34,2,5,2,10,0.2,30.0,99.8,906.5696,0.0,0,0.0,0.0
291.0,B,RUNNING,288.34,2,5,2,10,0.2,30.0,99.8,905.5696,0.0,0,0.0,0.0
292.0,B,RUNNING,289.34,2,5,2,10,0.2,30.0,99.8,904.5696,0.0,0,0.0,0.0
293.0,B,RUNNING,290.34,2,5,2,10,0.2,30.0,99.8,903.5696,0.0,0,0.0,0.0
294.0,B,RUNNING,291.34,2,5,2,10,0.2,30.0,99.8,902.5696,0.0,0,0.0,0.0
295.0,B,RUNNING,292.34,2,5,2,10,0.2,30.0,99.8,901.5696,0.0,0,0.0,0.0
296.0,B,RUNNING,293.34,2,5,2,10,0.2,30.0,99.8,900.5696,0.0,0,0.0,0.0
297.0,B,RUNNING,294.34,2,5,2,10,0.2,30.0,99.8,899.5696,0.0,0,0.0,0.0
298.0,B,RUNNING,295.34,2,5,2,10,0.2,30.0,99.8,898.5696,0.0,0,0.0,0.0
299.0,B,RUNNING,296.34,2,5,2,10,0.2,30.0,99.8,897.5696,0.0,0,0.0,0.0
300.0,B,RUNNING,297.34,2,5,2,10,0.2,30.0,99.8,896.5696,0.0,0,0.0,0.0
301.0,B,RUNNING,298.34,2,5,2,10,0.2,30.0,99.8,895.5696,0.0,0,0.0,0.0
302.0,B,RUNNING,299.34,2,5,2,10,0.2,30.0,99.8,894.5696,0.0,0,0.0,0.0
303.0,B,RUNNING,300.34,2,5,2,10,0.2,30.0,99.8,893.5696,0.0,0,0.0,0.0
304.0,B,RUNNING,301.34,2,5,2,10,0.2,30.0,99.8,892.5696,0.0,0,0.0,0.0
305.0,B,RUNNING,302.34,2,5,2,10,0.2,30.0,99.8,891.5696,0.0,0,0.0,0.0
306.0,B,RUNNING,303.34,2,5,2,10,0.2,30.0,99.8,890.5696,0.0,0,0.0,0.0
307.0,B,RUNNING,304.34,2,5,2,10,0.2,30.0,99.8,889.5696,0.0,0,0.0,0.0
308.0,B,RUNNING,305.34,2,5,2,10,0.2,30.0,99.8,888.5696,0.0,0,0.0,0.0
309.0,B,RUNNING,306.34,2,5,2,10,0.2,30.0,99.8,887.5696,0.0,0,0.0,0.0
310.0,B,RUNNING,307.34,2,5,2,10,0.2,30.0,99.8,886.5696,0.0,0,0.0,0.0
311.0,B,RUNNING,308.34,2,5,2,10,0.2,30.0,99.8,885.5696,0.0,0,0.0,0.0
312.0,B,RUNNING,309.34,2,5,2,10,0.2,30.0,99.8,884.5696,0.0,0,0.0,0.0
313.0,B,RUNNING,310.34,2,5,2,10,0.2,30.0,99.8,883.5696,0.0,0,0.0,0.0
314.0,B,RUNNING,311.34,2,5,2,10,0.2,30.0,99.8,882.5696,0.0,0,0.0,0.0
315.0,B,RUNNING,312.34,2,5,2,10,0.2,30.0,99.8,881.5696,0.0,0,0.0,0.0
316.0,B,RUNNING,313.34,2,5,2,10,0.2,30.0,99.8,880.5696,0.0,0,0.0,0.0
317.0,B,RUNNING,314.34,2,5,2,10,0.2,30.0,99.8,879.5696,0.0,0,0.0,0.0
318.0,B,RUNNING,315.34,2,5,2,10,0.2,30.0,99.8,878.5696,0.0,0,0.0,0.0
319.0,B,RUNNING,316.34,2,5,2,10,0.2,30.0,99.8,877.5696,0.0,0,0.0,0.0
320.0,B,RUNNING,317.34,2,5,2,10,0.2,30.0,99.8,876.5696,0.0,0,0.0,0.0
321.0,B,RUNNING,318.34,2,5,2,10,0.2,30.0,99.8,875.5696,0.0,0,0.0,0.0
322.0,B,RUNNING,319.34,2,5,2,10,0.2,30.0,99.8,874.5696,0.0,0,0.0,0.0
323.0,B,RUNNING,320.34,2,5,2,10,0.2,30.0,99.8,873.5696,0.0,0,0.0,0.0
324.0,B,RUNNING,321.34,2,5,2,10,0.2,30.0,99.8,872.5696,0.0,0,0.0,0.0
325.0,B,RUNNING,322.34,2,5,2,10,0.2,30.0,99.8,871.5696,0.0,0,0.0,0.0
326.0,B,RUNNING,323.34,2,5,2,10,0.2,30.0,99.8,870.5696,0.0,0,0.0,0.0
327.0,B,RUNNING,324.34,2,5,2,10,0.2,30.0,99.8,869.5696,0.0,0,0.0,0.0
328.0,B,RUNNING,325.34,2,5,2,10,0.2,30.0,99.8,868.5696,0.0,0,0.0,0.0
329.0,B,RUNNING,326.34,2,5,2,10,0.2,30.0,99.8,867.5696,0.0,0,0.0,0.0
330.0,B,RUNNING,327.34,2,5,2,10,0.2,30.0,99.8,866.5696,0.0,0,0.0,0.0
331.0,B,RUNNING,328.34,2,5,2,10,0.2,30.0,99.8,865.5696,0.0,0,0.0,0.0
332.0,B,RUNNING,329.34,2,5,2,10,0.2,30.0,99.8,864.5696,0.0,0,0.0,0.0
333.0,B,RUNNING,330.34,2,5,2,10,0.2,30.0,99.8,863.5696,0.0,0,0.0,0.0
334.0,B,RUNNING,331.34,2,5,2,10,0.2,30.0,99.8,862.5696,0.0,0,0.0,0.0
335.0,B,RUNNING,332.34,2,5,2,10,0.2,30.0,99.8,861.5696,0.0,0,0.0,0.0
336.0,B,RUNNING,333.34,2,5,2,10,0.2,30.0,99.8,860.5696,0.0,0,0.0,0.0
337.0,B,RUNNING,334.34,2,5,2,10,0.2,30.0,99.8,859.5696,0.0,0,0.0,0.0
338.0,B,RUNNING,335.34,2,5,2,10,0.2,30.0,99.8,858.5696,0.0,0,0.0,0.0
339.0,B,RUNNING,336.34,2,5,2,10,0.2,30.0,99.8,857.5696,0.0,0,0.0,0.0
340.0,B,RUNNING,337.34,2,5,2,10,0.2,30.0,99.8,856.5696,0.0,0,0.0,0.0
341.0,B,RUNNING,338.34,2,5,2,10,0.2,30.0,99.8,855.5696,0.0,0,0.0,0.0
342.0,B,RUNNING,339.34,2,5,2,10,0.2,30.0,99.8,854.5696,0.0,0,0.0,0.0
343.0,B,RUNNING,340.34,2,5,2,10,0.2,30.0,99.8,853.5696,0.0,0,0.0,0.0
344.0,B,RUNNING,341.34,2,5,2,10,0.2,30.0,99.8,852.5696,0.0,0,0.0,0.0
345.0,B,RUNNING,342.34,2,5,2,10,0.2,30.0,99.8,851.5696,0.0,0,0.0,0.0
346.0,B,RUNNING,343.34,2,5,2,10,0.2,30.0,99.8,850.5696,0.0,0,0.0,0.0
347.0,B,RUNNING,344.34,2,5,2,10,0.2,30.0,99.8,849.5696,0.0,0,0.0,0.0
348.0,B,RUNNING,345.34,2,5,2,10,0.2,30.0,99.8,848.5696,0.0,0,0.0,0.0
349.0,B,RUNNING,346.34,2,5,2,10,0.2,30.0,99.8,847.5696,0.0,0,0.0,0.0
350.0,B,RUNNING,347.34,2,5,2,10,0.2,30.0,99.8,846.5696,0.0,0,0.0,0.0
351.0,B,RUNNING,348.34,2,5,2,10,0.2,30.0,99.8,845.5696,0.0,0,0.0,0.0
352.0,B,RUNNING,349.34,2,5,2,10,0.2,30.0,99.8,844.5696,0.0,0,0.0,0.0
353.0,B,RUNNING,350.34,2,5,2,10,0.2,30.0,99.8,843.5696,0.0,0,0.0,0.0
354.0,B,RUNNING,351.34,2,5,2,10,0.2,30.0,99.8,842.5696,0.0,0,0.0,0.0
355.0,B,RUNNING,352.34,2,5,2,10,0.2,30.0,99.8,841.5696,0.0,0,0.0,0.0
356.0,B,RUNNING,353.34,2,5,2,10,0.2,30.0,99.8,840.5696,0.0,0,0.0,0.0
357.0,B,RUNNING,354.34,3,5,3,10,0.3,30.0,99.7,829.177,0.0,0,0.0,0.0
358.0,B,RUNNING,355.34,3,5,3,10,0.3,30.0,99.7,828.177,0.0,0,0.0,0.0
359.0,B,RUNNING,356.34,3,5,3,10,0.3,30.0,99.7,827.177,0.0,0,0.0,0.0
360.0,B,RUNNING,357.34,3,5,3,10,0.3,30.0,99.7,826.177,0.0,0,0.0,0.0
361.0,B,RUNNING,358.34,3,5,3,10,0.3,30.0,99.7,825.177,0.0,0,0.0,0.0
362.0,B,RUNNING,359.34,3,5,3,10,0.3,30.0,99.7,824.177,0.0,0,0.0,0.0
363.0,B,RUNNING,360.34,3,5,3,10,0.3,30.0,99.7,823.177,0.0,0,0.0,0.0
364.0,B,RUNNING,361.34,3,5,3,10,0.3,30.0,99.7,822.177,0.0,0,0.0,0.0
365.0,B,RUNNING,362.34,3,5,3,10,0.3,30.0,99.7,821.177,0.0,0,0.0,0.0
366.0,B,RUNNING,363.34,3,5,3,10,0.3,30.0,99.7,820.177,0.0,0,0.0,0.0
367.0,B,RUNNING,364.34,3,5,3,10,0.3,30.0,99.7,819.177,0.0,0,0.0,0.0
368.0,B,RUNNING,365.34,3,5,3,10,0.3,30.0,99.7,818.177,0.0,0,0.0,0.0
369.0,B,RUNNING,366.34,3,5,3,10,0.3,30.0,99.7,817.177,0.0,0,0.0,0.0
370.0,B,RUNNING,367.34,3,5,3,10,0.3,30.0,99.7,816.177,0.0,0,0.0,0.0
371.0,B,RUNNING,368.34,3,5,3,10,0.3,30.0,99.7,815.177,0.0,0,0.0,0.0
372.0,B,RUNNING,369.34,3,5,3,10,0.3,30.0,99.7,814.177,0.0,0,0.0,0.0
373.0,B,RUNNING,370.34,3,5,3,10,0.3,30.0,99.7,813.177,0.0,0,0.0,0.0
374.0,B,RUNNING,371.34,3,5,3,10,0.3,30.0,99.7,812.177,0.0,0,0.0,0.0
375.0,B,RUNNING,372.34,3,5,3,10,0.3,30.0,99.7,811.177,0.0,0,0.0,0.0
376.0,B,RUNNING,373.34,3,5,3,10,0.3,30.0,99.7,810.177,0.0,0,0.0,0.0
377.0,B,RUNNING,374.34,3,5,3,10,0.3,30.0,99.7,809.177,0.0,0,0.0,0.0
378.0,B,RUNNING,375.34,3,5,3,10,0.3,30.0,99.7,808.177,0.0,0,0.0,0.0
379.0,B,RUNNING,376.34,3,5,3,10,0.3,30.0,99.7,807.177,0.0,0,0.0,0.0
380.0,B,RUNNING,377.34,3,5,3,10,0.3,30.0,99.7,806.177,0.0,0,0.0,0.0
381.0,B,RUNNING,378.34,3,5,3,10,0.3,30.0,99.7,805.177,0.0,0,0.0,0.0
382.0,B,RUNNING,379.34,3,5,3,10,0.3,30.0,99.7,804.177,0.0,0,0.0,0.0
383.0,B,RUNNING,380.34,3,5,3,10,0.3,30.0,99.7,803.177,0.0,0,0.0,0.0
384.0,B,RUNNING,381.34,3,5,3,10,0.3,30.0,99.7,802.177,0.0,0,0.0,0.0
385.0,B,RUNNING,382.34,3,5,3,10,0.3,30.0,99.7,801.177,0.0,0,0.0,0.0
386.0,B,RUNNING,383.34,3,5,3,10,0.3,30.0,99.7,800.177,0.0,0,0.0,0.0
387.0,B,RUNNING,384.34,3,5,3,10,0.3,30.0,99.7,799.177,0.0,0,0.0,0.0
388.0,B,RUNNING,385.34,3,5,3,10,0.3,30.0,99.7,798.177,0.0,0,0.0,0.0
389.0,B,RUNNING,386.34,3,5,3,10,0.3,30.0,99.7,797.177,0.0,0,0.0,0.0
390.0,B,RUNNING,387.34,3,5,3,10,0.3,30.0,99.7,796.177,0.0,0,0.0,0.0
391.0,B,RUNNING,388.34,3,5,3,10,0.3,30.0,99.7,795.177,0.0,0,0.0,0.0
392.0,B,RUNNING,389.34,3,5,3,10,0.3,30.0,99.7,794.177,0.0,0,0.0,0.0
393.0,B,RUNNING,390.34,3,5,3,10,0.3,30.0,99.7,793.177,0.0,0,0.0,0.0
394.0,B,RUNNING,391.34,3,5,3,10,0.3,30.0,99.7,792.177,0.0,0,0.0,0.0
395.0,B,RUNNING,392.34,3,5,3,10,0.3,30.0,99.7,791.177,0.0,0,0.0,0.0
396.0,B,RUNNING,393.34,3,5,3,10,0.3,30.0,99.7,790.177,0.0,0,0.0,0.0
397.0,B,RUNNING,394.34,3,5,3,10,0.3,30.0,99.7,789.177,0.0,0,0.0,0.0
398.0,B,RUNNING,395.34,3,5,3,10,0.3,30.0,99.7,788.177,0.0,0,0.0,0.0
399.0,B,RUNNING,396.34,3,5,3,10,0.3,30.0,99.7,787.177,0.0,0,0.0,0.0
400.0,B,RUNNING,397.34,3,5,3,10,0.3,30.0,99.7,786.177,0.0,0,0.0,0.0
401.0,B,RUNNING,398.34,3,5,3,10,0.3,30.0,99.7,785.177,0.0,0,0.0,0.0
402.0,B,RUNNING,399.34,3,5,3,10,0.3,30.0,99.7,784.177,0.0,0,0.0,0.0
403.0,B,RUNNING,400.34,3,5,3,10,0.3,30.0,99.7,783.177,0.0,0,0.0,0.0
404.0,B,RUNNING,401.34,3,5,3,10,0.3,30.0,99.7,782.177,0.0,0,0.0,0.0
405.0,B,RUNNING,402.34,3,5,3,10,0.3,30.0,99.7,781.177,0.0,0,0.0,0.0
406.0,B,RUNNING,403.34,3,5,3,10,0.3,30.0,99.7,780.177,0.0,0,0.0,0.0
407.0,B,RUNNING,404.34,3,5,3,10,0.3,30.0,99.7,779.177,0.0,0,0.0,0.0
408.0,B,RUNNING,405.34,3,5,3,10,0.3,30.0,99.7,778.177,0.0,0,0.0,0.0
409.0,B,RUNNING,406.34,3,5,3,10,0.3,30.0,99.7,777.177,0.0,0,0.0,0.0
410.0,B,RUNNING,407.34,3,5,3,10,0.3,30.0,99.7,776.177,0.0,0,0.0,0.0
411.0,B,RUNNING,408.34,3,5,3,10,0.3,30.0,99.7,775.177,0.0,0,0.0,0.0
412.0,B,RUNNING,409.34,3,5,3,10,0.3,30.0,99.7,774.177,0.0,0,0.0,0.0
413.0,B,RUNNING,410.34,3,5,3,10,0.3,30.0,99.7,773.177,0.0,0,0.0,0.0
414.0,B,RUNNING,411.34,3,5,3,10,0.3,30.0,99.7,772.177,0.0,0,0.0,0.0
415.0,B,RUNNING,412.34,3,5,3,10,0.3,30.0,99.7,771.177,0.0,0,0.0,0.0
416.0,B,RUNNING,413.34,3,5,3,10,0.3,30.0,99.7,770.177,0.0,0,0.0,0.0
417.0,B,RUNNING,414.34,3,5,3,10,0.3,30.0,99.7,769.177,0.0,0,0.0,0.0
418.0,B,RUNNING,415.34,3,5,3,10,0.3,30.0,99.7,768.177,0.0,0,0.0,0.0
419.0,B,RUNNING,416.34,3,5,3,10,0.3,30.0,99.7,767.177,0.0,0,0.0,0.0
420.0,B,RUNNING,417.34,3,5,3,10,0.3,30.0,99.7,766.177,0.0,0,0.0,0.0
421.0,B,RUNNING,418.34,3,5,3,10,0.3,30.0,99.7,765.177,0.0,0,0.0,0.0
422.0,B,RUNNING,419.34,3,5,3,10,0.3,30.0,99.7,764.177,0.0,0,0.0,0.0
423.0,B,RUNNING,420.34,3,5,3,10,0.3,30.0,99.7,763.177,0.0,0,0.0,0.0
424.0,B,RUNNING,421.34,3,5,3,10,0.3,30.0,99.7,762.177,0.0,0,0.0,0.0
425.0,B,RUNNING,422.34,3,5,3,10,0.3,30.0,99.7,761.177,0.0,0,0.0,0.0
426.0,B,RUNNING,423.34,3,5,3,10,0.3,30.0,99.7,760.177,0.0,0,0.0,0.0
427.0,B,RUNNING,424.34,3,5,3,10,0.3,30.0,99.7,759.177,0.0,0,0.0,0.0
428.0,B,RUNNING,425.34,3,5,3,10,0.3,30.0,99.7,758.177,0.0,0,0.0,0.0
429.0,B,RUNNING,426.34,3,5,3,10,0.3,30.0,99.7,757.177,0.0,0,0.0,0.0
430.0,B,RUNNING,427.34,3,5,3,10,0.3,30.0,99.7,756.177,0.0,0,0.0,0.0
431.0,B,RUNNING,428.34,3,5,3,10,0.3,30.0,99.7,755.177,0.0,0,0.0,0.0
432.0,B,RUNNING,429.34,3,5,3,10,0.3,30.0,99.7,754.177,0.0,0,0.0,0.0
433.0,B,RUNNING,430.34,3,5,3,10,0.3,30.0,99.7,753.177,0.0,0,0.0,0.0
434.0,B,RUNNING,431.34,3,5,3,10,0.3,30.0,99.7,752.177,0.0,0,0.0,0.0
435.0,B,RUNNING,432.34,3,5,3,10,0.3,30.0,99.7,751.177,0.0,0,0.0,0.0
436.0,B,RUNNING,433.34,3,5,3,10,0.3,30.0,99.7,750.177,0.0,0,0.0,0.0
437.0,B,RUNNING,434.34,3,5,3,10,0.3,30.0,99.7,749.177,0.0,0,0.0,0.0
438.0,B,RUNNING,435.34,3,5,3,10,0.3,30.0,99.7,748.177,0.0,0,0.0,0.0
439.0,B,RUNNING,436.34,3,5,3,10,0.3,30.0,99.7,747.177,0.0,0,0.0,0.0
440.0,B,RUNNING,437.34,3,5,3,10,0.3,30.0,99.7,746.177,0.0,0,0.0,0.0
441.0,B,RUNNING,438.34,3,5,3,10,0.3,30.0,99.7,745.177,0.0,0,0.0,0.0
442.0,B,RUNNING,439.34,3,5,3,10,0.3,30.0,99.7,744.177,0.0,0,0.0,0.0
443.0,B,RUNNING,440.34,3,5,3,10,0.3,30.0,99.7,743.177,0.0,0,0.0,0.0
444.0,B,RUNNING,441.34,3,5,3,10,0.3,30.0,99.7,742.177,0.0,0,0.0,0.0
445.0,B,RUNNING,442.34,3,5,3,10,0.3,30.0,99.7,741.177,0.0,0,0.0,0.0
446.0,B,RUNNING,443.34,3,5,3,10,0.3,30.0,99.7,740.177,0.0,0,0.0,0.0
447.0,B,RUNNING,444.34,3,5,3,10,0.3,30.0,99.7,739.177,0.0,0,0.0,0.0
448.02,B,RUNNING,445.364,3,5,3,10,0.3,30.0,99.7,738.153,0.0,0,0.0,0.0
449.0,B,RUNNING,446.34,3,5,3,10,0.3,30.0,99.7,737.177,0.0,0,0.0,0.0
450.0,B,RUNNING,447.34,3,5,3,10,0.3,30.0,99.7,736.177,0.0,0,0.0,0.0
451.0,B,RUNNING,448.34,3,5,3,10,0.3,30.0,99.7,735.177,0.0,0,0.0,0.0
452.0,B,RUNNING,449.34,3,5,3,10,0.3,30.0,99.7,734.177,0.0,0,0.0,0.0
453.0,B,RUNNING,450.34,3,5,3,10,0.3,30.0,99.7,733.177,0.0,0,0.0,0.0
454.0,B,RUNNING,451.34,3,5,3,10,0.3,30.0,99.7,732.177,0.0,0,0.0,0.0
455.0,B,RUNNING,452.34,3,5,3,10,0.3,30.0,99.7,731.177,0.0,0,0.0,0.0
456.0,B,RUNNING,453.34,3,5,3,10,0.3,30.0,99.7,730.177,0.0,0,0.0,0.0
457.0,B,RUNNING,454.34,3,5,3,10,0.3,30.0,99.7,729.177,0.0,0,0.0,0.0
458.0,B,RUNNING,455.34,3,5,3,10,0.3,30.0,99.7,728.177,0.0,0,0.0,0.0
459.0,B,RUNNING,456.34,3,5,3,10,0.3,30.0,99.7,727.177,0.0,0,0.0,0.0
460.0,B,RUNNING,457.34,3,5,3,10,0.3,30.0,99.7,726.177,0.0,0,0.0,0.0
461.0,B,RUNNING,458.34,3,5,3,10,0.3,30.0,99.7,725.177,0.0,0,0.0,0.0
462.0,B,RUNNING,459.34,3,5,3,10,0.3,30.0,99.7,724.177,0.0,0,0.0,0.0
463.0,B,RUNNING,460.34,3,5,3,10,0.3,30.0,99.7,723.177,0.0,0,0.0,0.0
464.0,B,RUNNING,461.34,3,5,3,10,0.3,30.0,99.7,722.177,0.0,0,0.0,0.0
465.0,B,RUNNING,462.34,3,5,3,10,0.3,30.0,99.7,721.177,0.0,0,0.0,0.0
466.0,B,RUNNING,463.34,3,5,3,10,0.3,30.0,99.7,720.177,0.0,0,0.0,0.0
467.0,B,RUNNING,464.34,4,5,4,10,0.4,30.0,99.6,721.1503,0.0,0,0.0,0.0
468.0,B,RUNNING,465.34,4,5,4,10,0.4,30.0,99.6,720.1503,0.0,0,0.0,0.0
469.0,B,RUNNING,466.34,4,5,4,10,0.4,30.0,99.6,719.1503,0.0,0,0.0,0.0
470.0,B,RUNNING,467.34,4,5,4,10,0.4,30.0,99.6,718.1503,0.0,0,0.0,0.0
471.0,B,RUNNING,468.34,4,5,4,10,0.4,30.0,99.6,717.1503,0.0,0,0.0,0.0
472.0,B,RUNNING,469.34,4,5,4,10,0.4,30.0,99.6,716.1503,0.0,0,0.0,0.0
473.0,B,RUNNING,470.34,4,5,4,10,0.4,30.0,99.6,715.1503,0.0,0,0.0,0.0
474.0,B,RUNNING,471.34,4,5,4,10,0.4,30.0,99.6,714.1503,0.0,0,0.0,0.0
475.0,B,RUNNING,472.34,4,5,4,10,0.4,30.0,99.6,713.1503,0.0,0,0.0,0.0
476.0,B,RUNNING,473.34,4,5,4,10,0.4,30.0,99.6,712.1503,0.0,0,0.0,0.0
477.0,B,RUNNING,474.34,4,5,4,10,0.4,30.0,99.6,711.1503,0.0,0,0.0,0.0
478.0,B,RUNNING,475.34,4,5,4,10,0.4,30.0,99.6,710.1503,0.0,0,0.0,0.0
479.0,B,RUNNING,476.34,4,5,4,10,0.4,30.0,99.6,709.1503,0.0,0,0.0,0.0
480.0,B,RUNNING,477.34,4,5,4,10,0.4,30.0,99.6,708.1503,0.0,0,0.0,0.0
481.0,B,RUNNING,478.34,4,5,4,10,0.4,30.0,99.6,707.1503,0.0,0,0.0,0.0
482.0,B,RUNNING,479.34,4,5,4,10,0.4,30.0,99.6,706.1503,0.0,0,0.0,0.0
483.0,B,RUNNING,480.34,4,5,4,10,0.4,30.0,99.6,705.1503,0.0,0,0.0,0.0
484.0,B,RUNNING,481.34,4,5,4,10,0.4,30.0,99.6,704.1503,0.0,0,0.0,0.0
485.0,B,RUNNING,482.34,4,5,4,10,0.4,30.0,99.6,703.1503,0.0,0,0.0,0.0
486.0,B,RUNNING,483.34,4,5,4,10,0.4,30.0,99.6,702.1503,0.0,0,0.0,0.0
487.0,B,RUNNING,484.34,4,5,4,10,0.4,30.0,99.6,701.1503,0.0,0,0.0,0.0
488.0,B,RUNNING,485.34,4,5,4,10,0.4,30.0,99.6,700.1503,0.0,0,0.0,0.0
489.0,B,RUNNING,486.34,4,5,4,10,0.4,30.0,99.6,699.1503,0.0,0,0.0,0.0
490.0,B,RUNNING,487.34,4,5,4,10,0.4,30.0,99.6,698.1503,0.0,0,0.0,0.0
491.0,B,RUNNING,488.34,4,5,4,10,0.4,30.0,99.6,697.1503,0.0,0,0.0,0.0
492.0,B,RUNNING,489.34,4,5,4,10,0.4,30.0,99.6,696.1503,0.0,0,0.0,0.0
493.0,B,RUNNING,490.34,4,5,4,10,0.4,30.0,99.6,695.1503,0.0,0,0.0,0.0
494.0,B,RUNNING,491.34,4,5,4,10,0.4,30.0,99.6,694.1503,0.0,0,0.0,0.0
495.0,B,RUNNING,492.34,4,5,4,10,0.4,30.0,99.6,693.1503,0.0,0,0.0,0.0
496.0,B,RUNNING,493.34,4,5,4,10,0.4,30.0,99.6,692.1503,0.0,0,0.0,0.0
497.0,B,RUNNING,494.34,4,5,4,10,0.4,30.0,99.6,691.1503,0.0,0,0.0,0.0
498.0,B,RUNNING,495.34,4,5,4,10,0.4,30.0,99.6,690.1503,0.0,0,0.0,0.0
499.0,B,RUNNING,496.34,4,5,4,10,0.4,30.0,99.6,689.1503,0.0,0,0.0,0.0
500.0,B,RUNNING,497.34,4,5,4,10,0.4,30.0,99.6,688.1503,0.0,0,0.0,0.0
501.0,B,RUNNING,498.34,4,5,4,10,0.4,30.0,99.6,687.1503,0.0,0,0.0,0.0
502.0,B,RUNNING,499.34,4,5,4,10,0.4,30.0,99.6,686.1503,0.0,0,0.0,0.0
503.0,B,RUNNING,500.34,4,5,4,10,0.4,30.0,99.6,685.1503,0.0,0,0.0,0.0
504.0,B,RUNNING,501.34,4,5,4,10,0.4,30.0,99.6,684.1503,0.0,0,0.0,0.0
505.0,B,RUNNING,502.34,4,5,4,10,0.4,30.0,99.6,683.1503,0.0,0,0.0,0.0
506.0,B,RUNNING,503.34,4,5,4,10,0.4,30.0,99.6,682.1503,0.0,0,0.0,0.0
507.0,B,RUNNING,504.34,4,5,4,10,0.4,30.0,99.6,681.1503,0.0,0,0.0,0.0
508.0,B,RUNNING,505.34,4,5,4,10,0.4,30.0,99.6,680.1503,0.0,0,0.0,0.0
509.0,B,RUNNING,506.34,4,5,4,10,0.4,30.0,99.6,679.1503,0.0,0,0.0,0.0
510.0,B,RUNNING,507.34,4,5,4,10,0.4,30.0,99.6,678.1503,0.0,0,0.0,0.0
511.0,B,RUNNING,508.34,4,5,4,10,0.4,30.0,99.6,677.1503,0.0,0,0.0,0.0
512.0,B,RUNNING,509.34,4,5,4,10,0.4,30.0,99.6,676.1503,0.0,0,0.0,0.0
513.0,B,RUNNING,510.34,4,5,4,10,0.4,30.0,99.6,675.1503,0.0,0,0.0,0.0
514.0,B,RUNNING,511.34,4,5,4,10,0.4,30.0,99.6,674.1503,0.0,0,0.0,0.0
515.0,B,RUNNING,512.34,4,5,4,10,0.4,30.0,99.6,673.1503,0.0,0,0.0,0.0
516.0,B,RUNNING,513.34,4,5,4,10,0.4,30.0,99.6,672.1503,0.0,0,0.0,0.0
517.0,B,RUNNING,514.34,4,5,4,10,0.4,30.0,99.6,671.1503,0.0,0,0.0,0.0
518.0,B,RUNNING,515.34,4,5,4,10,0.4,30.0,99.6,670.1503,0.0,0,0.0,0.0
519.0,B,RUNNING,516.34,4,5,4,10,0.4,30.0,99.6,669.1503,0.0,0,0.0,0.0
520.0,B,RUNNING,517.34,4,5,4,10,0.4,30.0,99.6,668.1503,0.0,0,0.0,0.0
521.0,B,RUNNING,518.34,4,5,4,10,0.4,30.0,99.6,667.1503,0.0,0,0.0,0.0
522.0,B,RUNNING,519.34,4,5,4,10,0.4,30.0,99.6,666.1503,0.0,0,0.0,0.0
523.0,B,RUNNING,520.34,4,5,4,10,0.4,30.0,99.6,665.1503,0.0,0,0.0,0.0
524.0,B,RUNNING,521.34,4,5,4,10,0.4,30.0,99.6,664.1503,0.0,0,0.0,0.0
525.0,B,RUNNING,522.34,4,5,4,10,0.4,30.0,99.6,663.1503,0.0,0,0.0,0.0
526.0,B,RUNNING,523.34,4,5,4,10,0.4,30.0,99.6,662.1503,0.0,0,0.0,0.0
527.0,B,RUNNING,524.34,4,5,4,10,0.4,30.0,99.6,661.1503,0.0,0,0.0,0.0
528.0,B,RUNNING,525.34,4,5,4,10,0.4,30.0,99.6,660.1503,0.0,0,0.0,0.0
529.0,B,RUNNING,526.34,4,5,4,10,0.4,30.0,99.6,659.1503,0.0,0,0.0,0.0
530.0,B,RUNNING,527.34,4,5,4,10,0.4,30.0,99.6,658.1503,0.0,0,0.0,0.0
531.0,B,RUNNING,528.34,4,5,4,10,0.4,30.0,99.6,657.1503,0.0,0,0.0,0.0
532.0,B,RUNNING,529.34,4,5,4,10,0.4,30.0,99.6,656.1503,0.0,0,0.0,0.0
533.0,B,RUNNING,530.34,4,5,4,10,0.4,30.0,99.6,655.1503,0.0,0,0.0,0.0
534.0,B,RUNNING,531.34,4,5,4,10,0.4,30.0,99.6,654.1503,0.0,0,0.0,0.0
535.0,B,RUNNING,532.34,4,5,4,10,0.4,30.0,99.6,653.1503,0.0,0,0.0,0.0
536.0,B,RUNNING,533.34,4,5,4,10,0.4,30.0,99.6,652.1503,0.0,0,0.0,0.0
537.0,B,RUNNING,534.34,4,5,4,10,0.4,30.0,99.6,651.1503,0.0,0,0.0,0.0
538.0,B,RUNNING,535.34,4,5,4,10,0.4,30.0,99.6,650.1503,0.0,0,0.0,0.0
539.0,B,RUNNING,536.34,4,5,4,10,0.4,30.0,99.6,649.1503,0.0,0,0.0,0.0
540.0,B,RUNNING,537.34,4,5,4,10,0.4,30.0,99.6,648.1503,0.0,0,0.0,0.0
541.0,B,RUNNING,538.34,4,5,4,10,0.4,30.0,99.6,647.1503,0.0,0,0.0,0.0
542.0,B,RUNNING,539.34,4,5,4,10,0.4,30.0,99.6,646.1503,0.0,0,0.0,0.0
543.0,B,RUNNING,540.34,4,5,4,10,0.4,30.0,99.6,645.1503,0.0,0,0.0,0.0
544.0,B,RUNNING,541.34,4,5,4,10,0.4,30.0,99.6,644.1503,0.0,0,0.0,0.0
545.0,B,RUNNING,542.34,4,5,4,10,0.4,30.0,99.6,643.1503,0.0,0,0.0,0.0
546.0,B,RUNNING,543.34,4,5,4,10,0.4,30.0,99.6,642.1503,0.0,0,0.0,0.0
547.0,B,RUNNING,544.34,4,5,4,10,0.4,30.0,99.6,641.1503,0.0,0,0.0,0.0
548.0,B,RUNNING,545.34,4,5,4,10,0.4,30.0,99.6,640.1503,0.0,0,0.0,0.0
549.0,B,RUNNING,546.34,4,5,4,10,0.4,30.0,99.6,639.1503,0.0,0,0.0,0.0
550.0,B,RUNNING,547.34,4,5,4,10,0.4,30.0,99.6,638.1503,0.0,0,0.0,0.0
551.0,B,RUNNING,548.34,4,5,4,10,0.4,30.0,99.6,637.1503,0.0,0,0.0,0.0
552.0,B,RUNNING,549.34,4,5,4,10,0.4,30.0,99.6,636.1503,0.0,0,0.0,0.0
553.0,B,RUNNING,550.34,4,5,4,10,0.4,30.0,99.6,635.1503,0.0,0,0.0,0.0
554.0,B,RUNNING,551.34,4,5,4,10,0.4,30.0,99.6,634.1503,0.0,0,0.0,0.0
555.0,B,RUNNING,552.34,4,5,4,10,0.4,30.0,99.6,633.1503,0.0,0,0.0,0.0
556.0,B,RUNNING,553.34,4,5,4,10,0.4,30.0,99.6,632.1503,0.0,0,0.0,0.0
557.0,B,RUNNING,554.34,4,5,4,10,0.4,30.0,99.6,631.1503,0.0,0,0.0,0.0
558.0,B,RUNNING,555.34,4,5,4,10,0.4,30.0,99.6,630.1503,0.0,0,0.0,0.0
559.0,B,RUNNING,556.34,4,5,4,10,0.4,30.0,99.6,629.1503,0.0,0,0.0,0.0
560.0,B,RUNNING,557.34,4,5,4,10,0.4,30.0,99.6,628.1503,0.0,0,0.0,0.0
561.0,B,RUNNING,558.34,4,5,4,10,0.4,30.0,99.6,627.1503,0.0,0,0.0,0.0
562.0,B,RUNNING,559.34,4,5,4,10,0.4,30.0,99.6,626.1503,0.0,0,0.0,0.0
563.0,B,RUNNING,560.34,4,5,4,10,0.4,30.0,99.6,625.1503,0.0,0,0.0,0.0
564.0,B,RUNNING,561.34,4,5,4,10,0.4,30.0,99.6,624.1503,0.0,0,0.0,0.0
565.0,B,RUNNING,562.34,4,5,4,10,0.4,30.0,99.6,623.1503,0.0,0,0.0,0.0
566.0,B,RUNNING,563.34,4,5,4,10,0.4,30.0,99.6,622.1503,0.0,0,0.0,0.0
567.0,B,RUNNING,564.34,4,5,4,10,0.4,30.0,99.6,621.1503,0.0,0,0.0,0.0
568.0,B,RUNNING,565.34,4,5,4,10,0.4,30.0,99.6,620.1503,0.0,0,0.0,0.0
569.0,B,RUNNING,566.34,4,5,4,10,0.4,30.0,99.6,619.1503,0.0,0,0.0,0.0
570.0,B,RUNNING,567.34,4,5,4,10,0.4,30.0,99.6,618.1503,0.0,0,0.0,0.0
571.0,B,RUNNING,568.34,4,5,4,10,0.4,30.0,99.6,617.1503,0.0,0,0.0,0.0
572.0,B,RUNNING,569.34,4,5,4,10,0.4,30.0,99.6,616.1503,0.0,0,0.0,0.0
573.0,B,RUNNING,570.34,4,5,4,10,0.4,30.0,99.6,615.1503,0.0,0,0.0,0.0
574.0,B,RUNNING,571.34,4,5,4,10,0.4,30.0,99.6,614.1503,0.0,0,0.0,0.0
575.0,B,RUNNING,572.34,4,5,4,10,0.4,30.0,99.6,613.1503,0.0,0,0.0,0.0
576.0,B,RUNNING,573.34,4,5,4,10,0.4,30.0,99.6,612.1503,0.0,0,0.0,0.0
577.0,B,RUNNING,574.34,4,5,4,10,0.4,30.0,99.6,611.1503,0.0,0,0.0,0.0
578.0,B,RUNNING,575.34,4,5,4,10,0.4,30.0,99.6,610.1503,0.0,0,0.0,0.0
579.0,B,RUNNING,576.34,4,5,4,10,0.4,30.0,99.6,609.1503,0.0,0,0.0,0.0
580.0,B,RUNNING,577.34,4,5,4,10,0.4,30.0,99.6,608.1503,0.0,0,0.0,0.0
581.0,B,RUNNING,578.34,4,5,4,10,0.4,30.0,99.6,607.1503,0.0,0,0.0,0.0
582.0,B,RUNNING,579.34,4,5,4,10,0.4,30.0,99.6,606.1503,0.0,0,0.0,0.0
583.0,B,RUNNING,580.34,4,5,4,10,0.4,30.0,99.6,605.1503,0.0,0,0.0,0.0
584.0,B,RUNNING,581.34,4,5,4,10,0.4,30.0,99.6,604.1503,0.0,0,0.0,0.0
585.0,B,RUNNING,582.34,4,5,4,10,0.4,30.0,99.6,603.1503,0.0,0,0.0,0.0
586.0,B,RUNNING,583.34,4,5,4,10,0.4,30.0,99.6,602.1503,0.0,0,0.0,0.0
587.0,B,RUNNING,584.34,4,5,4,10,0.4,30.0,99.6,601.1503,0.0,0,0.0,0.0
588.0,B,RUNNING,585.34,4,5,4,10,0.4,30.0,99.6,600.1503,0.0,0,0.0,0.0
589.0,B,RUNNING,586.34,5,5,5,10,0.5,30.0,99.5,583.6613,0.0,0,0.0,0.0
590.0,B,RUNNING,587.34,5,5,5,10,0.5,30.0,99.5,582.6613,0.0,0,0.0,0.0
591.0,B,RUNNING,588.34,5,5,5,10,0.5,30.0,99.5,581.6613,0.0,0,0.0,0.0
592.0,B,RUNNING,589.34,5,5,5,10,0.5,30.0,99.5,580.6613,0.0,0,0.0,0.0
593.0,B,RUNNING,590.34,5,5,5,10,0.5,30.0,99.5,579.6613,0.0,0,0.0,0.0
594.0,B,RUNNING,591.34,5,5,5,10,0.5,30.0,99.5,578.6613,0.0,0,0.0,0.0
595.0,B,RUNNING,592.34,5,5,5,10,0.5,30.0,99.5,577.6613,0.0,0,0.0,0.0
596.0,B,RUNNING,593.34,5,5,5,10,0.5,30.0,99.5,576.6613,0.0,0,0.0,0.0
597.0,B,RUNNING,594.34,5,5,5,10,0.5,30.0,99.5,575.6613,0.0,0,0.0,0.0
598.0,B,RUNNING,595.34,5,5,5,10,0.5,30.0,99.5,574.6613,0.0,0,0.0,0.0
599.0,B,RUNNING,596.34,5,5,5,10,0.5,30.0,99.5,573.6613,0.0,0,0.0,0.0
600.0,B,RUNNING,597.34,5,5,5,10,0.5,30.0,99.5,572.6613,0.0,0,0.0,0.0
601.0,B,RUNNING,598.34,5,5,5,10,0.5,30.0,99.5,571.6613,0.0,0,0.0,0.0
602.0,B,RUNNING,599.34,5,5,5,10,0.5,30.0,99.5,570.6613,0.0,0,0.0,0.0
603.0,B,RUNNING,600.34,5,5,5,10,0.5,30.0,99.5,569.6613,0.0,0,0.0,0.0
604.0,B,RUNNING,601.34,5,5,5,10,0.5,30.0,99.5,568.6613,0.0,0,0.0,0.0
605.0,B,RUNNING,602.34,5,5,5,10,0.5,30.0,99.5,567.6613,0.0,0,0.0,0.0
606.0,B,RUNNING,603.34,5,5,5,10,0.5,30.0,99.5,566.6613,0.0,0,0.0,0.0
607.0,B,RUNNING,604.34,5,5,5,10,0.5,30.0,99.5,565.6613,0.0,0,0.0,0.0
608.0,B,RUNNING,605.34,5,5,5,10,0.5,30.0,99.5,564.6613,0.0,0,0.0,0.0
609.0,B,RUNNING,606.34,5,5,5,10,0.5,30.0,99.5,563.6613,0.0,0,0.0,0.0
610.0,B,RUNNING,607.34,5,5,5,10,0.5,30.0,99.5,562.6613,0.0,0,0.0,0.0
611.0,B,RUNNING,608.34,5,5,5,10,0.5,30.0,99.5,561.6613,0.0,0,0.0,0.0
612.0,B,RUNNING,609.34,5,5,5,10,0.5,30.0,99.5,560.6613,0.0,0,0.0,0.0
613.0,B,RUNNING,610.34,5,5,5,10,0.5,30.0,99.5,559.6613,0.0,0,0.0,0.0
614.0,B,RUNNING,611.34,5,5,5,10,0.5,30.0,99.5,558.6613,0.0,0,0.0,0.0
615.0,B,RUNNING,612.34,5,5,5,10,0.5,30.0,99.5,557.6613,0.0,0,0.0,0.0
616.0,B,RUNNING,613.34,5,5,5,10,0.5,30.0,99.5,556.6613,0.0,0,0.0,0.0
617.0,B,RUNNING,614.34,5,5,5,10,0.5,30.0,99.5,555.6613,0.0,0,0.0,0.0
618.0,B,RUNNING,615.34,5,5,5,10,0.5,30.0,99.5,554.6613,0.0,0,0.0,0.0
619.0,B,RUNNING,616.34,5,5,5,10,0.5,30.0,99.5,553.6613,0.0,0,0.0,0.0
620.0,B,RUNNING,617.34,5,5,5,10,0.5,30.0,99.5,552.6613,0.0,0,0.0,0.0
621.0,B,RUNNING,618.34,5,5,5,10,0.5,30.0,99.5,551.6613,0.0,0,0.0,0.0
622.0,B,RUNNING,619.34,5,5,5,10,0.5,30.0,99.5,550.6613,0.0,0,0.0,0.0
623.0,B,RUNNING,620.34,5,5,5,10,0.5,30.0,99.5,549.6613,0.0,0,0.0,0.0
624.0,B,RUNNING,621.34,5,5,5,10,0.5,30.0,99.5,548.6613,0.0,0,0.0,0.0
625.0,B,RUNNING,622.34,5,5,5,10,0.5,30.0,99.5,547.6613,0.0,0,0.0,0.0
626.0,B,RUNNING,623.34,5,5,5,10,0.5,30.0,99.5,546.6613,0.0,0,0.0,0.0
627.0,B,RUNNING,624.34,5,5,5,10,0.5,30.0,99.5,545.6613,0.0,0,0.0,0.0
628.0,B,RUNNING,625.34,5,5,5,10,0.5,30.0,99.5,544.6613,0.0,0,0.0,0.0
629.0,B,RUNNING,626.34,5,5,5,10,0.5,30.0,99.5,543.6613,0.0,0,0.0,0.0
630.0,B,RUNNING,627.34,5,5,5,10,0.5,30.0,99.5,542.6613,0.0,0,0.0,0.0
631.0,B,RUNNING,628.34,5,5,5,10,0.5,30.0,99.5,541.6613,0.0,0,0.0,0.0
632.0,B,RUNNING,629.34,5,5,5,10,0.5,30.0,99.5,540.6613,0.0,0,0.0,0.0
633.0,B,RUNNING,630.34,5,5,5,10,0.5,30.0,99.5,539.6613,0.0,0,0.0,0.0
634.0,B,RUNNING,631.34,5,5,5,10,0.5,30.0,99.5,538.6613,0.0,0,0.0,0.0
635.0,B,RUNNING,632.34,5,5,5,10,0.5,30.0,99.5,537.6613,0.0,0,0.0,0.0
636.0,B,RUNNING,633.34,5,5,5,10,0.5,30.0,99.5,536.6613,0.0,0,0.0,0.0
637.0,B,RUNNING,634.34,5,5,5,10,0.5,30.0,99.5,535.6613,0.0,0,0.0,0.0
638.0,B,RUNNING,635.34,5,5,5,10,0.5,30.0,99.5,534.6613,0.0,0,0.0,0.0
639.0,B,RUNNING,636.34,5,5,5,10,0.5,30.0,99.5,533.6613,0.0,0,0.0,0.0
640.0,B,RUNNING,637.34,5,5,5,10,0.5,30.0,99.5,532.6613,0.0,0,0.0,0.0
641.0,B,RUNNING,638.34,5,5,5,10,0.5,30.0,99.5,531.6613,0.0,0,0.0,0.0
642.0,B,RUNNING,639.34,5,5,5,10,0.5,30.0,99.5,530.6613,0.0,0,0.0,0.0
643.0,B,RUNNING,640.34,5,5,5,10,0.5,30.0,99.5,529.6613,0.0,0,0.0,0.0
644.0,B,RUNNING,641.34,5,5,5,10,0.5,30.0,99.5,528.6613,0.0,0,0.0,0.0
645.0,B,RUNNING,642.34,5,5,5,10,0.5,30.0,99.5,527.6613,0.0,0,0.0,0.0
646.0,B,RUNNING,643.34,5,5,5,10,0.5,30.0,99.5,526.6613,0.0,0,0.0,0.0
647.0,B,RUNNING,644.34,5,5,5,10,0.5,30.0,99.5,525.6613,0.0,0,0.0,0.0
648.0,B,RUNNING,645.34,5,5,5,10,0.5,30.0,99.5,524.6613,0.0,0,0.0,0.0
649.0,B,RUNNING,646.34,5,5,5,10,0.5,30.0,99.5,523.6613,0.0,0,0.0,0.0
650.0,B,RUNNING,647.34,5,5,5,10,0.5,30.0,99.5,522.6613,0.0,0,0.0,0.0
651.0,B,RUNNING,648.34,5,5,5,10,0.5,30.0,99.5,521.6613,0.0,0,0.0,0.0
652.0,B,RUNNING,649.34,5,5,5,10,0.5,30.0,99.5,520.6613,0.0,0,0.0,0.0
653.0,B,RUNNING,650.34,5,5,5,10,0.5,30.0,99.5,519.6613,0.0,0,0.0,0.0
654.0,B,RUNNING,651.34,5,5,5,10,0.5,30.0,99.5,518.6613,0.0,0,0.0,0.0
655.0,B,RUNNING,652.34,5,5,5,10,0.5,30.0,99.5,517.6613,0.0,0,0.0,0.0
656.0,B,RUNNING,653.34,5,5,5,10,0.5,30.0,99.5,516.6613,0.0,0,0.0,0.0
657.0,B,RUNNING,654.34,5,5,5,10,0.5,30.0,99.5,515.6613,0.0,0,0.0,0.0
658.0,B,RUNNING,655.34,5,5,5,10,0.5,30.0,99.5,514.6613,0.0,0,0.0,0.0
659.0,B,RUNNING,656.34,5,5,5,10,0.5,30.0,99.5,513.6613,0.0,0,0.0,0.0
660.0,B,RUNNING,657.34,5,5,5,10,0.5,30.0,99.5,512.6613,0.0,0,0.0,0.0
661.0,B,RUNNING,658.34,5,5,5,10,0.5,30.0,99.5,511.6613,0.0,0,0.0,0.0
662.0,B,RUNNING,659.34,5,5,5,10,0.5,30.0,99.5,510.6613,0.0,0,0.0,0.0
663.0,B,RUNNING,660.34,5,5,5,10,0.5,30.0,99.5,509.6613,0.0,0,0.0,0.0
664.0,B,RUNNING,661.34,5,5,5,10,0.5,30.0,99.5,508.6613,0.0,0,0.0,0.0
665.0,B,RUNNING,662.34,5,5,5,10,0.5,30.0,99.5,507.6613,0.0,0,0.0,0.0
666.0,B,RUNNING,663.34,5,5,5,10,0.5,30.0,99.5,506.6613,0.0,0,0.0,0.0
667.0,B,RUNNING,664.34,5,5,5,10,0.5,30.0,99.5,505.6613,0.0,0,0.0,0.0
668.0,B,RUNNING,665.34,5,5,5,10,0.5,30.0,99.5,504.6613,0.0,0,0.0,0.0
669.0,B,RUNNING,666.34,5,5,5,10,0.5,30.0,99.5,503.6613,0.0,0,0.0,0.0
670.0,B,RUNNING,667.34,5,5,5,10,0.5,30.0,99.5,502.6613,0.0,0,0.0,0.0
671.0,B,RUNNING,668.34,5,5,5,10,0.5,30.0,99.5,501.6613,0.0,0,0.0,0.0
672.0,B,RUNNING,669.34,5,5,5,10,0.5,30.0,99.5,500.6613,0.0,0,0.0,0.0
673.0,B,RUNNING,670.34,5,5,5,10,0.5,30.0,99.5,499.6613,0.0,0,0.0,0.0
674.0,B,RUNNING,671.34,5,5,5,10,0.5,30.0,99.5,498.6613,0.0,0,0.0,0.0
675.0,B,RUNNING,672.34,5,5,5,10,0.5,30.0,99.5,497.6613,0.0,0,0.0,0.0
676.0,B,RUNNING,673.34,5,5,5,10,0.5,30.0,99.5,496.6613,0.0,0,0.0,0.0
677.0,B,RUNNING,674.34,5,5,5,10,0.5,30.0,99.5,495.6613,0.0,0,0.0,0.0
678.0,B,RUNNING,675.34,5,5,5,10,0.5,30.0,99.5,494.6613,0.0,0,0.0,0.0
679.0,B,RUNNING,676.34,5,5,5,10,0.5,30.0,99.5,493.6613,0.0,0,0.0,0.0
680.0,B,RUNNING,677.34,5,5,5,10,0.5,30.0,99.5,492.6613,0.0,0,0.0,0.0
681.0,B,RUNNING,678.34,5,5,5,10,0.5,30.0,99.5,491.6613,0.0,0,0.0,0.0
682.0,B,RUNNING,679.34,5,5,5,10,0.5,30.0,99.5,490.6613,0.0,0,0.0,0.0
683.0,B,RUNNING,680.34,5,5,5,10,0.5,30.0,99.5,489.6613,0.0,0,0.0,0.0
684.0,B,RUNNING,681.34,5,5,5,10,0.5,30.0,99.5,488.6613,0.0,0,0.0,0.0
685.0,B,RUNNING,682.34,5,5,5,10,0.5,30.0,99.5,487.6613,0.0,0,0.0,0.0
686.0,B,RUNNING,683.34,5,5,5,10,0.5,30.0,99.5,486.6613,0.0,0,0.0,0.0
687.0,B,RUNNING,684.34,5,5,5,10,0.5,30.0,99.5,485.6613,0.0,0,0.0,0.0
688.0,B,RUNNING,685.34,5,5,5,10,0.5,30.0,99.5,484.6613,0.0,0,0.0,0.0
689.0,B,RUNNING,686.34,5,5,5,10,0.5,30.0,99.5,483.6613,0.0,0,0.0,0.0
690.0,B,RUNNING,687.34,5,5,5,10,0.5,30.0,99.5,482.6613,0.0,0,0.0,0.0
691.0,B,RUNNING,688.34,5,5,5,10,0.5,30.0,99.5,481.6613,0.0,0,0.0,0.0
692.0,B,RUNNING,689.34,5,5,5,10,0.5,30.0,99.5,480.6613,0.0,0,0.0,0.0
693.0,B,RUNNING,690.34,6,5,6,10,0.6,30.0,99.4,483.3783,0.0,0,0.0,0.0
694.0,B,RUNNING,691.34,6,5,6,10,0.6,30.0,99.4,482.3783,0.0,0,0.0,0.0
695.0,B,RUNNING,692.34,6,5,6,10,0.6,30.0,99.4,481.3783,0.0,0,0.0,0.0
696.0,B,RUNNING,693.34,6,5,6,10,0.6,30.0,99.4,480.3783,0.0,0,0.0,0.0
697.0,B,RUNNING,694.34,6,5,6,10,0.6,30.0,99.4,479.3783,0.0,0,0.0,0.0
698.0,B,RUNNING,695.34,6,5,6,10,0.6,30.0,99.4,478.3783,0.0,0,0.0,0.0
699.0,B,RUNNING,696.34,6,5,6,10,0.6,30.0,99.4,477.3783,0.0,0,0.0,0.0
700.0,B,RUNNING,697.34,6,5,6,10,0.6,30.0,99.4,476.3783,0.0,0,0.0,0.0
701.0,B,RUNNING,698.34,6,5,6,10,0.6,30.0,99.4,475.3783,0.0,0,0.0,0.0
702.0,B,RUNNING,699.34,6,5,6,10,0.6,30.0,99.4,474.3783,0.0,0,0.0,0.0
703.0,B,RUNNING,700.34,6,5,6,10,0.6,30.0,99.4,473.3783,0.0,0,0.0,0.0
704.0,B,RUNNING,701.34,6,5,6,10,0.6,30.0,99.4,472.3783,0.0,0,0.0,0.0
705.0,B,RUNNING,702.34,6,5,6,10,0.6,30.0,99.4,471.3783,0.0,0,0.0,0.0
706.0,B,RUNNING,703.34,6,5,6,10,0.6,30.0,99.4,470.3783,0.0,0,0.0,0.0
707.0,B,RUNNING,704.34,6,5,6,10,0.6,30.0,99.4,469.3783,0.0,0,0.0,0.0
708.0,B,RUNNING,705.34,6,5,6,10,0.6,30.0,99.4,468.3783,0.0,0,0.0,0.0
709.0,B,RUNNING,706.34,6,5,6,10,0.6,30.0,99.4,467.3783,0.0,0,0.0,0.0
710.0,B,RUNNING,707.34,6,5,6,10,0.6,30.0,99.4,466.3783,0.0,0,0.0,0.0
711.0,B,RUNNING,708.34,6,5,6,10,0.6,30.0,99.4,465.3783,0.0,0,0.0,0.0
712.0,B,RUNNING,709.34,6,5,6,10,0.6,30.0,99.4,464.3783,0.0,0,0.0,0.0
713.0,B,RUNNING,710.34,6,5,6,10,0.6,30.0,99.4,463.3783,0.0,0,0.0,0.0
714.0,B,RUNNING,711.34,6,5,6,10,0.6,30.0,99.4,462.3783,0.0,0,0.0,0.0
715.0,B,RUNNING,712.34,6,5,6,10,0.6,30.0,99.4,461.3783,0.0,0,0.0,0.0
716.0,B,RUNNING,713.34,6,5,6,10,0.6,30.0,99.4,460.3783,0.0,0,0.0,0.0
717.0,B,RUNNING,714.34,6,5,6,10,0.6,30.0,99.4,459.3783,0.0,0,0.0,0.0
718.0,B,RUNNING,715.34,6,5,6,10,0.6,30.0,99.4,458.3783,0.0,0,0.0,0.0
719.0,B,RUNNING,716.34,6,5,6,10,0.6,30.0,99.4,457.3783,0.0,0,0.0,0.0
720.0,B,RUNNING,717.34,6,5,6,10,0.6,30.0,99.4,456.3783,0.0,0,0.0,0.0
721.0,B,RUNNING,718.34,6,5,6,10,0.6,30.0,99.4,455.3783,0.0,0,0.0,0.0
722.0,B,RUNNING,719.34,6,5,6,10,0.6,30.0,99.4,454.3783,0.0,0,0.0,0.0
723.0,B,RUNNING,720.34,6,5,6,10,0.6,30.0,99.4,453.3783,0.0,0,0.0,0.0
724.0,B,RUNNING,721.34,6,5,6,10,0.6,30.0,99.4,452.3783,0.0,0,0.0,0.0
725.0,B,RUNNING,722.34,6,5,6,10,0.6,30.0,99.4,451.3783,0.0,0,0.0,0.0
726.0,B,RUNNING,723.34,6,5,6,10,0.6,30.0,99.4,450.3783,0.0,0,0.0,0.0
727.0,B,RUNNING,724.34,6,5,6,10,0.6,30.0,99.4,449.3783,0.0,0,0.0,0.0
728.0,B,RUNNING,725.34,6,5,6,10,0.6,30.0,99.4,448.3783,0.0,0,0.0,0.0
729.0,B,RUNNING,726.34,6,5,6,10,0.6,30.0,99.4,447.3783,0.0,0,0.0,0.0
730.0,B,RUNNING,727.34,6,5,6,10,0.6,30.0,99.4,446.3783,0.0,0,0.0,0.0
731.0,B,RUNNING,728.34,6,5,6,10,0.6,30.0,99.4,445.3783,0.0,0,0.0,0.0
732.0,B,RUNNING,729.34,6,5,6,10,0.6,30.0,99.4,444.3783,0.0,0,0.0,0.0
733.0,B,RUNNING,730.34,6,5,6,10,0.6,30.0,99.4,443.3783,0.0,0,0.0,0.0
734.0,B,RUNNING,731.34,6,5,6,10,0.6,30.0,99.4,442.3783,0.0,0,0.0,0.0
735.0,B,RUNNING,732.34,6,5,6,10,0.6,30.0,99.4,441.3783,0.0,0,0.0,0.0
736.0,B,RUNNING,733.34,6,5,6,10,0.6,30.0,99.4,440.3783,0.0,0,0.0,0.0
737.0,B,RUNNING,734.34,6,5,6,10,0.6,30.0,99.4,439.3783,0.0,0,0.0,0.0
738.0,B,RUNNING,735.34,6,5,6,10,0.6,30.0,99.4,438.3783,0.0,0,0.0,0.0
739.0,B,RUNNING,736.34,6,5,6,10,0.6,30.0,99.4,437.3783,0.0,0,0.0,0.0
740.0,B,RUNNING,737.34,6,5,6,10,0.6,30.0,99.4,436.3783,0.0,0,0.0,0.0
741.0,B,RUNNING,738.34,6,5,6,10,0.6,30.0,99.4,435.3783,0.0,0,0.0,0.0
742.0,B,RUNNING,739.34,6,5,6,10,0.6,30.0,99.4,434.3783,0.0,0,0.0,0.0
743.0,B,RUNNING,740.34,6,5,6,10,0.6,30.0,99.4,433.3783,0.0,0,0.0,0.0
744.0,B,RUNNING,741.34,6,5,6,10,0.6,30.0,99.4,432.3783,0.0,0,0.0,0.0
745.0,B,RUNNING,742.34,6,5,6,10,0.6,30.0,99.4,431.3783,0.0,0,0.0,0.0
746.0,B,RUNNING,743.34,6,5,6,10,0.6,30.0,99.4,430.3783,0.0,0,0.0,0.0
747.0,B,RUNNING,744.34,6,5,6,10,0.6,30.0,99.4,429.3783,0.0,0,0.0,0.0
748.0,B,RUNNING,745.34,6,5,6,10,0.6,30.0,99.4,428.3783,0.0,0,0.0,0.0
749.0,B,RUNNING,746.34,6,5,6,10,0.6,30.0,99.4,427.3783,0.0,0,0.0,0.0
750.0,B,RUNNING,747.34,6,5,6,10,0.6,30.0,99.4,426.3783,0.0,0,0.0,0.0
751.0,B,RUNNING,748.34,6,5,6,10,0.6,30.0,99.4,425.3783,0.0,0,0.0,0.0
752.0,B,RUNNING,749.34,6,5,6,10,0.6,30.0,99.4,424.3783,0.0,0,0.0,0.0
753.0,B,RUNNING,750.34,6,5,6,10,0.6,30.0,99.4,423.3783,0.0,0,0.0,0.0
754.0,B,RUNNING,751.34,6,5,6,10,0.6,30.0,99.4,422.3783,0.0,0,0.0,0.0
755.0,B,RUNNING,752.34,6,5,6,10,0.6,30.0,99.4,421.3783,0.0,0,0.0,0.0
756.0,B,RUNNING,753.34,6,5,6,10,0.6,30.0,99.4,420.3783,0.0,0,0.0,0.0
757.0,B,RUNNING,754.34,6,5,6,10,0.6,30.0,99.4,419.3783,0.0,0,0.0,0.0
758.0,B,RUNNING,755.34,6,5,6,10,0.6,30.0,99.4,418.3783,0.0,0,0.0,0.0
759.0,B,RUNNING,756.34,6,5,6,10,0.6,30.0,99.4,417.3783,0.0,0,0.0,0.0
760.0,B,RUNNING,757.34,6,5,6,10,0.6,30.0,99.4,416.3783,0.0,0,0.0,0.0
761.0,B,RUNNING,758.34,6,5,6,10,0.6,30.0,99.4,415.3783,0.0,0,0.0,0.0
762.0,B,RUNNING,759.34,6,5,6,10,0.6,30.0,99.4,414.3783,0.0,0,0.0,0.0
763.0,B,RUNNING,760.34,6,5,6,10,0.6,30.0,99.4,413.3783,0.0,0,0.0,0.0
764.0,B,RUNNING,761.34,6,5,6,10,0.6,30.0,99.4,412.3783,0.0,0,0.0,0.0
765.0,B,RUNNING,762.34,6,5,6,10,0.6,30.0,99.4,411.3783,0.0,0,0.0,0.0
766.0,B,RUNNING,763.34,6,5,6,10,0.6,30.0,99.4,410.3783,0.0,0,0.0,0.0
767.0,B,RUNNING,764.34,6,5,6,10,0.6,30.0,99.4,409.3783,0.0,0,0.0,0.0
768.0,B,RUNNING,765.34,6,5,6,10,0.6,30.0,99.4,408.3783,0.0,0,0.0,0.0
769.0,B,RUNNING,766.34,6,5,6,10,0.6,30.0,99.4,407.3783,0.0,0,0.0,0.0
770.0,B,RUNNING,767.34,6,5,6,10,0.6,30.0,99.4,406.3783,0.0,0,0.0,0.0
771.0,B,RUNNING,768.34,6,5,6,10,0.6,30.0,99.4,405.3783,0.0,0,0.0,0.0
772.0,B,RUNNING,769.34,6,5,6,10,0.6,30.0,99.4,404.3783,0.0,0,0.0,0.0
773.0,B,RUNNING,770.34,6,5,6,10,0.6,30.0,99.4,403.3783,0.0,0,0.0,0.0
774.0,B,RUNNING,771.34,6,5,6,10,0.6,30.0,99.4,402.3783,0.0,0,0.0,0.0
775.0,B,RUNNING,772.34,6,5,6,10,0.6,30.0,99.4,401.3783,0.0,0,0.0,0.0
776.0,B,RUNNING,773.34,6,5,6,10,0.6,30.0,99.4,400.3783,0.0,0,0.0,0.0
777.0,B,RUNNING,774.34,6,5,6,10,0.6,30.0,99.4,399.3783,0.0,0,0.0,0.0
778.0,B,RUNNING,775.34,6,5,6,10,0.6,30.0,99.4,398.3783,0.0,0,0.0,0.0
779.0,B,RUNNING,776.34,6,5,6,10,0.6,30.0,99.4,397.3783,0.0,0,0.0,0.0
780.0,B,RUNNING,777.34,6,5,6,10,0.6,30.0,99.4,396.3783,0.0,0,0.0,0.0
781.0,B,RUNNING,778.34,6,5,6,10,0.6,30.0,99.4,395.3783,0.0,0,0.0,0.0
782.0,B,RUNNING,779.34,6,5,6,10,0.6,30.0,99.4,394.3783,0.0,0,0.0,0.0
783.0,B,RUNNING,780.34,6,5,6,10,0.6,30.0,99.4,393.3783,0.0,0,0.0,0.0
784.0,B,RUNNING,781.34,6,5,6,10,0.6,30.0,99.4,392.3783,0.0,0,0.0,0.0
785.0,B,RUNNING,782.34,6,5,6,10,0.6,30.0,99.4,391.3783,0.0,0,0.0,0.0
786.0,B,RUNNING,783.34,6,5,6,10,0.6,30.0,99.4,390.3783,0.0,0,0.0,0.0
787.0,B,RUNNING,784.34,6,5,6,10,0.6,30.0,99.4,389.3783,0.0,0,0.0,0.0
788.0,B,RUNNING,785.34,6,5,6,10,0.6,30.0,99.4,388.3783,0.0,0,0.0,0.0
789.0,B,RUNNING,786.34,6,5,6,10,0.6,30.0,99.4,387.3783,0.0,0,0.0,0.0
790.0,B,RUNNING,787.34,6,5,6,10,0.6,30.0,99.4,386.3783,0.0,0,0.0,0.0
791.0,B,RUNNING,788.34,6,5,6,10,0.6,30.0,99.4,385.3783,0.0,0,0.0,0.0
792.0,B,RUNNING,789.34,6,5,6,10,0.6,30.0,99.4,384.3783,0.0,0,0.0,0.0
793.0,B,RUNNING,790.34,6,5,6,10,0.6,30.0,99.4,383.3783,0.0,0,0.0,0.0
794.0,B,RUNNING,791.34,6,5,6,10,0.6,30.0,99.4,382.3783,0.0,0,0.0,0.0
795.0,B,RUNNING,792.34,6,5,6,10,0.6,30.0,99.4,381.3783,0.0,0,0.0,0.0
796.0,B,RUNNING,793.34,6,5,6,10,0.6,30.0,99.4,380.3783,0.0,0,0.0,0.0
797.0,B,RUNNING,794.34,6,5,6,10,0.6,30.0,99.4,379.3783,0.0,0,0.0,0.0
798.0,B,RUNNING,795.34,6,5,6,10,0.6,30.0,99.4,378.3783,0.0,0,0.0,0.0
799.0,B,RUNNING,796.34,6,5,6,10,0.6,30.0,99.4,377.3783,0.0,0,0.0,0.0
800.0,B,RUNNING,797.34,6,5,6,10,0.6,30.0,99.4,376.3783,0.0,0,0.0,0.0
801.0,B,RUNNING,798.34,6,5,6,10,0.6,30.0,99.4,375.3783,0.0,0,0.0,0.0
802.0,B,RUNNING,799.34,6,5,6,10,0.6,30.0,99.4,374.3783,0.0,0,0.0,0.0
803.0,B,RUNNING,800.34,6,5,6,10,0.6,30.0,99.4,373.3783,0.0,0,0.0,0.0
804.0,B,RUNNING,801.34,6,5,6,10,0.6,30.0,99.4,372.3783,0.0,0,0.0,0.0
805.0,B,RUNNING,802.34,6,5,6,10,0.6,30.0,99.4,371.3783,0.0,0,0.0,0.0
806.0,B,RUNNING,803.34,6,5,6,10,0.6,30.0,99.4,370.3783,0.0,0,0.0,0.0
807.0,B,RUNNING,804.34,6,5,6,10,0.6,30.0,99.4,369.3783,0.0,0,0.0,0.0
808.0,B,RUNNING,805.34,6,5,6,10,0.6,30.0,99.4,368.3783,0.0,0,0.0,0.0
809.0,B,RUNNING,806.34,6,5,6,10,0.6,30.0,99.4,367.3783,0.0,0,0.0,0.0
810.0,B,RUNNING,807.34,6,5,6,10,0.6,30.0,99.4,366.3783,0.0,0,0.0,0.0
811.0,B,RUNNING,808.34,6,5,6,10,0.6,30.0,99.4,365.3783,0.0,0,0.0,0.0
812.0,B,RUNNING,809.34,6,5,6,10,0.6,30.0,99.4,364.3783,0.0,0,0.0,0.0
813.0,B,RUNNING,810.34,6,5,6,10,0.6,30.0,99.4,363.3783,0.0,0,0.0,0.0
814.0,B,RUNNING,811.34,6,5,6,10,0.6,30.0,99.4,362.3783,0.0,0,0.0,0.0
815.0,B,RUNNING,812.34,6,5,6,10,0.6,30.0,99.4,361.3783,0.0,0,0.0,0.0
816.0,B,RUNNING,813.34,6,5,6,10,0.6,30.0,99.4,360.3783,0.0,0,0.0,0.0
817.0,B,RUNNING,814.34,7,5,7,10,0.7,30.0,99.3,345.2697,0.0,0,0.0,0.0
818.0,B,RUNNING,815.34,7,5,7,10,0.7,30.0,99.3,344.2697,0.0,0,0.0,0.0
819.0,B,RUNNING,816.34,7,5,7,10,0.7,30.0,99.3,343.2697,0.0,0,0.0,0.0
820.0,B,RUNNING,817.34,7,5,7,10,0.7,30.0,99.3,342.2697,0.0,0,0.0,0.0
821.0,B,RUNNING,818.34,7,5,7,10,0.7,30.0,99.3,341.2697,0.0,0,0.0,0.0
822.0,B,RUNNING,819.34,7,5,7,10,0.7,30.0,99.3,340.2697,0.0,0,0.0,0.0
823.0,B,RUNNING,820.34,7,5,7,10,0.7,30.0,99.3,339.2697,0.0,0,0.0,0.0
824.0,B,RUNNING,821.34,7,5,7,10,0.7,30.0,99.3,338.2697,0.0,0,0.0,0.0
825.0,B,RUNNING,822.34,7,5,7,10,0.7,30.0,99.3,337.2697,0.0,0,0.0,0.0
826.0,B,RUNNING,823.34,7,5,7,10,0.7,30.0,99.3,336.2697,0.0,0,0.0,0.0
827.0,B,RUNNING,824.34,7,5,7,10,0.7,30.0,99.3,335.2697,0.0,0,0.0,0.0
828.0,B,RUNNING,825.34,7,5,7,10,0.7,30.0,99.3,334.2697,0.0,0,0.0,0.0
829.0,B,RUNNING,826.34,7,5,7,10,0.7,30.0,99.3,333.2697,0.0,0,0.0,0.0
830.0,B,RUNNING,827.34,7,5,7,10,0.7,30.0,99.3,332.2697,0.0,0,0.0,0.0
831.0,B,RUNNING,828.34,7,5,7,10,0.7,30.0,99.3,331.2697,0.0,0,0.0,0.0
832.0,B,RUNNING,829.34,7,5,7,10,0.7,30.0,99.3,330.2697,0.0,0,0.0,0.0
833.0,B,RUNNING,830.34,7,5,7,10,0.7,30.0,99.3,329.2697,0.0,0,0.0,0.0
834.0,B,RUNNING,831.34,7,5,7,10,0.7,30.0,99.3,328.2697,0.0,0,0.0,0.0
835.0,B,RUNNING,832.34,7,5,7,10,0.7,30.0,99.3,327.2697,0.0,0,0.0,0.0
836.0,B,RUNNING,833.34,7,5,7,10,0.7,30.0,99.3,326.2697,0.0,0,0.0,0.0
837.0,B,RUNNING,834.34,7,5,7,10,0.7,30.0,99.3,325.2697,0.0,0,0.0,0.0
838.0,B,RUNNING,835.34,7,5,7,10,0.7,30.0,99.3,324.2697,0.0,0,0.0,0.0
839.0,B,RUNNING,836.34,7,5,7,10,0.7,30.0,99.3,323.2697,0.0,0,0.0,0.0
840.0,B,RUNNING,837.34,7,5,7,10,0.7,30.0,99.3,322.2697,0.0,0,0.0,0.0
841.0,B,RUNNING,838.34,7,5,7,10,0.7,30.0,99.3,321.2697,0.0,0,0.0,0.0
842.0,B,RUNNING,839.34,7,5,7,10,0.7,30.0,99.3,320.2697,0.0,0,0.0,0.0
843.0,B,RUNNING,840.34,7,5,7,10,0.7,30.0,99.3,319.2697,0.0,0,0.0,0.0
844.0,B,RUNNING,841.34,7,5,7,10,0.7,30.0,99.3,318.2697,0.0,0,0.0,0.0
845.0,B,RUNNING,842.34,7,5,7,10,0.7,30.0,99.3,317.2697,0.0,0,0.0,0.0
846.0,B,RUNNING,843.34,7,5,7,10,0.7,30.0,99.3,316.2697,0.0,0,0.0,0.0
847.0,B,RUNNING,844.34,7,5,7,10,0.7,30.0,99.3,315.2697,0.0,0,0.0,0.0
848.0,B,RUNNING,845.34,7,5,7,10,0.7,30.0,99.3,314.2697,0.0,0,0.0,0.0
849.0,B,RUNNING,846.34,7,5,7,10,0.7,30.0,99.3,313.2697,0.0,0,0.0,0.0
850.0,B,RUNNING,847.34,7,5,7,10,0.7,30.0,99.3,312.2697,0.0,0,0.0,0.0
851.0,B,RUNNING,848.34,7,5,7,10,0.7,30.0,99.3,311.2697,0.0,0,0.0,0.0
852.0,B,RUNNING,849.34,7,5,7,10,0.7,30.0,99.3,310.2697,0.0,0,0.0,0.0
853.0,B,RUNNING,850.34,7,5,7,10,0.7,30.0,99.3,309.2697,0.0,0,0.0,0.0
854.0,B,RUNNING,851.34,7,5,7,10,0.7,30.0,99.3,308.2697,0.0,0,0.0,0.0
855.0,B,RUNNING,852.34,7,5,7,10,0.7,30.0,99.3,307.2697,0.0,0,0.0,0.0
856.0,B,RUNNING,853.34,7,5,7,10,0.7,30.0,99.3,306.2697,0.0,0,0.0,0.0
857.0,B,RUNNING,854.34,7,5,7,10,0.7,30.0,99.3,305.2697,0.0,0,0.0,0.0
858.0,B,RUNNING,855.34,7,5,7,10,0.7,30.0,99.3,304.2697,0.0,0,0.0,0.0
859.0,B,RUNNING,856.34,7,5,7,10,0.7,30.0,99.3,303.2697,0.0,0,0.0,0.0
860.0,B,RUNNING,857.34,7,5,7,10,0.7,30.0,99.3,302.2697,0.0,0,0.0,0.0
861.0,B,RUNNING,858.34,7,5,7,10,0.7,30.0,99.3,301.2697,0.0,0,0.0,0.0
862.0,B,RUNNING,859.34,7,5,7,10,0.7,30.0,99.3,300.2697,0.0,0,0.0,0.0
863.0,B,RUNNING,860.34,7,5,7,10,0.7,30.0,99.3,299.2697,0.0,0,0.0,0.0
864.0,B,RUNNING,861.34,7,5,7,10,0.7,30.0,99.3,298.2697,0.0,0,0.0,0.0
865.0,B,RUNNING,862.34,7,5,7,10,0.7,30.0,99.3,297.2697,0.0,0,0.0,0.0
866.0,B,RUNNING,863.34,7,5,7,10,0.7,30.0,99.3,296.2697,0.0,0,0.0,0.0
867.0,B,RUNNING,864.34,7,5,7,10,0.7,30.0,99.3,295.2697,0.0,0,0.0,0.0
868.0,B,RUNNING,865.34,7,5,7,10,0.7,30.0,99.3,294.2697,0.0,0,0.0,0.0
869.0,B,RUNNING,866.34,7,5,7,10,0.7,30.0,99.3,293.2697,0.0,0,0.0,0.0
870.0,B,RUNNING,867.34,7,5,7,10,0.7,30.0,99.3,292.2697,0.0,0,0.0,0.0
871.0,B,RUNNING,868.34,7,5,7,10,0.7,30.0,99.3,291.2697,0.0,0,0.0,0.0
872.0,B,RUNNING,869.34,7,5,7,10,0.7,30.0,99.3,290.2697,0.0,0,0.0,0.0
873.0,B,RUNNING,870.34,7,5,7,10,0.7,30.0,99.3,289.2697,0.0,0,0.0,0.0
874.0,B,RUNNING,871.34,7,5,7,10,0.7,30.0,99.3,288.2697,0.0,0,0.0,0.0
875.0,B,RUNNING,872.34,7,5,7,10,0.7,30.0,99.3,287.2697,0.0,0,0.0,0.0
876.0,B,RUNNING,873.34,7,5,7,10,0.7,30.0,99.3,286.2697,0.0,0,0.0,0.0
877.0,B,RUNNING,874.34,7,5,7,10,0.7,30.0,99.3,285.2697,0.0,0,0.0,0.0
878.0,B,RUNNING,875.34,7,10,2,10,0.2,30.0,99.3,884.2697,0.0,0,0.0,0.0
879.0,B,RUNNING,876.34,7,10,2,10,0.2,30.0,99.3,883.2697,0.0,0,0.0,0.0
880.0,B,RUNNING,877.34,7,10,2,10,0.2,30.0,99.3,882.2697,0.0,0,0.0,0.0
881.0,B,RUNNING,878.34,7,10,2,10,0.2,30.0,99.3,881.2697,0.0,0,0.0,0.0
882.0,B,RUNNING,879.34,7,10,2,10,0.2,30.0,99.3,880.2697,0.0,0,0.0,0.0
883.0,B,RUNNING,880.34,7,10,2,10,0.2,30.0,99.3,879.2697,0.0,0,0.0,0.0
884.0,B,RUNNING,881.34,7,10,2,10,0.2,30.0,99.3,878.2697,0.0,0,0.0,0.0
885.0,B,RUNNING,882.34,7,10,2,10,0.2,30.0,99.3,877.2697,0.0,0,0.0,0.0
886.0,B,RUNNING,883.34,7,10,2,10,0.2,30.0,99.3,876.2697,0.0,0,0.0,0.0
887.0,B,RUNNING,884.34,7,10,2,10,0.2,30.0,99.3,875.2697,0.0,0,0.0,0.0
888.0,B,RUNNING,885.34,7,10,2,10,0.2,30.0,99.3,874.2697,0.0,0,0.0,0.0
889.0,B,RUNNING,886.34,7,10,2,10,0.2,30.0,99.3,873.2697,0.0,0,0.0,0.0
890.0,B,RUNNING,887.34,7,10,2,10,0.2,30.0,99.3,872.2697,0.0,0,0.0,0.0
891.0,B,RUNNING,888.34,7,10,2,10,0.2,30.0,99.3,871.2697,0.0,0,0.0,0.0
892.0,B,RUNNING,889.34,7,10,2,10,0.2,30.0,99.3,870.2697,0.0,0,0.0,0.0
893.0,B,RUNNING,890.34,7,10,2,10,0.2,30.0,99.3,869.2697,0.0,0,0.0,0.0
894.0,B,RUNNING,891.34,7,10,2,10,0.2,30.0,99.3,868.2697,0.0,0,0.0,0.0
895.0,B,RUNNING,892.344,7,10,2,10,0.2,30.0,99.3,867.2657,0.0,0,0.0,0.0
896.0,B,RUNNING,893.34,7,10,2,10,0.2,30.0,99.3,866.2697,0.0,0,0.0,0.0
897.0,B,RUNNING,894.34,7,10,2,10,0.2,30.0,99.3,865.2697,0.0,0,0.0,0.0
898.0,B,RUNNING,895.34,7,10,2,10,0.2,30.0,99.3,864.2697,0.0,0,0.0,0.0
899.0,B,RUNNING,896.34,7,10,2,10,0.2,30.0,99.3,863.2697,0.0,0,0.0,0.0
900.0,B,RUNNING,897.34,7,10,2,10,0.2,30.0,99.3,862.2697,0.0,0,0.0,0.0
901.0,B,RUNNING,898.34,7,10,2,10,0.2,30.0,99.3,861.2697,0.0,0,0.0,0.0
902.0,B,RUNNING,899.34,7,10,2,10,0.2,30.0,99.3,860.2697,0.0,0,0.0,0.0
903.0,B,RUNNING,900.34,7,10,2,10,0.2,30.0,99.3,859.2697,0.0,0,0.0,0.0
904.0,B,RUNNING,901.34,7,10,2,10,0.2,30.0,99.3,858.2697,0.0,0,0.0,0.0
905.0,B,RUNNING,902.34,7,10,2,10,0.2,30.0,99.3,857.2697,0.0,0,0.0,0.0
906.0,B,RUNNING,903.34,7,10,2,10,0.2,30.0,99.3,856.2697,0.0,0,0.0,0.0
907.0,B,RUNNING,904.34,7,10,2,10,0.2,30.0,99.3,855.2697,0.0,0,0.0,0.0
908.0,B,RUNNING,905.34,7,10,2,10,0.2,30.0,99.3,854.2697,0.0,0,0.0,0.0
909.0,B,RUNNING,906.34,7,10,2,10,0.2,30.0,99.3,853.2697,0.0,0,0.0,0.0
910.0,B,RUNNING,907.34,7,10,2,10,0.2,30.0,99.3,852.2697,0.0,0,0.0,0.0
911.0,B,RUNNING,908.34,7,10,2,10,0.2,30.0,99.3,851.2697,0.0,0,0.0,0.0
912.0,B,RUNNING,909.34,7,10,2,10,0.2,30.0,99.3,850.2697,0.0,0,0.0,0.0
913.0,B,RUNNING,910.34,7,10,2,10,0.2,30.0,99.3,849.2697,0.0,0,0.0,0.0
914.0,B,RUNNING,911.34,7,10,2,10,0.2,30.0,99.3,848.2697,0.0,0,0.0,0.0
915.0,B,RUNNING,912.34,7,10,2,10,0.2,30.0,99.3,847.2697,0.0,0,0.0,0.0
916.0,B,RUNNING,913.34,7,10,2,10,0.2,30.0,99.3,846.2697,0.0,0,0.0,0.0
917.0,B,RUNNING,914.34,7,10,2,10,0.2,30.0,99.3,845.2697,0.0,0,0.0,0.0
918.0,B,RUNNING,915.34,7,10,2,10,0.2,30.0,99.3,844.2697,0.0,0,0.0,0.0
919.0,B,RUNNING,916.34,7,10,2,10,0.2,30.0,99.3,843.2697,0.0,0,0.0,0.0
920.0,B,RUNNING,917.34,7,10,2,10,0.2,30.0,99.3,842.2697,0.0,0,0.0,0.0
921.0,B,RUNNING,918.34,7,10,2,10,0.2,30.0,99.3,841.2697,0.0,0,0.0,0.0
922.0,B,RUNNING,919.34,7,10,2,10,0.2,30.0,99.3,840.2697,0.0,0,0.0,0.0
923.0,B,RUNNING,920.34,8,10,3,10,0.3,30.0,99.2,839.2522,0.0,0,0.0,0.0
924.0,B,RUNNING,921.34,8,10,3,10,0.3,30.0,99.2,838.2522,0.0,0,0.0,0.0
925.0,B,RUNNING,922.34,8,10,3,10,0.3,30.0,99.2,837.2522,0.0,0,0.0,0.0
926.0,B,RUNNING,923.34,8,10,3,10,0.3,30.0,99.2,836.2522,0.0,0,0.0,0.0
927.0,B,RUNNING,924.34,8,10,3,10,0.3,30.0,99.2,835.2522,0.0,0,0.0,0.0
928.0,B,RUNNING,925.34,8,10,3,10,0.3,30.0,99.2,834.2522,0.0,0,0.0,0.0
929.0,B,RUNNING,926.34,8,10,3,10,0.3,30.0,99.2,833.2522,0.0,0,0.0,0.0
930.0,B,RUNNING,927.34,8,10,3,10,0.3,30.0,99.2,832.2522,0.0,0,0.0,0.0
931.0,B,RUNNING,928.34,8,10,3,10,0.3,30.0,99.2,831.2522,0.0,0,0.0,0.0
932.0,B,RUNNING,929.34,8,10,3,10,0.3,30.0,99.2,830.2522,0.0,0,0.0,0.0
933.0,B,RUNNING,930.34,8,10,3,10,0.3,30.0,99.2,829.2522,0.0,0,0.0,0.0
934.0,B,RUNNING,931.34,8,10,3,10,0.3,30.0,99.2,828.2522,0.0,0,0.0,0.0
935.0,B,RUNNING,932.34,8,10,3,10,0.3,30.0,99.2,827.2522,0.0,0,0.0,0.0
936.0,B,RUNNING,933.34,8,10,3,10,0.3,30.0,99.2,826.2522,0.0,0,0.0,0.0
937.0,B,RUNNING,934.34,8,10,3,10,0.3,30.0,99.2,825.2522,0.0,0,0.0,0.0
938.0,B,RUNNING,935.34,8,10,3,10,0.3,30.0,99.2,824.2522,0.0,0,0.0,0.0
939.0,B,RUNNING,936.34,8,10,3,10,0.3,30.0,99.2,823.2522,0.0,0,0.0,0.0
940.0,B,RUNNING,937.34,8,10,3,10,0.3,30.0,99.2,822.2522,0.0,0,0.0,0.0
941.0,B,RUNNING,938.34,8,10,3,10,0.3,30.0,99.2,821.2522,0.0,0,0.0,0.0
942.0,B,RUNNING,939.34,8,10,3,10,0.3,30.0,99.2,820.2522,0.0,0,0.0,0.0
943.0,B,RUNNING,940.34,8,10,3,10,0.3,30.0,99.2,819.2522,0.0,0,0.0,0.0
944.0,B,RUNNING,941.34,8,10,3,10,0.3,30.0,99.2,818.2522,0.0,0,0.0,0.0
945.0,B,RUNNING,942.34,8,10,3,10,0.3,30.0,99.2,817.2522,0.0,0,0.0,0.0
946.0,B,RUNNING,943.34,8,10,3,10,0.3,30.0,99.2,816.2522,0.0,0,0.0,0.0
947.0,B,RUNNING,944.34,8,10,3,10,0.3,30.0,99.2,815.2522,0.0,0,0.0,0.0
948.0,B,RUNNING,945.34,8,10,3,10,0.3,30.0,99.2,814.2522,0.0,0,0.0,0.0
949.0,B,RUNNING,946.34,8,10,3,10,0.3,30.0,99.2,813.2522,0.0,0,0.0,0.0
950.0,B,RUNNING,947.34,8,10,3,10,0.3,30.0,99.2,812.2522,0.0,0,0.0,0.0
951.0,B,RUNNING,948.34,8,10,3,10,0.3,30.0,99.2,811.2522,0.0,0,0.0,0.0
952.0,B,RUNNING,949.34,8,10,3,10,0.3,30.0,99.2,810.2522,0.0,0,0.0,0.0
953.0,B,RUNNING,950.34,8,10,3,10,0.3,30.0,99.2,809.2522,0.0,0,0.0,0.0
954.0,B,RUNNING,951.34,8,10,3,10,0.3,30.0,99.2,808.2522,0.0,0,0.0,0.0
955.0,B,RUNNING,952.34,8,10,3,10,0.3,30.0,99.2,807.2522,0.0,0,0.0,0.0
956.0,B,RUNNING,953.34,8,10,3,10,0.3,30.0,99.2,806.2522,0.0,0,0.0,0.0
957.0,B,RUNNING,954.34,8,10,3,10,0.3,30.0,99.2,805.2522,0.0,0,0.0,0.0
958.0,B,RUNNING,955.34,8,10,3,10,0.3,30.0,99.2,804.2522,0.0,0,0.0,0.0
959.0,B,RUNNING,956.34,8,10,3,10,0.3,30.0,99.2,803.2522,0.0,0,0.0,0.0
960.0,B,RUNNING,957.34,8,10,3,10,0.3,30.0,99.2,802.2522,0.0,0,0.0,0.0
961.0,B,RUNNING,958.34,8,10,3,10,0.3,30.0,99.2,801.2522,0.0,0,0.0,0.0
962.0,B,RUNNING,959.34,8,10,3,10,0.3,30.0,99.2,800.2522,0.0,0,0.0,0.0
963.0,B,RUNNING,960.34,8,10,3,10,0.3,30.0,99.2,799.2522,0.0,0,0.0,0.0
964.0,B,RUNNING,961.34,8,10,3,10,0.3,30.0,99.2,798.2522,0.0,0,0.0,0.0
965.0,B,RUNNING,962.34,8,10,3,10,0.3,30.0,99.2,797.2522,0.0,0,0.0,0.0
966.0,B,RUNNING,963.34,8,10,3,10,0.3,30.0,99.2,796.2522,0.0,0,0.0,0.0
967.0,B,RUNNING,964.34,8,10,3,10,0.3,30.0,99.2,795.2522,0.0,0,0.0,0.0
968.0,B,RUNNING,965.34,8,10,3,10,0.3,30.0,99.2,794.2522,0.0,0,0.0,0.0
969.0,B,RUNNING,966.34,8,10,3,10,0.3,30.0,99.2,793.2522,0.0,0,0.0,0.0
970.0,B,RUNNING,967.34,8,10,3,10,0.3,30.0,99.2,792.2522,0.0,0,0.0,0.0
971.0,B,RUNNING,968.34,8,10,3,10,0.3,30.0,99.2,791.2522,0.0,0,0.0,0.0
972.0,B,RUNNING,969.34,8,10,3,10,0.3,30.0,99.2,790.2522,0.0,0,0.0,0.0
973.0,B,RUNNING,970.34,8,10,3,10,0.3,30.0,99.2,789.2522,0.0,0,0.0,0.0
974.0,B,RUNNING,971.34,8,10,3,10,0.3,30.0,99.2,788.2522,0.0,0,0.0,0.0
975.0,B,RUNNING,972.34,8,10,3,10,0.3,30.0,99.2,787.2522,0.0,0,0.0,0.0
976.0,B,RUNNING,973.34,8,10,3,10,0.3,30.0,99.2,786.2522,0.0,0,0.0,0.0
977.0,B,RUNNING,974.34,8,10,3,10,0.3,30.0,99.2,785.2522,0.0,0,0.0,0.0
978.0,B,RUNNING,975.34,8,10,3,10,0.3,30.0,99.2,784.2522,0.0,0,0.0,0.0
979.0,B,RUNNING,976.34,8,10,3,10,0.3,30.0,99.2,783.2522,0.0,0,0.0,0.0
980.0,B,RUNNING,977.34,8,10,3,10,0.3,30.0,99.2,782.2522,0.0,0,0.0,0.0
981.0,B,RUNNING,978.34,8,10,3,10,0.3,30.0,99.2,781.2522,0.0,0,0.0,0.0
982.0,B,RUNNING,979.34,8,10,3,10,0.3,30.0,99.2,780.2522,0.0,0,0.0,0.0
983.0,B,RUNNING,980.34,8,10,3,10,0.3,30.0,99.2,779.2522,0.0,0,0.0,0.0
984.0,B,RUNNING,981.34,8,10,3,10,0.3,30.0,99.2,778.2522,0.0,0,0.0,0.0
985.0,B,RUNNING,982.34,8,10,3,10,0.3,30.0,99.2,777.2522,0.0,0,0.0,0.0
986.0,B,RUNNING,983.34,8,10,3,10,0.3,30.0,99.2,776.2522,0.0,0,0.0,0.0
987.0,B,RUNNING,984.34,8,10,3,10,0.3,30.0,99.2,775.2522,0.0,0,0.0,0.0
988.0,B,RUNNING,985.34,8,10,3,10,0.3,30.0,99.2,774.2522,0.0,0,0.0,0.0
989.0,B,RUNNING,986.34,8,10,3,10,0.3,30.0,99.2,773.2522,0.0,0,0.0,0.0
990.0,B,RUNNING,987.34,8,10,3,10,0.3,30.0,99.2,772.2522,0.0,0,0.0,0.0
991.0,B,RUNNING,988.34,8,10,3,10,0.3,30.0,99.2,771.2522,0.0,0,0.0,0.0
992.0,B,RUNNING,989.34,8,10,3,10,0.3,30.0,99.2,770.2522,0.0,0,0.0,0.0
993.0,B,RUNNING,990.34,8,10,3,10,0.3,30.0,99.2,769.2522,0.0,0,0.0,0.0
994.0,B,RUNNING,991.34,8,10,3,10,0.3,30.0,99.2,768.2522,0.0,0,0.0,0.0
995.0,B,RUNNING,992.34,8,10,3,10,0.3,30.0,99.2,767.2522,0.0,0,0.0,0.0
996.0,B,RUNNING,993.34,8,10,3,10,0.3,30.0,99.2,766.2522,0.0,0,0.0,0.0
997.0,B,RUNNING,994.34,8,10,3,10,0.3,30.0,99.2,765.2522,0.0,0,0.0,0.0
998.0,B,RUNNING,995.34,8,10,3,10,0.3,30.0,99.2,764.2522,0.0,0,0.0,0.0
999.0,B,RUNNING,996.34,8,10,3,10,0.3,30.0,99.2,763.2522,0.0,0,0.0,0.0
1000.0,B,RUNNING,997.34,8,10,3,10,0.3,30.0,99.2,762.2522,0.0,0,0.0,0.0
1001.0,B,RUNNING,998.34,8,10,3,10,0.3,30.0,99.2,761.2522,0.0,0,0.0,0.0
1002.0,B,RUNNING,999.34,8,10,3,10,0.3,30.0,99.2,760.2522,0.0,0,0.0,0.0
1003.0,B,RUNNING,1000.34,8,10,3,10,0.3,30.0,99.2,759.2522,0.0,0,0.0,0.0
1004.0,B,RUNNING,1001.34,8,10,3,10,0.3,30.0,99.2,758.2522,0.0,0,0.0,0.0
1005.0,B,RUNNING,1002.34,8,10,3,10,0.3,30.0,99.2,757.2522,0.0,0,0.0,0.0
1006.0,B,RUNNING,1003.34,8,10,3,10,0.3,30.0,99.2,756.2522,0.0,0,0.0,0.0
1007.0,B,RUNNING,1004.34,8,10,3,10,0.3,30.0,99.2,755.2522,0.0,0,0.0,0.0
1008.0,B,RUNNING,1005.34,8,10,3,10,0.3,30.0,99.2,754.2522,0.0,0,0.0,0.0
1009.0,B,RUNNING,1006.34,8,10,3,10,0.3,30.0,99.2,753.2522,0.0,0,0.0,0.0
1010.0,B,RUNNING,1007.34,8,10,3,10,0.3,30.0,99.2,752.2522,0.0,0,0.0,0.0
1011.0,B,RUNNING,1008.34,8,10,3,10,0.3,30.0,99.2,751.2522,0.0,0,0.0,0.0
1012.0,B,RUNNING,1009.34,8,10,3,10,0.3,30.0,99.2,750.2522,0.0,0,0.0,0.0
1013.0,B,RUNNING,1010.34,8,10,3,10,0.3,30.0,99.2,749.2522,0.0,0,0.0,0.0
1014.0,B,RUNNING,1011.34,8,10,3,10,0.3,30.0,99.2,748.2522,0.0,0,0.0,0.0
1015.0,B,RUNNING,1012.34,8,10,3,10,0.3,30.0,99.2,747.2522,0.0,0,0.0,0.0
1016.0,B,RUNNING,1013.34,8,10,3,10,0.3,30.0,99.2,746.2522,0.0,0,0.0,0.0
1017.0,B,RUNNING,1014.34,8,10,3,10,0.3,30.0,99.2,745.2522,0.0,0,0.0,0.0
1018.0,B,RUNNING,1015.34,8,10,3,10,0.3,30.0,99.2,744.2522,0.0,0,0.0,0.0
1019.0,B,RUNNING,1016.34,8,10,3,10,0.3,30.0,99.2,743.2522,0.0,0,0.0,0.0
1020.0,B,RUNNING,1017.34,8,10,3,10,0.3,30.0,99.2,742.2522,0.0,0,0.0,0.0
1021.0,B,RUNNING,1018.34,8,10,3,10,0.3,30.0,99.2,741.2522,0.0,0,0.0,0.0
1022.0,B,RUNNING,1019.34,8,10,3,10,0.3,30.0,99.2,740.2522,0.0,0,0.0,0.0
1023.0,B,RUNNING,1020.34,8,10,3,10,0.3,30.0,99.2,739.2522,0.0,0,0.0,0.0
1024.0,B,RUNNING,1021.34,8,10,3,10,0.3,30.0,99.2,738.2522,0.0,0,0.0,0.0
1025.0,B,RUNNING,1022.34,8,10,3,10,0.3,30.0,99.2,737.2522,0.0,0,0.0,0.0
1026.0,B,RUNNING,1023.34,8,10,3,10,0.3,30.0,99.2,736.2522,0.0,0,0.0,0.0
1027.0,B,RUNNING,1024.34,8,10,3,10,0.3,30.0,99.2,735.2522,0.0,0,0.0,0.0
1028.0,B,RUNNING,1025.34,8,10,3,10,0.3,30.0,99.2,734.2522,0.0,0,0.0,0.0
1029.0,B,RUNNING,1026.34,8,10,3,10,0.3,30.0,99.2,733.2522,0.0,0,0.0,0.0
1030.0,B,RUNNING,1027.34,8,10,3,10,0.3,30.0,99.2,732.2522,0.0,0,0.0,0.0
1031.0,B,RUNNING,1028.34,8,10,3,10,0.3,30.0,99.2,731.2522,0.0,0,0.0,0.0
1032.0,B,RUNNING,1029.34,8,10,3,10,0.3,30.0,99.2,730.2522,0.0,0,0.0,0.0
1033.0,B,RUNNING,1030.34,8,10,3,10,0.3,30.0,99.2,729.2522,0.0,0,0.0,0.0
1034.0,B,RUNNING,1031.34,8,10,3,10,0.3,30.0,99.2,728.2522,0.0,0,0.0,0.0
1035.0,B,RUNNING,1032.34,8,10,3,10,0.3,30.0,99.2,727.2522,0.0,0,0.0,0.0
1036.0,B,RUNNING,1033.34,8,10,3,10,0.3,30.0,99.2,726.2522,0.0,0,0.0,0.0
1037.0,B,RUNNING,1034.34,8,10,3,10,0.3,30.0,99.2,725.2522,0.0,0,0.0,0.0
1038.0,B,RUNNING,1035.34,8,10,3,10,0.3,30.0,99.2,724.2522,0.0,0,0.0,0.0
1039.0,B,RUNNING,1036.34,8,10,3,10,0.3,30.0,99.2,723.2522,0.0,0,0.0,0.0
1040.0,B,RUNNING,1037.34,8,10,3,10,0.3,30.0,99.2,722.2522,0.0,0,0.0,0.0
1041.0,B,RUNNING,1038.34,8,10,3,10,0.3,30.0,99.2,721.2522,0.0,0,0.0,0.0
1042.0,B,RUNNING,1039.34,8,10,3,10,0.3,30.0,99.2,720.2522,0.0,0,0.0,0.0
1043.0,B,RUNNING,1040.34,9,10,4,10,0.4,30.0,99.1,726.7652,0.0,0,0.0,0.0
1044.0,B,RUNNING,1041.34,9,10,4,10,0.4,30.0,99.1,725.7652,0.0,0,0.0,0.0
1045.0,B,RUNNING,1042.34,9,10,4,10,0.4,30.0,99.1,724.7652,0.0,0,0.0,0.0
1046.0,B,RUNNING,1043.34,9,10,4,10,0.4,30.0,99.1,723.7652,0.0,0,0.0,0.0
1047.0,B,RUNNING,1044.34,9,10,4,10,0.4,30.0,99.1,722.7652,0.0,0,0.0,0.0
1048.0,B,RUNNING,1045.34,9,10,4,10,0.4,30.0,99.1,721.7652,0.0,0,0.0,0.0
1049.0,B,RUNNING,1046.34,9,10,4,10,0.4,30.0,99.1,720.7652,0.0,0,0.0,0.0
1050.0,B,RUNNING,1047.34,9,10,4,10,0.4,30.0,99.1,719.7652,0.0,0,0.0,0.0
1051.0,B,RUNNING,1048.34,9,10,4,10,0.4,30.0,99.1,718.7652,0.0,0,0.0,0.0
1052.0,B,RUNNING,1049.34,9,10,4,10,0.4,30.0,99.1,717.7652,0.0,0,0.0,0.0
1053.0,B,RUNNING,1050.34,9,10,4,10,0.4,30.0,99.1,716.7652,0.0,0,0.0,0.0
1054.0,B,RUNNING,1051.34,9,10,4,10,0.4,30.0,99.1,715.7652,0.0,0,0.0,0.0
1055.0,B,RUNNING,1052.34,9,10,4,10,0.4,30.0,99.1,714.7652,0.0,0,0.0,0.0
1056.0,B,RUNNING,1053.34,9,10,4,10,0.4,30.0,99.1,713.7652,0.0,0,0.0,0.0
1057.0,B,RUNNING,1054.34,9,10,4,10,0.4,30.0,99.1,712.7652,0.0,0,0.0,0.0
1058.0,B,RUNNING,1055.34,9,10,4,10,0.4,30.0,99.1,711.7652,0.0,0,0.0,0.0
1059.0,B,RUNNING,1056.34,9,10,4,10,0.4,30.0,99.1,710.7652,0.0,0,0.0,0.0
1060.0,B,RUNNING,1057.34,9,10,4,10,0.4,30.0,99.1,709.7652,0.0,0,0.0,0.0
1061.0,B,RUNNING,1058.34,9,10,4,10,0.4,30.0,99.1,708.7652,0.0,0,0.0,0.0
1062.0,B,RUNNING,1059.34,9,10,4,10,0.4,30.0,99.1,707.7652,0.0,0,0.0,0.0
1063.0,B,RUNNING,1060.34,9,10,4,10,0.4,30.0,99.1,706.7652,0.0,0,0.0,0.0
1064.0,B,RUNNING,1061.34,9,10,4,10,0.4,30.0,99.1,705.7652,0.0,0,0.0,0.0
1065.0,B,RUNNING,1062.34,9,10,4,10,0.4,30.0,99.1,704.7652,0.0,0,0.0,0.0
1066.0,B,RUNNING,1063.34,9,10,4,10,0.4,30.0,99.1,703.7652,0.0,0,0.0,0.0
1067.0,B,RUNNING,1064.34,9,10,4,10,0.4,30.0,99.1,702.7652,0.0,0,0.0,0.0
1068.0,B,RUNNING,1065.34,9,10,4,10,0.4,30.0,99.1,701.7652,0.0,0,0.0,0.0
1069.0,B,RUNNING,1066.34,9,10,4,10,0.4,30.0,99.1,700.7652,0.0,0,0.0,0.0
1070.0,B,RUNNING,1067.34,9,10,4,10,0.4,30.0,99.1,699.7652,0.0,0,0.0,0.0
1071.0,B,RUNNING,1068.34,9,10,4,10,0.4,30.0,99.1,698.7652,0.0,0,0.0,0.0
1072.0,B,RUNNING,1069.34,9,10,4,10,0.4,30.0,99.1,697.7652,0.0,0,0.0,0.0
1073.0,B,RUNNING,1070.34,9,10,4,10,0.4,30.0,99.1,696.7652,0.0,0,0.0,0.0
1074.0,B,RUNNING,1071.34,9,10,4,10,0.4,30.0,99.1,695.7652,0.0,0,0.0,0.0
1075.0,B,RUNNING,1072.34,9,10,4,10,0.4,30.0,99.1,694.7652,0.0,0,0.0,0.0
1076.0,B,RUNNING,1073.34,9,10,4,10,0.4,30.0,99.1,693.7652,0.0,0,0.0,0.0
1077.0,B,RUNNING,1074.34,9,10,4,10,0.4,30.0,99.1,692.7652,0.0,0,0.0,0.0
1078.0,B,RUNNING,1075.34,9,10,4,10,0.4,30.0,99.1,691.7652,0.0,0,0.0,0.0
1079.0,B,RUNNING,1076.34,9,10,4,10,0.4,30.0,99.1,690.7652,0.0,0,0.0,0.0
1080.0,B,RUNNING,1077.34,9,10,4,10,0.4,30.0,99.1,689.7652,0.0,0,0.0,0.0
1081.0,B,RUNNING,1078.34,9,10,4,10,0.4,30.0,99.1,688.7652,0.0,0,0.0,0.0
1082.0,B,RUNNING,1079.34,9,10,4,10,0.4,30.0,99.1,687.7652,0.0,0,0.0,0.0
1083.0,B,RUNNING,1080.34,9,10,4,10,0.4,30.0,99.1,686.7652,0.0,0,0.0,0.0
1084.0,B,RUNNING,1081.34,9,10,4,10,0.4,30.0,99.1,685.7652,0.0,0,0.0,0.0
1085.0,B,RUNNING,1082.34,9,10,4,10,0.4,30.0,99.1,684.7652,0.0,0,0.0,0.0
1086.0,B,RUNNING,1083.34,9,10,4,10,0.4,30.0,99.1,683.7652,0.0,0,0.0,0.0
1087.0,B,RUNNING,1084.34,9,10,4,10,0.4,30.0,99.1,682.7652,0.0,0,0.0,0.0
1088.0,B,RUNNING,1085.34,9,10,4,10,0.4,30.0,99.1,681.7652,0.0,0,0.0,0.0
1089.0,B,RUNNING,1086.34,9,10,4,10,0.4,30.0,99.1,680.7652,0.0,0,0.0,0.0
1090.0,B,RUNNING,1087.34,9,10,4,10,0.4,30.0,99.1,679.7652,0.0,0,0.0,0.0
1091.0,B,RUNNING,1088.34,9,10,4,10,0.4,30.0,99.1,678.7652,0.0,0,0.0,0.0
1092.0,B,RUNNING,1089.34,9,10,4,10,0.4,30.0,99.1,677.7652,0.0,0,0.0,0.0
1093.0,B,RUNNING,1090.34,9,10,4,10,0.4,30.0,99.1,676.7652,0.0,0,0.0,0.0
1094.0,B,RUNNING,1091.34,9,10,4,10,0.4,30.0,99.1,675.7652,0.0,0,0.0,0.0
1095.0,B,RUNNING,1092.34,9,10,4,10,0.4,30.0,99.1,674.7652,0.0,0,0.0,0.0
1096.0,B,RUNNING,1093.34,9,10,4,10,0.4,30.0,99.1,673.7652,0.0,0,0.0,0.0
1097.0,B,RUNNING,1094.34,9,10,4,10,0.4,30.0,99.1,672.7652,0.0,0,0.0,0.0
1098.0,B,RUNNING,1095.34,9,10,4,10,0.4,30.0,99.1,671.7652,0.0,0,0.0,0.0
1099.0,B,RUNNING,1096.34,9,10,4,10,0.4,30.0,99.1,670.7652,0.0,0,0.0,0.0
1100.0,B,RUNNING,1097.34,9,10,4,10,0.4,30.0,99.1,669.7652,0.0,0,0.0,0.0
1101.0,B,RUNNING,1098.34,9,10,4,10,0.4,30.0,99.1,668.7652,0.0,0,0.0,0.0
1102.0,B,RUNNING,1099.34,9,10,4,10,0.4,30.0,99.1,667.7652,0.0,0,0.0,0.0
1103.0,B,RUNNING,1100.34,9,10,4,10,0.4,30.0,99.1,666.7652,0.0,0,0.0,0.0
1104.0,B,RUNNING,1101.34,9,10,4,10,0.4,30.0,99.1,665.7652,0.0,0,0.0,0.0
1105.0,B,RUNNING,1102.34,9,10,4,10,0.4,30.0,99.1,664.7652,0.0,0,0.0,0.0
1106.0,B,RUNNING,1103.34,9,10,4,10,0.4,30.0,99.1,663.7652,0.0,0,0.0,0.0
1107.0,B,RUNNING,1104.34,9,10,4,10,0.4,30.0,99.1,662.7652,0.0,0,0.0,0.0
1108.0,B,RUNNING,1105.34,9,10,4,10,0.4,30.0,99.1,661.7652,0.0,0,0.0,0.0
1109.0,B,RUNNING,1106.34,9,10,4,10,0.4,30.0,99.1,660.7652,0.0,0,0.0,0.0
1110.0,B,RUNNING,1107.34,9,10,4,10,0.4,30.0,99.1,659.7652,0.0,0,0.0,0.0
1111.0,B,RUNNING,1108.34,9,10,4,10,0.4,30.0,99.1,658.7652,0.0,0,0.0,0.0
1112.0,B,RUNNING,1109.34,9,10,4,10,0.4,30.0,99.1,657.7652,0.0,0,0.0,0.0
1113.0,B,RUNNING,1110.34,9,10,4,10,0.4,30.0,99.1,656.7652,0.0,0,0.0,0.0
1114.0,B,RUNNING,1111.34,9,10,4,10,0.4,30.0,99.1,655.7652,0.0,0,0.0,0.0
1115.0,B,RUNNING,1112.34,9,10,4,10,0.4,30.0,99.1,654.7652,0.0,0,0.0,0.0
1116.0,B,RUNNING,1113.34,9,10,4,10,0.4,30.0,99.1,653.7652,0.0,0,0.0,0.0
1117.0,B,RUNNING,1114.34,9,10,4,10,0.4,30.0,99.1,652.7652,0.0,0,0.0,0.0
1118.0,B,RUNNING,1115.34,9,10,4,10,0.4,30.0,99.1,651.7652,0.0,0,0.0,0.0
1119.0,B,RUNNING,1116.34,9,10,4,10,0.4,30.0,99.1,650.7652,0.0,0,0.0,0.0
1120.0,B,RUNNING,1117.34,9,10,4,10,0.4,30.0,99.1,649.7652,0.0,0,0.0,0.0
1121.0,B,RUNNING,1118.34,9,10,4,10,0.4,30.0,99.1,648.7652,0.0,0,0.0,0.0
1122.0,B,RUNNING,1119.34,9,10,4,10,0.4,30.0,99.1,647.7652,0.0,0,0.0,0.0
1123.0,B,RUNNING,1120.34,9,10,4,10,0.4,30.0,99.1,646.7652,0.0,0,0.0,0.0
1124.0,B,RUNNING,1121.34,9,10,4,10,0.4,30.0,99.1,645.7652,0.0,0,0.0,0.0
1125.0,B,RUNNING,1122.34,9,10,4,10,0.4,30.0,99.1,644.7652,0.0,0,0.0,0.0
1126.0,B,RUNNING,1123.34,9,10,4,10,0.4,30.0,99.1,643.7652,0.0,0,0.0,0.0
1127.0,B,RUNNING,1124.34,9,10,4,10,0.4,30.0,99.1,642.7652,0.0,0,0.0,0.0
1128.0,B,RUNNING,1125.34,9,10,4,10,0.4,30.0,99.1,641.7652,0.0,0,0.0,0.0
1129.0,B,RUNNING,1126.34,9,10,4,10,0.4,30.0,99.1,640.7652,0.0,0,0.0,0.0
1130.0,B,RUNNING,1127.34,9,10,4,10,0.4,30.0,99.1,639.7652,0.0,0,0.0,0.0
1131.0,B,RUNNING,1128.34,9,10,4,10,0.4,30.0,99.1,638.7652,0.0,0,0.0,0.0
1132.0,B,RUNNING,1129.34,9,10,4,10,0.4,30.0,99.1,637.7652,0.0,0,0.0,0.0
1133.0,B,RUNNING,1130.34,9,10,4,10,0.4,30.0,99.1,636.7652,0.0,0,0.0,0.0
1134.0,B,RUNNING,1131.34,9,10,4,10,0.4,30.0,99.1,635.7652,0.0,0,0.0,0.0
1135.0,B,RUNNING,1132.34,9,10,4,10,0.4,30.0,99.1,634.7652,0.0,0,0.0,0.0
1136.0,B,RUNNING,1133.34,9,10,4,10,0.4,30.0,99.1,633.7652,0.0,0,0.0,0.0
1137.0,B,RUNNING,1134.34,9,10,4,10,0.4,30.0,99.1,632.7652,0.0,0,0.0,0.0
1138.0,B,RUNNING,1135.34,9,10,4,10,0.4,30.0,99.1,631.7652,0.0,0,0.0,0.0
1139.0,B,RUNNING,1136.34,9,10,4,10,0.4,30.0,99.1,630.7652,0.0,0,0.0,0.0
1140.0,B,RUNNING,1137.34,9,10,4,10,0.4,30.0,99.1,629.7652,0.0,0,0.0,0.0
1141.0,B,RUNNING,1138.34,9,10,4,10,0.4,30.0,99.1,628.7652,0.0,0,0.0,0.0
1142.0,B,RUNNING,1139.34,9,10,4,10,0.4,30.0,99.1,627.7652,0.0,0,0.0,0.0
1143.0,B,RUNNING,1140.34,9,10,4,10,0.4,30.0,99.1,626.7652,0.0,0,0.0,0.0
1144.0,B,RUNNING,1141.34,9,10,4,10,0.4,30.0,99.1,625.7652,0.0,0,0.0,0.0
1145.0,B,RUNNING,1142.34,9,10,4,10,0.4,30.0,99.1,624.7652,0.0,0,0.0,0.0
1146.0,B,RUNNING,1143.34,9,10,4,10,0.4,30.0,99.1,623.7652,0.0,0,0.0,0.0
1147.0,B,RUNNING,1144.34,9,10,4,10,0.4,30.0,99.1,622.7652,0.0,0,0.0,0.0
1148.0,B,RUNNING,1145.34,9,10,4,10,0.4,30.0,99.1,621.7652,0.0,0,0.0,0.0
1149.0,B,RUNNING,1146.34,9,10,4,10,0.4,30.0,99.1,620.7652,0.0,0,0.0,0.0
1150.0,B,RUNNING,1147.34,9,10,4,10,0.4,30.0,99.1,619.7652,0.0,0,0.0,0.0
1151.0,B,RUNNING,1148.34,9,10,4,10,0.4,30.0,99.1,618.7652,0.0,0,0.0,0.0
1152.0,B,RUNNING,1149.34,9,10,4,10,0.4,30.0,99.1,617.7652,0.0,0,0.0,0.0
1153.0,B,RUNNING,1150.34,9,10,4,10,0.4,30.0,99.1,616.7652,0.0,0,0.0,0.0
1154.0,B,RUNNING,1151.34,9,10,4,10,0.4,30.0,99.1,615.7652,0.0,0,0.0,0.0
1155.0,B,RUNNING,1152.34,9,10,4,10,0.4,30.0,99.1,614.7652,0.0,0,0.0,0.0
1156.0,B,RUNNING,1153.34,9,10,4,10,0.4,30.0,99.1,613.7652,0.0,0,0.0,0.0
1157.0,B,RUNNING,1154.34,9,10,4,10,0.4,30.0,99.1,612.7652,0.0,0,0.0,0.0
1158.0,B,RUNNING,1155.34,9,10,4,10,0.4,30.0,99.1,611.7652,0.0,0,0.0,0.0
1159.0,B,RUNNING,1156.34,9,10,4,10,0.4,30.0,99.1,610.7652,0.0,0,0.0,0.0
1160.0,B,RUNNING,1157.34,9,10,4,10,0.4,30.0,99.1,609.7652,0.0,0,0.0,0.0
1161.0,B,RUNNING,1158.34,9,10,4,10,0.4,30.0,99.1,608.7652,0.0,0,0.0,0.0
1162.0,B,RUNNING,1159.34,9,10,4,10,0.4,30.0,99.1,607.7652,0.0,0,0.0,0.0
1163.0,B,RUNNING,1160.34,9,10,4,10,0.4,30.0,99.1,606.7652,0.0,0,0.0,0.0
1164.0,B,RUNNING,1161.34,9,10,4,10,0.4,30.0,99.1,605.7652,0.0,0,0.0,0.0
1165.0,B,RUNNING,1162.34,9,10,4,10,0.4,30.0,99.1,604.7652,0.0,0,0.0,0.0
1166.0,B,RUNNING,1163.34,9,10,4,10,0.4,30.0,99.1,603.7652,0.0,0,0.0,0.0
1167.0,B,RUNNING,1164.34,9,10,4,10,0.4,30.0,99.1,602.7652,0.0,0,0.0,0.0
1168.0,B,RUNNING,1165.34,9,10,4,10,0.4,30.0,99.1,601.7652,0.0,0,0.0,0.0
1169.0,B,RUNNING,1166.34,9,10,4,10,0.4,30.0,99.1,600.7652,0.0,0,0.0,0.0
1170.0,B,RUNNING,1167.34,10,10,5,10,0.5,30.0,99.0,590.9963,0.0,0,0.0,0.0
1171.0,B,RUNNING,1168.34,10,10,5,10,0.5,30.0,99.0,589.9963,0.0,0,0.0,0.0
1172.0,B,RUNNING,1169.34,10,10,5,10,0.5,30.0,99.0,588.9963,0.0,0,0.0,0.0
1173.0,B,RUNNING,1170.34,10,10,5,10,0.5,30.0,99.0,587.9963,0.0,0,0.0,0.0
1174.0,B,RUNNING,1171.34,10,10,5,10,0.5,30.0,99.0,586.9963,0.0,0,0.0,0.0
1175.0,B,RUNNING,1172.34,10,10,5,10,0.5,30.0,99.0,585.9963,0.0,0,0.0,0.0
1176.0,B,RUNNING,1173.34,10,10,5,10,0.5,30.0,99.0,584.9963,0.0,0,0.0,0.0
1177.0,B,RUNNING,1174.34,10,10,5,10,0.5,30.0,99.0,583.9963,0.0,0,0.0,0.0
1178.0,B,RUNNING,1175.34,10,10,5,10,0.5,30.0,99.0,582.9963,0.0,0,0.0,0.0
1179.0,B,RUNNING,1176.34,10,10,5,10,0.5,30.0,99.0,581.9963,0.0,0,0.0,0.0
1180.0,B,RUNNING,1177.34,10,10,5,10,0.5,30.0,99.0,580.9963,0.0,0,0.0,0.0
1181.0,B,RUNNING,1178.34,10,10,5,10,0.5,30.0,99.0,579.9963,0.0,0,0.0,0.0
1182.0,B,RUNNING,1179.34,10,10,5,10,0.5,30.0,99.0,578.9963,0.0,0,0.0,0.0
1183.0,B,RUNNING,1180.34,10,10,5,10,0.5,30.0,99.0,577.9963,0.0,0,0.0,0.0
1184.0,B,RUNNING,1181.34,10,10,5,10,0.5,30.0,99.0,576.9963,0.0,0,0.0,0.0
1185.0,B,RUNNING,1182.34,10,10,5,10,0.5,30.0,99.0,575.9963,0.0,0,0.0,0.0
1186.0,B,RUNNING,1183.34,10,15,0,10,0.0,30.0,99.0,1174.9963,0.0,0,0.0,0.0
1187.0,B,RUNNING,1184.34,10,15,0,10,0.0,30.0,99.0,1173.9963,0.0,0,0.0,0.0
1188.0,B,RUNNING,1185.34,10,15,0,10,0.0,30.0,99.0,1172.9963,0.0,0,0.0,0.0
1189.0,B,RUNNING,1186.34,10,15,0,10,0.0,30.0,99.0,1171.9963,0.0,0,0.0,0.0
1190.0,B,RUNNING,1187.34,10,15,0,10,0.0,30.0,99.0,1170.9963,0.0,0,0.0,0.0
1191.0,B,RUNNING,1188.34,10,15,0,10,0.0,30.0,99.0,1169.9963,0.0,0,0.0,0.0
1192.0,B,RUNNING,1189.34,10,15,0,10,0.0,30.0,99.0,1168.9963,0.0,0,0.0,0.0
1193.0,B,RUNNING,1190.34,10,15,0,10,0.0,30.0,99.0,1167.9963,0.0,0,0.0,0.0
1194.0,B,RUNNING,1191.34,10,15,0,10,0.0,30.0,99.0,1166.9963,0.0,0,0.0,0.0
1195.0,B,RUNNING,1192.34,10,15,0,10,0.0,30.0,99.0,1165.9963,0.0,0,0.0,0.0
1196.0,B,RUNNING,1193.34,10,15,0,10,0.0,30.0,99.0,1164.9963,0.0,0,0.0,0.0
1197.0,B,RUNNING,1194.34,10,15,0,10,0.0,30.0,99.0,1163.9963,0.0,0,0.0,0.0
1198.0,B,RUNNING,1195.34,10,15,0,10,0.0,30.0,99.0,1162.9963,0.0,0,0.0,0.0
1199.0,B,RUNNING,1196.34,10,15,0,10,0.0,30.0,99.0,1161.9963,0.0,0,0.0,0.0
1200.0,B,RUNNING,1197.34,10,15,0,10,0.0,30.0,99.0,1160.9963,0.0,0,0.0,0.0
1201.0,B,RUNNING,1198.34,10,15,0,10,0.0,30.0,99.0,1159.9963,0.0,0,0.0,0.0
1202.0,B,RUNNING,1199.34,10,15,0,10,0.0,30.0,99.0,1158.9963,0.0,0,0.0,0.0
1203.0,B,RUNNING,1200.34,10,15,0,10,0.0,30.0,99.0,1157.9963,0.0,0,0.0,0.0
1204.0,B,RUNNING,1201.34,10,15,0,10,0.0,30.0,99.0,1156.9963,0.0,0,0.0,0.0
1205.0,B,RUNNING,1202.34,10,15,0,10,0.0,30.0,99.0,1155.9963,0.0,0,0.0,0.0
1206.0,B,RUNNING,1203.34,10,15,0,10,0.0,30.0,99.0,1154.9963,0.0,0,0.0,0.0
1207.0,B,RUNNING,1204.34,10,15,0,10,0.0,30.0,99.0,1153.9963,0.0,0,0.0,0.0
1208.0,B,RUNNING,1205.34,10,15,0,10,0.0,30.0,99.0,1152.9963,0.0,0,0.0,0.0
1209.0,B,RUNNING,1206.34,10,15,0,10,0.0,30.0,99.0,1151.9963,0.0,0,0.0,0.0
1210.0,B,RUNNING,1207.34,10,15,0,10,0.0,30.0,99.0,1150.9963,0.0,0,0.0,0.0
1211.0,B,RUNNING,1208.34,10,15,0,10,0.0,30.0,99.0,1149.9963,0.0,0,0.0,0.0
1212.0,B,RUNNING,1209.34,10,15,0,10,0.0,30.0,99.0,1148.9963,0.0,0,0.0,0.0
1213.0,B,RUNNING,1210.34,10,15,0,10,0.0,30.0,99.0,1147.9963,0.0,0,0.0,0.0
1214.0,B,RUNNING,1211.34,10,15,0,10,0.0,30.0,99.0,1146.9963,0.0,0,0.0,0.0
1215.0,B,RUNNING,1212.34,10,15,0,10,0.0,30.0,99.0,1145.9963,0.0,0,0.0,0.0
1216.0,B,RUNNING,1213.34,10,15,0,10,0.0,30.0,99.0,1144.9963,0.0,0,0.0,0.0
1217.0,B,RUNNING,1214.34,10,15,0,10,0.0,30.0,99.0,1143.9963,0.0,0,0.0,0.0
1218.0,B,RUNNING,1215.34,10,15,0,10,0.0,30.0,99.0,1142.9963,0.0,0,0.0,0.0
1219.0,B,RUNNING,1216.34,10,15,0,10,0.0,30.0,99.0,1141.9963,0.0,0,0.0,0.0
1220.0,B,RUNNING,1217.34,10,15,0,10,0.0,30.0,99.0,1140.9963,0.0,0,0.0,0.0
1221.0,B,RUNNING,1218.34,10,15,0,10,0.0,30.0,99.0,1139.9963,0.0,0,0.0,0.0
1222.0,B,RUNNING,1219.34,10,15,0,10,0.0,30.0,99.0,1138.9963,0.0,0,0.0,0.0
1223.0,B,RUNNING,1220.34,10,15,0,10,0.0,30.0,99.0,1137.9963,0.0,0,0.0,0.0
1224.0,B,RUNNING,1221.34,10,15,0,10,0.0,30.0,99.0,1136.9963,0.0,0,0.0,0.0
1225.0,B,RUNNING,1222.34,10,15,0,10,0.0,30.0,99.0,1135.9963,0.0,0,0.0,0.0
1226.0,B,RUNNING,1223.34,10,15,0,10,0.0,30.0,99.0,1134.9963,0.0,0,0.0,0.0
1227.0,B,RUNNING,1224.34,10,15,0,10,0.0,30.0,99.0,1133.9963,0.0,0,0.0,0.0
1228.0,B,RUNNING,1225.34,10,15,0,10,0.0,30.0,99.0,1132.9963,0.0,0,0.0,0.0
1229.0,B,RUNNING,1226.34,10,15,0,10,0.0,30.0,99.0,1131.9963,0.0,0,0.0,0.0
1230.0,B,RUNNING,1227.34,10,15,0,10,0.0,30.0,99.0,1130.9963,0.0,0,0.0,0.0
1231.0,B,RUNNING,1228.34,10,15,0,10,0.0,30.0,99.0,1129.9963,0.0,0,0.0,0.0
1232.0,B,RUNNING,1229.34,10,15,0,10,0.0,30.0,99.0,1128.9963,0.0,0,0.0,0.0
1233.0,B,RUNNING,1230.34,10,15,0,10,0.0,30.0,99.0,1127.9963,0.0,0,0.0,0.0
1234.0,B,RUNNING,1231.34,10,15,0,10,0.0,30.0,99.0,1126.9963,0.0,0,0.0,0.0
1235.0,B,RUNNING,1232.34,10,15,0,10,0.0,30.0,99.0,1125.9963,0.0,0,0.0,0.0
1236.0,B,RUNNING,1233.34,10,15,0,10,0.0,30.0,99.0,1124.9963,0.0,0,0.0,0.0
1237.0,B,RUNNING,1234.34,10,15,0,10,0.0,30.0,99.0,1123.9963,0.0,0,0.0,0.0
1238.0,B,RUNNING,1235.34,10,15,0,10,0.0,30.0,99.0,1122.9963,0.0,0,0.0,0.0
1239.0,B,RUNNING,1236.34,10,15,0,10,0.0,30.0,99.0,1121.9963,0.0,0,0.0,0.0
1240.0,B,RUNNING,1237.34,10,15,0,10,0.0,30.0,99.0,1120.9963,0.0,0,0.0,0.0
1241.0,B,RUNNING,1238.34,10,15,0,10,0.0,30.0,99.0,1119.9963,0.0,0,0.0,0.0
1242.0,B,RUNNING,1239.34,10,15,0,10,0.0,30.0,99.0,1118.9963,0.0,0,0.0,0.0
1243.0,B,RUNNING,1240.34,10,15,0,10,0.0,30.0,99.0,1117.9963,0.0,0,0.0,0.0
1244.0,B,RUNNING,1241.34,10,15,0,10,0.0,30.0,99.0,1116.9963,0.0,0,0.0,0.0
1245.0,B,RUNNING,1242.34,10,15,0,10,0.0,30.0,99.0,1115.9963,0.0,0,0.0,0.0
1246.0,B,RUNNING,1243.34,10,15,0,10,0.0,30.0,99.0,1114.9963,0.0,0,0.0,0.0
1247.0,B,RUNNING,1244.34,10,15,0,10,0.0,30.0,99.0,1113.9963,0.0,0,0.0,0.0
1248.0,B,RUNNING,1245.34,10,15,0,10,0.0,30.0,99.0,1112.9963,0.0,0,0.0,0.0
1249.0,B,RUNNING,1246.34,10,15,0,10,0.0,30.0,99.0,1111.9963,0.0,0,0.0,0.0
1250.0,B,RUNNING,1247.34,10,15,0,10,0.0,30.0,99.0,1110.9963,0.0,0,0.0,0.0
1251.0,B,RUNNING,1248.34,10,15,0,10,0.0,30.0,99.0,1109.9963,0.0,0,0.0,0.0
1252.0,B,RUNNING,1249.34,10,15,0,10,0.0,30.0,99.0,1108.9963,0.0,0,0.0,0.0
1253.0,B,RUNNING,1250.34,10,15,0,10,0.0,30.0,99.0,1107.9963,0.0,0,0.0,0.0
1254.0,B,RUNNING,1251.34,10,15,0,10,0.0,30.0,99.0,1106.9963,0.0,0,0.0,0.0
1255.0,B,RUNNING,1252.34,10,15,0,10,0.0,30.0,99.0,1105.9963,0.0,0,0.0,0.0
1256.0,B,RUNNING,1253.34,10,15,0,10,0.0,30.0,99.0,1104.9963,0.0,0,0.0,0.0
1257.0,B,RUNNING,1254.34,10,15,0,10,0.0,30.0,99.0,1103.9963,0.0,0,0.0,0.0
1258.0,B,RUNNING,1255.34,10,15,0,10,0.0,30.0,99.0,1102.9963,0.0,0,0.0,0.0
1259.0,B,RUNNING,1256.34,10,15,0,10,0.0,30.0,99.0,1101.9963,0.0,0,0.0,0.0
1260.0,B,RUNNING,1257.34,10,15,0,10,0.0,30.0,99.0,1100.9963,0.0,0,0.0,0.0
1261.0,B,RUNNING,1258.34,10,15,0,10,0.0,30.0,99.0,1099.9963,0.0,0,0.0,0.0
1262.0,B,RUNNING,1259.34,10,15,0,10,0.0,30.0,99.0,1098.9963,0.0,0,0.0,0.0
1263.0,B,RUNNING,1260.34,10,15,0,10,0.0,30.0,99.0,1097.9963,0.0,0,0.0,0.0
1264.0,B,RUNNING,1261.34,10,15,0,10,0.0,30.0,99.0,1096.9963,0.0,0,0.0,0.0
1265.0,B,RUNNING,1262.34,10,15,0,10,0.0,30.0,99.0,1095.9963,0.0,0,0.0,0.0
1266.0,B,RUNNING,1263.34,10,15,0,10,0.0,30.0,99.0,1094.9963,0.0,0,0.0,0.0
1267.0,B,RUNNING,1264.34,10,15,0,10,0.0,30.0,99.0,1093.9963,0.0,0,0.0,0.0
1268.0,B,RUNNING,1265.34,10,15,0,10,0.0,30.0,99.0,1092.9963,0.0,0,0.0,0.0
1269.0,B,RUNNING,1266.34,10,15,0,10,0.0,30.0,99.0,1091.9963,0.0,0,0.0,0.0
1270.0,B,RUNNING,1267.34,10,15,0,10,0.0,30.0,99.0,1090.9963,0.0,0,0.0,0.0
1271.0,B,RUNNING,1268.34,10,15,0,10,0.0,30.0,99.0,1089.9963,0.0,0,0.0,0.0
1272.0,B,RUNNING,1269.34,10,15,0,10,0.0,30.0,99.0,1088.9963,0.0,0,0.0,0.0
1273.0,B,RUNNING,1270.34,10,15,0,10,0.0,30.0,99.0,1087.9963,0.0,0,0.0,0.0
1274.0,B,RUNNING,1271.34,10,15,0,10,0.0,30.0,99.0,1086.9963,0.0,0,0.0,0.0
1275.0,B,RUNNING,1272.34,10,15,0,10,0.0,30.0,99.0,1085.9963,0.0,0,0.0,0.0
1276.0,B,RUNNING,1273.34,10,15,0,10,0.0,30.0,99.0,1084.9963,0.0,0,0.0,0.0
1277.0,B,RUNNING,1274.34,10,15,0,10,0.0,30.0,99.0,1083.9963,0.0,0,0.0,0.0
1278.0,B,RUNNING,1275.34,10,15,0,10,0.0,30.0,99.0,1082.9963,0.0,0,0.0,0.0
1279.0,B,RUNNING,1276.34,10,15,0,10,0.0,30.0,99.0,1081.9963,0.0,0,0.0,0.0
1280.0,B,RUNNING,1277.34,10,15,0,10,0.0,30.0,99.0,1080.9963,0.0,0,0.0,0.0
1281.0,B,RUNNING,1278.34,11,15,1,10,0.1,30.0,98.9,1072.4987,0.0,0,0.0,0.0
1282.0,B,RUNNING,1279.34,11,15,1,10,0.1,30.0,98.9,1071.4987,0.0,0,0.0,0.0
1283.0,B,RUNNING,1280.34,11,15,1,10,0.1,30.0,98.9,1070.4987,0.0,0,0.0,0.0
1284.0,B,RUNNING,1281.34,11,15,1,10,0.1,30.0,98.9,1069.4987,0.0,0,0.0,0.0
1285.0,B,RUNNING,1282.34,11,15,1,10,0.1,30.0,98.9,1068.4987,0.0,0,0.0,0.0
1286.0,B,RUNNING,1283.34,11,15,1,10,0.1,30.0,98.9,1067.4987,0.0,0,0.0,0.0
1287.0,B,RUNNING,1284.34,11,15,1,10,0.1,30.0,98.9,1066.4987,0.0,0,0.0,0.0
1288.0,B,RUNNING,1285.34,11,15,1,10,0.1,30.0,98.9,1065.4987,0.0,0,0.0,0.0
1289.0,B,RUNNING,1286.34,11,15,1,10,0.1,30.0,98.9,1064.4987,0.0,0,0.0,0.0
1290.0,B,RUNNING,1287.34,11,15,1,10,0.1,30.0,98.9,1063.4987,0.0,0,0.0,0.0
1291.0,B,RUNNING,1288.34,11,15,1,10,0.1,30.0,98.9,1062.4987,0.0,0,0.0,0.0
1292.0,B,RUNNING,1289.34,11,15,1,10,0.1,30.0,98.9,1061.4987,0.0,0,0.0,0.0
1293.0,B,RUNNING,1290.34,11,15,1,10,0.1,30.0,98.9,1060.4987,0.0,0,0.0,0.0
1294.0,B,RUNNING,1291.34,11,15,1,10,0.1,30.0,98.9,1059.4987,0.0,0,0.0,0.0
1295.0,B,RUNNING,1292.34,11,15,1,10,0.1,30.0,98.9,1058.4987,0.0,0,0.0,0.0
1296.0,B,RUNNING,1293.34,11,15,1,10,0.1,30.0,98.9,1057.4987,0.0,0,0.0,0.0
1297.0,B,RUNNING,1294.34,11,15,1,10,0.1,30.0,98.9,1056.4987,0.0,0,0.0,0.0
1298.0,B,RUNNING,1295.34,11,15,1,10,0.1,30.0,98.9,1055.4987,0.0,0,0.0,0.0
1299.0,B,RUNNING,1296.34,11,15,1,10,0.1,30.0,98.9,1054.4987,0.0,0,0.0,0.0
1300.0,B,RUNNING,1297.34,11,15,1,10,0.1,30.0,98.9,1053.4987,0.0,0,0.0,0.0
1301.0,B,RUNNING,1298.34,11,15,1,10,0.1,30.0,98.9,1052.4987,0.0,0,0.0,0.0
1302.0,B,RUNNING,1299.34,11,15,1,10,0.1,30.0,98.9,1051.4987,0.0,0,0.0,0.0
1303.0,B,RUNNING,1300.34,11,15,1,10,0.1,30.0,98.9,1050.4987,0.0,0,0.0,0.0
1304.0,B,RUNNING,1301.34,11,15,1,10,0.1,30.0,98.9,1049.4987,0.0,0,0.0,0.0
1305.0,B,RUNNING,1302.34,11,15,1,10,0.1,30.0,98.9,1048.4987,0.0,0,0.0,0.0
1306.0,B,RUNNING,1303.34,11,15,1,10,0.1,30.0,98.9,1047.4987,0.0,0,0.0,0.0
1307.0,B,RUNNING,1304.34,11,15,1,10,0.1,30.0,98.9,1046.4987,0.0,0,0.0,0.0
1308.0,B,RUNNING,1305.34,11,15,1,10,0.1,30.0,98.9,1045.4987,0.0,0,0.0,0.0
1309.0,B,RUNNING,1306.34,11,15,1,10,0.1,30.0,98.9,1044.4987,0.0,0,0.0,0.0
1310.0,B,RUNNING,1307.34,11,15,1,10,0.1,30.0,98.9,1043.4987,0.0,0,0.0,0.0
1311.0,B,RUNNING,1308.34,11,15,1,10,0.1,30.0,98.9,1042.4987,0.0,0,0.0,0.0
1312.0,B,RUNNING,1309.34,11,15,1,10,0.1,30.0,98.9,1041.4987,0.0,0,0.0,0.0
1313.0,B,RUNNING,1310.34,11,15,1,10,0.1,30.0,98.9,1040.4987,0.0,0,0.0,0.0
1314.0,B,RUNNING,1311.34,11,15,1,10,0.1,30.0,98.9,1039.4987,0.0,0,0.0,0.0
1315.0,B,RUNNING,1312.34,11,15,1,10,0.1,30.0,98.9,1038.4987,0.0,0,0.0,0.0
1316.0,B,RUNNING,1313.34,11,15,1,10,0.1,30.0,98.9,1037.4987,0.0,0,0.0,0.0
1317.0,B,RUNNING,1314.34,11,15,1,10,0.1,30.0,98.9,1036.4987,0.0,0,0.0,0.0
1318.0,B,RUNNING,1315.34,11,15,1,10,0.1,30.0,98.9,1035.4987,0.0,0,0.0,0.0
1319.0,B,RUNNING,1316.34,11,15,1,10,0.1,30.0,98.9,1034.4987,0.0,0,0.0,0.0
1320.0,B,RUNNING,1317.34,11,15,1,10,0.1,30.0,98.9,1033.4987,0.0,0,0.0,0.0
1321.0,B,RUNNING,1318.34,11,15,1,10,0.1,30.0,98.9,1032.4987,0.0,0,0.0,0.0
1322.0,B,RUNNING,1319.34,11,15,1,10,0.1,30.0,98.9,1031.4987,0.0,0,0.0,0.0
1323.0,B,RUNNING,1320.34,11,15,1,10,0.1,30.0,98.9,1030.4987,0.0,0,0.0,0.0
1324.0,B,RUNNING,1321.34,11,15,1,10,0.1,30.0,98.9,1029.4987,0.0,0,0.0,0.0
1325.0,B,RUNNING,1322.34,11,15,1,10,0.1,30.0,98.9,1028.4987,0.0,0,0.0,0.0
1326.0,B,RUNNING,1323.34,11,15,1,10,0.1,30.0,98.9,1027.4987,0.0,0,0.0,0.0
1327.0,B,RUNNING,1324.34,11,15,1,10,0.1,30.0,98.9,1026.4987,0.0,0,0.0,0.0
1328.0,B,RUNNING,1325.34,11,15,1,10,0.1,30.0,98.9,1025.4987,0.0,0,0.0,0.0
1329.0,B,RUNNING,1326.34,11,15,1,10,0.1,30.0,98.9,1024.4987,0.0,0,0.0,0.0
1330.0,B,RUNNING,1327.34,11,15,1,10,0.1,30.0,98.9,1023.4987,0.0,0,0.0,0.0
1331.0,B,RUNNING,1328.34,11,15,1,10,0.1,30.0,98.9,1022.4987,0.0,0,0.0,0.0
1332.0,B,RUNNING,1329.34,11,15,1,10,0.1,30.0,98.9,1021.4987,0.0,0,0.0,0.0
1333.0,B,RUNNING,1330.34,11,15,1,10,0.1,30.0,98.9,1020.4987,0.0,0,0.0,0.0
1334.0,B,RUNNING,1331.34,11,15,1,10,0.1,30.0,98.9,1019.4987,0.0,0,0.0,0.0
1335.0,B,RUNNING,1332.34,11,15,1,10,0.1,30.0,98.9,1018.4987,0.0,0,0.0,0.0
1336.0,B,RUNNING,1333.34,11,15,1,10,0.1,30.0,98.9,1017.4987,0.0,0,0.0,0.0
1337.0,B,RUNNING,1334.34,11,15,1,10,0.1,30.0,98.9,1016.4987,0.0,0,0.0,0.0
1338.0,B,RUNNING,1335.34,11,15,1,10,0.1,30.0,98.9,1015.4987,0.0,0,0.0,0.0
1339.0,B,RUNNING,1336.34,11,15,1,10,0.1,30.0,98.9,1014.4987,0.0,0,0.0,0.0
1340.0,B,RUNNING,1337.34,11,15,1,10,0.1,30.0,98.9,1013.4987,0.0,0,0.0,0.0
1341.0,B,RUNNING,1338.34,11,15,1,10,0.1,30.0,98.9,1012.4987,0.0,0,0.0,0.0
1342.0,B,RUNNING,1339.34,11,15,1,10,0.1,30.0,98.9,1011.4987,0.0,0,0.0,0.0
1343.0,B,RUNNING,1340.34,11,15,1,10,0.1,30.0,98.9,1010.4987,0.0,0,0.0,0.0
1344.0,B,RUNNING,1341.34,11,15,1,10,0.1,30.0,98.9,1009.4987,0.0,0,0.0,0.0
1345.0,B,RUNNING,1342.34,11,15,1,10,0.1,30.0,98.9,1008.4987,0.0,0,0.0,0.0
1346.0,B,RUNNING,1343.34,11,15,1,10,0.1,30.0,98.9,1007.4987,0.0,0,0.0,0.0
1347.0,B,RUNNING,1344.34,11,15,1,10,0.1,30.0,98.9,1006.4987,0.0,0,0.0,0.0
1348.0,B,RUNNING,1345.34,11,15,1,10,0.1,30.0,98.9,1005.4987,0.0,0,0.0,0.0
1349.0,B,RUNNING,1346.34,11,15,1,10,0.1,30.0,98.9,1004.4987,0.0,0,0.0,0.0
1350.0,B,RUNNING,1347.34,11,15,1,10,0.1,30.0,98.9,1003.4987,0.0,0,0.0,0.0
1351.0,B,RUNNING,1348.34,11,15,1,10,0.1,30.0,98.9,1002.4987,0.0,0,0.0,0.0
1352.0,B,RUNNING,1349.34,11,15,1,10,0.1,30.0,98.9,1001.4987,0.0,0,0.0,0.0
1353.0,B,RUNNING,1350.34,11,15,1,10,0.1,30.0,98.9,1000.4987,0.0,0,0.0,0.0
1354.0,B,RUNNING,1351.34,11,15,1,10,0.1,30.0,98.9,999.4987,0.0,0,0.0,0.0
1355.0,B,RUNNING,1352.34,11,15,1,10,0.1,30.0,98.9,998.4987,0.0,0,0.0,0.0
1356.0,B,RUNNING,1353.34,11,15,1,10,0.1,30.0,98.9,997.4987,0.0,0,0.0,0.0
1357.0,B,RUNNING,1354.34,11,15,1,10,0.1,30.0,98.9,996.4987,0.0,0,0.0,0.0
1358.0,B,RUNNING,1355.34,11,15,1,10,0.1,30.0,98.9,995.4987,0.0,0,0.0,0.0
1359.0,B,RUNNING,1356.34,11,15,1,10,0.1,30.0,98.9,994.4987,0.0,0,0.0,0.0
1360.0,B,RUNNING,1357.34,11,15,1,10,0.1,30.0,98.9,993.4987,0.0,0,0.0,0.0
1361.0,B,RUNNING,1358.34,11,15,1,10,0.1,30.0,98.9,992.4987,0.0,0,0.0,0.0
1362.0,B,RUNNING,1359.34,11,15,1,10,0.1,30.0,98.9,991.4987,0.0,0,0.0,0.0
1363.0,B,RUNNING,1360.34,11,15,1,10,0.1,30.0,98.9,990.4987,0.0,0,0.0,0.0
1364.0,B,RUNNING,1361.34,11,15,1,10,0.1,30.0,98.9,989.4987,0.0,0,0.0,0.0
1365.0,B,RUNNING,1362.344,11,15,1,10,0.1,30.0,98.9,988.4947,0.0,0,0.0,0.0
1366.0,B,RUNNING,1363.34,11,15,1,10,0.1,30.0,98.9,987.4987,0.0,0,0.0,0.0
1367.0,B,RUNNING,1364.34,11,15,1,10,0.1,30.0,98.9,986.4987,0.0,0,0.0,0.0
1368.0,B,RUNNING,1365.34,11,15,1,10,0.1,30.0,98.9,985.4987,0.0,0,0.0,0.0
1369.0,B,RUNNING,1366.34,11,15,1,10,0.1,30.0,98.9,984.4987,0.0,0,0.0,0.0
1370.0,B,RUNNING,1367.34,11,15,1,10,0.1,30.0,98.9,983.4987,0.0,0,0.0,0.0
1371.0,B,RUNNING,1368.34,11,15,1,10,0.1,30.0,98.9,982.4987,0.0,0,0.0,0.0
1372.0,B,RUNNING,1369.34,11,15,1,10,0.1,30.0,98.9,981.4987,0.0,0,0.0,0.0
1373.0,B,RUNNING,1370.34,11,15,1,10,0.1,30.0,98.9,980.4987,0.0,0,0.0,0.0
1374.0,B,RUNNING,1371.34,11,15,1,10,0.1,30.0,98.9,979.4987,0.0,0,0.0,0.0
1375.0,B,RUNNING,1372.34,11,15,1,10,0.1,30.0,98.9,978.4987,0.0,0,0.0,0.0
1376.0,B,RUNNING,1373.34,11,15,1,10,0.1,30.0,98.9,977.4987,0.0,0,0.0,0.0
1377.0,B,RUNNING,1374.34,11,15,1,10,0.1,30.0,98.9,976.4987,0.0,0,0.0,0.0
1378.0,B,RUNNING,1375.34,11,15,1,10,0.1,30.0,98.9,975.4987,0.0,0,0.0,0.0
1379.0,B,RUNNING,1376.34,11,15,1,10,0.1,30.0,98.9,974.4987,0.0,0,0.0,0.0
1380.0,B,RUNNING,1377.34,11,15,1,10,0.1,30.0,98.9,973.4987,0.0,0,0.0,0.0
1381.0,B,RUNNING,1378.34,11,15,1,10,0.1,30.0,98.9,972.4987,0.0,0,0.0,0.0
1382.0,B,RUNNING,1379.34,11,15,1,10,0.1,30.0,98.9,971.4987,0.0,0,0.0,0.0
1383.0,B,RUNNING,1380.34,11,15,1,10,0.1,30.0,98.9,970.4987,0.0,0,0.0,0.0
1384.0,B,RUNNING,1381.34,11,15,1,10,0.1,30.0,98.9,969.4987,0.0,0,0.0,0.0
1385.0,B,RUNNING,1382.34,11,15,1,10,0.1,30.0,98.9,968.4987,0.0,0,0.0,0.0
1386.0,B,RUNNING,1383.34,11,15,1,10,0.1,30.0,98.9,967.4987,0.0,0,0.0,0.0
1387.0,B,RUNNING,1384.34,11,15,1,10,0.1,30.0,98.9,966.4987,0.0,0,0.0,0.0
1388.0,B,RUNNING,1385.34,11,15,1,10,0.1,30.0,98.9,965.4987,0.0,0,0.0,0.0
1389.0,B,RUNNING,1386.34,11,15,1,10,0.1,30.0,98.9,964.4987,0.0,0,0.0,0.0
1390.0,B,RUNNING,1387.34,11,15,1,10,0.1,30.0,98.9,963.4987,0.0,0,0.0,0.0
1391.0,B,RUNNING,1388.34,11,15,1,10,0.1,30.0,98.9,962.4987,0.0,0,0.0,0.0
1392.0,B,RUNNING,1389.34,11,15,1,10,0.1,30.0,98.9,961.4987,0.0,0,0.0,0.0
1393.0,B,RUNNING,1390.34,11,15,1,10,0.1,30.0,98.9,960.4987,0.0,0,0.0,0.0
1394.0,B,RUNNING,1391.34,12,15,2,10,0.2,30.0,98.8,964.4548,0.0,0,0.0,0.0
1395.0,B,RUNNING,1392.34,12,15,2,10,0.2,30.0,98.8,963.4548,0.0,0,0.0,0.0
1396.0,B,RUNNING,1393.34,12,15,2,10,0.2,30.0,98.8,962.4548,0.0,0,0.0,0.0
1397.0,B,RUNNING,1394.34,12,15,2,10,0.2,30.0,98.8,961.4548,0.0,0,0.0,0.0
1398.0,B,RUNNING,1395.34,12,15,2,10,0.2,30.0,98.8,960.4548,0.0,0,0.0,0.0
1399.0,B,RUNNING,1396.34,12,15,2,10,0.2,30.0,98.8,959.4548,0.0,0,0.0,0.0
1400.0,B,RUNNING,1397.34,12,15,2,10,0.2,30.0,98.8,958.4548,0.0,0,0.0,0.0
1401.0,B,RUNNING,1398.34,12,15,2,10,0.2,30.0,98.8,957.4548,0.0,0,0.0,0.0
1402.0,B,RUNNING,1399.34,12,15,2,10,0.2,30.0,98.8,956.4548,0.0,0,0.0,0.0
1403.0,B,RUNNING,1400.34,12,15,2,10,0.2,30.0,98.8,955.4548,0.0,0,0.0,0.0
1404.0,B,RUNNING,1401.34,12,15,2,10,0.2,30.0,98.8,954.4548,0.0,0,0.0,0.0
1405.0,B,RUNNING,1402.34,12,15,2,10,0.2,30.0,98.8,953.4548,0.0,0,0.0,0.0
1406.0,B,RUNNING,1403.34,12,15,2,10,0.2,30.0,98.8,952.4548,0.0,0,0.0,0.0
1407.0,B,RUNNING,1404.34,12,15,2,10,0.2,30.0,98.8,951.4548,0.0,0,0.0,0.0
1408.0,B,RUNNING,1405.34,12,15,2,10,0.2,30.0,98.8,950.4548,0.0,0,0.0,0.0
1409.0,B,RUNNING,1406.34,12,15,2,10,0.2,30.0,98.8,949.4548,0.0,0,0.0,0.0
1410.0,B,RUNNING,1407.34,12,15,2,10,0.2,30.0,98.8,948.4548,0.0,0,0.0,0.0
1411.0,B,RUNNING,1408.34,12,15,2,10,0.2,30.0,98.8,947.4548,0.0,0,0.0,0.0
1412.0,B,RUNNING,1409.34,12,15,2,10,0.2,30.0,98.8,946.4548,0.0,0,0.0,0.0
1413.0,B,RUNNING,1410.34,12,15,2,10,0.2,30.0,98.8,945.4548,0.0,0,0.0,0.0
1414.0,B,RUNNING,1411.34,12,15,2,10,0.2,30.0,98.8,944.4548,0.0,0,0.0,0.0
1415.0,B,RUNNING,1412.34,12,15,2,10,0.2,30.0,98.8,943.4548,0.0,0,0.0,0.0
1416.0,B,RUNNING,1413.34,12,15,2,10,0.2,30.0,98.8,942.4548,0.0,0,0.0,0.0
1417.0,B,RUNNING,1414.34,12,15,2,10,0.2,30.0,98.8,941.4548,0.0,0,0.0,0.0
1418.0,B,RUNNING,1415.34,12,15,2,10,0.2,30.0,98.8,940.4548,0.0,0,0.0,0.0
1419.0,B,RUNNING,1416.34,12,15,2,10,0.2,30.0,98.8,939.4548,0.0,0,0.0,0.0
1420.0,B,RUNNING,1417.34,12,15,2,10,0.2,30.0,98.8,938.4548,0.0,0,0.0,0.0
1421.0,B,RUNNING,1418.34,12,15,2,10,0.2,30.0,98.8,937.4548,0.0,0,0.0,0.0
1422.0,B,RUNNING,1419.34,12,15,2,10,0.2,30.0,98.8,936.4548,0.0,0,0.0,0.0
1423.0,B,RUNNING,1420.34,12,15,2,10,0.2,30.0,98.8,935.4548,0.0,0,0.0,0.0
1424.0,B,RUNNING,1421.34,12,15,2,10,0.2,30.0,98.8,934.4548,0.0,0,0.0,0.0
1425.0,B,RUNNING,1422.34,12,15,2,10,0.2,30.0,98.8,933.4548,0.0,0,0.0,0.0
1426.0,B,RUNNING,1423.34,12,15,2,10,0.2,30.0,98.8,932.4548,0.0,0,0.0,0.0
1427.0,B,RUNNING,1424.34,12,15,2,10,0.2,30.0,98.8,931.4548,0.0,0,0.0,0.0
1428.0,B,RUNNING,1425.34,12,15,2,10,0.2,30.0,98.8,930.4548,0.0,0,0.0,0.0
1429.0,B,RUNNING,1426.34,12,15,2,10,0.2,30.0,98.8,929.4548,0.0,0,0.0,0.0
1430.0,B,RUNNING,1427.34,12,15,2,10,0.2,30.0,98.8,928.4548,0.0,0,0.0,0.0
1431.0,B,RUNNING,1428.34,12,15,2,10,0.2,30.0,98.8,927.4548,0.0,0,0.0,0.0
1432.0,B,RUNNING,1429.34,12,15,2,10,0.2,30.0,98.8,926.4548,0.0,0,0.0,0.0
1433.0,B,RUNNING,1430.34,12,15,2,10,0.2,30.0,98.8,925.4548,0.0,0,0.0,0.0
1434.0,B,RUNNING,1431.34,12,15,2,10,0.2,30.0,98.8,924.4548,0.0,0,0.0,0.0
1435.0,B,RUNNING,1432.34,12,15,2,10,0.2,30.0,98.8,923.4548,0.0,0,0.0,0.0
1436.0,B,RUNNING,1433.34,12,15,2,10,0.2,30.0,98.8,922.4548,0.0,0,0.0,0.0
1437.0,B,RUNNING,1434.34,12,15,2,10,0.2,30.0,98.8,921.4548,0.0,0,0.0,0.0
1438.0,B,RUNNING,1435.34,12,15,2,10,0.2,30.0,98.8,920.4548,0.0,0,0.0,0.0
1439.0,B,RUNNING,1436.34,12,15,2,10,0.2,30.0,98.8,919.4548,0.0,0,0.0,0.0
1440.0,B,RUNNING,1437.34,12,15,2,10,0.2,30.0,98.8,918.4548,0.0,0,0.0,0.0
1441.0,B,RUNNING,1438.34,12,15,2,10,0.2,30.0,98.8,917.4548,0.0,0,0.0,0.0
1442.0,B,RUNNING,1439.34,12,15,2,10,0.2,30.0,98.8,916.4548,0.0,0,0.0,0.0
1443.0,B,RUNNING,1440.34,12,15,2,10,0.2,30.0,98.8,915.4548,0.0,0,0.0,0.0
1444.0,B,RUNNING,1441.34,12,15,2,10,0.2,30.0,98.8,914.4548,0.0,0,0.0,0.0
1445.0,B,RUNNING,1442.34,12,15,2,10,0.2,30.0,98.8,913.4548,0.0,0,0.0,0.0
1446.0,B,RUNNING,1443.34,12,15,2,10,0.2,30.0,98.8,912.4548,0.0,0,0.0,0.0
1447.0,B,RUNNING,1444.34,12,15,2,10,0.2,30.0,98.8,911.4548,0.0,0,0.0,0.0
1448.0,B,RUNNING,1445.34,12,15,2,10,0.2,30.0,98.8,910.4548,0.0,0,0.0,0.0
1449.0,B,RUNNING,1446.34,12,15,2,10,0.2,30.0,98.8,909.4548,0.0,0,0.0,0.0
1450.0,B,RUNNING,1447.34,12,15,2,10,0.2,30.0,98.8,908.4548,0.0,0,0.0,0.0
1451.0,B,RUNNING,1448.34,12,15,2,10,0.2,30.0,98.8,907.4548,0.0,0,0.0,0.0
1452.0,B,RUNNING,1449.34,12,15,2,10,0.2,30.0,98.8,906.4548,0.0,0,0.0,0.0
1453.0,B,RUNNING,1450.34,12,15,2,10,0.2,30.0,98.8,905.4548,0.0,0,0.0,0.0
1454.0,B,RUNNING,1451.34,12,15,2,10,0.2,30.0,98.8,904.4548,0.0,0,0.0,0.0
1455.0,B,RUNNING,1452.34,12,15,2,10,0.2,30.0,98.8,903.4548,0.0,0,0.0,0.0
1456.0,B,RUNNING,1453.34,12,15,2,10,0.2,30.0,98.8,902.4548,0.0,0,0.0,0.0
1457.0,B,RUNNING,1454.34,12,15,2,10,0.2,30.0,98.8,901.4548,0.0,0,0.0,0.0
1458.0,B,RUNNING,1455.34,12,15,2,10,0.2,30.0,98.8,900.4548,0.0,0,0.0,0.0
1459.0,B,RUNNING,1456.34,12,15,2,10,0.2,30.0,98.8,899.4548,0.0,0,0.0,0.0
1460.0,B,RUNNING,1457.34,12,15,2,10,0.2,30.0,98.8,898.4548,0.0,0,0.0,0.0
1461.0,B,RUNNING,1458.34,12,15,2,10,0.2,30.0,98.8,897.4548,0.0,0,0.0,0.0
1462.0,B,RUNNING,1459.34,12,15,2,10,0.2,30.0,98.8,896.4548,0.0,0,0.0,0.0
1463.0,B,RUNNING,1460.34,12,15,2,10,0.2,30.0,98.8,895.4548,0.0,0,0.0,0.0
1464.0,B,RUNNING,1461.34,12,15,2,10,0.2,30.0,98.8,894.4548,0.0,0,0.0,0.0
1465.0,B,RUNNING,1462.34,12,15,2,10,0.2,30.0,98.8,893.4548,0.0,0,0.0,0.0
1466.0,B,RUNNING,1463.34,12,15,2,10,0.2,30.0,98.8,892.4548,0.0,0,0.0,0.0
1467.0,B,RUNNING,1464.34,12,15,2,10,0.2,30.0,98.8,891.4548,0.0,0,0.0,0.0
1468.0,B,RUNNING,1465.34,12,15,2,10,0.2,30.0,98.8,890.4548,0.0,0,0.0,0.0
1469.0,B,RUNNING,1466.34,12,15,2,10,0.2,30.0,98.8,889.4548,0.0,0,0.0,0.0
1470.0,B,RUNNING,1467.34,12,15,2,10,0.2,30.0,98.8,888.4548,0.0,0,0.0,0.0
1471.0,B,RUNNING,1468.34,12,15,2,10,0.2,30.0,98.8,887.4548,0.0,0,0.0,0.0
1472.0,B,RUNNING,1469.34,12,15,2,10,0.2,30.0,98.8,886.4548,0.0,0,0.0,0.0
1473.0,B,RUNNING,1470.34,12,15,2,10,0.2,30.0,98.8,885.4548,0.0,0,0.0,0.0
1474.0,B,RUNNING,1471.34,12,15,2,10,0.2,30.0,98.8,884.4548,0.0,0,0.0,0.0
1475.0,B,RUNNING,1472.34,12,15,2,10,0.2,30.0,98.8,883.4548,0.0,0,0.0,0.0
1476.0,B,RUNNING,1473.34,12,15,2,10,0.2,30.0,98.8,882.4548,0.0,0,0.0,0.0
1477.0,B,RUNNING,1474.34,12,15,2,10,0.2,30.0,98.8,881.4548,0.0,0,0.0,0.0
1478.0,B,RUNNING,1475.34,12,15,2,10,0.2,30.0,98.8,880.4548,0.0,0,0.0,0.0
1479.0,B,RUNNING,1476.34,12,15,2,10,0.2,30.0,98.8,879.4548,0.0,0,0.0,0.0
1480.0,B,RUNNING,1477.34,12,15,2,10,0.2,30.0,98.8,878.4548,0.0,0,0.0,0.0
1481.0,B,RUNNING,1478.34,12,15,2,10,0.2,30.0,98.8,877.4548,0.0,0,0.0,0.0
1482.0,B,RUNNING,1479.34,12,15,2,10,0.2,30.0,98.8,876.4548,0.0,0,0.0,0.0
1483.0,B,RUNNING,1480.34,12,15,2,10,0.2,30.0,98.8,875.4548,0.0,0,0.0,0.0
1484.0,B,RUNNING,1481.34,12,15,2,10,0.2,30.0,98.8,874.4548,0.0,0,0.0,0.0
1485.0,B,RUNNING,1482.34,12,15,2,10,0.2,30.0,98.8,873.4548,0.0,0,0.0,0.0
1486.0,B,RUNNING,1483.34,12,15,2,10,0.2,30.0,98.8,872.4548,0.0,0,0.0,0.0
1487.0,B,RUNNING,1484.34,12,15,2,10,0.2,30.0,98.8,871.4548,0.0,0,0.0,0.0
1488.0,B,RUNNING,1485.34,12,15,2,10,0.2,30.0,98.8,870.4548,0.0,0,0.0,0.0
1489.0,B,RUNNING,1486.34,12,15,2,10,0.2,30.0,98.8,869.4548,0.0,0,0.0,0.0
1490.0,B,RUNNING,1487.34,12,15,2,10,0.2,30.0,98.8,868.4548,0.0,0,0.0,0.0
1491.0,B,RUNNING,1488.34,12,15,2,10,0.2,30.0,98.8,867.4548,0.0,0,0.0,0.0
1492.0,B,RUNNING,1489.34,12,15,2,10,0.2,30.0,98.8,866.4548,0.0,0,0.0,0.0
1493.0,B,RUNNING,1490.34,12,15,2,10,0.2,30.0,98.8,865.4548,0.0,0,0.0,0.0
1494.0,B,RUNNING,1491.34,12,15,2,10,0.2,30.0,98.8,864.4548,0.0,0,0.0,0.0
1495.0,B,RUNNING,1492.34,12,15,2,10,0.2,30.0,98.8,863.4548,0.0,0,0.0,0.0
1496.0,B,RUNNING,1493.34,12,15,2,10,0.2,30.0,98.8,862.4548,0.0,0,0.0,0.0
1497.0,B,RUNNING,1494.34,12,15,2,10,0.2,30.0,98.8,861.4548,0.0,0,0.0,0.0
1498.0,B,RUNNING,1495.34,12,15,2,10,0.2,30.0,98.8,860.4548,0.0,0,0.0,0.0
1499.0,B,RUNNING,1496.34,12,15,2,10,0.2,30.0,98.8,859.4548,0.0,0,0.0,0.0
1500.0,B,RUNNING,1497.34,12,15,2,10,0.2,30.0,98.8,858.4548,0.0,0,0.0,0.0
1501.0,B,RUNNING,1498.34,12,15,2,10,0.2,30.0,98.8,857.4548,0.0,0,0.0,0.0
1502.0,B,RUNNING,1499.34,12,15,2,10,0.2,30.0,98.8,856.4548,0.0,0,0.0,0.0
1503.0,B,RUNNING,1500.34,12,15,2,10,0.2,30.0,98.8,855.4548,0.0,0,0.0,0.0
1504.0,B,RUNNING,1501.34,12,15,2,10,0.2,30.0,98.8,854.4548,0.0,0,0.0,0.0
1505.0,B,RUNNING,1502.34,12,15,2,10,0.2,30.0,98.8,853.4548,0.0,0,0.0,0.0
1506.0,B,RUNNING,1503.34,12,15,2,10,0.2,30.0,98.8,852.4548,0.0,0,0.0,0.0
1507.0,B,RUNNING,1504.34,12,15,2,10,0.2,30.0,98.8,851.4548,0.0,0,0.0,0.0
1508.0,B,RUNNING,1505.34,12,15,2,10,0.2,30.0,98.8,850.4548,0.0,0,0.0,0.0
1509.0,B,RUNNING,1506.34,12,15,2,10,0.2,30.0,98.8,849.4548,0.0,0,0.0,0.0
1510.0,B,RUNNING,1507.34,12,15,2,10,0.2,30.0,98.8,848.4548,0.0,0,0.0,0.0
1511.0,B,RUNNING,1508.34,12,15,2,10,0.2,30.0,98.8,847.4548,0.0,0,0.0,0.0
1512.0,B,RUNNING,1509.34,12,15,2,10,0.2,30.0,98.8,846.4548,0.0,0,0.0,0.0
1513.0,B,RUNNING,1510.34,12,15,2,10,0.2,30.0,98.8,845.4548,0.0,0,0.0,0.0
1514.0,B,RUNNING,1511.34,12,15,2,10,0.2,30.0,98.8,844.4548,0.0,0,0.0,0.0
1515.0,B,RUNNING,1512.34,12,15,2,10,0.2,30.0,98.8,843.4548,0.0,0,0.0,0.0
1516.0,B,RUNNING,1513.34,12,15,2,10,0.2,30.0,98.8,842.4548,0.0,0,0.0,0.0
1517.0,B,RUNNING,1514.34,12,15,2,10,0.2,30.0,98.8,841.4548,0.0,0,0.0,0.0
1518.0,B,RUNNING,1515.34,12,15,2,10,0.2,30.0,98.8,840.4548,0.0,0,0.0,0.0
1519.0,B,RUNNING,1516.34,13,15,3,10,0.3,30.0,98.7,853.1627,0.0,0,0.0,0.0
1520.0,B,RUNNING,1517.34,13,15,3,10,0.3,30.0,98.7,852.1627,0.0,0,0.0,0.0
1521.0,B,RUNNING,1518.34,13,15,3,10,0.3,30.0,98.7,851.1627,0.0,0,0.0,0.0
1522.0,B,RUNNING,1519.34,13,15,3,10,0.3,30.0,98.7,850.1627,0.0,0,0.0,0.0
1523.0,B,RUNNING,1520.34,13,15,3,10,0.3,30.0,98.7,849.1627,0.0,0,0.0,0.0
1524.0,B,RUNNING,1521.34,13,15,3,10,0.3,30.0,98.7,848.1627,0.0,0,0.0,0.0
1525.0,B,RUNNING,1522.34,13,15,3,10,0.3,30.0,98.7,847.1627,0.0,0,0.0,0.0
1526.0,B,RUNNING,1523.34,13,15,3,10,0.3,30.0,98.7,846.1627,0.0,0,0.0,0.0
1527.0,B,RUNNING,1524.34,13,15,3,10,0.3,30.0,98.7,845.1627,0.0,0,0.0,0.0
1528.0,B,RUNNING,1525.34,13,15,3,10,0.3,30.0,98.7,844.1627,0.0,0,0.0,0.0
1529.0,B,RUNNING,1526.34,13,15,3,10,0.3,30.0,98.7,843.1627,0.0,0,0.0,0.0
1530.0,B,RUNNING,1527.34,13,15,3,10,0.3,30.0,98.7,842.1627,0.0,0,0.0,0.0
1531.0,B,RUNNING,1528.34,13,15,3,10,0.3,30.0,98.7,841.1627,0.0,0,0.0,0.0
1532.0,B,RUNNING,1529.34,13,15,3,10,0.3,30.0,98.7,840.1627,0.0,0,0.0,0.0
1533.0,B,RUNNING,1530.34,13,15,3,10,0.3,30.0,98.7,839.1627,0.0,0,0.0,0.0
1534.0,B,RUNNING,1531.34,13,15,3,10,0.3,30.0,98.7,838.1627,0.0,0,0.0,0.0
1535.0,B,RUNNING,1532.34,13,15,3,10,0.3,30.0,98.7,837.1627,0.0,0,0.0,0.0
1536.0,B,RUNNING,1533.34,13,15,3,10,0.3,30.0,98.7,836.1627,0.0,0,0.0,0.0
1537.0,B,RUNNING,1534.34,13,15,3,10,0.3,30.0,98.7,835.1627,0.0,0,0.0,0.0
1538.0,B,RUNNING,1535.34,13,15,3,10,0.3,30.0,98.7,834.1627,0.0,0,0.0,0.0
1539.0,B,RUNNING,1536.34,13,15,3,10,0.3,30.0,98.7,833.1627,0.0,0,0.0,0.0
1540.0,B,RUNNING,1537.34,13,15,3,10,0.3,30.0,98.7,832.1627,0.0,0,0.0,0.0
1541.0,B,RUNNING,1538.34,13,15,3,10,0.3,30.0,98.7,831.1627,0.0,0,0.0,0.0
1542.0,B,RUNNING,1539.34,13,15,3,10,0.3,30.0,98.7,830.1627,0.0,0,0.0,0.0
1543.0,B,RUNNING,1540.34,13,15,3,10,0.3,30.0,98.7,829.1627,0.0,0,0.0,0.0
1544.0,B,RUNNING,1541.34,13,15,3,10,0.3,30.0,98.7,828.1627,0.0,0,0.0,0.0
1545.0,B,RUNNING,1542.34,13,15,3,10,0.3,30.0,98.7,827.1627,0.0,0,0.0,0.0
1546.0,B,RUNNING,1543.34,13,15,3,10,0.3,30.0,98.7,826.1627,0.0,0,0.0,0.0
1547.0,B,RUNNING,1544.34,13,15,3,10,0.3,30.0,98.7,825.1627,0.0,0,0.0,0.0
1548.0,B,RUNNING,1545.34,13,15,3,10,0.3,30.0,98.7,824.1627,0.0,0,0.0,0.0
1549.0,B,RUNNING,1546.34,13,15,3,10,0.3,30.0,98.7,823.1627,0.0,0,0.0,0.0
1550.0,B,RUNNING,1547.34,13,15,3,10,0.3,30.0,98.7,822.1627,0.0,0,0.0,0.0
1551.0,B,RUNNING,1548.34,13,15,3,10,0.3,30.0,98.7,821.1627,0.0,0,0.0,0.0
1552.0,B,RUNNING,1549.34,13,15,3,10,0.3,30.0,98.7,820.1627,0.0,0,0.0,0.0
1553.0,B,RUNNING,1550.34,13,15,3,10,0.3,30.0,98.7,819.1627,0.0,0,0.0,0.0
1554.0,B,RUNNING,1551.34,13,15,3,10,0.3,30.0,98.7,818.1627,0.0,0,0.0,0.0
1555.0,B,RUNNING,1552.34,13,15,3,10,0.3,30.0,98.7,817.1627,0.0,0,0.0,0.0
1556.0,B,RUNNING,1553.34,13,15,3,10,0.3,30.0,98.7,816.1627,0.0,0,0.0,0.0
1557.0,B,RUNNING,1554.34,13,15,3,10,0.3,30.0,98.7,815.1627,0.0,0,0.0,0.0
1558.0,B,RUNNING,1555.34,13,15,3,10,0.3,30.0,98.7,814.1627,0.0,0,0.0,0.0
1559.0,B,RUNNING,1556.34,13,15,3,10,0.3,30.0,98.7,813.1627,0.0,0,0.0,0.0
1560.0,B,RUNNING,1557.34,13,15,3,10,0.3,30.0,98.7,812.1627,0.0,0,0.0,0.0
1561.0,B,RUNNING,1558.34,13,15,3,10,0.3,30.0,98.7,811.1627,0.0,0,0.0,0.0
1562.0,B,RUNNING,1559.34,13,15,3,10,0.3,30.0,98.7,810.1627,0.0,0,0.0,0.0
1563.0,B,RUNNING,1560.34,13,15,3,10,0.3,30.0,98.7,809.1627,0.0,0,0.0,0.0
1564.0,B,RUNNING,1561.34,13,15,3,10,0.3,30.0,98.7,808.1627,0.0,0,0.0,0.0
1565.0,B,RUNNING,1562.34,13,15,3,10,0.3,30.0,98.7,807.1627,0.0,0,0.0,0.0
1566.0,B,RUNNING,1563.34,13,15,3,10,0.3,30.0,98.7,806.1627,0.0,0,0.0,0.0
1567.0,B,RUNNING,1564.34,13,15,3,10,0.3,30.0,98.7,805.1627,0.0,0,0.0,0.0
1568.0,B,RUNNING,1565.34,13,15,3,10,0.3,30.0,98.7,804.1627,0.0,0,0.0,0.0
1569.0,B,RUNNING,1566.34,13,15,3,10,0.3,30.0,98.7,803.1627,0.0,0,0.0,0.0
1570.0,B,RUNNING,1567.34,13,15,3,10,0.3,30.0,98.7,802.1627,0.0,0,0.0,0.0
1571.0,B,RUNNING,1568.34,13,15,3,10,0.3,30.0,98.7,801.1627,0.0,0,0.0,0.0
1572.0,B,RUNNING,1569.34,13,15,3,10,0.3,30.0,98.7,800.1627,0.0,0,0.0,0.0
1573.0,B,RUNNING,1570.34,13,15,3,10,0.3,30.0,98.7,799.1627,0.0,0,0.0,0.0
1574.0,B,RUNNING,1571.34,13,15,3,10,0.3,30.0,98.7,798.1627,0.0,0,0.0,0.0
1575.0,B,RUNNING,1572.34,13,15,3,10,0.3,30.0,98.7,797.1627,0.0,0,0.0,0.0
1576.0,B,RUNNING,1573.34,13,15,3,10,0.3,30.0,98.7,796.1627,0.0,0,0.0,0.0
1577.0,B,RUNNING,1574.34,13,15,3,10,0.3,30.0,98.7,795.1627,0.0,0,0.0,0.0
1578.0,B,RUNNING,1575.34,13,15,3,10,0.3,30.0,98.7,794.1627,0.0,0,0.0,0.0
1579.0,B,RUNNING,1576.34,13,15,3,10,0.3,30.0,98.7,793.1627,0.0,0,0.0,0.0
1580.0,B,RUNNING,1577.34,13,15,3,10,0.3,30.0,98.7,792.1627,0.0,0,0.0,0.0
1581.0,B,RUNNING,1578.34,13,15,3,10,0.3,30.0,98.7,791.1627,0.0,0,0.0,0.0
1582.0,B,RUNNING,1579.34,13,15,3,10,0.3,30.0,98.7,790.1627,0.0,0,0.0,0.0
1583.0,B,RUNNING,1580.34,13,15,3,10,0.3,30.0,98.7,789.1627,0.0,0,0.0,0.0
1584.0,B,RUNNING,1581.34,13,15,3,10,0.3,30.0,98.7,788.1627,0.0,0,0.0,0.0
1585.0,B,RUNNING,1582.34,13,15,3,10,0.3,30.0,98.7,787.1627,0.0,0,0.0,0.0
1586.0,B,RUNNING,1583.34,13,15,3,10,0.3,30.0,98.7,786.1627,0.0,0,0.0,0.0
1587.0,B,RUNNING,1584.34,13,15,3,10,0.3,30.0,98.7,785.1627,0.0,0,0.0,0.0
1588.0,B,RUNNING,1585.34,13,15,3,10,0.3,30.0,98.7,784.1627,0.0,0,0.0,0.0
1589.0,B,RUNNING,1586.34,13,15,3,10,0.3,30.0,98.7,783.1627,0.0,0,0.0,0.0
1590.0,B,RUNNING,1587.34,13,15,3,10,0.3,30.0,98.7,782.1627,0.0,0,0.0,0.0
1591.0,B,RUNNING,1588.34,13,15,3,10,0.3,30.0,98.7,781.1627,0.0,0,0.0,0.0
1592.0,B,RUNNING,1589.34,13,15,3,10,0.3,30.0,98.7,780.1627,0.0,0,0.0,0.0
1593.0,B,RUNNING,1590.34,13,15,3,10,0.3,30.0,98.7,779.1627,0.0,0,0.0,0.0
1594.0,B,RUNNING,1591.34,13,15,3,10,0.3,30.0,98.7,778.1627,0.0,0,0.0,0.0
1595.0,B,RUNNING,1592.34,13,15,3,10,0.3,30.0,98.7,777.1627,0.0,0,0.0,0.0
1596.0,B,RUNNING,1593.34,13,15,3,10,0.3,30.0,98.7,776.1627,0.0,0,0.0,0.0
1597.0,B,RUNNING,1594.34,13,15,3,10,0.3,30.0,98.7,775.1627,0.0,0,0.0,0.0
1598.0,B,RUNNING,1595.34,13,15,3,10,0.3,30.0,98.7,774.1627,0.0,0,0.0,0.0
1599.0,B,RUNNING,1596.34,13,15,3,10,0.3,30.0,98.7,773.1627,0.0,0,0.0,0.0
1600.0,B,RUNNING,1597.34,13,15,3,10,0.3,30.0,98.7,772.1627,0.0,0,0.0,0.0
1601.0,B,RUNNING,1598.34,13,15,3,10,0.3,30.0,98.7,771.1627,0.0,0,0.0,0.0
1602.0,B,RUNNING,1599.34,13,15,3,10,0.3,30.0,98.7,770.1627,0.0,0,0.0,0.0
1603.0,B,RUNNING,1600.34,13,15,3,10,0.3,30.0,98.7,769.1627,0.0,0,0.0,0.0
1604.0,B,RUNNING,1601.34,13,15,3,10,0.3,30.0,98.7,768.1627,0.0,0,0.0,0.0
1605.0,B,RUNNING,1602.34,13,15,3,10,0.3,30.0,98.7,767.1627,0.0,0,0.0,0.0
1606.0,B,RUNNING,1603.34,13,15,3,10,0.3,30.0,98.7,766.1627,0.0,0,0.0,0.0
1607.0,B,RUNNING,1604.34,13,15,3,10,0.3,30.0,98.7,765.1627,0.0,0,0.0,0.0
1608.0,B,RUNNING,1605.34,13,15,3,10,0.3,30.0,98.7,764.1627,0.0,0,0.0,0.0
1609.0,B,RUNNING,1606.34,13,15,3,10,0.3,30.0,98.7,763.1627,0.0,0,0.0,0.0
1610.0,B,RUNNING,1607.34,13,15,3,10,0.3,30.0,98.7,762.1627,0.0,0,0.0,0.0
1611.0,B,RUNNING,1608.34,13,15,3,10,0.3,30.0,98.7,761.1627,0.0,0,0.0,0.0
1612.0,B,RUNNING,1609.34,13,15,3,10,0.3,30.0,98.7,760.1627,0.0,0,0.0,0.0
1613.0,B,RUNNING,1610.34,13,15,3,10,0.3,30.0,98.7,759.1627,0.0,0,0.0,0.0
1614.0,B,RUNNING,1611.34,13,15,3,10,0.3,30.0,98.7,758.1627,0.0,0,0.0,0.0
1615.0,B,RUNNING,1612.34,13,15,3,10,0.3,30.0,98.7,757.1627,0.0,0,0.0,0.0
1616.0,B,RUNNING,1613.34,13,15,3,10,0.3,30.0,98.7,756.1627,0.0,0,0.0,0.0
1617.0,B,RUNNING,1614.34,13,15,3,10,0.3,30.0,98.7,755.1627,0.0,0,0.0,0.0
1618.0,B,RUNNING,1615.34,13,15,3,10,0.3,30.0,98.7,754.1627,0.0,0,0.0,0.0
1619.0,B,RUNNING,1616.34,13,15,3,10,0.3,30.0,98.7,753.1627,0.0,0,0.0,0.0
1620.0,B,RUNNING,1617.34,13,15,3,10,0.3,30.0,98.7,752.1627,0.0,0,0.0,0.0
1621.0,B,RUNNING,1618.34,13,15,3,10,0.3,30.0,98.7,751.1627,0.0,0,0.0,0.0
1622.0,B,RUNNING,1619.34,13,15,3,10,0.3,30.0,98.7,750.1627,0.0,0,0.0,0.0
1623.0,B,RUNNING,1620.34,13,15,3,10,0.3,30.0,98.7,749.1627,0.0,0,0.0,0.0
1624.0,B,RUNNING,1621.34,13,15,3,10,0.3,30.0,98.7,748.1627,0.0,0,0.0,0.0
1625.0,B,RUNNING,1622.34,13,15,3,10,0.3,30.0,98.7,747.1627,0.0,0,0.0,0.0
1626.0,B,RUNNING,1623.34,13,15,3,10,0.3,30.0,98.7,746.1627,0.0,0,0.0,0.0
1627.0,B,RUNNING,1624.34,13,15,3,10,0.3,30.0,98.7,745.1627,0.0,0,0.0,0.0
1628.0,B,RUNNING,1625.34,13,15,3,10,0.3,30.0,98.7,744.1627,0.0,0,0.0,0.0
1629.0,B,RUNNING,1626.34,13,15,3,10,0.3,30.0,98.7,743.1627,0.0,0,0.0,0.0
1630.0,B,RUNNING,1627.34,13,15,3,10,0.3,30.0,98.7,742.1627,0.0,0,0.0,0.0
1631.0,B,RUNNING,1628.34,13,15,3,10,0.3,30.0,98.7,741.1627,0.0,0,0.0,0.0
1632.0,B,RUNNING,1629.34,13,15,3,10,0.3,30.0,98.7,740.1627,0.0,0,0.0,0.0
1633.0,B,RUNNING,1630.34,13,15,3,10,0.3,30.0,98.7,739.1627,0.0,0,0.0,0.0
1634.0,B,RUNNING,1631.34,13,15,3,10,0.3,30.0,98.7,738.1627,0.0,0,0.0,0.0
1635.0,B,RUNNING,1632.34,13,15,3,10,0.3,30.0,98.7,737.1627,0.0,0,0.0,0.0
1636.0,B,RUNNING,1633.34,13,15,3,10,0.3,30.0,98.7,736.1627,0.0,0,0.0,0.0
1637.0,B,RUNNING,1634.34,13,15,3,10,0.3,30.0,98.7,735.1627,0.0,0,0.0,0.0
1638.0,B,RUNNING,1635.34,13,15,3,10,0.3,30.0,98.7,734.1627,0.0,0,0.0,0.0
1639.0,B,RUNNING,1636.34,13,15,3,10,0.3,30.0,98.7,733.1627,0.0,0,0.0,0.0
1640.0,B,RUNNING,1637.34,13,15,3,10,0.3,30.0,98.7,732.1627,0.0,0,0.0,0.0
1641.0,B,RUNNING,1638.34,13,15,3,10,0.3,30.0,98.7,731.1627,0.0,0,0.0,0.0
1642.0,B,RUNNING,1639.34,13,15,3,10,0.3,30.0,98.7,730.1627,0.0,0,0.0,0.0
1643.0,B,RUNNING,1640.34,13,15,3,10,0.3,30.0,98.7,729.1627,0.0,0,0.0,0.0
1644.0,B,RUNNING,1641.34,13,15,3,10,0.3,30.0,98.7,728.1627,0.0,0,0.0,0.0
1645.0,B,RUNNING,1642.34,13,15,3,10,0.3,30.0,98.7,727.1627,0.0,0,0.0,0.0
1646.0,B,RUNNING,1643.34,13,15,3,10,0.3,30.0,98.7,726.1627,0.0,0,0.0,0.0
1647.0,B,RUNNING,1644.34,13,15,3,10,0.3,30.0,98.7,725.1627,0.0,0,0.0,0.0
1648.0,B,RUNNING,1645.34,13,15,3,10,0.3,30.0,98.7,724.1627,0.0,0,0.0,0.0
1649.0,B,RUNNING,1646.34,13,15,3,10,0.3,30.0,98.7,723.1627,0.0,0,0.0,0.0
1650.0,B,RUNNING,1647.34,13,15,3,10,0.3,30.0,98.7,722.1627,0.0,0,0.0,0.0
1651.0,B,RUNNING,1648.34,13,15,3,10,0.3,30.0,98.7,721.1627,0.0,0,0.0,0.0
1652.0,B,RUNNING,1649.34,13,15,3,10,0.3,30.0,98.7,720.1627,0.0,0,0.0,0.0
1653.0,B,RUNNING,1650.34,14,15,4,10,0.4,30.0,98.6,735.1411,0.0,0,0.0,0.0
1654.0,B,RUNNING,1651.34,14,15,4,10,0.4,30.0,98.6,734.1411,0.0,0,0.0,0.0
1655.0,B,RUNNING,1652.34,14,15,4,10,0.4,30.0,98.6,733.1411,0.0,0,0.0,0.0
1656.0,B,RUNNING,1653.34,14,15,4,10,0.4,30.0,98.6,732.1411,0.0,0,0.0,0.0
1657.0,B,RUNNING,1654.34,14,15,4,10,0.4,30.0,98.6,731.1411,0.0,0,0.0,0.0
1658.0,B,RUNNING,1655.34,14,15,4,10,0.4,30.0,98.6,730.1411,0.0,0,0.0,0.0
1659.0,B,RUNNING,1656.34,14,15,4,10,0.4,30.0,98.6,729.1411,0.0,0,0.0,0.0
1660.0,B,RUNNING,1657.34,14,15,4,10,0.4,30.0,98.6,728.1411,0.0,0,0.0,0.0
1661.0,B,RUNNING,1658.34,14,15,4,10,0.4,30.0,98.6,727.1411,0.0,0,0.0,0.0
1662.0,B,RUNNING,1659.34,14,15,4,10,0.4,30.0,98.6,726.1411,0.0,0,0.0,0.0
1663.0,B,RUNNING,1660.34,14,15,4,10,0.4,30.0,98.6,725.1411,0.0,0,0.0,0.0
1664.0,B,RUNNING,1661.34,14,15,4,10,0.4,30.0,98.6,724.1411,0.0,0,0.0,0.0
1665.0,B,RUNNING,1662.34,14,15,4,10,0.4,30.0,98.6,723.1411,0.0,0,0.0,0.0
1666.0,B,RUNNING,1663.34,14,15,4,10,0.4,30.0,98.6,722.1411,0.0,0,0.0,0.0
1667.0,B,RUNNING,1664.34,14,15,4,10,0.4,30.0,98.6,721.1411,0.0,0,0.0,0.0
1668.0,B,RUNNING,1665.34,14,15,4,10,0.4,30.0,98.6,720.1411,0.0,0,0.0,0.0
1669.0,B,RUNNING,1666.34,14,15,4,10,0.4,30.0,98.6,719.1411,0.0,0,0.0,0.0
1670.0,B,RUNNING,1667.34,14,15,4,10,0.4,30.0,98.6,718.1411,0.0,0,0.0,0.0
1671.0,B,RUNNING,1668.34,14,15,4,10,0.4,30.0,98.6,717.1411,0.0,0,0.0,0.0
1672.0,B,RUNNING,1669.34,14,15,4,10,0.4,30.0,98.6,716.1411,0.0,0,0.0,0.0
1673.0,B,RUNNING,1670.34,14,15,4,10,0.4,30.0,98.6,715.1411,0.0,0,0.0,0.0
1674.0,B,RUNNING,1671.34,14,15,4,10,0.4,30.0,98.6,714.1411,0.0,0,0.0,0.0
1675.0,B,RUNNING,1672.34,14,15,4,10,0.4,30.0,98.6,713.1411,0.0,0,0.0,0.0
1676.0,B,RUNNING,1673.34,14,15,4,10,0.4,30.0,98.6,712.1411,0.0,0,0.0,0.0
1677.0,B,RUNNING,1674.34,14,15,4,10,0.4,30.0,98.6,711.1411,0.0,0,0.0,0.0
1678.0,B,RUNNING,1675.34,14,15,4,10,0.4,30.0,98.6,710.1411,0.0,0,0.0,0.0
1679.0,B,RUNNING,1676.34,14,15,4,10,0.4,30.0,98.6,709.1411,0.0,0,0.0,0.0
1680.0,B,RUNNING,1677.34,14,15,4,10,0.4,30.0,98.6,708.1411,0.0,0,0.0,0.0
1681.0,B,RUNNING,1678.34,14,15,4,10,0.4,30.0,98.6,707.1411,0.0,0,0.0,0.0
1682.0,B,RUNNING,1679.34,14,15,4,10,0.4,30.0,98.6,706.1411,0.0,0,0.0,0.0
1683.0,B,RUNNING,1680.34,14,15,4,10,0.4,30.0,98.6,705.1411,0.0,0,0.0,0.0
1684.0,B,RUNNING,1681.34,14,15,4,10,0.4,30.0,98.6,704.1411,0.0,0,0.0,0.0
1685.0,B,RUNNING,1682.34,14,15,4,10,0.4,30.0,98.6,703.1411,0.0,0,0.0,0.0
1686.0,B,RUNNING,1683.34,14,15,4,10,0.4,30.0,98.6,702.1411,0.0,0,0.0,0.0
1687.0,B,RUNNING,1684.34,14,15,4,10,0.4,30.0,98.6,701.1411,0.0,0,0.0,0.0
1688.0,B,RUNNING,1685.34,14,15,4,10,0.4,30.0,98.6,700.1411,0.0,0,0.0,0.0
1689.0,B,RUNNING,1686.34,14,15,4,10,0.4,30.0,98.6,699.1411,0.0,0,0.0,0.0
1690.0,B,RUNNING,1687.34,14,15,4,10,0.4,30.0,98.6,698.1411,0.0,0,0.0,0.0
1691.0,B,RUNNING,1688.34,14,15,4,10,0.4,30.0,98.6,697.1411,0.0,0,0.0,0.0
1692.0,B,RUNNING,1689.34,14,15,4,10,0.4,30.0,98.6,696.1411,0.0,0,0.0,0.0
1693.0,B,RUNNING,1690.34,14,15,4,10,0.4,30.0,98.6,695.1411,0.0,0,0.0,0.0
1694.0,B,RUNNING,1691.34,14,15,4,10,0.4,30.0,98.6,694.1411,0.0,0,0.0,0.0
1695.0,B,RUNNING,1692.34,14,15,4,10,0.4,30.0,98.6,693.1411,0.0,0,0.0,0.0
1696.0,B,RUNNING,1693.34,14,15,4,10,0.4,30.0,98.6,692.1411,0.0,0,0.0,0.0
1697.0,B,RUNNING,1694.34,14,15,4,10,0.4,30.0,98.6,691.1411,0.0,0,0.0,0.0
1698.0,B,RUNNING,1695.34,14,15,4,10,0.4,30.0,98.6,690.1411,0.0,0,0.0,0.0
1699.0,B,RUNNING,1696.34,14,15,4,10,0.4,30.0,98.6,689.1411,0.0,0,0.0,0.0
1700.0,B,RUNNING,1697.34,14,15,4,10,0.4,30.0,98.6,688.1411,0.0,0,0.0,0.0
1701.0,B,RUNNING,1698.34,14,15,4,10,0.4,30.0,98.6,687.1411,0.0,0,0.0,0.0
1702.0,B,RUNNING,1699.34,14,15,4,10,0.4,30.0,98.6,686.1411,0.0,0,0.0,0.0
1703.0,B,RUNNING,1700.34,14,15,4,10,0.4,30.0,98.6,685.1411,0.0,0,0.0,0.0
1704.0,B,RUNNING,1701.34,14,15,4,10,0.4,30.0,98.6,684.1411,0.0,0,0.0,0.0
1705.0,B,RUNNING,1702.34,14,15,4,10,0.4,30.0,98.6,683.1411,0.0,0,0.0,0.0
1706.0,B,RUNNING,1703.34,14,15,4,10,0.4,30.0,98.6,682.1411,0.0,0,0.0,0.0
1707.0,B,RUNNING,1704.34,14,15,4,10,0.4,30.0,98.6,681.1411,0.0,0,0.0,0.0
1708.0,B,RUNNING,1705.34,14,15,4,10,0.4,30.0,98.6,680.1411,0.0,0,0.0,0.0
1709.0,B,RUNNING,1706.34,14,15,4,10,0.4,30.0,98.6,679.1411,0.0,0,0.0,0.0
1710.0,B,RUNNING,1707.34,14,15,4,10,0.4,30.0,98.6,678.1411,0.0,0,0.0,0.0
1711.0,B,RUNNING,1708.34,14,15,4,10,0.4,30.0,98.6,677.1411,0.0,0,0.0,0.0
1712.0,B,RUNNING,1709.34,14,15,4,10,0.4,30.0,98.6,676.1411,0.0,0,0.0,0.0
1713.0,B,RUNNING,1710.34,14,15,4,10,0.4,30.0,98.6,675.1411,0.0,0,0.0,0.0
1714.0,B,RUNNING,1711.34,14,15,4,10,0.4,30.0,98.6,674.1411,0.0,0,0.0,0.0
1715.0,B,RUNNING,1712.34,14,15,4,10,0.4,30.0,98.6,673.1411,0.0,0,0.0,0.0
1716.0,B,RUNNING,1713.34,14,15,4,10,0.4,30.0,98.6,672.1411,0.0,0,0.0,0.0
1717.0,B,RUNNING,1714.34,14,15,4,10,0.4,30.0,98.6,671.1411,0.0,0,0.0,0.0
1718.0,B,RUNNING,1715.34,14,15,4,10,0.4,30.0,98.6,670.1411,0.0,0,0.0,0.0
1719.0,B,RUNNING,1716.34,14,15,4,10,0.4,30.0,98.6,669.1411,0.0,0,0.0,0.0
1720.0,B,RUNNING,1717.34,14,15,4,10,0.4,30.0,98.6,668.1411,0.0,0,0.0,0.0
1721.0,B,RUNNING,1718.34,14,15,4,10,0.4,30.0,98.6,667.1411,0.0,0,0.0,0.0
1722.0,B,RUNNING,1719.34,14,15,4,10,0.4,30.0,98.6,666.1411,0.0,0,0.0,0.0
1723.0,B,RUNNING,1720.34,14,15,4,10,0.4,30.0,98.6,665.1411,0.0,0,0.0,0.0
1724.0,B,RUNNING,1721.34,14,15,4,10,0.4,30.0,98.6,664.1411,0.0,0,0.0,0.0
1725.0,B,RUNNING,1722.34,14,15,4,10,0.4,30.0,98.6,663.1411,0.0,0,0.0,0.0
1726.0,B,RUNNING,1723.34,14,15,4,10,0.4,30.0,98.6,662.1411,0.0,0,0.0,0.0
1727.0,B,RUNNING,1724.34,14,15,4,10,0.4,30.0,98.6,661.1411,0.0,0,0.0,0.0
1728.0,B,RUNNING,1725.34,14,15,4,10,0.4,30.0,98.6,660.1411,0.0,0,0.0,0.0
1729.0,B,RUNNING,1726.34,14,15,4,10,0.4,30.0,98.6,659.1411,0.0,0,0.0,0.0
1730.0,B,RUNNING,1727.34,14,15,4,10,0.4,30.0,98.6,658.1411,0.0,0,0.0,0.0
1731.0,B,RUNNING,1728.34,14,15,4,10,0.4,30.0,98.6,657.1411,0.0,0,0.0,0.0
1732.0,B,RUNNING,1729.34,14,15,4,10,0.4,30.0,98.6,656.1411,0.0,0,0.0,0.0
1733.0,B,RUNNING,1730.34,14,15,4,10,0.4,30.0,98.6,655.1411,0.0,0,0.0,0.0
1734.0,B,RUNNING,1731.34,14,15,4,10,0.4,30.0,98.6,654.1411,0.0,0,0.0,0.0
1735.0,B,RUNNING,1732.34,14,15,4,10,0.4,30.0,98.6,653.1411,0.0,0,0.0,0.0
1736.0,B,RUNNING,1733.34,14,15,4,10,0.4,30.0,98.6,652.1411,0.0,0,0.0,0.0
1737.0,B,RUNNING,1734.34,14,15,4,10,0.4,30.0,98.6,651.1411,0.0,0,0.0,0.0
