sim_time_s,section_id,status,factory_time_s,produced_total,picked_total,buffer_units,buffer_capacity,buffer_fill,rate_actual_per_hour,health_percent,time_to_full_s,fault_remaining_s,faults_total,lost_units,blocked_time_s
1.79,B,RUNNING,0.0,0,0,5,10,0.5,30.0,100.0,575.8548,0.0,0,0.0,0.0
2.0,B,RUNNING,0.208,0,0,5,10,0.5,30.0,100.0,575.6468,0.0,0,0.0,0.0
3.0,B,RUNNING,1.212,0,0,5,10,0.5,30.0,100.0,574.6428,0.0,0,0.0,0.0
4.0,B,RUNNING,2.208,0,0,5,10,0.5,30.0,100.0,573.6468,0.0,0,0.0,0.0
5.0,B,RUNNING,3.212,0,0,5,10,0.5,30.0,100.0,572.6428,0.0,0,0.0,0.0
6.0,B,RUNNING,4.208,0,0,5,10,0.5,30.0,100.0,571.6468,0.0,0,0.0,0.0
7.0,B,RUNNING,5.208,0,0,5,10,0.5,30.0,100.0,570.6468,0.0,0,0.0,0.0
8.0,B,RUNNING,6.208,0,0,5,10,0.5,30.0,100.0,569.6468,0.0,0,0.0,0.0
9.01,B,RUNNING,7.22,0,0,5,10,0.5,30.0,100.0,568.6348,0.0,0,0.0,0.0
10.0,B,RUNNING,8.208,0,0,5,10,0.5,30.0,100.0,567.6468,0.0,0,0.0,0.0
11.0,B,RUNNING,9.212,0,0,5,10,0.5,30.0,100.0,566.6428,0.0,0,0.0,0.0
12.0,B,RUNNING,10.208,0,0,5,10,0.5,30.0,100.0,565.6468,0.0,0,0.0,0.0
13.0,B,RUNNING,11.208,0,0,5,10,0.5,30.0,100.0,564.6468,0.0,0,0.0,0.0
14.0,B,RUNNING,12.208,0,0,5,10,0.5,30.0,100.0,563.6468,0.0,0,0.0,0.0
15.0,B,RUNNING,13.212,0,0,5,10,0.5,30.0,100.0,562.6428,0.0,0,0.0,0.0
16.0,B,RUNNING,14.212,0,0,5,10,0.5,30.0,100.0,561.6428,0.0,0,0.0,0.0
17.0,B,RUNNING,15.208,0,0,5,10,0.5,30.0,100.0,560.6468,0.0,0,0.0,0.0
18.0,B,RUNNING,16.208,0,0,5,10,0.5,30.0,100.0,559.6468,0.0,0,0.0,0.0
19.0,B,RUNNING,17.212,0,0,5,10,0.5,30.0,100.0,558.6428,0.0,0,0.0,0.0
20.0,B,RUNNING,18.212,0,0,5,10,0.5,30.0,100.0,557.6428,0.0,0,0.0,0.0
21.02,B,RUNNING,19.224,0,0,5,10,0.5,30.0,100.0,556.6308,0.0,0,0.0,0.0
22.0,B,RUNNING,20.208,0,0,5,10,0.5,30.0,100.0,555.6468,0.0,0,0.0,0.0
23.0,B,RUNNING,21.208,0,0,5,10,0.5,30.0,100.0,554.6468,0.0,0,0.0,0.0
24.0,B,RUNNING,22.208,0,0,5,10,0.5,30.0,100.0,553.6468,0.0,0,0.0,0.0
25.01,B,RUNNING,23.216,0,0,5,10,0.5,30.0,100.0,552.6388,0.0,0,0.0,0.0
26.0,B,RUNNING,24.208,0,0,5,10,0.5,30.0,100.0,551.6468,0.0,0,0.0,0.0
27.0,B,RUNNING,25.208,0,0,5,10,0.5,30.0,100.0,550.6468,0.0,0,0.0,0.0
28.0,B,RUNNING,26.208,0,0,5,10,0.5,30.0,100.0,549.6468,0.0,0,0.0,0.0
29.0,B,RUNNING,27.208,0,0,5,10,0.5,30.0,100.0,548.6468,0.0,0,0.0,0.0
30.0,B,RUNNING,28.208,0,0,5,10,0.5,30.0,100.0,547.6468,0.0,0,0.0,0.0
31.01,B,RUNNING,29.216,0,0,5,10,0.5,30.0,100.0,546.6388,0.0,0,0.0,0.0
32.0,B,RUNNING,30.208,0,0,5,10,0.5,30.0,100.0,545.6468,0.0,0,0.0,0.0
33.0,B,RUNNING,31.208,0,0,5,10,0.5,30.0,100.0,544.6468,0.0,0,0.0,0.0
34.0,B,RUNNING,32.208,0,0,5,10,0.5,30.0,100.0,543.6468,0.0,0,0.0,0.0
35.0,B,RUNNING,33.208,0,0,5,10,0.5,30.0,100.0,542.6468,0.0,0,0.0,0.0
36.0,B,RUNNING,34.208,0,0,5,10,0.5,30.0,100.0,541.6468,0.0,0,0.0,0.0
37.0,B,RUNNING,35.208,0,0,5,10,0.5,30.0,100.0,540.6468,0.0,0,0.0,0.0
38.0,B,RUNNING,36.208,0,0,5,10,0.5,30.0,100.0,539.6468,0.0,0,0.0,0.0
39.0,B,RUNNING,37.208,0,0,5,10,0.5,30.0,100.0,538.6468,0.0,0,0.0,0.0
40.0,B,RUNNING,38.208,0,0,5,10,0.5,30.0,100.0,537.6468,0.0,0,0.0,0.0
41.0,B,RUNNING,39.208,0,0,5,10,0.5,30.0,100.0,536.6468,0.0,0,0.0,0.0
42.0,B,RUNNING,40.208,0,0,5,10,0.5,30.0,100.0,535.6468,0.0,0,0.0,0.0
43.0,B,RUNNING,41.208,0,0,5,10,0.5,30.0,100.0,534.6468,0.0,0,0.0,0.0
44.01,B,RUNNING,42.216,0,0,5,10,0.5,30.0,100.0,533.6388,0.0,0,0.0,0.0
45.0,B,RUNNING,43.208,0,0,5,10,0.5,30.0,100.0,532.6468,0.0,0,0.0,0.0
46.01,B,RUNNING,44.216,0,0,5,10,0.5,30.0,100.0,531.6388,0.0,0,0.0,0.0
47.02,B,RUNNING,45.224,0,0,5,10,0.5,30.0,100.0,530.6308,0.0,0,0.0,0.0
48.0,B,RUNNING,46.208,0,0,5,10,0.5,30.0,100.0,529.6468,0.0,0,0.0,0.0
49.0,B,RUNNING,47.208,0,0,5,10,0.5,30.0,100.0,528.6468,0.0,0,0.0,0.0
50.0,B,RUNNING,48.208,0,0,5,10,0.5,30.0,100.0,527.6468,0.0,0,0.0,0.0
51.0,B,RUNNING,49.208,0,0,5,10,0.5,30.0,100.0,526.6468,0.0,0,0.0,0.0
52.0,B,RUNNING,50.208,0,0,5,10,0.5,30.0,100.0,525.6468,0.0,0,0.0,0.0
53.0,B,RUNNING,51.208,0,0,5,10,0.5,30.0,100.0,524.6468,0.0,0,0.0,0.0
54.0,B,RUNNING,52.208,0,0,5,10,0.5,30.0,100.0,523.6468,0.0,0,0.0,0.0
55.0,B,RUNNING,53.208,0,0,5,10,0.5,30.0,100.0,522.6468,0.0,0,0.0,0.0
56.0,B,RUNNING,54.208,0,0,5,10,0.5,30.0,100.0,521.6468,0.0,0,0.0,0.0
57.0,B,RUNNING,55.208,0,0,5,10,0.5,30.0,100.0,520.6468,0.0,0,0.0,0.0
58.0,B,RUNNING,56.208,0,0,5,10,0.5,30.0,100.0,519.6468,0.0,0,0.0,0.0
59.0,B,RUNNING,57.208,0,0,5,10,0.5,30.0,100.0,518.6468,0.0,0,0.0,0.0
60.0,B,RUNNING,58.208,0,0,5,10,0.5,30.0,100.0,517.6468,0.0,0,0.0,0.0
61.0,B,RUNNING,59.208,0,0,5,10,0.5,30.0,100.0,516.6468,0.0,0,0.0,0.0
62.0,B,RUNNING,60.208,0,0,5,10,0.5,30.0,100.0,515.6468,0.0,0,0.0,0.0
63.0,B,RUNNING,61.208,0,0,5,10,0.5,30.0,100.0,514.6468,0.0,0,0.0,0.0
64.0,B,RUNNING,62.208,0,0,5,10,0.5,30.0,100.0,513.6468,0.0,0,0.0,0.0
65.0,B,RUNNING,63.208,0,0,5,10,0.5,30.0,100.0,512.6468,0.0,0,0.0,0.0
66.0,B,RUNNING,64.208,0,0,5,10,0.5,30.0,100.0,511.6468,0.0,0,0.0,0.0
67.0,B,RUNNING,65.212,0,0,5,10,0.5,30.0,100.0,510.6428,0.0,0,0.0,0.0
68.0,B,RUNNING,66.208,0,0,5,10,0.5,30.0,100.0,509.6468,0.0,0,0.0,0.0
69.0,B,RUNNING,67.208,0,0,5,10,0.5,30.0,100.0,508.6468,0.0,0,0.0,0.0
70.0,B,RUNNING,68.208,0,0,5,10,0.5,30.0,100.0,507.6468,0.0,0,0.0,0.0
71.02,B,RUNNING,69.228,0,0,5,10,0.5,30.0,100.0,506.6268,0.0,0,0.0,0.0
72.0,B,RUNNING,70.208,0,0,5,10,0.5,30.0,100.0,505.6468,0.0,0,0.0,0.0
73.0,B,RUNNING,71.208,0,0,5,10,0.5,30.0,100.0,504.6468,0.0,0,0.0,0.0
74.0,B,RUNNING,72.208,0,0,5,10,0.5,30.0,100.0,503.6468,0.0,0,0.0,0.0
75.0,B,RUNNING,73.208,0,0,5,10,0.5,30.0,100.0,502.6468,0.0,0,0.0,0.0
76.0,B,RUNNING,74.208,0,0,5,10,0.5,30.0,100.0,501.6468,0.0,0,0.0,0.0
77.0,B,RUNNING,75.208,0,0,5,10,0.5,30.0,100.0,500.6468,0.0,0,0.0,0.0
78.0,B,RUNNING,76.208,0,0,5,10,0.5,30.0,100.0,499.6468,0.0,0,0.0,0.0
79.0,B,RUNNING,77.208,0,0,5,10,0.5,30.0,100.0,498.6468,0.0,0,0.0,0.0
80.0,B,RUNNING,78.208,0,0,5,10,0.5,30.0,100.0,497.6468,0.0,0,0.0,0.0
81.0,B,RUNNING,79.212,0,0,5,10,0.5,30.0,100.0,496.6428,0.0,0,0.0,0.0
82.0,B,RUNNING,80.208,0,0,5,10,0.5,30.0,100.0,495.6468,0.0,0,0.0,0.0
83.0,B,RUNNING,81.208,0,0,5,10,0.5,30.0,100.0,494.6468,0.0,0,0.0,0.0
84.0,B,RUNNING,82.208,0,0,5,10,0.5,30.0,100.0,493.6468,0.0,0,0.0,0.0
85.0,B,RUNNING,83.208,0,0,5,10,0.5,30.0,100.0,492.6468,0.0,0,0.0,0.0
86.0,B,RUNNING,84.208,0,0,5,10,0.5,30.0,100.0,491.6468,0.0,0,0.0,0.0
87.0,B,RUNNING,85.208,0,0,5,10,0.5,30.0,100.0,490.6468,0.0,0,0.0,0.0
88.0,B,RUNNING,86.208,0,0,5,10,0.5,30.0,100.0,489.6468,0.0,0,0.0,0.0
89.0,B,RUNNING,87.208,0,0,5,10,0.5,30.0,100.0,488.6468,0.0,0,0.0,0.0
90.01,B,RUNNING,88.216,0,5,0,10,0.0,30.0,100.0,1087.6388,0.0,0,0.0,0.0
91.0,B,RUNNING,89.208,0,5,0,10,0.0,30.0,100.0,1086.6468,0.0,0,0.0,0.0
92.0,B,RUNNING,90.208,0,5,0,10,0.0,30.0,100.0,1085.6468,0.0,0,0.0,0.0
93.01,B,RUNNING,91.216,0,5,0,10,0.0,30.0,100.0,1084.6388,0.0,0,0.0,0.0
94.0,B,RUNNING,92.208,0,5,0,10,0.0,30.0,100.0,1083.6468,0.0,0,0.0,0.0
95.0,B,RUNNING,93.208,0,5,0,10,0.0,30.0,100.0,1082.6468,0.0,0,0.0,0.0
96.0,B,RUNNING,94.208,0,5,0,10,0.0,30.0,100.0,1081.6468,0.0,0,0.0,0.0
97.0,B,RUNNING,95.208,0,5,0,10,0.0,30.0,100.0,1080.6468,0.0,0,0.0,0.0
98.0,B,RUNNING,96.208,1,5,1,10,0.1,30.0,99.9,1048.9503,0.0,0,0.0,0.0
99.0,B,RUNNING,97.208,1,5,1,10,0.1,30.0,99.9,1047.9503,0.0,0,0.0,0.0
100.0,B,RUNNING,98.208,1,5,1,10,0.1,30.0,99.9,1046.9503,0.0,0,0.0,0.0
101.0,B,RUNNING,99.208,1,5,1,10,0.1,30.0,99.9,1045.9503,0.0,0,0.0,0.0
102.0,B,RUNNING,100.208,1,5,1,10,0.1,30.0,99.9,1044.9503,0.0,0,0.0,0.0
103.0,B,RUNNING,101.208,1,5,1,10,0.1,30.0,99.9,1043.9503,0.0,0,0.0,0.0
104.0,B,RUNNING,102.212,1,5,1,10,0.1,30.0,99.9,1042.9463,0.0,0,0.0,0.0
105.0,B,RUNNING,103.208,1,5,1,10,0.1,30.0,99.9,1041.9503,0.0,0,0.0,0.0
106.0,B,RUNNING,104.208,1,5,1,10,0.1,30.0,99.9,1040.9503,0.0,0,0.0,0.0
107.0,B,RUNNING,105.208,1,5,1,10,0.1,30.0,99.9,1039.9503,0.0,0,0.0,0.0
108.0,B,RUNNING,106.208,1,5,1,10,0.1,30.0,99.9,1038.9503,0.0,0,0.0,0.0
109.0,B,RUNNING,107.208,1,5,1,10,0.1,30.0,99.9,1037.9503,0.0,0,0.0,0.0
110.0,B,RUNNING,108.208,1,5,1,10,0.1,30.0,99.9,1036.9503,0.0,0,0.0,0.0
111.0,B,RUNNING,109.208,1,5,1,10,0.1,30.0,99.9,1035.9503,0.0,0,0.0,0.0
112.0,B,RUNNING,110.208,1,5,1,10,0.1,30.0,99.9,1034.9503,0.0,0,0.0,0.0
113.0,B,RUNNING,111.208,1,5,1,10,0.1,30.0,99.9,1033.9503,0.0,0,0.0,0.0
114.01,B,RUNNING,112.216,1,5,1,10,0.1,30.0,99.9,1032.9423,0.0,0,0.0,0.0
115.0,B,RUNNING,113.208,1,5,1,10,0.1,30.0,99.9,1031.9503,0.0,0,0.0,0.0
116.0,B,RUNNING,114.208,1,5,1,10,0.1,30.0,99.9,1030.9503,0.0,0,0.0,0.0
117.0,B,RUNNING,115.208,1,5,1,10,0.1,30.0,99.9,1029.9503,0.0,0,0.0,0.0
118.0,B,RUNNING,116.208,1,5,1,10,0.1,30.0,99.9,1028.9503,0.0,0,0.0,0.0
119.0,B,RUNNING,117.208,1,5,1,10,0.1,30.0,99.9,1027.9503,0.0,0,0.0,0.0
120.0,B,RUNNING,118.208,1,5,1,10,0.1,30.0,99.9,1026.9503,0.0,0,0.0,0.0
121.0,B,RUNNING,119.208,1,5,1,10,0.1,30.0,99.9,1025.9503,0.0,0,0.0,0.0
122.0,B,RUNNING,120.208,1,5,1,10,0.1,30.0,99.9,1024.9503,0.0,0,0.0,0.0
123.0,B,RUNNING,121.208,1,5,1,10,0.1,30.0,99.9,1023.9503,0.0,0,0.0,0.0
124.0,B,RUNNING,122.208,1,5,1,10,0.1,30.0,99.9,1022.9503,0.0,0,0.0,0.0
125.0,B,RUNNING,123.208,1,5,1,10,0.1,30.0,99.9,1021.9503,0.0,0,0.0,0.0
126.0,B,RUNNING,124.208,1,5,1,10,0.1,30.0,99.9,1020.9503,0.0,0,0.0,0.0
127.0,B,RUNNING,125.208,1,5,1,10,0.1,30.0,99.9,1019.9503,0.0,0,0.0,0.0
128.0,B,RUNNING,126.208,1,5,1,10,0.1,30.0,99.9,1018.9503,0.0,0,0.0,0.0
129.0,B,RUNNING,127.208,1,5,1,10,0.1,30.0,99.9,1017.9503,0.0,0,0.0,0.0
130.0,B,RUNNING,128.208,1,5,1,10,0.1,30.0,99.9,1016.9503,0.0,0,0.0,0.0
131.0,B,RUNNING,129.208,1,5,1,10,0.1,30.0,99.9,1015.9503,0.0,0,0.0,0.0
132.0,B,RUNNING,130.208,1,5,1,10,0.1,30.0,99.9,1014.9503,0.0,0,0.0,0.0
133.0,B,RUNNING,131.208,1,5,1,10,0.1,30.0,99.9,1013.9503,0.0,0,0.0,0.0
134.0,B,RUNNING,132.208,1,5,1,10,0.1,30.0,99.9,1012.9503,0.0,0,0.0,0.0
135.0,B,RUNNING,133.208,1,5,1,10,0.1,30.0,99.9,1011.9503,0.0,0,0.0,0.0
136.0,B,RUNNING,134.208,1,5,1,10,0.1,30.0,99.9,1010.9503,0.0,0,0.0,0.0
137.0,B,RUNNING,135.212,1,5,1,10,0.1,30.0,99.9,1009.9463,0.0,0,0.0,0.0
138.0,B,RUNNING,136.208,1,5,1,10,0.1,30.0,99.9,1008.9503,0.0,0,0.0,0.0
139.0,B,RUNNING,137.208,1,5,1,10,0.1,30.0,99.9,1007.9503,0.0,0,0.0,0.0
140.0,B,RUNNING,138.208,1,5,1,10,0.1,30.0,99.9,1006.9503,0.0,0,0.0,0.0
141.0,B,RUNNING,139.208,1,5,1,10,0.1,30.0,99.9,1005.9503,0.0,0,0.0,0.0
142.0,B,RUNNING,140.208,1,5,1,10,0.1,30.0,99.9,1004.9503,0.0,0,0.0,0.0
143.0,B,RUNNING,141.208,1,5,1,10,0.1,30.0,99.9,1003.9503,0.0,0,0.0,0.0
144.0,B,RUNNING,142.208,1,5,1,10,0.1,30.0,99.9,1002.9503,0.0,0,0.0,0.0
145.0,B,RUNNING,143.208,1,5,1,10,0.1,30.0,99.9,1001.9503,0.0,0,0.0,0.0
146.0,B,RUNNING,144.208,1,5,1,10,0.1,30.0,99.9,1000.9503,0.0,0,0.0,0.0
147.0,B,RUNNING,145.208,1,5,1,10,0.1,30.0,99.9,999.9503,0.0,0,0.0,0.0
148.0,B,RUNNING,146.208,1,5,1,10,0.1,30.0,99.9,998.9503,0.0,0,0.0,0.0
149.0,B,RUNNING,147.208,1,5,1,10,0.1,30.0,99.9,997.9503,0.0,0,0.0,0.0
150.0,B,RUNNING,148.208,1,5,1,10,0.1,30.0,99.9,996.9503,0.0,0,0.0,0.0
151.0,B,RUNNING,149.208,1,5,1,10,0.1,30.0,99.9,995.9503,0.0,0,0.0,0.0
152.0,B,RUNNING,150.208,1,5,1,10,0.1,30.0,99.9,994.9503,0.0,0,0.0,0.0
153.0,B,RUNNING,151.208,1,5,1,10,0.1,30.0,99.9,993.9503,0.0,0,0.0,0.0
154.0,B,RUNNING,152.208,1,5,1,10,0.1,30.0,99.9,992.9503,0.0,0,0.0,0.0
155.0,B,RUNNING,153.208,1,5,1,10,0.1,30.0,99.9,991.9503,0.0,0,0.0,0.0
156.0,B,RUNNING,154.208,1,5,1,10,0.1,30.0,99.9,990.9503,0.0,0,0.0,0.0
157.0,B,RUNNING,155.208,1,5,1,10,0.1,30.0,99.9,989.9503,0.0,0,0.0,0.0
158.0,B,RUNNING,156.208,1,5,1,10,0.1,30.0,99.9,988.9503,0.0,0,0.0,0.0
159.0,B,RUNNING,157.208,1,5,1,10,0.1,30.0,99.9,987.9503,0.0,0,0.0,0.0
160.0,B,RUNNING,158.208,1,5,1,10,0.1,30.0,99.9,986.9503,0.0,0,0.0,0.0
161.0,B,RUNNING,159.208,1,5,1,10,0.1,30.0,99.9,985.9503,0.0,0,0.0,0.0
162.0,B,RUNNING,160.208,1,5,1,10,0.1,30.0,99.9,984.9503,0.0,0,0.0,0.0
163.0,B,RUNNING,161.212,1,5,1,10,0.1,30.0,99.9,983.9463,0.0,0,0.0,0.0
164.0,B,RUNNING,162.208,1,5,1,10,0.1,30.0,99.9,982.9503,0.0,0,0.0,0.0
165.0,B,RUNNING,163.208,1,5,1,10,0.1,30.0,99.9,981.9503,0.0,0,0.0,0.0
166.0,B,RUNNING,164.208,1,5,1,10,0.1,30.0,99.9,980.9503,0.0,0,0.0,0.0
167.0,B,RUNNING,165.208,1,5,1,10,0.1,30.0,99.9,979.9503,0.0,0,0.0,0.0
168.0,B,RUNNING,166.208,1,5,1,10,0.1,30.0,99.9,978.9503,0.0,0,0.0,0.0
169.0,B,RUNNING,167.208,1,5,1,10,0.1,30.0,99.9,977.9503,0.0,0,0.0,0.0
170.0,B,RUNNING,168.208,1,5,1,10,0.1,30.0,99.9,976.9503,0.0,0,0.0,0.0
171.0,B,RUNNING,169.208,1,5,1,10,0.1,30.0,99.9,975.9503,0.0,0,0.0,0.0
172.0,B,RUNNING,170.212,1,5,1,10,0.1,30.0,99.9,974.9463,0.0,0,0.0,0.0
173.0,B,RUNNING,171.212,1,5,1,10,0.1,30.0,99.9,973.9463,0.0,0,0.0,0.0
174.0,B,RUNNING,172.208,1,5,1,10,0.1,30.0,99.9,972.9503,0.0,0,0.0,0.0
175.0,B,RUNNING,173.208,1,5,1,10,0.1,30.0,99.9,971.9503,0.0,0,0.0,0.0
176.0,B,RUNNING,174.208,1,5,1,10,0.1,30.0,99.9,970.9503,0.0,0,0.0,0.0
177.0,B,RUNNING,175.208,1,5,1,10,0.1,30.0,99.9,969.9503,0.0,0,0.0,0.0
178.0,B,RUNNING,176.208,1,5,1,10,0.1,30.0,99.9,968.9503,0.0,0,0.0,0.0
179.0,B,RUNNING,177.208,1,5,1,10,0.1,30.0,99.9,967.9503,0.0,0,0.0,0.0
180.0,B,RUNNING,178.208,1,5,1,10,0.1,30.0,99.9,966.9503,0.0,0,0.0,0.0
181.0,B,RUNNING,179.208,1,5,1,10,0.1,30.0,99.9,965.9503,0.0,0,0.0,0.0
182.0,B,RUNNING,180.208,1,5,1,10,0.1,30.0,99.9,964.9503,0.0,0,0.0,0.0
183.0,B,RUNNING,181.212,1,5,1,10,0.1,30.0,99.9,963.9463,0.0,0,0.0,0.0
184.0,B,RUNNING,182.208,1,5,1,10,0.1,30.0,99.9,962.9503,0.0,0,0.0,0.0
185.0,B,RUNNING,183.208,1,5,1,10,0.1,30.0,99.9,961.9503,0.0,0,0.0,0.0
186.0,B,RUNNING,184.208,1,5,1,10,0.1,30.0,99.9,960.9503,0.0,0,0.0,0.0
187.0,B,RUNNING,185.208,2,5,2,10,0.2,30.0,99.8,958.4263,0.0,0,0.0,0.0
188.0,B,RUNNING,186.208,2,5,2,10,0.2,30.0,99.8,957.4263,0.0,0,0.0,0.0
189.0,B,RUNNING,187.208,2,5,2,10,0.2,30.0,99.8,956.4263,0.0,0,0.0,0.0
190.0,B,RUNNING,188.208,2,5,2,10,0.2,30.0,99.8,955.4263,0.0,0,0.0,0.0
191.0,B,RUNNING,189.208,2,5,2,10,0.2,30.0,99.8,954.4263,0.0,0,0.0,0.0
192.0,B,RUNNING,190.208,2,5,2,10,0.2,30.0,99.8,953.4263,0.0,0,0.0,0.0
193.0,B,RUNNING,191.208,2,5,2,10,0.2,30.0,99.8,952.4263,0.0,0,0.0,0.0
194.0,B,RUNNING,192.208,2,5,2,10,0.2,30.0,99.8,951.4263,0.0,0,0.0,0.0
195.0,B,RUNNING,193.208,2,5,2,10,0.2,30.0,99.8,950.4263,0.0,0,0.0,0.0
196.0,B,RUNNING,194.208,2,5,2,10,0.2,30.0,99.8,949.4263,0.0,0,0.0,0.0
197.0,B,RUNNING,195.208,2,5,2,10,0.2,30.0,99.8,948.4263,0.0,0,0.0,0.0
198.0,B,RUNNING,196.208,2,5,2,10,0.2,30.0,99.8,947.4263,0.0,0,0.0,0.0
199.0,B,RUNNING,197.208,2,5,2,10,0.2,30.0,99.8,946.4263,0.0,0,0.0,0.0
200.0,B,RUNNING,198.208,2,5,2,10,0.2,30.0,99.8,945.4263,0.0,0,0.0,0.0
201.0,B,RUNNING,199.208,2,5,2,10,0.2,30.0,99.8,944.4263,0.0,0,0.0,0.0
202.0,B,RUNNING,200.208,2,5,2,10,0.2,30.0,99.8,943.4263,0.0,0,0.0,0.0
203.0,B,RUNNING,201.208,2,5,2,10,0.2,30.0,99.8,942.4263,0.0,0,0.0,0.0
204.0,B,RUNNING,202.208,2,5,2,10,0.2,30.0,99.8,941.4263,0.0,0,0.0,0.0
205.0,B,RUNNING,203.212,2,5,2,10,0.2,30.0,99.8,940.4223,0.0,0,0.0,0.0
206.0,B,RUNNING,204.208,2,5,2,10,0.2,30.0,99.8,939.4263,0.0,0,0.0,0.0
207.0,B,RUNNING,205.208,2,5,2,10,0.2,30.0,99.8,938.4263,0.0,0,0.0,0.0
208.0,B,RUNNING,206.208,2,5,2,10,0.2,30.0,99.8,937.4263,0.0,0,0.0,0.0
209.0,B,RUNNING,207.208,2,5,2,10,0.2,30.0,99.8,936.4263,0.0,0,0.0,0.0
210.0,B,RUNNING,208.208,2,5,2,10,0.2,30.0,99.8,935.4263,0.0,0,0.0,0.0
211.0,B,RUNNING,209.208,2,5,2,10,0.2,30.0,99.8,934.4263,0.0,0,0.0,0.0
212.0,B,RUNNING,210.208,2,5,2,10,0.2,30.0,99.8,933.4263,0.0,0,0.0,0.0
213.0,B,RUNNING,211.208,2,5,2,10,0.2,30.0,99.8,932.4263,0.0,0,0.0,0.0
214.0,B,RUNNING,212.208,2,5,2,10,0.2,30.0,99.8,931.4263,0.0,0,0.0,0.0
215.0,B,RUNNING,213.208,2,5,2,10,0.2,30.0,99.8,930.4263,0.0,0,0.0,0.0
216.0,B,RUNNING,214.208,2,5,2,10,0.2,30.0,99.8,929.4263,0.0,0,0.0,0.0
217.0,B,RUNNING,215.208,2,5,2,10,0.2,30.0,99.8,928.4263,0.0,0,0.0,0.0
218.0,B,RUNNING,216.208,2,5,2,10,0.2,30.0,99.8,927.4263,0.0,0,0.0,0.0
219.0,B,RUNNING,217.208,2,5,2,10,0.2,30.0,99.8,926.4263,0.0,0,0.0,0.0
220.0,B,RUNNING,218.208,2,5,2,10,0.2,30.0,99.8,925.4263,0.0,0,0.0,0.0
221.0,B,RUNNING,219.208,2,5,2,10,0.2,30.0,99.8,924.4263,0.0,0,0.0,0.0
222.0,B,RUNNING,220.208,2,5,2,10,0.2,30.0,99.8,923.4263,0.0,0,0.0,0.0
223.0,B,RUNNING,221.208,2,5,2,10,0.2,30.0,99.8,922.4263,0.0,0,0.0,0.0
224.0,B,RUNNING,222.208,2,5,2,10,0.2,30.0,99.8,921.4263,0.0,0,0.0,0.0
225.0,B,RUNNING,223.208,2,5,2,10,0.2,30.0,99.8,920.4263,0.0,0,0.0,0.0
226.0,B,RUNNING,224.208,2,5,2,10,0.2,30.0,99.8,919.4263,0.0,0,0.0,0.0
227.0,B,RUNNING,225.208,2,5,2,10,0.2,30.0,99.8,918.4263,0.0,0,0.0,0.0
228.0,B,RUNNING,226.208,2,5,2,10,0.2,30.0,99.8,917.4263,0.0,0,0.0,0.0
229.0,B,RUNNING,227.208,2,5,2,10,0.2,30.0,99.8,916.4263,0.0,0,0.0,0.0
230.0,B,RUNNING,228.208,2,5,2,10,0.2,30.0,99.8,915.4263,0.0,0,0.0,0.0
231.0,B,RUNNING,229.208,2,5,2,10,0.2,30.0,99.8,914.4263,0.0,0,0.0,0.0
232.0,B,RUNNING,230.208,2,5,2,10,0.2,30.0,99.8,913.4263,0.0,0,0.0,0.0
233.0,B,RUNNING,231.208,2,5,2,10,0.2,30.0,99.8,912.4263,0.0,0,0.0,0.0
234.0,B,RUNNING,232.208,2,5,2,10,0.2,30.0,99.8,911.4263,0.0,0,0.0,0.0
235.0,B,RUNNING,233.208,2,5,2,10,0.2,30.0,99.8,910.4263,0.0,0,0.0,0.0
236.0,B,RUNNING,234.208,2,5,2,10,0.2,30.0,99.8,909.4263,0.0,0,0.0,0.0
237.0,B,RUNNING,235.208,2,5,2,10,0.2,30.0,99.8,908.4263,0.0,0,0.0,0.0
238.0,B,RUNNING,236.208,2,5,2,10,0.2,30.0,99.8,907.4263,0.0,0,0.0,0.0
239.0,B,RUNNING,237.208,2,5,2,10,0.2,30.0,99.8,906.4263,0.0,0,0.0,0.0
240.0,B,RUNNING,238.208,2,5,2,10,0.2,30.0,99.8,905.4263,0.0,0,0.0,0.0
241.0,B,RUNNING,239.208,2,5,2,10,0.2,30.0,99.8,904.4263,0.0,0,0.0,0.0
242.0,B,RUNNING,240.208,2,5,2,10,0.2,30.0,99.8,903.4263,0.0,0,0.0,0.0
243.0,B,RUNNING,241.208,2,5,2,10,0.2,30.0,99.8,902.4263,0.0,0,0.0,0.0
244.0,B,RUNNING,242.208,2,5,2,10,0.2,30.0,99.8,901.4263,0.0,0,0.0,0.0
245.0,B,RUNNING,243.208,2,5,2,10,0.2,30.0,99.8,900.4263,0.0,0,0.0,0.0
246.0,B,RUNNING,244.208,2,5,2,10,0.2,30.0,99.8,899.4263,0.0,0,0.0,0.0
247.0,B,RUNNING,245.208,2,5,2,10,0.2,30.0,99.8,898.4263,0.0,0,0.0,0.0
248.0,B,RUNNING,246.208,2,5,2,10,0.2,30.0,99.8,897.4263,0.0,0,0.0,0.0
249.0,B,RUNNING,247.208,2,5,2,10,0.2,30.0,99.8,896.4263,0.0,0,0.0,0.0
250.0,B,RUNNING,248.208,2,5,2,10,0.2,30.0,99.8,895.4263,0.0,0,0.0,0.0
251.0,B,RUNNING,249.208,2,5,2,10,0.2,30.0,99.8,894.4263,0.0,0,0.0,0.0
252.0,B,RUNNING,250.208,2,5,2,10,0.2,30.0,99.8,893.4263,0.0,0,0.0,0.0
253.01,B,RUNNING,251.216,2,5,2,10,0.2,30.0,99.8,892.4183,0.0,0,0.0,0.0
254.0,B,RUNNING,252.208,2,5,2,10,0.2,30.0,99.8,891.4263,0.0,0,0.0,0.0
255.0,B,RUNNING,253.208,2,5,2,10,0.2,30.0,99.8,890.4263,0.0,0,0.0,0.0
256.0,B,RUNNING,254.208,2,5,2,10,0.2,30.0,99.8,889.4263,0.0,0,0.0,0.0
257.0,B,RUNNING,255.208,2,5,2,10,0.2,30.0,99.8,888.4263,0.0,0,0.0,0.0
258.0,B,RUNNING,256.208,2,5,2,10,0.2,30.0,99.8,887.4263,0.0,0,0.0,0.0
259.0,B,RUNNING,257.208,2,5,2,10,0.2,30.0,99.8,886.4263,0.0,0,0.0,0.0
260.0,B,RUNNING,258.208,2,5,2,10,0.2,30.0,99.8,885.4263,0.0,0,0.0,0.0
261.0,B,RUNNING,259.208,2,5,2,10,0.2,30.0,99.8,884.4263,0.0,0,0.0,0.0
262.0,B,RUNNING,260.208,2,5,2,10,0.2,30.0,99.8,883.4263,0.0,0,0.0,0.0
263.0,B,RUNNING,261.208,2,5,2,10,0.2,30.0,99.8,882.4263,0.0,0,0.0,0.0
264.0,B,RUNNING,262.208,2,5,2,10,0.2,30.0,99.8,881.4263,0.0,0,0.0,0.0
265.0,B,RUNNING,263.208,2,5,2,10,0.2,30.0,99.8,880.4263,0.0,0,0.0,0.0
266.0,B,RUNNING,264.208,2,5,2,10,0.2,30.0,99.8,879.4263,0.0,0,0.0,0.0
267.0,B,RUNNING,265.208,2,5,2,10,0.2,30.0,99.8,878.4263,0.0,0,0.0,0.0
268.0,B,RUNNING,266.208,2,5,2,10,0.2,30.0,99.8,877.4263,0.0,0,0.0,0.0
269.0,B,RUNNING,267.208,2,5,2,10,0.2,30.0,99.8,876.4263,0.0,0,0.0,0.0
270.0,B,RUNNING,268.208,2,5,2,10,0.2,30.0,99.8,875.4263,0.0,0,0.0,0.0
271.0,B,RUNNING,269.208,2,5,2,10,0.2,30.0,99.8,874.4263,0.0,0,0.0,0.0
272.0,B,RUNNING,270.208,2,5,2,10,0.2,30.0,99.8,873.4263,0.0,0,0.0,0.0
273.0,B,RUNNING,271.208,2,5,2,10,0.2,30.0,99.8,872.4263,0.0,0,0.0,0.0
274.0,B,RUNNING,272.208,2,5,2,10,0.2,30.0,99.8,871.4263,0.0,0,0.0,0.0
275.0,B,RUNNING,273.208,2,5,2,10,0.2,30.0,99.8,870.4263,0.0,0,0.0,0.0
276.0,B,RUNNING,274.208,2,5,2,10,0.2,30.0,99.8,869.4263,0.0,0,0.0,0.0
277.0,B,RUNNING,275.208,2,5,2,10,0.2,30.0,99.8,868.4263,0.0,0,0.0,0.0
278.0,B,RUNNING,276.208,2,5,2,10,0.2,30.0,99.8,867.4263,0.0,0,0.0,0.0
279.0,B,RUNNING,277.208,2,5,2,10,0.2,30.0,99.8,866.4263,0.0,0,0.0,0.0
280.0,B,RUNNING,278.208,2,5,2,10,0.2,30.0,99.8,865.4263,0.0,0,0.0,0.0
281.0,B,RUNNING,279.208,2,5,2,10,0.2,30.0,99.8,864.4263,0.0,0,0.0,0.0
282.0,B,RUNNING,280.208,2,5,2,10,0.2,30.0,99.8,863.4263,0.0,0,0.0,0.0
283.0,B,RUNNING,281.208,2,5,2,10,0.2,30.0,99.8,862.4263,0.0,0,0.0,0.0
284.0,B,RUNNING,282.208,2,5,2,10,0.2,30.0,99.8,861.4263,0.0,0,0.0,0.0
285.0,B,RUNNING,283.212,2,5,2,10,0.2,30.0,99.8,860.4223,0.0,0,0.0,0.0
286.0,B,RUNNING,284.208,2,5,2,10,0.2,30.0,99.8,859.4263,0.0,0,0.0,0.0
287.0,B,RUNNING,285.208,2,5,2,10,0.2,30.0,99.8,858.4263,0.0,0,0.0,0.0
288.0,B,RUNNING,286.208,2,5,2,10,0.2,30.0,99.8,857.4263,0.0,0,0.0,0.0
289.0,B,RUNNING,287.208,2,5,2,10,0.2,30.0,99.8,856.4263,0.0,0,0.0,0.0
290.0,B,RUNNING,288.208,2,5,2,10,0.2,30.0,99.8,855.4263,0.0,0,0.0,0.0
291.0,B,RUNNING,289.208,2,5,2,10,0.2,30.0,99.8,854.4263,0.0,0,0.0,0.0
292.0,B,RUNNING,290.212,2,5,2,10,0.2,30.0,99.8,853.4223,0.0,0,0.0,0.0
293.0,B,RUNNING,291.208,2,5,2,10,0.2,30.0,99.8,852.4263,0.0,0,0.0,0.0
294.0,B,RUNNING,292.208,2,5,2,10,0.2,30.0,99.8,851.4263,0.0,0,0.0,0.0
295.0,B,RUNNING,293.208,2,5,2,10,0.2,30.0,99.8,850.4263,0.0,0,0.0,0.0
296.0,B,RUNNING,294.208,2,5,2,10,0.2,30.0,99.8,849.4263,0.0,0,0.0,0.0
297.0,B,RUNNING,295.208,2,5,2,10,0.2,30.0,99.8,848.4263,0.0,0,0.0,0.0
298.0,B,RUNNING,296.208,2,5,2,10,0.2,30.0,99.8,847.4263,0.0,0,0.0,0.0
299.0,B,RUNNING,297.208,2,5,2,10,0.2,30.0,99.8,846.4263,0.0,0,0.0,0.0
300.0,B,RUNNING,298.208,2,5,2,10,0.2,30.0,99.8,845.4263,0.0,0,0.0,0.0
301.0,B,RUNNING,299.208,2,5,2,10,0.2,30.0,99.8,844.4263,0.0,0,0.0,0.0
302.0,B,RUNNING,300.208,2,5,2,10,0.2,30.0,99.8,843.4263,0.0,0,0.0,0.0
303.0,B,RUNNING,301.208,2,5,2,10,0.2,30.0,99.8,842.4263,0.0,0,0.0,0.0
304.0,B,RUNNING,302.212,2,5,2,10,0.2,30.0,99.8,841.4223,0.0,0,0.0,0.0
305.0,B,RUNNING,303.208,2,5,2,10,0.2,30.0,99.8,840.4263,0.0,0,0.0,0.0
306.0,B,RUNNING,304.208,3,5,3,10,0.3,30.0,99.7,820.6756,0.0,0,0.0,0.0
307.0,B,RUNNING,305.208,3,5,3,10,0.3,30.0,99.7,819.6756,0.0,0,0.0,0.0
308.0,B,RUNNING,306.208,3,8,0,10,0.0,30.0,99.7,1178.6756,0.0,0,0.0,0.0
309.0,B,RUNNING,307.208,3,8,0,10,0.0,30.0,99.7,1177.6756,0.0,0,0.0,0.0
310.0,B,RUNNING,308.208,3,8,0,10,0.0,30.0,99.7,1176.6756,0.0,0,0.0,0.0
311.0,B,RUNNING,309.208,3,8,0,10,0.0,30.0,99.7,1175.6756,0.0,0,0.0,0.0
312.0,B,RUNNING,310.208,3,8,0,10,0.0,30.0,99.7,1174.6756,0.0,0,0.0,0.0
313.0,B,RUNNING,311.208,3,8,0,10,0.0,30.0,99.7,1173.6756,0.0,0,0.0,0.0
314.0,B,RUNNING,312.208,3,8,0,10,0.0,30.0,99.7,1172.6756,0.0,0,0.0,0.0
315.0,B,RUNNING,313.208,3,8,0,10,0.0,30.0,99.7,1171.6756,0.0,0,0.0,0.0
316.0,B,RUNNING,314.208,3,8,0,10,0.0,30.0,99.7,1170.6756,0.0,0,0.0,0.0
317.0,B,RUNNING,315.208,3,8,0,10,0.0,30.0,99.7,1169.6756,0.0,0,0.0,0.0
318.0,B,RUNNING,316.208,3,8,0,10,0.0,30.0,99.7,1168.6756,0.0,0,0.0,0.0
319.0,B,RUNNING,317.208,3,8,0,10,0.0,30.0,99.7,1167.6756,0.0,0,0.0,0.0
320.0,B,RUNNING,318.208,3,8,0,10,0.0,30.0,99.7,1166.6756,0.0,0,0.0,0.0
321.0,B,RUNNING,319.208,3,8,0,10,0.0,30.0,99.7,1165.6756,0.0,0,0.0,0.0
322.0,B,RUNNING,320.208,3,8,0,10,0.0,30.0,99.7,1164.6756,0.0,0,0.0,0.0
323.0,B,RUNNING,321.208,3,8,0,10,0.0,30.0,99.7,1163.6756,0.0,0,0.0,0.0
324.0,B,RUNNING,322.208,3,8,0,10,0.0,30.0,99.7,1162.6756,0.0,0,0.0,0.0
325.0,B,RUNNING,323.208,3,8,0,10,0.0,30.0,99.7,1161.6756,0.0,0,0.0,0.0
326.0,B,RUNNING,324.208,3,8,0,10,0.0,30.0,99.7,1160.6756,0.0,0,0.0,0.0
327.0,B,RUNNING,325.208,3,8,0,10,0.0,30.0,99.7,1159.6756,0.0,0,0.0,0.0
328.0,B,RUNNING,326.208,3,8,0,10,0.0,30.0,99.7,1158.6756,0.0,0,0.0,0.0
329.0,B,RUNNING,327.212,3,8,0,10,0.0,30.0,99.7,1157.6716,0.0,0,0.0,0.0
330.0,B,RUNNING,328.208,3,8,0,10,0.0,30.0,99.7,1156.6756,0.0,0,0.0,0.0
331.0,B,RUNNING,329.208,3,8,0,10,0.0,30.0,99.7,1155.6756,0.0,0,0.0,0.0
332.0,B,RUNNING,330.208,3,8,0,10,0.0,30.0,99.7,1154.6756,0.0,0,0.0,0.0
333.0,B,RUNNING,331.208,3,8,0,10,0.0,30.0,99.7,1153.6756,0.0,0,0.0,0.0
334.0,B,RUNNING,332.208,3,8,0,10,0.0,30.0,99.7,1152.6756,0.0,0,0.0,0.0
335.0,B,RUNNING,333.208,3,8,0,10,0.0,30.0,99.7,1151.6756,0.0,0,0.0,0.0
336.0,B,RUNNING,334.208,3,8,0,10,0.0,30.0,99.7,1150.6756,0.0,0,0.0,0.0
337.0,B,RUNNING,335.208,3,8,0,10,0.0,30.0,99.7,1149.6756,0.0,0,0.0,0.0
338.0,B,RUNNING,336.208,3,8,0,10,0.0,30.0,99.7,1148.6756,0.0,0,0.0,0.0
339.0,B,RUNNING,337.212,3,8,0,10,0.0,30.0,99.7,1147.6716,0.0,0,0.0,0.0
340.0,B,RUNNING,338.208,3,8,0,10,0.0,30.0,99.7,1146.6756,0.0,0,0.0,0.0
341.0,B,RUNNING,339.208,3,8,0,10,0.0,30.0,99.7,1145.6756,0.0,0,0.0,0.0
342.0,B,RUNNING,340.208,3,8,0,10,0.0,30.0,99.7,1144.6756,0.0,0,0.0,0.0
343.0,B,RUNNING,341.208,3,8,0,10,0.0,30.0,99.7,1143.6756,0.0,0,0.0,0.0
344.0,B,RUNNING,342.208,3,8,0,10,0.0,30.0,99.7,1142.6756,0.0,0,0.0,0.0
345.0,B,RUNNING,343.208,3,8,0,10,0.0,30.0,99.7,1141.6756,0.0,0,0.0,0.0
346.0,B,RUNNING,344.208,3,8,0,10,0.0,30.0,99.7,1140.6756,0.0,0,0.0,0.0
347.0,B,RUNNING,345.208,3,8,0,10,0.0,30.0,99.7,1139.6756,0.0,0,0.0,0.0
348.0,B,RUNNING,346.212,3,8,0,10,0.0,30.0,99.7,1138.6716,0.0,0,0.0,0.0
349.0,B,RUNNING,347.208,3,8,0,10,0.0,30.0,99.7,1137.6756,0.0,0,0.0,0.0
350.0,B,RUNNING,348.208,3,8,0,10,0.0,30.0,99.7,1136.6756,0.0,0,0.0,0.0
351.0,B,RUNNING,349.208,3,8,0,10,0.0,30.0,99.7,1135.6756,0.0,0,0.0,0.0
352.0,B,RUNNING,350.208,3,8,0,10,0.0,30.0,99.7,1134.6756,0.0,0,0.0,0.0
353.0,B,RUNNING,351.208,3,8,0,10,0.0,30.0,99.7,1133.6756,0.0,0,0.0,0.0
354.0,B,RUNNING,352.208,3,8,0,10,0.0,30.0,99.7,1132.6756,0.0,0,0.0,0.0
355.0,B,RUNNING,353.208,3,8,0,10,0.0,30.0,99.7,1131.6756,0.0,0,0.0,0.0
356.0,B,RUNNING,354.208,3,8,0,10,0.0,30.0,99.7,1130.6756,0.0,0,0.0,0.0
357.0,B,RUNNING,355.208,3,8,0,10,0.0,30.0,99.7,1129.6756,0.0,0,0.0,0.0
358.01,B,RUNNING,356.22,3,8,0,10,0.0,30.0,99.7,1128.6636,0.0,0,0.0,0.0
359.0,B,RUNNING,357.208,3,8,0,10,0.0,30.0,99.7,1127.6756,0.0,0,0.0,0.0
360.0,B,RUNNING,358.208,3,8,0,10,0.0,30.0,99.7,1126.6756,0.0,0,0.0,0.0
361.0,B,RUNNING,359.208,3,8,0,10,0.0,30.0,99.7,1125.6756,0.0,0,0.0,0.0
362.0,B,RUNNING,360.208,3,8,0,10,0.0,30.0,99.7,1124.6756,0.0,0,0.0,0.0
363.0,B,RUNNING,361.208,3,8,0,10,0.0,30.0,99.7,1123.6756,0.0,0,0.0,0.0
364.0,B,RUNNING,362.208,3,8,0,10,0.0,30.0,99.7,1122.6756,0.0,0,0.0,0.0
365.0,B,RUNNING,363.212,3,8,0,10,0.0,30.0,99.7,1121.6716,0.0,0,0.0,0.0
366.0,B,RUNNING,364.208,3,8,0,10,0.0,30.0,99.7,1120.6756,0.0,0,0.0,0.0
367.0,B,RUNNING,365.208,3,8,0,10,0.0,30.0,99.7,1119.6756,0.0,0,0.0,0.0
368.0,B,RUNNING,366.208,3,8,0,10,0.0,30.0,99.7,1118.6756,0.0,0,0.0,0.0
369.0,B,RUNNING,367.208,3,8,0,10,0.0,30.0,99.7,1117.6756,0.0,0,0.0,0.0
370.0,B,RUNNING,368.208,3,8,0,10,0.0,30.0,99.7,1116.6756,0.0,0,0.0,0.0
371.0,B,RUNNING,369.208,3,8,0,10,0.0,30.0,99.7,1115.6756,0.0,0,0.0,0.0
372.0,B,RUNNING,370.208,3,8,0,10,0.0,30.0,99.7,1114.6756,0.0,0,0.0,0.0
373.0,B,RUNNING,371.212,3,8,0,10,0.0,30.0,99.7,1113.6716,0.0,0,0.0,0.0
374.0,B,RUNNING,372.208,3,8,0,10,0.0,30.0,99.7,1112.6756,0.0,0,0.0,0.0
375.0,B,RUNNING,373.208,3,8,0,10,0.0,30.0,99.7,1111.6756,0.0,0,0.0,0.0
376.0,B,RUNNING,374.208,3,8,0,10,0.0,30.0,99.7,1110.6756,0.0,0,0.0,0.0
377.0,B,RUNNING,375.208,3,8,0,10,0.0,30.0,99.7,1109.6756,0.0,0,0.0,0.0
378.0,B,RUNNING,376.208,3,8,0,10,0.0,30.0,99.7,1108.6756,0.0,0,0.0,0.0
379.0,B,RUNNING,377.212,3,8,0,10,0.0,30.0,99.7,1107.6716,0.0,0,0.0,0.0
380.0,B,RUNNING,378.208,3,8,0,10,0.0,30.0,99.7,1106.6756,0.0,0,0.0,0.0
381.0,B,RUNNING,379.208,3,8,0,10,0.0,30.0,99.7,1105.6756,0.0,0,0.0,0.0
382.0,B,RUNNING,380.208,3,8,0,10,0.0,30.0,99.7,1104.6756,0.0,0,0.0,0.0
383.0,B,RUNNING,381.208,3,8,0,10,0.0,30.0,99.7,1103.6756,0.0,0,0.0,0.0
384.0,B,RUNNING,382.208,3,8,0,10,0.0,30.0,99.7,1102.6756,0.0,0,0.0,0.0
385.0,B,RUNNING,383.208,3,8,0,10,0.0,30.0,99.7,1101.6756,0.0,0,0.0,0.0
386.0,B,RUNNING,384.212,3,8,0,10,0.0,30.0,99.7,1100.6716,0.0,0,0.0,0.0
387.0,B,RUNNING,385.212,3,8,0,10,0.0,30.0,99.7,1099.6716,0.0,0,0.0,0.0
388.0,B,RUNNING,386.208,3,8,0,10,0.0,30.0,99.7,1098.6756,0.0,0,0.0,0.0
389.0,B,RUNNING,387.208,3,8,0,10,0.0,30.0,99.7,1097.6756,0.0,0,0.0,0.0
390.0,B,RUNNING,388.212,3,8,0,10,0.0,30.0,99.7,1096.6716,0.0,0,0.0,0.0
391.0,B,RUNNING,389.212,3,8,0,10,0.0,30.0,99.7,1095.6716,0.0,0,0.0,0.0
392.0,B,RUNNING,390.208,3,8,0,10,0.0,30.0,99.7,1094.6756,0.0,0,0.0,0.0
393.0,B,RUNNING,391.208,3,8,0,10,0.0,30.0,99.7,1093.6756,0.0,0,0.0,0.0
394.0,B,RUNNING,392.212,3,8,0,10,0.0,30.0,99.7,1092.6716,0.0,0,0.0,0.0
395.0,B,RUNNING,393.208,3,8,0,10,0.0,30.0,99.7,1091.6756,0.0,0,0.0,0.0
396.0,B,RUNNING,394.208,3,8,0,10,0.0,30.0,99.7,1090.6756,0.0,0,0.0,0.0
397.0,B,RUNNING,395.208,3,8,0,10,0.0,30.0,99.7,1089.6756,0.0,0,0.0,0.0
398.0,B,RUNNING,396.208,3,8,0,10,0.0,30.0,99.7,1088.6756,0.0,0,0.0,0.0
399.0,B,RUNNING,397.208,3,8,0,10,0.0,30.0,99.7,1087.6756,0.0,0,0.0,0.0
400.0,B,RUNNING,398.208,3,8,0,10,0.0,30.0,99.7,1086.6756,0.0,0,0.0,0.0
401.0,B,RUNNING,399.208,3,8,0,10,0.0,30.0,99.7,1085.6756,0.0,0,0.0,0.0
402.0,B,RUNNING,400.208,3,8,0,10,0.0,30.0,99.7,1084.6756,0.0,0,0.0,0.0
403.0,B,RUNNING,401.208,3,8,0,10,0.0,30.0,99.7,1083.6756,0.0,0,0.0,0.0
404.0,B,RUNNING,402.208,3,8,0,10,0.0,30.0,99.7,1082.6756,0.0,0,0.0,0.0
405.0,B,RUNNING,403.208,3,8,0,10,0.0,30.0,99.7,1081.6756,0.0,0,0.0,0.0
406.0,B,RUNNING,404.208,3,8,0,10,0.0,30.0,99.7,1080.6756,0.0,0,0.0,0.0
407.0,B,RUNNING,405.208,4,8,1,10,0.1,30.0,99.6,1094.7049,0.0,0,0.0,0.0
408.0,B,RUNNING,406.208,4,8,1,10,0.1,30.0,99.6,1093.7049,0.0,0,0.0,0.0
409.0,B,RUNNING,407.208,4,8,1,10,0.1,30.0,99.6,1092.7049,0.0,0,0.0,0.0
410.0,B,RUNNING,408.208,4,8,1,10,0.1,30.0,99.6,1091.7049,0.0,0,0.0,0.0
411.0,B,RUNNING,409.208,4,8,1,10,0.1,30.0,99.6,1090.7049,0.0,0,0.0,0.0
412.0,B,RUNNING,410.208,4,8,1,10,0.1,30.0,99.6,1089.7049,0.0,0,0.0,0.0
413.0,B,RUNNING,411.208,4,8,1,10,0.1,30.0,99.6,1088.7049,0.0,0,0.0,0.0
414.0,B,RUNNING,412.208,4,8,1,10,0.1,30.0,99.6,1087.7049,0.0,0,0.0,0.0
415.0,B,RUNNING,413.208,4,8,1,10,0.1,30.0,99.6,1086.7049,0.0,0,0.0,0.0
416.0,B,RUNNING,414.208,4,8,1,10,0.1,30.0,99.6,1085.7049,0.0,0,0.0,0.0
417.0,B,RUNNING,415.208,4,8,1,10,0.1,30.0,99.6,1084.7049,0.0,0,0.0,0.0
418.0,B,RUNNING,416.208,4,8,1,10,0.1,30.0,99.6,1083.7049,0.0,0,0.0,0.0
419.0,B,RUNNING,417.212,4,8,1,10,0.1,30.0,99.6,1082.7009,0.0,0,0.0,0.0
420.0,B,RUNNING,418.208,4,8,1,10,0.1,30.0,99.6,1081.7049,0.0,0,0.0,0.0
421.0,B,RUNNING,419.208,4,8,1,10,0.1,30.0,99.6,1080.7049,0.0,0,0.0,0.0
422.0,B,RUNNING,420.208,4,8,1,10,0.1,30.0,99.6,1079.7049,0.0,0,0.0,0.0
423.02,B,RUNNING,421.228,4,8,1,10,0.1,30.0,99.6,1078.6849,0.0,0,0.0,0.0
424.0,B,RUNNING,422.208,4,8,1,10,0.1,30.0,99.6,1077.7049,0.0,0,0.0,0.0
425.0,B,RUNNING,423.208,4,8,1,10,0.1,30.0,99.6,1076.7049,0.0,0,0.0,0.0
426.0,B,RUNNING,424.208,4,8,1,10,0.1,30.0,99.6,1075.7049,0.0,0,0.0,0.0
427.0,B,RUNNING,425.208,4,8,1,10,0.1,30.0,99.6,1074.7049,0.0,0,0.0,0.0
428.0,B,RUNNING,426.208,4,8,1,10,0.1,30.0,99.6,1073.7049,0.0,0,0.0,0.0
429.0,B,RUNNING,427.208,4,8,1,10,0.1,30.0,99.6,1072.7049,0.0,0,0.0,0.0
430.0,B,RUNNING,428.208,4,8,1,10,0.1,30.0,99.6,1071.7049,0.0,0,0.0,0.0
431.0,B,RUNNING,429.208,4,8,1,10,0.1,30.0,99.6,1070.7049,0.0,0,0.0,0.0
432.0,B,RUNNING,430.208,4,8,1,10,0.1,30.0,99.6,1069.7049,0.0,0,0.0,0.0
433.0,B,RUNNING,431.208,4,8,1,10,0.1,30.0,99.6,1068.7049,0.0,0,0.0,0.0
434.0,B,RUNNING,432.208,4,8,1,10,0.1,30.0,99.6,1067.7049,0.0,0,0.0,0.0
435.02,B,RUNNING,433.228,4,8,1,10,0.1,30.0,99.6,1066.6849,0.0,0,0.0,0.0
436.0,B,RUNNING,434.208,4,8,1,10,0.1,30.0,99.6,1065.7049,0.0,0,0.0,0.0
437.0,B,RUNNING,435.208,4,8,1,10,0.1,30.0,99.6,1064.7049,0.0,0,0.0,0.0
438.0,B,RUNNING,436.208,4,8,1,10,0.1,30.0,99.6,1063.7049,0.0,0,0.0,0.0
439.0,B,RUNNING,437.208,4,8,1,10,0.1,30.0,99.6,1062.7049,0.0,0,0.0,0.0
440.0,B,RUNNING,438.208,4,8,1,10,0.1,30.0,99.6,1061.7049,0.0,0,0.0,0.0
441.0,B,RUNNING,439.208,4,8,1,10,0.1,30.0,99.6,1060.7049,0.0,0,0.0,0.0
442.0,B,RUNNING,440.208,4,8,1,10,0.1,30.0,99.6,1059.7049,0.0,0,0.0,0.0
443.0,B,RUNNING,441.208,4,8,1,10,0.1,30.0,99.6,1058.7049,0.0,0,0.0,0.0
444.0,B,RUNNING,442.208,4,8,1,10,0.1,30.0,99.6,1057.7049,0.0,0,0.0,0.0
445.0,B,RUNNING,443.208,4,8,1,10,0.1,30.0,99.6,1056.7049,0.0,0,0.0,0.0
446.0,B,RUNNING,444.208,4,8,1,10,0.1,30.0,99.6,1055.7049,0.0,0,0.0,0.0
447.0,B,RUNNING,445.208,4,8,1,10,0.1,30.0,99.6,1054.7049,0.0,0,0.0,0.0
448.0,B,RUNNING,446.208,4,8,1,10,0.1,30.0,99.6,1053.7049,0.0,0,0.0,0.0
449.0,B,RUNNING,447.208,4,8,1,10,0.1,30.0,99.6,1052.7049,0.0,0,0.0,0.0
450.0,B,RUNNING,448.208,4,8,1,10,0.1,30.0,99.6,1051.7049,0.0,0,0.0,0.0
451.0,B,RUNNING,449.208,4,8,1,10,0.1,30.0,99.6,1050.7049,0.0,0,0.0,0.0
452.0,B,RUNNING,450.208,4,8,1,10,0.1,30.0,99.6,1049.7049,0.0,0,0.0,0.0
453.0,B,RUNNING,451.208,4,8,1,10,0.1,30.0,99.6,1048.7049,0.0,0,0.0,0.0
454.0,B,RUNNING,452.208,4,8,1,10,0.1,30.0,99.6,1047.7049,0.0,0,0.0,0.0
455.0,B,RUNNING,453.208,4,8,1,10,0.1,30.0,99.6,1046.7049,0.0,0,0.0,0.0
456.0,B,RUNNING,454.208,4,8,1,10,0.1,30.0,99.6,1045.7049,0.0,0,0.0,0.0
457.0,B,RUNNING,455.212,4,8,1,10,0.1,30.0,99.6,1044.7009,0.0,0,0.0,0.0
458.0,B,RUNNING,456.208,4,8,1,10,0.1,30.0,99.6,1043.7049,0.0,0,0.0,0.0
459.0,B,RUNNING,457.208,4,8,1,10,0.1,30.0,99.6,1042.7049,0.0,0,0.0,0.0
460.0,B,RUNNING,458.208,4,8,1,10,0.1,30.0,99.6,1041.7049,0.0,0,0.0,0.0
461.0,B,RUNNING,459.208,4,8,1,10,0.1,30.0,99.6,1040.7049,0.0,0,0.0,0.0
462.0,B,RUNNING,460.208,4,8,1,10,0.1,30.0,99.6,1039.7049,0.0,0,0.0,0.0
463.0,B,RUNNING,461.208,4,8,1,10,0.1,30.0,99.6,1038.7049,0.0,0,0.0,0.0
464.0,B,RUNNING,462.208,4,8,1,10,0.1,30.0,99.6,1037.7049,0.0,0,0.0,0.0
465.0,B,RUNNING,463.208,4,8,1,10,0.1,30.0,99.6,1036.7049,0.0,0,0.0,0.0
466.0,B,RUNNING,464.208,4,8,1,10,0.1,30.0,99.6,1035.7049,0.0,0,0.0,0.0
467.0,B,RUNNING,465.212,4,8,1,10,0.1,30.0,99.6,1034.7009,0.0,0,0.0,0.0
468.0,B,RUNNING,466.208,4,8,1,10,0.1,30.0,99.6,1033.7049,0.0,0,0.0,0.0
469.0,B,RUNNING,467.208,4,8,1,10,0.1,30.0,99.6,1032.7049,0.0,0,0.0,0.0
470.0,B,RUNNING,468.208,4,8,1,10,0.1,30.0,99.6,1031.7049,0.0,0,0.0,0.0
471.0,B,RUNNING,469.208,4,8,1,10,0.1,30.0,99.6,1030.7049,0.0,0,0.0,0.0
472.02,B,RUNNING,470.224,4,8,1,10,0.1,30.0,99.6,1029.6889,0.0,0,0.0,0.0
473.0,B,RUNNING,471.212,4,8,1,10,0.1,30.0,99.6,1028.7009,0.0,0,0.0,0.0
474.0,B,RUNNING,472.208,4,8,1,10,0.1,30.0,99.6,1027.7049,0.0,0,0.0,0.0
475.0,B,RUNNING,473.208,4,8,1,10,0.1,30.0,99.6,1026.7049,0.0,0,0.0,0.0
476.0,B,RUNNING,474.208,4,8,1,10,0.1,30.0,99.6,1025.7049,0.0,0,0.0,0.0
477.0,B,RUNNING,475.208,4,8,1,10,0.1,30.0,99.6,1024.7049,0.0,0,0.0,0.0
478.0,B,RUNNING,476.208,4,8,1,10,0.1,30.0,99.6,1023.7049,0.0,0,0.0,0.0
479.0,B,RUNNING,477.208,4,8,1,10,0.1,30.0,99.6,1022.7049,0.0,0,0.0,0.0
480.0,B,RUNNING,478.208,4,8,1,10,0.1,30.0,99.6,1021.7049,0.0,0,0.0,0.0
481.0,B,RUNNING,479.208,4,8,1,10,0.1,30.0,99.6,1020.7049,0.0,0,0.0,0.0
482.0,B,RUNNING,480.208,4,8,1,10,0.1,30.0,99.6,1019.7049,0.0,0,0.0,0.0
483.0,B,RUNNING,481.208,4,8,1,10,0.1,30.0,99.6,1018.7049,0.0,0,0.0,0.0
484.0,B,RUNNING,482.208,4,8,1,10,0.1,30.0,99.6,1017.7049,0.0,0,0.0,0.0
485.0,B,RUNNING,483.208,4,8,1,10,0.1,30.0,99.6,1016.7049,0.0,0,0.0,0.0
486.0,B,RUNNING,484.208,4,8,1,10,0.1,30.0,99.6,1015.7049,0.0,0,0.0,0.0
487.0,B,RUNNING,485.208,4,8,1,10,0.1,30.0,99.6,1014.7049,0.0,0,0.0,0.0
488.0,B,RUNNING,486.212,4,8,1,10,0.1,30.0,99.6,1013.7009,0.0,0,0.0,0.0
489.0,B,RUNNING,487.208,4,8,1,10,0.1,30.0,99.6,1012.7049,0.0,0,0.0,0.0
490.0,B,RUNNING,488.208,4,8,1,10,0.1,30.0,99.6,1011.7049,0.0,0,0.0,0.0
491.0,B,RUNNING,489.208,4,8,1,10,0.1,30.0,99.6,1010.7049,0.0,0,0.0,0.0
492.0,B,RUNNING,490.208,4,8,1,10,0.1,30.0,99.6,1009.7049,0.0,0,0.0,0.0
493.0,B,RUNNING,491.208,4,8,1,10,0.1,30.0,99.6,1008.7049,0.0,0,0.0,0.0
494.0,B,RUNNING,492.208,4,8,1,10,0.1,30.0,99.6,1007.7049,0.0,0,0.0,0.0
495.0,B,RUNNING,493.208,4,8,1,10,0.1,30.0,99.6,1006.7049,0.0,0,0.0,0.0
496.0,B,RUNNING,494.208,4,8,1,10,0.1,30.0,99.6,1005.7049,0.0,0,0.0,0.0
497.0,B,RUNNING,495.208,4,8,1,10,0.1,30.0,99.6,1004.7049,0.0,0,0.0,0.0
498.0,B,RUNNING,496.208,4,8,1,10,0.1,30.0,99.6,1003.7049,0.0,0,0.0,0.0
499.0,B,RUNNING,497.208,4,8,1,10,0.1,30.0,99.6,1002.7049,0.0,0,0.0,0.0
500.0,B,RUNNING,498.208,4,8,1,10,0.1,30.0,99.6,1001.7049,0.0,0,0.0,0.0
501.0,B,RUNNING,499.208,4,8,1,10,0.1,30.0,99.6,1000.7049,0.0,0,0.0,0.0
502.0,B,RUNNING,500.208,4,8,1,10,0.1,30.0,99.6,999.7049,0.0,0,0.0,0.0
503.0,B,RUNNING,501.208,4,8,1,10,0.1,30.0,99.6,998.7049,0.0,0,0.0,0.0
504.0,B,RUNNING,502.208,4,8,1,10,0.1,30.0,99.6,997.7049,0.0,0,0.0,0.0
505.0,B,RUNNING,503.208,4,8,1,10,0.1,30.0,99.6,996.7049,0.0,0,0.0,0.0
506.0,B,RUNNING,504.208,4,8,1,10,0.1,30.0,99.6,995.7049,0.0,0,0.0,0.0
507.0,B,RUNNING,505.208,4,8,1,10,0.1,30.0,99.6,994.7049,0.0,0,0.0,0.0
508.0,B,RUNNING,506.208,4,8,1,10,0.1,30.0,99.6,993.7049,0.0,0,0.0,0.0
509.0,B,RUNNING,507.208,4,8,1,10,0.1,30.0,99.6,992.7049,0.0,0,0.0,0.0
510.0,B,RUNNING,508.208,4,8,1,10,0.1,30.0,99.6,991.7049,0.0,0,0.0,0.0
511.0,B,RUNNING,509.208,4,8,1,10,0.1,30.0,99.6,990.7049,0.0,0,0.0,0.0
512.0,B,RUNNING,510.208,4,8,1,10,0.1,30.0,99.6,989.7049,0.0,0,0.0,0.0
513.0,B,RUNNING,511.208,4,8,1,10,0.1,30.0,99.6,988.7049,0.0,0,0.0,0.0
514.0,B,RUNNING,512.208,4,8,1,10,0.1,30.0,99.6,987.7049,0.0,0,0.0,0.0
515.0,B,RUNNING,513.208,4,8,1,10,0.1,30.0,99.6,986.7049,0.0,0,0.0,0.0
516.0,B,RUNNING,514.208,4,8,1,10,0.1,30.0,99.6,985.7049,0.0,0,0.0,0.0
517.01,B,RUNNING,515.216,4,8,1,10,0.1,30.0,99.6,984.6969,0.0,0,0.0,0.0
518.0,B,RUNNING,516.212,4,8,1,10,0.1,30.0,99.6,983.7009,0.0,0,0.0,0.0
519.0,B,RUNNING,517.208,4,8,1,10,0.1,30.0,99.6,982.7049,0.0,0,0.0,0.0
520.0,B,RUNNING,518.208,4,8,1,10,0.1,30.0,99.6,981.7049,0.0,0,0.0,0.0
521.0,B,RUNNING,519.208,4,8,1,10,0.1,30.0,99.6,980.7049,0.0,0,0.0,0.0
522.0,B,RUNNING,520.208,4,8,1,10,0.1,30.0,99.6,979.7049,0.0,0,0.0,0.0
523.0,B,RUNNING,521.208,4,8,1,10,0.1,30.0,99.6,978.7049,0.0,0,0.0,0.0
524.0,B,RUNNING,522.208,4,8,1,10,0.1,30.0,99.6,977.7049,0.0,0,0.0,0.0
525.0,B,RUNNING,523.208,4,8,1,10,0.1,30.0,99.6,976.7049,0.0,0,0.0,0.0
526.0,B,RUNNING,524.208,4,8,1,10,0.1,30.0,99.6,975.7049,0.0,0,0.0,0.0
527.0,B,RUNNING,525.208,4,8,1,10,0.1,30.0,99.6,974.7049,0.0,0,0.0,0.0
528.0,B,RUNNING,526.208,4,8,1,10,0.1,30.0,99.6,973.7049,0.0,0,0.0,0.0
529.0,B,RUNNING,527.208,4,8,1,10,0.1,30.0,99.6,972.7049,0.0,0,0.0,0.0
530.0,B,RUNNING,528.208,4,8,1,10,0.1,30.0,99.6,971.7049,0.0,0,0.0,0.0
531.0,B,RUNNING,529.208,4,8,1,10,0.1,30.0,99.6,970.7049,0.0,0,0.0,0.0
532.0,B,RUNNING,530.208,4,8,1,10,0.1,30.0,99.6,969.7049,0.0,0,0.0,0.0
533.0,B,RUNNING,531.208,4,8,1,10,0.1,30.0,99.6,968.7049,0.0,0,0.0,0.0
534.0,B,RUNNING,532.208,4,8,1,10,0.1,30.0,99.6,967.7049,0.0,0,0.0,0.0
535.0,B,RUNNING,533.208,4,8,1,10,0.1,30.0,99.6,966.7049,0.0,0,0.0,0.0
536.0,B,RUNNING,534.208,4,8,1,10,0.1,30.0,99.6,965.7049,0.0,0,0.0,0.0
537.0,B,RUNNING,535.208,4,8,1,10,0.1,30.0,99.6,964.7049,0.0,0,0.0,0.0
538.0,B,RUNNING,536.208,4,8,1,10,0.1,30.0,99.6,963.7049,0.0,0,0.0,0.0
539.0,B,RUNNING,537.208,4,8,1,10,0.1,30.0,99.6,962.7049,0.0,0,0.0,0.0
540.0,B,RUNNING,538.208,4,8,1,10,0.1,30.0,99.6,961.7049,0.0,0,0.0,0.0
541.0,B,RUNNING,539.208,4,8,1,10,0.1,30.0,99.6,960.7049,0.0,0,0.0,0.0
542.0,B,RUNNING,540.208,5,8,2,10,0.2,30.0,99.5,969.1354,0.0,0,0.0,0.0
543.0,B,RUNNING,541.208,5,8,2,10,0.2,30.0,99.5,968.1354,0.0,0,0.0,0.0
544.0,B,RUNNING,542.208,5,8,2,10,0.2,30.0,99.5,967.1354,0.0,0,0.0,0.0
545.0,B,RUNNING,543.208,5,8,2,10,0.2,30.0,99.5,966.1354,0.0,0,0.0,0.0
546.0,B,RUNNING,544.208,5,8,2,10,0.2,30.0,99.5,965.1354,0.0,0,0.0,0.0
547.0,B,RUNNING,545.208,5,8,2,10,0.2,30.0,99.5,964.1354,0.0,0,0.0,0.0
548.0,B,RUNNING,546.208,5,8,2,10,0.2,30.0,99.5,963.1354,0.0,0,0.0,0.0
549.0,B,RUNNING,547.208,5,8,2,10,0.2,30.0,99.5,962.1354,0.0,0,0.0,0.0
550.0,B,RUNNING,548.208,5,8,2,10,0.2,30.0,99.5,961.1354,0.0,0,0.0,0.0
551.0,B,RUNNING,549.208,5,8,2,10,0.2,30.0,99.5,960.1354,0.0,0,0.0,0.0
552.0,B,RUNNING,550.208,5,8,2,10,0.2,30.0,99.5,959.1354,0.0,0,0.0,0.0
553.0,B,RUNNING,551.208,5,8,2,10,0.2,30.0,99.5,958.1354,0.0,0,0.0,0.0
554.0,B,RUNNING,552.208,5,8,2,10,0.2,30.0,99.5,957.1354,0.0,0,0.0,0.0
555.0,B,RUNNING,553.208,5,8,2,10,0.2,30.0,99.5,956.1354,0.0,0,0.0,0.0
556.0,B,RUNNING,554.208,5,8,2,10,0.2,30.0,99.5,955.1354,0.0,0,0.0,0.0
557.0,B,RUNNING,555.208,5,8,2,10,0.2,30.0,99.5,954.1354,0.0,0,0.0,0.0
558.0,B,RUNNING,556.208,5,8,2,10,0.2,30.0,99.5,953.1354,0.0,0,0.0,0.0
559.0,B,RUNNING,557.208,5,8,2,10,0.2,30.0,99.5,952.1354,0.0,0,0.0,0.0
560.0,B,RUNNING,558.208,5,8,2,10,0.2,30.0,99.5,951.1354,0.0,0,0.0,0.0
561.0,B,RUNNING,559.208,5,8,2,10,0.2,30.0,99.5,950.1354,0.0,0,0.0,0.0
562.0,B,RUNNING,560.208,5,8,2,10,0.2,30.0,99.5,949.1354,0.0,0,0.0,0.0
563.0,B,RUNNING,561.212,5,8,2,10,0.2,30.0,99.5,948.1314,0.0,0,0.0,0.0
564.0,B,RUNNING,562.208,5,8,2,10,0.2,30.0,99.5,947.1354,0.0,0,0.0,0.0
565.0,B,RUNNING,563.208,5,8,2,10,0.2,30.0,99.5,946.1354,0.0,0,0.0,0.0
566.0,B,RUNNING,564.208,5,8,2,10,0.2,30.0,99.5,945.1354,0.0,0,0.0,0.0
567.0,B,RUNNING,565.208,5,8,2,10,0.2,30.0,99.5,944.1354,0.0,0,0.0,0.0
568.0,B,RUNNING,566.208,5,8,2,10,0.2,30.0,99.5,943.1354,0.0,0,0.0,0.0
569.0,B,RUNNING,567.208,5,8,2,10,0.2,30.0,99.5,942.1354,0.0,0,0.0,0.0
570.0,B,RUNNING,568.208,5,8,2,10,0.2,30.0,99.5,941.1354,0.0,0,0.0,0.0
571.0,B,RUNNING,569.208,5,8,2,10,0.2,30.0,99.5,940.1354,0.0,0,0.0,0.0
572.0,B,RUNNING,570.208,5,8,2,10,0.2,30.0,99.5,939.1354,0.0,0,0.0,0.0
573.0,B,RUNNING,571.208,5,8,2,10,0.2,30.0,99.5,938.1354,0.0,0,0.0,0.0
574.0,B,RUNNING,572.208,5,8,2,10,0.2,30.0,99.5,937.1354,0.0,0,0.0,0.0
575.0,B,RUNNING,573.208,5,8,2,10,0.2,30.0,99.5,936.1354,0.0,0,0.0,0.0
576.0,B,RUNNING,574.208,5,8,2,10,0.2,30.0,99.5,935.1354,0.0,0,0.0,0.0
577.0,B,RUNNING,575.208,5,8,2,10,0.2,30.0,99.5,934.1354,0.0,0,0.0,0.0
578.0,B,RUNNING,576.208,5,8,2,10,0.2,30.0,99.5,933.1354,0.0,0,0.0,0.0
579.0,B,RUNNING,577.208,5,8,2,10,0.2,30.0,99.5,932.1354,0.0,0,0.0,0.0
580.0,B,RUNNING,578.208,5,8,2,10,0.2,30.0,99.5,931.1354,0.0,0,0.0,0.0
581.0,B,RUNNING,579.208,5,8,2,10,0.2,30.0,99.5,930.1354,0.0,0,0.0,0.0
582.0,B,RUNNING,580.208,5,8,2,10,0.2,30.0,99.5,929.1354,0.0,0,0.0,0.0
583.0,B,RUNNING,581.208,5,8,2,10,0.2,30.0,99.5,928.1354,0.0,0,0.0,0.0
584.0,B,RUNNING,582.208,5,8,2,10,0.2,30.0,99.5,927.1354,0.0,0,0.0,0.0
585.0,B,RUNNING,583.208,5,10,0,10,0.0,30.0,99.5,1166.1354,0.0,0,0.0,0.0
586.0,B,RUNNING,584.208,5,10,0,10,0.0,30.0,99.5,1165.1354,0.0,0,0.0,0.0
587.0,B,RUNNING,585.208,5,10,0,10,0.0,30.0,99.5,1164.1354,0.0,0,0.0,0.0
588.0,B,RUNNING,586.208,5,10,0,10,0.0,30.0,99.5,1163.1354,0.0,0,0.0,0.0
589.0,B,RUNNING,587.208,5,10,0,10,0.0,30.0,99.5,1162.1354,0.0,0,0.0,0.0
590.0,B,RUNNING,588.208,5,10,0,10,0.0,30.0,99.5,1161.1354,0.0,0,0.0,0.0
591.0,B,RUNNING,589.208,5,10,0,10,0.0,30.0,99.5,1160.1354,0.0,0,0.0,0.0
592.0,B,RUNNING,590.208,5,10,0,10,0.0,30.0,99.5,1159.1354,0.0,0,0.0,0.0
593.0,B,RUNNING,591.212,5,10,0,10,0.0,30.0,99.5,1158.1314,0.0,0,0.0,0.0
594.0,B,RUNNING,592.208,5,10,0,10,0.0,30.0,99.5,1157.1354,0.0,0,0.0,0.0
595.0,B,RUNNING,593.208,5,10,0,10,0.0,30.0,99.5,1156.1354,0.0,0,0.0,0.0
596.0,B,RUNNING,594.208,5,10,0,10,0.0,30.0,99.5,1155.1354,0.0,0,0.0,0.0
597.0,B,RUNNING,595.208,5,10,0,10,0.0,30.0,99.5,1154.1354,0.0,0,0.0,0.0
598.0,B,RUNNING,596.208,5,10,0,10,0.0,30.0,99.5,1153.1354,0.0,0,0.0,0.0
599.0,B,RUNNING,597.208,5,10,0,10,0.0,30.0,99.5,1152.1354,0.0,0,0.0,0.0
600.0,B,RUNNING,598.212,5,10,0,10,0.0,30.0,99.5,1151.1314,0.0,0,0.0,0.0
601.0,B,RUNNING,599.208,5,10,0,10,0.0,30.0,99.5,1150.1354,0.0,0,0.0,0.0
602.0,B,RUNNING,600.208,5,10,0,10,0.0,30.0,99.5,1149.1354,0.0,0,0.0,0.0
603.0,B,RUNNING,601.208,5,10,0,10,0.0,30.0,99.5,1148.1354,0.0,0,0.0,0.0
604.0,B,RUNNING,602.208,5,10,0,10,0.0,30.0,99.5,1147.1354,0.0,0,0.0,0.0
605.0,B,RUNNING,603.208,5,10,0,10,0.0,30.0,99.5,1146.1354,0.0,0,0.0,0.0
606.0,B,RUNNING,604.208,5,10,0,10,0.0,30.0,99.5,1145.1354,0.0,0,0.0,0.0
607.0,B,RUNNING,605.208,5,10,0,10,0.0,30.0,99.5,1144.1354,0.0,0,0.0,0.0
608.0,B,RUNNING,606.208,5,10,0,10,0.0,30.0,99.5,1143.1354,0.0,0,0.0,0.0
609.0,B,RUNNING,607.208,5,10,0,10,0.0,30.0,99.5,1142.1354,0.0,0,0.0,0.0
610.0,B,RUNNING,608.208,5,10,0,10,0.0,30.0,99.5,1141.1354,0.0,0,0.0,0.0
611.0,B,RUNNING,609.208,5,10,0,10,0.0,30.0,99.5,1140.1354,0.0,0,0.0,0.0
612.0,B,RUNNING,610.208,5,10,0,10,0.0,30.0,99.5,1139.1354,0.0,0,0.0,0.0
613.0,B,RUNNING,611.208,5,10,0,10,0.0,30.0,99.5,1138.1354,0.0,0,0.0,0.0
614.0,B,RUNNING,612.208,5,10,0,10,0.0,30.0,99.5,1137.1354,0.0,0,0.0,0.0
615.0,B,RUNNING,613.208,5,10,0,10,0.0,30.0,99.5,1136.1354,0.0,0,0.0,0.0
616.0,B,RUNNING,614.208,5,10,0,10,0.0,30.0,99.5,1135.1354,0.0,0,0.0,0.0
617.0,B,RUNNING,615.208,5,10,0,10,0.0,30.0,99.5,1134.1354,0.0,0,0.0,0.0
618.0,B,RUNNING,616.208,5,10,0,10,0.0,30.0,99.5,1133.1354,0.0,0,0.0,0.0
619.0,B,RUNNING,617.208,5,10,0,10,0.0,30.0,99.5,1132.1354,0.0,0,0.0,0.0
620.0,B,RUNNING,618.208,5,10,0,10,0.0,30.0,99.5,1131.1354,0.0,0,0.0,0.0
621.0,B,RUNNING,619.208,5,10,0,10,0.0,30.0,99.5,1130.1354,0.0,0,0.0,0.0
622.0,B,RUNNING,620.208,5,10,0,10,0.0,30.0,99.5,1129.1354,0.0,0,0.0,0.0
623.0,B,RUNNING,621.208,5,10,0,10,0.0,30.0,99.5,1128.1354,0.0,0,0.0,0.0
624.0,B,RUNNING,622.208,5,10,0,10,0.0,30.0,99.5,1127.1354,0.0,0,0.0,0.0
625.0,B,RUNNING,623.212,5,10,0,10,0.0,30.0,99.5,1126.1314,0.0,0,0.0,0.0
626.0,B,RUNNING,624.208,5,10,0,10,0.0,30.0,99.5,1125.1354,0.0,0,0.0,0.0
627.0,B,RUNNING,625.208,5,10,0,10,0.0,30.0,99.5,1124.1354,0.0,0,0.0,0.0
628.0,B,RUNNING,626.208,5,10,0,10,0.0,30.0,99.5,1123.1354,0.0,0,0.0,0.0
629.0,B,RUNNING,627.208,5,10,0,10,0.0,30.0,99.5,1122.1354,0.0,0,0.0,0.0
630.0,B,RUNNING,628.208,5,10,0,10,0.0,30.0,99.5,1121.1354,0.0,0,0.0,0.0
631.0,B,RUNNING,629.212,5,10,0,10,0.0,30.0,99.5,1120.1314,0.0,0,0.0,0.0
632.0,B,RUNNING,630.208,5,10,0,10,0.0,30.0,99.5,1119.1354,0.0,0,0.0,0.0
633.0,B,RUNNING,631.208,5,10,0,10,0.0,30.0,99.5,1118.1354,0.0,0,0.0,0.0
634.0,B,RUNNING,632.208,5,10,0,10,0.0,30.0,99.5,1117.1354,0.0,0,0.0,0.0
635.0,B,RUNNING,633.212,5,10,0,10,0.0,30.0,99.5,1116.1314,0.0,0,0.0,0.0
636.0,B,RUNNING,634.208,5,10,0,10,0.0,30.0,99.5,1115.1354,0.0,0,0.0,0.0
637.0,B,RUNNING,635.208,5,10,0,10,0.0,30.0,99.5,1114.1354,0.0,0,0.0,0.0
638.0,B,RUNNING,636.208,5,10,0,10,0.0,30.0,99.5,1113.1354,0.0,0,0.0,0.0
639.0,B,RUNNING,637.208,5,10,0,10,0.0,30.0,99.5,1112.1354,0.0,0,0.0,0.0
640.0,B,RUNNING,638.208,5,10,0,10,0.0,30.0,99.5,1111.1354,0.0,0,0.0,0.0
641.0,B,RUNNING,639.208,5,10,0,10,0.0,30.0,99.5,1110.1354,0.0,0,0.0,0.0
642.0,B,RUNNING,640.208,5,10,0,10,0.0,30.0,99.5,1109.1354,0.0,0,0.0,0.0
643.0,B,RUNNING,641.208,5,10,0,10,0.0,30.0,99.5,1108.1354,0.0,0,0.0,0.0
644.0,B,RUNNING,642.208,5,10,0,10,0.0,30.0,99.5,1107.1354,0.0,0,0.0,0.0
645.0,B,RUNNING,643.208,5,10,0,10,0.0,30.0,99.5,1106.1354,0.0,0,0.0,0.0
646.0,B,RUNNING,644.208,5,10,0,10,0.0,30.0,99.5,1105.1354,0.0,0,0.0,0.0
647.0,B,RUNNING,645.208,5,10,0,10,0.0,30.0,99.5,1104.1354,0.0,0,0.0,0.0
648.0,B,RUNNING,646.208,5,10,0,10,0.0,30.0,99.5,1103.1354,0.0,0,0.0,0.0
649.0,B,RUNNING,647.208,5,10,0,10,0.0,30.0,99.5,1102.1354,0.0,0,0.0,0.0
650.0,B,RUNNING,648.208,5,10,0,10,0.0,30.0,99.5,1101.1354,0.0,0,0.0,0.0
651.0,B,RUNNING,649.208,5,10,0,10,0.0,30.0,99.5,1100.1354,0.0,0,0.0,0.0
652.0,B,RUNNING,650.208,5,10,0,10,0.0,30.0,99.5,1099.1354,0.0,0,0.0,0.0
653.0,B,RUNNING,651.208,5,10,0,10,0.0,30.0,99.5,1098.1354,0.0,0,0.0,0.0
654.0,B,RUNNING,652.208,5,10,0,10,0.0,30.0,99.5,1097.1354,0.0,0,0.0,0.0
655.0,B,RUNNING,653.208,5,10,0,10,0.0,30.0,99.5,1096.1354,0.0,0,0.0,0.0
656.0,B,RUNNING,654.208,5,10,0,10,0.0,30.0,99.5,1095.1354,0.0,0,0.0,0.0
657.0,B,RUNNING,655.208,5,10,0,10,0.0,30.0,99.5,1094.1354,0.0,0,0.0,0.0
658.0,B,RUNNING,656.212,5,10,0,10,0.0,30.0,99.5,1093.1314,0.0,0,0.0,0.0
659.0,B,RUNNING,657.208,5,10,0,10,0.0,30.0,99.5,1092.1354,0.0,0,0.0,0.0
660.0,B,RUNNING,658.208,5,10,0,10,0.0,30.0,99.5,1091.1354,0.0,0,0.0,0.0
661.0,B,RUNNING,659.208,5,10,0,10,0.0,30.0,99.5,1090.1354,0.0,0,0.0,0.0
662.0,B,RUNNING,660.208,5,10,0,10,0.0,30.0,99.5,1089.1354,0.0,0,0.0,0.0
663.0,B,RUNNING,661.208,5,10,0,10,0.0,30.0,99.5,1088.1354,0.0,0,0.0,0.0
664.0,B,RUNNING,662.208,5,10,0,10,0.0,30.0,99.5,1087.1354,0.0,0,0.0,0.0
665.0,B,RUNNING,663.208,5,10,0,10,0.0,30.0,99.5,1086.1354,0.0,0,0.0,0.0
666.0,B,RUNNING,664.208,5,10,0,10,0.0,30.0,99.5,1085.1354,0.0,0,0.0,0.0
667.0,B,RUNNING,665.208,5,10,0,10,0.0,30.0,99.5,1084.1354,0.0,0,0.0,0.0
668.0,B,RUNNING,666.208,5,10,0,10,0.0,30.0,99.5,1083.1354,0.0,0,0.0,0.0
669.0,B,RUNNING,667.208,5,10,0,10,0.0,30.0,99.5,1082.1354,0.0,0,0.0,0.0
670.0,B,RUNNING,668.208,5,10,0,10,0.0,30.0,99.5,1081.1354,0.0,0,0.0,0.0
671.0,B,RUNNING,669.208,5,10,0,10,0.0,30.0,99.5,1080.1354,0.0,0,0.0,0.0
672.0,B,RUNNING,670.208,6,10,1,10,0.1,30.0,99.4,1054.8024,0.0,0,0.0,0.0
673.0,B,RUNNING,671.208,6,10,1,10,0.1,30.0,99.4,1053.8024,0.0,0,0.0,0.0
674.0,B,RUNNING,672.208,6,10,1,10,0.1,30.0,99.4,1052.8024,0.0,0,0.0,0.0
675.0,B,RUNNING,673.208,6,10,1,10,0.1,30.0,99.4,1051.8024,0.0,0,0.0,0.0
676.0,B,RUNNING,674.208,6,10,1,10,0.1,30.0,99.4,1050.8024,0.0,0,0.0,0.0
677.0,B,RUNNING,675.208,6,10,1,10,0.1,30.0,99.4,1049.8024,0.0,0,0.0,0.0
678.0,B,RUNNING,676.208,6,10,1,10,0.1,30.0,99.4,1048.8024,0.0,0,0.0,0.0
679.0,B,RUNNING,677.208,6,10,1,10,0.1,30.0,99.4,1047.8024,0.0,0,0.0,0.0
680.0,B,RUNNING,678.208,6,10,1,10,0.1,30.0,99.4,1046.8024,0.0,0,0.0,0.0
681.0,B,RUNNING,679.208,6,10,1,10,0.1,30.0,99.4,1045.8024,0.0,0,0.0,0.0
682.0,B,RUNNING,680.208,6,10,1,10,0.1,30.0,99.4,1044.8024,0.0,0,0.0,0.0
683.0,B,RUNNING,681.208,6,10,1,10,0.1,30.0,99.4,1043.8024,0.0,0,0.0,0.0
684.0,B,RUNNING,682.208,6,10,1,10,0.1,30.0,99.4,1042.8024,0.0,0,0.0,0.0
685.0,B,RUNNING,683.208,6,10,1,10,0.1,30.0,99.4,1041.8024,0.0,0,0.0,0.0
686.0,B,RUNNING,684.208,6,10,1,10,0.1,30.0,99.4,1040.8024,0.0,0,0.0,0.0
687.0,B,RUNNING,685.208,6,10,1,10,0.1,30.0,99.4,1039.8024,0.0,0,0.0,0.0
688.0,B,RUNNING,686.208,6,10,1,10,0.1,30.0,99.4,1038.8024,0.0,0,0.0,0.0
689.0,B,RUNNING,687.208,6,10,1,10,0.1,30.0,99.4,1037.8024,0.0,0,0.0,0.0
690.0,B,RUNNING,688.208,6,10,1,10,0.1,30.0,99.4,1036.8024,0.0,0,0.0,0.0
691.0,B,RUNNING,689.208,6,10,1,10,0.1,30.0,99.4,1035.8024,0.0,0,0.0,0.0
692.0,B,RUNNING,690.212,6,10,1,10,0.1,30.0,99.4,1034.7984,0.0,0,0.0,0.0
693.0,B,RUNNING,691.208,6,10,1,10,0.1,30.0,99.4,1033.8024,0.0,0,0.0,0.0
694.0,B,RUNNING,692.208,6,10,1,10,0.1,30.0,99.4,1032.8024,0.0,0,0.0,0.0
695.0,B,RUNNING,693.208,6,10,1,10,0.1,30.0,99.4,1031.8024,0.0,0,0.0,0.0
696.0,B,RUNNING,694.208,6,10,1,10,0.1,30.0,99.4,1030.8024,0.0,0,0.0,0.0
697.0,B,RUNNING,695.208,6,10,1,10,0.1,30.0,99.4,1029.8024,0.0,0,0.0,0.0
698.0,B,RUNNING,696.208,6,10,1,10,0.1,30.0,99.4,1028.8024,0.0,0,0.0,0.0
699.0,B,RUNNING,697.208,6,10,1,10,0.1,30.0,99.4,1027.8024,0.0,0,0.0,0.0
700.0,B,RUNNING,698.208,6,10,1,10,0.1,30.0,99.4,1026.8024,0.0,0,0.0,0.0
701.0,B,RUNNING,699.208,6,10,1,10,0.1,30.0,99.4,1025.8024,0.0,0,0.0,0.0
702.0,B,RUNNING,700.208,6,10,1,10,0.1,30.0,99.4,1024.8024,0.0,0,0.0,0.0
703.0,B,RUNNING,701.208,6,10,1,10,0.1,30.0,99.4,1023.8024,0.0,0,0.0,0.0
704.0,B,RUNNING,702.208,6,10,1,10,0.1,30.0,99.4,1022.8024,0.0,0,0.0,0.0
705.0,B,RUNNING,703.208,6,10,1,10,0.1,30.0,99.4,1021.8024,0.0,0,0.0,0.0
706.0,B,RUNNING,704.208,6,10,1,10,0.1,30.0,99.4,1020.8024,0.0,0,0.0,0.0
707.0,B,RUNNING,705.208,6,10,1,10,0.1,30.0,99.4,1019.8024,0.0,0,0.0,0.0
708.0,B,RUNNING,706.208,6,10,1,10,0.1,30.0,99.4,1018.8024,0.0,0,0.0,0.0
709.0,B,RUNNING,707.208,6,10,1,10,0.1,30.0,99.4,1017.8024,0.0,0,0.0,0.0
710.0,B,RUNNING,708.208,6,10,1,10,0.1,30.0,99.4,1016.8024,0.0,0,0.0,0.0
711.0,B,RUNNING,709.208,6,10,1,10,0.1,30.0,99.4,1015.8024,0.0,0,0.0,0.0
712.0,B,RUNNING,710.208,6,10,1,10,0.1,30.0,99.4,1014.8024,0.0,0,0.0,0.0
713.0,B,RUNNING,711.208,6,10,1,10,0.1,30.0,99.4,1013.8024,0.0,0,0.0,0.0
714.0,B,RUNNING,712.208,6,10,1,10,0.1,30.0,99.4,1012.8024,0.0,0,0.0,0.0
715.0,B,RUNNING,713.208,6,10,1,10,0.1,30.0,99.4,1011.8024,0.0,0,0.0,0.0
716.0,B,RUNNING,714.208,6,10,1,10,0.1,30.0,99.4,1010.8024,0.0,0,0.0,0.0
717.0,B,RUNNING,715.208,6,10,1,10,0.1,30.0,99.4,1009.8024,0.0,0,0.0,0.0
718.0,B,RUNNING,716.208,6,10,1,10,0.1,30.0,99.4,1008.8024,0.0,0,0.0,0.0
719.0,B,RUNNING,717.208,6,10,1,10,0.1,30.0,99.4,1007.8024,0.0,0,0.0,0.0
720.0,B,RUNNING,718.208,6,10,1,10,0.1,30.0,99.4,1006.8024,0.0,0,0.0,0.0
721.0,B,RUNNING,719.208,6,10,1,10,0.1,30.0,99.4,1005.8024,0.0,0,0.0,0.0
722.0,B,RUNNING,720.208,6,10,1,10,0.1,30.0,99.4,1004.8024,0.0,0,0.0,0.0
723.0,B,RUNNING,721.208,6,10,1,10,0.1,30.0,99.4,1003.8024,0.0,0,0.0,0.0
724.0,B,RUNNING,722.212,6,10,1,10,0.1,30.0,99.4,1002.7984,0.0,0,0.0,0.0
725.0,B,RUNNING,723.208,6,10,1,10,0.1,30.0,99.4,1001.8024,0.0,0,0.0,0.0
726.0,B,RUNNING,724.208,6,10,1,10,0.1,30.0,99.4,1000.8024,0.0,0,0.0,0.0
727.0,B,RUNNING,725.208,6,10,1,10,0.1,30.0,99.4,999.8024,0.0,0,0.0,0.0
728.01,B,RUNNING,726.216,6,10,1,10,0.1,30.0,99.4,998.7944,0.0,0,0.0,0.0
729.0,B,RUNNING,727.208,6,10,1,10,0.1,30.0,99.4,997.8024,0.0,0,0.0,0.0
730.0,B,RUNNING,728.212,6,10,1,10,0.1,30.0,99.4,996.7984,0.0,0,0.0,0.0
731.0,B,RUNNING,729.208,6,10,1,10,0.1,30.0,99.4,995.8024,0.0,0,0.0,0.0
732.0,B,RUNNING,730.208,6,10,1,10,0.1,30.0,99.4,994.8024,0.0,0,0.0,0.0
733.0,B,RUNNING,731.208,6,10,1,10,0.1,30.0,99.4,993.8024,0.0,0,0.0,0.0
734.0,B,RUNNING,732.208,6,10,1,10,0.1,30.0,99.4,992.8024,0.0,0,0.0,0.0
735.0,B,RUNNING,733.208,6,10,1,10,0.1,30.0,99.4,991.8024,0.0,0,0.0,0.0
736.0,B,RUNNING,734.208,6,10,1,10,0.1,30.0,99.4,990.8024,0.0,0,0.0,0.0
737.0,B,RUNNING,735.208,6,10,1,10,0.1,30.0,99.4,989.8024,0.0,0,0.0,0.0
738.0,B,RUNNING,736.208,6,10,1,10,0.1,30.0,99.4,988.8024,0.0,0,0.0,0.0
739.0,B,RUNNING,737.208,6,10,1,10,0.1,30.0,99.4,987.8024,0.0,0,0.0,0.0
740.0,B,RUNNING,738.208,6,10,1,10,0.1,30.0,99.4,986.8024,0.0,0,0.0,0.0
741.0,B,RUNNING,739.208,6,10,1,10,0.1,30.0,99.4,985.8024,0.0,0,0.0,0.0
742.01,B,RUNNING,740.216,6,10,1,10,0.1,30.0,99.4,984.7944,0.0,0,0.0,0.0
743.0,B,RUNNING,741.208,6,10,1,10,0.1,30.0,99.4,983.8024,0.0,0,0.0,0.0
744.0,B,RUNNING,742.208,6,10,1,10,0.1,30.0,99.4,982.8024,0.0,0,0.0,0.0
745.0,B,RUNNING,743.212,6,10,1,10,0.1,30.0,99.4,981.7984,0.0,0,0.0,0.0
746.0,B,RUNNING,744.212,6,10,1,10,0.1,30.0,99.4,980.7984,0.0,0,0.0,0.0
747.0,B,RUNNING,745.208,6,10,1,10,0.1,30.0,99.4,979.8024,0.0,0,0.0,0.0
748.0,B,RUNNING,746.208,6,10,1,10,0.1,30.0,99.4,978.8024,0.0,0,0.0,0.0
749.0,B,RUNNING,747.208,6,10,1,10,0.1,30.0,99.4,977.8024,0.0,0,0.0,0.0
750.0,B,RUNNING,748.208,6,10,1,10,0.1,30.0,99.4,976.8024,0.0,0,0.0,0.0
751.0,B,RUNNING,749.208,6,10,1,10,0.1,30.0,99.4,975.8024,0.0,0,0.0,0.0
752.0,B,RUNNING,750.208,6,10,1,10,0.1,30.0,99.4,974.8024,0.0,0,0.0,0.0
753.0,B,RUNNING,751.208,6,10,1,10,0.1,30.0,99.4,973.8024,0.0,0,0.0,0.0
754.0,B,RUNNING,752.212,6,10,1,10,0.1,30.0,99.4,972.7984,0.0,0,0.0,0.0
755.0,B,RUNNING,753.208,6,10,1,10,0.1,30.0,99.4,971.8024,0.0,0,0.0,0.0
756.0,B,RUNNING,754.208,6,10,1,10,0.1,30.0,99.4,970.8024,0.0,0,0.0,0.0
757.0,B,RUNNING,755.208,6,10,1,10,0.1,30.0,99.4,969.8024,0.0,0,0.0,0.0
758.0,B,RUNNING,756.208,6,10,1,10,0.1,30.0,99.4,968.8024,0.0,0,0.0,0.0
759.0,B,RUNNING,757.208,6,10,1,10,0.1,30.0,99.4,967.8024,0.0,0,0.0,0.0
760.0,B,RUNNING,758.208,6,10,1,10,0.1,30.0,99.4,966.8024,0.0,0,0.0,0.0
761.0,B,RUNNING,759.208,6,10,1,10,0.1,30.0,99.4,965.8024,0.0,0,0.0,0.0
762.0,B,RUNNING,760.208,6,10,1,10,0.1,30.0,99.4,964.8024,0.0,0,0.0,0.0
763.0,B,RUNNING,761.208,6,10,1,10,0.1,30.0,99.4,963.8024,0.0,0,0.0,0.0
764.0,B,RUNNING,762.208,6,10,1,10,0.1,30.0,99.4,962.8024,0.0,0,0.0,0.0
765.0,B,RUNNING,763.208,6,10,1,10,0.1,30.0,99.4,961.8024,0.0,0,0.0,0.0
766.0,B,RUNNING,764.208,6,10,1,10,0.1,30.0,99.4,960.8024,0.0,0,0.0,0.0
767.0,B,RUNNING,765.208,7,10,2,10,0.2,30.0,99.3,964.9018,0.0,0,0.0,0.0
768.0,B,RUNNING,766.212,7,10,2,10,0.2,30.0,99.3,963.8978,0.0,0,0.0,0.0
769.0,B,RUNNING,767.208,7,10,2,10,0.2,30.0,99.3,962.9018,0.0,0,0.0,0.0
770.0,B,RUNNING,768.208,7,10,2,10,0.2,30.0,99.3,961.9018,0.0,0,0.0,0.0
771.01,B,RUNNING,769.216,7,10,2,10,0.2,30.0,99.3,960.8938,0.0,0,0.0,0.0
772.0,B,RUNNING,770.208,7,10,2,10,0.2,30.0,99.3,959.9018,0.0,0,0.0,0.0
773.0,B,RUNNING,771.208,7,10,2,10,0.2,30.0,99.3,958.9018,0.0,0,0.0,0.0
774.0,B,RUNNING,772.208,7,10,2,10,0.2,30.0,99.3,957.9018,0.0,0,0.0,0.0
775.0,B,RUNNING,773.208,7,10,2,10,0.2,30.0,99.3,956.9018,0.0,0,0.0,0.0
776.0,B,RUNNING,774.208,7,10,2,10,0.2,30.0,99.3,955.9018,0.0,0,0.0,0.0
777.0,B,RUNNING,775.208,7,10,2,10,0.2,30.0,99.3,954.9018,0.0,0,0.0,0.0
778.0,B,RUNNING,776.208,7,10,2,10,0.2,30.0,99.3,953.9018,0.0,0,0.0,0.0
779.0,B,RUNNING,777.208,7,10,2,10,0.2,30.0,99.3,952.9018,0.0,0,0.0,0.0
780.0,B,RUNNING,778.208,7,10,2,10,0.2,30.0,99.3,951.9018,0.0,0,0.0,0.0
781.0,B,RUNNING,779.208,7,10,2,10,0.2,30.0,99.3,950.9018,0.0,0,0.0,0.0
782.0,B,RUNNING,780.212,7,10,2,10,0.2,30.0,99.3,949.8978,0.0,0,0.0,0.0
783.0,B,RUNNING,781.208,7,10,2,10,0.2,30.0,99.3,948.9018,0.0,0,0.0,0.0
784.0,B,RUNNING,782.208,7,10,2,10,0.2,30.0,99.3,947.9018,0.0,0,0.0,0.0
785.0,B,RUNNING,783.208,7,10,2,10,0.2,30.0,99.3,946.9018,0.0,0,0.0,0.0
786.0,B,RUNNING,784.208,7,10,2,10,0.2,30.0,99.3,945.9018,0.0,0,0.0,0.0
787.0,B,RUNNING,785.208,7,10,2,10,0.2,30.0,99.3,944.9018,0.0,0,0.0,0.0
788.0,B,RUNNING,786.208,7,10,2,10,0.2,30.0,99.3,943.9018,0.0,0,0.0,0.0
789.0,B,RUNNING,787.208,7,10,2,10,0.2,30.0,99.3,942.9018,0.0,0,0.0,0.0
790.0,B,RUNNING,788.208,7,10,2,10,0.2,30.0,99.3,941.9018,0.0,0,0.0,0.0
791.0,B,RUNNING,789.208,7,10,2,10,0.2,30.0,99.3,940.9018,0.0,0,0.0,0.0
792.0,B,RUNNING,790.208,7,10,2,10,0.2,30.0,99.3,939.9018,0.0,0,0.0,0.0
793.0,B,RUNNING,791.208,7,10,2,10,0.2,30.0,99.3,938.9018,0.0,0,0.0,0.0
794.0,B,RUNNING,792.208,7,10,2,10,0.2,30.0,99.3,937.9018,0.0,0,0.0,0.0
795.0,B,RUNNING,793.208,7,10,2,10,0.2,30.0,99.3,936.9018,0.0,0,0.0,0.0
796.0,B,RUNNING,794.208,7,10,2,10,0.2,30.0,99.3,935.9018,0.0,0,0.0,0.0
797.0,B,RUNNING,795.208,7,10,2,10,0.2,30.0,99.3,934.9018,0.0,0,0.0,0.0
798.0,B,RUNNING,796.208,7,10,2,10,0.2,30.0,99.3,933.9018,0.0,0,0.0,0.0
799.0,B,RUNNING,797.208,7,10,2,10,0.2,30.0,99.3,932.9018,0.0,0,0.0,0.0
800.0,B,RUNNING,798.208,7,10,2,10,0.2,30.0,99.3,931.9018,0.0,0,0.0,0.0
801.0,B,RUNNING,799.208,7,10,2,10,0.2,30.0,99.3,930.9018,0.0,0,0.0,0.0
802.0,B,RUNNING,800.208,7,10,2,10,0.2,30.0,99.3,929.9018,0.0,0,0.0,0.0
803.0,B,RUNNING,801.208,7,12,0,10,0.0,30.0,99.3,1168.9018,0.0,0,0.0,0.0
804.0,B,RUNNING,802.208,7,12,0,10,0.0,30.0,99.3,1167.9018,0.0,0,0.0,0.0
805.0,B,RUNNING,803.212,7,12,0,10,0.0,30.0,99.3,1166.8978,0.0,0,0.0,0.0
806.0,B,RUNNING,804.208,7,12,0,10,0.0,30.0,99.3,1165.9018,0.0,0,0.0,0.0
807.0,B,RUNNING,805.208,7,12,0,10,0.0,30.0,99.3,1164.9018,0.0,0,0.0,0.0
808.0,B,RUNNING,806.208,7,12,0,10,0.0,30.0,99.3,1163.9018,0.0,0,0.0,0.0
809.0,B,RUNNING,807.208,7,12,0,10,0.0,30.0,99.3,1162.9018,0.0,0,0.0,0.0
810.01,B,RUNNING,808.22,7,12,0,10,0.0,30.0,99.3,1161.8898,0.0,0,0.0,0.0
811.0,B,RUNNING,809.208,7,12,0,10,0.0,30.0,99.3,1160.9018,0.0,0,0.0,0.0
812.0,B,RUNNING,810.208,7,12,0,10,0.0,30.0,99.3,1159.9018,0.0,0,0.0,0.0
813.0,B,RUNNING,811.208,7,12,0,10,0.0,30.0,99.3,1158.9018,0.0,0,0.0,0.0
814.0,B,RUNNING,812.208,7,12,0,10,0.0,30.0,99.3,1157.9018,0.0,0,0.0,0.0
815.0,B,RUNNING,813.208,7,12,0,10,0.0,30.0,99.3,1156.9018,0.0,0,0.0,0.0
816.0,B,RUNNING,814.208,7,12,0,10,0.0,30.0,99.3,1155.9018,0.0,0,0.0,0.0
817.0,B,RUNNING,815.208,7,12,0,10,0.0,30.0,99.3,1154.9018,0.0,0,0.0,0.0
818.0,B,RUNNING,816.208,7,12,0,10,0.0,30.0,99.3,1153.9018,0.0,0,0.0,0.0
819.0,B,RUNNING,817.208,7,12,0,10,0.0,30.0,99.3,1152.9018,0.0,0,0.0,0.0
820.0,B,RUNNING,818.212,7,12,0,10,0.0,30.0,99.3,1151.8978,0.0,0,0.0,0.0
821.0,B,RUNNING,819.212,7,12,0,10,0.0,30.0,99.3,1150.8978,0.0,0,0.0,0.0
822.0,B,RUNNING,820.208,7,12,0,10,0.0,30.0,99.3,1149.9018,0.0,0,0.0,0.0
823.0,B,RUNNING,821.208,7,12,0,10,0.0,30.0,99.3,1148.9018,0.0,0,0.0,0.0
824.0,B,RUNNING,822.208,7,12,0,10,0.0,30.0,99.3,1147.9018,0.0,0,0.0,0.0
825.0,B,RUNNING,823.208,7,12,0,10,0.0,30.0,99.3,1146.9018,0.0,0,0.0,0.0
826.0,B,RUNNING,824.208,7,12,0,10,0.0,30.0,99.3,1145.9018,0.0,0,0.0,0.0
827.0,B,RUNNING,825.208,7,12,0,10,0.0,30.0,99.3,1144.9018,0.0,0,0.0,0.0
828.0,B,RUNNING,826.208,7,12,0,10,0.0,30.0,99.3,1143.9018,0.0,0,0.0,0.0
829.0,B,RUNNING,827.208,7,12,0,10,0.0,30.0,99.3,1142.9018,0.0,0,0.0,0.0
830.0,B,RUNNING,828.208,7,12,0,10,0.0,30.0,99.3,1141.9018,0.0,0,0.0,0.0
831.0,B,RUNNING,829.208,7,12,0,10,0.0,30.0,99.3,1140.9018,0.0,0,0.0,0.0
832.0,B,RUNNING,830.208,7,12,0,10,0.0,30.0,99.3,1139.9018,0.0,0,0.0,0.0
833.0,B,RUNNING,831.208,7,12,0,10,0.0,30.0,99.3,1138.9018,0.0,0,0.0,0.0
834.0,B,RUNNING,832.212,7,12,0,10,0.0,30.0,99.3,1137.8978,0.0,0,0.0,0.0
835.0,B,RUNNING,833.208,7,12,0,10,0.0,30.0,99.3,1136.9018,0.0,0,0.0,0.0
836.0,B,RUNNING,834.208,7,12,0,10,0.0,30.0,99.3,1135.9018,0.0,0,0.0,0.0
837.0,B,RUNNING,835.208,7,12,0,10,0.0,30.0,99.3,1134.9018,0.0,0,0.0,0.0
838.0,B,RUNNING,836.208,7,12,0,10,0.0,30.0,99.3,1133.9018,0.0,0,0.0,0.0
839.0,B,RUNNING,837.212,7,12,0,10,0.0,30.0,99.3,1132.8978,0.0,0,0.0,0.0
840.0,B,RUNNING,838.208,7,12,0,10,0.0,30.0,99.3,1131.9018,0.0,0,0.0,0.0
841.01,B,RUNNING,839.216,7,12,0,10,0.0,30.0,99.3,1130.8938,0.0,0,0.0,0.0
842.0,B,RUNNING,840.208,7,12,0,10,0.0,30.0,99.3,1129.9018,0.0,0,0.0,0.0
843.0,B,RUNNING,841.208,7,12,0,10,0.0,30.0,99.3,1128.9018,0.0,0,0.0,0.0
844.0,B,RUNNING,842.208,7,12,0,10,0.0,30.0,99.3,1127.9018,0.0,0,0.0,0.0
845.0,B,RUNNING,843.208,7,12,0,10,0.0,30.0,99.3,1126.9018,0.0,0,0.0,0.0
846.0,B,RUNNING,844.208,7,12,0,10,0.0,30.0,99.3,1125.9018,0.0,0,0.0,0.0
847.0,B,RUNNING,845.208,7,12,0,10,0.0,30.0,99.3,1124.9018,0.0,0,0.0,0.0
848.0,B,RUNNING,846.208,7,12,0,10,0.0,30.0,99.3,1123.9018,0.0,0,0.0,0.0
849.0,B,RUNNING,847.208,7,12,0,10,0.0,30.0,99.3,1122.9018,0.0,0,0.0,0.0
850.0,B,RUNNING,848.208,7,12,0,10,0.0,30.0,99.3,1121.9018,0.0,0,0.0,0.0
851.0,B,RUNNING,849.208,7,12,0,10,0.0,30.0,99.3,1120.9018,0.0,0,0.0,0.0
852.0,B,RUNNING,850.208,7,12,0,10,0.0,30.0,99.3,1119.9018,0.0,0,0.0,0.0
853.0,B,RUNNING,851.208,7,12,0,10,0.0,30.0,99.3,1118.9018,0.0,0,0.0,0.0
854.01,B,RUNNING,852.216,7,12,0,10,0.0,30.0,99.3,1117.8938,0.0,0,0.0,0.0
855.0,B,RUNNING,853.208,7,12,0,10,0.0,30.0,99.3,1116.9018,0.0,0,0.0,0.0
856.02,B,RUNNING,854.228,7,12,0,10,0.0,30.0,99.3,1115.8818,0.0,0,0.0,0.0
857.0,B,RUNNING,855.208,7,12,0,10,0.0,30.0,99.3,1114.9018,0.0,0,0.0,0.0
858.0,B,RUNNING,856.208,7,12,0,10,0.0,30.0,99.3,1113.9018,0.0,0,0.0,0.0
859.0,B,RUNNING,857.208,7,12,0,10,0.0,30.0,99.3,1112.9018,0.0,0,0.0,0.0
860.0,B,RUNNING,858.208,7,12,0,10,0.0,30.0,99.3,1111.9018,0.0,0,0.0,0.0
861.01,B,RUNNING,859.216,7,12,0,10,0.0,30.0,99.3,1110.8938,0.0,0,0.0,0.0
862.0,B,RUNNING,860.208,7,12,0,10,0.0,30.0,99.3,1109.9018,0.0,0,0.0,0.0
863.0,B,RUNNING,861.208,7,12,0,10,0.0,30.0,99.3,1108.9018,0.0,0,0.0,0.0
864.0,B,RUNNING,862.208,7,12,0,10,0.0,30.0,99.3,1107.9018,0.0,0,0.0,0.0
865.01,B,RUNNING,863.216,7,12,0,10,0.0,30.0,99.3,1106.8938,0.0,0,0.0,0.0
866.0,B,RUNNING,864.208,7,12,0,10,0.0,30.0,99.3,1105.9018,0.0,0,0.0,0.0
867.0,B,RUNNING,865.208,7,12,0,10,0.0,30.0,99.3,1104.9018,0.0,0,0.0,0.0
868.0,B,RUNNING,866.208,7,12,0,10,0.0,30.0,99.3,1103.9018,0.0,0,0.0,0.0
869.0,B,RUNNING,867.208,7,12,0,10,0.0,30.0,99.3,1102.9018,0.0,0,0.0,0.0
870.0,B,RUNNING,868.208,7,12,0,10,0.0,30.0,99.3,1101.9018,0.0,0,0.0,0.0
871.0,B,RUNNING,869.208,7,12,0,10,0.0,30.0,99.3,1100.9018,0.0,0,0.0,0.0
872.0,B,RUNNING,870.208,7,12,0,10,0.0,30.0,99.3,1099.9018,0.0,0,0.0,0.0
873.0,B,RUNNING,871.208,7,12,0,10,0.0,30.0,99.3,1098.9018,0.0,0,0.0,0.0
874.01,B,RUNNING,872.216,7,12,0,10,0.0,30.0,99.3,1097.8938,0.0,0,0.0,0.0
875.0,B,RUNNING,873.208,7,12,0,10,0.0,30.0,99.3,1096.9018,0.0,0,0.0,0.0
876.0,B,RUNNING,874.208,7,12,0,10,0.0,30.0,99.3,1095.9018,0.0,0,0.0,0.0
877.0,B,RUNNING,875.208,7,12,0,10,0.0,30.0,99.3,1094.9018,0.0,0,0.0,0.0
878.0,B,RUNNING,876.208,7,12,0,10,0.0,30.0,99.3,1093.9018,0.0,0,0.0,0.0
879.0,B,RUNNING,877.208,7,12,0,10,0.0,30.0,99.3,1092.9018,0.0,0,0.0,0.0
880.0,B,RUNNING,878.208,7,12,0,10,0.0,30.0,99.3,1091.9018,0.0,0,0.0,0.0
881.0,B,RUNNING,879.208,7,12,0,10,0.0,30.0,99.3,1090.9018,0.0,0,0.0,0.0
882.01,B,RUNNING,880.216,7,12,0,10,0.0,30.0,99.3,1089.8938,0.0,0,0.0,0.0
883.0,B,RUNNING,881.208,7,12,0,10,0.0,30.0,99.3,1088.9018,0.0,0,0.0,0.0
884.0,B,RUNNING,882.208,7,12,0,10,0.0,30.0,99.3,1087.9018,0.0,0,0.0,0.0
885.0,B,RUNNING,883.208,7,12,0,10,0.0,30.0,99.3,1086.9018,0.0,0,0.0,0.0
886.0,B,RUNNING,884.208,7,12,0,10,0.0,30.0,99.3,1085.9018,0.0,0,0.0,0.0
887.0,B,RUNNING,885.208,7,12,0,10,0.0,30.0,99.3,1084.9018,0.0,0,0.0,0.0
888.01,B,RUNNING,886.216,7,12,0,10,0.0,30.0,99.3,1083.8938,0.0,0,0.0,0.0
889.0,B,RUNNING,887.208,7,12,0,10,0.0,30.0,99.3,1082.9018,0.0,0,0.0,0.0
890.0,B,RUNNING,888.208,7,12,0,10,0.0,30.0,99.3,1081.9018,0.0,0,0.0,0.0
891.0,B,RUNNING,889.208,7,12,0,10,0.0,30.0,99.3,1080.9018,0.0,0,0.0,0.0
892.0,B,RUNNING,890.208,8,12,1,10,0.1,30.0,99.2,1051.8291,0.0,0,0.0,0.0
893.0,B,RUNNING,891.208,8,12,1,10,0.1,30.0,99.2,1050.8291,0.0,0,0.0,0.0
894.0,B,RUNNING,892.208,8,12,1,10,0.1,30.0,99.2,1049.8291,0.0,0,0.0,0.0
895.0,B,RUNNING,893.208,8,12,1,10,0.1,30.0,99.2,1048.8291,0.0,0,0.0,0.0
896.0,B,RUNNING,894.208,8,12,1,10,0.1,30.0,99.2,1047.8291,0.0,0,0.0,0.0
897.0,B,RUNNING,895.208,8,12,1,10,0.1,30.0,99.2,1046.8291,0.0,0,0.0,0.0
898.0,B,RUNNING,896.208,8,12,1,10,0.1,30.0,99.2,1045.8291,0.0,0,0.0,0.0
899.0,B,RUNNING,897.212,8,12,1,10,0.1,30.0,99.2,1044.8251,0.0,0,0.0,0.0
900.0,B,RUNNING,898.208,8,12,1,10,0.1,30.0,99.2,1043.8291,0.0,0,0.0,0.0
901.0,B,RUNNING,899.208,8,12,1,10,0.1,30.0,99.2,1042.8291,0.0,0,0.0,0.0
902.01,B,RUNNING,900.216,8,12,1,10,0.1,30.0,99.2,1041.8211,0.0,0,0.0,0.0
903.0,B,RUNNING,901.208,8,12,1,10,0.1,30.0,99.2,1040.8291,0.0,0,0.0,0.0
904.0,B,RUNNING,902.212,8,12,1,10,0.1,30.0,99.2,1039.8251,0.0,0,0.0,0.0
905.0,B,RUNNING,903.208,8,12,1,10,0.1,30.0,99.2,1038.8291,0.0,0,0.0,0.0
906.0,B,RUNNING,904.208,8,12,1,10,0.1,30.0,99.2,1037.8291,0.0,0,0.0,0.0
907.02,B,RUNNING,905.232,8,12,1,10,0.1,30.0,99.2,1036.8051,0.0,0,0.0,0.0
908.0,B,RUNNING,906.208,8,12,1,10,0.1,30.0,99.2,1035.8291,0.0,0,0.0,0.0
909.0,B,RUNNING,907.208,8,12,1,10,0.1,30.0,99.2,1034.8291,0.0,0,0.0,0.0
910.0,B,RUNNING,908.208,8,12,1,10,0.1,30.0,99.2,1033.8291,0.0,0,0.0,0.0
911.0,B,RUNNING,909.208,8,12,1,10,0.1,30.0,99.2,1032.8291,0.0,0,0.0,0.0
912.0,B,RUNNING,910.208,8,12,1,10,0.1,30.0,99.2,1031.8291,0.0,0,0.0,0.0
913.01,B,RUNNING,911.216,8,12,1,10,0.1,30.0,99.2,1030.8211,0.0,0,0.0,0.0
914.0,B,RUNNING,912.208,8,12,1,10,0.1,30.0,99.2,1029.8291,0.0,0,0.0,0.0
915.0,B,RUNNING,913.208,8,12,1,10,0.1,30.0,99.2,1028.8291,0.0,0,0.0,0.0
916.0,B,RUNNING,914.208,8,12,1,10,0.1,30.0,99.2,1027.8291,0.0,0,0.0,0.0
917.0,B,RUNNING,915.208,8,12,1,10,0.1,30.0,99.2,1026.8291,0.0,0,0.0,0.0
918.0,B,RUNNING,916.208,8,12,1,10,0.1,30.0,99.2,1025.8291,0.0,0,0.0,0.0
919.0,B,RUNNING,917.208,8,12,1,10,0.1,30.0,99.2,1024.8291,0.0,0,0.0,0.0
920.0,B,RUNNING,918.208,8,12,1,10,0.1,30.0,99.2,1023.8291,0.0,0,0.0,0.0
921.0,B,RUNNING,919.208,8,12,1,10,0.1,30.0,99.2,1022.8291,0.0,0,0.0,0.0
922.0,B,RUNNING,920.208,8,12,1,10,0.1,30.0,99.2,1021.8291,0.0,0,0.0,0.0
923.0,B,RUNNING,921.208,8,12,1,10,0.1,30.0,99.2,1020.8291,0.0,0,0.0,0.0
924.0,B,RUNNING,922.208,8,12,1,10,0.1,30.0,99.2,1019.8291,0.0,0,0.0,0.0
925.0,B,RUNNING,923.208,8,12,1,10,0.1,30.0,99.2,1018.8291,0.0,0,0.0,0.0
926.0,B,RUNNING,924.208,8,12,1,10,0.1,30.0,99.2,1017.8291,0.0,0,0.0,0.0
927.0,B,RUNNING,925.208,8,12,1,10,0.1,30.0,99.2,1016.8291,0.0,0,0.0,0.0
928.0,B,RUNNING,926.208,8,12,1,10,0.1,30.0,99.2,1015.8291,0.0,0,0.0,0.0
929.0,B,RUNNING,927.208,8,12,1,10,0.1,30.0,99.2,1014.8291,0.0,0,0.0,0.0
930.0,B,RUNNING,928.208,8,12,1,10,0.1,30.0,99.2,1013.8291,0.0,0,0.0,0.0
931.0,B,RUNNING,929.208,8,12,1,10,0.1,30.0,99.2,1012.8291,0.0,0,0.0,0.0
932.0,B,RUNNING,930.208,8,12,1,10,0.1,30.0,99.2,1011.8291,0.0,0,0.0,0.0
933.0,B,RUNNING,931.208,8,12,1,10,0.1,30.0,99.2,1010.8291,0.0,0,0.0,0.0
934.0,B,RUNNING,932.208,8,12,1,10,0.1,30.0,99.2,1009.8291,0.0,0,0.0,0.0
935.0,B,RUNNING,933.208,8,12,1,10,0.1,30.0,99.2,1008.8291,0.0,0,0.0,0.0
936.0,B,RUNNING,934.208,8,12,1,10,0.1,30.0,99.2,1007.8291,0.0,0,0.0,0.0
937.0,B,RUNNING,935.208,8,12,1,10,0.1,30.0,99.2,1006.8291,0.0,0,0.0,0.0
938.0,B,RUNNING,936.208,8,12,1,10,0.1,30.0,99.2,1005.8291,0.0,0,0.0,0.0
939.0,B,RUNNING,937.208,8,12,1,10,0.1,30.0,99.2,1004.8291,0.0,0,0.0,0.0
940.0,B,RUNNING,938.208,8,12,1,10,0.1,30.0,99.2,1003.8291,0.0,0,0.0,0.0
941.0,B,RUNNING,939.208,8,12,1,10,0.1,30.0,99.2,1002.8291,0.0,0,0.0,0.0
942.0,B,RUNNING,940.208,8,12,1,10,0.1,30.0,99.2,1001.8291,0.0,0,0.0,0.0
943.0,B,RUNNING,941.208,8,12,1,10,0.1,30.0,99.2,1000.8291,0.0,0,0.0,0.0
944.0,B,RUNNING,942.208,8,12,1,10,0.1,30.0,99.2,999.8291,0.0,0,0.0,0.0
945.0,B,RUNNING,943.208,8,12,1,10,0.1,30.0,99.2,998.8291,0.0,0,0.0,0.0
946.0,B,RUNNING,944.208,8,12,1,10,0.1,30.0,99.2,997.8291,0.0,0,0.0,0.0
947.0,B,RUNNING,945.208,8,12,1,10,0.1,30.0,99.2,996.8291,0.0,0,0.0,0.0
948.0,B,RUNNING,946.208,8,12,1,10,0.1,30.0,99.2,995.8291,0.0,0,0.0,0.0
949.0,B,RUNNING,947.208,8,12,1,10,0.1,30.0,99.2,994.8291,0.0,0,0.0,0.0
950.0,B,RUNNING,948.208,8,12,1,10,0.1,30.0,99.2,993.8291,0.0,0,0.0,0.0
951.0,B,RUNNING,949.208,8,12,1,10,0.1,30.0,99.2,992.8291,0.0,0,0.0,0.0
952.0,B,RUNNING,950.208,8,12,1,10,0.1,30.0,99.2,991.8291,0.0,0,0.0,0.0
953.0,B,RUNNING,951.208,8,12,1,10,0.1,30.0,99.2,990.8291,0.0,0,0.0,0.0
954.0,B,RUNNING,952.208,8,12,1,10,0.1,30.0,99.2,989.8291,0.0,0,0.0,0.0
955.0,B,RUNNING,953.208,8,12,1,10,0.1,30.0,99.2,988.8291,0.0,0,0.0,0.0
956.0,B,RUNNING,954.208,8,12,1,10,0.1,30.0,99.2,987.8291,0.0,0,0.0,0.0
957.0,B,RUNNING,955.208,8,12,1,10,0.1,30.0,99.2,986.8291,0.0,0,0.0,0.0
958.0,B,RUNNING,956.208,8,12,1,10,0.1,30.0,99.2,985.8291,0.0,0,0.0,0.0
959.0,B,RUNNING,957.212,8,12,1,10,0.1,30.0,99.2,984.8251,0.0,0,0.0,0.0
960.0,B,RUNNING,958.208,8,12,1,10,0.1,30.0,99.2,983.8291,0.0,0,0.0,0.0
961.0,B,RUNNING,959.208,8,12,1,10,0.1,30.0,99.2,982.8291,0.0,0,0.0,0.0
962.0,B,RUNNING,960.208,8,12,1,10,0.1,30.0,99.2,981.8291,0.0,0,0.0,0.0
963.0,B,RUNNING,961.208,8,12,1,10,0.1,30.0,99.2,980.8291,0.0,0,0.0,0.0
964.0,B,RUNNING,962.208,8,12,1,10,0.1,30.0,99.2,979.8291,0.0,0,0.0,0.0
965.0,B,RUNNING,963.208,8,12,1,10,0.1,30.0,99.2,978.8291,0.0,0,0.0,0.0
966.0,B,RUNNING,964.208,8,12,1,10,0.1,30.0,99.2,977.8291,0.0,0,0.0,0.0
967.0,B,RUNNING,965.208,8,12,1,10,0.1,30.0,99.2,976.8291,0.0,0,0.0,0.0
968.0,B,RUNNING,966.208,8,12,1,10,0.1,30.0,99.2,975.8291,0.0,0,0.0,0.0
969.0,B,RUNNING,967.208,8,12,1,10,0.1,30.0,99.2,974.8291,0.0,0,0.0,0.0
970.0,B,RUNNING,968.208,8,12,1,10,0.1,30.0,99.2,973.8291,0.0,0,0.0,0.0
971.0,B,RUNNING,969.208,8,12,1,10,0.1,30.0,99.2,972.8291,0.0,0,0.0,0.0
972.0,B,RUNNING,970.208,8,12,1,10,0.1,30.0,99.2,971.8291,0.0,0,0.0,0.0
973.0,B,RUNNING,971.208,8,12,1,10,0.1,30.0,99.2,970.8291,0.0,0,0.0,0.0
974.0,B,RUNNING,972.208,8,12,1,10,0.1,30.0,99.2,969.8291,0.0,0,0.0,0.0
975.0,B,RUNNING,973.208,8,12,1,10,0.1,30.0,99.2,968.8291,0.0,0,0.0,0.0
976.0,B,RUNNING,974.212,8,12,1,10,0.1,30.0,99.2,967.8251,0.0,0,0.0,0.0
977.0,B,RUNNING,975.208,8,12,1,10,0.1,30.0,99.2,966.8291,0.0,0,0.0,0.0
978.0,B,RUNNING,976.208,8,12,1,10,0.1,30.0,99.2,965.8291,0.0,0,0.0,0.0
979.0,B,RUNNING,977.208,8,12,1,10,0.1,30.0,99.2,964.8291,0.0,0,0.0,0.0
980.0,B,RUNNING,978.208,8,12,1,10,0.1,30.0,99.2,963.8291,0.0,0,0.0,0.0
981.0,B,RUNNING,979.208,8,12,1,10,0.1,30.0,99.2,962.8291,0.0,0,0.0,0.0
982.0,B,RUNNING,980.208,8,12,1,10,0.1,30.0,99.2,961.8291,0.0,0,0.0,0.0
983.0,B,RUNNING,981.208,8,12,1,10,0.1,30.0,99.2,960.8291,0.0,0,0.0,0.0
984.0,B,RUNNING,982.208,9,12,2,10,0.2,30.0,99.1,984.3921,0.0,0,0.0,0.0
985.0,B,RUNNING,983.208,9,12,2,10,0.2,30.0,99.1,983.3921,0.0,0,0.0,0.0
986.0,B,RUNNING,984.208,9,12,2,10,0.2,30.0,99.1,982.3921,0.0,0,0.0,0.0
987.0,B,RUNNING,985.208,9,12,2,10,0.2,30.0,99.1,981.3921,0.0,0,0.0,0.0
988.0,B,RUNNING,986.208,9,12,2,10,0.2,30.0,99.1,980.3921,0.0,0,0.0,0.0
989.0,B,RUNNING,987.208,9,12,2,10,0.2,30.0,99.1,979.3921,0.0,0,0.0,0.0
990.0,B,RUNNING,988.208,9,12,2,10,0.2,30.0,99.1,978.3921,0.0,0,0.0,0.0
991.0,B,RUNNING,989.208,9,12,2,10,0.2,30.0,99.1,977.3921,0.0,0,0.0,0.0
992.0,B,RUNNING,990.208,9,12,2,10,0.2,30.0,99.1,976.3921,0.0,0,0.0,0.0
993.0,B,RUNNING,991.208,9,12,2,10,0.2,30.0,99.1,975.3921,0.0,0,0.0,0.0
994.0,B,RUNNING,992.208,9,12,2,10,0.2,30.0,99.1,974.3921,0.0,0,0.0,0.0
995.0,B,RUNNING,993.208,9,12,2,10,0.2,30.0,99.1,973.3921,0.0,0,0.0,0.0
996.0,B,RUNNING,994.208,9,12,2,10,0.2,30.0,99.1,972.3921,0.0,0,0.0,0.0
997.0,B,RUNNING,995.208,9,12,2,10,0.2,30.0,99.1,971.3921,0.0,0,0.0,0.0
998.0,B,RUNNING,996.208,9,12,2,10,0.2,30.0,99.1,970.3921,0.0,0,0.0,0.0
999.0,B,RUNNING,997.208,9,12,2,10,0.2,30.0,99.1,969.3921,0.0,0,0.0,0.0
1000.0,B,RUNNING,998.208,9,12,2,10,0.2,30.0,99.1,968.3921,0.0,0,0.0,0.0
1001.0,B,RUNNING,999.208,9,12,2,10,0.2,30.0,99.1,967.3921,0.0,0,0.0,0.0
1002.0,B,RUNNING,1000.208,9,12,2,10,0.2,30.0,99.1,966.3921,0.0,0,0.0,0.0
1003.0,B,RUNNING,1001.208,9,12,2,10,0.2,30.0,99.1,965.3921,0.0,0,0.0,0.0
1004.0,B,RUNNING,1002.208,9,12,2,10,0.2,30.0,99.1,964.3921,0.0,0,0.0,0.0
1005.0,B,RUNNING,1003.208,9,12,2,10,0.2,30.0,99.1,963.3921,0.0,0,0.0,0.0
1006.0,B,RUNNING,1004.208,9,12,2,10,0.2,30.0,99.1,962.3921,0.0,0,0.0,0.0
1007.0,B,RUNNING,1005.208,9,12,2,10,0.2,30.0,99.1,961.3921,0.0,0,0.0,0.0
1008.0,B,RUNNING,1006.208,9,12,2,10,0.2,30.0,99.1,960.3921,0.0,0,0.0,0.0
1009.0,B,RUNNING,1007.208,9,12,2,10,0.2,30.0,99.1,959.3921,0.0,0,0.0,0.0
1010.0,B,RUNNING,1008.208,9,12,2,10,0.2,30.0,99.1,958.3921,0.0,0,0.0,0.0
1011.0,B,RUNNING,1009.208,9,12,2,10,0.2,30.0,99.1,957.3921,0.0,0,0.0,0.0
1012.0,B,RUNNING,1010.208,9,12,2,10,0.2,30.0,99.1,956.3921,0.0,0,0.0,0.0
1013.0,B,RUNNING,1011.208,9,12,2,10,0.2,30.0,99.1,955.3921,0.0,0,0.0,0.0
1014.0,B,RUNNING,1012.208,9,12,2,10,0.2,30.0,99.1,954.3921,0.0,0,0.0,0.0
1015.0,B,RUNNING,1013.208,9,12,2,10,0.2,30.0,99.1,953.3921,0.0,0,0.0,0.0
1016.0,B,RUNNING,1014.208,9,12,2,10,0.2,30.0,99.1,952.3921,0.0,0,0.0,0.0
1017.0,B,RUNNING,1015.208,9,12,2,10,0.2,30.0,99.1,951.3921,0.0,0,0.0,0.0
1018.0,B,RUNNING,1016.208,9,12,2,10,0.2,30.0,99.1,950.3921,0.0,0,0.0,0.0
1019.0,B,RUNNING,1017.208,9,12,2,10,0.2,30.0,99.1,949.3921,0.0,0,0.0,0.0
1020.0,B,RUNNING,1018.208,9,12,2,10,0.2,30.0,99.1,948.3921,0.0,0,0.0,0.0
1021.0,B,RUNNING,1019.208,9,12,2,10,0.2,30.0,99.1,947.3921,0.0,0,0.0,0.0
1022.0,B,RUNNING,1020.208,9,12,2,10,0.2,30.0,99.1,946.3921,0.0,0,0.0,0.0
1023.0,B,RUNNING,1021.208,9,12,2,10,0.2,30.0,99.1,945.3921,0.0,0,0.0,0.0
1024.0,B,RUNNING,1022.208,9,12,2,10,0.2,30.0,99.1,944.3921,0.0,0,0.0,0.0
1025.0,B,RUNNING,1023.208,9,12,2,10,0.2,30.0,99.1,943.3921,0.0,0,0.0,0.0
1026.0,B,RUNNING,1024.208,9,12,2,10,0.2,30.0,99.1,942.3921,0.0,0,0.0,0.0
1027.0,B,RUNNING,1025.208,9,12,2,10,0.2,30.0,99.1,941.3921,0.0,0,0.0,0.0
1028.0,B,RUNNING,1026.208,9,12,2,10,0.2,30.0,99.1,940.3921,0.0,0,0.0,0.0
1029.0,B,RUNNING,1027.208,9,12,2,10,0.2,30.0,99.1,939.3921,0.0,0,0.0,0.0
1030.0,B,RUNNING,1028.208,9,12,2,10,0.2,30.0,99.1,938.3921,0.0,0,0.0,0.0
1031.0,B,RUNNING,1029.208,9,12,2,10,0.2,30.0,99.1,937.3921,0.0,0,0.0,0.0
1032.0,B,RUNNING,1030.208,9,12,2,10,0.2,30.0,99.1,936.3921,0.0,0,0.0,0.0
1033.0,B,RUNNING,1031.208,9,12,2,10,0.2,30.0,99.1,935.3921,0.0,0,0.0,0.0
1034.0,B,RUNNING,1032.208,9,12,2,10,0.2,30.0,99.1,934.3921,0.0,0,0.0,0.0
1035.0,B,RUNNING,1033.208,9,12,2,10,0.2,30.0,99.1,933.3921,0.0,0,0.0,0.0
1036.0,B,RUNNING,1034.208,9,12,2,10,0.2,30.0,99.1,932.3921,0.0,0,0.0,0.0
1037.0,B,RUNNING,1035.208,9,12,2,10,0.2,30.0,99.1,931.3921,0.0,0,0.0,0.0
1038.0,B,RUNNING,1036.208,9,12,2,10,0.2,30.0,99.1,930.3921,0.0,0,0.0,0.0
1039.0,B,RUNNING,1037.208,9,12,2,10,0.2,30.0,99.1,929.3921,0.0,0,0.0,0.0
1040.0,B,RUNNING,1038.208,9,12,2,10,0.2,30.0,99.1,928.3921,0.0,0,0.0,0.0
1041.0,B,RUNNING,1039.208,9,12,2,10,0.2,30.0,99.1,927.3921,0.0,0,0.0,0.0
1042.0,B,RUNNING,1040.208,9,12,2,10,0.2,30.0,99.1,926.3921,0.0,0,0.0,0.0
1043.0,B,RUNNING,1041.208,9,12,2,10,0.2,30.0,99.1,925.3921,0.0,0,0.0,0.0
1044.0,B,RUNNING,1042.208,9,12,2,10,0.2,30.0,99.1,924.3921,0.0,0,0.0,0.0
1045.0,B,RUNNING,1043.208,9,12,2,10,0.2,30.0,99.1,923.3921,0.0,0,0.0,0.0
1046.0,B,RUNNING,1044.208,9,12,2,10,0.2,30.0,99.1,922.3921,0.0,0,0.0,0.0
1047.0,B,RUNNING,1045.208,9,12,2,10,0.2,30.0,99.1,921.3921,0.0,0,0.0,0.0
1048.0,B,RUNNING,1046.208,9,12,2,10,0.2,30.0,99.1,920.3921,0.0,0,0.0,0.0
1049.0,B,RUNNING,1047.208,9,12,2,10,0.2,30.0,99.1,919.3921,0.0,0,0.0,0.0
1050.0,B,RUNNING,1048.208,9,12,2,10,0.2,30.0,99.1,918.3921,0.0,0,0.0,0.0
1051.0,B,RUNNING,1049.208,9,12,2,10,0.2,30.0,99.1,917.3921,0.0,0,0.0,0.0
1052.0,B,RUNNING,1050.212,9,12,2,10,0.2,30.0,99.1,916.3881,0.0,0,0.0,0.0
1053.0,B,RUNNING,1051.208,9,12,2,10,0.2,30.0,99.1,915.3921,0.0,0,0.0,0.0
1054.0,B,RUNNING,1052.208,9,12,2,10,0.2,30.0,99.1,914.3921,0.0,0,0.0,0.0
1055.0,B,RUNNING,1053.208,9,12,2,10,0.2,30.0,99.1,913.3921,0.0,0,0.0,0.0
1056.0,B,RUNNING,1054.208,9,12,2,10,0.2,30.0,99.1,912.3921,0.0,0,0.0,0.0
1057.0,B,RUNNING,1055.208,9,12,2,10,0.2,30.0,99.1,911.3921,0.0,0,0.0,0.0
1058.0,B,RUNNING,1056.208,9,12,2,10,0.2,30.0,99.1,910.3921,0.0,0,0.0,0.0
1059.0,B,RUNNING,1057.208,9,12,2,10,0.2,30.0,99.1,909.3921,0.0,0,0.0,0.0
1060.0,B,RUNNING,1058.208,9,12,2,10,0.2,30.0,99.1,908.3921,0.0,0,0.0,0.0
1061.0,B,RUNNING,1059.208,9,12,2,10,0.2,30.0,99.1,907.3921,0.0,0,0.0,0.0
1062.0,B,RUNNING,1060.208,9,12,2,10,0.2,30.0,99.1,906.3921,0.0,0,0.0,0.0
1063.0,B,RUNNING,1061.208,9,12,2,10,0.2,30.0,99.1,905.3921,0.0,0,0.0,0.0
1064.0,B,RUNNING,1062.208,9,12,2,10,0.2,30.0,99.1,904.3921,0.0,0,0.0,0.0
1065.0,B,RUNNING,1063.208,9,12,2,10,0.2,30.0,99.1,903.3921,0.0,0,0.0,0.0
1066.0,B,RUNNING,1064.208,9,12,2,10,0.2,30.0,99.1,902.3921,0.0,0,0.0,0.0
1067.0,B,RUNNING,1065.208,9,12,2,10,0.2,30.0,99.1,901.3921,0.0,0,0.0,0.0
1068.0,B,RUNNING,1066.208,9,12,2,10,0.2,30.0,99.1,900.3921,0.0,0,0.0,0.0
1069.0,B,RUNNING,1067.208,9,12,2,10,0.2,30.0,99.1,899.3921,0.0,0,0.0,0.0
1070.0,B,RUNNING,1068.208,9,12,2,10,0.2,30.0,99.1,898.3921,0.0,0,0.0,0.0
1071.0,B,RUNNING,1069.208,9,12,2,10,0.2,30.0,99.1,897.3921,0.0,0,0.0,0.0
1072.0,B,RUNNING,1070.208,9,12,2,10,0.2,30.0,99.1,896.3921,0.0,0,0.0,0.0
1073.0,B,RUNNING,1071.208,9,12,2,10,0.2,30.0,99.1,895.3921,0.0,0,0.0,0.0
1074.0,B,RUNNING,1072.208,9,12,2,10,0.2,30.0,99.1,894.3921,0.0,0,0.0,0.0
1075.0,B,RUNNING,1073.208,9,12,2,10,0.2,30.0,99.1,893.3921,0.0,0,0.0,0.0
1076.0,B,RUNNING,1074.208,9,12,2,10,0.2,30.0,99.1,892.3921,0.0,0,0.0,0.0
1077.0,B,RUNNING,1075.208,9,12,2,10,0.2,30.0,99.1,891.3921,0.0,0,0.0,0.0
1078.0,B,RUNNING,1076.208,9,12,2,10,0.2,30.0,99.1,890.3921,0.0,0,0.0,0.0
1079.0,B,RUNNING,1077.208,9,12,2,10,0.2,30.0,99.1,889.3921,0.0,0,0.0,0.0
1080.0,B,RUNNING,1078.208,9,12,2,10,0.2,30.0,99.1,888.3921,0.0,0,0.0,0.0
1081.0,B,RUNNING,1079.208,9,12,2,10,0.2,30.0,99.1,887.3921,0.0,0,0.0,0.0
1082.0,B,RUNNING,1080.208,9,12,2,10,0.2,30.0,99.1,886.3921,0.0,0,0.0,0.0
1083.0,B,RUNNING,1081.208,9,12,2,10,0.2,30.0,99.1,885.3921,0.0,0,0.0,0.0
1084.0,B,RUNNING,1082.208,9,12,2,10,0.2,30.0,99.1,884.3921,0.0,0,0.0,0.0
1085.0,B,RUNNING,1083.208,9,12,2,10,0.2,30.0,99.1,883.3921,0.0,0,0.0,0.0
1086.0,B,RUNNING,1084.208,9,12,2,10,0.2,30.0,99.1,882.3921,0.0,0,0.0,0.0
1087.0,B,RUNNING,1085.208,9,12,2,10,0.2,30.0,99.1,881.3921,0.0,0,0.0,0.0
1088.0,B,RUNNING,1086.208,9,12,2,10,0.2,30.0,99.1,880.3921,0.0,0,0.0,0.0
1089.0,B,RUNNING,1087.208,9,12,2,10,0.2,30.0,99.1,879.3921,0.0,0,0.0,0.0
1090.0,B,RUNNING,1088.208,9,12,2,10,0.2,30.0,99.1,878.3921,0.0,0,0.0,0.0
1091.0,B,RUNNING,1089.208,9,12,2,10,0.2,30.0,99.1,877.3921,0.0,0,0.0,0.0
1092.0,B,RUNNING,1090.208,9,12,2,10,0.2,30.0,99.1,876.3921,0.0,0,0.0,0.0
1093.0,B,RUNNING,1091.208,9,12,2,10,0.2,30.0,99.1,875.3921,0.0,0,0.0,0.0
1094.0,B,RUNNING,1092.208,9,12,2,10,0.2,30.0,99.1,874.3921,0.0,0,0.0,0.0
1095.0,B,RUNNING,1093.208,9,12,2,10,0.2,30.0,99.1,873.3921,0.0,0,0.0,0.0
1096.0,B,RUNNING,1094.208,9,12,2,10,0.2,30.0,99.1,872.3921,0.0,0,0.0,0.0
1097.0,B,RUNNING,1095.208,9,12,2,10,0.2,30.0,99.1,871.3921,0.0,0,0.0,0.0
1098.0,B,RUNNING,1096.208,9,12,2,10,0.2,30.0,99.1,870.3921,0.0,0,0.0,0.0
1099.0,B,RUNNING,1097.208,9,12,2,10,0.2,30.0,99.1,869.3921,0.0,0,0.0,0.0
1100.0,B,RUNNING,1098.208,9,12,2,10,0.2,30.0,99.1,868.3921,0.0,0,0.0,0.0
1101.0,B,RUNNING,1099.208,9,12,2,10,0.2,30.0,99.1,867.3921,0.0,0,0.0,0.0
1102.0,B,RUNNING,1100.208,9,12,2,10,0.2,30.0,99.1,866.3921,0.0,0,0.0,0.0
1103.0,B,RUNNING,1101.208,9,12,2,10,0.2,30.0,99.1,865.3921,0.0,0,0.0,0.0
1104.0,B,RUNNING,1102.208,9,12,2,10,0.2,30.0,99.1,864.3921,0.0,0,0.0,0.0
1105.0,B,RUNNING,1103.208,9,12,2,10,0.2,30.0,99.1,863.3921,0.0,0,0.0,0.0
1106.0,B,RUNNING,1104.208,9,12,2,10,0.2,30.0,99.1,862.3921,0.0,0,0.0,0.0
1107.0,B,RUNNING,1105.208,9,12,2,10,0.2,30.0,99.1,861.3921,0.0,0,0.0,0.0
1108.0,B,RUNNING,1106.208,9,12,2,10,0.2,30.0,99.1,860.3921,0.0,0,0.0,0.0
1109.0,B,RUNNING,1107.208,9,12,2,10,0.2,30.0,99.1,859.3921,0.0,0,0.0,0.0
1110.0,B,RUNNING,1108.208,9,12,2,10,0.2,30.0,99.1,858.3921,0.0,0,0.0,0.0
1111.0,B,RUNNING,1109.208,9,12,2,10,0.2,30.0,99.1,857.3921,0.0,0,0.0,0.0
1112.0,B,RUNNING,1110.208,9,12,2,10,0.2,30.0,99.1,856.3921,0.0,0,0.0,0.0
1113.0,B,RUNNING,1111.208,9,12,2,10,0.2,30.0,99.1,855.3921,0.0,0,0.0,0.0
1114.0,B,RUNNING,1112.208,9,12,2,10,0.2,30.0,99.1,854.3921,0.0,0,0.0,0.0
1115.0,B,RUNNING,1113.208,9,12,2,10,0.2,30.0,99.1,853.3921,0.0,0,0.0,0.0
1116.0,B,RUNNING,1114.208,9,12,2,10,0.2,30.0,99.1,852.3921,0.0,0,0.0,0.0
1117.0,B,RUNNING,1115.208,9,12,2,10,0.2,30.0,99.1,851.3921,0.0,0,0.0,0.0
1118.0,B,RUNNING,1116.208,9,12,2,10,0.2,30.0,99.1,850.3921,0.0,0,0.0,0.0
1119.0,B,RUNNING,1117.208,9,12,2,10,0.2,30.0,99.1,849.3921,0.0,0,0.0,0.0
1120.0,B,RUNNING,1118.208,9,12,2,10,0.2,30.0,99.1,848.3921,0.0,0,0.0,0.0
1121.0,B,RUNNING,1119.208,9,12,2,10,0.2,30.0,99.1,847.3921,0.0,0,0.0,0.0
1122.0,B,RUNNING,1120.208,9,12,2,10,0.2,30.0,99.1,846.3921,0.0,0,0.0,0.0
1123.0,B,RUNNING,1121.208,9,12,2,10,0.2,30.0,99.1,845.3921,0.0,0,0.0,0.0
1124.0,B,RUNNING,1122.208,9,12,2,10,0.2,30.0,99.1,844.3921,0.0,0,0.0,0.0
1125.0,B,RUNNING,1123.208,9,12,2,10,0.2,30.0,99.1,843.3921,0.0,0,0.0,0.0
1126.0,B,RUNNING,1124.208,9,12,2,10,0.2,30.0,99.1,842.3921,0.0,0,0.0,0.0
1127.0,B,RUNNING,1125.208,9,12,2,10,0.2,30.0,99.1,841.3921,0.0,0,0.0,0.0
1128.0,B,RUNNING,1126.208,9,12,2,10,0.2,30.0,99.1,840.3921,0.0,0,0.0,0.0
1129.0,B,RUNNING,1127.208,10,12,3,10,0.3,30.0,99.0,835.0155,0.0,0,0.0,0.0
1130.0,B,RUNNING,1128.208,10,12,3,10,0.3,30.0,99.0,834.0155,0.0,0,0.0,0.0
1131.0,B,RUNNING,1129.208,10,12,3,10,0.3,30.0,99.0,833.0155,0.0,0,0.0,0.0
1132.0,B,RUNNING,1130.208,10,12,3,10,0.3,30.0,99.0,832.0155,0.0,0,0.0,0.0
1133.0,B,RUNNING,1131.208,10,12,3,10,0.3,30.0,99.0,831.0155,0.0,0,0.0,0.0
1134.0,B,RUNNING,1132.208,10,12,3,10,0.3,30.0,99.0,830.0155,0.0,0,0.0,0.0
1135.0,B,RUNNING,1133.208,10,12,3,10,0.3,30.0,99.0,829.0155,0.0,0,0.0,0.0
1136.0,B,RUNNING,1134.208,10,12,3,10,0.3,30.0,99.0,828.0155,0.0,0,0.0,0.0
1137.0,B,RUNNING,1135.208,10,12,3,10,0.3,30.0,99.0,827.0155,0.0,0,0.0,0.0
1138.0,B,RUNNING,1136.208,10,12,3,10,0.3,30.0,99.0,826.0155,0.0,0,0.0,0.0
1139.0,B,RUNNING,1137.208,10,12,3,10,0.3,30.0,99.0,825.0155,0.0,0,0.0,0.0
1140.0,B,RUNNING,1138.208,10,12,3,10,0.3,30.0,99.0,824.0155,0.0,0,0.0,0.0
1141.0,B,RUNNING,1139.208,10,12,3,10,0.3,30.0,99.0,823.0155,0.0,0,0.0,0.0
1142.0,B,RUNNING,1140.208,10,12,3,10,0.3,30.0,99.0,822.0155,0.0,0,0.0,0.0
1143.0,B,RUNNING,1141.208,10,12,3,10,0.3,30.0,99.0,821.0155,0.0,0,0.0,0.0
1144.0,B,RUNNING,1142.208,10,12,3,10,0.3,30.0,99.0,820.0155,0.0,0,0.0,0.0
1145.0,B,RUNNING,1143.208,10,12,3,10,0.3,30.0,99.0,819.0155,0.0,0,0.0,0.0
1146.0,B,RUNNING,1144.208,10,12,3,10,0.3,30.0,99.0,818.0155,0.0,0,0.0,0.0
1147.0,B,RUNNING,1145.208,10,12,3,10,0.3,30.0,99.0,817.0155,0.0,0,0.0,0.0
1148.0,B,RUNNING,1146.208,10,12,3,10,0.3,30.0,99.0,816.0155,0.0,0,0.0,0.0
1149.0,B,RUNNING,1147.208,10,12,3,10,0.3,30.0,99.0,815.0155,0.0,0,0.0,0.0
1150.0,B,RUNNING,1148.208,10,12,3,10,0.3,30.0,99.0,814.0155,0.0,0,0.0,0.0
1151.0,B,RUNNING,1149.208,10,12,3,10,0.3,30.0,99.0,813.0155,0.0,0,0.0,0.0
1152.0,B,RUNNING,1150.208,10,12,3,10,0.3,30.0,99.0,812.0155,0.0,0,0.0,0.0
1153.0,B,RUNNING,1151.208,10,12,3,10,0.3,30.0,99.0,811.0155,0.0,0,0.0,0.0
1154.0,B,RUNNING,1152.208,10,12,3,10,0.3,30.0,99.0,810.0155,0.0,0,0.0,0.0
1155.0,B,RUNNING,1153.208,10,12,3,10,0.3,30.0,99.0,809.0155,0.0,0,0.0,0.0
1156.0,B,RUNNING,1154.208,10,12,3,10,0.3,30.0,99.0,808.0155,0.0,0,0.0,0.0
1157.0,B,RUNNING,1155.208,10,12,3,10,0.3,30.0,99.0,807.0155,0.0,0,0.0,0.0
1158.0,B,RUNNING,1156.208,10,12,3,10,0.3,30.0,99.0,806.0155,0.0,0,0.0,0.0
1159.0,B,RUNNING,1157.208,10,12,3,10,0.3,30.0,99.0,805.0155,0.0,0,0.0,0.0
1160.0,B,RUNNING,1158.208,10,12,3,10,0.3,30.0,99.0,804.0155,0.0,0,0.0,0.0
1161.0,B,RUNNING,1159.208,10,12,3,10,0.3,30.0,99.0,803.0155,0.0,0,0.0,0.0
1162.0,B,RUNNING,1160.208,10,12,3,10,0.3,30.0,99.0,802.0155,0.0,0,0.0,0.0
1163.0,B,RUNNING,1161.208,10,12,3,10,0.3,30.0,99.0,801.0155,0.0,0,0.0,0.0
1164.0,B,RUNNING,1162.208,10,12,3,10,0.3,30.0,99.0,800.0155,0.0,0,0.0,0.0
1165.0,B,RUNNING,1163.208,10,12,3,10,0.3,30.0,99.0,799.0155,0.0,0,0.0,0.0
1166.0,B,RUNNING,1164.208,10,12,3,10,0.3,30.0,99.0,798.0155,0.0,0,0.0,0.0
1167.0,B,RUNNING,1165.208,10,12,3,10,0.3,30.0,99.0,797.0155,0.0,0,0.0,0.0
1168.0,B,RUNNING,1166.208,10,12,3,10,0.3,30.0,99.0,796.0155,0.0,0,0.0,0.0
1169.0,B,RUNNING,1167.208,10,12,3,10,0.3,30.0,99.0,795.0155,0.0,0,0.0,0.0
1170.0,B,RUNNING,1168.208,10,12,3,10,0.3,30.0,99.0,794.0155,0.0,0,0.0,0.0
1171.0,B,RUNNING,1169.208,10,12,3,10,0.3,30.0,99.0,793.0155,0.0,0,0.0,0.0
1172.0,B,RUNNING,1170.208,10,12,3,10,0.3,30.0,99.0,792.0155,0.0,0,0.0,0.0
1173.0,B,RUNNING,1171.208,10,12,3,10,0.3,30.0,99.0,791.0155,0.0,0,0.0,0.0
1174.0,B,RUNNING,1172.208,10,12,3,10,0.3,30.0,99.0,790.0155,0.0,0,0.0,0.0
1175.0,B,RUNNING,1173.208,10,12,3,10,0.3,30.0,99.0,789.0155,0.0,0,0.0,0.0
1176.0,B,RUNNING,1174.208,10,12,3,10,0.3,30.0,99.0,788.0155,0.0,0,0.0,0.0
1177.0,B,RUNNING,1175.208,10,12,3,10,0.3,30.0,99.0,787.0155,0.0,0,0.0,0.0
1178.0,B,RUNNING,1176.208,10,12,3,10,0.3,30.0,99.0,786.0155,0.0,0,0.0,0.0
1179.0,B,RUNNING,1177.208,10,12,3,10,0.3,30.0,99.0,785.0155,0.0,0,0.0,0.0
1180.0,B,RUNNING,1178.208,10,12,3,10,0.3,30.0,99.0,784.0155,0.0,0,0.0,0.0
1181.0,B,RUNNING,1179.208,10,12,3,10,0.3,30.0,99.0,783.0155,0.0,0,0.0,0.0
1182.0,B,RUNNING,1180.208,10,12,3,10,0.3,30.0,99.0,782.0155,0.0,0,0.0,0.0
1183.0,B,RUNNING,1181.208,10,12,3,10,0.3,30.0,99.0,781.0155,0.0,0,0.0,0.0
1184.0,B,RUNNING,1182.208,10,12,3,10,0.3,30.0,99.0,780.0155,0.0,0,0.0,0.0
1185.0,B,RUNNING,1183.208,10,12,3,10,0.3,30.0,99.0,779.0155,0.0,0,0.0,0.0
1186.0,B,RUNNING,1184.208,10,12,3,10,0.3,30.0,99.0,778.0155,0.0,0,0.0,0.0
1187.0,B,RUNNING,1185.208,10,12,3,10,0.3,30.0,99.0,777.0155,0.0,0,0.0,0.0
1188.0,B,RUNNING,1186.208,10,12,3,10,0.3,30.0,99.0,776.0155,0.0,0,0.0,0.0
1189.0,B,RUNNING,1187.208,10,12,3,10,0.3,30.0,99.0,775.0155,0.0,0,0.0,0.0
1190.0,B,RUNNING,1188.208,10,12,3,10,0.3,30.0,99.0,774.0155,0.0,0,0.0,0.0
1191.0,B,RUNNING,1189.208,10,12,3,10,0.3,30.0,99.0,773.0155,0.0,0,0.0,0.0
1192.0,B,RUNNING,1190.208,10,12,3,10,0.3,30.0,99.0,772.0155,0.0,0,0.0,0.0
1193.0,B,RUNNING,1191.208,10,12,3,10,0.3,30.0,99.0,771.0155,0.0,0,0.0,0.0
1194.0,B,RUNNING,1192.208,10,12,3,10,0.3,30.0,99.0,770.0155,0.0,0,0.0,0.0
1195.0,B,RUNNING,1193.208,10,12,3,10,0.3,30.0,99.0,769.0155,0.0,0,0.0,0.0
1196.0,B,RUNNING,1194.208,10,12,3,10,0.3,30.0,99.0,768.0155,0.0,0,0.0,0.0
1197.0,B,RUNNING,1195.208,10,12,3,10,0.3,30.0,99.0,767.0155,0.0,0,0.0,0.0
1198.0,B,RUNNING,1196.208,10,12,3,10,0.3,30.0,99.0,766.0155,0.0,0,0.0,0.0
1199.0,B,RUNNING,1197.208,10,12,3,10,0.3,30.0,99.0,765.0155,0.0,0,0.0,0.0
1200.0,B,RUNNING,1198.208,10,12,3,10,0.3,30.0,99.0,764.0155,0.0,0,0.0,0.0
1201.0,B,RUNNING,1199.208,10,12,3,10,0.3,30.0,99.0,763.0155,0.0,0,0.0,0.0
1202.0,B,RUNNING,1200.208,10,12,3,10,0.3,30.0,99.0,762.0155,0.0,0,0.0,0.0
1203.0,B,RUNNING,1201.208,10,12,3,10,0.3,30.0,99.0,761.0155,0.0,0,0.0,0.0
1204.0,B,RUNNING,1202.208,10,12,3,10,0.3,30.0,99.0,760.0155,0.0,0,0.0,0.0
1205.0,B,RUNNING,1203.208,10,12,3,10,0.3,30.0,99.0,759.0155,0.0,0,0.0,0.0
1206.0,B,RUNNING,1204.208,10,12,3,10,0.3,30.0,99.0,758.0155,0.0,0,0.0,0.0
1207.0,B,RUNNING,1205.208,10,12,3,10,0.3,30.0,99.0,757.0155,0.0,0,0.0,0.0
1208.0,B,RUNNING,1206.208,10,12,3,10,0.3,30.0,99.0,756.0155,0.0,0,0.0,0.0
1209.0,B,RUNNING,1207.208,10,12,3,10,0.3,30.0,99.0,755.0155,0.0,0,0.0,0.0
1210.0,B,RUNNING,1208.208,10,12,3,10,0.3,30.0,99.0,754.0155,0.0,0,0.0,0.0
1211.0,B,RUNNING,1209.208,10,12,3,10,0.3,30.0,99.0,753.0155,0.0,0,0.0,0.0
1212.0,B,RUNNING,1210.208,10,12,3,10,0.3,30.0,99.0,752.0155,0.0,0,0.0,0.0
1213.0,B,RUNNING,1211.208,10,12,3,10,0.3,30.0,99.0,751.0155,0.0,0,0.0,0.0
1214.0,B,RUNNING,1212.208,10,12,3,10,0.3,30.0,99.0,750.0155,0.0,0,0.0,0.0
1215.0,B,RUNNING,1213.208,10,12,3,10,0.3,30.0,99.0,749.0155,0.0,0,0.0,0.0
1216.0,B,RUNNING,1214.208,10,12,3,10,0.3,30.0,99.0,748.0155,0.0,0,0.0,0.0
1217.0,B,RUNNING,1215.208,10,12,3,10,0.3,30.0,99.0,747.0155,0.0,0,0.0,0.0
1218.0,B,RUNNING,1216.208,10,12,3,10,0.3,30.0,99.0,746.0155,0.0,0,0.0,0.0
1219.0,B,RUNNING,1217.208,10,12,3,10,0.3,30.0,99.0,745.0155,0.0,0,0.0,0.0
1220.0,B,RUNNING,1218.208,10,12,3,10,0.3,30.0,99.0,744.0155,0.0,0,0.0,0.0
1221.0,B,RUNNING,1219.208,10,12,3,10,0.3,30.0,99.0,743.0155,0.0,0,0.0,0.0
1222.0,B,RUNNING,1220.208,10,12,3,10,0.3,30.0,99.0,742.0155,0.0,0,0.0,0.0
1223.0,B,RUNNING,1221.208,10,12,3,10,0.3,30.0,99.0,741.0155,0.0,0,0.0,0.0
1224.0,B,RUNNING,1222.208,10,12,3,10,0.3,30.0,99.0,740.0155,0.0,0,0.0,0.0
1225.0,B,RUNNING,1223.208,10,12,3,10,0.3,30.0,99.0,739.0155,0.0,0,0.0,0.0
1226.0,B,RUNNING,1224.208,10,12,3,10,0.3,30.0,99.0,738.0155,0.0,0,0.0,0.0
1227.0,B,RUNNING,1225.208,10,12,3,10,0.3,30.0,99.0,737.0155,0.0,0,0.0,0.0
1228.0,B,RUNNING,1226.208,10,12,3,10,0.3,30.0,99.0,736.0155,0.0,0,0.0,0.0
1229.0,B,RUNNING,1227.208,10,12,3,10,0.3,30.0,99.0,735.0155,0.0,0,0.0,0.0
1230.0,B,RUNNING,1228.208,10,12,3,10,0.3,30.0,99.0,734.0155,0.0,0,0.0,0.0
1231.0,B,RUNNING,1229.208,10,12,3,10,0.3,30.0,99.0,733.0155,0.0,0,0.0,0.0
1232.0,B,RUNNING,1230.208,10,12,3,10,0.3,30.0,99.0,732.0155,0.0,0,0.0,0.0
1233.0,B,RUNNING,1231.208,10,12,3,10,0.3,30.0,99.0,731.0155,0.0,0,0.0,0.0
1234.0,B,RUNNING,1232.208,10,12,3,10,0.3,30.0,99.0,730.0155,0.0,0,0.0,0.0
1235.0,B,RUNNING,1233.208,10,12,3,10,0.3,30.0,99.0,729.0155,0.0,0,0.0,0.0
1236.0,B,RUNNING,1234.208,10,12,3,10,0.3,30.0,99.0,728.0155,0.0,0,0.0,0.0
1237.0,B,RUNNING,1235.208,10,12,3,10,0.3,30.0,99.0,727.0155,0.0,0,0.0,0.0
1238.0,B,RUNNING,1236.208,10,12,3,10,0.3,30.0,99.0,726.0155,0.0,0,0.0,0.0
1239.0,B,RUNNING,1237.208,10,12,3,10,0.3,30.0,99.0,725.0155,0.0,0,0.0,0.0
1240.0,B,RUNNING,1238.208,10,12,3,10,0.3,30.0,99.0,724.0155,0.0,0,0.0,0.0
1241.0,B,RUNNING,1239.208,10,12,3,10,0.3,30.0,99.0,723.0155,0.0,0,0.0,0.0
1242.0,B,RUNNING,1240.208,10,12,3,10,0.3,30.0,99.0,722.0155,0.0,0,0.0,0.0
1243.0,B,RUNNING,1241.208,10,12,3,10,0.3,30.0,99.0,721.0155,0.0,0,0.0,0.0
1244.0,B,RUNNING,1242.208,10,12,3,10,0.3,30.0,99.0,720.0155,0.0,0,0.0,0.0
1245.0,B,RUNNING,1243.208,11,12,4,10,0.4,30.0,98.9,740.7127,0.0,0,0.0,0.0
1246.0,B,RUNNING,1244.208,11,12,4,10,0.4,30.0,98.9,739.7127,0.0,0,0.0,0.0
1247.0,B,RUNNING,1245.208,11,12,4,10,0.4,30.0,98.9,738.7127,0.0,0,0.0,0.0
1248.0,B,RUNNING,1246.208,11,12,4,10,0.4,30.0,98.9,737.7127,0.0,0,0.0,0.0
1249.0,B,RUNNING,1247.208,11,12,4,10,0.4,30.0,98.9,736.7127,0.0,0,0.0,0.0
1250.0,B,RUNNING,1248.208,11,12,4,10,0.4,30.0,98.9,735.7127,0.0,0,0.0,0.0
1251.0,B,RUNNING,1249.208,11,12,4,10,0.4,30.0,98.9,734.7127,0.0,0,0.0,0.0
1252.0,B,RUNNING,1250.208,11,12,4,10,0.4,30.0,98.9,733.7127,0.0,0,0.0,0.0
1253.0,B,RUNNING,1251.208,11,12,4,10,0.4,30.0,98.9,732.7127,0.0,0,0.0,0.0
1254.0,B,RUNNING,1252.208,11,12,4,10,0.4,30.0,98.9,731.7127,0.0,0,0.0,0.0
1255.0,B,RUNNING,1253.208,11,12,4,10,0.4,30.0,98.9,730.7127,0.0,0,0.0,0.0
1256.0,B,RUNNING,1254.208,11,12,4,10,0.4,30.0,98.9,729.7127,0.0,0,0.0,0.0
1257.0,B,RUNNING,1255.208,11,12,4,10,0.4,30.0,98.9,728.7127,0.0,0,0.0,0.0
1258.0,B,RUNNING,1256.208,11,12,4,10,0.4,30.0,98.9,727.7127,0.0,0,0.0,0.0
1259.0,B,RUNNING,1257.208,11,12,4,10,0.4,30.0,98.9,726.7127,0.0,0,0.0,0.0
1260.0,B,RUNNING,1258.208,11,12,4,10,0.4,30.0,98.9,725.7127,0.0,0,0.0,0.0
1261.0,B,RUNNING,1259.208,11,12,4,10,0.4,30.0,98.9,724.7127,0.0,0,0.0,0.0
1262.0,B,RUNNING,1260.208,11,12,4,10,0.4,30.0,98.9,723.7127,0.0,0,0.0,0.0
1263.0,B,RUNNING,1261.208,11,12,4,10,0.4,30.0,98.9,722.7127,0.0,0,0.0,0.0
1264.0,B,RUNNING,1262.208,11,12,4,10,0.4,30.0,98.9,721.7127,0.0,0,0.0,0.0
1265.0,B,RUNNING,1263.208,11,12,4,10,0.4,30.0,98.9,720.7127,0.0,0,0.0,0.0
1266.0,B,RUNNING,1264.208,11,12,4,10,0.4,30.0,98.9,719.7127,0.0,0,0.0,0.0
1267.0,B,RUNNING,1265.208,11,12,4,10,0.4,30.0,98.9,718.7127,0.0,0,0.0,0.0
1268.0,B,RUNNING,1266.208,11,12,4,10,0.4,30.0,98.9,717.7127,0.0,0,0.0,0.0
1269.0,B,RUNNING,1267.208,11,12,4,10,0.4,30.0,98.9,716.7127,0.0,0,0.0,0.0
1270.0,B,RUNNING,1268.208,11,12,4,10,0.4,30.0,98.9,715.7127,0.0,0,0.0,0.0
1271.0,B,RUNNING,1269.208,11,12,4,10,0.4,30.0,98.9,714.7127,0.0,0,0.0,0.0
1272.0,B,RUNNING,1270.208,11,12,4,10,0.4,30.0,98.9,713.7127,0.0,0,0.0,0.0
1273.0,B,RUNNING,1271.208,11,12,4,10,0.4,30.0,98.9,712.7127,0.0,0,0.0,0.0
1274.0,B,RUNNING,1272.208,11,12,4,10,0.4,30.0,98.9,711.7127,0.0,0,0.0,0.0
1275.0,B,RUNNING,1273.208,11,12,4,10,0.4,30.0,98.9,710.7127,0.0,0,0.0,0.0
1276.0,B,RUNNING,1274.208,11,12,4,10,0.4,30.0,98.9,709.7127,0.0,0,0.0,0.0
1277.0,B,RUNNING,1275.208,11,12,4,10,0.4,30.0,98.9,708.7127,0.0,0,0.0,0.0
1278.0,B,RUNNING,1276.208,11,12,4,10,0.4,30.0,98.9,707.7127,0.0,0,0.0,0.0
1279.0,B,RUNNING,1277.208,11,12,4,10,0.4,30.0,98.9,706.7127,0.0,0,0.0,0.0
1280.0,B,RUNNING,1278.208,11,12,4,10,0.4,30.0,98.9,705.7127,0.0,0,0.0,0.0
1281.0,B,RUNNING,1279.208,11,12,4,10,0.4,30.0,98.9,704.7127,0.0,0,0.0,0.0
1282.0,B,RUNNING,1280.208,11,12,4,10,0.4,30.0,98.9,703.7127,0.0,0,0.0,0.0
1283.0,B,RUNNING,1281.208,11,12,4,10,0.4,30.0,98.9,702.7127,0.0,0,0.0,0.0
1284.0,B,RUNNING,1282.208,11,12,4,10,0.4,30.0,98.9,701.7127,0.0,0,0.0,0.0
1285.0,B,RUNNING,1283.208,11,12,4,10,0.4,30.0,98.9,700.7127,0.0,0,0.0,0.0
1286.0,B,RUNNING,1284.208,11,12,4,10,0.4,30.0,98.9,699.7127,0.0,0,0.0,0.0
1287.0,B,RUNNING,1285.208,11,12,4,10,0.4,30.0,98.9,698.7127,0.0,0,0.0,0.0
1288.0,B,RUNNING,1286.208,11,12,4,10,0.4,30.0,98.9,697.7127,0.0,0,0.0,0.0
1289.0,B,RUNNING,1287.208,11,12,4,10,0.4,30.0,98.9,696.7127,0.0,0,0.0,0.0
1290.0,B,RUNNING,1288.208,11,12,4,10,0.4,30.0,98.9,695.7127,0.0,0,0.0,0.0
1291.0,B,RUNNING,1289.208,11,12,4,10,0.4,30.0,98.9,694.7127,0.0,0,0.0,0.0
1292.0,B,RUNNING,1290.208,11,12,4,10,0.4,30.0,98.9,693.7127,0.0,0,0.0,0.0
1293.0,B,RUNNING,1291.208,11,12,4,10,0.4,30.0,98.9,692.7127,0.0,0,0.0,0.0
1294.0,B,RUNNING,1292.208,11,12,4,10,0.4,30.0,98.9,691.7127,0.0,0,0.0,0.0
1295.0,B,RUNNING,1293.208,11,12,4,10,0.4,30.0,98.9,690.7127,0.0,0,0.0,0.0
1296.0,B,RUNNING,1294.208,11,12,4,10,0.4,30.0,98.9,689.7127,0.0,0,0.0,0.0
1297.0,B,RUNNING,1295.208,11,12,4,10,0.4,30.0,98.9,688.7127,0.0,0,0.0,0.0
1298.0,B,RUNNING,1296.208,11,12,4,10,0.4,30.0,98.9,687.7127,0.0,0,0.0,0.0
1299.0,B,RUNNING,1297.208,11,12,4,10,0.4,30.0,98.9,686.7127,0.0,0,0.0,0.0
1300.0,B,RUNNING,1298.208,11,12,4,10,0.4,30.0,98.9,685.7127,0.0,0,0.0,0.0
1301.0,B,RUNNING,1299.208,11,12,4,10,0.4,30.0,98.9,684.7127,0.0,0,0.0,0.0
1302.0,B,RUNNING,1300.208,11,12,4,10,0.4,30.0,98.9,683.7127,0.0,0,0.0,0.0
1303.0,B,RUNNING,1301.208,11,12,4,10,0.4,30.0,98.9,682.7127,0.0,0,0.0,0.0
1304.0,B,RUNNING,1302.208,11,12,4,10,0.4,30.0,98.9,681.7127,0.0,0,0.0,0.0
1305.0,B,RUNNING,1303.208,11,12,4,10,0.4,30.0,98.9,680.7127,0.0,0,0.0,0.0
1306.0,B,RUNNING,1304.208,11,12,4,10,0.4,30.0,98.9,679.7127,0.0,0,0.0,0.0
1307.0,B,RUNNING,1305.208,11,12,4,10,0.4,30.0,98.9,678.7127,0.0,0,0.0,0.0
1308.0,B,RUNNING,1306.208,11,12,4,10,0.4,30.0,98.9,677.7127,0.0,0,0.0,0.0
1309.0,B,RUNNING,1307.208,11,12,4,10,0.4,30.0,98.9,676.7127,0.0,0,0.0,0.0
1310.0,B,RUNNING,1308.212,11,12,4,10,0.4,30.0,98.9,675.7087,0.0,0,0.0,0.0
1311.0,B,RUNNING,1309.208,11,12,4,10,0.4,30.0,98.9,674.7127,0.0,0,0.0,0.0
1312.0,B,RUNNING,1310.208,11,12,4,10,0.4,30.0,98.9,673.7127,0.0,0,0.0,0.0
1313.0,B,RUNNING,1311.208,11,12,4,10,0.4,30.0,98.9,672.7127,0.0,0,0.0,0.0
1314.0,B,RUNNING,1312.208,11,12,4,10,0.4,30.0,98.9,671.7127,0.0,0,0.0,0.0
1315.0,B,RUNNING,1313.208,11,12,4,10,0.4,30.0,98.9,670.7127,0.0,0,0.0,0.0
1316.0,B,RUNNING,1314.212,11,12,4,10,0.4,30.0,98.9,669.7087,0.0,0,0.0,0.0
1317.0,B,RUNNING,1315.208,11,12,4,10,0.4,30.0,98.9,668.7127,0.0,0,0.0,0.0
1318.0,B,RUNNING,1316.208,11,12,4,10,0.4,30.0,98.9,667.7127,0.0,0,0.0,0.0
1319.0,B,RUNNING,1317.208,11,12,4,10,0.4,30.0,98.9,666.7127,0.0,0,0.0,0.0
1320.0,B,RUNNING,1318.208,11,12,4,10,0.4,30.0,98.9,665.7127,0.0,0,0.0,0.0
1321.0,B,RUNNING,1319.208,11,12,4,10,0.4,30.0,98.9,664.7127,0.0,0,0.0,0.0
1322.0,B,RUNNING,1320.208,11,12,4,10,0.4,30.0,98.9,663.7127,0.0,0,0.0,0.0
1323.0,B,RUNNING,1321.208,11,12,4,10,0.4,30.0,98.9,662.7127,0.0,0,0.0,0.0
1324.0,B,RUNNING,1322.208,11,12,4,10,0.4,30.0,98.9,661.7127,0.0,0,0.0,0.0
1325.0,B,RUNNING,1323.208,11,12,4,10,0.4,30.0,98.9,660.7127,0.0,0,0.0,0.0
1326.0,B,RUNNING,1324.208,11,12,4,10,0.4,30.0,98.9,659.7127,0.0,0,0.0,0.0
1327.0,B,RUNNING,1325.208,11,12,4,10,0.4,30.0,98.9,658.7127,0.0,0,0.0,0.0
1328.0,B,RUNNING,1326.208,11,12,4,10,0.4,30.0,98.9,657.7127,0.0,0,0.0,0.0
1329.0,B,RUNNING,1327.208,11,12,4,10,0.4,30.0,98.9,656.7127,0.0,0,0.0,0.0
1330.0,B,RUNNING,1328.208,11,12,4,10,0.4,30.0,98.9,655.7127,0.0,0,0.0,0.0
1331.0,B,RUNNING,1329.208,11,12,4,10,0.4,30.0,98.9,654.7127,0.0,0,0.0,0.0
1332.0,B,RUNNING,1330.208,11,12,4,10,0.4,30.0,98.9,653.7127,0.0,0,0.0,0.0
1333.0,B,RUNNING,1331.208,11,12,4,10,0.4,30.0,98.9,652.7127,0.0,0,0.0,0.0
1334.0,B,RUNNING,1332.208,11,12,4,10,0.4,30.0,98.9,651.7127,0.0,0,0.0,0.0
1335.0,B,RUNNING,1333.208,11,12,4,10,0.4,30.0,98.9,650.7127,0.0,0,0.0,0.0
1336.0,B,RUNNING,1334.208,11,12,4,10,0.4,30.0,98.9,649.7127,0.0,0,0.0,0.0
1337.0,B,RUNNING,1335.208,11,12,4,10,0.4,30.0,98.9,648.7127,0.0,0,0.0,0.0
1338.0,B,RUNNING,1336.208,11,12,4,10,0.4,30.0,98.9,647.7127,0.0,0,0.0,0.0
1339.0,B,RUNNING,1337.208,11,12,4,10,0.4,30.0,98.9,646.7127,0.0,0,0.0,0.0
1340.0,B,RUNNING,1338.208,11,12,4,10,0.4,30.0,98.9,645.7127,0.0,0,0.0,0.0
1341.0,B,RUNNING,1339.208,11,12,4,10,0.4,30.0,98.9,644.7127,0.0,0,0.0,0.0
1342.0,B,RUNNING,1340.208,11,12,4,10,0.4,30.0,98.9,643.7127,0.0,0,0.0,0.0
1343.0,B,RUNNING,1341.208,11,12,4,10,0.4,30.0,98.9,642.7127,0.0,0,0.0,0.0
1344.0,B,RUNNING,1342.208,11,12,4,10,0.4,30.0,98.9,641.7127,0.0,0,0.0,0.0
1345.0,B,RUNNING,1343.208,11,12,4,10,0.4,30.0,98.9,640.7127,0.0,0,0.0,0.0
1346.0,B,RUNNING,1344.208,11,12,4,10,0.4,30.0,98.9,639.7127,0.0,0,0.0,0.0
1347.0,B,RUNNING,1345.208,11,12,4,10,0.4,30.0,98.9,638.7127,0.0,0,0.0,0.0
1348.0,B,RUNNING,1346.208,11,12,4,10,0.4,30.0,98.9,637.7127,0.0,0,0.0,0.0
1349.0,B,RUNNING,1347.208,11,12,4,10,0.4,30.0,98.9,636.7127,0.0,0,0.0,0.0
1350.0,B,RUNNING,1348.212,11,12,4,10,0.4,30.0,98.9,635.7087,0.0,0,0.0,0.0
1351.0,B,RUNNING,1349.208,11,12,4,10,0.4,30.0,98.9,634.7127,0.0,0,0.0,0.0
1352.0,B,RUNNING,1350.208,11,12,4,10,0.4,30.0,98.9,633.7127,0.0,0,0.0,0.0
1353.0,B,RUNNING,1351.208,11,12,4,10,0.4,30.0,98.9,632.7127,0.0,0,0.0,0.0
1354.0,B,RUNNING,1352.208,11,12,4,10,0.4,30.0,98.9,631.7127,0.0,0,0.0,0.0
1355.0,B,RUNNING,1353.208,11,12,4,10,0.4,30.0,98.9,630.7127,0.0,0,0.0,0.0
1356.0,B,RUNNING,1354.208,11,12,4,10,0.4,30.0,98.9,629.7127,0.0,0,0.0,0.0
1357.0,B,RUNNING,1355.208,11,12,4,10,0.4,30.0,98.9,628.7127,0.0,0,0.0,0.0
1358.0,B,RUNNING,1356.208,11,12,4,10,0.4,30.0,98.9,627.7127,0.0,0,0.0,0.0
1359.0,B,RUNNING,1357.208,11,12,4,10,0.4,30.0,98.9,626.7127,0.0,0,0.0,0.0
1360.0,B,RUNNING,1358.208,11,12,4,10,0.4,30.0,98.9,625.7127,0.0,0,0.0,0.0
1361.0,B,RUNNING,1359.208,11,12,4,10,0.4,30.0,98.9,624.7127,0.0,0,0.0,0.0
1362.0,B,RUNNING,1360.208,11,12,4,10,0.4,30.0,98.9,623.7127,0.0,0,0.0,0.0
1363.0,B,RUNNING,1361.208,11,12,4,10,0.4,30.0,98.9,622.7127,0.0,0,0.0,0.0
1364.0,B,RUNNING,1362.208,11,12,4,10,0.4,30.0,98.9,621.7127,0.0,0,0.0,0.0
1365.0,B,RUNNING,1363.208,11,12,4,10,0.4,30.0,98.9,620.7127,0.0,0,0.0,0.0
1366.0,B,RUNNING,1364.208,11,12,4,10,0.4,30.0,98.9,619.7127,0.0,0,0.0,0.0
1367.0,B,RUNNING,1365.208,11,12,4,10,0.4,30.0,98.9,618.7127,0.0,0,0.0,0.0
1368.0,B,RUNNING,1366.208,11,12,4,10,0.4,30.0,98.9,617.7127,0.0,0,0.0,0.0
1369.0,B,RUNNING,1367.208,11,12,4,10,0.4,30.0,98.9,616.7127,0.0,0,0.0,0.0
1370.0,B,RUNNING,1368.208,11,12,4,10,0.4,30.0,98.9,615.7127,0.0,0,0.0,0.0
1371.0,B,RUNNING,1369.208,11,12,4,10,0.4,30.0,98.9,614.7127,0.0,0,0.0,0.0
1372.0,B,RUNNING,1370.208,11,12,4,10,0.4,30.0,98.9,613.7127,0.0,0,0.0,0.0
1373.0,B,RUNNING,1371.208,11,12,4,10,0.4,30.0,98.9,612.7127,0.0,0,0.0,0.0
1374.0,B,RUNNING,1372.208,11,12,4,10,0.4,30.0,98.9,611.7127,0.0,0,0.0,0.0
1375.0,B,RUNNING,1373.208,11,12,4,10,0.4,30.0,98.9,610.7127,0.0,0,0.0,0.0
1376.0,B,RUNNING,1374.208,11,12,4,10,0.4,30.0,98.9,609.7127,0.0,0,0.0,0.0
1377.0,B,RUNNING,1375.208,11,12,4,10,0.4,30.0,98.9,608.7127,0.0,0,0.0,0.0
1378.0,B,RUNNING,1376.208,11,12,4,10,0.4,30.0,98.9,607.7127,0.0,0,0.0,0.0
1379.0,B,RUNNING,1377.208,11,12,4,10,0.4,30.0,98.9,606.7127,0.0,0,0.0,0.0
1380.0,B,RUNNING,1378.208,11,12,4,10,0.4,30.0,98.9,605.7127,0.0,0,0.0,0.0
1381.0,B,RUNNING,1379.208,11,12,4,10,0.4,30.0,98.9,604.7127,0.0,0,0.0,0.0
1382.0,B,RUNNING,1380.208,11,12,4,10,0.4,30.0,98.9,603.7127,0.0,0,0.0,0.0
1383.0,B,RUNNING,1381.208,11,12,4,10,0.4,30.0,98.9,602.7127,0.0,0,0.0,0.0
1384.0,B,RUNNING,1382.208,11,12,4,10,0.4,30.0,98.9,601.7127,0.0,0,0.0,0.0
1385.0,B,RUNNING,1383.208,11,12,4,10,0.4,30.0,98.9,600.7127,0.0,0,0.0,0.0
1386.0,B,RUNNING,1384.208,12,12,5,10,0.5,30.0,98.8,563.6353,0.0,0,0.0,0.0
1387.0,B,RUNNING,1385.208,12,12,5,10,0.5,30.0,98.8,562.6353,0.0,0,0.0,0.0
1388.0,B,RUNNING,1386.208,12,12,5,10,0.5,30.0,98.8,561.6353,0.0,0,0.0,0.0
1389.0,B,RUNNING,1387.208,12,12,5,10,0.5,30.0,98.8,560.6353,0.0,0,0.0,0.0
1390.0,B,RUNNING,1388.208,12,12,5,10,0.5,30.0,98.8,559.6353,0.0,0,0.0,0.0
1391.0,B,RUNNING,1389.208,12,12,5,10,0.5,30.0,98.8,558.6353,0.0,0,0.0,0.0
1392.0,B,RUNNING,1390.208,12,12,5,10,0.5,30.0,98.8,557.6353,0.0,0,0.0,0.0
1393.0,B,RUNNING,1391.208,12,12,5,10,0.5,30.0,98.8,556.6353,0.0,0,0.0,0.0
1394.0,B,RUNNING,1392.208,12,12,5,10,0.5,30.0,98.8,555.6353,0.0,0,0.0,0.0
1395.0,B,RUNNING,1393.208,12,12,5,10,0.5,30.0,98.8,554.6353,0.0,0,0.0,0.0
1396.0,B,RUNNING,1394.208,12,12,5,10,0.5,30.0,98.8,553.6353,0.0,0,0.0,0.0
1397.0,B,RUNNING,1395.208,12,12,5,10,0.5,30.0,98.8,552.6353,0.0,0,0.0,0.0
1398.0,B,RUNNING,1396.208,12,12,5,10,0.5,30.0,98.8,551.6353,0.0,0,0.0,0.0
1399.0,B,RUNNING,1397.208,12,12,5,10,0.5,30.0,98.8,550.6353,0.0,0,0.0,0.0
1400.0,B,RUNNING,1398.208,12,12,5,10,0.5,30.0,98.8,549.6353,0.0,0,0.0,0.0
1401.0,B,RUNNING,1399.212,12,12,5,10,0.5,30.0,98.8,548.6313,0.0,0,0.0,0.0
1402.0,B,RUNNING,1400.208,12,12,5,10,0.5,30.0,98.8,547.6353,0.0,0,0.0,0.0
1403.0,B,RUNNING,1401.208,12,12,5,10,0.5,30.0,98.8,546.6353,0.0,0,0.0,0.0
1404.0,B,RUNNING,1402.208,12,12,5,10,0.5,30.0,98.8,545.6353,0.0,0,0.0,0.0
1405.0,B,RUNNING,1403.208,12,12,5,10,0.5,30.0,98.8,544.6353,0.0,0,0.0,0.0
1406.0,B,RUNNING,1404.208,12,12,5,10,0.5,30.0,98.8,543.6353,0.0,0,0.0,0.0
1407.0,B,RUNNING,1405.208,12,12,5,10,0.5,30.0,98.8,542.6353,0.0,0,0.0,0.0
1408.0,B,RUNNING,1406.208,12,12,5,10,0.5,30.0,98.8,541.6353,0.0,0,0.0,0.0
1409.0,B,RUNNING,1407.208,12,12,5,10,0.5,30.0,98.8,540.6353,0.0,0,0.0,0.0
1410.0,B,RUNNING,1408.208,12,12,5,10,0.5,30.0,98.8,539.6353,0.0,0,0.0,0.0
1411.0,B,RUNNING,1409.208,12,12,5,10,0.5,30.0,98.8,538.6353,0.0,0,0.0,0.0
1412.0,B,RUNNING,1410.208,12,12,5,10,0.5,30.0,98.8,537.6353,0.0,0,0.0,0.0
1413.0,B,RUNNING,1411.212,12,12,5,10,0.5,30.0,98.8,536.6313,0.0,0,0.0,0.0
1414.0,B,RUNNING,1412.208,12,12,5,10,0.5,30.0,98.8,535.6353,0.0,0,0.0,0.0
1415.0,B,RUNNING,1413.208,12,12,5,10,0.5,30.0,98.8,534.6353,0.0,0,0.0,0.0
1416.0,B,RUNNING,1414.208,12,12,5,10,0.5,30.0,98.8,533.6353,0.0,0,0.0,0.0
1417.0,B,RUNNING,1415.208,12,12,5,10,0.5,30.0,98.8,532.6353,0.0,0,0.0,0.0
1418.0,B,RUNNING,1416.208,12,12,5,10,0.5,30.0,98.8,531.6353,0.0,0,0.0,0.0
1419.0,B,RUNNING,1417.208,12,12,5,10,0.5,30.0,98.8,530.6353,0.0,0,0.0,0.0
1420.0,B,RUNNING,1418.208,12,12,5,10,0.5,30.0,98.8,529.6353,0.0,0,0.0,0.0
1421.0,B,RUNNING,1419.208,12,12,5,10,0.5,30.0,98.8,528.6353,0.0,0,0.0,0.0
1422.0,B,RUNNING,1420.208,12,12,5,10,0.5,30.0,98.8,527.6353,0.0,0,0.0,0.0
1423.0,B,RUNNING,1421.208,12,12,5,10,0.5,30.0,98.8,526.6353,0.0,0,0.0,0.0
1424.0,B,RUNNING,1422.208,12,12,5,10,0.5,30.0,98.8,525.6353,0.0,0,0.0,0.0
1425.0,B,RUNNING,1423.208,12,12,5,10,0.5,30.0,98.8,524.6353,0.0,0,0.0,0.0
1426.0,B,RUNNING,1424.208,12,12,5,10,0.5,30.0,98.8,523.6353,0.0,0,0.0,0.0
1427.0,B,RUNNING,1425.208,12,12,5,10,0.5,30.0,98.8,522.6353,0.0,0,0.0,0.0
1428.0,B,RUNNING,1426.208,12,12,5,10,0.5,30.0,98.8,521.6353,0.0,0,0.0,0.0
1429.0,B,RUNNING,1427.208,12,12,5,10,0.5,30.0,98.8,520.6353,0.0,0,0.0,0.0
1430.0,B,RUNNING,1428.208,12,12,5,10,0.5,30.0,98.8,519.6353,0.0,0,0.0,0.0
1431.0,B,RUNNING,1429.208,12,12,5,10,0.5,30.0,98.8,518.6353,0.0,0,0.0,0.0
1432.0,B,RUNNING,1430.208,12,12,5,10,0.5,30.0,98.8,517.6353,0.0,0,0.0,0.0
1433.0,B,RUNNING,1431.208,12,12,5,10,0.5,30.0,98.8,516.6353,0.0,0,0.0,0.0
1434.0,B,RUNNING,1432.208,12,12,5,10,0.5,30.0,98.8,515.6353,0.0,0,0.0,0.0
1435.0,B,RUNNING,1433.208,12,12,5,10,0.5,30.0,98.8,514.6353,0.0,0,0.0,0.0
1436.0,B,RUNNING,1434.208,12,12,5,10,0.5,30.0,98.8,513.6353,0.0,0,0.0,0.0
1437.0,B,RUNNING,1435.208,12,12,5,10,0.5,30.0,98.8,512.6353,0.0,0,0.0,0.0
1438.0,B,RUNNING,1436.208,12,12,5,10,0.5,30.0,98.8,511.6353,0.0,0,0.0,0.0
1439.0,B,RUNNING,1437.208,12,12,5,10,0.5,30.0,98.8,510.6353,0.0,0,0.0,0.0
1440.0,B,RUNNING,1438.208,12,12,5,10,0.5,30.0,98.8,509.6353,0.0,0,0.0,0.0
1441.0,B,RUNNING,1439.208,12,12,5,10,0.5,30.0,98.8,508.6353,0.0,0,0.0,0.0
1442.0,B,RUNNING,1440.208,12,12,5,10,0.5,30.0,98.8,507.6353,0.0,0,0.0,0.0
1443.0,B,RUNNING,1441.208,12,12,5,10,0.5,30.0,98.8,506.6353,0.0,0,0.0,0.0
1444.0,B,RUNNING,1442.208,12,12,5,10,0.5,30.0,98.8,505.6353,0.0,0,0.0,0.0
1445.0,B,RUNNING,1443.208,12,12,5,10,0.5,30.0,98.8,504.6353,0.0,0,0.0,0.0
1446.0,B,RUNNING,1444.208,12,12,5,10,0.5,30.0,98.8,503.6353,0.0,0,0.0,0.0
1447.0,B,RUNNING,1445.208,12,12,5,10,0.5,30.0,98.8,502.6353,0.0,0,0.0,0.0
1448.0,B,RUNNING,1446.208,12,12,5,10,0.5,30.0,98.8,501.6353,0.0,0,0.0,0.0
1449.0,B,RUNNING,1447.208,12,12,5,10,0.5,30.0,98.8,500.6353,0.0,0,0.0,0.0
1450.0,B,RUNNING,1448.208,12,12,5,10,0.5,30.0,98.8,499.6353,0.0,0,0.0,0.0
1451.0,B,RUNNING,1449.208,12,12,5,10,0.5,30.0,98.8,498.6353,0.0,0,0.0,0.0
1452.0,B,RUNNING,1450.208,12,12,5,10,0.5,30.0,98.8,497.6353,0.0,0,0.0,0.0
1453.0,B,RUNNING,1451.208,12,12,5,10,0.5,30.0,98.8,496.6353,0.0,0,0.0,0.0
1454.0,B,RUNNING,1452.208,12,12,5,10,0.5,30.0,98.8,495.6353,0.0,0,0.0,0.0
1455.0,B,RUNNING,1453.208,12,12,5,10,0.5,30.0,98.8,494.6353,0.0,0,0.0,0.0
1456.0,B,RUNNING,1454.208,12,12,5,10,0.5,30.0,98.8,493.6353,0.0,0,0.0,0.0
1457.0,B,RUNNING,1455.208,12,12,5,10,0.5,30.0,98.8,492.6353,0.0,0,0.0,0.0
1458.0,B,RUNNING,1456.208,12,12,5,10,0.5,30.0,98.8,491.6353,0.0,0,0.0,0.0
1459.0,B,RUNNING,1457.208,12,12,5,10,0.5,30.0,98.8,490.6353,0.0,0,0.0,0.0
1460.0,B,RUNNING,1458.208,12,12,5,10,0.5,30.0,98.8,489.6353,0.0,0,0.0,0.0
1461.0,B,RUNNING,1459.208,12,12,5,10,0.5,30.0,98.8,488.6353,0.0,0,0.0,0.0
1462.0,B,RUNNING,1460.208,12,12,5,10,0.5,30.0,98.8,487.6353,0.0,0,0.0,0.0
1463.0,B,RUNNING,1461.208,12,12,5,10,0.5,30.0,98.8,486.6353,0.0,0,0.0,0.0
1464.0,B,RUNNING,1462.208,12,12,5,10,0.5,30.0,98.8,485.6353,0.0,0,0.0,0.0
1465.0,B,RUNNING,1463.208,12,12,5,10,0.5,30.0,98.8,484.6353,0.0,0,0.0,0.0
1466.0,B,RUNNING,1464.208,12,12,5,10,0.5,30.0,98.8,483.6353,0.0,0,0.0,0.0
1467.0,B,RUNNING,1465.208,12,12,5,10,0.5,30.0,98.8,482.6353,0.0,0,0.0,0.0
1468.0,B,RUNNING,1466.208,12,12,5,10,0.5,30.0,98.8,481.6353,0.0,0,0.0,0.0
1469.0,B,RUNNING,1467.208,12,12,5,10,0.5,30.0,98.8,480.6353,0.0,0,0.0,0.0
1470.0,B,RUNNING,1468.208,13,12,6,10,0.6,30.0,98.7,463.3212,0.0,0,0.0,0.0
1471.0,B,RUNNING,1469.208,13,12,6,10,0.6,30.0,98.7,462.3212,0.0,0,0.0,0.0
1472.0,B,RUNNING,1470.208,13,12,6,10,0.6,30.0,98.7,461.3212,0.0,0,0.0,0.0
1473.0,B,RUNNING,1471.212,13,12,6,10,0.6,30.0,98.7,460.3172,0.0,0,0.0,0.0
1474.0,B,RUNNING,1472.208,13,12,6,10,0.6,30.0,98.7,459.3212,0.0,0,0.0,0.0
1475.0,B,RUNNING,1473.208,13,12,6,10,0.6,30.0,98.7,458.3212,0.0,0,0.0,0.0
1476.0,B,RUNNING,1474.208,13,12,6,10,0.6,30.0,98.7,457.3212,0.0,0,0.0,0.0
1477.0,B,RUNNING,1475.208,13,12,6,10,0.6,30.0,98.7,456.3212,0.0,0,0.0,0.0
1478.0,B,RUNNING,1476.208,13,12,6,10,0.6,30.0,98.7,455.3212,0.0,0,0.0,0.0
1479.0,B,RUNNING,1477.208,13,12,6,10,0.6,30.0,98.7,454.3212,0.0,0,0.0,0.0
1480.0,B,RUNNING,1478.208,13,12,6,10,0.6,30.0,98.7,453.3212,0.0,0,0.0,0.0
1481.0,B,RUNNING,1479.208,13,12,6,10,0.6,30.0,98.7,452.3212,0.0,0,0.0,0.0
1482.0,B,RUNNING,1480.208,13,12,6,10,0.6,30.0,98.7,451.3212,0.0,0,0.0,0.0
1483.0,B,RUNNING,1481.208,13,12,6,10,0.6,30.0,98.7,450.3212,0.0,0,0.0,0.0
1484.0,B,RUNNING,1482.208,13,12,6,10,0.6,30.0,98.7,449.3212,0.0,0,0.0,0.0
1485.0,B,RUNNING,1483.208,13,12,6,10,0.6,30.0,98.7,448.3212,0.0,0,0.0,0.0
1486.0,B,RUNNING,1484.208,13,12,6,10,0.6,30.0,98.7,447.3212,0.0,0,0.0,0.0
1487.0,B,RUNNING,1485.208,13,12,6,10,0.6,30.0,98.7,446.3212,0.0,0,0.0,0.0
1488.0,B,RUNNING,1486.208,13,12,6,10,0.6,30.0,98.7,445.3212,0.0,0,0.0,0.0
1489.0,B,RUNNING,1487.208,13,12,6,10,0.6,30.0,98.7,444.3212,0.0,0,0.0,0.0
1490.0,B,RUNNING,1488.208,13,12,6,10,0.6,30.0,98.7,443.3212,0.0,0,0.0,0.0
1491.0,B,RUNNING,1489.208,13,12,6,10,0.6,30.0,98.7,442.3212,0.0,0,0.0,0.0
1492.0,B,RUNNING,1490.208,13,12,6,10,0.6,30.0,98.7,441.3212,0.0,0,0.0,0.0
1493.0,B,RUNNING,1491.208,13,12,6,10,0.6,30.0,98.7,440.3212,0.0,0,0.0,0.0
1494.0,B,RUNNING,1492.208,13,12,6,10,0.6,30.0,98.7,439.3212,0.0,0,0.0,0.0
1495.0,B,RUNNING,1493.208,13,12,6,10,0.6,30.0,98.7,438.3212,0.0,0,0.0,0.0
1496.0,B,RUNNING,1494.208,13,12,6,10,0.6,30.0,98.7,437.3212,0.0,0,0.0,0.0
1497.0,B,RUNNING,1495.208,13,12,6,10,0.6,30.0,98.7,436.3212,0.0,0,0.0,0.0
1498.0,B,RUNNING,1496.208,13,12,6,10,0.6,30.0,98.7,435.3212,0.0,0,0.0,0.0
1499.0,B,RUNNING,1497.208,13,12,6,10,0.6,30.0,98.7,434.3212,0.0,0,0.0,0.0
1500.0,B,RUNNING,1498.212,13,12,6,10,0.6,30.0,98.7,433.3172,0.0,0,0.0,0.0
1501.0,B,RUNNING,1499.208,13,12,6,10,0.6,30.0,98.7,432.3212,0.0,0,0.0,0.0
1502.0,B,RUNNING,1500.208,13,12,6,10,0.6,30.0,98.7,431.3212,0.0,0,0.0,0.0
1503.0,B,RUNNING,1501.208,13,12,6,10,0.6,30.0,98.7,430.3212,0.0,0,0.0,0.0
1504.0,B,RUNNING,1502.208,13,12,6,10,0.6,30.0,98.7,429.3212,0.0,0,0.0,0.0
1505.0,B,RUNNING,1503.208,13,12,6,10,0.6,30.0,98.7,428.3212,0.0,0,0.0,0.0
1506.0,B,RUNNING,1504.208,13,12,6,10,0.6,30.0,98.7,427.3212,0.0,0,0.0,0.0
1507.0,B,RUNNING,1505.208,13,12,6,10,0.6,30.0,98.7,426.3212,0.0,0,0.0,0.0
1508.0,B,RUNNING,1506.208,13,12,6,10,0.6,30.0,98.7,425.3212,0.0,0,0.0,0.0
1509.0,B,RUNNING,1507.208,13,12,6,10,0.6,30.0,98.7,424.3212,0.0,0,0.0,0.0
1510.0,B,RUNNING,1508.208,13,12,6,10,0.6,30.0,98.7,423.3212,0.0,0,0.0,0.0
1511.0,B,RUNNING,1509.208,13,12,6,10,0.6,30.0,98.7,422.3212,0.0,0,0.0,0.0
1512.0,B,RUNNING,1510.208,13,12,6,10,0.6,30.0,98.7,421.3212,0.0,0,0.0,0.0
1513.0,B,RUNNING,1511.212,13,12,6,10,0.6,30.0,98.7,420.3172,0.0,0,0.0,0.0
1514.0,B,RUNNING,1512.208,13,12,6,10,0.6,30.0,98.7,419.3212,0.0,0,0.0,0.0
1515.0,B,RUNNING,1513.208,13,12,6,10,0.6,30.0,98.7,418.3212,0.0,0,0.0,0.0
1516.0,B,RUNNING,1514.208,13,12,6,10,0.6,30.0,98.7,417.3212,0.0,0,0.0,0.0
1517.0,B,RUNNING,1515.208,13,12,6,10,0.6,30.0,98.7,416.3212,0.0,0,0.0,0.0
1518.0,B,RUNNING,1516.208,13,12,6,10,0.6,30.0,98.7,415.3212,0.0,0,0.0,0.0
1519.0,B,RUNNING,1517.208,13,12,6,10,0.6,30.0,98.7,414.3212,0.0,0,0.0,0.0
1520.0,B,RUNNING,1518.208,13,12,6,10,0.6,30.0,98.7,413.3212,0.0,0,0.0,0.0
1521.0,B,RUNNING,1519.208,13,12,6,10,0.6,30.0,98.7,412.3212,0.0,0,0.0,0.0
1522.0,B,RUNNING,1520.208,13,12,6,10,0.6,30.0,98.7,411.3212,0.0,0,0.0,0.0
1523.0,B,RUNNING,1521.208,13,12,6,10,0.6,30.0,98.7,410.3212,0.0,0,0.0,0.0
1524.0,B,RUNNING,1522.208,13,12,6,10,0.6,30.0,98.7,409.3212,0.0,0,0.0,0.0
1525.0,B,RUNNING,1523.208,13,12,6,10,0.6,30.0,98.7,408.3212,0.0,0,0.0,0.0
1526.0,B,RUNNING,1524.208,13,12,6,10,0.6,30.0,98.7,407.3212,0.0,0,0.0,0.0
1527.0,B,RUNNING,1525.208,13,12,6,10,0.6,30.0,98.7,406.3212,0.0,0,0.0,0.0
1528.0,B,RUNNING,1526.208,13,12,6,10,0.6,30.0,98.7,405.3212,0.0,0,0.0,0.0
1529.0,B,RUNNING,1527.212,13,12,6,10,0.6,30.0,98.7,404.3172,0.0,0,0.0,0.0
1530.0,B,RUNNING,1528.208,13,12,6,10,0.6,30.0,98.7,403.3212,0.0,0,0.0,0.0
1531.0,B,RUNNING,1529.208,13,12,6,10,0.6,30.0,98.7,402.3212,0.0,0,0.0,0.0
1532.0,B,RUNNING,1530.208,13,12,6,10,0.6,30.0,98.7,401.3212,0.0,0,0.0,0.0
1533.0,B,RUNNING,1531.208,13,12,6,10,0.6,30.0,98.7,400.3212,0.0,0,0.0,0.0
1534.0,B,RUNNING,1532.208,13,12,6,10,0.6,30.0,98.7,399.3212,0.0,0,0.0,0.0
1535.0,B,RUNNING,1533.208,13,12,6,10,0.6,30.0,98.7,398.3212,0.0,0,0.0,0.0
1536.0,B,RUNNING,1534.208,13,12,6,10,0.6,30.0,98.7,397.3212,0.0,0,0.0,0.0
1537.0,B,RUNNING,1535.208,13,12,6,10,0.6,30.0,98.7,396.3212,0.0,0,0.0,0.0
1538.0,B,RUNNING,1536.208,13,12,6,10,0.6,30.0,98.7,395.3212,0.0,0,0.0,0.0
1539.0,B,RUNNING,1537.208,13,12,6,10,0.6,30.0,98.7,394.3212,0.0,0,0.0,0.0
1540.0,B,RUNNING,1538.208,13,12,6,10,0.6,30.0,98.7,393.3212,0.0,0,0.0,0.0
1541.0,B,RUNNING,1539.208,13,12,6,10,0.6,30.0,98.7,392.3212,0.0,0,0.0,0.0
1542.0,B,RUNNING,1540.208,13,12,6,10,0.6,30.0,98.7,391.3212,0.0,0,0.0,0.0
1543.0,B,RUNNING,1541.208,13,12,6,10,0.6,30.0,98.7,390.3212,0.0,0,0.0,0.0
1544.0,B,RUNNING,1542.208,13,12,6,10,0.6,30.0,98.7,389.3212,0.0,0,0.0,0.0
1545.0,B,RUNNING,1543.208,13,12,6,10,0.6,30.0,98.7,388.3212,0.0,0,0.0,0.0
1546.0,B,RUNNING,1544.208,13,12,6,10,0.6,30.0,98.7,387.3212,0.0,0,0.0,0.0
1547.0,B,RUNNING,1545.208,13,12,6,10,0.6,30.0,98.7,386.3212,0.0,0,0.0,0.0
1548.0,B,RUNNING,1546.208,13,12,6,10,0.6,30.0,98.7,385.3212,0.0,0,0.0,0.0
1549.0,B,RUNNING,1547.208,13,12,6,10,0.6,30.0,98.7,384.3212,0.0,0,0.0,0.0
1550.0,B,RUNNING,1548.208,13,12,6,10,0.6,30.0,98.7,383.3212,0.0,0,0.0,0.0
1551.0,B,RUNNING,1549.208,13,12,6,10,0.6,30.0,98.7,382.3212,0.0,0,0.0,0.0
1552.0,B,RUNNING,1550.208,13,12,6,10,0.6,30.0,98.7,381.3212,0.0,0,0.0,0.0
1553.0,B,RUNNING,1551.208,13,12,6,10,0.6,30.0,98.7,380.3212,0.0,0,0.0,0.0
1554.0,B,RUNNING,1552.208,13,12,6,10,0.6,30.0,98.7,379.3212,0.0,0,0.0,0.0
1555.0,B,RUNNING,1553.208,13,12,6,10,0.6,30.0,98.7,378.3212,0.0,0,0.0,0.0
1556.0,B,RUNNING,1554.208,13,12,6,10,0.6,30.0,98.7,377.3212,0.0,0,0.0,0.0
1557.0,B,RUNNING,1555.208,13,12,6,10,0.6,30.0,98.7,376.3212,0.0,0,0.0,0.0
1558.0,B,RUNNING,1556.208,13,12,6,10,0.6,30.0,98.7,375.3212,0.0,0,0.0,0.0
1559.0,B,RUNNING,1557.208,13,12,6,10,0.6,30.0,98.7,374.3212,0.0,0,0.0,0.0
1560.0,B,RUNNING,1558.208,13,12,6,10,0.6,30.0,98.7,373.3212,0.0,0,0.0,0.0
1561.0,B,RUNNING,1559.208,13,12,6,10,0.6,30.0,98.7,372.3212,0.0,0,0.0,0.0
1562.0,B,RUNNING,1560.208,13,12,6,10,0.6,30.0,98.7,371.3212,0.0,0,0.0,0.0
1563.0,B,RUNNING,1561.208,13,12,6,10,0.6,30.0,98.7,370.3212,0.0,0,0.0,0.0
1564.0,B,RUNNING,1562.208,13,12,6,10,0.6,30.0,98.7,369.3212,0.0,0,0.0,0.0
1565.0,B,RUNNING,1563.208,13,12,6,10,0.6,30.0,98.7,368.3212,0.0,0,0.0,0.0
1566.0,B,RUNNING,1564.208,13,12,6,10,0.6,30.0,98.7,367.3212,0.0,0,0.0,0.0
1567.0,B,RUNNING,1565.208,13,12,6,10,0.6,30.0,98.7,366.3212,0.0,0,0.0,0.0
1568.0,B,RUNNING,1566.208,13,12,6,10,0.6,30.0,98.7,365.3212,0.0,0,0.0,0.0
1569.0,B,RUNNING,1567.208,13,12,6,10,0.6,30.0,98.7,364.3212,0.0,0,0.0,0.0
1570.0,B,RUNNING,1568.208,13,12,6,10,0.6,30.0,98.7,363.3212,0.0,0,0.0,0.0
1571.0,B,RUNNING,1569.208,13,12,6,10,0.6,30.0,98.7,362.3212,0.0,0,0.0,0.0
1572.0,B,RUNNING,1570.208,13,12,6,10,0.6,30.0,98.7,361.3212,0.0,0,0.0,0.0
1573.0,B,RUNNING,1571.208,13,12,6,10,0.6,30.0,98.7,360.3212,0.0,0,0.0,0.0
1574.0,B,RUNNING,1572.208,14,12,7,10,0.7,30.0,98.6,344.1647,0.0,0,0.0,0.0
1575.0,B,RUNNING,1573.208,14,12,7,10,0.7,30.0,98.6,343.1647,0.0,0,0.0,0.0
1576.0,B,RUNNING,1574.208,14,12,7,10,0.7,30.0,98.6,342.1647,0.0,0,0.0,0.0
1577.0,B,RUNNING,1575.208,14,12,7,10,0.7,30.0,98.6,341.1647,0.0,0,0.0,0.0
1578.0,B,RUNNING,1576.208,14,12,7,10,0.7,30.0,98.6,340.1647,0.0,0,0.0,0.0
1579.0,B,RUNNING,1577.208,14,12,7,10,0.7,30.0,98.6,339.1647,0.0,0,0.0,0.0
1580.0,B,RUNNING,1578.208,14,12,7,10,0.7,30.0,98.6,338.1647,0.0,0,0.0,0.0
1581.0,B,RUNNING,1579.208,14,12,7,10,0.7,30.0,98.6,337.1647,0.0,0,0.0,0.0
1582.0,B,RUNNING,1580.208,14,12,7,10,0.7,30.0,98.6,336.1647,0.0,0,0.0,0.0
1583.0,B,RUNNING,1581.208,14,12,7,10,0.7,30.0,98.6,335.1647,0.0,0,0.0,0.0
1584.0,B,RUNNING,1582.208,14,12,7,10,0.7,30.0,98.6,334.1647,0.0,0,0.0,0.0
1585.0,B,RUNNING,1583.208,14,12,7,10,0.7,30.0,98.6,333.1647,0.0,0,0.0,0.0
1586.0,B,RUNNING,1584.208,14,12,7,10,0.7,30.0,98.6,332.1647,0.0,0,0.0,0.0
1587.0,B,RUNNING,1585.208,14,12,7,10,0.7,30.0,98.6,331.1647,0.0,0,0.0,0.0
1588.0,B,RUNNING,1586.208,14,12,7,10,0.7,30.0,98.6,330.1647,0.0,0,0.0,0.0
1589.0,B,RUNNING,1587.208,14,12,7,10,0.7,30.0,98.6,329.1647,0.0,0,0.0,0.0
1590.0,B,RUNNING,1588.208,14,12,7,10,0.7,30.0,98.6,328.1647,0.0,0,0.0,0.0
1591.0,B,RUNNING,1589.208,14,12,7,10,0.7,30.0,98.6,327.1647,0.0,0,0.0,0.0
1592.0,B,RUNNING,1590.208,14,12,7,10,0.7,30.0,98.6,326.1647,0.0,0,0.0,0.0
1593.0,B,RUNNING,1591.208,14,12,7,10,0.7,30.0,98.6,325.1647,0.0,0,0.0,0.0
1594.0,B,RUNNING,1592.208,14,12,7,10,0.7,30.0,98.6,324.1647,0.0,0,0.0,0.0
1595.0,B,RUNNING,1593.208,14,12,7,10,0.7,30.0,98.6,323.1647,0.0,0,0.0,0.0
1596.0,B,RUNNING,1594.208,14,12,7,10,0.7,30.0,98.6,322.1647,0.0,0,0.0,0.0
1597.0,B,RUNNING,1595.208,14,12,7,10,0.7,30.0,98.6,321.1647,0.0,0,0.0,0.0
1598.0,B,RUNNING,1596.208,14,12,7,10,0.7,30.0,98.6,320.1647,0.0,0,0.0,0.0
1599.0,B,RUNNING,1597.208,14,12,7,10,0.7,30.0,98.6,319.1647,0.0,0,0.0,0.0
1600.0,B,RUNNING,1598.208,14,12,7,10,0.7,30.0,98.6,318.1647,0.0,0,0.0,0.0
1601.0,B,RUNNING,1599.208,14,12,7,10,0.7,30.0,98.6,317.1647,0.0,0,0.0,0.0
1602.0,B,RUNNING,1600.208,14,12,7,10,0.7,30.0,98.6,316.1647,0.0,0,0.0,0.0
1603.0,B,RUNNING,1601.208,14,12,7,10,0.7,30.0,98.6,315.1647,0.0,0,0.0,0.0
1604.0,B,RUNNING,1602.208,14,12,7,10,0.7,30.0,98.6,314.1647,0.0,0,0.0,0.0
1605.0,B,RUNNING,1603.208,14,12,7,10,0.7,30.0,98.6,313.1647,0.0,0,0.0,0.0
1606.0,B,RUNNING,1604.208,14,12,7,10,0.7,30.0,98.6,312.1647,0.0,0,0.0,0.0
1607.0,B,RUNNING,1605.208,14,12,7,10,0.7,30.0,98.6,311.1647,0.0,0,0.0,0.0
1608.0,B,RUNNING,1606.208,14,12,7,10,0.7,30.0,98.6,310.1647,0.0,0,0.0,0.0
1609.0,B,RUNNING,1607.208,14,12,7,10,0.7,30.0,98.6,309.1647,0.0,0,0.0,0.0
1610.0,B,RUNNING,1608.208,14,12,7,10,0.7,30.0,98.6,308.1647,0.0,0,0.0,0.0
1611.0,B,RUNNING,1609.208,14,12,7,10,0.7,30.0,98.6,307.1647,0.0,0,0.0,0.0
1612.0,B,RUNNING,1610.208,14,12,7,10,0.7,30.0,98.6,306.1647,0.0,0,0.0,0.0
1613.0,B,RUNNING,1611.208,14,12,7,10,0.7,30.0,98.6,305.1647,0.0,0,0.0,0.0
1614.0,B,RUNNING,1612.208,14,12,7,10,0.7,30.0,98.6,304.1647,0.0,0,0.0,0.0
1615.0,B,RUNNING,1613.208,14,12,7,10,0.7,30.0,98.6,303.1647,0.0,0,0.0,0.0
1616.0,B,RUNNING,1614.208,14,12,7,10,0.7,30.0,98.6,302.1647,0.0,0,0.0,0.0
1617.0,B,RUNNING,1615.208,14,12,7,10,0.7,30.0,98.6,301.1647,0.0,0,0.0,0.0
1618.0,B,RUNNING,1616.208,14,12,7,10,0.7,30.0,98.6,300.1647,0.0,0,0.0,0.0
1619.0,B,RUNNING,1617.208,14,12,7,10,0.7,30.0,98.6,299.1647,0.0,0,0.0,0.0
1620.0,B,RUNNING,1618.208,14,12,7,10,0.7,30.0,98.6,298.1647,0.0,0,0.0,0.0
1621.0,B,RUNNING,1619.208,14,12,7,10,0.7,30.0,98.6,297.1647,0.0,0,0.0,0.0
1622.0,B,RUNNING,1620.208,14,12,7,10,0.7,30.0,98.6,296.1647,0.0,0,0.0,0.0
1623.0,B,RUNNING,1621.208,14,12,7,10,0.7,30.0,98.6,295.1647,0.0,0,0.0,0.0
1624.0,B,RUNNING,1622.208,14,12,7,10,0.7,30.0,98.6,294.1647,0.0,0,0.0,0.0
1625.0,B,RUNNING,1623.208,14,12,7,10,0.7,30.0,98.6,293.1647,0.0,0,0.0,0.0
1626.0,B,RUNNING,1624.208,14,12,7,10,0.7,30.0,98.6,292.1647,0.0,0,0.0,0.0
1627.0,B,RUNNING,1625.208,14,12,7,10,0.7,30.0,98.6,291.1647,0.0,0,0.0,0.0
1628.0,B,RUNNING,1626.208,14,12,7,10,0.7,30.0,98.6,290.1647,0.0,0,0.0,0.0
1629.0,B,RUNNING,1627.208,14,12,7,10,0.7,30.0,98.6,289.1647,0.0,0,0.0,0.0
1630.0,B,RUNNING,1628.208,14,12,7,10,0.7,30.0,98.6,288.1647,0.0,0,0.0,0.0
1631.0,B,RUNNING,1629.208,14,12,7,10,0.7,30.0,98.6,287.1647,0.0,0,0.0,0.0
1632.0,B,RUNNING,1630.208,14,12,7,10,0.7,30.0,98.6,286.1647,0.0,0,0.0,0.0
1633.0,B,RUNNING,1631.208,14,12,7,10,0.7,30.0,98.6,285.1647,0.0,0,0.0,0.0
1634.0,B,RUNNING,1632.208,14,12,7,10,0.7,30.0,98.6,284.1647,0.0,0,0.0,0.0
1635.0,B,RUNNING,1633.208,14,12,7,10,0.7,30.0,98.6,283.1647,0.0,0,0.0,0.0
1636.0,B,RUNNING,1634.208,14,12,7,10,0.7,30.0,98.6,282.1647,0.0,0,0.0,0.0
1637.0,B,RUNNING,1635.208,14,12,7,10,0.7,30.0,98.6,281.1647,0.0,0,0.0,0.0
1638.0,B,RUNNING,1636.208,14,12,7,10,0.7,30.0,98.6,280.1647,0.0,0,0.0,0.0
1639.0,B,RUNNING,1637.208,14,12,7,10,0.7,30.0,98.6,279.1647,0.0,0,0.0,0.0
1640.0,B,RUNNING,1638.208,14,12,7,10,0.7,30.0,98.6,278.1647,0.0,0,0.0,0.0
1641.0,B,RUNNING,1639.208,14,12,7,10,0.7,30.0,98.6,277.1647,0.0,0,0.0,0.0
1642.0,B,RUNNING,1640.208,14,12,7,10,0.7,30.0,98.6,276.1647,0.0,0,0.0,0.0
1643.0,B,RUNNING,1641.208,14,12,7,10,0.7,30.0,98.6,275.1647,0.0,0,0.0,0.0
1644.0,B,RUNNING,1642.208,14,12,7,10,0.7,30.0,98.6,274.1647,0.0,0,0.0,0.0
1645.0,B,RUNNING,1643.208,14,12,7,10,0.7,30.0,98.6,273.1647,0.0,0,0.0,0.0
1646.0,B,RUNNING,1644.208,14,12,7,10,0.7,30.0,98.6,272.1647,0.0,0,0.0,0.0
1647.0,B,RUNNING,1645.208,14,12,7,10,0.7,30.0,98.6,271.1647,0.0,0,0.0,0.0
1648.0,B,RUNNING,1646.212,14,12,7,10,0.7,30.0,98.6,270.1607,0.0,0,0.0,0.0
1649.0,B,RUNNING,1647.208,14,12,7,10,0.7,30.0,98.6,269.1647,0.0,0,0.0,0.0
1650.0,B,RUNNING,1648.208,14,12,7,10,0.7,30.0,98.6,268.1647,0.0,0,0.0,0.0
1651.0,B,RUNNING,1649.208,14,12,7,10,0.7,30.0,98.6,267.1647,0.0,0,0.0,0.0
1652.0,B,RUNNING,1650.208,14,12,7,10,0.7,30.0,98.6,266.1647,0.0,0,0.0,0.0
1653.0,B,RUNNING,1651.208,14,12,7,10,0.7,30.0,98.6,265.1647,0.0,0,0.0,0.0
1654.0,B,RUNNING,1652.208,14,12,7,10,0.7,30.0,98.6,264.1647,0.0,0,0.0,0.0
1655.0,B,RUNNING,1653.208,14,12,7,10,0.7,30.0,98.6,263.1647,0.0,0,0.0,0.0
1656.0,B,RUNNING,1654.208,14,12,7,10,0.7,30.0,98.6,262.1647,0.0,0,0.0,0.0
1657.0,B,RUNNING,1655.208,14,12,7,10,0.7,30.0,98.6,261.1647,0.0,0,0.0,0.0
1658.0,B,RUNNING,1656.208,14,12,7,10,0.7,30.0,98.6,260.1647,0.0,0,0.0,0.0
1659.0,B,RUNNING,1657.208,14,12,7,10,0.7,30.0,98.6,259.1647,0.0,0,0.0,0.0
1660.0,B,RUNNING,1658.208,14,12,7,10,0.7,30.0,98.6,258.1647,0.0,0,0.0,0.0
1661.0,B,RUNNING,1659.208,14,12,7,10,0.7,30.0,98.6,257.1647,0.0,0,0.0,0.0
1662.0,B,RUNNING,1660.212,14,12,7,10,0.7,30.0,98.6,256.1607,0.0,0,0.0,0.0
1663.0,B,RUNNING,1661.208,14,12,7,10,0.7,30.0,98.6,255.1647,0.0,0,0.0,0.0
1664.0,B,RUNNING,1662.208,14,12,7,10,0.7,30.0,98.6,254.1647,0.0,0,0.0,0.0
1665.0,B,RUNNING,1663.208,14,12,7,10,0.7,30.0,98.6,253.1647,0.0,0,0.0,0.0
1666.0,B,RUNNING,1664.208,14,12,7,10,0.7,30.0,98.6,252.1647,0.0,0,0.0,0.0
1667.0,B,RUNNING,1665.208,14,12,7,10,0.7,30.0,98.6,251.1647,0.0,0,0.0,0.0
1668.0,B,RUNNING,1666.208,14,12,7,10,0.7,30.0,98.6,250.1647,0.0,0,0.0,0.0
1669.0,B,RUNNING,1667.208,14,12,7,10,0.7,30.0,98.6,249.1647,0.0,0,0.0,0.0
1670.0,B,RUNNING,1668.208,14,12,7,10,0.7,30.0,98.6,248.1647,0.0,0,0.0,0.0
1671.0,B,RUNNING,1669.208,14,12,7,10,0.7,30.0,98.6,247.1647,0.0,0,0.0,0.0
1672.0,B,RUNNING,1670.208,14,12,7,10,0.7,30.0,98.6,246.1647,0.0,0,0.0,0.0
1673.0,B,RUNNING,1671.208,14,12,7,10,0.7,30.0,98.6,245.1647,0.0,0,0.0,0.0
1674.0,B,RUNNING,1672.208,14,12,7,10,0.7,30.0,98.6,244.1647,0.0,0,0.0,0.0
1675.0,B,RUNNING,1673.208,14,12,7,10,0.7,30.0,98.6,243.1647,0.0,0,0.0,0.0
1676.0,B,RUNNING,1674.208,14,12,7,10,0.7,30.0,98.6,242.1647,0.0,0,0.0,0.0
1677.0,B,RUNNING,1675.208,14,12,7,10,0.7,30.0,98.6,241.1647,0.0,0,0.0,0.0
1678.0,B,RUNNING,1676.208,14,12,7,10,0.7,30.0,98.6,240.1647,0.0,0,0.0,0.0
1679.0,B,RUNNING,1677.208,15,12,8,10,0.8,30.0,98.5,231.0935,0.0,0,0.0,0.0
1680.0,B,RUNNING,1678.208,15,12,8,10,0.8,30.0,98.5,230.0935,0.0,0,0.0,0.0
1681.0,B,RUNNING,1679.208,15,12,8,10,0.8,30.0,98.5,229.0935,0.0,0,0.0,0.0
1682.0,B,RUNNING,1680.208,15,12,8,10,0.8,30.0,98.5,228.0935,0.0,0,0.0,0.0
1683.0,B,RUNNING,1681.208,15,12,8,10,0.8,30.0,98.5,227.0935,0.0,0,0.0,0.0
1684.0,B,RUNNING,1682.208,15,12,8,10,0.8,30.0,98.5,226.0935,0.0,0,0.0,0.0
1685.0,B,RUNNING,1683.208,15,12,8,10,0.8,30.0,98.5,225.0935,0.0,0,0.0,0.0
1686.0,B,RUNNING,1684.208,15,12,8,10,0.8,30.0,98.5,224.0935,0.0,0,0.0,0.0
1687.0,B,RUNNING,1685.208,15,12,8,10,0.8,30.0,98.5,223.0935,0.0,0,0.0,0.0
1688.0,B,RUNNING,1686.208,15,12,8,10,0.8,30.0,98.5,222.0935,0.0,0,0.0,0.0
1689.0,B,RUNNING,1687.208,15,12,8,10,0.8,30.0,98.5,221.0935,0.0,0,0.0,0.0
1690.0,B,RUNNING,1688.208,15,12,8,10,0.8,30.0,98.5,220.0935,0.0,0,0.0,0.0
1691.0,B,RUNNING,1689.208,15,12,8,10,0.8,30.0,98.5,219.0935,0.0,0,0.0,0.0
1692.0,B,RUNNING,1690.208,15,12,8,10,0.8,30.0,98.5,218.0935,0.0,0,0.0,0.0
1693.0,B,RUNNING,1691.208,15,12,8,10,0.8,30.0,98.5,217.0935,0.0,0,0.0,0.0
1694.0,B,RUNNING,1692.208,15,12,8,10,0.8,30.0,98.5,216.0935,0.0,0,0.0,0.0
1695.0,B,RUNNING,1693.208,15,12,8,10,0.8,30.0,98.5,215.0935,0.0,0,0.0,0.0
1696.0,B,RUNNING,1694.208,15,12,8,10,0.8,30.0,98.5,214.0935,0.0,0,0.0,0.0
1697.0,B,RUNNING,1695.208,15,12,8,10,0.8,30.0,98.5,213.0935,0.0,0,0.0,0.0
1698.0,B,RUNNING,1696.208,15,12,8,10,0.8,30.0,98.5,212.0935,0.0,0,0.0,0.0
1699.0,B,RUNNING,1697.208,15,12,8,10,0.8,30.0,98.5,211.0935,0.0,0,0.0,0.0
1700.0,B,RUNNING,1698.208,15,12,8,10,0.8,30.0,98.5,210.0935,0.0,0,0.0,0.0
1701.0,B,RUNNING,1699.208,15,12,8,10,0.8,30.0,98.5,209.0935,0.0,0,0.0,0.0
1702.0,B,RUNNING,1700.208,15,12,8,10,0.8,30.0,98.5,208.0935,0.0,0,0.0,0.0
1703.0,B,RUNNING,1701.208,15,12,8,10,0.8,30.0,98.5,207.0935,0.0,0,0.0,0.0
1704.0,B,RUNNING,1702.208,15,12,8,10,0.8,30.0,98.5,206.0935,0.0,0,0.0,0.0
1705.0,B,RUNNING,1703.208,15,12,8,10,0.8,30.0,98.5,205.0935,0.0,0,0.0,0.0
1706.0,B,RUNNING,1704.208,15,12,8,10,0.8,30.0,98.5,204.0935,0.0,0,0.0,0.0
1707.0,B,RUNNING,1705.208,15,12,8,10,0.8,30.0,98.5,203.0935,0.0,0,0.0,0.0
1708.0,B,RUNNING,1706.208,15,12,8,10,0.8,30.0,98.5,202.0935,0.0,0,0.0,0.0
1709.0,B,RUNNING,1707.208,15,12,8,10,0.8,30.0,98.5,201.0935,0.0,0,0.0,0.0
1710.0,B,RUNNING,1708.208,15,12,8,10,0.8,30.0,98.5,200.0935,0.0,0,0.0,0.0
1711.0,B,RUNNING,1709.208,15,12,8,10,0.8,30.0,98.5,199.0935,0.0,0,0.0,0.0
1712.0,B,RUNNING,1710.208,15,12,8,10,0.8,30.0,98.5,198.0935,0.0,0,0.0,0.0
1713.0,B,RUNNING,1711.208,15,12,8,10,0.8,30.0,98.5,197.0935,0.0,0,0.0,0.0
1714.0,B,RUNNING,1712.208,15,12,8,10,0.8,30.0,98.5,196.0935,0.0,0,0.0,0.0
1715.0,B,RUNNING,1713.208,15,12,8,10,0.8,30.0,98.5,195.0935,0.0,0,0.0,0.0
1716.0,B,RUNNING,1714.208,15,12,8,10,0.8,30.0,98.5,194.0935,0.0,0,0.0,0.0
1717.0,B,RUNNING,1715.208,15,12,8,10,0.8,30.0,98.5,193.0935,0.0,0,0.0,0.0
1718.0,B,RUNNING,1716.208,15,12,8,10,0.8,30.0,98.5,192.0935,0.0,0,0.0,0.0
1719.0,B,RUNNING,1717.208,15,12,8,10,0.8,30.0,98.5,191.0935,0.0,0,0.0,0.0
1720.0,B,RUNNING,1718.208,15,12,8,10,0.8,30.0,98.5,190.0935,0.0,0,0.0,0.0
1721.0,B,RUNNING,1719.208,15,12,8,10,0.8,30.0,98.5,189.0935,0.0,0,0.0,0.0
1722.0,B,RUNNING,1720.208,15,12,8,10,0.8,30.0,98.5,188.0935,0.0,0,0.0,0.0
1723.0,B,RUNNING,1721.208,15,12,8,10,0.8,30.0,98.5,187.0935,0.0,0,0.0,0.0
1724.0,B,RUNNING,1722.208,15,12,8,10,0.8,30.0,98.5,186.0935,0.0,0,0.0,0.0
1725.0,B,RUNNING,1723.208,15,12,8,10,0.8,30.0,98.5,185.0935,0.0,0,0.0,0.0
1726.0,B,RUNNING,1724.208,15,12,8,10,0.8,30.0,98.5,184.0935,0.0,0,0.0,0.0
1727.0,B,RUNNING,1725.208,15,12,8,10,0.8,30.0,98.5,183.0935,0.0,0,0.0,0.0
1728.0,B,RUNNING,1726.208,15,12,8,10,0.8,30.0,98.5,182.0935,0.0,0,0.0,0.0
1729.0,B,RUNNING,1727.208,15,12,8,10,0.8,30.0,98.5,181.0935,0.0,0,0.0,0.0
1730.0,B,RUNNING,1728.208,15,12,8,10,0.8,30.0,98.5,180.0935,0.0,0,0.0,0.0
1731.0,B,RUNNING,1729.208,15,12,8,10,0.8,30.0,98.5,179.0935,0.0,0,0.0,0.0
1732.0,B,RUNNING,1730.208,15,12,8,10,0.8,30.0,98.5,178.0935,0.0,0,0.0,0.0
1733.0,B,RUNNING,1731.208,15,12,8,10,0.8,30.0,98.5,177.0935,0.0,0,0.0,0.0
1734.0,B,RUNNING,1732.208,15,12,8,10,0.8,30.0,98.5,176.0935,0.0,0,0.0,0.0
1735.0,B,RUNNING,1733.208,15,12,8,10,0.8,30.0,98.5,175.0935,0.0,0,0.0,0.0
1736.0,B,RUNNING,1734.208,15,12,8,10,0.8,30.0,98.5,174.0935,0.0,0,0.0,0.0
1737.0,B,RUNNING,1735.208,15,12,8,10,0.8,30.0,98.5,173.0935,0.0,0,0.0,0.0
1738.0,B,RUNNING,1736.208,15,12,8,10,0.8,30.0,98.5,172.0935,0.0,0,0.0,0.0
1739.0,B,RUNNING,1737.208,15,12,8,10,0.8,30.0,98.5,171.0935,0.0,0,0.0,0.0
1740.0,B,RUNNING,1738.208,15,12,8,10,0.8,30.0,98.5,170.0935,0.0,0,0.0,0.0
1741.0,B,RUNNING,1739.208,15,12,8,10,0.8,30.0,98.5,169.0935,0.0,0,0.0,0.0
1742.0,B,RUNNING,1740.208,15,12,8,10,0.8,30.0,98.5,168.0935,0.0,0,0.0,0.0
1743.0,B,RUNNING,1741.208,15,12,8,10,0.8,30.0,98.5,167.0935,0.0,0,0.0,0.0
1744.0,B,RUNNING,1742.208,15,12,8,10,0.8,30.0,98.5,166.0935,0.0,0,0.0,0.0
1745.0,B,RUNNING,1743.208,15,12,8,10,0.8,30.0,98.5,165.0935,0.0,0,0.0,0.0
1746.0,B,RUNNING,1744.208,15,12,8,10,0.8,30.0,98.5,164.0935,0.0,0,0.0,0.0
1747.0,B,RUNNING,1745.208,15,12,8,10,0.8,30.0,98.5,163.0935,0.0,0,0.0,0.0
1748.0,B,RUNNING,1746.208,15,12,8,10,0.8,30.0,98.5,162.0935,0.0,0,0.0,0.0
1749.0,B,RUNNING,1747.208,15,12,8,10,0.8,30.0,98.5,161.0935,0.0,0,0.0,0.0
1750.0,B,RUNNING,1748.208,15,12,8,10,0.8,30.0,98.5,160.0935,0.0,0,0.0,0.0
1751.0,B,RUNNING,1749.208,15,12,8,10,0.8,30.0,98.5,159.0935,0.0,0,0.0,0.0
1752.0,B,RUNNING,1750.208,15,12,8,10,0.8,30.0,98.5,158.0935,0.0,0,0.0,0.0
1753.0,B,RUNNING,1751.208,15,12,8,10,0.8,30.0,98.5,157.0935,0.0,0,0.0,0.0
1754.0,B,RUNNING,1752.208,15,12,8,10,0.8,30.0,98.5,156.0935,0.0,0,0.0,0.0
1755.0,B,RUNNING,1753.208,15,12,8,10,0.8,30.0,98.5,155.0935,0.0,0,0.0,0.0
1756.0,B,RUNNING,1754.208,15,12,8,10,0.8,30.0,98.5,154.0935,0.0,0,0.0,0.0
1757.0,B,RUNNING,1755.208,15,12,8,10,0.8,30.0,98.5,153.0935,0.0,0,0.0,0.0
1758.0,B,RUNNING,1756.208,15,12,8,10,0.8,30.0,98.5,152.0935,0.0,0,0.0,0.0
1759.0,B,RUNNING,1757.208,15,12,8,10,0.8,30.0,98.5,151.0935,0.0,0,0.0,0.0
1760.0,B,RUNNING,1758.208,15,12,8,10,0.8,30.0,98.5,150.0935,0.0,0,0.0,0.0
1761.0,B,RUNNING,1759.208,15,12,8,10,0.8,30.0,98.5,149.0935,0.0,0,0.0,0.0
1762.0,B,RUNNING,1760.208,15,12,8,10,0.8,30.0,98.5,148.0935,0.0,0,0.0,0.0
1763.0,B,RUNNING,1761.208,15,12,8,10,0.8,30.0,98.5,147.0935,0.0,0,0.0,0.0
1764.0,B,RUNNING,1762.208,15,12,8,10,0.8,30.0,98.5,146.0935,0.0,0,0.0,0.0
1765.0,B,RUNNING,1763.208,15,12,8,10,0.8,30.0,98.5,145.0935,0.0,0,0.0,0.0
1766.0,B,RUNNING,1764.208,15,12,8,10,0.8,30.0,98.5,144.0935,0.0,0,0.0,0.0
1767.0,B,RUNNING,1765.208,15,12,8,10,0.8,30.0,98.5,143.0935,0.0,0,0.0,0.0
1768.0,B,RUNNING,1766.208,15,12,8,10,0.8,30.0,98.5,142.0935,0.0,0,0.0,0.0
1769.0,B,RUNNING,1767.208,15,12,8,10,0.8,30.0,98.5,141.0935,0.0,0,0.0,0.0
1770.0,B,RUNNING,1768.208,15,12,8,10,0.8,30.0,98.5,140.0935,0.0,0,0.0,0.0
1771.0,B,RUNNING,1769.208,15,12,8,10,0.8,30.0,98.5,139.0935,0.0,0,0.0,0.0
1772.0,B,RUNNING,1770.208,15,12,8,10,0.8,30.0,98.5,138.0935,0.0,0,0.0,0.0
1773.0,B,RUNNING,1771.208,15,12,8,10,0.8,30.0,98.5,137.0935,0.0,0,0.0,0.0
1774.0,B,RUNNING,1772.208,15,12,8,10,0.8,30.0,98.5,136.0935,0.0,0,0.0,0.0
1775.0,B,RUNNING,1773.208,15,12,8,10,0.8,30.0,98.5,135.0935,0.0,0,0.0,0.0
1776.0,B,RUNNING,1774.208,15,12,8,10,0.8,30.0,98.5,134.0935,0.0,0,0.0,0.0
1777.0,B,RUNNING,1775.208,15,12,8,10,0.8,30.0,98.5,133.0935,0.0,0,0.0,0.0
1778.0,B,RUNNING,1776.208,15,12,8,10,0.8,30.0,98.5,132.0935,0.0,0,0.0,0.0
1779.0,B,RUNNING,1777.208,15,12,8,10,0.8,30.0,98.5,131.0935,0.0,0,0.0,0.0
1780.0,B,RUNNING,1778.208,15,12,8,10,0.8,30.0,98.5,130.0935,0.0,0,0.0,0.0
1781.0,B,RUNNING,1779.208,15,12,8,10,0.8,30.0,98.5,129.0935,0.0,0,0.0,0.0
1782.0,B,RUNNING,1780.208,15,12,8,10,0.8,30.0,98.5,128.0935,0.0,0,0.0,0.0
1783.0,B,RUNNING,1781.208,15,12,8,10,0.8,30.0,98.5,127.0935,0.0,0,0.0,0.0
1784.0,B,RUNNING,1782.208,15,12,8,10,0.8,30.0,98.5,126.0935,0.0,0,0.0,0.0
1785.0,B,RUNNING,1783.208,15,12,8,10,0.8,30.0,98.5,125.0935,0.0,0,0.0,0.0
1786.0,B,RUNNING,1784.208,15,12,8,10,0.8,30.0,98.5,124.0935,0.0,0,0.0,0.0
1787.0,B,RUNNING,1785.208,15,12,8,10,0.8,30.0,98.5,123.0935,0.0,0,0.0,0.0
1788.0,B,RUNNING,1786.208,15,12,8,10,0.8,30.0,98.5,122.0935,0.0,0,0.0,0.0
1789.0,B,RUNNING,1787.208,15,12,8,10,0.8,30.0,98.5,121.0935,0.0,0,0.0,0.0
1790.0,B,RUNNING,1788.208,15,12,8,10,0.8,30.0,98.5,120.0935,0.0,0,0.0,0.0
1791.0,B,RUNNING,1789.208,16,12,9,10,0.9,30.0,98.4,126.5408,0.0,0,0.0,0.0
1792.0,B,RUNNING,1790.208,16,12,9,10,0.9,30.0,98.4,125.5408,0.0,0,0.0,0.0
1793.0,B,RUNNING,1791.208,16,12,9,10,0.9,30.0,98.4,124.5408,0.0,0,0.0,0.0
1794.0,B,RUNNING,1792.208,16,12,9,10,0.9,30.0,98.4,123.5408,0.0,0,0.0,0.0
1795.0,B,RUNNING,1793.208,16,12,9,10,0.9,30.0,98.4,122.5408,0.0,0,0.0,0.0
1796.0,B,RUNNING,1794.208,16,12,9,10,0.9,30.0,98.4,121.5408,0.0,0,0.0,0.0
1797.0,B,RUNNING,1795.208,16,12,9,10,0.9,30.0,98.4,120.5408,0.0,0,0.0,0.0
1798.0,B,RUNNING,1796.208,16,12,9,10,0.9,30.0,98.4,119.5408,0.0,0,0.0,0.0
1799.0,B,RUNNING,1797.208,16,12,9,10,0.9,30.0,98.4,118.5408,0.0,0,0.0,0.0
1800.0,B,RUNNING,1798.208,16,12,9,10,0.9,30.0,98.4,117.5408,0.0,0,0.0,0.0
1801.0,B,RUNNING,1799.208,16,12,9,10,0.9,30.0,98.4,116.5408,0.0,0,0.0,0.0
1802.0,B,RUNNING,1800.208,16,12,9,10,0.9,30.0,98.4,115.5408,0.0,0,0.0,0.0
1803.0,B,RUNNING,1801.208,16,12,9,10,0.9,30.0,98.4,114.5408,0.0,0,0.0,0.0
1804.0,B,RUNNING,1802.208,16,12,9,10,0.9,30.0,98.4,113.5408,0.0,0,0.0,0.0
1805.0,B,RUNNING,1803.208,16,12,9,10,0.9,30.0,98.4,112.5408,0.0,0,0.0,0.0
1806.0,B,RUNNING,1804.208,16,12,9,10,0.9,30.0,98.4,111.5408,0.0,0,0.0,0.0
1807.0,B,RUNNING,1805.208,16,12,9,10,0.9,30.0,98.4,110.5408,0.0,0,0.0,0.0
1808.0,B,RUNNING,1806.208,16,12,9,10,0.9,30.0,98.4,109.5408,0.0,0,0.0,0.0
1809.0,B,RUNNING,1807.208,16,12,9,10,0.9,30.0,98.4,108.5408,0.0,0,0.0,0.0
1810.0,B,RUNNING,1808.208,16,12,9,10,0.9,30.0,98.4,107.5408,0.0,0,0.0,0.0
1811.0,B,RUNNING,1809.208,16,12,9,10,0.9,30.0,98.4,106.5408,0.0,0,0.0,0.0
1812.0,B,RUNNING,1810.208,16,12,9,10,0.9,30.0,98.4,105.5408,0.0,0,0.0,0.0
1813.0,B,RUNNING,1811.208,16,12,9,10,0.9,30.0,98.4,104.5408,0.0,0,0.0,0.0
1814.0,B,RUNNING,1812.208,16,12,9,10,0.9,30.0,98.4,103.5408,0.0,0,0.0,0.0
1815.0,B,RUNNING,1813.208,16,12,9,10,0.9,30.0,98.4,102.5408,0.0,0,0.0,0.0
1816.0,B,RUNNING,1814.208,16,12,9,10,0.9,30.0,98.4,101.5408,0.0,0,0.0,0.0
1817.0,B,RUNNING,1815.208,16,12,9,10,0.9,30.0,98.4,100.5408,0.0,0,0.0,0.0
1818.0,B,RUNNING,1816.208,16,12,9,10,0.9,30.0,98.4,99.5408,0.0,0,0.0,0.0
1819.0,B,RUNNING,1817.208,16,12,9,10,0.9,30.0,98.4,98.5408,0.0,0,0.0,0.0
1820.0,B,RUNNING,1818.208,16,12,9,10,0.9,30.0,98.4,97.5408,0.0,0,0.0,0.0
1821.0,B,RUNNING,1819.208,16,12,9,10,0.9,30.0,98.4,96.5408,0.0,0,0.0,0.0
1822.0,B,RUNNING,1820.208,16,12,9,10,0.9,30.0,98.4,95.5408,0.0,0,0.0,0.0
1823.0,B,RUNNING,1821.208,16,12,9,10,0.9,30.0,98.4,94.5408,0.0,0,0.0,0.0
1824.0,B,RUNNING,1822.208,16,12,9,10,0.9,30.0,98.4,93.5408,0.0,0,0.0,0.0
1825.0,B,RUNNING,1823.208,16,12,9,10,0.9,30.0,98.4,92.5408,0.0,0,0.0,0.0
1826.0,B,RUNNING,1824.208,16,12,9,10,0.9,30.0,98.4,91.5408,0.0,0,0.0,0.0
1827.0,B,RUNNING,1825.208,16,12,9,10,0.9,30.0,98.4,90.5408,0.0,0,0.0,0.0
1828.0,B,RUNNING,1826.208,16,12,9,10,0.9,30.0,98.4,89.5408,0.0,0,0.0,0.0
1829.0,B,RUNNING,1827.208,16,12,9,10,0.9,30.0,98.4,88.5408,0.0,0,0.0,0.0
1830.0,B,RUNNING,1828.208,16,12,9,10,0.9,30.0,98.4,87.5408,0.0,0,0.0,0.0
1831.0,B,RUNNING,1829.208,16,12,9,10,0.9,30.0,98.4,86.5408,0.0,0,0.0,0.0
1832.0,B,RUNNING,1830.208,16,12,9,10,0.9,30.0,98.4,85.5408,0.0,0,0.0,0.0
1833.0,B,RUNNING,1831.208,16,12,9,10,0.9,30.0,98.4,84.5408,0.0,0,0.0,0.0
1834.0,B,RUNNING,1832.208,16,12,9,10,0.9,30.0,98.4,83.5408,0.0,0,0.0,0.0
1835.0,B,RUNNING,1833.208,16,12,9,10,0.9,30.0,98.4,82.5408,0.0,0,0.0,0.0
1836.0,B,RUNNING,1834.208,16,12,9,10,0.9,30.0,98.4,81.5408,0.0,0,0.0,0.0
1837.0,B,RUNNING,1835.208,16,12,9,10,0.9,30.0,98.4,80.5408,0.0,0,0.0,0.0
1838.0,B,RUNNING,1836.208,16,12,9,10,0.9,30.0,98.4,79.5408,0.0,0,0.0,0.0
1839.0,B,RUNNING,1837.208,16,12,9,10,0.9,30.0,98.4,78.5408,0.0,0,0.0,0.0
1840.0,B,RUNNING,1838.208,16,12,9,10,0.9,30.0,98.4,77.5408,0.0,0,0.0,0.0
1841.0,B,RUNNING,1839.208,16,12,9,10,0.9,30.0,98.4,76.5408,0.0,0,0.0,0.0
1842.0,B,RUNNING,1840.208,16,12,9,10,0.9,30.0,98.4,75.5408,0.0,0,0.0,0.0
1843.0,B,RUNNING,1841.208,16,12,9,10,0.9,30.0,98.4,74.5408,0.0,0,0.0,0.0
1844.0,B,RUNNING,1842.208,16,12,9,10,0.9,30.0,98.4,73.5408,0.0,0,0.0,0.0
1845.0,B,RUNNING,1843.208,16,12,9,10,0.9,30.0,98.4,72.5408,0.0,0,0.0,0.0
1846.0,B,RUNNING,1844.208,16,12,9,10,0.9,30.0,98.4,71.5408,0.0,0,0.0,0.0
1847.0,B,RUNNING,1845.208,16,12,9,10,0.9,30.0,98.4,70.5408,0.0,0,0.0,0.0
1848.0,B,RUNNING,1846.208,16,12,9,10,0.9,30.0,98.4,69.5408,0.0,0,0.0,0.0
1849.0,B,RUNNING,1847.208,16,12,9,10,0.9,30.0,98.4,68.5408,0.0,0,0.0,0.0
1850.0,B,RUNNING,1848.208,16,12,9,10,0.9,30.0,98.4,67.5408,0.0,0,0.0,0.0
1851.0,B,RUNNING,1849.208,16,12,9,10,0.9,30.0,98.4,66.5408,0.0,0,0.0,0.0
1852.0,B,RUNNING,1850.208,16,12,9,10,0.9,30.0,98.4,65.5408,0.0,0,0.0,0.0
1853.0,B,RUNNING,1851.208,16,12,9,10,0.9,30.0,98.4,64.5408,0.0,0,0.0,0.0
1854.0,B,RUNNING,1852.208,16,12,9,10,0.9,30.0,98.4,63.5408,0.0,0,0.0,0.0
1855.0,B,RUNNING,1853.208,16,12,9,10,0.9,30.0,98.4,62.5408,0.0,0,0.0,0.0
1856.0,B,RUNNING,1854.208,16,12,9,10,0.9,30.0,98.4,61.5408,0.0,0,0.0,0.0
1857.0,B,RUNNING,1855.208,16,12,9,10,0.9,30.0,98.4,60.5408,0.0,0,0.0,0.0
1858.0,B,RUNNING,1856.208,16,12,9,10,0.9,30.0,98.4,59.5408,0.0,0,0.0,0.0
1859.0,B,RUNNING,1857.208,16,12,9,10,0.9,30.0,98.4,58.5408,0.0,0,0.0,0.0
1860.0,B,RUNNING,1858.208,16,12,9,10,0.9,30.0,98.4,57.5408,0.0,0,0.0,0.0
1861.0,B,RUNNING,1859.208,16,12,9,10,0.9,30.0,98.4,56.5408,0.0,0,0.0,0.0
1862.0,B,RUNNING,1860.208,16,12,9,10,0.9,30.0,98.4,55.5408,0.0,0,0.0,0.0
1863.0,B,RUNNING,1861.208,16,12,9,10,0.9,30.0,98.4,54.5408,0.0,0,0.0,0.0
1864.0,B,RUNNING,1862.208,16,12,9,10,0.9,30.0,98.4,53.5408,0.0,0,0.0,0.0
1865.0,B,RUNNING,1863.208,16,12,9,10,0.9,30.0,98.4,52.5408,0.0,0,0.0,0.0
1866.0,B,RUNNING,1864.208,16,12,9,10,0.9,30.0,98.4,51.5408,0.0,0,0.0,0.0
1867.0,B,RUNNING,1865.208,16,12,9,10,0.9,30.0,98.4,50.5408,0.0,0,0.0,0.0
1868.0,B,RUNNING,1866.208,16,12,9,10,0.9,30.0,98.4,49.5408,0.0,0,0.0,0.0
1869.0,B,RUNNING,1867.208,16,12,9,10,0.9,30.0,98.4,48.5408,0.0,0,0.0,0.0
1870.0,B,RUNNING,1868.208,16,12,9,10,0.9,30.0,98.4,47.5408,0.0,0,0.0,0.0
1871.0,B,RUNNING,1869.208,16,12,9,10,0.9,30.0,98.4,46.5408,0.0,0,0.0,0.0
1872.0,B,RUNNING,1870.208,16,12,9,10,0.9,30.0,98.4,45.5408,0.0,0,0.0,0.0
1873.0,B,RUNNING,1871.208,16,12,9,10,0.9,30.0,98.4,44.5408,0.0,0,0.0,0.0
1874.0,B,RUNNING,1872.208,16,12,9,10,0.9,30.0,98.4,43.5408,0.0,0,0.0,0.0
1875.0,B,RUNNING,1873.208,16,12,9,10,0.9,30.0,98.4,42.5408,0.0,0,0.0,0.0
1876.0,B,RUNNING,1874.208,16,12,9,10,0.9,30.0,98.4,41.5408,0.0,0,0.0,0.0
1877.0,B,RUNNING,1875.208,16,12,9,10,0.9,30.0,98.4,40.5408,0.0,0,0.0,0.0
1878.0,B,RUNNING,1876.208,16,12,9,10,0.9,30.0,98.4,39.5408,0.0,0,0.0,0.0
1879.0,B,RUNNING,1877.208,16,12,9,10,0.9,30.0,98.4,38.5408,0.0,0,0.0,0.0
1880.0,B,RUNNING,1878.208,16,12,9,10,0.9,30.0,98.4,37.5408,0.0,0,0.0,0.0
1881.0,B,RUNNING,1879.208,16,12,9,10,0.9,30.0,98.4,36.5408,0.0,0,0.0,0.0
1882.0,B,RUNNING,1880.208,16,12,9,10,0.9,30.0,98.4,35.5408,0.0,0,0.0,0.0
1883.0,B,RUNNING,1881.208,16,12,9,10,0.9,30.0,98.4,34.5408,0.0,0,0.0,0.0
1884.0,B,RUNNING,1882.208,16,12,9,10,0.9,30.0,98.4,33.5408,0.0,0,0.0,0.0
1885.0,B,RUNNING,1883.208,16,12,9,10,0.9,30.0,98.4,32.5408,0.0,0,0.0,0.0
1886.0,B,RUNNING,1884.208,16,12,9,10,0.9,30.0,98.4,31.5408,0.0,0,0.0,0.0
1887.0,B,RUNNING,1885.208,16,12,9,10,0.9,30.0,98.4,30.5408,0.0,0,0.0,0.0
1888.0,B,RUNNING,1886.208,16,12,9,10,0.9,30.0,98.4,29.5408,0.0,0,0.0,0.0
1889.0,B,RUNNING,1887.208,16,12,9,10,0.9,30.0,98.4,28.5408,0.0,0,0.0,0.0
1890.0,B,RUNNING,1888.208,16,12,9,10,0.9,30.0,98.4,27.5408,0.0,0,0.0,0.0
1891.0,B,RUNNING,1889.208,16,12,9,10,0.9,30.0,98.4,26.5408,0.0,0,0.0,0.0
1892.0,B,RUNNING,1890.208,16,12,9,10,0.9,30.0,98.4,25.5408,0.0,0,0.0,0.0
1893.0,B,RUNNING,1891.208,16,12,9,10,0.9,30.0,98.4,24.5408,0.0,0,0.0,0.0
1894.0,B,RUNNING,1892.208,16,12,9,10,0.9,30.0,98.4,23.5408,0.0,0,0.0,0.0
1895.0,B,RUNNING,1893.208,16,12,9,10,0.9,30.0,98.4,22.5408,0.0,0,0.0,0.0
1896.0,B,RUNNING,1894.208,16,12,9,10,0.9,30.0,98.4,21.5408,0.0,0,0.0,0.0
1897.0,B,RUNNING,1895.208,16,12,9,10,0.9,30.0,98.4,20.5408,0.0,0,0.0,0.0
1898.0,B,RUNNING,1896.208,16,12,9,10,0.9,30.0,98.4,19.5408,0.0,0,0.0,0.0
1899.0,B,RUNNING,1897.208,16,12,9,10,0.9,30.0,98.4,18.5408,0.0,0,0.0,0.0
1900.0,B,RUNNING,1898.208,16,12,9,10,0.9,30.0,98.4,17.5408,0.0,0,0.0,0.0
1901.0,B,RUNNING,1899.208,16,12,9,10,0.9,30.0,98.4,16.5408,0.0,0,0.0,0.0
1902.0,B,RUNNING,1900.208,16,12,9,10,0.9,30.0,98.4,15.5408,0.0,0,0.0,0.0
1903.0,B,RUNNING,1901.208,16,12,9,10,0.9,30.0,98.4,14.5408,0.0,0,0.0,0.0
1904.0,B,RUNNING,1902.208,16,12,9,10,0.9,30.0,98.4,13.5408,0.0,0,0.0,0.0
1905.0,B,RUNNING,1903.208,16,12,9,10,0.9,30.0,98.4,12.5408,0.0,0,0.0,0.0
1906.0,B,RUNNING,1904.208,16,12,9,10,0.9,30.0,98.4,11.5408,0.0,0,0.0,0.0
1907.0,B,RUNNING,1905.208,16,12,9,10,0.9,30.0,98.4,10.5408,0.0,0,0.0,0.0
1908.0,B,RUNNING,1906.208,16,12,9,10,0.9,30.0,98.4,9.5408,0.0,0,0.0,0.0
1909.0,B,RUNNING,1907.208,16,12,9,10,0.9,30.0,98.4,8.5408,0.0,0,0.0,0.0
1910.0,B,RUNNING,1908.208,16,12,9,10,0.9,30.0,98.4,7.5408,0.0,0,0.0,0.0
1911.0,B,RUNNING,1909.208,16,12,9,10,0.9,30.0,98.4,6.5408,0.0,0,0.0,0.0
1912.0,B,RUNNING,1910.208,16,12,9,10,0.9,30.0,98.4,5.5408,0.0,0,0.0,0.0
1913.0,B,RUNNING,1911.208,16,12,9,10,0.9,30.0,98.4,4.5408,0.0,0,0.0,0.0
1914.0,B,RUNNING,1912.208,16,12,9,10,0.9,30.0,98.4,3.5408,0.0,0,0.0,0.0
1915.0,B,RUNNING,1913.208,16,12,9,10,0.9,30.0,98.4,2.5408,0.0,0,0.0,0.0
1916.0,B,RUNNING,1914.208,16,12,9,10,0.9,30.0,98.4,1.5408,0.0,0,0.0,0.0
1917.0,B,RUNNING,1915.208,16,12,9,10,0.9,30.0,98.4,0.5408,0.0,0,0.0,0.0
1918.0,B,BLOCKED,1916.208,17,12,10,10,1.0,0.0,98.3,0.0,0.0,0,0.0038,0.4592
1919.0,B,BLOCKED,1917.208,17,12,10,10,1.0,0.0,98.3,0.0,0.0,0,0.0122,1.4592
1920.0,B,BLOCKED,1918.208,17,12,10,10,1.0,0.0,98.3,0.0,0.0,0,0.0205,2.4592
1921.0,B,BLOCKED,1919.208,17,12,10,10,1.0,0.0,98.3,0.0,0.0,0,0.0288,3.4592
1922.0,B,BLOCKED,1920.208,17,12,10,10,1.0,0.0,98.3,0.0,0.0,0,0.0372,4.4592
1923.0,B,BLOCKED,1921.208,17,12,10,10,1.0,0.0,98.3,0.0,0.0,0,0.0455,5.4592
1924.0,B,BLOCKED,1922.208,17,12,10,10,1.0,0.0,98.3,0.0,0.0,0,0.0538,6.4592
1925.0,B,BLOCKED,1923.208,17,12,10,10,1.0,0.0,98.3,0.0,0.0,0,0.0622,7.4592
1926.0,B,BLOCKED,1924.208,17,12,10,10,1.0,0.0,98.3,0.0,0.0,0,0.0705,8.4592
1927.0,B,BLOCKED,1925.208,17,12,10,10,1.0,0.0,98.3,0.0,0.0,0,0.0788,9.4592
1928.0,B,BLOCKED,1926.208,17,12,10,10,1.0,0.0,98.3,0.0,0.0,0,0.0872,10.4592
1929.0,B,BLOCKED,1927.208,17,12,10,10,1.0,0.0,98.3,0.0,0.0,0,0.0955,11.4592
1930.0,B,BLOCKED,1928.208,17,12,10,10,1.0,0.0,98.3,0.0,0.0,0,0.1038,12.4592
1931.0,B,BLOCKED,1929.208,17,12,10,10,1.0,0.0,98.3,0.0,0.0,0,0.1122,13.4592
1932.0,B,BLOCKED,1930.208,17,12,10,10,1.0,0.0,98.3,0.0,0.0,0,0.1205,14.4592
1933.0,B,BLOCKED,1931.208,17,12,10,10,1.0,0.0,98.3,0.0,0.0,0,0.1288,15.4592
1934.0,B,BLOCKED,1932.208,17,12,10,10,1.0,0.0,98.3,0.0,0.0,0,0.1372,16.4592
1935.0,B,BLOCKED,1933.208,17,12,10,10,1.0,0.0,98.3,0.0,0.0,0,0.1455,17.4592
1936.0,B,BLOCKED,1934.208,17,12,10,10,1.0,0.0,98.3,0.0,0.0,0,0.1538,18.4592
1937.0,B,BLOCKED,1935.208,17,12,10,10,1.0,0.0,98.3,0.0,0.0,0,0.1622,19.4592
1938.0,B,BLOCKED,1936.208,17,12,10,10,1.0,0.0,98.3,0.0,0.0,0,0.1705,20.4592
1939.0,B,BLOCKED,1937.208,17,12,10,10,1.0,0.0,98.3,0.0,0.0,0,0.1788,21.4592
1940.0,B,BLOCKED,1938.208,17,12,10,10,1.0,0.0,98.3,0.0,0.0,0,0.1872,22.4592
1941.0,B,BLOCKED,1939.208,17,12,10,10,1.0,0.0,98.3,0.0,0.0,0,0.1955,23.4592
1942.0,B,BLOCKED,1940.208,17,12,10,10,1.0,0.0,98.3,0.0,0.0,0,0.2038,24.4592
1943.0,B,BLOCKED,1941.208,17,12,10,10,1.0,0.0,98.3,0.0,0.0,0,0.2122,25.4592
1944.0,B,BLOCKED,1942.208,17,12,10,10,1.0,0.0,98.3,0.0,0.0,0,0.2205,26.4592
1945.0,B,BLOCKED,1943.208,17,12,10,10,1.0,0.0,98.3,0.0,0.0,0,0.2288,27.4592
1946.0,B,BLOCKED,1944.208,17,12,10,10,1.0,0.0,98.3,0.0,0.0,0,0.2372,28.4592
1947.0,B,BLOCKED,1945.208,17,12,10,10,1.0,0.0,98.3,0.0,0.0,0,0.2455,29.4592
1948.0,B,BLOCKED,1946.208,17,12,10,10,1.0,0.0,98.3,0.0,0.0,0,0.2538,30.4592
1949.0,B,BLOCKED,1947.208,17,12,10,10,1.0,0.0,98.3,0.0,0.0,0,0.2622,31.4592
1950.0,B,BLOCKED,1948.208,17,12,10,10,1.0,0.0,98.3,0.0,0.0,0,0.2705,32.4592
1951.0,B,BLOCKED,1949.208,17,12,10,10,1.0,0.0,98.3,0.0,0.0,0,0.2788,33.4592
1952.0,B,BLOCKED,1950.208,17,12,10,10,1.0,0.0,98.3,0.0,0.0,0,0.2872,34.4592
1953.0,B,BLOCKED,1951.208,17,12,10,10,1.0,0.0,98.3,0.0,0.0,0,0.2955,35.4592
1954.0,B,BLOCKED,1952.208,17,12,10,10,1.0,0.0,98.3,0.0,0.0,0,0.3038,36.4592
1955.0,B,BLOCKED,1953.208,17,12,10,10,1.0,0.0,98.3,0.0,0.0,0,0.3122,37.4592
1956.0,B,BLOCKED,1954.208,17,12,10,10,1.0,0.0,98.3,0.0,0.0,0,0.3205,38.4592
1957.0,B,BLOCKED,1955.208,17,12,10,10,1.0,0.0,98.3,0.0,0.0,0,0.3288,39.4592
1958.0,B,BLOCKED,1956.208,17,12,10,10,1.0,0.0,98.3,0.0,0.0,0,0.3372,40.4592
1959.0,B,BLOCKED,1957.208,17,12,10,10,1.0,0.0,98.3,0.0,0.0,0,0.3455,41.4592
1960.0,B,BLOCKED,1958.208,17,12,10,10,1.0,0.0,98.3,0.0,0.0,0,0.3538,42.4592
1961.0,B,BLOCKED,1959.208,17,12,10,10,1.0,0.0,98.3,0.0,0.0,0,0.3622,43.4592
1962.0,B,BLOCKED,1960.208,17,12,10,10,1.0,0.0,98.3,0.0,0.0,0,0.3705,44.4592
1963.0,B,BLOCKED,1961.208,17,12,10,10,1.0,0.0,98.3,0.0,0.0,0,0.3788,45.4592
1964.0,B,BLOCKED,1962.208,17,12,10,10,1.0,0.0,98.3,0.0,0.0,0,0.3872,46.4592
1965.0,B,BLOCKED,1963.208,17,12,10,10,1.0,0.0,98.3,0.0,0.0,0,0.3955,47.4592
1966.0,B,BLOCKED,1964.208,17,12,10,10,1.0,0.0,98.3,0.0,0.0,0,0.4038,48.4592
1967.0,B,BLOCKED,1965.208,17,12,10,10,1.0,0.0,98.3,0.0,0.0,0,0.4122,49.4592
1968.0,B,BLOCKED,1966.208,17,12,10,10,1.0,0.0,98.3,0.0,0.0,0,0.4205,50.4592
1969.0,B,BLOCKED,1967.208,17,12,10,10,1.0,0.0,98.3,0.0,0.0,0,0.4288,51.4592
1970.0,B,BLOCKED,1968.208,17,12,10,10,1.0,0.0,98.3,0.0,0.0,0,0.4372,52.4592
1971.0,B,BLOCKED,1969.208,17,12,10,10,1.0,0.0,98.3,0.0,0.0,0,0.4455,53.4592
1972.0,B,BLOCKED,1970.208,17,12,10,10,1.0,0.0,98.3,0.0,0.0,0,0.4538,54.4592
1973.0,B,BLOCKED,1971.208,17,12,10,10,1.0,0.0,98.3,0.0,0.0,0,0.4622,55.4592
1974.0,B,BLOCKED,1972.208,17,12,10,10,1.0,0.0,98.3,0.0,0.0,0,0.4705,56.4592
1975.0,B,BLOCKED,1973.208,17,12,10,10,1.0,0.0,98.3,0.0,0.0,0,0.4788,57.4592
1976.0,B,BLOCKED,1974.208,17,12,10,10,1.0,0.0,98.3,0.0,0.0,0,0.4872,58.4592
1977.0,B,BLOCKED,1975.208,17,12,10,10,1.0,0.0,98.3,0.0,0.0,0,0.4955,59.4592
1978.0,B,BLOCKED,1976.208,17,12,10,10,1.0,0.0,98.3,0.0,0.0,0,0.5038,60.4592
1979.0,B,BLOCKED,1977.208,17,12,10,10,1.0,0.0,98.3,0.0,0.0,0,0.5122,61.4592
1980.0,B,BLOCKED,1978.208,17,12,10,10,1.0,0.0,98.3,0.0,0.0,0,0.5205,62.4592
1981.0,B,BLOCKED,1979.208,17,12,10,10,1.0,0.0,98.3,0.0,0.0,0,0.5288,63.4592
1982.0,B,BLOCKED,1980.208,17,12,10,10,1.0,0.0,98.3,0.0,0.0,0,0.5372,64.4592
1983.0,B,BLOCKED,1981.208,17,12,10,10,1.0,0.0,98.3,0.0,0.0,0,0.5455,65.4592
1984.0,B,BLOCKED,1982.208,17,12,10,10,1.0,0.0,98.3,0.0,0.0,0,0.5538,66.4592
1985.0,B,BLOCKED,1983.208,17,12,10,10,1.0,0.0,98.3,0.0,0.0,0,0.5622,67.4592
1986.0,B,BLOCKED,1984.208,17,12,10,10,1.0,0.0,98.3,0.0,0.0,0,0.5705,68.4592
1987.0,B,BLOCKED,1985.208,17,12,10,10,1.0,0.0,98.3,0.0,0.0,0,0.5788,69.4592
1988.0,B,BLOCKED,1986.208,17,12,10,10,1.0,0.0,98.3,0.0,0.0,0,0.5872,70.4592
1989.0,B,BLOCKED,1987.208,17,12,10,10,1.0,0.0,98.3,0.0,0.0,0,0.5955,71.4592
1990.0,B,BLOCKED,1988.208,17,12,10,10,1.0,0.0,98.3,0.0,0.0,0,0.6038,72.4592
1991.0,B,BLOCKED,1989.208,17,12,10,10,1.0,0.0,98.3,0.0,0.0,0,0.6122,73.4592
1992.0,B,BLOCKED,1990.208,17,12,10,10,1.0,0.0,98.3,0.0,0.0,0,0.6205,74.4592
1993.0,B,BLOCKED,1991.208,17,12,10,10,1.0,0.0,98.3,0.0,0.0,0,0.6288,75.4592
1994.0,B,BLOCKED,1992.208,17,12,10,10,1.0,0.0,98.3,0.0,0.0,0,0.6372,76.4592
1995.0,B,BLOCKED,1993.208,17,12,10,10,1.0,0.0,98.3,0.0,0.0,0,0.6455,77.4592
1996.0,B,BLOCKED,1994.208,17,12,10,10,1.0,0.0,98.3,0.0,0.0,0,0.6538,78.4592
1997.0,B,BLOCKED,1995.208,17,12,10,10,1.0,0.0,98.3,0.0,0.0,0,0.6622,79.4592
1998.0,B,BLOCKED,1996.208,17,12,10,10,1.0,0.0,98.3,0.0,0.0,0,0.6705,80.4592
1999.0,B,BLOCKED,1997.208,17,12,10,10,1.0,0.0,98.3,0.0,0.0,0,0.6788,81.4592
2000.0,B,BLOCKED,1998.208,17,12,10,10,1.0,0.0,98.3,0.0,0.0,0,0.6872,82.4592
2001.0,B,BLOCKED,1999.208,17,12,10,10,1.0,0.0,98.3,0.0,0.0,0,0.6955,83.4592
2002.0,B,BLOCKED,2000.208,17,12,10,10,1.0,0.0,98.3,0.0,0.0,0,0.7038,84.4592
2003.0,B,BLOCKED,2001.208,17,12,10,10,1.0,0.0,98.3,0.0,0.0,0,0.7122,85.4592
2004.0,B,BLOCKED,2002.208,17,12,10,10,1.0,0.0,98.3,0.0,0.0,0,0.7205,86.4592
2005.0,B,BLOCKED,2003.208,17,12,10,10,1.0,0.0,98.3,0.0,0.0,0,0.7288,87.4592
2006.0,B,BLOCKED,2004.208,17,12,10,10,1.0,0.0,98.3,0.0,0.0,0,0.7372,88.4592
2007.0,B,BLOCKED,2005.208,17,12,10,10,1.0,0.0,98.3,0.0,0.0,0,0.7455,89.4592
2008.0,B,BLOCKED,2006.208,17,12,10,10,1.0,0.0,98.3,0.0,0.0,0,0.7538,90.4592
2009.0,B,BLOCKED,2007.208,17,12,10,10,1.0,0.0,98.3,0.0,0.0,0,0.7622,91.4592
2010.0,B,BLOCKED,2008.208,17,12,10,10,1.0,0.0,98.3,0.0,0.0,0,0.7705,92.4592
2011.0,B,BLOCKED,2009.208,17,12,10,10,1.0,0.0,98.3,0.0,0.0,0,0.7788,93.4592
2012.0,B,BLOCKED,2010.208,17,12,10,10,1.0,0.0,98.3,0.0,0.0,0,0.7872,94.4592
2013.0,B,BLOCKED,2011.208,17,12,10,10,1.0,0.0,98.3,0.0,0.0,0,0.7955,95.4592
2014.0,B,BLOCKED,2012.208,17,12,10,10,1.0,0.0,98.3,0.0,0.0,0,0.8038,96.4592
2015.0,B,BLOCKED,2013.208,17,12,10,10,1.0,0.0,98.3,0.0,0.0,0,0.8122,97.4592
2016.0,B,BLOCKED,2014.208,17,12,10,10,1.0,0.0,98.3,0.0,0.0,0,0.8205,98.4592
2017.0,B,BLOCKED,2015.208,17,12,10,10,1.0,0.0,98.3,0.0,0.0,0,0.8288,99.4592
2018.0,B,BLOCKED,2016.208,17,12,10,10,1.0,0.0,98.3,0.0,0.0,0,0.8372,100.4592
2019.0,B,BLOCKED,2017.208,17,12,10,10,1.0,0.0,98.3,0.0,0.0,0,0.8455,101.4592
2020.0,B,BLOCKED,2018.208,17,12,10,10,1.0,0.0,98.3,0.0,0.0,0,0.8538,102.4592
2021.0,B,BLOCKED,2019.208,17,12,10,10,1.0,0.0,98.3,0.0,0.0,0,0.8622,103.4592
2022.0,B,BLOCKED,2020.208,17,12,10,10,1.0,0.0,98.3,0.0,0.0,0,0.8705,104.4592
2023.0,B,BLOCKED,2021.208,17,12,10,10,1.0,0.0,98.3,0.0,0.0,0,0.8788,105.4592
2024.0,B,BLOCKED,2022.208,17,12,10,10,1.0,0.0,98.3,0.0,0.0,0,0.8872,106.4592
2025.0,B,BLOCKED,2023.208,17,12,10,10,1.0,0.0,98.3,0.0,0.0,0,0.8955,107.4592
2026.0,B,BLOCKED,2024.208,17,12,10,10,1.0,0.0,98.3,0.0,0.0,0,0.9038,108.4592
2027.0,B,BLOCKED,2025.208,17,12,10,10,1.0,0.0,98.3,0.0,0.0,0,0.9122,109.4592
2028.0,B,BLOCKED,2026.208,17,12,10,10,1.0,0.0,98.3,0.0,0.0,0,0.9205,110.4592
2029.0,B,BLOCKED,2027.208,17,12,10,10,1.0,0.0,98.3,0.0,0.0,0,0.9288,111.4592
2030.0,B,BLOCKED,2028.208,17,12,10,10,1.0,0.0,98.3,0.0,0.0,0,0.9372,112.4592
2031.0,B,BLOCKED,2029.208,17,12,10,10,1.0,0.0,98.3,0.0,0.0,0,0.9455,113.4592
2032.0,B,BLOCKED,2030.208,17,12,10,10,1.0,0.0,98.3,0.0,0.0,0,0.9538,114.4592
2033.0,B,BLOCKED,2031.208,17,12,10,10,1.0,0.0,98.3,0.0,0.0,0,0.9622,115.4592
2034.0,B,BLOCKED,2032.208,17,12,10,10,1.0,0.0,98.3,0.0,0.0,0,0.9705,116.4592
2035.0,B,BLOCKED,2033.208,17,12,10,10,1.0,0.0,98.3,0.0,0.0,0,0.9788,117.4592
2036.0,B,BLOCKED,2034.208,17,12,10,10,1.0,0.0,98.3,0.0,0.0,0,0.9872,118.4592
2037.0,B,BLOCKED,2035.208,17,12,10,10,1.0,0.0,98.3,0.0,0.0,0,0.9955,119.4592
2038.0,B,BLOCKED,2036.208,17,12,10,10,1.0,0.0,98.3,0.0,0.0,0,1.0038,120.4592
2039.0,B,BLOCKED,2037.208,17,12,10,10,1.0,0.0,98.3,0.0,0.0,0,1.0122,121.4592
2040.0,B,BLOCKED,2038.208,17,12,10,10,1.0,0.0,98.3,0.0,0.0,0,1.0205,122.4592
2041.0,B,BLOCKED,2039.208,17,12,10,10,1.0,0.0,98.3,0.0,0.0,0,1.0288,123.4592
2042.0,B,BLOCKED,2040.208,17,12,10,10,1.0,0.0,98.3,0.0,0.0,0,1.0372,124.4592
2043.0,B,BLOCKED,2041.208,17,12,10,10,1.0,0.0,98.3,0.0,0.0,0,1.0455,125.4592
2044.0,B,BLOCKED,2042.208,17,12,10,10,1.0,0.0,98.3,0.0,0.0,0,1.0538,126.4592
2045.0,B,BLOCKED,2043.208,17,12,10,10,1.0,0.0,98.3,0.0,0.0,0,1.0622,127.4592
2046.0,B,BLOCKED,2044.208,17,12,10,10,1.0,0.0,98.3,0.0,0.0,0,1.0705,128.4592
2047.0,B,BLOCKED,2045.208,17,12,10,10,1.0,0.0,98.3,0.0,0.0,0,1.0788,129.4592
2048.0,B,BLOCKED,2046.208,17,12,10,10,1.0,0.0,98.3,0.0,0.0,0,1.0872,130.4592
2049.0,B,BLOCKED,2047.208,17,12,10,10,1.0,0.0,98.3,0.0,0.0,0,1.0955,131.4592
2050.0,B,BLOCKED,2048.208,17,12,10,10,1.0,0.0,98.3,0.0,0.0,0,1.1038,132.4592
2051.0,B,BLOCKED,2049.208,17,12,10,10,1.0,0.0,98.3,0.0,0.0,0,1.1122,133.4592
2052.0,B,BLOCKED,2050.208,17,12,10,10,1.0,0.0,98.3,0.0,0.0,0,1.1205,134.4592
2053.0,B,BLOCKED,2051.208,17,12,10,10,1.0,0.0,98.3,0.0,0.0,0,1.1288,135.4592
2054.0,B,BLOCKED,2052.208,17,12,10,10,1.0,0.0,98.3,0.0,0.0,0,1.1372,136.4592
2055.0,B,BLOCKED,2053.208,17,12,10,10,1.0,0.0,98.3,0.0,0.0,0,1.1455,137.4592
2056.0,B,BLOCKED,2054.208,17,12,10,10,1.0,0.0,98.3,0.0,0.0,0,1.1538,138.4592
2057.0,B,BLOCKED,2055.208,17,12,10,10,1.0,0.0,98.3,0.0,0.0,0,1.1622,139.4592
2058.0,B,BLOCKED,2056.208,17,12,10,10,1.0,0.0,98.3,0.0,0.0,0,1.1705,140.4592
2059.0,B,BLOCKED,2057.208,17,12,10,10,1.0,0.0,98.3,0.0,0.0,0,1.1788,141.4592
2060.0,B,BLOCKED,2058.208,17,12,10,10,1.0,0.0,98.3,0.0,0.0,0,1.1872,142.4592
2061.0,B,BLOCKED,2059.208,17,12,10,10,1.0,0.0,98.3,0.0,0.0,0,1.1955,143.4592
2062.0,B,BLOCKED,2060.208,17,12,10,10,1.0,0.0,98.3,0.0,0.0,0,1.2038,144.4592
2063.0,B,BLOCKED,2061.208,17,12,10,10,1.0,0.0,98.3,0.0,0.0,0,1.2122,145.4592
2064.0,B,BLOCKED,2062.208,17,12,10,10,1.0,0.0,98.3,0.0,0.0,0,1.2205,146.4592
2065.0,B,BLOCKED,2063.208,17,12,10,10,1.0,0.0,98.3,0.0,0.0,0,1.2288,147.4592
2066.0,B,BLOCKED,2064.208,17,12,10,10,1.0,0.0,98.3,0.0,0.0,0,1.2372,148.4592
2067.0,B,BLOCKED,2065.208,17,12,10,10,1.0,0.0,98.3,0.0,0.0,0,1.2455,149.4592
2068.0,B,BLOCKED,2066.208,17,12,10,10,1.0,0.0,98.3,0.0,0.0,0,1.2538,150.4592
2069.0,B,BLOCKED,2067.208,17,12,10,10,1.0,0.0,98.3,0.0,0.0,0,1.2622,151.4592
2070.0,B,BLOCKED,2068.208,17,12,10,10,1.0,0.0,98.3,0.0,0.0,0,1.2705,152.4592
2071.01,B,BLOCKED,2069.216,17,12,10,10,1.0,0.0,98.3,0.0,0.0,0,1.2789,153.4672
2072.0,B,BLOCKED,2070.208,17,12,10,10,1.0,0.0,98.3,0.0,0.0,0,1.2872,154.4592
2073.0,B,BLOCKED,2071.208,17,12,10,10,1.0,0.0,98.3,0.0,0.0,0,1.2955,155.4592
2074.0,B,BLOCKED,2072.208,17,12,10,10,1.0,0.0,98.3,0.0,0.0,0,1.3038,156.4592
