ts,run_id,order_id,activity,state,battery_percent,temperature_c,condition_percent,payload_kg,motor_load,speed,distance_delta_m,cumulative_distance_m,cumulative_energy_wh,cumulative_charged_wh
3.0,run_20260917_162241,,idle,idle,29.994,22.0,100.0,0.0,0.0,0.0,0.0,0.0,0.0012,0.0
4.0,run_20260917_162241,,idle,idle,29.987,22.0,100.0,0.0,0.0,0.0,0.0,0.0,0.0029,0.0
5.0,run_20260917_162241,,idle,idle,29.979,22.0,100.0,0.0,0.0,0.0,0.0,0.0,0.0046,0.0
6.0,run_20260917_162241,,idle,idle,29.972,22.0,100.0,0.0,0.0,0.0,0.0,0.0,0.0062,0.0
7.0,run_20260917_162241,,idle,idle,29.964,22.0,100.0,0.0,0.0,0.0,0.0,0.0,0.0079,0.0
8.0,run_20260917_162241,,idle,idle,29.956,22.0,100.0,0.0,0.0,0.0,0.0,0.0,0.0096,0.0
9.0,run_20260917_162241,,idle,idle,29.949,22.0,100.0,0.0,0.0,0.0,0.0,0.0,0.0112,0.0
10.0,run_20260917_162241,,idle,idle,29.941,22.0,100.0,0.0,0.0,0.0,0.0,0.0,0.0129,0.0
11.0,run_20260917_162241,,idle,idle,29.934,22.0,100.0,0.0,0.0,0.0,0.0,0.0,0.0146,0.0
12.0,run_20260917_162241,,idle,idle,29.926,22.0,100.0,0.0,0.0,0.0,0.0,0.0,0.0162,0.0
13.0,run_20260917_162241,,waiting,waiting,29.919,22.0,100.0,0.0,0.0,0.0,0.0,0.0,0.0179,0.0
14.0,run_20260917_162241,,waiting,waiting,29.911,22.0,100.0,0.0,0.0,0.0,0.0,0.0,0.0196,0.0
15.0,run_20260917_162241,,waiting,waiting,29.903,22.0,100.0,0.0,0.0,0.0,0.0,0.0,0.0212,0.0
16.0,run_20260917_162241,,waiting,waiting,29.896,22.0,100.0,0.0,0.0,0.0,0.0,0.0,0.0229,0.0
17.0,run_20260917_162241,,waiting,waiting,29.888,22.0,100.0,0.0,0.0,0.0,0.0,0.0,0.0246,0.0
18.0,run_20260917_162241,,driving,driving,29.88,22.015,100.0,0.0,0.393,0.219,0.0455,0.046,0.0265,0.0
19.0,run_20260917_162241,,driving,driving,29.863,22.047,100.0,0.0,0.865,0.482,0.4003,0.446,0.0301,0.0
20.0,run_20260917_162241,,driving,driving,29.844,22.08,100.0,0.0,0.895,0.499,0.4871,0.933,0.0342,0.0
21.0,run_20260917_162241,,driving,driving,29.826,22.112,100.0,0.0,0.88,0.49,0.497,1.43,0.0384,0.0
22.0,run_20260917_162241,,driving,driving,29.807,22.145,100.0,0.0,0.889,0.495,0.4989,1.929,0.0426,0.0
23.004,run_20260917_162241,,driving,driving,29.788,22.176,100.0,0.0,0.853,0.475,0.4715,2.4,0.0466,0.0
24.0,run_20260917_162241,,driving,driving,29.769,22.208,99.999,0.0,0.873,0.486,0.4969,2.897,0.0507,0.0
25.0,run_20260917_162241,,driving,driving,29.751,22.241,99.999,0.0,0.889,0.495,0.4951,3.392,0.0549,0.0
26.0,run_20260917_162241,,driving,driving,29.732,22.27,99.999,0.0,0.787,0.439,0.4785,3.871,0.0589,0.0
27.0,run_20260917_162241,,driving,driving,29.715,22.301,99.999,0.0,0.861,0.48,0.4299,4.301,0.0627,0.0
28.0,run_20260917_162241,,driving,driving,29.696,22.334,99.999,0.0,0.893,0.497,0.4889,4.79,0.0669,0.0
29.0,run_20260917_162241,,driving,driving,29.677,22.367,99.999,0.0,0.897,0.5,0.499,5.289,0.071,0.0
30.0,run_20260917_162241,,driving,driving,29.658,22.398,99.999,0.0,0.849,0.473,0.4914,5.78,0.0751,0.0
31.0,run_20260917_162241,,driving,driving,29.64,22.428,99.999,0.0,0.834,0.465,0.4609,6.241,0.0791,0.0
32.0,run_20260917_162241,,driving,driving,29.622,22.461,99.999,0.0,0.897,0.5,0.4727,6.714,0.0831,0.0
33.0,run_20260917_162241,,driving,driving,29.603,22.494,99.999,0.0,0.895,0.499,0.5025,7.216,0.0873,0.0
34.0,run_20260917_162241,,driving,driving,29.584,22.526,99.999,0.0,0.892,0.497,0.5036,7.72,0.0915,0.0
35.0,run_20260917_162241,,driving,driving,29.565,22.559,99.999,0.0,0.891,0.496,0.5034,8.223,0.0957,0.0
36.0,run_20260917_162241,,driving,driving,29.546,22.591,99.999,0.0,0.892,0.497,0.4849,8.708,0.0998,0.0
37.0,run_20260917_162241,,driving,driving,29.527,22.624,99.999,0.0,0.897,0.5,0.5025,9.211,0.104,0.0
38.0,run_20260917_162241,,driving,driving,29.508,22.656,99.999,0.0,0.893,0.498,0.5014,9.712,0.1081,0.0
39.0,run_20260917_162241,,driving,driving,29.49,22.688,99.999,0.0,0.895,0.499,0.5015,10.214,0.1123,0.0
40.0,run_20260917_162241,,driving,driving,29.47,22.721,99.999,0.0,0.897,0.5,0.5035,10.717,0.1165,0.0
41.0,run_20260917_162241,,driving,driving,29.452,22.753,99.999,0.0,0.897,0.5,0.484,11.201,0.1206,0.0
42.0,run_20260917_162241,,driving,driving,29.433,22.785,99.999,0.0,0.896,0.499,0.5032,11.704,0.1248,0.0
43.0,run_20260917_162241,,driving,driving,29.414,22.818,99.999,0.0,0.894,0.498,0.5016,12.206,0.1289,0.0
44.0,run_20260917_162241,,driving,driving,29.395,22.849,99.999,0.0,0.879,0.49,0.4998,12.706,0.1331,0.0
45.0,run_20260917_162241,,driving,driving,29.376,22.881,99.999,0.0,0.889,0.495,0.5006,13.206,0.1373,0.0
46.0,run_20260917_162241,,driving,driving,29.357,22.913,99.999,0.0,0.895,0.499,0.4845,13.691,0.1414,0.0
47.0,run_20260917_162241,,driving,driving,29.339,22.946,99.999,0.0,0.897,0.5,0.498,14.189,0.1455,0.0
48.0,run_20260917_162241,,driving,driving,29.32,22.972,99.999,0.0,0.75,0.418,0.4806,14.669,0.1496,0.0
49.0,run_20260917_162241,,driving,driving,29.305,22.984,99.998,0.0,0.357,0.199,0.3451,15.014,0.153,0.0
50.0,run_20260917_162241,,loading,loading,29.297,22.983,99.998,0.0,0.0,0.0,0.0046,15.019,0.1547,0.0
51.0,run_20260917_162241,,loading,loading,29.289,22.982,99.998,0.0,0.0,0.0,0.0,15.019,0.1563,0.0
52.0,run_20260917_162241,,loading,loading,29.282,22.981,99.998,0.0,0.0,0.0,0.0,15.019,0.158,0.0
53.0,run_20260917_162241,,loading,loading,29.274,22.98,99.998,0.0,0.0,0.0,0.0,15.019,0.1597,0.0
54.0,run_20260917_162241,,loading,loading,29.267,22.979,99.998,0.0,0.0,0.0,0.0,15.019,0.1613,0.0
55.0,run_20260917_162241,,loading,loading,29.259,22.978,99.998,0.0,0.0,0.0,0.0,15.019,0.163,0.0
56.0,run_20260917_162241,,loading,loading,29.252,22.977,99.998,0.0,0.0,0.0,0.0,15.019,0.1647,0.0
57.0,run_20260917_162241,,loading,loading,29.244,22.976,99.998,0.0,0.0,0.0,0.0,15.019,0.1663,0.0
58.0,run_20260917_162241,,loading,loading,29.236,22.975,99.998,0.0,0.0,0.0,0.0,15.019,0.168,0.0
59.0,run_20260917_162241,,loading,loading,29.229,22.974,99.998,0.0,0.0,0.0,0.0,15.019,0.1697,0.0
60.0,run_20260917_162241,,loading,loading,29.221,22.973,99.998,0.0,0.0,0.0,0.0,15.019,0.1713,0.0
61.0,run_20260917_162241,,loading,loading,29.214,22.972,99.998,0.0,0.0,0.0,0.0,15.019,0.173,0.0
62.0,run_20260917_162241,,loading,loading,29.206,22.97,99.998,0.0,0.0,0.0,0.0,15.019,0.1747,0.0
63.0,run_20260917_162241,,loading,loading,29.198,22.969,99.998,0.0,0.0,0.0,0.0,15.019,0.1763,0.0
64.0,run_20260917_162241,,loading,loading,29.191,22.968,99.998,0.0,0.0,0.0,0.0,15.019,0.178,0.0
65.0,run_20260917_162241,,loading,loading,29.183,22.967,99.998,0.0,0.0,0.0,0.0,15.019,0.1797,0.0
66.0,run_20260917_162241,,loading,loading,29.176,22.966,99.998,0.0,0.0,0.0,0.0,15.019,0.1813,0.0
67.0,run_20260917_162241,,loading,loading,29.168,22.965,99.998,0.0,0.0,0.0,0.0,15.019,0.183,0.0
68.0,run_20260917_162241,,loading,loading,29.161,22.964,99.998,0.0,0.0,0.0,0.0,15.019,0.1847,0.0
69.0,run_20260917_162241,,loading,loading,29.153,22.963,99.998,0.0,0.0,0.0,0.0,15.019,0.1863,0.0
70.0,run_20260917_162241,,loading,loading,29.145,22.962,99.998,0.0,0.0,0.0,0.0,15.019,0.188,0.0
71.0,run_20260917_162241,,loading,loading,29.138,22.961,99.998,0.0,0.0,0.0,0.0,15.019,0.1897,0.0
72.0,run_20260917_162241,,loading,loading,29.13,22.96,99.998,0.0,0.0,0.0,0.0,15.019,0.1913,0.0
73.0,run_20260917_162241,,loading,loading,29.123,22.959,99.998,0.0,0.0,0.0,0.0,15.019,0.193,0.0
74.0,run_20260917_162241,,loading,loading,29.115,22.958,99.998,0.0,0.0,0.0,0.0,15.019,0.1947,0.0
75.0,run_20260917_162241,,loading,loading,29.108,22.957,99.998,0.0,0.0,0.0,0.0,15.019,0.1963,0.0
76.0,run_20260917_162241,,loading,loading,29.1,22.956,99.998,0.0,0.0,0.0,0.0,15.019,0.198,0.0
77.0,run_20260917_162241,,loading,loading,29.092,22.955,99.998,0.0,0.0,0.0,0.0,15.019,0.1997,0.0
78.0,run_20260917_162241,,loading,loading,29.085,22.954,99.998,0.0,0.0,0.0,0.0,15.019,0.2013,0.0
79.0,run_20260917_162241,,loading,loading,29.077,22.952,99.998,0.0,0.0,0.0,0.0,15.019,0.203,0.0
80.0,run_20260917_162241,,waiting,waiting,29.07,22.951,99.998,2.0,0.0,0.0,0.0,15.019,0.2047,0.0
81.0,run_20260917_162241,,driving,driving,29.062,22.957,99.998,2.0,0.17,0.095,0.0123,15.031,0.2064,0.0
82.0,run_20260917_162241,,driving,driving,29.048,22.967,99.998,2.0,0.263,0.146,0.1728,15.204,0.2094,0.0
83.0,run_20260917_162241,,driving,driving,29.039,22.966,99.998,2.0,0.011,0.006,0.0507,15.255,0.2114,0.0
84.0,run_20260917_162241,,driving,driving,29.027,22.995,99.998,2.0,0.729,0.406,0.1378,15.392,0.2141,0.0
85.0,run_20260917_162241,,driving,driving,29.003,23.03,99.998,2.0,0.896,0.499,0.498,15.89,0.2194,0.0
86.0,run_20260917_162241,,driving,driving,28.979,23.066,99.998,2.0,0.896,0.499,0.4856,16.376,0.2246,0.0
87.0,run_20260917_162241,,driving,driving,28.955,23.101,99.998,2.0,0.897,0.5,0.5037,16.88,0.23,0.0
88.0,run_20260917_162241,,driving,driving,28.93,23.136,99.998,2.0,0.881,0.491,0.5011,17.381,0.2353,0.0
89.0,run_20260917_162241,,driving,driving,28.906,23.171,99.998,2.0,0.896,0.499,0.4987,17.879,0.2406,0.0
90.0,run_20260917_162241,,driving,driving,28.883,23.206,99.998,2.0,0.897,0.5,0.484,18.363,0.2458,0.0
91.0,run_20260917_162241,,driving,driving,28.858,23.241,99.997,2.0,0.896,0.499,0.5033,18.867,0.2512,0.0
92.0,run_20260917_162241,,driving,driving,28.834,23.276,99.997,2.0,0.892,0.497,0.5038,19.37,0.2565,0.0
93.0,run_20260917_162241,,driving,driving,28.81,23.311,99.997,2.0,0.897,0.5,0.5027,19.873,0.2619,0.0
94.0,run_20260917_162241,,driving,driving,28.785,23.346,99.997,2.0,0.897,0.5,0.5034,20.377,0.2672,0.0
95.0,run_20260917_162241,,driving,driving,28.762,23.381,99.997,2.0,0.897,0.5,0.4852,20.862,0.2724,0.0
96.0,run_20260917_162241,,driving,driving,28.737,23.416,99.997,2.0,0.896,0.499,0.5037,21.365,0.2778,0.0
97.0,run_20260917_162241,,driving,driving,28.713,23.451,99.997,2.0,0.897,0.5,0.5035,21.869,0.2831,0.0
98.0,run_20260917_162241,,driving,driving,28.689,23.486,99.997,2.0,0.896,0.499,0.5033,22.372,0.2885,0.0
99.0,run_20260917_162241,,driving,driving,28.665,23.519,99.997,2.0,0.856,0.477,0.4803,22.853,0.2937,0.0
100.0,run_20260917_162241,,driving,driving,28.641,23.554,99.997,2.0,0.893,0.497,0.499,23.352,0.299,0.0
101.0,run_20260917_162241,,driving,driving,28.617,23.589,99.997,2.0,0.896,0.499,0.5013,23.853,0.3043,0.0
102.0,run_20260917_162241,,driving,driving,28.592,23.624,99.997,2.0,0.895,0.499,0.5013,24.354,0.3097,0.0
103.0,run_20260917_162241,,driving,driving,28.568,23.658,99.997,2.0,0.878,0.489,0.502,24.856,0.315,0.0
104.0,run_20260917_162241,,driving,driving,28.545,23.692,99.997,2.0,0.882,0.491,0.4825,25.339,0.3202,0.0
105.0,run_20260917_162241,,driving,driving,28.52,23.726,99.997,2.0,0.896,0.499,0.498,25.837,0.3255,0.0
106.0,run_20260917_162241,,driving,driving,28.496,23.76,99.997,2.0,0.881,0.491,0.4983,26.335,0.3308,0.0
107.0,run_20260917_162241,,driving,driving,28.472,23.794,99.997,2.0,0.891,0.496,0.4936,26.829,0.3361,0.0
108.0,run_20260917_162241,,driving,driving,28.449,23.827,99.997,2.0,0.853,0.475,0.4806,27.309,0.3413,0.0
109.0,run_20260917_162241,,driving,driving,28.425,23.86,99.997,2.0,0.863,0.481,0.4885,27.798,0.3465,0.0
110.0,run_20260917_162241,,driving,driving,28.401,23.895,99.996,2.0,0.897,0.5,0.5014,28.299,0.3519,0.0
111.0,run_20260917_162241,,driving,driving,28.376,23.928,99.996,2.0,0.874,0.487,0.4982,28.797,0.3572,0.0
112.0,run_20260917_162241,,driving,driving,28.352,23.963,99.996,2.0,0.897,0.5,0.4943,29.292,0.3625,0.0
113.0,run_20260917_162241,,driving,driving,28.329,23.996,99.996,2.0,0.881,0.491,0.4821,29.774,0.3677,0.0
114.0,run_20260917_162241,,driving,driving,28.305,24.029,99.996,2.0,0.865,0.482,0.4965,30.27,0.373,0.0
115.0,run_20260917_162241,,driving,driving,28.281,24.063,99.996,2.0,0.875,0.488,0.4948,30.765,0.3783,0.0
116.0,run_20260917_162241,,driving,driving,28.257,24.097,99.996,2.0,0.888,0.495,0.4969,31.262,0.3836,0.0
117.0,run_20260917_162241,,driving,driving,28.242,24.094,99.996,2.0,0.0,0.0,0.2228,31.485,0.3869,0.0
118.0,run_20260917_162241,,driving,driving,28.229,24.122,99.996,2.0,0.732,0.408,0.1484,31.633,0.3896,0.0
119.0,run_20260917_162241,,driving,driving,28.205,24.154,99.996,2.0,0.839,0.468,0.4798,32.113,0.3948,0.0
120.0,run_20260917_162241,,driving,driving,28.183,24.177,99.996,2.0,0.632,0.352,0.4345,32.547,0.3996,0.0
121.0,run_20260917_162241,,driving,driving,28.168,24.175,99.996,2.0,0.0,0.0,0.2395,32.787,0.4031,0.0
122.0,run_20260917_162241,,loading,loading,28.16,24.172,99.996,2.0,0.0,0.0,0.0,32.787,0.4047,0.0
123.0,run_20260917_162241,,loading,loading,28.153,24.17,99.996,2.0,0.0,0.0,0.0,32.787,0.4064,0.0
124.0,run_20260917_162241,,loading,loading,28.145,24.168,99.996,2.0,0.0,0.0,0.0,32.787,0.4081,0.0
125.0,run_20260917_162241,,loading,loading,28.138,24.165,99.996,2.0,0.0,0.0,0.0,32.787,0.4097,0.0
126.0,run_20260917_162241,,loading,loading,28.13,24.163,99.996,2.0,0.0,0.0,0.0,32.787,0.4114,0.0
127.0,run_20260917_162241,,loading,loading,28.122,24.16,99.996,2.0,0.0,0.0,0.0,32.787,0.4131,0.0
128.0,run_20260917_162241,,loading,loading,28.115,24.158,99.996,2.0,0.0,0.0,0.0,32.787,0.4147,0.0
129.0,run_20260917_162241,,loading,loading,28.107,24.156,99.996,2.0,0.0,0.0,0.0,32.787,0.4164,0.0
130.0,run_20260917_162241,,loading,loading,28.1,24.153,99.996,2.0,0.0,0.0,0.0,32.787,0.4181,0.0
131.0,run_20260917_162241,,loading,loading,28.092,24.151,99.996,2.0,0.0,0.0,0.0,32.787,0.4197,0.0
132.0,run_20260917_162241,,loading,loading,28.085,24.149,99.996,2.0,0.0,0.0,0.0,32.787,0.4214,0.0
133.0,run_20260917_162241,,loading,loading,28.077,24.146,99.996,2.0,0.0,0.0,0.0,32.787,0.4231,0.0
134.0,run_20260917_162241,,loading,loading,28.069,24.144,99.996,2.0,0.0,0.0,0.0,32.787,0.4247,0.0
135.0,run_20260917_162241,,loading,loading,28.062,24.141,99.996,2.0,0.0,0.0,0.0,32.787,0.4264,0.0
136.0,run_20260917_162241,,loading,loading,28.054,24.139,99.996,2.0,0.0,0.0,0.0,32.787,0.4281,0.0
137.0,run_20260917_162241,,loading,loading,28.047,24.137,99.996,2.0,0.0,0.0,0.0,32.787,0.4297,0.0
138.0,run_20260917_162241,,loading,loading,28.039,24.134,99.996,2.0,0.0,0.0,0.0,32.787,0.4314,0.0
139.0,run_20260917_162241,,loading,loading,28.032,24.132,99.996,2.0,0.0,0.0,0.0,32.787,0.4331,0.0
140.0,run_20260917_162241,,loading,loading,28.024,24.13,99.996,2.0,0.0,0.0,0.0,32.787,0.4347,0.0
141.0,run_20260917_162241,,loading,loading,28.016,24.127,99.996,2.0,0.0,0.0,0.0,32.787,0.4364,0.0
142.0,run_20260917_162241,,loading,loading,28.009,24.125,99.996,2.0,0.0,0.0,0.0,32.787,0.4381,0.0
143.0,run_20260917_162241,,loading,loading,28.001,24.123,99.996,2.0,0.0,0.0,0.0,32.787,0.4397,0.0
144.0,run_20260917_162241,,loading,loading,27.994,24.12,99.996,2.0,0.0,0.0,0.0,32.787,0.4414,0.0
145.0,run_20260917_162241,,loading,loading,27.986,24.118,99.996,2.0,0.0,0.0,0.0,32.787,0.4431,0.0
146.0,run_20260917_162241,,loading,loading,27.979,24.116,99.996,2.0,0.0,0.0,0.0,32.787,0.4447,0.0
147.0,run_20260917_162241,,loading,loading,27.971,24.113,99.996,2.0,0.0,0.0,0.0,32.787,0.4464,0.0
148.0,run_20260917_162241,,loading,loading,27.963,24.111,99.996,2.0,0.0,0.0,0.0,32.787,0.4481,0.0
149.0,run_20260917_162241,,loading,loading,27.956,24.109,99.996,2.0,0.0,0.0,0.0,32.787,0.4497,0.0
150.0,run_20260917_162241,,loading,loading,27.948,24.106,99.995,2.0,0.0,0.0,0.0,32.787,0.4514,0.0
151.0,run_20260917_162241,,loading,loading,27.941,24.104,99.995,2.0,0.0,0.0,0.0,32.787,0.4531,0.0
152.0,run_20260917_162241,,waiting,waiting,27.933,24.102,99.995,4.0,0.0,0.0,0.0,32.787,0.4547,0.0
153.0,run_20260917_162241,,driving,driving,27.923,24.114,99.995,4.0,0.336,0.187,0.0601,32.847,0.457,0.0
154.004,run_20260917_162241,,driving,driving,27.907,24.122,99.995,4.0,0.221,0.123,0.1879,33.035,0.4605,0.0
155.0,run_20260917_162241,,driving,driving,27.898,24.12,99.995,4.0,0.015,0.008,0.0444,33.079,0.4625,0.0
156.0,run_20260917_162241,,driving,driving,27.881,24.154,99.995,4.0,0.813,0.453,0.197,33.276,0.4661,0.0
157.0,run_20260917_162241,,driving,driving,27.852,24.191,99.995,4.0,0.892,0.497,0.4973,33.773,0.4726,0.0
158.0,run_20260917_162241,,driving,driving,27.823,24.228,99.995,4.0,0.893,0.498,0.4842,34.258,0.4789,0.0
159.0,run_20260917_162241,,driving,driving,27.794,24.265,99.995,4.0,0.884,0.493,0.5028,34.76,0.4854,0.0
160.0,run_20260917_162241,,driving,driving,27.765,24.299,99.995,4.0,0.826,0.46,0.4826,35.243,0.4917,0.0
161.0,run_20260917_162241,,driving,driving,27.736,24.336,99.995,4.0,0.892,0.497,0.4951,35.738,0.4982,0.0
162.0,run_20260917_162241,,driving,driving,27.707,24.374,99.995,4.0,0.897,0.5,0.4823,36.22,0.5045,0.0
163.0,run_20260917_162241,,driving,driving,27.677,24.411,99.995,4.0,0.897,0.5,0.504,36.724,0.511,0.0
164.0,run_20260917_162241,,driving,driving,27.648,24.446,99.995,4.0,0.853,0.475,0.4984,37.223,0.5175,0.0
165.0,run_20260917_162241,,driving,driving,27.619,24.47,99.995,4.0,0.588,0.328,0.4862,37.709,0.5238,0.0
166.0,run_20260917_162241,,driving,driving,27.603,24.478,99.995,4.0,0.248,0.138,0.19,37.899,0.5273,0.0
167.0,run_20260917_162241,,driving,driving,27.59,24.486,99.995,4.0,0.232,0.129,0.1218,38.021,0.5302,0.0
168.0,run_20260917_162241,,driving,driving,27.575,24.499,99.995,4.0,0.369,0.205,0.1792,38.2,0.5336,0.0
169.0,run_20260917_162241,,driving,driving,27.553,24.532,99.995,4.0,0.791,0.441,0.3248,38.525,0.5384,0.0
170.0,run_20260917_162241,,driving,driving,27.524,24.566,99.995,4.0,0.849,0.473,0.4911,39.016,0.5448,0.0
171.0,run_20260917_162241,,driving,driving,27.496,24.601,99.994,4.0,0.847,0.472,0.4549,39.471,0.5508,0.0
172.0,run_20260917_162241,,driving,driving,27.467,24.637,99.994,4.0,0.864,0.481,0.4907,39.961,0.5572,0.0
173.0,run_20260917_162241,,driving,driving,27.438,24.671,99.994,4.0,0.842,0.469,0.4904,40.452,0.5636,0.0
174.0,run_20260917_162241,,driving,driving,27.409,24.707,99.994,4.0,0.875,0.487,0.4827,40.935,0.5699,0.0
175.0,run_20260917_162241,,driving,driving,27.381,24.741,99.994,4.0,0.839,0.467,0.4777,41.412,0.5762,0.0
176.0,run_20260917_162241,,driving,driving,27.352,24.778,99.994,4.0,0.891,0.496,0.4774,41.89,0.5825,0.0
177.0,run_20260917_162241,,driving,driving,27.323,24.813,99.994,4.0,0.864,0.481,0.5,42.39,0.589,0.0
178.0,run_20260917_162241,,driving,driving,27.294,24.85,99.994,4.0,0.897,0.5,0.497,42.887,0.5954,0.0
179.0,run_20260917_162241,,driving,driving,27.264,24.886,99.994,4.0,0.872,0.486,0.4992,43.386,0.6019,0.0
180.0,run_20260917_162241,,driving,driving,27.235,24.922,99.994,4.0,0.891,0.496,0.4802,43.866,0.6082,0.0
181.0,run_20260917_162241,,driving,driving,27.206,24.958,99.994,4.0,0.895,0.499,0.4985,44.364,0.6147,0.0
182.0,run_20260917_162241,,driving,driving,27.177,24.994,99.994,4.0,0.885,0.493,0.4987,44.863,0.6211,0.0
183.0,run_20260917_162241,,driving,driving,27.147,25.031,99.994,4.0,0.897,0.5,0.4994,45.363,0.6276,0.0
184.0,run_20260917_162241,,driving,driving,27.118,25.067,99.994,4.0,0.886,0.494,0.5005,45.863,0.6341,0.0
185.0,run_20260917_162241,,driving,driving,27.089,25.102,99.994,4.0,0.861,0.48,0.4726,46.336,0.6403,0.0
186.0,run_20260917_162241,,driving,driving,27.06,25.137,99.994,4.0,0.872,0.486,0.4988,46.834,0.6468,0.0
187.0,run_20260917_162241,,driving,driving,27.03,25.174,99.993,4.0,0.897,0.5,0.5009,47.335,0.6533,0.0
188.0,run_20260917_162241,,driving,driving,27.001,25.209,99.993,4.0,0.873,0.487,0.4999,47.835,0.6598,0.0
189.0,run_20260917_162241,,driving,driving,26.972,25.245,99.993,4.0,0.897,0.5,0.4823,48.317,0.6661,0.0
190.0,run_20260917_162241,,driving,driving,26.943,25.281,99.993,4.0,0.895,0.499,0.5014,48.819,0.6726,0.0
191.0,run_20260917_162241,,driving,driving,26.913,25.318,99.993,4.0,0.897,0.5,0.5,49.319,0.6791,0.0
192.004,run_20260917_162241,,driving,driving,26.884,25.354,99.993,4.0,0.897,0.5,0.5003,49.819,0.6856,0.0
193.0,run_20260917_162241,,driving,driving,26.855,25.383,99.993,4.0,0.75,0.418,0.4815,50.301,0.6919,0.0
194.0,run_20260917_162241,,driving,driving,26.833,25.399,99.993,4.0,0.431,0.24,0.3192,50.62,0.6967,0.0
195.0,run_20260917_162241,,loading,loading,26.825,25.395,99.993,4.0,0.0,0.0,0.0056,50.625,0.6984,0.0
196.0,run_20260917_162241,,loading,loading,26.818,25.391,99.993,4.0,0.0,0.0,0.0,50.625,0.7001,0.0
197.0,run_20260917_162241,,loading,loading,26.81,25.388,99.993,4.0,0.0,0.0,0.0,50.625,0.7017,0.0
198.0,run_20260917_162241,,loading,loading,26.803,25.384,99.993,4.0,0.0,0.0,0.0,50.625,0.7034,0.0
199.0,run_20260917_162241,,loading,loading,26.795,25.38,99.993,4.0,0.0,0.0,0.0,50.625,0.7051,0.0
200.0,run_20260917_162241,,loading,loading,26.788,25.376,99.993,4.0,0.0,0.0,0.0,50.625,0.7067,0.0
201.0,run_20260917_162241,,loading,loading,26.78,25.373,99.993,4.0,0.0,0.0,0.0,50.625,0.7084,0.0
202.0,run_20260917_162241,,loading,loading,26.772,25.369,99.993,4.0,0.0,0.0,0.0,50.625,0.7101,0.0
203.0,run_20260917_162241,,loading,loading,26.765,25.365,99.993,4.0,0.0,0.0,0.0,50.625,0.7117,0.0
204.0,run_20260917_162241,,loading,loading,26.757,25.362,99.993,4.0,0.0,0.0,0.0,50.625,0.7134,0.0
205.0,run_20260917_162241,,loading,loading,26.75,25.358,99.993,4.0,0.0,0.0,0.0,50.625,0.7151,0.0
206.0,run_20260917_162241,,loading,loading,26.742,25.354,99.993,4.0,0.0,0.0,0.0,50.625,0.7167,0.0
207.0,run_20260917_162241,,loading,loading,26.735,25.351,99.993,4.0,0.0,0.0,0.0,50.625,0.7184,0.0
208.0,run_20260917_162241,,loading,loading,26.727,25.347,99.993,4.0,0.0,0.0,0.0,50.625,0.7201,0.0
209.0,run_20260917_162241,,loading,loading,26.719,25.343,99.993,4.0,0.0,0.0,0.0,50.625,0.7217,0.0
210.0,run_20260917_162241,,loading,loading,26.712,25.339,99.993,4.0,0.0,0.0,0.0,50.625,0.7234,0.0
211.0,run_20260917_162241,,loading,loading,26.704,25.336,99.993,4.0,0.0,0.0,0.0,50.625,0.7251,0.0
212.0,run_20260917_162241,,loading,loading,26.697,25.332,99.993,4.0,0.0,0.0,0.0,50.625,0.7267,0.0
213.0,run_20260917_162241,,loading,loading,26.689,25.328,99.993,4.0,0.0,0.0,0.0,50.625,0.7284,0.0
214.0,run_20260917_162241,,loading,loading,26.681,25.325,99.993,4.0,0.0,0.0,0.0,50.625,0.7301,0.0
215.0,run_20260917_162241,,loading,loading,26.674,25.321,99.993,4.0,0.0,0.0,0.0,50.625,0.7317,0.0
216.0,run_20260917_162241,,loading,loading,26.666,25.317,99.993,4.0,0.0,0.0,0.0,50.625,0.7334,0.0
217.0,run_20260917_162241,,loading,loading,26.659,25.314,99.993,4.0,0.0,0.0,0.0,50.625,0.7351,0.0
218.0,run_20260917_162241,,loading,loading,26.651,25.31,99.993,4.0,0.0,0.0,0.0,50.625,0.7367,0.0
219.0,run_20260917_162241,,loading,loading,26.644,25.307,99.993,4.0,0.0,0.0,0.0,50.625,0.7384,0.0
220.0,run_20260917_162241,,loading,loading,26.636,25.303,99.993,4.0,0.0,0.0,0.0,50.625,0.7401,0.0
221.0,run_20260917_162241,,loading,loading,26.628,25.299,99.993,4.0,0.0,0.0,0.0,50.625,0.7417,0.0
222.0,run_20260917_162241,,loading,loading,26.621,25.296,99.993,4.0,0.0,0.0,0.0,50.625,0.7434,0.0
223.0,run_20260917_162241,,loading,loading,26.613,25.292,99.993,4.0,0.0,0.0,0.0,50.625,0.7451,0.0
224.0,run_20260917_162241,,loading,loading,26.606,25.288,99.993,4.0,0.0,0.0,0.0,50.625,0.7467,0.0
225.0,run_20260917_162241,,waiting,waiting,26.598,25.285,99.993,4.800000011920929,0.0,0.0,0.0,50.625,0.7484,0.0
226.0,run_20260917_162241,,driving,driving,26.59,25.288,99.992,4.800000011920929,0.153,0.085,0.0126,50.638,0.7502,0.0
227.0,run_20260917_162241,,driving,driving,26.574,25.295,99.992,4.800000011920929,0.231,0.129,0.1783,50.816,0.7538,0.0
228.0,run_20260917_162241,,driving,driving,26.564,25.293,99.992,4.800000011920929,0.023,0.013,0.0397,50.856,0.7558,0.0
229.0,run_20260917_162241,,driving,driving,26.548,25.324,99.992,4.800000011920929,0.768,0.428,0.172,51.028,0.7593,0.0
230.0,run_20260917_162241,,driving,driving,26.518,25.362,99.992,4.800000011920929,0.897,0.5,0.4831,51.511,0.7661,0.0
231.0,run_20260917_162241,,driving,driving,26.486,25.399,99.992,4.800000011920929,0.897,0.5,0.5036,52.015,0.7731,0.0
232.0,run_20260917_162241,,driving,driving,26.454,25.436,99.992,4.800000011920929,0.885,0.493,0.5028,52.518,0.7801,0.0
233.0,run_20260917_162241,,driving,driving,26.423,25.473,99.992,4.800000011920929,0.89,0.496,0.4924,53.01,0.787,0.0
234.0,run_20260917_162241,,driving,driving,26.391,25.509,99.992,4.800000011920929,0.856,0.477,0.4954,53.505,0.7939,0.0
235.0,run_20260917_162241,,driving,driving,26.364,25.541,99.992,4.800000011920929,0.795,0.443,0.4088,53.914,0.7999,0.0
236.0,run_20260917_162241,,driving,driving,26.334,25.578,99.992,4.800000011920929,0.878,0.489,0.4745,54.389,0.8066,0.0
237.0,run_20260917_162241,,driving,driving,26.303,25.606,99.992,4.800000011920929,0.712,0.397,0.4832,54.872,0.8134,0.0
238.0,run_20260917_162241,,driving,driving,26.273,25.643,99.992,4.800000011920929,0.894,0.498,0.466,55.338,0.82,0.0
239.0,run_20260917_162241,,driving,driving,26.242,25.677,99.992,4.800000011920929,0.83,0.463,0.4805,55.818,0.8267,0.0
240.0,run_20260917_162241,,driving,driving,26.213,25.714,99.992,4.800000011920929,0.894,0.498,0.4557,56.274,0.8332,0.0
241.0,run_20260917_162241,,driving,driving,26.181,25.751,99.992,4.800000011920929,0.889,0.495,0.4911,56.765,0.8401,0.0
242.0,run_20260917_162241,,driving,driving,26.15,25.788,99.992,4.800000011920929,0.887,0.494,0.5001,57.265,0.8471,0.0
243.0,run_20260917_162241,,driving,driving,26.119,25.824,99.991,4.800000011920929,0.874,0.487,0.4765,57.742,0.8538,0.0
244.0,run_20260917_162241,,driving,driving,26.088,25.86,99.991,4.800000011920929,0.889,0.495,0.4956,58.237,0.8607,0.0
245.0,run_20260917_162241,,driving,driving,26.056,25.897,99.991,4.800000011920929,0.884,0.493,0.496,58.733,0.8676,0.0
246.0,run_20260917_162241,,driving,driving,26.025,25.933,99.991,4.800000011920929,0.892,0.497,0.4943,59.228,0.8745,0.0
247.0,run_20260917_162241,,driving,driving,25.993,25.97,99.991,4.800000011920929,0.897,0.5,0.4978,59.725,0.8815,0.0
248.0,run_20260917_162241,,driving,driving,25.963,26.003,99.991,4.800000011920929,0.822,0.458,0.4777,60.203,0.8882,0.0
249.0,run_20260917_162241,,driving,driving,25.936,26.026,99.991,4.800000011920929,0.591,0.329,0.39,60.593,0.894,0.0
250.0,run_20260917_162241,,driving,driving,25.919,26.025,99.991,4.800000011920929,0.075,0.042,0.1951,60.788,0.8978,0.0
251.0,run_20260917_162241,,driving,driving,25.911,26.021,99.991,4.800000011920929,0.0,0.0,0.0244,60.813,0.8997,0.0
252.0,run_20260917_162241,,unloading,unloading,25.903,26.016,99.991,4.800000011920929,0.0,0.0,0.0,60.813,0.9013,0.0
253.0,run_20260917_162241,,unloading,unloading,25.895,26.012,99.991,4.800000011920929,0.0,0.0,0.0,60.813,0.903,0.0
254.0,run_20260917_162241,,unloading,unloading,25.888,26.007,99.991,4.800000011920929,0.0,0.0,0.0,60.813,0.9047,0.0
255.0,run_20260917_162241,,unloading,unloading,25.88,26.003,99.991,4.800000011920929,0.0,0.0,0.0,60.813,0.9063,0.0
256.0,run_20260917_162241,,unloading,unloading,25.873,25.999,99.991,4.800000011920929,0.0,0.0,0.0,60.813,0.908,0.0
257.0,run_20260917_162241,,unloading,unloading,25.865,25.994,99.991,4.800000011920929,0.0,0.0,0.0,60.813,0.9097,0.0
258.0,run_20260917_162241,,unloading,unloading,25.858,25.99,99.991,4.800000011920929,0.0,0.0,0.0,60.813,0.9113,0.0
259.0,run_20260917_162241,,unloading,unloading,25.85,25.985,99.991,4.800000011920929,0.0,0.0,0.0,60.813,0.913,0.0
260.0,run_20260917_162241,,unloading,unloading,25.842,25.981,99.991,4.800000011920929,0.0,0.0,0.0,60.813,0.9147,0.0
261.0,run_20260917_162241,,unloading,unloading,25.835,25.977,99.991,4.800000011920929,0.0,0.0,0.0,60.813,0.9163,0.0
262.0,run_20260917_162241,,unloading,unloading,25.827,25.972,99.991,4.800000011920929,0.0,0.0,0.0,60.813,0.918,0.0
263.0,run_20260917_162241,,unloading,unloading,25.82,25.968,99.991,4.800000011920929,0.0,0.0,0.0,60.813,0.9197,0.0
264.0,run_20260917_162241,,unloading,unloading,25.812,25.964,99.991,4.800000011920929,0.0,0.0,0.0,60.813,0.9213,0.0
265.0,run_20260917_162241,,unloading,unloading,25.804,25.959,99.991,4.800000011920929,0.0,0.0,0.0,60.813,0.923,0.0
266.0,run_20260917_162241,,unloading,unloading,25.797,25.955,99.991,4.800000011920929,0.0,0.0,0.0,60.813,0.9247,0.0
267.0,run_20260917_162241,,unloading,unloading,25.789,25.95,99.991,4.800000011920929,0.0,0.0,0.0,60.813,0.9263,0.0
268.0,run_20260917_162241,,unloading,unloading,25.782,25.946,99.991,4.800000011920929,0.0,0.0,0.0,60.813,0.928,0.0
269.0,run_20260917_162241,,unloading,unloading,25.774,25.942,99.991,4.800000011920929,0.0,0.0,0.0,60.813,0.9297,0.0
270.0,run_20260917_162241,,unloading,unloading,25.767,25.937,99.991,4.800000011920929,0.0,0.0,0.0,60.813,0.9313,0.0
271.0,run_20260917_162241,,unloading,unloading,25.759,25.933,99.991,4.800000011920929,0.0,0.0,0.0,60.813,0.933,0.0
272.0,run_20260917_162241,,unloading,unloading,25.751,25.929,99.991,4.800000011920929,0.0,0.0,0.0,60.813,0.9347,0.0
273.0,run_20260917_162241,,unloading,unloading,25.744,25.924,99.991,4.800000011920929,0.0,0.0,0.0,60.813,0.9363,0.0
274.0,run_20260917_162241,,unloading,unloading,25.736,25.92,99.991,4.800000011920929,0.0,0.0,0.0,60.813,0.938,0.0
275.0,run_20260917_162241,,unloading,unloading,25.729,25.916,99.991,4.800000011920929,0.0,0.0,0.0,60.813,0.9397,0.0
276.0,run_20260917_162241,,unloading,unloading,25.721,25.912,99.991,4.800000011920929,0.0,0.0,0.0,60.813,0.9413,0.0
277.0,run_20260917_162241,,unloading,unloading,25.714,25.907,99.991,4.800000011920929,0.0,0.0,0.0,60.813,0.943,0.0
278.0,run_20260917_162241,,unloading,unloading,25.706,25.903,99.991,4.800000011920929,0.0,0.0,0.0,60.813,0.9447,0.0
279.0,run_20260917_162241,,unloading,unloading,25.698,25.899,99.991,4.800000011920929,0.0,0.0,0.0,60.813,0.9463,0.0
280.0,run_20260917_162241,,unloading,unloading,25.691,25.894,99.991,4.800000011920929,0.0,0.0,0.0,60.813,0.948,0.0
281.0,run_20260917_162241,,unloading,unloading,25.683,25.89,99.991,4.800000011920929,0.0,0.0,0.0,60.813,0.9497,0.0
282.0,run_20260917_162241,,waiting,waiting,25.676,25.886,99.99,0.0,0.0,0.0,0.0,60.813,0.9513,0.0
283.0,run_20260917_162241,,driving,driving,25.668,25.883,99.99,0.0,0.038,0.021,0.013,60.826,0.9531,0.0
284.0,run_20260917_162241,,driving,driving,25.658,25.889,99.99,0.0,0.29,0.161,0.0859,60.912,0.9552,0.0
285.0,run_20260917_162241,,driving,driving,25.642,25.918,99.99,0.0,0.897,0.5,0.3859,61.297,0.9588,0.0
286.0,run_20260917_162241,,driving,driving,25.623,25.945,99.99,0.0,0.85,0.474,0.4923,61.79,0.9629,0.0
287.0,run_20260917_162241,,driving,driving,25.604,25.974,99.99,0.0,0.892,0.497,0.5013,62.291,0.9671,0.0
288.0,run_20260917_162241,,driving,driving,25.585,26.003,99.99,0.0,0.897,0.5,0.484,62.775,0.9712,0.0
289.0,run_20260917_162241,,driving,driving,25.566,26.032,99.99,0.0,0.893,0.498,0.5031,63.278,0.9754,0.0
290.0,run_20260917_162241,,driving,driving,25.547,26.06,99.99,0.0,0.888,0.495,0.5021,63.78,0.9796,0.0
291.0,run_20260917_162241,,driving,driving,25.528,26.089,99.99,0.0,0.896,0.499,0.5025,64.283,0.9838,0.0
292.0,run_20260917_162241,,driving,driving,25.509,26.117,99.99,0.0,0.894,0.498,0.4993,64.782,0.9879,0.0
293.0,run_20260917_162241,,driving,driving,25.491,26.146,99.99,0.0,0.897,0.5,0.4855,65.268,0.992,0.0
294.0,run_20260917_162241,,driving,driving,25.473,26.165,99.99,0.0,0.631,0.352,0.4422,65.71,0.9959,0.0
295.0,run_20260917_162241,,driving,driving,25.46,26.168,99.99,0.0,0.225,0.125,0.2602,65.97,0.9989,0.0
296.0,run_20260917_162241,,driving,driving,25.451,26.17,99.99,0.0,0.179,0.1,0.056,66.026,1.0009,0.0
297.0,run_20260917_162241,,driving,driving,25.441,26.167,99.99,0.0,0.036,0.02,0.0757,66.102,1.0029,0.0
298.0,run_20260917_162241,,charging,charging,25.465,26.16,99.99,0.0,0.0,0.0,0.0,66.102,1.0029,0.0053
299.0,run_20260917_162241,,charging,charging,25.489,26.153,99.99,0.0,0.0,0.0,0.0,66.102,1.0029,0.0106
300.0,run_20260917_162241,,charging,charging,25.513,26.147,99.99,0.0,0.0,0.0,0.0,66.102,1.0029,0.0158
301.0,run_20260917_162241,,charging,charging,25.537,26.14,99.99,0.0,0.0,0.0,0.0,66.102,1.0029,0.0211
302.0,run_20260917_162241,,charging,charging,25.561,26.133,99.99,0.0,0.0,0.0,0.0,66.102,1.0029,0.0264
303.0,run_20260917_162241,,charging,charging,25.585,26.126,99.99,0.0,0.0,0.0,0.0,66.102,1.0029,0.0317
304.0,run_20260917_162241,,charging,charging,25.609,26.119,99.99,0.0,0.0,0.0,0.0,66.102,1.0029,0.0369
305.0,run_20260917_162241,,charging,charging,25.633,26.113,99.99,0.0,0.0,0.0,0.0,66.102,1.0029,0.0422
306.0,run_20260917_162241,,charging,charging,25.657,26.106,99.99,0.0,0.0,0.0,0.0,66.102,1.0029,0.0475
307.0,run_20260917_162241,,charging,charging,25.681,26.099,99.99,0.0,0.0,0.0,0.0,66.102,1.0029,0.0528
308.0,run_20260917_162241,,charging,charging,25.705,26.092,99.99,0.0,0.0,0.0,0.0,66.102,1.0029,0.0581
309.0,run_20260917_162241,,charging,charging,25.729,26.085,99.99,0.0,0.0,0.0,0.0,66.102,1.0029,0.0633
310.0,run_20260917_162241,,charging,charging,25.753,26.079,99.99,0.0,0.0,0.0,0.0,66.102,1.0029,0.0686
311.0,run_20260917_162241,,charging,charging,25.777,26.072,99.99,0.0,0.0,0.0,0.0,66.102,1.0029,0.0739
312.0,run_20260917_162241,,charging,charging,25.801,26.065,99.99,0.0,0.0,0.0,0.0,66.102,1.0029,0.0792
313.0,run_20260917_162241,,charging,charging,25.825,26.059,99.99,0.0,0.0,0.0,0.0,66.102,1.0029,0.0844
314.0,run_20260917_162241,,charging,charging,25.849,26.052,99.99,0.0,0.0,0.0,0.0,66.102,1.0029,0.0897
315.0,run_20260917_162241,,charging,charging,25.873,26.045,99.99,0.0,0.0,0.0,0.0,66.102,1.0029,0.095
316.0,run_20260917_162241,,charging,charging,25.897,26.039,99.99,0.0,0.0,0.0,0.0,66.102,1.0029,0.1003
317.0,run_20260917_162241,,charging,charging,25.921,26.032,99.99,0.0,0.0,0.0,0.0,66.102,1.0029,0.1056
318.0,run_20260917_162241,,charging,charging,25.945,26.025,99.99,0.0,0.0,0.0,0.0,66.102,1.0029,0.1108
319.0,run_20260917_162241,,charging,charging,25.969,26.019,99.99,0.0,0.0,0.0,0.0,66.102,1.0029,0.1161
320.0,run_20260917_162241,,charging,charging,25.993,26.012,99.99,0.0,0.0,0.0,0.0,66.102,1.0029,0.1214
321.0,run_20260917_162241,,charging,charging,26.017,26.005,99.99,0.0,0.0,0.0,0.0,66.102,1.0029,0.1267
322.0,run_20260917_162241,,charging,charging,26.041,25.999,99.99,0.0,0.0,0.0,0.0,66.102,1.0029,0.1319
323.0,run_20260917_162241,,charging,charging,26.065,25.992,99.99,0.0,0.0,0.0,0.0,66.102,1.0029,0.1372
324.0,run_20260917_162241,,charging,charging,26.089,25.986,99.99,0.0,0.0,0.0,0.0,66.102,1.0029,0.1425
325.0,run_20260917_162241,,charging,charging,26.113,25.979,99.99,0.0,0.0,0.0,0.0,66.102,1.0029,0.1478
326.0,run_20260917_162241,,charging,charging,26.137,25.972,99.99,0.0,0.0,0.0,0.0,66.102,1.0029,0.1531
327.0,run_20260917_162241,,charging,charging,26.161,25.966,99.99,0.0,0.0,0.0,0.0,66.102,1.0029,0.1583
328.0,run_20260917_162241,,charging,charging,26.185,25.959,99.99,0.0,0.0,0.0,0.0,66.102,1.0029,0.1636
329.0,run_20260917_162241,,charging,charging,26.209,25.953,99.99,0.0,0.0,0.0,0.0,66.102,1.0029,0.1689
330.0,run_20260917_162241,,charging,charging,26.233,25.946,99.99,0.0,0.0,0.0,0.0,66.102,1.0029,0.1742
331.0,run_20260917_162241,,charging,charging,26.257,25.94,99.99,0.0,0.0,0.0,0.0,66.102,1.0029,0.1794
332.0,run_20260917_162241,,charging,charging,26.281,25.933,99.99,0.0,0.0,0.0,0.0,66.102,1.0029,0.1847
333.0,run_20260917_162241,,charging,charging,26.305,25.927,99.99,0.0,0.0,0.0,0.0,66.102,1.0029,0.19
334.0,run_20260917_162241,,charging,charging,26.329,25.92,99.99,0.0,0.0,0.0,0.0,66.102,1.0029,0.1953
335.0,run_20260917_162241,,charging,charging,26.353,25.914,99.99,0.0,0.0,0.0,0.0,66.102,1.0029,0.2006
336.0,run_20260917_162241,,charging,charging,26.377,25.907,99.99,0.0,0.0,0.0,0.0,66.102,1.0029,0.2058
337.0,run_20260917_162241,,charging,charging,26.401,25.901,99.99,0.0,0.0,0.0,0.0,66.102,1.0029,0.2111
338.0,run_20260917_162241,,charging,charging,26.425,25.894,99.99,0.0,0.0,0.0,0.0,66.102,1.0029,0.2164
339.0,run_20260917_162241,,charging,charging,26.449,25.888,99.99,0.0,0.0,0.0,0.0,66.102,1.0029,0.2217
340.0,run_20260917_162241,,charging,charging,26.473,25.882,99.99,0.0,0.0,0.0,0.0,66.102,1.0029,0.2269
341.0,run_20260917_162241,,charging,charging,26.497,25.875,99.99,0.0,0.0,0.0,0.0,66.102,1.0029,0.2322
342.0,run_20260917_162241,,charging,charging,26.521,25.869,99.99,0.0,0.0,0.0,0.0,66.102,1.0029,0.2375
343.0,run_20260917_162241,,charging,charging,26.545,25.862,99.99,0.0,0.0,0.0,0.0,66.102,1.0029,0.2428
344.0,run_20260917_162241,,charging,charging,26.569,25.856,99.99,0.0,0.0,0.0,0.0,66.102,1.0029,0.2481
345.0,run_20260917_162241,,charging,charging,26.593,25.85,99.99,0.0,0.0,0.0,0.0,66.102,1.0029,0.2533
346.0,run_20260917_162241,,charging,charging,26.617,25.843,99.99,0.0,0.0,0.0,0.0,66.102,1.0029,0.2586
347.0,run_20260917_162241,,charging,charging,26.641,25.837,99.99,0.0,0.0,0.0,0.0,66.102,1.0029,0.2639
348.0,run_20260917_162241,,charging,charging,26.665,25.831,99.99,0.0,0.0,0.0,0.0,66.102,1.0029,0.2692
349.0,run_20260917_162241,,charging,charging,26.689,25.824,99.99,0.0,0.0,0.0,0.0,66.102,1.0029,0.2744
350.0,run_20260917_162241,,charging,charging,26.713,25.818,99.99,0.0,0.0,0.0,0.0,66.102,1.0029,0.2797
351.0,run_20260917_162241,,charging,charging,26.737,25.812,99.99,0.0,0.0,0.0,0.0,66.102,1.0029,0.285
352.0,run_20260917_162241,,charging,charging,26.761,25.805,99.99,0.0,0.0,0.0,0.0,66.102,1.0029,0.2903
353.0,run_20260917_162241,,charging,charging,26.785,25.799,99.99,0.0,0.0,0.0,0.0,66.102,1.0029,0.2956
354.0,run_20260917_162241,,charging,charging,26.809,25.793,99.99,0.0,0.0,0.0,0.0,66.102,1.0029,0.3008
355.0,run_20260917_162241,,charging,charging,26.833,25.787,99.99,0.0,0.0,0.0,0.0,66.102,1.0029,0.3061
356.0,run_20260917_162241,,charging,charging,26.857,25.78,99.99,0.0,0.0,0.0,0.0,66.102,1.0029,0.3114
357.0,run_20260917_162241,,charging,charging,26.881,25.774,99.99,0.0,0.0,0.0,0.0,66.102,1.0029,0.3167
358.0,run_20260917_162241,,charging,charging,26.905,25.768,99.99,0.0,0.0,0.0,0.0,66.102,1.0029,0.3219
359.0,run_20260917_162241,,charging,charging,26.929,25.762,99.99,0.0,0.0,0.0,0.0,66.102,1.0029,0.3272
360.0,run_20260917_162241,,charging,charging,26.953,25.755,99.99,0.0,0.0,0.0,0.0,66.102,1.0029,0.3325
361.0,run_20260917_162241,,charging,charging,26.977,25.749,99.99,0.0,0.0,0.0,0.0,66.102,1.0029,0.3378
362.0,run_20260917_162241,,charging,charging,27.001,25.743,99.99,0.0,0.0,0.0,0.0,66.102,1.0029,0.3431
363.0,run_20260917_162241,,charging,charging,27.025,25.737,99.99,0.0,0.0,0.0,0.0,66.102,1.0029,0.3483
364.004,run_20260917_162241,,charging,charging,27.049,25.731,99.99,0.0,0.0,0.0,0.0,66.102,1.0029,0.3536
365.0,run_20260917_162241,,charging,charging,27.073,25.725,99.99,0.0,0.0,0.0,0.0,66.102,1.0029,0.3589
366.0,run_20260917_162241,,charging,charging,27.097,25.718,99.99,0.0,0.0,0.0,0.0,66.102,1.0029,0.3642
367.0,run_20260917_162241,,charging,charging,27.121,25.712,99.99,0.0,0.0,0.0,0.0,66.102,1.0029,0.3694
368.0,run_20260917_162241,,charging,charging,27.145,25.706,99.99,0.0,0.0,0.0,0.0,66.102,1.0029,0.3747
369.0,run_20260917_162241,,charging,charging,27.169,25.7,99.99,0.0,0.0,0.0,0.0,66.102,1.0029,0.38
370.0,run_20260917_162241,,charging,charging,27.193,25.694,99.99,0.0,0.0,0.0,0.0,66.102,1.0029,0.3853
371.0,run_20260917_162241,,charging,charging,27.217,25.688,99.99,0.0,0.0,0.0,0.0,66.102,1.0029,0.3906
372.0,run_20260917_162241,,charging,charging,27.241,25.682,99.99,0.0,0.0,0.0,0.0,66.102,1.0029,0.3958
373.0,run_20260917_162241,,charging,charging,27.265,25.676,99.99,0.0,0.0,0.0,0.0,66.102,1.0029,0.4011
374.0,run_20260917_162241,,charging,charging,27.289,25.67,99.99,0.0,0.0,0.0,0.0,66.102,1.0029,0.4064
375.0,run_20260917_162241,,charging,charging,27.313,25.664,99.99,0.0,0.0,0.0,0.0,66.102,1.0029,0.4117
376.0,run_20260917_162241,,charging,charging,27.337,25.658,99.99,0.0,0.0,0.0,0.0,66.102,1.0029,0.4169
377.0,run_20260917_162241,,charging,charging,27.361,25.652,99.99,0.0,0.0,0.0,0.0,66.102,1.0029,0.4222
378.0,run_20260917_162241,,charging,charging,27.385,25.645,99.99,0.0,0.0,0.0,0.0,66.102,1.0029,0.4275
379.0,run_20260917_162241,,charging,charging,27.409,25.639,99.99,0.0,0.0,0.0,0.0,66.102,1.0029,0.4328
380.0,run_20260917_162241,,charging,charging,27.433,25.633,99.99,0.0,0.0,0.0,0.0,66.102,1.0029,0.4381
381.0,run_20260917_162241,,charging,charging,27.456,25.627,99.99,0.0,0.0,0.0,0.0,66.102,1.0029,0.4433
382.0,run_20260917_162241,,charging,charging,27.48,25.621,99.99,0.0,0.0,0.0,0.0,66.102,1.0029,0.4486
383.0,run_20260917_162241,,charging,charging,27.504,25.616,99.99,0.0,0.0,0.0,0.0,66.102,1.0029,0.4539
384.0,run_20260917_162241,,charging,charging,27.528,25.61,99.99,0.0,0.0,0.0,0.0,66.102,1.0029,0.4592
385.0,run_20260917_162241,,charging,charging,27.552,25.604,99.99,0.0,0.0,0.0,0.0,66.102,1.0029,0.4644
386.0,run_20260917_162241,,charging,charging,27.576,25.598,99.99,0.0,0.0,0.0,0.0,66.102,1.0029,0.4697
387.0,run_20260917_162241,,charging,charging,27.6,25.592,99.99,0.0,0.0,0.0,0.0,66.102,1.0029,0.475
388.0,run_20260917_162241,,charging,charging,27.624,25.586,99.99,0.0,0.0,0.0,0.0,66.102,1.0029,0.4803
389.0,run_20260917_162241,,charging,charging,27.648,25.58,99.99,0.0,0.0,0.0,0.0,66.102,1.0029,0.4856
390.0,run_20260917_162241,,charging,charging,27.672,25.574,99.99,0.0,0.0,0.0,0.0,66.102,1.0029,0.4908
391.0,run_20260917_162241,,charging,charging,27.696,25.568,99.99,0.0,0.0,0.0,0.0,66.102,1.0029,0.4961
392.0,run_20260917_162241,,charging,charging,27.72,25.562,99.99,0.0,0.0,0.0,0.0,66.102,1.0029,0.5014
393.0,run_20260917_162241,,charging,charging,27.744,25.556,99.99,0.0,0.0,0.0,0.0,66.102,1.0029,0.5067
394.0,run_20260917_162241,,charging,charging,27.768,25.55,99.99,0.0,0.0,0.0,0.0,66.102,1.0029,0.5119
395.0,run_20260917_162241,,charging,charging,27.792,25.545,99.99,0.0,0.0,0.0,0.0,66.102,1.0029,0.5172
396.0,run_20260917_162241,,charging,charging,27.816,25.539,99.99,0.0,0.0,0.0,0.0,66.102,1.0029,0.5225
397.004,run_20260917_162241,,charging,charging,27.84,25.533,99.99,0.0,0.0,0.0,0.0,66.102,1.0029,0.5278
398.0,run_20260917_162241,,charging,charging,27.864,25.527,99.99,0.0,0.0,0.0,0.0,66.102,1.0029,0.5331
399.0,run_20260917_162241,,charging,charging,27.888,25.521,99.99,0.0,0.0,0.0,0.0,66.102,1.0029,0.5383
400.0,run_20260917_162241,,charging,charging,27.912,25.515,99.99,0.0,0.0,0.0,0.0,66.102,1.0029,0.5436
401.0,run_20260917_162241,,charging,charging,27.936,25.51,99.99,0.0,0.0,0.0,0.0,66.102,1.0029,0.5489
402.0,run_20260917_162241,,charging,charging,27.96,25.504,99.99,0.0,0.0,0.0,0.0,66.102,1.0029,0.5542
403.0,run_20260917_162241,,charging,charging,27.984,25.498,99.99,0.0,0.0,0.0,0.0,66.102,1.0029,0.5594
404.0,run_20260917_162241,,charging,charging,28.008,25.492,99.99,0.0,0.0,0.0,0.0,66.102,1.0029,0.5647
405.0,run_20260917_162241,,charging,charging,28.032,25.487,99.99,0.0,0.0,0.0,0.0,66.102,1.0029,0.57
406.0,run_20260917_162241,,charging,charging,28.056,25.481,99.99,0.0,0.0,0.0,0.0,66.102,1.0029,0.5753
407.0,run_20260917_162241,,charging,charging,28.08,25.475,99.99,0.0,0.0,0.0,0.0,66.102,1.0029,0.5806
408.0,run_20260917_162241,,charging,charging,28.104,25.469,99.99,0.0,0.0,0.0,0.0,66.102,1.0029,0.5858
409.0,run_20260917_162241,,charging,charging,28.128,25.464,99.99,0.0,0.0,0.0,0.0,66.102,1.0029,0.5911
410.0,run_20260917_162241,,charging,charging,28.152,25.458,99.99,0.0,0.0,0.0,0.0,66.102,1.0029,0.5964
411.0,run_20260917_162241,,charging,charging,28.176,25.452,99.99,0.0,0.0,0.0,0.0,66.102,1.0029,0.6017
412.0,run_20260917_162241,,charging,charging,28.2,25.446,99.99,0.0,0.0,0.0,0.0,66.102,1.0029,0.6069
413.0,run_20260917_162241,,charging,charging,28.224,25.441,99.99,0.0,0.0,0.0,0.0,66.102,1.0029,0.6122
414.0,run_20260917_162241,,charging,charging,28.248,25.435,99.99,0.0,0.0,0.0,0.0,66.102,1.0029,0.6175
415.0,run_20260917_162241,,charging,charging,28.272,25.429,99.99,0.0,0.0,0.0,0.0,66.102,1.0029,0.6228
416.0,run_20260917_162241,,charging,charging,28.296,25.424,99.99,0.0,0.0,0.0,0.0,66.102,1.0029,0.6281
417.0,run_20260917_162241,,charging,charging,28.32,25.418,99.99,0.0,0.0,0.0,0.0,66.102,1.0029,0.6333
418.0,run_20260917_162241,,charging,charging,28.344,25.412,99.99,0.0,0.0,0.0,0.0,66.102,1.0029,0.6386
419.0,run_20260917_162241,,charging,charging,28.368,25.407,99.99,0.0,0.0,0.0,0.0,66.102,1.0029,0.6439
420.0,run_20260917_162241,,charging,charging,28.392,25.401,99.99,0.0,0.0,0.0,0.0,66.102,1.0029,0.6492
421.0,run_20260917_162241,,charging,charging,28.416,25.396,99.99,0.0,0.0,0.0,0.0,66.102,1.0029,0.6544
422.0,run_20260917_162241,,charging,charging,28.44,25.39,99.99,0.0,0.0,0.0,0.0,66.102,1.0029,0.6597
423.0,run_20260917_162241,,charging,charging,28.464,25.384,99.99,0.0,0.0,0.0,0.0,66.102,1.0029,0.665
424.0,run_20260917_162241,,charging,charging,28.488,25.379,99.99,0.0,0.0,0.0,0.0,66.102,1.0029,0.6703
425.0,run_20260917_162241,,charging,charging,28.512,25.373,99.99,0.0,0.0,0.0,0.0,66.102,1.0029,0.6756
426.0,run_20260917_162241,,charging,charging,28.536,25.368,99.99,0.0,0.0,0.0,0.0,66.102,1.0029,0.6808
427.0,run_20260917_162241,,charging,charging,28.56,25.362,99.99,0.0,0.0,0.0,0.0,66.102,1.0029,0.6861
428.0,run_20260917_162241,,charging,charging,28.584,25.357,99.99,0.0,0.0,0.0,0.0,66.102,1.0029,0.6914
429.0,run_20260917_162241,,charging,charging,28.608,25.351,99.99,0.0,0.0,0.0,0.0,66.102,1.0029,0.6967
430.0,run_20260917_162241,,charging,charging,28.632,25.346,99.99,0.0,0.0,0.0,0.0,66.102,1.0029,0.7019
431.0,run_20260917_162241,,charging,charging,28.656,25.34,99.99,0.0,0.0,0.0,0.0,66.102,1.0029,0.7072
432.0,run_20260917_162241,,charging,charging,28.68,25.334,99.99,0.0,0.0,0.0,0.0,66.102,1.0029,0.7125
433.0,run_20260917_162241,,charging,charging,28.704,25.329,99.99,0.0,0.0,0.0,0.0,66.102,1.0029,0.7178
434.0,run_20260917_162241,,charging,charging,28.728,25.323,99.99,0.0,0.0,0.0,0.0,66.102,1.0029,0.7231
435.0,run_20260917_162241,,charging,charging,28.752,25.318,99.99,0.0,0.0,0.0,0.0,66.102,1.0029,0.7283
436.0,run_20260917_162241,,charging,charging,28.776,25.313,99.99,0.0,0.0,0.0,0.0,66.102,1.0029,0.7336
437.0,run_20260917_162241,,charging,charging,28.8,25.307,99.99,0.0,0.0,0.0,0.0,66.102,1.0029,0.7389
438.0,run_20260917_162241,,charging,charging,28.824,25.302,99.99,0.0,0.0,0.0,0.0,66.102,1.0029,0.7442
439.0,run_20260917_162241,,charging,charging,28.848,25.296,99.99,0.0,0.0,0.0,0.0,66.102,1.0029,0.7494
440.0,run_20260917_162241,,charging,charging,28.872,25.291,99.99,0.0,0.0,0.0,0.0,66.102,1.0029,0.7547
441.0,run_20260917_162241,,charging,charging,28.896,25.285,99.99,0.0,0.0,0.0,0.0,66.102,1.0029,0.76
442.0,run_20260917_162241,,charging,charging,28.92,25.28,99.99,0.0,0.0,0.0,0.0,66.102,1.0029,0.7653
443.0,run_20260917_162241,,charging,charging,28.944,25.274,99.99,0.0,0.0,0.0,0.0,66.102,1.0029,0.7706
444.0,run_20260917_162241,,charging,charging,28.968,25.269,99.99,0.0,0.0,0.0,0.0,66.102,1.0029,0.7758
445.0,run_20260917_162241,,charging,charging,28.992,25.264,99.99,0.0,0.0,0.0,0.0,66.102,1.0029,0.7811
446.0,run_20260917_162241,,charging,charging,29.016,25.258,99.99,0.0,0.0,0.0,0.0,66.102,1.0029,0.7864
447.0,run_20260917_162241,,charging,charging,29.04,25.253,99.99,0.0,0.0,0.0,0.0,66.102,1.0029,0.7917
448.0,run_20260917_162241,,charging,charging,29.064,25.248,99.99,0.0,0.0,0.0,0.0,66.102,1.0029,0.7969
449.0,run_20260917_162241,,charging,charging,29.088,25.242,99.99,0.0,0.0,0.0,0.0,66.102,1.0029,0.8022
450.0,run_20260917_162241,,charging,charging,29.112,25.237,99.99,0.0,0.0,0.0,0.0,66.102,1.0029,0.8075
451.0,run_20260917_162241,,charging,charging,29.136,25.231,99.99,0.0,0.0,0.0,0.0,66.102,1.0029,0.8128
452.0,run_20260917_162241,,charging,charging,29.16,25.226,99.99,0.0,0.0,0.0,0.0,66.102,1.0029,0.8181
453.0,run_20260917_162241,,charging,charging,29.184,25.221,99.99,0.0,0.0,0.0,0.0,66.102,1.0029,0.8233
454.0,run_20260917_162241,,charging,charging,29.208,25.216,99.99,0.0,0.0,0.0,0.0,66.102,1.0029,0.8286
455.0,run_20260917_162241,,charging,charging,29.232,25.21,99.99,0.0,0.0,0.0,0.0,66.102,1.0029,0.8339
456.0,run_20260917_162241,,charging,charging,29.256,25.205,99.99,0.0,0.0,0.0,0.0,66.102,1.0029,0.8392
457.0,run_20260917_162241,,charging,charging,29.28,25.2,99.99,0.0,0.0,0.0,0.0,66.102,1.0029,0.8444
458.0,run_20260917_162241,,charging,charging,29.304,25.194,99.99,0.0,0.0,0.0,0.0,66.102,1.0029,0.8497
459.0,run_20260917_162241,,charging,charging,29.328,25.189,99.99,0.0,0.0,0.0,0.0,66.102,1.0029,0.855
460.0,run_20260917_162241,,charging,charging,29.352,25.184,99.99,0.0,0.0,0.0,0.0,66.102,1.0029,0.8603
461.0,run_20260917_162241,,charging,charging,29.376,25.179,99.99,0.0,0.0,0.0,0.0,66.102,1.0029,0.8656
462.0,run_20260917_162241,,charging,charging,29.4,25.173,99.99,0.0,0.0,0.0,0.0,66.102,1.0029,0.8708
463.0,run_20260917_162241,,charging,charging,29.424,25.168,99.99,0.0,0.0,0.0,0.0,66.102,1.0029,0.8761
464.0,run_20260917_162241,,charging,charging,29.448,25.163,99.99,0.0,0.0,0.0,0.0,66.102,1.0029,0.8814
465.0,run_20260917_162241,,charging,charging,29.472,25.158,99.99,0.0,0.0,0.0,0.0,66.102,1.0029,0.8867
466.0,run_20260917_162241,,charging,charging,29.496,25.152,99.99,0.0,0.0,0.0,0.0,66.102,1.0029,0.8919
467.0,run_20260917_162241,,charging,charging,29.52,25.147,99.99,0.0,0.0,0.0,0.0,66.102,1.0029,0.8972
468.0,run_20260917_162241,,charging,charging,29.544,25.142,99.99,0.0,0.0,0.0,0.0,66.102,1.0029,0.9025
469.0,run_20260917_162241,,charging,charging,29.568,25.137,99.99,0.0,0.0,0.0,0.0,66.102,1.0029,0.9078
470.0,run_20260917_162241,,charging,charging,29.592,25.132,99.99,0.0,0.0,0.0,0.0,66.102,1.0029,0.9131
471.0,run_20260917_162241,,charging,charging,29.616,25.127,99.99,0.0,0.0,0.0,0.0,66.102,1.0029,0.9183
472.0,run_20260917_162241,,charging,charging,29.64,25.121,99.99,0.0,0.0,0.0,0.0,66.102,1.0029,0.9236
473.0,run_20260917_162241,,charging,charging,29.664,25.116,99.99,0.0,0.0,0.0,0.0,66.102,1.0029,0.9289
474.0,run_20260917_162241,,charging,charging,29.688,25.111,99.99,0.0,0.0,0.0,0.0,66.102,1.0029,0.9342
475.0,run_20260917_162241,,charging,charging,29.712,25.106,99.99,0.0,0.0,0.0,0.0,66.102,1.0029,0.9394
476.0,run_20260917_162241,,charging,charging,29.736,25.101,99.99,0.0,0.0,0.0,0.0,66.102,1.0029,0.9447
477.0,run_20260917_162241,,charging,charging,29.76,25.096,99.99,0.0,0.0,0.0,0.0,66.102,1.0029,0.95
478.0,run_20260917_162241,,charging,charging,29.784,25.091,99.99,0.0,0.0,0.0,0.0,66.102,1.0029,0.9553
479.0,run_20260917_162241,,charging,charging,29.808,25.085,99.99,0.0,0.0,0.0,0.0,66.102,1.0029,0.9606
480.0,run_20260917_162241,,charging,charging,29.831,25.08,99.99,0.0,0.0,0.0,0.0,66.102,1.0029,0.9658
481.0,run_20260917_162241,,charging,charging,29.855,25.075,99.99,0.0,0.0,0.0,0.0,66.102,1.0029,0.9711
482.0,run_20260917_162241,,charging,charging,29.879,25.07,99.99,0.0,0.0,0.0,0.0,66.102,1.0029,0.9764
483.0,run_20260917_162241,,charging,charging,29.903,25.065,99.99,0.0,0.0,0.0,0.0,66.102,1.0029,0.9817
484.0,run_20260917_162241,,charging,charging,29.927,25.06,99.99,0.0,0.0,0.0,0.0,66.102,1.0029,0.9869
485.0,run_20260917_162241,,charging,charging,29.951,25.055,99.99,0.0,0.0,0.0,0.0,66.102,1.0029,0.9922
486.0,run_20260917_162241,,charging,charging,29.975,25.05,99.99,0.0,0.0,0.0,0.0,66.102,1.0029,0.9975
487.0,run_20260917_162241,,charging,charging,29.999,25.045,99.99,0.0,0.0,0.0,0.0,66.102,1.0029,1.0028
488.0,run_20260917_162241,,charging,charging,30.023,25.04,99.99,0.0,0.0,0.0,0.0,66.102,1.0029,1.0081
489.0,run_20260917_162241,,charging,charging,30.047,25.035,99.99,0.0,0.0,0.0,0.0,66.102,1.0029,1.0133
490.0,run_20260917_162241,,charging,charging,30.071,25.03,99.99,0.0,0.0,0.0,0.0,66.102,1.0029,1.0186
491.0,run_20260917_162241,,charging,charging,30.095,25.025,99.99,0.0,0.0,0.0,0.0,66.102,1.0029,1.0239
492.0,run_20260917_162241,,charging,charging,30.119,25.02,99.99,0.0,0.0,0.0,0.0,66.102,1.0029,1.0292
493.0,run_20260917_162241,,charging,charging,30.143,25.015,99.99,0.0,0.0,0.0,0.0,66.102,1.0029,1.0344
494.0,run_20260917_162241,,charging,charging,30.167,25.01,99.99,0.0,0.0,0.0,0.0,66.102,1.0029,1.0397
495.0,run_20260917_162241,,charging,charging,30.191,25.005,99.99,0.0,0.0,0.0,0.0,66.102,1.0029,1.045
496.0,run_20260917_162241,,charging,charging,30.215,25.0,99.99,0.0,0.0,0.0,0.0,66.102,1.0029,1.0503
497.0,run_20260917_162241,,charging,charging,30.239,24.995,99.99,0.0,0.0,0.0,0.0,66.102,1.0029,1.0556
498.0,run_20260917_162241,,charging,charging,30.263,24.99,99.99,0.0,0.0,0.0,0.0,66.102,1.0029,1.0608
499.0,run_20260917_162241,,charging,charging,30.287,24.985,99.99,0.0,0.0,0.0,0.0,66.102,1.0029,1.0661
500.0,run_20260917_162241,,charging,charging,30.311,24.98,99.99,0.0,0.0,0.0,0.0,66.102,1.0029,1.0714
501.0,run_20260917_162241,,charging,charging,30.335,24.975,99.99,0.0,0.0,0.0,0.0,66.102,1.0029,1.0767
502.0,run_20260917_162241,,charging,charging,30.359,24.97,99.99,0.0,0.0,0.0,0.0,66.102,1.0029,1.0819
503.0,run_20260917_162241,,charging,charging,30.383,24.966,99.99,0.0,0.0,0.0,0.0,66.102,1.0029,1.0872
504.0,run_20260917_162241,,charging,charging,30.407,24.961,99.99,0.0,0.0,0.0,0.0,66.102,1.0029,1.0925
505.0,run_20260917_162241,,charging,charging,30.431,24.956,99.99,0.0,0.0,0.0,0.0,66.102,1.0029,1.0978
506.0,run_20260917_162241,,charging,charging,30.455,24.951,99.99,0.0,0.0,0.0,0.0,66.102,1.0029,1.1031
507.0,run_20260917_162241,,charging,charging,30.479,24.946,99.99,0.0,0.0,0.0,0.0,66.102,1.0029,1.1083
508.0,run_20260917_162241,,charging,charging,30.503,24.941,99.99,0.0,0.0,0.0,0.0,66.102,1.0029,1.1136
509.0,run_20260917_162241,,charging,charging,30.527,24.936,99.99,0.0,0.0,0.0,0.0,66.102,1.0029,1.1189
510.0,run_20260917_162241,,charging,charging,30.551,24.931,99.99,0.0,0.0,0.0,0.0,66.102,1.0029,1.1242
511.0,run_20260917_162241,,charging,charging,30.575,24.927,99.99,0.0,0.0,0.0,0.0,66.102,1.0029,1.1294
512.0,run_20260917_162241,,charging,charging,30.599,24.922,99.99,0.0,0.0,0.0,0.0,66.102,1.0029,1.1347
513.0,run_20260917_162241,,charging,charging,30.623,24.917,99.99,0.0,0.0,0.0,0.0,66.102,1.0029,1.14
514.0,run_20260917_162241,,charging,charging,30.647,24.912,99.99,0.0,0.0,0.0,0.0,66.102,1.0029,1.1453
515.0,run_20260917_162241,,charging,charging,30.671,24.907,99.99,0.0,0.0,0.0,0.0,66.102,1.0029,1.1506
516.0,run_20260917_162241,,charging,charging,30.695,24.903,99.99,0.0,0.0,0.0,0.0,66.102,1.0029,1.1558
517.0,run_20260917_162241,,charging,charging,30.719,24.898,99.99,0.0,0.0,0.0,0.0,66.102,1.0029,1.1611
518.0,run_20260917_162241,,charging,charging,30.743,24.893,99.99,0.0,0.0,0.0,0.0,66.102,1.0029,1.1664
519.0,run_20260917_162241,,charging,charging,30.767,24.888,99.99,0.0,0.0,0.0,0.0,66.102,1.0029,1.1717
520.0,run_20260917_162241,,charging,charging,30.791,24.883,99.99,0.0,0.0,0.0,0.0,66.102,1.0029,1.1769
521.0,run_20260917_162241,,charging,charging,30.815,24.879,99.99,0.0,0.0,0.0,0.0,66.102,1.0029,1.1822
522.0,run_20260917_162241,,charging,charging,30.839,24.874,99.99,0.0,0.0,0.0,0.0,66.102,1.0029,1.1875
523.0,run_20260917_162241,,charging,charging,30.863,24.869,99.99,0.0,0.0,0.0,0.0,66.102,1.0029,1.1928
524.0,run_20260917_162241,,charging,charging,30.887,24.864,99.99,0.0,0.0,0.0,0.0,66.102,1.0029,1.1981
525.0,run_20260917_162241,,charging,charging,30.911,24.86,99.99,0.0,0.0,0.0,0.0,66.102,1.0029,1.2033
526.0,run_20260917_162241,,charging,charging,30.935,24.855,99.99,0.0,0.0,0.0,0.0,66.102,1.0029,1.2086
527.0,run_20260917_162241,,charging,charging,30.959,24.85,99.99,0.0,0.0,0.0,0.0,66.102,1.0029,1.2139
528.0,run_20260917_162241,,charging,charging,30.983,24.846,99.99,0.0,0.0,0.0,0.0,66.102,1.0029,1.2192
529.0,run_20260917_162241,,charging,charging,31.007,24.841,99.99,0.0,0.0,0.0,0.0,66.102,1.0029,1.2244
530.0,run_20260917_162241,,charging,charging,31.031,24.836,99.99,0.0,0.0,0.0,0.0,66.102,1.0029,1.2297
531.0,run_20260917_162241,,charging,charging,31.055,24.832,99.99,0.0,0.0,0.0,0.0,66.102,1.0029,1.235
532.0,run_20260917_162241,,charging,charging,31.079,24.827,99.99,0.0,0.0,0.0,0.0,66.102,1.0029,1.2403
533.0,run_20260917_162241,,charging,charging,31.103,24.822,99.99,0.0,0.0,0.0,0.0,66.102,1.0029,1.2456
534.0,run_20260917_162241,,charging,charging,31.127,24.818,99.99,0.0,0.0,0.0,0.0,66.102,1.0029,1.2508
535.0,run_20260917_162241,,charging,charging,31.151,24.813,99.99,0.0,0.0,0.0,0.0,66.102,1.0029,1.2561
536.0,run_20260917_162241,,charging,charging,31.175,24.808,99.99,0.0,0.0,0.0,0.0,66.102,1.0029,1.2614
537.0,run_20260917_162241,,charging,charging,31.199,24.804,99.99,0.0,0.0,0.0,0.0,66.102,1.0029,1.2667
538.0,run_20260917_162241,,charging,charging,31.223,24.799,99.99,0.0,0.0,0.0,0.0,66.102,1.0029,1.2719
539.0,run_20260917_162241,,charging,charging,31.247,24.794,99.99,0.0,0.0,0.0,0.0,66.102,1.0029,1.2772
540.0,run_20260917_162241,,charging,charging,31.271,24.79,99.99,0.0,0.0,0.0,0.0,66.102,1.0029,1.2825
541.0,run_20260917_162241,,charging,charging,31.295,24.785,99.99,0.0,0.0,0.0,0.0,66.102,1.0029,1.2878
542.0,run_20260917_162241,,charging,charging,31.319,24.781,99.99,0.0,0.0,0.0,0.0,66.102,1.0029,1.2931
543.0,run_20260917_162241,,charging,charging,31.343,24.776,99.99,0.0,0.0,0.0,0.0,66.102,1.0029,1.2983
544.0,run_20260917_162241,,charging,charging,31.367,24.771,99.99,0.0,0.0,0.0,0.0,66.102,1.0029,1.3036
545.0,run_20260917_162241,,charging,charging,31.391,24.767,99.99,0.0,0.0,0.0,0.0,66.102,1.0029,1.3089
546.0,run_20260917_162241,,charging,charging,31.415,24.762,99.99,0.0,0.0,0.0,0.0,66.102,1.0029,1.3142
547.0,run_20260917_162241,,charging,charging,31.439,24.758,99.99,0.0,0.0,0.0,0.0,66.102,1.0029,1.3194
548.0,run_20260917_162241,,charging,charging,31.463,24.753,99.99,0.0,0.0,0.0,0.0,66.102,1.0029,1.3247
549.0,run_20260917_162241,,charging,charging,31.487,24.749,99.99,0.0,0.0,0.0,0.0,66.102,1.0029,1.33
550.0,run_20260917_162241,,charging,charging,31.511,24.744,99.99,0.0,0.0,0.0,0.0,66.102,1.0029,1.3353
551.0,run_20260917_162241,,charging,charging,31.535,24.74,99.99,0.0,0.0,0.0,0.0,66.102,1.0029,1.3406
552.0,run_20260917_162241,,charging,charging,31.559,24.735,99.99,0.0,0.0,0.0,0.0,66.102,1.0029,1.3458
553.004,run_20260917_162241,,charging,charging,31.583,24.731,99.99,0.0,0.0,0.0,0.0,66.102,1.0029,1.3511
554.0,run_20260917_162241,,charging,charging,31.607,24.726,99.99,0.0,0.0,0.0,0.0,66.102,1.0029,1.3564
555.0,run_20260917_162241,,charging,charging,31.631,24.722,99.99,0.0,0.0,0.0,0.0,66.102,1.0029,1.3617
556.0,run_20260917_162241,,charging,charging,31.655,24.717,99.99,0.0,0.0,0.0,0.0,66.102,1.0029,1.3669
557.0,run_20260917_162241,,charging,charging,31.679,24.713,99.99,0.0,0.0,0.0,0.0,66.102,1.0029,1.3722
558.0,run_20260917_162241,,charging,charging,31.703,24.708,99.99,0.0,0.0,0.0,0.0,66.102,1.0029,1.3775
559.0,run_20260917_162241,,charging,charging,31.727,24.704,99.99,0.0,0.0,0.0,0.0,66.102,1.0029,1.3828
560.0,run_20260917_162241,,charging,charging,31.751,24.699,99.99,0.0,0.0,0.0,0.0,66.102,1.0029,1.3881
561.0,run_20260917_162241,,charging,charging,31.775,24.695,99.99,0.0,0.0,0.0,0.0,66.102,1.0029,1.3933
562.0,run_20260917_162241,,charging,charging,31.799,24.69,99.99,0.0,0.0,0.0,0.0,66.102,1.0029,1.3986
563.0,run_20260917_162241,,charging,charging,31.823,24.686,99.99,0.0,0.0,0.0,0.0,66.102,1.0029,1.4039
564.0,run_20260917_162241,,charging,charging,31.847,24.681,99.99,0.0,0.0,0.0,0.0,66.102,1.0029,1.4092
565.0,run_20260917_162241,,charging,charging,31.871,24.677,99.99,0.0,0.0,0.0,0.0,66.102,1.0029,1.4144
566.0,run_20260917_162241,,charging,charging,31.895,24.673,99.99,0.0,0.0,0.0,0.0,66.102,1.0029,1.4197
567.0,run_20260917_162241,,charging,charging,31.919,24.668,99.99,0.0,0.0,0.0,0.0,66.102,1.0029,1.425
568.0,run_20260917_162241,,charging,charging,31.943,24.664,99.99,0.0,0.0,0.0,0.0,66.102,1.0029,1.4303
569.0,run_20260917_162241,,charging,charging,31.967,24.659,99.99,0.0,0.0,0.0,0.0,66.102,1.0029,1.4356
570.0,run_20260917_162241,,charging,charging,31.991,24.655,99.99,0.0,0.0,0.0,0.0,66.102,1.0029,1.4408
571.0,run_20260917_162241,,charging,charging,32.015,24.651,99.99,0.0,0.0,0.0,0.0,66.102,1.0029,1.4461
572.0,run_20260917_162241,,charging,charging,32.039,24.646,99.99,0.0,0.0,0.0,0.0,66.102,1.0029,1.4514
573.0,run_20260917_162241,,charging,charging,32.063,24.642,99.99,0.0,0.0,0.0,0.0,66.102,1.0029,1.4567
574.0,run_20260917_162241,,charging,charging,32.087,24.637,99.99,0.0,0.0,0.0,0.0,66.102,1.0029,1.4619
575.0,run_20260917_162241,,charging,charging,32.111,24.633,99.99,0.0,0.0,0.0,0.0,66.102,1.0029,1.4672
576.0,run_20260917_162241,,charging,charging,32.135,24.629,99.99,0.0,0.0,0.0,0.0,66.102,1.0029,1.4725
577.0,run_20260917_162241,,charging,charging,32.159,24.624,99.99,0.0,0.0,0.0,0.0,66.102,1.0029,1.4778
578.0,run_20260917_162241,,charging,charging,32.183,24.62,99.99,0.0,0.0,0.0,0.0,66.102,1.0029,1.4831
579.0,run_20260917_162241,,charging,charging,32.206,24.616,99.99,0.0,0.0,0.0,0.0,66.102,1.0029,1.4883
580.0,run_20260917_162241,,charging,charging,32.23,24.611,99.99,0.0,0.0,0.0,0.0,66.102,1.0029,1.4936
581.0,run_20260917_162241,,charging,charging,32.254,24.607,99.99,0.0,0.0,0.0,0.0,66.102,1.0029,1.4989
582.0,run_20260917_162241,,charging,charging,32.278,24.603,99.99,0.0,0.0,0.0,0.0,66.102,1.0029,1.5042
583.0,run_20260917_162241,,charging,charging,32.302,24.599,99.99,0.0,0.0,0.0,0.0,66.102,1.0029,1.5094
584.0,run_20260917_162241,,charging,charging,32.326,24.594,99.99,0.0,0.0,0.0,0.0,66.102,1.0029,1.5147
585.0,run_20260917_162241,,charging,charging,32.35,24.59,99.99,0.0,0.0,0.0,0.0,66.102,1.0029,1.52
586.0,run_20260917_162241,,charging,charging,32.374,24.586,99.99,0.0,0.0,0.0,0.0,66.102,1.0029,1.5253
587.0,run_20260917_162241,,charging,charging,32.398,24.581,99.99,0.0,0.0,0.0,0.0,66.102,1.0029,1.5306
588.0,run_20260917_162241,,charging,charging,32.422,24.577,99.99,0.0,0.0,0.0,0.0,66.102,1.0029,1.5358
589.0,run_20260917_162241,,charging,charging,32.446,24.573,99.99,0.0,0.0,0.0,0.0,66.102,1.0029,1.5411
590.0,run_20260917_162241,,charging,charging,32.47,24.569,99.99,0.0,0.0,0.0,0.0,66.102,1.0029,1.5464
591.0,run_20260917_162241,,charging,charging,32.494,24.564,99.99,0.0,0.0,0.0,0.0,66.102,1.0029,1.5517
592.0,run_20260917_162241,,charging,charging,32.518,24.56,99.99,0.0,0.0,0.0,0.0,66.102,1.0029,1.5569
593.0,run_20260917_162241,,charging,charging,32.542,24.556,99.99,0.0,0.0,0.0,0.0,66.102,1.0029,1.5622
594.0,run_20260917_162241,,charging,charging,32.566,24.552,99.99,0.0,0.0,0.0,0.0,66.102,1.0029,1.5675
595.0,run_20260917_162241,,charging,charging,32.59,24.548,99.99,0.0,0.0,0.0,0.0,66.102,1.0029,1.5728
596.0,run_20260917_162241,,charging,charging,32.614,24.543,99.99,0.0,0.0,0.0,0.0,66.102,1.0029,1.5781
597.0,run_20260917_162241,,charging,charging,32.638,24.539,99.99,0.0,0.0,0.0,0.0,66.102,1.0029,1.5833
598.0,run_20260917_162241,,charging,charging,32.662,24.535,99.99,0.0,0.0,0.0,0.0,66.102,1.0029,1.5886
599.0,run_20260917_162241,,charging,charging,32.686,24.531,99.99,0.0,0.0,0.0,0.0,66.102,1.0029,1.5939
600.0,run_20260917_162241,,charging,charging,32.71,24.527,99.99,0.0,0.0,0.0,0.0,66.102,1.0029,1.5992
601.0,run_20260917_162241,,charging,charging,32.734,24.522,99.99,0.0,0.0,0.0,0.0,66.102,1.0029,1.6044
602.0,run_20260917_162241,,charging,charging,32.758,24.518,99.99,0.0,0.0,0.0,0.0,66.102,1.0029,1.6097
603.0,run_20260917_162241,,charging,charging,32.782,24.514,99.99,0.0,0.0,0.0,0.0,66.102,1.0029,1.615
604.0,run_20260917_162241,,charging,charging,32.806,24.51,99.99,0.0,0.0,0.0,0.0,66.102,1.0029,1.6203
605.0,run_20260917_162241,,charging,charging,32.83,24.506,99.99,0.0,0.0,0.0,0.0,66.102,1.0029,1.6256
606.0,run_20260917_162241,,charging,charging,32.854,24.502,99.99,0.0,0.0,0.0,0.0,66.102,1.0029,1.6308
607.0,run_20260917_162241,,charging,charging,32.878,24.498,99.99,0.0,0.0,0.0,0.0,66.102,1.0029,1.6361
608.0,run_20260917_162241,,charging,charging,32.902,24.493,99.99,0.0,0.0,0.0,0.0,66.102,1.0029,1.6414
609.0,run_20260917_162241,,charging,charging,32.926,24.489,99.99,0.0,0.0,0.0,0.0,66.102,1.0029,1.6467
610.0,run_20260917_162241,,charging,charging,32.95,24.485,99.99,0.0,0.0,0.0,0.0,66.102,1.0029,1.6519
611.0,run_20260917_162241,,charging,charging,32.974,24.481,99.99,0.0,0.0,0.0,0.0,66.102,1.0029,1.6572
612.0,run_20260917_162241,,charging,charging,32.998,24.477,99.99,0.0,0.0,0.0,0.0,66.102,1.0029,1.6625
613.0,run_20260917_162241,,charging,charging,33.022,24.473,99.99,0.0,0.0,0.0,0.0,66.102,1.0029,1.6678
614.0,run_20260917_162241,,charging,charging,33.046,24.469,99.99,0.0,0.0,0.0,0.0,66.102,1.0029,1.6731
615.0,run_20260917_162241,,charging,charging,33.07,24.465,99.99,0.0,0.0,0.0,0.0,66.102,1.0029,1.6783
616.0,run_20260917_162241,,charging,charging,33.094,24.461,99.99,0.0,0.0,0.0,0.0,66.102,1.0029,1.6836
617.0,run_20260917_162241,,charging,charging,33.118,24.457,99.99,0.0,0.0,0.0,0.0,66.102,1.0029,1.6889
618.0,run_20260917_162241,,charging,charging,33.142,24.453,99.99,0.0,0.0,0.0,0.0,66.102,1.0029,1.6942
619.0,run_20260917_162241,,charging,charging,33.166,24.449,99.99,0.0,0.0,0.0,0.0,66.102,1.0029,1.6994
620.0,run_20260917_162241,,charging,charging,33.19,24.445,99.99,0.0,0.0,0.0,0.0,66.102,1.0029,1.7047
621.0,run_20260917_162241,,charging,charging,33.214,24.441,99.99,0.0,0.0,0.0,0.0,66.102,1.0029,1.71
622.0,run_20260917_162241,,charging,charging,33.238,24.436,99.99,0.0,0.0,0.0,0.0,66.102,1.0029,1.7153
623.0,run_20260917_162241,,charging,charging,33.262,24.432,99.99,0.0,0.0,0.0,0.0,66.102,1.0029,1.7206
624.0,run_20260917_162241,,charging,charging,33.286,24.428,99.99,0.0,0.0,0.0,0.0,66.102,1.0029,1.7258
625.0,run_20260917_162241,,charging,charging,33.31,24.424,99.99,0.0,0.0,0.0,0.0,66.102,1.0029,1.7311
626.0,run_20260917_162241,,charging,charging,33.334,24.42,99.99,0.0,0.0,0.0,0.0,66.102,1.0029,1.7364
627.0,run_20260917_162241,,charging,charging,33.358,24.416,99.99,0.0,0.0,0.0,0.0,66.102,1.0029,1.7417
628.0,run_20260917_162241,,charging,charging,33.382,24.412,99.99,0.0,0.0,0.0,0.0,66.102,1.0029,1.7469
629.0,run_20260917_162241,,charging,charging,33.406,24.408,99.99,0.0,0.0,0.0,0.0,66.102,1.0029,1.7522
630.0,run_20260917_162241,,charging,charging,33.43,24.405,99.99,0.0,0.0,0.0,0.0,66.102,1.0029,1.7575
631.0,run_20260917_162241,,charging,charging,33.454,24.401,99.99,0.0,0.0,0.0,0.0,66.102,1.0029,1.7628
632.0,run_20260917_162241,,charging,charging,33.478,24.397,99.99,0.0,0.0,0.0,0.0,66.102,1.0029,1.7681
633.0,run_20260917_162241,,charging,charging,33.502,24.393,99.99,0.0,0.0,0.0,0.0,66.102,1.0029,1.7733
634.0,run_20260917_162241,,charging,charging,33.526,24.389,99.99,0.0,0.0,0.0,0.0,66.102,1.0029,1.7786
635.0,run_20260917_162241,,charging,charging,33.55,24.385,99.99,0.0,0.0,0.0,0.0,66.102,1.0029,1.7839
636.0,run_20260917_162241,,charging,charging,33.574,24.381,99.99,0.0,0.0,0.0,0.0,66.102,1.0029,1.7892
637.0,run_20260917_162241,,charging,charging,33.598,24.377,99.99,0.0,0.0,0.0,0.0,66.102,1.0029,1.7944
638.0,run_20260917_162241,,charging,charging,33.622,24.373,99.99,0.0,0.0,0.0,0.0,66.102,1.0029,1.7997
639.0,run_20260917_162241,,charging,charging,33.646,24.369,99.99,0.0,0.0,0.0,0.0,66.102,1.0029,1.805
640.0,run_20260917_162241,,charging,charging,33.67,24.365,99.99,0.0,0.0,0.0,0.0,66.102,1.0029,1.8103
641.0,run_20260917_162241,,charging,charging,33.694,24.361,99.99,0.0,0.0,0.0,0.0,66.102,1.0029,1.8156
642.0,run_20260917_162241,,charging,charging,33.718,24.357,99.99,0.0,0.0,0.0,0.0,66.102,1.0029,1.8208
643.0,run_20260917_162241,,charging,charging,33.742,24.353,99.99,0.0,0.0,0.0,0.0,66.102,1.0029,1.8261
644.0,run_20260917_162241,,charging,charging,33.766,24.35,99.99,0.0,0.0,0.0,0.0,66.102,1.0029,1.8314
645.0,run_20260917_162241,,charging,charging,33.79,24.346,99.99,0.0,0.0,0.0,0.0,66.102,1.0029,1.8367
646.0,run_20260917_162241,,charging,charging,33.814,24.342,99.99,0.0,0.0,0.0,0.0,66.102,1.0029,1.8419
647.0,run_20260917_162241,,charging,charging,33.838,24.338,99.99,0.0,0.0,0.0,0.0,66.102,1.0029,1.8472
648.0,run_20260917_162241,,charging,charging,33.862,24.334,99.99,0.0,0.0,0.0,0.0,66.102,1.0029,1.8525
649.0,run_20260917_162241,,charging,charging,33.886,24.33,99.99,0.0,0.0,0.0,0.0,66.102,1.0029,1.8578
650.0,run_20260917_162241,,charging,charging,33.91,24.326,99.99,0.0,0.0,0.0,0.0,66.102,1.0029,1.8631
651.0,run_20260917_162241,,charging,charging,33.934,24.323,99.99,0.0,0.0,0.0,0.0,66.102,1.0029,1.8683
652.0,run_20260917_162241,,charging,charging,33.958,24.319,99.99,0.0,0.0,0.0,0.0,66.102,1.0029,1.8736
653.0,run_20260917_162241,,charging,charging,33.982,24.315,99.99,0.0,0.0,0.0,0.0,66.102,1.0029,1.8789
654.0,run_20260917_162241,,charging,charging,34.006,24.311,99.99,0.0,0.0,0.0,0.0,66.102,1.0029,1.8842
655.0,run_20260917_162241,,charging,charging,34.03,24.307,99.99,0.0,0.0,0.0,0.0,66.102,1.0029,1.8894
656.0,run_20260917_162241,,charging,charging,34.054,24.303,99.99,0.0,0.0,0.0,0.0,66.102,1.0029,1.8947
657.0,run_20260917_162241,,charging,charging,34.078,24.3,99.99,0.0,0.0,0.0,0.0,66.102,1.0029,1.9
658.0,run_20260917_162241,,charging,charging,34.102,24.296,99.99,0.0,0.0,0.0,0.0,66.102,1.0029,1.9053
659.0,run_20260917_162241,,charging,charging,34.126,24.292,99.99,0.0,0.0,0.0,0.0,66.102,1.0029,1.9106
660.0,run_20260917_162241,,charging,charging,34.15,24.288,99.99,0.0,0.0,0.0,0.0,66.102,1.0029,1.9158
661.0,run_20260917_162241,,charging,charging,34.174,24.285,99.99,0.0,0.0,0.0,0.0,66.102,1.0029,1.9211
662.0,run_20260917_162241,,charging,charging,34.198,24.281,99.99,0.0,0.0,0.0,0.0,66.102,1.0029,1.9264
663.0,run_20260917_162241,,charging,charging,34.222,24.277,99.99,0.0,0.0,0.0,0.0,66.102,1.0029,1.9317
664.0,run_20260917_162241,,charging,charging,34.246,24.273,99.99,0.0,0.0,0.0,0.0,66.102,1.0029,1.9369
665.0,run_20260917_162241,,charging,charging,34.27,24.269,99.99,0.0,0.0,0.0,0.0,66.102,1.0029,1.9422
666.0,run_20260917_162241,,charging,charging,34.294,24.266,99.99,0.0,0.0,0.0,0.0,66.102,1.0029,1.9475
667.0,run_20260917_162241,,charging,charging,34.318,24.262,99.99,0.0,0.0,0.0,0.0,66.102,1.0029,1.9528
668.0,run_20260917_162241,,charging,charging,34.342,24.258,99.99,0.0,0.0,0.0,0.0,66.102,1.0029,1.9581
669.0,run_20260917_162241,,charging,charging,34.366,24.255,99.99,0.0,0.0,0.0,0.0,66.102,1.0029,1.9633
670.0,run_20260917_162241,,charging,charging,34.39,24.251,99.99,0.0,0.0,0.0,0.0,66.102,1.0029,1.9686
671.0,run_20260917_162241,,charging,charging,34.414,24.247,99.99,0.0,0.0,0.0,0.0,66.102,1.0029,1.9739
672.0,run_20260917_162241,,charging,charging,34.438,24.243,99.99,0.0,0.0,0.0,0.0,66.102,1.0029,1.9792
673.0,run_20260917_162241,,charging,charging,34.462,24.24,99.99,0.0,0.0,0.0,0.0,66.102,1.0029,1.9844
674.0,run_20260917_162241,,charging,charging,34.486,24.236,99.99,0.0,0.0,0.0,0.0,66.102,1.0029,1.9897
675.0,run_20260917_162241,,charging,charging,34.51,24.232,99.99,0.0,0.0,0.0,0.0,66.102,1.0029,1.995
676.0,run_20260917_162241,,charging,charging,34.534,24.229,99.99,0.0,0.0,0.0,0.0,66.102,1.0029,2.0003
677.0,run_20260917_162241,,charging,charging,34.558,24.225,99.99,0.0,0.0,0.0,0.0,66.102,1.0029,2.0056
678.0,run_20260917_162241,,charging,charging,34.581,24.221,99.99,0.0,0.0,0.0,0.0,66.102,1.0029,2.0108
679.0,run_20260917_162241,,charging,charging,34.605,24.218,99.99,0.0,0.0,0.0,0.0,66.102,1.0029,2.0161
680.0,run_20260917_162241,,charging,charging,34.629,24.214,99.99,0.0,0.0,0.0,0.0,66.102,1.0029,2.0214
681.0,run_20260917_162241,,charging,charging,34.653,24.21,99.99,0.0,0.0,0.0,0.0,66.102,1.0029,2.0267
682.0,run_20260917_162241,,charging,charging,34.677,24.207,99.99,0.0,0.0,0.0,0.0,66.102,1.0029,2.0319
683.0,run_20260917_162241,,charging,charging,34.701,24.203,99.99,0.0,0.0,0.0,0.0,66.102,1.0029,2.0372
684.0,run_20260917_162241,,charging,charging,34.725,24.199,99.99,0.0,0.0,0.0,0.0,66.102,1.0029,2.0425
685.0,run_20260917_162241,,charging,charging,34.749,24.196,99.99,0.0,0.0,0.0,0.0,66.102,1.0029,2.0478
686.0,run_20260917_162241,,charging,charging,34.773,24.192,99.99,0.0,0.0,0.0,0.0,66.102,1.0029,2.0531
687.0,run_20260917_162241,,charging,charging,34.797,24.189,99.99,0.0,0.0,0.0,0.0,66.102,1.0029,2.0583
688.0,run_20260917_162241,,charging,charging,34.821,24.185,99.99,0.0,0.0,0.0,0.0,66.102,1.0029,2.0636
689.0,run_20260917_162241,,charging,charging,34.845,24.181,99.99,0.0,0.0,0.0,0.0,66.102,1.0029,2.0689
690.0,run_20260917_162241,,charging,charging,34.869,24.178,99.99,0.0,0.0,0.0,0.0,66.102,1.0029,2.0742
691.0,run_20260917_162241,,charging,charging,34.893,24.174,99.99,0.0,0.0,0.0,0.0,66.102,1.0029,2.0794
692.0,run_20260917_162241,,charging,charging,34.917,24.171,99.99,0.0,0.0,0.0,0.0,66.102,1.0029,2.0847
693.0,run_20260917_162241,,charging,charging,34.941,24.167,99.99,0.0,0.0,0.0,0.0,66.102,1.0029,2.09
694.0,run_20260917_162241,,charging,charging,34.965,24.163,99.99,0.0,0.0,0.0,0.0,66.102,1.0029,2.0953
695.0,run_20260917_162241,,charging,charging,34.989,24.16,99.99,0.0,0.0,0.0,0.0,66.102,1.0029,2.1006
696.0,run_20260917_162241,,charging,charging,35.013,24.156,99.99,0.0,0.0,0.0,0.0,66.102,1.0029,2.1058
697.0,run_20260917_162241,,charging,charging,35.037,24.153,99.99,0.0,0.0,0.0,0.0,66.102,1.0029,2.1111
698.0,run_20260917_162241,,charging,charging,35.061,24.149,99.99,0.0,0.0,0.0,0.0,66.102,1.0029,2.1164
699.0,run_20260917_162241,,charging,charging,35.085,24.146,99.99,0.0,0.0,0.0,0.0,66.102,1.0029,2.1217
700.0,run_20260917_162241,,charging,charging,35.109,24.142,99.99,0.0,0.0,0.0,0.0,66.102,1.0029,2.1269
701.0,run_20260917_162241,,charging,charging,35.133,24.138,99.99,0.0,0.0,0.0,0.0,66.102,1.0029,2.1322
702.0,run_20260917_162241,,charging,charging,35.157,24.135,99.99,0.0,0.0,0.0,0.0,66.102,1.0029,2.1375
703.0,run_20260917_162241,,charging,charging,35.181,24.131,99.99,0.0,0.0,0.0,0.0,66.102,1.0029,2.1428
704.0,run_20260917_162241,,charging,charging,35.205,24.128,99.99,0.0,0.0,0.0,0.0,66.102,1.0029,2.1481
705.0,run_20260917_162241,,charging,charging,35.229,24.124,99.99,0.0,0.0,0.0,0.0,66.102,1.0029,2.1533
706.0,run_20260917_162241,,charging,charging,35.253,24.121,99.99,0.0,0.0,0.0,0.0,66.102,1.0029,2.1586
707.0,run_20260917_162241,,charging,charging,35.277,24.117,99.99,0.0,0.0,0.0,0.0,66.102,1.0029,2.1639
708.0,run_20260917_162241,,charging,charging,35.301,24.114,99.99,0.0,0.0,0.0,0.0,66.102,1.0029,2.1692
709.0,run_20260917_162241,,charging,charging,35.325,24.11,99.99,0.0,0.0,0.0,0.0,66.102,1.0029,2.1744
710.0,run_20260917_162241,,charging,charging,35.349,24.107,99.99,0.0,0.0,0.0,0.0,66.102,1.0029,2.1797
711.0,run_20260917_162241,,charging,charging,35.373,24.103,99.99,0.0,0.0,0.0,0.0,66.102,1.0029,2.185
712.0,run_20260917_162241,,charging,charging,35.397,24.1,99.99,0.0,0.0,0.0,0.0,66.102,1.0029,2.1903
713.0,run_20260917_162241,,charging,charging,35.421,24.097,99.99,0.0,0.0,0.0,0.0,66.102,1.0029,2.1956
714.0,run_20260917_162241,,charging,charging,35.445,24.093,99.99,0.0,0.0,0.0,0.0,66.102,1.0029,2.2008
715.0,run_20260917_162241,,charging,charging,35.469,24.09,99.99,0.0,0.0,0.0,0.0,66.102,1.0029,2.2061
716.0,run_20260917_162241,,charging,charging,35.493,24.086,99.99,0.0,0.0,0.0,0.0,66.102,1.0029,2.2114
717.0,run_20260917_162241,,charging,charging,35.517,24.083,99.99,0.0,0.0,0.0,0.0,66.102,1.0029,2.2167
718.0,run_20260917_162241,,charging,charging,35.541,24.079,99.99,0.0,0.0,0.0,0.0,66.102,1.0029,2.2219
719.0,run_20260917_162241,,charging,charging,35.565,24.076,99.99,0.0,0.0,0.0,0.0,66.102,1.0029,2.2272
720.0,run_20260917_162241,,charging,charging,35.589,24.072,99.99,0.0,0.0,0.0,0.0,66.102,1.0029,2.2325
721.0,run_20260917_162241,,charging,charging,35.613,24.069,99.99,0.0,0.0,0.0,0.0,66.102,1.0029,2.2378
722.0,run_20260917_162241,,charging,charging,35.637,24.066,99.99,0.0,0.0,0.0,0.0,66.102,1.0029,2.2431
723.0,run_20260917_162241,,charging,charging,35.661,24.062,99.99,0.0,0.0,0.0,0.0,66.102,1.0029,2.2483
724.0,run_20260917_162241,,charging,charging,35.685,24.059,99.99,0.0,0.0,0.0,0.0,66.102,1.0029,2.2536
725.0,run_20260917_162241,,charging,charging,35.709,24.055,99.99,0.0,0.0,0.0,0.0,66.102,1.0029,2.2589
726.0,run_20260917_162241,,charging,charging,35.733,24.052,99.99,0.0,0.0,0.0,0.0,66.102,1.0029,2.2642
727.0,run_20260917_162241,,charging,charging,35.757,24.049,99.99,0.0,0.0,0.0,0.0,66.102,1.0029,2.2694
728.0,run_20260917_162241,,charging,charging,35.781,24.045,99.99,0.0,0.0,0.0,0.0,66.102,1.0029,2.2747
729.0,run_20260917_162241,,charging,charging,35.805,24.042,99.99,0.0,0.0,0.0,0.0,66.102,1.0029,2.28
730.0,run_20260917_162241,,charging,charging,35.829,24.038,99.99,0.0,0.0,0.0,0.0,66.102,1.0029,2.2853
731.0,run_20260917_162241,,charging,charging,35.853,24.035,99.99,0.0,0.0,0.0,0.0,66.102,1.0029,2.2906
732.0,run_20260917_162241,,charging,charging,35.877,24.032,99.99,0.0,0.0,0.0,0.0,66.102,1.0029,2.2958
733.0,run_20260917_162241,,charging,charging,35.901,24.028,99.99,0.0,0.0,0.0,0.0,66.102,1.0029,2.3011
734.0,run_20260917_162241,,charging,charging,35.925,24.025,99.99,0.0,0.0,0.0,0.0,66.102,1.0029,2.3064
735.0,run_20260917_162241,,charging,charging,35.949,24.022,99.99,0.0,0.0,0.0,0.0,66.102,1.0029,2.3117
736.0,run_20260917_162241,,charging,charging,35.973,24.018,99.99,0.0,0.0,0.0,0.0,66.102,1.0029,2.3169
737.0,run_20260917_162241,,charging,charging,35.997,24.015,99.99,0.0,0.0,0.0,0.0,66.102,1.0029,2.3222
738.0,run_20260917_162241,,charging,charging,36.021,24.012,99.99,0.0,0.0,0.0,0.0,66.102,1.0029,2.3275
739.0,run_20260917_162241,,charging,charging,36.045,24.008,99.99,0.0,0.0,0.0,0.0,66.102,1.0029,2.3328
740.0,run_20260917_162241,,charging,charging,36.069,24.005,99.99,0.0,0.0,0.0,0.0,66.102,1.0029,2.3381
741.0,run_20260917_162241,,charging,charging,36.093,24.002,99.99,0.0,0.0,0.0,0.0,66.102,1.0029,2.3433
742.0,run_20260917_162241,,charging,charging,36.117,23.998,99.99,0.0,0.0,0.0,0.0,66.102,1.0029,2.3486
743.0,run_20260917_162241,,charging,charging,36.141,23.995,99.99,0.0,0.0,0.0,0.0,66.102,1.0029,2.3539
744.0,run_20260917_162241,,charging,charging,36.165,23.992,99.99,0.0,0.0,0.0,0.0,66.102,1.0029,2.3592
745.0,run_20260917_162241,,charging,charging,36.189,23.989,99.99,0.0,0.0,0.0,0.0,66.102,1.0029,2.3644
746.0,run_20260917_162241,,charging,charging,36.213,23.985,99.99,0.0,0.0,0.0,0.0,66.102,1.0029,2.3697
747.0,run_20260917_162241,,charging,charging,36.237,23.982,99.99,0.0,0.0,0.0,0.0,66.102,1.0029,2.375
748.0,run_20260917_162241,,charging,charging,36.261,23.979,99.99,0.0,0.0,0.0,0.0,66.102,1.0029,2.3803
749.0,run_20260917_162241,,charging,charging,36.285,23.976,99.99,0.0,0.0,0.0,0.0,66.102,1.0029,2.3856
750.0,run_20260917_162241,,charging,charging,36.309,23.972,99.99,0.0,0.0,0.0,0.0,66.102,1.0029,2.3908
751.0,run_20260917_162241,,charging,charging,36.333,23.969,99.99,0.0,0.0,0.0,0.0,66.102,1.0029,2.3961
752.0,run_20260917_162241,,charging,charging,36.357,23.966,99.99,0.0,0.0,0.0,0.0,66.102,1.0029,2.4014
753.0,run_20260917_162241,,charging,charging,36.381,23.963,99.99,0.0,0.0,0.0,0.0,66.102,1.0029,2.4067
754.0,run_20260917_162241,,charging,charging,36.405,23.959,99.99,0.0,0.0,0.0,0.0,66.102,1.0029,2.4119
755.0,run_20260917_162241,,charging,charging,36.429,23.956,99.99,0.0,0.0,0.0,0.0,66.102,1.0029,2.4172
756.0,run_20260917_162241,,charging,charging,36.453,23.953,99.99,0.0,0.0,0.0,0.0,66.102,1.0029,2.4225
757.0,run_20260917_162241,,charging,charging,36.477,23.95,99.99,0.0,0.0,0.0,0.0,66.102,1.0029,2.4278
758.0,run_20260917_162241,,charging,charging,36.501,23.946,99.99,0.0,0.0,0.0,0.0,66.102,1.0029,2.4331
759.0,run_20260917_162241,,charging,charging,36.525,23.943,99.99,0.0,0.0,0.0,0.0,66.102,1.0029,2.4383
760.0,run_20260917_162241,,charging,charging,36.549,23.94,99.99,0.0,0.0,0.0,0.0,66.102,1.0029,2.4436
761.0,run_20260917_162241,,charging,charging,36.573,23.937,99.99,0.0,0.0,0.0,0.0,66.102,1.0029,2.4489
762.0,run_20260917_162241,,charging,charging,36.597,23.934,99.99,0.0,0.0,0.0,0.0,66.102,1.0029,2.4542
763.0,run_20260917_162241,,charging,charging,36.621,23.93,99.99,0.0,0.0,0.0,0.0,66.102,1.0029,2.4594
764.0,run_20260917_162241,,charging,charging,36.645,23.927,99.99,0.0,0.0,0.0,0.0,66.102,1.0029,2.4647
765.0,run_20260917_162241,,charging,charging,36.669,23.924,99.99,0.0,0.0,0.0,0.0,66.102,1.0029,2.47
766.0,run_20260917_162241,,charging,charging,36.693,23.921,99.99,0.0,0.0,0.0,0.0,66.102,1.0029,2.4753
767.0,run_20260917_162241,,charging,charging,36.717,23.918,99.99,0.0,0.0,0.0,0.0,66.102,1.0029,2.4806
768.0,run_20260917_162241,,charging,charging,36.741,23.915,99.99,0.0,0.0,0.0,0.0,66.102,1.0029,2.4858
769.0,run_20260917_162241,,charging,charging,36.765,23.911,99.99,0.0,0.0,0.0,0.0,66.102,1.0029,2.4911
770.0,run_20260917_162241,,charging,charging,36.789,23.908,99.99,0.0,0.0,0.0,0.0,66.102,1.0029,2.4964
771.0,run_20260917_162241,,charging,charging,36.813,23.905,99.99,0.0,0.0,0.0,0.0,66.102,1.0029,2.5017
772.0,run_20260917_162241,,charging,charging,36.837,23.902,99.99,0.0,0.0,0.0,0.0,66.102,1.0029,2.5069
773.0,run_20260917_162241,,charging,charging,36.861,23.899,99.99,0.0,0.0,0.0,0.0,66.102,1.0029,2.5122
774.0,run_20260917_162241,,charging,charging,36.885,23.896,99.99,0.0,0.0,0.0,0.0,66.102,1.0029,2.5175
775.0,run_20260917_162241,,charging,charging,36.909,23.893,99.99,0.0,0.0,0.0,0.0,66.102,1.0029,2.5228
776.0,run_20260917_162241,,charging,charging,36.933,23.889,99.99,0.0,0.0,0.0,0.0,66.102,1.0029,2.5281
777.0,run_20260917_162241,,charging,charging,36.956,23.886,99.99,0.0,0.0,0.0,0.0,66.102,1.0029,2.5333
778.0,run_20260917_162241,,charging,charging,36.98,23.883,99.99,0.0,0.0,0.0,0.0,66.102,1.0029,2.5386
779.0,run_20260917_162241,,charging,charging,37.004,23.88,99.99,0.0,0.0,0.0,0.0,66.102,1.0029,2.5439
780.0,run_20260917_162241,,charging,charging,37.028,23.877,99.99,0.0,0.0,0.0,0.0,66.102,1.0029,2.5492
781.0,run_20260917_162241,,charging,charging,37.052,23.874,99.99,0.0,0.0,0.0,0.0,66.102,1.0029,2.5544
782.0,run_20260917_162241,,charging,charging,37.076,23.871,99.99,0.0,0.0,0.0,0.0,66.102,1.0029,2.5597
783.0,run_20260917_162241,,charging,charging,37.1,23.868,99.99,0.0,0.0,0.0,0.0,66.102,1.0029,2.565
784.0,run_20260917_162241,,charging,charging,37.124,23.865,99.99,0.0,0.0,0.0,0.0,66.102,1.0029,2.5703
785.0,run_20260917_162241,,charging,charging,37.148,23.862,99.99,0.0,0.0,0.0,0.0,66.102,1.0029,2.5756
786.0,run_20260917_162241,,charging,charging,37.172,23.858,99.99,0.0,0.0,0.0,0.0,66.102,1.0029,2.5808
787.0,run_20260917_162241,,charging,charging,37.196,23.855,99.99,0.0,0.0,0.0,0.0,66.102,1.0029,2.5861
788.0,run_20260917_162241,,charging,charging,37.22,23.852,99.99,0.0,0.0,0.0,0.0,66.102,1.0029,2.5914
789.0,run_20260917_162241,,charging,charging,37.244,23.849,99.99,0.0,0.0,0.0,0.0,66.102,1.0029,2.5967
790.0,run_20260917_162241,,charging,charging,37.268,23.846,99.99,0.0,0.0,0.0,0.0,66.102,1.0029,2.6019
791.0,run_20260917_162241,,charging,charging,37.292,23.843,99.99,0.0,0.0,0.0,0.0,66.102,1.0029,2.6072
792.0,run_20260917_162241,,charging,charging,37.316,23.84,99.99,0.0,0.0,0.0,0.0,66.102,1.0029,2.6125
793.0,run_20260917_162241,,charging,charging,37.34,23.837,99.99,0.0,0.0,0.0,0.0,66.102,1.0029,2.6178
794.0,run_20260917_162241,,charging,charging,37.364,23.834,99.99,0.0,0.0,0.0,0.0,66.102,1.0029,2.6231
795.0,run_20260917_162241,,charging,charging,37.388,23.831,99.99,0.0,0.0,0.0,0.0,66.102,1.0029,2.6283
796.0,run_20260917_162241,,charging,charging,37.412,23.828,99.99,0.0,0.0,0.0,0.0,66.102,1.0029,2.6336
797.0,run_20260917_162241,,charging,charging,37.436,23.825,99.99,0.0,0.0,0.0,0.0,66.102,1.0029,2.6389
798.0,run_20260917_162241,,charging,charging,37.46,23.822,99.99,0.0,0.0,0.0,0.0,66.102,1.0029,2.6442
799.0,run_20260917_162241,,charging,charging,37.484,23.819,99.99,0.0,0.0,0.0,0.0,66.102,1.0029,2.6494
800.0,run_20260917_162241,,charging,charging,37.508,23.816,99.99,0.0,0.0,0.0,0.0,66.102,1.0029,2.6547
801.0,run_20260917_162241,,charging,charging,37.532,23.813,99.99,0.0,0.0,0.0,0.0,66.102,1.0029,2.66
802.0,run_20260917_162241,,charging,charging,37.556,23.81,99.99,0.0,0.0,0.0,0.0,66.102,1.0029,2.6653
803.0,run_20260917_162241,,charging,charging,37.58,23.807,99.99,0.0,0.0,0.0,0.0,66.102,1.0029,2.6706
804.0,run_20260917_162241,,charging,charging,37.604,23.804,99.99,0.0,0.0,0.0,0.0,66.102,1.0029,2.6758
805.0,run_20260917_162241,,charging,charging,37.628,23.801,99.99,0.0,0.0,0.0,0.0,66.102,1.0029,2.6811
806.0,run_20260917_162241,,charging,charging,37.652,23.798,99.99,0.0,0.0,0.0,0.0,66.102,1.0029,2.6864
807.0,run_20260917_162241,,charging,charging,37.676,23.795,99.99,0.0,0.0,0.0,0.0,66.102,1.0029,2.6917
808.0,run_20260917_162241,,charging,charging,37.7,23.792,99.99,0.0,0.0,0.0,0.0,66.102,1.0029,2.6969
809.0,run_20260917_162241,,charging,charging,37.724,23.789,99.99,0.0,0.0,0.0,0.0,66.102,1.0029,2.7022
810.0,run_20260917_162241,,charging,charging,37.748,23.786,99.99,0.0,0.0,0.0,0.0,66.102,1.0029,2.7075
811.0,run_20260917_162241,,charging,charging,37.772,23.783,99.99,0.0,0.0,0.0,0.0,66.102,1.0029,2.7128
812.0,run_20260917_162241,,charging,charging,37.796,23.78,99.99,0.0,0.0,0.0,0.0,66.102,1.0029,2.7181
813.0,run_20260917_162241,,charging,charging,37.82,23.777,99.99,0.0,0.0,0.0,0.0,66.102,1.0029,2.7233
814.0,run_20260917_162241,,charging,charging,37.844,23.774,99.99,0.0,0.0,0.0,0.0,66.102,1.0029,2.7286
815.0,run_20260917_162241,,charging,charging,37.868,23.772,99.99,0.0,0.0,0.0,0.0,66.102,1.0029,2.7339
816.0,run_20260917_162241,,charging,charging,37.892,23.769,99.99,0.0,0.0,0.0,0.0,66.102,1.0029,2.7392
817.0,run_20260917_162241,,charging,charging,37.916,23.766,99.99,0.0,0.0,0.0,0.0,66.102,1.0029,2.7444
818.0,run_20260917_162241,,charging,charging,37.94,23.763,99.99,0.0,0.0,0.0,0.0,66.102,1.0029,2.7497
819.0,run_20260917_162241,,charging,charging,37.964,23.76,99.99,0.0,0.0,0.0,0.0,66.102,1.0029,2.755
820.0,run_20260917_162241,,charging,charging,37.988,23.757,99.99,0.0,0.0,0.0,0.0,66.102,1.0029,2.7603
821.0,run_20260917_162241,,charging,charging,38.012,23.754,99.99,0.0,0.0,0.0,0.0,66.102,1.0029,2.7656
822.0,run_20260917_162241,,charging,charging,38.036,23.751,99.99,0.0,0.0,0.0,0.0,66.102,1.0029,2.7708
823.0,run_20260917_162241,,charging,charging,38.06,23.748,99.99,0.0,0.0,0.0,0.0,66.102,1.0029,2.7761
824.0,run_20260917_162241,,charging,charging,38.084,23.745,99.99,0.0,0.0,0.0,0.0,66.102,1.0029,2.7814
825.0,run_20260917_162241,,charging,charging,38.108,23.743,99.99,0.0,0.0,0.0,0.0,66.102,1.0029,2.7867
826.0,run_20260917_162241,,charging,charging,38.132,23.74,99.99,0.0,0.0,0.0,0.0,66.102,1.0029,2.7919
827.0,run_20260917_162241,,charging,charging,38.156,23.737,99.99,0.0,0.0,0.0,0.0,66.102,1.0029,2.7972
828.0,run_20260917_162241,,charging,charging,38.18,23.734,99.99,0.0,0.0,0.0,0.0,66.102,1.0029,2.8025
829.0,run_20260917_162241,,charging,charging,38.204,23.731,99.99,0.0,0.0,0.0,0.0,66.102,1.0029,2.8078
830.0,run_20260917_162241,,charging,charging,38.228,23.728,99.99,0.0,0.0,0.0,0.0,66.102,1.0029,2.8131
831.0,run_20260917_162241,,charging,charging,38.252,23.725,99.99,0.0,0.0,0.0,0.0,66.102,1.0029,2.8183
832.0,run_20260917_162241,,charging,charging,38.276,23.722,99.99,0.0,0.0,0.0,0.0,66.102,1.0029,2.8236
833.0,run_20260917_162241,,charging,charging,38.3,23.72,99.99,0.0,0.0,0.0,0.0,66.102,1.0029,2.8289
834.0,run_20260917_162241,,charging,charging,38.324,23.717,99.99,0.0,0.0,0.0,0.0,66.102,1.0029,2.8342
835.0,run_20260917_162241,,charging,charging,38.348,23.714,99.99,0.0,0.0,0.0,0.0,66.102,1.0029,2.8394
836.0,run_20260917_162241,,charging,charging,38.372,23.711,99.99,0.0,0.0,0.0,0.0,66.102,1.0029,2.8447
837.0,run_20260917_162241,,charging,charging,38.396,23.708,99.99,0.0,0.0,0.0,0.0,66.102,1.0029,2.85
838.0,run_20260917_162241,,charging,charging,38.42,23.706,99.99,0.0,0.0,0.0,0.0,66.102,1.0029,2.8553
839.0,run_20260917_162241,,charging,charging,38.444,23.703,99.99,0.0,0.0,0.0,0.0,66.102,1.0029,2.8606
840.0,run_20260917_162241,,charging,charging,38.468,23.7,99.99,0.0,0.0,0.0,0.0,66.102,1.0029,2.8658
841.0,run_20260917_162241,,charging,charging,38.492,23.697,99.99,0.0,0.0,0.0,0.0,66.102,1.0029,2.8711
842.0,run_20260917_162241,,charging,charging,38.516,23.694,99.99,0.0,0.0,0.0,0.0,66.102,1.0029,2.8764
843.0,run_20260917_162241,,charging,charging,38.54,23.691,99.99,0.0,0.0,0.0,0.0,66.102,1.0029,2.8817
844.0,run_20260917_162241,,charging,charging,38.564,23.689,99.99,0.0,0.0,0.0,0.0,66.102,1.0029,2.8869
845.0,run_20260917_162241,,charging,charging,38.588,23.686,99.99,0.0,0.0,0.0,0.0,66.102,1.0029,2.8922
846.0,run_20260917_162241,,charging,charging,38.612,23.683,99.99,0.0,0.0,0.0,0.0,66.102,1.0029,2.8975
847.0,run_20260917_162241,,charging,charging,38.636,23.68,99.99,0.0,0.0,0.0,0.0,66.102,1.0029,2.9028
848.0,run_20260917_162241,,charging,charging,38.66,23.678,99.99,0.0,0.0,0.0,0.0,66.102,1.0029,2.9081
849.0,run_20260917_162241,,charging,charging,38.684,23.675,99.99,0.0,0.0,0.0,0.0,66.102,1.0029,2.9133
850.0,run_20260917_162241,,charging,charging,38.708,23.672,99.99,0.0,0.0,0.0,0.0,66.102,1.0029,2.9186
851.0,run_20260917_162241,,charging,charging,38.732,23.669,99.99,0.0,0.0,0.0,0.0,66.102,1.0029,2.9239
852.0,run_20260917_162241,,charging,charging,38.756,23.667,99.99,0.0,0.0,0.0,0.0,66.102,1.0029,2.9292
853.0,run_20260917_162241,,charging,charging,38.78,23.664,99.99,0.0,0.0,0.0,0.0,66.102,1.0029,2.9344
854.0,run_20260917_162241,,charging,charging,38.804,23.661,99.99,0.0,0.0,0.0,0.0,66.102,1.0029,2.9397
855.0,run_20260917_162241,,charging,charging,38.828,23.658,99.99,0.0,0.0,0.0,0.0,66.102,1.0029,2.945
856.0,run_20260917_162241,,charging,charging,38.852,23.656,99.99,0.0,0.0,0.0,0.0,66.102,1.0029,2.9503
857.0,run_20260917_162241,,charging,charging,38.876,23.653,99.99,0.0,0.0,0.0,0.0,66.102,1.0029,2.9556
858.0,run_20260917_162241,,charging,charging,38.9,23.65,99.99,0.0,0.0,0.0,0.0,66.102,1.0029,2.9608
859.0,run_20260917_162241,,charging,charging,38.924,23.647,99.99,0.0,0.0,0.0,0.0,66.102,1.0029,2.9661
860.0,run_20260917_162241,,charging,charging,38.948,23.645,99.99,0.0,0.0,0.0,0.0,66.102,1.0029,2.9714
861.0,run_20260917_162241,,charging,charging,38.972,23.642,99.99,0.0,0.0,0.0,0.0,66.102,1.0029,2.9767
862.0,run_20260917_162241,,charging,charging,38.996,23.639,99.99,0.0,0.0,0.0,0.0,66.102,1.0029,2.9819
863.0,run_20260917_162241,,charging,charging,39.02,23.637,99.99,0.0,0.0,0.0,0.0,66.102,1.0029,2.9872
864.0,run_20260917_162241,,charging,charging,39.044,23.634,99.99,0.0,0.0,0.0,0.0,66.102,1.0029,2.9925
865.0,run_20260917_162241,,charging,charging,39.068,23.631,99.99,0.0,0.0,0.0,0.0,66.102,1.0029,2.9978
866.0,run_20260917_162241,,charging,charging,39.092,23.628,99.99,0.0,0.0,0.0,0.0,66.102,1.0029,3.0031
867.0,run_20260917_162241,,charging,charging,39.116,23.626,99.99,0.0,0.0,0.0,0.0,66.102,1.0029,3.0083
868.0,run_20260917_162241,,charging,charging,39.14,23.623,99.99,0.0,0.0,0.0,0.0,66.102,1.0029,3.0136
869.0,run_20260917_162241,,charging,charging,39.164,23.62,99.99,0.0,0.0,0.0,0.0,66.102,1.0029,3.0189
870.0,run_20260917_162241,,charging,charging,39.188,23.618,99.99,0.0,0.0,0.0,0.0,66.102,1.0029,3.0242
871.0,run_20260917_162241,,charging,charging,39.212,23.615,99.99,0.0,0.0,0.0,0.0,66.102,1.0029,3.0294
872.0,run_20260917_162241,,charging,charging,39.236,23.612,99.99,0.0,0.0,0.0,0.0,66.102,1.0029,3.0347
873.0,run_20260917_162241,,charging,charging,39.26,23.61,99.99,0.0,0.0,0.0,0.0,66.102,1.0029,3.04
874.0,run_20260917_162241,,charging,charging,39.284,23.607,99.99,0.0,0.0,0.0,0.0,66.102,1.0029,3.0453
875.0,run_20260917_162241,,charging,charging,39.308,23.604,99.99,0.0,0.0,0.0,0.0,66.102,1.0029,3.0506
876.0,run_20260917_162241,,charging,charging,39.331,23.602,99.99,0.0,0.0,0.0,0.0,66.102,1.0029,3.0558
877.0,run_20260917_162241,,charging,charging,39.355,23.599,99.99,0.0,0.0,0.0,0.0,66.102,1.0029,3.0611
878.0,run_20260917_162241,,charging,charging,39.379,23.596,99.99,0.0,0.0,0.0,0.0,66.102,1.0029,3.0664
879.0,run_20260917_162241,,charging,charging,39.403,23.594,99.99,0.0,0.0,0.0,0.0,66.102,1.0029,3.0717
880.0,run_20260917_162241,,charging,charging,39.427,23.591,99.99,0.0,0.0,0.0,0.0,66.102,1.0029,3.0769
881.0,run_20260917_162241,,charging,charging,39.451,23.589,99.99,0.0,0.0,0.0,0.0,66.102,1.0029,3.0822
882.0,run_20260917_162241,,charging,charging,39.475,23.586,99.99,0.0,0.0,0.0,0.0,66.102,1.0029,3.0875
883.0,run_20260917_162241,,charging,charging,39.499,23.583,99.99,0.0,0.0,0.0,0.0,66.102,1.0029,3.0928
884.0,run_20260917_162241,,charging,charging,39.523,23.581,99.99,0.0,0.0,0.0,0.0,66.102,1.0029,3.0981
885.0,run_20260917_162241,,charging,charging,39.547,23.578,99.99,0.0,0.0,0.0,0.0,66.102,1.0029,3.1033
886.0,run_20260917_162241,,charging,charging,39.571,23.576,99.99,0.0,0.0,0.0,0.0,66.102,1.0029,3.1086
887.0,run_20260917_162241,,charging,charging,39.595,23.573,99.99,0.0,0.0,0.0,0.0,66.102,1.0029,3.1139
888.0,run_20260917_162241,,charging,charging,39.619,23.57,99.99,0.0,0.0,0.0,0.0,66.102,1.0029,3.1192
889.0,run_20260917_162241,,charging,charging,39.643,23.568,99.99,0.0,0.0,0.0,0.0,66.102,1.0029,3.1244
890.0,run_20260917_162241,,charging,charging,39.667,23.565,99.99,0.0,0.0,0.0,0.0,66.102,1.0029,3.1297
891.0,run_20260917_162241,,charging,charging,39.691,23.563,99.99,0.0,0.0,0.0,0.0,66.102,1.0029,3.135
892.0,run_20260917_162241,,charging,charging,39.715,23.56,99.99,0.0,0.0,0.0,0.0,66.102,1.0029,3.1403
893.0,run_20260917_162241,,charging,charging,39.739,23.557,99.99,0.0,0.0,0.0,0.0,66.102,1.0029,3.1456
894.0,run_20260917_162241,,charging,charging,39.763,23.555,99.99,0.0,0.0,0.0,0.0,66.102,1.0029,3.1508
895.0,run_20260917_162241,,charging,charging,39.787,23.552,99.99,0.0,0.0,0.0,0.0,66.102,1.0029,3.1561
896.0,run_20260917_162241,,charging,charging,39.811,23.55,99.99,0.0,0.0,0.0,0.0,66.102,1.0029,3.1614
897.0,run_20260917_162241,,charging,charging,39.835,23.547,99.99,0.0,0.0,0.0,0.0,66.102,1.0029,3.1667
898.0,run_20260917_162241,,charging,charging,39.859,23.545,99.99,0.0,0.0,0.0,0.0,66.102,1.0029,3.1719
899.0,run_20260917_162241,,charging,charging,39.883,23.542,99.99,0.0,0.0,0.0,0.0,66.102,1.0029,3.1772
900.0,run_20260917_162241,,charging,charging,39.907,23.54,99.99,0.0,0.0,0.0,0.0,66.102,1.0029,3.1825
901.0,run_20260917_162241,,charging,charging,39.931,23.537,99.99,0.0,0.0,0.0,0.0,66.102,1.0029,3.1878
902.0,run_20260917_162241,,charging,charging,39.955,23.534,99.99,0.0,0.0,0.0,0.0,66.102,1.0029,3.1931
903.0,run_20260917_162241,,charging,charging,39.979,23.532,99.99,0.0,0.0,0.0,0.0,66.102,1.0029,3.1983
904.0,run_20260917_162241,,charging,charging,40.003,23.529,99.99,0.0,0.0,0.0,0.0,66.102,1.0029,3.2036
905.0,run_20260917_162241,,charging,charging,40.027,23.527,99.99,0.0,0.0,0.0,0.0,66.102,1.0029,3.2089
906.0,run_20260917_162241,,waiting,waiting,40.02,23.525,99.99,0.0,0.0,0.0,0.0,66.102,1.0046,3.2089
907.0,run_20260917_162241,,driving,driving,40.012,23.524,99.99,0.0,0.0,0.0,0.0,66.102,1.0062,3.2089
908.0,run_20260917_162241,,driving,driving,39.999,23.553,99.99,0.0,0.853,0.475,0.2485,66.35,1.0091,3.2089
909.0,run_20260917_162241,,driving,driving,39.98,23.585,99.99,0.0,0.897,0.5,0.4849,66.835,1.0132,3.2089
910.0,run_20260917_162241,,driving,driving,39.961,23.616,99.99,0.0,0.897,0.5,0.5034,67.338,1.0174,3.2089
911.0,run_20260917_162241,,driving,driving,39.942,23.648,99.99,0.0,0.89,0.496,0.5036,67.842,1.0216,3.2089
912.0,run_20260917_162241,,driving,driving,39.924,23.679,99.99,0.0,0.897,0.5,0.4793,68.321,1.0257,3.2089
913.0,run_20260917_162241,,driving,driving,39.905,23.71,99.99,0.0,0.895,0.499,0.5005,68.822,1.0298,3.2089
914.0,run_20260917_162241,,driving,driving,39.887,23.742,99.99,0.0,0.897,0.5,0.4644,69.286,1.0338,3.2089
915.004,run_20260917_162241,,driving,driving,39.868,23.773,99.99,0.0,0.895,0.498,0.5002,69.786,1.038,3.2089
916.0,run_20260917_162241,,driving,driving,39.849,23.804,99.99,0.0,0.897,0.5,0.5033,70.29,1.0422,3.2089
917.0,run_20260917_162241,,driving,driving,39.83,23.835,99.99,0.0,0.88,0.49,0.5028,70.792,1.0464,3.2089
918.0,run_20260917_162241,,driving,driving,39.811,23.866,99.989,0.0,0.895,0.499,0.4851,71.277,1.0505,3.2089
919.0,run_20260917_162241,,driving,driving,39.792,23.897,99.989,0.0,0.897,0.5,0.5033,71.781,1.0546,3.2089
920.0,run_20260917_162241,,driving,driving,39.773,23.928,99.989,0.0,0.896,0.499,0.5033,72.284,1.0588,3.2089
921.0,run_20260917_162241,,driving,driving,39.754,23.959,99.989,0.0,0.891,0.497,0.4972,72.781,1.063,3.2089
922.0,run_20260917_162241,,driving,driving,39.735,23.989,99.989,0.0,0.867,0.483,0.5007,73.282,1.0671,3.2089
923.0,run_20260917_162241,,driving,driving,39.717,24.019,99.989,0.0,0.883,0.492,0.4767,73.759,1.0712,3.2089
924.0,run_20260917_162241,,driving,driving,39.698,24.048,99.989,0.0,0.838,0.467,0.4922,74.251,1.0753,3.2089
925.0,run_20260917_162241,,driving,driving,39.679,24.079,99.989,0.0,0.89,0.496,0.4987,74.749,1.0795,3.2089
926.0,run_20260917_162241,,driving,driving,39.66,24.109,99.989,0.0,0.89,0.496,0.4995,75.249,1.0836,3.2089
927.0,run_20260917_162241,,driving,driving,39.642,24.139,99.989,0.0,0.88,0.49,0.4779,75.727,1.0877,3.2089
928.0,run_20260917_162241,,driving,driving,39.623,24.17,99.989,0.0,0.891,0.496,0.4966,76.223,1.0918,3.2089
929.0,run_20260917_162241,,driving,driving,39.604,24.201,99.989,0.0,0.889,0.495,0.4992,76.723,1.096,3.2089
930.0,run_20260917_162241,,driving,driving,39.585,24.231,99.989,0.0,0.889,0.495,0.4985,77.221,1.1002,3.2089
931.0,run_20260917_162241,,driving,driving,39.566,24.262,99.989,0.0,0.897,0.5,0.4976,77.719,1.1043,3.2089
932.0,run_20260917_162241,,driving,driving,39.548,24.293,99.989,0.0,0.897,0.5,0.4857,78.204,1.1084,3.2089
933.0,run_20260917_162241,,driving,driving,39.529,24.323,99.989,0.0,0.897,0.5,0.5018,78.706,1.1126,3.2089
934.0,run_20260917_162241,,driving,driving,39.51,24.354,99.989,0.0,0.897,0.5,0.5033,79.209,1.1168,3.2089
935.0,run_20260917_162241,,driving,driving,39.491,24.384,99.989,0.0,0.897,0.5,0.5034,79.713,1.121,3.2089
936.0,run_20260917_162241,,driving,driving,39.472,24.415,99.989,0.0,0.897,0.5,0.4847,80.198,1.1251,3.2089
937.0,run_20260917_162241,,driving,driving,39.453,24.444,99.989,0.0,0.851,0.474,0.4993,80.697,1.1292,3.2089
938.0,run_20260917_162241,,driving,driving,39.437,24.463,99.989,0.0,0.589,0.328,0.3923,81.089,1.1328,3.2089
939.0,run_20260917_162241,,loading,loading,39.428,24.46,99.989,0.0,0.0,0.0,0.0538,81.143,1.1348,3.2089
940.0,run_20260917_162241,,loading,loading,39.42,24.458,99.989,0.0,0.0,0.0,0.0,81.143,1.1364,3.2089
941.0,run_20260917_162241,,loading,loading,39.413,24.455,99.989,0.0,0.0,0.0,0.0,81.143,1.1381,3.2089
942.0,run_20260917_162241,,loading,loading,39.405,24.452,99.989,0.0,0.0,0.0,0.0,81.143,1.1398,3.2089
943.0,run_20260917_162241,,loading,loading,39.397,24.449,99.989,0.0,0.0,0.0,0.0,81.143,1.1414,3.2089
944.0,run_20260917_162241,,loading,loading,39.39,24.447,99.989,0.0,0.0,0.0,0.0,81.143,1.1431,3.2089
945.0,run_20260917_162241,,loading,loading,39.382,24.444,99.989,0.0,0.0,0.0,0.0,81.143,1.1448,3.2089
946.0,run_20260917_162241,,loading,loading,39.375,24.441,99.989,0.0,0.0,0.0,0.0,81.143,1.1464,3.2089
947.0,run_20260917_162241,,loading,loading,39.367,24.439,99.989,0.0,0.0,0.0,0.0,81.143,1.1481,3.2089
948.0,run_20260917_162241,,loading,loading,39.36,24.436,99.989,0.0,0.0,0.0,0.0,81.143,1.1498,3.2089
949.0,run_20260917_162241,,loading,loading,39.352,24.433,99.988,0.0,0.0,0.0,0.0,81.143,1.1514,3.2089
950.0,run_20260917_162241,,loading,loading,39.344,24.431,99.988,0.0,0.0,0.0,0.0,81.143,1.1531,3.2089
951.0,run_20260917_162241,,loading,loading,39.337,24.428,99.988,0.0,0.0,0.0,0.0,81.143,1.1548,3.2089
952.0,run_20260917_162241,,loading,loading,39.329,24.425,99.988,0.0,0.0,0.0,0.0,81.143,1.1564,3.2089
953.0,run_20260917_162241,,loading,loading,39.322,24.423,99.988,0.0,0.0,0.0,0.0,81.143,1.1581,3.2089
954.0,run_20260917_162241,,loading,loading,39.314,24.42,99.988,0.0,0.0,0.0,0.0,81.143,1.1598,3.2089
955.0,run_20260917_162241,,loading,loading,39.307,24.417,99.988,0.0,0.0,0.0,0.0,81.143,1.1614,3.2089
956.0,run_20260917_162241,,loading,loading,39.299,24.415,99.988,0.0,0.0,0.0,0.0,81.143,1.1631,3.2089
957.0,run_20260917_162241,,loading,loading,39.291,24.412,99.988,0.0,0.0,0.0,0.0,81.143,1.1648,3.2089
958.0,run_20260917_162241,,loading,loading,39.284,24.409,99.988,0.0,0.0,0.0,0.0,81.143,1.1664,3.2089
959.0,run_20260917_162241,,loading,loading,39.276,24.407,99.988,0.0,0.0,0.0,0.0,81.143,1.1681,3.2089
960.0,run_20260917_162241,,loading,loading,39.269,24.404,99.988,0.0,0.0,0.0,0.0,81.143,1.1698,3.2089
961.0,run_20260917_162241,,loading,loading,39.261,24.401,99.988,0.0,0.0,0.0,0.0,81.143,1.1714,3.2089
962.0,run_20260917_162241,,loading,loading,39.254,24.399,99.988,0.0,0.0,0.0,0.0,81.143,1.1731,3.2089
963.0,run_20260917_162241,,loading,loading,39.246,24.396,99.988,0.0,0.0,0.0,0.0,81.143,1.1748,3.2089
964.0,run_20260917_162241,,loading,loading,39.238,24.393,99.988,0.0,0.0,0.0,0.0,81.143,1.1764,3.2089
965.0,run_20260917_162241,,loading,loading,39.231,24.391,99.988,0.0,0.0,0.0,0.0,81.143,1.1781,3.2089
966.0,run_20260917_162241,,loading,loading,39.223,24.388,99.988,0.0,0.0,0.0,0.0,81.143,1.1798,3.2089
967.0,run_20260917_162241,,loading,loading,39.216,24.386,99.988,0.0,0.0,0.0,0.0,81.143,1.1814,3.2089
968.0,run_20260917_162241,,loading,loading,39.208,24.383,99.988,0.0,0.0,0.0,0.0,81.143,1.1831,3.2089
969.0,run_20260917_162241,,waiting,waiting,39.2,24.38,99.988,2.4000000953674316,0.0,0.0,0.0,81.143,1.1848,3.2089
970.0,run_20260917_162241,,driving,driving,39.193,24.381,99.988,2.4000000953674316,0.076,0.043,0.0041,81.147,1.1865,3.2089
971.0,run_20260917_162241,,driving,driving,39.179,24.394,99.988,2.4000000953674316,0.369,0.205,0.1861,81.333,1.1896,3.2089
972.0,run_20260917_162241,,driving,driving,39.168,24.392,99.988,2.4000000953674316,0.017,0.01,0.0964,81.43,1.192,3.2089
973.0,run_20260917_162241,,driving,driving,39.158,24.404,99.988,2.4000000953674316,0.354,0.197,0.0531,81.483,1.1941,3.2089
974.0,run_20260917_162241,,driving,driving,39.136,24.438,99.988,2.4000000953674316,0.896,0.499,0.4136,81.896,1.199,3.2089
975.0,run_20260917_162241,,driving,driving,39.112,24.471,99.988,2.4000000953674316,0.867,0.483,0.4681,82.364,1.2043,3.2089
976.0,run_20260917_162241,,driving,driving,39.087,24.506,99.988,2.4000000953674316,0.89,0.496,0.4967,82.861,1.2098,3.2089
977.0,run_20260917_162241,,driving,driving,39.062,24.539,99.988,2.4000000953674316,0.873,0.487,0.4722,83.333,1.2152,3.2089
978.0,run_20260917_162241,,driving,driving,39.038,24.573,99.988,2.4000000953674316,0.877,0.488,0.483,83.816,1.2206,3.2089
979.0,run_20260917_162241,,driving,driving,39.013,24.606,99.988,2.4000000953674316,0.888,0.495,0.4973,84.313,1.2261,3.2089
980.0,run_20260917_162241,,driving,driving,38.987,24.641,99.988,2.4000000953674316,0.897,0.5,0.5018,84.815,1.2317,3.2089
981.0,run_20260917_162241,,driving,driving,38.962,24.675,99.988,2.4000000953674316,0.896,0.499,0.5025,85.318,1.2373,3.2089
982.0,run_20260917_162241,,driving,driving,38.938,24.709,99.988,2.4000000953674316,0.893,0.497,0.4739,85.792,1.2426,3.2089
983.0,run_20260917_162241,,driving,driving,38.912,24.743,99.988,2.4000000953674316,0.897,0.5,0.4997,86.291,1.2482,3.2089
984.0,run_20260917_162241,,driving,driving,38.887,24.777,99.987,2.4000000953674316,0.897,0.5,0.5029,86.794,1.2538,3.2089
985.0,run_20260917_162241,,driving,driving,38.862,24.812,99.987,2.4000000953674316,0.897,0.5,0.5035,87.298,1.2594,3.2089
986.0,run_20260917_162241,,driving,driving,38.837,24.846,99.987,2.4000000953674316,0.897,0.5,0.4858,87.784,1.2648,3.2089
987.0,run_20260917_162241,,driving,driving,38.811,24.88,99.987,2.4000000953674316,0.897,0.5,0.5032,88.287,1.2704,3.2089
988.0,run_20260917_162241,,driving,driving,38.786,24.914,99.987,2.4000000953674316,0.897,0.5,0.5037,88.791,1.276,3.2089
989.0,run_20260917_162241,,driving,driving,38.761,24.948,99.987,2.4000000953674316,0.897,0.5,0.504,89.295,1.2816,3.2089
990.0,run_20260917_162241,,driving,driving,38.736,24.982,99.987,2.4000000953674316,0.897,0.5,0.4857,89.78,1.287,3.2089
991.0,run_20260917_162241,,driving,driving,38.71,25.016,99.987,2.4000000953674316,0.897,0.5,0.503,90.283,1.2926,3.2089
992.0,run_20260917_162241,,driving,driving,38.686,25.044,99.987,2.4000000953674316,0.773,0.431,0.4888,90.772,1.2981,3.2089
993.004,run_20260917_162241,,driving,driving,38.665,25.061,99.987,2.4000000953674316,0.487,0.271,0.3598,91.132,1.3025,3.2089
994.0,run_20260917_162241,,driving,driving,38.654,25.058,99.987,2.4000000953674316,0.013,0.007,0.1058,91.238,1.305,3.2089
995.0,run_20260917_162241,,driving,driving,38.645,25.055,99.987,2.4000000953674316,0.0,0.0,0.0271,91.265,1.3069,3.2089
996.0,run_20260917_162241,,unloading,unloading,38.638,25.052,99.987,2.4000000953674316,0.0,0.0,0.0,91.265,1.3086,3.2089
997.0,run_20260917_162241,,unloading,unloading,38.63,25.048,99.987,2.4000000953674316,0.0,0.0,0.0,91.265,1.3102,3.2089
998.0,run_20260917_162241,,unloading,unloading,38.623,25.045,99.987,2.4000000953674316,0.0,0.0,0.0,91.265,1.3119,3.2089
999.0,run_20260917_162241,,unloading,unloading,38.615,25.042,99.987,2.4000000953674316,0.0,0.0,0.0,91.265,1.3136,3.2089
1000.0,run_20260917_162241,,unloading,unloading,38.607,25.038,99.987,2.4000000953674316,0.0,0.0,0.0,91.265,1.3152,3.2089
1001.0,run_20260917_162241,,unloading,unloading,38.6,25.035,99.987,2.4000000953674316,0.0,0.0,0.0,91.265,1.3169,3.2089
1002.0,run_20260917_162241,,unloading,unloading,38.592,25.031,99.987,2.4000000953674316,0.0,0.0,0.0,91.265,1.3186,3.2089
1003.0,run_20260917_162241,,unloading,unloading,38.585,25.028,99.987,2.4000000953674316,0.0,0.0,0.0,91.265,1.3202,3.2089
1004.0,run_20260917_162241,,unloading,unloading,38.577,25.025,99.987,2.4000000953674316,0.0,0.0,0.0,91.265,1.3219,3.2089
1005.0,run_20260917_162241,,unloading,unloading,38.57,25.021,99.987,2.4000000953674316,0.0,0.0,0.0,91.265,1.3236,3.2089
1006.0,run_20260917_162241,,unloading,unloading,38.562,25.018,99.987,2.4000000953674316,0.0,0.0,0.0,91.265,1.3252,3.2089
1007.0,run_20260917_162241,,unloading,unloading,38.554,25.015,99.987,2.4000000953674316,0.0,0.0,0.0,91.265,1.3269,3.2089
1008.0,run_20260917_162241,,unloading,unloading,38.547,25.012,99.987,2.4000000953674316,0.0,0.0,0.0,91.265,1.3286,3.2089
1009.0,run_20260917_162241,,unloading,unloading,38.539,25.008,99.987,2.4000000953674316,0.0,0.0,0.0,91.265,1.3302,3.2089
1010.0,run_20260917_162241,,unloading,unloading,38.532,25.005,99.987,2.4000000953674316,0.0,0.0,0.0,91.265,1.3319,3.2089
1011.0,run_20260917_162241,,unloading,unloading,38.524,25.002,99.987,2.4000000953674316,0.0,0.0,0.0,91.265,1.3336,3.2089
1012.0,run_20260917_162241,,unloading,unloading,38.517,24.998,99.987,2.4000000953674316,0.0,0.0,0.0,91.265,1.3352,3.2089
1013.0,run_20260917_162241,,unloading,unloading,38.509,24.995,99.987,2.4000000953674316,0.0,0.0,0.0,91.265,1.3369,3.2089
1014.0,run_20260917_162241,,unloading,unloading,38.501,24.992,99.987,2.4000000953674316,0.0,0.0,0.0,91.265,1.3386,3.2089
1015.0,run_20260917_162241,,unloading,unloading,38.494,24.988,99.987,2.4000000953674316,0.0,0.0,0.0,91.265,1.3402,3.2089
1016.0,run_20260917_162241,,unloading,unloading,38.486,24.985,99.987,2.4000000953674316,0.0,0.0,0.0,91.265,1.3419,3.2089
1017.0,run_20260917_162241,,unloading,unloading,38.479,24.982,99.987,2.4000000953674316,0.0,0.0,0.0,91.265,1.3436,3.2089
1018.0,run_20260917_162241,,unloading,unloading,38.471,24.979,99.987,2.4000000953674316,0.0,0.0,0.0,91.265,1.3452,3.2089
1019.0,run_20260917_162241,,unloading,unloading,38.464,24.975,99.987,2.4000000953674316,0.0,0.0,0.0,91.265,1.3469,3.2089
1020.004,run_20260917_162241,,unloading,unloading,38.456,24.972,99.987,2.4000000953674316,0.0,0.0,0.0,91.265,1.3486,3.2089
1021.0,run_20260917_162241,,unloading,unloading,38.448,24.969,99.986,2.4000000953674316,0.0,0.0,0.0,91.265,1.3502,3.2089
1022.0,run_20260917_162241,,unloading,unloading,38.441,24.965,99.986,2.4000000953674316,0.0,0.0,0.0,91.265,1.3519,3.2089
1023.0,run_20260917_162241,,unloading,unloading,38.433,24.962,99.986,2.4000000953674316,0.0,0.0,0.0,91.265,1.3536,3.2089
1024.0,run_20260917_162241,,unloading,unloading,38.426,24.959,99.986,2.4000000953674316,0.0,0.0,0.0,91.265,1.3552,3.2089
1025.0,run_20260917_162241,,unloading,unloading,38.418,24.956,99.986,2.4000000953674316,0.0,0.0,0.0,91.265,1.3569,3.2089
1026.0,run_20260917_162241,,waiting,waiting,38.411,24.952,99.986,0.0,0.0,0.0,0.0,91.265,1.3586,3.2089
1027.0,run_20260917_162241,,driving,driving,38.402,24.953,99.986,0.0,0.092,0.051,0.0208,91.286,1.3603,3.2089
1028.0,run_20260917_162241,,driving,driving,38.392,24.965,99.986,0.0,0.424,0.236,0.1304,91.416,1.3627,3.2089
1029.0,run_20260917_162241,,driving,driving,38.374,24.995,99.986,0.0,0.897,0.5,0.4442,91.86,1.3665,3.2089
1030.0,run_20260917_162241,,driving,driving,38.355,25.025,99.986,0.0,0.897,0.5,0.5038,92.364,1.3707,3.2089
1031.0,run_20260917_162241,,driving,driving,38.337,25.055,99.986,0.0,0.897,0.5,0.4831,92.847,1.3748,3.2089
1032.0,run_20260917_162241,,driving,driving,38.318,25.085,99.986,0.0,0.897,0.5,0.5038,93.351,1.379,3.2089
1033.0,run_20260917_162241,,driving,driving,38.299,25.114,99.986,0.0,0.897,0.5,0.5037,93.854,1.3832,3.2089
1034.0,run_20260917_162241,,driving,driving,38.28,25.144,99.986,0.0,0.896,0.499,0.503,94.357,1.3874,3.2089
1035.0,run_20260917_162241,,driving,driving,38.261,25.174,99.986,0.0,0.896,0.499,0.4825,94.84,1.3915,3.2089
1036.0,run_20260917_162241,,driving,driving,38.242,25.204,99.986,0.0,0.897,0.5,0.5033,95.343,1.3956,3.2089
1037.0,run_20260917_162241,,driving,driving,38.223,25.233,99.986,0.0,0.894,0.498,0.5019,95.845,1.3998,3.2089
1038.0,run_20260917_162241,,driving,driving,38.204,25.262,99.986,0.0,0.881,0.491,0.5008,96.346,1.404,3.2089
1039.0,run_20260917_162241,,driving,driving,38.185,25.291,99.986,0.0,0.885,0.493,0.5032,96.849,1.4082,3.2089
1040.0,run_20260917_162241,,driving,driving,38.168,25.311,99.986,0.0,0.62,0.346,0.4197,97.269,1.4119,3.2089
1041.0,run_20260917_162241,,driving,driving,38.155,25.315,99.986,0.0,0.216,0.12,0.2267,97.496,1.4147,3.2089
1042.0,run_20260917_162241,,driving,driving,38.147,25.312,99.986,0.0,0.011,0.006,0.0464,97.542,1.4166,3.2089
1043.0,run_20260917_162241,,loading,loading,38.139,25.308,99.986,0.0,0.0,0.0,0.0,97.542,1.4183,3.2089
1044.0,run_20260917_162241,,loading,loading,38.131,25.304,99.986,0.0,0.0,0.0,0.0,97.542,1.42,3.2089
1045.0,run_20260917_162241,,loading,loading,38.124,25.301,99.986,0.0,0.0,0.0,0.0,97.542,1.4216,3.2089
1046.0,run_20260917_162241,,loading,loading,38.116,25.297,99.986,0.0,0.0,0.0,0.0,97.542,1.4233,3.2089
1047.0,run_20260917_162241,,loading,loading,38.109,25.294,99.986,0.0,0.0,0.0,0.0,97.542,1.425,3.2089
1048.0,run_20260917_162241,,loading,loading,38.101,25.29,99.986,0.0,0.0,0.0,0.0,97.542,1.4266,3.2089
1049.0,run_20260917_162241,,loading,loading,38.094,25.286,99.986,0.0,0.0,0.0,0.0,97.542,1.4283,3.2089
1050.0,run_20260917_162241,,loading,loading,38.086,25.283,99.986,0.0,0.0,0.0,0.0,97.542,1.43,3.2089
1051.0,run_20260917_162241,,loading,loading,38.078,25.279,99.986,0.0,0.0,0.0,0.0,97.542,1.4316,3.2089
1052.0,run_20260917_162241,,loading,loading,38.071,25.275,99.986,0.0,0.0,0.0,0.0,97.542,1.4333,3.2089
1053.0,run_20260917_162241,,loading,loading,38.063,25.272,99.986,0.0,0.0,0.0,0.0,97.542,1.435,3.2089
1054.0,run_20260917_162241,,loading,loading,38.056,25.268,99.986,0.0,0.0,0.0,0.0,97.542,1.4366,3.2089
1055.0,run_20260917_162241,,loading,loading,38.048,25.265,99.986,0.0,0.0,0.0,0.0,97.542,1.4383,3.2089
1056.0,run_20260917_162241,,loading,loading,38.041,25.261,99.986,0.0,0.0,0.0,0.0,97.542,1.44,3.2089
1057.0,run_20260917_162241,,loading,loading,38.033,25.257,99.986,0.0,0.0,0.0,0.0,97.542,1.4416,3.2089
1058.0,run_20260917_162241,,loading,loading,38.025,25.254,99.986,0.0,0.0,0.0,0.0,97.542,1.4433,3.2089
1059.0,run_20260917_162241,,loading,loading,38.018,25.25,99.986,0.0,0.0,0.0,0.0,97.542,1.445,3.2089
1060.0,run_20260917_162241,,loading,loading,38.01,25.247,99.986,0.0,0.0,0.0,0.0,97.542,1.4466,3.2089
1061.0,run_20260917_162241,,loading,loading,38.003,25.243,99.986,0.0,0.0,0.0,0.0,97.542,1.4483,3.2089
1062.0,run_20260917_162241,,loading,loading,37.995,25.24,99.986,0.0,0.0,0.0,0.0,97.542,1.45,3.2089
1063.0,run_20260917_162241,,loading,loading,37.987,25.236,99.985,0.0,0.0,0.0,0.0,97.542,1.4516,3.2089
1064.0,run_20260917_162241,,loading,loading,37.98,25.232,99.985,0.0,0.0,0.0,0.0,97.542,1.4533,3.2089
1065.0,run_20260917_162241,,loading,loading,37.972,25.229,99.985,0.0,0.0,0.0,0.0,97.542,1.455,3.2089
1066.0,run_20260917_162241,,loading,loading,37.965,25.225,99.985,0.0,0.0,0.0,0.0,97.542,1.4566,3.2089
1067.0,run_20260917_162241,,loading,loading,37.957,25.222,99.985,0.0,0.0,0.0,0.0,97.542,1.4583,3.2089
1068.0,run_20260917_162241,,loading,loading,37.95,25.218,99.985,0.0,0.0,0.0,0.0,97.542,1.46,3.2089
1069.0,run_20260917_162241,,loading,loading,37.942,25.215,99.985,0.0,0.0,0.0,0.0,97.542,1.4616,3.2089
1070.0,run_20260917_162241,,loading,loading,37.934,25.211,99.985,0.0,0.0,0.0,0.0,97.542,1.4633,3.2089
1071.0,run_20260917_162241,,loading,loading,37.927,25.208,99.985,0.0,0.0,0.0,0.0,97.542,1.465,3.2089
1072.0,run_20260917_162241,,loading,loading,37.919,25.204,99.985,0.0,0.0,0.0,0.0,97.542,1.4666,3.2089
1073.0,run_20260917_162241,,waiting,waiting,37.912,25.201,99.985,3.0,0.0,0.0,0.0,97.542,1.4683,3.2089
1074.0,run_20260917_162241,,driving,driving,37.903,25.212,99.985,3.0,0.353,0.197,0.0405,97.582,1.4703,3.2089
1075.0,run_20260917_162241,,driving,driving,37.891,25.21,99.985,3.0,0.036,0.02,0.1006,97.683,1.4728,3.2089
1076.0,run_20260917_162241,,driving,driving,37.877,25.239,99.985,3.0,0.769,0.428,0.1715,97.855,1.476,3.2089
1077.0,run_20260917_162241,,driving,driving,37.85,25.273,99.985,3.0,0.868,0.484,0.4963,98.351,1.4818,3.2089
1078.0,run_20260917_162241,,driving,driving,37.823,25.307,99.985,3.0,0.888,0.494,0.4961,98.847,1.4877,3.2089
1079.0,run_20260917_162241,,driving,driving,37.797,25.341,99.985,3.0,0.897,0.5,0.5022,99.349,1.4937,3.2089
1080.0,run_20260917_162241,,driving,driving,37.771,25.374,99.985,3.0,0.861,0.479,0.4671,99.816,1.4993,3.2089
1081.0,run_20260917_162241,,driving,driving,37.744,25.408,99.985,3.0,0.884,0.493,0.4889,100.305,1.5051,3.2089
1082.0,run_20260917_162241,,driving,driving,37.718,25.442,99.985,3.0,0.893,0.497,0.4971,100.802,1.511,3.2089
1083.0,run_20260917_162241,,driving,driving,37.691,25.475,99.985,3.0,0.846,0.471,0.4909,101.293,1.5168,3.2089
1084.0,run_20260917_162241,,driving,driving,37.665,25.509,99.985,3.0,0.893,0.498,0.4815,101.775,1.5226,3.2089
1085.0,run_20260917_162241,,driving,driving,37.639,25.542,99.985,3.0,0.862,0.48,0.4691,102.244,1.5282,3.2089
1086.0,run_20260917_162241,,driving,driving,37.612,25.575,99.985,3.0,0.879,0.49,0.5003,102.744,1.5342,3.2089
1087.0,run_20260917_162241,,driving,driving,37.586,25.609,99.985,3.0,0.895,0.499,0.492,103.236,1.54,3.2089
1088.0,run_20260917_162241,,driving,driving,37.559,25.644,99.985,3.0,0.897,0.5,0.5029,103.739,1.546,3.2089
1089.0,run_20260917_162241,,driving,driving,37.532,25.678,99.984,3.0,0.897,0.5,0.4855,104.225,1.5517,3.2089
1090.0,run_20260917_162241,,driving,driving,37.505,25.711,99.984,3.0,0.886,0.494,0.5033,104.728,1.5577,3.2089
1091.0,run_20260917_162241,,driving,driving,37.478,25.745,99.984,3.0,0.897,0.5,0.5033,105.231,1.5636,3.2089
1092.0,run_20260917_162241,,driving,driving,37.451,25.779,99.984,3.0,0.875,0.488,0.5005,105.732,1.5696,3.2089
1093.0,run_20260917_162241,,driving,driving,37.425,25.812,99.984,3.0,0.887,0.494,0.4999,106.231,1.5755,3.2089
1094.0,run_20260917_162241,,driving,driving,37.401,25.834,99.984,3.0,0.616,0.343,0.4072,106.639,1.5806,3.2089
1095.0,run_20260917_162241,,loading,loading,37.388,25.83,99.984,3.0,0.0,0.0,0.1542,106.793,1.5836,3.2089
1096.0,run_20260917_162241,,loading,loading,37.38,25.826,99.984,3.0,0.0,0.0,0.0,106.793,1.5853,3.2089
1097.0,run_20260917_162241,,loading,loading,37.373,25.822,99.984,3.0,0.0,0.0,0.0,106.793,1.5869,3.2089
1098.0,run_20260917_162241,,loading,loading,37.365,25.817,99.984,3.0,0.0,0.0,0.0,106.793,1.5886,3.2089
1099.0,run_20260917_162241,,loading,loading,37.357,25.813,99.984,3.0,0.0,0.0,0.0,106.793,1.5903,3.2089
1100.0,run_20260917_162241,,loading,loading,37.35,25.809,99.984,3.0,0.0,0.0,0.0,106.793,1.5919,3.2089
1101.0,run_20260917_162241,,loading,loading,37.342,25.805,99.984,3.0,0.0,0.0,0.0,106.793,1.5936,3.2089
1102.004,run_20260917_162241,,loading,loading,37.335,25.801,99.984,3.0,0.0,0.0,0.0,106.793,1.5953,3.2089
1103.0,run_20260917_162241,,loading,loading,37.327,25.796,99.984,3.0,0.0,0.0,0.0,106.793,1.5969,3.2089
1104.0,run_20260917_162241,,loading,loading,37.32,25.792,99.984,3.0,0.0,0.0,0.0,106.793,1.5986,3.2089
1105.004,run_20260917_162241,,loading,loading,37.312,25.788,99.984,3.0,0.0,0.0,0.0,106.793,1.6003,3.2089
1106.004,run_20260917_162241,,loading,loading,37.304,25.784,99.984,3.0,0.0,0.0,0.0,106.793,1.6019,3.2089
1107.0,run_20260917_162241,,loading,loading,37.297,25.78,99.984,3.0,0.0,0.0,0.0,106.793,1.6036,3.2089
1108.0,run_20260917_162241,,loading,loading,37.289,25.776,99.984,3.0,0.0,0.0,0.0,106.793,1.6053,3.2089
1109.0,run_20260917_162241,,loading,loading,37.282,25.771,99.984,3.0,0.0,0.0,0.0,106.793,1.6069,3.2089
1110.0,run_20260917_162241,,loading,loading,37.274,25.767,99.984,3.0,0.0,0.0,0.0,106.793,1.6086,3.2089
1111.0,run_20260917_162241,,loading,loading,37.267,25.763,99.984,3.0,0.0,0.0,0.0,106.793,1.6103,3.2089
1112.0,run_20260917_162241,,loading,loading,37.259,25.759,99.984,3.0,0.0,0.0,0.0,106.793,1.6119,3.2089
1113.0,run_20260917_162241,,loading,loading,37.251,25.755,99.984,3.0,0.0,0.0,0.0,106.793,1.6136,3.2089
1114.0,run_20260917_162241,,loading,loading,37.244,25.751,99.984,3.0,0.0,0.0,0.0,106.793,1.6153,3.2089
1115.0,run_20260917_162241,,loading,loading,37.236,25.747,99.984,3.0,0.0,0.0,0.0,106.793,1.6169,3.2089
1116.0,run_20260917_162241,,loading,loading,37.229,25.742,99.984,3.0,0.0,0.0,0.0,106.793,1.6186,3.2089
1117.0,run_20260917_162241,,loading,loading,37.221,25.738,99.984,3.0,0.0,0.0,0.0,106.793,1.6203,3.2089
1118.0,run_20260917_162241,,loading,loading,37.213,25.734,99.984,3.0,0.0,0.0,0.0,106.793,1.6219,3.2089
1119.0,run_20260917_162241,,loading,loading,37.206,25.73,99.984,3.0,0.0,0.0,0.0,106.793,1.6236,3.2089
1120.0,run_20260917_162241,,loading,loading,37.198,25.726,99.984,3.0,0.0,0.0,0.0,106.793,1.6253,3.2089
1121.0,run_20260917_162241,,loading,loading,37.191,25.722,99.984,3.0,0.0,0.0,0.0,106.793,1.6269,3.2089
1122.016,run_20260917_162241,,loading,loading,37.183,25.718,99.984,3.0,0.0,0.0,0.0,106.793,1.6286,3.2089
1123.0,run_20260917_162241,,loading,loading,37.176,25.714,99.984,3.0,0.0,0.0,0.0,106.793,1.6303,3.2089
1124.0,run_20260917_162241,,loading,loading,37.168,25.71,99.984,3.0,0.0,0.0,0.0,106.793,1.6319,3.2089
1125.0,run_20260917_162241,,waiting,waiting,37.16,25.706,99.984,3.4000000059604645,0.0,0.0,0.0,106.793,1.6336,3.2089
1126.0,run_20260917_162241,,waiting,waiting,37.153,25.702,99.984,3.4000000059604645,0.0,0.0,0.0,106.793,1.6353,3.2089
1127.0,run_20260917_162241,,driving,driving,37.14,25.712,99.984,3.4000000059604645,0.331,0.184,0.1323,106.925,1.6381,3.2089
1128.0,run_20260917_162241,,driving,driving,37.128,25.708,99.984,3.4000000059604645,0.012,0.007,0.1165,107.042,1.6408,3.2089
1129.0,run_20260917_162241,,driving,driving,37.117,25.721,99.984,3.4000000059604645,0.383,0.213,0.0657,107.107,1.6431,3.2089
1130.0,run_20260917_162241,,driving,driving,37.093,25.755,99.984,3.4000000059604645,0.897,0.5,0.4217,107.529,1.6485,3.2089
1131.0,run_20260917_162241,,driving,driving,37.065,25.79,99.983,3.4000000059604645,0.89,0.496,0.5013,108.03,1.6547,3.2089
1132.0,run_20260917_162241,,driving,driving,37.037,25.824,99.983,3.4000000059604645,0.893,0.497,0.501,108.531,1.6609,3.2089
1133.0,run_20260917_162241,,driving,driving,37.009,25.859,99.983,3.4000000059604645,0.889,0.495,0.4898,109.021,1.6669,3.2089
1134.0,run_20260917_162241,,driving,driving,36.981,25.893,99.983,3.4000000059604645,0.895,0.499,0.5011,109.522,1.6731,3.2089
1135.0,run_20260917_162241,,driving,driving,36.954,25.928,99.983,3.4000000059604645,0.897,0.5,0.4828,110.005,1.6791,3.2089
1136.0,run_20260917_162241,,driving,driving,36.926,25.962,99.983,3.4000000059604645,0.897,0.5,0.5036,110.509,1.6853,3.2089
1137.0,run_20260917_162241,,driving,driving,36.897,25.997,99.983,3.4000000059604645,0.894,0.498,0.5035,111.012,1.6915,3.2089
1138.0,run_20260917_162241,,driving,driving,36.87,26.03,99.983,3.4000000059604645,0.867,0.483,0.4938,111.506,1.6976,3.2089
1139.0,run_20260917_162241,,driving,driving,36.843,26.063,99.983,3.4000000059604645,0.874,0.487,0.4802,111.986,1.7035,3.2089
1140.0,run_20260917_162241,,driving,driving,36.815,26.097,99.983,3.4000000059604645,0.885,0.493,0.5004,112.487,1.7097,3.2089
1141.0,run_20260917_162241,,driving,driving,36.786,26.131,99.983,3.4000000059604645,0.897,0.5,0.501,112.988,1.7159,3.2089
1142.0,run_20260917_162241,,driving,driving,36.758,26.166,99.983,3.4000000059604645,0.897,0.5,0.5006,113.488,1.722,3.2089
1143.0,run_20260917_162241,,driving,driving,36.731,26.2,99.983,3.4000000059604645,0.897,0.5,0.4844,113.973,1.728,3.2089
1144.0,run_20260917_162241,,driving,driving,36.703,26.234,99.983,3.4000000059604645,0.897,0.5,0.5037,114.476,1.7342,3.2089
1145.0,run_20260917_162241,,driving,driving,36.675,26.268,99.983,3.4000000059604645,0.897,0.5,0.5038,114.98,1.7404,3.2089
1146.0,run_20260917_162241,,driving,driving,36.647,26.302,99.983,3.4000000059604645,0.889,0.495,0.5031,115.483,1.7466,3.2089
1147.0,run_20260917_162241,,driving,driving,36.619,26.336,99.982,3.4000000059604645,0.893,0.498,0.4973,115.981,1.7528,3.2089
1148.0,run_20260917_162241,,driving,driving,36.592,26.364,99.982,3.4000000059604645,0.766,0.427,0.4641,116.445,1.7586,3.2089
1149.0,run_20260917_162241,,driving,driving,36.571,26.379,99.982,3.4000000059604645,0.46,0.256,0.3244,116.769,1.7632,3.2089
1150.0,run_20260917_162241,,driving,driving,36.558,26.376,99.982,3.4000000059604645,0.041,0.023,0.1476,116.917,1.7662,3.2089
1151.0,run_20260917_162241,,driving,driving,36.549,26.372,99.982,3.4000000059604645,0.0,0.0,0.0228,116.939,1.7681,3.2089
1152.0,run_20260917_162241,,unloading,unloading,36.542,26.367,99.982,3.4000000059604645,0.0,0.0,0.0,116.939,1.7697,3.2089
1153.0,run_20260917_162241,,unloading,unloading,36.534,26.362,99.982,3.4000000059604645,0.0,0.0,0.0,116.939,1.7714,3.2089
1154.0,run_20260917_162241,,unloading,unloading,36.527,26.357,99.982,3.4000000059604645,0.0,0.0,0.0,116.939,1.7731,3.2089
1155.0,run_20260917_162241,,unloading,unloading,36.519,26.352,99.982,3.4000000059604645,0.0,0.0,0.0,116.939,1.7747,3.2089
1156.0,run_20260917_162241,,unloading,unloading,36.511,26.348,99.982,3.4000000059604645,0.0,0.0,0.0,116.939,1.7764,3.2089
1157.0,run_20260917_162241,,unloading,unloading,36.504,26.343,99.982,3.4000000059604645,0.0,0.0,0.0,116.939,1.7781,3.2089
1158.0,run_20260917_162241,,unloading,unloading,36.496,26.338,99.982,3.4000000059604645,0.0,0.0,0.0,116.939,1.7797,3.2089
1159.0,run_20260917_162241,,unloading,unloading,36.489,26.333,99.982,3.4000000059604645,0.0,0.0,0.0,116.939,1.7814,3.2089
1160.0,run_20260917_162241,,unloading,unloading,36.481,26.328,99.982,3.4000000059604645,0.0,0.0,0.0,116.939,1.7831,3.2089
1161.0,run_20260917_162241,,unloading,unloading,36.473,26.324,99.982,3.4000000059604645,0.0,0.0,0.0,116.939,1.7847,3.2089
1162.0,run_20260917_162241,,unloading,unloading,36.466,26.319,99.982,3.4000000059604645,0.0,0.0,0.0,116.939,1.7864,3.2089
1163.0,run_20260917_162241,,unloading,unloading,36.458,26.314,99.982,3.4000000059604645,0.0,0.0,0.0,116.939,1.7881,3.2089
1164.0,run_20260917_162241,,unloading,unloading,36.451,26.309,99.982,3.4000000059604645,0.0,0.0,0.0,116.939,1.7897,3.2089
1165.0,run_20260917_162241,,unloading,unloading,36.443,26.305,99.982,3.4000000059604645,0.0,0.0,0.0,116.939,1.7914,3.2089
1166.0,run_20260917_162241,,unloading,unloading,36.436,26.3,99.982,3.4000000059604645,0.0,0.0,0.0,116.939,1.7931,3.2089
1167.0,run_20260917_162241,,unloading,unloading,36.428,26.295,99.982,3.4000000059604645,0.0,0.0,0.0,116.939,1.7947,3.2089
1168.0,run_20260917_162241,,unloading,unloading,36.42,26.291,99.982,3.4000000059604645,0.0,0.0,0.0,116.939,1.7964,3.2089
1169.0,run_20260917_162241,,unloading,unloading,36.413,26.286,99.982,3.4000000059604645,0.0,0.0,0.0,116.939,1.7981,3.2089
1170.0,run_20260917_162241,,unloading,unloading,36.405,26.281,99.982,3.4000000059604645,0.0,0.0,0.0,116.939,1.7997,3.2089
1171.0,run_20260917_162241,,unloading,unloading,36.398,26.276,99.982,3.4000000059604645,0.0,0.0,0.0,116.939,1.8014,3.2089
1172.0,run_20260917_162241,,unloading,unloading,36.39,26.272,99.982,3.4000000059604645,0.0,0.0,0.0,116.939,1.8031,3.2089
1173.0,run_20260917_162241,,unloading,unloading,36.383,26.267,99.982,3.4000000059604645,0.0,0.0,0.0,116.939,1.8047,3.2089
1174.0,run_20260917_162241,,unloading,unloading,36.375,26.262,99.982,3.4000000059604645,0.0,0.0,0.0,116.939,1.8064,3.2089
1175.0,run_20260917_162241,,unloading,unloading,36.367,26.258,99.982,3.4000000059604645,0.0,0.0,0.0,116.939,1.8081,3.2089
1176.0,run_20260917_162241,,unloading,unloading,36.36,26.253,99.982,3.4000000059604645,0.0,0.0,0.0,116.939,1.8097,3.2089
1177.0,run_20260917_162241,,unloading,unloading,36.352,26.248,99.982,3.4000000059604645,0.0,0.0,0.0,116.939,1.8114,3.2089
1178.0,run_20260917_162241,,unloading,unloading,36.345,26.244,99.982,3.4000000059604645,0.0,0.0,0.0,116.939,1.8131,3.2089
1179.0,run_20260917_162241,,unloading,unloading,36.337,26.239,99.982,3.4000000059604645,0.0,0.0,0.0,116.939,1.8147,3.2089
1180.0,run_20260917_162241,,unloading,unloading,36.33,26.234,99.982,3.4000000059604645,0.0,0.0,0.0,116.939,1.8164,3.2089
1181.0,run_20260917_162241,,unloading,unloading,36.322,26.23,99.982,3.4000000059604645,0.0,0.0,0.0,116.939,1.8181,3.2089
1182.0,run_20260917_162241,,waiting,waiting,36.314,26.225,99.982,0.0,0.0,0.0,0.0,116.939,1.8197,3.2089
1183.0,run_20260917_162241,,driving,driving,36.307,26.222,99.982,0.0,0.053,0.029,0.011,116.95,1.8214,3.2089
1184.0,run_20260917_162241,,driving,driving,36.296,26.233,99.982,0.0,0.427,0.238,0.12,117.07,1.8237,3.2089
1185.0,run_20260917_162241,,driving,driving,36.279,26.262,99.982,0.0,0.896,0.499,0.4422,117.513,1.8276,3.2089
1186.0,run_20260917_162241,,driving,driving,36.26,26.288,99.982,0.0,0.84,0.468,0.4877,118.0,1.8317,3.2089
1187.0,run_20260917_162241,,driving,driving,36.241,26.317,99.982,0.0,0.897,0.5,0.4995,118.5,1.8359,3.2089
1188.0,run_20260917_162241,,driving,driving,36.222,26.345,99.982,0.0,0.887,0.494,0.485,118.985,1.84,3.2089
1189.0,run_20260917_162241,,driving,driving,36.203,26.373,99.982,0.0,0.897,0.5,0.5032,119.488,1.8442,3.2089
1190.0,run_20260917_162241,,driving,driving,36.184,26.402,99.982,0.0,0.897,0.5,0.503,119.991,1.8484,3.2089
1191.0,run_20260917_162241,,driving,driving,36.165,26.43,99.981,0.0,0.896,0.499,0.5002,120.491,1.8526,3.2089
1192.0,run_20260917_162241,,driving,driving,36.146,26.458,99.981,0.0,0.888,0.495,0.4999,120.991,1.8568,3.2089
1193.0,run_20260917_162241,,driving,driving,36.128,26.485,99.981,0.0,0.871,0.485,0.4745,121.466,1.8608,3.2089
1194.0,run_20260917_162241,,driving,driving,36.109,26.513,99.981,0.0,0.894,0.498,0.4976,121.963,1.865,3.2089
1195.0,run_20260917_162241,,driving,driving,36.09,26.54,99.981,0.0,0.843,0.47,0.4744,122.438,1.869,3.2089
1196.0,run_20260917_162241,,driving,driving,36.072,26.568,99.981,0.0,0.894,0.498,0.4869,122.925,1.8731,3.2089
1197.0,run_20260917_162241,,driving,driving,36.053,26.596,99.981,0.0,0.893,0.498,0.4817,123.406,1.8772,3.2089
1198.0,run_20260917_162241,,driving,driving,36.034,26.624,99.981,0.0,0.897,0.5,0.5038,123.91,1.8814,3.2089
1199.0,run_20260917_162241,,driving,driving,36.015,26.652,99.981,0.0,0.897,0.5,0.503,124.413,1.8856,3.2089
1200.0,run_20260917_162241,,driving,driving,35.996,26.68,99.981,0.0,0.897,0.5,0.5029,124.916,1.8898,3.2089
1201.0,run_20260917_162241,,driving,driving,35.977,26.708,99.981,0.0,0.897,0.5,0.504,125.42,1.894,3.2089
1202.0,run_20260917_162241,,driving,driving,35.958,26.736,99.981,0.0,0.897,0.5,0.4843,125.904,1.8981,3.2089
1203.004,run_20260917_162241,,driving,driving,35.939,26.762,99.981,0.0,0.826,0.46,0.4925,126.397,1.9023,3.2089
1204.0,run_20260917_162241,,driving,driving,35.923,26.776,99.981,0.0,0.531,0.296,0.368,126.765,1.9058,3.2089
1205.0,run_20260917_162241,,loading,loading,35.915,26.771,99.981,0.0,0.0,0.0,0.0327,126.797,1.9076,3.2089
1206.0,run_20260917_162241,,loading,loading,35.907,26.765,99.981,0.0,0.0,0.0,0.0,126.797,1.9093,3.2089
1207.0,run_20260917_162241,,loading,loading,35.9,26.76,99.981,0.0,0.0,0.0,0.0,126.797,1.911,3.2089
1208.0,run_20260917_162241,,loading,loading,35.892,26.755,99.981,0.0,0.0,0.0,0.0,126.797,1.9126,3.2089
1209.0,run_20260917_162241,,loading,loading,35.884,26.75,99.981,0.0,0.0,0.0,0.0,126.797,1.9143,3.2089
1210.0,run_20260917_162241,,loading,loading,35.877,26.745,99.981,0.0,0.0,0.0,0.0,126.797,1.916,3.2089
1211.0,run_20260917_162241,,loading,loading,35.869,26.739,99.981,0.0,0.0,0.0,0.0,126.797,1.9176,3.2089
1212.0,run_20260917_162241,,loading,loading,35.862,26.734,99.981,0.0,0.0,0.0,0.0,126.797,1.9193,3.2089
1213.0,run_20260917_162241,,loading,loading,35.854,26.729,99.981,0.0,0.0,0.0,0.0,126.797,1.921,3.2089
1214.0,run_20260917_162241,,loading,loading,35.847,26.724,99.981,0.0,0.0,0.0,0.0,126.797,1.9226,3.2089
1215.0,run_20260917_162241,,loading,loading,35.839,26.718,99.981,0.0,0.0,0.0,0.0,126.797,1.9243,3.2089
1216.0,run_20260917_162241,,loading,loading,35.831,26.713,99.981,0.0,0.0,0.0,0.0,126.797,1.926,3.2089
1217.0,run_20260917_162241,,loading,loading,35.824,26.708,99.981,0.0,0.0,0.0,0.0,126.797,1.9276,3.2089
1218.0,run_20260917_162241,,loading,loading,35.816,26.703,99.981,0.0,0.0,0.0,0.0,126.797,1.9293,3.2089
1219.0,run_20260917_162241,,loading,loading,35.809,26.698,99.981,0.0,0.0,0.0,0.0,126.797,1.931,3.2089
1220.0,run_20260917_162241,,loading,loading,35.801,26.693,99.981,0.0,0.0,0.0,0.0,126.797,1.9326,3.2089
1221.0,run_20260917_162241,,loading,loading,35.794,26.687,99.981,0.0,0.0,0.0,0.0,126.797,1.9343,3.2089
1222.0,run_20260917_162241,,loading,loading,35.786,26.682,99.981,0.0,0.0,0.0,0.0,126.797,1.936,3.2089
1223.0,run_20260917_162241,,loading,loading,35.778,26.677,99.981,0.0,0.0,0.0,0.0,126.797,1.9376,3.2089
1224.0,run_20260917_162241,,loading,loading,35.771,26.672,99.981,0.0,0.0,0.0,0.0,126.797,1.9393,3.2089
1225.0,run_20260917_162241,,loading,loading,35.763,26.667,99.981,0.0,0.0,0.0,0.0,126.797,1.941,3.2089
1226.0,run_20260917_162241,,loading,loading,35.756,26.662,99.981,0.0,0.0,0.0,0.0,126.797,1.9426,3.2089
1227.0,run_20260917_162241,,loading,loading,35.748,26.657,99.981,0.0,0.0,0.0,0.0,126.797,1.9443,3.2089
1228.0,run_20260917_162241,,loading,loading,35.741,26.651,99.981,0.0,0.0,0.0,0.0,126.797,1.946,3.2089
1229.0,run_20260917_162241,,loading,loading,35.733,26.646,99.981,0.0,0.0,0.0,0.0,126.797,1.9476,3.2089
1230.0,run_20260917_162241,,loading,loading,35.725,26.641,99.981,0.0,0.0,0.0,0.0,126.797,1.9493,3.2089
1231.0,run_20260917_162241,,loading,loading,35.718,26.636,99.98,0.0,0.0,0.0,0.0,126.797,1.951,3.2089
1232.0,run_20260917_162241,,loading,loading,35.71,26.631,99.98,0.0,0.0,0.0,0.0,126.797,1.9526,3.2089
1233.0,run_20260917_162241,,loading,loading,35.703,26.626,99.98,0.0,0.0,0.0,0.0,126.797,1.9543,3.2089
1234.0,run_20260917_162241,,loading,loading,35.695,26.621,99.98,0.0,0.0,0.0,0.0,126.797,1.956,3.2089
1235.0,run_20260917_162241,,waiting,waiting,35.687,26.616,99.98,3.0,0.0,0.0,0.0,126.797,1.9576,3.2089
1236.0,run_20260917_162241,,waiting,waiting,35.68,26.611,99.98,3.0,0.0,0.0,0.0,126.797,1.9593,3.2089
1237.0,run_20260917_162241,,waiting,waiting,35.672,26.606,99.98,3.0,0.0,0.0,0.0,126.797,1.961,3.2089
1238.0,run_20260917_162241,,waiting,waiting,35.665,26.601,99.98,3.0,0.0,0.0,0.0,126.797,1.9626,3.2089
1239.0,run_20260917_162241,,waiting,waiting,35.657,26.595,99.98,3.0,0.0,0.0,0.0,126.797,1.9643,3.2089
