sim_time_s,section_id,status,factory_time_s,produced_total,picked_total,buffer_units,buffer_capacity,buffer_fill,rate_actual_per_hour,health_percent,time_to_full_s,fault_remaining_s,faults_total,lost_units,blocked_time_s
3.62,A,RUNNING,0.0,0,0,4,8,0.5,20.0,100.0,757.98,0.0,0,0.0,0.0
4.0,A,RUNNING,0.376,0,0,4,8,0.5,20.0,100.0,757.604,0.0,0,0.0,0.0
5.0,A,RUNNING,1.376,0,0,4,8,0.5,20.0,100.0,756.604,0.0,0,0.0,0.0
6.0,A,RUNNING,2.376,0,0,4,8,0.5,20.0,100.0,755.604,0.0,0,0.0,0.0
7.0,A,RUNNING,3.376,0,0,4,8,0.5,20.0,100.0,754.604,0.0,0,0.0,0.0
8.0,A,RUNNING,4.376,0,0,4,8,0.5,20.0,100.0,753.604,0.0,0,0.0,0.0
9.0,A,RUNNING,5.376,0,0,4,8,0.5,20.0,100.0,752.604,0.0,0,0.0,0.0
10.0,A,RUNNING,6.376,0,0,4,8,0.5,20.0,100.0,751.604,0.0,0,0.0,0.0
11.0,A,RUNNING,7.376,0,0,4,8,0.5,20.0,100.0,750.604,0.0,0,0.0,0.0
12.0,A,RUNNING,8.376,0,0,4,8,0.5,20.0,100.0,749.604,0.0,0,0.0,0.0
13.0,A,RUNNING,9.376,0,0,4,8,0.5,20.0,100.0,748.604,0.0,0,0.0,0.0
14.0,A,RUNNING,10.376,0,0,4,8,0.5,20.0,100.0,747.604,0.0,0,0.0,0.0
15.0,A,RUNNING,11.376,0,0,4,8,0.5,20.0,100.0,746.604,0.0,0,0.0,0.0
16.0,A,RUNNING,12.376,0,0,4,8,0.5,20.0,100.0,745.604,0.0,0,0.0,0.0
17.0,A,RUNNING,13.376,0,0,4,8,0.5,20.0,100.0,744.604,0.0,0,0.0,0.0
18.0,A,RUNNING,14.376,0,0,4,8,0.5,20.0,100.0,743.604,0.0,0,0.0,0.0
19.0,A,RUNNING,15.376,0,0,4,8,0.5,20.0,100.0,742.604,0.0,0,0.0,0.0
20.0,A,RUNNING,16.376,0,0,4,8,0.5,20.0,100.0,741.604,0.0,0,0.0,0.0
21.0,A,RUNNING,17.376,0,0,4,8,0.5,20.0,100.0,740.604,0.0,0,0.0,0.0
22.0,A,RUNNING,18.376,0,0,4,8,0.5,20.0,100.0,739.604,0.0,0,0.0,0.0
23.0,A,RUNNING,19.376,0,0,4,8,0.5,20.0,100.0,738.604,0.0,0,0.0,0.0
24.0,A,RUNNING,20.376,0,0,4,8,0.5,20.0,100.0,737.604,0.0,0,0.0,0.0
25.0,A,RUNNING,21.376,0,0,4,8,0.5,20.0,100.0,736.604,0.0,0,0.0,0.0
26.0,A,RUNNING,22.376,0,0,4,8,0.5,20.0,100.0,735.604,0.0,0,0.0,0.0
27.0,A,RUNNING,23.376,0,0,4,8,0.5,20.0,100.0,734.604,0.0,0,0.0,0.0
28.0,A,RUNNING,24.376,0,0,4,8,0.5,20.0,100.0,733.604,0.0,0,0.0,0.0
29.0,A,RUNNING,25.376,0,0,4,8,0.5,20.0,100.0,732.604,0.0,0,0.0,0.0
30.0,A,RUNNING,26.376,0,0,4,8,0.5,20.0,100.0,731.604,0.0,0,0.0,0.0
31.0,A,RUNNING,27.376,0,0,4,8,0.5,20.0,100.0,730.604,0.0,0,0.0,0.0
32.0,A,RUNNING,28.376,0,0,4,8,0.5,20.0,100.0,729.604,0.0,0,0.0,0.0
33.0,A,RUNNING,29.376,0,0,4,8,0.5,20.0,100.0,728.604,0.0,0,0.0,0.0
34.0,A,RUNNING,30.376,0,0,4,8,0.5,20.0,100.0,727.604,0.0,0,0.0,0.0
35.0,A,RUNNING,31.376,0,0,4,8,0.5,20.0,100.0,726.604,0.0,0,0.0,0.0
36.0,A,RUNNING,32.376,0,0,4,8,0.5,20.0,100.0,725.604,0.0,0,0.0,0.0
37.0,A,RUNNING,33.376,0,0,4,8,0.5,20.0,100.0,724.604,0.0,0,0.0,0.0
38.0,A,RUNNING,34.376,0,0,4,8,0.5,20.0,100.0,723.604,0.0,0,0.0,0.0
39.0,A,RUNNING,35.376,0,0,4,8,0.5,20.0,100.0,722.604,0.0,0,0.0,0.0
40.0,A,RUNNING,36.376,0,0,4,8,0.5,20.0,100.0,721.604,0.0,0,0.0,0.0
41.0,A,RUNNING,37.376,0,0,4,8,0.5,20.0,100.0,720.604,0.0,0,0.0,0.0
42.0,A,RUNNING,38.376,0,0,4,8,0.5,20.0,100.0,719.604,0.0,0,0.0,0.0
43.0,A,RUNNING,39.376,0,0,4,8,0.5,20.0,100.0,718.604,0.0,0,0.0,0.0
44.0,A,RUNNING,40.376,0,0,4,8,0.5,20.0,100.0,717.604,0.0,0,0.0,0.0
45.0,A,RUNNING,41.376,0,0,4,8,0.5,20.0,100.0,716.604,0.0,0,0.0,0.0
46.0,A,RUNNING,42.376,0,0,4,8,0.5,20.0,100.0,715.604,0.0,0,0.0,0.0
47.0,A,RUNNING,43.376,0,0,4,8,0.5,20.0,100.0,714.604,0.0,0,0.0,0.0
48.0,A,RUNNING,44.376,0,0,4,8,0.5,20.0,100.0,713.604,0.0,0,0.0,0.0
49.0,A,RUNNING,45.376,0,0,4,8,0.5,20.0,100.0,712.604,0.0,0,0.0,0.0
50.0,A,RUNNING,46.376,0,0,4,8,0.5,20.0,100.0,711.604,0.0,0,0.0,0.0
51.0,A,RUNNING,47.376,0,0,4,8,0.5,20.0,100.0,710.604,0.0,0,0.0,0.0
52.0,A,RUNNING,48.376,0,0,4,8,0.5,20.0,100.0,709.604,0.0,0,0.0,0.0
53.0,A,RUNNING,49.376,0,0,4,8,0.5,20.0,100.0,708.604,0.0,0,0.0,0.0
54.0,A,RUNNING,50.376,0,0,4,8,0.5,20.0,100.0,707.604,0.0,0,0.0,0.0
55.0,A,RUNNING,51.376,0,0,4,8,0.5,20.0,100.0,706.604,0.0,0,0.0,0.0
56.0,A,RUNNING,52.376,0,0,4,8,0.5,20.0,100.0,705.604,0.0,0,0.0,0.0
57.0,A,RUNNING,53.376,0,0,4,8,0.5,20.0,100.0,704.604,0.0,0,0.0,0.0
58.0,A,RUNNING,54.376,0,0,4,8,0.5,20.0,100.0,703.604,0.0,0,0.0,0.0
59.0,A,RUNNING,55.376,0,0,4,8,0.5,20.0,100.0,702.604,0.0,0,0.0,0.0
60.0,A,RUNNING,56.376,0,0,4,8,0.5,20.0,100.0,701.604,0.0,0,0.0,0.0
61.0,A,RUNNING,57.376,0,0,4,8,0.5,20.0,100.0,700.604,0.0,0,0.0,0.0
62.0,A,RUNNING,58.376,0,0,4,8,0.5,20.0,100.0,699.604,0.0,0,0.0,0.0
63.0,A,RUNNING,59.376,0,0,4,8,0.5,20.0,100.0,698.604,0.0,0,0.0,0.0
64.0,A,RUNNING,60.376,0,0,4,8,0.5,20.0,100.0,697.604,0.0,0,0.0,0.0
65.0,A,RUNNING,61.376,0,0,4,8,0.5,20.0,100.0,696.604,0.0,0,0.0,0.0
66.0,A,RUNNING,62.376,0,0,4,8,0.5,20.0,100.0,695.604,0.0,0,0.0,0.0
67.0,A,RUNNING,63.376,0,0,4,8,0.5,20.0,100.0,694.604,0.0,0,0.0,0.0
68.0,A,RUNNING,64.376,0,0,4,8,0.5,20.0,100.0,693.604,0.0,0,0.0,0.0
69.0,A,RUNNING,65.376,0,0,4,8,0.5,20.0,100.0,692.604,0.0,0,0.0,0.0
70.0,A,RUNNING,66.376,0,0,4,8,0.5,20.0,100.0,691.604,0.0,0,0.0,0.0
71.0,A,RUNNING,67.376,0,0,4,8,0.5,20.0,100.0,690.604,0.0,0,0.0,0.0
72.0,A,RUNNING,68.376,0,0,4,8,0.5,20.0,100.0,689.604,0.0,0,0.0,0.0
73.0,A,RUNNING,69.376,0,0,4,8,0.5,20.0,100.0,688.604,0.0,0,0.0,0.0
74.0,A,RUNNING,70.376,0,0,4,8,0.5,20.0,100.0,687.604,0.0,0,0.0,0.0
75.0,A,RUNNING,71.376,0,0,4,8,0.5,20.0,100.0,686.604,0.0,0,0.0,0.0
76.0,A,RUNNING,72.376,0,0,4,8,0.5,20.0,100.0,685.604,0.0,0,0.0,0.0
77.0,A,RUNNING,73.376,0,0,4,8,0.5,20.0,100.0,684.604,0.0,0,0.0,0.0
78.0,A,RUNNING,74.376,0,0,4,8,0.5,20.0,100.0,683.604,0.0,0,0.0,0.0
79.0,A,RUNNING,75.376,0,0,4,8,0.5,20.0,100.0,682.604,0.0,0,0.0,0.0
80.0,A,RUNNING,76.376,0,0,4,8,0.5,20.0,100.0,681.604,0.0,0,0.0,0.0
81.0,A,RUNNING,77.376,0,0,4,8,0.5,20.0,100.0,680.604,0.0,0,0.0,0.0
82.0,A,RUNNING,78.376,0,0,4,8,0.5,20.0,100.0,679.604,0.0,0,0.0,0.0
83.0,A,RUNNING,79.376,0,0,4,8,0.5,20.0,100.0,678.604,0.0,0,0.0,0.0
84.0,A,RUNNING,80.376,0,0,4,8,0.5,20.0,100.0,677.604,0.0,0,0.0,0.0
85.0,A,RUNNING,81.376,0,0,4,8,0.5,20.0,100.0,676.604,0.0,0,0.0,0.0
86.0,A,RUNNING,82.376,0,0,4,8,0.5,20.0,100.0,675.604,0.0,0,0.0,0.0
87.0,A,RUNNING,83.376,0,0,4,8,0.5,20.0,100.0,674.604,0.0,0,0.0,0.0
88.0,A,RUNNING,84.376,0,0,4,8,0.5,20.0,100.0,673.604,0.0,0,0.0,0.0
89.0,A,RUNNING,85.376,0,0,4,8,0.5,20.0,100.0,672.604,0.0,0,0.0,0.0
90.0,A,RUNNING,86.376,0,0,4,8,0.5,20.0,100.0,671.604,0.0,0,0.0,0.0
91.0,A,RUNNING,87.376,0,0,4,8,0.5,20.0,100.0,670.604,0.0,0,0.0,0.0
92.0,A,RUNNING,88.376,0,0,4,8,0.5,20.0,100.0,669.604,0.0,0,0.0,0.0
93.0,A,RUNNING,89.376,0,0,4,8,0.5,20.0,100.0,668.604,0.0,0,0.0,0.0
94.0,A,RUNNING,90.376,0,0,4,8,0.5,20.0,100.0,667.604,0.0,0,0.0,0.0
95.0,A,RUNNING,91.376,0,0,4,8,0.5,20.0,100.0,666.604,0.0,0,0.0,0.0
96.0,A,RUNNING,92.376,0,0,4,8,0.5,20.0,100.0,665.604,0.0,0,0.0,0.0
97.0,A,RUNNING,93.376,0,0,4,8,0.5,20.0,100.0,664.604,0.0,0,0.0,0.0
98.0,A,RUNNING,94.376,0,0,4,8,0.5,20.0,100.0,663.604,0.0,0,0.0,0.0
99.0,A,RUNNING,95.376,0,0,4,8,0.5,20.0,100.0,662.604,0.0,0,0.0,0.0
100.0,A,RUNNING,96.376,0,0,4,8,0.5,20.0,100.0,661.604,0.0,0,0.0,0.0
101.0,A,RUNNING,97.376,0,0,4,8,0.5,20.0,100.0,660.604,0.0,0,0.0,0.0
102.0,A,RUNNING,98.376,0,0,4,8,0.5,20.0,100.0,659.604,0.0,0,0.0,0.0
103.0,A,RUNNING,99.376,0,0,4,8,0.5,20.0,100.0,658.604,0.0,0,0.0,0.0
104.0,A,RUNNING,100.376,0,0,4,8,0.5,20.0,100.0,657.604,0.0,0,0.0,0.0
105.0,A,RUNNING,101.376,0,0,4,8,0.5,20.0,100.0,656.604,0.0,0,0.0,0.0
106.0,A,RUNNING,102.376,0,0,4,8,0.5,20.0,100.0,655.604,0.0,0,0.0,0.0
107.0,A,RUNNING,103.376,0,0,4,8,0.5,20.0,100.0,654.604,0.0,0,0.0,0.0
108.0,A,RUNNING,104.376,0,0,4,8,0.5,20.0,100.0,653.604,0.0,0,0.0,0.0
109.0,A,RUNNING,105.376,0,0,4,8,0.5,20.0,100.0,652.604,0.0,0,0.0,0.0
110.0,A,RUNNING,106.376,0,0,4,8,0.5,20.0,100.0,651.604,0.0,0,0.0,0.0
111.0,A,RUNNING,107.376,0,0,4,8,0.5,20.0,100.0,650.604,0.0,0,0.0,0.0
112.0,A,RUNNING,108.376,0,0,4,8,0.5,20.0,100.0,649.604,0.0,0,0.0,0.0
113.0,A,RUNNING,109.376,0,0,4,8,0.5,20.0,100.0,648.604,0.0,0,0.0,0.0
114.0,A,RUNNING,110.376,0,0,4,8,0.5,20.0,100.0,647.604,0.0,0,0.0,0.0
115.0,A,RUNNING,111.376,0,0,4,8,0.5,20.0,100.0,646.604,0.0,0,0.0,0.0
116.0,A,RUNNING,112.376,0,0,4,8,0.5,20.0,100.0,645.604,0.0,0,0.0,0.0
117.0,A,RUNNING,113.376,0,0,4,8,0.5,20.0,100.0,644.604,0.0,0,0.0,0.0
118.0,A,RUNNING,114.376,0,0,4,8,0.5,20.0,100.0,643.604,0.0,0,0.0,0.0
119.0,A,RUNNING,115.376,0,0,4,8,0.5,20.0,100.0,642.604,0.0,0,0.0,0.0
120.0,A,RUNNING,116.376,0,0,4,8,0.5,20.0,100.0,641.604,0.0,0,0.0,0.0
121.0,A,RUNNING,117.376,0,0,4,8,0.5,20.0,100.0,640.604,0.0,0,0.0,0.0
122.0,A,RUNNING,118.376,0,0,4,8,0.5,20.0,100.0,639.604,0.0,0,0.0,0.0
123.0,A,RUNNING,119.376,0,0,4,8,0.5,20.0,100.0,638.604,0.0,0,0.0,0.0
124.0,A,RUNNING,120.376,0,0,4,8,0.5,20.0,100.0,637.604,0.0,0,0.0,0.0
125.0,A,RUNNING,121.376,0,0,4,8,0.5,20.0,100.0,636.604,0.0,0,0.0,0.0
126.0,A,RUNNING,122.376,0,0,4,8,0.5,20.0,100.0,635.604,0.0,0,0.0,0.0
127.0,A,RUNNING,123.376,0,0,4,8,0.5,20.0,100.0,634.604,0.0,0,0.0,0.0
128.0,A,RUNNING,124.376,0,0,4,8,0.5,20.0,100.0,633.604,0.0,0,0.0,0.0
129.0,A,RUNNING,125.376,0,0,4,8,0.5,20.0,100.0,632.604,0.0,0,0.0,0.0
130.0,A,RUNNING,126.376,0,0,4,8,0.5,20.0,100.0,631.604,0.0,0,0.0,0.0
131.0,A,RUNNING,127.376,0,0,4,8,0.5,20.0,100.0,630.604,0.0,0,0.0,0.0
132.0,A,RUNNING,128.376,0,0,4,8,0.5,20.0,100.0,629.604,0.0,0,0.0,0.0
133.0,A,RUNNING,129.376,0,0,4,8,0.5,20.0,100.0,628.604,0.0,0,0.0,0.0
134.0,A,RUNNING,130.376,0,0,4,8,0.5,20.0,100.0,627.604,0.0,0,0.0,0.0
135.0,A,RUNNING,131.376,0,0,4,8,0.5,20.0,100.0,626.604,0.0,0,0.0,0.0
136.0,A,RUNNING,132.376,0,0,4,8,0.5,20.0,100.0,625.604,0.0,0,0.0,0.0
137.0,A,RUNNING,133.376,0,0,4,8,0.5,20.0,100.0,624.604,0.0,0,0.0,0.0
138.0,A,RUNNING,134.376,0,0,4,8,0.5,20.0,100.0,623.604,0.0,0,0.0,0.0
139.0,A,RUNNING,135.376,0,0,4,8,0.5,20.0,100.0,622.604,0.0,0,0.0,0.0
140.0,A,RUNNING,136.376,0,0,4,8,0.5,20.0,100.0,621.604,0.0,0,0.0,0.0
141.0,A,RUNNING,137.376,0,0,4,8,0.5,20.0,100.0,620.604,0.0,0,0.0,0.0
142.0,A,RUNNING,138.376,0,0,4,8,0.5,20.0,100.0,619.604,0.0,0,0.0,0.0
143.0,A,RUNNING,139.376,0,0,4,8,0.5,20.0,100.0,618.604,0.0,0,0.0,0.0
144.0,A,RUNNING,140.376,0,0,4,8,0.5,20.0,100.0,617.604,0.0,0,0.0,0.0
145.0,A,RUNNING,141.376,0,0,4,8,0.5,20.0,100.0,616.604,0.0,0,0.0,0.0
146.0,A,RUNNING,142.376,0,0,4,8,0.5,20.0,100.0,615.604,0.0,0,0.0,0.0
147.0,A,RUNNING,143.376,0,0,4,8,0.5,20.0,100.0,614.604,0.0,0,0.0,0.0
148.0,A,RUNNING,144.376,0,0,4,8,0.5,20.0,100.0,613.604,0.0,0,0.0,0.0
149.0,A,RUNNING,145.376,0,0,4,8,0.5,20.0,100.0,612.604,0.0,0,0.0,0.0
150.0,A,RUNNING,146.376,0,0,4,8,0.5,20.0,100.0,611.604,0.0,0,0.0,0.0
151.0,A,RUNNING,147.376,0,0,4,8,0.5,20.0,100.0,610.604,0.0,0,0.0,0.0
152.0,A,RUNNING,148.376,0,0,4,8,0.5,20.0,100.0,609.604,0.0,0,0.0,0.0
153.0,A,RUNNING,149.376,0,0,4,8,0.5,20.0,100.0,608.604,0.0,0,0.0,0.0
154.0,A,RUNNING,150.376,0,0,4,8,0.5,20.0,100.0,607.604,0.0,0,0.0,0.0
155.0,A,RUNNING,151.376,0,0,4,8,0.5,20.0,100.0,606.604,0.0,0,0.0,0.0
156.0,A,RUNNING,152.376,0,0,4,8,0.5,20.0,100.0,605.604,0.0,0,0.0,0.0
157.0,A,RUNNING,153.376,0,0,4,8,0.5,20.0,100.0,604.604,0.0,0,0.0,0.0
158.0,A,RUNNING,154.376,0,0,4,8,0.5,20.0,100.0,603.604,0.0,0,0.0,0.0
159.0,A,RUNNING,155.376,0,0,4,8,0.5,20.0,100.0,602.604,0.0,0,0.0,0.0
160.0,A,RUNNING,156.376,0,0,4,8,0.5,20.0,100.0,601.604,0.0,0,0.0,0.0
161.0,A,RUNNING,157.376,0,0,4,8,0.5,20.0,100.0,600.604,0.0,0,0.0,0.0
162.0,A,RUNNING,158.376,0,0,4,8,0.5,20.0,100.0,599.604,0.0,0,0.0,0.0
163.0,A,RUNNING,159.376,0,0,4,8,0.5,20.0,100.0,598.604,0.0,0,0.0,0.0
164.0,A,RUNNING,160.376,0,0,4,8,0.5,20.0,100.0,597.604,0.0,0,0.0,0.0
165.0,A,RUNNING,161.376,0,0,4,8,0.5,20.0,100.0,596.604,0.0,0,0.0,0.0
166.0,A,RUNNING,162.376,0,0,4,8,0.5,20.0,100.0,595.604,0.0,0,0.0,0.0
167.0,A,RUNNING,163.376,0,0,4,8,0.5,20.0,100.0,594.604,0.0,0,0.0,0.0
168.0,A,RUNNING,164.376,0,0,4,8,0.5,20.0,100.0,593.604,0.0,0,0.0,0.0
169.0,A,RUNNING,165.376,0,0,4,8,0.5,20.0,100.0,592.604,0.0,0,0.0,0.0
170.0,A,RUNNING,166.376,0,0,4,8,0.5,20.0,100.0,591.604,0.0,0,0.0,0.0
171.0,A,RUNNING,167.376,0,0,4,8,0.5,20.0,100.0,590.604,0.0,0,0.0,0.0
172.0,A,RUNNING,168.376,0,0,4,8,0.5,20.0,100.0,589.604,0.0,0,0.0,0.0
173.0,A,RUNNING,169.376,0,0,4,8,0.5,20.0,100.0,588.604,0.0,0,0.0,0.0
174.0,A,RUNNING,170.376,0,0,4,8,0.5,20.0,100.0,587.604,0.0,0,0.0,0.0
175.0,A,RUNNING,171.376,0,0,4,8,0.5,20.0,100.0,586.604,0.0,0,0.0,0.0
176.0,A,RUNNING,172.376,0,0,4,8,0.5,20.0,100.0,585.604,0.0,0,0.0,0.0
177.0,A,RUNNING,173.376,0,0,4,8,0.5,20.0,100.0,584.604,0.0,0,0.0,0.0
178.0,A,RUNNING,174.376,0,0,4,8,0.5,20.0,100.0,583.604,0.0,0,0.0,0.0
179.0,A,RUNNING,175.376,0,0,4,8,0.5,20.0,100.0,582.604,0.0,0,0.0,0.0
180.0,A,RUNNING,176.376,0,0,4,8,0.5,20.0,100.0,581.604,0.0,0,0.0,0.0
181.0,A,RUNNING,177.376,0,0,4,8,0.5,20.0,100.0,580.604,0.0,0,0.0,0.0
182.0,A,RUNNING,178.376,0,0,4,8,0.5,20.0,100.0,579.604,0.0,0,0.0,0.0
183.0,A,RUNNING,179.376,0,0,4,8,0.5,20.0,100.0,578.604,0.0,0,0.0,0.0
184.0,A,RUNNING,180.376,0,0,4,8,0.5,20.0,100.0,577.604,0.0,0,0.0,0.0
185.0,A,RUNNING,181.376,0,0,4,8,0.5,20.0,100.0,576.604,0.0,0,0.0,0.0
186.0,A,RUNNING,182.376,0,0,4,8,0.5,20.0,100.0,575.604,0.0,0,0.0,0.0
187.0,A,RUNNING,183.376,0,0,4,8,0.5,20.0,100.0,574.604,0.0,0,0.0,0.0
188.0,A,RUNNING,184.376,0,0,4,8,0.5,20.0,100.0,573.604,0.0,0,0.0,0.0
189.0,A,RUNNING,185.376,0,4,0,8,0.0,20.0,100.0,1292.604,0.0,0,0.0,0.0
190.0,A,RUNNING,186.376,0,4,0,8,0.0,20.0,100.0,1291.604,0.0,0,0.0,0.0
191.0,A,RUNNING,187.376,0,4,0,8,0.0,20.0,100.0,1290.604,0.0,0,0.0,0.0
192.0,A,RUNNING,188.376,0,4,0,8,0.0,20.0,100.0,1289.604,0.0,0,0.0,0.0
193.0,A,RUNNING,189.376,0,4,0,8,0.0,20.0,100.0,1288.604,0.0,0,0.0,0.0
194.0,A,RUNNING,190.376,0,4,0,8,0.0,20.0,100.0,1287.604,0.0,0,0.0,0.0
195.0,A,RUNNING,191.376,0,4,0,8,0.0,20.0,100.0,1286.604,0.0,0,0.0,0.0
196.0,A,RUNNING,192.376,0,4,0,8,0.0,20.0,100.0,1285.604,0.0,0,0.0,0.0
197.0,A,RUNNING,193.376,0,4,0,8,0.0,20.0,100.0,1284.604,0.0,0,0.0,0.0
198.0,A,RUNNING,194.376,0,4,0,8,0.0,20.0,100.0,1283.604,0.0,0,0.0,0.0
199.0,A,RUNNING,195.376,0,4,0,8,0.0,20.0,100.0,1282.604,0.0,0,0.0,0.0
200.0,A,RUNNING,196.376,0,4,0,8,0.0,20.0,100.0,1281.604,0.0,0,0.0,0.0
201.0,A,RUNNING,197.376,0,4,0,8,0.0,20.0,100.0,1280.604,0.0,0,0.0,0.0
202.0,A,RUNNING,198.376,0,4,0,8,0.0,20.0,100.0,1279.604,0.0,0,0.0,0.0
203.0,A,RUNNING,199.376,0,4,0,8,0.0,20.0,100.0,1278.604,0.0,0,0.0,0.0
204.0,A,RUNNING,200.376,0,4,0,8,0.0,20.0,100.0,1277.604,0.0,0,0.0,0.0
205.0,A,RUNNING,201.376,0,4,0,8,0.0,20.0,100.0,1276.604,0.0,0,0.0,0.0
206.0,A,RUNNING,202.376,0,4,0,8,0.0,20.0,100.0,1275.604,0.0,0,0.0,0.0
207.0,A,RUNNING,203.376,0,4,0,8,0.0,20.0,100.0,1274.604,0.0,0,0.0,0.0
208.0,A,RUNNING,204.376,0,4,0,8,0.0,20.0,100.0,1273.604,0.0,0,0.0,0.0
209.0,A,RUNNING,205.376,0,4,0,8,0.0,20.0,100.0,1272.604,0.0,0,0.0,0.0
210.0,A,RUNNING,206.376,0,4,0,8,0.0,20.0,100.0,1271.604,0.0,0,0.0,0.0
211.0,A,RUNNING,207.376,0,4,0,8,0.0,20.0,100.0,1270.604,0.0,0,0.0,0.0
212.0,A,RUNNING,208.376,0,4,0,8,0.0,20.0,100.0,1269.604,0.0,0,0.0,0.0
213.0,A,RUNNING,209.376,0,4,0,8,0.0,20.0,100.0,1268.604,0.0,0,0.0,0.0
214.0,A,RUNNING,210.376,0,4,0,8,0.0,20.0,100.0,1267.604,0.0,0,0.0,0.0
215.0,A,RUNNING,211.376,0,4,0,8,0.0,20.0,100.0,1266.604,0.0,0,0.0,0.0
216.0,A,RUNNING,212.376,0,4,0,8,0.0,20.0,100.0,1265.604,0.0,0,0.0,0.0
217.0,A,RUNNING,213.376,0,4,0,8,0.0,20.0,100.0,1264.604,0.0,0,0.0,0.0
218.0,A,RUNNING,214.376,0,4,0,8,0.0,20.0,100.0,1263.604,0.0,0,0.0,0.0
219.0,A,RUNNING,215.376,0,4,0,8,0.0,20.0,100.0,1262.604,0.0,0,0.0,0.0
220.0,A,RUNNING,216.376,0,4,0,8,0.0,20.0,100.0,1261.604,0.0,0,0.0,0.0
221.0,A,RUNNING,217.376,0,4,0,8,0.0,20.0,100.0,1260.604,0.0,0,0.0,0.0
222.0,A,RUNNING,218.376,1,4,1,8,0.125,20.0,99.9,1238.1526,0.0,0,0.0,0.0
223.0,A,RUNNING,219.376,1,4,1,8,0.125,20.0,99.9,1237.1526,0.0,0,0.0,0.0
224.0,A,RUNNING,220.376,1,4,1,8,0.125,20.0,99.9,1236.1526,0.0,0,0.0,0.0
225.0,A,RUNNING,221.376,1,4,1,8,0.125,20.0,99.9,1235.1526,0.0,0,0.0,0.0
226.0,A,RUNNING,222.376,1,4,1,8,0.125,20.0,99.9,1234.1526,0.0,0,0.0,0.0
227.0,A,RUNNING,223.376,1,4,1,8,0.125,20.0,99.9,1233.1526,0.0,0,0.0,0.0
228.0,A,RUNNING,224.376,1,4,1,8,0.125,20.0,99.9,1232.1526,0.0,0,0.0,0.0
229.0,A,RUNNING,225.376,1,4,1,8,0.125,20.0,99.9,1231.1526,0.0,0,0.0,0.0
230.0,A,RUNNING,226.376,1,4,1,8,0.125,20.0,99.9,1230.1526,0.0,0,0.0,0.0
231.0,A,RUNNING,227.376,1,4,1,8,0.125,20.0,99.9,1229.1526,0.0,0,0.0,0.0
232.0,A,RUNNING,228.376,1,4,1,8,0.125,20.0,99.9,1228.1526,0.0,0,0.0,0.0
233.0,A,RUNNING,229.376,1,4,1,8,0.125,20.0,99.9,1227.1526,0.0,0,0.0,0.0
234.0,A,RUNNING,230.376,1,4,1,8,0.125,20.0,99.9,1226.1526,0.0,0,0.0,0.0
235.0,A,RUNNING,231.376,1,4,1,8,0.125,20.0,99.9,1225.1526,0.0,0,0.0,0.0
236.0,A,RUNNING,232.376,1,4,1,8,0.125,20.0,99.9,1224.1526,0.0,0,0.0,0.0
237.0,A,RUNNING,233.376,1,4,1,8,0.125,20.0,99.9,1223.1526,0.0,0,0.0,0.0
238.0,A,RUNNING,234.376,1,4,1,8,0.125,20.0,99.9,1222.1526,0.0,0,0.0,0.0
239.0,A,RUNNING,235.376,1,4,1,8,0.125,20.0,99.9,1221.1526,0.0,0,0.0,0.0
240.0,A,RUNNING,236.376,1,4,1,8,0.125,20.0,99.9,1220.1526,0.0,0,0.0,0.0
241.0,A,RUNNING,237.376,1,4,1,8,0.125,20.0,99.9,1219.1526,0.0,0,0.0,0.0
242.0,A,RUNNING,238.376,1,4,1,8,0.125,20.0,99.9,1218.1526,0.0,0,0.0,0.0
243.0,A,RUNNING,239.376,1,4,1,8,0.125,20.0,99.9,1217.1526,0.0,0,0.0,0.0
244.0,A,RUNNING,240.376,1,4,1,8,0.125,20.0,99.9,1216.1526,0.0,0,0.0,0.0
245.0,A,RUNNING,241.376,1,4,1,8,0.125,20.0,99.9,1215.1526,0.0,0,0.0,0.0
246.0,A,RUNNING,242.376,1,4,1,8,0.125,20.0,99.9,1214.1526,0.0,0,0.0,0.0
247.0,A,RUNNING,243.376,1,4,1,8,0.125,20.0,99.9,1213.1526,0.0,0,0.0,0.0
248.0,A,RUNNING,244.376,1,4,1,8,0.125,20.0,99.9,1212.1526,0.0,0,0.0,0.0
249.0,A,RUNNING,245.376,1,4,1,8,0.125,20.0,99.9,1211.1526,0.0,0,0.0,0.0
250.0,A,RUNNING,246.376,1,4,1,8,0.125,20.0,99.9,1210.1526,0.0,0,0.0,0.0
251.0,A,RUNNING,247.376,1,4,1,8,0.125,20.0,99.9,1209.1526,0.0,0,0.0,0.0
252.0,A,RUNNING,248.376,1,4,1,8,0.125,20.0,99.9,1208.1526,0.0,0,0.0,0.0
253.0,A,RUNNING,249.376,1,4,1,8,0.125,20.0,99.9,1207.1526,0.0,0,0.0,0.0
254.0,A,RUNNING,250.376,1,4,1,8,0.125,20.0,99.9,1206.1526,0.0,0,0.0,0.0
255.0,A,RUNNING,251.376,1,4,1,8,0.125,20.0,99.9,1205.1526,0.0,0,0.0,0.0
256.0,A,RUNNING,252.376,1,4,1,8,0.125,20.0,99.9,1204.1526,0.0,0,0.0,0.0
257.0,A,RUNNING,253.376,1,4,1,8,0.125,20.0,99.9,1203.1526,0.0,0,0.0,0.0
258.0,A,RUNNING,254.376,1,4,1,8,0.125,20.0,99.9,1202.1526,0.0,0,0.0,0.0
259.0,A,RUNNING,255.376,1,4,1,8,0.125,20.0,99.9,1201.1526,0.0,0,0.0,0.0
260.0,A,RUNNING,256.376,1,4,1,8,0.125,20.0,99.9,1200.1526,0.0,0,0.0,0.0
261.0,A,RUNNING,257.376,1,4,1,8,0.125,20.0,99.9,1199.1526,0.0,0,0.0,0.0
262.0,A,RUNNING,258.376,1,4,1,8,0.125,20.0,99.9,1198.1526,0.0,0,0.0,0.0
263.0,A,RUNNING,259.376,1,4,1,8,0.125,20.0,99.9,1197.1526,0.0,0,0.0,0.0
264.0,A,RUNNING,260.376,1,4,1,8,0.125,20.0,99.9,1196.1526,0.0,0,0.0,0.0
265.0,A,RUNNING,261.376,1,4,1,8,0.125,20.0,99.9,1195.1526,0.0,0,0.0,0.0
266.0,A,RUNNING,262.376,1,4,1,8,0.125,20.0,99.9,1194.1526,0.0,0,0.0,0.0
267.0,A,RUNNING,263.376,1,4,1,8,0.125,20.0,99.9,1193.1526,0.0,0,0.0,0.0
268.0,A,RUNNING,264.376,1,4,1,8,0.125,20.0,99.9,1192.1526,0.0,0,0.0,0.0
269.0,A,RUNNING,265.376,1,4,1,8,0.125,20.0,99.9,1191.1526,0.0,0,0.0,0.0
270.0,A,RUNNING,266.376,1,4,1,8,0.125,20.0,99.9,1190.1526,0.0,0,0.0,0.0
271.0,A,RUNNING,267.376,1,4,1,8,0.125,20.0,99.9,1189.1526,0.0,0,0.0,0.0
272.0,A,RUNNING,268.376,1,4,1,8,0.125,20.0,99.9,1188.1526,0.0,0,0.0,0.0
273.0,A,RUNNING,269.376,1,4,1,8,0.125,20.0,99.9,1187.1526,0.0,0,0.0,0.0
274.0,A,RUNNING,270.376,1,4,1,8,0.125,20.0,99.9,1186.1526,0.0,0,0.0,0.0
275.0,A,RUNNING,271.376,1,4,1,8,0.125,20.0,99.9,1185.1526,0.0,0,0.0,0.0
276.0,A,RUNNING,272.376,1,4,1,8,0.125,20.0,99.9,1184.1526,0.0,0,0.0,0.0
277.0,A,RUNNING,273.376,1,4,1,8,0.125,20.0,99.9,1183.1526,0.0,0,0.0,0.0
278.0,A,RUNNING,274.376,1,4,1,8,0.125,20.0,99.9,1182.1526,0.0,0,0.0,0.0
279.0,A,RUNNING,275.376,1,4,1,8,0.125,20.0,99.9,1181.1526,0.0,0,0.0,0.0
280.0,A,RUNNING,276.376,1,4,1,8,0.125,20.0,99.9,1180.1526,0.0,0,0.0,0.0
281.0,A,RUNNING,277.376,1,4,1,8,0.125,20.0,99.9,1179.1526,0.0,0,0.0,0.0
282.0,A,RUNNING,278.376,1,4,1,8,0.125,20.0,99.9,1178.1526,0.0,0,0.0,0.0
283.0,A,RUNNING,279.376,1,4,1,8,0.125,20.0,99.9,1177.1526,0.0,0,0.0,0.0
284.0,A,RUNNING,280.376,1,4,1,8,0.125,20.0,99.9,1176.1526,0.0,0,0.0,0.0
285.0,A,RUNNING,281.376,1,4,1,8,0.125,20.0,99.9,1175.1526,0.0,0,0.0,0.0
286.0,A,RUNNING,282.376,1,4,1,8,0.125,20.0,99.9,1174.1526,0.0,0,0.0,0.0
287.0,A,RUNNING,283.376,1,4,1,8,0.125,20.0,99.9,1173.1526,0.0,0,0.0,0.0
288.0,A,RUNNING,284.376,1,4,1,8,0.125,20.0,99.9,1172.1526,0.0,0,0.0,0.0
289.0,A,RUNNING,285.376,1,4,1,8,0.125,20.0,99.9,1171.1526,0.0,0,0.0,0.0
290.0,A,RUNNING,286.376,1,4,1,8,0.125,20.0,99.9,1170.1526,0.0,0,0.0,0.0
291.0,A,RUNNING,287.376,1,4,1,8,0.125,20.0,99.9,1169.1526,0.0,0,0.0,0.0
292.0,A,RUNNING,288.376,1,4,1,8,0.125,20.0,99.9,1168.1526,0.0,0,0.0,0.0
293.0,A,RUNNING,289.376,1,4,1,8,0.125,20.0,99.9,1167.1526,0.0,0,0.0,0.0
294.0,A,RUNNING,290.376,1,4,1,8,0.125,20.0,99.9,1166.1526,0.0,0,0.0,0.0
295.0,A,RUNNING,291.376,1,4,1,8,0.125,20.0,99.9,1165.1526,0.0,0,0.0,0.0
296.0,A,RUNNING,292.376,1,4,1,8,0.125,20.0,99.9,1164.1526,0.0,0,0.0,0.0
297.0,A,RUNNING,293.376,1,4,1,8,0.125,20.0,99.9,1163.1526,0.0,0,0.0,0.0
298.0,A,RUNNING,294.376,1,4,1,8,0.125,20.0,99.9,1162.1526,0.0,0,0.0,0.0
299.0,A,RUNNING,295.376,1,4,1,8,0.125,20.0,99.9,1161.1526,0.0,0,0.0,0.0
300.0,A,RUNNING,296.376,1,4,1,8,0.125,20.0,99.9,1160.1526,0.0,0,0.0,0.0
301.0,A,RUNNING,297.376,1,4,1,8,0.125,20.0,99.9,1159.1526,0.0,0,0.0,0.0
302.0,A,RUNNING,298.376,1,4,1,8,0.125,20.0,99.9,1158.1526,0.0,0,0.0,0.0
303.0,A,RUNNING,299.376,1,4,1,8,0.125,20.0,99.9,1157.1526,0.0,0,0.0,0.0
304.0,A,RUNNING,300.376,1,4,1,8,0.125,20.0,99.9,1156.1526,0.0,0,0.0,0.0
305.0,A,RUNNING,301.376,1,4,1,8,0.125,20.0,99.9,1155.1526,0.0,0,0.0,0.0
306.0,A,RUNNING,302.376,1,4,1,8,0.125,20.0,99.9,1154.1526,0.0,0,0.0,0.0
307.0,A,RUNNING,303.376,1,4,1,8,0.125,20.0,99.9,1153.1526,0.0,0,0.0,0.0
308.0,A,RUNNING,304.376,1,4,1,8,0.125,20.0,99.9,1152.1526,0.0,0,0.0,0.0
309.0,A,RUNNING,305.376,1,4,1,8,0.125,20.0,99.9,1151.1526,0.0,0,0.0,0.0
310.0,A,RUNNING,306.376,1,4,1,8,0.125,20.0,99.9,1150.1526,0.0,0,0.0,0.0
311.0,A,RUNNING,307.376,1,4,1,8,0.125,20.0,99.9,1149.1526,0.0,0,0.0,0.0
312.0,A,RUNNING,308.376,1,4,1,8,0.125,20.0,99.9,1148.1526,0.0,0,0.0,0.0
313.0,A,RUNNING,309.376,1,4,1,8,0.125,20.0,99.9,1147.1526,0.0,0,0.0,0.0
314.0,A,RUNNING,310.376,1,4,1,8,0.125,20.0,99.9,1146.1526,0.0,0,0.0,0.0
315.0,A,RUNNING,311.376,1,4,1,8,0.125,20.0,99.9,1145.1526,0.0,0,0.0,0.0
316.0,A,RUNNING,312.376,1,4,1,8,0.125,20.0,99.9,1144.1526,0.0,0,0.0,0.0
317.0,A,RUNNING,313.376,1,4,1,8,0.125,20.0,99.9,1143.1526,0.0,0,0.0,0.0
318.0,A,RUNNING,314.376,1,4,1,8,0.125,20.0,99.9,1142.1526,0.0,0,0.0,0.0
319.0,A,RUNNING,315.376,1,4,1,8,0.125,20.0,99.9,1141.1526,0.0,0,0.0,0.0
320.0,A,RUNNING,316.376,1,4,1,8,0.125,20.0,99.9,1140.1526,0.0,0,0.0,0.0
321.0,A,RUNNING,317.376,1,4,1,8,0.125,20.0,99.9,1139.1526,0.0,0,0.0,0.0
322.0,A,RUNNING,318.376,1,4,1,8,0.125,20.0,99.9,1138.1526,0.0,0,0.0,0.0
323.0,A,RUNNING,319.376,1,4,1,8,0.125,20.0,99.9,1137.1526,0.0,0,0.0,0.0
324.0,A,RUNNING,320.376,1,4,1,8,0.125,20.0,99.9,1136.1526,0.0,0,0.0,0.0
325.0,A,RUNNING,321.376,1,4,1,8,0.125,20.0,99.9,1135.1526,0.0,0,0.0,0.0
326.0,A,RUNNING,322.376,1,4,1,8,0.125,20.0,99.9,1134.1526,0.0,0,0.0,0.0
327.0,A,RUNNING,323.376,1,4,1,8,0.125,20.0,99.9,1133.1526,0.0,0,0.0,0.0
328.0,A,RUNNING,324.376,1,4,1,8,0.125,20.0,99.9,1132.1526,0.0,0,0.0,0.0
329.0,A,RUNNING,325.376,1,4,1,8,0.125,20.0,99.9,1131.1526,0.0,0,0.0,0.0
330.0,A,RUNNING,326.376,1,4,1,8,0.125,20.0,99.9,1130.1526,0.0,0,0.0,0.0
331.0,A,RUNNING,327.376,1,4,1,8,0.125,20.0,99.9,1129.1526,0.0,0,0.0,0.0
332.0,A,RUNNING,328.376,1,4,1,8,0.125,20.0,99.9,1128.1526,0.0,0,0.0,0.0
333.0,A,RUNNING,329.376,1,4,1,8,0.125,20.0,99.9,1127.1526,0.0,0,0.0,0.0
334.0,A,RUNNING,330.376,1,4,1,8,0.125,20.0,99.9,1126.1526,0.0,0,0.0,0.0
335.0,A,RUNNING,331.376,1,4,1,8,0.125,20.0,99.9,1125.1526,0.0,0,0.0,0.0
336.0,A,RUNNING,332.376,1,4,1,8,0.125,20.0,99.9,1124.1526,0.0,0,0.0,0.0
337.0,A,RUNNING,333.376,1,4,1,8,0.125,20.0,99.9,1123.1526,0.0,0,0.0,0.0
338.0,A,RUNNING,334.376,1,4,1,8,0.125,20.0,99.9,1122.1526,0.0,0,0.0,0.0
339.0,A,RUNNING,335.376,1,4,1,8,0.125,20.0,99.9,1121.1526,0.0,0,0.0,0.0
340.0,A,RUNNING,336.376,1,4,1,8,0.125,20.0,99.9,1120.1526,0.0,0,0.0,0.0
341.0,A,RUNNING,337.376,1,4,1,8,0.125,20.0,99.9,1119.1526,0.0,0,0.0,0.0
342.0,A,RUNNING,338.376,1,4,1,8,0.125,20.0,99.9,1118.1526,0.0,0,0.0,0.0
343.0,A,RUNNING,339.376,1,4,1,8,0.125,20.0,99.9,1117.1526,0.0,0,0.0,0.0
344.0,A,RUNNING,340.376,1,4,1,8,0.125,20.0,99.9,1116.1526,0.0,0,0.0,0.0
345.0,A,RUNNING,341.376,1,4,1,8,0.125,20.0,99.9,1115.1526,0.0,0,0.0,0.0
346.0,A,RUNNING,342.376,1,4,1,8,0.125,20.0,99.9,1114.1526,0.0,0,0.0,0.0
347.0,A,RUNNING,343.376,1,4,1,8,0.125,20.0,99.9,1113.1526,0.0,0,0.0,0.0
348.0,A,RUNNING,344.376,1,4,1,8,0.125,20.0,99.9,1112.1526,0.0,0,0.0,0.0
349.0,A,RUNNING,345.376,1,4,1,8,0.125,20.0,99.9,1111.1526,0.0,0,0.0,0.0
350.0,A,RUNNING,346.376,1,4,1,8,0.125,20.0,99.9,1110.1526,0.0,0,0.0,0.0
351.0,A,RUNNING,347.376,1,4,1,8,0.125,20.0,99.9,1109.1526,0.0,0,0.0,0.0
352.0,A,RUNNING,348.376,1,4,1,8,0.125,20.0,99.9,1108.1526,0.0,0,0.0,0.0
353.0,A,RUNNING,349.376,1,4,1,8,0.125,20.0,99.9,1107.1526,0.0,0,0.0,0.0
354.0,A,RUNNING,350.376,1,4,1,8,0.125,20.0,99.9,1106.1526,0.0,0,0.0,0.0
355.0,A,RUNNING,351.376,1,4,1,8,0.125,20.0,99.9,1105.1526,0.0,0,0.0,0.0
356.0,A,RUNNING,352.376,1,4,1,8,0.125,20.0,99.9,1104.1526,0.0,0,0.0,0.0
357.0,A,RUNNING,353.376,1,4,1,8,0.125,20.0,99.9,1103.1526,0.0,0,0.0,0.0
358.0,A,RUNNING,354.376,1,4,1,8,0.125,20.0,99.9,1102.1526,0.0,0,0.0,0.0
359.0,A,RUNNING,355.376,1,4,1,8,0.125,20.0,99.9,1101.1526,0.0,0,0.0,0.0
360.0,A,RUNNING,356.376,1,4,1,8,0.125,20.0,99.9,1100.1526,0.0,0,0.0,0.0
361.0,A,RUNNING,357.376,1,4,1,8,0.125,20.0,99.9,1099.1526,0.0,0,0.0,0.0
362.0,A,RUNNING,358.376,1,4,1,8,0.125,20.0,99.9,1098.1526,0.0,0,0.0,0.0
363.0,A,RUNNING,359.376,1,4,1,8,0.125,20.0,99.9,1097.1526,0.0,0,0.0,0.0
364.0,A,RUNNING,360.376,1,4,1,8,0.125,20.0,99.9,1096.1526,0.0,0,0.0,0.0
365.0,A,RUNNING,361.376,1,4,1,8,0.125,20.0,99.9,1095.1526,0.0,0,0.0,0.0
366.0,A,RUNNING,362.376,1,4,1,8,0.125,20.0,99.9,1094.1526,0.0,0,0.0,0.0
367.0,A,RUNNING,363.376,1,4,1,8,0.125,20.0,99.9,1093.1526,0.0,0,0.0,0.0
368.0,A,RUNNING,364.376,1,4,1,8,0.125,20.0,99.9,1092.1526,0.0,0,0.0,0.0
369.0,A,RUNNING,365.376,1,4,1,8,0.125,20.0,99.9,1091.1526,0.0,0,0.0,0.0
370.0,A,RUNNING,366.376,1,4,1,8,0.125,20.0,99.9,1090.1526,0.0,0,0.0,0.0
371.0,A,RUNNING,367.376,1,4,1,8,0.125,20.0,99.9,1089.1526,0.0,0,0.0,0.0
372.0,A,RUNNING,368.376,1,4,1,8,0.125,20.0,99.9,1088.1526,0.0,0,0.0,0.0
373.0,A,RUNNING,369.376,1,4,1,8,0.125,20.0,99.9,1087.1526,0.0,0,0.0,0.0
374.0,A,RUNNING,370.376,1,4,1,8,0.125,20.0,99.9,1086.1526,0.0,0,0.0,0.0
375.0,A,RUNNING,371.376,1,4,1,8,0.125,20.0,99.9,1085.1526,0.0,0,0.0,0.0
376.0,A,RUNNING,372.376,1,4,1,8,0.125,20.0,99.9,1084.1526,0.0,0,0.0,0.0
377.0,A,RUNNING,373.376,1,4,1,8,0.125,20.0,99.9,1083.1526,0.0,0,0.0,0.0
378.0,A,RUNNING,374.376,1,4,1,8,0.125,20.0,99.9,1082.1526,0.0,0,0.0,0.0
379.0,A,RUNNING,375.376,1,4,1,8,0.125,20.0,99.9,1081.1526,0.0,0,0.0,0.0
380.0,A,RUNNING,376.376,1,4,1,8,0.125,20.0,99.9,1080.1526,0.0,0,0.0,0.0
381.0,A,RUNNING,377.376,2,4,2,8,0.25,20.0,99.8,1073.0471,0.0,0,0.0,0.0
382.0,A,RUNNING,378.376,2,4,2,8,0.25,20.0,99.8,1072.0471,0.0,0,0.0,0.0
383.0,A,RUNNING,379.376,2,4,2,8,0.25,20.0,99.8,1071.0471,0.0,0,0.0,0.0
384.0,A,RUNNING,380.376,2,4,2,8,0.25,20.0,99.8,1070.0471,0.0,0,0.0,0.0
385.0,A,RUNNING,381.376,2,4,2,8,0.25,20.0,99.8,1069.0471,0.0,0,0.0,0.0
386.0,A,RUNNING,382.376,2,4,2,8,0.25,20.0,99.8,1068.0471,0.0,0,0.0,0.0
387.0,A,RUNNING,383.376,2,4,2,8,0.25,20.0,99.8,1067.0471,0.0,0,0.0,0.0
388.0,A,RUNNING,384.376,2,4,2,8,0.25,20.0,99.8,1066.0471,0.0,0,0.0,0.0
389.0,A,RUNNING,385.376,2,4,2,8,0.25,20.0,99.8,1065.0471,0.0,0,0.0,0.0
390.0,A,RUNNING,386.376,2,4,2,8,0.25,20.0,99.8,1064.0471,0.0,0,0.0,0.0
391.0,A,RUNNING,387.376,2,4,2,8,0.25,20.0,99.8,1063.0471,0.0,0,0.0,0.0
392.0,A,RUNNING,388.376,2,4,2,8,0.25,20.0,99.8,1062.0471,0.0,0,0.0,0.0
393.0,A,RUNNING,389.376,2,4,2,8,0.25,20.0,99.8,1061.0471,0.0,0,0.0,0.0
394.0,A,RUNNING,390.376,2,4,2,8,0.25,20.0,99.8,1060.0471,0.0,0,0.0,0.0
395.0,A,RUNNING,391.376,2,4,2,8,0.25,20.0,99.8,1059.0471,0.0,0,0.0,0.0
396.0,A,RUNNING,392.376,2,4,2,8,0.25,20.0,99.8,1058.0471,0.0,0,0.0,0.0
397.0,A,RUNNING,393.376,2,4,2,8,0.25,20.0,99.8,1057.0471,0.0,0,0.0,0.0
398.0,A,RUNNING,394.376,2,4,2,8,0.25,20.0,99.8,1056.0471,0.0,0,0.0,0.0
399.0,A,RUNNING,395.376,2,4,2,8,0.25,20.0,99.8,1055.0471,0.0,0,0.0,0.0
400.0,A,RUNNING,396.376,2,4,2,8,0.25,20.0,99.8,1054.0471,0.0,0,0.0,0.0
401.0,A,RUNNING,397.376,2,4,2,8,0.25,20.0,99.8,1053.0471,0.0,0,0.0,0.0
402.0,A,RUNNING,398.376,2,4,2,8,0.25,20.0,99.8,1052.0471,0.0,0,0.0,0.0
403.0,A,RUNNING,399.376,2,4,2,8,0.25,20.0,99.8,1051.0471,0.0,0,0.0,0.0
404.0,A,RUNNING,400.376,2,4,2,8,0.25,20.0,99.8,1050.0471,0.0,0,0.0,0.0
405.0,A,RUNNING,401.376,2,4,2,8,0.25,20.0,99.8,1049.0471,0.0,0,0.0,0.0
406.0,A,RUNNING,402.376,2,4,2,8,0.25,20.0,99.8,1048.0471,0.0,0,0.0,0.0
407.0,A,RUNNING,403.376,2,4,2,8,0.25,20.0,99.8,1047.0471,0.0,0,0.0,0.0
408.0,A,RUNNING,404.376,2,4,2,8,0.25,20.0,99.8,1046.0471,0.0,0,0.0,0.0
409.0,A,RUNNING,405.376,2,4,2,8,0.25,20.0,99.8,1045.0471,0.0,0,0.0,0.0
410.0,A,RUNNING,406.376,2,4,2,8,0.25,20.0,99.8,1044.0471,0.0,0,0.0,0.0
411.0,A,RUNNING,407.376,2,4,2,8,0.25,20.0,99.8,1043.0471,0.0,0,0.0,0.0
412.0,A,RUNNING,408.376,2,4,2,8,0.25,20.0,99.8,1042.0471,0.0,0,0.0,0.0
413.0,A,RUNNING,409.376,2,4,2,8,0.25,20.0,99.8,1041.0471,0.0,0,0.0,0.0
414.0,A,RUNNING,410.376,2,4,2,8,0.25,20.0,99.8,1040.0471,0.0,0,0.0,0.0
415.0,A,RUNNING,411.376,2,4,2,8,0.25,20.0,99.8,1039.0471,0.0,0,0.0,0.0
416.0,A,RUNNING,412.376,2,4,2,8,0.25,20.0,99.8,1038.0471,0.0,0,0.0,0.0
417.0,A,RUNNING,413.376,2,4,2,8,0.25,20.0,99.8,1037.0471,0.0,0,0.0,0.0
418.0,A,RUNNING,414.376,2,4,2,8,0.25,20.0,99.8,1036.0471,0.0,0,0.0,0.0
419.0,A,RUNNING,415.376,2,4,2,8,0.25,20.0,99.8,1035.0471,0.0,0,0.0,0.0
420.0,A,RUNNING,416.376,2,4,2,8,0.25,20.0,99.8,1034.0471,0.0,0,0.0,0.0
421.0,A,RUNNING,417.376,2,4,2,8,0.25,20.0,99.8,1033.0471,0.0,0,0.0,0.0
422.0,A,RUNNING,418.376,2,4,2,8,0.25,20.0,99.8,1032.0471,0.0,0,0.0,0.0
423.0,A,RUNNING,419.376,2,4,2,8,0.25,20.0,99.8,1031.0471,0.0,0,0.0,0.0
424.0,A,RUNNING,420.376,2,4,2,8,0.25,20.0,99.8,1030.0471,0.0,0,0.0,0.0
425.0,A,RUNNING,421.376,2,4,2,8,0.25,20.0,99.8,1029.0471,0.0,0,0.0,0.0
426.0,A,RUNNING,422.376,2,4,2,8,0.25,20.0,99.8,1028.0471,0.0,0,0.0,0.0
427.0,A,RUNNING,423.376,2,4,2,8,0.25,20.0,99.8,1027.0471,0.0,0,0.0,0.0
428.0,A,RUNNING,424.376,2,4,2,8,0.25,20.0,99.8,1026.0471,0.0,0,0.0,0.0
429.0,A,RUNNING,425.376,2,4,2,8,0.25,20.0,99.8,1025.0471,0.0,0,0.0,0.0
430.0,A,RUNNING,426.376,2,4,2,8,0.25,20.0,99.8,1024.0471,0.0,0,0.0,0.0
431.0,A,RUNNING,427.376,2,4,2,8,0.25,20.0,99.8,1023.0471,0.0,0,0.0,0.0
432.0,A,RUNNING,428.376,2,4,2,8,0.25,20.0,99.8,1022.0471,0.0,0,0.0,0.0
433.0,A,RUNNING,429.376,2,4,2,8,0.25,20.0,99.8,1021.0471,0.0,0,0.0,0.0
434.0,A,RUNNING,430.376,2,4,2,8,0.25,20.0,99.8,1020.0471,0.0,0,0.0,0.0
435.0,A,RUNNING,431.376,2,4,2,8,0.25,20.0,99.8,1019.0471,0.0,0,0.0,0.0
436.0,A,RUNNING,432.376,2,4,2,8,0.25,20.0,99.8,1018.0471,0.0,0,0.0,0.0
437.0,A,RUNNING,433.376,2,4,2,8,0.25,20.0,99.8,1017.0471,0.0,0,0.0,0.0
438.0,A,RUNNING,434.376,2,4,2,8,0.25,20.0,99.8,1016.0471,0.0,0,0.0,0.0
439.0,A,RUNNING,435.376,2,4,2,8,0.25,20.0,99.8,1015.0471,0.0,0,0.0,0.0
440.0,A,RUNNING,436.376,2,4,2,8,0.25,20.0,99.8,1014.0471,0.0,0,0.0,0.0
441.0,A,RUNNING,437.376,2,4,2,8,0.25,20.0,99.8,1013.0471,0.0,0,0.0,0.0
442.0,A,RUNNING,438.376,2,4,2,8,0.25,20.0,99.8,1012.0471,0.0,0,0.0,0.0
443.0,A,RUNNING,439.376,2,4,2,8,0.25,20.0,99.8,1011.0471,0.0,0,0.0,0.0
444.0,A,RUNNING,440.376,2,4,2,8,0.25,20.0,99.8,1010.0471,0.0,0,0.0,0.0
445.0,A,RUNNING,441.376,2,4,2,8,0.25,20.0,99.8,1009.0471,0.0,0,0.0,0.0
446.0,A,RUNNING,442.376,2,4,2,8,0.25,20.0,99.8,1008.0471,0.0,0,0.0,0.0
447.0,A,RUNNING,443.376,2,4,2,8,0.25,20.0,99.8,1007.0471,0.0,0,0.0,0.0
448.0,A,RUNNING,444.376,2,4,2,8,0.25,20.0,99.8,1006.0471,0.0,0,0.0,0.0
449.0,A,RUNNING,445.376,2,4,2,8,0.25,20.0,99.8,1005.0471,0.0,0,0.0,0.0
450.0,A,RUNNING,446.376,2,4,2,8,0.25,20.0,99.8,1004.0471,0.0,0,0.0,0.0
451.0,A,RUNNING,447.376,2,4,2,8,0.25,20.0,99.8,1003.0471,0.0,0,0.0,0.0
452.0,A,RUNNING,448.376,2,4,2,8,0.25,20.0,99.8,1002.0471,0.0,0,0.0,0.0
453.0,A,RUNNING,449.376,2,4,2,8,0.25,20.0,99.8,1001.0471,0.0,0,0.0,0.0
454.0,A,RUNNING,450.376,2,4,2,8,0.25,20.0,99.8,1000.0471,0.0,0,0.0,0.0
455.0,A,RUNNING,451.376,2,4,2,8,0.25,20.0,99.8,999.0471,0.0,0,0.0,0.0
456.0,A,RUNNING,452.376,2,4,2,8,0.25,20.0,99.8,998.0471,0.0,0,0.0,0.0
457.0,A,RUNNING,453.376,2,4,2,8,0.25,20.0,99.8,997.0471,0.0,0,0.0,0.0
458.0,A,RUNNING,454.376,2,4,2,8,0.25,20.0,99.8,996.0471,0.0,0,0.0,0.0
459.0,A,RUNNING,455.376,2,4,2,8,0.25,20.0,99.8,995.0471,0.0,0,0.0,0.0
460.0,A,RUNNING,456.376,2,4,2,8,0.25,20.0,99.8,994.0471,0.0,0,0.0,0.0
461.0,A,RUNNING,457.376,2,4,2,8,0.25,20.0,99.8,993.0471,0.0,0,0.0,0.0
462.0,A,RUNNING,458.376,2,4,2,8,0.25,20.0,99.8,992.0471,0.0,0,0.0,0.0
463.0,A,RUNNING,459.376,2,4,2,8,0.25,20.0,99.8,991.0471,0.0,0,0.0,0.0
464.0,A,RUNNING,460.376,2,4,2,8,0.25,20.0,99.8,990.0471,0.0,0,0.0,0.0
465.0,A,RUNNING,461.376,2,4,2,8,0.25,20.0,99.8,989.0471,0.0,0,0.0,0.0
466.0,A,RUNNING,462.376,2,4,2,8,0.25,20.0,99.8,988.0471,0.0,0,0.0,0.0
467.0,A,RUNNING,463.376,2,4,2,8,0.25,20.0,99.8,987.0471,0.0,0,0.0,0.0
468.0,A,RUNNING,464.376,2,4,2,8,0.25,20.0,99.8,986.0471,0.0,0,0.0,0.0
469.0,A,RUNNING,465.376,2,4,2,8,0.25,20.0,99.8,985.0471,0.0,0,0.0,0.0
470.0,A,RUNNING,466.376,2,4,2,8,0.25,20.0,99.8,984.0471,0.0,0,0.0,0.0
471.0,A,RUNNING,467.376,2,4,2,8,0.25,20.0,99.8,983.0471,0.0,0,0.0,0.0
472.0,A,RUNNING,468.376,2,4,2,8,0.25,20.0,99.8,982.0471,0.0,0,0.0,0.0
473.0,A,RUNNING,469.376,2,6,0,8,0.0,20.0,99.8,1341.0471,0.0,0,0.0,0.0
474.0,A,RUNNING,470.376,2,6,0,8,0.0,20.0,99.8,1340.0471,0.0,0,0.0,0.0
475.0,A,RUNNING,471.376,2,6,0,8,0.0,20.0,99.8,1339.0471,0.0,0,0.0,0.0
476.0,A,RUNNING,472.376,2,6,0,8,0.0,20.0,99.8,1338.0471,0.0,0,0.0,0.0
477.0,A,RUNNING,473.376,2,6,0,8,0.0,20.0,99.8,1337.0471,0.0,0,0.0,0.0
478.0,A,RUNNING,474.376,2,6,0,8,0.0,20.0,99.8,1336.0471,0.0,0,0.0,0.0
479.0,A,RUNNING,475.376,2,6,0,8,0.0,20.0,99.8,1335.0471,0.0,0,0.0,0.0
480.0,A,RUNNING,476.376,2,6,0,8,0.0,20.0,99.8,1334.0471,0.0,0,0.0,0.0
481.0,A,RUNNING,477.376,2,6,0,8,0.0,20.0,99.8,1333.0471,0.0,0,0.0,0.0
482.0,A,RUNNING,478.376,2,6,0,8,0.0,20.0,99.8,1332.0471,0.0,0,0.0,0.0
483.0,A,RUNNING,479.376,2,6,0,8,0.0,20.0,99.8,1331.0471,0.0,0,0.0,0.0
484.0,A,RUNNING,480.376,2,6,0,8,0.0,20.0,99.8,1330.0471,0.0,0,0.0,0.0
485.0,A,RUNNING,481.376,2,6,0,8,0.0,20.0,99.8,1329.0471,0.0,0,0.0,0.0
486.0,A,RUNNING,482.376,2,6,0,8,0.0,20.0,99.8,1328.0471,0.0,0,0.0,0.0
487.0,A,RUNNING,483.376,2,6,0,8,0.0,20.0,99.8,1327.0471,0.0,0,0.0,0.0
488.0,A,RUNNING,484.376,2,6,0,8,0.0,20.0,99.8,1326.0471,0.0,0,0.0,0.0
489.0,A,RUNNING,485.376,2,6,0,8,0.0,20.0,99.8,1325.0471,0.0,0,0.0,0.0
490.0,A,RUNNING,486.376,2,6,0,8,0.0,20.0,99.8,1324.0471,0.0,0,0.0,0.0
491.0,A,RUNNING,487.376,2,6,0,8,0.0,20.0,99.8,1323.0471,0.0,0,0.0,0.0
492.0,A,RUNNING,488.376,2,6,0,8,0.0,20.0,99.8,1322.0471,0.0,0,0.0,0.0
493.0,A,RUNNING,489.376,2,6,0,8,0.0,20.0,99.8,1321.0471,0.0,0,0.0,0.0
494.0,A,RUNNING,490.376,2,6,0,8,0.0,20.0,99.8,1320.0471,0.0,0,0.0,0.0
495.0,A,RUNNING,491.376,2,6,0,8,0.0,20.0,99.8,1319.0471,0.0,0,0.0,0.0
496.0,A,RUNNING,492.376,2,6,0,8,0.0,20.0,99.8,1318.0471,0.0,0,0.0,0.0
497.0,A,RUNNING,493.376,2,6,0,8,0.0,20.0,99.8,1317.0471,0.0,0,0.0,0.0
498.0,A,RUNNING,494.376,2,6,0,8,0.0,20.0,99.8,1316.0471,0.0,0,0.0,0.0
499.0,A,RUNNING,495.376,2,6,0,8,0.0,20.0,99.8,1315.0471,0.0,0,0.0,0.0
500.0,A,RUNNING,496.376,2,6,0,8,0.0,20.0,99.8,1314.0471,0.0,0,0.0,0.0
501.0,A,RUNNING,497.376,2,6,0,8,0.0,20.0,99.8,1313.0471,0.0,0,0.0,0.0
502.0,A,RUNNING,498.376,2,6,0,8,0.0,20.0,99.8,1312.0471,0.0,0,0.0,0.0
503.0,A,RUNNING,499.376,2,6,0,8,0.0,20.0,99.8,1311.0471,0.0,0,0.0,0.0
504.0,A,RUNNING,500.376,2,6,0,8,0.0,20.0,99.8,1310.0471,0.0,0,0.0,0.0
505.0,A,RUNNING,501.376,2,6,0,8,0.0,20.0,99.8,1309.0471,0.0,0,0.0,0.0
506.0,A,RUNNING,502.376,2,6,0,8,0.0,20.0,99.8,1308.0471,0.0,0,0.0,0.0
507.0,A,RUNNING,503.376,2,6,0,8,0.0,20.0,99.8,1307.0471,0.0,0,0.0,0.0
508.0,A,RUNNING,504.376,2,6,0,8,0.0,20.0,99.8,1306.0471,0.0,0,0.0,0.0
509.0,A,RUNNING,505.376,2,6,0,8,0.0,20.0,99.8,1305.0471,0.0,0,0.0,0.0
510.0,A,RUNNING,506.376,2,6,0,8,0.0,20.0,99.8,1304.0471,0.0,0,0.0,0.0
511.0,A,RUNNING,507.376,2,6,0,8,0.0,20.0,99.8,1303.0471,0.0,0,0.0,0.0
512.0,A,RUNNING,508.376,2,6,0,8,0.0,20.0,99.8,1302.0471,0.0,0,0.0,0.0
513.0,A,RUNNING,509.376,2,6,0,8,0.0,20.0,99.8,1301.0471,0.0,0,0.0,0.0
514.0,A,RUNNING,510.376,2,6,0,8,0.0,20.0,99.8,1300.0471,0.0,0,0.0,0.0
515.0,A,RUNNING,511.376,2,6,0,8,0.0,20.0,99.8,1299.0471,0.0,0,0.0,0.0
516.0,A,RUNNING,512.376,2,6,0,8,0.0,20.0,99.8,1298.0471,0.0,0,0.0,0.0
517.0,A,RUNNING,513.376,2,6,0,8,0.0,20.0,99.8,1297.0471,0.0,0,0.0,0.0
518.0,A,RUNNING,514.376,2,6,0,8,0.0,20.0,99.8,1296.0471,0.0,0,0.0,0.0
519.0,A,RUNNING,515.376,2,6,0,8,0.0,20.0,99.8,1295.0471,0.0,0,0.0,0.0
520.0,A,RUNNING,516.376,2,6,0,8,0.0,20.0,99.8,1294.0471,0.0,0,0.0,0.0
521.0,A,RUNNING,517.376,2,6,0,8,0.0,20.0,99.8,1293.0471,0.0,0,0.0,0.0
522.0,A,RUNNING,518.376,2,6,0,8,0.0,20.0,99.8,1292.0471,0.0,0,0.0,0.0
523.0,A,RUNNING,519.376,2,6,0,8,0.0,20.0,99.8,1291.0471,0.0,0,0.0,0.0
524.0,A,RUNNING,520.376,2,6,0,8,0.0,20.0,99.8,1290.0471,0.0,0,0.0,0.0
525.0,A,RUNNING,521.376,2,6,0,8,0.0,20.0,99.8,1289.0471,0.0,0,0.0,0.0
526.0,A,RUNNING,522.376,2,6,0,8,0.0,20.0,99.8,1288.0471,0.0,0,0.0,0.0
527.0,A,RUNNING,523.376,2,6,0,8,0.0,20.0,99.8,1287.0471,0.0,0,0.0,0.0
528.0,A,RUNNING,524.376,2,6,0,8,0.0,20.0,99.8,1286.0471,0.0,0,0.0,0.0
529.0,A,RUNNING,525.376,2,6,0,8,0.0,20.0,99.8,1285.0471,0.0,0,0.0,0.0
530.0,A,RUNNING,526.376,2,6,0,8,0.0,20.0,99.8,1284.0471,0.0,0,0.0,0.0
531.0,A,RUNNING,527.376,2,6,0,8,0.0,20.0,99.8,1283.0471,0.0,0,0.0,0.0
532.0,A,RUNNING,528.376,2,6,0,8,0.0,20.0,99.8,1282.0471,0.0,0,0.0,0.0
533.0,A,RUNNING,529.376,2,6,0,8,0.0,20.0,99.8,1281.0471,0.0,0,0.0,0.0
534.0,A,RUNNING,530.376,2,6,0,8,0.0,20.0,99.8,1280.0471,0.0,0,0.0,0.0
535.0,A,RUNNING,531.376,2,6,0,8,0.0,20.0,99.8,1279.0471,0.0,0,0.0,0.0
536.0,A,RUNNING,532.376,2,6,0,8,0.0,20.0,99.8,1278.0471,0.0,0,0.0,0.0
537.0,A,RUNNING,533.376,2,6,0,8,0.0,20.0,99.8,1277.0471,0.0,0,0.0,0.0
538.0,A,RUNNING,534.376,2,6,0,8,0.0,20.0,99.8,1276.0471,0.0,0,0.0,0.0
539.0,A,RUNNING,535.376,2,6,0,8,0.0,20.0,99.8,1275.0471,0.0,0,0.0,0.0
540.0,A,RUNNING,536.376,2,6,0,8,0.0,20.0,99.8,1274.0471,0.0,0,0.0,0.0
541.0,A,RUNNING,537.376,2,6,0,8,0.0,20.0,99.8,1273.0471,0.0,0,0.0,0.0
542.0,A,RUNNING,538.376,2,6,0,8,0.0,20.0,99.8,1272.0471,0.0,0,0.0,0.0
543.0,A,RUNNING,539.376,2,6,0,8,0.0,20.0,99.8,1271.0471,0.0,0,0.0,0.0
544.0,A,RUNNING,540.376,2,6,0,8,0.0,20.0,99.8,1270.0471,0.0,0,0.0,0.0
545.0,A,RUNNING,541.376,2,6,0,8,0.0,20.0,99.8,1269.0471,0.0,0,0.0,0.0
546.0,A,RUNNING,542.376,2,6,0,8,0.0,20.0,99.8,1268.0471,0.0,0,0.0,0.0
547.0,A,RUNNING,543.376,2,6,0,8,0.0,20.0,99.8,1267.0471,0.0,0,0.0,0.0
548.0,A,RUNNING,544.376,2,6,0,8,0.0,20.0,99.8,1266.0471,0.0,0,0.0,0.0
549.0,A,RUNNING,545.376,2,6,0,8,0.0,20.0,99.8,1265.0471,0.0,0,0.0,0.0
550.0,A,RUNNING,546.376,2,6,0,8,0.0,20.0,99.8,1264.0471,0.0,0,0.0,0.0
551.0,A,RUNNING,547.376,2,6,0,8,0.0,20.0,99.8,1263.0471,0.0,0,0.0,0.0
552.0,A,RUNNING,548.376,2,6,0,8,0.0,20.0,99.8,1262.0471,0.0,0,0.0,0.0
553.0,A,RUNNING,549.376,2,6,0,8,0.0,20.0,99.8,1261.0471,0.0,0,0.0,0.0
554.0,A,RUNNING,550.376,2,6,0,8,0.0,20.0,99.8,1260.0471,0.0,0,0.0,0.0
555.0,A,RUNNING,551.376,3,6,1,8,0.125,20.0,99.7,1296.4565,0.0,0,0.0,0.0
556.0,A,RUNNING,552.376,3,6,1,8,0.125,20.0,99.7,1295.4565,0.0,0,0.0,0.0
557.0,A,RUNNING,553.376,3,6,1,8,0.125,20.0,99.7,1294.4565,0.0,0,0.0,0.0
558.0,A,RUNNING,554.376,3,6,1,8,0.125,20.0,99.7,1293.4565,0.0,0,0.0,0.0
559.0,A,RUNNING,555.376,3,6,1,8,0.125,20.0,99.7,1292.4565,0.0,0,0.0,0.0
560.0,A,RUNNING,556.376,3,6,1,8,0.125,20.0,99.7,1291.4565,0.0,0,0.0,0.0
561.0,A,RUNNING,557.376,3,6,1,8,0.125,20.0,99.7,1290.4565,0.0,0,0.0,0.0
562.0,A,RUNNING,558.376,3,6,1,8,0.125,20.0,99.7,1289.4565,0.0,0,0.0,0.0
563.0,A,RUNNING,559.376,3,6,1,8,0.125,20.0,99.7,1288.4565,0.0,0,0.0,0.0
564.0,A,RUNNING,560.376,3,6,1,8,0.125,20.0,99.7,1287.4565,0.0,0,0.0,0.0
565.0,A,RUNNING,561.376,3,6,1,8,0.125,20.0,99.7,1286.4565,0.0,0,0.0,0.0
566.0,A,RUNNING,562.376,3,6,1,8,0.125,20.0,99.7,1285.4565,0.0,0,0.0,0.0
567.0,A,RUNNING,563.376,3,6,1,8,0.125,20.0,99.7,1284.4565,0.0,0,0.0,0.0
568.0,A,RUNNING,564.376,3,6,1,8,0.125,20.0,99.7,1283.4565,0.0,0,0.0,0.0
569.0,A,RUNNING,565.376,3,6,1,8,0.125,20.0,99.7,1282.4565,0.0,0,0.0,0.0
570.0,A,RUNNING,566.376,3,6,1,8,0.125,20.0,99.7,1281.4565,0.0,0,0.0,0.0
571.0,A,RUNNING,567.376,3,6,1,8,0.125,20.0,99.7,1280.4565,0.0,0,0.0,0.0
572.0,A,RUNNING,568.376,3,6,1,8,0.125,20.0,99.7,1279.4565,0.0,0,0.0,0.0
573.0,A,RUNNING,569.376,3,6,1,8,0.125,20.0,99.7,1278.4565,0.0,0,0.0,0.0
574.0,A,RUNNING,570.376,3,6,1,8,0.125,20.0,99.7,1277.4565,0.0,0,0.0,0.0
575.0,A,RUNNING,571.376,3,6,1,8,0.125,20.0,99.7,1276.4565,0.0,0,0.0,0.0
576.0,A,RUNNING,572.376,3,6,1,8,0.125,20.0,99.7,1275.4565,0.0,0,0.0,0.0
577.0,A,RUNNING,573.376,3,6,1,8,0.125,20.0,99.7,1274.4565,0.0,0,0.0,0.0
578.0,A,RUNNING,574.376,3,6,1,8,0.125,20.0,99.7,1273.4565,0.0,0,0.0,0.0
579.0,A,RUNNING,575.376,3,6,1,8,0.125,20.0,99.7,1272.4565,0.0,0,0.0,0.0
580.0,A,RUNNING,576.376,3,6,1,8,0.125,20.0,99.7,1271.4565,0.0,0,0.0,0.0
581.0,A,RUNNING,577.376,3,6,1,8,0.125,20.0,99.7,1270.4565,0.0,0,0.0,0.0
582.0,A,RUNNING,578.376,3,6,1,8,0.125,20.0,99.7,1269.4565,0.0,0,0.0,0.0
583.0,A,RUNNING,579.376,3,6,1,8,0.125,20.0,99.7,1268.4565,0.0,0,0.0,0.0
584.0,A,RUNNING,580.376,3,6,1,8,0.125,20.0,99.7,1267.4565,0.0,0,0.0,0.0
585.0,A,RUNNING,581.376,3,6,1,8,0.125,20.0,99.7,1266.4565,0.0,0,0.0,0.0
586.0,A,RUNNING,582.376,3,6,1,8,0.125,20.0,99.7,1265.4565,0.0,0,0.0,0.0
587.0,A,RUNNING,583.376,3,6,1,8,0.125,20.0,99.7,1264.4565,0.0,0,0.0,0.0
588.0,A,RUNNING,584.376,3,6,1,8,0.125,20.0,99.7,1263.4565,0.0,0,0.0,0.0
589.0,A,RUNNING,585.376,3,6,1,8,0.125,20.0,99.7,1262.4565,0.0,0,0.0,0.0
590.0,A,RUNNING,586.376,3,6,1,8,0.125,20.0,99.7,1261.4565,0.0,0,0.0,0.0
591.0,A,RUNNING,587.376,3,6,1,8,0.125,20.0,99.7,1260.4565,0.0,0,0.0,0.0
592.0,A,RUNNING,588.376,3,6,1,8,0.125,20.0,99.7,1259.4565,0.0,0,0.0,0.0
593.0,A,RUNNING,589.376,3,6,1,8,0.125,20.0,99.7,1258.4565,0.0,0,0.0,0.0
594.0,A,RUNNING,590.376,3,6,1,8,0.125,20.0,99.7,1257.4565,0.0,0,0.0,0.0
595.0,A,RUNNING,591.376,3,6,1,8,0.125,20.0,99.7,1256.4565,0.0,0,0.0,0.0
596.0,A,RUNNING,592.376,3,6,1,8,0.125,20.0,99.7,1255.4565,0.0,0,0.0,0.0
597.0,A,RUNNING,593.376,3,6,1,8,0.125,20.0,99.7,1254.4565,0.0,0,0.0,0.0
598.0,A,RUNNING,594.376,3,6,1,8,0.125,20.0,99.7,1253.4565,0.0,0,0.0,0.0
599.0,A,RUNNING,595.376,3,6,1,8,0.125,20.0,99.7,1252.4565,0.0,0,0.0,0.0
600.0,A,RUNNING,596.376,3,6,1,8,0.125,20.0,99.7,1251.4565,0.0,0,0.0,0.0
601.0,A,RUNNING,597.376,3,6,1,8,0.125,20.0,99.7,1250.4565,0.0,0,0.0,0.0
602.0,A,RUNNING,598.376,3,6,1,8,0.125,20.0,99.7,1249.4565,0.0,0,0.0,0.0
603.0,A,RUNNING,599.376,3,6,1,8,0.125,20.0,99.7,1248.4565,0.0,0,0.0,0.0
604.0,A,RUNNING,600.376,3,6,1,8,0.125,20.0,99.7,1247.4565,0.0,0,0.0,0.0
605.0,A,RUNNING,601.376,3,6,1,8,0.125,20.0,99.7,1246.4565,0.0,0,0.0,0.0
606.0,A,RUNNING,602.376,3,6,1,8,0.125,20.0,99.7,1245.4565,0.0,0,0.0,0.0
607.0,A,RUNNING,603.376,3,6,1,8,0.125,20.0,99.7,1244.4565,0.0,0,0.0,0.0
608.0,A,RUNNING,604.376,3,6,1,8,0.125,20.0,99.7,1243.4565,0.0,0,0.0,0.0
609.0,A,RUNNING,605.376,3,6,1,8,0.125,20.0,99.7,1242.4565,0.0,0,0.0,0.0
610.0,A,RUNNING,606.376,3,6,1,8,0.125,20.0,99.7,1241.4565,0.0,0,0.0,0.0
611.0,A,RUNNING,607.376,3,6,1,8,0.125,20.0,99.7,1240.4565,0.0,0,0.0,0.0
612.0,A,RUNNING,608.376,3,6,1,8,0.125,20.0,99.7,1239.4565,0.0,0,0.0,0.0
613.0,A,RUNNING,609.376,3,6,1,8,0.125,20.0,99.7,1238.4565,0.0,0,0.0,0.0
614.0,A,RUNNING,610.376,3,6,1,8,0.125,20.0,99.7,1237.4565,0.0,0,0.0,0.0
615.0,A,RUNNING,611.376,3,6,1,8,0.125,20.0,99.7,1236.4565,0.0,0,0.0,0.0
616.0,A,RUNNING,612.376,3,6,1,8,0.125,20.0,99.7,1235.4565,0.0,0,0.0,0.0
617.0,A,RUNNING,613.376,3,6,1,8,0.125,20.0,99.7,1234.4565,0.0,0,0.0,0.0
618.0,A,RUNNING,614.376,3,6,1,8,0.125,20.0,99.7,1233.4565,0.0,0,0.0,0.0
619.0,A,RUNNING,615.376,3,6,1,8,0.125,20.0,99.7,1232.4565,0.0,0,0.0,0.0
620.0,A,RUNNING,616.376,3,6,1,8,0.125,20.0,99.7,1231.4565,0.0,0,0.0,0.0
621.0,A,RUNNING,617.376,3,6,1,8,0.125,20.0,99.7,1230.4565,0.0,0,0.0,0.0
622.0,A,RUNNING,618.376,3,6,1,8,0.125,20.0,99.7,1229.4565,0.0,0,0.0,0.0
623.0,A,RUNNING,619.376,3,6,1,8,0.125,20.0,99.7,1228.4565,0.0,0,0.0,0.0
624.0,A,RUNNING,620.376,3,6,1,8,0.125,20.0,99.7,1227.4565,0.0,0,0.0,0.0
625.0,A,RUNNING,621.376,3,6,1,8,0.125,20.0,99.7,1226.4565,0.0,0,0.0,0.0
626.0,A,RUNNING,622.376,3,6,1,8,0.125,20.0,99.7,1225.4565,0.0,0,0.0,0.0
627.0,A,RUNNING,623.376,3,6,1,8,0.125,20.0,99.7,1224.4565,0.0,0,0.0,0.0
628.0,A,RUNNING,624.376,3,6,1,8,0.125,20.0,99.7,1223.4565,0.0,0,0.0,0.0
629.0,A,RUNNING,625.376,3,6,1,8,0.125,20.0,99.7,1222.4565,0.0,0,0.0,0.0
630.0,A,RUNNING,626.376,3,6,1,8,0.125,20.0,99.7,1221.4565,0.0,0,0.0,0.0
631.0,A,RUNNING,627.376,3,6,1,8,0.125,20.0,99.7,1220.4565,0.0,0,0.0,0.0
632.0,A,RUNNING,628.376,3,6,1,8,0.125,20.0,99.7,1219.4565,0.0,0,0.0,0.0
633.0,A,RUNNING,629.376,3,6,1,8,0.125,20.0,99.7,1218.4565,0.0,0,0.0,0.0
634.0,A,RUNNING,630.376,3,6,1,8,0.125,20.0,99.7,1217.4565,0.0,0,0.0,0.0
635.0,A,RUNNING,631.376,3,6,1,8,0.125,20.0,99.7,1216.4565,0.0,0,0.0,0.0
636.0,A,RUNNING,632.376,3,6,1,8,0.125,20.0,99.7,1215.4565,0.0,0,0.0,0.0
637.0,A,RUNNING,633.376,3,6,1,8,0.125,20.0,99.7,1214.4565,0.0,0,0.0,0.0
638.0,A,RUNNING,634.376,3,6,1,8,0.125,20.0,99.7,1213.4565,0.0,0,0.0,0.0
639.0,A,RUNNING,635.376,3,6,1,8,0.125,20.0,99.7,1212.4565,0.0,0,0.0,0.0
640.0,A,RUNNING,636.376,3,6,1,8,0.125,20.0,99.7,1211.4565,0.0,0,0.0,0.0
641.0,A,RUNNING,637.376,3,6,1,8,0.125,20.0,99.7,1210.4565,0.0,0,0.0,0.0
642.0,A,RUNNING,638.376,3,6,1,8,0.125,20.0,99.7,1209.4565,0.0,0,0.0,0.0
643.0,A,RUNNING,639.376,3,6,1,8,0.125,20.0,99.7,1208.4565,0.0,0,0.0,0.0
644.0,A,RUNNING,640.376,3,6,1,8,0.125,20.0,99.7,1207.4565,0.0,0,0.0,0.0
645.0,A,RUNNING,641.376,3,6,1,8,0.125,20.0,99.7,1206.4565,0.0,0,0.0,0.0
646.0,A,RUNNING,642.376,3,6,1,8,0.125,20.0,99.7,1205.4565,0.0,0,0.0,0.0
647.0,A,RUNNING,643.376,3,6,1,8,0.125,20.0,99.7,1204.4565,0.0,0,0.0,0.0
648.0,A,RUNNING,644.376,3,6,1,8,0.125,20.0,99.7,1203.4565,0.0,0,0.0,0.0
649.0,A,RUNNING,645.376,3,6,1,8,0.125,20.0,99.7,1202.4565,0.0,0,0.0,0.0
650.0,A,RUNNING,646.376,3,6,1,8,0.125,20.0,99.7,1201.4565,0.0,0,0.0,0.0
651.0,A,RUNNING,647.376,3,6,1,8,0.125,20.0,99.7,1200.4565,0.0,0,0.0,0.0
652.0,A,RUNNING,648.376,3,6,1,8,0.125,20.0,99.7,1199.4565,0.0,0,0.0,0.0
653.0,A,RUNNING,649.376,3,6,1,8,0.125,20.0,99.7,1198.4565,0.0,0,0.0,0.0
654.0,A,RUNNING,650.376,3,6,1,8,0.125,20.0,99.7,1197.4565,0.0,0,0.0,0.0
655.0,A,RUNNING,651.376,3,6,1,8,0.125,20.0,99.7,1196.4565,0.0,0,0.0,0.0
656.0,A,RUNNING,652.376,3,6,1,8,0.125,20.0,99.7,1195.4565,0.0,0,0.0,0.0
657.0,A,RUNNING,653.376,3,6,1,8,0.125,20.0,99.7,1194.4565,0.0,0,0.0,0.0
658.0,A,RUNNING,654.376,3,6,1,8,0.125,20.0,99.7,1193.4565,0.0,0,0.0,0.0
659.0,A,RUNNING,655.376,3,6,1,8,0.125,20.0,99.7,1192.4565,0.0,0,0.0,0.0
660.0,A,RUNNING,656.376,3,6,1,8,0.125,20.0,99.7,1191.4565,0.0,0,0.0,0.0
661.0,A,RUNNING,657.376,3,6,1,8,0.125,20.0,99.7,1190.4565,0.0,0,0.0,0.0
662.0,A,RUNNING,658.376,3,6,1,8,0.125,20.0,99.7,1189.4565,0.0,0,0.0,0.0
663.0,A,RUNNING,659.376,3,6,1,8,0.125,20.0,99.7,1188.4565,0.0,0,0.0,0.0
664.0,A,RUNNING,660.376,3,6,1,8,0.125,20.0,99.7,1187.4565,0.0,0,0.0,0.0
665.0,A,RUNNING,661.376,3,6,1,8,0.125,20.0,99.7,1186.4565,0.0,0,0.0,0.0
666.0,A,RUNNING,662.376,3,6,1,8,0.125,20.0,99.7,1185.4565,0.0,0,0.0,0.0
667.0,A,RUNNING,663.376,3,6,1,8,0.125,20.0,99.7,1184.4565,0.0,0,0.0,0.0
668.0,A,RUNNING,664.376,3,6,1,8,0.125,20.0,99.7,1183.4565,0.0,0,0.0,0.0
669.0,A,RUNNING,665.376,3,6,1,8,0.125,20.0,99.7,1182.4565,0.0,0,0.0,0.0
670.0,A,RUNNING,666.376,3,6,1,8,0.125,20.0,99.7,1181.4565,0.0,0,0.0,0.0
671.0,A,RUNNING,667.376,3,6,1,8,0.125,20.0,99.7,1180.4565,0.0,0,0.0,0.0
672.0,A,RUNNING,668.376,3,6,1,8,0.125,20.0,99.7,1179.4565,0.0,0,0.0,0.0
673.0,A,RUNNING,669.376,3,6,1,8,0.125,20.0,99.7,1178.4565,0.0,0,0.0,0.0
674.0,A,RUNNING,670.376,3,6,1,8,0.125,20.0,99.7,1177.4565,0.0,0,0.0,0.0
675.0,A,RUNNING,671.376,3,6,1,8,0.125,20.0,99.7,1176.4565,0.0,0,0.0,0.0
676.0,A,RUNNING,672.376,3,6,1,8,0.125,20.0,99.7,1175.4565,0.0,0,0.0,0.0
677.0,A,RUNNING,673.376,3,6,1,8,0.125,20.0,99.7,1174.4565,0.0,0,0.0,0.0
678.0,A,RUNNING,674.376,3,6,1,8,0.125,20.0,99.7,1173.4565,0.0,0,0.0,0.0
679.0,A,RUNNING,675.376,3,6,1,8,0.125,20.0,99.7,1172.4565,0.0,0,0.0,0.0
680.0,A,RUNNING,676.376,3,6,1,8,0.125,20.0,99.7,1171.4565,0.0,0,0.0,0.0
681.0,A,RUNNING,677.376,3,6,1,8,0.125,20.0,99.7,1170.4565,0.0,0,0.0,0.0
682.0,A,RUNNING,678.376,3,6,1,8,0.125,20.0,99.7,1169.4565,0.0,0,0.0,0.0
683.0,A,RUNNING,679.376,3,6,1,8,0.125,20.0,99.7,1168.4565,0.0,0,0.0,0.0
684.0,A,RUNNING,680.376,3,6,1,8,0.125,20.0,99.7,1167.4565,0.0,0,0.0,0.0
685.0,A,RUNNING,681.376,3,6,1,8,0.125,20.0,99.7,1166.4565,0.0,0,0.0,0.0
686.0,A,RUNNING,682.376,3,6,1,8,0.125,20.0,99.7,1165.4565,0.0,0,0.0,0.0
687.0,A,RUNNING,683.376,3,6,1,8,0.125,20.0,99.7,1164.4565,0.0,0,0.0,0.0
688.0,A,RUNNING,684.376,3,6,1,8,0.125,20.0,99.7,1163.4565,0.0,0,0.0,0.0
689.0,A,RUNNING,685.376,3,6,1,8,0.125,20.0,99.7,1162.4565,0.0,0,0.0,0.0
690.0,A,RUNNING,686.376,3,6,1,8,0.125,20.0,99.7,1161.4565,0.0,0,0.0,0.0
691.0,A,RUNNING,687.376,3,6,1,8,0.125,20.0,99.7,1160.4565,0.0,0,0.0,0.0
692.0,A,RUNNING,688.376,3,6,1,8,0.125,20.0,99.7,1159.4565,0.0,0,0.0,0.0
693.0,A,RUNNING,689.376,3,6,1,8,0.125,20.0,99.7,1158.4565,0.0,0,0.0,0.0
694.0,A,RUNNING,690.376,3,6,1,8,0.125,20.0,99.7,1157.4565,0.0,0,0.0,0.0
695.0,A,RUNNING,691.376,3,6,1,8,0.125,20.0,99.7,1156.4565,0.0,0,0.0,0.0
696.0,A,RUNNING,692.376,3,6,1,8,0.125,20.0,99.7,1155.4565,0.0,0,0.0,0.0
697.0,A,RUNNING,693.376,3,7,0,8,0.0,20.0,99.7,1334.4565,0.0,0,0.0,0.0
698.0,A,RUNNING,694.376,3,7,0,8,0.0,20.0,99.7,1333.4565,0.0,0,0.0,0.0
699.0,A,RUNNING,695.376,3,7,0,8,0.0,20.0,99.7,1332.4565,0.0,0,0.0,0.0
700.0,A,RUNNING,696.376,3,7,0,8,0.0,20.0,99.7,1331.4565,0.0,0,0.0,0.0
701.0,A,RUNNING,697.376,3,7,0,8,0.0,20.0,99.7,1330.4565,0.0,0,0.0,0.0
702.0,A,RUNNING,698.376,3,7,0,8,0.0,20.0,99.7,1329.4565,0.0,0,0.0,0.0
703.0,A,RUNNING,699.376,3,7,0,8,0.0,20.0,99.7,1328.4565,0.0,0,0.0,0.0
704.0,A,RUNNING,700.376,3,7,0,8,0.0,20.0,99.7,1327.4565,0.0,0,0.0,0.0
705.0,A,RUNNING,701.376,3,7,0,8,0.0,20.0,99.7,1326.4565,0.0,0,0.0,0.0
706.0,A,RUNNING,702.376,3,7,0,8,0.0,20.0,99.7,1325.4565,0.0,0,0.0,0.0
707.0,A,RUNNING,703.376,3,7,0,8,0.0,20.0,99.7,1324.4565,0.0,0,0.0,0.0
708.0,A,RUNNING,704.376,3,7,0,8,0.0,20.0,99.7,1323.4565,0.0,0,0.0,0.0
709.0,A,RUNNING,705.376,3,7,0,8,0.0,20.0,99.7,1322.4565,0.0,0,0.0,0.0
710.0,A,RUNNING,706.376,3,7,0,8,0.0,20.0,99.7,1321.4565,0.0,0,0.0,0.0
711.0,A,RUNNING,707.376,3,7,0,8,0.0,20.0,99.7,1320.4565,0.0,0,0.0,0.0
712.0,A,RUNNING,708.376,3,7,0,8,0.0,20.0,99.7,1319.4565,0.0,0,0.0,0.0
713.0,A,RUNNING,709.376,3,7,0,8,0.0,20.0,99.7,1318.4565,0.0,0,0.0,0.0
714.0,A,RUNNING,710.376,3,7,0,8,0.0,20.0,99.7,1317.4565,0.0,0,0.0,0.0
715.0,A,RUNNING,711.376,3,7,0,8,0.0,20.0,99.7,1316.4565,0.0,0,0.0,0.0
716.0,A,RUNNING,712.376,3,7,0,8,0.0,20.0,99.7,1315.4565,0.0,0,0.0,0.0
717.0,A,RUNNING,713.376,3,7,0,8,0.0,20.0,99.7,1314.4565,0.0,0,0.0,0.0
718.0,A,RUNNING,714.376,3,7,0,8,0.0,20.0,99.7,1313.4565,0.0,0,0.0,0.0
719.0,A,RUNNING,715.376,3,7,0,8,0.0,20.0,99.7,1312.4565,0.0,0,0.0,0.0
720.0,A,RUNNING,716.376,3,7,0,8,0.0,20.0,99.7,1311.4565,0.0,0,0.0,0.0
721.0,A,RUNNING,717.376,3,7,0,8,0.0,20.0,99.7,1310.4565,0.0,0,0.0,0.0
722.0,A,RUNNING,718.376,3,7,0,8,0.0,20.0,99.7,1309.4565,0.0,0,0.0,0.0
723.0,A,RUNNING,719.376,3,7,0,8,0.0,20.0,99.7,1308.4565,0.0,0,0.0,0.0
724.0,A,RUNNING,720.376,3,7,0,8,0.0,20.0,99.7,1307.4565,0.0,0,0.0,0.0
725.0,A,RUNNING,721.376,3,7,0,8,0.0,20.0,99.7,1306.4565,0.0,0,0.0,0.0
726.0,A,RUNNING,722.376,3,7,0,8,0.0,20.0,99.7,1305.4565,0.0,0,0.0,0.0
727.0,A,RUNNING,723.376,3,7,0,8,0.0,20.0,99.7,1304.4565,0.0,0,0.0,0.0
728.0,A,RUNNING,724.376,3,7,0,8,0.0,20.0,99.7,1303.4565,0.0,0,0.0,0.0
729.0,A,RUNNING,725.376,3,7,0,8,0.0,20.0,99.7,1302.4565,0.0,0,0.0,0.0
730.0,A,RUNNING,726.376,3,7,0,8,0.0,20.0,99.7,1301.4565,0.0,0,0.0,0.0
731.0,A,RUNNING,727.376,3,7,0,8,0.0,20.0,99.7,1300.4565,0.0,0,0.0,0.0
732.0,A,RUNNING,728.376,3,7,0,8,0.0,20.0,99.7,1299.4565,0.0,0,0.0,0.0
733.0,A,RUNNING,729.376,3,7,0,8,0.0,20.0,99.7,1298.4565,0.0,0,0.0,0.0
734.0,A,RUNNING,730.376,3,7,0,8,0.0,20.0,99.7,1297.4565,0.0,0,0.0,0.0
735.0,A,RUNNING,731.376,3,7,0,8,0.0,20.0,99.7,1296.4565,0.0,0,0.0,0.0
736.0,A,RUNNING,732.376,3,7,0,8,0.0,20.0,99.7,1295.4565,0.0,0,0.0,0.0
737.0,A,RUNNING,733.376,3,7,0,8,0.0,20.0,99.7,1294.4565,0.0,0,0.0,0.0
738.0,A,RUNNING,734.376,3,7,0,8,0.0,20.0,99.7,1293.4565,0.0,0,0.0,0.0
739.0,A,RUNNING,735.376,3,7,0,8,0.0,20.0,99.7,1292.4565,0.0,0,0.0,0.0
740.0,A,RUNNING,736.376,3,7,0,8,0.0,20.0,99.7,1291.4565,0.0,0,0.0,0.0
741.0,A,RUNNING,737.376,3,7,0,8,0.0,20.0,99.7,1290.4565,0.0,0,0.0,0.0
742.0,A,RUNNING,738.376,3,7,0,8,0.0,20.0,99.7,1289.4565,0.0,0,0.0,0.0
743.0,A,RUNNING,739.376,3,7,0,8,0.0,20.0,99.7,1288.4565,0.0,0,0.0,0.0
744.0,A,RUNNING,740.376,3,7,0,8,0.0,20.0,99.7,1287.4565,0.0,0,0.0,0.0
745.0,A,RUNNING,741.376,3,7,0,8,0.0,20.0,99.7,1286.4565,0.0,0,0.0,0.0
746.0,A,RUNNING,742.376,3,7,0,8,0.0,20.0,99.7,1285.4565,0.0,0,0.0,0.0
747.0,A,RUNNING,743.376,3,7,0,8,0.0,20.0,99.7,1284.4565,0.0,0,0.0,0.0
748.0,A,RUNNING,744.376,3,7,0,8,0.0,20.0,99.7,1283.4565,0.0,0,0.0,0.0
749.0,A,RUNNING,745.376,3,7,0,8,0.0,20.0,99.7,1282.4565,0.0,0,0.0,0.0
750.0,A,RUNNING,746.376,3,7,0,8,0.0,20.0,99.7,1281.4565,0.0,0,0.0,0.0
751.0,A,RUNNING,747.376,3,7,0,8,0.0,20.0,99.7,1280.4565,0.0,0,0.0,0.0
752.0,A,RUNNING,748.376,3,7,0,8,0.0,20.0,99.7,1279.4565,0.0,0,0.0,0.0
753.0,A,RUNNING,749.376,3,7,0,8,0.0,20.0,99.7,1278.4565,0.0,0,0.0,0.0
754.0,A,RUNNING,750.376,3,7,0,8,0.0,20.0,99.7,1277.4565,0.0,0,0.0,0.0
755.0,A,RUNNING,751.376,3,7,0,8,0.0,20.0,99.7,1276.4565,0.0,0,0.0,0.0
756.0,A,RUNNING,752.376,3,7,0,8,0.0,20.0,99.7,1275.4565,0.0,0,0.0,0.0
757.0,A,RUNNING,753.376,3,7,0,8,0.0,20.0,99.7,1274.4565,0.0,0,0.0,0.0
758.0,A,RUNNING,754.376,3,7,0,8,0.0,20.0,99.7,1273.4565,0.0,0,0.0,0.0
759.0,A,RUNNING,755.376,3,7,0,8,0.0,20.0,99.7,1272.4565,0.0,0,0.0,0.0
760.0,A,RUNNING,756.376,3,7,0,8,0.0,20.0,99.7,1271.4565,0.0,0,0.0,0.0
761.0,A,RUNNING,757.376,3,7,0,8,0.0,20.0,99.7,1270.4565,0.0,0,0.0,0.0
762.0,A,RUNNING,758.376,3,7,0,8,0.0,20.0,99.7,1269.4565,0.0,0,0.0,0.0
763.0,A,RUNNING,759.376,3,7,0,8,0.0,20.0,99.7,1268.4565,0.0,0,0.0,0.0
764.0,A,RUNNING,760.376,3,7,0,8,0.0,20.0,99.7,1267.4565,0.0,0,0.0,0.0
765.0,A,RUNNING,761.376,3,7,0,8,0.0,20.0,99.7,1266.4565,0.0,0,0.0,0.0
766.0,A,RUNNING,762.376,3,7,0,8,0.0,20.0,99.7,1265.4565,0.0,0,0.0,0.0
767.0,A,RUNNING,763.376,3,7,0,8,0.0,20.0,99.7,1264.4565,0.0,0,0.0,0.0
768.0,A,RUNNING,764.376,3,7,0,8,0.0,20.0,99.7,1263.4565,0.0,0,0.0,0.0
769.0,A,RUNNING,765.376,3,7,0,8,0.0,20.0,99.7,1262.4565,0.0,0,0.0,0.0
770.0,A,RUNNING,766.376,3,7,0,8,0.0,20.0,99.7,1261.4565,0.0,0,0.0,0.0
771.0,A,RUNNING,767.376,3,7,0,8,0.0,20.0,99.7,1260.4565,0.0,0,0.0,0.0
772.0,A,RUNNING,768.376,4,7,1,8,0.125,20.0,99.6,1224.3935,0.0,0,0.0,0.0
773.0,A,RUNNING,769.376,4,7,1,8,0.125,20.0,99.6,1223.3935,0.0,0,0.0,0.0
774.0,A,RUNNING,770.376,4,7,1,8,0.125,20.0,99.6,1222.3935,0.0,0,0.0,0.0
775.0,A,RUNNING,771.376,4,7,1,8,0.125,20.0,99.6,1221.3935,0.0,0,0.0,0.0
776.0,A,RUNNING,772.376,4,7,1,8,0.125,20.0,99.6,1220.3935,0.0,0,0.0,0.0
777.0,A,RUNNING,773.376,4,7,1,8,0.125,20.0,99.6,1219.3935,0.0,0,0.0,0.0
778.0,A,RUNNING,774.376,4,7,1,8,0.125,20.0,99.6,1218.3935,0.0,0,0.0,0.0
779.0,A,RUNNING,775.376,4,7,1,8,0.125,20.0,99.6,1217.3935,0.0,0,0.0,0.0
780.0,A,RUNNING,776.376,4,7,1,8,0.125,20.0,99.6,1216.3935,0.0,0,0.0,0.0
781.0,A,RUNNING,777.376,4,7,1,8,0.125,20.0,99.6,1215.3935,0.0,0,0.0,0.0
782.0,A,RUNNING,778.376,4,7,1,8,0.125,20.0,99.6,1214.3935,0.0,0,0.0,0.0
783.0,A,RUNNING,779.376,4,7,1,8,0.125,20.0,99.6,1213.3935,0.0,0,0.0,0.0
784.0,A,RUNNING,780.376,4,7,1,8,0.125,20.0,99.6,1212.3935,0.0,0,0.0,0.0
785.0,A,RUNNING,781.376,4,7,1,8,0.125,20.0,99.6,1211.3935,0.0,0,0.0,0.0
786.0,A,RUNNING,782.376,4,7,1,8,0.125,20.0,99.6,1210.3935,0.0,0,0.0,0.0
787.0,A,RUNNING,783.376,4,7,1,8,0.125,20.0,99.6,1209.3935,0.0,0,0.0,0.0
788.0,A,RUNNING,784.376,4,7,1,8,0.125,20.0,99.6,1208.3935,0.0,0,0.0,0.0
789.0,A,RUNNING,785.376,4,7,1,8,0.125,20.0,99.6,1207.3935,0.0,0,0.0,0.0
790.0,A,RUNNING,786.376,4,7,1,8,0.125,20.0,99.6,1206.3935,0.0,0,0.0,0.0
791.0,A,RUNNING,787.376,4,7,1,8,0.125,20.0,99.6,1205.3935,0.0,0,0.0,0.0
792.0,A,RUNNING,788.376,4,7,1,8,0.125,20.0,99.6,1204.3935,0.0,0,0.0,0.0
793.0,A,RUNNING,789.376,4,7,1,8,0.125,20.0,99.6,1203.3935,0.0,0,0.0,0.0
794.0,A,RUNNING,790.376,4,7,1,8,0.125,20.0,99.6,1202.3935,0.0,0,0.0,0.0
795.0,A,RUNNING,791.376,4,7,1,8,0.125,20.0,99.6,1201.3935,0.0,0,0.0,0.0
796.0,A,RUNNING,792.376,4,7,1,8,0.125,20.0,99.6,1200.3935,0.0,0,0.0,0.0
797.0,A,RUNNING,793.376,4,7,1,8,0.125,20.0,99.6,1199.3935,0.0,0,0.0,0.0
798.0,A,RUNNING,794.376,4,7,1,8,0.125,20.0,99.6,1198.3935,0.0,0,0.0,0.0
799.0,A,RUNNING,795.376,4,7,1,8,0.125,20.0,99.6,1197.3935,0.0,0,0.0,0.0
800.0,A,RUNNING,796.376,4,7,1,8,0.125,20.0,99.6,1196.3935,0.0,0,0.0,0.0
801.0,A,RUNNING,797.376,4,7,1,8,0.125,20.0,99.6,1195.3935,0.0,0,0.0,0.0
802.0,A,RUNNING,798.376,4,7,1,8,0.125,20.0,99.6,1194.3935,0.0,0,0.0,0.0
803.0,A,RUNNING,799.376,4,7,1,8,0.125,20.0,99.6,1193.3935,0.0,0,0.0,0.0
804.0,A,RUNNING,800.376,4,7,1,8,0.125,20.0,99.6,1192.3935,0.0,0,0.0,0.0
805.0,A,RUNNING,801.376,4,7,1,8,0.125,20.0,99.6,1191.3935,0.0,0,0.0,0.0
806.0,A,RUNNING,802.376,4,7,1,8,0.125,20.0,99.6,1190.3935,0.0,0,0.0,0.0
807.0,A,RUNNING,803.376,4,7,1,8,0.125,20.0,99.6,1189.3935,0.0,0,0.0,0.0
808.0,A,RUNNING,804.376,4,7,1,8,0.125,20.0,99.6,1188.3935,0.0,0,0.0,0.0
809.0,A,RUNNING,805.376,4,7,1,8,0.125,20.0,99.6,1187.3935,0.0,0,0.0,0.0
810.0,A,RUNNING,806.376,4,7,1,8,0.125,20.0,99.6,1186.3935,0.0,0,0.0,0.0
811.0,A,RUNNING,807.376,4,7,1,8,0.125,20.0,99.6,1185.3935,0.0,0,0.0,0.0
812.0,A,RUNNING,808.376,4,7,1,8,0.125,20.0,99.6,1184.3935,0.0,0,0.0,0.0
813.0,A,RUNNING,809.376,4,7,1,8,0.125,20.0,99.6,1183.3935,0.0,0,0.0,0.0
814.0,A,RUNNING,810.376,4,7,1,8,0.125,20.0,99.6,1182.3935,0.0,0,0.0,0.0
815.0,A,RUNNING,811.376,4,7,1,8,0.125,20.0,99.6,1181.3935,0.0,0,0.0,0.0
816.0,A,RUNNING,812.376,4,7,1,8,0.125,20.0,99.6,1180.3935,0.0,0,0.0,0.0
817.0,A,RUNNING,813.376,4,7,1,8,0.125,20.0,99.6,1179.3935,0.0,0,0.0,0.0
818.0,A,RUNNING,814.376,4,7,1,8,0.125,20.0,99.6,1178.3935,0.0,0,0.0,0.0
819.0,A,RUNNING,815.376,4,7,1,8,0.125,20.0,99.6,1177.3935,0.0,0,0.0,0.0
820.0,A,RUNNING,816.376,4,7,1,8,0.125,20.0,99.6,1176.3935,0.0,0,0.0,0.0
821.0,A,RUNNING,817.376,4,7,1,8,0.125,20.0,99.6,1175.3935,0.0,0,0.0,0.0
822.0,A,RUNNING,818.376,4,7,1,8,0.125,20.0,99.6,1174.3935,0.0,0,0.0,0.0
823.0,A,RUNNING,819.376,4,7,1,8,0.125,20.0,99.6,1173.3935,0.0,0,0.0,0.0
824.0,A,RUNNING,820.376,4,7,1,8,0.125,20.0,99.6,1172.3935,0.0,0,0.0,0.0
825.0,A,RUNNING,821.376,4,7,1,8,0.125,20.0,99.6,1171.3935,0.0,0,0.0,0.0
826.0,A,RUNNING,822.376,4,7,1,8,0.125,20.0,99.6,1170.3935,0.0,0,0.0,0.0
827.0,A,RUNNING,823.376,4,7,1,8,0.125,20.0,99.6,1169.3935,0.0,0,0.0,0.0
828.0,A,RUNNING,824.376,4,7,1,8,0.125,20.0,99.6,1168.3935,0.0,0,0.0,0.0
829.0,A,RUNNING,825.376,4,7,1,8,0.125,20.0,99.6,1167.3935,0.0,0,0.0,0.0
830.0,A,RUNNING,826.376,4,7,1,8,0.125,20.0,99.6,1166.3935,0.0,0,0.0,0.0
831.0,A,RUNNING,827.376,4,7,1,8,0.125,20.0,99.6,1165.3935,0.0,0,0.0,0.0
832.0,A,RUNNING,828.376,4,7,1,8,0.125,20.0,99.6,1164.3935,0.0,0,0.0,0.0
833.0,A,RUNNING,829.376,4,7,1,8,0.125,20.0,99.6,1163.3935,0.0,0,0.0,0.0
834.0,A,RUNNING,830.376,4,7,1,8,0.125,20.0,99.6,1162.3935,0.0,0,0.0,0.0
835.0,A,RUNNING,831.376,4,7,1,8,0.125,20.0,99.6,1161.3935,0.0,0,0.0,0.0
836.0,A,RUNNING,832.376,4,7,1,8,0.125,20.0,99.6,1160.3935,0.0,0,0.0,0.0
837.0,A,RUNNING,833.376,4,7,1,8,0.125,20.0,99.6,1159.3935,0.0,0,0.0,0.0
838.0,A,RUNNING,834.376,4,7,1,8,0.125,20.0,99.6,1158.3935,0.0,0,0.0,0.0
839.0,A,RUNNING,835.376,4,7,1,8,0.125,20.0,99.6,1157.3935,0.0,0,0.0,0.0
840.0,A,RUNNING,836.376,4,7,1,8,0.125,20.0,99.6,1156.3935,0.0,0,0.0,0.0
841.0,A,RUNNING,837.376,4,7,1,8,0.125,20.0,99.6,1155.3935,0.0,0,0.0,0.0
842.0,A,RUNNING,838.376,4,7,1,8,0.125,20.0,99.6,1154.3935,0.0,0,0.0,0.0
843.0,A,RUNNING,839.376,4,7,1,8,0.125,20.0,99.6,1153.3935,0.0,0,0.0,0.0
844.0,A,RUNNING,840.376,4,7,1,8,0.125,20.0,99.6,1152.3935,0.0,0,0.0,0.0
845.0,A,RUNNING,841.376,4,7,1,8,0.125,20.0,99.6,1151.3935,0.0,0,0.0,0.0
846.0,A,RUNNING,842.376,4,7,1,8,0.125,20.0,99.6,1150.3935,0.0,0,0.0,0.0
847.0,A,RUNNING,843.376,4,7,1,8,0.125,20.0,99.6,1149.3935,0.0,0,0.0,0.0
848.0,A,RUNNING,844.376,4,7,1,8,0.125,20.0,99.6,1148.3935,0.0,0,0.0,0.0
849.0,A,RUNNING,845.376,4,7,1,8,0.125,20.0,99.6,1147.3935,0.0,0,0.0,0.0
850.0,A,RUNNING,846.376,4,7,1,8,0.125,20.0,99.6,1146.3935,0.0,0,0.0,0.0
851.0,A,RUNNING,847.376,4,7,1,8,0.125,20.0,99.6,1145.3935,0.0,0,0.0,0.0
852.0,A,RUNNING,848.376,4,7,1,8,0.125,20.0,99.6,1144.3935,0.0,0,0.0,0.0
853.0,A,RUNNING,849.376,4,7,1,8,0.125,20.0,99.6,1143.3935,0.0,0,0.0,0.0
854.0,A,RUNNING,850.376,4,7,1,8,0.125,20.0,99.6,1142.3935,0.0,0,0.0,0.0
855.0,A,RUNNING,851.376,4,7,1,8,0.125,20.0,99.6,1141.3935,0.0,0,0.0,0.0
856.0,A,RUNNING,852.376,4,7,1,8,0.125,20.0,99.6,1140.3935,0.0,0,0.0,0.0
857.0,A,RUNNING,853.376,4,7,1,8,0.125,20.0,99.6,1139.3935,0.0,0,0.0,0.0
858.0,A,RUNNING,854.376,4,7,1,8,0.125,20.0,99.6,1138.3935,0.0,0,0.0,0.0
859.0,A,RUNNING,855.376,4,7,1,8,0.125,20.0,99.6,1137.3935,0.0,0,0.0,0.0
860.0,A,RUNNING,856.376,4,7,1,8,0.125,20.0,99.6,1136.3935,0.0,0,0.0,0.0
861.0,A,RUNNING,857.376,4,7,1,8,0.125,20.0,99.6,1135.3935,0.0,0,0.0,0.0
862.0,A,RUNNING,858.376,4,7,1,8,0.125,20.0,99.6,1134.3935,0.0,0,0.0,0.0
863.0,A,RUNNING,859.376,4,7,1,8,0.125,20.0,99.6,1133.3935,0.0,0,0.0,0.0
864.0,A,RUNNING,860.376,4,7,1,8,0.125,20.0,99.6,1132.3935,0.0,0,0.0,0.0
865.0,A,RUNNING,861.376,4,7,1,8,0.125,20.0,99.6,1131.3935,0.0,0,0.0,0.0
866.0,A,RUNNING,862.376,4,7,1,8,0.125,20.0,99.6,1130.3935,0.0,0,0.0,0.0
867.0,A,RUNNING,863.376,4,7,1,8,0.125,20.0,99.6,1129.3935,0.0,0,0.0,0.0
868.0,A,RUNNING,864.376,4,7,1,8,0.125,20.0,99.6,1128.3935,0.0,0,0.0,0.0
869.0,A,RUNNING,865.376,4,7,1,8,0.125,20.0,99.6,1127.3935,0.0,0,0.0,0.0
870.0,A,RUNNING,866.376,4,7,1,8,0.125,20.0,99.6,1126.3935,0.0,0,0.0,0.0
871.0,A,RUNNING,867.376,4,7,1,8,0.125,20.0,99.6,1125.3935,0.0,0,0.0,0.0
872.0,A,RUNNING,868.376,4,7,1,8,0.125,20.0,99.6,1124.3935,0.0,0,0.0,0.0
873.0,A,RUNNING,869.376,4,7,1,8,0.125,20.0,99.6,1123.3935,0.0,0,0.0,0.0
874.0,A,RUNNING,870.376,4,7,1,8,0.125,20.0,99.6,1122.3935,0.0,0,0.0,0.0
875.0,A,RUNNING,871.376,4,7,1,8,0.125,20.0,99.6,1121.3935,0.0,0,0.0,0.0
876.0,A,RUNNING,872.376,4,7,1,8,0.125,20.0,99.6,1120.3935,0.0,0,0.0,0.0
877.0,A,RUNNING,873.376,4,7,1,8,0.125,20.0,99.6,1119.3935,0.0,0,0.0,0.0
878.0,A,RUNNING,874.376,4,7,1,8,0.125,20.0,99.6,1118.3935,0.0,0,0.0,0.0
879.0,A,RUNNING,875.376,4,7,1,8,0.125,20.0,99.6,1117.3935,0.0,0,0.0,0.0
880.0,A,RUNNING,876.376,4,7,1,8,0.125,20.0,99.6,1116.3935,0.0,0,0.0,0.0
881.0,A,RUNNING,877.376,4,7,1,8,0.125,20.0,99.6,1115.3935,0.0,0,0.0,0.0
882.0,A,RUNNING,878.376,4,7,1,8,0.125,20.0,99.6,1114.3935,0.0,0,0.0,0.0
883.0,A,RUNNING,879.376,4,7,1,8,0.125,20.0,99.6,1113.3935,0.0,0,0.0,0.0
884.0,A,RUNNING,880.376,4,7,1,8,0.125,20.0,99.6,1112.3935,0.0,0,0.0,0.0
885.0,A,RUNNING,881.376,4,7,1,8,0.125,20.0,99.6,1111.3935,0.0,0,0.0,0.0
886.0,A,RUNNING,882.376,4,7,1,8,0.125,20.0,99.6,1110.3935,0.0,0,0.0,0.0
887.0,A,RUNNING,883.376,4,7,1,8,0.125,20.0,99.6,1109.3935,0.0,0,0.0,0.0
888.0,A,RUNNING,884.376,4,7,1,8,0.125,20.0,99.6,1108.3935,0.0,0,0.0,0.0
889.0,A,RUNNING,885.376,4,7,1,8,0.125,20.0,99.6,1107.3935,0.0,0,0.0,0.0
890.0,A,RUNNING,886.376,4,7,1,8,0.125,20.0,99.6,1106.3935,0.0,0,0.0,0.0
891.0,A,RUNNING,887.376,4,7,1,8,0.125,20.0,99.6,1105.3935,0.0,0,0.0,0.0
892.0,A,RUNNING,888.376,4,7,1,8,0.125,20.0,99.6,1104.3935,0.0,0,0.0,0.0
893.0,A,RUNNING,889.376,4,7,1,8,0.125,20.0,99.6,1103.3935,0.0,0,0.0,0.0
894.0,A,RUNNING,890.376,4,7,1,8,0.125,20.0,99.6,1102.3935,0.0,0,0.0,0.0
895.0,A,RUNNING,891.376,4,7,1,8,0.125,20.0,99.6,1101.3935,0.0,0,0.0,0.0
896.0,A,RUNNING,892.376,4,7,1,8,0.125,20.0,99.6,1100.3935,0.0,0,0.0,0.0
897.0,A,RUNNING,893.376,4,7,1,8,0.125,20.0,99.6,1099.3935,0.0,0,0.0,0.0
898.0,A,RUNNING,894.376,4,7,1,8,0.125,20.0,99.6,1098.3935,0.0,0,0.0,0.0
899.0,A,RUNNING,895.376,4,7,1,8,0.125,20.0,99.6,1097.3935,0.0,0,0.0,0.0
900.0,A,RUNNING,896.376,4,7,1,8,0.125,20.0,99.6,1096.3935,0.0,0,0.0,0.0
901.0,A,RUNNING,897.376,4,7,1,8,0.125,20.0,99.6,1095.3935,0.0,0,0.0,0.0
902.0,A,RUNNING,898.376,4,7,1,8,0.125,20.0,99.6,1094.3935,0.0,0,0.0,0.0
903.0,A,RUNNING,899.376,4,7,1,8,0.125,20.0,99.6,1093.3935,0.0,0,0.0,0.0
904.0,A,RUNNING,900.376,4,7,1,8,0.125,20.0,99.6,1092.3935,0.0,0,0.0,0.0
905.0,A,RUNNING,901.376,4,7,1,8,0.125,20.0,99.6,1091.3935,0.0,0,0.0,0.0
906.0,A,RUNNING,902.376,4,7,1,8,0.125,20.0,99.6,1090.3935,0.0,0,0.0,0.0
907.0,A,RUNNING,903.376,4,7,1,8,0.125,20.0,99.6,1089.3935,0.0,0,0.0,0.0
908.0,A,RUNNING,904.376,4,7,1,8,0.125,20.0,99.6,1088.3935,0.0,0,0.0,0.0
909.0,A,RUNNING,905.376,4,7,1,8,0.125,20.0,99.6,1087.3935,0.0,0,0.0,0.0
910.0,A,RUNNING,906.376,4,7,1,8,0.125,20.0,99.6,1086.3935,0.0,0,0.0,0.0
911.0,A,RUNNING,907.376,4,7,1,8,0.125,20.0,99.6,1085.3935,0.0,0,0.0,0.0
912.0,A,RUNNING,908.376,4,7,1,8,0.125,20.0,99.6,1084.3935,0.0,0,0.0,0.0
913.0,A,RUNNING,909.376,4,7,1,8,0.125,20.0,99.6,1083.3935,0.0,0,0.0,0.0
914.0,A,RUNNING,910.376,4,7,1,8,0.125,20.0,99.6,1082.3935,0.0,0,0.0,0.0
915.0,A,RUNNING,911.376,4,7,1,8,0.125,20.0,99.6,1081.3935,0.0,0,0.0,0.0
916.0,A,RUNNING,912.376,4,7,1,8,0.125,20.0,99.6,1080.3935,0.0,0,0.0,0.0
917.0,A,RUNNING,913.376,5,7,2,8,0.25,20.0,99.5,1065.3321,0.0,0,0.0,0.0
918.0,A,RUNNING,914.376,5,7,2,8,0.25,20.0,99.5,1064.3321,0.0,0,0.0,0.0
919.0,A,RUNNING,915.376,5,7,2,8,0.25,20.0,99.5,1063.3321,0.0,0,0.0,0.0
920.0,A,RUNNING,916.376,5,7,2,8,0.25,20.0,99.5,1062.3321,0.0,0,0.0,0.0
921.0,A,RUNNING,917.376,5,7,2,8,0.25,20.0,99.5,1061.3321,0.0,0,0.0,0.0
922.0,A,RUNNING,918.376,5,7,2,8,0.25,20.0,99.5,1060.3321,0.0,0,0.0,0.0
923.0,A,RUNNING,919.376,5,7,2,8,0.25,20.0,99.5,1059.3321,0.0,0,0.0,0.0
924.0,A,RUNNING,920.376,5,7,2,8,0.25,20.0,99.5,1058.3321,0.0,0,0.0,0.0
925.0,A,RUNNING,921.376,5,7,2,8,0.25,20.0,99.5,1057.3321,0.0,0,0.0,0.0
926.0,A,RUNNING,922.376,5,7,2,8,0.25,20.0,99.5,1056.3321,0.0,0,0.0,0.0
927.0,A,RUNNING,923.376,5,7,2,8,0.25,20.0,99.5,1055.3321,0.0,0,0.0,0.0
928.0,A,RUNNING,924.376,5,7,2,8,0.25,20.0,99.5,1054.3321,0.0,0,0.0,0.0
929.0,A,RUNNING,925.376,5,7,2,8,0.25,20.0,99.5,1053.3321,0.0,0,0.0,0.0
930.0,A,RUNNING,926.376,5,7,2,8,0.25,20.0,99.5,1052.3321,0.0,0,0.0,0.0
931.0,A,RUNNING,927.376,5,7,2,8,0.25,20.0,99.5,1051.3321,0.0,0,0.0,0.0
932.0,A,RUNNING,928.376,5,7,2,8,0.25,20.0,99.5,1050.3321,0.0,0,0.0,0.0
933.0,A,RUNNING,929.376,5,7,2,8,0.25,20.0,99.5,1049.3321,0.0,0,0.0,0.0
934.0,A,RUNNING,930.376,5,7,2,8,0.25,20.0,99.5,1048.3321,0.0,0,0.0,0.0
935.0,A,RUNNING,931.376,5,7,2,8,0.25,20.0,99.5,1047.3321,0.0,0,0.0,0.0
936.0,A,RUNNING,932.376,5,7,2,8,0.25,20.0,99.5,1046.3321,0.0,0,0.0,0.0
937.0,A,RUNNING,933.376,5,7,2,8,0.25,20.0,99.5,1045.3321,0.0,0,0.0,0.0
938.0,A,RUNNING,934.376,5,7,2,8,0.25,20.0,99.5,1044.3321,0.0,0,0.0,0.0
939.0,A,RUNNING,935.376,5,7,2,8,0.25,20.0,99.5,1043.3321,0.0,0,0.0,0.0
940.0,A,RUNNING,936.376,5,7,2,8,0.25,20.0,99.5,1042.3321,0.0,0,0.0,0.0
941.0,A,RUNNING,937.376,5,7,2,8,0.25,20.0,99.5,1041.3321,0.0,0,0.0,0.0
942.0,A,RUNNING,938.376,5,7,2,8,0.25,20.0,99.5,1040.3321,0.0,0,0.0,0.0
943.0,A,RUNNING,939.376,5,7,2,8,0.25,20.0,99.5,1039.3321,0.0,0,0.0,0.0
944.0,A,RUNNING,940.376,5,7,2,8,0.25,20.0,99.5,1038.3321,0.0,0,0.0,0.0
945.0,A,RUNNING,941.376,5,7,2,8,0.25,20.0,99.5,1037.3321,0.0,0,0.0,0.0
946.0,A,RUNNING,942.376,5,7,2,8,0.25,20.0,99.5,1036.3321,0.0,0,0.0,0.0
947.0,A,RUNNING,943.376,5,7,2,8,0.25,20.0,99.5,1035.3321,0.0,0,0.0,0.0
948.0,A,RUNNING,944.376,5,7,2,8,0.25,20.0,99.5,1034.3321,0.0,0,0.0,0.0
949.0,A,RUNNING,945.376,5,7,2,8,0.25,20.0,99.5,1033.3321,0.0,0,0.0,0.0
950.0,A,RUNNING,946.376,5,7,2,8,0.25,20.0,99.5,1032.3321,0.0,0,0.0,0.0
951.0,A,RUNNING,947.376,5,7,2,8,0.25,20.0,99.5,1031.3321,0.0,0,0.0,0.0
952.0,A,RUNNING,948.376,5,7,2,8,0.25,20.0,99.5,1030.3321,0.0,0,0.0,0.0
953.0,A,RUNNING,949.376,5,7,2,8,0.25,20.0,99.5,1029.3321,0.0,0,0.0,0.0
954.0,A,RUNNING,950.376,5,7,2,8,0.25,20.0,99.5,1028.3321,0.0,0,0.0,0.0
955.0,A,RUNNING,951.376,5,7,2,8,0.25,20.0,99.5,1027.3321,0.0,0,0.0,0.0
956.0,A,RUNNING,952.376,5,7,2,8,0.25,20.0,99.5,1026.3321,0.0,0,0.0,0.0
957.0,A,RUNNING,953.376,5,7,2,8,0.25,20.0,99.5,1025.3321,0.0,0,0.0,0.0
958.0,A,RUNNING,954.376,5,7,2,8,0.25,20.0,99.5,1024.3321,0.0,0,0.0,0.0
959.0,A,RUNNING,955.376,5,7,2,8,0.25,20.0,99.5,1023.3321,0.0,0,0.0,0.0
960.0,A,RUNNING,956.376,5,7,2,8,0.25,20.0,99.5,1022.3321,0.0,0,0.0,0.0
961.0,A,RUNNING,957.376,5,7,2,8,0.25,20.0,99.5,1021.3321,0.0,0,0.0,0.0
962.0,A,RUNNING,958.376,5,7,2,8,0.25,20.0,99.5,1020.3321,0.0,0,0.0,0.0
963.0,A,RUNNING,959.376,5,7,2,8,0.25,20.0,99.5,1019.3321,0.0,0,0.0,0.0
964.0,A,RUNNING,960.376,5,7,2,8,0.25,20.0,99.5,1018.3321,0.0,0,0.0,0.0
965.0,A,RUNNING,961.376,5,7,2,8,0.25,20.0,99.5,1017.3321,0.0,0,0.0,0.0
966.0,A,RUNNING,962.376,5,7,2,8,0.25,20.0,99.5,1016.3321,0.0,0,0.0,0.0
967.0,A,RUNNING,963.376,5,7,2,8,0.25,20.0,99.5,1015.3321,0.0,0,0.0,0.0
968.0,A,RUNNING,964.376,5,7,2,8,0.25,20.0,99.5,1014.3321,0.0,0,0.0,0.0
969.0,A,RUNNING,965.376,5,7,2,8,0.25,20.0,99.5,1013.3321,0.0,0,0.0,0.0
970.0,A,RUNNING,966.376,5,7,2,8,0.25,20.0,99.5,1012.3321,0.0,0,0.0,0.0
971.0,A,RUNNING,967.376,5,7,2,8,0.25,20.0,99.5,1011.3321,0.0,0,0.0,0.0
972.0,A,RUNNING,968.376,5,7,2,8,0.25,20.0,99.5,1010.3321,0.0,0,0.0,0.0
973.0,A,RUNNING,969.376,5,7,2,8,0.25,20.0,99.5,1009.3321,0.0,0,0.0,0.0
974.0,A,RUNNING,970.376,5,7,2,8,0.25,20.0,99.5,1008.3321,0.0,0,0.0,0.0
975.0,A,RUNNING,971.376,5,7,2,8,0.25,20.0,99.5,1007.3321,0.0,0,0.0,0.0
976.0,A,RUNNING,972.376,5,7,2,8,0.25,20.0,99.5,1006.3321,0.0,0,0.0,0.0
977.0,A,RUNNING,973.376,5,7,2,8,0.25,20.0,99.5,1005.3321,0.0,0,0.0,0.0
978.0,A,RUNNING,974.376,5,7,2,8,0.25,20.0,99.5,1004.3321,0.0,0,0.0,0.0
979.0,A,RUNNING,975.376,5,7,2,8,0.25,20.0,99.5,1003.3321,0.0,0,0.0,0.0
980.0,A,RUNNING,976.376,5,7,2,8,0.25,20.0,99.5,1002.3321,0.0,0,0.0,0.0
981.0,A,RUNNING,977.376,5,7,2,8,0.25,20.0,99.5,1001.3321,0.0,0,0.0,0.0
982.0,A,RUNNING,978.376,5,7,2,8,0.25,20.0,99.5,1000.3321,0.0,0,0.0,0.0
983.0,A,RUNNING,979.376,5,7,2,8,0.25,20.0,99.5,999.3321,0.0,0,0.0,0.0
984.0,A,RUNNING,980.376,5,7,2,8,0.25,20.0,99.5,998.3321,0.0,0,0.0,0.0
985.0,A,RUNNING,981.376,5,7,2,8,0.25,20.0,99.5,997.3321,0.0,0,0.0,0.0
986.0,A,RUNNING,982.376,5,7,2,8,0.25,20.0,99.5,996.3321,0.0,0,0.0,0.0
987.0,A,RUNNING,983.376,5,7,2,8,0.25,20.0,99.5,995.3321,0.0,0,0.0,0.0
988.0,A,RUNNING,984.376,5,7,2,8,0.25,20.0,99.5,994.3321,0.0,0,0.0,0.0
989.0,A,RUNNING,985.376,5,7,2,8,0.25,20.0,99.5,993.3321,0.0,0,0.0,0.0
990.0,A,RUNNING,986.376,5,7,2,8,0.25,20.0,99.5,992.3321,0.0,0,0.0,0.0
991.0,A,RUNNING,987.376,5,7,2,8,0.25,20.0,99.5,991.3321,0.0,0,0.0,0.0
992.0,A,RUNNING,988.376,5,7,2,8,0.25,20.0,99.5,990.3321,0.0,0,0.0,0.0
993.0,A,RUNNING,989.376,5,7,2,8,0.25,20.0,99.5,989.3321,0.0,0,0.0,0.0
994.0,A,RUNNING,990.376,5,7,2,8,0.25,20.0,99.5,988.3321,0.0,0,0.0,0.0
995.0,A,RUNNING,991.376,5,7,2,8,0.25,20.0,99.5,987.3321,0.0,0,0.0,0.0
996.0,A,RUNNING,992.376,5,7,2,8,0.25,20.0,99.5,986.3321,0.0,0,0.0,0.0
997.0,A,RUNNING,993.376,5,7,2,8,0.25,20.0,99.5,985.3321,0.0,0,0.0,0.0
998.0,A,RUNNING,994.376,5,7,2,8,0.25,20.0,99.5,984.3321,0.0,0,0.0,0.0
999.0,A,RUNNING,995.376,5,7,2,8,0.25,20.0,99.5,983.3321,0.0,0,0.0,0.0
1000.0,A,RUNNING,996.376,5,7,2,8,0.25,20.0,99.5,982.3321,0.0,0,0.0,0.0
1001.0,A,RUNNING,997.376,5,7,2,8,0.25,20.0,99.5,981.3321,0.0,0,0.0,0.0
1002.0,A,RUNNING,998.376,5,7,2,8,0.25,20.0,99.5,980.3321,0.0,0,0.0,0.0
1003.0,A,RUNNING,999.376,5,7,2,8,0.25,20.0,99.5,979.3321,0.0,0,0.0,0.0
1004.0,A,RUNNING,1000.376,5,7,2,8,0.25,20.0,99.5,978.3321,0.0,0,0.0,0.0
1005.0,A,RUNNING,1001.376,5,7,2,8,0.25,20.0,99.5,977.3321,0.0,0,0.0,0.0
1006.0,A,RUNNING,1002.376,5,7,2,8,0.25,20.0,99.5,976.3321,0.0,0,0.0,0.0
1007.0,A,RUNNING,1003.376,5,7,2,8,0.25,20.0,99.5,975.3321,0.0,0,0.0,0.0
1008.0,A,RUNNING,1004.376,5,7,2,8,0.25,20.0,99.5,974.3321,0.0,0,0.0,0.0
1009.0,A,RUNNING,1005.376,5,7,2,8,0.25,20.0,99.5,973.3321,0.0,0,0.0,0.0
1010.0,A,RUNNING,1006.376,5,7,2,8,0.25,20.0,99.5,972.3321,0.0,0,0.0,0.0
1011.0,A,RUNNING,1007.376,5,7,2,8,0.25,20.0,99.5,971.3321,0.0,0,0.0,0.0
1012.0,A,RUNNING,1008.376,5,7,2,8,0.25,20.0,99.5,970.3321,0.0,0,0.0,0.0
1013.0,A,RUNNING,1009.376,5,7,2,8,0.25,20.0,99.5,969.3321,0.0,0,0.0,0.0
1014.0,A,RUNNING,1010.376,5,7,2,8,0.25,20.0,99.5,968.3321,0.0,0,0.0,0.0
1015.0,A,RUNNING,1011.376,5,7,2,8,0.25,20.0,99.5,967.3321,0.0,0,0.0,0.0
1016.0,A,RUNNING,1012.376,5,7,2,8,0.25,20.0,99.5,966.3321,0.0,0,0.0,0.0
1017.0,A,RUNNING,1013.376,5,7,2,8,0.25,20.0,99.5,965.3321,0.0,0,0.0,0.0
1018.0,A,RUNNING,1014.376,5,9,0,8,0.0,20.0,99.5,1324.3321,0.0,0,0.0,0.0
1019.0,A,RUNNING,1015.376,5,9,0,8,0.0,20.0,99.5,1323.3321,0.0,0,0.0,0.0
1020.0,A,RUNNING,1016.376,5,9,0,8,0.0,20.0,99.5,1322.3321,0.0,0,0.0,0.0
1021.0,A,RUNNING,1017.376,5,9,0,8,0.0,20.0,99.5,1321.3321,0.0,0,0.0,0.0
1022.0,A,RUNNING,1018.376,5,9,0,8,0.0,20.0,99.5,1320.3321,0.0,0,0.0,0.0
1023.0,A,RUNNING,1019.376,5,9,0,8,0.0,20.0,99.5,1319.3321,0.0,0,0.0,0.0
1024.0,A,RUNNING,1020.376,5,9,0,8,0.0,20.0,99.5,1318.3321,0.0,0,0.0,0.0
1025.0,A,RUNNING,1021.376,5,9,0,8,0.0,20.0,99.5,1317.3321,0.0,0,0.0,0.0
1026.0,A,RUNNING,1022.376,5,9,0,8,0.0,20.0,99.5,1316.3321,0.0,0,0.0,0.0
1027.0,A,RUNNING,1023.376,5,9,0,8,0.0,20.0,99.5,1315.3321,0.0,0,0.0,0.0
1028.0,A,RUNNING,1024.376,5,9,0,8,0.0,20.0,99.5,1314.3321,0.0,0,0.0,0.0
1029.0,A,RUNNING,1025.376,5,9,0,8,0.0,20.0,99.5,1313.3321,0.0,0,0.0,0.0
1030.0,A,RUNNING,1026.376,5,9,0,8,0.0,20.0,99.5,1312.3321,0.0,0,0.0,0.0
1031.0,A,RUNNING,1027.376,5,9,0,8,0.0,20.0,99.5,1311.3321,0.0,0,0.0,0.0
1032.0,A,RUNNING,1028.376,5,9,0,8,0.0,20.0,99.5,1310.3321,0.0,0,0.0,0.0
1033.0,A,RUNNING,1029.376,5,9,0,8,0.0,20.0,99.5,1309.3321,0.0,0,0.0,0.0
1034.0,A,RUNNING,1030.376,5,9,0,8,0.0,20.0,99.5,1308.3321,0.0,0,0.0,0.0
1035.0,A,RUNNING,1031.376,5,9,0,8,0.0,20.0,99.5,1307.3321,0.0,0,0.0,0.0
1036.0,A,RUNNING,1032.376,5,9,0,8,0.0,20.0,99.5,1306.3321,0.0,0,0.0,0.0
1037.0,A,RUNNING,1033.376,5,9,0,8,0.0,20.0,99.5,1305.3321,0.0,0,0.0,0.0
1038.0,A,RUNNING,1034.376,5,9,0,8,0.0,20.0,99.5,1304.3321,0.0,0,0.0,0.0
1039.0,A,RUNNING,1035.376,5,9,0,8,0.0,20.0,99.5,1303.3321,0.0,0,0.0,0.0
1040.0,A,RUNNING,1036.376,5,9,0,8,0.0,20.0,99.5,1302.3321,0.0,0,0.0,0.0
1041.0,A,RUNNING,1037.376,5,9,0,8,0.0,20.0,99.5,1301.3321,0.0,0,0.0,0.0
1042.0,A,RUNNING,1038.376,5,9,0,8,0.0,20.0,99.5,1300.3321,0.0,0,0.0,0.0
1043.0,A,RUNNING,1039.376,5,9,0,8,0.0,20.0,99.5,1299.3321,0.0,0,0.0,0.0
1044.0,A,RUNNING,1040.376,5,9,0,8,0.0,20.0,99.5,1298.3321,0.0,0,0.0,0.0
1045.0,A,RUNNING,1041.376,5,9,0,8,0.0,20.0,99.5,1297.3321,0.0,0,0.0,0.0
1046.0,A,RUNNING,1042.376,5,9,0,8,0.0,20.0,99.5,1296.3321,0.0,0,0.0,0.0
1047.0,A,RUNNING,1043.376,5,9,0,8,0.0,20.0,99.5,1295.3321,0.0,0,0.0,0.0
1048.0,A,RUNNING,1044.376,5,9,0,8,0.0,20.0,99.5,1294.3321,0.0,0,0.0,0.0
1049.0,A,RUNNING,1045.376,5,9,0,8,0.0,20.0,99.5,1293.3321,0.0,0,0.0,0.0
1050.0,A,RUNNING,1046.376,5,9,0,8,0.0,20.0,99.5,1292.3321,0.0,0,0.0,0.0
1051.0,A,RUNNING,1047.376,5,9,0,8,0.0,20.0,99.5,1291.3321,0.0,0,0.0,0.0
1052.0,A,RUNNING,1048.376,5,9,0,8,0.0,20.0,99.5,1290.3321,0.0,0,0.0,0.0
1053.0,A,RUNNING,1049.376,5,9,0,8,0.0,20.0,99.5,1289.3321,0.0,0,0.0,0.0
1054.0,A,RUNNING,1050.376,5,9,0,8,0.0,20.0,99.5,1288.3321,0.0,0,0.0,0.0
1055.0,A,RUNNING,1051.376,5,9,0,8,0.0,20.0,99.5,1287.3321,0.0,0,0.0,0.0
1056.0,A,RUNNING,1052.376,5,9,0,8,0.0,20.0,99.5,1286.3321,0.0,0,0.0,0.0
1057.0,A,RUNNING,1053.376,5,9,0,8,0.0,20.0,99.5,1285.3321,0.0,0,0.0,0.0
1058.0,A,RUNNING,1054.376,5,9,0,8,0.0,20.0,99.5,1284.3321,0.0,0,0.0,0.0
1059.0,A,RUNNING,1055.376,5,9,0,8,0.0,20.0,99.5,1283.3321,0.0,0,0.0,0.0
1060.0,A,RUNNING,1056.376,5,9,0,8,0.0,20.0,99.5,1282.3321,0.0,0,0.0,0.0
1061.0,A,RUNNING,1057.376,5,9,0,8,0.0,20.0,99.5,1281.3321,0.0,0,0.0,0.0
1062.0,A,RUNNING,1058.376,5,9,0,8,0.0,20.0,99.5,1280.3321,0.0,0,0.0,0.0
1063.0,A,RUNNING,1059.376,5,9,0,8,0.0,20.0,99.5,1279.3321,0.0,0,0.0,0.0
1064.0,A,RUNNING,1060.376,5,9,0,8,0.0,20.0,99.5,1278.3321,0.0,0,0.0,0.0
1065.0,A,RUNNING,1061.376,5,9,0,8,0.0,20.0,99.5,1277.3321,0.0,0,0.0,0.0
1066.0,A,RUNNING,1062.376,5,9,0,8,0.0,20.0,99.5,1276.3321,0.0,0,0.0,0.0
1067.0,A,RUNNING,1063.376,5,9,0,8,0.0,20.0,99.5,1275.3321,0.0,0,0.0,0.0
1068.0,A,RUNNING,1064.376,5,9,0,8,0.0,20.0,99.5,1274.3321,0.0,0,0.0,0.0
1069.0,A,RUNNING,1065.376,5,9,0,8,0.0,20.0,99.5,1273.3321,0.0,0,0.0,0.0
1070.0,A,RUNNING,1066.376,5,9,0,8,0.0,20.0,99.5,1272.3321,0.0,0,0.0,0.0
1071.0,A,RUNNING,1067.376,5,9,0,8,0.0,20.0,99.5,1271.3321,0.0,0,0.0,0.0
1072.0,A,RUNNING,1068.376,5,9,0,8,0.0,20.0,99.5,1270.3321,0.0,0,0.0,0.0
1073.0,A,RUNNING,1069.376,5,9,0,8,0.0,20.0,99.5,1269.3321,0.0,0,0.0,0.0
1074.0,A,RUNNING,1070.376,5,9,0,8,0.0,20.0,99.5,1268.3321,0.0,0,0.0,0.0
1075.0,A,RUNNING,1071.376,5,9,0,8,0.0,20.0,99.5,1267.3321,0.0,0,0.0,0.0
1076.0,A,RUNNING,1072.376,5,9,0,8,0.0,20.0,99.5,1266.3321,0.0,0,0.0,0.0
1077.0,A,RUNNING,1073.376,5,9,0,8,0.0,20.0,99.5,1265.3321,0.0,0,0.0,0.0
1078.0,A,RUNNING,1074.376,5,9,0,8,0.0,20.0,99.5,1264.3321,0.0,0,0.0,0.0
1079.0,A,RUNNING,1075.376,5,9,0,8,0.0,20.0,99.5,1263.3321,0.0,0,0.0,0.0
1080.0,A,RUNNING,1076.376,5,9,0,8,0.0,20.0,99.5,1262.3321,0.0,0,0.0,0.0
1081.0,A,RUNNING,1077.376,5,9,0,8,0.0,20.0,99.5,1261.3321,0.0,0,0.0,0.0
1082.0,A,RUNNING,1078.376,5,9,0,8,0.0,20.0,99.5,1260.3321,0.0,0,0.0,0.0
1083.0,A,RUNNING,1079.376,6,9,1,8,0.125,20.0,99.4,1279.7985,0.0,0,0.0,0.0
1084.0,A,RUNNING,1080.376,6,9,1,8,0.125,20.0,99.4,1278.7985,0.0,0,0.0,0.0
1085.0,A,RUNNING,1081.376,6,9,1,8,0.125,20.0,99.4,1277.7985,0.0,0,0.0,0.0
1086.0,A,RUNNING,1082.376,6,9,1,8,0.125,20.0,99.4,1276.7985,0.0,0,0.0,0.0
1087.0,A,RUNNING,1083.376,6,9,1,8,0.125,20.0,99.4,1275.7985,0.0,0,0.0,0.0
1088.0,A,RUNNING,1084.376,6,9,1,8,0.125,20.0,99.4,1274.7985,0.0,0,0.0,0.0
1089.0,A,RUNNING,1085.376,6,9,1,8,0.125,20.0,99.4,1273.7985,0.0,0,0.0,0.0
1090.0,A,RUNNING,1086.376,6,9,1,8,0.125,20.0,99.4,1272.7985,0.0,0,0.0,0.0
1091.0,A,RUNNING,1087.376,6,9,1,8,0.125,20.0,99.4,1271.7985,0.0,0,0.0,0.0
1092.0,A,RUNNING,1088.376,6,9,1,8,0.125,20.0,99.4,1270.7985,0.0,0,0.0,0.0
1093.0,A,RUNNING,1089.376,6,9,1,8,0.125,20.0,99.4,1269.7985,0.0,0,0.0,0.0
1094.0,A,RUNNING,1090.376,6,9,1,8,0.125,20.0,99.4,1268.7985,0.0,0,0.0,0.0
1095.0,A,RUNNING,1091.376,6,9,1,8,0.125,20.0,99.4,1267.7985,0.0,0,0.0,0.0
1096.0,A,RUNNING,1092.376,6,9,1,8,0.125,20.0,99.4,1266.7985,0.0,0,0.0,0.0
1097.0,A,RUNNING,1093.376,6,9,1,8,0.125,20.0,99.4,1265.7985,0.0,0,0.0,0.0
1098.0,A,RUNNING,1094.376,6,9,1,8,0.125,20.0,99.4,1264.7985,0.0,0,0.0,0.0
1099.0,A,RUNNING,1095.376,6,9,1,8,0.125,20.0,99.4,1263.7985,0.0,0,0.0,0.0
1100.0,A,RUNNING,1096.376,6,9,1,8,0.125,20.0,99.4,1262.7985,0.0,0,0.0,0.0
1101.0,A,RUNNING,1097.376,6,9,1,8,0.125,20.0,99.4,1261.7985,0.0,0,0.0,0.0
1102.0,A,RUNNING,1098.376,6,9,1,8,0.125,20.0,99.4,1260.7985,0.0,0,0.0,0.0
1103.0,A,RUNNING,1099.376,6,9,1,8,0.125,20.0,99.4,1259.7985,0.0,0,0.0,0.0
1104.0,A,RUNNING,1100.376,6,9,1,8,0.125,20.0,99.4,1258.7985,0.0,0,0.0,0.0
1105.0,A,RUNNING,1101.376,6,9,1,8,0.125,20.0,99.4,1257.7985,0.0,0,0.0,0.0
1106.0,A,RUNNING,1102.376,6,9,1,8,0.125,20.0,99.4,1256.7985,0.0,0,0.0,0.0
1107.0,A,RUNNING,1103.376,6,9,1,8,0.125,20.0,99.4,1255.7985,0.0,0,0.0,0.0
1108.0,A,RUNNING,1104.376,6,9,1,8,0.125,20.0,99.4,1254.7985,0.0,0,0.0,0.0
1109.0,A,RUNNING,1105.376,6,9,1,8,0.125,20.0,99.4,1253.7985,0.0,0,0.0,0.0
1110.0,A,RUNNING,1106.376,6,9,1,8,0.125,20.0,99.4,1252.7985,0.0,0,0.0,0.0
1111.0,A,RUNNING,1107.376,6,9,1,8,0.125,20.0,99.4,1251.7985,0.0,0,0.0,0.0
1112.0,A,RUNNING,1108.376,6,9,1,8,0.125,20.0,99.4,1250.7985,0.0,0,0.0,0.0
1113.0,A,RUNNING,1109.376,6,9,1,8,0.125,20.0,99.4,1249.7985,0.0,0,0.0,0.0
1114.0,A,RUNNING,1110.376,6,9,1,8,0.125,20.0,99.4,1248.7985,0.0,0,0.0,0.0
1115.0,A,RUNNING,1111.376,6,9,1,8,0.125,20.0,99.4,1247.7985,0.0,0,0.0,0.0
1116.0,A,RUNNING,1112.376,6,9,1,8,0.125,20.0,99.4,1246.7985,0.0,0,0.0,0.0
1117.0,A,RUNNING,1113.376,6,9,1,8,0.125,20.0,99.4,1245.7985,0.0,0,0.0,0.0
1118.0,A,RUNNING,1114.376,6,9,1,8,0.125,20.0,99.4,1244.7985,0.0,0,0.0,0.0
1119.0,A,RUNNING,1115.376,6,9,1,8,0.125,20.0,99.4,1243.7985,0.0,0,0.0,0.0
1120.0,A,RUNNING,1116.376,6,9,1,8,0.125,20.0,99.4,1242.7985,0.0,0,0.0,0.0
1121.0,A,RUNNING,1117.376,6,9,1,8,0.125,20.0,99.4,1241.7985,0.0,0,0.0,0.0
1122.0,A,RUNNING,1118.376,6,9,1,8,0.125,20.0,99.4,1240.7985,0.0,0,0.0,0.0
1123.0,A,RUNNING,1119.376,6,9,1,8,0.125,20.0,99.4,1239.7985,0.0,0,0.0,0.0
1124.0,A,RUNNING,1120.376,6,9,1,8,0.125,20.0,99.4,1238.7985,0.0,0,0.0,0.0
1125.0,A,RUNNING,1121.376,6,9,1,8,0.125,20.0,99.4,1237.7985,0.0,0,0.0,0.0
1126.0,A,RUNNING,1122.376,6,9,1,8,0.125,20.0,99.4,1236.7985,0.0,0,0.0,0.0
1127.0,A,RUNNING,1123.376,6,9,1,8,0.125,20.0,99.4,1235.7985,0.0,0,0.0,0.0
1128.0,A,RUNNING,1124.376,6,9,1,8,0.125,20.0,99.4,1234.7985,0.0,0,0.0,0.0
1129.0,A,RUNNING,1125.376,6,9,1,8,0.125,20.0,99.4,1233.7985,0.0,0,0.0,0.0
1130.0,A,RUNNING,1126.38,6,9,1,8,0.125,20.0,99.4,1232.7945,0.0,0,0.0,0.0
1131.0,A,RUNNING,1127.376,6,9,1,8,0.125,20.0,99.4,1231.7985,0.0,0,0.0,0.0
1132.0,A,RUNNING,1128.376,6,9,1,8,0.125,20.0,99.4,1230.7985,0.0,0,0.0,0.0
1133.0,A,RUNNING,1129.376,6,9,1,8,0.125,20.0,99.4,1229.7985,0.0,0,0.0,0.0
1134.0,A,RUNNING,1130.376,6,9,1,8,0.125,20.0,99.4,1228.7985,0.0,0,0.0,0.0
1135.0,A,RUNNING,1131.376,6,9,1,8,0.125,20.0,99.4,1227.7985,0.0,0,0.0,0.0
1136.0,A,RUNNING,1132.376,6,9,1,8,0.125,20.0,99.4,1226.7985,0.0,0,0.0,0.0
1137.0,A,RUNNING,1133.376,6,9,1,8,0.125,20.0,99.4,1225.7985,0.0,0,0.0,0.0
1138.0,A,RUNNING,1134.376,6,9,1,8,0.125,20.0,99.4,1224.7985,0.0,0,0.0,0.0
1139.0,A,RUNNING,1135.376,6,9,1,8,0.125,20.0,99.4,1223.7985,0.0,0,0.0,0.0
1140.0,A,RUNNING,1136.376,6,9,1,8,0.125,20.0,99.4,1222.7985,0.0,0,0.0,0.0
1141.0,A,RUNNING,1137.376,6,9,1,8,0.125,20.0,99.4,1221.7985,0.0,0,0.0,0.0
1142.0,A,RUNNING,1138.376,6,9,1,8,0.125,20.0,99.4,1220.7985,0.0,0,0.0,0.0
1143.0,A,RUNNING,1139.376,6,9,1,8,0.125,20.0,99.4,1219.7985,0.0,0,0.0,0.0
1144.0,A,RUNNING,1140.376,6,9,1,8,0.125,20.0,99.4,1218.7985,0.0,0,0.0,0.0
1145.0,A,RUNNING,1141.376,6,9,1,8,0.125,20.0,99.4,1217.7985,0.0,0,0.0,0.0
1146.0,A,RUNNING,1142.376,6,9,1,8,0.125,20.0,99.4,1216.7985,0.0,0,0.0,0.0
1147.0,A,RUNNING,1143.376,6,9,1,8,0.125,20.0,99.4,1215.7985,0.0,0,0.0,0.0
1148.0,A,RUNNING,1144.376,6,9,1,8,0.125,20.0,99.4,1214.7985,0.0,0,0.0,0.0
1149.0,A,RUNNING,1145.376,6,9,1,8,0.125,20.0,99.4,1213.7985,0.0,0,0.0,0.0
1150.0,A,RUNNING,1146.38,6,9,1,8,0.125,20.0,99.4,1212.7945,0.0,0,0.0,0.0
1151.0,A,RUNNING,1147.376,6,9,1,8,0.125,20.0,99.4,1211.7985,0.0,0,0.0,0.0
1152.0,A,RUNNING,1148.376,6,9,1,8,0.125,20.0,99.4,1210.7985,0.0,0,0.0,0.0
1153.0,A,RUNNING,1149.376,6,9,1,8,0.125,20.0,99.4,1209.7985,0.0,0,0.0,0.0
1154.0,A,RUNNING,1150.376,6,9,1,8,0.125,20.0,99.4,1208.7985,0.0,0,0.0,0.0
1155.0,A,RUNNING,1151.376,6,9,1,8,0.125,20.0,99.4,1207.7985,0.0,0,0.0,0.0
1156.0,A,RUNNING,1152.376,6,9,1,8,0.125,20.0,99.4,1206.7985,0.0,0,0.0,0.0
1157.0,A,RUNNING,1153.376,6,9,1,8,0.125,20.0,99.4,1205.7985,0.0,0,0.0,0.0
1158.0,A,RUNNING,1154.376,6,9,1,8,0.125,20.0,99.4,1204.7985,0.0,0,0.0,0.0
1159.0,A,RUNNING,1155.376,6,9,1,8,0.125,20.0,99.4,1203.7985,0.0,0,0.0,0.0
1160.0,A,RUNNING,1156.376,6,9,1,8,0.125,20.0,99.4,1202.7985,0.0,0,0.0,0.0
1161.0,A,RUNNING,1157.376,6,9,1,8,0.125,20.0,99.4,1201.7985,0.0,0,0.0,0.0
1162.0,A,RUNNING,1158.376,6,9,1,8,0.125,20.0,99.4,1200.7985,0.0,0,0.0,0.0
1163.0,A,RUNNING,1159.376,6,9,1,8,0.125,20.0,99.4,1199.7985,0.0,0,0.0,0.0
1164.0,A,RUNNING,1160.376,6,9,1,8,0.125,20.0,99.4,1198.7985,0.0,0,0.0,0.0
1165.0,A,RUNNING,1161.376,6,9,1,8,0.125,20.0,99.4,1197.7985,0.0,0,0.0,0.0
1166.0,A,RUNNING,1162.376,6,9,1,8,0.125,20.0,99.4,1196.7985,0.0,0,0.0,0.0
1167.0,A,RUNNING,1163.376,6,9,1,8,0.125,20.0,99.4,1195.7985,0.0,0,0.0,0.0
1168.0,A,RUNNING,1164.376,6,9,1,8,0.125,20.0,99.4,1194.7985,0.0,0,0.0,0.0
1169.0,A,RUNNING,1165.376,6,9,1,8,0.125,20.0,99.4,1193.7985,0.0,0,0.0,0.0
1170.0,A,RUNNING,1166.376,6,9,1,8,0.125,20.0,99.4,1192.7985,0.0,0,0.0,0.0
1171.0,A,RUNNING,1167.376,6,9,1,8,0.125,20.0,99.4,1191.7985,0.0,0,0.0,0.0
1172.0,A,RUNNING,1168.376,6,9,1,8,0.125,20.0,99.4,1190.7985,0.0,0,0.0,0.0
1173.0,A,RUNNING,1169.376,6,9,1,8,0.125,20.0,99.4,1189.7985,0.0,0,0.0,0.0
1174.0,A,RUNNING,1170.376,6,9,1,8,0.125,20.0,99.4,1188.7985,0.0,0,0.0,0.0
1175.0,A,RUNNING,1171.376,6,9,1,8,0.125,20.0,99.4,1187.7985,0.0,0,0.0,0.0
1176.0,A,RUNNING,1172.376,6,9,1,8,0.125,20.0,99.4,1186.7985,0.0,0,0.0,0.0
1177.0,A,RUNNING,1173.376,6,9,1,8,0.125,20.0,99.4,1185.7985,0.0,0,0.0,0.0
1178.0,A,RUNNING,1174.376,6,9,1,8,0.125,20.0,99.4,1184.7985,0.0,0,0.0,0.0
1179.0,A,RUNNING,1175.376,6,9,1,8,0.125,20.0,99.4,1183.7985,0.0,0,0.0,0.0
1180.0,A,RUNNING,1176.376,6,9,1,8,0.125,20.0,99.4,1182.7985,0.0,0,0.0,0.0
1181.0,A,RUNNING,1177.376,6,9,1,8,0.125,20.0,99.4,1181.7985,0.0,0,0.0,0.0
1182.0,A,RUNNING,1178.376,6,9,1,8,0.125,20.0,99.4,1180.7985,0.0,0,0.0,0.0
1183.0,A,RUNNING,1179.376,6,9,1,8,0.125,20.0,99.4,1179.7985,0.0,0,0.0,0.0
1184.0,A,RUNNING,1180.376,6,9,1,8,0.125,20.0,99.4,1178.7985,0.0,0,0.0,0.0
1185.0,A,RUNNING,1181.376,6,9,1,8,0.125,20.0,99.4,1177.7985,0.0,0,0.0,0.0
1186.0,A,RUNNING,1182.376,6,9,1,8,0.125,20.0,99.4,1176.7985,0.0,0,0.0,0.0
1187.0,A,RUNNING,1183.376,6,9,1,8,0.125,20.0,99.4,1175.7985,0.0,0,0.0,0.0
1188.0,A,RUNNING,1184.376,6,9,1,8,0.125,20.0,99.4,1174.7985,0.0,0,0.0,0.0
1189.0,A,RUNNING,1185.376,6,9,1,8,0.125,20.0,99.4,1173.7985,0.0,0,0.0,0.0
1190.0,A,RUNNING,1186.376,6,9,1,8,0.125,20.0,99.4,1172.7985,0.0,0,0.0,0.0
1191.0,A,RUNNING,1187.376,6,9,1,8,0.125,20.0,99.4,1171.7985,0.0,0,0.0,0.0
1192.0,A,RUNNING,1188.376,6,9,1,8,0.125,20.0,99.4,1170.7985,0.0,0,0.0,0.0
1193.0,A,RUNNING,1189.376,6,9,1,8,0.125,20.0,99.4,1169.7985,0.0,0,0.0,0.0
1194.0,A,RUNNING,1190.376,6,9,1,8,0.125,20.0,99.4,1168.7985,0.0,0,0.0,0.0
1195.0,A,RUNNING,1191.376,6,9,1,8,0.125,20.0,99.4,1167.7985,0.0,0,0.0,0.0
1196.0,A,RUNNING,1192.376,6,9,1,8,0.125,20.0,99.4,1166.7985,0.0,0,0.0,0.0
1197.0,A,RUNNING,1193.376,6,9,1,8,0.125,20.0,99.4,1165.7985,0.0,0,0.0,0.0
1198.0,A,RUNNING,1194.376,6,9,1,8,0.125,20.0,99.4,1164.7985,0.0,0,0.0,0.0
1199.0,A,RUNNING,1195.376,6,9,1,8,0.125,20.0,99.4,1163.7985,0.0,0,0.0,0.0
1200.0,A,RUNNING,1196.376,6,9,1,8,0.125,20.0,99.4,1162.7985,0.0,0,0.0,0.0
1201.0,A,RUNNING,1197.376,6,9,1,8,0.125,20.0,99.4,1161.7985,0.0,0,0.0,0.0
1202.0,A,RUNNING,1198.376,6,9,1,8,0.125,20.0,99.4,1160.7985,0.0,0,0.0,0.0
1203.0,A,RUNNING,1199.376,6,9,1,8,0.125,20.0,99.4,1159.7985,0.0,0,0.0,0.0
1204.0,A,RUNNING,1200.376,6,9,1,8,0.125,20.0,99.4,1158.7985,0.0,0,0.0,0.0
1205.0,A,RUNNING,1201.376,6,9,1,8,0.125,20.0,99.4,1157.7985,0.0,0,0.0,0.0
1206.0,A,RUNNING,1202.376,6,9,1,8,0.125,20.0,99.4,1156.7985,0.0,0,0.0,0.0
1207.0,A,RUNNING,1203.376,6,9,1,8,0.125,20.0,99.4,1155.7985,0.0,0,0.0,0.0
1208.0,A,RUNNING,1204.376,6,9,1,8,0.125,20.0,99.4,1154.7985,0.0,0,0.0,0.0
1209.0,A,RUNNING,1205.376,6,9,1,8,0.125,20.0,99.4,1153.7985,0.0,0,0.0,0.0
1210.0,A,RUNNING,1206.376,6,9,1,8,0.125,20.0,99.4,1152.7985,0.0,0,0.0,0.0
1211.0,A,RUNNING,1207.376,6,9,1,8,0.125,20.0,99.4,1151.7985,0.0,0,0.0,0.0
1212.0,A,RUNNING,1208.376,6,9,1,8,0.125,20.0,99.4,1150.7985,0.0,0,0.0,0.0
1213.0,A,RUNNING,1209.376,6,9,1,8,0.125,20.0,99.4,1149.7985,0.0,0,0.0,0.0
1214.0,A,RUNNING,1210.376,6,9,1,8,0.125,20.0,99.4,1148.7985,0.0,0,0.0,0.0
1215.0,A,RUNNING,1211.376,6,9,1,8,0.125,20.0,99.4,1147.7985,0.0,0,0.0,0.0
1216.0,A,RUNNING,1212.376,6,9,1,8,0.125,20.0,99.4,1146.7985,0.0,0,0.0,0.0
1217.0,A,RUNNING,1213.376,6,9,1,8,0.125,20.0,99.4,1145.7985,0.0,0,0.0,0.0
1218.0,A,RUNNING,1214.376,6,9,1,8,0.125,20.0,99.4,1144.7985,0.0,0,0.0,0.0
1219.0,A,RUNNING,1215.376,6,9,1,8,0.125,20.0,99.4,1143.7985,0.0,0,0.0,0.0
1220.0,A,RUNNING,1216.376,6,9,1,8,0.125,20.0,99.4,1142.7985,0.0,0,0.0,0.0
1221.0,A,RUNNING,1217.376,6,9,1,8,0.125,20.0,99.4,1141.7985,0.0,0,0.0,0.0
1222.0,A,RUNNING,1218.376,6,9,1,8,0.125,20.0,99.4,1140.7985,0.0,0,0.0,0.0
1223.0,A,RUNNING,1219.376,6,9,1,8,0.125,20.0,99.4,1139.7985,0.0,0,0.0,0.0
1224.0,A,RUNNING,1220.376,6,9,1,8,0.125,20.0,99.4,1138.7985,0.0,0,0.0,0.0
1225.0,A,RUNNING,1221.376,6,9,1,8,0.125,20.0,99.4,1137.7985,0.0,0,0.0,0.0
1226.0,A,RUNNING,1222.376,6,9,1,8,0.125,20.0,99.4,1136.7985,0.0,0,0.0,0.0
1227.0,A,RUNNING,1223.376,6,9,1,8,0.125,20.0,99.4,1135.7985,0.0,0,0.0,0.0
1228.0,A,RUNNING,1224.376,6,9,1,8,0.125,20.0,99.4,1134.7985,0.0,0,0.0,0.0
1229.0,A,RUNNING,1225.376,6,9,1,8,0.125,20.0,99.4,1133.7985,0.0,0,0.0,0.0
1230.0,A,RUNNING,1226.376,6,9,1,8,0.125,20.0,99.4,1132.7985,0.0,0,0.0,0.0
1231.0,A,RUNNING,1227.376,6,9,1,8,0.125,20.0,99.4,1131.7985,0.0,0,0.0,0.0
1232.0,A,RUNNING,1228.376,6,9,1,8,0.125,20.0,99.4,1130.7985,0.0,0,0.0,0.0
1233.0,A,RUNNING,1229.376,6,9,1,8,0.125,20.0,99.4,1129.7985,0.0,0,0.0,0.0
1234.0,A,RUNNING,1230.376,6,9,1,8,0.125,20.0,99.4,1128.7985,0.0,0,0.0,0.0
1235.0,A,RUNNING,1231.376,6,9,1,8,0.125,20.0,99.4,1127.7985,0.0,0,0.0,0.0
1236.0,A,RUNNING,1232.376,6,9,1,8,0.125,20.0,99.4,1126.7985,0.0,0,0.0,0.0
1237.0,A,RUNNING,1233.376,6,9,1,8,0.125,20.0,99.4,1125.7985,0.0,0,0.0,0.0
1238.0,A,RUNNING,1234.376,6,9,1,8,0.125,20.0,99.4,1124.7985,0.0,0,0.0,0.0
1239.0,A,RUNNING,1235.376,6,9,1,8,0.125,20.0,99.4,1123.7985,0.0,0,0.0,0.0
1240.0,A,RUNNING,1236.376,6,9,1,8,0.125,20.0,99.4,1122.7985,0.0,0,0.0,0.0
1241.0,A,RUNNING,1237.376,6,9,1,8,0.125,20.0,99.4,1121.7985,0.0,0,0.0,0.0
1242.0,A,RUNNING,1238.376,6,9,1,8,0.125,20.0,99.4,1120.7985,0.0,0,0.0,0.0
1243.0,A,RUNNING,1239.376,6,9,1,8,0.125,20.0,99.4,1119.7985,0.0,0,0.0,0.0
1244.0,A,RUNNING,1240.376,6,9,1,8,0.125,20.0,99.4,1118.7985,0.0,0,0.0,0.0
1245.0,A,RUNNING,1241.376,6,9,1,8,0.125,20.0,99.4,1117.7985,0.0,0,0.0,0.0
1246.0,A,RUNNING,1242.376,6,9,1,8,0.125,20.0,99.4,1116.7985,0.0,0,0.0,0.0
1247.0,A,RUNNING,1243.376,6,9,1,8,0.125,20.0,99.4,1115.7985,0.0,0,0.0,0.0
1248.0,A,RUNNING,1244.376,6,9,1,8,0.125,20.0,99.4,1114.7985,0.0,0,0.0,0.0
1249.0,A,RUNNING,1245.376,6,9,1,8,0.125,20.0,99.4,1113.7985,0.0,0,0.0,0.0
1250.0,A,RUNNING,1246.376,6,9,1,8,0.125,20.0,99.4,1112.7985,0.0,0,0.0,0.0
1251.0,A,RUNNING,1247.376,6,9,1,8,0.125,20.0,99.4,1111.7985,0.0,0,0.0,0.0
1252.0,A,RUNNING,1248.376,6,9,1,8,0.125,20.0,99.4,1110.7985,0.0,0,0.0,0.0
1253.0,A,RUNNING,1249.376,6,9,1,8,0.125,20.0,99.4,1109.7985,0.0,0,0.0,0.0
1254.0,A,RUNNING,1250.376,6,9,1,8,0.125,20.0,99.4,1108.7985,0.0,0,0.0,0.0
1255.0,A,RUNNING,1251.376,6,9,1,8,0.125,20.0,99.4,1107.7985,0.0,0,0.0,0.0
1256.0,A,RUNNING,1252.376,6,9,1,8,0.125,20.0,99.4,1106.7985,0.0,0,0.0,0.0
1257.0,A,RUNNING,1253.376,6,9,1,8,0.125,20.0,99.4,1105.7985,0.0,0,0.0,0.0
1258.0,A,RUNNING,1254.376,6,9,1,8,0.125,20.0,99.4,1104.7985,0.0,0,0.0,0.0
1259.0,A,RUNNING,1255.376,6,9,1,8,0.125,20.0,99.4,1103.7985,0.0,0,0.0,0.0
1260.0,A,RUNNING,1256.376,6,9,1,8,0.125,20.0,99.4,1102.7985,0.0,0,0.0,0.0
1261.0,A,RUNNING,1257.376,6,9,1,8,0.125,20.0,99.4,1101.7985,0.0,0,0.0,0.0
1262.0,A,RUNNING,1258.376,6,9,1,8,0.125,20.0,99.4,1100.7985,0.0,0,0.0,0.0
1263.0,A,RUNNING,1259.376,6,9,1,8,0.125,20.0,99.4,1099.7985,0.0,0,0.0,0.0
1264.0,A,RUNNING,1260.376,6,9,1,8,0.125,20.0,99.4,1098.7985,0.0,0,0.0,0.0
1265.0,A,RUNNING,1261.376,6,9,1,8,0.125,20.0,99.4,1097.7985,0.0,0,0.0,0.0
1266.0,A,RUNNING,1262.376,6,9,1,8,0.125,20.0,99.4,1096.7985,0.0,0,0.0,0.0
1267.0,A,RUNNING,1263.376,6,9,1,8,0.125,20.0,99.4,1095.7985,0.0,0,0.0,0.0
1268.0,A,RUNNING,1264.376,6,9,1,8,0.125,20.0,99.4,1094.7985,0.0,0,0.0,0.0
1269.0,A,RUNNING,1265.376,6,9,1,8,0.125,20.0,99.4,1093.7985,0.0,0,0.0,0.0
1270.0,A,RUNNING,1266.376,6,9,1,8,0.125,20.0,99.4,1092.7985,0.0,0,0.0,0.0
1271.0,A,RUNNING,1267.376,6,9,1,8,0.125,20.0,99.4,1091.7985,0.0,0,0.0,0.0
1272.0,A,RUNNING,1268.376,6,9,1,8,0.125,20.0,99.4,1090.7985,0.0,0,0.0,0.0
1273.0,A,RUNNING,1269.376,6,9,1,8,0.125,20.0,99.4,1089.7985,0.0,0,0.0,0.0
1274.0,A,RUNNING,1270.376,6,9,1,8,0.125,20.0,99.4,1088.7985,0.0,0,0.0,0.0
1275.0,A,RUNNING,1271.376,6,9,1,8,0.125,20.0,99.4,1087.7985,0.0,0,0.0,0.0
1276.0,A,RUNNING,1272.376,6,9,1,8,0.125,20.0,99.4,1086.7985,0.0,0,0.0,0.0
1277.0,A,RUNNING,1273.376,6,9,1,8,0.125,20.0,99.4,1085.7985,0.0,0,0.0,0.0
1278.0,A,RUNNING,1274.376,6,9,1,8,0.125,20.0,99.4,1084.7985,0.0,0,0.0,0.0
1279.0,A,RUNNING,1275.376,6,9,1,8,0.125,20.0,99.4,1083.7985,0.0,0,0.0,0.0
1280.0,A,RUNNING,1276.376,6,9,1,8,0.125,20.0,99.4,1082.7985,0.0,0,0.0,0.0
1281.0,A,RUNNING,1277.376,6,9,1,8,0.125,20.0,99.4,1081.7985,0.0,0,0.0,0.0
1282.0,A,RUNNING,1278.376,6,9,1,8,0.125,20.0,99.4,1080.7985,0.0,0,0.0,0.0
1283.0,A,RUNNING,1279.376,7,9,2,8,0.25,20.0,99.3,1093.2189,0.0,0,0.0,0.0
1284.0,A,RUNNING,1280.376,7,9,2,8,0.25,20.0,99.3,1092.2189,0.0,0,0.0,0.0
1285.0,A,RUNNING,1281.376,7,9,2,8,0.25,20.0,99.3,1091.2189,0.0,0,0.0,0.0
1286.0,A,RUNNING,1282.376,7,9,2,8,0.25,20.0,99.3,1090.2189,0.0,0,0.0,0.0
1287.0,A,RUNNING,1283.376,7,9,2,8,0.25,20.0,99.3,1089.2189,0.0,0,0.0,0.0
1288.0,A,RUNNING,1284.376,7,9,2,8,0.25,20.0,99.3,1088.2189,0.0,0,0.0,0.0
1289.0,A,RUNNING,1285.376,7,9,2,8,0.25,20.0,99.3,1087.2189,0.0,0,0.0,0.0
1290.0,A,RUNNING,1286.376,7,9,2,8,0.25,20.0,99.3,1086.2189,0.0,0,0.0,0.0
1291.0,A,RUNNING,1287.376,7,9,2,8,0.25,20.0,99.3,1085.2189,0.0,0,0.0,0.0
1292.0,A,RUNNING,1288.376,7,9,2,8,0.25,20.0,99.3,1084.2189,0.0,0,0.0,0.0
1293.0,A,RUNNING,1289.376,7,9,2,8,0.25,20.0,99.3,1083.2189,0.0,0,0.0,0.0
1294.0,A,RUNNING,1290.376,7,9,2,8,0.25,20.0,99.3,1082.2189,0.0,0,0.0,0.0
1295.0,A,RUNNING,1291.376,7,9,2,8,0.25,20.0,99.3,1081.2189,0.0,0,0.0,0.0
1296.0,A,RUNNING,1292.376,7,9,2,8,0.25,20.0,99.3,1080.2189,0.0,0,0.0,0.0
1297.0,A,RUNNING,1293.376,7,9,2,8,0.25,20.0,99.3,1079.2189,0.0,0,0.0,0.0
1298.0,A,RUNNING,1294.376,7,9,2,8,0.25,20.0,99.3,1078.2189,0.0,0,0.0,0.0
1299.0,A,RUNNING,1295.376,7,9,2,8,0.25,20.0,99.3,1077.2189,0.0,0,0.0,0.0
1300.0,A,RUNNING,1296.376,7,9,2,8,0.25,20.0,99.3,1076.2189,0.0,0,0.0,0.0
1301.0,A,RUNNING,1297.376,7,9,2,8,0.25,20.0,99.3,1075.2189,0.0,0,0.0,0.0
1302.0,A,RUNNING,1298.376,7,9,2,8,0.25,20.0,99.3,1074.2189,0.0,0,0.0,0.0
1303.0,A,RUNNING,1299.376,7,9,2,8,0.25,20.0,99.3,1073.2189,0.0,0,0.0,0.0
1304.0,A,RUNNING,1300.376,7,9,2,8,0.25,20.0,99.3,1072.2189,0.0,0,0.0,0.0
1305.0,A,RUNNING,1301.376,7,9,2,8,0.25,20.0,99.3,1071.2189,0.0,0,0.0,0.0
1306.0,A,RUNNING,1302.376,7,9,2,8,0.25,20.0,99.3,1070.2189,0.0,0,0.0,0.0
1307.0,A,RUNNING,1303.376,7,9,2,8,0.25,20.0,99.3,1069.2189,0.0,0,0.0,0.0
1308.0,A,RUNNING,1304.376,7,9,2,8,0.25,20.0,99.3,1068.2189,0.0,0,0.0,0.0
1309.0,A,RUNNING,1305.376,7,9,2,8,0.25,20.0,99.3,1067.2189,0.0,0,0.0,0.0
1310.0,A,RUNNING,1306.376,7,9,2,8,0.25,20.0,99.3,1066.2189,0.0,0,0.0,0.0
1311.0,A,RUNNING,1307.376,7,9,2,8,0.25,20.0,99.3,1065.2189,0.0,0,0.0,0.0
1312.0,A,RUNNING,1308.376,7,9,2,8,0.25,20.0,99.3,1064.2189,0.0,0,0.0,0.0
1313.0,A,RUNNING,1309.376,7,9,2,8,0.25,20.0,99.3,1063.2189,0.0,0,0.0,0.0
1314.0,A,RUNNING,1310.376,7,9,2,8,0.25,20.0,99.3,1062.2189,0.0,0,0.0,0.0
1315.0,A,RUNNING,1311.376,7,9,2,8,0.25,20.0,99.3,1061.2189,0.0,0,0.0,0.0
1316.0,A,RUNNING,1312.376,7,9,2,8,0.25,20.0,99.3,1060.2189,0.0,0,0.0,0.0
1317.0,A,RUNNING,1313.376,7,9,2,8,0.25,20.0,99.3,1059.2189,0.0,0,0.0,0.0
1318.0,A,RUNNING,1314.376,7,9,2,8,0.25,20.0,99.3,1058.2189,0.0,0,0.0,0.0
1319.0,A,RUNNING,1315.376,7,9,2,8,0.25,20.0,99.3,1057.2189,0.0,0,0.0,0.0
1320.0,A,RUNNING,1316.376,7,9,2,8,0.25,20.0,99.3,1056.2189,0.0,0,0.0,0.0
1321.0,A,RUNNING,1317.376,7,9,2,8,0.25,20.0,99.3,1055.2189,0.0,0,0.0,0.0
1322.0,A,RUNNING,1318.376,7,9,2,8,0.25,20.0,99.3,1054.2189,0.0,0,0.0,0.0
1323.0,A,RUNNING,1319.376,7,9,2,8,0.25,20.0,99.3,1053.2189,0.0,0,0.0,0.0
1324.0,A,RUNNING,1320.376,7,9,2,8,0.25,20.0,99.3,1052.2189,0.0,0,0.0,0.0
1325.0,A,RUNNING,1321.376,7,9,2,8,0.25,20.0,99.3,1051.2189,0.0,0,0.0,0.0
1326.0,A,RUNNING,1322.376,7,9,2,8,0.25,20.0,99.3,1050.2189,0.0,0,0.0,0.0
1327.0,A,RUNNING,1323.376,7,9,2,8,0.25,20.0,99.3,1049.2189,0.0,0,0.0,0.0
1328.0,A,RUNNING,1324.376,7,9,2,8,0.25,20.0,99.3,1048.2189,0.0,0,0.0,0.0
1329.0,A,RUNNING,1325.376,7,9,2,8,0.25,20.0,99.3,1047.2189,0.0,0,0.0,0.0
1330.0,A,RUNNING,1326.376,7,9,2,8,0.25,20.0,99.3,1046.2189,0.0,0,0.0,0.0
1331.0,A,RUNNING,1327.376,7,9,2,8,0.25,20.0,99.3,1045.2189,0.0,0,0.0,0.0
1332.0,A,RUNNING,1328.376,7,9,2,8,0.25,20.0,99.3,1044.2189,0.0,0,0.0,0.0
1333.0,A,RUNNING,1329.376,7,9,2,8,0.25,20.0,99.3,1043.2189,0.0,0,0.0,0.0
1334.0,A,RUNNING,1330.376,7,9,2,8,0.25,20.0,99.3,1042.2189,0.0,0,0.0,0.0
1335.0,A,RUNNING,1331.376,7,9,2,8,0.25,20.0,99.3,1041.2189,0.0,0,0.0,0.0
1336.0,A,RUNNING,1332.376,7,9,2,8,0.25,20.0,99.3,1040.2189,0.0,0,0.0,0.0
1337.0,A,RUNNING,1333.376,7,9,2,8,0.25,20.0,99.3,1039.2189,0.0,0,0.0,0.0
1338.0,A,RUNNING,1334.376,7,9,2,8,0.25,20.0,99.3,1038.2189,0.0,0,0.0,0.0
1339.0,A,RUNNING,1335.376,7,9,2,8,0.25,20.0,99.3,1037.2189,0.0,0,0.0,0.0
1340.0,A,RUNNING,1336.376,7,9,2,8,0.25,20.0,99.3,1036.2189,0.0,0,0.0,0.0
1341.0,A,RUNNING,1337.376,7,9,2,8,0.25,20.0,99.3,1035.2189,0.0,0,0.0,0.0
1342.0,A,RUNNING,1338.376,7,9,2,8,0.25,20.0,99.3,1034.2189,0.0,0,0.0,0.0
1343.0,A,RUNNING,1339.376,7,9,2,8,0.25,20.0,99.3,1033.2189,0.0,0,0.0,0.0
1344.0,A,RUNNING,1340.376,7,9,2,8,0.25,20.0,99.3,1032.2189,0.0,0,0.0,0.0
1345.0,A,RUNNING,1341.376,7,9,2,8,0.25,20.0,99.3,1031.2189,0.0,0,0.0,0.0
1346.0,A,RUNNING,1342.376,7,9,2,8,0.25,20.0,99.3,1030.2189,0.0,0,0.0,0.0
1347.0,A,RUNNING,1343.376,7,9,2,8,0.25,20.0,99.3,1029.2189,0.0,0,0.0,0.0
1348.0,A,RUNNING,1344.376,7,9,2,8,0.25,20.0,99.3,1028.2189,0.0,0,0.0,0.0
1349.0,A,RUNNING,1345.38,7,9,2,8,0.25,20.0,99.3,1027.2149,0.0,0,0.0,0.0
1350.0,A,RUNNING,1346.376,7,9,2,8,0.25,20.0,99.3,1026.2189,0.0,0,0.0,0.0
1351.0,A,RUNNING,1347.376,7,9,2,8,0.25,20.0,99.3,1025.2189,0.0,0,0.0,0.0
1352.0,A,RUNNING,1348.376,7,9,2,8,0.25,20.0,99.3,1024.2189,0.0,0,0.0,0.0
1353.0,A,RUNNING,1349.376,7,9,2,8,0.25,20.0,99.3,1023.2189,0.0,0,0.0,0.0
1354.0,A,RUNNING,1350.376,7,9,2,8,0.25,20.0,99.3,1022.2189,0.0,0,0.0,0.0
1355.0,A,RUNNING,1351.376,7,9,2,8,0.25,20.0,99.3,1021.2189,0.0,0,0.0,0.0
1356.0,A,RUNNING,1352.376,7,9,2,8,0.25,20.0,99.3,1020.2189,0.0,0,0.0,0.0
1357.0,A,RUNNING,1353.376,7,9,2,8,0.25,20.0,99.3,1019.2189,0.0,0,0.0,0.0
1358.0,A,RUNNING,1354.376,7,9,2,8,0.25,20.0,99.3,1018.2189,0.0,0,0.0,0.0
1359.0,A,RUNNING,1355.376,7,9,2,8,0.25,20.0,99.3,1017.2189,0.0,0,0.0,0.0
1360.0,A,RUNNING,1356.376,7,9,2,8,0.25,20.0,99.3,1016.2189,0.0,0,0.0,0.0
1361.0,A,RUNNING,1357.376,7,9,2,8,0.25,20.0,99.3,1015.2189,0.0,0,0.0,0.0
1362.0,A,RUNNING,1358.376,7,9,2,8,0.25,20.0,99.3,1014.2189,0.0,0,0.0,0.0
1363.0,A,RUNNING,1359.376,7,9,2,8,0.25,20.0,99.3,1013.2189,0.0,0,0.0,0.0
1364.0,A,RUNNING,1360.376,7,9,2,8,0.25,20.0,99.3,1012.2189,0.0,0,0.0,0.0
1365.0,A,RUNNING,1361.376,7,9,2,8,0.25,20.0,99.3,1011.2189,0.0,0,0.0,0.0
1366.0,A,RUNNING,1362.376,7,9,2,8,0.25,20.0,99.3,1010.2189,0.0,0,0.0,0.0
1367.0,A,RUNNING,1363.376,7,9,2,8,0.25,20.0,99.3,1009.2189,0.0,0,0.0,0.0
1368.0,A,RUNNING,1364.376,7,9,2,8,0.25,20.0,99.3,1008.2189,0.0,0,0.0,0.0
1369.0,A,RUNNING,1365.376,7,9,2,8,0.25,20.0,99.3,1007.2189,0.0,0,0.0,0.0
1370.0,A,RUNNING,1366.376,7,9,2,8,0.25,20.0,99.3,1006.2189,0.0,0,0.0,0.0
1371.0,A,RUNNING,1367.376,7,9,2,8,0.25,20.0,99.3,1005.2189,0.0,0,0.0,0.0
1372.0,A,RUNNING,1368.376,7,9,2,8,0.25,20.0,99.3,1004.2189,0.0,0,0.0,0.0
1373.0,A,RUNNING,1369.376,7,9,2,8,0.25,20.0,99.3,1003.2189,0.0,0,0.0,0.0
1374.0,A,RUNNING,1370.376,7,9,2,8,0.25,20.0,99.3,1002.2189,0.0,0,0.0,0.0
1375.0,A,RUNNING,1371.376,7,9,2,8,0.25,20.0,99.3,1001.2189,0.0,0,0.0,0.0
1376.0,A,RUNNING,1372.376,7,9,2,8,0.25,20.0,99.3,1000.2189,0.0,0,0.0,0.0
1377.0,A,RUNNING,1373.376,7,9,2,8,0.25,20.0,99.3,999.2189,0.0,0,0.0,0.0
1378.0,A,RUNNING,1374.376,7,9,2,8,0.25,20.0,99.3,998.2189,0.0,0,0.0,0.0
1379.0,A,RUNNING,1375.376,7,9,2,8,0.25,20.0,99.3,997.2189,0.0,0,0.0,0.0
1380.0,A,RUNNING,1376.376,7,9,2,8,0.25,20.0,99.3,996.2189,0.0,0,0.0,0.0
1381.0,A,RUNNING,1377.376,7,9,2,8,0.25,20.0,99.3,995.2189,0.0,0,0.0,0.0
1382.0,A,RUNNING,1378.376,7,9,2,8,0.25,20.0,99.3,994.2189,0.0,0,0.0,0.0
1383.0,A,RUNNING,1379.376,7,9,2,8,0.25,20.0,99.3,993.2189,0.0,0,0.0,0.0
1384.0,A,RUNNING,1380.376,7,9,2,8,0.25,20.0,99.3,992.2189,0.0,0,0.0,0.0
1385.0,A,RUNNING,1381.376,7,9,2,8,0.25,20.0,99.3,991.2189,0.0,0,0.0,0.0
1386.0,A,RUNNING,1382.376,7,9,2,8,0.25,20.0,99.3,990.2189,0.0,0,0.0,0.0
1387.0,A,RUNNING,1383.376,7,9,2,8,0.25,20.0,99.3,989.2189,0.0,0,0.0,0.0
1388.0,A,RUNNING,1384.376,7,9,2,8,0.25,20.0,99.3,988.2189,0.0,0,0.0,0.0
1389.0,A,RUNNING,1385.376,7,9,2,8,0.25,20.0,99.3,987.2189,0.0,0,0.0,0.0
1390.0,A,RUNNING,1386.376,7,9,2,8,0.25,20.0,99.3,986.2189,0.0,0,0.0,0.0
1391.0,A,RUNNING,1387.376,7,9,2,8,0.25,20.0,99.3,985.2189,0.0,0,0.0,0.0
1392.0,A,RUNNING,1388.376,7,9,2,8,0.25,20.0,99.3,984.2189,0.0,0,0.0,0.0
1393.0,A,RUNNING,1389.376,7,9,2,8,0.25,20.0,99.3,983.2189,0.0,0,0.0,0.0
1394.0,A,RUNNING,1390.376,7,9,2,8,0.25,20.0,99.3,982.2189,0.0,0,0.0,0.0
1395.0,A,RUNNING,1391.376,7,9,2,8,0.25,20.0,99.3,981.2189,0.0,0,0.0,0.0
1396.0,A,RUNNING,1392.376,7,9,2,8,0.25,20.0,99.3,980.2189,0.0,0,0.0,0.0
1397.0,A,RUNNING,1393.376,7,9,2,8,0.25,20.0,99.3,979.2189,0.0,0,0.0,0.0
1398.0,A,RUNNING,1394.376,7,9,2,8,0.25,20.0,99.3,978.2189,0.0,0,0.0,0.0
1399.0,A,RUNNING,1395.376,7,9,2,8,0.25,20.0,99.3,977.2189,0.0,0,0.0,0.0
1400.0,A,RUNNING,1396.376,7,9,2,8,0.25,20.0,99.3,976.2189,0.0,0,0.0,0.0
1401.0,A,RUNNING,1397.376,7,9,2,8,0.25,20.0,99.3,975.2189,0.0,0,0.0,0.0
1402.0,A,RUNNING,1398.376,7,9,2,8,0.25,20.0,99.3,974.2189,0.0,0,0.0,0.0
1403.0,A,RUNNING,1399.376,7,9,2,8,0.25,20.0,99.3,973.2189,0.0,0,0.0,0.0
1404.0,A,RUNNING,1400.376,7,9,2,8,0.25,20.0,99.3,972.2189,0.0,0,0.0,0.0
1405.0,A,RUNNING,1401.376,7,9,2,8,0.25,20.0,99.3,971.2189,0.0,0,0.0,0.0
1406.0,A,RUNNING,1402.376,7,9,2,8,0.25,20.0,99.3,970.2189,0.0,0,0.0,0.0
1407.0,A,RUNNING,1403.376,7,9,2,8,0.25,20.0,99.3,969.2189,0.0,0,0.0,0.0
1408.0,A,RUNNING,1404.376,7,9,2,8,0.25,20.0,99.3,968.2189,0.0,0,0.0,0.0
1409.0,A,RUNNING,1405.376,7,9,2,8,0.25,20.0,99.3,967.2189,0.0,0,0.0,0.0
1410.0,A,RUNNING,1406.376,7,9,2,8,0.25,20.0,99.3,966.2189,0.0,0,0.0,0.0
1411.0,A,RUNNING,1407.376,7,9,2,8,0.25,20.0,99.3,965.2189,0.0,0,0.0,0.0
1412.0,A,RUNNING,1408.376,7,9,2,8,0.25,20.0,99.3,964.2189,0.0,0,0.0,0.0
1413.0,A,RUNNING,1409.376,7,9,2,8,0.25,20.0,99.3,963.2189,0.0,0,0.0,0.0
1414.0,A,RUNNING,1410.376,7,9,2,8,0.25,20.0,99.3,962.2189,0.0,0,0.0,0.0
1415.0,A,RUNNING,1411.376,7,9,2,8,0.25,20.0,99.3,961.2189,0.0,0,0.0,0.0
1416.0,A,RUNNING,1412.376,7,9,2,8,0.25,20.0,99.3,960.2189,0.0,0,0.0,0.0
1417.0,A,RUNNING,1413.376,7,9,2,8,0.25,20.0,99.3,959.2189,0.0,0,0.0,0.0
1418.0,A,RUNNING,1414.376,7,9,2,8,0.25,20.0,99.3,958.2189,0.0,0,0.0,0.0
1419.0,A,RUNNING,1415.376,7,9,2,8,0.25,20.0,99.3,957.2189,0.0,0,0.0,0.0
1420.0,A,RUNNING,1416.376,7,9,2,8,0.25,20.0,99.3,956.2189,0.0,0,0.0,0.0
1421.0,A,RUNNING,1417.376,7,9,2,8,0.25,20.0,99.3,955.2189,0.0,0,0.0,0.0
1422.0,A,RUNNING,1418.376,7,9,2,8,0.25,20.0,99.3,954.2189,0.0,0,0.0,0.0
1423.0,A,RUNNING,1419.376,7,9,2,8,0.25,20.0,99.3,953.2189,0.0,0,0.0,0.0
1424.0,A,RUNNING,1420.376,7,9,2,8,0.25,20.0,99.3,952.2189,0.0,0,0.0,0.0
1425.0,A,RUNNING,1421.376,7,9,2,8,0.25,20.0,99.3,951.2189,0.0,0,0.0,0.0
1426.0,A,RUNNING,1422.376,7,9,2,8,0.25,20.0,99.3,950.2189,0.0,0,0.0,0.0
1427.0,A,RUNNING,1423.376,7,9,2,8,0.25,20.0,99.3,949.2189,0.0,0,0.0,0.0
1428.0,A,RUNNING,1424.376,7,9,2,8,0.25,20.0,99.3,948.2189,0.0,0,0.0,0.0
1429.0,A,RUNNING,1425.376,7,9,2,8,0.25,20.0,99.3,947.2189,0.0,0,0.0,0.0
1430.0,A,RUNNING,1426.376,7,9,2,8,0.25,20.0,99.3,946.2189,0.0,0,0.0,0.0
1431.0,A,RUNNING,1427.376,7,9,2,8,0.25,20.0,99.3,945.2189,0.0,0,0.0,0.0
1432.0,A,RUNNING,1428.376,7,9,2,8,0.25,20.0,99.3,944.2189,0.0,0,0.0,0.0
1433.0,A,RUNNING,1429.376,7,9,2,8,0.25,20.0,99.3,943.2189,0.0,0,0.0,0.0
1434.0,A,RUNNING,1430.376,7,9,2,8,0.25,20.0,99.3,942.2189,0.0,0,0.0,0.0
1435.0,A,RUNNING,1431.376,7,9,2,8,0.25,20.0,99.3,941.2189,0.0,0,0.0,0.0
1436.0,A,RUNNING,1432.376,7,9,2,8,0.25,20.0,99.3,940.2189,0.0,0,0.0,0.0
1437.0,A,RUNNING,1433.376,7,9,2,8,0.25,20.0,99.3,939.2189,0.0,0,0.0,0.0
1438.0,A,RUNNING,1434.376,7,9,2,8,0.25,20.0,99.3,938.2189,0.0,0,0.0,0.0
1439.0,A,RUNNING,1435.376,7,9,2,8,0.25,20.0,99.3,937.2189,0.0,0,0.0,0.0
1440.0,A,RUNNING,1436.376,7,9,2,8,0.25,20.0,99.3,936.2189,0.0,0,0.0,0.0
1441.0,A,RUNNING,1437.376,7,9,2,8,0.25,20.0,99.3,935.2189,0.0,0,0.0,0.0
1442.0,A,RUNNING,1438.376,7,9,2,8,0.25,20.0,99.3,934.2189,0.0,0,0.0,0.0
1443.0,A,RUNNING,1439.376,7,9,2,8,0.25,20.0,99.3,933.2189,0.0,0,0.0,0.0
1444.0,A,RUNNING,1440.376,7,9,2,8,0.25,20.0,99.3,932.2189,0.0,0,0.0,0.0
1445.0,A,RUNNING,1441.376,7,9,2,8,0.25,20.0,99.3,931.2189,0.0,0,0.0,0.0
1446.0,A,RUNNING,1442.376,7,9,2,8,0.25,20.0,99.3,930.2189,0.0,0,0.0,0.0
1447.0,A,RUNNING,1443.376,7,9,2,8,0.25,20.0,99.3,929.2189,0.0,0,0.0,0.0
1448.0,A,RUNNING,1444.376,7,9,2,8,0.25,20.0,99.3,928.2189,0.0,0,0.0,0.0
1449.0,A,RUNNING,1445.38,7,9,2,8,0.25,20.0,99.3,927.2149,0.0,0,0.0,0.0
1450.0,A,RUNNING,1446.376,7,9,2,8,0.25,20.0,99.3,926.2189,0.0,0,0.0,0.0
1451.0,A,RUNNING,1447.376,7,9,2,8,0.25,20.0,99.3,925.2189,0.0,0,0.0,0.0
1452.0,A,RUNNING,1448.376,7,9,2,8,0.25,20.0,99.3,924.2189,0.0,0,0.0,0.0
1453.0,A,RUNNING,1449.376,7,9,2,8,0.25,20.0,99.3,923.2189,0.0,0,0.0,0.0
1454.0,A,RUNNING,1450.376,7,9,2,8,0.25,20.0,99.3,922.2189,0.0,0,0.0,0.0
1455.0,A,RUNNING,1451.376,7,9,2,8,0.25,20.0,99.3,921.2189,0.0,0,0.0,0.0
1456.0,A,RUNNING,1452.376,7,9,2,8,0.25,20.0,99.3,920.2189,0.0,0,0.0,0.0
1457.0,A,RUNNING,1453.376,7,9,2,8,0.25,20.0,99.3,919.2189,0.0,0,0.0,0.0
1458.0,A,RUNNING,1454.376,7,9,2,8,0.25,20.0,99.3,918.2189,0.0,0,0.0,0.0
1459.0,A,RUNNING,1455.376,7,9,2,8,0.25,20.0,99.3,917.2189,0.0,0,0.0,0.0
1460.0,A,RUNNING,1456.38,7,9,2,8,0.25,20.0,99.3,916.2149,0.0,0,0.0,0.0
1461.0,A,RUNNING,1457.376,7,9,2,8,0.25,20.0,99.3,915.2189,0.0,0,0.0,0.0
1462.0,A,RUNNING,1458.376,7,9,2,8,0.25,20.0,99.3,914.2189,0.0,0,0.0,0.0
1463.0,A,RUNNING,1459.376,7,9,2,8,0.25,20.0,99.3,913.2189,0.0,0,0.0,0.0
1464.0,A,RUNNING,1460.376,7,9,2,8,0.25,20.0,99.3,912.2189,0.0,0,0.0,0.0
1465.0,A,RUNNING,1461.376,7,9,2,8,0.25,20.0,99.3,911.2189,0.0,0,0.0,0.0
1466.0,A,RUNNING,1462.376,7,9,2,8,0.25,20.0,99.3,910.2189,0.0,0,0.0,0.0
1467.0,A,RUNNING,1463.376,7,9,2,8,0.25,20.0,99.3,909.2189,0.0,0,0.0,0.0
1468.0,A,RUNNING,1464.376,7,9,2,8,0.25,20.0,99.3,908.2189,0.0,0,0.0,0.0
1469.0,A,RUNNING,1465.376,7,9,2,8,0.25,20.0,99.3,907.2189,0.0,0,0.0,0.0
1470.0,A,RUNNING,1466.376,7,9,2,8,0.25,20.0,99.3,906.2189,0.0,0,0.0,0.0
1471.0,A,RUNNING,1467.376,7,9,2,8,0.25,20.0,99.3,905.2189,0.0,0,0.0,0.0
1472.0,A,RUNNING,1468.376,7,9,2,8,0.25,20.0,99.3,904.2189,0.0,0,0.0,0.0
1473.0,A,RUNNING,1469.376,7,9,2,8,0.25,20.0,99.3,903.2189,0.0,0,0.0,0.0
1474.0,A,RUNNING,1470.376,7,9,2,8,0.25,20.0,99.3,902.2189,0.0,0,0.0,0.0
1475.0,A,RUNNING,1471.376,7,9,2,8,0.25,20.0,99.3,901.2189,0.0,0,0.0,0.0
1476.0,A,RUNNING,1472.376,7,9,2,8,0.25,20.0,99.3,900.2189,0.0,0,0.0,0.0
1477.0,A,RUNNING,1473.376,8,9,3,8,0.375,20.0,99.2,913.52,0.0,0,0.0,0.0
1478.0,A,RUNNING,1474.376,8,9,3,8,0.375,20.0,99.2,912.52,0.0,0,0.0,0.0
1479.0,A,RUNNING,1475.376,8,9,3,8,0.375,20.0,99.2,911.52,0.0,0,0.0,0.0
1480.0,A,RUNNING,1476.376,8,9,3,8,0.375,20.0,99.2,910.52,0.0,0,0.0,0.0
1481.0,A,RUNNING,1477.376,8,9,3,8,0.375,20.0,99.2,909.52,0.0,0,0.0,0.0
1482.0,A,RUNNING,1478.376,8,9,3,8,0.375,20.0,99.2,908.52,0.0,0,0.0,0.0
1483.0,A,RUNNING,1479.376,8,9,3,8,0.375,20.0,99.2,907.52,0.0,0,0.0,0.0
1484.0,A,RUNNING,1480.376,8,9,3,8,0.375,20.0,99.2,906.52,0.0,0,0.0,0.0
1485.0,A,RUNNING,1481.376,8,9,3,8,0.375,20.0,99.2,905.52,0.0,0,0.0,0.0
1486.0,A,RUNNING,1482.376,8,9,3,8,0.375,20.0,99.2,904.52,0.0,0,0.0,0.0
1487.0,A,RUNNING,1483.376,8,9,3,8,0.375,20.0,99.2,903.52,0.0,0,0.0,0.0
1488.0,A,RUNNING,1484.376,8,9,3,8,0.375,20.0,99.2,902.52,0.0,0,0.0,0.0
1489.0,A,RUNNING,1485.376,8,9,3,8,0.375,20.0,99.2,901.52,0.0,0,0.0,0.0
1490.0,A,RUNNING,1486.376,8,9,3,8,0.375,20.0,99.2,900.52,0.0,0,0.0,0.0
1491.0,A,RUNNING,1487.376,8,9,3,8,0.375,20.0,99.2,899.52,0.0,0,0.0,0.0
1492.0,A,RUNNING,1488.376,8,9,3,8,0.375,20.0,99.2,898.52,0.0,0,0.0,0.0
1493.0,A,RUNNING,1489.376,8,9,3,8,0.375,20.0,99.2,897.52,0.0,0,0.0,0.0
1494.0,A,RUNNING,1490.376,8,9,3,8,0.375,20.0,99.2,896.52,0.0,0,0.0,0.0
1495.0,A,RUNNING,1491.376,8,9,3,8,0.375,20.0,99.2,895.52,0.0,0,0.0,0.0
1496.0,A,RUNNING,1492.376,8,9,3,8,0.375,20.0,99.2,894.52,0.0,0,0.0,0.0
1497.0,A,RUNNING,1493.376,8,9,3,8,0.375,20.0,99.2,893.52,0.0,0,0.0,0.0
1498.0,A,RUNNING,1494.376,8,9,3,8,0.375,20.0,99.2,892.52,0.0,0,0.0,0.0
1499.0,A,RUNNING,1495.376,8,9,3,8,0.375,20.0,99.2,891.52,0.0,0,0.0,0.0
1500.0,A,RUNNING,1496.376,8,9,3,8,0.375,20.0,99.2,890.52,0.0,0,0.0,0.0
1501.0,A,RUNNING,1497.376,8,9,3,8,0.375,20.0,99.2,889.52,0.0,0,0.0,0.0
1502.0,A,RUNNING,1498.376,8,9,3,8,0.375,20.0,99.2,888.52,0.0,0,0.0,0.0
1503.0,A,RUNNING,1499.376,8,9,3,8,0.375,20.0,99.2,887.52,0.0,0,0.0,0.0
1504.0,A,RUNNING,1500.376,8,9,3,8,0.375,20.0,99.2,886.52,0.0,0,0.0,0.0
1505.0,A,RUNNING,1501.376,8,9,3,8,0.375,20.0,99.2,885.52,0.0,0,0.0,0.0
1506.0,A,RUNNING,1502.376,8,9,3,8,0.375,20.0,99.2,884.52,0.0,0,0.0,0.0
1507.0,A,RUNNING,1503.376,8,9,3,8,0.375,20.0,99.2,883.52,0.0,0,0.0,0.0
1508.0,A,RUNNING,1504.376,8,9,3,8,0.375,20.0,99.2,882.52,0.0,0,0.0,0.0
1509.0,A,RUNNING,1505.376,8,9,3,8,0.375,20.0,99.2,881.52,0.0,0,0.0,0.0
1510.0,A,RUNNING,1506.376,8,9,3,8,0.375,20.0,99.2,880.52,0.0,0,0.0,0.0
1511.0,A,RUNNING,1507.376,8,9,3,8,0.375,20.0,99.2,879.52,0.0,0,0.0,0.0
1512.0,A,RUNNING,1508.376,8,9,3,8,0.375,20.0,99.2,878.52,0.0,0,0.0,0.0
1513.0,A,RUNNING,1509.376,8,9,3,8,0.375,20.0,99.2,877.52,0.0,0,0.0,0.0
1514.0,A,RUNNING,1510.376,8,9,3,8,0.375,20.0,99.2,876.52,0.0,0,0.0,0.0
1515.0,A,RUNNING,1511.376,8,9,3,8,0.375,20.0,99.2,875.52,0.0,0,0.0,0.0
1516.0,A,RUNNING,1512.376,8,9,3,8,0.375,20.0,99.2,874.52,0.0,0,0.0,0.0
1517.0,A,RUNNING,1513.376,8,9,3,8,0.375,20.0,99.2,873.52,0.0,0,0.0,0.0
1518.0,A,RUNNING,1514.376,8,9,3,8,0.375,20.0,99.2,872.52,0.0,0,0.0,0.0
1519.0,A,RUNNING,1515.376,8,9,3,8,0.375,20.0,99.2,871.52,0.0,0,0.0,0.0
1520.0,A,RUNNING,1516.376,8,9,3,8,0.375,20.0,99.2,870.52,0.0,0,0.0,0.0
1521.0,A,RUNNING,1517.376,8,9,3,8,0.375,20.0,99.2,869.52,0.0,0,0.0,0.0
1522.0,A,RUNNING,1518.376,8,9,3,8,0.375,20.0,99.2,868.52,0.0,0,0.0,0.0
1523.0,A,RUNNING,1519.376,8,9,3,8,0.375,20.0,99.2,867.52,0.0,0,0.0,0.0
1524.0,A,RUNNING,1520.376,8,9,3,8,0.375,20.0,99.2,866.52,0.0,0,0.0,0.0
1525.0,A,RUNNING,1521.376,8,9,3,8,0.375,20.0,99.2,865.52,0.0,0,0.0,0.0
1526.0,A,RUNNING,1522.376,8,9,3,8,0.375,20.0,99.2,864.52,0.0,0,0.0,0.0
1527.0,A,RUNNING,1523.376,8,9,3,8,0.375,20.0,99.2,863.52,0.0,0,0.0,0.0
1528.0,A,RUNNING,1524.376,8,9,3,8,0.375,20.0,99.2,862.52,0.0,0,0.0,0.0
1529.0,A,RUNNING,1525.376,8,9,3,8,0.375,20.0,99.2,861.52,0.0,0,0.0,0.0
1530.0,A,RUNNING,1526.376,8,9,3,8,0.375,20.0,99.2,860.52,0.0,0,0.0,0.0
1531.0,A,RUNNING,1527.376,8,9,3,8,0.375,20.0,99.2,859.52,0.0,0,0.0,0.0
1532.0,A,RUNNING,1528.376,8,9,3,8,0.375,20.0,99.2,858.52,0.0,0,0.0,0.0
1533.0,A,RUNNING,1529.376,8,9,3,8,0.375,20.0,99.2,857.52,0.0,0,0.0,0.0
1534.0,A,RUNNING,1530.376,8,9,3,8,0.375,20.0,99.2,856.52,0.0,0,0.0,0.0
1535.0,A,RUNNING,1531.376,8,9,3,8,0.375,20.0,99.2,855.52,0.0,0,0.0,0.0
1536.0,A,RUNNING,1532.376,8,9,3,8,0.375,20.0,99.2,854.52,0.0,0,0.0,0.0
1537.0,A,RUNNING,1533.376,8,9,3,8,0.375,20.0,99.2,853.52,0.0,0,0.0,0.0
1538.0,A,RUNNING,1534.376,8,9,3,8,0.375,20.0,99.2,852.52,0.0,0,0.0,0.0
1539.0,A,RUNNING,1535.376,8,9,3,8,0.375,20.0,99.2,851.52,0.0,0,0.0,0.0
1540.0,A,RUNNING,1536.376,8,9,3,8,0.375,20.0,99.2,850.52,0.0,0,0.0,0.0
1541.0,A,RUNNING,1537.376,8,9,3,8,0.375,20.0,99.2,849.52,0.0,0,0.0,0.0
1542.0,A,RUNNING,1538.376,8,9,3,8,0.375,20.0,99.2,848.52,0.0,0,0.0,0.0
1543.0,A,RUNNING,1539.376,8,9,3,8,0.375,20.0,99.2,847.52,0.0,0,0.0,0.0
1544.0,A,RUNNING,1540.376,8,9,3,8,0.375,20.0,99.2,846.52,0.0,0,0.0,0.0
1545.0,A,RUNNING,1541.376,8,9,3,8,0.375,20.0,99.2,845.52,0.0,0,0.0,0.0
1546.0,A,RUNNING,1542.376,8,9,3,8,0.375,20.0,99.2,844.52,0.0,0,0.0,0.0
1547.0,A,RUNNING,1543.376,8,9,3,8,0.375,20.0,99.2,843.52,0.0,0,0.0,0.0
1548.0,A,RUNNING,1544.376,8,9,3,8,0.375,20.0,99.2,842.52,0.0,0,0.0,0.0
1549.0,A,RUNNING,1545.376,8,9,3,8,0.375,20.0,99.2,841.52,0.0,0,0.0,0.0
1550.0,A,RUNNING,1546.376,8,9,3,8,0.375,20.0,99.2,840.52,0.0,0,0.0,0.0
1551.0,A,RUNNING,1547.376,8,9,3,8,0.375,20.0,99.2,839.52,0.0,0,0.0,0.0
1552.0,A,RUNNING,1548.376,8,9,3,8,0.375,20.0,99.2,838.52,0.0,0,0.0,0.0
1553.0,A,RUNNING,1549.376,8,9,3,8,0.375,20.0,99.2,837.52,0.0,0,0.0,0.0
1554.0,A,RUNNING,1550.376,8,9,3,8,0.375,20.0,99.2,836.52,0.0,0,0.0,0.0
1555.0,A,RUNNING,1551.376,8,9,3,8,0.375,20.0,99.2,835.52,0.0,0,0.0,0.0
1556.0,A,RUNNING,1552.376,8,9,3,8,0.375,20.0,99.2,834.52,0.0,0,0.0,0.0
1557.0,A,RUNNING,1553.376,8,9,3,8,0.375,20.0,99.2,833.52,0.0,0,0.0,0.0
1558.0,A,RUNNING,1554.376,8,9,3,8,0.375,20.0,99.2,832.52,0.0,0,0.0,0.0
1559.0,A,RUNNING,1555.376,8,9,3,8,0.375,20.0,99.2,831.52,0.0,0,0.0,0.0
1560.0,A,RUNNING,1556.376,8,9,3,8,0.375,20.0,99.2,830.52,0.0,0,0.0,0.0
1561.0,A,RUNNING,1557.376,8,9,3,8,0.375,20.0,99.2,829.52,0.0,0,0.0,0.0
1562.0,A,RUNNING,1558.376,8,9,3,8,0.375,20.0,99.2,828.52,0.0,0,0.0,0.0
1563.0,A,RUNNING,1559.376,8,9,3,8,0.375,20.0,99.2,827.52,0.0,0,0.0,0.0
1564.0,A,RUNNING,1560.376,8,9,3,8,0.375,20.0,99.2,826.52,0.0,0,0.0,0.0
1565.0,A,RUNNING,1561.376,8,9,3,8,0.375,20.0,99.2,825.52,0.0,0,0.0,0.0
1566.0,A,RUNNING,1562.376,8,9,3,8,0.375,20.0,99.2,824.52,0.0,0,0.0,0.0
1567.0,A,RUNNING,1563.376,8,9,3,8,0.375,20.0,99.2,823.52,0.0,0,0.0,0.0
1568.0,A,RUNNING,1564.376,8,9,3,8,0.375,20.0,99.2,822.52,0.0,0,0.0,0.0
1569.0,A,RUNNING,1565.376,8,9,3,8,0.375,20.0,99.2,821.52,0.0,0,0.0,0.0
1570.0,A,RUNNING,1566.376,8,9,3,8,0.375,20.0,99.2,820.52,0.0,0,0.0,0.0
1571.0,A,RUNNING,1567.376,8,9,3,8,0.375,20.0,99.2,819.52,0.0,0,0.0,0.0
1572.0,A,RUNNING,1568.376,8,9,3,8,0.375,20.0,99.2,818.52,0.0,0,0.0,0.0
1573.0,A,RUNNING,1569.376,8,9,3,8,0.375,20.0,99.2,817.52,0.0,0,0.0,0.0
1574.0,A,RUNNING,1570.376,8,9,3,8,0.375,20.0,99.2,816.52,0.0,0,0.0,0.0
1575.0,A,RUNNING,1571.376,8,9,3,8,0.375,20.0,99.2,815.52,0.0,0,0.0,0.0
1576.0,A,RUNNING,1572.376,8,9,3,8,0.375,20.0,99.2,814.52,0.0,0,0.0,0.0
1577.0,A,RUNNING,1573.376,8,9,3,8,0.375,20.0,99.2,813.52,0.0,0,0.0,0.0
1578.0,A,RUNNING,1574.376,8,9,3,8,0.375,20.0,99.2,812.52,0.0,0,0.0,0.0
1579.0,A,RUNNING,1575.376,8,9,3,8,0.375,20.0,99.2,811.52,0.0,0,0.0,0.0
1580.0,A,RUNNING,1576.376,8,9,3,8,0.375,20.0,99.2,810.52,0.0,0,0.0,0.0
1581.0,A,RUNNING,1577.376,8,9,3,8,0.375,20.0,99.2,809.52,0.0,0,0.0,0.0
1582.0,A,RUNNING,1578.376,8,9,3,8,0.375,20.0,99.2,808.52,0.0,0,0.0,0.0
1583.0,A,RUNNING,1579.376,8,9,3,8,0.375,20.0,99.2,807.52,0.0,0,0.0,0.0
1584.0,A,RUNNING,1580.376,8,9,3,8,0.375,20.0,99.2,806.52,0.0,0,0.0,0.0
1585.0,A,RUNNING,1581.376,8,9,3,8,0.375,20.0,99.2,805.52,0.0,0,0.0,0.0
1586.0,A,RUNNING,1582.376,8,9,3,8,0.375,20.0,99.2,804.52,0.0,0,0.0,0.0
1587.0,A,RUNNING,1583.376,8,9,3,8,0.375,20.0,99.2,803.52,0.0,0,0.0,0.0
1588.0,A,RUNNING,1584.376,8,9,3,8,0.375,20.0,99.2,802.52,0.0,0,0.0,0.0
1589.0,A,RUNNING,1585.376,8,9,3,8,0.375,20.0,99.2,801.52,0.0,0,0.0,0.0
1590.0,A,RUNNING,1586.376,8,9,3,8,0.375,20.0,99.2,800.52,0.0,0,0.0,0.0
1591.0,A,RUNNING,1587.376,8,9,3,8,0.375,20.0,99.2,799.52,0.0,0,0.0,0.0
1592.0,A,RUNNING,1588.376,8,9,3,8,0.375,20.0,99.2,798.52,0.0,0,0.0,0.0
1593.0,A,RUNNING,1589.376,8,9,3,8,0.375,20.0,99.2,797.52,0.0,0,0.0,0.0
1594.0,A,RUNNING,1590.376,8,9,3,8,0.375,20.0,99.2,796.52,0.0,0,0.0,0.0
1595.0,A,RUNNING,1591.376,8,9,3,8,0.375,20.0,99.2,795.52,0.0,0,0.0,0.0
1596.0,A,RUNNING,1592.376,8,9,3,8,0.375,20.0,99.2,794.52,0.0,0,0.0,0.0
1597.0,A,RUNNING,1593.376,8,9,3,8,0.375,20.0,99.2,793.52,0.0,0,0.0,0.0
1598.0,A,RUNNING,1594.376,8,9,3,8,0.375,20.0,99.2,792.52,0.0,0,0.0,0.0
1599.0,A,RUNNING,1595.376,8,9,3,8,0.375,20.0,99.2,791.52,0.0,0,0.0,0.0
1600.0,A,RUNNING,1596.376,8,9,3,8,0.375,20.0,99.2,790.52,0.0,0,0.0,0.0
1601.0,A,RUNNING,1597.376,8,9,3,8,0.375,20.0,99.2,789.52,0.0,0,0.0,0.0
1602.0,A,RUNNING,1598.376,8,9,3,8,0.375,20.0,99.2,788.52,0.0,0,0.0,0.0
1603.0,A,RUNNING,1599.376,8,9,3,8,0.375,20.0,99.2,787.52,0.0,0,0.0,0.0
1604.0,A,RUNNING,1600.376,8,9,3,8,0.375,20.0,99.2,786.52,0.0,0,0.0,0.0
1605.0,A,RUNNING,1601.376,8,9,3,8,0.375,20.0,99.2,785.52,0.0,0,0.0,0.0
1606.0,A,RUNNING,1602.376,8,9,3,8,0.375,20.0,99.2,784.52,0.0,0,0.0,0.0
1607.0,A,RUNNING,1603.376,8,9,3,8,0.375,20.0,99.2,783.52,0.0,0,0.0,0.0
1608.0,A,RUNNING,1604.376,8,9,3,8,0.375,20.0,99.2,782.52,0.0,0,0.0,0.0
1609.0,A,RUNNING,1605.376,8,9,3,8,0.375,20.0,99.2,781.52,0.0,0,0.0,0.0
1610.0,A,RUNNING,1606.376,8,9,3,8,0.375,20.0,99.2,780.52,0.0,0,0.0,0.0
1611.0,A,RUNNING,1607.376,8,9,3,8,0.375,20.0,99.2,779.52,0.0,0,0.0,0.0
1612.0,A,RUNNING,1608.376,8,9,3,8,0.375,20.0,99.2,778.52,0.0,0,0.0,0.0
1613.0,A,RUNNING,1609.376,8,9,3,8,0.375,20.0,99.2,777.52,0.0,0,0.0,0.0
1614.0,A,RUNNING,1610.376,8,9,3,8,0.375,20.0,99.2,776.52,0.0,0,0.0,0.0
1615.0,A,RUNNING,1611.376,8,9,3,8,0.375,20.0,99.2,775.52,0.0,0,0.0,0.0
1616.0,A,RUNNING,1612.376,8,9,3,8,0.375,20.0,99.2,774.52,0.0,0,0.0,0.0
1617.0,A,RUNNING,1613.376,8,9,3,8,0.375,20.0,99.2,773.52,0.0,0,0.0,0.0
1618.0,A,RUNNING,1614.376,8,9,3,8,0.375,20.0,99.2,772.52,0.0,0,0.0,0.0
1619.0,A,RUNNING,1615.376,8,9,3,8,0.375,20.0,99.2,771.52,0.0,0,0.0,0.0
1620.0,A,RUNNING,1616.376,8,9,3,8,0.375,20.0,99.2,770.52,0.0,0,0.0,0.0
1621.0,A,RUNNING,1617.376,8,9,3,8,0.375,20.0,99.2,769.52,0.0,0,0.0,0.0
1622.0,A,RUNNING,1618.376,8,9,3,8,0.375,20.0,99.2,768.52,0.0,0,0.0,0.0
1623.0,A,RUNNING,1619.376,8,9,3,8,0.375,20.0,99.2,767.52,0.0,0,0.0,0.0
1624.0,A,RUNNING,1620.376,8,9,3,8,0.375,20.0,99.2,766.52,0.0,0,0.0,0.0
1625.0,A,RUNNING,1621.376,8,9,3,8,0.375,20.0,99.2,765.52,0.0,0,0.0,0.0
1626.0,A,RUNNING,1622.376,8,9,3,8,0.375,20.0,99.2,764.52,0.0,0,0.0,0.0
1627.0,A,RUNNING,1623.376,8,9,3,8,0.375,20.0,99.2,763.52,0.0,0,0.0,0.0
1628.0,A,RUNNING,1624.376,8,9,3,8,0.375,20.0,99.2,762.52,0.0,0,0.0,0.0
1629.0,A,RUNNING,1625.376,8,9,3,8,0.375,20.0,99.2,761.52,0.0,0,0.0,0.0
1630.0,A,RUNNING,1626.376,8,9,3,8,0.375,20.0,99.2,760.52,0.0,0,0.0,0.0
1631.0,A,RUNNING,1627.376,8,9,3,8,0.375,20.0,99.2,759.52,0.0,0,0.0,0.0
1632.0,A,RUNNING,1628.376,8,9,3,8,0.375,20.0,99.2,758.52,0.0,0,0.0,0.0
1633.0,A,RUNNING,1629.376,8,9,3,8,0.375,20.0,99.2,757.52,0.0,0,0.0,0.0
1634.0,A,RUNNING,1630.376,8,9,3,8,0.375,20.0,99.2,756.52,0.0,0,0.0,0.0
1635.0,A,RUNNING,1631.376,8,9,3,8,0.375,20.0,99.2,755.52,0.0,0,0.0,0.0
1636.0,A,RUNNING,1632.376,8,9,3,8,0.375,20.0,99.2,754.52,0.0,0,0.0,0.0
1637.0,A,RUNNING,1633.376,8,9,3,8,0.375,20.0,99.2,753.52,0.0,0,0.0,0.0
1638.0,A,RUNNING,1634.376,8,9,3,8,0.375,20.0,99.2,752.52,0.0,0,0.0,0.0
1639.0,A,RUNNING,1635.376,8,9,3,8,0.375,20.0,99.2,751.52,0.0,0,0.0,0.0
1640.0,A,RUNNING,1636.376,8,9,3,8,0.375,20.0,99.2,750.52,0.0,0,0.0,0.0
1641.0,A,RUNNING,1637.376,8,9,3,8,0.375,20.0,99.2,749.52,0.0,0,0.0,0.0
1642.0,A,RUNNING,1638.376,8,9,3,8,0.375,20.0,99.2,748.52,0.0,0,0.0,0.0
1643.0,A,RUNNING,1639.376,8,9,3,8,0.375,20.0,99.2,747.52,0.0,0,0.0,0.0
1644.0,A,RUNNING,1640.376,8,9,3,8,0.375,20.0,99.2,746.52,0.0,0,0.0,0.0
1645.0,A,RUNNING,1641.376,8,9,3,8,0.375,20.0,99.2,745.52,0.0,0,0.0,0.0
1646.0,A,RUNNING,1642.376,8,9,3,8,0.375,20.0,99.2,744.52,0.0,0,0.0,0.0
1647.0,A,RUNNING,1643.376,8,9,3,8,0.375,20.0,99.2,743.52,0.0,0,0.0,0.0
1648.0,A,RUNNING,1644.376,8,9,3,8,0.375,20.0,99.2,742.52,0.0,0,0.0,0.0
1649.0,A,RUNNING,1645.376,8,9,3,8,0.375,20.0,99.2,741.52,0.0,0,0.0,0.0
1650.0,A,RUNNING,1646.376,8,9,3,8,0.375,20.0,99.2,740.52,0.0,0,0.0,0.0
1651.0,A,RUNNING,1647.376,8,9,3,8,0.375,20.0,99.2,739.52,0.0,0,0.0,0.0
1652.0,A,RUNNING,1648.376,8,9,3,8,0.375,20.0,99.2,738.52,0.0,0,0.0,0.0
1653.0,A,RUNNING,1649.376,8,9,3,8,0.375,20.0,99.2,737.52,0.0,0,0.0,0.0
1654.0,A,RUNNING,1650.376,8,9,3,8,0.375,20.0,99.2,736.52,0.0,0,0.0,0.0
1655.0,A,RUNNING,1651.376,8,9,3,8,0.375,20.0,99.2,735.52,0.0,0,0.0,0.0
1656.0,A,RUNNING,1652.376,8,9,3,8,0.375,20.0,99.2,734.52,0.0,0,0.0,0.0
1657.0,A,RUNNING,1653.376,8,9,3,8,0.375,20.0,99.2,733.52,0.0,0,0.0,0.0
1658.0,A,RUNNING,1654.376,8,9,3,8,0.375,20.0,99.2,732.52,0.0,0,0.0,0.0
1659.0,A,RUNNING,1655.376,8,9,3,8,0.375,20.0,99.2,731.52,0.0,0,0.0,0.0
1660.0,A,RUNNING,1656.376,8,9,3,8,0.375,20.0,99.2,730.52,0.0,0,0.0,0.0
1661.0,A,RUNNING,1657.376,8,9,3,8,0.375,20.0,99.2,729.52,0.0,0,0.0,0.0
1662.0,A,RUNNING,1658.376,8,9,3,8,0.375,20.0,99.2,728.52,0.0,0,0.0,0.0
1663.0,A,RUNNING,1659.376,8,9,3,8,0.375,20.0,99.2,727.52,0.0,0,0.0,0.0
1664.0,A,RUNNING,1660.376,8,9,3,8,0.375,20.0,99.2,726.52,0.0,0,0.0,0.0
1665.0,A,RUNNING,1661.376,8,9,3,8,0.375,20.0,99.2,725.52,0.0,0,0.0,0.0
1666.0,A,RUNNING,1662.376,8,9,3,8,0.375,20.0,99.2,724.52,0.0,0,0.0,0.0
1667.0,A,RUNNING,1663.376,8,9,3,8,0.375,20.0,99.2,723.52,0.0,0,0.0,0.0
1668.0,A,RUNNING,1664.376,8,9,3,8,0.375,20.0,99.2,722.52,0.0,0,0.0,0.0
1669.0,A,RUNNING,1665.376,8,9,3,8,0.375,20.0,99.2,721.52,0.0,0,0.0,0.0
1670.0,A,RUNNING,1666.376,8,9,3,8,0.375,20.0,99.2,720.52,0.0,0,0.0,0.0
1671.0,A,RUNNING,1667.376,9,9,4,8,0.5,20.0,99.1,706.5727,0.0,0,0.0,0.0
1672.0,A,RUNNING,1668.376,9,9,4,8,0.5,20.0,99.1,705.5727,0.0,0,0.0,0.0
1673.0,A,RUNNING,1669.376,9,9,4,8,0.5,20.0,99.1,704.5727,0.0,0,0.0,0.0
1674.0,A,RUNNING,1670.38,9,9,4,8,0.5,20.0,99.1,703.5687,0.0,0,0.0,0.0
1675.0,A,RUNNING,1671.376,9,9,4,8,0.5,20.0,99.1,702.5727,0.0,0,0.0,0.0
1676.0,A,RUNNING,1672.376,9,9,4,8,0.5,20.0,99.1,701.5727,0.0,0,0.0,0.0
1677.0,A,RUNNING,1673.376,9,9,4,8,0.5,20.0,99.1,700.5727,0.0,0,0.0,0.0
1678.0,A,RUNNING,1674.376,9,9,4,8,0.5,20.0,99.1,699.5727,0.0,0,0.0,0.0
1679.0,A,RUNNING,1675.376,9,9,4,8,0.5,20.0,99.1,698.5727,0.0,0,0.0,0.0
1680.0,A,RUNNING,1676.376,9,9,4,8,0.5,20.0,99.1,697.5727,0.0,0,0.0,0.0
1681.0,A,RUNNING,1677.376,9,9,4,8,0.5,20.0,99.1,696.5727,0.0,0,0.0,0.0
1682.0,A,RUNNING,1678.376,9,9,4,8,0.5,20.0,99.1,695.5727,0.0,0,0.0,0.0
1683.0,A,RUNNING,1679.376,9,9,4,8,0.5,20.0,99.1,694.5727,0.0,0,0.0,0.0
1684.0,A,RUNNING,1680.376,9,9,4,8,0.5,20.0,99.1,693.5727,0.0,0,0.0,0.0
1685.0,A,RUNNING,1681.376,9,9,4,8,0.5,20.0,99.1,692.5727,0.0,0,0.0,0.0
1686.0,A,RUNNING,1682.376,9,9,4,8,0.5,20.0,99.1,691.5727,0.0,0,0.0,0.0
1687.0,A,RUNNING,1683.376,9,9,4,8,0.5,20.0,99.1,690.5727,0.0,0,0.0,0.0
1688.0,A,RUNNING,1684.376,9,9,4,8,0.5,20.0,99.1,689.5727,0.0,0,0.0,0.0
1689.0,A,RUNNING,1685.376,9,9,4,8,0.5,20.0,99.1,688.5727,0.0,0,0.0,0.0
1690.0,A,RUNNING,1686.376,9,9,4,8,0.5,20.0,99.1,687.5727,0.0,0,0.0,0.0
1691.0,A,RUNNING,1687.376,9,9,4,8,0.5,20.0,99.1,686.5727,0.0,0,0.0,0.0
1692.0,A,RUNNING,1688.376,9,9,4,8,0.5,20.0,99.1,685.5727,0.0,0,0.0,0.0
1693.0,A,RUNNING,1689.376,9,9,4,8,0.5,20.0,99.1,684.5727,0.0,0,0.0,0.0
1694.0,A,RUNNING,1690.376,9,9,4,8,0.5,20.0,99.1,683.5727,0.0,0,0.0,0.0
1695.0,A,RUNNING,1691.376,9,9,4,8,0.5,20.0,99.1,682.5727,0.0,0,0.0,0.0
1696.0,A,RUNNING,1692.376,9,9,4,8,0.5,20.0,99.1,681.5727,0.0,0,0.0,0.0
1697.0,A,RUNNING,1693.376,9,9,4,8,0.5,20.0,99.1,680.5727,0.0,0,0.0,0.0
1698.0,A,RUNNING,1694.376,9,9,4,8,0.5,20.0,99.1,679.5727,0.0,0,0.0,0.0
1699.0,A,RUNNING,1695.376,9,9,4,8,0.5,20.0,99.1,678.5727,0.0,0,0.0,0.0
1700.0,A,RUNNING,1696.376,9,9,4,8,0.5,20.0,99.1,677.5727,0.0,0,0.0,0.0
1701.0,A,RUNNING,1697.376,9,9,4,8,0.5,20.0,99.1,676.5727,0.0,0,0.0,0.0
1702.0,A,RUNNING,1698.376,9,9,4,8,0.5,20.0,99.1,675.5727,0.0,0,0.0,0.0
1703.0,A,RUNNING,1699.376,9,9,4,8,0.5,20.0,99.1,674.5727,0.0,0,0.0,0.0
1704.0,A,RUNNING,1700.376,9,9,4,8,0.5,20.0,99.1,673.5727,0.0,0,0.0,0.0
1705.0,A,RUNNING,1701.376,9,9,4,8,0.5,20.0,99.1,672.5727,0.0,0,0.0,0.0
1706.0,A,RUNNING,1702.376,9,9,4,8,0.5,20.0,99.1,671.5727,0.0,0,0.0,0.0
1707.0,A,RUNNING,1703.376,9,9,4,8,0.5,20.0,99.1,670.5727,0.0,0,0.0,0.0
1708.0,A,RUNNING,1704.376,9,9,4,8,0.5,20.0,99.1,669.5727,0.0,0,0.0,0.0
1709.0,A,RUNNING,1705.376,9,9,4,8,0.5,20.0,99.1,668.5727,0.0,0,0.0,0.0
1710.0,A,RUNNING,1706.376,9,9,4,8,0.5,20.0,99.1,667.5727,0.0,0,0.0,0.0
1711.0,A,RUNNING,1707.376,9,9,4,8,0.5,20.0,99.1,666.5727,0.0,0,0.0,0.0
1712.0,A,RUNNING,1708.376,9,9,4,8,0.5,20.0,99.1,665.5727,0.0,0,0.0,0.0
1713.0,A,RUNNING,1709.376,9,9,4,8,0.5,20.0,99.1,664.5727,0.0,0,0.0,0.0
1714.0,A,RUNNING,1710.376,9,9,4,8,0.5,20.0,99.1,663.5727,0.0,0,0.0,0.0
1715.0,A,RUNNING,1711.376,9,9,4,8,0.5,20.0,99.1,662.5727,0.0,0,0.0,0.0
1716.0,A,RUNNING,1712.376,9,9,4,8,0.5,20.0,99.1,661.5727,0.0,0,0.0,0.0
1717.0,A,RUNNING,1713.376,9,9,4,8,0.5,20.0,99.1,660.5727,0.0,0,0.0,0.0
1718.0,A,RUNNING,1714.376,9,9,4,8,0.5,20.0,99.1,659.5727,0.0,0,0.0,0.0
1719.0,A,RUNNING,1715.376,9,9,4,8,0.5,20.0,99.1,658.5727,0.0,0,0.0,0.0
1720.0,A,RUNNING,1716.376,9,9,4,8,0.5,20.0,99.1,657.5727,0.0,0,0.0,0.0
1721.0,A,RUNNING,1717.376,9,9,4,8,0.5,20.0,99.1,656.5727,0.0,0,0.0,0.0
1722.0,A,RUNNING,1718.376,9,9,4,8,0.5,20.0,99.1,655.5727,0.0,0,0.0,0.0
1723.0,A,RUNNING,1719.376,9,9,4,8,0.5,20.0,99.1,654.5727,0.0,0,0.0,0.0
1724.0,A,RUNNING,1720.376,9,9,4,8,0.5,20.0,99.1,653.5727,0.0,0,0.0,0.0
1725.0,A,RUNNING,1721.376,9,9,4,8,0.5,20.0,99.1,652.5727,0.0,0,0.0,0.0
1726.0,A,RUNNING,1722.376,9,9,4,8,0.5,20.0,99.1,651.5727,0.0,0,0.0,0.0
1727.0,A,RUNNING,1723.376,9,9,4,8,0.5,20.0,99.1,650.5727,0.0,0,0.0,0.0
1728.0,A,RUNNING,1724.376,9,9,4,8,0.5,20.0,99.1,649.5727,0.0,0,0.0,0.0
1729.0,A,RUNNING,1725.376,9,9,4,8,0.5,20.0,99.1,648.5727,0.0,0,0.0,0.0
1730.0,A,RUNNING,1726.376,9,9,4,8,0.5,20.0,99.1,647.5727,0.0,0,0.0,0.0
1731.0,A,RUNNING,1727.376,9,9,4,8,0.5,20.0,99.1,646.5727,0.0,0,0.0,0.0
1732.0,A,RUNNING,1728.376,9,9,4,8,0.5,20.0,99.1,645.5727,0.0,0,0.0,0.0
1733.0,A,RUNNING,1729.376,9,9,4,8,0.5,20.0,99.1,644.5727,0.0,0,0.0,0.0
1734.0,A,RUNNING,1730.376,9,9,4,8,0.5,20.0,99.1,643.5727,0.0,0,0.0,0.0
1735.0,A,RUNNING,1731.376,9,9,4,8,0.5,20.0,99.1,642.5727,0.0,0,0.0,0.0
1736.0,A,RUNNING,1732.376,9,9,4,8,0.5,20.0,99.1,641.5727,0.0,0,0.0,0.0
1737.0,A,RUNNING,1733.376,9,9,4,8,0.5,20.0,99.1,640.5727,0.0,0,0.0,0.0
1738.0,A,RUNNING,1734.376,9,9,4,8,0.5,20.0,99.1,639.5727,0.0,0,0.0,0.0
1739.0,A,RUNNING,1735.376,9,9,4,8,0.5,20.0,99.1,638.5727,0.0,0,0.0,0.0
1740.0,A,RUNNING,1736.376,9,9,4,8,0.5,20.0,99.1,637.5727,0.0,0,0.0,0.0
1741.0,A,RUNNING,1737.376,9,9,4,8,0.5,20.0,99.1,636.5727,0.0,0,0.0,0.0
1742.0,A,RUNNING,1738.376,9,9,4,8,0.5,20.0,99.1,635.5727,0.0,0,0.0,0.0
1743.0,A,RUNNING,1739.376,9,9,4,8,0.5,20.0,99.1,634.5727,0.0,0,0.0,0.0
1744.0,A,RUNNING,1740.376,9,9,4,8,0.5,20.0,99.1,633.5727,0.0,0,0.0,0.0
1745.0,A,RUNNING,1741.376,9,9,4,8,0.5,20.0,99.1,632.5727,0.0,0,0.0,0.0
1746.0,A,RUNNING,1742.376,9,9,4,8,0.5,20.0,99.1,631.5727,0.0,0,0.0,0.0
1747.0,A,RUNNING,1743.376,9,9,4,8,0.5,20.0,99.1,630.5727,0.0,0,0.0,0.0
1748.0,A,RUNNING,1744.376,9,9,4,8,0.5,20.0,99.1,629.5727,0.0,0,0.0,0.0
1749.0,A,RUNNING,1745.376,9,9,4,8,0.5,20.0,99.1,628.5727,0.0,0,0.0,0.0
1750.0,A,RUNNING,1746.376,9,9,4,8,0.5,20.0,99.1,627.5727,0.0,0,0.0,0.0
1751.0,A,RUNNING,1747.376,9,9,4,8,0.5,20.0,99.1,626.5727,0.0,0,0.0,0.0
1752.0,A,RUNNING,1748.376,9,9,4,8,0.5,20.0,99.1,625.5727,0.0,0,0.0,0.0
1753.0,A,RUNNING,1749.376,9,9,4,8,0.5,20.0,99.1,624.5727,0.0,0,0.0,0.0
1754.0,A,RUNNING,1750.376,9,9,4,8,0.5,20.0,99.1,623.5727,0.0,0,0.0,0.0
1755.0,A,RUNNING,1751.376,9,9,4,8,0.5,20.0,99.1,622.5727,0.0,0,0.0,0.0
1756.0,A,RUNNING,1752.376,9,9,4,8,0.5,20.0,99.1,621.5727,0.0,0,0.0,0.0
1757.0,A,RUNNING,1753.376,9,9,4,8,0.5,20.0,99.1,620.5727,0.0,0,0.0,0.0
1758.0,A,RUNNING,1754.376,9,9,4,8,0.5,20.0,99.1,619.5727,0.0,0,0.0,0.0
1759.0,A,RUNNING,1755.376,9,9,4,8,0.5,20.0,99.1,618.5727,0.0,0,0.0,0.0
1760.0,A,RUNNING,1756.376,9,9,4,8,0.5,20.0,99.1,617.5727,0.0,0,0.0,0.0
1761.0,A,RUNNING,1757.376,9,9,4,8,0.5,20.0,99.1,616.5727,0.0,0,0.0,0.0
1762.0,A,RUNNING,1758.376,9,9,4,8,0.5,20.0,99.1,615.5727,0.0,0,0.0,0.0
1763.0,A,RUNNING,1759.376,9,9,4,8,0.5,20.0,99.1,614.5727,0.0,0,0.0,0.0
1764.0,A,RUNNING,1760.376,9,9,4,8,0.5,20.0,99.1,613.5727,0.0,0,0.0,0.0
1765.0,A,RUNNING,1761.376,9,9,4,8,0.5,20.0,99.1,612.5727,0.0,0,0.0,0.0
1766.0,A,RUNNING,1762.376,9,9,4,8,0.5,20.0,99.1,611.5727,0.0,0,0.0,0.0
1767.0,A,RUNNING,1763.376,9,9,4,8,0.5,20.0,99.1,610.5727,0.0,0,0.0,0.0
1768.0,A,RUNNING,1764.376,9,9,4,8,0.5,20.0,99.1,609.5727,0.0,0,0.0,0.0
1769.0,A,RUNNING,1765.376,9,9,4,8,0.5,20.0,99.1,608.5727,0.0,0,0.0,0.0
1770.0,A,RUNNING,1766.376,9,9,4,8,0.5,20.0,99.1,607.5727,0.0,0,0.0,0.0
1771.0,A,RUNNING,1767.376,9,9,4,8,0.5,20.0,99.1,606.5727,0.0,0,0.0,0.0
1772.0,A,RUNNING,1768.376,9,9,4,8,0.5,20.0,99.1,605.5727,0.0,0,0.0,0.0
1773.0,A,RUNNING,1769.376,9,9,4,8,0.5,20.0,99.1,604.5727,0.0,0,0.0,0.0
1774.0,A,RUNNING,1770.376,9,9,4,8,0.5,20.0,99.1,603.5727,0.0,0,0.0,0.0
1775.0,A,RUNNING,1771.376,9,9,4,8,0.5,20.0,99.1,602.5727,0.0,0,0.0,0.0
1776.0,A,RUNNING,1772.376,9,9,4,8,0.5,20.0,99.1,601.5727,0.0,0,0.0,0.0
1777.0,A,RUNNING,1773.376,9,9,4,8,0.5,20.0,99.1,600.5727,0.0,0,0.0,0.0
1778.0,A,RUNNING,1774.376,9,9,4,8,0.5,20.0,99.1,599.5727,0.0,0,0.0,0.0
1779.0,A,RUNNING,1775.376,9,9,4,8,0.5,20.0,99.1,598.5727,0.0,0,0.0,0.0
1780.0,A,RUNNING,1776.376,9,9,4,8,0.5,20.0,99.1,597.5727,0.0,0,0.0,0.0
1781.0,A,RUNNING,1777.376,9,9,4,8,0.5,20.0,99.1,596.5727,0.0,0,0.0,0.0
1782.0,A,RUNNING,1778.376,9,9,4,8,0.5,20.0,99.1,595.5727,0.0,0,0.0,0.0
1783.0,A,RUNNING,1779.376,9,9,4,8,0.5,20.0,99.1,594.5727,0.0,0,0.0,0.0
1784.0,A,RUNNING,1780.376,9,9,4,8,0.5,20.0,99.1,593.5727,0.0,0,0.0,0.0
1785.0,A,RUNNING,1781.376,9,9,4,8,0.5,20.0,99.1,592.5727,0.0,0,0.0,0.0
1786.0,A,RUNNING,1782.376,9,9,4,8,0.5,20.0,99.1,591.5727,0.0,0,0.0,0.0
1787.0,A,RUNNING,1783.376,9,9,4,8,0.5,20.0,99.1,590.5727,0.0,0,0.0,0.0
1788.0,A,RUNNING,1784.376,9,9,4,8,0.5,20.0,99.1,589.5727,0.0,0,0.0,0.0
1789.0,A,RUNNING,1785.376,9,9,4,8,0.5,20.0,99.1,588.5727,0.0,0,0.0,0.0
1790.0,A,RUNNING,1786.376,9,9,4,8,0.5,20.0,99.1,587.5727,0.0,0,0.0,0.0
1791.0,A,RUNNING,1787.376,9,9,4,8,0.5,20.0,99.1,586.5727,0.0,0,0.0,0.0
1792.0,A,RUNNING,1788.376,9,9,4,8,0.5,20.0,99.1,585.5727,0.0,0,0.0,0.0
1793.0,A,RUNNING,1789.376,9,9,4,8,0.5,20.0,99.1,584.5727,0.0,0,0.0,0.0
1794.0,A,RUNNING,1790.376,9,9,4,8,0.5,20.0,99.1,583.5727,0.0,0,0.0,0.0
1795.0,A,RUNNING,1791.376,9,9,4,8,0.5,20.0,99.1,582.5727,0.0,0,0.0,0.0
1796.0,A,RUNNING,1792.376,9,9,4,8,0.5,20.0,99.1,581.5727,0.0,0,0.0,0.0
1797.0,A,RUNNING,1793.376,9,9,4,8,0.5,20.0,99.1,580.5727,0.0,0,0.0,0.0
1798.0,A,RUNNING,1794.376,9,9,4,8,0.5,20.0,99.1,579.5727,0.0,0,0.0,0.0
1799.0,A,RUNNING,1795.376,9,9,4,8,0.5,20.0,99.1,578.5727,0.0,0,0.0,0.0
1800.0,A,RUNNING,1796.376,9,9,4,8,0.5,20.0,99.1,577.5727,0.0,0,0.0,0.0
1801.0,A,RUNNING,1797.376,9,9,4,8,0.5,20.0,99.1,576.5727,0.0,0,0.0,0.0
1802.0,A,RUNNING,1798.376,9,9,4,8,0.5,20.0,99.1,575.5727,0.0,0,0.0,0.0
1803.0,A,RUNNING,1799.376,9,9,4,8,0.5,20.0,99.1,574.5727,0.0,0,0.0,0.0
1804.0,A,RUNNING,1800.376,9,9,4,8,0.5,20.0,99.1,573.5727,0.0,0,0.0,0.0
1805.0,A,RUNNING,1801.376,9,9,4,8,0.5,20.0,99.1,572.5727,0.0,0,0.0,0.0
1806.0,A,RUNNING,1802.376,9,9,4,8,0.5,20.0,99.1,571.5727,0.0,0,0.0,0.0
1807.0,A,RUNNING,1803.376,9,9,4,8,0.5,20.0,99.1,570.5727,0.0,0,0.0,0.0
1808.0,A,RUNNING,1804.376,9,9,4,8,0.5,20.0,99.1,569.5727,0.0,0,0.0,0.0
1809.0,A,RUNNING,1805.376,9,9,4,8,0.5,20.0,99.1,568.5727,0.0,0,0.0,0.0
1810.0,A,RUNNING,1806.376,9,9,4,8,0.5,20.0,99.1,567.5727,0.0,0,0.0,0.0
1811.0,A,RUNNING,1807.376,9,9,4,8,0.5,20.0,99.1,566.5727,0.0,0,0.0,0.0
1812.0,A,RUNNING,1808.376,9,9,4,8,0.5,20.0,99.1,565.5727,0.0,0,0.0,0.0
1813.0,A,RUNNING,1809.376,9,9,4,8,0.5,20.0,99.1,564.5727,0.0,0,0.0,0.0
1814.0,A,RUNNING,1810.376,9,9,4,8,0.5,20.0,99.1,563.5727,0.0,0,0.0,0.0
1815.0,A,RUNNING,1811.376,9,9,4,8,0.5,20.0,99.1,562.5727,0.0,0,0.0,0.0
1816.0,A,RUNNING,1812.376,9,9,4,8,0.5,20.0,99.1,561.5727,0.0,0,0.0,0.0
1817.0,A,RUNNING,1813.376,9,9,4,8,0.5,20.0,99.1,560.5727,0.0,0,0.0,0.0
1818.0,A,RUNNING,1814.376,9,9,4,8,0.5,20.0,99.1,559.5727,0.0,0,0.0,0.0
1819.0,A,RUNNING,1815.376,9,9,4,8,0.5,20.0,99.1,558.5727,0.0,0,0.0,0.0
1820.0,A,RUNNING,1816.376,9,9,4,8,0.5,20.0,99.1,557.5727,0.0,0,0.0,0.0
1821.0,A,RUNNING,1817.376,9,9,4,8,0.5,20.0,99.1,556.5727,0.0,0,0.0,0.0
1822.0,A,RUNNING,1818.376,9,9,4,8,0.5,20.0,99.1,555.5727,0.0,0,0.0,0.0
1823.0,A,RUNNING,1819.376,9,9,4,8,0.5,20.0,99.1,554.5727,0.0,0,0.0,0.0
1824.0,A,RUNNING,1820.376,9,9,4,8,0.5,20.0,99.1,553.5727,0.0,0,0.0,0.0
1825.0,A,RUNNING,1821.376,9,9,4,8,0.5,20.0,99.1,552.5727,0.0,0,0.0,0.0
1826.0,A,RUNNING,1822.376,9,9,4,8,0.5,20.0,99.1,551.5727,0.0,0,0.0,0.0
1827.0,A,RUNNING,1823.376,9,9,4,8,0.5,20.0,99.1,550.5727,0.0,0,0.0,0.0
1828.0,A,RUNNING,1824.376,9,9,4,8,0.5,20.0,99.1,549.5727,0.0,0,0.0,0.0
1829.0,A,RUNNING,1825.376,9,9,4,8,0.5,20.0,99.1,548.5727,0.0,0,0.0,0.0
1830.0,A,RUNNING,1826.376,9,9,4,8,0.5,20.0,99.1,547.5727,0.0,0,0.0,0.0
1831.0,A,RUNNING,1827.376,9,9,4,8,0.5,20.0,99.1,546.5727,0.0,0,0.0,0.0
1832.0,A,RUNNING,1828.38,9,9,4,8,0.5,20.0,99.1,545.5687,0.0,0,0.0,0.0
1833.0,A,RUNNING,1829.376,9,9,4,8,0.5,20.0,99.1,544.5727,0.0,0,0.0,0.0
1834.0,A,RUNNING,1830.376,9,9,4,8,0.5,20.0,99.1,543.5727,0.0,0,0.0,0.0
1835.0,A,RUNNING,1831.376,9,9,4,8,0.5,20.0,99.1,542.5727,0.0,0,0.0,0.0
1836.0,A,RUNNING,1832.376,9,9,4,8,0.5,20.0,99.1,541.5727,0.0,0,0.0,0.0
1837.0,A,RUNNING,1833.376,9,9,4,8,0.5,20.0,99.1,540.5727,0.0,0,0.0,0.0
1838.0,A,RUNNING,1834.376,10,9,5,8,0.625,20.0,99.0,562.2265,0.0,0,0.0,0.0
1839.0,A,RUNNING,1835.376,10,9,5,8,0.625,20.0,99.0,561.2265,0.0,0,0.0,0.0
1840.0,A,RUNNING,1836.376,10,9,5,8,0.625,20.0,99.0,560.2265,0.0,0,0.0,0.0
1841.0,A,RUNNING,1837.376,10,9,5,8,0.625,20.0,99.0,559.2265,0.0,0,0.0,0.0
1842.0,A,RUNNING,1838.38,10,9,5,8,0.625,20.0,99.0,558.2225,0.0,0,0.0,0.0
1843.0,A,RUNNING,1839.376,10,9,5,8,0.625,20.0,99.0,557.2265,0.0,0,0.0,0.0
1844.0,A,RUNNING,1840.376,10,9,5,8,0.625,20.0,99.0,556.2265,0.0,0,0.0,0.0
1845.0,A,RUNNING,1841.376,10,9,5,8,0.625,20.0,99.0,555.2265,0.0,0,0.0,0.0
1846.0,A,RUNNING,1842.376,10,9,5,8,0.625,20.0,99.0,554.2265,0.0,0,0.0,0.0
1847.0,A,RUNNING,1843.376,10,9,5,8,0.625,20.0,99.0,553.2265,0.0,0,0.0,0.0
1848.0,A,RUNNING,1844.376,10,9,5,8,0.625,20.0,99.0,552.2265,0.0,0,0.0,0.0
1849.0,A,RUNNING,1845.376,10,9,5,8,0.625,20.0,99.0,551.2265,0.0,0,0.0,0.0
1850.0,A,RUNNING,1846.376,10,9,5,8,0.625,20.0,99.0,550.2265,0.0,0,0.0,0.0
1851.0,A,RUNNING,1847.38,10,9,5,8,0.625,20.0,99.0,549.2225,0.0,0,0.0,0.0
1852.0,A,RUNNING,1848.376,10,9,5,8,0.625,20.0,99.0,548.2265,0.0,0,0.0,0.0
1853.0,A,RUNNING,1849.376,10,9,5,8,0.625,20.0,99.0,547.2265,0.0,0,0.0,0.0
1854.0,A,RUNNING,1850.376,10,9,5,8,0.625,20.0,99.0,546.2265,0.0,0,0.0,0.0
1855.0,A,RUNNING,1851.376,10,9,5,8,0.625,20.0,99.0,545.2265,0.0,0,0.0,0.0
1856.0,A,RUNNING,1852.376,10,9,5,8,0.625,20.0,99.0,544.2265,0.0,0,0.0,0.0
1857.0,A,RUNNING,1853.376,10,9,5,8,0.625,20.0,99.0,543.2265,0.0,0,0.0,0.0
1858.0,A,RUNNING,1854.376,10,9,5,8,0.625,20.0,99.0,542.2265,0.0,0,0.0,0.0
1859.0,A,RUNNING,1855.376,10,9,5,8,0.625,20.0,99.0,541.2265,0.0,0,0.0,0.0
1860.0,A,RUNNING,1856.376,10,9,5,8,0.625,20.0,99.0,540.2265,0.0,0,0.0,0.0
1861.0,A,RUNNING,1857.376,10,9,5,8,0.625,20.0,99.0,539.2265,0.0,0,0.0,0.0
1862.0,A,RUNNING,1858.376,10,9,5,8,0.625,20.0,99.0,538.2265,0.0,0,0.0,0.0
1863.0,A,RUNNING,1859.376,10,9,5,8,0.625,20.0,99.0,537.2265,0.0,0,0.0,0.0
1864.0,A,RUNNING,1860.376,10,9,5,8,0.625,20.0,99.0,536.2265,0.0,0,0.0,0.0
1865.0,A,RUNNING,1861.376,10,9,5,8,0.625,20.0,99.0,535.2265,0.0,0,0.0,0.0
1866.0,A,RUNNING,1862.376,10,9,5,8,0.625,20.0,99.0,534.2265,0.0,0,0.0,0.0
1867.0,A,RUNNING,1863.376,10,9,5,8,0.625,20.0,99.0,533.2265,0.0,0,0.0,0.0
1868.0,A,RUNNING,1864.376,10,9,5,8,0.625,20.0,99.0,532.2265,0.0,0,0.0,0.0
1869.0,A,RUNNING,1865.376,10,9,5,8,0.625,20.0,99.0,531.2265,0.0,0,0.0,0.0
1870.0,A,RUNNING,1866.376,10,9,5,8,0.625,20.0,99.0,530.2265,0.0,0,0.0,0.0
1871.0,A,RUNNING,1867.376,10,9,5,8,0.625,20.0,99.0,529.2265,0.0,0,0.0,0.0
1872.0,A,RUNNING,1868.376,10,9,5,8,0.625,20.0,99.0,528.2265,0.0,0,0.0,0.0
1873.0,A,RUNNING,1869.376,10,9,5,8,0.625,20.0,99.0,527.2265,0.0,0,0.0,0.0
1874.0,A,RUNNING,1870.376,10,9,5,8,0.625,20.0,99.0,526.2265,0.0,0,0.0,0.0
1875.0,A,RUNNING,1871.376,10,9,5,8,0.625,20.0,99.0,525.2265,0.0,0,0.0,0.0
1876.0,A,RUNNING,1872.376,10,9,5,8,0.625,20.0,99.0,524.2265,0.0,0,0.0,0.0
1877.0,A,RUNNING,1873.376,10,9,5,8,0.625,20.0,99.0,523.2265,0.0,0,0.0,0.0
1878.0,A,RUNNING,1874.376,10,9,5,8,0.625,20.0,99.0,522.2265,0.0,0,0.0,0.0
1879.0,A,RUNNING,1875.376,10,9,5,8,0.625,20.0,99.0,521.2265,0.0,0,0.0,0.0
1880.0,A,RUNNING,1876.376,10,9,5,8,0.625,20.0,99.0,520.2265,0.0,0,0.0,0.0
1881.0,A,RUNNING,1877.376,10,9,5,8,0.625,20.0,99.0,519.2265,0.0,0,0.0,0.0
1882.0,A,RUNNING,1878.376,10,9,5,8,0.625,20.0,99.0,518.2265,0.0,0,0.0,0.0
1883.0,A,RUNNING,1879.376,10,9,5,8,0.625,20.0,99.0,517.2265,0.0,0,0.0,0.0
1884.0,A,RUNNING,1880.376,10,9,5,8,0.625,20.0,99.0,516.2265,0.0,0,0.0,0.0
1885.0,A,RUNNING,1881.376,10,9,5,8,0.625,20.0,99.0,515.2265,0.0,0,0.0,0.0
1886.0,A,RUNNING,1882.376,10,9,5,8,0.625,20.0,99.0,514.2265,0.0,0,0.0,0.0
1887.0,A,RUNNING,1883.376,10,9,5,8,0.625,20.0,99.0,513.2265,0.0,0,0.0,0.0
1888.0,A,RUNNING,1884.376,10,9,5,8,0.625,20.0,99.0,512.2265,0.0,0,0.0,0.0
1889.0,A,RUNNING,1885.376,10,9,5,8,0.625,20.0,99.0,511.2265,0.0,0,0.0,0.0
1890.0,A,RUNNING,1886.376,10,9,5,8,0.625,20.0,99.0,510.2265,0.0,0,0.0,0.0
1891.0,A,RUNNING,1887.376,10,9,5,8,0.625,20.0,99.0,509.2265,0.0,0,0.0,0.0
1892.0,A,RUNNING,1888.376,10,9,5,8,0.625,20.0,99.0,508.2265,0.0,0,0.0,0.0
1893.0,A,RUNNING,1889.38,10,9,5,8,0.625,20.0,99.0,507.2225,0.0,0,0.0,0.0
1894.0,A,RUNNING,1890.376,10,9,5,8,0.625,20.0,99.0,506.2265,0.0,0,0.0,0.0
1895.0,A,RUNNING,1891.376,10,9,5,8,0.625,20.0,99.0,505.2265,0.0,0,0.0,0.0
1896.0,A,RUNNING,1892.376,10,9,5,8,0.625,20.0,99.0,504.2265,0.0,0,0.0,0.0
1897.0,A,RUNNING,1893.376,10,9,5,8,0.625,20.0,99.0,503.2265,0.0,0,0.0,0.0
1898.0,A,RUNNING,1894.376,10,9,5,8,0.625,20.0,99.0,502.2265,0.0,0,0.0,0.0
1899.0,A,RUNNING,1895.376,10,9,5,8,0.625,20.0,99.0,501.2265,0.0,0,0.0,0.0
1900.0,A,RUNNING,1896.376,10,9,5,8,0.625,20.0,99.0,500.2265,0.0,0,0.0,0.0
1901.0,A,RUNNING,1897.376,10,9,5,8,0.625,20.0,99.0,499.2265,0.0,0,0.0,0.0
1902.0,A,RUNNING,1898.376,10,9,5,8,0.625,20.0,99.0,498.2265,0.0,0,0.0,0.0
1903.0,A,RUNNING,1899.376,10,9,5,8,0.625,20.0,99.0,497.2265,0.0,0,0.0,0.0
1904.0,A,RUNNING,1900.376,10,9,5,8,0.625,20.0,99.0,496.2265,0.0,0,0.0,0.0
1905.0,A,RUNNING,1901.376,10,9,5,8,0.625,20.0,99.0,495.2265,0.0,0,0.0,0.0
1906.0,A,RUNNING,1902.376,10,9,5,8,0.625,20.0,99.0,494.2265,0.0,0,0.0,0.0
1907.0,A,RUNNING,1903.376,10,9,5,8,0.625,20.0,99.0,493.2265,0.0,0,0.0,0.0
1908.0,A,RUNNING,1904.376,10,9,5,8,0.625,20.0,99.0,492.2265,0.0,0,0.0,0.0
1909.0,A,RUNNING,1905.376,10,9,5,8,0.625,20.0,99.0,491.2265,0.0,0,0.0,0.0
1910.0,A,RUNNING,1906.376,10,9,5,8,0.625,20.0,99.0,490.2265,0.0,0,0.0,0.0
1911.0,A,RUNNING,1907.376,10,9,5,8,0.625,20.0,99.0,489.2265,0.0,0,0.0,0.0
1912.0,A,RUNNING,1908.376,10,9,5,8,0.625,20.0,99.0,488.2265,0.0,0,0.0,0.0
1913.0,A,RUNNING,1909.376,10,9,5,8,0.625,20.0,99.0,487.2265,0.0,0,0.0,0.0
1914.0,A,RUNNING,1910.376,10,9,5,8,0.625,20.0,99.0,486.2265,0.0,0,0.0,0.0
1915.0,A,RUNNING,1911.376,10,9,5,8,0.625,20.0,99.0,485.2265,0.0,0,0.0,0.0
1916.0,A,RUNNING,1912.376,10,9,5,8,0.625,20.0,99.0,484.2265,0.0,0,0.0,0.0
1917.0,A,RUNNING,1913.376,10,9,5,8,0.625,20.0,99.0,483.2265,0.0,0,0.0,0.0
1918.0,A,RUNNING,1914.376,10,9,5,8,0.625,20.0,99.0,482.2265,0.0,0,0.0,0.0
1919.0,A,RUNNING,1915.376,10,9,5,8,0.625,20.0,99.0,481.2265,0.0,0,0.0,0.0
1920.0,A,RUNNING,1916.376,10,9,5,8,0.625,20.0,99.0,480.2265,0.0,0,0.0,0.0
1921.0,A,RUNNING,1917.376,10,9,5,8,0.625,20.0,99.0,479.2265,0.0,0,0.0,0.0
1922.0,A,RUNNING,1918.376,10,9,5,8,0.625,20.0,99.0,478.2265,0.0,0,0.0,0.0
1923.0,A,RUNNING,1919.376,10,9,5,8,0.625,20.0,99.0,477.2265,0.0,0,0.0,0.0
1924.0,A,RUNNING,1920.376,10,9,5,8,0.625,20.0,99.0,476.2265,0.0,0,0.0,0.0
1925.0,A,RUNNING,1921.376,10,9,5,8,0.625,20.0,99.0,475.2265,0.0,0,0.0,0.0
1926.0,A,RUNNING,1922.376,10,9,5,8,0.625,20.0,99.0,474.2265,0.0,0,0.0,0.0
1927.0,A,RUNNING,1923.376,10,9,5,8,0.625,20.0,99.0,473.2265,0.0,0,0.0,0.0
1928.0,A,RUNNING,1924.376,10,9,5,8,0.625,20.0,99.0,472.2265,0.0,0,0.0,0.0
1929.0,A,RUNNING,1925.376,10,9,5,8,0.625,20.0,99.0,471.2265,0.0,0,0.0,0.0
1930.0,A,RUNNING,1926.376,10,9,5,8,0.625,20.0,99.0,470.2265,0.0,0,0.0,0.0
1931.0,A,RUNNING,1927.376,10,9,5,8,0.625,20.0,99.0,469.2265,0.0,0,0.0,0.0
1932.0,A,RUNNING,1928.376,10,9,5,8,0.625,20.0,99.0,468.2265,0.0,0,0.0,0.0
1933.0,A,RUNNING,1929.376,10,9,5,8,0.625,20.0,99.0,467.2265,0.0,0,0.0,0.0
1934.0,A,RUNNING,1930.376,10,9,5,8,0.625,20.0,99.0,466.2265,0.0,0,0.0,0.0
1935.0,A,RUNNING,1931.376,10,9,5,8,0.625,20.0,99.0,465.2265,0.0,0,0.0,0.0
1936.0,A,RUNNING,1932.376,10,9,5,8,0.625,20.0,99.0,464.2265,0.0,0,0.0,0.0
1937.0,A,RUNNING,1933.376,10,9,5,8,0.625,20.0,99.0,463.2265,0.0,0,0.0,0.0
1938.0,A,RUNNING,1934.376,10,9,5,8,0.625,20.0,99.0,462.2265,0.0,0,0.0,0.0
1939.0,A,RUNNING,1935.376,10,9,5,8,0.625,20.0,99.0,461.2265,0.0,0,0.0,0.0
1940.0,A,RUNNING,1936.376,10,9,5,8,0.625,20.0,99.0,460.2265,0.0,0,0.0,0.0
1941.0,A,RUNNING,1937.376,10,9,5,8,0.625,20.0,99.0,459.2265,0.0,0,0.0,0.0
1942.0,A,RUNNING,1938.376,10,9,5,8,0.625,20.0,99.0,458.2265,0.0,0,0.0,0.0
1943.0,A,RUNNING,1939.376,10,9,5,8,0.625,20.0,99.0,457.2265,0.0,0,0.0,0.0
1944.0,A,RUNNING,1940.376,10,9,5,8,0.625,20.0,99.0,456.2265,0.0,0,0.0,0.0
1945.0,A,RUNNING,1941.376,10,9,5,8,0.625,20.0,99.0,455.2265,0.0,0,0.0,0.0
1946.0,A,RUNNING,1942.376,10,9,5,8,0.625,20.0,99.0,454.2265,0.0,0,0.0,0.0
1947.0,A,RUNNING,1943.376,10,9,5,8,0.625,20.0,99.0,453.2265,0.0,0,0.0,0.0
1948.0,A,RUNNING,1944.376,10,9,5,8,0.625,20.0,99.0,452.2265,0.0,0,0.0,0.0
1949.0,A,RUNNING,1945.376,10,9,5,8,0.625,20.0,99.0,451.2265,0.0,0,0.0,0.0
1950.0,A,RUNNING,1946.376,10,9,5,8,0.625,20.0,99.0,450.2265,0.0,0,0.0,0.0
1951.0,A,RUNNING,1947.376,10,9,5,8,0.625,20.0,99.0,449.2265,0.0,0,0.0,0.0
1952.0,A,RUNNING,1948.376,10,9,5,8,0.625,20.0,99.0,448.2265,0.0,0,0.0,0.0
1953.0,A,RUNNING,1949.376,10,9,5,8,0.625,20.0,99.0,447.2265,0.0,0,0.0,0.0
1954.0,A,RUNNING,1950.376,10,9,5,8,0.625,20.0,99.0,446.2265,0.0,0,0.0,0.0
1955.0,A,RUNNING,1951.376,10,9,5,8,0.625,20.0,99.0,445.2265,0.0,0,0.0,0.0
1956.0,A,RUNNING,1952.376,10,9,5,8,0.625,20.0,99.0,444.2265,0.0,0,0.0,0.0
1957.0,A,RUNNING,1953.376,10,9,5,8,0.625,20.0,99.0,443.2265,0.0,0,0.0,0.0
1958.0,A,RUNNING,1954.376,10,9,5,8,0.625,20.0,99.0,442.2265,0.0,0,0.0,0.0
1959.0,A,RUNNING,1955.376,10,9,5,8,0.625,20.0,99.0,441.2265,0.0,0,0.0,0.0
1960.0,A,RUNNING,1956.376,10,9,5,8,0.625,20.0,99.0,440.2265,0.0,0,0.0,0.0
1961.0,A,RUNNING,1957.376,10,9,5,8,0.625,20.0,99.0,439.2265,0.0,0,0.0,0.0
1962.0,A,RUNNING,1958.376,10,9,5,8,0.625,20.0,99.0,438.2265,0.0,0,0.0,0.0
1963.0,A,RUNNING,1959.376,10,9,5,8,0.625,20.0,99.0,437.2265,0.0,0,0.0,0.0
1964.0,A,RUNNING,1960.376,10,9,5,8,0.625,20.0,99.0,436.2265,0.0,0,0.0,0.0
1965.0,A,RUNNING,1961.376,10,9,5,8,0.625,20.0,99.0,435.2265,0.0,0,0.0,0.0
1966.0,A,RUNNING,1962.376,10,9,5,8,0.625,20.0,99.0,434.2265,0.0,0,0.0,0.0
1967.0,A,RUNNING,1963.376,10,9,5,8,0.625,20.0,99.0,433.2265,0.0,0,0.0,0.0
1968.0,A,RUNNING,1964.376,10,9,5,8,0.625,20.0,99.0,432.2265,0.0,0,0.0,0.0
1969.0,A,RUNNING,1965.376,10,9,5,8,0.625,20.0,99.0,431.2265,0.0,0,0.0,0.0
1970.0,A,RUNNING,1966.376,10,9,5,8,0.625,20.0,99.0,430.2265,0.0,0,0.0,0.0
1971.0,A,RUNNING,1967.376,10,9,5,8,0.625,20.0,99.0,429.2265,0.0,0,0.0,0.0
1972.0,A,RUNNING,1968.376,10,9,5,8,0.625,20.0,99.0,428.2265,0.0,0,0.0,0.0
1973.0,A,RUNNING,1969.376,10,9,5,8,0.625,20.0,99.0,427.2265,0.0,0,0.0,0.0
1974.0,A,RUNNING,1970.376,10,9,5,8,0.625,20.0,99.0,426.2265,0.0,0,0.0,0.0
1975.0,A,RUNNING,1971.376,10,9,5,8,0.625,20.0,99.0,425.2265,0.0,0,0.0,0.0
1976.0,A,RUNNING,1972.376,10,9,5,8,0.625,20.0,99.0,424.2265,0.0,0,0.0,0.0
1977.0,A,RUNNING,1973.376,10,9,5,8,0.625,20.0,99.0,423.2265,0.0,0,0.0,0.0
1978.0,A,RUNNING,1974.376,10,9,5,8,0.625,20.0,99.0,422.2265,0.0,0,0.0,0.0
1979.0,A,RUNNING,1975.376,10,9,5,8,0.625,20.0,99.0,421.2265,0.0,0,0.0,0.0
1980.0,A,RUNNING,1976.376,10,9,5,8,0.625,20.0,99.0,420.2265,0.0,0,0.0,0.0
1981.0,A,RUNNING,1977.376,10,9,5,8,0.625,20.0,99.0,419.2265,0.0,0,0.0,0.0
1982.0,A,RUNNING,1978.376,10,9,5,8,0.625,20.0,99.0,418.2265,0.0,0,0.0,0.0
1983.0,A,RUNNING,1979.376,10,9,5,8,0.625,20.0,99.0,417.2265,0.0,0,0.0,0.0
1984.0,A,RUNNING,1980.376,10,9,5,8,0.625,20.0,99.0,416.2265,0.0,0,0.0,0.0
1985.0,A,RUNNING,1981.376,10,9,5,8,0.625,20.0,99.0,415.2265,0.0,0,0.0,0.0
1986.0,A,RUNNING,1982.376,10,9,5,8,0.625,20.0,99.0,414.2265,0.0,0,0.0,0.0
1987.0,A,RUNNING,1983.376,10,9,5,8,0.625,20.0,99.0,413.2265,0.0,0,0.0,0.0
1988.0,A,RUNNING,1984.376,10,9,5,8,0.625,20.0,99.0,412.2265,0.0,0,0.0,0.0
1989.0,A,RUNNING,1985.376,10,9,5,8,0.625,20.0,99.0,411.2265,0.0,0,0.0,0.0
1990.0,A,RUNNING,1986.376,10,9,5,8,0.625,20.0,99.0,410.2265,0.0,0,0.0,0.0
1991.0,A,RUNNING,1987.376,10,9,5,8,0.625,20.0,99.0,409.2265,0.0,0,0.0,0.0
1992.0,A,RUNNING,1988.376,10,9,5,8,0.625,20.0,99.0,408.2265,0.0,0,0.0,0.0
1993.0,A,RUNNING,1989.376,10,9,5,8,0.625,20.0,99.0,407.2265,0.0,0,0.0,0.0
1994.0,A,RUNNING,1990.376,10,9,5,8,0.625,20.0,99.0,406.2265,0.0,0,0.0,0.0
1995.0,A,RUNNING,1991.376,10,9,5,8,0.625,20.0,99.0,405.2265,0.0,0,0.0,0.0
1996.0,A,RUNNING,1992.376,10,9,5,8,0.625,20.0,99.0,404.2265,0.0,0,0.0,0.0
1997.0,A,RUNNING,1993.376,10,9,5,8,0.625,20.0,99.0,403.2265,0.0,0,0.0,0.0
1998.0,A,RUNNING,1994.376,10,9,5,8,0.625,20.0,99.0,402.2265,0.0,0,0.0,0.0
1999.0,A,RUNNING,1995.376,10,9,5,8,0.625,20.0,99.0,401.2265,0.0,0,0.0,0.0
2000.0,A,RUNNING,1996.376,10,9,5,8,0.625,20.0,99.0,400.2265,0.0,0,0.0,0.0
2001.0,A,RUNNING,1997.376,10,9,5,8,0.625,20.0,99.0,399.2265,0.0,0,0.0,0.0
2002.0,A,RUNNING,1998.376,10,9,5,8,0.625,20.0,99.0,398.2265,0.0,0,0.0,0.0
2003.0,A,RUNNING,1999.376,10,9,5,8,0.625,20.0,99.0,397.2265,0.0,0,0.0,0.0
2004.0,A,RUNNING,2000.376,10,9,5,8,0.625,20.0,99.0,396.2265,0.0,0,0.0,0.0
2005.0,A,RUNNING,2001.376,10,9,5,8,0.625,20.0,99.0,395.2265,0.0,0,0.0,0.0
2006.0,A,RUNNING,2002.376,10,9,5,8,0.625,20.0,99.0,394.2265,0.0,0,0.0,0.0
2007.0,A,RUNNING,2003.376,10,9,5,8,0.625,20.0,99.0,393.2265,0.0,0,0.0,0.0
2008.0,A,RUNNING,2004.376,10,9,5,8,0.625,20.0,99.0,392.2265,0.0,0,0.0,0.0
2009.0,A,RUNNING,2005.376,10,9,5,8,0.625,20.0,99.0,391.2265,0.0,0,0.0,0.0
