sim_time_s,section_id,status,factory_time_s,produced_total,picked_total,buffer_units,buffer_capacity,buffer_fill,rate_actual_per_hour,health_percent,time_to_full_s,fault_remaining_s,faults_total,lost_units,blocked_time_s
3.77,A,RUNNING,0.0,0,0,4,8,0.5,20.0,100.0,757.98,0.0,0,0.0,0.0
4.0,A,RUNNING,0.232,0,0,4,8,0.5,20.0,100.0,757.748,0.0,0,0.0,0.0
5.0,A,RUNNING,1.232,0,0,4,8,0.5,20.0,100.0,756.748,0.0,0,0.0,0.0
6.0,A,RUNNING,2.232,0,0,4,8,0.5,20.0,100.0,755.748,0.0,0,0.0,0.0
7.0,A,RUNNING,3.232,0,0,4,8,0.5,20.0,100.0,754.748,0.0,0,0.0,0.0
8.0,A,RUNNING,4.232,0,0,4,8,0.5,20.0,100.0,753.748,0.0,0,0.0,0.0
9.0,A,RUNNING,5.232,0,0,4,8,0.5,20.0,100.0,752.748,0.0,0,0.0,0.0
10.0,A,RUNNING,6.232,0,0,4,8,0.5,20.0,100.0,751.748,0.0,0,0.0,0.0
11.0,A,RUNNING,7.232,0,0,4,8,0.5,20.0,100.0,750.748,0.0,0,0.0,0.0
12.0,A,RUNNING,8.232,0,0,4,8,0.5,20.0,100.0,749.748,0.0,0,0.0,0.0
13.0,A,RUNNING,9.232,0,0,4,8,0.5,20.0,100.0,748.748,0.0,0,0.0,0.0
14.0,A,RUNNING,10.232,0,0,4,8,0.5,20.0,100.0,747.748,0.0,0,0.0,0.0
15.0,A,RUNNING,11.232,0,0,4,8,0.5,20.0,100.0,746.748,0.0,0,0.0,0.0
16.0,A,RUNNING,12.232,0,0,4,8,0.5,20.0,100.0,745.748,0.0,0,0.0,0.0
17.0,A,RUNNING,13.232,0,0,4,8,0.5,20.0,100.0,744.748,0.0,0,0.0,0.0
18.0,A,RUNNING,14.232,0,0,4,8,0.5,20.0,100.0,743.748,0.0,0,0.0,0.0
19.0,A,RUNNING,15.232,0,0,4,8,0.5,20.0,100.0,742.748,0.0,0,0.0,0.0
20.0,A,RUNNING,16.232,0,0,4,8,0.5,20.0,100.0,741.748,0.0,0,0.0,0.0
21.0,A,RUNNING,17.232,0,0,4,8,0.5,20.0,100.0,740.748,0.0,0,0.0,0.0
22.0,A,RUNNING,18.232,0,0,4,8,0.5,20.0,100.0,739.748,0.0,0,0.0,0.0
23.0,A,RUNNING,19.232,0,0,4,8,0.5,20.0,100.0,738.748,0.0,0,0.0,0.0
24.0,A,RUNNING,20.232,0,0,4,8,0.5,20.0,100.0,737.748,0.0,0,0.0,0.0
25.0,A,RUNNING,21.232,0,0,4,8,0.5,20.0,100.0,736.748,0.0,0,0.0,0.0
26.0,A,RUNNING,22.232,0,0,4,8,0.5,20.0,100.0,735.748,0.0,0,0.0,0.0
27.0,A,RUNNING,23.232,0,0,4,8,0.5,20.0,100.0,734.748,0.0,0,0.0,0.0
28.0,A,RUNNING,24.232,0,0,4,8,0.5,20.0,100.0,733.748,0.0,0,0.0,0.0
29.0,A,RUNNING,25.232,0,0,4,8,0.5,20.0,100.0,732.748,0.0,0,0.0,0.0
30.0,A,RUNNING,26.232,0,0,4,8,0.5,20.0,100.0,731.748,0.0,0,0.0,0.0
31.0,A,RUNNING,27.232,0,0,4,8,0.5,20.0,100.0,730.748,0.0,0,0.0,0.0
32.0,A,RUNNING,28.232,0,0,4,8,0.5,20.0,100.0,729.748,0.0,0,0.0,0.0
33.0,A,RUNNING,29.232,0,0,4,8,0.5,20.0,100.0,728.748,0.0,0,0.0,0.0
34.0,A,RUNNING,30.232,0,0,4,8,0.5,20.0,100.0,727.748,0.0,0,0.0,0.0
35.0,A,RUNNING,31.232,0,0,4,8,0.5,20.0,100.0,726.748,0.0,0,0.0,0.0
36.0,A,RUNNING,32.232,0,0,4,8,0.5,20.0,100.0,725.748,0.0,0,0.0,0.0
37.0,A,RUNNING,33.232,0,0,4,8,0.5,20.0,100.0,724.748,0.0,0,0.0,0.0
38.0,A,RUNNING,34.232,0,0,4,8,0.5,20.0,100.0,723.748,0.0,0,0.0,0.0
39.0,A,RUNNING,35.232,0,0,4,8,0.5,20.0,100.0,722.748,0.0,0,0.0,0.0
40.0,A,RUNNING,36.232,0,0,4,8,0.5,20.0,100.0,721.748,0.0,0,0.0,0.0
41.0,A,RUNNING,37.232,0,0,4,8,0.5,20.0,100.0,720.748,0.0,0,0.0,0.0
42.0,A,RUNNING,38.232,0,0,4,8,0.5,20.0,100.0,719.748,0.0,0,0.0,0.0
43.0,A,RUNNING,39.232,0,0,4,8,0.5,20.0,100.0,718.748,0.0,0,0.0,0.0
44.0,A,RUNNING,40.232,0,0,4,8,0.5,20.0,100.0,717.748,0.0,0,0.0,0.0
45.0,A,RUNNING,41.232,0,0,4,8,0.5,20.0,100.0,716.748,0.0,0,0.0,0.0
46.0,A,RUNNING,42.232,0,0,4,8,0.5,20.0,100.0,715.748,0.0,0,0.0,0.0
47.0,A,RUNNING,43.232,0,0,4,8,0.5,20.0,100.0,714.748,0.0,0,0.0,0.0
48.0,A,RUNNING,44.232,0,0,4,8,0.5,20.0,100.0,713.748,0.0,0,0.0,0.0
49.0,A,RUNNING,45.232,0,0,4,8,0.5,20.0,100.0,712.748,0.0,0,0.0,0.0
50.0,A,RUNNING,46.232,0,0,4,8,0.5,20.0,100.0,711.748,0.0,0,0.0,0.0
51.0,A,RUNNING,47.232,0,0,4,8,0.5,20.0,100.0,710.748,0.0,0,0.0,0.0
52.0,A,RUNNING,48.232,0,0,4,8,0.5,20.0,100.0,709.748,0.0,0,0.0,0.0
53.0,A,RUNNING,49.232,0,0,4,8,0.5,20.0,100.0,708.748,0.0,0,0.0,0.0
54.0,A,RUNNING,50.232,0,0,4,8,0.5,20.0,100.0,707.748,0.0,0,0.0,0.0
55.0,A,RUNNING,51.232,0,0,4,8,0.5,20.0,100.0,706.748,0.0,0,0.0,0.0
56.0,A,RUNNING,52.232,0,0,4,8,0.5,20.0,100.0,705.748,0.0,0,0.0,0.0
57.0,A,RUNNING,53.232,0,0,4,8,0.5,20.0,100.0,704.748,0.0,0,0.0,0.0
58.0,A,RUNNING,54.232,0,0,4,8,0.5,20.0,100.0,703.748,0.0,0,0.0,0.0
59.0,A,RUNNING,55.232,0,0,4,8,0.5,20.0,100.0,702.748,0.0,0,0.0,0.0
60.0,A,RUNNING,56.232,0,0,4,8,0.5,20.0,100.0,701.748,0.0,0,0.0,0.0
61.0,A,RUNNING,57.232,0,0,4,8,0.5,20.0,100.0,700.748,0.0,0,0.0,0.0
62.0,A,RUNNING,58.232,0,0,4,8,0.5,20.0,100.0,699.748,0.0,0,0.0,0.0
63.0,A,RUNNING,59.232,0,0,4,8,0.5,20.0,100.0,698.748,0.0,0,0.0,0.0
64.0,A,RUNNING,60.232,0,0,4,8,0.5,20.0,100.0,697.748,0.0,0,0.0,0.0
65.0,A,RUNNING,61.232,0,0,4,8,0.5,20.0,100.0,696.748,0.0,0,0.0,0.0
66.0,A,RUNNING,62.232,0,0,4,8,0.5,20.0,100.0,695.748,0.0,0,0.0,0.0
67.0,A,RUNNING,63.232,0,0,4,8,0.5,20.0,100.0,694.748,0.0,0,0.0,0.0
68.0,A,RUNNING,64.232,0,0,4,8,0.5,20.0,100.0,693.748,0.0,0,0.0,0.0
69.0,A,RUNNING,65.232,0,0,4,8,0.5,20.0,100.0,692.748,0.0,0,0.0,0.0
70.0,A,RUNNING,66.232,0,0,4,8,0.5,20.0,100.0,691.748,0.0,0,0.0,0.0
71.0,A,RUNNING,67.232,0,0,4,8,0.5,20.0,100.0,690.748,0.0,0,0.0,0.0
72.0,A,RUNNING,68.232,0,0,4,8,0.5,20.0,100.0,689.748,0.0,0,0.0,0.0
73.0,A,RUNNING,69.232,0,0,4,8,0.5,20.0,100.0,688.748,0.0,0,0.0,0.0
74.0,A,RUNNING,70.232,0,0,4,8,0.5,20.0,100.0,687.748,0.0,0,0.0,0.0
75.0,A,RUNNING,71.232,0,0,4,8,0.5,20.0,100.0,686.748,0.0,0,0.0,0.0
76.0,A,RUNNING,72.232,0,0,4,8,0.5,20.0,100.0,685.748,0.0,0,0.0,0.0
77.0,A,RUNNING,73.232,0,0,4,8,0.5,20.0,100.0,684.748,0.0,0,0.0,0.0
78.0,A,RUNNING,74.232,0,0,4,8,0.5,20.0,100.0,683.748,0.0,0,0.0,0.0
79.0,A,RUNNING,75.232,0,0,4,8,0.5,20.0,100.0,682.748,0.0,0,0.0,0.0
80.0,A,RUNNING,76.232,0,0,4,8,0.5,20.0,100.0,681.748,0.0,0,0.0,0.0
81.0,A,RUNNING,77.232,0,0,4,8,0.5,20.0,100.0,680.748,0.0,0,0.0,0.0
82.0,A,RUNNING,78.232,0,0,4,8,0.5,20.0,100.0,679.748,0.0,0,0.0,0.0
83.0,A,RUNNING,79.232,0,0,4,8,0.5,20.0,100.0,678.748,0.0,0,0.0,0.0
84.0,A,RUNNING,80.232,0,0,4,8,0.5,20.0,100.0,677.748,0.0,0,0.0,0.0
85.0,A,RUNNING,81.232,0,0,4,8,0.5,20.0,100.0,676.748,0.0,0,0.0,0.0
86.0,A,RUNNING,82.232,0,0,4,8,0.5,20.0,100.0,675.748,0.0,0,0.0,0.0
87.0,A,RUNNING,83.232,0,0,4,8,0.5,20.0,100.0,674.748,0.0,0,0.0,0.0
88.0,A,RUNNING,84.232,0,0,4,8,0.5,20.0,100.0,673.748,0.0,0,0.0,0.0
89.0,A,RUNNING,85.232,0,0,4,8,0.5,20.0,100.0,672.748,0.0,0,0.0,0.0
90.0,A,RUNNING,86.232,0,0,4,8,0.5,20.0,100.0,671.748,0.0,0,0.0,0.0
91.0,A,RUNNING,87.232,0,0,4,8,0.5,20.0,100.0,670.748,0.0,0,0.0,0.0
92.0,A,RUNNING,88.232,0,0,4,8,0.5,20.0,100.0,669.748,0.0,0,0.0,0.0
93.0,A,RUNNING,89.232,0,0,4,8,0.5,20.0,100.0,668.748,0.0,0,0.0,0.0
94.0,A,RUNNING,90.232,0,0,4,8,0.5,20.0,100.0,667.748,0.0,0,0.0,0.0
95.0,A,RUNNING,91.232,0,0,4,8,0.5,20.0,100.0,666.748,0.0,0,0.0,0.0
96.0,A,RUNNING,92.232,0,0,4,8,0.5,20.0,100.0,665.748,0.0,0,0.0,0.0
97.0,A,RUNNING,93.232,0,0,4,8,0.5,20.0,100.0,664.748,0.0,0,0.0,0.0
98.0,A,RUNNING,94.232,0,0,4,8,0.5,20.0,100.0,663.748,0.0,0,0.0,0.0
99.0,A,RUNNING,95.232,0,0,4,8,0.5,20.0,100.0,662.748,0.0,0,0.0,0.0
100.0,A,RUNNING,96.232,0,0,4,8,0.5,20.0,100.0,661.748,0.0,0,0.0,0.0
101.0,A,RUNNING,97.232,0,0,4,8,0.5,20.0,100.0,660.748,0.0,0,0.0,0.0
102.0,A,RUNNING,98.232,0,0,4,8,0.5,20.0,100.0,659.748,0.0,0,0.0,0.0
103.0,A,RUNNING,99.232,0,0,4,8,0.5,20.0,100.0,658.748,0.0,0,0.0,0.0
104.0,A,RUNNING,100.232,0,0,4,8,0.5,20.0,100.0,657.748,0.0,0,0.0,0.0
105.0,A,RUNNING,101.232,0,0,4,8,0.5,20.0,100.0,656.748,0.0,0,0.0,0.0
106.0,A,RUNNING,102.232,0,0,4,8,0.5,20.0,100.0,655.748,0.0,0,0.0,0.0
107.0,A,RUNNING,103.232,0,0,4,8,0.5,20.0,100.0,654.748,0.0,0,0.0,0.0
108.0,A,RUNNING,104.232,0,0,4,8,0.5,20.0,100.0,653.748,0.0,0,0.0,0.0
109.0,A,RUNNING,105.232,0,0,4,8,0.5,20.0,100.0,652.748,0.0,0,0.0,0.0
110.0,A,RUNNING,106.232,0,0,4,8,0.5,20.0,100.0,651.748,0.0,0,0.0,0.0
111.0,A,RUNNING,107.232,0,0,4,8,0.5,20.0,100.0,650.748,0.0,0,0.0,0.0
112.0,A,RUNNING,108.232,0,0,4,8,0.5,20.0,100.0,649.748,0.0,0,0.0,0.0
113.0,A,RUNNING,109.232,0,0,4,8,0.5,20.0,100.0,648.748,0.0,0,0.0,0.0
114.0,A,RUNNING,110.232,0,0,4,8,0.5,20.0,100.0,647.748,0.0,0,0.0,0.0
115.0,A,RUNNING,111.232,0,0,4,8,0.5,20.0,100.0,646.748,0.0,0,0.0,0.0
116.0,A,RUNNING,112.232,0,0,4,8,0.5,20.0,100.0,645.748,0.0,0,0.0,0.0
117.0,A,RUNNING,113.232,0,0,4,8,0.5,20.0,100.0,644.748,0.0,0,0.0,0.0
118.0,A,RUNNING,114.232,0,0,4,8,0.5,20.0,100.0,643.748,0.0,0,0.0,0.0
119.0,A,RUNNING,115.232,0,0,4,8,0.5,20.0,100.0,642.748,0.0,0,0.0,0.0
120.0,A,RUNNING,116.232,0,0,4,8,0.5,20.0,100.0,641.748,0.0,0,0.0,0.0
121.0,A,RUNNING,117.232,0,0,4,8,0.5,20.0,100.0,640.748,0.0,0,0.0,0.0
122.0,A,RUNNING,118.232,0,0,4,8,0.5,20.0,100.0,639.748,0.0,0,0.0,0.0
123.0,A,RUNNING,119.232,0,0,4,8,0.5,20.0,100.0,638.748,0.0,0,0.0,0.0
124.0,A,RUNNING,120.232,0,0,4,8,0.5,20.0,100.0,637.748,0.0,0,0.0,0.0
125.0,A,RUNNING,121.232,0,0,4,8,0.5,20.0,100.0,636.748,0.0,0,0.0,0.0
126.0,A,RUNNING,122.232,0,0,4,8,0.5,20.0,100.0,635.748,0.0,0,0.0,0.0
127.0,A,RUNNING,123.232,0,0,4,8,0.5,20.0,100.0,634.748,0.0,0,0.0,0.0
128.0,A,RUNNING,124.232,0,0,4,8,0.5,20.0,100.0,633.748,0.0,0,0.0,0.0
129.0,A,RUNNING,125.232,0,0,4,8,0.5,20.0,100.0,632.748,0.0,0,0.0,0.0
130.0,A,RUNNING,126.232,0,0,4,8,0.5,20.0,100.0,631.748,0.0,0,0.0,0.0
131.0,A,RUNNING,127.232,0,0,4,8,0.5,20.0,100.0,630.748,0.0,0,0.0,0.0
132.0,A,RUNNING,128.232,0,0,4,8,0.5,20.0,100.0,629.748,0.0,0,0.0,0.0
133.0,A,RUNNING,129.232,0,0,4,8,0.5,20.0,100.0,628.748,0.0,0,0.0,0.0
134.0,A,RUNNING,130.232,0,0,4,8,0.5,20.0,100.0,627.748,0.0,0,0.0,0.0
135.0,A,RUNNING,131.232,0,0,4,8,0.5,20.0,100.0,626.748,0.0,0,0.0,0.0
136.0,A,RUNNING,132.232,0,0,4,8,0.5,20.0,100.0,625.748,0.0,0,0.0,0.0
137.0,A,RUNNING,133.232,0,0,4,8,0.5,20.0,100.0,624.748,0.0,0,0.0,0.0
138.0,A,RUNNING,134.232,0,0,4,8,0.5,20.0,100.0,623.748,0.0,0,0.0,0.0
139.0,A,RUNNING,135.232,0,0,4,8,0.5,20.0,100.0,622.748,0.0,0,0.0,0.0
140.0,A,RUNNING,136.232,0,0,4,8,0.5,20.0,100.0,621.748,0.0,0,0.0,0.0
141.0,A,RUNNING,137.232,0,0,4,8,0.5,20.0,100.0,620.748,0.0,0,0.0,0.0
142.0,A,RUNNING,138.232,0,0,4,8,0.5,20.0,100.0,619.748,0.0,0,0.0,0.0
143.0,A,RUNNING,139.232,0,0,4,8,0.5,20.0,100.0,618.748,0.0,0,0.0,0.0
144.0,A,RUNNING,140.232,0,0,4,8,0.5,20.0,100.0,617.748,0.0,0,0.0,0.0
145.0,A,RUNNING,141.232,0,0,4,8,0.5,20.0,100.0,616.748,0.0,0,0.0,0.0
146.0,A,RUNNING,142.232,0,0,4,8,0.5,20.0,100.0,615.748,0.0,0,0.0,0.0
147.0,A,RUNNING,143.232,0,0,4,8,0.5,20.0,100.0,614.748,0.0,0,0.0,0.0
148.0,A,RUNNING,144.232,0,0,4,8,0.5,20.0,100.0,613.748,0.0,0,0.0,0.0
149.0,A,RUNNING,145.232,0,0,4,8,0.5,20.0,100.0,612.748,0.0,0,0.0,0.0
150.0,A,RUNNING,146.232,0,0,4,8,0.5,20.0,100.0,611.748,0.0,0,0.0,0.0
151.0,A,RUNNING,147.232,0,0,4,8,0.5,20.0,100.0,610.748,0.0,0,0.0,0.0
152.0,A,RUNNING,148.232,0,0,4,8,0.5,20.0,100.0,609.748,0.0,0,0.0,0.0
153.0,A,RUNNING,149.232,0,0,4,8,0.5,20.0,100.0,608.748,0.0,0,0.0,0.0
154.0,A,RUNNING,150.232,0,0,4,8,0.5,20.0,100.0,607.748,0.0,0,0.0,0.0
155.0,A,RUNNING,151.232,0,0,4,8,0.5,20.0,100.0,606.748,0.0,0,0.0,0.0
156.0,A,RUNNING,152.232,0,0,4,8,0.5,20.0,100.0,605.748,0.0,0,0.0,0.0
157.0,A,RUNNING,153.232,0,0,4,8,0.5,20.0,100.0,604.748,0.0,0,0.0,0.0
158.0,A,RUNNING,154.232,0,0,4,8,0.5,20.0,100.0,603.748,0.0,0,0.0,0.0
159.0,A,RUNNING,155.232,0,0,4,8,0.5,20.0,100.0,602.748,0.0,0,0.0,0.0
160.0,A,RUNNING,156.232,0,0,4,8,0.5,20.0,100.0,601.748,0.0,0,0.0,0.0
161.0,A,RUNNING,157.232,0,0,4,8,0.5,20.0,100.0,600.748,0.0,0,0.0,0.0
162.0,A,RUNNING,158.232,0,0,4,8,0.5,20.0,100.0,599.748,0.0,0,0.0,0.0
163.0,A,RUNNING,159.232,0,0,4,8,0.5,20.0,100.0,598.748,0.0,0,0.0,0.0
164.0,A,RUNNING,160.232,0,0,4,8,0.5,20.0,100.0,597.748,0.0,0,0.0,0.0
165.0,A,RUNNING,161.232,0,0,4,8,0.5,20.0,100.0,596.748,0.0,0,0.0,0.0
166.0,A,RUNNING,162.232,0,0,4,8,0.5,20.0,100.0,595.748,0.0,0,0.0,0.0
167.0,A,RUNNING,163.232,0,0,4,8,0.5,20.0,100.0,594.748,0.0,0,0.0,0.0
168.0,A,RUNNING,164.232,0,0,4,8,0.5,20.0,100.0,593.748,0.0,0,0.0,0.0
169.0,A,RUNNING,165.232,0,0,4,8,0.5,20.0,100.0,592.748,0.0,0,0.0,0.0
170.0,A,RUNNING,166.232,0,0,4,8,0.5,20.0,100.0,591.748,0.0,0,0.0,0.0
171.0,A,RUNNING,167.232,0,0,4,8,0.5,20.0,100.0,590.748,0.0,0,0.0,0.0
172.0,A,RUNNING,168.232,0,0,4,8,0.5,20.0,100.0,589.748,0.0,0,0.0,0.0
173.0,A,RUNNING,169.232,0,0,4,8,0.5,20.0,100.0,588.748,0.0,0,0.0,0.0
174.0,A,RUNNING,170.232,0,0,4,8,0.5,20.0,100.0,587.748,0.0,0,0.0,0.0
175.0,A,RUNNING,171.232,0,0,4,8,0.5,20.0,100.0,586.748,0.0,0,0.0,0.0
176.0,A,RUNNING,172.232,0,0,4,8,0.5,20.0,100.0,585.748,0.0,0,0.0,0.0
177.0,A,RUNNING,173.232,0,0,4,8,0.5,20.0,100.0,584.748,0.0,0,0.0,0.0
178.0,A,RUNNING,174.232,0,0,4,8,0.5,20.0,100.0,583.748,0.0,0,0.0,0.0
179.0,A,RUNNING,175.232,0,0,4,8,0.5,20.0,100.0,582.748,0.0,0,0.0,0.0
180.0,A,RUNNING,176.232,0,0,4,8,0.5,20.0,100.0,581.748,0.0,0,0.0,0.0
181.0,A,RUNNING,177.232,0,0,4,8,0.5,20.0,100.0,580.748,0.0,0,0.0,0.0
182.0,A,RUNNING,178.232,0,0,4,8,0.5,20.0,100.0,579.748,0.0,0,0.0,0.0
183.0,A,RUNNING,179.232,0,0,4,8,0.5,20.0,100.0,578.748,0.0,0,0.0,0.0
184.0,A,RUNNING,180.232,0,0,4,8,0.5,20.0,100.0,577.748,0.0,0,0.0,0.0
185.0,A,RUNNING,181.232,0,0,4,8,0.5,20.0,100.0,576.748,0.0,0,0.0,0.0
186.0,A,RUNNING,182.232,0,4,0,8,0.0,20.0,100.0,1295.748,0.0,0,0.0,0.0
187.0,A,RUNNING,183.232,0,4,0,8,0.0,20.0,100.0,1294.748,0.0,0,0.0,0.0
188.0,A,RUNNING,184.232,0,4,0,8,0.0,20.0,100.0,1293.748,0.0,0,0.0,0.0
189.0,A,RUNNING,185.232,0,4,0,8,0.0,20.0,100.0,1292.748,0.0,0,0.0,0.0
190.0,A,RUNNING,186.232,0,4,0,8,0.0,20.0,100.0,1291.748,0.0,0,0.0,0.0
191.0,A,RUNNING,187.232,0,4,0,8,0.0,20.0,100.0,1290.748,0.0,0,0.0,0.0
192.0,A,RUNNING,188.232,0,4,0,8,0.0,20.0,100.0,1289.748,0.0,0,0.0,0.0
193.0,A,RUNNING,189.232,0,4,0,8,0.0,20.0,100.0,1288.748,0.0,0,0.0,0.0
194.0,A,RUNNING,190.232,0,4,0,8,0.0,20.0,100.0,1287.748,0.0,0,0.0,0.0
195.0,A,RUNNING,191.232,0,4,0,8,0.0,20.0,100.0,1286.748,0.0,0,0.0,0.0
196.0,A,RUNNING,192.232,0,4,0,8,0.0,20.0,100.0,1285.748,0.0,0,0.0,0.0
197.0,A,RUNNING,193.232,0,4,0,8,0.0,20.0,100.0,1284.748,0.0,0,0.0,0.0
198.0,A,RUNNING,194.232,0,4,0,8,0.0,20.0,100.0,1283.748,0.0,0,0.0,0.0
199.0,A,RUNNING,195.232,0,4,0,8,0.0,20.0,100.0,1282.748,0.0,0,0.0,0.0
200.0,A,RUNNING,196.232,0,4,0,8,0.0,20.0,100.0,1281.748,0.0,0,0.0,0.0
201.0,A,RUNNING,197.232,0,4,0,8,0.0,20.0,100.0,1280.748,0.0,0,0.0,0.0
202.0,A,RUNNING,198.232,0,4,0,8,0.0,20.0,100.0,1279.748,0.0,0,0.0,0.0
203.0,A,RUNNING,199.232,0,4,0,8,0.0,20.0,100.0,1278.748,0.0,0,0.0,0.0
204.0,A,RUNNING,200.232,0,4,0,8,0.0,20.0,100.0,1277.748,0.0,0,0.0,0.0
205.0,A,RUNNING,201.232,0,4,0,8,0.0,20.0,100.0,1276.748,0.0,0,0.0,0.0
206.0,A,RUNNING,202.232,0,4,0,8,0.0,20.0,100.0,1275.748,0.0,0,0.0,0.0
207.0,A,RUNNING,203.232,0,4,0,8,0.0,20.0,100.0,1274.748,0.0,0,0.0,0.0
208.0,A,RUNNING,204.232,0,4,0,8,0.0,20.0,100.0,1273.748,0.0,0,0.0,0.0
209.0,A,RUNNING,205.232,0,4,0,8,0.0,20.0,100.0,1272.748,0.0,0,0.0,0.0
210.0,A,RUNNING,206.232,0,4,0,8,0.0,20.0,100.0,1271.748,0.0,0,0.0,0.0
211.0,A,RUNNING,207.232,0,4,0,8,0.0,20.0,100.0,1270.748,0.0,0,0.0,0.0
212.0,A,RUNNING,208.232,0,4,0,8,0.0,20.0,100.0,1269.748,0.0,0,0.0,0.0
213.0,A,RUNNING,209.232,0,4,0,8,0.0,20.0,100.0,1268.748,0.0,0,0.0,0.0
214.0,A,RUNNING,210.232,0,4,0,8,0.0,20.0,100.0,1267.748,0.0,0,0.0,0.0
215.0,A,RUNNING,211.232,0,4,0,8,0.0,20.0,100.0,1266.748,0.0,0,0.0,0.0
216.0,A,RUNNING,212.232,0,4,0,8,0.0,20.0,100.0,1265.748,0.0,0,0.0,0.0
217.0,A,RUNNING,213.232,0,4,0,8,0.0,20.0,100.0,1264.748,0.0,0,0.0,0.0
218.0,A,RUNNING,214.232,0,4,0,8,0.0,20.0,100.0,1263.748,0.0,0,0.0,0.0
219.0,A,RUNNING,215.232,0,4,0,8,0.0,20.0,100.0,1262.748,0.0,0,0.0,0.0
220.0,A,RUNNING,216.236,0,4,0,8,0.0,20.0,100.0,1261.744,0.0,0,0.0,0.0
221.0,A,RUNNING,217.232,0,4,0,8,0.0,20.0,100.0,1260.748,0.0,0,0.0,0.0
222.0,A,RUNNING,218.232,1,4,1,8,0.125,20.0,99.9,1256.6099,0.0,0,0.0,0.0
223.0,A,RUNNING,219.232,1,4,1,8,0.125,20.0,99.9,1255.6099,0.0,0,0.0,0.0
224.0,A,RUNNING,220.232,1,4,1,8,0.125,20.0,99.9,1254.6099,0.0,0,0.0,0.0
225.0,A,RUNNING,221.232,1,4,1,8,0.125,20.0,99.9,1253.6099,0.0,0,0.0,0.0
226.0,A,RUNNING,222.232,1,4,1,8,0.125,20.0,99.9,1252.6099,0.0,0,0.0,0.0
227.0,A,RUNNING,223.232,1,4,1,8,0.125,20.0,99.9,1251.6099,0.0,0,0.0,0.0
228.0,A,RUNNING,224.232,1,4,1,8,0.125,20.0,99.9,1250.6099,0.0,0,0.0,0.0
229.0,A,RUNNING,225.232,1,4,1,8,0.125,20.0,99.9,1249.6099,0.0,0,0.0,0.0
230.0,A,RUNNING,226.232,1,4,1,8,0.125,20.0,99.9,1248.6099,0.0,0,0.0,0.0
231.0,A,RUNNING,227.232,1,4,1,8,0.125,20.0,99.9,1247.6099,0.0,0,0.0,0.0
232.0,A,RUNNING,228.232,1,4,1,8,0.125,20.0,99.9,1246.6099,0.0,0,0.0,0.0
233.0,A,RUNNING,229.232,1,4,1,8,0.125,20.0,99.9,1245.6099,0.0,0,0.0,0.0
234.0,A,RUNNING,230.232,1,4,1,8,0.125,20.0,99.9,1244.6099,0.0,0,0.0,0.0
235.0,A,RUNNING,231.232,1,4,1,8,0.125,20.0,99.9,1243.6099,0.0,0,0.0,0.0
236.0,A,RUNNING,232.232,1,4,1,8,0.125,20.0,99.9,1242.6099,0.0,0,0.0,0.0
237.0,A,RUNNING,233.232,1,4,1,8,0.125,20.0,99.9,1241.6099,0.0,0,0.0,0.0
238.0,A,RUNNING,234.232,1,4,1,8,0.125,20.0,99.9,1240.6099,0.0,0,0.0,0.0
239.0,A,RUNNING,235.232,1,4,1,8,0.125,20.0,99.9,1239.6099,0.0,0,0.0,0.0
240.0,A,RUNNING,236.232,1,4,1,8,0.125,20.0,99.9,1238.6099,0.0,0,0.0,0.0
241.0,A,RUNNING,237.232,1,4,1,8,0.125,20.0,99.9,1237.6099,0.0,0,0.0,0.0
242.0,A,RUNNING,238.232,1,4,1,8,0.125,20.0,99.9,1236.6099,0.0,0,0.0,0.0
243.0,A,RUNNING,239.232,1,4,1,8,0.125,20.0,99.9,1235.6099,0.0,0,0.0,0.0
244.0,A,RUNNING,240.232,1,4,1,8,0.125,20.0,99.9,1234.6099,0.0,0,0.0,0.0
245.0,A,RUNNING,241.232,1,4,1,8,0.125,20.0,99.9,1233.6099,0.0,0,0.0,0.0
246.0,A,RUNNING,242.232,1,4,1,8,0.125,20.0,99.9,1232.6099,0.0,0,0.0,0.0
247.0,A,RUNNING,243.232,1,4,1,8,0.125,20.0,99.9,1231.6099,0.0,0,0.0,0.0
248.0,A,RUNNING,244.232,1,4,1,8,0.125,20.0,99.9,1230.6099,0.0,0,0.0,0.0
249.0,A,RUNNING,245.232,1,4,1,8,0.125,20.0,99.9,1229.6099,0.0,0,0.0,0.0
250.0,A,RUNNING,246.232,1,4,1,8,0.125,20.0,99.9,1228.6099,0.0,0,0.0,0.0
251.0,A,RUNNING,247.232,1,4,1,8,0.125,20.0,99.9,1227.6099,0.0,0,0.0,0.0
252.0,A,RUNNING,248.232,1,4,1,8,0.125,20.0,99.9,1226.6099,0.0,0,0.0,0.0
253.0,A,RUNNING,249.232,1,4,1,8,0.125,20.0,99.9,1225.6099,0.0,0,0.0,0.0
254.0,A,RUNNING,250.232,1,4,1,8,0.125,20.0,99.9,1224.6099,0.0,0,0.0,0.0
255.0,A,RUNNING,251.232,1,4,1,8,0.125,20.0,99.9,1223.6099,0.0,0,0.0,0.0
256.0,A,RUNNING,252.232,1,4,1,8,0.125,20.0,99.9,1222.6099,0.0,0,0.0,0.0
257.0,A,RUNNING,253.232,1,4,1,8,0.125,20.0,99.9,1221.6099,0.0,0,0.0,0.0
258.0,A,RUNNING,254.232,1,4,1,8,0.125,20.0,99.9,1220.6099,0.0,0,0.0,0.0
259.0,A,RUNNING,255.232,1,4,1,8,0.125,20.0,99.9,1219.6099,0.0,0,0.0,0.0
260.0,A,RUNNING,256.232,1,4,1,8,0.125,20.0,99.9,1218.6099,0.0,0,0.0,0.0
261.0,A,RUNNING,257.232,1,4,1,8,0.125,20.0,99.9,1217.6099,0.0,0,0.0,0.0
262.0,A,RUNNING,258.232,1,4,1,8,0.125,20.0,99.9,1216.6099,0.0,0,0.0,0.0
263.0,A,RUNNING,259.232,1,4,1,8,0.125,20.0,99.9,1215.6099,0.0,0,0.0,0.0
264.0,A,RUNNING,260.232,1,4,1,8,0.125,20.0,99.9,1214.6099,0.0,0,0.0,0.0
265.0,A,RUNNING,261.232,1,4,1,8,0.125,20.0,99.9,1213.6099,0.0,0,0.0,0.0
266.0,A,RUNNING,262.232,1,4,1,8,0.125,20.0,99.9,1212.6099,0.0,0,0.0,0.0
267.0,A,RUNNING,263.232,1,4,1,8,0.125,20.0,99.9,1211.6099,0.0,0,0.0,0.0
268.0,A,RUNNING,264.232,1,4,1,8,0.125,20.0,99.9,1210.6099,0.0,0,0.0,0.0
269.0,A,RUNNING,265.232,1,4,1,8,0.125,20.0,99.9,1209.6099,0.0,0,0.0,0.0
270.0,A,RUNNING,266.232,1,4,1,8,0.125,20.0,99.9,1208.6099,0.0,0,0.0,0.0
271.0,A,RUNNING,267.232,1,4,1,8,0.125,20.0,99.9,1207.6099,0.0,0,0.0,0.0
272.0,A,RUNNING,268.232,1,4,1,8,0.125,20.0,99.9,1206.6099,0.0,0,0.0,0.0
273.0,A,RUNNING,269.232,1,4,1,8,0.125,20.0,99.9,1205.6099,0.0,0,0.0,0.0
274.0,A,RUNNING,270.232,1,4,1,8,0.125,20.0,99.9,1204.6099,0.0,0,0.0,0.0
275.0,A,RUNNING,271.232,1,4,1,8,0.125,20.0,99.9,1203.6099,0.0,0,0.0,0.0
276.0,A,RUNNING,272.232,1,4,1,8,0.125,20.0,99.9,1202.6099,0.0,0,0.0,0.0
277.0,A,RUNNING,273.232,1,4,1,8,0.125,20.0,99.9,1201.6099,0.0,0,0.0,0.0
278.0,A,RUNNING,274.232,1,4,1,8,0.125,20.0,99.9,1200.6099,0.0,0,0.0,0.0
279.0,A,RUNNING,275.232,1,4,1,8,0.125,20.0,99.9,1199.6099,0.0,0,0.0,0.0
280.0,A,RUNNING,276.232,1,4,1,8,0.125,20.0,99.9,1198.6099,0.0,0,0.0,0.0
281.0,A,RUNNING,277.232,1,4,1,8,0.125,20.0,99.9,1197.6099,0.0,0,0.0,0.0
282.0,A,RUNNING,278.232,1,4,1,8,0.125,20.0,99.9,1196.6099,0.0,0,0.0,0.0
283.0,A,RUNNING,279.232,1,4,1,8,0.125,20.0,99.9,1195.6099,0.0,0,0.0,0.0
284.0,A,RUNNING,280.232,1,4,1,8,0.125,20.0,99.9,1194.6099,0.0,0,0.0,0.0
285.0,A,RUNNING,281.232,1,4,1,8,0.125,20.0,99.9,1193.6099,0.0,0,0.0,0.0
286.0,A,RUNNING,282.232,1,4,1,8,0.125,20.0,99.9,1192.6099,0.0,0,0.0,0.0
287.0,A,RUNNING,283.232,1,4,1,8,0.125,20.0,99.9,1191.6099,0.0,0,0.0,0.0
288.0,A,RUNNING,284.232,1,4,1,8,0.125,20.0,99.9,1190.6099,0.0,0,0.0,0.0
289.0,A,RUNNING,285.232,1,4,1,8,0.125,20.0,99.9,1189.6099,0.0,0,0.0,0.0
290.0,A,RUNNING,286.232,1,4,1,8,0.125,20.0,99.9,1188.6099,0.0,0,0.0,0.0
291.0,A,RUNNING,287.232,1,4,1,8,0.125,20.0,99.9,1187.6099,0.0,0,0.0,0.0
292.0,A,RUNNING,288.232,1,4,1,8,0.125,20.0,99.9,1186.6099,0.0,0,0.0,0.0
293.0,A,RUNNING,289.232,1,4,1,8,0.125,20.0,99.9,1185.6099,0.0,0,0.0,0.0
294.0,A,RUNNING,290.232,1,4,1,8,0.125,20.0,99.9,1184.6099,0.0,0,0.0,0.0
295.0,A,RUNNING,291.232,1,4,1,8,0.125,20.0,99.9,1183.6099,0.0,0,0.0,0.0
296.0,A,RUNNING,292.232,1,4,1,8,0.125,20.0,99.9,1182.6099,0.0,0,0.0,0.0
297.0,A,RUNNING,293.232,1,4,1,8,0.125,20.0,99.9,1181.6099,0.0,0,0.0,0.0
298.0,A,RUNNING,294.232,1,4,1,8,0.125,20.0,99.9,1180.6099,0.0,0,0.0,0.0
299.0,A,RUNNING,295.232,1,4,1,8,0.125,20.0,99.9,1179.6099,0.0,0,0.0,0.0
300.0,A,RUNNING,296.232,1,4,1,8,0.125,20.0,99.9,1178.6099,0.0,0,0.0,0.0
301.0,A,RUNNING,297.232,1,4,1,8,0.125,20.0,99.9,1177.6099,0.0,0,0.0,0.0
302.0,A,RUNNING,298.232,1,4,1,8,0.125,20.0,99.9,1176.6099,0.0,0,0.0,0.0
303.0,A,RUNNING,299.232,1,4,1,8,0.125,20.0,99.9,1175.6099,0.0,0,0.0,0.0
304.0,A,RUNNING,300.232,1,4,1,8,0.125,20.0,99.9,1174.6099,0.0,0,0.0,0.0
305.0,A,RUNNING,301.232,1,4,1,8,0.125,20.0,99.9,1173.6099,0.0,0,0.0,0.0
306.0,A,RUNNING,302.232,1,4,1,8,0.125,20.0,99.9,1172.6099,0.0,0,0.0,0.0
307.0,A,RUNNING,303.232,1,4,1,8,0.125,20.0,99.9,1171.6099,0.0,0,0.0,0.0
308.0,A,RUNNING,304.232,1,4,1,8,0.125,20.0,99.9,1170.6099,0.0,0,0.0,0.0
309.0,A,RUNNING,305.232,1,4,1,8,0.125,20.0,99.9,1169.6099,0.0,0,0.0,0.0
310.0,A,RUNNING,306.232,1,4,1,8,0.125,20.0,99.9,1168.6099,0.0,0,0.0,0.0
311.0,A,RUNNING,307.232,1,4,1,8,0.125,20.0,99.9,1167.6099,0.0,0,0.0,0.0
312.0,A,RUNNING,308.232,1,4,1,8,0.125,20.0,99.9,1166.6099,0.0,0,0.0,0.0
313.0,A,RUNNING,309.232,1,4,1,8,0.125,20.0,99.9,1165.6099,0.0,0,0.0,0.0
314.0,A,RUNNING,310.232,1,4,1,8,0.125,20.0,99.9,1164.6099,0.0,0,0.0,0.0
315.0,A,RUNNING,311.232,1,4,1,8,0.125,20.0,99.9,1163.6099,0.0,0,0.0,0.0
316.0,A,RUNNING,312.232,1,4,1,8,0.125,20.0,99.9,1162.6099,0.0,0,0.0,0.0
317.0,A,RUNNING,313.232,1,4,1,8,0.125,20.0,99.9,1161.6099,0.0,0,0.0,0.0
318.0,A,RUNNING,314.232,1,4,1,8,0.125,20.0,99.9,1160.6099,0.0,0,0.0,0.0
319.0,A,RUNNING,315.232,1,4,1,8,0.125,20.0,99.9,1159.6099,0.0,0,0.0,0.0
320.0,A,RUNNING,316.232,1,4,1,8,0.125,20.0,99.9,1158.6099,0.0,0,0.0,0.0
321.0,A,RUNNING,317.232,1,4,1,8,0.125,20.0,99.9,1157.6099,0.0,0,0.0,0.0
322.0,A,RUNNING,318.232,1,4,1,8,0.125,20.0,99.9,1156.6099,0.0,0,0.0,0.0
323.0,A,RUNNING,319.232,1,4,1,8,0.125,20.0,99.9,1155.6099,0.0,0,0.0,0.0
324.0,A,RUNNING,320.232,1,4,1,8,0.125,20.0,99.9,1154.6099,0.0,0,0.0,0.0
325.0,A,RUNNING,321.232,1,4,1,8,0.125,20.0,99.9,1153.6099,0.0,0,0.0,0.0
326.0,A,RUNNING,322.232,1,4,1,8,0.125,20.0,99.9,1152.6099,0.0,0,0.0,0.0
327.0,A,RUNNING,323.232,1,4,1,8,0.125,20.0,99.9,1151.6099,0.0,0,0.0,0.0
328.0,A,RUNNING,324.232,1,4,1,8,0.125,20.0,99.9,1150.6099,0.0,0,0.0,0.0
329.0,A,RUNNING,325.232,1,4,1,8,0.125,20.0,99.9,1149.6099,0.0,0,0.0,0.0
330.0,A,RUNNING,326.232,1,4,1,8,0.125,20.0,99.9,1148.6099,0.0,0,0.0,0.0
331.0,A,RUNNING,327.232,1,4,1,8,0.125,20.0,99.9,1147.6099,0.0,0,0.0,0.0
332.0,A,RUNNING,328.232,1,4,1,8,0.125,20.0,99.9,1146.6099,0.0,0,0.0,0.0
333.0,A,RUNNING,329.232,1,4,1,8,0.125,20.0,99.9,1145.6099,0.0,0,0.0,0.0
334.0,A,RUNNING,330.232,1,4,1,8,0.125,20.0,99.9,1144.6099,0.0,0,0.0,0.0
335.0,A,RUNNING,331.232,1,4,1,8,0.125,20.0,99.9,1143.6099,0.0,0,0.0,0.0
336.0,A,RUNNING,332.232,1,4,1,8,0.125,20.0,99.9,1142.6099,0.0,0,0.0,0.0
337.0,A,RUNNING,333.232,1,4,1,8,0.125,20.0,99.9,1141.6099,0.0,0,0.0,0.0
338.0,A,RUNNING,334.232,1,4,1,8,0.125,20.0,99.9,1140.6099,0.0,0,0.0,0.0
339.0,A,RUNNING,335.232,1,4,1,8,0.125,20.0,99.9,1139.6099,0.0,0,0.0,0.0
340.0,A,RUNNING,336.232,1,4,1,8,0.125,20.0,99.9,1138.6099,0.0,0,0.0,0.0
341.0,A,RUNNING,337.232,1,4,1,8,0.125,20.0,99.9,1137.6099,0.0,0,0.0,0.0
342.0,A,RUNNING,338.232,1,4,1,8,0.125,20.0,99.9,1136.6099,0.0,0,0.0,0.0
343.0,A,RUNNING,339.232,1,4,1,8,0.125,20.0,99.9,1135.6099,0.0,0,0.0,0.0
344.0,A,RUNNING,340.232,1,4,1,8,0.125,20.0,99.9,1134.6099,0.0,0,0.0,0.0
345.0,A,RUNNING,341.232,1,4,1,8,0.125,20.0,99.9,1133.6099,0.0,0,0.0,0.0
346.0,A,RUNNING,342.232,1,4,1,8,0.125,20.0,99.9,1132.6099,0.0,0,0.0,0.0
347.0,A,RUNNING,343.232,1,4,1,8,0.125,20.0,99.9,1131.6099,0.0,0,0.0,0.0
348.0,A,RUNNING,344.232,1,4,1,8,0.125,20.0,99.9,1130.6099,0.0,0,0.0,0.0
349.0,A,RUNNING,345.232,1,4,1,8,0.125,20.0,99.9,1129.6099,0.0,0,0.0,0.0
350.0,A,RUNNING,346.232,1,4,1,8,0.125,20.0,99.9,1128.6099,0.0,0,0.0,0.0
351.0,A,RUNNING,347.232,1,4,1,8,0.125,20.0,99.9,1127.6099,0.0,0,0.0,0.0
352.0,A,RUNNING,348.232,1,4,1,8,0.125,20.0,99.9,1126.6099,0.0,0,0.0,0.0
353.0,A,RUNNING,349.232,1,4,1,8,0.125,20.0,99.9,1125.6099,0.0,0,0.0,0.0
354.0,A,RUNNING,350.232,1,4,1,8,0.125,20.0,99.9,1124.6099,0.0,0,0.0,0.0
355.0,A,RUNNING,351.232,1,4,1,8,0.125,20.0,99.9,1123.6099,0.0,0,0.0,0.0
356.0,A,RUNNING,352.232,1,4,1,8,0.125,20.0,99.9,1122.6099,0.0,0,0.0,0.0
357.0,A,RUNNING,353.232,1,4,1,8,0.125,20.0,99.9,1121.6099,0.0,0,0.0,0.0
358.0,A,RUNNING,354.232,1,4,1,8,0.125,20.0,99.9,1120.6099,0.0,0,0.0,0.0
359.0,A,RUNNING,355.232,1,4,1,8,0.125,20.0,99.9,1119.6099,0.0,0,0.0,0.0
360.0,A,RUNNING,356.232,1,4,1,8,0.125,20.0,99.9,1118.6099,0.0,0,0.0,0.0
361.0,A,RUNNING,357.232,1,4,1,8,0.125,20.0,99.9,1117.6099,0.0,0,0.0,0.0
362.0,A,RUNNING,358.232,1,4,1,8,0.125,20.0,99.9,1116.6099,0.0,0,0.0,0.0
363.0,A,RUNNING,359.232,1,4,1,8,0.125,20.0,99.9,1115.6099,0.0,0,0.0,0.0
364.0,A,RUNNING,360.232,1,4,1,8,0.125,20.0,99.9,1114.6099,0.0,0,0.0,0.0
365.0,A,RUNNING,361.232,1,4,1,8,0.125,20.0,99.9,1113.6099,0.0,0,0.0,0.0
366.0,A,RUNNING,362.232,1,4,1,8,0.125,20.0,99.9,1112.6099,0.0,0,0.0,0.0
367.0,A,RUNNING,363.232,1,4,1,8,0.125,20.0,99.9,1111.6099,0.0,0,0.0,0.0
368.0,A,RUNNING,364.232,1,4,1,8,0.125,20.0,99.9,1110.6099,0.0,0,0.0,0.0
369.0,A,RUNNING,365.232,1,4,1,8,0.125,20.0,99.9,1109.6099,0.0,0,0.0,0.0
370.0,A,RUNNING,366.232,1,4,1,8,0.125,20.0,99.9,1108.6099,0.0,0,0.0,0.0
371.0,A,RUNNING,367.232,1,4,1,8,0.125,20.0,99.9,1107.6099,0.0,0,0.0,0.0
372.0,A,RUNNING,368.232,1,4,1,8,0.125,20.0,99.9,1106.6099,0.0,0,0.0,0.0
373.0,A,RUNNING,369.232,1,4,1,8,0.125,20.0,99.9,1105.6099,0.0,0,0.0,0.0
374.0,A,RUNNING,370.232,1,4,1,8,0.125,20.0,99.9,1104.6099,0.0,0,0.0,0.0
375.0,A,RUNNING,371.232,1,4,1,8,0.125,20.0,99.9,1103.6099,0.0,0,0.0,0.0
376.0,A,RUNNING,372.232,1,4,1,8,0.125,20.0,99.9,1102.6099,0.0,0,0.0,0.0
377.0,A,RUNNING,373.232,1,4,1,8,0.125,20.0,99.9,1101.6099,0.0,0,0.0,0.0
378.0,A,RUNNING,374.232,1,4,1,8,0.125,20.0,99.9,1100.6099,0.0,0,0.0,0.0
379.0,A,RUNNING,375.232,1,4,1,8,0.125,20.0,99.9,1099.6099,0.0,0,0.0,0.0
380.0,A,RUNNING,376.232,1,4,1,8,0.125,20.0,99.9,1098.6099,0.0,0,0.0,0.0
381.0,A,RUNNING,377.232,1,4,1,8,0.125,20.0,99.9,1097.6099,0.0,0,0.0,0.0
382.0,A,RUNNING,378.232,1,4,1,8,0.125,20.0,99.9,1096.6099,0.0,0,0.0,0.0
383.0,A,RUNNING,379.232,1,4,1,8,0.125,20.0,99.9,1095.6099,0.0,0,0.0,0.0
384.0,A,RUNNING,380.232,1,4,1,8,0.125,20.0,99.9,1094.6099,0.0,0,0.0,0.0
385.0,A,RUNNING,381.232,1,4,1,8,0.125,20.0,99.9,1093.6099,0.0,0,0.0,0.0
386.0,A,RUNNING,382.232,1,4,1,8,0.125,20.0,99.9,1092.6099,0.0,0,0.0,0.0
387.0,A,RUNNING,383.232,1,4,1,8,0.125,20.0,99.9,1091.6099,0.0,0,0.0,0.0
388.0,A,RUNNING,384.232,1,4,1,8,0.125,20.0,99.9,1090.6099,0.0,0,0.0,0.0
389.0,A,RUNNING,385.232,1,4,1,8,0.125,20.0,99.9,1089.6099,0.0,0,0.0,0.0
390.0,A,RUNNING,386.232,1,4,1,8,0.125,20.0,99.9,1088.6099,0.0,0,0.0,0.0
391.0,A,RUNNING,387.232,1,4,1,8,0.125,20.0,99.9,1087.6099,0.0,0,0.0,0.0
392.0,A,RUNNING,388.232,1,4,1,8,0.125,20.0,99.9,1086.6099,0.0,0,0.0,0.0
393.0,A,RUNNING,389.232,1,4,1,8,0.125,20.0,99.9,1085.6099,0.0,0,0.0,0.0
394.0,A,RUNNING,390.232,1,4,1,8,0.125,20.0,99.9,1084.6099,0.0,0,0.0,0.0
395.0,A,RUNNING,391.232,1,4,1,8,0.125,20.0,99.9,1083.6099,0.0,0,0.0,0.0
396.0,A,RUNNING,392.232,1,4,1,8,0.125,20.0,99.9,1082.6099,0.0,0,0.0,0.0
397.01,A,RUNNING,393.244,1,4,1,8,0.125,20.0,99.9,1081.5979,0.0,0,0.0,0.0
398.0,A,RUNNING,394.232,1,4,1,8,0.125,20.0,99.9,1080.6099,0.0,0,0.0,0.0
399.0,A,RUNNING,395.232,2,4,2,8,0.25,20.0,99.8,1112.0419,0.0,0,0.0,0.0
400.0,A,RUNNING,396.232,2,4,2,8,0.25,20.0,99.8,1111.0419,0.0,0,0.0,0.0
401.0,A,RUNNING,397.232,2,4,2,8,0.25,20.0,99.8,1110.0419,0.0,0,0.0,0.0
402.0,A,RUNNING,398.232,2,4,2,8,0.25,20.0,99.8,1109.0419,0.0,0,0.0,0.0
403.0,A,RUNNING,399.232,2,4,2,8,0.25,20.0,99.8,1108.0419,0.0,0,0.0,0.0
404.0,A,RUNNING,400.232,2,4,2,8,0.25,20.0,99.8,1107.0419,0.0,0,0.0,0.0
405.0,A,RUNNING,401.232,2,4,2,8,0.25,20.0,99.8,1106.0419,0.0,0,0.0,0.0
406.0,A,RUNNING,402.232,2,4,2,8,0.25,20.0,99.8,1105.0419,0.0,0,0.0,0.0
407.0,A,RUNNING,403.232,2,4,2,8,0.25,20.0,99.8,1104.0419,0.0,0,0.0,0.0
408.0,A,RUNNING,404.232,2,4,2,8,0.25,20.0,99.8,1103.0419,0.0,0,0.0,0.0
409.0,A,RUNNING,405.232,2,4,2,8,0.25,20.0,99.8,1102.0419,0.0,0,0.0,0.0
410.0,A,RUNNING,406.232,2,4,2,8,0.25,20.0,99.8,1101.0419,0.0,0,0.0,0.0
411.0,A,RUNNING,407.232,2,4,2,8,0.25,20.0,99.8,1100.0419,0.0,0,0.0,0.0
412.0,A,RUNNING,408.232,2,4,2,8,0.25,20.0,99.8,1099.0419,0.0,0,0.0,0.0
413.0,A,RUNNING,409.232,2,4,2,8,0.25,20.0,99.8,1098.0419,0.0,0,0.0,0.0
414.0,A,RUNNING,410.232,2,4,2,8,0.25,20.0,99.8,1097.0419,0.0,0,0.0,0.0
415.0,A,RUNNING,411.232,2,4,2,8,0.25,20.0,99.8,1096.0419,0.0,0,0.0,0.0
416.0,A,RUNNING,412.232,2,4,2,8,0.25,20.0,99.8,1095.0419,0.0,0,0.0,0.0
417.0,A,RUNNING,413.232,2,4,2,8,0.25,20.0,99.8,1094.0419,0.0,0,0.0,0.0
418.0,A,RUNNING,414.232,2,4,2,8,0.25,20.0,99.8,1093.0419,0.0,0,0.0,0.0
419.0,A,RUNNING,415.232,2,4,2,8,0.25,20.0,99.8,1092.0419,0.0,0,0.0,0.0
420.0,A,RUNNING,416.232,2,4,2,8,0.25,20.0,99.8,1091.0419,0.0,0,0.0,0.0
421.0,A,RUNNING,417.232,2,4,2,8,0.25,20.0,99.8,1090.0419,0.0,0,0.0,0.0
422.0,A,RUNNING,418.232,2,4,2,8,0.25,20.0,99.8,1089.0419,0.0,0,0.0,0.0
423.0,A,RUNNING,419.232,2,4,2,8,0.25,20.0,99.8,1088.0419,0.0,0,0.0,0.0
424.0,A,RUNNING,420.232,2,4,2,8,0.25,20.0,99.8,1087.0419,0.0,0,0.0,0.0
425.0,A,RUNNING,421.232,2,4,2,8,0.25,20.0,99.8,1086.0419,0.0,0,0.0,0.0
426.0,A,RUNNING,422.232,2,4,2,8,0.25,20.0,99.8,1085.0419,0.0,0,0.0,0.0
427.0,A,RUNNING,423.232,2,4,2,8,0.25,20.0,99.8,1084.0419,0.0,0,0.0,0.0
428.0,A,RUNNING,424.232,2,4,2,8,0.25,20.0,99.8,1083.0419,0.0,0,0.0,0.0
429.0,A,RUNNING,425.232,2,4,2,8,0.25,20.0,99.8,1082.0419,0.0,0,0.0,0.0
430.0,A,RUNNING,426.232,2,4,2,8,0.25,20.0,99.8,1081.0419,0.0,0,0.0,0.0
431.0,A,RUNNING,427.232,2,4,2,8,0.25,20.0,99.8,1080.0419,0.0,0,0.0,0.0
432.0,A,RUNNING,428.232,2,4,2,8,0.25,20.0,99.8,1079.0419,0.0,0,0.0,0.0
433.0,A,RUNNING,429.232,2,4,2,8,0.25,20.0,99.8,1078.0419,0.0,0,0.0,0.0
434.0,A,RUNNING,430.232,2,4,2,8,0.25,20.0,99.8,1077.0419,0.0,0,0.0,0.0
435.0,A,RUNNING,431.232,2,4,2,8,0.25,20.0,99.8,1076.0419,0.0,0,0.0,0.0
436.0,A,RUNNING,432.232,2,4,2,8,0.25,20.0,99.8,1075.0419,0.0,0,0.0,0.0
437.0,A,RUNNING,433.232,2,4,2,8,0.25,20.0,99.8,1074.0419,0.0,0,0.0,0.0
438.0,A,RUNNING,434.232,2,4,2,8,0.25,20.0,99.8,1073.0419,0.0,0,0.0,0.0
439.0,A,RUNNING,435.232,2,4,2,8,0.25,20.0,99.8,1072.0419,0.0,0,0.0,0.0
440.0,A,RUNNING,436.232,2,4,2,8,0.25,20.0,99.8,1071.0419,0.0,0,0.0,0.0
441.0,A,RUNNING,437.232,2,4,2,8,0.25,20.0,99.8,1070.0419,0.0,0,0.0,0.0
442.0,A,RUNNING,438.232,2,4,2,8,0.25,20.0,99.8,1069.0419,0.0,0,0.0,0.0
443.0,A,RUNNING,439.232,2,4,2,8,0.25,20.0,99.8,1068.0419,0.0,0,0.0,0.0
444.0,A,RUNNING,440.232,2,4,2,8,0.25,20.0,99.8,1067.0419,0.0,0,0.0,0.0
445.0,A,RUNNING,441.232,2,4,2,8,0.25,20.0,99.8,1066.0419,0.0,0,0.0,0.0
446.0,A,RUNNING,442.232,2,4,2,8,0.25,20.0,99.8,1065.0419,0.0,0,0.0,0.0
447.0,A,RUNNING,443.232,2,4,2,8,0.25,20.0,99.8,1064.0419,0.0,0,0.0,0.0
448.0,A,RUNNING,444.232,2,4,2,8,0.25,20.0,99.8,1063.0419,0.0,0,0.0,0.0
449.0,A,RUNNING,445.232,2,4,2,8,0.25,20.0,99.8,1062.0419,0.0,0,0.0,0.0
450.0,A,RUNNING,446.232,2,4,2,8,0.25,20.0,99.8,1061.0419,0.0,0,0.0,0.0
451.0,A,RUNNING,447.232,2,4,2,8,0.25,20.0,99.8,1060.0419,0.0,0,0.0,0.0
452.0,A,RUNNING,448.232,2,4,2,8,0.25,20.0,99.8,1059.0419,0.0,0,0.0,0.0
453.0,A,RUNNING,449.232,2,4,2,8,0.25,20.0,99.8,1058.0419,0.0,0,0.0,0.0
454.0,A,RUNNING,450.232,2,4,2,8,0.25,20.0,99.8,1057.0419,0.0,0,0.0,0.0
455.0,A,RUNNING,451.232,2,4,2,8,0.25,20.0,99.8,1056.0419,0.0,0,0.0,0.0
456.0,A,RUNNING,452.232,2,4,2,8,0.25,20.0,99.8,1055.0419,0.0,0,0.0,0.0
457.0,A,RUNNING,453.232,2,4,2,8,0.25,20.0,99.8,1054.0419,0.0,0,0.0,0.0
458.0,A,RUNNING,454.232,2,4,2,8,0.25,20.0,99.8,1053.0419,0.0,0,0.0,0.0
459.0,A,RUNNING,455.232,2,4,2,8,0.25,20.0,99.8,1052.0419,0.0,0,0.0,0.0
460.0,A,RUNNING,456.232,2,4,2,8,0.25,20.0,99.8,1051.0419,0.0,0,0.0,0.0
461.0,A,RUNNING,457.232,2,4,2,8,0.25,20.0,99.8,1050.0419,0.0,0,0.0,0.0
462.0,A,RUNNING,458.232,2,4,2,8,0.25,20.0,99.8,1049.0419,0.0,0,0.0,0.0
463.0,A,RUNNING,459.232,2,4,2,8,0.25,20.0,99.8,1048.0419,0.0,0,0.0,0.0
464.0,A,RUNNING,460.232,2,4,2,8,0.25,20.0,99.8,1047.0419,0.0,0,0.0,0.0
465.0,A,RUNNING,461.232,2,4,2,8,0.25,20.0,99.8,1046.0419,0.0,0,0.0,0.0
466.0,A,RUNNING,462.232,2,6,0,8,0.0,20.0,99.8,1405.0419,0.0,0,0.0,0.0
467.0,A,RUNNING,463.232,2,6,0,8,0.0,20.0,99.8,1404.0419,0.0,0,0.0,0.0
468.0,A,RUNNING,464.232,2,6,0,8,0.0,20.0,99.8,1403.0419,0.0,0,0.0,0.0
469.0,A,RUNNING,465.232,2,6,0,8,0.0,20.0,99.8,1402.0419,0.0,0,0.0,0.0
470.0,A,RUNNING,466.232,2,6,0,8,0.0,20.0,99.8,1401.0419,0.0,0,0.0,0.0
471.0,A,RUNNING,467.236,2,6,0,8,0.0,20.0,99.8,1400.0379,0.0,0,0.0,0.0
472.0,A,RUNNING,468.232,2,6,0,8,0.0,20.0,99.8,1399.0419,0.0,0,0.0,0.0
473.0,A,RUNNING,469.232,2,6,0,8,0.0,20.0,99.8,1398.0419,0.0,0,0.0,0.0
474.0,A,RUNNING,470.232,2,6,0,8,0.0,20.0,99.8,1397.0419,0.0,0,0.0,0.0
475.0,A,RUNNING,471.232,2,6,0,8,0.0,20.0,99.8,1396.0419,0.0,0,0.0,0.0
476.0,A,RUNNING,472.232,2,6,0,8,0.0,20.0,99.8,1395.0419,0.0,0,0.0,0.0
477.0,A,RUNNING,473.232,2,6,0,8,0.0,20.0,99.8,1394.0419,0.0,0,0.0,0.0
478.0,A,RUNNING,474.232,2,6,0,8,0.0,20.0,99.8,1393.0419,0.0,0,0.0,0.0
479.0,A,RUNNING,475.232,2,6,0,8,0.0,20.0,99.8,1392.0419,0.0,0,0.0,0.0
480.0,A,RUNNING,476.232,2,6,0,8,0.0,20.0,99.8,1391.0419,0.0,0,0.0,0.0
481.0,A,RUNNING,477.232,2,6,0,8,0.0,20.0,99.8,1390.0419,0.0,0,0.0,0.0
482.0,A,RUNNING,478.232,2,6,0,8,0.0,20.0,99.8,1389.0419,0.0,0,0.0,0.0
483.0,A,RUNNING,479.232,2,6,0,8,0.0,20.0,99.8,1388.0419,0.0,0,0.0,0.0
484.0,A,RUNNING,480.232,2,6,0,8,0.0,20.0,99.8,1387.0419,0.0,0,0.0,0.0
485.0,A,RUNNING,481.232,2,6,0,8,0.0,20.0,99.8,1386.0419,0.0,0,0.0,0.0
486.0,A,RUNNING,482.232,2,6,0,8,0.0,20.0,99.8,1385.0419,0.0,0,0.0,0.0
487.0,A,RUNNING,483.232,2,6,0,8,0.0,20.0,99.8,1384.0419,0.0,0,0.0,0.0
488.0,A,RUNNING,484.232,2,6,0,8,0.0,20.0,99.8,1383.0419,0.0,0,0.0,0.0
489.0,A,RUNNING,485.232,2,6,0,8,0.0,20.0,99.8,1382.0419,0.0,0,0.0,0.0
490.0,A,RUNNING,486.232,2,6,0,8,0.0,20.0,99.8,1381.0419,0.0,0,0.0,0.0
491.0,A,RUNNING,487.232,2,6,0,8,0.0,20.0,99.8,1380.0419,0.0,0,0.0,0.0
492.0,A,RUNNING,488.232,2,6,0,8,0.0,20.0,99.8,1379.0419,0.0,0,0.0,0.0
493.0,A,RUNNING,489.232,2,6,0,8,0.0,20.0,99.8,1378.0419,0.0,0,0.0,0.0
494.0,A,RUNNING,490.232,2,6,0,8,0.0,20.0,99.8,1377.0419,0.0,0,0.0,0.0
495.0,A,RUNNING,491.232,2,6,0,8,0.0,20.0,99.8,1376.0419,0.0,0,0.0,0.0
496.0,A,RUNNING,492.232,2,6,0,8,0.0,20.0,99.8,1375.0419,0.0,0,0.0,0.0
497.0,A,RUNNING,493.232,2,6,0,8,0.0,20.0,99.8,1374.0419,0.0,0,0.0,0.0
498.0,A,RUNNING,494.232,2,6,0,8,0.0,20.0,99.8,1373.0419,0.0,0,0.0,0.0
499.0,A,RUNNING,495.232,2,6,0,8,0.0,20.0,99.8,1372.0419,0.0,0,0.0,0.0
500.0,A,RUNNING,496.232,2,6,0,8,0.0,20.0,99.8,1371.0419,0.0,0,0.0,0.0
501.0,A,RUNNING,497.232,2,6,0,8,0.0,20.0,99.8,1370.0419,0.0,0,0.0,0.0
502.0,A,RUNNING,498.232,2,6,0,8,0.0,20.0,99.8,1369.0419,0.0,0,0.0,0.0
503.0,A,RUNNING,499.232,2,6,0,8,0.0,20.0,99.8,1368.0419,0.0,0,0.0,0.0
504.0,A,RUNNING,500.232,2,6,0,8,0.0,20.0,99.8,1367.0419,0.0,0,0.0,0.0
505.0,A,RUNNING,501.232,2,6,0,8,0.0,20.0,99.8,1366.0419,0.0,0,0.0,0.0
506.0,A,RUNNING,502.232,2,6,0,8,0.0,20.0,99.8,1365.0419,0.0,0,0.0,0.0
507.0,A,RUNNING,503.232,2,6,0,8,0.0,20.0,99.8,1364.0419,0.0,0,0.0,0.0
508.0,A,RUNNING,504.232,2,6,0,8,0.0,20.0,99.8,1363.0419,0.0,0,0.0,0.0
509.0,A,RUNNING,505.232,2,6,0,8,0.0,20.0,99.8,1362.0419,0.0,0,0.0,0.0
510.0,A,RUNNING,506.232,2,6,0,8,0.0,20.0,99.8,1361.0419,0.0,0,0.0,0.0
511.0,A,RUNNING,507.232,2,6,0,8,0.0,20.0,99.8,1360.0419,0.0,0,0.0,0.0
512.0,A,RUNNING,508.232,2,6,0,8,0.0,20.0,99.8,1359.0419,0.0,0,0.0,0.0
513.0,A,RUNNING,509.232,2,6,0,8,0.0,20.0,99.8,1358.0419,0.0,0,0.0,0.0
514.0,A,RUNNING,510.232,2,6,0,8,0.0,20.0,99.8,1357.0419,0.0,0,0.0,0.0
515.0,A,RUNNING,511.232,2,6,0,8,0.0,20.0,99.8,1356.0419,0.0,0,0.0,0.0
516.0,A,RUNNING,512.232,2,6,0,8,0.0,20.0,99.8,1355.0419,0.0,0,0.0,0.0
517.0,A,RUNNING,513.232,2,6,0,8,0.0,20.0,99.8,1354.0419,0.0,0,0.0,0.0
518.0,A,RUNNING,514.232,2,6,0,8,0.0,20.0,99.8,1353.0419,0.0,0,0.0,0.0
519.0,A,RUNNING,515.232,2,6,0,8,0.0,20.0,99.8,1352.0419,0.0,0,0.0,0.0
520.0,A,RUNNING,516.232,2,6,0,8,0.0,20.0,99.8,1351.0419,0.0,0,0.0,0.0
521.0,A,RUNNING,517.232,2,6,0,8,0.0,20.0,99.8,1350.0419,0.0,0,0.0,0.0
522.0,A,RUNNING,518.232,2,6,0,8,0.0,20.0,99.8,1349.0419,0.0,0,0.0,0.0
523.0,A,RUNNING,519.232,2,6,0,8,0.0,20.0,99.8,1348.0419,0.0,0,0.0,0.0
524.0,A,RUNNING,520.232,2,6,0,8,0.0,20.0,99.8,1347.0419,0.0,0,0.0,0.0
525.0,A,RUNNING,521.232,2,6,0,8,0.0,20.0,99.8,1346.0419,0.0,0,0.0,0.0
526.0,A,RUNNING,522.232,2,6,0,8,0.0,20.0,99.8,1345.0419,0.0,0,0.0,0.0
527.0,A,RUNNING,523.232,2,6,0,8,0.0,20.0,99.8,1344.0419,0.0,0,0.0,0.0
528.0,A,RUNNING,524.232,2,6,0,8,0.0,20.0,99.8,1343.0419,0.0,0,0.0,0.0
529.0,A,RUNNING,525.232,2,6,0,8,0.0,20.0,99.8,1342.0419,0.0,0,0.0,0.0
530.0,A,RUNNING,526.232,2,6,0,8,0.0,20.0,99.8,1341.0419,0.0,0,0.0,0.0
531.0,A,RUNNING,527.232,2,6,0,8,0.0,20.0,99.8,1340.0419,0.0,0,0.0,0.0
532.0,A,RUNNING,528.232,2,6,0,8,0.0,20.0,99.8,1339.0419,0.0,0,0.0,0.0
533.0,A,RUNNING,529.232,2,6,0,8,0.0,20.0,99.8,1338.0419,0.0,0,0.0,0.0
534.0,A,RUNNING,530.232,2,6,0,8,0.0,20.0,99.8,1337.0419,0.0,0,0.0,0.0
535.0,A,RUNNING,531.232,2,6,0,8,0.0,20.0,99.8,1336.0419,0.0,0,0.0,0.0
536.0,A,RUNNING,532.232,2,6,0,8,0.0,20.0,99.8,1335.0419,0.0,0,0.0,0.0
537.0,A,RUNNING,533.232,2,6,0,8,0.0,20.0,99.8,1334.0419,0.0,0,0.0,0.0
538.0,A,RUNNING,534.232,2,6,0,8,0.0,20.0,99.8,1333.0419,0.0,0,0.0,0.0
539.0,A,RUNNING,535.232,2,6,0,8,0.0,20.0,99.8,1332.0419,0.0,0,0.0,0.0
540.0,A,RUNNING,536.232,2,6,0,8,0.0,20.0,99.8,1331.0419,0.0,0,0.0,0.0
541.0,A,RUNNING,537.232,2,6,0,8,0.0,20.0,99.8,1330.0419,0.0,0,0.0,0.0
542.0,A,RUNNING,538.232,2,6,0,8,0.0,20.0,99.8,1329.0419,0.0,0,0.0,0.0
543.0,A,RUNNING,539.232,2,6,0,8,0.0,20.0,99.8,1328.0419,0.0,0,0.0,0.0
544.0,A,RUNNING,540.232,2,6,0,8,0.0,20.0,99.8,1327.0419,0.0,0,0.0,0.0
545.0,A,RUNNING,541.232,2,6,0,8,0.0,20.0,99.8,1326.0419,0.0,0,0.0,0.0
546.0,A,RUNNING,542.232,2,6,0,8,0.0,20.0,99.8,1325.0419,0.0,0,0.0,0.0
547.0,A,RUNNING,543.232,2,6,0,8,0.0,20.0,99.8,1324.0419,0.0,0,0.0,0.0
548.0,A,RUNNING,544.232,2,6,0,8,0.0,20.0,99.8,1323.0419,0.0,0,0.0,0.0
549.0,A,RUNNING,545.232,2,6,0,8,0.0,20.0,99.8,1322.0419,0.0,0,0.0,0.0
550.0,A,RUNNING,546.232,2,6,0,8,0.0,20.0,99.8,1321.0419,0.0,0,0.0,0.0
551.0,A,RUNNING,547.232,2,6,0,8,0.0,20.0,99.8,1320.0419,0.0,0,0.0,0.0
552.0,A,RUNNING,548.232,2,6,0,8,0.0,20.0,99.8,1319.0419,0.0,0,0.0,0.0
553.0,A,RUNNING,549.232,2,6,0,8,0.0,20.0,99.8,1318.0419,0.0,0,0.0,0.0
554.0,A,RUNNING,550.232,2,6,0,8,0.0,20.0,99.8,1317.0419,0.0,0,0.0,0.0
555.0,A,RUNNING,551.232,2,6,0,8,0.0,20.0,99.8,1316.0419,0.0,0,0.0,0.0
556.0,A,RUNNING,552.232,2,6,0,8,0.0,20.0,99.8,1315.0419,0.0,0,0.0,0.0
557.0,A,RUNNING,553.232,2,6,0,8,0.0,20.0,99.8,1314.0419,0.0,0,0.0,0.0
558.0,A,RUNNING,554.232,2,6,0,8,0.0,20.0,99.8,1313.0419,0.0,0,0.0,0.0
559.0,A,RUNNING,555.232,2,6,0,8,0.0,20.0,99.8,1312.0419,0.0,0,0.0,0.0
560.0,A,RUNNING,556.232,2,6,0,8,0.0,20.0,99.8,1311.0419,0.0,0,0.0,0.0
561.0,A,RUNNING,557.232,2,6,0,8,0.0,20.0,99.8,1310.0419,0.0,0,0.0,0.0
562.0,A,RUNNING,558.232,2,6,0,8,0.0,20.0,99.8,1309.0419,0.0,0,0.0,0.0
563.0,A,RUNNING,559.232,2,6,0,8,0.0,20.0,99.8,1308.0419,0.0,0,0.0,0.0
564.0,A,RUNNING,560.232,2,6,0,8,0.0,20.0,99.8,1307.0419,0.0,0,0.0,0.0
565.0,A,RUNNING,561.232,2,6,0,8,0.0,20.0,99.8,1306.0419,0.0,0,0.0,0.0
566.0,A,RUNNING,562.232,2,6,0,8,0.0,20.0,99.8,1305.0419,0.0,0,0.0,0.0
567.0,A,RUNNING,563.232,2,6,0,8,0.0,20.0,99.8,1304.0419,0.0,0,0.0,0.0
568.0,A,RUNNING,564.232,2,6,0,8,0.0,20.0,99.8,1303.0419,0.0,0,0.0,0.0
569.0,A,RUNNING,565.232,2,6,0,8,0.0,20.0,99.8,1302.0419,0.0,0,0.0,0.0
570.0,A,RUNNING,566.232,2,6,0,8,0.0,20.0,99.8,1301.0419,0.0,0,0.0,0.0
571.0,A,RUNNING,567.232,2,6,0,8,0.0,20.0,99.8,1300.0419,0.0,0,0.0,0.0
572.0,A,RUNNING,568.232,2,6,0,8,0.0,20.0,99.8,1299.0419,0.0,0,0.0,0.0
573.0,A,RUNNING,569.232,2,6,0,8,0.0,20.0,99.8,1298.0419,0.0,0,0.0,0.0
574.0,A,RUNNING,570.236,2,6,0,8,0.0,20.0,99.8,1297.0379,0.0,0,0.0,0.0
575.0,A,RUNNING,571.232,2,6,0,8,0.0,20.0,99.8,1296.0419,0.0,0,0.0,0.0
576.0,A,RUNNING,572.232,2,6,0,8,0.0,20.0,99.8,1295.0419,0.0,0,0.0,0.0
577.0,A,RUNNING,573.232,2,6,0,8,0.0,20.0,99.8,1294.0419,0.0,0,0.0,0.0
578.0,A,RUNNING,574.232,2,6,0,8,0.0,20.0,99.8,1293.0419,0.0,0,0.0,0.0
579.0,A,RUNNING,575.232,2,6,0,8,0.0,20.0,99.8,1292.0419,0.0,0,0.0,0.0
580.0,A,RUNNING,576.232,2,6,0,8,0.0,20.0,99.8,1291.0419,0.0,0,0.0,0.0
581.0,A,RUNNING,577.232,2,6,0,8,0.0,20.0,99.8,1290.0419,0.0,0,0.0,0.0
582.0,A,RUNNING,578.232,2,6,0,8,0.0,20.0,99.8,1289.0419,0.0,0,0.0,0.0
583.0,A,RUNNING,579.232,2,6,0,8,0.0,20.0,99.8,1288.0419,0.0,0,0.0,0.0
584.0,A,RUNNING,580.232,2,6,0,8,0.0,20.0,99.8,1287.0419,0.0,0,0.0,0.0
585.0,A,RUNNING,581.232,2,6,0,8,0.0,20.0,99.8,1286.0419,0.0,0,0.0,0.0
586.0,A,RUNNING,582.232,2,6,0,8,0.0,20.0,99.8,1285.0419,0.0,0,0.0,0.0
587.0,A,RUNNING,583.232,2,6,0,8,0.0,20.0,99.8,1284.0419,0.0,0,0.0,0.0
588.0,A,RUNNING,584.232,2,6,0,8,0.0,20.0,99.8,1283.0419,0.0,0,0.0,0.0
589.0,A,RUNNING,585.232,2,6,0,8,0.0,20.0,99.8,1282.0419,0.0,0,0.0,0.0
590.0,A,RUNNING,586.232,2,6,0,8,0.0,20.0,99.8,1281.0419,0.0,0,0.0,0.0
591.0,A,RUNNING,587.232,2,6,0,8,0.0,20.0,99.8,1280.0419,0.0,0,0.0,0.0
592.0,A,RUNNING,588.232,2,6,0,8,0.0,20.0,99.8,1279.0419,0.0,0,0.0,0.0
593.0,A,RUNNING,589.232,2,6,0,8,0.0,20.0,99.8,1278.0419,0.0,0,0.0,0.0
594.0,A,RUNNING,590.232,2,6,0,8,0.0,20.0,99.8,1277.0419,0.0,0,0.0,0.0
595.0,A,RUNNING,591.232,2,6,0,8,0.0,20.0,99.8,1276.0419,0.0,0,0.0,0.0
596.0,A,RUNNING,592.232,2,6,0,8,0.0,20.0,99.8,1275.0419,0.0,0,0.0,0.0
597.0,A,RUNNING,593.232,2,6,0,8,0.0,20.0,99.8,1274.0419,0.0,0,0.0,0.0
598.0,A,RUNNING,594.232,2,6,0,8,0.0,20.0,99.8,1273.0419,0.0,0,0.0,0.0
599.0,A,RUNNING,595.232,2,6,0,8,0.0,20.0,99.8,1272.0419,0.0,0,0.0,0.0
600.0,A,RUNNING,596.232,2,6,0,8,0.0,20.0,99.8,1271.0419,0.0,0,0.0,0.0
601.0,A,RUNNING,597.232,2,6,0,8,0.0,20.0,99.8,1270.0419,0.0,0,0.0,0.0
602.0,A,RUNNING,598.232,2,6,0,8,0.0,20.0,99.8,1269.0419,0.0,0,0.0,0.0
603.0,A,RUNNING,599.232,2,6,0,8,0.0,20.0,99.8,1268.0419,0.0,0,0.0,0.0
604.0,A,RUNNING,600.232,2,6,0,8,0.0,20.0,99.8,1267.0419,0.0,0,0.0,0.0
605.0,A,RUNNING,601.232,2,6,0,8,0.0,20.0,99.8,1266.0419,0.0,0,0.0,0.0
606.0,A,RUNNING,602.232,2,6,0,8,0.0,20.0,99.8,1265.0419,0.0,0,0.0,0.0
607.0,A,RUNNING,603.232,2,6,0,8,0.0,20.0,99.8,1264.0419,0.0,0,0.0,0.0
608.0,A,RUNNING,604.232,2,6,0,8,0.0,20.0,99.8,1263.0419,0.0,0,0.0,0.0
609.0,A,RUNNING,605.232,2,6,0,8,0.0,20.0,99.8,1262.0419,0.0,0,0.0,0.0
610.0,A,RUNNING,606.232,2,6,0,8,0.0,20.0,99.8,1261.0419,0.0,0,0.0,0.0
611.0,A,RUNNING,607.232,2,6,0,8,0.0,20.0,99.8,1260.0419,0.0,0,0.0,0.0
612.0,A,RUNNING,608.232,3,6,1,8,0.125,20.0,99.7,1273.3292,0.0,0,0.0,0.0
613.0,A,RUNNING,609.232,3,6,1,8,0.125,20.0,99.7,1272.3292,0.0,0,0.0,0.0
614.0,A,RUNNING,610.232,3,6,1,8,0.125,20.0,99.7,1271.3292,0.0,0,0.0,0.0
615.0,A,RUNNING,611.232,3,6,1,8,0.125,20.0,99.7,1270.3292,0.0,0,0.0,0.0
616.0,A,RUNNING,612.232,3,6,1,8,0.125,20.0,99.7,1269.3292,0.0,0,0.0,0.0
617.0,A,RUNNING,613.232,3,6,1,8,0.125,20.0,99.7,1268.3292,0.0,0,0.0,0.0
618.0,A,RUNNING,614.232,3,6,1,8,0.125,20.0,99.7,1267.3292,0.0,0,0.0,0.0
619.0,A,RUNNING,615.232,3,6,1,8,0.125,20.0,99.7,1266.3292,0.0,0,0.0,0.0
620.0,A,RUNNING,616.232,3,6,1,8,0.125,20.0,99.7,1265.3292,0.0,0,0.0,0.0
621.0,A,RUNNING,617.232,3,6,1,8,0.125,20.0,99.7,1264.3292,0.0,0,0.0,0.0
622.0,A,RUNNING,618.232,3,6,1,8,0.125,20.0,99.7,1263.3292,0.0,0,0.0,0.0
623.0,A,RUNNING,619.232,3,6,1,8,0.125,20.0,99.7,1262.3292,0.0,0,0.0,0.0
624.0,A,RUNNING,620.232,3,6,1,8,0.125,20.0,99.7,1261.3292,0.0,0,0.0,0.0
625.0,A,RUNNING,621.232,3,6,1,8,0.125,20.0,99.7,1260.3292,0.0,0,0.0,0.0
626.0,A,RUNNING,622.232,3,6,1,8,0.125,20.0,99.7,1259.3292,0.0,0,0.0,0.0
627.0,A,RUNNING,623.232,3,6,1,8,0.125,20.0,99.7,1258.3292,0.0,0,0.0,0.0
628.0,A,RUNNING,624.232,3,6,1,8,0.125,20.0,99.7,1257.3292,0.0,0,0.0,0.0
629.0,A,RUNNING,625.232,3,6,1,8,0.125,20.0,99.7,1256.3292,0.0,0,0.0,0.0
630.0,A,RUNNING,626.232,3,6,1,8,0.125,20.0,99.7,1255.3292,0.0,0,0.0,0.0
631.0,A,RUNNING,627.232,3,6,1,8,0.125,20.0,99.7,1254.3292,0.0,0,0.0,0.0
632.0,A,RUNNING,628.232,3,6,1,8,0.125,20.0,99.7,1253.3292,0.0,0,0.0,0.0
633.0,A,RUNNING,629.232,3,6,1,8,0.125,20.0,99.7,1252.3292,0.0,0,0.0,0.0
634.0,A,RUNNING,630.232,3,6,1,8,0.125,20.0,99.7,1251.3292,0.0,0,0.0,0.0
635.0,A,RUNNING,631.232,3,6,1,8,0.125,20.0,99.7,1250.3292,0.0,0,0.0,0.0
636.0,A,RUNNING,632.232,3,6,1,8,0.125,20.0,99.7,1249.3292,0.0,0,0.0,0.0
637.0,A,RUNNING,633.232,3,6,1,8,0.125,20.0,99.7,1248.3292,0.0,0,0.0,0.0
638.0,A,RUNNING,634.232,3,6,1,8,0.125,20.0,99.7,1247.3292,0.0,0,0.0,0.0
639.0,A,RUNNING,635.232,3,6,1,8,0.125,20.0,99.7,1246.3292,0.0,0,0.0,0.0
640.0,A,RUNNING,636.232,3,6,1,8,0.125,20.0,99.7,1245.3292,0.0,0,0.0,0.0
641.0,A,RUNNING,637.232,3,6,1,8,0.125,20.0,99.7,1244.3292,0.0,0,0.0,0.0
642.0,A,RUNNING,638.232,3,6,1,8,0.125,20.0,99.7,1243.3292,0.0,0,0.0,0.0
643.0,A,RUNNING,639.232,3,6,1,8,0.125,20.0,99.7,1242.3292,0.0,0,0.0,0.0
644.0,A,RUNNING,640.232,3,6,1,8,0.125,20.0,99.7,1241.3292,0.0,0,0.0,0.0
645.0,A,RUNNING,641.232,3,6,1,8,0.125,20.0,99.7,1240.3292,0.0,0,0.0,0.0
646.0,A,RUNNING,642.232,3,6,1,8,0.125,20.0,99.7,1239.3292,0.0,0,0.0,0.0
647.0,A,RUNNING,643.232,3,6,1,8,0.125,20.0,99.7,1238.3292,0.0,0,0.0,0.0
648.0,A,RUNNING,644.232,3,6,1,8,0.125,20.0,99.7,1237.3292,0.0,0,0.0,0.0
649.0,A,RUNNING,645.232,3,6,1,8,0.125,20.0,99.7,1236.3292,0.0,0,0.0,0.0
650.0,A,RUNNING,646.232,3,6,1,8,0.125,20.0,99.7,1235.3292,0.0,0,0.0,0.0
651.0,A,RUNNING,647.236,3,6,1,8,0.125,20.0,99.7,1234.3252,0.0,0,0.0,0.0
652.0,A,RUNNING,648.232,3,6,1,8,0.125,20.0,99.7,1233.3292,0.0,0,0.0,0.0
653.0,A,RUNNING,649.232,3,6,1,8,0.125,20.0,99.7,1232.3292,0.0,0,0.0,0.0
654.0,A,RUNNING,650.232,3,6,1,8,0.125,20.0,99.7,1231.3292,0.0,0,0.0,0.0
655.0,A,RUNNING,651.232,3,6,1,8,0.125,20.0,99.7,1230.3292,0.0,0,0.0,0.0
656.0,A,RUNNING,652.232,3,6,1,8,0.125,20.0,99.7,1229.3292,0.0,0,0.0,0.0
657.0,A,RUNNING,653.232,3,6,1,8,0.125,20.0,99.7,1228.3292,0.0,0,0.0,0.0
658.0,A,RUNNING,654.232,3,6,1,8,0.125,20.0,99.7,1227.3292,0.0,0,0.0,0.0
659.0,A,RUNNING,655.232,3,6,1,8,0.125,20.0,99.7,1226.3292,0.0,0,0.0,0.0
660.0,A,RUNNING,656.232,3,6,1,8,0.125,20.0,99.7,1225.3292,0.0,0,0.0,0.0
661.0,A,RUNNING,657.236,3,6,1,8,0.125,20.0,99.7,1224.3252,0.0,0,0.0,0.0
662.0,A,RUNNING,658.232,3,6,1,8,0.125,20.0,99.7,1223.3292,0.0,0,0.0,0.0
663.0,A,RUNNING,659.232,3,6,1,8,0.125,20.0,99.7,1222.3292,0.0,0,0.0,0.0
664.0,A,RUNNING,660.232,3,6,1,8,0.125,20.0,99.7,1221.3292,0.0,0,0.0,0.0
665.0,A,RUNNING,661.232,3,6,1,8,0.125,20.0,99.7,1220.3292,0.0,0,0.0,0.0
666.0,A,RUNNING,662.232,3,6,1,8,0.125,20.0,99.7,1219.3292,0.0,0,0.0,0.0
667.0,A,RUNNING,663.232,3,6,1,8,0.125,20.0,99.7,1218.3292,0.0,0,0.0,0.0
668.0,A,RUNNING,664.232,3,6,1,8,0.125,20.0,99.7,1217.3292,0.0,0,0.0,0.0
669.0,A,RUNNING,665.232,3,6,1,8,0.125,20.0,99.7,1216.3292,0.0,0,0.0,0.0
670.0,A,RUNNING,666.232,3,6,1,8,0.125,20.0,99.7,1215.3292,0.0,0,0.0,0.0
671.0,A,RUNNING,667.232,3,6,1,8,0.125,20.0,99.7,1214.3292,0.0,0,0.0,0.0
672.0,A,RUNNING,668.232,3,6,1,8,0.125,20.0,99.7,1213.3292,0.0,0,0.0,0.0
673.0,A,RUNNING,669.232,3,6,1,8,0.125,20.0,99.7,1212.3292,0.0,0,0.0,0.0
674.0,A,RUNNING,670.232,3,6,1,8,0.125,20.0,99.7,1211.3292,0.0,0,0.0,0.0
675.0,A,RUNNING,671.232,3,6,1,8,0.125,20.0,99.7,1210.3292,0.0,0,0.0,0.0
676.0,A,RUNNING,672.232,3,6,1,8,0.125,20.0,99.7,1209.3292,0.0,0,0.0,0.0
677.0,A,RUNNING,673.232,3,6,1,8,0.125,20.0,99.7,1208.3292,0.0,0,0.0,0.0
678.0,A,RUNNING,674.232,3,6,1,8,0.125,20.0,99.7,1207.3292,0.0,0,0.0,0.0
679.0,A,RUNNING,675.232,3,6,1,8,0.125,20.0,99.7,1206.3292,0.0,0,0.0,0.0
680.0,A,RUNNING,676.232,3,6,1,8,0.125,20.0,99.7,1205.3292,0.0,0,0.0,0.0
681.0,A,RUNNING,677.232,3,6,1,8,0.125,20.0,99.7,1204.3292,0.0,0,0.0,0.0
682.0,A,RUNNING,678.232,3,6,1,8,0.125,20.0,99.7,1203.3292,0.0,0,0.0,0.0
683.0,A,RUNNING,679.232,3,6,1,8,0.125,20.0,99.7,1202.3292,0.0,0,0.0,0.0
684.0,A,RUNNING,680.232,3,7,0,8,0.0,20.0,99.7,1381.3292,0.0,0,0.0,0.0
685.0,A,RUNNING,681.232,3,7,0,8,0.0,20.0,99.7,1380.3292,0.0,0,0.0,0.0
686.0,A,RUNNING,682.232,3,7,0,8,0.0,20.0,99.7,1379.3292,0.0,0,0.0,0.0
687.0,A,RUNNING,683.232,3,7,0,8,0.0,20.0,99.7,1378.3292,0.0,0,0.0,0.0
688.0,A,RUNNING,684.232,3,7,0,8,0.0,20.0,99.7,1377.3292,0.0,0,0.0,0.0
689.0,A,RUNNING,685.232,3,7,0,8,0.0,20.0,99.7,1376.3292,0.0,0,0.0,0.0
690.0,A,RUNNING,686.232,3,7,0,8,0.0,20.0,99.7,1375.3292,0.0,0,0.0,0.0
691.0,A,RUNNING,687.232,3,7,0,8,0.0,20.0,99.7,1374.3292,0.0,0,0.0,0.0
692.0,A,RUNNING,688.232,3,7,0,8,0.0,20.0,99.7,1373.3292,0.0,0,0.0,0.0
693.0,A,RUNNING,689.232,3,7,0,8,0.0,20.0,99.7,1372.3292,0.0,0,0.0,0.0
694.0,A,RUNNING,690.232,3,7,0,8,0.0,20.0,99.7,1371.3292,0.0,0,0.0,0.0
695.0,A,RUNNING,691.232,3,7,0,8,0.0,20.0,99.7,1370.3292,0.0,0,0.0,0.0
696.0,A,RUNNING,692.232,3,7,0,8,0.0,20.0,99.7,1369.3292,0.0,0,0.0,0.0
697.0,A,RUNNING,693.236,3,7,0,8,0.0,20.0,99.7,1368.3252,0.0,0,0.0,0.0
698.0,A,RUNNING,694.232,3,7,0,8,0.0,20.0,99.7,1367.3292,0.0,0,0.0,0.0
699.0,A,RUNNING,695.232,3,7,0,8,0.0,20.0,99.7,1366.3292,0.0,0,0.0,0.0
700.0,A,RUNNING,696.232,3,7,0,8,0.0,20.0,99.7,1365.3292,0.0,0,0.0,0.0
701.0,A,RUNNING,697.232,3,7,0,8,0.0,20.0,99.7,1364.3292,0.0,0,0.0,0.0
702.0,A,RUNNING,698.232,3,7,0,8,0.0,20.0,99.7,1363.3292,0.0,0,0.0,0.0
703.0,A,RUNNING,699.232,3,7,0,8,0.0,20.0,99.7,1362.3292,0.0,0,0.0,0.0
704.0,A,RUNNING,700.232,3,7,0,8,0.0,20.0,99.7,1361.3292,0.0,0,0.0,0.0
705.0,A,RUNNING,701.232,3,7,0,8,0.0,20.0,99.7,1360.3292,0.0,0,0.0,0.0
706.0,A,RUNNING,702.232,3,7,0,8,0.0,20.0,99.7,1359.3292,0.0,0,0.0,0.0
707.0,A,RUNNING,703.232,3,7,0,8,0.0,20.0,99.7,1358.3292,0.0,0,0.0,0.0
708.0,A,RUNNING,704.232,3,7,0,8,0.0,20.0,99.7,1357.3292,0.0,0,0.0,0.0
709.0,A,RUNNING,705.232,3,7,0,8,0.0,20.0,99.7,1356.3292,0.0,0,0.0,0.0
710.0,A,RUNNING,706.232,3,7,0,8,0.0,20.0,99.7,1355.3292,0.0,0,0.0,0.0
711.0,A,RUNNING,707.232,3,7,0,8,0.0,20.0,99.7,1354.3292,0.0,0,0.0,0.0
712.0,A,RUNNING,708.232,3,7,0,8,0.0,20.0,99.7,1353.3292,0.0,0,0.0,0.0
713.0,A,RUNNING,709.232,3,7,0,8,0.0,20.0,99.7,1352.3292,0.0,0,0.0,0.0
714.0,A,RUNNING,710.232,3,7,0,8,0.0,20.0,99.7,1351.3292,0.0,0,0.0,0.0
715.0,A,RUNNING,711.232,3,7,0,8,0.0,20.0,99.7,1350.3292,0.0,0,0.0,0.0
716.0,A,RUNNING,712.232,3,7,0,8,0.0,20.0,99.7,1349.3292,0.0,0,0.0,0.0
717.0,A,RUNNING,713.232,3,7,0,8,0.0,20.0,99.7,1348.3292,0.0,0,0.0,0.0
718.0,A,RUNNING,714.232,3,7,0,8,0.0,20.0,99.7,1347.3292,0.0,0,0.0,0.0
719.0,A,RUNNING,715.232,3,7,0,8,0.0,20.0,99.7,1346.3292,0.0,0,0.0,0.0
720.0,A,RUNNING,716.232,3,7,0,8,0.0,20.0,99.7,1345.3292,0.0,0,0.0,0.0
721.0,A,RUNNING,717.232,3,7,0,8,0.0,20.0,99.7,1344.3292,0.0,0,0.0,0.0
722.0,A,RUNNING,718.232,3,7,0,8,0.0,20.0,99.7,1343.3292,0.0,0,0.0,0.0
723.0,A,RUNNING,719.232,3,7,0,8,0.0,20.0,99.7,1342.3292,0.0,0,0.0,0.0
724.0,A,RUNNING,720.232,3,7,0,8,0.0,20.0,99.7,1341.3292,0.0,0,0.0,0.0
725.0,A,RUNNING,721.232,3,7,0,8,0.0,20.0,99.7,1340.3292,0.0,0,0.0,0.0
726.0,A,RUNNING,722.232,3,7,0,8,0.0,20.0,99.7,1339.3292,0.0,0,0.0,0.0
727.0,A,RUNNING,723.232,3,7,0,8,0.0,20.0,99.7,1338.3292,0.0,0,0.0,0.0
728.0,A,RUNNING,724.232,3,7,0,8,0.0,20.0,99.7,1337.3292,0.0,0,0.0,0.0
729.0,A,RUNNING,725.232,3,7,0,8,0.0,20.0,99.7,1336.3292,0.0,0,0.0,0.0
730.0,A,RUNNING,726.232,3,7,0,8,0.0,20.0,99.7,1335.3292,0.0,0,0.0,0.0
731.0,A,RUNNING,727.232,3,7,0,8,0.0,20.0,99.7,1334.3292,0.0,0,0.0,0.0
732.0,A,RUNNING,728.232,3,7,0,8,0.0,20.0,99.7,1333.3292,0.0,0,0.0,0.0
733.0,A,RUNNING,729.232,3,7,0,8,0.0,20.0,99.7,1332.3292,0.0,0,0.0,0.0
734.0,A,RUNNING,730.232,3,7,0,8,0.0,20.0,99.7,1331.3292,0.0,0,0.0,0.0
735.0,A,RUNNING,731.232,3,7,0,8,0.0,20.0,99.7,1330.3292,0.0,0,0.0,0.0
736.0,A,RUNNING,732.232,3,7,0,8,0.0,20.0,99.7,1329.3292,0.0,0,0.0,0.0
737.0,A,RUNNING,733.232,3,7,0,8,0.0,20.0,99.7,1328.3292,0.0,0,0.0,0.0
738.0,A,RUNNING,734.232,3,7,0,8,0.0,20.0,99.7,1327.3292,0.0,0,0.0,0.0
739.0,A,RUNNING,735.232,3,7,0,8,0.0,20.0,99.7,1326.3292,0.0,0,0.0,0.0
740.0,A,RUNNING,736.232,3,7,0,8,0.0,20.0,99.7,1325.3292,0.0,0,0.0,0.0
741.0,A,RUNNING,737.232,3,7,0,8,0.0,20.0,99.7,1324.3292,0.0,0,0.0,0.0
742.0,A,RUNNING,738.232,3,7,0,8,0.0,20.0,99.7,1323.3292,0.0,0,0.0,0.0
743.0,A,RUNNING,739.232,3,7,0,8,0.0,20.0,99.7,1322.3292,0.0,0,0.0,0.0
744.0,A,RUNNING,740.232,3,7,0,8,0.0,20.0,99.7,1321.3292,0.0,0,0.0,0.0
745.0,A,RUNNING,741.232,3,7,0,8,0.0,20.0,99.7,1320.3292,0.0,0,0.0,0.0
746.0,A,RUNNING,742.232,3,7,0,8,0.0,20.0,99.7,1319.3292,0.0,0,0.0,0.0
747.0,A,RUNNING,743.232,3,7,0,8,0.0,20.0,99.7,1318.3292,0.0,0,0.0,0.0
748.0,A,RUNNING,744.232,3,7,0,8,0.0,20.0,99.7,1317.3292,0.0,0,0.0,0.0
749.0,A,RUNNING,745.232,3,7,0,8,0.0,20.0,99.7,1316.3292,0.0,0,0.0,0.0
750.0,A,RUNNING,746.232,3,7,0,8,0.0,20.0,99.7,1315.3292,0.0,0,0.0,0.0
751.0,A,RUNNING,747.232,3,7,0,8,0.0,20.0,99.7,1314.3292,0.0,0,0.0,0.0
752.0,A,RUNNING,748.232,3,7,0,8,0.0,20.0,99.7,1313.3292,0.0,0,0.0,0.0
753.0,A,RUNNING,749.232,3,7,0,8,0.0,20.0,99.7,1312.3292,0.0,0,0.0,0.0
754.0,A,RUNNING,750.232,3,7,0,8,0.0,20.0,99.7,1311.3292,0.0,0,0.0,0.0
755.0,A,RUNNING,751.232,3,7,0,8,0.0,20.0,99.7,1310.3292,0.0,0,0.0,0.0
756.0,A,RUNNING,752.232,3,7,0,8,0.0,20.0,99.7,1309.3292,0.0,0,0.0,0.0
757.0,A,RUNNING,753.232,3,7,0,8,0.0,20.0,99.7,1308.3292,0.0,0,0.0,0.0
758.0,A,RUNNING,754.232,3,7,0,8,0.0,20.0,99.7,1307.3292,0.0,0,0.0,0.0
759.0,A,RUNNING,755.232,3,7,0,8,0.0,20.0,99.7,1306.3292,0.0,0,0.0,0.0
760.0,A,RUNNING,756.232,3,7,0,8,0.0,20.0,99.7,1305.3292,0.0,0,0.0,0.0
761.0,A,RUNNING,757.232,3,7,0,8,0.0,20.0,99.7,1304.3292,0.0,0,0.0,0.0
762.0,A,RUNNING,758.232,3,7,0,8,0.0,20.0,99.7,1303.3292,0.0,0,0.0,0.0
763.0,A,RUNNING,759.232,3,7,0,8,0.0,20.0,99.7,1302.3292,0.0,0,0.0,0.0
764.0,A,RUNNING,760.232,3,7,0,8,0.0,20.0,99.7,1301.3292,0.0,0,0.0,0.0
765.0,A,RUNNING,761.232,3,7,0,8,0.0,20.0,99.7,1300.3292,0.0,0,0.0,0.0
766.0,A,RUNNING,762.232,3,7,0,8,0.0,20.0,99.7,1299.3292,0.0,0,0.0,0.0
767.0,A,RUNNING,763.232,3,7,0,8,0.0,20.0,99.7,1298.3292,0.0,0,0.0,0.0
768.0,A,RUNNING,764.232,3,7,0,8,0.0,20.0,99.7,1297.3292,0.0,0,0.0,0.0
769.0,A,RUNNING,765.232,3,7,0,8,0.0,20.0,99.7,1296.3292,0.0,0,0.0,0.0
770.0,A,RUNNING,766.232,3,7,0,8,0.0,20.0,99.7,1295.3292,0.0,0,0.0,0.0
771.0,A,RUNNING,767.232,3,7,0,8,0.0,20.0,99.7,1294.3292,0.0,0,0.0,0.0
772.0,A,RUNNING,768.232,3,7,0,8,0.0,20.0,99.7,1293.3292,0.0,0,0.0,0.0
773.0,A,RUNNING,769.232,3,7,0,8,0.0,20.0,99.7,1292.3292,0.0,0,0.0,0.0
774.0,A,RUNNING,770.232,3,7,0,8,0.0,20.0,99.7,1291.3292,0.0,0,0.0,0.0
775.0,A,RUNNING,771.232,3,7,0,8,0.0,20.0,99.7,1290.3292,0.0,0,0.0,0.0
776.0,A,RUNNING,772.232,3,7,0,8,0.0,20.0,99.7,1289.3292,0.0,0,0.0,0.0
777.0,A,RUNNING,773.232,3,7,0,8,0.0,20.0,99.7,1288.3292,0.0,0,0.0,0.0
778.0,A,RUNNING,774.232,3,7,0,8,0.0,20.0,99.7,1287.3292,0.0,0,0.0,0.0
779.0,A,RUNNING,775.232,3,7,0,8,0.0,20.0,99.7,1286.3292,0.0,0,0.0,0.0
780.0,A,RUNNING,776.232,3,7,0,8,0.0,20.0,99.7,1285.3292,0.0,0,0.0,0.0
781.0,A,RUNNING,777.232,3,7,0,8,0.0,20.0,99.7,1284.3292,0.0,0,0.0,0.0
782.0,A,RUNNING,778.232,3,7,0,8,0.0,20.0,99.7,1283.3292,0.0,0,0.0,0.0
783.0,A,RUNNING,779.232,3,7,0,8,0.0,20.0,99.7,1282.3292,0.0,0,0.0,0.0
784.0,A,RUNNING,780.232,3,7,0,8,0.0,20.0,99.7,1281.3292,0.0,0,0.0,0.0
785.0,A,RUNNING,781.232,3,7,0,8,0.0,20.0,99.7,1280.3292,0.0,0,0.0,0.0
786.0,A,RUNNING,782.232,3,7,0,8,0.0,20.0,99.7,1279.3292,0.0,0,0.0,0.0
787.0,A,RUNNING,783.232,3,7,0,8,0.0,20.0,99.7,1278.3292,0.0,0,0.0,0.0
788.0,A,RUNNING,784.232,3,7,0,8,0.0,20.0,99.7,1277.3292,0.0,0,0.0,0.0
789.0,A,RUNNING,785.232,3,7,0,8,0.0,20.0,99.7,1276.3292,0.0,0,0.0,0.0
790.0,A,RUNNING,786.232,3,7,0,8,0.0,20.0,99.7,1275.3292,0.0,0,0.0,0.0
791.0,A,RUNNING,787.232,3,7,0,8,0.0,20.0,99.7,1274.3292,0.0,0,0.0,0.0
792.0,A,RUNNING,788.232,3,7,0,8,0.0,20.0,99.7,1273.3292,0.0,0,0.0,0.0
793.0,A,RUNNING,789.232,3,7,0,8,0.0,20.0,99.7,1272.3292,0.0,0,0.0,0.0
794.0,A,RUNNING,790.232,3,7,0,8,0.0,20.0,99.7,1271.3292,0.0,0,0.0,0.0
795.0,A,RUNNING,791.232,3,7,0,8,0.0,20.0,99.7,1270.3292,0.0,0,0.0,0.0
796.0,A,RUNNING,792.232,3,7,0,8,0.0,20.0,99.7,1269.3292,0.0,0,0.0,0.0
797.0,A,RUNNING,793.232,3,7,0,8,0.0,20.0,99.7,1268.3292,0.0,0,0.0,0.0
798.0,A,RUNNING,794.232,3,7,0,8,0.0,20.0,99.7,1267.3292,0.0,0,0.0,0.0
799.0,A,RUNNING,795.232,3,7,0,8,0.0,20.0,99.7,1266.3292,0.0,0,0.0,0.0
800.0,A,RUNNING,796.232,3,7,0,8,0.0,20.0,99.7,1265.3292,0.0,0,0.0,0.0
801.0,A,RUNNING,797.232,3,7,0,8,0.0,20.0,99.7,1264.3292,0.0,0,0.0,0.0
802.0,A,RUNNING,798.232,3,7,0,8,0.0,20.0,99.7,1263.3292,0.0,0,0.0,0.0
803.0,A,RUNNING,799.232,3,7,0,8,0.0,20.0,99.7,1262.3292,0.0,0,0.0,0.0
804.0,A,RUNNING,800.232,3,7,0,8,0.0,20.0,99.7,1261.3292,0.0,0,0.0,0.0
805.0,A,RUNNING,801.232,3,7,0,8,0.0,20.0,99.7,1260.3292,0.0,0,0.0,0.0
806.0,A,RUNNING,802.232,4,7,1,8,0.125,20.0,99.6,1227.3011,0.0,0,0.0,0.0
807.0,A,RUNNING,803.232,4,7,1,8,0.125,20.0,99.6,1226.3011,0.0,0,0.0,0.0
808.0,A,RUNNING,804.232,4,7,1,8,0.125,20.0,99.6,1225.3011,0.0,0,0.0,0.0
809.0,A,RUNNING,805.232,4,7,1,8,0.125,20.0,99.6,1224.3011,0.0,0,0.0,0.0
810.0,A,RUNNING,806.232,4,7,1,8,0.125,20.0,99.6,1223.3011,0.0,0,0.0,0.0
811.0,A,RUNNING,807.232,4,7,1,8,0.125,20.0,99.6,1222.3011,0.0,0,0.0,0.0
812.0,A,RUNNING,808.232,4,7,1,8,0.125,20.0,99.6,1221.3011,0.0,0,0.0,0.0
813.0,A,RUNNING,809.232,4,7,1,8,0.125,20.0,99.6,1220.3011,0.0,0,0.0,0.0
814.0,A,RUNNING,810.232,4,7,1,8,0.125,20.0,99.6,1219.3011,0.0,0,0.0,0.0
815.0,A,RUNNING,811.232,4,7,1,8,0.125,20.0,99.6,1218.3011,0.0,0,0.0,0.0
816.0,A,RUNNING,812.232,4,7,1,8,0.125,20.0,99.6,1217.3011,0.0,0,0.0,0.0
817.0,A,RUNNING,813.232,4,7,1,8,0.125,20.0,99.6,1216.3011,0.0,0,0.0,0.0
818.0,A,RUNNING,814.232,4,7,1,8,0.125,20.0,99.6,1215.3011,0.0,0,0.0,0.0
819.0,A,RUNNING,815.232,4,7,1,8,0.125,20.0,99.6,1214.3011,0.0,0,0.0,0.0
820.0,A,RUNNING,816.232,4,7,1,8,0.125,20.0,99.6,1213.3011,0.0,0,0.0,0.0
821.0,A,RUNNING,817.232,4,7,1,8,0.125,20.0,99.6,1212.3011,0.0,0,0.0,0.0
822.0,A,RUNNING,818.232,4,7,1,8,0.125,20.0,99.6,1211.3011,0.0,0,0.0,0.0
823.0,A,RUNNING,819.232,4,7,1,8,0.125,20.0,99.6,1210.3011,0.0,0,0.0,0.0
824.0,A,RUNNING,820.232,4,7,1,8,0.125,20.0,99.6,1209.3011,0.0,0,0.0,0.0
825.0,A,RUNNING,821.232,4,7,1,8,0.125,20.0,99.6,1208.3011,0.0,0,0.0,0.0
826.0,A,RUNNING,822.232,4,7,1,8,0.125,20.0,99.6,1207.3011,0.0,0,0.0,0.0
827.0,A,RUNNING,823.232,4,7,1,8,0.125,20.0,99.6,1206.3011,0.0,0,0.0,0.0
828.0,A,RUNNING,824.232,4,7,1,8,0.125,20.0,99.6,1205.3011,0.0,0,0.0,0.0
829.0,A,RUNNING,825.232,4,7,1,8,0.125,20.0,99.6,1204.3011,0.0,0,0.0,0.0
830.0,A,RUNNING,826.232,4,7,1,8,0.125,20.0,99.6,1203.3011,0.0,0,0.0,0.0
831.0,A,RUNNING,827.232,4,7,1,8,0.125,20.0,99.6,1202.3011,0.0,0,0.0,0.0
832.0,A,RUNNING,828.232,4,7,1,8,0.125,20.0,99.6,1201.3011,0.0,0,0.0,0.0
833.0,A,RUNNING,829.232,4,7,1,8,0.125,20.0,99.6,1200.3011,0.0,0,0.0,0.0
834.0,A,RUNNING,830.232,4,7,1,8,0.125,20.0,99.6,1199.3011,0.0,0,0.0,0.0
835.0,A,RUNNING,831.232,4,7,1,8,0.125,20.0,99.6,1198.3011,0.0,0,0.0,0.0
836.0,A,RUNNING,832.232,4,7,1,8,0.125,20.0,99.6,1197.3011,0.0,0,0.0,0.0
837.0,A,RUNNING,833.232,4,7,1,8,0.125,20.0,99.6,1196.3011,0.0,0,0.0,0.0
838.0,A,RUNNING,834.232,4,7,1,8,0.125,20.0,99.6,1195.3011,0.0,0,0.0,0.0
839.0,A,RUNNING,835.232,4,7,1,8,0.125,20.0,99.6,1194.3011,0.0,0,0.0,0.0
840.0,A,RUNNING,836.232,4,7,1,8,0.125,20.0,99.6,1193.3011,0.0,0,0.0,0.0
841.0,A,RUNNING,837.232,4,7,1,8,0.125,20.0,99.6,1192.3011,0.0,0,0.0,0.0
842.0,A,RUNNING,838.232,4,7,1,8,0.125,20.0,99.6,1191.3011,0.0,0,0.0,0.0
843.0,A,RUNNING,839.232,4,7,1,8,0.125,20.0,99.6,1190.3011,0.0,0,0.0,0.0
844.0,A,RUNNING,840.232,4,7,1,8,0.125,20.0,99.6,1189.3011,0.0,0,0.0,0.0
845.0,A,RUNNING,841.232,4,7,1,8,0.125,20.0,99.6,1188.3011,0.0,0,0.0,0.0
846.0,A,RUNNING,842.232,4,7,1,8,0.125,20.0,99.6,1187.3011,0.0,0,0.0,0.0
847.0,A,RUNNING,843.232,4,7,1,8,0.125,20.0,99.6,1186.3011,0.0,0,0.0,0.0
848.0,A,RUNNING,844.232,4,7,1,8,0.125,20.0,99.6,1185.3011,0.0,0,0.0,0.0
849.0,A,RUNNING,845.232,4,7,1,8,0.125,20.0,99.6,1184.3011,0.0,0,0.0,0.0
850.0,A,RUNNING,846.232,4,7,1,8,0.125,20.0,99.6,1183.3011,0.0,0,0.0,0.0
851.0,A,RUNNING,847.232,4,7,1,8,0.125,20.0,99.6,1182.3011,0.0,0,0.0,0.0
852.0,A,RUNNING,848.232,4,7,1,8,0.125,20.0,99.6,1181.3011,0.0,0,0.0,0.0
853.0,A,RUNNING,849.232,4,7,1,8,0.125,20.0,99.6,1180.3011,0.0,0,0.0,0.0
854.0,A,RUNNING,850.232,4,7,1,8,0.125,20.0,99.6,1179.3011,0.0,0,0.0,0.0
855.0,A,RUNNING,851.232,4,7,1,8,0.125,20.0,99.6,1178.3011,0.0,0,0.0,0.0
856.0,A,RUNNING,852.232,4,7,1,8,0.125,20.0,99.6,1177.3011,0.0,0,0.0,0.0
857.0,A,RUNNING,853.232,4,7,1,8,0.125,20.0,99.6,1176.3011,0.0,0,0.0,0.0
858.0,A,RUNNING,854.232,4,7,1,8,0.125,20.0,99.6,1175.3011,0.0,0,0.0,0.0
859.0,A,RUNNING,855.232,4,7,1,8,0.125,20.0,99.6,1174.3011,0.0,0,0.0,0.0
860.0,A,RUNNING,856.232,4,7,1,8,0.125,20.0,99.6,1173.3011,0.0,0,0.0,0.0
861.0,A,RUNNING,857.232,4,7,1,8,0.125,20.0,99.6,1172.3011,0.0,0,0.0,0.0
862.0,A,RUNNING,858.232,4,7,1,8,0.125,20.0,99.6,1171.3011,0.0,0,0.0,0.0
863.0,A,RUNNING,859.232,4,7,1,8,0.125,20.0,99.6,1170.3011,0.0,0,0.0,0.0
864.0,A,RUNNING,860.232,4,7,1,8,0.125,20.0,99.6,1169.3011,0.0,0,0.0,0.0
865.0,A,RUNNING,861.232,4,7,1,8,0.125,20.0,99.6,1168.3011,0.0,0,0.0,0.0
866.0,A,RUNNING,862.232,4,7,1,8,0.125,20.0,99.6,1167.3011,0.0,0,0.0,0.0
867.0,A,RUNNING,863.232,4,7,1,8,0.125,20.0,99.6,1166.3011,0.0,0,0.0,0.0
868.0,A,RUNNING,864.232,4,7,1,8,0.125,20.0,99.6,1165.3011,0.0,0,0.0,0.0
869.0,A,RUNNING,865.232,4,7,1,8,0.125,20.0,99.6,1164.3011,0.0,0,0.0,0.0
870.0,A,RUNNING,866.232,4,7,1,8,0.125,20.0,99.6,1163.3011,0.0,0,0.0,0.0
871.0,A,RUNNING,867.232,4,7,1,8,0.125,20.0,99.6,1162.3011,0.0,0,0.0,0.0
872.0,A,RUNNING,868.232,4,7,1,8,0.125,20.0,99.6,1161.3011,0.0,0,0.0,0.0
873.0,A,RUNNING,869.232,4,7,1,8,0.125,20.0,99.6,1160.3011,0.0,0,0.0,0.0
874.0,A,RUNNING,870.232,4,7,1,8,0.125,20.0,99.6,1159.3011,0.0,0,0.0,0.0
875.0,A,RUNNING,871.232,4,7,1,8,0.125,20.0,99.6,1158.3011,0.0,0,0.0,0.0
876.0,A,RUNNING,872.232,4,7,1,8,0.125,20.0,99.6,1157.3011,0.0,0,0.0,0.0
877.0,A,RUNNING,873.232,4,7,1,8,0.125,20.0,99.6,1156.3011,0.0,0,0.0,0.0
878.0,A,RUNNING,874.232,4,7,1,8,0.125,20.0,99.6,1155.3011,0.0,0,0.0,0.0
879.0,A,RUNNING,875.232,4,7,1,8,0.125,20.0,99.6,1154.3011,0.0,0,0.0,0.0
880.0,A,RUNNING,876.232,4,7,1,8,0.125,20.0,99.6,1153.3011,0.0,0,0.0,0.0
881.0,A,RUNNING,877.232,4,7,1,8,0.125,20.0,99.6,1152.3011,0.0,0,0.0,0.0
882.0,A,RUNNING,878.232,4,7,1,8,0.125,20.0,99.6,1151.3011,0.0,0,0.0,0.0
883.0,A,RUNNING,879.232,4,7,1,8,0.125,20.0,99.6,1150.3011,0.0,0,0.0,0.0
884.0,A,RUNNING,880.232,4,7,1,8,0.125,20.0,99.6,1149.3011,0.0,0,0.0,0.0
885.0,A,RUNNING,881.232,4,7,1,8,0.125,20.0,99.6,1148.3011,0.0,0,0.0,0.0
886.0,A,RUNNING,882.232,4,7,1,8,0.125,20.0,99.6,1147.3011,0.0,0,0.0,0.0
887.0,A,RUNNING,883.232,4,7,1,8,0.125,20.0,99.6,1146.3011,0.0,0,0.0,0.0
888.0,A,RUNNING,884.232,4,7,1,8,0.125,20.0,99.6,1145.3011,0.0,0,0.0,0.0
889.0,A,RUNNING,885.232,4,7,1,8,0.125,20.0,99.6,1144.3011,0.0,0,0.0,0.0
890.0,A,RUNNING,886.232,4,7,1,8,0.125,20.0,99.6,1143.3011,0.0,0,0.0,0.0
891.0,A,RUNNING,887.232,4,7,1,8,0.125,20.0,99.6,1142.3011,0.0,0,0.0,0.0
892.0,A,RUNNING,888.232,4,7,1,8,0.125,20.0,99.6,1141.3011,0.0,0,0.0,0.0
893.0,A,RUNNING,889.232,4,7,1,8,0.125,20.0,99.6,1140.3011,0.0,0,0.0,0.0
894.0,A,RUNNING,890.232,4,7,1,8,0.125,20.0,99.6,1139.3011,0.0,0,0.0,0.0
895.0,A,RUNNING,891.232,4,7,1,8,0.125,20.0,99.6,1138.3011,0.0,0,0.0,0.0
896.0,A,RUNNING,892.232,4,7,1,8,0.125,20.0,99.6,1137.3011,0.0,0,0.0,0.0
897.0,A,RUNNING,893.232,4,7,1,8,0.125,20.0,99.6,1136.3011,0.0,0,0.0,0.0
898.0,A,RUNNING,894.232,4,7,1,8,0.125,20.0,99.6,1135.3011,0.0,0,0.0,0.0
899.0,A,RUNNING,895.232,4,7,1,8,0.125,20.0,99.6,1134.3011,0.0,0,0.0,0.0
900.0,A,RUNNING,896.232,4,7,1,8,0.125,20.0,99.6,1133.3011,0.0,0,0.0,0.0
901.0,A,RUNNING,897.232,4,7,1,8,0.125,20.0,99.6,1132.3011,0.0,0,0.0,0.0
902.0,A,RUNNING,898.232,4,7,1,8,0.125,20.0,99.6,1131.3011,0.0,0,0.0,0.0
903.0,A,RUNNING,899.232,4,7,1,8,0.125,20.0,99.6,1130.3011,0.0,0,0.0,0.0
904.0,A,RUNNING,900.232,4,7,1,8,0.125,20.0,99.6,1129.3011,0.0,0,0.0,0.0
905.0,A,RUNNING,901.232,4,7,1,8,0.125,20.0,99.6,1128.3011,0.0,0,0.0,0.0
906.0,A,RUNNING,902.232,4,7,1,8,0.125,20.0,99.6,1127.3011,0.0,0,0.0,0.0
907.0,A,RUNNING,903.232,4,7,1,8,0.125,20.0,99.6,1126.3011,0.0,0,0.0,0.0
908.0,A,RUNNING,904.232,4,7,1,8,0.125,20.0,99.6,1125.3011,0.0,0,0.0,0.0
909.0,A,RUNNING,905.232,4,7,1,8,0.125,20.0,99.6,1124.3011,0.0,0,0.0,0.0
910.0,A,RUNNING,906.232,4,7,1,8,0.125,20.0,99.6,1123.3011,0.0,0,0.0,0.0
911.0,A,RUNNING,907.232,4,7,1,8,0.125,20.0,99.6,1122.3011,0.0,0,0.0,0.0
912.0,A,RUNNING,908.232,4,7,1,8,0.125,20.0,99.6,1121.3011,0.0,0,0.0,0.0
913.0,A,RUNNING,909.232,4,7,1,8,0.125,20.0,99.6,1120.3011,0.0,0,0.0,0.0
914.0,A,RUNNING,910.232,4,7,1,8,0.125,20.0,99.6,1119.3011,0.0,0,0.0,0.0
915.0,A,RUNNING,911.232,4,7,1,8,0.125,20.0,99.6,1118.3011,0.0,0,0.0,0.0
916.0,A,RUNNING,912.232,4,7,1,8,0.125,20.0,99.6,1117.3011,0.0,0,0.0,0.0
917.0,A,RUNNING,913.232,4,7,1,8,0.125,20.0,99.6,1116.3011,0.0,0,0.0,0.0
918.0,A,RUNNING,914.232,4,7,1,8,0.125,20.0,99.6,1115.3011,0.0,0,0.0,0.0
919.0,A,RUNNING,915.232,4,7,1,8,0.125,20.0,99.6,1114.3011,0.0,0,0.0,0.0
920.0,A,RUNNING,916.232,4,7,1,8,0.125,20.0,99.6,1113.3011,0.0,0,0.0,0.0
921.0,A,RUNNING,917.232,4,7,1,8,0.125,20.0,99.6,1112.3011,0.0,0,0.0,0.0
922.0,A,RUNNING,918.232,4,7,1,8,0.125,20.0,99.6,1111.3011,0.0,0,0.0,0.0
923.0,A,RUNNING,919.232,4,7,1,8,0.125,20.0,99.6,1110.3011,0.0,0,0.0,0.0
924.0,A,RUNNING,920.232,4,7,1,8,0.125,20.0,99.6,1109.3011,0.0,0,0.0,0.0
925.0,A,RUNNING,921.232,4,7,1,8,0.125,20.0,99.6,1108.3011,0.0,0,0.0,0.0
926.0,A,RUNNING,922.232,4,7,1,8,0.125,20.0,99.6,1107.3011,0.0,0,0.0,0.0
927.0,A,RUNNING,923.232,4,7,1,8,0.125,20.0,99.6,1106.3011,0.0,0,0.0,0.0
928.0,A,RUNNING,924.232,4,7,1,8,0.125,20.0,99.6,1105.3011,0.0,0,0.0,0.0
929.0,A,RUNNING,925.232,4,7,1,8,0.125,20.0,99.6,1104.3011,0.0,0,0.0,0.0
930.0,A,RUNNING,926.232,4,7,1,8,0.125,20.0,99.6,1103.3011,0.0,0,0.0,0.0
931.0,A,RUNNING,927.232,4,7,1,8,0.125,20.0,99.6,1102.3011,0.0,0,0.0,0.0
932.0,A,RUNNING,928.232,4,7,1,8,0.125,20.0,99.6,1101.3011,0.0,0,0.0,0.0
933.0,A,RUNNING,929.232,4,7,1,8,0.125,20.0,99.6,1100.3011,0.0,0,0.0,0.0
934.0,A,RUNNING,930.232,4,7,1,8,0.125,20.0,99.6,1099.3011,0.0,0,0.0,0.0
935.0,A,RUNNING,931.232,4,7,1,8,0.125,20.0,99.6,1098.3011,0.0,0,0.0,0.0
936.0,A,RUNNING,932.232,4,7,1,8,0.125,20.0,99.6,1097.3011,0.0,0,0.0,0.0
937.0,A,RUNNING,933.232,4,7,1,8,0.125,20.0,99.6,1096.3011,0.0,0,0.0,0.0
938.0,A,RUNNING,934.232,4,7,1,8,0.125,20.0,99.6,1095.3011,0.0,0,0.0,0.0
939.0,A,RUNNING,935.232,4,7,1,8,0.125,20.0,99.6,1094.3011,0.0,0,0.0,0.0
940.0,A,RUNNING,936.232,4,7,1,8,0.125,20.0,99.6,1093.3011,0.0,0,0.0,0.0
941.0,A,RUNNING,937.232,4,7,1,8,0.125,20.0,99.6,1092.3011,0.0,0,0.0,0.0
942.0,A,RUNNING,938.232,4,7,1,8,0.125,20.0,99.6,1091.3011,0.0,0,0.0,0.0
943.0,A,RUNNING,939.232,4,7,1,8,0.125,20.0,99.6,1090.3011,0.0,0,0.0,0.0
944.0,A,RUNNING,940.232,4,7,1,8,0.125,20.0,99.6,1089.3011,0.0,0,0.0,0.0
945.0,A,RUNNING,941.232,4,7,1,8,0.125,20.0,99.6,1088.3011,0.0,0,0.0,0.0
946.0,A,RUNNING,942.232,4,7,1,8,0.125,20.0,99.6,1087.3011,0.0,0,0.0,0.0
947.0,A,RUNNING,943.232,4,7,1,8,0.125,20.0,99.6,1086.3011,0.0,0,0.0,0.0
948.0,A,RUNNING,944.232,4,7,1,8,0.125,20.0,99.6,1085.3011,0.0,0,0.0,0.0
949.0,A,RUNNING,945.232,4,7,1,8,0.125,20.0,99.6,1084.3011,0.0,0,0.0,0.0
950.0,A,RUNNING,946.232,4,7,1,8,0.125,20.0,99.6,1083.3011,0.0,0,0.0,0.0
951.0,A,RUNNING,947.232,4,7,1,8,0.125,20.0,99.6,1082.3011,0.0,0,0.0,0.0
952.0,A,RUNNING,948.232,4,7,1,8,0.125,20.0,99.6,1081.3011,0.0,0,0.0,0.0
953.0,A,RUNNING,949.232,4,7,1,8,0.125,20.0,99.6,1080.3011,0.0,0,0.0,0.0
954.0,A,RUNNING,950.232,5,7,2,8,0.25,20.0,99.5,1051.4622,0.0,0,0.0,0.0
955.0,A,RUNNING,951.232,5,7,2,8,0.25,20.0,99.5,1050.4622,0.0,0,0.0,0.0
956.0,A,RUNNING,952.232,5,7,2,8,0.25,20.0,99.5,1049.4622,0.0,0,0.0,0.0
957.0,A,RUNNING,953.232,5,7,2,8,0.25,20.0,99.5,1048.4622,0.0,0,0.0,0.0
958.0,A,RUNNING,954.232,5,7,2,8,0.25,20.0,99.5,1047.4622,0.0,0,0.0,0.0
959.0,A,RUNNING,955.232,5,7,2,8,0.25,20.0,99.5,1046.4622,0.0,0,0.0,0.0
960.0,A,RUNNING,956.232,5,7,2,8,0.25,20.0,99.5,1045.4622,0.0,0,0.0,0.0
961.0,A,RUNNING,957.232,5,7,2,8,0.25,20.0,99.5,1044.4622,0.0,0,0.0,0.0
962.0,A,RUNNING,958.232,5,7,2,8,0.25,20.0,99.5,1043.4622,0.0,0,0.0,0.0
963.0,A,RUNNING,959.232,5,7,2,8,0.25,20.0,99.5,1042.4622,0.0,0,0.0,0.0
964.0,A,RUNNING,960.232,5,7,2,8,0.25,20.0,99.5,1041.4622,0.0,0,0.0,0.0
965.0,A,RUNNING,961.232,5,7,2,8,0.25,20.0,99.5,1040.4622,0.0,0,0.0,0.0
966.0,A,RUNNING,962.232,5,7,2,8,0.25,20.0,99.5,1039.4622,0.0,0,0.0,0.0
967.0,A,RUNNING,963.232,5,7,2,8,0.25,20.0,99.5,1038.4622,0.0,0,0.0,0.0
968.0,A,RUNNING,964.232,5,7,2,8,0.25,20.0,99.5,1037.4622,0.0,0,0.0,0.0
969.0,A,RUNNING,965.232,5,7,2,8,0.25,20.0,99.5,1036.4622,0.0,0,0.0,0.0
970.0,A,RUNNING,966.232,5,7,2,8,0.25,20.0,99.5,1035.4622,0.0,0,0.0,0.0
971.0,A,RUNNING,967.232,5,7,2,8,0.25,20.0,99.5,1034.4622,0.0,0,0.0,0.0
972.0,A,RUNNING,968.232,5,7,2,8,0.25,20.0,99.5,1033.4622,0.0,0,0.0,0.0
973.0,A,RUNNING,969.232,5,7,2,8,0.25,20.0,99.5,1032.4622,0.0,0,0.0,0.0
974.0,A,RUNNING,970.232,5,7,2,8,0.25,20.0,99.5,1031.4622,0.0,0,0.0,0.0
975.0,A,RUNNING,971.232,5,7,2,8,0.25,20.0,99.5,1030.4622,0.0,0,0.0,0.0
976.0,A,RUNNING,972.232,5,7,2,8,0.25,20.0,99.5,1029.4622,0.0,0,0.0,0.0
977.0,A,RUNNING,973.232,5,7,2,8,0.25,20.0,99.5,1028.4622,0.0,0,0.0,0.0
978.0,A,RUNNING,974.232,5,7,2,8,0.25,20.0,99.5,1027.4622,0.0,0,0.0,0.0
979.0,A,RUNNING,975.232,5,7,2,8,0.25,20.0,99.5,1026.4622,0.0,0,0.0,0.0
980.0,A,RUNNING,976.232,5,7,2,8,0.25,20.0,99.5,1025.4622,0.0,0,0.0,0.0
981.0,A,RUNNING,977.232,5,7,2,8,0.25,20.0,99.5,1024.4622,0.0,0,0.0,0.0
982.0,A,RUNNING,978.232,5,7,2,8,0.25,20.0,99.5,1023.4622,0.0,0,0.0,0.0
983.0,A,RUNNING,979.232,5,7,2,8,0.25,20.0,99.5,1022.4622,0.0,0,0.0,0.0
984.0,A,RUNNING,980.232,5,7,2,8,0.25,20.0,99.5,1021.4622,0.0,0,0.0,0.0
985.0,A,RUNNING,981.232,5,7,2,8,0.25,20.0,99.5,1020.4622,0.0,0,0.0,0.0
986.0,A,RUNNING,982.232,5,7,2,8,0.25,20.0,99.5,1019.4622,0.0,0,0.0,0.0
987.0,A,RUNNING,983.232,5,7,2,8,0.25,20.0,99.5,1018.4622,0.0,0,0.0,0.0
988.0,A,RUNNING,984.232,5,7,2,8,0.25,20.0,99.5,1017.4622,0.0,0,0.0,0.0
989.0,A,RUNNING,985.232,5,7,2,8,0.25,20.0,99.5,1016.4622,0.0,0,0.0,0.0
990.0,A,RUNNING,986.232,5,7,2,8,0.25,20.0,99.5,1015.4622,0.0,0,0.0,0.0
991.0,A,RUNNING,987.232,5,7,2,8,0.25,20.0,99.5,1014.4622,0.0,0,0.0,0.0
992.0,A,RUNNING,988.232,5,7,2,8,0.25,20.0,99.5,1013.4622,0.0,0,0.0,0.0
993.0,A,RUNNING,989.232,5,7,2,8,0.25,20.0,99.5,1012.4622,0.0,0,0.0,0.0
994.0,A,RUNNING,990.232,5,7,2,8,0.25,20.0,99.5,1011.4622,0.0,0,0.0,0.0
995.0,A,RUNNING,991.232,5,7,2,8,0.25,20.0,99.5,1010.4622,0.0,0,0.0,0.0
996.0,A,RUNNING,992.232,5,7,2,8,0.25,20.0,99.5,1009.4622,0.0,0,0.0,0.0
997.0,A,RUNNING,993.232,5,7,2,8,0.25,20.0,99.5,1008.4622,0.0,0,0.0,0.0
998.0,A,RUNNING,994.232,5,7,2,8,0.25,20.0,99.5,1007.4622,0.0,0,0.0,0.0
999.0,A,RUNNING,995.232,5,7,2,8,0.25,20.0,99.5,1006.4622,0.0,0,0.0,0.0
1000.0,A,RUNNING,996.232,5,9,0,8,0.0,20.0,99.5,1365.4622,0.0,0,0.0,0.0
1001.0,A,RUNNING,997.232,5,9,0,8,0.0,20.0,99.5,1364.4622,0.0,0,0.0,0.0
1002.0,A,RUNNING,998.232,5,9,0,8,0.0,20.0,99.5,1363.4622,0.0,0,0.0,0.0
1003.0,A,RUNNING,999.232,5,9,0,8,0.0,20.0,99.5,1362.4622,0.0,0,0.0,0.0
1004.0,A,RUNNING,1000.232,5,9,0,8,0.0,20.0,99.5,1361.4622,0.0,0,0.0,0.0
1005.0,A,RUNNING,1001.232,5,9,0,8,0.0,20.0,99.5,1360.4622,0.0,0,0.0,0.0
1006.0,A,RUNNING,1002.232,5,9,0,8,0.0,20.0,99.5,1359.4622,0.0,0,0.0,0.0
1007.0,A,RUNNING,1003.232,5,9,0,8,0.0,20.0,99.5,1358.4622,0.0,0,0.0,0.0
1008.0,A,RUNNING,1004.232,5,9,0,8,0.0,20.0,99.5,1357.4622,0.0,0,0.0,0.0
1009.0,A,RUNNING,1005.232,5,9,0,8,0.0,20.0,99.5,1356.4622,0.0,0,0.0,0.0
1010.0,A,RUNNING,1006.232,5,9,0,8,0.0,20.0,99.5,1355.4622,0.0,0,0.0,0.0
1011.0,A,RUNNING,1007.232,5,9,0,8,0.0,20.0,99.5,1354.4622,0.0,0,0.0,0.0
1012.0,A,RUNNING,1008.232,5,9,0,8,0.0,20.0,99.5,1353.4622,0.0,0,0.0,0.0
1013.0,A,RUNNING,1009.232,5,9,0,8,0.0,20.0,99.5,1352.4622,0.0,0,0.0,0.0
1014.0,A,RUNNING,1010.232,5,9,0,8,0.0,20.0,99.5,1351.4622,0.0,0,0.0,0.0
1015.0,A,RUNNING,1011.232,5,9,0,8,0.0,20.0,99.5,1350.4622,0.0,0,0.0,0.0
1016.0,A,RUNNING,1012.232,5,9,0,8,0.0,20.0,99.5,1349.4622,0.0,0,0.0,0.0
1017.0,A,RUNNING,1013.232,5,9,0,8,0.0,20.0,99.5,1348.4622,0.0,0,0.0,0.0
1018.0,A,RUNNING,1014.232,5,9,0,8,0.0,20.0,99.5,1347.4622,0.0,0,0.0,0.0
1019.0,A,RUNNING,1015.232,5,9,0,8,0.0,20.0,99.5,1346.4622,0.0,0,0.0,0.0
1020.0,A,RUNNING,1016.232,5,9,0,8,0.0,20.0,99.5,1345.4622,0.0,0,0.0,0.0
1021.0,A,RUNNING,1017.232,5,9,0,8,0.0,20.0,99.5,1344.4622,0.0,0,0.0,0.0
1022.0,A,RUNNING,1018.232,5,9,0,8,0.0,20.0,99.5,1343.4622,0.0,0,0.0,0.0
1023.0,A,RUNNING,1019.232,5,9,0,8,0.0,20.0,99.5,1342.4622,0.0,0,0.0,0.0
1024.0,A,RUNNING,1020.232,5,9,0,8,0.0,20.0,99.5,1341.4622,0.0,0,0.0,0.0
1025.0,A,RUNNING,1021.232,5,9,0,8,0.0,20.0,99.5,1340.4622,0.0,0,0.0,0.0
1026.0,A,RUNNING,1022.232,5,9,0,8,0.0,20.0,99.5,1339.4622,0.0,0,0.0,0.0
1027.0,A,RUNNING,1023.232,5,9,0,8,0.0,20.0,99.5,1338.4622,0.0,0,0.0,0.0
1028.0,A,RUNNING,1024.232,5,9,0,8,0.0,20.0,99.5,1337.4622,0.0,0,0.0,0.0
1029.0,A,RUNNING,1025.232,5,9,0,8,0.0,20.0,99.5,1336.4622,0.0,0,0.0,0.0
1030.0,A,RUNNING,1026.232,5,9,0,8,0.0,20.0,99.5,1335.4622,0.0,0,0.0,0.0
1031.0,A,RUNNING,1027.232,5,9,0,8,0.0,20.0,99.5,1334.4622,0.0,0,0.0,0.0
1032.0,A,RUNNING,1028.232,5,9,0,8,0.0,20.0,99.5,1333.4622,0.0,0,0.0,0.0
1033.0,A,RUNNING,1029.232,5,9,0,8,0.0,20.0,99.5,1332.4622,0.0,0,0.0,0.0
1034.0,A,RUNNING,1030.232,5,9,0,8,0.0,20.0,99.5,1331.4622,0.0,0,0.0,0.0
1035.0,A,RUNNING,1031.232,5,9,0,8,0.0,20.0,99.5,1330.4622,0.0,0,0.0,0.0
1036.0,A,RUNNING,1032.232,5,9,0,8,0.0,20.0,99.5,1329.4622,0.0,0,0.0,0.0
1037.0,A,RUNNING,1033.232,5,9,0,8,0.0,20.0,99.5,1328.4622,0.0,0,0.0,0.0
1038.0,A,RUNNING,1034.232,5,9,0,8,0.0,20.0,99.5,1327.4622,0.0,0,0.0,0.0
1039.0,A,RUNNING,1035.232,5,9,0,8,0.0,20.0,99.5,1326.4622,0.0,0,0.0,0.0
1040.0,A,RUNNING,1036.232,5,9,0,8,0.0,20.0,99.5,1325.4622,0.0,0,0.0,0.0
1041.0,A,RUNNING,1037.232,5,9,0,8,0.0,20.0,99.5,1324.4622,0.0,0,0.0,0.0
1042.0,A,RUNNING,1038.232,5,9,0,8,0.0,20.0,99.5,1323.4622,0.0,0,0.0,0.0
1043.0,A,RUNNING,1039.232,5,9,0,8,0.0,20.0,99.5,1322.4622,0.0,0,0.0,0.0
1044.0,A,RUNNING,1040.232,5,9,0,8,0.0,20.0,99.5,1321.4622,0.0,0,0.0,0.0
1045.0,A,RUNNING,1041.232,5,9,0,8,0.0,20.0,99.5,1320.4622,0.0,0,0.0,0.0
1046.0,A,RUNNING,1042.232,5,9,0,8,0.0,20.0,99.5,1319.4622,0.0,0,0.0,0.0
1047.0,A,RUNNING,1043.232,5,9,0,8,0.0,20.0,99.5,1318.4622,0.0,0,0.0,0.0
1048.0,A,RUNNING,1044.232,5,9,0,8,0.0,20.0,99.5,1317.4622,0.0,0,0.0,0.0
1049.0,A,RUNNING,1045.232,5,9,0,8,0.0,20.0,99.5,1316.4622,0.0,0,0.0,0.0
1050.0,A,RUNNING,1046.232,5,9,0,8,0.0,20.0,99.5,1315.4622,0.0,0,0.0,0.0
1051.0,A,RUNNING,1047.232,5,9,0,8,0.0,20.0,99.5,1314.4622,0.0,0,0.0,0.0
1052.0,A,RUNNING,1048.232,5,9,0,8,0.0,20.0,99.5,1313.4622,0.0,0,0.0,0.0
1053.0,A,RUNNING,1049.232,5,9,0,8,0.0,20.0,99.5,1312.4622,0.0,0,0.0,0.0
1054.0,A,RUNNING,1050.232,5,9,0,8,0.0,20.0,99.5,1311.4622,0.0,0,0.0,0.0
1055.0,A,RUNNING,1051.232,5,9,0,8,0.0,20.0,99.5,1310.4622,0.0,0,0.0,0.0
1056.0,A,RUNNING,1052.232,5,9,0,8,0.0,20.0,99.5,1309.4622,0.0,0,0.0,0.0
1057.0,A,RUNNING,1053.232,5,9,0,8,0.0,20.0,99.5,1308.4622,0.0,0,0.0,0.0
1058.0,A,RUNNING,1054.232,5,9,0,8,0.0,20.0,99.5,1307.4622,0.0,0,0.0,0.0
1059.0,A,RUNNING,1055.232,5,9,0,8,0.0,20.0,99.5,1306.4622,0.0,0,0.0,0.0
1060.0,A,RUNNING,1056.232,5,9,0,8,0.0,20.0,99.5,1305.4622,0.0,0,0.0,0.0
1061.0,A,RUNNING,1057.232,5,9,0,8,0.0,20.0,99.5,1304.4622,0.0,0,0.0,0.0
1062.0,A,RUNNING,1058.232,5,9,0,8,0.0,20.0,99.5,1303.4622,0.0,0,0.0,0.0
1063.0,A,RUNNING,1059.232,5,9,0,8,0.0,20.0,99.5,1302.4622,0.0,0,0.0,0.0
1064.0,A,RUNNING,1060.232,5,9,0,8,0.0,20.0,99.5,1301.4622,0.0,0,0.0,0.0
1065.0,A,RUNNING,1061.232,5,9,0,8,0.0,20.0,99.5,1300.4622,0.0,0,0.0,0.0
1066.0,A,RUNNING,1062.232,5,9,0,8,0.0,20.0,99.5,1299.4622,0.0,0,0.0,0.0
1067.0,A,RUNNING,1063.232,5,9,0,8,0.0,20.0,99.5,1298.4622,0.0,0,0.0,0.0
1068.0,A,RUNNING,1064.232,5,9,0,8,0.0,20.0,99.5,1297.4622,0.0,0,0.0,0.0
1069.0,A,RUNNING,1065.232,5,9,0,8,0.0,20.0,99.5,1296.4622,0.0,0,0.0,0.0
1070.0,A,RUNNING,1066.232,5,9,0,8,0.0,20.0,99.5,1295.4622,0.0,0,0.0,0.0
1071.0,A,RUNNING,1067.232,5,9,0,8,0.0,20.0,99.5,1294.4622,0.0,0,0.0,0.0
1072.0,A,RUNNING,1068.232,5,9,0,8,0.0,20.0,99.5,1293.4622,0.0,0,0.0,0.0
1073.0,A,RUNNING,1069.232,5,9,0,8,0.0,20.0,99.5,1292.4622,0.0,0,0.0,0.0
1074.0,A,RUNNING,1070.232,5,9,0,8,0.0,20.0,99.5,1291.4622,0.0,0,0.0,0.0
1075.0,A,RUNNING,1071.232,5,9,0,8,0.0,20.0,99.5,1290.4622,0.0,0,0.0,0.0
1076.0,A,RUNNING,1072.232,5,9,0,8,0.0,20.0,99.5,1289.4622,0.0,0,0.0,0.0
1077.0,A,RUNNING,1073.232,5,9,0,8,0.0,20.0,99.5,1288.4622,0.0,0,0.0,0.0
1078.0,A,RUNNING,1074.232,5,9,0,8,0.0,20.0,99.5,1287.4622,0.0,0,0.0,0.0
1079.0,A,RUNNING,1075.232,5,9,0,8,0.0,20.0,99.5,1286.4622,0.0,0,0.0,0.0
1080.0,A,RUNNING,1076.232,5,9,0,8,0.0,20.0,99.5,1285.4622,0.0,0,0.0,0.0
1081.0,A,RUNNING,1077.232,5,9,0,8,0.0,20.0,99.5,1284.4622,0.0,0,0.0,0.0
1082.0,A,RUNNING,1078.232,5,9,0,8,0.0,20.0,99.5,1283.4622,0.0,0,0.0,0.0
1083.0,A,RUNNING,1079.232,5,9,0,8,0.0,20.0,99.5,1282.4622,0.0,0,0.0,0.0
1084.0,A,RUNNING,1080.232,5,9,0,8,0.0,20.0,99.5,1281.4622,0.0,0,0.0,0.0
1085.0,A,RUNNING,1081.232,5,9,0,8,0.0,20.0,99.5,1280.4622,0.0,0,0.0,0.0
1086.0,A,RUNNING,1082.232,5,9,0,8,0.0,20.0,99.5,1279.4622,0.0,0,0.0,0.0
1087.0,A,RUNNING,1083.232,5,9,0,8,0.0,20.0,99.5,1278.4622,0.0,0,0.0,0.0
1088.0,A,RUNNING,1084.232,5,9,0,8,0.0,20.0,99.5,1277.4622,0.0,0,0.0,0.0
1089.0,A,RUNNING,1085.232,5,9,0,8,0.0,20.0,99.5,1276.4622,0.0,0,0.0,0.0
1090.0,A,RUNNING,1086.232,5,9,0,8,0.0,20.0,99.5,1275.4622,0.0,0,0.0,0.0
1091.0,A,RUNNING,1087.232,5,9,0,8,0.0,20.0,99.5,1274.4622,0.0,0,0.0,0.0
1092.0,A,RUNNING,1088.232,5,9,0,8,0.0,20.0,99.5,1273.4622,0.0,0,0.0,0.0
1093.0,A,RUNNING,1089.232,5,9,0,8,0.0,20.0,99.5,1272.4622,0.0,0,0.0,0.0
1094.0,A,RUNNING,1090.232,5,9,0,8,0.0,20.0,99.5,1271.4622,0.0,0,0.0,0.0
1095.0,A,RUNNING,1091.232,5,9,0,8,0.0,20.0,99.5,1270.4622,0.0,0,0.0,0.0
1096.0,A,RUNNING,1092.232,5,9,0,8,0.0,20.0,99.5,1269.4622,0.0,0,0.0,0.0
1097.0,A,RUNNING,1093.232,5,9,0,8,0.0,20.0,99.5,1268.4622,0.0,0,0.0,0.0
1098.0,A,RUNNING,1094.232,5,9,0,8,0.0,20.0,99.5,1267.4622,0.0,0,0.0,0.0
1099.0,A,RUNNING,1095.232,5,9,0,8,0.0,20.0,99.5,1266.4622,0.0,0,0.0,0.0
1100.0,A,RUNNING,1096.232,5,9,0,8,0.0,20.0,99.5,1265.4622,0.0,0,0.0,0.0
1101.0,A,RUNNING,1097.232,5,9,0,8,0.0,20.0,99.5,1264.4622,0.0,0,0.0,0.0
1102.0,A,RUNNING,1098.232,5,9,0,8,0.0,20.0,99.5,1263.4622,0.0,0,0.0,0.0
1103.0,A,RUNNING,1099.232,5,9,0,8,0.0,20.0,99.5,1262.4622,0.0,0,0.0,0.0
1104.0,A,RUNNING,1100.232,5,9,0,8,0.0,20.0,99.5,1261.4622,0.0,0,0.0,0.0
1105.0,A,RUNNING,1101.232,5,9,0,8,0.0,20.0,99.5,1260.4622,0.0,0,0.0,0.0
1106.0,A,RUNNING,1102.232,6,9,1,8,0.125,20.0,99.4,1253.0548,0.0,0,0.0,0.0
1107.0,A,RUNNING,1103.232,6,9,1,8,0.125,20.0,99.4,1252.0548,0.0,0,0.0,0.0
1108.0,A,RUNNING,1104.232,6,9,1,8,0.125,20.0,99.4,1251.0548,0.0,0,0.0,0.0
1109.0,A,RUNNING,1105.232,6,9,1,8,0.125,20.0,99.4,1250.0548,0.0,0,0.0,0.0
1110.0,A,RUNNING,1106.232,6,9,1,8,0.125,20.0,99.4,1249.0548,0.0,0,0.0,0.0
1111.0,A,RUNNING,1107.232,6,9,1,8,0.125,20.0,99.4,1248.0548,0.0,0,0.0,0.0
1112.0,A,RUNNING,1108.232,6,9,1,8,0.125,20.0,99.4,1247.0548,0.0,0,0.0,0.0
1113.0,A,RUNNING,1109.232,6,9,1,8,0.125,20.0,99.4,1246.0548,0.0,0,0.0,0.0
1114.0,A,RUNNING,1110.232,6,9,1,8,0.125,20.0,99.4,1245.0548,0.0,0,0.0,0.0
1115.0,A,RUNNING,1111.232,6,9,1,8,0.125,20.0,99.4,1244.0548,0.0,0,0.0,0.0
1116.0,A,RUNNING,1112.232,6,9,1,8,0.125,20.0,99.4,1243.0548,0.0,0,0.0,0.0
1117.0,A,RUNNING,1113.232,6,9,1,8,0.125,20.0,99.4,1242.0548,0.0,0,0.0,0.0
1118.0,A,RUNNING,1114.232,6,9,1,8,0.125,20.0,99.4,1241.0548,0.0,0,0.0,0.0
1119.0,A,RUNNING,1115.232,6,9,1,8,0.125,20.0,99.4,1240.0548,0.0,0,0.0,0.0
1120.0,A,RUNNING,1116.232,6,9,1,8,0.125,20.0,99.4,1239.0548,0.0,0,0.0,0.0
1121.0,A,RUNNING,1117.232,6,9,1,8,0.125,20.0,99.4,1238.0548,0.0,0,0.0,0.0
1122.0,A,RUNNING,1118.232,6,9,1,8,0.125,20.0,99.4,1237.0548,0.0,0,0.0,0.0
1123.0,A,RUNNING,1119.236,6,9,1,8,0.125,20.0,99.4,1236.0508,0.0,0,0.0,0.0
1124.0,A,RUNNING,1120.232,6,9,1,8,0.125,20.0,99.4,1235.0548,0.0,0,0.0,0.0
1125.0,A,RUNNING,1121.232,6,9,1,8,0.125,20.0,99.4,1234.0548,0.0,0,0.0,0.0
1126.0,A,RUNNING,1122.232,6,9,1,8,0.125,20.0,99.4,1233.0548,0.0,0,0.0,0.0
1127.0,A,RUNNING,1123.232,6,9,1,8,0.125,20.0,99.4,1232.0548,0.0,0,0.0,0.0
1128.0,A,RUNNING,1124.232,6,9,1,8,0.125,20.0,99.4,1231.0548,0.0,0,0.0,0.0
1129.0,A,RUNNING,1125.232,6,9,1,8,0.125,20.0,99.4,1230.0548,0.0,0,0.0,0.0
1130.0,A,RUNNING,1126.232,6,9,1,8,0.125,20.0,99.4,1229.0548,0.0,0,0.0,0.0
1131.0,A,RUNNING,1127.232,6,9,1,8,0.125,20.0,99.4,1228.0548,0.0,0,0.0,0.0
1132.0,A,RUNNING,1128.232,6,9,1,8,0.125,20.0,99.4,1227.0548,0.0,0,0.0,0.0
1133.0,A,RUNNING,1129.232,6,9,1,8,0.125,20.0,99.4,1226.0548,0.0,0,0.0,0.0
1134.0,A,RUNNING,1130.232,6,9,1,8,0.125,20.0,99.4,1225.0548,0.0,0,0.0,0.0
1135.0,A,RUNNING,1131.232,6,9,1,8,0.125,20.0,99.4,1224.0548,0.0,0,0.0,0.0
1136.0,A,RUNNING,1132.232,6,9,1,8,0.125,20.0,99.4,1223.0548,0.0,0,0.0,0.0
1137.0,A,RUNNING,1133.232,6,9,1,8,0.125,20.0,99.4,1222.0548,0.0,0,0.0,0.0
1138.0,A,RUNNING,1134.232,6,9,1,8,0.125,20.0,99.4,1221.0548,0.0,0,0.0,0.0
1139.0,A,RUNNING,1135.232,6,9,1,8,0.125,20.0,99.4,1220.0548,0.0,0,0.0,0.0
1140.0,A,RUNNING,1136.232,6,9,1,8,0.125,20.0,99.4,1219.0548,0.0,0,0.0,0.0
1141.0,A,RUNNING,1137.232,6,9,1,8,0.125,20.0,99.4,1218.0548,0.0,0,0.0,0.0
1142.0,A,RUNNING,1138.232,6,9,1,8,0.125,20.0,99.4,1217.0548,0.0,0,0.0,0.0
1143.0,A,RUNNING,1139.232,6,9,1,8,0.125,20.0,99.4,1216.0548,0.0,0,0.0,0.0
1144.0,A,RUNNING,1140.232,6,9,1,8,0.125,20.0,99.4,1215.0548,0.0,0,0.0,0.0
1145.0,A,RUNNING,1141.232,6,9,1,8,0.125,20.0,99.4,1214.0548,0.0,0,0.0,0.0
1146.0,A,RUNNING,1142.232,6,9,1,8,0.125,20.0,99.4,1213.0548,0.0,0,0.0,0.0
1147.0,A,RUNNING,1143.232,6,9,1,8,0.125,20.0,99.4,1212.0548,0.0,0,0.0,0.0
1148.0,A,RUNNING,1144.232,6,9,1,8,0.125,20.0,99.4,1211.0548,0.0,0,0.0,0.0
1149.0,A,RUNNING,1145.232,6,9,1,8,0.125,20.0,99.4,1210.0548,0.0,0,0.0,0.0
1150.0,A,RUNNING,1146.232,6,9,1,8,0.125,20.0,99.4,1209.0548,0.0,0,0.0,0.0
1151.0,A,RUNNING,1147.232,6,9,1,8,0.125,20.0,99.4,1208.0548,0.0,0,0.0,0.0
1152.0,A,RUNNING,1148.232,6,9,1,8,0.125,20.0,99.4,1207.0548,0.0,0,0.0,0.0
1153.0,A,RUNNING,1149.232,6,9,1,8,0.125,20.0,99.4,1206.0548,0.0,0,0.0,0.0
1154.0,A,RUNNING,1150.232,6,9,1,8,0.125,20.0,99.4,1205.0548,0.0,0,0.0,0.0
1155.0,A,RUNNING,1151.232,6,9,1,8,0.125,20.0,99.4,1204.0548,0.0,0,0.0,0.0
1156.0,A,RUNNING,1152.232,6,9,1,8,0.125,20.0,99.4,1203.0548,0.0,0,0.0,0.0
1157.0,A,RUNNING,1153.232,6,9,1,8,0.125,20.0,99.4,1202.0548,0.0,0,0.0,0.0
1158.0,A,RUNNING,1154.232,6,9,1,8,0.125,20.0,99.4,1201.0548,0.0,0,0.0,0.0
1159.0,A,RUNNING,1155.232,6,9,1,8,0.125,20.0,99.4,1200.0548,0.0,0,0.0,0.0
1160.0,A,RUNNING,1156.232,6,9,1,8,0.125,20.0,99.4,1199.0548,0.0,0,0.0,0.0
1161.0,A,RUNNING,1157.232,6,9,1,8,0.125,20.0,99.4,1198.0548,0.0,0,0.0,0.0
1162.0,A,RUNNING,1158.232,6,9,1,8,0.125,20.0,99.4,1197.0548,0.0,0,0.0,0.0
1163.0,A,RUNNING,1159.232,6,9,1,8,0.125,20.0,99.4,1196.0548,0.0,0,0.0,0.0
1164.0,A,RUNNING,1160.232,6,9,1,8,0.125,20.0,99.4,1195.0548,0.0,0,0.0,0.0
1165.0,A,RUNNING,1161.232,6,9,1,8,0.125,20.0,99.4,1194.0548,0.0,0,0.0,0.0
1166.0,A,RUNNING,1162.232,6,9,1,8,0.125,20.0,99.4,1193.0548,0.0,0,0.0,0.0
1167.0,A,RUNNING,1163.232,6,9,1,8,0.125,20.0,99.4,1192.0548,0.0,0,0.0,0.0
1168.0,A,RUNNING,1164.232,6,9,1,8,0.125,20.0,99.4,1191.0548,0.0,0,0.0,0.0
1169.0,A,RUNNING,1165.232,6,9,1,8,0.125,20.0,99.4,1190.0548,0.0,0,0.0,0.0
1170.0,A,RUNNING,1166.232,6,9,1,8,0.125,20.0,99.4,1189.0548,0.0,0,0.0,0.0
1171.0,A,RUNNING,1167.232,6,9,1,8,0.125,20.0,99.4,1188.0548,0.0,0,0.0,0.0
1172.0,A,RUNNING,1168.232,6,9,1,8,0.125,20.0,99.4,1187.0548,0.0,0,0.0,0.0
1173.0,A,RUNNING,1169.232,6,9,1,8,0.125,20.0,99.4,1186.0548,0.0,0,0.0,0.0
1174.0,A,RUNNING,1170.232,6,9,1,8,0.125,20.0,99.4,1185.0548,0.0,0,0.0,0.0
1175.0,A,RUNNING,1171.232,6,9,1,8,0.125,20.0,99.4,1184.0548,0.0,0,0.0,0.0
1176.0,A,RUNNING,1172.232,6,9,1,8,0.125,20.0,99.4,1183.0548,0.0,0,0.0,0.0
1177.0,A,RUNNING,1173.232,6,9,1,8,0.125,20.0,99.4,1182.0548,0.0,0,0.0,0.0
1178.0,A,RUNNING,1174.232,6,9,1,8,0.125,20.0,99.4,1181.0548,0.0,0,0.0,0.0
1179.0,A,RUNNING,1175.232,6,9,1,8,0.125,20.0,99.4,1180.0548,0.0,0,0.0,0.0
1180.0,A,RUNNING,1176.232,6,9,1,8,0.125,20.0,99.4,1179.0548,0.0,0,0.0,0.0
1181.0,A,RUNNING,1177.232,6,9,1,8,0.125,20.0,99.4,1178.0548,0.0,0,0.0,0.0
1182.0,A,RUNNING,1178.232,6,9,1,8,0.125,20.0,99.4,1177.0548,0.0,0,0.0,0.0
1183.0,A,RUNNING,1179.232,6,9,1,8,0.125,20.0,99.4,1176.0548,0.0,0,0.0,0.0
1184.0,A,RUNNING,1180.232,6,9,1,8,0.125,20.0,99.4,1175.0548,0.0,0,0.0,0.0
1185.0,A,RUNNING,1181.232,6,9,1,8,0.125,20.0,99.4,1174.0548,0.0,0,0.0,0.0
1186.0,A,RUNNING,1182.232,6,9,1,8,0.125,20.0,99.4,1173.0548,0.0,0,0.0,0.0
1187.0,A,RUNNING,1183.232,6,9,1,8,0.125,20.0,99.4,1172.0548,0.0,0,0.0,0.0
1188.0,A,RUNNING,1184.232,6,9,1,8,0.125,20.0,99.4,1171.0548,0.0,0,0.0,0.0
1189.0,A,RUNNING,1185.232,6,9,1,8,0.125,20.0,99.4,1170.0548,0.0,0,0.0,0.0
1190.0,A,RUNNING,1186.232,6,9,1,8,0.125,20.0,99.4,1169.0548,0.0,0,0.0,0.0
1191.0,A,RUNNING,1187.232,6,9,1,8,0.125,20.0,99.4,1168.0548,0.0,0,0.0,0.0
1192.0,A,RUNNING,1188.232,6,9,1,8,0.125,20.0,99.4,1167.0548,0.0,0,0.0,0.0
1193.0,A,RUNNING,1189.232,6,9,1,8,0.125,20.0,99.4,1166.0548,0.0,0,0.0,0.0
1194.0,A,RUNNING,1190.232,6,9,1,8,0.125,20.0,99.4,1165.0548,0.0,0,0.0,0.0
1195.0,A,RUNNING,1191.232,6,9,1,8,0.125,20.0,99.4,1164.0548,0.0,0,0.0,0.0
1196.0,A,RUNNING,1192.232,6,9,1,8,0.125,20.0,99.4,1163.0548,0.0,0,0.0,0.0
1197.0,A,RUNNING,1193.232,6,9,1,8,0.125,20.0,99.4,1162.0548,0.0,0,0.0,0.0
1198.0,A,RUNNING,1194.232,6,9,1,8,0.125,20.0,99.4,1161.0548,0.0,0,0.0,0.0
1199.0,A,RUNNING,1195.232,6,9,1,8,0.125,20.0,99.4,1160.0548,0.0,0,0.0,0.0
1200.0,A,RUNNING,1196.232,6,9,1,8,0.125,20.0,99.4,1159.0548,0.0,0,0.0,0.0
1201.0,A,RUNNING,1197.232,6,9,1,8,0.125,20.0,99.4,1158.0548,0.0,0,0.0,0.0
1202.0,A,RUNNING,1198.232,6,9,1,8,0.125,20.0,99.4,1157.0548,0.0,0,0.0,0.0
1203.0,A,RUNNING,1199.232,6,9,1,8,0.125,20.0,99.4,1156.0548,0.0,0,0.0,0.0
1204.0,A,RUNNING,1200.232,6,9,1,8,0.125,20.0,99.4,1155.0548,0.0,0,0.0,0.0
1205.0,A,RUNNING,1201.232,6,9,1,8,0.125,20.0,99.4,1154.0548,0.0,0,0.0,0.0
1206.0,A,RUNNING,1202.232,6,9,1,8,0.125,20.0,99.4,1153.0548,0.0,0,0.0,0.0
1207.0,A,RUNNING,1203.232,6,9,1,8,0.125,20.0,99.4,1152.0548,0.0,0,0.0,0.0
1208.0,A,RUNNING,1204.232,6,9,1,8,0.125,20.0,99.4,1151.0548,0.0,0,0.0,0.0
1209.0,A,RUNNING,1205.232,6,9,1,8,0.125,20.0,99.4,1150.0548,0.0,0,0.0,0.0
1210.0,A,RUNNING,1206.232,6,9,1,8,0.125,20.0,99.4,1149.0548,0.0,0,0.0,0.0
1211.0,A,RUNNING,1207.232,6,9,1,8,0.125,20.0,99.4,1148.0548,0.0,0,0.0,0.0
1212.0,A,RUNNING,1208.232,6,9,1,8,0.125,20.0,99.4,1147.0548,0.0,0,0.0,0.0
1213.0,A,RUNNING,1209.232,6,9,1,8,0.125,20.0,99.4,1146.0548,0.0,0,0.0,0.0
1214.0,A,RUNNING,1210.232,6,9,1,8,0.125,20.0,99.4,1145.0548,0.0,0,0.0,0.0
1215.0,A,RUNNING,1211.232,6,9,1,8,0.125,20.0,99.4,1144.0548,0.0,0,0.0,0.0
1216.0,A,RUNNING,1212.232,6,9,1,8,0.125,20.0,99.4,1143.0548,0.0,0,0.0,0.0
1217.0,A,RUNNING,1213.232,6,9,1,8,0.125,20.0,99.4,1142.0548,0.0,0,0.0,0.0
1218.0,A,RUNNING,1214.232,6,9,1,8,0.125,20.0,99.4,1141.0548,0.0,0,0.0,0.0
1219.0,A,RUNNING,1215.232,6,9,1,8,0.125,20.0,99.4,1140.0548,0.0,0,0.0,0.0
1220.0,A,RUNNING,1216.232,6,9,1,8,0.125,20.0,99.4,1139.0548,0.0,0,0.0,0.0
1221.0,A,RUNNING,1217.232,6,9,1,8,0.125,20.0,99.4,1138.0548,0.0,0,0.0,0.0
1222.0,A,RUNNING,1218.232,6,9,1,8,0.125,20.0,99.4,1137.0548,0.0,0,0.0,0.0
1223.0,A,RUNNING,1219.232,6,9,1,8,0.125,20.0,99.4,1136.0548,0.0,0,0.0,0.0
1224.0,A,RUNNING,1220.232,6,9,1,8,0.125,20.0,99.4,1135.0548,0.0,0,0.0,0.0
1225.0,A,RUNNING,1221.232,6,9,1,8,0.125,20.0,99.4,1134.0548,0.0,0,0.0,0.0
1226.0,A,RUNNING,1222.232,6,9,1,8,0.125,20.0,99.4,1133.0548,0.0,0,0.0,0.0
1227.0,A,RUNNING,1223.232,6,9,1,8,0.125,20.0,99.4,1132.0548,0.0,0,0.0,0.0
1228.0,A,RUNNING,1224.232,6,9,1,8,0.125,20.0,99.4,1131.0548,0.0,0,0.0,0.0
1229.0,A,RUNNING,1225.232,6,9,1,8,0.125,20.0,99.4,1130.0548,0.0,0,0.0,0.0
1230.0,A,RUNNING,1226.232,6,9,1,8,0.125,20.0,99.4,1129.0548,0.0,0,0.0,0.0
1231.0,A,RUNNING,1227.232,6,9,1,8,0.125,20.0,99.4,1128.0548,0.0,0,0.0,0.0
1232.0,A,RUNNING,1228.232,6,9,1,8,0.125,20.0,99.4,1127.0548,0.0,0,0.0,0.0
1233.0,A,RUNNING,1229.232,6,9,1,8,0.125,20.0,99.4,1126.0548,0.0,0,0.0,0.0
1234.0,A,RUNNING,1230.232,6,9,1,8,0.125,20.0,99.4,1125.0548,0.0,0,0.0,0.0
1235.0,A,RUNNING,1231.232,6,9,1,8,0.125,20.0,99.4,1124.0548,0.0,0,0.0,0.0
1236.0,A,RUNNING,1232.232,6,9,1,8,0.125,20.0,99.4,1123.0548,0.0,0,0.0,0.0
1237.0,A,RUNNING,1233.232,6,9,1,8,0.125,20.0,99.4,1122.0548,0.0,0,0.0,0.0
1238.0,A,RUNNING,1234.232,6,9,1,8,0.125,20.0,99.4,1121.0548,0.0,0,0.0,0.0
1239.0,A,RUNNING,1235.232,6,9,1,8,0.125,20.0,99.4,1120.0548,0.0,0,0.0,0.0
1240.0,A,RUNNING,1236.232,6,9,1,8,0.125,20.0,99.4,1119.0548,0.0,0,0.0,0.0
1241.0,A,RUNNING,1237.232,6,9,1,8,0.125,20.0,99.4,1118.0548,0.0,0,0.0,0.0
1242.0,A,RUNNING,1238.232,6,9,1,8,0.125,20.0,99.4,1117.0548,0.0,0,0.0,0.0
1243.0,A,RUNNING,1239.232,6,9,1,8,0.125,20.0,99.4,1116.0548,0.0,0,0.0,0.0
1244.0,A,RUNNING,1240.232,6,9,1,8,0.125,20.0,99.4,1115.0548,0.0,0,0.0,0.0
1245.0,A,RUNNING,1241.232,6,9,1,8,0.125,20.0,99.4,1114.0548,0.0,0,0.0,0.0
1246.0,A,RUNNING,1242.232,6,9,1,8,0.125,20.0,99.4,1113.0548,0.0,0,0.0,0.0
1247.0,A,RUNNING,1243.232,6,9,1,8,0.125,20.0,99.4,1112.0548,0.0,0,0.0,0.0
1248.0,A,RUNNING,1244.232,6,9,1,8,0.125,20.0,99.4,1111.0548,0.0,0,0.0,0.0
1249.0,A,RUNNING,1245.232,6,9,1,8,0.125,20.0,99.4,1110.0548,0.0,0,0.0,0.0
1250.0,A,RUNNING,1246.232,6,9,1,8,0.125,20.0,99.4,1109.0548,0.0,0,0.0,0.0
1251.0,A,RUNNING,1247.232,6,9,1,8,0.125,20.0,99.4,1108.0548,0.0,0,0.0,0.0
1252.0,A,RUNNING,1248.232,6,9,1,8,0.125,20.0,99.4,1107.0548,0.0,0,0.0,0.0
1253.0,A,RUNNING,1249.232,6,9,1,8,0.125,20.0,99.4,1106.0548,0.0,0,0.0,0.0
1254.0,A,RUNNING,1250.232,6,9,1,8,0.125,20.0,99.4,1105.0548,0.0,0,0.0,0.0
1255.0,A,RUNNING,1251.232,6,9,1,8,0.125,20.0,99.4,1104.0548,0.0,0,0.0,0.0
1256.0,A,RUNNING,1252.232,6,9,1,8,0.125,20.0,99.4,1103.0548,0.0,0,0.0,0.0
1257.0,A,RUNNING,1253.232,6,9,1,8,0.125,20.0,99.4,1102.0548,0.0,0,0.0,0.0
1258.0,A,RUNNING,1254.232,6,9,1,8,0.125,20.0,99.4,1101.0548,0.0,0,0.0,0.0
1259.0,A,RUNNING,1255.232,6,9,1,8,0.125,20.0,99.4,1100.0548,0.0,0,0.0,0.0
1260.0,A,RUNNING,1256.232,6,9,1,8,0.125,20.0,99.4,1099.0548,0.0,0,0.0,0.0
1261.0,A,RUNNING,1257.232,6,9,1,8,0.125,20.0,99.4,1098.0548,0.0,0,0.0,0.0
1262.0,A,RUNNING,1258.232,6,9,1,8,0.125,20.0,99.4,1097.0548,0.0,0,0.0,0.0
1263.0,A,RUNNING,1259.232,6,9,1,8,0.125,20.0,99.4,1096.0548,0.0,0,0.0,0.0
1264.0,A,RUNNING,1260.232,6,9,1,8,0.125,20.0,99.4,1095.0548,0.0,0,0.0,0.0
1265.0,A,RUNNING,1261.232,6,9,1,8,0.125,20.0,99.4,1094.0548,0.0,0,0.0,0.0
1266.0,A,RUNNING,1262.232,6,9,1,8,0.125,20.0,99.4,1093.0548,0.0,0,0.0,0.0
1267.0,A,RUNNING,1263.232,6,9,1,8,0.125,20.0,99.4,1092.0548,0.0,0,0.0,0.0
1268.0,A,RUNNING,1264.236,6,9,1,8,0.125,20.0,99.4,1091.0508,0.0,0,0.0,0.0
1269.01,A,RUNNING,1265.24,6,9,1,8,0.125,20.0,99.4,1090.0468,0.0,0,0.0,0.0
1270.0,A,RUNNING,1266.232,6,9,1,8,0.125,20.0,99.4,1089.0548,0.0,0,0.0,0.0
1271.0,A,RUNNING,1267.232,6,9,1,8,0.125,20.0,99.4,1088.0548,0.0,0,0.0,0.0
1272.0,A,RUNNING,1268.232,6,9,1,8,0.125,20.0,99.4,1087.0548,0.0,0,0.0,0.0
1273.0,A,RUNNING,1269.232,6,9,1,8,0.125,20.0,99.4,1086.0548,0.0,0,0.0,0.0
1274.0,A,RUNNING,1270.232,6,9,1,8,0.125,20.0,99.4,1085.0548,0.0,0,0.0,0.0
1275.0,A,RUNNING,1271.232,6,9,1,8,0.125,20.0,99.4,1084.0548,0.0,0,0.0,0.0
1276.0,A,RUNNING,1272.232,6,9,1,8,0.125,20.0,99.4,1083.0548,0.0,0,0.0,0.0
1277.0,A,RUNNING,1273.232,6,9,1,8,0.125,20.0,99.4,1082.0548,0.0,0,0.0,0.0
1278.0,A,RUNNING,1274.232,6,9,1,8,0.125,20.0,99.4,1081.0548,0.0,0,0.0,0.0
1279.0,A,RUNNING,1275.232,6,9,1,8,0.125,20.0,99.4,1080.0548,0.0,0,0.0,0.0
1280.0,A,RUNNING,1276.232,7,9,2,8,0.25,20.0,99.3,1147.6224,0.0,0,0.0,0.0
1281.0,A,RUNNING,1277.232,7,9,2,8,0.25,20.0,99.3,1146.6224,0.0,0,0.0,0.0
1282.0,A,RUNNING,1278.232,7,9,2,8,0.25,20.0,99.3,1145.6224,0.0,0,0.0,0.0
1283.0,A,RUNNING,1279.232,7,9,2,8,0.25,20.0,99.3,1144.6224,0.0,0,0.0,0.0
1284.0,A,RUNNING,1280.232,7,9,2,8,0.25,20.0,99.3,1143.6224,0.0,0,0.0,0.0
1285.0,A,RUNNING,1281.232,7,9,2,8,0.25,20.0,99.3,1142.6224,0.0,0,0.0,0.0
1286.0,A,RUNNING,1282.232,7,9,2,8,0.25,20.0,99.3,1141.6224,0.0,0,0.0,0.0
1287.0,A,RUNNING,1283.232,7,9,2,8,0.25,20.0,99.3,1140.6224,0.0,0,0.0,0.0
1288.0,A,RUNNING,1284.232,7,9,2,8,0.25,20.0,99.3,1139.6224,0.0,0,0.0,0.0
1289.0,A,RUNNING,1285.232,7,9,2,8,0.25,20.0,99.3,1138.6224,0.0,0,0.0,0.0
1290.0,A,RUNNING,1286.232,7,9,2,8,0.25,20.0,99.3,1137.6224,0.0,0,0.0,0.0
1291.0,A,RUNNING,1287.232,7,9,2,8,0.25,20.0,99.3,1136.6224,0.0,0,0.0,0.0
1292.0,A,RUNNING,1288.232,7,9,2,8,0.25,20.0,99.3,1135.6224,0.0,0,0.0,0.0
1293.0,A,RUNNING,1289.232,7,9,2,8,0.25,20.0,99.3,1134.6224,0.0,0,0.0,0.0
1294.0,A,RUNNING,1290.232,7,9,2,8,0.25,20.0,99.3,1133.6224,0.0,0,0.0,0.0
1295.0,A,RUNNING,1291.232,7,9,2,8,0.25,20.0,99.3,1132.6224,0.0,0,0.0,0.0
1296.0,A,RUNNING,1292.232,7,9,2,8,0.25,20.0,99.3,1131.6224,0.0,0,0.0,0.0
1297.0,A,RUNNING,1293.232,7,9,2,8,0.25,20.0,99.3,1130.6224,0.0,0,0.0,0.0
1298.0,A,RUNNING,1294.232,7,9,2,8,0.25,20.0,99.3,1129.6224,0.0,0,0.0,0.0
1299.0,A,RUNNING,1295.232,7,9,2,8,0.25,20.0,99.3,1128.6224,0.0,0,0.0,0.0
1300.0,A,RUNNING,1296.232,7,9,2,8,0.25,20.0,99.3,1127.6224,0.0,0,0.0,0.0
1301.0,A,RUNNING,1297.232,7,9,2,8,0.25,20.0,99.3,1126.6224,0.0,0,0.0,0.0
1302.0,A,RUNNING,1298.232,7,9,2,8,0.25,20.0,99.3,1125.6224,0.0,0,0.0,0.0
1303.0,A,RUNNING,1299.232,7,9,2,8,0.25,20.0,99.3,1124.6224,0.0,0,0.0,0.0
1304.0,A,RUNNING,1300.232,7,9,2,8,0.25,20.0,99.3,1123.6224,0.0,0,0.0,0.0
1305.0,A,RUNNING,1301.232,7,9,2,8,0.25,20.0,99.3,1122.6224,0.0,0,0.0,0.0
1306.0,A,RUNNING,1302.232,7,9,2,8,0.25,20.0,99.3,1121.6224,0.0,0,0.0,0.0
1307.0,A,RUNNING,1303.232,7,9,2,8,0.25,20.0,99.3,1120.6224,0.0,0,0.0,0.0
1308.0,A,RUNNING,1304.232,7,9,2,8,0.25,20.0,99.3,1119.6224,0.0,0,0.0,0.0
1309.0,A,RUNNING,1305.232,7,9,2,8,0.25,20.0,99.3,1118.6224,0.0,0,0.0,0.0
1310.0,A,RUNNING,1306.232,7,9,2,8,0.25,20.0,99.3,1117.6224,0.0,0,0.0,0.0
1311.0,A,RUNNING,1307.232,7,9,2,8,0.25,20.0,99.3,1116.6224,0.0,0,0.0,0.0
1312.0,A,RUNNING,1308.232,7,9,2,8,0.25,20.0,99.3,1115.6224,0.0,0,0.0,0.0
1313.0,A,RUNNING,1309.236,7,9,2,8,0.25,20.0,99.3,1114.6184,0.0,0,0.0,0.0
1314.0,A,RUNNING,1310.232,7,9,2,8,0.25,20.0,99.3,1113.6224,0.0,0,0.0,0.0
1315.0,A,RUNNING,1311.232,7,9,2,8,0.25,20.0,99.3,1112.6224,0.0,0,0.0,0.0
1316.0,A,RUNNING,1312.232,7,9,2,8,0.25,20.0,99.3,1111.6224,0.0,0,0.0,0.0
1317.0,A,RUNNING,1313.232,7,9,2,8,0.25,20.0,99.3,1110.6224,0.0,0,0.0,0.0
1318.0,A,RUNNING,1314.232,7,9,2,8,0.25,20.0,99.3,1109.6224,0.0,0,0.0,0.0
1319.0,A,RUNNING,1315.232,7,9,2,8,0.25,20.0,99.3,1108.6224,0.0,0,0.0,0.0
1320.0,A,RUNNING,1316.232,7,9,2,8,0.25,20.0,99.3,1107.6224,0.0,0,0.0,0.0
1321.0,A,RUNNING,1317.232,7,9,2,8,0.25,20.0,99.3,1106.6224,0.0,0,0.0,0.0
1322.0,A,RUNNING,1318.232,7,9,2,8,0.25,20.0,99.3,1105.6224,0.0,0,0.0,0.0
1323.0,A,RUNNING,1319.232,7,9,2,8,0.25,20.0,99.3,1104.6224,0.0,0,0.0,0.0
1324.0,A,RUNNING,1320.232,7,9,2,8,0.25,20.0,99.3,1103.6224,0.0,0,0.0,0.0
1325.0,A,RUNNING,1321.236,7,9,2,8,0.25,20.0,99.3,1102.6184,0.0,0,0.0,0.0
1326.0,A,RUNNING,1322.232,7,9,2,8,0.25,20.0,99.3,1101.6224,0.0,0,0.0,0.0
1327.0,A,RUNNING,1323.232,7,9,2,8,0.25,20.0,99.3,1100.6224,0.0,0,0.0,0.0
1328.0,A,RUNNING,1324.232,7,9,2,8,0.25,20.0,99.3,1099.6224,0.0,0,0.0,0.0
1329.0,A,RUNNING,1325.236,7,9,2,8,0.25,20.0,99.3,1098.6184,0.0,0,0.0,0.0
1330.0,A,RUNNING,1326.232,7,9,2,8,0.25,20.0,99.3,1097.6224,0.0,0,0.0,0.0
1331.0,A,RUNNING,1327.232,7,9,2,8,0.25,20.0,99.3,1096.6224,0.0,0,0.0,0.0
1332.0,A,RUNNING,1328.232,7,9,2,8,0.25,20.0,99.3,1095.6224,0.0,0,0.0,0.0
1333.0,A,RUNNING,1329.232,7,9,2,8,0.25,20.0,99.3,1094.6224,0.0,0,0.0,0.0
1334.0,A,RUNNING,1330.232,7,9,2,8,0.25,20.0,99.3,1093.6224,0.0,0,0.0,0.0
1335.0,A,RUNNING,1331.232,7,9,2,8,0.25,20.0,99.3,1092.6224,0.0,0,0.0,0.0
1336.0,A,RUNNING,1332.232,7,9,2,8,0.25,20.0,99.3,1091.6224,0.0,0,0.0,0.0
1337.0,A,RUNNING,1333.232,7,9,2,8,0.25,20.0,99.3,1090.6224,0.0,0,0.0,0.0
1338.0,A,RUNNING,1334.232,7,9,2,8,0.25,20.0,99.3,1089.6224,0.0,0,0.0,0.0
1339.0,A,RUNNING,1335.232,7,9,2,8,0.25,20.0,99.3,1088.6224,0.0,0,0.0,0.0
1340.0,A,RUNNING,1336.232,7,9,2,8,0.25,20.0,99.3,1087.6224,0.0,0,0.0,0.0
1341.0,A,RUNNING,1337.232,7,9,2,8,0.25,20.0,99.3,1086.6224,0.0,0,0.0,0.0
1342.0,A,RUNNING,1338.232,7,9,2,8,0.25,20.0,99.3,1085.6224,0.0,0,0.0,0.0
1343.0,A,RUNNING,1339.232,7,9,2,8,0.25,20.0,99.3,1084.6224,0.0,0,0.0,0.0
1344.0,A,RUNNING,1340.232,7,9,2,8,0.25,20.0,99.3,1083.6224,0.0,0,0.0,0.0
1345.0,A,RUNNING,1341.232,7,9,2,8,0.25,20.0,99.3,1082.6224,0.0,0,0.0,0.0
1346.0,A,RUNNING,1342.232,7,9,2,8,0.25,20.0,99.3,1081.6224,0.0,0,0.0,0.0
1347.0,A,RUNNING,1343.232,7,9,2,8,0.25,20.0,99.3,1080.6224,0.0,0,0.0,0.0
1348.0,A,RUNNING,1344.232,7,9,2,8,0.25,20.0,99.3,1079.6224,0.0,0,0.0,0.0
1349.0,A,RUNNING,1345.232,7,9,2,8,0.25,20.0,99.3,1078.6224,0.0,0,0.0,0.0
1350.0,A,RUNNING,1346.232,7,9,2,8,0.25,20.0,99.3,1077.6224,0.0,0,0.0,0.0
1351.0,A,RUNNING,1347.232,7,9,2,8,0.25,20.0,99.3,1076.6224,0.0,0,0.0,0.0
1352.0,A,RUNNING,1348.232,7,9,2,8,0.25,20.0,99.3,1075.6224,0.0,0,0.0,0.0
1353.0,A,RUNNING,1349.232,7,9,2,8,0.25,20.0,99.3,1074.6224,0.0,0,0.0,0.0
1354.0,A,RUNNING,1350.232,7,9,2,8,0.25,20.0,99.3,1073.6224,0.0,0,0.0,0.0
1355.0,A,RUNNING,1351.232,7,9,2,8,0.25,20.0,99.3,1072.6224,0.0,0,0.0,0.0
1356.0,A,RUNNING,1352.232,7,9,2,8,0.25,20.0,99.3,1071.6224,0.0,0,0.0,0.0
1357.0,A,RUNNING,1353.232,7,9,2,8,0.25,20.0,99.3,1070.6224,0.0,0,0.0,0.0
1358.0,A,RUNNING,1354.232,7,9,2,8,0.25,20.0,99.3,1069.6224,0.0,0,0.0,0.0
1359.0,A,RUNNING,1355.236,7,9,2,8,0.25,20.0,99.3,1068.6184,0.0,0,0.0,0.0
1360.0,A,RUNNING,1356.232,7,9,2,8,0.25,20.0,99.3,1067.6224,0.0,0,0.0,0.0
1361.0,A,RUNNING,1357.232,7,9,2,8,0.25,20.0,99.3,1066.6224,0.0,0,0.0,0.0
1362.0,A,RUNNING,1358.232,7,9,2,8,0.25,20.0,99.3,1065.6224,0.0,0,0.0,0.0
1363.0,A,RUNNING,1359.232,7,9,2,8,0.25,20.0,99.3,1064.6224,0.0,0,0.0,0.0
1364.0,A,RUNNING,1360.232,7,9,2,8,0.25,20.0,99.3,1063.6224,0.0,0,0.0,0.0
1365.0,A,RUNNING,1361.232,7,9,2,8,0.25,20.0,99.3,1062.6224,0.0,0,0.0,0.0
1366.0,A,RUNNING,1362.232,7,9,2,8,0.25,20.0,99.3,1061.6224,0.0,0,0.0,0.0
1367.0,A,RUNNING,1363.236,7,9,2,8,0.25,20.0,99.3,1060.6184,0.0,0,0.0,0.0
1368.0,A,RUNNING,1364.232,7,9,2,8,0.25,20.0,99.3,1059.6224,0.0,0,0.0,0.0
1369.0,A,RUNNING,1365.232,7,9,2,8,0.25,20.0,99.3,1058.6224,0.0,0,0.0,0.0
1370.0,A,RUNNING,1366.232,7,9,2,8,0.25,20.0,99.3,1057.6224,0.0,0,0.0,0.0
1371.0,A,RUNNING,1367.232,7,9,2,8,0.25,20.0,99.3,1056.6224,0.0,0,0.0,0.0
1372.0,A,RUNNING,1368.232,7,9,2,8,0.25,20.0,99.3,1055.6224,0.0,0,0.0,0.0
1373.0,A,RUNNING,1369.232,7,9,2,8,0.25,20.0,99.3,1054.6224,0.0,0,0.0,0.0
1374.0,A,RUNNING,1370.232,7,9,2,8,0.25,20.0,99.3,1053.6224,0.0,0,0.0,0.0
1375.0,A,RUNNING,1371.232,7,9,2,8,0.25,20.0,99.3,1052.6224,0.0,0,0.0,0.0
1376.0,A,RUNNING,1372.232,7,9,2,8,0.25,20.0,99.3,1051.6224,0.0,0,0.0,0.0
1377.0,A,RUNNING,1373.232,7,9,2,8,0.25,20.0,99.3,1050.6224,0.0,0,0.0,0.0
1378.0,A,RUNNING,1374.232,7,9,2,8,0.25,20.0,99.3,1049.6224,0.0,0,0.0,0.0
1379.0,A,RUNNING,1375.232,7,9,2,8,0.25,20.0,99.3,1048.6224,0.0,0,0.0,0.0
1380.0,A,RUNNING,1376.232,7,9,2,8,0.25,20.0,99.3,1047.6224,0.0,0,0.0,0.0
1381.0,A,RUNNING,1377.232,7,9,2,8,0.25,20.0,99.3,1046.6224,0.0,0,0.0,0.0
1382.0,A,RUNNING,1378.232,7,9,2,8,0.25,20.0,99.3,1045.6224,0.0,0,0.0,0.0
1383.0,A,RUNNING,1379.232,7,9,2,8,0.25,20.0,99.3,1044.6224,0.0,0,0.0,0.0
1384.0,A,RUNNING,1380.232,7,9,2,8,0.25,20.0,99.3,1043.6224,0.0,0,0.0,0.0
1385.0,A,RUNNING,1381.232,7,9,2,8,0.25,20.0,99.3,1042.6224,0.0,0,0.0,0.0
1386.0,A,RUNNING,1382.232,7,9,2,8,0.25,20.0,99.3,1041.6224,0.0,0,0.0,0.0
1387.0,A,RUNNING,1383.232,7,9,2,8,0.25,20.0,99.3,1040.6224,0.0,0,0.0,0.0
1388.0,A,RUNNING,1384.232,7,9,2,8,0.25,20.0,99.3,1039.6224,0.0,0,0.0,0.0
1389.0,A,RUNNING,1385.232,7,9,2,8,0.25,20.0,99.3,1038.6224,0.0,0,0.0,0.0
1390.0,A,RUNNING,1386.232,7,9,2,8,0.25,20.0,99.3,1037.6224,0.0,0,0.0,0.0
1391.0,A,RUNNING,1387.232,7,9,2,8,0.25,20.0,99.3,1036.6224,0.0,0,0.0,0.0
1392.0,A,RUNNING,1388.232,7,9,2,8,0.25,20.0,99.3,1035.6224,0.0,0,0.0,0.0
1393.0,A,RUNNING,1389.232,7,9,2,8,0.25,20.0,99.3,1034.6224,0.0,0,0.0,0.0
1394.0,A,RUNNING,1390.232,7,9,2,8,0.25,20.0,99.3,1033.6224,0.0,0,0.0,0.0
1395.0,A,RUNNING,1391.232,7,9,2,8,0.25,20.0,99.3,1032.6224,0.0,0,0.0,0.0
1396.0,A,RUNNING,1392.232,7,9,2,8,0.25,20.0,99.3,1031.6224,0.0,0,0.0,0.0
1397.0,A,RUNNING,1393.232,7,9,2,8,0.25,20.0,99.3,1030.6224,0.0,0,0.0,0.0
1398.0,A,RUNNING,1394.232,7,9,2,8,0.25,20.0,99.3,1029.6224,0.0,0,0.0,0.0
1399.0,A,RUNNING,1395.232,7,9,2,8,0.25,20.0,99.3,1028.6224,0.0,0,0.0,0.0
1400.0,A,RUNNING,1396.232,7,9,2,8,0.25,20.0,99.3,1027.6224,0.0,0,0.0,0.0
1401.0,A,RUNNING,1397.232,7,9,2,8,0.25,20.0,99.3,1026.6224,0.0,0,0.0,0.0
1402.0,A,RUNNING,1398.232,7,9,2,8,0.25,20.0,99.3,1025.6224,0.0,0,0.0,0.0
1403.0,A,RUNNING,1399.232,7,9,2,8,0.25,20.0,99.3,1024.6224,0.0,0,0.0,0.0
1404.0,A,RUNNING,1400.232,7,9,2,8,0.25,20.0,99.3,1023.6224,0.0,0,0.0,0.0
1405.0,A,RUNNING,1401.232,7,9,2,8,0.25,20.0,99.3,1022.6224,0.0,0,0.0,0.0
1406.0,A,RUNNING,1402.232,7,9,2,8,0.25,20.0,99.3,1021.6224,0.0,0,0.0,0.0
1407.0,A,RUNNING,1403.232,7,9,2,8,0.25,20.0,99.3,1020.6224,0.0,0,0.0,0.0
1408.0,A,RUNNING,1404.232,7,9,2,8,0.25,20.0,99.3,1019.6224,0.0,0,0.0,0.0
1409.0,A,RUNNING,1405.232,7,9,2,8,0.25,20.0,99.3,1018.6224,0.0,0,0.0,0.0
1410.0,A,RUNNING,1406.232,7,9,2,8,0.25,20.0,99.3,1017.6224,0.0,0,0.0,0.0
1411.0,A,RUNNING,1407.232,7,9,2,8,0.25,20.0,99.3,1016.6224,0.0,0,0.0,0.0
1412.0,A,RUNNING,1408.232,7,9,2,8,0.25,20.0,99.3,1015.6224,0.0,0,0.0,0.0
1413.0,A,RUNNING,1409.232,7,9,2,8,0.25,20.0,99.3,1014.6224,0.0,0,0.0,0.0
1414.0,A,RUNNING,1410.232,7,9,2,8,0.25,20.0,99.3,1013.6224,0.0,0,0.0,0.0
1415.0,A,RUNNING,1411.232,7,9,2,8,0.25,20.0,99.3,1012.6224,0.0,0,0.0,0.0
1416.0,A,RUNNING,1412.232,7,9,2,8,0.25,20.0,99.3,1011.6224,0.0,0,0.0,0.0
1417.0,A,RUNNING,1413.232,7,9,2,8,0.25,20.0,99.3,1010.6224,0.0,0,0.0,0.0
1418.0,A,RUNNING,1414.232,7,9,2,8,0.25,20.0,99.3,1009.6224,0.0,0,0.0,0.0
1419.0,A,RUNNING,1415.232,7,9,2,8,0.25,20.0,99.3,1008.6224,0.0,0,0.0,0.0
1420.0,A,RUNNING,1416.232,7,9,2,8,0.25,20.0,99.3,1007.6224,0.0,0,0.0,0.0
1421.0,A,RUNNING,1417.232,7,9,2,8,0.25,20.0,99.3,1006.6224,0.0,0,0.0,0.0
1422.0,A,RUNNING,1418.232,7,9,2,8,0.25,20.0,99.3,1005.6224,0.0,0,0.0,0.0
1423.0,A,RUNNING,1419.232,7,9,2,8,0.25,20.0,99.3,1004.6224,0.0,0,0.0,0.0
1424.0,A,RUNNING,1420.232,7,9,2,8,0.25,20.0,99.3,1003.6224,0.0,0,0.0,0.0
1425.0,A,RUNNING,1421.232,7,9,2,8,0.25,20.0,99.3,1002.6224,0.0,0,0.0,0.0
1426.0,A,RUNNING,1422.232,7,9,2,8,0.25,20.0,99.3,1001.6224,0.0,0,0.0,0.0
1427.0,A,RUNNING,1423.232,7,9,2,8,0.25,20.0,99.3,1000.6224,0.0,0,0.0,0.0
1428.0,A,RUNNING,1424.232,7,9,2,8,0.25,20.0,99.3,999.6224,0.0,0,0.0,0.0
1429.0,A,RUNNING,1425.232,7,9,2,8,0.25,20.0,99.3,998.6224,0.0,0,0.0,0.0
1430.0,A,RUNNING,1426.232,7,9,2,8,0.25,20.0,99.3,997.6224,0.0,0,0.0,0.0
1431.0,A,RUNNING,1427.232,7,9,2,8,0.25,20.0,99.3,996.6224,0.0,0,0.0,0.0
1432.0,A,RUNNING,1428.232,7,9,2,8,0.25,20.0,99.3,995.6224,0.0,0,0.0,0.0
1433.0,A,RUNNING,1429.232,7,9,2,8,0.25,20.0,99.3,994.6224,0.0,0,0.0,0.0
1434.0,A,RUNNING,1430.232,7,9,2,8,0.25,20.0,99.3,993.6224,0.0,0,0.0,0.0
1435.0,A,RUNNING,1431.232,7,9,2,8,0.25,20.0,99.3,992.6224,0.0,0,0.0,0.0
1436.0,A,RUNNING,1432.232,7,9,2,8,0.25,20.0,99.3,991.6224,0.0,0,0.0,0.0
1437.0,A,RUNNING,1433.232,7,9,2,8,0.25,20.0,99.3,990.6224,0.0,0,0.0,0.0
1438.0,A,RUNNING,1434.232,7,9,2,8,0.25,20.0,99.3,989.6224,0.0,0,0.0,0.0
1439.0,A,RUNNING,1435.232,7,9,2,8,0.25,20.0,99.3,988.6224,0.0,0,0.0,0.0
1440.0,A,RUNNING,1436.232,7,9,2,8,0.25,20.0,99.3,987.6224,0.0,0,0.0,0.0
1441.0,A,RUNNING,1437.232,7,9,2,8,0.25,20.0,99.3,986.6224,0.0,0,0.0,0.0
1442.0,A,RUNNING,1438.232,7,9,2,8,0.25,20.0,99.3,985.6224,0.0,0,0.0,0.0
1443.0,A,RUNNING,1439.232,7,9,2,8,0.25,20.0,99.3,984.6224,0.0,0,0.0,0.0
1444.0,A,RUNNING,1440.232,7,9,2,8,0.25,20.0,99.3,983.6224,0.0,0,0.0,0.0
1445.0,A,RUNNING,1441.232,7,9,2,8,0.25,20.0,99.3,982.6224,0.0,0,0.0,0.0
1446.0,A,RUNNING,1442.232,7,9,2,8,0.25,20.0,99.3,981.6224,0.0,0,0.0,0.0
1447.0,A,RUNNING,1443.232,7,9,2,8,0.25,20.0,99.3,980.6224,0.0,0,0.0,0.0
1448.0,A,RUNNING,1444.232,7,9,2,8,0.25,20.0,99.3,979.6224,0.0,0,0.0,0.0
1449.0,A,RUNNING,1445.232,7,9,2,8,0.25,20.0,99.3,978.6224,0.0,0,0.0,0.0
1450.0,A,RUNNING,1446.236,7,9,2,8,0.25,20.0,99.3,977.6184,0.0,0,0.0,0.0
1451.0,A,RUNNING,1447.232,7,9,2,8,0.25,20.0,99.3,976.6224,0.0,0,0.0,0.0
1452.0,A,RUNNING,1448.232,7,9,2,8,0.25,20.0,99.3,975.6224,0.0,0,0.0,0.0
1453.0,A,RUNNING,1449.232,7,9,2,8,0.25,20.0,99.3,974.6224,0.0,0,0.0,0.0
1454.0,A,RUNNING,1450.232,7,9,2,8,0.25,20.0,99.3,973.6224,0.0,0,0.0,0.0
1455.0,A,RUNNING,1451.232,7,9,2,8,0.25,20.0,99.3,972.6224,0.0,0,0.0,0.0
1456.0,A,RUNNING,1452.232,7,9,2,8,0.25,20.0,99.3,971.6224,0.0,0,0.0,0.0
1457.0,A,RUNNING,1453.232,7,9,2,8,0.25,20.0,99.3,970.6224,0.0,0,0.0,0.0
1458.0,A,RUNNING,1454.232,7,9,2,8,0.25,20.0,99.3,969.6224,0.0,0,0.0,0.0
1459.0,A,RUNNING,1455.232,7,9,2,8,0.25,20.0,99.3,968.6224,0.0,0,0.0,0.0
1460.0,A,RUNNING,1456.232,7,9,2,8,0.25,20.0,99.3,967.6224,0.0,0,0.0,0.0
1461.0,A,RUNNING,1457.232,7,9,2,8,0.25,20.0,99.3,966.6224,0.0,0,0.0,0.0
1462.0,A,RUNNING,1458.232,7,9,2,8,0.25,20.0,99.3,965.6224,0.0,0,0.0,0.0
1463.0,A,RUNNING,1459.232,7,9,2,8,0.25,20.0,99.3,964.6224,0.0,0,0.0,0.0
1464.0,A,RUNNING,1460.232,7,9,2,8,0.25,20.0,99.3,963.6224,0.0,0,0.0,0.0
1465.0,A,RUNNING,1461.232,7,9,2,8,0.25,20.0,99.3,962.6224,0.0,0,0.0,0.0
1466.0,A,RUNNING,1462.232,7,9,2,8,0.25,20.0,99.3,961.6224,0.0,0,0.0,0.0
1467.0,A,RUNNING,1463.232,7,9,2,8,0.25,20.0,99.3,960.6224,0.0,0,0.0,0.0
1468.0,A,RUNNING,1464.232,7,9,2,8,0.25,20.0,99.3,959.6224,0.0,0,0.0,0.0
1469.0,A,RUNNING,1465.232,7,9,2,8,0.25,20.0,99.3,958.6224,0.0,0,0.0,0.0
1470.0,A,RUNNING,1466.232,7,9,2,8,0.25,20.0,99.3,957.6224,0.0,0,0.0,0.0
1471.0,A,RUNNING,1467.232,7,9,2,8,0.25,20.0,99.3,956.6224,0.0,0,0.0,0.0
1472.0,A,RUNNING,1468.232,7,9,2,8,0.25,20.0,99.3,955.6224,0.0,0,0.0,0.0
1473.0,A,RUNNING,1469.232,7,9,2,8,0.25,20.0,99.3,954.6224,0.0,0,0.0,0.0
1474.0,A,RUNNING,1470.232,7,9,2,8,0.25,20.0,99.3,953.6224,0.0,0,0.0,0.0
1475.0,A,RUNNING,1471.232,7,9,2,8,0.25,20.0,99.3,952.6224,0.0,0,0.0,0.0
1476.0,A,RUNNING,1472.232,7,9,2,8,0.25,20.0,99.3,951.6224,0.0,0,0.0,0.0
1477.0,A,RUNNING,1473.232,7,9,2,8,0.25,20.0,99.3,950.6224,0.0,0,0.0,0.0
1478.0,A,RUNNING,1474.232,7,9,2,8,0.25,20.0,99.3,949.6224,0.0,0,0.0,0.0
1479.0,A,RUNNING,1475.232,7,9,2,8,0.25,20.0,99.3,948.6224,0.0,0,0.0,0.0
1480.0,A,RUNNING,1476.232,7,9,2,8,0.25,20.0,99.3,947.6224,0.0,0,0.0,0.0
1481.0,A,RUNNING,1477.232,7,9,2,8,0.25,20.0,99.3,946.6224,0.0,0,0.0,0.0
1482.0,A,RUNNING,1478.232,7,9,2,8,0.25,20.0,99.3,945.6224,0.0,0,0.0,0.0
1483.0,A,RUNNING,1479.232,7,9,2,8,0.25,20.0,99.3,944.6224,0.0,0,0.0,0.0
1484.0,A,RUNNING,1480.232,7,9,2,8,0.25,20.0,99.3,943.6224,0.0,0,0.0,0.0
1485.0,A,RUNNING,1481.232,7,9,2,8,0.25,20.0,99.3,942.6224,0.0,0,0.0,0.0
1486.0,A,RUNNING,1482.232,7,9,2,8,0.25,20.0,99.3,941.6224,0.0,0,0.0,0.0
1487.0,A,RUNNING,1483.232,7,9,2,8,0.25,20.0,99.3,940.6224,0.0,0,0.0,0.0
1488.0,A,RUNNING,1484.232,7,9,2,8,0.25,20.0,99.3,939.6224,0.0,0,0.0,0.0
1489.0,A,RUNNING,1485.232,7,9,2,8,0.25,20.0,99.3,938.6224,0.0,0,0.0,0.0
1490.0,A,RUNNING,1486.232,7,9,2,8,0.25,20.0,99.3,937.6224,0.0,0,0.0,0.0
1491.0,A,RUNNING,1487.232,7,9,2,8,0.25,20.0,99.3,936.6224,0.0,0,0.0,0.0
1492.0,A,RUNNING,1488.232,7,9,2,8,0.25,20.0,99.3,935.6224,0.0,0,0.0,0.0
1493.0,A,RUNNING,1489.232,7,9,2,8,0.25,20.0,99.3,934.6224,0.0,0,0.0,0.0
1494.0,A,RUNNING,1490.232,7,9,2,8,0.25,20.0,99.3,933.6224,0.0,0,0.0,0.0
1495.0,A,RUNNING,1491.232,7,9,2,8,0.25,20.0,99.3,932.6224,0.0,0,0.0,0.0
1496.0,A,RUNNING,1492.232,7,9,2,8,0.25,20.0,99.3,931.6224,0.0,0,0.0,0.0
1497.0,A,RUNNING,1493.232,7,9,2,8,0.25,20.0,99.3,930.6224,0.0,0,0.0,0.0
1498.0,A,RUNNING,1494.232,7,9,2,8,0.25,20.0,99.3,929.6224,0.0,0,0.0,0.0
1499.0,A,RUNNING,1495.232,7,9,2,8,0.25,20.0,99.3,928.6224,0.0,0,0.0,0.0
1500.0,A,RUNNING,1496.232,7,9,2,8,0.25,20.0,99.3,927.6224,0.0,0,0.0,0.0
1501.0,A,RUNNING,1497.232,7,9,2,8,0.25,20.0,99.3,926.6224,0.0,0,0.0,0.0
1502.0,A,RUNNING,1498.232,7,9,2,8,0.25,20.0,99.3,925.6224,0.0,0,0.0,0.0
1503.0,A,RUNNING,1499.232,7,9,2,8,0.25,20.0,99.3,924.6224,0.0,0,0.0,0.0
1504.0,A,RUNNING,1500.232,7,9,2,8,0.25,20.0,99.3,923.6224,0.0,0,0.0,0.0
1505.0,A,RUNNING,1501.232,7,9,2,8,0.25,20.0,99.3,922.6224,0.0,0,0.0,0.0
1506.0,A,RUNNING,1502.232,7,9,2,8,0.25,20.0,99.3,921.6224,0.0,0,0.0,0.0
1507.0,A,RUNNING,1503.232,7,9,2,8,0.25,20.0,99.3,920.6224,0.0,0,0.0,0.0
1508.0,A,RUNNING,1504.232,7,9,2,8,0.25,20.0,99.3,919.6224,0.0,0,0.0,0.0
1509.0,A,RUNNING,1505.232,7,9,2,8,0.25,20.0,99.3,918.6224,0.0,0,0.0,0.0
1510.0,A,RUNNING,1506.232,7,9,2,8,0.25,20.0,99.3,917.6224,0.0,0,0.0,0.0
1511.0,A,RUNNING,1507.232,7,9,2,8,0.25,20.0,99.3,916.6224,0.0,0,0.0,0.0
1512.0,A,RUNNING,1508.232,7,9,2,8,0.25,20.0,99.3,915.6224,0.0,0,0.0,0.0
1513.0,A,RUNNING,1509.232,7,9,2,8,0.25,20.0,99.3,914.6224,0.0,0,0.0,0.0
1514.0,A,RUNNING,1510.232,7,9,2,8,0.25,20.0,99.3,913.6224,0.0,0,0.0,0.0
1515.0,A,RUNNING,1511.232,7,9,2,8,0.25,20.0,99.3,912.6224,0.0,0,0.0,0.0
1516.0,A,RUNNING,1512.232,7,9,2,8,0.25,20.0,99.3,911.6224,0.0,0,0.0,0.0
1517.0,A,RUNNING,1513.232,7,9,2,8,0.25,20.0,99.3,910.6224,0.0,0,0.0,0.0
1518.0,A,RUNNING,1514.232,7,9,2,8,0.25,20.0,99.3,909.6224,0.0,0,0.0,0.0
1519.0,A,RUNNING,1515.232,7,9,2,8,0.25,20.0,99.3,908.6224,0.0,0,0.0,0.0
1520.0,A,RUNNING,1516.232,7,9,2,8,0.25,20.0,99.3,907.6224,0.0,0,0.0,0.0
1521.0,A,RUNNING,1517.232,7,9,2,8,0.25,20.0,99.3,906.6224,0.0,0,0.0,0.0
1522.01,A,RUNNING,1518.24,7,9,2,8,0.25,20.0,99.3,905.6144,0.0,0,0.0,0.0
1523.0,A,RUNNING,1519.232,7,9,2,8,0.25,20.0,99.3,904.6224,0.0,0,0.0,0.0
1524.0,A,RUNNING,1520.232,7,9,2,8,0.25,20.0,99.3,903.6224,0.0,0,0.0,0.0
1525.0,A,RUNNING,1521.232,7,9,2,8,0.25,20.0,99.3,902.6224,0.0,0,0.0,0.0
1526.0,A,RUNNING,1522.232,7,9,2,8,0.25,20.0,99.3,901.6224,0.0,0,0.0,0.0
1527.0,A,RUNNING,1523.232,7,9,2,8,0.25,20.0,99.3,900.6224,0.0,0,0.0,0.0
1528.0,A,RUNNING,1524.232,8,9,3,8,0.375,20.0,99.2,906.4307,0.0,0,0.0,0.0
1529.0,A,RUNNING,1525.232,8,9,3,8,0.375,20.0,99.2,905.4307,0.0,0,0.0,0.0
1530.0,A,RUNNING,1526.232,8,9,3,8,0.375,20.0,99.2,904.4307,0.0,0,0.0,0.0
1531.0,A,RUNNING,1527.232,8,9,3,8,0.375,20.0,99.2,903.4307,0.0,0,0.0,0.0
1532.0,A,RUNNING,1528.232,8,9,3,8,0.375,20.0,99.2,902.4307,0.0,0,0.0,0.0
1533.0,A,RUNNING,1529.232,8,9,3,8,0.375,20.0,99.2,901.4307,0.0,0,0.0,0.0
1534.0,A,RUNNING,1530.232,8,9,3,8,0.375,20.0,99.2,900.4307,0.0,0,0.0,0.0
1535.0,A,RUNNING,1531.232,8,9,3,8,0.375,20.0,99.2,899.4307,0.0,0,0.0,0.0
1536.0,A,RUNNING,1532.232,8,9,3,8,0.375,20.0,99.2,898.4307,0.0,0,0.0,0.0
1537.0,A,RUNNING,1533.232,8,9,3,8,0.375,20.0,99.2,897.4307,0.0,0,0.0,0.0
1538.0,A,RUNNING,1534.232,8,9,3,8,0.375,20.0,99.2,896.4307,0.0,0,0.0,0.0
1539.0,A,RUNNING,1535.232,8,9,3,8,0.375,20.0,99.2,895.4307,0.0,0,0.0,0.0
1540.0,A,RUNNING,1536.232,8,9,3,8,0.375,20.0,99.2,894.4307,0.0,0,0.0,0.0
1541.0,A,RUNNING,1537.232,8,9,3,8,0.375,20.0,99.2,893.4307,0.0,0,0.0,0.0
1542.0,A,RUNNING,1538.232,8,9,3,8,0.375,20.0,99.2,892.4307,0.0,0,0.0,0.0
1543.0,A,RUNNING,1539.232,8,9,3,8,0.375,20.0,99.2,891.4307,0.0,0,0.0,0.0
1544.0,A,RUNNING,1540.232,8,9,3,8,0.375,20.0,99.2,890.4307,0.0,0,0.0,0.0
1545.0,A,RUNNING,1541.232,8,9,3,8,0.375,20.0,99.2,889.4307,0.0,0,0.0,0.0
1546.0,A,RUNNING,1542.232,8,9,3,8,0.375,20.0,99.2,888.4307,0.0,0,0.0,0.0
1547.0,A,RUNNING,1543.232,8,9,3,8,0.375,20.0,99.2,887.4307,0.0,0,0.0,0.0
1548.0,A,RUNNING,1544.232,8,9,3,8,0.375,20.0,99.2,886.4307,0.0,0,0.0,0.0
1549.0,A,RUNNING,1545.232,8,9,3,8,0.375,20.0,99.2,885.4307,0.0,0,0.0,0.0
1550.0,A,RUNNING,1546.232,8,9,3,8,0.375,20.0,99.2,884.4307,0.0,0,0.0,0.0
1551.0,A,RUNNING,1547.232,8,9,3,8,0.375,20.0,99.2,883.4307,0.0,0,0.0,0.0
1552.0,A,RUNNING,1548.232,8,9,3,8,0.375,20.0,99.2,882.4307,0.0,0,0.0,0.0
1553.0,A,RUNNING,1549.232,8,9,3,8,0.375,20.0,99.2,881.4307,0.0,0,0.0,0.0
1554.0,A,RUNNING,1550.232,8,9,3,8,0.375,20.0,99.2,880.4307,0.0,0,0.0,0.0
1555.0,A,RUNNING,1551.232,8,9,3,8,0.375,20.0,99.2,879.4307,0.0,0,0.0,0.0
1556.0,A,RUNNING,1552.232,8,9,3,8,0.375,20.0,99.2,878.4307,0.0,0,0.0,0.0
1557.0,A,RUNNING,1553.232,8,9,3,8,0.375,20.0,99.2,877.4307,0.0,0,0.0,0.0
1558.0,A,RUNNING,1554.232,8,9,3,8,0.375,20.0,99.2,876.4307,0.0,0,0.0,0.0
1559.0,A,RUNNING,1555.232,8,9,3,8,0.375,20.0,99.2,875.4307,0.0,0,0.0,0.0
1560.0,A,RUNNING,1556.232,8,9,3,8,0.375,20.0,99.2,874.4307,0.0,0,0.0,0.0
1561.0,A,RUNNING,1557.232,8,9,3,8,0.375,20.0,99.2,873.4307,0.0,0,0.0,0.0
1562.0,A,RUNNING,1558.232,8,9,3,8,0.375,20.0,99.2,872.4307,0.0,0,0.0,0.0
1563.0,A,RUNNING,1559.232,8,9,3,8,0.375,20.0,99.2,871.4307,0.0,0,0.0,0.0
1564.0,A,RUNNING,1560.232,8,9,3,8,0.375,20.0,99.2,870.4307,0.0,0,0.0,0.0
1565.0,A,RUNNING,1561.232,8,9,3,8,0.375,20.0,99.2,869.4307,0.0,0,0.0,0.0
1566.0,A,RUNNING,1562.232,8,9,3,8,0.375,20.0,99.2,868.4307,0.0,0,0.0,0.0
1567.0,A,RUNNING,1563.232,8,9,3,8,0.375,20.0,99.2,867.4307,0.0,0,0.0,0.0
1568.0,A,RUNNING,1564.232,8,9,3,8,0.375,20.0,99.2,866.4307,0.0,0,0.0,0.0
1569.0,A,RUNNING,1565.232,8,9,3,8,0.375,20.0,99.2,865.4307,0.0,0,0.0,0.0
1570.0,A,RUNNING,1566.232,8,9,3,8,0.375,20.0,99.2,864.4307,0.0,0,0.0,0.0
1571.0,A,RUNNING,1567.232,8,9,3,8,0.375,20.0,99.2,863.4307,0.0,0,0.0,0.0
1572.0,A,RUNNING,1568.232,8,9,3,8,0.375,20.0,99.2,862.4307,0.0,0,0.0,0.0
1573.0,A,RUNNING,1569.232,8,9,3,8,0.375,20.0,99.2,861.4307,0.0,0,0.0,0.0
1574.0,A,RUNNING,1570.232,8,9,3,8,0.375,20.0,99.2,860.4307,0.0,0,0.0,0.0
1575.0,A,RUNNING,1571.232,8,9,3,8,0.375,20.0,99.2,859.4307,0.0,0,0.0,0.0
1576.0,A,RUNNING,1572.232,8,9,3,8,0.375,20.0,99.2,858.4307,0.0,0,0.0,0.0
1577.0,A,RUNNING,1573.232,8,9,3,8,0.375,20.0,99.2,857.4307,0.0,0,0.0,0.0
1578.0,A,RUNNING,1574.236,8,9,3,8,0.375,20.0,99.2,856.4267,0.0,0,0.0,0.0
1579.0,A,RUNNING,1575.232,8,9,3,8,0.375,20.0,99.2,855.4307,0.0,0,0.0,0.0
1580.0,A,RUNNING,1576.232,8,9,3,8,0.375,20.0,99.2,854.4307,0.0,0,0.0,0.0
1581.0,A,RUNNING,1577.232,8,9,3,8,0.375,20.0,99.2,853.4307,0.0,0,0.0,0.0
1582.0,A,RUNNING,1578.232,8,9,3,8,0.375,20.0,99.2,852.4307,0.0,0,0.0,0.0
1583.0,A,RUNNING,1579.232,8,9,3,8,0.375,20.0,99.2,851.4307,0.0,0,0.0,0.0
1584.0,A,RUNNING,1580.232,8,9,3,8,0.375,20.0,99.2,850.4307,0.0,0,0.0,0.0
1585.0,A,RUNNING,1581.232,8,9,3,8,0.375,20.0,99.2,849.4307,0.0,0,0.0,0.0
1586.0,A,RUNNING,1582.232,8,9,3,8,0.375,20.0,99.2,848.4307,0.0,0,0.0,0.0
1587.0,A,RUNNING,1583.232,8,9,3,8,0.375,20.0,99.2,847.4307,0.0,0,0.0,0.0
1588.0,A,RUNNING,1584.232,8,9,3,8,0.375,20.0,99.2,846.4307,0.0,0,0.0,0.0
1589.0,A,RUNNING,1585.232,8,9,3,8,0.375,20.0,99.2,845.4307,0.0,0,0.0,0.0
1590.0,A,RUNNING,1586.232,8,9,3,8,0.375,20.0,99.2,844.4307,0.0,0,0.0,0.0
1591.0,A,RUNNING,1587.232,8,9,3,8,0.375,20.0,99.2,843.4307,0.0,0,0.0,0.0
1592.0,A,RUNNING,1588.232,8,9,3,8,0.375,20.0,99.2,842.4307,0.0,0,0.0,0.0
1593.0,A,RUNNING,1589.232,8,9,3,8,0.375,20.0,99.2,841.4307,0.0,0,0.0,0.0
1594.0,A,RUNNING,1590.232,8,9,3,8,0.375,20.0,99.2,840.4307,0.0,0,0.0,0.0
1595.0,A,RUNNING,1591.232,8,9,3,8,0.375,20.0,99.2,839.4307,0.0,0,0.0,0.0
1596.0,A,RUNNING,1592.232,8,9,3,8,0.375,20.0,99.2,838.4307,0.0,0,0.0,0.0
1597.0,A,RUNNING,1593.236,8,9,3,8,0.375,20.0,99.2,837.4267,0.0,0,0.0,0.0
1598.0,A,RUNNING,1594.232,8,9,3,8,0.375,20.0,99.2,836.4307,0.0,0,0.0,0.0
1599.0,A,RUNNING,1595.232,8,9,3,8,0.375,20.0,99.2,835.4307,0.0,0,0.0,0.0
1600.0,A,RUNNING,1596.232,8,9,3,8,0.375,20.0,99.2,834.4307,0.0,0,0.0,0.0
1601.0,A,RUNNING,1597.232,8,9,3,8,0.375,20.0,99.2,833.4307,0.0,0,0.0,0.0
1602.0,A,RUNNING,1598.232,8,9,3,8,0.375,20.0,99.2,832.4307,0.0,0,0.0,0.0
1603.0,A,RUNNING,1599.232,8,9,3,8,0.375,20.0,99.2,831.4307,0.0,0,0.0,0.0
1604.0,A,RUNNING,1600.232,8,9,3,8,0.375,20.0,99.2,830.4307,0.0,0,0.0,0.0
1605.0,A,RUNNING,1601.232,8,9,3,8,0.375,20.0,99.2,829.4307,0.0,0,0.0,0.0
1606.0,A,RUNNING,1602.232,8,9,3,8,0.375,20.0,99.2,828.4307,0.0,0,0.0,0.0
1607.0,A,RUNNING,1603.232,8,9,3,8,0.375,20.0,99.2,827.4307,0.0,0,0.0,0.0
1608.0,A,RUNNING,1604.232,8,9,3,8,0.375,20.0,99.2,826.4307,0.0,0,0.0,0.0
1609.0,A,RUNNING,1605.232,8,9,3,8,0.375,20.0,99.2,825.4307,0.0,0,0.0,0.0
1610.0,A,RUNNING,1606.232,8,9,3,8,0.375,20.0,99.2,824.4307,0.0,0,0.0,0.0
1611.0,A,RUNNING,1607.232,8,9,3,8,0.375,20.0,99.2,823.4307,0.0,0,0.0,0.0
1612.0,A,RUNNING,1608.232,8,9,3,8,0.375,20.0,99.2,822.4307,0.0,0,0.0,0.0
1613.0,A,RUNNING,1609.232,8,9,3,8,0.375,20.0,99.2,821.4307,0.0,0,0.0,0.0
1614.0,A,RUNNING,1610.232,8,9,3,8,0.375,20.0,99.2,820.4307,0.0,0,0.0,0.0
1615.0,A,RUNNING,1611.232,8,9,3,8,0.375,20.0,99.2,819.4307,0.0,0,0.0,0.0
1616.0,A,RUNNING,1612.232,8,9,3,8,0.375,20.0,99.2,818.4307,0.0,0,0.0,0.0
1617.0,A,RUNNING,1613.232,8,9,3,8,0.375,20.0,99.2,817.4307,0.0,0,0.0,0.0
1618.0,A,RUNNING,1614.232,8,9,3,8,0.375,20.0,99.2,816.4307,0.0,0,0.0,0.0
1619.0,A,RUNNING,1615.232,8,9,3,8,0.375,20.0,99.2,815.4307,0.0,0,0.0,0.0
1620.0,A,RUNNING,1616.232,8,9,3,8,0.375,20.0,99.2,814.4307,0.0,0,0.0,0.0
1621.0,A,RUNNING,1617.232,8,9,3,8,0.375,20.0,99.2,813.4307,0.0,0,0.0,0.0
1622.0,A,RUNNING,1618.232,8,9,3,8,0.375,20.0,99.2,812.4307,0.0,0,0.0,0.0
1623.0,A,RUNNING,1619.232,8,9,3,8,0.375,20.0,99.2,811.4307,0.0,0,0.0,0.0
1624.0,A,RUNNING,1620.232,8,9,3,8,0.375,20.0,99.2,810.4307,0.0,0,0.0,0.0
1625.0,A,RUNNING,1621.232,8,9,3,8,0.375,20.0,99.2,809.4307,0.0,0,0.0,0.0
1626.0,A,RUNNING,1622.232,8,9,3,8,0.375,20.0,99.2,808.4307,0.0,0,0.0,0.0
1627.0,A,RUNNING,1623.232,8,9,3,8,0.375,20.0,99.2,807.4307,0.0,0,0.0,0.0
1628.0,A,RUNNING,1624.232,8,9,3,8,0.375,20.0,99.2,806.4307,0.0,0,0.0,0.0
1629.0,A,RUNNING,1625.232,8,9,3,8,0.375,20.0,99.2,805.4307,0.0,0,0.0,0.0
1630.0,A,RUNNING,1626.232,8,9,3,8,0.375,20.0,99.2,804.4307,0.0,0,0.0,0.0
1631.0,A,RUNNING,1627.232,8,9,3,8,0.375,20.0,99.2,803.4307,0.0,0,0.0,0.0
1632.0,A,RUNNING,1628.232,8,9,3,8,0.375,20.0,99.2,802.4307,0.0,0,0.0,0.0
1633.0,A,RUNNING,1629.232,8,9,3,8,0.375,20.0,99.2,801.4307,0.0,0,0.0,0.0
1634.0,A,RUNNING,1630.232,8,9,3,8,0.375,20.0,99.2,800.4307,0.0,0,0.0,0.0
1635.0,A,RUNNING,1631.232,8,9,3,8,0.375,20.0,99.2,799.4307,0.0,0,0.0,0.0
1636.0,A,RUNNING,1632.232,8,9,3,8,0.375,20.0,99.2,798.4307,0.0,0,0.0,0.0
1637.0,A,RUNNING,1633.232,8,9,3,8,0.375,20.0,99.2,797.4307,0.0,0,0.0,0.0
1638.0,A,RUNNING,1634.232,8,9,3,8,0.375,20.0,99.2,796.4307,0.0,0,0.0,0.0
1639.0,A,RUNNING,1635.232,8,9,3,8,0.375,20.0,99.2,795.4307,0.0,0,0.0,0.0
1640.0,A,RUNNING,1636.232,8,9,3,8,0.375,20.0,99.2,794.4307,0.0,0,0.0,0.0
1641.0,A,RUNNING,1637.232,8,9,3,8,0.375,20.0,99.2,793.4307,0.0,0,0.0,0.0
1642.0,A,RUNNING,1638.232,8,9,3,8,0.375,20.0,99.2,792.4307,0.0,0,0.0,0.0
1643.0,A,RUNNING,1639.232,8,9,3,8,0.375,20.0,99.2,791.4307,0.0,0,0.0,0.0
1644.0,A,RUNNING,1640.232,8,9,3,8,0.375,20.0,99.2,790.4307,0.0,0,0.0,0.0
1645.0,A,RUNNING,1641.232,8,9,3,8,0.375,20.0,99.2,789.4307,0.0,0,0.0,0.0
1646.0,A,RUNNING,1642.232,8,9,3,8,0.375,20.0,99.2,788.4307,0.0,0,0.0,0.0
1647.0,A,RUNNING,1643.232,8,9,3,8,0.375,20.0,99.2,787.4307,0.0,0,0.0,0.0
1648.0,A,RUNNING,1644.232,8,9,3,8,0.375,20.0,99.2,786.4307,0.0,0,0.0,0.0
1649.0,A,RUNNING,1645.232,8,9,3,8,0.375,20.0,99.2,785.4307,0.0,0,0.0,0.0
1650.0,A,RUNNING,1646.232,8,9,3,8,0.375,20.0,99.2,784.4307,0.0,0,0.0,0.0
1651.0,A,RUNNING,1647.232,8,9,3,8,0.375,20.0,99.2,783.4307,0.0,0,0.0,0.0
1652.0,A,RUNNING,1648.232,8,9,3,8,0.375,20.0,99.2,782.4307,0.0,0,0.0,0.0
1653.0,A,RUNNING,1649.232,8,9,3,8,0.375,20.0,99.2,781.4307,0.0,0,0.0,0.0
1654.0,A,RUNNING,1650.232,8,9,3,8,0.375,20.0,99.2,780.4307,0.0,0,0.0,0.0
1655.0,A,RUNNING,1651.232,8,9,3,8,0.375,20.0,99.2,779.4307,0.0,0,0.0,0.0
1656.0,A,RUNNING,1652.232,8,9,3,8,0.375,20.0,99.2,778.4307,0.0,0,0.0,0.0
1657.0,A,RUNNING,1653.232,8,9,3,8,0.375,20.0,99.2,777.4307,0.0,0,0.0,0.0
1658.0,A,RUNNING,1654.232,8,9,3,8,0.375,20.0,99.2,776.4307,0.0,0,0.0,0.0
1659.0,A,RUNNING,1655.236,8,9,3,8,0.375,20.0,99.2,775.4267,0.0,0,0.0,0.0
1660.0,A,RUNNING,1656.232,8,9,3,8,0.375,20.0,99.2,774.4307,0.0,0,0.0,0.0
1661.0,A,RUNNING,1657.232,8,9,3,8,0.375,20.0,99.2,773.4307,0.0,0,0.0,0.0
1662.0,A,RUNNING,1658.232,8,9,3,8,0.375,20.0,99.2,772.4307,0.0,0,0.0,0.0
1663.0,A,RUNNING,1659.232,8,9,3,8,0.375,20.0,99.2,771.4307,0.0,0,0.0,0.0
1664.0,A,RUNNING,1660.232,8,9,3,8,0.375,20.0,99.2,770.4307,0.0,0,0.0,0.0
1665.0,A,RUNNING,1661.232,8,9,3,8,0.375,20.0,99.2,769.4307,0.0,0,0.0,0.0
1666.0,A,RUNNING,1662.232,8,9,3,8,0.375,20.0,99.2,768.4307,0.0,0,0.0,0.0
1667.0,A,RUNNING,1663.232,8,9,3,8,0.375,20.0,99.2,767.4307,0.0,0,0.0,0.0
1668.0,A,RUNNING,1664.232,8,9,3,8,0.375,20.0,99.2,766.4307,0.0,0,0.0,0.0
1669.0,A,RUNNING,1665.232,8,9,3,8,0.375,20.0,99.2,765.4307,0.0,0,0.0,0.0
1670.0,A,RUNNING,1666.232,8,9,3,8,0.375,20.0,99.2,764.4307,0.0,0,0.0,0.0
1671.0,A,RUNNING,1667.232,8,9,3,8,0.375,20.0,99.2,763.4307,0.0,0,0.0,0.0
1672.0,A,RUNNING,1668.232,8,9,3,8,0.375,20.0,99.2,762.4307,0.0,0,0.0,0.0
1673.0,A,RUNNING,1669.232,8,9,3,8,0.375,20.0,99.2,761.4307,0.0,0,0.0,0.0
1674.0,A,RUNNING,1670.232,8,9,3,8,0.375,20.0,99.2,760.4307,0.0,0,0.0,0.0
1675.0,A,RUNNING,1671.232,8,9,3,8,0.375,20.0,99.2,759.4307,0.0,0,0.0,0.0
1676.0,A,RUNNING,1672.232,8,9,3,8,0.375,20.0,99.2,758.4307,0.0,0,0.0,0.0
1677.0,A,RUNNING,1673.232,8,9,3,8,0.375,20.0,99.2,757.4307,0.0,0,0.0,0.0
1678.0,A,RUNNING,1674.232,8,9,3,8,0.375,20.0,99.2,756.4307,0.0,0,0.0,0.0
1679.0,A,RUNNING,1675.232,8,9,3,8,0.375,20.0,99.2,755.4307,0.0,0,0.0,0.0
1680.0,A,RUNNING,1676.232,8,9,3,8,0.375,20.0,99.2,754.4307,0.0,0,0.0,0.0
1681.0,A,RUNNING,1677.232,8,9,3,8,0.375,20.0,99.2,753.4307,0.0,0,0.0,0.0
1682.0,A,RUNNING,1678.232,8,9,3,8,0.375,20.0,99.2,752.4307,0.0,0,0.0,0.0
1683.0,A,RUNNING,1679.232,8,9,3,8,0.375,20.0,99.2,751.4307,0.0,0,0.0,0.0
1684.0,A,RUNNING,1680.232,8,9,3,8,0.375,20.0,99.2,750.4307,0.0,0,0.0,0.0
1685.0,A,RUNNING,1681.232,8,9,3,8,0.375,20.0,99.2,749.4307,0.0,0,0.0,0.0
1686.0,A,RUNNING,1682.232,8,9,3,8,0.375,20.0,99.2,748.4307,0.0,0,0.0,0.0
1687.0,A,RUNNING,1683.236,8,9,3,8,0.375,20.0,99.2,747.4267,0.0,0,0.0,0.0
1688.0,A,RUNNING,1684.232,8,9,3,8,0.375,20.0,99.2,746.4307,0.0,0,0.0,0.0
1689.0,A,RUNNING,1685.232,8,9,3,8,0.375,20.0,99.2,745.4307,0.0,0,0.0,0.0
1690.0,A,RUNNING,1686.232,8,9,3,8,0.375,20.0,99.2,744.4307,0.0,0,0.0,0.0
1691.0,A,RUNNING,1687.232,8,9,3,8,0.375,20.0,99.2,743.4307,0.0,0,0.0,0.0
1692.0,A,RUNNING,1688.232,8,9,3,8,0.375,20.0,99.2,742.4307,0.0,0,0.0,0.0
1693.0,A,RUNNING,1689.232,8,9,3,8,0.375,20.0,99.2,741.4307,0.0,0,0.0,0.0
1694.0,A,RUNNING,1690.232,8,9,3,8,0.375,20.0,99.2,740.4307,0.0,0,0.0,0.0
1695.0,A,RUNNING,1691.232,8,9,3,8,0.375,20.0,99.2,739.4307,0.0,0,0.0,0.0
1696.0,A,RUNNING,1692.232,8,9,3,8,0.375,20.0,99.2,738.4307,0.0,0,0.0,0.0
1697.0,A,RUNNING,1693.232,8,9,3,8,0.375,20.0,99.2,737.4307,0.0,0,0.0,0.0
1698.0,A,RUNNING,1694.232,8,9,3,8,0.375,20.0,99.2,736.4307,0.0,0,0.0,0.0
1699.0,A,RUNNING,1695.232,8,9,3,8,0.375,20.0,99.2,735.4307,0.0,0,0.0,0.0
1700.0,A,RUNNING,1696.232,8,9,3,8,0.375,20.0,99.2,734.4307,0.0,0,0.0,0.0
1701.0,A,RUNNING,1697.232,8,9,3,8,0.375,20.0,99.2,733.4307,0.0,0,0.0,0.0
1702.0,A,RUNNING,1698.232,8,9,3,8,0.375,20.0,99.2,732.4307,0.0,0,0.0,0.0
1703.0,A,RUNNING,1699.232,8,9,3,8,0.375,20.0,99.2,731.4307,0.0,0,0.0,0.0
1704.0,A,RUNNING,1700.232,8,9,3,8,0.375,20.0,99.2,730.4307,0.0,0,0.0,0.0
1705.0,A,RUNNING,1701.232,8,9,3,8,0.375,20.0,99.2,729.4307,0.0,0,0.0,0.0
1706.0,A,RUNNING,1702.232,8,9,3,8,0.375,20.0,99.2,728.4307,0.0,0,0.0,0.0
1707.0,A,RUNNING,1703.232,8,9,3,8,0.375,20.0,99.2,727.4307,0.0,0,0.0,0.0
1708.0,A,RUNNING,1704.232,8,9,3,8,0.375,20.0,99.2,726.4307,0.0,0,0.0,0.0
1709.0,A,RUNNING,1705.232,8,9,3,8,0.375,20.0,99.2,725.4307,0.0,0,0.0,0.0
1710.0,A,RUNNING,1706.232,8,9,3,8,0.375,20.0,99.2,724.4307,0.0,0,0.0,0.0
1711.0,A,RUNNING,1707.232,8,9,3,8,0.375,20.0,99.2,723.4307,0.0,0,0.0,0.0
1712.0,A,RUNNING,1708.232,8,9,3,8,0.375,20.0,99.2,722.4307,0.0,0,0.0,0.0
1713.0,A,RUNNING,1709.232,8,9,3,8,0.375,20.0,99.2,721.4307,0.0,0,0.0,0.0
1714.0,A,RUNNING,1710.232,8,9,3,8,0.375,20.0,99.2,720.4307,0.0,0,0.0,0.0
1715.0,A,RUNNING,1711.232,9,9,4,8,0.5,20.0,99.1,742.0153,0.0,0,0.0,0.0
1716.0,A,RUNNING,1712.232,9,9,4,8,0.5,20.0,99.1,741.0153,0.0,0,0.0,0.0
1717.0,A,RUNNING,1713.232,9,9,4,8,0.5,20.0,99.1,740.0153,0.0,0,0.0,0.0
1718.0,A,RUNNING,1714.232,9,9,4,8,0.5,20.0,99.1,739.0153,0.0,0,0.0,0.0
1719.0,A,RUNNING,1715.232,9,9,4,8,0.5,20.0,99.1,738.0153,0.0,0,0.0,0.0
1720.0,A,RUNNING,1716.232,9,9,4,8,0.5,20.0,99.1,737.0153,0.0,0,0.0,0.0
1721.0,A,RUNNING,1717.232,9,9,4,8,0.5,20.0,99.1,736.0153,0.0,0,0.0,0.0
1722.0,A,RUNNING,1718.232,9,9,4,8,0.5,20.0,99.1,735.0153,0.0,0,0.0,0.0
1723.0,A,RUNNING,1719.232,9,9,4,8,0.5,20.0,99.1,734.0153,0.0,0,0.0,0.0
1724.0,A,RUNNING,1720.232,9,9,4,8,0.5,20.0,99.1,733.0153,0.0,0,0.0,0.0
1725.0,A,RUNNING,1721.232,9,9,4,8,0.5,20.0,99.1,732.0153,0.0,0,0.0,0.0
1726.0,A,RUNNING,1722.232,9,9,4,8,0.5,20.0,99.1,731.0153,0.0,0,0.0,0.0
1727.0,A,RUNNING,1723.232,9,9,4,8,0.5,20.0,99.1,730.0153,0.0,0,0.0,0.0
1728.0,A,RUNNING,1724.232,9,9,4,8,0.5,20.0,99.1,729.0153,0.0,0,0.0,0.0
1729.0,A,RUNNING,1725.236,9,9,4,8,0.5,20.0,99.1,728.0113,0.0,0,0.0,0.0
1730.0,A,RUNNING,1726.232,9,9,4,8,0.5,20.0,99.1,727.0153,0.0,0,0.0,0.0
1731.0,A,RUNNING,1727.232,9,9,4,8,0.5,20.0,99.1,726.0153,0.0,0,0.0,0.0
1732.0,A,RUNNING,1728.232,9,9,4,8,0.5,20.0,99.1,725.0153,0.0,0,0.0,0.0
1733.0,A,RUNNING,1729.232,9,9,4,8,0.5,20.0,99.1,724.0153,0.0,0,0.0,0.0
1734.0,A,RUNNING,1730.232,9,9,4,8,0.5,20.0,99.1,723.0153,0.0,0,0.0,0.0
1735.0,A,RUNNING,1731.232,9,9,4,8,0.5,20.0,99.1,722.0153,0.0,0,0.0,0.0
1736.0,A,RUNNING,1732.232,9,9,4,8,0.5,20.0,99.1,721.0153,0.0,0,0.0,0.0
1737.0,A,RUNNING,1733.232,9,9,4,8,0.5,20.0,99.1,720.0153,0.0,0,0.0,0.0
1738.0,A,RUNNING,1734.232,9,9,4,8,0.5,20.0,99.1,719.0153,0.0,0,0.0,0.0
1739.0,A,RUNNING,1735.232,9,9,4,8,0.5,20.0,99.1,718.0153,0.0,0,0.0,0.0
1740.0,A,RUNNING,1736.232,9,9,4,8,0.5,20.0,99.1,717.0153,0.0,0,0.0,0.0
1741.0,A,RUNNING,1737.232,9,9,4,8,0.5,20.0,99.1,716.0153,0.0,0,0.0,0.0
1742.0,A,RUNNING,1738.232,9,9,4,8,0.5,20.0,99.1,715.0153,0.0,0,0.0,0.0
1743.0,A,RUNNING,1739.232,9,9,4,8,0.5,20.0,99.1,714.0153,0.0,0,0.0,0.0
1744.0,A,RUNNING,1740.232,9,9,4,8,0.5,20.0,99.1,713.0153,0.0,0,0.0,0.0
1745.0,A,RUNNING,1741.232,9,9,4,8,0.5,20.0,99.1,712.0153,0.0,0,0.0,0.0
1746.0,A,RUNNING,1742.232,9,9,4,8,0.5,20.0,99.1,711.0153,0.0,0,0.0,0.0
1747.0,A,RUNNING,1743.232,9,9,4,8,0.5,20.0,99.1,710.0153,0.0,0,0.0,0.0
1748.0,A,RUNNING,1744.232,9,9,4,8,0.5,20.0,99.1,709.0153,0.0,0,0.0,0.0
1749.0,A,RUNNING,1745.232,9,9,4,8,0.5,20.0,99.1,708.0153,0.0,0,0.0,0.0
1750.0,A,RUNNING,1746.232,9,9,4,8,0.5,20.0,99.1,707.0153,0.0,0,0.0,0.0
1751.0,A,RUNNING,1747.232,9,9,4,8,0.5,20.0,99.1,706.0153,0.0,0,0.0,0.0
1752.0,A,RUNNING,1748.232,9,9,4,8,0.5,20.0,99.1,705.0153,0.0,0,0.0,0.0
1753.0,A,RUNNING,1749.232,9,9,4,8,0.5,20.0,99.1,704.0153,0.0,0,0.0,0.0
1754.0,A,RUNNING,1750.232,9,9,4,8,0.5,20.0,99.1,703.0153,0.0,0,0.0,0.0
1755.0,A,RUNNING,1751.232,9,9,4,8,0.5,20.0,99.1,702.0153,0.0,0,0.0,0.0
1756.0,A,RUNNING,1752.232,9,9,4,8,0.5,20.0,99.1,701.0153,0.0,0,0.0,0.0
1757.0,A,RUNNING,1753.232,9,9,4,8,0.5,20.0,99.1,700.0153,0.0,0,0.0,0.0
1758.0,A,RUNNING,1754.232,9,9,4,8,0.5,20.0,99.1,699.0153,0.0,0,0.0,0.0
1759.0,A,RUNNING,1755.236,9,9,4,8,0.5,20.0,99.1,698.0113,0.0,0,0.0,0.0
1760.0,A,RUNNING,1756.232,9,9,4,8,0.5,20.0,99.1,697.0153,0.0,0,0.0,0.0
1761.0,A,RUNNING,1757.232,9,9,4,8,0.5,20.0,99.1,696.0153,0.0,0,0.0,0.0
1762.0,A,RUNNING,1758.232,9,9,4,8,0.5,20.0,99.1,695.0153,0.0,0,0.0,0.0
1763.0,A,RUNNING,1759.232,9,9,4,8,0.5,20.0,99.1,694.0153,0.0,0,0.0,0.0
1764.0,A,RUNNING,1760.232,9,9,4,8,0.5,20.0,99.1,693.0153,0.0,0,0.0,0.0
1765.0,A,RUNNING,1761.232,9,9,4,8,0.5,20.0,99.1,692.0153,0.0,0,0.0,0.0
1766.0,A,RUNNING,1762.232,9,9,4,8,0.5,20.0,99.1,691.0153,0.0,0,0.0,0.0
1767.0,A,RUNNING,1763.232,9,9,4,8,0.5,20.0,99.1,690.0153,0.0,0,0.0,0.0
1768.0,A,RUNNING,1764.232,9,9,4,8,0.5,20.0,99.1,689.0153,0.0,0,0.0,0.0
1769.0,A,RUNNING,1765.232,9,9,4,8,0.5,20.0,99.1,688.0153,0.0,0,0.0,0.0
1770.0,A,RUNNING,1766.232,9,9,4,8,0.5,20.0,99.1,687.0153,0.0,0,0.0,0.0
1771.0,A,RUNNING,1767.232,9,9,4,8,0.5,20.0,99.1,686.0153,0.0,0,0.0,0.0
1772.0,A,RUNNING,1768.232,9,9,4,8,0.5,20.0,99.1,685.0153,0.0,0,0.0,0.0
1773.0,A,RUNNING,1769.232,9,9,4,8,0.5,20.0,99.1,684.0153,0.0,0,0.0,0.0
1774.0,A,RUNNING,1770.232,9,9,4,8,0.5,20.0,99.1,683.0153,0.0,0,0.0,0.0
1775.0,A,RUNNING,1771.232,9,9,4,8,0.5,20.0,99.1,682.0153,0.0,0,0.0,0.0
1776.0,A,RUNNING,1772.232,9,9,4,8,0.5,20.0,99.1,681.0153,0.0,0,0.0,0.0
1777.0,A,RUNNING,1773.232,9,9,4,8,0.5,20.0,99.1,680.0153,0.0,0,0.0,0.0
1778.0,A,RUNNING,1774.232,9,9,4,8,0.5,20.0,99.1,679.0153,0.0,0,0.0,0.0
1779.0,A,RUNNING,1775.232,9,9,4,8,0.5,20.0,99.1,678.0153,0.0,0,0.0,0.0
1780.0,A,RUNNING,1776.232,9,9,4,8,0.5,20.0,99.1,677.0153,0.0,0,0.0,0.0
1781.0,A,RUNNING,1777.232,9,9,4,8,0.5,20.0,99.1,676.0153,0.0,0,0.0,0.0
1782.0,A,RUNNING,1778.232,9,9,4,8,0.5,20.0,99.1,675.0153,0.0,0,0.0,0.0
1783.0,A,RUNNING,1779.232,9,9,4,8,0.5,20.0,99.1,674.0153,0.0,0,0.0,0.0
1784.0,A,RUNNING,1780.232,9,9,4,8,0.5,20.0,99.1,673.0153,0.0,0,0.0,0.0
1785.0,A,RUNNING,1781.232,9,9,4,8,0.5,20.0,99.1,672.0153,0.0,0,0.0,0.0
1786.0,A,RUNNING,1782.232,9,9,4,8,0.5,20.0,99.1,671.0153,0.0,0,0.0,0.0
1787.0,A,RUNNING,1783.232,9,9,4,8,0.5,20.0,99.1,670.0153,0.0,0,0.0,0.0
1788.0,A,RUNNING,1784.232,9,9,4,8,0.5,20.0,99.1,669.0153,0.0,0,0.0,0.0
1789.0,A,RUNNING,1785.232,9,9,4,8,0.5,20.0,99.1,668.0153,0.0,0,0.0,0.0
1790.0,A,RUNNING,1786.232,9,9,4,8,0.5,20.0,99.1,667.0153,0.0,0,0.0,0.0
1791.0,A,RUNNING,1787.232,9,9,4,8,0.5,20.0,99.1,666.0153,0.0,0,0.0,0.0
1792.0,A,RUNNING,1788.232,9,9,4,8,0.5,20.0,99.1,665.0153,0.0,0,0.0,0.0
1793.0,A,RUNNING,1789.232,9,9,4,8,0.5,20.0,99.1,664.0153,0.0,0,0.0,0.0
1794.0,A,RUNNING,1790.232,9,9,4,8,0.5,20.0,99.1,663.0153,0.0,0,0.0,0.0
1795.0,A,RUNNING,1791.232,9,9,4,8,0.5,20.0,99.1,662.0153,0.0,0,0.0,0.0
1796.0,A,RUNNING,1792.232,9,9,4,8,0.5,20.0,99.1,661.0153,0.0,0,0.0,0.0
1797.0,A,RUNNING,1793.232,9,9,4,8,0.5,20.0,99.1,660.0153,0.0,0,0.0,0.0
1798.0,A,RUNNING,1794.232,9,9,4,8,0.5,20.0,99.1,659.0153,0.0,0,0.0,0.0
1799.0,A,RUNNING,1795.232,9,9,4,8,0.5,20.0,99.1,658.0153,0.0,0,0.0,0.0
1800.0,A,RUNNING,1796.232,9,9,4,8,0.5,20.0,99.1,657.0153,0.0,0,0.0,0.0
1801.0,A,RUNNING,1797.232,9,9,4,8,0.5,20.0,99.1,656.0153,0.0,0,0.0,0.0
1802.0,A,RUNNING,1798.232,9,9,4,8,0.5,20.0,99.1,655.0153,0.0,0,0.0,0.0
1803.0,A,RUNNING,1799.232,9,9,4,8,0.5,20.0,99.1,654.0153,0.0,0,0.0,0.0
1804.0,A,RUNNING,1800.232,9,9,4,8,0.5,20.0,99.1,653.0153,0.0,0,0.0,0.0
1805.0,A,RUNNING,1801.232,9,9,4,8,0.5,20.0,99.1,652.0153,0.0,0,0.0,0.0
1806.0,A,RUNNING,1802.232,9,9,4,8,0.5,20.0,99.1,651.0153,0.0,0,0.0,0.0
1807.0,A,RUNNING,1803.232,9,9,4,8,0.5,20.0,99.1,650.0153,0.0,0,0.0,0.0
1808.0,A,RUNNING,1804.232,9,9,4,8,0.5,20.0,99.1,649.0153,0.0,0,0.0,0.0
1809.0,A,RUNNING,1805.232,9,9,4,8,0.5,20.0,99.1,648.0153,0.0,0,0.0,0.0
1810.0,A,RUNNING,1806.232,9,9,4,8,0.5,20.0,99.1,647.0153,0.0,0,0.0,0.0
1811.0,A,RUNNING,1807.232,9,9,4,8,0.5,20.0,99.1,646.0153,0.0,0,0.0,0.0
1812.0,A,RUNNING,1808.232,9,9,4,8,0.5,20.0,99.1,645.0153,0.0,0,0.0,0.0
1813.0,A,RUNNING,1809.232,9,9,4,8,0.5,20.0,99.1,644.0153,0.0,0,0.0,0.0
1814.0,A,RUNNING,1810.232,9,9,4,8,0.5,20.0,99.1,643.0153,0.0,0,0.0,0.0
1815.0,A,RUNNING,1811.232,9,9,4,8,0.5,20.0,99.1,642.0153,0.0,0,0.0,0.0
1816.0,A,RUNNING,1812.232,9,9,4,8,0.5,20.0,99.1,641.0153,0.0,0,0.0,0.0
1817.0,A,RUNNING,1813.232,9,9,4,8,0.5,20.0,99.1,640.0153,0.0,0,0.0,0.0
1818.0,A,RUNNING,1814.232,9,9,4,8,0.5,20.0,99.1,639.0153,0.0,0,0.0,0.0
1819.0,A,RUNNING,1815.232,9,9,4,8,0.5,20.0,99.1,638.0153,0.0,0,0.0,0.0
1820.0,A,RUNNING,1816.232,9,9,4,8,0.5,20.0,99.1,637.0153,0.0,0,0.0,0.0
1821.0,A,RUNNING,1817.232,9,9,4,8,0.5,20.0,99.1,636.0153,0.0,0,0.0,0.0
1822.0,A,RUNNING,1818.232,9,9,4,8,0.5,20.0,99.1,635.0153,0.0,0,0.0,0.0
1823.0,A,RUNNING,1819.232,9,9,4,8,0.5,20.0,99.1,634.0153,0.0,0,0.0,0.0
1824.0,A,RUNNING,1820.232,9,9,4,8,0.5,20.0,99.1,633.0153,0.0,0,0.0,0.0
1825.0,A,RUNNING,1821.232,9,9,4,8,0.5,20.0,99.1,632.0153,0.0,0,0.0,0.0
1826.0,A,RUNNING,1822.232,9,9,4,8,0.5,20.0,99.1,631.0153,0.0,0,0.0,0.0
1827.0,A,RUNNING,1823.232,9,9,4,8,0.5,20.0,99.1,630.0153,0.0,0,0.0,0.0
1828.0,A,RUNNING,1824.232,9,9,4,8,0.5,20.0,99.1,629.0153,0.0,0,0.0,0.0
1829.0,A,RUNNING,1825.232,9,9,4,8,0.5,20.0,99.1,628.0153,0.0,0,0.0,0.0
1830.0,A,RUNNING,1826.232,9,9,4,8,0.5,20.0,99.1,627.0153,0.0,0,0.0,0.0
1831.0,A,RUNNING,1827.232,9,9,4,8,0.5,20.0,99.1,626.0153,0.0,0,0.0,0.0
1832.0,A,RUNNING,1828.232,9,9,4,8,0.5,20.0,99.1,625.0153,0.0,0,0.0,0.0
1833.0,A,RUNNING,1829.232,9,9,4,8,0.5,20.0,99.1,624.0153,0.0,0,0.0,0.0
1834.0,A,RUNNING,1830.232,9,9,4,8,0.5,20.0,99.1,623.0153,0.0,0,0.0,0.0
1835.0,A,RUNNING,1831.232,9,9,4,8,0.5,20.0,99.1,622.0153,0.0,0,0.0,0.0
1836.0,A,RUNNING,1832.232,9,9,4,8,0.5,20.0,99.1,621.0153,0.0,0,0.0,0.0
1837.0,A,RUNNING,1833.232,9,9,4,8,0.5,20.0,99.1,620.0153,0.0,0,0.0,0.0
1838.0,A,RUNNING,1834.232,9,9,4,8,0.5,20.0,99.1,619.0153,0.0,0,0.0,0.0
1839.0,A,RUNNING,1835.232,9,9,4,8,0.5,20.0,99.1,618.0153,0.0,0,0.0,0.0
1840.0,A,RUNNING,1836.232,9,9,4,8,0.5,20.0,99.1,617.0153,0.0,0,0.0,0.0
1841.0,A,RUNNING,1837.232,9,9,4,8,0.5,20.0,99.1,616.0153,0.0,0,0.0,0.0
1842.0,A,RUNNING,1838.232,9,9,4,8,0.5,20.0,99.1,615.0153,0.0,0,0.0,0.0
1843.0,A,RUNNING,1839.232,9,9,4,8,0.5,20.0,99.1,614.0153,0.0,0,0.0,0.0
1844.0,A,RUNNING,1840.232,9,9,4,8,0.5,20.0,99.1,613.0153,0.0,0,0.0,0.0
1845.0,A,RUNNING,1841.232,9,9,4,8,0.5,20.0,99.1,612.0153,0.0,0,0.0,0.0
1846.0,A,RUNNING,1842.232,9,9,4,8,0.5,20.0,99.1,611.0153,0.0,0,0.0,0.0
1847.0,A,RUNNING,1843.232,9,9,4,8,0.5,20.0,99.1,610.0153,0.0,0,0.0,0.0
1848.0,A,RUNNING,1844.232,9,9,4,8,0.5,20.0,99.1,609.0153,0.0,0,0.0,0.0
1849.0,A,RUNNING,1845.232,9,9,4,8,0.5,20.0,99.1,608.0153,0.0,0,0.0,0.0
1850.0,A,RUNNING,1846.232,9,9,4,8,0.5,20.0,99.1,607.0153,0.0,0,0.0,0.0
1851.0,A,RUNNING,1847.232,9,9,4,8,0.5,20.0,99.1,606.0153,0.0,0,0.0,0.0
1852.0,A,RUNNING,1848.232,9,9,4,8,0.5,20.0,99.1,605.0153,0.0,0,0.0,0.0
1853.0,A,RUNNING,1849.232,9,9,4,8,0.5,20.0,99.1,604.0153,0.0,0,0.0,0.0
1854.01,A,RUNNING,1850.244,9,9,4,8,0.5,20.0,99.1,603.0033,0.0,0,0.0,0.0
1855.0,A,RUNNING,1851.232,9,9,4,8,0.5,20.0,99.1,602.0153,0.0,0,0.0,0.0
1856.0,A,RUNNING,1852.232,9,9,4,8,0.5,20.0,99.1,601.0153,0.0,0,0.0,0.0
1857.0,A,RUNNING,1853.232,9,9,4,8,0.5,20.0,99.1,600.0153,0.0,0,0.0,0.0
1858.0,A,RUNNING,1854.232,9,9,4,8,0.5,20.0,99.1,599.0153,0.0,0,0.0,0.0
1859.0,A,RUNNING,1855.232,9,9,4,8,0.5,20.0,99.1,598.0153,0.0,0,0.0,0.0
1860.0,A,RUNNING,1856.232,9,9,4,8,0.5,20.0,99.1,597.0153,0.0,0,0.0,0.0
1861.0,A,RUNNING,1857.232,9,9,4,8,0.5,20.0,99.1,596.0153,0.0,0,0.0,0.0
1862.0,A,RUNNING,1858.232,9,9,4,8,0.5,20.0,99.1,595.0153,0.0,0,0.0,0.0
1863.0,A,RUNNING,1859.232,9,9,4,8,0.5,20.0,99.1,594.0153,0.0,0,0.0,0.0
1864.0,A,RUNNING,1860.232,9,9,4,8,0.5,20.0,99.1,593.0153,0.0,0,0.0,0.0
1865.0,A,RUNNING,1861.232,9,9,4,8,0.5,20.0,99.1,592.0153,0.0,0,0.0,0.0
1866.0,A,RUNNING,1862.232,9,9,4,8,0.5,20.0,99.1,591.0153,0.0,0,0.0,0.0
1867.0,A,RUNNING,1863.232,9,9,4,8,0.5,20.0,99.1,590.0153,0.0,0,0.0,0.0
1868.0,A,RUNNING,1864.232,9,9,4,8,0.5,20.0,99.1,589.0153,0.0,0,0.0,0.0
1869.0,A,RUNNING,1865.232,9,9,4,8,0.5,20.0,99.1,588.0153,0.0,0,0.0,0.0
1870.0,A,RUNNING,1866.232,9,9,4,8,0.5,20.0,99.1,587.0153,0.0,0,0.0,0.0
1871.0,A,RUNNING,1867.232,9,9,4,8,0.5,20.0,99.1,586.0153,0.0,0,0.0,0.0
1872.0,A,RUNNING,1868.232,9,9,4,8,0.5,20.0,99.1,585.0153,0.0,0,0.0,0.0
1873.0,A,RUNNING,1869.232,9,9,4,8,0.5,20.0,99.1,584.0153,0.0,0,0.0,0.0
1874.0,A,RUNNING,1870.232,9,9,4,8,0.5,20.0,99.1,583.0153,0.0,0,0.0,0.0
1875.0,A,RUNNING,1871.232,9,9,4,8,0.5,20.0,99.1,582.0153,0.0,0,0.0,0.0
1876.0,A,RUNNING,1872.232,9,9,4,8,0.5,20.0,99.1,581.0153,0.0,0,0.0,0.0
1877.0,A,RUNNING,1873.232,9,9,4,8,0.5,20.0,99.1,580.0153,0.0,0,0.0,0.0
1878.0,A,RUNNING,1874.232,9,9,4,8,0.5,20.0,99.1,579.0153,0.0,0,0.0,0.0
1879.0,A,RUNNING,1875.232,9,9,4,8,0.5,20.0,99.1,578.0153,0.0,0,0.0,0.0
1880.0,A,RUNNING,1876.232,9,9,4,8,0.5,20.0,99.1,577.0153,0.0,0,0.0,0.0
1881.0,A,RUNNING,1877.232,9,9,4,8,0.5,20.0,99.1,576.0153,0.0,0,0.0,0.0
1882.0,A,RUNNING,1878.232,9,9,4,8,0.5,20.0,99.1,575.0153,0.0,0,0.0,0.0
1883.0,A,RUNNING,1879.232,9,9,4,8,0.5,20.0,99.1,574.0153,0.0,0,0.0,0.0
1884.0,A,RUNNING,1880.232,9,9,4,8,0.5,20.0,99.1,573.0153,0.0,0,0.0,0.0
1885.0,A,RUNNING,1881.232,9,9,4,8,0.5,20.0,99.1,572.0153,0.0,0,0.0,0.0
1886.0,A,RUNNING,1882.232,9,9,4,8,0.5,20.0,99.1,571.0153,0.0,0,0.0,0.0
1887.0,A,RUNNING,1883.232,9,9,4,8,0.5,20.0,99.1,570.0153,0.0,0,0.0,0.0
1888.0,A,RUNNING,1884.232,9,9,4,8,0.5,20.0,99.1,569.0153,0.0,0,0.0,0.0
1889.0,A,RUNNING,1885.232,9,9,4,8,0.5,20.0,99.1,568.0153,0.0,0,0.0,0.0
1890.0,A,RUNNING,1886.232,9,9,4,8,0.5,20.0,99.1,567.0153,0.0,0,0.0,0.0
1891.0,A,RUNNING,1887.236,9,9,4,8,0.5,20.0,99.1,566.0113,0.0,0,0.0,0.0
1892.0,A,RUNNING,1888.232,9,9,4,8,0.5,20.0,99.1,565.0153,0.0,0,0.0,0.0
1893.0,A,RUNNING,1889.232,9,9,4,8,0.5,20.0,99.1,564.0153,0.0,0,0.0,0.0
1894.0,A,RUNNING,1890.232,9,9,4,8,0.5,20.0,99.1,563.0153,0.0,0,0.0,0.0
1895.0,A,RUNNING,1891.232,9,9,4,8,0.5,20.0,99.1,562.0153,0.0,0,0.0,0.0
1896.0,A,RUNNING,1892.232,9,9,4,8,0.5,20.0,99.1,561.0153,0.0,0,0.0,0.0
1897.0,A,RUNNING,1893.232,9,9,4,8,0.5,20.0,99.1,560.0153,0.0,0,0.0,0.0
1898.0,A,RUNNING,1894.232,9,9,4,8,0.5,20.0,99.1,559.0153,0.0,0,0.0,0.0
1899.0,A,RUNNING,1895.232,9,9,4,8,0.5,20.0,99.1,558.0153,0.0,0,0.0,0.0
1900.0,A,RUNNING,1896.232,9,9,4,8,0.5,20.0,99.1,557.0153,0.0,0,0.0,0.0
1901.0,A,RUNNING,1897.232,9,9,4,8,0.5,20.0,99.1,556.0153,0.0,0,0.0,0.0
1902.0,A,RUNNING,1898.232,9,9,4,8,0.5,20.0,99.1,555.0153,0.0,0,0.0,0.0
1903.0,A,RUNNING,1899.232,9,9,4,8,0.5,20.0,99.1,554.0153,0.0,0,0.0,0.0
1904.0,A,RUNNING,1900.232,9,9,4,8,0.5,20.0,99.1,553.0153,0.0,0,0.0,0.0
1905.0,A,RUNNING,1901.232,9,9,4,8,0.5,20.0,99.1,552.0153,0.0,0,0.0,0.0
1906.0,A,RUNNING,1902.232,9,9,4,8,0.5,20.0,99.1,551.0153,0.0,0,0.0,0.0
1907.0,A,RUNNING,1903.232,9,9,4,8,0.5,20.0,99.1,550.0153,0.0,0,0.0,0.0
1908.0,A,RUNNING,1904.232,9,9,4,8,0.5,20.0,99.1,549.0153,0.0,0,0.0,0.0
1909.0,A,RUNNING,1905.232,9,9,4,8,0.5,20.0,99.1,548.0153,0.0,0,0.0,0.0
1910.0,A,RUNNING,1906.232,9,9,4,8,0.5,20.0,99.1,547.0153,0.0,0,0.0,0.0
1911.0,A,RUNNING,1907.232,9,9,4,8,0.5,20.0,99.1,546.0153,0.0,0,0.0,0.0
1912.0,A,RUNNING,1908.232,9,9,4,8,0.5,20.0,99.1,545.0153,0.0,0,0.0,0.0
1913.0,A,RUNNING,1909.232,9,9,4,8,0.5,20.0,99.1,544.0153,0.0,0,0.0,0.0
1914.0,A,RUNNING,1910.232,9,9,4,8,0.5,20.0,99.1,543.0153,0.0,0,0.0,0.0
1915.0,A,RUNNING,1911.232,9,9,4,8,0.5,20.0,99.1,542.0153,0.0,0,0.0,0.0
1916.0,A,RUNNING,1912.232,9,9,4,8,0.5,20.0,99.1,541.0153,0.0,0,0.0,0.0
1917.0,A,RUNNING,1913.232,9,9,4,8,0.5,20.0,99.1,540.0153,0.0,0,0.0,0.0
1918.0,A,RUNNING,1914.232,10,9,5,8,0.625,20.0,99.0,505.2853,0.0,0,0.0,0.0
1919.0,A,RUNNING,1915.232,10,9,5,8,0.625,20.0,99.0,504.2853,0.0,0,0.0,0.0
1920.0,A,RUNNING,1916.232,10,9,5,8,0.625,20.0,99.0,503.2853,0.0,0,0.0,0.0
1921.0,A,RUNNING,1917.232,10,9,5,8,0.625,20.0,99.0,502.2853,0.0,0,0.0,0.0
1922.0,A,RUNNING,1918.232,10,9,5,8,0.625,20.0,99.0,501.2853,0.0,0,0.0,0.0
1923.0,A,RUNNING,1919.232,10,9,5,8,0.625,20.0,99.0,500.2853,0.0,0,0.0,0.0
1924.0,A,RUNNING,1920.232,10,9,5,8,0.625,20.0,99.0,499.2853,0.0,0,0.0,0.0
1925.0,A,RUNNING,1921.232,10,9,5,8,0.625,20.0,99.0,498.2853,0.0,0,0.0,0.0
1926.0,A,RUNNING,1922.232,10,9,5,8,0.625,20.0,99.0,497.2853,0.0,0,0.0,0.0
1927.0,A,RUNNING,1923.232,10,9,5,8,0.625,20.0,99.0,496.2853,0.0,0,0.0,0.0
1928.0,A,RUNNING,1924.232,10,9,5,8,0.625,20.0,99.0,495.2853,0.0,0,0.0,0.0
1929.0,A,RUNNING,1925.232,10,9,5,8,0.625,20.0,99.0,494.2853,0.0,0,0.0,0.0
1930.0,A,RUNNING,1926.232,10,9,5,8,0.625,20.0,99.0,493.2853,0.0,0,0.0,0.0
1931.0,A,RUNNING,1927.232,10,9,5,8,0.625,20.0,99.0,492.2853,0.0,0,0.0,0.0
1932.0,A,RUNNING,1928.232,10,9,5,8,0.625,20.0,99.0,491.2853,0.0,0,0.0,0.0
1933.0,A,RUNNING,1929.232,10,9,5,8,0.625,20.0,99.0,490.2853,0.0,0,0.0,0.0
1934.0,A,RUNNING,1930.232,10,9,5,8,0.625,20.0,99.0,489.2853,0.0,0,0.0,0.0
1935.0,A,RUNNING,1931.232,10,9,5,8,0.625,20.0,99.0,488.2853,0.0,0,0.0,0.0
1936.0,A,RUNNING,1932.232,10,9,5,8,0.625,20.0,99.0,487.2853,0.0,0,0.0,0.0
1937.0,A,RUNNING,1933.232,10,9,5,8,0.625,20.0,99.0,486.2853,0.0,0,0.0,0.0
1938.0,A,RUNNING,1934.232,10,9,5,8,0.625,20.0,99.0,485.2853,0.0,0,0.0,0.0
1939.0,A,RUNNING,1935.232,10,9,5,8,0.625,20.0,99.0,484.2853,0.0,0,0.0,0.0
1940.0,A,RUNNING,1936.232,10,9,5,8,0.625,20.0,99.0,483.2853,0.0,0,0.0,0.0
1941.0,A,RUNNING,1937.232,10,9,5,8,0.625,20.0,99.0,482.2853,0.0,0,0.0,0.0
1942.0,A,RUNNING,1938.232,10,9,5,8,0.625,20.0,99.0,481.2853,0.0,0,0.0,0.0
1943.0,A,RUNNING,1939.232,10,9,5,8,0.625,20.0,99.0,480.2853,0.0,0,0.0,0.0
1944.0,A,RUNNING,1940.232,10,9,5,8,0.625,20.0,99.0,479.2853,0.0,0,0.0,0.0
1945.0,A,RUNNING,1941.232,10,9,5,8,0.625,20.0,99.0,478.2853,0.0,0,0.0,0.0
1946.0,A,RUNNING,1942.232,10,9,5,8,0.625,20.0,99.0,477.2853,0.0,0,0.0,0.0
1947.0,A,RUNNING,1943.232,10,9,5,8,0.625,20.0,99.0,476.2853,0.0,0,0.0,0.0
1948.0,A,RUNNING,1944.232,10,9,5,8,0.625,20.0,99.0,475.2853,0.0,0,0.0,0.0
1949.0,A,RUNNING,1945.232,10,9,5,8,0.625,20.0,99.0,474.2853,0.0,0,0.0,0.0
1950.0,A,RUNNING,1946.232,10,9,5,8,0.625,20.0,99.0,473.2853,0.0,0,0.0,0.0
1951.0,A,RUNNING,1947.232,10,9,5,8,0.625,20.0,99.0,472.2853,0.0,0,0.0,0.0
1952.0,A,RUNNING,1948.232,10,9,5,8,0.625,20.0,99.0,471.2853,0.0,0,0.0,0.0
1953.0,A,RUNNING,1949.232,10,9,5,8,0.625,20.0,99.0,470.2853,0.0,0,0.0,0.0
1954.0,A,RUNNING,1950.232,10,9,5,8,0.625,20.0,99.0,469.2853,0.0,0,0.0,0.0
1955.0,A,RUNNING,1951.232,10,9,5,8,0.625,20.0,99.0,468.2853,0.0,0,0.0,0.0
1956.0,A,RUNNING,1952.232,10,9,5,8,0.625,20.0,99.0,467.2853,0.0,0,0.0,0.0
1957.0,A,RUNNING,1953.232,10,9,5,8,0.625,20.0,99.0,466.2853,0.0,0,0.0,0.0
1958.0,A,RUNNING,1954.232,10,9,5,8,0.625,20.0,99.0,465.2853,0.0,0,0.0,0.0
1959.0,A,RUNNING,1955.232,10,9,5,8,0.625,20.0,99.0,464.2853,0.0,0,0.0,0.0
1960.0,A,RUNNING,1956.232,10,9,5,8,0.625,20.0,99.0,463.2853,0.0,0,0.0,0.0
1961.0,A,RUNNING,1957.232,10,9,5,8,0.625,20.0,99.0,462.2853,0.0,0,0.0,0.0
1962.0,A,RUNNING,1958.232,10,9,5,8,0.625,20.0,99.0,461.2853,0.0,0,0.0,0.0
1963.0,A,RUNNING,1959.232,10,9,5,8,0.625,20.0,99.0,460.2853,0.0,0,0.0,0.0
1964.0,A,RUNNING,1960.232,10,9,5,8,0.625,20.0,99.0,459.2853,0.0,0,0.0,0.0
1965.0,A,RUNNING,1961.232,10,9,5,8,0.625,20.0,99.0,458.2853,0.0,0,0.0,0.0
1966.0,A,RUNNING,1962.232,10,9,5,8,0.625,20.0,99.0,457.2853,0.0,0,0.0,0.0
1967.0,A,RUNNING,1963.232,10,9,5,8,0.625,20.0,99.0,456.2853,0.0,0,0.0,0.0
1968.0,A,RUNNING,1964.232,10,9,5,8,0.625,20.0,99.0,455.2853,0.0,0,0.0,0.0
1969.0,A,RUNNING,1965.232,10,9,5,8,0.625,20.0,99.0,454.2853,0.0,0,0.0,0.0
1970.0,A,RUNNING,1966.232,10,9,5,8,0.625,20.0,99.0,453.2853,0.0,0,0.0,0.0
1971.0,A,RUNNING,1967.232,10,9,5,8,0.625,20.0,99.0,452.2853,0.0,0,0.0,0.0
1972.0,A,RUNNING,1968.232,10,9,5,8,0.625,20.0,99.0,451.2853,0.0,0,0.0,0.0
1973.0,A,RUNNING,1969.232,10,9,5,8,0.625,20.0,99.0,450.2853,0.0,0,0.0,0.0
1974.0,A,RUNNING,1970.232,10,9,5,8,0.625,20.0,99.0,449.2853,0.0,0,0.0,0.0
1975.0,A,RUNNING,1971.232,10,9,5,8,0.625,20.0,99.0,448.2853,0.0,0,0.0,0.0
1976.0,A,RUNNING,1972.232,10,9,5,8,0.625,20.0,99.0,447.2853,0.0,0,0.0,0.0
1977.0,A,RUNNING,1973.232,10,9,5,8,0.625,20.0,99.0,446.2853,0.0,0,0.0,0.0
1978.0,A,RUNNING,1974.232,10,9,5,8,0.625,20.0,99.0,445.2853,0.0,0,0.0,0.0
1979.0,A,RUNNING,1975.232,10,9,5,8,0.625,20.0,99.0,444.2853,0.0,0,0.0,0.0
1980.0,A,RUNNING,1976.232,10,9,5,8,0.625,20.0,99.0,443.2853,0.0,0,0.0,0.0
1981.0,A,RUNNING,1977.232,10,9,5,8,0.625,20.0,99.0,442.2853,0.0,0,0.0,0.0
1982.0,A,RUNNING,1978.232,10,9,5,8,0.625,20.0,99.0,441.2853,0.0,0,0.0,0.0
1983.0,A,RUNNING,1979.232,10,9,5,8,0.625,20.0,99.0,440.2853,0.0,0,0.0,0.0
1984.0,A,RUNNING,1980.232,10,9,5,8,0.625,20.0,99.0,439.2853,0.0,0,0.0,0.0
1985.0,A,RUNNING,1981.232,10,9,5,8,0.625,20.0,99.0,438.2853,0.0,0,0.0,0.0
1986.0,A,RUNNING,1982.232,10,9,5,8,0.625,20.0,99.0,437.2853,0.0,0,0.0,0.0
1987.0,A,RUNNING,1983.232,10,9,5,8,0.625,20.0,99.0,436.2853,0.0,0,0.0,0.0
1988.0,A,RUNNING,1984.232,10,9,5,8,0.625,20.0,99.0,435.2853,0.0,0,0.0,0.0
1989.0,A,RUNNING,1985.232,10,9,5,8,0.625,20.0,99.0,434.2853,0.0,0,0.0,0.0
1990.0,A,RUNNING,1986.232,10,9,5,8,0.625,20.0,99.0,433.2853,0.0,0,0.0,0.0
1991.0,A,RUNNING,1987.232,10,9,5,8,0.625,20.0,99.0,432.2853,0.0,0,0.0,0.0
1992.0,A,RUNNING,1988.232,10,9,5,8,0.625,20.0,99.0,431.2853,0.0,0,0.0,0.0
1993.0,A,RUNNING,1989.232,10,9,5,8,0.625,20.0,99.0,430.2853,0.0,0,0.0,0.0
1994.0,A,RUNNING,1990.232,10,9,5,8,0.625,20.0,99.0,429.2853,0.0,0,0.0,0.0
1995.0,A,RUNNING,1991.232,10,9,5,8,0.625,20.0,99.0,428.2853,0.0,0,0.0,0.0
1996.0,A,RUNNING,1992.232,10,9,5,8,0.625,20.0,99.0,427.2853,0.0,0,0.0,0.0
1997.0,A,RUNNING,1993.232,10,9,5,8,0.625,20.0,99.0,426.2853,0.0,0,0.0,0.0
1998.0,A,RUNNING,1994.232,10,9,5,8,0.625,20.0,99.0,425.2853,0.0,0,0.0,0.0
1999.0,A,RUNNING,1995.232,10,9,5,8,0.625,20.0,99.0,424.2853,0.0,0,0.0,0.0
2000.0,A,RUNNING,1996.232,10,9,5,8,0.625,20.0,99.0,423.2853,0.0,0,0.0,0.0
2001.0,A,RUNNING,1997.232,10,9,5,8,0.625,20.0,99.0,422.2853,0.0,0,0.0,0.0
2002.0,A,RUNNING,1998.232,10,9,5,8,0.625,20.0,99.0,421.2853,0.0,0,0.0,0.0
2003.0,A,RUNNING,1999.232,10,9,5,8,0.625,20.0,99.0,420.2853,0.0,0,0.0,0.0
2004.0,A,RUNNING,2000.232,10,9,5,8,0.625,20.0,99.0,419.2853,0.0,0,0.0,0.0
2005.0,A,RUNNING,2001.232,10,9,5,8,0.625,20.0,99.0,418.2853,0.0,0,0.0,0.0
2006.0,A,RUNNING,2002.232,10,9,5,8,0.625,20.0,99.0,417.2853,0.0,0,0.0,0.0
2007.0,A,RUNNING,2003.232,10,9,5,8,0.625,20.0,99.0,416.2853,0.0,0,0.0,0.0
2008.0,A,RUNNING,2004.232,10,9,5,8,0.625,20.0,99.0,415.2853,0.0,0,0.0,0.0
2009.0,A,RUNNING,2005.232,10,9,5,8,0.625,20.0,99.0,414.2853,0.0,0,0.0,0.0
2010.0,A,RUNNING,2006.232,10,9,5,8,0.625,20.0,99.0,413.2853,0.0,0,0.0,0.0
2011.0,A,RUNNING,2007.232,10,9,5,8,0.625,20.0,99.0,412.2853,0.0,0,0.0,0.0
2012.0,A,RUNNING,2008.232,10,9,5,8,0.625,20.0,99.0,411.2853,0.0,0,0.0,0.0
2013.0,A,RUNNING,2009.232,10,9,5,8,0.625,20.0,99.0,410.2853,0.0,0,0.0,0.0
2014.0,A,RUNNING,2010.232,10,9,5,8,0.625,20.0,99.0,409.2853,0.0,0,0.0,0.0
2015.0,A,RUNNING,2011.232,10,9,5,8,0.625,20.0,99.0,408.2853,0.0,0,0.0,0.0
2016.0,A,RUNNING,2012.232,10,9,5,8,0.625,20.0,99.0,407.2853,0.0,0,0.0,0.0
2017.0,A,RUNNING,2013.232,10,9,5,8,0.625,20.0,99.0,406.2853,0.0,0,0.0,0.0
2018.0,A,RUNNING,2014.232,10,9,5,8,0.625,20.0,99.0,405.2853,0.0,0,0.0,0.0
2019.0,A,RUNNING,2015.232,10,9,5,8,0.625,20.0,99.0,404.2853,0.0,0,0.0,0.0
2020.0,A,RUNNING,2016.232,10,9,5,8,0.625,20.0,99.0,403.2853,0.0,0,0.0,0.0
2021.0,A,RUNNING,2017.232,10,9,5,8,0.625,20.0,99.0,402.2853,0.0,0,0.0,0.0
2022.0,A,RUNNING,2018.232,10,9,5,8,0.625,20.0,99.0,401.2853,0.0,0,0.0,0.0
2023.0,A,RUNNING,2019.232,10,9,5,8,0.625,20.0,99.0,400.2853,0.0,0,0.0,0.0
2024.0,A,RUNNING,2020.232,10,9,5,8,0.625,20.0,99.0,399.2853,0.0,0,0.0,0.0
2025.0,A,RUNNING,2021.232,10,9,5,8,0.625,20.0,99.0,398.2853,0.0,0,0.0,0.0
2026.0,A,RUNNING,2022.232,10,9,5,8,0.625,20.0,99.0,397.2853,0.0,0,0.0,0.0
2027.0,A,RUNNING,2023.232,10,9,5,8,0.625,20.0,99.0,396.2853,0.0,0,0.0,0.0
2028.0,A,RUNNING,2024.232,10,9,5,8,0.625,20.0,99.0,395.2853,0.0,0,0.0,0.0
2029.0,A,RUNNING,2025.232,10,9,5,8,0.625,20.0,99.0,394.2853,0.0,0,0.0,0.0
2030.0,A,RUNNING,2026.232,10,9,5,8,0.625,20.0,99.0,393.2853,0.0,0,0.0,0.0
2031.0,A,RUNNING,2027.232,10,9,5,8,0.625,20.0,99.0,392.2853,0.0,0,0.0,0.0
2032.0,A,RUNNING,2028.232,10,9,5,8,0.625,20.0,99.0,391.2853,0.0,0,0.0,0.0
2033.0,A,RUNNING,2029.232,10,9,5,8,0.625,20.0,99.0,390.2853,0.0,0,0.0,0.0
2034.0,A,RUNNING,2030.232,10,9,5,8,0.625,20.0,99.0,389.2853,0.0,0,0.0,0.0
2035.0,A,RUNNING,2031.232,10,9,5,8,0.625,20.0,99.0,388.2853,0.0,0,0.0,0.0
2036.0,A,RUNNING,2032.232,10,9,5,8,0.625,20.0,99.0,387.2853,0.0,0,0.0,0.0
2037.0,A,RUNNING,2033.232,10,9,5,8,0.625,20.0,99.0,386.2853,0.0,0,0.0,0.0
2038.0,A,RUNNING,2034.232,10,9,5,8,0.625,20.0,99.0,385.2853,0.0,0,0.0,0.0
2039.0,A,RUNNING,2035.232,10,9,5,8,0.625,20.0,99.0,384.2853,0.0,0,0.0,0.0
2040.0,A,RUNNING,2036.232,10,9,5,8,0.625,20.0,99.0,383.2853,0.0,0,0.0,0.0
2041.0,A,RUNNING,2037.232,10,9,5,8,0.625,20.0,99.0,382.2853,0.0,0,0.0,0.0
2042.0,A,RUNNING,2038.232,10,9,5,8,0.625,20.0,99.0,381.2853,0.0,0,0.0,0.0
2043.0,A,RUNNING,2039.232,10,9,5,8,0.625,20.0,99.0,380.2853,0.0,0,0.0,0.0
2044.0,A,RUNNING,2040.232,10,9,5,8,0.625,20.0,99.0,379.2853,0.0,0,0.0,0.0
2045.0,A,RUNNING,2041.232,10,9,5,8,0.625,20.0,99.0,378.2853,0.0,0,0.0,0.0
2046.0,A,RUNNING,2042.232,10,9,5,8,0.625,20.0,99.0,377.2853,0.0,0,0.0,0.0
2047.0,A,RUNNING,2043.232,10,9,5,8,0.625,20.0,99.0,376.2853,0.0,0,0.0,0.0
2048.0,A,RUNNING,2044.232,10,9,5,8,0.625,20.0,99.0,375.2853,0.0,0,0.0,0.0
2049.0,A,RUNNING,2045.232,10,9,5,8,0.625,20.0,99.0,374.2853,0.0,0,0.0,0.0
2050.0,A,RUNNING,2046.232,10,9,5,8,0.625,20.0,99.0,373.2853,0.0,0,0.0,0.0
2051.0,A,RUNNING,2047.232,10,9,5,8,0.625,20.0,99.0,372.2853,0.0,0,0.0,0.0
2052.0,A,RUNNING,2048.232,10,9,5,8,0.625,20.0,99.0,371.2853,0.0,0,0.0,0.0
2053.0,A,RUNNING,2049.232,10,9,5,8,0.625,20.0,99.0,370.2853,0.0,0,0.0,0.0
2054.0,A,RUNNING,2050.232,10,9,5,8,0.625,20.0,99.0,369.2853,0.0,0,0.0,0.0
2055.0,A,RUNNING,2051.232,10,9,5,8,0.625,20.0,99.0,368.2853,0.0,0,0.0,0.0
2056.0,A,RUNNING,2052.232,10,9,5,8,0.625,20.0,99.0,367.2853,0.0,0,0.0,0.0
2057.0,A,RUNNING,2053.232,10,9,5,8,0.625,20.0,99.0,366.2853,0.0,0,0.0,0.0
2058.0,A,RUNNING,2054.232,10,9,5,8,0.625,20.0,99.0,365.2853,0.0,0,0.0,0.0
2059.0,A,RUNNING,2055.232,10,9,5,8,0.625,20.0,99.0,364.2853,0.0,0,0.0,0.0
2060.0,A,RUNNING,2056.232,10,9,5,8,0.625,20.0,99.0,363.2853,0.0,0,0.0,0.0
2061.0,A,RUNNING,2057.232,10,9,5,8,0.625,20.0,99.0,362.2853,0.0,0,0.0,0.0
2062.0,A,RUNNING,2058.232,10,9,5,8,0.625,20.0,99.0,361.2853,0.0,0,0.0,0.0
