ts,run_id,order_id,activity,state,battery_percent,temperature_c,condition_percent,payload_kg,motor_load,speed,distance_delta_m,cumulative_distance_m,cumulative_energy_wh,cumulative_charged_wh
3.0,run_20260920_093400,,idle,idle,49.996,22.0,100.0,0.0,0.0,0.0,0.0,0.0,0.0009,0.0
4.0,run_20260920_093400,,idle,idle,49.988,22.0,100.0,0.0,0.0,0.0,0.0,0.0,0.0025,0.0
5.0,run_20260920_093400,,idle,idle,49.981,22.0,100.0,0.0,0.0,0.0,0.0,0.0,0.0042,0.0
6.0,run_20260920_093400,,idle,idle,49.973,22.0,100.0,0.0,0.0,0.0,0.0,0.0,0.0059,0.0
7.0,run_20260920_093400,,idle,idle,49.966,22.0,100.0,0.0,0.0,0.0,0.0,0.0,0.0075,0.0
8.0,run_20260920_093400,,idle,idle,49.958,22.0,100.0,0.0,0.0,0.0,0.0,0.0,0.0092,0.0
9.0,run_20260920_093400,,idle,idle,49.951,22.0,100.0,0.0,0.0,0.0,0.0,0.0,0.0109,0.0
10.0,run_20260920_093400,,idle,idle,49.943,22.0,100.0,0.0,0.0,0.0,0.0,0.0,0.0125,0.0
11.0,run_20260920_093400,,waiting,waiting,49.935,22.0,100.0,0.0,0.0,0.0,0.0,0.0,0.0142,0.0
12.0,run_20260920_093400,,waiting,waiting,49.928,22.0,100.0,0.0,0.0,0.0,0.0,0.0,0.0159,0.0
13.0,run_20260920_093400,,driving,driving,49.92,22.006,100.0,0.0,0.174,0.097,0.0094,0.009,0.0176,0.0
14.0,run_20260920_093400,,driving,driving,49.905,22.038,100.0,0.0,0.842,0.469,0.3288,0.338,0.0209,0.0
15.0,run_20260920_093400,,driving,driving,49.886,22.07,100.0,0.0,0.887,0.494,0.4876,0.826,0.025,0.0
16.0,run_20260920_093400,,driving,driving,49.867,22.103,100.0,0.0,0.89,0.496,0.5002,1.326,0.0292,0.0
17.0,run_20260920_093400,,driving,driving,49.849,22.136,100.0,0.0,0.896,0.499,0.497,1.823,0.0333,0.0
18.0,run_20260920_093400,,driving,driving,49.83,22.168,100.0,0.0,0.874,0.487,0.4804,2.303,0.0374,0.0
19.0,run_20260920_093400,,driving,driving,49.811,22.201,100.0,0.0,0.885,0.493,0.497,2.8,0.0415,0.0
20.0,run_20260920_093400,,driving,driving,49.792,22.234,100.0,0.0,0.897,0.5,0.4941,3.294,0.0457,0.0
21.0,run_20260920_093400,,driving,driving,49.774,22.265,100.0,0.0,0.834,0.465,0.4894,3.784,0.0498,0.0
22.0,run_20260920_093400,,driving,driving,49.755,22.297,99.999,0.0,0.889,0.495,0.4784,4.262,0.0538,0.0
23.0,run_20260920_093400,,driving,driving,49.737,22.33,99.999,0.0,0.889,0.495,0.4648,4.727,0.0578,0.0
24.0,run_20260920_093400,,driving,driving,49.718,22.362,99.999,0.0,0.887,0.494,0.4992,5.226,0.062,0.0
25.0,run_20260920_093400,,driving,driving,49.699,22.395,99.999,0.0,0.888,0.495,0.5003,5.727,0.0662,0.0
26.0,run_20260920_093400,,driving,driving,49.68,22.427,99.999,0.0,0.894,0.498,0.4952,6.222,0.0703,0.0
27.0,run_20260920_093400,,driving,driving,49.662,22.46,99.999,0.0,0.897,0.5,0.4842,6.706,0.0744,0.0
28.0,run_20260920_093400,,driving,driving,49.643,22.493,99.999,0.0,0.896,0.499,0.5034,7.209,0.0786,0.0
29.0,run_20260920_093400,,driving,driving,49.624,22.525,99.999,0.0,0.897,0.5,0.5036,7.713,0.0828,0.0
30.0,run_20260920_093400,,driving,driving,49.605,22.558,99.999,0.0,0.897,0.5,0.5039,8.217,0.087,0.0
31.0,run_20260920_093400,,driving,driving,49.586,22.591,99.999,0.0,0.897,0.5,0.503,8.72,0.0911,0.0
32.0,run_20260920_093400,,driving,driving,49.567,22.623,99.999,0.0,0.897,0.5,0.4851,9.205,0.0952,0.0
33.0,run_20260920_093400,,driving,driving,49.548,22.656,99.999,0.0,0.896,0.499,0.5036,9.709,0.0994,0.0
34.0,run_20260920_093400,,driving,driving,49.529,22.688,99.999,0.0,0.89,0.496,0.5014,10.21,0.1036,0.0
35.0,run_20260920_093400,,driving,driving,49.51,22.72,99.999,0.0,0.897,0.5,0.5006,10.711,0.1078,0.0
36.0,run_20260920_093400,,driving,driving,49.492,22.753,99.999,0.0,0.897,0.5,0.4849,11.196,0.1118,0.0
37.0,run_20260920_093400,,driving,driving,49.473,22.785,99.999,0.0,0.893,0.498,0.5037,11.699,0.116,0.0
38.0,run_20260920_093400,,driving,driving,49.454,22.817,99.999,0.0,0.897,0.5,0.5007,12.2,0.1202,0.0
39.0,run_20260920_093400,,driving,driving,49.435,22.849,99.999,0.0,0.894,0.498,0.502,12.702,0.1244,0.0
40.0,run_20260920_093400,,driving,driving,49.416,22.881,99.999,0.0,0.88,0.49,0.4983,13.2,0.1285,0.0
41.0,run_20260920_093400,,driving,driving,49.397,22.913,99.999,0.0,0.878,0.489,0.4831,13.683,0.1326,0.0
42.0,run_20260920_093400,,driving,driving,49.378,22.944,99.999,0.0,0.879,0.489,0.5004,14.184,0.1368,0.0
43.0,run_20260920_093400,,driving,driving,49.36,22.973,99.999,0.0,0.813,0.453,0.4857,14.669,0.1409,0.0
44.0,run_20260920_093400,,driving,driving,49.345,22.978,99.999,0.0,0.149,0.083,0.3292,14.999,0.1442,0.0
45.0,run_20260920_093400,,loading,loading,49.337,22.976,99.999,0.0,0.0,0.0,0.0001,14.999,0.1459,0.0
46.0,run_20260920_093400,,loading,loading,49.329,22.975,99.999,0.0,0.0,0.0,0.0,14.999,0.1475,0.0
47.0,run_20260920_093400,,loading,loading,49.322,22.974,99.999,0.0,0.0,0.0,0.0,14.999,0.1492,0.0
48.0,run_20260920_093400,,loading,loading,49.314,22.973,99.998,0.0,0.0,0.0,0.0,14.999,0.1509,0.0
49.0,run_20260920_093400,,loading,loading,49.307,22.972,99.998,0.0,0.0,0.0,0.0,14.999,0.1525,0.0
50.0,run_20260920_093400,,loading,loading,49.299,22.971,99.998,0.0,0.0,0.0,0.0,14.999,0.1542,0.0
51.0,run_20260920_093400,,loading,loading,49.292,22.97,99.998,0.0,0.0,0.0,0.0,14.999,0.1559,0.0
52.0,run_20260920_093400,,loading,loading,49.284,22.969,99.998,0.0,0.0,0.0,0.0,14.999,0.1575,0.0
53.0,run_20260920_093400,,loading,loading,49.276,22.968,99.998,0.0,0.0,0.0,0.0,14.999,0.1592,0.0
54.0,run_20260920_093400,,loading,loading,49.269,22.967,99.998,0.0,0.0,0.0,0.0,14.999,0.1609,0.0
55.0,run_20260920_093400,,loading,loading,49.261,22.966,99.998,0.0,0.0,0.0,0.0,14.999,0.1625,0.0
56.0,run_20260920_093400,,loading,loading,49.254,22.965,99.998,0.0,0.0,0.0,0.0,14.999,0.1642,0.0
57.0,run_20260920_093400,,loading,loading,49.246,22.964,99.998,0.0,0.0,0.0,0.0,14.999,0.1659,0.0
58.0,run_20260920_093400,,loading,loading,49.239,22.963,99.998,0.0,0.0,0.0,0.0,14.999,0.1675,0.0
59.0,run_20260920_093400,,loading,loading,49.231,22.962,99.998,0.0,0.0,0.0,0.0,14.999,0.1692,0.0
60.0,run_20260920_093400,,loading,loading,49.223,22.96,99.998,0.0,0.0,0.0,0.0,14.999,0.1709,0.0
61.0,run_20260920_093400,,loading,loading,49.216,22.959,99.998,0.0,0.0,0.0,0.0,14.999,0.1725,0.0
62.0,run_20260920_093400,,loading,loading,49.208,22.958,99.998,0.0,0.0,0.0,0.0,14.999,0.1742,0.0
63.0,run_20260920_093400,,loading,loading,49.201,22.957,99.998,0.0,0.0,0.0,0.0,14.999,0.1759,0.0
64.0,run_20260920_093400,,loading,loading,49.193,22.956,99.998,0.0,0.0,0.0,0.0,14.999,0.1775,0.0
65.0,run_20260920_093400,,loading,loading,49.185,22.955,99.998,0.0,0.0,0.0,0.0,14.999,0.1792,0.0
66.0,run_20260920_093400,,loading,loading,49.178,22.954,99.998,0.0,0.0,0.0,0.0,14.999,0.1809,0.0
67.0,run_20260920_093400,,loading,loading,49.17,22.953,99.998,0.0,0.0,0.0,0.0,14.999,0.1825,0.0
68.0,run_20260920_093400,,loading,loading,49.163,22.952,99.998,0.0,0.0,0.0,0.0,14.999,0.1842,0.0
69.0,run_20260920_093400,,loading,loading,49.155,22.951,99.998,0.0,0.0,0.0,0.0,14.999,0.1859,0.0
70.0,run_20260920_093400,,loading,loading,49.148,22.95,99.998,0.0,0.0,0.0,0.0,14.999,0.1875,0.0
71.0,run_20260920_093400,,loading,loading,49.14,22.949,99.998,0.0,0.0,0.0,0.0,14.999,0.1892,0.0
72.0,run_20260920_093400,,loading,loading,49.132,22.948,99.998,0.0,0.0,0.0,0.0,14.999,0.1909,0.0
73.0,run_20260920_093400,,loading,loading,49.125,22.947,99.998,0.0,0.0,0.0,0.0,14.999,0.1925,0.0
74.0,run_20260920_093400,,loading,loading,49.117,22.946,99.998,0.0,0.0,0.0,0.0,14.999,0.1942,0.0
75.0,run_20260920_093400,,waiting,waiting,49.11,22.945,99.998,1.7999999523162842,0.0,0.0,0.0,14.999,0.1959,0.0
76.0,run_20260920_093400,,driving,driving,49.101,22.954,99.998,1.7999999523162842,0.264,0.147,0.0412,15.04,0.1978,0.0
77.0,run_20260920_093400,,driving,driving,49.087,22.965,99.998,1.7999999523162842,0.287,0.16,0.1794,15.219,0.2008,0.0
78.0,run_20260920_093400,,driving,driving,49.078,22.965,99.998,1.7999999523162842,0.025,0.014,0.0571,15.276,0.2028,0.0
79.0,run_20260920_093400,,driving,driving,49.067,22.99,99.998,1.7999999523162842,0.656,0.365,0.1183,15.395,0.2053,0.0
80.0,run_20260920_093400,,driving,driving,49.043,23.025,99.998,1.7999999523162842,0.897,0.5,0.4928,15.887,0.2105,0.0
81.0,run_20260920_093400,,driving,driving,49.02,23.06,99.998,1.7999999523162842,0.897,0.5,0.4857,16.373,0.2156,0.0
82.0,run_20260920_093400,,driving,driving,48.996,23.095,99.998,1.7999999523162842,0.894,0.498,0.5038,16.877,0.2208,0.0
83.0,run_20260920_093400,,driving,driving,48.973,23.13,99.998,1.7999999523162842,0.897,0.5,0.4982,17.375,0.226,0.0
84.0,run_20260920_093400,,driving,driving,48.949,23.164,99.998,1.7999999523162842,0.877,0.489,0.4994,17.875,0.2312,0.0
85.0,run_20260920_093400,,driving,driving,48.926,23.198,99.998,1.7999999523162842,0.863,0.481,0.4824,18.357,0.2363,0.0
86.0,run_20260920_093400,,driving,driving,48.903,23.233,99.998,1.7999999523162842,0.892,0.497,0.4767,18.834,0.2414,0.0
87.0,run_20260920_093400,,driving,driving,48.879,23.265,99.998,1.7999999523162842,0.833,0.464,0.4932,19.327,0.2465,0.0
88.0,run_20260920_093400,,driving,driving,48.856,23.299,99.997,1.7999999523162842,0.889,0.495,0.4921,19.819,0.2517,0.0
89.0,run_20260920_093400,,driving,driving,48.832,23.334,99.997,1.7999999523162842,0.892,0.497,0.4978,20.317,0.2569,0.0
90.0,run_20260920_093400,,driving,driving,48.81,23.368,99.997,1.7999999523162842,0.885,0.493,0.4654,20.782,0.2619,0.0
91.0,run_20260920_093400,,driving,driving,48.786,23.402,99.997,1.7999999523162842,0.877,0.488,0.4984,21.281,0.2671,0.0
92.0,run_20260920_093400,,driving,driving,48.762,23.436,99.997,1.7999999523162842,0.889,0.495,0.4981,21.779,0.2723,0.0
93.0,run_20260920_093400,,driving,driving,48.739,23.471,99.997,1.7999999523162842,0.896,0.499,0.5015,22.28,0.2775,0.0
94.0,run_20260920_093400,,driving,driving,48.715,23.504,99.997,1.7999999523162842,0.867,0.483,0.4899,22.77,0.2826,0.0
95.0,run_20260920_093400,,driving,driving,48.692,23.537,99.997,1.7999999523162842,0.857,0.478,0.4772,23.247,0.2877,0.0
96.0,run_20260920_093400,,driving,driving,48.669,23.571,99.997,1.7999999523162842,0.883,0.492,0.4888,23.736,0.2928,0.0
97.0,run_20260920_093400,,driving,driving,48.645,23.605,99.997,1.7999999523162842,0.883,0.492,0.5009,24.237,0.298,0.0
98.0,run_20260920_093400,,driving,driving,48.622,23.635,99.997,1.7999999523162842,0.794,0.442,0.4914,24.728,0.3032,0.0
99.0,run_20260920_093400,,driving,driving,48.603,23.653,99.997,1.7999999523162842,0.482,0.268,0.3494,25.078,0.3073,0.0
100.0,run_20260920_093400,,driving,driving,48.592,23.651,99.997,1.7999999523162842,0.002,0.001,0.1162,25.194,0.3098,0.0
101.0,run_20260920_093400,,driving,driving,48.583,23.649,99.997,1.7999999523162842,0.0,0.0,0.0272,25.221,0.3117,0.0
102.0,run_20260920_093400,,unloading,unloading,48.576,23.647,99.997,1.7999999523162842,0.0,0.0,0.0,25.221,0.3133,0.0
103.0,run_20260920_093400,,unloading,unloading,48.568,23.646,99.997,1.7999999523162842,0.0,0.0,0.0,25.221,0.315,0.0
104.0,run_20260920_093400,,unloading,unloading,48.561,23.644,99.997,1.7999999523162842,0.0,0.0,0.0,25.221,0.3167,0.0
105.0,run_20260920_093400,,unloading,unloading,48.553,23.642,99.997,1.7999999523162842,0.0,0.0,0.0,25.221,0.3183,0.0
106.0,run_20260920_093400,,unloading,unloading,48.546,23.64,99.997,1.7999999523162842,0.0,0.0,0.0,25.221,0.32,0.0
107.0,run_20260920_093400,,unloading,unloading,48.538,23.638,99.997,1.7999999523162842,0.0,0.0,0.0,25.221,0.3217,0.0
108.0,run_20260920_093400,,unloading,unloading,48.53,23.637,99.997,1.7999999523162842,0.0,0.0,0.0,25.221,0.3233,0.0
109.0,run_20260920_093400,,unloading,unloading,48.523,23.635,99.997,1.7999999523162842,0.0,0.0,0.0,25.221,0.325,0.0
110.0,run_20260920_093400,,unloading,unloading,48.515,23.633,99.997,1.7999999523162842,0.0,0.0,0.0,25.221,0.3267,0.0
111.0,run_20260920_093400,,unloading,unloading,48.508,23.631,99.997,1.7999999523162842,0.0,0.0,0.0,25.221,0.3283,0.0
112.0,run_20260920_093400,,unloading,unloading,48.5,23.629,99.997,1.7999999523162842,0.0,0.0,0.0,25.221,0.33,0.0
113.0,run_20260920_093400,,unloading,unloading,48.492,23.628,99.997,1.7999999523162842,0.0,0.0,0.0,25.221,0.3317,0.0
114.0,run_20260920_093400,,unloading,unloading,48.485,23.626,99.997,1.7999999523162842,0.0,0.0,0.0,25.221,0.3333,0.0
115.0,run_20260920_093400,,unloading,unloading,48.477,23.624,99.997,1.7999999523162842,0.0,0.0,0.0,25.221,0.335,0.0
116.0,run_20260920_093400,,unloading,unloading,48.47,23.622,99.997,1.7999999523162842,0.0,0.0,0.0,25.221,0.3367,0.0
117.0,run_20260920_093400,,unloading,unloading,48.462,23.62,99.997,1.7999999523162842,0.0,0.0,0.0,25.221,0.3383,0.0
118.0,run_20260920_093400,,unloading,unloading,48.455,23.619,99.997,1.7999999523162842,0.0,0.0,0.0,25.221,0.34,0.0
119.0,run_20260920_093400,,unloading,unloading,48.447,23.617,99.997,1.7999999523162842,0.0,0.0,0.0,25.221,0.3417,0.0
120.0,run_20260920_093400,,unloading,unloading,48.439,23.615,99.997,1.7999999523162842,0.0,0.0,0.0,25.221,0.3433,0.0
121.0,run_20260920_093400,,unloading,unloading,48.432,23.613,99.997,1.7999999523162842,0.0,0.0,0.0,25.221,0.345,0.0
122.0,run_20260920_093400,,unloading,unloading,48.424,23.612,99.997,1.7999999523162842,0.0,0.0,0.0,25.221,0.3467,0.0
123.0,run_20260920_093400,,unloading,unloading,48.417,23.61,99.997,1.7999999523162842,0.0,0.0,0.0,25.221,0.3483,0.0
124.0,run_20260920_093400,,unloading,unloading,48.409,23.608,99.997,1.7999999523162842,0.0,0.0,0.0,25.221,0.35,0.0
125.0,run_20260920_093400,,unloading,unloading,48.402,23.606,99.996,1.7999999523162842,0.0,0.0,0.0,25.221,0.3517,0.0
126.0,run_20260920_093400,,unloading,unloading,48.394,23.604,99.996,1.7999999523162842,0.0,0.0,0.0,25.221,0.3533,0.0
127.0,run_20260920_093400,,unloading,unloading,48.386,23.603,99.996,1.7999999523162842,0.0,0.0,0.0,25.221,0.355,0.0
128.0,run_20260920_093400,,unloading,unloading,48.379,23.601,99.996,1.7999999523162842,0.0,0.0,0.0,25.221,0.3567,0.0
129.0,run_20260920_093400,,unloading,unloading,48.371,23.599,99.996,1.7999999523162842,0.0,0.0,0.0,25.221,0.3583,0.0
130.0,run_20260920_093400,,unloading,unloading,48.364,23.597,99.996,1.7999999523162842,0.0,0.0,0.0,25.221,0.36,0.0
131.0,run_20260920_093400,,unloading,unloading,48.356,23.596,99.996,1.7999999523162842,0.0,0.0,0.0,25.221,0.3617,0.0
132.0,run_20260920_093400,,waiting,waiting,48.349,23.594,99.996,0.0,0.0,0.0,0.0,25.221,0.3633,0.0
133.0,run_20260920_093400,,driving,driving,48.34,23.6,99.996,0.0,0.216,0.121,0.0304,25.252,0.3651,0.0
134.0,run_20260920_093400,,driving,driving,48.33,23.619,99.996,0.0,0.566,0.315,0.1232,25.375,0.3674,0.0
135.0,run_20260920_093400,,driving,driving,48.312,23.651,99.996,0.0,0.897,0.5,0.4467,25.821,0.3713,0.0
136.0,run_20260920_093400,,driving,driving,48.293,23.682,99.996,0.0,0.897,0.5,0.5018,26.323,0.3755,0.0
137.0,run_20260920_093400,,driving,driving,48.274,23.713,99.996,0.0,0.891,0.496,0.5033,26.827,0.3797,0.0
138.0,run_20260920_093400,,driving,driving,48.255,23.743,99.996,0.0,0.865,0.482,0.4938,27.32,0.3838,0.0
139.0,run_20260920_093400,,driving,driving,48.237,23.774,99.996,0.0,0.885,0.493,0.4927,27.813,0.3879,0.0
140.0,run_20260920_093400,,driving,driving,48.218,23.805,99.996,0.0,0.885,0.493,0.4769,28.29,0.392,0.0
141.0,run_20260920_093400,,driving,driving,48.199,23.836,99.996,0.0,0.897,0.5,0.4994,28.789,0.3962,0.0
142.0,run_20260920_093400,,driving,driving,48.18,23.867,99.996,0.0,0.897,0.5,0.5031,29.292,0.4003,0.0
143.0,run_20260920_093400,,driving,driving,48.161,23.899,99.996,0.0,0.897,0.5,0.5038,29.796,0.4045,0.0
144.0,run_20260920_093400,,driving,driving,48.143,23.929,99.996,0.0,0.887,0.494,0.4825,30.279,0.4086,0.0
145.0,run_20260920_093400,,driving,driving,48.125,23.957,99.996,0.0,0.813,0.453,0.459,30.738,0.4126,0.0
146.0,run_20260920_093400,,driving,driving,48.106,23.987,99.996,0.0,0.866,0.483,0.4788,31.217,0.4166,0.0
147.0,run_20260920_093400,,driving,driving,48.088,24.017,99.996,0.0,0.879,0.49,0.4677,31.684,0.4206,0.0
148.0,run_20260920_093400,,driving,driving,48.069,24.048,99.996,0.0,0.892,0.497,0.5019,32.186,0.4248,0.0
149.0,run_20260920_093400,,driving,driving,48.051,24.079,99.996,0.0,0.892,0.497,0.4797,32.666,0.4289,0.0
150.0,run_20260920_093400,,driving,driving,48.032,24.109,99.996,0.0,0.876,0.488,0.4974,33.163,0.433,0.0
151.0,run_20260920_093400,,driving,driving,48.013,24.14,99.996,0.0,0.894,0.498,0.4964,33.66,0.4372,0.0
152.0,run_20260920_093400,,driving,driving,47.994,24.171,99.996,0.0,0.897,0.5,0.5035,34.163,0.4414,0.0
153.0,run_20260920_093400,,driving,driving,47.976,24.197,99.996,0.0,0.786,0.438,0.47,34.633,0.4454,0.0
154.0,run_20260920_093400,,driving,driving,47.96,24.213,99.996,0.0,0.495,0.276,0.3604,34.994,0.4488,0.0
155.0,run_20260920_093400,,loading,loading,47.952,24.211,99.995,0.0,0.0,0.0,0.0189,35.013,0.4506,0.0
156.0,run_20260920_093400,,loading,loading,47.944,24.208,99.995,0.0,0.0,0.0,0.0,35.013,0.4523,0.0
157.0,run_20260920_093400,,loading,loading,47.937,24.206,99.995,0.0,0.0,0.0,0.0,35.013,0.4539,0.0
158.0,run_20260920_093400,,loading,loading,47.929,24.204,99.995,0.0,0.0,0.0,0.0,35.013,0.4556,0.0
159.0,run_20260920_093400,,loading,loading,47.921,24.201,99.995,0.0,0.0,0.0,0.0,35.013,0.4573,0.0
160.0,run_20260920_093400,,loading,loading,47.914,24.199,99.995,0.0,0.0,0.0,0.0,35.013,0.4589,0.0
161.0,run_20260920_093400,,loading,loading,47.906,24.196,99.995,0.0,0.0,0.0,0.0,35.013,0.4606,0.0
162.0,run_20260920_093400,,loading,loading,47.899,24.194,99.995,0.0,0.0,0.0,0.0,35.013,0.4623,0.0
163.0,run_20260920_093400,,loading,loading,47.891,24.191,99.995,0.0,0.0,0.0,0.0,35.013,0.4639,0.0
164.0,run_20260920_093400,,loading,loading,47.884,24.189,99.995,0.0,0.0,0.0,0.0,35.013,0.4656,0.0
165.0,run_20260920_093400,,loading,loading,47.876,24.187,99.995,0.0,0.0,0.0,0.0,35.013,0.4673,0.0
166.0,run_20260920_093400,,loading,loading,47.868,24.184,99.995,0.0,0.0,0.0,0.0,35.013,0.4689,0.0
167.0,run_20260920_093400,,loading,loading,47.861,24.182,99.995,0.0,0.0,0.0,0.0,35.013,0.4706,0.0
168.0,run_20260920_093400,,loading,loading,47.853,24.179,99.995,0.0,0.0,0.0,0.0,35.013,0.4723,0.0
169.0,run_20260920_093400,,loading,loading,47.846,24.177,99.995,0.0,0.0,0.0,0.0,35.013,0.4739,0.0
170.0,run_20260920_093400,,loading,loading,47.838,24.175,99.995,0.0,0.0,0.0,0.0,35.013,0.4756,0.0
171.0,run_20260920_093400,,loading,loading,47.831,24.172,99.995,0.0,0.0,0.0,0.0,35.013,0.4773,0.0
172.0,run_20260920_093400,,loading,loading,47.823,24.17,99.995,0.0,0.0,0.0,0.0,35.013,0.4789,0.0
173.0,run_20260920_093400,,loading,loading,47.815,24.168,99.995,0.0,0.0,0.0,0.0,35.013,0.4806,0.0
174.0,run_20260920_093400,,loading,loading,47.808,24.165,99.995,0.0,0.0,0.0,0.0,35.013,0.4823,0.0
175.0,run_20260920_093400,,loading,loading,47.8,24.163,99.995,0.0,0.0,0.0,0.0,35.013,0.4839,0.0
176.0,run_20260920_093400,,loading,loading,47.793,24.16,99.995,0.0,0.0,0.0,0.0,35.013,0.4856,0.0
177.0,run_20260920_093400,,loading,loading,47.785,24.158,99.995,0.0,0.0,0.0,0.0,35.013,0.4873,0.0
178.0,run_20260920_093400,,loading,loading,47.778,24.156,99.995,0.0,0.0,0.0,0.0,35.013,0.4889,0.0
179.0,run_20260920_093400,,loading,loading,47.77,24.153,99.995,0.0,0.0,0.0,0.0,35.013,0.4906,0.0
180.0,run_20260920_093400,,loading,loading,47.762,24.151,99.995,0.0,0.0,0.0,0.0,35.013,0.4923,0.0
181.0,run_20260920_093400,,loading,loading,47.755,24.149,99.995,0.0,0.0,0.0,0.0,35.013,0.4939,0.0
182.0,run_20260920_093400,,loading,loading,47.747,24.146,99.995,0.0,0.0,0.0,0.0,35.013,0.4956,0.0
183.0,run_20260920_093400,,loading,loading,47.74,24.144,99.995,0.0,0.0,0.0,0.0,35.013,0.4973,0.0
184.0,run_20260920_093400,,loading,loading,47.732,24.141,99.995,0.0,0.0,0.0,0.0,35.013,0.4989,0.0
185.0,run_20260920_093400,,waiting,waiting,47.725,24.139,99.995,1.600000023841858,0.0,0.0,0.0,35.013,0.5006,0.0
186.0,run_20260920_093400,,driving,driving,47.717,24.14,99.995,1.600000023841858,0.08,0.044,0.0062,35.019,0.5023,0.0
187.0,run_20260920_093400,,driving,driving,47.704,24.151,99.995,1.600000023841858,0.348,0.194,0.1777,35.197,0.5052,0.0
188.0,run_20260920_093400,,driving,driving,47.693,24.15,99.995,1.600000023841858,0.019,0.01,0.0945,35.291,0.5075,0.0
189.0,run_20260920_093400,,driving,driving,47.684,24.162,99.995,1.600000023841858,0.356,0.198,0.0473,35.338,0.5095,0.0
190.0,run_20260920_093400,,driving,driving,47.663,24.195,99.995,1.600000023841858,0.89,0.496,0.4264,35.765,0.5141,0.0
191.0,run_20260920_093400,,driving,driving,47.64,24.228,99.995,1.600000023841858,0.887,0.494,0.5006,36.265,0.5192,0.0
192.0,run_20260920_093400,,driving,driving,47.617,24.261,99.995,1.600000023841858,0.897,0.5,0.5003,36.766,0.5243,0.0
193.0,run_20260920_093400,,driving,driving,47.594,24.295,99.995,1.600000023841858,0.897,0.5,0.5028,37.268,0.5294,0.0
194.0,run_20260920_093400,,driving,driving,47.571,24.328,99.995,1.600000023841858,0.897,0.5,0.4837,37.752,0.5344,0.0
195.0,run_20260920_093400,,driving,driving,47.548,24.36,99.995,1.600000023841858,0.858,0.478,0.4978,38.25,0.5395,0.0
196.0,run_20260920_093400,,driving,driving,47.525,24.392,99.995,1.600000023841858,0.876,0.488,0.4837,38.733,0.5445,0.0
197.0,run_20260920_093400,,driving,driving,47.502,24.425,99.995,1.600000023841858,0.897,0.5,0.501,39.235,0.5496,0.0
198.0,run_20260920_093400,,driving,driving,47.48,24.458,99.994,1.600000023841858,0.895,0.498,0.4766,39.711,0.5545,0.0
199.0,run_20260920_093400,,driving,driving,47.457,24.491,99.994,1.600000023841858,0.89,0.496,0.4968,40.208,0.5596,0.0
200.0,run_20260920_093400,,driving,driving,47.433,24.524,99.994,1.600000023841858,0.897,0.5,0.5034,40.711,0.5647,0.0
201.0,run_20260920_093400,,driving,driving,47.41,24.557,99.994,1.600000023841858,0.897,0.5,0.5035,41.215,0.5698,0.0
202.0,run_20260920_093400,,driving,driving,47.387,24.59,99.994,1.600000023841858,0.892,0.497,0.5033,41.718,0.5749,0.0
203.0,run_20260920_093400,,driving,driving,47.364,24.623,99.994,1.600000023841858,0.89,0.496,0.4839,42.202,0.5799,0.0
204.0,run_20260920_093400,,driving,driving,47.341,24.656,99.994,1.600000023841858,0.896,0.499,0.502,42.704,0.585,0.0
205.0,run_20260920_093400,,driving,driving,47.318,24.689,99.994,1.600000023841858,0.895,0.499,0.5036,43.208,0.5901,0.0
206.0,run_20260920_093400,,driving,driving,47.295,24.722,99.994,1.600000023841858,0.897,0.5,0.4943,43.702,0.5952,0.0
207.0,run_20260920_093400,,driving,driving,47.272,24.754,99.994,1.600000023841858,0.884,0.493,0.485,44.187,0.6002,0.0
208.0,run_20260920_093400,,driving,driving,47.251,24.774,99.994,1.600000023841858,0.577,0.322,0.4136,44.6,0.6047,0.0
209.0,run_20260920_093400,,driving,driving,47.237,24.777,99.994,1.600000023841858,0.148,0.082,0.2204,44.821,0.6079,0.0
210.0,run_20260920_093400,,driving,driving,47.228,24.781,99.994,1.600000023841858,0.182,0.102,0.0509,44.872,0.6099,0.0
211.0,run_20260920_093400,,unloading,unloading,47.219,24.778,99.994,1.600000023841858,0.0,0.0,0.0301,44.902,0.6117,0.0
212.0,run_20260920_093400,,unloading,unloading,47.212,24.775,99.994,1.600000023841858,0.0,0.0,0.0,44.902,0.6134,0.0
213.0,run_20260920_093400,,unloading,unloading,47.204,24.772,99.994,1.600000023841858,0.0,0.0,0.0,44.902,0.6151,0.0
214.0,run_20260920_093400,,unloading,unloading,47.197,24.769,99.994,1.600000023841858,0.0,0.0,0.0,44.902,0.6167,0.0
215.0,run_20260920_093400,,unloading,unloading,47.189,24.766,99.994,1.600000023841858,0.0,0.0,0.0,44.902,0.6184,0.0
216.0,run_20260920_093400,,unloading,unloading,47.181,24.763,99.994,1.600000023841858,0.0,0.0,0.0,44.902,0.6201,0.0
217.0,run_20260920_093400,,unloading,unloading,47.174,24.76,99.994,1.600000023841858,0.0,0.0,0.0,44.902,0.6217,0.0
218.0,run_20260920_093400,,unloading,unloading,47.166,24.757,99.994,1.600000023841858,0.0,0.0,0.0,44.902,0.6234,0.0
219.0,run_20260920_093400,,unloading,unloading,47.159,24.754,99.994,1.600000023841858,0.0,0.0,0.0,44.902,0.6251,0.0
220.0,run_20260920_093400,,unloading,unloading,47.151,24.751,99.994,1.600000023841858,0.0,0.0,0.0,44.902,0.6267,0.0
221.0,run_20260920_093400,,unloading,unloading,47.144,24.748,99.994,1.600000023841858,0.0,0.0,0.0,44.902,0.6284,0.0
222.0,run_20260920_093400,,unloading,unloading,47.136,24.745,99.994,1.600000023841858,0.0,0.0,0.0,44.902,0.6301,0.0
223.0,run_20260920_093400,,unloading,unloading,47.128,24.742,99.994,1.600000023841858,0.0,0.0,0.0,44.902,0.6317,0.0
224.0,run_20260920_093400,,unloading,unloading,47.121,24.739,99.994,1.600000023841858,0.0,0.0,0.0,44.902,0.6334,0.0
225.0,run_20260920_093400,,unloading,unloading,47.113,24.736,99.994,1.600000023841858,0.0,0.0,0.0,44.902,0.6351,0.0
226.0,run_20260920_093400,,unloading,unloading,47.106,24.733,99.994,1.600000023841858,0.0,0.0,0.0,44.902,0.6367,0.0
227.0,run_20260920_093400,,unloading,unloading,47.098,24.73,99.994,1.600000023841858,0.0,0.0,0.0,44.902,0.6384,0.0
228.0,run_20260920_093400,,unloading,unloading,47.091,24.727,99.994,1.600000023841858,0.0,0.0,0.0,44.902,0.6401,0.0
229.0,run_20260920_093400,,unloading,unloading,47.083,24.724,99.994,1.600000023841858,0.0,0.0,0.0,44.902,0.6417,0.0
230.0,run_20260920_093400,,unloading,unloading,47.075,24.721,99.994,1.600000023841858,0.0,0.0,0.0,44.902,0.6434,0.0
231.0,run_20260920_093400,,unloading,unloading,47.068,24.718,99.994,1.600000023841858,0.0,0.0,0.0,44.902,0.6451,0.0
232.0,run_20260920_093400,,unloading,unloading,47.06,24.715,99.994,1.600000023841858,0.0,0.0,0.0,44.902,0.6467,0.0
233.0,run_20260920_093400,,unloading,unloading,47.053,24.712,99.994,1.600000023841858,0.0,0.0,0.0,44.902,0.6484,0.0
234.0,run_20260920_093400,,unloading,unloading,47.045,24.709,99.993,1.600000023841858,0.0,0.0,0.0,44.902,0.6501,0.0
235.0,run_20260920_093400,,unloading,unloading,47.038,24.706,99.993,1.600000023841858,0.0,0.0,0.0,44.902,0.6517,0.0
236.0,run_20260920_093400,,unloading,unloading,47.03,24.703,99.993,1.600000023841858,0.0,0.0,0.0,44.902,0.6534,0.0
237.0,run_20260920_093400,,unloading,unloading,47.022,24.7,99.993,1.600000023841858,0.0,0.0,0.0,44.902,0.6551,0.0
238.0,run_20260920_093400,,unloading,unloading,47.015,24.697,99.993,1.600000023841858,0.0,0.0,0.0,44.902,0.6567,0.0
239.0,run_20260920_093400,,unloading,unloading,47.007,24.694,99.993,1.600000023841858,0.0,0.0,0.0,44.902,0.6584,0.0
240.0,run_20260920_093400,,unloading,unloading,47.0,24.691,99.993,1.600000023841858,0.0,0.0,0.0,44.902,0.6601,0.0
241.0,run_20260920_093400,,waiting,waiting,46.992,24.688,99.993,0.0,0.0,0.0,0.0,44.902,0.6617,0.0
242.0,run_20260920_093400,,driving,driving,46.984,24.686,99.993,0.0,0.034,0.019,0.0008,44.903,0.6634,0.0
243.0,run_20260920_093400,,driving,driving,46.975,24.698,99.993,0.0,0.401,0.223,0.0863,44.989,0.6655,0.0
244.0,run_20260920_093400,,driving,driving,46.958,24.727,99.993,0.0,0.853,0.475,0.4195,45.409,0.6693,0.0
245.0,run_20260920_093400,,driving,driving,46.939,24.757,99.993,0.0,0.895,0.499,0.4956,45.904,0.6734,0.0
246.0,run_20260920_093400,,driving,driving,46.92,24.787,99.993,0.0,0.897,0.5,0.5007,46.405,0.6776,0.0
247.0,run_20260920_093400,,driving,driving,46.901,24.817,99.993,0.0,0.897,0.5,0.5016,46.906,0.6818,0.0
248.0,run_20260920_093400,,driving,driving,46.882,24.847,99.993,0.0,0.895,0.499,0.4852,47.392,0.6859,0.0
249.0,run_20260920_093400,,driving,driving,46.863,24.877,99.993,0.0,0.897,0.5,0.5033,47.895,0.69,0.0
250.0,run_20260920_093400,,driving,driving,46.844,24.907,99.993,0.0,0.897,0.5,0.5026,48.397,0.6942,0.0
251.0,run_20260920_093400,,driving,driving,46.825,24.937,99.993,0.0,0.897,0.5,0.5034,48.901,0.6984,0.0
252.0,run_20260920_093400,,driving,driving,46.807,24.967,99.993,0.0,0.897,0.5,0.4852,49.386,0.7025,0.0
253.0,run_20260920_093400,,driving,driving,46.788,24.997,99.993,0.0,0.892,0.497,0.5021,49.888,0.7067,0.0
254.0,run_20260920_093400,,driving,driving,46.769,25.027,99.993,0.0,0.896,0.499,0.5015,50.39,0.7109,0.0
255.0,run_20260920_093400,,driving,driving,46.75,25.057,99.993,0.0,0.897,0.5,0.5028,50.892,0.715,0.0
256.0,run_20260920_093400,,driving,driving,46.731,25.086,99.993,0.0,0.897,0.5,0.5032,51.396,0.7192,0.0
257.0,run_20260920_093400,,driving,driving,46.712,25.116,99.993,0.0,0.889,0.495,0.4833,51.879,0.7233,0.0
258.0,run_20260920_093400,,driving,driving,46.693,25.145,99.993,0.0,0.894,0.498,0.5014,52.38,0.7275,0.0
259.0,run_20260920_093400,,driving,driving,46.674,25.175,99.993,0.0,0.89,0.496,0.4989,52.879,0.7316,0.0
260.0,run_20260920_093400,,driving,driving,46.655,25.205,99.993,0.0,0.896,0.499,0.5,53.379,0.7358,0.0
261.0,run_20260920_093400,,driving,driving,46.637,25.234,99.993,0.0,0.895,0.499,0.4835,53.863,0.7399,0.0
262.0,run_20260920_093400,,driving,driving,46.618,25.263,99.993,0.0,0.885,0.493,0.5013,54.364,0.7441,0.0
263.0,run_20260920_093400,,driving,driving,46.601,25.283,99.993,0.0,0.624,0.348,0.4276,54.792,0.7479,0.0
264.0,run_20260920_093400,,loading,loading,46.59,25.279,99.992,0.0,0.0,0.0,0.1293,54.921,0.7502,0.0
265.0,run_20260920_093400,,loading,loading,46.582,25.276,99.992,0.0,0.0,0.0,0.0,54.921,0.7519,0.0
266.0,run_20260920_093400,,loading,loading,46.575,25.272,99.992,0.0,0.0,0.0,0.0,54.921,0.7535,0.0
267.0,run_20260920_093400,,loading,loading,46.567,25.268,99.992,0.0,0.0,0.0,0.0,54.921,0.7552,0.0
268.0,run_20260920_093400,,loading,loading,46.56,25.265,99.992,0.0,0.0,0.0,0.0,54.921,0.7569,0.0
269.0,run_20260920_093400,,loading,loading,46.552,25.261,99.992,0.0,0.0,0.0,0.0,54.921,0.7585,0.0
270.0,run_20260920_093400,,loading,loading,46.545,25.258,99.992,0.0,0.0,0.0,0.0,54.921,0.7602,0.0
271.0,run_20260920_093400,,loading,loading,46.537,25.254,99.992,0.0,0.0,0.0,0.0,54.921,0.7619,0.0
272.0,run_20260920_093400,,loading,loading,46.529,25.251,99.992,0.0,0.0,0.0,0.0,54.921,0.7635,0.0
273.0,run_20260920_093400,,loading,loading,46.522,25.247,99.992,0.0,0.0,0.0,0.0,54.921,0.7652,0.0
274.0,run_20260920_093400,,loading,loading,46.514,25.243,99.992,0.0,0.0,0.0,0.0,54.921,0.7669,0.0
275.0,run_20260920_093400,,loading,loading,46.507,25.24,99.992,0.0,0.0,0.0,0.0,54.921,0.7685,0.0
276.0,run_20260920_093400,,loading,loading,46.499,25.236,99.992,0.0,0.0,0.0,0.0,54.921,0.7702,0.0
277.0,run_20260920_093400,,loading,loading,46.492,25.233,99.992,0.0,0.0,0.0,0.0,54.921,0.7719,0.0
278.0,run_20260920_093400,,loading,loading,46.484,25.229,99.992,0.0,0.0,0.0,0.0,54.921,0.7735,0.0
279.0,run_20260920_093400,,loading,loading,46.476,25.226,99.992,0.0,0.0,0.0,0.0,54.921,0.7752,0.0
280.0,run_20260920_093400,,loading,loading,46.469,25.222,99.992,0.0,0.0,0.0,0.0,54.921,0.7769,0.0
281.0,run_20260920_093400,,loading,loading,46.461,25.219,99.992,0.0,0.0,0.0,0.0,54.921,0.7785,0.0
282.0,run_20260920_093400,,loading,loading,46.454,25.215,99.992,0.0,0.0,0.0,0.0,54.921,0.7802,0.0
283.0,run_20260920_093400,,loading,loading,46.446,25.211,99.992,0.0,0.0,0.0,0.0,54.921,0.7819,0.0
284.0,run_20260920_093400,,loading,loading,46.439,25.208,99.992,0.0,0.0,0.0,0.0,54.921,0.7835,0.0
285.0,run_20260920_093400,,loading,loading,46.431,25.204,99.992,0.0,0.0,0.0,0.0,54.921,0.7852,0.0
286.0,run_20260920_093400,,loading,loading,46.423,25.201,99.992,0.0,0.0,0.0,0.0,54.921,0.7869,0.0
287.0,run_20260920_093400,,loading,loading,46.416,25.197,99.992,0.0,0.0,0.0,0.0,54.921,0.7885,0.0
288.0,run_20260920_093400,,loading,loading,46.408,25.194,99.992,0.0,0.0,0.0,0.0,54.921,0.7902,0.0
289.0,run_20260920_093400,,loading,loading,46.401,25.19,99.992,0.0,0.0,0.0,0.0,54.921,0.7919,0.0
290.0,run_20260920_093400,,loading,loading,46.393,25.187,99.992,0.0,0.0,0.0,0.0,54.921,0.7935,0.0
291.0,run_20260920_093400,,loading,loading,46.386,25.183,99.992,0.0,0.0,0.0,0.0,54.921,0.7952,0.0
292.0,run_20260920_093400,,loading,loading,46.378,25.18,99.992,0.0,0.0,0.0,0.0,54.921,0.7969,0.0
293.0,run_20260920_093400,,loading,loading,46.37,25.176,99.992,0.0,0.0,0.0,0.0,54.921,0.7985,0.0
294.0,run_20260920_093400,,waiting,waiting,46.363,25.173,99.992,2.4000000953674316,0.0,0.0,0.0,54.921,0.8002,0.0
295.0,run_20260920_093400,,waiting,waiting,46.355,25.169,99.992,2.4000000953674316,0.0,0.0,0.0,54.921,0.8019,0.0
296.0,run_20260920_093400,,driving,driving,46.343,25.18,99.992,2.4000000953674316,0.351,0.196,0.1278,55.049,0.8045,0.0
297.0,run_20260920_093400,,driving,driving,46.332,25.177,99.992,2.4000000953674316,0.002,0.001,0.0898,55.139,0.8069,0.0
298.0,run_20260920_093400,,driving,driving,46.323,25.187,99.992,2.4000000953674316,0.319,0.178,0.0423,55.181,0.8089,0.0
299.0,run_20260920_093400,,driving,driving,46.3,25.22,99.992,2.4000000953674316,0.897,0.5,0.433,55.614,0.8139,0.0
300.0,run_20260920_093400,,driving,driving,46.275,25.254,99.992,2.4000000953674316,0.897,0.5,0.5032,56.117,0.8195,0.0
301.0,run_20260920_093400,,driving,driving,46.25,25.288,99.992,2.4000000953674316,0.897,0.5,0.5034,56.621,0.8251,0.0
302.0,run_20260920_093400,,driving,driving,46.225,25.321,99.992,2.4000000953674316,0.89,0.496,0.4815,57.102,0.8305,0.0
303.0,run_20260920_093400,,driving,driving,46.2,25.354,99.992,2.4000000953674316,0.897,0.5,0.5016,57.604,0.8361,0.0
304.0,run_20260920_093400,,driving,driving,46.176,25.384,99.992,2.4000000953674316,0.793,0.442,0.4565,58.06,0.8413,0.0
305.0,run_20260920_093400,,driving,driving,46.151,25.416,99.992,2.4000000953674316,0.87,0.485,0.4792,58.539,0.8467,0.0
306.0,run_20260920_093400,,driving,driving,46.127,25.449,99.991,2.4000000953674316,0.893,0.498,0.4625,59.002,0.852,0.0
307.0,run_20260920_093400,,driving,driving,46.102,25.483,99.991,2.4000000953674316,0.897,0.5,0.5,59.502,0.8576,0.0
308.0,run_20260920_093400,,driving,driving,46.077,25.515,99.991,2.4000000953674316,0.875,0.488,0.4819,59.984,0.863,0.0
309.0,run_20260920_093400,,driving,driving,46.053,25.546,99.991,2.4000000953674316,0.853,0.475,0.4819,60.466,0.8684,0.0
310.0,run_20260920_093400,,driving,driving,46.028,25.58,99.991,2.4000000953674316,0.896,0.499,0.4937,60.959,0.8739,0.0
311.0,run_20260920_093400,,driving,driving,46.003,25.612,99.991,2.4000000953674316,0.881,0.491,0.4836,61.443,0.8794,0.0
312.0,run_20260920_093400,,driving,driving,45.978,25.645,99.991,2.4000000953674316,0.892,0.497,0.4957,61.939,0.8849,0.0
313.0,run_20260920_093400,,driving,driving,45.952,25.678,99.991,2.4000000953674316,0.891,0.497,0.4992,62.438,0.8905,0.0
314.0,run_20260920_093400,,driving,driving,45.927,25.711,99.991,2.4000000953674316,0.88,0.491,0.4908,62.929,0.896,0.0
315.0,run_20260920_093400,,driving,driving,45.903,25.742,99.991,2.4000000953674316,0.857,0.477,0.4721,63.401,0.9013,0.0
316.0,run_20260920_093400,,driving,driving,45.878,25.775,99.991,2.4000000953674316,0.897,0.5,0.4913,63.892,0.9068,0.0
317.0,run_20260920_093400,,driving,driving,45.853,25.806,99.991,2.4000000953674316,0.854,0.476,0.4994,64.392,0.9124,0.0
318.0,run_20260920_093400,,driving,driving,45.831,25.827,99.991,2.4000000953674316,0.594,0.331,0.411,64.803,0.9173,0.0
319.0,run_20260920_093400,,driving,driving,45.815,25.831,99.991,2.4000000953674316,0.192,0.107,0.2329,65.035,0.9207,0.0
320.0,run_20260920_093400,,driving,driving,45.806,25.829,99.991,2.4000000953674316,0.075,0.042,0.0401,65.076,0.9227,0.0
321.0,run_20260920_093400,,unloading,unloading,45.798,25.825,99.991,2.4000000953674316,0.0,0.0,0.0003,65.076,0.9244,0.0
322.0,run_20260920_093400,,unloading,unloading,45.791,25.821,99.991,2.4000000953674316,0.0,0.0,0.0,65.076,0.9261,0.0
323.0,run_20260920_093400,,unloading,unloading,45.783,25.817,99.991,2.4000000953674316,0.0,0.0,0.0,65.076,0.9277,0.0
324.0,run_20260920_093400,,unloading,unloading,45.775,25.813,99.991,2.4000000953674316,0.0,0.0,0.0,65.076,0.9294,0.0
325.0,run_20260920_093400,,unloading,unloading,45.768,25.808,99.991,2.4000000953674316,0.0,0.0,0.0,65.076,0.9311,0.0
326.0,run_20260920_093400,,unloading,unloading,45.76,25.804,99.991,2.4000000953674316,0.0,0.0,0.0,65.076,0.9327,0.0
327.0,run_20260920_093400,,unloading,unloading,45.753,25.8,99.991,2.4000000953674316,0.0,0.0,0.0,65.076,0.9344,0.0
328.0,run_20260920_093400,,unloading,unloading,45.745,25.796,99.991,2.4000000953674316,0.0,0.0,0.0,65.076,0.9361,0.0
329.0,run_20260920_093400,,unloading,unloading,45.738,25.792,99.991,2.4000000953674316,0.0,0.0,0.0,65.076,0.9377,0.0
330.0,run_20260920_093400,,unloading,unloading,45.73,25.787,99.991,2.4000000953674316,0.0,0.0,0.0,65.076,0.9394,0.0
331.0,run_20260920_093400,,unloading,unloading,45.722,25.783,99.991,2.4000000953674316,0.0,0.0,0.0,65.076,0.9411,0.0
332.0,run_20260920_093400,,unloading,unloading,45.715,25.779,99.991,2.4000000953674316,0.0,0.0,0.0,65.076,0.9427,0.0
333.0,run_20260920_093400,,unloading,unloading,45.707,25.775,99.991,2.4000000953674316,0.0,0.0,0.0,65.076,0.9444,0.0
334.0,run_20260920_093400,,unloading,unloading,45.7,25.771,99.991,2.4000000953674316,0.0,0.0,0.0,65.076,0.9461,0.0
335.0,run_20260920_093400,,unloading,unloading,45.692,25.767,99.991,2.4000000953674316,0.0,0.0,0.0,65.076,0.9477,0.0
336.0,run_20260920_093400,,unloading,unloading,45.685,25.763,99.991,2.4000000953674316,0.0,0.0,0.0,65.076,0.9494,0.0
337.0,run_20260920_093400,,unloading,unloading,45.677,25.758,99.99,2.4000000953674316,0.0,0.0,0.0,65.076,0.9511,0.0
338.0,run_20260920_093400,,unloading,unloading,45.669,25.754,99.99,2.4000000953674316,0.0,0.0,0.0,65.076,0.9527,0.0
339.0,run_20260920_093400,,unloading,unloading,45.662,25.75,99.99,2.4000000953674316,0.0,0.0,0.0,65.076,0.9544,0.0
340.0,run_20260920_093400,,unloading,unloading,45.654,25.746,99.99,2.4000000953674316,0.0,0.0,0.0,65.076,0.9561,0.0
341.0,run_20260920_093400,,unloading,unloading,45.647,25.742,99.99,2.4000000953674316,0.0,0.0,0.0,65.076,0.9577,0.0
342.0,run_20260920_093400,,unloading,unloading,45.639,25.738,99.99,2.4000000953674316,0.0,0.0,0.0,65.076,0.9594,0.0
343.0,run_20260920_093400,,unloading,unloading,45.632,25.734,99.99,2.4000000953674316,0.0,0.0,0.0,65.076,0.9611,0.0
344.0,run_20260920_093400,,unloading,unloading,45.624,25.73,99.99,2.4000000953674316,0.0,0.0,0.0,65.076,0.9627,0.0
345.0,run_20260920_093400,,unloading,unloading,45.616,25.725,99.99,2.4000000953674316,0.0,0.0,0.0,65.076,0.9644,0.0
346.0,run_20260920_093400,,unloading,unloading,45.609,25.721,99.99,2.4000000953674316,0.0,0.0,0.0,65.076,0.9661,0.0
347.0,run_20260920_093400,,unloading,unloading,45.601,25.717,99.99,2.4000000953674316,0.0,0.0,0.0,65.076,0.9677,0.0
348.0,run_20260920_093400,,unloading,unloading,45.594,25.713,99.99,2.4000000953674316,0.0,0.0,0.0,65.076,0.9694,0.0
349.0,run_20260920_093400,,unloading,unloading,45.586,25.709,99.99,2.4000000953674316,0.0,0.0,0.0,65.076,0.9711,0.0
350.0,run_20260920_093400,,unloading,unloading,45.579,25.705,99.99,2.4000000953674316,0.0,0.0,0.0,65.076,0.9727,0.0
351.0,run_20260920_093400,,waiting,waiting,45.571,25.701,99.99,0.0,0.0,0.0,0.0,65.076,0.9744,0.0
352.0,run_20260920_093400,,driving,driving,45.563,25.699,99.99,0.0,0.046,0.026,0.0031,65.079,0.9761,0.0
353.0,run_20260920_093400,,driving,driving,45.553,25.71,99.99,0.0,0.432,0.24,0.1171,65.196,0.9783,0.0
354.0,run_20260920_093400,,driving,driving,45.536,25.739,99.99,0.0,0.88,0.49,0.421,65.617,0.9821,0.0
355.0,run_20260920_093400,,driving,driving,45.517,25.768,99.99,0.0,0.897,0.5,0.5009,66.118,0.9863,0.0
356.0,run_20260920_093400,,driving,driving,45.498,25.797,99.99,0.0,0.889,0.495,0.4852,66.603,0.9904,0.0
357.0,run_20260920_093400,,driving,driving,45.479,25.826,99.99,0.0,0.897,0.5,0.4978,67.101,0.9945,0.0
358.0,run_20260920_093400,,driving,driving,45.46,25.855,99.99,0.0,0.897,0.5,0.4995,67.6,0.9987,0.0
359.0,run_20260920_093400,,driving,driving,45.441,25.884,99.99,0.0,0.897,0.5,0.4964,68.097,1.0029,0.0
360.0,run_20260920_093400,,driving,driving,45.423,25.913,99.99,0.0,0.894,0.498,0.4842,68.581,1.007,0.0
361.0,run_20260920_093400,,driving,driving,45.404,25.941,99.99,0.0,0.897,0.499,0.5027,69.084,1.0112,0.0
362.0,run_20260920_093400,,driving,driving,45.385,25.97,99.99,0.0,0.897,0.5,0.5036,69.587,1.0154,0.0
363.0,run_20260920_093400,,driving,driving,45.366,25.998,99.99,0.0,0.871,0.485,0.4979,70.085,1.0195,0.0
364.0,run_20260920_093400,,driving,driving,45.347,26.025,99.99,0.0,0.832,0.464,0.4822,70.567,1.0236,0.0
365.0,run_20260920_093400,,driving,driving,45.329,26.053,99.99,0.0,0.887,0.494,0.4784,71.046,1.0277,0.0
366.0,run_20260920_093400,,driving,driving,45.31,26.081,99.99,0.0,0.878,0.489,0.4928,71.538,1.0318,0.0
367.0,run_20260920_093400,,driving,driving,45.291,26.11,99.99,0.0,0.894,0.498,0.4988,72.037,1.036,0.0
368.0,run_20260920_093400,,driving,driving,45.272,26.138,99.99,0.0,0.897,0.5,0.4966,72.534,1.0402,0.0
369.0,run_20260920_093400,,driving,driving,45.254,26.167,99.99,0.0,0.897,0.5,0.4781,73.012,1.0442,0.0
370.0,run_20260920_093400,,driving,driving,45.235,26.195,99.99,0.0,0.89,0.496,0.5017,73.514,1.0484,0.0
371.0,run_20260920_093400,,driving,driving,45.215,26.224,99.989,0.0,0.897,0.5,0.5017,74.015,1.0526,0.0
372.0,run_20260920_093400,,driving,driving,45.197,26.248,99.989,0.0,0.79,0.44,0.4878,74.503,1.0567,0.0
373.0,run_20260920_093400,,driving,driving,45.181,26.262,99.989,0.0,0.484,0.27,0.3466,74.85,1.0601,0.0
374.0,run_20260920_093400,,loading,loading,45.174,26.257,99.989,0.0,0.0,0.0,0.008,74.858,1.0618,0.0
375.0,run_20260920_093400,,loading,loading,45.166,26.252,99.989,0.0,0.0,0.0,0.0,74.858,1.0635,0.0
376.0,run_20260920_093400,,loading,loading,45.158,26.248,99.989,0.0,0.0,0.0,0.0,74.858,1.0652,0.0
377.0,run_20260920_093400,,loading,loading,45.151,26.243,99.989,0.0,0.0,0.0,0.0,74.858,1.0668,0.0
378.0,run_20260920_093400,,loading,loading,45.143,26.238,99.989,0.0,0.0,0.0,0.0,74.858,1.0685,0.0
379.0,run_20260920_093400,,loading,loading,45.136,26.234,99.989,0.0,0.0,0.0,0.0,74.858,1.0702,0.0
380.0,run_20260920_093400,,loading,loading,45.128,26.229,99.989,0.0,0.0,0.0,0.0,74.858,1.0718,0.0
381.0,run_20260920_093400,,loading,loading,45.12,26.224,99.989,0.0,0.0,0.0,0.0,74.858,1.0735,0.0
382.0,run_20260920_093400,,loading,loading,45.113,26.22,99.989,0.0,0.0,0.0,0.0,74.858,1.0752,0.0
383.0,run_20260920_093400,,loading,loading,45.105,26.215,99.989,0.0,0.0,0.0,0.0,74.858,1.0768,0.0
384.0,run_20260920_093400,,loading,loading,45.098,26.21,99.989,0.0,0.0,0.0,0.0,74.858,1.0785,0.0
385.0,run_20260920_093400,,loading,loading,45.09,26.206,99.989,0.0,0.0,0.0,0.0,74.858,1.0802,0.0
386.0,run_20260920_093400,,loading,loading,45.083,26.201,99.989,0.0,0.0,0.0,0.0,74.858,1.0818,0.0
387.0,run_20260920_093400,,loading,loading,45.075,26.197,99.989,0.0,0.0,0.0,0.0,74.858,1.0835,0.0
388.0,run_20260920_093400,,loading,loading,45.067,26.192,99.989,0.0,0.0,0.0,0.0,74.858,1.0852,0.0
389.0,run_20260920_093400,,loading,loading,45.06,26.187,99.989,0.0,0.0,0.0,0.0,74.858,1.0868,0.0
390.004,run_20260920_093400,,loading,loading,45.052,26.183,99.989,0.0,0.0,0.0,0.0,74.858,1.0885,0.0
391.0,run_20260920_093400,,loading,loading,45.045,26.178,99.989,0.0,0.0,0.0,0.0,74.858,1.0902,0.0
392.0,run_20260920_093400,,loading,loading,45.037,26.174,99.989,0.0,0.0,0.0,0.0,74.858,1.0918,0.0
393.0,run_20260920_093400,,loading,loading,45.03,26.169,99.989,0.0,0.0,0.0,0.0,74.858,1.0935,0.0
394.0,run_20260920_093400,,loading,loading,45.022,26.164,99.989,0.0,0.0,0.0,0.0,74.858,1.0952,0.0
395.0,run_20260920_093400,,loading,loading,45.014,26.16,99.989,0.0,0.0,0.0,0.0,74.858,1.0968,0.0
396.0,run_20260920_093400,,loading,loading,45.007,26.155,99.989,0.0,0.0,0.0,0.0,74.858,1.0985,0.0
397.0,run_20260920_093400,,loading,loading,44.999,26.151,99.989,0.0,0.0,0.0,0.0,74.858,1.1002,0.0
398.0,run_20260920_093400,,loading,loading,44.992,26.146,99.989,0.0,0.0,0.0,0.0,74.858,1.1018,0.0
399.0,run_20260920_093400,,loading,loading,44.984,26.141,99.989,0.0,0.0,0.0,0.0,74.858,1.1035,0.0
400.0,run_20260920_093400,,loading,loading,44.977,26.137,99.989,0.0,0.0,0.0,0.0,74.858,1.1052,0.0
401.0,run_20260920_093400,,loading,loading,44.969,26.132,99.989,0.0,0.0,0.0,0.0,74.858,1.1068,0.0
402.0,run_20260920_093400,,loading,loading,44.961,26.128,99.989,0.0,0.0,0.0,0.0,74.858,1.1085,0.0
403.0,run_20260920_093400,,loading,loading,44.954,26.123,99.989,0.0,0.0,0.0,0.0,74.858,1.1102,0.0
404.0,run_20260920_093400,,waiting,waiting,44.946,26.119,99.989,2.4000000953674316,0.0,0.0,0.0,74.858,1.1118,0.0
405.0,run_20260920_093400,,driving,driving,44.938,26.121,99.989,2.4000000953674316,0.157,0.088,0.0094,74.867,1.1136,0.0
406.0,run_20260920_093400,,driving,driving,44.925,26.129,99.989,2.4000000953674316,0.313,0.174,0.1541,75.021,1.1164,0.0
407.0,run_20260920_093400,,driving,driving,44.915,26.125,99.989,2.4000000953674316,0.006,0.003,0.0766,75.098,1.1187,0.0
408.0,run_20260920_093400,,driving,driving,44.905,26.139,99.989,2.4000000953674316,0.45,0.251,0.0773,75.175,1.121,0.0
409.0,run_20260920_093400,,driving,driving,44.881,26.172,99.989,2.4000000953674316,0.895,0.499,0.4522,75.627,1.1262,0.0
410.0,run_20260920_093400,,driving,driving,44.856,26.204,99.989,2.4000000953674316,0.891,0.497,0.4777,76.105,1.1316,0.0
411.0,run_20260920_093400,,driving,driving,44.831,26.236,99.989,2.4000000953674316,0.897,0.5,0.5022,76.607,1.1372,0.0
412.0,run_20260920_093400,,driving,driving,44.806,26.269,99.989,2.4000000953674316,0.895,0.499,0.5011,77.108,1.1428,0.0
413.0,run_20260920_093400,,driving,driving,44.78,26.301,99.989,2.4000000953674316,0.897,0.5,0.4989,77.607,1.1483,0.0
414.0,run_20260920_093400,,driving,driving,44.756,26.333,99.988,2.4000000953674316,0.884,0.492,0.474,78.081,1.1537,0.0
415.0,run_20260920_093400,,driving,driving,44.731,26.364,99.988,2.4000000953674316,0.866,0.483,0.4972,78.578,1.1593,0.0
416.0,run_20260920_093400,,driving,driving,44.707,26.392,99.988,2.4000000953674316,0.792,0.441,0.4524,79.031,1.1645,0.0
417.0,run_20260920_093400,,driving,driving,44.682,26.423,99.988,2.4000000953674316,0.86,0.479,0.4894,79.52,1.17,0.0
418.0,run_20260920_093400,,driving,driving,44.657,26.455,99.988,2.4000000953674316,0.896,0.499,0.4915,80.012,1.1755,0.0
419.0,run_20260920_093400,,driving,driving,44.632,26.488,99.988,2.4000000953674316,0.897,0.5,0.485,80.497,1.1809,0.0
420.0,run_20260920_093400,,driving,driving,44.607,26.52,99.988,2.4000000953674316,0.897,0.5,0.5021,80.999,1.1865,0.0
421.0,run_20260920_093400,,driving,driving,44.581,26.552,99.988,2.4000000953674316,0.897,0.5,0.5024,81.501,1.1921,0.0
422.0,run_20260920_093400,,driving,driving,44.556,26.584,99.988,2.4000000953674316,0.897,0.5,0.5026,82.004,1.1978,0.0
423.0,run_20260920_093400,,driving,driving,44.531,26.616,99.988,2.4000000953674316,0.893,0.498,0.4797,82.483,1.2032,0.0
424.0,run_20260920_093400,,driving,driving,44.506,26.648,99.988,2.4000000953674316,0.887,0.494,0.4947,82.978,1.2087,0.0
425.0,run_20260920_093400,,driving,driving,44.481,26.68,99.988,2.4000000953674316,0.896,0.499,0.4904,83.469,1.2142,0.0
426.0,run_20260920_093400,,driving,driving,44.455,26.712,99.988,2.4000000953674316,0.893,0.498,0.5037,83.972,1.2198,0.0
427.0,run_20260920_093400,,driving,driving,44.432,26.735,99.988,2.4000000953674316,0.681,0.38,0.4457,84.418,1.225,0.0
428.0,run_20260920_093400,,driving,driving,44.415,26.741,99.988,2.4000000953674316,0.279,0.155,0.2587,84.677,1.2287,0.0
429.0,run_20260920_093400,,driving,driving,44.405,26.741,99.988,2.4000000953674316,0.11,0.061,0.055,84.732,1.2308,0.0
430.0,run_20260920_093400,,unloading,unloading,44.397,26.735,99.988,2.4000000953674316,0.0,0.0,0.0357,84.767,1.2327,0.0
431.0,run_20260920_093400,,unloading,unloading,44.389,26.73,99.988,2.4000000953674316,0.0,0.0,0.0,84.767,1.2344,0.0
432.0,run_20260920_093400,,unloading,unloading,44.381,26.725,99.988,2.4000000953674316,0.0,0.0,0.0,84.767,1.2361,0.0
433.0,run_20260920_093400,,unloading,unloading,44.374,26.72,99.988,2.4000000953674316,0.0,0.0,0.0,84.767,1.2377,0.0
434.0,run_20260920_093400,,unloading,unloading,44.366,26.715,99.988,2.4000000953674316,0.0,0.0,0.0,84.767,1.2394,0.0
435.0,run_20260920_093400,,unloading,unloading,44.359,26.709,99.988,2.4000000953674316,0.0,0.0,0.0,84.767,1.2411,0.0
436.0,run_20260920_093400,,unloading,unloading,44.351,26.704,99.988,2.4000000953674316,0.0,0.0,0.0,84.767,1.2427,0.0
437.0,run_20260920_093400,,unloading,unloading,44.344,26.699,99.988,2.4000000953674316,0.0,0.0,0.0,84.767,1.2444,0.0
438.0,run_20260920_093400,,unloading,unloading,44.336,26.694,99.988,2.4000000953674316,0.0,0.0,0.0,84.767,1.2461,0.0
439.0,run_20260920_093400,,unloading,unloading,44.328,26.689,99.988,2.4000000953674316,0.0,0.0,0.0,84.767,1.2477,0.0
440.0,run_20260920_093400,,unloading,unloading,44.321,26.684,99.988,2.4000000953674316,0.0,0.0,0.0,84.767,1.2494,0.0
441.0,run_20260920_093400,,unloading,unloading,44.313,26.678,99.987,2.4000000953674316,0.0,0.0,0.0,84.767,1.2511,0.0
442.0,run_20260920_093400,,unloading,unloading,44.306,26.673,99.987,2.4000000953674316,0.0,0.0,0.0,84.767,1.2527,0.0
443.0,run_20260920_093400,,unloading,unloading,44.298,26.668,99.987,2.4000000953674316,0.0,0.0,0.0,84.767,1.2544,0.0
444.0,run_20260920_093400,,unloading,unloading,44.291,26.663,99.987,2.4000000953674316,0.0,0.0,0.0,84.767,1.2561,0.0
445.0,run_20260920_093400,,unloading,unloading,44.283,26.658,99.987,2.4000000953674316,0.0,0.0,0.0,84.767,1.2577,0.0
446.0,run_20260920_093400,,unloading,unloading,44.275,26.653,99.987,2.4000000953674316,0.0,0.0,0.0,84.767,1.2594,0.0
447.0,run_20260920_093400,,unloading,unloading,44.268,26.648,99.987,2.4000000953674316,0.0,0.0,0.0,84.767,1.2611,0.0
448.0,run_20260920_093400,,unloading,unloading,44.26,26.643,99.987,2.4000000953674316,0.0,0.0,0.0,84.767,1.2627,0.0
449.0,run_20260920_093400,,unloading,unloading,44.253,26.637,99.987,2.4000000953674316,0.0,0.0,0.0,84.767,1.2644,0.0
450.0,run_20260920_093400,,unloading,unloading,44.245,26.632,99.987,2.4000000953674316,0.0,0.0,0.0,84.767,1.2661,0.0
451.0,run_20260920_093400,,unloading,unloading,44.238,26.627,99.987,2.4000000953674316,0.0,0.0,0.0,84.767,1.2677,0.0
452.0,run_20260920_093400,,unloading,unloading,44.23,26.622,99.987,2.4000000953674316,0.0,0.0,0.0,84.767,1.2694,0.0
453.0,run_20260920_093400,,unloading,unloading,44.222,26.617,99.987,2.4000000953674316,0.0,0.0,0.0,84.767,1.2711,0.0
454.0,run_20260920_093400,,unloading,unloading,44.215,26.612,99.987,2.4000000953674316,0.0,0.0,0.0,84.767,1.2727,0.0
455.0,run_20260920_093400,,unloading,unloading,44.207,26.607,99.987,2.4000000953674316,0.0,0.0,0.0,84.767,1.2744,0.0
456.0,run_20260920_093400,,unloading,unloading,44.2,26.602,99.987,2.4000000953674316,0.0,0.0,0.0,84.767,1.2761,0.0
457.0,run_20260920_093400,,unloading,unloading,44.192,26.597,99.987,2.4000000953674316,0.0,0.0,0.0,84.767,1.2777,0.0
458.0,run_20260920_093400,,unloading,unloading,44.185,26.592,99.987,2.4000000953674316,0.0,0.0,0.0,84.767,1.2794,0.0
459.0,run_20260920_093400,,unloading,unloading,44.177,26.587,99.987,2.4000000953674316,0.0,0.0,0.0,84.767,1.2811,0.0
460.0,run_20260920_093400,,waiting,waiting,44.169,26.582,99.987,0.0,0.0,0.0,0.0,84.767,1.2827,0.0
461.0,run_20260920_093400,,waiting,waiting,44.162,26.577,99.987,0.0,0.0,0.0,0.0,84.767,1.2844,0.0
462.0,run_20260920_093400,,driving,driving,44.153,26.577,99.987,0.0,0.158,0.088,0.0692,84.837,1.2864,0.0
463.0,run_20260920_093400,,driving,driving,44.14,26.6,99.987,0.0,0.753,0.419,0.2396,85.076,1.2893,0.0
464.0,run_20260920_093400,,driving,driving,44.121,26.628,99.987,0.0,0.875,0.487,0.4748,85.551,1.2934,0.0
465.0,run_20260920_093400,,driving,driving,44.102,26.655,99.987,0.0,0.887,0.494,0.4979,86.049,1.2975,0.0
466.0,run_20260920_093400,,driving,driving,44.083,26.683,99.987,0.0,0.897,0.5,0.5024,86.551,1.3017,0.0
467.0,run_20260920_093400,,driving,driving,44.064,26.711,99.987,0.0,0.897,0.5,0.5023,87.054,1.3059,0.0
468.0,run_20260920_093400,,driving,driving,44.045,26.739,99.987,0.0,0.897,0.5,0.5034,87.557,1.3101,0.0
469.0,run_20260920_093400,,driving,driving,44.026,26.767,99.987,0.0,0.897,0.5,0.4858,88.043,1.3142,0.0
470.0,run_20260920_093400,,driving,driving,44.007,26.795,99.987,0.0,0.897,0.5,0.5039,88.547,1.3184,0.0
471.0,run_20260920_093400,,driving,driving,43.988,26.823,99.987,0.0,0.897,0.5,0.5037,89.05,1.3226,0.0
472.0,run_20260920_093400,,driving,driving,43.969,26.851,99.987,0.0,0.897,0.5,0.5032,89.554,1.3268,0.0
473.0,run_20260920_093400,,driving,driving,43.95,26.879,99.987,0.0,0.893,0.498,0.4852,90.039,1.3309,0.0
474.0,run_20260920_093400,,driving,driving,43.931,26.907,99.987,0.0,0.897,0.5,0.5037,90.543,1.3352,0.0
475.0,run_20260920_093400,,driving,driving,43.912,26.935,99.987,0.0,0.897,0.5,0.5038,91.046,1.3394,0.0
476.0,run_20260920_093400,,driving,driving,43.893,26.962,99.987,0.0,0.897,0.5,0.5035,91.55,1.3436,0.0
477.0,run_20260920_093400,,driving,driving,43.874,26.99,99.987,0.0,0.893,0.497,0.4851,92.035,1.3477,0.0
478.0,run_20260920_093400,,driving,driving,43.855,27.017,99.986,0.0,0.89,0.496,0.4994,92.534,1.3519,0.0
479.0,run_20260920_093400,,driving,driving,43.836,27.045,99.986,0.0,0.885,0.493,0.4998,93.034,1.356,0.0
480.0,run_20260920_093400,,driving,driving,43.817,27.072,99.986,0.0,0.893,0.498,0.4975,93.532,1.3602,0.0
481.0,run_20260920_093400,,driving,driving,43.798,27.1,99.986,0.0,0.894,0.498,0.5023,94.034,1.3644,0.0
482.0,run_20260920_093400,,driving,driving,43.78,27.122,99.986,0.0,0.769,0.428,0.461,94.495,1.3684,0.0
483.0,run_20260920_093400,,driving,driving,43.765,27.117,99.986,0.0,0.0,0.0,0.3059,94.801,1.3716,0.0
484.0,run_20260920_093400,,loading,loading,43.758,27.111,99.986,0.0,0.0,0.0,0.0,94.801,1.3733,0.0
485.0,run_20260920_093400,,loading,loading,43.75,27.105,99.986,0.0,0.0,0.0,0.0,94.801,1.3749,0.0
486.0,run_20260920_093400,,loading,loading,43.743,27.1,99.986,0.0,0.0,0.0,0.0,94.801,1.3766,0.0
487.0,run_20260920_093400,,loading,loading,43.735,27.094,99.986,0.0,0.0,0.0,0.0,94.801,1.3783,0.0
488.0,run_20260920_093400,,loading,loading,43.728,27.089,99.986,0.0,0.0,0.0,0.0,94.801,1.3799,0.0
489.0,run_20260920_093400,,loading,loading,43.72,27.083,99.986,0.0,0.0,0.0,0.0,94.801,1.3816,0.0
490.0,run_20260920_093400,,loading,loading,43.712,27.077,99.986,0.0,0.0,0.0,0.0,94.801,1.3833,0.0
491.0,run_20260920_093400,,loading,loading,43.705,27.072,99.986,0.0,0.0,0.0,0.0,94.801,1.3849,0.0
492.0,run_20260920_093400,,loading,loading,43.697,27.066,99.986,0.0,0.0,0.0,0.0,94.801,1.3866,0.0
493.0,run_20260920_093400,,loading,loading,43.69,27.061,99.986,0.0,0.0,0.0,0.0,94.801,1.3883,0.0
494.0,run_20260920_093400,,loading,loading,43.682,27.055,99.986,0.0,0.0,0.0,0.0,94.801,1.3899,0.0
495.0,run_20260920_093400,,loading,loading,43.674,27.05,99.986,0.0,0.0,0.0,0.0,94.801,1.3916,0.0
496.0,run_20260920_093400,,loading,loading,43.667,27.044,99.986,0.0,0.0,0.0,0.0,94.801,1.3933,0.0
497.004,run_20260920_093400,,loading,loading,43.659,27.038,99.986,0.0,0.0,0.0,0.0,94.801,1.395,0.0
498.0,run_20260920_093400,,loading,loading,43.652,27.033,99.986,0.0,0.0,0.0,0.0,94.801,1.3966,0.0
499.0,run_20260920_093400,,loading,loading,43.644,27.027,99.986,0.0,0.0,0.0,0.0,94.801,1.3983,0.0
500.0,run_20260920_093400,,loading,loading,43.637,27.022,99.986,0.0,0.0,0.0,0.0,94.801,1.3999,0.0
501.0,run_20260920_093400,,loading,loading,43.629,27.016,99.986,0.0,0.0,0.0,0.0,94.801,1.4016,0.0
502.0,run_20260920_093400,,loading,loading,43.621,27.011,99.986,0.0,0.0,0.0,0.0,94.801,1.4033,0.0
503.0,run_20260920_093400,,loading,loading,43.614,27.005,99.986,0.0,0.0,0.0,0.0,94.801,1.4049,0.0
504.0,run_20260920_093400,,loading,loading,43.606,27.0,99.986,0.0,0.0,0.0,0.0,94.801,1.4066,0.0
505.0,run_20260920_093400,,loading,loading,43.599,26.994,99.986,0.0,0.0,0.0,0.0,94.801,1.4083,0.0
506.0,run_20260920_093400,,loading,loading,43.591,26.989,99.986,0.0,0.0,0.0,0.0,94.801,1.4099,0.0
507.0,run_20260920_093400,,loading,loading,43.584,26.983,99.986,0.0,0.0,0.0,0.0,94.801,1.4116,0.0
508.0,run_20260920_093400,,loading,loading,43.576,26.978,99.986,0.0,0.0,0.0,0.0,94.801,1.4133,0.0
509.0,run_20260920_093400,,loading,loading,43.568,26.972,99.986,0.0,0.0,0.0,0.0,94.801,1.4149,0.0
510.0,run_20260920_093400,,loading,loading,43.561,26.967,99.986,0.0,0.0,0.0,0.0,94.801,1.4166,0.0
511.0,run_20260920_093400,,loading,loading,43.553,26.961,99.986,0.0,0.0,0.0,0.0,94.801,1.4183,0.0
512.0,run_20260920_093400,,loading,loading,43.546,26.956,99.986,0.0,0.0,0.0,0.0,94.801,1.4199,0.0
513.0,run_20260920_093400,,loading,loading,43.538,26.951,99.986,0.0,0.0,0.0,0.0,94.801,1.4216,0.0
514.0,run_20260920_093400,,waiting,waiting,43.531,26.945,99.986,2.4000000953674316,0.0,0.0,0.0,94.801,1.4233,0.0
515.0,run_20260920_093400,,driving,driving,43.521,26.951,99.986,2.4000000953674316,0.28,0.156,0.047,94.848,1.4253,0.0
516.0,run_20260920_093400,,driving,driving,43.507,26.953,99.986,2.4000000953674316,0.174,0.097,0.1843,95.032,1.4284,0.0
517.0,run_20260920_093400,,driving,driving,43.498,26.95,99.986,2.4000000953674316,0.062,0.035,0.0337,95.066,1.4304,0.0
518.0,run_20260920_093400,,driving,driving,43.483,26.98,99.986,2.4000000953674316,0.845,0.471,0.2322,95.298,1.4338,0.0
519.0,run_20260920_093400,,driving,driving,43.457,27.011,99.986,2.4000000953674316,0.897,0.5,0.5032,95.801,1.4395,0.0
520.0,run_20260920_093400,,driving,driving,43.431,27.043,99.986,2.4000000953674316,0.897,0.5,0.504,96.305,1.4451,0.0
521.0,run_20260920_093400,,driving,driving,43.406,27.075,99.985,2.4000000953674316,0.896,0.499,0.503,96.808,1.4507,0.0
522.0,run_20260920_093400,,driving,driving,43.381,27.106,99.985,2.4000000953674316,0.889,0.495,0.4838,97.292,1.4562,0.0
523.0,run_20260920_093400,,driving,driving,43.356,27.137,99.985,2.4000000953674316,0.885,0.493,0.4943,97.786,1.4617,0.0
524.0,run_20260920_093400,,driving,driving,43.332,27.167,99.985,2.4000000953674316,0.86,0.479,0.4703,98.257,1.4671,0.0
525.0,run_20260920_093400,,driving,driving,43.306,27.198,99.985,2.4000000953674316,0.876,0.488,0.4998,98.757,1.4727,0.0
526.0,run_20260920_093400,,driving,driving,43.281,27.228,99.985,2.4000000953674316,0.883,0.492,0.4892,99.246,1.4782,0.0
527.0,run_20260920_093400,,driving,driving,43.256,27.26,99.985,2.4000000953674316,0.894,0.498,0.4844,99.73,1.4836,0.0
528.0,run_20260920_093400,,driving,driving,43.232,27.287,99.985,2.4000000953674316,0.8,0.446,0.4624,100.193,1.4889,0.0
529.0,run_20260920_093400,,driving,driving,43.208,27.317,99.985,2.4000000953674316,0.867,0.483,0.4694,100.662,1.4943,0.0
530.0,run_20260920_093400,,driving,driving,43.183,27.348,99.985,2.4000000953674316,0.893,0.497,0.4803,101.142,1.4997,0.0
531.004,run_20260920_093400,,driving,driving,43.158,27.38,99.985,2.4000000953674316,0.897,0.5,0.5007,101.643,1.5053,0.0
532.004,run_20260920_093400,,driving,driving,43.133,27.409,99.985,2.4000000953674316,0.849,0.473,0.464,102.107,1.5107,0.0
533.0,run_20260920_093400,,driving,driving,43.108,27.44,99.985,2.4000000953674316,0.885,0.493,0.4912,102.598,1.5162,0.0
534.0,run_20260920_093400,,driving,driving,43.083,27.47,99.985,2.4000000953674316,0.884,0.492,0.4988,103.097,1.5218,0.0
535.0,run_20260920_093400,,driving,driving,43.058,27.501,99.985,2.4000000953674316,0.894,0.498,0.4971,103.594,1.5273,0.0
536.0,run_20260920_093400,,driving,driving,43.033,27.532,99.985,2.4000000953674316,0.897,0.5,0.4853,104.079,1.5328,0.0
537.0,run_20260920_093400,,driving,driving,43.009,27.555,99.985,2.4000000953674316,0.692,0.386,0.4582,104.537,1.5381,0.0
538.0,run_20260920_093400,,driving,driving,42.99,27.565,99.985,2.4000000953674316,0.378,0.211,0.3168,104.854,1.5422,0.0
539.0,run_20260920_093400,,driving,driving,42.98,27.561,99.985,2.4000000953674316,0.067,0.037,0.0721,104.926,1.5445,0.0
540.0,run_20260920_093400,,unloading,unloading,42.971,27.555,99.985,2.4000000953674316,0.0,0.0,0.0206,104.947,1.5463,0.0
541.0,run_20260920_093400,,unloading,unloading,42.964,27.549,99.985,2.4000000953674316,0.0,0.0,0.0,104.947,1.548,0.0
542.0,run_20260920_093400,,unloading,unloading,42.956,27.543,99.985,2.4000000953674316,0.0,0.0,0.0,104.947,1.5496,0.0
543.0,run_20260920_093400,,unloading,unloading,42.949,27.537,99.984,2.4000000953674316,0.0,0.0,0.0,104.947,1.5513,0.0
544.0,run_20260920_093400,,unloading,unloading,42.941,27.531,99.984,2.4000000953674316,0.0,0.0,0.0,104.947,1.553,0.0
545.0,run_20260920_093400,,unloading,unloading,42.933,27.525,99.984,2.4000000953674316,0.0,0.0,0.0,104.947,1.5546,0.0
546.0,run_20260920_093400,,unloading,unloading,42.926,27.519,99.984,2.4000000953674316,0.0,0.0,0.0,104.947,1.5563,0.0
547.0,run_20260920_093400,,unloading,unloading,42.918,27.512,99.984,2.4000000953674316,0.0,0.0,0.0,104.947,1.558,0.0
548.0,run_20260920_093400,,unloading,unloading,42.911,27.506,99.984,2.4000000953674316,0.0,0.0,0.0,104.947,1.5596,0.0
549.0,run_20260920_093400,,unloading,unloading,42.903,27.5,99.984,2.4000000953674316,0.0,0.0,0.0,104.947,1.5613,0.0
550.0,run_20260920_093400,,unloading,unloading,42.896,27.494,99.984,2.4000000953674316,0.0,0.0,0.0,104.947,1.563,0.0
551.0,run_20260920_093400,,unloading,unloading,42.888,27.488,99.984,2.4000000953674316,0.0,0.0,0.0,104.947,1.5646,0.0
552.0,run_20260920_093400,,unloading,unloading,42.88,27.482,99.984,2.4000000953674316,0.0,0.0,0.0,104.947,1.5663,0.0
553.0,run_20260920_093400,,unloading,unloading,42.873,27.476,99.984,2.4000000953674316,0.0,0.0,0.0,104.947,1.568,0.0
554.0,run_20260920_093400,,unloading,unloading,42.865,27.47,99.984,2.4000000953674316,0.0,0.0,0.0,104.947,1.5696,0.0
555.0,run_20260920_093400,,unloading,unloading,42.858,27.464,99.984,2.4000000953674316,0.0,0.0,0.0,104.947,1.5713,0.0
556.0,run_20260920_093400,,unloading,unloading,42.85,27.458,99.984,2.4000000953674316,0.0,0.0,0.0,104.947,1.573,0.0
557.0,run_20260920_093400,,unloading,unloading,42.843,27.452,99.984,2.4000000953674316,0.0,0.0,0.0,104.947,1.5746,0.0
558.0,run_20260920_093400,,unloading,unloading,42.835,27.446,99.984,2.4000000953674316,0.0,0.0,0.0,104.947,1.5763,0.0
559.0,run_20260920_093400,,unloading,unloading,42.827,27.44,99.984,2.4000000953674316,0.0,0.0,0.0,104.947,1.578,0.0
560.0,run_20260920_093400,,unloading,unloading,42.82,27.434,99.984,2.4000000953674316,0.0,0.0,0.0,104.947,1.5796,0.0
561.0,run_20260920_093400,,unloading,unloading,42.812,27.428,99.984,2.4000000953674316,0.0,0.0,0.0,104.947,1.5813,0.0
562.0,run_20260920_093400,,unloading,unloading,42.805,27.422,99.984,2.4000000953674316,0.0,0.0,0.0,104.947,1.583,0.0
563.0,run_20260920_093400,,unloading,unloading,42.797,27.416,99.984,2.4000000953674316,0.0,0.0,0.0,104.947,1.5846,0.0
564.0,run_20260920_093400,,unloading,unloading,42.79,27.41,99.984,2.4000000953674316,0.0,0.0,0.0,104.947,1.5863,0.0
565.0,run_20260920_093400,,unloading,unloading,42.782,27.404,99.984,2.4000000953674316,0.0,0.0,0.0,104.947,1.588,0.0
566.0,run_20260920_093400,,unloading,unloading,42.774,27.398,99.984,2.4000000953674316,0.0,0.0,0.0,104.947,1.5896,0.0
567.0,run_20260920_093400,,unloading,unloading,42.767,27.392,99.984,2.4000000953674316,0.0,0.0,0.0,104.947,1.5913,0.0
568.0,run_20260920_093400,,unloading,unloading,42.759,27.386,99.984,2.4000000953674316,0.0,0.0,0.0,104.947,1.593,0.0
569.0,run_20260920_093400,,unloading,unloading,42.752,27.381,99.984,2.4000000953674316,0.0,0.0,0.0,104.947,1.5946,0.0
570.0,run_20260920_093400,,waiting,waiting,42.744,27.375,99.984,0.0,0.0,0.0,0.0,104.947,1.5963,0.0
571.0,run_20260920_093400,,waiting,waiting,42.736,27.369,99.984,0.0,0.0,0.0,0.0,104.947,1.598,0.0
572.0,run_20260920_093400,,driving,driving,42.728,27.37,99.984,0.0,0.191,0.106,0.0438,104.991,1.5999,0.0
573.0,run_20260920_093400,,driving,driving,42.715,27.393,99.984,0.0,0.794,0.442,0.23,105.221,1.6027,0.0
574.0,run_20260920_093400,,driving,driving,42.696,27.421,99.984,0.0,0.895,0.499,0.4841,105.705,1.6068,0.0
575.0,run_20260920_093400,,driving,driving,42.677,27.447,99.984,0.0,0.889,0.495,0.4983,106.203,1.611,0.0
576.0,run_20260920_093400,,driving,driving,42.659,27.475,99.984,0.0,0.895,0.499,0.4836,106.687,1.6151,0.0
577.0,run_20260920_093400,,driving,driving,42.64,27.502,99.984,0.0,0.897,0.5,0.5016,107.189,1.6193,0.0
578.0,run_20260920_093400,,driving,driving,42.621,27.527,99.984,0.0,0.84,0.468,0.4915,107.68,1.6234,0.0
579.0,run_20260920_093400,,driving,driving,42.602,27.553,99.984,0.0,0.884,0.493,0.4965,108.176,1.6276,0.0
580.0,run_20260920_093400,,driving,driving,42.583,27.58,99.984,0.0,0.892,0.497,0.5025,108.679,1.6318,0.0
581.0,run_20260920_093400,,driving,driving,42.564,27.607,99.984,0.0,0.895,0.499,0.4846,109.164,1.6359,0.0
582.0,run_20260920_093400,,driving,driving,42.545,27.634,99.984,0.0,0.897,0.5,0.5032,109.667,1.6401,0.0
583.0,run_20260920_093400,,driving,driving,42.526,27.66,99.984,0.0,0.866,0.483,0.501,110.168,1.6443,0.0
584.0,run_20260920_093400,,driving,driving,42.507,27.685,99.984,0.0,0.84,0.468,0.482,110.65,1.6484,0.0
585.0,run_20260920_093400,,driving,driving,42.488,27.711,99.983,0.0,0.879,0.49,0.4787,111.129,1.6525,0.0
586.0,run_20260920_093400,,driving,driving,42.47,27.738,99.983,0.0,0.897,0.5,0.4932,111.622,1.6567,0.0
587.0,run_20260920_093400,,driving,driving,42.451,27.765,99.983,0.0,0.881,0.491,0.4976,112.119,1.6609,0.0
588.0,run_20260920_093400,,driving,driving,42.432,27.791,99.983,0.0,0.896,0.499,0.5006,112.62,1.6651,0.0
589.0,run_20260920_093400,,driving,driving,42.412,27.818,99.983,0.0,0.892,0.497,0.5001,113.12,1.6693,0.0
590.0,run_20260920_093400,,driving,driving,42.394,27.844,99.983,0.0,0.881,0.491,0.4753,113.595,1.6733,0.0
591.0,run_20260920_093400,,driving,driving,42.375,27.869,99.983,0.0,0.85,0.474,0.4961,114.091,1.6775,0.0
592.0,run_20260920_093400,,driving,driving,42.357,27.888,99.983,0.0,0.69,0.384,0.4604,114.552,1.6815,0.0
593.0,run_20260920_093400,,driving,driving,42.343,27.882,99.983,0.0,0.0,0.0,0.2539,114.806,1.6845,0.0
594.0,run_20260920_093400,,loading,loading,42.336,27.875,99.983,0.0,0.0,0.0,0.0,114.806,1.6861,0.0
595.0,run_20260920_093400,,loading,loading,42.328,27.869,99.983,0.0,0.0,0.0,0.0,114.806,1.6878,0.0
596.0,run_20260920_093400,,loading,loading,42.321,27.862,99.983,0.0,0.0,0.0,0.0,114.806,1.6895,0.0
597.0,run_20260920_093400,,loading,loading,42.313,27.856,99.983,0.0,0.0,0.0,0.0,114.806,1.6911,0.0
598.0,run_20260920_093400,,loading,loading,42.306,27.85,99.983,0.0,0.0,0.0,0.0,114.806,1.6928,0.0
599.0,run_20260920_093400,,loading,loading,42.298,27.843,99.983,0.0,0.0,0.0,0.0,114.806,1.6945,0.0
600.0,run_20260920_093400,,loading,loading,42.29,27.837,99.983,0.0,0.0,0.0,0.0,114.806,1.6961,0.0
601.0,run_20260920_093400,,loading,loading,42.283,27.83,99.983,0.0,0.0,0.0,0.0,114.806,1.6978,0.0
602.0,run_20260920_093400,,loading,loading,42.275,27.824,99.983,0.0,0.0,0.0,0.0,114.806,1.6995,0.0
603.0,run_20260920_093400,,loading,loading,42.268,27.817,99.983,0.0,0.0,0.0,0.0,114.806,1.7011,0.0
604.0,run_20260920_093400,,loading,loading,42.26,27.811,99.983,0.0,0.0,0.0,0.0,114.806,1.7028,0.0
605.0,run_20260920_093400,,loading,loading,42.252,27.805,99.983,0.0,0.0,0.0,0.0,114.806,1.7045,0.0
606.0,run_20260920_093400,,loading,loading,42.245,27.798,99.983,0.0,0.0,0.0,0.0,114.806,1.7061,0.0
607.0,run_20260920_093400,,loading,loading,42.237,27.792,99.983,0.0,0.0,0.0,0.0,114.806,1.7078,0.0
608.0,run_20260920_093400,,loading,loading,42.23,27.785,99.983,0.0,0.0,0.0,0.0,114.806,1.7095,0.0
609.0,run_20260920_093400,,loading,loading,42.222,27.779,99.983,0.0,0.0,0.0,0.0,114.806,1.7111,0.0
610.0,run_20260920_093400,,loading,loading,42.215,27.773,99.983,0.0,0.0,0.0,0.0,114.806,1.7128,0.0
611.0,run_20260920_093400,,loading,loading,42.207,27.766,99.983,0.0,0.0,0.0,0.0,114.806,1.7145,0.0
612.0,run_20260920_093400,,loading,loading,42.199,27.76,99.983,0.0,0.0,0.0,0.0,114.806,1.7161,0.0
613.0,run_20260920_093400,,loading,loading,42.192,27.754,99.983,0.0,0.0,0.0,0.0,114.806,1.7178,0.0
614.0,run_20260920_093400,,loading,loading,42.184,27.747,99.983,0.0,0.0,0.0,0.0,114.806,1.7195,0.0
615.0,run_20260920_093400,,loading,loading,42.177,27.741,99.983,0.0,0.0,0.0,0.0,114.806,1.7211,0.0
616.0,run_20260920_093400,,loading,loading,42.169,27.735,99.983,0.0,0.0,0.0,0.0,114.806,1.7228,0.0
617.0,run_20260920_093400,,loading,loading,42.162,27.728,99.983,0.0,0.0,0.0,0.0,114.806,1.7245,0.0
618.0,run_20260920_093400,,loading,loading,42.154,27.722,99.983,0.0,0.0,0.0,0.0,114.806,1.7261,0.0
619.0,run_20260920_093400,,loading,loading,42.146,27.716,99.983,0.0,0.0,0.0,0.0,114.806,1.7278,0.0
620.0,run_20260920_093400,,loading,loading,42.139,27.71,99.983,0.0,0.0,0.0,0.0,114.806,1.7295,0.0
621.0,run_20260920_093400,,loading,loading,42.131,27.703,99.983,0.0,0.0,0.0,0.0,114.806,1.7311,0.0
622.0,run_20260920_093400,,loading,loading,42.124,27.697,99.983,0.0,0.0,0.0,0.0,114.806,1.7328,0.0
623.0,run_20260920_093400,,loading,loading,42.116,27.691,99.983,0.0,0.0,0.0,0.0,114.806,1.7345,0.0
624.0,run_20260920_093400,,waiting,waiting,42.109,27.684,99.983,1.600000023841858,0.0,0.0,0.0,114.806,1.7361,0.0
625.0,run_20260920_093400,,driving,driving,42.1,27.688,99.983,1.600000023841858,0.239,0.133,0.0345,114.84,1.738,0.0
626.0,run_20260920_093400,,driving,driving,42.087,27.69,99.983,1.600000023841858,0.201,0.112,0.1653,115.005,1.7408,0.0
627.0,run_20260920_093400,,driving,driving,42.078,27.685,99.983,1.600000023841858,0.033,0.018,0.0397,115.045,1.7428,0.0
628.0,run_20260920_093400,,driving,driving,42.066,27.702,99.983,1.600000023841858,0.586,0.327,0.146,115.191,1.7455,0.0
629.0,run_20260920_093400,,driving,driving,42.044,27.728,99.982,1.600000023841858,0.821,0.458,0.454,115.645,1.7503,0.0
630.0,run_20260920_093400,,driving,driving,42.022,27.758,99.982,1.600000023841858,0.892,0.497,0.475,116.12,1.7552,0.0
631.0,run_20260920_093400,,driving,driving,41.998,27.787,99.982,1.600000023841858,0.887,0.494,0.4982,116.618,1.7604,0.0
632.0,run_20260920_093400,,driving,driving,41.975,27.816,99.982,1.600000023841858,0.892,0.497,0.4999,117.118,1.7655,0.0
633.0,run_20260920_093400,,driving,driving,41.952,27.845,99.982,1.600000023841858,0.895,0.499,0.5011,117.619,1.7706,0.0
634.0,run_20260920_093400,,driving,driving,41.929,27.875,99.982,1.600000023841858,0.897,0.5,0.4953,118.115,1.7757,0.0
635.0,run_20260920_093400,,driving,driving,41.906,27.903,99.982,1.600000023841858,0.858,0.478,0.4626,118.577,1.7806,0.0
636.0,run_20260920_093400,,driving,driving,41.883,27.932,99.982,1.600000023841858,0.897,0.5,0.4925,119.07,1.7857,0.0
637.0,run_20260920_093400,,driving,driving,41.86,27.961,99.982,1.600000023841858,0.892,0.497,0.5022,119.572,1.7908,0.0
638.0,run_20260920_093400,,driving,driving,41.837,27.99,99.982,1.600000023841858,0.893,0.498,0.4978,120.07,1.796,0.0
639.0,run_20260920_093400,,driving,driving,41.814,28.02,99.982,1.600000023841858,0.897,0.5,0.4854,120.555,1.801,0.0
640.0,run_20260920_093400,,driving,driving,41.79,28.049,99.982,1.600000023841858,0.894,0.498,0.5032,121.058,1.8061,0.0
641.0,run_20260920_093400,,driving,driving,41.767,28.077,99.982,1.600000023841858,0.88,0.491,0.5026,121.561,1.8113,0.0
642.0,run_20260920_093400,,driving,driving,41.743,28.106,99.982,1.600000023841858,0.897,0.5,0.5023,122.063,1.8165,0.0
643.0,run_20260920_093400,,driving,driving,41.72,28.135,99.982,1.600000023841858,0.888,0.495,0.5014,122.565,1.8216,0.0
644.0,run_20260920_093400,,driving,driving,41.697,28.164,99.982,1.600000023841858,0.882,0.491,0.4735,123.038,1.8266,0.0
645.0,run_20260920_093400,,driving,driving,41.674,28.193,99.982,1.600000023841858,0.897,0.5,0.4961,123.534,1.8317,0.0
646.0,run_20260920_093400,,driving,driving,41.651,28.22,99.982,1.600000023841858,0.843,0.47,0.4976,124.032,1.8368,0.0
647.0,run_20260920_093400,,driving,driving,41.631,28.235,99.982,1.600000023841858,0.548,0.305,0.3861,124.418,1.8411,0.0
648.0,run_20260920_093400,,driving,driving,41.618,28.231,99.982,1.600000023841858,0.071,0.039,0.1636,124.582,1.8439,0.0
649.0,run_20260920_093400,,driving,driving,41.609,28.231,99.982,1.600000023841858,0.186,0.103,0.0565,124.638,1.846,0.0
650.0,run_20260920_093400,,unloading,unloading,41.601,28.224,99.982,1.600000023841858,0.0,0.0,0.0035,124.642,1.8477,0.0
651.0,run_20260920_093400,,unloading,unloading,41.594,28.217,99.982,1.600000023841858,0.0,0.0,0.0,124.642,1.8494,0.0
652.0,run_20260920_093400,,unloading,unloading,41.586,28.211,99.981,1.600000023841858,0.0,0.0,0.0,124.642,1.851,0.0
653.0,run_20260920_093400,,unloading,unloading,41.579,28.204,99.981,1.600000023841858,0.0,0.0,0.0,124.642,1.8527,0.0
654.0,run_20260920_093400,,unloading,unloading,41.571,28.197,99.981,1.600000023841858,0.0,0.0,0.0,124.642,1.8544,0.0
655.0,run_20260920_093400,,unloading,unloading,41.564,28.19,99.981,1.600000023841858,0.0,0.0,0.0,124.642,1.856,0.0
656.0,run_20260920_093400,,unloading,unloading,41.556,28.183,99.981,1.600000023841858,0.0,0.0,0.0,124.642,1.8577,0.0
657.0,run_20260920_093400,,unloading,unloading,41.548,28.177,99.981,1.600000023841858,0.0,0.0,0.0,124.642,1.8594,0.0
658.0,run_20260920_093400,,unloading,unloading,41.541,28.17,99.981,1.600000023841858,0.0,0.0,0.0,124.642,1.861,0.0
659.0,run_20260920_093400,,unloading,unloading,41.533,28.163,99.981,1.600000023841858,0.0,0.0,0.0,124.642,1.8627,0.0
660.0,run_20260920_093400,,unloading,unloading,41.526,28.156,99.981,1.600000023841858,0.0,0.0,0.0,124.642,1.8644,0.0
661.0,run_20260920_093400,,unloading,unloading,41.518,28.149,99.981,1.600000023841858,0.0,0.0,0.0,124.642,1.866,0.0
662.0,run_20260920_093400,,unloading,unloading,41.51,28.143,99.981,1.600000023841858,0.0,0.0,0.0,124.642,1.8677,0.0
663.0,run_20260920_093400,,unloading,unloading,41.503,28.136,99.981,1.600000023841858,0.0,0.0,0.0,124.642,1.8694,0.0
664.0,run_20260920_093400,,unloading,unloading,41.495,28.129,99.981,1.600000023841858,0.0,0.0,0.0,124.642,1.871,0.0
665.0,run_20260920_093400,,unloading,unloading,41.488,28.122,99.981,1.600000023841858,0.0,0.0,0.0,124.642,1.8727,0.0
666.0,run_20260920_093400,,unloading,unloading,41.48,28.116,99.981,1.600000023841858,0.0,0.0,0.0,124.642,1.8744,0.0
667.0,run_20260920_093400,,unloading,unloading,41.473,28.109,99.981,1.600000023841858,0.0,0.0,0.0,124.642,1.876,0.0
668.0,run_20260920_093400,,unloading,unloading,41.465,28.102,99.981,1.600000023841858,0.0,0.0,0.0,124.642,1.8777,0.0
669.0,run_20260920_093400,,unloading,unloading,41.457,28.096,99.981,1.600000023841858,0.0,0.0,0.0,124.642,1.8794,0.0
670.0,run_20260920_093400,,unloading,unloading,41.45,28.089,99.981,1.600000023841858,0.0,0.0,0.0,124.642,1.881,0.0
671.0,run_20260920_093400,,unloading,unloading,41.442,28.082,99.981,1.600000023841858,0.0,0.0,0.0,124.642,1.8827,0.0
672.0,run_20260920_093400,,unloading,unloading,41.435,28.075,99.981,1.600000023841858,0.0,0.0,0.0,124.642,1.8844,0.0
673.0,run_20260920_093400,,unloading,unloading,41.427,28.069,99.981,1.600000023841858,0.0,0.0,0.0,124.642,1.886,0.0
674.0,run_20260920_093400,,unloading,unloading,41.42,28.062,99.981,1.600000023841858,0.0,0.0,0.0,124.642,1.8877,0.0
675.0,run_20260920_093400,,unloading,unloading,41.412,28.055,99.981,1.600000023841858,0.0,0.0,0.0,124.642,1.8894,0.0
676.0,run_20260920_093400,,unloading,unloading,41.404,28.049,99.981,1.600000023841858,0.0,0.0,0.0,124.642,1.891,0.0
677.0,run_20260920_093400,,unloading,unloading,41.397,28.042,99.981,1.600000023841858,0.0,0.0,0.0,124.642,1.8927,0.0
678.0,run_20260920_093400,,unloading,unloading,41.389,28.035,99.981,1.600000023841858,0.0,0.0,0.0,124.642,1.8944,0.0
679.0,run_20260920_093400,,unloading,unloading,41.382,28.029,99.981,1.600000023841858,0.0,0.0,0.0,124.642,1.896,0.0
680.0,run_20260920_093400,,waiting,waiting,41.374,28.022,99.981,0.0,0.0,0.0,0.0,124.642,1.8977,0.0
681.0,run_20260920_093400,,driving,driving,41.366,28.018,99.981,0.0,0.072,0.04,0.0086,124.65,1.8994,0.0
682.0,run_20260920_093400,,driving,driving,41.357,28.024,99.981,0.0,0.341,0.19,0.0821,124.732,1.9015,0.0
683.0,run_20260920_093400,,driving,driving,41.34,28.05,99.981,0.0,0.89,0.496,0.3959,125.128,1.9052,0.0
684.0,run_20260920_093400,,driving,driving,41.322,28.077,99.981,0.0,0.894,0.498,0.4821,125.61,1.9093,0.0
685.0,run_20260920_093400,,driving,driving,41.302,28.103,99.981,0.0,0.896,0.499,0.4991,126.109,1.9135,0.0
686.0,run_20260920_093400,,driving,driving,41.283,28.129,99.981,0.0,0.872,0.486,0.4973,126.607,1.9176,0.0
687.0,run_20260920_093400,,driving,driving,41.264,28.155,99.981,0.0,0.892,0.497,0.4987,127.105,1.9218,0.0
688.0,run_20260920_093400,,driving,driving,41.246,28.179,99.981,0.0,0.839,0.467,0.486,127.591,1.926,0.0
689.0,run_20260920_093400,,driving,driving,41.227,28.206,99.981,0.0,0.895,0.498,0.4775,128.069,1.93,0.0
690.0,run_20260920_093400,,driving,driving,41.208,28.232,99.981,0.0,0.897,0.5,0.4979,128.567,1.9342,0.0
691.0,run_20260920_093400,,driving,driving,41.189,28.258,99.981,0.0,0.895,0.499,0.4944,129.061,1.9384,0.0
692.0,run_20260920_093400,,driving,driving,41.17,28.284,99.981,0.0,0.886,0.494,0.4791,129.54,1.9425,0.0
693.0,run_20260920_093400,,driving,driving,41.152,28.311,99.981,0.0,0.896,0.499,0.4815,130.022,1.9466,0.0
694.0,run_20260920_093400,,driving,driving,41.133,28.335,99.98,0.0,0.861,0.48,0.5003,130.522,1.9508,0.0
695.0,run_20260920_093400,,driving,driving,41.116,28.348,99.98,0.0,0.529,0.295,0.3837,130.906,1.9544,0.0
696.0,run_20260920_093400,,driving,driving,41.105,28.344,99.98,0.0,0.093,0.052,0.1578,131.064,1.9569,0.0
697.0,run_20260920_093400,,driving,driving,41.097,28.338,99.98,0.0,0.0,0.0,0.0282,131.092,1.9587,0.0
698.0,run_20260920_093400,,loading,loading,41.089,28.331,99.98,0.0,0.0,0.0,0.0,131.092,1.9604,0.0
699.0,run_20260920_093400,,loading,loading,41.082,28.324,99.98,0.0,0.0,0.0,0.0,131.092,1.962,0.0
700.0,run_20260920_093400,,loading,loading,41.074,28.317,99.98,0.0,0.0,0.0,0.0,131.092,1.9637,0.0
701.0,run_20260920_093400,,loading,loading,41.067,28.31,99.98,0.0,0.0,0.0,0.0,131.092,1.9654,0.0
702.0,run_20260920_093400,,loading,loading,41.059,28.303,99.98,0.0,0.0,0.0,0.0,131.092,1.967,0.0
703.0,run_20260920_093400,,loading,loading,41.051,28.296,99.98,0.0,0.0,0.0,0.0,131.092,1.9687,0.0
704.0,run_20260920_093400,,loading,loading,41.044,28.289,99.98,0.0,0.0,0.0,0.0,131.092,1.9704,0.0
705.004,run_20260920_093400,,loading,loading,41.036,28.282,99.98,0.0,0.0,0.0,0.0,131.092,1.972,0.0
706.0,run_20260920_093400,,loading,loading,41.029,28.275,99.98,0.0,0.0,0.0,0.0,131.092,1.9737,0.0
707.0,run_20260920_093400,,loading,loading,41.021,28.268,99.98,0.0,0.0,0.0,0.0,131.092,1.9754,0.0
708.0,run_20260920_093400,,loading,loading,41.014,28.261,99.98,0.0,0.0,0.0,0.0,131.092,1.977,0.0
709.0,run_20260920_093400,,loading,loading,41.006,28.254,99.98,0.0,0.0,0.0,0.0,131.092,1.9787,0.0
710.0,run_20260920_093400,,loading,loading,40.998,28.247,99.98,0.0,0.0,0.0,0.0,131.092,1.9804,0.0
711.0,run_20260920_093400,,loading,loading,40.991,28.241,99.98,0.0,0.0,0.0,0.0,131.092,1.982,0.0
712.0,run_20260920_093400,,loading,loading,40.983,28.234,99.98,0.0,0.0,0.0,0.0,131.092,1.9837,0.0
713.0,run_20260920_093400,,loading,loading,40.976,28.227,99.98,0.0,0.0,0.0,0.0,131.092,1.9854,0.0
714.0,run_20260920_093400,,loading,loading,40.968,28.22,99.98,0.0,0.0,0.0,0.0,131.092,1.987,0.0
715.0,run_20260920_093400,,loading,loading,40.961,28.213,99.98,0.0,0.0,0.0,0.0,131.092,1.9887,0.0
716.0,run_20260920_093400,,loading,loading,40.953,28.206,99.98,0.0,0.0,0.0,0.0,131.092,1.9904,0.0
717.0,run_20260920_093400,,loading,loading,40.945,28.2,99.98,0.0,0.0,0.0,0.0,131.092,1.992,0.0
718.0,run_20260920_093400,,loading,loading,40.938,28.193,99.98,0.0,0.0,0.0,0.0,131.092,1.9937,0.0
719.0,run_20260920_093400,,loading,loading,40.93,28.186,99.98,0.0,0.0,0.0,0.0,131.092,1.9954,0.0
720.0,run_20260920_093400,,loading,loading,40.923,28.179,99.98,0.0,0.0,0.0,0.0,131.092,1.997,0.0
721.0,run_20260920_093400,,loading,loading,40.915,28.172,99.98,0.0,0.0,0.0,0.0,131.092,1.9987,0.0
722.0,run_20260920_093400,,loading,loading,40.907,28.166,99.98,0.0,0.0,0.0,0.0,131.092,2.0004,0.0
723.0,run_20260920_093400,,loading,loading,40.9,28.159,99.98,0.0,0.0,0.0,0.0,131.092,2.002,0.0
724.0,run_20260920_093400,,loading,loading,40.892,28.152,99.98,0.0,0.0,0.0,0.0,131.092,2.0037,0.0
725.0,run_20260920_093400,,loading,loading,40.885,28.145,99.98,0.0,0.0,0.0,0.0,131.092,2.0054,0.0
726.0,run_20260920_093400,,loading,loading,40.877,28.138,99.98,0.0,0.0,0.0,0.0,131.092,2.007,0.0
727.0,run_20260920_093400,,loading,loading,40.87,28.132,99.98,0.0,0.0,0.0,0.0,131.092,2.0087,0.0
728.0,run_20260920_093400,,waiting,waiting,40.862,28.125,99.98,2.0,0.0,0.0,0.0,131.092,2.0104,0.0
729.0,run_20260920_093400,,driving,driving,40.852,28.127,99.98,2.0,0.221,0.123,0.0727,131.165,2.0126,0.0
730.0,run_20260920_093400,,driving,driving,40.842,28.123,99.98,2.0,0.072,0.04,0.0736,131.238,2.0148,0.0
731.0,run_20260920_093400,,driving,driving,40.827,28.146,99.98,2.0,0.725,0.404,0.2157,131.454,2.018,0.0
732.0,run_20260920_093400,,driving,driving,40.803,28.176,99.98,2.0,0.893,0.497,0.4818,131.936,2.0233,0.0
733.0,run_20260920_093400,,driving,driving,40.779,28.204,99.98,2.0,0.864,0.481,0.4991,132.435,2.0286,0.0
734.0,run_20260920_093400,,driving,driving,40.755,28.233,99.98,2.0,0.88,0.49,0.4759,132.911,2.0338,0.0
735.0,run_20260920_093400,,driving,driving,40.731,28.263,99.98,2.0,0.897,0.5,0.4962,133.407,2.0392,0.0
736.0,run_20260920_093400,,driving,driving,40.706,28.292,99.98,2.0,0.891,0.496,0.5031,133.91,2.0446,0.0
737.0,run_20260920_093400,,driving,driving,40.682,28.322,99.98,2.0,0.893,0.498,0.5021,134.412,2.05,0.0
738.0,run_20260920_093400,,driving,driving,40.658,28.35,99.979,2.0,0.879,0.49,0.4811,134.893,2.0552,0.0
739.0,run_20260920_093400,,driving,driving,40.634,28.38,99.979,2.0,0.897,0.5,0.5024,135.396,2.0606,0.0
740.0,run_20260920_093400,,driving,driving,40.609,28.409,99.979,2.0,0.897,0.5,0.5037,135.899,2.066,0.0
741.0,run_20260920_093400,,driving,driving,40.585,28.439,99.979,2.0,0.897,0.5,0.5033,136.403,2.0714,0.0
742.0,run_20260920_093400,,driving,driving,40.56,28.468,99.979,2.0,0.897,0.5,0.5017,136.904,2.0768,0.0
743.0,run_20260920_093400,,driving,driving,40.536,28.497,99.979,2.0,0.886,0.494,0.4823,137.387,2.082,0.0
744.0,run_20260920_093400,,driving,driving,40.512,28.526,99.979,2.0,0.878,0.489,0.4979,137.885,2.0874,0.0
745.0,run_20260920_093400,,driving,driving,40.487,28.555,99.979,2.0,0.897,0.5,0.4977,138.382,2.0928,0.0
746.0,run_20260920_093400,,driving,driving,40.463,28.584,99.979,2.0,0.889,0.495,0.4968,138.879,2.0981,0.0
747.0,run_20260920_093400,,driving,driving,40.439,28.613,99.979,2.0,0.894,0.498,0.4791,139.358,2.1033,0.0
748.0,run_20260920_093400,,driving,driving,40.415,28.64,99.979,2.0,0.847,0.472,0.4989,139.857,2.1087,0.0
749.0,run_20260920_093400,,driving,driving,40.394,28.657,99.979,2.0,0.581,0.323,0.3979,140.255,2.1133,0.0
750.0,run_20260920_093400,,loading,loading,40.383,28.649,99.979,2.0,0.0,0.0,0.087,140.342,2.1157,0.0
751.0,run_20260920_093400,,loading,loading,40.376,28.642,99.979,2.0,0.0,0.0,0.0,140.342,2.1173,0.0
752.0,run_20260920_093400,,loading,loading,40.368,28.635,99.979,2.0,0.0,0.0,0.0,140.342,2.119,0.0
753.0,run_20260920_093400,,loading,loading,40.361,28.628,99.979,2.0,0.0,0.0,0.0,140.342,2.1207,0.0
754.0,run_20260920_093400,,loading,loading,40.353,28.62,99.979,2.0,0.0,0.0,0.0,140.342,2.1223,0.0
755.0,run_20260920_093400,,loading,loading,40.346,28.613,99.979,2.0,0.0,0.0,0.0,140.342,2.124,0.0
756.0,run_20260920_093400,,loading,loading,40.338,28.606,99.979,2.0,0.0,0.0,0.0,140.342,2.1257,0.0
757.0,run_20260920_093400,,loading,loading,40.33,28.598,99.979,2.0,0.0,0.0,0.0,140.342,2.1273,0.0
758.0,run_20260920_093400,,loading,loading,40.323,28.591,99.979,2.0,0.0,0.0,0.0,140.342,2.129,0.0
759.0,run_20260920_093400,,loading,loading,40.315,28.584,99.979,2.0,0.0,0.0,0.0,140.342,2.1307,0.0
760.0,run_20260920_093400,,loading,loading,40.308,28.577,99.979,2.0,0.0,0.0,0.0,140.342,2.1323,0.0
761.0,run_20260920_093400,,loading,loading,40.3,28.569,99.979,2.0,0.0,0.0,0.0,140.342,2.134,0.0
762.0,run_20260920_093400,,loading,loading,40.292,28.562,99.979,2.0,0.0,0.0,0.0,140.342,2.1357,0.0
763.0,run_20260920_093400,,loading,loading,40.285,28.555,99.979,2.0,0.0,0.0,0.0,140.342,2.1373,0.0
764.0,run_20260920_093400,,loading,loading,40.277,28.548,99.979,2.0,0.0,0.0,0.0,140.342,2.139,0.0
765.0,run_20260920_093400,,loading,loading,40.27,28.541,99.979,2.0,0.0,0.0,0.0,140.342,2.1407,0.0
766.0,run_20260920_093400,,loading,loading,40.262,28.533,99.979,2.0,0.0,0.0,0.0,140.342,2.1423,0.0
767.0,run_20260920_093400,,loading,loading,40.255,28.526,99.979,2.0,0.0,0.0,0.0,140.342,2.144,0.0
768.0,run_20260920_093400,,loading,loading,40.247,28.519,99.979,2.0,0.0,0.0,0.0,140.342,2.1457,0.0
769.0,run_20260920_093400,,loading,loading,40.239,28.512,99.979,2.0,0.0,0.0,0.0,140.342,2.1473,0.0
770.0,run_20260920_093400,,loading,loading,40.232,28.505,99.979,2.0,0.0,0.0,0.0,140.342,2.149,0.0
771.0,run_20260920_093400,,loading,loading,40.224,28.498,99.978,2.0,0.0,0.0,0.0,140.342,2.1507,0.0
772.0,run_20260920_093400,,loading,loading,40.217,28.49,99.978,2.0,0.0,0.0,0.0,140.342,2.1523,0.0
773.0,run_20260920_093400,,loading,loading,40.209,28.483,99.978,2.0,0.0,0.0,0.0,140.342,2.154,0.0
774.0,run_20260920_093400,,loading,loading,40.202,28.476,99.978,2.0,0.0,0.0,0.0,140.342,2.1557,0.0
775.0,run_20260920_093400,,loading,loading,40.194,28.469,99.978,2.0,0.0,0.0,0.0,140.342,2.1573,0.0
776.0,run_20260920_093400,,loading,loading,40.186,28.462,99.978,2.0,0.0,0.0,0.0,140.342,2.159,0.0
777.0,run_20260920_093400,,loading,loading,40.179,28.455,99.978,2.0,0.0,0.0,0.0,140.342,2.1607,0.0
778.0,run_20260920_093400,,loading,loading,40.171,28.448,99.978,2.0,0.0,0.0,0.0,140.342,2.1623,0.0
779.0,run_20260920_093400,,loading,loading,40.164,28.441,99.978,2.0,0.0,0.0,0.0,140.342,2.164,0.0
780.0,run_20260920_093400,,waiting,waiting,40.156,28.433,99.978,4.400000095367432,0.0,0.0,0.0,140.342,2.1657,0.0
781.0,run_20260920_093400,,driving,driving,40.149,28.426,99.978,4.400000095367432,0.0,0.0,0.0,140.342,2.1673,0.0
782.0,run_20260920_093400,,driving,driving,40.134,28.434,99.978,4.400000095367432,0.331,0.185,0.1421,140.484,2.1704,0.0
783.0,run_20260920_093400,,driving,driving,40.123,28.429,99.978,4.400000095367432,0.034,0.019,0.0775,140.562,2.1729,0.0
784.0,run_20260920_093400,,driving,driving,40.113,28.434,99.978,4.400000095367432,0.282,0.157,0.0492,140.611,2.1751,0.0
785.0,run_20260920_093400,,driving,driving,40.086,28.468,99.978,4.400000095367432,0.89,0.496,0.4188,141.03,2.181,0.0
786.0,run_20260920_093400,,driving,driving,40.055,28.501,99.978,4.400000095367432,0.897,0.5,0.502,141.532,2.1878,0.0
787.0,run_20260920_093400,,driving,driving,40.024,28.534,99.978,4.400000095367432,0.889,0.495,0.5032,142.035,2.1947,0.0
788.0,run_20260920_093400,,driving,driving,39.994,28.567,99.978,4.400000095367432,0.897,0.5,0.484,142.519,2.2013,0.0
789.0,run_20260920_093400,,driving,driving,39.963,28.6,99.978,4.400000095367432,0.897,0.5,0.5024,143.021,2.2081,0.0
790.0,run_20260920_093400,,driving,driving,39.932,28.633,99.978,4.400000095367432,0.89,0.496,0.4972,143.518,2.2149,0.0
791.0,run_20260920_093400,,driving,driving,39.902,28.666,99.978,4.400000095367432,0.889,0.495,0.4873,144.006,2.2215,0.0
792.0,run_20260920_093400,,driving,driving,39.872,28.699,99.978,4.400000095367432,0.897,0.5,0.4817,144.488,2.2281,0.0
793.0,run_20260920_093400,,driving,driving,39.841,28.732,99.978,4.400000095367432,0.891,0.497,0.4948,144.982,2.2349,0.0
794.0,run_20260920_093400,,driving,driving,39.811,28.765,99.978,4.400000095367432,0.884,0.492,0.4991,145.481,2.2417,0.0
795.0,run_20260920_093400,,driving,driving,39.78,28.797,99.978,4.400000095367432,0.882,0.492,0.5002,145.982,2.2485,0.0
796.0,run_20260920_093400,,driving,driving,39.749,28.828,99.977,4.400000095367432,0.857,0.478,0.4868,146.468,2.2551,0.0
797.0,run_20260920_093400,,driving,driving,39.72,28.86,99.977,4.400000095367432,0.865,0.482,0.4762,146.945,2.2617,0.0
798.0,run_20260920_093400,,driving,driving,39.691,28.891,99.977,4.400000095367432,0.857,0.478,0.4596,147.404,2.2681,0.0
799.0,run_20260920_093400,,driving,driving,39.66,28.924,99.977,4.400000095367432,0.897,0.5,0.4863,147.891,2.2747,0.0
800.0,run_20260920_093400,,driving,driving,39.63,28.957,99.977,4.400000095367432,0.893,0.498,0.4888,148.379,2.2814,0.0
801.0,run_20260920_093400,,driving,driving,39.6,28.989,99.977,4.400000095367432,0.895,0.499,0.4804,148.86,2.288,0.0
802.0,run_20260920_093400,,driving,driving,39.569,29.022,99.977,4.400000095367432,0.897,0.5,0.5008,149.361,2.2948,0.0
803.0,run_20260920_093400,,driving,driving,39.538,29.054,99.977,4.400000095367432,0.885,0.493,0.503,149.864,2.3016,0.0
804.0,run_20260920_093400,,driving,driving,39.511,29.073,99.977,4.400000095367432,0.589,0.328,0.4138,150.277,2.3075,0.0
805.0,run_20260920_093400,,driving,driving,39.492,29.075,99.977,4.400000095367432,0.216,0.12,0.2479,150.525,2.3118,0.0
806.0,run_20260920_093400,,driving,driving,39.482,29.07,99.977,4.400000095367432,0.047,0.026,0.0514,150.577,2.314,0.0
807.0,run_20260920_093400,,unloading,unloading,39.474,29.062,99.977,4.400000095367432,0.0,0.0,0.0,150.577,2.3156,0.0
808.0,run_20260920_093400,,unloading,unloading,39.467,29.054,99.977,4.400000095367432,0.0,0.0,0.0,150.577,2.3173,0.0
809.0,run_20260920_093400,,unloading,unloading,39.459,29.046,99.977,4.400000095367432,0.0,0.0,0.0,150.577,2.319,0.0
810.0,run_20260920_093400,,unloading,unloading,39.452,29.039,99.977,4.400000095367432,0.0,0.0,0.0,150.577,2.3206,0.0
811.0,run_20260920_093400,,unloading,unloading,39.444,29.031,99.977,4.400000095367432,0.0,0.0,0.0,150.577,2.3223,0.0
812.0,run_20260920_093400,,unloading,unloading,39.437,29.023,99.977,4.400000095367432,0.0,0.0,0.0,150.577,2.324,0.0
813.0,run_20260920_093400,,unloading,unloading,39.429,29.015,99.977,4.400000095367432,0.0,0.0,0.0,150.577,2.3256,0.0
814.0,run_20260920_093400,,unloading,unloading,39.421,29.008,99.977,4.400000095367432,0.0,0.0,0.0,150.577,2.3273,0.0
815.0,run_20260920_093400,,unloading,unloading,39.414,29.0,99.977,4.400000095367432,0.0,0.0,0.0,150.577,2.329,0.0
816.0,run_20260920_093400,,unloading,unloading,39.406,28.992,99.977,4.400000095367432,0.0,0.0,0.0,150.577,2.3306,0.0
817.0,run_20260920_093400,,unloading,unloading,39.399,28.985,99.977,4.400000095367432,0.0,0.0,0.0,150.577,2.3323,0.0
818.0,run_20260920_093400,,unloading,unloading,39.391,28.977,99.977,4.400000095367432,0.0,0.0,0.0,150.577,2.334,0.0
819.0,run_20260920_093400,,unloading,unloading,39.384,28.969,99.977,4.400000095367432,0.0,0.0,0.0,150.577,2.3356,0.0
820.0,run_20260920_093400,,unloading,unloading,39.376,28.961,99.977,4.400000095367432,0.0,0.0,0.0,150.577,2.3373,0.0
821.0,run_20260920_093400,,unloading,unloading,39.368,28.954,99.977,4.400000095367432,0.0,0.0,0.0,150.577,2.339,0.0
822.0,run_20260920_093400,,unloading,unloading,39.361,28.946,99.977,4.400000095367432,0.0,0.0,0.0,150.577,2.3406,0.0
823.0,run_20260920_093400,,unloading,unloading,39.353,28.939,99.977,4.400000095367432,0.0,0.0,0.0,150.577,2.3423,0.0
824.0,run_20260920_093400,,unloading,unloading,39.346,28.931,99.977,4.400000095367432,0.0,0.0,0.0,150.577,2.344,0.0
825.0,run_20260920_093400,,unloading,unloading,39.338,28.923,99.977,4.400000095367432,0.0,0.0,0.0,150.577,2.3456,0.0
826.0,run_20260920_093400,,unloading,unloading,39.331,28.916,99.977,4.400000095367432,0.0,0.0,0.0,150.577,2.3473,0.0
827.0,run_20260920_093400,,unloading,unloading,39.323,28.908,99.977,4.400000095367432,0.0,0.0,0.0,150.577,2.349,0.0
828.0,run_20260920_093400,,unloading,unloading,39.315,28.9,99.976,4.400000095367432,0.0,0.0,0.0,150.577,2.3506,0.0
829.0,run_20260920_093400,,unloading,unloading,39.308,28.893,99.976,4.400000095367432,0.0,0.0,0.0,150.577,2.3523,0.0
830.0,run_20260920_093400,,unloading,unloading,39.3,28.885,99.976,4.400000095367432,0.0,0.0,0.0,150.577,2.354,0.0
831.0,run_20260920_093400,,unloading,unloading,39.293,28.878,99.976,4.400000095367432,0.0,0.0,0.0,150.577,2.3556,0.0
832.0,run_20260920_093400,,unloading,unloading,39.285,28.87,99.976,4.400000095367432,0.0,0.0,0.0,150.577,2.3573,0.0
833.0,run_20260920_093400,,unloading,unloading,39.277,28.863,99.976,4.400000095367432,0.0,0.0,0.0,150.577,2.359,0.0
834.0,run_20260920_093400,,unloading,unloading,39.27,28.855,99.976,4.400000095367432,0.0,0.0,0.0,150.577,2.3606,0.0
835.0,run_20260920_093400,,unloading,unloading,39.262,28.848,99.976,4.400000095367432,0.0,0.0,0.0,150.577,2.3623,0.0
836.0,run_20260920_093400,,unloading,unloading,39.255,28.84,99.976,4.400000095367432,0.0,0.0,0.0,150.577,2.364,0.0
837.0,run_20260920_093400,,waiting,waiting,39.247,28.832,99.976,0.0,0.0,0.0,0.0,150.577,2.3656,0.0
838.0,run_20260920_093400,,driving,driving,39.239,28.827,99.976,0.0,0.048,0.027,0.0104,150.587,2.3673,0.0
839.0,run_20260920_093400,,driving,driving,39.229,28.834,99.976,0.0,0.396,0.221,0.1013,150.688,2.3695,0.0
840.0,run_20260920_093400,,driving,driving,39.212,28.859,99.976,0.0,0.874,0.487,0.4389,151.127,2.3734,0.0
841.0,run_20260920_093400,,driving,driving,39.193,28.884,99.976,0.0,0.891,0.496,0.4971,151.624,2.3776,0.0
842.0,run_20260920_093400,,driving,driving,39.174,28.91,99.976,0.0,0.896,0.499,0.4852,152.11,2.3817,0.0
843.0,run_20260920_093400,,driving,driving,39.155,28.935,99.976,0.0,0.897,0.5,0.5009,152.61,2.3859,0.0
844.0,run_20260920_093400,,driving,driving,39.136,28.96,99.976,0.0,0.88,0.49,0.5014,153.112,2.3902,0.0
845.0,run_20260920_093400,,driving,driving,39.116,28.985,99.976,0.0,0.876,0.488,0.5006,153.612,2.3944,0.0
846.0,run_20260920_093400,,driving,driving,39.098,29.011,99.976,0.0,0.897,0.5,0.4852,154.098,2.3985,0.0
847.0,run_20260920_093400,,driving,driving,39.079,29.036,99.976,0.0,0.893,0.497,0.5036,154.601,2.4027,0.0
848.0,run_20260920_093400,,driving,driving,39.059,29.061,99.976,0.0,0.897,0.5,0.5029,155.104,2.4069,0.0
849.0,run_20260920_093400,,driving,driving,39.04,29.086,99.976,0.0,0.883,0.492,0.4986,155.603,2.4112,0.0
850.0,run_20260920_093400,,driving,driving,39.022,29.107,99.976,0.0,0.781,0.435,0.4753,156.078,2.4152,0.0
851.0,run_20260920_093400,,driving,driving,39.004,29.133,99.976,0.0,0.893,0.498,0.4582,156.536,2.4192,0.0
852.0,run_20260920_093400,,driving,driving,38.984,29.158,99.976,0.0,0.897,0.5,0.4995,157.036,2.4234,0.0
853.0,run_20260920_093400,,driving,driving,38.965,29.181,99.976,0.0,0.846,0.472,0.4937,157.529,2.4276,0.0
854.0,run_20260920_093400,,driving,driving,38.946,29.206,99.976,0.0,0.875,0.488,0.4906,158.02,2.4318,0.0
855.0,run_20260920_093400,,driving,driving,38.928,29.231,99.976,0.0,0.897,0.5,0.4735,158.494,2.4358,0.0
856.0,run_20260920_093400,,driving,driving,38.909,29.256,99.976,0.0,0.883,0.492,0.4982,158.992,2.44,0.0
857.0,run_20260920_093400,,driving,driving,38.89,29.281,99.976,0.0,0.897,0.5,0.4991,159.491,2.4443,0.0
858.0,run_20260920_093400,,driving,driving,38.871,29.303,99.976,0.0,0.797,0.444,0.4683,159.959,2.4483,0.0
859.0,run_20260920_093400,,driving,driving,38.855,29.314,99.975,0.0,0.526,0.293,0.3752,160.334,2.4519,0.0
860.0,run_20260920_093400,,loading,loading,38.846,29.306,99.975,0.0,0.0,0.0,0.0596,160.394,2.4538,0.0
861.0,run_20260920_093400,,loading,loading,38.839,29.298,99.975,0.0,0.0,0.0,0.0,160.394,2.4555,0.0
862.0,run_20260920_093400,,loading,loading,38.831,29.29,99.975,0.0,0.0,0.0,0.0,160.394,2.4572,0.0
863.0,run_20260920_093400,,loading,loading,38.823,29.282,99.975,0.0,0.0,0.0,0.0,160.394,2.4588,0.0
864.0,run_20260920_093400,,loading,loading,38.816,29.274,99.975,0.0,0.0,0.0,0.0,160.394,2.4605,0.0
865.0,run_20260920_093400,,loading,loading,38.808,29.266,99.975,0.0,0.0,0.0,0.0,160.394,2.4622,0.0
866.0,run_20260920_093400,,loading,loading,38.801,29.258,99.975,0.0,0.0,0.0,0.0,160.394,2.4638,0.0
867.0,run_20260920_093400,,loading,loading,38.793,29.25,99.975,0.0,0.0,0.0,0.0,160.394,2.4655,0.0
868.0,run_20260920_093400,,loading,loading,38.786,29.242,99.975,0.0,0.0,0.0,0.0,160.394,2.4672,0.0
869.0,run_20260920_093400,,loading,loading,38.778,29.234,99.975,0.0,0.0,0.0,0.0,160.394,2.4688,0.0
870.0,run_20260920_093400,,loading,loading,38.77,29.226,99.975,0.0,0.0,0.0,0.0,160.394,2.4705,0.0
871.0,run_20260920_093400,,loading,loading,38.763,29.218,99.975,0.0,0.0,0.0,0.0,160.394,2.4722,0.0
872.0,run_20260920_093400,,loading,loading,38.755,29.21,99.975,0.0,0.0,0.0,0.0,160.394,2.4738,0.0
873.0,run_20260920_093400,,loading,loading,38.748,29.202,99.975,0.0,0.0,0.0,0.0,160.394,2.4755,0.0
874.0,run_20260920_093400,,loading,loading,38.74,29.194,99.975,0.0,0.0,0.0,0.0,160.394,2.4772,0.0
875.0,run_20260920_093400,,loading,loading,38.733,29.186,99.975,0.0,0.0,0.0,0.0,160.394,2.4788,0.0
876.0,run_20260920_093400,,loading,loading,38.725,29.178,99.975,0.0,0.0,0.0,0.0,160.394,2.4805,0.0
877.0,run_20260920_093400,,loading,loading,38.717,29.171,99.975,0.0,0.0,0.0,0.0,160.394,2.4822,0.0
878.0,run_20260920_093400,,loading,loading,38.71,29.163,99.975,0.0,0.0,0.0,0.0,160.394,2.4838,0.0
879.0,run_20260920_093400,,loading,loading,38.702,29.155,99.975,0.0,0.0,0.0,0.0,160.394,2.4855,0.0
880.0,run_20260920_093400,,loading,loading,38.695,29.147,99.975,0.0,0.0,0.0,0.0,160.394,2.4872,0.0
881.0,run_20260920_093400,,loading,loading,38.687,29.139,99.975,0.0,0.0,0.0,0.0,160.394,2.4888,0.0
882.0,run_20260920_093400,,loading,loading,38.68,29.131,99.975,0.0,0.0,0.0,0.0,160.394,2.4905,0.0
883.0,run_20260920_093400,,loading,loading,38.672,29.123,99.975,0.0,0.0,0.0,0.0,160.394,2.4922,0.0
884.0,run_20260920_093400,,loading,loading,38.664,29.116,99.975,0.0,0.0,0.0,0.0,160.394,2.4938,0.0
885.0,run_20260920_093400,,loading,loading,38.657,29.108,99.975,0.0,0.0,0.0,0.0,160.394,2.4955,0.0
886.0,run_20260920_093400,,loading,loading,38.649,29.1,99.975,0.0,0.0,0.0,0.0,160.394,2.4972,0.0
887.0,run_20260920_093400,,loading,loading,38.642,29.092,99.975,0.0,0.0,0.0,0.0,160.394,2.4988,0.0
888.0,run_20260920_093400,,loading,loading,38.634,29.084,99.975,0.0,0.0,0.0,0.0,160.394,2.5005,0.0
889.0,run_20260920_093400,,loading,loading,38.626,29.076,99.975,0.0,0.0,0.0,0.0,160.394,2.5022,0.0
890.0,run_20260920_093400,,waiting,waiting,38.619,29.069,99.975,2.4000000953674316,0.0,0.0,0.0,160.394,2.5038,0.0
891.0,run_20260920_093400,,driving,driving,38.611,29.064,99.975,2.4000000953674316,0.077,0.043,0.0017,160.396,2.5055,0.0
892.0,run_20260920_093400,,driving,driving,38.598,29.07,99.975,2.4000000953674316,0.319,0.177,0.157,160.553,2.5084,0.0
893.0,run_20260920_093400,,driving,driving,38.587,29.062,99.975,2.4000000953674316,0.016,0.009,0.1091,160.662,2.511,0.0
894.0,run_20260920_093400,,driving,driving,38.578,29.069,99.975,2.4000000953674316,0.339,0.189,0.0385,160.7,2.5129,0.0
895.0,run_20260920_093400,,driving,driving,38.555,29.098,99.975,2.4000000953674316,0.897,0.5,0.4131,161.113,2.5179,0.0
896.0,run_20260920_093400,,driving,driving,38.53,29.127,99.975,2.4000000953674316,0.897,0.5,0.4856,161.599,2.5234,0.0
897.0,run_20260920_093400,,driving,driving,38.504,29.157,99.975,2.4000000953674316,0.897,0.5,0.5038,162.103,2.529,0.0
898.0,run_20260920_093400,,driving,driving,38.479,29.186,99.975,2.4000000953674316,0.896,0.499,0.5028,162.606,2.5347,0.0
899.0,run_20260920_093400,,driving,driving,38.453,29.215,99.975,2.4000000953674316,0.887,0.494,0.4928,163.098,2.5402,0.0
900.0,run_20260920_093400,,driving,driving,38.429,29.243,99.975,2.4000000953674316,0.859,0.479,0.4783,163.577,2.5457,0.0
901.0,run_20260920_093400,,driving,driving,38.404,29.27,99.974,2.4000000953674316,0.86,0.479,0.4805,164.057,2.5512,0.0
902.0,run_20260920_093400,,driving,driving,38.379,29.299,99.974,2.4000000953674316,0.894,0.498,0.4914,164.549,2.5567,0.0
903.0,run_20260920_093400,,driving,driving,38.353,29.328,99.974,2.4000000953674316,0.888,0.495,0.5017,165.05,2.5624,0.0
904.0,run_20260920_093400,,driving,driving,38.327,29.357,99.974,2.4000000953674316,0.897,0.5,0.502,165.552,2.568,0.0
905.0,run_20260920_093400,,driving,driving,38.302,29.386,99.974,2.4000000953674316,0.897,0.5,0.486,166.038,2.5735,0.0
906.0,run_20260920_093400,,driving,driving,38.276,29.415,99.974,2.4000000953674316,0.897,0.5,0.5039,166.542,2.5792,0.0
907.0,run_20260920_093400,,driving,driving,38.251,29.444,99.974,2.4000000953674316,0.886,0.493,0.5004,167.042,2.5848,0.0
908.0,run_20260920_093400,,driving,driving,38.226,29.472,99.974,2.4000000953674316,0.877,0.489,0.4927,167.535,2.5904,0.0
909.0,run_20260920_093400,,driving,driving,38.201,29.501,99.974,2.4000000953674316,0.884,0.492,0.4836,168.019,2.5959,0.0
910.0,run_20260920_093400,,driving,driving,38.175,29.529,99.974,2.4000000953674316,0.897,0.5,0.4965,168.515,2.6015,0.0
911.0,run_20260920_093400,,driving,driving,38.15,29.558,99.974,2.4000000953674316,0.897,0.5,0.4988,169.014,2.6071,0.0
912.0,run_20260920_093400,,driving,driving,38.124,29.586,99.974,2.4000000953674316,0.863,0.481,0.5022,169.516,2.6127,0.0
913.0,run_20260920_093400,,driving,driving,38.102,29.602,99.974,2.4000000953674316,0.6,0.334,0.4076,169.924,2.6176,0.0
914.0,run_20260920_093400,,driving,driving,38.086,29.602,99.974,2.4000000953674316,0.19,0.106,0.2325,170.156,2.6212,0.0
915.0,run_20260920_093400,,driving,driving,38.076,29.599,99.974,2.4000000953674316,0.142,0.079,0.045,170.201,2.6232,0.0
916.0,run_20260920_093400,,unloading,unloading,38.068,29.591,99.974,2.4000000953674316,0.0,0.0,0.0173,170.219,2.625,0.0
917.0,run_20260920_093400,,unloading,unloading,38.061,29.583,99.974,2.4000000953674316,0.0,0.0,0.0,170.219,2.6266,0.0
918.0,run_20260920_093400,,unloading,unloading,38.053,29.574,99.974,2.4000000953674316,0.0,0.0,0.0,170.219,2.6283,0.0
919.0,run_20260920_093400,,unloading,unloading,38.046,29.566,99.974,2.4000000953674316,0.0,0.0,0.0,170.219,2.63,0.0
920.0,run_20260920_093400,,unloading,unloading,38.038,29.558,99.974,2.4000000953674316,0.0,0.0,0.0,170.219,2.6316,0.0
921.0,run_20260920_093400,,unloading,unloading,38.03,29.549,99.974,2.4000000953674316,0.0,0.0,0.0,170.219,2.6333,0.0
922.0,run_20260920_093400,,unloading,unloading,38.023,29.541,99.974,2.4000000953674316,0.0,0.0,0.0,170.219,2.635,0.0
923.0,run_20260920_093400,,unloading,unloading,38.015,29.533,99.974,2.4000000953674316,0.0,0.0,0.0,170.219,2.6366,0.0
924.0,run_20260920_093400,,unloading,unloading,38.008,29.524,99.974,2.4000000953674316,0.0,0.0,0.0,170.219,2.6383,0.0
925.0,run_20260920_093400,,unloading,unloading,38.0,29.516,99.974,2.4000000953674316,0.0,0.0,0.0,170.219,2.64,0.0
926.0,run_20260920_093400,,unloading,unloading,37.993,29.508,99.974,2.4000000953674316,0.0,0.0,0.0,170.219,2.6416,0.0
927.0,run_20260920_093400,,unloading,unloading,37.985,29.5,99.974,2.4000000953674316,0.0,0.0,0.0,170.219,2.6433,0.0
928.0,run_20260920_093400,,unloading,unloading,37.977,29.491,99.974,2.4000000953674316,0.0,0.0,0.0,170.219,2.645,0.0
929.0,run_20260920_093400,,unloading,unloading,37.97,29.483,99.974,2.4000000953674316,0.0,0.0,0.0,170.219,2.6466,0.0
930.0,run_20260920_093400,,unloading,unloading,37.962,29.475,99.974,2.4000000953674316,0.0,0.0,0.0,170.219,2.6483,0.0
931.0,run_20260920_093400,,unloading,unloading,37.955,29.467,99.974,2.4000000953674316,0.0,0.0,0.0,170.219,2.65,0.0
932.0,run_20260920_093400,,unloading,unloading,37.947,29.459,99.973,2.4000000953674316,0.0,0.0,0.0,170.219,2.6516,0.0
933.0,run_20260920_093400,,unloading,unloading,37.939,29.45,99.973,2.4000000953674316,0.0,0.0,0.0,170.219,2.6533,0.0
934.0,run_20260920_093400,,unloading,unloading,37.932,29.442,99.973,2.4000000953674316,0.0,0.0,0.0,170.219,2.655,0.0
935.0,run_20260920_093400,,unloading,unloading,37.924,29.434,99.973,2.4000000953674316,0.0,0.0,0.0,170.219,2.6566,0.0
936.0,run_20260920_093400,,unloading,unloading,37.917,29.426,99.973,2.4000000953674316,0.0,0.0,0.0,170.219,2.6583,0.0
937.0,run_20260920_093400,,unloading,unloading,37.909,29.418,99.973,2.4000000953674316,0.0,0.0,0.0,170.219,2.66,0.0
938.0,run_20260920_093400,,unloading,unloading,37.902,29.409,99.973,2.4000000953674316,0.0,0.0,0.0,170.219,2.6616,0.0
939.0,run_20260920_093400,,unloading,unloading,37.894,29.401,99.973,2.4000000953674316,0.0,0.0,0.0,170.219,2.6633,0.0
940.0,run_20260920_093400,,unloading,unloading,37.886,29.393,99.973,2.4000000953674316,0.0,0.0,0.0,170.219,2.665,0.0
941.0,run_20260920_093400,,unloading,unloading,37.879,29.385,99.973,2.4000000953674316,0.0,0.0,0.0,170.219,2.6666,0.0
942.0,run_20260920_093400,,unloading,unloading,37.871,29.377,99.973,2.4000000953674316,0.0,0.0,0.0,170.219,2.6683,0.0
943.0,run_20260920_093400,,unloading,unloading,37.864,29.369,99.973,2.4000000953674316,0.0,0.0,0.0,170.219,2.67,0.0
944.0,run_20260920_093400,,unloading,unloading,37.856,29.361,99.973,2.4000000953674316,0.0,0.0,0.0,170.219,2.6716,0.0
945.0,run_20260920_093400,,unloading,unloading,37.849,29.353,99.973,2.4000000953674316,0.0,0.0,0.0,170.219,2.6733,0.0
946.0,run_20260920_093400,,waiting,waiting,37.841,29.344,99.973,0.0,0.0,0.0,0.0,170.219,2.675,0.0
947.0,run_20260920_093400,,driving,driving,37.833,29.337,99.973,0.0,0.017,0.009,0.0004,170.219,2.6767,0.0
948.0,run_20260920_093400,,driving,driving,37.824,29.341,99.973,0.0,0.325,0.181,0.0899,170.309,2.6788,0.0
949.0,run_20260920_093400,,driving,driving,37.807,29.366,99.973,0.0,0.896,0.499,0.3936,170.702,2.6824,0.0
950.0,run_20260920_093400,,driving,driving,37.789,29.391,99.973,0.0,0.891,0.497,0.4733,171.176,2.6865,0.0
951.0,run_20260920_093400,,driving,driving,37.769,29.416,99.973,0.0,0.894,0.498,0.5007,171.676,2.6907,0.0
952.0,run_20260920_093400,,driving,driving,37.75,29.441,99.973,0.0,0.891,0.496,0.4988,172.175,2.6949,0.0
953.0,run_20260920_093400,,driving,driving,37.731,29.466,99.973,0.0,0.895,0.499,0.5016,172.677,2.6992,0.0
954.0,run_20260920_093400,,driving,driving,37.712,29.49,99.973,0.0,0.88,0.49,0.4791,173.156,2.7033,0.0
955.0,run_20260920_093400,,driving,driving,37.693,29.515,99.973,0.0,0.896,0.499,0.495,173.651,2.7074,0.0
956.0,run_20260920_093400,,driving,driving,37.674,29.539,99.973,0.0,0.882,0.492,0.4925,174.143,2.7116,0.0
957.0,run_20260920_093400,,driving,driving,37.655,29.564,99.973,0.0,0.89,0.496,0.498,174.641,2.7158,0.0
958.0,run_20260920_093400,,driving,driving,37.636,29.588,99.973,0.0,0.874,0.487,0.4916,175.133,2.72,0.0
959.0,run_20260920_093400,,driving,driving,37.618,29.613,99.973,0.0,0.897,0.5,0.482,175.615,2.7241,0.0
960.0,run_20260920_093400,,driving,driving,37.599,29.633,99.973,0.0,0.778,0.434,0.4855,176.101,2.7283,0.0
961.0,run_20260920_093400,,driving,driving,37.584,29.639,99.973,0.0,0.379,0.211,0.3294,176.43,2.7316,0.0
962.0,run_20260920_093400,,driving,driving,37.574,29.631,99.973,0.0,0.013,0.007,0.0985,176.528,2.7338,0.0
963.0,run_20260920_093400,,loading,loading,37.566,29.622,99.973,0.0,0.0,0.0,0.0284,176.557,2.7356,0.0
964.0,run_20260920_093400,,loading,loading,37.558,29.614,99.973,0.0,0.0,0.0,0.0,176.557,2.7372,0.0
965.0,run_20260920_093400,,loading,loading,37.55,29.606,99.973,0.0,0.0,0.0,0.0,176.557,2.7389,0.0
966.0,run_20260920_093400,,loading,loading,37.543,29.597,99.973,0.0,0.0,0.0,0.0,176.557,2.7406,0.0
967.0,run_20260920_093400,,loading,loading,37.535,29.589,99.973,0.0,0.0,0.0,0.0,176.557,2.7422,0.0
968.0,run_20260920_093400,,loading,loading,37.528,29.581,99.973,0.0,0.0,0.0,0.0,176.557,2.7439,0.0
969.0,run_20260920_093400,,loading,loading,37.52,29.572,99.973,0.0,0.0,0.0,0.0,176.557,2.7456,0.0
970.0,run_20260920_093400,,loading,loading,37.513,29.564,99.973,0.0,0.0,0.0,0.0,176.557,2.7472,0.0
971.0,run_20260920_093400,,loading,loading,37.505,29.556,99.973,0.0,0.0,0.0,0.0,176.557,2.7489,0.0
972.0,run_20260920_093400,,loading,loading,37.497,29.547,99.972,0.0,0.0,0.0,0.0,176.557,2.7506,0.0
973.0,run_20260920_093400,,loading,loading,37.49,29.539,99.972,0.0,0.0,0.0,0.0,176.557,2.7522,0.0
974.0,run_20260920_093400,,loading,loading,37.482,29.531,99.972,0.0,0.0,0.0,0.0,176.557,2.7539,0.0
975.0,run_20260920_093400,,loading,loading,37.475,29.522,99.972,0.0,0.0,0.0,0.0,176.557,2.7556,0.0
976.0,run_20260920_093400,,loading,loading,37.467,29.514,99.972,0.0,0.0,0.0,0.0,176.557,2.7572,0.0
977.0,run_20260920_093400,,loading,loading,37.459,29.506,99.972,0.0,0.0,0.0,0.0,176.557,2.7589,0.0
978.0,run_20260920_093400,,loading,loading,37.452,29.498,99.972,0.0,0.0,0.0,0.0,176.557,2.7606,0.0
979.0,run_20260920_093400,,loading,loading,37.444,29.489,99.972,0.0,0.0,0.0,0.0,176.557,2.7622,0.0
980.0,run_20260920_093400,,loading,loading,37.437,29.481,99.972,0.0,0.0,0.0,0.0,176.557,2.7639,0.0
981.0,run_20260920_093400,,loading,loading,37.429,29.473,99.972,0.0,0.0,0.0,0.0,176.557,2.7656,0.0
982.0,run_20260920_093400,,loading,loading,37.422,29.465,99.972,0.0,0.0,0.0,0.0,176.557,2.7672,0.0
983.0,run_20260920_093400,,loading,loading,37.414,29.456,99.972,0.0,0.0,0.0,0.0,176.557,2.7689,0.0
984.0,run_20260920_093400,,loading,loading,37.406,29.448,99.972,0.0,0.0,0.0,0.0,176.557,2.7706,0.0
985.0,run_20260920_093400,,loading,loading,37.399,29.44,99.972,0.0,0.0,0.0,0.0,176.557,2.7722,0.0
986.0,run_20260920_093400,,loading,loading,37.391,29.432,99.972,0.0,0.0,0.0,0.0,176.557,2.7739,0.0
987.0,run_20260920_093400,,loading,loading,37.384,29.424,99.972,0.0,0.0,0.0,0.0,176.557,2.7756,0.0
988.0,run_20260920_093400,,loading,loading,37.376,29.416,99.972,0.0,0.0,0.0,0.0,176.557,2.7772,0.0
989.0,run_20260920_093400,,loading,loading,37.369,29.407,99.972,0.0,0.0,0.0,0.0,176.557,2.7789,0.0
990.0,run_20260920_093400,,loading,loading,37.361,29.399,99.972,0.0,0.0,0.0,0.0,176.557,2.7806,0.0
991.0,run_20260920_093400,,loading,loading,37.353,29.391,99.972,0.0,0.0,0.0,0.0,176.557,2.7822,0.0
992.0,run_20260920_093400,,loading,loading,37.346,29.383,99.972,0.0,0.0,0.0,0.0,176.557,2.7839,0.0
993.0,run_20260920_093400,,loading,loading,37.338,29.375,99.972,0.0,0.0,0.0,0.0,176.557,2.7856,0.0
994.0,run_20260920_093400,,waiting,waiting,37.331,29.367,99.972,2.0,0.0,0.0,0.0,176.557,2.7872,0.0
995.0,run_20260920_093400,,driving,driving,37.32,29.367,99.972,2.0,0.212,0.118,0.0841,176.641,2.7895,0.0
996.0,run_20260920_093400,,driving,driving,37.31,29.363,99.972,2.0,0.107,0.059,0.0861,176.727,2.7918,0.0
997.0,run_20260920_093400,,driving,driving,37.294,29.387,99.972,2.0,0.788,0.439,0.246,176.973,2.7953,0.0
998.0,run_20260920_093400,,driving,driving,37.27,29.416,99.972,2.0,0.893,0.498,0.4855,177.459,2.8006,0.0
999.0,run_20260920_093400,,driving,driving,37.246,29.444,99.972,2.0,0.897,0.5,0.4852,177.944,2.8059,0.0
1000.0,run_20260920_093400,,driving,driving,37.221,29.472,99.972,2.0,0.885,0.493,0.5034,178.447,2.8113,0.0
1001.0,run_20260920_093400,,driving,driving,37.197,29.5,99.972,2.0,0.897,0.5,0.4926,178.94,2.8167,0.0
1002.0,run_20260920_093400,,driving,driving,37.172,29.528,99.972,2.0,0.896,0.499,0.5038,179.444,2.8221,0.0
1003.0,run_20260920_093400,,driving,driving,37.148,29.557,99.972,2.0,0.895,0.498,0.5032,179.947,2.8275,0.0
1004.0,run_20260920_093400,,driving,driving,37.124,29.584,99.972,2.0,0.874,0.487,0.4834,180.43,2.8328,0.0
1005.0,run_20260920_093400,,driving,driving,37.099,29.612,99.972,2.0,0.897,0.5,0.5009,180.931,2.8382,0.0
1006.0,run_20260920_093400,,driving,driving,37.075,29.64,99.972,2.0,0.889,0.496,0.5027,181.434,2.8436,0.0
1007.0,run_20260920_093400,,driving,driving,37.05,29.668,99.972,2.0,0.895,0.499,0.5008,181.935,2.849,0.0
1008.0,run_20260920_093400,,driving,driving,37.026,29.695,99.971,2.0,0.87,0.485,0.4768,182.411,2.8542,0.0
1009.0,run_20260920_093400,,driving,driving,37.002,29.722,99.971,2.0,0.87,0.485,0.492,182.903,2.8595,0.0
1010.0,run_20260920_093400,,driving,driving,36.978,29.749,99.971,2.0,0.887,0.494,0.4886,183.392,2.8649,0.0
1011.0,run_20260920_093400,,driving,driving,36.954,29.777,99.971,2.0,0.891,0.496,0.4927,183.885,2.8702,0.0
1012.0,run_20260920_093400,,driving,driving,36.929,29.805,99.971,2.0,0.896,0.499,0.4959,184.381,2.8756,0.0
1013.0,run_20260920_093400,,driving,driving,36.905,29.833,99.971,2.0,0.897,0.5,0.4815,184.862,2.8808,0.0
1014.0,run_20260920_093400,,driving,driving,36.881,29.856,99.971,2.0,0.783,0.437,0.4891,185.351,2.8861,0.0
1015.0,run_20260920_093400,,driving,driving,36.862,29.867,99.971,2.0,0.469,0.261,0.3467,185.698,2.8904,0.0
1016.0,run_20260920_093400,,loading,loading,36.854,29.858,99.971,2.0,0.0,0.0,0.0075,185.705,2.8921,0.0
1017.0,run_20260920_093400,,loading,loading,36.846,29.849,99.971,2.0,0.0,0.0,0.0,185.705,2.8938,0.0
1018.0,run_20260920_093400,,loading,loading,36.839,29.841,99.971,2.0,0.0,0.0,0.0,185.705,2.8955,0.0
1019.0,run_20260920_093400,,loading,loading,36.831,29.832,99.971,2.0,0.0,0.0,0.0,185.705,2.8971,0.0
1020.0,run_20260920_093400,,loading,loading,36.824,29.823,99.971,2.0,0.0,0.0,0.0,185.705,2.8988,0.0
1021.0,run_20260920_093400,,loading,loading,36.816,29.815,99.971,2.0,0.0,0.0,0.0,185.705,2.9005,0.0
1022.0,run_20260920_093400,,loading,loading,36.809,29.806,99.971,2.0,0.0,0.0,0.0,185.705,2.9021,0.0
1023.0,run_20260920_093400,,loading,loading,36.801,29.798,99.971,2.0,0.0,0.0,0.0,185.705,2.9038,0.0
1024.0,run_20260920_093400,,loading,loading,36.793,29.789,99.971,2.0,0.0,0.0,0.0,185.705,2.9055,0.0
1025.0,run_20260920_093400,,loading,loading,36.786,29.781,99.971,2.0,0.0,0.0,0.0,185.705,2.9071,0.0
1026.0,run_20260920_093400,,loading,loading,36.778,29.772,99.971,2.0,0.0,0.0,0.0,185.705,2.9088,0.0
1027.0,run_20260920_093400,,loading,loading,36.771,29.763,99.971,2.0,0.0,0.0,0.0,185.705,2.9105,0.0
1028.0,run_20260920_093400,,loading,loading,36.763,29.755,99.971,2.0,0.0,0.0,0.0,185.705,2.9121,0.0
1029.0,run_20260920_093400,,loading,loading,36.756,29.746,99.971,2.0,0.0,0.0,0.0,185.705,2.9138,0.0
1030.0,run_20260920_093400,,loading,loading,36.748,29.738,99.971,2.0,0.0,0.0,0.0,185.705,2.9155,0.0
1031.0,run_20260920_093400,,loading,loading,36.74,29.729,99.971,2.0,0.0,0.0,0.0,185.705,2.9171,0.0
1032.0,run_20260920_093400,,loading,loading,36.733,29.721,99.971,2.0,0.0,0.0,0.0,185.705,2.9188,0.0
1033.0,run_20260920_093400,,loading,loading,36.725,29.712,99.971,2.0,0.0,0.0,0.0,185.705,2.9205,0.0
1034.0,run_20260920_093400,,loading,loading,36.718,29.704,99.971,2.0,0.0,0.0,0.0,185.705,2.9221,0.0
1035.0,run_20260920_093400,,loading,loading,36.71,29.695,99.971,2.0,0.0,0.0,0.0,185.705,2.9238,0.0
1036.0,run_20260920_093400,,loading,loading,36.702,29.687,99.971,2.0,0.0,0.0,0.0,185.705,2.9255,0.0
1037.0,run_20260920_093400,,loading,loading,36.695,29.678,99.971,2.0,0.0,0.0,0.0,185.705,2.9271,0.0
1038.0,run_20260920_093400,,loading,loading,36.687,29.67,99.971,2.0,0.0,0.0,0.0,185.705,2.9288,0.0
1039.0,run_20260920_093400,,loading,loading,36.68,29.662,99.971,2.0,0.0,0.0,0.0,185.705,2.9305,0.0
1040.0,run_20260920_093400,,loading,loading,36.672,29.653,99.971,2.0,0.0,0.0,0.0,185.705,2.9321,0.0
1041.0,run_20260920_093400,,loading,loading,36.665,29.645,99.971,2.0,0.0,0.0,0.0,185.705,2.9338,0.0
1042.0,run_20260920_093400,,loading,loading,36.657,29.636,99.971,2.0,0.0,0.0,0.0,185.705,2.9355,0.0
1043.0,run_20260920_093400,,loading,loading,36.649,29.628,99.971,2.0,0.0,0.0,0.0,185.705,2.9371,0.0
1044.0,run_20260920_093400,,loading,loading,36.642,29.62,99.971,2.0,0.0,0.0,0.0,185.705,2.9388,0.0
1045.0,run_20260920_093400,,loading,loading,36.634,29.611,99.971,2.0,0.0,0.0,0.0,185.705,2.9405,0.0
1046.0,run_20260920_093400,,waiting,waiting,36.627,29.603,99.971,5.0,0.0,0.0,0.0,185.705,2.9421,0.0
1047.0,run_20260920_093400,,driving,driving,36.618,29.603,99.971,5.0,0.184,0.103,0.0161,185.721,2.944,0.0
1048.0,run_20260920_093400,,driving,driving,36.602,29.604,99.971,5.0,0.203,0.113,0.1687,185.89,2.9475,0.0
1049.0,run_20260920_093400,,driving,driving,36.593,29.597,99.971,5.0,0.024,0.013,0.0385,185.929,2.9496,0.0
1050.0,run_20260920_093400,,driving,driving,36.579,29.623,99.97,5.0,0.76,0.423,0.1309,186.06,2.9527,0.0
1051.0,run_20260920_093400,,driving,driving,36.547,29.656,99.97,5.0,0.883,0.492,0.4896,186.549,2.9597,0.0
1052.0,run_20260920_093400,,driving,driving,36.514,29.688,99.97,5.0,0.876,0.488,0.4995,187.049,2.9669,0.0
1053.0,run_20260920_093400,,driving,driving,36.482,29.721,99.97,5.0,0.895,0.499,0.4823,187.531,2.9739,0.0
1054.0,run_20260920_093400,,driving,driving,36.45,29.754,99.97,5.0,0.897,0.5,0.4998,188.031,2.981,0.0
1055.0,run_20260920_093400,,driving,driving,36.417,29.786,99.97,5.0,0.88,0.49,0.4954,188.526,2.9882,0.0
1056.0,run_20260920_093400,,driving,driving,36.386,29.815,99.97,5.0,0.805,0.448,0.4706,188.997,2.995,0.0
1057.0,run_20260920_093400,,driving,driving,36.356,29.847,99.97,5.0,0.89,0.496,0.4566,189.453,3.0017,0.0
1058.0,run_20260920_093400,,driving,driving,36.325,29.88,99.97,5.0,0.884,0.493,0.4704,189.924,3.0085,0.0
1059.0,run_20260920_093400,,driving,driving,36.292,29.912,99.97,5.0,0.897,0.5,0.5011,190.425,3.0157,0.0
1060.0,run_20260920_093400,,driving,driving,36.259,29.945,99.97,5.0,0.897,0.5,0.5014,190.926,3.0229,0.0
1061.0,run_20260920_093400,,driving,driving,36.227,29.978,99.97,5.0,0.897,0.5,0.4992,191.426,3.0301,0.0
1062.0,run_20260920_093400,,driving,driving,36.194,30.01,99.97,5.0,0.889,0.495,0.499,191.925,3.0372,0.0
1063.0,run_20260920_093400,,driving,driving,36.163,30.043,99.97,5.0,0.896,0.499,0.4757,192.4,3.0442,0.0
1064.0,run_20260920_093400,,driving,driving,36.13,30.074,99.969,5.0,0.868,0.484,0.4995,192.9,3.0513,0.0
1065.0,run_20260920_093400,,driving,driving,36.098,30.107,99.969,5.0,0.895,0.499,0.4971,193.397,3.0585,0.0
1066.0,run_20260920_093400,,driving,driving,36.066,30.139,99.969,5.0,0.895,0.499,0.4894,193.886,3.0655,0.0
1067.0,run_20260920_093400,,driving,driving,36.034,30.172,99.969,5.0,0.897,0.5,0.4795,194.366,3.0725,0.0
1068.0,run_20260920_093400,,driving,driving,36.001,30.204,99.969,5.0,0.896,0.499,0.5014,194.867,3.0797,0.0
1069.0,run_20260920_093400,,driving,driving,35.969,30.231,99.969,5.0,0.77,0.429,0.4892,195.356,3.0867,0.0
1070.0,run_20260920_093400,,driving,driving,35.944,30.245,99.969,5.0,0.5,0.278,0.3511,195.707,3.0923,0.0
1071.0,run_20260920_093400,,driving,driving,35.929,30.239,99.969,5.0,0.062,0.034,0.1435,195.851,3.0955,0.0
1072.0,run_20260920_093400,,driving,driving,35.921,30.23,99.969,5.0,0.0,0.0,0.0209,195.872,3.0974,0.0
1073.0,run_20260920_093400,,unloading,unloading,35.913,30.221,99.969,5.0,0.0,0.0,0.0,195.872,3.0991,0.0
1074.0,run_20260920_093400,,unloading,unloading,35.906,30.212,99.969,5.0,0.0,0.0,0.0,195.872,3.1008,0.0
1075.0,run_20260920_093400,,unloading,unloading,35.898,30.202,99.969,5.0,0.0,0.0,0.0,195.872,3.1024,0.0
1076.0,run_20260920_093400,,unloading,unloading,35.891,30.193,99.969,5.0,0.0,0.0,0.0,195.872,3.1041,0.0
1077.0,run_20260920_093400,,unloading,unloading,35.883,30.184,99.969,5.0,0.0,0.0,0.0,195.872,3.1058,0.0
1078.0,run_20260920_093400,,unloading,unloading,35.875,30.175,99.969,5.0,0.0,0.0,0.0,195.872,3.1074,0.0
1079.0,run_20260920_093400,,unloading,unloading,35.868,30.166,99.969,5.0,0.0,0.0,0.0,195.872,3.1091,0.0
1080.0,run_20260920_093400,,unloading,unloading,35.86,30.157,99.969,5.0,0.0,0.0,0.0,195.872,3.1108,0.0
1081.0,run_20260920_093400,,unloading,unloading,35.853,30.148,99.969,5.0,0.0,0.0,0.0,195.872,3.1124,0.0
1082.0,run_20260920_093400,,unloading,unloading,35.845,30.14,99.969,5.0,0.0,0.0,0.0,195.872,3.1141,0.0
1083.0,run_20260920_093400,,unloading,unloading,35.837,30.131,99.969,5.0,0.0,0.0,0.0,195.872,3.1158,0.0
1084.0,run_20260920_093400,,unloading,unloading,35.83,30.122,99.969,5.0,0.0,0.0,0.0,195.872,3.1174,0.0
1085.0,run_20260920_093400,,unloading,unloading,35.822,30.113,99.969,5.0,0.0,0.0,0.0,195.872,3.1191,0.0
1086.0,run_20260920_093400,,unloading,unloading,35.815,30.104,99.969,5.0,0.0,0.0,0.0,195.872,3.1208,0.0
1087.0,run_20260920_093400,,unloading,unloading,35.807,30.095,99.969,5.0,0.0,0.0,0.0,195.872,3.1224,0.0
1088.0,run_20260920_093400,,unloading,unloading,35.8,30.086,99.969,5.0,0.0,0.0,0.0,195.872,3.1241,0.0
1089.0,run_20260920_093400,,unloading,unloading,35.792,30.077,99.969,5.0,0.0,0.0,0.0,195.872,3.1258,0.0
1090.0,run_20260920_093400,,unloading,unloading,35.784,30.068,99.969,5.0,0.0,0.0,0.0,195.872,3.1274,0.0
1091.0,run_20260920_093400,,unloading,unloading,35.777,30.059,99.969,5.0,0.0,0.0,0.0,195.872,3.1291,0.0
1092.0,run_20260920_093400,,unloading,unloading,35.769,30.05,99.969,5.0,0.0,0.0,0.0,195.872,3.1308,0.0
1093.0,run_20260920_093400,,unloading,unloading,35.762,30.042,99.969,5.0,0.0,0.0,0.0,195.872,3.1324,0.0
1094.0,run_20260920_093400,,unloading,unloading,35.754,30.033,99.969,5.0,0.0,0.0,0.0,195.872,3.1341,0.0
1095.0,run_20260920_093400,,unloading,unloading,35.747,30.024,99.969,5.0,0.0,0.0,0.0,195.872,3.1358,0.0
1096.0,run_20260920_093400,,unloading,unloading,35.739,30.015,99.969,5.0,0.0,0.0,0.0,195.872,3.1374,0.0
1097.0,run_20260920_093400,,unloading,unloading,35.731,30.006,99.969,5.0,0.0,0.0,0.0,195.872,3.1391,0.0
1098.0,run_20260920_093400,,unloading,unloading,35.724,29.997,99.969,5.0,0.0,0.0,0.0,195.872,3.1408,0.0
1099.0,run_20260920_093400,,unloading,unloading,35.716,29.989,99.969,5.0,0.0,0.0,0.0,195.872,3.1424,0.0
1100.0,run_20260920_093400,,unloading,unloading,35.709,29.98,99.969,5.0,0.0,0.0,0.0,195.872,3.1441,0.0
1101.0,run_20260920_093400,,unloading,unloading,35.701,29.971,99.969,5.0,0.0,0.0,0.0,195.872,3.1458,0.0
1102.0,run_20260920_093400,,unloading,unloading,35.694,29.962,99.969,5.0,0.0,0.0,0.0,195.872,3.1474,0.0
1103.0,run_20260920_093400,,waiting,waiting,35.686,29.954,99.969,0.0,0.0,0.0,0.0,195.872,3.1491,0.0
1104.0,run_20260920_093400,,driving,driving,35.678,29.949,99.968,0.0,0.105,0.058,0.0122,195.884,3.1508,0.0
1105.0,run_20260920_093400,,driving,driving,35.667,29.961,99.968,0.0,0.567,0.316,0.1657,196.05,3.1533,0.0
1106.0,run_20260920_093400,,driving,driving,35.649,29.985,99.968,0.0,0.881,0.491,0.458,196.508,3.1573,0.0
1107.0,run_20260920_093400,,driving,driving,35.63,30.009,99.968,0.0,0.896,0.499,0.484,196.992,3.1615,0.0
1108.0,run_20260920_093400,,driving,driving,35.61,30.033,99.968,0.0,0.89,0.496,0.5032,197.495,3.1657,0.0
1109.0,run_20260920_093400,,driving,driving,35.591,30.057,99.968,0.0,0.881,0.491,0.4966,197.991,3.1699,0.0
1110.0,run_20260920_093400,,driving,driving,35.572,30.081,99.968,0.0,0.895,0.499,0.5014,198.493,3.1741,0.0
1111.0,run_20260920_093400,,driving,driving,35.553,30.106,99.968,0.0,0.897,0.5,0.5015,198.994,3.1783,0.0
1112.0,run_20260920_093400,,driving,driving,35.534,30.13,99.968,0.0,0.89,0.496,0.4851,199.479,3.1825,0.0
1113.0,run_20260920_093400,,driving,driving,35.515,30.154,99.968,0.0,0.897,0.5,0.5033,199.983,3.1867,0.0
1114.0,run_20260920_093400,,driving,driving,35.496,30.178,99.968,0.0,0.889,0.495,0.5027,200.486,3.191,0.0
1115.0,run_20260920_093400,,driving,driving,35.477,30.2,99.968,0.0,0.833,0.464,0.4934,200.979,3.1951,0.0
1116.0,run_20260920_093400,,driving,driving,35.459,30.219,99.968,0.0,0.765,0.426,0.4291,201.408,3.199,0.0
1117.0,run_20260920_093400,,driving,driving,35.441,30.243,99.968,0.0,0.895,0.499,0.4696,201.878,3.2031,0.0
1118.0,run_20260920_093400,,driving,driving,35.421,30.267,99.968,0.0,0.897,0.5,0.5002,202.378,3.2073,0.0
1119.0,run_20260920_093400,,driving,driving,35.402,30.291,99.968,0.0,0.89,0.496,0.5005,202.878,3.2115,0.0
1120.0,run_20260920_093400,,driving,driving,35.383,30.315,99.968,0.0,0.895,0.498,0.5013,203.38,3.2157,0.0
1121.0,run_20260920_093400,,driving,driving,35.364,30.339,99.968,0.0,0.897,0.5,0.4844,203.864,3.2199,0.0
1122.0,run_20260920_093400,,driving,driving,35.345,30.363,99.968,0.0,0.894,0.498,0.501,204.365,3.2241,0.0
1123.0,run_20260920_093400,,driving,driving,35.326,30.386,99.968,0.0,0.865,0.482,0.4996,204.864,3.2283,0.0
1124.0,run_20260920_093400,,driving,driving,35.307,30.405,99.968,0.0,0.769,0.429,0.4866,205.351,3.2325,0.0
1125.0,run_20260920_093400,,driving,driving,35.292,30.413,99.968,0.0,0.473,0.263,0.3313,205.682,3.2358,0.0
1126.0,run_20260920_093400,,loading,loading,35.284,30.404,99.968,0.0,0.0,0.0,0.0115,205.694,3.2376,0.0
1127.0,run_20260920_093400,,loading,loading,35.276,30.395,99.968,0.0,0.0,0.0,0.0,205.694,3.2392,0.0
1128.0,run_20260920_093400,,loading,loading,35.269,30.385,99.968,0.0,0.0,0.0,0.0,205.694,3.2409,0.0
1129.0,run_20260920_093400,,loading,loading,35.261,30.376,99.968,0.0,0.0,0.0,0.0,205.694,3.2426,0.0
1130.0,run_20260920_093400,,loading,loading,35.254,30.367,99.968,0.0,0.0,0.0,0.0,205.694,3.2442,0.0
1131.0,run_20260920_093400,,loading,loading,35.246,30.358,99.968,0.0,0.0,0.0,0.0,205.694,3.2459,0.0
1132.0,run_20260920_093400,,loading,loading,35.238,30.349,99.968,0.0,0.0,0.0,0.0,205.694,3.2476,0.0
1133.0,run_20260920_093400,,loading,loading,35.231,30.339,99.968,0.0,0.0,0.0,0.0,205.694,3.2492,0.0
1134.0,run_20260920_093400,,loading,loading,35.223,30.33,99.967,0.0,0.0,0.0,0.0,205.694,3.2509,0.0
1135.0,run_20260920_093400,,loading,loading,35.216,30.321,99.967,0.0,0.0,0.0,0.0,205.694,3.2526,0.0
1136.0,run_20260920_093400,,loading,loading,35.208,30.312,99.967,0.0,0.0,0.0,0.0,205.694,3.2542,0.0
1137.0,run_20260920_093400,,loading,loading,35.201,30.303,99.967,0.0,0.0,0.0,0.0,205.694,3.2559,0.0
1138.0,run_20260920_093400,,loading,loading,35.193,30.294,99.967,0.0,0.0,0.0,0.0,205.694,3.2576,0.0
1139.0,run_20260920_093400,,loading,loading,35.185,30.284,99.967,0.0,0.0,0.0,0.0,205.694,3.2592,0.0
1140.0,run_20260920_093400,,loading,loading,35.178,30.275,99.967,0.0,0.0,0.0,0.0,205.694,3.2609,0.0
1141.0,run_20260920_093400,,loading,loading,35.17,30.266,99.967,0.0,0.0,0.0,0.0,205.694,3.2626,0.0
1142.0,run_20260920_093400,,loading,loading,35.163,30.257,99.967,0.0,0.0,0.0,0.0,205.694,3.2642,0.0
1143.0,run_20260920_093400,,loading,loading,35.155,30.248,99.967,0.0,0.0,0.0,0.0,205.694,3.2659,0.0
1144.0,run_20260920_093400,,loading,loading,35.147,30.239,99.967,0.0,0.0,0.0,0.0,205.694,3.2676,0.0
1145.0,run_20260920_093400,,loading,loading,35.14,30.23,99.967,0.0,0.0,0.0,0.0,205.694,3.2692,0.0
1146.0,run_20260920_093400,,loading,loading,35.132,30.221,99.967,0.0,0.0,0.0,0.0,205.694,3.2709,0.0
1147.0,run_20260920_093400,,loading,loading,35.125,30.212,99.967,0.0,0.0,0.0,0.0,205.694,3.2726,0.0
1148.0,run_20260920_093400,,loading,loading,35.117,30.203,99.967,0.0,0.0,0.0,0.0,205.694,3.2742,0.0
1149.0,run_20260920_093400,,loading,loading,35.11,30.194,99.967,0.0,0.0,0.0,0.0,205.694,3.2759,0.0
1150.0,run_20260920_093400,,loading,loading,35.102,30.185,99.967,0.0,0.0,0.0,0.0,205.694,3.2776,0.0
1151.0,run_20260920_093400,,loading,loading,35.094,30.176,99.967,0.0,0.0,0.0,0.0,205.694,3.2792,0.0
1152.0,run_20260920_093400,,loading,loading,35.087,30.167,99.967,0.0,0.0,0.0,0.0,205.694,3.2809,0.0
1153.0,run_20260920_093400,,loading,loading,35.079,30.158,99.967,0.0,0.0,0.0,0.0,205.694,3.2826,0.0
1154.0,run_20260920_093400,,loading,loading,35.072,30.149,99.967,0.0,0.0,0.0,0.0,205.694,3.2842,0.0
1155.0,run_20260920_093400,,loading,loading,35.064,30.14,99.967,0.0,0.0,0.0,0.0,205.694,3.2859,0.0
1156.0,run_20260920_093400,,waiting,waiting,35.057,30.131,99.967,1.600000023841858,0.0,0.0,0.0,205.694,3.2876,0.0
1157.0,run_20260920_093400,,driving,driving,35.049,30.127,99.967,1.600000023841858,0.125,0.07,0.0102,205.704,3.2893,0.0
1158.0,run_20260920_093400,,driving,driving,35.035,30.133,99.967,1.600000023841858,0.366,0.204,0.1813,205.885,3.2922,0.0
1159.0,run_20260920_093400,,driving,driving,35.025,30.126,99.967,1.600000023841858,0.048,0.027,0.0984,205.984,3.2946,0.0
1160.0,run_20260920_093400,,driving,driving,35.015,30.129,99.967,1.600000023841858,0.299,0.167,0.05,206.034,3.2966,0.0
1161.0,run_20260920_093400,,driving,driving,34.995,30.156,99.967,1.600000023841858,0.897,0.5,0.406,206.44,3.3011,0.0
1162.0,run_20260920_093400,,driving,driving,34.971,30.182,99.967,1.600000023841858,0.897,0.5,0.5037,206.944,3.3063,0.0
1163.0,run_20260920_093400,,driving,driving,34.948,30.209,99.967,1.600000023841858,0.897,0.5,0.504,207.448,3.3115,0.0
1164.0,run_20260920_093400,,driving,driving,34.924,30.236,99.967,1.600000023841858,0.889,0.496,0.5016,207.949,3.3167,0.0
1165.0,run_20260920_093400,,driving,driving,34.901,30.262,99.967,1.600000023841858,0.89,0.496,0.5012,208.45,3.3218,0.0
1166.0,run_20260920_093400,,driving,driving,34.878,30.289,99.967,1.600000023841858,0.896,0.499,0.4784,208.929,3.3269,0.0
1167.0,run_20260920_093400,,driving,driving,34.854,30.315,99.967,1.600000023841858,0.886,0.494,0.5027,209.431,3.332,0.0
1168.0,run_20260920_093400,,driving,driving,34.831,30.34,99.967,1.600000023841858,0.859,0.478,0.4846,209.916,3.3371,0.0
1169.0,run_20260920_093400,,driving,driving,34.808,30.365,99.967,1.600000023841858,0.846,0.471,0.4883,210.404,3.3422,0.0
1170.0,run_20260920_093400,,driving,driving,34.785,30.392,99.967,1.600000023841858,0.895,0.498,0.4779,210.882,3.3472,0.0
1171.0,run_20260920_093400,,driving,driving,34.762,30.418,99.966,1.600000023841858,0.897,0.5,0.5033,211.386,3.3524,0.0
1172.0,run_20260920_093400,,driving,driving,34.738,30.445,99.966,1.600000023841858,0.897,0.5,0.5039,211.89,3.3576,0.0
1173.0,run_20260920_093400,,driving,driving,34.715,30.471,99.966,1.600000023841858,0.897,0.5,0.5034,212.393,3.3628,0.0
1174.0,run_20260920_093400,,driving,driving,34.691,30.498,99.966,1.600000023841858,0.889,0.495,0.5017,212.895,3.368,0.0
1175.0,run_20260920_093400,,driving,driving,34.668,30.524,99.966,1.600000023841858,0.897,0.5,0.4823,213.377,3.373,0.0
1176.0,run_20260920_093400,,driving,driving,34.645,30.55,99.966,1.600000023841858,0.881,0.491,0.4989,213.876,3.3782,0.0
1177.0,run_20260920_093400,,driving,driving,34.622,30.576,99.966,1.600000023841858,0.897,0.5,0.4882,214.364,3.3833,0.0
1178.0,run_20260920_093400,,driving,driving,34.598,30.602,99.966,1.600000023841858,0.883,0.492,0.5023,214.866,3.3885,0.0
1179.0,run_20260920_093400,,driving,driving,34.577,30.618,99.966,1.600000023841858,0.62,0.346,0.4112,215.278,3.393,0.0
1180.0,run_20260920_093400,,driving,driving,34.562,30.615,99.966,1.600000023841858,0.167,0.093,0.2363,215.514,3.3963,0.0
1181.0,run_20260920_093400,,driving,driving,34.553,30.613,99.966,1.600000023841858,0.199,0.111,0.062,215.576,3.3984,0.0
1182.0,run_20260920_093400,,unloading,unloading,34.544,30.604,99.966,1.600000023841858,0.0,0.0,0.0313,215.607,3.4003,0.0
1183.0,run_20260920_093400,,unloading,unloading,34.536,30.594,99.966,1.600000023841858,0.0,0.0,0.0,215.607,3.402,0.0
1184.0,run_20260920_093400,,unloading,unloading,34.529,30.585,99.966,1.600000023841858,0.0,0.0,0.0,215.607,3.4037,0.0
1185.0,run_20260920_093400,,unloading,unloading,34.521,30.575,99.966,1.600000023841858,0.0,0.0,0.0,215.607,3.4053,0.0
1186.0,run_20260920_093400,,unloading,unloading,34.514,30.566,99.966,1.600000023841858,0.0,0.0,0.0,215.607,3.407,0.0
1187.0,run_20260920_093400,,unloading,unloading,34.506,30.557,99.966,1.600000023841858,0.0,0.0,0.0,215.607,3.4087,0.0
1188.0,run_20260920_093400,,unloading,unloading,34.499,30.547,99.966,1.600000023841858,0.0,0.0,0.0,215.607,3.4103,0.0
1189.0,run_20260920_093400,,unloading,unloading,34.491,30.538,99.966,1.600000023841858,0.0,0.0,0.0,215.607,3.412,0.0
1190.0,run_20260920_093400,,unloading,unloading,34.483,30.528,99.966,1.600000023841858,0.0,0.0,0.0,215.607,3.4137,0.0
1191.0,run_20260920_093400,,unloading,unloading,34.476,30.519,99.966,1.600000023841858,0.0,0.0,0.0,215.607,3.4153,0.0
1192.0,run_20260920_093400,,unloading,unloading,34.468,30.51,99.966,1.600000023841858,0.0,0.0,0.0,215.607,3.417,0.0
1193.0,run_20260920_093400,,unloading,unloading,34.461,30.5,99.966,1.600000023841858,0.0,0.0,0.0,215.607,3.4187,0.0
1194.0,run_20260920_093400,,unloading,unloading,34.453,30.491,99.966,1.600000023841858,0.0,0.0,0.0,215.607,3.4203,0.0
1195.0,run_20260920_093400,,unloading,unloading,34.446,30.482,99.966,1.600000023841858,0.0,0.0,0.0,215.607,3.422,0.0
1196.0,run_20260920_093400,,unloading,unloading,34.438,30.472,99.966,1.600000023841858,0.0,0.0,0.0,215.607,3.4237,0.0
1197.0,run_20260920_093400,,unloading,unloading,34.43,30.463,99.966,1.600000023841858,0.0,0.0,0.0,215.607,3.4253,0.0
1198.0,run_20260920_093400,,unloading,unloading,34.423,30.454,99.966,1.600000023841858,0.0,0.0,0.0,215.607,3.427,0.0
1199.0,run_20260920_093400,,unloading,unloading,34.415,30.444,99.966,1.600000023841858,0.0,0.0,0.0,215.607,3.4287,0.0
1200.0,run_20260920_093400,,unloading,unloading,34.408,30.435,99.966,1.600000023841858,0.0,0.0,0.0,215.607,3.4303,0.0
1201.0,run_20260920_093400,,unloading,unloading,34.4,30.426,99.966,1.600000023841858,0.0,0.0,0.0,215.607,3.432,0.0
1202.0,run_20260920_093400,,unloading,unloading,34.392,30.417,99.966,1.600000023841858,0.0,0.0,0.0,215.607,3.4337,0.0
1203.0,run_20260920_093400,,unloading,unloading,34.385,30.407,99.966,1.600000023841858,0.0,0.0,0.0,215.607,3.4353,0.0
1204.0,run_20260920_093400,,unloading,unloading,34.377,30.398,99.966,1.600000023841858,0.0,0.0,0.0,215.607,3.437,0.0
1205.0,run_20260920_093400,,unloading,unloading,34.37,30.389,99.966,1.600000023841858,0.0,0.0,0.0,215.607,3.4387,0.0
1206.0,run_20260920_093400,,unloading,unloading,34.362,30.38,99.966,1.600000023841858,0.0,0.0,0.0,215.607,3.4403,0.0
1207.0,run_20260920_093400,,unloading,unloading,34.355,30.37,99.966,1.600000023841858,0.0,0.0,0.0,215.607,3.442,0.0
1208.0,run_20260920_093400,,unloading,unloading,34.347,30.361,99.966,1.600000023841858,0.0,0.0,0.0,215.607,3.4437,0.0
1209.0,run_20260920_093400,,unloading,unloading,34.339,30.352,99.966,1.600000023841858,0.0,0.0,0.0,215.607,3.4453,0.0
1210.0,run_20260920_093400,,unloading,unloading,34.332,30.343,99.966,1.600000023841858,0.0,0.0,0.0,215.607,3.447,0.0
1211.0,run_20260920_093400,,unloading,unloading,34.324,30.334,99.966,1.600000023841858,0.0,0.0,0.0,215.607,3.4487,0.0
1212.0,run_20260920_093400,,waiting,waiting,34.317,30.324,99.965,0.0,0.0,0.0,0.0,215.607,3.4503,0.0
1213.0,run_20260920_093400,,waiting,waiting,34.309,30.315,99.965,0.0,0.0,0.0,0.0,215.607,3.452,0.0
1214.0,run_20260920_093400,,waiting,waiting,34.302,30.306,99.965,0.0,0.0,0.0,0.0,215.607,3.4537,0.0
1215.0,run_20260920_093400,,waiting,waiting,34.294,30.297,99.965,0.0,0.0,0.0,0.0,215.607,3.4553,0.0
1216.0,run_20260920_093400,,waiting,waiting,34.286,30.288,99.965,0.0,0.0,0.0,0.0,215.607,3.457,0.0
