sim_time_s,section_id,status,factory_time_s,produced_total,picked_total,buffer_units,buffer_capacity,buffer_fill,rate_actual_per_hour,health_percent,time_to_full_s,fault_remaining_s,faults_total,lost_units,blocked_time_s
2.66,A,RUNNING,0.0,0,0,4,8,0.5,20.0,100.0,701.6008,0.0,0,0.0,0.0
3.0,A,RUNNING,0.34,0,0,4,8,0.5,20.0,100.0,701.2608,0.0,0,0.0,0.0
4.0,A,RUNNING,1.34,0,0,4,8,0.5,20.0,100.0,700.2608,0.0,0,0.0,0.0
5.0,A,RUNNING,2.34,0,0,4,8,0.5,20.0,100.0,699.2608,0.0,0,0.0,0.0
6.0,A,RUNNING,3.34,0,0,4,8,0.5,20.0,100.0,698.2608,0.0,0,0.0,0.0
7.0,A,RUNNING,4.34,0,0,4,8,0.5,20.0,100.0,697.2608,0.0,0,0.0,0.0
8.0,A,RUNNING,5.34,0,0,4,8,0.5,20.0,100.0,696.2608,0.0,0,0.0,0.0
9.0,A,RUNNING,6.34,0,0,4,8,0.5,20.0,100.0,695.2608,0.0,0,0.0,0.0
10.0,A,RUNNING,7.34,0,0,4,8,0.5,20.0,100.0,694.2608,0.0,0,0.0,0.0
11.0,A,RUNNING,8.34,0,0,4,8,0.5,20.0,100.0,693.2608,0.0,0,0.0,0.0
12.0,A,RUNNING,9.34,0,0,4,8,0.5,20.0,100.0,692.2608,0.0,0,0.0,0.0
13.0,A,RUNNING,10.34,0,0,4,8,0.5,20.0,100.0,691.2608,0.0,0,0.0,0.0
14.0,A,RUNNING,11.34,0,0,4,8,0.5,20.0,100.0,690.2608,0.0,0,0.0,0.0
15.0,A,RUNNING,12.344,0,0,4,8,0.5,20.0,100.0,689.2568,0.0,0,0.0,0.0
16.0,A,RUNNING,13.34,0,0,4,8,0.5,20.0,100.0,688.2608,0.0,0,0.0,0.0
17.0,A,RUNNING,14.34,0,0,4,8,0.5,20.0,100.0,687.2608,0.0,0,0.0,0.0
18.0,A,RUNNING,15.34,0,0,4,8,0.5,20.0,100.0,686.2608,0.0,0,0.0,0.0
19.0,A,RUNNING,16.34,0,0,4,8,0.5,20.0,100.0,685.2608,0.0,0,0.0,0.0
20.0,A,RUNNING,17.34,0,0,4,8,0.5,20.0,100.0,684.2608,0.0,0,0.0,0.0
21.0,A,RUNNING,18.34,0,0,4,8,0.5,20.0,100.0,683.2608,0.0,0,0.0,0.0
22.0,A,RUNNING,19.34,0,0,4,8,0.5,20.0,100.0,682.2608,0.0,0,0.0,0.0
23.0,A,RUNNING,20.34,0,0,4,8,0.5,20.0,100.0,681.2608,0.0,0,0.0,0.0
24.0,A,RUNNING,21.34,0,0,4,8,0.5,20.0,100.0,680.2608,0.0,0,0.0,0.0
25.0,A,RUNNING,22.34,0,0,4,8,0.5,20.0,100.0,679.2608,0.0,0,0.0,0.0
26.0,A,RUNNING,23.34,0,0,4,8,0.5,20.0,100.0,678.2608,0.0,0,0.0,0.0
27.0,A,RUNNING,24.34,0,0,4,8,0.5,20.0,100.0,677.2608,0.0,0,0.0,0.0
28.0,A,RUNNING,25.34,0,0,4,8,0.5,20.0,100.0,676.2608,0.0,0,0.0,0.0
29.0,A,RUNNING,26.34,0,0,4,8,0.5,20.0,100.0,675.2608,0.0,0,0.0,0.0
30.0,A,RUNNING,27.34,0,0,4,8,0.5,20.0,100.0,674.2608,0.0,0,0.0,0.0
31.0,A,RUNNING,28.34,0,0,4,8,0.5,20.0,100.0,673.2608,0.0,0,0.0,0.0
32.0,A,RUNNING,29.34,0,0,4,8,0.5,20.0,100.0,672.2608,0.0,0,0.0,0.0
33.0,A,RUNNING,30.34,0,0,4,8,0.5,20.0,100.0,671.2608,0.0,0,0.0,0.0
34.0,A,RUNNING,31.34,0,0,4,8,0.5,20.0,100.0,670.2608,0.0,0,0.0,0.0
35.0,A,RUNNING,32.34,0,0,4,8,0.5,20.0,100.0,669.2608,0.0,0,0.0,0.0
36.0,A,RUNNING,33.34,0,0,4,8,0.5,20.0,100.0,668.2608,0.0,0,0.0,0.0
37.0,A,RUNNING,34.34,0,0,4,8,0.5,20.0,100.0,667.2608,0.0,0,0.0,0.0
38.0,A,RUNNING,35.34,0,0,4,8,0.5,20.0,100.0,666.2608,0.0,0,0.0,0.0
39.0,A,RUNNING,36.34,0,0,4,8,0.5,20.0,100.0,665.2608,0.0,0,0.0,0.0
40.0,A,RUNNING,37.34,0,0,4,8,0.5,20.0,100.0,664.2608,0.0,0,0.0,0.0
41.0,A,RUNNING,38.34,0,0,4,8,0.5,20.0,100.0,663.2608,0.0,0,0.0,0.0
42.0,A,RUNNING,39.34,0,0,4,8,0.5,20.0,100.0,662.2608,0.0,0,0.0,0.0
43.0,A,RUNNING,40.34,0,0,4,8,0.5,20.0,100.0,661.2608,0.0,0,0.0,0.0
44.0,A,RUNNING,41.34,0,0,4,8,0.5,20.0,100.0,660.2608,0.0,0,0.0,0.0
45.0,A,RUNNING,42.34,0,0,4,8,0.5,20.0,100.0,659.2608,0.0,0,0.0,0.0
46.0,A,RUNNING,43.34,0,0,4,8,0.5,20.0,100.0,658.2608,0.0,0,0.0,0.0
47.0,A,RUNNING,44.34,0,0,4,8,0.5,20.0,100.0,657.2608,0.0,0,0.0,0.0
48.0,A,RUNNING,45.34,0,0,4,8,0.5,20.0,100.0,656.2608,0.0,0,0.0,0.0
49.0,A,RUNNING,46.34,0,0,4,8,0.5,20.0,100.0,655.2608,0.0,0,0.0,0.0
50.0,A,RUNNING,47.34,0,0,4,8,0.5,20.0,100.0,654.2608,0.0,0,0.0,0.0
51.0,A,RUNNING,48.34,0,0,4,8,0.5,20.0,100.0,653.2608,0.0,0,0.0,0.0
52.0,A,RUNNING,49.34,0,0,4,8,0.5,20.0,100.0,652.2608,0.0,0,0.0,0.0
53.0,A,RUNNING,50.34,0,0,4,8,0.5,20.0,100.0,651.2608,0.0,0,0.0,0.0
54.0,A,RUNNING,51.34,0,0,4,8,0.5,20.0,100.0,650.2608,0.0,0,0.0,0.0
55.0,A,RUNNING,52.34,0,0,4,8,0.5,20.0,100.0,649.2608,0.0,0,0.0,0.0
56.0,A,RUNNING,53.34,0,0,4,8,0.5,20.0,100.0,648.2608,0.0,0,0.0,0.0
57.0,A,RUNNING,54.34,0,0,4,8,0.5,20.0,100.0,647.2608,0.0,0,0.0,0.0
58.0,A,RUNNING,55.34,0,0,4,8,0.5,20.0,100.0,646.2608,0.0,0,0.0,0.0
59.0,A,RUNNING,56.34,0,0,4,8,0.5,20.0,100.0,645.2608,0.0,0,0.0,0.0
60.0,A,RUNNING,57.34,0,0,4,8,0.5,20.0,100.0,644.2608,0.0,0,0.0,0.0
61.0,A,RUNNING,58.34,0,0,4,8,0.5,20.0,100.0,643.2608,0.0,0,0.0,0.0
62.0,A,RUNNING,59.34,0,0,4,8,0.5,20.0,100.0,642.2608,0.0,0,0.0,0.0
63.0,A,RUNNING,60.34,0,0,4,8,0.5,20.0,100.0,641.2608,0.0,0,0.0,0.0
64.0,A,RUNNING,61.34,0,0,4,8,0.5,20.0,100.0,640.2608,0.0,0,0.0,0.0
65.0,A,RUNNING,62.34,0,0,4,8,0.5,20.0,100.0,639.2608,0.0,0,0.0,0.0
66.0,A,RUNNING,63.34,0,0,4,8,0.5,20.0,100.0,638.2608,0.0,0,0.0,0.0
67.0,A,RUNNING,64.34,0,0,4,8,0.5,20.0,100.0,637.2608,0.0,0,0.0,0.0
68.0,A,RUNNING,65.34,0,0,4,8,0.5,20.0,100.0,636.2608,0.0,0,0.0,0.0
69.0,A,RUNNING,66.34,0,0,4,8,0.5,20.0,100.0,635.2608,0.0,0,0.0,0.0
70.0,A,RUNNING,67.34,0,0,4,8,0.5,20.0,100.0,634.2608,0.0,0,0.0,0.0
71.0,A,RUNNING,68.34,0,0,4,8,0.5,20.0,100.0,633.2608,0.0,0,0.0,0.0
72.0,A,RUNNING,69.34,0,0,4,8,0.5,20.0,100.0,632.2608,0.0,0,0.0,0.0
73.0,A,RUNNING,70.34,0,0,4,8,0.5,20.0,100.0,631.2608,0.0,0,0.0,0.0
74.0,A,RUNNING,71.34,0,0,4,8,0.5,20.0,100.0,630.2608,0.0,0,0.0,0.0
75.0,A,RUNNING,72.34,0,0,4,8,0.5,20.0,100.0,629.2608,0.0,0,0.0,0.0
76.0,A,RUNNING,73.34,0,0,4,8,0.5,20.0,100.0,628.2608,0.0,0,0.0,0.0
77.0,A,RUNNING,74.34,0,0,4,8,0.5,20.0,100.0,627.2608,0.0,0,0.0,0.0
78.0,A,RUNNING,75.34,0,0,4,8,0.5,20.0,100.0,626.2608,0.0,0,0.0,0.0
79.0,A,RUNNING,76.34,0,0,4,8,0.5,20.0,100.0,625.2608,0.0,0,0.0,0.0
80.0,A,RUNNING,77.34,0,0,4,8,0.5,20.0,100.0,624.2608,0.0,0,0.0,0.0
81.0,A,RUNNING,78.34,0,0,4,8,0.5,20.0,100.0,623.2608,0.0,0,0.0,0.0
82.0,A,RUNNING,79.344,0,0,4,8,0.5,20.0,100.0,622.2568,0.0,0,0.0,0.0
83.0,A,RUNNING,80.34,0,0,4,8,0.5,20.0,100.0,621.2608,0.0,0,0.0,0.0
84.0,A,RUNNING,81.34,0,0,4,8,0.5,20.0,100.0,620.2608,0.0,0,0.0,0.0
85.0,A,RUNNING,82.34,0,0,4,8,0.5,20.0,100.0,619.2608,0.0,0,0.0,0.0
86.0,A,RUNNING,83.34,0,0,4,8,0.5,20.0,100.0,618.2608,0.0,0,0.0,0.0
87.0,A,RUNNING,84.34,0,0,4,8,0.5,20.0,100.0,617.2608,0.0,0,0.0,0.0
88.0,A,RUNNING,85.34,0,0,4,8,0.5,20.0,100.0,616.2608,0.0,0,0.0,0.0
89.0,A,RUNNING,86.34,0,0,4,8,0.5,20.0,100.0,615.2608,0.0,0,0.0,0.0
90.0,A,RUNNING,87.34,0,0,4,8,0.5,20.0,100.0,614.2608,0.0,0,0.0,0.0
91.0,A,RUNNING,88.34,0,0,4,8,0.5,20.0,100.0,613.2608,0.0,0,0.0,0.0
92.0,A,RUNNING,89.34,0,0,4,8,0.5,20.0,100.0,612.2608,0.0,0,0.0,0.0
93.0,A,RUNNING,90.34,0,0,4,8,0.5,20.0,100.0,611.2608,0.0,0,0.0,0.0
94.0,A,RUNNING,91.34,0,0,4,8,0.5,20.0,100.0,610.2608,0.0,0,0.0,0.0
95.0,A,RUNNING,92.34,0,0,4,8,0.5,20.0,100.0,609.2608,0.0,0,0.0,0.0
96.0,A,RUNNING,93.34,0,0,4,8,0.5,20.0,100.0,608.2608,0.0,0,0.0,0.0
97.0,A,RUNNING,94.34,0,0,4,8,0.5,20.0,100.0,607.2608,0.0,0,0.0,0.0
98.0,A,RUNNING,95.34,0,0,4,8,0.5,20.0,100.0,606.2608,0.0,0,0.0,0.0
99.0,A,RUNNING,96.34,0,0,4,8,0.5,20.0,100.0,605.2608,0.0,0,0.0,0.0
100.0,A,RUNNING,97.34,0,0,4,8,0.5,20.0,100.0,604.2608,0.0,0,0.0,0.0
101.0,A,RUNNING,98.34,0,0,4,8,0.5,20.0,100.0,603.2608,0.0,0,0.0,0.0
102.0,A,RUNNING,99.34,0,0,4,8,0.5,20.0,100.0,602.2608,0.0,0,0.0,0.0
103.0,A,RUNNING,100.34,0,0,4,8,0.5,20.0,100.0,601.2608,0.0,0,0.0,0.0
104.0,A,RUNNING,101.34,0,0,4,8,0.5,20.0,100.0,600.2608,0.0,0,0.0,0.0
105.0,A,RUNNING,102.34,0,0,4,8,0.5,20.0,100.0,599.2608,0.0,0,0.0,0.0
106.0,A,RUNNING,103.34,0,0,4,8,0.5,20.0,100.0,598.2608,0.0,0,0.0,0.0
107.0,A,RUNNING,104.34,0,0,4,8,0.5,20.0,100.0,597.2608,0.0,0,0.0,0.0
108.0,A,RUNNING,105.34,0,0,4,8,0.5,20.0,100.0,596.2608,0.0,0,0.0,0.0
109.0,A,RUNNING,106.34,0,0,4,8,0.5,20.0,100.0,595.2608,0.0,0,0.0,0.0
110.0,A,RUNNING,107.34,0,0,4,8,0.5,20.0,100.0,594.2608,0.0,0,0.0,0.0
111.0,A,RUNNING,108.34,0,0,4,8,0.5,20.0,100.0,593.2608,0.0,0,0.0,0.0
112.0,A,RUNNING,109.34,0,0,4,8,0.5,20.0,100.0,592.2608,0.0,0,0.0,0.0
113.0,A,RUNNING,110.34,0,0,4,8,0.5,20.0,100.0,591.2608,0.0,0,0.0,0.0
114.0,A,RUNNING,111.34,0,0,4,8,0.5,20.0,100.0,590.2608,0.0,0,0.0,0.0
115.0,A,RUNNING,112.34,0,0,4,8,0.5,20.0,100.0,589.2608,0.0,0,0.0,0.0
116.0,A,RUNNING,113.34,0,0,4,8,0.5,20.0,100.0,588.2608,0.0,0,0.0,0.0
117.0,A,RUNNING,114.34,0,0,4,8,0.5,20.0,100.0,587.2608,0.0,0,0.0,0.0
118.0,A,RUNNING,115.34,0,0,4,8,0.5,20.0,100.0,586.2608,0.0,0,0.0,0.0
119.0,A,RUNNING,116.34,0,0,4,8,0.5,20.0,100.0,585.2608,0.0,0,0.0,0.0
120.0,A,RUNNING,117.34,0,0,4,8,0.5,20.0,100.0,584.2608,0.0,0,0.0,0.0
121.0,A,RUNNING,118.34,0,0,4,8,0.5,20.0,100.0,583.2608,0.0,0,0.0,0.0
122.0,A,RUNNING,119.34,0,0,4,8,0.5,20.0,100.0,582.2608,0.0,0,0.0,0.0
123.0,A,RUNNING,120.34,0,0,4,8,0.5,20.0,100.0,581.2608,0.0,0,0.0,0.0
124.0,A,RUNNING,121.34,0,0,4,8,0.5,20.0,100.0,580.2608,0.0,0,0.0,0.0
125.0,A,RUNNING,122.34,0,0,4,8,0.5,20.0,100.0,579.2608,0.0,0,0.0,0.0
126.0,A,RUNNING,123.34,0,0,4,8,0.5,20.0,100.0,578.2608,0.0,0,0.0,0.0
127.0,A,RUNNING,124.34,0,0,4,8,0.5,20.0,100.0,577.2608,0.0,0,0.0,0.0
128.0,A,RUNNING,125.34,0,0,4,8,0.5,20.0,100.0,576.2608,0.0,0,0.0,0.0
129.0,A,RUNNING,126.34,0,0,4,8,0.5,20.0,100.0,575.2608,0.0,0,0.0,0.0
130.0,A,RUNNING,127.34,0,0,4,8,0.5,20.0,100.0,574.2608,0.0,0,0.0,0.0
131.0,A,RUNNING,128.34,0,0,4,8,0.5,20.0,100.0,573.2608,0.0,0,0.0,0.0
132.0,A,RUNNING,129.34,0,0,4,8,0.5,20.0,100.0,572.2608,0.0,0,0.0,0.0
133.0,A,RUNNING,130.34,0,0,4,8,0.5,20.0,100.0,571.2608,0.0,0,0.0,0.0
134.0,A,RUNNING,131.34,0,0,4,8,0.5,20.0,100.0,570.2608,0.0,0,0.0,0.0
135.0,A,RUNNING,132.34,0,0,4,8,0.5,20.0,100.0,569.2608,0.0,0,0.0,0.0
136.0,A,RUNNING,133.34,0,0,4,8,0.5,20.0,100.0,568.2608,0.0,0,0.0,0.0
137.0,A,RUNNING,134.34,0,0,4,8,0.5,20.0,100.0,567.2608,0.0,0,0.0,0.0
138.0,A,RUNNING,135.34,0,0,4,8,0.5,20.0,100.0,566.2608,0.0,0,0.0,0.0
139.0,A,RUNNING,136.34,0,0,4,8,0.5,20.0,100.0,565.2608,0.0,0,0.0,0.0
140.0,A,RUNNING,137.34,0,0,4,8,0.5,20.0,100.0,564.2608,0.0,0,0.0,0.0
141.0,A,RUNNING,138.34,0,0,4,8,0.5,20.0,100.0,563.2608,0.0,0,0.0,0.0
142.0,A,RUNNING,139.34,0,0,4,8,0.5,20.0,100.0,562.2608,0.0,0,0.0,0.0
143.0,A,RUNNING,140.34,0,0,4,8,0.5,20.0,100.0,561.2608,0.0,0,0.0,0.0
144.0,A,RUNNING,141.34,0,0,4,8,0.5,20.0,100.0,560.2608,0.0,0,0.0,0.0
145.0,A,RUNNING,142.34,0,0,4,8,0.5,20.0,100.0,559.2608,0.0,0,0.0,0.0
146.0,A,RUNNING,143.34,0,4,0,8,0.0,20.0,100.0,1278.2608,0.0,0,0.0,0.0
147.0,A,RUNNING,144.34,0,4,0,8,0.0,20.0,100.0,1277.2608,0.0,0,0.0,0.0
148.0,A,RUNNING,145.34,0,4,0,8,0.0,20.0,100.0,1276.2608,0.0,0,0.0,0.0
149.0,A,RUNNING,146.34,0,4,0,8,0.0,20.0,100.0,1275.2608,0.0,0,0.0,0.0
150.0,A,RUNNING,147.34,0,4,0,8,0.0,20.0,100.0,1274.2608,0.0,0,0.0,0.0
151.0,A,RUNNING,148.34,0,4,0,8,0.0,20.0,100.0,1273.2608,0.0,0,0.0,0.0
152.0,A,RUNNING,149.34,0,4,0,8,0.0,20.0,100.0,1272.2608,0.0,0,0.0,0.0
153.0,A,RUNNING,150.34,0,4,0,8,0.0,20.0,100.0,1271.2608,0.0,0,0.0,0.0
154.0,A,RUNNING,151.34,0,4,0,8,0.0,20.0,100.0,1270.2608,0.0,0,0.0,0.0
155.0,A,RUNNING,152.34,0,4,0,8,0.0,20.0,100.0,1269.2608,0.0,0,0.0,0.0
156.0,A,RUNNING,153.34,0,4,0,8,0.0,20.0,100.0,1268.2608,0.0,0,0.0,0.0
157.0,A,RUNNING,154.34,0,4,0,8,0.0,20.0,100.0,1267.2608,0.0,0,0.0,0.0
158.0,A,RUNNING,155.34,0,4,0,8,0.0,20.0,100.0,1266.2608,0.0,0,0.0,0.0
159.0,A,RUNNING,156.34,0,4,0,8,0.0,20.0,100.0,1265.2608,0.0,0,0.0,0.0
160.0,A,RUNNING,157.34,0,4,0,8,0.0,20.0,100.0,1264.2608,0.0,0,0.0,0.0
161.0,A,RUNNING,158.34,0,4,0,8,0.0,20.0,100.0,1263.2608,0.0,0,0.0,0.0
162.0,A,RUNNING,159.34,0,4,0,8,0.0,20.0,100.0,1262.2608,0.0,0,0.0,0.0
163.0,A,RUNNING,160.34,0,4,0,8,0.0,20.0,100.0,1261.2608,0.0,0,0.0,0.0
164.0,A,RUNNING,161.34,0,4,0,8,0.0,20.0,100.0,1260.2608,0.0,0,0.0,0.0
165.0,A,RUNNING,162.34,1,4,1,8,0.125,20.0,99.9,1234.4699,0.0,0,0.0,0.0
166.0,A,RUNNING,163.34,1,4,1,8,0.125,20.0,99.9,1233.4699,0.0,0,0.0,0.0
167.0,A,RUNNING,164.34,1,4,1,8,0.125,20.0,99.9,1232.4699,0.0,0,0.0,0.0
168.0,A,RUNNING,165.34,1,4,1,8,0.125,20.0,99.9,1231.4699,0.0,0,0.0,0.0
169.0,A,RUNNING,166.34,1,4,1,8,0.125,20.0,99.9,1230.4699,0.0,0,0.0,0.0
170.0,A,RUNNING,167.34,1,4,1,8,0.125,20.0,99.9,1229.4699,0.0,0,0.0,0.0
171.0,A,RUNNING,168.34,1,4,1,8,0.125,20.0,99.9,1228.4699,0.0,0,0.0,0.0
172.0,A,RUNNING,169.34,1,4,1,8,0.125,20.0,99.9,1227.4699,0.0,0,0.0,0.0
173.0,A,RUNNING,170.34,1,4,1,8,0.125,20.0,99.9,1226.4699,0.0,0,0.0,0.0
174.0,A,RUNNING,171.34,1,4,1,8,0.125,20.0,99.9,1225.4699,0.0,0,0.0,0.0
175.0,A,RUNNING,172.34,1,4,1,8,0.125,20.0,99.9,1224.4699,0.0,0,0.0,0.0
176.0,A,RUNNING,173.34,1,4,1,8,0.125,20.0,99.9,1223.4699,0.0,0,0.0,0.0
177.0,A,RUNNING,174.34,1,4,1,8,0.125,20.0,99.9,1222.4699,0.0,0,0.0,0.0
178.0,A,RUNNING,175.34,1,4,1,8,0.125,20.0,99.9,1221.4699,0.0,0,0.0,0.0
179.0,A,RUNNING,176.34,1,4,1,8,0.125,20.0,99.9,1220.4699,0.0,0,0.0,0.0
180.0,A,RUNNING,177.34,1,4,1,8,0.125,20.0,99.9,1219.4699,0.0,0,0.0,0.0
181.0,A,RUNNING,178.34,1,4,1,8,0.125,20.0,99.9,1218.4699,0.0,0,0.0,0.0
182.0,A,RUNNING,179.34,1,4,1,8,0.125,20.0,99.9,1217.4699,0.0,0,0.0,0.0
183.0,A,RUNNING,180.34,1,4,1,8,0.125,20.0,99.9,1216.4699,0.0,0,0.0,0.0
184.0,A,RUNNING,181.34,1,4,1,8,0.125,20.0,99.9,1215.4699,0.0,0,0.0,0.0
185.0,A,RUNNING,182.34,1,4,1,8,0.125,20.0,99.9,1214.4699,0.0,0,0.0,0.0
186.0,A,RUNNING,183.34,1,4,1,8,0.125,20.0,99.9,1213.4699,0.0,0,0.0,0.0
187.0,A,RUNNING,184.34,1,4,1,8,0.125,20.0,99.9,1212.4699,0.0,0,0.0,0.0
188.0,A,RUNNING,185.34,1,4,1,8,0.125,20.0,99.9,1211.4699,0.0,0,0.0,0.0
189.0,A,RUNNING,186.34,1,4,1,8,0.125,20.0,99.9,1210.4699,0.0,0,0.0,0.0
190.0,A,RUNNING,187.34,1,4,1,8,0.125,20.0,99.9,1209.4699,0.0,0,0.0,0.0
191.0,A,RUNNING,188.34,1,4,1,8,0.125,20.0,99.9,1208.4699,0.0,0,0.0,0.0
192.0,A,RUNNING,189.34,1,4,1,8,0.125,20.0,99.9,1207.4699,0.0,0,0.0,0.0
193.0,A,RUNNING,190.34,1,4,1,8,0.125,20.0,99.9,1206.4699,0.0,0,0.0,0.0
194.0,A,RUNNING,191.34,1,4,1,8,0.125,20.0,99.9,1205.4699,0.0,0,0.0,0.0
195.0,A,RUNNING,192.34,1,4,1,8,0.125,20.0,99.9,1204.4699,0.0,0,0.0,0.0
196.0,A,RUNNING,193.34,1,4,1,8,0.125,20.0,99.9,1203.4699,0.0,0,0.0,0.0
197.0,A,RUNNING,194.34,1,4,1,8,0.125,20.0,99.9,1202.4699,0.0,0,0.0,0.0
198.0,A,RUNNING,195.34,1,4,1,8,0.125,20.0,99.9,1201.4699,0.0,0,0.0,0.0
199.0,A,RUNNING,196.34,1,4,1,8,0.125,20.0,99.9,1200.4699,0.0,0,0.0,0.0
200.0,A,RUNNING,197.34,1,4,1,8,0.125,20.0,99.9,1199.4699,0.0,0,0.0,0.0
201.0,A,RUNNING,198.34,1,4,1,8,0.125,20.0,99.9,1198.4699,0.0,0,0.0,0.0
202.0,A,RUNNING,199.34,1,4,1,8,0.125,20.0,99.9,1197.4699,0.0,0,0.0,0.0
203.0,A,RUNNING,200.34,1,4,1,8,0.125,20.0,99.9,1196.4699,0.0,0,0.0,0.0
204.0,A,RUNNING,201.34,1,4,1,8,0.125,20.0,99.9,1195.4699,0.0,0,0.0,0.0
205.0,A,RUNNING,202.34,1,4,1,8,0.125,20.0,99.9,1194.4699,0.0,0,0.0,0.0
206.0,A,RUNNING,203.34,1,4,1,8,0.125,20.0,99.9,1193.4699,0.0,0,0.0,0.0
207.0,A,RUNNING,204.34,1,4,1,8,0.125,20.0,99.9,1192.4699,0.0,0,0.0,0.0
208.0,A,RUNNING,205.34,1,4,1,8,0.125,20.0,99.9,1191.4699,0.0,0,0.0,0.0
209.0,A,RUNNING,206.34,1,4,1,8,0.125,20.0,99.9,1190.4699,0.0,0,0.0,0.0
210.0,A,RUNNING,207.34,1,4,1,8,0.125,20.0,99.9,1189.4699,0.0,0,0.0,0.0
211.0,A,RUNNING,208.34,1,4,1,8,0.125,20.0,99.9,1188.4699,0.0,0,0.0,0.0
212.0,A,RUNNING,209.34,1,4,1,8,0.125,20.0,99.9,1187.4699,0.0,0,0.0,0.0
213.0,A,RUNNING,210.34,1,4,1,8,0.125,20.0,99.9,1186.4699,0.0,0,0.0,0.0
214.0,A,RUNNING,211.34,1,4,1,8,0.125,20.0,99.9,1185.4699,0.0,0,0.0,0.0
215.0,A,RUNNING,212.34,1,4,1,8,0.125,20.0,99.9,1184.4699,0.0,0,0.0,0.0
216.0,A,RUNNING,213.34,1,4,1,8,0.125,20.0,99.9,1183.4699,0.0,0,0.0,0.0
217.0,A,RUNNING,214.34,1,4,1,8,0.125,20.0,99.9,1182.4699,0.0,0,0.0,0.0
218.0,A,RUNNING,215.34,1,4,1,8,0.125,20.0,99.9,1181.4699,0.0,0,0.0,0.0
219.0,A,RUNNING,216.34,1,4,1,8,0.125,20.0,99.9,1180.4699,0.0,0,0.0,0.0
220.0,A,RUNNING,217.34,1,4,1,8,0.125,20.0,99.9,1179.4699,0.0,0,0.0,0.0
221.0,A,RUNNING,218.34,1,4,1,8,0.125,20.0,99.9,1178.4699,0.0,0,0.0,0.0
222.0,A,RUNNING,219.34,1,4,1,8,0.125,20.0,99.9,1177.4699,0.0,0,0.0,0.0
223.0,A,RUNNING,220.34,1,4,1,8,0.125,20.0,99.9,1176.4699,0.0,0,0.0,0.0
224.0,A,RUNNING,221.34,1,4,1,8,0.125,20.0,99.9,1175.4699,0.0,0,0.0,0.0
225.0,A,RUNNING,222.34,1,4,1,8,0.125,20.0,99.9,1174.4699,0.0,0,0.0,0.0
226.0,A,RUNNING,223.34,1,4,1,8,0.125,20.0,99.9,1173.4699,0.0,0,0.0,0.0
227.0,A,RUNNING,224.34,1,4,1,8,0.125,20.0,99.9,1172.4699,0.0,0,0.0,0.0
228.0,A,RUNNING,225.34,1,4,1,8,0.125,20.0,99.9,1171.4699,0.0,0,0.0,0.0
229.0,A,RUNNING,226.34,1,4,1,8,0.125,20.0,99.9,1170.4699,0.0,0,0.0,0.0
230.0,A,RUNNING,227.34,1,4,1,8,0.125,20.0,99.9,1169.4699,0.0,0,0.0,0.0
231.0,A,RUNNING,228.34,1,4,1,8,0.125,20.0,99.9,1168.4699,0.0,0,0.0,0.0
232.0,A,RUNNING,229.34,1,4,1,8,0.125,20.0,99.9,1167.4699,0.0,0,0.0,0.0
233.0,A,RUNNING,230.34,1,4,1,8,0.125,20.0,99.9,1166.4699,0.0,0,0.0,0.0
234.0,A,RUNNING,231.34,1,4,1,8,0.125,20.0,99.9,1165.4699,0.0,0,0.0,0.0
235.0,A,RUNNING,232.34,1,4,1,8,0.125,20.0,99.9,1164.4699,0.0,0,0.0,0.0
236.0,A,RUNNING,233.34,1,4,1,8,0.125,20.0,99.9,1163.4699,0.0,0,0.0,0.0
237.0,A,RUNNING,234.34,1,4,1,8,0.125,20.0,99.9,1162.4699,0.0,0,0.0,0.0
238.0,A,RUNNING,235.34,1,4,1,8,0.125,20.0,99.9,1161.4699,0.0,0,0.0,0.0
239.0,A,RUNNING,236.34,1,4,1,8,0.125,20.0,99.9,1160.4699,0.0,0,0.0,0.0
240.0,A,RUNNING,237.34,1,4,1,8,0.125,20.0,99.9,1159.4699,0.0,0,0.0,0.0
241.0,A,RUNNING,238.34,1,4,1,8,0.125,20.0,99.9,1158.4699,0.0,0,0.0,0.0
242.0,A,RUNNING,239.34,1,4,1,8,0.125,20.0,99.9,1157.4699,0.0,0,0.0,0.0
243.0,A,RUNNING,240.34,1,4,1,8,0.125,20.0,99.9,1156.4699,0.0,0,0.0,0.0
244.0,A,RUNNING,241.34,1,4,1,8,0.125,20.0,99.9,1155.4699,0.0,0,0.0,0.0
245.0,A,RUNNING,242.34,1,4,1,8,0.125,20.0,99.9,1154.4699,0.0,0,0.0,0.0
246.0,A,RUNNING,243.34,1,4,1,8,0.125,20.0,99.9,1153.4699,0.0,0,0.0,0.0
247.0,A,RUNNING,244.34,1,4,1,8,0.125,20.0,99.9,1152.4699,0.0,0,0.0,0.0
248.0,A,RUNNING,245.34,1,4,1,8,0.125,20.0,99.9,1151.4699,0.0,0,0.0,0.0
249.0,A,RUNNING,246.34,1,4,1,8,0.125,20.0,99.9,1150.4699,0.0,0,0.0,0.0
250.0,A,RUNNING,247.34,1,4,1,8,0.125,20.0,99.9,1149.4699,0.0,0,0.0,0.0
251.0,A,RUNNING,248.34,1,4,1,8,0.125,20.0,99.9,1148.4699,0.0,0,0.0,0.0
252.0,A,RUNNING,249.34,1,4,1,8,0.125,20.0,99.9,1147.4699,0.0,0,0.0,0.0
253.0,A,RUNNING,250.34,1,4,1,8,0.125,20.0,99.9,1146.4699,0.0,0,0.0,0.0
254.0,A,RUNNING,251.34,1,4,1,8,0.125,20.0,99.9,1145.4699,0.0,0,0.0,0.0
255.0,A,RUNNING,252.34,1,4,1,8,0.125,20.0,99.9,1144.4699,0.0,0,0.0,0.0
256.0,A,RUNNING,253.34,1,4,1,8,0.125,20.0,99.9,1143.4699,0.0,0,0.0,0.0
257.0,A,RUNNING,254.34,1,4,1,8,0.125,20.0,99.9,1142.4699,0.0,0,0.0,0.0
258.0,A,RUNNING,255.34,1,4,1,8,0.125,20.0,99.9,1141.4699,0.0,0,0.0,0.0
259.0,A,RUNNING,256.34,1,4,1,8,0.125,20.0,99.9,1140.4699,0.0,0,0.0,0.0
260.0,A,RUNNING,257.34,1,4,1,8,0.125,20.0,99.9,1139.4699,0.0,0,0.0,0.0
261.0,A,RUNNING,258.34,1,4,1,8,0.125,20.0,99.9,1138.4699,0.0,0,0.0,0.0
262.0,A,RUNNING,259.34,1,4,1,8,0.125,20.0,99.9,1137.4699,0.0,0,0.0,0.0
263.0,A,RUNNING,260.34,1,4,1,8,0.125,20.0,99.9,1136.4699,0.0,0,0.0,0.0
264.0,A,RUNNING,261.34,1,4,1,8,0.125,20.0,99.9,1135.4699,0.0,0,0.0,0.0
265.0,A,RUNNING,262.34,1,4,1,8,0.125,20.0,99.9,1134.4699,0.0,0,0.0,0.0
266.0,A,RUNNING,263.34,1,4,1,8,0.125,20.0,99.9,1133.4699,0.0,0,0.0,0.0
267.0,A,RUNNING,264.34,1,4,1,8,0.125,20.0,99.9,1132.4699,0.0,0,0.0,0.0
268.0,A,RUNNING,265.34,1,4,1,8,0.125,20.0,99.9,1131.4699,0.0,0,0.0,0.0
269.0,A,RUNNING,266.34,1,4,1,8,0.125,20.0,99.9,1130.4699,0.0,0,0.0,0.0
270.0,A,RUNNING,267.34,1,4,1,8,0.125,20.0,99.9,1129.4699,0.0,0,0.0,0.0
271.0,A,RUNNING,268.34,1,4,1,8,0.125,20.0,99.9,1128.4699,0.0,0,0.0,0.0
272.0,A,RUNNING,269.34,1,4,1,8,0.125,20.0,99.9,1127.4699,0.0,0,0.0,0.0
273.0,A,RUNNING,270.34,1,4,1,8,0.125,20.0,99.9,1126.4699,0.0,0,0.0,0.0
274.0,A,RUNNING,271.34,1,4,1,8,0.125,20.0,99.9,1125.4699,0.0,0,0.0,0.0
275.0,A,RUNNING,272.34,1,4,1,8,0.125,20.0,99.9,1124.4699,0.0,0,0.0,0.0
276.0,A,RUNNING,273.34,1,4,1,8,0.125,20.0,99.9,1123.4699,0.0,0,0.0,0.0
277.0,A,RUNNING,274.34,1,4,1,8,0.125,20.0,99.9,1122.4699,0.0,0,0.0,0.0
278.0,A,RUNNING,275.34,1,4,1,8,0.125,20.0,99.9,1121.4699,0.0,0,0.0,0.0
279.0,A,RUNNING,276.34,1,4,1,8,0.125,20.0,99.9,1120.4699,0.0,0,0.0,0.0
280.0,A,RUNNING,277.34,1,4,1,8,0.125,20.0,99.9,1119.4699,0.0,0,0.0,0.0
281.0,A,RUNNING,278.34,1,4,1,8,0.125,20.0,99.9,1118.4699,0.0,0,0.0,0.0
282.0,A,RUNNING,279.34,1,4,1,8,0.125,20.0,99.9,1117.4699,0.0,0,0.0,0.0
283.0,A,RUNNING,280.34,1,4,1,8,0.125,20.0,99.9,1116.4699,0.0,0,0.0,0.0
284.0,A,RUNNING,281.34,1,4,1,8,0.125,20.0,99.9,1115.4699,0.0,0,0.0,0.0
285.0,A,RUNNING,282.34,1,4,1,8,0.125,20.0,99.9,1114.4699,0.0,0,0.0,0.0
286.0,A,RUNNING,283.34,1,4,1,8,0.125,20.0,99.9,1113.4699,0.0,0,0.0,0.0
287.0,A,RUNNING,284.34,1,4,1,8,0.125,20.0,99.9,1112.4699,0.0,0,0.0,0.0
288.0,A,RUNNING,285.34,1,4,1,8,0.125,20.0,99.9,1111.4699,0.0,0,0.0,0.0
289.0,A,RUNNING,286.34,1,4,1,8,0.125,20.0,99.9,1110.4699,0.0,0,0.0,0.0
290.0,A,RUNNING,287.34,1,4,1,8,0.125,20.0,99.9,1109.4699,0.0,0,0.0,0.0
291.0,A,RUNNING,288.34,1,4,1,8,0.125,20.0,99.9,1108.4699,0.0,0,0.0,0.0
292.0,A,RUNNING,289.34,1,4,1,8,0.125,20.0,99.9,1107.4699,0.0,0,0.0,0.0
293.0,A,RUNNING,290.34,1,4,1,8,0.125,20.0,99.9,1106.4699,0.0,0,0.0,0.0
294.0,A,RUNNING,291.34,1,4,1,8,0.125,20.0,99.9,1105.4699,0.0,0,0.0,0.0
295.0,A,RUNNING,292.34,1,4,1,8,0.125,20.0,99.9,1104.4699,0.0,0,0.0,0.0
296.0,A,RUNNING,293.34,1,4,1,8,0.125,20.0,99.9,1103.4699,0.0,0,0.0,0.0
297.0,A,RUNNING,294.34,1,4,1,8,0.125,20.0,99.9,1102.4699,0.0,0,0.0,0.0
298.0,A,RUNNING,295.34,1,4,1,8,0.125,20.0,99.9,1101.4699,0.0,0,0.0,0.0
299.0,A,RUNNING,296.34,1,4,1,8,0.125,20.0,99.9,1100.4699,0.0,0,0.0,0.0
300.0,A,RUNNING,297.34,1,4,1,8,0.125,20.0,99.9,1099.4699,0.0,0,0.0,0.0
301.0,A,RUNNING,298.34,1,4,1,8,0.125,20.0,99.9,1098.4699,0.0,0,0.0,0.0
302.0,A,RUNNING,299.34,1,4,1,8,0.125,20.0,99.9,1097.4699,0.0,0,0.0,0.0
303.0,A,RUNNING,300.34,1,4,1,8,0.125,20.0,99.9,1096.4699,0.0,0,0.0,0.0
304.0,A,RUNNING,301.34,1,4,1,8,0.125,20.0,99.9,1095.4699,0.0,0,0.0,0.0
305.0,A,RUNNING,302.34,1,4,1,8,0.125,20.0,99.9,1094.4699,0.0,0,0.0,0.0
306.0,A,RUNNING,303.34,1,4,1,8,0.125,20.0,99.9,1093.4699,0.0,0,0.0,0.0
307.0,A,RUNNING,304.34,1,4,1,8,0.125,20.0,99.9,1092.4699,0.0,0,0.0,0.0
308.0,A,RUNNING,305.34,1,4,1,8,0.125,20.0,99.9,1091.4699,0.0,0,0.0,0.0
309.0,A,RUNNING,306.34,1,4,1,8,0.125,20.0,99.9,1090.4699,0.0,0,0.0,0.0
310.0,A,RUNNING,307.34,1,4,1,8,0.125,20.0,99.9,1089.4699,0.0,0,0.0,0.0
311.0,A,RUNNING,308.34,1,4,1,8,0.125,20.0,99.9,1088.4699,0.0,0,0.0,0.0
312.0,A,RUNNING,309.34,1,4,1,8,0.125,20.0,99.9,1087.4699,0.0,0,0.0,0.0
313.0,A,RUNNING,310.34,1,4,1,8,0.125,20.0,99.9,1086.4699,0.0,0,0.0,0.0
314.0,A,RUNNING,311.34,1,4,1,8,0.125,20.0,99.9,1085.4699,0.0,0,0.0,0.0
315.0,A,RUNNING,312.34,1,4,1,8,0.125,20.0,99.9,1084.4699,0.0,0,0.0,0.0
316.0,A,RUNNING,313.34,1,4,1,8,0.125,20.0,99.9,1083.4699,0.0,0,0.0,0.0
317.0,A,RUNNING,314.34,1,4,1,8,0.125,20.0,99.9,1082.4699,0.0,0,0.0,0.0
318.0,A,RUNNING,315.34,1,4,1,8,0.125,20.0,99.9,1081.4699,0.0,0,0.0,0.0
319.0,A,RUNNING,316.34,1,4,1,8,0.125,20.0,99.9,1080.4699,0.0,0,0.0,0.0
320.0,A,RUNNING,317.34,2,4,2,8,0.25,20.0,99.8,1086.8751,0.0,0,0.0,0.0
321.0,A,RUNNING,318.34,2,4,2,8,0.25,20.0,99.8,1085.8751,0.0,0,0.0,0.0
322.0,A,RUNNING,319.34,2,4,2,8,0.25,20.0,99.8,1084.8751,0.0,0,0.0,0.0
323.0,A,RUNNING,320.34,2,4,2,8,0.25,20.0,99.8,1083.8751,0.0,0,0.0,0.0
324.0,A,RUNNING,321.34,2,4,2,8,0.25,20.0,99.8,1082.8751,0.0,0,0.0,0.0
325.0,A,RUNNING,322.34,2,4,2,8,0.25,20.0,99.8,1081.8751,0.0,0,0.0,0.0
326.0,A,RUNNING,323.34,2,4,2,8,0.25,20.0,99.8,1080.8751,0.0,0,0.0,0.0
327.0,A,RUNNING,324.34,2,4,2,8,0.25,20.0,99.8,1079.8751,0.0,0,0.0,0.0
328.0,A,RUNNING,325.34,2,4,2,8,0.25,20.0,99.8,1078.8751,0.0,0,0.0,0.0
329.0,A,RUNNING,326.34,2,4,2,8,0.25,20.0,99.8,1077.8751,0.0,0,0.0,0.0
330.0,A,RUNNING,327.34,2,4,2,8,0.25,20.0,99.8,1076.8751,0.0,0,0.0,0.0
331.0,A,RUNNING,328.34,2,4,2,8,0.25,20.0,99.8,1075.8751,0.0,0,0.0,0.0
332.0,A,RUNNING,329.34,2,4,2,8,0.25,20.0,99.8,1074.8751,0.0,0,0.0,0.0
333.0,A,RUNNING,330.34,2,4,2,8,0.25,20.0,99.8,1073.8751,0.0,0,0.0,0.0
334.0,A,RUNNING,331.34,2,4,2,8,0.25,20.0,99.8,1072.8751,0.0,0,0.0,0.0
335.0,A,RUNNING,332.34,2,4,2,8,0.25,20.0,99.8,1071.8751,0.0,0,0.0,0.0
336.0,A,RUNNING,333.34,2,4,2,8,0.25,20.0,99.8,1070.8751,0.0,0,0.0,0.0
337.0,A,RUNNING,334.34,2,4,2,8,0.25,20.0,99.8,1069.8751,0.0,0,0.0,0.0
338.0,A,RUNNING,335.34,2,4,2,8,0.25,20.0,99.8,1068.8751,0.0,0,0.0,0.0
339.0,A,RUNNING,336.34,2,4,2,8,0.25,20.0,99.8,1067.8751,0.0,0,0.0,0.0
340.0,A,RUNNING,337.34,2,4,2,8,0.25,20.0,99.8,1066.8751,0.0,0,0.0,0.0
341.0,A,RUNNING,338.34,2,4,2,8,0.25,20.0,99.8,1065.8751,0.0,0,0.0,0.0
342.0,A,RUNNING,339.34,2,4,2,8,0.25,20.0,99.8,1064.8751,0.0,0,0.0,0.0
343.0,A,RUNNING,340.34,2,4,2,8,0.25,20.0,99.8,1063.8751,0.0,0,0.0,0.0
344.0,A,RUNNING,341.34,2,4,2,8,0.25,20.0,99.8,1062.8751,0.0,0,0.0,0.0
345.0,A,RUNNING,342.34,2,4,2,8,0.25,20.0,99.8,1061.8751,0.0,0,0.0,0.0
346.0,A,RUNNING,343.34,2,4,2,8,0.25,20.0,99.8,1060.8751,0.0,0,0.0,0.0
347.0,A,RUNNING,344.34,2,4,2,8,0.25,20.0,99.8,1059.8751,0.0,0,0.0,0.0
348.0,A,RUNNING,345.34,2,4,2,8,0.25,20.0,99.8,1058.8751,0.0,0,0.0,0.0
349.0,A,RUNNING,346.34,2,4,2,8,0.25,20.0,99.8,1057.8751,0.0,0,0.0,0.0
350.0,A,RUNNING,347.34,2,4,2,8,0.25,20.0,99.8,1056.8751,0.0,0,0.0,0.0
351.0,A,RUNNING,348.34,2,4,2,8,0.25,20.0,99.8,1055.8751,0.0,0,0.0,0.0
352.0,A,RUNNING,349.34,2,4,2,8,0.25,20.0,99.8,1054.8751,0.0,0,0.0,0.0
353.0,A,RUNNING,350.34,2,4,2,8,0.25,20.0,99.8,1053.8751,0.0,0,0.0,0.0
354.0,A,RUNNING,351.34,2,4,2,8,0.25,20.0,99.8,1052.8751,0.0,0,0.0,0.0
355.0,A,RUNNING,352.34,2,4,2,8,0.25,20.0,99.8,1051.8751,0.0,0,0.0,0.0
356.0,A,RUNNING,353.34,2,4,2,8,0.25,20.0,99.8,1050.8751,0.0,0,0.0,0.0
357.0,A,RUNNING,354.34,2,4,2,8,0.25,20.0,99.8,1049.8751,0.0,0,0.0,0.0
358.0,A,RUNNING,355.34,2,4,2,8,0.25,20.0,99.8,1048.8751,0.0,0,0.0,0.0
359.0,A,RUNNING,356.34,2,4,2,8,0.25,20.0,99.8,1047.8751,0.0,0,0.0,0.0
360.0,A,RUNNING,357.34,2,4,2,8,0.25,20.0,99.8,1046.8751,0.0,0,0.0,0.0
361.0,A,RUNNING,358.34,2,4,2,8,0.25,20.0,99.8,1045.8751,0.0,0,0.0,0.0
362.0,A,RUNNING,359.34,2,4,2,8,0.25,20.0,99.8,1044.8751,0.0,0,0.0,0.0
363.0,A,RUNNING,360.34,2,4,2,8,0.25,20.0,99.8,1043.8751,0.0,0,0.0,0.0
364.0,A,RUNNING,361.34,2,4,2,8,0.25,20.0,99.8,1042.8751,0.0,0,0.0,0.0
365.0,A,RUNNING,362.34,2,4,2,8,0.25,20.0,99.8,1041.8751,0.0,0,0.0,0.0
366.0,A,RUNNING,363.34,2,4,2,8,0.25,20.0,99.8,1040.8751,0.0,0,0.0,0.0
367.0,A,RUNNING,364.34,2,4,2,8,0.25,20.0,99.8,1039.8751,0.0,0,0.0,0.0
368.0,A,RUNNING,365.34,2,4,2,8,0.25,20.0,99.8,1038.8751,0.0,0,0.0,0.0
369.0,A,RUNNING,366.34,2,4,2,8,0.25,20.0,99.8,1037.8751,0.0,0,0.0,0.0
370.0,A,RUNNING,367.34,2,4,2,8,0.25,20.0,99.8,1036.8751,0.0,0,0.0,0.0
371.0,A,RUNNING,368.34,2,4,2,8,0.25,20.0,99.8,1035.8751,0.0,0,0.0,0.0
372.0,A,RUNNING,369.34,2,4,2,8,0.25,20.0,99.8,1034.8751,0.0,0,0.0,0.0
373.0,A,RUNNING,370.34,2,4,2,8,0.25,20.0,99.8,1033.8751,0.0,0,0.0,0.0
374.0,A,RUNNING,371.34,2,4,2,8,0.25,20.0,99.8,1032.8751,0.0,0,0.0,0.0
375.0,A,RUNNING,372.34,2,4,2,8,0.25,20.0,99.8,1031.8751,0.0,0,0.0,0.0
376.0,A,RUNNING,373.34,2,4,2,8,0.25,20.0,99.8,1030.8751,0.0,0,0.0,0.0
377.0,A,RUNNING,374.34,2,4,2,8,0.25,20.0,99.8,1029.8751,0.0,0,0.0,0.0
378.0,A,RUNNING,375.34,2,4,2,8,0.25,20.0,99.8,1028.8751,0.0,0,0.0,0.0
379.0,A,RUNNING,376.34,2,4,2,8,0.25,20.0,99.8,1027.8751,0.0,0,0.0,0.0
380.0,A,RUNNING,377.34,2,4,2,8,0.25,20.0,99.8,1026.8751,0.0,0,0.0,0.0
381.0,A,RUNNING,378.34,2,4,2,8,0.25,20.0,99.8,1025.8751,0.0,0,0.0,0.0
382.0,A,RUNNING,379.34,2,4,2,8,0.25,20.0,99.8,1024.8751,0.0,0,0.0,0.0
383.0,A,RUNNING,380.34,2,4,2,8,0.25,20.0,99.8,1023.8751,0.0,0,0.0,0.0
384.0,A,RUNNING,381.34,2,4,2,8,0.25,20.0,99.8,1022.8751,0.0,0,0.0,0.0
385.0,A,RUNNING,382.34,2,4,2,8,0.25,20.0,99.8,1021.8751,0.0,0,0.0,0.0
386.0,A,RUNNING,383.34,2,4,2,8,0.25,20.0,99.8,1020.8751,0.0,0,0.0,0.0
387.0,A,RUNNING,384.34,2,4,2,8,0.25,20.0,99.8,1019.8751,0.0,0,0.0,0.0
388.0,A,RUNNING,385.34,2,4,2,8,0.25,20.0,99.8,1018.8751,0.0,0,0.0,0.0
389.0,A,RUNNING,386.34,2,4,2,8,0.25,20.0,99.8,1017.8751,0.0,0,0.0,0.0
390.0,A,RUNNING,387.34,2,4,2,8,0.25,20.0,99.8,1016.8751,0.0,0,0.0,0.0
391.0,A,RUNNING,388.34,2,4,2,8,0.25,20.0,99.8,1015.8751,0.0,0,0.0,0.0
392.0,A,RUNNING,389.34,2,4,2,8,0.25,20.0,99.8,1014.8751,0.0,0,0.0,0.0
393.0,A,RUNNING,390.34,2,4,2,8,0.25,20.0,99.8,1013.8751,0.0,0,0.0,0.0
394.0,A,RUNNING,391.34,2,4,2,8,0.25,20.0,99.8,1012.8751,0.0,0,0.0,0.0
395.0,A,RUNNING,392.34,2,4,2,8,0.25,20.0,99.8,1011.8751,0.0,0,0.0,0.0
396.0,A,RUNNING,393.34,2,4,2,8,0.25,20.0,99.8,1010.8751,0.0,0,0.0,0.0
397.0,A,RUNNING,394.34,2,4,2,8,0.25,20.0,99.8,1009.8751,0.0,0,0.0,0.0
398.0,A,RUNNING,395.34,2,4,2,8,0.25,20.0,99.8,1008.8751,0.0,0,0.0,0.0
399.0,A,RUNNING,396.34,2,4,2,8,0.25,20.0,99.8,1007.8751,0.0,0,0.0,0.0
400.0,A,RUNNING,397.34,2,4,2,8,0.25,20.0,99.8,1006.8751,0.0,0,0.0,0.0
401.0,A,RUNNING,398.34,2,4,2,8,0.25,20.0,99.8,1005.8751,0.0,0,0.0,0.0
402.0,A,RUNNING,399.34,2,4,2,8,0.25,20.0,99.8,1004.8751,0.0,0,0.0,0.0
403.0,A,RUNNING,400.34,2,4,2,8,0.25,20.0,99.8,1003.8751,0.0,0,0.0,0.0
404.0,A,RUNNING,401.34,2,4,2,8,0.25,20.0,99.8,1002.8751,0.0,0,0.0,0.0
405.0,A,RUNNING,402.34,2,4,2,8,0.25,20.0,99.8,1001.8751,0.0,0,0.0,0.0
406.0,A,RUNNING,403.34,2,4,2,8,0.25,20.0,99.8,1000.8751,0.0,0,0.0,0.0
407.0,A,RUNNING,404.34,2,4,2,8,0.25,20.0,99.8,999.8751,0.0,0,0.0,0.0
408.0,A,RUNNING,405.34,2,4,2,8,0.25,20.0,99.8,998.8751,0.0,0,0.0,0.0
409.0,A,RUNNING,406.34,2,4,2,8,0.25,20.0,99.8,997.8751,0.0,0,0.0,0.0
410.0,A,RUNNING,407.34,2,4,2,8,0.25,20.0,99.8,996.8751,0.0,0,0.0,0.0
411.0,A,RUNNING,408.34,2,4,2,8,0.25,20.0,99.8,995.8751,0.0,0,0.0,0.0
412.0,A,RUNNING,409.34,2,4,2,8,0.25,20.0,99.8,994.8751,0.0,0,0.0,0.0
413.0,A,RUNNING,410.34,2,4,2,8,0.25,20.0,99.8,993.8751,0.0,0,0.0,0.0
414.0,A,RUNNING,411.34,2,4,2,8,0.25,20.0,99.8,992.8751,0.0,0,0.0,0.0
415.0,A,RUNNING,412.34,2,4,2,8,0.25,20.0,99.8,991.8751,0.0,0,0.0,0.0
416.0,A,RUNNING,413.34,2,4,2,8,0.25,20.0,99.8,990.8751,0.0,0,0.0,0.0
417.0,A,RUNNING,414.34,2,4,2,8,0.25,20.0,99.8,989.8751,0.0,0,0.0,0.0
418.0,A,RUNNING,415.34,2,4,2,8,0.25,20.0,99.8,988.8751,0.0,0,0.0,0.0
419.0,A,RUNNING,416.34,2,4,2,8,0.25,20.0,99.8,987.8751,0.0,0,0.0,0.0
420.0,A,RUNNING,417.34,2,4,2,8,0.25,20.0,99.8,986.8751,0.0,0,0.0,0.0
421.0,A,RUNNING,418.34,2,4,2,8,0.25,20.0,99.8,985.8751,0.0,0,0.0,0.0
422.0,A,RUNNING,419.34,2,4,2,8,0.25,20.0,99.8,984.8751,0.0,0,0.0,0.0
423.0,A,RUNNING,420.34,2,4,2,8,0.25,20.0,99.8,983.8751,0.0,0,0.0,0.0
424.0,A,RUNNING,421.34,2,4,2,8,0.25,20.0,99.8,982.8751,0.0,0,0.0,0.0
425.0,A,RUNNING,422.34,2,4,2,8,0.25,20.0,99.8,981.8751,0.0,0,0.0,0.0
426.0,A,RUNNING,423.34,2,4,2,8,0.25,20.0,99.8,980.8751,0.0,0,0.0,0.0
427.0,A,RUNNING,424.34,2,4,2,8,0.25,20.0,99.8,979.8751,0.0,0,0.0,0.0
428.0,A,RUNNING,425.34,2,4,2,8,0.25,20.0,99.8,978.8751,0.0,0,0.0,0.0
429.0,A,RUNNING,426.34,2,4,2,8,0.25,20.0,99.8,977.8751,0.0,0,0.0,0.0
430.0,A,RUNNING,427.34,2,4,2,8,0.25,20.0,99.8,976.8751,0.0,0,0.0,0.0
431.0,A,RUNNING,428.34,2,4,2,8,0.25,20.0,99.8,975.8751,0.0,0,0.0,0.0
432.0,A,RUNNING,429.34,2,4,2,8,0.25,20.0,99.8,974.8751,0.0,0,0.0,0.0
433.0,A,RUNNING,430.34,2,4,2,8,0.25,20.0,99.8,973.8751,0.0,0,0.0,0.0
434.0,A,RUNNING,431.34,2,4,2,8,0.25,20.0,99.8,972.8751,0.0,0,0.0,0.0
435.0,A,RUNNING,432.34,2,4,2,8,0.25,20.0,99.8,971.8751,0.0,0,0.0,0.0
436.0,A,RUNNING,433.34,2,4,2,8,0.25,20.0,99.8,970.8751,0.0,0,0.0,0.0
437.0,A,RUNNING,434.34,2,4,2,8,0.25,20.0,99.8,969.8751,0.0,0,0.0,0.0
438.0,A,RUNNING,435.34,2,4,2,8,0.25,20.0,99.8,968.8751,0.0,0,0.0,0.0
439.0,A,RUNNING,436.34,2,4,2,8,0.25,20.0,99.8,967.8751,0.0,0,0.0,0.0
440.0,A,RUNNING,437.34,2,4,2,8,0.25,20.0,99.8,966.8751,0.0,0,0.0,0.0
441.0,A,RUNNING,438.34,2,4,2,8,0.25,20.0,99.8,965.8751,0.0,0,0.0,0.0
442.0,A,RUNNING,439.34,2,4,2,8,0.25,20.0,99.8,964.8751,0.0,0,0.0,0.0
443.0,A,RUNNING,440.34,2,4,2,8,0.25,20.0,99.8,963.8751,0.0,0,0.0,0.0
444.0,A,RUNNING,441.34,2,4,2,8,0.25,20.0,99.8,962.8751,0.0,0,0.0,0.0
445.0,A,RUNNING,442.34,2,4,2,8,0.25,20.0,99.8,961.8751,0.0,0,0.0,0.0
446.0,A,RUNNING,443.34,2,4,2,8,0.25,20.0,99.8,960.8751,0.0,0,0.0,0.0
447.0,A,RUNNING,444.34,2,4,2,8,0.25,20.0,99.8,959.8751,0.0,0,0.0,0.0
448.02,A,RUNNING,445.364,2,4,2,8,0.25,20.0,99.8,958.8511,0.0,0,0.0,0.0
449.0,A,RUNNING,446.34,2,4,2,8,0.25,20.0,99.8,957.8751,0.0,0,0.0,0.0
450.0,A,RUNNING,447.34,2,4,2,8,0.25,20.0,99.8,956.8751,0.0,0,0.0,0.0
451.0,A,RUNNING,448.34,2,4,2,8,0.25,20.0,99.8,955.8751,0.0,0,0.0,0.0
452.0,A,RUNNING,449.34,2,4,2,8,0.25,20.0,99.8,954.8751,0.0,0,0.0,0.0
453.0,A,RUNNING,450.34,2,4,2,8,0.25,20.0,99.8,953.8751,0.0,0,0.0,0.0
454.0,A,RUNNING,451.34,2,4,2,8,0.25,20.0,99.8,952.8751,0.0,0,0.0,0.0
455.0,A,RUNNING,452.34,2,4,2,8,0.25,20.0,99.8,951.8751,0.0,0,0.0,0.0
456.0,A,RUNNING,453.34,2,4,2,8,0.25,20.0,99.8,950.8751,0.0,0,0.0,0.0
457.0,A,RUNNING,454.34,2,4,2,8,0.25,20.0,99.8,949.8751,0.0,0,0.0,0.0
458.0,A,RUNNING,455.34,2,4,2,8,0.25,20.0,99.8,948.8751,0.0,0,0.0,0.0
459.0,A,RUNNING,456.34,2,4,2,8,0.25,20.0,99.8,947.8751,0.0,0,0.0,0.0
460.0,A,RUNNING,457.34,2,4,2,8,0.25,20.0,99.8,946.8751,0.0,0,0.0,0.0
461.0,A,RUNNING,458.34,2,4,2,8,0.25,20.0,99.8,945.8751,0.0,0,0.0,0.0
462.0,A,RUNNING,459.34,2,4,2,8,0.25,20.0,99.8,944.8751,0.0,0,0.0,0.0
463.0,A,RUNNING,460.34,2,4,2,8,0.25,20.0,99.8,943.8751,0.0,0,0.0,0.0
464.0,A,RUNNING,461.34,2,4,2,8,0.25,20.0,99.8,942.8751,0.0,0,0.0,0.0
465.0,A,RUNNING,462.34,2,4,2,8,0.25,20.0,99.8,941.8751,0.0,0,0.0,0.0
466.0,A,RUNNING,463.34,2,4,2,8,0.25,20.0,99.8,940.8751,0.0,0,0.0,0.0
467.0,A,RUNNING,464.34,2,4,2,8,0.25,20.0,99.8,939.8751,0.0,0,0.0,0.0
468.0,A,RUNNING,465.34,2,4,2,8,0.25,20.0,99.8,938.8751,0.0,0,0.0,0.0
469.0,A,RUNNING,466.34,2,4,2,8,0.25,20.0,99.8,937.8751,0.0,0,0.0,0.0
470.0,A,RUNNING,467.34,2,4,2,8,0.25,20.0,99.8,936.8751,0.0,0,0.0,0.0
471.0,A,RUNNING,468.34,2,4,2,8,0.25,20.0,99.8,935.8751,0.0,0,0.0,0.0
472.0,A,RUNNING,469.34,2,4,2,8,0.25,20.0,99.8,934.8751,0.0,0,0.0,0.0
473.0,A,RUNNING,470.34,2,4,2,8,0.25,20.0,99.8,933.8751,0.0,0,0.0,0.0
474.0,A,RUNNING,471.34,2,4,2,8,0.25,20.0,99.8,932.8751,0.0,0,0.0,0.0
475.0,A,RUNNING,472.34,2,4,2,8,0.25,20.0,99.8,931.8751,0.0,0,0.0,0.0
476.0,A,RUNNING,473.34,2,4,2,8,0.25,20.0,99.8,930.8751,0.0,0,0.0,0.0
477.0,A,RUNNING,474.34,2,4,2,8,0.25,20.0,99.8,929.8751,0.0,0,0.0,0.0
478.0,A,RUNNING,475.34,2,4,2,8,0.25,20.0,99.8,928.8751,0.0,0,0.0,0.0
479.0,A,RUNNING,476.34,2,4,2,8,0.25,20.0,99.8,927.8751,0.0,0,0.0,0.0
480.0,A,RUNNING,477.34,2,4,2,8,0.25,20.0,99.8,926.8751,0.0,0,0.0,0.0
481.0,A,RUNNING,478.34,2,4,2,8,0.25,20.0,99.8,925.8751,0.0,0,0.0,0.0
482.0,A,RUNNING,479.34,2,4,2,8,0.25,20.0,99.8,924.8751,0.0,0,0.0,0.0
483.0,A,RUNNING,480.34,2,4,2,8,0.25,20.0,99.8,923.8751,0.0,0,0.0,0.0
484.0,A,RUNNING,481.34,2,4,2,8,0.25,20.0,99.8,922.8751,0.0,0,0.0,0.0
485.0,A,RUNNING,482.34,2,4,2,8,0.25,20.0,99.8,921.8751,0.0,0,0.0,0.0
486.0,A,RUNNING,483.34,2,4,2,8,0.25,20.0,99.8,920.8751,0.0,0,0.0,0.0
487.0,A,RUNNING,484.34,2,4,2,8,0.25,20.0,99.8,919.8751,0.0,0,0.0,0.0
488.0,A,RUNNING,485.34,2,4,2,8,0.25,20.0,99.8,918.8751,0.0,0,0.0,0.0
489.0,A,RUNNING,486.34,2,4,2,8,0.25,20.0,99.8,917.8751,0.0,0,0.0,0.0
490.0,A,RUNNING,487.34,2,4,2,8,0.25,20.0,99.8,916.8751,0.0,0,0.0,0.0
491.0,A,RUNNING,488.34,2,4,2,8,0.25,20.0,99.8,915.8751,0.0,0,0.0,0.0
492.0,A,RUNNING,489.34,2,4,2,8,0.25,20.0,99.8,914.8751,0.0,0,0.0,0.0
493.0,A,RUNNING,490.34,2,4,2,8,0.25,20.0,99.8,913.8751,0.0,0,0.0,0.0
494.0,A,RUNNING,491.34,2,4,2,8,0.25,20.0,99.8,912.8751,0.0,0,0.0,0.0
495.0,A,RUNNING,492.34,2,4,2,8,0.25,20.0,99.8,911.8751,0.0,0,0.0,0.0
496.0,A,RUNNING,493.34,2,4,2,8,0.25,20.0,99.8,910.8751,0.0,0,0.0,0.0
497.0,A,RUNNING,494.34,2,4,2,8,0.25,20.0,99.8,909.8751,0.0,0,0.0,0.0
498.0,A,RUNNING,495.34,2,4,2,8,0.25,20.0,99.8,908.8751,0.0,0,0.0,0.0
499.0,A,RUNNING,496.34,2,4,2,8,0.25,20.0,99.8,907.8751,0.0,0,0.0,0.0
500.0,A,RUNNING,497.34,2,4,2,8,0.25,20.0,99.8,906.8751,0.0,0,0.0,0.0
501.0,A,RUNNING,498.34,2,4,2,8,0.25,20.0,99.8,905.8751,0.0,0,0.0,0.0
502.0,A,RUNNING,499.34,2,4,2,8,0.25,20.0,99.8,904.8751,0.0,0,0.0,0.0
503.0,A,RUNNING,500.34,2,4,2,8,0.25,20.0,99.8,903.8751,0.0,0,0.0,0.0
504.0,A,RUNNING,501.34,2,4,2,8,0.25,20.0,99.8,902.8751,0.0,0,0.0,0.0
505.0,A,RUNNING,502.34,2,4,2,8,0.25,20.0,99.8,901.8751,0.0,0,0.0,0.0
506.0,A,RUNNING,503.34,2,4,2,8,0.25,20.0,99.8,900.8751,0.0,0,0.0,0.0
507.0,A,RUNNING,504.34,3,4,3,8,0.375,20.0,99.7,863.9928,0.0,0,0.0,0.0
508.0,A,RUNNING,505.34,3,4,3,8,0.375,20.0,99.7,862.9928,0.0,0,0.0,0.0
509.0,A,RUNNING,506.34,3,4,3,8,0.375,20.0,99.7,861.9928,0.0,0,0.0,0.0
510.0,A,RUNNING,507.34,3,4,3,8,0.375,20.0,99.7,860.9928,0.0,0,0.0,0.0
511.0,A,RUNNING,508.34,3,4,3,8,0.375,20.0,99.7,859.9928,0.0,0,0.0,0.0
512.0,A,RUNNING,509.34,3,4,3,8,0.375,20.0,99.7,858.9928,0.0,0,0.0,0.0
513.0,A,RUNNING,510.34,3,4,3,8,0.375,20.0,99.7,857.9928,0.0,0,0.0,0.0
514.0,A,RUNNING,511.34,3,4,3,8,0.375,20.0,99.7,856.9928,0.0,0,0.0,0.0
515.0,A,RUNNING,512.34,3,4,3,8,0.375,20.0,99.7,855.9928,0.0,0,0.0,0.0
516.0,A,RUNNING,513.34,3,4,3,8,0.375,20.0,99.7,854.9928,0.0,0,0.0,0.0
517.0,A,RUNNING,514.34,3,4,3,8,0.375,20.0,99.7,853.9928,0.0,0,0.0,0.0
518.0,A,RUNNING,515.34,3,4,3,8,0.375,20.0,99.7,852.9928,0.0,0,0.0,0.0
519.0,A,RUNNING,516.34,3,4,3,8,0.375,20.0,99.7,851.9928,0.0,0,0.0,0.0
520.0,A,RUNNING,517.34,3,4,3,8,0.375,20.0,99.7,850.9928,0.0,0,0.0,0.0
521.0,A,RUNNING,518.34,3,4,3,8,0.375,20.0,99.7,849.9928,0.0,0,0.0,0.0
522.0,A,RUNNING,519.34,3,4,3,8,0.375,20.0,99.7,848.9928,0.0,0,0.0,0.0
523.0,A,RUNNING,520.34,3,4,3,8,0.375,20.0,99.7,847.9928,0.0,0,0.0,0.0
524.0,A,RUNNING,521.34,3,4,3,8,0.375,20.0,99.7,846.9928,0.0,0,0.0,0.0
525.0,A,RUNNING,522.34,3,4,3,8,0.375,20.0,99.7,845.9928,0.0,0,0.0,0.0
526.0,A,RUNNING,523.34,3,4,3,8,0.375,20.0,99.7,844.9928,0.0,0,0.0,0.0
527.0,A,RUNNING,524.34,3,4,3,8,0.375,20.0,99.7,843.9928,0.0,0,0.0,0.0
528.0,A,RUNNING,525.34,3,4,3,8,0.375,20.0,99.7,842.9928,0.0,0,0.0,0.0
529.0,A,RUNNING,526.34,3,4,3,8,0.375,20.0,99.7,841.9928,0.0,0,0.0,0.0
530.0,A,RUNNING,527.34,3,4,3,8,0.375,20.0,99.7,840.9928,0.0,0,0.0,0.0
531.0,A,RUNNING,528.34,3,4,3,8,0.375,20.0,99.7,839.9928,0.0,0,0.0,0.0
532.0,A,RUNNING,529.34,3,4,3,8,0.375,20.0,99.7,838.9928,0.0,0,0.0,0.0
533.0,A,RUNNING,530.34,3,4,3,8,0.375,20.0,99.7,837.9928,0.0,0,0.0,0.0
534.0,A,RUNNING,531.34,3,4,3,8,0.375,20.0,99.7,836.9928,0.0,0,0.0,0.0
535.0,A,RUNNING,532.34,3,4,3,8,0.375,20.0,99.7,835.9928,0.0,0,0.0,0.0
536.0,A,RUNNING,533.34,3,4,3,8,0.375,20.0,99.7,834.9928,0.0,0,0.0,0.0
537.0,A,RUNNING,534.34,3,4,3,8,0.375,20.0,99.7,833.9928,0.0,0,0.0,0.0
538.0,A,RUNNING,535.34,3,4,3,8,0.375,20.0,99.7,832.9928,0.0,0,0.0,0.0
539.0,A,RUNNING,536.34,3,4,3,8,0.375,20.0,99.7,831.9928,0.0,0,0.0,0.0
540.0,A,RUNNING,537.34,3,4,3,8,0.375,20.0,99.7,830.9928,0.0,0,0.0,0.0
541.0,A,RUNNING,538.34,3,4,3,8,0.375,20.0,99.7,829.9928,0.0,0,0.0,0.0
542.0,A,RUNNING,539.34,3,4,3,8,0.375,20.0,99.7,828.9928,0.0,0,0.0,0.0
543.0,A,RUNNING,540.34,3,4,3,8,0.375,20.0,99.7,827.9928,0.0,0,0.0,0.0
544.0,A,RUNNING,541.34,3,4,3,8,0.375,20.0,99.7,826.9928,0.0,0,0.0,0.0
545.0,A,RUNNING,542.34,3,4,3,8,0.375,20.0,99.7,825.9928,0.0,0,0.0,0.0
546.0,A,RUNNING,543.34,3,4,3,8,0.375,20.0,99.7,824.9928,0.0,0,0.0,0.0
547.0,A,RUNNING,544.34,3,4,3,8,0.375,20.0,99.7,823.9928,0.0,0,0.0,0.0
548.0,A,RUNNING,545.34,3,4,3,8,0.375,20.0,99.7,822.9928,0.0,0,0.0,0.0
549.0,A,RUNNING,546.34,3,4,3,8,0.375,20.0,99.7,821.9928,0.0,0,0.0,0.0
550.0,A,RUNNING,547.34,3,4,3,8,0.375,20.0,99.7,820.9928,0.0,0,0.0,0.0
551.0,A,RUNNING,548.34,3,4,3,8,0.375,20.0,99.7,819.9928,0.0,0,0.0,0.0
552.0,A,RUNNING,549.34,3,4,3,8,0.375,20.0,99.7,818.9928,0.0,0,0.0,0.0
553.0,A,RUNNING,550.34,3,4,3,8,0.375,20.0,99.7,817.9928,0.0,0,0.0,0.0
554.0,A,RUNNING,551.34,3,4,3,8,0.375,20.0,99.7,816.9928,0.0,0,0.0,0.0
555.0,A,RUNNING,552.34,3,4,3,8,0.375,20.0,99.7,815.9928,0.0,0,0.0,0.0
556.0,A,RUNNING,553.34,3,4,3,8,0.375,20.0,99.7,814.9928,0.0,0,0.0,0.0
557.0,A,RUNNING,554.34,3,4,3,8,0.375,20.0,99.7,813.9928,0.0,0,0.0,0.0
558.0,A,RUNNING,555.34,3,4,3,8,0.375,20.0,99.7,812.9928,0.0,0,0.0,0.0
559.0,A,RUNNING,556.34,3,4,3,8,0.375,20.0,99.7,811.9928,0.0,0,0.0,0.0
560.0,A,RUNNING,557.34,3,4,3,8,0.375,20.0,99.7,810.9928,0.0,0,0.0,0.0
561.0,A,RUNNING,558.34,3,4,3,8,0.375,20.0,99.7,809.9928,0.0,0,0.0,0.0
562.0,A,RUNNING,559.34,3,4,3,8,0.375,20.0,99.7,808.9928,0.0,0,0.0,0.0
563.0,A,RUNNING,560.34,3,4,3,8,0.375,20.0,99.7,807.9928,0.0,0,0.0,0.0
564.0,A,RUNNING,561.34,3,4,3,8,0.375,20.0,99.7,806.9928,0.0,0,0.0,0.0
565.0,A,RUNNING,562.34,3,4,3,8,0.375,20.0,99.7,805.9928,0.0,0,0.0,0.0
566.0,A,RUNNING,563.34,3,4,3,8,0.375,20.0,99.7,804.9928,0.0,0,0.0,0.0
567.0,A,RUNNING,564.34,3,4,3,8,0.375,20.0,99.7,803.9928,0.0,0,0.0,0.0
568.0,A,RUNNING,565.34,3,4,3,8,0.375,20.0,99.7,802.9928,0.0,0,0.0,0.0
569.0,A,RUNNING,566.34,3,4,3,8,0.375,20.0,99.7,801.9928,0.0,0,0.0,0.0
570.0,A,RUNNING,567.34,3,4,3,8,0.375,20.0,99.7,800.9928,0.0,0,0.0,0.0
571.0,A,RUNNING,568.34,3,4,3,8,0.375,20.0,99.7,799.9928,0.0,0,0.0,0.0
572.0,A,RUNNING,569.34,3,4,3,8,0.375,20.0,99.7,798.9928,0.0,0,0.0,0.0
573.0,A,RUNNING,570.34,3,4,3,8,0.375,20.0,99.7,797.9928,0.0,0,0.0,0.0
574.0,A,RUNNING,571.34,3,4,3,8,0.375,20.0,99.7,796.9928,0.0,0,0.0,0.0
575.0,A,RUNNING,572.34,3,4,3,8,0.375,20.0,99.7,795.9928,0.0,0,0.0,0.0
576.0,A,RUNNING,573.34,3,4,3,8,0.375,20.0,99.7,794.9928,0.0,0,0.0,0.0
577.0,A,RUNNING,574.34,3,4,3,8,0.375,20.0,99.7,793.9928,0.0,0,0.0,0.0
578.0,A,RUNNING,575.34,3,4,3,8,0.375,20.0,99.7,792.9928,0.0,0,0.0,0.0
579.0,A,RUNNING,576.34,3,4,3,8,0.375,20.0,99.7,791.9928,0.0,0,0.0,0.0
580.0,A,RUNNING,577.34,3,4,3,8,0.375,20.0,99.7,790.9928,0.0,0,0.0,0.0
581.0,A,RUNNING,578.34,3,4,3,8,0.375,20.0,99.7,789.9928,0.0,0,0.0,0.0
582.0,A,RUNNING,579.34,3,4,3,8,0.375,20.0,99.7,788.9928,0.0,0,0.0,0.0
583.0,A,RUNNING,580.34,3,4,3,8,0.375,20.0,99.7,787.9928,0.0,0,0.0,0.0
584.0,A,RUNNING,581.34,3,4,3,8,0.375,20.0,99.7,786.9928,0.0,0,0.0,0.0
585.0,A,RUNNING,582.34,3,4,3,8,0.375,20.0,99.7,785.9928,0.0,0,0.0,0.0
586.0,A,RUNNING,583.34,3,4,3,8,0.375,20.0,99.7,784.9928,0.0,0,0.0,0.0
587.0,A,RUNNING,584.34,3,4,3,8,0.375,20.0,99.7,783.9928,0.0,0,0.0,0.0
588.0,A,RUNNING,585.34,3,4,3,8,0.375,20.0,99.7,782.9928,0.0,0,0.0,0.0
589.0,A,RUNNING,586.34,3,4,3,8,0.375,20.0,99.7,781.9928,0.0,0,0.0,0.0
590.0,A,RUNNING,587.34,3,4,3,8,0.375,20.0,99.7,780.9928,0.0,0,0.0,0.0
591.0,A,RUNNING,588.34,3,4,3,8,0.375,20.0,99.7,779.9928,0.0,0,0.0,0.0
592.0,A,RUNNING,589.34,3,4,3,8,0.375,20.0,99.7,778.9928,0.0,0,0.0,0.0
593.0,A,RUNNING,590.34,3,4,3,8,0.375,20.0,99.7,777.9928,0.0,0,0.0,0.0
594.0,A,RUNNING,591.34,3,4,3,8,0.375,20.0,99.7,776.9928,0.0,0,0.0,0.0
595.0,A,RUNNING,592.34,3,4,3,8,0.375,20.0,99.7,775.9928,0.0,0,0.0,0.0
596.0,A,RUNNING,593.34,3,4,3,8,0.375,20.0,99.7,774.9928,0.0,0,0.0,0.0
597.0,A,RUNNING,594.34,3,4,3,8,0.375,20.0,99.7,773.9928,0.0,0,0.0,0.0
598.0,A,RUNNING,595.34,3,4,3,8,0.375,20.0,99.7,772.9928,0.0,0,0.0,0.0
599.0,A,RUNNING,596.34,3,4,3,8,0.375,20.0,99.7,771.9928,0.0,0,0.0,0.0
600.0,A,RUNNING,597.34,3,4,3,8,0.375,20.0,99.7,770.9928,0.0,0,0.0,0.0
601.0,A,RUNNING,598.34,3,4,3,8,0.375,20.0,99.7,769.9928,0.0,0,0.0,0.0
602.0,A,RUNNING,599.34,3,4,3,8,0.375,20.0,99.7,768.9928,0.0,0,0.0,0.0
603.0,A,RUNNING,600.34,3,4,3,8,0.375,20.0,99.7,767.9928,0.0,0,0.0,0.0
604.0,A,RUNNING,601.34,3,4,3,8,0.375,20.0,99.7,766.9928,0.0,0,0.0,0.0
605.0,A,RUNNING,602.34,3,4,3,8,0.375,20.0,99.7,765.9928,0.0,0,0.0,0.0
606.0,A,RUNNING,603.34,3,4,3,8,0.375,20.0,99.7,764.9928,0.0,0,0.0,0.0
607.0,A,RUNNING,604.34,3,4,3,8,0.375,20.0,99.7,763.9928,0.0,0,0.0,0.0
608.0,A,RUNNING,605.34,3,4,3,8,0.375,20.0,99.7,762.9928,0.0,0,0.0,0.0
609.0,A,RUNNING,606.34,3,4,3,8,0.375,20.0,99.7,761.9928,0.0,0,0.0,0.0
610.0,A,RUNNING,607.34,3,4,3,8,0.375,20.0,99.7,760.9928,0.0,0,0.0,0.0
611.0,A,RUNNING,608.34,3,4,3,8,0.375,20.0,99.7,759.9928,0.0,0,0.0,0.0
612.0,A,RUNNING,609.34,3,4,3,8,0.375,20.0,99.7,758.9928,0.0,0,0.0,0.0
613.0,A,RUNNING,610.34,3,4,3,8,0.375,20.0,99.7,757.9928,0.0,0,0.0,0.0
614.0,A,RUNNING,611.34,3,4,3,8,0.375,20.0,99.7,756.9928,0.0,0,0.0,0.0
615.0,A,RUNNING,612.34,3,4,3,8,0.375,20.0,99.7,755.9928,0.0,0,0.0,0.0
616.0,A,RUNNING,613.34,3,4,3,8,0.375,20.0,99.7,754.9928,0.0,0,0.0,0.0
617.0,A,RUNNING,614.34,3,4,3,8,0.375,20.0,99.7,753.9928,0.0,0,0.0,0.0
618.0,A,RUNNING,615.34,3,4,3,8,0.375,20.0,99.7,752.9928,0.0,0,0.0,0.0
619.0,A,RUNNING,616.34,3,4,3,8,0.375,20.0,99.7,751.9928,0.0,0,0.0,0.0
620.0,A,RUNNING,617.34,3,4,3,8,0.375,20.0,99.7,750.9928,0.0,0,0.0,0.0
621.0,A,RUNNING,618.34,3,4,3,8,0.375,20.0,99.7,749.9928,0.0,0,0.0,0.0
622.0,A,RUNNING,619.34,3,4,3,8,0.375,20.0,99.7,748.9928,0.0,0,0.0,0.0
623.0,A,RUNNING,620.34,3,4,3,8,0.375,20.0,99.7,747.9928,0.0,0,0.0,0.0
624.0,A,RUNNING,621.34,3,4,3,8,0.375,20.0,99.7,746.9928,0.0,0,0.0,0.0
625.0,A,RUNNING,622.34,3,4,3,8,0.375,20.0,99.7,745.9928,0.0,0,0.0,0.0
626.0,A,RUNNING,623.34,3,4,3,8,0.375,20.0,99.7,744.9928,0.0,0,0.0,0.0
627.0,A,RUNNING,624.34,3,4,3,8,0.375,20.0,99.7,743.9928,0.0,0,0.0,0.0
628.0,A,RUNNING,625.34,3,4,3,8,0.375,20.0,99.7,742.9928,0.0,0,0.0,0.0
629.0,A,RUNNING,626.34,3,4,3,8,0.375,20.0,99.7,741.9928,0.0,0,0.0,0.0
630.0,A,RUNNING,627.34,3,4,3,8,0.375,20.0,99.7,740.9928,0.0,0,0.0,0.0
631.0,A,RUNNING,628.34,3,4,3,8,0.375,20.0,99.7,739.9928,0.0,0,0.0,0.0
632.0,A,RUNNING,629.34,3,4,3,8,0.375,20.0,99.7,738.9928,0.0,0,0.0,0.0
633.0,A,RUNNING,630.34,3,4,3,8,0.375,20.0,99.7,737.9928,0.0,0,0.0,0.0
634.0,A,RUNNING,631.34,3,4,3,8,0.375,20.0,99.7,736.9928,0.0,0,0.0,0.0
635.0,A,RUNNING,632.34,3,4,3,8,0.375,20.0,99.7,735.9928,0.0,0,0.0,0.0
636.0,A,RUNNING,633.34,3,4,3,8,0.375,20.0,99.7,734.9928,0.0,0,0.0,0.0
637.0,A,RUNNING,634.34,3,4,3,8,0.375,20.0,99.7,733.9928,0.0,0,0.0,0.0
638.0,A,RUNNING,635.34,3,4,3,8,0.375,20.0,99.7,732.9928,0.0,0,0.0,0.0
639.0,A,RUNNING,636.34,3,4,3,8,0.375,20.0,99.7,731.9928,0.0,0,0.0,0.0
640.0,A,RUNNING,637.34,3,4,3,8,0.375,20.0,99.7,730.9928,0.0,0,0.0,0.0
641.0,A,RUNNING,638.34,3,4,3,8,0.375,20.0,99.7,729.9928,0.0,0,0.0,0.0
642.0,A,RUNNING,639.34,3,4,3,8,0.375,20.0,99.7,728.9928,0.0,0,0.0,0.0
643.0,A,RUNNING,640.34,3,4,3,8,0.375,20.0,99.7,727.9928,0.0,0,0.0,0.0
644.0,A,RUNNING,641.34,3,4,3,8,0.375,20.0,99.7,726.9928,0.0,0,0.0,0.0
645.0,A,RUNNING,642.34,3,4,3,8,0.375,20.0,99.7,725.9928,0.0,0,0.0,0.0
646.0,A,RUNNING,643.34,3,4,3,8,0.375,20.0,99.7,724.9928,0.0,0,0.0,0.0
647.0,A,RUNNING,644.34,3,4,3,8,0.375,20.0,99.7,723.9928,0.0,0,0.0,0.0
648.0,A,RUNNING,645.34,3,4,3,8,0.375,20.0,99.7,722.9928,0.0,0,0.0,0.0
649.0,A,RUNNING,646.34,3,4,3,8,0.375,20.0,99.7,721.9928,0.0,0,0.0,0.0
650.0,A,RUNNING,647.34,3,4,3,8,0.375,20.0,99.7,720.9928,0.0,0,0.0,0.0
651.0,A,RUNNING,648.34,4,4,4,8,0.5,20.0,99.6,764.435,0.0,0,0.0,0.0
652.0,A,RUNNING,649.34,4,4,4,8,0.5,20.0,99.6,763.435,0.0,0,0.0,0.0
653.0,A,RUNNING,650.34,4,4,4,8,0.5,20.0,99.6,762.435,0.0,0,0.0,0.0
654.0,A,RUNNING,651.34,4,4,4,8,0.5,20.0,99.6,761.435,0.0,0,0.0,0.0
655.0,A,RUNNING,652.34,4,4,4,8,0.5,20.0,99.6,760.435,0.0,0,0.0,0.0
656.0,A,RUNNING,653.34,4,4,4,8,0.5,20.0,99.6,759.435,0.0,0,0.0,0.0
657.0,A,RUNNING,654.34,4,4,4,8,0.5,20.0,99.6,758.435,0.0,0,0.0,0.0
658.0,A,RUNNING,655.34,4,4,4,8,0.5,20.0,99.6,757.435,0.0,0,0.0,0.0
659.0,A,RUNNING,656.34,4,4,4,8,0.5,20.0,99.6,756.435,0.0,0,0.0,0.0
660.0,A,RUNNING,657.34,4,4,4,8,0.5,20.0,99.6,755.435,0.0,0,0.0,0.0
661.0,A,RUNNING,658.34,4,4,4,8,0.5,20.0,99.6,754.435,0.0,0,0.0,0.0
662.0,A,RUNNING,659.34,4,4,4,8,0.5,20.0,99.6,753.435,0.0,0,0.0,0.0
663.0,A,RUNNING,660.34,4,4,4,8,0.5,20.0,99.6,752.435,0.0,0,0.0,0.0
664.0,A,RUNNING,661.34,4,4,4,8,0.5,20.0,99.6,751.435,0.0,0,0.0,0.0
665.0,A,RUNNING,662.34,4,4,4,8,0.5,20.0,99.6,750.435,0.0,0,0.0,0.0
666.0,A,RUNNING,663.34,4,4,4,8,0.5,20.0,99.6,749.435,0.0,0,0.0,0.0
667.0,A,RUNNING,664.34,4,4,4,8,0.5,20.0,99.6,748.435,0.0,0,0.0,0.0
668.0,A,RUNNING,665.34,4,4,4,8,0.5,20.0,99.6,747.435,0.0,0,0.0,0.0
669.0,A,RUNNING,666.34,4,4,4,8,0.5,20.0,99.6,746.435,0.0,0,0.0,0.0
670.0,A,RUNNING,667.34,4,4,4,8,0.5,20.0,99.6,745.435,0.0,0,0.0,0.0
671.0,A,RUNNING,668.34,4,4,4,8,0.5,20.0,99.6,744.435,0.0,0,0.0,0.0
672.0,A,RUNNING,669.34,4,4,4,8,0.5,20.0,99.6,743.435,0.0,0,0.0,0.0
673.0,A,RUNNING,670.34,4,4,4,8,0.5,20.0,99.6,742.435,0.0,0,0.0,0.0
674.0,A,RUNNING,671.34,4,4,4,8,0.5,20.0,99.6,741.435,0.0,0,0.0,0.0
675.0,A,RUNNING,672.34,4,4,4,8,0.5,20.0,99.6,740.435,0.0,0,0.0,0.0
676.0,A,RUNNING,673.34,4,4,4,8,0.5,20.0,99.6,739.435,0.0,0,0.0,0.0
677.0,A,RUNNING,674.34,4,4,4,8,0.5,20.0,99.6,738.435,0.0,0,0.0,0.0
678.0,A,RUNNING,675.34,4,4,4,8,0.5,20.0,99.6,737.435,0.0,0,0.0,0.0
679.0,A,RUNNING,676.34,4,4,4,8,0.5,20.0,99.6,736.435,0.0,0,0.0,0.0
680.0,A,RUNNING,677.34,4,4,4,8,0.5,20.0,99.6,735.435,0.0,0,0.0,0.0
681.0,A,RUNNING,678.34,4,4,4,8,0.5,20.0,99.6,734.435,0.0,0,0.0,0.0
682.0,A,RUNNING,679.34,4,4,4,8,0.5,20.0,99.6,733.435,0.0,0,0.0,0.0
683.0,A,RUNNING,680.34,4,4,4,8,0.5,20.0,99.6,732.435,0.0,0,0.0,0.0
684.0,A,RUNNING,681.34,4,4,4,8,0.5,20.0,99.6,731.435,0.0,0,0.0,0.0
685.0,A,RUNNING,682.34,4,4,4,8,0.5,20.0,99.6,730.435,0.0,0,0.0,0.0
686.0,A,RUNNING,683.34,4,4,4,8,0.5,20.0,99.6,729.435,0.0,0,0.0,0.0
687.0,A,RUNNING,684.34,4,4,4,8,0.5,20.0,99.6,728.435,0.0,0,0.0,0.0
688.0,A,RUNNING,685.34,4,4,4,8,0.5,20.0,99.6,727.435,0.0,0,0.0,0.0
689.0,A,RUNNING,686.34,4,4,4,8,0.5,20.0,99.6,726.435,0.0,0,0.0,0.0
690.0,A,RUNNING,687.34,4,4,4,8,0.5,20.0,99.6,725.435,0.0,0,0.0,0.0
691.0,A,RUNNING,688.34,4,4,4,8,0.5,20.0,99.6,724.435,0.0,0,0.0,0.0
692.0,A,RUNNING,689.34,4,4,4,8,0.5,20.0,99.6,723.435,0.0,0,0.0,0.0
693.0,A,RUNNING,690.34,4,4,4,8,0.5,20.0,99.6,722.435,0.0,0,0.0,0.0
694.0,A,RUNNING,691.34,4,4,4,8,0.5,20.0,99.6,721.435,0.0,0,0.0,0.0
695.0,A,RUNNING,692.34,4,4,4,8,0.5,20.0,99.6,720.435,0.0,0,0.0,0.0
696.0,A,RUNNING,693.34,4,4,4,8,0.5,20.0,99.6,719.435,0.0,0,0.0,0.0
697.0,A,RUNNING,694.34,4,4,4,8,0.5,20.0,99.6,718.435,0.0,0,0.0,0.0
698.0,A,RUNNING,695.34,4,4,4,8,0.5,20.0,99.6,717.435,0.0,0,0.0,0.0
699.0,A,RUNNING,696.34,4,4,4,8,0.5,20.0,99.6,716.435,0.0,0,0.0,0.0
700.0,A,RUNNING,697.34,4,4,4,8,0.5,20.0,99.6,715.435,0.0,0,0.0,0.0
701.0,A,RUNNING,698.34,4,4,4,8,0.5,20.0,99.6,714.435,0.0,0,0.0,0.0
702.0,A,RUNNING,699.34,4,4,4,8,0.5,20.0,99.6,713.435,0.0,0,0.0,0.0
703.0,A,RUNNING,700.34,4,4,4,8,0.5,20.0,99.6,712.435,0.0,0,0.0,0.0
704.0,A,RUNNING,701.34,4,4,4,8,0.5,20.0,99.6,711.435,0.0,0,0.0,0.0
705.0,A,RUNNING,702.34,4,4,4,8,0.5,20.0,99.6,710.435,0.0,0,0.0,0.0
706.0,A,RUNNING,703.34,4,4,4,8,0.5,20.0,99.6,709.435,0.0,0,0.0,0.0
707.0,A,RUNNING,704.34,4,4,4,8,0.5,20.0,99.6,708.435,0.0,0,0.0,0.0
708.0,A,RUNNING,705.34,4,4,4,8,0.5,20.0,99.6,707.435,0.0,0,0.0,0.0
709.0,A,RUNNING,706.34,4,4,4,8,0.5,20.0,99.6,706.435,0.0,0,0.0,0.0
710.0,A,RUNNING,707.34,4,4,4,8,0.5,20.0,99.6,705.435,0.0,0,0.0,0.0
711.0,A,RUNNING,708.34,4,4,4,8,0.5,20.0,99.6,704.435,0.0,0,0.0,0.0
712.0,A,RUNNING,709.34,4,4,4,8,0.5,20.0,99.6,703.435,0.0,0,0.0,0.0
713.0,A,RUNNING,710.34,4,4,4,8,0.5,20.0,99.6,702.435,0.0,0,0.0,0.0
714.0,A,RUNNING,711.34,4,4,4,8,0.5,20.0,99.6,701.435,0.0,0,0.0,0.0
715.0,A,RUNNING,712.34,4,4,4,8,0.5,20.0,99.6,700.435,0.0,0,0.0,0.0
716.0,A,RUNNING,713.34,4,4,4,8,0.5,20.0,99.6,699.435,0.0,0,0.0,0.0
717.0,A,RUNNING,714.34,4,4,4,8,0.5,20.0,99.6,698.435,0.0,0,0.0,0.0
718.0,A,RUNNING,715.34,4,4,4,8,0.5,20.0,99.6,697.435,0.0,0,0.0,0.0
719.0,A,RUNNING,716.34,4,4,4,8,0.5,20.0,99.6,696.435,0.0,0,0.0,0.0
720.0,A,RUNNING,717.34,4,4,4,8,0.5,20.0,99.6,695.435,0.0,0,0.0,0.0
721.0,A,RUNNING,718.34,4,4,4,8,0.5,20.0,99.6,694.435,0.0,0,0.0,0.0
722.0,A,RUNNING,719.34,4,4,4,8,0.5,20.0,99.6,693.435,0.0,0,0.0,0.0
723.0,A,RUNNING,720.34,4,4,4,8,0.5,20.0,99.6,692.435,0.0,0,0.0,0.0
724.0,A,RUNNING,721.34,4,4,4,8,0.5,20.0,99.6,691.435,0.0,0,0.0,0.0
725.0,A,RUNNING,722.34,4,4,4,8,0.5,20.0,99.6,690.435,0.0,0,0.0,0.0
726.0,A,RUNNING,723.34,4,4,4,8,0.5,20.0,99.6,689.435,0.0,0,0.0,0.0
727.0,A,RUNNING,724.34,4,4,4,8,0.5,20.0,99.6,688.435,0.0,0,0.0,0.0
728.0,A,RUNNING,725.34,4,4,4,8,0.5,20.0,99.6,687.435,0.0,0,0.0,0.0
729.0,A,RUNNING,726.34,4,4,4,8,0.5,20.0,99.6,686.435,0.0,0,0.0,0.0
730.0,A,RUNNING,727.34,4,4,4,8,0.5,20.0,99.6,685.435,0.0,0,0.0,0.0
731.0,A,RUNNING,728.34,4,4,4,8,0.5,20.0,99.6,684.435,0.0,0,0.0,0.0
732.0,A,RUNNING,729.34,4,4,4,8,0.5,20.0,99.6,683.435,0.0,0,0.0,0.0
733.0,A,RUNNING,730.34,4,4,4,8,0.5,20.0,99.6,682.435,0.0,0,0.0,0.0
734.0,A,RUNNING,731.34,4,4,4,8,0.5,20.0,99.6,681.435,0.0,0,0.0,0.0
735.0,A,RUNNING,732.34,4,4,4,8,0.5,20.0,99.6,680.435,0.0,0,0.0,0.0
736.0,A,RUNNING,733.34,4,4,4,8,0.5,20.0,99.6,679.435,0.0,0,0.0,0.0
737.0,A,RUNNING,734.34,4,4,4,8,0.5,20.0,99.6,678.435,0.0,0,0.0,0.0
738.0,A,RUNNING,735.34,4,4,4,8,0.5,20.0,99.6,677.435,0.0,0,0.0,0.0
739.0,A,RUNNING,736.34,4,4,4,8,0.5,20.0,99.6,676.435,0.0,0,0.0,0.0
740.0,A,RUNNING,737.34,4,4,4,8,0.5,20.0,99.6,675.435,0.0,0,0.0,0.0
741.0,A,RUNNING,738.34,4,4,4,8,0.5,20.0,99.6,674.435,0.0,0,0.0,0.0
742.0,A,RUNNING,739.34,4,4,4,8,0.5,20.0,99.6,673.435,0.0,0,0.0,0.0
743.0,A,RUNNING,740.34,4,4,4,8,0.5,20.0,99.6,672.435,0.0,0,0.0,0.0
744.0,A,RUNNING,741.34,4,4,4,8,0.5,20.0,99.6,671.435,0.0,0,0.0,0.0
745.0,A,RUNNING,742.34,4,4,4,8,0.5,20.0,99.6,670.435,0.0,0,0.0,0.0
746.0,A,RUNNING,743.34,4,4,4,8,0.5,20.0,99.6,669.435,0.0,0,0.0,0.0
747.0,A,RUNNING,744.34,4,4,4,8,0.5,20.0,99.6,668.435,0.0,0,0.0,0.0
748.0,A,RUNNING,745.34,4,4,4,8,0.5,20.0,99.6,667.435,0.0,0,0.0,0.0
749.0,A,RUNNING,746.34,4,4,4,8,0.5,20.0,99.6,666.435,0.0,0,0.0,0.0
750.0,A,RUNNING,747.34,4,4,4,8,0.5,20.0,99.6,665.435,0.0,0,0.0,0.0
751.0,A,RUNNING,748.34,4,4,4,8,0.5,20.0,99.6,664.435,0.0,0,0.0,0.0
752.0,A,RUNNING,749.34,4,4,4,8,0.5,20.0,99.6,663.435,0.0,0,0.0,0.0
753.0,A,RUNNING,750.34,4,4,4,8,0.5,20.0,99.6,662.435,0.0,0,0.0,0.0
754.0,A,RUNNING,751.34,4,4,4,8,0.5,20.0,99.6,661.435,0.0,0,0.0,0.0
755.0,A,RUNNING,752.34,4,4,4,8,0.5,20.0,99.6,660.435,0.0,0,0.0,0.0
756.0,A,RUNNING,753.34,4,4,4,8,0.5,20.0,99.6,659.435,0.0,0,0.0,0.0
757.0,A,RUNNING,754.34,4,4,4,8,0.5,20.0,99.6,658.435,0.0,0,0.0,0.0
758.0,A,RUNNING,755.34,4,4,4,8,0.5,20.0,99.6,657.435,0.0,0,0.0,0.0
759.0,A,RUNNING,756.34,4,4,4,8,0.5,20.0,99.6,656.435,0.0,0,0.0,0.0
760.0,A,RUNNING,757.34,4,4,4,8,0.5,20.0,99.6,655.435,0.0,0,0.0,0.0
761.0,A,RUNNING,758.34,4,4,4,8,0.5,20.0,99.6,654.435,0.0,0,0.0,0.0
762.0,A,RUNNING,759.34,4,4,4,8,0.5,20.0,99.6,653.435,0.0,0,0.0,0.0
763.0,A,RUNNING,760.34,4,4,4,8,0.5,20.0,99.6,652.435,0.0,0,0.0,0.0
764.0,A,RUNNING,761.34,4,4,4,8,0.5,20.0,99.6,651.435,0.0,0,0.0,0.0
765.0,A,RUNNING,762.34,4,4,4,8,0.5,20.0,99.6,650.435,0.0,0,0.0,0.0
766.0,A,RUNNING,763.34,4,4,4,8,0.5,20.0,99.6,649.435,0.0,0,0.0,0.0
767.0,A,RUNNING,764.34,4,4,4,8,0.5,20.0,99.6,648.435,0.0,0,0.0,0.0
768.0,A,RUNNING,765.34,4,4,4,8,0.5,20.0,99.6,647.435,0.0,0,0.0,0.0
769.0,A,RUNNING,766.34,4,4,4,8,0.5,20.0,99.6,646.435,0.0,0,0.0,0.0
770.0,A,RUNNING,767.34,4,4,4,8,0.5,20.0,99.6,645.435,0.0,0,0.0,0.0
771.0,A,RUNNING,768.34,4,4,4,8,0.5,20.0,99.6,644.435,0.0,0,0.0,0.0
772.0,A,RUNNING,769.34,4,4,4,8,0.5,20.0,99.6,643.435,0.0,0,0.0,0.0
773.0,A,RUNNING,770.34,4,4,4,8,0.5,20.0,99.6,642.435,0.0,0,0.0,0.0
774.0,A,RUNNING,771.34,4,4,4,8,0.5,20.0,99.6,641.435,0.0,0,0.0,0.0
775.0,A,RUNNING,772.34,4,4,4,8,0.5,20.0,99.6,640.435,0.0,0,0.0,0.0
776.0,A,RUNNING,773.34,4,4,4,8,0.5,20.0,99.6,639.435,0.0,0,0.0,0.0
777.0,A,RUNNING,774.34,4,4,4,8,0.5,20.0,99.6,638.435,0.0,0,0.0,0.0
778.0,A,RUNNING,775.34,4,4,4,8,0.5,20.0,99.6,637.435,0.0,0,0.0,0.0
779.0,A,RUNNING,776.34,4,4,4,8,0.5,20.0,99.6,636.435,0.0,0,0.0,0.0
780.0,A,RUNNING,777.34,4,4,4,8,0.5,20.0,99.6,635.435,0.0,0,0.0,0.0
781.0,A,RUNNING,778.34,4,4,4,8,0.5,20.0,99.6,634.435,0.0,0,0.0,0.0
782.0,A,RUNNING,779.34,4,4,4,8,0.5,20.0,99.6,633.435,0.0,0,0.0,0.0
783.0,A,RUNNING,780.34,4,4,4,8,0.5,20.0,99.6,632.435,0.0,0,0.0,0.0
784.0,A,RUNNING,781.34,4,4,4,8,0.5,20.0,99.6,631.435,0.0,0,0.0,0.0
785.0,A,RUNNING,782.34,4,4,4,8,0.5,20.0,99.6,630.435,0.0,0,0.0,0.0
786.0,A,RUNNING,783.34,4,4,4,8,0.5,20.0,99.6,629.435,0.0,0,0.0,0.0
787.0,A,RUNNING,784.34,4,4,4,8,0.5,20.0,99.6,628.435,0.0,0,0.0,0.0
788.0,A,RUNNING,785.34,4,4,4,8,0.5,20.0,99.6,627.435,0.0,0,0.0,0.0
789.0,A,RUNNING,786.34,4,4,4,8,0.5,20.0,99.6,626.435,0.0,0,0.0,0.0
790.0,A,RUNNING,787.34,4,4,4,8,0.5,20.0,99.6,625.435,0.0,0,0.0,0.0
791.0,A,RUNNING,788.34,4,4,4,8,0.5,20.0,99.6,624.435,0.0,0,0.0,0.0
792.0,A,RUNNING,789.34,4,4,4,8,0.5,20.0,99.6,623.435,0.0,0,0.0,0.0
793.0,A,RUNNING,790.34,4,4,4,8,0.5,20.0,99.6,622.435,0.0,0,0.0,0.0
794.0,A,RUNNING,791.34,4,4,4,8,0.5,20.0,99.6,621.435,0.0,0,0.0,0.0
795.0,A,RUNNING,792.34,4,4,4,8,0.5,20.0,99.6,620.435,0.0,0,0.0,0.0
796.0,A,RUNNING,793.34,4,4,4,8,0.5,20.0,99.6,619.435,0.0,0,0.0,0.0
797.0,A,RUNNING,794.34,4,4,4,8,0.5,20.0,99.6,618.435,0.0,0,0.0,0.0
798.0,A,RUNNING,795.34,4,4,4,8,0.5,20.0,99.6,617.435,0.0,0,0.0,0.0
799.0,A,RUNNING,796.34,4,4,4,8,0.5,20.0,99.6,616.435,0.0,0,0.0,0.0
800.0,A,RUNNING,797.34,4,4,4,8,0.5,20.0,99.6,615.435,0.0,0,0.0,0.0
801.0,A,RUNNING,798.34,4,4,4,8,0.5,20.0,99.6,614.435,0.0,0,0.0,0.0
802.0,A,RUNNING,799.34,4,4,4,8,0.5,20.0,99.6,613.435,0.0,0,0.0,0.0
803.0,A,RUNNING,800.34,4,4,4,8,0.5,20.0,99.6,612.435,0.0,0,0.0,0.0
804.0,A,RUNNING,801.34,4,4,4,8,0.5,20.0,99.6,611.435,0.0,0,0.0,0.0
805.0,A,RUNNING,802.34,4,4,4,8,0.5,20.0,99.6,610.435,0.0,0,0.0,0.0
806.0,A,RUNNING,803.34,4,4,4,8,0.5,20.0,99.6,609.435,0.0,0,0.0,0.0
807.0,A,RUNNING,804.34,4,4,4,8,0.5,20.0,99.6,608.435,0.0,0,0.0,0.0
808.0,A,RUNNING,805.34,4,4,4,8,0.5,20.0,99.6,607.435,0.0,0,0.0,0.0
809.0,A,RUNNING,806.34,4,4,4,8,0.5,20.0,99.6,606.435,0.0,0,0.0,0.0
810.0,A,RUNNING,807.34,4,4,4,8,0.5,20.0,99.6,605.435,0.0,0,0.0,0.0
811.0,A,RUNNING,808.34,4,4,4,8,0.5,20.0,99.6,604.435,0.0,0,0.0,0.0
812.0,A,RUNNING,809.34,4,4,4,8,0.5,20.0,99.6,603.435,0.0,0,0.0,0.0
813.0,A,RUNNING,810.34,4,4,4,8,0.5,20.0,99.6,602.435,0.0,0,0.0,0.0
814.0,A,RUNNING,811.34,4,4,4,8,0.5,20.0,99.6,601.435,0.0,0,0.0,0.0
815.0,A,RUNNING,812.34,4,4,4,8,0.5,20.0,99.6,600.435,0.0,0,0.0,0.0
816.0,A,RUNNING,813.34,4,4,4,8,0.5,20.0,99.6,599.435,0.0,0,0.0,0.0
817.0,A,RUNNING,814.34,4,4,4,8,0.5,20.0,99.6,598.435,0.0,0,0.0,0.0
818.0,A,RUNNING,815.34,4,4,4,8,0.5,20.0,99.6,597.435,0.0,0,0.0,0.0
819.0,A,RUNNING,816.34,4,4,4,8,0.5,20.0,99.6,596.435,0.0,0,0.0,0.0
820.0,A,RUNNING,817.34,4,4,4,8,0.5,20.0,99.6,595.435,0.0,0,0.0,0.0
821.0,A,RUNNING,818.34,4,4,4,8,0.5,20.0,99.6,594.435,0.0,0,0.0,0.0
822.0,A,RUNNING,819.34,4,4,4,8,0.5,20.0,99.6,593.435,0.0,0,0.0,0.0
823.0,A,RUNNING,820.34,4,4,4,8,0.5,20.0,99.6,592.435,0.0,0,0.0,0.0
824.0,A,RUNNING,821.34,4,4,4,8,0.5,20.0,99.6,591.435,0.0,0,0.0,0.0
825.0,A,RUNNING,822.34,4,4,4,8,0.5,20.0,99.6,590.435,0.0,0,0.0,0.0
826.0,A,RUNNING,823.34,4,4,4,8,0.5,20.0,99.6,589.435,0.0,0,0.0,0.0
827.0,A,RUNNING,824.34,4,4,4,8,0.5,20.0,99.6,588.435,0.0,0,0.0,0.0
828.0,A,RUNNING,825.34,4,4,4,8,0.5,20.0,99.6,587.435,0.0,0,0.0,0.0
829.0,A,RUNNING,826.34,4,4,4,8,0.5,20.0,99.6,586.435,0.0,0,0.0,0.0
830.0,A,RUNNING,827.34,4,4,4,8,0.5,20.0,99.6,585.435,0.0,0,0.0,0.0
831.0,A,RUNNING,828.34,4,4,4,8,0.5,20.0,99.6,584.435,0.0,0,0.0,0.0
832.0,A,RUNNING,829.34,4,4,4,8,0.5,20.0,99.6,583.435,0.0,0,0.0,0.0
833.0,A,RUNNING,830.34,4,4,4,8,0.5,20.0,99.6,582.435,0.0,0,0.0,0.0
834.0,A,RUNNING,831.34,4,4,4,8,0.5,20.0,99.6,581.435,0.0,0,0.0,0.0
835.0,A,RUNNING,832.34,4,4,4,8,0.5,20.0,99.6,580.435,0.0,0,0.0,0.0
836.0,A,RUNNING,833.34,4,4,4,8,0.5,20.0,99.6,579.435,0.0,0,0.0,0.0
837.0,A,RUNNING,834.34,4,4,4,8,0.5,20.0,99.6,578.435,0.0,0,0.0,0.0
838.0,A,RUNNING,835.34,4,4,4,8,0.5,20.0,99.6,577.435,0.0,0,0.0,0.0
839.0,A,RUNNING,836.34,4,4,4,8,0.5,20.0,99.6,576.435,0.0,0,0.0,0.0
840.0,A,RUNNING,837.34,4,4,4,8,0.5,20.0,99.6,575.435,0.0,0,0.0,0.0
841.0,A,RUNNING,838.34,4,4,4,8,0.5,20.0,99.6,574.435,0.0,0,0.0,0.0
842.0,A,RUNNING,839.34,4,4,4,8,0.5,20.0,99.6,573.435,0.0,0,0.0,0.0
843.0,A,RUNNING,840.34,4,4,4,8,0.5,20.0,99.6,572.435,0.0,0,0.0,0.0
844.0,A,RUNNING,841.34,4,4,4,8,0.5,20.0,99.6,571.435,0.0,0,0.0,0.0
845.0,A,RUNNING,842.34,4,4,4,8,0.5,20.0,99.6,570.435,0.0,0,0.0,0.0
846.0,A,RUNNING,843.34,4,4,4,8,0.5,20.0,99.6,569.435,0.0,0,0.0,0.0
847.0,A,RUNNING,844.34,4,4,4,8,0.5,20.0,99.6,568.435,0.0,0,0.0,0.0
848.0,A,RUNNING,845.34,4,4,4,8,0.5,20.0,99.6,567.435,0.0,0,0.0,0.0
849.0,A,RUNNING,846.34,4,4,4,8,0.5,20.0,99.6,566.435,0.0,0,0.0,0.0
850.0,A,RUNNING,847.34,4,4,4,8,0.5,20.0,99.6,565.435,0.0,0,0.0,0.0
851.0,A,RUNNING,848.34,4,4,4,8,0.5,20.0,99.6,564.435,0.0,0,0.0,0.0
852.0,A,RUNNING,849.34,4,4,4,8,0.5,20.0,99.6,563.435,0.0,0,0.0,0.0
853.0,A,RUNNING,850.34,4,4,4,8,0.5,20.0,99.6,562.435,0.0,0,0.0,0.0
854.0,A,RUNNING,851.34,4,4,4,8,0.5,20.0,99.6,561.435,0.0,0,0.0,0.0
855.0,A,RUNNING,852.34,4,4,4,8,0.5,20.0,99.6,560.435,0.0,0,0.0,0.0
856.0,A,RUNNING,853.34,4,4,4,8,0.5,20.0,99.6,559.435,0.0,0,0.0,0.0
857.0,A,RUNNING,854.34,4,4,4,8,0.5,20.0,99.6,558.435,0.0,0,0.0,0.0
858.0,A,RUNNING,855.34,4,4,4,8,0.5,20.0,99.6,557.435,0.0,0,0.0,0.0
859.0,A,RUNNING,856.34,4,4,4,8,0.5,20.0,99.6,556.435,0.0,0,0.0,0.0
860.0,A,RUNNING,857.34,4,4,4,8,0.5,20.0,99.6,555.435,0.0,0,0.0,0.0
861.0,A,RUNNING,858.34,4,4,4,8,0.5,20.0,99.6,554.435,0.0,0,0.0,0.0
862.0,A,RUNNING,859.34,4,4,4,8,0.5,20.0,99.6,553.435,0.0,0,0.0,0.0
863.0,A,RUNNING,860.34,4,4,4,8,0.5,20.0,99.6,552.435,0.0,0,0.0,0.0
864.0,A,RUNNING,861.34,4,4,4,8,0.5,20.0,99.6,551.435,0.0,0,0.0,0.0
865.0,A,RUNNING,862.34,4,4,4,8,0.5,20.0,99.6,550.435,0.0,0,0.0,0.0
866.0,A,RUNNING,863.34,4,4,4,8,0.5,20.0,99.6,549.435,0.0,0,0.0,0.0
867.0,A,RUNNING,864.34,4,4,4,8,0.5,20.0,99.6,548.435,0.0,0,0.0,0.0
868.0,A,RUNNING,865.34,4,4,4,8,0.5,20.0,99.6,547.435,0.0,0,0.0,0.0
869.0,A,RUNNING,866.34,4,4,4,8,0.5,20.0,99.6,546.435,0.0,0,0.0,0.0
870.0,A,RUNNING,867.34,4,4,4,8,0.5,20.0,99.6,545.435,0.0,0,0.0,0.0
871.0,A,RUNNING,868.34,4,4,4,8,0.5,20.0,99.6,544.435,0.0,0,0.0,0.0
872.0,A,RUNNING,869.34,4,4,4,8,0.5,20.0,99.6,543.435,0.0,0,0.0,0.0
873.0,A,RUNNING,870.34,4,4,4,8,0.5,20.0,99.6,542.435,0.0,0,0.0,0.0
874.0,A,RUNNING,871.34,4,4,4,8,0.5,20.0,99.6,541.435,0.0,0,0.0,0.0
875.0,A,RUNNING,872.34,4,4,4,8,0.5,20.0,99.6,540.435,0.0,0,0.0,0.0
876.0,A,RUNNING,873.34,5,4,5,8,0.625,20.0,99.5,591.7646,0.0,0,0.0,0.0
877.0,A,RUNNING,874.34,5,4,5,8,0.625,20.0,99.5,590.7646,0.0,0,0.0,0.0
878.0,A,RUNNING,875.34,5,4,5,8,0.625,20.0,99.5,589.7646,0.0,0,0.0,0.0
879.0,A,RUNNING,876.34,5,4,5,8,0.625,20.0,99.5,588.7646,0.0,0,0.0,0.0
880.0,A,RUNNING,877.34,5,4,5,8,0.625,20.0,99.5,587.7646,0.0,0,0.0,0.0
881.0,A,RUNNING,878.34,5,4,5,8,0.625,20.0,99.5,586.7646,0.0,0,0.0,0.0
882.0,A,RUNNING,879.34,5,4,5,8,0.625,20.0,99.5,585.7646,0.0,0,0.0,0.0
883.0,A,RUNNING,880.34,5,4,5,8,0.625,20.0,99.5,584.7646,0.0,0,0.0,0.0
884.0,A,RUNNING,881.34,5,4,5,8,0.625,20.0,99.5,583.7646,0.0,0,0.0,0.0
885.0,A,RUNNING,882.34,5,4,5,8,0.625,20.0,99.5,582.7646,0.0,0,0.0,0.0
886.0,A,RUNNING,883.34,5,4,5,8,0.625,20.0,99.5,581.7646,0.0,0,0.0,0.0
887.0,A,RUNNING,884.34,5,4,5,8,0.625,20.0,99.5,580.7646,0.0,0,0.0,0.0
888.0,A,RUNNING,885.34,5,4,5,8,0.625,20.0,99.5,579.7646,0.0,0,0.0,0.0
889.0,A,RUNNING,886.34,5,4,5,8,0.625,20.0,99.5,578.7646,0.0,0,0.0,0.0
890.0,A,RUNNING,887.34,5,4,5,8,0.625,20.0,99.5,577.7646,0.0,0,0.0,0.0
891.0,A,RUNNING,888.34,5,4,5,8,0.625,20.0,99.5,576.7646,0.0,0,0.0,0.0
892.0,A,RUNNING,889.34,5,4,5,8,0.625,20.0,99.5,575.7646,0.0,0,0.0,0.0
893.0,A,RUNNING,890.34,5,4,5,8,0.625,20.0,99.5,574.7646,0.0,0,0.0,0.0
894.0,A,RUNNING,891.34,5,4,5,8,0.625,20.0,99.5,573.7646,0.0,0,0.0,0.0
895.0,A,RUNNING,892.344,5,4,5,8,0.625,20.0,99.5,572.7606,0.0,0,0.0,0.0
896.0,A,RUNNING,893.34,5,4,5,8,0.625,20.0,99.5,571.7646,0.0,0,0.0,0.0
897.0,A,RUNNING,894.34,5,4,5,8,0.625,20.0,99.5,570.7646,0.0,0,0.0,0.0
898.0,A,RUNNING,895.34,5,4,5,8,0.625,20.0,99.5,569.7646,0.0,0,0.0,0.0
899.0,A,RUNNING,896.34,5,4,5,8,0.625,20.0,99.5,568.7646,0.0,0,0.0,0.0
900.0,A,RUNNING,897.34,5,4,5,8,0.625,20.0,99.5,567.7646,0.0,0,0.0,0.0
901.0,A,RUNNING,898.34,5,4,5,8,0.625,20.0,99.5,566.7646,0.0,0,0.0,0.0
902.0,A,RUNNING,899.34,5,4,5,8,0.625,20.0,99.5,565.7646,0.0,0,0.0,0.0
903.0,A,RUNNING,900.34,5,4,5,8,0.625,20.0,99.5,564.7646,0.0,0,0.0,0.0
904.0,A,RUNNING,901.34,5,4,5,8,0.625,20.0,99.5,563.7646,0.0,0,0.0,0.0
905.0,A,RUNNING,902.34,5,4,5,8,0.625,20.0,99.5,562.7646,0.0,0,0.0,0.0
906.0,A,RUNNING,903.34,5,4,5,8,0.625,20.0,99.5,561.7646,0.0,0,0.0,0.0
907.0,A,RUNNING,904.34,5,4,5,8,0.625,20.0,99.5,560.7646,0.0,0,0.0,0.0
908.0,A,RUNNING,905.34,5,4,5,8,0.625,20.0,99.5,559.7646,0.0,0,0.0,0.0
909.0,A,RUNNING,906.34,5,4,5,8,0.625,20.0,99.5,558.7646,0.0,0,0.0,0.0
910.0,A,RUNNING,907.34,5,4,5,8,0.625,20.0,99.5,557.7646,0.0,0,0.0,0.0
911.0,A,RUNNING,908.34,5,4,5,8,0.625,20.0,99.5,556.7646,0.0,0,0.0,0.0
912.0,A,RUNNING,909.34,5,4,5,8,0.625,20.0,99.5,555.7646,0.0,0,0.0,0.0
913.0,A,RUNNING,910.34,5,4,5,8,0.625,20.0,99.5,554.7646,0.0,0,0.0,0.0
914.0,A,RUNNING,911.34,5,4,5,8,0.625,20.0,99.5,553.7646,0.0,0,0.0,0.0
915.0,A,RUNNING,912.34,5,4,5,8,0.625,20.0,99.5,552.7646,0.0,0,0.0,0.0
916.0,A,RUNNING,913.34,5,4,5,8,0.625,20.0,99.5,551.7646,0.0,0,0.0,0.0
917.0,A,RUNNING,914.34,5,4,5,8,0.625,20.0,99.5,550.7646,0.0,0,0.0,0.0
918.0,A,RUNNING,915.34,5,4,5,8,0.625,20.0,99.5,549.7646,0.0,0,0.0,0.0
919.0,A,RUNNING,916.34,5,4,5,8,0.625,20.0,99.5,548.7646,0.0,0,0.0,0.0
920.0,A,RUNNING,917.34,5,4,5,8,0.625,20.0,99.5,547.7646,0.0,0,0.0,0.0
921.0,A,RUNNING,918.34,5,4,5,8,0.625,20.0,99.5,546.7646,0.0,0,0.0,0.0
922.0,A,RUNNING,919.34,5,4,5,8,0.625,20.0,99.5,545.7646,0.0,0,0.0,0.0
923.0,A,RUNNING,920.34,5,4,5,8,0.625,20.0,99.5,544.7646,0.0,0,0.0,0.0
924.0,A,RUNNING,921.34,5,4,5,8,0.625,20.0,99.5,543.7646,0.0,0,0.0,0.0
925.0,A,RUNNING,922.34,5,4,5,8,0.625,20.0,99.5,542.7646,0.0,0,0.0,0.0
926.0,A,RUNNING,923.34,5,4,5,8,0.625,20.0,99.5,541.7646,0.0,0,0.0,0.0
927.0,A,RUNNING,924.34,5,4,5,8,0.625,20.0,99.5,540.7646,0.0,0,0.0,0.0
928.0,A,RUNNING,925.34,5,4,5,8,0.625,20.0,99.5,539.7646,0.0,0,0.0,0.0
929.0,A,RUNNING,926.34,5,4,5,8,0.625,20.0,99.5,538.7646,0.0,0,0.0,0.0
930.0,A,RUNNING,927.34,5,4,5,8,0.625,20.0,99.5,537.7646,0.0,0,0.0,0.0
931.0,A,RUNNING,928.34,5,4,5,8,0.625,20.0,99.5,536.7646,0.0,0,0.0,0.0
932.0,A,RUNNING,929.34,5,4,5,8,0.625,20.0,99.5,535.7646,0.0,0,0.0,0.0
933.0,A,RUNNING,930.34,5,4,5,8,0.625,20.0,99.5,534.7646,0.0,0,0.0,0.0
934.0,A,RUNNING,931.34,5,4,5,8,0.625,20.0,99.5,533.7646,0.0,0,0.0,0.0
935.0,A,RUNNING,932.34,5,4,5,8,0.625,20.0,99.5,532.7646,0.0,0,0.0,0.0
936.0,A,RUNNING,933.34,5,4,5,8,0.625,20.0,99.5,531.7646,0.0,0,0.0,0.0
937.0,A,RUNNING,934.34,5,4,5,8,0.625,20.0,99.5,530.7646,0.0,0,0.0,0.0
938.0,A,RUNNING,935.34,5,4,5,8,0.625,20.0,99.5,529.7646,0.0,0,0.0,0.0
939.0,A,RUNNING,936.34,5,4,5,8,0.625,20.0,99.5,528.7646,0.0,0,0.0,0.0
940.0,A,RUNNING,937.34,5,4,5,8,0.625,20.0,99.5,527.7646,0.0,0,0.0,0.0
941.0,A,RUNNING,938.34,5,4,5,8,0.625,20.0,99.5,526.7646,0.0,0,0.0,0.0
942.0,A,RUNNING,939.34,5,4,5,8,0.625,20.0,99.5,525.7646,0.0,0,0.0,0.0
943.0,A,RUNNING,940.34,5,4,5,8,0.625,20.0,99.5,524.7646,0.0,0,0.0,0.0
944.0,A,RUNNING,941.34,5,4,5,8,0.625,20.0,99.5,523.7646,0.0,0,0.0,0.0
945.0,A,RUNNING,942.34,5,4,5,8,0.625,20.0,99.5,522.7646,0.0,0,0.0,0.0
946.0,A,RUNNING,943.34,5,4,5,8,0.625,20.0,99.5,521.7646,0.0,0,0.0,0.0
947.0,A,RUNNING,944.34,5,4,5,8,0.625,20.0,99.5,520.7646,0.0,0,0.0,0.0
948.0,A,RUNNING,945.34,5,4,5,8,0.625,20.0,99.5,519.7646,0.0,0,0.0,0.0
949.0,A,RUNNING,946.34,5,4,5,8,0.625,20.0,99.5,518.7646,0.0,0,0.0,0.0
950.0,A,RUNNING,947.34,5,4,5,8,0.625,20.0,99.5,517.7646,0.0,0,0.0,0.0
951.0,A,RUNNING,948.34,5,4,5,8,0.625,20.0,99.5,516.7646,0.0,0,0.0,0.0
952.0,A,RUNNING,949.34,5,4,5,8,0.625,20.0,99.5,515.7646,0.0,0,0.0,0.0
953.0,A,RUNNING,950.34,5,4,5,8,0.625,20.0,99.5,514.7646,0.0,0,0.0,0.0
954.0,A,RUNNING,951.34,5,4,5,8,0.625,20.0,99.5,513.7646,0.0,0,0.0,0.0
955.0,A,RUNNING,952.34,5,4,5,8,0.625,20.0,99.5,512.7646,0.0,0,0.0,0.0
956.0,A,RUNNING,953.34,5,4,5,8,0.625,20.0,99.5,511.7646,0.0,0,0.0,0.0
957.0,A,RUNNING,954.34,5,4,5,8,0.625,20.0,99.5,510.7646,0.0,0,0.0,0.0
958.0,A,RUNNING,955.34,5,4,5,8,0.625,20.0,99.5,509.7646,0.0,0,0.0,0.0
959.0,A,RUNNING,956.34,5,4,5,8,0.625,20.0,99.5,508.7646,0.0,0,0.0,0.0
960.0,A,RUNNING,957.34,5,4,5,8,0.625,20.0,99.5,507.7646,0.0,0,0.0,0.0
961.0,A,RUNNING,958.34,5,4,5,8,0.625,20.0,99.5,506.7646,0.0,0,0.0,0.0
962.0,A,RUNNING,959.34,5,4,5,8,0.625,20.0,99.5,505.7646,0.0,0,0.0,0.0
963.0,A,RUNNING,960.34,5,4,5,8,0.625,20.0,99.5,504.7646,0.0,0,0.0,0.0
964.0,A,RUNNING,961.34,5,4,5,8,0.625,20.0,99.5,503.7646,0.0,0,0.0,0.0
965.0,A,RUNNING,962.34,5,4,5,8,0.625,20.0,99.5,502.7646,0.0,0,0.0,0.0
966.0,A,RUNNING,963.34,5,4,5,8,0.625,20.0,99.5,501.7646,0.0,0,0.0,0.0
967.0,A,RUNNING,964.34,5,4,5,8,0.625,20.0,99.5,500.7646,0.0,0,0.0,0.0
968.0,A,RUNNING,965.34,5,4,5,8,0.625,20.0,99.5,499.7646,0.0,0,0.0,0.0
969.0,A,RUNNING,966.34,5,4,5,8,0.625,20.0,99.5,498.7646,0.0,0,0.0,0.0
970.0,A,RUNNING,967.34,5,4,5,8,0.625,20.0,99.5,497.7646,0.0,0,0.0,0.0
971.0,A,RUNNING,968.34,5,4,5,8,0.625,20.0,99.5,496.7646,0.0,0,0.0,0.0
972.0,A,RUNNING,969.34,5,4,5,8,0.625,20.0,99.5,495.7646,0.0,0,0.0,0.0
973.0,A,RUNNING,970.34,5,4,5,8,0.625,20.0,99.5,494.7646,0.0,0,0.0,0.0
974.0,A,RUNNING,971.34,5,4,5,8,0.625,20.0,99.5,493.7646,0.0,0,0.0,0.0
975.0,A,RUNNING,972.34,5,4,5,8,0.625,20.0,99.5,492.7646,0.0,0,0.0,0.0
976.0,A,RUNNING,973.34,5,4,5,8,0.625,20.0,99.5,491.7646,0.0,0,0.0,0.0
977.0,A,RUNNING,974.34,5,4,5,8,0.625,20.0,99.5,490.7646,0.0,0,0.0,0.0
978.0,A,RUNNING,975.34,5,4,5,8,0.625,20.0,99.5,489.7646,0.0,0,0.0,0.0
979.0,A,RUNNING,976.34,5,4,5,8,0.625,20.0,99.5,488.7646,0.0,0,0.0,0.0
980.0,A,RUNNING,977.34,5,4,5,8,0.625,20.0,99.5,487.7646,0.0,0,0.0,0.0
981.0,A,RUNNING,978.34,5,4,5,8,0.625,20.0,99.5,486.7646,0.0,0,0.0,0.0
982.0,A,RUNNING,979.34,5,4,5,8,0.625,20.0,99.5,485.7646,0.0,0,0.0,0.0
983.0,A,RUNNING,980.34,5,4,5,8,0.625,20.0,99.5,484.7646,0.0,0,0.0,0.0
984.0,A,RUNNING,981.34,5,4,5,8,0.625,20.0,99.5,483.7646,0.0,0,0.0,0.0
985.0,A,RUNNING,982.34,5,4,5,8,0.625,20.0,99.5,482.7646,0.0,0,0.0,0.0
986.0,A,RUNNING,983.34,5,4,5,8,0.625,20.0,99.5,481.7646,0.0,0,0.0,0.0
987.0,A,RUNNING,984.34,5,4,5,8,0.625,20.0,99.5,480.7646,0.0,0,0.0,0.0
988.0,A,RUNNING,985.34,5,4,5,8,0.625,20.0,99.5,479.7646,0.0,0,0.0,0.0
989.0,A,RUNNING,986.34,5,4,5,8,0.625,20.0,99.5,478.7646,0.0,0,0.0,0.0
990.0,A,RUNNING,987.34,5,4,5,8,0.625,20.0,99.5,477.7646,0.0,0,0.0,0.0
991.0,A,RUNNING,988.34,5,4,5,8,0.625,20.0,99.5,476.7646,0.0,0,0.0,0.0
992.0,A,RUNNING,989.34,5,4,5,8,0.625,20.0,99.5,475.7646,0.0,0,0.0,0.0
993.0,A,RUNNING,990.34,5,4,5,8,0.625,20.0,99.5,474.7646,0.0,0,0.0,0.0
994.0,A,RUNNING,991.34,5,4,5,8,0.625,20.0,99.5,473.7646,0.0,0,0.0,0.0
995.0,A,RUNNING,992.34,5,4,5,8,0.625,20.0,99.5,472.7646,0.0,0,0.0,0.0
996.0,A,RUNNING,993.34,5,4,5,8,0.625,20.0,99.5,471.7646,0.0,0,0.0,0.0
997.0,A,RUNNING,994.34,5,4,5,8,0.625,20.0,99.5,470.7646,0.0,0,0.0,0.0
998.0,A,RUNNING,995.34,5,4,5,8,0.625,20.0,99.5,469.7646,0.0,0,0.0,0.0
999.0,A,RUNNING,996.34,5,4,5,8,0.625,20.0,99.5,468.7646,0.0,0,0.0,0.0
1000.0,A,RUNNING,997.34,5,4,5,8,0.625,20.0,99.5,467.7646,0.0,0,0.0,0.0
1001.0,A,RUNNING,998.34,5,4,5,8,0.625,20.0,99.5,466.7646,0.0,0,0.0,0.0
1002.0,A,RUNNING,999.34,5,4,5,8,0.625,20.0,99.5,465.7646,0.0,0,0.0,0.0
1003.0,A,RUNNING,1000.34,5,4,5,8,0.625,20.0,99.5,464.7646,0.0,0,0.0,0.0
1004.0,A,RUNNING,1001.34,5,4,5,8,0.625,20.0,99.5,463.7646,0.0,0,0.0,0.0
1005.0,A,RUNNING,1002.34,5,4,5,8,0.625,20.0,99.5,462.7646,0.0,0,0.0,0.0
1006.0,A,RUNNING,1003.34,5,4,5,8,0.625,20.0,99.5,461.7646,0.0,0,0.0,0.0
1007.0,A,RUNNING,1004.34,5,4,5,8,0.625,20.0,99.5,460.7646,0.0,0,0.0,0.0
1008.0,A,RUNNING,1005.34,5,4,5,8,0.625,20.0,99.5,459.7646,0.0,0,0.0,0.0
1009.0,A,RUNNING,1006.34,5,4,5,8,0.625,20.0,99.5,458.7646,0.0,0,0.0,0.0
1010.0,A,RUNNING,1007.34,5,4,5,8,0.625,20.0,99.5,457.7646,0.0,0,0.0,0.0
1011.0,A,RUNNING,1008.34,5,4,5,8,0.625,20.0,99.5,456.7646,0.0,0,0.0,0.0
1012.0,A,RUNNING,1009.34,5,4,5,8,0.625,20.0,99.5,455.7646,0.0,0,0.0,0.0
1013.0,A,RUNNING,1010.34,5,4,5,8,0.625,20.0,99.5,454.7646,0.0,0,0.0,0.0
1014.0,A,RUNNING,1011.34,5,4,5,8,0.625,20.0,99.5,453.7646,0.0,0,0.0,0.0
1015.0,A,RUNNING,1012.34,5,4,5,8,0.625,20.0,99.5,452.7646,0.0,0,0.0,0.0
1016.0,A,RUNNING,1013.34,5,4,5,8,0.625,20.0,99.5,451.7646,0.0,0,0.0,0.0
1017.0,A,RUNNING,1014.34,5,4,5,8,0.625,20.0,99.5,450.7646,0.0,0,0.0,0.0
1018.0,A,RUNNING,1015.34,5,4,5,8,0.625,20.0,99.5,449.7646,0.0,0,0.0,0.0
1019.0,A,RUNNING,1016.34,5,4,5,8,0.625,20.0,99.5,448.7646,0.0,0,0.0,0.0
1020.0,A,RUNNING,1017.34,5,4,5,8,0.625,20.0,99.5,447.7646,0.0,0,0.0,0.0
1021.0,A,RUNNING,1018.34,5,4,5,8,0.625,20.0,99.5,446.7646,0.0,0,0.0,0.0
1022.0,A,RUNNING,1019.34,5,4,5,8,0.625,20.0,99.5,445.7646,0.0,0,0.0,0.0
1023.0,A,RUNNING,1020.34,5,4,5,8,0.625,20.0,99.5,444.7646,0.0,0,0.0,0.0
1024.0,A,RUNNING,1021.34,5,4,5,8,0.625,20.0,99.5,443.7646,0.0,0,0.0,0.0
1025.0,A,RUNNING,1022.34,5,4,5,8,0.625,20.0,99.5,442.7646,0.0,0,0.0,0.0
1026.0,A,RUNNING,1023.34,5,4,5,8,0.625,20.0,99.5,441.7646,0.0,0,0.0,0.0
1027.0,A,RUNNING,1024.34,5,4,5,8,0.625,20.0,99.5,440.7646,0.0,0,0.0,0.0
1028.0,A,RUNNING,1025.34,5,4,5,8,0.625,20.0,99.5,439.7646,0.0,0,0.0,0.0
1029.0,A,RUNNING,1026.34,5,4,5,8,0.625,20.0,99.5,438.7646,0.0,0,0.0,0.0
1030.0,A,RUNNING,1027.34,5,4,5,8,0.625,20.0,99.5,437.7646,0.0,0,0.0,0.0
1031.0,A,RUNNING,1028.34,5,4,5,8,0.625,20.0,99.5,436.7646,0.0,0,0.0,0.0
1032.0,A,RUNNING,1029.34,5,4,5,8,0.625,20.0,99.5,435.7646,0.0,0,0.0,0.0
1033.0,A,RUNNING,1030.34,5,4,5,8,0.625,20.0,99.5,434.7646,0.0,0,0.0,0.0
1034.0,A,RUNNING,1031.34,5,4,5,8,0.625,20.0,99.5,433.7646,0.0,0,0.0,0.0
1035.0,A,RUNNING,1032.34,5,4,5,8,0.625,20.0,99.5,432.7646,0.0,0,0.0,0.0
1036.0,A,RUNNING,1033.34,5,4,5,8,0.625,20.0,99.5,431.7646,0.0,0,0.0,0.0
1037.0,A,RUNNING,1034.34,5,4,5,8,0.625,20.0,99.5,430.7646,0.0,0,0.0,0.0
1038.0,A,RUNNING,1035.34,5,4,5,8,0.625,20.0,99.5,429.7646,0.0,0,0.0,0.0
1039.0,A,RUNNING,1036.34,5,4,5,8,0.625,20.0,99.5,428.7646,0.0,0,0.0,0.0
1040.0,A,RUNNING,1037.34,5,4,5,8,0.625,20.0,99.5,427.7646,0.0,0,0.0,0.0
1041.0,A,RUNNING,1038.34,5,4,5,8,0.625,20.0,99.5,426.7646,0.0,0,0.0,0.0
1042.0,A,RUNNING,1039.34,5,4,5,8,0.625,20.0,99.5,425.7646,0.0,0,0.0,0.0
1043.0,A,RUNNING,1040.34,5,4,5,8,0.625,20.0,99.5,424.7646,0.0,0,0.0,0.0
1044.0,A,RUNNING,1041.34,5,4,5,8,0.625,20.0,99.5,423.7646,0.0,0,0.0,0.0
1045.0,A,RUNNING,1042.34,5,4,5,8,0.625,20.0,99.5,422.7646,0.0,0,0.0,0.0
1046.0,A,RUNNING,1043.34,5,4,5,8,0.625,20.0,99.5,421.7646,0.0,0,0.0,0.0
1047.0,A,RUNNING,1044.34,5,4,5,8,0.625,20.0,99.5,420.7646,0.0,0,0.0,0.0
1048.0,A,RUNNING,1045.34,5,4,5,8,0.625,20.0,99.5,419.7646,0.0,0,0.0,0.0
1049.0,A,RUNNING,1046.34,5,4,5,8,0.625,20.0,99.5,418.7646,0.0,0,0.0,0.0
1050.0,A,RUNNING,1047.34,5,4,5,8,0.625,20.0,99.5,417.7646,0.0,0,0.0,0.0
1051.0,A,RUNNING,1048.34,5,4,5,8,0.625,20.0,99.5,416.7646,0.0,0,0.0,0.0
1052.0,A,RUNNING,1049.34,5,4,5,8,0.625,20.0,99.5,415.7646,0.0,0,0.0,0.0
1053.0,A,RUNNING,1050.34,5,4,5,8,0.625,20.0,99.5,414.7646,0.0,0,0.0,0.0
1054.0,A,RUNNING,1051.34,5,4,5,8,0.625,20.0,99.5,413.7646,0.0,0,0.0,0.0
1055.0,A,RUNNING,1052.34,5,4,5,8,0.625,20.0,99.5,412.7646,0.0,0,0.0,0.0
1056.0,A,RUNNING,1053.34,5,4,5,8,0.625,20.0,99.5,411.7646,0.0,0,0.0,0.0
1057.0,A,RUNNING,1054.34,5,4,5,8,0.625,20.0,99.5,410.7646,0.0,0,0.0,0.0
1058.0,A,RUNNING,1055.34,5,4,5,8,0.625,20.0,99.5,409.7646,0.0,0,0.0,0.0
1059.0,A,RUNNING,1056.34,5,4,5,8,0.625,20.0,99.5,408.7646,0.0,0,0.0,0.0
1060.0,A,RUNNING,1057.34,5,4,5,8,0.625,20.0,99.5,407.7646,0.0,0,0.0,0.0
1061.0,A,RUNNING,1058.34,5,4,5,8,0.625,20.0,99.5,406.7646,0.0,0,0.0,0.0
1062.0,A,RUNNING,1059.34,5,4,5,8,0.625,20.0,99.5,405.7646,0.0,0,0.0,0.0
1063.0,A,RUNNING,1060.34,5,4,5,8,0.625,20.0,99.5,404.7646,0.0,0,0.0,0.0
1064.0,A,RUNNING,1061.34,5,4,5,8,0.625,20.0,99.5,403.7646,0.0,0,0.0,0.0
1065.0,A,RUNNING,1062.34,5,4,5,8,0.625,20.0,99.5,402.7646,0.0,0,0.0,0.0
1066.0,A,RUNNING,1063.34,5,4,5,8,0.625,20.0,99.5,401.7646,0.0,0,0.0,0.0
1067.0,A,RUNNING,1064.34,5,4,5,8,0.625,20.0,99.5,400.7646,0.0,0,0.0,0.0
1068.0,A,RUNNING,1065.34,5,4,5,8,0.625,20.0,99.5,399.7646,0.0,0,0.0,0.0
1069.0,A,RUNNING,1066.34,5,4,5,8,0.625,20.0,99.5,398.7646,0.0,0,0.0,0.0
1070.0,A,RUNNING,1067.34,5,4,5,8,0.625,20.0,99.5,397.7646,0.0,0,0.0,0.0
1071.0,A,RUNNING,1068.34,5,4,5,8,0.625,20.0,99.5,396.7646,0.0,0,0.0,0.0
1072.0,A,RUNNING,1069.34,5,4,5,8,0.625,20.0,99.5,395.7646,0.0,0,0.0,0.0
1073.0,A,RUNNING,1070.34,5,4,5,8,0.625,20.0,99.5,394.7646,0.0,0,0.0,0.0
1074.0,A,RUNNING,1071.34,5,4,5,8,0.625,20.0,99.5,393.7646,0.0,0,0.0,0.0
1075.0,A,RUNNING,1072.34,5,4,5,8,0.625,20.0,99.5,392.7646,0.0,0,0.0,0.0
1076.0,A,RUNNING,1073.34,5,4,5,8,0.625,20.0,99.5,391.7646,0.0,0,0.0,0.0
1077.0,A,RUNNING,1074.34,5,4,5,8,0.625,20.0,99.5,390.7646,0.0,0,0.0,0.0
1078.0,A,RUNNING,1075.34,5,4,5,8,0.625,20.0,99.5,389.7646,0.0,0,0.0,0.0
1079.0,A,RUNNING,1076.34,5,4,5,8,0.625,20.0,99.5,388.7646,0.0,0,0.0,0.0
1080.0,A,RUNNING,1077.34,5,4,5,8,0.625,20.0,99.5,387.7646,0.0,0,0.0,0.0
1081.0,A,RUNNING,1078.34,5,4,5,8,0.625,20.0,99.5,386.7646,0.0,0,0.0,0.0
1082.0,A,RUNNING,1079.34,5,4,5,8,0.625,20.0,99.5,385.7646,0.0,0,0.0,0.0
1083.0,A,RUNNING,1080.34,5,4,5,8,0.625,20.0,99.5,384.7646,0.0,0,0.0,0.0
1084.0,A,RUNNING,1081.34,5,4,5,8,0.625,20.0,99.5,383.7646,0.0,0,0.0,0.0
1085.0,A,RUNNING,1082.34,5,4,5,8,0.625,20.0,99.5,382.7646,0.0,0,0.0,0.0
1086.0,A,RUNNING,1083.34,5,4,5,8,0.625,20.0,99.5,381.7646,0.0,0,0.0,0.0
1087.0,A,RUNNING,1084.34,5,4,5,8,0.625,20.0,99.5,380.7646,0.0,0,0.0,0.0
1088.0,A,RUNNING,1085.34,5,4,5,8,0.625,20.0,99.5,379.7646,0.0,0,0.0,0.0
1089.0,A,RUNNING,1086.34,5,4,5,8,0.625,20.0,99.5,378.7646,0.0,0,0.0,0.0
1090.0,A,RUNNING,1087.34,5,4,5,8,0.625,20.0,99.5,377.7646,0.0,0,0.0,0.0
1091.0,A,RUNNING,1088.34,5,4,5,8,0.625,20.0,99.5,376.7646,0.0,0,0.0,0.0
1092.0,A,RUNNING,1089.34,5,4,5,8,0.625,20.0,99.5,375.7646,0.0,0,0.0,0.0
1093.0,A,RUNNING,1090.34,5,4,5,8,0.625,20.0,99.5,374.7646,0.0,0,0.0,0.0
1094.0,A,RUNNING,1091.34,5,4,5,8,0.625,20.0,99.5,373.7646,0.0,0,0.0,0.0
1095.0,A,RUNNING,1092.34,5,4,5,8,0.625,20.0,99.5,372.7646,0.0,0,0.0,0.0
1096.0,A,RUNNING,1093.34,5,4,5,8,0.625,20.0,99.5,371.7646,0.0,0,0.0,0.0
1097.0,A,RUNNING,1094.34,5,4,5,8,0.625,20.0,99.5,370.7646,0.0,0,0.0,0.0
1098.0,A,RUNNING,1095.34,5,4,5,8,0.625,20.0,99.5,369.7646,0.0,0,0.0,0.0
1099.0,A,RUNNING,1096.34,5,4,5,8,0.625,20.0,99.5,368.7646,0.0,0,0.0,0.0
1100.0,A,RUNNING,1097.34,5,4,5,8,0.625,20.0,99.5,367.7646,0.0,0,0.0,0.0
1101.0,A,RUNNING,1098.34,5,4,5,8,0.625,20.0,99.5,366.7646,0.0,0,0.0,0.0
1102.0,A,RUNNING,1099.34,5,4,5,8,0.625,20.0,99.5,365.7646,0.0,0,0.0,0.0
1103.0,A,RUNNING,1100.34,5,4,5,8,0.625,20.0,99.5,364.7646,0.0,0,0.0,0.0
1104.0,A,RUNNING,1101.34,5,4,5,8,0.625,20.0,99.5,363.7646,0.0,0,0.0,0.0
1105.0,A,RUNNING,1102.34,5,4,5,8,0.625,20.0,99.5,362.7646,0.0,0,0.0,0.0
1106.0,A,RUNNING,1103.34,5,4,5,8,0.625,20.0,99.5,361.7646,0.0,0,0.0,0.0
1107.0,A,RUNNING,1104.34,5,4,5,8,0.625,20.0,99.5,360.7646,0.0,0,0.0,0.0
1108.0,A,RUNNING,1105.34,6,4,6,8,0.75,20.0,99.4,416.4202,0.0,0,0.0,0.0
1109.0,A,RUNNING,1106.34,6,4,6,8,0.75,20.0,99.4,415.4202,0.0,0,0.0,0.0
1110.0,A,RUNNING,1107.34,6,10,0,8,0.0,20.0,99.4,1494.4202,0.0,0,0.0,0.0
1111.0,A,RUNNING,1108.34,6,10,0,8,0.0,20.0,99.4,1493.4202,0.0,0,0.0,0.0
1112.0,A,RUNNING,1109.34,6,10,0,8,0.0,20.0,99.4,1492.4202,0.0,0,0.0,0.0
1113.0,A,RUNNING,1110.34,6,10,0,8,0.0,20.0,99.4,1491.4202,0.0,0,0.0,0.0
1114.0,A,RUNNING,1111.34,6,10,0,8,0.0,20.0,99.4,1490.4202,0.0,0,0.0,0.0
1115.0,A,RUNNING,1112.34,6,10,0,8,0.0,20.0,99.4,1489.4202,0.0,0,0.0,0.0
1116.0,A,RUNNING,1113.34,6,10,0,8,0.0,20.0,99.4,1488.4202,0.0,0,0.0,0.0
1117.0,A,RUNNING,1114.34,6,10,0,8,0.0,20.0,99.4,1487.4202,0.0,0,0.0,0.0
1118.0,A,RUNNING,1115.34,6,10,0,8,0.0,20.0,99.4,1486.4202,0.0,0,0.0,0.0
1119.0,A,RUNNING,1116.34,6,10,0,8,0.0,20.0,99.4,1485.4202,0.0,0,0.0,0.0
1120.0,A,RUNNING,1117.34,6,10,0,8,0.0,20.0,99.4,1484.4202,0.0,0,0.0,0.0
1121.0,A,RUNNING,1118.34,6,10,0,8,0.0,20.0,99.4,1483.4202,0.0,0,0.0,0.0
1122.0,A,RUNNING,1119.34,6,10,0,8,0.0,20.0,99.4,1482.4202,0.0,0,0.0,0.0
1123.0,A,RUNNING,1120.34,6,10,0,8,0.0,20.0,99.4,1481.4202,0.0,0,0.0,0.0
1124.0,A,RUNNING,1121.34,6,10,0,8,0.0,20.0,99.4,1480.4202,0.0,0,0.0,0.0
1125.0,A,RUNNING,1122.34,6,10,0,8,0.0,20.0,99.4,1479.4202,0.0,0,0.0,0.0
1126.0,A,RUNNING,1123.34,6,10,0,8,0.0,20.0,99.4,1478.4202,0.0,0,0.0,0.0
1127.0,A,RUNNING,1124.34,6,10,0,8,0.0,20.0,99.4,1477.4202,0.0,0,0.0,0.0
1128.0,A,RUNNING,1125.34,6,10,0,8,0.0,20.0,99.4,1476.4202,0.0,0,0.0,0.0
1129.0,A,RUNNING,1126.34,6,10,0,8,0.0,20.0,99.4,1475.4202,0.0,0,0.0,0.0
1130.0,A,RUNNING,1127.34,6,10,0,8,0.0,20.0,99.4,1474.4202,0.0,0,0.0,0.0
1131.0,A,RUNNING,1128.34,6,10,0,8,0.0,20.0,99.4,1473.4202,0.0,0,0.0,0.0
1132.0,A,RUNNING,1129.34,6,10,0,8,0.0,20.0,99.4,1472.4202,0.0,0,0.0,0.0
1133.0,A,RUNNING,1130.34,6,10,0,8,0.0,20.0,99.4,1471.4202,0.0,0,0.0,0.0
1134.0,A,RUNNING,1131.34,6,10,0,8,0.0,20.0,99.4,1470.4202,0.0,0,0.0,0.0
1135.0,A,RUNNING,1132.34,6,10,0,8,0.0,20.0,99.4,1469.4202,0.0,0,0.0,0.0
1136.0,A,RUNNING,1133.34,6,10,0,8,0.0,20.0,99.4,1468.4202,0.0,0,0.0,0.0
1137.0,A,RUNNING,1134.34,6,10,0,8,0.0,20.0,99.4,1467.4202,0.0,0,0.0,0.0
1138.0,A,RUNNING,1135.34,6,10,0,8,0.0,20.0,99.4,1466.4202,0.0,0,0.0,0.0
1139.0,A,RUNNING,1136.34,6,10,0,8,0.0,20.0,99.4,1465.4202,0.0,0,0.0,0.0
1140.0,A,RUNNING,1137.34,6,10,0,8,0.0,20.0,99.4,1464.4202,0.0,0,0.0,0.0
1141.0,A,RUNNING,1138.34,6,10,0,8,0.0,20.0,99.4,1463.4202,0.0,0,0.0,0.0
1142.0,A,RUNNING,1139.34,6,10,0,8,0.0,20.0,99.4,1462.4202,0.0,0,0.0,0.0
1143.0,A,RUNNING,1140.34,6,10,0,8,0.0,20.0,99.4,1461.4202,0.0,0,0.0,0.0
1144.0,A,RUNNING,1141.34,6,10,0,8,0.0,20.0,99.4,1460.4202,0.0,0,0.0,0.0
1145.0,A,RUNNING,1142.34,6,10,0,8,0.0,20.0,99.4,1459.4202,0.0,0,0.0,0.0
1146.0,A,RUNNING,1143.34,6,10,0,8,0.0,20.0,99.4,1458.4202,0.0,0,0.0,0.0
1147.0,A,RUNNING,1144.34,6,10,0,8,0.0,20.0,99.4,1457.4202,0.0,0,0.0,0.0
1148.0,A,RUNNING,1145.34,6,10,0,8,0.0,20.0,99.4,1456.4202,0.0,0,0.0,0.0
1149.0,A,RUNNING,1146.34,6,10,0,8,0.0,20.0,99.4,1455.4202,0.0,0,0.0,0.0
1150.0,A,RUNNING,1147.34,6,10,0,8,0.0,20.0,99.4,1454.4202,0.0,0,0.0,0.0
1151.0,A,RUNNING,1148.34,6,10,0,8,0.0,20.0,99.4,1453.4202,0.0,0,0.0,0.0
1152.0,A,RUNNING,1149.34,6,10,0,8,0.0,20.0,99.4,1452.4202,0.0,0,0.0,0.0
1153.0,A,RUNNING,1150.34,6,10,0,8,0.0,20.0,99.4,1451.4202,0.0,0,0.0,0.0
1154.0,A,RUNNING,1151.34,6,10,0,8,0.0,20.0,99.4,1450.4202,0.0,0,0.0,0.0
1155.0,A,RUNNING,1152.34,6,10,0,8,0.0,20.0,99.4,1449.4202,0.0,0,0.0,0.0
1156.0,A,RUNNING,1153.34,6,10,0,8,0.0,20.0,99.4,1448.4202,0.0,0,0.0,0.0
1157.0,A,RUNNING,1154.34,6,10,0,8,0.0,20.0,99.4,1447.4202,0.0,0,0.0,0.0
1158.0,A,RUNNING,1155.34,6,10,0,8,0.0,20.0,99.4,1446.4202,0.0,0,0.0,0.0
1159.0,A,RUNNING,1156.34,6,10,0,8,0.0,20.0,99.4,1445.4202,0.0,0,0.0,0.0
1160.0,A,RUNNING,1157.34,6,10,0,8,0.0,20.0,99.4,1444.4202,0.0,0,0.0,0.0
1161.0,A,RUNNING,1158.34,6,10,0,8,0.0,20.0,99.4,1443.4202,0.0,0,0.0,0.0
1162.0,A,RUNNING,1159.34,6,10,0,8,0.0,20.0,99.4,1442.4202,0.0,0,0.0,0.0
1163.0,A,RUNNING,1160.34,6,10,0,8,0.0,20.0,99.4,1441.4202,0.0,0,0.0,0.0
1164.0,A,RUNNING,1161.34,6,10,0,8,0.0,20.0,99.4,1440.4202,0.0,0,0.0,0.0
1165.0,A,RUNNING,1162.34,6,10,0,8,0.0,20.0,99.4,1439.4202,0.0,0,0.0,0.0
1166.0,A,RUNNING,1163.34,6,10,0,8,0.0,20.0,99.4,1438.4202,0.0,0,0.0,0.0
1167.0,A,RUNNING,1164.34,6,10,0,8,0.0,20.0,99.4,1437.4202,0.0,0,0.0,0.0
1168.0,A,RUNNING,1165.34,6,10,0,8,0.0,20.0,99.4,1436.4202,0.0,0,0.0,0.0
1169.0,A,RUNNING,1166.34,6,10,0,8,0.0,20.0,99.4,1435.4202,0.0,0,0.0,0.0
1170.0,A,RUNNING,1167.34,6,10,0,8,0.0,20.0,99.4,1434.4202,0.0,0,0.0,0.0
1171.0,A,RUNNING,1168.34,6,10,0,8,0.0,20.0,99.4,1433.4202,0.0,0,0.0,0.0
1172.0,A,RUNNING,1169.34,6,10,0,8,0.0,20.0,99.4,1432.4202,0.0,0,0.0,0.0
1173.0,A,RUNNING,1170.34,6,10,0,8,0.0,20.0,99.4,1431.4202,0.0,0,0.0,0.0
1174.0,A,RUNNING,1171.34,6,10,0,8,0.0,20.0,99.4,1430.4202,0.0,0,0.0,0.0
1175.0,A,RUNNING,1172.34,6,10,0,8,0.0,20.0,99.4,1429.4202,0.0,0,0.0,0.0
1176.0,A,RUNNING,1173.34,6,10,0,8,0.0,20.0,99.4,1428.4202,0.0,0,0.0,0.0
1177.0,A,RUNNING,1174.34,6,10,0,8,0.0,20.0,99.4,1427.4202,0.0,0,0.0,0.0
1178.0,A,RUNNING,1175.34,6,10,0,8,0.0,20.0,99.4,1426.4202,0.0,0,0.0,0.0
1179.0,A,RUNNING,1176.34,6,10,0,8,0.0,20.0,99.4,1425.4202,0.0,0,0.0,0.0
1180.0,A,RUNNING,1177.34,6,10,0,8,0.0,20.0,99.4,1424.4202,0.0,0,0.0,0.0
1181.0,A,RUNNING,1178.34,6,10,0,8,0.0,20.0,99.4,1423.4202,0.0,0,0.0,0.0
1182.0,A,RUNNING,1179.34,6,10,0,8,0.0,20.0,99.4,1422.4202,0.0,0,0.0,0.0
1183.0,A,RUNNING,1180.34,6,10,0,8,0.0,20.0,99.4,1421.4202,0.0,0,0.0,0.0
1184.0,A,RUNNING,1181.34,6,10,0,8,0.0,20.0,99.4,1420.4202,0.0,0,0.0,0.0
1185.0,A,RUNNING,1182.34,6,10,0,8,0.0,20.0,99.4,1419.4202,0.0,0,0.0,0.0
1186.0,A,RUNNING,1183.34,6,10,0,8,0.0,20.0,99.4,1418.4202,0.0,0,0.0,0.0
1187.0,A,RUNNING,1184.34,6,10,0,8,0.0,20.0,99.4,1417.4202,0.0,0,0.0,0.0
1188.0,A,RUNNING,1185.34,6,10,0,8,0.0,20.0,99.4,1416.4202,0.0,0,0.0,0.0
1189.0,A,RUNNING,1186.34,6,10,0,8,0.0,20.0,99.4,1415.4202,0.0,0,0.0,0.0
1190.0,A,RUNNING,1187.34,6,10,0,8,0.0,20.0,99.4,1414.4202,0.0,0,0.0,0.0
1191.0,A,RUNNING,1188.34,6,10,0,8,0.0,20.0,99.4,1413.4202,0.0,0,0.0,0.0
1192.0,A,RUNNING,1189.34,6,10,0,8,0.0,20.0,99.4,1412.4202,0.0,0,0.0,0.0
1193.0,A,RUNNING,1190.34,6,10,0,8,0.0,20.0,99.4,1411.4202,0.0,0,0.0,0.0
1194.0,A,RUNNING,1191.34,6,10,0,8,0.0,20.0,99.4,1410.4202,0.0,0,0.0,0.0
1195.0,A,RUNNING,1192.34,6,10,0,8,0.0,20.0,99.4,1409.4202,0.0,0,0.0,0.0
1196.0,A,RUNNING,1193.34,6,10,0,8,0.0,20.0,99.4,1408.4202,0.0,0,0.0,0.0
1197.0,A,RUNNING,1194.34,6,10,0,8,0.0,20.0,99.4,1407.4202,0.0,0,0.0,0.0
1198.0,A,RUNNING,1195.34,6,10,0,8,0.0,20.0,99.4,1406.4202,0.0,0,0.0,0.0
1199.0,A,RUNNING,1196.34,6,10,0,8,0.0,20.0,99.4,1405.4202,0.0,0,0.0,0.0
1200.0,A,RUNNING,1197.34,6,10,0,8,0.0,20.0,99.4,1404.4202,0.0,0,0.0,0.0
1201.0,A,RUNNING,1198.34,6,10,0,8,0.0,20.0,99.4,1403.4202,0.0,0,0.0,0.0
1202.0,A,RUNNING,1199.34,6,10,0,8,0.0,20.0,99.4,1402.4202,0.0,0,0.0,0.0
1203.0,A,RUNNING,1200.34,6,10,0,8,0.0,20.0,99.4,1401.4202,0.0,0,0.0,0.0
1204.0,A,RUNNING,1201.34,6,10,0,8,0.0,20.0,99.4,1400.4202,0.0,0,0.0,0.0
1205.0,A,RUNNING,1202.34,6,10,0,8,0.0,20.0,99.4,1399.4202,0.0,0,0.0,0.0
1206.0,A,RUNNING,1203.34,6,10,0,8,0.0,20.0,99.4,1398.4202,0.0,0,0.0,0.0
1207.0,A,RUNNING,1204.34,6,10,0,8,0.0,20.0,99.4,1397.4202,0.0,0,0.0,0.0
1208.0,A,RUNNING,1205.34,6,10,0,8,0.0,20.0,99.4,1396.4202,0.0,0,0.0,0.0
1209.0,A,RUNNING,1206.34,6,10,0,8,0.0,20.0,99.4,1395.4202,0.0,0,0.0,0.0
1210.0,A,RUNNING,1207.34,6,10,0,8,0.0,20.0,99.4,1394.4202,0.0,0,0.0,0.0
1211.0,A,RUNNING,1208.34,6,10,0,8,0.0,20.0,99.4,1393.4202,0.0,0,0.0,0.0
1212.0,A,RUNNING,1209.34,6,10,0,8,0.0,20.0,99.4,1392.4202,0.0,0,0.0,0.0
1213.0,A,RUNNING,1210.34,6,10,0,8,0.0,20.0,99.4,1391.4202,0.0,0,0.0,0.0
1214.0,A,RUNNING,1211.34,6,10,0,8,0.0,20.0,99.4,1390.4202,0.0,0,0.0,0.0
1215.0,A,RUNNING,1212.34,6,10,0,8,0.0,20.0,99.4,1389.4202,0.0,0,0.0,0.0
1216.0,A,RUNNING,1213.34,6,10,0,8,0.0,20.0,99.4,1388.4202,0.0,0,0.0,0.0
1217.0,A,RUNNING,1214.34,6,10,0,8,0.0,20.0,99.4,1387.4202,0.0,0,0.0,0.0
1218.0,A,RUNNING,1215.34,6,10,0,8,0.0,20.0,99.4,1386.4202,0.0,0,0.0,0.0
1219.0,A,RUNNING,1216.34,6,10,0,8,0.0,20.0,99.4,1385.4202,0.0,0,0.0,0.0
1220.0,A,RUNNING,1217.34,6,10,0,8,0.0,20.0,99.4,1384.4202,0.0,0,0.0,0.0
1221.0,A,RUNNING,1218.34,6,10,0,8,0.0,20.0,99.4,1383.4202,0.0,0,0.0,0.0
1222.0,A,RUNNING,1219.34,6,10,0,8,0.0,20.0,99.4,1382.4202,0.0,0,0.0,0.0
1223.0,A,RUNNING,1220.34,6,10,0,8,0.0,20.0,99.4,1381.4202,0.0,0,0.0,0.0
1224.0,A,RUNNING,1221.34,6,10,0,8,0.0,20.0,99.4,1380.4202,0.0,0,0.0,0.0
1225.0,A,RUNNING,1222.34,6,10,0,8,0.0,20.0,99.4,1379.4202,0.0,0,0.0,0.0
1226.0,A,RUNNING,1223.34,6,10,0,8,0.0,20.0,99.4,1378.4202,0.0,0,0.0,0.0
1227.0,A,RUNNING,1224.34,6,10,0,8,0.0,20.0,99.4,1377.4202,0.0,0,0.0,0.0
1228.0,A,RUNNING,1225.34,6,10,0,8,0.0,20.0,99.4,1376.4202,0.0,0,0.0,0.0
1229.0,A,RUNNING,1226.34,6,10,0,8,0.0,20.0,99.4,1375.4202,0.0,0,0.0,0.0
1230.0,A,RUNNING,1227.34,6,10,0,8,0.0,20.0,99.4,1374.4202,0.0,0,0.0,0.0
1231.0,A,RUNNING,1228.34,6,10,0,8,0.0,20.0,99.4,1373.4202,0.0,0,0.0,0.0
1232.0,A,RUNNING,1229.34,6,10,0,8,0.0,20.0,99.4,1372.4202,0.0,0,0.0,0.0
1233.0,A,RUNNING,1230.34,6,10,0,8,0.0,20.0,99.4,1371.4202,0.0,0,0.0,0.0
1234.0,A,RUNNING,1231.34,6,10,0,8,0.0,20.0,99.4,1370.4202,0.0,0,0.0,0.0
1235.0,A,RUNNING,1232.34,6,10,0,8,0.0,20.0,99.4,1369.4202,0.0,0,0.0,0.0
1236.0,A,RUNNING,1233.34,6,10,0,8,0.0,20.0,99.4,1368.4202,0.0,0,0.0,0.0
1237.0,A,RUNNING,1234.34,6,10,0,8,0.0,20.0,99.4,1367.4202,0.0,0,0.0,0.0
1238.0,A,RUNNING,1235.34,6,10,0,8,0.0,20.0,99.4,1366.4202,0.0,0,0.0,0.0
1239.0,A,RUNNING,1236.34,6,10,0,8,0.0,20.0,99.4,1365.4202,0.0,0,0.0,0.0
1240.0,A,RUNNING,1237.34,6,10,0,8,0.0,20.0,99.4,1364.4202,0.0,0,0.0,0.0
1241.0,A,RUNNING,1238.34,6,10,0,8,0.0,20.0,99.4,1363.4202,0.0,0,0.0,0.0
1242.0,A,RUNNING,1239.34,6,10,0,8,0.0,20.0,99.4,1362.4202,0.0,0,0.0,0.0
1243.0,A,RUNNING,1240.34,6,10,0,8,0.0,20.0,99.4,1361.4202,0.0,0,0.0,0.0
1244.0,A,RUNNING,1241.34,6,10,0,8,0.0,20.0,99.4,1360.4202,0.0,0,0.0,0.0
1245.0,A,RUNNING,1242.34,6,10,0,8,0.0,20.0,99.4,1359.4202,0.0,0,0.0,0.0
1246.0,A,RUNNING,1243.34,6,10,0,8,0.0,20.0,99.4,1358.4202,0.0,0,0.0,0.0
1247.0,A,RUNNING,1244.34,6,10,0,8,0.0,20.0,99.4,1357.4202,0.0,0,0.0,0.0
1248.0,A,RUNNING,1245.34,6,10,0,8,0.0,20.0,99.4,1356.4202,0.0,0,0.0,0.0
1249.0,A,RUNNING,1246.34,6,10,0,8,0.0,20.0,99.4,1355.4202,0.0,0,0.0,0.0
1250.0,A,RUNNING,1247.34,6,10,0,8,0.0,20.0,99.4,1354.4202,0.0,0,0.0,0.0
1251.0,A,RUNNING,1248.34,6,10,0,8,0.0,20.0,99.4,1353.4202,0.0,0,0.0,0.0
1252.0,A,RUNNING,1249.34,6,10,0,8,0.0,20.0,99.4,1352.4202,0.0,0,0.0,0.0
1253.0,A,RUNNING,1250.34,6,10,0,8,0.0,20.0,99.4,1351.4202,0.0,0,0.0,0.0
1254.0,A,RUNNING,1251.34,6,10,0,8,0.0,20.0,99.4,1350.4202,0.0,0,0.0,0.0
1255.0,A,RUNNING,1252.34,6,10,0,8,0.0,20.0,99.4,1349.4202,0.0,0,0.0,0.0
1256.0,A,RUNNING,1253.34,6,10,0,8,0.0,20.0,99.4,1348.4202,0.0,0,0.0,0.0
1257.0,A,RUNNING,1254.34,6,10,0,8,0.0,20.0,99.4,1347.4202,0.0,0,0.0,0.0
1258.0,A,RUNNING,1255.34,6,10,0,8,0.0,20.0,99.4,1346.4202,0.0,0,0.0,0.0
1259.0,A,RUNNING,1256.34,6,10,0,8,0.0,20.0,99.4,1345.4202,0.0,0,0.0,0.0
1260.0,A,RUNNING,1257.34,6,10,0,8,0.0,20.0,99.4,1344.4202,0.0,0,0.0,0.0
1261.0,A,RUNNING,1258.34,6,10,0,8,0.0,20.0,99.4,1343.4202,0.0,0,0.0,0.0
1262.0,A,RUNNING,1259.34,6,10,0,8,0.0,20.0,99.4,1342.4202,0.0,0,0.0,0.0
1263.0,A,RUNNING,1260.34,6,10,0,8,0.0,20.0,99.4,1341.4202,0.0,0,0.0,0.0
1264.0,A,RUNNING,1261.34,6,10,0,8,0.0,20.0,99.4,1340.4202,0.0,0,0.0,0.0
1265.0,A,RUNNING,1262.34,6,10,0,8,0.0,20.0,99.4,1339.4202,0.0,0,0.0,0.0
1266.0,A,RUNNING,1263.34,6,10,0,8,0.0,20.0,99.4,1338.4202,0.0,0,0.0,0.0
1267.0,A,RUNNING,1264.34,6,10,0,8,0.0,20.0,99.4,1337.4202,0.0,0,0.0,0.0
1268.0,A,RUNNING,1265.34,6,10,0,8,0.0,20.0,99.4,1336.4202,0.0,0,0.0,0.0
1269.0,A,RUNNING,1266.34,6,10,0,8,0.0,20.0,99.4,1335.4202,0.0,0,0.0,0.0
1270.0,A,RUNNING,1267.34,6,10,0,8,0.0,20.0,99.4,1334.4202,0.0,0,0.0,0.0
1271.0,A,RUNNING,1268.34,6,10,0,8,0.0,20.0,99.4,1333.4202,0.0,0,0.0,0.0
1272.0,A,RUNNING,1269.34,6,10,0,8,0.0,20.0,99.4,1332.4202,0.0,0,0.0,0.0
1273.0,A,RUNNING,1270.34,6,10,0,8,0.0,20.0,99.4,1331.4202,0.0,0,0.0,0.0
1274.0,A,RUNNING,1271.34,6,10,0,8,0.0,20.0,99.4,1330.4202,0.0,0,0.0,0.0
1275.0,A,RUNNING,1272.34,6,10,0,8,0.0,20.0,99.4,1329.4202,0.0,0,0.0,0.0
1276.0,A,RUNNING,1273.34,6,10,0,8,0.0,20.0,99.4,1328.4202,0.0,0,0.0,0.0
1277.0,A,RUNNING,1274.34,6,10,0,8,0.0,20.0,99.4,1327.4202,0.0,0,0.0,0.0
1278.0,A,RUNNING,1275.34,6,10,0,8,0.0,20.0,99.4,1326.4202,0.0,0,0.0,0.0
1279.0,A,RUNNING,1276.34,6,10,0,8,0.0,20.0,99.4,1325.4202,0.0,0,0.0,0.0
1280.0,A,RUNNING,1277.34,6,10,0,8,0.0,20.0,99.4,1324.4202,0.0,0,0.0,0.0
1281.0,A,RUNNING,1278.34,6,10,0,8,0.0,20.0,99.4,1323.4202,0.0,0,0.0,0.0
1282.0,A,RUNNING,1279.34,6,10,0,8,0.0,20.0,99.4,1322.4202,0.0,0,0.0,0.0
1283.0,A,RUNNING,1280.34,6,10,0,8,0.0,20.0,99.4,1321.4202,0.0,0,0.0,0.0
1284.0,A,RUNNING,1281.34,6,10,0,8,0.0,20.0,99.4,1320.4202,0.0,0,0.0,0.0
1285.0,A,RUNNING,1282.34,6,10,0,8,0.0,20.0,99.4,1319.4202,0.0,0,0.0,0.0
1286.0,A,RUNNING,1283.34,6,10,0,8,0.0,20.0,99.4,1318.4202,0.0,0,0.0,0.0
1287.0,A,RUNNING,1284.34,6,10,0,8,0.0,20.0,99.4,1317.4202,0.0,0,0.0,0.0
1288.0,A,RUNNING,1285.34,6,10,0,8,0.0,20.0,99.4,1316.4202,0.0,0,0.0,0.0
1289.0,A,RUNNING,1286.34,6,10,0,8,0.0,20.0,99.4,1315.4202,0.0,0,0.0,0.0
1290.0,A,RUNNING,1287.34,6,10,0,8,0.0,20.0,99.4,1314.4202,0.0,0,0.0,0.0
1291.0,A,RUNNING,1288.34,6,10,0,8,0.0,20.0,99.4,1313.4202,0.0,0,0.0,0.0
1292.0,A,RUNNING,1289.34,6,10,0,8,0.0,20.0,99.4,1312.4202,0.0,0,0.0,0.0
1293.0,A,RUNNING,1290.34,6,10,0,8,0.0,20.0,99.4,1311.4202,0.0,0,0.0,0.0
1294.0,A,RUNNING,1291.34,6,10,0,8,0.0,20.0,99.4,1310.4202,0.0,0,0.0,0.0
1295.0,A,RUNNING,1292.34,6,10,0,8,0.0,20.0,99.4,1309.4202,0.0,0,0.0,0.0
1296.0,A,RUNNING,1293.34,6,10,0,8,0.0,20.0,99.4,1308.4202,0.0,0,0.0,0.0
1297.0,A,RUNNING,1294.34,6,10,0,8,0.0,20.0,99.4,1307.4202,0.0,0,0.0,0.0
1298.0,A,RUNNING,1295.34,6,10,0,8,0.0,20.0,99.4,1306.4202,0.0,0,0.0,0.0
1299.0,A,RUNNING,1296.34,6,10,0,8,0.0,20.0,99.4,1305.4202,0.0,0,0.0,0.0
1300.0,A,RUNNING,1297.34,6,10,0,8,0.0,20.0,99.4,1304.4202,0.0,0,0.0,0.0
1301.0,A,RUNNING,1298.34,6,10,0,8,0.0,20.0,99.4,1303.4202,0.0,0,0.0,0.0
1302.0,A,RUNNING,1299.34,6,10,0,8,0.0,20.0,99.4,1302.4202,0.0,0,0.0,0.0
1303.0,A,RUNNING,1300.34,6,10,0,8,0.0,20.0,99.4,1301.4202,0.0,0,0.0,0.0
1304.0,A,RUNNING,1301.34,6,10,0,8,0.0,20.0,99.4,1300.4202,0.0,0,0.0,0.0
1305.0,A,RUNNING,1302.34,6,10,0,8,0.0,20.0,99.4,1299.4202,0.0,0,0.0,0.0
1306.0,A,RUNNING,1303.34,6,10,0,8,0.0,20.0,99.4,1298.4202,0.0,0,0.0,0.0
1307.0,A,RUNNING,1304.34,6,10,0,8,0.0,20.0,99.4,1297.4202,0.0,0,0.0,0.0
1308.0,A,RUNNING,1305.34,6,10,0,8,0.0,20.0,99.4,1296.4202,0.0,0,0.0,0.0
1309.0,A,RUNNING,1306.34,6,10,0,8,0.0,20.0,99.4,1295.4202,0.0,0,0.0,0.0
1310.0,A,RUNNING,1307.34,6,10,0,8,0.0,20.0,99.4,1294.4202,0.0,0,0.0,0.0
1311.0,A,RUNNING,1308.34,6,10,0,8,0.0,20.0,99.4,1293.4202,0.0,0,0.0,0.0
1312.0,A,RUNNING,1309.34,6,10,0,8,0.0,20.0,99.4,1292.4202,0.0,0,0.0,0.0
1313.0,A,RUNNING,1310.34,6,10,0,8,0.0,20.0,99.4,1291.4202,0.0,0,0.0,0.0
1314.0,A,RUNNING,1311.34,6,10,0,8,0.0,20.0,99.4,1290.4202,0.0,0,0.0,0.0
1315.0,A,RUNNING,1312.34,6,10,0,8,0.0,20.0,99.4,1289.4202,0.0,0,0.0,0.0
1316.0,A,RUNNING,1313.34,6,10,0,8,0.0,20.0,99.4,1288.4202,0.0,0,0.0,0.0
1317.0,A,RUNNING,1314.34,6,10,0,8,0.0,20.0,99.4,1287.4202,0.0,0,0.0,0.0
1318.0,A,RUNNING,1315.34,6,10,0,8,0.0,20.0,99.4,1286.4202,0.0,0,0.0,0.0
1319.0,A,RUNNING,1316.34,6,10,0,8,0.0,20.0,99.4,1285.4202,0.0,0,0.0,0.0
1320.0,A,RUNNING,1317.34,6,10,0,8,0.0,20.0,99.4,1284.4202,0.0,0,0.0,0.0
1321.0,A,RUNNING,1318.34,6,10,0,8,0.0,20.0,99.4,1283.4202,0.0,0,0.0,0.0
1322.0,A,RUNNING,1319.34,6,10,0,8,0.0,20.0,99.4,1282.4202,0.0,0,0.0,0.0
1323.0,A,RUNNING,1320.34,6,10,0,8,0.0,20.0,99.4,1281.4202,0.0,0,0.0,0.0
1324.0,A,RUNNING,1321.34,6,10,0,8,0.0,20.0,99.4,1280.4202,0.0,0,0.0,0.0
1325.0,A,RUNNING,1322.34,6,10,0,8,0.0,20.0,99.4,1279.4202,0.0,0,0.0,0.0
1326.0,A,RUNNING,1323.34,6,10,0,8,0.0,20.0,99.4,1278.4202,0.0,0,0.0,0.0
1327.0,A,RUNNING,1324.34,6,10,0,8,0.0,20.0,99.4,1277.4202,0.0,0,0.0,0.0
1328.0,A,RUNNING,1325.34,6,10,0,8,0.0,20.0,99.4,1276.4202,0.0,0,0.0,0.0
1329.0,A,RUNNING,1326.34,6,10,0,8,0.0,20.0,99.4,1275.4202,0.0,0,0.0,0.0
1330.0,A,RUNNING,1327.34,6,10,0,8,0.0,20.0,99.4,1274.4202,0.0,0,0.0,0.0
1331.0,A,RUNNING,1328.34,6,10,0,8,0.0,20.0,99.4,1273.4202,0.0,0,0.0,0.0
1332.0,A,RUNNING,1329.34,6,10,0,8,0.0,20.0,99.4,1272.4202,0.0,0,0.0,0.0
1333.0,A,RUNNING,1330.34,6,10,0,8,0.0,20.0,99.4,1271.4202,0.0,0,0.0,0.0
1334.0,A,RUNNING,1331.34,6,10,0,8,0.0,20.0,99.4,1270.4202,0.0,0,0.0,0.0
1335.0,A,RUNNING,1332.34,6,10,0,8,0.0,20.0,99.4,1269.4202,0.0,0,0.0,0.0
1336.0,A,RUNNING,1333.34,6,10,0,8,0.0,20.0,99.4,1268.4202,0.0,0,0.0,0.0
1337.0,A,RUNNING,1334.34,6,10,0,8,0.0,20.0,99.4,1267.4202,0.0,0,0.0,0.0
1338.0,A,RUNNING,1335.34,6,10,0,8,0.0,20.0,99.4,1266.4202,0.0,0,0.0,0.0
1339.0,A,RUNNING,1336.34,6,10,0,8,0.0,20.0,99.4,1265.4202,0.0,0,0.0,0.0
1340.0,A,RUNNING,1337.34,6,10,0,8,0.0,20.0,99.4,1264.4202,0.0,0,0.0,0.0
1341.0,A,RUNNING,1338.34,6,10,0,8,0.0,20.0,99.4,1263.4202,0.0,0,0.0,0.0
1342.0,A,RUNNING,1339.34,6,10,0,8,0.0,20.0,99.4,1262.4202,0.0,0,0.0,0.0
1343.0,A,RUNNING,1340.34,6,10,0,8,0.0,20.0,99.4,1261.4202,0.0,0,0.0,0.0
1344.0,A,RUNNING,1341.34,6,10,0,8,0.0,20.0,99.4,1260.4202,0.0,0,0.0,0.0
1345.0,A,RUNNING,1342.34,7,10,1,8,0.125,20.0,99.3,1261.4409,0.0,0,0.0,0.0
1346.0,A,RUNNING,1343.34,7,10,1,8,0.125,20.0,99.3,1260.4409,0.0,0,0.0,0.0
1347.0,A,RUNNING,1344.34,7,10,1,8,0.125,20.0,99.3,1259.4409,0.0,0,0.0,0.0
1348.0,A,RUNNING,1345.34,7,10,1,8,0.125,20.0,99.3,1258.4409,0.0,0,0.0,0.0
1349.0,A,RUNNING,1346.34,7,10,1,8,0.125,20.0,99.3,1257.4409,0.0,0,0.0,0.0
1350.0,A,RUNNING,1347.34,7,10,1,8,0.125,20.0,99.3,1256.4409,0.0,0,0.0,0.0
1351.0,A,RUNNING,1348.34,7,10,1,8,0.125,20.0,99.3,1255.4409,0.0,0,0.0,0.0
1352.0,A,RUNNING,1349.34,7,10,1,8,0.125,20.0,99.3,1254.4409,0.0,0,0.0,0.0
1353.0,A,RUNNING,1350.34,7,10,1,8,0.125,20.0,99.3,1253.4409,0.0,0,0.0,0.0
1354.0,A,RUNNING,1351.34,7,10,1,8,0.125,20.0,99.3,1252.4409,0.0,0,0.0,0.0
1355.0,A,RUNNING,1352.34,7,10,1,8,0.125,20.0,99.3,1251.4409,0.0,0,0.0,0.0
1356.0,A,RUNNING,1353.34,7,10,1,8,0.125,20.0,99.3,1250.4409,0.0,0,0.0,0.0
1357.0,A,RUNNING,1354.34,7,10,1,8,0.125,20.0,99.3,1249.4409,0.0,0,0.0,0.0
1358.0,A,RUNNING,1355.34,7,10,1,8,0.125,20.0,99.3,1248.4409,0.0,0,0.0,0.0
1359.0,A,RUNNING,1356.34,7,10,1,8,0.125,20.0,99.3,1247.4409,0.0,0,0.0,0.0
1360.0,A,RUNNING,1357.34,7,10,1,8,0.125,20.0,99.3,1246.4409,0.0,0,0.0,0.0
1361.0,A,RUNNING,1358.34,7,10,1,8,0.125,20.0,99.3,1245.4409,0.0,0,0.0,0.0
1362.0,A,RUNNING,1359.34,7,10,1,8,0.125,20.0,99.3,1244.4409,0.0,0,0.0,0.0
1363.0,A,RUNNING,1360.34,7,10,1,8,0.125,20.0,99.3,1243.4409,0.0,0,0.0,0.0
1364.0,A,RUNNING,1361.34,7,10,1,8,0.125,20.0,99.3,1242.4409,0.0,0,0.0,0.0
1365.0,A,RUNNING,1362.344,7,10,1,8,0.125,20.0,99.3,1241.4369,0.0,0,0.0,0.0
1366.0,A,RUNNING,1363.34,7,10,1,8,0.125,20.0,99.3,1240.4409,0.0,0,0.0,0.0
1367.0,A,RUNNING,1364.34,7,10,1,8,0.125,20.0,99.3,1239.4409,0.0,0,0.0,0.0
1368.0,A,RUNNING,1365.34,7,10,1,8,0.125,20.0,99.3,1238.4409,0.0,0,0.0,0.0
1369.0,A,RUNNING,1366.34,7,10,1,8,0.125,20.0,99.3,1237.4409,0.0,0,0.0,0.0
1370.0,A,RUNNING,1367.34,7,10,1,8,0.125,20.0,99.3,1236.4409,0.0,0,0.0,0.0
1371.0,A,RUNNING,1368.34,7,10,1,8,0.125,20.0,99.3,1235.4409,0.0,0,0.0,0.0
1372.0,A,RUNNING,1369.34,7,10,1,8,0.125,20.0,99.3,1234.4409,0.0,0,0.0,0.0
1373.0,A,RUNNING,1370.34,7,10,1,8,0.125,20.0,99.3,1233.4409,0.0,0,0.0,0.0
1374.0,A,RUNNING,1371.34,7,10,1,8,0.125,20.0,99.3,1232.4409,0.0,0,0.0,0.0
1375.0,A,RUNNING,1372.34,7,10,1,8,0.125,20.0,99.3,1231.4409,0.0,0,0.0,0.0
1376.0,A,RUNNING,1373.34,7,10,1,8,0.125,20.0,99.3,1230.4409,0.0,0,0.0,0.0
1377.0,A,RUNNING,1374.34,7,10,1,8,0.125,20.0,99.3,1229.4409,0.0,0,0.0,0.0
1378.0,A,RUNNING,1375.34,7,10,1,8,0.125,20.0,99.3,1228.4409,0.0,0,0.0,0.0
1379.0,A,RUNNING,1376.34,7,10,1,8,0.125,20.0,99.3,1227.4409,0.0,0,0.0,0.0
1380.0,A,RUNNING,1377.34,7,10,1,8,0.125,20.0,99.3,1226.4409,0.0,0,0.0,0.0
1381.0,A,RUNNING,1378.34,7,10,1,8,0.125,20.0,99.3,1225.4409,0.0,0,0.0,0.0
1382.0,A,RUNNING,1379.34,7,10,1,8,0.125,20.0,99.3,1224.4409,0.0,0,0.0,0.0
1383.0,A,RUNNING,1380.34,7,10,1,8,0.125,20.0,99.3,1223.4409,0.0,0,0.0,0.0
1384.0,A,RUNNING,1381.34,7,10,1,8,0.125,20.0,99.3,1222.4409,0.0,0,0.0,0.0
1385.0,A,RUNNING,1382.34,7,10,1,8,0.125,20.0,99.3,1221.4409,0.0,0,0.0,0.0
1386.0,A,RUNNING,1383.34,7,10,1,8,0.125,20.0,99.3,1220.4409,0.0,0,0.0,0.0
1387.0,A,RUNNING,1384.34,7,10,1,8,0.125,20.0,99.3,1219.4409,0.0,0,0.0,0.0
1388.0,A,RUNNING,1385.34,7,10,1,8,0.125,20.0,99.3,1218.4409,0.0,0,0.0,0.0
1389.0,A,RUNNING,1386.34,7,10,1,8,0.125,20.0,99.3,1217.4409,0.0,0,0.0,0.0
1390.0,A,RUNNING,1387.34,7,10,1,8,0.125,20.0,99.3,1216.4409,0.0,0,0.0,0.0
1391.0,A,RUNNING,1388.34,7,10,1,8,0.125,20.0,99.3,1215.4409,0.0,0,0.0,0.0
1392.0,A,RUNNING,1389.34,7,10,1,8,0.125,20.0,99.3,1214.4409,0.0,0,0.0,0.0
1393.0,A,RUNNING,1390.34,7,10,1,8,0.125,20.0,99.3,1213.4409,0.0,0,0.0,0.0
1394.0,A,RUNNING,1391.34,7,10,1,8,0.125,20.0,99.3,1212.4409,0.0,0,0.0,0.0
1395.0,A,RUNNING,1392.34,7,10,1,8,0.125,20.0,99.3,1211.4409,0.0,0,0.0,0.0
1396.0,A,RUNNING,1393.34,7,10,1,8,0.125,20.0,99.3,1210.4409,0.0,0,0.0,0.0
1397.0,A,RUNNING,1394.34,7,10,1,8,0.125,20.0,99.3,1209.4409,0.0,0,0.0,0.0
1398.0,A,RUNNING,1395.34,7,10,1,8,0.125,20.0,99.3,1208.4409,0.0,0,0.0,0.0
1399.0,A,RUNNING,1396.34,7,10,1,8,0.125,20.0,99.3,1207.4409,0.0,0,0.0,0.0
1400.0,A,RUNNING,1397.34,7,10,1,8,0.125,20.0,99.3,1206.4409,0.0,0,0.0,0.0
1401.0,A,RUNNING,1398.34,7,10,1,8,0.125,20.0,99.3,1205.4409,0.0,0,0.0,0.0
1402.0,A,RUNNING,1399.34,7,10,1,8,0.125,20.0,99.3,1204.4409,0.0,0,0.0,0.0
1403.0,A,RUNNING,1400.34,7,10,1,8,0.125,20.0,99.3,1203.4409,0.0,0,0.0,0.0
1404.0,A,RUNNING,1401.34,7,10,1,8,0.125,20.0,99.3,1202.4409,0.0,0,0.0,0.0
1405.0,A,RUNNING,1402.34,7,10,1,8,0.125,20.0,99.3,1201.4409,0.0,0,0.0,0.0
1406.0,A,RUNNING,1403.34,7,10,1,8,0.125,20.0,99.3,1200.4409,0.0,0,0.0,0.0
1407.0,A,RUNNING,1404.34,7,10,1,8,0.125,20.0,99.3,1199.4409,0.0,0,0.0,0.0
1408.0,A,RUNNING,1405.34,7,10,1,8,0.125,20.0,99.3,1198.4409,0.0,0,0.0,0.0
1409.0,A,RUNNING,1406.34,7,10,1,8,0.125,20.0,99.3,1197.4409,0.0,0,0.0,0.0
1410.0,A,RUNNING,1407.34,7,10,1,8,0.125,20.0,99.3,1196.4409,0.0,0,0.0,0.0
1411.0,A,RUNNING,1408.34,7,10,1,8,0.125,20.0,99.3,1195.4409,0.0,0,0.0,0.0
1412.0,A,RUNNING,1409.34,7,10,1,8,0.125,20.0,99.3,1194.4409,0.0,0,0.0,0.0
1413.0,A,RUNNING,1410.34,7,10,1,8,0.125,20.0,99.3,1193.4409,0.0,0,0.0,0.0
1414.0,A,RUNNING,1411.34,7,10,1,8,0.125,20.0,99.3,1192.4409,0.0,0,0.0,0.0
1415.0,A,RUNNING,1412.34,7,10,1,8,0.125,20.0,99.3,1191.4409,0.0,0,0.0,0.0
1416.0,A,RUNNING,1413.34,7,10,1,8,0.125,20.0,99.3,1190.4409,0.0,0,0.0,0.0
1417.0,A,RUNNING,1414.34,7,10,1,8,0.125,20.0,99.3,1189.4409,0.0,0,0.0,0.0
1418.0,A,RUNNING,1415.34,7,10,1,8,0.125,20.0,99.3,1188.4409,0.0,0,0.0,0.0
1419.0,A,RUNNING,1416.34,7,10,1,8,0.125,20.0,99.3,1187.4409,0.0,0,0.0,0.0
1420.0,A,RUNNING,1417.34,7,10,1,8,0.125,20.0,99.3,1186.4409,0.0,0,0.0,0.0
1421.0,A,RUNNING,1418.34,7,10,1,8,0.125,20.0,99.3,1185.4409,0.0,0,0.0,0.0
1422.0,A,RUNNING,1419.34,7,10,1,8,0.125,20.0,99.3,1184.4409,0.0,0,0.0,0.0
1423.0,A,RUNNING,1420.34,7,10,1,8,0.125,20.0,99.3,1183.4409,0.0,0,0.0,0.0
1424.0,A,RUNNING,1421.34,7,10,1,8,0.125,20.0,99.3,1182.4409,0.0,0,0.0,0.0
1425.0,A,RUNNING,1422.34,7,10,1,8,0.125,20.0,99.3,1181.4409,0.0,0,0.0,0.0
1426.0,A,RUNNING,1423.34,7,10,1,8,0.125,20.0,99.3,1180.4409,0.0,0,0.0,0.0
1427.0,A,RUNNING,1424.34,7,10,1,8,0.125,20.0,99.3,1179.4409,0.0,0,0.0,0.0
1428.0,A,RUNNING,1425.34,7,10,1,8,0.125,20.0,99.3,1178.4409,0.0,0,0.0,0.0
1429.0,A,RUNNING,1426.34,7,10,1,8,0.125,20.0,99.3,1177.4409,0.0,0,0.0,0.0
1430.0,A,RUNNING,1427.34,7,10,1,8,0.125,20.0,99.3,1176.4409,0.0,0,0.0,0.0
1431.0,A,RUNNING,1428.34,7,10,1,8,0.125,20.0,99.3,1175.4409,0.0,0,0.0,0.0
1432.0,A,RUNNING,1429.34,7,10,1,8,0.125,20.0,99.3,1174.4409,0.0,0,0.0,0.0
1433.0,A,RUNNING,1430.34,7,10,1,8,0.125,20.0,99.3,1173.4409,0.0,0,0.0,0.0
1434.0,A,RUNNING,1431.34,7,10,1,8,0.125,20.0,99.3,1172.4409,0.0,0,0.0,0.0
1435.0,A,RUNNING,1432.34,7,10,1,8,0.125,20.0,99.3,1171.4409,0.0,0,0.0,0.0
1436.0,A,RUNNING,1433.34,7,10,1,8,0.125,20.0,99.3,1170.4409,0.0,0,0.0,0.0
1437.0,A,RUNNING,1434.34,7,10,1,8,0.125,20.0,99.3,1169.4409,0.0,0,0.0,0.0
1438.0,A,RUNNING,1435.34,7,10,1,8,0.125,20.0,99.3,1168.4409,0.0,0,0.0,0.0
1439.0,A,RUNNING,1436.34,7,10,1,8,0.125,20.0,99.3,1167.4409,0.0,0,0.0,0.0
1440.0,A,RUNNING,1437.34,7,10,1,8,0.125,20.0,99.3,1166.4409,0.0,0,0.0,0.0
1441.0,A,RUNNING,1438.34,7,10,1,8,0.125,20.0,99.3,1165.4409,0.0,0,0.0,0.0
1442.0,A,RUNNING,1439.34,7,10,1,8,0.125,20.0,99.3,1164.4409,0.0,0,0.0,0.0
1443.0,A,RUNNING,1440.34,7,10,1,8,0.125,20.0,99.3,1163.4409,0.0,0,0.0,0.0
1444.0,A,RUNNING,1441.34,7,10,1,8,0.125,20.0,99.3,1162.4409,0.0,0,0.0,0.0
1445.0,A,RUNNING,1442.34,7,10,1,8,0.125,20.0,99.3,1161.4409,0.0,0,0.0,0.0
1446.0,A,RUNNING,1443.34,7,10,1,8,0.125,20.0,99.3,1160.4409,0.0,0,0.0,0.0
1447.0,A,RUNNING,1444.34,7,10,1,8,0.125,20.0,99.3,1159.4409,0.0,0,0.0,0.0
1448.0,A,RUNNING,1445.34,7,10,1,8,0.125,20.0,99.3,1158.4409,0.0,0,0.0,0.0
1449.0,A,RUNNING,1446.34,7,10,1,8,0.125,20.0,99.3,1157.4409,0.0,0,0.0,0.0
1450.0,A,RUNNING,1447.34,7,10,1,8,0.125,20.0,99.3,1156.4409,0.0,0,0.0,0.0
1451.0,A,RUNNING,1448.34,7,10,1,8,0.125,20.0,99.3,1155.4409,0.0,0,0.0,0.0
1452.0,A,RUNNING,1449.34,7,10,1,8,0.125,20.0,99.3,1154.4409,0.0,0,0.0,0.0
1453.0,A,RUNNING,1450.34,7,10,1,8,0.125,20.0,99.3,1153.4409,0.0,0,0.0,0.0
1454.0,A,RUNNING,1451.34,7,10,1,8,0.125,20.0,99.3,1152.4409,0.0,0,0.0,0.0
1455.0,A,RUNNING,1452.34,7,10,1,8,0.125,20.0,99.3,1151.4409,0.0,0,0.0,0.0
1456.0,A,RUNNING,1453.34,7,10,1,8,0.125,20.0,99.3,1150.4409,0.0,0,0.0,0.0
1457.0,A,RUNNING,1454.34,7,10,1,8,0.125,20.0,99.3,1149.4409,0.0,0,0.0,0.0
1458.0,A,RUNNING,1455.34,7,10,1,8,0.125,20.0,99.3,1148.4409,0.0,0,0.0,0.0
1459.0,A,RUNNING,1456.34,7,10,1,8,0.125,20.0,99.3,1147.4409,0.0,0,0.0,0.0
1460.0,A,RUNNING,1457.34,7,10,1,8,0.125,20.0,99.3,1146.4409,0.0,0,0.0,0.0
1461.0,A,RUNNING,1458.34,7,10,1,8,0.125,20.0,99.3,1145.4409,0.0,0,0.0,0.0
1462.0,A,RUNNING,1459.34,7,10,1,8,0.125,20.0,99.3,1144.4409,0.0,0,0.0,0.0
1463.0,A,RUNNING,1460.34,7,10,1,8,0.125,20.0,99.3,1143.4409,0.0,0,0.0,0.0
1464.0,A,RUNNING,1461.34,7,10,1,8,0.125,20.0,99.3,1142.4409,0.0,0,0.0,0.0
1465.0,A,RUNNING,1462.34,7,10,1,8,0.125,20.0,99.3,1141.4409,0.0,0,0.0,0.0
1466.0,A,RUNNING,1463.34,7,10,1,8,0.125,20.0,99.3,1140.4409,0.0,0,0.0,0.0
1467.0,A,RUNNING,1464.34,7,10,1,8,0.125,20.0,99.3,1139.4409,0.0,0,0.0,0.0
1468.0,A,RUNNING,1465.34,7,10,1,8,0.125,20.0,99.3,1138.4409,0.0,0,0.0,0.0
1469.0,A,RUNNING,1466.34,7,10,1,8,0.125,20.0,99.3,1137.4409,0.0,0,0.0,0.0
1470.0,A,RUNNING,1467.34,7,10,1,8,0.125,20.0,99.3,1136.4409,0.0,0,0.0,0.0
1471.0,A,RUNNING,1468.34,7,10,1,8,0.125,20.0,99.3,1135.4409,0.0,0,0.0,0.0
1472.0,A,RUNNING,1469.34,7,10,1,8,0.125,20.0,99.3,1134.4409,0.0,0,0.0,0.0
1473.0,A,RUNNING,1470.34,7,10,1,8,0.125,20.0,99.3,1133.4409,0.0,0,0.0,0.0
1474.0,A,RUNNING,1471.34,7,10,1,8,0.125,20.0,99.3,1132.4409,0.0,0,0.0,0.0
1475.0,A,RUNNING,1472.34,7,10,1,8,0.125,20.0,99.3,1131.4409,0.0,0,0.0,0.0
1476.0,A,RUNNING,1473.34,7,10,1,8,0.125,20.0,99.3,1130.4409,0.0,0,0.0,0.0
1477.0,A,RUNNING,1474.34,7,10,1,8,0.125,20.0,99.3,1129.4409,0.0,0,0.0,0.0
1478.0,A,RUNNING,1475.34,7,10,1,8,0.125,20.0,99.3,1128.4409,0.0,0,0.0,0.0
1479.0,A,RUNNING,1476.34,7,10,1,8,0.125,20.0,99.3,1127.4409,0.0,0,0.0,0.0
1480.0,A,RUNNING,1477.34,7,10,1,8,0.125,20.0,99.3,1126.4409,0.0,0,0.0,0.0
1481.0,A,RUNNING,1478.34,7,10,1,8,0.125,20.0,99.3,1125.4409,0.0,0,0.0,0.0
1482.0,A,RUNNING,1479.34,7,10,1,8,0.125,20.0,99.3,1124.4409,0.0,0,0.0,0.0
1483.0,A,RUNNING,1480.34,7,10,1,8,0.125,20.0,99.3,1123.4409,0.0,0,0.0,0.0
1484.0,A,RUNNING,1481.34,7,10,1,8,0.125,20.0,99.3,1122.4409,0.0,0,0.0,0.0
1485.0,A,RUNNING,1482.34,7,10,1,8,0.125,20.0,99.3,1121.4409,0.0,0,0.0,0.0
1486.0,A,RUNNING,1483.34,7,10,1,8,0.125,20.0,99.3,1120.4409,0.0,0,0.0,0.0
1487.0,A,RUNNING,1484.34,7,10,1,8,0.125,20.0,99.3,1119.4409,0.0,0,0.0,0.0
1488.0,A,RUNNING,1485.34,7,10,1,8,0.125,20.0,99.3,1118.4409,0.0,0,0.0,0.0
1489.0,A,RUNNING,1486.34,7,10,1,8,0.125,20.0,99.3,1117.4409,0.0,0,0.0,0.0
1490.0,A,RUNNING,1487.34,7,10,1,8,0.125,20.0,99.3,1116.4409,0.0,0,0.0,0.0
1491.0,A,RUNNING,1488.34,7,10,1,8,0.125,20.0,99.3,1115.4409,0.0,0,0.0,0.0
1492.0,A,RUNNING,1489.34,7,10,1,8,0.125,20.0,99.3,1114.4409,0.0,0,0.0,0.0
1493.0,A,RUNNING,1490.34,7,10,1,8,0.125,20.0,99.3,1113.4409,0.0,0,0.0,0.0
1494.0,A,RUNNING,1491.34,7,10,1,8,0.125,20.0,99.3,1112.4409,0.0,0,0.0,0.0
1495.0,A,RUNNING,1492.34,7,10,1,8,0.125,20.0,99.3,1111.4409,0.0,0,0.0,0.0
1496.0,A,RUNNING,1493.34,7,10,1,8,0.125,20.0,99.3,1110.4409,0.0,0,0.0,0.0
1497.0,A,RUNNING,1494.34,7,10,1,8,0.125,20.0,99.3,1109.4409,0.0,0,0.0,0.0
1498.0,A,RUNNING,1495.34,7,10,1,8,0.125,20.0,99.3,1108.4409,0.0,0,0.0,0.0
1499.0,A,RUNNING,1496.34,7,10,1,8,0.125,20.0,99.3,1107.4409,0.0,0,0.0,0.0
1500.0,A,RUNNING,1497.34,7,10,1,8,0.125,20.0,99.3,1106.4409,0.0,0,0.0,0.0
1501.0,A,RUNNING,1498.34,7,10,1,8,0.125,20.0,99.3,1105.4409,0.0,0,0.0,0.0
1502.0,A,RUNNING,1499.34,7,10,1,8,0.125,20.0,99.3,1104.4409,0.0,0,0.0,0.0
1503.0,A,RUNNING,1500.34,7,10,1,8,0.125,20.0,99.3,1103.4409,0.0,0,0.0,0.0
1504.0,A,RUNNING,1501.34,7,10,1,8,0.125,20.0,99.3,1102.4409,0.0,0,0.0,0.0
1505.0,A,RUNNING,1502.34,7,10,1,8,0.125,20.0,99.3,1101.4409,0.0,0,0.0,0.0
1506.0,A,RUNNING,1503.34,7,10,1,8,0.125,20.0,99.3,1100.4409,0.0,0,0.0,0.0
1507.0,A,RUNNING,1504.34,7,10,1,8,0.125,20.0,99.3,1099.4409,0.0,0,0.0,0.0
1508.0,A,RUNNING,1505.34,7,10,1,8,0.125,20.0,99.3,1098.4409,0.0,0,0.0,0.0
1509.0,A,RUNNING,1506.34,7,10,1,8,0.125,20.0,99.3,1097.4409,0.0,0,0.0,0.0
1510.0,A,RUNNING,1507.34,7,10,1,8,0.125,20.0,99.3,1096.4409,0.0,0,0.0,0.0
1511.0,A,RUNNING,1508.34,7,10,1,8,0.125,20.0,99.3,1095.4409,0.0,0,0.0,0.0
1512.0,A,RUNNING,1509.34,7,10,1,8,0.125,20.0,99.3,1094.4409,0.0,0,0.0,0.0
1513.0,A,RUNNING,1510.34,7,10,1,8,0.125,20.0,99.3,1093.4409,0.0,0,0.0,0.0
1514.0,A,RUNNING,1511.34,7,10,1,8,0.125,20.0,99.3,1092.4409,0.0,0,0.0,0.0
1515.0,A,RUNNING,1512.34,7,10,1,8,0.125,20.0,99.3,1091.4409,0.0,0,0.0,0.0
1516.0,A,RUNNING,1513.34,7,10,1,8,0.125,20.0,99.3,1090.4409,0.0,0,0.0,0.0
1517.0,A,RUNNING,1514.34,7,10,1,8,0.125,20.0,99.3,1089.4409,0.0,0,0.0,0.0
1518.0,A,RUNNING,1515.34,7,10,1,8,0.125,20.0,99.3,1088.4409,0.0,0,0.0,0.0
1519.0,A,RUNNING,1516.34,7,10,1,8,0.125,20.0,99.3,1087.4409,0.0,0,0.0,0.0
1520.0,A,RUNNING,1517.34,7,10,1,8,0.125,20.0,99.3,1086.4409,0.0,0,0.0,0.0
1521.0,A,RUNNING,1518.34,7,10,1,8,0.125,20.0,99.3,1085.4409,0.0,0,0.0,0.0
1522.0,A,RUNNING,1519.34,7,10,1,8,0.125,20.0,99.3,1084.4409,0.0,0,0.0,0.0
1523.0,A,RUNNING,1520.34,7,10,1,8,0.125,20.0,99.3,1083.4409,0.0,0,0.0,0.0
1524.0,A,RUNNING,1521.34,7,10,1,8,0.125,20.0,99.3,1082.4409,0.0,0,0.0,0.0
1525.0,A,RUNNING,1522.34,7,10,1,8,0.125,20.0,99.3,1081.4409,0.0,0,0.0,0.0
1526.0,A,RUNNING,1523.34,7,10,1,8,0.125,20.0,99.3,1080.4409,0.0,0,0.0,0.0
1527.0,A,RUNNING,1524.34,8,10,2,8,0.25,20.0,99.2,1125.7729,0.0,0,0.0,0.0
1528.0,A,RUNNING,1525.34,8,10,2,8,0.25,20.0,99.2,1124.7729,0.0,0,0.0,0.0
1529.0,A,RUNNING,1526.34,8,10,2,8,0.25,20.0,99.2,1123.7729,0.0,0,0.0,0.0
1530.0,A,RUNNING,1527.34,8,10,2,8,0.25,20.0,99.2,1122.7729,0.0,0,0.0,0.0
1531.0,A,RUNNING,1528.34,8,10,2,8,0.25,20.0,99.2,1121.7729,0.0,0,0.0,0.0
1532.0,A,RUNNING,1529.34,8,10,2,8,0.25,20.0,99.2,1120.7729,0.0,0,0.0,0.0
1533.0,A,RUNNING,1530.34,8,10,2,8,0.25,20.0,99.2,1119.7729,0.0,0,0.0,0.0
1534.0,A,RUNNING,1531.34,8,10,2,8,0.25,20.0,99.2,1118.7729,0.0,0,0.0,0.0
1535.0,A,RUNNING,1532.34,8,10,2,8,0.25,20.0,99.2,1117.7729,0.0,0,0.0,0.0
1536.0,A,RUNNING,1533.34,8,10,2,8,0.25,20.0,99.2,1116.7729,0.0,0,0.0,0.0
1537.0,A,RUNNING,1534.34,8,10,2,8,0.25,20.0,99.2,1115.7729,0.0,0,0.0,0.0
1538.0,A,RUNNING,1535.34,8,10,2,8,0.25,20.0,99.2,1114.7729,0.0,0,0.0,0.0
1539.0,A,RUNNING,1536.34,8,10,2,8,0.25,20.0,99.2,1113.7729,0.0,0,0.0,0.0
1540.0,A,RUNNING,1537.34,8,10,2,8,0.25,20.0,99.2,1112.7729,0.0,0,0.0,0.0
1541.0,A,RUNNING,1538.34,8,10,2,8,0.25,20.0,99.2,1111.7729,0.0,0,0.0,0.0
1542.0,A,RUNNING,1539.34,8,10,2,8,0.25,20.0,99.2,1110.7729,0.0,0,0.0,0.0
1543.0,A,RUNNING,1540.34,8,10,2,8,0.25,20.0,99.2,1109.7729,0.0,0,0.0,0.0
1544.0,A,RUNNING,1541.34,8,10,2,8,0.25,20.0,99.2,1108.7729,0.0,0,0.0,0.0
1545.0,A,RUNNING,1542.34,8,10,2,8,0.25,20.0,99.2,1107.7729,0.0,0,0.0,0.0
1546.0,A,RUNNING,1543.34,8,10,2,8,0.25,20.0,99.2,1106.7729,0.0,0,0.0,0.0
1547.0,A,RUNNING,1544.34,8,10,2,8,0.25,20.0,99.2,1105.7729,0.0,0,0.0,0.0
1548.0,A,RUNNING,1545.34,8,10,2,8,0.25,20.0,99.2,1104.7729,0.0,0,0.0,0.0
1549.0,A,RUNNING,1546.34,8,10,2,8,0.25,20.0,99.2,1103.7729,0.0,0,0.0,0.0
1550.0,A,RUNNING,1547.34,8,10,2,8,0.25,20.0,99.2,1102.7729,0.0,0,0.0,0.0
1551.0,A,RUNNING,1548.34,8,10,2,8,0.25,20.0,99.2,1101.7729,0.0,0,0.0,0.0
1552.0,A,RUNNING,1549.34,8,10,2,8,0.25,20.0,99.2,1100.7729,0.0,0,0.0,0.0
1553.0,A,RUNNING,1550.34,8,10,2,8,0.25,20.0,99.2,1099.7729,0.0,0,0.0,0.0
1554.0,A,RUNNING,1551.34,8,10,2,8,0.25,20.0,99.2,1098.7729,0.0,0,0.0,0.0
1555.0,A,RUNNING,1552.34,8,10,2,8,0.25,20.0,99.2,1097.7729,0.0,0,0.0,0.0
1556.0,A,RUNNING,1553.34,8,10,2,8,0.25,20.0,99.2,1096.7729,0.0,0,0.0,0.0
1557.0,A,RUNNING,1554.34,8,10,2,8,0.25,20.0,99.2,1095.7729,0.0,0,0.0,0.0
1558.0,A,RUNNING,1555.34,8,10,2,8,0.25,20.0,99.2,1094.7729,0.0,0,0.0,0.0
1559.0,A,RUNNING,1556.34,8,10,2,8,0.25,20.0,99.2,1093.7729,0.0,0,0.0,0.0
1560.0,A,RUNNING,1557.34,8,10,2,8,0.25,20.0,99.2,1092.7729,0.0,0,0.0,0.0
1561.0,A,RUNNING,1558.34,8,10,2,8,0.25,20.0,99.2,1091.7729,0.0,0,0.0,0.0
1562.0,A,RUNNING,1559.34,8,10,2,8,0.25,20.0,99.2,1090.7729,0.0,0,0.0,0.0
1563.0,A,RUNNING,1560.34,8,10,2,8,0.25,20.0,99.2,1089.7729,0.0,0,0.0,0.0
1564.0,A,RUNNING,1561.34,8,10,2,8,0.25,20.0,99.2,1088.7729,0.0,0,0.0,0.0
1565.0,A,RUNNING,1562.34,8,10,2,8,0.25,20.0,99.2,1087.7729,0.0,0,0.0,0.0
1566.0,A,RUNNING,1563.34,8,10,2,8,0.25,20.0,99.2,1086.7729,0.0,0,0.0,0.0
1567.0,A,RUNNING,1564.34,8,10,2,8,0.25,20.0,99.2,1085.7729,0.0,0,0.0,0.0
1568.0,A,RUNNING,1565.34,8,10,2,8,0.25,20.0,99.2,1084.7729,0.0,0,0.0,0.0
1569.0,A,RUNNING,1566.34,8,10,2,8,0.25,20.0,99.2,1083.7729,0.0,0,0.0,0.0
1570.0,A,RUNNING,1567.34,8,10,2,8,0.25,20.0,99.2,1082.7729,0.0,0,0.0,0.0
1571.0,A,RUNNING,1568.34,8,10,2,8,0.25,20.0,99.2,1081.7729,0.0,0,0.0,0.0
1572.0,A,RUNNING,1569.34,8,10,2,8,0.25,20.0,99.2,1080.7729,0.0,0,0.0,0.0
1573.0,A,RUNNING,1570.34,8,10,2,8,0.25,20.0,99.2,1079.7729,0.0,0,0.0,0.0
1574.0,A,RUNNING,1571.34,8,10,2,8,0.25,20.0,99.2,1078.7729,0.0,0,0.0,0.0
1575.0,A,RUNNING,1572.34,8,10,2,8,0.25,20.0,99.2,1077.7729,0.0,0,0.0,0.0
1576.0,A,RUNNING,1573.34,8,10,2,8,0.25,20.0,99.2,1076.7729,0.0,0,0.0,0.0
1577.0,A,RUNNING,1574.34,8,10,2,8,0.25,20.0,99.2,1075.7729,0.0,0,0.0,0.0
1578.0,A,RUNNING,1575.34,8,10,2,8,0.25,20.0,99.2,1074.7729,0.0,0,0.0,0.0
1579.0,A,RUNNING,1576.34,8,10,2,8,0.25,20.0,99.2,1073.7729,0.0,0,0.0,0.0
1580.0,A,RUNNING,1577.34,8,10,2,8,0.25,20.0,99.2,1072.7729,0.0,0,0.0,0.0
1581.0,A,RUNNING,1578.34,8,10,2,8,0.25,20.0,99.2,1071.7729,0.0,0,0.0,0.0
1582.0,A,RUNNING,1579.34,8,10,2,8,0.25,20.0,99.2,1070.7729,0.0,0,0.0,0.0
1583.0,A,RUNNING,1580.34,8,10,2,8,0.25,20.0,99.2,1069.7729,0.0,0,0.0,0.0
1584.0,A,RUNNING,1581.34,8,10,2,8,0.25,20.0,99.2,1068.7729,0.0,0,0.0,0.0
1585.0,A,RUNNING,1582.34,8,10,2,8,0.25,20.0,99.2,1067.7729,0.0,0,0.0,0.0
1586.0,A,RUNNING,1583.34,8,10,2,8,0.25,20.0,99.2,1066.7729,0.0,0,0.0,0.0
1587.0,A,RUNNING,1584.34,8,10,2,8,0.25,20.0,99.2,1065.7729,0.0,0,0.0,0.0
1588.0,A,RUNNING,1585.34,8,10,2,8,0.25,20.0,99.2,1064.7729,0.0,0,0.0,0.0
1589.0,A,RUNNING,1586.34,8,10,2,8,0.25,20.0,99.2,1063.7729,0.0,0,0.0,0.0
1590.0,A,RUNNING,1587.34,8,10,2,8,0.25,20.0,99.2,1062.7729,0.0,0,0.0,0.0
1591.0,A,RUNNING,1588.34,8,10,2,8,0.25,20.0,99.2,1061.7729,0.0,0,0.0,0.0
1592.0,A,RUNNING,1589.34,8,10,2,8,0.25,20.0,99.2,1060.7729,0.0,0,0.0,0.0
1593.0,A,RUNNING,1590.34,8,10,2,8,0.25,20.0,99.2,1059.7729,0.0,0,0.0,0.0
1594.0,A,RUNNING,1591.34,8,10,2,8,0.25,20.0,99.2,1058.7729,0.0,0,0.0,0.0
1595.0,A,RUNNING,1592.34,8,10,2,8,0.25,20.0,99.2,1057.7729,0.0,0,0.0,0.0
1596.0,A,RUNNING,1593.34,8,10,2,8,0.25,20.0,99.2,1056.7729,0.0,0,0.0,0.0
1597.0,A,RUNNING,1594.34,8,10,2,8,0.25,20.0,99.2,1055.7729,0.0,0,0.0,0.0
1598.0,A,RUNNING,1595.34,8,10,2,8,0.25,20.0,99.2,1054.7729,0.0,0,0.0,0.0
1599.0,A,RUNNING,1596.34,8,10,2,8,0.25,20.0,99.2,1053.7729,0.0,0,0.0,0.0
1600.0,A,RUNNING,1597.34,8,10,2,8,0.25,20.0,99.2,1052.7729,0.0,0,0.0,0.0
1601.0,A,RUNNING,1598.34,8,10,2,8,0.25,20.0,99.2,1051.7729,0.0,0,0.0,0.0
1602.0,A,RUNNING,1599.34,8,10,2,8,0.25,20.0,99.2,1050.7729,0.0,0,0.0,0.0
1603.0,A,RUNNING,1600.34,8,10,2,8,0.25,20.0,99.2,1049.7729,0.0,0,0.0,0.0
1604.0,A,RUNNING,1601.34,8,10,2,8,0.25,20.0,99.2,1048.7729,0.0,0,0.0,0.0
1605.0,A,RUNNING,1602.34,8,10,2,8,0.25,20.0,99.2,1047.7729,0.0,0,0.0,0.0
1606.0,A,RUNNING,1603.34,8,10,2,8,0.25,20.0,99.2,1046.7729,0.0,0,0.0,0.0
1607.0,A,RUNNING,1604.34,8,10,2,8,0.25,20.0,99.2,1045.7729,0.0,0,0.0,0.0
1608.0,A,RUNNING,1605.34,8,10,2,8,0.25,20.0,99.2,1044.7729,0.0,0,0.0,0.0
1609.0,A,RUNNING,1606.34,8,10,2,8,0.25,20.0,99.2,1043.7729,0.0,0,0.0,0.0
1610.0,A,RUNNING,1607.34,8,10,2,8,0.25,20.0,99.2,1042.7729,0.0,0,0.0,0.0
1611.0,A,RUNNING,1608.34,8,10,2,8,0.25,20.0,99.2,1041.7729,0.0,0,0.0,0.0
1612.0,A,RUNNING,1609.34,8,10,2,8,0.25,20.0,99.2,1040.7729,0.0,0,0.0,0.0
1613.0,A,RUNNING,1610.34,8,10,2,8,0.25,20.0,99.2,1039.7729,0.0,0,0.0,0.0
1614.0,A,RUNNING,1611.34,8,10,2,8,0.25,20.0,99.2,1038.7729,0.0,0,0.0,0.0
1615.0,A,RUNNING,1612.34,8,10,2,8,0.25,20.0,99.2,1037.7729,0.0,0,0.0,0.0
1616.0,A,RUNNING,1613.34,8,10,2,8,0.25,20.0,99.2,1036.7729,0.0,0,0.0,0.0
1617.0,A,RUNNING,1614.34,8,10,2,8,0.25,20.0,99.2,1035.7729,0.0,0,0.0,0.0
1618.0,A,RUNNING,1615.34,8,10,2,8,0.25,20.0,99.2,1034.7729,0.0,0,0.0,0.0
1619.0,A,RUNNING,1616.34,8,10,2,8,0.25,20.0,99.2,1033.7729,0.0,0,0.0,0.0
1620.0,A,RUNNING,1617.34,8,10,2,8,0.25,20.0,99.2,1032.7729,0.0,0,0.0,0.0
1621.0,A,RUNNING,1618.34,8,10,2,8,0.25,20.0,99.2,1031.7729,0.0,0,0.0,0.0
1622.0,A,RUNNING,1619.34,8,10,2,8,0.25,20.0,99.2,1030.7729,0.0,0,0.0,0.0
1623.0,A,RUNNING,1620.34,8,10,2,8,0.25,20.0,99.2,1029.7729,0.0,0,0.0,0.0
1624.0,A,RUNNING,1621.34,8,10,2,8,0.25,20.0,99.2,1028.7729,0.0,0,0.0,0.0
1625.0,A,RUNNING,1622.34,8,10,2,8,0.25,20.0,99.2,1027.7729,0.0,0,0.0,0.0
1626.0,A,RUNNING,1623.34,8,10,2,8,0.25,20.0,99.2,1026.7729,0.0,0,0.0,0.0
1627.0,A,RUNNING,1624.34,8,10,2,8,0.25,20.0,99.2,1025.7729,0.0,0,0.0,0.0
1628.0,A,RUNNING,1625.34,8,10,2,8,0.25,20.0,99.2,1024.7729,0.0,0,0.0,0.0
1629.0,A,RUNNING,1626.34,8,10,2,8,0.25,20.0,99.2,1023.7729,0.0,0,0.0,0.0
1630.0,A,RUNNING,1627.34,8,10,2,8,0.25,20.0,99.2,1022.7729,0.0,0,0.0,0.0
1631.0,A,RUNNING,1628.34,8,10,2,8,0.25,20.0,99.2,1021.7729,0.0,0,0.0,0.0
1632.0,A,RUNNING,1629.34,8,10,2,8,0.25,20.0,99.2,1020.7729,0.0,0,0.0,0.0
1633.0,A,RUNNING,1630.34,8,10,2,8,0.25,20.0,99.2,1019.7729,0.0,0,0.0,0.0
1634.0,A,RUNNING,1631.34,8,10,2,8,0.25,20.0,99.2,1018.7729,0.0,0,0.0,0.0
1635.0,A,RUNNING,1632.34,8,10,2,8,0.25,20.0,99.2,1017.7729,0.0,0,0.0,0.0
1636.0,A,RUNNING,1633.34,8,10,2,8,0.25,20.0,99.2,1016.7729,0.0,0,0.0,0.0
1637.0,A,RUNNING,1634.34,8,10,2,8,0.25,20.0,99.2,1015.7729,0.0,0,0.0,0.0
1638.0,A,RUNNING,1635.34,8,10,2,8,0.25,20.0,99.2,1014.7729,0.0,0,0.0,0.0
1639.0,A,RUNNING,1636.34,8,10,2,8,0.25,20.0,99.2,1013.7729,0.0,0,0.0,0.0
1640.0,A,RUNNING,1637.34,8,10,2,8,0.25,20.0,99.2,1012.7729,0.0,0,0.0,0.0
1641.0,A,RUNNING,1638.34,8,10,2,8,0.25,20.0,99.2,1011.7729,0.0,0,0.0,0.0
1642.0,A,RUNNING,1639.34,8,10,2,8,0.25,20.0,99.2,1010.7729,0.0,0,0.0,0.0
1643.0,A,RUNNING,1640.34,8,10,2,8,0.25,20.0,99.2,1009.7729,0.0,0,0.0,0.0
1644.0,A,RUNNING,1641.34,8,10,2,8,0.25,20.0,99.2,1008.7729,0.0,0,0.0,0.0
1645.0,A,RUNNING,1642.34,8,10,2,8,0.25,20.0,99.2,1007.7729,0.0,0,0.0,0.0
1646.0,A,RUNNING,1643.34,8,10,2,8,0.25,20.0,99.2,1006.7729,0.0,0,0.0,0.0
1647.0,A,RUNNING,1644.34,8,10,2,8,0.25,20.0,99.2,1005.7729,0.0,0,0.0,0.0
1648.0,A,RUNNING,1645.34,8,10,2,8,0.25,20.0,99.2,1004.7729,0.0,0,0.0,0.0
1649.0,A,RUNNING,1646.34,8,10,2,8,0.25,20.0,99.2,1003.7729,0.0,0,0.0,0.0
1650.0,A,RUNNING,1647.34,8,10,2,8,0.25,20.0,99.2,1002.7729,0.0,0,0.0,0.0
1651.0,A,RUNNING,1648.34,8,10,2,8,0.25,20.0,99.2,1001.7729,0.0,0,0.0,0.0
1652.0,A,RUNNING,1649.34,8,10,2,8,0.25,20.0,99.2,1000.7729,0.0,0,0.0,0.0
1653.0,A,RUNNING,1650.34,8,10,2,8,0.25,20.0,99.2,999.7729,0.0,0,0.0,0.0
1654.0,A,RUNNING,1651.34,8,10,2,8,0.25,20.0,99.2,998.7729,0.0,0,0.0,0.0
1655.0,A,RUNNING,1652.34,8,10,2,8,0.25,20.0,99.2,997.7729,0.0,0,0.0,0.0
1656.0,A,RUNNING,1653.34,8,10,2,8,0.25,20.0,99.2,996.7729,0.0,0,0.0,0.0
1657.0,A,RUNNING,1654.34,8,10,2,8,0.25,20.0,99.2,995.7729,0.0,0,0.0,0.0
1658.0,A,RUNNING,1655.34,8,10,2,8,0.25,20.0,99.2,994.7729,0.0,0,0.0,0.0
1659.0,A,RUNNING,1656.34,8,10,2,8,0.25,20.0,99.2,993.7729,0.0,0,0.0,0.0
1660.0,A,RUNNING,1657.34,8,10,2,8,0.25,20.0,99.2,992.7729,0.0,0,0.0,0.0
1661.0,A,RUNNING,1658.34,8,10,2,8,0.25,20.0,99.2,991.7729,0.0,0,0.0,0.0
1662.0,A,RUNNING,1659.34,8,10,2,8,0.25,20.0,99.2,990.7729,0.0,0,0.0,0.0
1663.0,A,RUNNING,1660.34,8,10,2,8,0.25,20.0,99.2,989.7729,0.0,0,0.0,0.0
1664.0,A,RUNNING,1661.34,8,10,2,8,0.25,20.0,99.2,988.7729,0.0,0,0.0,0.0
1665.0,A,RUNNING,1662.34,8,10,2,8,0.25,20.0,99.2,987.7729,0.0,0,0.0,0.0
1666.0,A,RUNNING,1663.34,8,10,2,8,0.25,20.0,99.2,986.7729,0.0,0,0.0,0.0
1667.0,A,RUNNING,1664.34,8,10,2,8,0.25,20.0,99.2,985.7729,0.0,0,0.0,0.0
1668.0,A,RUNNING,1665.34,8,10,2,8,0.25,20.0,99.2,984.7729,0.0,0,0.0,0.0
1669.0,A,RUNNING,1666.34,8,10,2,8,0.25,20.0,99.2,983.7729,0.0,0,0.0,0.0
1670.0,A,RUNNING,1667.34,8,10,2,8,0.25,20.0,99.2,982.7729,0.0,0,0.0,0.0
1671.0,A,RUNNING,1668.34,8,10,2,8,0.25,20.0,99.2,981.7729,0.0,0,0.0,0.0
1672.0,A,RUNNING,1669.34,8,10,2,8,0.25,20.0,99.2,980.7729,0.0,0,0.0,0.0
1673.0,A,RUNNING,1670.34,8,10,2,8,0.25,20.0,99.2,979.7729,0.0,0,0.0,0.0
1674.0,A,RUNNING,1671.34,8,10,2,8,0.25,20.0,99.2,978.7729,0.0,0,0.0,0.0
1675.0,A,RUNNING,1672.34,8,10,2,8,0.25,20.0,99.2,977.7729,0.0,0,0.0,0.0
1676.0,A,RUNNING,1673.34,8,10,2,8,0.25,20.0,99.2,976.7729,0.0,0,0.0,0.0
1677.0,A,RUNNING,1674.34,8,10,2,8,0.25,20.0,99.2,975.7729,0.0,0,0.0,0.0
1678.0,A,RUNNING,1675.34,8,10,2,8,0.25,20.0,99.2,974.7729,0.0,0,0.0,0.0
1679.0,A,RUNNING,1676.34,8,10,2,8,0.25,20.0,99.2,973.7729,0.0,0,0.0,0.0
1680.0,A,RUNNING,1677.34,8,10,2,8,0.25,20.0,99.2,972.7729,0.0,0,0.0,0.0
1681.0,A,RUNNING,1678.34,8,10,2,8,0.25,20.0,99.2,971.7729,0.0,0,0.0,0.0
1682.0,A,RUNNING,1679.34,8,10,2,8,0.25,20.0,99.2,970.7729,0.0,0,0.0,0.0
1683.0,A,RUNNING,1680.34,8,10,2,8,0.25,20.0,99.2,969.7729,0.0,0,0.0,0.0
1684.0,A,RUNNING,1681.34,8,10,2,8,0.25,20.0,99.2,968.7729,0.0,0,0.0,0.0
1685.0,A,RUNNING,1682.34,8,10,2,8,0.25,20.0,99.2,967.7729,0.0,0,0.0,0.0
1686.0,A,RUNNING,1683.34,8,10,2,8,0.25,20.0,99.2,966.7729,0.0,0,0.0,0.0
1687.0,A,RUNNING,1684.34,8,10,2,8,0.25,20.0,99.2,965.7729,0.0,0,0.0,0.0
1688.0,A,RUNNING,1685.34,8,10,2,8,0.25,20.0,99.2,964.7729,0.0,0,0.0,0.0
1689.0,A,RUNNING,1686.34,8,10,2,8,0.25,20.0,99.2,963.7729,0.0,0,0.0,0.0
1690.0,A,RUNNING,1687.34,8,10,2,8,0.25,20.0,99.2,962.7729,0.0,0,0.0,0.0
1691.0,A,RUNNING,1688.34,8,10,2,8,0.25,20.0,99.2,961.7729,0.0,0,0.0,0.0
1692.0,A,RUNNING,1689.34,8,10,2,8,0.25,20.0,99.2,960.7729,0.0,0,0.0,0.0
1693.0,A,RUNNING,1690.34,8,10,2,8,0.25,20.0,99.2,959.7729,0.0,0,0.0,0.0
1694.0,A,RUNNING,1691.34,8,10,2,8,0.25,20.0,99.2,958.7729,0.0,0,0.0,0.0
1695.0,A,RUNNING,1692.34,8,10,2,8,0.25,20.0,99.2,957.7729,0.0,0,0.0,0.0
1696.0,A,RUNNING,1693.34,8,10,2,8,0.25,20.0,99.2,956.7729,0.0,0,0.0,0.0
1697.0,A,RUNNING,1694.34,8,10,2,8,0.25,20.0,99.2,955.7729,0.0,0,0.0,0.0
1698.0,A,RUNNING,1695.34,8,10,2,8,0.25,20.0,99.2,954.7729,0.0,0,0.0,0.0
1699.0,A,RUNNING,1696.34,8,10,2,8,0.25,20.0,99.2,953.7729,0.0,0,0.0,0.0
1700.0,A,RUNNING,1697.34,8,10,2,8,0.25,20.0,99.2,952.7729,0.0,0,0.0,0.0
1701.0,A,RUNNING,1698.34,8,10,2,8,0.25,20.0,99.2,951.7729,0.0,0,0.0,0.0
1702.0,A,RUNNING,1699.34,8,10,2,8,0.25,20.0,99.2,950.7729,0.0,0,0.0,0.0
1703.0,A,RUNNING,1700.34,8,10,2,8,0.25,20.0,99.2,949.7729,0.0,0,0.0,0.0
1704.0,A,RUNNING,1701.34,8,10,2,8,0.25,20.0,99.2,948.7729,0.0,0,0.0,0.0
1705.0,A,RUNNING,1702.34,8,10,2,8,0.25,20.0,99.2,947.7729,0.0,0,0.0,0.0
1706.0,A,RUNNING,1703.34,8,10,2,8,0.25,20.0,99.2,946.7729,0.0,0,0.0,0.0
1707.0,A,RUNNING,1704.34,8,10,2,8,0.25,20.0,99.2,945.7729,0.0,0,0.0,0.0
1708.0,A,RUNNING,1705.34,8,10,2,8,0.25,20.0,99.2,944.7729,0.0,0,0.0,0.0
1709.0,A,RUNNING,1706.34,8,10,2,8,0.25,20.0,99.2,943.7729,0.0,0,0.0,0.0
1710.0,A,RUNNING,1707.34,8,10,2,8,0.25,20.0,99.2,942.7729,0.0,0,0.0,0.0
1711.0,A,RUNNING,1708.34,8,10,2,8,0.25,20.0,99.2,941.7729,0.0,0,0.0,0.0
1712.0,A,RUNNING,1709.34,8,10,2,8,0.25,20.0,99.2,940.7729,0.0,0,0.0,0.0
1713.0,A,RUNNING,1710.34,8,10,2,8,0.25,20.0,99.2,939.7729,0.0,0,0.0,0.0
1714.0,A,RUNNING,1711.34,8,10,2,8,0.25,20.0,99.2,938.7729,0.0,0,0.0,0.0
1715.0,A,RUNNING,1712.34,8,10,2,8,0.25,20.0,99.2,937.7729,0.0,0,0.0,0.0
1716.0,A,RUNNING,1713.34,8,10,2,8,0.25,20.0,99.2,936.7729,0.0,0,0.0,0.0
1717.0,A,RUNNING,1714.34,8,10,2,8,0.25,20.0,99.2,935.7729,0.0,0,0.0,0.0
1718.0,A,RUNNING,1715.34,8,10,2,8,0.25,20.0,99.2,934.7729,0.0,0,0.0,0.0
1719.0,A,RUNNING,1716.34,8,10,2,8,0.25,20.0,99.2,933.7729,0.0,0,0.0,0.0
1720.0,A,RUNNING,1717.34,8,10,2,8,0.25,20.0,99.2,932.7729,0.0,0,0.0,0.0
1721.0,A,RUNNING,1718.34,8,10,2,8,0.25,20.0,99.2,931.7729,0.0,0,0.0,0.0
1722.0,A,RUNNING,1719.34,8,10,2,8,0.25,20.0,99.2,930.7729,0.0,0,0.0,0.0
1723.0,A,RUNNING,1720.34,8,10,2,8,0.25,20.0,99.2,929.7729,0.0,0,0.0,0.0
1724.0,A,RUNNING,1721.34,8,10,2,8,0.25,20.0,99.2,928.7729,0.0,0,0.0,0.0
1725.0,A,RUNNING,1722.34,8,10,2,8,0.25,20.0,99.2,927.7729,0.0,0,0.0,0.0
1726.0,A,RUNNING,1723.34,8,10,2,8,0.25,20.0,99.2,926.7729,0.0,0,0.0,0.0
1727.0,A,RUNNING,1724.34,8,10,2,8,0.25,20.0,99.2,925.7729,0.0,0,0.0,0.0
1728.0,A,RUNNING,1725.34,8,10,2,8,0.25,20.0,99.2,924.7729,0.0,0,0.0,0.0
1729.0,A,RUNNING,1726.34,8,10,2,8,0.25,20.0,99.2,923.7729,0.0,0,0.0,0.0
1730.0,A,RUNNING,1727.34,8,10,2,8,0.25,20.0,99.2,922.7729,0.0,0,0.0,0.0
1731.0,A,RUNNING,1728.34,8,10,2,8,0.25,20.0,99.2,921.7729,0.0,0,0.0,0.0
1732.0,A,RUNNING,1729.34,8,10,2,8,0.25,20.0,99.2,920.7729,0.0,0,0.0,0.0
1733.0,A,RUNNING,1730.34,8,10,2,8,0.25,20.0,99.2,919.7729,0.0,0,0.0,0.0
1734.0,A,RUNNING,1731.34,8,10,2,8,0.25,20.0,99.2,918.7729,0.0,0,0.0,0.0
1735.0,A,RUNNING,1732.34,8,10,2,8,0.25,20.0,99.2,917.7729,0.0,0,0.0,0.0
1736.0,A,RUNNING,1733.34,8,10,2,8,0.25,20.0,99.2,916.7729,0.0,0,0.0,0.0
1737.0,A,RUNNING,1734.34,8,10,2,8,0.25,20.0,99.2,915.7729,0.0,0,0.0,0.0
