sim_time_s,section_id,status,factory_time_s,produced_total,picked_total,buffer_units,buffer_capacity,buffer_fill,rate_actual_per_hour,health_percent,time_to_full_s,fault_remaining_s,faults_total,lost_units,blocked_time_s
2.89,B,RUNNING,0.0,0,0,5,10,0.5,30.0,100.0,575.8548,0.0,0,0.0,0.0
3.21,B,RUNNING,0.32,0,0,5,10,0.5,30.0,100.0,575.5348,0.0,0,0.0,0.0
4.0,B,RUNNING,1.112,0,0,5,10,0.5,30.0,100.0,574.7428,0.0,0,0.0,0.0
5.0,B,RUNNING,2.112,0,0,5,10,0.5,30.0,100.0,573.7428,0.0,0,0.0,0.0
6.0,B,RUNNING,3.112,0,0,5,10,0.5,30.0,100.0,572.7428,0.0,0,0.0,0.0
7.0,B,RUNNING,4.112,0,0,5,10,0.5,30.0,100.0,571.7428,0.0,0,0.0,0.0
8.0,B,RUNNING,5.112,0,0,5,10,0.5,30.0,100.0,570.7428,0.0,0,0.0,0.0
9.0,B,RUNNING,6.112,0,0,5,10,0.5,30.0,100.0,569.7428,0.0,0,0.0,0.0
10.0,B,RUNNING,7.112,0,0,5,10,0.5,30.0,100.0,568.7428,0.0,0,0.0,0.0
11.0,B,RUNNING,8.112,0,0,5,10,0.5,30.0,100.0,567.7428,0.0,0,0.0,0.0
12.0,B,RUNNING,9.112,0,0,5,10,0.5,30.0,100.0,566.7428,0.0,0,0.0,0.0
13.0,B,RUNNING,10.112,0,0,5,10,0.5,30.0,100.0,565.7428,0.0,0,0.0,0.0
14.0,B,RUNNING,11.112,0,0,5,10,0.5,30.0,100.0,564.7428,0.0,0,0.0,0.0
15.0,B,RUNNING,12.112,0,0,5,10,0.5,30.0,100.0,563.7428,0.0,0,0.0,0.0
16.0,B,RUNNING,13.112,0,0,5,10,0.5,30.0,100.0,562.7428,0.0,0,0.0,0.0
17.0,B,RUNNING,14.112,0,0,5,10,0.5,30.0,100.0,561.7428,0.0,0,0.0,0.0
18.0,B,RUNNING,15.112,0,0,5,10,0.5,30.0,100.0,560.7428,0.0,0,0.0,0.0
19.0,B,RUNNING,16.112,0,0,5,10,0.5,30.0,100.0,559.7428,0.0,0,0.0,0.0
20.0,B,RUNNING,17.112,0,0,5,10,0.5,30.0,100.0,558.7428,0.0,0,0.0,0.0
21.0,B,RUNNING,18.112,0,0,5,10,0.5,30.0,100.0,557.7428,0.0,0,0.0,0.0
22.0,B,RUNNING,19.112,0,0,5,10,0.5,30.0,100.0,556.7428,0.0,0,0.0,0.0
23.0,B,RUNNING,20.112,0,0,5,10,0.5,30.0,100.0,555.7428,0.0,0,0.0,0.0
24.0,B,RUNNING,21.112,0,0,5,10,0.5,30.0,100.0,554.7428,0.0,0,0.0,0.0
25.0,B,RUNNING,22.112,0,0,5,10,0.5,30.0,100.0,553.7428,0.0,0,0.0,0.0
26.0,B,RUNNING,23.112,0,0,5,10,0.5,30.0,100.0,552.7428,0.0,0,0.0,0.0
27.0,B,RUNNING,24.112,0,0,5,10,0.5,30.0,100.0,551.7428,0.0,0,0.0,0.0
28.0,B,RUNNING,25.112,0,0,5,10,0.5,30.0,100.0,550.7428,0.0,0,0.0,0.0
29.0,B,RUNNING,26.112,0,0,5,10,0.5,30.0,100.0,549.7428,0.0,0,0.0,0.0
30.0,B,RUNNING,27.112,0,0,5,10,0.5,30.0,100.0,548.7428,0.0,0,0.0,0.0
31.0,B,RUNNING,28.112,0,0,5,10,0.5,30.0,100.0,547.7428,0.0,0,0.0,0.0
32.0,B,RUNNING,29.112,0,0,5,10,0.5,30.0,100.0,546.7428,0.0,0,0.0,0.0
33.0,B,RUNNING,30.112,0,0,5,10,0.5,30.0,100.0,545.7428,0.0,0,0.0,0.0
34.0,B,RUNNING,31.112,0,0,5,10,0.5,30.0,100.0,544.7428,0.0,0,0.0,0.0
35.0,B,RUNNING,32.112,0,0,5,10,0.5,30.0,100.0,543.7428,0.0,0,0.0,0.0
36.0,B,RUNNING,33.112,0,0,5,10,0.5,30.0,100.0,542.7428,0.0,0,0.0,0.0
37.0,B,RUNNING,34.112,0,0,5,10,0.5,30.0,100.0,541.7428,0.0,0,0.0,0.0
38.0,B,RUNNING,35.112,0,0,5,10,0.5,30.0,100.0,540.7428,0.0,0,0.0,0.0
39.0,B,RUNNING,36.112,0,0,5,10,0.5,30.0,100.0,539.7428,0.0,0,0.0,0.0
40.0,B,RUNNING,37.112,0,0,5,10,0.5,30.0,100.0,538.7428,0.0,0,0.0,0.0
41.0,B,RUNNING,38.112,0,0,5,10,0.5,30.0,100.0,537.7428,0.0,0,0.0,0.0
42.0,B,RUNNING,39.112,0,0,5,10,0.5,30.0,100.0,536.7428,0.0,0,0.0,0.0
43.0,B,RUNNING,40.112,0,0,5,10,0.5,30.0,100.0,535.7428,0.0,0,0.0,0.0
44.0,B,RUNNING,41.112,0,0,5,10,0.5,30.0,100.0,534.7428,0.0,0,0.0,0.0
45.0,B,RUNNING,42.112,0,0,5,10,0.5,30.0,100.0,533.7428,0.0,0,0.0,0.0
46.0,B,RUNNING,43.112,0,0,5,10,0.5,30.0,100.0,532.7428,0.0,0,0.0,0.0
47.0,B,RUNNING,44.112,0,0,5,10,0.5,30.0,100.0,531.7428,0.0,0,0.0,0.0
48.0,B,RUNNING,45.112,0,0,5,10,0.5,30.0,100.0,530.7428,0.0,0,0.0,0.0
49.0,B,RUNNING,46.112,0,0,5,10,0.5,30.0,100.0,529.7428,0.0,0,0.0,0.0
50.0,B,RUNNING,47.112,0,0,5,10,0.5,30.0,100.0,528.7428,0.0,0,0.0,0.0
51.0,B,RUNNING,48.112,0,0,5,10,0.5,30.0,100.0,527.7428,0.0,0,0.0,0.0
52.0,B,RUNNING,49.112,0,0,5,10,0.5,30.0,100.0,526.7428,0.0,0,0.0,0.0
53.0,B,RUNNING,50.112,0,0,5,10,0.5,30.0,100.0,525.7428,0.0,0,0.0,0.0
54.0,B,RUNNING,51.112,0,0,5,10,0.5,30.0,100.0,524.7428,0.0,0,0.0,0.0
55.0,B,RUNNING,52.112,0,0,5,10,0.5,30.0,100.0,523.7428,0.0,0,0.0,0.0
56.0,B,RUNNING,53.112,0,0,5,10,0.5,30.0,100.0,522.7428,0.0,0,0.0,0.0
57.0,B,RUNNING,54.112,0,0,5,10,0.5,30.0,100.0,521.7428,0.0,0,0.0,0.0
58.0,B,RUNNING,55.112,0,0,5,10,0.5,30.0,100.0,520.7428,0.0,0,0.0,0.0
59.0,B,RUNNING,56.112,0,0,5,10,0.5,30.0,100.0,519.7428,0.0,0,0.0,0.0
60.0,B,RUNNING,57.112,0,0,5,10,0.5,30.0,100.0,518.7428,0.0,0,0.0,0.0
61.0,B,RUNNING,58.112,0,0,5,10,0.5,30.0,100.0,517.7428,0.0,0,0.0,0.0
62.0,B,RUNNING,59.112,0,0,5,10,0.5,30.0,100.0,516.7428,0.0,0,0.0,0.0
63.0,B,RUNNING,60.112,0,0,5,10,0.5,30.0,100.0,515.7428,0.0,0,0.0,0.0
64.0,B,RUNNING,61.112,0,0,5,10,0.5,30.0,100.0,514.7428,0.0,0,0.0,0.0
65.0,B,RUNNING,62.112,0,0,5,10,0.5,30.0,100.0,513.7428,0.0,0,0.0,0.0
66.0,B,RUNNING,63.112,0,0,5,10,0.5,30.0,100.0,512.7428,0.0,0,0.0,0.0
67.0,B,RUNNING,64.112,0,0,5,10,0.5,30.0,100.0,511.7428,0.0,0,0.0,0.0
68.0,B,RUNNING,65.112,0,0,5,10,0.5,30.0,100.0,510.7428,0.0,0,0.0,0.0
69.0,B,RUNNING,66.112,0,0,5,10,0.5,30.0,100.0,509.7428,0.0,0,0.0,0.0
70.0,B,RUNNING,67.112,0,0,5,10,0.5,30.0,100.0,508.7428,0.0,0,0.0,0.0
71.0,B,RUNNING,68.112,0,0,5,10,0.5,30.0,100.0,507.7428,0.0,0,0.0,0.0
72.0,B,RUNNING,69.112,0,0,5,10,0.5,30.0,100.0,506.7428,0.0,0,0.0,0.0
73.0,B,RUNNING,70.112,0,0,5,10,0.5,30.0,100.0,505.7428,0.0,0,0.0,0.0
74.0,B,RUNNING,71.112,0,0,5,10,0.5,30.0,100.0,504.7428,0.0,0,0.0,0.0
75.0,B,RUNNING,72.112,0,0,5,10,0.5,30.0,100.0,503.7428,0.0,0,0.0,0.0
76.0,B,RUNNING,73.112,0,5,0,10,0.0,30.0,100.0,1102.7428,0.0,0,0.0,0.0
77.0,B,RUNNING,74.112,0,5,0,10,0.0,30.0,100.0,1101.7428,0.0,0,0.0,0.0
78.0,B,RUNNING,75.112,0,5,0,10,0.0,30.0,100.0,1100.7428,0.0,0,0.0,0.0
79.0,B,RUNNING,76.112,0,5,0,10,0.0,30.0,100.0,1099.7428,0.0,0,0.0,0.0
80.0,B,RUNNING,77.112,0,5,0,10,0.0,30.0,100.0,1098.7428,0.0,0,0.0,0.0
81.0,B,RUNNING,78.112,0,5,0,10,0.0,30.0,100.0,1097.7428,0.0,0,0.0,0.0
82.0,B,RUNNING,79.112,0,5,0,10,0.0,30.0,100.0,1096.7428,0.0,0,0.0,0.0
83.0,B,RUNNING,80.112,0,5,0,10,0.0,30.0,100.0,1095.7428,0.0,0,0.0,0.0
84.0,B,RUNNING,81.112,0,5,0,10,0.0,30.0,100.0,1094.7428,0.0,0,0.0,0.0
85.0,B,RUNNING,82.112,0,5,0,10,0.0,30.0,100.0,1093.7428,0.0,0,0.0,0.0
86.0,B,RUNNING,83.112,0,5,0,10,0.0,30.0,100.0,1092.7428,0.0,0,0.0,0.0
87.0,B,RUNNING,84.112,0,5,0,10,0.0,30.0,100.0,1091.7428,0.0,0,0.0,0.0
88.0,B,RUNNING,85.112,0,5,0,10,0.0,30.0,100.0,1090.7428,0.0,0,0.0,0.0
89.0,B,RUNNING,86.112,0,5,0,10,0.0,30.0,100.0,1089.7428,0.0,0,0.0,0.0
90.0,B,RUNNING,87.112,0,5,0,10,0.0,30.0,100.0,1088.7428,0.0,0,0.0,0.0
91.0,B,RUNNING,88.112,0,5,0,10,0.0,30.0,100.0,1087.7428,0.0,0,0.0,0.0
92.0,B,RUNNING,89.112,0,5,0,10,0.0,30.0,100.0,1086.7428,0.0,0,0.0,0.0
93.0,B,RUNNING,90.112,0,5,0,10,0.0,30.0,100.0,1085.7428,0.0,0,0.0,0.0
94.0,B,RUNNING,91.112,0,5,0,10,0.0,30.0,100.0,1084.7428,0.0,0,0.0,0.0
95.0,B,RUNNING,92.112,0,5,0,10,0.0,30.0,100.0,1083.7428,0.0,0,0.0,0.0
96.0,B,RUNNING,93.112,0,5,0,10,0.0,30.0,100.0,1082.7428,0.0,0,0.0,0.0
97.0,B,RUNNING,94.112,0,5,0,10,0.0,30.0,100.0,1081.7428,0.0,0,0.0,0.0
98.0,B,RUNNING,95.112,0,5,0,10,0.0,30.0,100.0,1080.7428,0.0,0,0.0,0.0
99.0,B,RUNNING,96.112,1,5,1,10,0.1,30.0,99.9,1074.9875,0.0,0,0.0,0.0
100.0,B,RUNNING,97.112,1,5,1,10,0.1,30.0,99.9,1073.9875,0.0,0,0.0,0.0
101.0,B,RUNNING,98.112,1,5,1,10,0.1,30.0,99.9,1072.9875,0.0,0,0.0,0.0
102.0,B,RUNNING,99.112,1,5,1,10,0.1,30.0,99.9,1071.9875,0.0,0,0.0,0.0
103.0,B,RUNNING,100.112,1,5,1,10,0.1,30.0,99.9,1070.9875,0.0,0,0.0,0.0
104.0,B,RUNNING,101.112,1,5,1,10,0.1,30.0,99.9,1069.9875,0.0,0,0.0,0.0
105.0,B,RUNNING,102.112,1,5,1,10,0.1,30.0,99.9,1068.9875,0.0,0,0.0,0.0
106.0,B,RUNNING,103.112,1,5,1,10,0.1,30.0,99.9,1067.9875,0.0,0,0.0,0.0
107.0,B,RUNNING,104.112,1,5,1,10,0.1,30.0,99.9,1066.9875,0.0,0,0.0,0.0
108.0,B,RUNNING,105.112,1,5,1,10,0.1,30.0,99.9,1065.9875,0.0,0,0.0,0.0
109.0,B,RUNNING,106.112,1,5,1,10,0.1,30.0,99.9,1064.9875,0.0,0,0.0,0.0
110.0,B,RUNNING,107.112,1,5,1,10,0.1,30.0,99.9,1063.9875,0.0,0,0.0,0.0
111.0,B,RUNNING,108.112,1,5,1,10,0.1,30.0,99.9,1062.9875,0.0,0,0.0,0.0
112.0,B,RUNNING,109.112,1,5,1,10,0.1,30.0,99.9,1061.9875,0.0,0,0.0,0.0
113.0,B,RUNNING,110.112,1,5,1,10,0.1,30.0,99.9,1060.9875,0.0,0,0.0,0.0
114.0,B,RUNNING,111.112,1,5,1,10,0.1,30.0,99.9,1059.9875,0.0,0,0.0,0.0
115.0,B,RUNNING,112.112,1,5,1,10,0.1,30.0,99.9,1058.9875,0.0,0,0.0,0.0
116.0,B,RUNNING,113.112,1,5,1,10,0.1,30.0,99.9,1057.9875,0.0,0,0.0,0.0
117.0,B,RUNNING,114.112,1,5,1,10,0.1,30.0,99.9,1056.9875,0.0,0,0.0,0.0
118.0,B,RUNNING,115.112,1,5,1,10,0.1,30.0,99.9,1055.9875,0.0,0,0.0,0.0
119.0,B,RUNNING,116.112,1,5,1,10,0.1,30.0,99.9,1054.9875,0.0,0,0.0,0.0
120.0,B,RUNNING,117.112,1,5,1,10,0.1,30.0,99.9,1053.9875,0.0,0,0.0,0.0
121.0,B,RUNNING,118.112,1,5,1,10,0.1,30.0,99.9,1052.9875,0.0,0,0.0,0.0
122.0,B,RUNNING,119.112,1,5,1,10,0.1,30.0,99.9,1051.9875,0.0,0,0.0,0.0
123.0,B,RUNNING,120.112,1,5,1,10,0.1,30.0,99.9,1050.9875,0.0,0,0.0,0.0
124.0,B,RUNNING,121.112,1,5,1,10,0.1,30.0,99.9,1049.9875,0.0,0,0.0,0.0
125.0,B,RUNNING,122.112,1,5,1,10,0.1,30.0,99.9,1048.9875,0.0,0,0.0,0.0
126.0,B,RUNNING,123.112,1,5,1,10,0.1,30.0,99.9,1047.9875,0.0,0,0.0,0.0
127.0,B,RUNNING,124.112,1,5,1,10,0.1,30.0,99.9,1046.9875,0.0,0,0.0,0.0
128.0,B,RUNNING,125.112,1,5,1,10,0.1,30.0,99.9,1045.9875,0.0,0,0.0,0.0
129.0,B,RUNNING,126.112,1,5,1,10,0.1,30.0,99.9,1044.9875,0.0,0,0.0,0.0
130.0,B,RUNNING,127.112,1,5,1,10,0.1,30.0,99.9,1043.9875,0.0,0,0.0,0.0
131.0,B,RUNNING,128.112,1,5,1,10,0.1,30.0,99.9,1042.9875,0.0,0,0.0,0.0
132.0,B,RUNNING,129.112,1,5,1,10,0.1,30.0,99.9,1041.9875,0.0,0,0.0,0.0
133.0,B,RUNNING,130.112,1,5,1,10,0.1,30.0,99.9,1040.9875,0.0,0,0.0,0.0
134.0,B,RUNNING,131.112,1,5,1,10,0.1,30.0,99.9,1039.9875,0.0,0,0.0,0.0
135.0,B,RUNNING,132.112,1,5,1,10,0.1,30.0,99.9,1038.9875,0.0,0,0.0,0.0
136.0,B,RUNNING,133.112,1,5,1,10,0.1,30.0,99.9,1037.9875,0.0,0,0.0,0.0
137.0,B,RUNNING,134.112,1,5,1,10,0.1,30.0,99.9,1036.9875,0.0,0,0.0,0.0
138.0,B,RUNNING,135.112,1,5,1,10,0.1,30.0,99.9,1035.9875,0.0,0,0.0,0.0
139.0,B,RUNNING,136.112,1,5,1,10,0.1,30.0,99.9,1034.9875,0.0,0,0.0,0.0
140.0,B,RUNNING,137.112,1,5,1,10,0.1,30.0,99.9,1033.9875,0.0,0,0.0,0.0
141.0,B,RUNNING,138.112,1,5,1,10,0.1,30.0,99.9,1032.9875,0.0,0,0.0,0.0
142.0,B,RUNNING,139.112,1,5,1,10,0.1,30.0,99.9,1031.9875,0.0,0,0.0,0.0
143.0,B,RUNNING,140.112,1,5,1,10,0.1,30.0,99.9,1030.9875,0.0,0,0.0,0.0
144.0,B,RUNNING,141.112,1,5,1,10,0.1,30.0,99.9,1029.9875,0.0,0,0.0,0.0
145.0,B,RUNNING,142.112,1,5,1,10,0.1,30.0,99.9,1028.9875,0.0,0,0.0,0.0
146.0,B,RUNNING,143.112,1,5,1,10,0.1,30.0,99.9,1027.9875,0.0,0,0.0,0.0
147.0,B,RUNNING,144.112,1,5,1,10,0.1,30.0,99.9,1026.9875,0.0,0,0.0,0.0
148.0,B,RUNNING,145.112,1,5,1,10,0.1,30.0,99.9,1025.9875,0.0,0,0.0,0.0
149.0,B,RUNNING,146.112,1,5,1,10,0.1,30.0,99.9,1024.9875,0.0,0,0.0,0.0
150.0,B,RUNNING,147.112,1,5,1,10,0.1,30.0,99.9,1023.9875,0.0,0,0.0,0.0
151.0,B,RUNNING,148.112,1,5,1,10,0.1,30.0,99.9,1022.9875,0.0,0,0.0,0.0
152.0,B,RUNNING,149.112,1,5,1,10,0.1,30.0,99.9,1021.9875,0.0,0,0.0,0.0
153.0,B,RUNNING,150.112,1,5,1,10,0.1,30.0,99.9,1020.9875,0.0,0,0.0,0.0
154.0,B,RUNNING,151.112,1,5,1,10,0.1,30.0,99.9,1019.9875,0.0,0,0.0,0.0
155.0,B,RUNNING,152.112,1,5,1,10,0.1,30.0,99.9,1018.9875,0.0,0,0.0,0.0
156.0,B,RUNNING,153.112,1,5,1,10,0.1,30.0,99.9,1017.9875,0.0,0,0.0,0.0
157.0,B,RUNNING,154.112,1,5,1,10,0.1,30.0,99.9,1016.9875,0.0,0,0.0,0.0
158.0,B,RUNNING,155.112,1,5,1,10,0.1,30.0,99.9,1015.9875,0.0,0,0.0,0.0
159.0,B,RUNNING,156.112,1,5,1,10,0.1,30.0,99.9,1014.9875,0.0,0,0.0,0.0
160.0,B,RUNNING,157.112,1,5,1,10,0.1,30.0,99.9,1013.9875,0.0,0,0.0,0.0
161.0,B,RUNNING,158.112,1,5,1,10,0.1,30.0,99.9,1012.9875,0.0,0,0.0,0.0
162.0,B,RUNNING,159.112,1,5,1,10,0.1,30.0,99.9,1011.9875,0.0,0,0.0,0.0
163.0,B,RUNNING,160.112,1,5,1,10,0.1,30.0,99.9,1010.9875,0.0,0,0.0,0.0
164.0,B,RUNNING,161.112,1,5,1,10,0.1,30.0,99.9,1009.9875,0.0,0,0.0,0.0
165.0,B,RUNNING,162.112,1,5,1,10,0.1,30.0,99.9,1008.9875,0.0,0,0.0,0.0
166.0,B,RUNNING,163.112,1,5,1,10,0.1,30.0,99.9,1007.9875,0.0,0,0.0,0.0
167.0,B,RUNNING,164.112,1,5,1,10,0.1,30.0,99.9,1006.9875,0.0,0,0.0,0.0
168.0,B,RUNNING,165.112,1,5,1,10,0.1,30.0,99.9,1005.9875,0.0,0,0.0,0.0
169.0,B,RUNNING,166.112,1,5,1,10,0.1,30.0,99.9,1004.9875,0.0,0,0.0,0.0
170.0,B,RUNNING,167.112,1,5,1,10,0.1,30.0,99.9,1003.9875,0.0,0,0.0,0.0
171.0,B,RUNNING,168.112,1,5,1,10,0.1,30.0,99.9,1002.9875,0.0,0,0.0,0.0
172.0,B,RUNNING,169.112,1,5,1,10,0.1,30.0,99.9,1001.9875,0.0,0,0.0,0.0
173.0,B,RUNNING,170.112,1,5,1,10,0.1,30.0,99.9,1000.9875,0.0,0,0.0,0.0
174.0,B,RUNNING,171.112,1,5,1,10,0.1,30.0,99.9,999.9875,0.0,0,0.0,0.0
175.0,B,RUNNING,172.112,1,5,1,10,0.1,30.0,99.9,998.9875,0.0,0,0.0,0.0
176.0,B,RUNNING,173.112,1,5,1,10,0.1,30.0,99.9,997.9875,0.0,0,0.0,0.0
177.0,B,RUNNING,174.112,1,5,1,10,0.1,30.0,99.9,996.9875,0.0,0,0.0,0.0
178.0,B,RUNNING,175.112,1,5,1,10,0.1,30.0,99.9,995.9875,0.0,0,0.0,0.0
179.0,B,RUNNING,176.112,1,5,1,10,0.1,30.0,99.9,994.9875,0.0,0,0.0,0.0
180.0,B,RUNNING,177.112,1,5,1,10,0.1,30.0,99.9,993.9875,0.0,0,0.0,0.0
181.0,B,RUNNING,178.112,1,5,1,10,0.1,30.0,99.9,992.9875,0.0,0,0.0,0.0
182.0,B,RUNNING,179.112,1,5,1,10,0.1,30.0,99.9,991.9875,0.0,0,0.0,0.0
183.0,B,RUNNING,180.112,1,5,1,10,0.1,30.0,99.9,990.9875,0.0,0,0.0,0.0
184.0,B,RUNNING,181.112,1,5,1,10,0.1,30.0,99.9,989.9875,0.0,0,0.0,0.0
185.0,B,RUNNING,182.112,1,5,1,10,0.1,30.0,99.9,988.9875,0.0,0,0.0,0.0
186.0,B,RUNNING,183.112,1,5,1,10,0.1,30.0,99.9,987.9875,0.0,0,0.0,0.0
187.0,B,RUNNING,184.112,1,5,1,10,0.1,30.0,99.9,986.9875,0.0,0,0.0,0.0
188.0,B,RUNNING,185.112,1,5,1,10,0.1,30.0,99.9,985.9875,0.0,0,0.0,0.0
189.0,B,RUNNING,186.112,1,5,1,10,0.1,30.0,99.9,984.9875,0.0,0,0.0,0.0
190.0,B,RUNNING,187.112,1,5,1,10,0.1,30.0,99.9,983.9875,0.0,0,0.0,0.0
191.0,B,RUNNING,188.112,1,5,1,10,0.1,30.0,99.9,982.9875,0.0,0,0.0,0.0
192.0,B,RUNNING,189.112,1,5,1,10,0.1,30.0,99.9,981.9875,0.0,0,0.0,0.0
193.0,B,RUNNING,190.112,1,5,1,10,0.1,30.0,99.9,980.9875,0.0,0,0.0,0.0
194.0,B,RUNNING,191.112,1,5,1,10,0.1,30.0,99.9,979.9875,0.0,0,0.0,0.0
195.0,B,RUNNING,192.112,1,5,1,10,0.1,30.0,99.9,978.9875,0.0,0,0.0,0.0
196.0,B,RUNNING,193.112,1,5,1,10,0.1,30.0,99.9,977.9875,0.0,0,0.0,0.0
197.0,B,RUNNING,194.112,1,5,1,10,0.1,30.0,99.9,976.9875,0.0,0,0.0,0.0
198.0,B,RUNNING,195.112,1,5,1,10,0.1,30.0,99.9,975.9875,0.0,0,0.0,0.0
199.0,B,RUNNING,196.112,1,5,1,10,0.1,30.0,99.9,974.9875,0.0,0,0.0,0.0
200.0,B,RUNNING,197.112,1,5,1,10,0.1,30.0,99.9,973.9875,0.0,0,0.0,0.0
201.0,B,RUNNING,198.112,1,5,1,10,0.1,30.0,99.9,972.9875,0.0,0,0.0,0.0
202.0,B,RUNNING,199.112,1,5,1,10,0.1,30.0,99.9,971.9875,0.0,0,0.0,0.0
203.0,B,RUNNING,200.112,1,5,1,10,0.1,30.0,99.9,970.9875,0.0,0,0.0,0.0
204.0,B,RUNNING,201.112,1,5,1,10,0.1,30.0,99.9,969.9875,0.0,0,0.0,0.0
205.0,B,RUNNING,202.112,1,5,1,10,0.1,30.0,99.9,968.9875,0.0,0,0.0,0.0
206.0,B,RUNNING,203.112,1,5,1,10,0.1,30.0,99.9,967.9875,0.0,0,0.0,0.0
207.0,B,RUNNING,204.112,1,5,1,10,0.1,30.0,99.9,966.9875,0.0,0,0.0,0.0
208.0,B,RUNNING,205.112,1,5,1,10,0.1,30.0,99.9,965.9875,0.0,0,0.0,0.0
209.0,B,RUNNING,206.112,1,5,1,10,0.1,30.0,99.9,964.9875,0.0,0,0.0,0.0
210.0,B,RUNNING,207.112,1,5,1,10,0.1,30.0,99.9,963.9875,0.0,0,0.0,0.0
211.0,B,RUNNING,208.112,1,5,1,10,0.1,30.0,99.9,962.9875,0.0,0,0.0,0.0
212.0,B,RUNNING,209.112,1,5,1,10,0.1,30.0,99.9,961.9875,0.0,0,0.0,0.0
213.0,B,RUNNING,210.112,1,5,1,10,0.1,30.0,99.9,960.9875,0.0,0,0.0,0.0
214.0,B,RUNNING,211.112,2,5,2,10,0.2,30.0,99.8,929.5625,0.0,0,0.0,0.0
215.0,B,RUNNING,212.112,2,5,2,10,0.2,30.0,99.8,928.5625,0.0,0,0.0,0.0
216.0,B,RUNNING,213.112,2,5,2,10,0.2,30.0,99.8,927.5625,0.0,0,0.0,0.0
217.0,B,RUNNING,214.112,2,5,2,10,0.2,30.0,99.8,926.5625,0.0,0,0.0,0.0
218.0,B,RUNNING,215.112,2,5,2,10,0.2,30.0,99.8,925.5625,0.0,0,0.0,0.0
219.0,B,RUNNING,216.112,2,5,2,10,0.2,30.0,99.8,924.5625,0.0,0,0.0,0.0
220.0,B,RUNNING,217.112,2,5,2,10,0.2,30.0,99.8,923.5625,0.0,0,0.0,0.0
221.0,B,RUNNING,218.112,2,5,2,10,0.2,30.0,99.8,922.5625,0.0,0,0.0,0.0
222.0,B,RUNNING,219.112,2,5,2,10,0.2,30.0,99.8,921.5625,0.0,0,0.0,0.0
223.0,B,RUNNING,220.112,2,5,2,10,0.2,30.0,99.8,920.5625,0.0,0,0.0,0.0
224.0,B,RUNNING,221.112,2,5,2,10,0.2,30.0,99.8,919.5625,0.0,0,0.0,0.0
225.0,B,RUNNING,222.112,2,5,2,10,0.2,30.0,99.8,918.5625,0.0,0,0.0,0.0
226.0,B,RUNNING,223.112,2,5,2,10,0.2,30.0,99.8,917.5625,0.0,0,0.0,0.0
227.0,B,RUNNING,224.112,2,5,2,10,0.2,30.0,99.8,916.5625,0.0,0,0.0,0.0
228.0,B,RUNNING,225.112,2,5,2,10,0.2,30.0,99.8,915.5625,0.0,0,0.0,0.0
229.0,B,RUNNING,226.112,2,5,2,10,0.2,30.0,99.8,914.5625,0.0,0,0.0,0.0
230.0,B,RUNNING,227.112,2,5,2,10,0.2,30.0,99.8,913.5625,0.0,0,0.0,0.0
231.0,B,RUNNING,228.112,2,5,2,10,0.2,30.0,99.8,912.5625,0.0,0,0.0,0.0
232.0,B,RUNNING,229.112,2,5,2,10,0.2,30.0,99.8,911.5625,0.0,0,0.0,0.0
233.0,B,RUNNING,230.112,2,5,2,10,0.2,30.0,99.8,910.5625,0.0,0,0.0,0.0
234.0,B,RUNNING,231.112,2,5,2,10,0.2,30.0,99.8,909.5625,0.0,0,0.0,0.0
235.0,B,RUNNING,232.112,2,5,2,10,0.2,30.0,99.8,908.5625,0.0,0,0.0,0.0
236.0,B,RUNNING,233.112,2,5,2,10,0.2,30.0,99.8,907.5625,0.0,0,0.0,0.0
237.0,B,RUNNING,234.112,2,5,2,10,0.2,30.0,99.8,906.5625,0.0,0,0.0,0.0
238.0,B,RUNNING,235.112,2,5,2,10,0.2,30.0,99.8,905.5625,0.0,0,0.0,0.0
239.0,B,RUNNING,236.112,2,5,2,10,0.2,30.0,99.8,904.5625,0.0,0,0.0,0.0
240.0,B,RUNNING,237.112,2,5,2,10,0.2,30.0,99.8,903.5625,0.0,0,0.0,0.0
241.0,B,RUNNING,238.112,2,5,2,10,0.2,30.0,99.8,902.5625,0.0,0,0.0,0.0
242.0,B,RUNNING,239.112,2,5,2,10,0.2,30.0,99.8,901.5625,0.0,0,0.0,0.0
243.0,B,RUNNING,240.112,2,5,2,10,0.2,30.0,99.8,900.5625,0.0,0,0.0,0.0
244.0,B,RUNNING,241.112,2,5,2,10,0.2,30.0,99.8,899.5625,0.0,0,0.0,0.0
245.0,B,RUNNING,242.112,2,5,2,10,0.2,30.0,99.8,898.5625,0.0,0,0.0,0.0
246.0,B,RUNNING,243.112,2,5,2,10,0.2,30.0,99.8,897.5625,0.0,0,0.0,0.0
247.0,B,RUNNING,244.112,2,5,2,10,0.2,30.0,99.8,896.5625,0.0,0,0.0,0.0
248.0,B,RUNNING,245.112,2,5,2,10,0.2,30.0,99.8,895.5625,0.0,0,0.0,0.0
249.0,B,RUNNING,246.112,2,5,2,10,0.2,30.0,99.8,894.5625,0.0,0,0.0,0.0
250.0,B,RUNNING,247.112,2,5,2,10,0.2,30.0,99.8,893.5625,0.0,0,0.0,0.0
251.0,B,RUNNING,248.112,2,5,2,10,0.2,30.0,99.8,892.5625,0.0,0,0.0,0.0
252.0,B,RUNNING,249.112,2,5,2,10,0.2,30.0,99.8,891.5625,0.0,0,0.0,0.0
253.0,B,RUNNING,250.112,2,5,2,10,0.2,30.0,99.8,890.5625,0.0,0,0.0,0.0
254.0,B,RUNNING,251.112,2,5,2,10,0.2,30.0,99.8,889.5625,0.0,0,0.0,0.0
255.0,B,RUNNING,252.112,2,5,2,10,0.2,30.0,99.8,888.5625,0.0,0,0.0,0.0
256.0,B,RUNNING,253.112,2,5,2,10,0.2,30.0,99.8,887.5625,0.0,0,0.0,0.0
257.0,B,RUNNING,254.112,2,5,2,10,0.2,30.0,99.8,886.5625,0.0,0,0.0,0.0
258.0,B,RUNNING,255.112,2,5,2,10,0.2,30.0,99.8,885.5625,0.0,0,0.0,0.0
259.0,B,RUNNING,256.112,2,5,2,10,0.2,30.0,99.8,884.5625,0.0,0,0.0,0.0
260.0,B,RUNNING,257.112,2,5,2,10,0.2,30.0,99.8,883.5625,0.0,0,0.0,0.0
261.0,B,RUNNING,258.112,2,5,2,10,0.2,30.0,99.8,882.5625,0.0,0,0.0,0.0
262.0,B,RUNNING,259.112,2,5,2,10,0.2,30.0,99.8,881.5625,0.0,0,0.0,0.0
263.0,B,RUNNING,260.112,2,5,2,10,0.2,30.0,99.8,880.5625,0.0,0,0.0,0.0
264.0,B,RUNNING,261.112,2,5,2,10,0.2,30.0,99.8,879.5625,0.0,0,0.0,0.0
265.0,B,RUNNING,262.112,2,5,2,10,0.2,30.0,99.8,878.5625,0.0,0,0.0,0.0
266.0,B,RUNNING,263.112,2,5,2,10,0.2,30.0,99.8,877.5625,0.0,0,0.0,0.0
267.0,B,RUNNING,264.112,2,5,2,10,0.2,30.0,99.8,876.5625,0.0,0,0.0,0.0
268.0,B,RUNNING,265.112,2,5,2,10,0.2,30.0,99.8,875.5625,0.0,0,0.0,0.0
269.0,B,RUNNING,266.112,2,5,2,10,0.2,30.0,99.8,874.5625,0.0,0,0.0,0.0
270.0,B,RUNNING,267.112,2,5,2,10,0.2,30.0,99.8,873.5625,0.0,0,0.0,0.0
271.0,B,RUNNING,268.112,2,5,2,10,0.2,30.0,99.8,872.5625,0.0,0,0.0,0.0
272.0,B,RUNNING,269.112,2,5,2,10,0.2,30.0,99.8,871.5625,0.0,0,0.0,0.0
273.0,B,RUNNING,270.112,2,5,2,10,0.2,30.0,99.8,870.5625,0.0,0,0.0,0.0
274.0,B,RUNNING,271.112,2,5,2,10,0.2,30.0,99.8,869.5625,0.0,0,0.0,0.0
275.0,B,RUNNING,272.112,2,5,2,10,0.2,30.0,99.8,868.5625,0.0,0,0.0,0.0
276.0,B,RUNNING,273.112,2,5,2,10,0.2,30.0,99.8,867.5625,0.0,0,0.0,0.0
277.0,B,RUNNING,274.112,2,5,2,10,0.2,30.0,99.8,866.5625,0.0,0,0.0,0.0
278.0,B,RUNNING,275.112,2,5,2,10,0.2,30.0,99.8,865.5625,0.0,0,0.0,0.0
279.0,B,RUNNING,276.112,2,5,2,10,0.2,30.0,99.8,864.5625,0.0,0,0.0,0.0
280.0,B,RUNNING,277.112,2,5,2,10,0.2,30.0,99.8,863.5625,0.0,0,0.0,0.0
281.0,B,RUNNING,278.112,2,5,2,10,0.2,30.0,99.8,862.5625,0.0,0,0.0,0.0
282.0,B,RUNNING,279.112,2,5,2,10,0.2,30.0,99.8,861.5625,0.0,0,0.0,0.0
283.0,B,RUNNING,280.112,2,5,2,10,0.2,30.0,99.8,860.5625,0.0,0,0.0,0.0
284.0,B,RUNNING,281.112,2,5,2,10,0.2,30.0,99.8,859.5625,0.0,0,0.0,0.0
285.0,B,RUNNING,282.112,2,5,2,10,0.2,30.0,99.8,858.5625,0.0,0,0.0,0.0
286.0,B,RUNNING,283.112,2,5,2,10,0.2,30.0,99.8,857.5625,0.0,0,0.0,0.0
287.0,B,RUNNING,284.112,2,5,2,10,0.2,30.0,99.8,856.5625,0.0,0,0.0,0.0
288.0,B,RUNNING,285.112,2,5,2,10,0.2,30.0,99.8,855.5625,0.0,0,0.0,0.0
289.0,B,RUNNING,286.112,2,5,2,10,0.2,30.0,99.8,854.5625,0.0,0,0.0,0.0
290.0,B,RUNNING,287.112,2,5,2,10,0.2,30.0,99.8,853.5625,0.0,0,0.0,0.0
291.0,B,RUNNING,288.112,2,5,2,10,0.2,30.0,99.8,852.5625,0.0,0,0.0,0.0
292.0,B,RUNNING,289.112,2,5,2,10,0.2,30.0,99.8,851.5625,0.0,0,0.0,0.0
293.0,B,RUNNING,290.112,2,5,2,10,0.2,30.0,99.8,850.5625,0.0,0,0.0,0.0
294.0,B,RUNNING,291.112,2,5,2,10,0.2,30.0,99.8,849.5625,0.0,0,0.0,0.0
295.0,B,RUNNING,292.112,2,7,0,10,0.0,30.0,99.8,1088.5625,0.0,0,0.0,0.0
296.0,B,RUNNING,293.112,2,7,0,10,0.0,30.0,99.8,1087.5625,0.0,0,0.0,0.0
297.0,B,RUNNING,294.112,2,7,0,10,0.0,30.0,99.8,1086.5625,0.0,0,0.0,0.0
298.0,B,RUNNING,295.112,2,7,0,10,0.0,30.0,99.8,1085.5625,0.0,0,0.0,0.0
299.0,B,RUNNING,296.112,2,7,0,10,0.0,30.0,99.8,1084.5625,0.0,0,0.0,0.0
300.0,B,RUNNING,297.112,2,7,0,10,0.0,30.0,99.8,1083.5625,0.0,0,0.0,0.0
301.0,B,RUNNING,298.112,2,7,0,10,0.0,30.0,99.8,1082.5625,0.0,0,0.0,0.0
302.0,B,RUNNING,299.112,2,7,0,10,0.0,30.0,99.8,1081.5625,0.0,0,0.0,0.0
303.0,B,RUNNING,300.112,2,7,0,10,0.0,30.0,99.8,1080.5625,0.0,0,0.0,0.0
304.0,B,RUNNING,301.112,3,7,1,10,0.1,30.0,99.7,1087.4903,0.0,0,0.0,0.0
305.0,B,RUNNING,302.112,3,7,1,10,0.1,30.0,99.7,1086.4903,0.0,0,0.0,0.0
306.0,B,RUNNING,303.112,3,7,1,10,0.1,30.0,99.7,1085.4903,0.0,0,0.0,0.0
307.0,B,RUNNING,304.112,3,7,1,10,0.1,30.0,99.7,1084.4903,0.0,0,0.0,0.0
308.0,B,RUNNING,305.112,3,7,1,10,0.1,30.0,99.7,1083.4903,0.0,0,0.0,0.0
309.0,B,RUNNING,306.112,3,7,1,10,0.1,30.0,99.7,1082.4903,0.0,0,0.0,0.0
310.0,B,RUNNING,307.112,3,7,1,10,0.1,30.0,99.7,1081.4903,0.0,0,0.0,0.0
311.0,B,RUNNING,308.112,3,7,1,10,0.1,30.0,99.7,1080.4903,0.0,0,0.0,0.0
312.0,B,RUNNING,309.112,3,7,1,10,0.1,30.0,99.7,1079.4903,0.0,0,0.0,0.0
313.0,B,RUNNING,310.112,3,7,1,10,0.1,30.0,99.7,1078.4903,0.0,0,0.0,0.0
314.0,B,RUNNING,311.112,3,7,1,10,0.1,30.0,99.7,1077.4903,0.0,0,0.0,0.0
315.0,B,RUNNING,312.112,3,7,1,10,0.1,30.0,99.7,1076.4903,0.0,0,0.0,0.0
316.0,B,RUNNING,313.112,3,7,1,10,0.1,30.0,99.7,1075.4903,0.0,0,0.0,0.0
317.0,B,RUNNING,314.112,3,7,1,10,0.1,30.0,99.7,1074.4903,0.0,0,0.0,0.0
318.0,B,RUNNING,315.112,3,7,1,10,0.1,30.0,99.7,1073.4903,0.0,0,0.0,0.0
319.0,B,RUNNING,316.112,3,7,1,10,0.1,30.0,99.7,1072.4903,0.0,0,0.0,0.0
320.0,B,RUNNING,317.112,3,7,1,10,0.1,30.0,99.7,1071.4903,0.0,0,0.0,0.0
321.0,B,RUNNING,318.112,3,7,1,10,0.1,30.0,99.7,1070.4903,0.0,0,0.0,0.0
322.0,B,RUNNING,319.112,3,7,1,10,0.1,30.0,99.7,1069.4903,0.0,0,0.0,0.0
323.0,B,RUNNING,320.112,3,7,1,10,0.1,30.0,99.7,1068.4903,0.0,0,0.0,0.0
324.0,B,RUNNING,321.112,3,7,1,10,0.1,30.0,99.7,1067.4903,0.0,0,0.0,0.0
325.0,B,RUNNING,322.112,3,7,1,10,0.1,30.0,99.7,1066.4903,0.0,0,0.0,0.0
326.0,B,RUNNING,323.112,3,7,1,10,0.1,30.0,99.7,1065.4903,0.0,0,0.0,0.0
327.0,B,RUNNING,324.112,3,7,1,10,0.1,30.0,99.7,1064.4903,0.0,0,0.0,0.0
328.0,B,RUNNING,325.112,3,7,1,10,0.1,30.0,99.7,1063.4903,0.0,0,0.0,0.0
329.0,B,RUNNING,326.112,3,7,1,10,0.1,30.0,99.7,1062.4903,0.0,0,0.0,0.0
330.0,B,RUNNING,327.112,3,7,1,10,0.1,30.0,99.7,1061.4903,0.0,0,0.0,0.0
331.0,B,RUNNING,328.112,3,7,1,10,0.1,30.0,99.7,1060.4903,0.0,0,0.0,0.0
332.0,B,RUNNING,329.112,3,7,1,10,0.1,30.0,99.7,1059.4903,0.0,0,0.0,0.0
333.0,B,RUNNING,330.112,3,7,1,10,0.1,30.0,99.7,1058.4903,0.0,0,0.0,0.0
334.0,B,RUNNING,331.112,3,7,1,10,0.1,30.0,99.7,1057.4903,0.0,0,0.0,0.0
335.0,B,RUNNING,332.112,3,7,1,10,0.1,30.0,99.7,1056.4903,0.0,0,0.0,0.0
336.0,B,RUNNING,333.112,3,7,1,10,0.1,30.0,99.7,1055.4903,0.0,0,0.0,0.0
337.0,B,RUNNING,334.112,3,7,1,10,0.1,30.0,99.7,1054.4903,0.0,0,0.0,0.0
338.0,B,RUNNING,335.112,3,7,1,10,0.1,30.0,99.7,1053.4903,0.0,0,0.0,0.0
339.0,B,RUNNING,336.112,3,7,1,10,0.1,30.0,99.7,1052.4903,0.0,0,0.0,0.0
340.0,B,RUNNING,337.112,3,7,1,10,0.1,30.0,99.7,1051.4903,0.0,0,0.0,0.0
341.0,B,RUNNING,338.112,3,7,1,10,0.1,30.0,99.7,1050.4903,0.0,0,0.0,0.0
342.0,B,RUNNING,339.112,3,7,1,10,0.1,30.0,99.7,1049.4903,0.0,0,0.0,0.0
343.0,B,RUNNING,340.112,3,7,1,10,0.1,30.0,99.7,1048.4903,0.0,0,0.0,0.0
344.0,B,RUNNING,341.112,3,7,1,10,0.1,30.0,99.7,1047.4903,0.0,0,0.0,0.0
345.0,B,RUNNING,342.112,3,7,1,10,0.1,30.0,99.7,1046.4903,0.0,0,0.0,0.0
346.0,B,RUNNING,343.112,3,7,1,10,0.1,30.0,99.7,1045.4903,0.0,0,0.0,0.0
347.0,B,RUNNING,344.112,3,7,1,10,0.1,30.0,99.7,1044.4903,0.0,0,0.0,0.0
348.0,B,RUNNING,345.112,3,7,1,10,0.1,30.0,99.7,1043.4903,0.0,0,0.0,0.0
349.0,B,RUNNING,346.112,3,7,1,10,0.1,30.0,99.7,1042.4903,0.0,0,0.0,0.0
350.0,B,RUNNING,347.112,3,7,1,10,0.1,30.0,99.7,1041.4903,0.0,0,0.0,0.0
351.0,B,RUNNING,348.112,3,7,1,10,0.1,30.0,99.7,1040.4903,0.0,0,0.0,0.0
352.0,B,RUNNING,349.112,3,7,1,10,0.1,30.0,99.7,1039.4903,0.0,0,0.0,0.0
353.0,B,RUNNING,350.112,3,7,1,10,0.1,30.0,99.7,1038.4903,0.0,0,0.0,0.0
354.0,B,RUNNING,351.112,3,7,1,10,0.1,30.0,99.7,1037.4903,0.0,0,0.0,0.0
355.0,B,RUNNING,352.112,3,7,1,10,0.1,30.0,99.7,1036.4903,0.0,0,0.0,0.0
356.0,B,RUNNING,353.112,3,7,1,10,0.1,30.0,99.7,1035.4903,0.0,0,0.0,0.0
357.0,B,RUNNING,354.112,3,7,1,10,0.1,30.0,99.7,1034.4903,0.0,0,0.0,0.0
358.0,B,RUNNING,355.112,3,7,1,10,0.1,30.0,99.7,1033.4903,0.0,0,0.0,0.0
359.0,B,RUNNING,356.112,3,7,1,10,0.1,30.0,99.7,1032.4903,0.0,0,0.0,0.0
360.0,B,RUNNING,357.112,3,7,1,10,0.1,30.0,99.7,1031.4903,0.0,0,0.0,0.0
361.0,B,RUNNING,358.112,3,7,1,10,0.1,30.0,99.7,1030.4903,0.0,0,0.0,0.0
362.0,B,RUNNING,359.112,3,7,1,10,0.1,30.0,99.7,1029.4903,0.0,0,0.0,0.0
363.0,B,RUNNING,360.112,3,7,1,10,0.1,30.0,99.7,1028.4903,0.0,0,0.0,0.0
364.0,B,RUNNING,361.112,3,7,1,10,0.1,30.0,99.7,1027.4903,0.0,0,0.0,0.0
365.0,B,RUNNING,362.112,3,7,1,10,0.1,30.0,99.7,1026.4903,0.0,0,0.0,0.0
366.0,B,RUNNING,363.112,3,7,1,10,0.1,30.0,99.7,1025.4903,0.0,0,0.0,0.0
367.0,B,RUNNING,364.112,3,7,1,10,0.1,30.0,99.7,1024.4903,0.0,0,0.0,0.0
368.0,B,RUNNING,365.112,3,7,1,10,0.1,30.0,99.7,1023.4903,0.0,0,0.0,0.0
369.0,B,RUNNING,366.112,3,7,1,10,0.1,30.0,99.7,1022.4903,0.0,0,0.0,0.0
370.0,B,RUNNING,367.112,3,7,1,10,0.1,30.0,99.7,1021.4903,0.0,0,0.0,0.0
371.0,B,RUNNING,368.112,3,7,1,10,0.1,30.0,99.7,1020.4903,0.0,0,0.0,0.0
372.0,B,RUNNING,369.112,3,7,1,10,0.1,30.0,99.7,1019.4903,0.0,0,0.0,0.0
373.0,B,RUNNING,370.112,3,7,1,10,0.1,30.0,99.7,1018.4903,0.0,0,0.0,0.0
374.0,B,RUNNING,371.112,3,7,1,10,0.1,30.0,99.7,1017.4903,0.0,0,0.0,0.0
375.0,B,RUNNING,372.112,3,7,1,10,0.1,30.0,99.7,1016.4903,0.0,0,0.0,0.0
376.0,B,RUNNING,373.112,3,7,1,10,0.1,30.0,99.7,1015.4903,0.0,0,0.0,0.0
377.0,B,RUNNING,374.112,3,7,1,10,0.1,30.0,99.7,1014.4903,0.0,0,0.0,0.0
378.0,B,RUNNING,375.112,3,7,1,10,0.1,30.0,99.7,1013.4903,0.0,0,0.0,0.0
379.0,B,RUNNING,376.112,3,7,1,10,0.1,30.0,99.7,1012.4903,0.0,0,0.0,0.0
380.0,B,RUNNING,377.112,3,7,1,10,0.1,30.0,99.7,1011.4903,0.0,0,0.0,0.0
381.0,B,RUNNING,378.112,3,7,1,10,0.1,30.0,99.7,1010.4903,0.0,0,0.0,0.0
382.0,B,RUNNING,379.112,3,7,1,10,0.1,30.0,99.7,1009.4903,0.0,0,0.0,0.0
383.0,B,RUNNING,380.112,3,7,1,10,0.1,30.0,99.7,1008.4903,0.0,0,0.0,0.0
384.0,B,RUNNING,381.112,3,7,1,10,0.1,30.0,99.7,1007.4903,0.0,0,0.0,0.0
385.0,B,RUNNING,382.112,3,7,1,10,0.1,30.0,99.7,1006.4903,0.0,0,0.0,0.0
386.0,B,RUNNING,383.112,3,7,1,10,0.1,30.0,99.7,1005.4903,0.0,0,0.0,0.0
387.0,B,RUNNING,384.112,3,7,1,10,0.1,30.0,99.7,1004.4903,0.0,0,0.0,0.0
388.0,B,RUNNING,385.112,3,7,1,10,0.1,30.0,99.7,1003.4903,0.0,0,0.0,0.0
389.0,B,RUNNING,386.112,3,7,1,10,0.1,30.0,99.7,1002.4903,0.0,0,0.0,0.0
390.0,B,RUNNING,387.112,3,7,1,10,0.1,30.0,99.7,1001.4903,0.0,0,0.0,0.0
391.0,B,RUNNING,388.112,3,7,1,10,0.1,30.0,99.7,1000.4903,0.0,0,0.0,0.0
392.0,B,RUNNING,389.112,3,7,1,10,0.1,30.0,99.7,999.4903,0.0,0,0.0,0.0
393.0,B,RUNNING,390.112,3,7,1,10,0.1,30.0,99.7,998.4903,0.0,0,0.0,0.0
394.0,B,RUNNING,391.112,3,7,1,10,0.1,30.0,99.7,997.4903,0.0,0,0.0,0.0
395.0,B,RUNNING,392.112,3,7,1,10,0.1,30.0,99.7,996.4903,0.0,0,0.0,0.0
396.0,B,RUNNING,393.112,3,7,1,10,0.1,30.0,99.7,995.4903,0.0,0,0.0,0.0
397.0,B,RUNNING,394.112,3,7,1,10,0.1,30.0,99.7,994.4903,0.0,0,0.0,0.0
398.0,B,RUNNING,395.112,3,7,1,10,0.1,30.0,99.7,993.4903,0.0,0,0.0,0.0
399.0,B,RUNNING,396.112,3,7,1,10,0.1,30.0,99.7,992.4903,0.0,0,0.0,0.0
400.0,B,RUNNING,397.112,3,7,1,10,0.1,30.0,99.7,991.4903,0.0,0,0.0,0.0
401.0,B,RUNNING,398.112,3,7,1,10,0.1,30.0,99.7,990.4903,0.0,0,0.0,0.0
402.0,B,RUNNING,399.112,3,7,1,10,0.1,30.0,99.7,989.4903,0.0,0,0.0,0.0
403.0,B,RUNNING,400.112,3,7,1,10,0.1,30.0,99.7,988.4903,0.0,0,0.0,0.0
404.0,B,RUNNING,401.112,3,7,1,10,0.1,30.0,99.7,987.4903,0.0,0,0.0,0.0
405.0,B,RUNNING,402.112,3,7,1,10,0.1,30.0,99.7,986.4903,0.0,0,0.0,0.0
406.0,B,RUNNING,403.112,3,7,1,10,0.1,30.0,99.7,985.4903,0.0,0,0.0,0.0
407.0,B,RUNNING,404.112,3,7,1,10,0.1,30.0,99.7,984.4903,0.0,0,0.0,0.0
408.0,B,RUNNING,405.112,3,7,1,10,0.1,30.0,99.7,983.4903,0.0,0,0.0,0.0
409.0,B,RUNNING,406.112,3,7,1,10,0.1,30.0,99.7,982.4903,0.0,0,0.0,0.0
410.0,B,RUNNING,407.112,3,7,1,10,0.1,30.0,99.7,981.4903,0.0,0,0.0,0.0
411.0,B,RUNNING,408.112,3,7,1,10,0.1,30.0,99.7,980.4903,0.0,0,0.0,0.0
412.0,B,RUNNING,409.112,3,7,1,10,0.1,30.0,99.7,979.4903,0.0,0,0.0,0.0
413.0,B,RUNNING,410.112,3,7,1,10,0.1,30.0,99.7,978.4903,0.0,0,0.0,0.0
414.0,B,RUNNING,411.112,3,7,1,10,0.1,30.0,99.7,977.4903,0.0,0,0.0,0.0
415.0,B,RUNNING,412.112,3,7,1,10,0.1,30.0,99.7,976.4903,0.0,0,0.0,0.0
416.0,B,RUNNING,413.112,3,7,1,10,0.1,30.0,99.7,975.4903,0.0,0,0.0,0.0
417.0,B,RUNNING,414.112,3,7,1,10,0.1,30.0,99.7,974.4903,0.0,0,0.0,0.0
418.0,B,RUNNING,415.112,3,7,1,10,0.1,30.0,99.7,973.4903,0.0,0,0.0,0.0
419.0,B,RUNNING,416.112,3,7,1,10,0.1,30.0,99.7,972.4903,0.0,0,0.0,0.0
420.0,B,RUNNING,417.112,3,7,1,10,0.1,30.0,99.7,971.4903,0.0,0,0.0,0.0
421.0,B,RUNNING,418.112,3,7,1,10,0.1,30.0,99.7,970.4903,0.0,0,0.0,0.0
422.0,B,RUNNING,419.112,3,7,1,10,0.1,30.0,99.7,969.4903,0.0,0,0.0,0.0
423.0,B,RUNNING,420.112,3,7,1,10,0.1,30.0,99.7,968.4903,0.0,0,0.0,0.0
424.0,B,RUNNING,421.112,3,7,1,10,0.1,30.0,99.7,967.4903,0.0,0,0.0,0.0
425.0,B,RUNNING,422.112,3,7,1,10,0.1,30.0,99.7,966.4903,0.0,0,0.0,0.0
426.0,B,RUNNING,423.112,3,7,1,10,0.1,30.0,99.7,965.4903,0.0,0,0.0,0.0
427.0,B,RUNNING,424.112,3,7,1,10,0.1,30.0,99.7,964.4903,0.0,0,0.0,0.0
428.0,B,RUNNING,425.112,3,7,1,10,0.1,30.0,99.7,963.4903,0.0,0,0.0,0.0
429.0,B,RUNNING,426.112,3,7,1,10,0.1,30.0,99.7,962.4903,0.0,0,0.0,0.0
430.0,B,RUNNING,427.112,3,7,1,10,0.1,30.0,99.7,961.4903,0.0,0,0.0,0.0
431.0,B,RUNNING,428.112,3,7,1,10,0.1,30.0,99.7,960.4903,0.0,0,0.0,0.0
432.0,B,RUNNING,429.112,4,7,2,10,0.2,30.0,99.6,962.6679,0.0,0,0.0,0.0
433.0,B,RUNNING,430.112,4,7,2,10,0.2,30.0,99.6,961.6679,0.0,0,0.0,0.0
434.0,B,RUNNING,431.112,4,7,2,10,0.2,30.0,99.6,960.6679,0.0,0,0.0,0.0
435.0,B,RUNNING,432.112,4,7,2,10,0.2,30.0,99.6,959.6679,0.0,0,0.0,0.0
436.0,B,RUNNING,433.112,4,7,2,10,0.2,30.0,99.6,958.6679,0.0,0,0.0,0.0
437.0,B,RUNNING,434.112,4,7,2,10,0.2,30.0,99.6,957.6679,0.0,0,0.0,0.0
438.0,B,RUNNING,435.112,4,7,2,10,0.2,30.0,99.6,956.6679,0.0,0,0.0,0.0
439.0,B,RUNNING,436.112,4,7,2,10,0.2,30.0,99.6,955.6679,0.0,0,0.0,0.0
440.0,B,RUNNING,437.112,4,7,2,10,0.2,30.0,99.6,954.6679,0.0,0,0.0,0.0
441.0,B,RUNNING,438.112,4,7,2,10,0.2,30.0,99.6,953.6679,0.0,0,0.0,0.0
442.0,B,RUNNING,439.112,4,7,2,10,0.2,30.0,99.6,952.6679,0.0,0,0.0,0.0
443.0,B,RUNNING,440.112,4,7,2,10,0.2,30.0,99.6,951.6679,0.0,0,0.0,0.0
444.0,B,RUNNING,441.112,4,7,2,10,0.2,30.0,99.6,950.6679,0.0,0,0.0,0.0
445.0,B,RUNNING,442.112,4,7,2,10,0.2,30.0,99.6,949.6679,0.0,0,0.0,0.0
446.0,B,RUNNING,443.112,4,7,2,10,0.2,30.0,99.6,948.6679,0.0,0,0.0,0.0
447.0,B,RUNNING,444.112,4,7,2,10,0.2,30.0,99.6,947.6679,0.0,0,0.0,0.0
448.0,B,RUNNING,445.112,4,7,2,10,0.2,30.0,99.6,946.6679,0.0,0,0.0,0.0
449.0,B,RUNNING,446.112,4,7,2,10,0.2,30.0,99.6,945.6679,0.0,0,0.0,0.0
450.0,B,RUNNING,447.112,4,7,2,10,0.2,30.0,99.6,944.6679,0.0,0,0.0,0.0
451.0,B,RUNNING,448.112,4,7,2,10,0.2,30.0,99.6,943.6679,0.0,0,0.0,0.0
452.0,B,RUNNING,449.112,4,7,2,10,0.2,30.0,99.6,942.6679,0.0,0,0.0,0.0
453.0,B,RUNNING,450.112,4,7,2,10,0.2,30.0,99.6,941.6679,0.0,0,0.0,0.0
454.0,B,RUNNING,451.112,4,7,2,10,0.2,30.0,99.6,940.6679,0.0,0,0.0,0.0
455.0,B,RUNNING,452.112,4,7,2,10,0.2,30.0,99.6,939.6679,0.0,0,0.0,0.0
456.0,B,RUNNING,453.112,4,7,2,10,0.2,30.0,99.6,938.6679,0.0,0,0.0,0.0
457.0,B,RUNNING,454.112,4,7,2,10,0.2,30.0,99.6,937.6679,0.0,0,0.0,0.0
458.0,B,RUNNING,455.112,4,7,2,10,0.2,30.0,99.6,936.6679,0.0,0,0.0,0.0
459.0,B,RUNNING,456.112,4,7,2,10,0.2,30.0,99.6,935.6679,0.0,0,0.0,0.0
460.0,B,RUNNING,457.112,4,7,2,10,0.2,30.0,99.6,934.6679,0.0,0,0.0,0.0
461.0,B,RUNNING,458.112,4,7,2,10,0.2,30.0,99.6,933.6679,0.0,0,0.0,0.0
462.0,B,RUNNING,459.112,4,7,2,10,0.2,30.0,99.6,932.6679,0.0,0,0.0,0.0
463.0,B,RUNNING,460.112,4,7,2,10,0.2,30.0,99.6,931.6679,0.0,0,0.0,0.0
464.0,B,RUNNING,461.112,4,7,2,10,0.2,30.0,99.6,930.6679,0.0,0,0.0,0.0
465.0,B,RUNNING,462.112,4,7,2,10,0.2,30.0,99.6,929.6679,0.0,0,0.0,0.0
466.0,B,RUNNING,463.112,4,7,2,10,0.2,30.0,99.6,928.6679,0.0,0,0.0,0.0
467.0,B,RUNNING,464.112,4,7,2,10,0.2,30.0,99.6,927.6679,0.0,0,0.0,0.0
468.0,B,RUNNING,465.112,4,7,2,10,0.2,30.0,99.6,926.6679,0.0,0,0.0,0.0
469.0,B,RUNNING,466.112,4,7,2,10,0.2,30.0,99.6,925.6679,0.0,0,0.0,0.0
470.0,B,RUNNING,467.112,4,7,2,10,0.2,30.0,99.6,924.6679,0.0,0,0.0,0.0
471.0,B,RUNNING,468.112,4,7,2,10,0.2,30.0,99.6,923.6679,0.0,0,0.0,0.0
472.0,B,RUNNING,469.112,4,7,2,10,0.2,30.0,99.6,922.6679,0.0,0,0.0,0.0
473.0,B,RUNNING,470.112,4,7,2,10,0.2,30.0,99.6,921.6679,0.0,0,0.0,0.0
474.0,B,RUNNING,471.112,4,7,2,10,0.2,30.0,99.6,920.6679,0.0,0,0.0,0.0
475.0,B,RUNNING,472.112,4,7,2,10,0.2,30.0,99.6,919.6679,0.0,0,0.0,0.0
476.0,B,RUNNING,473.112,4,7,2,10,0.2,30.0,99.6,918.6679,0.0,0,0.0,0.0
477.0,B,RUNNING,474.112,4,7,2,10,0.2,30.0,99.6,917.6679,0.0,0,0.0,0.0
478.0,B,RUNNING,475.112,4,7,2,10,0.2,30.0,99.6,916.6679,0.0,0,0.0,0.0
479.0,B,RUNNING,476.112,4,7,2,10,0.2,30.0,99.6,915.6679,0.0,0,0.0,0.0
480.0,B,RUNNING,477.112,4,7,2,10,0.2,30.0,99.6,914.6679,0.0,0,0.0,0.0
481.0,B,RUNNING,478.112,4,7,2,10,0.2,30.0,99.6,913.6679,0.0,0,0.0,0.0
482.0,B,RUNNING,479.112,4,7,2,10,0.2,30.0,99.6,912.6679,0.0,0,0.0,0.0
483.0,B,RUNNING,480.112,4,7,2,10,0.2,30.0,99.6,911.6679,0.0,0,0.0,0.0
484.0,B,RUNNING,481.112,4,7,2,10,0.2,30.0,99.6,910.6679,0.0,0,0.0,0.0
485.0,B,RUNNING,482.112,4,7,2,10,0.2,30.0,99.6,909.6679,0.0,0,0.0,0.0
486.0,B,RUNNING,483.112,4,7,2,10,0.2,30.0,99.6,908.6679,0.0,0,0.0,0.0
487.0,B,RUNNING,484.112,4,7,2,10,0.2,30.0,99.6,907.6679,0.0,0,0.0,0.0
488.0,B,RUNNING,485.112,4,7,2,10,0.2,30.0,99.6,906.6679,0.0,0,0.0,0.0
489.0,B,RUNNING,486.112,4,7,2,10,0.2,30.0,99.6,905.6679,0.0,0,0.0,0.0
490.0,B,RUNNING,487.112,4,7,2,10,0.2,30.0,99.6,904.6679,0.0,0,0.0,0.0
491.0,B,RUNNING,488.112,4,7,2,10,0.2,30.0,99.6,903.6679,0.0,0,0.0,0.0
492.0,B,RUNNING,489.112,4,7,2,10,0.2,30.0,99.6,902.6679,0.0,0,0.0,0.0
493.0,B,RUNNING,490.112,4,7,2,10,0.2,30.0,99.6,901.6679,0.0,0,0.0,0.0
494.0,B,RUNNING,491.112,4,7,2,10,0.2,30.0,99.6,900.6679,0.0,0,0.0,0.0
495.0,B,RUNNING,492.112,4,7,2,10,0.2,30.0,99.6,899.6679,0.0,0,0.0,0.0
496.0,B,RUNNING,493.112,4,7,2,10,0.2,30.0,99.6,898.6679,0.0,0,0.0,0.0
497.0,B,RUNNING,494.112,4,7,2,10,0.2,30.0,99.6,897.6679,0.0,0,0.0,0.0
498.0,B,RUNNING,495.112,4,7,2,10,0.2,30.0,99.6,896.6679,0.0,0,0.0,0.0
499.0,B,RUNNING,496.112,4,7,2,10,0.2,30.0,99.6,895.6679,0.0,0,0.0,0.0
500.0,B,RUNNING,497.112,4,7,2,10,0.2,30.0,99.6,894.6679,0.0,0,0.0,0.0
501.0,B,RUNNING,498.112,4,7,2,10,0.2,30.0,99.6,893.6679,0.0,0,0.0,0.0
502.0,B,RUNNING,499.112,4,7,2,10,0.2,30.0,99.6,892.6679,0.0,0,0.0,0.0
503.0,B,RUNNING,500.112,4,7,2,10,0.2,30.0,99.6,891.6679,0.0,0,0.0,0.0
504.0,B,RUNNING,501.112,4,7,2,10,0.2,30.0,99.6,890.6679,0.0,0,0.0,0.0
505.0,B,RUNNING,502.112,4,7,2,10,0.2,30.0,99.6,889.6679,0.0,0,0.0,0.0
506.0,B,RUNNING,503.112,4,7,2,10,0.2,30.0,99.6,888.6679,0.0,0,0.0,0.0
507.0,B,RUNNING,504.112,4,7,2,10,0.2,30.0,99.6,887.6679,0.0,0,0.0,0.0
508.0,B,RUNNING,505.112,4,7,2,10,0.2,30.0,99.6,886.6679,0.0,0,0.0,0.0
509.0,B,RUNNING,506.112,4,7,2,10,0.2,30.0,99.6,885.6679,0.0,0,0.0,0.0
510.0,B,RUNNING,507.112,4,7,2,10,0.2,30.0,99.6,884.6679,0.0,0,0.0,0.0
511.0,B,RUNNING,508.112,4,7,2,10,0.2,30.0,99.6,883.6679,0.0,0,0.0,0.0
512.0,B,RUNNING,509.112,4,7,2,10,0.2,30.0,99.6,882.6679,0.0,0,0.0,0.0
513.0,B,RUNNING,510.112,4,7,2,10,0.2,30.0,99.6,881.6679,0.0,0,0.0,0.0
514.0,B,RUNNING,511.112,4,7,2,10,0.2,30.0,99.6,880.6679,0.0,0,0.0,0.0
515.0,B,RUNNING,512.112,4,7,2,10,0.2,30.0,99.6,879.6679,0.0,0,0.0,0.0
516.0,B,RUNNING,513.112,4,7,2,10,0.2,30.0,99.6,878.6679,0.0,0,0.0,0.0
517.0,B,RUNNING,514.112,4,7,2,10,0.2,30.0,99.6,877.6679,0.0,0,0.0,0.0
518.0,B,RUNNING,515.112,4,7,2,10,0.2,30.0,99.6,876.6679,0.0,0,0.0,0.0
519.0,B,RUNNING,516.112,4,7,2,10,0.2,30.0,99.6,875.6679,0.0,0,0.0,0.0
520.0,B,RUNNING,517.112,4,7,2,10,0.2,30.0,99.6,874.6679,0.0,0,0.0,0.0
521.0,B,RUNNING,518.112,4,7,2,10,0.2,30.0,99.6,873.6679,0.0,0,0.0,0.0
522.0,B,RUNNING,519.112,4,7,2,10,0.2,30.0,99.6,872.6679,0.0,0,0.0,0.0
523.0,B,RUNNING,520.112,4,7,2,10,0.2,30.0,99.6,871.6679,0.0,0,0.0,0.0
524.0,B,RUNNING,521.112,4,7,2,10,0.2,30.0,99.6,870.6679,0.0,0,0.0,0.0
525.0,B,RUNNING,522.112,4,7,2,10,0.2,30.0,99.6,869.6679,0.0,0,0.0,0.0
526.0,B,RUNNING,523.112,4,7,2,10,0.2,30.0,99.6,868.6679,0.0,0,0.0,0.0
527.0,B,RUNNING,524.112,4,7,2,10,0.2,30.0,99.6,867.6679,0.0,0,0.0,0.0
528.0,B,RUNNING,525.112,4,7,2,10,0.2,30.0,99.6,866.6679,0.0,0,0.0,0.0
529.0,B,RUNNING,526.112,4,7,2,10,0.2,30.0,99.6,865.6679,0.0,0,0.0,0.0
530.0,B,RUNNING,527.112,4,7,2,10,0.2,30.0,99.6,864.6679,0.0,0,0.0,0.0
531.0,B,RUNNING,528.112,4,7,2,10,0.2,30.0,99.6,863.6679,0.0,0,0.0,0.0
532.0,B,RUNNING,529.112,4,7,2,10,0.2,30.0,99.6,862.6679,0.0,0,0.0,0.0
533.0,B,RUNNING,530.112,4,7,2,10,0.2,30.0,99.6,861.6679,0.0,0,0.0,0.0
534.0,B,RUNNING,531.112,4,7,2,10,0.2,30.0,99.6,860.6679,0.0,0,0.0,0.0
535.0,B,RUNNING,532.112,4,7,2,10,0.2,30.0,99.6,859.6679,0.0,0,0.0,0.0
536.0,B,RUNNING,533.112,4,7,2,10,0.2,30.0,99.6,858.6679,0.0,0,0.0,0.0
537.0,B,RUNNING,534.112,4,7,2,10,0.2,30.0,99.6,857.6679,0.0,0,0.0,0.0
538.0,B,RUNNING,535.112,4,7,2,10,0.2,30.0,99.6,856.6679,0.0,0,0.0,0.0
539.0,B,RUNNING,536.112,4,7,2,10,0.2,30.0,99.6,855.6679,0.0,0,0.0,0.0
540.0,B,RUNNING,537.112,4,7,2,10,0.2,30.0,99.6,854.6679,0.0,0,0.0,0.0
541.0,B,RUNNING,538.112,4,7,2,10,0.2,30.0,99.6,853.6679,0.0,0,0.0,0.0
542.0,B,RUNNING,539.112,4,7,2,10,0.2,30.0,99.6,852.6679,0.0,0,0.0,0.0
543.0,B,RUNNING,540.112,4,7,2,10,0.2,30.0,99.6,851.6679,0.0,0,0.0,0.0
544.0,B,RUNNING,541.112,4,7,2,10,0.2,30.0,99.6,850.6679,0.0,0,0.0,0.0
545.0,B,RUNNING,542.112,4,7,2,10,0.2,30.0,99.6,849.6679,0.0,0,0.0,0.0
546.0,B,RUNNING,543.112,4,7,2,10,0.2,30.0,99.6,848.6679,0.0,0,0.0,0.0
547.0,B,RUNNING,544.112,4,7,2,10,0.2,30.0,99.6,847.6679,0.0,0,0.0,0.0
548.0,B,RUNNING,545.112,4,7,2,10,0.2,30.0,99.6,846.6679,0.0,0,0.0,0.0
549.0,B,RUNNING,546.112,4,7,2,10,0.2,30.0,99.6,845.6679,0.0,0,0.0,0.0
550.0,B,RUNNING,547.112,4,7,2,10,0.2,30.0,99.6,844.6679,0.0,0,0.0,0.0
551.0,B,RUNNING,548.112,4,7,2,10,0.2,30.0,99.6,843.6679,0.0,0,0.0,0.0
552.0,B,RUNNING,549.112,4,7,2,10,0.2,30.0,99.6,842.6679,0.0,0,0.0,0.0
553.0,B,RUNNING,550.112,4,7,2,10,0.2,30.0,99.6,841.6679,0.0,0,0.0,0.0
554.0,B,RUNNING,551.112,4,7,2,10,0.2,30.0,99.6,840.6679,0.0,0,0.0,0.0
555.0,B,RUNNING,552.112,5,7,3,10,0.3,30.0,99.5,852.0528,0.0,0,0.0,0.0
556.0,B,RUNNING,553.112,5,7,3,10,0.3,30.0,99.5,851.0528,0.0,0,0.0,0.0
557.0,B,RUNNING,554.112,5,7,3,10,0.3,30.0,99.5,850.0528,0.0,0,0.0,0.0
558.0,B,RUNNING,555.112,5,7,3,10,0.3,30.0,99.5,849.0528,0.0,0,0.0,0.0
559.0,B,RUNNING,556.112,5,7,3,10,0.3,30.0,99.5,848.0528,0.0,0,0.0,0.0
560.0,B,RUNNING,557.112,5,7,3,10,0.3,30.0,99.5,847.0528,0.0,0,0.0,0.0
561.0,B,RUNNING,558.112,5,7,3,10,0.3,30.0,99.5,846.0528,0.0,0,0.0,0.0
562.0,B,RUNNING,559.112,5,7,3,10,0.3,30.0,99.5,845.0528,0.0,0,0.0,0.0
563.0,B,RUNNING,560.112,5,7,3,10,0.3,30.0,99.5,844.0528,0.0,0,0.0,0.0
564.0,B,RUNNING,561.112,5,7,3,10,0.3,30.0,99.5,843.0528,0.0,0,0.0,0.0
565.0,B,RUNNING,562.112,5,7,3,10,0.3,30.0,99.5,842.0528,0.0,0,0.0,0.0
566.0,B,RUNNING,563.112,5,7,3,10,0.3,30.0,99.5,841.0528,0.0,0,0.0,0.0
567.0,B,RUNNING,564.112,5,7,3,10,0.3,30.0,99.5,840.0528,0.0,0,0.0,0.0
568.0,B,RUNNING,565.112,5,7,3,10,0.3,30.0,99.5,839.0528,0.0,0,0.0,0.0
569.0,B,RUNNING,566.112,5,7,3,10,0.3,30.0,99.5,838.0528,0.0,0,0.0,0.0
570.0,B,RUNNING,567.112,5,7,3,10,0.3,30.0,99.5,837.0528,0.0,0,0.0,0.0
571.0,B,RUNNING,568.112,5,7,3,10,0.3,30.0,99.5,836.0528,0.0,0,0.0,0.0
572.0,B,RUNNING,569.112,5,7,3,10,0.3,30.0,99.5,835.0528,0.0,0,0.0,0.0
573.0,B,RUNNING,570.112,5,7,3,10,0.3,30.0,99.5,834.0528,0.0,0,0.0,0.0
574.0,B,RUNNING,571.112,5,7,3,10,0.3,30.0,99.5,833.0528,0.0,0,0.0,0.0
575.0,B,RUNNING,572.112,5,7,3,10,0.3,30.0,99.5,832.0528,0.0,0,0.0,0.0
576.0,B,RUNNING,573.112,5,7,3,10,0.3,30.0,99.5,831.0528,0.0,0,0.0,0.0
577.0,B,RUNNING,574.112,5,7,3,10,0.3,30.0,99.5,830.0528,0.0,0,0.0,0.0
578.0,B,RUNNING,575.112,5,7,3,10,0.3,30.0,99.5,829.0528,0.0,0,0.0,0.0
579.0,B,RUNNING,576.112,5,7,3,10,0.3,30.0,99.5,828.0528,0.0,0,0.0,0.0
580.0,B,RUNNING,577.112,5,7,3,10,0.3,30.0,99.5,827.0528,0.0,0,0.0,0.0
581.0,B,RUNNING,578.112,5,7,3,10,0.3,30.0,99.5,826.0528,0.0,0,0.0,0.0
582.0,B,RUNNING,579.112,5,7,3,10,0.3,30.0,99.5,825.0528,0.0,0,0.0,0.0
583.0,B,RUNNING,580.112,5,7,3,10,0.3,30.0,99.5,824.0528,0.0,0,0.0,0.0
584.0,B,RUNNING,581.112,5,7,3,10,0.3,30.0,99.5,823.0528,0.0,0,0.0,0.0
585.0,B,RUNNING,582.112,5,7,3,10,0.3,30.0,99.5,822.0528,0.0,0,0.0,0.0
586.0,B,RUNNING,583.112,5,7,3,10,0.3,30.0,99.5,821.0528,0.0,0,0.0,0.0
587.0,B,RUNNING,584.112,5,7,3,10,0.3,30.0,99.5,820.0528,0.0,0,0.0,0.0
588.0,B,RUNNING,585.112,5,7,3,10,0.3,30.0,99.5,819.0528,0.0,0,0.0,0.0
589.0,B,RUNNING,586.112,5,7,3,10,0.3,30.0,99.5,818.0528,0.0,0,0.0,0.0
590.0,B,RUNNING,587.112,5,7,3,10,0.3,30.0,99.5,817.0528,0.0,0,0.0,0.0
591.0,B,RUNNING,588.112,5,7,3,10,0.3,30.0,99.5,816.0528,0.0,0,0.0,0.0
592.0,B,RUNNING,589.112,5,7,3,10,0.3,30.0,99.5,815.0528,0.0,0,0.0,0.0
593.0,B,RUNNING,590.112,5,7,3,10,0.3,30.0,99.5,814.0528,0.0,0,0.0,0.0
594.0,B,RUNNING,591.112,5,7,3,10,0.3,30.0,99.5,813.0528,0.0,0,0.0,0.0
595.0,B,RUNNING,592.112,5,7,3,10,0.3,30.0,99.5,812.0528,0.0,0,0.0,0.0
596.0,B,RUNNING,593.112,5,7,3,10,0.3,30.0,99.5,811.0528,0.0,0,0.0,0.0
597.0,B,RUNNING,594.112,5,7,3,10,0.3,30.0,99.5,810.0528,0.0,0,0.0,0.0
598.0,B,RUNNING,595.112,5,7,3,10,0.3,30.0,99.5,809.0528,0.0,0,0.0,0.0
599.0,B,RUNNING,596.112,5,7,3,10,0.3,30.0,99.5,808.0528,0.0,0,0.0,0.0
600.0,B,RUNNING,597.112,5,7,3,10,0.3,30.0,99.5,807.0528,0.0,0,0.0,0.0
601.0,B,RUNNING,598.112,5,7,3,10,0.3,30.0,99.5,806.0528,0.0,0,0.0,0.0
602.0,B,RUNNING,599.112,5,7,3,10,0.3,30.0,99.5,805.0528,0.0,0,0.0,0.0
603.0,B,RUNNING,600.112,5,7,3,10,0.3,30.0,99.5,804.0528,0.0,0,0.0,0.0
604.0,B,RUNNING,601.112,5,7,3,10,0.3,30.0,99.5,803.0528,0.0,0,0.0,0.0
605.0,B,RUNNING,602.112,5,7,3,10,0.3,30.0,99.5,802.0528,0.0,0,0.0,0.0
606.0,B,RUNNING,603.112,5,7,3,10,0.3,30.0,99.5,801.0528,0.0,0,0.0,0.0
607.0,B,RUNNING,604.112,5,7,3,10,0.3,30.0,99.5,800.0528,0.0,0,0.0,0.0
608.0,B,RUNNING,605.112,5,7,3,10,0.3,30.0,99.5,799.0528,0.0,0,0.0,0.0
609.0,B,RUNNING,606.112,5,7,3,10,0.3,30.0,99.5,798.0528,0.0,0,0.0,0.0
610.0,B,RUNNING,607.112,5,7,3,10,0.3,30.0,99.5,797.0528,0.0,0,0.0,0.0
611.0,B,RUNNING,608.112,5,10,0,10,0.0,30.0,99.5,1156.0528,0.0,0,0.0,0.0
612.0,B,RUNNING,609.112,5,10,0,10,0.0,30.0,99.5,1155.0528,0.0,0,0.0,0.0
613.0,B,RUNNING,610.112,5,10,0,10,0.0,30.0,99.5,1154.0528,0.0,0,0.0,0.0
614.0,B,RUNNING,611.112,5,10,0,10,0.0,30.0,99.5,1153.0528,0.0,0,0.0,0.0
615.0,B,RUNNING,612.112,5,10,0,10,0.0,30.0,99.5,1152.0528,0.0,0,0.0,0.0
616.0,B,RUNNING,613.112,5,10,0,10,0.0,30.0,99.5,1151.0528,0.0,0,0.0,0.0
617.0,B,RUNNING,614.112,5,10,0,10,0.0,30.0,99.5,1150.0528,0.0,0,0.0,0.0
618.0,B,RUNNING,615.112,5,10,0,10,0.0,30.0,99.5,1149.0528,0.0,0,0.0,0.0
619.0,B,RUNNING,616.112,5,10,0,10,0.0,30.0,99.5,1148.0528,0.0,0,0.0,0.0
620.0,B,RUNNING,617.112,5,10,0,10,0.0,30.0,99.5,1147.0528,0.0,0,0.0,0.0
621.0,B,RUNNING,618.112,5,10,0,10,0.0,30.0,99.5,1146.0528,0.0,0,0.0,0.0
622.0,B,RUNNING,619.112,5,10,0,10,0.0,30.0,99.5,1145.0528,0.0,0,0.0,0.0
623.0,B,RUNNING,620.112,5,10,0,10,0.0,30.0,99.5,1144.0528,0.0,0,0.0,0.0
624.0,B,RUNNING,621.112,5,10,0,10,0.0,30.0,99.5,1143.0528,0.0,0,0.0,0.0
625.0,B,RUNNING,622.112,5,10,0,10,0.0,30.0,99.5,1142.0528,0.0,0,0.0,0.0
626.0,B,RUNNING,623.112,5,10,0,10,0.0,30.0,99.5,1141.0528,0.0,0,0.0,0.0
627.0,B,RUNNING,624.112,5,10,0,10,0.0,30.0,99.5,1140.0528,0.0,0,0.0,0.0
628.0,B,RUNNING,625.112,5,10,0,10,0.0,30.0,99.5,1139.0528,0.0,0,0.0,0.0
629.0,B,RUNNING,626.112,5,10,0,10,0.0,30.0,99.5,1138.0528,0.0,0,0.0,0.0
630.0,B,RUNNING,627.112,5,10,0,10,0.0,30.0,99.5,1137.0528,0.0,0,0.0,0.0
631.0,B,RUNNING,628.112,5,10,0,10,0.0,30.0,99.5,1136.0528,0.0,0,0.0,0.0
632.0,B,RUNNING,629.112,5,10,0,10,0.0,30.0,99.5,1135.0528,0.0,0,0.0,0.0
633.0,B,RUNNING,630.112,5,10,0,10,0.0,30.0,99.5,1134.0528,0.0,0,0.0,0.0
634.0,B,RUNNING,631.112,5,10,0,10,0.0,30.0,99.5,1133.0528,0.0,0,0.0,0.0
635.0,B,RUNNING,632.112,5,10,0,10,0.0,30.0,99.5,1132.0528,0.0,0,0.0,0.0
636.0,B,RUNNING,633.112,5,10,0,10,0.0,30.0,99.5,1131.0528,0.0,0,0.0,0.0
637.0,B,RUNNING,634.112,5,10,0,10,0.0,30.0,99.5,1130.0528,0.0,0,0.0,0.0
638.0,B,RUNNING,635.112,5,10,0,10,0.0,30.0,99.5,1129.0528,0.0,0,0.0,0.0
639.0,B,RUNNING,636.112,5,10,0,10,0.0,30.0,99.5,1128.0528,0.0,0,0.0,0.0
640.0,B,RUNNING,637.112,5,10,0,10,0.0,30.0,99.5,1127.0528,0.0,0,0.0,0.0
641.0,B,RUNNING,638.112,5,10,0,10,0.0,30.0,99.5,1126.0528,0.0,0,0.0,0.0
642.0,B,RUNNING,639.112,5,10,0,10,0.0,30.0,99.5,1125.0528,0.0,0,0.0,0.0
643.0,B,RUNNING,640.112,5,10,0,10,0.0,30.0,99.5,1124.0528,0.0,0,0.0,0.0
644.0,B,RUNNING,641.112,5,10,0,10,0.0,30.0,99.5,1123.0528,0.0,0,0.0,0.0
645.0,B,RUNNING,642.112,5,10,0,10,0.0,30.0,99.5,1122.0528,0.0,0,0.0,0.0
646.0,B,RUNNING,643.112,5,10,0,10,0.0,30.0,99.5,1121.0528,0.0,0,0.0,0.0
647.0,B,RUNNING,644.112,5,10,0,10,0.0,30.0,99.5,1120.0528,0.0,0,0.0,0.0
648.0,B,RUNNING,645.112,5,10,0,10,0.0,30.0,99.5,1119.0528,0.0,0,0.0,0.0
649.0,B,RUNNING,646.112,5,10,0,10,0.0,30.0,99.5,1118.0528,0.0,0,0.0,0.0
650.0,B,RUNNING,647.112,5,10,0,10,0.0,30.0,99.5,1117.0528,0.0,0,0.0,0.0
651.0,B,RUNNING,648.112,5,10,0,10,0.0,30.0,99.5,1116.0528,0.0,0,0.0,0.0
652.0,B,RUNNING,649.112,5,10,0,10,0.0,30.0,99.5,1115.0528,0.0,0,0.0,0.0
653.0,B,RUNNING,650.112,5,10,0,10,0.0,30.0,99.5,1114.0528,0.0,0,0.0,0.0
654.0,B,RUNNING,651.112,5,10,0,10,0.0,30.0,99.5,1113.0528,0.0,0,0.0,0.0
655.0,B,RUNNING,652.112,5,10,0,10,0.0,30.0,99.5,1112.0528,0.0,0,0.0,0.0
656.0,B,RUNNING,653.112,5,10,0,10,0.0,30.0,99.5,1111.0528,0.0,0,0.0,0.0
657.0,B,RUNNING,654.112,5,10,0,10,0.0,30.0,99.5,1110.0528,0.0,0,0.0,0.0
658.0,B,RUNNING,655.112,5,10,0,10,0.0,30.0,99.5,1109.0528,0.0,0,0.0,0.0
659.0,B,RUNNING,656.112,5,10,0,10,0.0,30.0,99.5,1108.0528,0.0,0,0.0,0.0
660.0,B,RUNNING,657.112,5,10,0,10,0.0,30.0,99.5,1107.0528,0.0,0,0.0,0.0
661.0,B,RUNNING,658.112,5,10,0,10,0.0,30.0,99.5,1106.0528,0.0,0,0.0,0.0
662.0,B,RUNNING,659.112,5,10,0,10,0.0,30.0,99.5,1105.0528,0.0,0,0.0,0.0
663.0,B,RUNNING,660.112,5,10,0,10,0.0,30.0,99.5,1104.0528,0.0,0,0.0,0.0
664.0,B,RUNNING,661.112,5,10,0,10,0.0,30.0,99.5,1103.0528,0.0,0,0.0,0.0
665.0,B,RUNNING,662.112,5,10,0,10,0.0,30.0,99.5,1102.0528,0.0,0,0.0,0.0
666.0,B,RUNNING,663.112,5,10,0,10,0.0,30.0,99.5,1101.0528,0.0,0,0.0,0.0
667.0,B,RUNNING,664.112,5,10,0,10,0.0,30.0,99.5,1100.0528,0.0,0,0.0,0.0
668.0,B,RUNNING,665.112,5,10,0,10,0.0,30.0,99.5,1099.0528,0.0,0,0.0,0.0
669.0,B,RUNNING,666.112,5,10,0,10,0.0,30.0,99.5,1098.0528,0.0,0,0.0,0.0
670.0,B,RUNNING,667.112,5,10,0,10,0.0,30.0,99.5,1097.0528,0.0,0,0.0,0.0
671.0,B,RUNNING,668.112,5,10,0,10,0.0,30.0,99.5,1096.0528,0.0,0,0.0,0.0
672.0,B,RUNNING,669.112,5,10,0,10,0.0,30.0,99.5,1095.0528,0.0,0,0.0,0.0
673.0,B,RUNNING,670.112,5,10,0,10,0.0,30.0,99.5,1094.0528,0.0,0,0.0,0.0
674.0,B,RUNNING,671.112,5,10,0,10,0.0,30.0,99.5,1093.0528,0.0,0,0.0,0.0
675.0,B,RUNNING,672.112,5,10,0,10,0.0,30.0,99.5,1092.0528,0.0,0,0.0,0.0
676.0,B,RUNNING,673.112,5,10,0,10,0.0,30.0,99.5,1091.0528,0.0,0,0.0,0.0
677.0,B,RUNNING,674.112,5,10,0,10,0.0,30.0,99.5,1090.0528,0.0,0,0.0,0.0
678.0,B,RUNNING,675.112,5,10,0,10,0.0,30.0,99.5,1089.0528,0.0,0,0.0,0.0
679.0,B,RUNNING,676.112,5,10,0,10,0.0,30.0,99.5,1088.0528,0.0,0,0.0,0.0
680.0,B,RUNNING,677.112,5,10,0,10,0.0,30.0,99.5,1087.0528,0.0,0,0.0,0.0
681.0,B,RUNNING,678.112,5,10,0,10,0.0,30.0,99.5,1086.0528,0.0,0,0.0,0.0
682.0,B,RUNNING,679.112,5,10,0,10,0.0,30.0,99.5,1085.0528,0.0,0,0.0,0.0
683.0,B,RUNNING,680.112,5,10,0,10,0.0,30.0,99.5,1084.0528,0.0,0,0.0,0.0
684.0,B,RUNNING,681.112,5,10,0,10,0.0,30.0,99.5,1083.0528,0.0,0,0.0,0.0
685.0,B,RUNNING,682.112,5,10,0,10,0.0,30.0,99.5,1082.0528,0.0,0,0.0,0.0
686.0,B,RUNNING,683.112,5,10,0,10,0.0,30.0,99.5,1081.0528,0.0,0,0.0,0.0
687.0,B,RUNNING,684.112,5,10,0,10,0.0,30.0,99.5,1080.0528,0.0,0,0.0,0.0
688.0,B,RUNNING,685.112,6,10,1,10,0.1,30.0,99.4,1048.4029,0.0,0,0.0,0.0
689.0,B,RUNNING,686.112,6,10,1,10,0.1,30.0,99.4,1047.4029,0.0,0,0.0,0.0
690.0,B,RUNNING,687.112,6,10,1,10,0.1,30.0,99.4,1046.4029,0.0,0,0.0,0.0
691.0,B,RUNNING,688.112,6,10,1,10,0.1,30.0,99.4,1045.4029,0.0,0,0.0,0.0
692.0,B,RUNNING,689.112,6,10,1,10,0.1,30.0,99.4,1044.4029,0.0,0,0.0,0.0
693.0,B,RUNNING,690.112,6,10,1,10,0.1,30.0,99.4,1043.4029,0.0,0,0.0,0.0
694.0,B,RUNNING,691.112,6,10,1,10,0.1,30.0,99.4,1042.4029,0.0,0,0.0,0.0
695.0,B,RUNNING,692.112,6,10,1,10,0.1,30.0,99.4,1041.4029,0.0,0,0.0,0.0
696.0,B,RUNNING,693.112,6,10,1,10,0.1,30.0,99.4,1040.4029,0.0,0,0.0,0.0
697.0,B,RUNNING,694.112,6,10,1,10,0.1,30.0,99.4,1039.4029,0.0,0,0.0,0.0
698.0,B,RUNNING,695.112,6,10,1,10,0.1,30.0,99.4,1038.4029,0.0,0,0.0,0.0
699.0,B,RUNNING,696.112,6,10,1,10,0.1,30.0,99.4,1037.4029,0.0,0,0.0,0.0
700.0,B,RUNNING,697.112,6,10,1,10,0.1,30.0,99.4,1036.4029,0.0,0,0.0,0.0
701.0,B,RUNNING,698.112,6,10,1,10,0.1,30.0,99.4,1035.4029,0.0,0,0.0,0.0
702.0,B,RUNNING,699.112,6,10,1,10,0.1,30.0,99.4,1034.4029,0.0,0,0.0,0.0
703.0,B,RUNNING,700.112,6,10,1,10,0.1,30.0,99.4,1033.4029,0.0,0,0.0,0.0
704.0,B,RUNNING,701.112,6,10,1,10,0.1,30.0,99.4,1032.4029,0.0,0,0.0,0.0
705.0,B,RUNNING,702.112,6,10,1,10,0.1,30.0,99.4,1031.4029,0.0,0,0.0,0.0
706.0,B,RUNNING,703.112,6,10,1,10,0.1,30.0,99.4,1030.4029,0.0,0,0.0,0.0
707.0,B,RUNNING,704.112,6,10,1,10,0.1,30.0,99.4,1029.4029,0.0,0,0.0,0.0
708.0,B,RUNNING,705.112,6,10,1,10,0.1,30.0,99.4,1028.4029,0.0,0,0.0,0.0
709.0,B,RUNNING,706.112,6,10,1,10,0.1,30.0,99.4,1027.4029,0.0,0,0.0,0.0
710.0,B,RUNNING,707.112,6,10,1,10,0.1,30.0,99.4,1026.4029,0.0,0,0.0,0.0
711.0,B,RUNNING,708.112,6,10,1,10,0.1,30.0,99.4,1025.4029,0.0,0,0.0,0.0
712.0,B,RUNNING,709.112,6,10,1,10,0.1,30.0,99.4,1024.4029,0.0,0,0.0,0.0
713.0,B,RUNNING,710.112,6,10,1,10,0.1,30.0,99.4,1023.4029,0.0,0,0.0,0.0
714.0,B,RUNNING,711.112,6,10,1,10,0.1,30.0,99.4,1022.4029,0.0,0,0.0,0.0
715.0,B,RUNNING,712.112,6,10,1,10,0.1,30.0,99.4,1021.4029,0.0,0,0.0,0.0
716.0,B,RUNNING,713.112,6,10,1,10,0.1,30.0,99.4,1020.4029,0.0,0,0.0,0.0
717.0,B,RUNNING,714.112,6,10,1,10,0.1,30.0,99.4,1019.4029,0.0,0,0.0,0.0
718.0,B,RUNNING,715.112,6,10,1,10,0.1,30.0,99.4,1018.4029,0.0,0,0.0,0.0
719.0,B,RUNNING,716.112,6,10,1,10,0.1,30.0,99.4,1017.4029,0.0,0,0.0,0.0
720.0,B,RUNNING,717.112,6,10,1,10,0.1,30.0,99.4,1016.4029,0.0,0,0.0,0.0
721.0,B,RUNNING,718.112,6,10,1,10,0.1,30.0,99.4,1015.4029,0.0,0,0.0,0.0
722.0,B,RUNNING,719.112,6,10,1,10,0.1,30.0,99.4,1014.4029,0.0,0,0.0,0.0
723.0,B,RUNNING,720.112,6,10,1,10,0.1,30.0,99.4,1013.4029,0.0,0,0.0,0.0
724.0,B,RUNNING,721.112,6,10,1,10,0.1,30.0,99.4,1012.4029,0.0,0,0.0,0.0
725.0,B,RUNNING,722.112,6,10,1,10,0.1,30.0,99.4,1011.4029,0.0,0,0.0,0.0
726.0,B,RUNNING,723.112,6,10,1,10,0.1,30.0,99.4,1010.4029,0.0,0,0.0,0.0
727.0,B,RUNNING,724.112,6,10,1,10,0.1,30.0,99.4,1009.4029,0.0,0,0.0,0.0
728.0,B,RUNNING,725.112,6,10,1,10,0.1,30.0,99.4,1008.4029,0.0,0,0.0,0.0
729.0,B,RUNNING,726.112,6,10,1,10,0.1,30.0,99.4,1007.4029,0.0,0,0.0,0.0
730.0,B,RUNNING,727.112,6,10,1,10,0.1,30.0,99.4,1006.4029,0.0,0,0.0,0.0
731.0,B,RUNNING,728.112,6,10,1,10,0.1,30.0,99.4,1005.4029,0.0,0,0.0,0.0
732.0,B,RUNNING,729.112,6,10,1,10,0.1,30.0,99.4,1004.4029,0.0,0,0.0,0.0
733.0,B,RUNNING,730.112,6,10,1,10,0.1,30.0,99.4,1003.4029,0.0,0,0.0,0.0
734.0,B,RUNNING,731.112,6,10,1,10,0.1,30.0,99.4,1002.4029,0.0,0,0.0,0.0
735.0,B,RUNNING,732.112,6,10,1,10,0.1,30.0,99.4,1001.4029,0.0,0,0.0,0.0
736.0,B,RUNNING,733.112,6,10,1,10,0.1,30.0,99.4,1000.4029,0.0,0,0.0,0.0
737.0,B,RUNNING,734.112,6,10,1,10,0.1,30.0,99.4,999.4029,0.0,0,0.0,0.0
738.0,B,RUNNING,735.112,6,10,1,10,0.1,30.0,99.4,998.4029,0.0,0,0.0,0.0
739.0,B,RUNNING,736.112,6,10,1,10,0.1,30.0,99.4,997.4029,0.0,0,0.0,0.0
740.0,B,RUNNING,737.112,6,10,1,10,0.1,30.0,99.4,996.4029,0.0,0,0.0,0.0
741.0,B,RUNNING,738.112,6,10,1,10,0.1,30.0,99.4,995.4029,0.0,0,0.0,0.0
742.0,B,RUNNING,739.112,6,10,1,10,0.1,30.0,99.4,994.4029,0.0,0,0.0,0.0
743.0,B,RUNNING,740.112,6,10,1,10,0.1,30.0,99.4,993.4029,0.0,0,0.0,0.0
744.0,B,RUNNING,741.112,6,10,1,10,0.1,30.0,99.4,992.4029,0.0,0,0.0,0.0
745.0,B,RUNNING,742.112,6,10,1,10,0.1,30.0,99.4,991.4029,0.0,0,0.0,0.0
746.0,B,RUNNING,743.112,6,10,1,10,0.1,30.0,99.4,990.4029,0.0,0,0.0,0.0
747.0,B,RUNNING,744.112,6,10,1,10,0.1,30.0,99.4,989.4029,0.0,0,0.0,0.0
748.0,B,RUNNING,745.112,6,10,1,10,0.1,30.0,99.4,988.4029,0.0,0,0.0,0.0
749.0,B,RUNNING,746.112,6,10,1,10,0.1,30.0,99.4,987.4029,0.0,0,0.0,0.0
750.0,B,RUNNING,747.112,6,10,1,10,0.1,30.0,99.4,986.4029,0.0,0,0.0,0.0
751.0,B,RUNNING,748.112,6,10,1,10,0.1,30.0,99.4,985.4029,0.0,0,0.0,0.0
752.0,B,RUNNING,749.112,6,10,1,10,0.1,30.0,99.4,984.4029,0.0,0,0.0,0.0
753.0,B,RUNNING,750.112,6,10,1,10,0.1,30.0,99.4,983.4029,0.0,0,0.0,0.0
754.0,B,RUNNING,751.112,6,10,1,10,0.1,30.0,99.4,982.4029,0.0,0,0.0,0.0
755.0,B,RUNNING,752.112,6,10,1,10,0.1,30.0,99.4,981.4029,0.0,0,0.0,0.0
756.0,B,RUNNING,753.112,6,10,1,10,0.1,30.0,99.4,980.4029,0.0,0,0.0,0.0
757.0,B,RUNNING,754.112,6,10,1,10,0.1,30.0,99.4,979.4029,0.0,0,0.0,0.0
758.0,B,RUNNING,755.112,6,10,1,10,0.1,30.0,99.4,978.4029,0.0,0,0.0,0.0
759.0,B,RUNNING,756.112,6,10,1,10,0.1,30.0,99.4,977.4029,0.0,0,0.0,0.0
760.0,B,RUNNING,757.112,6,10,1,10,0.1,30.0,99.4,976.4029,0.0,0,0.0,0.0
761.0,B,RUNNING,758.112,6,10,1,10,0.1,30.0,99.4,975.4029,0.0,0,0.0,0.0
762.0,B,RUNNING,759.112,6,10,1,10,0.1,30.0,99.4,974.4029,0.0,0,0.0,0.0
763.0,B,RUNNING,760.112,6,10,1,10,0.1,30.0,99.4,973.4029,0.0,0,0.0,0.0
764.0,B,RUNNING,761.112,6,10,1,10,0.1,30.0,99.4,972.4029,0.0,0,0.0,0.0
765.0,B,RUNNING,762.112,6,10,1,10,0.1,30.0,99.4,971.4029,0.0,0,0.0,0.0
766.0,B,RUNNING,763.112,6,10,1,10,0.1,30.0,99.4,970.4029,0.0,0,0.0,0.0
767.0,B,RUNNING,764.112,6,10,1,10,0.1,30.0,99.4,969.4029,0.0,0,0.0,0.0
768.0,B,RUNNING,765.112,6,10,1,10,0.1,30.0,99.4,968.4029,0.0,0,0.0,0.0
769.0,B,RUNNING,766.112,6,10,1,10,0.1,30.0,99.4,967.4029,0.0,0,0.0,0.0
770.0,B,RUNNING,767.112,6,10,1,10,0.1,30.0,99.4,966.4029,0.0,0,0.0,0.0
771.0,B,RUNNING,768.112,6,10,1,10,0.1,30.0,99.4,965.4029,0.0,0,0.0,0.0
772.0,B,RUNNING,769.112,6,10,1,10,0.1,30.0,99.4,964.4029,0.0,0,0.0,0.0
773.0,B,RUNNING,770.112,6,10,1,10,0.1,30.0,99.4,963.4029,0.0,0,0.0,0.0
774.0,B,RUNNING,771.112,6,10,1,10,0.1,30.0,99.4,962.4029,0.0,0,0.0,0.0
775.0,B,RUNNING,772.112,6,10,1,10,0.1,30.0,99.4,961.4029,0.0,0,0.0,0.0
776.0,B,RUNNING,773.112,6,10,1,10,0.1,30.0,99.4,960.4029,0.0,0,0.0,0.0
777.0,B,RUNNING,774.112,7,10,2,10,0.2,30.0,99.3,977.0615,0.0,0,0.0,0.0
778.0,B,RUNNING,775.112,7,10,2,10,0.2,30.0,99.3,976.0615,0.0,0,0.0,0.0
779.0,B,RUNNING,776.112,7,10,2,10,0.2,30.0,99.3,975.0615,0.0,0,0.0,0.0
780.0,B,RUNNING,777.112,7,10,2,10,0.2,30.0,99.3,974.0615,0.0,0,0.0,0.0
781.0,B,RUNNING,778.112,7,10,2,10,0.2,30.0,99.3,973.0615,0.0,0,0.0,0.0
782.0,B,RUNNING,779.112,7,10,2,10,0.2,30.0,99.3,972.0615,0.0,0,0.0,0.0
783.0,B,RUNNING,780.112,7,10,2,10,0.2,30.0,99.3,971.0615,0.0,0,0.0,0.0
784.0,B,RUNNING,781.112,7,10,2,10,0.2,30.0,99.3,970.0615,0.0,0,0.0,0.0
785.0,B,RUNNING,782.112,7,10,2,10,0.2,30.0,99.3,969.0615,0.0,0,0.0,0.0
786.0,B,RUNNING,783.112,7,10,2,10,0.2,30.0,99.3,968.0615,0.0,0,0.0,0.0
787.0,B,RUNNING,784.112,7,10,2,10,0.2,30.0,99.3,967.0615,0.0,0,0.0,0.0
788.0,B,RUNNING,785.112,7,10,2,10,0.2,30.0,99.3,966.0615,0.0,0,0.0,0.0
789.0,B,RUNNING,786.112,7,10,2,10,0.2,30.0,99.3,965.0615,0.0,0,0.0,0.0
790.0,B,RUNNING,787.112,7,10,2,10,0.2,30.0,99.3,964.0615,0.0,0,0.0,0.0
791.0,B,RUNNING,788.112,7,10,2,10,0.2,30.0,99.3,963.0615,0.0,0,0.0,0.0
792.0,B,RUNNING,789.112,7,10,2,10,0.2,30.0,99.3,962.0615,0.0,0,0.0,0.0
793.0,B,RUNNING,790.112,7,10,2,10,0.2,30.0,99.3,961.0615,0.0,0,0.0,0.0
794.0,B,RUNNING,791.112,7,10,2,10,0.2,30.0,99.3,960.0615,0.0,0,0.0,0.0
795.0,B,RUNNING,792.112,7,10,2,10,0.2,30.0,99.3,959.0615,0.0,0,0.0,0.0
796.0,B,RUNNING,793.112,7,10,2,10,0.2,30.0,99.3,958.0615,0.0,0,0.0,0.0
797.0,B,RUNNING,794.112,7,10,2,10,0.2,30.0,99.3,957.0615,0.0,0,0.0,0.0
798.0,B,RUNNING,795.112,7,10,2,10,0.2,30.0,99.3,956.0615,0.0,0,0.0,0.0
799.0,B,RUNNING,796.112,7,10,2,10,0.2,30.0,99.3,955.0615,0.0,0,0.0,0.0
800.0,B,RUNNING,797.112,7,10,2,10,0.2,30.0,99.3,954.0615,0.0,0,0.0,0.0
801.0,B,RUNNING,798.112,7,10,2,10,0.2,30.0,99.3,953.0615,0.0,0,0.0,0.0
802.0,B,RUNNING,799.112,7,10,2,10,0.2,30.0,99.3,952.0615,0.0,0,0.0,0.0
803.0,B,RUNNING,800.112,7,10,2,10,0.2,30.0,99.3,951.0615,0.0,0,0.0,0.0
804.0,B,RUNNING,801.112,7,10,2,10,0.2,30.0,99.3,950.0615,0.0,0,0.0,0.0
805.0,B,RUNNING,802.112,7,10,2,10,0.2,30.0,99.3,949.0615,0.0,0,0.0,0.0
806.0,B,RUNNING,803.112,7,10,2,10,0.2,30.0,99.3,948.0615,0.0,0,0.0,0.0
807.0,B,RUNNING,804.112,7,10,2,10,0.2,30.0,99.3,947.0615,0.0,0,0.0,0.0
808.0,B,RUNNING,805.112,7,10,2,10,0.2,30.0,99.3,946.0615,0.0,0,0.0,0.0
809.0,B,RUNNING,806.112,7,10,2,10,0.2,30.0,99.3,945.0615,0.0,0,0.0,0.0
810.0,B,RUNNING,807.112,7,10,2,10,0.2,30.0,99.3,944.0615,0.0,0,0.0,0.0
811.0,B,RUNNING,808.112,7,10,2,10,0.2,30.0,99.3,943.0615,0.0,0,0.0,0.0
812.0,B,RUNNING,809.112,7,10,2,10,0.2,30.0,99.3,942.0615,0.0,0,0.0,0.0
813.0,B,RUNNING,810.112,7,10,2,10,0.2,30.0,99.3,941.0615,0.0,0,0.0,0.0
814.0,B,RUNNING,811.112,7,10,2,10,0.2,30.0,99.3,940.0615,0.0,0,0.0,0.0
815.0,B,RUNNING,812.112,7,10,2,10,0.2,30.0,99.3,939.0615,0.0,0,0.0,0.0
816.0,B,RUNNING,813.112,7,10,2,10,0.2,30.0,99.3,938.0615,0.0,0,0.0,0.0
817.0,B,RUNNING,814.112,7,10,2,10,0.2,30.0,99.3,937.0615,0.0,0,0.0,0.0
818.0,B,RUNNING,815.112,7,10,2,10,0.2,30.0,99.3,936.0615,0.0,0,0.0,0.0
819.0,B,RUNNING,816.112,7,10,2,10,0.2,30.0,99.3,935.0615,0.0,0,0.0,0.0
820.0,B,RUNNING,817.112,7,10,2,10,0.2,30.0,99.3,934.0615,0.0,0,0.0,0.0
821.0,B,RUNNING,818.112,7,10,2,10,0.2,30.0,99.3,933.0615,0.0,0,0.0,0.0
822.0,B,RUNNING,819.112,7,10,2,10,0.2,30.0,99.3,932.0615,0.0,0,0.0,0.0
823.0,B,RUNNING,820.112,7,10,2,10,0.2,30.0,99.3,931.0615,0.0,0,0.0,0.0
824.0,B,RUNNING,821.112,7,10,2,10,0.2,30.0,99.3,930.0615,0.0,0,0.0,0.0
825.0,B,RUNNING,822.112,7,10,2,10,0.2,30.0,99.3,929.0615,0.0,0,0.0,0.0
826.0,B,RUNNING,823.112,7,10,2,10,0.2,30.0,99.3,928.0615,0.0,0,0.0,0.0
827.0,B,RUNNING,824.112,7,10,2,10,0.2,30.0,99.3,927.0615,0.0,0,0.0,0.0
828.0,B,RUNNING,825.112,7,10,2,10,0.2,30.0,99.3,926.0615,0.0,0,0.0,0.0
829.0,B,RUNNING,826.112,7,10,2,10,0.2,30.0,99.3,925.0615,0.0,0,0.0,0.0
830.0,B,RUNNING,827.112,7,10,2,10,0.2,30.0,99.3,924.0615,0.0,0,0.0,0.0
831.0,B,RUNNING,828.112,7,10,2,10,0.2,30.0,99.3,923.0615,0.0,0,0.0,0.0
832.0,B,RUNNING,829.112,7,10,2,10,0.2,30.0,99.3,922.0615,0.0,0,0.0,0.0
833.0,B,RUNNING,830.112,7,10,2,10,0.2,30.0,99.3,921.0615,0.0,0,0.0,0.0
834.0,B,RUNNING,831.112,7,10,2,10,0.2,30.0,99.3,920.0615,0.0,0,0.0,0.0
835.0,B,RUNNING,832.112,7,10,2,10,0.2,30.0,99.3,919.0615,0.0,0,0.0,0.0
836.0,B,RUNNING,833.112,7,10,2,10,0.2,30.0,99.3,918.0615,0.0,0,0.0,0.0
837.0,B,RUNNING,834.112,7,10,2,10,0.2,30.0,99.3,917.0615,0.0,0,0.0,0.0
838.0,B,RUNNING,835.112,7,10,2,10,0.2,30.0,99.3,916.0615,0.0,0,0.0,0.0
839.0,B,RUNNING,836.112,7,10,2,10,0.2,30.0,99.3,915.0615,0.0,0,0.0,0.0
840.0,B,RUNNING,837.112,7,10,2,10,0.2,30.0,99.3,914.0615,0.0,0,0.0,0.0
841.0,B,RUNNING,838.112,7,10,2,10,0.2,30.0,99.3,913.0615,0.0,0,0.0,0.0
842.0,B,RUNNING,839.112,7,10,2,10,0.2,30.0,99.3,912.0615,0.0,0,0.0,0.0
843.0,B,RUNNING,840.112,7,10,2,10,0.2,30.0,99.3,911.0615,0.0,0,0.0,0.0
844.0,B,RUNNING,841.112,7,10,2,10,0.2,30.0,99.3,910.0615,0.0,0,0.0,0.0
845.0,B,RUNNING,842.112,7,10,2,10,0.2,30.0,99.3,909.0615,0.0,0,0.0,0.0
846.0,B,RUNNING,843.112,7,10,2,10,0.2,30.0,99.3,908.0615,0.0,0,0.0,0.0
847.0,B,RUNNING,844.112,7,10,2,10,0.2,30.0,99.3,907.0615,0.0,0,0.0,0.0
848.0,B,RUNNING,845.112,7,10,2,10,0.2,30.0,99.3,906.0615,0.0,0,0.0,0.0
849.0,B,RUNNING,846.112,7,10,2,10,0.2,30.0,99.3,905.0615,0.0,0,0.0,0.0
850.0,B,RUNNING,847.112,7,10,2,10,0.2,30.0,99.3,904.0615,0.0,0,0.0,0.0
851.0,B,RUNNING,848.112,7,10,2,10,0.2,30.0,99.3,903.0615,0.0,0,0.0,0.0
852.0,B,RUNNING,849.112,7,10,2,10,0.2,30.0,99.3,902.0615,0.0,0,0.0,0.0
853.0,B,RUNNING,850.112,7,10,2,10,0.2,30.0,99.3,901.0615,0.0,0,0.0,0.0
854.0,B,RUNNING,851.112,7,10,2,10,0.2,30.0,99.3,900.0615,0.0,0,0.0,0.0
855.0,B,RUNNING,852.112,7,10,2,10,0.2,30.0,99.3,899.0615,0.0,0,0.0,0.0
856.0,B,RUNNING,853.112,7,10,2,10,0.2,30.0,99.3,898.0615,0.0,0,0.0,0.0
857.0,B,RUNNING,854.112,7,10,2,10,0.2,30.0,99.3,897.0615,0.0,0,0.0,0.0
858.0,B,RUNNING,855.112,7,10,2,10,0.2,30.0,99.3,896.0615,0.0,0,0.0,0.0
859.0,B,RUNNING,856.112,7,10,2,10,0.2,30.0,99.3,895.0615,0.0,0,0.0,0.0
860.0,B,RUNNING,857.112,7,10,2,10,0.2,30.0,99.3,894.0615,0.0,0,0.0,0.0
861.0,B,RUNNING,858.112,7,10,2,10,0.2,30.0,99.3,893.0615,0.0,0,0.0,0.0
862.0,B,RUNNING,859.112,7,10,2,10,0.2,30.0,99.3,892.0615,0.0,0,0.0,0.0
863.0,B,RUNNING,860.112,7,10,2,10,0.2,30.0,99.3,891.0615,0.0,0,0.0,0.0
864.0,B,RUNNING,861.112,7,10,2,10,0.2,30.0,99.3,890.0615,0.0,0,0.0,0.0
865.0,B,RUNNING,862.112,7,10,2,10,0.2,30.0,99.3,889.0615,0.0,0,0.0,0.0
866.0,B,RUNNING,863.112,7,10,2,10,0.2,30.0,99.3,888.0615,0.0,0,0.0,0.0
867.0,B,RUNNING,864.112,7,10,2,10,0.2,30.0,99.3,887.0615,0.0,0,0.0,0.0
868.0,B,RUNNING,865.112,7,10,2,10,0.2,30.0,99.3,886.0615,0.0,0,0.0,0.0
869.0,B,RUNNING,866.112,7,10,2,10,0.2,30.0,99.3,885.0615,0.0,0,0.0,0.0
870.0,B,RUNNING,867.112,7,10,2,10,0.2,30.0,99.3,884.0615,0.0,0,0.0,0.0
871.0,B,RUNNING,868.112,7,10,2,10,0.2,30.0,99.3,883.0615,0.0,0,0.0,0.0
872.0,B,RUNNING,869.112,7,10,2,10,0.2,30.0,99.3,882.0615,0.0,0,0.0,0.0
873.0,B,RUNNING,870.112,7,10,2,10,0.2,30.0,99.3,881.0615,0.0,0,0.0,0.0
874.0,B,RUNNING,871.112,7,10,2,10,0.2,30.0,99.3,880.0615,0.0,0,0.0,0.0
875.0,B,RUNNING,872.112,7,10,2,10,0.2,30.0,99.3,879.0615,0.0,0,0.0,0.0
876.0,B,RUNNING,873.112,7,10,2,10,0.2,30.0,99.3,878.0615,0.0,0,0.0,0.0
877.0,B,RUNNING,874.112,7,10,2,10,0.2,30.0,99.3,877.0615,0.0,0,0.0,0.0
878.0,B,RUNNING,875.112,7,10,2,10,0.2,30.0,99.3,876.0615,0.0,0,0.0,0.0
879.0,B,RUNNING,876.112,7,10,2,10,0.2,30.0,99.3,875.0615,0.0,0,0.0,0.0
880.0,B,RUNNING,877.112,7,10,2,10,0.2,30.0,99.3,874.0615,0.0,0,0.0,0.0
881.0,B,RUNNING,878.112,7,10,2,10,0.2,30.0,99.3,873.0615,0.0,0,0.0,0.0
882.0,B,RUNNING,879.112,7,10,2,10,0.2,30.0,99.3,872.0615,0.0,0,0.0,0.0
883.0,B,RUNNING,880.112,7,10,2,10,0.2,30.0,99.3,871.0615,0.0,0,0.0,0.0
884.0,B,RUNNING,881.112,7,10,2,10,0.2,30.0,99.3,870.0615,0.0,0,0.0,0.0
885.0,B,RUNNING,882.112,7,10,2,10,0.2,30.0,99.3,869.0615,0.0,0,0.0,0.0
886.0,B,RUNNING,883.112,7,10,2,10,0.2,30.0,99.3,868.0615,0.0,0,0.0,0.0
887.0,B,RUNNING,884.112,7,10,2,10,0.2,30.0,99.3,867.0615,0.0,0,0.0,0.0
888.0,B,RUNNING,885.112,7,10,2,10,0.2,30.0,99.3,866.0615,0.0,0,0.0,0.0
889.0,B,RUNNING,886.112,7,10,2,10,0.2,30.0,99.3,865.0615,0.0,0,0.0,0.0
890.0,B,RUNNING,887.112,7,10,2,10,0.2,30.0,99.3,864.0615,0.0,0,0.0,0.0
891.0,B,RUNNING,888.112,7,10,2,10,0.2,30.0,99.3,863.0615,0.0,0,0.0,0.0
892.0,B,RUNNING,889.112,7,10,2,10,0.2,30.0,99.3,862.0615,0.0,0,0.0,0.0
893.0,B,RUNNING,890.112,7,10,2,10,0.2,30.0,99.3,861.0615,0.0,0,0.0,0.0
894.0,B,RUNNING,891.112,7,10,2,10,0.2,30.0,99.3,860.0615,0.0,0,0.0,0.0
895.0,B,RUNNING,892.112,7,10,2,10,0.2,30.0,99.3,859.0615,0.0,0,0.0,0.0
896.0,B,RUNNING,893.112,7,10,2,10,0.2,30.0,99.3,858.0615,0.0,0,0.0,0.0
897.0,B,RUNNING,894.112,7,10,2,10,0.2,30.0,99.3,857.0615,0.0,0,0.0,0.0
898.0,B,RUNNING,895.112,7,10,2,10,0.2,30.0,99.3,856.0615,0.0,0,0.0,0.0
899.0,B,RUNNING,896.112,7,10,2,10,0.2,30.0,99.3,855.0615,0.0,0,0.0,0.0
900.0,B,RUNNING,897.112,7,10,2,10,0.2,30.0,99.3,854.0615,0.0,0,0.0,0.0
901.0,B,RUNNING,898.112,7,10,2,10,0.2,30.0,99.3,853.0615,0.0,0,0.0,0.0
902.0,B,RUNNING,899.112,7,10,2,10,0.2,30.0,99.3,852.0615,0.0,0,0.0,0.0
903.0,B,RUNNING,900.112,7,10,2,10,0.2,30.0,99.3,851.0615,0.0,0,0.0,0.0
904.0,B,RUNNING,901.112,7,10,2,10,0.2,30.0,99.3,850.0615,0.0,0,0.0,0.0
905.0,B,RUNNING,902.112,7,10,2,10,0.2,30.0,99.3,849.0615,0.0,0,0.0,0.0
906.0,B,RUNNING,903.112,7,10,2,10,0.2,30.0,99.3,848.0615,0.0,0,0.0,0.0
907.0,B,RUNNING,904.112,7,10,2,10,0.2,30.0,99.3,847.0615,0.0,0,0.0,0.0
908.0,B,RUNNING,905.112,7,10,2,10,0.2,30.0,99.3,846.0615,0.0,0,0.0,0.0
909.0,B,RUNNING,906.112,7,10,2,10,0.2,30.0,99.3,845.0615,0.0,0,0.0,0.0
910.0,B,RUNNING,907.112,7,10,2,10,0.2,30.0,99.3,844.0615,0.0,0,0.0,0.0
911.0,B,RUNNING,908.112,7,10,2,10,0.2,30.0,99.3,843.0615,0.0,0,0.0,0.0
912.0,B,RUNNING,909.112,7,10,2,10,0.2,30.0,99.3,842.0615,0.0,0,0.0,0.0
913.0,B,RUNNING,910.112,7,10,2,10,0.2,30.0,99.3,841.0615,0.0,0,0.0,0.0
914.0,B,RUNNING,911.112,7,10,2,10,0.2,30.0,99.3,840.0615,0.0,0,0.0,0.0
915.0,B,RUNNING,912.112,8,10,3,10,0.3,30.0,99.2,851.0427,0.0,0,0.0,0.0
916.0,B,RUNNING,913.112,8,10,3,10,0.3,30.0,99.2,850.0427,0.0,0,0.0,0.0
917.0,B,RUNNING,914.112,8,10,3,10,0.3,30.0,99.2,849.0427,0.0,0,0.0,0.0
918.0,B,RUNNING,915.112,8,10,3,10,0.3,30.0,99.2,848.0427,0.0,0,0.0,0.0
919.0,B,RUNNING,916.112,8,10,3,10,0.3,30.0,99.2,847.0427,0.0,0,0.0,0.0
920.0,B,RUNNING,917.112,8,10,3,10,0.3,30.0,99.2,846.0427,0.0,0,0.0,0.0
921.0,B,RUNNING,918.112,8,10,3,10,0.3,30.0,99.2,845.0427,0.0,0,0.0,0.0
922.0,B,RUNNING,919.112,8,10,3,10,0.3,30.0,99.2,844.0427,0.0,0,0.0,0.0
923.0,B,RUNNING,920.112,8,10,3,10,0.3,30.0,99.2,843.0427,0.0,0,0.0,0.0
924.0,B,RUNNING,921.112,8,10,3,10,0.3,30.0,99.2,842.0427,0.0,0,0.0,0.0
925.0,B,RUNNING,922.112,8,10,3,10,0.3,30.0,99.2,841.0427,0.0,0,0.0,0.0
926.0,B,RUNNING,923.112,8,10,3,10,0.3,30.0,99.2,840.0427,0.0,0,0.0,0.0
927.0,B,RUNNING,924.112,8,10,3,10,0.3,30.0,99.2,839.0427,0.0,0,0.0,0.0
928.0,B,RUNNING,925.112,8,10,3,10,0.3,30.0,99.2,838.0427,0.0,0,0.0,0.0
929.0,B,RUNNING,926.112,8,10,3,10,0.3,30.0,99.2,837.0427,0.0,0,0.0,0.0
930.0,B,RUNNING,927.112,8,10,3,10,0.3,30.0,99.2,836.0427,0.0,0,0.0,0.0
931.0,B,RUNNING,928.112,8,10,3,10,0.3,30.0,99.2,835.0427,0.0,0,0.0,0.0
932.0,B,RUNNING,929.112,8,10,3,10,0.3,30.0,99.2,834.0427,0.0,0,0.0,0.0
933.0,B,RUNNING,930.112,8,10,3,10,0.3,30.0,99.2,833.0427,0.0,0,0.0,0.0
934.0,B,RUNNING,931.112,8,10,3,10,0.3,30.0,99.2,832.0427,0.0,0,0.0,0.0
935.0,B,RUNNING,932.112,8,10,3,10,0.3,30.0,99.2,831.0427,0.0,0,0.0,0.0
936.0,B,RUNNING,933.112,8,10,3,10,0.3,30.0,99.2,830.0427,0.0,0,0.0,0.0
937.0,B,RUNNING,934.112,8,10,3,10,0.3,30.0,99.2,829.0427,0.0,0,0.0,0.0
938.0,B,RUNNING,935.112,8,10,3,10,0.3,30.0,99.2,828.0427,0.0,0,0.0,0.0
939.0,B,RUNNING,936.112,8,10,3,10,0.3,30.0,99.2,827.0427,0.0,0,0.0,0.0
940.0,B,RUNNING,937.112,8,10,3,10,0.3,30.0,99.2,826.0427,0.0,0,0.0,0.0
941.0,B,RUNNING,938.112,8,10,3,10,0.3,30.0,99.2,825.0427,0.0,0,0.0,0.0
942.0,B,RUNNING,939.112,8,10,3,10,0.3,30.0,99.2,824.0427,0.0,0,0.0,0.0
943.0,B,RUNNING,940.112,8,10,3,10,0.3,30.0,99.2,823.0427,0.0,0,0.0,0.0
944.0,B,RUNNING,941.112,8,10,3,10,0.3,30.0,99.2,822.0427,0.0,0,0.0,0.0
945.0,B,RUNNING,942.112,8,10,3,10,0.3,30.0,99.2,821.0427,0.0,0,0.0,0.0
946.0,B,RUNNING,943.112,8,10,3,10,0.3,30.0,99.2,820.0427,0.0,0,0.0,0.0
947.0,B,RUNNING,944.112,8,10,3,10,0.3,30.0,99.2,819.0427,0.0,0,0.0,0.0
948.0,B,RUNNING,945.112,8,10,3,10,0.3,30.0,99.2,818.0427,0.0,0,0.0,0.0
949.0,B,RUNNING,946.112,8,10,3,10,0.3,30.0,99.2,817.0427,0.0,0,0.0,0.0
950.0,B,RUNNING,947.112,8,10,3,10,0.3,30.0,99.2,816.0427,0.0,0,0.0,0.0
951.0,B,RUNNING,948.112,8,10,3,10,0.3,30.0,99.2,815.0427,0.0,0,0.0,0.0
952.0,B,RUNNING,949.112,8,10,3,10,0.3,30.0,99.2,814.0427,0.0,0,0.0,0.0
953.0,B,RUNNING,950.112,8,10,3,10,0.3,30.0,99.2,813.0427,0.0,0,0.0,0.0
954.0,B,RUNNING,951.112,8,10,3,10,0.3,30.0,99.2,812.0427,0.0,0,0.0,0.0
955.0,B,RUNNING,952.112,8,10,3,10,0.3,30.0,99.2,811.0427,0.0,0,0.0,0.0
956.0,B,RUNNING,953.112,8,10,3,10,0.3,30.0,99.2,810.0427,0.0,0,0.0,0.0
957.0,B,RUNNING,954.112,8,10,3,10,0.3,30.0,99.2,809.0427,0.0,0,0.0,0.0
958.0,B,RUNNING,955.112,8,10,3,10,0.3,30.0,99.2,808.0427,0.0,0,0.0,0.0
959.0,B,RUNNING,956.112,8,10,3,10,0.3,30.0,99.2,807.0427,0.0,0,0.0,0.0
960.0,B,RUNNING,957.112,8,10,3,10,0.3,30.0,99.2,806.0427,0.0,0,0.0,0.0
961.0,B,RUNNING,958.112,8,10,3,10,0.3,30.0,99.2,805.0427,0.0,0,0.0,0.0
962.0,B,RUNNING,959.112,8,10,3,10,0.3,30.0,99.2,804.0427,0.0,0,0.0,0.0
963.0,B,RUNNING,960.112,8,10,3,10,0.3,30.0,99.2,803.0427,0.0,0,0.0,0.0
964.0,B,RUNNING,961.112,8,10,3,10,0.3,30.0,99.2,802.0427,0.0,0,0.0,0.0
965.0,B,RUNNING,962.112,8,10,3,10,0.3,30.0,99.2,801.0427,0.0,0,0.0,0.0
966.0,B,RUNNING,963.112,8,10,3,10,0.3,30.0,99.2,800.0427,0.0,0,0.0,0.0
967.0,B,RUNNING,964.112,8,10,3,10,0.3,30.0,99.2,799.0427,0.0,0,0.0,0.0
968.0,B,RUNNING,965.112,8,10,3,10,0.3,30.0,99.2,798.0427,0.0,0,0.0,0.0
969.0,B,RUNNING,966.112,8,10,3,10,0.3,30.0,99.2,797.0427,0.0,0,0.0,0.0
970.0,B,RUNNING,967.112,8,10,3,10,0.3,30.0,99.2,796.0427,0.0,0,0.0,0.0
971.0,B,RUNNING,968.112,8,10,3,10,0.3,30.0,99.2,795.0427,0.0,0,0.0,0.0
972.0,B,RUNNING,969.112,8,10,3,10,0.3,30.0,99.2,794.0427,0.0,0,0.0,0.0
973.0,B,RUNNING,970.112,8,10,3,10,0.3,30.0,99.2,793.0427,0.0,0,0.0,0.0
974.0,B,RUNNING,971.112,8,10,3,10,0.3,30.0,99.2,792.0427,0.0,0,0.0,0.0
975.0,B,RUNNING,972.112,8,10,3,10,0.3,30.0,99.2,791.0427,0.0,0,0.0,0.0
976.0,B,RUNNING,973.112,8,10,3,10,0.3,30.0,99.2,790.0427,0.0,0,0.0,0.0
977.0,B,RUNNING,974.112,8,10,3,10,0.3,30.0,99.2,789.0427,0.0,0,0.0,0.0
978.0,B,RUNNING,975.112,8,10,3,10,0.3,30.0,99.2,788.0427,0.0,0,0.0,0.0
979.0,B,RUNNING,976.112,8,10,3,10,0.3,30.0,99.2,787.0427,0.0,0,0.0,0.0
980.0,B,RUNNING,977.112,8,10,3,10,0.3,30.0,99.2,786.0427,0.0,0,0.0,0.0
981.0,B,RUNNING,978.112,8,10,3,10,0.3,30.0,99.2,785.0427,0.0,0,0.0,0.0
982.0,B,RUNNING,979.112,8,10,3,10,0.3,30.0,99.2,784.0427,0.0,0,0.0,0.0
983.0,B,RUNNING,980.112,8,10,3,10,0.3,30.0,99.2,783.0427,0.0,0,0.0,0.0
984.0,B,RUNNING,981.112,8,10,3,10,0.3,30.0,99.2,782.0427,0.0,0,0.0,0.0
985.0,B,RUNNING,982.112,8,10,3,10,0.3,30.0,99.2,781.0427,0.0,0,0.0,0.0
986.0,B,RUNNING,983.112,8,10,3,10,0.3,30.0,99.2,780.0427,0.0,0,0.0,0.0
987.0,B,RUNNING,984.112,8,10,3,10,0.3,30.0,99.2,779.0427,0.0,0,0.0,0.0
988.0,B,RUNNING,985.112,8,10,3,10,0.3,30.0,99.2,778.0427,0.0,0,0.0,0.0
989.0,B,RUNNING,986.112,8,10,3,10,0.3,30.0,99.2,777.0427,0.0,0,0.0,0.0
990.0,B,RUNNING,987.112,8,10,3,10,0.3,30.0,99.2,776.0427,0.0,0,0.0,0.0
991.0,B,RUNNING,988.112,8,10,3,10,0.3,30.0,99.2,775.0427,0.0,0,0.0,0.0
992.0,B,RUNNING,989.112,8,10,3,10,0.3,30.0,99.2,774.0427,0.0,0,0.0,0.0
993.0,B,RUNNING,990.112,8,10,3,10,0.3,30.0,99.2,773.0427,0.0,0,0.0,0.0
994.0,B,RUNNING,991.112,8,10,3,10,0.3,30.0,99.2,772.0427,0.0,0,0.0,0.0
995.0,B,RUNNING,992.112,8,10,3,10,0.3,30.0,99.2,771.0427,0.0,0,0.0,0.0
996.0,B,RUNNING,993.112,8,10,3,10,0.3,30.0,99.2,770.0427,0.0,0,0.0,0.0
997.0,B,RUNNING,994.112,8,10,3,10,0.3,30.0,99.2,769.0427,0.0,0,0.0,0.0
998.0,B,RUNNING,995.112,8,10,3,10,0.3,30.0,99.2,768.0427,0.0,0,0.0,0.0
999.0,B,RUNNING,996.112,8,10,3,10,0.3,30.0,99.2,767.0427,0.0,0,0.0,0.0
1000.0,B,RUNNING,997.112,8,10,3,10,0.3,30.0,99.2,766.0427,0.0,0,0.0,0.0
1001.0,B,RUNNING,998.112,8,10,3,10,0.3,30.0,99.2,765.0427,0.0,0,0.0,0.0
1002.0,B,RUNNING,999.112,8,10,3,10,0.3,30.0,99.2,764.0427,0.0,0,0.0,0.0
1003.0,B,RUNNING,1000.112,8,10,3,10,0.3,30.0,99.2,763.0427,0.0,0,0.0,0.0
1004.0,B,RUNNING,1001.112,8,10,3,10,0.3,30.0,99.2,762.0427,0.0,0,0.0,0.0
1005.0,B,RUNNING,1002.112,8,10,3,10,0.3,30.0,99.2,761.0427,0.0,0,0.0,0.0
1006.0,B,RUNNING,1003.112,8,10,3,10,0.3,30.0,99.2,760.0427,0.0,0,0.0,0.0
1007.0,B,RUNNING,1004.112,8,10,3,10,0.3,30.0,99.2,759.0427,0.0,0,0.0,0.0
1008.0,B,RUNNING,1005.112,8,10,3,10,0.3,30.0,99.2,758.0427,0.0,0,0.0,0.0
1009.0,B,RUNNING,1006.112,8,10,3,10,0.3,30.0,99.2,757.0427,0.0,0,0.0,0.0
1010.0,B,RUNNING,1007.112,8,10,3,10,0.3,30.0,99.2,756.0427,0.0,0,0.0,0.0
1011.0,B,RUNNING,1008.112,8,10,3,10,0.3,30.0,99.2,755.0427,0.0,0,0.0,0.0
1012.0,B,RUNNING,1009.112,8,10,3,10,0.3,30.0,99.2,754.0427,0.0,0,0.0,0.0
1013.0,B,RUNNING,1010.112,8,10,3,10,0.3,30.0,99.2,753.0427,0.0,0,0.0,0.0
1014.0,B,RUNNING,1011.112,8,10,3,10,0.3,30.0,99.2,752.0427,0.0,0,0.0,0.0
1015.0,B,RUNNING,1012.112,8,10,3,10,0.3,30.0,99.2,751.0427,0.0,0,0.0,0.0
1016.0,B,RUNNING,1013.112,8,10,3,10,0.3,30.0,99.2,750.0427,0.0,0,0.0,0.0
1017.0,B,RUNNING,1014.112,8,10,3,10,0.3,30.0,99.2,749.0427,0.0,0,0.0,0.0
1018.0,B,RUNNING,1015.112,8,10,3,10,0.3,30.0,99.2,748.0427,0.0,0,0.0,0.0
1019.0,B,RUNNING,1016.112,8,10,3,10,0.3,30.0,99.2,747.0427,0.0,0,0.0,0.0
1020.0,B,RUNNING,1017.112,8,10,3,10,0.3,30.0,99.2,746.0427,0.0,0,0.0,0.0
1021.0,B,RUNNING,1018.112,8,10,3,10,0.3,30.0,99.2,745.0427,0.0,0,0.0,0.0
1022.0,B,RUNNING,1019.112,8,10,3,10,0.3,30.0,99.2,744.0427,0.0,0,0.0,0.0
1023.0,B,RUNNING,1020.112,8,10,3,10,0.3,30.0,99.2,743.0427,0.0,0,0.0,0.0
1024.0,B,RUNNING,1021.112,8,10,3,10,0.3,30.0,99.2,742.0427,0.0,0,0.0,0.0
1025.0,B,RUNNING,1022.112,8,10,3,10,0.3,30.0,99.2,741.0427,0.0,0,0.0,0.0
1026.0,B,RUNNING,1023.112,8,10,3,10,0.3,30.0,99.2,740.0427,0.0,0,0.0,0.0
1027.0,B,RUNNING,1024.112,8,10,3,10,0.3,30.0,99.2,739.0427,0.0,0,0.0,0.0
1028.0,B,RUNNING,1025.112,8,10,3,10,0.3,30.0,99.2,738.0427,0.0,0,0.0,0.0
1029.0,B,RUNNING,1026.112,8,10,3,10,0.3,30.0,99.2,737.0427,0.0,0,0.0,0.0
1030.0,B,RUNNING,1027.112,8,10,3,10,0.3,30.0,99.2,736.0427,0.0,0,0.0,0.0
1031.0,B,RUNNING,1028.112,8,10,3,10,0.3,30.0,99.2,735.0427,0.0,0,0.0,0.0
1032.0,B,RUNNING,1029.112,8,10,3,10,0.3,30.0,99.2,734.0427,0.0,0,0.0,0.0
1033.0,B,RUNNING,1030.112,8,10,3,10,0.3,30.0,99.2,733.0427,0.0,0,0.0,0.0
1034.0,B,RUNNING,1031.112,8,10,3,10,0.3,30.0,99.2,732.0427,0.0,0,0.0,0.0
1035.0,B,RUNNING,1032.112,8,10,3,10,0.3,30.0,99.2,731.0427,0.0,0,0.0,0.0
1036.0,B,RUNNING,1033.112,8,10,3,10,0.3,30.0,99.2,730.0427,0.0,0,0.0,0.0
1037.0,B,RUNNING,1034.112,8,10,3,10,0.3,30.0,99.2,729.0427,0.0,0,0.0,0.0
1038.0,B,RUNNING,1035.112,8,10,3,10,0.3,30.0,99.2,728.0427,0.0,0,0.0,0.0
1039.0,B,RUNNING,1036.112,8,10,3,10,0.3,30.0,99.2,727.0427,0.0,0,0.0,0.0
1040.0,B,RUNNING,1037.112,8,10,3,10,0.3,30.0,99.2,726.0427,0.0,0,0.0,0.0
1041.0,B,RUNNING,1038.112,8,10,3,10,0.3,30.0,99.2,725.0427,0.0,0,0.0,0.0
1042.0,B,RUNNING,1039.112,8,10,3,10,0.3,30.0,99.2,724.0427,0.0,0,0.0,0.0
1043.0,B,RUNNING,1040.112,8,10,3,10,0.3,30.0,99.2,723.0427,0.0,0,0.0,0.0
1044.0,B,RUNNING,1041.112,8,10,3,10,0.3,30.0,99.2,722.0427,0.0,0,0.0,0.0
1045.0,B,RUNNING,1042.112,8,10,3,10,0.3,30.0,99.2,721.0427,0.0,0,0.0,0.0
1046.0,B,RUNNING,1043.112,8,10,3,10,0.3,30.0,99.2,720.0427,0.0,0,0.0,0.0
1047.0,B,RUNNING,1044.112,9,10,4,10,0.4,30.0,99.1,740.4847,0.0,0,0.0,0.0
1048.0,B,RUNNING,1045.112,9,10,4,10,0.4,30.0,99.1,739.4847,0.0,0,0.0,0.0
1049.0,B,RUNNING,1046.112,9,10,4,10,0.4,30.0,99.1,738.4847,0.0,0,0.0,0.0
1050.0,B,RUNNING,1047.112,9,10,4,10,0.4,30.0,99.1,737.4847,0.0,0,0.0,0.0
1051.0,B,RUNNING,1048.112,9,10,4,10,0.4,30.0,99.1,736.4847,0.0,0,0.0,0.0
1052.0,B,RUNNING,1049.112,9,10,4,10,0.4,30.0,99.1,735.4847,0.0,0,0.0,0.0
1053.0,B,RUNNING,1050.112,9,10,4,10,0.4,30.0,99.1,734.4847,0.0,0,0.0,0.0
1054.0,B,RUNNING,1051.112,9,10,4,10,0.4,30.0,99.1,733.4847,0.0,0,0.0,0.0
1055.0,B,RUNNING,1052.112,9,10,4,10,0.4,30.0,99.1,732.4847,0.0,0,0.0,0.0
1056.0,B,RUNNING,1053.112,9,10,4,10,0.4,30.0,99.1,731.4847,0.0,0,0.0,0.0
1057.0,B,RUNNING,1054.112,9,10,4,10,0.4,30.0,99.1,730.4847,0.0,0,0.0,0.0
1058.0,B,RUNNING,1055.112,9,10,4,10,0.4,30.0,99.1,729.4847,0.0,0,0.0,0.0
1059.0,B,RUNNING,1056.112,9,10,4,10,0.4,30.0,99.1,728.4847,0.0,0,0.0,0.0
1060.0,B,RUNNING,1057.112,9,10,4,10,0.4,30.0,99.1,727.4847,0.0,0,0.0,0.0
1061.0,B,RUNNING,1058.112,9,10,4,10,0.4,30.0,99.1,726.4847,0.0,0,0.0,0.0
1062.0,B,RUNNING,1059.112,9,10,4,10,0.4,30.0,99.1,725.4847,0.0,0,0.0,0.0
1063.0,B,RUNNING,1060.112,9,10,4,10,0.4,30.0,99.1,724.4847,0.0,0,0.0,0.0
1064.0,B,RUNNING,1061.112,9,10,4,10,0.4,30.0,99.1,723.4847,0.0,0,0.0,0.0
1065.0,B,RUNNING,1062.112,9,10,4,10,0.4,30.0,99.1,722.4847,0.0,0,0.0,0.0
1066.0,B,RUNNING,1063.112,9,10,4,10,0.4,30.0,99.1,721.4847,0.0,0,0.0,0.0
1067.0,B,RUNNING,1064.112,9,10,4,10,0.4,30.0,99.1,720.4847,0.0,0,0.0,0.0
1068.0,B,RUNNING,1065.112,9,10,4,10,0.4,30.0,99.1,719.4847,0.0,0,0.0,0.0
1069.0,B,RUNNING,1066.112,9,10,4,10,0.4,30.0,99.1,718.4847,0.0,0,0.0,0.0
1070.0,B,RUNNING,1067.112,9,10,4,10,0.4,30.0,99.1,717.4847,0.0,0,0.0,0.0
1071.0,B,RUNNING,1068.112,9,10,4,10,0.4,30.0,99.1,716.4847,0.0,0,0.0,0.0
1072.0,B,RUNNING,1069.112,9,10,4,10,0.4,30.0,99.1,715.4847,0.0,0,0.0,0.0
1073.0,B,RUNNING,1070.112,9,10,4,10,0.4,30.0,99.1,714.4847,0.0,0,0.0,0.0
1074.0,B,RUNNING,1071.112,9,10,4,10,0.4,30.0,99.1,713.4847,0.0,0,0.0,0.0
1075.0,B,RUNNING,1072.112,9,10,4,10,0.4,30.0,99.1,712.4847,0.0,0,0.0,0.0
1076.0,B,RUNNING,1073.112,9,10,4,10,0.4,30.0,99.1,711.4847,0.0,0,0.0,0.0
1077.0,B,RUNNING,1074.112,9,10,4,10,0.4,30.0,99.1,710.4847,0.0,0,0.0,0.0
1078.0,B,RUNNING,1075.112,9,10,4,10,0.4,30.0,99.1,709.4847,0.0,0,0.0,0.0
1079.0,B,RUNNING,1076.112,9,10,4,10,0.4,30.0,99.1,708.4847,0.0,0,0.0,0.0
1080.0,B,RUNNING,1077.112,9,10,4,10,0.4,30.0,99.1,707.4847,0.0,0,0.0,0.0
1081.0,B,RUNNING,1078.112,9,10,4,10,0.4,30.0,99.1,706.4847,0.0,0,0.0,0.0
1082.0,B,RUNNING,1079.112,9,10,4,10,0.4,30.0,99.1,705.4847,0.0,0,0.0,0.0
1083.0,B,RUNNING,1080.112,9,10,4,10,0.4,30.0,99.1,704.4847,0.0,0,0.0,0.0
1084.0,B,RUNNING,1081.112,9,10,4,10,0.4,30.0,99.1,703.4847,0.0,0,0.0,0.0
1085.0,B,RUNNING,1082.112,9,10,4,10,0.4,30.0,99.1,702.4847,0.0,0,0.0,0.0
1086.0,B,RUNNING,1083.112,9,10,4,10,0.4,30.0,99.1,701.4847,0.0,0,0.0,0.0
1087.0,B,RUNNING,1084.112,9,10,4,10,0.4,30.0,99.1,700.4847,0.0,0,0.0,0.0
1088.0,B,RUNNING,1085.112,9,10,4,10,0.4,30.0,99.1,699.4847,0.0,0,0.0,0.0
1089.0,B,RUNNING,1086.112,9,10,4,10,0.4,30.0,99.1,698.4847,0.0,0,0.0,0.0
1090.0,B,RUNNING,1087.112,9,10,4,10,0.4,30.0,99.1,697.4847,0.0,0,0.0,0.0
1091.0,B,RUNNING,1088.112,9,10,4,10,0.4,30.0,99.1,696.4847,0.0,0,0.0,0.0
1092.0,B,RUNNING,1089.112,9,10,4,10,0.4,30.0,99.1,695.4847,0.0,0,0.0,0.0
1093.0,B,RUNNING,1090.112,9,10,4,10,0.4,30.0,99.1,694.4847,0.0,0,0.0,0.0
1094.0,B,RUNNING,1091.112,9,10,4,10,0.4,30.0,99.1,693.4847,0.0,0,0.0,0.0
1095.0,B,RUNNING,1092.112,9,10,4,10,0.4,30.0,99.1,692.4847,0.0,0,0.0,0.0
1096.0,B,RUNNING,1093.112,9,10,4,10,0.4,30.0,99.1,691.4847,0.0,0,0.0,0.0
1097.0,B,RUNNING,1094.112,9,10,4,10,0.4,30.0,99.1,690.4847,0.0,0,0.0,0.0
1098.0,B,RUNNING,1095.112,9,10,4,10,0.4,30.0,99.1,689.4847,0.0,0,0.0,0.0
1099.0,B,RUNNING,1096.112,9,10,4,10,0.4,30.0,99.1,688.4847,0.0,0,0.0,0.0
1100.0,B,RUNNING,1097.112,9,10,4,10,0.4,30.0,99.1,687.4847,0.0,0,0.0,0.0
1101.0,B,RUNNING,1098.112,9,10,4,10,0.4,30.0,99.1,686.4847,0.0,0,0.0,0.0
1102.0,B,RUNNING,1099.112,9,10,4,10,0.4,30.0,99.1,685.4847,0.0,0,0.0,0.0
1103.0,B,RUNNING,1100.112,9,10,4,10,0.4,30.0,99.1,684.4847,0.0,0,0.0,0.0
1104.0,B,RUNNING,1101.112,9,10,4,10,0.4,30.0,99.1,683.4847,0.0,0,0.0,0.0
1105.0,B,RUNNING,1102.112,9,10,4,10,0.4,30.0,99.1,682.4847,0.0,0,0.0,0.0
1106.0,B,RUNNING,1103.112,9,10,4,10,0.4,30.0,99.1,681.4847,0.0,0,0.0,0.0
1107.0,B,RUNNING,1104.112,9,10,4,10,0.4,30.0,99.1,680.4847,0.0,0,0.0,0.0
1108.0,B,RUNNING,1105.112,9,10,4,10,0.4,30.0,99.1,679.4847,0.0,0,0.0,0.0
1109.0,B,RUNNING,1106.112,9,10,4,10,0.4,30.0,99.1,678.4847,0.0,0,0.0,0.0
1110.0,B,RUNNING,1107.112,9,10,4,10,0.4,30.0,99.1,677.4847,0.0,0,0.0,0.0
1111.0,B,RUNNING,1108.112,9,10,4,10,0.4,30.0,99.1,676.4847,0.0,0,0.0,0.0
1112.0,B,RUNNING,1109.112,9,10,4,10,0.4,30.0,99.1,675.4847,0.0,0,0.0,0.0
1113.0,B,RUNNING,1110.112,9,10,4,10,0.4,30.0,99.1,674.4847,0.0,0,0.0,0.0
1114.0,B,RUNNING,1111.112,9,10,4,10,0.4,30.0,99.1,673.4847,0.0,0,0.0,0.0
1115.0,B,RUNNING,1112.112,9,10,4,10,0.4,30.0,99.1,672.4847,0.0,0,0.0,0.0
1116.0,B,RUNNING,1113.112,9,10,4,10,0.4,30.0,99.1,671.4847,0.0,0,0.0,0.0
1117.0,B,RUNNING,1114.112,9,10,4,10,0.4,30.0,99.1,670.4847,0.0,0,0.0,0.0
1118.0,B,RUNNING,1115.112,9,10,4,10,0.4,30.0,99.1,669.4847,0.0,0,0.0,0.0
1119.0,B,RUNNING,1116.112,9,10,4,10,0.4,30.0,99.1,668.4847,0.0,0,0.0,0.0
1120.0,B,RUNNING,1117.112,9,10,4,10,0.4,30.0,99.1,667.4847,0.0,0,0.0,0.0
1121.0,B,RUNNING,1118.112,9,10,4,10,0.4,30.0,99.1,666.4847,0.0,0,0.0,0.0
1122.0,B,RUNNING,1119.112,9,10,4,10,0.4,30.0,99.1,665.4847,0.0,0,0.0,0.0
1123.0,B,RUNNING,1120.112,9,10,4,10,0.4,30.0,99.1,664.4847,0.0,0,0.0,0.0
1124.0,B,RUNNING,1121.112,9,10,4,10,0.4,30.0,99.1,663.4847,0.0,0,0.0,0.0
1125.0,B,RUNNING,1122.112,9,10,4,10,0.4,30.0,99.1,662.4847,0.0,0,0.0,0.0
1126.0,B,RUNNING,1123.112,9,10,4,10,0.4,30.0,99.1,661.4847,0.0,0,0.0,0.0
1127.0,B,RUNNING,1124.112,9,10,4,10,0.4,30.0,99.1,660.4847,0.0,0,0.0,0.0
1128.0,B,RUNNING,1125.112,9,10,4,10,0.4,30.0,99.1,659.4847,0.0,0,0.0,0.0
1129.0,B,RUNNING,1126.112,9,10,4,10,0.4,30.0,99.1,658.4847,0.0,0,0.0,0.0
1130.0,B,RUNNING,1127.112,9,10,4,10,0.4,30.0,99.1,657.4847,0.0,0,0.0,0.0
1131.0,B,RUNNING,1128.112,9,10,4,10,0.4,30.0,99.1,656.4847,0.0,0,0.0,0.0
1132.0,B,RUNNING,1129.112,9,10,4,10,0.4,30.0,99.1,655.4847,0.0,0,0.0,0.0
1133.0,B,RUNNING,1130.112,9,10,4,10,0.4,30.0,99.1,654.4847,0.0,0,0.0,0.0
1134.0,B,RUNNING,1131.112,9,10,4,10,0.4,30.0,99.1,653.4847,0.0,0,0.0,0.0
1135.0,B,RUNNING,1132.112,9,10,4,10,0.4,30.0,99.1,652.4847,0.0,0,0.0,0.0
1136.0,B,RUNNING,1133.112,9,10,4,10,0.4,30.0,99.1,651.4847,0.0,0,0.0,0.0
1137.0,B,RUNNING,1134.112,9,10,4,10,0.4,30.0,99.1,650.4847,0.0,0,0.0,0.0
1138.0,B,RUNNING,1135.112,9,10,4,10,0.4,30.0,99.1,649.4847,0.0,0,0.0,0.0
1139.0,B,RUNNING,1136.112,9,10,4,10,0.4,30.0,99.1,648.4847,0.0,0,0.0,0.0
1140.0,B,RUNNING,1137.112,9,10,4,10,0.4,30.0,99.1,647.4847,0.0,0,0.0,0.0
1141.0,B,RUNNING,1138.112,9,10,4,10,0.4,30.0,99.1,646.4847,0.0,0,0.0,0.0
1142.0,B,RUNNING,1139.112,9,10,4,10,0.4,30.0,99.1,645.4847,0.0,0,0.0,0.0
1143.0,B,RUNNING,1140.112,9,10,4,10,0.4,30.0,99.1,644.4847,0.0,0,0.0,0.0
1144.0,B,RUNNING,1141.112,9,10,4,10,0.4,30.0,99.1,643.4847,0.0,0,0.0,0.0
1145.0,B,RUNNING,1142.112,9,10,4,10,0.4,30.0,99.1,642.4847,0.0,0,0.0,0.0
1146.0,B,RUNNING,1143.112,9,10,4,10,0.4,30.0,99.1,641.4847,0.0,0,0.0,0.0
1147.0,B,RUNNING,1144.112,9,10,4,10,0.4,30.0,99.1,640.4847,0.0,0,0.0,0.0
1148.0,B,RUNNING,1145.112,9,10,4,10,0.4,30.0,99.1,639.4847,0.0,0,0.0,0.0
1149.0,B,RUNNING,1146.112,9,10,4,10,0.4,30.0,99.1,638.4847,0.0,0,0.0,0.0
1150.0,B,RUNNING,1147.112,9,10,4,10,0.4,30.0,99.1,637.4847,0.0,0,0.0,0.0
1151.0,B,RUNNING,1148.112,9,10,4,10,0.4,30.0,99.1,636.4847,0.0,0,0.0,0.0
1152.0,B,RUNNING,1149.112,9,10,4,10,0.4,30.0,99.1,635.4847,0.0,0,0.0,0.0
1153.0,B,RUNNING,1150.112,9,10,4,10,0.4,30.0,99.1,634.4847,0.0,0,0.0,0.0
1154.0,B,RUNNING,1151.112,9,10,4,10,0.4,30.0,99.1,633.4847,0.0,0,0.0,0.0
1155.0,B,RUNNING,1152.112,9,10,4,10,0.4,30.0,99.1,632.4847,0.0,0,0.0,0.0
1156.0,B,RUNNING,1153.112,9,10,4,10,0.4,30.0,99.1,631.4847,0.0,0,0.0,0.0
1157.0,B,RUNNING,1154.112,9,10,4,10,0.4,30.0,99.1,630.4847,0.0,0,0.0,0.0
1158.0,B,RUNNING,1155.112,9,10,4,10,0.4,30.0,99.1,629.4847,0.0,0,0.0,0.0
1159.0,B,RUNNING,1156.112,9,10,4,10,0.4,30.0,99.1,628.4847,0.0,0,0.0,0.0
1160.0,B,RUNNING,1157.112,9,10,4,10,0.4,30.0,99.1,627.4847,0.0,0,0.0,0.0
1161.0,B,RUNNING,1158.112,9,10,4,10,0.4,30.0,99.1,626.4847,0.0,0,0.0,0.0
1162.0,B,RUNNING,1159.112,9,10,4,10,0.4,30.0,99.1,625.4847,0.0,0,0.0,0.0
1163.0,B,RUNNING,1160.112,9,10,4,10,0.4,30.0,99.1,624.4847,0.0,0,0.0,0.0
1164.0,B,RUNNING,1161.112,9,10,4,10,0.4,30.0,99.1,623.4847,0.0,0,0.0,0.0
1165.0,B,RUNNING,1162.112,9,10,4,10,0.4,30.0,99.1,622.4847,0.0,0,0.0,0.0
1166.0,B,RUNNING,1163.112,9,10,4,10,0.4,30.0,99.1,621.4847,0.0,0,0.0,0.0
1167.0,B,RUNNING,1164.112,9,10,4,10,0.4,30.0,99.1,620.4847,0.0,0,0.0,0.0
1168.0,B,RUNNING,1165.112,9,10,4,10,0.4,30.0,99.1,619.4847,0.0,0,0.0,0.0
1169.0,B,RUNNING,1166.112,9,10,4,10,0.4,30.0,99.1,618.4847,0.0,0,0.0,0.0
1170.0,B,RUNNING,1167.112,9,10,4,10,0.4,30.0,99.1,617.4847,0.0,0,0.0,0.0
1171.0,B,RUNNING,1168.112,9,10,4,10,0.4,30.0,99.1,616.4847,0.0,0,0.0,0.0
1172.0,B,RUNNING,1169.112,9,10,4,10,0.4,30.0,99.1,615.4847,0.0,0,0.0,0.0
1173.0,B,RUNNING,1170.112,9,10,4,10,0.4,30.0,99.1,614.4847,0.0,0,0.0,0.0
1174.0,B,RUNNING,1171.112,9,10,4,10,0.4,30.0,99.1,613.4847,0.0,0,0.0,0.0
1175.0,B,RUNNING,1172.112,9,10,4,10,0.4,30.0,99.1,612.4847,0.0,0,0.0,0.0
1176.0,B,RUNNING,1173.112,9,10,4,10,0.4,30.0,99.1,611.4847,0.0,0,0.0,0.0
1177.0,B,RUNNING,1174.112,9,10,4,10,0.4,30.0,99.1,610.4847,0.0,0,0.0,0.0
1178.0,B,RUNNING,1175.112,9,10,4,10,0.4,30.0,99.1,609.4847,0.0,0,0.0,0.0
1179.0,B,RUNNING,1176.112,9,10,4,10,0.4,30.0,99.1,608.4847,0.0,0,0.0,0.0
1180.0,B,RUNNING,1177.112,9,10,4,10,0.4,30.0,99.1,607.4847,0.0,0,0.0,0.0
1181.0,B,RUNNING,1178.112,9,10,4,10,0.4,30.0,99.1,606.4847,0.0,0,0.0,0.0
1182.0,B,RUNNING,1179.112,9,10,4,10,0.4,30.0,99.1,605.4847,0.0,0,0.0,0.0
1183.0,B,RUNNING,1180.112,9,10,4,10,0.4,30.0,99.1,604.4847,0.0,0,0.0,0.0
1184.0,B,RUNNING,1181.112,9,10,4,10,0.4,30.0,99.1,603.4847,0.0,0,0.0,0.0
1185.0,B,RUNNING,1182.112,9,10,4,10,0.4,30.0,99.1,602.4847,0.0,0,0.0,0.0
1186.0,B,RUNNING,1183.112,9,10,4,10,0.4,30.0,99.1,601.4847,0.0,0,0.0,0.0
1187.0,B,RUNNING,1184.112,9,10,4,10,0.4,30.0,99.1,600.4847,0.0,0,0.0,0.0
1188.0,B,RUNNING,1185.112,10,10,5,10,0.5,30.0,99.0,609.0631,0.0,0,0.0,0.0
1189.0,B,RUNNING,1186.112,10,10,5,10,0.5,30.0,99.0,608.0631,0.0,0,0.0,0.0
1190.0,B,RUNNING,1187.112,10,10,5,10,0.5,30.0,99.0,607.0631,0.0,0,0.0,0.0
1191.0,B,RUNNING,1188.112,10,10,5,10,0.5,30.0,99.0,606.0631,0.0,0,0.0,0.0
1192.0,B,RUNNING,1189.112,10,10,5,10,0.5,30.0,99.0,605.0631,0.0,0,0.0,0.0
1193.0,B,RUNNING,1190.112,10,10,5,10,0.5,30.0,99.0,604.0631,0.0,0,0.0,0.0
1194.0,B,RUNNING,1191.112,10,10,5,10,0.5,30.0,99.0,603.0631,0.0,0,0.0,0.0
1195.0,B,RUNNING,1192.112,10,10,5,10,0.5,30.0,99.0,602.0631,0.0,0,0.0,0.0
1196.0,B,RUNNING,1193.112,10,10,5,10,0.5,30.0,99.0,601.0631,0.0,0,0.0,0.0
1197.0,B,RUNNING,1194.112,10,10,5,10,0.5,30.0,99.0,600.0631,0.0,0,0.0,0.0
1198.0,B,RUNNING,1195.112,10,10,5,10,0.5,30.0,99.0,599.0631,0.0,0,0.0,0.0
1199.0,B,RUNNING,1196.112,10,10,5,10,0.5,30.0,99.0,598.0631,0.0,0,0.0,0.0
1200.0,B,RUNNING,1197.112,10,10,5,10,0.5,30.0,99.0,597.0631,0.0,0,0.0,0.0
1201.0,B,RUNNING,1198.112,10,10,5,10,0.5,30.0,99.0,596.0631,0.0,0,0.0,0.0
1202.0,B,RUNNING,1199.112,10,10,5,10,0.5,30.0,99.0,595.0631,0.0,0,0.0,0.0
1203.0,B,RUNNING,1200.112,10,10,5,10,0.5,30.0,99.0,594.0631,0.0,0,0.0,0.0
1204.0,B,RUNNING,1201.112,10,10,5,10,0.5,30.0,99.0,593.0631,0.0,0,0.0,0.0
1205.0,B,RUNNING,1202.112,10,10,5,10,0.5,30.0,99.0,592.0631,0.0,0,0.0,0.0
1206.0,B,RUNNING,1203.112,10,10,5,10,0.5,30.0,99.0,591.0631,0.0,0,0.0,0.0
1207.0,B,RUNNING,1204.112,10,10,5,10,0.5,30.0,99.0,590.0631,0.0,0,0.0,0.0
1208.0,B,RUNNING,1205.112,10,10,5,10,0.5,30.0,99.0,589.0631,0.0,0,0.0,0.0
1209.0,B,RUNNING,1206.112,10,10,5,10,0.5,30.0,99.0,588.0631,0.0,0,0.0,0.0
1210.0,B,RUNNING,1207.112,10,10,5,10,0.5,30.0,99.0,587.0631,0.0,0,0.0,0.0
1211.0,B,RUNNING,1208.112,10,10,5,10,0.5,30.0,99.0,586.0631,0.0,0,0.0,0.0
1212.0,B,RUNNING,1209.112,10,10,5,10,0.5,30.0,99.0,585.0631,0.0,0,0.0,0.0
1213.0,B,RUNNING,1210.112,10,10,5,10,0.5,30.0,99.0,584.0631,0.0,0,0.0,0.0
1214.0,B,RUNNING,1211.112,10,10,5,10,0.5,30.0,99.0,583.0631,0.0,0,0.0,0.0
1215.0,B,RUNNING,1212.112,10,10,5,10,0.5,30.0,99.0,582.0631,0.0,0,0.0,0.0
1216.0,B,RUNNING,1213.112,10,10,5,10,0.5,30.0,99.0,581.0631,0.0,0,0.0,0.0
1217.0,B,RUNNING,1214.112,10,10,5,10,0.5,30.0,99.0,580.0631,0.0,0,0.0,0.0
1218.0,B,RUNNING,1215.112,10,10,5,10,0.5,30.0,99.0,579.0631,0.0,0,0.0,0.0
1219.0,B,RUNNING,1216.112,10,10,5,10,0.5,30.0,99.0,578.0631,0.0,0,0.0,0.0
1220.0,B,RUNNING,1217.112,10,10,5,10,0.5,30.0,99.0,577.0631,0.0,0,0.0,0.0
1221.0,B,RUNNING,1218.112,10,10,5,10,0.5,30.0,99.0,576.0631,0.0,0,0.0,0.0
1222.0,B,RUNNING,1219.112,10,10,5,10,0.5,30.0,99.0,575.0631,0.0,0,0.0,0.0
1223.0,B,RUNNING,1220.112,10,10,5,10,0.5,30.0,99.0,574.0631,0.0,0,0.0,0.0
1224.0,B,RUNNING,1221.112,10,10,5,10,0.5,30.0,99.0,573.0631,0.0,0,0.0,0.0
1225.0,B,RUNNING,1222.112,10,10,5,10,0.5,30.0,99.0,572.0631,0.0,0,0.0,0.0
1226.0,B,RUNNING,1223.112,10,10,5,10,0.5,30.0,99.0,571.0631,0.0,0,0.0,0.0
1227.0,B,RUNNING,1224.112,10,10,5,10,0.5,30.0,99.0,570.0631,0.0,0,0.0,0.0
1228.0,B,RUNNING,1225.112,10,10,5,10,0.5,30.0,99.0,569.0631,0.0,0,0.0,0.0
1229.0,B,RUNNING,1226.112,10,10,5,10,0.5,30.0,99.0,568.0631,0.0,0,0.0,0.0
1230.0,B,RUNNING,1227.112,10,10,5,10,0.5,30.0,99.0,567.0631,0.0,0,0.0,0.0
1231.0,B,RUNNING,1228.112,10,10,5,10,0.5,30.0,99.0,566.0631,0.0,0,0.0,0.0
1232.0,B,RUNNING,1229.112,10,10,5,10,0.5,30.0,99.0,565.0631,0.0,0,0.0,0.0
1233.0,B,RUNNING,1230.112,10,10,5,10,0.5,30.0,99.0,564.0631,0.0,0,0.0,0.0
1234.0,B,RUNNING,1231.112,10,10,5,10,0.5,30.0,99.0,563.0631,0.0,0,0.0,0.0
1235.0,B,RUNNING,1232.112,10,10,5,10,0.5,30.0,99.0,562.0631,0.0,0,0.0,0.0
1236.0,B,RUNNING,1233.112,10,10,5,10,0.5,30.0,99.0,561.0631,0.0,0,0.0,0.0
1237.0,B,RUNNING,1234.112,10,10,5,10,0.5,30.0,99.0,560.0631,0.0,0,0.0,0.0
1238.0,B,RUNNING,1235.112,10,10,5,10,0.5,30.0,99.0,559.0631,0.0,0,0.0,0.0
1239.0,B,RUNNING,1236.112,10,10,5,10,0.5,30.0,99.0,558.0631,0.0,0,0.0,0.0
1240.0,B,RUNNING,1237.112,10,10,5,10,0.5,30.0,99.0,557.0631,0.0,0,0.0,0.0
1241.0,B,RUNNING,1238.112,10,10,5,10,0.5,30.0,99.0,556.0631,0.0,0,0.0,0.0
1242.0,B,RUNNING,1239.112,10,10,5,10,0.5,30.0,99.0,555.0631,0.0,0,0.0,0.0
1243.0,B,RUNNING,1240.112,10,10,5,10,0.5,30.0,99.0,554.0631,0.0,0,0.0,0.0
1244.0,B,RUNNING,1241.112,10,10,5,10,0.5,30.0,99.0,553.0631,0.0,0,0.0,0.0
1245.0,B,RUNNING,1242.112,10,10,5,10,0.5,30.0,99.0,552.0631,0.0,0,0.0,0.0
1246.0,B,RUNNING,1243.112,10,10,5,10,0.5,30.0,99.0,551.0631,0.0,0,0.0,0.0
1247.0,B,RUNNING,1244.112,10,10,5,10,0.5,30.0,99.0,550.0631,0.0,0,0.0,0.0
1248.0,B,RUNNING,1245.112,10,10,5,10,0.5,30.0,99.0,549.0631,0.0,0,0.0,0.0
1249.0,B,RUNNING,1246.112,10,10,5,10,0.5,30.0,99.0,548.0631,0.0,0,0.0,0.0
1250.0,B,RUNNING,1247.112,10,10,5,10,0.5,30.0,99.0,547.0631,0.0,0,0.0,0.0
1251.0,B,RUNNING,1248.112,10,10,5,10,0.5,30.0,99.0,546.0631,0.0,0,0.0,0.0
1252.0,B,RUNNING,1249.112,10,10,5,10,0.5,30.0,99.0,545.0631,0.0,0,0.0,0.0
1253.0,B,RUNNING,1250.112,10,10,5,10,0.5,30.0,99.0,544.0631,0.0,0,0.0,0.0
1254.0,B,RUNNING,1251.112,10,10,5,10,0.5,30.0,99.0,543.0631,0.0,0,0.0,0.0
1255.0,B,RUNNING,1252.112,10,10,5,10,0.5,30.0,99.0,542.0631,0.0,0,0.0,0.0
1256.0,B,RUNNING,1253.112,10,10,5,10,0.5,30.0,99.0,541.0631,0.0,0,0.0,0.0
1257.0,B,RUNNING,1254.112,10,10,5,10,0.5,30.0,99.0,540.0631,0.0,0,0.0,0.0
1258.0,B,RUNNING,1255.112,10,10,5,10,0.5,30.0,99.0,539.0631,0.0,0,0.0,0.0
1259.0,B,RUNNING,1256.112,10,10,5,10,0.5,30.0,99.0,538.0631,0.0,0,0.0,0.0
1260.0,B,RUNNING,1257.112,10,10,5,10,0.5,30.0,99.0,537.0631,0.0,0,0.0,0.0
1261.0,B,RUNNING,1258.112,10,10,5,10,0.5,30.0,99.0,536.0631,0.0,0,0.0,0.0
1262.0,B,RUNNING,1259.112,10,10,5,10,0.5,30.0,99.0,535.0631,0.0,0,0.0,0.0
1263.0,B,RUNNING,1260.112,10,10,5,10,0.5,30.0,99.0,534.0631,0.0,0,0.0,0.0
1264.0,B,RUNNING,1261.112,10,10,5,10,0.5,30.0,99.0,533.0631,0.0,0,0.0,0.0
1265.0,B,RUNNING,1262.112,10,10,5,10,0.5,30.0,99.0,532.0631,0.0,0,0.0,0.0
1266.0,B,RUNNING,1263.112,10,10,5,10,0.5,30.0,99.0,531.0631,0.0,0,0.0,0.0
1267.0,B,RUNNING,1264.112,10,10,5,10,0.5,30.0,99.0,530.0631,0.0,0,0.0,0.0
1268.0,B,RUNNING,1265.112,10,10,5,10,0.5,30.0,99.0,529.0631,0.0,0,0.0,0.0
1269.0,B,RUNNING,1266.112,10,10,5,10,0.5,30.0,99.0,528.0631,0.0,0,0.0,0.0
1270.0,B,RUNNING,1267.112,10,10,5,10,0.5,30.0,99.0,527.0631,0.0,0,0.0,0.0
1271.0,B,RUNNING,1268.112,10,10,5,10,0.5,30.0,99.0,526.0631,0.0,0,0.0,0.0
1272.0,B,RUNNING,1269.112,10,10,5,10,0.5,30.0,99.0,525.0631,0.0,0,0.0,0.0
1273.0,B,RUNNING,1270.112,10,10,5,10,0.5,30.0,99.0,524.0631,0.0,0,0.0,0.0
1274.0,B,RUNNING,1271.112,10,10,5,10,0.5,30.0,99.0,523.0631,0.0,0,0.0,0.0
1275.0,B,RUNNING,1272.112,10,10,5,10,0.5,30.0,99.0,522.0631,0.0,0,0.0,0.0
1276.0,B,RUNNING,1273.112,10,10,5,10,0.5,30.0,99.0,521.0631,0.0,0,0.0,0.0
1277.0,B,RUNNING,1274.112,10,10,5,10,0.5,30.0,99.0,520.0631,0.0,0,0.0,0.0
1278.0,B,RUNNING,1275.112,10,10,5,10,0.5,30.0,99.0,519.0631,0.0,0,0.0,0.0
1279.0,B,RUNNING,1276.112,10,10,5,10,0.5,30.0,99.0,518.0631,0.0,0,0.0,0.0
1280.0,B,RUNNING,1277.112,10,10,5,10,0.5,30.0,99.0,517.0631,0.0,0,0.0,0.0
1281.0,B,RUNNING,1278.112,10,10,5,10,0.5,30.0,99.0,516.0631,0.0,0,0.0,0.0
1282.0,B,RUNNING,1279.112,10,10,5,10,0.5,30.0,99.0,515.0631,0.0,0,0.0,0.0
1283.0,B,RUNNING,1280.112,10,10,5,10,0.5,30.0,99.0,514.0631,0.0,0,0.0,0.0
1284.0,B,RUNNING,1281.112,10,10,5,10,0.5,30.0,99.0,513.0631,0.0,0,0.0,0.0
1285.0,B,RUNNING,1282.112,10,10,5,10,0.5,30.0,99.0,512.0631,0.0,0,0.0,0.0
1286.0,B,RUNNING,1283.112,10,10,5,10,0.5,30.0,99.0,511.0631,0.0,0,0.0,0.0
1287.0,B,RUNNING,1284.112,10,10,5,10,0.5,30.0,99.0,510.0631,0.0,0,0.0,0.0
1288.0,B,RUNNING,1285.112,10,10,5,10,0.5,30.0,99.0,509.0631,0.0,0,0.0,0.0
1289.0,B,RUNNING,1286.112,10,10,5,10,0.5,30.0,99.0,508.0631,0.0,0,0.0,0.0
1290.0,B,RUNNING,1287.112,10,10,5,10,0.5,30.0,99.0,507.0631,0.0,0,0.0,0.0
1291.0,B,RUNNING,1288.112,10,10,5,10,0.5,30.0,99.0,506.0631,0.0,0,0.0,0.0
1292.0,B,RUNNING,1289.112,10,10,5,10,0.5,30.0,99.0,505.0631,0.0,0,0.0,0.0
1293.0,B,RUNNING,1290.112,10,10,5,10,0.5,30.0,99.0,504.0631,0.0,0,0.0,0.0
1294.0,B,RUNNING,1291.112,10,10,5,10,0.5,30.0,99.0,503.0631,0.0,0,0.0,0.0
1295.0,B,RUNNING,1292.112,10,10,5,10,0.5,30.0,99.0,502.0631,0.0,0,0.0,0.0
1296.0,B,RUNNING,1293.112,10,10,5,10,0.5,30.0,99.0,501.0631,0.0,0,0.0,0.0
1297.0,B,RUNNING,1294.112,10,10,5,10,0.5,30.0,99.0,500.0631,0.0,0,0.0,0.0
1298.0,B,RUNNING,1295.112,10,10,5,10,0.5,30.0,99.0,499.0631,0.0,0,0.0,0.0
1299.0,B,RUNNING,1296.112,10,10,5,10,0.5,30.0,99.0,498.0631,0.0,0,0.0,0.0
1300.0,B,RUNNING,1297.112,10,10,5,10,0.5,30.0,99.0,497.0631,0.0,0,0.0,0.0
1301.0,B,RUNNING,1298.112,10,10,5,10,0.5,30.0,99.0,496.0631,0.0,0,0.0,0.0
1302.0,B,RUNNING,1299.112,10,10,5,10,0.5,30.0,99.0,495.0631,0.0,0,0.0,0.0
1303.0,B,RUNNING,1300.112,10,10,5,10,0.5,30.0,99.0,494.0631,0.0,0,0.0,0.0
1304.0,B,RUNNING,1301.112,10,10,5,10,0.5,30.0,99.0,493.0631,0.0,0,0.0,0.0
1305.0,B,RUNNING,1302.112,10,10,5,10,0.5,30.0,99.0,492.0631,0.0,0,0.0,0.0
1306.0,B,RUNNING,1303.112,10,10,5,10,0.5,30.0,99.0,491.0631,0.0,0,0.0,0.0
1307.0,B,RUNNING,1304.112,10,10,5,10,0.5,30.0,99.0,490.0631,0.0,0,0.0,0.0
1308.0,B,RUNNING,1305.112,10,10,5,10,0.5,30.0,99.0,489.0631,0.0,0,0.0,0.0
1309.0,B,RUNNING,1306.112,10,10,5,10,0.5,30.0,99.0,488.0631,0.0,0,0.0,0.0
1310.0,B,RUNNING,1307.112,10,10,5,10,0.5,30.0,99.0,487.0631,0.0,0,0.0,0.0
1311.0,B,RUNNING,1308.112,10,10,5,10,0.5,30.0,99.0,486.0631,0.0,0,0.0,0.0
1312.0,B,RUNNING,1309.112,10,10,5,10,0.5,30.0,99.0,485.0631,0.0,0,0.0,0.0
1313.0,B,RUNNING,1310.112,10,10,5,10,0.5,30.0,99.0,484.0631,0.0,0,0.0,0.0
1314.0,B,RUNNING,1311.112,10,10,5,10,0.5,30.0,99.0,483.0631,0.0,0,0.0,0.0
1315.0,B,RUNNING,1312.112,10,10,5,10,0.5,30.0,99.0,482.0631,0.0,0,0.0,0.0
1316.0,B,RUNNING,1313.112,10,10,5,10,0.5,30.0,99.0,481.0631,0.0,0,0.0,0.0
1317.0,B,RUNNING,1314.112,10,10,5,10,0.5,30.0,99.0,480.0631,0.0,0,0.0,0.0
1318.0,B,RUNNING,1315.112,11,10,6,10,0.6,30.0,98.9,473.5645,0.0,0,0.0,0.0
1319.0,B,RUNNING,1316.112,11,10,6,10,0.6,30.0,98.9,472.5645,0.0,0,0.0,0.0
1320.0,B,RUNNING,1317.112,11,10,6,10,0.6,30.0,98.9,471.5645,0.0,0,0.0,0.0
1321.0,B,RUNNING,1318.112,11,10,6,10,0.6,30.0,98.9,470.5645,0.0,0,0.0,0.0
1322.0,B,RUNNING,1319.112,11,10,6,10,0.6,30.0,98.9,469.5645,0.0,0,0.0,0.0
1323.0,B,RUNNING,1320.112,11,10,6,10,0.6,30.0,98.9,468.5645,0.0,0,0.0,0.0
1324.0,B,RUNNING,1321.112,11,10,6,10,0.6,30.0,98.9,467.5645,0.0,0,0.0,0.0
1325.0,B,RUNNING,1322.112,11,10,6,10,0.6,30.0,98.9,466.5645,0.0,0,0.0,0.0
1326.0,B,RUNNING,1323.112,11,10,6,10,0.6,30.0,98.9,465.5645,0.0,0,0.0,0.0
1327.0,B,RUNNING,1324.112,11,10,6,10,0.6,30.0,98.9,464.5645,0.0,0,0.0,0.0
1328.0,B,RUNNING,1325.112,11,10,6,10,0.6,30.0,98.9,463.5645,0.0,0,0.0,0.0
1329.0,B,RUNNING,1326.112,11,10,6,10,0.6,30.0,98.9,462.5645,0.0,0,0.0,0.0
1330.0,B,RUNNING,1327.112,11,10,6,10,0.6,30.0,98.9,461.5645,0.0,0,0.0,0.0
1331.0,B,RUNNING,1328.112,11,10,6,10,0.6,30.0,98.9,460.5645,0.0,0,0.0,0.0
1332.0,B,RUNNING,1329.112,11,10,6,10,0.6,30.0,98.9,459.5645,0.0,0,0.0,0.0
1333.0,B,RUNNING,1330.112,11,10,6,10,0.6,30.0,98.9,458.5645,0.0,0,0.0,0.0
1334.0,B,RUNNING,1331.112,11,10,6,10,0.6,30.0,98.9,457.5645,0.0,0,0.0,0.0
1335.0,B,RUNNING,1332.112,11,10,6,10,0.6,30.0,98.9,456.5645,0.0,0,0.0,0.0
1336.0,B,RUNNING,1333.112,11,10,6,10,0.6,30.0,98.9,455.5645,0.0,0,0.0,0.0
1337.0,B,RUNNING,1334.112,11,10,6,10,0.6,30.0,98.9,454.5645,0.0,0,0.0,0.0
1338.0,B,RUNNING,1335.112,11,10,6,10,0.6,30.0,98.9,453.5645,0.0,0,0.0,0.0
1339.0,B,RUNNING,1336.112,11,10,6,10,0.6,30.0,98.9,452.5645,0.0,0,0.0,0.0
1340.0,B,RUNNING,1337.112,11,10,6,10,0.6,30.0,98.9,451.5645,0.0,0,0.0,0.0
1341.0,B,RUNNING,1338.112,11,10,6,10,0.6,30.0,98.9,450.5645,0.0,0,0.0,0.0
1342.0,B,RUNNING,1339.112,11,10,6,10,0.6,30.0,98.9,449.5645,0.0,0,0.0,0.0
1343.0,B,RUNNING,1340.112,11,10,6,10,0.6,30.0,98.9,448.5645,0.0,0,0.0,0.0
1344.0,B,RUNNING,1341.112,11,10,6,10,0.6,30.0,98.9,447.5645,0.0,0,0.0,0.0
1345.0,B,RUNNING,1342.112,11,10,6,10,0.6,30.0,98.9,446.5645,0.0,0,0.0,0.0
1346.0,B,RUNNING,1343.112,11,10,6,10,0.6,30.0,98.9,445.5645,0.0,0,0.0,0.0
1347.0,B,RUNNING,1344.112,11,10,6,10,0.6,30.0,98.9,444.5645,0.0,0,0.0,0.0
1348.0,B,RUNNING,1345.112,11,10,6,10,0.6,30.0,98.9,443.5645,0.0,0,0.0,0.0
1349.0,B,RUNNING,1346.112,11,10,6,10,0.6,30.0,98.9,442.5645,0.0,0,0.0,0.0
1350.0,B,RUNNING,1347.112,11,10,6,10,0.6,30.0,98.9,441.5645,0.0,0,0.0,0.0
1351.0,B,RUNNING,1348.112,11,10,6,10,0.6,30.0,98.9,440.5645,0.0,0,0.0,0.0
1352.0,B,RUNNING,1349.112,11,10,6,10,0.6,30.0,98.9,439.5645,0.0,0,0.0,0.0
1353.0,B,RUNNING,1350.112,11,10,6,10,0.6,30.0,98.9,438.5645,0.0,0,0.0,0.0
1354.0,B,RUNNING,1351.112,11,10,6,10,0.6,30.0,98.9,437.5645,0.0,0,0.0,0.0
1355.0,B,RUNNING,1352.112,11,10,6,10,0.6,30.0,98.9,436.5645,0.0,0,0.0,0.0
1356.0,B,RUNNING,1353.112,11,10,6,10,0.6,30.0,98.9,435.5645,0.0,0,0.0,0.0
1357.0,B,RUNNING,1354.112,11,10,6,10,0.6,30.0,98.9,434.5645,0.0,0,0.0,0.0
1358.0,B,RUNNING,1355.112,11,10,6,10,0.6,30.0,98.9,433.5645,0.0,0,0.0,0.0
1359.0,B,RUNNING,1356.112,11,10,6,10,0.6,30.0,98.9,432.5645,0.0,0,0.0,0.0
1360.0,B,RUNNING,1357.112,11,10,6,10,0.6,30.0,98.9,431.5645,0.0,0,0.0,0.0
1361.0,B,RUNNING,1358.112,11,10,6,10,0.6,30.0,98.9,430.5645,0.0,0,0.0,0.0
1362.0,B,RUNNING,1359.112,11,10,6,10,0.6,30.0,98.9,429.5645,0.0,0,0.0,0.0
1363.0,B,RUNNING,1360.112,11,10,6,10,0.6,30.0,98.9,428.5645,0.0,0,0.0,0.0
1364.0,B,RUNNING,1361.112,11,10,6,10,0.6,30.0,98.9,427.5645,0.0,0,0.0,0.0
1365.0,B,RUNNING,1362.112,11,10,6,10,0.6,30.0,98.9,426.5645,0.0,0,0.0,0.0
1366.0,B,RUNNING,1363.112,11,10,6,10,0.6,30.0,98.9,425.5645,0.0,0,0.0,0.0
1367.0,B,RUNNING,1364.112,11,10,6,10,0.6,30.0,98.9,424.5645,0.0,0,0.0,0.0
1368.0,B,RUNNING,1365.112,11,10,6,10,0.6,30.0,98.9,423.5645,0.0,0,0.0,0.0
1369.0,B,RUNNING,1366.112,11,10,6,10,0.6,30.0,98.9,422.5645,0.0,0,0.0,0.0
1370.0,B,RUNNING,1367.112,11,10,6,10,0.6,30.0,98.9,421.5645,0.0,0,0.0,0.0
1371.0,B,RUNNING,1368.112,11,10,6,10,0.6,30.0,98.9,420.5645,0.0,0,0.0,0.0
1372.0,B,RUNNING,1369.112,11,10,6,10,0.6,30.0,98.9,419.5645,0.0,0,0.0,0.0
1373.0,B,RUNNING,1370.112,11,10,6,10,0.6,30.0,98.9,418.5645,0.0,0,0.0,0.0
1374.0,B,RUNNING,1371.112,11,10,6,10,0.6,30.0,98.9,417.5645,0.0,0,0.0,0.0
1375.0,B,RUNNING,1372.112,11,10,6,10,0.6,30.0,98.9,416.5645,0.0,0,0.0,0.0
1376.0,B,RUNNING,1373.112,11,10,6,10,0.6,30.0,98.9,415.5645,0.0,0,0.0,0.0
1377.0,B,RUNNING,1374.112,11,10,6,10,0.6,30.0,98.9,414.5645,0.0,0,0.0,0.0
1378.0,B,RUNNING,1375.112,11,10,6,10,0.6,30.0,98.9,413.5645,0.0,0,0.0,0.0
1379.0,B,RUNNING,1376.112,11,10,6,10,0.6,30.0,98.9,412.5645,0.0,0,0.0,0.0
1380.0,B,RUNNING,1377.112,11,10,6,10,0.6,30.0,98.9,411.5645,0.0,0,0.0,0.0
1381.0,B,RUNNING,1378.112,11,10,6,10,0.6,30.0,98.9,410.5645,0.0,0,0.0,0.0
1382.0,B,RUNNING,1379.112,11,10,6,10,0.6,30.0,98.9,409.5645,0.0,0,0.0,0.0
1383.0,B,RUNNING,1380.112,11,10,6,10,0.6,30.0,98.9,408.5645,0.0,0,0.0,0.0
1384.0,B,RUNNING,1381.112,11,10,6,10,0.6,30.0,98.9,407.5645,0.0,0,0.0,0.0
1385.0,B,RUNNING,1382.112,11,10,6,10,0.6,30.0,98.9,406.5645,0.0,0,0.0,0.0
1386.0,B,RUNNING,1383.112,11,10,6,10,0.6,30.0,98.9,405.5645,0.0,0,0.0,0.0
1387.0,B,RUNNING,1384.112,11,10,6,10,0.6,30.0,98.9,404.5645,0.0,0,0.0,0.0
1388.0,B,RUNNING,1385.112,11,10,6,10,0.6,30.0,98.9,403.5645,0.0,0,0.0,0.0
1389.0,B,RUNNING,1386.112,11,10,6,10,0.6,30.0,98.9,402.5645,0.0,0,0.0,0.0
1390.0,B,RUNNING,1387.112,11,10,6,10,0.6,30.0,98.9,401.5645,0.0,0,0.0,0.0
1391.0,B,RUNNING,1388.112,11,10,6,10,0.6,30.0,98.9,400.5645,0.0,0,0.0,0.0
1392.0,B,RUNNING,1389.112,11,10,6,10,0.6,30.0,98.9,399.5645,0.0,0,0.0,0.0
1393.0,B,RUNNING,1390.112,11,10,6,10,0.6,30.0,98.9,398.5645,0.0,0,0.0,0.0
1394.0,B,RUNNING,1391.112,11,10,6,10,0.6,30.0,98.9,397.5645,0.0,0,0.0,0.0
1395.0,B,RUNNING,1392.112,11,10,6,10,0.6,30.0,98.9,396.5645,0.0,0,0.0,0.0
1396.0,B,RUNNING,1393.112,11,10,6,10,0.6,30.0,98.9,395.5645,0.0,0,0.0,0.0
1397.0,B,RUNNING,1394.112,11,10,6,10,0.6,30.0,98.9,394.5645,0.0,0,0.0,0.0
1398.0,B,RUNNING,1395.112,11,10,6,10,0.6,30.0,98.9,393.5645,0.0,0,0.0,0.0
1399.0,B,RUNNING,1396.112,11,10,6,10,0.6,30.0,98.9,392.5645,0.0,0,0.0,0.0
1400.0,B,RUNNING,1397.112,11,10,6,10,0.6,30.0,98.9,391.5645,0.0,0,0.0,0.0
1401.0,B,RUNNING,1398.112,11,10,6,10,0.6,30.0,98.9,390.5645,0.0,0,0.0,0.0
1402.0,B,RUNNING,1399.112,11,10,6,10,0.6,30.0,98.9,389.5645,0.0,0,0.0,0.0
1403.0,B,RUNNING,1400.112,11,10,6,10,0.6,30.0,98.9,388.5645,0.0,0,0.0,0.0
1404.0,B,RUNNING,1401.112,11,10,6,10,0.6,30.0,98.9,387.5645,0.0,0,0.0,0.0
1405.0,B,RUNNING,1402.112,11,10,6,10,0.6,30.0,98.9,386.5645,0.0,0,0.0,0.0
1406.0,B,RUNNING,1403.112,11,10,6,10,0.6,30.0,98.9,385.5645,0.0,0,0.0,0.0
1407.0,B,RUNNING,1404.112,11,10,6,10,0.6,30.0,98.9,384.5645,0.0,0,0.0,0.0
1408.0,B,RUNNING,1405.112,11,10,6,10,0.6,30.0,98.9,383.5645,0.0,0,0.0,0.0
1409.0,B,RUNNING,1406.112,11,10,6,10,0.6,30.0,98.9,382.5645,0.0,0,0.0,0.0
1410.0,B,RUNNING,1407.112,11,10,6,10,0.6,30.0,98.9,381.5645,0.0,0,0.0,0.0
1411.0,B,RUNNING,1408.112,11,10,6,10,0.6,30.0,98.9,380.5645,0.0,0,0.0,0.0
1412.0,B,RUNNING,1409.112,11,10,6,10,0.6,30.0,98.9,379.5645,0.0,0,0.0,0.0
1413.0,B,RUNNING,1410.112,11,10,6,10,0.6,30.0,98.9,378.5645,0.0,0,0.0,0.0
1414.0,B,RUNNING,1411.112,11,10,6,10,0.6,30.0,98.9,377.5645,0.0,0,0.0,0.0
1415.0,B,RUNNING,1412.112,11,10,6,10,0.6,30.0,98.9,376.5645,0.0,0,0.0,0.0
1416.0,B,RUNNING,1413.112,11,10,6,10,0.6,30.0,98.9,375.5645,0.0,0,0.0,0.0
1417.0,B,RUNNING,1414.112,11,10,6,10,0.6,30.0,98.9,374.5645,0.0,0,0.0,0.0
1418.0,B,RUNNING,1415.112,11,10,6,10,0.6,30.0,98.9,373.5645,0.0,0,0.0,0.0
1419.0,B,RUNNING,1416.112,11,10,6,10,0.6,30.0,98.9,372.5645,0.0,0,0.0,0.0
1420.0,B,RUNNING,1417.112,11,10,6,10,0.6,30.0,98.9,371.5645,0.0,0,0.0,0.0
1421.0,B,RUNNING,1418.112,11,10,6,10,0.6,30.0,98.9,370.5645,0.0,0,0.0,0.0
1422.0,B,RUNNING,1419.112,11,10,6,10,0.6,30.0,98.9,369.5645,0.0,0,0.0,0.0
1423.0,B,RUNNING,1420.112,11,10,6,10,0.6,30.0,98.9,368.5645,0.0,0,0.0,0.0
1424.0,B,RUNNING,1421.112,11,10,6,10,0.6,30.0,98.9,367.5645,0.0,0,0.0,0.0
1425.0,B,RUNNING,1422.112,11,10,6,10,0.6,30.0,98.9,366.5645,0.0,0,0.0,0.0
1426.0,B,RUNNING,1423.112,11,10,6,10,0.6,30.0,98.9,365.5645,0.0,0,0.0,0.0
1427.0,B,RUNNING,1424.112,11,10,6,10,0.6,30.0,98.9,364.5645,0.0,0,0.0,0.0
1428.0,B,RUNNING,1425.112,11,10,6,10,0.6,30.0,98.9,363.5645,0.0,0,0.0,0.0
1429.0,B,RUNNING,1426.112,11,10,6,10,0.6,30.0,98.9,362.5645,0.0,0,0.0,0.0
1430.0,B,RUNNING,1427.112,11,10,6,10,0.6,30.0,98.9,361.5645,0.0,0,0.0,0.0
1431.0,B,RUNNING,1428.112,11,10,6,10,0.6,30.0,98.9,360.5645,0.0,0,0.0,0.0
1432.0,B,RUNNING,1429.112,12,10,7,10,0.7,30.0,98.8,378.9964,0.0,0,0.0,0.0
1433.0,B,RUNNING,1430.112,12,10,7,10,0.7,30.0,98.8,377.9964,0.0,0,0.0,0.0
1434.0,B,RUNNING,1431.112,12,10,7,10,0.7,30.0,98.8,376.9964,0.0,0,0.0,0.0
1435.0,B,RUNNING,1432.112,12,10,7,10,0.7,30.0,98.8,375.9964,0.0,0,0.0,0.0
1436.0,B,RUNNING,1433.112,12,10,7,10,0.7,30.0,98.8,374.9964,0.0,0,0.0,0.0
1437.0,B,RUNNING,1434.112,12,10,7,10,0.7,30.0,98.8,373.9964,0.0,0,0.0,0.0
1438.0,B,RUNNING,1435.112,12,10,7,10,0.7,30.0,98.8,372.9964,0.0,0,0.0,0.0
1439.0,B,RUNNING,1436.112,12,10,7,10,0.7,30.0,98.8,371.9964,0.0,0,0.0,0.0
1440.0,B,RUNNING,1437.112,12,10,7,10,0.7,30.0,98.8,370.9964,0.0,0,0.0,0.0
1441.0,B,RUNNING,1438.112,12,10,7,10,0.7,30.0,98.8,369.9964,0.0,0,0.0,0.0
1442.0,B,RUNNING,1439.112,12,10,7,10,0.7,30.0,98.8,368.9964,0.0,0,0.0,0.0
1443.0,B,RUNNING,1440.112,12,10,7,10,0.7,30.0,98.8,367.9964,0.0,0,0.0,0.0
1444.0,B,RUNNING,1441.112,12,10,7,10,0.7,30.0,98.8,366.9964,0.0,0,0.0,0.0
1445.0,B,RUNNING,1442.112,12,10,7,10,0.7,30.0,98.8,365.9964,0.0,0,0.0,0.0
1446.0,B,RUNNING,1443.112,12,10,7,10,0.7,30.0,98.8,364.9964,0.0,0,0.0,0.0
1447.0,B,RUNNING,1444.112,12,10,7,10,0.7,30.0,98.8,363.9964,0.0,0,0.0,0.0
1448.0,B,RUNNING,1445.112,12,10,7,10,0.7,30.0,98.8,362.9964,0.0,0,0.0,0.0
1449.0,B,RUNNING,1446.112,12,10,7,10,0.7,30.0,98.8,361.9964,0.0,0,0.0,0.0
1450.0,B,RUNNING,1447.112,12,10,7,10,0.7,30.0,98.8,360.9964,0.0,0,0.0,0.0
1451.0,B,RUNNING,1448.112,12,10,7,10,0.7,30.0,98.8,359.9964,0.0,0,0.0,0.0
