sim_time_s,section_id,status,factory_time_s,produced_total,picked_total,buffer_units,buffer_capacity,buffer_fill,rate_actual_per_hour,health_percent,time_to_full_s,fault_remaining_s,faults_total,lost_units,blocked_time_s
2.31,B,RUNNING,0.0,0,0,2,10,0.2,30.0,100.0,938.3889,0.0,0,0.0,0.0
3.0,B,RUNNING,0.692,0,0,2,10,0.2,30.0,100.0,937.6969,0.0,0,0.0,0.0
4.0,B,RUNNING,1.692,0,0,2,10,0.2,30.0,100.0,936.6969,0.0,0,0.0,0.0
5.0,B,RUNNING,2.692,0,0,2,10,0.2,30.0,100.0,935.6969,0.0,0,0.0,0.0
6.0,B,RUNNING,3.692,0,0,2,10,0.2,30.0,100.0,934.6969,0.0,0,0.0,0.0
7.0,B,RUNNING,4.692,0,0,2,10,0.2,30.0,100.0,933.6969,0.0,0,0.0,0.0
8.0,B,RUNNING,5.696,0,0,2,10,0.2,30.0,100.0,932.6929,0.0,0,0.0,0.0
9.0,B,RUNNING,6.692,0,0,2,10,0.2,30.0,100.0,931.6969,0.0,0,0.0,0.0
10.0,B,RUNNING,7.692,0,0,2,10,0.2,30.0,100.0,930.6969,0.0,0,0.0,0.0
11.0,B,RUNNING,8.692,0,0,2,10,0.2,30.0,100.0,929.6969,0.0,0,0.0,0.0
12.0,B,RUNNING,9.692,0,0,2,10,0.2,30.0,100.0,928.6969,0.0,0,0.0,0.0
13.0,B,RUNNING,10.692,0,0,2,10,0.2,30.0,100.0,927.6969,0.0,0,0.0,0.0
14.0,B,RUNNING,11.692,0,0,2,10,0.2,30.0,100.0,926.6969,0.0,0,0.0,0.0
15.0,B,RUNNING,12.692,0,0,2,10,0.2,30.0,100.0,925.6969,0.0,0,0.0,0.0
16.0,B,RUNNING,13.692,0,0,2,10,0.2,30.0,100.0,924.6969,0.0,0,0.0,0.0
17.0,B,RUNNING,14.692,0,0,2,10,0.2,30.0,100.0,923.6969,0.0,0,0.0,0.0
18.0,B,RUNNING,15.692,0,0,2,10,0.2,30.0,100.0,922.6969,0.0,0,0.0,0.0
19.0,B,RUNNING,16.692,0,0,2,10,0.2,30.0,100.0,921.6969,0.0,0,0.0,0.0
20.0,B,RUNNING,17.692,0,0,2,10,0.2,30.0,100.0,920.6969,0.0,0,0.0,0.0
21.0,B,RUNNING,18.692,0,0,2,10,0.2,30.0,100.0,919.6969,0.0,0,0.0,0.0
22.0,B,RUNNING,19.692,0,0,2,10,0.2,30.0,100.0,918.6969,0.0,0,0.0,0.0
23.0,B,RUNNING,20.692,0,0,2,10,0.2,30.0,100.0,917.6969,0.0,0,0.0,0.0
24.0,B,RUNNING,21.692,0,0,2,10,0.2,30.0,100.0,916.6969,0.0,0,0.0,0.0
25.0,B,RUNNING,22.692,0,0,2,10,0.2,30.0,100.0,915.6969,0.0,0,0.0,0.0
26.0,B,RUNNING,23.692,0,0,2,10,0.2,30.0,100.0,914.6969,0.0,0,0.0,0.0
27.0,B,RUNNING,24.692,0,0,2,10,0.2,30.0,100.0,913.6969,0.0,0,0.0,0.0
28.0,B,RUNNING,25.692,0,0,2,10,0.2,30.0,100.0,912.6969,0.0,0,0.0,0.0
29.0,B,RUNNING,26.692,0,0,2,10,0.2,30.0,100.0,911.6969,0.0,0,0.0,0.0
30.0,B,RUNNING,27.692,0,0,2,10,0.2,30.0,100.0,910.6969,0.0,0,0.0,0.0
31.0,B,RUNNING,28.692,0,0,2,10,0.2,30.0,100.0,909.6969,0.0,0,0.0,0.0
32.0,B,RUNNING,29.692,0,0,2,10,0.2,30.0,100.0,908.6969,0.0,0,0.0,0.0
33.0,B,RUNNING,30.692,0,0,2,10,0.2,30.0,100.0,907.6969,0.0,0,0.0,0.0
34.0,B,RUNNING,31.692,0,0,2,10,0.2,30.0,100.0,906.6969,0.0,0,0.0,0.0
35.0,B,RUNNING,32.696,0,0,2,10,0.2,30.0,100.0,905.6929,0.0,0,0.0,0.0
36.0,B,RUNNING,33.692,0,0,2,10,0.2,30.0,100.0,904.6969,0.0,0,0.0,0.0
37.0,B,RUNNING,34.692,0,0,2,10,0.2,30.0,100.0,903.6969,0.0,0,0.0,0.0
38.0,B,RUNNING,35.692,0,0,2,10,0.2,30.0,100.0,902.6969,0.0,0,0.0,0.0
39.0,B,RUNNING,36.692,0,0,2,10,0.2,30.0,100.0,901.6969,0.0,0,0.0,0.0
40.0,B,RUNNING,37.692,0,0,2,10,0.2,30.0,100.0,900.6969,0.0,0,0.0,0.0
41.0,B,RUNNING,38.692,0,0,2,10,0.2,30.0,100.0,899.6969,0.0,0,0.0,0.0
42.0,B,RUNNING,39.692,0,0,2,10,0.2,30.0,100.0,898.6969,0.0,0,0.0,0.0
43.0,B,RUNNING,40.692,0,0,2,10,0.2,30.0,100.0,897.6969,0.0,0,0.0,0.0
44.0,B,RUNNING,41.692,0,0,2,10,0.2,30.0,100.0,896.6969,0.0,0,0.0,0.0
45.0,B,RUNNING,42.692,0,0,2,10,0.2,30.0,100.0,895.6969,0.0,0,0.0,0.0
46.0,B,RUNNING,43.692,0,0,2,10,0.2,30.0,100.0,894.6969,0.0,0,0.0,0.0
47.0,B,RUNNING,44.692,0,0,2,10,0.2,30.0,100.0,893.6969,0.0,0,0.0,0.0
48.0,B,RUNNING,45.692,0,0,2,10,0.2,30.0,100.0,892.6969,0.0,0,0.0,0.0
49.0,B,RUNNING,46.692,0,0,2,10,0.2,30.0,100.0,891.6969,0.0,0,0.0,0.0
50.0,B,RUNNING,47.692,0,0,2,10,0.2,30.0,100.0,890.6969,0.0,0,0.0,0.0
51.0,B,RUNNING,48.692,0,0,2,10,0.2,30.0,100.0,889.6969,0.0,0,0.0,0.0
52.0,B,RUNNING,49.692,0,0,2,10,0.2,30.0,100.0,888.6969,0.0,0,0.0,0.0
53.0,B,RUNNING,50.692,0,0,2,10,0.2,30.0,100.0,887.6969,0.0,0,0.0,0.0
54.0,B,RUNNING,51.692,0,0,2,10,0.2,30.0,100.0,886.6969,0.0,0,0.0,0.0
55.0,B,RUNNING,52.692,0,0,2,10,0.2,30.0,100.0,885.6969,0.0,0,0.0,0.0
56.0,B,RUNNING,53.692,0,0,2,10,0.2,30.0,100.0,884.6969,0.0,0,0.0,0.0
57.0,B,RUNNING,54.692,0,0,2,10,0.2,30.0,100.0,883.6969,0.0,0,0.0,0.0
58.0,B,RUNNING,55.692,0,0,2,10,0.2,30.0,100.0,882.6969,0.0,0,0.0,0.0
59.0,B,RUNNING,56.692,0,0,2,10,0.2,30.0,100.0,881.6969,0.0,0,0.0,0.0
60.0,B,RUNNING,57.692,0,0,2,10,0.2,30.0,100.0,880.6969,0.0,0,0.0,0.0
61.0,B,RUNNING,58.692,0,0,2,10,0.2,30.0,100.0,879.6969,0.0,0,0.0,0.0
62.0,B,RUNNING,59.692,0,0,2,10,0.2,30.0,100.0,878.6969,0.0,0,0.0,0.0
63.0,B,RUNNING,60.692,0,0,2,10,0.2,30.0,100.0,877.6969,0.0,0,0.0,0.0
64.0,B,RUNNING,61.692,0,0,2,10,0.2,30.0,100.0,876.6969,0.0,0,0.0,0.0
65.0,B,RUNNING,62.692,0,0,2,10,0.2,30.0,100.0,875.6969,0.0,0,0.0,0.0
66.0,B,RUNNING,63.692,0,0,2,10,0.2,30.0,100.0,874.6969,0.0,0,0.0,0.0
67.0,B,RUNNING,64.692,0,0,2,10,0.2,30.0,100.0,873.6969,0.0,0,0.0,0.0
68.0,B,RUNNING,65.692,0,0,2,10,0.2,30.0,100.0,872.6969,0.0,0,0.0,0.0
69.0,B,RUNNING,66.692,0,0,2,10,0.2,30.0,100.0,871.6969,0.0,0,0.0,0.0
70.0,B,RUNNING,67.692,0,0,2,10,0.2,30.0,100.0,870.6969,0.0,0,0.0,0.0
71.0,B,RUNNING,68.692,0,0,2,10,0.2,30.0,100.0,869.6969,0.0,0,0.0,0.0
72.0,B,RUNNING,69.692,0,0,2,10,0.2,30.0,100.0,868.6969,0.0,0,0.0,0.0
73.0,B,RUNNING,70.692,0,0,2,10,0.2,30.0,100.0,867.6969,0.0,0,0.0,0.0
74.0,B,RUNNING,71.692,0,0,2,10,0.2,30.0,100.0,866.6969,0.0,0,0.0,0.0
75.0,B,RUNNING,72.692,0,2,0,10,0.0,30.0,100.0,1105.6969,0.0,0,0.0,0.0
76.0,B,RUNNING,73.692,0,2,0,10,0.0,30.0,100.0,1104.6969,0.0,0,0.0,0.0
77.0,B,RUNNING,74.692,0,2,0,10,0.0,30.0,100.0,1103.6969,0.0,0,0.0,0.0
78.0,B,RUNNING,75.692,0,2,0,10,0.0,30.0,100.0,1102.6969,0.0,0,0.0,0.0
79.0,B,RUNNING,76.692,0,2,0,10,0.0,30.0,100.0,1101.6969,0.0,0,0.0,0.0
80.0,B,RUNNING,77.692,0,2,0,10,0.0,30.0,100.0,1100.6969,0.0,0,0.0,0.0
81.0,B,RUNNING,78.692,0,2,0,10,0.0,30.0,100.0,1099.6969,0.0,0,0.0,0.0
82.0,B,RUNNING,79.692,0,2,0,10,0.0,30.0,100.0,1098.6969,0.0,0,0.0,0.0
83.0,B,RUNNING,80.692,0,2,0,10,0.0,30.0,100.0,1097.6969,0.0,0,0.0,0.0
84.0,B,RUNNING,81.692,0,2,0,10,0.0,30.0,100.0,1096.6969,0.0,0,0.0,0.0
85.0,B,RUNNING,82.692,0,2,0,10,0.0,30.0,100.0,1095.6969,0.0,0,0.0,0.0
86.0,B,RUNNING,83.692,0,2,0,10,0.0,30.0,100.0,1094.6969,0.0,0,0.0,0.0
87.0,B,RUNNING,84.696,0,2,0,10,0.0,30.0,100.0,1093.6929,0.0,0,0.0,0.0
88.0,B,RUNNING,85.692,0,2,0,10,0.0,30.0,100.0,1092.6969,0.0,0,0.0,0.0
89.0,B,RUNNING,86.696,0,2,0,10,0.0,30.0,100.0,1091.6929,0.0,0,0.0,0.0
90.0,B,RUNNING,87.692,0,2,0,10,0.0,30.0,100.0,1090.6969,0.0,0,0.0,0.0
91.0,B,RUNNING,88.692,0,2,0,10,0.0,30.0,100.0,1089.6969,0.0,0,0.0,0.0
92.0,B,RUNNING,89.692,0,2,0,10,0.0,30.0,100.0,1088.6969,0.0,0,0.0,0.0
93.0,B,RUNNING,90.696,0,2,0,10,0.0,30.0,100.0,1087.6929,0.0,0,0.0,0.0
94.0,B,RUNNING,91.696,0,2,0,10,0.0,30.0,100.0,1086.6929,0.0,0,0.0,0.0
95.0,B,RUNNING,92.692,0,2,0,10,0.0,30.0,100.0,1085.6969,0.0,0,0.0,0.0
96.0,B,RUNNING,93.692,0,2,0,10,0.0,30.0,100.0,1084.6969,0.0,0,0.0,0.0
97.0,B,RUNNING,94.692,0,2,0,10,0.0,30.0,100.0,1083.6969,0.0,0,0.0,0.0
98.0,B,RUNNING,95.692,0,2,0,10,0.0,30.0,100.0,1082.6969,0.0,0,0.0,0.0
99.0,B,RUNNING,96.692,0,2,0,10,0.0,30.0,100.0,1081.6969,0.0,0,0.0,0.0
100.0,B,RUNNING,97.692,0,2,0,10,0.0,30.0,100.0,1080.6969,0.0,0,0.0,0.0
101.0,B,RUNNING,98.692,1,2,1,10,0.1,30.0,99.9,1079.4319,0.0,0,0.0,0.0
102.0,B,RUNNING,99.692,1,2,1,10,0.1,30.0,99.9,1078.4319,0.0,0,0.0,0.0
103.0,B,RUNNING,100.692,1,2,1,10,0.1,30.0,99.9,1077.4319,0.0,0,0.0,0.0
104.0,B,RUNNING,101.692,1,2,1,10,0.1,30.0,99.9,1076.4319,0.0,0,0.0,0.0
105.0,B,RUNNING,102.692,1,2,1,10,0.1,30.0,99.9,1075.4319,0.0,0,0.0,0.0
106.0,B,RUNNING,103.692,1,2,1,10,0.1,30.0,99.9,1074.4319,0.0,0,0.0,0.0
107.0,B,RUNNING,104.692,1,2,1,10,0.1,30.0,99.9,1073.4319,0.0,0,0.0,0.0
108.0,B,RUNNING,105.692,1,2,1,10,0.1,30.0,99.9,1072.4319,0.0,0,0.0,0.0
109.0,B,RUNNING,106.692,1,2,1,10,0.1,30.0,99.9,1071.4319,0.0,0,0.0,0.0
110.0,B,RUNNING,107.692,1,2,1,10,0.1,30.0,99.9,1070.4319,0.0,0,0.0,0.0
111.0,B,RUNNING,108.692,1,2,1,10,0.1,30.0,99.9,1069.4319,0.0,0,0.0,0.0
112.0,B,RUNNING,109.692,1,2,1,10,0.1,30.0,99.9,1068.4319,0.0,0,0.0,0.0
113.0,B,RUNNING,110.692,1,2,1,10,0.1,30.0,99.9,1067.4319,0.0,0,0.0,0.0
114.0,B,RUNNING,111.692,1,2,1,10,0.1,30.0,99.9,1066.4319,0.0,0,0.0,0.0
115.0,B,RUNNING,112.692,1,2,1,10,0.1,30.0,99.9,1065.4319,0.0,0,0.0,0.0
116.0,B,RUNNING,113.692,1,2,1,10,0.1,30.0,99.9,1064.4319,0.0,0,0.0,0.0
117.0,B,RUNNING,114.692,1,2,1,10,0.1,30.0,99.9,1063.4319,0.0,0,0.0,0.0
118.0,B,RUNNING,115.692,1,2,1,10,0.1,30.0,99.9,1062.4319,0.0,0,0.0,0.0
119.0,B,RUNNING,116.692,1,2,1,10,0.1,30.0,99.9,1061.4319,0.0,0,0.0,0.0
120.0,B,RUNNING,117.692,1,2,1,10,0.1,30.0,99.9,1060.4319,0.0,0,0.0,0.0
121.0,B,RUNNING,118.692,1,2,1,10,0.1,30.0,99.9,1059.4319,0.0,0,0.0,0.0
122.0,B,RUNNING,119.692,1,2,1,10,0.1,30.0,99.9,1058.4319,0.0,0,0.0,0.0
123.0,B,RUNNING,120.692,1,2,1,10,0.1,30.0,99.9,1057.4319,0.0,0,0.0,0.0
124.0,B,RUNNING,121.692,1,2,1,10,0.1,30.0,99.9,1056.4319,0.0,0,0.0,0.0
125.0,B,RUNNING,122.692,1,2,1,10,0.1,30.0,99.9,1055.4319,0.0,0,0.0,0.0
126.0,B,RUNNING,123.692,1,2,1,10,0.1,30.0,99.9,1054.4319,0.0,0,0.0,0.0
127.0,B,RUNNING,124.692,1,2,1,10,0.1,30.0,99.9,1053.4319,0.0,0,0.0,0.0
128.0,B,RUNNING,125.696,1,2,1,10,0.1,30.0,99.9,1052.4279,0.0,0,0.0,0.0
129.0,B,RUNNING,126.692,1,2,1,10,0.1,30.0,99.9,1051.4319,0.0,0,0.0,0.0
130.0,B,RUNNING,127.692,1,2,1,10,0.1,30.0,99.9,1050.4319,0.0,0,0.0,0.0
131.0,B,RUNNING,128.692,1,2,1,10,0.1,30.0,99.9,1049.4319,0.0,0,0.0,0.0
132.0,B,RUNNING,129.692,1,2,1,10,0.1,30.0,99.9,1048.4319,0.0,0,0.0,0.0
133.0,B,RUNNING,130.692,1,2,1,10,0.1,30.0,99.9,1047.4319,0.0,0,0.0,0.0
134.0,B,RUNNING,131.692,1,2,1,10,0.1,30.0,99.9,1046.4319,0.0,0,0.0,0.0
135.0,B,RUNNING,132.692,1,2,1,10,0.1,30.0,99.9,1045.4319,0.0,0,0.0,0.0
136.0,B,RUNNING,133.692,1,2,1,10,0.1,30.0,99.9,1044.4319,0.0,0,0.0,0.0
137.0,B,RUNNING,134.692,1,2,1,10,0.1,30.0,99.9,1043.4319,0.0,0,0.0,0.0
138.0,B,RUNNING,135.692,1,2,1,10,0.1,30.0,99.9,1042.4319,0.0,0,0.0,0.0
139.0,B,RUNNING,136.692,1,2,1,10,0.1,30.0,99.9,1041.4319,0.0,0,0.0,0.0
140.0,B,RUNNING,137.692,1,2,1,10,0.1,30.0,99.9,1040.4319,0.0,0,0.0,0.0
141.0,B,RUNNING,138.692,1,2,1,10,0.1,30.0,99.9,1039.4319,0.0,0,0.0,0.0
142.0,B,RUNNING,139.692,1,2,1,10,0.1,30.0,99.9,1038.4319,0.0,0,0.0,0.0
143.0,B,RUNNING,140.692,1,2,1,10,0.1,30.0,99.9,1037.4319,0.0,0,0.0,0.0
144.0,B,RUNNING,141.692,1,2,1,10,0.1,30.0,99.9,1036.4319,0.0,0,0.0,0.0
145.0,B,RUNNING,142.692,1,2,1,10,0.1,30.0,99.9,1035.4319,0.0,0,0.0,0.0
146.0,B,RUNNING,143.692,1,2,1,10,0.1,30.0,99.9,1034.4319,0.0,0,0.0,0.0
147.0,B,RUNNING,144.692,1,2,1,10,0.1,30.0,99.9,1033.4319,0.0,0,0.0,0.0
148.0,B,RUNNING,145.692,1,2,1,10,0.1,30.0,99.9,1032.4319,0.0,0,0.0,0.0
149.0,B,RUNNING,146.692,1,2,1,10,0.1,30.0,99.9,1031.4319,0.0,0,0.0,0.0
150.0,B,RUNNING,147.692,1,2,1,10,0.1,30.0,99.9,1030.4319,0.0,0,0.0,0.0
151.0,B,RUNNING,148.692,1,2,1,10,0.1,30.0,99.9,1029.4319,0.0,0,0.0,0.0
152.0,B,RUNNING,149.692,1,2,1,10,0.1,30.0,99.9,1028.4319,0.0,0,0.0,0.0
153.0,B,RUNNING,150.692,1,2,1,10,0.1,30.0,99.9,1027.4319,0.0,0,0.0,0.0
154.0,B,RUNNING,151.692,1,2,1,10,0.1,30.0,99.9,1026.4319,0.0,0,0.0,0.0
155.0,B,RUNNING,152.692,1,2,1,10,0.1,30.0,99.9,1025.4319,0.0,0,0.0,0.0
156.0,B,RUNNING,153.692,1,2,1,10,0.1,30.0,99.9,1024.4319,0.0,0,0.0,0.0
157.0,B,RUNNING,154.692,1,2,1,10,0.1,30.0,99.9,1023.4319,0.0,0,0.0,0.0
158.0,B,RUNNING,155.692,1,2,1,10,0.1,30.0,99.9,1022.4319,0.0,0,0.0,0.0
159.0,B,RUNNING,156.692,1,2,1,10,0.1,30.0,99.9,1021.4319,0.0,0,0.0,0.0
160.0,B,RUNNING,157.692,1,2,1,10,0.1,30.0,99.9,1020.4319,0.0,0,0.0,0.0
161.0,B,RUNNING,158.692,1,2,1,10,0.1,30.0,99.9,1019.4319,0.0,0,0.0,0.0
162.0,B,RUNNING,159.692,1,2,1,10,0.1,30.0,99.9,1018.4319,0.0,0,0.0,0.0
163.0,B,RUNNING,160.692,1,2,1,10,0.1,30.0,99.9,1017.4319,0.0,0,0.0,0.0
164.0,B,RUNNING,161.692,1,2,1,10,0.1,30.0,99.9,1016.4319,0.0,0,0.0,0.0
165.0,B,RUNNING,162.692,1,2,1,10,0.1,30.0,99.9,1015.4319,0.0,0,0.0,0.0
166.0,B,RUNNING,163.696,1,2,1,10,0.1,30.0,99.9,1014.4279,0.0,0,0.0,0.0
167.0,B,RUNNING,164.692,1,2,1,10,0.1,30.0,99.9,1013.4319,0.0,0,0.0,0.0
168.0,B,RUNNING,165.692,1,2,1,10,0.1,30.0,99.9,1012.4319,0.0,0,0.0,0.0
169.0,B,RUNNING,166.692,1,2,1,10,0.1,30.0,99.9,1011.4319,0.0,0,0.0,0.0
170.0,B,RUNNING,167.692,1,2,1,10,0.1,30.0,99.9,1010.4319,0.0,0,0.0,0.0
171.0,B,RUNNING,168.692,1,2,1,10,0.1,30.0,99.9,1009.4319,0.0,0,0.0,0.0
172.0,B,RUNNING,169.692,1,2,1,10,0.1,30.0,99.9,1008.4319,0.0,0,0.0,0.0
173.0,B,RUNNING,170.692,1,2,1,10,0.1,30.0,99.9,1007.4319,0.0,0,0.0,0.0
174.0,B,RUNNING,171.692,1,2,1,10,0.1,30.0,99.9,1006.4319,0.0,0,0.0,0.0
175.0,B,RUNNING,172.692,1,2,1,10,0.1,30.0,99.9,1005.4319,0.0,0,0.0,0.0
176.0,B,RUNNING,173.696,1,2,1,10,0.1,30.0,99.9,1004.4279,0.0,0,0.0,0.0
177.0,B,RUNNING,174.692,1,2,1,10,0.1,30.0,99.9,1003.4319,0.0,0,0.0,0.0
178.0,B,RUNNING,175.692,1,2,1,10,0.1,30.0,99.9,1002.4319,0.0,0,0.0,0.0
179.0,B,RUNNING,176.692,1,2,1,10,0.1,30.0,99.9,1001.4319,0.0,0,0.0,0.0
180.0,B,RUNNING,177.692,1,2,1,10,0.1,30.0,99.9,1000.4319,0.0,0,0.0,0.0
181.0,B,RUNNING,178.692,1,2,1,10,0.1,30.0,99.9,999.4319,0.0,0,0.0,0.0
182.0,B,RUNNING,179.692,1,2,1,10,0.1,30.0,99.9,998.4319,0.0,0,0.0,0.0
183.0,B,RUNNING,180.692,1,2,1,10,0.1,30.0,99.9,997.4319,0.0,0,0.0,0.0
184.0,B,RUNNING,181.692,1,2,1,10,0.1,30.0,99.9,996.4319,0.0,0,0.0,0.0
185.0,B,RUNNING,182.692,1,2,1,10,0.1,30.0,99.9,995.4319,0.0,0,0.0,0.0
186.0,B,RUNNING,183.692,1,2,1,10,0.1,30.0,99.9,994.4319,0.0,0,0.0,0.0
187.0,B,RUNNING,184.692,1,2,1,10,0.1,30.0,99.9,993.4319,0.0,0,0.0,0.0
188.0,B,RUNNING,185.692,1,2,1,10,0.1,30.0,99.9,992.4319,0.0,0,0.0,0.0
189.0,B,RUNNING,186.692,1,2,1,10,0.1,30.0,99.9,991.4319,0.0,0,0.0,0.0
190.0,B,RUNNING,187.692,1,2,1,10,0.1,30.0,99.9,990.4319,0.0,0,0.0,0.0
191.0,B,RUNNING,188.692,1,2,1,10,0.1,30.0,99.9,989.4319,0.0,0,0.0,0.0
192.0,B,RUNNING,189.692,1,2,1,10,0.1,30.0,99.9,988.4319,0.0,0,0.0,0.0
193.0,B,RUNNING,190.692,1,2,1,10,0.1,30.0,99.9,987.4319,0.0,0,0.0,0.0
194.0,B,RUNNING,191.692,1,2,1,10,0.1,30.0,99.9,986.4319,0.0,0,0.0,0.0
195.0,B,RUNNING,192.692,1,2,1,10,0.1,30.0,99.9,985.4319,0.0,0,0.0,0.0
196.0,B,RUNNING,193.692,1,2,1,10,0.1,30.0,99.9,984.4319,0.0,0,0.0,0.0
197.0,B,RUNNING,194.696,1,2,1,10,0.1,30.0,99.9,983.4279,0.0,0,0.0,0.0
198.0,B,RUNNING,195.692,1,2,1,10,0.1,30.0,99.9,982.4319,0.0,0,0.0,0.0
199.0,B,RUNNING,196.692,1,2,1,10,0.1,30.0,99.9,981.4319,0.0,0,0.0,0.0
200.0,B,RUNNING,197.692,1,2,1,10,0.1,30.0,99.9,980.4319,0.0,0,0.0,0.0
201.0,B,RUNNING,198.692,1,2,1,10,0.1,30.0,99.9,979.4319,0.0,0,0.0,0.0
202.0,B,RUNNING,199.692,1,2,1,10,0.1,30.0,99.9,978.4319,0.0,0,0.0,0.0
203.0,B,RUNNING,200.692,1,2,1,10,0.1,30.0,99.9,977.4319,0.0,0,0.0,0.0
204.0,B,RUNNING,201.692,1,2,1,10,0.1,30.0,99.9,976.4319,0.0,0,0.0,0.0
205.0,B,RUNNING,202.692,1,2,1,10,0.1,30.0,99.9,975.4319,0.0,0,0.0,0.0
206.0,B,RUNNING,203.692,1,2,1,10,0.1,30.0,99.9,974.4319,0.0,0,0.0,0.0
207.0,B,RUNNING,204.692,1,2,1,10,0.1,30.0,99.9,973.4319,0.0,0,0.0,0.0
208.0,B,RUNNING,205.692,1,2,1,10,0.1,30.0,99.9,972.4319,0.0,0,0.0,0.0
209.0,B,RUNNING,206.692,1,2,1,10,0.1,30.0,99.9,971.4319,0.0,0,0.0,0.0
210.0,B,RUNNING,207.692,1,2,1,10,0.1,30.0,99.9,970.4319,0.0,0,0.0,0.0
211.0,B,RUNNING,208.692,1,2,1,10,0.1,30.0,99.9,969.4319,0.0,0,0.0,0.0
212.0,B,RUNNING,209.692,1,2,1,10,0.1,30.0,99.9,968.4319,0.0,0,0.0,0.0
213.0,B,RUNNING,210.692,1,2,1,10,0.1,30.0,99.9,967.4319,0.0,0,0.0,0.0
214.0,B,RUNNING,211.696,1,2,1,10,0.1,30.0,99.9,966.4279,0.0,0,0.0,0.0
215.0,B,RUNNING,212.692,1,2,1,10,0.1,30.0,99.9,965.4319,0.0,0,0.0,0.0
216.0,B,RUNNING,213.692,1,2,1,10,0.1,30.0,99.9,964.4319,0.0,0,0.0,0.0
217.0,B,RUNNING,214.692,1,2,1,10,0.1,30.0,99.9,963.4319,0.0,0,0.0,0.0
218.0,B,RUNNING,215.692,1,2,1,10,0.1,30.0,99.9,962.4319,0.0,0,0.0,0.0
219.0,B,RUNNING,216.696,1,2,1,10,0.1,30.0,99.9,961.4279,0.0,0,0.0,0.0
220.0,B,RUNNING,217.692,1,2,1,10,0.1,30.0,99.9,960.4319,0.0,0,0.0,0.0
221.0,B,RUNNING,218.692,2,2,2,10,0.2,30.0,99.8,963.0319,0.0,0,0.0,0.0
222.0,B,RUNNING,219.692,2,2,2,10,0.2,30.0,99.8,962.0319,0.0,0,0.0,0.0
223.0,B,RUNNING,220.692,2,2,2,10,0.2,30.0,99.8,961.0319,0.0,0,0.0,0.0
224.0,B,RUNNING,221.692,2,2,2,10,0.2,30.0,99.8,960.0319,0.0,0,0.0,0.0
225.0,B,RUNNING,222.692,2,2,2,10,0.2,30.0,99.8,959.0319,0.0,0,0.0,0.0
226.0,B,RUNNING,223.692,2,2,2,10,0.2,30.0,99.8,958.0319,0.0,0,0.0,0.0
227.0,B,RUNNING,224.692,2,2,2,10,0.2,30.0,99.8,957.0319,0.0,0,0.0,0.0
228.0,B,RUNNING,225.692,2,2,2,10,0.2,30.0,99.8,956.0319,0.0,0,0.0,0.0
229.0,B,RUNNING,226.692,2,2,2,10,0.2,30.0,99.8,955.0319,0.0,0,0.0,0.0
230.0,B,RUNNING,227.692,2,2,2,10,0.2,30.0,99.8,954.0319,0.0,0,0.0,0.0
231.0,B,RUNNING,228.692,2,2,2,10,0.2,30.0,99.8,953.0319,0.0,0,0.0,0.0
232.0,B,RUNNING,229.692,2,2,2,10,0.2,30.0,99.8,952.0319,0.0,0,0.0,0.0
233.0,B,RUNNING,230.692,2,2,2,10,0.2,30.0,99.8,951.0319,0.0,0,0.0,0.0
234.0,B,RUNNING,231.692,2,2,2,10,0.2,30.0,99.8,950.0319,0.0,0,0.0,0.0
235.0,B,RUNNING,232.692,2,2,2,10,0.2,30.0,99.8,949.0319,0.0,0,0.0,0.0
236.0,B,RUNNING,233.692,2,2,2,10,0.2,30.0,99.8,948.0319,0.0,0,0.0,0.0
237.0,B,RUNNING,234.692,2,2,2,10,0.2,30.0,99.8,947.0319,0.0,0,0.0,0.0
238.0,B,RUNNING,235.692,2,2,2,10,0.2,30.0,99.8,946.0319,0.0,0,0.0,0.0
239.0,B,RUNNING,236.692,2,2,2,10,0.2,30.0,99.8,945.0319,0.0,0,0.0,0.0
240.0,B,RUNNING,237.692,2,2,2,10,0.2,30.0,99.8,944.0319,0.0,0,0.0,0.0
241.0,B,RUNNING,238.692,2,2,2,10,0.2,30.0,99.8,943.0319,0.0,0,0.0,0.0
242.0,B,RUNNING,239.696,2,2,2,10,0.2,30.0,99.8,942.0279,0.0,0,0.0,0.0
243.0,B,RUNNING,240.692,2,2,2,10,0.2,30.0,99.8,941.0319,0.0,0,0.0,0.0
244.0,B,RUNNING,241.692,2,2,2,10,0.2,30.0,99.8,940.0319,0.0,0,0.0,0.0
245.0,B,RUNNING,242.692,2,2,2,10,0.2,30.0,99.8,939.0319,0.0,0,0.0,0.0
246.0,B,RUNNING,243.692,2,2,2,10,0.2,30.0,99.8,938.0319,0.0,0,0.0,0.0
247.0,B,RUNNING,244.692,2,2,2,10,0.2,30.0,99.8,937.0319,0.0,0,0.0,0.0
248.0,B,RUNNING,245.692,2,2,2,10,0.2,30.0,99.8,936.0319,0.0,0,0.0,0.0
249.0,B,RUNNING,246.692,2,2,2,10,0.2,30.0,99.8,935.0319,0.0,0,0.0,0.0
250.0,B,RUNNING,247.692,2,2,2,10,0.2,30.0,99.8,934.0319,0.0,0,0.0,0.0
251.0,B,RUNNING,248.692,2,2,2,10,0.2,30.0,99.8,933.0319,0.0,0,0.0,0.0
252.0,B,RUNNING,249.696,2,2,2,10,0.2,30.0,99.8,932.0279,0.0,0,0.0,0.0
253.0,B,RUNNING,250.692,2,2,2,10,0.2,30.0,99.8,931.0319,0.0,0,0.0,0.0
254.0,B,RUNNING,251.692,2,2,2,10,0.2,30.0,99.8,930.0319,0.0,0,0.0,0.0
255.0,B,RUNNING,252.692,2,2,2,10,0.2,30.0,99.8,929.0319,0.0,0,0.0,0.0
256.0,B,RUNNING,253.692,2,2,2,10,0.2,30.0,99.8,928.0319,0.0,0,0.0,0.0
257.0,B,RUNNING,254.692,2,2,2,10,0.2,30.0,99.8,927.0319,0.0,0,0.0,0.0
258.0,B,RUNNING,255.692,2,2,2,10,0.2,30.0,99.8,926.0319,0.0,0,0.0,0.0
259.0,B,RUNNING,256.692,2,2,2,10,0.2,30.0,99.8,925.0319,0.0,0,0.0,0.0
260.0,B,RUNNING,257.692,2,2,2,10,0.2,30.0,99.8,924.0319,0.0,0,0.0,0.0
261.0,B,RUNNING,258.692,2,2,2,10,0.2,30.0,99.8,923.0319,0.0,0,0.0,0.0
262.0,B,RUNNING,259.692,2,2,2,10,0.2,30.0,99.8,922.0319,0.0,0,0.0,0.0
263.0,B,RUNNING,260.692,2,2,2,10,0.2,30.0,99.8,921.0319,0.0,0,0.0,0.0
264.0,B,RUNNING,261.692,2,2,2,10,0.2,30.0,99.8,920.0319,0.0,0,0.0,0.0
265.0,B,RUNNING,262.692,2,2,2,10,0.2,30.0,99.8,919.0319,0.0,0,0.0,0.0
266.0,B,RUNNING,263.692,2,2,2,10,0.2,30.0,99.8,918.0319,0.0,0,0.0,0.0
267.0,B,RUNNING,264.692,2,2,2,10,0.2,30.0,99.8,917.0319,0.0,0,0.0,0.0
268.0,B,RUNNING,265.692,2,2,2,10,0.2,30.0,99.8,916.0319,0.0,0,0.0,0.0
269.0,B,RUNNING,266.692,2,2,2,10,0.2,30.0,99.8,915.0319,0.0,0,0.0,0.0
270.0,B,RUNNING,267.692,2,2,2,10,0.2,30.0,99.8,914.0319,0.0,0,0.0,0.0
271.0,B,RUNNING,268.692,2,2,2,10,0.2,30.0,99.8,913.0319,0.0,0,0.0,0.0
272.0,B,RUNNING,269.692,2,2,2,10,0.2,30.0,99.8,912.0319,0.0,0,0.0,0.0
273.0,B,RUNNING,270.692,2,2,2,10,0.2,30.0,99.8,911.0319,0.0,0,0.0,0.0
274.0,B,RUNNING,271.692,2,2,2,10,0.2,30.0,99.8,910.0319,0.0,0,0.0,0.0
275.0,B,RUNNING,272.692,2,2,2,10,0.2,30.0,99.8,909.0319,0.0,0,0.0,0.0
276.0,B,RUNNING,273.692,2,2,2,10,0.2,30.0,99.8,908.0319,0.0,0,0.0,0.0
277.0,B,RUNNING,274.692,2,2,2,10,0.2,30.0,99.8,907.0319,0.0,0,0.0,0.0
278.0,B,RUNNING,275.692,2,2,2,10,0.2,30.0,99.8,906.0319,0.0,0,0.0,0.0
279.0,B,RUNNING,276.692,2,2,2,10,0.2,30.0,99.8,905.0319,0.0,0,0.0,0.0
280.0,B,RUNNING,277.692,2,2,2,10,0.2,30.0,99.8,904.0319,0.0,0,0.0,0.0
281.0,B,RUNNING,278.692,2,2,2,10,0.2,30.0,99.8,903.0319,0.0,0,0.0,0.0
282.0,B,RUNNING,279.692,2,2,2,10,0.2,30.0,99.8,902.0319,0.0,0,0.0,0.0
283.0,B,RUNNING,280.692,2,2,2,10,0.2,30.0,99.8,901.0319,0.0,0,0.0,0.0
284.0,B,RUNNING,281.692,2,2,2,10,0.2,30.0,99.8,900.0319,0.0,0,0.0,0.0
285.0,B,RUNNING,282.692,2,2,2,10,0.2,30.0,99.8,899.0319,0.0,0,0.0,0.0
286.0,B,RUNNING,283.692,2,2,2,10,0.2,30.0,99.8,898.0319,0.0,0,0.0,0.0
287.0,B,RUNNING,284.692,2,2,2,10,0.2,30.0,99.8,897.0319,0.0,0,0.0,0.0
288.0,B,RUNNING,285.692,2,2,2,10,0.2,30.0,99.8,896.0319,0.0,0,0.0,0.0
289.0,B,RUNNING,286.692,2,2,2,10,0.2,30.0,99.8,895.0319,0.0,0,0.0,0.0
290.0,B,RUNNING,287.692,2,2,2,10,0.2,30.0,99.8,894.0319,0.0,0,0.0,0.0
291.0,B,RUNNING,288.692,2,2,2,10,0.2,30.0,99.8,893.0319,0.0,0,0.0,0.0
292.0,B,RUNNING,289.692,2,2,2,10,0.2,30.0,99.8,892.0319,0.0,0,0.0,0.0
293.0,B,RUNNING,290.692,2,2,2,10,0.2,30.0,99.8,891.0319,0.0,0,0.0,0.0
294.0,B,RUNNING,291.692,2,2,2,10,0.2,30.0,99.8,890.0319,0.0,0,0.0,0.0
295.0,B,RUNNING,292.692,2,2,2,10,0.2,30.0,99.8,889.0319,0.0,0,0.0,0.0
296.0,B,RUNNING,293.692,2,2,2,10,0.2,30.0,99.8,888.0319,0.0,0,0.0,0.0
297.0,B,RUNNING,294.692,2,2,2,10,0.2,30.0,99.8,887.0319,0.0,0,0.0,0.0
298.0,B,RUNNING,295.692,2,2,2,10,0.2,30.0,99.8,886.0319,0.0,0,0.0,0.0
299.0,B,RUNNING,296.692,2,2,2,10,0.2,30.0,99.8,885.0319,0.0,0,0.0,0.0
300.0,B,RUNNING,297.692,2,2,2,10,0.2,30.0,99.8,884.0319,0.0,0,0.0,0.0
301.0,B,RUNNING,298.692,2,2,2,10,0.2,30.0,99.8,883.0319,0.0,0,0.0,0.0
302.0,B,RUNNING,299.692,2,2,2,10,0.2,30.0,99.8,882.0319,0.0,0,0.0,0.0
303.0,B,RUNNING,300.692,2,2,2,10,0.2,30.0,99.8,881.0319,0.0,0,0.0,0.0
304.0,B,RUNNING,301.692,2,2,2,10,0.2,30.0,99.8,880.0319,0.0,0,0.0,0.0
305.0,B,RUNNING,302.692,2,2,2,10,0.2,30.0,99.8,879.0319,0.0,0,0.0,0.0
306.0,B,RUNNING,303.692,2,2,2,10,0.2,30.0,99.8,878.0319,0.0,0,0.0,0.0
307.0,B,RUNNING,304.692,2,2,2,10,0.2,30.0,99.8,877.0319,0.0,0,0.0,0.0
308.0,B,RUNNING,305.692,2,2,2,10,0.2,30.0,99.8,876.0319,0.0,0,0.0,0.0
309.0,B,RUNNING,306.692,2,2,2,10,0.2,30.0,99.8,875.0319,0.0,0,0.0,0.0
310.0,B,RUNNING,307.692,2,2,2,10,0.2,30.0,99.8,874.0319,0.0,0,0.0,0.0
311.0,B,RUNNING,308.692,2,2,2,10,0.2,30.0,99.8,873.0319,0.0,0,0.0,0.0
312.0,B,RUNNING,309.692,2,2,2,10,0.2,30.0,99.8,872.0319,0.0,0,0.0,0.0
313.0,B,RUNNING,310.692,2,2,2,10,0.2,30.0,99.8,871.0319,0.0,0,0.0,0.0
314.0,B,RUNNING,311.692,2,2,2,10,0.2,30.0,99.8,870.0319,0.0,0,0.0,0.0
315.0,B,RUNNING,312.692,2,2,2,10,0.2,30.0,99.8,869.0319,0.0,0,0.0,0.0
316.0,B,RUNNING,313.692,2,2,2,10,0.2,30.0,99.8,868.0319,0.0,0,0.0,0.0
317.0,B,RUNNING,314.692,2,2,2,10,0.2,30.0,99.8,867.0319,0.0,0,0.0,0.0
318.0,B,RUNNING,315.692,2,2,2,10,0.2,30.0,99.8,866.0319,0.0,0,0.0,0.0
319.0,B,RUNNING,316.692,2,2,2,10,0.2,30.0,99.8,865.0319,0.0,0,0.0,0.0
320.0,B,RUNNING,317.692,2,2,2,10,0.2,30.0,99.8,864.0319,0.0,0,0.0,0.0
321.0,B,RUNNING,318.692,2,2,2,10,0.2,30.0,99.8,863.0319,0.0,0,0.0,0.0
322.0,B,RUNNING,319.692,2,2,2,10,0.2,30.0,99.8,862.0319,0.0,0,0.0,0.0
323.0,B,RUNNING,320.692,2,2,2,10,0.2,30.0,99.8,861.0319,0.0,0,0.0,0.0
324.0,B,RUNNING,321.692,2,2,2,10,0.2,30.0,99.8,860.0319,0.0,0,0.0,0.0
325.0,B,RUNNING,322.692,2,2,2,10,0.2,30.0,99.8,859.0319,0.0,0,0.0,0.0
326.0,B,RUNNING,323.692,2,2,2,10,0.2,30.0,99.8,858.0319,0.0,0,0.0,0.0
327.0,B,RUNNING,324.692,2,2,2,10,0.2,30.0,99.8,857.0319,0.0,0,0.0,0.0
328.0,B,RUNNING,325.692,2,2,2,10,0.2,30.0,99.8,856.0319,0.0,0,0.0,0.0
329.0,B,RUNNING,326.692,2,2,2,10,0.2,30.0,99.8,855.0319,0.0,0,0.0,0.0
330.0,B,RUNNING,327.692,2,2,2,10,0.2,30.0,99.8,854.0319,0.0,0,0.0,0.0
331.0,B,RUNNING,328.692,2,2,2,10,0.2,30.0,99.8,853.0319,0.0,0,0.0,0.0
332.0,B,RUNNING,329.692,2,2,2,10,0.2,30.0,99.8,852.0319,0.0,0,0.0,0.0
333.0,B,RUNNING,330.692,2,2,2,10,0.2,30.0,99.8,851.0319,0.0,0,0.0,0.0
334.0,B,RUNNING,331.692,2,2,2,10,0.2,30.0,99.8,850.0319,0.0,0,0.0,0.0
335.0,B,RUNNING,332.692,2,2,2,10,0.2,30.0,99.8,849.0319,0.0,0,0.0,0.0
336.0,B,RUNNING,333.692,2,2,2,10,0.2,30.0,99.8,848.0319,0.0,0,0.0,0.0
337.0,B,RUNNING,334.692,2,2,2,10,0.2,30.0,99.8,847.0319,0.0,0,0.0,0.0
338.0,B,RUNNING,335.692,2,2,2,10,0.2,30.0,99.8,846.0319,0.0,0,0.0,0.0
339.0,B,RUNNING,336.692,2,2,2,10,0.2,30.0,99.8,845.0319,0.0,0,0.0,0.0
340.0,B,RUNNING,337.692,2,2,2,10,0.2,30.0,99.8,844.0319,0.0,0,0.0,0.0
341.0,B,RUNNING,338.692,2,2,2,10,0.2,30.0,99.8,843.0319,0.0,0,0.0,0.0
342.0,B,RUNNING,339.692,2,2,2,10,0.2,30.0,99.8,842.0319,0.0,0,0.0,0.0
343.0,B,RUNNING,340.692,2,2,2,10,0.2,30.0,99.8,841.0319,0.0,0,0.0,0.0
344.0,B,RUNNING,341.692,2,2,2,10,0.2,30.0,99.8,840.0319,0.0,0,0.0,0.0
345.0,B,RUNNING,342.692,3,2,3,10,0.3,30.0,99.7,839.3239,0.0,0,0.0,0.0
346.0,B,RUNNING,343.692,3,2,3,10,0.3,30.0,99.7,838.3239,0.0,0,0.0,0.0
347.0,B,RUNNING,344.692,3,2,3,10,0.3,30.0,99.7,837.3239,0.0,0,0.0,0.0
348.0,B,RUNNING,345.692,3,2,3,10,0.3,30.0,99.7,836.3239,0.0,0,0.0,0.0
349.0,B,RUNNING,346.692,3,2,3,10,0.3,30.0,99.7,835.3239,0.0,0,0.0,0.0
350.0,B,RUNNING,347.692,3,2,3,10,0.3,30.0,99.7,834.3239,0.0,0,0.0,0.0
351.0,B,RUNNING,348.692,3,2,3,10,0.3,30.0,99.7,833.3239,0.0,0,0.0,0.0
352.0,B,RUNNING,349.692,3,2,3,10,0.3,30.0,99.7,832.3239,0.0,0,0.0,0.0
353.0,B,RUNNING,350.692,3,2,3,10,0.3,30.0,99.7,831.3239,0.0,0,0.0,0.0
354.0,B,RUNNING,351.692,3,2,3,10,0.3,30.0,99.7,830.3239,0.0,0,0.0,0.0
355.0,B,RUNNING,352.692,3,2,3,10,0.3,30.0,99.7,829.3239,0.0,0,0.0,0.0
356.0,B,RUNNING,353.692,3,2,3,10,0.3,30.0,99.7,828.3239,0.0,0,0.0,0.0
357.0,B,RUNNING,354.692,3,2,3,10,0.3,30.0,99.7,827.3239,0.0,0,0.0,0.0
358.0,B,RUNNING,355.692,3,2,3,10,0.3,30.0,99.7,826.3239,0.0,0,0.0,0.0
359.0,B,RUNNING,356.692,3,2,3,10,0.3,30.0,99.7,825.3239,0.0,0,0.0,0.0
360.0,B,RUNNING,357.692,3,2,3,10,0.3,30.0,99.7,824.3239,0.0,0,0.0,0.0
361.0,B,RUNNING,358.692,3,2,3,10,0.3,30.0,99.7,823.3239,0.0,0,0.0,0.0
362.0,B,RUNNING,359.692,3,2,3,10,0.3,30.0,99.7,822.3239,0.0,0,0.0,0.0
363.0,B,RUNNING,360.692,3,2,3,10,0.3,30.0,99.7,821.3239,0.0,0,0.0,0.0
364.0,B,RUNNING,361.692,3,2,3,10,0.3,30.0,99.7,820.3239,0.0,0,0.0,0.0
365.0,B,RUNNING,362.692,3,2,3,10,0.3,30.0,99.7,819.3239,0.0,0,0.0,0.0
366.0,B,RUNNING,363.692,3,2,3,10,0.3,30.0,99.7,818.3239,0.0,0,0.0,0.0
367.0,B,RUNNING,364.692,3,2,3,10,0.3,30.0,99.7,817.3239,0.0,0,0.0,0.0
368.0,B,RUNNING,365.692,3,2,3,10,0.3,30.0,99.7,816.3239,0.0,0,0.0,0.0
369.0,B,RUNNING,366.692,3,2,3,10,0.3,30.0,99.7,815.3239,0.0,0,0.0,0.0
370.0,B,RUNNING,367.692,3,2,3,10,0.3,30.0,99.7,814.3239,0.0,0,0.0,0.0
371.0,B,RUNNING,368.692,3,2,3,10,0.3,30.0,99.7,813.3239,0.0,0,0.0,0.0
372.0,B,RUNNING,369.692,3,2,3,10,0.3,30.0,99.7,812.3239,0.0,0,0.0,0.0
373.0,B,RUNNING,370.692,3,2,3,10,0.3,30.0,99.7,811.3239,0.0,0,0.0,0.0
374.0,B,RUNNING,371.692,3,2,3,10,0.3,30.0,99.7,810.3239,0.0,0,0.0,0.0
375.0,B,RUNNING,372.692,3,2,3,10,0.3,30.0,99.7,809.3239,0.0,0,0.0,0.0
376.0,B,RUNNING,373.692,3,2,3,10,0.3,30.0,99.7,808.3239,0.0,0,0.0,0.0
377.0,B,RUNNING,374.692,3,2,3,10,0.3,30.0,99.7,807.3239,0.0,0,0.0,0.0
378.0,B,RUNNING,375.692,3,2,3,10,0.3,30.0,99.7,806.3239,0.0,0,0.0,0.0
379.0,B,RUNNING,376.692,3,2,3,10,0.3,30.0,99.7,805.3239,0.0,0,0.0,0.0
380.0,B,RUNNING,377.692,3,2,3,10,0.3,30.0,99.7,804.3239,0.0,0,0.0,0.0
381.0,B,RUNNING,378.692,3,2,3,10,0.3,30.0,99.7,803.3239,0.0,0,0.0,0.0
382.0,B,RUNNING,379.692,3,2,3,10,0.3,30.0,99.7,802.3239,0.0,0,0.0,0.0
383.0,B,RUNNING,380.692,3,2,3,10,0.3,30.0,99.7,801.3239,0.0,0,0.0,0.0
384.0,B,RUNNING,381.692,3,2,3,10,0.3,30.0,99.7,800.3239,0.0,0,0.0,0.0
385.0,B,RUNNING,382.692,3,2,3,10,0.3,30.0,99.7,799.3239,0.0,0,0.0,0.0
386.0,B,RUNNING,383.692,3,2,3,10,0.3,30.0,99.7,798.3239,0.0,0,0.0,0.0
387.0,B,RUNNING,384.692,3,2,3,10,0.3,30.0,99.7,797.3239,0.0,0,0.0,0.0
388.0,B,RUNNING,385.692,3,2,3,10,0.3,30.0,99.7,796.3239,0.0,0,0.0,0.0
389.0,B,RUNNING,386.692,3,2,3,10,0.3,30.0,99.7,795.3239,0.0,0,0.0,0.0
390.0,B,RUNNING,387.692,3,2,3,10,0.3,30.0,99.7,794.3239,0.0,0,0.0,0.0
391.0,B,RUNNING,388.692,3,2,3,10,0.3,30.0,99.7,793.3239,0.0,0,0.0,0.0
392.0,B,RUNNING,389.692,3,2,3,10,0.3,30.0,99.7,792.3239,0.0,0,0.0,0.0
393.0,B,RUNNING,390.692,3,2,3,10,0.3,30.0,99.7,791.3239,0.0,0,0.0,0.0
394.0,B,RUNNING,391.692,3,2,3,10,0.3,30.0,99.7,790.3239,0.0,0,0.0,0.0
395.0,B,RUNNING,392.692,3,2,3,10,0.3,30.0,99.7,789.3239,0.0,0,0.0,0.0
396.0,B,RUNNING,393.692,3,2,3,10,0.3,30.0,99.7,788.3239,0.0,0,0.0,0.0
397.0,B,RUNNING,394.692,3,2,3,10,0.3,30.0,99.7,787.3239,0.0,0,0.0,0.0
398.0,B,RUNNING,395.692,3,2,3,10,0.3,30.0,99.7,786.3239,0.0,0,0.0,0.0
399.0,B,RUNNING,396.692,3,2,3,10,0.3,30.0,99.7,785.3239,0.0,0,0.0,0.0
400.0,B,RUNNING,397.692,3,2,3,10,0.3,30.0,99.7,784.3239,0.0,0,0.0,0.0
401.0,B,RUNNING,398.696,3,2,3,10,0.3,30.0,99.7,783.3199,0.0,0,0.0,0.0
402.0,B,RUNNING,399.692,3,2,3,10,0.3,30.0,99.7,782.3239,0.0,0,0.0,0.0
403.0,B,RUNNING,400.692,3,2,3,10,0.3,30.0,99.7,781.3239,0.0,0,0.0,0.0
404.0,B,RUNNING,401.692,3,2,3,10,0.3,30.0,99.7,780.3239,0.0,0,0.0,0.0
405.0,B,RUNNING,402.692,3,2,3,10,0.3,30.0,99.7,779.3239,0.0,0,0.0,0.0
406.0,B,RUNNING,403.692,3,2,3,10,0.3,30.0,99.7,778.3239,0.0,0,0.0,0.0
407.0,B,RUNNING,404.692,3,2,3,10,0.3,30.0,99.7,777.3239,0.0,0,0.0,0.0
408.0,B,RUNNING,405.692,3,2,3,10,0.3,30.0,99.7,776.3239,0.0,0,0.0,0.0
409.0,B,RUNNING,406.692,3,2,3,10,0.3,30.0,99.7,775.3239,0.0,0,0.0,0.0
410.0,B,RUNNING,407.692,3,2,3,10,0.3,30.0,99.7,774.3239,0.0,0,0.0,0.0
411.0,B,RUNNING,408.692,3,2,3,10,0.3,30.0,99.7,773.3239,0.0,0,0.0,0.0
412.0,B,RUNNING,409.692,3,2,3,10,0.3,30.0,99.7,772.3239,0.0,0,0.0,0.0
413.0,B,RUNNING,410.692,3,2,3,10,0.3,30.0,99.7,771.3239,0.0,0,0.0,0.0
414.0,B,RUNNING,411.692,3,2,3,10,0.3,30.0,99.7,770.3239,0.0,0,0.0,0.0
415.0,B,RUNNING,412.692,3,2,3,10,0.3,30.0,99.7,769.3239,0.0,0,0.0,0.0
416.0,B,RUNNING,413.692,3,2,3,10,0.3,30.0,99.7,768.3239,0.0,0,0.0,0.0
417.0,B,RUNNING,414.692,3,2,3,10,0.3,30.0,99.7,767.3239,0.0,0,0.0,0.0
418.0,B,RUNNING,415.692,3,2,3,10,0.3,30.0,99.7,766.3239,0.0,0,0.0,0.0
419.0,B,RUNNING,416.692,3,2,3,10,0.3,30.0,99.7,765.3239,0.0,0,0.0,0.0
420.0,B,RUNNING,417.692,3,2,3,10,0.3,30.0,99.7,764.3239,0.0,0,0.0,0.0
421.0,B,RUNNING,418.692,3,2,3,10,0.3,30.0,99.7,763.3239,0.0,0,0.0,0.0
422.0,B,RUNNING,419.692,3,2,3,10,0.3,30.0,99.7,762.3239,0.0,0,0.0,0.0
423.0,B,RUNNING,420.692,3,2,3,10,0.3,30.0,99.7,761.3239,0.0,0,0.0,0.0
424.0,B,RUNNING,421.696,3,2,3,10,0.3,30.0,99.7,760.3199,0.0,0,0.0,0.0
425.0,B,RUNNING,422.692,3,2,3,10,0.3,30.0,99.7,759.3239,0.0,0,0.0,0.0
426.0,B,RUNNING,423.692,3,2,3,10,0.3,30.0,99.7,758.3239,0.0,0,0.0,0.0
427.0,B,RUNNING,424.692,3,2,3,10,0.3,30.0,99.7,757.3239,0.0,0,0.0,0.0
428.0,B,RUNNING,425.692,3,2,3,10,0.3,30.0,99.7,756.3239,0.0,0,0.0,0.0
429.0,B,RUNNING,426.692,3,2,3,10,0.3,30.0,99.7,755.3239,0.0,0,0.0,0.0
430.0,B,RUNNING,427.692,3,2,3,10,0.3,30.0,99.7,754.3239,0.0,0,0.0,0.0
431.0,B,RUNNING,428.692,3,2,3,10,0.3,30.0,99.7,753.3239,0.0,0,0.0,0.0
432.0,B,RUNNING,429.692,3,2,3,10,0.3,30.0,99.7,752.3239,0.0,0,0.0,0.0
433.0,B,RUNNING,430.692,3,2,3,10,0.3,30.0,99.7,751.3239,0.0,0,0.0,0.0
434.0,B,RUNNING,431.692,3,2,3,10,0.3,30.0,99.7,750.3239,0.0,0,0.0,0.0
435.0,B,RUNNING,432.692,3,2,3,10,0.3,30.0,99.7,749.3239,0.0,0,0.0,0.0
436.0,B,RUNNING,433.692,3,2,3,10,0.3,30.0,99.7,748.3239,0.0,0,0.0,0.0
437.0,B,RUNNING,434.692,3,2,3,10,0.3,30.0,99.7,747.3239,0.0,0,0.0,0.0
438.0,B,RUNNING,435.692,3,2,3,10,0.3,30.0,99.7,746.3239,0.0,0,0.0,0.0
439.0,B,RUNNING,436.692,3,2,3,10,0.3,30.0,99.7,745.3239,0.0,0,0.0,0.0
440.0,B,RUNNING,437.692,3,2,3,10,0.3,30.0,99.7,744.3239,0.0,0,0.0,0.0
441.0,B,RUNNING,438.692,3,2,3,10,0.3,30.0,99.7,743.3239,0.0,0,0.0,0.0
442.0,B,RUNNING,439.692,3,2,3,10,0.3,30.0,99.7,742.3239,0.0,0,0.0,0.0
443.0,B,RUNNING,440.692,3,2,3,10,0.3,30.0,99.7,741.3239,0.0,0,0.0,0.0
444.0,B,RUNNING,441.692,3,2,3,10,0.3,30.0,99.7,740.3239,0.0,0,0.0,0.0
445.0,B,RUNNING,442.696,3,2,3,10,0.3,30.0,99.7,739.3199,0.0,0,0.0,0.0
446.0,B,RUNNING,443.692,3,2,3,10,0.3,30.0,99.7,738.3239,0.0,0,0.0,0.0
447.0,B,RUNNING,444.692,3,2,3,10,0.3,30.0,99.7,737.3239,0.0,0,0.0,0.0
448.0,B,RUNNING,445.692,3,2,3,10,0.3,30.0,99.7,736.3239,0.0,0,0.0,0.0
449.0,B,RUNNING,446.692,3,2,3,10,0.3,30.0,99.7,735.3239,0.0,0,0.0,0.0
450.0,B,RUNNING,447.692,3,2,3,10,0.3,30.0,99.7,734.3239,0.0,0,0.0,0.0
451.0,B,RUNNING,448.692,3,2,3,10,0.3,30.0,99.7,733.3239,0.0,0,0.0,0.0
452.0,B,RUNNING,449.692,3,2,3,10,0.3,30.0,99.7,732.3239,0.0,0,0.0,0.0
453.0,B,RUNNING,450.692,3,2,3,10,0.3,30.0,99.7,731.3239,0.0,0,0.0,0.0
454.0,B,RUNNING,451.692,3,2,3,10,0.3,30.0,99.7,730.3239,0.0,0,0.0,0.0
455.0,B,RUNNING,452.692,3,2,3,10,0.3,30.0,99.7,729.3239,0.0,0,0.0,0.0
456.0,B,RUNNING,453.692,3,2,3,10,0.3,30.0,99.7,728.3239,0.0,0,0.0,0.0
457.0,B,RUNNING,454.692,3,2,3,10,0.3,30.0,99.7,727.3239,0.0,0,0.0,0.0
458.0,B,RUNNING,455.692,3,2,3,10,0.3,30.0,99.7,726.3239,0.0,0,0.0,0.0
459.0,B,RUNNING,456.692,3,2,3,10,0.3,30.0,99.7,725.3239,0.0,0,0.0,0.0
460.0,B,RUNNING,457.692,3,2,3,10,0.3,30.0,99.7,724.3239,0.0,0,0.0,0.0
461.0,B,RUNNING,458.692,3,2,3,10,0.3,30.0,99.7,723.3239,0.0,0,0.0,0.0
462.0,B,RUNNING,459.692,3,2,3,10,0.3,30.0,99.7,722.3239,0.0,0,0.0,0.0
463.0,B,RUNNING,460.692,3,2,3,10,0.3,30.0,99.7,721.3239,0.0,0,0.0,0.0
464.0,B,RUNNING,461.692,3,2,3,10,0.3,30.0,99.7,720.3239,0.0,0,0.0,0.0
465.0,B,RUNNING,462.692,4,2,4,10,0.4,30.0,99.6,735.7439,0.0,0,0.0,0.0
466.0,B,RUNNING,463.692,4,2,4,10,0.4,30.0,99.6,734.7439,0.0,0,0.0,0.0
467.0,B,RUNNING,464.692,4,2,4,10,0.4,30.0,99.6,733.7439,0.0,0,0.0,0.0
468.0,B,RUNNING,465.692,4,2,4,10,0.4,30.0,99.6,732.7439,0.0,0,0.0,0.0
469.0,B,RUNNING,466.692,4,2,4,10,0.4,30.0,99.6,731.7439,0.0,0,0.0,0.0
470.0,B,RUNNING,467.692,4,2,4,10,0.4,30.0,99.6,730.7439,0.0,0,0.0,0.0
471.0,B,RUNNING,468.692,4,2,4,10,0.4,30.0,99.6,729.7439,0.0,0,0.0,0.0
472.0,B,RUNNING,469.692,4,2,4,10,0.4,30.0,99.6,728.7439,0.0,0,0.0,0.0
473.0,B,RUNNING,470.692,4,2,4,10,0.4,30.0,99.6,727.7439,0.0,0,0.0,0.0
474.0,B,RUNNING,471.692,4,2,4,10,0.4,30.0,99.6,726.7439,0.0,0,0.0,0.0
475.0,B,RUNNING,472.692,4,2,4,10,0.4,30.0,99.6,725.7439,0.0,0,0.0,0.0
476.0,B,RUNNING,473.692,4,2,4,10,0.4,30.0,99.6,724.7439,0.0,0,0.0,0.0
477.0,B,RUNNING,474.692,4,2,4,10,0.4,30.0,99.6,723.7439,0.0,0,0.0,0.0
478.0,B,RUNNING,475.692,4,2,4,10,0.4,30.0,99.6,722.7439,0.0,0,0.0,0.0
479.0,B,RUNNING,476.692,4,2,4,10,0.4,30.0,99.6,721.7439,0.0,0,0.0,0.0
480.0,B,RUNNING,477.692,4,2,4,10,0.4,30.0,99.6,720.7439,0.0,0,0.0,0.0
481.0,B,RUNNING,478.692,4,2,4,10,0.4,30.0,99.6,719.7439,0.0,0,0.0,0.0
482.0,B,RUNNING,479.692,4,2,4,10,0.4,30.0,99.6,718.7439,0.0,0,0.0,0.0
483.0,B,RUNNING,480.692,4,2,4,10,0.4,30.0,99.6,717.7439,0.0,0,0.0,0.0
484.0,B,RUNNING,481.692,4,2,4,10,0.4,30.0,99.6,716.7439,0.0,0,0.0,0.0
485.0,B,RUNNING,482.692,4,2,4,10,0.4,30.0,99.6,715.7439,0.0,0,0.0,0.0
486.0,B,RUNNING,483.692,4,2,4,10,0.4,30.0,99.6,714.7439,0.0,0,0.0,0.0
487.0,B,RUNNING,484.692,4,2,4,10,0.4,30.0,99.6,713.7439,0.0,0,0.0,0.0
488.0,B,RUNNING,485.692,4,2,4,10,0.4,30.0,99.6,712.7439,0.0,0,0.0,0.0
489.0,B,RUNNING,486.692,4,2,4,10,0.4,30.0,99.6,711.7439,0.0,0,0.0,0.0
490.0,B,RUNNING,487.692,4,2,4,10,0.4,30.0,99.6,710.7439,0.0,0,0.0,0.0
491.0,B,RUNNING,488.692,4,2,4,10,0.4,30.0,99.6,709.7439,0.0,0,0.0,0.0
492.0,B,RUNNING,489.692,4,2,4,10,0.4,30.0,99.6,708.7439,0.0,0,0.0,0.0
493.0,B,RUNNING,490.692,4,2,4,10,0.4,30.0,99.6,707.7439,0.0,0,0.0,0.0
494.0,B,RUNNING,491.692,4,2,4,10,0.4,30.0,99.6,706.7439,0.0,0,0.0,0.0
495.0,B,RUNNING,492.692,4,2,4,10,0.4,30.0,99.6,705.7439,0.0,0,0.0,0.0
496.0,B,RUNNING,493.692,4,2,4,10,0.4,30.0,99.6,704.7439,0.0,0,0.0,0.0
497.0,B,RUNNING,494.692,4,2,4,10,0.4,30.0,99.6,703.7439,0.0,0,0.0,0.0
498.0,B,RUNNING,495.692,4,2,4,10,0.4,30.0,99.6,702.7439,0.0,0,0.0,0.0
499.0,B,RUNNING,496.692,4,2,4,10,0.4,30.0,99.6,701.7439,0.0,0,0.0,0.0
500.0,B,RUNNING,497.692,4,2,4,10,0.4,30.0,99.6,700.7439,0.0,0,0.0,0.0
501.0,B,RUNNING,498.692,4,2,4,10,0.4,30.0,99.6,699.7439,0.0,0,0.0,0.0
502.0,B,RUNNING,499.692,4,2,4,10,0.4,30.0,99.6,698.7439,0.0,0,0.0,0.0
503.0,B,RUNNING,500.692,4,2,4,10,0.4,30.0,99.6,697.7439,0.0,0,0.0,0.0
504.0,B,RUNNING,501.692,4,2,4,10,0.4,30.0,99.6,696.7439,0.0,0,0.0,0.0
505.0,B,RUNNING,502.692,4,2,4,10,0.4,30.0,99.6,695.7439,0.0,0,0.0,0.0
506.0,B,RUNNING,503.692,4,2,4,10,0.4,30.0,99.6,694.7439,0.0,0,0.0,0.0
507.0,B,RUNNING,504.692,4,2,4,10,0.4,30.0,99.6,693.7439,0.0,0,0.0,0.0
508.0,B,RUNNING,505.692,4,2,4,10,0.4,30.0,99.6,692.7439,0.0,0,0.0,0.0
509.0,B,RUNNING,506.692,4,2,4,10,0.4,30.0,99.6,691.7439,0.0,0,0.0,0.0
510.0,B,RUNNING,507.692,4,2,4,10,0.4,30.0,99.6,690.7439,0.0,0,0.0,0.0
511.0,B,RUNNING,508.692,4,2,4,10,0.4,30.0,99.6,689.7439,0.0,0,0.0,0.0
512.0,B,RUNNING,509.692,4,2,4,10,0.4,30.0,99.6,688.7439,0.0,0,0.0,0.0
513.0,B,RUNNING,510.692,4,2,4,10,0.4,30.0,99.6,687.7439,0.0,0,0.0,0.0
514.0,B,RUNNING,511.692,4,2,4,10,0.4,30.0,99.6,686.7439,0.0,0,0.0,0.0
515.0,B,RUNNING,512.692,4,2,4,10,0.4,30.0,99.6,685.7439,0.0,0,0.0,0.0
516.0,B,RUNNING,513.692,4,2,4,10,0.4,30.0,99.6,684.7439,0.0,0,0.0,0.0
517.0,B,RUNNING,514.692,4,2,4,10,0.4,30.0,99.6,683.7439,0.0,0,0.0,0.0
518.0,B,RUNNING,515.692,4,2,4,10,0.4,30.0,99.6,682.7439,0.0,0,0.0,0.0
519.0,B,RUNNING,516.692,4,2,4,10,0.4,30.0,99.6,681.7439,0.0,0,0.0,0.0
520.0,B,RUNNING,517.692,4,2,4,10,0.4,30.0,99.6,680.7439,0.0,0,0.0,0.0
521.0,B,RUNNING,518.692,4,2,4,10,0.4,30.0,99.6,679.7439,0.0,0,0.0,0.0
522.0,B,RUNNING,519.692,4,2,4,10,0.4,30.0,99.6,678.7439,0.0,0,0.0,0.0
523.0,B,RUNNING,520.692,4,2,4,10,0.4,30.0,99.6,677.7439,0.0,0,0.0,0.0
524.0,B,RUNNING,521.692,4,2,4,10,0.4,30.0,99.6,676.7439,0.0,0,0.0,0.0
525.0,B,RUNNING,522.692,4,2,4,10,0.4,30.0,99.6,675.7439,0.0,0,0.0,0.0
526.0,B,RUNNING,523.692,4,2,4,10,0.4,30.0,99.6,674.7439,0.0,0,0.0,0.0
527.0,B,RUNNING,524.692,4,2,4,10,0.4,30.0,99.6,673.7439,0.0,0,0.0,0.0
528.0,B,RUNNING,525.692,4,2,4,10,0.4,30.0,99.6,672.7439,0.0,0,0.0,0.0
529.0,B,RUNNING,526.692,4,2,4,10,0.4,30.0,99.6,671.7439,0.0,0,0.0,0.0
530.0,B,RUNNING,527.692,4,2,4,10,0.4,30.0,99.6,670.7439,0.0,0,0.0,0.0
531.0,B,RUNNING,528.692,4,2,4,10,0.4,30.0,99.6,669.7439,0.0,0,0.0,0.0
532.0,B,RUNNING,529.692,4,2,4,10,0.4,30.0,99.6,668.7439,0.0,0,0.0,0.0
533.0,B,RUNNING,530.696,4,2,4,10,0.4,30.0,99.6,667.7399,0.0,0,0.0,0.0
534.0,B,RUNNING,531.692,4,2,4,10,0.4,30.0,99.6,666.7439,0.0,0,0.0,0.0
535.0,B,RUNNING,532.692,4,2,4,10,0.4,30.0,99.6,665.7439,0.0,0,0.0,0.0
536.0,B,RUNNING,533.696,4,2,4,10,0.4,30.0,99.6,664.7399,0.0,0,0.0,0.0
537.0,B,RUNNING,534.692,4,2,4,10,0.4,30.0,99.6,663.7439,0.0,0,0.0,0.0
538.0,B,RUNNING,535.692,4,2,4,10,0.4,30.0,99.6,662.7439,0.0,0,0.0,0.0
539.0,B,RUNNING,536.692,4,2,4,10,0.4,30.0,99.6,661.7439,0.0,0,0.0,0.0
540.0,B,RUNNING,537.692,4,2,4,10,0.4,30.0,99.6,660.7439,0.0,0,0.0,0.0
541.0,B,RUNNING,538.692,4,2,4,10,0.4,30.0,99.6,659.7439,0.0,0,0.0,0.0
542.0,B,RUNNING,539.692,4,2,4,10,0.4,30.0,99.6,658.7439,0.0,0,0.0,0.0
543.0,B,RUNNING,540.692,4,2,4,10,0.4,30.0,99.6,657.7439,0.0,0,0.0,0.0
544.0,B,RUNNING,541.692,4,2,4,10,0.4,30.0,99.6,656.7439,0.0,0,0.0,0.0
545.0,B,RUNNING,542.692,4,2,4,10,0.4,30.0,99.6,655.7439,0.0,0,0.0,0.0
546.0,B,RUNNING,543.692,4,2,4,10,0.4,30.0,99.6,654.7439,0.0,0,0.0,0.0
547.0,B,RUNNING,544.692,4,2,4,10,0.4,30.0,99.6,653.7439,0.0,0,0.0,0.0
548.0,B,RUNNING,545.692,4,2,4,10,0.4,30.0,99.6,652.7439,0.0,0,0.0,0.0
549.0,B,RUNNING,546.692,4,2,4,10,0.4,30.0,99.6,651.7439,0.0,0,0.0,0.0
550.0,B,RUNNING,547.692,4,2,4,10,0.4,30.0,99.6,650.7439,0.0,0,0.0,0.0
551.0,B,RUNNING,548.692,4,2,4,10,0.4,30.0,99.6,649.7439,0.0,0,0.0,0.0
552.0,B,RUNNING,549.692,4,2,4,10,0.4,30.0,99.6,648.7439,0.0,0,0.0,0.0
553.0,B,RUNNING,550.692,4,2,4,10,0.4,30.0,99.6,647.7439,0.0,0,0.0,0.0
554.0,B,RUNNING,551.692,4,2,4,10,0.4,30.0,99.6,646.7439,0.0,0,0.0,0.0
555.0,B,RUNNING,552.692,4,2,4,10,0.4,30.0,99.6,645.7439,0.0,0,0.0,0.0
556.0,B,RUNNING,553.692,4,2,4,10,0.4,30.0,99.6,644.7439,0.0,0,0.0,0.0
557.0,B,RUNNING,554.692,4,2,4,10,0.4,30.0,99.6,643.7439,0.0,0,0.0,0.0
558.0,B,RUNNING,555.692,4,2,4,10,0.4,30.0,99.6,642.7439,0.0,0,0.0,0.0
559.0,B,RUNNING,556.692,4,2,4,10,0.4,30.0,99.6,641.7439,0.0,0,0.0,0.0
560.0,B,RUNNING,557.692,4,2,4,10,0.4,30.0,99.6,640.7439,0.0,0,0.0,0.0
561.0,B,RUNNING,558.692,4,2,4,10,0.4,30.0,99.6,639.7439,0.0,0,0.0,0.0
562.0,B,RUNNING,559.692,4,2,4,10,0.4,30.0,99.6,638.7439,0.0,0,0.0,0.0
563.0,B,RUNNING,560.692,4,2,4,10,0.4,30.0,99.6,637.7439,0.0,0,0.0,0.0
564.0,B,RUNNING,561.692,4,2,4,10,0.4,30.0,99.6,636.7439,0.0,0,0.0,0.0
565.0,B,RUNNING,562.692,4,2,4,10,0.4,30.0,99.6,635.7439,0.0,0,0.0,0.0
566.0,B,RUNNING,563.692,4,2,4,10,0.4,30.0,99.6,634.7439,0.0,0,0.0,0.0
567.0,B,RUNNING,564.692,4,2,4,10,0.4,30.0,99.6,633.7439,0.0,0,0.0,0.0
568.0,B,RUNNING,565.692,4,2,4,10,0.4,30.0,99.6,632.7439,0.0,0,0.0,0.0
569.0,B,RUNNING,566.692,4,2,4,10,0.4,30.0,99.6,631.7439,0.0,0,0.0,0.0
570.0,B,RUNNING,567.692,4,2,4,10,0.4,30.0,99.6,630.7439,0.0,0,0.0,0.0
571.0,B,RUNNING,568.692,4,2,4,10,0.4,30.0,99.6,629.7439,0.0,0,0.0,0.0
572.0,B,RUNNING,569.692,4,2,4,10,0.4,30.0,99.6,628.7439,0.0,0,0.0,0.0
573.0,B,RUNNING,570.692,4,2,4,10,0.4,30.0,99.6,627.7439,0.0,0,0.0,0.0
574.0,B,RUNNING,571.692,4,2,4,10,0.4,30.0,99.6,626.7439,0.0,0,0.0,0.0
575.0,B,RUNNING,572.692,4,2,4,10,0.4,30.0,99.6,625.7439,0.0,0,0.0,0.0
576.0,B,RUNNING,573.692,4,2,4,10,0.4,30.0,99.6,624.7439,0.0,0,0.0,0.0
577.0,B,RUNNING,574.692,4,2,4,10,0.4,30.0,99.6,623.7439,0.0,0,0.0,0.0
578.0,B,RUNNING,575.692,4,2,4,10,0.4,30.0,99.6,622.7439,0.0,0,0.0,0.0
579.0,B,RUNNING,576.692,4,2,4,10,0.4,30.0,99.6,621.7439,0.0,0,0.0,0.0
580.0,B,RUNNING,577.692,4,2,4,10,0.4,30.0,99.6,620.7439,0.0,0,0.0,0.0
581.0,B,RUNNING,578.692,4,2,4,10,0.4,30.0,99.6,619.7439,0.0,0,0.0,0.0
582.0,B,RUNNING,579.692,4,2,4,10,0.4,30.0,99.6,618.7439,0.0,0,0.0,0.0
583.0,B,RUNNING,580.692,4,2,4,10,0.4,30.0,99.6,617.7439,0.0,0,0.0,0.0
584.0,B,RUNNING,581.692,4,2,4,10,0.4,30.0,99.6,616.7439,0.0,0,0.0,0.0
585.0,B,RUNNING,582.692,4,2,4,10,0.4,30.0,99.6,615.7439,0.0,0,0.0,0.0
586.0,B,RUNNING,583.696,4,2,4,10,0.4,30.0,99.6,614.7399,0.0,0,0.0,0.0
587.0,B,RUNNING,584.692,4,2,4,10,0.4,30.0,99.6,613.7439,0.0,0,0.0,0.0
588.0,B,RUNNING,585.692,4,2,4,10,0.4,30.0,99.6,612.7439,0.0,0,0.0,0.0
589.0,B,RUNNING,586.692,4,2,4,10,0.4,30.0,99.6,611.7439,0.0,0,0.0,0.0
590.0,B,RUNNING,587.692,4,2,4,10,0.4,30.0,99.6,610.7439,0.0,0,0.0,0.0
591.0,B,RUNNING,588.692,4,2,4,10,0.4,30.0,99.6,609.7439,0.0,0,0.0,0.0
592.0,B,RUNNING,589.692,4,2,4,10,0.4,30.0,99.6,608.7439,0.0,0,0.0,0.0
593.0,B,RUNNING,590.692,4,2,4,10,0.4,30.0,99.6,607.7439,0.0,0,0.0,0.0
594.0,B,RUNNING,591.692,4,2,4,10,0.4,30.0,99.6,606.7439,0.0,0,0.0,0.0
595.0,B,RUNNING,592.692,4,2,4,10,0.4,30.0,99.6,605.7439,0.0,0,0.0,0.0
596.0,B,RUNNING,593.692,4,2,4,10,0.4,30.0,99.6,604.7439,0.0,0,0.0,0.0
597.0,B,RUNNING,594.692,4,2,4,10,0.4,30.0,99.6,603.7439,0.0,0,0.0,0.0
598.0,B,RUNNING,595.692,4,2,4,10,0.4,30.0,99.6,602.7439,0.0,0,0.0,0.0
599.0,B,RUNNING,596.692,4,2,4,10,0.4,30.0,99.6,601.7439,0.0,0,0.0,0.0
600.0,B,RUNNING,597.692,4,2,4,10,0.4,30.0,99.6,600.7439,0.0,0,0.0,0.0
601.0,B,RUNNING,598.692,5,2,5,10,0.5,30.0,99.5,597.0923,0.0,0,0.0,0.0
602.0,B,RUNNING,599.692,5,2,5,10,0.5,30.0,99.5,596.0923,0.0,0,0.0,0.0
603.0,B,RUNNING,600.692,5,2,5,10,0.5,30.0,99.5,595.0923,0.0,0,0.0,0.0
604.0,B,RUNNING,601.692,5,2,5,10,0.5,30.0,99.5,594.0923,0.0,0,0.0,0.0
605.0,B,RUNNING,602.692,5,2,5,10,0.5,30.0,99.5,593.0923,0.0,0,0.0,0.0
606.0,B,RUNNING,603.692,5,2,5,10,0.5,30.0,99.5,592.0923,0.0,0,0.0,0.0
607.0,B,RUNNING,604.692,5,2,5,10,0.5,30.0,99.5,591.0923,0.0,0,0.0,0.0
608.0,B,RUNNING,605.692,5,2,5,10,0.5,30.0,99.5,590.0923,0.0,0,0.0,0.0
609.0,B,RUNNING,606.692,5,2,5,10,0.5,30.0,99.5,589.0923,0.0,0,0.0,0.0
610.0,B,RUNNING,607.692,5,2,5,10,0.5,30.0,99.5,588.0923,0.0,0,0.0,0.0
611.0,B,RUNNING,608.692,5,2,5,10,0.5,30.0,99.5,587.0923,0.0,0,0.0,0.0
612.0,B,RUNNING,609.692,5,2,5,10,0.5,30.0,99.5,586.0923,0.0,0,0.0,0.0
613.0,B,RUNNING,610.692,5,2,5,10,0.5,30.0,99.5,585.0923,0.0,0,0.0,0.0
614.0,B,RUNNING,611.692,5,2,5,10,0.5,30.0,99.5,584.0923,0.0,0,0.0,0.0
615.0,B,RUNNING,612.692,5,2,5,10,0.5,30.0,99.5,583.0923,0.0,0,0.0,0.0
616.0,B,RUNNING,613.692,5,2,5,10,0.5,30.0,99.5,582.0923,0.0,0,0.0,0.0
617.0,B,RUNNING,614.692,5,2,5,10,0.5,30.0,99.5,581.0923,0.0,0,0.0,0.0
618.0,B,RUNNING,615.692,5,2,5,10,0.5,30.0,99.5,580.0923,0.0,0,0.0,0.0
619.0,B,RUNNING,616.692,5,2,5,10,0.5,30.0,99.5,579.0923,0.0,0,0.0,0.0
620.0,B,RUNNING,617.692,5,2,5,10,0.5,30.0,99.5,578.0923,0.0,0,0.0,0.0
621.0,B,RUNNING,618.692,5,2,5,10,0.5,30.0,99.5,577.0923,0.0,0,0.0,0.0
622.0,B,RUNNING,619.692,5,2,5,10,0.5,30.0,99.5,576.0923,0.0,0,0.0,0.0
623.0,B,RUNNING,620.692,5,2,5,10,0.5,30.0,99.5,575.0923,0.0,0,0.0,0.0
624.0,B,RUNNING,621.692,5,2,5,10,0.5,30.0,99.5,574.0923,0.0,0,0.0,0.0
625.0,B,RUNNING,622.692,5,2,5,10,0.5,30.0,99.5,573.0923,0.0,0,0.0,0.0
626.0,B,RUNNING,623.692,5,2,5,10,0.5,30.0,99.5,572.0923,0.0,0,0.0,0.0
627.0,B,RUNNING,624.692,5,2,5,10,0.5,30.0,99.5,571.0923,0.0,0,0.0,0.0
628.0,B,RUNNING,625.692,5,2,5,10,0.5,30.0,99.5,570.0923,0.0,0,0.0,0.0
629.0,B,RUNNING,626.692,5,2,5,10,0.5,30.0,99.5,569.0923,0.0,0,0.0,0.0
630.0,B,RUNNING,627.692,5,2,5,10,0.5,30.0,99.5,568.0923,0.0,0,0.0,0.0
631.0,B,RUNNING,628.692,5,2,5,10,0.5,30.0,99.5,567.0923,0.0,0,0.0,0.0
632.0,B,RUNNING,629.692,5,2,5,10,0.5,30.0,99.5,566.0923,0.0,0,0.0,0.0
633.0,B,RUNNING,630.692,5,2,5,10,0.5,30.0,99.5,565.0923,0.0,0,0.0,0.0
634.0,B,RUNNING,631.692,5,2,5,10,0.5,30.0,99.5,564.0923,0.0,0,0.0,0.0
635.0,B,RUNNING,632.692,5,2,5,10,0.5,30.0,99.5,563.0923,0.0,0,0.0,0.0
636.0,B,RUNNING,633.692,5,2,5,10,0.5,30.0,99.5,562.0923,0.0,0,0.0,0.0
637.0,B,RUNNING,634.692,5,2,5,10,0.5,30.0,99.5,561.0923,0.0,0,0.0,0.0
638.0,B,RUNNING,635.692,5,2,5,10,0.5,30.0,99.5,560.0923,0.0,0,0.0,0.0
639.0,B,RUNNING,636.692,5,2,5,10,0.5,30.0,99.5,559.0923,0.0,0,0.0,0.0
640.0,B,RUNNING,637.692,5,2,5,10,0.5,30.0,99.5,558.0923,0.0,0,0.0,0.0
641.0,B,RUNNING,638.692,5,2,5,10,0.5,30.0,99.5,557.0923,0.0,0,0.0,0.0
642.0,B,RUNNING,639.692,5,2,5,10,0.5,30.0,99.5,556.0923,0.0,0,0.0,0.0
643.0,B,RUNNING,640.692,5,2,5,10,0.5,30.0,99.5,555.0923,0.0,0,0.0,0.0
644.0,B,RUNNING,641.692,5,2,5,10,0.5,30.0,99.5,554.0923,0.0,0,0.0,0.0
645.0,B,RUNNING,642.692,5,2,5,10,0.5,30.0,99.5,553.0923,0.0,0,0.0,0.0
646.0,B,RUNNING,643.692,5,2,5,10,0.5,30.0,99.5,552.0923,0.0,0,0.0,0.0
647.0,B,RUNNING,644.692,5,2,5,10,0.5,30.0,99.5,551.0923,0.0,0,0.0,0.0
648.0,B,RUNNING,645.692,5,2,5,10,0.5,30.0,99.5,550.0923,0.0,0,0.0,0.0
649.0,B,RUNNING,646.692,5,2,5,10,0.5,30.0,99.5,549.0923,0.0,0,0.0,0.0
650.0,B,RUNNING,647.692,5,2,5,10,0.5,30.0,99.5,548.0923,0.0,0,0.0,0.0
651.0,B,RUNNING,648.692,5,2,5,10,0.5,30.0,99.5,547.0923,0.0,0,0.0,0.0
652.0,B,RUNNING,649.692,5,2,5,10,0.5,30.0,99.5,546.0923,0.0,0,0.0,0.0
653.0,B,RUNNING,650.692,5,2,5,10,0.5,30.0,99.5,545.0923,0.0,0,0.0,0.0
654.0,B,RUNNING,651.692,5,2,5,10,0.5,30.0,99.5,544.0923,0.0,0,0.0,0.0
655.0,B,RUNNING,652.696,5,2,5,10,0.5,30.0,99.5,543.0883,0.0,0,0.0,0.0
656.0,B,RUNNING,653.692,5,2,5,10,0.5,30.0,99.5,542.0923,0.0,0,0.0,0.0
657.0,B,RUNNING,654.692,5,2,5,10,0.5,30.0,99.5,541.0923,0.0,0,0.0,0.0
658.0,B,RUNNING,655.692,5,2,5,10,0.5,30.0,99.5,540.0923,0.0,0,0.0,0.0
659.0,B,RUNNING,656.692,5,2,5,10,0.5,30.0,99.5,539.0923,0.0,0,0.0,0.0
660.0,B,RUNNING,657.692,5,2,5,10,0.5,30.0,99.5,538.0923,0.0,0,0.0,0.0
661.0,B,RUNNING,658.692,5,2,5,10,0.5,30.0,99.5,537.0923,0.0,0,0.0,0.0
662.0,B,RUNNING,659.692,5,2,5,10,0.5,30.0,99.5,536.0923,0.0,0,0.0,0.0
663.0,B,RUNNING,660.692,5,2,5,10,0.5,30.0,99.5,535.0923,0.0,0,0.0,0.0
664.0,B,RUNNING,661.692,5,2,5,10,0.5,30.0,99.5,534.0923,0.0,0,0.0,0.0
665.0,B,RUNNING,662.692,5,2,5,10,0.5,30.0,99.5,533.0923,0.0,0,0.0,0.0
666.0,B,RUNNING,663.692,5,2,5,10,0.5,30.0,99.5,532.0923,0.0,0,0.0,0.0
667.0,B,RUNNING,664.692,5,2,5,10,0.5,30.0,99.5,531.0923,0.0,0,0.0,0.0
668.0,B,RUNNING,665.692,5,2,5,10,0.5,30.0,99.5,530.0923,0.0,0,0.0,0.0
669.0,B,RUNNING,666.692,5,2,5,10,0.5,30.0,99.5,529.0923,0.0,0,0.0,0.0
670.0,B,RUNNING,667.692,5,2,5,10,0.5,30.0,99.5,528.0923,0.0,0,0.0,0.0
671.0,B,RUNNING,668.692,5,2,5,10,0.5,30.0,99.5,527.0923,0.0,0,0.0,0.0
672.0,B,RUNNING,669.692,5,2,5,10,0.5,30.0,99.5,526.0923,0.0,0,0.0,0.0
673.0,B,RUNNING,670.692,5,2,5,10,0.5,30.0,99.5,525.0923,0.0,0,0.0,0.0
674.0,B,RUNNING,671.692,5,2,5,10,0.5,30.0,99.5,524.0923,0.0,0,0.0,0.0
675.0,B,RUNNING,672.692,5,2,5,10,0.5,30.0,99.5,523.0923,0.0,0,0.0,0.0
676.0,B,RUNNING,673.692,5,2,5,10,0.5,30.0,99.5,522.0923,0.0,0,0.0,0.0
677.0,B,RUNNING,674.692,5,2,5,10,0.5,30.0,99.5,521.0923,0.0,0,0.0,0.0
678.0,B,RUNNING,675.692,5,2,5,10,0.5,30.0,99.5,520.0923,0.0,0,0.0,0.0
679.0,B,RUNNING,676.692,5,2,5,10,0.5,30.0,99.5,519.0923,0.0,0,0.0,0.0
680.0,B,RUNNING,677.692,5,2,5,10,0.5,30.0,99.5,518.0923,0.0,0,0.0,0.0
681.0,B,RUNNING,678.692,5,2,5,10,0.5,30.0,99.5,517.0923,0.0,0,0.0,0.0
682.0,B,RUNNING,679.692,5,2,5,10,0.5,30.0,99.5,516.0923,0.0,0,0.0,0.0
683.0,B,RUNNING,680.692,5,2,5,10,0.5,30.0,99.5,515.0923,0.0,0,0.0,0.0
684.0,B,RUNNING,681.692,5,2,5,10,0.5,30.0,99.5,514.0923,0.0,0,0.0,0.0
685.0,B,RUNNING,682.692,5,2,5,10,0.5,30.0,99.5,513.0923,0.0,0,0.0,0.0
686.0,B,RUNNING,683.692,5,2,5,10,0.5,30.0,99.5,512.0923,0.0,0,0.0,0.0
687.0,B,RUNNING,684.692,5,2,5,10,0.5,30.0,99.5,511.0923,0.0,0,0.0,0.0
688.0,B,RUNNING,685.692,5,2,5,10,0.5,30.0,99.5,510.0923,0.0,0,0.0,0.0
689.0,B,RUNNING,686.692,5,2,5,10,0.5,30.0,99.5,509.0923,0.0,0,0.0,0.0
690.0,B,RUNNING,687.692,5,2,5,10,0.5,30.0,99.5,508.0923,0.0,0,0.0,0.0
691.0,B,RUNNING,688.692,5,2,5,10,0.5,30.0,99.5,507.0923,0.0,0,0.0,0.0
692.0,B,RUNNING,689.692,5,2,5,10,0.5,30.0,99.5,506.0923,0.0,0,0.0,0.0
693.0,B,RUNNING,690.692,5,2,5,10,0.5,30.0,99.5,505.0923,0.0,0,0.0,0.0
694.0,B,RUNNING,691.692,5,2,5,10,0.5,30.0,99.5,504.0923,0.0,0,0.0,0.0
695.0,B,RUNNING,692.692,5,2,5,10,0.5,30.0,99.5,503.0923,0.0,0,0.0,0.0
696.0,B,RUNNING,693.692,5,2,5,10,0.5,30.0,99.5,502.0923,0.0,0,0.0,0.0
697.0,B,RUNNING,694.692,5,2,5,10,0.5,30.0,99.5,501.0923,0.0,0,0.0,0.0
698.0,B,RUNNING,695.692,5,2,5,10,0.5,30.0,99.5,500.0923,0.0,0,0.0,0.0
699.0,B,RUNNING,696.692,5,2,5,10,0.5,30.0,99.5,499.0923,0.0,0,0.0,0.0
700.0,B,RUNNING,697.692,5,2,5,10,0.5,30.0,99.5,498.0923,0.0,0,0.0,0.0
701.0,B,RUNNING,698.692,5,2,5,10,0.5,30.0,99.5,497.0923,0.0,0,0.0,0.0
702.0,B,RUNNING,699.692,5,2,5,10,0.5,30.0,99.5,496.0923,0.0,0,0.0,0.0
703.0,B,RUNNING,700.692,5,2,5,10,0.5,30.0,99.5,495.0923,0.0,0,0.0,0.0
704.0,B,RUNNING,701.692,5,2,5,10,0.5,30.0,99.5,494.0923,0.0,0,0.0,0.0
705.0,B,RUNNING,702.692,5,2,5,10,0.5,30.0,99.5,493.0923,0.0,0,0.0,0.0
706.0,B,RUNNING,703.692,5,2,5,10,0.5,30.0,99.5,492.0923,0.0,0,0.0,0.0
707.0,B,RUNNING,704.692,5,2,5,10,0.5,30.0,99.5,491.0923,0.0,0,0.0,0.0
708.0,B,RUNNING,705.692,5,2,5,10,0.5,30.0,99.5,490.0923,0.0,0,0.0,0.0
709.0,B,RUNNING,706.692,5,2,5,10,0.5,30.0,99.5,489.0923,0.0,0,0.0,0.0
710.0,B,RUNNING,707.692,5,2,5,10,0.5,30.0,99.5,488.0923,0.0,0,0.0,0.0
711.0,B,RUNNING,708.692,5,2,5,10,0.5,30.0,99.5,487.0923,0.0,0,0.0,0.0
712.0,B,RUNNING,709.692,5,2,5,10,0.5,30.0,99.5,486.0923,0.0,0,0.0,0.0
713.0,B,RUNNING,710.692,5,2,5,10,0.5,30.0,99.5,485.0923,0.0,0,0.0,0.0
714.0,B,RUNNING,711.692,5,2,5,10,0.5,30.0,99.5,484.0923,0.0,0,0.0,0.0
715.0,B,RUNNING,712.692,5,2,5,10,0.5,30.0,99.5,483.0923,0.0,0,0.0,0.0
716.0,B,RUNNING,713.692,5,2,5,10,0.5,30.0,99.5,482.0923,0.0,0,0.0,0.0
717.0,B,RUNNING,714.692,5,2,5,10,0.5,30.0,99.5,481.0923,0.0,0,0.0,0.0
718.0,B,RUNNING,715.692,5,2,5,10,0.5,30.0,99.5,480.0923,0.0,0,0.0,0.0
719.0,B,RUNNING,716.692,6,2,6,10,0.6,30.0,99.4,494.9042,0.0,0,0.0,0.0
720.0,B,RUNNING,717.692,6,2,6,10,0.6,30.0,99.4,493.9042,0.0,0,0.0,0.0
721.0,B,RUNNING,718.692,6,2,6,10,0.6,30.0,99.4,492.9042,0.0,0,0.0,0.0
722.0,B,RUNNING,719.692,6,2,6,10,0.6,30.0,99.4,491.9042,0.0,0,0.0,0.0
723.0,B,RUNNING,720.692,6,2,6,10,0.6,30.0,99.4,490.9042,0.0,0,0.0,0.0
724.0,B,RUNNING,721.692,6,2,6,10,0.6,30.0,99.4,489.9042,0.0,0,0.0,0.0
725.0,B,RUNNING,722.692,6,2,6,10,0.6,30.0,99.4,488.9042,0.0,0,0.0,0.0
726.0,B,RUNNING,723.692,6,2,6,10,0.6,30.0,99.4,487.9042,0.0,0,0.0,0.0
727.0,B,RUNNING,724.692,6,2,6,10,0.6,30.0,99.4,486.9042,0.0,0,0.0,0.0
728.0,B,RUNNING,725.692,6,2,6,10,0.6,30.0,99.4,485.9042,0.0,0,0.0,0.0
729.0,B,RUNNING,726.692,6,2,6,10,0.6,30.0,99.4,484.9042,0.0,0,0.0,0.0
730.0,B,RUNNING,727.692,6,2,6,10,0.6,30.0,99.4,483.9042,0.0,0,0.0,0.0
731.0,B,RUNNING,728.692,6,2,6,10,0.6,30.0,99.4,482.9042,0.0,0,0.0,0.0
732.0,B,RUNNING,729.692,6,2,6,10,0.6,30.0,99.4,481.9042,0.0,0,0.0,0.0
733.0,B,RUNNING,730.692,6,2,6,10,0.6,30.0,99.4,480.9042,0.0,0,0.0,0.0
734.0,B,RUNNING,731.692,6,2,6,10,0.6,30.0,99.4,479.9042,0.0,0,0.0,0.0
735.0,B,RUNNING,732.696,6,2,6,10,0.6,30.0,99.4,478.9002,0.0,0,0.0,0.0
736.0,B,RUNNING,733.692,6,2,6,10,0.6,30.0,99.4,477.9042,0.0,0,0.0,0.0
737.0,B,RUNNING,734.692,6,2,6,10,0.6,30.0,99.4,476.9042,0.0,0,0.0,0.0
738.0,B,RUNNING,735.692,6,2,6,10,0.6,30.0,99.4,475.9042,0.0,0,0.0,0.0
739.0,B,RUNNING,736.692,6,2,6,10,0.6,30.0,99.4,474.9042,0.0,0,0.0,0.0
740.0,B,RUNNING,737.692,6,2,6,10,0.6,30.0,99.4,473.9042,0.0,0,0.0,0.0
741.0,B,RUNNING,738.692,6,2,6,10,0.6,30.0,99.4,472.9042,0.0,0,0.0,0.0
742.0,B,RUNNING,739.692,6,2,6,10,0.6,30.0,99.4,471.9042,0.0,0,0.0,0.0
743.0,B,RUNNING,740.692,6,2,6,10,0.6,30.0,99.4,470.9042,0.0,0,0.0,0.0
744.0,B,RUNNING,741.692,6,2,6,10,0.6,30.0,99.4,469.9042,0.0,0,0.0,0.0
745.0,B,RUNNING,742.692,6,2,6,10,0.6,30.0,99.4,468.9042,0.0,0,0.0,0.0
746.0,B,RUNNING,743.692,6,2,6,10,0.6,30.0,99.4,467.9042,0.0,0,0.0,0.0
747.0,B,RUNNING,744.692,6,2,6,10,0.6,30.0,99.4,466.9042,0.0,0,0.0,0.0
748.0,B,RUNNING,745.692,6,2,6,10,0.6,30.0,99.4,465.9042,0.0,0,0.0,0.0
749.0,B,RUNNING,746.692,6,2,6,10,0.6,30.0,99.4,464.9042,0.0,0,0.0,0.0
750.0,B,RUNNING,747.692,6,2,6,10,0.6,30.0,99.4,463.9042,0.0,0,0.0,0.0
751.0,B,RUNNING,748.692,6,2,6,10,0.6,30.0,99.4,462.9042,0.0,0,0.0,0.0
752.0,B,RUNNING,749.692,6,2,6,10,0.6,30.0,99.4,461.9042,0.0,0,0.0,0.0
753.0,B,RUNNING,750.692,6,2,6,10,0.6,30.0,99.4,460.9042,0.0,0,0.0,0.0
754.0,B,RUNNING,751.692,6,2,6,10,0.6,30.0,99.4,459.9042,0.0,0,0.0,0.0
755.0,B,RUNNING,752.692,6,2,6,10,0.6,30.0,99.4,458.9042,0.0,0,0.0,0.0
756.0,B,RUNNING,753.692,6,2,6,10,0.6,30.0,99.4,457.9042,0.0,0,0.0,0.0
757.0,B,RUNNING,754.692,6,2,6,10,0.6,30.0,99.4,456.9042,0.0,0,0.0,0.0
758.0,B,RUNNING,755.692,6,2,6,10,0.6,30.0,99.4,455.9042,0.0,0,0.0,0.0
759.0,B,RUNNING,756.692,6,2,6,10,0.6,30.0,99.4,454.9042,0.0,0,0.0,0.0
760.0,B,RUNNING,757.692,6,2,6,10,0.6,30.0,99.4,453.9042,0.0,0,0.0,0.0
761.0,B,RUNNING,758.692,6,2,6,10,0.6,30.0,99.4,452.9042,0.0,0,0.0,0.0
762.0,B,RUNNING,759.692,6,2,6,10,0.6,30.0,99.4,451.9042,0.0,0,0.0,0.0
763.0,B,RUNNING,760.692,6,2,6,10,0.6,30.0,99.4,450.9042,0.0,0,0.0,0.0
764.0,B,RUNNING,761.692,6,2,6,10,0.6,30.0,99.4,449.9042,0.0,0,0.0,0.0
765.0,B,RUNNING,762.692,6,2,6,10,0.6,30.0,99.4,448.9042,0.0,0,0.0,0.0
766.0,B,RUNNING,763.692,6,2,6,10,0.6,30.0,99.4,447.9042,0.0,0,0.0,0.0
767.0,B,RUNNING,764.692,6,2,6,10,0.6,30.0,99.4,446.9042,0.0,0,0.0,0.0
768.0,B,RUNNING,765.692,6,2,6,10,0.6,30.0,99.4,445.9042,0.0,0,0.0,0.0
769.0,B,RUNNING,766.692,6,2,6,10,0.6,30.0,99.4,444.9042,0.0,0,0.0,0.0
770.0,B,RUNNING,767.692,6,2,6,10,0.6,30.0,99.4,443.9042,0.0,0,0.0,0.0
771.0,B,RUNNING,768.692,6,2,6,10,0.6,30.0,99.4,442.9042,0.0,0,0.0,0.0
772.0,B,RUNNING,769.692,6,2,6,10,0.6,30.0,99.4,441.9042,0.0,0,0.0,0.0
773.0,B,RUNNING,770.692,6,2,6,10,0.6,30.0,99.4,440.9042,0.0,0,0.0,0.0
774.0,B,RUNNING,771.692,6,2,6,10,0.6,30.0,99.4,439.9042,0.0,0,0.0,0.0
775.0,B,RUNNING,772.692,6,2,6,10,0.6,30.0,99.4,438.9042,0.0,0,0.0,0.0
776.0,B,RUNNING,773.692,6,2,6,10,0.6,30.0,99.4,437.9042,0.0,0,0.0,0.0
777.0,B,RUNNING,774.692,6,2,6,10,0.6,30.0,99.4,436.9042,0.0,0,0.0,0.0
778.0,B,RUNNING,775.692,6,2,6,10,0.6,30.0,99.4,435.9042,0.0,0,0.0,0.0
779.0,B,RUNNING,776.692,6,2,6,10,0.6,30.0,99.4,434.9042,0.0,0,0.0,0.0
780.0,B,RUNNING,777.692,6,2,6,10,0.6,30.0,99.4,433.9042,0.0,0,0.0,0.0
781.0,B,RUNNING,778.692,6,2,6,10,0.6,30.0,99.4,432.9042,0.0,0,0.0,0.0
782.0,B,RUNNING,779.692,6,2,6,10,0.6,30.0,99.4,431.9042,0.0,0,0.0,0.0
783.0,B,RUNNING,780.692,6,2,6,10,0.6,30.0,99.4,430.9042,0.0,0,0.0,0.0
784.0,B,RUNNING,781.692,6,2,6,10,0.6,30.0,99.4,429.9042,0.0,0,0.0,0.0
785.0,B,RUNNING,782.692,6,2,6,10,0.6,30.0,99.4,428.9042,0.0,0,0.0,0.0
786.0,B,RUNNING,783.692,6,2,6,10,0.6,30.0,99.4,427.9042,0.0,0,0.0,0.0
787.0,B,RUNNING,784.692,6,2,6,10,0.6,30.0,99.4,426.9042,0.0,0,0.0,0.0
788.0,B,RUNNING,785.692,6,2,6,10,0.6,30.0,99.4,425.9042,0.0,0,0.0,0.0
789.0,B,RUNNING,786.696,6,2,6,10,0.6,30.0,99.4,424.9002,0.0,0,0.0,0.0
790.0,B,RUNNING,787.692,6,2,6,10,0.6,30.0,99.4,423.9042,0.0,0,0.0,0.0
791.0,B,RUNNING,788.692,6,2,6,10,0.6,30.0,99.4,422.9042,0.0,0,0.0,0.0
792.0,B,RUNNING,789.692,6,2,6,10,0.6,30.0,99.4,421.9042,0.0,0,0.0,0.0
793.0,B,RUNNING,790.692,6,2,6,10,0.6,30.0,99.4,420.9042,0.0,0,0.0,0.0
794.0,B,RUNNING,791.692,6,2,6,10,0.6,30.0,99.4,419.9042,0.0,0,0.0,0.0
795.0,B,RUNNING,792.692,6,2,6,10,0.6,30.0,99.4,418.9042,0.0,0,0.0,0.0
796.0,B,RUNNING,793.696,6,2,6,10,0.6,30.0,99.4,417.9002,0.0,0,0.0,0.0
797.0,B,RUNNING,794.692,6,2,6,10,0.6,30.0,99.4,416.9042,0.0,0,0.0,0.0
798.0,B,RUNNING,795.692,6,2,6,10,0.6,30.0,99.4,415.9042,0.0,0,0.0,0.0
799.0,B,RUNNING,796.692,6,2,6,10,0.6,30.0,99.4,414.9042,0.0,0,0.0,0.0
800.0,B,RUNNING,797.692,6,2,6,10,0.6,30.0,99.4,413.9042,0.0,0,0.0,0.0
801.0,B,RUNNING,798.692,6,2,6,10,0.6,30.0,99.4,412.9042,0.0,0,0.0,0.0
802.0,B,RUNNING,799.692,6,2,6,10,0.6,30.0,99.4,411.9042,0.0,0,0.0,0.0
803.0,B,RUNNING,800.692,6,2,6,10,0.6,30.0,99.4,410.9042,0.0,0,0.0,0.0
804.0,B,RUNNING,801.692,6,2,6,10,0.6,30.0,99.4,409.9042,0.0,0,0.0,0.0
805.0,B,RUNNING,802.692,6,2,6,10,0.6,30.0,99.4,408.9042,0.0,0,0.0,0.0
806.0,B,RUNNING,803.692,6,2,6,10,0.6,30.0,99.4,407.9042,0.0,0,0.0,0.0
807.0,B,RUNNING,804.696,6,2,6,10,0.6,30.0,99.4,406.9002,0.0,0,0.0,0.0
808.0,B,RUNNING,805.692,6,2,6,10,0.6,30.0,99.4,405.9042,0.0,0,0.0,0.0
809.0,B,RUNNING,806.692,6,2,6,10,0.6,30.0,99.4,404.9042,0.0,0,0.0,0.0
810.0,B,RUNNING,807.692,6,2,6,10,0.6,30.0,99.4,403.9042,0.0,0,0.0,0.0
811.0,B,RUNNING,808.692,6,2,6,10,0.6,30.0,99.4,402.9042,0.0,0,0.0,0.0
812.0,B,RUNNING,809.692,6,2,6,10,0.6,30.0,99.4,401.9042,0.0,0,0.0,0.0
813.0,B,RUNNING,810.692,6,2,6,10,0.6,30.0,99.4,400.9042,0.0,0,0.0,0.0
814.0,B,RUNNING,811.692,6,2,6,10,0.6,30.0,99.4,399.9042,0.0,0,0.0,0.0
815.0,B,RUNNING,812.692,6,2,6,10,0.6,30.0,99.4,398.9042,0.0,0,0.0,0.0
816.0,B,RUNNING,813.692,6,2,6,10,0.6,30.0,99.4,397.9042,0.0,0,0.0,0.0
817.0,B,RUNNING,814.692,6,2,6,10,0.6,30.0,99.4,396.9042,0.0,0,0.0,0.0
818.0,B,RUNNING,815.692,6,2,6,10,0.6,30.0,99.4,395.9042,0.0,0,0.0,0.0
819.0,B,RUNNING,816.692,6,2,6,10,0.6,30.0,99.4,394.9042,0.0,0,0.0,0.0
820.0,B,RUNNING,817.692,6,2,6,10,0.6,30.0,99.4,393.9042,0.0,0,0.0,0.0
821.0,B,RUNNING,818.692,6,2,6,10,0.6,30.0,99.4,392.9042,0.0,0,0.0,0.0
822.0,B,RUNNING,819.692,6,2,6,10,0.6,30.0,99.4,391.9042,0.0,0,0.0,0.0
823.0,B,RUNNING,820.696,6,2,6,10,0.6,30.0,99.4,390.9002,0.0,0,0.0,0.0
824.0,B,RUNNING,821.692,6,2,6,10,0.6,30.0,99.4,389.9042,0.0,0,0.0,0.0
825.0,B,RUNNING,822.692,6,2,6,10,0.6,30.0,99.4,388.9042,0.0,0,0.0,0.0
826.0,B,RUNNING,823.692,6,2,6,10,0.6,30.0,99.4,387.9042,0.0,0,0.0,0.0
827.0,B,RUNNING,824.692,6,2,6,10,0.6,30.0,99.4,386.9042,0.0,0,0.0,0.0
828.0,B,RUNNING,825.692,6,2,6,10,0.6,30.0,99.4,385.9042,0.0,0,0.0,0.0
829.0,B,RUNNING,826.692,6,2,6,10,0.6,30.0,99.4,384.9042,0.0,0,0.0,0.0
830.0,B,RUNNING,827.692,6,2,6,10,0.6,30.0,99.4,383.9042,0.0,0,0.0,0.0
831.0,B,RUNNING,828.692,6,2,6,10,0.6,30.0,99.4,382.9042,0.0,0,0.0,0.0
832.0,B,RUNNING,829.692,6,2,6,10,0.6,30.0,99.4,381.9042,0.0,0,0.0,0.0
833.0,B,RUNNING,830.692,6,2,6,10,0.6,30.0,99.4,380.9042,0.0,0,0.0,0.0
834.0,B,RUNNING,831.692,6,2,6,10,0.6,30.0,99.4,379.9042,0.0,0,0.0,0.0
835.0,B,RUNNING,832.692,6,2,6,10,0.6,30.0,99.4,378.9042,0.0,0,0.0,0.0
836.0,B,RUNNING,833.692,6,2,6,10,0.6,30.0,99.4,377.9042,0.0,0,0.0,0.0
837.0,B,RUNNING,834.692,6,2,6,10,0.6,30.0,99.4,376.9042,0.0,0,0.0,0.0
838.0,B,RUNNING,835.692,6,2,6,10,0.6,30.0,99.4,375.9042,0.0,0,0.0,0.0
839.0,B,RUNNING,836.692,6,2,6,10,0.6,30.0,99.4,374.9042,0.0,0,0.0,0.0
840.0,B,RUNNING,837.692,6,2,6,10,0.6,30.0,99.4,373.9042,0.0,0,0.0,0.0
841.0,B,RUNNING,838.692,6,2,6,10,0.6,30.0,99.4,372.9042,0.0,0,0.0,0.0
842.0,B,RUNNING,839.692,6,2,6,10,0.6,30.0,99.4,371.9042,0.0,0,0.0,0.0
843.0,B,RUNNING,840.692,6,2,6,10,0.6,30.0,99.4,370.9042,0.0,0,0.0,0.0
844.0,B,RUNNING,841.692,6,2,6,10,0.6,30.0,99.4,369.9042,0.0,0,0.0,0.0
845.0,B,RUNNING,842.692,6,2,6,10,0.6,30.0,99.4,368.9042,0.0,0,0.0,0.0
846.0,B,RUNNING,843.692,6,2,6,10,0.6,30.0,99.4,367.9042,0.0,0,0.0,0.0
847.0,B,RUNNING,844.692,6,2,6,10,0.6,30.0,99.4,366.9042,0.0,0,0.0,0.0
848.0,B,RUNNING,845.692,6,2,6,10,0.6,30.0,99.4,365.9042,0.0,0,0.0,0.0
849.0,B,RUNNING,846.692,6,2,6,10,0.6,30.0,99.4,364.9042,0.0,0,0.0,0.0
850.0,B,RUNNING,847.692,6,2,6,10,0.6,30.0,99.4,363.9042,0.0,0,0.0,0.0
851.0,B,RUNNING,848.692,6,2,6,10,0.6,30.0,99.4,362.9042,0.0,0,0.0,0.0
852.0,B,RUNNING,849.692,6,2,6,10,0.6,30.0,99.4,361.9042,0.0,0,0.0,0.0
853.0,B,RUNNING,850.692,6,2,6,10,0.6,30.0,99.4,360.9042,0.0,0,0.0,0.0
854.0,B,RUNNING,851.692,7,2,7,10,0.7,30.0,99.3,382.9172,0.0,0,0.0,0.0
855.0,B,RUNNING,852.692,7,2,7,10,0.7,30.0,99.3,381.9172,0.0,0,0.0,0.0
856.0,B,RUNNING,853.692,7,2,7,10,0.7,30.0,99.3,380.9172,0.0,0,0.0,0.0
857.0,B,RUNNING,854.692,7,2,7,10,0.7,30.0,99.3,379.9172,0.0,0,0.0,0.0
858.0,B,RUNNING,855.692,7,2,7,10,0.7,30.0,99.3,378.9172,0.0,0,0.0,0.0
859.0,B,RUNNING,856.692,7,2,7,10,0.7,30.0,99.3,377.9172,0.0,0,0.0,0.0
860.0,B,RUNNING,857.692,7,2,7,10,0.7,30.0,99.3,376.9172,0.0,0,0.0,0.0
861.0,B,RUNNING,858.692,7,2,7,10,0.7,30.0,99.3,375.9172,0.0,0,0.0,0.0
862.0,B,RUNNING,859.692,7,2,7,10,0.7,30.0,99.3,374.9172,0.0,0,0.0,0.0
863.0,B,RUNNING,860.692,7,2,7,10,0.7,30.0,99.3,373.9172,0.0,0,0.0,0.0
864.0,B,RUNNING,861.692,7,2,7,10,0.7,30.0,99.3,372.9172,0.0,0,0.0,0.0
865.0,B,RUNNING,862.692,7,2,7,10,0.7,30.0,99.3,371.9172,0.0,0,0.0,0.0
866.0,B,RUNNING,863.692,7,2,7,10,0.7,30.0,99.3,370.9172,0.0,0,0.0,0.0
867.0,B,RUNNING,864.692,7,2,7,10,0.7,30.0,99.3,369.9172,0.0,0,0.0,0.0
868.0,B,RUNNING,865.692,7,2,7,10,0.7,30.0,99.3,368.9172,0.0,0,0.0,0.0
869.0,B,RUNNING,866.692,7,2,7,10,0.7,30.0,99.3,367.9172,0.0,0,0.0,0.0
870.0,B,RUNNING,867.692,7,2,7,10,0.7,30.0,99.3,366.9172,0.0,0,0.0,0.0
871.0,B,RUNNING,868.692,7,2,7,10,0.7,30.0,99.3,365.9172,0.0,0,0.0,0.0
872.0,B,RUNNING,869.692,7,2,7,10,0.7,30.0,99.3,364.9172,0.0,0,0.0,0.0
873.0,B,RUNNING,870.692,7,2,7,10,0.7,30.0,99.3,363.9172,0.0,0,0.0,0.0
874.0,B,RUNNING,871.692,7,2,7,10,0.7,30.0,99.3,362.9172,0.0,0,0.0,0.0
875.0,B,RUNNING,872.692,7,2,7,10,0.7,30.0,99.3,361.9172,0.0,0,0.0,0.0
876.0,B,RUNNING,873.692,7,2,7,10,0.7,30.0,99.3,360.9172,0.0,0,0.0,0.0
877.0,B,RUNNING,874.692,7,2,7,10,0.7,30.0,99.3,359.9172,0.0,0,0.0,0.0
878.0,B,RUNNING,875.692,7,2,7,10,0.7,30.0,99.3,358.9172,0.0,0,0.0,0.0
879.0,B,RUNNING,876.692,7,2,7,10,0.7,30.0,99.3,357.9172,0.0,0,0.0,0.0
880.0,B,RUNNING,877.692,7,2,7,10,0.7,30.0,99.3,356.9172,0.0,0,0.0,0.0
881.0,B,RUNNING,878.692,7,2,7,10,0.7,30.0,99.3,355.9172,0.0,0,0.0,0.0
882.0,B,RUNNING,879.692,7,2,7,10,0.7,30.0,99.3,354.9172,0.0,0,0.0,0.0
883.0,B,RUNNING,880.692,7,2,7,10,0.7,30.0,99.3,353.9172,0.0,0,0.0,0.0
884.0,B,RUNNING,881.692,7,2,7,10,0.7,30.0,99.3,352.9172,0.0,0,0.0,0.0
885.0,B,RUNNING,882.692,7,2,7,10,0.7,30.0,99.3,351.9172,0.0,0,0.0,0.0
886.0,B,RUNNING,883.692,7,2,7,10,0.7,30.0,99.3,350.9172,0.0,0,0.0,0.0
887.01,B,RUNNING,884.7,7,2,7,10,0.7,30.0,99.3,349.9092,0.0,0,0.0,0.0
888.0,B,RUNNING,885.692,7,2,7,10,0.7,30.0,99.3,348.9172,0.0,0,0.0,0.0
889.0,B,RUNNING,886.692,7,2,7,10,0.7,30.0,99.3,347.9172,0.0,0,0.0,0.0
890.0,B,RUNNING,887.692,7,2,7,10,0.7,30.0,99.3,346.9172,0.0,0,0.0,0.0
891.0,B,RUNNING,888.692,7,2,7,10,0.7,30.0,99.3,345.9172,0.0,0,0.0,0.0
892.0,B,RUNNING,889.692,7,2,7,10,0.7,30.0,99.3,344.9172,0.0,0,0.0,0.0
893.0,B,RUNNING,890.692,7,2,7,10,0.7,30.0,99.3,343.9172,0.0,0,0.0,0.0
894.0,B,RUNNING,891.692,7,2,7,10,0.7,30.0,99.3,342.9172,0.0,0,0.0,0.0
895.0,B,RUNNING,892.692,7,2,7,10,0.7,30.0,99.3,341.9172,0.0,0,0.0,0.0
896.0,B,RUNNING,893.692,7,2,7,10,0.7,30.0,99.3,340.9172,0.0,0,0.0,0.0
897.0,B,RUNNING,894.692,7,2,7,10,0.7,30.0,99.3,339.9172,0.0,0,0.0,0.0
898.0,B,RUNNING,895.692,7,2,7,10,0.7,30.0,99.3,338.9172,0.0,0,0.0,0.0
899.0,B,RUNNING,896.692,7,2,7,10,0.7,30.0,99.3,337.9172,0.0,0,0.0,0.0
900.0,B,RUNNING,897.692,7,2,7,10,0.7,30.0,99.3,336.9172,0.0,0,0.0,0.0
901.0,B,RUNNING,898.692,7,2,7,10,0.7,30.0,99.3,335.9172,0.0,0,0.0,0.0
902.0,B,RUNNING,899.692,7,2,7,10,0.7,30.0,99.3,334.9172,0.0,0,0.0,0.0
903.0,B,RUNNING,900.692,7,2,7,10,0.7,30.0,99.3,333.9172,0.0,0,0.0,0.0
904.0,B,RUNNING,901.692,7,2,7,10,0.7,30.0,99.3,332.9172,0.0,0,0.0,0.0
905.0,B,RUNNING,902.692,7,2,7,10,0.7,30.0,99.3,331.9172,0.0,0,0.0,0.0
906.0,B,RUNNING,903.692,7,2,7,10,0.7,30.0,99.3,330.9172,0.0,0,0.0,0.0
907.0,B,RUNNING,904.692,7,2,7,10,0.7,30.0,99.3,329.9172,0.0,0,0.0,0.0
908.0,B,RUNNING,905.692,7,2,7,10,0.7,30.0,99.3,328.9172,0.0,0,0.0,0.0
909.0,B,RUNNING,906.692,7,2,7,10,0.7,30.0,99.3,327.9172,0.0,0,0.0,0.0
910.0,B,RUNNING,907.692,7,2,7,10,0.7,30.0,99.3,326.9172,0.0,0,0.0,0.0
911.0,B,RUNNING,908.696,7,2,7,10,0.7,30.0,99.3,325.9132,0.0,0,0.0,0.0
912.0,B,RUNNING,909.692,7,2,7,10,0.7,30.0,99.3,324.9172,0.0,0,0.0,0.0
913.0,B,RUNNING,910.692,7,2,7,10,0.7,30.0,99.3,323.9172,0.0,0,0.0,0.0
914.0,B,RUNNING,911.692,7,2,7,10,0.7,30.0,99.3,322.9172,0.0,0,0.0,0.0
915.0,B,RUNNING,912.692,7,2,7,10,0.7,30.0,99.3,321.9172,0.0,0,0.0,0.0
916.0,B,RUNNING,913.692,7,2,7,10,0.7,30.0,99.3,320.9172,0.0,0,0.0,0.0
917.0,B,RUNNING,914.692,7,2,7,10,0.7,30.0,99.3,319.9172,0.0,0,0.0,0.0
918.0,B,RUNNING,915.692,7,2,7,10,0.7,30.0,99.3,318.9172,0.0,0,0.0,0.0
919.0,B,RUNNING,916.692,7,2,7,10,0.7,30.0,99.3,317.9172,0.0,0,0.0,0.0
920.0,B,RUNNING,917.692,7,2,7,10,0.7,30.0,99.3,316.9172,0.0,0,0.0,0.0
921.0,B,RUNNING,918.692,7,2,7,10,0.7,30.0,99.3,315.9172,0.0,0,0.0,0.0
922.0,B,RUNNING,919.692,7,2,7,10,0.7,30.0,99.3,314.9172,0.0,0,0.0,0.0
923.0,B,RUNNING,920.692,7,2,7,10,0.7,30.0,99.3,313.9172,0.0,0,0.0,0.0
924.0,B,RUNNING,921.692,7,2,7,10,0.7,30.0,99.3,312.9172,0.0,0,0.0,0.0
925.0,B,RUNNING,922.692,7,2,7,10,0.7,30.0,99.3,311.9172,0.0,0,0.0,0.0
926.0,B,RUNNING,923.692,7,2,7,10,0.7,30.0,99.3,310.9172,0.0,0,0.0,0.0
927.0,B,RUNNING,924.692,7,2,7,10,0.7,30.0,99.3,309.9172,0.0,0,0.0,0.0
928.0,B,RUNNING,925.692,7,2,7,10,0.7,30.0,99.3,308.9172,0.0,0,0.0,0.0
929.0,B,RUNNING,926.692,7,2,7,10,0.7,30.0,99.3,307.9172,0.0,0,0.0,0.0
930.0,B,RUNNING,927.696,7,2,7,10,0.7,30.0,99.3,306.9132,0.0,0,0.0,0.0
931.0,B,RUNNING,928.692,7,2,7,10,0.7,30.0,99.3,305.9172,0.0,0,0.0,0.0
932.0,B,RUNNING,929.692,7,2,7,10,0.7,30.0,99.3,304.9172,0.0,0,0.0,0.0
933.0,B,RUNNING,930.692,7,2,7,10,0.7,30.0,99.3,303.9172,0.0,0,0.0,0.0
934.0,B,RUNNING,931.696,7,2,7,10,0.7,30.0,99.3,302.9132,0.0,0,0.0,0.0
935.0,B,RUNNING,932.696,7,2,7,10,0.7,30.0,99.3,301.9132,0.0,0,0.0,0.0
936.0,B,RUNNING,933.692,7,2,7,10,0.7,30.0,99.3,300.9172,0.0,0,0.0,0.0
937.0,B,RUNNING,934.692,7,2,7,10,0.7,30.0,99.3,299.9172,0.0,0,0.0,0.0
938.0,B,RUNNING,935.692,7,2,7,10,0.7,30.0,99.3,298.9172,0.0,0,0.0,0.0
939.0,B,RUNNING,936.692,7,2,7,10,0.7,30.0,99.3,297.9172,0.0,0,0.0,0.0
940.0,B,RUNNING,937.692,7,2,7,10,0.7,30.0,99.3,296.9172,0.0,0,0.0,0.0
941.0,B,RUNNING,938.692,7,2,7,10,0.7,30.0,99.3,295.9172,0.0,0,0.0,0.0
942.0,B,RUNNING,939.692,7,2,7,10,0.7,30.0,99.3,294.9172,0.0,0,0.0,0.0
943.0,B,RUNNING,940.692,7,2,7,10,0.7,30.0,99.3,293.9172,0.0,0,0.0,0.0
944.0,B,RUNNING,941.692,7,2,7,10,0.7,30.0,99.3,292.9172,0.0,0,0.0,0.0
945.0,B,RUNNING,942.692,7,2,7,10,0.7,30.0,99.3,291.9172,0.0,0,0.0,0.0
946.0,B,RUNNING,943.692,7,2,7,10,0.7,30.0,99.3,290.9172,0.0,0,0.0,0.0
947.0,B,RUNNING,944.692,7,2,7,10,0.7,30.0,99.3,289.9172,0.0,0,0.0,0.0
948.0,B,RUNNING,945.692,7,2,7,10,0.7,30.0,99.3,288.9172,0.0,0,0.0,0.0
949.0,B,RUNNING,946.692,7,2,7,10,0.7,30.0,99.3,287.9172,0.0,0,0.0,0.0
950.0,B,RUNNING,947.692,7,2,7,10,0.7,30.0,99.3,286.9172,0.0,0,0.0,0.0
951.0,B,RUNNING,948.692,7,2,7,10,0.7,30.0,99.3,285.9172,0.0,0,0.0,0.0
952.0,B,RUNNING,949.692,7,2,7,10,0.7,30.0,99.3,284.9172,0.0,0,0.0,0.0
953.0,B,RUNNING,950.692,7,2,7,10,0.7,30.0,99.3,283.9172,0.0,0,0.0,0.0
954.0,B,RUNNING,951.692,7,2,7,10,0.7,30.0,99.3,282.9172,0.0,0,0.0,0.0
955.0,B,RUNNING,952.692,7,2,7,10,0.7,30.0,99.3,281.9172,0.0,0,0.0,0.0
956.0,B,RUNNING,953.692,7,2,7,10,0.7,30.0,99.3,280.9172,0.0,0,0.0,0.0
957.0,B,RUNNING,954.692,7,2,7,10,0.7,30.0,99.3,279.9172,0.0,0,0.0,0.0
958.0,B,RUNNING,955.692,7,2,7,10,0.7,30.0,99.3,278.9172,0.0,0,0.0,0.0
959.0,B,RUNNING,956.692,7,2,7,10,0.7,30.0,99.3,277.9172,0.0,0,0.0,0.0
960.0,B,RUNNING,957.692,7,2,7,10,0.7,30.0,99.3,276.9172,0.0,0,0.0,0.0
961.0,B,RUNNING,958.692,7,2,7,10,0.7,30.0,99.3,275.9172,0.0,0,0.0,0.0
962.0,B,RUNNING,959.692,7,2,7,10,0.7,30.0,99.3,274.9172,0.0,0,0.0,0.0
963.0,B,RUNNING,960.692,7,2,7,10,0.7,30.0,99.3,273.9172,0.0,0,0.0,0.0
964.0,B,RUNNING,961.692,7,2,7,10,0.7,30.0,99.3,272.9172,0.0,0,0.0,0.0
965.0,B,RUNNING,962.696,7,2,7,10,0.7,30.0,99.3,271.9132,0.0,0,0.0,0.0
966.0,B,RUNNING,963.692,7,2,7,10,0.7,30.0,99.3,270.9172,0.0,0,0.0,0.0
967.0,B,RUNNING,964.692,7,2,7,10,0.7,30.0,99.3,269.9172,0.0,0,0.0,0.0
968.0,B,RUNNING,965.692,7,2,7,10,0.7,30.0,99.3,268.9172,0.0,0,0.0,0.0
969.0,B,RUNNING,966.692,7,2,7,10,0.7,30.0,99.3,267.9172,0.0,0,0.0,0.0
970.0,B,RUNNING,967.692,7,2,7,10,0.7,30.0,99.3,266.9172,0.0,0,0.0,0.0
971.0,B,RUNNING,968.692,7,2,7,10,0.7,30.0,99.3,265.9172,0.0,0,0.0,0.0
972.0,B,RUNNING,969.692,7,2,7,10,0.7,30.0,99.3,264.9172,0.0,0,0.0,0.0
973.0,B,RUNNING,970.692,7,2,7,10,0.7,30.0,99.3,263.9172,0.0,0,0.0,0.0
974.0,B,RUNNING,971.692,7,2,7,10,0.7,30.0,99.3,262.9172,0.0,0,0.0,0.0
975.0,B,RUNNING,972.692,7,2,7,10,0.7,30.0,99.3,261.9172,0.0,0,0.0,0.0
976.0,B,RUNNING,973.692,7,2,7,10,0.7,30.0,99.3,260.9172,0.0,0,0.0,0.0
977.0,B,RUNNING,974.696,7,2,7,10,0.7,30.0,99.3,259.9132,0.0,0,0.0,0.0
978.0,B,RUNNING,975.692,7,2,7,10,0.7,30.0,99.3,258.9172,0.0,0,0.0,0.0
979.0,B,RUNNING,976.692,7,2,7,10,0.7,30.0,99.3,257.9172,0.0,0,0.0,0.0
980.0,B,RUNNING,977.692,7,2,7,10,0.7,30.0,99.3,256.9172,0.0,0,0.0,0.0
981.0,B,RUNNING,978.692,7,2,7,10,0.7,30.0,99.3,255.9172,0.0,0,0.0,0.0
982.0,B,RUNNING,979.692,7,2,7,10,0.7,30.0,99.3,254.9172,0.0,0,0.0,0.0
983.0,B,RUNNING,980.692,7,2,7,10,0.7,30.0,99.3,253.9172,0.0,0,0.0,0.0
984.0,B,RUNNING,981.696,7,2,7,10,0.7,30.0,99.3,252.9132,0.0,0,0.0,0.0
985.0,B,RUNNING,982.692,7,2,7,10,0.7,30.0,99.3,251.9172,0.0,0,0.0,0.0
986.0,B,RUNNING,983.696,7,2,7,10,0.7,30.0,99.3,250.9132,0.0,0,0.0,0.0
987.0,B,RUNNING,984.692,7,2,7,10,0.7,30.0,99.3,249.9172,0.0,0,0.0,0.0
988.0,B,RUNNING,985.692,7,2,7,10,0.7,30.0,99.3,248.9172,0.0,0,0.0,0.0
989.0,B,RUNNING,986.692,7,2,7,10,0.7,30.0,99.3,247.9172,0.0,0,0.0,0.0
990.0,B,RUNNING,987.692,7,2,7,10,0.7,30.0,99.3,246.9172,0.0,0,0.0,0.0
991.0,B,RUNNING,988.692,7,2,7,10,0.7,30.0,99.3,245.9172,0.0,0,0.0,0.0
992.0,B,RUNNING,989.692,7,2,7,10,0.7,30.0,99.3,244.9172,0.0,0,0.0,0.0
993.0,B,RUNNING,990.692,7,2,7,10,0.7,30.0,99.3,243.9172,0.0,0,0.0,0.0
994.0,B,RUNNING,991.692,7,2,7,10,0.7,30.0,99.3,242.9172,0.0,0,0.0,0.0
995.0,B,RUNNING,992.692,7,2,7,10,0.7,30.0,99.3,241.9172,0.0,0,0.0,0.0
996.0,B,RUNNING,993.692,7,2,7,10,0.7,30.0,99.3,240.9172,0.0,0,0.0,0.0
997.0,B,RUNNING,994.692,8,2,8,10,0.8,30.0,99.2,232.3591,0.0,0,0.0,0.0
998.0,B,RUNNING,995.696,8,2,8,10,0.8,30.0,99.2,231.3551,0.0,0,0.0,0.0
999.0,B,RUNNING,996.692,8,2,8,10,0.8,30.0,99.2,230.3591,0.0,0,0.0,0.0
1000.0,B,RUNNING,997.692,8,2,8,10,0.8,30.0,99.2,229.3591,0.0,0,0.0,0.0
1001.0,B,RUNNING,998.696,8,2,8,10,0.8,30.0,99.2,228.3551,0.0,0,0.0,0.0
1002.0,B,RUNNING,999.692,8,2,8,10,0.8,30.0,99.2,227.3591,0.0,0,0.0,0.0
1003.0,B,RUNNING,1000.696,8,2,8,10,0.8,30.0,99.2,226.3551,0.0,0,0.0,0.0
1004.0,B,RUNNING,1001.692,8,2,8,10,0.8,30.0,99.2,225.3591,0.0,0,0.0,0.0
1005.0,B,RUNNING,1002.692,8,2,8,10,0.8,30.0,99.2,224.3591,0.0,0,0.0,0.0
1006.0,B,RUNNING,1003.692,8,2,8,10,0.8,30.0,99.2,223.3591,0.0,0,0.0,0.0
1007.0,B,RUNNING,1004.692,8,2,8,10,0.8,30.0,99.2,222.3591,0.0,0,0.0,0.0
1008.0,B,RUNNING,1005.692,8,2,8,10,0.8,30.0,99.2,221.3591,0.0,0,0.0,0.0
1009.0,B,RUNNING,1006.692,8,2,8,10,0.8,30.0,99.2,220.3591,0.0,0,0.0,0.0
1010.0,B,RUNNING,1007.692,8,2,8,10,0.8,30.0,99.2,219.3591,0.0,0,0.0,0.0
1011.0,B,RUNNING,1008.692,8,2,8,10,0.8,30.0,99.2,218.3591,0.0,0,0.0,0.0
1012.0,B,RUNNING,1009.692,8,2,8,10,0.8,30.0,99.2,217.3591,0.0,0,0.0,0.0
1013.0,B,RUNNING,1010.692,8,2,8,10,0.8,30.0,99.2,216.3591,0.0,0,0.0,0.0
1014.0,B,RUNNING,1011.692,8,2,8,10,0.8,30.0,99.2,215.3591,0.0,0,0.0,0.0
1015.0,B,RUNNING,1012.692,8,2,8,10,0.8,30.0,99.2,214.3591,0.0,0,0.0,0.0
1016.0,B,RUNNING,1013.692,8,2,8,10,0.8,30.0,99.2,213.3591,0.0,0,0.0,0.0
1017.0,B,RUNNING,1014.692,8,2,8,10,0.8,30.0,99.2,212.3591,0.0,0,0.0,0.0
1018.0,B,RUNNING,1015.692,8,2,8,10,0.8,30.0,99.2,211.3591,0.0,0,0.0,0.0
1019.0,B,RUNNING,1016.692,8,2,8,10,0.8,30.0,99.2,210.3591,0.0,0,0.0,0.0
1020.0,B,RUNNING,1017.692,8,2,8,10,0.8,30.0,99.2,209.3591,0.0,0,0.0,0.0
1021.0,B,RUNNING,1018.692,8,2,8,10,0.8,30.0,99.2,208.3591,0.0,0,0.0,0.0
1022.0,B,RUNNING,1019.692,8,2,8,10,0.8,30.0,99.2,207.3591,0.0,0,0.0,0.0
1023.0,B,RUNNING,1020.692,8,2,8,10,0.8,30.0,99.2,206.3591,0.0,0,0.0,0.0
1024.0,B,RUNNING,1021.692,8,2,8,10,0.8,30.0,99.2,205.3591,0.0,0,0.0,0.0
1025.0,B,RUNNING,1022.692,8,2,8,10,0.8,30.0,99.2,204.3591,0.0,0,0.0,0.0
1026.0,B,RUNNING,1023.692,8,2,8,10,0.8,30.0,99.2,203.3591,0.0,0,0.0,0.0
1027.0,B,RUNNING,1024.692,8,2,8,10,0.8,30.0,99.2,202.3591,0.0,0,0.0,0.0
1028.0,B,RUNNING,1025.692,8,2,8,10,0.8,30.0,99.2,201.3591,0.0,0,0.0,0.0
1029.0,B,RUNNING,1026.692,8,2,8,10,0.8,30.0,99.2,200.3591,0.0,0,0.0,0.0
1030.0,B,RUNNING,1027.692,8,2,8,10,0.8,30.0,99.2,199.3591,0.0,0,0.0,0.0
1031.0,B,RUNNING,1028.692,8,2,8,10,0.8,30.0,99.2,198.3591,0.0,0,0.0,0.0
1032.0,B,RUNNING,1029.692,8,2,8,10,0.8,30.0,99.2,197.3591,0.0,0,0.0,0.0
1033.0,B,RUNNING,1030.692,8,2,8,10,0.8,30.0,99.2,196.3591,0.0,0,0.0,0.0
1034.0,B,RUNNING,1031.692,8,2,8,10,0.8,30.0,99.2,195.3591,0.0,0,0.0,0.0
1035.0,B,RUNNING,1032.692,8,2,8,10,0.8,30.0,99.2,194.3591,0.0,0,0.0,0.0
1036.0,B,RUNNING,1033.692,8,2,8,10,0.8,30.0,99.2,193.3591,0.0,0,0.0,0.0
1037.0,B,RUNNING,1034.692,8,2,8,10,0.8,30.0,99.2,192.3591,0.0,0,0.0,0.0
1038.0,B,RUNNING,1035.692,8,2,8,10,0.8,30.0,99.2,191.3591,0.0,0,0.0,0.0
1039.0,B,RUNNING,1036.692,8,2,8,10,0.8,30.0,99.2,190.3591,0.0,0,0.0,0.0
1040.0,B,RUNNING,1037.692,8,2,8,10,0.8,30.0,99.2,189.3591,0.0,0,0.0,0.0
1041.0,B,RUNNING,1038.692,8,2,8,10,0.8,30.0,99.2,188.3591,0.0,0,0.0,0.0
1042.0,B,RUNNING,1039.692,8,2,8,10,0.8,30.0,99.2,187.3591,0.0,0,0.0,0.0
1043.0,B,RUNNING,1040.692,8,2,8,10,0.8,30.0,99.2,186.3591,0.0,0,0.0,0.0
1044.0,B,RUNNING,1041.692,8,2,8,10,0.8,30.0,99.2,185.3591,0.0,0,0.0,0.0
1045.0,B,RUNNING,1042.692,8,2,8,10,0.8,30.0,99.2,184.3591,0.0,0,0.0,0.0
1046.0,B,RUNNING,1043.692,8,2,8,10,0.8,30.0,99.2,183.3591,0.0,0,0.0,0.0
1047.0,B,RUNNING,1044.692,8,2,8,10,0.8,30.0,99.2,182.3591,0.0,0,0.0,0.0
1048.0,B,RUNNING,1045.692,8,2,8,10,0.8,30.0,99.2,181.3591,0.0,0,0.0,0.0
1049.0,B,RUNNING,1046.692,8,2,8,10,0.8,30.0,99.2,180.3591,0.0,0,0.0,0.0
1050.0,B,RUNNING,1047.692,8,2,8,10,0.8,30.0,99.2,179.3591,0.0,0,0.0,0.0
1051.0,B,RUNNING,1048.692,8,2,8,10,0.8,30.0,99.2,178.3591,0.0,0,0.0,0.0
1052.0,B,RUNNING,1049.692,8,2,8,10,0.8,30.0,99.2,177.3591,0.0,0,0.0,0.0
1053.0,B,RUNNING,1050.692,8,2,8,10,0.8,30.0,99.2,176.3591,0.0,0,0.0,0.0
1054.0,B,RUNNING,1051.692,8,2,8,10,0.8,30.0,99.2,175.3591,0.0,0,0.0,0.0
1055.0,B,RUNNING,1052.692,8,2,8,10,0.8,30.0,99.2,174.3591,0.0,0,0.0,0.0
1056.0,B,RUNNING,1053.692,8,2,8,10,0.8,30.0,99.2,173.3591,0.0,0,0.0,0.0
1057.0,B,RUNNING,1054.692,8,2,8,10,0.8,30.0,99.2,172.3591,0.0,0,0.0,0.0
1058.0,B,RUNNING,1055.692,8,2,8,10,0.8,30.0,99.2,171.3591,0.0,0,0.0,0.0
1059.0,B,RUNNING,1056.692,8,2,8,10,0.8,30.0,99.2,170.3591,0.0,0,0.0,0.0
1060.0,B,RUNNING,1057.692,8,2,8,10,0.8,30.0,99.2,169.3591,0.0,0,0.0,0.0
1061.0,B,RUNNING,1058.692,8,2,8,10,0.8,30.0,99.2,168.3591,0.0,0,0.0,0.0
1062.0,B,RUNNING,1059.692,8,2,8,10,0.8,30.0,99.2,167.3591,0.0,0,0.0,0.0
1063.0,B,RUNNING,1060.692,8,2,8,10,0.8,30.0,99.2,166.3591,0.0,0,0.0,0.0
1064.0,B,RUNNING,1061.692,8,2,8,10,0.8,30.0,99.2,165.3591,0.0,0,0.0,0.0
1065.0,B,RUNNING,1062.692,8,2,8,10,0.8,30.0,99.2,164.3591,0.0,0,0.0,0.0
1066.0,B,RUNNING,1063.692,8,2,8,10,0.8,30.0,99.2,163.3591,0.0,0,0.0,0.0
1067.0,B,RUNNING,1064.692,8,2,8,10,0.8,30.0,99.2,162.3591,0.0,0,0.0,0.0
1068.0,B,RUNNING,1065.692,8,2,8,10,0.8,30.0,99.2,161.3591,0.0,0,0.0,0.0
1069.0,B,RUNNING,1066.692,8,2,8,10,0.8,30.0,99.2,160.3591,0.0,0,0.0,0.0
1070.0,B,RUNNING,1067.692,8,2,8,10,0.8,30.0,99.2,159.3591,0.0,0,0.0,0.0
1071.0,B,RUNNING,1068.692,8,2,8,10,0.8,30.0,99.2,158.3591,0.0,0,0.0,0.0
1072.0,B,RUNNING,1069.692,8,2,8,10,0.8,30.0,99.2,157.3591,0.0,0,0.0,0.0
1073.0,B,RUNNING,1070.692,8,2,8,10,0.8,30.0,99.2,156.3591,0.0,0,0.0,0.0
1074.0,B,RUNNING,1071.692,8,2,8,10,0.8,30.0,99.2,155.3591,0.0,0,0.0,0.0
1075.0,B,RUNNING,1072.692,8,2,8,10,0.8,30.0,99.2,154.3591,0.0,0,0.0,0.0
1076.0,B,RUNNING,1073.692,8,2,8,10,0.8,30.0,99.2,153.3591,0.0,0,0.0,0.0
1077.0,B,RUNNING,1074.692,8,2,8,10,0.8,30.0,99.2,152.3591,0.0,0,0.0,0.0
1078.0,B,RUNNING,1075.692,8,2,8,10,0.8,30.0,99.2,151.3591,0.0,0,0.0,0.0
1079.0,B,RUNNING,1076.692,8,2,8,10,0.8,30.0,99.2,150.3591,0.0,0,0.0,0.0
1080.0,B,RUNNING,1077.692,8,2,8,10,0.8,30.0,99.2,149.3591,0.0,0,0.0,0.0
1081.0,B,RUNNING,1078.692,8,2,8,10,0.8,30.0,99.2,148.3591,0.0,0,0.0,0.0
1082.0,B,RUNNING,1079.692,8,2,8,10,0.8,30.0,99.2,147.3591,0.0,0,0.0,0.0
1083.0,B,RUNNING,1080.696,8,2,8,10,0.8,30.0,99.2,146.3551,0.0,0,0.0,0.0
1084.0,B,RUNNING,1081.692,8,2,8,10,0.8,30.0,99.2,145.3591,0.0,0,0.0,0.0
1085.0,B,RUNNING,1082.692,8,2,8,10,0.8,30.0,99.2,144.3591,0.0,0,0.0,0.0
1086.0,B,RUNNING,1083.692,8,2,8,10,0.8,30.0,99.2,143.3591,0.0,0,0.0,0.0
1087.0,B,RUNNING,1084.692,8,2,8,10,0.8,30.0,99.2,142.3591,0.0,0,0.0,0.0
1088.0,B,RUNNING,1085.692,8,2,8,10,0.8,30.0,99.2,141.3591,0.0,0,0.0,0.0
1089.0,B,RUNNING,1086.692,8,2,8,10,0.8,30.0,99.2,140.3591,0.0,0,0.0,0.0
1090.0,B,RUNNING,1087.692,8,2,8,10,0.8,30.0,99.2,139.3591,0.0,0,0.0,0.0
1091.0,B,RUNNING,1088.692,8,2,8,10,0.8,30.0,99.2,138.3591,0.0,0,0.0,0.0
1092.0,B,RUNNING,1089.692,8,2,8,10,0.8,30.0,99.2,137.3591,0.0,0,0.0,0.0
1093.0,B,RUNNING,1090.692,8,2,8,10,0.8,30.0,99.2,136.3591,0.0,0,0.0,0.0
1094.0,B,RUNNING,1091.692,8,2,8,10,0.8,30.0,99.2,135.3591,0.0,0,0.0,0.0
1095.0,B,RUNNING,1092.692,8,2,8,10,0.8,30.0,99.2,134.3591,0.0,0,0.0,0.0
1096.0,B,RUNNING,1093.692,8,2,8,10,0.8,30.0,99.2,133.3591,0.0,0,0.0,0.0
1097.0,B,RUNNING,1094.692,8,2,8,10,0.8,30.0,99.2,132.3591,0.0,0,0.0,0.0
1098.0,B,RUNNING,1095.696,8,2,8,10,0.8,30.0,99.2,131.3551,0.0,0,0.0,0.0
1099.0,B,RUNNING,1096.692,8,2,8,10,0.8,30.0,99.2,130.3591,0.0,0,0.0,0.0
1100.0,B,RUNNING,1097.692,8,2,8,10,0.8,30.0,99.2,129.3591,0.0,0,0.0,0.0
1101.0,B,RUNNING,1098.692,8,2,8,10,0.8,30.0,99.2,128.3591,0.0,0,0.0,0.0
1102.0,B,RUNNING,1099.692,8,2,8,10,0.8,30.0,99.2,127.3591,0.0,0,0.0,0.0
1103.0,B,RUNNING,1100.692,8,2,8,10,0.8,30.0,99.2,126.3591,0.0,0,0.0,0.0
1104.0,B,RUNNING,1101.692,8,2,8,10,0.8,30.0,99.2,125.3591,0.0,0,0.0,0.0
1105.0,B,RUNNING,1102.692,8,2,8,10,0.8,30.0,99.2,124.3591,0.0,0,0.0,0.0
1106.0,B,RUNNING,1103.692,8,2,8,10,0.8,30.0,99.2,123.3591,0.0,0,0.0,0.0
1107.0,B,RUNNING,1104.692,8,2,8,10,0.8,30.0,99.2,122.3591,0.0,0,0.0,0.0
1108.0,B,RUNNING,1105.692,8,2,8,10,0.8,30.0,99.2,121.3591,0.0,0,0.0,0.0
1109.0,B,RUNNING,1106.692,8,2,8,10,0.8,30.0,99.2,120.3591,0.0,0,0.0,0.0
1110.0,B,RUNNING,1107.696,9,2,9,10,0.9,30.0,99.1,114.1472,0.0,0,0.0,0.0
1111.0,B,RUNNING,1108.692,9,2,9,10,0.9,30.0,99.1,113.1512,0.0,0,0.0,0.0
1112.0,B,RUNNING,1109.692,9,2,9,10,0.9,30.0,99.1,112.1512,0.0,0,0.0,0.0
1113.0,B,RUNNING,1110.692,9,2,9,10,0.9,30.0,99.1,111.1512,0.0,0,0.0,0.0
1114.0,B,RUNNING,1111.692,9,2,9,10,0.9,30.0,99.1,110.1512,0.0,0,0.0,0.0
1115.0,B,RUNNING,1112.692,9,2,9,10,0.9,30.0,99.1,109.1512,0.0,0,0.0,0.0
1116.0,B,RUNNING,1113.692,9,2,9,10,0.9,30.0,99.1,108.1512,0.0,0,0.0,0.0
1117.0,B,RUNNING,1114.692,9,2,9,10,0.9,30.0,99.1,107.1512,0.0,0,0.0,0.0
1118.0,B,RUNNING,1115.692,9,2,9,10,0.9,30.0,99.1,106.1512,0.0,0,0.0,0.0
1119.0,B,RUNNING,1116.692,9,2,9,10,0.9,30.0,99.1,105.1512,0.0,0,0.0,0.0
1120.0,B,RUNNING,1117.692,9,2,9,10,0.9,30.0,99.1,104.1512,0.0,0,0.0,0.0
1121.0,B,RUNNING,1118.692,9,2,9,10,0.9,30.0,99.1,103.1512,0.0,0,0.0,0.0
1122.0,B,RUNNING,1119.692,9,2,9,10,0.9,30.0,99.1,102.1512,0.0,0,0.0,0.0
1123.0,B,RUNNING,1120.692,9,2,9,10,0.9,30.0,99.1,101.1512,0.0,0,0.0,0.0
1124.0,B,RUNNING,1121.692,9,2,9,10,0.9,30.0,99.1,100.1512,0.0,0,0.0,0.0
1125.0,B,RUNNING,1122.692,9,2,9,10,0.9,30.0,99.1,99.1512,0.0,0,0.0,0.0
1126.0,B,RUNNING,1123.692,9,2,9,10,0.9,30.0,99.1,98.1512,0.0,0,0.0,0.0
1127.0,B,RUNNING,1124.692,9,2,9,10,0.9,30.0,99.1,97.1512,0.0,0,0.0,0.0
1128.0,B,RUNNING,1125.692,9,2,9,10,0.9,30.0,99.1,96.1512,0.0,0,0.0,0.0
1129.0,B,RUNNING,1126.692,9,2,9,10,0.9,30.0,99.1,95.1512,0.0,0,0.0,0.0
1130.0,B,RUNNING,1127.692,9,2,9,10,0.9,30.0,99.1,94.1512,0.0,0,0.0,0.0
1131.0,B,RUNNING,1128.692,9,2,9,10,0.9,30.0,99.1,93.1512,0.0,0,0.0,0.0
1132.0,B,RUNNING,1129.692,9,2,9,10,0.9,30.0,99.1,92.1512,0.0,0,0.0,0.0
1133.0,B,RUNNING,1130.692,9,2,9,10,0.9,30.0,99.1,91.1512,0.0,0,0.0,0.0
1134.0,B,RUNNING,1131.696,9,2,9,10,0.9,30.0,99.1,90.1472,0.0,0,0.0,0.0
1135.0,B,RUNNING,1132.692,9,2,9,10,0.9,30.0,99.1,89.1512,0.0,0,0.0,0.0
1136.0,B,RUNNING,1133.692,9,2,9,10,0.9,30.0,99.1,88.1512,0.0,0,0.0,0.0
1137.0,B,RUNNING,1134.692,9,2,9,10,0.9,30.0,99.1,87.1512,0.0,0,0.0,0.0
1138.0,B,RUNNING,1135.692,9,2,9,10,0.9,30.0,99.1,86.1512,0.0,0,0.0,0.0
1139.0,B,RUNNING,1136.696,9,2,9,10,0.9,30.0,99.1,85.1472,0.0,0,0.0,0.0
1140.0,B,RUNNING,1137.692,9,2,9,10,0.9,30.0,99.1,84.1512,0.0,0,0.0,0.0
1141.0,B,RUNNING,1138.692,9,2,9,10,0.9,30.0,99.1,83.1512,0.0,0,0.0,0.0
1142.0,B,RUNNING,1139.692,9,2,9,10,0.9,30.0,99.1,82.1512,0.0,0,0.0,0.0
1143.0,B,RUNNING,1140.692,9,2,9,10,0.9,30.0,99.1,81.1512,0.0,0,0.0,0.0
1144.0,B,RUNNING,1141.692,9,2,9,10,0.9,30.0,99.1,80.1512,0.0,0,0.0,0.0
1145.0,B,RUNNING,1142.692,9,2,9,10,0.9,30.0,99.1,79.1512,0.0,0,0.0,0.0
1146.0,B,RUNNING,1143.692,9,2,9,10,0.9,30.0,99.1,78.1512,0.0,0,0.0,0.0
1147.0,B,RUNNING,1144.692,9,2,9,10,0.9,30.0,99.1,77.1512,0.0,0,0.0,0.0
1148.0,B,RUNNING,1145.692,9,2,9,10,0.9,30.0,99.1,76.1512,0.0,0,0.0,0.0
1149.0,B,RUNNING,1146.696,9,2,9,10,0.9,30.0,99.1,75.1472,0.0,0,0.0,0.0
1150.01,B,RUNNING,1147.7,9,2,9,10,0.9,30.0,99.1,74.1432,0.0,0,0.0,0.0
1151.0,B,RUNNING,1148.692,9,2,9,10,0.9,30.0,99.1,73.1512,0.0,0,0.0,0.0
1152.0,B,RUNNING,1149.692,9,2,9,10,0.9,30.0,99.1,72.1512,0.0,0,0.0,0.0
1153.0,B,RUNNING,1150.692,9,2,9,10,0.9,30.0,99.1,71.1512,0.0,0,0.0,0.0
1154.0,B,RUNNING,1151.696,9,2,9,10,0.9,30.0,99.1,70.1472,0.0,0,0.0,0.0
1155.0,B,RUNNING,1152.692,9,2,9,10,0.9,30.0,99.1,69.1512,0.0,0,0.0,0.0
1156.0,B,RUNNING,1153.692,9,2,9,10,0.9,30.0,99.1,68.1512,0.0,0,0.0,0.0
1157.0,B,RUNNING,1154.692,9,2,9,10,0.9,30.0,99.1,67.1512,0.0,0,0.0,0.0
1158.0,B,RUNNING,1155.696,9,2,9,10,0.9,30.0,99.1,66.1472,0.0,0,0.0,0.0
1159.0,B,RUNNING,1156.692,9,2,9,10,0.9,30.0,99.1,65.1512,0.0,0,0.0,0.0
1160.0,B,RUNNING,1157.696,9,2,9,10,0.9,30.0,99.1,64.1472,0.0,0,0.0,0.0
1161.0,B,RUNNING,1158.692,9,2,9,10,0.9,30.0,99.1,63.1512,0.0,0,0.0,0.0
1162.0,B,RUNNING,1159.692,9,2,9,10,0.9,30.0,99.1,62.1512,0.0,0,0.0,0.0
1163.0,B,RUNNING,1160.692,9,2,9,10,0.9,30.0,99.1,61.1512,0.0,0,0.0,0.0
1164.0,B,RUNNING,1161.692,9,2,9,10,0.9,30.0,99.1,60.1512,0.0,0,0.0,0.0
1165.0,B,RUNNING,1162.692,9,2,9,10,0.9,30.0,99.1,59.1512,0.0,0,0.0,0.0
1166.0,B,RUNNING,1163.692,9,2,9,10,0.9,30.0,99.1,58.1512,0.0,0,0.0,0.0
1167.0,B,RUNNING,1164.692,9,2,9,10,0.9,30.0,99.1,57.1512,0.0,0,0.0,0.0
1168.0,B,RUNNING,1165.692,9,2,9,10,0.9,30.0,99.1,56.1512,0.0,0,0.0,0.0
1169.0,B,RUNNING,1166.692,9,2,9,10,0.9,30.0,99.1,55.1512,0.0,0,0.0,0.0
1170.0,B,RUNNING,1167.692,9,2,9,10,0.9,30.0,99.1,54.1512,0.0,0,0.0,0.0
1171.0,B,RUNNING,1168.692,9,2,9,10,0.9,30.0,99.1,53.1512,0.0,0,0.0,0.0
1172.0,B,RUNNING,1169.692,9,2,9,10,0.9,30.0,99.1,52.1512,0.0,0,0.0,0.0
1173.0,B,RUNNING,1170.696,9,2,9,10,0.9,30.0,99.1,51.1472,0.0,0,0.0,0.0
1174.0,B,RUNNING,1171.692,9,2,9,10,0.9,30.0,99.1,50.1512,0.0,0,0.0,0.0
1175.0,B,RUNNING,1172.692,9,2,9,10,0.9,30.0,99.1,49.1512,0.0,0,0.0,0.0
1176.0,B,RUNNING,1173.692,9,2,9,10,0.9,30.0,99.1,48.1512,0.0,0,0.0,0.0
1177.0,B,RUNNING,1174.692,9,2,9,10,0.9,30.0,99.1,47.1512,0.0,0,0.0,0.0
1178.0,B,RUNNING,1175.692,9,2,9,10,0.9,30.0,99.1,46.1512,0.0,0,0.0,0.0
1179.0,B,RUNNING,1176.692,9,2,9,10,0.9,30.0,99.1,45.1512,0.0,0,0.0,0.0
1180.0,B,RUNNING,1177.692,9,2,9,10,0.9,30.0,99.1,44.1512,0.0,0,0.0,0.0
1181.0,B,RUNNING,1178.692,9,2,9,10,0.9,30.0,99.1,43.1512,0.0,0,0.0,0.0
1182.0,B,RUNNING,1179.692,9,2,9,10,0.9,30.0,99.1,42.1512,0.0,0,0.0,0.0
1183.0,B,RUNNING,1180.692,9,2,9,10,0.9,30.0,99.1,41.1512,0.0,0,0.0,0.0
1184.0,B,RUNNING,1181.692,9,2,9,10,0.9,30.0,99.1,40.1512,0.0,0,0.0,0.0
1185.0,B,RUNNING,1182.692,9,2,9,10,0.9,30.0,99.1,39.1512,0.0,0,0.0,0.0
1186.0,B,RUNNING,1183.692,9,2,9,10,0.9,30.0,99.1,38.1512,0.0,0,0.0,0.0
1187.0,B,RUNNING,1184.692,9,2,9,10,0.9,30.0,99.1,37.1512,0.0,0,0.0,0.0
1188.0,B,RUNNING,1185.692,9,2,9,10,0.9,30.0,99.1,36.1512,0.0,0,0.0,0.0
1189.0,B,RUNNING,1186.692,9,2,9,10,0.9,30.0,99.1,35.1512,0.0,0,0.0,0.0
1190.0,B,RUNNING,1187.692,9,2,9,10,0.9,30.0,99.1,34.1512,0.0,0,0.0,0.0
1191.0,B,RUNNING,1188.692,9,2,9,10,0.9,30.0,99.1,33.1512,0.0,0,0.0,0.0
1192.0,B,RUNNING,1189.692,9,2,9,10,0.9,30.0,99.1,32.1512,0.0,0,0.0,0.0
1193.0,B,RUNNING,1190.692,9,2,9,10,0.9,30.0,99.1,31.1512,0.0,0,0.0,0.0
1194.0,B,RUNNING,1191.692,9,2,9,10,0.9,30.0,99.1,30.1512,0.0,0,0.0,0.0
1195.0,B,RUNNING,1192.692,9,2,9,10,0.9,30.0,99.1,29.1512,0.0,0,0.0,0.0
1196.0,B,RUNNING,1193.692,9,2,9,10,0.9,30.0,99.1,28.1512,0.0,0,0.0,0.0
1197.0,B,RUNNING,1194.692,9,2,9,10,0.9,30.0,99.1,27.1512,0.0,0,0.0,0.0
1198.0,B,RUNNING,1195.692,9,2,9,10,0.9,30.0,99.1,26.1512,0.0,0,0.0,0.0
1199.0,B,RUNNING,1196.692,9,2,9,10,0.9,30.0,99.1,25.1512,0.0,0,0.0,0.0
1200.0,B,RUNNING,1197.692,9,2,9,10,0.9,30.0,99.1,24.1512,0.0,0,0.0,0.0
1201.0,B,RUNNING,1198.692,9,2,9,10,0.9,30.0,99.1,23.1512,0.0,0,0.0,0.0
1202.0,B,RUNNING,1199.692,9,2,9,10,0.9,30.0,99.1,22.1512,0.0,0,0.0,0.0
1203.0,B,RUNNING,1200.692,9,2,9,10,0.9,30.0,99.1,21.1512,0.0,0,0.0,0.0
1204.0,B,RUNNING,1201.692,9,2,9,10,0.9,30.0,99.1,20.1512,0.0,0,0.0,0.0
1205.0,B,RUNNING,1202.692,9,2,9,10,0.9,30.0,99.1,19.1512,0.0,0,0.0,0.0
1206.0,B,RUNNING,1203.692,9,2,9,10,0.9,30.0,99.1,18.1512,0.0,0,0.0,0.0
1207.0,B,RUNNING,1204.692,9,2,9,10,0.9,30.0,99.1,17.1512,0.0,0,0.0,0.0
1208.0,B,RUNNING,1205.692,9,2,9,10,0.9,30.0,99.1,16.1512,0.0,0,0.0,0.0
1209.0,B,RUNNING,1206.692,9,2,9,10,0.9,30.0,99.1,15.1512,0.0,0,0.0,0.0
1210.0,B,RUNNING,1207.692,9,2,9,10,0.9,30.0,99.1,14.1512,0.0,0,0.0,0.0
1211.0,B,RUNNING,1208.692,9,2,9,10,0.9,30.0,99.1,13.1512,0.0,0,0.0,0.0
1212.0,B,RUNNING,1209.692,9,2,9,10,0.9,30.0,99.1,12.1512,0.0,0,0.0,0.0
1213.0,B,RUNNING,1210.692,9,2,9,10,0.9,30.0,99.1,11.1512,0.0,0,0.0,0.0
1214.0,B,RUNNING,1211.692,9,2,9,10,0.9,30.0,99.1,10.1512,0.0,0,0.0,0.0
1215.0,B,RUNNING,1212.692,9,2,9,10,0.9,30.0,99.1,9.1512,0.0,0,0.0,0.0
1216.0,B,RUNNING,1213.692,9,2,9,10,0.9,30.0,99.1,8.1512,0.0,0,0.0,0.0
1217.0,B,RUNNING,1214.692,9,2,9,10,0.9,30.0,99.1,7.1512,0.0,0,0.0,0.0
1218.0,B,RUNNING,1215.692,9,2,9,10,0.9,30.0,99.1,6.1512,0.0,0,0.0,0.0
1219.0,B,RUNNING,1216.692,9,2,9,10,0.9,30.0,99.1,5.1512,0.0,0,0.0,0.0
1220.0,B,RUNNING,1217.692,9,2,9,10,0.9,30.0,99.1,4.1512,0.0,0,0.0,0.0
1221.0,B,RUNNING,1218.692,9,2,9,10,0.9,30.0,99.1,3.1512,0.0,0,0.0,0.0
1222.0,B,RUNNING,1219.692,9,2,9,10,0.9,30.0,99.1,2.1512,0.0,0,0.0,0.0
1223.0,B,RUNNING,1220.692,9,2,9,10,0.9,30.0,99.1,1.1512,0.0,0,0.0,0.0
1224.0,B,RUNNING,1221.692,9,2,9,10,0.9,30.0,99.1,0.1512,0.0,0,0.0,0.0
1225.0,B,BLOCKED,1222.692,10,2,10,10,1.0,0.0,99.0,0.0,0.0,0,0.0071,0.8488
1226.0,B,BLOCKED,1223.692,10,2,10,10,1.0,0.0,99.0,0.0,0.0,0,0.0154,1.8488
1227.0,B,BLOCKED,1224.692,10,2,10,10,1.0,0.0,99.0,0.0,0.0,0,0.0237,2.8488
1228.0,B,BLOCKED,1225.692,10,2,10,10,1.0,0.0,99.0,0.0,0.0,0,0.0321,3.8488
1229.0,B,BLOCKED,1226.692,10,2,10,10,1.0,0.0,99.0,0.0,0.0,0,0.0404,4.8488
1230.0,B,BLOCKED,1227.692,10,2,10,10,1.0,0.0,99.0,0.0,0.0,0,0.0487,5.8488
1231.0,B,BLOCKED,1228.692,10,2,10,10,1.0,0.0,99.0,0.0,0.0,0,0.0571,6.8488
1232.0,B,BLOCKED,1229.692,10,2,10,10,1.0,0.0,99.0,0.0,0.0,0,0.0654,7.8488
1233.0,B,BLOCKED,1230.692,10,2,10,10,1.0,0.0,99.0,0.0,0.0,0,0.0737,8.8488
1234.0,B,BLOCKED,1231.692,10,2,10,10,1.0,0.0,99.0,0.0,0.0,0,0.0821,9.8488
1235.0,B,BLOCKED,1232.692,10,2,10,10,1.0,0.0,99.0,0.0,0.0,0,0.0904,10.8488
1236.0,B,BLOCKED,1233.692,10,2,10,10,1.0,0.0,99.0,0.0,0.0,0,0.0987,11.8488
1237.0,B,BLOCKED,1234.692,10,2,10,10,1.0,0.0,99.0,0.0,0.0,0,0.1071,12.8488
1238.0,B,BLOCKED,1235.692,10,2,10,10,1.0,0.0,99.0,0.0,0.0,0,0.1154,13.8488
1239.0,B,BLOCKED,1236.692,10,2,10,10,1.0,0.0,99.0,0.0,0.0,0,0.1237,14.8488
1240.0,B,BLOCKED,1237.692,10,2,10,10,1.0,0.0,99.0,0.0,0.0,0,0.1321,15.8488
1241.0,B,BLOCKED,1238.692,10,2,10,10,1.0,0.0,99.0,0.0,0.0,0,0.1404,16.8488
1242.0,B,BLOCKED,1239.692,10,2,10,10,1.0,0.0,99.0,0.0,0.0,0,0.1487,17.8488
1243.0,B,BLOCKED,1240.692,10,2,10,10,1.0,0.0,99.0,0.0,0.0,0,0.1571,18.8488
1244.0,B,BLOCKED,1241.692,10,2,10,10,1.0,0.0,99.0,0.0,0.0,0,0.1654,19.8488
1245.0,B,BLOCKED,1242.692,10,2,10,10,1.0,0.0,99.0,0.0,0.0,0,0.1737,20.8488
1246.0,B,BLOCKED,1243.692,10,2,10,10,1.0,0.0,99.0,0.0,0.0,0,0.1821,21.8488
1247.0,B,BLOCKED,1244.692,10,2,10,10,1.0,0.0,99.0,0.0,0.0,0,0.1904,22.8488
1248.0,B,BLOCKED,1245.692,10,2,10,10,1.0,0.0,99.0,0.0,0.0,0,0.1987,23.8488
1249.0,B,BLOCKED,1246.692,10,2,10,10,1.0,0.0,99.0,0.0,0.0,0,0.2071,24.8488
1250.0,B,BLOCKED,1247.692,10,2,10,10,1.0,0.0,99.0,0.0,0.0,0,0.2154,25.8488
1251.0,B,BLOCKED,1248.692,10,2,10,10,1.0,0.0,99.0,0.0,0.0,0,0.2237,26.8488
1252.0,B,BLOCKED,1249.692,10,2,10,10,1.0,0.0,99.0,0.0,0.0,0,0.2321,27.8488
1253.0,B,BLOCKED,1250.692,10,2,10,10,1.0,0.0,99.0,0.0,0.0,0,0.2404,28.8488
1254.0,B,BLOCKED,1251.692,10,2,10,10,1.0,0.0,99.0,0.0,0.0,0,0.2487,29.8488
1255.0,B,BLOCKED,1252.692,10,2,10,10,1.0,0.0,99.0,0.0,0.0,0,0.2571,30.8488
1256.0,B,BLOCKED,1253.692,10,2,10,10,1.0,0.0,99.0,0.0,0.0,0,0.2654,31.8488
1257.0,B,BLOCKED,1254.692,10,2,10,10,1.0,0.0,99.0,0.0,0.0,0,0.2737,32.8488
1258.0,B,BLOCKED,1255.692,10,2,10,10,1.0,0.0,99.0,0.0,0.0,0,0.2821,33.8488
1259.0,B,BLOCKED,1256.692,10,2,10,10,1.0,0.0,99.0,0.0,0.0,0,0.2904,34.8488
1260.0,B,BLOCKED,1257.692,10,2,10,10,1.0,0.0,99.0,0.0,0.0,0,0.2987,35.8488
1261.0,B,BLOCKED,1258.692,10,2,10,10,1.0,0.0,99.0,0.0,0.0,0,0.3071,36.8488
1262.0,B,BLOCKED,1259.692,10,2,10,10,1.0,0.0,99.0,0.0,0.0,0,0.3154,37.8488
1263.0,B,BLOCKED,1260.692,10,2,10,10,1.0,0.0,99.0,0.0,0.0,0,0.3237,38.8488
1264.0,B,BLOCKED,1261.692,10,2,10,10,1.0,0.0,99.0,0.0,0.0,0,0.3321,39.8488
1265.0,B,BLOCKED,1262.692,10,2,10,10,1.0,0.0,99.0,0.0,0.0,0,0.3404,40.8488
1266.0,B,BLOCKED,1263.692,10,2,10,10,1.0,0.0,99.0,0.0,0.0,0,0.3487,41.8488
1267.0,B,BLOCKED,1264.692,10,2,10,10,1.0,0.0,99.0,0.0,0.0,0,0.3571,42.8488
1268.0,B,BLOCKED,1265.692,10,2,10,10,1.0,0.0,99.0,0.0,0.0,0,0.3654,43.8488
1269.0,B,BLOCKED,1266.692,10,2,10,10,1.0,0.0,99.0,0.0,0.0,0,0.3737,44.8488
1270.0,B,BLOCKED,1267.692,10,2,10,10,1.0,0.0,99.0,0.0,0.0,0,0.3821,45.8488
1271.0,B,BLOCKED,1268.692,10,2,10,10,1.0,0.0,99.0,0.0,0.0,0,0.3904,46.8488
1272.0,B,BLOCKED,1269.696,10,2,10,10,1.0,0.0,99.0,0.0,0.0,0,0.3988,47.8528
1273.0,B,BLOCKED,1270.692,10,2,10,10,1.0,0.0,99.0,0.0,0.0,0,0.4071,48.8488
1274.0,B,BLOCKED,1271.696,10,2,10,10,1.0,0.0,99.0,0.0,0.0,0,0.4154,49.8528
1275.0,B,BLOCKED,1272.692,10,2,10,10,1.0,0.0,99.0,0.0,0.0,0,0.4237,50.8488
1276.0,B,BLOCKED,1273.692,10,2,10,10,1.0,0.0,99.0,0.0,0.0,0,0.4321,51.8488
1277.0,B,BLOCKED,1274.692,10,2,10,10,1.0,0.0,99.0,0.0,0.0,0,0.4404,52.8488
1278.0,B,BLOCKED,1275.692,10,2,10,10,1.0,0.0,99.0,0.0,0.0,0,0.4487,53.8488
1279.0,B,BLOCKED,1276.692,10,2,10,10,1.0,0.0,99.0,0.0,0.0,0,0.4571,54.8488
1280.0,B,BLOCKED,1277.692,10,2,10,10,1.0,0.0,99.0,0.0,0.0,0,0.4654,55.8488
1281.0,B,BLOCKED,1278.696,10,2,10,10,1.0,0.0,99.0,0.0,0.0,0,0.4738,56.8528
1282.0,B,BLOCKED,1279.692,10,2,10,10,1.0,0.0,99.0,0.0,0.0,0,0.4821,57.8488
1283.0,B,BLOCKED,1280.692,10,2,10,10,1.0,0.0,99.0,0.0,0.0,0,0.4904,58.8488
1284.0,B,BLOCKED,1281.692,10,2,10,10,1.0,0.0,99.0,0.0,0.0,0,0.4987,59.8488
1285.0,B,BLOCKED,1282.692,10,2,10,10,1.0,0.0,99.0,0.0,0.0,0,0.5071,60.8488
1286.0,B,BLOCKED,1283.692,10,2,10,10,1.0,0.0,99.0,0.0,0.0,0,0.5154,61.8488
1287.0,B,BLOCKED,1284.692,10,2,10,10,1.0,0.0,99.0,0.0,0.0,0,0.5237,62.8488
1288.0,B,BLOCKED,1285.692,10,2,10,10,1.0,0.0,99.0,0.0,0.0,0,0.5321,63.8488
1289.0,B,BLOCKED,1286.692,10,2,10,10,1.0,0.0,99.0,0.0,0.0,0,0.5404,64.8488
1290.0,B,BLOCKED,1287.692,10,2,10,10,1.0,0.0,99.0,0.0,0.0,0,0.5487,65.8488
1291.0,B,BLOCKED,1288.692,10,2,10,10,1.0,0.0,99.0,0.0,0.0,0,0.5571,66.8488
1292.0,B,BLOCKED,1289.692,10,2,10,10,1.0,0.0,99.0,0.0,0.0,0,0.5654,67.8488
1293.0,B,BLOCKED,1290.692,10,2,10,10,1.0,0.0,99.0,0.0,0.0,0,0.5737,68.8488
1294.0,B,BLOCKED,1291.692,10,2,10,10,1.0,0.0,99.0,0.0,0.0,0,0.5821,69.8488
1295.0,B,BLOCKED,1292.692,10,2,10,10,1.0,0.0,99.0,0.0,0.0,0,0.5904,70.8488
1296.0,B,BLOCKED,1293.692,10,2,10,10,1.0,0.0,99.0,0.0,0.0,0,0.5987,71.8488
1297.0,B,BLOCKED,1294.692,10,2,10,10,1.0,0.0,99.0,0.0,0.0,0,0.6071,72.8488
1298.0,B,BLOCKED,1295.692,10,2,10,10,1.0,0.0,99.0,0.0,0.0,0,0.6154,73.8488
1299.0,B,BLOCKED,1296.692,10,2,10,10,1.0,0.0,99.0,0.0,0.0,0,0.6237,74.8488
1300.0,B,BLOCKED,1297.692,10,2,10,10,1.0,0.0,99.0,0.0,0.0,0,0.6321,75.8488
1301.0,B,BLOCKED,1298.692,10,2,10,10,1.0,0.0,99.0,0.0,0.0,0,0.6404,76.8488
1302.0,B,BLOCKED,1299.692,10,2,10,10,1.0,0.0,99.0,0.0,0.0,0,0.6487,77.8488
1303.0,B,BLOCKED,1300.692,10,2,10,10,1.0,0.0,99.0,0.0,0.0,0,0.6571,78.8488
1304.0,B,BLOCKED,1301.692,10,2,10,10,1.0,0.0,99.0,0.0,0.0,0,0.6654,79.8488
1305.0,B,BLOCKED,1302.692,10,2,10,10,1.0,0.0,99.0,0.0,0.0,0,0.6737,80.8488
1306.0,B,BLOCKED,1303.692,10,2,10,10,1.0,0.0,99.0,0.0,0.0,0,0.6821,81.8488
1307.0,B,BLOCKED,1304.692,10,2,10,10,1.0,0.0,99.0,0.0,0.0,0,0.6904,82.8488
1308.0,B,BLOCKED,1305.692,10,2,10,10,1.0,0.0,99.0,0.0,0.0,0,0.6987,83.8488
1309.0,B,BLOCKED,1306.692,10,2,10,10,1.0,0.0,99.0,0.0,0.0,0,0.7071,84.8488
1310.0,B,BLOCKED,1307.692,10,2,10,10,1.0,0.0,99.0,0.0,0.0,0,0.7154,85.8488
1311.0,B,BLOCKED,1308.692,10,2,10,10,1.0,0.0,99.0,0.0,0.0,0,0.7237,86.8488
1312.0,B,BLOCKED,1309.692,10,2,10,10,1.0,0.0,99.0,0.0,0.0,0,0.7321,87.8488
1313.0,B,BLOCKED,1310.692,10,2,10,10,1.0,0.0,99.0,0.0,0.0,0,0.7404,88.8488
1314.0,B,BLOCKED,1311.692,10,2,10,10,1.0,0.0,99.0,0.0,0.0,0,0.7487,89.8488
1315.0,B,BLOCKED,1312.692,10,2,10,10,1.0,0.0,99.0,0.0,0.0,0,0.7571,90.8488
1316.0,B,BLOCKED,1313.692,10,2,10,10,1.0,0.0,99.0,0.0,0.0,0,0.7654,91.8488
1317.0,B,BLOCKED,1314.692,10,2,10,10,1.0,0.0,99.0,0.0,0.0,0,0.7737,92.8488
1318.0,B,BLOCKED,1315.692,10,2,10,10,1.0,0.0,99.0,0.0,0.0,0,0.7821,93.8488
1319.0,B,BLOCKED,1316.692,10,2,10,10,1.0,0.0,99.0,0.0,0.0,0,0.7904,94.8488
1320.0,B,BLOCKED,1317.692,10,2,10,10,1.0,0.0,99.0,0.0,0.0,0,0.7987,95.8488
1321.0,B,BLOCKED,1318.692,10,2,10,10,1.0,0.0,99.0,0.0,0.0,0,0.8071,96.8488
1322.0,B,BLOCKED,1319.692,10,2,10,10,1.0,0.0,99.0,0.0,0.0,0,0.8154,97.8488
1323.0,B,BLOCKED,1320.692,10,2,10,10,1.0,0.0,99.0,0.0,0.0,0,0.8237,98.8488
1324.0,B,BLOCKED,1321.692,10,2,10,10,1.0,0.0,99.0,0.0,0.0,0,0.8321,99.8488
1325.0,B,BLOCKED,1322.692,10,2,10,10,1.0,0.0,99.0,0.0,0.0,0,0.8404,100.8488
1326.0,B,BLOCKED,1323.692,10,2,10,10,1.0,0.0,99.0,0.0,0.0,0,0.8487,101.8488
1327.0,B,BLOCKED,1324.692,10,2,10,10,1.0,0.0,99.0,0.0,0.0,0,0.8571,102.8488
1328.0,B,BLOCKED,1325.692,10,2,10,10,1.0,0.0,99.0,0.0,0.0,0,0.8654,103.8488
1329.0,B,BLOCKED,1326.692,10,2,10,10,1.0,0.0,99.0,0.0,0.0,0,0.8737,104.8488
1330.0,B,BLOCKED,1327.692,10,2,10,10,1.0,0.0,99.0,0.0,0.0,0,0.8821,105.8488
1331.0,B,BLOCKED,1328.692,10,2,10,10,1.0,0.0,99.0,0.0,0.0,0,0.8904,106.8488
1332.0,B,BLOCKED,1329.692,10,2,10,10,1.0,0.0,99.0,0.0,0.0,0,0.8987,107.8488
1333.0,B,BLOCKED,1330.692,10,2,10,10,1.0,0.0,99.0,0.0,0.0,0,0.9071,108.8488
1334.0,B,BLOCKED,1331.692,10,2,10,10,1.0,0.0,99.0,0.0,0.0,0,0.9154,109.8488
1335.0,B,BLOCKED,1332.692,10,2,10,10,1.0,0.0,99.0,0.0,0.0,0,0.9237,110.8488
1336.0,B,BLOCKED,1333.692,10,2,10,10,1.0,0.0,99.0,0.0,0.0,0,0.9321,111.8488
1337.0,B,BLOCKED,1334.692,10,2,10,10,1.0,0.0,99.0,0.0,0.0,0,0.9404,112.8488
1338.0,B,BLOCKED,1335.692,10,2,10,10,1.0,0.0,99.0,0.0,0.0,0,0.9487,113.8488
1339.0,B,BLOCKED,1336.692,10,2,10,10,1.0,0.0,99.0,0.0,0.0,0,0.9571,114.8488
1340.0,B,BLOCKED,1337.692,10,2,10,10,1.0,0.0,99.0,0.0,0.0,0,0.9654,115.8488
1341.0,B,BLOCKED,1338.692,10,2,10,10,1.0,0.0,99.0,0.0,0.0,0,0.9737,116.8488
1342.0,B,BLOCKED,1339.692,10,2,10,10,1.0,0.0,99.0,0.0,0.0,0,0.9821,117.8488
1343.0,B,BLOCKED,1340.692,10,2,10,10,1.0,0.0,99.0,0.0,0.0,0,0.9904,118.8488
1344.0,B,BLOCKED,1341.692,10,2,10,10,1.0,0.0,99.0,0.0,0.0,0,0.9987,119.8488
1345.0,B,BLOCKED,1342.692,10,2,10,10,1.0,0.0,99.0,0.0,0.0,0,1.0071,120.8488
1346.0,B,BLOCKED,1343.692,10,2,10,10,1.0,0.0,99.0,0.0,0.0,0,1.0154,121.8488
1347.0,B,BLOCKED,1344.692,10,2,10,10,1.0,0.0,99.0,0.0,0.0,0,1.0237,122.8488
1348.0,B,BLOCKED,1345.692,10,2,10,10,1.0,0.0,99.0,0.0,0.0,0,1.0321,123.8488
1349.0,B,BLOCKED,1346.692,10,2,10,10,1.0,0.0,99.0,0.0,0.0,0,1.0404,124.8488
1350.0,B,BLOCKED,1347.692,10,2,10,10,1.0,0.0,99.0,0.0,0.0,0,1.0487,125.8488
1351.0,B,BLOCKED,1348.692,10,2,10,10,1.0,0.0,99.0,0.0,0.0,0,1.0571,126.8488
1352.0,B,BLOCKED,1349.692,10,2,10,10,1.0,0.0,99.0,0.0,0.0,0,1.0654,127.8488
1353.0,B,BLOCKED,1350.692,10,2,10,10,1.0,0.0,99.0,0.0,0.0,0,1.0737,128.8488
1354.0,B,BLOCKED,1351.692,10,2,10,10,1.0,0.0,99.0,0.0,0.0,0,1.0821,129.8488
1355.0,B,BLOCKED,1352.692,10,2,10,10,1.0,0.0,99.0,0.0,0.0,0,1.0904,130.8488
1356.0,B,BLOCKED,1353.692,10,2,10,10,1.0,0.0,99.0,0.0,0.0,0,1.0987,131.8488
1357.0,B,BLOCKED,1354.692,10,2,10,10,1.0,0.0,99.0,0.0,0.0,0,1.1071,132.8488
1358.0,B,BLOCKED,1355.692,10,2,10,10,1.0,0.0,99.0,0.0,0.0,0,1.1154,133.8488
1359.0,B,BLOCKED,1356.692,10,2,10,10,1.0,0.0,99.0,0.0,0.0,0,1.1237,134.8488
1360.0,B,BLOCKED,1357.692,10,2,10,10,1.0,0.0,99.0,0.0,0.0,0,1.1321,135.8488
1361.0,B,BLOCKED,1358.692,10,2,10,10,1.0,0.0,99.0,0.0,0.0,0,1.1404,136.8488
1362.0,B,BLOCKED,1359.692,10,2,10,10,1.0,0.0,99.0,0.0,0.0,0,1.1487,137.8488
1363.0,B,BLOCKED,1360.692,10,2,10,10,1.0,0.0,99.0,0.0,0.0,0,1.1571,138.8488
1364.0,B,BLOCKED,1361.692,10,2,10,10,1.0,0.0,99.0,0.0,0.0,0,1.1654,139.8488
1365.0,B,BLOCKED,1362.692,10,2,10,10,1.0,0.0,99.0,0.0,0.0,0,1.1737,140.8488
1366.0,B,BLOCKED,1363.692,10,2,10,10,1.0,0.0,99.0,0.0,0.0,0,1.1821,141.8488
1367.0,B,BLOCKED,1364.692,10,2,10,10,1.0,0.0,99.0,0.0,0.0,0,1.1904,142.8488
1368.0,B,BLOCKED,1365.692,10,2,10,10,1.0,0.0,99.0,0.0,0.0,0,1.1987,143.8488
1369.0,B,BLOCKED,1366.692,10,2,10,10,1.0,0.0,99.0,0.0,0.0,0,1.2071,144.8488
1370.0,B,BLOCKED,1367.692,10,2,10,10,1.0,0.0,99.0,0.0,0.0,0,1.2154,145.8488
1371.0,B,BLOCKED,1368.692,10,2,10,10,1.0,0.0,99.0,0.0,0.0,0,1.2237,146.8488
1372.0,B,BLOCKED,1369.692,10,2,10,10,1.0,0.0,99.0,0.0,0.0,0,1.2321,147.8488
1373.0,B,BLOCKED,1370.692,10,2,10,10,1.0,0.0,99.0,0.0,0.0,0,1.2404,148.8488
1374.0,B,BLOCKED,1371.692,10,2,10,10,1.0,0.0,99.0,0.0,0.0,0,1.2487,149.8488
1375.0,B,BLOCKED,1372.692,10,2,10,10,1.0,0.0,99.0,0.0,0.0,0,1.2571,150.8488
1376.0,B,BLOCKED,1373.692,10,2,10,10,1.0,0.0,99.0,0.0,0.0,0,1.2654,151.8488
1377.0,B,BLOCKED,1374.692,10,2,10,10,1.0,0.0,99.0,0.0,0.0,0,1.2737,152.8488
1378.0,B,BLOCKED,1375.692,10,2,10,10,1.0,0.0,99.0,0.0,0.0,0,1.2821,153.8488
1379.0,B,BLOCKED,1376.692,10,2,10,10,1.0,0.0,99.0,0.0,0.0,0,1.2904,154.8488
1380.0,B,BLOCKED,1377.692,10,2,10,10,1.0,0.0,99.0,0.0,0.0,0,1.2987,155.8488
1381.0,B,BLOCKED,1378.692,10,2,10,10,1.0,0.0,99.0,0.0,0.0,0,1.3071,156.8488
1382.0,B,BLOCKED,1379.692,10,2,10,10,1.0,0.0,99.0,0.0,0.0,0,1.3154,157.8488
1383.0,B,BLOCKED,1380.692,10,2,10,10,1.0,0.0,99.0,0.0,0.0,0,1.3237,158.8488
1384.0,B,BLOCKED,1381.692,10,2,10,10,1.0,0.0,99.0,0.0,0.0,0,1.3321,159.8488
1385.0,B,BLOCKED,1382.692,10,2,10,10,1.0,0.0,99.0,0.0,0.0,0,1.3404,160.8488
1386.0,B,BLOCKED,1383.692,10,2,10,10,1.0,0.0,99.0,0.0,0.0,0,1.3487,161.8488
1387.0,B,BLOCKED,1384.692,10,2,10,10,1.0,0.0,99.0,0.0,0.0,0,1.3571,162.8488
1388.0,B,BLOCKED,1385.692,10,2,10,10,1.0,0.0,99.0,0.0,0.0,0,1.3654,163.8488
1389.0,B,BLOCKED,1386.692,10,2,10,10,1.0,0.0,99.0,0.0,0.0,0,1.3737,164.8488
1390.0,B,BLOCKED,1387.692,10,2,10,10,1.0,0.0,99.0,0.0,0.0,0,1.3821,165.8488
1391.0,B,BLOCKED,1388.692,10,2,10,10,1.0,0.0,99.0,0.0,0.0,0,1.3904,166.8488
1392.0,B,BLOCKED,1389.692,10,2,10,10,1.0,0.0,99.0,0.0,0.0,0,1.3987,167.8488
1393.0,B,BLOCKED,1390.692,10,2,10,10,1.0,0.0,99.0,0.0,0.0,0,1.4071,168.8488
1394.0,B,BLOCKED,1391.692,10,2,10,10,1.0,0.0,99.0,0.0,0.0,0,1.4154,169.8488
1395.0,B,BLOCKED,1392.692,10,2,10,10,1.0,0.0,99.0,0.0,0.0,0,1.4237,170.8488
1396.0,B,BLOCKED,1393.692,10,2,10,10,1.0,0.0,99.0,0.0,0.0,0,1.4321,171.8488
1397.0,B,BLOCKED,1394.692,10,2,10,10,1.0,0.0,99.0,0.0,0.0,0,1.4404,172.8488
1398.0,B,BLOCKED,1395.692,10,2,10,10,1.0,0.0,99.0,0.0,0.0,0,1.4487,173.8488
1399.0,B,BLOCKED,1396.692,10,2,10,10,1.0,0.0,99.0,0.0,0.0,0,1.4571,174.8488
1400.0,B,BLOCKED,1397.692,10,2,10,10,1.0,0.0,99.0,0.0,0.0,0,1.4654,175.8488
1401.0,B,BLOCKED,1398.692,10,2,10,10,1.0,0.0,99.0,0.0,0.0,0,1.4737,176.8488
1402.0,B,BLOCKED,1399.692,10,2,10,10,1.0,0.0,99.0,0.0,0.0,0,1.4821,177.8488
1403.0,B,BLOCKED,1400.692,10,2,10,10,1.0,0.0,99.0,0.0,0.0,0,1.4904,178.8488
1404.0,B,BLOCKED,1401.692,10,2,10,10,1.0,0.0,99.0,0.0,0.0,0,1.4987,179.8488
1405.0,B,BLOCKED,1402.692,10,2,10,10,1.0,0.0,99.0,0.0,0.0,0,1.5071,180.8488
1406.0,B,BLOCKED,1403.692,10,2,10,10,1.0,0.0,99.0,0.0,0.0,0,1.5154,181.8488
1407.0,B,BLOCKED,1404.692,10,2,10,10,1.0,0.0,99.0,0.0,0.0,0,1.5237,182.8488
1408.0,B,BLOCKED,1405.692,10,2,10,10,1.0,0.0,99.0,0.0,0.0,0,1.5321,183.8488
1409.0,B,BLOCKED,1406.692,10,2,10,10,1.0,0.0,99.0,0.0,0.0,0,1.5404,184.8488
1410.0,B,BLOCKED,1407.692,10,2,10,10,1.0,0.0,99.0,0.0,0.0,0,1.5487,185.8488
1411.0,B,BLOCKED,1408.692,10,2,10,10,1.0,0.0,99.0,0.0,0.0,0,1.5571,186.8488
1412.0,B,BLOCKED,1409.692,10,2,10,10,1.0,0.0,99.0,0.0,0.0,0,1.5654,187.8488
1413.0,B,BLOCKED,1410.692,10,2,10,10,1.0,0.0,99.0,0.0,0.0,0,1.5737,188.8488
1414.0,B,BLOCKED,1411.692,10,2,10,10,1.0,0.0,99.0,0.0,0.0,0,1.5821,189.8488
1415.0,B,BLOCKED,1412.692,10,2,10,10,1.0,0.0,99.0,0.0,0.0,0,1.5904,190.8488
1416.0,B,BLOCKED,1413.692,10,2,10,10,1.0,0.0,99.0,0.0,0.0,0,1.5987,191.8488
1417.0,B,BLOCKED,1414.692,10,2,10,10,1.0,0.0,99.0,0.0,0.0,0,1.6071,192.8488
1418.0,B,BLOCKED,1415.692,10,2,10,10,1.0,0.0,99.0,0.0,0.0,0,1.6154,193.8488
1419.0,B,BLOCKED,1416.692,10,2,10,10,1.0,0.0,99.0,0.0,0.0,0,1.6237,194.8488
1420.0,B,BLOCKED,1417.692,10,2,10,10,1.0,0.0,99.0,0.0,0.0,0,1.6321,195.8488
1421.0,B,BLOCKED,1418.692,10,2,10,10,1.0,0.0,99.0,0.0,0.0,0,1.6404,196.8488
1422.0,B,BLOCKED,1419.692,10,2,10,10,1.0,0.0,99.0,0.0,0.0,0,1.6487,197.8488
1423.0,B,BLOCKED,1420.692,10,2,10,10,1.0,0.0,99.0,0.0,0.0,0,1.6571,198.8488
1424.0,B,BLOCKED,1421.692,10,2,10,10,1.0,0.0,99.0,0.0,0.0,0,1.6654,199.8488
1425.0,B,BLOCKED,1422.692,10,2,10,10,1.0,0.0,99.0,0.0,0.0,0,1.6737,200.8488
1426.0,B,BLOCKED,1423.696,10,2,10,10,1.0,0.0,99.0,0.0,0.0,0,1.6821,201.8528
1427.0,B,BLOCKED,1424.692,10,2,10,10,1.0,0.0,99.0,0.0,0.0,0,1.6904,202.8488
1428.0,B,BLOCKED,1425.692,10,2,10,10,1.0,0.0,99.0,0.0,0.0,0,1.6987,203.8488
1429.0,B,BLOCKED,1426.692,10,2,10,10,1.0,0.0,99.0,0.0,0.0,0,1.7071,204.8488
1430.0,B,BLOCKED,1427.696,10,2,10,10,1.0,0.0,99.0,0.0,0.0,0,1.7154,205.8528
1431.0,B,BLOCKED,1428.692,10,2,10,10,1.0,0.0,99.0,0.0,0.0,0,1.7237,206.8488
1432.0,B,BLOCKED,1429.692,10,2,10,10,1.0,0.0,99.0,0.0,0.0,0,1.7321,207.8488
1433.0,B,BLOCKED,1430.692,10,2,10,10,1.0,0.0,99.0,0.0,0.0,0,1.7404,208.8488
1434.0,B,BLOCKED,1431.692,10,2,10,10,1.0,0.0,99.0,0.0,0.0,0,1.7487,209.8488
1435.0,B,BLOCKED,1432.692,10,2,10,10,1.0,0.0,99.0,0.0,0.0,0,1.7571,210.8488
1436.0,B,BLOCKED,1433.692,10,2,10,10,1.0,0.0,99.0,0.0,0.0,0,1.7654,211.8488
1437.0,B,BLOCKED,1434.692,10,2,10,10,1.0,0.0,99.0,0.0,0.0,0,1.7737,212.8488
