ts,run_id,order_id,activity,state,battery_percent,temperature_c,condition_percent,payload_kg,motor_load,speed,distance_delta_m,cumulative_distance_m,cumulative_energy_wh,cumulative_charged_wh
4.0,run_20260915_165614,,idle,idle,29.996,22.0,100.0,0.0,0.0,0.0,0.0,0.0,0.0008,0.0
5.0,run_20260915_165614,,idle,idle,29.989,22.0,100.0,0.0,0.0,0.0,0.0,0.0,0.0025,0.0
6.0,run_20260915_165614,,idle,idle,29.981,22.0,100.0,0.0,0.0,0.0,0.0,0.0,0.0041,0.0
7.0,run_20260915_165614,,idle,idle,29.974,22.0,100.0,0.0,0.0,0.0,0.0,0.0,0.0058,0.0
8.0,run_20260915_165614,,idle,idle,29.966,22.0,100.0,0.0,0.0,0.0,0.0,0.0,0.0075,0.0
9.0,run_20260915_165614,,idle,idle,29.958,22.0,100.0,0.0,0.0,0.0,0.0,0.0,0.0091,0.0
10.0,run_20260915_165614,,idle,idle,29.951,22.0,100.0,0.0,0.0,0.0,0.0,0.0,0.0108,0.0
11.0,run_20260915_165614,,idle,idle,29.943,22.0,100.0,0.0,0.0,0.0,0.0,0.0,0.0125,0.0
12.0,run_20260915_165614,,idle,idle,29.936,22.0,100.0,0.0,0.0,0.0,0.0,0.0,0.0141,0.0
13.0,run_20260915_165614,,driving,driving,29.928,22.0,100.0,0.0,0.0,0.0,0.0,0.0,0.0158,0.0
14.0,run_20260915_165614,,driving,driving,29.914,22.033,100.0,0.0,0.881,0.491,0.2677,0.268,0.0188,0.0
15.0,run_20260915_165614,,driving,driving,29.896,22.066,100.0,0.0,0.897,0.5,0.4922,0.76,0.0229,0.0
16.0,run_20260915_165614,,driving,driving,29.877,22.099,100.0,0.0,0.892,0.497,0.4995,1.259,0.0271,0.0
17.0,run_20260915_165614,,driving,driving,29.858,22.132,100.0,0.0,0.897,0.5,0.5012,1.761,0.0313,0.0
18.0,run_20260915_165614,,driving,driving,29.839,22.164,100.0,0.0,0.888,0.495,0.4848,2.245,0.0354,0.0
19.0,run_20260915_165614,,driving,driving,29.82,22.197,100.0,0.0,0.895,0.499,0.4988,2.744,0.0395,0.0
20.0,run_20260915_165614,,driving,driving,29.801,22.23,100.0,0.0,0.893,0.497,0.4971,3.241,0.0437,0.0
21.0,run_20260915_165614,,driving,driving,29.783,22.262,100.0,0.0,0.864,0.481,0.4954,3.737,0.0478,0.0
22.0,run_20260915_165614,,driving,driving,29.764,22.295,99.999,0.0,0.891,0.496,0.4943,4.231,0.052,0.0
23.0,run_20260915_165614,,driving,driving,29.745,22.327,99.999,0.0,0.894,0.498,0.4822,4.713,0.056,0.0
24.0,run_20260915_165614,,driving,driving,29.726,22.36,99.999,0.0,0.886,0.494,0.5,5.213,0.0602,0.0
25.0,run_20260915_165614,,driving,driving,29.707,22.391,99.999,0.0,0.866,0.482,0.4984,5.712,0.0644,0.0
26.0,run_20260915_165614,,driving,driving,29.689,22.424,99.999,0.0,0.888,0.495,0.4956,6.207,0.0685,0.0
27.0,run_20260915_165614,,driving,driving,29.67,22.457,99.999,0.0,0.897,0.5,0.4845,6.692,0.0726,0.0
28.0,run_20260915_165614,,driving,driving,29.651,22.489,99.999,0.0,0.896,0.499,0.5028,7.194,0.0768,0.0
29.0,run_20260915_165614,,driving,driving,29.632,22.522,99.999,0.0,0.897,0.5,0.5037,7.698,0.081,0.0
30.0,run_20260915_165614,,driving,driving,29.613,22.555,99.999,0.0,0.897,0.5,0.5038,8.202,0.0852,0.0
31.0,run_20260915_165614,,driving,driving,29.594,22.587,99.999,0.0,0.897,0.5,0.504,8.706,0.0893,0.0
32.0,run_20260915_165614,,driving,driving,29.575,22.62,99.999,0.0,0.897,0.5,0.4852,9.191,0.0934,0.0
33.0,run_20260915_165614,,driving,driving,29.556,22.652,99.999,0.0,0.891,0.496,0.5038,9.695,0.0976,0.0
34.0,run_20260915_165614,,driving,driving,29.537,22.684,99.999,0.0,0.892,0.497,0.5029,10.198,0.1018,0.0
35.0,run_20260915_165614,,driving,driving,29.518,22.716,99.999,0.0,0.875,0.488,0.5001,10.698,0.106,0.0
36.0,run_20260915_165614,,driving,driving,29.5,22.746,99.999,0.0,0.844,0.47,0.4594,11.157,0.1099,0.0
37.0,run_20260915_165614,,driving,driving,29.482,22.776,99.999,0.0,0.831,0.463,0.4701,11.628,0.1139,0.0
38.0,run_20260915_165614,,driving,driving,29.464,22.808,99.999,0.0,0.88,0.49,0.4792,12.107,0.118,0.0
39.0,run_20260915_165614,,driving,driving,29.445,22.84,99.999,0.0,0.892,0.497,0.494,12.601,0.1221,0.0
40.0,run_20260915_165614,,driving,driving,29.426,22.872,99.999,0.0,0.882,0.491,0.4977,13.098,0.1263,0.0
41.0,run_20260915_165614,,driving,driving,29.407,22.903,99.999,0.0,0.869,0.484,0.4778,13.576,0.1304,0.0
42.0,run_20260915_165614,,driving,driving,29.389,22.935,99.999,0.0,0.894,0.498,0.4931,14.069,0.1345,0.0
43.0,run_20260915_165614,,driving,driving,29.37,22.964,99.999,0.0,0.808,0.45,0.4804,14.55,0.1386,0.0
44.0,run_20260915_165614,,driving,driving,29.354,22.981,99.999,0.0,0.503,0.281,0.3674,14.917,0.1421,0.0
45.0,run_20260915_165614,,loading,loading,29.345,22.98,99.999,0.0,0.0,0.0,0.0604,14.978,0.144,0.0
46.0,run_20260915_165614,,loading,loading,29.338,22.979,99.999,0.0,0.0,0.0,0.0,14.978,0.1457,0.0
47.0,run_20260915_165614,,loading,loading,29.33,22.978,99.999,0.0,0.0,0.0,0.0,14.978,0.1474,0.0
48.0,run_20260915_165614,,loading,loading,29.323,22.977,99.999,0.0,0.0,0.0,0.0,14.978,0.149,0.0
49.0,run_20260915_165614,,loading,loading,29.315,22.976,99.998,0.0,0.0,0.0,0.0,14.978,0.1507,0.0
50.0,run_20260915_165614,,loading,loading,29.307,22.975,99.998,0.0,0.0,0.0,0.0,14.978,0.1524,0.0
51.0,run_20260915_165614,,loading,loading,29.3,22.974,99.998,0.0,0.0,0.0,0.0,14.978,0.154,0.0
52.0,run_20260915_165614,,loading,loading,29.292,22.973,99.998,0.0,0.0,0.0,0.0,14.978,0.1557,0.0
53.0,run_20260915_165614,,loading,loading,29.285,22.972,99.998,0.0,0.0,0.0,0.0,14.978,0.1574,0.0
54.0,run_20260915_165614,,loading,loading,29.277,22.971,99.998,0.0,0.0,0.0,0.0,14.978,0.159,0.0
55.0,run_20260915_165614,,loading,loading,29.27,22.97,99.998,0.0,0.0,0.0,0.0,14.978,0.1607,0.0
56.0,run_20260915_165614,,loading,loading,29.262,22.969,99.998,0.0,0.0,0.0,0.0,14.978,0.1624,0.0
57.0,run_20260915_165614,,loading,loading,29.254,22.968,99.998,0.0,0.0,0.0,0.0,14.978,0.164,0.0
58.0,run_20260915_165614,,loading,loading,29.247,22.966,99.998,0.0,0.0,0.0,0.0,14.978,0.1657,0.0
59.0,run_20260915_165614,,loading,loading,29.239,22.965,99.998,0.0,0.0,0.0,0.0,14.978,0.1674,0.0
60.0,run_20260915_165614,,loading,loading,29.232,22.964,99.998,0.0,0.0,0.0,0.0,14.978,0.169,0.0
61.0,run_20260915_165614,,loading,loading,29.224,22.963,99.998,0.0,0.0,0.0,0.0,14.978,0.1707,0.0
62.0,run_20260915_165614,,loading,loading,29.217,22.962,99.998,0.0,0.0,0.0,0.0,14.978,0.1724,0.0
63.0,run_20260915_165614,,loading,loading,29.209,22.961,99.998,0.0,0.0,0.0,0.0,14.978,0.174,0.0
64.0,run_20260915_165614,,loading,loading,29.201,22.96,99.998,0.0,0.0,0.0,0.0,14.978,0.1757,0.0
65.0,run_20260915_165614,,loading,loading,29.194,22.959,99.998,0.0,0.0,0.0,0.0,14.978,0.1774,0.0
66.0,run_20260915_165614,,loading,loading,29.186,22.958,99.998,0.0,0.0,0.0,0.0,14.978,0.179,0.0
67.0,run_20260915_165614,,loading,loading,29.179,22.957,99.998,0.0,0.0,0.0,0.0,14.978,0.1807,0.0
68.0,run_20260915_165614,,loading,loading,29.171,22.956,99.998,0.0,0.0,0.0,0.0,14.978,0.1824,0.0
69.0,run_20260915_165614,,loading,loading,29.164,22.955,99.998,0.0,0.0,0.0,0.0,14.978,0.184,0.0
70.0,run_20260915_165614,,loading,loading,29.156,22.954,99.998,0.0,0.0,0.0,0.0,14.978,0.1857,0.0
71.0,run_20260915_165614,,loading,loading,29.148,22.953,99.998,0.0,0.0,0.0,0.0,14.978,0.1874,0.0
72.0,run_20260915_165614,,loading,loading,29.141,22.952,99.998,0.0,0.0,0.0,0.0,14.978,0.189,0.0
73.0,run_20260915_165614,,loading,loading,29.133,22.951,99.998,0.0,0.0,0.0,0.0,14.978,0.1907,0.0
74.0,run_20260915_165614,,loading,loading,29.126,22.95,99.998,0.0,0.0,0.0,0.0,14.978,0.1924,0.0
75.0,run_20260915_165614,,waiting,waiting,29.118,22.949,99.998,2.0,0.0,0.0,0.0,14.978,0.194,0.0
76.0,run_20260915_165614,,driving,driving,29.109,22.957,99.998,2.0,0.242,0.135,0.0546,15.032,0.1961,0.0
77.0,run_20260915_165614,,driving,driving,29.096,22.968,99.998,2.0,0.285,0.159,0.1639,15.196,0.199,0.0
78.0,run_20260915_165614,,driving,driving,29.086,22.967,99.998,2.0,0.007,0.004,0.0524,15.249,0.201,0.0
79.0,run_20260915_165614,,driving,driving,29.078,22.973,99.998,2.0,0.182,0.101,0.0365,15.285,0.2029,0.0
80.0,run_20260915_165614,,driving,driving,29.058,23.006,99.998,2.0,0.816,0.455,0.3578,15.643,0.2072,0.0
81.0,run_20260915_165614,,driving,driving,29.034,23.039,99.998,2.0,0.849,0.473,0.4914,16.134,0.2125,0.0
82.0,run_20260915_165614,,driving,driving,29.011,23.073,99.998,2.0,0.868,0.483,0.4775,16.612,0.2177,0.0
83.0,run_20260915_165614,,driving,driving,28.986,23.108,99.998,2.0,0.881,0.491,0.4995,17.111,0.223,0.0
84.0,run_20260915_165614,,driving,driving,28.964,23.141,99.998,2.0,0.847,0.472,0.4546,17.566,0.228,0.0
85.0,run_20260915_165614,,driving,driving,28.94,23.176,99.998,2.0,0.889,0.495,0.491,18.057,0.2332,0.0
86.0,run_20260915_165614,,driving,driving,28.916,23.211,99.998,2.0,0.886,0.494,0.4816,18.538,0.2384,0.0
87.0,run_20260915_165614,,driving,driving,28.892,23.246,99.998,2.0,0.895,0.499,0.5007,19.039,0.2438,0.0
88.0,run_20260915_165614,,driving,driving,28.868,23.281,99.998,2.0,0.893,0.498,0.499,19.538,0.2491,0.0
89.0,run_20260915_165614,,driving,driving,28.844,23.316,99.997,2.0,0.889,0.495,0.4951,20.033,0.2544,0.0
90.0,run_20260915_165614,,driving,driving,28.82,23.35,99.997,2.0,0.888,0.494,0.4808,20.514,0.2596,0.0
91.0,run_20260915_165614,,driving,driving,28.796,23.385,99.997,2.0,0.887,0.494,0.5005,21.014,0.2649,0.0
92.0,run_20260915_165614,,driving,driving,28.772,23.42,99.997,2.0,0.895,0.498,0.5029,21.517,0.2702,0.0
93.0,run_20260915_165614,,driving,driving,28.748,23.452,99.997,2.0,0.833,0.464,0.489,22.006,0.2755,0.0
94.0,run_20260915_165614,,driving,driving,28.724,23.486,99.997,2.0,0.867,0.483,0.4894,22.496,0.2807,0.0
95.0,run_20260915_165614,,driving,driving,28.7,23.52,99.997,2.0,0.884,0.492,0.4787,22.974,0.2859,0.0
96.0,run_20260915_165614,,driving,driving,28.676,23.554,99.997,2.0,0.868,0.484,0.5006,23.475,0.2912,0.0
97.0,run_20260915_165614,,driving,driving,28.652,23.588,99.997,2.0,0.887,0.494,0.5002,23.975,0.2966,0.0
98.0,run_20260915_165614,,driving,driving,28.628,23.623,99.997,2.0,0.897,0.5,0.5003,24.475,0.3019,0.0
99.0,run_20260915_165614,,driving,driving,28.604,23.657,99.997,2.0,0.886,0.494,0.4843,24.96,0.3071,0.0
100.0,run_20260915_165614,,driving,driving,28.58,23.692,99.997,2.0,0.897,0.5,0.5024,25.462,0.3124,0.0
101.0,run_20260915_165614,,driving,driving,28.555,23.727,99.997,2.0,0.897,0.5,0.5036,25.966,0.3178,0.0
102.0,run_20260915_165614,,driving,driving,28.531,23.761,99.997,2.0,0.897,0.5,0.5016,26.467,0.3231,0.0
103.0,run_20260915_165614,,driving,driving,28.507,23.796,99.997,2.0,0.894,0.498,0.5039,26.971,0.3285,0.0
104.0,run_20260915_165614,,driving,driving,28.483,23.83,99.997,2.0,0.893,0.497,0.4855,27.457,0.3337,0.0
105.0,run_20260915_165614,,driving,driving,28.459,23.865,99.997,2.0,0.897,0.5,0.5033,27.96,0.3391,0.0
106.0,run_20260915_165614,,driving,driving,28.435,23.899,99.997,2.0,0.883,0.492,0.4991,28.459,0.3444,0.0
107.0,run_20260915_165614,,driving,driving,28.41,23.933,99.997,2.0,0.897,0.5,0.4997,28.959,0.3497,0.0
108.0,run_20260915_165614,,driving,driving,28.387,23.967,99.996,2.0,0.897,0.5,0.4844,29.443,0.3549,0.0
109.0,run_20260915_165614,,driving,driving,28.363,24.002,99.996,2.0,0.894,0.498,0.4998,29.943,0.3602,0.0
110.0,run_20260915_165614,,driving,driving,28.338,24.036,99.996,2.0,0.897,0.5,0.5027,30.446,0.3656,0.0
111.0,run_20260915_165614,,driving,driving,28.314,24.07,99.996,2.0,0.897,0.5,0.5022,30.948,0.3709,0.0
112.0,run_20260915_165614,,driving,driving,28.29,24.104,99.996,2.0,0.892,0.497,0.5032,31.451,0.3763,0.0
113.0,run_20260915_165614,,driving,driving,28.266,24.138,99.996,2.0,0.885,0.493,0.4823,31.933,0.3815,0.0
114.0,run_20260915_165614,,driving,driving,28.242,24.171,99.996,2.0,0.881,0.491,0.5005,32.434,0.3868,0.0
115.0,run_20260915_165614,,driving,driving,28.22,24.194,99.996,2.0,0.624,0.348,0.4273,32.861,0.3916,0.0
116.0,run_20260915_165614,,loading,loading,28.207,24.192,99.996,2.0,0.0,0.0,0.1715,33.033,0.3945,0.0
117.0,run_20260915_165614,,loading,loading,28.199,24.19,99.996,2.0,0.0,0.0,0.0,33.033,0.3962,0.0
118.0,run_20260915_165614,,loading,loading,28.192,24.187,99.996,2.0,0.0,0.0,0.0,33.033,0.3979,0.0
119.0,run_20260915_165614,,loading,loading,28.184,24.185,99.996,2.0,0.0,0.0,0.0,33.033,0.3995,0.0
120.0,run_20260915_165614,,loading,loading,28.176,24.182,99.996,2.0,0.0,0.0,0.0,33.033,0.4012,0.0
121.0,run_20260915_165614,,loading,loading,28.169,24.18,99.996,2.0,0.0,0.0,0.0,33.033,0.4029,0.0
122.0,run_20260915_165614,,loading,loading,28.161,24.178,99.996,2.0,0.0,0.0,0.0,33.033,0.4045,0.0
123.0,run_20260915_165614,,loading,loading,28.154,24.175,99.996,2.0,0.0,0.0,0.0,33.033,0.4062,0.0
124.0,run_20260915_165614,,loading,loading,28.146,24.173,99.996,2.0,0.0,0.0,0.0,33.033,0.4079,0.0
125.0,run_20260915_165614,,loading,loading,28.139,24.17,99.996,2.0,0.0,0.0,0.0,33.033,0.4095,0.0
126.0,run_20260915_165614,,loading,loading,28.131,24.168,99.996,2.0,0.0,0.0,0.0,33.033,0.4112,0.0
127.0,run_20260915_165614,,loading,loading,28.123,24.166,99.996,2.0,0.0,0.0,0.0,33.033,0.4129,0.0
128.0,run_20260915_165614,,loading,loading,28.116,24.163,99.996,2.0,0.0,0.0,0.0,33.033,0.4145,0.0
129.0,run_20260915_165614,,loading,loading,28.108,24.161,99.996,2.0,0.0,0.0,0.0,33.033,0.4162,0.0
130.0,run_20260915_165614,,loading,loading,28.101,24.158,99.996,2.0,0.0,0.0,0.0,33.033,0.4179,0.0
131.0,run_20260915_165614,,loading,loading,28.093,24.156,99.996,2.0,0.0,0.0,0.0,33.033,0.4195,0.0
132.0,run_20260915_165614,,loading,loading,28.085,24.154,99.996,2.0,0.0,0.0,0.0,33.033,0.4212,0.0
133.0,run_20260915_165614,,loading,loading,28.078,24.151,99.996,2.0,0.0,0.0,0.0,33.033,0.4229,0.0
134.0,run_20260915_165614,,loading,loading,28.07,24.149,99.996,2.0,0.0,0.0,0.0,33.033,0.4245,0.0
135.0,run_20260915_165614,,loading,loading,28.063,24.147,99.996,2.0,0.0,0.0,0.0,33.033,0.4262,0.0
136.0,run_20260915_165614,,loading,loading,28.055,24.144,99.996,2.0,0.0,0.0,0.0,33.033,0.4279,0.0
137.0,run_20260915_165614,,loading,loading,28.048,24.142,99.996,2.0,0.0,0.0,0.0,33.033,0.4295,0.0
138.0,run_20260915_165614,,loading,loading,28.04,24.14,99.996,2.0,0.0,0.0,0.0,33.033,0.4312,0.0
139.0,run_20260915_165614,,loading,loading,28.032,24.137,99.996,2.0,0.0,0.0,0.0,33.033,0.4329,0.0
140.0,run_20260915_165614,,loading,loading,28.025,24.135,99.996,2.0,0.0,0.0,0.0,33.033,0.4345,0.0
141.0,run_20260915_165614,,loading,loading,28.017,24.133,99.996,2.0,0.0,0.0,0.0,33.033,0.4362,0.0
142.0,run_20260915_165614,,loading,loading,28.01,24.13,99.996,2.0,0.0,0.0,0.0,33.033,0.4379,0.0
143.0,run_20260915_165614,,loading,loading,28.002,24.128,99.996,2.0,0.0,0.0,0.0,33.033,0.4395,0.0
144.0,run_20260915_165614,,loading,loading,27.995,24.125,99.996,2.0,0.0,0.0,0.0,33.033,0.4412,0.0
145.0,run_20260915_165614,,loading,loading,27.987,24.123,99.996,2.0,0.0,0.0,0.0,33.033,0.4429,0.0
146.0,run_20260915_165614,,waiting,waiting,27.979,24.121,99.996,4.0,0.0,0.0,0.0,33.033,0.4445,0.0
147.0,run_20260915_165614,,driving,driving,27.972,24.12,99.996,4.0,0.041,0.023,0.0021,33.035,0.4462,0.0
148.0,run_20260915_165614,,driving,driving,27.957,24.134,99.996,4.0,0.361,0.201,0.1648,33.2,0.4495,0.0
149.0,run_20260915_165614,,driving,driving,27.941,24.139,99.995,4.0,0.172,0.096,0.1888,33.388,0.453,0.0
150.0,run_20260915_165614,,driving,driving,27.931,24.139,99.995,4.0,0.037,0.021,0.0574,33.446,0.4552,0.0
151.0,run_20260915_165614,,driving,driving,27.922,24.14,99.995,4.0,0.081,0.045,0.0315,33.477,0.4571,0.0
152.0,run_20260915_165614,,driving,driving,27.901,24.177,99.995,4.0,0.897,0.5,0.3017,33.779,0.4617,0.0
153.0,run_20260915_165614,,driving,driving,27.873,24.214,99.995,4.0,0.891,0.496,0.4824,34.261,0.468,0.0
154.0,run_20260915_165614,,driving,driving,27.843,24.252,99.995,4.0,0.893,0.498,0.4984,34.76,0.4745,0.0
155.0,run_20260915_165614,,driving,driving,27.814,24.286,99.995,4.0,0.825,0.46,0.4924,35.252,0.4809,0.0
156.0,run_20260915_165614,,driving,driving,27.788,24.316,99.995,4.0,0.734,0.409,0.4219,35.674,0.4867,0.0
157.0,run_20260915_165614,,driving,driving,27.76,24.351,99.995,4.0,0.854,0.476,0.4562,36.13,0.4927,0.0
158.0,run_20260915_165614,,driving,driving,27.735,24.384,99.995,4.0,0.79,0.44,0.4126,36.543,0.4984,0.0
159.0,run_20260915_165614,,driving,driving,27.706,24.42,99.995,4.0,0.875,0.488,0.4756,37.018,0.5046,0.0
160.0,run_20260915_165614,,driving,driving,27.677,24.457,99.995,4.0,0.885,0.493,0.4983,37.517,0.5111,0.0
161.0,run_20260915_165614,,driving,driving,27.648,24.491,99.995,4.0,0.842,0.469,0.4764,37.993,0.5173,0.0
162.0,run_20260915_165614,,driving,driving,27.62,24.528,99.995,4.0,0.882,0.491,0.4803,38.473,0.5236,0.0
163.0,run_20260915_165614,,driving,driving,27.591,24.564,99.995,4.0,0.877,0.489,0.4897,38.963,0.53,0.0
164.0,run_20260915_165614,,driving,driving,27.561,24.601,99.995,4.0,0.89,0.496,0.4973,39.46,0.5365,0.0
165.0,run_20260915_165614,,driving,driving,27.533,24.635,99.995,4.0,0.846,0.471,0.4847,39.945,0.5428,0.0
166.0,run_20260915_165614,,driving,driving,27.504,24.672,99.995,4.0,0.895,0.499,0.4858,40.431,0.5492,0.0
167.0,run_20260915_165614,,driving,driving,27.475,24.709,99.994,4.0,0.885,0.493,0.4835,40.914,0.5555,0.0
168.0,run_20260915_165614,,driving,driving,27.446,24.745,99.994,4.0,0.892,0.497,0.4959,41.41,0.562,0.0
169.0,run_20260915_165614,,driving,driving,27.416,24.782,99.994,4.0,0.896,0.499,0.4942,41.905,0.5684,0.0
170.0,run_20260915_165614,,driving,driving,27.387,24.815,99.994,4.0,0.806,0.449,0.491,42.396,0.5748,0.0
171.0,run_20260915_165614,,driving,driving,27.363,24.841,99.994,4.0,0.653,0.364,0.3882,42.784,0.5802,0.0
172.0,run_20260915_165614,,driving,driving,27.345,24.843,99.994,4.0,0.119,0.066,0.23,43.014,0.5841,0.0
173.0,run_20260915_165614,,driving,driving,27.336,24.846,99.994,4.0,0.139,0.077,0.037,43.051,0.5861,0.0
174.0,run_20260915_165614,,unloading,unloading,27.327,24.843,99.994,4.0,0.0,0.0,0.0267,43.078,0.588,0.0
175.0,run_20260915_165614,,unloading,unloading,27.32,24.839,99.994,4.0,0.0,0.0,0.0,43.078,0.5897,0.0
176.0,run_20260915_165614,,unloading,unloading,27.312,24.836,99.994,4.0,0.0,0.0,0.0,43.078,0.5914,0.0
177.0,run_20260915_165614,,unloading,unloading,27.304,24.833,99.994,4.0,0.0,0.0,0.0,43.078,0.593,0.0
178.0,run_20260915_165614,,unloading,unloading,27.297,24.83,99.994,4.0,0.0,0.0,0.0,43.078,0.5947,0.0
179.0,run_20260915_165614,,unloading,unloading,27.289,24.827,99.994,4.0,0.0,0.0,0.0,43.078,0.5964,0.0
180.0,run_20260915_165614,,unloading,unloading,27.282,24.824,99.994,4.0,0.0,0.0,0.0,43.078,0.598,0.0
181.0,run_20260915_165614,,unloading,unloading,27.274,24.821,99.994,4.0,0.0,0.0,0.0,43.078,0.5997,0.0
182.0,run_20260915_165614,,unloading,unloading,27.267,24.818,99.994,4.0,0.0,0.0,0.0,43.078,0.6014,0.0
183.0,run_20260915_165614,,unloading,unloading,27.259,24.815,99.994,4.0,0.0,0.0,0.0,43.078,0.603,0.0
184.0,run_20260915_165614,,unloading,unloading,27.251,24.811,99.994,4.0,0.0,0.0,0.0,43.078,0.6047,0.0
185.0,run_20260915_165614,,unloading,unloading,27.244,24.808,99.994,4.0,0.0,0.0,0.0,43.078,0.6064,0.0
186.0,run_20260915_165614,,unloading,unloading,27.236,24.805,99.994,4.0,0.0,0.0,0.0,43.078,0.608,0.0
187.0,run_20260915_165614,,unloading,unloading,27.229,24.802,99.994,4.0,0.0,0.0,0.0,43.078,0.6097,0.0
188.0,run_20260915_165614,,unloading,unloading,27.221,24.799,99.994,4.0,0.0,0.0,0.0,43.078,0.6114,0.0
189.0,run_20260915_165614,,unloading,unloading,27.214,24.796,99.994,4.0,0.0,0.0,0.0,43.078,0.613,0.0
190.0,run_20260915_165614,,unloading,unloading,27.206,24.793,99.994,4.0,0.0,0.0,0.0,43.078,0.6147,0.0
191.0,run_20260915_165614,,unloading,unloading,27.198,24.79,99.994,4.0,0.0,0.0,0.0,43.078,0.6164,0.0
192.0,run_20260915_165614,,unloading,unloading,27.191,24.787,99.994,4.0,0.0,0.0,0.0,43.078,0.618,0.0
193.0,run_20260915_165614,,unloading,unloading,27.183,24.784,99.994,4.0,0.0,0.0,0.0,43.078,0.6197,0.0
194.0,run_20260915_165614,,unloading,unloading,27.176,24.781,99.994,4.0,0.0,0.0,0.0,43.078,0.6214,0.0
195.0,run_20260915_165614,,unloading,unloading,27.168,24.778,99.994,4.0,0.0,0.0,0.0,43.078,0.623,0.0
196.0,run_20260915_165614,,unloading,unloading,27.16,24.775,99.994,4.0,0.0,0.0,0.0,43.078,0.6247,0.0
197.0,run_20260915_165614,,unloading,unloading,27.153,24.772,99.994,4.0,0.0,0.0,0.0,43.078,0.6264,0.0
198.0,run_20260915_165614,,unloading,unloading,27.145,24.768,99.994,4.0,0.0,0.0,0.0,43.078,0.628,0.0
199.0,run_20260915_165614,,unloading,unloading,27.138,24.765,99.994,4.0,0.0,0.0,0.0,43.078,0.6297,0.0
200.0,run_20260915_165614,,unloading,unloading,27.13,24.762,99.994,4.0,0.0,0.0,0.0,43.078,0.6314,0.0
201.0,run_20260915_165614,,unloading,unloading,27.123,24.759,99.994,4.0,0.0,0.0,0.0,43.078,0.633,0.0
202.0,run_20260915_165614,,unloading,unloading,27.115,24.756,99.994,4.0,0.0,0.0,0.0,43.078,0.6347,0.0
203.0,run_20260915_165614,,unloading,unloading,27.107,24.753,99.994,4.0,0.0,0.0,0.0,43.078,0.6364,0.0
204.0,run_20260915_165614,,waiting,waiting,27.1,24.75,99.994,0.0,0.0,0.0,0.0,43.078,0.638,0.0
205.0,run_20260915_165614,,driving,driving,27.092,24.752,99.994,0.0,0.141,0.078,0.0306,43.108,0.6398,0.0
206.0,run_20260915_165614,,driving,driving,27.083,24.753,99.994,0.0,0.098,0.054,0.0434,43.152,0.6417,0.0
207.0,run_20260915_165614,,driving,driving,27.069,24.782,99.994,0.0,0.878,0.489,0.2635,43.415,0.6447,0.0
208.0,run_20260915_165614,,driving,driving,27.05,24.812,99.994,0.0,0.892,0.497,0.5031,43.918,0.6489,0.0
209.0,run_20260915_165614,,driving,driving,27.032,24.84,99.993,0.0,0.828,0.461,0.4929,44.411,0.653,0.0
210.0,run_20260915_165614,,driving,driving,27.013,24.869,99.993,0.0,0.878,0.489,0.4935,44.904,0.6572,0.0
211.0,run_20260915_165614,,driving,driving,26.994,24.899,99.993,0.0,0.888,0.495,0.4946,45.399,0.6613,0.0
212.0,run_20260915_165614,,driving,driving,26.976,24.929,99.993,0.0,0.884,0.493,0.4835,45.883,0.6654,0.0
213.0,run_20260915_165614,,driving,driving,26.957,24.958,99.993,0.0,0.893,0.498,0.5025,46.385,0.6696,0.0
214.0,run_20260915_165614,,driving,driving,26.938,24.988,99.993,0.0,0.884,0.492,0.4982,46.883,0.6737,0.0
215.0,run_20260915_165614,,driving,driving,26.919,25.017,99.993,0.0,0.888,0.495,0.5026,47.386,0.6779,0.0
216.0,run_20260915_165614,,driving,driving,26.901,25.039,99.993,0.0,0.679,0.379,0.4434,47.829,0.6818,0.0
217.0,run_20260915_165614,,driving,driving,26.886,25.049,99.993,0.0,0.359,0.2,0.3208,48.15,0.6851,0.0
218.0,run_20260915_165614,,driving,driving,26.877,25.052,99.993,0.0,0.158,0.088,0.0749,48.225,0.6871,0.0
219.0,run_20260915_165614,,driving,driving,26.867,25.056,99.993,0.0,0.2,0.112,0.1079,48.333,0.6893,0.0
220.0,run_20260915_165614,,charging,charging,26.891,25.051,99.993,0.0,0.0,0.0,0.0065,48.333,0.6893,0.0053
221.0,run_20260915_165614,,charging,charging,26.915,25.046,99.993,0.0,0.0,0.0,0.0,48.333,0.6893,0.0106
222.0,run_20260915_165614,,charging,charging,26.939,25.041,99.993,0.0,0.0,0.0,0.0,48.333,0.6893,0.0158
223.0,run_20260915_165614,,charging,charging,26.963,25.036,99.993,0.0,0.0,0.0,0.0,48.333,0.6893,0.0211
224.0,run_20260915_165614,,charging,charging,26.987,25.031,99.993,0.0,0.0,0.0,0.0,48.333,0.6893,0.0264
225.0,run_20260915_165614,,charging,charging,27.011,25.026,99.993,0.0,0.0,0.0,0.0,48.333,0.6893,0.0317
226.0,run_20260915_165614,,charging,charging,27.035,25.021,99.993,0.0,0.0,0.0,0.0,48.333,0.6893,0.0369
227.0,run_20260915_165614,,charging,charging,27.059,25.016,99.993,0.0,0.0,0.0,0.0,48.333,0.6893,0.0422
228.0,run_20260915_165614,,charging,charging,27.083,25.011,99.993,0.0,0.0,0.0,0.0,48.333,0.6893,0.0475
229.0,run_20260915_165614,,charging,charging,27.107,25.006,99.993,0.0,0.0,0.0,0.0,48.333,0.6893,0.0528
230.0,run_20260915_165614,,charging,charging,27.131,25.001,99.993,0.0,0.0,0.0,0.0,48.333,0.6893,0.0581
231.0,run_20260915_165614,,charging,charging,27.155,24.996,99.993,0.0,0.0,0.0,0.0,48.333,0.6893,0.0633
232.0,run_20260915_165614,,charging,charging,27.179,24.991,99.993,0.0,0.0,0.0,0.0,48.333,0.6893,0.0686
233.0,run_20260915_165614,,charging,charging,27.203,24.986,99.993,0.0,0.0,0.0,0.0,48.333,0.6893,0.0739
234.0,run_20260915_165614,,charging,charging,27.227,24.981,99.993,0.0,0.0,0.0,0.0,48.333,0.6893,0.0792
235.0,run_20260915_165614,,charging,charging,27.251,24.976,99.993,0.0,0.0,0.0,0.0,48.333,0.6893,0.0844
236.0,run_20260915_165614,,charging,charging,27.275,24.971,99.993,0.0,0.0,0.0,0.0,48.333,0.6893,0.0897
237.0,run_20260915_165614,,charging,charging,27.299,24.966,99.993,0.0,0.0,0.0,0.0,48.333,0.6893,0.095
238.0,run_20260915_165614,,charging,charging,27.323,24.961,99.993,0.0,0.0,0.0,0.0,48.333,0.6893,0.1003
239.0,run_20260915_165614,,charging,charging,27.347,24.956,99.993,0.0,0.0,0.0,0.0,48.333,0.6893,0.1056
240.0,run_20260915_165614,,charging,charging,27.371,24.951,99.993,0.0,0.0,0.0,0.0,48.333,0.6893,0.1108
241.0,run_20260915_165614,,charging,charging,27.395,24.947,99.993,0.0,0.0,0.0,0.0,48.333,0.6893,0.1161
242.0,run_20260915_165614,,charging,charging,27.419,24.942,99.993,0.0,0.0,0.0,0.0,48.333,0.6893,0.1214
243.0,run_20260915_165614,,charging,charging,27.443,24.937,99.993,0.0,0.0,0.0,0.0,48.333,0.6893,0.1267
244.0,run_20260915_165614,,charging,charging,27.467,24.932,99.993,0.0,0.0,0.0,0.0,48.333,0.6893,0.1319
245.0,run_20260915_165614,,charging,charging,27.491,24.927,99.993,0.0,0.0,0.0,0.0,48.333,0.6893,0.1372
246.0,run_20260915_165614,,charging,charging,27.515,24.922,99.993,0.0,0.0,0.0,0.0,48.333,0.6893,0.1425
247.0,run_20260915_165614,,charging,charging,27.539,24.918,99.993,0.0,0.0,0.0,0.0,48.333,0.6893,0.1478
248.0,run_20260915_165614,,charging,charging,27.563,24.913,99.993,0.0,0.0,0.0,0.0,48.333,0.6893,0.1531
249.0,run_20260915_165614,,charging,charging,27.586,24.908,99.993,0.0,0.0,0.0,0.0,48.333,0.6893,0.1583
250.0,run_20260915_165614,,charging,charging,27.61,24.903,99.993,0.0,0.0,0.0,0.0,48.333,0.6893,0.1636
251.0,run_20260915_165614,,charging,charging,27.634,24.898,99.993,0.0,0.0,0.0,0.0,48.333,0.6893,0.1689
252.0,run_20260915_165614,,charging,charging,27.658,24.894,99.993,0.0,0.0,0.0,0.0,48.333,0.6893,0.1742
253.0,run_20260915_165614,,charging,charging,27.682,24.889,99.993,0.0,0.0,0.0,0.0,48.333,0.6893,0.1794
254.0,run_20260915_165614,,charging,charging,27.706,24.884,99.993,0.0,0.0,0.0,0.0,48.333,0.6893,0.1847
255.0,run_20260915_165614,,charging,charging,27.73,24.879,99.993,0.0,0.0,0.0,0.0,48.333,0.6893,0.19
256.0,run_20260915_165614,,charging,charging,27.754,24.875,99.993,0.0,0.0,0.0,0.0,48.333,0.6893,0.1953
257.0,run_20260915_165614,,charging,charging,27.778,24.87,99.993,0.0,0.0,0.0,0.0,48.333,0.6893,0.2006
258.0,run_20260915_165614,,charging,charging,27.802,24.865,99.993,0.0,0.0,0.0,0.0,48.333,0.6893,0.2058
259.0,run_20260915_165614,,charging,charging,27.826,24.86,99.993,0.0,0.0,0.0,0.0,48.333,0.6893,0.2111
260.0,run_20260915_165614,,charging,charging,27.85,24.856,99.993,0.0,0.0,0.0,0.0,48.333,0.6893,0.2164
261.0,run_20260915_165614,,charging,charging,27.874,24.851,99.993,0.0,0.0,0.0,0.0,48.333,0.6893,0.2217
262.0,run_20260915_165614,,charging,charging,27.898,24.846,99.993,0.0,0.0,0.0,0.0,48.333,0.6893,0.2269
263.0,run_20260915_165614,,charging,charging,27.922,24.842,99.993,0.0,0.0,0.0,0.0,48.333,0.6893,0.2322
264.0,run_20260915_165614,,charging,charging,27.946,24.837,99.993,0.0,0.0,0.0,0.0,48.333,0.6893,0.2375
265.0,run_20260915_165614,,charging,charging,27.97,24.832,99.993,0.0,0.0,0.0,0.0,48.333,0.6893,0.2428
266.0,run_20260915_165614,,charging,charging,27.994,24.827,99.993,0.0,0.0,0.0,0.0,48.333,0.6893,0.2481
267.0,run_20260915_165614,,charging,charging,28.018,24.823,99.993,0.0,0.0,0.0,0.0,48.333,0.6893,0.2533
268.0,run_20260915_165614,,charging,charging,28.042,24.818,99.993,0.0,0.0,0.0,0.0,48.333,0.6893,0.2586
269.0,run_20260915_165614,,charging,charging,28.066,24.813,99.993,0.0,0.0,0.0,0.0,48.333,0.6893,0.2639
270.0,run_20260915_165614,,charging,charging,28.09,24.809,99.993,0.0,0.0,0.0,0.0,48.333,0.6893,0.2692
271.0,run_20260915_165614,,charging,charging,28.114,24.804,99.993,0.0,0.0,0.0,0.0,48.333,0.6893,0.2744
272.0,run_20260915_165614,,charging,charging,28.138,24.8,99.993,0.0,0.0,0.0,0.0,48.333,0.6893,0.2797
273.0,run_20260915_165614,,charging,charging,28.162,24.795,99.993,0.0,0.0,0.0,0.0,48.333,0.6893,0.285
274.0,run_20260915_165614,,charging,charging,28.186,24.79,99.993,0.0,0.0,0.0,0.0,48.333,0.6893,0.2903
275.0,run_20260915_165614,,charging,charging,28.21,24.786,99.993,0.0,0.0,0.0,0.0,48.333,0.6893,0.2956
276.0,run_20260915_165614,,charging,charging,28.234,24.781,99.993,0.0,0.0,0.0,0.0,48.333,0.6893,0.3008
277.0,run_20260915_165614,,charging,charging,28.258,24.777,99.993,0.0,0.0,0.0,0.0,48.333,0.6893,0.3061
278.0,run_20260915_165614,,charging,charging,28.282,24.772,99.993,0.0,0.0,0.0,0.0,48.333,0.6893,0.3114
279.0,run_20260915_165614,,charging,charging,28.306,24.767,99.993,0.0,0.0,0.0,0.0,48.333,0.6893,0.3167
280.0,run_20260915_165614,,charging,charging,28.33,24.763,99.993,0.0,0.0,0.0,0.0,48.333,0.6893,0.3219
281.0,run_20260915_165614,,charging,charging,28.354,24.758,99.993,0.0,0.0,0.0,0.0,48.333,0.6893,0.3272
282.0,run_20260915_165614,,charging,charging,28.378,24.754,99.993,0.0,0.0,0.0,0.0,48.333,0.6893,0.3325
283.0,run_20260915_165614,,charging,charging,28.402,24.749,99.993,0.0,0.0,0.0,0.0,48.333,0.6893,0.3378
284.0,run_20260915_165614,,charging,charging,28.426,24.745,99.993,0.0,0.0,0.0,0.0,48.333,0.6893,0.3431
285.0,run_20260915_165614,,charging,charging,28.45,24.74,99.993,0.0,0.0,0.0,0.0,48.333,0.6893,0.3483
286.0,run_20260915_165614,,charging,charging,28.474,24.736,99.993,0.0,0.0,0.0,0.0,48.333,0.6893,0.3536
287.0,run_20260915_165614,,charging,charging,28.498,24.731,99.993,0.0,0.0,0.0,0.0,48.333,0.6893,0.3589
288.0,run_20260915_165614,,charging,charging,28.522,24.727,99.993,0.0,0.0,0.0,0.0,48.333,0.6893,0.3642
289.0,run_20260915_165614,,charging,charging,28.546,24.722,99.993,0.0,0.0,0.0,0.0,48.333,0.6893,0.3694
290.0,run_20260915_165614,,charging,charging,28.57,24.718,99.993,0.0,0.0,0.0,0.0,48.333,0.6893,0.3747
291.0,run_20260915_165614,,charging,charging,28.594,24.713,99.993,0.0,0.0,0.0,0.0,48.333,0.6893,0.38
292.0,run_20260915_165614,,charging,charging,28.618,24.709,99.993,0.0,0.0,0.0,0.0,48.333,0.6893,0.3853
293.0,run_20260915_165614,,charging,charging,28.642,24.704,99.993,0.0,0.0,0.0,0.0,48.333,0.6893,0.3906
294.0,run_20260915_165614,,charging,charging,28.666,24.7,99.993,0.0,0.0,0.0,0.0,48.333,0.6893,0.3958
295.0,run_20260915_165614,,charging,charging,28.69,24.695,99.993,0.0,0.0,0.0,0.0,48.333,0.6893,0.4011
296.0,run_20260915_165614,,charging,charging,28.714,24.691,99.993,0.0,0.0,0.0,0.0,48.333,0.6893,0.4064
297.0,run_20260915_165614,,charging,charging,28.738,24.686,99.993,0.0,0.0,0.0,0.0,48.333,0.6893,0.4117
298.0,run_20260915_165614,,charging,charging,28.762,24.682,99.993,0.0,0.0,0.0,0.0,48.333,0.6893,0.4169
299.0,run_20260915_165614,,charging,charging,28.786,24.677,99.993,0.0,0.0,0.0,0.0,48.333,0.6893,0.4222
300.0,run_20260915_165614,,charging,charging,28.81,24.673,99.993,0.0,0.0,0.0,0.0,48.333,0.6893,0.4275
301.0,run_20260915_165614,,charging,charging,28.834,24.669,99.993,0.0,0.0,0.0,0.0,48.333,0.6893,0.4328
302.0,run_20260915_165614,,charging,charging,28.858,24.664,99.993,0.0,0.0,0.0,0.0,48.333,0.6893,0.4381
303.0,run_20260915_165614,,charging,charging,28.882,24.66,99.993,0.0,0.0,0.0,0.0,48.333,0.6893,0.4433
304.0,run_20260915_165614,,charging,charging,28.906,24.655,99.993,0.0,0.0,0.0,0.0,48.333,0.6893,0.4486
305.0,run_20260915_165614,,charging,charging,28.93,24.651,99.993,0.0,0.0,0.0,0.0,48.333,0.6893,0.4539
306.0,run_20260915_165614,,charging,charging,28.954,24.647,99.993,0.0,0.0,0.0,0.0,48.333,0.6893,0.4592
307.0,run_20260915_165614,,charging,charging,28.978,24.642,99.993,0.0,0.0,0.0,0.0,48.333,0.6893,0.4644
308.0,run_20260915_165614,,charging,charging,29.002,24.638,99.993,0.0,0.0,0.0,0.0,48.333,0.6893,0.4697
309.0,run_20260915_165614,,charging,charging,29.026,24.634,99.993,0.0,0.0,0.0,0.0,48.333,0.6893,0.475
310.0,run_20260915_165614,,charging,charging,29.05,24.629,99.993,0.0,0.0,0.0,0.0,48.333,0.6893,0.4803
311.0,run_20260915_165614,,charging,charging,29.074,24.625,99.993,0.0,0.0,0.0,0.0,48.333,0.6893,0.4856
312.0,run_20260915_165614,,charging,charging,29.098,24.621,99.993,0.0,0.0,0.0,0.0,48.333,0.6893,0.4908
313.0,run_20260915_165614,,charging,charging,29.122,24.616,99.993,0.0,0.0,0.0,0.0,48.333,0.6893,0.4961
314.0,run_20260915_165614,,charging,charging,29.146,24.612,99.993,0.0,0.0,0.0,0.0,48.333,0.6893,0.5014
315.0,run_20260915_165614,,charging,charging,29.17,24.608,99.993,0.0,0.0,0.0,0.0,48.333,0.6893,0.5067
316.0,run_20260915_165614,,charging,charging,29.194,24.603,99.993,0.0,0.0,0.0,0.0,48.333,0.6893,0.5119
317.0,run_20260915_165614,,charging,charging,29.218,24.599,99.993,0.0,0.0,0.0,0.0,48.333,0.6893,0.5172
318.0,run_20260915_165614,,charging,charging,29.242,24.595,99.993,0.0,0.0,0.0,0.0,48.333,0.6893,0.5225
319.0,run_20260915_165614,,charging,charging,29.266,24.591,99.993,0.0,0.0,0.0,0.0,48.333,0.6893,0.5278
320.0,run_20260915_165614,,charging,charging,29.29,24.586,99.993,0.0,0.0,0.0,0.0,48.333,0.6893,0.5331
321.0,run_20260915_165614,,charging,charging,29.314,24.582,99.993,0.0,0.0,0.0,0.0,48.333,0.6893,0.5383
322.0,run_20260915_165614,,charging,charging,29.338,24.578,99.993,0.0,0.0,0.0,0.0,48.333,0.6893,0.5436
323.0,run_20260915_165614,,charging,charging,29.362,24.573,99.993,0.0,0.0,0.0,0.0,48.333,0.6893,0.5489
324.0,run_20260915_165614,,charging,charging,29.386,24.569,99.993,0.0,0.0,0.0,0.0,48.333,0.6893,0.5542
325.0,run_20260915_165614,,charging,charging,29.41,24.565,99.993,0.0,0.0,0.0,0.0,48.333,0.6893,0.5594
326.0,run_20260915_165614,,charging,charging,29.434,24.561,99.993,0.0,0.0,0.0,0.0,48.333,0.6893,0.5647
327.0,run_20260915_165614,,charging,charging,29.458,24.557,99.993,0.0,0.0,0.0,0.0,48.333,0.6893,0.57
328.0,run_20260915_165614,,charging,charging,29.482,24.552,99.993,0.0,0.0,0.0,0.0,48.333,0.6893,0.5753
329.0,run_20260915_165614,,charging,charging,29.506,24.548,99.993,0.0,0.0,0.0,0.0,48.333,0.6893,0.5806
330.0,run_20260915_165614,,charging,charging,29.53,24.544,99.993,0.0,0.0,0.0,0.0,48.333,0.6893,0.5858
331.0,run_20260915_165614,,charging,charging,29.554,24.54,99.993,0.0,0.0,0.0,0.0,48.333,0.6893,0.5911
332.0,run_20260915_165614,,charging,charging,29.578,24.535,99.993,0.0,0.0,0.0,0.0,48.333,0.6893,0.5964
333.0,run_20260915_165614,,charging,charging,29.602,24.531,99.993,0.0,0.0,0.0,0.0,48.333,0.6893,0.6017
334.0,run_20260915_165614,,charging,charging,29.626,24.527,99.993,0.0,0.0,0.0,0.0,48.333,0.6893,0.6069
335.0,run_20260915_165614,,charging,charging,29.65,24.523,99.993,0.0,0.0,0.0,0.0,48.333,0.6893,0.6122
336.0,run_20260915_165614,,charging,charging,29.674,24.519,99.993,0.0,0.0,0.0,0.0,48.333,0.6893,0.6175
337.0,run_20260915_165614,,charging,charging,29.698,24.515,99.993,0.0,0.0,0.0,0.0,48.333,0.6893,0.6228
338.0,run_20260915_165614,,charging,charging,29.722,24.51,99.993,0.0,0.0,0.0,0.0,48.333,0.6893,0.6281
339.0,run_20260915_165614,,charging,charging,29.746,24.506,99.993,0.0,0.0,0.0,0.0,48.333,0.6893,0.6333
340.0,run_20260915_165614,,charging,charging,29.77,24.502,99.993,0.0,0.0,0.0,0.0,48.333,0.6893,0.6386
341.0,run_20260915_165614,,charging,charging,29.794,24.498,99.993,0.0,0.0,0.0,0.0,48.333,0.6893,0.6439
342.0,run_20260915_165614,,charging,charging,29.818,24.494,99.993,0.0,0.0,0.0,0.0,48.333,0.6893,0.6492
343.0,run_20260915_165614,,charging,charging,29.842,24.49,99.993,0.0,0.0,0.0,0.0,48.333,0.6893,0.6544
344.0,run_20260915_165614,,charging,charging,29.866,24.486,99.993,0.0,0.0,0.0,0.0,48.333,0.6893,0.6597
345.0,run_20260915_165614,,charging,charging,29.89,24.482,99.993,0.0,0.0,0.0,0.0,48.333,0.6893,0.665
346.0,run_20260915_165614,,charging,charging,29.914,24.478,99.993,0.0,0.0,0.0,0.0,48.333,0.6893,0.6703
347.0,run_20260915_165614,,charging,charging,29.938,24.473,99.993,0.0,0.0,0.0,0.0,48.333,0.6893,0.6756
348.0,run_20260915_165614,,charging,charging,29.961,24.469,99.993,0.0,0.0,0.0,0.0,48.333,0.6893,0.6808
349.0,run_20260915_165614,,charging,charging,29.985,24.465,99.993,0.0,0.0,0.0,0.0,48.333,0.6893,0.6861
350.0,run_20260915_165614,,charging,charging,30.009,24.461,99.993,0.0,0.0,0.0,0.0,48.333,0.6893,0.6914
351.0,run_20260915_165614,,charging,charging,30.033,24.457,99.993,0.0,0.0,0.0,0.0,48.333,0.6893,0.6967
352.0,run_20260915_165614,,charging,charging,30.057,24.453,99.993,0.0,0.0,0.0,0.0,48.333,0.6893,0.7019
353.0,run_20260915_165614,,charging,charging,30.081,24.449,99.993,0.0,0.0,0.0,0.0,48.333,0.6893,0.7072
354.0,run_20260915_165614,,charging,charging,30.105,24.445,99.993,0.0,0.0,0.0,0.0,48.333,0.6893,0.7125
355.0,run_20260915_165614,,charging,charging,30.129,24.441,99.993,0.0,0.0,0.0,0.0,48.333,0.6893,0.7178
356.0,run_20260915_165614,,charging,charging,30.153,24.437,99.993,0.0,0.0,0.0,0.0,48.333,0.6893,0.7231
357.0,run_20260915_165614,,charging,charging,30.177,24.433,99.993,0.0,0.0,0.0,0.0,48.333,0.6893,0.7283
358.0,run_20260915_165614,,charging,charging,30.201,24.429,99.993,0.0,0.0,0.0,0.0,48.333,0.6893,0.7336
359.0,run_20260915_165614,,charging,charging,30.225,24.425,99.993,0.0,0.0,0.0,0.0,48.333,0.6893,0.7389
360.0,run_20260915_165614,,charging,charging,30.249,24.421,99.993,0.0,0.0,0.0,0.0,48.333,0.6893,0.7442
361.0,run_20260915_165614,,charging,charging,30.273,24.417,99.993,0.0,0.0,0.0,0.0,48.333,0.6893,0.7494
362.0,run_20260915_165614,,charging,charging,30.297,24.413,99.993,0.0,0.0,0.0,0.0,48.333,0.6893,0.7547
363.0,run_20260915_165614,,charging,charging,30.321,24.409,99.993,0.0,0.0,0.0,0.0,48.333,0.6893,0.76
364.0,run_20260915_165614,,charging,charging,30.345,24.405,99.993,0.0,0.0,0.0,0.0,48.333,0.6893,0.7653
365.0,run_20260915_165614,,charging,charging,30.369,24.401,99.993,0.0,0.0,0.0,0.0,48.333,0.6893,0.7706
366.0,run_20260915_165614,,charging,charging,30.393,24.397,99.993,0.0,0.0,0.0,0.0,48.333,0.6893,0.7758
367.0,run_20260915_165614,,charging,charging,30.417,24.393,99.993,0.0,0.0,0.0,0.0,48.333,0.6893,0.7811
368.0,run_20260915_165614,,charging,charging,30.441,24.389,99.993,0.0,0.0,0.0,0.0,48.333,0.6893,0.7864
369.0,run_20260915_165614,,charging,charging,30.465,24.385,99.993,0.0,0.0,0.0,0.0,48.333,0.6893,0.7917
370.0,run_20260915_165614,,charging,charging,30.489,24.381,99.993,0.0,0.0,0.0,0.0,48.333,0.6893,0.7969
371.0,run_20260915_165614,,charging,charging,30.513,24.377,99.993,0.0,0.0,0.0,0.0,48.333,0.6893,0.8022
372.0,run_20260915_165614,,charging,charging,30.537,24.373,99.993,0.0,0.0,0.0,0.0,48.333,0.6893,0.8075
373.0,run_20260915_165614,,charging,charging,30.561,24.37,99.993,0.0,0.0,0.0,0.0,48.333,0.6893,0.8128
374.0,run_20260915_165614,,charging,charging,30.585,24.366,99.993,0.0,0.0,0.0,0.0,48.333,0.6893,0.8181
375.0,run_20260915_165614,,charging,charging,30.609,24.362,99.993,0.0,0.0,0.0,0.0,48.333,0.6893,0.8233
376.0,run_20260915_165614,,charging,charging,30.633,24.358,99.993,0.0,0.0,0.0,0.0,48.333,0.6893,0.8286
377.0,run_20260915_165614,,charging,charging,30.657,24.354,99.993,0.0,0.0,0.0,0.0,48.333,0.6893,0.8339
378.0,run_20260915_165614,,charging,charging,30.681,24.35,99.993,0.0,0.0,0.0,0.0,48.333,0.6893,0.8392
379.0,run_20260915_165614,,charging,charging,30.705,24.346,99.993,0.0,0.0,0.0,0.0,48.333,0.6893,0.8444
380.0,run_20260915_165614,,charging,charging,30.729,24.342,99.993,0.0,0.0,0.0,0.0,48.333,0.6893,0.8497
381.0,run_20260915_165614,,charging,charging,30.753,24.338,99.993,0.0,0.0,0.0,0.0,48.333,0.6893,0.855
382.0,run_20260915_165614,,charging,charging,30.777,24.335,99.993,0.0,0.0,0.0,0.0,48.333,0.6893,0.8603
383.0,run_20260915_165614,,charging,charging,30.801,24.331,99.993,0.0,0.0,0.0,0.0,48.333,0.6893,0.8656
384.0,run_20260915_165614,,charging,charging,30.825,24.327,99.993,0.0,0.0,0.0,0.0,48.333,0.6893,0.8708
385.0,run_20260915_165614,,charging,charging,30.849,24.323,99.993,0.0,0.0,0.0,0.0,48.333,0.6893,0.8761
386.0,run_20260915_165614,,charging,charging,30.873,24.319,99.993,0.0,0.0,0.0,0.0,48.333,0.6893,0.8814
387.0,run_20260915_165614,,charging,charging,30.897,24.315,99.993,0.0,0.0,0.0,0.0,48.333,0.6893,0.8867
388.0,run_20260915_165614,,charging,charging,30.921,24.312,99.993,0.0,0.0,0.0,0.0,48.333,0.6893,0.8919
389.0,run_20260915_165614,,charging,charging,30.945,24.308,99.993,0.0,0.0,0.0,0.0,48.333,0.6893,0.8972
390.0,run_20260915_165614,,charging,charging,30.969,24.304,99.993,0.0,0.0,0.0,0.0,48.333,0.6893,0.9025
391.0,run_20260915_165614,,charging,charging,30.993,24.3,99.993,0.0,0.0,0.0,0.0,48.333,0.6893,0.9078
392.0,run_20260915_165614,,charging,charging,31.017,24.296,99.993,0.0,0.0,0.0,0.0,48.333,0.6893,0.9131
393.0,run_20260915_165614,,charging,charging,31.041,24.293,99.993,0.0,0.0,0.0,0.0,48.333,0.6893,0.9183
394.0,run_20260915_165614,,charging,charging,31.065,24.289,99.993,0.0,0.0,0.0,0.0,48.333,0.6893,0.9236
395.0,run_20260915_165614,,charging,charging,31.089,24.285,99.993,0.0,0.0,0.0,0.0,48.333,0.6893,0.9289
396.0,run_20260915_165614,,charging,charging,31.113,24.281,99.993,0.0,0.0,0.0,0.0,48.333,0.6893,0.9342
397.0,run_20260915_165614,,charging,charging,31.137,24.277,99.993,0.0,0.0,0.0,0.0,48.333,0.6893,0.9394
398.0,run_20260915_165614,,charging,charging,31.161,24.274,99.993,0.0,0.0,0.0,0.0,48.333,0.6893,0.9447
399.0,run_20260915_165614,,charging,charging,31.185,24.27,99.993,0.0,0.0,0.0,0.0,48.333,0.6893,0.95
400.0,run_20260915_165614,,charging,charging,31.209,24.266,99.993,0.0,0.0,0.0,0.0,48.333,0.6893,0.9553
401.0,run_20260915_165614,,charging,charging,31.233,24.262,99.993,0.0,0.0,0.0,0.0,48.333,0.6893,0.9606
402.0,run_20260915_165614,,charging,charging,31.257,24.259,99.993,0.0,0.0,0.0,0.0,48.333,0.6893,0.9658
403.0,run_20260915_165614,,charging,charging,31.281,24.255,99.993,0.0,0.0,0.0,0.0,48.333,0.6893,0.9711
404.0,run_20260915_165614,,charging,charging,31.305,24.251,99.993,0.0,0.0,0.0,0.0,48.333,0.6893,0.9764
405.0,run_20260915_165614,,charging,charging,31.329,24.248,99.993,0.0,0.0,0.0,0.0,48.333,0.6893,0.9817
406.0,run_20260915_165614,,charging,charging,31.353,24.244,99.993,0.0,0.0,0.0,0.0,48.333,0.6893,0.9869
407.0,run_20260915_165614,,charging,charging,31.377,24.24,99.993,0.0,0.0,0.0,0.0,48.333,0.6893,0.9922
408.0,run_20260915_165614,,charging,charging,31.401,24.236,99.993,0.0,0.0,0.0,0.0,48.333,0.6893,0.9975
409.0,run_20260915_165614,,charging,charging,31.425,24.233,99.993,0.0,0.0,0.0,0.0,48.333,0.6893,1.0028
410.0,run_20260915_165614,,charging,charging,31.449,24.229,99.993,0.0,0.0,0.0,0.0,48.333,0.6893,1.0081
411.0,run_20260915_165614,,charging,charging,31.473,24.225,99.993,0.0,0.0,0.0,0.0,48.333,0.6893,1.0133
412.0,run_20260915_165614,,charging,charging,31.497,24.222,99.993,0.0,0.0,0.0,0.0,48.333,0.6893,1.0186
413.0,run_20260915_165614,,charging,charging,31.521,24.218,99.993,0.0,0.0,0.0,0.0,48.333,0.6893,1.0239
414.0,run_20260915_165614,,charging,charging,31.545,24.214,99.993,0.0,0.0,0.0,0.0,48.333,0.6893,1.0292
415.0,run_20260915_165614,,charging,charging,31.569,24.211,99.993,0.0,0.0,0.0,0.0,48.333,0.6893,1.0344
416.0,run_20260915_165614,,charging,charging,31.593,24.207,99.993,0.0,0.0,0.0,0.0,48.333,0.6893,1.0397
417.0,run_20260915_165614,,charging,charging,31.617,24.203,99.993,0.0,0.0,0.0,0.0,48.333,0.6893,1.045
418.0,run_20260915_165614,,charging,charging,31.641,24.2,99.993,0.0,0.0,0.0,0.0,48.333,0.6893,1.0503
419.0,run_20260915_165614,,charging,charging,31.665,24.196,99.993,0.0,0.0,0.0,0.0,48.333,0.6893,1.0556
420.0,run_20260915_165614,,charging,charging,31.689,24.193,99.993,0.0,0.0,0.0,0.0,48.333,0.6893,1.0608
421.0,run_20260915_165614,,charging,charging,31.713,24.189,99.993,0.0,0.0,0.0,0.0,48.333,0.6893,1.0661
422.0,run_20260915_165614,,charging,charging,31.737,24.185,99.993,0.0,0.0,0.0,0.0,48.333,0.6893,1.0714
423.0,run_20260915_165614,,charging,charging,31.761,24.182,99.993,0.0,0.0,0.0,0.0,48.333,0.6893,1.0767
424.0,run_20260915_165614,,charging,charging,31.785,24.178,99.993,0.0,0.0,0.0,0.0,48.333,0.6893,1.0819
425.0,run_20260915_165614,,charging,charging,31.809,24.175,99.993,0.0,0.0,0.0,0.0,48.333,0.6893,1.0872
426.0,run_20260915_165614,,charging,charging,31.833,24.171,99.993,0.0,0.0,0.0,0.0,48.333,0.6893,1.0925
427.0,run_20260915_165614,,charging,charging,31.857,24.167,99.993,0.0,0.0,0.0,0.0,48.333,0.6893,1.0978
428.0,run_20260915_165614,,charging,charging,31.881,24.164,99.993,0.0,0.0,0.0,0.0,48.333,0.6893,1.1031
429.0,run_20260915_165614,,charging,charging,31.905,24.16,99.993,0.0,0.0,0.0,0.0,48.333,0.6893,1.1083
430.0,run_20260915_165614,,charging,charging,31.929,24.157,99.993,0.0,0.0,0.0,0.0,48.333,0.6893,1.1136
431.0,run_20260915_165614,,charging,charging,31.953,24.153,99.993,0.0,0.0,0.0,0.0,48.333,0.6893,1.1189
432.0,run_20260915_165614,,charging,charging,31.977,24.15,99.993,0.0,0.0,0.0,0.0,48.333,0.6893,1.1242
433.0,run_20260915_165614,,charging,charging,32.001,24.146,99.993,0.0,0.0,0.0,0.0,48.333,0.6893,1.1294
434.0,run_20260915_165614,,charging,charging,32.025,24.142,99.993,0.0,0.0,0.0,0.0,48.333,0.6893,1.1347
435.0,run_20260915_165614,,charging,charging,32.049,24.139,99.993,0.0,0.0,0.0,0.0,48.333,0.6893,1.14
436.0,run_20260915_165614,,charging,charging,32.073,24.135,99.993,0.0,0.0,0.0,0.0,48.333,0.6893,1.1453
437.0,run_20260915_165614,,charging,charging,32.097,24.132,99.993,0.0,0.0,0.0,0.0,48.333,0.6893,1.1506
438.0,run_20260915_165614,,charging,charging,32.121,24.128,99.993,0.0,0.0,0.0,0.0,48.333,0.6893,1.1558
439.0,run_20260915_165614,,charging,charging,32.145,24.125,99.993,0.0,0.0,0.0,0.0,48.333,0.6893,1.1611
440.0,run_20260915_165614,,charging,charging,32.169,24.121,99.993,0.0,0.0,0.0,0.0,48.333,0.6893,1.1664
441.0,run_20260915_165614,,charging,charging,32.193,24.118,99.993,0.0,0.0,0.0,0.0,48.333,0.6893,1.1717
442.0,run_20260915_165614,,charging,charging,32.217,24.114,99.993,0.0,0.0,0.0,0.0,48.333,0.6893,1.1769
443.0,run_20260915_165614,,charging,charging,32.241,24.111,99.993,0.0,0.0,0.0,0.0,48.333,0.6893,1.1822
444.0,run_20260915_165614,,charging,charging,32.265,24.107,99.993,0.0,0.0,0.0,0.0,48.333,0.6893,1.1875
445.0,run_20260915_165614,,charging,charging,32.289,24.104,99.993,0.0,0.0,0.0,0.0,48.333,0.6893,1.1928
446.0,run_20260915_165614,,charging,charging,32.313,24.1,99.993,0.0,0.0,0.0,0.0,48.333,0.6893,1.1981
447.0,run_20260915_165614,,charging,charging,32.336,24.097,99.993,0.0,0.0,0.0,0.0,48.333,0.6893,1.2033
448.0,run_20260915_165614,,charging,charging,32.36,24.093,99.993,0.0,0.0,0.0,0.0,48.333,0.6893,1.2086
449.0,run_20260915_165614,,charging,charging,32.384,24.09,99.993,0.0,0.0,0.0,0.0,48.333,0.6893,1.2139
450.0,run_20260915_165614,,charging,charging,32.408,24.087,99.993,0.0,0.0,0.0,0.0,48.333,0.6893,1.2192
451.0,run_20260915_165614,,charging,charging,32.432,24.083,99.993,0.0,0.0,0.0,0.0,48.333,0.6893,1.2244
452.0,run_20260915_165614,,charging,charging,32.456,24.08,99.993,0.0,0.0,0.0,0.0,48.333,0.6893,1.2297
453.0,run_20260915_165614,,charging,charging,32.48,24.076,99.993,0.0,0.0,0.0,0.0,48.333,0.6893,1.235
454.0,run_20260915_165614,,charging,charging,32.504,24.073,99.993,0.0,0.0,0.0,0.0,48.333,0.6893,1.2403
455.0,run_20260915_165614,,charging,charging,32.528,24.069,99.993,0.0,0.0,0.0,0.0,48.333,0.6893,1.2456
456.0,run_20260915_165614,,charging,charging,32.552,24.066,99.993,0.0,0.0,0.0,0.0,48.333,0.6893,1.2508
457.0,run_20260915_165614,,charging,charging,32.576,24.063,99.993,0.0,0.0,0.0,0.0,48.333,0.6893,1.2561
458.0,run_20260915_165614,,charging,charging,32.6,24.059,99.993,0.0,0.0,0.0,0.0,48.333,0.6893,1.2614
459.0,run_20260915_165614,,charging,charging,32.624,24.056,99.993,0.0,0.0,0.0,0.0,48.333,0.6893,1.2667
460.0,run_20260915_165614,,charging,charging,32.648,24.052,99.993,0.0,0.0,0.0,0.0,48.333,0.6893,1.2719
461.0,run_20260915_165614,,charging,charging,32.672,24.049,99.993,0.0,0.0,0.0,0.0,48.333,0.6893,1.2772
462.0,run_20260915_165614,,charging,charging,32.696,24.046,99.993,0.0,0.0,0.0,0.0,48.333,0.6893,1.2825
463.0,run_20260915_165614,,charging,charging,32.72,24.042,99.993,0.0,0.0,0.0,0.0,48.333,0.6893,1.2878
464.0,run_20260915_165614,,charging,charging,32.744,24.039,99.993,0.0,0.0,0.0,0.0,48.333,0.6893,1.2931
465.0,run_20260915_165614,,charging,charging,32.768,24.036,99.993,0.0,0.0,0.0,0.0,48.333,0.6893,1.2983
466.0,run_20260915_165614,,charging,charging,32.792,24.032,99.993,0.0,0.0,0.0,0.0,48.333,0.6893,1.3036
467.0,run_20260915_165614,,charging,charging,32.816,24.029,99.993,0.0,0.0,0.0,0.0,48.333,0.6893,1.3089
468.0,run_20260915_165614,,charging,charging,32.84,24.025,99.993,0.0,0.0,0.0,0.0,48.333,0.6893,1.3142
469.0,run_20260915_165614,,charging,charging,32.864,24.022,99.993,0.0,0.0,0.0,0.0,48.333,0.6893,1.3194
470.0,run_20260915_165614,,charging,charging,32.888,24.019,99.993,0.0,0.0,0.0,0.0,48.333,0.6893,1.3247
471.0,run_20260915_165614,,charging,charging,32.912,24.015,99.993,0.0,0.0,0.0,0.0,48.333,0.6893,1.33
472.0,run_20260915_165614,,charging,charging,32.936,24.012,99.993,0.0,0.0,0.0,0.0,48.333,0.6893,1.3353
473.0,run_20260915_165614,,charging,charging,32.96,24.009,99.993,0.0,0.0,0.0,0.0,48.333,0.6893,1.3406
474.0,run_20260915_165614,,charging,charging,32.984,24.006,99.993,0.0,0.0,0.0,0.0,48.333,0.6893,1.3458
475.0,run_20260915_165614,,charging,charging,33.008,24.002,99.993,0.0,0.0,0.0,0.0,48.333,0.6893,1.3511
476.0,run_20260915_165614,,charging,charging,33.032,23.999,99.993,0.0,0.0,0.0,0.0,48.333,0.6893,1.3564
477.0,run_20260915_165614,,charging,charging,33.056,23.996,99.993,0.0,0.0,0.0,0.0,48.333,0.6893,1.3617
478.0,run_20260915_165614,,charging,charging,33.08,23.992,99.993,0.0,0.0,0.0,0.0,48.333,0.6893,1.3669
479.0,run_20260915_165614,,charging,charging,33.104,23.989,99.993,0.0,0.0,0.0,0.0,48.333,0.6893,1.3722
480.0,run_20260915_165614,,charging,charging,33.128,23.986,99.993,0.0,0.0,0.0,0.0,48.333,0.6893,1.3775
481.0,run_20260915_165614,,charging,charging,33.152,23.982,99.993,0.0,0.0,0.0,0.0,48.333,0.6893,1.3828
482.0,run_20260915_165614,,charging,charging,33.176,23.979,99.993,0.0,0.0,0.0,0.0,48.333,0.6893,1.3881
483.0,run_20260915_165614,,charging,charging,33.2,23.976,99.993,0.0,0.0,0.0,0.0,48.333,0.6893,1.3933
484.0,run_20260915_165614,,charging,charging,33.224,23.973,99.993,0.0,0.0,0.0,0.0,48.333,0.6893,1.3986
485.0,run_20260915_165614,,charging,charging,33.248,23.969,99.993,0.0,0.0,0.0,0.0,48.333,0.6893,1.4039
486.0,run_20260915_165614,,charging,charging,33.272,23.966,99.993,0.0,0.0,0.0,0.0,48.333,0.6893,1.4092
487.0,run_20260915_165614,,charging,charging,33.296,23.963,99.993,0.0,0.0,0.0,0.0,48.333,0.6893,1.4144
488.0,run_20260915_165614,,charging,charging,33.32,23.96,99.993,0.0,0.0,0.0,0.0,48.333,0.6893,1.4197
489.0,run_20260915_165614,,charging,charging,33.344,23.956,99.993,0.0,0.0,0.0,0.0,48.333,0.6893,1.425
490.0,run_20260915_165614,,charging,charging,33.368,23.953,99.993,0.0,0.0,0.0,0.0,48.333,0.6893,1.4303
491.0,run_20260915_165614,,charging,charging,33.392,23.95,99.993,0.0,0.0,0.0,0.0,48.333,0.6893,1.4356
492.0,run_20260915_165614,,charging,charging,33.416,23.947,99.993,0.0,0.0,0.0,0.0,48.333,0.6893,1.4408
493.0,run_20260915_165614,,charging,charging,33.44,23.944,99.993,0.0,0.0,0.0,0.0,48.333,0.6893,1.4461
494.0,run_20260915_165614,,charging,charging,33.464,23.94,99.993,0.0,0.0,0.0,0.0,48.333,0.6893,1.4514
495.0,run_20260915_165614,,charging,charging,33.488,23.937,99.993,0.0,0.0,0.0,0.0,48.333,0.6893,1.4567
496.0,run_20260915_165614,,charging,charging,33.512,23.934,99.993,0.0,0.0,0.0,0.0,48.333,0.6893,1.4619
497.0,run_20260915_165614,,charging,charging,33.536,23.931,99.993,0.0,0.0,0.0,0.0,48.333,0.6893,1.4672
498.0,run_20260915_165614,,charging,charging,33.56,23.928,99.993,0.0,0.0,0.0,0.0,48.333,0.6893,1.4725
499.0,run_20260915_165614,,charging,charging,33.584,23.924,99.993,0.0,0.0,0.0,0.0,48.333,0.6893,1.4778
500.0,run_20260915_165614,,charging,charging,33.608,23.921,99.993,0.0,0.0,0.0,0.0,48.333,0.6893,1.4831
501.0,run_20260915_165614,,charging,charging,33.632,23.918,99.993,0.0,0.0,0.0,0.0,48.333,0.6893,1.4883
502.0,run_20260915_165614,,charging,charging,33.656,23.915,99.993,0.0,0.0,0.0,0.0,48.333,0.6893,1.4936
503.0,run_20260915_165614,,charging,charging,33.68,23.912,99.993,0.0,0.0,0.0,0.0,48.333,0.6893,1.4989
504.0,run_20260915_165614,,charging,charging,33.704,23.909,99.993,0.0,0.0,0.0,0.0,48.333,0.6893,1.5042
505.0,run_20260915_165614,,charging,charging,33.728,23.905,99.993,0.0,0.0,0.0,0.0,48.333,0.6893,1.5094
506.0,run_20260915_165614,,charging,charging,33.752,23.902,99.993,0.0,0.0,0.0,0.0,48.333,0.6893,1.5147
507.0,run_20260915_165614,,charging,charging,33.776,23.899,99.993,0.0,0.0,0.0,0.0,48.333,0.6893,1.52
508.0,run_20260915_165614,,charging,charging,33.8,23.896,99.993,0.0,0.0,0.0,0.0,48.333,0.6893,1.5253
509.0,run_20260915_165614,,charging,charging,33.824,23.893,99.993,0.0,0.0,0.0,0.0,48.333,0.6893,1.5306
510.0,run_20260915_165614,,charging,charging,33.848,23.89,99.993,0.0,0.0,0.0,0.0,48.333,0.6893,1.5358
511.0,run_20260915_165614,,charging,charging,33.872,23.887,99.993,0.0,0.0,0.0,0.0,48.333,0.6893,1.5411
512.0,run_20260915_165614,,charging,charging,33.896,23.884,99.993,0.0,0.0,0.0,0.0,48.333,0.6893,1.5464
513.0,run_20260915_165614,,charging,charging,33.92,23.88,99.993,0.0,0.0,0.0,0.0,48.333,0.6893,1.5517
514.0,run_20260915_165614,,charging,charging,33.944,23.877,99.993,0.0,0.0,0.0,0.0,48.333,0.6893,1.5569
515.0,run_20260915_165614,,charging,charging,33.968,23.874,99.993,0.0,0.0,0.0,0.0,48.333,0.6893,1.5622
516.0,run_20260915_165614,,charging,charging,33.992,23.871,99.993,0.0,0.0,0.0,0.0,48.333,0.6893,1.5675
517.0,run_20260915_165614,,charging,charging,34.016,23.868,99.993,0.0,0.0,0.0,0.0,48.333,0.6893,1.5728
518.0,run_20260915_165614,,charging,charging,34.04,23.865,99.993,0.0,0.0,0.0,0.0,48.333,0.6893,1.5781
519.0,run_20260915_165614,,charging,charging,34.064,23.862,99.993,0.0,0.0,0.0,0.0,48.333,0.6893,1.5833
520.0,run_20260915_165614,,charging,charging,34.088,23.859,99.993,0.0,0.0,0.0,0.0,48.333,0.6893,1.5886
521.0,run_20260915_165614,,charging,charging,34.112,23.856,99.993,0.0,0.0,0.0,0.0,48.333,0.6893,1.5939
522.0,run_20260915_165614,,charging,charging,34.136,23.853,99.993,0.0,0.0,0.0,0.0,48.333,0.6893,1.5992
523.0,run_20260915_165614,,charging,charging,34.16,23.85,99.993,0.0,0.0,0.0,0.0,48.333,0.6893,1.6044
524.0,run_20260915_165614,,charging,charging,34.184,23.847,99.993,0.0,0.0,0.0,0.0,48.333,0.6893,1.6097
525.0,run_20260915_165614,,charging,charging,34.208,23.844,99.993,0.0,0.0,0.0,0.0,48.333,0.6893,1.615
526.0,run_20260915_165614,,charging,charging,34.232,23.84,99.993,0.0,0.0,0.0,0.0,48.333,0.6893,1.6203
527.0,run_20260915_165614,,charging,charging,34.256,23.837,99.993,0.0,0.0,0.0,0.0,48.333,0.6893,1.6256
528.0,run_20260915_165614,,charging,charging,34.28,23.834,99.993,0.0,0.0,0.0,0.0,48.333,0.6893,1.6308
529.0,run_20260915_165614,,charging,charging,34.304,23.831,99.993,0.0,0.0,0.0,0.0,48.333,0.6893,1.6361
530.0,run_20260915_165614,,charging,charging,34.328,23.828,99.993,0.0,0.0,0.0,0.0,48.333,0.6893,1.6414
531.0,run_20260915_165614,,charging,charging,34.352,23.825,99.993,0.0,0.0,0.0,0.0,48.333,0.6893,1.6467
532.0,run_20260915_165614,,charging,charging,34.376,23.822,99.993,0.0,0.0,0.0,0.0,48.333,0.6893,1.6519
533.0,run_20260915_165614,,charging,charging,34.4,23.819,99.993,0.0,0.0,0.0,0.0,48.333,0.6893,1.6572
534.0,run_20260915_165614,,charging,charging,34.424,23.816,99.993,0.0,0.0,0.0,0.0,48.333,0.6893,1.6625
535.0,run_20260915_165614,,charging,charging,34.448,23.813,99.993,0.0,0.0,0.0,0.0,48.333,0.6893,1.6678
536.0,run_20260915_165614,,charging,charging,34.472,23.81,99.993,0.0,0.0,0.0,0.0,48.333,0.6893,1.6731
537.0,run_20260915_165614,,charging,charging,34.496,23.807,99.993,0.0,0.0,0.0,0.0,48.333,0.6893,1.6783
538.0,run_20260915_165614,,charging,charging,34.52,23.804,99.993,0.0,0.0,0.0,0.0,48.333,0.6893,1.6836
539.0,run_20260915_165614,,charging,charging,34.544,23.801,99.993,0.0,0.0,0.0,0.0,48.333,0.6893,1.6889
540.0,run_20260915_165614,,charging,charging,34.568,23.798,99.993,0.0,0.0,0.0,0.0,48.333,0.6893,1.6942
541.0,run_20260915_165614,,charging,charging,34.592,23.795,99.993,0.0,0.0,0.0,0.0,48.333,0.6893,1.6994
542.0,run_20260915_165614,,charging,charging,34.616,23.792,99.993,0.0,0.0,0.0,0.0,48.333,0.6893,1.7047
543.0,run_20260915_165614,,charging,charging,34.64,23.79,99.993,0.0,0.0,0.0,0.0,48.333,0.6893,1.71
544.0,run_20260915_165614,,charging,charging,34.664,23.787,99.993,0.0,0.0,0.0,0.0,48.333,0.6893,1.7153
545.0,run_20260915_165614,,charging,charging,34.688,23.784,99.993,0.0,0.0,0.0,0.0,48.333,0.6893,1.7206
546.0,run_20260915_165614,,charging,charging,34.711,23.781,99.993,0.0,0.0,0.0,0.0,48.333,0.6893,1.7258
547.0,run_20260915_165614,,charging,charging,34.735,23.778,99.993,0.0,0.0,0.0,0.0,48.333,0.6893,1.7311
548.0,run_20260915_165614,,charging,charging,34.759,23.775,99.993,0.0,0.0,0.0,0.0,48.333,0.6893,1.7364
549.0,run_20260915_165614,,charging,charging,34.783,23.772,99.993,0.0,0.0,0.0,0.0,48.333,0.6893,1.7417
550.0,run_20260915_165614,,charging,charging,34.807,23.769,99.993,0.0,0.0,0.0,0.0,48.333,0.6893,1.7469
551.0,run_20260915_165614,,charging,charging,34.831,23.766,99.993,0.0,0.0,0.0,0.0,48.333,0.6893,1.7522
552.0,run_20260915_165614,,charging,charging,34.855,23.763,99.993,0.0,0.0,0.0,0.0,48.333,0.6893,1.7575
553.0,run_20260915_165614,,charging,charging,34.879,23.76,99.993,0.0,0.0,0.0,0.0,48.333,0.6893,1.7628
554.0,run_20260915_165614,,charging,charging,34.903,23.757,99.993,0.0,0.0,0.0,0.0,48.333,0.6893,1.7681
555.0,run_20260915_165614,,charging,charging,34.927,23.754,99.993,0.0,0.0,0.0,0.0,48.333,0.6893,1.7733
556.0,run_20260915_165614,,charging,charging,34.951,23.752,99.993,0.0,0.0,0.0,0.0,48.333,0.6893,1.7786
557.0,run_20260915_165614,,charging,charging,34.975,23.749,99.993,0.0,0.0,0.0,0.0,48.333,0.6893,1.7839
558.0,run_20260915_165614,,charging,charging,34.999,23.746,99.993,0.0,0.0,0.0,0.0,48.333,0.6893,1.7892
559.0,run_20260915_165614,,charging,charging,35.023,23.743,99.993,0.0,0.0,0.0,0.0,48.333,0.6893,1.7944
560.0,run_20260915_165614,,charging,charging,35.047,23.74,99.993,0.0,0.0,0.0,0.0,48.333,0.6893,1.7997
561.0,run_20260915_165614,,charging,charging,35.071,23.737,99.993,0.0,0.0,0.0,0.0,48.333,0.6893,1.805
562.0,run_20260915_165614,,charging,charging,35.095,23.734,99.993,0.0,0.0,0.0,0.0,48.333,0.6893,1.8103
563.0,run_20260915_165614,,charging,charging,35.119,23.731,99.993,0.0,0.0,0.0,0.0,48.333,0.6893,1.8156
564.0,run_20260915_165614,,charging,charging,35.143,23.729,99.993,0.0,0.0,0.0,0.0,48.333,0.6893,1.8208
565.0,run_20260915_165614,,charging,charging,35.167,23.726,99.993,0.0,0.0,0.0,0.0,48.333,0.6893,1.8261
566.0,run_20260915_165614,,charging,charging,35.191,23.723,99.993,0.0,0.0,0.0,0.0,48.333,0.6893,1.8314
567.0,run_20260915_165614,,charging,charging,35.215,23.72,99.993,0.0,0.0,0.0,0.0,48.333,0.6893,1.8367
568.0,run_20260915_165614,,charging,charging,35.239,23.717,99.993,0.0,0.0,0.0,0.0,48.333,0.6893,1.8419
569.0,run_20260915_165614,,charging,charging,35.263,23.714,99.993,0.0,0.0,0.0,0.0,48.333,0.6893,1.8472
570.0,run_20260915_165614,,charging,charging,35.287,23.711,99.993,0.0,0.0,0.0,0.0,48.333,0.6893,1.8525
571.0,run_20260915_165614,,charging,charging,35.311,23.709,99.993,0.0,0.0,0.0,0.0,48.333,0.6893,1.8578
572.0,run_20260915_165614,,charging,charging,35.335,23.706,99.993,0.0,0.0,0.0,0.0,48.333,0.6893,1.8631
573.0,run_20260915_165614,,charging,charging,35.359,23.703,99.993,0.0,0.0,0.0,0.0,48.333,0.6893,1.8683
574.0,run_20260915_165614,,charging,charging,35.383,23.7,99.993,0.0,0.0,0.0,0.0,48.333,0.6893,1.8736
575.0,run_20260915_165614,,charging,charging,35.407,23.697,99.993,0.0,0.0,0.0,0.0,48.333,0.6893,1.8789
576.0,run_20260915_165614,,charging,charging,35.431,23.695,99.993,0.0,0.0,0.0,0.0,48.333,0.6893,1.8842
577.0,run_20260915_165614,,charging,charging,35.455,23.692,99.993,0.0,0.0,0.0,0.0,48.333,0.6893,1.8894
578.0,run_20260915_165614,,charging,charging,35.479,23.689,99.993,0.0,0.0,0.0,0.0,48.333,0.6893,1.8947
579.0,run_20260915_165614,,charging,charging,35.503,23.686,99.993,0.0,0.0,0.0,0.0,48.333,0.6893,1.9
580.0,run_20260915_165614,,charging,charging,35.527,23.683,99.993,0.0,0.0,0.0,0.0,48.333,0.6893,1.9053
581.0,run_20260915_165614,,charging,charging,35.551,23.681,99.993,0.0,0.0,0.0,0.0,48.333,0.6893,1.9106
582.0,run_20260915_165614,,charging,charging,35.575,23.678,99.993,0.0,0.0,0.0,0.0,48.333,0.6893,1.9158
583.0,run_20260915_165614,,charging,charging,35.599,23.675,99.993,0.0,0.0,0.0,0.0,48.333,0.6893,1.9211
584.0,run_20260915_165614,,charging,charging,35.623,23.672,99.993,0.0,0.0,0.0,0.0,48.333,0.6893,1.9264
585.0,run_20260915_165614,,charging,charging,35.647,23.67,99.993,0.0,0.0,0.0,0.0,48.333,0.6893,1.9317
586.0,run_20260915_165614,,charging,charging,35.671,23.667,99.993,0.0,0.0,0.0,0.0,48.333,0.6893,1.9369
587.0,run_20260915_165614,,charging,charging,35.695,23.664,99.993,0.0,0.0,0.0,0.0,48.333,0.6893,1.9422
588.0,run_20260915_165614,,charging,charging,35.719,23.661,99.993,0.0,0.0,0.0,0.0,48.333,0.6893,1.9475
589.0,run_20260915_165614,,charging,charging,35.743,23.659,99.993,0.0,0.0,0.0,0.0,48.333,0.6893,1.9528
590.0,run_20260915_165614,,charging,charging,35.767,23.656,99.993,0.0,0.0,0.0,0.0,48.333,0.6893,1.9581
591.0,run_20260915_165614,,charging,charging,35.791,23.653,99.993,0.0,0.0,0.0,0.0,48.333,0.6893,1.9633
592.0,run_20260915_165614,,charging,charging,35.815,23.65,99.993,0.0,0.0,0.0,0.0,48.333,0.6893,1.9686
593.0,run_20260915_165614,,charging,charging,35.839,23.648,99.993,0.0,0.0,0.0,0.0,48.333,0.6893,1.9739
594.0,run_20260915_165614,,charging,charging,35.863,23.645,99.993,0.0,0.0,0.0,0.0,48.333,0.6893,1.9792
595.0,run_20260915_165614,,charging,charging,35.887,23.642,99.993,0.0,0.0,0.0,0.0,48.333,0.6893,1.9844
596.0,run_20260915_165614,,charging,charging,35.911,23.64,99.993,0.0,0.0,0.0,0.0,48.333,0.6893,1.9897
597.0,run_20260915_165614,,charging,charging,35.935,23.637,99.993,0.0,0.0,0.0,0.0,48.333,0.6893,1.995
598.0,run_20260915_165614,,charging,charging,35.959,23.634,99.993,0.0,0.0,0.0,0.0,48.333,0.6893,2.0003
599.0,run_20260915_165614,,charging,charging,35.983,23.631,99.993,0.0,0.0,0.0,0.0,48.333,0.6893,2.0056
600.0,run_20260915_165614,,charging,charging,36.007,23.629,99.993,0.0,0.0,0.0,0.0,48.333,0.6893,2.0108
601.0,run_20260915_165614,,charging,charging,36.031,23.626,99.993,0.0,0.0,0.0,0.0,48.333,0.6893,2.0161
602.0,run_20260915_165614,,charging,charging,36.055,23.623,99.993,0.0,0.0,0.0,0.0,48.333,0.6893,2.0214
603.0,run_20260915_165614,,charging,charging,36.079,23.621,99.993,0.0,0.0,0.0,0.0,48.333,0.6893,2.0267
604.0,run_20260915_165614,,charging,charging,36.103,23.618,99.993,0.0,0.0,0.0,0.0,48.333,0.6893,2.0319
605.0,run_20260915_165614,,charging,charging,36.127,23.615,99.993,0.0,0.0,0.0,0.0,48.333,0.6893,2.0372
606.0,run_20260915_165614,,charging,charging,36.151,23.613,99.993,0.0,0.0,0.0,0.0,48.333,0.6893,2.0425
607.0,run_20260915_165614,,charging,charging,36.175,23.61,99.993,0.0,0.0,0.0,0.0,48.333,0.6893,2.0478
608.0,run_20260915_165614,,charging,charging,36.199,23.607,99.993,0.0,0.0,0.0,0.0,48.333,0.6893,2.0531
609.0,run_20260915_165614,,charging,charging,36.223,23.605,99.993,0.0,0.0,0.0,0.0,48.333,0.6893,2.0583
610.0,run_20260915_165614,,charging,charging,36.247,23.602,99.993,0.0,0.0,0.0,0.0,48.333,0.6893,2.0636
611.0,run_20260915_165614,,charging,charging,36.271,23.599,99.993,0.0,0.0,0.0,0.0,48.333,0.6893,2.0689
612.0,run_20260915_165614,,charging,charging,36.295,23.597,99.993,0.0,0.0,0.0,0.0,48.333,0.6893,2.0742
613.0,run_20260915_165614,,charging,charging,36.319,23.594,99.993,0.0,0.0,0.0,0.0,48.333,0.6893,2.0794
614.0,run_20260915_165614,,charging,charging,36.343,23.592,99.993,0.0,0.0,0.0,0.0,48.333,0.6893,2.0847
615.0,run_20260915_165614,,charging,charging,36.367,23.589,99.993,0.0,0.0,0.0,0.0,48.333,0.6893,2.09
616.0,run_20260915_165614,,charging,charging,36.391,23.586,99.993,0.0,0.0,0.0,0.0,48.333,0.6893,2.0953
617.0,run_20260915_165614,,charging,charging,36.415,23.584,99.993,0.0,0.0,0.0,0.0,48.333,0.6893,2.1006
618.0,run_20260915_165614,,charging,charging,36.439,23.581,99.993,0.0,0.0,0.0,0.0,48.333,0.6893,2.1058
619.0,run_20260915_165614,,charging,charging,36.463,23.578,99.993,0.0,0.0,0.0,0.0,48.333,0.6893,2.1111
620.0,run_20260915_165614,,charging,charging,36.487,23.576,99.993,0.0,0.0,0.0,0.0,48.333,0.6893,2.1164
621.0,run_20260915_165614,,charging,charging,36.511,23.573,99.993,0.0,0.0,0.0,0.0,48.333,0.6893,2.1217
622.0,run_20260915_165614,,charging,charging,36.535,23.571,99.993,0.0,0.0,0.0,0.0,48.333,0.6893,2.1269
623.0,run_20260915_165614,,charging,charging,36.559,23.568,99.993,0.0,0.0,0.0,0.0,48.333,0.6893,2.1322
624.0,run_20260915_165614,,charging,charging,36.583,23.565,99.993,0.0,0.0,0.0,0.0,48.333,0.6893,2.1375
625.0,run_20260915_165614,,charging,charging,36.607,23.563,99.993,0.0,0.0,0.0,0.0,48.333,0.6893,2.1428
626.0,run_20260915_165614,,charging,charging,36.631,23.56,99.993,0.0,0.0,0.0,0.0,48.333,0.6893,2.1481
627.0,run_20260915_165614,,charging,charging,36.655,23.558,99.993,0.0,0.0,0.0,0.0,48.333,0.6893,2.1533
628.0,run_20260915_165614,,charging,charging,36.679,23.555,99.993,0.0,0.0,0.0,0.0,48.333,0.6893,2.1586
629.0,run_20260915_165614,,charging,charging,36.703,23.553,99.993,0.0,0.0,0.0,0.0,48.333,0.6893,2.1639
630.0,run_20260915_165614,,charging,charging,36.727,23.55,99.993,0.0,0.0,0.0,0.0,48.333,0.6893,2.1692
631.0,run_20260915_165614,,charging,charging,36.751,23.547,99.993,0.0,0.0,0.0,0.0,48.333,0.6893,2.1744
632.0,run_20260915_165614,,charging,charging,36.775,23.545,99.993,0.0,0.0,0.0,0.0,48.333,0.6893,2.1797
633.0,run_20260915_165614,,charging,charging,36.799,23.542,99.993,0.0,0.0,0.0,0.0,48.333,0.6893,2.185
634.0,run_20260915_165614,,charging,charging,36.823,23.54,99.993,0.0,0.0,0.0,0.0,48.333,0.6893,2.1903
635.0,run_20260915_165614,,charging,charging,36.847,23.537,99.993,0.0,0.0,0.0,0.0,48.333,0.6893,2.1956
636.0,run_20260915_165614,,charging,charging,36.871,23.535,99.993,0.0,0.0,0.0,0.0,48.333,0.6893,2.2008
637.0,run_20260915_165614,,charging,charging,36.895,23.532,99.993,0.0,0.0,0.0,0.0,48.333,0.6893,2.2061
638.0,run_20260915_165614,,charging,charging,36.919,23.53,99.993,0.0,0.0,0.0,0.0,48.333,0.6893,2.2114
639.0,run_20260915_165614,,charging,charging,36.943,23.527,99.993,0.0,0.0,0.0,0.0,48.333,0.6893,2.2167
640.0,run_20260915_165614,,charging,charging,36.967,23.525,99.993,0.0,0.0,0.0,0.0,48.333,0.6893,2.2219
641.0,run_20260915_165614,,charging,charging,36.991,23.522,99.993,0.0,0.0,0.0,0.0,48.333,0.6893,2.2272
642.0,run_20260915_165614,,charging,charging,37.015,23.52,99.993,0.0,0.0,0.0,0.0,48.333,0.6893,2.2325
643.0,run_20260915_165614,,charging,charging,37.039,23.517,99.993,0.0,0.0,0.0,0.0,48.333,0.6893,2.2378
644.0,run_20260915_165614,,charging,charging,37.063,23.515,99.993,0.0,0.0,0.0,0.0,48.333,0.6893,2.2431
645.0,run_20260915_165614,,charging,charging,37.086,23.512,99.993,0.0,0.0,0.0,0.0,48.333,0.6893,2.2483
646.0,run_20260915_165614,,charging,charging,37.11,23.51,99.993,0.0,0.0,0.0,0.0,48.333,0.6893,2.2536
647.0,run_20260915_165614,,charging,charging,37.134,23.507,99.993,0.0,0.0,0.0,0.0,48.333,0.6893,2.2589
648.0,run_20260915_165614,,charging,charging,37.158,23.505,99.993,0.0,0.0,0.0,0.0,48.333,0.6893,2.2642
649.0,run_20260915_165614,,charging,charging,37.182,23.502,99.993,0.0,0.0,0.0,0.0,48.333,0.6893,2.2694
650.0,run_20260915_165614,,charging,charging,37.206,23.5,99.993,0.0,0.0,0.0,0.0,48.333,0.6893,2.2747
651.0,run_20260915_165614,,charging,charging,37.23,23.497,99.993,0.0,0.0,0.0,0.0,48.333,0.6893,2.28
652.0,run_20260915_165614,,charging,charging,37.254,23.495,99.993,0.0,0.0,0.0,0.0,48.333,0.6893,2.2853
653.0,run_20260915_165614,,charging,charging,37.278,23.492,99.993,0.0,0.0,0.0,0.0,48.333,0.6893,2.2906
654.0,run_20260915_165614,,charging,charging,37.302,23.49,99.993,0.0,0.0,0.0,0.0,48.333,0.6893,2.2958
655.0,run_20260915_165614,,charging,charging,37.326,23.487,99.993,0.0,0.0,0.0,0.0,48.333,0.6893,2.3011
656.0,run_20260915_165614,,charging,charging,37.35,23.485,99.993,0.0,0.0,0.0,0.0,48.333,0.6893,2.3064
657.0,run_20260915_165614,,charging,charging,37.374,23.482,99.993,0.0,0.0,0.0,0.0,48.333,0.6893,2.3117
658.0,run_20260915_165614,,charging,charging,37.398,23.48,99.993,0.0,0.0,0.0,0.0,48.333,0.6893,2.3169
659.0,run_20260915_165614,,charging,charging,37.422,23.478,99.993,0.0,0.0,0.0,0.0,48.333,0.6893,2.3222
660.0,run_20260915_165614,,charging,charging,37.446,23.475,99.993,0.0,0.0,0.0,0.0,48.333,0.6893,2.3275
661.0,run_20260915_165614,,charging,charging,37.47,23.473,99.993,0.0,0.0,0.0,0.0,48.333,0.6893,2.3328
662.0,run_20260915_165614,,charging,charging,37.494,23.47,99.993,0.0,0.0,0.0,0.0,48.333,0.6893,2.3381
663.0,run_20260915_165614,,charging,charging,37.518,23.468,99.993,0.0,0.0,0.0,0.0,48.333,0.6893,2.3433
664.0,run_20260915_165614,,charging,charging,37.542,23.465,99.993,0.0,0.0,0.0,0.0,48.333,0.6893,2.3486
665.0,run_20260915_165614,,charging,charging,37.566,23.463,99.993,0.0,0.0,0.0,0.0,48.333,0.6893,2.3539
666.0,run_20260915_165614,,charging,charging,37.59,23.461,99.993,0.0,0.0,0.0,0.0,48.333,0.6893,2.3592
667.0,run_20260915_165614,,charging,charging,37.614,23.458,99.993,0.0,0.0,0.0,0.0,48.333,0.6893,2.3644
668.0,run_20260915_165614,,charging,charging,37.638,23.456,99.993,0.0,0.0,0.0,0.0,48.333,0.6893,2.3697
669.0,run_20260915_165614,,charging,charging,37.662,23.453,99.993,0.0,0.0,0.0,0.0,48.333,0.6893,2.375
670.0,run_20260915_165614,,charging,charging,37.686,23.451,99.993,0.0,0.0,0.0,0.0,48.333,0.6893,2.3803
671.0,run_20260915_165614,,charging,charging,37.71,23.449,99.993,0.0,0.0,0.0,0.0,48.333,0.6893,2.3856
672.0,run_20260915_165614,,charging,charging,37.734,23.446,99.993,0.0,0.0,0.0,0.0,48.333,0.6893,2.3908
673.0,run_20260915_165614,,charging,charging,37.758,23.444,99.993,0.0,0.0,0.0,0.0,48.333,0.6893,2.3961
674.0,run_20260915_165614,,charging,charging,37.782,23.441,99.993,0.0,0.0,0.0,0.0,48.333,0.6893,2.4014
675.0,run_20260915_165614,,charging,charging,37.806,23.439,99.993,0.0,0.0,0.0,0.0,48.333,0.6893,2.4067
676.0,run_20260915_165614,,charging,charging,37.83,23.437,99.993,0.0,0.0,0.0,0.0,48.333,0.6893,2.4119
677.0,run_20260915_165614,,charging,charging,37.854,23.434,99.993,0.0,0.0,0.0,0.0,48.333,0.6893,2.4172
678.0,run_20260915_165614,,charging,charging,37.878,23.432,99.993,0.0,0.0,0.0,0.0,48.333,0.6893,2.4225
679.0,run_20260915_165614,,charging,charging,37.902,23.43,99.993,0.0,0.0,0.0,0.0,48.333,0.6893,2.4278
680.0,run_20260915_165614,,charging,charging,37.926,23.427,99.993,0.0,0.0,0.0,0.0,48.333,0.6893,2.4331
681.0,run_20260915_165614,,charging,charging,37.95,23.425,99.993,0.0,0.0,0.0,0.0,48.333,0.6893,2.4383
682.0,run_20260915_165614,,charging,charging,37.974,23.422,99.993,0.0,0.0,0.0,0.0,48.333,0.6893,2.4436
683.0,run_20260915_165614,,charging,charging,37.998,23.42,99.993,0.0,0.0,0.0,0.0,48.333,0.6893,2.4489
684.0,run_20260915_165614,,charging,charging,38.022,23.418,99.993,0.0,0.0,0.0,0.0,48.333,0.6893,2.4542
685.0,run_20260915_165614,,charging,charging,38.046,23.415,99.993,0.0,0.0,0.0,0.0,48.333,0.6893,2.4594
686.0,run_20260915_165614,,charging,charging,38.07,23.413,99.993,0.0,0.0,0.0,0.0,48.333,0.6893,2.4647
687.0,run_20260915_165614,,charging,charging,38.094,23.411,99.993,0.0,0.0,0.0,0.0,48.333,0.6893,2.47
688.0,run_20260915_165614,,charging,charging,38.118,23.408,99.993,0.0,0.0,0.0,0.0,48.333,0.6893,2.4753
689.0,run_20260915_165614,,charging,charging,38.142,23.406,99.993,0.0,0.0,0.0,0.0,48.333,0.6893,2.4806
690.0,run_20260915_165614,,charging,charging,38.166,23.404,99.993,0.0,0.0,0.0,0.0,48.333,0.6893,2.4858
691.0,run_20260915_165614,,charging,charging,38.19,23.402,99.993,0.0,0.0,0.0,0.0,48.333,0.6893,2.4911
692.0,run_20260915_165614,,charging,charging,38.214,23.399,99.993,0.0,0.0,0.0,0.0,48.333,0.6893,2.4964
693.0,run_20260915_165614,,charging,charging,38.238,23.397,99.993,0.0,0.0,0.0,0.0,48.333,0.6893,2.5017
694.0,run_20260915_165614,,charging,charging,38.262,23.395,99.993,0.0,0.0,0.0,0.0,48.333,0.6893,2.5069
695.0,run_20260915_165614,,charging,charging,38.286,23.392,99.993,0.0,0.0,0.0,0.0,48.333,0.6893,2.5122
696.0,run_20260915_165614,,charging,charging,38.31,23.39,99.993,0.0,0.0,0.0,0.0,48.333,0.6893,2.5175
697.0,run_20260915_165614,,charging,charging,38.334,23.388,99.993,0.0,0.0,0.0,0.0,48.333,0.6893,2.5228
698.0,run_20260915_165614,,charging,charging,38.358,23.385,99.993,0.0,0.0,0.0,0.0,48.333,0.6893,2.5281
699.0,run_20260915_165614,,charging,charging,38.382,23.383,99.993,0.0,0.0,0.0,0.0,48.333,0.6893,2.5333
700.0,run_20260915_165614,,charging,charging,38.406,23.381,99.993,0.0,0.0,0.0,0.0,48.333,0.6893,2.5386
701.0,run_20260915_165614,,charging,charging,38.43,23.379,99.993,0.0,0.0,0.0,0.0,48.333,0.6893,2.5439
702.0,run_20260915_165614,,charging,charging,38.454,23.376,99.993,0.0,0.0,0.0,0.0,48.333,0.6893,2.5492
703.0,run_20260915_165614,,charging,charging,38.478,23.374,99.993,0.0,0.0,0.0,0.0,48.333,0.6893,2.5544
704.0,run_20260915_165614,,charging,charging,38.502,23.372,99.993,0.0,0.0,0.0,0.0,48.333,0.6893,2.5597
705.0,run_20260915_165614,,charging,charging,38.526,23.369,99.993,0.0,0.0,0.0,0.0,48.333,0.6893,2.565
706.0,run_20260915_165614,,charging,charging,38.55,23.367,99.993,0.0,0.0,0.0,0.0,48.333,0.6893,2.5703
707.0,run_20260915_165614,,charging,charging,38.574,23.365,99.993,0.0,0.0,0.0,0.0,48.333,0.6893,2.5756
708.0,run_20260915_165614,,charging,charging,38.598,23.363,99.993,0.0,0.0,0.0,0.0,48.333,0.6893,2.5808
709.0,run_20260915_165614,,charging,charging,38.622,23.36,99.993,0.0,0.0,0.0,0.0,48.333,0.6893,2.5861
710.0,run_20260915_165614,,charging,charging,38.646,23.358,99.993,0.0,0.0,0.0,0.0,48.333,0.6893,2.5914
711.0,run_20260915_165614,,charging,charging,38.67,23.356,99.993,0.0,0.0,0.0,0.0,48.333,0.6893,2.5967
712.0,run_20260915_165614,,charging,charging,38.694,23.354,99.993,0.0,0.0,0.0,0.0,48.333,0.6893,2.6019
713.0,run_20260915_165614,,charging,charging,38.718,23.352,99.993,0.0,0.0,0.0,0.0,48.333,0.6893,2.6072
714.0,run_20260915_165614,,charging,charging,38.742,23.349,99.993,0.0,0.0,0.0,0.0,48.333,0.6893,2.6125
715.0,run_20260915_165614,,charging,charging,38.766,23.347,99.993,0.0,0.0,0.0,0.0,48.333,0.6893,2.6178
716.0,run_20260915_165614,,charging,charging,38.79,23.345,99.993,0.0,0.0,0.0,0.0,48.333,0.6893,2.6231
717.0,run_20260915_165614,,charging,charging,38.814,23.343,99.993,0.0,0.0,0.0,0.0,48.333,0.6893,2.6283
718.0,run_20260915_165614,,charging,charging,38.838,23.34,99.993,0.0,0.0,0.0,0.0,48.333,0.6893,2.6336
719.0,run_20260915_165614,,charging,charging,38.862,23.338,99.993,0.0,0.0,0.0,0.0,48.333,0.6893,2.6389
720.0,run_20260915_165614,,charging,charging,38.886,23.336,99.993,0.0,0.0,0.0,0.0,48.333,0.6893,2.6442
721.0,run_20260915_165614,,charging,charging,38.91,23.334,99.993,0.0,0.0,0.0,0.0,48.333,0.6893,2.6494
722.0,run_20260915_165614,,charging,charging,38.934,23.332,99.993,0.0,0.0,0.0,0.0,48.333,0.6893,2.6547
723.0,run_20260915_165614,,charging,charging,38.958,23.329,99.993,0.0,0.0,0.0,0.0,48.333,0.6893,2.66
724.0,run_20260915_165614,,charging,charging,38.982,23.327,99.993,0.0,0.0,0.0,0.0,48.333,0.6893,2.6653
725.0,run_20260915_165614,,charging,charging,39.006,23.325,99.993,0.0,0.0,0.0,0.0,48.333,0.6893,2.6706
726.0,run_20260915_165614,,charging,charging,39.03,23.323,99.993,0.0,0.0,0.0,0.0,48.333,0.6893,2.6758
727.0,run_20260915_165614,,charging,charging,39.054,23.321,99.993,0.0,0.0,0.0,0.0,48.333,0.6893,2.6811
728.0,run_20260915_165614,,charging,charging,39.078,23.318,99.993,0.0,0.0,0.0,0.0,48.333,0.6893,2.6864
729.0,run_20260915_165614,,charging,charging,39.102,23.316,99.993,0.0,0.0,0.0,0.0,48.333,0.6893,2.6917
730.0,run_20260915_165614,,charging,charging,39.126,23.314,99.993,0.0,0.0,0.0,0.0,48.333,0.6893,2.6969
731.0,run_20260915_165614,,charging,charging,39.15,23.312,99.993,0.0,0.0,0.0,0.0,48.333,0.6893,2.7022
732.0,run_20260915_165614,,charging,charging,39.174,23.31,99.993,0.0,0.0,0.0,0.0,48.333,0.6893,2.7075
733.0,run_20260915_165614,,charging,charging,39.198,23.308,99.993,0.0,0.0,0.0,0.0,48.333,0.6893,2.7128
734.0,run_20260915_165614,,charging,charging,39.222,23.305,99.993,0.0,0.0,0.0,0.0,48.333,0.6893,2.7181
735.0,run_20260915_165614,,charging,charging,39.246,23.303,99.993,0.0,0.0,0.0,0.0,48.333,0.6893,2.7233
736.0,run_20260915_165614,,charging,charging,39.27,23.301,99.993,0.0,0.0,0.0,0.0,48.333,0.6893,2.7286
737.0,run_20260915_165614,,charging,charging,39.294,23.299,99.993,0.0,0.0,0.0,0.0,48.333,0.6893,2.7339
738.0,run_20260915_165614,,charging,charging,39.318,23.297,99.993,0.0,0.0,0.0,0.0,48.333,0.6893,2.7392
739.0,run_20260915_165614,,charging,charging,39.342,23.295,99.993,0.0,0.0,0.0,0.0,48.333,0.6893,2.7444
740.0,run_20260915_165614,,charging,charging,39.366,23.293,99.993,0.0,0.0,0.0,0.0,48.333,0.6893,2.7497
741.0,run_20260915_165614,,charging,charging,39.39,23.29,99.993,0.0,0.0,0.0,0.0,48.333,0.6893,2.755
742.0,run_20260915_165614,,charging,charging,39.414,23.288,99.993,0.0,0.0,0.0,0.0,48.333,0.6893,2.7603
743.0,run_20260915_165614,,charging,charging,39.438,23.286,99.993,0.0,0.0,0.0,0.0,48.333,0.6893,2.7656
744.0,run_20260915_165614,,charging,charging,39.461,23.284,99.993,0.0,0.0,0.0,0.0,48.333,0.6893,2.7708
745.0,run_20260915_165614,,charging,charging,39.485,23.282,99.993,0.0,0.0,0.0,0.0,48.333,0.6893,2.7761
746.0,run_20260915_165614,,charging,charging,39.509,23.28,99.993,0.0,0.0,0.0,0.0,48.333,0.6893,2.7814
747.0,run_20260915_165614,,charging,charging,39.533,23.278,99.993,0.0,0.0,0.0,0.0,48.333,0.6893,2.7867
748.0,run_20260915_165614,,charging,charging,39.557,23.276,99.993,0.0,0.0,0.0,0.0,48.333,0.6893,2.7919
749.0,run_20260915_165614,,charging,charging,39.581,23.274,99.993,0.0,0.0,0.0,0.0,48.333,0.6893,2.7972
750.0,run_20260915_165614,,charging,charging,39.605,23.271,99.993,0.0,0.0,0.0,0.0,48.333,0.6893,2.8025
751.0,run_20260915_165614,,charging,charging,39.629,23.269,99.993,0.0,0.0,0.0,0.0,48.333,0.6893,2.8078
752.0,run_20260915_165614,,charging,charging,39.653,23.267,99.993,0.0,0.0,0.0,0.0,48.333,0.6893,2.8131
753.0,run_20260915_165614,,charging,charging,39.677,23.265,99.993,0.0,0.0,0.0,0.0,48.333,0.6893,2.8183
754.0,run_20260915_165614,,charging,charging,39.701,23.263,99.993,0.0,0.0,0.0,0.0,48.333,0.6893,2.8236
755.0,run_20260915_165614,,charging,charging,39.725,23.261,99.993,0.0,0.0,0.0,0.0,48.333,0.6893,2.8289
756.0,run_20260915_165614,,charging,charging,39.749,23.259,99.993,0.0,0.0,0.0,0.0,48.333,0.6893,2.8342
757.0,run_20260915_165614,,charging,charging,39.773,23.257,99.993,0.0,0.0,0.0,0.0,48.333,0.6893,2.8394
758.0,run_20260915_165614,,charging,charging,39.797,23.255,99.993,0.0,0.0,0.0,0.0,48.333,0.6893,2.8447
759.0,run_20260915_165614,,charging,charging,39.821,23.253,99.993,0.0,0.0,0.0,0.0,48.333,0.6893,2.85
760.0,run_20260915_165614,,charging,charging,39.845,23.251,99.993,0.0,0.0,0.0,0.0,48.333,0.6893,2.8553
761.0,run_20260915_165614,,charging,charging,39.869,23.249,99.993,0.0,0.0,0.0,0.0,48.333,0.6893,2.8606
762.0,run_20260915_165614,,charging,charging,39.893,23.246,99.993,0.0,0.0,0.0,0.0,48.333,0.6893,2.8658
763.0,run_20260915_165614,,charging,charging,39.917,23.244,99.993,0.0,0.0,0.0,0.0,48.333,0.6893,2.8711
764.0,run_20260915_165614,,charging,charging,39.941,23.242,99.993,0.0,0.0,0.0,0.0,48.333,0.6893,2.8764
765.0,run_20260915_165614,,charging,charging,39.965,23.24,99.993,0.0,0.0,0.0,0.0,48.333,0.6893,2.8817
766.0,run_20260915_165614,,charging,charging,39.989,23.238,99.993,0.0,0.0,0.0,0.0,48.333,0.6893,2.8869
767.0,run_20260915_165614,,charging,charging,40.013,23.236,99.993,0.0,0.0,0.0,0.0,48.333,0.6893,2.8922
768.0,run_20260915_165614,,charging,charging,40.037,23.234,99.993,0.0,0.0,0.0,0.0,48.333,0.6893,2.8975
769.0,run_20260915_165614,,waiting,waiting,40.03,23.233,99.993,0.0,0.0,0.0,0.0,48.333,0.691,2.8975
770.0,run_20260915_165614,,driving,driving,40.022,23.231,99.993,0.0,0.0,0.0,0.0,48.333,0.6926,2.8975
771.0,run_20260915_165614,,driving,driving,40.008,23.263,99.993,0.0,0.878,0.489,0.2706,48.604,0.6957,2.8975
772.0,run_20260915_165614,,driving,driving,39.989,23.294,99.993,0.0,0.897,0.5,0.5036,49.107,0.6998,2.8975
773.0,run_20260915_165614,,driving,driving,39.97,23.326,99.993,0.0,0.897,0.5,0.5038,49.611,0.704,2.8975
774.0,run_20260915_165614,,driving,driving,39.952,23.358,99.993,0.0,0.897,0.5,0.4854,50.096,0.7081,2.8975
775.0,run_20260915_165614,,driving,driving,39.933,23.389,99.993,0.0,0.892,0.497,0.5029,50.599,0.7123,2.8975
776.0,run_20260915_165614,,driving,driving,39.914,23.421,99.993,0.0,0.891,0.496,0.5035,51.103,0.7165,2.8975
777.0,run_20260915_165614,,driving,driving,39.895,23.452,99.993,0.0,0.897,0.5,0.5031,51.606,0.7207,2.8975
778.0,run_20260915_165614,,driving,driving,39.876,23.484,99.993,0.0,0.897,0.5,0.5026,52.109,0.7249,2.8975
779.004,run_20260915_165614,,driving,driving,39.857,23.516,99.993,0.0,0.897,0.5,0.5038,52.612,0.729,2.8975
780.0,run_20260915_165614,,driving,driving,39.838,23.547,99.993,0.0,0.894,0.498,0.4854,53.098,0.7331,2.8975
781.0,run_20260915_165614,,driving,driving,39.819,23.579,99.993,0.0,0.897,0.5,0.5028,53.601,0.7373,2.8975
782.0,run_20260915_165614,,driving,driving,39.8,23.61,99.993,0.0,0.897,0.5,0.503,54.104,0.7415,2.8975
783.0,run_20260915_165614,,driving,driving,39.781,23.641,99.993,0.0,0.897,0.5,0.4859,54.59,0.7456,2.8975
784.0,run_20260915_165614,,driving,driving,39.762,23.673,99.993,0.0,0.897,0.5,0.5039,55.093,0.7498,2.8975
785.0,run_20260915_165614,,driving,driving,39.743,23.704,99.992,0.0,0.897,0.5,0.504,55.597,0.754,2.8975
786.0,run_20260915_165614,,driving,driving,39.724,23.736,99.992,0.0,0.897,0.5,0.5033,56.101,0.7581,2.8975
787.0,run_20260915_165614,,driving,driving,39.705,23.767,99.992,0.0,0.897,0.5,0.5033,56.604,0.7623,2.8975
788.0,run_20260915_165614,,driving,driving,39.687,23.798,99.992,0.0,0.897,0.5,0.4858,57.09,0.7664,2.8975
789.0,run_20260915_165614,,driving,driving,39.668,23.829,99.992,0.0,0.897,0.5,0.504,57.594,0.7706,2.8975
790.0,run_20260915_165614,,driving,driving,39.649,23.86,99.992,0.0,0.895,0.499,0.5027,58.097,0.7748,2.8975
791.0,run_20260915_165614,,driving,driving,39.63,23.891,99.992,0.0,0.886,0.494,0.4984,58.595,0.7789,2.8975
792.0,run_20260915_165614,,driving,driving,39.612,23.916,99.992,0.0,0.725,0.404,0.4463,59.041,0.7828,2.8975
793.0,run_20260915_165614,,driving,driving,39.597,23.937,99.992,0.0,0.626,0.349,0.3492,59.391,0.7863,2.8975
794.0,run_20260915_165614,,driving,driving,39.583,23.942,99.992,0.0,0.199,0.111,0.242,59.633,0.7891,2.8975
795.0,run_20260915_165614,,loading,loading,39.575,23.94,99.992,0.0,0.0,0.0,0.0247,59.657,0.7909,2.8975
796.0,run_20260915_165614,,loading,loading,39.568,23.938,99.992,0.0,0.0,0.0,0.0,59.657,0.7926,2.8975
797.0,run_20260915_165614,,loading,loading,39.56,23.936,99.992,0.0,0.0,0.0,0.0,59.657,0.7943,2.8975
798.0,run_20260915_165614,,loading,loading,39.553,23.934,99.992,0.0,0.0,0.0,0.0,59.657,0.7959,2.8975
799.0,run_20260915_165614,,loading,loading,39.545,23.931,99.992,0.0,0.0,0.0,0.0,59.657,0.7976,2.8975
800.0,run_20260915_165614,,loading,loading,39.537,23.929,99.992,0.0,0.0,0.0,0.0,59.657,0.7993,2.8975
801.0,run_20260915_165614,,loading,loading,39.53,23.927,99.992,0.0,0.0,0.0,0.0,59.657,0.8009,2.8975
802.0,run_20260915_165614,,loading,loading,39.522,23.925,99.992,0.0,0.0,0.0,0.0,59.657,0.8026,2.8975
803.0,run_20260915_165614,,loading,loading,39.515,23.923,99.992,0.0,0.0,0.0,0.0,59.657,0.8043,2.8975
804.0,run_20260915_165614,,loading,loading,39.507,23.921,99.992,0.0,0.0,0.0,0.0,59.657,0.8059,2.8975
805.0,run_20260915_165614,,loading,loading,39.5,23.919,99.992,0.0,0.0,0.0,0.0,59.657,0.8076,2.8975
806.0,run_20260915_165614,,loading,loading,39.492,23.917,99.992,0.0,0.0,0.0,0.0,59.657,0.8093,2.8975
807.0,run_20260915_165614,,loading,loading,39.484,23.915,99.992,0.0,0.0,0.0,0.0,59.657,0.8109,2.8975
808.0,run_20260915_165614,,loading,loading,39.477,23.912,99.992,0.0,0.0,0.0,0.0,59.657,0.8126,2.8975
809.0,run_20260915_165614,,loading,loading,39.469,23.91,99.992,0.0,0.0,0.0,0.0,59.657,0.8143,2.8975
810.0,run_20260915_165614,,loading,loading,39.462,23.908,99.992,0.0,0.0,0.0,0.0,59.657,0.8159,2.8975
811.0,run_20260915_165614,,loading,loading,39.454,23.906,99.992,0.0,0.0,0.0,0.0,59.657,0.8176,2.8975
812.0,run_20260915_165614,,loading,loading,39.447,23.904,99.992,0.0,0.0,0.0,0.0,59.657,0.8193,2.8975
813.0,run_20260915_165614,,loading,loading,39.439,23.902,99.992,0.0,0.0,0.0,0.0,59.657,0.8209,2.8975
814.0,run_20260915_165614,,loading,loading,39.431,23.9,99.992,0.0,0.0,0.0,0.0,59.657,0.8226,2.8975
815.0,run_20260915_165614,,loading,loading,39.424,23.898,99.992,0.0,0.0,0.0,0.0,59.657,0.8243,2.8975
816.0,run_20260915_165614,,loading,loading,39.416,23.896,99.992,0.0,0.0,0.0,0.0,59.657,0.8259,2.8975
817.0,run_20260915_165614,,loading,loading,39.409,23.894,99.992,0.0,0.0,0.0,0.0,59.657,0.8276,2.8975
818.0,run_20260915_165614,,loading,loading,39.401,23.892,99.992,0.0,0.0,0.0,0.0,59.657,0.8293,2.8975
819.0,run_20260915_165614,,loading,loading,39.394,23.889,99.992,0.0,0.0,0.0,0.0,59.657,0.8309,2.8975
820.0,run_20260915_165614,,loading,loading,39.386,23.887,99.992,0.0,0.0,0.0,0.0,59.657,0.8326,2.8975
821.0,run_20260915_165614,,loading,loading,39.378,23.885,99.992,0.0,0.0,0.0,0.0,59.657,0.8343,2.8975
822.0,run_20260915_165614,,loading,loading,39.371,23.883,99.992,0.0,0.0,0.0,0.0,59.657,0.8359,2.8975
823.0,run_20260915_165614,,loading,loading,39.363,23.881,99.992,0.0,0.0,0.0,0.0,59.657,0.8376,2.8975
824.0,run_20260915_165614,,loading,loading,39.356,23.879,99.992,0.0,0.0,0.0,0.0,59.657,0.8393,2.8975
825.0,run_20260915_165614,,waiting,waiting,39.348,23.877,99.992,3.0,0.0,0.0,0.0,59.657,0.8409,2.8975
826.0,run_20260915_165614,,driving,driving,39.34,23.878,99.992,3.0,0.074,0.041,0.0026,59.66,0.8426,2.8975
827.0,run_20260915_165614,,driving,driving,39.33,23.876,99.992,3.0,0.006,0.003,0.0747,59.735,0.8449,2.8975
828.0,run_20260915_165614,,driving,driving,39.32,23.889,99.992,3.0,0.357,0.199,0.0527,59.787,0.847,2.8975
829.0,run_20260915_165614,,driving,driving,39.296,23.925,99.991,3.0,0.893,0.498,0.4454,60.233,0.8525,2.8975
830.0,run_20260915_165614,,driving,driving,39.269,23.961,99.991,3.0,0.887,0.494,0.5024,60.735,0.8584,2.8975
831.004,run_20260915_165614,,driving,driving,39.242,23.997,99.991,3.0,0.891,0.496,0.501,61.236,0.8643,2.8975
832.0,run_20260915_165614,,driving,driving,39.215,24.03,99.991,3.0,0.837,0.466,0.4956,61.732,0.8702,2.8975
833.0,run_20260915_165614,,driving,driving,39.189,24.066,99.991,3.0,0.897,0.5,0.4796,62.211,0.8759,2.8975
834.0,run_20260915_165614,,driving,driving,39.17,24.095,99.991,3.0,0.742,0.413,0.2979,62.509,0.8801,2.8975
835.0,run_20260915_165614,,driving,driving,39.144,24.131,99.991,3.0,0.895,0.499,0.4805,62.99,0.8859,2.8975
836.0,run_20260915_165614,,driving,driving,39.117,24.164,99.991,3.0,0.826,0.46,0.4886,63.478,0.8917,2.8975
837.0,run_20260915_165614,,driving,driving,39.092,24.199,99.991,3.0,0.884,0.492,0.4508,63.929,0.8972,2.8975
838.0,run_20260915_165614,,driving,driving,39.066,24.234,99.991,3.0,0.869,0.484,0.4987,64.428,0.903,2.8975
839.0,run_20260915_165614,,driving,driving,39.039,24.267,99.991,3.0,0.836,0.466,0.4852,64.913,0.9088,2.8975
840.0,run_20260915_165614,,driving,driving,39.013,24.302,99.991,3.0,0.895,0.498,0.4791,65.392,0.9146,2.8975
841.0,run_20260915_165614,,driving,driving,38.986,24.338,99.991,3.0,0.897,0.5,0.5037,65.896,0.9205,2.8975
842.0,run_20260915_165614,,driving,driving,38.96,24.372,99.991,3.0,0.869,0.484,0.4808,66.376,0.9262,2.8975
843.0,run_20260915_165614,,driving,driving,38.933,24.408,99.991,3.0,0.897,0.5,0.5024,66.879,0.9322,2.8975
844.0,run_20260915_165614,,driving,driving,38.906,24.443,99.991,3.0,0.894,0.498,0.5034,67.382,0.9381,2.8975
845.0,run_20260915_165614,,driving,driving,38.88,24.478,99.991,3.0,0.876,0.488,0.4989,67.881,0.944,2.8975
846.0,run_20260915_165614,,driving,driving,38.853,24.513,99.991,3.0,0.882,0.491,0.4808,68.362,0.9497,2.8975
847.0,run_20260915_165614,,driving,driving,38.829,24.536,99.99,3.0,0.613,0.342,0.4302,68.792,0.9551,2.8975
848.0,run_20260915_165614,,loading,loading,38.816,24.533,99.99,3.0,0.0,0.0,0.1571,68.949,0.9581,2.8975
849.0,run_20260915_165614,,loading,loading,38.808,24.531,99.99,3.0,0.0,0.0,0.0,68.949,0.9597,2.8975
850.0,run_20260915_165614,,loading,loading,38.8,24.528,99.99,3.0,0.0,0.0,0.0,68.949,0.9614,2.8975
851.0,run_20260915_165614,,loading,loading,38.793,24.525,99.99,3.0,0.0,0.0,0.0,68.949,0.9631,2.8975
852.0,run_20260915_165614,,loading,loading,38.785,24.522,99.99,3.0,0.0,0.0,0.0,68.949,0.9647,2.8975
853.0,run_20260915_165614,,loading,loading,38.778,24.519,99.99,3.0,0.0,0.0,0.0,68.949,0.9664,2.8975
854.0,run_20260915_165614,,loading,loading,38.77,24.517,99.99,3.0,0.0,0.0,0.0,68.949,0.9681,2.8975
855.0,run_20260915_165614,,loading,loading,38.763,24.514,99.99,3.0,0.0,0.0,0.0,68.949,0.9697,2.8975
856.0,run_20260915_165614,,loading,loading,38.755,24.511,99.99,3.0,0.0,0.0,0.0,68.949,0.9714,2.8975
857.0,run_20260915_165614,,loading,loading,38.747,24.508,99.99,3.0,0.0,0.0,0.0,68.949,0.9731,2.8975
858.0,run_20260915_165614,,loading,loading,38.74,24.506,99.99,3.0,0.0,0.0,0.0,68.949,0.9747,2.8975
859.0,run_20260915_165614,,loading,loading,38.732,24.503,99.99,3.0,0.0,0.0,0.0,68.949,0.9764,2.8975
860.0,run_20260915_165614,,loading,loading,38.725,24.5,99.99,3.0,0.0,0.0,0.0,68.949,0.9781,2.8975
861.0,run_20260915_165614,,loading,loading,38.717,24.497,99.99,3.0,0.0,0.0,0.0,68.949,0.9797,2.8975
862.0,run_20260915_165614,,loading,loading,38.71,24.495,99.99,3.0,0.0,0.0,0.0,68.949,0.9814,2.8975
863.0,run_20260915_165614,,loading,loading,38.702,24.492,99.99,3.0,0.0,0.0,0.0,68.949,0.9831,2.8975
864.0,run_20260915_165614,,loading,loading,38.694,24.489,99.99,3.0,0.0,0.0,0.0,68.949,0.9847,2.8975
865.0,run_20260915_165614,,loading,loading,38.687,24.486,99.99,3.0,0.0,0.0,0.0,68.949,0.9864,2.8975
866.0,run_20260915_165614,,loading,loading,38.679,24.484,99.99,3.0,0.0,0.0,0.0,68.949,0.9881,2.8975
867.0,run_20260915_165614,,loading,loading,38.672,24.481,99.99,3.0,0.0,0.0,0.0,68.949,0.9897,2.8975
868.0,run_20260915_165614,,loading,loading,38.664,24.478,99.99,3.0,0.0,0.0,0.0,68.949,0.9914,2.8975
869.0,run_20260915_165614,,loading,loading,38.657,24.475,99.99,3.0,0.0,0.0,0.0,68.949,0.9931,2.8975
870.0,run_20260915_165614,,loading,loading,38.649,24.473,99.99,3.0,0.0,0.0,0.0,68.949,0.9947,2.8975
871.0,run_20260915_165614,,loading,loading,38.641,24.47,99.99,3.0,0.0,0.0,0.0,68.949,0.9964,2.8975
872.0,run_20260915_165614,,loading,loading,38.634,24.467,99.99,3.0,0.0,0.0,0.0,68.949,0.9981,2.8975
873.0,run_20260915_165614,,loading,loading,38.626,24.465,99.99,3.0,0.0,0.0,0.0,68.949,0.9997,2.8975
874.0,run_20260915_165614,,loading,loading,38.619,24.462,99.99,3.0,0.0,0.0,0.0,68.949,1.0014,2.8975
875.0,run_20260915_165614,,loading,loading,38.611,24.459,99.99,3.0,0.0,0.0,0.0,68.949,1.0031,2.8975
876.0,run_20260915_165614,,loading,loading,38.604,24.456,99.99,3.0,0.0,0.0,0.0,68.949,1.0047,2.8975
877.0,run_20260915_165614,,loading,loading,38.596,24.454,99.99,3.0,0.0,0.0,0.0,68.949,1.0064,2.8975
878.0,run_20260915_165614,,waiting,waiting,38.588,24.451,99.99,5.0,0.0,0.0,0.0,68.949,1.0081,2.8975
879.0,run_20260915_165614,,driving,driving,38.58,24.455,99.99,5.0,0.144,0.08,0.0116,68.961,1.0099,2.8975
880.0,run_20260915_165614,,driving,driving,38.565,24.467,99.99,5.0,0.31,0.173,0.1528,69.114,1.0132,2.8975
881.0,run_20260915_165614,,driving,driving,38.554,24.469,99.99,5.0,0.102,0.057,0.0729,69.187,1.0156,2.8975
882.0,run_20260915_165614,,driving,driving,38.545,24.471,99.99,5.0,0.109,0.061,0.028,69.215,1.0176,2.8975
883.0,run_20260915_165614,,driving,driving,38.522,24.51,99.99,5.0,0.897,0.5,0.3218,69.536,1.0227,2.8975
884.0,run_20260915_165614,,driving,driving,38.489,24.548,99.99,5.0,0.89,0.496,0.503,70.039,1.0298,2.8975
885.0,run_20260915_165614,,driving,driving,38.457,24.587,99.99,5.0,0.897,0.5,0.5036,70.543,1.0369,2.8975
886.0,run_20260915_165614,,driving,driving,38.425,24.626,99.99,5.0,0.897,0.5,0.5033,71.046,1.044,2.8975
887.0,run_20260915_165614,,driving,driving,38.394,24.663,99.989,5.0,0.877,0.489,0.4821,71.528,1.0509,2.8975
888.0,run_20260915_165614,,driving,driving,38.362,24.694,99.989,5.0,0.738,0.411,0.4891,72.017,1.0579,2.8975
889.0,run_20260915_165614,,driving,driving,38.335,24.731,99.989,5.0,0.864,0.481,0.4032,72.421,1.0639,2.8975
890.0,run_20260915_165614,,driving,driving,38.303,24.769,99.989,5.0,0.88,0.49,0.4866,72.907,1.0708,2.8975
891.0,run_20260915_165614,,driving,driving,38.271,24.807,99.989,5.0,0.895,0.499,0.4957,73.403,1.0778,2.8975
892.0,run_20260915_165614,,driving,driving,38.24,24.846,99.989,5.0,0.892,0.497,0.4831,73.886,1.0847,2.8975
893.0,run_20260915_165614,,driving,driving,38.208,24.883,99.989,5.0,0.885,0.493,0.4975,74.384,1.0918,2.8975
894.0,run_20260915_165614,,driving,driving,38.176,24.921,99.989,5.0,0.889,0.495,0.498,74.882,1.0988,2.8975
895.0,run_20260915_165614,,driving,driving,38.144,24.96,99.989,5.0,0.897,0.5,0.4961,75.378,1.1058,2.8975
896.0,run_20260915_165614,,driving,driving,38.113,24.997,99.989,5.0,0.886,0.493,0.4843,75.862,1.1127,2.8975
897.0,run_20260915_165614,,driving,driving,38.081,25.034,99.989,5.0,0.874,0.487,0.4963,76.358,1.1197,2.8975
898.0,run_20260915_165614,,driving,driving,38.049,25.071,99.989,5.0,0.872,0.486,0.4957,76.854,1.1268,2.8975
899.0,run_20260915_165614,,driving,driving,38.017,25.11,99.989,5.0,0.897,0.5,0.4849,77.339,1.1337,2.8975
900.0,run_20260915_165614,,driving,driving,37.986,25.148,99.989,5.0,0.897,0.5,0.4939,77.833,1.1407,2.8975
901.0,run_20260915_165614,,driving,driving,37.954,25.186,99.989,5.0,0.895,0.499,0.4842,78.317,1.1476,2.8975
902.0,run_20260915_165614,,driving,driving,37.923,25.217,99.988,5.0,0.749,0.417,0.477,78.794,1.1544,2.8975
903.0,run_20260915_165614,,driving,driving,37.899,25.232,99.988,5.0,0.414,0.231,0.3366,79.131,1.1597,2.8975
904.0,run_20260915_165614,,driving,driving,37.887,25.229,99.988,5.0,0.013,0.007,0.0962,79.227,1.1624,2.8975
905.0,run_20260915_165614,,unloading,unloading,37.877,25.226,99.988,5.0,0.0,0.0,0.046,79.273,1.1646,2.8975
906.0,run_20260915_165614,,unloading,unloading,37.869,25.222,99.988,5.0,0.0,0.0,0.0,79.273,1.1662,2.8975
907.0,run_20260915_165614,,unloading,unloading,37.862,25.219,99.988,5.0,0.0,0.0,0.0,79.273,1.1679,2.8975
908.0,run_20260915_165614,,unloading,unloading,37.854,25.215,99.988,5.0,0.0,0.0,0.0,79.273,1.1696,2.8975
909.0,run_20260915_165614,,unloading,unloading,37.847,25.212,99.988,5.0,0.0,0.0,0.0,79.273,1.1712,2.8975
910.0,run_20260915_165614,,unloading,unloading,37.839,25.208,99.988,5.0,0.0,0.0,0.0,79.273,1.1729,2.8975
911.0,run_20260915_165614,,unloading,unloading,37.831,25.205,99.988,5.0,0.0,0.0,0.0,79.273,1.1746,2.8975
912.0,run_20260915_165614,,unloading,unloading,37.824,25.201,99.988,5.0,0.0,0.0,0.0,79.273,1.1762,2.8975
913.0,run_20260915_165614,,unloading,unloading,37.816,25.198,99.988,5.0,0.0,0.0,0.0,79.273,1.1779,2.8975
914.0,run_20260915_165614,,unloading,unloading,37.809,25.194,99.988,5.0,0.0,0.0,0.0,79.273,1.1796,2.8975
915.0,run_20260915_165614,,unloading,unloading,37.801,25.191,99.988,5.0,0.0,0.0,0.0,79.273,1.1812,2.8975
916.0,run_20260915_165614,,unloading,unloading,37.794,25.187,99.988,5.0,0.0,0.0,0.0,79.273,1.1829,2.8975
917.0,run_20260915_165614,,unloading,unloading,37.786,25.184,99.988,5.0,0.0,0.0,0.0,79.273,1.1846,2.8975
918.0,run_20260915_165614,,unloading,unloading,37.778,25.18,99.988,5.0,0.0,0.0,0.0,79.273,1.1862,2.8975
919.0,run_20260915_165614,,unloading,unloading,37.771,25.177,99.988,5.0,0.0,0.0,0.0,79.273,1.1879,2.8975
920.0,run_20260915_165614,,unloading,unloading,37.763,25.173,99.988,5.0,0.0,0.0,0.0,79.273,1.1896,2.8975
921.0,run_20260915_165614,,unloading,unloading,37.756,25.17,99.988,5.0,0.0,0.0,0.0,79.273,1.1912,2.8975
922.0,run_20260915_165614,,unloading,unloading,37.748,25.166,99.988,5.0,0.0,0.0,0.0,79.273,1.1929,2.8975
923.0,run_20260915_165614,,unloading,unloading,37.741,25.163,99.988,5.0,0.0,0.0,0.0,79.273,1.1946,2.8975
924.0,run_20260915_165614,,unloading,unloading,37.733,25.159,99.988,5.0,0.0,0.0,0.0,79.273,1.1962,2.8975
925.0,run_20260915_165614,,unloading,unloading,37.725,25.156,99.988,5.0,0.0,0.0,0.0,79.273,1.1979,2.8975
926.0,run_20260915_165614,,unloading,unloading,37.718,25.152,99.988,5.0,0.0,0.0,0.0,79.273,1.1996,2.8975
927.0,run_20260915_165614,,unloading,unloading,37.71,25.149,99.988,5.0,0.0,0.0,0.0,79.273,1.2012,2.8975
928.0,run_20260915_165614,,unloading,unloading,37.703,25.145,99.988,5.0,0.0,0.0,0.0,79.273,1.2029,2.8975
929.0,run_20260915_165614,,unloading,unloading,37.695,25.142,99.988,5.0,0.0,0.0,0.0,79.273,1.2046,2.8975
930.0,run_20260915_165614,,unloading,unloading,37.688,25.138,99.988,5.0,0.0,0.0,0.0,79.273,1.2062,2.8975
931.0,run_20260915_165614,,unloading,unloading,37.68,25.135,99.988,5.0,0.0,0.0,0.0,79.273,1.2079,2.8975
932.0,run_20260915_165614,,unloading,unloading,37.672,25.131,99.988,5.0,0.0,0.0,0.0,79.273,1.2096,2.8975
933.0,run_20260915_165614,,unloading,unloading,37.665,25.128,99.988,5.0,0.0,0.0,0.0,79.273,1.2112,2.8975
934.0,run_20260915_165614,,unloading,unloading,37.657,25.125,99.988,5.0,0.0,0.0,0.0,79.273,1.2129,2.8975
935.0,run_20260915_165614,,waiting,waiting,37.65,25.121,99.988,0.0,0.0,0.0,0.0,79.273,1.2146,2.8975
936.0,run_20260915_165614,,waiting,waiting,37.642,25.118,99.988,0.0,0.0,0.0,0.0,79.273,1.2162,2.8975
937.0,run_20260915_165614,,waiting,waiting,37.635,25.114,99.988,0.0,0.0,0.0,0.0,79.273,1.2179,2.8975
938.0,run_20260915_165614,,waiting,waiting,37.627,25.111,99.988,0.0,0.0,0.0,0.0,79.273,1.2196,2.8975
939.0,run_20260915_165614,,waiting,waiting,37.619,25.107,99.988,0.0,0.0,0.0,0.0,79.273,1.2212,2.8975
940.0,run_20260915_165614,,waiting,waiting,37.612,25.104,99.988,0.0,0.0,0.0,0.0,79.273,1.2229,2.8975
941.0,run_20260915_165614,,waiting,waiting,37.604,25.101,99.988,0.0,0.0,0.0,0.0,79.273,1.2246,2.8975
942.0,run_20260915_165614,,waiting,waiting,37.597,25.097,99.988,0.0,0.0,0.0,0.0,79.273,1.2262,2.8975
943.0,run_20260915_165614,,waiting,waiting,37.589,25.094,99.988,0.0,0.0,0.0,0.0,79.273,1.2279,2.8975
944.0,run_20260915_165614,,waiting,waiting,37.581,25.09,99.988,0.0,0.0,0.0,0.0,79.273,1.2296,2.8975
945.0,run_20260915_165614,,waiting,waiting,37.574,25.087,99.988,0.0,0.0,0.0,0.0,79.273,1.2312,2.8975
946.0,run_20260915_165614,,waiting,waiting,37.566,25.084,99.988,0.0,0.0,0.0,0.0,79.273,1.2329,2.8975
947.0,run_20260915_165614,,waiting,waiting,37.559,25.08,99.988,0.0,0.0,0.0,0.0,79.273,1.2346,2.8975
948.0,run_20260915_165614,,waiting,waiting,37.551,25.077,99.988,0.0,0.0,0.0,0.0,79.273,1.2362,2.8975
949.0,run_20260915_165614,,waiting,waiting,37.544,25.073,99.988,0.0,0.0,0.0,0.0,79.273,1.2379,2.8975
950.0,run_20260915_165614,,waiting,waiting,37.536,25.07,99.988,0.0,0.0,0.0,0.0,79.273,1.2396,2.8975
951.0,run_20260915_165614,,waiting,waiting,37.528,25.067,99.988,0.0,0.0,0.0,0.0,79.273,1.2412,2.8975
952.0,run_20260915_165614,,waiting,waiting,37.521,25.063,99.988,0.0,0.0,0.0,0.0,79.273,1.2429,2.8975
953.0,run_20260915_165614,,waiting,waiting,37.513,25.06,99.988,0.0,0.0,0.0,0.0,79.273,1.2446,2.8975
954.0,run_20260915_165614,,waiting,waiting,37.506,25.057,99.988,0.0,0.0,0.0,0.0,79.273,1.2462,2.8975
955.0,run_20260915_165614,,waiting,waiting,37.498,25.053,99.988,0.0,0.0,0.0,0.0,79.273,1.2479,2.8975
956.0,run_20260915_165614,,waiting,waiting,37.491,25.05,99.988,0.0,0.0,0.0,0.0,79.273,1.2496,2.8975
957.0,run_20260915_165614,,waiting,waiting,37.483,25.046,99.987,0.0,0.0,0.0,0.0,79.273,1.2512,2.8975
958.0,run_20260915_165614,,waiting,waiting,37.475,25.043,99.987,0.0,0.0,0.0,0.0,79.273,1.2529,2.8975
959.0,run_20260915_165614,,waiting,waiting,37.468,25.04,99.987,0.0,0.0,0.0,0.0,79.273,1.2546,2.8975
960.0,run_20260915_165614,,waiting,waiting,37.46,25.036,99.987,0.0,0.0,0.0,0.0,79.273,1.2562,2.8975
961.0,run_20260915_165614,,waiting,waiting,37.453,25.033,99.987,0.0,0.0,0.0,0.0,79.273,1.2579,2.8975
962.0,run_20260915_165614,,waiting,waiting,37.445,25.03,99.987,0.0,0.0,0.0,0.0,79.273,1.2596,2.8975
963.0,run_20260915_165614,,waiting,waiting,37.438,25.026,99.987,0.0,0.0,0.0,0.0,79.273,1.2612,2.8975
964.0,run_20260915_165614,,waiting,waiting,37.43,25.023,99.987,0.0,0.0,0.0,0.0,79.273,1.2629,2.8975
965.0,run_20260915_165614,,waiting,waiting,37.422,25.02,99.987,0.0,0.0,0.0,0.0,79.273,1.2646,2.8975
966.0,run_20260915_165614,,waiting,waiting,37.415,25.016,99.987,0.0,0.0,0.0,0.0,79.273,1.2662,2.8975
967.0,run_20260915_165614,,waiting,waiting,37.407,25.013,99.987,0.0,0.0,0.0,0.0,79.273,1.2679,2.8975
968.0,run_20260915_165614,,waiting,waiting,37.4,25.01,99.987,0.0,0.0,0.0,0.0,79.273,1.2696,2.8975
969.0,run_20260915_165614,,waiting,waiting,37.392,25.006,99.987,0.0,0.0,0.0,0.0,79.273,1.2712,2.8975
970.0,run_20260915_165614,,waiting,waiting,37.385,25.003,99.987,0.0,0.0,0.0,0.0,79.273,1.2729,2.8975
971.0,run_20260915_165614,,waiting,waiting,37.377,25.0,99.987,0.0,0.0,0.0,0.0,79.273,1.2746,2.8975
972.0,run_20260915_165614,,waiting,waiting,37.369,24.997,99.987,0.0,0.0,0.0,0.0,79.273,1.2762,2.8975
973.0,run_20260915_165614,,waiting,waiting,37.362,24.993,99.987,0.0,0.0,0.0,0.0,79.273,1.2779,2.8975
974.0,run_20260915_165614,,waiting,waiting,37.354,24.99,99.987,0.0,0.0,0.0,0.0,79.273,1.2796,2.8975
975.0,run_20260915_165614,,waiting,waiting,37.347,24.987,99.987,0.0,0.0,0.0,0.0,79.273,1.2812,2.8975
976.0,run_20260915_165614,,waiting,waiting,37.339,24.983,99.987,0.0,0.0,0.0,0.0,79.273,1.2829,2.8975
977.0,run_20260915_165614,,waiting,waiting,37.331,24.98,99.987,0.0,0.0,0.0,0.0,79.273,1.2846,2.8975
978.0,run_20260915_165614,,waiting,waiting,37.324,24.977,99.987,0.0,0.0,0.0,0.0,79.273,1.2862,2.8975
979.0,run_20260915_165614,,waiting,waiting,37.316,24.974,99.987,0.0,0.0,0.0,0.0,79.273,1.2879,2.8975
980.0,run_20260915_165614,,waiting,waiting,37.309,24.97,99.987,0.0,0.0,0.0,0.0,79.273,1.2896,2.8975
981.0,run_20260915_165614,,waiting,waiting,37.301,24.967,99.987,0.0,0.0,0.0,0.0,79.273,1.2912,2.8975
982.0,run_20260915_165614,,waiting,waiting,37.294,24.964,99.987,0.0,0.0,0.0,0.0,79.273,1.2929,2.8975
983.0,run_20260915_165614,,waiting,waiting,37.286,24.96,99.987,0.0,0.0,0.0,0.0,79.273,1.2946,2.8975
984.0,run_20260915_165614,,waiting,waiting,37.278,24.957,99.987,0.0,0.0,0.0,0.0,79.273,1.2962,2.8975
985.0,run_20260915_165614,,waiting,waiting,37.271,24.954,99.987,0.0,0.0,0.0,0.0,79.273,1.2979,2.8975
986.0,run_20260915_165614,,waiting,waiting,37.263,24.951,99.987,0.0,0.0,0.0,0.0,79.273,1.2996,2.8975
987.0,run_20260915_165614,,waiting,waiting,37.256,24.947,99.987,0.0,0.0,0.0,0.0,79.273,1.3012,2.8975
988.0,run_20260915_165614,,waiting,waiting,37.248,24.944,99.987,0.0,0.0,0.0,0.0,79.273,1.3029,2.8975
989.0,run_20260915_165614,,waiting,waiting,37.241,24.941,99.987,0.0,0.0,0.0,0.0,79.273,1.3046,2.8975
990.0,run_20260915_165614,,waiting,waiting,37.233,24.938,99.987,0.0,0.0,0.0,0.0,79.273,1.3062,2.8975
991.0,run_20260915_165614,,waiting,waiting,37.225,24.935,99.987,0.0,0.0,0.0,0.0,79.273,1.3079,2.8975
992.0,run_20260915_165614,,waiting,waiting,37.218,24.931,99.987,0.0,0.0,0.0,0.0,79.273,1.3096,2.8975
993.0,run_20260915_165614,,waiting,waiting,37.21,24.928,99.987,0.0,0.0,0.0,0.0,79.273,1.3112,2.8975
994.0,run_20260915_165614,,waiting,waiting,37.203,24.925,99.987,0.0,0.0,0.0,0.0,79.273,1.3129,2.8975
995.0,run_20260915_165614,,waiting,waiting,37.195,24.922,99.987,0.0,0.0,0.0,0.0,79.273,1.3146,2.8975
996.0,run_20260915_165614,,waiting,waiting,37.188,24.918,99.987,0.0,0.0,0.0,0.0,79.273,1.3162,2.8975
997.0,run_20260915_165614,,waiting,waiting,37.18,24.915,99.987,0.0,0.0,0.0,0.0,79.273,1.3179,2.8975
998.0,run_20260915_165614,,waiting,waiting,37.172,24.912,99.987,0.0,0.0,0.0,0.0,79.273,1.3196,2.8975
999.0,run_20260915_165614,,waiting,waiting,37.165,24.909,99.987,0.0,0.0,0.0,0.0,79.273,1.3212,2.8975
1000.0,run_20260915_165614,,waiting,waiting,37.157,24.906,99.987,0.0,0.0,0.0,0.0,79.273,1.3229,2.8975
1001.0,run_20260915_165614,,waiting,waiting,37.15,24.902,99.987,0.0,0.0,0.0,0.0,79.273,1.3246,2.8975
1002.0,run_20260915_165614,,waiting,waiting,37.142,24.899,99.987,0.0,0.0,0.0,0.0,79.273,1.3262,2.8975
1003.0,run_20260915_165614,,waiting,waiting,37.135,24.896,99.987,0.0,0.0,0.0,0.0,79.273,1.3279,2.8975
1004.0,run_20260915_165614,,waiting,waiting,37.127,24.893,99.987,0.0,0.0,0.0,0.0,79.273,1.3296,2.8975
1005.0,run_20260915_165614,,waiting,waiting,37.119,24.89,99.987,0.0,0.0,0.0,0.0,79.273,1.3312,2.8975
1006.0,run_20260915_165614,,waiting,waiting,37.112,24.886,99.987,0.0,0.0,0.0,0.0,79.273,1.3329,2.8975
1007.0,run_20260915_165614,,waiting,waiting,37.104,24.883,99.987,0.0,0.0,0.0,0.0,79.273,1.3346,2.8975
1008.0,run_20260915_165614,,waiting,waiting,37.097,24.88,99.987,0.0,0.0,0.0,0.0,79.273,1.3362,2.8975
1009.0,run_20260915_165614,,waiting,waiting,37.089,24.877,99.987,0.0,0.0,0.0,0.0,79.273,1.3379,2.8975
1010.0,run_20260915_165614,,waiting,waiting,37.081,24.874,99.987,0.0,0.0,0.0,0.0,79.273,1.3396,2.8975
1011.0,run_20260915_165614,,waiting,waiting,37.074,24.871,99.987,0.0,0.0,0.0,0.0,79.273,1.3412,2.8975
1012.0,run_20260915_165614,,waiting,waiting,37.066,24.867,99.987,0.0,0.0,0.0,0.0,79.273,1.3429,2.8975
1013.0,run_20260915_165614,,waiting,waiting,37.059,24.864,99.987,0.0,0.0,0.0,0.0,79.273,1.3446,2.8975
1014.0,run_20260915_165614,,waiting,waiting,37.051,24.861,99.987,0.0,0.0,0.0,0.0,79.273,1.3462,2.8975
1015.0,run_20260915_165614,,waiting,waiting,37.044,24.858,99.987,0.0,0.0,0.0,0.0,79.273,1.3479,2.8975
1016.0,run_20260915_165614,,waiting,waiting,37.036,24.855,99.987,0.0,0.0,0.0,0.0,79.273,1.3496,2.8975
1017.0,run_20260915_165614,,waiting,waiting,37.028,24.852,99.986,0.0,0.0,0.0,0.0,79.273,1.3512,2.8975
1018.0,run_20260915_165614,,waiting,waiting,37.021,24.849,99.986,0.0,0.0,0.0,0.0,79.273,1.3529,2.8975
1019.0,run_20260915_165614,,waiting,waiting,37.013,24.845,99.986,0.0,0.0,0.0,0.0,79.273,1.3546,2.8975
1020.0,run_20260915_165614,,waiting,waiting,37.006,24.842,99.986,0.0,0.0,0.0,0.0,79.273,1.3562,2.8975
1021.0,run_20260915_165614,,waiting,waiting,36.998,24.839,99.986,0.0,0.0,0.0,0.0,79.273,1.3579,2.8975
1022.0,run_20260915_165614,,waiting,waiting,36.991,24.836,99.986,0.0,0.0,0.0,0.0,79.273,1.3596,2.8975
1023.0,run_20260915_165614,,waiting,waiting,36.983,24.833,99.986,0.0,0.0,0.0,0.0,79.273,1.3612,2.8975
1024.0,run_20260915_165614,,waiting,waiting,36.975,24.83,99.986,0.0,0.0,0.0,0.0,79.273,1.3629,2.8975
1025.0,run_20260915_165614,,waiting,waiting,36.968,24.827,99.986,0.0,0.0,0.0,0.0,79.273,1.3646,2.8975
1026.0,run_20260915_165614,,waiting,waiting,36.96,24.824,99.986,0.0,0.0,0.0,0.0,79.273,1.3662,2.8975
1027.0,run_20260915_165614,,waiting,waiting,36.953,24.821,99.986,0.0,0.0,0.0,0.0,79.273,1.3679,2.8975
1028.0,run_20260915_165614,,waiting,waiting,36.945,24.817,99.986,0.0,0.0,0.0,0.0,79.273,1.3696,2.8975
1029.0,run_20260915_165614,,waiting,waiting,36.938,24.814,99.986,0.0,0.0,0.0,0.0,79.273,1.3712,2.8975
1030.0,run_20260915_165614,,waiting,waiting,36.93,24.811,99.986,0.0,0.0,0.0,0.0,79.273,1.3729,2.8975
1031.0,run_20260915_165614,,waiting,waiting,36.922,24.808,99.986,0.0,0.0,0.0,0.0,79.273,1.3746,2.8975
1032.0,run_20260915_165614,,waiting,waiting,36.915,24.805,99.986,0.0,0.0,0.0,0.0,79.273,1.3762,2.8975
1033.0,run_20260915_165614,,waiting,waiting,36.907,24.802,99.986,0.0,0.0,0.0,0.0,79.273,1.3779,2.8975
1034.0,run_20260915_165614,,waiting,waiting,36.9,24.799,99.986,0.0,0.0,0.0,0.0,79.273,1.3796,2.8975
1035.0,run_20260915_165614,,waiting,waiting,36.892,24.796,99.986,0.0,0.0,0.0,0.0,79.273,1.3812,2.8975
1036.0,run_20260915_165614,,waiting,waiting,36.885,24.793,99.986,0.0,0.0,0.0,0.0,79.273,1.3829,2.8975
1037.0,run_20260915_165614,,waiting,waiting,36.877,24.79,99.986,0.0,0.0,0.0,0.0,79.273,1.3846,2.8975
1038.0,run_20260915_165614,,waiting,waiting,36.869,24.787,99.986,0.0,0.0,0.0,0.0,79.273,1.3862,2.8975
1039.0,run_20260915_165614,,waiting,waiting,36.862,24.784,99.986,0.0,0.0,0.0,0.0,79.273,1.3879,2.8975
1040.0,run_20260915_165614,,waiting,waiting,36.854,24.78,99.986,0.0,0.0,0.0,0.0,79.273,1.3896,2.8975
1041.0,run_20260915_165614,,waiting,waiting,36.847,24.777,99.986,0.0,0.0,0.0,0.0,79.273,1.3912,2.8975
1042.0,run_20260915_165614,,waiting,waiting,36.839,24.774,99.986,0.0,0.0,0.0,0.0,79.273,1.3929,2.8975
1043.0,run_20260915_165614,,waiting,waiting,36.831,24.771,99.986,0.0,0.0,0.0,0.0,79.273,1.3946,2.8975
1044.0,run_20260915_165614,,waiting,waiting,36.824,24.768,99.986,0.0,0.0,0.0,0.0,79.273,1.3962,2.8975
1045.0,run_20260915_165614,,waiting,waiting,36.816,24.765,99.986,0.0,0.0,0.0,0.0,79.273,1.3979,2.8975
1046.0,run_20260915_165614,,waiting,waiting,36.809,24.762,99.986,0.0,0.0,0.0,0.0,79.273,1.3996,2.8975
1047.0,run_20260915_165614,,waiting,waiting,36.801,24.759,99.986,0.0,0.0,0.0,0.0,79.273,1.4012,2.8975
1048.0,run_20260915_165614,,waiting,waiting,36.794,24.756,99.986,0.0,0.0,0.0,0.0,79.273,1.4029,2.8975
1049.0,run_20260915_165614,,waiting,waiting,36.786,24.753,99.986,0.0,0.0,0.0,0.0,79.273,1.4046,2.8975
1050.0,run_20260915_165614,,waiting,waiting,36.778,24.75,99.986,0.0,0.0,0.0,0.0,79.273,1.4062,2.8975
1051.0,run_20260915_165614,,waiting,waiting,36.771,24.747,99.986,0.0,0.0,0.0,0.0,79.273,1.4079,2.8975
1052.0,run_20260915_165614,,waiting,waiting,36.763,24.744,99.986,0.0,0.0,0.0,0.0,79.273,1.4096,2.8975
1053.0,run_20260915_165614,,waiting,waiting,36.756,24.741,99.986,0.0,0.0,0.0,0.0,79.273,1.4112,2.8975
1054.0,run_20260915_165614,,waiting,waiting,36.748,24.738,99.986,0.0,0.0,0.0,0.0,79.273,1.4129,2.8975
1055.0,run_20260915_165614,,waiting,waiting,36.741,24.735,99.986,0.0,0.0,0.0,0.0,79.273,1.4146,2.8975
1056.0,run_20260915_165614,,waiting,waiting,36.733,24.732,99.986,0.0,0.0,0.0,0.0,79.273,1.4162,2.8975
1057.0,run_20260915_165614,,driving,driving,36.725,24.729,99.986,0.0,0.0,0.0,0.0,79.273,1.4179,2.8975
1058.0,run_20260915_165614,,driving,driving,36.717,24.728,99.986,0.0,0.068,0.038,0.0448,79.318,1.4198,2.8975
1059.0,run_20260915_165614,,driving,driving,36.706,24.746,99.986,0.0,0.55,0.306,0.1292,79.447,1.4221,2.8975
1060.0,run_20260915_165614,,driving,driving,36.688,24.776,99.986,0.0,0.896,0.499,0.4594,79.906,1.4261,2.8975
1061.0,run_20260915_165614,,driving,driving,36.67,24.806,99.986,0.0,0.897,0.5,0.4824,80.389,1.4302,2.8975
1062.0,run_20260915_165614,,driving,driving,36.651,24.836,99.986,0.0,0.889,0.495,0.4854,80.874,1.4342,2.8975
1063.0,run_20260915_165614,,driving,driving,36.632,24.865,99.986,0.0,0.862,0.48,0.4974,81.372,1.4384,2.8975
1064.0,run_20260915_165614,,driving,driving,36.613,24.895,99.986,0.0,0.894,0.498,0.4971,81.869,1.4426,2.8975
1065.0,run_20260915_165614,,driving,driving,36.594,24.924,99.986,0.0,0.888,0.495,0.5013,82.37,1.4467,2.8975
1066.0,run_20260915_165614,,driving,driving,36.575,24.954,99.985,0.0,0.89,0.496,0.5011,82.871,1.4509,2.8975
1067.0,run_20260915_165614,,driving,driving,36.557,24.984,99.985,0.0,0.895,0.498,0.4853,83.356,1.455,2.8975
1068.0,run_20260915_165614,,driving,driving,36.538,25.014,99.985,0.0,0.897,0.5,0.5026,83.859,1.4592,2.8975
1069.0,run_20260915_165614,,driving,driving,36.519,25.043,99.985,0.0,0.89,0.496,0.5011,84.36,1.4633,2.8975
1070.0,run_20260915_165614,,driving,driving,36.501,25.071,99.985,0.0,0.835,0.465,0.4579,84.818,1.4673,2.8975
1071.0,run_20260915_165614,,driving,driving,36.483,25.101,99.985,0.0,0.897,0.5,0.4631,85.281,1.4713,2.8975
1072.0,run_20260915_165614,,driving,driving,36.464,25.129,99.985,0.0,0.851,0.474,0.4997,85.781,1.4755,2.8975
1073.0,run_20260915_165614,,driving,driving,36.445,25.156,99.985,0.0,0.835,0.465,0.4753,86.256,1.4795,2.8975
1074.0,run_20260915_165614,,driving,driving,36.427,25.186,99.985,0.0,0.897,0.5,0.4843,86.74,1.4836,2.8975
1075.0,run_20260915_165614,,driving,driving,36.408,25.215,99.985,0.0,0.892,0.497,0.5015,87.242,1.4878,2.8975
1076.0,run_20260915_165614,,driving,driving,36.389,25.245,99.985,0.0,0.893,0.498,0.4827,87.725,1.4918,2.8975
1077.0,run_20260915_165614,,driving,driving,36.37,25.275,99.985,0.0,0.897,0.5,0.5003,88.225,1.496,2.8975
1078.0,run_20260915_165614,,driving,driving,36.351,25.303,99.985,0.0,0.86,0.479,0.4986,88.723,1.5002,2.8975
1079.0,run_20260915_165614,,driving,driving,36.335,25.321,99.985,0.0,0.601,0.335,0.4056,89.129,1.5039,2.8975
1080.0,run_20260915_165614,,loading,loading,36.323,25.318,99.985,0.0,0.0,0.0,0.1616,89.291,1.5064,2.8975
1081.0,run_20260915_165614,,loading,loading,36.316,25.314,99.985,0.0,0.0,0.0,0.0,89.291,1.508,2.8975
1082.0,run_20260915_165614,,loading,loading,36.308,25.31,99.985,0.0,0.0,0.0,0.0,89.291,1.5097,2.8975
1083.0,run_20260915_165614,,loading,loading,36.301,25.307,99.985,0.0,0.0,0.0,0.0,89.291,1.5114,2.8975
1084.0,run_20260915_165614,,loading,loading,36.293,25.303,99.985,0.0,0.0,0.0,0.0,89.291,1.513,2.8975
1085.0,run_20260915_165614,,loading,loading,36.286,25.299,99.985,0.0,0.0,0.0,0.0,89.291,1.5147,2.8975
1086.0,run_20260915_165614,,loading,loading,36.278,25.296,99.985,0.0,0.0,0.0,0.0,89.291,1.5164,2.8975
1087.0,run_20260915_165614,,loading,loading,36.27,25.292,99.985,0.0,0.0,0.0,0.0,89.291,1.518,2.8975
1088.0,run_20260915_165614,,loading,loading,36.263,25.289,99.985,0.0,0.0,0.0,0.0,89.291,1.5197,2.8975
1089.0,run_20260915_165614,,loading,loading,36.255,25.285,99.985,0.0,0.0,0.0,0.0,89.291,1.5214,2.8975
1090.0,run_20260915_165614,,loading,loading,36.248,25.281,99.985,0.0,0.0,0.0,0.0,89.291,1.523,2.8975
1091.0,run_20260915_165614,,loading,loading,36.24,25.278,99.985,0.0,0.0,0.0,0.0,89.291,1.5247,2.8975
1092.0,run_20260915_165614,,loading,loading,36.232,25.274,99.985,0.0,0.0,0.0,0.0,89.291,1.5264,2.8975
1093.0,run_20260915_165614,,loading,loading,36.225,25.271,99.985,0.0,0.0,0.0,0.0,89.291,1.528,2.8975
1094.0,run_20260915_165614,,loading,loading,36.217,25.267,99.985,0.0,0.0,0.0,0.0,89.291,1.5297,2.8975
1095.0,run_20260915_165614,,loading,loading,36.21,25.263,99.985,0.0,0.0,0.0,0.0,89.291,1.5314,2.8975
1096.0,run_20260915_165614,,loading,loading,36.202,25.26,99.985,0.0,0.0,0.0,0.0,89.291,1.533,2.8975
1097.0,run_20260915_165614,,loading,loading,36.195,25.256,99.985,0.0,0.0,0.0,0.0,89.291,1.5347,2.8975
1098.0,run_20260915_165614,,loading,loading,36.187,25.253,99.985,0.0,0.0,0.0,0.0,89.291,1.5364,2.8975
1099.0,run_20260915_165614,,loading,loading,36.179,25.249,99.985,0.0,0.0,0.0,0.0,89.291,1.538,2.8975
1100.0,run_20260915_165614,,loading,loading,36.172,25.245,99.985,0.0,0.0,0.0,0.0,89.291,1.5397,2.8975
1101.0,run_20260915_165614,,loading,loading,36.164,25.242,99.985,0.0,0.0,0.0,0.0,89.291,1.5414,2.8975
1102.0,run_20260915_165614,,loading,loading,36.157,25.238,99.985,0.0,0.0,0.0,0.0,89.291,1.543,2.8975
1103.0,run_20260915_165614,,loading,loading,36.149,25.235,99.985,0.0,0.0,0.0,0.0,89.291,1.5447,2.8975
1104.0,run_20260915_165614,,loading,loading,36.142,25.231,99.985,0.0,0.0,0.0,0.0,89.291,1.5464,2.8975
1105.0,run_20260915_165614,,loading,loading,36.134,25.228,99.985,0.0,0.0,0.0,0.0,89.291,1.548,2.8975
1106.0,run_20260915_165614,,loading,loading,36.126,25.224,99.985,0.0,0.0,0.0,0.0,89.291,1.5497,2.8975
1107.0,run_20260915_165614,,loading,loading,36.119,25.221,99.984,0.0,0.0,0.0,0.0,89.291,1.5514,2.8975
1108.0,run_20260915_165614,,loading,loading,36.111,25.217,99.984,0.0,0.0,0.0,0.0,89.291,1.553,2.8975
1109.0,run_20260915_165614,,loading,loading,36.104,25.213,99.984,0.0,0.0,0.0,0.0,89.291,1.5547,2.8975
1110.0,run_20260915_165614,,waiting,waiting,36.096,25.21,99.984,3.0,0.0,0.0,0.0,89.291,1.5564,2.8975
1111.0,run_20260915_165614,,driving,driving,36.088,25.214,99.984,3.0,0.186,0.104,0.0158,89.307,1.5582,2.8975
1112.0,run_20260915_165614,,driving,driving,36.075,25.221,99.984,3.0,0.232,0.129,0.1372,89.444,1.561,2.8975
1113.0,run_20260915_165614,,driving,driving,36.066,25.219,99.984,3.0,0.032,0.018,0.0477,89.491,1.5631,2.8975
1114.0,run_20260915_165614,,driving,driving,36.057,25.221,99.984,3.0,0.146,0.081,0.0249,89.516,1.5649,2.8975
1115.0,run_20260915_165614,,driving,driving,36.036,25.256,99.984,3.0,0.892,0.497,0.3397,89.856,1.5695,2.8975
1116.0,run_20260915_165614,,driving,driving,36.01,25.29,99.984,3.0,0.886,0.494,0.4833,90.339,1.5753,2.8975
1117.0,run_20260915_165614,,driving,driving,35.983,25.324,99.984,3.0,0.896,0.499,0.5024,90.842,1.5812,2.8975
1118.0,run_20260915_165614,,driving,driving,35.956,25.358,99.984,3.0,0.875,0.488,0.4996,91.341,1.5871,2.8975
1119.0,run_20260915_165614,,driving,driving,35.93,25.392,99.984,3.0,0.882,0.491,0.4974,91.839,1.593,2.8975
1120.0,run_20260915_165614,,driving,driving,35.904,25.426,99.984,3.0,0.897,0.5,0.4734,92.312,1.5987,2.8975
1121.004,run_20260915_165614,,driving,driving,35.878,25.461,99.984,3.0,0.897,0.5,0.4655,92.778,1.6043,2.8975
1122.0,run_20260915_165614,,driving,driving,35.851,25.495,99.984,3.0,0.891,0.496,0.5028,93.28,1.6102,2.8975
1123.0,run_20260915_165614,,driving,driving,35.824,25.528,99.984,3.0,0.886,0.494,0.4991,93.779,1.6161,2.8975
1124.0,run_20260915_165614,,driving,driving,35.798,25.562,99.984,3.0,0.869,0.484,0.4854,94.265,1.6219,2.8975
1125.0,run_20260915_165614,,driving,driving,35.785,25.564,99.984,3.0,0.144,0.08,0.1478,94.413,1.6249,2.8975
1126.0,run_20260915_165614,,driving,driving,35.765,25.597,99.984,3.0,0.867,0.483,0.3205,94.733,1.6292,2.8975
1127.0,run_20260915_165614,,driving,driving,35.747,25.598,99.984,3.0,0.118,0.066,0.2696,95.003,1.6332,2.8975
1128.0,run_20260915_165614,,driving,driving,35.738,25.598,99.984,3.0,0.087,0.048,0.0385,95.041,1.6352,2.8975
1129.0,run_20260915_165614,,driving,driving,35.721,25.626,99.984,3.0,0.752,0.419,0.2453,95.286,1.6389,2.8975
1130.0,run_20260915_165614,,driving,driving,35.696,25.659,99.984,3.0,0.89,0.496,0.4433,95.73,1.6444,2.8975
1131.0,run_20260915_165614,,driving,driving,35.67,25.689,99.983,3.0,0.785,0.437,0.4858,96.216,1.6502,2.8975
1132.0,run_20260915_165614,,driving,driving,35.644,25.722,99.983,3.0,0.883,0.492,0.4569,96.673,1.6557,2.8975
1133.0,run_20260915_165614,,driving,driving,35.617,25.756,99.983,3.0,0.897,0.5,0.5013,97.174,1.6617,2.8975
1134.0,run_20260915_165614,,driving,driving,35.591,25.79,99.983,3.0,0.897,0.5,0.4857,97.659,1.6675,2.8975
1135.0,run_20260915_165614,,driving,driving,35.564,25.824,99.983,3.0,0.897,0.5,0.5036,98.163,1.6734,2.8975
1136.0,run_20260915_165614,,driving,driving,35.537,25.858,99.983,3.0,0.895,0.499,0.5015,98.665,1.6793,2.8975
1137.0,run_20260915_165614,,driving,driving,35.51,25.892,99.983,3.0,0.897,0.5,0.5037,99.168,1.6853,2.8975
1138.0,run_20260915_165614,,driving,driving,35.483,25.926,99.983,3.0,0.897,0.5,0.5034,99.672,1.6912,2.8975
1139.0,run_20260915_165614,,driving,driving,35.457,25.96,99.983,3.0,0.896,0.499,0.486,100.158,1.6971,2.8975
1140.0,run_20260915_165614,,driving,driving,35.43,25.994,99.983,3.0,0.897,0.5,0.502,100.66,1.703,2.8975
1141.0,run_20260915_165614,,driving,driving,35.403,26.028,99.983,3.0,0.896,0.499,0.5037,101.163,1.7089,2.8975
1142.0,run_20260915_165614,,driving,driving,35.375,26.061,99.983,3.0,0.897,0.5,0.5036,101.667,1.7149,2.8975
1143.0,run_20260915_165614,,driving,driving,35.349,26.095,99.983,3.0,0.896,0.499,0.4859,102.153,1.7207,2.8975
1144.0,run_20260915_165614,,driving,driving,35.322,26.129,99.983,3.0,0.897,0.5,0.5038,102.657,1.7267,2.8975
1145.0,run_20260915_165614,,driving,driving,35.295,26.162,99.983,3.0,0.897,0.5,0.5034,103.16,1.7326,2.8975
1146.0,run_20260915_165614,,driving,driving,35.268,26.194,99.983,3.0,0.846,0.472,0.4887,103.649,1.7384,2.8975
1147.0,run_20260915_165614,,driving,driving,35.242,26.225,99.983,3.0,0.852,0.474,0.4779,104.127,1.7442,2.8975
1148.0,run_20260915_165614,,driving,driving,35.217,26.257,99.983,3.0,0.858,0.478,0.4708,104.597,1.7499,2.8975
1149.0,run_20260915_165614,,driving,driving,35.191,26.29,99.982,3.0,0.877,0.489,0.4729,105.07,1.7556,2.8975
1150.0,run_20260915_165614,,driving,driving,35.164,26.323,99.982,3.0,0.897,0.5,0.4997,105.57,1.7615,2.8975
1151.0,run_20260915_165614,,driving,driving,35.137,26.357,99.982,3.0,0.896,0.499,0.5027,106.073,1.7674,2.8975
1152.0,run_20260915_165614,,driving,driving,35.11,26.39,99.982,3.0,0.892,0.497,0.4842,106.557,1.7732,2.8975
1153.0,run_20260915_165614,,driving,driving,35.083,26.423,99.982,3.0,0.897,0.5,0.5011,107.058,1.7792,2.8975
1154.0,run_20260915_165614,,driving,driving,35.056,26.455,99.982,3.0,0.862,0.48,0.5007,107.559,1.7851,2.8975
1155.0,run_20260915_165614,,driving,driving,35.033,26.474,99.982,3.0,0.559,0.311,0.3935,107.952,1.7901,2.8975
1156.0,run_20260915_165614,,loading,loading,35.021,26.469,99.982,3.0,0.0,0.0,0.1311,108.083,1.7929,2.8975
1157.0,run_20260915_165614,,loading,loading,35.013,26.464,99.982,3.0,0.0,0.0,0.0,108.083,1.7946,2.8975
1158.0,run_20260915_165614,,loading,loading,35.006,26.459,99.982,3.0,0.0,0.0,0.0,108.083,1.7963,2.8975
1159.0,run_20260915_165614,,loading,loading,34.998,26.454,99.982,3.0,0.0,0.0,0.0,108.083,1.7979,2.8975
1160.0,run_20260915_165614,,loading,loading,34.99,26.449,99.982,3.0,0.0,0.0,0.0,108.083,1.7996,2.8975
1161.0,run_20260915_165614,,loading,loading,34.983,26.444,99.982,3.0,0.0,0.0,0.0,108.083,1.8013,2.8975
1162.0,run_20260915_165614,,loading,loading,34.975,26.44,99.982,3.0,0.0,0.0,0.0,108.083,1.8029,2.8975
1163.0,run_20260915_165614,,loading,loading,34.968,26.435,99.982,3.0,0.0,0.0,0.0,108.083,1.8046,2.8975
1164.0,run_20260915_165614,,loading,loading,34.96,26.43,99.982,3.0,0.0,0.0,0.0,108.083,1.8063,2.8975
1165.0,run_20260915_165614,,loading,loading,34.953,26.425,99.982,3.0,0.0,0.0,0.0,108.083,1.8079,2.8975
1166.0,run_20260915_165614,,loading,loading,34.945,26.42,99.982,3.0,0.0,0.0,0.0,108.083,1.8096,2.8975
1167.0,run_20260915_165614,,loading,loading,34.937,26.415,99.982,3.0,0.0,0.0,0.0,108.083,1.8113,2.8975
1168.0,run_20260915_165614,,loading,loading,34.93,26.41,99.982,3.0,0.0,0.0,0.0,108.083,1.8129,2.8975
1169.0,run_20260915_165614,,loading,loading,34.922,26.405,99.982,3.0,0.0,0.0,0.0,108.083,1.8146,2.8975
1170.0,run_20260915_165614,,loading,loading,34.915,26.401,99.982,3.0,0.0,0.0,0.0,108.083,1.8163,2.8975
1171.0,run_20260915_165614,,loading,loading,34.907,26.396,99.982,3.0,0.0,0.0,0.0,108.083,1.8179,2.8975
1172.0,run_20260915_165614,,loading,loading,34.9,26.391,99.982,3.0,0.0,0.0,0.0,108.083,1.8196,2.8975
1173.0,run_20260915_165614,,loading,loading,34.892,26.386,99.982,3.0,0.0,0.0,0.0,108.083,1.8213,2.8975
1174.0,run_20260915_165614,,loading,loading,34.884,26.381,99.982,3.0,0.0,0.0,0.0,108.083,1.8229,2.8975
1175.0,run_20260915_165614,,loading,loading,34.877,26.376,99.982,3.0,0.0,0.0,0.0,108.083,1.8246,2.8975
1176.0,run_20260915_165614,,loading,loading,34.869,26.372,99.982,3.0,0.0,0.0,0.0,108.083,1.8263,2.8975
1177.0,run_20260915_165614,,loading,loading,34.862,26.367,99.982,3.0,0.0,0.0,0.0,108.083,1.8279,2.8975
1178.0,run_20260915_165614,,loading,loading,34.854,26.362,99.982,3.0,0.0,0.0,0.0,108.083,1.8296,2.8975
1179.0,run_20260915_165614,,loading,loading,34.847,26.357,99.982,3.0,0.0,0.0,0.0,108.083,1.8313,2.8975
1180.0,run_20260915_165614,,loading,loading,34.839,26.352,99.982,3.0,0.0,0.0,0.0,108.083,1.8329,2.8975
1181.0,run_20260915_165614,,loading,loading,34.831,26.348,99.982,3.0,0.0,0.0,0.0,108.083,1.8346,2.8975
1182.0,run_20260915_165614,,loading,loading,34.824,26.343,99.982,3.0,0.0,0.0,0.0,108.083,1.8363,2.8975
1183.0,run_20260915_165614,,loading,loading,34.816,26.338,99.982,3.0,0.0,0.0,0.0,108.083,1.8379,2.8975
1184.0,run_20260915_165614,,loading,loading,34.809,26.333,99.982,3.0,0.0,0.0,0.0,108.083,1.8396,2.8975
1185.0,run_20260915_165614,,loading,loading,34.801,26.329,99.982,3.0,0.0,0.0,0.0,108.083,1.8413,2.8975
1186.0,run_20260915_165614,,waiting,waiting,34.794,26.324,99.982,5.0,0.0,0.0,0.0,108.083,1.8429,2.8975
1187.0,run_20260915_165614,,driving,driving,34.785,26.327,99.982,5.0,0.169,0.094,0.0129,108.096,1.8447,2.8975
1188.0,run_20260915_165614,,driving,driving,34.771,26.337,99.982,5.0,0.326,0.182,0.1413,108.238,1.8479,2.8975
1189.0,run_20260915_165614,,driving,driving,34.759,26.336,99.981,5.0,0.087,0.048,0.0831,108.321,1.8505,2.8975
1190.0,run_20260915_165614,,driving,driving,34.75,26.343,99.981,5.0,0.235,0.131,0.0298,108.351,1.8525,2.8975
1191.0,run_20260915_165614,,driving,driving,34.724,26.379,99.981,5.0,0.897,0.5,0.3712,108.722,1.8582,2.8975
1192.0,run_20260915_165614,,driving,driving,34.692,26.416,99.981,5.0,0.891,0.496,0.5024,109.224,1.8653,2.8975
1193.0,run_20260915_165614,,driving,driving,34.66,26.452,99.981,5.0,0.897,0.5,0.4842,109.708,1.8722,2.8975
1194.0,run_20260915_165614,,driving,driving,34.628,26.489,99.981,5.0,0.89,0.496,0.5003,110.209,1.8793,2.8975
1195.0,run_20260915_165614,,driving,driving,34.597,26.522,99.981,5.0,0.837,0.466,0.4814,110.69,1.8862,2.8975
1196.0,run_20260915_165614,,driving,driving,34.565,26.558,99.981,5.0,0.87,0.485,0.4954,111.186,1.8933,2.8975
1197.0,run_20260915_165614,,driving,driving,34.533,26.593,99.981,5.0,0.875,0.487,0.4769,111.662,1.9001,2.8975
1198.0,run_20260915_165614,,driving,driving,34.502,26.627,99.981,5.0,0.852,0.475,0.4906,112.153,1.9071,2.8975
1199.0,run_20260915_165614,,driving,driving,34.47,26.664,99.981,5.0,0.891,0.497,0.4936,112.647,1.9142,2.8975
1200.0,run_20260915_165614,,driving,driving,34.438,26.699,99.981,5.0,0.874,0.487,0.4966,113.143,1.9212,2.8975
1201.0,run_20260915_165614,,driving,driving,34.405,26.735,99.981,5.0,0.889,0.495,0.4956,113.639,1.9283,2.8975
1202.0,run_20260915_165614,,driving,driving,34.374,26.771,99.981,5.0,0.885,0.493,0.475,114.114,1.9351,2.8975
1203.0,run_20260915_165614,,driving,driving,34.343,26.806,99.981,5.0,0.88,0.49,0.4912,114.605,1.9421,2.8975
1204.0,run_20260915_165614,,driving,driving,34.31,26.841,99.981,5.0,0.883,0.492,0.4977,115.103,1.9492,2.8975
1205.0,run_20260915_165614,,driving,driving,34.278,26.877,99.98,5.0,0.894,0.498,0.4954,115.598,1.9563,2.8975
1206.0,run_20260915_165614,,driving,driving,34.247,26.912,99.98,5.0,0.869,0.484,0.4747,116.073,1.9631,2.8975
1207.0,run_20260915_165614,,driving,driving,34.215,26.948,99.98,5.0,0.886,0.494,0.4952,116.568,1.9702,2.8975
1208.0,run_20260915_165614,,driving,driving,34.183,26.984,99.98,5.0,0.894,0.498,0.4971,117.065,1.9772,2.8975
1209.0,run_20260915_165614,,driving,driving,34.151,27.019,99.98,5.0,0.884,0.493,0.5028,117.568,1.9844,2.8975
1210.0,run_20260915_165614,,driving,driving,34.121,27.044,99.98,5.0,0.657,0.366,0.438,118.006,1.9908,2.8975
1211.0,run_20260915_165614,,driving,driving,34.1,27.051,99.98,5.0,0.271,0.151,0.2678,118.274,1.9954,2.8975
1212.0,run_20260915_165614,,driving,driving,34.09,27.051,99.98,5.0,0.116,0.065,0.0518,118.326,1.9976,2.8975
1213.0,run_20260915_165614,,unloading,unloading,34.081,27.045,99.98,5.0,0.0,0.0,0.042,118.368,1.9997,2.8975
1214.0,run_20260915_165614,,unloading,unloading,34.073,27.04,99.98,5.0,0.0,0.0,0.0,118.368,2.0014,2.8975
1215.0,run_20260915_165614,,unloading,unloading,34.066,27.034,99.98,5.0,0.0,0.0,0.0,118.368,2.0031,2.8975
1216.0,run_20260915_165614,,unloading,unloading,34.058,27.029,99.98,5.0,0.0,0.0,0.0,118.368,2.0047,2.8975
1217.0,run_20260915_165614,,unloading,unloading,34.05,27.023,99.98,5.0,0.0,0.0,0.0,118.368,2.0064,2.8975
1218.0,run_20260915_165614,,unloading,unloading,34.043,27.018,99.98,5.0,0.0,0.0,0.0,118.368,2.0081,2.8975
1219.0,run_20260915_165614,,unloading,unloading,34.035,27.012,99.98,5.0,0.0,0.0,0.0,118.368,2.0097,2.8975
1220.0,run_20260915_165614,,unloading,unloading,34.028,27.007,99.98,5.0,0.0,0.0,0.0,118.368,2.0114,2.8975
1221.0,run_20260915_165614,,unloading,unloading,34.02,27.001,99.98,5.0,0.0,0.0,0.0,118.368,2.0131,2.8975
1222.0,run_20260915_165614,,unloading,unloading,34.013,26.996,99.98,5.0,0.0,0.0,0.0,118.368,2.0147,2.8975
1223.0,run_20260915_165614,,unloading,unloading,34.005,26.99,99.98,5.0,0.0,0.0,0.0,118.368,2.0164,2.8975
1224.0,run_20260915_165614,,unloading,unloading,33.997,26.985,99.98,5.0,0.0,0.0,0.0,118.368,2.0181,2.8975
1225.0,run_20260915_165614,,unloading,unloading,33.99,26.979,99.98,5.0,0.0,0.0,0.0,118.368,2.0197,2.8975
1226.0,run_20260915_165614,,unloading,unloading,33.982,26.974,99.98,5.0,0.0,0.0,0.0,118.368,2.0214,2.8975
1227.0,run_20260915_165614,,unloading,unloading,33.975,26.968,99.98,5.0,0.0,0.0,0.0,118.368,2.0231,2.8975
1228.0,run_20260915_165614,,unloading,unloading,33.967,26.963,99.98,5.0,0.0,0.0,0.0,118.368,2.0247,2.8975
1229.0,run_20260915_165614,,unloading,unloading,33.959,26.957,99.98,5.0,0.0,0.0,0.0,118.368,2.0264,2.8975
1230.0,run_20260915_165614,,unloading,unloading,33.952,26.952,99.98,5.0,0.0,0.0,0.0,118.368,2.0281,2.8975
1231.0,run_20260915_165614,,unloading,unloading,33.944,26.946,99.98,5.0,0.0,0.0,0.0,118.368,2.0297,2.8975
1232.0,run_20260915_165614,,unloading,unloading,33.937,26.941,99.98,5.0,0.0,0.0,0.0,118.368,2.0314,2.8975
1233.0,run_20260915_165614,,unloading,unloading,33.929,26.935,99.98,5.0,0.0,0.0,0.0,118.368,2.0331,2.8975
1234.0,run_20260915_165614,,unloading,unloading,33.922,26.93,99.98,5.0,0.0,0.0,0.0,118.368,2.0347,2.8975
1235.0,run_20260915_165614,,unloading,unloading,33.914,26.925,99.98,5.0,0.0,0.0,0.0,118.368,2.0364,2.8975
1236.0,run_20260915_165614,,unloading,unloading,33.906,26.919,99.98,5.0,0.0,0.0,0.0,118.368,2.0381,2.8975
1237.0,run_20260915_165614,,unloading,unloading,33.899,26.914,99.98,5.0,0.0,0.0,0.0,118.368,2.0397,2.8975
1238.0,run_20260915_165614,,unloading,unloading,33.891,26.908,99.98,5.0,0.0,0.0,0.0,118.368,2.0414,2.8975
1239.0,run_20260915_165614,,unloading,unloading,33.884,26.903,99.98,5.0,0.0,0.0,0.0,118.368,2.0431,2.8975
1240.0,run_20260915_165614,,unloading,unloading,33.876,26.898,99.98,5.0,0.0,0.0,0.0,118.368,2.0447,2.8975
1241.0,run_20260915_165614,,unloading,unloading,33.869,26.892,99.98,5.0,0.0,0.0,0.0,118.368,2.0464,2.8975
1242.0,run_20260915_165614,,unloading,unloading,33.861,26.887,99.98,5.0,0.0,0.0,0.0,118.368,2.0481,2.8975
1243.0,run_20260915_165614,,waiting,waiting,33.853,26.881,99.98,0.0,0.0,0.0,0.0,118.368,2.0497,2.8975
1244.0,run_20260915_165614,,driving,driving,33.845,26.883,99.979,0.0,0.195,0.109,0.0233,118.391,2.0515,2.8975
1245.0,run_20260915_165614,,driving,driving,33.837,26.88,99.979,0.0,0.063,0.035,0.0353,118.426,2.0534,2.8975
1246.0,run_20260915_165614,,driving,driving,33.824,26.906,99.979,0.0,0.83,0.462,0.2144,118.641,2.0561,2.8975
1247.0,run_20260915_165614,,driving,driving,33.806,26.933,99.979,0.0,0.897,0.5,0.4811,119.122,2.0602,2.8975
1248.0,run_20260915_165614,,driving,driving,33.787,26.961,99.979,0.0,0.897,0.5,0.5024,119.624,2.0644,2.8975
1249.0,run_20260915_165614,,driving,driving,33.768,26.989,99.979,0.0,0.896,0.499,0.4999,120.124,2.0686,2.8975
1250.0,run_20260915_165614,,driving,driving,33.749,27.017,99.979,0.0,0.894,0.498,0.5029,120.627,2.0728,2.8975
1251.0,run_20260915_165614,,driving,driving,33.73,27.044,99.979,0.0,0.896,0.499,0.4846,121.112,2.0769,2.8975
1252.0,run_20260915_165614,,driving,driving,33.711,27.072,99.979,0.0,0.897,0.5,0.503,121.614,2.0811,2.8975
1253.0,run_20260915_165614,,driving,driving,33.692,27.099,99.979,0.0,0.897,0.5,0.5025,122.117,2.0853,2.8975
1254.0,run_20260915_165614,,driving,driving,33.673,27.127,99.979,0.0,0.896,0.499,0.5034,122.62,2.0895,2.8975
1255.0,run_20260915_165614,,driving,driving,33.654,27.148,99.979,0.0,0.722,0.402,0.4772,123.098,2.0936,2.8975
1256.0,run_20260915_165614,,driving,driving,33.639,27.161,99.979,0.0,0.509,0.284,0.331,123.429,2.0969,2.8975
1257.0,run_20260915_165614,,driving,driving,33.629,27.158,99.979,0.0,0.076,0.043,0.1185,123.547,2.0992,2.8975
1258.0,run_20260915_165614,,driving,driving,33.62,27.156,99.979,0.0,0.095,0.053,0.0636,123.611,2.1012,2.8975
1259.0,run_20260915_165614,,charging,charging,33.644,27.148,99.979,0.0,0.0,0.0,0.0124,123.611,2.1012,2.9028
1260.0,run_20260915_165614,,charging,charging,33.668,27.139,99.979,0.0,0.0,0.0,0.0,123.611,2.1012,2.9081
1261.0,run_20260915_165614,,charging,charging,33.692,27.131,99.979,0.0,0.0,0.0,0.0,123.611,2.1012,2.9133
1262.0,run_20260915_165614,,charging,charging,33.716,27.122,99.979,0.0,0.0,0.0,0.0,123.611,2.1012,2.9186
1263.0,run_20260915_165614,,charging,charging,33.74,27.114,99.979,0.0,0.0,0.0,0.0,123.611,2.1012,2.9239
1264.0,run_20260915_165614,,charging,charging,33.764,27.105,99.979,0.0,0.0,0.0,0.0,123.611,2.1012,2.9292
1265.0,run_20260915_165614,,charging,charging,33.788,27.097,99.979,0.0,0.0,0.0,0.0,123.611,2.1012,2.9344
1266.0,run_20260915_165614,,charging,charging,33.812,27.089,99.979,0.0,0.0,0.0,0.0,123.611,2.1012,2.9397
1267.0,run_20260915_165614,,charging,charging,33.836,27.08,99.979,0.0,0.0,0.0,0.0,123.611,2.1012,2.945
1268.0,run_20260915_165614,,charging,charging,33.86,27.072,99.979,0.0,0.0,0.0,0.0,123.611,2.1012,2.9503
1269.0,run_20260915_165614,,charging,charging,33.884,27.063,99.979,0.0,0.0,0.0,0.0,123.611,2.1012,2.9556
1270.0,run_20260915_165614,,charging,charging,33.908,27.055,99.979,0.0,0.0,0.0,0.0,123.611,2.1012,2.9608
1271.0,run_20260915_165614,,charging,charging,33.932,27.047,99.979,0.0,0.0,0.0,0.0,123.611,2.1012,2.9661
1272.0,run_20260915_165614,,charging,charging,33.956,27.038,99.979,0.0,0.0,0.0,0.0,123.611,2.1012,2.9714
1273.0,run_20260915_165614,,charging,charging,33.979,27.03,99.979,0.0,0.0,0.0,0.0,123.611,2.1012,2.9767
1274.0,run_20260915_165614,,charging,charging,34.003,27.022,99.979,0.0,0.0,0.0,0.0,123.611,2.1012,2.9819
1275.0,run_20260915_165614,,charging,charging,34.027,27.013,99.979,0.0,0.0,0.0,0.0,123.611,2.1012,2.9872
1276.0,run_20260915_165614,,charging,charging,34.051,27.005,99.979,0.0,0.0,0.0,0.0,123.611,2.1012,2.9925
1277.0,run_20260915_165614,,charging,charging,34.075,26.997,99.979,0.0,0.0,0.0,0.0,123.611,2.1012,2.9978
1278.0,run_20260915_165614,,charging,charging,34.099,26.989,99.979,0.0,0.0,0.0,0.0,123.611,2.1012,3.0031
1279.0,run_20260915_165614,,charging,charging,34.123,26.98,99.979,0.0,0.0,0.0,0.0,123.611,2.1012,3.0083
1280.0,run_20260915_165614,,charging,charging,34.147,26.972,99.979,0.0,0.0,0.0,0.0,123.611,2.1012,3.0136
1281.0,run_20260915_165614,,charging,charging,34.171,26.964,99.979,0.0,0.0,0.0,0.0,123.611,2.1012,3.0189
1282.0,run_20260915_165614,,charging,charging,34.195,26.956,99.979,0.0,0.0,0.0,0.0,123.611,2.1012,3.0242
1283.0,run_20260915_165614,,charging,charging,34.219,26.948,99.979,0.0,0.0,0.0,0.0,123.611,2.1012,3.0294
1284.0,run_20260915_165614,,charging,charging,34.243,26.94,99.979,0.0,0.0,0.0,0.0,123.611,2.1012,3.0347
1285.0,run_20260915_165614,,charging,charging,34.267,26.931,99.979,0.0,0.0,0.0,0.0,123.611,2.1012,3.04
1286.0,run_20260915_165614,,charging,charging,34.291,26.923,99.979,0.0,0.0,0.0,0.0,123.611,2.1012,3.0453
1287.0,run_20260915_165614,,charging,charging,34.315,26.915,99.979,0.0,0.0,0.0,0.0,123.611,2.1012,3.0506
1288.0,run_20260915_165614,,charging,charging,34.339,26.907,99.979,0.0,0.0,0.0,0.0,123.611,2.1012,3.0558
1289.0,run_20260915_165614,,charging,charging,34.363,26.899,99.979,0.0,0.0,0.0,0.0,123.611,2.1012,3.0611
1290.0,run_20260915_165614,,charging,charging,34.387,26.891,99.979,0.0,0.0,0.0,0.0,123.611,2.1012,3.0664
1291.0,run_20260915_165614,,charging,charging,34.411,26.883,99.979,0.0,0.0,0.0,0.0,123.611,2.1012,3.0717
1292.0,run_20260915_165614,,charging,charging,34.435,26.875,99.979,0.0,0.0,0.0,0.0,123.611,2.1012,3.0769
1293.0,run_20260915_165614,,charging,charging,34.459,26.867,99.979,0.0,0.0,0.0,0.0,123.611,2.1012,3.0822
1294.0,run_20260915_165614,,charging,charging,34.483,26.859,99.979,0.0,0.0,0.0,0.0,123.611,2.1012,3.0875
1295.0,run_20260915_165614,,charging,charging,34.507,26.851,99.979,0.0,0.0,0.0,0.0,123.611,2.1012,3.0928
1296.0,run_20260915_165614,,charging,charging,34.531,26.843,99.979,0.0,0.0,0.0,0.0,123.611,2.1012,3.0981
1297.0,run_20260915_165614,,charging,charging,34.555,26.835,99.979,0.0,0.0,0.0,0.0,123.611,2.1012,3.1033
1298.0,run_20260915_165614,,charging,charging,34.579,26.827,99.979,0.0,0.0,0.0,0.0,123.611,2.1012,3.1086
1299.0,run_20260915_165614,,charging,charging,34.603,26.819,99.979,0.0,0.0,0.0,0.0,123.611,2.1012,3.1139
1300.0,run_20260915_165614,,charging,charging,34.627,26.811,99.979,0.0,0.0,0.0,0.0,123.611,2.1012,3.1192
1301.0,run_20260915_165614,,charging,charging,34.651,26.803,99.979,0.0,0.0,0.0,0.0,123.611,2.1012,3.1244
1302.0,run_20260915_165614,,charging,charging,34.675,26.795,99.979,0.0,0.0,0.0,0.0,123.611,2.1012,3.1297
1303.0,run_20260915_165614,,charging,charging,34.699,26.787,99.979,0.0,0.0,0.0,0.0,123.611,2.1012,3.135
1304.0,run_20260915_165614,,charging,charging,34.723,26.779,99.979,0.0,0.0,0.0,0.0,123.611,2.1012,3.1403
1305.0,run_20260915_165614,,charging,charging,34.747,26.771,99.979,0.0,0.0,0.0,0.0,123.611,2.1012,3.1456
1306.0,run_20260915_165614,,charging,charging,34.771,26.763,99.979,0.0,0.0,0.0,0.0,123.611,2.1012,3.1508
1307.0,run_20260915_165614,,charging,charging,34.795,26.755,99.979,0.0,0.0,0.0,0.0,123.611,2.1012,3.1561
1308.0,run_20260915_165614,,charging,charging,34.819,26.748,99.979,0.0,0.0,0.0,0.0,123.611,2.1012,3.1614
1309.0,run_20260915_165614,,charging,charging,34.843,26.74,99.979,0.0,0.0,0.0,0.0,123.611,2.1012,3.1667
1310.0,run_20260915_165614,,charging,charging,34.867,26.732,99.979,0.0,0.0,0.0,0.0,123.611,2.1012,3.1719
1311.0,run_20260915_165614,,charging,charging,34.891,26.724,99.979,0.0,0.0,0.0,0.0,123.611,2.1012,3.1772
1312.0,run_20260915_165614,,charging,charging,34.915,26.716,99.979,0.0,0.0,0.0,0.0,123.611,2.1012,3.1825
1313.0,run_20260915_165614,,charging,charging,34.939,26.709,99.979,0.0,0.0,0.0,0.0,123.611,2.1012,3.1878
1314.0,run_20260915_165614,,charging,charging,34.963,26.701,99.979,0.0,0.0,0.0,0.0,123.611,2.1012,3.1931
1315.0,run_20260915_165614,,charging,charging,34.987,26.693,99.979,0.0,0.0,0.0,0.0,123.611,2.1012,3.1983
1316.0,run_20260915_165614,,charging,charging,35.011,26.685,99.979,0.0,0.0,0.0,0.0,123.611,2.1012,3.2036
1317.0,run_20260915_165614,,charging,charging,35.035,26.678,99.979,0.0,0.0,0.0,0.0,123.611,2.1012,3.2089
1318.0,run_20260915_165614,,charging,charging,35.059,26.67,99.979,0.0,0.0,0.0,0.0,123.611,2.1012,3.2142
1319.0,run_20260915_165614,,charging,charging,35.083,26.662,99.979,0.0,0.0,0.0,0.0,123.611,2.1012,3.2194
1320.0,run_20260915_165614,,charging,charging,35.107,26.654,99.979,0.0,0.0,0.0,0.0,123.611,2.1012,3.2247
1321.0,run_20260915_165614,,charging,charging,35.131,26.647,99.979,0.0,0.0,0.0,0.0,123.611,2.1012,3.23
1322.0,run_20260915_165614,,charging,charging,35.155,26.639,99.979,0.0,0.0,0.0,0.0,123.611,2.1012,3.2353
1323.0,run_20260915_165614,,charging,charging,35.179,26.631,99.979,0.0,0.0,0.0,0.0,123.611,2.1012,3.2406
1324.0,run_20260915_165614,,charging,charging,35.203,26.624,99.979,0.0,0.0,0.0,0.0,123.611,2.1012,3.2458
1325.0,run_20260915_165614,,charging,charging,35.227,26.616,99.979,0.0,0.0,0.0,0.0,123.611,2.1012,3.2511
1326.0,run_20260915_165614,,charging,charging,35.251,26.609,99.979,0.0,0.0,0.0,0.0,123.611,2.1012,3.2564
1327.0,run_20260915_165614,,charging,charging,35.275,26.601,99.979,0.0,0.0,0.0,0.0,123.611,2.1012,3.2617
1328.0,run_20260915_165614,,charging,charging,35.299,26.593,99.979,0.0,0.0,0.0,0.0,123.611,2.1012,3.2669
1329.0,run_20260915_165614,,charging,charging,35.323,26.586,99.979,0.0,0.0,0.0,0.0,123.611,2.1012,3.2722
1330.0,run_20260915_165614,,charging,charging,35.347,26.578,99.979,0.0,0.0,0.0,0.0,123.611,2.1012,3.2775
1331.0,run_20260915_165614,,charging,charging,35.371,26.571,99.979,0.0,0.0,0.0,0.0,123.611,2.1012,3.2828
1332.0,run_20260915_165614,,charging,charging,35.395,26.563,99.979,0.0,0.0,0.0,0.0,123.611,2.1012,3.2881
1333.0,run_20260915_165614,,charging,charging,35.419,26.556,99.979,0.0,0.0,0.0,0.0,123.611,2.1012,3.2933
1334.0,run_20260915_165614,,charging,charging,35.443,26.548,99.979,0.0,0.0,0.0,0.0,123.611,2.1012,3.2986
1335.0,run_20260915_165614,,charging,charging,35.467,26.541,99.979,0.0,0.0,0.0,0.0,123.611,2.1012,3.3039
1336.0,run_20260915_165614,,charging,charging,35.491,26.533,99.979,0.0,0.0,0.0,0.0,123.611,2.1012,3.3092
1337.0,run_20260915_165614,,charging,charging,35.515,26.526,99.979,0.0,0.0,0.0,0.0,123.611,2.1012,3.3144
1338.0,run_20260915_165614,,charging,charging,35.539,26.518,99.979,0.0,0.0,0.0,0.0,123.611,2.1012,3.3197
1339.0,run_20260915_165614,,charging,charging,35.563,26.511,99.979,0.0,0.0,0.0,0.0,123.611,2.1012,3.325
1340.0,run_20260915_165614,,charging,charging,35.587,26.503,99.979,0.0,0.0,0.0,0.0,123.611,2.1012,3.3303
1341.0,run_20260915_165614,,charging,charging,35.611,26.496,99.979,0.0,0.0,0.0,0.0,123.611,2.1012,3.3356
1342.0,run_20260915_165614,,charging,charging,35.635,26.488,99.979,0.0,0.0,0.0,0.0,123.611,2.1012,3.3408
1343.0,run_20260915_165614,,charging,charging,35.659,26.481,99.979,0.0,0.0,0.0,0.0,123.611,2.1012,3.3461
1344.0,run_20260915_165614,,charging,charging,35.683,26.474,99.979,0.0,0.0,0.0,0.0,123.611,2.1012,3.3514
1345.0,run_20260915_165614,,charging,charging,35.707,26.466,99.979,0.0,0.0,0.0,0.0,123.611,2.1012,3.3567
1346.0,run_20260915_165614,,charging,charging,35.731,26.459,99.979,0.0,0.0,0.0,0.0,123.611,2.1012,3.3619
1347.0,run_20260915_165614,,charging,charging,35.755,26.451,99.979,0.0,0.0,0.0,0.0,123.611,2.1012,3.3672
1348.0,run_20260915_165614,,charging,charging,35.779,26.444,99.979,0.0,0.0,0.0,0.0,123.611,2.1012,3.3725
1349.0,run_20260915_165614,,charging,charging,35.803,26.437,99.979,0.0,0.0,0.0,0.0,123.611,2.1012,3.3778
1350.0,run_20260915_165614,,charging,charging,35.827,26.429,99.979,0.0,0.0,0.0,0.0,123.611,2.1012,3.3831
1351.0,run_20260915_165614,,charging,charging,35.851,26.422,99.979,0.0,0.0,0.0,0.0,123.611,2.1012,3.3883
1352.0,run_20260915_165614,,charging,charging,35.875,26.415,99.979,0.0,0.0,0.0,0.0,123.611,2.1012,3.3936
1353.0,run_20260915_165614,,charging,charging,35.899,26.408,99.979,0.0,0.0,0.0,0.0,123.611,2.1012,3.3989
1354.0,run_20260915_165614,,charging,charging,35.923,26.4,99.979,0.0,0.0,0.0,0.0,123.611,2.1012,3.4042
1355.0,run_20260915_165614,,charging,charging,35.947,26.393,99.979,0.0,0.0,0.0,0.0,123.611,2.1012,3.4094
1356.0,run_20260915_165614,,charging,charging,35.971,26.386,99.979,0.0,0.0,0.0,0.0,123.611,2.1012,3.4147
1357.0,run_20260915_165614,,charging,charging,35.995,26.379,99.979,0.0,0.0,0.0,0.0,123.611,2.1012,3.42
1358.0,run_20260915_165614,,charging,charging,36.019,26.371,99.979,0.0,0.0,0.0,0.0,123.611,2.1012,3.4253
1359.0,run_20260915_165614,,charging,charging,36.043,26.364,99.979,0.0,0.0,0.0,0.0,123.611,2.1012,3.4306
1360.0,run_20260915_165614,,charging,charging,36.067,26.357,99.979,0.0,0.0,0.0,0.0,123.611,2.1012,3.4358
1361.0,run_20260915_165614,,charging,charging,36.091,26.35,99.979,0.0,0.0,0.0,0.0,123.611,2.1012,3.4411
1362.0,run_20260915_165614,,charging,charging,36.115,26.343,99.979,0.0,0.0,0.0,0.0,123.611,2.1012,3.4464
1363.0,run_20260915_165614,,charging,charging,36.139,26.335,99.979,0.0,0.0,0.0,0.0,123.611,2.1012,3.4517
1364.0,run_20260915_165614,,charging,charging,36.163,26.328,99.979,0.0,0.0,0.0,0.0,123.611,2.1012,3.4569
1365.0,run_20260915_165614,,charging,charging,36.187,26.321,99.979,0.0,0.0,0.0,0.0,123.611,2.1012,3.4622
1366.0,run_20260915_165614,,charging,charging,36.211,26.314,99.979,0.0,0.0,0.0,0.0,123.611,2.1012,3.4675
1367.0,run_20260915_165614,,charging,charging,36.235,26.307,99.979,0.0,0.0,0.0,0.0,123.611,2.1012,3.4728
1368.0,run_20260915_165614,,charging,charging,36.259,26.3,99.979,0.0,0.0,0.0,0.0,123.611,2.1012,3.4781
1369.0,run_20260915_165614,,charging,charging,36.283,26.293,99.979,0.0,0.0,0.0,0.0,123.611,2.1012,3.4833
1370.0,run_20260915_165614,,charging,charging,36.307,26.286,99.979,0.0,0.0,0.0,0.0,123.611,2.1012,3.4886
1371.0,run_20260915_165614,,charging,charging,36.331,26.278,99.979,0.0,0.0,0.0,0.0,123.611,2.1012,3.4939
1372.0,run_20260915_165614,,charging,charging,36.354,26.271,99.979,0.0,0.0,0.0,0.0,123.611,2.1012,3.4992
1373.0,run_20260915_165614,,charging,charging,36.378,26.264,99.979,0.0,0.0,0.0,0.0,123.611,2.1012,3.5044
1374.0,run_20260915_165614,,charging,charging,36.402,26.257,99.979,0.0,0.0,0.0,0.0,123.611,2.1012,3.5097
1375.0,run_20260915_165614,,charging,charging,36.426,26.25,99.979,0.0,0.0,0.0,0.0,123.611,2.1012,3.515
1376.0,run_20260915_165614,,charging,charging,36.45,26.243,99.979,0.0,0.0,0.0,0.0,123.611,2.1012,3.5203
1377.0,run_20260915_165614,,charging,charging,36.474,26.236,99.979,0.0,0.0,0.0,0.0,123.611,2.1012,3.5256
1378.0,run_20260915_165614,,charging,charging,36.498,26.229,99.979,0.0,0.0,0.0,0.0,123.611,2.1012,3.5308
1379.0,run_20260915_165614,,charging,charging,36.522,26.222,99.979,0.0,0.0,0.0,0.0,123.611,2.1012,3.5361
1380.0,run_20260915_165614,,charging,charging,36.546,26.215,99.979,0.0,0.0,0.0,0.0,123.611,2.1012,3.5414
1381.0,run_20260915_165614,,charging,charging,36.57,26.208,99.979,0.0,0.0,0.0,0.0,123.611,2.1012,3.5467
1382.0,run_20260915_165614,,charging,charging,36.594,26.201,99.979,0.0,0.0,0.0,0.0,123.611,2.1012,3.5519
1383.0,run_20260915_165614,,charging,charging,36.618,26.195,99.979,0.0,0.0,0.0,0.0,123.611,2.1012,3.5572
1384.0,run_20260915_165614,,charging,charging,36.642,26.188,99.979,0.0,0.0,0.0,0.0,123.611,2.1012,3.5625
1385.0,run_20260915_165614,,charging,charging,36.666,26.181,99.979,0.0,0.0,0.0,0.0,123.611,2.1012,3.5678
1386.0,run_20260915_165614,,charging,charging,36.69,26.174,99.979,0.0,0.0,0.0,0.0,123.611,2.1012,3.5731
1387.0,run_20260915_165614,,charging,charging,36.714,26.167,99.979,0.0,0.0,0.0,0.0,123.611,2.1012,3.5783
1388.0,run_20260915_165614,,charging,charging,36.738,26.16,99.979,0.0,0.0,0.0,0.0,123.611,2.1012,3.5836
1389.0,run_20260915_165614,,charging,charging,36.762,26.153,99.979,0.0,0.0,0.0,0.0,123.611,2.1012,3.5889
1390.0,run_20260915_165614,,charging,charging,36.786,26.146,99.979,0.0,0.0,0.0,0.0,123.611,2.1012,3.5942
1391.0,run_20260915_165614,,charging,charging,36.81,26.139,99.979,0.0,0.0,0.0,0.0,123.611,2.1012,3.5994
1392.0,run_20260915_165614,,charging,charging,36.834,26.133,99.979,0.0,0.0,0.0,0.0,123.611,2.1012,3.6047
1393.0,run_20260915_165614,,charging,charging,36.858,26.126,99.979,0.0,0.0,0.0,0.0,123.611,2.1012,3.61
1394.0,run_20260915_165614,,charging,charging,36.882,26.119,99.979,0.0,0.0,0.0,0.0,123.611,2.1012,3.6153
1395.0,run_20260915_165614,,charging,charging,36.906,26.112,99.979,0.0,0.0,0.0,0.0,123.611,2.1012,3.6206
1396.0,run_20260915_165614,,charging,charging,36.93,26.105,99.979,0.0,0.0,0.0,0.0,123.611,2.1012,3.6258
1397.0,run_20260915_165614,,charging,charging,36.954,26.099,99.979,0.0,0.0,0.0,0.0,123.611,2.1012,3.6311
1398.0,run_20260915_165614,,charging,charging,36.978,26.092,99.979,0.0,0.0,0.0,0.0,123.611,2.1012,3.6364
1399.0,run_20260915_165614,,charging,charging,37.002,26.085,99.979,0.0,0.0,0.0,0.0,123.611,2.1012,3.6417
1400.0,run_20260915_165614,,charging,charging,37.026,26.078,99.979,0.0,0.0,0.0,0.0,123.611,2.1012,3.6469
1401.0,run_20260915_165614,,charging,charging,37.05,26.072,99.979,0.0,0.0,0.0,0.0,123.611,2.1012,3.6522
1402.0,run_20260915_165614,,charging,charging,37.074,26.065,99.979,0.0,0.0,0.0,0.0,123.611,2.1012,3.6575
1403.0,run_20260915_165614,,charging,charging,37.098,26.058,99.979,0.0,0.0,0.0,0.0,123.611,2.1012,3.6628
1404.0,run_20260915_165614,,charging,charging,37.122,26.052,99.979,0.0,0.0,0.0,0.0,123.611,2.1012,3.6681
1405.0,run_20260915_165614,,charging,charging,37.146,26.045,99.979,0.0,0.0,0.0,0.0,123.611,2.1012,3.6733
1406.0,run_20260915_165614,,charging,charging,37.17,26.038,99.979,0.0,0.0,0.0,0.0,123.611,2.1012,3.6786
1407.0,run_20260915_165614,,charging,charging,37.194,26.032,99.979,0.0,0.0,0.0,0.0,123.611,2.1012,3.6839
1408.0,run_20260915_165614,,charging,charging,37.218,26.025,99.979,0.0,0.0,0.0,0.0,123.611,2.1012,3.6892
1409.0,run_20260915_165614,,charging,charging,37.242,26.018,99.979,0.0,0.0,0.0,0.0,123.611,2.1012,3.6944
1410.0,run_20260915_165614,,charging,charging,37.266,26.012,99.979,0.0,0.0,0.0,0.0,123.611,2.1012,3.6997
1411.0,run_20260915_165614,,charging,charging,37.29,26.005,99.979,0.0,0.0,0.0,0.0,123.611,2.1012,3.705
1412.0,run_20260915_165614,,charging,charging,37.314,25.998,99.979,0.0,0.0,0.0,0.0,123.611,2.1012,3.7103
1413.0,run_20260915_165614,,charging,charging,37.338,25.992,99.979,0.0,0.0,0.0,0.0,123.611,2.1012,3.7156
1414.0,run_20260915_165614,,charging,charging,37.362,25.985,99.979,0.0,0.0,0.0,0.0,123.611,2.1012,3.7208
1415.0,run_20260915_165614,,charging,charging,37.386,25.979,99.979,0.0,0.0,0.0,0.0,123.611,2.1012,3.7261
1416.0,run_20260915_165614,,charging,charging,37.41,25.972,99.979,0.0,0.0,0.0,0.0,123.611,2.1012,3.7314
1417.0,run_20260915_165614,,charging,charging,37.434,25.966,99.979,0.0,0.0,0.0,0.0,123.611,2.1012,3.7367
1418.0,run_20260915_165614,,charging,charging,37.458,25.959,99.979,0.0,0.0,0.0,0.0,123.611,2.1012,3.7419
1419.0,run_20260915_165614,,charging,charging,37.482,25.952,99.979,0.0,0.0,0.0,0.0,123.611,2.1012,3.7472
1420.0,run_20260915_165614,,charging,charging,37.506,25.946,99.979,0.0,0.0,0.0,0.0,123.611,2.1012,3.7525
1421.0,run_20260915_165614,,charging,charging,37.53,25.939,99.979,0.0,0.0,0.0,0.0,123.611,2.1012,3.7578
1422.0,run_20260915_165614,,charging,charging,37.554,25.933,99.979,0.0,0.0,0.0,0.0,123.611,2.1012,3.7631
1423.0,run_20260915_165614,,charging,charging,37.578,25.926,99.979,0.0,0.0,0.0,0.0,123.611,2.1012,3.7683
1424.0,run_20260915_165614,,charging,charging,37.602,25.92,99.979,0.0,0.0,0.0,0.0,123.611,2.1012,3.7736
1425.0,run_20260915_165614,,charging,charging,37.626,25.913,99.979,0.0,0.0,0.0,0.0,123.611,2.1012,3.7789
1426.0,run_20260915_165614,,charging,charging,37.65,25.907,99.979,0.0,0.0,0.0,0.0,123.611,2.1012,3.7842
1427.0,run_20260915_165614,,charging,charging,37.674,25.901,99.979,0.0,0.0,0.0,0.0,123.611,2.1012,3.7894
1428.0,run_20260915_165614,,charging,charging,37.698,25.894,99.979,0.0,0.0,0.0,0.0,123.611,2.1012,3.7947
1429.0,run_20260915_165614,,charging,charging,37.722,25.888,99.979,0.0,0.0,0.0,0.0,123.611,2.1012,3.8
1430.0,run_20260915_165614,,charging,charging,37.746,25.881,99.979,0.0,0.0,0.0,0.0,123.611,2.1012,3.8053
1431.0,run_20260915_165614,,charging,charging,37.77,25.875,99.979,0.0,0.0,0.0,0.0,123.611,2.1012,3.8106
1432.0,run_20260915_165614,,charging,charging,37.794,25.868,99.979,0.0,0.0,0.0,0.0,123.611,2.1012,3.8158
1433.0,run_20260915_165614,,charging,charging,37.818,25.862,99.979,0.0,0.0,0.0,0.0,123.611,2.1012,3.8211
1434.0,run_20260915_165614,,charging,charging,37.842,25.856,99.979,0.0,0.0,0.0,0.0,123.611,2.1012,3.8264
1435.0,run_20260915_165614,,charging,charging,37.866,25.849,99.979,0.0,0.0,0.0,0.0,123.611,2.1012,3.8317
1436.0,run_20260915_165614,,charging,charging,37.89,25.843,99.979,0.0,0.0,0.0,0.0,123.611,2.1012,3.8369
1437.0,run_20260915_165614,,charging,charging,37.914,25.837,99.979,0.0,0.0,0.0,0.0,123.611,2.1012,3.8422
1438.0,run_20260915_165614,,charging,charging,37.938,25.83,99.979,0.0,0.0,0.0,0.0,123.611,2.1012,3.8475
1439.0,run_20260915_165614,,charging,charging,37.962,25.824,99.979,0.0,0.0,0.0,0.0,123.611,2.1012,3.8528
1440.0,run_20260915_165614,,charging,charging,37.986,25.818,99.979,0.0,0.0,0.0,0.0,123.611,2.1012,3.8581
1441.0,run_20260915_165614,,charging,charging,38.01,25.811,99.979,0.0,0.0,0.0,0.0,123.611,2.1012,3.8633
1442.0,run_20260915_165614,,charging,charging,38.034,25.805,99.979,0.0,0.0,0.0,0.0,123.611,2.1012,3.8686
1443.0,run_20260915_165614,,charging,charging,38.058,25.799,99.979,0.0,0.0,0.0,0.0,123.611,2.1012,3.8739
1444.0,run_20260915_165614,,charging,charging,38.082,25.793,99.979,0.0,0.0,0.0,0.0,123.611,2.1012,3.8792
1445.0,run_20260915_165614,,charging,charging,38.106,25.786,99.979,0.0,0.0,0.0,0.0,123.611,2.1012,3.8844
1446.0,run_20260915_165614,,charging,charging,38.13,25.78,99.979,0.0,0.0,0.0,0.0,123.611,2.1012,3.8897
1447.0,run_20260915_165614,,charging,charging,38.154,25.774,99.979,0.0,0.0,0.0,0.0,123.611,2.1012,3.895
1448.0,run_20260915_165614,,charging,charging,38.178,25.768,99.979,0.0,0.0,0.0,0.0,123.611,2.1012,3.9003
1449.0,run_20260915_165614,,charging,charging,38.202,25.761,99.979,0.0,0.0,0.0,0.0,123.611,2.1012,3.9056
1450.0,run_20260915_165614,,charging,charging,38.226,25.755,99.979,0.0,0.0,0.0,0.0,123.611,2.1012,3.9108
1451.0,run_20260915_165614,,charging,charging,38.25,25.749,99.979,0.0,0.0,0.0,0.0,123.611,2.1012,3.9161
1452.0,run_20260915_165614,,charging,charging,38.274,25.743,99.979,0.0,0.0,0.0,0.0,123.611,2.1012,3.9214
1453.0,run_20260915_165614,,charging,charging,38.298,25.737,99.979,0.0,0.0,0.0,0.0,123.611,2.1012,3.9267
1454.0,run_20260915_165614,,charging,charging,38.322,25.73,99.979,0.0,0.0,0.0,0.0,123.611,2.1012,3.9319
1455.0,run_20260915_165614,,charging,charging,38.346,25.724,99.979,0.0,0.0,0.0,0.0,123.611,2.1012,3.9372
1456.0,run_20260915_165614,,charging,charging,38.37,25.718,99.979,0.0,0.0,0.0,0.0,123.611,2.1012,3.9425
1457.0,run_20260915_165614,,charging,charging,38.394,25.712,99.979,0.0,0.0,0.0,0.0,123.611,2.1012,3.9478
1458.0,run_20260915_165614,,charging,charging,38.418,25.706,99.979,0.0,0.0,0.0,0.0,123.611,2.1012,3.9531
1459.0,run_20260915_165614,,charging,charging,38.442,25.7,99.979,0.0,0.0,0.0,0.0,123.611,2.1012,3.9583
1460.0,run_20260915_165614,,charging,charging,38.466,25.694,99.979,0.0,0.0,0.0,0.0,123.611,2.1012,3.9636
1461.0,run_20260915_165614,,charging,charging,38.49,25.688,99.979,0.0,0.0,0.0,0.0,123.611,2.1012,3.9689
1462.0,run_20260915_165614,,charging,charging,38.514,25.682,99.979,0.0,0.0,0.0,0.0,123.611,2.1012,3.9742
1463.0,run_20260915_165614,,charging,charging,38.538,25.675,99.979,0.0,0.0,0.0,0.0,123.611,2.1012,3.9794
1464.0,run_20260915_165614,,charging,charging,38.562,25.669,99.979,0.0,0.0,0.0,0.0,123.611,2.1012,3.9847
1465.0,run_20260915_165614,,charging,charging,38.586,25.663,99.979,0.0,0.0,0.0,0.0,123.611,2.1012,3.99
1466.0,run_20260915_165614,,charging,charging,38.61,25.657,99.979,0.0,0.0,0.0,0.0,123.611,2.1012,3.9953
1467.0,run_20260915_165614,,charging,charging,38.634,25.651,99.979,0.0,0.0,0.0,0.0,123.611,2.1012,4.0006
1468.0,run_20260915_165614,,charging,charging,38.658,25.645,99.979,0.0,0.0,0.0,0.0,123.611,2.1012,4.0058
1469.0,run_20260915_165614,,charging,charging,38.682,25.639,99.979,0.0,0.0,0.0,0.0,123.611,2.1012,4.0111
1470.0,run_20260915_165614,,charging,charging,38.706,25.633,99.979,0.0,0.0,0.0,0.0,123.611,2.1012,4.0164
1471.0,run_20260915_165614,,charging,charging,38.729,25.627,99.979,0.0,0.0,0.0,0.0,123.611,2.1012,4.0217
1472.0,run_20260915_165614,,charging,charging,38.753,25.621,99.979,0.0,0.0,0.0,0.0,123.611,2.1012,4.0269
1473.0,run_20260915_165614,,charging,charging,38.777,25.615,99.979,0.0,0.0,0.0,0.0,123.611,2.1012,4.0322
1474.0,run_20260915_165614,,charging,charging,38.801,25.609,99.979,0.0,0.0,0.0,0.0,123.611,2.1012,4.0375
1475.0,run_20260915_165614,,charging,charging,38.825,25.603,99.979,0.0,0.0,0.0,0.0,123.611,2.1012,4.0428
1476.0,run_20260915_165614,,charging,charging,38.849,25.597,99.979,0.0,0.0,0.0,0.0,123.611,2.1012,4.0481
1477.0,run_20260915_165614,,charging,charging,38.873,25.591,99.979,0.0,0.0,0.0,0.0,123.611,2.1012,4.0533
1478.0,run_20260915_165614,,charging,charging,38.897,25.586,99.979,0.0,0.0,0.0,0.0,123.611,2.1012,4.0586
1479.0,run_20260915_165614,,charging,charging,38.921,25.58,99.979,0.0,0.0,0.0,0.0,123.611,2.1012,4.0639
1480.0,run_20260915_165614,,charging,charging,38.945,25.574,99.979,0.0,0.0,0.0,0.0,123.611,2.1012,4.0692
1481.0,run_20260915_165614,,charging,charging,38.969,25.568,99.979,0.0,0.0,0.0,0.0,123.611,2.1012,4.0744
1482.0,run_20260915_165614,,charging,charging,38.993,25.562,99.979,0.0,0.0,0.0,0.0,123.611,2.1012,4.0797
1483.0,run_20260915_165614,,charging,charging,39.017,25.556,99.979,0.0,0.0,0.0,0.0,123.611,2.1012,4.085
1484.0,run_20260915_165614,,charging,charging,39.041,25.55,99.979,0.0,0.0,0.0,0.0,123.611,2.1012,4.0903
1485.0,run_20260915_165614,,charging,charging,39.065,25.544,99.979,0.0,0.0,0.0,0.0,123.611,2.1012,4.0956
1486.0,run_20260915_165614,,charging,charging,39.089,25.538,99.979,0.0,0.0,0.0,0.0,123.611,2.1012,4.1008
1487.0,run_20260915_165614,,charging,charging,39.113,25.533,99.979,0.0,0.0,0.0,0.0,123.611,2.1012,4.1061
1488.0,run_20260915_165614,,charging,charging,39.137,25.527,99.979,0.0,0.0,0.0,0.0,123.611,2.1012,4.1114
1489.0,run_20260915_165614,,charging,charging,39.161,25.521,99.979,0.0,0.0,0.0,0.0,123.611,2.1012,4.1167
1490.0,run_20260915_165614,,charging,charging,39.185,25.515,99.979,0.0,0.0,0.0,0.0,123.611,2.1012,4.1219
1491.0,run_20260915_165614,,charging,charging,39.209,25.509,99.979,0.0,0.0,0.0,0.0,123.611,2.1012,4.1272
1492.0,run_20260915_165614,,charging,charging,39.233,25.504,99.979,0.0,0.0,0.0,0.0,123.611,2.1012,4.1325
1493.0,run_20260915_165614,,charging,charging,39.257,25.498,99.979,0.0,0.0,0.0,0.0,123.611,2.1012,4.1378
1494.0,run_20260915_165614,,charging,charging,39.281,25.492,99.979,0.0,0.0,0.0,0.0,123.611,2.1012,4.1431
1495.0,run_20260915_165614,,charging,charging,39.305,25.486,99.979,0.0,0.0,0.0,0.0,123.611,2.1012,4.1483
1496.0,run_20260915_165614,,charging,charging,39.329,25.481,99.979,0.0,0.0,0.0,0.0,123.611,2.1012,4.1536
1497.0,run_20260915_165614,,charging,charging,39.353,25.475,99.979,0.0,0.0,0.0,0.0,123.611,2.1012,4.1589
1498.0,run_20260915_165614,,charging,charging,39.377,25.469,99.979,0.0,0.0,0.0,0.0,123.611,2.1012,4.1642
1499.0,run_20260915_165614,,charging,charging,39.401,25.463,99.979,0.0,0.0,0.0,0.0,123.611,2.1012,4.1694
1500.0,run_20260915_165614,,charging,charging,39.425,25.458,99.979,0.0,0.0,0.0,0.0,123.611,2.1012,4.1747
1501.0,run_20260915_165614,,charging,charging,39.449,25.452,99.979,0.0,0.0,0.0,0.0,123.611,2.1012,4.18
1502.0,run_20260915_165614,,charging,charging,39.473,25.446,99.979,0.0,0.0,0.0,0.0,123.611,2.1012,4.1853
1503.0,run_20260915_165614,,charging,charging,39.497,25.441,99.979,0.0,0.0,0.0,0.0,123.611,2.1012,4.1906
1504.0,run_20260915_165614,,charging,charging,39.521,25.435,99.979,0.0,0.0,0.0,0.0,123.611,2.1012,4.1958
1505.0,run_20260915_165614,,charging,charging,39.545,25.429,99.979,0.0,0.0,0.0,0.0,123.611,2.1012,4.2011
1506.0,run_20260915_165614,,charging,charging,39.569,25.424,99.979,0.0,0.0,0.0,0.0,123.611,2.1012,4.2064
1507.0,run_20260915_165614,,charging,charging,39.593,25.418,99.979,0.0,0.0,0.0,0.0,123.611,2.1012,4.2117
1508.0,run_20260915_165614,,charging,charging,39.617,25.412,99.979,0.0,0.0,0.0,0.0,123.611,2.1012,4.2169
1509.0,run_20260915_165614,,charging,charging,39.641,25.407,99.979,0.0,0.0,0.0,0.0,123.611,2.1012,4.2222
1510.0,run_20260915_165614,,charging,charging,39.665,25.401,99.979,0.0,0.0,0.0,0.0,123.611,2.1012,4.2275
1511.0,run_20260915_165614,,charging,charging,39.689,25.395,99.979,0.0,0.0,0.0,0.0,123.611,2.1012,4.2328
1512.0,run_20260915_165614,,charging,charging,39.713,25.39,99.979,0.0,0.0,0.0,0.0,123.611,2.1012,4.2381
1513.0,run_20260915_165614,,charging,charging,39.737,25.384,99.979,0.0,0.0,0.0,0.0,123.611,2.1012,4.2433
1514.0,run_20260915_165614,,charging,charging,39.761,25.379,99.979,0.0,0.0,0.0,0.0,123.611,2.1012,4.2486
1515.0,run_20260915_165614,,charging,charging,39.785,25.373,99.979,0.0,0.0,0.0,0.0,123.611,2.1012,4.2539
1516.0,run_20260915_165614,,charging,charging,39.809,25.367,99.979,0.0,0.0,0.0,0.0,123.611,2.1012,4.2592
1517.0,run_20260915_165614,,charging,charging,39.833,25.362,99.979,0.0,0.0,0.0,0.0,123.611,2.1012,4.2644
1518.0,run_20260915_165614,,charging,charging,39.857,25.356,99.979,0.0,0.0,0.0,0.0,123.611,2.1012,4.2697
1519.0,run_20260915_165614,,charging,charging,39.881,25.351,99.979,0.0,0.0,0.0,0.0,123.611,2.1012,4.275
1520.0,run_20260915_165614,,charging,charging,39.905,25.345,99.979,0.0,0.0,0.0,0.0,123.611,2.1012,4.2803
1521.0,run_20260915_165614,,charging,charging,39.929,25.34,99.979,0.0,0.0,0.0,0.0,123.611,2.1012,4.2856
1522.0,run_20260915_165614,,charging,charging,39.953,25.334,99.979,0.0,0.0,0.0,0.0,123.611,2.1012,4.2908
1523.0,run_20260915_165614,,charging,charging,39.977,25.329,99.979,0.0,0.0,0.0,0.0,123.611,2.1012,4.2961
1524.0,run_20260915_165614,,charging,charging,40.001,25.323,99.979,0.0,0.0,0.0,0.0,123.611,2.1012,4.3014
1525.0,run_20260915_165614,,charging,charging,40.025,25.318,99.979,0.0,0.0,0.0,0.0,123.611,2.1012,4.3067
1526.0,run_20260915_165614,,charging,charging,40.049,25.312,99.979,0.0,0.0,0.0,0.0,123.611,2.1012,4.3119
1527.0,run_20260915_165614,,charging,charging,40.073,25.307,99.979,0.0,0.0,0.0,0.0,123.611,2.1012,4.3172
1528.0,run_20260915_165614,,charging,charging,40.097,25.301,99.979,0.0,0.0,0.0,0.0,123.611,2.1012,4.3225
1529.0,run_20260915_165614,,charging,charging,40.121,25.296,99.979,0.0,0.0,0.0,0.0,123.611,2.1012,4.3278
1530.0,run_20260915_165614,,charging,charging,40.145,25.29,99.979,0.0,0.0,0.0,0.0,123.611,2.1012,4.3331
1531.0,run_20260915_165614,,charging,charging,40.169,25.285,99.979,0.0,0.0,0.0,0.0,123.611,2.1012,4.3383
1532.0,run_20260915_165614,,charging,charging,40.193,25.28,99.979,0.0,0.0,0.0,0.0,123.611,2.1012,4.3436
1533.0,run_20260915_165614,,charging,charging,40.217,25.274,99.979,0.0,0.0,0.0,0.0,123.611,2.1012,4.3489
1534.0,run_20260915_165614,,charging,charging,40.241,25.269,99.979,0.0,0.0,0.0,0.0,123.611,2.1012,4.3542
1535.0,run_20260915_165614,,charging,charging,40.265,25.263,99.979,0.0,0.0,0.0,0.0,123.611,2.1012,4.3594
1536.0,run_20260915_165614,,charging,charging,40.289,25.258,99.979,0.0,0.0,0.0,0.0,123.611,2.1012,4.3647
1537.0,run_20260915_165614,,charging,charging,40.313,25.253,99.979,0.0,0.0,0.0,0.0,123.611,2.1012,4.37
1538.0,run_20260915_165614,,charging,charging,40.337,25.247,99.979,0.0,0.0,0.0,0.0,123.611,2.1012,4.3753
1539.0,run_20260915_165614,,charging,charging,40.361,25.242,99.979,0.0,0.0,0.0,0.0,123.611,2.1012,4.3806
1540.0,run_20260915_165614,,charging,charging,40.385,25.237,99.979,0.0,0.0,0.0,0.0,123.611,2.1012,4.3858
1541.0,run_20260915_165614,,charging,charging,40.409,25.231,99.979,0.0,0.0,0.0,0.0,123.611,2.1012,4.3911
1542.0,run_20260915_165614,,charging,charging,40.433,25.226,99.979,0.0,0.0,0.0,0.0,123.611,2.1012,4.3964
1543.0,run_20260915_165614,,charging,charging,40.457,25.221,99.979,0.0,0.0,0.0,0.0,123.611,2.1012,4.4017
1544.0,run_20260915_165614,,charging,charging,40.481,25.215,99.979,0.0,0.0,0.0,0.0,123.611,2.1012,4.4069
1545.0,run_20260915_165614,,charging,charging,40.505,25.21,99.979,0.0,0.0,0.0,0.0,123.611,2.1012,4.4122
1546.0,run_20260915_165614,,charging,charging,40.529,25.205,99.979,0.0,0.0,0.0,0.0,123.611,2.1012,4.4175
1547.0,run_20260915_165614,,charging,charging,40.553,25.199,99.979,0.0,0.0,0.0,0.0,123.611,2.1012,4.4228
1548.0,run_20260915_165614,,charging,charging,40.577,25.194,99.979,0.0,0.0,0.0,0.0,123.611,2.1012,4.4281
1549.0,run_20260915_165614,,charging,charging,40.601,25.189,99.979,0.0,0.0,0.0,0.0,123.611,2.1012,4.4333
1550.0,run_20260915_165614,,charging,charging,40.625,25.184,99.979,0.0,0.0,0.0,0.0,123.611,2.1012,4.4386
1551.0,run_20260915_165614,,charging,charging,40.649,25.178,99.979,0.0,0.0,0.0,0.0,123.611,2.1012,4.4439
1552.0,run_20260915_165614,,charging,charging,40.673,25.173,99.979,0.0,0.0,0.0,0.0,123.611,2.1012,4.4492
1553.0,run_20260915_165614,,charging,charging,40.697,25.168,99.979,0.0,0.0,0.0,0.0,123.611,2.1012,4.4544
1554.0,run_20260915_165614,,charging,charging,40.721,25.163,99.979,0.0,0.0,0.0,0.0,123.611,2.1012,4.4597
1555.0,run_20260915_165614,,charging,charging,40.745,25.157,99.979,0.0,0.0,0.0,0.0,123.611,2.1012,4.465
1556.0,run_20260915_165614,,charging,charging,40.769,25.152,99.979,0.0,0.0,0.0,0.0,123.611,2.1012,4.4703
1557.0,run_20260915_165614,,charging,charging,40.793,25.147,99.979,0.0,0.0,0.0,0.0,123.611,2.1012,4.4756
1558.0,run_20260915_165614,,charging,charging,40.817,25.142,99.979,0.0,0.0,0.0,0.0,123.611,2.1012,4.4808
1559.0,run_20260915_165614,,charging,charging,40.841,25.137,99.979,0.0,0.0,0.0,0.0,123.611,2.1012,4.4861
1560.0,run_20260915_165614,,charging,charging,40.865,25.131,99.979,0.0,0.0,0.0,0.0,123.611,2.1012,4.4914
1561.0,run_20260915_165614,,charging,charging,40.889,25.126,99.979,0.0,0.0,0.0,0.0,123.611,2.1012,4.4967
1562.0,run_20260915_165614,,charging,charging,40.913,25.121,99.979,0.0,0.0,0.0,0.0,123.611,2.1012,4.5019
1563.0,run_20260915_165614,,charging,charging,40.937,25.116,99.979,0.0,0.0,0.0,0.0,123.611,2.1012,4.5072
1564.0,run_20260915_165614,,charging,charging,40.961,25.111,99.979,0.0,0.0,0.0,0.0,123.611,2.1012,4.5125
1565.0,run_20260915_165614,,charging,charging,40.985,25.106,99.979,0.0,0.0,0.0,0.0,123.611,2.1012,4.5178
1566.0,run_20260915_165614,,charging,charging,41.009,25.101,99.979,0.0,0.0,0.0,0.0,123.611,2.1012,4.5231
1567.0,run_20260915_165614,,charging,charging,41.033,25.095,99.979,0.0,0.0,0.0,0.0,123.611,2.1012,4.5283
1568.0,run_20260915_165614,,charging,charging,41.057,25.09,99.979,0.0,0.0,0.0,0.0,123.611,2.1012,4.5336
1569.0,run_20260915_165614,,charging,charging,41.081,25.085,99.979,0.0,0.0,0.0,0.0,123.611,2.1012,4.5389
1570.0,run_20260915_165614,,charging,charging,41.104,25.08,99.979,0.0,0.0,0.0,0.0,123.611,2.1012,4.5442
1571.0,run_20260915_165614,,charging,charging,41.128,25.075,99.979,0.0,0.0,0.0,0.0,123.611,2.1012,4.5494
1572.0,run_20260915_165614,,charging,charging,41.152,25.07,99.979,0.0,0.0,0.0,0.0,123.611,2.1012,4.5547
1573.0,run_20260915_165614,,charging,charging,41.176,25.065,99.979,0.0,0.0,0.0,0.0,123.611,2.1012,4.56
1574.0,run_20260915_165614,,charging,charging,41.2,25.06,99.979,0.0,0.0,0.0,0.0,123.611,2.1012,4.5653
1575.0,run_20260915_165614,,charging,charging,41.224,25.055,99.979,0.0,0.0,0.0,0.0,123.611,2.1012,4.5706
1576.0,run_20260915_165614,,charging,charging,41.248,25.05,99.979,0.0,0.0,0.0,0.0,123.611,2.1012,4.5758
1577.0,run_20260915_165614,,charging,charging,41.272,25.045,99.979,0.0,0.0,0.0,0.0,123.611,2.1012,4.5811
1578.0,run_20260915_165614,,charging,charging,41.296,25.04,99.979,0.0,0.0,0.0,0.0,123.611,2.1012,4.5864
1579.0,run_20260915_165614,,charging,charging,41.32,25.035,99.979,0.0,0.0,0.0,0.0,123.611,2.1012,4.5917
1580.0,run_20260915_165614,,charging,charging,41.344,25.03,99.979,0.0,0.0,0.0,0.0,123.611,2.1012,4.5969
1581.0,run_20260915_165614,,charging,charging,41.368,25.025,99.979,0.0,0.0,0.0,0.0,123.611,2.1012,4.6022
1582.0,run_20260915_165614,,charging,charging,41.392,25.02,99.979,0.0,0.0,0.0,0.0,123.611,2.1012,4.6075
1583.0,run_20260915_165614,,charging,charging,41.416,25.015,99.979,0.0,0.0,0.0,0.0,123.611,2.1012,4.6128
1584.0,run_20260915_165614,,charging,charging,41.44,25.01,99.979,0.0,0.0,0.0,0.0,123.611,2.1012,4.6181
1585.0,run_20260915_165614,,charging,charging,41.464,25.005,99.979,0.0,0.0,0.0,0.0,123.611,2.1012,4.6233
1586.0,run_20260915_165614,,charging,charging,41.488,25.0,99.979,0.0,0.0,0.0,0.0,123.611,2.1012,4.6286
1587.0,run_20260915_165614,,charging,charging,41.512,24.995,99.979,0.0,0.0,0.0,0.0,123.611,2.1012,4.6339
1588.0,run_20260915_165614,,charging,charging,41.536,24.99,99.979,0.0,0.0,0.0,0.0,123.611,2.1012,4.6392
1589.0,run_20260915_165614,,charging,charging,41.56,24.985,99.979,0.0,0.0,0.0,0.0,123.611,2.1012,4.6444
1590.0,run_20260915_165614,,charging,charging,41.584,24.98,99.979,0.0,0.0,0.0,0.0,123.611,2.1012,4.6497
1591.0,run_20260915_165614,,charging,charging,41.608,24.975,99.979,0.0,0.0,0.0,0.0,123.611,2.1012,4.655
1592.0,run_20260915_165614,,charging,charging,41.632,24.97,99.979,0.0,0.0,0.0,0.0,123.611,2.1012,4.6603
1593.0,run_20260915_165614,,charging,charging,41.656,24.965,99.979,0.0,0.0,0.0,0.0,123.611,2.1012,4.6656
1594.0,run_20260915_165614,,charging,charging,41.68,24.96,99.979,0.0,0.0,0.0,0.0,123.611,2.1012,4.6708
1595.0,run_20260915_165614,,charging,charging,41.704,24.956,99.979,0.0,0.0,0.0,0.0,123.611,2.1012,4.6761
1596.0,run_20260915_165614,,charging,charging,41.728,24.951,99.979,0.0,0.0,0.0,0.0,123.611,2.1012,4.6814
1597.0,run_20260915_165614,,charging,charging,41.752,24.946,99.979,0.0,0.0,0.0,0.0,123.611,2.1012,4.6867
1598.0,run_20260915_165614,,charging,charging,41.776,24.941,99.979,0.0,0.0,0.0,0.0,123.611,2.1012,4.6919
1599.0,run_20260915_165614,,charging,charging,41.8,24.936,99.979,0.0,0.0,0.0,0.0,123.611,2.1012,4.6972
1600.0,run_20260915_165614,,charging,charging,41.824,24.931,99.979,0.0,0.0,0.0,0.0,123.611,2.1012,4.7025
1601.0,run_20260915_165614,,charging,charging,41.848,24.926,99.979,0.0,0.0,0.0,0.0,123.611,2.1012,4.7078
1602.0,run_20260915_165614,,charging,charging,41.872,24.922,99.979,0.0,0.0,0.0,0.0,123.611,2.1012,4.7131
1603.0,run_20260915_165614,,charging,charging,41.896,24.917,99.979,0.0,0.0,0.0,0.0,123.611,2.1012,4.7183
1604.0,run_20260915_165614,,charging,charging,41.92,24.912,99.979,0.0,0.0,0.0,0.0,123.611,2.1012,4.7236
1605.0,run_20260915_165614,,charging,charging,41.944,24.907,99.979,0.0,0.0,0.0,0.0,123.611,2.1012,4.7289
1606.0,run_20260915_165614,,charging,charging,41.968,24.902,99.979,0.0,0.0,0.0,0.0,123.611,2.1012,4.7342
1607.0,run_20260915_165614,,charging,charging,41.992,24.898,99.979,0.0,0.0,0.0,0.0,123.611,2.1012,4.7394
1608.0,run_20260915_165614,,charging,charging,42.016,24.893,99.979,0.0,0.0,0.0,0.0,123.611,2.1012,4.7447
1609.0,run_20260915_165614,,charging,charging,42.04,24.888,99.979,0.0,0.0,0.0,0.0,123.611,2.1012,4.75
1610.0,run_20260915_165614,,charging,charging,42.064,24.883,99.979,0.0,0.0,0.0,0.0,123.611,2.1012,4.7553
1611.0,run_20260915_165614,,charging,charging,42.088,24.879,99.979,0.0,0.0,0.0,0.0,123.611,2.1012,4.7606
1612.0,run_20260915_165614,,charging,charging,42.112,24.874,99.979,0.0,0.0,0.0,0.0,123.611,2.1012,4.7658
1613.0,run_20260915_165614,,charging,charging,42.136,24.869,99.979,0.0,0.0,0.0,0.0,123.611,2.1012,4.7711
1614.0,run_20260915_165614,,charging,charging,42.16,24.864,99.979,0.0,0.0,0.0,0.0,123.611,2.1012,4.7764
1615.0,run_20260915_165614,,charging,charging,42.184,24.86,99.979,0.0,0.0,0.0,0.0,123.611,2.1012,4.7817
1616.0,run_20260915_165614,,charging,charging,42.208,24.855,99.979,0.0,0.0,0.0,0.0,123.611,2.1012,4.7869
1617.0,run_20260915_165614,,charging,charging,42.232,24.85,99.979,0.0,0.0,0.0,0.0,123.611,2.1012,4.7922
1618.0,run_20260915_165614,,charging,charging,42.256,24.845,99.979,0.0,0.0,0.0,0.0,123.611,2.1012,4.7975
1619.0,run_20260915_165614,,charging,charging,42.28,24.841,99.979,0.0,0.0,0.0,0.0,123.611,2.1012,4.8028
1620.0,run_20260915_165614,,charging,charging,42.304,24.836,99.979,0.0,0.0,0.0,0.0,123.611,2.1012,4.8081
1621.0,run_20260915_165614,,charging,charging,42.328,24.831,99.979,0.0,0.0,0.0,0.0,123.611,2.1012,4.8133
1622.0,run_20260915_165614,,charging,charging,42.352,24.827,99.979,0.0,0.0,0.0,0.0,123.611,2.1012,4.8186
1623.0,run_20260915_165614,,charging,charging,42.376,24.822,99.979,0.0,0.0,0.0,0.0,123.611,2.1012,4.8239
1624.0,run_20260915_165614,,charging,charging,42.4,24.817,99.979,0.0,0.0,0.0,0.0,123.611,2.1012,4.8292
1625.0,run_20260915_165614,,charging,charging,42.424,24.813,99.979,0.0,0.0,0.0,0.0,123.611,2.1012,4.8344
1626.0,run_20260915_165614,,charging,charging,42.448,24.808,99.979,0.0,0.0,0.0,0.0,123.611,2.1012,4.8397
1627.0,run_20260915_165614,,charging,charging,42.472,24.803,99.979,0.0,0.0,0.0,0.0,123.611,2.1012,4.845
1628.0,run_20260915_165614,,charging,charging,42.496,24.799,99.979,0.0,0.0,0.0,0.0,123.611,2.1012,4.8503
1629.0,run_20260915_165614,,charging,charging,42.52,24.794,99.979,0.0,0.0,0.0,0.0,123.611,2.1012,4.8556
1630.0,run_20260915_165614,,charging,charging,42.544,24.79,99.979,0.0,0.0,0.0,0.0,123.611,2.1012,4.8608
1631.0,run_20260915_165614,,charging,charging,42.568,24.785,99.979,0.0,0.0,0.0,0.0,123.611,2.1012,4.8661
1632.0,run_20260915_165614,,charging,charging,42.592,24.78,99.979,0.0,0.0,0.0,0.0,123.611,2.1012,4.8714
1633.0,run_20260915_165614,,charging,charging,42.616,24.776,99.979,0.0,0.0,0.0,0.0,123.611,2.1012,4.8767
1634.0,run_20260915_165614,,charging,charging,42.64,24.771,99.979,0.0,0.0,0.0,0.0,123.611,2.1012,4.8819
1635.0,run_20260915_165614,,charging,charging,42.664,24.767,99.979,0.0,0.0,0.0,0.0,123.611,2.1012,4.8872
1636.0,run_20260915_165614,,charging,charging,42.688,24.762,99.979,0.0,0.0,0.0,0.0,123.611,2.1012,4.8925
1637.0,run_20260915_165614,,charging,charging,42.712,24.758,99.979,0.0,0.0,0.0,0.0,123.611,2.1012,4.8978
1638.0,run_20260915_165614,,charging,charging,42.736,24.753,99.979,0.0,0.0,0.0,0.0,123.611,2.1012,4.9031
1639.0,run_20260915_165614,,charging,charging,42.76,24.748,99.979,0.0,0.0,0.0,0.0,123.611,2.1012,4.9083
1640.0,run_20260915_165614,,charging,charging,42.784,24.744,99.979,0.0,0.0,0.0,0.0,123.611,2.1012,4.9136
1641.0,run_20260915_165614,,charging,charging,42.808,24.739,99.979,0.0,0.0,0.0,0.0,123.611,2.1012,4.9189
1642.0,run_20260915_165614,,charging,charging,42.832,24.735,99.979,0.0,0.0,0.0,0.0,123.611,2.1012,4.9242
1643.0,run_20260915_165614,,charging,charging,42.856,24.73,99.979,0.0,0.0,0.0,0.0,123.611,2.1012,4.9294
1644.0,run_20260915_165614,,charging,charging,42.88,24.726,99.979,0.0,0.0,0.0,0.0,123.611,2.1012,4.9347
1645.0,run_20260915_165614,,charging,charging,42.904,24.721,99.979,0.0,0.0,0.0,0.0,123.611,2.1012,4.94
1646.0,run_20260915_165614,,charging,charging,42.928,24.717,99.979,0.0,0.0,0.0,0.0,123.611,2.1012,4.9453
1647.0,run_20260915_165614,,charging,charging,42.952,24.712,99.979,0.0,0.0,0.0,0.0,123.611,2.1012,4.9506
1648.0,run_20260915_165614,,charging,charging,42.976,24.708,99.979,0.0,0.0,0.0,0.0,123.611,2.1012,4.9558
1649.0,run_20260915_165614,,charging,charging,43.0,24.703,99.979,0.0,0.0,0.0,0.0,123.611,2.1012,4.9611
1650.0,run_20260915_165614,,charging,charging,43.024,24.699,99.979,0.0,0.0,0.0,0.0,123.611,2.1012,4.9664
1651.0,run_20260915_165614,,charging,charging,43.048,24.695,99.979,0.0,0.0,0.0,0.0,123.611,2.1012,4.9717
1652.0,run_20260915_165614,,charging,charging,43.072,24.69,99.979,0.0,0.0,0.0,0.0,123.611,2.1012,4.9769
1653.0,run_20260915_165614,,charging,charging,43.096,24.686,99.979,0.0,0.0,0.0,0.0,123.611,2.1012,4.9822
1654.0,run_20260915_165614,,charging,charging,43.12,24.681,99.979,0.0,0.0,0.0,0.0,123.611,2.1012,4.9875
1655.0,run_20260915_165614,,charging,charging,43.144,24.677,99.979,0.0,0.0,0.0,0.0,123.611,2.1012,4.9928
1656.0,run_20260915_165614,,charging,charging,43.168,24.672,99.979,0.0,0.0,0.0,0.0,123.611,2.1012,4.9981
1657.0,run_20260915_165614,,charging,charging,43.192,24.668,99.979,0.0,0.0,0.0,0.0,123.611,2.1012,5.0033
1658.0,run_20260915_165614,,charging,charging,43.216,24.664,99.979,0.0,0.0,0.0,0.0,123.611,2.1012,5.0086
1659.0,run_20260915_165614,,charging,charging,43.24,24.659,99.979,0.0,0.0,0.0,0.0,123.611,2.1012,5.0139
1660.0,run_20260915_165614,,charging,charging,43.264,24.655,99.979,0.0,0.0,0.0,0.0,123.611,2.1012,5.0192
1661.0,run_20260915_165614,,charging,charging,43.288,24.65,99.979,0.0,0.0,0.0,0.0,123.611,2.1012,5.0244
1662.0,run_20260915_165614,,charging,charging,43.312,24.646,99.979,0.0,0.0,0.0,0.0,123.611,2.1012,5.0297
1663.0,run_20260915_165614,,charging,charging,43.336,24.642,99.979,0.0,0.0,0.0,0.0,123.611,2.1012,5.035
1664.0,run_20260915_165614,,charging,charging,43.36,24.637,99.979,0.0,0.0,0.0,0.0,123.611,2.1012,5.0403
1665.0,run_20260915_165614,,charging,charging,43.384,24.633,99.979,0.0,0.0,0.0,0.0,123.611,2.1012,5.0456
1666.0,run_20260915_165614,,charging,charging,43.408,24.629,99.979,0.0,0.0,0.0,0.0,123.611,2.1012,5.0508
1667.0,run_20260915_165614,,charging,charging,43.432,24.624,99.979,0.0,0.0,0.0,0.0,123.611,2.1012,5.0561
1668.0,run_20260915_165614,,charging,charging,43.456,24.62,99.979,0.0,0.0,0.0,0.0,123.611,2.1012,5.0614
1669.0,run_20260915_165614,,charging,charging,43.479,24.616,99.979,0.0,0.0,0.0,0.0,123.611,2.1012,5.0667
1670.0,run_20260915_165614,,charging,charging,43.503,24.611,99.979,0.0,0.0,0.0,0.0,123.611,2.1012,5.0719
1671.0,run_20260915_165614,,charging,charging,43.527,24.607,99.979,0.0,0.0,0.0,0.0,123.611,2.1012,5.0772
1672.0,run_20260915_165614,,charging,charging,43.551,24.603,99.979,0.0,0.0,0.0,0.0,123.611,2.1012,5.0825
1673.0,run_20260915_165614,,charging,charging,43.575,24.598,99.979,0.0,0.0,0.0,0.0,123.611,2.1012,5.0878
1674.0,run_20260915_165614,,charging,charging,43.599,24.594,99.979,0.0,0.0,0.0,0.0,123.611,2.1012,5.0931
1675.0,run_20260915_165614,,charging,charging,43.623,24.59,99.979,0.0,0.0,0.0,0.0,123.611,2.1012,5.0983
1676.0,run_20260915_165614,,charging,charging,43.647,24.586,99.979,0.0,0.0,0.0,0.0,123.611,2.1012,5.1036
1677.0,run_20260915_165614,,charging,charging,43.671,24.581,99.979,0.0,0.0,0.0,0.0,123.611,2.1012,5.1089
1678.0,run_20260915_165614,,charging,charging,43.695,24.577,99.979,0.0,0.0,0.0,0.0,123.611,2.1012,5.1142
1679.0,run_20260915_165614,,charging,charging,43.719,24.573,99.979,0.0,0.0,0.0,0.0,123.611,2.1012,5.1194
1680.0,run_20260915_165614,,charging,charging,43.743,24.569,99.979,0.0,0.0,0.0,0.0,123.611,2.1012,5.1247
1681.0,run_20260915_165614,,charging,charging,43.767,24.564,99.979,0.0,0.0,0.0,0.0,123.611,2.1012,5.13
1682.0,run_20260915_165614,,charging,charging,43.791,24.56,99.979,0.0,0.0,0.0,0.0,123.611,2.1012,5.1353
1683.0,run_20260915_165614,,charging,charging,43.815,24.556,99.979,0.0,0.0,0.0,0.0,123.611,2.1012,5.1406
1684.0,run_20260915_165614,,charging,charging,43.839,24.552,99.979,0.0,0.0,0.0,0.0,123.611,2.1012,5.1458
1685.0,run_20260915_165614,,charging,charging,43.863,24.547,99.979,0.0,0.0,0.0,0.0,123.611,2.1012,5.1511
1686.0,run_20260915_165614,,charging,charging,43.887,24.543,99.979,0.0,0.0,0.0,0.0,123.611,2.1012,5.1564
1687.0,run_20260915_165614,,charging,charging,43.911,24.539,99.979,0.0,0.0,0.0,0.0,123.611,2.1012,5.1617
1688.0,run_20260915_165614,,charging,charging,43.935,24.535,99.979,0.0,0.0,0.0,0.0,123.611,2.1012,5.1669
1689.0,run_20260915_165614,,charging,charging,43.959,24.531,99.979,0.0,0.0,0.0,0.0,123.611,2.1012,5.1722
1690.0,run_20260915_165614,,charging,charging,43.983,24.526,99.979,0.0,0.0,0.0,0.0,123.611,2.1012,5.1775
1691.0,run_20260915_165614,,charging,charging,44.007,24.522,99.979,0.0,0.0,0.0,0.0,123.611,2.1012,5.1828
1692.0,run_20260915_165614,,charging,charging,44.031,24.518,99.979,0.0,0.0,0.0,0.0,123.611,2.1012,5.1881
1693.0,run_20260915_165614,,charging,charging,44.055,24.514,99.979,0.0,0.0,0.0,0.0,123.611,2.1012,5.1933
1694.0,run_20260915_165614,,charging,charging,44.079,24.51,99.979,0.0,0.0,0.0,0.0,123.611,2.1012,5.1986
1695.0,run_20260915_165614,,charging,charging,44.103,24.506,99.979,0.0,0.0,0.0,0.0,123.611,2.1012,5.2039
1696.0,run_20260915_165614,,charging,charging,44.127,24.502,99.979,0.0,0.0,0.0,0.0,123.611,2.1012,5.2092
1697.0,run_20260915_165614,,charging,charging,44.151,24.497,99.979,0.0,0.0,0.0,0.0,123.611,2.1012,5.2144
1698.0,run_20260915_165614,,charging,charging,44.175,24.493,99.979,0.0,0.0,0.0,0.0,123.611,2.1012,5.2197
1699.0,run_20260915_165614,,charging,charging,44.199,24.489,99.979,0.0,0.0,0.0,0.0,123.611,2.1012,5.225
1700.0,run_20260915_165614,,charging,charging,44.223,24.485,99.979,0.0,0.0,0.0,0.0,123.611,2.1012,5.2303
1701.0,run_20260915_165614,,charging,charging,44.247,24.481,99.979,0.0,0.0,0.0,0.0,123.611,2.1012,5.2356
1702.0,run_20260915_165614,,charging,charging,44.271,24.477,99.979,0.0,0.0,0.0,0.0,123.611,2.1012,5.2408
1703.0,run_20260915_165614,,charging,charging,44.295,24.473,99.979,0.0,0.0,0.0,0.0,123.611,2.1012,5.2461
1704.0,run_20260915_165614,,charging,charging,44.319,24.469,99.979,0.0,0.0,0.0,0.0,123.611,2.1012,5.2514
1705.0,run_20260915_165614,,charging,charging,44.343,24.465,99.979,0.0,0.0,0.0,0.0,123.611,2.1012,5.2567
1706.0,run_20260915_165614,,charging,charging,44.367,24.461,99.979,0.0,0.0,0.0,0.0,123.611,2.1012,5.2619
1707.0,run_20260915_165614,,charging,charging,44.391,24.457,99.979,0.0,0.0,0.0,0.0,123.611,2.1012,5.2672
1708.0,run_20260915_165614,,charging,charging,44.415,24.452,99.979,0.0,0.0,0.0,0.0,123.611,2.1012,5.2725
1709.0,run_20260915_165614,,charging,charging,44.439,24.448,99.979,0.0,0.0,0.0,0.0,123.611,2.1012,5.2778
1710.0,run_20260915_165614,,charging,charging,44.463,24.444,99.979,0.0,0.0,0.0,0.0,123.611,2.1012,5.2831
1711.0,run_20260915_165614,,charging,charging,44.487,24.44,99.979,0.0,0.0,0.0,0.0,123.611,2.1012,5.2883
1712.0,run_20260915_165614,,charging,charging,44.511,24.436,99.979,0.0,0.0,0.0,0.0,123.611,2.1012,5.2936
1713.0,run_20260915_165614,,charging,charging,44.535,24.432,99.979,0.0,0.0,0.0,0.0,123.611,2.1012,5.2989
1714.0,run_20260915_165614,,charging,charging,44.559,24.428,99.979,0.0,0.0,0.0,0.0,123.611,2.1012,5.3042
1715.0,run_20260915_165614,,charging,charging,44.583,24.424,99.979,0.0,0.0,0.0,0.0,123.611,2.1012,5.3094
1716.0,run_20260915_165614,,charging,charging,44.607,24.42,99.979,0.0,0.0,0.0,0.0,123.611,2.1012,5.3147
1717.0,run_20260915_165614,,charging,charging,44.631,24.416,99.979,0.0,0.0,0.0,0.0,123.611,2.1012,5.32
1718.0,run_20260915_165614,,charging,charging,44.655,24.412,99.979,0.0,0.0,0.0,0.0,123.611,2.1012,5.3253
1719.0,run_20260915_165614,,charging,charging,44.679,24.408,99.979,0.0,0.0,0.0,0.0,123.611,2.1012,5.3306
1720.0,run_20260915_165614,,charging,charging,44.703,24.404,99.979,0.0,0.0,0.0,0.0,123.611,2.1012,5.3358
1721.0,run_20260915_165614,,charging,charging,44.727,24.4,99.979,0.0,0.0,0.0,0.0,123.611,2.1012,5.3411
1722.0,run_20260915_165614,,charging,charging,44.751,24.396,99.979,0.0,0.0,0.0,0.0,123.611,2.1012,5.3464
1723.0,run_20260915_165614,,charging,charging,44.775,24.392,99.979,0.0,0.0,0.0,0.0,123.611,2.1012,5.3517
1724.0,run_20260915_165614,,charging,charging,44.799,24.389,99.979,0.0,0.0,0.0,0.0,123.611,2.1012,5.3569
1725.0,run_20260915_165614,,charging,charging,44.823,24.385,99.979,0.0,0.0,0.0,0.0,123.611,2.1012,5.3622
1726.0,run_20260915_165614,,charging,charging,44.847,24.381,99.979,0.0,0.0,0.0,0.0,123.611,2.1012,5.3675
1727.0,run_20260915_165614,,charging,charging,44.871,24.377,99.979,0.0,0.0,0.0,0.0,123.611,2.1012,5.3728
1728.0,run_20260915_165614,,charging,charging,44.895,24.373,99.979,0.0,0.0,0.0,0.0,123.611,2.1012,5.3781
1729.0,run_20260915_165614,,charging,charging,44.919,24.369,99.979,0.0,0.0,0.0,0.0,123.611,2.1012,5.3833
1730.0,run_20260915_165614,,charging,charging,44.943,24.365,99.979,0.0,0.0,0.0,0.0,123.611,2.1012,5.3886
1731.0,run_20260915_165614,,charging,charging,44.967,24.361,99.979,0.0,0.0,0.0,0.0,123.611,2.1012,5.3939
1732.0,run_20260915_165614,,charging,charging,44.991,24.357,99.979,0.0,0.0,0.0,0.0,123.611,2.1012,5.3992
1733.0,run_20260915_165614,,charging,charging,45.015,24.353,99.979,0.0,0.0,0.0,0.0,123.611,2.1012,5.4044
1734.0,run_20260915_165614,,charging,charging,45.039,24.349,99.979,0.0,0.0,0.0,0.0,123.611,2.1012,5.4097
1735.0,run_20260915_165614,,waiting,waiting,45.031,24.347,99.979,0.0,0.0,0.0,0.0,123.611,2.1028,5.4097
1736.0,run_20260915_165614,,waiting,waiting,45.024,24.344,99.979,0.0,0.0,0.0,0.0,123.611,2.1045,5.4097
1737.0,run_20260915_165614,,waiting,waiting,45.016,24.342,99.979,0.0,0.0,0.0,0.0,123.611,2.1062,5.4097
