sim_time_s,section_id,status,factory_time_s,produced_total,picked_total,buffer_units,buffer_capacity,buffer_fill,rate_actual_per_hour,health_percent,time_to_full_s,fault_remaining_s,faults_total,lost_units,blocked_time_s
3.05,A,RUNNING,0.0,0,0,4,8,0.5,20.0,100.0,757.98,0.0,0,0.0,0.0
4.0,A,RUNNING,0.952,0,0,4,8,0.5,20.0,100.0,757.028,0.0,0,0.0,0.0
5.0,A,RUNNING,1.952,0,0,4,8,0.5,20.0,100.0,756.028,0.0,0,0.0,0.0
6.0,A,RUNNING,2.952,0,0,4,8,0.5,20.0,100.0,755.028,0.0,0,0.0,0.0
7.0,A,RUNNING,3.952,0,0,4,8,0.5,20.0,100.0,754.028,0.0,0,0.0,0.0
8.0,A,RUNNING,4.952,0,0,4,8,0.5,20.0,100.0,753.028,0.0,0,0.0,0.0
9.0,A,RUNNING,5.952,0,0,4,8,0.5,20.0,100.0,752.028,0.0,0,0.0,0.0
10.0,A,RUNNING,6.952,0,0,4,8,0.5,20.0,100.0,751.028,0.0,0,0.0,0.0
11.0,A,RUNNING,7.952,0,0,4,8,0.5,20.0,100.0,750.028,0.0,0,0.0,0.0
12.0,A,RUNNING,8.952,0,0,4,8,0.5,20.0,100.0,749.028,0.0,0,0.0,0.0
13.0,A,RUNNING,9.952,0,0,4,8,0.5,20.0,100.0,748.028,0.0,0,0.0,0.0
14.0,A,RUNNING,10.952,0,0,4,8,0.5,20.0,100.0,747.028,0.0,0,0.0,0.0
15.0,A,RUNNING,11.952,0,0,4,8,0.5,20.0,100.0,746.028,0.0,0,0.0,0.0
16.0,A,RUNNING,12.952,0,0,4,8,0.5,20.0,100.0,745.028,0.0,0,0.0,0.0
17.0,A,RUNNING,13.952,0,0,4,8,0.5,20.0,100.0,744.028,0.0,0,0.0,0.0
18.0,A,RUNNING,14.952,0,0,4,8,0.5,20.0,100.0,743.028,0.0,0,0.0,0.0
19.0,A,RUNNING,15.952,0,0,4,8,0.5,20.0,100.0,742.028,0.0,0,0.0,0.0
20.0,A,RUNNING,16.952,0,0,4,8,0.5,20.0,100.0,741.028,0.0,0,0.0,0.0
21.0,A,RUNNING,17.952,0,0,4,8,0.5,20.0,100.0,740.028,0.0,0,0.0,0.0
22.0,A,RUNNING,18.952,0,0,4,8,0.5,20.0,100.0,739.028,0.0,0,0.0,0.0
23.0,A,RUNNING,19.952,0,0,4,8,0.5,20.0,100.0,738.028,0.0,0,0.0,0.0
24.0,A,RUNNING,20.952,0,0,4,8,0.5,20.0,100.0,737.028,0.0,0,0.0,0.0
25.0,A,RUNNING,21.952,0,0,4,8,0.5,20.0,100.0,736.028,0.0,0,0.0,0.0
26.0,A,RUNNING,22.952,0,0,4,8,0.5,20.0,100.0,735.028,0.0,0,0.0,0.0
27.0,A,RUNNING,23.952,0,0,4,8,0.5,20.0,100.0,734.028,0.0,0,0.0,0.0
28.0,A,RUNNING,24.952,0,0,4,8,0.5,20.0,100.0,733.028,0.0,0,0.0,0.0
29.0,A,RUNNING,25.952,0,0,4,8,0.5,20.0,100.0,732.028,0.0,0,0.0,0.0
30.0,A,RUNNING,26.952,0,0,4,8,0.5,20.0,100.0,731.028,0.0,0,0.0,0.0
31.0,A,RUNNING,27.952,0,0,4,8,0.5,20.0,100.0,730.028,0.0,0,0.0,0.0
32.0,A,RUNNING,28.952,0,0,4,8,0.5,20.0,100.0,729.028,0.0,0,0.0,0.0
33.0,A,RUNNING,29.952,0,0,4,8,0.5,20.0,100.0,728.028,0.0,0,0.0,0.0
34.0,A,RUNNING,30.952,0,0,4,8,0.5,20.0,100.0,727.028,0.0,0,0.0,0.0
35.0,A,RUNNING,31.952,0,0,4,8,0.5,20.0,100.0,726.028,0.0,0,0.0,0.0
36.0,A,RUNNING,32.952,0,0,4,8,0.5,20.0,100.0,725.028,0.0,0,0.0,0.0
37.0,A,RUNNING,33.952,0,0,4,8,0.5,20.0,100.0,724.028,0.0,0,0.0,0.0
38.0,A,RUNNING,34.952,0,0,4,8,0.5,20.0,100.0,723.028,0.0,0,0.0,0.0
39.0,A,RUNNING,35.952,0,0,4,8,0.5,20.0,100.0,722.028,0.0,0,0.0,0.0
40.0,A,RUNNING,36.952,0,0,4,8,0.5,20.0,100.0,721.028,0.0,0,0.0,0.0
41.0,A,RUNNING,37.952,0,0,4,8,0.5,20.0,100.0,720.028,0.0,0,0.0,0.0
42.0,A,RUNNING,38.952,0,0,4,8,0.5,20.0,100.0,719.028,0.0,0,0.0,0.0
43.0,A,RUNNING,39.952,0,0,4,8,0.5,20.0,100.0,718.028,0.0,0,0.0,0.0
44.0,A,RUNNING,40.952,0,0,4,8,0.5,20.0,100.0,717.028,0.0,0,0.0,0.0
45.0,A,RUNNING,41.952,0,0,4,8,0.5,20.0,100.0,716.028,0.0,0,0.0,0.0
46.0,A,RUNNING,42.952,0,0,4,8,0.5,20.0,100.0,715.028,0.0,0,0.0,0.0
47.0,A,RUNNING,43.952,0,0,4,8,0.5,20.0,100.0,714.028,0.0,0,0.0,0.0
48.0,A,RUNNING,44.952,0,0,4,8,0.5,20.0,100.0,713.028,0.0,0,0.0,0.0
49.0,A,RUNNING,45.952,0,0,4,8,0.5,20.0,100.0,712.028,0.0,0,0.0,0.0
50.0,A,RUNNING,46.952,0,0,4,8,0.5,20.0,100.0,711.028,0.0,0,0.0,0.0
51.0,A,RUNNING,47.952,0,0,4,8,0.5,20.0,100.0,710.028,0.0,0,0.0,0.0
52.0,A,RUNNING,48.952,0,0,4,8,0.5,20.0,100.0,709.028,0.0,0,0.0,0.0
53.0,A,RUNNING,49.952,0,0,4,8,0.5,20.0,100.0,708.028,0.0,0,0.0,0.0
54.0,A,RUNNING,50.952,0,0,4,8,0.5,20.0,100.0,707.028,0.0,0,0.0,0.0
55.0,A,RUNNING,51.952,0,0,4,8,0.5,20.0,100.0,706.028,0.0,0,0.0,0.0
56.0,A,RUNNING,52.952,0,0,4,8,0.5,20.0,100.0,705.028,0.0,0,0.0,0.0
57.0,A,RUNNING,53.952,0,0,4,8,0.5,20.0,100.0,704.028,0.0,0,0.0,0.0
58.0,A,RUNNING,54.952,0,0,4,8,0.5,20.0,100.0,703.028,0.0,0,0.0,0.0
59.0,A,RUNNING,55.952,0,0,4,8,0.5,20.0,100.0,702.028,0.0,0,0.0,0.0
60.0,A,RUNNING,56.952,0,0,4,8,0.5,20.0,100.0,701.028,0.0,0,0.0,0.0
61.0,A,RUNNING,57.952,0,0,4,8,0.5,20.0,100.0,700.028,0.0,0,0.0,0.0
62.0,A,RUNNING,58.952,0,0,4,8,0.5,20.0,100.0,699.028,0.0,0,0.0,0.0
63.0,A,RUNNING,59.952,0,0,4,8,0.5,20.0,100.0,698.028,0.0,0,0.0,0.0
64.0,A,RUNNING,60.952,0,0,4,8,0.5,20.0,100.0,697.028,0.0,0,0.0,0.0
65.0,A,RUNNING,61.952,0,0,4,8,0.5,20.0,100.0,696.028,0.0,0,0.0,0.0
66.0,A,RUNNING,62.952,0,0,4,8,0.5,20.0,100.0,695.028,0.0,0,0.0,0.0
67.0,A,RUNNING,63.952,0,0,4,8,0.5,20.0,100.0,694.028,0.0,0,0.0,0.0
68.0,A,RUNNING,64.952,0,0,4,8,0.5,20.0,100.0,693.028,0.0,0,0.0,0.0
69.0,A,RUNNING,65.952,0,0,4,8,0.5,20.0,100.0,692.028,0.0,0,0.0,0.0
70.0,A,RUNNING,66.952,0,0,4,8,0.5,20.0,100.0,691.028,0.0,0,0.0,0.0
71.0,A,RUNNING,67.952,0,0,4,8,0.5,20.0,100.0,690.028,0.0,0,0.0,0.0
72.0,A,RUNNING,68.952,0,0,4,8,0.5,20.0,100.0,689.028,0.0,0,0.0,0.0
73.0,A,RUNNING,69.952,0,0,4,8,0.5,20.0,100.0,688.028,0.0,0,0.0,0.0
74.0,A,RUNNING,70.952,0,0,4,8,0.5,20.0,100.0,687.028,0.0,0,0.0,0.0
75.0,A,RUNNING,71.952,0,0,4,8,0.5,20.0,100.0,686.028,0.0,0,0.0,0.0
76.0,A,RUNNING,72.952,0,0,4,8,0.5,20.0,100.0,685.028,0.0,0,0.0,0.0
77.0,A,RUNNING,73.952,0,0,4,8,0.5,20.0,100.0,684.028,0.0,0,0.0,0.0
78.0,A,RUNNING,74.952,0,0,4,8,0.5,20.0,100.0,683.028,0.0,0,0.0,0.0
79.0,A,RUNNING,75.952,0,0,4,8,0.5,20.0,100.0,682.028,0.0,0,0.0,0.0
80.0,A,RUNNING,76.952,0,0,4,8,0.5,20.0,100.0,681.028,0.0,0,0.0,0.0
81.0,A,RUNNING,77.952,0,0,4,8,0.5,20.0,100.0,680.028,0.0,0,0.0,0.0
82.0,A,RUNNING,78.952,0,0,4,8,0.5,20.0,100.0,679.028,0.0,0,0.0,0.0
83.0,A,RUNNING,79.952,0,0,4,8,0.5,20.0,100.0,678.028,0.0,0,0.0,0.0
84.0,A,RUNNING,80.952,0,0,4,8,0.5,20.0,100.0,677.028,0.0,0,0.0,0.0
85.0,A,RUNNING,81.952,0,0,4,8,0.5,20.0,100.0,676.028,0.0,0,0.0,0.0
86.0,A,RUNNING,82.952,0,0,4,8,0.5,20.0,100.0,675.028,0.0,0,0.0,0.0
87.0,A,RUNNING,83.952,0,0,4,8,0.5,20.0,100.0,674.028,0.0,0,0.0,0.0
88.0,A,RUNNING,84.952,0,0,4,8,0.5,20.0,100.0,673.028,0.0,0,0.0,0.0
89.0,A,RUNNING,85.952,0,0,4,8,0.5,20.0,100.0,672.028,0.0,0,0.0,0.0
90.0,A,RUNNING,86.952,0,0,4,8,0.5,20.0,100.0,671.028,0.0,0,0.0,0.0
91.0,A,RUNNING,87.952,0,0,4,8,0.5,20.0,100.0,670.028,0.0,0,0.0,0.0
92.0,A,RUNNING,88.952,0,0,4,8,0.5,20.0,100.0,669.028,0.0,0,0.0,0.0
93.0,A,RUNNING,89.952,0,0,4,8,0.5,20.0,100.0,668.028,0.0,0,0.0,0.0
94.0,A,RUNNING,90.952,0,0,4,8,0.5,20.0,100.0,667.028,0.0,0,0.0,0.0
95.0,A,RUNNING,91.952,0,0,4,8,0.5,20.0,100.0,666.028,0.0,0,0.0,0.0
96.0,A,RUNNING,92.952,0,0,4,8,0.5,20.0,100.0,665.028,0.0,0,0.0,0.0
97.0,A,RUNNING,93.952,0,0,4,8,0.5,20.0,100.0,664.028,0.0,0,0.0,0.0
98.0,A,RUNNING,94.952,0,0,4,8,0.5,20.0,100.0,663.028,0.0,0,0.0,0.0
99.0,A,RUNNING,95.952,0,0,4,8,0.5,20.0,100.0,662.028,0.0,0,0.0,0.0
100.0,A,RUNNING,96.952,0,0,4,8,0.5,20.0,100.0,661.028,0.0,0,0.0,0.0
101.0,A,RUNNING,97.952,0,0,4,8,0.5,20.0,100.0,660.028,0.0,0,0.0,0.0
102.0,A,RUNNING,98.952,0,0,4,8,0.5,20.0,100.0,659.028,0.0,0,0.0,0.0
103.0,A,RUNNING,99.952,0,0,4,8,0.5,20.0,100.0,658.028,0.0,0,0.0,0.0
104.0,A,RUNNING,100.952,0,0,4,8,0.5,20.0,100.0,657.028,0.0,0,0.0,0.0
105.0,A,RUNNING,101.952,0,0,4,8,0.5,20.0,100.0,656.028,0.0,0,0.0,0.0
106.0,A,RUNNING,102.952,0,0,4,8,0.5,20.0,100.0,655.028,0.0,0,0.0,0.0
107.0,A,RUNNING,103.952,0,0,4,8,0.5,20.0,100.0,654.028,0.0,0,0.0,0.0
108.0,A,RUNNING,104.952,0,0,4,8,0.5,20.0,100.0,653.028,0.0,0,0.0,0.0
109.0,A,RUNNING,105.952,0,0,4,8,0.5,20.0,100.0,652.028,0.0,0,0.0,0.0
110.0,A,RUNNING,106.952,0,0,4,8,0.5,20.0,100.0,651.028,0.0,0,0.0,0.0
111.0,A,RUNNING,107.952,0,0,4,8,0.5,20.0,100.0,650.028,0.0,0,0.0,0.0
112.0,A,RUNNING,108.952,0,0,4,8,0.5,20.0,100.0,649.028,0.0,0,0.0,0.0
113.0,A,RUNNING,109.952,0,0,4,8,0.5,20.0,100.0,648.028,0.0,0,0.0,0.0
114.0,A,RUNNING,110.952,0,0,4,8,0.5,20.0,100.0,647.028,0.0,0,0.0,0.0
115.0,A,RUNNING,111.952,0,0,4,8,0.5,20.0,100.0,646.028,0.0,0,0.0,0.0
116.0,A,RUNNING,112.952,0,0,4,8,0.5,20.0,100.0,645.028,0.0,0,0.0,0.0
117.0,A,RUNNING,113.952,0,0,4,8,0.5,20.0,100.0,644.028,0.0,0,0.0,0.0
118.0,A,RUNNING,114.952,0,0,4,8,0.5,20.0,100.0,643.028,0.0,0,0.0,0.0
119.0,A,RUNNING,115.952,0,0,4,8,0.5,20.0,100.0,642.028,0.0,0,0.0,0.0
120.0,A,RUNNING,116.952,0,0,4,8,0.5,20.0,100.0,641.028,0.0,0,0.0,0.0
121.0,A,RUNNING,117.952,0,0,4,8,0.5,20.0,100.0,640.028,0.0,0,0.0,0.0
122.0,A,RUNNING,118.952,0,0,4,8,0.5,20.0,100.0,639.028,0.0,0,0.0,0.0
123.0,A,RUNNING,119.952,0,0,4,8,0.5,20.0,100.0,638.028,0.0,0,0.0,0.0
124.0,A,RUNNING,120.952,0,0,4,8,0.5,20.0,100.0,637.028,0.0,0,0.0,0.0
125.0,A,RUNNING,121.952,0,0,4,8,0.5,20.0,100.0,636.028,0.0,0,0.0,0.0
126.0,A,RUNNING,122.952,0,0,4,8,0.5,20.0,100.0,635.028,0.0,0,0.0,0.0
127.0,A,RUNNING,123.952,0,0,4,8,0.5,20.0,100.0,634.028,0.0,0,0.0,0.0
128.0,A,RUNNING,124.952,0,0,4,8,0.5,20.0,100.0,633.028,0.0,0,0.0,0.0
129.0,A,RUNNING,125.952,0,0,4,8,0.5,20.0,100.0,632.028,0.0,0,0.0,0.0
130.0,A,RUNNING,126.952,0,0,4,8,0.5,20.0,100.0,631.028,0.0,0,0.0,0.0
131.0,A,RUNNING,127.952,0,0,4,8,0.5,20.0,100.0,630.028,0.0,0,0.0,0.0
132.0,A,RUNNING,128.952,0,0,4,8,0.5,20.0,100.0,629.028,0.0,0,0.0,0.0
133.0,A,RUNNING,129.952,0,0,4,8,0.5,20.0,100.0,628.028,0.0,0,0.0,0.0
134.0,A,RUNNING,130.952,0,0,4,8,0.5,20.0,100.0,627.028,0.0,0,0.0,0.0
135.0,A,RUNNING,131.952,0,0,4,8,0.5,20.0,100.0,626.028,0.0,0,0.0,0.0
136.0,A,RUNNING,132.952,0,0,4,8,0.5,20.0,100.0,625.028,0.0,0,0.0,0.0
137.0,A,RUNNING,133.952,0,0,4,8,0.5,20.0,100.0,624.028,0.0,0,0.0,0.0
138.0,A,RUNNING,134.952,0,0,4,8,0.5,20.0,100.0,623.028,0.0,0,0.0,0.0
139.0,A,RUNNING,135.952,0,0,4,8,0.5,20.0,100.0,622.028,0.0,0,0.0,0.0
140.0,A,RUNNING,136.952,0,0,4,8,0.5,20.0,100.0,621.028,0.0,0,0.0,0.0
141.0,A,RUNNING,137.952,0,0,4,8,0.5,20.0,100.0,620.028,0.0,0,0.0,0.0
142.0,A,RUNNING,138.952,0,0,4,8,0.5,20.0,100.0,619.028,0.0,0,0.0,0.0
143.0,A,RUNNING,139.952,0,0,4,8,0.5,20.0,100.0,618.028,0.0,0,0.0,0.0
144.0,A,RUNNING,140.952,0,0,4,8,0.5,20.0,100.0,617.028,0.0,0,0.0,0.0
145.0,A,RUNNING,141.952,0,0,4,8,0.5,20.0,100.0,616.028,0.0,0,0.0,0.0
146.0,A,RUNNING,142.952,0,0,4,8,0.5,20.0,100.0,615.028,0.0,0,0.0,0.0
147.0,A,RUNNING,143.952,0,0,4,8,0.5,20.0,100.0,614.028,0.0,0,0.0,0.0
148.0,A,RUNNING,144.952,0,0,4,8,0.5,20.0,100.0,613.028,0.0,0,0.0,0.0
149.0,A,RUNNING,145.952,0,0,4,8,0.5,20.0,100.0,612.028,0.0,0,0.0,0.0
150.0,A,RUNNING,146.952,0,0,4,8,0.5,20.0,100.0,611.028,0.0,0,0.0,0.0
151.0,A,RUNNING,147.952,0,0,4,8,0.5,20.0,100.0,610.028,0.0,0,0.0,0.0
152.0,A,RUNNING,148.952,0,0,4,8,0.5,20.0,100.0,609.028,0.0,0,0.0,0.0
153.0,A,RUNNING,149.952,0,0,4,8,0.5,20.0,100.0,608.028,0.0,0,0.0,0.0
154.0,A,RUNNING,150.952,0,0,4,8,0.5,20.0,100.0,607.028,0.0,0,0.0,0.0
155.0,A,RUNNING,151.952,0,0,4,8,0.5,20.0,100.0,606.028,0.0,0,0.0,0.0
156.0,A,RUNNING,152.952,0,0,4,8,0.5,20.0,100.0,605.028,0.0,0,0.0,0.0
157.0,A,RUNNING,153.952,0,0,4,8,0.5,20.0,100.0,604.028,0.0,0,0.0,0.0
158.0,A,RUNNING,154.952,0,0,4,8,0.5,20.0,100.0,603.028,0.0,0,0.0,0.0
159.0,A,RUNNING,155.952,0,0,4,8,0.5,20.0,100.0,602.028,0.0,0,0.0,0.0
160.0,A,RUNNING,156.952,0,0,4,8,0.5,20.0,100.0,601.028,0.0,0,0.0,0.0
161.0,A,RUNNING,157.952,0,0,4,8,0.5,20.0,100.0,600.028,0.0,0,0.0,0.0
162.0,A,RUNNING,158.952,0,0,4,8,0.5,20.0,100.0,599.028,0.0,0,0.0,0.0
163.0,A,RUNNING,159.952,0,0,4,8,0.5,20.0,100.0,598.028,0.0,0,0.0,0.0
164.0,A,RUNNING,160.952,0,0,4,8,0.5,20.0,100.0,597.028,0.0,0,0.0,0.0
165.0,A,RUNNING,161.952,0,0,4,8,0.5,20.0,100.0,596.028,0.0,0,0.0,0.0
166.0,A,RUNNING,162.952,0,0,4,8,0.5,20.0,100.0,595.028,0.0,0,0.0,0.0
167.0,A,RUNNING,163.952,0,0,4,8,0.5,20.0,100.0,594.028,0.0,0,0.0,0.0
168.0,A,RUNNING,164.952,0,0,4,8,0.5,20.0,100.0,593.028,0.0,0,0.0,0.0
169.0,A,RUNNING,165.952,0,0,4,8,0.5,20.0,100.0,592.028,0.0,0,0.0,0.0
170.0,A,RUNNING,166.952,0,0,4,8,0.5,20.0,100.0,591.028,0.0,0,0.0,0.0
171.0,A,RUNNING,167.952,0,0,4,8,0.5,20.0,100.0,590.028,0.0,0,0.0,0.0
172.0,A,RUNNING,168.952,0,0,4,8,0.5,20.0,100.0,589.028,0.0,0,0.0,0.0
173.0,A,RUNNING,169.952,0,0,4,8,0.5,20.0,100.0,588.028,0.0,0,0.0,0.0
174.0,A,RUNNING,170.952,0,0,4,8,0.5,20.0,100.0,587.028,0.0,0,0.0,0.0
175.0,A,RUNNING,171.952,0,0,4,8,0.5,20.0,100.0,586.028,0.0,0,0.0,0.0
176.0,A,RUNNING,172.952,0,0,4,8,0.5,20.0,100.0,585.028,0.0,0,0.0,0.0
177.0,A,RUNNING,173.952,0,0,4,8,0.5,20.0,100.0,584.028,0.0,0,0.0,0.0
178.0,A,RUNNING,174.952,0,0,4,8,0.5,20.0,100.0,583.028,0.0,0,0.0,0.0
179.0,A,RUNNING,175.952,0,0,4,8,0.5,20.0,100.0,582.028,0.0,0,0.0,0.0
180.0,A,RUNNING,176.952,0,0,4,8,0.5,20.0,100.0,581.028,0.0,0,0.0,0.0
181.0,A,RUNNING,177.952,0,0,4,8,0.5,20.0,100.0,580.028,0.0,0,0.0,0.0
182.0,A,RUNNING,178.952,0,0,4,8,0.5,20.0,100.0,579.028,0.0,0,0.0,0.0
183.0,A,RUNNING,179.952,0,0,4,8,0.5,20.0,100.0,578.028,0.0,0,0.0,0.0
184.0,A,RUNNING,180.952,0,0,4,8,0.5,20.0,100.0,577.028,0.0,0,0.0,0.0
185.0,A,RUNNING,181.952,0,0,4,8,0.5,20.0,100.0,576.028,0.0,0,0.0,0.0
186.0,A,RUNNING,182.952,0,0,4,8,0.5,20.0,100.0,575.028,0.0,0,0.0,0.0
187.0,A,RUNNING,183.952,0,0,4,8,0.5,20.0,100.0,574.028,0.0,0,0.0,0.0
188.0,A,RUNNING,184.952,0,0,4,8,0.5,20.0,100.0,573.028,0.0,0,0.0,0.0
189.0,A,RUNNING,185.952,0,4,0,8,0.0,20.0,100.0,1292.028,0.0,0,0.0,0.0
190.0,A,RUNNING,186.952,0,4,0,8,0.0,20.0,100.0,1291.028,0.0,0,0.0,0.0
191.0,A,RUNNING,187.952,0,4,0,8,0.0,20.0,100.0,1290.028,0.0,0,0.0,0.0
192.0,A,RUNNING,188.952,0,4,0,8,0.0,20.0,100.0,1289.028,0.0,0,0.0,0.0
193.0,A,RUNNING,189.952,0,4,0,8,0.0,20.0,100.0,1288.028,0.0,0,0.0,0.0
194.0,A,RUNNING,190.952,0,4,0,8,0.0,20.0,100.0,1287.028,0.0,0,0.0,0.0
195.0,A,RUNNING,191.952,0,4,0,8,0.0,20.0,100.0,1286.028,0.0,0,0.0,0.0
196.0,A,RUNNING,192.952,0,4,0,8,0.0,20.0,100.0,1285.028,0.0,0,0.0,0.0
197.0,A,RUNNING,193.952,0,4,0,8,0.0,20.0,100.0,1284.028,0.0,0,0.0,0.0
198.0,A,RUNNING,194.952,0,4,0,8,0.0,20.0,100.0,1283.028,0.0,0,0.0,0.0
199.0,A,RUNNING,195.952,0,4,0,8,0.0,20.0,100.0,1282.028,0.0,0,0.0,0.0
200.0,A,RUNNING,196.952,0,4,0,8,0.0,20.0,100.0,1281.028,0.0,0,0.0,0.0
201.0,A,RUNNING,197.952,0,4,0,8,0.0,20.0,100.0,1280.028,0.0,0,0.0,0.0
202.0,A,RUNNING,198.952,0,4,0,8,0.0,20.0,100.0,1279.028,0.0,0,0.0,0.0
203.0,A,RUNNING,199.952,0,4,0,8,0.0,20.0,100.0,1278.028,0.0,0,0.0,0.0
204.0,A,RUNNING,200.952,0,4,0,8,0.0,20.0,100.0,1277.028,0.0,0,0.0,0.0
205.0,A,RUNNING,201.952,0,4,0,8,0.0,20.0,100.0,1276.028,0.0,0,0.0,0.0
206.0,A,RUNNING,202.952,0,4,0,8,0.0,20.0,100.0,1275.028,0.0,0,0.0,0.0
207.0,A,RUNNING,203.952,0,4,0,8,0.0,20.0,100.0,1274.028,0.0,0,0.0,0.0
208.0,A,RUNNING,204.952,0,4,0,8,0.0,20.0,100.0,1273.028,0.0,0,0.0,0.0
209.0,A,RUNNING,205.952,0,4,0,8,0.0,20.0,100.0,1272.028,0.0,0,0.0,0.0
210.0,A,RUNNING,206.952,0,4,0,8,0.0,20.0,100.0,1271.028,0.0,0,0.0,0.0
211.0,A,RUNNING,207.952,0,4,0,8,0.0,20.0,100.0,1270.028,0.0,0,0.0,0.0
212.0,A,RUNNING,208.952,0,4,0,8,0.0,20.0,100.0,1269.028,0.0,0,0.0,0.0
213.0,A,RUNNING,209.952,0,4,0,8,0.0,20.0,100.0,1268.028,0.0,0,0.0,0.0
214.0,A,RUNNING,210.952,0,4,0,8,0.0,20.0,100.0,1267.028,0.0,0,0.0,0.0
215.0,A,RUNNING,211.952,0,4,0,8,0.0,20.0,100.0,1266.028,0.0,0,0.0,0.0
216.0,A,RUNNING,212.952,0,4,0,8,0.0,20.0,100.0,1265.028,0.0,0,0.0,0.0
217.0,A,RUNNING,213.952,0,4,0,8,0.0,20.0,100.0,1264.028,0.0,0,0.0,0.0
218.0,A,RUNNING,214.952,0,4,0,8,0.0,20.0,100.0,1263.028,0.0,0,0.0,0.0
219.0,A,RUNNING,215.952,0,4,0,8,0.0,20.0,100.0,1262.028,0.0,0,0.0,0.0
220.0,A,RUNNING,216.952,0,4,0,8,0.0,20.0,100.0,1261.028,0.0,0,0.0,0.0
221.0,A,RUNNING,217.952,0,4,0,8,0.0,20.0,100.0,1260.028,0.0,0,0.0,0.0
222.0,A,RUNNING,218.952,1,4,1,8,0.125,20.0,99.9,1255.8899,0.0,0,0.0,0.0
223.0,A,RUNNING,219.952,1,4,1,8,0.125,20.0,99.9,1254.8899,0.0,0,0.0,0.0
224.0,A,RUNNING,220.952,1,4,1,8,0.125,20.0,99.9,1253.8899,0.0,0,0.0,0.0
225.0,A,RUNNING,221.952,1,4,1,8,0.125,20.0,99.9,1252.8899,0.0,0,0.0,0.0
226.0,A,RUNNING,222.952,1,4,1,8,0.125,20.0,99.9,1251.8899,0.0,0,0.0,0.0
227.0,A,RUNNING,223.952,1,4,1,8,0.125,20.0,99.9,1250.8899,0.0,0,0.0,0.0
228.0,A,RUNNING,224.952,1,4,1,8,0.125,20.0,99.9,1249.8899,0.0,0,0.0,0.0
229.0,A,RUNNING,225.952,1,4,1,8,0.125,20.0,99.9,1248.8899,0.0,0,0.0,0.0
230.0,A,RUNNING,226.952,1,4,1,8,0.125,20.0,99.9,1247.8899,0.0,0,0.0,0.0
231.0,A,RUNNING,227.952,1,4,1,8,0.125,20.0,99.9,1246.8899,0.0,0,0.0,0.0
232.0,A,RUNNING,228.952,1,4,1,8,0.125,20.0,99.9,1245.8899,0.0,0,0.0,0.0
233.0,A,RUNNING,229.952,1,4,1,8,0.125,20.0,99.9,1244.8899,0.0,0,0.0,0.0
234.0,A,RUNNING,230.952,1,4,1,8,0.125,20.0,99.9,1243.8899,0.0,0,0.0,0.0
235.0,A,RUNNING,231.952,1,4,1,8,0.125,20.0,99.9,1242.8899,0.0,0,0.0,0.0
236.0,A,RUNNING,232.952,1,4,1,8,0.125,20.0,99.9,1241.8899,0.0,0,0.0,0.0
237.0,A,RUNNING,233.952,1,4,1,8,0.125,20.0,99.9,1240.8899,0.0,0,0.0,0.0
238.0,A,RUNNING,234.952,1,4,1,8,0.125,20.0,99.9,1239.8899,0.0,0,0.0,0.0
239.0,A,RUNNING,235.952,1,4,1,8,0.125,20.0,99.9,1238.8899,0.0,0,0.0,0.0
240.0,A,RUNNING,236.952,1,4,1,8,0.125,20.0,99.9,1237.8899,0.0,0,0.0,0.0
241.0,A,RUNNING,237.952,1,4,1,8,0.125,20.0,99.9,1236.8899,0.0,0,0.0,0.0
242.0,A,RUNNING,238.952,1,4,1,8,0.125,20.0,99.9,1235.8899,0.0,0,0.0,0.0
243.0,A,RUNNING,239.952,1,4,1,8,0.125,20.0,99.9,1234.8899,0.0,0,0.0,0.0
244.0,A,RUNNING,240.952,1,4,1,8,0.125,20.0,99.9,1233.8899,0.0,0,0.0,0.0
245.0,A,RUNNING,241.952,1,4,1,8,0.125,20.0,99.9,1232.8899,0.0,0,0.0,0.0
246.0,A,RUNNING,242.952,1,4,1,8,0.125,20.0,99.9,1231.8899,0.0,0,0.0,0.0
247.0,A,RUNNING,243.952,1,4,1,8,0.125,20.0,99.9,1230.8899,0.0,0,0.0,0.0
248.0,A,RUNNING,244.952,1,4,1,8,0.125,20.0,99.9,1229.8899,0.0,0,0.0,0.0
249.0,A,RUNNING,245.952,1,4,1,8,0.125,20.0,99.9,1228.8899,0.0,0,0.0,0.0
250.0,A,RUNNING,246.952,1,4,1,8,0.125,20.0,99.9,1227.8899,0.0,0,0.0,0.0
251.0,A,RUNNING,247.952,1,4,1,8,0.125,20.0,99.9,1226.8899,0.0,0,0.0,0.0
252.0,A,RUNNING,248.952,1,4,1,8,0.125,20.0,99.9,1225.8899,0.0,0,0.0,0.0
253.0,A,RUNNING,249.952,1,4,1,8,0.125,20.0,99.9,1224.8899,0.0,0,0.0,0.0
254.0,A,RUNNING,250.952,1,4,1,8,0.125,20.0,99.9,1223.8899,0.0,0,0.0,0.0
255.0,A,RUNNING,251.952,1,4,1,8,0.125,20.0,99.9,1222.8899,0.0,0,0.0,0.0
256.0,A,RUNNING,252.952,1,4,1,8,0.125,20.0,99.9,1221.8899,0.0,0,0.0,0.0
257.0,A,RUNNING,253.952,1,4,1,8,0.125,20.0,99.9,1220.8899,0.0,0,0.0,0.0
258.0,A,RUNNING,254.952,1,4,1,8,0.125,20.0,99.9,1219.8899,0.0,0,0.0,0.0
259.0,A,RUNNING,255.952,1,4,1,8,0.125,20.0,99.9,1218.8899,0.0,0,0.0,0.0
260.0,A,RUNNING,256.952,1,4,1,8,0.125,20.0,99.9,1217.8899,0.0,0,0.0,0.0
261.0,A,RUNNING,257.952,1,4,1,8,0.125,20.0,99.9,1216.8899,0.0,0,0.0,0.0
262.0,A,RUNNING,258.952,1,4,1,8,0.125,20.0,99.9,1215.8899,0.0,0,0.0,0.0
263.0,A,RUNNING,259.952,1,4,1,8,0.125,20.0,99.9,1214.8899,0.0,0,0.0,0.0
264.0,A,RUNNING,260.952,1,4,1,8,0.125,20.0,99.9,1213.8899,0.0,0,0.0,0.0
265.0,A,RUNNING,261.952,1,4,1,8,0.125,20.0,99.9,1212.8899,0.0,0,0.0,0.0
266.0,A,RUNNING,262.952,1,4,1,8,0.125,20.0,99.9,1211.8899,0.0,0,0.0,0.0
267.0,A,RUNNING,263.952,1,4,1,8,0.125,20.0,99.9,1210.8899,0.0,0,0.0,0.0
268.0,A,RUNNING,264.952,1,4,1,8,0.125,20.0,99.9,1209.8899,0.0,0,0.0,0.0
269.0,A,RUNNING,265.952,1,4,1,8,0.125,20.0,99.9,1208.8899,0.0,0,0.0,0.0
270.0,A,RUNNING,266.952,1,4,1,8,0.125,20.0,99.9,1207.8899,0.0,0,0.0,0.0
271.0,A,RUNNING,267.952,1,4,1,8,0.125,20.0,99.9,1206.8899,0.0,0,0.0,0.0
272.0,A,RUNNING,268.952,1,4,1,8,0.125,20.0,99.9,1205.8899,0.0,0,0.0,0.0
273.0,A,RUNNING,269.952,1,4,1,8,0.125,20.0,99.9,1204.8899,0.0,0,0.0,0.0
274.0,A,RUNNING,270.952,1,4,1,8,0.125,20.0,99.9,1203.8899,0.0,0,0.0,0.0
275.0,A,RUNNING,271.952,1,4,1,8,0.125,20.0,99.9,1202.8899,0.0,0,0.0,0.0
276.0,A,RUNNING,272.952,1,4,1,8,0.125,20.0,99.9,1201.8899,0.0,0,0.0,0.0
277.0,A,RUNNING,273.952,1,4,1,8,0.125,20.0,99.9,1200.8899,0.0,0,0.0,0.0
278.0,A,RUNNING,274.952,1,4,1,8,0.125,20.0,99.9,1199.8899,0.0,0,0.0,0.0
279.0,A,RUNNING,275.952,1,4,1,8,0.125,20.0,99.9,1198.8899,0.0,0,0.0,0.0
280.0,A,RUNNING,276.952,1,4,1,8,0.125,20.0,99.9,1197.8899,0.0,0,0.0,0.0
281.0,A,RUNNING,277.952,1,4,1,8,0.125,20.0,99.9,1196.8899,0.0,0,0.0,0.0
282.0,A,RUNNING,278.952,1,4,1,8,0.125,20.0,99.9,1195.8899,0.0,0,0.0,0.0
283.0,A,RUNNING,279.952,1,4,1,8,0.125,20.0,99.9,1194.8899,0.0,0,0.0,0.0
284.0,A,RUNNING,280.952,1,4,1,8,0.125,20.0,99.9,1193.8899,0.0,0,0.0,0.0
285.0,A,RUNNING,281.952,1,4,1,8,0.125,20.0,99.9,1192.8899,0.0,0,0.0,0.0
286.0,A,RUNNING,282.952,1,4,1,8,0.125,20.0,99.9,1191.8899,0.0,0,0.0,0.0
287.0,A,RUNNING,283.952,1,4,1,8,0.125,20.0,99.9,1190.8899,0.0,0,0.0,0.0
288.0,A,RUNNING,284.952,1,4,1,8,0.125,20.0,99.9,1189.8899,0.0,0,0.0,0.0
289.0,A,RUNNING,285.952,1,4,1,8,0.125,20.0,99.9,1188.8899,0.0,0,0.0,0.0
290.0,A,RUNNING,286.952,1,4,1,8,0.125,20.0,99.9,1187.8899,0.0,0,0.0,0.0
291.0,A,RUNNING,287.952,1,4,1,8,0.125,20.0,99.9,1186.8899,0.0,0,0.0,0.0
292.0,A,RUNNING,288.952,1,4,1,8,0.125,20.0,99.9,1185.8899,0.0,0,0.0,0.0
293.0,A,RUNNING,289.952,1,4,1,8,0.125,20.0,99.9,1184.8899,0.0,0,0.0,0.0
294.0,A,RUNNING,290.952,1,4,1,8,0.125,20.0,99.9,1183.8899,0.0,0,0.0,0.0
295.0,A,RUNNING,291.952,1,4,1,8,0.125,20.0,99.9,1182.8899,0.0,0,0.0,0.0
296.0,A,RUNNING,292.952,1,4,1,8,0.125,20.0,99.9,1181.8899,0.0,0,0.0,0.0
297.0,A,RUNNING,293.952,1,4,1,8,0.125,20.0,99.9,1180.8899,0.0,0,0.0,0.0
298.0,A,RUNNING,294.952,1,4,1,8,0.125,20.0,99.9,1179.8899,0.0,0,0.0,0.0
299.0,A,RUNNING,295.952,1,4,1,8,0.125,20.0,99.9,1178.8899,0.0,0,0.0,0.0
300.0,A,RUNNING,296.952,1,4,1,8,0.125,20.0,99.9,1177.8899,0.0,0,0.0,0.0
301.0,A,RUNNING,297.952,1,4,1,8,0.125,20.0,99.9,1176.8899,0.0,0,0.0,0.0
302.0,A,RUNNING,298.952,1,4,1,8,0.125,20.0,99.9,1175.8899,0.0,0,0.0,0.0
303.0,A,RUNNING,299.952,1,4,1,8,0.125,20.0,99.9,1174.8899,0.0,0,0.0,0.0
304.0,A,RUNNING,300.952,1,4,1,8,0.125,20.0,99.9,1173.8899,0.0,0,0.0,0.0
305.0,A,RUNNING,301.952,1,4,1,8,0.125,20.0,99.9,1172.8899,0.0,0,0.0,0.0
306.0,A,RUNNING,302.952,1,4,1,8,0.125,20.0,99.9,1171.8899,0.0,0,0.0,0.0
307.0,A,RUNNING,303.952,1,4,1,8,0.125,20.0,99.9,1170.8899,0.0,0,0.0,0.0
308.0,A,RUNNING,304.952,1,4,1,8,0.125,20.0,99.9,1169.8899,0.0,0,0.0,0.0
309.0,A,RUNNING,305.952,1,4,1,8,0.125,20.0,99.9,1168.8899,0.0,0,0.0,0.0
310.0,A,RUNNING,306.952,1,4,1,8,0.125,20.0,99.9,1167.8899,0.0,0,0.0,0.0
311.0,A,RUNNING,307.952,1,4,1,8,0.125,20.0,99.9,1166.8899,0.0,0,0.0,0.0
312.0,A,RUNNING,308.952,1,4,1,8,0.125,20.0,99.9,1165.8899,0.0,0,0.0,0.0
313.0,A,RUNNING,309.952,1,4,1,8,0.125,20.0,99.9,1164.8899,0.0,0,0.0,0.0
314.0,A,RUNNING,310.952,1,4,1,8,0.125,20.0,99.9,1163.8899,0.0,0,0.0,0.0
315.0,A,RUNNING,311.952,1,4,1,8,0.125,20.0,99.9,1162.8899,0.0,0,0.0,0.0
316.0,A,RUNNING,312.952,1,4,1,8,0.125,20.0,99.9,1161.8899,0.0,0,0.0,0.0
317.0,A,RUNNING,313.952,1,4,1,8,0.125,20.0,99.9,1160.8899,0.0,0,0.0,0.0
318.0,A,RUNNING,314.952,1,4,1,8,0.125,20.0,99.9,1159.8899,0.0,0,0.0,0.0
319.0,A,RUNNING,315.952,1,4,1,8,0.125,20.0,99.9,1158.8899,0.0,0,0.0,0.0
320.0,A,RUNNING,316.952,1,4,1,8,0.125,20.0,99.9,1157.8899,0.0,0,0.0,0.0
321.0,A,RUNNING,317.952,1,4,1,8,0.125,20.0,99.9,1156.8899,0.0,0,0.0,0.0
322.0,A,RUNNING,318.952,1,4,1,8,0.125,20.0,99.9,1155.8899,0.0,0,0.0,0.0
323.0,A,RUNNING,319.952,1,4,1,8,0.125,20.0,99.9,1154.8899,0.0,0,0.0,0.0
324.0,A,RUNNING,320.952,1,4,1,8,0.125,20.0,99.9,1153.8899,0.0,0,0.0,0.0
325.0,A,RUNNING,321.952,1,4,1,8,0.125,20.0,99.9,1152.8899,0.0,0,0.0,0.0
326.0,A,RUNNING,322.952,1,4,1,8,0.125,20.0,99.9,1151.8899,0.0,0,0.0,0.0
327.0,A,RUNNING,323.952,1,4,1,8,0.125,20.0,99.9,1150.8899,0.0,0,0.0,0.0
328.0,A,RUNNING,324.952,1,4,1,8,0.125,20.0,99.9,1149.8899,0.0,0,0.0,0.0
329.0,A,RUNNING,325.952,1,4,1,8,0.125,20.0,99.9,1148.8899,0.0,0,0.0,0.0
330.0,A,RUNNING,326.952,1,4,1,8,0.125,20.0,99.9,1147.8899,0.0,0,0.0,0.0
331.0,A,RUNNING,327.952,1,4,1,8,0.125,20.0,99.9,1146.8899,0.0,0,0.0,0.0
332.0,A,RUNNING,328.952,1,4,1,8,0.125,20.0,99.9,1145.8899,0.0,0,0.0,0.0
333.0,A,RUNNING,329.952,1,4,1,8,0.125,20.0,99.9,1144.8899,0.0,0,0.0,0.0
334.0,A,RUNNING,330.952,1,4,1,8,0.125,20.0,99.9,1143.8899,0.0,0,0.0,0.0
335.0,A,RUNNING,331.952,1,4,1,8,0.125,20.0,99.9,1142.8899,0.0,0,0.0,0.0
336.0,A,RUNNING,332.952,1,4,1,8,0.125,20.0,99.9,1141.8899,0.0,0,0.0,0.0
337.0,A,RUNNING,333.952,1,4,1,8,0.125,20.0,99.9,1140.8899,0.0,0,0.0,0.0
338.0,A,RUNNING,334.952,1,4,1,8,0.125,20.0,99.9,1139.8899,0.0,0,0.0,0.0
339.0,A,RUNNING,335.952,1,4,1,8,0.125,20.0,99.9,1138.8899,0.0,0,0.0,0.0
340.0,A,RUNNING,336.952,1,4,1,8,0.125,20.0,99.9,1137.8899,0.0,0,0.0,0.0
341.0,A,RUNNING,337.952,1,4,1,8,0.125,20.0,99.9,1136.8899,0.0,0,0.0,0.0
342.0,A,RUNNING,338.952,1,4,1,8,0.125,20.0,99.9,1135.8899,0.0,0,0.0,0.0
343.0,A,RUNNING,339.952,1,4,1,8,0.125,20.0,99.9,1134.8899,0.0,0,0.0,0.0
344.0,A,RUNNING,340.952,1,4,1,8,0.125,20.0,99.9,1133.8899,0.0,0,0.0,0.0
345.0,A,RUNNING,341.952,1,4,1,8,0.125,20.0,99.9,1132.8899,0.0,0,0.0,0.0
346.0,A,RUNNING,342.952,1,4,1,8,0.125,20.0,99.9,1131.8899,0.0,0,0.0,0.0
347.0,A,RUNNING,343.952,1,4,1,8,0.125,20.0,99.9,1130.8899,0.0,0,0.0,0.0
348.0,A,RUNNING,344.952,1,4,1,8,0.125,20.0,99.9,1129.8899,0.0,0,0.0,0.0
349.0,A,RUNNING,345.952,1,4,1,8,0.125,20.0,99.9,1128.8899,0.0,0,0.0,0.0
350.0,A,RUNNING,346.952,1,4,1,8,0.125,20.0,99.9,1127.8899,0.0,0,0.0,0.0
351.0,A,RUNNING,347.952,1,4,1,8,0.125,20.0,99.9,1126.8899,0.0,0,0.0,0.0
352.0,A,RUNNING,348.952,1,4,1,8,0.125,20.0,99.9,1125.8899,0.0,0,0.0,0.0
353.0,A,RUNNING,349.952,1,4,1,8,0.125,20.0,99.9,1124.8899,0.0,0,0.0,0.0
354.0,A,RUNNING,350.952,1,4,1,8,0.125,20.0,99.9,1123.8899,0.0,0,0.0,0.0
355.0,A,RUNNING,351.952,1,4,1,8,0.125,20.0,99.9,1122.8899,0.0,0,0.0,0.0
356.0,A,RUNNING,352.952,1,4,1,8,0.125,20.0,99.9,1121.8899,0.0,0,0.0,0.0
357.0,A,RUNNING,353.952,1,4,1,8,0.125,20.0,99.9,1120.8899,0.0,0,0.0,0.0
358.0,A,RUNNING,354.952,1,4,1,8,0.125,20.0,99.9,1119.8899,0.0,0,0.0,0.0
359.0,A,RUNNING,355.952,1,4,1,8,0.125,20.0,99.9,1118.8899,0.0,0,0.0,0.0
360.0,A,RUNNING,356.952,1,4,1,8,0.125,20.0,99.9,1117.8899,0.0,0,0.0,0.0
361.0,A,RUNNING,357.952,1,4,1,8,0.125,20.0,99.9,1116.8899,0.0,0,0.0,0.0
362.0,A,RUNNING,358.952,1,4,1,8,0.125,20.0,99.9,1115.8899,0.0,0,0.0,0.0
363.0,A,RUNNING,359.952,1,4,1,8,0.125,20.0,99.9,1114.8899,0.0,0,0.0,0.0
364.0,A,RUNNING,360.952,1,4,1,8,0.125,20.0,99.9,1113.8899,0.0,0,0.0,0.0
365.0,A,RUNNING,361.952,1,4,1,8,0.125,20.0,99.9,1112.8899,0.0,0,0.0,0.0
366.0,A,RUNNING,362.952,1,4,1,8,0.125,20.0,99.9,1111.8899,0.0,0,0.0,0.0
367.0,A,RUNNING,363.952,1,4,1,8,0.125,20.0,99.9,1110.8899,0.0,0,0.0,0.0
368.0,A,RUNNING,364.952,1,4,1,8,0.125,20.0,99.9,1109.8899,0.0,0,0.0,0.0
369.0,A,RUNNING,365.952,1,4,1,8,0.125,20.0,99.9,1108.8899,0.0,0,0.0,0.0
370.0,A,RUNNING,366.952,1,4,1,8,0.125,20.0,99.9,1107.8899,0.0,0,0.0,0.0
371.0,A,RUNNING,367.952,1,4,1,8,0.125,20.0,99.9,1106.8899,0.0,0,0.0,0.0
372.0,A,RUNNING,368.952,1,4,1,8,0.125,20.0,99.9,1105.8899,0.0,0,0.0,0.0
373.0,A,RUNNING,369.952,1,4,1,8,0.125,20.0,99.9,1104.8899,0.0,0,0.0,0.0
374.0,A,RUNNING,370.952,1,4,1,8,0.125,20.0,99.9,1103.8899,0.0,0,0.0,0.0
375.0,A,RUNNING,371.952,1,4,1,8,0.125,20.0,99.9,1102.8899,0.0,0,0.0,0.0
376.0,A,RUNNING,372.952,1,4,1,8,0.125,20.0,99.9,1101.8899,0.0,0,0.0,0.0
377.0,A,RUNNING,373.952,1,4,1,8,0.125,20.0,99.9,1100.8899,0.0,0,0.0,0.0
378.0,A,RUNNING,374.952,1,4,1,8,0.125,20.0,99.9,1099.8899,0.0,0,0.0,0.0
379.0,A,RUNNING,375.952,1,4,1,8,0.125,20.0,99.9,1098.8899,0.0,0,0.0,0.0
380.0,A,RUNNING,376.952,1,4,1,8,0.125,20.0,99.9,1097.8899,0.0,0,0.0,0.0
381.0,A,RUNNING,377.952,1,4,1,8,0.125,20.0,99.9,1096.8899,0.0,0,0.0,0.0
382.0,A,RUNNING,378.952,1,4,1,8,0.125,20.0,99.9,1095.8899,0.0,0,0.0,0.0
383.0,A,RUNNING,379.952,1,4,1,8,0.125,20.0,99.9,1094.8899,0.0,0,0.0,0.0
384.0,A,RUNNING,380.952,1,4,1,8,0.125,20.0,99.9,1093.8899,0.0,0,0.0,0.0
385.0,A,RUNNING,381.952,1,4,1,8,0.125,20.0,99.9,1092.8899,0.0,0,0.0,0.0
386.0,A,RUNNING,382.952,1,4,1,8,0.125,20.0,99.9,1091.8899,0.0,0,0.0,0.0
387.0,A,RUNNING,383.952,1,4,1,8,0.125,20.0,99.9,1090.8899,0.0,0,0.0,0.0
388.0,A,RUNNING,384.952,1,4,1,8,0.125,20.0,99.9,1089.8899,0.0,0,0.0,0.0
389.0,A,RUNNING,385.952,1,4,1,8,0.125,20.0,99.9,1088.8899,0.0,0,0.0,0.0
390.0,A,RUNNING,386.952,1,4,1,8,0.125,20.0,99.9,1087.8899,0.0,0,0.0,0.0
391.0,A,RUNNING,387.952,1,4,1,8,0.125,20.0,99.9,1086.8899,0.0,0,0.0,0.0
392.0,A,RUNNING,388.952,1,4,1,8,0.125,20.0,99.9,1085.8899,0.0,0,0.0,0.0
393.0,A,RUNNING,389.952,1,4,1,8,0.125,20.0,99.9,1084.8899,0.0,0,0.0,0.0
394.0,A,RUNNING,390.952,1,4,1,8,0.125,20.0,99.9,1083.8899,0.0,0,0.0,0.0
395.0,A,RUNNING,391.952,1,4,1,8,0.125,20.0,99.9,1082.8899,0.0,0,0.0,0.0
396.0,A,RUNNING,392.952,1,4,1,8,0.125,20.0,99.9,1081.8899,0.0,0,0.0,0.0
397.0,A,RUNNING,393.952,1,4,1,8,0.125,20.0,99.9,1080.8899,0.0,0,0.0,0.0
398.0,A,RUNNING,394.952,2,4,2,8,0.25,20.0,99.8,1107.088,0.0,0,0.0,0.0
399.0,A,RUNNING,395.952,2,4,2,8,0.25,20.0,99.8,1106.088,0.0,0,0.0,0.0
400.0,A,RUNNING,396.952,2,4,2,8,0.25,20.0,99.8,1105.088,0.0,0,0.0,0.0
401.0,A,RUNNING,397.952,2,4,2,8,0.25,20.0,99.8,1104.088,0.0,0,0.0,0.0
402.0,A,RUNNING,398.952,2,4,2,8,0.25,20.0,99.8,1103.088,0.0,0,0.0,0.0
403.0,A,RUNNING,399.952,2,4,2,8,0.25,20.0,99.8,1102.088,0.0,0,0.0,0.0
404.0,A,RUNNING,400.952,2,4,2,8,0.25,20.0,99.8,1101.088,0.0,0,0.0,0.0
405.0,A,RUNNING,401.952,2,4,2,8,0.25,20.0,99.8,1100.088,0.0,0,0.0,0.0
406.0,A,RUNNING,402.952,2,4,2,8,0.25,20.0,99.8,1099.088,0.0,0,0.0,0.0
407.0,A,RUNNING,403.952,2,4,2,8,0.25,20.0,99.8,1098.088,0.0,0,0.0,0.0
408.0,A,RUNNING,404.952,2,4,2,8,0.25,20.0,99.8,1097.088,0.0,0,0.0,0.0
409.0,A,RUNNING,405.952,2,4,2,8,0.25,20.0,99.8,1096.088,0.0,0,0.0,0.0
410.0,A,RUNNING,406.952,2,4,2,8,0.25,20.0,99.8,1095.088,0.0,0,0.0,0.0
411.0,A,RUNNING,407.952,2,4,2,8,0.25,20.0,99.8,1094.088,0.0,0,0.0,0.0
412.0,A,RUNNING,408.952,2,4,2,8,0.25,20.0,99.8,1093.088,0.0,0,0.0,0.0
413.0,A,RUNNING,409.952,2,4,2,8,0.25,20.0,99.8,1092.088,0.0,0,0.0,0.0
414.0,A,RUNNING,410.952,2,4,2,8,0.25,20.0,99.8,1091.088,0.0,0,0.0,0.0
415.0,A,RUNNING,411.952,2,4,2,8,0.25,20.0,99.8,1090.088,0.0,0,0.0,0.0
416.0,A,RUNNING,412.952,2,4,2,8,0.25,20.0,99.8,1089.088,0.0,0,0.0,0.0
417.0,A,RUNNING,413.952,2,4,2,8,0.25,20.0,99.8,1088.088,0.0,0,0.0,0.0
418.0,A,RUNNING,414.952,2,4,2,8,0.25,20.0,99.8,1087.088,0.0,0,0.0,0.0
419.0,A,RUNNING,415.952,2,4,2,8,0.25,20.0,99.8,1086.088,0.0,0,0.0,0.0
420.0,A,RUNNING,416.952,2,4,2,8,0.25,20.0,99.8,1085.088,0.0,0,0.0,0.0
421.0,A,RUNNING,417.952,2,4,2,8,0.25,20.0,99.8,1084.088,0.0,0,0.0,0.0
422.0,A,RUNNING,418.952,2,4,2,8,0.25,20.0,99.8,1083.088,0.0,0,0.0,0.0
423.0,A,RUNNING,419.952,2,4,2,8,0.25,20.0,99.8,1082.088,0.0,0,0.0,0.0
424.0,A,RUNNING,420.952,2,4,2,8,0.25,20.0,99.8,1081.088,0.0,0,0.0,0.0
425.0,A,RUNNING,421.952,2,4,2,8,0.25,20.0,99.8,1080.088,0.0,0,0.0,0.0
426.0,A,RUNNING,422.952,2,4,2,8,0.25,20.0,99.8,1079.088,0.0,0,0.0,0.0
427.0,A,RUNNING,423.952,2,4,2,8,0.25,20.0,99.8,1078.088,0.0,0,0.0,0.0
428.0,A,RUNNING,424.952,2,4,2,8,0.25,20.0,99.8,1077.088,0.0,0,0.0,0.0
429.0,A,RUNNING,425.952,2,4,2,8,0.25,20.0,99.8,1076.088,0.0,0,0.0,0.0
430.0,A,RUNNING,426.952,2,4,2,8,0.25,20.0,99.8,1075.088,0.0,0,0.0,0.0
431.0,A,RUNNING,427.952,2,4,2,8,0.25,20.0,99.8,1074.088,0.0,0,0.0,0.0
432.0,A,RUNNING,428.952,2,4,2,8,0.25,20.0,99.8,1073.088,0.0,0,0.0,0.0
433.0,A,RUNNING,429.952,2,4,2,8,0.25,20.0,99.8,1072.088,0.0,0,0.0,0.0
434.0,A,RUNNING,430.952,2,4,2,8,0.25,20.0,99.8,1071.088,0.0,0,0.0,0.0
435.0,A,RUNNING,431.952,2,4,2,8,0.25,20.0,99.8,1070.088,0.0,0,0.0,0.0
436.0,A,RUNNING,432.952,2,4,2,8,0.25,20.0,99.8,1069.088,0.0,0,0.0,0.0
437.0,A,RUNNING,433.952,2,4,2,8,0.25,20.0,99.8,1068.088,0.0,0,0.0,0.0
438.0,A,RUNNING,434.952,2,4,2,8,0.25,20.0,99.8,1067.088,0.0,0,0.0,0.0
439.0,A,RUNNING,435.952,2,4,2,8,0.25,20.0,99.8,1066.088,0.0,0,0.0,0.0
440.0,A,RUNNING,436.952,2,4,2,8,0.25,20.0,99.8,1065.088,0.0,0,0.0,0.0
441.0,A,RUNNING,437.952,2,4,2,8,0.25,20.0,99.8,1064.088,0.0,0,0.0,0.0
442.0,A,RUNNING,438.952,2,4,2,8,0.25,20.0,99.8,1063.088,0.0,0,0.0,0.0
443.0,A,RUNNING,439.952,2,4,2,8,0.25,20.0,99.8,1062.088,0.0,0,0.0,0.0
444.0,A,RUNNING,440.952,2,4,2,8,0.25,20.0,99.8,1061.088,0.0,0,0.0,0.0
445.0,A,RUNNING,441.952,2,4,2,8,0.25,20.0,99.8,1060.088,0.0,0,0.0,0.0
446.0,A,RUNNING,442.952,2,4,2,8,0.25,20.0,99.8,1059.088,0.0,0,0.0,0.0
447.0,A,RUNNING,443.952,2,4,2,8,0.25,20.0,99.8,1058.088,0.0,0,0.0,0.0
448.0,A,RUNNING,444.952,2,4,2,8,0.25,20.0,99.8,1057.088,0.0,0,0.0,0.0
449.0,A,RUNNING,445.952,2,4,2,8,0.25,20.0,99.8,1056.088,0.0,0,0.0,0.0
450.0,A,RUNNING,446.952,2,4,2,8,0.25,20.0,99.8,1055.088,0.0,0,0.0,0.0
451.0,A,RUNNING,447.952,2,4,2,8,0.25,20.0,99.8,1054.088,0.0,0,0.0,0.0
452.0,A,RUNNING,448.952,2,4,2,8,0.25,20.0,99.8,1053.088,0.0,0,0.0,0.0
453.0,A,RUNNING,449.952,2,4,2,8,0.25,20.0,99.8,1052.088,0.0,0,0.0,0.0
454.0,A,RUNNING,450.952,2,4,2,8,0.25,20.0,99.8,1051.088,0.0,0,0.0,0.0
455.0,A,RUNNING,451.952,2,4,2,8,0.25,20.0,99.8,1050.088,0.0,0,0.0,0.0
456.0,A,RUNNING,452.952,2,4,2,8,0.25,20.0,99.8,1049.088,0.0,0,0.0,0.0
457.0,A,RUNNING,453.952,2,4,2,8,0.25,20.0,99.8,1048.088,0.0,0,0.0,0.0
458.0,A,RUNNING,454.952,2,4,2,8,0.25,20.0,99.8,1047.088,0.0,0,0.0,0.0
459.0,A,RUNNING,455.952,2,4,2,8,0.25,20.0,99.8,1046.088,0.0,0,0.0,0.0
460.0,A,RUNNING,456.952,2,4,2,8,0.25,20.0,99.8,1045.088,0.0,0,0.0,0.0
461.0,A,RUNNING,457.952,2,4,2,8,0.25,20.0,99.8,1044.088,0.0,0,0.0,0.0
462.0,A,RUNNING,458.952,2,4,2,8,0.25,20.0,99.8,1043.088,0.0,0,0.0,0.0
463.0,A,RUNNING,459.952,2,4,2,8,0.25,20.0,99.8,1042.088,0.0,0,0.0,0.0
464.0,A,RUNNING,460.952,2,4,2,8,0.25,20.0,99.8,1041.088,0.0,0,0.0,0.0
465.0,A,RUNNING,461.952,2,4,2,8,0.25,20.0,99.8,1040.088,0.0,0,0.0,0.0
466.0,A,RUNNING,462.952,2,4,2,8,0.25,20.0,99.8,1039.088,0.0,0,0.0,0.0
467.0,A,RUNNING,463.952,2,4,2,8,0.25,20.0,99.8,1038.088,0.0,0,0.0,0.0
468.0,A,RUNNING,464.952,2,6,0,8,0.0,20.0,99.8,1397.088,0.0,0,0.0,0.0
469.0,A,RUNNING,465.952,2,6,0,8,0.0,20.0,99.8,1396.088,0.0,0,0.0,0.0
470.0,A,RUNNING,466.952,2,6,0,8,0.0,20.0,99.8,1395.088,0.0,0,0.0,0.0
471.0,A,RUNNING,467.952,2,6,0,8,0.0,20.0,99.8,1394.088,0.0,0,0.0,0.0
472.0,A,RUNNING,468.952,2,6,0,8,0.0,20.0,99.8,1393.088,0.0,0,0.0,0.0
473.0,A,RUNNING,469.952,2,6,0,8,0.0,20.0,99.8,1392.088,0.0,0,0.0,0.0
474.0,A,RUNNING,470.952,2,6,0,8,0.0,20.0,99.8,1391.088,0.0,0,0.0,0.0
475.0,A,RUNNING,471.952,2,6,0,8,0.0,20.0,99.8,1390.088,0.0,0,0.0,0.0
476.0,A,RUNNING,472.952,2,6,0,8,0.0,20.0,99.8,1389.088,0.0,0,0.0,0.0
477.0,A,RUNNING,473.952,2,6,0,8,0.0,20.0,99.8,1388.088,0.0,0,0.0,0.0
478.0,A,RUNNING,474.952,2,6,0,8,0.0,20.0,99.8,1387.088,0.0,0,0.0,0.0
479.0,A,RUNNING,475.952,2,6,0,8,0.0,20.0,99.8,1386.088,0.0,0,0.0,0.0
480.0,A,RUNNING,476.952,2,6,0,8,0.0,20.0,99.8,1385.088,0.0,0,0.0,0.0
481.0,A,RUNNING,477.952,2,6,0,8,0.0,20.0,99.8,1384.088,0.0,0,0.0,0.0
482.0,A,RUNNING,478.952,2,6,0,8,0.0,20.0,99.8,1383.088,0.0,0,0.0,0.0
483.0,A,RUNNING,479.952,2,6,0,8,0.0,20.0,99.8,1382.088,0.0,0,0.0,0.0
484.0,A,RUNNING,480.952,2,6,0,8,0.0,20.0,99.8,1381.088,0.0,0,0.0,0.0
485.0,A,RUNNING,481.952,2,6,0,8,0.0,20.0,99.8,1380.088,0.0,0,0.0,0.0
486.0,A,RUNNING,482.952,2,6,0,8,0.0,20.0,99.8,1379.088,0.0,0,0.0,0.0
487.0,A,RUNNING,483.952,2,6,0,8,0.0,20.0,99.8,1378.088,0.0,0,0.0,0.0
488.0,A,RUNNING,484.952,2,6,0,8,0.0,20.0,99.8,1377.088,0.0,0,0.0,0.0
489.0,A,RUNNING,485.952,2,6,0,8,0.0,20.0,99.8,1376.088,0.0,0,0.0,0.0
490.0,A,RUNNING,486.952,2,6,0,8,0.0,20.0,99.8,1375.088,0.0,0,0.0,0.0
491.0,A,RUNNING,487.952,2,6,0,8,0.0,20.0,99.8,1374.088,0.0,0,0.0,0.0
492.0,A,RUNNING,488.952,2,6,0,8,0.0,20.0,99.8,1373.088,0.0,0,0.0,0.0
493.0,A,RUNNING,489.952,2,6,0,8,0.0,20.0,99.8,1372.088,0.0,0,0.0,0.0
494.0,A,RUNNING,490.952,2,6,0,8,0.0,20.0,99.8,1371.088,0.0,0,0.0,0.0
495.0,A,RUNNING,491.952,2,6,0,8,0.0,20.0,99.8,1370.088,0.0,0,0.0,0.0
496.0,A,RUNNING,492.952,2,6,0,8,0.0,20.0,99.8,1369.088,0.0,0,0.0,0.0
497.0,A,RUNNING,493.952,2,6,0,8,0.0,20.0,99.8,1368.088,0.0,0,0.0,0.0
498.0,A,RUNNING,494.952,2,6,0,8,0.0,20.0,99.8,1367.088,0.0,0,0.0,0.0
499.0,A,RUNNING,495.952,2,6,0,8,0.0,20.0,99.8,1366.088,0.0,0,0.0,0.0
500.0,A,RUNNING,496.952,2,6,0,8,0.0,20.0,99.8,1365.088,0.0,0,0.0,0.0
501.0,A,RUNNING,497.952,2,6,0,8,0.0,20.0,99.8,1364.088,0.0,0,0.0,0.0
502.0,A,RUNNING,498.952,2,6,0,8,0.0,20.0,99.8,1363.088,0.0,0,0.0,0.0
503.0,A,RUNNING,499.952,2,6,0,8,0.0,20.0,99.8,1362.088,0.0,0,0.0,0.0
504.0,A,RUNNING,500.952,2,6,0,8,0.0,20.0,99.8,1361.088,0.0,0,0.0,0.0
505.0,A,RUNNING,501.952,2,6,0,8,0.0,20.0,99.8,1360.088,0.0,0,0.0,0.0
506.0,A,RUNNING,502.952,2,6,0,8,0.0,20.0,99.8,1359.088,0.0,0,0.0,0.0
507.0,A,RUNNING,503.952,2,6,0,8,0.0,20.0,99.8,1358.088,0.0,0,0.0,0.0
508.0,A,RUNNING,504.952,2,6,0,8,0.0,20.0,99.8,1357.088,0.0,0,0.0,0.0
509.0,A,RUNNING,505.952,2,6,0,8,0.0,20.0,99.8,1356.088,0.0,0,0.0,0.0
510.0,A,RUNNING,506.952,2,6,0,8,0.0,20.0,99.8,1355.088,0.0,0,0.0,0.0
511.0,A,RUNNING,507.952,2,6,0,8,0.0,20.0,99.8,1354.088,0.0,0,0.0,0.0
512.0,A,RUNNING,508.952,2,6,0,8,0.0,20.0,99.8,1353.088,0.0,0,0.0,0.0
513.0,A,RUNNING,509.952,2,6,0,8,0.0,20.0,99.8,1352.088,0.0,0,0.0,0.0
514.0,A,RUNNING,510.952,2,6,0,8,0.0,20.0,99.8,1351.088,0.0,0,0.0,0.0
515.0,A,RUNNING,511.952,2,6,0,8,0.0,20.0,99.8,1350.088,0.0,0,0.0,0.0
516.0,A,RUNNING,512.952,2,6,0,8,0.0,20.0,99.8,1349.088,0.0,0,0.0,0.0
517.0,A,RUNNING,513.952,2,6,0,8,0.0,20.0,99.8,1348.088,0.0,0,0.0,0.0
518.0,A,RUNNING,514.952,2,6,0,8,0.0,20.0,99.8,1347.088,0.0,0,0.0,0.0
519.0,A,RUNNING,515.952,2,6,0,8,0.0,20.0,99.8,1346.088,0.0,0,0.0,0.0
520.0,A,RUNNING,516.952,2,6,0,8,0.0,20.0,99.8,1345.088,0.0,0,0.0,0.0
521.0,A,RUNNING,517.952,2,6,0,8,0.0,20.0,99.8,1344.088,0.0,0,0.0,0.0
522.0,A,RUNNING,518.952,2,6,0,8,0.0,20.0,99.8,1343.088,0.0,0,0.0,0.0
523.0,A,RUNNING,519.952,2,6,0,8,0.0,20.0,99.8,1342.088,0.0,0,0.0,0.0
524.0,A,RUNNING,520.952,2,6,0,8,0.0,20.0,99.8,1341.088,0.0,0,0.0,0.0
525.0,A,RUNNING,521.952,2,6,0,8,0.0,20.0,99.8,1340.088,0.0,0,0.0,0.0
526.0,A,RUNNING,522.952,2,6,0,8,0.0,20.0,99.8,1339.088,0.0,0,0.0,0.0
527.0,A,RUNNING,523.952,2,6,0,8,0.0,20.0,99.8,1338.088,0.0,0,0.0,0.0
528.0,A,RUNNING,524.952,2,6,0,8,0.0,20.0,99.8,1337.088,0.0,0,0.0,0.0
529.0,A,RUNNING,525.952,2,6,0,8,0.0,20.0,99.8,1336.088,0.0,0,0.0,0.0
530.0,A,RUNNING,526.952,2,6,0,8,0.0,20.0,99.8,1335.088,0.0,0,0.0,0.0
531.0,A,RUNNING,527.952,2,6,0,8,0.0,20.0,99.8,1334.088,0.0,0,0.0,0.0
532.0,A,RUNNING,528.952,2,6,0,8,0.0,20.0,99.8,1333.088,0.0,0,0.0,0.0
533.0,A,RUNNING,529.952,2,6,0,8,0.0,20.0,99.8,1332.088,0.0,0,0.0,0.0
534.0,A,RUNNING,530.952,2,6,0,8,0.0,20.0,99.8,1331.088,0.0,0,0.0,0.0
535.0,A,RUNNING,531.952,2,6,0,8,0.0,20.0,99.8,1330.088,0.0,0,0.0,0.0
536.0,A,RUNNING,532.952,2,6,0,8,0.0,20.0,99.8,1329.088,0.0,0,0.0,0.0
537.0,A,RUNNING,533.952,2,6,0,8,0.0,20.0,99.8,1328.088,0.0,0,0.0,0.0
538.0,A,RUNNING,534.952,2,6,0,8,0.0,20.0,99.8,1327.088,0.0,0,0.0,0.0
539.0,A,RUNNING,535.952,2,6,0,8,0.0,20.0,99.8,1326.088,0.0,0,0.0,0.0
540.0,A,RUNNING,536.952,2,6,0,8,0.0,20.0,99.8,1325.088,0.0,0,0.0,0.0
541.0,A,RUNNING,537.952,2,6,0,8,0.0,20.0,99.8,1324.088,0.0,0,0.0,0.0
542.0,A,RUNNING,538.952,2,6,0,8,0.0,20.0,99.8,1323.088,0.0,0,0.0,0.0
543.0,A,RUNNING,539.952,2,6,0,8,0.0,20.0,99.8,1322.088,0.0,0,0.0,0.0
544.0,A,RUNNING,540.952,2,6,0,8,0.0,20.0,99.8,1321.088,0.0,0,0.0,0.0
545.0,A,RUNNING,541.952,2,6,0,8,0.0,20.0,99.8,1320.088,0.0,0,0.0,0.0
546.0,A,RUNNING,542.952,2,6,0,8,0.0,20.0,99.8,1319.088,0.0,0,0.0,0.0
547.0,A,RUNNING,543.952,2,6,0,8,0.0,20.0,99.8,1318.088,0.0,0,0.0,0.0
548.0,A,RUNNING,544.952,2,6,0,8,0.0,20.0,99.8,1317.088,0.0,0,0.0,0.0
549.0,A,RUNNING,545.952,2,6,0,8,0.0,20.0,99.8,1316.088,0.0,0,0.0,0.0
550.0,A,RUNNING,546.952,2,6,0,8,0.0,20.0,99.8,1315.088,0.0,0,0.0,0.0
551.0,A,RUNNING,547.952,2,6,0,8,0.0,20.0,99.8,1314.088,0.0,0,0.0,0.0
552.0,A,RUNNING,548.952,2,6,0,8,0.0,20.0,99.8,1313.088,0.0,0,0.0,0.0
553.0,A,RUNNING,549.952,2,6,0,8,0.0,20.0,99.8,1312.088,0.0,0,0.0,0.0
554.0,A,RUNNING,550.952,2,6,0,8,0.0,20.0,99.8,1311.088,0.0,0,0.0,0.0
555.0,A,RUNNING,551.952,2,6,0,8,0.0,20.0,99.8,1310.088,0.0,0,0.0,0.0
556.0,A,RUNNING,552.952,2,6,0,8,0.0,20.0,99.8,1309.088,0.0,0,0.0,0.0
557.0,A,RUNNING,553.952,2,6,0,8,0.0,20.0,99.8,1308.088,0.0,0,0.0,0.0
558.0,A,RUNNING,554.952,2,6,0,8,0.0,20.0,99.8,1307.088,0.0,0,0.0,0.0
559.0,A,RUNNING,555.952,2,6,0,8,0.0,20.0,99.8,1306.088,0.0,0,0.0,0.0
560.0,A,RUNNING,556.952,2,6,0,8,0.0,20.0,99.8,1305.088,0.0,0,0.0,0.0
561.0,A,RUNNING,557.952,2,6,0,8,0.0,20.0,99.8,1304.088,0.0,0,0.0,0.0
562.0,A,RUNNING,558.952,2,6,0,8,0.0,20.0,99.8,1303.088,0.0,0,0.0,0.0
563.0,A,RUNNING,559.952,2,6,0,8,0.0,20.0,99.8,1302.088,0.0,0,0.0,0.0
564.0,A,RUNNING,560.952,2,6,0,8,0.0,20.0,99.8,1301.088,0.0,0,0.0,0.0
565.0,A,RUNNING,561.952,2,6,0,8,0.0,20.0,99.8,1300.088,0.0,0,0.0,0.0
566.0,A,RUNNING,562.952,2,6,0,8,0.0,20.0,99.8,1299.088,0.0,0,0.0,0.0
567.0,A,RUNNING,563.952,2,6,0,8,0.0,20.0,99.8,1298.088,0.0,0,0.0,0.0
568.0,A,RUNNING,564.952,2,6,0,8,0.0,20.0,99.8,1297.088,0.0,0,0.0,0.0
569.0,A,RUNNING,565.952,2,6,0,8,0.0,20.0,99.8,1296.088,0.0,0,0.0,0.0
570.0,A,RUNNING,566.952,2,6,0,8,0.0,20.0,99.8,1295.088,0.0,0,0.0,0.0
571.0,A,RUNNING,567.952,2,6,0,8,0.0,20.0,99.8,1294.088,0.0,0,0.0,0.0
572.0,A,RUNNING,568.952,2,6,0,8,0.0,20.0,99.8,1293.088,0.0,0,0.0,0.0
573.0,A,RUNNING,569.952,2,6,0,8,0.0,20.0,99.8,1292.088,0.0,0,0.0,0.0
574.0,A,RUNNING,570.952,2,6,0,8,0.0,20.0,99.8,1291.088,0.0,0,0.0,0.0
575.0,A,RUNNING,571.952,2,6,0,8,0.0,20.0,99.8,1290.088,0.0,0,0.0,0.0
576.0,A,RUNNING,572.952,2,6,0,8,0.0,20.0,99.8,1289.088,0.0,0,0.0,0.0
577.0,A,RUNNING,573.952,2,6,0,8,0.0,20.0,99.8,1288.088,0.0,0,0.0,0.0
578.0,A,RUNNING,574.952,2,6,0,8,0.0,20.0,99.8,1287.088,0.0,0,0.0,0.0
579.0,A,RUNNING,575.952,2,6,0,8,0.0,20.0,99.8,1286.088,0.0,0,0.0,0.0
580.0,A,RUNNING,576.952,2,6,0,8,0.0,20.0,99.8,1285.088,0.0,0,0.0,0.0
581.0,A,RUNNING,577.952,2,6,0,8,0.0,20.0,99.8,1284.088,0.0,0,0.0,0.0
582.0,A,RUNNING,578.952,2,6,0,8,0.0,20.0,99.8,1283.088,0.0,0,0.0,0.0
583.0,A,RUNNING,579.952,2,6,0,8,0.0,20.0,99.8,1282.088,0.0,0,0.0,0.0
584.0,A,RUNNING,580.952,2,6,0,8,0.0,20.0,99.8,1281.088,0.0,0,0.0,0.0
585.0,A,RUNNING,581.952,2,6,0,8,0.0,20.0,99.8,1280.088,0.0,0,0.0,0.0
586.0,A,RUNNING,582.952,2,6,0,8,0.0,20.0,99.8,1279.088,0.0,0,0.0,0.0
587.0,A,RUNNING,583.952,2,6,0,8,0.0,20.0,99.8,1278.088,0.0,0,0.0,0.0
588.0,A,RUNNING,584.952,2,6,0,8,0.0,20.0,99.8,1277.088,0.0,0,0.0,0.0
589.0,A,RUNNING,585.952,2,6,0,8,0.0,20.0,99.8,1276.088,0.0,0,0.0,0.0
590.0,A,RUNNING,586.952,2,6,0,8,0.0,20.0,99.8,1275.088,0.0,0,0.0,0.0
591.0,A,RUNNING,587.952,2,6,0,8,0.0,20.0,99.8,1274.088,0.0,0,0.0,0.0
592.0,A,RUNNING,588.952,2,6,0,8,0.0,20.0,99.8,1273.088,0.0,0,0.0,0.0
593.0,A,RUNNING,589.952,2,6,0,8,0.0,20.0,99.8,1272.088,0.0,0,0.0,0.0
594.0,A,RUNNING,590.952,2,6,0,8,0.0,20.0,99.8,1271.088,0.0,0,0.0,0.0
595.0,A,RUNNING,591.952,2,6,0,8,0.0,20.0,99.8,1270.088,0.0,0,0.0,0.0
596.0,A,RUNNING,592.952,2,6,0,8,0.0,20.0,99.8,1269.088,0.0,0,0.0,0.0
597.0,A,RUNNING,593.952,2,6,0,8,0.0,20.0,99.8,1268.088,0.0,0,0.0,0.0
598.0,A,RUNNING,594.952,2,6,0,8,0.0,20.0,99.8,1267.088,0.0,0,0.0,0.0
599.0,A,RUNNING,595.952,2,6,0,8,0.0,20.0,99.8,1266.088,0.0,0,0.0,0.0
600.0,A,RUNNING,596.952,2,6,0,8,0.0,20.0,99.8,1265.088,0.0,0,0.0,0.0
601.0,A,RUNNING,597.952,2,6,0,8,0.0,20.0,99.8,1264.088,0.0,0,0.0,0.0
602.0,A,RUNNING,598.952,2,6,0,8,0.0,20.0,99.8,1263.088,0.0,0,0.0,0.0
603.0,A,RUNNING,599.952,2,6,0,8,0.0,20.0,99.8,1262.088,0.0,0,0.0,0.0
604.0,A,RUNNING,600.952,2,6,0,8,0.0,20.0,99.8,1261.088,0.0,0,0.0,0.0
605.0,A,RUNNING,601.952,2,6,0,8,0.0,20.0,99.8,1260.088,0.0,0,0.0,0.0
606.0,A,RUNNING,602.952,3,6,1,8,0.125,20.0,99.7,1251.2903,0.0,0,0.0,0.0
607.0,A,RUNNING,603.952,3,6,1,8,0.125,20.0,99.7,1250.2903,0.0,0,0.0,0.0
608.0,A,RUNNING,604.952,3,6,1,8,0.125,20.0,99.7,1249.2903,0.0,0,0.0,0.0
609.0,A,RUNNING,605.952,3,6,1,8,0.125,20.0,99.7,1248.2903,0.0,0,0.0,0.0
610.0,A,RUNNING,606.952,3,6,1,8,0.125,20.0,99.7,1247.2903,0.0,0,0.0,0.0
611.0,A,RUNNING,607.952,3,6,1,8,0.125,20.0,99.7,1246.2903,0.0,0,0.0,0.0
612.0,A,RUNNING,608.952,3,6,1,8,0.125,20.0,99.7,1245.2903,0.0,0,0.0,0.0
613.0,A,RUNNING,609.952,3,6,1,8,0.125,20.0,99.7,1244.2903,0.0,0,0.0,0.0
614.0,A,RUNNING,610.952,3,6,1,8,0.125,20.0,99.7,1243.2903,0.0,0,0.0,0.0
615.0,A,RUNNING,611.952,3,6,1,8,0.125,20.0,99.7,1242.2903,0.0,0,0.0,0.0
616.0,A,RUNNING,612.952,3,6,1,8,0.125,20.0,99.7,1241.2903,0.0,0,0.0,0.0
617.0,A,RUNNING,613.952,3,6,1,8,0.125,20.0,99.7,1240.2903,0.0,0,0.0,0.0
618.0,A,RUNNING,614.952,3,6,1,8,0.125,20.0,99.7,1239.2903,0.0,0,0.0,0.0
619.0,A,RUNNING,615.952,3,6,1,8,0.125,20.0,99.7,1238.2903,0.0,0,0.0,0.0
620.0,A,RUNNING,616.952,3,6,1,8,0.125,20.0,99.7,1237.2903,0.0,0,0.0,0.0
621.0,A,RUNNING,617.952,3,6,1,8,0.125,20.0,99.7,1236.2903,0.0,0,0.0,0.0
622.0,A,RUNNING,618.952,3,6,1,8,0.125,20.0,99.7,1235.2903,0.0,0,0.0,0.0
623.0,A,RUNNING,619.952,3,6,1,8,0.125,20.0,99.7,1234.2903,0.0,0,0.0,0.0
624.0,A,RUNNING,620.952,3,6,1,8,0.125,20.0,99.7,1233.2903,0.0,0,0.0,0.0
625.0,A,RUNNING,621.952,3,6,1,8,0.125,20.0,99.7,1232.2903,0.0,0,0.0,0.0
626.0,A,RUNNING,622.952,3,6,1,8,0.125,20.0,99.7,1231.2903,0.0,0,0.0,0.0
627.0,A,RUNNING,623.952,3,6,1,8,0.125,20.0,99.7,1230.2903,0.0,0,0.0,0.0
628.0,A,RUNNING,624.952,3,6,1,8,0.125,20.0,99.7,1229.2903,0.0,0,0.0,0.0
629.0,A,RUNNING,625.952,3,6,1,8,0.125,20.0,99.7,1228.2903,0.0,0,0.0,0.0
630.0,A,RUNNING,626.952,3,6,1,8,0.125,20.0,99.7,1227.2903,0.0,0,0.0,0.0
631.0,A,RUNNING,627.952,3,6,1,8,0.125,20.0,99.7,1226.2903,0.0,0,0.0,0.0
632.0,A,RUNNING,628.952,3,6,1,8,0.125,20.0,99.7,1225.2903,0.0,0,0.0,0.0
633.0,A,RUNNING,629.952,3,6,1,8,0.125,20.0,99.7,1224.2903,0.0,0,0.0,0.0
634.0,A,RUNNING,630.952,3,6,1,8,0.125,20.0,99.7,1223.2903,0.0,0,0.0,0.0
635.0,A,RUNNING,631.952,3,6,1,8,0.125,20.0,99.7,1222.2903,0.0,0,0.0,0.0
636.0,A,RUNNING,632.952,3,6,1,8,0.125,20.0,99.7,1221.2903,0.0,0,0.0,0.0
637.0,A,RUNNING,633.952,3,6,1,8,0.125,20.0,99.7,1220.2903,0.0,0,0.0,0.0
638.0,A,RUNNING,634.952,3,6,1,8,0.125,20.0,99.7,1219.2903,0.0,0,0.0,0.0
639.0,A,RUNNING,635.952,3,6,1,8,0.125,20.0,99.7,1218.2903,0.0,0,0.0,0.0
640.0,A,RUNNING,636.952,3,6,1,8,0.125,20.0,99.7,1217.2903,0.0,0,0.0,0.0
641.0,A,RUNNING,637.952,3,6,1,8,0.125,20.0,99.7,1216.2903,0.0,0,0.0,0.0
642.0,A,RUNNING,638.952,3,6,1,8,0.125,20.0,99.7,1215.2903,0.0,0,0.0,0.0
643.0,A,RUNNING,639.952,3,6,1,8,0.125,20.0,99.7,1214.2903,0.0,0,0.0,0.0
644.0,A,RUNNING,640.952,3,6,1,8,0.125,20.0,99.7,1213.2903,0.0,0,0.0,0.0
645.0,A,RUNNING,641.952,3,6,1,8,0.125,20.0,99.7,1212.2903,0.0,0,0.0,0.0
646.0,A,RUNNING,642.952,3,6,1,8,0.125,20.0,99.7,1211.2903,0.0,0,0.0,0.0
647.0,A,RUNNING,643.952,3,6,1,8,0.125,20.0,99.7,1210.2903,0.0,0,0.0,0.0
648.0,A,RUNNING,644.952,3,6,1,8,0.125,20.0,99.7,1209.2903,0.0,0,0.0,0.0
649.0,A,RUNNING,645.952,3,6,1,8,0.125,20.0,99.7,1208.2903,0.0,0,0.0,0.0
650.0,A,RUNNING,646.952,3,6,1,8,0.125,20.0,99.7,1207.2903,0.0,0,0.0,0.0
651.0,A,RUNNING,647.952,3,6,1,8,0.125,20.0,99.7,1206.2903,0.0,0,0.0,0.0
652.0,A,RUNNING,648.952,3,6,1,8,0.125,20.0,99.7,1205.2903,0.0,0,0.0,0.0
653.0,A,RUNNING,649.952,3,6,1,8,0.125,20.0,99.7,1204.2903,0.0,0,0.0,0.0
654.0,A,RUNNING,650.952,3,6,1,8,0.125,20.0,99.7,1203.2903,0.0,0,0.0,0.0
655.0,A,RUNNING,651.952,3,6,1,8,0.125,20.0,99.7,1202.2903,0.0,0,0.0,0.0
656.0,A,RUNNING,652.952,3,6,1,8,0.125,20.0,99.7,1201.2903,0.0,0,0.0,0.0
657.0,A,RUNNING,653.952,3,6,1,8,0.125,20.0,99.7,1200.2903,0.0,0,0.0,0.0
658.0,A,RUNNING,654.952,3,6,1,8,0.125,20.0,99.7,1199.2903,0.0,0,0.0,0.0
659.0,A,RUNNING,655.952,3,6,1,8,0.125,20.0,99.7,1198.2903,0.0,0,0.0,0.0
660.0,A,RUNNING,656.952,3,6,1,8,0.125,20.0,99.7,1197.2903,0.0,0,0.0,0.0
661.0,A,RUNNING,657.952,3,6,1,8,0.125,20.0,99.7,1196.2903,0.0,0,0.0,0.0
662.0,A,RUNNING,658.952,3,6,1,8,0.125,20.0,99.7,1195.2903,0.0,0,0.0,0.0
663.0,A,RUNNING,659.952,3,6,1,8,0.125,20.0,99.7,1194.2903,0.0,0,0.0,0.0
664.0,A,RUNNING,660.952,3,6,1,8,0.125,20.0,99.7,1193.2903,0.0,0,0.0,0.0
665.0,A,RUNNING,661.952,3,6,1,8,0.125,20.0,99.7,1192.2903,0.0,0,0.0,0.0
666.0,A,RUNNING,662.952,3,6,1,8,0.125,20.0,99.7,1191.2903,0.0,0,0.0,0.0
667.0,A,RUNNING,663.952,3,6,1,8,0.125,20.0,99.7,1190.2903,0.0,0,0.0,0.0
668.0,A,RUNNING,664.952,3,6,1,8,0.125,20.0,99.7,1189.2903,0.0,0,0.0,0.0
669.0,A,RUNNING,665.952,3,6,1,8,0.125,20.0,99.7,1188.2903,0.0,0,0.0,0.0
670.0,A,RUNNING,666.952,3,6,1,8,0.125,20.0,99.7,1187.2903,0.0,0,0.0,0.0
671.0,A,RUNNING,667.952,3,6,1,8,0.125,20.0,99.7,1186.2903,0.0,0,0.0,0.0
672.0,A,RUNNING,668.952,3,6,1,8,0.125,20.0,99.7,1185.2903,0.0,0,0.0,0.0
673.0,A,RUNNING,669.952,3,6,1,8,0.125,20.0,99.7,1184.2903,0.0,0,0.0,0.0
674.0,A,RUNNING,670.952,3,6,1,8,0.125,20.0,99.7,1183.2903,0.0,0,0.0,0.0
675.0,A,RUNNING,671.952,3,6,1,8,0.125,20.0,99.7,1182.2903,0.0,0,0.0,0.0
676.0,A,RUNNING,672.952,3,6,1,8,0.125,20.0,99.7,1181.2903,0.0,0,0.0,0.0
677.0,A,RUNNING,673.952,3,6,1,8,0.125,20.0,99.7,1180.2903,0.0,0,0.0,0.0
678.0,A,RUNNING,674.952,3,6,1,8,0.125,20.0,99.7,1179.2903,0.0,0,0.0,0.0
679.0,A,RUNNING,675.952,3,6,1,8,0.125,20.0,99.7,1178.2903,0.0,0,0.0,0.0
680.0,A,RUNNING,676.952,3,6,1,8,0.125,20.0,99.7,1177.2903,0.0,0,0.0,0.0
681.0,A,RUNNING,677.952,3,6,1,8,0.125,20.0,99.7,1176.2903,0.0,0,0.0,0.0
682.0,A,RUNNING,678.952,3,6,1,8,0.125,20.0,99.7,1175.2903,0.0,0,0.0,0.0
683.0,A,RUNNING,679.952,3,6,1,8,0.125,20.0,99.7,1174.2903,0.0,0,0.0,0.0
684.0,A,RUNNING,680.952,3,6,1,8,0.125,20.0,99.7,1173.2903,0.0,0,0.0,0.0
685.0,A,RUNNING,681.952,3,6,1,8,0.125,20.0,99.7,1172.2903,0.0,0,0.0,0.0
686.0,A,RUNNING,682.952,3,6,1,8,0.125,20.0,99.7,1171.2903,0.0,0,0.0,0.0
687.0,A,RUNNING,683.952,3,6,1,8,0.125,20.0,99.7,1170.2903,0.0,0,0.0,0.0
688.0,A,RUNNING,684.952,3,7,0,8,0.0,20.0,99.7,1349.2903,0.0,0,0.0,0.0
689.0,A,RUNNING,685.952,3,7,0,8,0.0,20.0,99.7,1348.2903,0.0,0,0.0,0.0
690.0,A,RUNNING,686.952,3,7,0,8,0.0,20.0,99.7,1347.2903,0.0,0,0.0,0.0
691.0,A,RUNNING,687.952,3,7,0,8,0.0,20.0,99.7,1346.2903,0.0,0,0.0,0.0
692.0,A,RUNNING,688.952,3,7,0,8,0.0,20.0,99.7,1345.2903,0.0,0,0.0,0.0
693.0,A,RUNNING,689.952,3,7,0,8,0.0,20.0,99.7,1344.2903,0.0,0,0.0,0.0
694.0,A,RUNNING,690.952,3,7,0,8,0.0,20.0,99.7,1343.2903,0.0,0,0.0,0.0
695.0,A,RUNNING,691.952,3,7,0,8,0.0,20.0,99.7,1342.2903,0.0,0,0.0,0.0
696.0,A,RUNNING,692.952,3,7,0,8,0.0,20.0,99.7,1341.2903,0.0,0,0.0,0.0
697.0,A,RUNNING,693.952,3,7,0,8,0.0,20.0,99.7,1340.2903,0.0,0,0.0,0.0
698.0,A,RUNNING,694.952,3,7,0,8,0.0,20.0,99.7,1339.2903,0.0,0,0.0,0.0
699.0,A,RUNNING,695.952,3,7,0,8,0.0,20.0,99.7,1338.2903,0.0,0,0.0,0.0
700.0,A,RUNNING,696.952,3,7,0,8,0.0,20.0,99.7,1337.2903,0.0,0,0.0,0.0
701.0,A,RUNNING,697.952,3,7,0,8,0.0,20.0,99.7,1336.2903,0.0,0,0.0,0.0
702.0,A,RUNNING,698.952,3,7,0,8,0.0,20.0,99.7,1335.2903,0.0,0,0.0,0.0
703.0,A,RUNNING,699.952,3,7,0,8,0.0,20.0,99.7,1334.2903,0.0,0,0.0,0.0
704.0,A,RUNNING,700.952,3,7,0,8,0.0,20.0,99.7,1333.2903,0.0,0,0.0,0.0
705.0,A,RUNNING,701.952,3,7,0,8,0.0,20.0,99.7,1332.2903,0.0,0,0.0,0.0
706.0,A,RUNNING,702.952,3,7,0,8,0.0,20.0,99.7,1331.2903,0.0,0,0.0,0.0
707.0,A,RUNNING,703.952,3,7,0,8,0.0,20.0,99.7,1330.2903,0.0,0,0.0,0.0
708.0,A,RUNNING,704.952,3,7,0,8,0.0,20.0,99.7,1329.2903,0.0,0,0.0,0.0
709.0,A,RUNNING,705.952,3,7,0,8,0.0,20.0,99.7,1328.2903,0.0,0,0.0,0.0
710.0,A,RUNNING,706.952,3,7,0,8,0.0,20.0,99.7,1327.2903,0.0,0,0.0,0.0
711.0,A,RUNNING,707.952,3,7,0,8,0.0,20.0,99.7,1326.2903,0.0,0,0.0,0.0
712.0,A,RUNNING,708.952,3,7,0,8,0.0,20.0,99.7,1325.2903,0.0,0,0.0,0.0
713.0,A,RUNNING,709.952,3,7,0,8,0.0,20.0,99.7,1324.2903,0.0,0,0.0,0.0
714.0,A,RUNNING,710.952,3,7,0,8,0.0,20.0,99.7,1323.2903,0.0,0,0.0,0.0
715.0,A,RUNNING,711.952,3,7,0,8,0.0,20.0,99.7,1322.2903,0.0,0,0.0,0.0
716.0,A,RUNNING,712.952,3,7,0,8,0.0,20.0,99.7,1321.2903,0.0,0,0.0,0.0
717.0,A,RUNNING,713.952,3,7,0,8,0.0,20.0,99.7,1320.2903,0.0,0,0.0,0.0
718.0,A,RUNNING,714.952,3,7,0,8,0.0,20.0,99.7,1319.2903,0.0,0,0.0,0.0
719.0,A,RUNNING,715.952,3,7,0,8,0.0,20.0,99.7,1318.2903,0.0,0,0.0,0.0
720.0,A,RUNNING,716.952,3,7,0,8,0.0,20.0,99.7,1317.2903,0.0,0,0.0,0.0
721.0,A,RUNNING,717.952,3,7,0,8,0.0,20.0,99.7,1316.2903,0.0,0,0.0,0.0
722.0,A,RUNNING,718.952,3,7,0,8,0.0,20.0,99.7,1315.2903,0.0,0,0.0,0.0
723.0,A,RUNNING,719.952,3,7,0,8,0.0,20.0,99.7,1314.2903,0.0,0,0.0,0.0
724.0,A,RUNNING,720.952,3,7,0,8,0.0,20.0,99.7,1313.2903,0.0,0,0.0,0.0
725.0,A,RUNNING,721.952,3,7,0,8,0.0,20.0,99.7,1312.2903,0.0,0,0.0,0.0
726.0,A,RUNNING,722.952,3,7,0,8,0.0,20.0,99.7,1311.2903,0.0,0,0.0,0.0
727.0,A,RUNNING,723.952,3,7,0,8,0.0,20.0,99.7,1310.2903,0.0,0,0.0,0.0
728.0,A,RUNNING,724.952,3,7,0,8,0.0,20.0,99.7,1309.2903,0.0,0,0.0,0.0
729.0,A,RUNNING,725.952,3,7,0,8,0.0,20.0,99.7,1308.2903,0.0,0,0.0,0.0
730.0,A,RUNNING,726.952,3,7,0,8,0.0,20.0,99.7,1307.2903,0.0,0,0.0,0.0
731.0,A,RUNNING,727.952,3,7,0,8,0.0,20.0,99.7,1306.2903,0.0,0,0.0,0.0
732.0,A,RUNNING,728.952,3,7,0,8,0.0,20.0,99.7,1305.2903,0.0,0,0.0,0.0
733.0,A,RUNNING,729.952,3,7,0,8,0.0,20.0,99.7,1304.2903,0.0,0,0.0,0.0
734.0,A,RUNNING,730.952,3,7,0,8,0.0,20.0,99.7,1303.2903,0.0,0,0.0,0.0
735.0,A,RUNNING,731.952,3,7,0,8,0.0,20.0,99.7,1302.2903,0.0,0,0.0,0.0
736.0,A,RUNNING,732.952,3,7,0,8,0.0,20.0,99.7,1301.2903,0.0,0,0.0,0.0
737.0,A,RUNNING,733.952,3,7,0,8,0.0,20.0,99.7,1300.2903,0.0,0,0.0,0.0
738.0,A,RUNNING,734.952,3,7,0,8,0.0,20.0,99.7,1299.2903,0.0,0,0.0,0.0
739.0,A,RUNNING,735.952,3,7,0,8,0.0,20.0,99.7,1298.2903,0.0,0,0.0,0.0
740.0,A,RUNNING,736.952,3,7,0,8,0.0,20.0,99.7,1297.2903,0.0,0,0.0,0.0
741.0,A,RUNNING,737.952,3,7,0,8,0.0,20.0,99.7,1296.2903,0.0,0,0.0,0.0
742.0,A,RUNNING,738.952,3,7,0,8,0.0,20.0,99.7,1295.2903,0.0,0,0.0,0.0
743.0,A,RUNNING,739.952,3,7,0,8,0.0,20.0,99.7,1294.2903,0.0,0,0.0,0.0
744.0,A,RUNNING,740.952,3,7,0,8,0.0,20.0,99.7,1293.2903,0.0,0,0.0,0.0
745.0,A,RUNNING,741.952,3,7,0,8,0.0,20.0,99.7,1292.2903,0.0,0,0.0,0.0
746.0,A,RUNNING,742.952,3,7,0,8,0.0,20.0,99.7,1291.2903,0.0,0,0.0,0.0
747.0,A,RUNNING,743.952,3,7,0,8,0.0,20.0,99.7,1290.2903,0.0,0,0.0,0.0
748.0,A,RUNNING,744.952,3,7,0,8,0.0,20.0,99.7,1289.2903,0.0,0,0.0,0.0
749.0,A,RUNNING,745.952,3,7,0,8,0.0,20.0,99.7,1288.2903,0.0,0,0.0,0.0
750.0,A,RUNNING,746.952,3,7,0,8,0.0,20.0,99.7,1287.2903,0.0,0,0.0,0.0
751.0,A,RUNNING,747.952,3,7,0,8,0.0,20.0,99.7,1286.2903,0.0,0,0.0,0.0
752.0,A,RUNNING,748.952,3,7,0,8,0.0,20.0,99.7,1285.2903,0.0,0,0.0,0.0
753.0,A,RUNNING,749.952,3,7,0,8,0.0,20.0,99.7,1284.2903,0.0,0,0.0,0.0
754.0,A,RUNNING,750.952,3,7,0,8,0.0,20.0,99.7,1283.2903,0.0,0,0.0,0.0
755.0,A,RUNNING,751.952,3,7,0,8,0.0,20.0,99.7,1282.2903,0.0,0,0.0,0.0
756.0,A,RUNNING,752.952,3,7,0,8,0.0,20.0,99.7,1281.2903,0.0,0,0.0,0.0
757.0,A,RUNNING,753.952,3,7,0,8,0.0,20.0,99.7,1280.2903,0.0,0,0.0,0.0
758.0,A,RUNNING,754.952,3,7,0,8,0.0,20.0,99.7,1279.2903,0.0,0,0.0,0.0
759.0,A,RUNNING,755.952,3,7,0,8,0.0,20.0,99.7,1278.2903,0.0,0,0.0,0.0
760.0,A,RUNNING,756.952,3,7,0,8,0.0,20.0,99.7,1277.2903,0.0,0,0.0,0.0
761.0,A,RUNNING,757.952,3,7,0,8,0.0,20.0,99.7,1276.2903,0.0,0,0.0,0.0
762.0,A,RUNNING,758.952,3,7,0,8,0.0,20.0,99.7,1275.2903,0.0,0,0.0,0.0
763.0,A,RUNNING,759.952,3,7,0,8,0.0,20.0,99.7,1274.2903,0.0,0,0.0,0.0
764.0,A,RUNNING,760.952,3,7,0,8,0.0,20.0,99.7,1273.2903,0.0,0,0.0,0.0
765.0,A,RUNNING,761.952,3,7,0,8,0.0,20.0,99.7,1272.2903,0.0,0,0.0,0.0
766.0,A,RUNNING,762.952,3,7,0,8,0.0,20.0,99.7,1271.2903,0.0,0,0.0,0.0
767.0,A,RUNNING,763.952,3,7,0,8,0.0,20.0,99.7,1270.2903,0.0,0,0.0,0.0
768.0,A,RUNNING,764.952,3,7,0,8,0.0,20.0,99.7,1269.2903,0.0,0,0.0,0.0
769.0,A,RUNNING,765.952,3,7,0,8,0.0,20.0,99.7,1268.2903,0.0,0,0.0,0.0
770.0,A,RUNNING,766.952,3,7,0,8,0.0,20.0,99.7,1267.2903,0.0,0,0.0,0.0
771.0,A,RUNNING,767.952,3,7,0,8,0.0,20.0,99.7,1266.2903,0.0,0,0.0,0.0
772.0,A,RUNNING,768.952,3,7,0,8,0.0,20.0,99.7,1265.2903,0.0,0,0.0,0.0
773.0,A,RUNNING,769.952,3,7,0,8,0.0,20.0,99.7,1264.2903,0.0,0,0.0,0.0
774.0,A,RUNNING,770.952,3,7,0,8,0.0,20.0,99.7,1263.2903,0.0,0,0.0,0.0
775.0,A,RUNNING,771.952,3,7,0,8,0.0,20.0,99.7,1262.2903,0.0,0,0.0,0.0
776.0,A,RUNNING,772.952,3,7,0,8,0.0,20.0,99.7,1261.2903,0.0,0,0.0,0.0
777.0,A,RUNNING,773.952,3,7,0,8,0.0,20.0,99.7,1260.2903,0.0,0,0.0,0.0
778.0,A,RUNNING,774.952,4,7,1,8,0.125,20.0,99.6,1322.5346,0.0,0,0.0,0.0
779.0,A,RUNNING,775.952,4,7,1,8,0.125,20.0,99.6,1321.5346,0.0,0,0.0,0.0
780.0,A,RUNNING,776.952,4,7,1,8,0.125,20.0,99.6,1320.5346,0.0,0,0.0,0.0
781.0,A,RUNNING,777.952,4,7,1,8,0.125,20.0,99.6,1319.5346,0.0,0,0.0,0.0
782.0,A,RUNNING,778.952,4,7,1,8,0.125,20.0,99.6,1318.5346,0.0,0,0.0,0.0
783.0,A,RUNNING,779.952,4,7,1,8,0.125,20.0,99.6,1317.5346,0.0,0,0.0,0.0
784.0,A,RUNNING,780.952,4,7,1,8,0.125,20.0,99.6,1316.5346,0.0,0,0.0,0.0
785.0,A,RUNNING,781.952,4,7,1,8,0.125,20.0,99.6,1315.5346,0.0,0,0.0,0.0
786.0,A,RUNNING,782.952,4,7,1,8,0.125,20.0,99.6,1314.5346,0.0,0,0.0,0.0
787.0,A,RUNNING,783.952,4,7,1,8,0.125,20.0,99.6,1313.5346,0.0,0,0.0,0.0
788.0,A,RUNNING,784.952,4,7,1,8,0.125,20.0,99.6,1312.5346,0.0,0,0.0,0.0
789.0,A,RUNNING,785.952,4,7,1,8,0.125,20.0,99.6,1311.5346,0.0,0,0.0,0.0
790.0,A,RUNNING,786.952,4,7,1,8,0.125,20.0,99.6,1310.5346,0.0,0,0.0,0.0
791.0,A,RUNNING,787.952,4,7,1,8,0.125,20.0,99.6,1309.5346,0.0,0,0.0,0.0
792.0,A,RUNNING,788.952,4,7,1,8,0.125,20.0,99.6,1308.5346,0.0,0,0.0,0.0
793.0,A,RUNNING,789.952,4,7,1,8,0.125,20.0,99.6,1307.5346,0.0,0,0.0,0.0
794.0,A,RUNNING,790.952,4,7,1,8,0.125,20.0,99.6,1306.5346,0.0,0,0.0,0.0
795.0,A,RUNNING,791.952,4,7,1,8,0.125,20.0,99.6,1305.5346,0.0,0,0.0,0.0
796.0,A,RUNNING,792.952,4,7,1,8,0.125,20.0,99.6,1304.5346,0.0,0,0.0,0.0
797.0,A,RUNNING,793.952,4,7,1,8,0.125,20.0,99.6,1303.5346,0.0,0,0.0,0.0
798.0,A,RUNNING,794.952,4,7,1,8,0.125,20.0,99.6,1302.5346,0.0,0,0.0,0.0
799.0,A,RUNNING,795.952,4,7,1,8,0.125,20.0,99.6,1301.5346,0.0,0,0.0,0.0
800.0,A,RUNNING,796.952,4,7,1,8,0.125,20.0,99.6,1300.5346,0.0,0,0.0,0.0
801.0,A,RUNNING,797.952,4,7,1,8,0.125,20.0,99.6,1299.5346,0.0,0,0.0,0.0
802.0,A,RUNNING,798.952,4,7,1,8,0.125,20.0,99.6,1298.5346,0.0,0,0.0,0.0
803.0,A,RUNNING,799.952,4,7,1,8,0.125,20.0,99.6,1297.5346,0.0,0,0.0,0.0
804.0,A,RUNNING,800.952,4,7,1,8,0.125,20.0,99.6,1296.5346,0.0,0,0.0,0.0
805.0,A,RUNNING,801.952,4,7,1,8,0.125,20.0,99.6,1295.5346,0.0,0,0.0,0.0
806.0,A,RUNNING,802.952,4,7,1,8,0.125,20.0,99.6,1294.5346,0.0,0,0.0,0.0
807.0,A,RUNNING,803.952,4,7,1,8,0.125,20.0,99.6,1293.5346,0.0,0,0.0,0.0
808.0,A,RUNNING,804.952,4,7,1,8,0.125,20.0,99.6,1292.5346,0.0,0,0.0,0.0
809.0,A,RUNNING,805.952,4,7,1,8,0.125,20.0,99.6,1291.5346,0.0,0,0.0,0.0
810.0,A,RUNNING,806.952,4,7,1,8,0.125,20.0,99.6,1290.5346,0.0,0,0.0,0.0
811.0,A,RUNNING,807.952,4,7,1,8,0.125,20.0,99.6,1289.5346,0.0,0,0.0,0.0
812.0,A,RUNNING,808.952,4,7,1,8,0.125,20.0,99.6,1288.5346,0.0,0,0.0,0.0
813.0,A,RUNNING,809.952,4,7,1,8,0.125,20.0,99.6,1287.5346,0.0,0,0.0,0.0
814.0,A,RUNNING,810.952,4,7,1,8,0.125,20.0,99.6,1286.5346,0.0,0,0.0,0.0
815.0,A,RUNNING,811.952,4,7,1,8,0.125,20.0,99.6,1285.5346,0.0,0,0.0,0.0
816.0,A,RUNNING,812.952,4,7,1,8,0.125,20.0,99.6,1284.5346,0.0,0,0.0,0.0
817.0,A,RUNNING,813.952,4,7,1,8,0.125,20.0,99.6,1283.5346,0.0,0,0.0,0.0
818.0,A,RUNNING,814.952,4,7,1,8,0.125,20.0,99.6,1282.5346,0.0,0,0.0,0.0
819.0,A,RUNNING,815.952,4,7,1,8,0.125,20.0,99.6,1281.5346,0.0,0,0.0,0.0
820.0,A,RUNNING,816.952,4,7,1,8,0.125,20.0,99.6,1280.5346,0.0,0,0.0,0.0
821.0,A,RUNNING,817.952,4,7,1,8,0.125,20.0,99.6,1279.5346,0.0,0,0.0,0.0
822.0,A,RUNNING,818.952,4,7,1,8,0.125,20.0,99.6,1278.5346,0.0,0,0.0,0.0
823.0,A,RUNNING,819.952,4,7,1,8,0.125,20.0,99.6,1277.5346,0.0,0,0.0,0.0
824.0,A,RUNNING,820.952,4,7,1,8,0.125,20.0,99.6,1276.5346,0.0,0,0.0,0.0
825.0,A,RUNNING,821.952,4,7,1,8,0.125,20.0,99.6,1275.5346,0.0,0,0.0,0.0
826.0,A,RUNNING,822.952,4,7,1,8,0.125,20.0,99.6,1274.5346,0.0,0,0.0,0.0
827.0,A,RUNNING,823.952,4,7,1,8,0.125,20.0,99.6,1273.5346,0.0,0,0.0,0.0
828.0,A,RUNNING,824.952,4,7,1,8,0.125,20.0,99.6,1272.5346,0.0,0,0.0,0.0
829.0,A,RUNNING,825.952,4,7,1,8,0.125,20.0,99.6,1271.5346,0.0,0,0.0,0.0
830.0,A,RUNNING,826.952,4,7,1,8,0.125,20.0,99.6,1270.5346,0.0,0,0.0,0.0
831.0,A,RUNNING,827.952,4,7,1,8,0.125,20.0,99.6,1269.5346,0.0,0,0.0,0.0
832.0,A,RUNNING,828.952,4,7,1,8,0.125,20.0,99.6,1268.5346,0.0,0,0.0,0.0
833.0,A,RUNNING,829.952,4,7,1,8,0.125,20.0,99.6,1267.5346,0.0,0,0.0,0.0
834.0,A,RUNNING,830.952,4,7,1,8,0.125,20.0,99.6,1266.5346,0.0,0,0.0,0.0
835.0,A,RUNNING,831.952,4,7,1,8,0.125,20.0,99.6,1265.5346,0.0,0,0.0,0.0
836.0,A,RUNNING,832.952,4,7,1,8,0.125,20.0,99.6,1264.5346,0.0,0,0.0,0.0
837.0,A,RUNNING,833.952,4,7,1,8,0.125,20.0,99.6,1263.5346,0.0,0,0.0,0.0
838.0,A,RUNNING,834.952,4,7,1,8,0.125,20.0,99.6,1262.5346,0.0,0,0.0,0.0
839.0,A,RUNNING,835.952,4,7,1,8,0.125,20.0,99.6,1261.5346,0.0,0,0.0,0.0
840.0,A,RUNNING,836.952,4,7,1,8,0.125,20.0,99.6,1260.5346,0.0,0,0.0,0.0
841.0,A,RUNNING,837.952,4,7,1,8,0.125,20.0,99.6,1259.5346,0.0,0,0.0,0.0
842.0,A,RUNNING,838.952,4,7,1,8,0.125,20.0,99.6,1258.5346,0.0,0,0.0,0.0
843.0,A,RUNNING,839.952,4,7,1,8,0.125,20.0,99.6,1257.5346,0.0,0,0.0,0.0
844.0,A,RUNNING,840.952,4,7,1,8,0.125,20.0,99.6,1256.5346,0.0,0,0.0,0.0
845.0,A,RUNNING,841.952,4,7,1,8,0.125,20.0,99.6,1255.5346,0.0,0,0.0,0.0
846.0,A,RUNNING,842.952,4,7,1,8,0.125,20.0,99.6,1254.5346,0.0,0,0.0,0.0
847.0,A,RUNNING,843.952,4,7,1,8,0.125,20.0,99.6,1253.5346,0.0,0,0.0,0.0
848.0,A,RUNNING,844.952,4,7,1,8,0.125,20.0,99.6,1252.5346,0.0,0,0.0,0.0
849.0,A,RUNNING,845.952,4,7,1,8,0.125,20.0,99.6,1251.5346,0.0,0,0.0,0.0
850.0,A,RUNNING,846.952,4,7,1,8,0.125,20.0,99.6,1250.5346,0.0,0,0.0,0.0
851.0,A,RUNNING,847.952,4,7,1,8,0.125,20.0,99.6,1249.5346,0.0,0,0.0,0.0
852.0,A,RUNNING,848.952,4,7,1,8,0.125,20.0,99.6,1248.5346,0.0,0,0.0,0.0
853.0,A,RUNNING,849.952,4,7,1,8,0.125,20.0,99.6,1247.5346,0.0,0,0.0,0.0
854.0,A,RUNNING,850.952,4,7,1,8,0.125,20.0,99.6,1246.5346,0.0,0,0.0,0.0
855.0,A,RUNNING,851.952,4,7,1,8,0.125,20.0,99.6,1245.5346,0.0,0,0.0,0.0
856.0,A,RUNNING,852.952,4,7,1,8,0.125,20.0,99.6,1244.5346,0.0,0,0.0,0.0
857.0,A,RUNNING,853.952,4,7,1,8,0.125,20.0,99.6,1243.5346,0.0,0,0.0,0.0
858.0,A,RUNNING,854.952,4,7,1,8,0.125,20.0,99.6,1242.5346,0.0,0,0.0,0.0
859.0,A,RUNNING,855.952,4,7,1,8,0.125,20.0,99.6,1241.5346,0.0,0,0.0,0.0
860.0,A,RUNNING,856.952,4,7,1,8,0.125,20.0,99.6,1240.5346,0.0,0,0.0,0.0
861.0,A,RUNNING,857.952,4,7,1,8,0.125,20.0,99.6,1239.5346,0.0,0,0.0,0.0
862.0,A,RUNNING,858.952,4,7,1,8,0.125,20.0,99.6,1238.5346,0.0,0,0.0,0.0
863.0,A,RUNNING,859.952,4,7,1,8,0.125,20.0,99.6,1237.5346,0.0,0,0.0,0.0
864.0,A,RUNNING,860.952,4,7,1,8,0.125,20.0,99.6,1236.5346,0.0,0,0.0,0.0
865.0,A,RUNNING,861.952,4,7,1,8,0.125,20.0,99.6,1235.5346,0.0,0,0.0,0.0
866.0,A,RUNNING,862.952,4,7,1,8,0.125,20.0,99.6,1234.5346,0.0,0,0.0,0.0
867.0,A,RUNNING,863.952,4,7,1,8,0.125,20.0,99.6,1233.5346,0.0,0,0.0,0.0
868.0,A,RUNNING,864.952,4,7,1,8,0.125,20.0,99.6,1232.5346,0.0,0,0.0,0.0
869.0,A,RUNNING,865.952,4,7,1,8,0.125,20.0,99.6,1231.5346,0.0,0,0.0,0.0
870.0,A,RUNNING,866.952,4,7,1,8,0.125,20.0,99.6,1230.5346,0.0,0,0.0,0.0
871.0,A,RUNNING,867.952,4,7,1,8,0.125,20.0,99.6,1229.5346,0.0,0,0.0,0.0
872.0,A,RUNNING,868.952,4,7,1,8,0.125,20.0,99.6,1228.5346,0.0,0,0.0,0.0
873.0,A,RUNNING,869.952,4,7,1,8,0.125,20.0,99.6,1227.5346,0.0,0,0.0,0.0
874.0,A,RUNNING,870.952,4,7,1,8,0.125,20.0,99.6,1226.5346,0.0,0,0.0,0.0
875.0,A,RUNNING,871.952,4,7,1,8,0.125,20.0,99.6,1225.5346,0.0,0,0.0,0.0
876.0,A,RUNNING,872.952,4,7,1,8,0.125,20.0,99.6,1224.5346,0.0,0,0.0,0.0
877.0,A,RUNNING,873.952,4,7,1,8,0.125,20.0,99.6,1223.5346,0.0,0,0.0,0.0
878.0,A,RUNNING,874.952,4,7,1,8,0.125,20.0,99.6,1222.5346,0.0,0,0.0,0.0
879.0,A,RUNNING,875.952,4,7,1,8,0.125,20.0,99.6,1221.5346,0.0,0,0.0,0.0
880.0,A,RUNNING,876.952,4,7,1,8,0.125,20.0,99.6,1220.5346,0.0,0,0.0,0.0
881.0,A,RUNNING,877.952,4,7,1,8,0.125,20.0,99.6,1219.5346,0.0,0,0.0,0.0
882.0,A,RUNNING,878.952,4,7,1,8,0.125,20.0,99.6,1218.5346,0.0,0,0.0,0.0
883.0,A,RUNNING,879.952,4,7,1,8,0.125,20.0,99.6,1217.5346,0.0,0,0.0,0.0
884.0,A,RUNNING,880.952,4,7,1,8,0.125,20.0,99.6,1216.5346,0.0,0,0.0,0.0
885.0,A,RUNNING,881.952,4,7,1,8,0.125,20.0,99.6,1215.5346,0.0,0,0.0,0.0
886.0,A,RUNNING,882.952,4,7,1,8,0.125,20.0,99.6,1214.5346,0.0,0,0.0,0.0
887.0,A,RUNNING,883.952,4,7,1,8,0.125,20.0,99.6,1213.5346,0.0,0,0.0,0.0
888.0,A,RUNNING,884.952,4,7,1,8,0.125,20.0,99.6,1212.5346,0.0,0,0.0,0.0
889.0,A,RUNNING,885.952,4,7,1,8,0.125,20.0,99.6,1211.5346,0.0,0,0.0,0.0
890.0,A,RUNNING,886.952,4,7,1,8,0.125,20.0,99.6,1210.5346,0.0,0,0.0,0.0
891.0,A,RUNNING,887.952,4,7,1,8,0.125,20.0,99.6,1209.5346,0.0,0,0.0,0.0
892.0,A,RUNNING,888.952,4,7,1,8,0.125,20.0,99.6,1208.5346,0.0,0,0.0,0.0
893.0,A,RUNNING,889.952,4,7,1,8,0.125,20.0,99.6,1207.5346,0.0,0,0.0,0.0
894.0,A,RUNNING,890.952,4,7,1,8,0.125,20.0,99.6,1206.5346,0.0,0,0.0,0.0
895.0,A,RUNNING,891.952,4,7,1,8,0.125,20.0,99.6,1205.5346,0.0,0,0.0,0.0
896.0,A,RUNNING,892.952,4,7,1,8,0.125,20.0,99.6,1204.5346,0.0,0,0.0,0.0
897.0,A,RUNNING,893.952,4,7,1,8,0.125,20.0,99.6,1203.5346,0.0,0,0.0,0.0
898.0,A,RUNNING,894.952,4,7,1,8,0.125,20.0,99.6,1202.5346,0.0,0,0.0,0.0
899.0,A,RUNNING,895.952,4,7,1,8,0.125,20.0,99.6,1201.5346,0.0,0,0.0,0.0
900.0,A,RUNNING,896.952,4,7,1,8,0.125,20.0,99.6,1200.5346,0.0,0,0.0,0.0
901.0,A,RUNNING,897.952,4,7,1,8,0.125,20.0,99.6,1199.5346,0.0,0,0.0,0.0
902.0,A,RUNNING,898.952,4,7,1,8,0.125,20.0,99.6,1198.5346,0.0,0,0.0,0.0
903.0,A,RUNNING,899.952,4,7,1,8,0.125,20.0,99.6,1197.5346,0.0,0,0.0,0.0
904.0,A,RUNNING,900.952,4,7,1,8,0.125,20.0,99.6,1196.5346,0.0,0,0.0,0.0
905.0,A,RUNNING,901.952,4,7,1,8,0.125,20.0,99.6,1195.5346,0.0,0,0.0,0.0
906.0,A,RUNNING,902.952,4,7,1,8,0.125,20.0,99.6,1194.5346,0.0,0,0.0,0.0
907.0,A,RUNNING,903.952,4,7,1,8,0.125,20.0,99.6,1193.5346,0.0,0,0.0,0.0
908.0,A,RUNNING,904.952,4,7,1,8,0.125,20.0,99.6,1192.5346,0.0,0,0.0,0.0
909.0,A,RUNNING,905.952,4,7,1,8,0.125,20.0,99.6,1191.5346,0.0,0,0.0,0.0
910.0,A,RUNNING,906.952,4,7,1,8,0.125,20.0,99.6,1190.5346,0.0,0,0.0,0.0
911.0,A,RUNNING,907.952,4,7,1,8,0.125,20.0,99.6,1189.5346,0.0,0,0.0,0.0
912.0,A,RUNNING,908.952,4,7,1,8,0.125,20.0,99.6,1188.5346,0.0,0,0.0,0.0
913.0,A,RUNNING,909.952,4,7,1,8,0.125,20.0,99.6,1187.5346,0.0,0,0.0,0.0
914.0,A,RUNNING,910.952,4,7,1,8,0.125,20.0,99.6,1186.5346,0.0,0,0.0,0.0
915.0,A,RUNNING,911.952,4,7,1,8,0.125,20.0,99.6,1185.5346,0.0,0,0.0,0.0
916.0,A,RUNNING,912.952,4,7,1,8,0.125,20.0,99.6,1184.5346,0.0,0,0.0,0.0
917.0,A,RUNNING,913.952,4,7,1,8,0.125,20.0,99.6,1183.5346,0.0,0,0.0,0.0
918.0,A,RUNNING,914.952,4,7,1,8,0.125,20.0,99.6,1182.5346,0.0,0,0.0,0.0
919.0,A,RUNNING,915.952,4,7,1,8,0.125,20.0,99.6,1181.5346,0.0,0,0.0,0.0
920.0,A,RUNNING,916.952,4,7,1,8,0.125,20.0,99.6,1180.5346,0.0,0,0.0,0.0
921.0,A,RUNNING,917.952,4,7,1,8,0.125,20.0,99.6,1179.5346,0.0,0,0.0,0.0
922.0,A,RUNNING,918.952,4,7,1,8,0.125,20.0,99.6,1178.5346,0.0,0,0.0,0.0
923.0,A,RUNNING,919.952,4,7,1,8,0.125,20.0,99.6,1177.5346,0.0,0,0.0,0.0
924.0,A,RUNNING,920.952,4,7,1,8,0.125,20.0,99.6,1176.5346,0.0,0,0.0,0.0
925.0,A,RUNNING,921.952,4,7,1,8,0.125,20.0,99.6,1175.5346,0.0,0,0.0,0.0
926.0,A,RUNNING,922.952,4,7,1,8,0.125,20.0,99.6,1174.5346,0.0,0,0.0,0.0
927.0,A,RUNNING,923.952,4,7,1,8,0.125,20.0,99.6,1173.5346,0.0,0,0.0,0.0
928.0,A,RUNNING,924.952,4,7,1,8,0.125,20.0,99.6,1172.5346,0.0,0,0.0,0.0
929.0,A,RUNNING,925.952,4,7,1,8,0.125,20.0,99.6,1171.5346,0.0,0,0.0,0.0
930.0,A,RUNNING,926.952,4,7,1,8,0.125,20.0,99.6,1170.5346,0.0,0,0.0,0.0
931.0,A,RUNNING,927.952,4,7,1,8,0.125,20.0,99.6,1169.5346,0.0,0,0.0,0.0
932.0,A,RUNNING,928.952,4,7,1,8,0.125,20.0,99.6,1168.5346,0.0,0,0.0,0.0
933.0,A,RUNNING,929.952,4,7,1,8,0.125,20.0,99.6,1167.5346,0.0,0,0.0,0.0
934.0,A,RUNNING,930.952,4,7,1,8,0.125,20.0,99.6,1166.5346,0.0,0,0.0,0.0
935.0,A,RUNNING,931.952,4,7,1,8,0.125,20.0,99.6,1165.5346,0.0,0,0.0,0.0
936.0,A,RUNNING,932.952,4,7,1,8,0.125,20.0,99.6,1164.5346,0.0,0,0.0,0.0
937.0,A,RUNNING,933.952,4,7,1,8,0.125,20.0,99.6,1163.5346,0.0,0,0.0,0.0
938.0,A,RUNNING,934.952,4,7,1,8,0.125,20.0,99.6,1162.5346,0.0,0,0.0,0.0
939.0,A,RUNNING,935.952,4,7,1,8,0.125,20.0,99.6,1161.5346,0.0,0,0.0,0.0
940.0,A,RUNNING,936.952,4,7,1,8,0.125,20.0,99.6,1160.5346,0.0,0,0.0,0.0
941.0,A,RUNNING,937.952,4,7,1,8,0.125,20.0,99.6,1159.5346,0.0,0,0.0,0.0
942.0,A,RUNNING,938.952,4,7,1,8,0.125,20.0,99.6,1158.5346,0.0,0,0.0,0.0
943.0,A,RUNNING,939.952,4,7,1,8,0.125,20.0,99.6,1157.5346,0.0,0,0.0,0.0
944.0,A,RUNNING,940.952,4,7,1,8,0.125,20.0,99.6,1156.5346,0.0,0,0.0,0.0
945.0,A,RUNNING,941.952,4,7,1,8,0.125,20.0,99.6,1155.5346,0.0,0,0.0,0.0
946.0,A,RUNNING,942.952,4,7,1,8,0.125,20.0,99.6,1154.5346,0.0,0,0.0,0.0
947.0,A,RUNNING,943.952,4,7,1,8,0.125,20.0,99.6,1153.5346,0.0,0,0.0,0.0
948.0,A,RUNNING,944.952,4,7,1,8,0.125,20.0,99.6,1152.5346,0.0,0,0.0,0.0
949.0,A,RUNNING,945.952,4,7,1,8,0.125,20.0,99.6,1151.5346,0.0,0,0.0,0.0
950.0,A,RUNNING,946.952,4,7,1,8,0.125,20.0,99.6,1150.5346,0.0,0,0.0,0.0
951.0,A,RUNNING,947.952,4,7,1,8,0.125,20.0,99.6,1149.5346,0.0,0,0.0,0.0
952.0,A,RUNNING,948.952,4,7,1,8,0.125,20.0,99.6,1148.5346,0.0,0,0.0,0.0
953.0,A,RUNNING,949.952,4,7,1,8,0.125,20.0,99.6,1147.5346,0.0,0,0.0,0.0
954.0,A,RUNNING,950.952,4,7,1,8,0.125,20.0,99.6,1146.5346,0.0,0,0.0,0.0
955.0,A,RUNNING,951.952,4,7,1,8,0.125,20.0,99.6,1145.5346,0.0,0,0.0,0.0
956.0,A,RUNNING,952.952,4,7,1,8,0.125,20.0,99.6,1144.5346,0.0,0,0.0,0.0
957.0,A,RUNNING,953.952,4,7,1,8,0.125,20.0,99.6,1143.5346,0.0,0,0.0,0.0
958.0,A,RUNNING,954.952,4,7,1,8,0.125,20.0,99.6,1142.5346,0.0,0,0.0,0.0
959.0,A,RUNNING,955.952,4,7,1,8,0.125,20.0,99.6,1141.5346,0.0,0,0.0,0.0
960.0,A,RUNNING,956.952,4,7,1,8,0.125,20.0,99.6,1140.5346,0.0,0,0.0,0.0
961.0,A,RUNNING,957.952,4,7,1,8,0.125,20.0,99.6,1139.5346,0.0,0,0.0,0.0
962.0,A,RUNNING,958.952,4,7,1,8,0.125,20.0,99.6,1138.5346,0.0,0,0.0,0.0
963.0,A,RUNNING,959.952,4,7,1,8,0.125,20.0,99.6,1137.5346,0.0,0,0.0,0.0
964.0,A,RUNNING,960.952,4,7,1,8,0.125,20.0,99.6,1136.5346,0.0,0,0.0,0.0
965.0,A,RUNNING,961.952,4,7,1,8,0.125,20.0,99.6,1135.5346,0.0,0,0.0,0.0
966.0,A,RUNNING,962.952,4,7,1,8,0.125,20.0,99.6,1134.5346,0.0,0,0.0,0.0
967.0,A,RUNNING,963.952,4,7,1,8,0.125,20.0,99.6,1133.5346,0.0,0,0.0,0.0
968.0,A,RUNNING,964.952,4,7,1,8,0.125,20.0,99.6,1132.5346,0.0,0,0.0,0.0
969.0,A,RUNNING,965.952,4,7,1,8,0.125,20.0,99.6,1131.5346,0.0,0,0.0,0.0
970.0,A,RUNNING,966.952,4,7,1,8,0.125,20.0,99.6,1130.5346,0.0,0,0.0,0.0
971.0,A,RUNNING,967.952,4,7,1,8,0.125,20.0,99.6,1129.5346,0.0,0,0.0,0.0
972.0,A,RUNNING,968.952,4,7,1,8,0.125,20.0,99.6,1128.5346,0.0,0,0.0,0.0
973.0,A,RUNNING,969.952,4,7,1,8,0.125,20.0,99.6,1127.5346,0.0,0,0.0,0.0
974.0,A,RUNNING,970.952,4,7,1,8,0.125,20.0,99.6,1126.5346,0.0,0,0.0,0.0
975.0,A,RUNNING,971.952,4,7,1,8,0.125,20.0,99.6,1125.5346,0.0,0,0.0,0.0
976.0,A,RUNNING,972.952,4,7,1,8,0.125,20.0,99.6,1124.5346,0.0,0,0.0,0.0
977.0,A,RUNNING,973.952,4,7,1,8,0.125,20.0,99.6,1123.5346,0.0,0,0.0,0.0
978.0,A,RUNNING,974.952,4,7,1,8,0.125,20.0,99.6,1122.5346,0.0,0,0.0,0.0
979.0,A,RUNNING,975.952,4,7,1,8,0.125,20.0,99.6,1121.5346,0.0,0,0.0,0.0
980.0,A,RUNNING,976.952,4,7,1,8,0.125,20.0,99.6,1120.5346,0.0,0,0.0,0.0
981.0,A,RUNNING,977.952,4,7,1,8,0.125,20.0,99.6,1119.5346,0.0,0,0.0,0.0
982.0,A,RUNNING,978.952,4,7,1,8,0.125,20.0,99.6,1118.5346,0.0,0,0.0,0.0
983.0,A,RUNNING,979.952,4,7,1,8,0.125,20.0,99.6,1117.5346,0.0,0,0.0,0.0
984.0,A,RUNNING,980.952,4,7,1,8,0.125,20.0,99.6,1116.5346,0.0,0,0.0,0.0
985.0,A,RUNNING,981.952,4,7,1,8,0.125,20.0,99.6,1115.5346,0.0,0,0.0,0.0
986.0,A,RUNNING,982.952,4,7,1,8,0.125,20.0,99.6,1114.5346,0.0,0,0.0,0.0
987.0,A,RUNNING,983.952,4,7,1,8,0.125,20.0,99.6,1113.5346,0.0,0,0.0,0.0
988.0,A,RUNNING,984.952,4,7,1,8,0.125,20.0,99.6,1112.5346,0.0,0,0.0,0.0
989.0,A,RUNNING,985.952,4,7,1,8,0.125,20.0,99.6,1111.5346,0.0,0,0.0,0.0
990.0,A,RUNNING,986.952,4,7,1,8,0.125,20.0,99.6,1110.5346,0.0,0,0.0,0.0
991.0,A,RUNNING,987.952,4,7,1,8,0.125,20.0,99.6,1109.5346,0.0,0,0.0,0.0
992.0,A,RUNNING,988.952,4,7,1,8,0.125,20.0,99.6,1108.5346,0.0,0,0.0,0.0
993.0,A,RUNNING,989.952,4,7,1,8,0.125,20.0,99.6,1107.5346,0.0,0,0.0,0.0
994.0,A,RUNNING,990.952,4,7,1,8,0.125,20.0,99.6,1106.5346,0.0,0,0.0,0.0
995.0,A,RUNNING,991.952,4,7,1,8,0.125,20.0,99.6,1105.5346,0.0,0,0.0,0.0
996.0,A,RUNNING,992.952,4,7,1,8,0.125,20.0,99.6,1104.5346,0.0,0,0.0,0.0
997.0,A,RUNNING,993.952,4,7,1,8,0.125,20.0,99.6,1103.5346,0.0,0,0.0,0.0
998.0,A,RUNNING,994.952,4,7,1,8,0.125,20.0,99.6,1102.5346,0.0,0,0.0,0.0
999.0,A,RUNNING,995.952,4,7,1,8,0.125,20.0,99.6,1101.5346,0.0,0,0.0,0.0
1000.0,A,RUNNING,996.952,4,7,1,8,0.125,20.0,99.6,1100.5346,0.0,0,0.0,0.0
1001.0,A,RUNNING,997.952,4,7,1,8,0.125,20.0,99.6,1099.5346,0.0,0,0.0,0.0
1002.0,A,RUNNING,998.952,4,7,1,8,0.125,20.0,99.6,1098.5346,0.0,0,0.0,0.0
1003.0,A,RUNNING,999.952,4,7,1,8,0.125,20.0,99.6,1097.5346,0.0,0,0.0,0.0
1004.0,A,RUNNING,1000.952,4,8,0,8,0.0,20.0,99.6,1276.5346,0.0,0,0.0,0.0
1005.0,A,RUNNING,1001.952,4,8,0,8,0.0,20.0,99.6,1275.5346,0.0,0,0.0,0.0
1006.0,A,RUNNING,1002.952,4,8,0,8,0.0,20.0,99.6,1274.5346,0.0,0,0.0,0.0
1007.0,A,RUNNING,1003.952,4,8,0,8,0.0,20.0,99.6,1273.5346,0.0,0,0.0,0.0
1008.0,A,RUNNING,1004.952,4,8,0,8,0.0,20.0,99.6,1272.5346,0.0,0,0.0,0.0
1009.0,A,RUNNING,1005.952,4,8,0,8,0.0,20.0,99.6,1271.5346,0.0,0,0.0,0.0
1010.0,A,RUNNING,1006.952,4,8,0,8,0.0,20.0,99.6,1270.5346,0.0,0,0.0,0.0
1011.0,A,RUNNING,1007.952,4,8,0,8,0.0,20.0,99.6,1269.5346,0.0,0,0.0,0.0
1012.0,A,RUNNING,1008.952,4,8,0,8,0.0,20.0,99.6,1268.5346,0.0,0,0.0,0.0
1013.0,A,RUNNING,1009.952,4,8,0,8,0.0,20.0,99.6,1267.5346,0.0,0,0.0,0.0
1014.0,A,RUNNING,1010.952,4,8,0,8,0.0,20.0,99.6,1266.5346,0.0,0,0.0,0.0
1015.0,A,RUNNING,1011.952,4,8,0,8,0.0,20.0,99.6,1265.5346,0.0,0,0.0,0.0
1016.0,A,RUNNING,1012.952,4,8,0,8,0.0,20.0,99.6,1264.5346,0.0,0,0.0,0.0
1017.0,A,RUNNING,1013.952,4,8,0,8,0.0,20.0,99.6,1263.5346,0.0,0,0.0,0.0
1018.0,A,RUNNING,1014.952,4,8,0,8,0.0,20.0,99.6,1262.5346,0.0,0,0.0,0.0
1019.0,A,RUNNING,1015.952,4,8,0,8,0.0,20.0,99.6,1261.5346,0.0,0,0.0,0.0
1020.0,A,RUNNING,1016.952,4,8,0,8,0.0,20.0,99.6,1260.5346,0.0,0,0.0,0.0
1021.0,A,RUNNING,1017.952,5,8,1,8,0.125,20.0,99.5,1221.2004,0.0,0,0.0,0.0
1022.0,A,RUNNING,1018.952,5,8,1,8,0.125,20.0,99.5,1220.2004,0.0,0,0.0,0.0
1023.0,A,RUNNING,1019.952,5,8,1,8,0.125,20.0,99.5,1219.2004,0.0,0,0.0,0.0
1024.0,A,RUNNING,1020.952,5,8,1,8,0.125,20.0,99.5,1218.2004,0.0,0,0.0,0.0
1025.0,A,RUNNING,1021.952,5,8,1,8,0.125,20.0,99.5,1217.2004,0.0,0,0.0,0.0
1026.0,A,RUNNING,1022.952,5,8,1,8,0.125,20.0,99.5,1216.2004,0.0,0,0.0,0.0
1027.0,A,RUNNING,1023.952,5,8,1,8,0.125,20.0,99.5,1215.2004,0.0,0,0.0,0.0
1028.0,A,RUNNING,1024.952,5,8,1,8,0.125,20.0,99.5,1214.2004,0.0,0,0.0,0.0
1029.0,A,RUNNING,1025.952,5,8,1,8,0.125,20.0,99.5,1213.2004,0.0,0,0.0,0.0
1030.0,A,RUNNING,1026.952,5,8,1,8,0.125,20.0,99.5,1212.2004,0.0,0,0.0,0.0
1031.0,A,RUNNING,1027.952,5,8,1,8,0.125,20.0,99.5,1211.2004,0.0,0,0.0,0.0
1032.0,A,RUNNING,1028.952,5,8,1,8,0.125,20.0,99.5,1210.2004,0.0,0,0.0,0.0
1033.0,A,RUNNING,1029.952,5,8,1,8,0.125,20.0,99.5,1209.2004,0.0,0,0.0,0.0
1034.0,A,RUNNING,1030.952,5,8,1,8,0.125,20.0,99.5,1208.2004,0.0,0,0.0,0.0
1035.0,A,RUNNING,1031.952,5,8,1,8,0.125,20.0,99.5,1207.2004,0.0,0,0.0,0.0
1036.0,A,RUNNING,1032.952,5,8,1,8,0.125,20.0,99.5,1206.2004,0.0,0,0.0,0.0
1037.0,A,RUNNING,1033.952,5,8,1,8,0.125,20.0,99.5,1205.2004,0.0,0,0.0,0.0
1038.0,A,RUNNING,1034.952,5,8,1,8,0.125,20.0,99.5,1204.2004,0.0,0,0.0,0.0
1039.0,A,RUNNING,1035.952,5,8,1,8,0.125,20.0,99.5,1203.2004,0.0,0,0.0,0.0
1040.0,A,RUNNING,1036.952,5,8,1,8,0.125,20.0,99.5,1202.2004,0.0,0,0.0,0.0
1041.0,A,RUNNING,1037.952,5,8,1,8,0.125,20.0,99.5,1201.2004,0.0,0,0.0,0.0
1042.0,A,RUNNING,1038.952,5,8,1,8,0.125,20.0,99.5,1200.2004,0.0,0,0.0,0.0
1043.0,A,RUNNING,1039.952,5,8,1,8,0.125,20.0,99.5,1199.2004,0.0,0,0.0,0.0
1044.0,A,RUNNING,1040.952,5,8,1,8,0.125,20.0,99.5,1198.2004,0.0,0,0.0,0.0
1045.0,A,RUNNING,1041.952,5,8,1,8,0.125,20.0,99.5,1197.2004,0.0,0,0.0,0.0
1046.0,A,RUNNING,1042.952,5,8,1,8,0.125,20.0,99.5,1196.2004,0.0,0,0.0,0.0
1047.0,A,RUNNING,1043.952,5,8,1,8,0.125,20.0,99.5,1195.2004,0.0,0,0.0,0.0
1048.0,A,RUNNING,1044.952,5,8,1,8,0.125,20.0,99.5,1194.2004,0.0,0,0.0,0.0
1049.0,A,RUNNING,1045.952,5,8,1,8,0.125,20.0,99.5,1193.2004,0.0,0,0.0,0.0
1050.0,A,RUNNING,1046.952,5,8,1,8,0.125,20.0,99.5,1192.2004,0.0,0,0.0,0.0
1051.0,A,RUNNING,1047.952,5,8,1,8,0.125,20.0,99.5,1191.2004,0.0,0,0.0,0.0
1052.0,A,RUNNING,1048.952,5,8,1,8,0.125,20.0,99.5,1190.2004,0.0,0,0.0,0.0
1053.0,A,RUNNING,1049.952,5,8,1,8,0.125,20.0,99.5,1189.2004,0.0,0,0.0,0.0
1054.0,A,RUNNING,1050.952,5,8,1,8,0.125,20.0,99.5,1188.2004,0.0,0,0.0,0.0
1055.0,A,RUNNING,1051.952,5,8,1,8,0.125,20.0,99.5,1187.2004,0.0,0,0.0,0.0
1056.0,A,RUNNING,1052.952,5,8,1,8,0.125,20.0,99.5,1186.2004,0.0,0,0.0,0.0
1057.0,A,RUNNING,1053.952,5,8,1,8,0.125,20.0,99.5,1185.2004,0.0,0,0.0,0.0
1058.0,A,RUNNING,1054.952,5,8,1,8,0.125,20.0,99.5,1184.2004,0.0,0,0.0,0.0
1059.0,A,RUNNING,1055.952,5,8,1,8,0.125,20.0,99.5,1183.2004,0.0,0,0.0,0.0
1060.0,A,RUNNING,1056.952,5,8,1,8,0.125,20.0,99.5,1182.2004,0.0,0,0.0,0.0
1061.0,A,RUNNING,1057.952,5,8,1,8,0.125,20.0,99.5,1181.2004,0.0,0,0.0,0.0
1062.0,A,RUNNING,1058.952,5,8,1,8,0.125,20.0,99.5,1180.2004,0.0,0,0.0,0.0
1063.0,A,RUNNING,1059.952,5,8,1,8,0.125,20.0,99.5,1179.2004,0.0,0,0.0,0.0
1064.0,A,RUNNING,1060.952,5,8,1,8,0.125,20.0,99.5,1178.2004,0.0,0,0.0,0.0
1065.0,A,RUNNING,1061.952,5,8,1,8,0.125,20.0,99.5,1177.2004,0.0,0,0.0,0.0
1066.0,A,RUNNING,1062.952,5,8,1,8,0.125,20.0,99.5,1176.2004,0.0,0,0.0,0.0
1067.0,A,RUNNING,1063.952,5,8,1,8,0.125,20.0,99.5,1175.2004,0.0,0,0.0,0.0
1068.0,A,RUNNING,1064.952,5,8,1,8,0.125,20.0,99.5,1174.2004,0.0,0,0.0,0.0
1069.0,A,RUNNING,1065.952,5,8,1,8,0.125,20.0,99.5,1173.2004,0.0,0,0.0,0.0
1070.0,A,RUNNING,1066.952,5,8,1,8,0.125,20.0,99.5,1172.2004,0.0,0,0.0,0.0
1071.0,A,RUNNING,1067.952,5,8,1,8,0.125,20.0,99.5,1171.2004,0.0,0,0.0,0.0
1072.0,A,RUNNING,1068.952,5,8,1,8,0.125,20.0,99.5,1170.2004,0.0,0,0.0,0.0
1073.0,A,RUNNING,1069.952,5,8,1,8,0.125,20.0,99.5,1169.2004,0.0,0,0.0,0.0
1074.0,A,RUNNING,1070.952,5,8,1,8,0.125,20.0,99.5,1168.2004,0.0,0,0.0,0.0
1075.0,A,RUNNING,1071.952,5,8,1,8,0.125,20.0,99.5,1167.2004,0.0,0,0.0,0.0
1076.0,A,RUNNING,1072.952,5,8,1,8,0.125,20.0,99.5,1166.2004,0.0,0,0.0,0.0
1077.0,A,RUNNING,1073.952,5,8,1,8,0.125,20.0,99.5,1165.2004,0.0,0,0.0,0.0
1078.0,A,RUNNING,1074.952,5,8,1,8,0.125,20.0,99.5,1164.2004,0.0,0,0.0,0.0
1079.0,A,RUNNING,1075.952,5,8,1,8,0.125,20.0,99.5,1163.2004,0.0,0,0.0,0.0
1080.0,A,RUNNING,1076.952,5,8,1,8,0.125,20.0,99.5,1162.2004,0.0,0,0.0,0.0
1081.0,A,RUNNING,1077.952,5,8,1,8,0.125,20.0,99.5,1161.2004,0.0,0,0.0,0.0
1082.0,A,RUNNING,1078.952,5,8,1,8,0.125,20.0,99.5,1160.2004,0.0,0,0.0,0.0
1083.0,A,RUNNING,1079.952,5,8,1,8,0.125,20.0,99.5,1159.2004,0.0,0,0.0,0.0
1084.0,A,RUNNING,1080.952,5,8,1,8,0.125,20.0,99.5,1158.2004,0.0,0,0.0,0.0
1085.0,A,RUNNING,1081.952,5,8,1,8,0.125,20.0,99.5,1157.2004,0.0,0,0.0,0.0
1086.0,A,RUNNING,1082.952,5,8,1,8,0.125,20.0,99.5,1156.2004,0.0,0,0.0,0.0
1087.0,A,RUNNING,1083.952,5,8,1,8,0.125,20.0,99.5,1155.2004,0.0,0,0.0,0.0
1088.0,A,RUNNING,1084.952,5,8,1,8,0.125,20.0,99.5,1154.2004,0.0,0,0.0,0.0
1089.0,A,RUNNING,1085.952,5,8,1,8,0.125,20.0,99.5,1153.2004,0.0,0,0.0,0.0
1090.0,A,RUNNING,1086.952,5,8,1,8,0.125,20.0,99.5,1152.2004,0.0,0,0.0,0.0
1091.0,A,RUNNING,1087.952,5,8,1,8,0.125,20.0,99.5,1151.2004,0.0,0,0.0,0.0
1092.0,A,RUNNING,1088.952,5,8,1,8,0.125,20.0,99.5,1150.2004,0.0,0,0.0,0.0
1093.0,A,RUNNING,1089.952,5,8,1,8,0.125,20.0,99.5,1149.2004,0.0,0,0.0,0.0
1094.0,A,RUNNING,1090.952,5,8,1,8,0.125,20.0,99.5,1148.2004,0.0,0,0.0,0.0
1095.0,A,RUNNING,1091.952,5,8,1,8,0.125,20.0,99.5,1147.2004,0.0,0,0.0,0.0
1096.0,A,RUNNING,1092.952,5,8,1,8,0.125,20.0,99.5,1146.2004,0.0,0,0.0,0.0
1097.0,A,RUNNING,1093.952,5,8,1,8,0.125,20.0,99.5,1145.2004,0.0,0,0.0,0.0
1098.0,A,RUNNING,1094.952,5,8,1,8,0.125,20.0,99.5,1144.2004,0.0,0,0.0,0.0
1099.0,A,RUNNING,1095.952,5,8,1,8,0.125,20.0,99.5,1143.2004,0.0,0,0.0,0.0
1100.0,A,RUNNING,1096.952,5,8,1,8,0.125,20.0,99.5,1142.2004,0.0,0,0.0,0.0
1101.0,A,RUNNING,1097.952,5,8,1,8,0.125,20.0,99.5,1141.2004,0.0,0,0.0,0.0
1102.0,A,RUNNING,1098.952,5,8,1,8,0.125,20.0,99.5,1140.2004,0.0,0,0.0,0.0
1103.0,A,RUNNING,1099.952,5,8,1,8,0.125,20.0,99.5,1139.2004,0.0,0,0.0,0.0
1104.0,A,RUNNING,1100.952,5,8,1,8,0.125,20.0,99.5,1138.2004,0.0,0,0.0,0.0
1105.0,A,RUNNING,1101.952,5,8,1,8,0.125,20.0,99.5,1137.2004,0.0,0,0.0,0.0
1106.0,A,RUNNING,1102.952,5,8,1,8,0.125,20.0,99.5,1136.2004,0.0,0,0.0,0.0
1107.0,A,RUNNING,1103.952,5,8,1,8,0.125,20.0,99.5,1135.2004,0.0,0,0.0,0.0
1108.0,A,RUNNING,1104.952,5,8,1,8,0.125,20.0,99.5,1134.2004,0.0,0,0.0,0.0
1109.0,A,RUNNING,1105.952,5,8,1,8,0.125,20.0,99.5,1133.2004,0.0,0,0.0,0.0
1110.0,A,RUNNING,1106.952,5,8,1,8,0.125,20.0,99.5,1132.2004,0.0,0,0.0,0.0
1111.0,A,RUNNING,1107.952,5,8,1,8,0.125,20.0,99.5,1131.2004,0.0,0,0.0,0.0
1112.0,A,RUNNING,1108.952,5,8,1,8,0.125,20.0,99.5,1130.2004,0.0,0,0.0,0.0
1113.0,A,RUNNING,1109.952,5,8,1,8,0.125,20.0,99.5,1129.2004,0.0,0,0.0,0.0
1114.0,A,RUNNING,1110.952,5,8,1,8,0.125,20.0,99.5,1128.2004,0.0,0,0.0,0.0
1115.0,A,RUNNING,1111.952,5,8,1,8,0.125,20.0,99.5,1127.2004,0.0,0,0.0,0.0
1116.0,A,RUNNING,1112.952,5,8,1,8,0.125,20.0,99.5,1126.2004,0.0,0,0.0,0.0
1117.0,A,RUNNING,1113.952,5,8,1,8,0.125,20.0,99.5,1125.2004,0.0,0,0.0,0.0
1118.0,A,RUNNING,1114.952,5,8,1,8,0.125,20.0,99.5,1124.2004,0.0,0,0.0,0.0
1119.0,A,RUNNING,1115.952,5,8,1,8,0.125,20.0,99.5,1123.2004,0.0,0,0.0,0.0
1120.0,A,RUNNING,1116.952,5,8,1,8,0.125,20.0,99.5,1122.2004,0.0,0,0.0,0.0
1121.0,A,RUNNING,1117.952,5,8,1,8,0.125,20.0,99.5,1121.2004,0.0,0,0.0,0.0
1122.0,A,RUNNING,1118.952,5,8,1,8,0.125,20.0,99.5,1120.2004,0.0,0,0.0,0.0
1123.0,A,RUNNING,1119.952,5,8,1,8,0.125,20.0,99.5,1119.2004,0.0,0,0.0,0.0
1124.0,A,RUNNING,1120.952,5,8,1,8,0.125,20.0,99.5,1118.2004,0.0,0,0.0,0.0
1125.0,A,RUNNING,1121.952,5,8,1,8,0.125,20.0,99.5,1117.2004,0.0,0,0.0,0.0
1126.0,A,RUNNING,1122.952,5,8,1,8,0.125,20.0,99.5,1116.2004,0.0,0,0.0,0.0
1127.0,A,RUNNING,1123.952,5,8,1,8,0.125,20.0,99.5,1115.2004,0.0,0,0.0,0.0
1128.0,A,RUNNING,1124.952,5,8,1,8,0.125,20.0,99.5,1114.2004,0.0,0,0.0,0.0
1129.0,A,RUNNING,1125.952,5,8,1,8,0.125,20.0,99.5,1113.2004,0.0,0,0.0,0.0
1130.0,A,RUNNING,1126.952,5,8,1,8,0.125,20.0,99.5,1112.2004,0.0,0,0.0,0.0
1131.0,A,RUNNING,1127.952,5,8,1,8,0.125,20.0,99.5,1111.2004,0.0,0,0.0,0.0
1132.0,A,RUNNING,1128.952,5,8,1,8,0.125,20.0,99.5,1110.2004,0.0,0,0.0,0.0
1133.0,A,RUNNING,1129.952,5,8,1,8,0.125,20.0,99.5,1109.2004,0.0,0,0.0,0.0
1134.0,A,RUNNING,1130.952,5,8,1,8,0.125,20.0,99.5,1108.2004,0.0,0,0.0,0.0
1135.0,A,RUNNING,1131.952,5,8,1,8,0.125,20.0,99.5,1107.2004,0.0,0,0.0,0.0
1136.0,A,RUNNING,1132.952,5,8,1,8,0.125,20.0,99.5,1106.2004,0.0,0,0.0,0.0
1137.0,A,RUNNING,1133.952,5,8,1,8,0.125,20.0,99.5,1105.2004,0.0,0,0.0,0.0
1138.0,A,RUNNING,1134.952,5,8,1,8,0.125,20.0,99.5,1104.2004,0.0,0,0.0,0.0
1139.0,A,RUNNING,1135.952,5,8,1,8,0.125,20.0,99.5,1103.2004,0.0,0,0.0,0.0
1140.0,A,RUNNING,1136.952,5,8,1,8,0.125,20.0,99.5,1102.2004,0.0,0,0.0,0.0
1141.0,A,RUNNING,1137.952,5,8,1,8,0.125,20.0,99.5,1101.2004,0.0,0,0.0,0.0
1142.0,A,RUNNING,1138.952,5,8,1,8,0.125,20.0,99.5,1100.2004,0.0,0,0.0,0.0
1143.0,A,RUNNING,1139.952,5,8,1,8,0.125,20.0,99.5,1099.2004,0.0,0,0.0,0.0
1144.0,A,RUNNING,1140.952,5,8,1,8,0.125,20.0,99.5,1098.2004,0.0,0,0.0,0.0
1145.0,A,RUNNING,1141.952,5,8,1,8,0.125,20.0,99.5,1097.2004,0.0,0,0.0,0.0
1146.0,A,RUNNING,1142.952,5,8,1,8,0.125,20.0,99.5,1096.2004,0.0,0,0.0,0.0
1147.0,A,RUNNING,1143.952,5,8,1,8,0.125,20.0,99.5,1095.2004,0.0,0,0.0,0.0
1148.0,A,RUNNING,1144.952,5,8,1,8,0.125,20.0,99.5,1094.2004,0.0,0,0.0,0.0
1149.0,A,RUNNING,1145.952,5,8,1,8,0.125,20.0,99.5,1093.2004,0.0,0,0.0,0.0
1150.0,A,RUNNING,1146.952,5,8,1,8,0.125,20.0,99.5,1092.2004,0.0,0,0.0,0.0
1151.0,A,RUNNING,1147.952,5,8,1,8,0.125,20.0,99.5,1091.2004,0.0,0,0.0,0.0
1152.0,A,RUNNING,1148.952,5,8,1,8,0.125,20.0,99.5,1090.2004,0.0,0,0.0,0.0
1153.0,A,RUNNING,1149.952,5,8,1,8,0.125,20.0,99.5,1089.2004,0.0,0,0.0,0.0
1154.0,A,RUNNING,1150.952,5,8,1,8,0.125,20.0,99.5,1088.2004,0.0,0,0.0,0.0
1155.0,A,RUNNING,1151.952,5,8,1,8,0.125,20.0,99.5,1087.2004,0.0,0,0.0,0.0
1156.0,A,RUNNING,1152.952,5,8,1,8,0.125,20.0,99.5,1086.2004,0.0,0,0.0,0.0
1157.0,A,RUNNING,1153.952,5,8,1,8,0.125,20.0,99.5,1085.2004,0.0,0,0.0,0.0
1158.0,A,RUNNING,1154.952,5,8,1,8,0.125,20.0,99.5,1084.2004,0.0,0,0.0,0.0
1159.0,A,RUNNING,1155.952,5,8,1,8,0.125,20.0,99.5,1083.2004,0.0,0,0.0,0.0
1160.0,A,RUNNING,1156.952,5,8,1,8,0.125,20.0,99.5,1082.2004,0.0,0,0.0,0.0
1161.0,A,RUNNING,1157.952,5,8,1,8,0.125,20.0,99.5,1081.2004,0.0,0,0.0,0.0
1162.0,A,RUNNING,1158.952,5,8,1,8,0.125,20.0,99.5,1080.2004,0.0,0,0.0,0.0
1163.0,A,RUNNING,1159.952,6,8,2,8,0.25,20.0,99.4,1107.1911,0.0,0,0.0,0.0
1164.0,A,RUNNING,1160.952,6,8,2,8,0.25,20.0,99.4,1106.1911,0.0,0,0.0,0.0
1165.0,A,RUNNING,1161.952,6,8,2,8,0.25,20.0,99.4,1105.1911,0.0,0,0.0,0.0
1166.0,A,RUNNING,1162.952,6,8,2,8,0.25,20.0,99.4,1104.1911,0.0,0,0.0,0.0
1167.0,A,RUNNING,1163.952,6,8,2,8,0.25,20.0,99.4,1103.1911,0.0,0,0.0,0.0
1168.0,A,RUNNING,1164.952,6,8,2,8,0.25,20.0,99.4,1102.1911,0.0,0,0.0,0.0
1169.0,A,RUNNING,1165.952,6,8,2,8,0.25,20.0,99.4,1101.1911,0.0,0,0.0,0.0
1170.0,A,RUNNING,1166.952,6,8,2,8,0.25,20.0,99.4,1100.1911,0.0,0,0.0,0.0
1171.0,A,RUNNING,1167.952,6,8,2,8,0.25,20.0,99.4,1099.1911,0.0,0,0.0,0.0
1172.0,A,RUNNING,1168.952,6,8,2,8,0.25,20.0,99.4,1098.1911,0.0,0,0.0,0.0
1173.0,A,RUNNING,1169.952,6,8,2,8,0.25,20.0,99.4,1097.1911,0.0,0,0.0,0.0
1174.0,A,RUNNING,1170.952,6,8,2,8,0.25,20.0,99.4,1096.1911,0.0,0,0.0,0.0
1175.0,A,RUNNING,1171.952,6,8,2,8,0.25,20.0,99.4,1095.1911,0.0,0,0.0,0.0
1176.0,A,RUNNING,1172.952,6,8,2,8,0.25,20.0,99.4,1094.1911,0.0,0,0.0,0.0
1177.0,A,RUNNING,1173.952,6,8,2,8,0.25,20.0,99.4,1093.1911,0.0,0,0.0,0.0
1178.0,A,RUNNING,1174.952,6,8,2,8,0.25,20.0,99.4,1092.1911,0.0,0,0.0,0.0
1179.0,A,RUNNING,1175.952,6,8,2,8,0.25,20.0,99.4,1091.1911,0.0,0,0.0,0.0
1180.0,A,RUNNING,1176.952,6,8,2,8,0.25,20.0,99.4,1090.1911,0.0,0,0.0,0.0
1181.0,A,RUNNING,1177.952,6,8,2,8,0.25,20.0,99.4,1089.1911,0.0,0,0.0,0.0
1182.0,A,RUNNING,1178.952,6,8,2,8,0.25,20.0,99.4,1088.1911,0.0,0,0.0,0.0
1183.0,A,RUNNING,1179.952,6,8,2,8,0.25,20.0,99.4,1087.1911,0.0,0,0.0,0.0
1184.0,A,RUNNING,1180.952,6,8,2,8,0.25,20.0,99.4,1086.1911,0.0,0,0.0,0.0
1185.0,A,RUNNING,1181.952,6,8,2,8,0.25,20.0,99.4,1085.1911,0.0,0,0.0,0.0
1186.0,A,RUNNING,1182.952,6,8,2,8,0.25,20.0,99.4,1084.1911,0.0,0,0.0,0.0
1187.0,A,RUNNING,1183.952,6,8,2,8,0.25,20.0,99.4,1083.1911,0.0,0,0.0,0.0
1188.0,A,RUNNING,1184.952,6,8,2,8,0.25,20.0,99.4,1082.1911,0.0,0,0.0,0.0
1189.0,A,RUNNING,1185.952,6,8,2,8,0.25,20.0,99.4,1081.1911,0.0,0,0.0,0.0
1190.0,A,RUNNING,1186.952,6,8,2,8,0.25,20.0,99.4,1080.1911,0.0,0,0.0,0.0
1191.0,A,RUNNING,1187.952,6,8,2,8,0.25,20.0,99.4,1079.1911,0.0,0,0.0,0.0
1192.0,A,RUNNING,1188.952,6,8,2,8,0.25,20.0,99.4,1078.1911,0.0,0,0.0,0.0
1193.0,A,RUNNING,1189.952,6,8,2,8,0.25,20.0,99.4,1077.1911,0.0,0,0.0,0.0
1194.0,A,RUNNING,1190.952,6,8,2,8,0.25,20.0,99.4,1076.1911,0.0,0,0.0,0.0
1195.0,A,RUNNING,1191.952,6,8,2,8,0.25,20.0,99.4,1075.1911,0.0,0,0.0,0.0
1196.0,A,RUNNING,1192.952,6,8,2,8,0.25,20.0,99.4,1074.1911,0.0,0,0.0,0.0
1197.0,A,RUNNING,1193.952,6,8,2,8,0.25,20.0,99.4,1073.1911,0.0,0,0.0,0.0
1198.0,A,RUNNING,1194.952,6,8,2,8,0.25,20.0,99.4,1072.1911,0.0,0,0.0,0.0
1199.0,A,RUNNING,1195.952,6,8,2,8,0.25,20.0,99.4,1071.1911,0.0,0,0.0,0.0
1200.0,A,RUNNING,1196.952,6,8,2,8,0.25,20.0,99.4,1070.1911,0.0,0,0.0,0.0
1201.0,A,RUNNING,1197.952,6,8,2,8,0.25,20.0,99.4,1069.1911,0.0,0,0.0,0.0
1202.0,A,RUNNING,1198.952,6,8,2,8,0.25,20.0,99.4,1068.1911,0.0,0,0.0,0.0
1203.0,A,RUNNING,1199.952,6,8,2,8,0.25,20.0,99.4,1067.1911,0.0,0,0.0,0.0
1204.0,A,RUNNING,1200.952,6,8,2,8,0.25,20.0,99.4,1066.1911,0.0,0,0.0,0.0
1205.0,A,RUNNING,1201.952,6,8,2,8,0.25,20.0,99.4,1065.1911,0.0,0,0.0,0.0
1206.0,A,RUNNING,1202.952,6,8,2,8,0.25,20.0,99.4,1064.1911,0.0,0,0.0,0.0
1207.0,A,RUNNING,1203.952,6,8,2,8,0.25,20.0,99.4,1063.1911,0.0,0,0.0,0.0
1208.0,A,RUNNING,1204.952,6,8,2,8,0.25,20.0,99.4,1062.1911,0.0,0,0.0,0.0
1209.0,A,RUNNING,1205.952,6,8,2,8,0.25,20.0,99.4,1061.1911,0.0,0,0.0,0.0
1210.0,A,RUNNING,1206.952,6,8,2,8,0.25,20.0,99.4,1060.1911,0.0,0,0.0,0.0
1211.0,A,RUNNING,1207.952,6,8,2,8,0.25,20.0,99.4,1059.1911,0.0,0,0.0,0.0
1212.0,A,RUNNING,1208.952,6,8,2,8,0.25,20.0,99.4,1058.1911,0.0,0,0.0,0.0
1213.0,A,RUNNING,1209.952,6,8,2,8,0.25,20.0,99.4,1057.1911,0.0,0,0.0,0.0
1214.0,A,RUNNING,1210.952,6,8,2,8,0.25,20.0,99.4,1056.1911,0.0,0,0.0,0.0
1215.0,A,RUNNING,1211.952,6,8,2,8,0.25,20.0,99.4,1055.1911,0.0,0,0.0,0.0
1216.0,A,RUNNING,1212.952,6,8,2,8,0.25,20.0,99.4,1054.1911,0.0,0,0.0,0.0
1217.0,A,RUNNING,1213.952,6,8,2,8,0.25,20.0,99.4,1053.1911,0.0,0,0.0,0.0
1218.0,A,RUNNING,1214.952,6,8,2,8,0.25,20.0,99.4,1052.1911,0.0,0,0.0,0.0
1219.0,A,RUNNING,1215.952,6,8,2,8,0.25,20.0,99.4,1051.1911,0.0,0,0.0,0.0
1220.0,A,RUNNING,1216.952,6,8,2,8,0.25,20.0,99.4,1050.1911,0.0,0,0.0,0.0
1221.0,A,RUNNING,1217.952,6,8,2,8,0.25,20.0,99.4,1049.1911,0.0,0,0.0,0.0
1222.0,A,RUNNING,1218.952,6,8,2,8,0.25,20.0,99.4,1048.1911,0.0,0,0.0,0.0
1223.0,A,RUNNING,1219.952,6,8,2,8,0.25,20.0,99.4,1047.1911,0.0,0,0.0,0.0
1224.0,A,RUNNING,1220.952,6,8,2,8,0.25,20.0,99.4,1046.1911,0.0,0,0.0,0.0
1225.0,A,RUNNING,1221.952,6,8,2,8,0.25,20.0,99.4,1045.1911,0.0,0,0.0,0.0
1226.0,A,RUNNING,1222.952,6,8,2,8,0.25,20.0,99.4,1044.1911,0.0,0,0.0,0.0
1227.0,A,RUNNING,1223.952,6,8,2,8,0.25,20.0,99.4,1043.1911,0.0,0,0.0,0.0
1228.0,A,RUNNING,1224.952,6,8,2,8,0.25,20.0,99.4,1042.1911,0.0,0,0.0,0.0
1229.0,A,RUNNING,1225.952,6,8,2,8,0.25,20.0,99.4,1041.1911,0.0,0,0.0,0.0
1230.0,A,RUNNING,1226.952,6,8,2,8,0.25,20.0,99.4,1040.1911,0.0,0,0.0,0.0
1231.0,A,RUNNING,1227.952,6,8,2,8,0.25,20.0,99.4,1039.1911,0.0,0,0.0,0.0
1232.0,A,RUNNING,1228.952,6,8,2,8,0.25,20.0,99.4,1038.1911,0.0,0,0.0,0.0
1233.0,A,RUNNING,1229.952,6,8,2,8,0.25,20.0,99.4,1037.1911,0.0,0,0.0,0.0
1234.0,A,RUNNING,1230.952,6,8,2,8,0.25,20.0,99.4,1036.1911,0.0,0,0.0,0.0
1235.0,A,RUNNING,1231.952,6,8,2,8,0.25,20.0,99.4,1035.1911,0.0,0,0.0,0.0
1236.0,A,RUNNING,1232.952,6,8,2,8,0.25,20.0,99.4,1034.1911,0.0,0,0.0,0.0
1237.0,A,RUNNING,1233.952,6,8,2,8,0.25,20.0,99.4,1033.1911,0.0,0,0.0,0.0
1238.0,A,RUNNING,1234.952,6,8,2,8,0.25,20.0,99.4,1032.1911,0.0,0,0.0,0.0
1239.0,A,RUNNING,1235.952,6,8,2,8,0.25,20.0,99.4,1031.1911,0.0,0,0.0,0.0
1240.0,A,RUNNING,1236.952,6,8,2,8,0.25,20.0,99.4,1030.1911,0.0,0,0.0,0.0
1241.0,A,RUNNING,1237.952,6,8,2,8,0.25,20.0,99.4,1029.1911,0.0,0,0.0,0.0
1242.0,A,RUNNING,1238.952,6,8,2,8,0.25,20.0,99.4,1028.1911,0.0,0,0.0,0.0
1243.0,A,RUNNING,1239.952,6,8,2,8,0.25,20.0,99.4,1027.1911,0.0,0,0.0,0.0
1244.0,A,RUNNING,1240.952,6,8,2,8,0.25,20.0,99.4,1026.1911,0.0,0,0.0,0.0
1245.0,A,RUNNING,1241.952,6,8,2,8,0.25,20.0,99.4,1025.1911,0.0,0,0.0,0.0
1246.0,A,RUNNING,1242.952,6,8,2,8,0.25,20.0,99.4,1024.1911,0.0,0,0.0,0.0
1247.0,A,RUNNING,1243.952,6,8,2,8,0.25,20.0,99.4,1023.1911,0.0,0,0.0,0.0
1248.0,A,RUNNING,1244.952,6,8,2,8,0.25,20.0,99.4,1022.1911,0.0,0,0.0,0.0
1249.0,A,RUNNING,1245.952,6,8,2,8,0.25,20.0,99.4,1021.1911,0.0,0,0.0,0.0
1250.0,A,RUNNING,1246.952,6,8,2,8,0.25,20.0,99.4,1020.1911,0.0,0,0.0,0.0
1251.0,A,RUNNING,1247.952,6,8,2,8,0.25,20.0,99.4,1019.1911,0.0,0,0.0,0.0
1252.0,A,RUNNING,1248.952,6,8,2,8,0.25,20.0,99.4,1018.1911,0.0,0,0.0,0.0
1253.0,A,RUNNING,1249.952,6,8,2,8,0.25,20.0,99.4,1017.1911,0.0,0,0.0,0.0
1254.0,A,RUNNING,1250.952,6,8,2,8,0.25,20.0,99.4,1016.1911,0.0,0,0.0,0.0
1255.0,A,RUNNING,1251.952,6,8,2,8,0.25,20.0,99.4,1015.1911,0.0,0,0.0,0.0
1256.0,A,RUNNING,1252.952,6,8,2,8,0.25,20.0,99.4,1014.1911,0.0,0,0.0,0.0
1257.0,A,RUNNING,1253.952,6,8,2,8,0.25,20.0,99.4,1013.1911,0.0,0,0.0,0.0
1258.0,A,RUNNING,1254.952,6,8,2,8,0.25,20.0,99.4,1012.1911,0.0,0,0.0,0.0
1259.0,A,RUNNING,1255.952,6,8,2,8,0.25,20.0,99.4,1011.1911,0.0,0,0.0,0.0
1260.0,A,RUNNING,1256.952,6,8,2,8,0.25,20.0,99.4,1010.1911,0.0,0,0.0,0.0
1261.0,A,RUNNING,1257.952,6,8,2,8,0.25,20.0,99.4,1009.1911,0.0,0,0.0,0.0
1262.0,A,RUNNING,1258.952,6,8,2,8,0.25,20.0,99.4,1008.1911,0.0,0,0.0,0.0
1263.0,A,RUNNING,1259.952,6,8,2,8,0.25,20.0,99.4,1007.1911,0.0,0,0.0,0.0
1264.0,A,RUNNING,1260.952,6,8,2,8,0.25,20.0,99.4,1006.1911,0.0,0,0.0,0.0
1265.0,A,RUNNING,1261.952,6,8,2,8,0.25,20.0,99.4,1005.1911,0.0,0,0.0,0.0
1266.0,A,RUNNING,1262.952,6,8,2,8,0.25,20.0,99.4,1004.1911,0.0,0,0.0,0.0
1267.0,A,RUNNING,1263.952,6,8,2,8,0.25,20.0,99.4,1003.1911,0.0,0,0.0,0.0
1268.0,A,RUNNING,1264.952,6,8,2,8,0.25,20.0,99.4,1002.1911,0.0,0,0.0,0.0
1269.0,A,RUNNING,1265.952,6,8,2,8,0.25,20.0,99.4,1001.1911,0.0,0,0.0,0.0
1270.0,A,RUNNING,1266.952,6,8,2,8,0.25,20.0,99.4,1000.1911,0.0,0,0.0,0.0
1271.0,A,RUNNING,1267.952,6,8,2,8,0.25,20.0,99.4,999.1911,0.0,0,0.0,0.0
1272.0,A,RUNNING,1268.952,6,8,2,8,0.25,20.0,99.4,998.1911,0.0,0,0.0,0.0
1273.0,A,RUNNING,1269.952,6,8,2,8,0.25,20.0,99.4,997.1911,0.0,0,0.0,0.0
1274.0,A,RUNNING,1270.952,6,8,2,8,0.25,20.0,99.4,996.1911,0.0,0,0.0,0.0
1275.0,A,RUNNING,1271.952,6,8,2,8,0.25,20.0,99.4,995.1911,0.0,0,0.0,0.0
1276.0,A,RUNNING,1272.952,6,8,2,8,0.25,20.0,99.4,994.1911,0.0,0,0.0,0.0
1277.0,A,RUNNING,1273.952,6,8,2,8,0.25,20.0,99.4,993.1911,0.0,0,0.0,0.0
1278.0,A,RUNNING,1274.952,6,8,2,8,0.25,20.0,99.4,992.1911,0.0,0,0.0,0.0
1279.0,A,RUNNING,1275.952,6,8,2,8,0.25,20.0,99.4,991.1911,0.0,0,0.0,0.0
1280.0,A,RUNNING,1276.952,6,8,2,8,0.25,20.0,99.4,990.1911,0.0,0,0.0,0.0
1281.0,A,RUNNING,1277.952,6,8,2,8,0.25,20.0,99.4,989.1911,0.0,0,0.0,0.0
1282.0,A,RUNNING,1278.952,6,8,2,8,0.25,20.0,99.4,988.1911,0.0,0,0.0,0.0
1283.0,A,RUNNING,1279.952,6,8,2,8,0.25,20.0,99.4,987.1911,0.0,0,0.0,0.0
1284.0,A,RUNNING,1280.952,6,8,2,8,0.25,20.0,99.4,986.1911,0.0,0,0.0,0.0
1285.0,A,RUNNING,1281.952,6,8,2,8,0.25,20.0,99.4,985.1911,0.0,0,0.0,0.0
1286.0,A,RUNNING,1282.952,6,8,2,8,0.25,20.0,99.4,984.1911,0.0,0,0.0,0.0
1287.0,A,RUNNING,1283.952,6,8,2,8,0.25,20.0,99.4,983.1911,0.0,0,0.0,0.0
1288.0,A,RUNNING,1284.952,6,8,2,8,0.25,20.0,99.4,982.1911,0.0,0,0.0,0.0
1289.0,A,RUNNING,1285.952,6,8,2,8,0.25,20.0,99.4,981.1911,0.0,0,0.0,0.0
1290.0,A,RUNNING,1286.952,6,8,2,8,0.25,20.0,99.4,980.1911,0.0,0,0.0,0.0
1291.0,A,RUNNING,1287.952,6,8,2,8,0.25,20.0,99.4,979.1911,0.0,0,0.0,0.0
1292.0,A,RUNNING,1288.952,6,8,2,8,0.25,20.0,99.4,978.1911,0.0,0,0.0,0.0
1293.0,A,RUNNING,1289.952,6,8,2,8,0.25,20.0,99.4,977.1911,0.0,0,0.0,0.0
1294.0,A,RUNNING,1290.952,6,8,2,8,0.25,20.0,99.4,976.1911,0.0,0,0.0,0.0
1295.0,A,RUNNING,1291.952,6,8,2,8,0.25,20.0,99.4,975.1911,0.0,0,0.0,0.0
1296.0,A,RUNNING,1292.952,6,8,2,8,0.25,20.0,99.4,974.1911,0.0,0,0.0,0.0
1297.0,A,RUNNING,1293.952,6,8,2,8,0.25,20.0,99.4,973.1911,0.0,0,0.0,0.0
1298.0,A,RUNNING,1294.952,6,8,2,8,0.25,20.0,99.4,972.1911,0.0,0,0.0,0.0
1299.0,A,RUNNING,1295.952,6,8,2,8,0.25,20.0,99.4,971.1911,0.0,0,0.0,0.0
1300.0,A,RUNNING,1296.952,6,8,2,8,0.25,20.0,99.4,970.1911,0.0,0,0.0,0.0
1301.0,A,RUNNING,1297.952,6,8,2,8,0.25,20.0,99.4,969.1911,0.0,0,0.0,0.0
1302.0,A,RUNNING,1298.952,6,8,2,8,0.25,20.0,99.4,968.1911,0.0,0,0.0,0.0
1303.0,A,RUNNING,1299.952,6,8,2,8,0.25,20.0,99.4,967.1911,0.0,0,0.0,0.0
1304.0,A,RUNNING,1300.952,6,8,2,8,0.25,20.0,99.4,966.1911,0.0,0,0.0,0.0
1305.0,A,RUNNING,1301.952,6,8,2,8,0.25,20.0,99.4,965.1911,0.0,0,0.0,0.0
1306.0,A,RUNNING,1302.952,6,8,2,8,0.25,20.0,99.4,964.1911,0.0,0,0.0,0.0
1307.0,A,RUNNING,1303.952,6,8,2,8,0.25,20.0,99.4,963.1911,0.0,0,0.0,0.0
1308.0,A,RUNNING,1304.952,6,8,2,8,0.25,20.0,99.4,962.1911,0.0,0,0.0,0.0
1309.0,A,RUNNING,1305.952,6,8,2,8,0.25,20.0,99.4,961.1911,0.0,0,0.0,0.0
1310.0,A,RUNNING,1306.952,6,8,2,8,0.25,20.0,99.4,960.1911,0.0,0,0.0,0.0
1311.0,A,RUNNING,1307.952,6,8,2,8,0.25,20.0,99.4,959.1911,0.0,0,0.0,0.0
1312.0,A,RUNNING,1308.952,6,8,2,8,0.25,20.0,99.4,958.1911,0.0,0,0.0,0.0
1313.0,A,RUNNING,1309.952,6,8,2,8,0.25,20.0,99.4,957.1911,0.0,0,0.0,0.0
1314.0,A,RUNNING,1310.952,6,8,2,8,0.25,20.0,99.4,956.1911,0.0,0,0.0,0.0
1315.0,A,RUNNING,1311.952,6,8,2,8,0.25,20.0,99.4,955.1911,0.0,0,0.0,0.0
1316.0,A,RUNNING,1312.952,6,8,2,8,0.25,20.0,99.4,954.1911,0.0,0,0.0,0.0
1317.0,A,RUNNING,1313.952,6,8,2,8,0.25,20.0,99.4,953.1911,0.0,0,0.0,0.0
1318.0,A,RUNNING,1314.952,6,8,2,8,0.25,20.0,99.4,952.1911,0.0,0,0.0,0.0
1319.0,A,RUNNING,1315.952,6,8,2,8,0.25,20.0,99.4,951.1911,0.0,0,0.0,0.0
1320.0,A,RUNNING,1316.952,6,8,2,8,0.25,20.0,99.4,950.1911,0.0,0,0.0,0.0
1321.0,A,RUNNING,1317.952,6,8,2,8,0.25,20.0,99.4,949.1911,0.0,0,0.0,0.0
1322.0,A,RUNNING,1318.952,6,8,2,8,0.25,20.0,99.4,948.1911,0.0,0,0.0,0.0
1323.0,A,RUNNING,1319.952,6,8,2,8,0.25,20.0,99.4,947.1911,0.0,0,0.0,0.0
1324.0,A,RUNNING,1320.952,6,8,2,8,0.25,20.0,99.4,946.1911,0.0,0,0.0,0.0
1325.0,A,RUNNING,1321.952,6,8,2,8,0.25,20.0,99.4,945.1911,0.0,0,0.0,0.0
1326.0,A,RUNNING,1322.952,6,8,2,8,0.25,20.0,99.4,944.1911,0.0,0,0.0,0.0
1327.0,A,RUNNING,1323.952,6,8,2,8,0.25,20.0,99.4,943.1911,0.0,0,0.0,0.0
1328.0,A,RUNNING,1324.952,6,8,2,8,0.25,20.0,99.4,942.1911,0.0,0,0.0,0.0
1329.0,A,RUNNING,1325.952,6,8,2,8,0.25,20.0,99.4,941.1911,0.0,0,0.0,0.0
1330.0,A,RUNNING,1326.952,6,8,2,8,0.25,20.0,99.4,940.1911,0.0,0,0.0,0.0
1331.0,A,RUNNING,1327.952,6,8,2,8,0.25,20.0,99.4,939.1911,0.0,0,0.0,0.0
1332.0,A,RUNNING,1328.952,6,8,2,8,0.25,20.0,99.4,938.1911,0.0,0,0.0,0.0
1333.0,A,RUNNING,1329.952,6,8,2,8,0.25,20.0,99.4,937.1911,0.0,0,0.0,0.0
1334.0,A,RUNNING,1330.952,6,8,2,8,0.25,20.0,99.4,936.1911,0.0,0,0.0,0.0
1335.0,A,RUNNING,1331.952,6,8,2,8,0.25,20.0,99.4,935.1911,0.0,0,0.0,0.0
1336.0,A,RUNNING,1332.952,6,8,2,8,0.25,20.0,99.4,934.1911,0.0,0,0.0,0.0
1337.0,A,RUNNING,1333.952,6,8,2,8,0.25,20.0,99.4,933.1911,0.0,0,0.0,0.0
1338.0,A,RUNNING,1334.952,6,8,2,8,0.25,20.0,99.4,932.1911,0.0,0,0.0,0.0
1339.0,A,RUNNING,1335.952,6,8,2,8,0.25,20.0,99.4,931.1911,0.0,0,0.0,0.0
1340.0,A,RUNNING,1336.952,6,8,2,8,0.25,20.0,99.4,930.1911,0.0,0,0.0,0.0
1341.0,A,RUNNING,1337.952,6,8,2,8,0.25,20.0,99.4,929.1911,0.0,0,0.0,0.0
1342.0,A,RUNNING,1338.952,6,8,2,8,0.25,20.0,99.4,928.1911,0.0,0,0.0,0.0
1343.0,A,RUNNING,1339.952,6,8,2,8,0.25,20.0,99.4,927.1911,0.0,0,0.0,0.0
1344.0,A,RUNNING,1340.952,6,8,2,8,0.25,20.0,99.4,926.1911,0.0,0,0.0,0.0
1345.0,A,RUNNING,1341.952,6,8,2,8,0.25,20.0,99.4,925.1911,0.0,0,0.0,0.0
1346.0,A,RUNNING,1342.952,6,8,2,8,0.25,20.0,99.4,924.1911,0.0,0,0.0,0.0
1347.0,A,RUNNING,1343.952,6,8,2,8,0.25,20.0,99.4,923.1911,0.0,0,0.0,0.0
1348.0,A,RUNNING,1344.952,6,8,2,8,0.25,20.0,99.4,922.1911,0.0,0,0.0,0.0
1349.0,A,RUNNING,1345.952,6,8,2,8,0.25,20.0,99.4,921.1911,0.0,0,0.0,0.0
1350.0,A,RUNNING,1346.952,6,8,2,8,0.25,20.0,99.4,920.1911,0.0,0,0.0,0.0
1351.0,A,RUNNING,1347.952,6,8,2,8,0.25,20.0,99.4,919.1911,0.0,0,0.0,0.0
1352.0,A,RUNNING,1348.952,6,8,2,8,0.25,20.0,99.4,918.1911,0.0,0,0.0,0.0
1353.0,A,RUNNING,1349.952,6,8,2,8,0.25,20.0,99.4,917.1911,0.0,0,0.0,0.0
1354.0,A,RUNNING,1350.952,6,8,2,8,0.25,20.0,99.4,916.1911,0.0,0,0.0,0.0
1355.0,A,RUNNING,1351.952,6,8,2,8,0.25,20.0,99.4,915.1911,0.0,0,0.0,0.0
1356.0,A,RUNNING,1352.952,6,8,2,8,0.25,20.0,99.4,914.1911,0.0,0,0.0,0.0
1357.0,A,RUNNING,1353.952,6,8,2,8,0.25,20.0,99.4,913.1911,0.0,0,0.0,0.0
1358.0,A,RUNNING,1354.952,6,8,2,8,0.25,20.0,99.4,912.1911,0.0,0,0.0,0.0
1359.0,A,RUNNING,1355.952,6,8,2,8,0.25,20.0,99.4,911.1911,0.0,0,0.0,0.0
1360.0,A,RUNNING,1356.952,6,8,2,8,0.25,20.0,99.4,910.1911,0.0,0,0.0,0.0
1361.0,A,RUNNING,1357.952,6,8,2,8,0.25,20.0,99.4,909.1911,0.0,0,0.0,0.0
1362.0,A,RUNNING,1358.952,6,8,2,8,0.25,20.0,99.4,908.1911,0.0,0,0.0,0.0
1363.0,A,RUNNING,1359.952,6,8,2,8,0.25,20.0,99.4,907.1911,0.0,0,0.0,0.0
1364.0,A,RUNNING,1360.952,6,8,2,8,0.25,20.0,99.4,906.1911,0.0,0,0.0,0.0
1365.0,A,RUNNING,1361.952,6,8,2,8,0.25,20.0,99.4,905.1911,0.0,0,0.0,0.0
1366.0,A,RUNNING,1362.952,6,8,2,8,0.25,20.0,99.4,904.1911,0.0,0,0.0,0.0
1367.0,A,RUNNING,1363.952,6,8,2,8,0.25,20.0,99.4,903.1911,0.0,0,0.0,0.0
1368.0,A,RUNNING,1364.952,6,8,2,8,0.25,20.0,99.4,902.1911,0.0,0,0.0,0.0
1369.0,A,RUNNING,1365.952,6,8,2,8,0.25,20.0,99.4,901.1911,0.0,0,0.0,0.0
1370.0,A,RUNNING,1366.952,6,8,2,8,0.25,20.0,99.4,900.1911,0.0,0,0.0,0.0
1371.0,A,RUNNING,1367.952,7,8,3,8,0.375,20.0,99.3,910.9591,0.0,0,0.0,0.0
1372.0,A,RUNNING,1368.952,7,8,3,8,0.375,20.0,99.3,909.9591,0.0,0,0.0,0.0
1373.0,A,RUNNING,1369.952,7,8,3,8,0.375,20.0,99.3,908.9591,0.0,0,0.0,0.0
1374.0,A,RUNNING,1370.952,7,8,3,8,0.375,20.0,99.3,907.9591,0.0,0,0.0,0.0
1375.0,A,RUNNING,1371.952,7,8,3,8,0.375,20.0,99.3,906.9591,0.0,0,0.0,0.0
1376.0,A,RUNNING,1372.952,7,8,3,8,0.375,20.0,99.3,905.9591,0.0,0,0.0,0.0
1377.0,A,RUNNING,1373.952,7,8,3,8,0.375,20.0,99.3,904.9591,0.0,0,0.0,0.0
1378.0,A,RUNNING,1374.952,7,8,3,8,0.375,20.0,99.3,903.9591,0.0,0,0.0,0.0
1379.0,A,RUNNING,1375.952,7,8,3,8,0.375,20.0,99.3,902.9591,0.0,0,0.0,0.0
1380.0,A,RUNNING,1376.952,7,8,3,8,0.375,20.0,99.3,901.9591,0.0,0,0.0,0.0
1381.0,A,RUNNING,1377.952,7,8,3,8,0.375,20.0,99.3,900.9591,0.0,0,0.0,0.0
1382.0,A,RUNNING,1378.952,7,8,3,8,0.375,20.0,99.3,899.9591,0.0,0,0.0,0.0
1383.0,A,RUNNING,1379.952,7,8,3,8,0.375,20.0,99.3,898.9591,0.0,0,0.0,0.0
1384.0,A,RUNNING,1380.952,7,8,3,8,0.375,20.0,99.3,897.9591,0.0,0,0.0,0.0
1385.0,A,RUNNING,1381.952,7,8,3,8,0.375,20.0,99.3,896.9591,0.0,0,0.0,0.0
1386.0,A,RUNNING,1382.952,7,8,3,8,0.375,20.0,99.3,895.9591,0.0,0,0.0,0.0
1387.0,A,RUNNING,1383.952,7,8,3,8,0.375,20.0,99.3,894.9591,0.0,0,0.0,0.0
1388.0,A,RUNNING,1384.952,7,8,3,8,0.375,20.0,99.3,893.9591,0.0,0,0.0,0.0
1389.0,A,RUNNING,1385.952,7,8,3,8,0.375,20.0,99.3,892.9591,0.0,0,0.0,0.0
1390.0,A,RUNNING,1386.952,7,8,3,8,0.375,20.0,99.3,891.9591,0.0,0,0.0,0.0
1391.0,A,RUNNING,1387.952,7,8,3,8,0.375,20.0,99.3,890.9591,0.0,0,0.0,0.0
1392.0,A,RUNNING,1388.952,7,8,3,8,0.375,20.0,99.3,889.9591,0.0,0,0.0,0.0
1393.0,A,RUNNING,1389.952,7,8,3,8,0.375,20.0,99.3,888.9591,0.0,0,0.0,0.0
1394.0,A,RUNNING,1390.952,7,8,3,8,0.375,20.0,99.3,887.9591,0.0,0,0.0,0.0
1395.0,A,RUNNING,1391.952,7,8,3,8,0.375,20.0,99.3,886.9591,0.0,0,0.0,0.0
1396.0,A,RUNNING,1392.952,7,8,3,8,0.375,20.0,99.3,885.9591,0.0,0,0.0,0.0
1397.0,A,RUNNING,1393.952,7,8,3,8,0.375,20.0,99.3,884.9591,0.0,0,0.0,0.0
1398.0,A,RUNNING,1394.952,7,8,3,8,0.375,20.0,99.3,883.9591,0.0,0,0.0,0.0
1399.0,A,RUNNING,1395.952,7,8,3,8,0.375,20.0,99.3,882.9591,0.0,0,0.0,0.0
1400.0,A,RUNNING,1396.952,7,8,3,8,0.375,20.0,99.3,881.9591,0.0,0,0.0,0.0
1401.0,A,RUNNING,1397.952,7,8,3,8,0.375,20.0,99.3,880.9591,0.0,0,0.0,0.0
1402.0,A,RUNNING,1398.952,7,8,3,8,0.375,20.0,99.3,879.9591,0.0,0,0.0,0.0
1403.0,A,RUNNING,1399.952,7,8,3,8,0.375,20.0,99.3,878.9591,0.0,0,0.0,0.0
1404.0,A,RUNNING,1400.952,7,8,3,8,0.375,20.0,99.3,877.9591,0.0,0,0.0,0.0
1405.0,A,RUNNING,1401.952,7,8,3,8,0.375,20.0,99.3,876.9591,0.0,0,0.0,0.0
1406.0,A,RUNNING,1402.952,7,8,3,8,0.375,20.0,99.3,875.9591,0.0,0,0.0,0.0
1407.0,A,RUNNING,1403.952,7,8,3,8,0.375,20.0,99.3,874.9591,0.0,0,0.0,0.0
1408.0,A,RUNNING,1404.952,7,8,3,8,0.375,20.0,99.3,873.9591,0.0,0,0.0,0.0
1409.0,A,RUNNING,1405.952,7,8,3,8,0.375,20.0,99.3,872.9591,0.0,0,0.0,0.0
1410.0,A,RUNNING,1406.952,7,8,3,8,0.375,20.0,99.3,871.9591,0.0,0,0.0,0.0
1411.0,A,RUNNING,1407.952,7,8,3,8,0.375,20.0,99.3,870.9591,0.0,0,0.0,0.0
1412.0,A,RUNNING,1408.952,7,8,3,8,0.375,20.0,99.3,869.9591,0.0,0,0.0,0.0
1413.0,A,RUNNING,1409.952,7,8,3,8,0.375,20.0,99.3,868.9591,0.0,0,0.0,0.0
1414.0,A,RUNNING,1410.952,7,8,3,8,0.375,20.0,99.3,867.9591,0.0,0,0.0,0.0
1415.0,A,RUNNING,1411.952,7,8,3,8,0.375,20.0,99.3,866.9591,0.0,0,0.0,0.0
1416.0,A,RUNNING,1412.952,7,8,3,8,0.375,20.0,99.3,865.9591,0.0,0,0.0,0.0
1417.0,A,RUNNING,1413.952,7,8,3,8,0.375,20.0,99.3,864.9591,0.0,0,0.0,0.0
1418.0,A,RUNNING,1414.952,7,8,3,8,0.375,20.0,99.3,863.9591,0.0,0,0.0,0.0
1419.0,A,RUNNING,1415.952,7,8,3,8,0.375,20.0,99.3,862.9591,0.0,0,0.0,0.0
1420.0,A,RUNNING,1416.952,7,8,3,8,0.375,20.0,99.3,861.9591,0.0,0,0.0,0.0
1421.0,A,RUNNING,1417.952,7,8,3,8,0.375,20.0,99.3,860.9591,0.0,0,0.0,0.0
1422.0,A,RUNNING,1418.952,7,8,3,8,0.375,20.0,99.3,859.9591,0.0,0,0.0,0.0
1423.0,A,RUNNING,1419.952,7,8,3,8,0.375,20.0,99.3,858.9591,0.0,0,0.0,0.0
1424.0,A,RUNNING,1420.952,7,8,3,8,0.375,20.0,99.3,857.9591,0.0,0,0.0,0.0
1425.0,A,RUNNING,1421.952,7,8,3,8,0.375,20.0,99.3,856.9591,0.0,0,0.0,0.0
1426.0,A,RUNNING,1422.952,7,8,3,8,0.375,20.0,99.3,855.9591,0.0,0,0.0,0.0
1427.0,A,RUNNING,1423.952,7,8,3,8,0.375,20.0,99.3,854.9591,0.0,0,0.0,0.0
1428.0,A,RUNNING,1424.952,7,8,3,8,0.375,20.0,99.3,853.9591,0.0,0,0.0,0.0
1429.0,A,RUNNING,1425.952,7,8,3,8,0.375,20.0,99.3,852.9591,0.0,0,0.0,0.0
1430.0,A,RUNNING,1426.952,7,8,3,8,0.375,20.0,99.3,851.9591,0.0,0,0.0,0.0
1431.0,A,RUNNING,1427.952,7,8,3,8,0.375,20.0,99.3,850.9591,0.0,0,0.0,0.0
1432.0,A,RUNNING,1428.952,7,8,3,8,0.375,20.0,99.3,849.9591,0.0,0,0.0,0.0
1433.0,A,RUNNING,1429.952,7,8,3,8,0.375,20.0,99.3,848.9591,0.0,0,0.0,0.0
1434.0,A,RUNNING,1430.952,7,8,3,8,0.375,20.0,99.3,847.9591,0.0,0,0.0,0.0
1435.0,A,RUNNING,1431.952,7,8,3,8,0.375,20.0,99.3,846.9591,0.0,0,0.0,0.0
1436.0,A,RUNNING,1432.952,7,8,3,8,0.375,20.0,99.3,845.9591,0.0,0,0.0,0.0
1437.0,A,RUNNING,1433.952,7,8,3,8,0.375,20.0,99.3,844.9591,0.0,0,0.0,0.0
1438.0,A,RUNNING,1434.952,7,8,3,8,0.375,20.0,99.3,843.9591,0.0,0,0.0,0.0
1439.0,A,RUNNING,1435.952,7,8,3,8,0.375,20.0,99.3,842.9591,0.0,0,0.0,0.0
1440.0,A,RUNNING,1436.952,7,8,3,8,0.375,20.0,99.3,841.9591,0.0,0,0.0,0.0
1441.0,A,RUNNING,1437.952,7,8,3,8,0.375,20.0,99.3,840.9591,0.0,0,0.0,0.0
1442.0,A,RUNNING,1438.952,7,8,3,8,0.375,20.0,99.3,839.9591,0.0,0,0.0,0.0
1443.0,A,RUNNING,1439.952,7,8,3,8,0.375,20.0,99.3,838.9591,0.0,0,0.0,0.0
1444.0,A,RUNNING,1440.952,7,8,3,8,0.375,20.0,99.3,837.9591,0.0,0,0.0,0.0
1445.0,A,RUNNING,1441.952,7,8,3,8,0.375,20.0,99.3,836.9591,0.0,0,0.0,0.0
1446.0,A,RUNNING,1442.952,7,8,3,8,0.375,20.0,99.3,835.9591,0.0,0,0.0,0.0
1447.0,A,RUNNING,1443.952,7,8,3,8,0.375,20.0,99.3,834.9591,0.0,0,0.0,0.0
1448.0,A,RUNNING,1444.952,7,8,3,8,0.375,20.0,99.3,833.9591,0.0,0,0.0,0.0
1449.0,A,RUNNING,1445.952,7,8,3,8,0.375,20.0,99.3,832.9591,0.0,0,0.0,0.0
1450.0,A,RUNNING,1446.952,7,8,3,8,0.375,20.0,99.3,831.9591,0.0,0,0.0,0.0
1451.0,A,RUNNING,1447.952,7,8,3,8,0.375,20.0,99.3,830.9591,0.0,0,0.0,0.0
1452.0,A,RUNNING,1448.952,7,8,3,8,0.375,20.0,99.3,829.9591,0.0,0,0.0,0.0
1453.0,A,RUNNING,1449.952,7,8,3,8,0.375,20.0,99.3,828.9591,0.0,0,0.0,0.0
1454.0,A,RUNNING,1450.952,7,8,3,8,0.375,20.0,99.3,827.9591,0.0,0,0.0,0.0
1455.0,A,RUNNING,1451.952,7,8,3,8,0.375,20.0,99.3,826.9591,0.0,0,0.0,0.0
1456.0,A,RUNNING,1452.952,7,8,3,8,0.375,20.0,99.3,825.9591,0.0,0,0.0,0.0
1457.0,A,RUNNING,1453.952,7,8,3,8,0.375,20.0,99.3,824.9591,0.0,0,0.0,0.0
1458.0,A,RUNNING,1454.952,7,8,3,8,0.375,20.0,99.3,823.9591,0.0,0,0.0,0.0
1459.0,A,RUNNING,1455.952,7,8,3,8,0.375,20.0,99.3,822.9591,0.0,0,0.0,0.0
1460.0,A,RUNNING,1456.952,7,8,3,8,0.375,20.0,99.3,821.9591,0.0,0,0.0,0.0
1461.0,A,RUNNING,1457.952,7,8,3,8,0.375,20.0,99.3,820.9591,0.0,0,0.0,0.0
1462.0,A,RUNNING,1458.952,7,8,3,8,0.375,20.0,99.3,819.9591,0.0,0,0.0,0.0
1463.0,A,RUNNING,1459.952,7,8,3,8,0.375,20.0,99.3,818.9591,0.0,0,0.0,0.0
1464.0,A,RUNNING,1460.952,7,8,3,8,0.375,20.0,99.3,817.9591,0.0,0,0.0,0.0
1465.0,A,RUNNING,1461.952,7,8,3,8,0.375,20.0,99.3,816.9591,0.0,0,0.0,0.0
1466.0,A,RUNNING,1462.952,7,8,3,8,0.375,20.0,99.3,815.9591,0.0,0,0.0,0.0
1467.0,A,RUNNING,1463.952,7,8,3,8,0.375,20.0,99.3,814.9591,0.0,0,0.0,0.0
1468.0,A,RUNNING,1464.952,7,8,3,8,0.375,20.0,99.3,813.9591,0.0,0,0.0,0.0
1469.0,A,RUNNING,1465.952,7,8,3,8,0.375,20.0,99.3,812.9591,0.0,0,0.0,0.0
1470.0,A,RUNNING,1466.952,7,8,3,8,0.375,20.0,99.3,811.9591,0.0,0,0.0,0.0
1471.0,A,RUNNING,1467.952,7,8,3,8,0.375,20.0,99.3,810.9591,0.0,0,0.0,0.0
1472.0,A,RUNNING,1468.952,7,8,3,8,0.375,20.0,99.3,809.9591,0.0,0,0.0,0.0
1473.0,A,RUNNING,1469.952,7,8,3,8,0.375,20.0,99.3,808.9591,0.0,0,0.0,0.0
1474.0,A,RUNNING,1470.952,7,8,3,8,0.375,20.0,99.3,807.9591,0.0,0,0.0,0.0
1475.0,A,RUNNING,1471.952,7,8,3,8,0.375,20.0,99.3,806.9591,0.0,0,0.0,0.0
1476.0,A,RUNNING,1472.952,7,8,3,8,0.375,20.0,99.3,805.9591,0.0,0,0.0,0.0
1477.0,A,RUNNING,1473.952,7,8,3,8,0.375,20.0,99.3,804.9591,0.0,0,0.0,0.0
1478.0,A,RUNNING,1474.952,7,8,3,8,0.375,20.0,99.3,803.9591,0.0,0,0.0,0.0
1479.0,A,RUNNING,1475.952,7,8,3,8,0.375,20.0,99.3,802.9591,0.0,0,0.0,0.0
1480.0,A,RUNNING,1476.952,7,8,3,8,0.375,20.0,99.3,801.9591,0.0,0,0.0,0.0
1481.0,A,RUNNING,1477.952,7,8,3,8,0.375,20.0,99.3,800.9591,0.0,0,0.0,0.0
1482.0,A,RUNNING,1478.952,7,8,3,8,0.375,20.0,99.3,799.9591,0.0,0,0.0,0.0
1483.0,A,RUNNING,1479.952,7,8,3,8,0.375,20.0,99.3,798.9591,0.0,0,0.0,0.0
1484.0,A,RUNNING,1480.952,7,8,3,8,0.375,20.0,99.3,797.9591,0.0,0,0.0,0.0
1485.0,A,RUNNING,1481.952,7,8,3,8,0.375,20.0,99.3,796.9591,0.0,0,0.0,0.0
1486.0,A,RUNNING,1482.952,7,8,3,8,0.375,20.0,99.3,795.9591,0.0,0,0.0,0.0
1487.0,A,RUNNING,1483.952,7,8,3,8,0.375,20.0,99.3,794.9591,0.0,0,0.0,0.0
1488.0,A,RUNNING,1484.952,7,8,3,8,0.375,20.0,99.3,793.9591,0.0,0,0.0,0.0
1489.0,A,RUNNING,1485.952,7,8,3,8,0.375,20.0,99.3,792.9591,0.0,0,0.0,0.0
1490.0,A,RUNNING,1486.952,7,8,3,8,0.375,20.0,99.3,791.9591,0.0,0,0.0,0.0
1491.0,A,RUNNING,1487.952,7,8,3,8,0.375,20.0,99.3,790.9591,0.0,0,0.0,0.0
1492.0,A,RUNNING,1488.952,7,8,3,8,0.375,20.0,99.3,789.9591,0.0,0,0.0,0.0
1493.0,A,RUNNING,1489.952,7,8,3,8,0.375,20.0,99.3,788.9591,0.0,0,0.0,0.0
1494.0,A,RUNNING,1490.952,7,8,3,8,0.375,20.0,99.3,787.9591,0.0,0,0.0,0.0
1495.0,A,RUNNING,1491.952,7,8,3,8,0.375,20.0,99.3,786.9591,0.0,0,0.0,0.0
1496.0,A,RUNNING,1492.952,7,8,3,8,0.375,20.0,99.3,785.9591,0.0,0,0.0,0.0
1497.0,A,RUNNING,1493.952,7,8,3,8,0.375,20.0,99.3,784.9591,0.0,0,0.0,0.0
1498.0,A,RUNNING,1494.952,7,8,3,8,0.375,20.0,99.3,783.9591,0.0,0,0.0,0.0
1499.0,A,RUNNING,1495.952,7,8,3,8,0.375,20.0,99.3,782.9591,0.0,0,0.0,0.0
1500.0,A,RUNNING,1496.952,7,8,3,8,0.375,20.0,99.3,781.9591,0.0,0,0.0,0.0
1501.0,A,RUNNING,1497.952,7,8,3,8,0.375,20.0,99.3,780.9591,0.0,0,0.0,0.0
1502.0,A,RUNNING,1498.952,7,8,3,8,0.375,20.0,99.3,779.9591,0.0,0,0.0,0.0
1503.0,A,RUNNING,1499.952,7,8,3,8,0.375,20.0,99.3,778.9591,0.0,0,0.0,0.0
1504.0,A,RUNNING,1500.952,7,8,3,8,0.375,20.0,99.3,777.9591,0.0,0,0.0,0.0
1505.0,A,RUNNING,1501.952,7,8,3,8,0.375,20.0,99.3,776.9591,0.0,0,0.0,0.0
1506.0,A,RUNNING,1502.952,7,8,3,8,0.375,20.0,99.3,775.9591,0.0,0,0.0,0.0
1507.0,A,RUNNING,1503.952,7,8,3,8,0.375,20.0,99.3,774.9591,0.0,0,0.0,0.0
1508.0,A,RUNNING,1504.952,7,8,3,8,0.375,20.0,99.3,773.9591,0.0,0,0.0,0.0
1509.0,A,RUNNING,1505.952,7,8,3,8,0.375,20.0,99.3,772.9591,0.0,0,0.0,0.0
1510.0,A,RUNNING,1506.952,7,8,3,8,0.375,20.0,99.3,771.9591,0.0,0,0.0,0.0
1511.0,A,RUNNING,1507.952,7,8,3,8,0.375,20.0,99.3,770.9591,0.0,0,0.0,0.0
1512.0,A,RUNNING,1508.952,7,8,3,8,0.375,20.0,99.3,769.9591,0.0,0,0.0,0.0
1513.0,A,RUNNING,1509.952,7,8,3,8,0.375,20.0,99.3,768.9591,0.0,0,0.0,0.0
1514.0,A,RUNNING,1510.952,7,8,3,8,0.375,20.0,99.3,767.9591,0.0,0,0.0,0.0
1515.0,A,RUNNING,1511.952,7,8,3,8,0.375,20.0,99.3,766.9591,0.0,0,0.0,0.0
1516.0,A,RUNNING,1512.952,7,8,3,8,0.375,20.0,99.3,765.9591,0.0,0,0.0,0.0
1517.0,A,RUNNING,1513.952,7,8,3,8,0.375,20.0,99.3,764.9591,0.0,0,0.0,0.0
1518.0,A,RUNNING,1514.952,7,8,3,8,0.375,20.0,99.3,763.9591,0.0,0,0.0,0.0
1519.0,A,RUNNING,1515.952,7,8,3,8,0.375,20.0,99.3,762.9591,0.0,0,0.0,0.0
1520.0,A,RUNNING,1516.952,7,8,3,8,0.375,20.0,99.3,761.9591,0.0,0,0.0,0.0
1521.0,A,RUNNING,1517.952,7,8,3,8,0.375,20.0,99.3,760.9591,0.0,0,0.0,0.0
1522.0,A,RUNNING,1518.952,7,8,3,8,0.375,20.0,99.3,759.9591,0.0,0,0.0,0.0
1523.0,A,RUNNING,1519.952,7,8,3,8,0.375,20.0,99.3,758.9591,0.0,0,0.0,0.0
1524.0,A,RUNNING,1520.952,7,8,3,8,0.375,20.0,99.3,757.9591,0.0,0,0.0,0.0
1525.0,A,RUNNING,1521.952,7,8,3,8,0.375,20.0,99.3,756.9591,0.0,0,0.0,0.0
1526.0,A,RUNNING,1522.952,7,8,3,8,0.375,20.0,99.3,755.9591,0.0,0,0.0,0.0
1527.0,A,RUNNING,1523.952,7,8,3,8,0.375,20.0,99.3,754.9591,0.0,0,0.0,0.0
1528.0,A,RUNNING,1524.952,7,8,3,8,0.375,20.0,99.3,753.9591,0.0,0,0.0,0.0
1529.0,A,RUNNING,1525.952,7,8,3,8,0.375,20.0,99.3,752.9591,0.0,0,0.0,0.0
1530.0,A,RUNNING,1526.952,7,8,3,8,0.375,20.0,99.3,751.9591,0.0,0,0.0,0.0
1531.0,A,RUNNING,1527.952,7,8,3,8,0.375,20.0,99.3,750.9591,0.0,0,0.0,0.0
1532.0,A,RUNNING,1528.952,7,8,3,8,0.375,20.0,99.3,749.9591,0.0,0,0.0,0.0
1533.0,A,RUNNING,1529.952,7,8,3,8,0.375,20.0,99.3,748.9591,0.0,0,0.0,0.0
1534.0,A,RUNNING,1530.952,7,8,3,8,0.375,20.0,99.3,747.9591,0.0,0,0.0,0.0
1535.0,A,RUNNING,1531.952,7,8,3,8,0.375,20.0,99.3,746.9591,0.0,0,0.0,0.0
1536.0,A,RUNNING,1532.952,7,8,3,8,0.375,20.0,99.3,745.9591,0.0,0,0.0,0.0
1537.0,A,RUNNING,1533.952,7,8,3,8,0.375,20.0,99.3,744.9591,0.0,0,0.0,0.0
1538.0,A,RUNNING,1534.952,7,8,3,8,0.375,20.0,99.3,743.9591,0.0,0,0.0,0.0
1539.0,A,RUNNING,1535.952,7,8,3,8,0.375,20.0,99.3,742.9591,0.0,0,0.0,0.0
1540.0,A,RUNNING,1536.952,7,8,3,8,0.375,20.0,99.3,741.9591,0.0,0,0.0,0.0
1541.0,A,RUNNING,1537.952,7,8,3,8,0.375,20.0,99.3,740.9591,0.0,0,0.0,0.0
1542.0,A,RUNNING,1538.952,7,8,3,8,0.375,20.0,99.3,739.9591,0.0,0,0.0,0.0
1543.0,A,RUNNING,1539.952,7,8,3,8,0.375,20.0,99.3,738.9591,0.0,0,0.0,0.0
1544.0,A,RUNNING,1540.952,7,8,3,8,0.375,20.0,99.3,737.9591,0.0,0,0.0,0.0
1545.0,A,RUNNING,1541.952,7,8,3,8,0.375,20.0,99.3,736.9591,0.0,0,0.0,0.0
1546.0,A,RUNNING,1542.952,7,8,3,8,0.375,20.0,99.3,735.9591,0.0,0,0.0,0.0
1547.0,A,RUNNING,1543.952,7,8,3,8,0.375,20.0,99.3,734.9591,0.0,0,0.0,0.0
1548.0,A,RUNNING,1544.952,7,8,3,8,0.375,20.0,99.3,733.9591,0.0,0,0.0,0.0
1549.0,A,RUNNING,1545.952,7,8,3,8,0.375,20.0,99.3,732.9591,0.0,0,0.0,0.0
1550.0,A,RUNNING,1546.952,7,8,3,8,0.375,20.0,99.3,731.9591,0.0,0,0.0,0.0
1551.0,A,RUNNING,1547.952,7,8,3,8,0.375,20.0,99.3,730.9591,0.0,0,0.0,0.0
1552.0,A,RUNNING,1548.952,7,8,3,8,0.375,20.0,99.3,729.9591,0.0,0,0.0,0.0
1553.0,A,RUNNING,1549.952,7,8,3,8,0.375,20.0,99.3,728.9591,0.0,0,0.0,0.0
1554.0,A,RUNNING,1550.952,7,8,3,8,0.375,20.0,99.3,727.9591,0.0,0,0.0,0.0
1555.0,A,RUNNING,1551.952,7,8,3,8,0.375,20.0,99.3,726.9591,0.0,0,0.0,0.0
1556.0,A,RUNNING,1552.952,7,8,3,8,0.375,20.0,99.3,725.9591,0.0,0,0.0,0.0
1557.0,A,RUNNING,1553.952,7,8,3,8,0.375,20.0,99.3,724.9591,0.0,0,0.0,0.0
1558.0,A,RUNNING,1554.952,7,8,3,8,0.375,20.0,99.3,723.9591,0.0,0,0.0,0.0
1559.0,A,RUNNING,1555.952,7,8,3,8,0.375,20.0,99.3,722.9591,0.0,0,0.0,0.0
1560.0,A,RUNNING,1556.952,7,8,3,8,0.375,20.0,99.3,721.9591,0.0,0,0.0,0.0
1561.0,A,RUNNING,1557.952,7,8,3,8,0.375,20.0,99.3,720.9591,0.0,0,0.0,0.0
1562.0,A,RUNNING,1558.952,8,8,4,8,0.5,20.0,99.2,722.1728,0.0,0,0.0,0.0
1563.0,A,RUNNING,1559.952,8,8,4,8,0.5,20.0,99.2,721.1728,0.0,0,0.0,0.0
1564.0,A,RUNNING,1560.952,8,8,4,8,0.5,20.0,99.2,720.1728,0.0,0,0.0,0.0
1565.0,A,RUNNING,1561.952,8,8,4,8,0.5,20.0,99.2,719.1728,0.0,0,0.0,0.0
1566.0,A,RUNNING,1562.952,8,8,4,8,0.5,20.0,99.2,718.1728,0.0,0,0.0,0.0
1567.0,A,RUNNING,1563.952,8,8,4,8,0.5,20.0,99.2,717.1728,0.0,0,0.0,0.0
1568.0,A,RUNNING,1564.952,8,8,4,8,0.5,20.0,99.2,716.1728,0.0,0,0.0,0.0
1569.0,A,RUNNING,1565.952,8,8,4,8,0.5,20.0,99.2,715.1728,0.0,0,0.0,0.0
1570.0,A,RUNNING,1566.952,8,8,4,8,0.5,20.0,99.2,714.1728,0.0,0,0.0,0.0
1571.0,A,RUNNING,1567.952,8,8,4,8,0.5,20.0,99.2,713.1728,0.0,0,0.0,0.0
1572.0,A,RUNNING,1568.952,8,8,4,8,0.5,20.0,99.2,712.1728,0.0,0,0.0,0.0
1573.0,A,RUNNING,1569.952,8,8,4,8,0.5,20.0,99.2,711.1728,0.0,0,0.0,0.0
1574.0,A,RUNNING,1570.952,8,8,4,8,0.5,20.0,99.2,710.1728,0.0,0,0.0,0.0
1575.0,A,RUNNING,1571.952,8,8,4,8,0.5,20.0,99.2,709.1728,0.0,0,0.0,0.0
1576.0,A,RUNNING,1572.952,8,8,4,8,0.5,20.0,99.2,708.1728,0.0,0,0.0,0.0
1577.0,A,RUNNING,1573.952,8,8,4,8,0.5,20.0,99.2,707.1728,0.0,0,0.0,0.0
1578.0,A,RUNNING,1574.952,8,8,4,8,0.5,20.0,99.2,706.1728,0.0,0,0.0,0.0
1579.0,A,RUNNING,1575.952,8,8,4,8,0.5,20.0,99.2,705.1728,0.0,0,0.0,0.0
1580.0,A,RUNNING,1576.952,8,8,4,8,0.5,20.0,99.2,704.1728,0.0,0,0.0,0.0
1581.0,A,RUNNING,1577.952,8,8,4,8,0.5,20.0,99.2,703.1728,0.0,0,0.0,0.0
1582.0,A,RUNNING,1578.952,8,8,4,8,0.5,20.0,99.2,702.1728,0.0,0,0.0,0.0
1583.0,A,RUNNING,1579.952,8,8,4,8,0.5,20.0,99.2,701.1728,0.0,0,0.0,0.0
1584.0,A,RUNNING,1580.952,8,8,4,8,0.5,20.0,99.2,700.1728,0.0,0,0.0,0.0
1585.0,A,RUNNING,1581.952,8,8,4,8,0.5,20.0,99.2,699.1728,0.0,0,0.0,0.0
1586.0,A,RUNNING,1582.952,8,8,4,8,0.5,20.0,99.2,698.1728,0.0,0,0.0,0.0
1587.0,A,RUNNING,1583.952,8,8,4,8,0.5,20.0,99.2,697.1728,0.0,0,0.0,0.0
1588.0,A,RUNNING,1584.952,8,8,4,8,0.5,20.0,99.2,696.1728,0.0,0,0.0,0.0
1589.0,A,RUNNING,1585.952,8,8,4,8,0.5,20.0,99.2,695.1728,0.0,0,0.0,0.0
1590.0,A,RUNNING,1586.952,8,8,4,8,0.5,20.0,99.2,694.1728,0.0,0,0.0,0.0
1591.0,A,RUNNING,1587.952,8,8,4,8,0.5,20.0,99.2,693.1728,0.0,0,0.0,0.0
1592.0,A,RUNNING,1588.952,8,8,4,8,0.5,20.0,99.2,692.1728,0.0,0,0.0,0.0
1593.0,A,RUNNING,1589.952,8,8,4,8,0.5,20.0,99.2,691.1728,0.0,0,0.0,0.0
1594.0,A,RUNNING,1590.952,8,8,4,8,0.5,20.0,99.2,690.1728,0.0,0,0.0,0.0
1595.0,A,RUNNING,1591.952,8,8,4,8,0.5,20.0,99.2,689.1728,0.0,0,0.0,0.0
1596.0,A,RUNNING,1592.952,8,8,4,8,0.5,20.0,99.2,688.1728,0.0,0,0.0,0.0
1597.0,A,RUNNING,1593.952,8,8,4,8,0.5,20.0,99.2,687.1728,0.0,0,0.0,0.0
1598.0,A,RUNNING,1594.952,8,8,4,8,0.5,20.0,99.2,686.1728,0.0,0,0.0,0.0
1599.0,A,RUNNING,1595.952,8,8,4,8,0.5,20.0,99.2,685.1728,0.0,0,0.0,0.0
1600.0,A,RUNNING,1596.952,8,8,4,8,0.5,20.0,99.2,684.1728,0.0,0,0.0,0.0
1601.0,A,RUNNING,1597.952,8,8,4,8,0.5,20.0,99.2,683.1728,0.0,0,0.0,0.0
1602.0,A,RUNNING,1598.952,8,8,4,8,0.5,20.0,99.2,682.1728,0.0,0,0.0,0.0
1603.0,A,RUNNING,1599.952,8,8,4,8,0.5,20.0,99.2,681.1728,0.0,0,0.0,0.0
1604.0,A,RUNNING,1600.952,8,8,4,8,0.5,20.0,99.2,680.1728,0.0,0,0.0,0.0
1605.0,A,RUNNING,1601.952,8,8,4,8,0.5,20.0,99.2,679.1728,0.0,0,0.0,0.0
1606.0,A,RUNNING,1602.952,8,8,4,8,0.5,20.0,99.2,678.1728,0.0,0,0.0,0.0
1607.0,A,RUNNING,1603.952,8,8,4,8,0.5,20.0,99.2,677.1728,0.0,0,0.0,0.0
1608.0,A,RUNNING,1604.952,8,8,4,8,0.5,20.0,99.2,676.1728,0.0,0,0.0,0.0
1609.0,A,RUNNING,1605.952,8,8,4,8,0.5,20.0,99.2,675.1728,0.0,0,0.0,0.0
1610.0,A,RUNNING,1606.952,8,8,4,8,0.5,20.0,99.2,674.1728,0.0,0,0.0,0.0
1611.0,A,RUNNING,1607.952,8,8,4,8,0.5,20.0,99.2,673.1728,0.0,0,0.0,0.0
1612.0,A,RUNNING,1608.952,8,8,4,8,0.5,20.0,99.2,672.1728,0.0,0,0.0,0.0
1613.0,A,RUNNING,1609.952,8,8,4,8,0.5,20.0,99.2,671.1728,0.0,0,0.0,0.0
1614.0,A,RUNNING,1610.952,8,8,4,8,0.5,20.0,99.2,670.1728,0.0,0,0.0,0.0
1615.0,A,RUNNING,1611.952,8,8,4,8,0.5,20.0,99.2,669.1728,0.0,0,0.0,0.0
1616.0,A,RUNNING,1612.952,8,8,4,8,0.5,20.0,99.2,668.1728,0.0,0,0.0,0.0
1617.0,A,RUNNING,1613.952,8,8,4,8,0.5,20.0,99.2,667.1728,0.0,0,0.0,0.0
1618.0,A,RUNNING,1614.952,8,8,4,8,0.5,20.0,99.2,666.1728,0.0,0,0.0,0.0
1619.0,A,RUNNING,1615.952,8,8,4,8,0.5,20.0,99.2,665.1728,0.0,0,0.0,0.0
1620.0,A,RUNNING,1616.952,8,8,4,8,0.5,20.0,99.2,664.1728,0.0,0,0.0,0.0
1621.0,A,RUNNING,1617.952,8,8,4,8,0.5,20.0,99.2,663.1728,0.0,0,0.0,0.0
1622.0,A,RUNNING,1618.952,8,8,4,8,0.5,20.0,99.2,662.1728,0.0,0,0.0,0.0
1623.0,A,RUNNING,1619.952,8,8,4,8,0.5,20.0,99.2,661.1728,0.0,0,0.0,0.0
1624.0,A,RUNNING,1620.952,8,8,4,8,0.5,20.0,99.2,660.1728,0.0,0,0.0,0.0
1625.0,A,RUNNING,1621.952,8,8,4,8,0.5,20.0,99.2,659.1728,0.0,0,0.0,0.0
1626.0,A,RUNNING,1622.952,8,8,4,8,0.5,20.0,99.2,658.1728,0.0,0,0.0,0.0
1627.0,A,RUNNING,1623.952,8,8,4,8,0.5,20.0,99.2,657.1728,0.0,0,0.0,0.0
1628.0,A,RUNNING,1624.952,8,8,4,8,0.5,20.0,99.2,656.1728,0.0,0,0.0,0.0
1629.0,A,RUNNING,1625.952,8,8,4,8,0.5,20.0,99.2,655.1728,0.0,0,0.0,0.0
1630.0,A,RUNNING,1626.952,8,8,4,8,0.5,20.0,99.2,654.1728,0.0,0,0.0,0.0
1631.0,A,RUNNING,1627.952,8,8,4,8,0.5,20.0,99.2,653.1728,0.0,0,0.0,0.0
1632.0,A,RUNNING,1628.952,8,8,4,8,0.5,20.0,99.2,652.1728,0.0,0,0.0,0.0
1633.0,A,RUNNING,1629.952,8,8,4,8,0.5,20.0,99.2,651.1728,0.0,0,0.0,0.0
1634.0,A,RUNNING,1630.952,8,8,4,8,0.5,20.0,99.2,650.1728,0.0,0,0.0,0.0
1635.0,A,RUNNING,1631.952,8,8,4,8,0.5,20.0,99.2,649.1728,0.0,0,0.0,0.0
1636.0,A,RUNNING,1632.952,8,8,4,8,0.5,20.0,99.2,648.1728,0.0,0,0.0,0.0
1637.0,A,RUNNING,1633.952,8,8,4,8,0.5,20.0,99.2,647.1728,0.0,0,0.0,0.0
1638.0,A,RUNNING,1634.952,8,8,4,8,0.5,20.0,99.2,646.1728,0.0,0,0.0,0.0
1639.0,A,RUNNING,1635.952,8,8,4,8,0.5,20.0,99.2,645.1728,0.0,0,0.0,0.0
1640.0,A,RUNNING,1636.952,8,8,4,8,0.5,20.0,99.2,644.1728,0.0,0,0.0,0.0
1641.0,A,RUNNING,1637.952,8,8,4,8,0.5,20.0,99.2,643.1728,0.0,0,0.0,0.0
1642.0,A,RUNNING,1638.952,8,8,4,8,0.5,20.0,99.2,642.1728,0.0,0,0.0,0.0
1643.0,A,RUNNING,1639.952,8,8,4,8,0.5,20.0,99.2,641.1728,0.0,0,0.0,0.0
1644.0,A,RUNNING,1640.952,8,8,4,8,0.5,20.0,99.2,640.1728,0.0,0,0.0,0.0
1645.0,A,RUNNING,1641.952,8,8,4,8,0.5,20.0,99.2,639.1728,0.0,0,0.0,0.0
1646.0,A,RUNNING,1642.952,8,8,4,8,0.5,20.0,99.2,638.1728,0.0,0,0.0,0.0
1647.0,A,RUNNING,1643.952,8,8,4,8,0.5,20.0,99.2,637.1728,0.0,0,0.0,0.0
1648.0,A,RUNNING,1644.952,8,8,4,8,0.5,20.0,99.2,636.1728,0.0,0,0.0,0.0
1649.0,A,RUNNING,1645.952,8,8,4,8,0.5,20.0,99.2,635.1728,0.0,0,0.0,0.0
1650.0,A,RUNNING,1646.952,8,8,4,8,0.5,20.0,99.2,634.1728,0.0,0,0.0,0.0
1651.0,A,RUNNING,1647.952,8,8,4,8,0.5,20.0,99.2,633.1728,0.0,0,0.0,0.0
1652.0,A,RUNNING,1648.952,8,8,4,8,0.5,20.0,99.2,632.1728,0.0,0,0.0,0.0
1653.0,A,RUNNING,1649.952,8,8,4,8,0.5,20.0,99.2,631.1728,0.0,0,0.0,0.0
1654.0,A,RUNNING,1650.952,8,8,4,8,0.5,20.0,99.2,630.1728,0.0,0,0.0,0.0
1655.0,A,RUNNING,1651.952,8,8,4,8,0.5,20.0,99.2,629.1728,0.0,0,0.0,0.0
1656.0,A,RUNNING,1652.952,8,8,4,8,0.5,20.0,99.2,628.1728,0.0,0,0.0,0.0
1657.0,A,RUNNING,1653.952,8,8,4,8,0.5,20.0,99.2,627.1728,0.0,0,0.0,0.0
1658.0,A,RUNNING,1654.952,8,8,4,8,0.5,20.0,99.2,626.1728,0.0,0,0.0,0.0
1659.0,A,RUNNING,1655.952,8,8,4,8,0.5,20.0,99.2,625.1728,0.0,0,0.0,0.0
1660.0,A,RUNNING,1656.952,8,8,4,8,0.5,20.0,99.2,624.1728,0.0,0,0.0,0.0
1661.0,A,RUNNING,1657.952,8,8,4,8,0.5,20.0,99.2,623.1728,0.0,0,0.0,0.0
1662.0,A,RUNNING,1658.952,8,8,4,8,0.5,20.0,99.2,622.1728,0.0,0,0.0,0.0
1663.0,A,RUNNING,1659.952,8,8,4,8,0.5,20.0,99.2,621.1728,0.0,0,0.0,0.0
1664.0,A,RUNNING,1660.952,8,8,4,8,0.5,20.0,99.2,620.1728,0.0,0,0.0,0.0
1665.0,A,RUNNING,1661.952,8,8,4,8,0.5,20.0,99.2,619.1728,0.0,0,0.0,0.0
1666.0,A,RUNNING,1662.952,8,8,4,8,0.5,20.0,99.2,618.1728,0.0,0,0.0,0.0
1667.0,A,RUNNING,1663.952,8,8,4,8,0.5,20.0,99.2,617.1728,0.0,0,0.0,0.0
1668.0,A,RUNNING,1664.952,8,8,4,8,0.5,20.0,99.2,616.1728,0.0,0,0.0,0.0
1669.0,A,RUNNING,1665.952,8,8,4,8,0.5,20.0,99.2,615.1728,0.0,0,0.0,0.0
1670.0,A,RUNNING,1666.952,8,8,4,8,0.5,20.0,99.2,614.1728,0.0,0,0.0,0.0
1671.0,A,RUNNING,1667.952,8,8,4,8,0.5,20.0,99.2,613.1728,0.0,0,0.0,0.0
1672.0,A,RUNNING,1668.952,8,8,4,8,0.5,20.0,99.2,612.1728,0.0,0,0.0,0.0
1673.0,A,RUNNING,1669.952,8,8,4,8,0.5,20.0,99.2,611.1728,0.0,0,0.0,0.0
1674.0,A,RUNNING,1670.952,8,8,4,8,0.5,20.0,99.2,610.1728,0.0,0,0.0,0.0
1675.0,A,RUNNING,1671.952,8,8,4,8,0.5,20.0,99.2,609.1728,0.0,0,0.0,0.0
1676.0,A,RUNNING,1672.952,8,8,4,8,0.5,20.0,99.2,608.1728,0.0,0,0.0,0.0
1677.0,A,RUNNING,1673.952,8,8,4,8,0.5,20.0,99.2,607.1728,0.0,0,0.0,0.0
1678.0,A,RUNNING,1674.952,8,8,4,8,0.5,20.0,99.2,606.1728,0.0,0,0.0,0.0
1679.0,A,RUNNING,1675.952,8,8,4,8,0.5,20.0,99.2,605.1728,0.0,0,0.0,0.0
1680.0,A,RUNNING,1676.952,8,8,4,8,0.5,20.0,99.2,604.1728,0.0,0,0.0,0.0
1681.0,A,RUNNING,1677.952,8,8,4,8,0.5,20.0,99.2,603.1728,0.0,0,0.0,0.0
1682.0,A,RUNNING,1678.952,8,8,4,8,0.5,20.0,99.2,602.1728,0.0,0,0.0,0.0
1683.0,A,RUNNING,1679.952,8,8,4,8,0.5,20.0,99.2,601.1728,0.0,0,0.0,0.0
1684.0,A,RUNNING,1680.952,8,8,4,8,0.5,20.0,99.2,600.1728,0.0,0,0.0,0.0
1685.0,A,RUNNING,1681.952,8,8,4,8,0.5,20.0,99.2,599.1728,0.0,0,0.0,0.0
1686.0,A,RUNNING,1682.952,8,8,4,8,0.5,20.0,99.2,598.1728,0.0,0,0.0,0.0
1687.0,A,RUNNING,1683.952,8,8,4,8,0.5,20.0,99.2,597.1728,0.0,0,0.0,0.0
1688.0,A,RUNNING,1684.952,8,8,4,8,0.5,20.0,99.2,596.1728,0.0,0,0.0,0.0
1689.0,A,RUNNING,1685.952,8,8,4,8,0.5,20.0,99.2,595.1728,0.0,0,0.0,0.0
1690.0,A,RUNNING,1686.952,8,8,4,8,0.5,20.0,99.2,594.1728,0.0,0,0.0,0.0
1691.0,A,RUNNING,1687.952,8,8,4,8,0.5,20.0,99.2,593.1728,0.0,0,0.0,0.0
1692.0,A,RUNNING,1688.952,8,8,4,8,0.5,20.0,99.2,592.1728,0.0,0,0.0,0.0
1693.0,A,RUNNING,1689.952,8,8,4,8,0.5,20.0,99.2,591.1728,0.0,0,0.0,0.0
1694.0,A,RUNNING,1690.952,8,8,4,8,0.5,20.0,99.2,590.1728,0.0,0,0.0,0.0
1695.0,A,RUNNING,1691.952,8,8,4,8,0.5,20.0,99.2,589.1728,0.0,0,0.0,0.0
1696.0,A,RUNNING,1692.952,8,8,4,8,0.5,20.0,99.2,588.1728,0.0,0,0.0,0.0
1697.0,A,RUNNING,1693.952,8,8,4,8,0.5,20.0,99.2,587.1728,0.0,0,0.0,0.0
1698.0,A,RUNNING,1694.952,8,8,4,8,0.5,20.0,99.2,586.1728,0.0,0,0.0,0.0
1699.0,A,RUNNING,1695.952,8,8,4,8,0.5,20.0,99.2,585.1728,0.0,0,0.0,0.0
1700.0,A,RUNNING,1696.952,8,8,4,8,0.5,20.0,99.2,584.1728,0.0,0,0.0,0.0
1701.0,A,RUNNING,1697.952,8,8,4,8,0.5,20.0,99.2,583.1728,0.0,0,0.0,0.0
1702.0,A,RUNNING,1698.952,8,8,4,8,0.5,20.0,99.2,582.1728,0.0,0,0.0,0.0
1703.0,A,RUNNING,1699.952,8,8,4,8,0.5,20.0,99.2,581.1728,0.0,0,0.0,0.0
1704.0,A,RUNNING,1700.952,8,8,4,8,0.5,20.0,99.2,580.1728,0.0,0,0.0,0.0
1705.0,A,RUNNING,1701.952,8,8,4,8,0.5,20.0,99.2,579.1728,0.0,0,0.0,0.0
1706.0,A,RUNNING,1702.952,8,8,4,8,0.5,20.0,99.2,578.1728,0.0,0,0.0,0.0
1707.0,A,RUNNING,1703.952,8,8,4,8,0.5,20.0,99.2,577.1728,0.0,0,0.0,0.0
1708.0,A,RUNNING,1704.952,8,8,4,8,0.5,20.0,99.2,576.1728,0.0,0,0.0,0.0
1709.0,A,RUNNING,1705.952,8,8,4,8,0.5,20.0,99.2,575.1728,0.0,0,0.0,0.0
1710.0,A,RUNNING,1706.952,8,8,4,8,0.5,20.0,99.2,574.1728,0.0,0,0.0,0.0
1711.0,A,RUNNING,1707.952,8,8,4,8,0.5,20.0,99.2,573.1728,0.0,0,0.0,0.0
1712.0,A,RUNNING,1708.952,8,8,4,8,0.5,20.0,99.2,572.1728,0.0,0,0.0,0.0
1713.0,A,RUNNING,1709.952,8,8,4,8,0.5,20.0,99.2,571.1728,0.0,0,0.0,0.0
1714.0,A,RUNNING,1710.952,8,8,4,8,0.5,20.0,99.2,570.1728,0.0,0,0.0,0.0
1715.0,A,RUNNING,1711.952,8,8,4,8,0.5,20.0,99.2,569.1728,0.0,0,0.0,0.0
1716.0,A,RUNNING,1712.952,8,8,4,8,0.5,20.0,99.2,568.1728,0.0,0,0.0,0.0
1717.0,A,RUNNING,1713.952,8,8,4,8,0.5,20.0,99.2,567.1728,0.0,0,0.0,0.0
1718.0,A,RUNNING,1714.952,8,8,4,8,0.5,20.0,99.2,566.1728,0.0,0,0.0,0.0
1719.0,A,RUNNING,1715.952,8,8,4,8,0.5,20.0,99.2,565.1728,0.0,0,0.0,0.0
1720.0,A,RUNNING,1716.952,8,8,4,8,0.5,20.0,99.2,564.1728,0.0,0,0.0,0.0
1721.0,A,RUNNING,1717.952,8,8,4,8,0.5,20.0,99.2,563.1728,0.0,0,0.0,0.0
1722.0,A,RUNNING,1718.952,8,8,4,8,0.5,20.0,99.2,562.1728,0.0,0,0.0,0.0
1723.0,A,RUNNING,1719.952,8,8,4,8,0.5,20.0,99.2,561.1728,0.0,0,0.0,0.0
1724.0,A,RUNNING,1720.952,8,8,4,8,0.5,20.0,99.2,560.1728,0.0,0,0.0,0.0
1725.0,A,RUNNING,1721.952,8,8,4,8,0.5,20.0,99.2,559.1728,0.0,0,0.0,0.0
1726.0,A,RUNNING,1722.952,8,8,4,8,0.5,20.0,99.2,558.1728,0.0,0,0.0,0.0
1727.0,A,RUNNING,1723.952,8,8,4,8,0.5,20.0,99.2,557.1728,0.0,0,0.0,0.0
1728.0,A,RUNNING,1724.952,8,8,4,8,0.5,20.0,99.2,556.1728,0.0,0,0.0,0.0
1729.0,A,RUNNING,1725.952,8,8,4,8,0.5,20.0,99.2,555.1728,0.0,0,0.0,0.0
1730.0,A,RUNNING,1726.952,8,8,4,8,0.5,20.0,99.2,554.1728,0.0,0,0.0,0.0
1731.0,A,RUNNING,1727.952,8,8,4,8,0.5,20.0,99.2,553.1728,0.0,0,0.0,0.0
1732.0,A,RUNNING,1728.952,8,8,4,8,0.5,20.0,99.2,552.1728,0.0,0,0.0,0.0
1733.0,A,RUNNING,1729.952,8,8,4,8,0.5,20.0,99.2,551.1728,0.0,0,0.0,0.0
1734.0,A,RUNNING,1730.952,8,8,4,8,0.5,20.0,99.2,550.1728,0.0,0,0.0,0.0
1735.0,A,RUNNING,1731.952,8,8,4,8,0.5,20.0,99.2,549.1728,0.0,0,0.0,0.0
1736.0,A,RUNNING,1732.952,8,8,4,8,0.5,20.0,99.2,548.1728,0.0,0,0.0,0.0
1737.0,A,RUNNING,1733.952,8,8,4,8,0.5,20.0,99.2,547.1728,0.0,0,0.0,0.0
1738.0,A,RUNNING,1734.952,8,8,4,8,0.5,20.0,99.2,546.1728,0.0,0,0.0,0.0
1739.0,A,RUNNING,1735.952,8,8,4,8,0.5,20.0,99.2,545.1728,0.0,0,0.0,0.0
1740.0,A,RUNNING,1736.952,8,8,4,8,0.5,20.0,99.2,544.1728,0.0,0,0.0,0.0
1741.0,A,RUNNING,1737.952,8,8,4,8,0.5,20.0,99.2,543.1728,0.0,0,0.0,0.0
1742.0,A,RUNNING,1738.952,8,8,4,8,0.5,20.0,99.2,542.1728,0.0,0,0.0,0.0
1743.0,A,RUNNING,1739.952,8,8,4,8,0.5,20.0,99.2,541.1728,0.0,0,0.0,0.0
1744.0,A,RUNNING,1740.952,8,8,4,8,0.5,20.0,99.2,540.1728,0.0,0,0.0,0.0
1745.0,A,RUNNING,1741.952,9,8,5,8,0.625,20.0,99.1,546.9422,0.0,0,0.0,0.0
1746.0,A,RUNNING,1742.952,9,8,5,8,0.625,20.0,99.1,545.9422,0.0,0,0.0,0.0
1747.0,A,RUNNING,1743.952,9,8,5,8,0.625,20.0,99.1,544.9422,0.0,0,0.0,0.0
1748.0,A,RUNNING,1744.952,9,8,5,8,0.625,20.0,99.1,543.9422,0.0,0,0.0,0.0
1749.0,A,RUNNING,1745.952,9,8,5,8,0.625,20.0,99.1,542.9422,0.0,0,0.0,0.0
1750.0,A,RUNNING,1746.952,9,8,5,8,0.625,20.0,99.1,541.9422,0.0,0,0.0,0.0
1751.0,A,RUNNING,1747.952,9,8,5,8,0.625,20.0,99.1,540.9422,0.0,0,0.0,0.0
1752.0,A,RUNNING,1748.952,9,8,5,8,0.625,20.0,99.1,539.9422,0.0,0,0.0,0.0
1753.0,A,RUNNING,1749.952,9,8,5,8,0.625,20.0,99.1,538.9422,0.0,0,0.0,0.0
1754.0,A,RUNNING,1750.952,9,8,5,8,0.625,20.0,99.1,537.9422,0.0,0,0.0,0.0
1755.0,A,RUNNING,1751.952,9,8,5,8,0.625,20.0,99.1,536.9422,0.0,0,0.0,0.0
1756.0,A,RUNNING,1752.952,9,8,5,8,0.625,20.0,99.1,535.9422,0.0,0,0.0,0.0
1757.0,A,RUNNING,1753.952,9,8,5,8,0.625,20.0,99.1,534.9422,0.0,0,0.0,0.0
1758.0,A,RUNNING,1754.952,9,8,5,8,0.625,20.0,99.1,533.9422,0.0,0,0.0,0.0
1759.0,A,RUNNING,1755.952,9,8,5,8,0.625,20.0,99.1,532.9422,0.0,0,0.0,0.0
1760.0,A,RUNNING,1756.952,9,8,5,8,0.625,20.0,99.1,531.9422,0.0,0,0.0,0.0
1761.0,A,RUNNING,1757.952,9,8,5,8,0.625,20.0,99.1,530.9422,0.0,0,0.0,0.0
1762.0,A,RUNNING,1758.952,9,8,5,8,0.625,20.0,99.1,529.9422,0.0,0,0.0,0.0
1763.0,A,RUNNING,1759.952,9,8,5,8,0.625,20.0,99.1,528.9422,0.0,0,0.0,0.0
1764.0,A,RUNNING,1760.952,9,8,5,8,0.625,20.0,99.1,527.9422,0.0,0,0.0,0.0
1765.0,A,RUNNING,1761.952,9,8,5,8,0.625,20.0,99.1,526.9422,0.0,0,0.0,0.0
1766.0,A,RUNNING,1762.952,9,8,5,8,0.625,20.0,99.1,525.9422,0.0,0,0.0,0.0
1767.0,A,RUNNING,1763.952,9,8,5,8,0.625,20.0,99.1,524.9422,0.0,0,0.0,0.0
1768.0,A,RUNNING,1764.952,9,8,5,8,0.625,20.0,99.1,523.9422,0.0,0,0.0,0.0
1769.0,A,RUNNING,1765.952,9,8,5,8,0.625,20.0,99.1,522.9422,0.0,0,0.0,0.0
1770.0,A,RUNNING,1766.952,9,8,5,8,0.625,20.0,99.1,521.9422,0.0,0,0.0,0.0
1771.0,A,RUNNING,1767.952,9,8,5,8,0.625,20.0,99.1,520.9422,0.0,0,0.0,0.0
1772.0,A,RUNNING,1768.952,9,8,5,8,0.625,20.0,99.1,519.9422,0.0,0,0.0,0.0
1773.0,A,RUNNING,1769.952,9,8,5,8,0.625,20.0,99.1,518.9422,0.0,0,0.0,0.0
1774.0,A,RUNNING,1770.952,9,8,5,8,0.625,20.0,99.1,517.9422,0.0,0,0.0,0.0
1775.0,A,RUNNING,1771.952,9,8,5,8,0.625,20.0,99.1,516.9422,0.0,0,0.0,0.0
1776.0,A,RUNNING,1772.952,9,8,5,8,0.625,20.0,99.1,515.9422,0.0,0,0.0,0.0
1777.0,A,RUNNING,1773.952,9,8,5,8,0.625,20.0,99.1,514.9422,0.0,0,0.0,0.0
1778.0,A,RUNNING,1774.952,9,8,5,8,0.625,20.0,99.1,513.9422,0.0,0,0.0,0.0
1779.0,A,RUNNING,1775.952,9,8,5,8,0.625,20.0,99.1,512.9422,0.0,0,0.0,0.0
1780.0,A,RUNNING,1776.952,9,8,5,8,0.625,20.0,99.1,511.9422,0.0,0,0.0,0.0
1781.0,A,RUNNING,1777.952,9,8,5,8,0.625,20.0,99.1,510.9422,0.0,0,0.0,0.0
1782.0,A,RUNNING,1778.952,9,8,5,8,0.625,20.0,99.1,509.9422,0.0,0,0.0,0.0
1783.0,A,RUNNING,1779.952,9,8,5,8,0.625,20.0,99.1,508.9422,0.0,0,0.0,0.0
1784.0,A,RUNNING,1780.952,9,8,5,8,0.625,20.0,99.1,507.9422,0.0,0,0.0,0.0
1785.0,A,RUNNING,1781.952,9,8,5,8,0.625,20.0,99.1,506.9422,0.0,0,0.0,0.0
1786.0,A,RUNNING,1782.952,9,8,5,8,0.625,20.0,99.1,505.9422,0.0,0,0.0,0.0
1787.0,A,RUNNING,1783.952,9,8,5,8,0.625,20.0,99.1,504.9422,0.0,0,0.0,0.0
1788.0,A,RUNNING,1784.952,9,8,5,8,0.625,20.0,99.1,503.9422,0.0,0,0.0,0.0
1789.0,A,RUNNING,1785.952,9,8,5,8,0.625,20.0,99.1,502.9422,0.0,0,0.0,0.0
1790.0,A,RUNNING,1786.952,9,8,5,8,0.625,20.0,99.1,501.9422,0.0,0,0.0,0.0
1791.0,A,RUNNING,1787.952,9,8,5,8,0.625,20.0,99.1,500.9422,0.0,0,0.0,0.0
1792.0,A,RUNNING,1788.952,9,8,5,8,0.625,20.0,99.1,499.9422,0.0,0,0.0,0.0
1793.0,A,RUNNING,1789.952,9,8,5,8,0.625,20.0,99.1,498.9422,0.0,0,0.0,0.0
1794.0,A,RUNNING,1790.952,9,8,5,8,0.625,20.0,99.1,497.9422,0.0,0,0.0,0.0
1795.0,A,RUNNING,1791.952,9,8,5,8,0.625,20.0,99.1,496.9422,0.0,0,0.0,0.0
1796.0,A,RUNNING,1792.952,9,8,5,8,0.625,20.0,99.1,495.9422,0.0,0,0.0,0.0
1797.0,A,RUNNING,1793.952,9,8,5,8,0.625,20.0,99.1,494.9422,0.0,0,0.0,0.0
1798.0,A,RUNNING,1794.952,9,8,5,8,0.625,20.0,99.1,493.9422,0.0,0,0.0,0.0
1799.0,A,RUNNING,1795.952,9,8,5,8,0.625,20.0,99.1,492.9422,0.0,0,0.0,0.0
1800.0,A,RUNNING,1796.952,9,8,5,8,0.625,20.0,99.1,491.9422,0.0,0,0.0,0.0
1801.0,A,RUNNING,1797.952,9,8,5,8,0.625,20.0,99.1,490.9422,0.0,0,0.0,0.0
1802.0,A,RUNNING,1798.952,9,8,5,8,0.625,20.0,99.1,489.9422,0.0,0,0.0,0.0
1803.0,A,RUNNING,1799.952,9,8,5,8,0.625,20.0,99.1,488.9422,0.0,0,0.0,0.0
1804.0,A,RUNNING,1800.952,9,8,5,8,0.625,20.0,99.1,487.9422,0.0,0,0.0,0.0
1805.0,A,RUNNING,1801.952,9,8,5,8,0.625,20.0,99.1,486.9422,0.0,0,0.0,0.0
1806.0,A,RUNNING,1802.952,9,8,5,8,0.625,20.0,99.1,485.9422,0.0,0,0.0,0.0
1807.0,A,RUNNING,1803.952,9,8,5,8,0.625,20.0,99.1,484.9422,0.0,0,0.0,0.0
1808.0,A,RUNNING,1804.952,9,8,5,8,0.625,20.0,99.1,483.9422,0.0,0,0.0,0.0
1809.0,A,RUNNING,1805.952,9,8,5,8,0.625,20.0,99.1,482.9422,0.0,0,0.0,0.0
1810.0,A,RUNNING,1806.952,9,8,5,8,0.625,20.0,99.1,481.9422,0.0,0,0.0,0.0
1811.0,A,RUNNING,1807.952,9,8,5,8,0.625,20.0,99.1,480.9422,0.0,0,0.0,0.0
1812.0,A,RUNNING,1808.952,9,8,5,8,0.625,20.0,99.1,479.9422,0.0,0,0.0,0.0
1813.0,A,RUNNING,1809.952,9,8,5,8,0.625,20.0,99.1,478.9422,0.0,0,0.0,0.0
1814.0,A,RUNNING,1810.952,9,8,5,8,0.625,20.0,99.1,477.9422,0.0,0,0.0,0.0
1815.0,A,RUNNING,1811.952,9,8,5,8,0.625,20.0,99.1,476.9422,0.0,0,0.0,0.0
1816.0,A,RUNNING,1812.952,9,8,5,8,0.625,20.0,99.1,475.9422,0.0,0,0.0,0.0
1817.0,A,RUNNING,1813.952,9,8,5,8,0.625,20.0,99.1,474.9422,0.0,0,0.0,0.0
1818.0,A,RUNNING,1814.952,9,8,5,8,0.625,20.0,99.1,473.9422,0.0,0,0.0,0.0
1819.0,A,RUNNING,1815.952,9,8,5,8,0.625,20.0,99.1,472.9422,0.0,0,0.0,0.0
1820.0,A,RUNNING,1816.952,9,8,5,8,0.625,20.0,99.1,471.9422,0.0,0,0.0,0.0
1821.0,A,RUNNING,1817.952,9,8,5,8,0.625,20.0,99.1,470.9422,0.0,0,0.0,0.0
1822.0,A,RUNNING,1818.952,9,8,5,8,0.625,20.0,99.1,469.9422,0.0,0,0.0,0.0
1823.0,A,RUNNING,1819.952,9,8,5,8,0.625,20.0,99.1,468.9422,0.0,0,0.0,0.0
1824.0,A,RUNNING,1820.952,9,8,5,8,0.625,20.0,99.1,467.9422,0.0,0,0.0,0.0
1825.0,A,RUNNING,1821.952,9,8,5,8,0.625,20.0,99.1,466.9422,0.0,0,0.0,0.0
1826.0,A,RUNNING,1822.952,9,8,5,8,0.625,20.0,99.1,465.9422,0.0,0,0.0,0.0
1827.0,A,RUNNING,1823.952,9,8,5,8,0.625,20.0,99.1,464.9422,0.0,0,0.0,0.0
1828.0,A,RUNNING,1824.952,9,8,5,8,0.625,20.0,99.1,463.9422,0.0,0,0.0,0.0
1829.0,A,RUNNING,1825.952,9,8,5,8,0.625,20.0,99.1,462.9422,0.0,0,0.0,0.0
1830.0,A,RUNNING,1826.952,9,8,5,8,0.625,20.0,99.1,461.9422,0.0,0,0.0,0.0
1831.0,A,RUNNING,1827.952,9,8,5,8,0.625,20.0,99.1,460.9422,0.0,0,0.0,0.0
1832.0,A,RUNNING,1828.952,9,8,5,8,0.625,20.0,99.1,459.9422,0.0,0,0.0,0.0
1833.0,A,RUNNING,1829.952,9,8,5,8,0.625,20.0,99.1,458.9422,0.0,0,0.0,0.0
1834.0,A,RUNNING,1830.952,9,8,5,8,0.625,20.0,99.1,457.9422,0.0,0,0.0,0.0
1835.0,A,RUNNING,1831.952,9,8,5,8,0.625,20.0,99.1,456.9422,0.0,0,0.0,0.0
1836.0,A,RUNNING,1832.952,9,8,5,8,0.625,20.0,99.1,455.9422,0.0,0,0.0,0.0
1837.0,A,RUNNING,1833.952,9,8,5,8,0.625,20.0,99.1,454.9422,0.0,0,0.0,0.0
1838.0,A,RUNNING,1834.952,9,8,5,8,0.625,20.0,99.1,453.9422,0.0,0,0.0,0.0
1839.0,A,RUNNING,1835.952,9,8,5,8,0.625,20.0,99.1,452.9422,0.0,0,0.0,0.0
1840.0,A,RUNNING,1836.952,9,8,5,8,0.625,20.0,99.1,451.9422,0.0,0,0.0,0.0
1841.0,A,RUNNING,1837.952,9,8,5,8,0.625,20.0,99.1,450.9422,0.0,0,0.0,0.0
1842.0,A,RUNNING,1838.952,9,8,5,8,0.625,20.0,99.1,449.9422,0.0,0,0.0,0.0
1843.0,A,RUNNING,1839.952,9,8,5,8,0.625,20.0,99.1,448.9422,0.0,0,0.0,0.0
1844.0,A,RUNNING,1840.952,9,8,5,8,0.625,20.0,99.1,447.9422,0.0,0,0.0,0.0
1845.0,A,RUNNING,1841.952,9,8,5,8,0.625,20.0,99.1,446.9422,0.0,0,0.0,0.0
1846.0,A,RUNNING,1842.952,9,8,5,8,0.625,20.0,99.1,445.9422,0.0,0,0.0,0.0
1847.0,A,RUNNING,1843.952,9,8,5,8,0.625,20.0,99.1,444.9422,0.0,0,0.0,0.0
1848.0,A,RUNNING,1844.952,9,8,5,8,0.625,20.0,99.1,443.9422,0.0,0,0.0,0.0
1849.0,A,RUNNING,1845.952,9,8,5,8,0.625,20.0,99.1,442.9422,0.0,0,0.0,0.0
1850.0,A,RUNNING,1846.952,9,8,5,8,0.625,20.0,99.1,441.9422,0.0,0,0.0,0.0
1851.0,A,RUNNING,1847.952,9,8,5,8,0.625,20.0,99.1,440.9422,0.0,0,0.0,0.0
1852.0,A,RUNNING,1848.952,9,8,5,8,0.625,20.0,99.1,439.9422,0.0,0,0.0,0.0
1853.0,A,RUNNING,1849.952,9,8,5,8,0.625,20.0,99.1,438.9422,0.0,0,0.0,0.0
1854.0,A,RUNNING,1850.952,9,8,5,8,0.625,20.0,99.1,437.9422,0.0,0,0.0,0.0
1855.0,A,RUNNING,1851.952,9,8,5,8,0.625,20.0,99.1,436.9422,0.0,0,0.0,0.0
1856.0,A,RUNNING,1852.952,9,8,5,8,0.625,20.0,99.1,435.9422,0.0,0,0.0,0.0
1857.0,A,RUNNING,1853.952,9,8,5,8,0.625,20.0,99.1,434.9422,0.0,0,0.0,0.0
1858.0,A,RUNNING,1854.952,9,8,5,8,0.625,20.0,99.1,433.9422,0.0,0,0.0,0.0
1859.0,A,RUNNING,1855.952,9,8,5,8,0.625,20.0,99.1,432.9422,0.0,0,0.0,0.0
1860.0,A,RUNNING,1856.952,9,8,5,8,0.625,20.0,99.1,431.9422,0.0,0,0.0,0.0
1861.0,A,RUNNING,1857.952,9,8,5,8,0.625,20.0,99.1,430.9422,0.0,0,0.0,0.0
1862.0,A,RUNNING,1858.952,9,8,5,8,0.625,20.0,99.1,429.9422,0.0,0,0.0,0.0
1863.0,A,RUNNING,1859.952,9,8,5,8,0.625,20.0,99.1,428.9422,0.0,0,0.0,0.0
1864.0,A,RUNNING,1860.952,9,8,5,8,0.625,20.0,99.1,427.9422,0.0,0,0.0,0.0
1865.0,A,RUNNING,1861.952,9,8,5,8,0.625,20.0,99.1,426.9422,0.0,0,0.0,0.0
1866.0,A,RUNNING,1862.952,9,8,5,8,0.625,20.0,99.1,425.9422,0.0,0,0.0,0.0
1867.0,A,RUNNING,1863.952,9,8,5,8,0.625,20.0,99.1,424.9422,0.0,0,0.0,0.0
1868.0,A,RUNNING,1864.952,9,8,5,8,0.625,20.0,99.1,423.9422,0.0,0,0.0,0.0
1869.0,A,RUNNING,1865.952,9,8,5,8,0.625,20.0,99.1,422.9422,0.0,0,0.0,0.0
1870.0,A,RUNNING,1866.952,9,8,5,8,0.625,20.0,99.1,421.9422,0.0,0,0.0,0.0
1871.0,A,RUNNING,1867.952,9,8,5,8,0.625,20.0,99.1,420.9422,0.0,0,0.0,0.0
1872.0,A,RUNNING,1868.952,9,8,5,8,0.625,20.0,99.1,419.9422,0.0,0,0.0,0.0
1873.0,A,RUNNING,1869.952,9,8,5,8,0.625,20.0,99.1,418.9422,0.0,0,0.0,0.0
1874.0,A,RUNNING,1870.952,9,8,5,8,0.625,20.0,99.1,417.9422,0.0,0,0.0,0.0
1875.0,A,RUNNING,1871.952,9,8,5,8,0.625,20.0,99.1,416.9422,0.0,0,0.0,0.0
1876.0,A,RUNNING,1872.952,9,8,5,8,0.625,20.0,99.1,415.9422,0.0,0,0.0,0.0
1877.0,A,RUNNING,1873.952,9,8,5,8,0.625,20.0,99.1,414.9422,0.0,0,0.0,0.0
1878.0,A,RUNNING,1874.952,9,8,5,8,0.625,20.0,99.1,413.9422,0.0,0,0.0,0.0
1879.0,A,RUNNING,1875.952,9,8,5,8,0.625,20.0,99.1,412.9422,0.0,0,0.0,0.0
1880.0,A,RUNNING,1876.952,9,8,5,8,0.625,20.0,99.1,411.9422,0.0,0,0.0,0.0
1881.0,A,RUNNING,1877.952,9,8,5,8,0.625,20.0,99.1,410.9422,0.0,0,0.0,0.0
1882.0,A,RUNNING,1878.952,9,8,5,8,0.625,20.0,99.1,409.9422,0.0,0,0.0,0.0
1883.0,A,RUNNING,1879.952,9,8,5,8,0.625,20.0,99.1,408.9422,0.0,0,0.0,0.0
1884.0,A,RUNNING,1880.952,9,8,5,8,0.625,20.0,99.1,407.9422,0.0,0,0.0,0.0
1885.0,A,RUNNING,1881.952,9,8,5,8,0.625,20.0,99.1,406.9422,0.0,0,0.0,0.0
1886.0,A,RUNNING,1882.952,9,8,5,8,0.625,20.0,99.1,405.9422,0.0,0,0.0,0.0
1887.0,A,RUNNING,1883.952,9,8,5,8,0.625,20.0,99.1,404.9422,0.0,0,0.0,0.0
1888.0,A,RUNNING,1884.952,9,8,5,8,0.625,20.0,99.1,403.9422,0.0,0,0.0,0.0
1889.0,A,RUNNING,1885.952,9,8,5,8,0.625,20.0,99.1,402.9422,0.0,0,0.0,0.0
1890.0,A,RUNNING,1886.952,9,8,5,8,0.625,20.0,99.1,401.9422,0.0,0,0.0,0.0
1891.0,A,RUNNING,1887.952,9,8,5,8,0.625,20.0,99.1,400.9422,0.0,0,0.0,0.0
1892.0,A,RUNNING,1888.952,9,8,5,8,0.625,20.0,99.1,399.9422,0.0,0,0.0,0.0
1893.0,A,RUNNING,1889.952,9,8,5,8,0.625,20.0,99.1,398.9422,0.0,0,0.0,0.0
1894.0,A,RUNNING,1890.952,9,8,5,8,0.625,20.0,99.1,397.9422,0.0,0,0.0,0.0
1895.0,A,RUNNING,1891.952,9,8,5,8,0.625,20.0,99.1,396.9422,0.0,0,0.0,0.0
1896.0,A,RUNNING,1892.952,9,8,5,8,0.625,20.0,99.1,395.9422,0.0,0,0.0,0.0
1897.0,A,RUNNING,1893.952,9,8,5,8,0.625,20.0,99.1,394.9422,0.0,0,0.0,0.0
1898.0,A,RUNNING,1894.952,9,8,5,8,0.625,20.0,99.1,393.9422,0.0,0,0.0,0.0
1899.0,A,RUNNING,1895.952,9,8,5,8,0.625,20.0,99.1,392.9422,0.0,0,0.0,0.0
1900.0,A,RUNNING,1896.952,9,8,5,8,0.625,20.0,99.1,391.9422,0.0,0,0.0,0.0
1901.0,A,RUNNING,1897.952,9,8,5,8,0.625,20.0,99.1,390.9422,0.0,0,0.0,0.0
1902.0,A,RUNNING,1898.952,9,8,5,8,0.625,20.0,99.1,389.9422,0.0,0,0.0,0.0
1903.0,A,RUNNING,1899.952,9,8,5,8,0.625,20.0,99.1,388.9422,0.0,0,0.0,0.0
1904.0,A,RUNNING,1900.952,9,8,5,8,0.625,20.0,99.1,387.9422,0.0,0,0.0,0.0
1905.0,A,RUNNING,1901.952,9,8,5,8,0.625,20.0,99.1,386.9422,0.0,0,0.0,0.0
1906.0,A,RUNNING,1902.952,9,8,5,8,0.625,20.0,99.1,385.9422,0.0,0,0.0,0.0
1907.0,A,RUNNING,1903.952,9,8,5,8,0.625,20.0,99.1,384.9422,0.0,0,0.0,0.0
1908.0,A,RUNNING,1904.952,9,8,5,8,0.625,20.0,99.1,383.9422,0.0,0,0.0,0.0
1909.0,A,RUNNING,1905.952,9,8,5,8,0.625,20.0,99.1,382.9422,0.0,0,0.0,0.0
1910.0,A,RUNNING,1906.952,9,8,5,8,0.625,20.0,99.1,381.9422,0.0,0,0.0,0.0
1911.0,A,RUNNING,1907.952,9,8,5,8,0.625,20.0,99.1,380.9422,0.0,0,0.0,0.0
1912.0,A,RUNNING,1908.952,9,8,5,8,0.625,20.0,99.1,379.9422,0.0,0,0.0,0.0
1913.0,A,RUNNING,1909.952,9,8,5,8,0.625,20.0,99.1,378.9422,0.0,0,0.0,0.0
1914.0,A,RUNNING,1910.952,9,8,5,8,0.625,20.0,99.1,377.9422,0.0,0,0.0,0.0
1915.0,A,RUNNING,1911.952,9,8,5,8,0.625,20.0,99.1,376.9422,0.0,0,0.0,0.0
1916.0,A,RUNNING,1912.952,9,8,5,8,0.625,20.0,99.1,375.9422,0.0,0,0.0,0.0
1917.0,A,RUNNING,1913.952,9,8,5,8,0.625,20.0,99.1,374.9422,0.0,0,0.0,0.0
1918.0,A,RUNNING,1914.952,9,8,5,8,0.625,20.0,99.1,373.9422,0.0,0,0.0,0.0
1919.0,A,RUNNING,1915.952,9,8,5,8,0.625,20.0,99.1,372.9422,0.0,0,0.0,0.0
1920.0,A,RUNNING,1916.952,9,8,5,8,0.625,20.0,99.1,371.9422,0.0,0,0.0,0.0
1921.0,A,RUNNING,1917.952,9,8,5,8,0.625,20.0,99.1,370.9422,0.0,0,0.0,0.0
1922.0,A,RUNNING,1918.952,9,8,5,8,0.625,20.0,99.1,369.9422,0.0,0,0.0,0.0
1923.0,A,RUNNING,1919.952,9,8,5,8,0.625,20.0,99.1,368.9422,0.0,0,0.0,0.0
1924.0,A,RUNNING,1920.952,9,8,5,8,0.625,20.0,99.1,367.9422,0.0,0,0.0,0.0
1925.0,A,RUNNING,1921.952,9,8,5,8,0.625,20.0,99.1,366.9422,0.0,0,0.0,0.0
1926.0,A,RUNNING,1922.952,9,8,5,8,0.625,20.0,99.1,365.9422,0.0,0,0.0,0.0
1927.0,A,RUNNING,1923.952,9,8,5,8,0.625,20.0,99.1,364.9422,0.0,0,0.0,0.0
1928.0,A,RUNNING,1924.952,9,8,5,8,0.625,20.0,99.1,363.9422,0.0,0,0.0,0.0
1929.0,A,RUNNING,1925.952,9,8,5,8,0.625,20.0,99.1,362.9422,0.0,0,0.0,0.0
1930.0,A,RUNNING,1926.952,9,8,5,8,0.625,20.0,99.1,361.9422,0.0,0,0.0,0.0
1931.0,A,RUNNING,1927.952,9,8,5,8,0.625,20.0,99.1,360.9422,0.0,0,0.0,0.0
1932.0,A,RUNNING,1928.952,10,8,6,8,0.75,20.0,99.0,331.6311,0.0,0,0.0,0.0
1933.0,A,RUNNING,1929.952,10,8,6,8,0.75,20.0,99.0,330.6311,0.0,0,0.0,0.0
1934.0,A,RUNNING,1930.952,10,8,6,8,0.75,20.0,99.0,329.6311,0.0,0,0.0,0.0
1935.0,A,RUNNING,1931.952,10,8,6,8,0.75,20.0,99.0,328.6311,0.0,0,0.0,0.0
1936.0,A,RUNNING,1932.952,10,8,6,8,0.75,20.0,99.0,327.6311,0.0,0,0.0,0.0
1937.0,A,RUNNING,1933.952,10,8,6,8,0.75,20.0,99.0,326.6311,0.0,0,0.0,0.0
1938.0,A,RUNNING,1934.952,10,8,6,8,0.75,20.0,99.0,325.6311,0.0,0,0.0,0.0
1939.0,A,RUNNING,1935.952,10,8,6,8,0.75,20.0,99.0,324.6311,0.0,0,0.0,0.0
1940.0,A,RUNNING,1936.952,10,8,6,8,0.75,20.0,99.0,323.6311,0.0,0,0.0,0.0
1941.0,A,RUNNING,1937.952,10,8,6,8,0.75,20.0,99.0,322.6311,0.0,0,0.0,0.0
1942.0,A,RUNNING,1938.952,10,8,6,8,0.75,20.0,99.0,321.6311,0.0,0,0.0,0.0
1943.0,A,RUNNING,1939.952,10,8,6,8,0.75,20.0,99.0,320.6311,0.0,0,0.0,0.0
1944.0,A,RUNNING,1940.952,10,8,6,8,0.75,20.0,99.0,319.6311,0.0,0,0.0,0.0
1945.0,A,RUNNING,1941.952,10,8,6,8,0.75,20.0,99.0,318.6311,0.0,0,0.0,0.0
1946.0,A,RUNNING,1942.952,10,8,6,8,0.75,20.0,99.0,317.6311,0.0,0,0.0,0.0
1947.0,A,RUNNING,1943.952,10,8,6,8,0.75,20.0,99.0,316.6311,0.0,0,0.0,0.0
1948.0,A,RUNNING,1944.952,10,8,6,8,0.75,20.0,99.0,315.6311,0.0,0,0.0,0.0
1949.0,A,RUNNING,1945.952,10,8,6,8,0.75,20.0,99.0,314.6311,0.0,0,0.0,0.0
1950.0,A,RUNNING,1946.952,10,8,6,8,0.75,20.0,99.0,313.6311,0.0,0,0.0,0.0
1951.0,A,RUNNING,1947.952,10,8,6,8,0.75,20.0,99.0,312.6311,0.0,0,0.0,0.0
1952.0,A,RUNNING,1948.952,10,8,6,8,0.75,20.0,99.0,311.6311,0.0,0,0.0,0.0
1953.0,A,RUNNING,1949.952,10,8,6,8,0.75,20.0,99.0,310.6311,0.0,0,0.0,0.0
1954.0,A,RUNNING,1950.952,10,8,6,8,0.75,20.0,99.0,309.6311,0.0,0,0.0,0.0
1955.0,A,RUNNING,1951.952,10,8,6,8,0.75,20.0,99.0,308.6311,0.0,0,0.0,0.0
1956.0,A,RUNNING,1952.952,10,8,6,8,0.75,20.0,99.0,307.6311,0.0,0,0.0,0.0
1957.0,A,RUNNING,1953.952,10,8,6,8,0.75,20.0,99.0,306.6311,0.0,0,0.0,0.0
1958.0,A,RUNNING,1954.952,10,8,6,8,0.75,20.0,99.0,305.6311,0.0,0,0.0,0.0
1959.0,A,RUNNING,1955.952,10,8,6,8,0.75,20.0,99.0,304.6311,0.0,0,0.0,0.0
1960.0,A,RUNNING,1956.952,10,8,6,8,0.75,20.0,99.0,303.6311,0.0,0,0.0,0.0
1961.0,A,RUNNING,1957.952,10,8,6,8,0.75,20.0,99.0,302.6311,0.0,0,0.0,0.0
1962.0,A,RUNNING,1958.952,10,8,6,8,0.75,20.0,99.0,301.6311,0.0,0,0.0,0.0
1963.0,A,RUNNING,1959.952,10,8,6,8,0.75,20.0,99.0,300.6311,0.0,0,0.0,0.0
1964.0,A,RUNNING,1960.952,10,8,6,8,0.75,20.0,99.0,299.6311,0.0,0,0.0,0.0
1965.0,A,RUNNING,1961.952,10,8,6,8,0.75,20.0,99.0,298.6311,0.0,0,0.0,0.0
1966.0,A,RUNNING,1962.952,10,8,6,8,0.75,20.0,99.0,297.6311,0.0,0,0.0,0.0
1967.0,A,RUNNING,1963.952,10,8,6,8,0.75,20.0,99.0,296.6311,0.0,0,0.0,0.0
1968.0,A,RUNNING,1964.952,10,8,6,8,0.75,20.0,99.0,295.6311,0.0,0,0.0,0.0
1969.0,A,RUNNING,1965.952,10,8,6,8,0.75,20.0,99.0,294.6311,0.0,0,0.0,0.0
1970.0,A,RUNNING,1966.952,10,8,6,8,0.75,20.0,99.0,293.6311,0.0,0,0.0,0.0
1971.0,A,RUNNING,1967.952,10,8,6,8,0.75,20.0,99.0,292.6311,0.0,0,0.0,0.0
1972.0,A,RUNNING,1968.952,10,8,6,8,0.75,20.0,99.0,291.6311,0.0,0,0.0,0.0
1973.0,A,RUNNING,1969.952,10,8,6,8,0.75,20.0,99.0,290.6311,0.0,0,0.0,0.0
1974.0,A,RUNNING,1970.952,10,8,6,8,0.75,20.0,99.0,289.6311,0.0,0,0.0,0.0
1975.0,A,RUNNING,1971.952,10,8,6,8,0.75,20.0,99.0,288.6311,0.0,0,0.0,0.0
1976.0,A,RUNNING,1972.952,10,8,6,8,0.75,20.0,99.0,287.6311,0.0,0,0.0,0.0
1977.0,A,RUNNING,1973.952,10,8,6,8,0.75,20.0,99.0,286.6311,0.0,0,0.0,0.0
1978.0,A,RUNNING,1974.952,10,8,6,8,0.75,20.0,99.0,285.6311,0.0,0,0.0,0.0
1979.0,A,RUNNING,1975.952,10,8,6,8,0.75,20.0,99.0,284.6311,0.0,0,0.0,0.0
1980.0,A,RUNNING,1976.952,10,8,6,8,0.75,20.0,99.0,283.6311,0.0,0,0.0,0.0
1981.0,A,RUNNING,1977.952,10,8,6,8,0.75,20.0,99.0,282.6311,0.0,0,0.0,0.0
1982.0,A,RUNNING,1978.952,10,8,6,8,0.75,20.0,99.0,281.6311,0.0,0,0.0,0.0
1983.0,A,RUNNING,1979.952,10,8,6,8,0.75,20.0,99.0,280.6311,0.0,0,0.0,0.0
1984.0,A,RUNNING,1980.952,10,8,6,8,0.75,20.0,99.0,279.6311,0.0,0,0.0,0.0
1985.0,A,RUNNING,1981.952,10,8,6,8,0.75,20.0,99.0,278.6311,0.0,0,0.0,0.0
