ts,run_id,order_id,activity,state,battery_percent,temperature_c,condition_percent,payload_kg,motor_load,speed,distance_delta_m,cumulative_distance_m,cumulative_energy_wh,cumulative_charged_wh
4.0,run_20260917_174825,,idle,idle,99.993,22.0,100.0,0.0,0.0,0.0,0.0,0.0,0.0016,0.0
5.0,run_20260917_174825,,idle,idle,99.985,22.0,100.0,0.0,0.0,0.0,0.0,0.0,0.0032,0.0
6.0,run_20260917_174825,,idle,idle,99.978,22.0,100.0,0.0,0.0,0.0,0.0,0.0,0.0049,0.0
7.0,run_20260917_174825,,idle,idle,99.97,22.0,100.0,0.0,0.0,0.0,0.0,0.0,0.0066,0.0
8.0,run_20260917_174825,,idle,idle,99.963,22.0,100.0,0.0,0.0,0.0,0.0,0.0,0.0082,0.0
9.0,run_20260917_174825,,idle,idle,99.955,22.0,100.0,0.0,0.0,0.0,0.0,0.0,0.0099,0.0
10.0,run_20260917_174825,,idle,idle,99.947,22.0,100.0,0.0,0.0,0.0,0.0,0.0,0.0116,0.0
11.0,run_20260917_174825,,idle,idle,99.94,22.0,100.0,0.0,0.0,0.0,0.0,0.0,0.0132,0.0
12.0,run_20260917_174825,,waiting,waiting,99.932,22.0,100.0,0.0,0.0,0.0,0.0,0.0,0.0149,0.0
13.0,run_20260917_174825,,waiting,waiting,99.925,22.0,100.0,0.0,0.0,0.0,0.0,0.0,0.0166,0.0
14.0,run_20260917_174825,,waiting,waiting,99.917,22.0,100.0,0.0,0.0,0.0,0.0,0.0,0.0182,0.0
15.0,run_20260917_174825,,waiting,waiting,99.91,22.0,100.0,0.0,0.0,0.0,0.0,0.0,0.0199,0.0
16.0,run_20260917_174825,,waiting,waiting,99.902,22.0,100.0,0.0,0.0,0.0,0.0,0.0,0.0216,0.0
17.0,run_20260917_174825,,driving,driving,99.894,22.0,100.0,0.0,0.0,0.0,0.0,0.0,0.0232,0.0
18.0,run_20260917_174825,,driving,driving,99.881,22.031,100.0,0.0,0.83,0.463,0.2584,0.258,0.0262,0.0
19.0,run_20260917_174825,,driving,driving,99.863,22.064,100.0,0.0,0.897,0.5,0.476,0.734,0.0302,0.0
20.0,run_20260917_174825,,driving,driving,99.844,22.097,100.0,0.0,0.893,0.498,0.4971,1.232,0.0344,0.0
21.0,run_20260917_174825,,driving,driving,99.825,22.129,100.0,0.0,0.884,0.493,0.4982,1.73,0.0385,0.0
22.0,run_20260917_174825,,driving,driving,99.806,22.162,100.0,0.0,0.875,0.488,0.4968,2.227,0.0427,0.0
23.0,run_20260917_174825,,driving,driving,99.788,22.194,100.0,0.0,0.885,0.493,0.4752,2.702,0.0467,0.0
24.0,run_20260917_174825,,driving,driving,99.769,22.226,99.999,0.0,0.85,0.474,0.4808,3.183,0.0508,0.0
25.0,run_20260917_174825,,driving,driving,99.75,22.256,99.999,0.0,0.833,0.464,0.489,3.672,0.0549,0.0
26.0,run_20260917_174825,,driving,driving,99.732,22.289,99.999,0.0,0.897,0.5,0.4877,4.159,0.059,0.0
27.0,run_20260917_174825,,driving,driving,99.713,22.322,99.999,0.0,0.891,0.496,0.4897,4.649,0.0631,0.0
28.0,run_20260917_174825,,driving,driving,99.694,22.354,99.999,0.0,0.881,0.491,0.4832,5.132,0.0672,0.0
29.0,run_20260917_174825,,driving,driving,99.676,22.387,99.999,0.0,0.891,0.496,0.4973,5.63,0.0714,0.0
30.0,run_20260917_174825,,driving,driving,99.657,22.419,99.999,0.0,0.881,0.491,0.4895,6.119,0.0755,0.0
31.008,run_20260917_174825,,driving,driving,99.638,22.451,99.999,0.0,0.887,0.494,0.4982,6.617,0.0797,0.0
32.0,run_20260917_174825,,driving,driving,99.619,22.484,99.999,0.0,0.897,0.5,0.4844,7.102,0.0837,0.0
33.0,run_20260917_174825,,driving,driving,99.6,22.516,99.999,0.0,0.897,0.5,0.5032,7.605,0.0879,0.0
34.0,run_20260917_174825,,driving,driving,99.581,22.549,99.999,0.0,0.897,0.5,0.5039,8.109,0.0921,0.0
35.0,run_20260917_174825,,driving,driving,99.562,22.582,99.999,0.0,0.895,0.499,0.503,8.612,0.0963,0.0
36.004,run_20260917_174825,,driving,driving,99.543,22.614,99.999,0.0,0.897,0.5,0.5024,9.114,0.1005,0.0
37.0,run_20260917_174825,,driving,driving,99.525,22.646,99.999,0.0,0.888,0.495,0.4835,9.598,0.1046,0.0
38.0,run_20260917_174825,,driving,driving,99.506,22.679,99.999,0.0,0.896,0.499,0.5027,10.1,0.1087,0.0
39.0,run_20260917_174825,,driving,driving,99.487,22.711,99.999,0.0,0.897,0.5,0.5006,10.601,0.1129,0.0
40.0,run_20260917_174825,,driving,driving,99.468,22.744,99.999,0.0,0.897,0.5,0.5025,11.103,0.1171,0.0
41.0,run_20260917_174825,,driving,driving,99.449,22.776,99.999,0.0,0.896,0.499,0.484,11.587,0.1212,0.0
42.0,run_20260917_174825,,driving,driving,99.43,22.808,99.999,0.0,0.893,0.497,0.503,12.09,0.1254,0.0
43.0,run_20260917_174825,,driving,driving,99.411,22.84,99.999,0.0,0.888,0.495,0.4999,12.59,0.1295,0.0
44.0,run_20260917_174825,,driving,driving,99.392,22.872,99.999,0.0,0.897,0.5,0.4995,13.09,0.1337,0.0
45.0,run_20260917_174825,,driving,driving,99.374,22.905,99.999,0.0,0.895,0.499,0.483,13.573,0.1378,0.0
46.0,run_20260917_174825,,driving,driving,99.355,22.936,99.999,0.0,0.891,0.496,0.4984,14.071,0.1419,0.0
47.0,run_20260917_174825,,driving,driving,99.336,22.964,99.999,0.0,0.781,0.435,0.4923,14.563,0.1461,0.0
48.0,run_20260917_174825,,driving,driving,99.32,22.983,99.999,0.0,0.529,0.295,0.3625,14.926,0.1495,0.0
49.0,run_20260917_174825,,loading,loading,99.312,22.982,99.998,0.0,0.0,0.0,0.0504,14.976,0.1514,0.0
50.0,run_20260917_174825,,loading,loading,99.304,22.981,99.998,0.0,0.0,0.0,0.0,14.976,0.1531,0.0
51.0,run_20260917_174825,,loading,loading,99.296,22.98,99.998,0.0,0.0,0.0,0.0,14.976,0.1548,0.0
52.004,run_20260917_174825,,loading,loading,99.289,22.979,99.998,0.0,0.0,0.0,0.0,14.976,0.1565,0.0
53.0,run_20260917_174825,,loading,loading,99.281,22.977,99.998,0.0,0.0,0.0,0.0,14.976,0.1581,0.0
54.0,run_20260917_174825,,loading,loading,99.274,22.976,99.998,0.0,0.0,0.0,0.0,14.976,0.1598,0.0
55.0,run_20260917_174825,,loading,loading,99.266,22.975,99.998,0.0,0.0,0.0,0.0,14.976,0.1614,0.0
56.0,run_20260917_174825,,loading,loading,99.259,22.974,99.998,0.0,0.0,0.0,0.0,14.976,0.1631,0.0
57.0,run_20260917_174825,,loading,loading,99.251,22.973,99.998,0.0,0.0,0.0,0.0,14.976,0.1648,0.0
58.0,run_20260917_174825,,loading,loading,99.243,22.972,99.998,0.0,0.0,0.0,0.0,14.976,0.1664,0.0
59.008,run_20260917_174825,,loading,loading,99.236,22.971,99.998,0.0,0.0,0.0,0.0,14.976,0.1681,0.0
60.0,run_20260917_174825,,loading,loading,99.228,22.97,99.998,0.0,0.0,0.0,0.0,14.976,0.1698,0.0
61.0,run_20260917_174825,,loading,loading,99.221,22.969,99.998,0.0,0.0,0.0,0.0,14.976,0.1714,0.0
62.0,run_20260917_174825,,loading,loading,99.213,22.968,99.998,0.0,0.0,0.0,0.0,14.976,0.1731,0.0
63.0,run_20260917_174825,,loading,loading,99.206,22.967,99.998,0.0,0.0,0.0,0.0,14.976,0.1748,0.0
64.0,run_20260917_174825,,loading,loading,99.198,22.966,99.998,0.0,0.0,0.0,0.0,14.976,0.1764,0.0
65.0,run_20260917_174825,,loading,loading,99.19,22.965,99.998,0.0,0.0,0.0,0.0,14.976,0.1781,0.0
66.0,run_20260917_174825,,loading,loading,99.183,22.964,99.998,0.0,0.0,0.0,0.0,14.976,0.1798,0.0
67.0,run_20260917_174825,,loading,loading,99.175,22.963,99.998,0.0,0.0,0.0,0.0,14.976,0.1814,0.0
68.0,run_20260917_174825,,loading,loading,99.168,22.961,99.998,0.0,0.0,0.0,0.0,14.976,0.1831,0.0
69.0,run_20260917_174825,,loading,loading,99.16,22.96,99.998,0.0,0.0,0.0,0.0,14.976,0.1848,0.0
70.0,run_20260917_174825,,loading,loading,99.153,22.959,99.998,0.0,0.0,0.0,0.0,14.976,0.1864,0.0
71.0,run_20260917_174825,,loading,loading,99.145,22.958,99.998,0.0,0.0,0.0,0.0,14.976,0.1881,0.0
72.0,run_20260917_174825,,loading,loading,99.137,22.957,99.998,0.0,0.0,0.0,0.0,14.976,0.1898,0.0
73.0,run_20260917_174825,,loading,loading,99.13,22.956,99.998,0.0,0.0,0.0,0.0,14.976,0.1914,0.0
74.0,run_20260917_174825,,loading,loading,99.122,22.955,99.998,0.0,0.0,0.0,0.0,14.976,0.1931,0.0
75.0,run_20260917_174825,,loading,loading,99.115,22.954,99.998,0.0,0.0,0.0,0.0,14.976,0.1948,0.0
76.0,run_20260917_174825,,loading,loading,99.107,22.953,99.998,0.0,0.0,0.0,0.0,14.976,0.1964,0.0
77.0,run_20260917_174825,,loading,loading,99.099,22.952,99.998,0.0,0.0,0.0,0.0,14.976,0.1981,0.0
78.0,run_20260917_174825,,loading,loading,99.092,22.951,99.998,0.0,0.0,0.0,0.0,14.976,0.1998,0.0
79.0,run_20260917_174825,,waiting,waiting,99.084,22.95,99.998,0.800000011920929,0.0,0.0,0.0,14.976,0.2014,0.0
80.0,run_20260917_174825,,driving,driving,99.077,22.951,99.998,0.800000011920929,0.043,0.024,0.001,14.977,0.2031,0.0
81.0,run_20260917_174825,,driving,driving,99.065,22.962,99.998,0.800000011920929,0.325,0.181,0.1479,15.125,0.2057,0.0
82.0,run_20260917_174825,,driving,driving,99.055,22.962,99.998,0.800000011920929,0.031,0.017,0.0916,15.217,0.2079,0.0
83.0,run_20260917_174825,,driving,driving,99.046,22.973,99.998,0.800000011920929,0.307,0.171,0.0587,15.275,0.2099,0.0
84.0,run_20260917_174825,,driving,driving,99.027,23.006,99.998,0.800000011920929,0.892,0.497,0.4404,15.716,0.2142,0.0
85.0,run_20260917_174825,,driving,driving,99.005,23.039,99.998,0.800000011920929,0.895,0.499,0.5035,16.219,0.2188,0.0
86.0,run_20260917_174825,,driving,driving,98.985,23.073,99.998,0.800000011920929,0.895,0.499,0.4857,16.705,0.2234,0.0
87.0,run_20260917_174825,,driving,driving,98.964,23.106,99.998,0.800000011920929,0.883,0.492,0.5005,17.205,0.228,0.0
88.0,run_20260917_174825,,driving,driving,98.943,23.138,99.998,0.800000011920929,0.87,0.485,0.4827,17.688,0.2325,0.0
89.0,run_20260917_174825,,driving,driving,98.922,23.171,99.998,0.800000011920929,0.895,0.499,0.4839,18.172,0.2371,0.0
90.0,run_20260917_174825,,driving,driving,98.902,23.204,99.998,0.800000011920929,0.897,0.5,0.4859,18.658,0.2416,0.0
91.0,run_20260917_174825,,driving,driving,98.881,23.237,99.998,0.800000011920929,0.897,0.5,0.504,19.162,0.2463,0.0
92.0,run_20260917_174825,,driving,driving,98.86,23.271,99.997,0.800000011920929,0.897,0.5,0.5028,19.665,0.2509,0.0
93.0,run_20260917_174825,,driving,driving,98.838,23.304,99.997,0.800000011920929,0.897,0.5,0.5027,20.167,0.2556,0.0
94.0,run_20260917_174825,,driving,driving,98.817,23.337,99.997,0.800000011920929,0.897,0.5,0.5024,20.67,0.2602,0.0
95.0,run_20260917_174825,,driving,driving,98.797,23.37,99.997,0.800000011920929,0.897,0.5,0.4855,21.155,0.2647,0.0
96.0,run_20260917_174825,,driving,driving,98.775,23.403,99.997,0.800000011920929,0.897,0.5,0.5032,21.659,0.2694,0.0
97.0,run_20260917_174825,,driving,driving,98.754,23.435,99.997,0.800000011920929,0.881,0.491,0.5032,22.162,0.274,0.0
98.0,run_20260917_174825,,driving,driving,98.733,23.468,99.997,0.800000011920929,0.885,0.493,0.5001,22.662,0.2787,0.0
99.0,run_20260917_174825,,driving,driving,98.713,23.5,99.997,0.800000011920929,0.869,0.484,0.4754,23.137,0.2832,0.0
100.0,run_20260917_174825,,driving,driving,98.692,23.532,99.997,0.800000011920929,0.891,0.496,0.4944,23.632,0.2878,0.0
101.0,run_20260917_174825,,driving,driving,98.671,23.565,99.997,0.800000011920929,0.897,0.5,0.5021,24.134,0.2924,0.0
102.0,run_20260917_174825,,driving,driving,98.65,23.596,99.997,0.800000011920929,0.855,0.477,0.4961,24.63,0.297,0.0
103.0,run_20260917_174825,,driving,driving,98.629,23.629,99.997,0.800000011920929,0.896,0.499,0.4911,25.121,0.3016,0.0
104.0,run_20260917_174825,,driving,driving,98.609,23.661,99.997,0.800000011920929,0.872,0.486,0.4661,25.587,0.306,0.0
105.0,run_20260917_174825,,driving,driving,98.588,23.688,99.997,0.800000011920929,0.764,0.426,0.4849,26.072,0.3106,0.0
106.0,run_20260917_174825,,driving,driving,98.569,23.719,99.997,0.800000011920929,0.842,0.469,0.4443,26.516,0.3149,0.0
107.0,run_20260917_174825,,driving,driving,98.548,23.75,99.997,0.800000011920929,0.862,0.48,0.4944,27.011,0.3195,0.0
108.0,run_20260917_174825,,driving,driving,98.527,23.781,99.997,0.800000011920929,0.862,0.48,0.4796,27.49,0.324,0.0
109.0,run_20260917_174825,,driving,driving,98.507,23.814,99.997,0.800000011920929,0.895,0.498,0.4887,27.979,0.3285,0.0
110.0,run_20260917_174825,,driving,driving,98.486,23.845,99.997,0.800000011920929,0.85,0.473,0.5011,28.48,0.3332,0.0
111.0,run_20260917_174825,,driving,driving,98.465,23.876,99.997,0.800000011920929,0.883,0.492,0.4953,28.975,0.3378,0.0
112.0,run_20260917_174825,,driving,driving,98.446,23.889,99.997,0.800000011920929,0.376,0.209,0.425,29.4,0.342,0.0
113.0,run_20260917_174825,,driving,driving,98.433,23.918,99.997,0.800000011920929,0.804,0.448,0.2049,29.605,0.3448,0.0
114.0,run_20260917_174825,,driving,driving,98.412,23.948,99.997,0.800000011920929,0.849,0.473,0.4918,30.097,0.3494,0.0
115.0,run_20260917_174825,,driving,driving,98.391,23.98,99.996,0.800000011920929,0.883,0.492,0.4914,30.588,0.354,0.0
116.0,run_20260917_174825,,driving,driving,98.37,24.012,99.996,0.800000011920929,0.878,0.489,0.4859,31.074,0.3585,0.0
117.0,run_20260917_174825,,driving,driving,98.35,24.043,99.996,0.800000011920929,0.878,0.489,0.4817,31.556,0.3631,0.0
118.0,run_20260917_174825,,driving,driving,98.329,24.075,99.996,0.800000011920929,0.89,0.496,0.5012,32.057,0.3677,0.0
119.0,run_20260917_174825,,driving,driving,98.309,24.101,99.996,0.800000011920929,0.717,0.4,0.4642,32.521,0.3721,0.0
120.0,run_20260917_174825,,driving,driving,98.295,24.098,99.996,0.800000011920929,0.0,0.0,0.2282,32.75,0.3751,0.0
121.0,run_20260917_174825,,loading,loading,98.287,24.096,99.996,0.800000011920929,0.0,0.0,0.0,32.75,0.3768,0.0
122.0,run_20260917_174825,,loading,loading,98.28,24.094,99.996,0.800000011920929,0.0,0.0,0.0,32.75,0.3785,0.0
123.0,run_20260917_174825,,loading,loading,98.272,24.091,99.996,0.800000011920929,0.0,0.0,0.0,32.75,0.3801,0.0
124.0,run_20260917_174825,,loading,loading,98.265,24.089,99.996,0.800000011920929,0.0,0.0,0.0,32.75,0.3818,0.0
125.0,run_20260917_174825,,loading,loading,98.257,24.087,99.996,0.800000011920929,0.0,0.0,0.0,32.75,0.3835,0.0
126.0,run_20260917_174825,,loading,loading,98.249,24.085,99.996,0.800000011920929,0.0,0.0,0.0,32.75,0.3851,0.0
127.0,run_20260917_174825,,loading,loading,98.242,24.082,99.996,0.800000011920929,0.0,0.0,0.0,32.75,0.3868,0.0
128.0,run_20260917_174825,,loading,loading,98.234,24.08,99.996,0.800000011920929,0.0,0.0,0.0,32.75,0.3885,0.0
129.0,run_20260917_174825,,loading,loading,98.227,24.078,99.996,0.800000011920929,0.0,0.0,0.0,32.75,0.3901,0.0
130.0,run_20260917_174825,,loading,loading,98.219,24.075,99.996,0.800000011920929,0.0,0.0,0.0,32.75,0.3918,0.0
131.0,run_20260917_174825,,loading,loading,98.211,24.073,99.996,0.800000011920929,0.0,0.0,0.0,32.75,0.3935,0.0
132.0,run_20260917_174825,,loading,loading,98.204,24.071,99.996,0.800000011920929,0.0,0.0,0.0,32.75,0.3951,0.0
133.0,run_20260917_174825,,loading,loading,98.196,24.069,99.996,0.800000011920929,0.0,0.0,0.0,32.75,0.3968,0.0
134.0,run_20260917_174825,,loading,loading,98.189,24.066,99.996,0.800000011920929,0.0,0.0,0.0,32.75,0.3985,0.0
135.0,run_20260917_174825,,loading,loading,98.181,24.064,99.996,0.800000011920929,0.0,0.0,0.0,32.75,0.4001,0.0
136.0,run_20260917_174825,,loading,loading,98.174,24.062,99.996,0.800000011920929,0.0,0.0,0.0,32.75,0.4018,0.0
137.0,run_20260917_174825,,loading,loading,98.166,24.059,99.996,0.800000011920929,0.0,0.0,0.0,32.75,0.4035,0.0
138.0,run_20260917_174825,,loading,loading,98.158,24.057,99.996,0.800000011920929,0.0,0.0,0.0,32.75,0.4051,0.0
139.0,run_20260917_174825,,loading,loading,98.151,24.055,99.996,0.800000011920929,0.0,0.0,0.0,32.75,0.4068,0.0
140.0,run_20260917_174825,,loading,loading,98.143,24.053,99.996,0.800000011920929,0.0,0.0,0.0,32.75,0.4085,0.0
141.0,run_20260917_174825,,loading,loading,98.136,24.05,99.996,0.800000011920929,0.0,0.0,0.0,32.75,0.4101,0.0
142.0,run_20260917_174825,,loading,loading,98.128,24.048,99.996,0.800000011920929,0.0,0.0,0.0,32.75,0.4118,0.0
143.0,run_20260917_174825,,loading,loading,98.121,24.046,99.996,0.800000011920929,0.0,0.0,0.0,32.75,0.4135,0.0
144.0,run_20260917_174825,,loading,loading,98.113,24.044,99.996,0.800000011920929,0.0,0.0,0.0,32.75,0.4151,0.0
145.0,run_20260917_174825,,loading,loading,98.105,24.041,99.996,0.800000011920929,0.0,0.0,0.0,32.75,0.4168,0.0
146.0,run_20260917_174825,,loading,loading,98.098,24.039,99.996,0.800000011920929,0.0,0.0,0.0,32.75,0.4185,0.0
147.0,run_20260917_174825,,loading,loading,98.09,24.037,99.996,0.800000011920929,0.0,0.0,0.0,32.75,0.4201,0.0
148.0,run_20260917_174825,,loading,loading,98.083,24.035,99.996,0.800000011920929,0.0,0.0,0.0,32.75,0.4218,0.0
149.0,run_20260917_174825,,loading,loading,98.075,24.032,99.996,0.800000011920929,0.0,0.0,0.0,32.75,0.4235,0.0
150.0,run_20260917_174825,,loading,loading,98.068,24.03,99.996,0.800000011920929,0.0,0.0,0.0,32.75,0.4251,0.0
151.0,run_20260917_174825,,waiting,waiting,98.06,24.028,99.996,1.300000011920929,0.0,0.0,0.0,32.75,0.4268,0.0
152.0,run_20260917_174825,,driving,driving,98.05,24.039,99.996,1.300000011920929,0.35,0.195,0.0854,32.835,0.429,0.0
153.0,run_20260917_174825,,driving,driving,98.037,24.045,99.996,1.300000011920929,0.204,0.113,0.1935,33.028,0.432,0.0
154.0,run_20260917_174825,,driving,driving,98.028,24.044,99.996,1.300000011920929,0.022,0.012,0.042,33.07,0.4339,0.0
155.0,run_20260917_174825,,driving,driving,98.015,24.073,99.996,1.300000011920929,0.785,0.437,0.1805,33.251,0.4367,0.0
156.0,run_20260917_174825,,driving,driving,97.993,24.105,99.996,1.300000011920929,0.877,0.489,0.4776,33.728,0.4415,0.0
157.0,run_20260917_174825,,driving,driving,97.971,24.138,99.996,1.300000011920929,0.897,0.5,0.5,34.228,0.4464,0.0
158.0,run_20260917_174825,,driving,driving,97.949,24.171,99.995,1.300000011920929,0.894,0.498,0.4828,34.711,0.4512,0.0
159.0,run_20260917_174825,,driving,driving,97.927,24.203,99.995,1.300000011920929,0.881,0.491,0.4999,35.211,0.4562,0.0
160.0,run_20260917_174825,,driving,driving,97.904,24.236,99.995,1.300000011920929,0.897,0.5,0.5027,35.714,0.4611,0.0
161.0,run_20260917_174825,,driving,driving,97.882,24.269,99.995,1.300000011920929,0.897,0.5,0.4954,36.209,0.466,0.0
162.0,run_20260917_174825,,driving,driving,97.86,24.302,99.995,1.300000011920929,0.897,0.5,0.4859,36.695,0.4708,0.0
163.0,run_20260917_174825,,driving,driving,97.838,24.335,99.995,1.300000011920929,0.897,0.5,0.5009,37.196,0.4757,0.0
164.0,run_20260917_174825,,driving,driving,97.815,24.367,99.995,1.300000011920929,0.885,0.493,0.5012,37.697,0.4807,0.0
165.0,run_20260917_174825,,driving,driving,97.793,24.4,99.995,1.300000011920929,0.897,0.5,0.5019,38.199,0.4856,0.0
166.0,run_20260917_174825,,driving,driving,97.77,24.432,99.995,1.300000011920929,0.881,0.491,0.5025,38.702,0.4905,0.0
167.0,run_20260917_174825,,driving,driving,97.749,24.461,99.995,1.300000011920929,0.798,0.445,0.4617,39.163,0.4952,0.0
168.0,run_20260917_174825,,driving,driving,97.728,24.49,99.995,1.300000011920929,0.824,0.459,0.4454,39.609,0.4998,0.0
169.0,run_20260917_174825,,driving,driving,97.707,24.523,99.995,1.300000011920929,0.891,0.496,0.4779,40.087,0.5046,0.0
170.0,run_20260917_174825,,driving,driving,97.685,24.554,99.995,1.300000011920929,0.872,0.486,0.4844,40.571,0.5094,0.0
171.0,run_20260917_174825,,driving,driving,97.663,24.587,99.995,1.300000011920929,0.896,0.499,0.4812,41.052,0.5142,0.0
172.0,run_20260917_174825,,driving,driving,97.641,24.618,99.995,1.300000011920929,0.872,0.486,0.493,41.545,0.5191,0.0
173.0,run_20260917_174825,,driving,driving,97.619,24.65,99.995,1.300000011920929,0.871,0.485,0.488,42.033,0.5239,0.0
174.0,run_20260917_174825,,driving,driving,97.596,24.681,99.995,1.300000011920929,0.881,0.491,0.4971,42.53,0.5288,0.0
175.0,run_20260917_174825,,driving,driving,97.574,24.714,99.995,1.300000011920929,0.892,0.497,0.5015,43.032,0.5337,0.0
176.0,run_20260917_174825,,driving,driving,97.552,24.746,99.995,1.300000011920929,0.897,0.5,0.4845,43.516,0.5385,0.0
177.0,run_20260917_174825,,driving,driving,97.53,24.778,99.995,1.300000011920929,0.897,0.499,0.5024,44.019,0.5435,0.0
178.0,run_20260917_174825,,driving,driving,97.507,24.81,99.995,1.300000011920929,0.878,0.489,0.4961,44.515,0.5484,0.0
179.0,run_20260917_174825,,driving,driving,97.485,24.842,99.994,1.300000011920929,0.886,0.493,0.4981,45.013,0.5533,0.0
180.0,run_20260917_174825,,driving,driving,97.463,24.874,99.994,1.300000011920929,0.897,0.5,0.4732,45.486,0.558,0.0
181.0,run_20260917_174825,,driving,driving,97.441,24.906,99.994,1.300000011920929,0.882,0.491,0.4952,45.981,0.5629,0.0
182.0,run_20260917_174825,,driving,driving,97.419,24.938,99.994,1.300000011920929,0.896,0.499,0.497,46.478,0.5678,0.0
183.0,run_20260917_174825,,driving,driving,97.397,24.969,99.994,1.300000011920929,0.89,0.496,0.5012,46.98,0.5728,0.0
184.0,run_20260917_174825,,driving,driving,97.374,25.002,99.994,1.300000011920929,0.897,0.5,0.5027,47.482,0.5777,0.0
185.0,run_20260917_174825,,driving,driving,97.352,25.033,99.994,1.300000011920929,0.893,0.497,0.4808,47.963,0.5825,0.0
186.0,run_20260917_174825,,driving,driving,97.33,25.065,99.994,1.300000011920929,0.893,0.498,0.5004,48.464,0.5874,0.0
187.0,run_20260917_174825,,driving,driving,97.308,25.097,99.994,1.300000011920929,0.886,0.494,0.4989,48.963,0.5923,0.0
188.0,run_20260917_174825,,driving,driving,97.285,25.129,99.994,1.300000011920929,0.897,0.5,0.5008,49.463,0.5973,0.0
189.0,run_20260917_174825,,driving,driving,97.263,25.16,99.994,1.300000011920929,0.869,0.484,0.4825,49.946,0.6021,0.0
190.0,run_20260917_174825,,driving,driving,97.244,25.18,99.994,1.300000011920929,0.611,0.34,0.4127,50.358,0.6064,0.0
191.0,run_20260917_174825,,loading,loading,97.232,25.177,99.994,1.300000011920929,0.0,0.0,0.1274,50.486,0.6089,0.0
192.0,run_20260917_174825,,loading,loading,97.225,25.173,99.994,1.300000011920929,0.0,0.0,0.0,50.486,0.6106,0.0
193.0,run_20260917_174825,,loading,loading,97.217,25.17,99.994,1.300000011920929,0.0,0.0,0.0,50.486,0.6122,0.0
194.0,run_20260917_174825,,loading,loading,97.209,25.166,99.994,1.300000011920929,0.0,0.0,0.0,50.486,0.6139,0.0
195.0,run_20260917_174825,,loading,loading,97.202,25.163,99.994,1.300000011920929,0.0,0.0,0.0,50.486,0.6156,0.0
196.0,run_20260917_174825,,loading,loading,97.194,25.159,99.994,1.300000011920929,0.0,0.0,0.0,50.486,0.6172,0.0
197.0,run_20260917_174825,,loading,loading,97.187,25.156,99.994,1.300000011920929,0.0,0.0,0.0,50.486,0.6189,0.0
198.0,run_20260917_174825,,loading,loading,97.179,25.152,99.994,1.300000011920929,0.0,0.0,0.0,50.486,0.6206,0.0
199.0,run_20260917_174825,,loading,loading,97.172,25.149,99.994,1.300000011920929,0.0,0.0,0.0,50.486,0.6222,0.0
200.0,run_20260917_174825,,loading,loading,97.164,25.145,99.994,1.300000011920929,0.0,0.0,0.0,50.486,0.6239,0.0
201.0,run_20260917_174825,,loading,loading,97.156,25.142,99.994,1.300000011920929,0.0,0.0,0.0,50.486,0.6256,0.0
202.0,run_20260917_174825,,loading,loading,97.149,25.138,99.994,1.300000011920929,0.0,0.0,0.0,50.486,0.6272,0.0
203.0,run_20260917_174825,,loading,loading,97.141,25.135,99.994,1.300000011920929,0.0,0.0,0.0,50.486,0.6289,0.0
204.0,run_20260917_174825,,loading,loading,97.134,25.132,99.994,1.300000011920929,0.0,0.0,0.0,50.486,0.6306,0.0
205.0,run_20260917_174825,,loading,loading,97.126,25.128,99.994,1.300000011920929,0.0,0.0,0.0,50.486,0.6322,0.0
206.0,run_20260917_174825,,loading,loading,97.119,25.125,99.994,1.300000011920929,0.0,0.0,0.0,50.486,0.6339,0.0
207.0,run_20260917_174825,,loading,loading,97.111,25.121,99.994,1.300000011920929,0.0,0.0,0.0,50.486,0.6356,0.0
208.0,run_20260917_174825,,loading,loading,97.103,25.118,99.994,1.300000011920929,0.0,0.0,0.0,50.486,0.6372,0.0
209.0,run_20260917_174825,,loading,loading,97.096,25.114,99.994,1.300000011920929,0.0,0.0,0.0,50.486,0.6389,0.0
210.0,run_20260917_174825,,loading,loading,97.088,25.111,99.994,1.300000011920929,0.0,0.0,0.0,50.486,0.6406,0.0
211.0,run_20260917_174825,,loading,loading,97.081,25.108,99.994,1.300000011920929,0.0,0.0,0.0,50.486,0.6422,0.0
212.0,run_20260917_174825,,loading,loading,97.073,25.104,99.994,1.300000011920929,0.0,0.0,0.0,50.486,0.6439,0.0
213.0,run_20260917_174825,,loading,loading,97.066,25.101,99.994,1.300000011920929,0.0,0.0,0.0,50.486,0.6456,0.0
214.0,run_20260917_174825,,loading,loading,97.058,25.097,99.994,1.300000011920929,0.0,0.0,0.0,50.486,0.6472,0.0
215.0,run_20260917_174825,,loading,loading,97.05,25.094,99.994,1.300000011920929,0.0,0.0,0.0,50.486,0.6489,0.0
216.0,run_20260917_174825,,loading,loading,97.043,25.09,99.993,1.300000011920929,0.0,0.0,0.0,50.486,0.6506,0.0
217.0,run_20260917_174825,,loading,loading,97.035,25.087,99.993,1.300000011920929,0.0,0.0,0.0,50.486,0.6522,0.0
218.0,run_20260917_174825,,loading,loading,97.028,25.084,99.993,1.300000011920929,0.0,0.0,0.0,50.486,0.6539,0.0
219.004,run_20260917_174825,,loading,loading,97.02,25.08,99.993,1.300000011920929,0.0,0.0,0.0,50.486,0.6556,0.0
220.0,run_20260917_174825,,loading,loading,97.013,25.077,99.993,1.300000011920929,0.0,0.0,0.0,50.486,0.6572,0.0
221.0,run_20260917_174825,,waiting,waiting,97.005,25.074,99.993,1.7000000178813934,0.0,0.0,0.0,50.486,0.6589,0.0
222.0,run_20260917_174825,,waiting,waiting,96.997,25.07,99.993,1.7000000178813934,0.0,0.0,0.0,50.486,0.6606,0.0
223.0,run_20260917_174825,,driving,driving,96.987,25.081,99.993,1.7000000178813934,0.35,0.195,0.102,50.588,0.663,0.0
224.0,run_20260917_174825,,driving,driving,96.975,25.078,99.993,1.7000000178813934,0.012,0.007,0.1145,50.702,0.6654,0.0
225.0,run_20260917_174825,,driving,driving,96.967,25.081,99.993,1.7000000178813934,0.168,0.093,0.0274,50.73,0.6673,0.0
226.0,run_20260917_174825,,driving,driving,96.949,25.114,99.993,1.7000000178813934,0.897,0.5,0.3415,51.071,0.6713,0.0
227.0,run_20260917_174825,,driving,driving,96.925,25.146,99.993,1.7000000178813934,0.897,0.5,0.5039,51.575,0.6765,0.0
228.0,run_20260917_174825,,driving,driving,96.901,25.179,99.993,1.7000000178813934,0.896,0.499,0.5031,52.078,0.6817,0.0
229.0,run_20260917_174825,,driving,driving,96.878,25.21,99.993,1.7000000178813934,0.861,0.48,0.5008,52.579,0.6868,0.0
230.0,run_20260917_174825,,driving,driving,96.856,25.243,99.993,1.7000000178813934,0.897,0.5,0.4649,53.044,0.6918,0.0
231.0,run_20260917_174825,,driving,driving,96.833,25.272,99.993,1.7000000178813934,0.819,0.456,0.4861,53.53,0.6968,0.0
232.0,run_20260917_174825,,driving,driving,96.81,25.304,99.993,1.7000000178813934,0.896,0.499,0.4819,54.012,0.7018,0.0
233.0,run_20260917_174825,,driving,driving,96.786,25.337,99.993,1.7000000178813934,0.897,0.5,0.5018,54.514,0.707,0.0
234.0,run_20260917_174825,,driving,driving,96.763,25.369,99.993,1.7000000178813934,0.897,0.5,0.4841,54.998,0.7121,0.0
235.0,run_20260917_174825,,driving,driving,96.74,25.401,99.993,1.7000000178813934,0.891,0.497,0.5023,55.5,0.7172,0.0
236.0,run_20260917_174825,,driving,driving,96.716,25.433,99.993,1.7000000178813934,0.897,0.5,0.5021,56.002,0.7224,0.0
237.0,run_20260917_174825,,driving,driving,96.693,25.466,99.993,1.7000000178813934,0.897,0.5,0.5025,56.505,0.7276,0.0
238.0,run_20260917_174825,,driving,driving,96.669,25.498,99.993,1.7000000178813934,0.897,0.5,0.5039,57.009,0.7328,0.0
239.0,run_20260917_174825,,driving,driving,96.646,25.53,99.993,1.7000000178813934,0.897,0.5,0.4856,57.494,0.7378,0.0
240.0,run_20260917_174825,,driving,driving,96.623,25.562,99.993,1.7000000178813934,0.897,0.5,0.5022,57.996,0.743,0.0
241.0,run_20260917_174825,,driving,driving,96.599,25.594,99.993,1.7000000178813934,0.897,0.5,0.502,58.498,0.7482,0.0
242.0,run_20260917_174825,,driving,driving,96.576,25.626,99.992,1.7000000178813934,0.897,0.5,0.5036,59.002,0.7534,0.0
243.0,run_20260917_174825,,driving,driving,96.553,25.658,99.992,1.7000000178813934,0.896,0.499,0.485,59.487,0.7584,0.0
244.0,run_20260917_174825,,driving,driving,96.529,25.69,99.992,1.7000000178813934,0.894,0.498,0.5022,59.989,0.7636,0.0
245.0,run_20260917_174825,,driving,driving,96.506,25.722,99.992,1.7000000178813934,0.892,0.497,0.503,60.492,0.7688,0.0
246.0,run_20260917_174825,,driving,driving,96.482,25.754,99.992,1.7000000178813934,0.892,0.497,0.5018,60.994,0.774,0.0
247.0,run_20260917_174825,,driving,driving,96.459,25.784,99.992,1.7000000178813934,0.868,0.484,0.4982,61.492,0.7791,0.0
248.0,run_20260917_174825,,driving,driving,96.436,25.814,99.992,1.7000000178813934,0.851,0.474,0.4786,61.971,0.7841,0.0
249.0,run_20260917_174825,,driving,driving,96.412,25.846,99.992,1.7000000178813934,0.89,0.496,0.4944,62.465,0.7893,0.0
250.0,run_20260917_174825,,driving,driving,96.389,25.878,99.992,1.7000000178813934,0.897,0.5,0.498,62.963,0.7944,0.0
251.0,run_20260917_174825,,driving,driving,96.366,25.909,99.992,1.7000000178813934,0.897,0.5,0.4998,63.463,0.7996,0.0
252.0,run_20260917_174825,,driving,driving,96.343,25.941,99.992,1.7000000178813934,0.896,0.499,0.4829,63.946,0.8046,0.0
253.0,run_20260917_174825,,driving,driving,96.319,25.973,99.992,1.7000000178813934,0.897,0.5,0.5007,64.447,0.8098,0.0
254.0,run_20260917_174825,,driving,driving,96.296,26.004,99.992,1.7000000178813934,0.897,0.5,0.4927,64.939,0.8149,0.0
255.0,run_20260917_174825,,driving,driving,96.272,26.035,99.992,1.7000000178813934,0.875,0.487,0.4985,65.438,0.8201,0.0
256.0,run_20260917_174825,,driving,driving,96.249,26.066,99.992,1.7000000178813934,0.889,0.496,0.4987,65.937,0.8252,0.0
257.0,run_20260917_174825,,driving,driving,96.226,26.098,99.992,1.7000000178813934,0.89,0.496,0.481,66.418,0.8302,0.0
258.0,run_20260917_174825,,driving,driving,96.203,26.129,99.992,1.7000000178813934,0.897,0.5,0.5017,66.919,0.8354,0.0
259.0,run_20260917_174825,,driving,driving,96.179,26.159,99.992,1.7000000178813934,0.853,0.475,0.4989,67.418,0.8406,0.0
260.0,run_20260917_174825,,driving,driving,96.157,26.184,99.992,1.7000000178813934,0.744,0.415,0.4711,67.889,0.8456,0.0
261.0,run_20260917_174825,,driving,driving,96.138,26.198,99.992,1.7000000178813934,0.454,0.253,0.3298,68.219,0.8495,0.0
262.0,run_20260917_174825,,loading,loading,96.13,26.193,99.991,1.7000000178813934,0.0,0.0,0.0175,68.237,0.8513,0.0
263.0,run_20260917_174825,,loading,loading,96.123,26.189,99.991,1.7000000178813934,0.0,0.0,0.0,68.237,0.853,0.0
264.0,run_20260917_174825,,loading,loading,96.115,26.184,99.991,1.7000000178813934,0.0,0.0,0.0,68.237,0.8547,0.0
265.0,run_20260917_174825,,loading,loading,96.108,26.179,99.991,1.7000000178813934,0.0,0.0,0.0,68.237,0.8563,0.0
266.0,run_20260917_174825,,loading,loading,96.1,26.175,99.991,1.7000000178813934,0.0,0.0,0.0,68.237,0.858,0.0
267.0,run_20260917_174825,,loading,loading,96.092,26.17,99.991,1.7000000178813934,0.0,0.0,0.0,68.237,0.8597,0.0
268.0,run_20260917_174825,,loading,loading,96.085,26.166,99.991,1.7000000178813934,0.0,0.0,0.0,68.237,0.8613,0.0
269.0,run_20260917_174825,,loading,loading,96.077,26.161,99.991,1.7000000178813934,0.0,0.0,0.0,68.237,0.863,0.0
270.0,run_20260917_174825,,loading,loading,96.07,26.156,99.991,1.7000000178813934,0.0,0.0,0.0,68.237,0.8647,0.0
271.0,run_20260917_174825,,loading,loading,96.062,26.152,99.991,1.7000000178813934,0.0,0.0,0.0,68.237,0.8663,0.0
272.0,run_20260917_174825,,loading,loading,96.055,26.147,99.991,1.7000000178813934,0.0,0.0,0.0,68.237,0.868,0.0
273.0,run_20260917_174825,,loading,loading,96.047,26.143,99.991,1.7000000178813934,0.0,0.0,0.0,68.237,0.8697,0.0
274.0,run_20260917_174825,,loading,loading,96.039,26.138,99.991,1.7000000178813934,0.0,0.0,0.0,68.237,0.8713,0.0
275.0,run_20260917_174825,,loading,loading,96.032,26.134,99.991,1.7000000178813934,0.0,0.0,0.0,68.237,0.873,0.0
276.0,run_20260917_174825,,loading,loading,96.024,26.129,99.991,1.7000000178813934,0.0,0.0,0.0,68.237,0.8747,0.0
277.0,run_20260917_174825,,loading,loading,96.017,26.125,99.991,1.7000000178813934,0.0,0.0,0.0,68.237,0.8763,0.0
278.0,run_20260917_174825,,loading,loading,96.009,26.12,99.991,1.7000000178813934,0.0,0.0,0.0,68.237,0.878,0.0
279.0,run_20260917_174825,,loading,loading,96.002,26.116,99.991,1.7000000178813934,0.0,0.0,0.0,68.237,0.8797,0.0
280.0,run_20260917_174825,,loading,loading,95.994,26.111,99.991,1.7000000178813934,0.0,0.0,0.0,68.237,0.8813,0.0
281.0,run_20260917_174825,,loading,loading,95.986,26.106,99.991,1.7000000178813934,0.0,0.0,0.0,68.237,0.883,0.0
282.0,run_20260917_174825,,loading,loading,95.979,26.102,99.991,1.7000000178813934,0.0,0.0,0.0,68.237,0.8847,0.0
283.0,run_20260917_174825,,loading,loading,95.971,26.097,99.991,1.7000000178813934,0.0,0.0,0.0,68.237,0.8863,0.0
284.0,run_20260917_174825,,loading,loading,95.964,26.093,99.991,1.7000000178813934,0.0,0.0,0.0,68.237,0.888,0.0
285.0,run_20260917_174825,,loading,loading,95.956,26.088,99.991,1.7000000178813934,0.0,0.0,0.0,68.237,0.8897,0.0
286.0,run_20260917_174825,,loading,loading,95.949,26.084,99.991,1.7000000178813934,0.0,0.0,0.0,68.237,0.8913,0.0
287.0,run_20260917_174825,,loading,loading,95.941,26.079,99.991,1.7000000178813934,0.0,0.0,0.0,68.237,0.893,0.0
288.0,run_20260917_174825,,loading,loading,95.933,26.075,99.991,1.7000000178813934,0.0,0.0,0.0,68.237,0.8947,0.0
289.0,run_20260917_174825,,loading,loading,95.926,26.07,99.991,1.7000000178813934,0.0,0.0,0.0,68.237,0.8963,0.0
290.0,run_20260917_174825,,loading,loading,95.918,26.066,99.991,1.7000000178813934,0.0,0.0,0.0,68.237,0.898,0.0
291.0,run_20260917_174825,,loading,loading,95.911,26.062,99.991,1.7000000178813934,0.0,0.0,0.0,68.237,0.8997,0.0
292.0,run_20260917_174825,,waiting,waiting,95.903,26.057,99.991,2.2000000178813934,0.0,0.0,0.0,68.237,0.9013,0.0
293.0,run_20260917_174825,,driving,driving,95.895,26.057,99.991,2.2000000178813934,0.096,0.053,0.0048,68.242,0.903,0.0
294.0,run_20260917_174825,,driving,driving,95.882,26.068,99.991,2.2000000178813934,0.391,0.218,0.1789,68.42,0.906,0.0
295.0,run_20260917_174825,,driving,driving,95.87,26.065,99.991,2.2000000178813934,0.033,0.018,0.1186,68.539,0.9086,0.0
296.0,run_20260917_174825,,driving,driving,95.86,26.076,99.991,2.2000000178813934,0.373,0.208,0.0575,68.597,0.9107,0.0
297.0,run_20260917_174825,,driving,driving,95.84,26.106,99.991,2.2000000178813934,0.847,0.472,0.3816,68.978,0.9153,0.0
298.0,run_20260917_174825,,driving,driving,95.815,26.138,99.991,2.2000000178813934,0.885,0.493,0.4831,69.461,0.9206,0.0
299.0,run_20260917_174825,,driving,driving,95.791,26.17,99.991,2.2000000178813934,0.896,0.499,0.4989,69.96,0.9261,0.0
300.0,run_20260917_174825,,driving,driving,95.766,26.203,99.991,2.2000000178813934,0.897,0.5,0.5025,70.463,0.9315,0.0
301.0,run_20260917_174825,,driving,driving,95.742,26.232,99.991,2.2000000178813934,0.834,0.464,0.4729,70.936,0.9368,0.0
302.0,run_20260917_174825,,driving,driving,95.718,26.261,99.991,2.2000000178813934,0.812,0.452,0.4648,71.4,0.942,0.0
303.0,run_20260917_174825,,driving,driving,95.694,26.293,99.991,2.2000000178813934,0.897,0.5,0.4789,71.879,0.9473,0.0
304.0,run_20260917_174825,,driving,driving,95.669,26.325,99.99,2.2000000178813934,0.897,0.5,0.5037,72.383,0.9528,0.0
305.0,run_20260917_174825,,driving,driving,95.644,26.357,99.99,2.2000000178813934,0.896,0.499,0.5034,72.886,0.9583,0.0
306.0,run_20260917_174825,,driving,driving,95.62,26.389,99.99,2.2000000178813934,0.886,0.494,0.4847,73.371,0.9636,0.0
307.0,run_20260917_174825,,driving,driving,95.595,26.42,99.99,2.2000000178813934,0.884,0.493,0.4985,73.869,0.9691,0.0
308.0,run_20260917_174825,,driving,driving,95.57,26.452,99.99,2.2000000178813934,0.883,0.492,0.4999,74.369,0.9745,0.0
309.0,run_20260917_174825,,driving,driving,95.546,26.483,99.99,2.2000000178813934,0.883,0.492,0.4828,74.852,0.9799,0.0
310.0,run_20260917_174825,,driving,driving,95.521,26.515,99.99,2.2000000178813934,0.895,0.498,0.4947,75.347,0.9853,0.0
311.0,run_20260917_174825,,driving,driving,95.497,26.546,99.99,2.2000000178813934,0.873,0.486,0.4807,75.827,0.9906,0.0
312.0,run_20260917_174825,,driving,driving,95.472,26.577,99.99,2.2000000178813934,0.878,0.489,0.4974,76.325,0.9961,0.0
313.0,run_20260917_174825,,driving,driving,95.448,26.608,99.99,2.2000000178813934,0.884,0.493,0.4958,76.821,1.0015,0.0
314.0,run_20260917_174825,,driving,driving,95.423,26.64,99.99,2.2000000178813934,0.894,0.498,0.4943,77.315,1.0069,0.0
315.0,run_20260917_174825,,driving,driving,95.399,26.671,99.99,2.2000000178813934,0.891,0.496,0.4793,77.794,1.0122,0.0
316.0,run_20260917_174825,,driving,driving,95.374,26.703,99.99,2.2000000178813934,0.889,0.495,0.501,78.295,1.0177,0.0
317.0,run_20260917_174825,,driving,driving,95.349,26.734,99.99,2.2000000178813934,0.893,0.498,0.4972,78.793,1.0231,0.0
318.0,run_20260917_174825,,driving,driving,95.324,26.766,99.99,2.2000000178813934,0.894,0.498,0.4994,79.292,1.0286,0.0
319.0,run_20260917_174825,,driving,driving,95.3,26.797,99.99,2.2000000178813934,0.897,0.5,0.5018,79.794,1.0341,0.0
320.0,run_20260917_174825,,driving,driving,95.275,26.829,99.99,2.2000000178813934,0.897,0.5,0.4842,80.278,1.0394,0.0
321.0,run_20260917_174825,,driving,driving,95.25,26.86,99.99,2.2000000178813934,0.878,0.489,0.4992,80.777,1.0449,0.0
322.0,run_20260917_174825,,driving,driving,95.226,26.891,99.989,2.2000000178813934,0.896,0.499,0.5008,81.278,1.0504,0.0
323.0,run_20260917_174825,,driving,driving,95.201,26.922,99.989,2.2000000178813934,0.89,0.496,0.5001,81.778,1.0559,0.0
324.0,run_20260917_174825,,driving,driving,95.176,26.954,99.989,2.2000000178813934,0.897,0.5,0.4857,82.264,1.0612,0.0
325.0,run_20260917_174825,,driving,driving,95.151,26.985,99.989,2.2000000178813934,0.897,0.5,0.5023,82.766,1.0667,0.0
326.004,run_20260917_174825,,driving,driving,95.127,27.016,99.989,2.2000000178813934,0.897,0.5,0.4962,83.262,1.0722,0.0
327.0,run_20260917_174825,,driving,driving,95.102,27.048,99.989,2.2000000178813934,0.896,0.499,0.4989,83.761,1.0776,0.0
328.0,run_20260917_174825,,driving,driving,95.077,27.079,99.989,2.2000000178813934,0.896,0.499,0.4993,84.261,1.0831,0.0
329.0,run_20260917_174825,,driving,driving,95.053,27.11,99.989,2.2000000178813934,0.895,0.499,0.4818,84.742,1.0884,0.0
330.0,run_20260917_174825,,driving,driving,95.028,27.141,99.989,2.2000000178813934,0.894,0.498,0.5021,85.244,1.0939,0.0
331.0,run_20260917_174825,,driving,driving,95.004,27.166,99.989,2.2000000178813934,0.734,0.409,0.4753,85.72,1.0992,0.0
332.0,run_20260917_174825,,driving,driving,94.986,27.16,99.989,2.2000000178813934,0.0,0.0,0.2851,86.005,1.103,0.0
333.0,run_20260917_174825,,loading,loading,94.979,27.154,99.989,2.2000000178813934,0.0,0.0,0.0,86.005,1.1047,0.0
334.0,run_20260917_174825,,loading,loading,94.971,27.149,99.989,2.2000000178813934,0.0,0.0,0.0,86.005,1.1064,0.0
335.0,run_20260917_174825,,loading,loading,94.963,27.143,99.989,2.2000000178813934,0.0,0.0,0.0,86.005,1.108,0.0
336.0,run_20260917_174825,,loading,loading,94.956,27.137,99.989,2.2000000178813934,0.0,0.0,0.0,86.005,1.1097,0.0
337.0,run_20260917_174825,,loading,loading,94.948,27.132,99.989,2.2000000178813934,0.0,0.0,0.0,86.005,1.1114,0.0
338.0,run_20260917_174825,,loading,loading,94.941,27.126,99.989,2.2000000178813934,0.0,0.0,0.0,86.005,1.113,0.0
339.0,run_20260917_174825,,loading,loading,94.933,27.12,99.989,2.2000000178813934,0.0,0.0,0.0,86.005,1.1147,0.0
340.0,run_20260917_174825,,loading,loading,94.926,27.115,99.989,2.2000000178813934,0.0,0.0,0.0,86.005,1.1164,0.0
341.0,run_20260917_174825,,loading,loading,94.918,27.109,99.989,2.2000000178813934,0.0,0.0,0.0,86.005,1.118,0.0
342.0,run_20260917_174825,,loading,loading,94.91,27.103,99.989,2.2000000178813934,0.0,0.0,0.0,86.005,1.1197,0.0
343.0,run_20260917_174825,,loading,loading,94.903,27.098,99.989,2.2000000178813934,0.0,0.0,0.0,86.005,1.1214,0.0
344.0,run_20260917_174825,,loading,loading,94.895,27.092,99.989,2.2000000178813934,0.0,0.0,0.0,86.005,1.123,0.0
345.0,run_20260917_174825,,loading,loading,94.888,27.087,99.989,2.2000000178813934,0.0,0.0,0.0,86.005,1.1247,0.0
346.0,run_20260917_174825,,loading,loading,94.88,27.081,99.989,2.2000000178813934,0.0,0.0,0.0,86.005,1.1264,0.0
347.0,run_20260917_174825,,loading,loading,94.873,27.075,99.989,2.2000000178813934,0.0,0.0,0.0,86.005,1.128,0.0
348.0,run_20260917_174825,,loading,loading,94.865,27.07,99.989,2.2000000178813934,0.0,0.0,0.0,86.005,1.1297,0.0
349.0,run_20260917_174825,,loading,loading,94.857,27.064,99.989,2.2000000178813934,0.0,0.0,0.0,86.005,1.1314,0.0
350.0,run_20260917_174825,,loading,loading,94.85,27.059,99.989,2.2000000178813934,0.0,0.0,0.0,86.005,1.133,0.0
351.0,run_20260917_174825,,loading,loading,94.842,27.053,99.989,2.2000000178813934,0.0,0.0,0.0,86.005,1.1347,0.0
352.0,run_20260917_174825,,loading,loading,94.835,27.048,99.989,2.2000000178813934,0.0,0.0,0.0,86.005,1.1364,0.0
353.0,run_20260917_174825,,loading,loading,94.827,27.042,99.989,2.2000000178813934,0.0,0.0,0.0,86.005,1.138,0.0
354.0,run_20260917_174825,,loading,loading,94.82,27.037,99.989,2.2000000178813934,0.0,0.0,0.0,86.005,1.1397,0.0
355.0,run_20260917_174825,,loading,loading,94.812,27.031,99.989,2.2000000178813934,0.0,0.0,0.0,86.005,1.1414,0.0
356.0,run_20260917_174825,,loading,loading,94.804,27.025,99.989,2.2000000178813934,0.0,0.0,0.0,86.005,1.143,0.0
357.0,run_20260917_174825,,loading,loading,94.797,27.02,99.989,2.2000000178813934,0.0,0.0,0.0,86.005,1.1447,0.0
358.0,run_20260917_174825,,loading,loading,94.789,27.014,99.989,2.2000000178813934,0.0,0.0,0.0,86.005,1.1464,0.0
359.0,run_20260917_174825,,loading,loading,94.782,27.009,99.989,2.2000000178813934,0.0,0.0,0.0,86.005,1.148,0.0
360.0,run_20260917_174825,,loading,loading,94.774,27.003,99.989,2.2000000178813934,0.0,0.0,0.0,86.005,1.1497,0.0
361.0,run_20260917_174825,,loading,loading,94.766,26.998,99.988,2.2000000178813934,0.0,0.0,0.0,86.005,1.1514,0.0
362.0,run_20260917_174825,,loading,loading,94.759,26.992,99.988,2.2000000178813934,0.0,0.0,0.0,86.005,1.153,0.0
363.0,run_20260917_174825,,waiting,waiting,94.751,26.987,99.988,3.0000000298023224,0.0,0.0,0.0,86.005,1.1547,0.0
364.0,run_20260917_174825,,driving,driving,94.742,26.993,99.988,3.0000000298023224,0.282,0.157,0.0378,86.043,1.1567,0.0
365.0,run_20260917_174825,,driving,driving,94.727,26.999,99.988,3.0000000298023224,0.263,0.147,0.1981,86.241,1.1601,0.0
366.0,run_20260917_174825,,driving,driving,94.718,26.994,99.988,3.0000000298023224,0.003,0.001,0.0455,86.286,1.1621,0.0
367.0,run_20260917_174825,,driving,driving,94.704,27.019,99.988,3.0000000298023224,0.722,0.402,0.1463,86.432,1.165,0.0
368.0,run_20260917_174825,,driving,driving,94.678,27.052,99.988,3.0000000298023224,0.897,0.5,0.4976,86.93,1.1709,0.0
369.0,run_20260917_174825,,driving,driving,94.651,27.084,99.988,3.0000000298023224,0.897,0.5,0.4855,87.416,1.1768,0.0
370.0,run_20260917_174825,,driving,driving,94.624,27.116,99.988,3.0000000298023224,0.89,0.496,0.5022,87.918,1.1827,0.0
371.0,run_20260917_174825,,driving,driving,94.597,27.149,99.988,3.0000000298023224,0.893,0.498,0.5013,88.419,1.1887,0.0
372.0,run_20260917_174825,,driving,driving,94.57,27.179,99.988,3.0000000298023224,0.844,0.47,0.4864,88.905,1.1945,0.0
373.0,run_20260917_174825,,driving,driving,94.545,27.211,99.988,3.0000000298023224,0.886,0.493,0.46,89.365,1.2001,0.0
374.0,run_20260917_174825,,driving,driving,94.519,27.243,99.988,3.0000000298023224,0.882,0.491,0.4719,89.837,1.2058,0.0
375.0,run_20260917_174825,,driving,driving,94.492,27.274,99.988,3.0000000298023224,0.856,0.477,0.4932,90.33,1.2117,0.0
376.0,run_20260917_174825,,driving,driving,94.466,27.304,99.988,3.0000000298023224,0.858,0.478,0.4928,90.823,1.2176,0.0
377.0,run_20260917_174825,,driving,driving,94.439,27.333,99.988,3.0000000298023224,0.801,0.446,0.4924,91.316,1.2235,0.0
378.0,run_20260917_174825,,driving,driving,94.413,27.365,99.988,3.0000000298023224,0.893,0.497,0.4653,91.781,1.2291,0.0
379.0,run_20260917_174825,,driving,driving,94.386,27.396,99.988,3.0000000298023224,0.877,0.489,0.4986,92.28,1.235,0.0
380.0,run_20260917_174825,,driving,driving,94.359,27.428,99.988,3.0000000298023224,0.884,0.493,0.4958,92.775,1.241,0.0
381.0,run_20260917_174825,,driving,driving,94.333,27.46,99.988,3.0000000298023224,0.89,0.496,0.4904,93.266,1.2468,0.0
382.0,run_20260917_174825,,driving,driving,94.306,27.492,99.987,3.0000000298023224,0.891,0.496,0.4959,93.762,1.2527,0.0
383.0,run_20260917_174825,,driving,driving,94.28,27.523,99.987,3.0000000298023224,0.88,0.49,0.4755,94.237,1.2585,0.0
384.0,run_20260917_174825,,driving,driving,94.253,27.554,99.987,3.0000000298023224,0.876,0.488,0.4941,94.731,1.2644,0.0
385.0,run_20260917_174825,,driving,driving,94.226,27.586,99.987,3.0000000298023224,0.896,0.499,0.5018,95.233,1.2703,0.0
386.0,run_20260917_174825,,driving,driving,94.199,27.613,99.987,3.0000000298023224,0.774,0.431,0.4817,95.715,1.2761,0.0
387.0,run_20260917_174825,,driving,driving,94.179,27.626,99.987,3.0000000298023224,0.452,0.252,0.3341,96.049,1.2807,0.0
388.0,run_20260917_174825,,driving,driving,94.167,27.622,99.987,3.0000000298023224,0.043,0.024,0.1026,96.151,1.2832,0.0
389.0,run_20260917_174825,,driving,driving,94.158,27.615,99.987,3.0000000298023224,0.0,0.0,0.0382,96.19,1.2852,0.0
390.0,run_20260917_174825,,unloading,unloading,94.151,27.609,99.987,3.0000000298023224,0.0,0.0,0.0,96.19,1.2869,0.0
391.0,run_20260917_174825,,unloading,unloading,94.143,27.603,99.987,3.0000000298023224,0.0,0.0,0.0,96.19,1.2885,0.0
392.0,run_20260917_174825,,unloading,unloading,94.135,27.597,99.987,3.0000000298023224,0.0,0.0,0.0,96.19,1.2902,0.0
393.0,run_20260917_174825,,unloading,unloading,94.128,27.591,99.987,3.0000000298023224,0.0,0.0,0.0,96.19,1.2919,0.0
394.0,run_20260917_174825,,unloading,unloading,94.12,27.585,99.987,3.0000000298023224,0.0,0.0,0.0,96.19,1.2935,0.0
395.0,run_20260917_174825,,unloading,unloading,94.113,27.579,99.987,3.0000000298023224,0.0,0.0,0.0,96.19,1.2952,0.0
396.0,run_20260917_174825,,unloading,unloading,94.105,27.572,99.987,3.0000000298023224,0.0,0.0,0.0,96.19,1.2969,0.0
397.0,run_20260917_174825,,unloading,unloading,94.098,27.566,99.987,3.0000000298023224,0.0,0.0,0.0,96.19,1.2985,0.0
398.0,run_20260917_174825,,unloading,unloading,94.09,27.56,99.987,3.0000000298023224,0.0,0.0,0.0,96.19,1.3002,0.0
399.0,run_20260917_174825,,unloading,unloading,94.082,27.554,99.987,3.0000000298023224,0.0,0.0,0.0,96.19,1.3019,0.0
400.0,run_20260917_174825,,unloading,unloading,94.075,27.548,99.987,3.0000000298023224,0.0,0.0,0.0,96.19,1.3035,0.0
401.0,run_20260917_174825,,unloading,unloading,94.067,27.542,99.987,3.0000000298023224,0.0,0.0,0.0,96.19,1.3052,0.0
402.0,run_20260917_174825,,unloading,unloading,94.06,27.536,99.987,3.0000000298023224,0.0,0.0,0.0,96.19,1.3069,0.0
403.0,run_20260917_174825,,unloading,unloading,94.052,27.53,99.987,3.0000000298023224,0.0,0.0,0.0,96.19,1.3085,0.0
404.0,run_20260917_174825,,unloading,unloading,94.045,27.524,99.987,3.0000000298023224,0.0,0.0,0.0,96.19,1.3102,0.0
405.0,run_20260917_174825,,unloading,unloading,94.037,27.517,99.987,3.0000000298023224,0.0,0.0,0.0,96.19,1.3119,0.0
406.0,run_20260917_174825,,unloading,unloading,94.029,27.511,99.987,3.0000000298023224,0.0,0.0,0.0,96.19,1.3135,0.0
407.0,run_20260917_174825,,unloading,unloading,94.022,27.505,99.987,3.0000000298023224,0.0,0.0,0.0,96.19,1.3152,0.0
408.0,run_20260917_174825,,unloading,unloading,94.014,27.499,99.987,3.0000000298023224,0.0,0.0,0.0,96.19,1.3169,0.0
409.0,run_20260917_174825,,unloading,unloading,94.007,27.493,99.987,3.0000000298023224,0.0,0.0,0.0,96.19,1.3185,0.0
410.0,run_20260917_174825,,unloading,unloading,93.999,27.487,99.987,3.0000000298023224,0.0,0.0,0.0,96.19,1.3202,0.0
411.0,run_20260917_174825,,unloading,unloading,93.991,27.481,99.987,3.0000000298023224,0.0,0.0,0.0,96.19,1.3219,0.0
412.0,run_20260917_174825,,unloading,unloading,93.984,27.475,99.987,3.0000000298023224,0.0,0.0,0.0,96.19,1.3235,0.0
413.0,run_20260917_174825,,unloading,unloading,93.976,27.469,99.987,3.0000000298023224,0.0,0.0,0.0,96.19,1.3252,0.0
414.0,run_20260917_174825,,unloading,unloading,93.969,27.463,99.987,3.0000000298023224,0.0,0.0,0.0,96.19,1.3269,0.0
415.0,run_20260917_174825,,unloading,unloading,93.961,27.457,99.987,3.0000000298023224,0.0,0.0,0.0,96.19,1.3285,0.0
416.0,run_20260917_174825,,unloading,unloading,93.954,27.451,99.987,3.0000000298023224,0.0,0.0,0.0,96.19,1.3302,0.0
417.0,run_20260917_174825,,unloading,unloading,93.946,27.445,99.987,3.0000000298023224,0.0,0.0,0.0,96.19,1.3319,0.0
418.0,run_20260917_174825,,unloading,unloading,93.938,27.439,99.987,3.0000000298023224,0.0,0.0,0.0,96.19,1.3335,0.0
419.0,run_20260917_174825,,unloading,unloading,93.931,27.433,99.987,3.0000000298023224,0.0,0.0,0.0,96.19,1.3352,0.0
420.0,run_20260917_174825,,waiting,waiting,93.923,27.427,99.987,0.0,0.0,0.0,0.0,96.19,1.3369,0.0
421.0,run_20260917_174825,,driving,driving,93.915,27.429,99.987,0.0,0.206,0.115,0.0255,96.215,1.3387,0.0
422.0,run_20260917_174825,,driving,driving,93.903,27.451,99.987,0.0,0.776,0.432,0.2099,96.425,1.3414,0.0
423.0,run_20260917_174825,,driving,driving,93.884,27.479,99.987,0.0,0.897,0.5,0.474,96.899,1.3455,0.0
424.0,run_20260917_174825,,driving,driving,93.865,27.506,99.987,0.0,0.897,0.5,0.4999,97.399,1.3496,0.0
425.0,run_20260917_174825,,driving,driving,93.846,27.533,99.986,0.0,0.885,0.493,0.5012,97.9,1.3538,0.0
426.0,run_20260917_174825,,driving,driving,93.827,27.56,99.986,0.0,0.897,0.5,0.499,98.399,1.358,0.0
427.004,run_20260917_174825,,driving,driving,93.808,27.586,99.986,0.0,0.886,0.494,0.4996,98.899,1.3622,0.0
428.0,run_20260917_174825,,driving,driving,93.789,27.613,99.986,0.0,0.893,0.497,0.4815,99.38,1.3663,0.0
429.0,run_20260917_174825,,driving,driving,93.77,27.64,99.986,0.0,0.897,0.5,0.4991,99.879,1.3705,0.0
430.0,run_20260917_174825,,driving,driving,93.751,27.667,99.986,0.0,0.897,0.5,0.4999,100.379,1.3747,0.0
431.0,run_20260917_174825,,driving,driving,93.732,27.694,99.986,0.0,0.883,0.492,0.4972,100.876,1.3789,0.0
432.0,run_20260917_174825,,driving,driving,93.714,27.721,99.986,0.0,0.897,0.5,0.4853,101.362,1.383,0.0
433.0,run_20260917_174825,,driving,driving,93.695,27.747,99.986,0.0,0.872,0.486,0.4944,101.856,1.3872,0.0
434.0,run_20260917_174825,,driving,driving,93.676,27.773,99.986,0.0,0.897,0.5,0.5009,102.357,1.3914,0.0
435.0,run_20260917_174825,,driving,driving,93.657,27.799,99.986,0.0,0.862,0.48,0.5013,102.858,1.3956,0.0
436.0,run_20260917_174825,,driving,driving,93.638,27.825,99.986,0.0,0.864,0.481,0.4936,103.352,1.3997,0.0
437.0,run_20260917_174825,,driving,driving,93.619,27.851,99.986,0.0,0.89,0.496,0.4809,103.833,1.4038,0.0
438.0,run_20260917_174825,,driving,driving,93.6,27.878,99.986,0.0,0.893,0.498,0.4985,104.331,1.408,0.0
439.0,run_20260917_174825,,driving,driving,93.581,27.903,99.986,0.0,0.868,0.483,0.498,104.829,1.4122,0.0
440.0,run_20260917_174825,,driving,driving,93.562,27.93,99.986,0.0,0.887,0.494,0.4984,105.327,1.4164,0.0
441.0,run_20260917_174825,,driving,driving,93.544,27.949,99.986,0.0,0.693,0.386,0.4483,105.776,1.4203,0.0
442.0,run_20260917_174825,,driving,driving,93.531,27.942,99.986,0.0,0.0,0.0,0.2524,106.028,1.4233,0.0
443.0,run_20260917_174825,,loading,loading,93.523,27.936,99.986,0.0,0.0,0.0,0.0,106.028,1.4249,0.0
444.0,run_20260917_174825,,loading,loading,93.515,27.929,99.986,0.0,0.0,0.0,0.0,106.028,1.4266,0.0
445.0,run_20260917_174825,,loading,loading,93.508,27.923,99.986,0.0,0.0,0.0,0.0,106.028,1.4283,0.0
446.0,run_20260917_174825,,loading,loading,93.5,27.916,99.986,0.0,0.0,0.0,0.0,106.028,1.4299,0.0
447.0,run_20260917_174825,,loading,loading,93.493,27.91,99.986,0.0,0.0,0.0,0.0,106.028,1.4316,0.0
448.0,run_20260917_174825,,loading,loading,93.485,27.903,99.986,0.0,0.0,0.0,0.0,106.028,1.4333,0.0
449.0,run_20260917_174825,,loading,loading,93.478,27.897,99.986,0.0,0.0,0.0,0.0,106.028,1.4349,0.0
450.0,run_20260917_174825,,loading,loading,93.47,27.89,99.986,0.0,0.0,0.0,0.0,106.028,1.4366,0.0
451.0,run_20260917_174825,,loading,loading,93.462,27.884,99.986,0.0,0.0,0.0,0.0,106.028,1.4383,0.0
452.0,run_20260917_174825,,loading,loading,93.455,27.877,99.986,0.0,0.0,0.0,0.0,106.028,1.4399,0.0
453.0,run_20260917_174825,,loading,loading,93.447,27.871,99.986,0.0,0.0,0.0,0.0,106.028,1.4416,0.0
454.0,run_20260917_174825,,loading,loading,93.44,27.864,99.986,0.0,0.0,0.0,0.0,106.028,1.4433,0.0
455.0,run_20260917_174825,,loading,loading,93.432,27.858,99.986,0.0,0.0,0.0,0.0,106.028,1.4449,0.0
456.0,run_20260917_174825,,loading,loading,93.425,27.851,99.986,0.0,0.0,0.0,0.0,106.028,1.4466,0.0
457.0,run_20260917_174825,,loading,loading,93.417,27.845,99.986,0.0,0.0,0.0,0.0,106.028,1.4483,0.0
458.0,run_20260917_174825,,loading,loading,93.409,27.839,99.986,0.0,0.0,0.0,0.0,106.028,1.4499,0.0
459.0,run_20260917_174825,,loading,loading,93.402,27.832,99.985,0.0,0.0,0.0,0.0,106.028,1.4516,0.0
460.0,run_20260917_174825,,loading,loading,93.394,27.826,99.985,0.0,0.0,0.0,0.0,106.028,1.4533,0.0
461.0,run_20260917_174825,,loading,loading,93.387,27.819,99.985,0.0,0.0,0.0,0.0,106.028,1.4549,0.0
462.0,run_20260917_174825,,loading,loading,93.379,27.813,99.985,0.0,0.0,0.0,0.0,106.028,1.4566,0.0
463.0,run_20260917_174825,,loading,loading,93.372,27.807,99.985,0.0,0.0,0.0,0.0,106.028,1.4583,0.0
464.0,run_20260917_174825,,loading,loading,93.364,27.8,99.985,0.0,0.0,0.0,0.0,106.028,1.4599,0.0
465.0,run_20260917_174825,,loading,loading,93.356,27.794,99.985,0.0,0.0,0.0,0.0,106.028,1.4616,0.0
466.0,run_20260917_174825,,loading,loading,93.349,27.787,99.985,0.0,0.0,0.0,0.0,106.028,1.4633,0.0
467.0,run_20260917_174825,,loading,loading,93.341,27.781,99.985,0.0,0.0,0.0,0.0,106.028,1.4649,0.0
468.0,run_20260917_174825,,loading,loading,93.334,27.775,99.985,0.0,0.0,0.0,0.0,106.028,1.4666,0.0
469.0,run_20260917_174825,,loading,loading,93.326,27.768,99.985,0.0,0.0,0.0,0.0,106.028,1.4683,0.0
470.0,run_20260917_174825,,loading,loading,93.318,27.762,99.985,0.0,0.0,0.0,0.0,106.028,1.4699,0.0
471.0,run_20260917_174825,,loading,loading,93.311,27.756,99.985,0.0,0.0,0.0,0.0,106.028,1.4716,0.0
472.0,run_20260917_174825,,loading,loading,93.303,27.749,99.985,0.0,0.0,0.0,0.0,106.028,1.4733,0.0
473.0,run_20260917_174825,,waiting,waiting,93.296,27.743,99.985,0.5,0.0,0.0,0.0,106.028,1.4749,0.0
474.0,run_20260917_174825,,driving,driving,93.287,27.748,99.985,0.5,0.295,0.164,0.0375,106.066,1.4768,0.0
475.0,run_20260917_174825,,driving,driving,93.274,27.753,99.985,0.5,0.303,0.169,0.2198,106.286,1.4797,0.0
476.004,run_20260917_174825,,driving,driving,93.264,27.748,99.985,0.5,0.042,0.023,0.0806,106.366,1.4818,0.0
477.0,run_20260917_174825,,driving,driving,93.255,27.76,99.985,0.5,0.466,0.26,0.0691,106.435,1.4839,0.0
478.0,run_20260917_174825,,driving,driving,93.237,27.786,99.985,0.5,0.875,0.488,0.4234,106.859,1.4879,0.0
479.0,run_20260917_174825,,driving,driving,93.216,27.814,99.985,0.5,0.883,0.492,0.5022,107.361,1.4924,0.0
480.0,run_20260917_174825,,driving,driving,93.196,27.841,99.985,0.5,0.881,0.491,0.5007,107.862,1.4969,0.0
481.004,run_20260917_174825,,driving,driving,93.175,27.868,99.985,0.5,0.881,0.491,0.4993,108.361,1.5014,0.0
482.0,run_20260917_174825,,driving,driving,93.155,27.895,99.985,0.5,0.894,0.498,0.48,108.841,1.5058,0.0
483.0,run_20260917_174825,,driving,driving,93.135,27.921,99.985,0.5,0.849,0.473,0.4905,109.331,1.5102,0.0
484.0,run_20260917_174825,,driving,driving,93.115,27.948,99.985,0.5,0.897,0.5,0.4935,109.825,1.5147,0.0
485.0,run_20260917_174825,,driving,driving,93.095,27.976,99.985,0.5,0.895,0.499,0.5022,110.327,1.5192,0.0
486.0,run_20260917_174825,,driving,driving,93.075,28.003,99.985,0.5,0.897,0.5,0.486,110.813,1.5236,0.0
487.0,run_20260917_174825,,driving,driving,93.055,28.018,99.985,0.5,0.574,0.32,0.4853,111.298,1.528,0.0
488.0,run_20260917_174825,,driving,driving,93.043,28.019,99.985,0.5,0.191,0.106,0.1653,111.464,1.5306,0.0
489.0,run_20260917_174825,,driving,driving,93.031,28.02,99.985,0.5,0.212,0.118,0.1575,111.621,1.5332,0.0
490.0,run_20260917_174825,,driving,driving,93.02,28.024,99.985,0.5,0.277,0.155,0.1164,111.738,1.5355,0.0
491.0,run_20260917_174825,,driving,driving,93.006,28.045,99.985,0.5,0.731,0.407,0.2728,112.01,1.5387,0.0
492.0,run_20260917_174825,,driving,driving,92.987,28.07,99.985,0.5,0.827,0.461,0.4377,112.448,1.5428,0.0
493.0,run_20260917_174825,,driving,driving,92.968,28.096,99.985,0.5,0.853,0.475,0.4617,112.91,1.5471,0.0
494.0,run_20260917_174825,,driving,driving,92.948,28.122,99.984,0.5,0.866,0.483,0.4905,113.4,1.5515,0.0
495.0,run_20260917_174825,,driving,driving,92.928,28.149,99.984,0.5,0.893,0.497,0.4795,113.88,1.5559,0.0
496.0,run_20260917_174825,,driving,driving,92.907,28.176,99.984,0.5,0.894,0.498,0.4941,114.374,1.5604,0.0
497.0,run_20260917_174825,,driving,driving,92.887,28.203,99.984,0.5,0.894,0.498,0.5016,114.875,1.5649,0.0
498.0,run_20260917_174825,,driving,driving,92.866,28.23,99.984,0.5,0.886,0.493,0.499,115.374,1.5694,0.0
499.0,run_20260917_174825,,driving,driving,92.846,28.256,99.984,0.5,0.857,0.478,0.4917,115.866,1.5738,0.0
500.0,run_20260917_174825,,driving,driving,92.826,28.283,99.984,0.5,0.89,0.496,0.4794,116.345,1.5782,0.0
501.0,run_20260917_174825,,driving,driving,92.806,28.309,99.984,0.5,0.875,0.488,0.5005,116.846,1.5827,0.0
502.0,run_20260917_174825,,driving,driving,92.785,28.336,99.984,0.5,0.897,0.5,0.5012,117.347,1.5872,0.0
503.0,run_20260917_174825,,driving,driving,92.765,28.363,99.984,0.5,0.897,0.5,0.5021,117.849,1.5917,0.0
504.0,run_20260917_174825,,driving,driving,92.745,28.39,99.984,0.5,0.897,0.5,0.4829,118.332,1.5961,0.0
505.0,run_20260917_174825,,driving,driving,92.725,28.416,99.984,0.5,0.864,0.481,0.4997,118.832,1.6006,0.0
506.0,run_20260917_174825,,driving,driving,92.704,28.442,99.984,0.5,0.891,0.496,0.4988,119.331,1.6051,0.0
507.0,run_20260917_174825,,driving,driving,92.684,28.469,99.984,0.5,0.897,0.5,0.4993,119.83,1.6096,0.0
508.0,run_20260917_174825,,driving,driving,92.663,28.496,99.984,0.5,0.883,0.492,0.5033,120.333,1.6141,0.0
509.0,run_20260917_174825,,driving,driving,92.643,28.522,99.984,0.5,0.877,0.489,0.4806,120.814,1.6185,0.0
510.0,run_20260917_174825,,driving,driving,92.623,28.548,99.984,0.5,0.887,0.494,0.4997,121.314,1.623,0.0
511.0,run_20260917_174825,,driving,driving,92.602,28.574,99.984,0.5,0.87,0.485,0.4993,121.813,1.6275,0.0
512.0,run_20260917_174825,,driving,driving,92.582,28.601,99.984,0.5,0.897,0.5,0.4994,122.313,1.6319,0.0
513.0,run_20260917_174825,,driving,driving,92.562,28.628,99.984,0.5,0.897,0.5,0.4834,122.796,1.6364,0.0
514.0,run_20260917_174825,,driving,driving,92.541,28.654,99.984,0.5,0.897,0.5,0.5037,123.3,1.6409,0.0
515.0,run_20260917_174825,,driving,driving,92.522,28.673,99.984,0.5,0.689,0.384,0.4588,123.758,1.6451,0.0
516.004,run_20260917_174825,,loading,loading,92.51,28.666,99.984,0.5,0.0,0.0,0.1812,123.94,1.6478,0.0
517.0,run_20260917_174825,,loading,loading,92.502,28.659,99.984,0.5,0.0,0.0,0.0,123.94,1.6495,0.0
518.0,run_20260917_174825,,loading,loading,92.495,28.651,99.983,0.5,0.0,0.0,0.0,123.94,1.6512,0.0
519.0,run_20260917_174825,,loading,loading,92.487,28.644,99.983,0.5,0.0,0.0,0.0,123.94,1.6528,0.0
520.0,run_20260917_174825,,loading,loading,92.48,28.637,99.983,0.5,0.0,0.0,0.0,123.94,1.6545,0.0
521.0,run_20260917_174825,,loading,loading,92.472,28.629,99.983,0.5,0.0,0.0,0.0,123.94,1.6562,0.0
522.0,run_20260917_174825,,loading,loading,92.464,28.622,99.983,0.5,0.0,0.0,0.0,123.94,1.6578,0.0
523.0,run_20260917_174825,,loading,loading,92.457,28.615,99.983,0.5,0.0,0.0,0.0,123.94,1.6595,0.0
524.0,run_20260917_174825,,loading,loading,92.449,28.608,99.983,0.5,0.0,0.0,0.0,123.94,1.6612,0.0
525.0,run_20260917_174825,,loading,loading,92.442,28.6,99.983,0.5,0.0,0.0,0.0,123.94,1.6628,0.0
526.0,run_20260917_174825,,loading,loading,92.434,28.593,99.983,0.5,0.0,0.0,0.0,123.94,1.6645,0.0
527.0,run_20260917_174825,,loading,loading,92.427,28.586,99.983,0.5,0.0,0.0,0.0,123.94,1.6662,0.0
528.0,run_20260917_174825,,loading,loading,92.419,28.578,99.983,0.5,0.0,0.0,0.0,123.94,1.6678,0.0
529.0,run_20260917_174825,,loading,loading,92.411,28.571,99.983,0.5,0.0,0.0,0.0,123.94,1.6695,0.0
530.0,run_20260917_174825,,loading,loading,92.404,28.564,99.983,0.5,0.0,0.0,0.0,123.94,1.6712,0.0
531.0,run_20260917_174825,,loading,loading,92.396,28.557,99.983,0.5,0.0,0.0,0.0,123.94,1.6728,0.0
532.0,run_20260917_174825,,loading,loading,92.389,28.55,99.983,0.5,0.0,0.0,0.0,123.94,1.6745,0.0
533.0,run_20260917_174825,,loading,loading,92.381,28.542,99.983,0.5,0.0,0.0,0.0,123.94,1.6762,0.0
534.0,run_20260917_174825,,loading,loading,92.374,28.535,99.983,0.5,0.0,0.0,0.0,123.94,1.6778,0.0
535.0,run_20260917_174825,,loading,loading,92.366,28.528,99.983,0.5,0.0,0.0,0.0,123.94,1.6795,0.0
536.0,run_20260917_174825,,loading,loading,92.358,28.521,99.983,0.5,0.0,0.0,0.0,123.94,1.6812,0.0
537.0,run_20260917_174825,,loading,loading,92.351,28.514,99.983,0.5,0.0,0.0,0.0,123.94,1.6828,0.0
538.0,run_20260917_174825,,loading,loading,92.343,28.506,99.983,0.5,0.0,0.0,0.0,123.94,1.6845,0.0
539.0,run_20260917_174825,,loading,loading,92.336,28.499,99.983,0.5,0.0,0.0,0.0,123.94,1.6862,0.0
540.0,run_20260917_174825,,loading,loading,92.328,28.492,99.983,0.5,0.0,0.0,0.0,123.94,1.6878,0.0
541.0,run_20260917_174825,,loading,loading,92.32,28.485,99.983,0.5,0.0,0.0,0.0,123.94,1.6895,0.0
542.0,run_20260917_174825,,loading,loading,92.313,28.478,99.983,0.5,0.0,0.0,0.0,123.94,1.6912,0.0
543.0,run_20260917_174825,,loading,loading,92.305,28.471,99.983,0.5,0.0,0.0,0.0,123.94,1.6928,0.0
544.0,run_20260917_174825,,loading,loading,92.298,28.464,99.983,0.5,0.0,0.0,0.0,123.94,1.6945,0.0
545.0,run_20260917_174825,,loading,loading,92.29,28.457,99.983,0.5,0.0,0.0,0.0,123.94,1.6962,0.0
546.0,run_20260917_174825,,loading,loading,92.283,28.449,99.983,0.5,0.0,0.0,0.0,123.94,1.6978,0.0
547.0,run_20260917_174825,,waiting,waiting,92.275,28.442,99.983,0.9000000059604645,0.0,0.0,0.0,123.94,1.6995,0.0
548.0,run_20260917_174825,,driving,driving,92.265,28.45,99.983,0.9000000059604645,0.373,0.208,0.1038,124.044,1.7018,0.0
549.0,run_20260917_174825,,driving,driving,92.252,28.45,99.983,0.9000000059604645,0.187,0.104,0.1725,124.216,1.7045,0.0
550.0,run_20260917_174825,,driving,driving,92.244,28.446,99.983,0.9000000059604645,0.081,0.045,0.0339,124.25,1.7064,0.0
551.0,run_20260917_174825,,driving,driving,92.228,28.473,99.983,0.9000000059604645,0.896,0.499,0.2745,124.524,1.7097,0.0
552.0,run_20260917_174825,,driving,driving,92.207,28.501,99.983,0.9000000059604645,0.891,0.496,0.5028,125.027,1.7145,0.0
553.0,run_20260917_174825,,driving,driving,92.185,28.528,99.983,0.9000000059604645,0.897,0.5,0.5037,125.531,1.7192,0.0
554.0,run_20260917_174825,,driving,driving,92.164,28.554,99.983,0.9000000059604645,0.84,0.468,0.4765,126.007,1.7238,0.0
555.0,run_20260917_174825,,driving,driving,92.144,28.58,99.983,0.9000000059604645,0.876,0.488,0.4626,126.47,1.7283,0.0
556.0,run_20260917_174825,,driving,driving,92.123,28.601,99.983,0.9000000059604645,0.735,0.41,0.4726,126.942,1.7329,0.0
557.0,run_20260917_174825,,driving,driving,92.103,28.628,99.983,0.9000000059604645,0.884,0.493,0.4688,127.411,1.7374,0.0
558.0,run_20260917_174825,,driving,driving,92.081,28.655,99.983,0.9000000059604645,0.869,0.484,0.4957,127.907,1.7421,0.0
559.0,run_20260917_174825,,driving,driving,92.061,28.68,99.983,0.9000000059604645,0.835,0.465,0.4681,128.375,1.7467,0.0
560.0,run_20260917_174825,,driving,driving,92.039,28.706,99.982,0.9000000059604645,0.884,0.493,0.4869,128.862,1.7513,0.0
561.0,run_20260917_174825,,driving,driving,92.018,28.733,99.982,0.9000000059604645,0.868,0.484,0.4905,129.352,1.756,0.0
562.0,run_20260917_174825,,driving,driving,91.997,28.758,99.982,0.9000000059604645,0.856,0.477,0.49,129.843,1.7607,0.0
563.0,run_20260917_174825,,driving,driving,91.976,28.785,99.982,0.9000000059604645,0.87,0.485,0.4783,130.321,1.7653,0.0
564.0,run_20260917_174825,,driving,driving,91.955,28.811,99.982,0.9000000059604645,0.874,0.487,0.486,130.807,1.7699,0.0
565.0,run_20260917_174825,,driving,driving,91.934,28.837,99.982,0.9000000059604645,0.864,0.482,0.4905,131.297,1.7746,0.0
566.0,run_20260917_174825,,driving,driving,91.913,28.861,99.982,0.9000000059604645,0.831,0.463,0.4717,131.769,1.7792,0.0
567.0,run_20260917_174825,,driving,driving,91.892,28.888,99.982,0.9000000059604645,0.877,0.489,0.4628,132.232,1.7837,0.0
568.0,run_20260917_174825,,driving,driving,91.871,28.914,99.982,0.9000000059604645,0.885,0.493,0.4903,132.722,1.7884,0.0
569.0,run_20260917_174825,,driving,driving,91.849,28.941,99.982,0.9000000059604645,0.892,0.497,0.5037,133.226,1.7931,0.0
570.0,run_20260917_174825,,driving,driving,91.829,28.959,99.982,0.9000000059604645,0.654,0.364,0.4508,133.677,1.7975,0.0
571.0,run_20260917_174825,,driving,driving,91.814,28.963,99.982,0.9000000059604645,0.31,0.173,0.2886,133.965,1.801,0.0
572.0,run_20260917_174825,,driving,driving,91.805,28.959,99.982,0.9000000059604645,0.078,0.044,0.055,134.02,1.803,0.0
573.0,run_20260917_174825,,unloading,unloading,91.796,28.951,99.982,0.9000000059604645,0.0,0.0,0.0267,134.047,1.8048,0.0
574.0,run_20260917_174825,,unloading,unloading,91.789,28.943,99.982,0.9000000059604645,0.0,0.0,0.0,134.047,1.8065,0.0
575.0,run_20260917_174825,,unloading,unloading,91.781,28.936,99.982,0.9000000059604645,0.0,0.0,0.0,134.047,1.8082,0.0
576.0,run_20260917_174825,,unloading,unloading,91.774,28.928,99.982,0.9000000059604645,0.0,0.0,0.0,134.047,1.8098,0.0
577.0,run_20260917_174825,,unloading,unloading,91.766,28.92,99.982,0.9000000059604645,0.0,0.0,0.0,134.047,1.8115,0.0
578.0,run_20260917_174825,,unloading,unloading,91.758,28.913,99.982,0.9000000059604645,0.0,0.0,0.0,134.047,1.8132,0.0
579.0,run_20260917_174825,,unloading,unloading,91.751,28.905,99.982,0.9000000059604645,0.0,0.0,0.0,134.047,1.8148,0.0
580.0,run_20260917_174825,,unloading,unloading,91.743,28.898,99.982,0.9000000059604645,0.0,0.0,0.0,134.047,1.8165,0.0
581.0,run_20260917_174825,,unloading,unloading,91.736,28.89,99.982,0.9000000059604645,0.0,0.0,0.0,134.047,1.8182,0.0
582.0,run_20260917_174825,,unloading,unloading,91.728,28.883,99.982,0.9000000059604645,0.0,0.0,0.0,134.047,1.8198,0.0
583.0,run_20260917_174825,,unloading,unloading,91.721,28.875,99.982,0.9000000059604645,0.0,0.0,0.0,134.047,1.8215,0.0
584.0,run_20260917_174825,,unloading,unloading,91.713,28.867,99.982,0.9000000059604645,0.0,0.0,0.0,134.047,1.8232,0.0
585.0,run_20260917_174825,,unloading,unloading,91.705,28.86,99.982,0.9000000059604645,0.0,0.0,0.0,134.047,1.8248,0.0
586.0,run_20260917_174825,,unloading,unloading,91.698,28.852,99.982,0.9000000059604645,0.0,0.0,0.0,134.047,1.8265,0.0
587.0,run_20260917_174825,,unloading,unloading,91.69,28.845,99.982,0.9000000059604645,0.0,0.0,0.0,134.047,1.8282,0.0
588.0,run_20260917_174825,,unloading,unloading,91.683,28.837,99.982,0.9000000059604645,0.0,0.0,0.0,134.047,1.8298,0.0
589.0,run_20260917_174825,,unloading,unloading,91.675,28.83,99.982,0.9000000059604645,0.0,0.0,0.0,134.047,1.8315,0.0
590.0,run_20260917_174825,,unloading,unloading,91.667,28.822,99.982,0.9000000059604645,0.0,0.0,0.0,134.047,1.8332,0.0
591.0,run_20260917_174825,,unloading,unloading,91.66,28.815,99.982,0.9000000059604645,0.0,0.0,0.0,134.047,1.8348,0.0
592.0,run_20260917_174825,,unloading,unloading,91.652,28.807,99.982,0.9000000059604645,0.0,0.0,0.0,134.047,1.8365,0.0
593.0,run_20260917_174825,,unloading,unloading,91.645,28.8,99.982,0.9000000059604645,0.0,0.0,0.0,134.047,1.8382,0.0
594.0,run_20260917_174825,,unloading,unloading,91.637,28.792,99.982,0.9000000059604645,0.0,0.0,0.0,134.047,1.8398,0.0
595.0,run_20260917_174825,,unloading,unloading,91.63,28.785,99.982,0.9000000059604645,0.0,0.0,0.0,134.047,1.8415,0.0
596.0,run_20260917_174825,,unloading,unloading,91.622,28.777,99.982,0.9000000059604645,0.0,0.0,0.0,134.047,1.8432,0.0
597.0,run_20260917_174825,,unloading,unloading,91.614,28.77,99.982,0.9000000059604645,0.0,0.0,0.0,134.047,1.8448,0.0
598.0,run_20260917_174825,,unloading,unloading,91.607,28.762,99.982,0.9000000059604645,0.0,0.0,0.0,134.047,1.8465,0.0
599.0,run_20260917_174825,,unloading,unloading,91.599,28.755,99.982,0.9000000059604645,0.0,0.0,0.0,134.047,1.8482,0.0
600.0,run_20260917_174825,,unloading,unloading,91.592,28.748,99.982,0.9000000059604645,0.0,0.0,0.0,134.047,1.8498,0.0
601.0,run_20260917_174825,,unloading,unloading,91.584,28.74,99.981,0.9000000059604645,0.0,0.0,0.0,134.047,1.8515,0.0
602.0,run_20260917_174825,,unloading,unloading,91.577,28.733,99.981,0.9000000059604645,0.0,0.0,0.0,134.047,1.8532,0.0
603.0,run_20260917_174825,,waiting,waiting,91.569,28.725,99.981,0.0,0.0,0.0,0.0,134.047,1.8548,0.0
604.0,run_20260917_174825,,waiting,waiting,91.561,28.718,99.981,0.0,0.0,0.0,0.0,134.047,1.8565,0.0
605.0,run_20260917_174825,,driving,driving,91.552,28.718,99.981,0.0,0.198,0.11,0.0612,134.108,1.8585,0.0
606.0,run_20260917_174825,,driving,driving,91.539,28.741,99.981,0.0,0.818,0.456,0.2577,134.366,1.8614,0.0
607.0,run_20260917_174825,,driving,driving,91.52,28.766,99.981,0.0,0.897,0.499,0.4934,134.859,1.8656,0.0
608.0,run_20260917_174825,,driving,driving,91.501,28.792,99.981,0.0,0.888,0.495,0.4784,135.338,1.8697,0.0
609.0,run_20260917_174825,,driving,driving,91.482,28.818,99.981,0.0,0.896,0.499,0.5003,135.838,1.8739,0.0
610.0,run_20260917_174825,,driving,driving,91.463,28.843,99.981,0.0,0.897,0.5,0.5038,136.342,1.8781,0.0
611.0,run_20260917_174825,,driving,driving,91.444,28.869,99.981,0.0,0.897,0.5,0.5021,136.844,1.8824,0.0
612.0,run_20260917_174825,,driving,driving,91.425,28.894,99.981,0.0,0.895,0.499,0.4844,137.328,1.8865,0.0
613.0,run_20260917_174825,,driving,driving,91.406,28.92,99.981,0.0,0.896,0.499,0.5022,137.83,1.8907,0.0
614.0,run_20260917_174825,,driving,driving,91.387,28.946,99.981,0.0,0.896,0.499,0.5019,138.332,1.8949,0.0
615.0,run_20260917_174825,,driving,driving,91.368,28.971,99.981,0.0,0.897,0.5,0.5015,138.834,1.8991,0.0
616.0,run_20260917_174825,,driving,driving,91.348,28.996,99.981,0.0,0.891,0.497,0.5001,139.334,1.9033,0.0
617.0,run_20260917_174825,,driving,driving,91.33,29.022,99.981,0.0,0.892,0.497,0.481,139.815,1.9074,0.0
618.0,run_20260917_174825,,driving,driving,91.311,29.047,99.981,0.0,0.897,0.5,0.5029,140.318,1.9117,0.0
619.0,run_20260917_174825,,driving,driving,91.291,29.073,99.981,0.0,0.897,0.5,0.5018,140.82,1.9159,0.0
620.0,run_20260917_174825,,driving,driving,91.272,29.098,99.981,0.0,0.882,0.492,0.5018,141.321,1.9201,0.0
621.0,run_20260917_174825,,driving,driving,91.254,29.122,99.981,0.0,0.871,0.485,0.4748,141.796,1.9242,0.0
622.0,run_20260917_174825,,driving,driving,91.235,29.147,99.981,0.0,0.879,0.49,0.4988,142.295,1.9284,0.0
623.0,run_20260917_174825,,driving,driving,91.215,29.172,99.981,0.0,0.897,0.5,0.5021,142.797,1.9326,0.0
624.0,run_20260917_174825,,driving,driving,91.196,29.196,99.981,0.0,0.874,0.487,0.5009,143.298,1.9368,0.0
625.0,run_20260917_174825,,driving,driving,91.178,29.216,99.981,0.0,0.731,0.407,0.4774,143.775,1.9409,0.0
626.0,run_20260917_174825,,driving,driving,91.164,29.208,99.981,0.0,0.0,0.0,0.2703,144.046,1.9439,0.0
627.0,run_20260917_174825,,loading,loading,91.156,29.2,99.981,0.0,0.0,0.0,0.0,144.046,1.9456,0.0
628.0,run_20260917_174825,,loading,loading,91.149,29.192,99.981,0.0,0.0,0.0,0.0,144.046,1.9473,0.0
629.0,run_20260917_174825,,loading,loading,91.141,29.184,99.981,0.0,0.0,0.0,0.0,144.046,1.9489,0.0
630.0,run_20260917_174825,,loading,loading,91.134,29.176,99.98,0.0,0.0,0.0,0.0,144.046,1.9506,0.0
631.0,run_20260917_174825,,loading,loading,91.126,29.168,99.98,0.0,0.0,0.0,0.0,144.046,1.9523,0.0
632.0,run_20260917_174825,,loading,loading,91.118,29.16,99.98,0.0,0.0,0.0,0.0,144.046,1.9539,0.0
633.0,run_20260917_174825,,loading,loading,91.111,29.152,99.98,0.0,0.0,0.0,0.0,144.046,1.9556,0.0
634.0,run_20260917_174825,,loading,loading,91.103,29.144,99.98,0.0,0.0,0.0,0.0,144.046,1.9573,0.0
635.0,run_20260917_174825,,loading,loading,91.096,29.137,99.98,0.0,0.0,0.0,0.0,144.046,1.9589,0.0
636.0,run_20260917_174825,,loading,loading,91.088,29.129,99.98,0.0,0.0,0.0,0.0,144.046,1.9606,0.0
637.0,run_20260917_174825,,loading,loading,91.081,29.121,99.98,0.0,0.0,0.0,0.0,144.046,1.9623,0.0
638.0,run_20260917_174825,,loading,loading,91.073,29.113,99.98,0.0,0.0,0.0,0.0,144.046,1.9639,0.0
639.0,run_20260917_174825,,loading,loading,91.065,29.105,99.98,0.0,0.0,0.0,0.0,144.046,1.9656,0.0
640.0,run_20260917_174825,,loading,loading,91.058,29.097,99.98,0.0,0.0,0.0,0.0,144.046,1.9673,0.0
641.0,run_20260917_174825,,loading,loading,91.05,29.09,99.98,0.0,0.0,0.0,0.0,144.046,1.9689,0.0
642.0,run_20260917_174825,,loading,loading,91.043,29.082,99.98,0.0,0.0,0.0,0.0,144.046,1.9706,0.0
643.0,run_20260917_174825,,loading,loading,91.035,29.074,99.98,0.0,0.0,0.0,0.0,144.046,1.9723,0.0
644.0,run_20260917_174825,,loading,loading,91.028,29.066,99.98,0.0,0.0,0.0,0.0,144.046,1.9739,0.0
645.0,run_20260917_174825,,loading,loading,91.02,29.058,99.98,0.0,0.0,0.0,0.0,144.046,1.9756,0.0
646.0,run_20260917_174825,,loading,loading,91.012,29.051,99.98,0.0,0.0,0.0,0.0,144.046,1.9773,0.0
647.0,run_20260917_174825,,loading,loading,91.005,29.043,99.98,0.0,0.0,0.0,0.0,144.046,1.9789,0.0
648.0,run_20260917_174825,,loading,loading,90.997,29.035,99.98,0.0,0.0,0.0,0.0,144.046,1.9806,0.0
649.0,run_20260917_174825,,loading,loading,90.99,29.027,99.98,0.0,0.0,0.0,0.0,144.046,1.9823,0.0
650.0,run_20260917_174825,,loading,loading,90.982,29.02,99.98,0.0,0.0,0.0,0.0,144.046,1.9839,0.0
651.0,run_20260917_174825,,loading,loading,90.974,29.012,99.98,0.0,0.0,0.0,0.0,144.046,1.9856,0.0
652.0,run_20260917_174825,,loading,loading,90.967,29.004,99.98,0.0,0.0,0.0,0.0,144.046,1.9873,0.0
653.0,run_20260917_174825,,loading,loading,90.959,28.997,99.98,0.0,0.0,0.0,0.0,144.046,1.9889,0.0
654.0,run_20260917_174825,,loading,loading,90.952,28.989,99.98,0.0,0.0,0.0,0.0,144.046,1.9906,0.0
655.0,run_20260917_174825,,loading,loading,90.944,28.981,99.98,0.0,0.0,0.0,0.0,144.046,1.9923,0.0
656.0,run_20260917_174825,,loading,loading,90.937,28.974,99.98,0.0,0.0,0.0,0.0,144.046,1.9939,0.0
657.0,run_20260917_174825,,waiting,waiting,90.929,28.966,99.98,0.4000000059604645,0.0,0.0,0.0,144.046,1.9956,0.0
658.0,run_20260917_174825,,driving,driving,90.92,28.97,99.98,0.4000000059604645,0.3,0.167,0.0457,144.091,1.9975,0.0
659.0,run_20260917_174825,,driving,driving,90.908,28.969,99.98,0.4000000059604645,0.2,0.111,0.1842,144.276,2.0002,0.0
660.0,run_20260917_174825,,driving,driving,90.9,28.965,99.98,0.4000000059604645,0.074,0.041,0.027,144.303,2.002,0.0
661.0,run_20260917_174825,,driving,driving,90.885,28.991,99.98,0.4000000059604645,0.897,0.5,0.2799,144.582,2.0053,0.0
662.0,run_20260917_174825,,driving,driving,90.865,29.017,99.98,0.4000000059604645,0.897,0.5,0.4857,145.068,2.0096,0.0
663.0,run_20260917_174825,,driving,driving,90.845,29.043,99.98,0.4000000059604645,0.896,0.499,0.5037,145.572,2.0141,0.0
664.0,run_20260917_174825,,driving,driving,90.825,29.069,99.98,0.4000000059604645,0.888,0.495,0.5019,146.074,2.0185,0.0
665.0,run_20260917_174825,,driving,driving,90.805,29.094,99.98,0.4000000059604645,0.872,0.486,0.4882,146.562,2.0229,0.0
666.0,run_20260917_174825,,driving,driving,90.785,29.117,99.98,0.4000000059604645,0.818,0.456,0.4718,147.034,2.0272,0.0
667.0,run_20260917_174825,,driving,driving,90.767,29.143,99.98,0.4000000059604645,0.897,0.5,0.4108,147.445,2.0312,0.0
668.0,run_20260917_174825,,driving,driving,90.747,29.169,99.98,0.4000000059604645,0.89,0.496,0.5038,147.949,2.0356,0.0
669.0,run_20260917_174825,,driving,driving,90.727,29.192,99.98,0.4000000059604645,0.827,0.461,0.5013,148.45,2.0401,0.0
670.0,run_20260917_174825,,driving,driving,90.707,29.218,99.98,0.4000000059604645,0.896,0.499,0.4883,148.938,2.0444,0.0
671.004,run_20260917_174825,,driving,driving,90.687,29.244,99.98,0.4000000059604645,0.897,0.5,0.4859,149.424,2.0488,0.0
672.0,run_20260917_174825,,driving,driving,90.667,29.27,99.979,0.4000000059604645,0.892,0.497,0.5014,149.925,2.0533,0.0
673.0,run_20260917_174825,,driving,driving,90.647,29.295,99.979,0.4000000059604645,0.897,0.5,0.5021,150.428,2.0577,0.0
674.0,run_20260917_174825,,driving,driving,90.626,29.321,99.979,0.4000000059604645,0.897,0.5,0.5037,150.931,2.0622,0.0
675.0,run_20260917_174825,,driving,driving,90.607,29.347,99.979,0.4000000059604645,0.897,0.5,0.485,151.416,2.0666,0.0
676.0,run_20260917_174825,,driving,driving,90.586,29.372,99.979,0.4000000059604645,0.886,0.493,0.5014,151.918,2.071,0.0
677.0,run_20260917_174825,,driving,driving,90.566,29.398,99.979,0.4000000059604645,0.896,0.499,0.5001,152.418,2.0755,0.0
678.0,run_20260917_174825,,driving,driving,90.546,29.424,99.979,0.4000000059604645,0.896,0.499,0.5021,152.92,2.0799,0.0
679.0,run_20260917_174825,,driving,driving,90.526,29.45,99.979,0.4000000059604645,0.897,0.5,0.5031,153.423,2.0844,0.0
680.0,run_20260917_174825,,driving,driving,90.506,29.475,99.979,0.4000000059604645,0.897,0.5,0.4835,153.906,2.0887,0.0
681.0,run_20260917_174825,,driving,driving,90.485,29.501,99.979,0.4000000059604645,0.897,0.5,0.5018,154.408,2.0932,0.0
682.0,run_20260917_174825,,driving,driving,90.465,29.526,99.979,0.4000000059604645,0.897,0.5,0.4977,154.906,2.0976,0.0
683.0,run_20260917_174825,,driving,driving,90.446,29.549,99.979,0.4000000059604645,0.814,0.454,0.4814,155.387,2.102,0.0
684.0,run_20260917_174825,,driving,driving,90.426,29.574,99.979,0.4000000059604645,0.872,0.486,0.4814,155.869,2.1063,0.0
685.0,run_20260917_174825,,driving,driving,90.406,29.599,99.979,0.4000000059604645,0.895,0.499,0.4801,156.349,2.1107,0.0
686.0,run_20260917_174825,,driving,driving,90.386,29.624,99.979,0.4000000059604645,0.896,0.499,0.4989,156.848,2.1151,0.0
687.0,run_20260917_174825,,driving,driving,90.366,29.65,99.979,0.4000000059604645,0.889,0.495,0.4996,157.347,2.1195,0.0
688.0,run_20260917_174825,,driving,driving,90.345,29.675,99.979,0.4000000059604645,0.886,0.494,0.4995,157.847,2.124,0.0
689.0,run_20260917_174825,,driving,driving,90.326,29.7,99.979,0.4000000059604645,0.897,0.5,0.4796,158.326,2.1283,0.0
690.0,run_20260917_174825,,driving,driving,90.307,29.724,99.979,0.4000000059604645,0.847,0.472,0.4258,158.752,2.1324,0.0
691.0,run_20260917_174825,,driving,driving,90.288,29.749,99.979,0.4000000059604645,0.888,0.495,0.4827,159.235,2.1367,0.0
692.0,run_20260917_174825,,driving,driving,90.267,29.773,99.979,0.4000000059604645,0.879,0.49,0.4973,159.732,2.1412,0.0
693.0,run_20260917_174825,,driving,driving,90.248,29.799,99.979,0.4000000059604645,0.897,0.5,0.4784,160.21,2.1455,0.0
694.0,run_20260917_174825,,driving,driving,90.228,29.824,99.979,0.4000000059604645,0.89,0.496,0.5003,160.711,2.1499,0.0
695.0,run_20260917_174825,,driving,driving,90.207,29.848,99.978,0.4000000059604645,0.886,0.494,0.5017,161.212,2.1544,0.0
696.0,run_20260917_174825,,driving,driving,90.189,29.864,99.978,0.4000000059604645,0.646,0.36,0.4292,161.642,2.1585,0.0
697.0,run_20260917_174825,,loading,loading,90.177,29.855,99.978,0.4000000059604645,0.0,0.0,0.1568,161.798,2.161,0.0
698.0,run_20260917_174825,,loading,loading,90.17,29.847,99.978,0.4000000059604645,0.0,0.0,0.0,161.798,2.1627,0.0
699.0,run_20260917_174825,,loading,loading,90.162,29.838,99.978,0.4000000059604645,0.0,0.0,0.0,161.798,2.1643,0.0
700.0,run_20260917_174825,,loading,loading,90.155,29.83,99.978,0.4000000059604645,0.0,0.0,0.0,161.798,2.166,0.0
701.0,run_20260917_174825,,loading,loading,90.147,29.821,99.978,0.4000000059604645,0.0,0.0,0.0,161.798,2.1677,0.0
702.0,run_20260917_174825,,loading,loading,90.139,29.812,99.978,0.4000000059604645,0.0,0.0,0.0,161.798,2.1693,0.0
703.0,run_20260917_174825,,loading,loading,90.132,29.804,99.978,0.4000000059604645,0.0,0.0,0.0,161.798,2.171,0.0
704.0,run_20260917_174825,,loading,loading,90.124,29.795,99.978,0.4000000059604645,0.0,0.0,0.0,161.798,2.1727,0.0
705.0,run_20260917_174825,,loading,loading,90.117,29.787,99.978,0.4000000059604645,0.0,0.0,0.0,161.798,2.1743,0.0
706.0,run_20260917_174825,,loading,loading,90.109,29.778,99.978,0.4000000059604645,0.0,0.0,0.0,161.798,2.176,0.0
707.0,run_20260917_174825,,loading,loading,90.102,29.769,99.978,0.4000000059604645,0.0,0.0,0.0,161.798,2.1777,0.0
708.0,run_20260917_174825,,loading,loading,90.094,29.761,99.978,0.4000000059604645,0.0,0.0,0.0,161.798,2.1793,0.0
709.0,run_20260917_174825,,loading,loading,90.086,29.752,99.978,0.4000000059604645,0.0,0.0,0.0,161.798,2.181,0.0
710.0,run_20260917_174825,,loading,loading,90.079,29.744,99.978,0.4000000059604645,0.0,0.0,0.0,161.798,2.1827,0.0
711.0,run_20260917_174825,,loading,loading,90.071,29.735,99.978,0.4000000059604645,0.0,0.0,0.0,161.798,2.1843,0.0
712.0,run_20260917_174825,,loading,loading,90.064,29.727,99.978,0.4000000059604645,0.0,0.0,0.0,161.798,2.186,0.0
713.0,run_20260917_174825,,loading,loading,90.056,29.718,99.978,0.4000000059604645,0.0,0.0,0.0,161.798,2.1877,0.0
714.0,run_20260917_174825,,loading,loading,90.048,29.71,99.978,0.4000000059604645,0.0,0.0,0.0,161.798,2.1893,0.0
715.0,run_20260917_174825,,loading,loading,90.041,29.701,99.978,0.4000000059604645,0.0,0.0,0.0,161.798,2.191,0.0
716.0,run_20260917_174825,,loading,loading,90.033,29.693,99.978,0.4000000059604645,0.0,0.0,0.0,161.798,2.1927,0.0
717.0,run_20260917_174825,,loading,loading,90.026,29.684,99.978,0.4000000059604645,0.0,0.0,0.0,161.798,2.1943,0.0
718.0,run_20260917_174825,,loading,loading,90.018,29.676,99.978,0.4000000059604645,0.0,0.0,0.0,161.798,2.196,0.0
719.0,run_20260917_174825,,loading,loading,90.011,29.668,99.978,0.4000000059604645,0.0,0.0,0.0,161.798,2.1977,0.0
720.0,run_20260917_174825,,loading,loading,90.003,29.659,99.978,0.4000000059604645,0.0,0.0,0.0,161.798,2.1993,0.0
721.0,run_20260917_174825,,loading,loading,89.995,29.651,99.978,0.4000000059604645,0.0,0.0,0.0,161.798,2.201,0.0
722.0,run_20260917_174825,,loading,loading,89.988,29.642,99.978,0.4000000059604645,0.0,0.0,0.0,161.798,2.2027,0.0
723.0,run_20260917_174825,,loading,loading,89.98,29.634,99.978,0.4000000059604645,0.0,0.0,0.0,161.798,2.2043,0.0
724.0,run_20260917_174825,,loading,loading,89.973,29.625,99.978,0.4000000059604645,0.0,0.0,0.0,161.798,2.206,0.0
725.0,run_20260917_174825,,loading,loading,89.965,29.617,99.978,0.4000000059604645,0.0,0.0,0.0,161.798,2.2077,0.0
726.0,run_20260917_174825,,loading,loading,89.958,29.609,99.978,0.4000000059604645,0.0,0.0,0.0,161.798,2.2093,0.0
727.0,run_20260917_174825,,waiting,waiting,89.95,29.6,99.978,1.4000000059604645,0.0,0.0,0.0,161.798,2.211,0.0
728.0,run_20260917_174825,,waiting,waiting,89.942,29.592,99.978,1.4000000059604645,0.0,0.0,0.0,161.798,2.2127,0.0
729.0,run_20260917_174825,,driving,driving,89.933,29.595,99.978,1.4000000059604645,0.281,0.157,0.0693,161.868,2.2148,0.0
730.0,run_20260917_174825,,driving,driving,89.921,29.59,99.978,1.4000000059604645,0.084,0.047,0.1424,162.01,2.2174,0.0
731.0,run_20260917_174825,,driving,driving,89.912,29.589,99.978,1.4000000059604645,0.181,0.101,0.0262,162.036,2.2193,0.0
732.0,run_20260917_174825,,driving,driving,89.893,29.615,99.978,1.4000000059604645,0.891,0.496,0.3702,162.407,2.2234,0.0
733.0,run_20260917_174825,,driving,driving,89.871,29.642,99.978,1.4000000059604645,0.889,0.496,0.4986,162.905,2.2285,0.0
734.0,run_20260917_174825,,driving,driving,89.848,29.669,99.978,1.4000000059604645,0.877,0.488,0.4796,163.385,2.2334,0.0
735.0,run_20260917_174825,,driving,driving,89.825,29.695,99.978,1.4000000059604645,0.875,0.488,0.4994,163.884,2.2384,0.0
736.0,run_20260917_174825,,driving,driving,89.803,29.721,99.978,1.4000000059604645,0.885,0.493,0.4907,164.375,2.2434,0.0
737.0,run_20260917_174825,,driving,driving,89.78,29.748,99.978,1.4000000059604645,0.883,0.492,0.5013,164.876,2.2484,0.0
738.0,run_20260917_174825,,driving,driving,89.758,29.775,99.977,1.4000000059604645,0.892,0.497,0.4756,165.352,2.2533,0.0
739.0,run_20260917_174825,,driving,driving,89.735,29.802,99.977,1.4000000059604645,0.897,0.5,0.5022,165.854,2.2584,0.0
740.0,run_20260917_174825,,driving,driving,89.712,29.829,99.977,1.4000000059604645,0.897,0.5,0.5039,166.358,2.2634,0.0
741.0,run_20260917_174825,,driving,driving,89.69,29.839,99.977,1.4000000059604645,0.484,0.269,0.4599,166.818,2.2682,0.0
742.0,run_20260917_174825,,driving,driving,89.675,29.862,99.977,1.4000000059604645,0.798,0.445,0.2536,167.071,2.2716,0.0
743.0,run_20260917_174825,,driving,driving,89.655,29.863,99.977,1.4000000059604645,0.239,0.133,0.3856,167.457,2.2759,0.0
744.0,run_20260917_174825,,driving,driving,89.646,29.865,99.977,1.4000000059604645,0.26,0.145,0.0399,167.497,2.2778,0.0
745.0,run_20260917_174825,,driving,driving,89.629,29.887,99.977,1.4000000059604645,0.799,0.445,0.325,167.822,2.2817,0.0
746.0,run_20260917_174825,,driving,driving,89.606,29.914,99.977,1.4000000059604645,0.897,0.5,0.4927,168.314,2.2866,0.0
747.0,run_20260917_174825,,driving,driving,89.584,29.94,99.977,1.4000000059604645,0.878,0.489,0.4885,168.803,2.2916,0.0
748.0,run_20260917_174825,,driving,driving,89.562,29.967,99.977,1.4000000059604645,0.885,0.493,0.4464,169.249,2.2963,0.0
749.0,run_20260917_174825,,driving,driving,89.539,29.993,99.977,1.4000000059604645,0.891,0.497,0.5003,169.75,2.3013,0.0
750.0,run_20260917_174825,,driving,driving,89.517,30.015,99.977,1.4000000059604645,0.779,0.434,0.4863,170.236,2.3063,0.0
751.0,run_20260917_174825,,driving,driving,89.494,30.041,99.977,1.4000000059604645,0.882,0.491,0.4899,170.726,2.3113,0.0
752.0,run_20260917_174825,,driving,driving,89.472,30.068,99.977,1.4000000059604645,0.896,0.499,0.4849,171.211,2.3162,0.0
753.0,run_20260917_174825,,driving,driving,89.449,30.088,99.977,1.4000000059604645,0.726,0.405,0.4783,171.689,2.3211,0.0
754.0,run_20260917_174825,,driving,driving,89.429,30.114,99.977,1.4000000059604645,0.882,0.491,0.4339,172.123,2.3257,0.0
755.0,run_20260917_174825,,driving,driving,89.406,30.14,99.977,1.4000000059604645,0.897,0.5,0.4988,172.622,2.3308,0.0
756.0,run_20260917_174825,,driving,driving,89.383,30.167,99.977,1.4000000059604645,0.897,0.5,0.484,173.106,2.3357,0.0
757.0,run_20260917_174825,,driving,driving,89.36,30.193,99.977,1.4000000059604645,0.89,0.496,0.5036,173.609,2.3408,0.0
758.0,run_20260917_174825,,driving,driving,89.337,30.22,99.977,1.4000000059604645,0.897,0.5,0.503,174.112,2.3458,0.0
759.0,run_20260917_174825,,driving,driving,89.314,30.245,99.976,1.4000000059604645,0.864,0.481,0.5021,174.614,2.3509,0.0
760.0,run_20260917_174825,,driving,driving,89.291,30.271,99.976,1.4000000059604645,0.897,0.5,0.5015,175.116,2.356,0.0
761.0,run_20260917_174825,,driving,driving,89.269,30.297,99.976,1.4000000059604645,0.885,0.493,0.483,175.599,2.3609,0.0
762.0,run_20260917_174825,,driving,driving,89.246,30.324,99.976,1.4000000059604645,0.891,0.496,0.5014,176.1,2.3659,0.0
763.0,run_20260917_174825,,driving,driving,89.223,30.35,99.976,1.4000000059604645,0.89,0.496,0.5001,176.6,2.371,0.0
764.0,run_20260917_174825,,driving,driving,89.2,30.375,99.976,1.4000000059604645,0.878,0.489,0.5021,177.103,2.3761,0.0
765.0,run_20260917_174825,,driving,driving,89.177,30.401,99.976,1.4000000059604645,0.896,0.499,0.4835,177.586,2.381,0.0
766.0,run_20260917_174825,,driving,driving,89.154,30.428,99.976,1.4000000059604645,0.896,0.499,0.5033,178.089,2.3861,0.0
767.0,run_20260917_174825,,driving,driving,89.131,30.454,99.976,1.4000000059604645,0.897,0.5,0.5033,178.593,2.3911,0.0
768.0,run_20260917_174825,,driving,driving,89.108,30.48,99.976,1.4000000059604645,0.895,0.499,0.5004,179.093,2.3962,0.0
769.0,run_20260917_174825,,driving,driving,89.085,30.506,99.976,1.4000000059604645,0.897,0.5,0.5029,179.596,2.4013,0.0
770.0,run_20260917_174825,,driving,driving,89.063,30.532,99.976,1.4000000059604645,0.897,0.5,0.484,180.08,2.4062,0.0
771.0,run_20260917_174825,,driving,driving,89.04,30.558,99.976,1.4000000059604645,0.891,0.496,0.4994,180.579,2.4113,0.0
772.0,run_20260917_174825,,driving,driving,89.019,30.573,99.976,1.4000000059604645,0.617,0.344,0.4264,181.006,2.4158,0.0
773.0,run_20260917_174825,,loading,loading,89.007,30.564,99.976,1.4000000059604645,0.0,0.0,0.1511,181.157,2.4185,0.0
774.0,run_20260917_174825,,loading,loading,88.999,30.554,99.976,1.4000000059604645,0.0,0.0,0.0,181.157,2.4202,0.0
775.0,run_20260917_174825,,loading,loading,88.992,30.545,99.976,1.4000000059604645,0.0,0.0,0.0,181.157,2.4218,0.0
776.0,run_20260917_174825,,loading,loading,88.984,30.536,99.976,1.4000000059604645,0.0,0.0,0.0,181.157,2.4235,0.0
777.0,run_20260917_174825,,loading,loading,88.976,30.526,99.976,1.4000000059604645,0.0,0.0,0.0,181.157,2.4252,0.0
778.0,run_20260917_174825,,loading,loading,88.969,30.517,99.976,1.4000000059604645,0.0,0.0,0.0,181.157,2.4268,0.0
779.0,run_20260917_174825,,loading,loading,88.961,30.508,99.976,1.4000000059604645,0.0,0.0,0.0,181.157,2.4285,0.0
780.0,run_20260917_174825,,loading,loading,88.954,30.498,99.976,1.4000000059604645,0.0,0.0,0.0,181.157,2.4302,0.0
781.0,run_20260917_174825,,loading,loading,88.946,30.489,99.976,1.4000000059604645,0.0,0.0,0.0,181.157,2.4318,0.0
782.0,run_20260917_174825,,loading,loading,88.939,30.479,99.976,1.4000000059604645,0.0,0.0,0.0,181.157,2.4335,0.0
783.0,run_20260917_174825,,loading,loading,88.931,30.47,99.976,1.4000000059604645,0.0,0.0,0.0,181.157,2.4352,0.0
784.0,run_20260917_174825,,loading,loading,88.923,30.461,99.976,1.4000000059604645,0.0,0.0,0.0,181.157,2.4368,0.0
785.0,run_20260917_174825,,loading,loading,88.916,30.452,99.976,1.4000000059604645,0.0,0.0,0.0,181.157,2.4385,0.0
786.0,run_20260917_174825,,loading,loading,88.908,30.442,99.976,1.4000000059604645,0.0,0.0,0.0,181.157,2.4402,0.0
787.0,run_20260917_174825,,loading,loading,88.901,30.433,99.976,1.4000000059604645,0.0,0.0,0.0,181.157,2.4418,0.0
788.0,run_20260917_174825,,loading,loading,88.893,30.424,99.976,1.4000000059604645,0.0,0.0,0.0,181.157,2.4435,0.0
789.0,run_20260917_174825,,loading,loading,88.886,30.414,99.976,1.4000000059604645,0.0,0.0,0.0,181.157,2.4452,0.0
790.0,run_20260917_174825,,loading,loading,88.878,30.405,99.976,1.4000000059604645,0.0,0.0,0.0,181.157,2.4468,0.0
791.0,run_20260917_174825,,loading,loading,88.87,30.396,99.976,1.4000000059604645,0.0,0.0,0.0,181.157,2.4485,0.0
792.0,run_20260917_174825,,loading,loading,88.863,30.387,99.975,1.4000000059604645,0.0,0.0,0.0,181.157,2.4502,0.0
793.0,run_20260917_174825,,loading,loading,88.855,30.377,99.975,1.4000000059604645,0.0,0.0,0.0,181.157,2.4518,0.0
794.0,run_20260917_174825,,loading,loading,88.848,30.368,99.975,1.4000000059604645,0.0,0.0,0.0,181.157,2.4535,0.0
795.0,run_20260917_174825,,loading,loading,88.84,30.359,99.975,1.4000000059604645,0.0,0.0,0.0,181.157,2.4552,0.0
796.0,run_20260917_174825,,loading,loading,88.833,30.35,99.975,1.4000000059604645,0.0,0.0,0.0,181.157,2.4568,0.0
797.0,run_20260917_174825,,loading,loading,88.825,30.341,99.975,1.4000000059604645,0.0,0.0,0.0,181.157,2.4585,0.0
798.0,run_20260917_174825,,loading,loading,88.817,30.331,99.975,1.4000000059604645,0.0,0.0,0.0,181.157,2.4602,0.0
799.0,run_20260917_174825,,loading,loading,88.81,30.322,99.975,1.4000000059604645,0.0,0.0,0.0,181.157,2.4618,0.0
800.0,run_20260917_174825,,loading,loading,88.802,30.313,99.975,1.4000000059604645,0.0,0.0,0.0,181.157,2.4635,0.0
801.0,run_20260917_174825,,loading,loading,88.795,30.304,99.975,1.4000000059604645,0.0,0.0,0.0,181.157,2.4652,0.0
802.0,run_20260917_174825,,loading,loading,88.787,30.295,99.975,1.4000000059604645,0.0,0.0,0.0,181.157,2.4668,0.0
803.0,run_20260917_174825,,waiting,waiting,88.78,30.286,99.975,1.800000011920929,0.0,0.0,0.0,181.157,2.4685,0.0
804.0,run_20260917_174825,,waiting,waiting,88.772,30.277,99.975,1.800000011920929,0.0,0.0,0.0,181.157,2.4702,0.0
805.0,run_20260917_174825,,driving,driving,88.761,30.281,99.975,1.800000011920929,0.344,0.192,0.0879,181.245,2.4725,0.0
806.0,run_20260917_174825,,driving,driving,88.75,30.274,99.975,1.800000011920929,0.039,0.021,0.1337,181.378,2.4751,0.0
807.0,run_20260917_174825,,driving,driving,88.741,30.269,99.975,1.800000011920929,0.109,0.061,0.0169,181.395,2.4769,0.0
808.0,run_20260917_174825,,driving,driving,88.723,30.296,99.975,1.800000011920929,0.897,0.5,0.3304,181.726,2.481,0.0
809.0,run_20260917_174825,,driving,driving,88.699,30.323,99.975,1.800000011920929,0.897,0.5,0.5032,182.229,2.4863,0.0
810.0,run_20260917_174825,,driving,driving,88.675,30.35,99.975,1.800000011920929,0.897,0.5,0.4852,182.714,2.4914,0.0
811.0,run_20260917_174825,,driving,driving,88.651,30.377,99.975,1.800000011920929,0.888,0.495,0.5008,183.215,2.4967,0.0
812.0,run_20260917_174825,,driving,driving,88.627,30.404,99.975,1.800000011920929,0.89,0.496,0.5008,183.716,2.502,0.0
813.0,run_20260917_174825,,driving,driving,88.603,30.427,99.975,1.800000011920929,0.808,0.45,0.4891,184.205,2.5072,0.0
814.0,run_20260917_174825,,driving,driving,88.58,30.454,99.975,1.800000011920929,0.889,0.495,0.4901,184.695,2.5125,0.0
815.0,run_20260917_174825,,driving,driving,88.557,30.476,99.975,1.800000011920929,0.777,0.433,0.4536,185.148,2.5174,0.0
816.0,run_20260917_174825,,driving,driving,88.534,30.502,99.975,1.800000011920929,0.894,0.498,0.4865,185.635,2.5226,0.0
817.0,run_20260917_174825,,driving,driving,88.51,30.528,99.975,1.800000011920929,0.874,0.487,0.499,186.134,2.5279,0.0
818.0,run_20260917_174825,,driving,driving,88.486,30.555,99.975,1.800000011920929,0.897,0.5,0.4938,186.628,2.5331,0.0
819.0,run_20260917_174825,,driving,driving,88.462,30.581,99.975,1.800000011920929,0.883,0.492,0.4807,187.108,2.5383,0.0
820.0,run_20260917_174825,,driving,driving,88.438,30.608,99.975,1.800000011920929,0.887,0.494,0.4962,187.605,2.5435,0.0
821.0,run_20260917_174825,,driving,driving,88.415,30.634,99.975,1.800000011920929,0.889,0.495,0.4911,188.096,2.5488,0.0
822.0,run_20260917_174825,,driving,driving,88.391,30.659,99.974,1.800000011920929,0.866,0.482,0.4965,188.592,2.554,0.0
823.0,run_20260917_174825,,driving,driving,88.367,30.686,99.974,1.800000011920929,0.897,0.5,0.497,189.089,2.5593,0.0
824.0,run_20260917_174825,,driving,driving,88.343,30.713,99.974,1.800000011920929,0.896,0.499,0.4784,189.568,2.5644,0.0
825.0,run_20260917_174825,,driving,driving,88.319,30.739,99.974,1.800000011920929,0.897,0.5,0.5007,190.068,2.5697,0.0
826.0,run_20260917_174825,,driving,driving,88.295,30.764,99.974,1.800000011920929,0.864,0.481,0.5011,190.569,2.575,0.0
827.0,run_20260917_174825,,driving,driving,88.274,30.779,99.974,1.800000011920929,0.598,0.333,0.4111,190.981,2.5797,0.0
828.0,run_20260917_174825,,driving,driving,88.259,30.776,99.974,1.800000011920929,0.167,0.093,0.2208,191.201,2.5829,0.0
829.0,run_20260917_174825,,driving,driving,88.25,30.771,99.974,1.800000011920929,0.115,0.064,0.0399,191.241,2.5849,0.0
830.0,run_20260917_174825,,unloading,unloading,88.243,30.761,99.974,1.800000011920929,0.0,0.0,0.0011,191.242,2.5866,0.0
831.0,run_20260917_174825,,unloading,unloading,88.235,30.752,99.974,1.800000011920929,0.0,0.0,0.0,191.242,2.5882,0.0
832.0,run_20260917_174825,,unloading,unloading,88.228,30.742,99.974,1.800000011920929,0.0,0.0,0.0,191.242,2.5899,0.0
833.0,run_20260917_174825,,unloading,unloading,88.22,30.732,99.974,1.800000011920929,0.0,0.0,0.0,191.242,2.5916,0.0
834.0,run_20260917_174825,,unloading,unloading,88.213,30.723,99.974,1.800000011920929,0.0,0.0,0.0,191.242,2.5932,0.0
835.0,run_20260917_174825,,unloading,unloading,88.205,30.713,99.974,1.800000011920929,0.0,0.0,0.0,191.242,2.5949,0.0
836.0,run_20260917_174825,,unloading,unloading,88.197,30.704,99.974,1.800000011920929,0.0,0.0,0.0,191.242,2.5966,0.0
837.0,run_20260917_174825,,unloading,unloading,88.19,30.694,99.974,1.800000011920929,0.0,0.0,0.0,191.242,2.5982,0.0
838.0,run_20260917_174825,,unloading,unloading,88.182,30.685,99.974,1.800000011920929,0.0,0.0,0.0,191.242,2.5999,0.0
839.0,run_20260917_174825,,unloading,unloading,88.175,30.675,99.974,1.800000011920929,0.0,0.0,0.0,191.242,2.6016,0.0
840.0,run_20260917_174825,,unloading,unloading,88.167,30.665,99.974,1.800000011920929,0.0,0.0,0.0,191.242,2.6032,0.0
841.0,run_20260917_174825,,unloading,unloading,88.16,30.656,99.974,1.800000011920929,0.0,0.0,0.0,191.242,2.6049,0.0
842.0,run_20260917_174825,,unloading,unloading,88.152,30.646,99.974,1.800000011920929,0.0,0.0,0.0,191.242,2.6066,0.0
843.0,run_20260917_174825,,unloading,unloading,88.144,30.637,99.974,1.800000011920929,0.0,0.0,0.0,191.242,2.6082,0.0
844.0,run_20260917_174825,,unloading,unloading,88.137,30.627,99.974,1.800000011920929,0.0,0.0,0.0,191.242,2.6099,0.0
845.0,run_20260917_174825,,unloading,unloading,88.129,30.618,99.974,1.800000011920929,0.0,0.0,0.0,191.242,2.6116,0.0
846.0,run_20260917_174825,,unloading,unloading,88.122,30.608,99.974,1.800000011920929,0.0,0.0,0.0,191.242,2.6132,0.0
847.0,run_20260917_174825,,unloading,unloading,88.114,30.599,99.974,1.800000011920929,0.0,0.0,0.0,191.242,2.6149,0.0
848.0,run_20260917_174825,,unloading,unloading,88.106,30.589,99.974,1.800000011920929,0.0,0.0,0.0,191.242,2.6166,0.0
849.0,run_20260917_174825,,unloading,unloading,88.099,30.58,99.974,1.800000011920929,0.0,0.0,0.0,191.242,2.6182,0.0
850.0,run_20260917_174825,,unloading,unloading,88.091,30.571,99.974,1.800000011920929,0.0,0.0,0.0,191.242,2.6199,0.0
851.0,run_20260917_174825,,unloading,unloading,88.084,30.561,99.974,1.800000011920929,0.0,0.0,0.0,191.242,2.6216,0.0
852.0,run_20260917_174825,,unloading,unloading,88.076,30.552,99.974,1.800000011920929,0.0,0.0,0.0,191.242,2.6232,0.0
853.0,run_20260917_174825,,unloading,unloading,88.069,30.542,99.974,1.800000011920929,0.0,0.0,0.0,191.242,2.6249,0.0
854.0,run_20260917_174825,,unloading,unloading,88.061,30.533,99.974,1.800000011920929,0.0,0.0,0.0,191.242,2.6266,0.0
855.0,run_20260917_174825,,unloading,unloading,88.053,30.524,99.974,1.800000011920929,0.0,0.0,0.0,191.242,2.6282,0.0
856.0,run_20260917_174825,,unloading,unloading,88.046,30.514,99.974,1.800000011920929,0.0,0.0,0.0,191.242,2.6299,0.0
857.0,run_20260917_174825,,unloading,unloading,88.038,30.505,99.974,1.800000011920929,0.0,0.0,0.0,191.242,2.6316,0.0
858.0,run_20260917_174825,,unloading,unloading,88.031,30.495,99.974,1.800000011920929,0.0,0.0,0.0,191.242,2.6332,0.0
859.0,run_20260917_174825,,unloading,unloading,88.023,30.486,99.974,1.800000011920929,0.0,0.0,0.0,191.242,2.6349,0.0
860.0,run_20260917_174825,,waiting,waiting,88.016,30.477,99.974,0.0,0.0,0.0,0.0,191.242,2.6366,0.0
861.0,run_20260917_174825,,driving,driving,88.008,30.476,99.974,0.0,0.22,0.123,0.0145,191.257,2.6383,0.0
862.0,run_20260917_174825,,driving,driving,87.998,30.475,99.974,0.0,0.246,0.137,0.071,191.328,2.6403,0.0
863.0,run_20260917_174825,,driving,driving,87.983,30.495,99.974,0.0,0.776,0.432,0.3484,191.676,2.6438,0.0
864.0,run_20260917_174825,,driving,driving,87.964,30.517,99.974,0.0,0.864,0.481,0.463,192.139,2.6478,0.0
865.0,run_20260917_174825,,driving,driving,87.945,30.541,99.973,0.0,0.896,0.499,0.4978,192.637,2.652,0.0
866.0,run_20260917_174825,,driving,driving,87.926,30.565,99.973,0.0,0.89,0.496,0.5011,193.138,2.6563,0.0
867.0,run_20260917_174825,,driving,driving,87.907,30.588,99.973,0.0,0.89,0.496,0.5004,193.639,2.6605,0.0
868.0,run_20260917_174825,,driving,driving,87.888,30.612,99.973,0.0,0.895,0.499,0.4996,194.138,2.6647,0.0
869.0,run_20260917_174825,,driving,driving,87.869,30.635,99.973,0.0,0.89,0.496,0.4827,194.621,2.6688,0.0
870.0,run_20260917_174825,,driving,driving,87.85,30.659,99.973,0.0,0.892,0.497,0.4996,195.12,2.6731,0.0
871.0,run_20260917_174825,,driving,driving,87.831,30.682,99.973,0.0,0.897,0.5,0.4951,195.615,2.6773,0.0
872.0,run_20260917_174825,,driving,driving,87.811,30.706,99.973,0.0,0.892,0.497,0.5015,196.117,2.6815,0.0
873.0,run_20260917_174825,,driving,driving,87.793,30.728,99.973,0.0,0.86,0.479,0.4757,196.593,2.6856,0.0
874.0,run_20260917_174825,,driving,driving,87.774,30.751,99.973,0.0,0.889,0.495,0.4972,197.09,2.6898,0.0
875.0,run_20260917_174825,,driving,driving,87.754,30.775,99.973,0.0,0.896,0.499,0.5029,197.593,2.694,0.0
876.0,run_20260917_174825,,driving,driving,87.735,30.798,99.973,0.0,0.896,0.499,0.5037,198.096,2.6983,0.0
877.0,run_20260917_174825,,driving,driving,87.716,30.822,99.973,0.0,0.897,0.5,0.5031,198.6,2.7025,0.0
878.0,run_20260917_174825,,driving,driving,87.697,30.845,99.973,0.0,0.894,0.498,0.4832,199.083,2.7067,0.0
879.0,run_20260917_174825,,driving,driving,87.678,30.868,99.973,0.0,0.885,0.493,0.5019,199.585,2.7109,0.0
880.0,run_20260917_174825,,driving,driving,87.658,30.892,99.973,0.0,0.892,0.497,0.5014,200.086,2.7151,0.0
881.0,run_20260917_174825,,driving,driving,87.639,30.915,99.973,0.0,0.885,0.493,0.5007,200.587,2.7194,0.0
882.0,run_20260917_174825,,driving,driving,87.621,30.931,99.973,0.0,0.708,0.394,0.4475,201.034,2.7233,0.0
883.0,run_20260917_174825,,driving,driving,87.608,30.921,99.973,0.0,0.0,0.0,0.2305,201.265,2.7262,0.0
884.0,run_20260917_174825,,loading,loading,87.601,30.911,99.973,0.0,0.0,0.0,0.0,201.265,2.7278,0.0
885.004,run_20260917_174825,,loading,loading,87.593,30.902,99.973,0.0,0.0,0.0,0.0,201.265,2.7295,0.0
886.0,run_20260917_174825,,loading,loading,87.586,30.892,99.973,0.0,0.0,0.0,0.0,201.265,2.7312,0.0
887.0,run_20260917_174825,,loading,loading,87.578,30.882,99.973,0.0,0.0,0.0,0.0,201.265,2.7328,0.0
888.0,run_20260917_174825,,loading,loading,87.57,30.872,99.973,0.0,0.0,0.0,0.0,201.265,2.7345,0.0
889.0,run_20260917_174825,,loading,loading,87.563,30.862,99.973,0.0,0.0,0.0,0.0,201.265,2.7362,0.0
890.0,run_20260917_174825,,loading,loading,87.555,30.853,99.973,0.0,0.0,0.0,0.0,201.265,2.7378,0.0
891.0,run_20260917_174825,,loading,loading,87.548,30.843,99.973,0.0,0.0,0.0,0.0,201.265,2.7395,0.0
892.0,run_20260917_174825,,loading,loading,87.54,30.833,99.973,0.0,0.0,0.0,0.0,201.265,2.7412,0.0
893.0,run_20260917_174825,,loading,loading,87.533,30.824,99.973,0.0,0.0,0.0,0.0,201.265,2.7428,0.0
894.0,run_20260917_174825,,loading,loading,87.525,30.814,99.973,0.0,0.0,0.0,0.0,201.265,2.7445,0.0
895.0,run_20260917_174825,,loading,loading,87.517,30.804,99.973,0.0,0.0,0.0,0.0,201.265,2.7462,0.0
896.0,run_20260917_174825,,loading,loading,87.51,30.794,99.973,0.0,0.0,0.0,0.0,201.265,2.7478,0.0
897.0,run_20260917_174825,,loading,loading,87.502,30.785,99.973,0.0,0.0,0.0,0.0,201.265,2.7495,0.0
898.0,run_20260917_174825,,loading,loading,87.495,30.775,99.972,0.0,0.0,0.0,0.0,201.265,2.7512,0.0
899.0,run_20260917_174825,,loading,loading,87.487,30.765,99.972,0.0,0.0,0.0,0.0,201.265,2.7528,0.0
900.0,run_20260917_174825,,loading,loading,87.48,30.756,99.972,0.0,0.0,0.0,0.0,201.265,2.7545,0.0
901.0,run_20260917_174825,,loading,loading,87.472,30.746,99.972,0.0,0.0,0.0,0.0,201.265,2.7562,0.0
902.0,run_20260917_174825,,loading,loading,87.464,30.737,99.972,0.0,0.0,0.0,0.0,201.265,2.7578,0.0
903.0,run_20260917_174825,,loading,loading,87.457,30.727,99.972,0.0,0.0,0.0,0.0,201.265,2.7595,0.0
904.0,run_20260917_174825,,loading,loading,87.449,30.717,99.972,0.0,0.0,0.0,0.0,201.265,2.7612,0.0
905.0,run_20260917_174825,,loading,loading,87.442,30.708,99.972,0.0,0.0,0.0,0.0,201.265,2.7628,0.0
906.0,run_20260917_174825,,loading,loading,87.434,30.698,99.972,0.0,0.0,0.0,0.0,201.265,2.7645,0.0
907.0,run_20260917_174825,,loading,loading,87.427,30.689,99.972,0.0,0.0,0.0,0.0,201.265,2.7662,0.0
908.0,run_20260917_174825,,loading,loading,87.419,30.679,99.972,0.0,0.0,0.0,0.0,201.265,2.7678,0.0
909.0,run_20260917_174825,,loading,loading,87.411,30.67,99.972,0.0,0.0,0.0,0.0,201.265,2.7695,0.0
910.004,run_20260917_174825,,loading,loading,87.404,30.66,99.972,0.0,0.0,0.0,0.0,201.265,2.7712,0.0
911.0,run_20260917_174825,,loading,loading,87.396,30.65,99.972,0.0,0.0,0.0,0.0,201.265,2.7728,0.0
912.0,run_20260917_174825,,loading,loading,87.389,30.641,99.972,0.0,0.0,0.0,0.0,201.265,2.7745,0.0
913.0,run_20260917_174825,,loading,loading,87.381,30.631,99.972,0.0,0.0,0.0,0.0,201.265,2.7762,0.0
914.0,run_20260917_174825,,waiting,waiting,87.373,30.622,99.972,0.4000000059604645,0.0,0.0,0.0,201.265,2.7778,0.0
915.0,run_20260917_174825,,driving,driving,87.364,30.625,99.972,0.4000000059604645,0.336,0.187,0.085,201.35,2.78,0.0
916.0,run_20260917_174825,,driving,driving,87.352,30.622,99.972,0.4000000059604645,0.178,0.099,0.1739,201.524,2.7826,0.0
917.0,run_20260917_174825,,driving,driving,87.344,30.614,99.972,0.4000000059604645,0.036,0.02,0.0186,201.542,2.7844,0.0
918.0,run_20260917_174825,,driving,driving,87.33,30.639,99.972,0.4000000059604645,0.897,0.5,0.2376,201.78,2.7874,0.0
919.0,run_20260917_174825,,driving,driving,87.31,30.663,99.972,0.4000000059604645,0.897,0.5,0.4856,202.266,2.7918,0.0
920.0,run_20260917_174825,,driving,driving,87.29,30.687,99.972,0.4000000059604645,0.897,0.5,0.5035,202.769,2.7962,0.0
921.0,run_20260917_174825,,driving,driving,87.269,30.711,99.972,0.4000000059604645,0.892,0.497,0.503,203.272,2.8007,0.0
922.0,run_20260917_174825,,driving,driving,87.249,30.736,99.972,0.4000000059604645,0.897,0.5,0.5023,203.774,2.8052,0.0
923.0,run_20260917_174825,,driving,driving,87.229,30.759,99.972,0.4000000059604645,0.866,0.482,0.4769,204.251,2.8095,0.0
924.0,run_20260917_174825,,driving,driving,87.21,30.782,99.972,0.4000000059604645,0.864,0.481,0.4689,204.72,2.8138,0.0
925.0,run_20260917_174825,,driving,driving,87.19,30.805,99.972,0.4000000059604645,0.881,0.491,0.493,205.213,2.8182,0.0
926.0,run_20260917_174825,,driving,driving,87.17,30.828,99.972,0.4000000059604645,0.856,0.477,0.4944,205.708,2.8227,0.0
927.0,run_20260917_174825,,driving,driving,87.15,30.852,99.972,0.4000000059604645,0.883,0.492,0.4632,206.171,2.8269,0.0
928.0,run_20260917_174825,,driving,driving,87.13,30.873,99.972,0.4000000059604645,0.82,0.457,0.4833,206.654,2.8313,0.0
929.0,run_20260917_174825,,driving,driving,87.111,30.896,99.972,0.4000000059604645,0.869,0.484,0.4785,207.133,2.8356,0.0
930.0,run_20260917_174825,,driving,driving,87.091,30.917,99.972,0.4000000059604645,0.831,0.463,0.4889,207.622,2.84,0.0
931.0,run_20260917_174825,,driving,driving,87.071,30.941,99.972,0.4000000059604645,0.896,0.499,0.4706,208.092,2.8443,0.0
932.0,run_20260917_174825,,driving,driving,87.051,30.965,99.972,0.4000000059604645,0.893,0.498,0.4806,208.573,2.8487,0.0
933.0,run_20260917_174825,,driving,driving,87.031,30.989,99.971,0.4000000059604645,0.88,0.49,0.4954,209.068,2.8531,0.0
934.0,run_20260917_174825,,driving,driving,87.011,31.013,99.971,0.4000000059604645,0.897,0.5,0.498,209.566,2.8576,0.0
935.0,run_20260917_174825,,driving,driving,86.991,31.036,99.971,0.4000000059604645,0.892,0.497,0.4929,210.059,2.862,0.0
936.0,run_20260917_174825,,driving,driving,86.971,31.06,99.971,0.4000000059604645,0.897,0.5,0.4847,210.544,2.8664,0.0
937.0,run_20260917_174825,,driving,driving,86.952,31.077,99.971,0.4000000059604645,0.694,0.387,0.4575,211.001,2.8706,0.0
938.0,run_20260917_174825,,driving,driving,86.937,31.075,99.971,0.4000000059604645,0.231,0.129,0.2734,211.275,2.8738,0.0
939.0,run_20260917_174825,,driving,driving,86.929,31.068,99.971,0.4000000059604645,0.078,0.043,0.0435,211.318,2.8757,0.0
940.0,run_20260917_174825,,unloading,unloading,86.92,31.058,99.971,0.4000000059604645,0.0,0.0,0.0186,211.337,2.8775,0.0
941.0,run_20260917_174825,,unloading,unloading,86.913,31.048,99.971,0.4000000059604645,0.0,0.0,0.0,211.337,2.8792,0.0
942.0,run_20260917_174825,,unloading,unloading,86.905,31.038,99.971,0.4000000059604645,0.0,0.0,0.0,211.337,2.8808,0.0
943.0,run_20260917_174825,,unloading,unloading,86.898,31.028,99.971,0.4000000059604645,0.0,0.0,0.0,211.337,2.8825,0.0
944.0,run_20260917_174825,,unloading,unloading,86.89,31.018,99.971,0.4000000059604645,0.0,0.0,0.0,211.337,2.8842,0.0
945.0,run_20260917_174825,,unloading,unloading,86.883,31.009,99.971,0.4000000059604645,0.0,0.0,0.0,211.337,2.8858,0.0
946.0,run_20260917_174825,,unloading,unloading,86.875,30.999,99.971,0.4000000059604645,0.0,0.0,0.0,211.337,2.8875,0.0
947.0,run_20260917_174825,,unloading,unloading,86.867,30.989,99.971,0.4000000059604645,0.0,0.0,0.0,211.337,2.8892,0.0
948.0,run_20260917_174825,,unloading,unloading,86.86,30.979,99.971,0.4000000059604645,0.0,0.0,0.0,211.337,2.8908,0.0
949.0,run_20260917_174825,,unloading,unloading,86.852,30.969,99.971,0.4000000059604645,0.0,0.0,0.0,211.337,2.8925,0.0
950.0,run_20260917_174825,,unloading,unloading,86.845,30.959,99.971,0.4000000059604645,0.0,0.0,0.0,211.337,2.8942,0.0
951.0,run_20260917_174825,,unloading,unloading,86.837,30.949,99.971,0.4000000059604645,0.0,0.0,0.0,211.337,2.8958,0.0
952.0,run_20260917_174825,,unloading,unloading,86.83,30.939,99.971,0.4000000059604645,0.0,0.0,0.0,211.337,2.8975,0.0
953.0,run_20260917_174825,,unloading,unloading,86.822,30.93,99.971,0.4000000059604645,0.0,0.0,0.0,211.337,2.8992,0.0
954.0,run_20260917_174825,,unloading,unloading,86.814,30.92,99.971,0.4000000059604645,0.0,0.0,0.0,211.337,2.9008,0.0
955.0,run_20260917_174825,,unloading,unloading,86.807,30.91,99.971,0.4000000059604645,0.0,0.0,0.0,211.337,2.9025,0.0
956.0,run_20260917_174825,,unloading,unloading,86.799,30.9,99.971,0.4000000059604645,0.0,0.0,0.0,211.337,2.9042,0.0
957.0,run_20260917_174825,,unloading,unloading,86.792,30.89,99.971,0.4000000059604645,0.0,0.0,0.0,211.337,2.9058,0.0
958.0,run_20260917_174825,,unloading,unloading,86.784,30.881,99.971,0.4000000059604645,0.0,0.0,0.0,211.337,2.9075,0.0
959.0,run_20260917_174825,,unloading,unloading,86.777,30.871,99.971,0.4000000059604645,0.0,0.0,0.0,211.337,2.9092,0.0
960.0,run_20260917_174825,,unloading,unloading,86.769,30.861,99.971,0.4000000059604645,0.0,0.0,0.0,211.337,2.9108,0.0
961.0,run_20260917_174825,,unloading,unloading,86.761,30.851,99.971,0.4000000059604645,0.0,0.0,0.0,211.337,2.9125,0.0
962.0,run_20260917_174825,,unloading,unloading,86.754,30.842,99.971,0.4000000059604645,0.0,0.0,0.0,211.337,2.9142,0.0
963.0,run_20260917_174825,,unloading,unloading,86.746,30.832,99.971,0.4000000059604645,0.0,0.0,0.0,211.337,2.9158,0.0
964.0,run_20260917_174825,,unloading,unloading,86.739,30.822,99.971,0.4000000059604645,0.0,0.0,0.0,211.337,2.9175,0.0
965.0,run_20260917_174825,,unloading,unloading,86.731,30.812,99.971,0.4000000059604645,0.0,0.0,0.0,211.337,2.9192,0.0
966.0,run_20260917_174825,,unloading,unloading,86.724,30.803,99.971,0.4000000059604645,0.0,0.0,0.0,211.337,2.9208,0.0
967.0,run_20260917_174825,,unloading,unloading,86.716,30.793,99.971,0.4000000059604645,0.0,0.0,0.0,211.337,2.9225,0.0
968.0,run_20260917_174825,,unloading,unloading,86.708,30.783,99.971,0.4000000059604645,0.0,0.0,0.0,211.337,2.9242,0.0
969.0,run_20260917_174825,,unloading,unloading,86.701,30.774,99.971,0.4000000059604645,0.0,0.0,0.0,211.337,2.9258,0.0
970.0,run_20260917_174825,,waiting,waiting,86.693,30.764,99.971,0.0,0.0,0.0,0.0,211.337,2.9275,0.0
971.0,run_20260917_174825,,driving,driving,86.686,30.754,99.971,0.0,0.0,0.0,0.0,211.337,2.9292,0.0
972.0,run_20260917_174825,,driving,driving,86.677,30.751,99.971,0.0,0.159,0.089,0.0482,211.385,2.9311,0.0
973.0,run_20260917_174825,,driving,driving,86.664,30.767,99.971,0.0,0.713,0.397,0.2254,211.61,2.9339,0.0
974.0,run_20260917_174825,,driving,driving,86.645,30.79,99.971,0.0,0.879,0.49,0.4889,212.099,2.9381,0.0
975.0,run_20260917_174825,,driving,driving,86.626,30.814,99.971,0.0,0.896,0.499,0.4962,212.596,2.9423,0.0
976.0,run_20260917_174825,,driving,driving,86.607,30.837,99.971,0.0,0.891,0.497,0.4952,213.091,2.9465,0.0
977.0,run_20260917_174825,,driving,driving,86.588,30.86,99.97,0.0,0.894,0.498,0.4817,213.572,2.9506,0.0
978.0,run_20260917_174825,,driving,driving,86.569,30.884,99.97,0.0,0.89,0.496,0.5006,214.073,2.9548,0.0
979.0,run_20260917_174825,,driving,driving,86.55,30.907,99.97,0.0,0.892,0.497,0.4974,214.57,2.959,0.0
980.0,run_20260917_174825,,driving,driving,86.531,30.93,99.97,0.0,0.893,0.497,0.4984,215.069,2.9633,0.0
981.0,run_20260917_174825,,driving,driving,86.512,30.952,99.97,0.0,0.868,0.484,0.4943,215.563,2.9675,0.0
982.0,run_20260917_174825,,driving,driving,86.493,30.975,99.97,0.0,0.889,0.496,0.4802,216.043,2.9716,0.0
983.0,run_20260917_174825,,driving,driving,86.474,30.999,99.97,0.0,0.893,0.497,0.4959,216.539,2.9758,0.0
984.0,run_20260917_174825,,driving,driving,86.455,31.02,99.97,0.0,0.849,0.473,0.4982,217.037,2.98,0.0
985.0,run_20260917_174825,,driving,driving,86.438,31.027,99.97,0.0,0.44,0.245,0.3842,217.421,2.9836,0.0
986.0,run_20260917_174825,,driving,driving,86.427,31.021,99.97,0.0,0.116,0.065,0.1375,217.559,2.986,0.0
987.0,run_20260917_174825,,driving,driving,86.419,31.011,99.97,0.0,0.0,0.0,0.043,217.602,2.9879,0.0
988.0,run_20260917_174825,,loading,loading,86.411,31.001,99.97,0.0,0.0,0.0,0.0,217.602,2.9896,0.0
989.0,run_20260917_174825,,loading,loading,86.404,30.991,99.97,0.0,0.0,0.0,0.0,217.602,2.9912,0.0
990.0,run_20260917_174825,,loading,loading,86.396,30.981,99.97,0.0,0.0,0.0,0.0,217.602,2.9929,0.0
991.0,run_20260917_174825,,loading,loading,86.388,30.971,99.97,0.0,0.0,0.0,0.0,217.602,2.9946,0.0
992.0,run_20260917_174825,,loading,loading,86.381,30.962,99.97,0.0,0.0,0.0,0.0,217.602,2.9962,0.0
993.0,run_20260917_174825,,loading,loading,86.373,30.952,99.97,0.0,0.0,0.0,0.0,217.602,2.9979,0.0
994.0,run_20260917_174825,,loading,loading,86.366,30.942,99.97,0.0,0.0,0.0,0.0,217.602,2.9996,0.0
995.0,run_20260917_174825,,loading,loading,86.358,30.932,99.97,0.0,0.0,0.0,0.0,217.602,3.0012,0.0
996.0,run_20260917_174825,,loading,loading,86.35,30.922,99.97,0.0,0.0,0.0,0.0,217.602,3.0029,0.0
997.0,run_20260917_174825,,loading,loading,86.343,30.912,99.97,0.0,0.0,0.0,0.0,217.602,3.0046,0.0
998.0,run_20260917_174825,,loading,loading,86.335,30.903,99.97,0.0,0.0,0.0,0.0,217.602,3.0062,0.0
999.0,run_20260917_174825,,loading,loading,86.328,30.893,99.97,0.0,0.0,0.0,0.0,217.602,3.0079,0.0
1000.0,run_20260917_174825,,loading,loading,86.32,30.883,99.97,0.0,0.0,0.0,0.0,217.602,3.0096,0.0
1001.0,run_20260917_174825,,loading,loading,86.313,30.873,99.97,0.0,0.0,0.0,0.0,217.602,3.0112,0.0
1002.0,run_20260917_174825,,loading,loading,86.305,30.863,99.97,0.0,0.0,0.0,0.0,217.602,3.0129,0.0
1003.0,run_20260917_174825,,loading,loading,86.297,30.854,99.97,0.0,0.0,0.0,0.0,217.602,3.0146,0.0
1004.0,run_20260917_174825,,loading,loading,86.29,30.844,99.97,0.0,0.0,0.0,0.0,217.602,3.0162,0.0
1005.0,run_20260917_174825,,loading,loading,86.282,30.834,99.97,0.0,0.0,0.0,0.0,217.602,3.0179,0.0
1006.0,run_20260917_174825,,loading,loading,86.275,30.824,99.97,0.0,0.0,0.0,0.0,217.602,3.0196,0.0
1007.0,run_20260917_174825,,loading,loading,86.267,30.815,99.97,0.0,0.0,0.0,0.0,217.602,3.0212,0.0
1008.0,run_20260917_174825,,loading,loading,86.26,30.805,99.97,0.0,0.0,0.0,0.0,217.602,3.0229,0.0
1009.0,run_20260917_174825,,loading,loading,86.252,30.795,99.97,0.0,0.0,0.0,0.0,217.602,3.0246,0.0
1010.0,run_20260917_174825,,loading,loading,86.244,30.786,99.97,0.0,0.0,0.0,0.0,217.602,3.0262,0.0
1011.0,run_20260917_174825,,loading,loading,86.237,30.776,99.97,0.0,0.0,0.0,0.0,217.602,3.0279,0.0
1012.0,run_20260917_174825,,loading,loading,86.229,30.766,99.97,0.0,0.0,0.0,0.0,217.602,3.0296,0.0
1013.0,run_20260917_174825,,loading,loading,86.222,30.757,99.97,0.0,0.0,0.0,0.0,217.602,3.0312,0.0
1014.0,run_20260917_174825,,loading,loading,86.214,30.747,99.97,0.0,0.0,0.0,0.0,217.602,3.0329,0.0
1015.0,run_20260917_174825,,loading,loading,86.207,30.738,99.97,0.0,0.0,0.0,0.0,217.602,3.0346,0.0
1016.0,run_20260917_174825,,loading,loading,86.199,30.728,99.97,0.0,0.0,0.0,0.0,217.602,3.0362,0.0
1017.0,run_20260917_174825,,loading,loading,86.191,30.718,99.97,0.0,0.0,0.0,0.0,217.602,3.0379,0.0
1018.0,run_20260917_174825,,waiting,waiting,86.184,30.709,99.97,1.5,0.0,0.0,0.0,217.602,3.0396,0.0
1019.0,run_20260917_174825,,driving,driving,86.174,30.712,99.97,1.5,0.325,0.181,0.0567,217.659,3.0416,0.0
1020.0,run_20260917_174825,,driving,driving,86.164,30.704,99.97,1.5,0.03,0.017,0.0955,217.754,3.0439,0.0
1021.0,run_20260917_174825,,driving,driving,86.151,30.722,99.97,1.5,0.713,0.397,0.1841,217.938,3.0469,0.0
1022.0,run_20260917_174825,,driving,driving,86.128,30.748,99.969,1.5,0.876,0.488,0.4715,218.41,3.0518,0.0
1023.004,run_20260917_174825,,driving,driving,86.105,30.774,99.969,1.5,0.892,0.497,0.5003,218.91,3.0569,0.0
1024.004,run_20260917_174825,,driving,driving,86.082,30.799,99.969,1.5,0.888,0.495,0.5024,219.412,3.0621,0.0
1025.0,run_20260917_174825,,driving,driving,86.059,30.825,99.969,1.5,0.897,0.5,0.4935,219.906,3.0671,0.0
1026.0,run_20260917_174825,,driving,driving,86.036,30.851,99.969,1.5,0.897,0.5,0.4851,220.391,3.0721,0.0
1027.0,run_20260917_174825,,driving,driving,86.012,30.877,99.969,1.5,0.881,0.491,0.502,220.893,3.0773,0.0
1028.0,run_20260917_174825,,driving,driving,85.989,30.901,99.969,1.5,0.871,0.485,0.4961,221.389,3.0823,0.0
1029.0,run_20260917_174825,,driving,driving,85.966,30.927,99.969,1.5,0.893,0.498,0.491,221.88,3.0874,0.0
1030.0,run_20260917_174825,,driving,driving,85.943,30.953,99.969,1.5,0.897,0.5,0.5036,222.384,3.0925,0.0
1031.0,run_20260917_174825,,driving,driving,85.92,30.979,99.969,1.5,0.893,0.498,0.4855,222.869,3.0976,0.0
1032.0,run_20260917_174825,,driving,driving,85.897,31.004,99.969,1.5,0.893,0.498,0.5033,223.373,3.1027,0.0
1033.0,run_20260917_174825,,driving,driving,85.874,31.03,99.969,1.5,0.896,0.499,0.5017,223.874,3.1078,0.0
1034.0,run_20260917_174825,,driving,driving,85.85,31.056,99.969,1.5,0.897,0.5,0.5002,224.374,3.1129,0.0
1035.0,run_20260917_174825,,driving,driving,85.827,31.082,99.969,1.5,0.896,0.499,0.501,224.875,3.1181,0.0
1036.0,run_20260917_174825,,driving,driving,85.804,31.107,99.969,1.5,0.897,0.5,0.4846,225.36,3.1231,0.0
1037.0,run_20260917_174825,,driving,driving,85.781,31.133,99.969,1.5,0.895,0.499,0.5027,225.863,3.1282,0.0
1038.0,run_20260917_174825,,driving,driving,85.758,31.157,99.969,1.5,0.86,0.479,0.4957,226.359,3.1333,0.0
1039.0,run_20260917_174825,,driving,driving,85.738,31.17,99.969,1.5,0.571,0.318,0.3917,226.75,3.1377,0.0
1040.0,run_20260917_174825,,loading,loading,85.727,31.16,99.969,1.5,0.0,0.0,0.105,226.855,3.1401,0.0
1041.0,run_20260917_174825,,loading,loading,85.719,31.149,99.969,1.5,0.0,0.0,0.0,226.855,3.1417,0.0
1042.0,run_20260917_174825,,loading,loading,85.712,31.139,99.969,1.5,0.0,0.0,0.0,226.855,3.1434,0.0
1043.0,run_20260917_174825,,loading,loading,85.704,31.129,99.969,1.5,0.0,0.0,0.0,226.855,3.1451,0.0
1044.0,run_20260917_174825,,loading,loading,85.697,31.119,99.969,1.5,0.0,0.0,0.0,226.855,3.1467,0.0
1045.0,run_20260917_174825,,loading,loading,85.689,31.109,99.969,1.5,0.0,0.0,0.0,226.855,3.1484,0.0
1046.0,run_20260917_174825,,loading,loading,85.681,31.099,99.968,1.5,0.0,0.0,0.0,226.855,3.1501,0.0
1047.0,run_20260917_174825,,loading,loading,85.674,31.089,99.968,1.5,0.0,0.0,0.0,226.855,3.1517,0.0
1048.0,run_20260917_174825,,loading,loading,85.666,31.079,99.968,1.5,0.0,0.0,0.0,226.855,3.1534,0.0
1049.0,run_20260917_174825,,loading,loading,85.659,31.069,99.968,1.5,0.0,0.0,0.0,226.855,3.1551,0.0
1050.0,run_20260917_174825,,loading,loading,85.651,31.059,99.968,1.5,0.0,0.0,0.0,226.855,3.1567,0.0
1051.0,run_20260917_174825,,loading,loading,85.644,31.049,99.968,1.5,0.0,0.0,0.0,226.855,3.1584,0.0
1052.0,run_20260917_174825,,loading,loading,85.636,31.039,99.968,1.5,0.0,0.0,0.0,226.855,3.1601,0.0
1053.0,run_20260917_174825,,loading,loading,85.628,31.029,99.968,1.5,0.0,0.0,0.0,226.855,3.1617,0.0
1054.0,run_20260917_174825,,loading,loading,85.621,31.019,99.968,1.5,0.0,0.0,0.0,226.855,3.1634,0.0
1055.0,run_20260917_174825,,loading,loading,85.613,31.01,99.968,1.5,0.0,0.0,0.0,226.855,3.1651,0.0
1056.0,run_20260917_174825,,loading,loading,85.606,31.0,99.968,1.5,0.0,0.0,0.0,226.855,3.1667,0.0
1057.0,run_20260917_174825,,loading,loading,85.598,30.99,99.968,1.5,0.0,0.0,0.0,226.855,3.1684,0.0
1058.0,run_20260917_174825,,loading,loading,85.591,30.98,99.968,1.5,0.0,0.0,0.0,226.855,3.1701,0.0
1059.0,run_20260917_174825,,loading,loading,85.583,30.97,99.968,1.5,0.0,0.0,0.0,226.855,3.1717,0.0
1060.0,run_20260917_174825,,loading,loading,85.575,30.96,99.968,1.5,0.0,0.0,0.0,226.855,3.1734,0.0
1061.0,run_20260917_174825,,loading,loading,85.568,30.95,99.968,1.5,0.0,0.0,0.0,226.855,3.1751,0.0
1062.0,run_20260917_174825,,loading,loading,85.56,30.94,99.968,1.5,0.0,0.0,0.0,226.855,3.1767,0.0
1063.0,run_20260917_174825,,loading,loading,85.553,30.931,99.968,1.5,0.0,0.0,0.0,226.855,3.1784,0.0
1064.0,run_20260917_174825,,loading,loading,85.545,30.921,99.968,1.5,0.0,0.0,0.0,226.855,3.1801,0.0
1065.0,run_20260917_174825,,loading,loading,85.538,30.911,99.968,1.5,0.0,0.0,0.0,226.855,3.1817,0.0
1066.0,run_20260917_174825,,loading,loading,85.53,30.901,99.968,1.5,0.0,0.0,0.0,226.855,3.1834,0.0
1067.0,run_20260917_174825,,loading,loading,85.522,30.891,99.968,1.5,0.0,0.0,0.0,226.855,3.1851,0.0
1068.0,run_20260917_174825,,loading,loading,85.515,30.882,99.968,1.5,0.0,0.0,0.0,226.855,3.1867,0.0
1069.0,run_20260917_174825,,loading,loading,85.507,30.872,99.968,1.5,0.0,0.0,0.0,226.855,3.1884,0.0
1070.0,run_20260917_174825,,waiting,waiting,85.5,30.862,99.968,2.300000011920929,0.0,0.0,0.0,226.855,3.1901,0.0
1071.0,run_20260917_174825,,driving,driving,85.492,30.852,99.968,2.300000011920929,0.0,0.0,0.0,226.855,3.1917,0.0
1072.0,run_20260917_174825,,driving,driving,85.479,30.856,99.968,2.300000011920929,0.332,0.185,0.1417,226.997,3.1945,0.0
1073.0,run_20260917_174825,,driving,driving,85.469,30.847,99.968,2.300000011920929,0.008,0.005,0.0792,227.076,3.1968,0.0
1074.0,run_20260917_174825,,driving,driving,85.459,30.857,99.968,2.300000011920929,0.49,0.273,0.0787,227.155,3.1991,0.0
1075.0,run_20260917_174825,,driving,driving,85.434,30.885,99.968,2.300000011920929,0.895,0.499,0.4749,227.63,3.2045,0.0
1076.0,run_20260917_174825,,driving,driving,85.409,30.912,99.968,2.300000011920929,0.897,0.5,0.4852,228.115,3.21,0.0
1077.0,run_20260917_174825,,driving,driving,85.384,30.939,99.968,2.300000011920929,0.891,0.496,0.5034,228.618,3.2156,0.0
1078.0,run_20260917_174825,,driving,driving,85.358,30.966,99.968,2.300000011920929,0.897,0.5,0.5001,229.118,3.2212,0.0
1079.0,run_20260917_174825,,driving,driving,85.333,30.993,99.968,2.300000011920929,0.897,0.5,0.5022,229.621,3.2268,0.0
1080.0,run_20260917_174825,,driving,driving,85.308,31.019,99.968,2.300000011920929,0.871,0.486,0.4813,230.102,3.2322,0.0
1081.0,run_20260917_174825,,driving,driving,85.283,31.046,99.968,2.300000011920929,0.897,0.5,0.478,230.58,3.2377,0.0
1082.0,run_20260917_174825,,driving,driving,85.258,31.073,99.968,2.300000011920929,0.895,0.499,0.4909,231.071,3.2432,0.0
1083.0,run_20260917_174825,,driving,driving,85.234,31.099,99.968,2.300000011920929,0.878,0.489,0.4807,231.551,3.2486,0.0
1084.0,run_20260917_174825,,driving,driving,85.208,31.126,99.967,2.300000011920929,0.886,0.494,0.4935,232.045,3.2542,0.0
1085.0,run_20260917_174825,,driving,driving,85.184,31.152,99.967,2.300000011920929,0.886,0.494,0.4764,232.521,3.2596,0.0
1086.0,run_20260917_174825,,driving,driving,85.158,31.179,99.967,2.300000011920929,0.892,0.497,0.498,233.019,3.2652,0.0
1087.0,run_20260917_174825,,driving,driving,85.133,31.203,99.967,2.300000011920929,0.821,0.457,0.4858,233.505,3.2706,0.0
1088.0,run_20260917_174825,,driving,driving,85.109,31.225,99.967,2.300000011920929,0.791,0.441,0.462,233.967,3.2759,0.0
1089.0,run_20260917_174825,,driving,driving,85.086,31.252,99.967,2.300000011920929,0.883,0.492,0.4476,234.415,3.2811,0.0
1090.0,run_20260917_174825,,driving,driving,85.06,31.278,99.967,2.300000011920929,0.893,0.497,0.4989,234.914,3.2867,0.0
1091.0,run_20260917_174825,,driving,driving,85.035,31.305,99.967,2.300000011920929,0.888,0.495,0.4906,235.404,3.2922,0.0
1092.0,run_20260917_174825,,driving,driving,85.01,31.332,99.967,2.300000011920929,0.897,0.5,0.5011,235.905,3.2978,0.0
1093.0,run_20260917_174825,,driving,driving,84.984,31.357,99.967,2.300000011920929,0.865,0.482,0.5015,236.407,3.3034,0.0
1094.0,run_20260917_174825,,driving,driving,84.962,31.372,99.967,2.300000011920929,0.623,0.347,0.4,236.807,3.3083,0.0
1095.0,run_20260917_174825,,driving,driving,84.947,31.37,99.967,2.300000011920929,0.181,0.101,0.2318,237.039,3.3117,0.0
1096.0,run_20260917_174825,,driving,driving,84.938,31.364,99.967,2.300000011920929,0.103,0.057,0.0418,237.08,3.3137,0.0
1097.0,run_20260917_174825,,unloading,unloading,84.93,31.353,99.967,2.300000011920929,0.0,0.0,0.0018,237.082,3.3154,0.0
1098.0,run_20260917_174825,,unloading,unloading,84.922,31.343,99.967,2.300000011920929,0.0,0.0,0.0,237.082,3.3171,0.0
1099.0,run_20260917_174825,,unloading,unloading,84.915,31.333,99.967,2.300000011920929,0.0,0.0,0.0,237.082,3.3188,0.0
1100.0,run_20260917_174825,,unloading,unloading,84.907,31.322,99.967,2.300000011920929,0.0,0.0,0.0,237.082,3.3204,0.0
1101.0,run_20260917_174825,,unloading,unloading,84.9,31.312,99.967,2.300000011920929,0.0,0.0,0.0,237.082,3.3221,0.0
1102.004,run_20260917_174825,,unloading,unloading,84.892,31.302,99.967,2.300000011920929,0.0,0.0,0.0,237.082,3.3238,0.0
1103.0,run_20260917_174825,,unloading,unloading,84.884,31.292,99.967,2.300000011920929,0.0,0.0,0.0,237.082,3.3254,0.0
1104.0,run_20260917_174825,,unloading,unloading,84.877,31.281,99.967,2.300000011920929,0.0,0.0,0.0,237.082,3.3271,0.0
1105.0,run_20260917_174825,,unloading,unloading,84.869,31.271,99.967,2.300000011920929,0.0,0.0,0.0,237.082,3.3288,0.0
1106.0,run_20260917_174825,,unloading,unloading,84.862,31.261,99.967,2.300000011920929,0.0,0.0,0.0,237.082,3.3304,0.0
1107.0,run_20260917_174825,,unloading,unloading,84.854,31.251,99.967,2.300000011920929,0.0,0.0,0.0,237.082,3.3321,0.0
1108.0,run_20260917_174825,,unloading,unloading,84.847,31.241,99.967,2.300000011920929,0.0,0.0,0.0,237.082,3.3338,0.0
1109.0,run_20260917_174825,,unloading,unloading,84.839,31.231,99.967,2.300000011920929,0.0,0.0,0.0,237.082,3.3354,0.0
1110.0,run_20260917_174825,,unloading,unloading,84.831,31.22,99.967,2.300000011920929,0.0,0.0,0.0,237.082,3.3371,0.0
1111.0,run_20260917_174825,,unloading,unloading,84.824,31.21,99.967,2.300000011920929,0.0,0.0,0.0,237.082,3.3388,0.0
1112.0,run_20260917_174825,,unloading,unloading,84.816,31.2,99.967,2.300000011920929,0.0,0.0,0.0,237.082,3.3404,0.0
1113.0,run_20260917_174825,,unloading,unloading,84.809,31.19,99.967,2.300000011920929,0.0,0.0,0.0,237.082,3.3421,0.0
1114.0,run_20260917_174825,,unloading,unloading,84.801,31.18,99.967,2.300000011920929,0.0,0.0,0.0,237.082,3.3438,0.0
1115.0,run_20260917_174825,,unloading,unloading,84.794,31.17,99.967,2.300000011920929,0.0,0.0,0.0,237.082,3.3454,0.0
1116.0,run_20260917_174825,,unloading,unloading,84.786,31.16,99.967,2.300000011920929,0.0,0.0,0.0,237.082,3.3471,0.0
1117.0,run_20260917_174825,,unloading,unloading,84.778,31.15,99.967,2.300000011920929,0.0,0.0,0.0,237.082,3.3488,0.0
1118.0,run_20260917_174825,,unloading,unloading,84.771,31.14,99.966,2.300000011920929,0.0,0.0,0.0,237.082,3.3504,0.0
1119.0,run_20260917_174825,,unloading,unloading,84.763,31.13,99.966,2.300000011920929,0.0,0.0,0.0,237.082,3.3521,0.0
1120.0,run_20260917_174825,,unloading,unloading,84.756,31.119,99.966,2.300000011920929,0.0,0.0,0.0,237.082,3.3538,0.0
1121.0,run_20260917_174825,,unloading,unloading,84.748,31.109,99.966,2.300000011920929,0.0,0.0,0.0,237.082,3.3554,0.0
1122.0,run_20260917_174825,,unloading,unloading,84.74,31.099,99.966,2.300000011920929,0.0,0.0,0.0,237.082,3.3571,0.0
1123.0,run_20260917_174825,,unloading,unloading,84.733,31.089,99.966,2.300000011920929,0.0,0.0,0.0,237.082,3.3588,0.0
1124.0,run_20260917_174825,,unloading,unloading,84.725,31.079,99.966,2.300000011920929,0.0,0.0,0.0,237.082,3.3604,0.0
1125.0,run_20260917_174825,,unloading,unloading,84.718,31.069,99.966,2.300000011920929,0.0,0.0,0.0,237.082,3.3621,0.0
1126.0,run_20260917_174825,,unloading,unloading,84.71,31.059,99.966,2.300000011920929,0.0,0.0,0.0,237.082,3.3638,0.0
1127.0,run_20260917_174825,,waiting,waiting,84.703,31.049,99.966,0.0,0.0,0.0,0.0,237.082,3.3654,0.0
1128.0,run_20260917_174825,,driving,driving,84.695,31.04,99.966,0.0,0.021,0.012,0.0016,237.084,3.3671,0.0
1129.0,run_20260917_174825,,driving,driving,84.684,31.048,99.966,0.0,0.485,0.27,0.1366,237.22,3.3695,0.0
1130.0,run_20260917_174825,,driving,driving,84.666,31.072,99.966,0.0,0.897,0.5,0.4417,237.662,3.3734,0.0
1131.0,run_20260917_174825,,driving,driving,84.647,31.095,99.966,0.0,0.894,0.498,0.5022,238.164,3.3776,0.0
1132.0,run_20260917_174825,,driving,driving,84.628,31.117,99.966,0.0,0.885,0.493,0.5032,238.668,3.3819,0.0
1133.0,run_20260917_174825,,driving,driving,84.609,31.14,99.966,0.0,0.895,0.498,0.4999,239.167,3.3861,0.0
1134.0,run_20260917_174825,,driving,driving,84.59,31.163,99.966,0.0,0.892,0.497,0.4821,239.65,3.3902,0.0
1135.0,run_20260917_174825,,driving,driving,84.571,31.186,99.966,0.0,0.879,0.49,0.4985,240.148,3.3945,0.0
1136.0,run_20260917_174825,,driving,driving,84.551,31.209,99.966,0.0,0.89,0.496,0.4985,240.646,3.3987,0.0
1137.0,run_20260917_174825,,driving,driving,84.532,31.232,99.966,0.0,0.897,0.5,0.4939,241.14,3.4029,0.0
1138.0,run_20260917_174825,,driving,driving,84.513,31.255,99.966,0.0,0.895,0.499,0.5038,241.644,3.4071,0.0
1139.0,run_20260917_174825,,driving,driving,84.494,31.278,99.966,0.0,0.897,0.5,0.4844,242.129,3.4113,0.0
1140.0,run_20260917_174825,,driving,driving,84.476,31.296,99.966,0.0,0.783,0.436,0.4588,242.587,3.4153,0.0
1141.0,run_20260917_174825,,driving,driving,84.457,31.319,99.966,0.0,0.873,0.486,0.4795,243.067,3.4194,0.0
1142.0,run_20260917_174825,,driving,driving,84.439,31.342,99.966,0.0,0.897,0.5,0.4673,243.534,3.4235,0.0
1143.0,run_20260917_174825,,driving,driving,84.42,31.364,99.966,0.0,0.893,0.497,0.4822,244.016,3.4276,0.0
1144.0,run_20260917_174825,,driving,driving,84.401,31.386,99.966,0.0,0.859,0.478,0.4938,244.51,3.4318,0.0
1145.0,run_20260917_174825,,driving,driving,84.382,31.408,99.966,0.0,0.888,0.495,0.4995,245.01,3.4361,0.0
1146.0,run_20260917_174825,,driving,driving,84.362,31.43,99.966,0.0,0.861,0.48,0.4982,245.508,3.4403,0.0
1147.0,run_20260917_174825,,driving,driving,84.343,31.453,99.966,0.0,0.897,0.5,0.4977,246.006,3.4445,0.0
1148.0,run_20260917_174825,,driving,driving,84.324,31.474,99.966,0.0,0.857,0.477,0.4821,246.488,3.4486,0.0
1149.0,run_20260917_174825,,driving,driving,84.308,31.484,99.965,0.0,0.555,0.309,0.3851,246.873,3.4523,0.0
1150.0,run_20260917_174825,,loading,loading,84.299,31.474,99.965,0.0,0.0,0.0,0.0342,246.907,3.4541,0.0
1151.0,run_20260917_174825,,loading,loading,84.292,31.463,99.965,0.0,0.0,0.0,0.0,246.907,3.4558,0.0
1152.0,run_20260917_174825,,loading,loading,84.284,31.453,99.965,0.0,0.0,0.0,0.0,246.907,3.4574,0.0
1153.0,run_20260917_174825,,loading,loading,84.277,31.442,99.965,0.0,0.0,0.0,0.0,246.907,3.4591,0.0
1154.0,run_20260917_174825,,loading,loading,84.269,31.432,99.965,0.0,0.0,0.0,0.0,246.907,3.4608,0.0
1155.0,run_20260917_174825,,loading,loading,84.262,31.422,99.965,0.0,0.0,0.0,0.0,246.907,3.4624,0.0
1156.0,run_20260917_174825,,loading,loading,84.254,31.411,99.965,0.0,0.0,0.0,0.0,246.907,3.4641,0.0
1157.0,run_20260917_174825,,loading,loading,84.246,31.401,99.965,0.0,0.0,0.0,0.0,246.907,3.4658,0.0
1158.0,run_20260917_174825,,loading,loading,84.239,31.391,99.965,0.0,0.0,0.0,0.0,246.907,3.4674,0.0
1159.0,run_20260917_174825,,loading,loading,84.231,31.38,99.965,0.0,0.0,0.0,0.0,246.907,3.4691,0.0
1160.0,run_20260917_174825,,loading,loading,84.224,31.37,99.965,0.0,0.0,0.0,0.0,246.907,3.4708,0.0
1161.0,run_20260917_174825,,loading,loading,84.216,31.36,99.965,0.0,0.0,0.0,0.0,246.907,3.4724,0.0
1162.0,run_20260917_174825,,loading,loading,84.209,31.349,99.965,0.0,0.0,0.0,0.0,246.907,3.4741,0.0
1163.0,run_20260917_174825,,loading,loading,84.201,31.339,99.965,0.0,0.0,0.0,0.0,246.907,3.4758,0.0
1164.0,run_20260917_174825,,loading,loading,84.193,31.329,99.965,0.0,0.0,0.0,0.0,246.907,3.4774,0.0
1165.0,run_20260917_174825,,loading,loading,84.186,31.318,99.965,0.0,0.0,0.0,0.0,246.907,3.4791,0.0
1166.0,run_20260917_174825,,loading,loading,84.178,31.308,99.965,0.0,0.0,0.0,0.0,246.907,3.4808,0.0
1167.0,run_20260917_174825,,loading,loading,84.171,31.298,99.965,0.0,0.0,0.0,0.0,246.907,3.4824,0.0
1168.0,run_20260917_174825,,loading,loading,84.163,31.288,99.965,0.0,0.0,0.0,0.0,246.907,3.4841,0.0
1169.0,run_20260917_174825,,loading,loading,84.156,31.278,99.965,0.0,0.0,0.0,0.0,246.907,3.4858,0.0
1170.0,run_20260917_174825,,loading,loading,84.148,31.267,99.965,0.0,0.0,0.0,0.0,246.907,3.4874,0.0
1171.0,run_20260917_174825,,loading,loading,84.14,31.257,99.965,0.0,0.0,0.0,0.0,246.907,3.4891,0.0
1172.0,run_20260917_174825,,loading,loading,84.133,31.247,99.965,0.0,0.0,0.0,0.0,246.907,3.4908,0.0
1173.0,run_20260917_174825,,loading,loading,84.125,31.237,99.965,0.0,0.0,0.0,0.0,246.907,3.4924,0.0
1174.0,run_20260917_174825,,loading,loading,84.118,31.227,99.965,0.0,0.0,0.0,0.0,246.907,3.4941,0.0
1175.0,run_20260917_174825,,loading,loading,84.11,31.216,99.965,0.0,0.0,0.0,0.0,246.907,3.4958,0.0
1176.0,run_20260917_174825,,loading,loading,84.103,31.206,99.965,0.0,0.0,0.0,0.0,246.907,3.4974,0.0
1177.0,run_20260917_174825,,loading,loading,84.095,31.196,99.965,0.0,0.0,0.0,0.0,246.907,3.4991,0.0
1178.0,run_20260917_174825,,loading,loading,84.087,31.186,99.965,0.0,0.0,0.0,0.0,246.907,3.5008,0.0
1179.0,run_20260917_174825,,loading,loading,84.08,31.176,99.965,0.0,0.0,0.0,0.0,246.907,3.5024,0.0
1180.0,run_20260917_174825,,waiting,waiting,84.072,31.166,99.965,1.5,0.0,0.0,0.0,246.907,3.5041,0.0
1181.0,run_20260917_174825,,driving,driving,84.064,31.161,99.965,1.5,0.142,0.079,0.0079,246.915,3.5058,0.0
1182.0,run_20260917_174825,,driving,driving,84.051,31.167,99.965,1.5,0.39,0.217,0.1793,247.094,3.5087,0.0
1183.0,run_20260917_174825,,driving,driving,84.041,31.158,99.965,1.5,0.018,0.01,0.0902,247.184,3.511,0.0
1184.0,run_20260917_174825,,driving,driving,84.032,31.157,99.965,1.5,0.231,0.128,0.043,247.227,3.513,0.0
1185.0,run_20260917_174825,,driving,driving,84.012,31.182,99.965,1.5,0.88,0.49,0.3988,247.626,3.5174,0.0
1186.0,run_20260917_174825,,driving,driving,83.989,31.206,99.965,1.5,0.88,0.49,0.4981,248.124,3.5225,0.0
1187.0,run_20260917_174825,,driving,driving,83.965,31.232,99.965,1.5,0.897,0.5,0.4975,248.622,3.5276,0.0
1188.0,run_20260917_174825,,driving,driving,83.943,31.257,99.965,1.5,0.882,0.491,0.4788,249.101,3.5326,0.0
1189.0,run_20260917_174825,,driving,driving,83.92,31.282,99.965,1.5,0.897,0.5,0.498,249.599,3.5377,0.0
1190.0,run_20260917_174825,,driving,driving,83.896,31.308,99.965,1.5,0.897,0.5,0.5006,250.099,3.5428,0.0
1191.0,run_20260917_174825,,driving,driving,83.873,31.333,99.965,1.5,0.884,0.493,0.4843,250.584,3.5478,0.0
1192.0,run_20260917_174825,,driving,driving,83.85,31.358,99.964,1.5,0.897,0.5,0.4999,251.084,3.553,0.0
1193.0,run_20260917_174825,,driving,driving,83.827,31.383,99.964,1.5,0.884,0.493,0.4839,251.567,3.558,0.0
1194.0,run_20260917_174825,,driving,driving,83.805,31.407,99.964,1.5,0.848,0.473,0.4818,252.049,3.563,0.0
1195.0,run_20260917_174825,,driving,driving,83.781,31.432,99.964,1.5,0.897,0.5,0.4968,252.546,3.5681,0.0
1196.0,run_20260917_174825,,driving,driving,83.758,31.457,99.964,1.5,0.897,0.5,0.5032,253.049,3.5732,0.0
1197.0,run_20260917_174825,,driving,driving,83.735,31.482,99.964,1.5,0.895,0.499,0.4846,253.534,3.5782,0.0
1198.0,run_20260917_174825,,driving,driving,83.712,31.508,99.964,1.5,0.895,0.498,0.5019,254.036,3.5834,0.0
1199.0,run_20260917_174825,,driving,driving,83.689,31.533,99.964,1.5,0.897,0.5,0.5028,254.539,3.5885,0.0
1200.0,run_20260917_174825,,driving,driving,83.665,31.557,99.964,1.5,0.876,0.488,0.5005,255.039,3.5937,0.0
1201.0,run_20260917_174825,,driving,driving,83.642,31.582,99.964,1.5,0.897,0.5,0.4957,255.535,3.5988,0.0
1202.0,run_20260917_174825,,driving,driving,83.619,31.607,99.964,1.5,0.887,0.494,0.4855,256.02,3.6038,0.0
1203.0,run_20260917_174825,,driving,driving,83.598,31.622,99.964,1.5,0.631,0.352,0.4223,256.443,3.6084,0.0
1204.0,run_20260917_174825,,driving,driving,83.583,31.617,99.964,1.5,0.155,0.086,0.2355,256.678,3.6117,0.0
1205.0,run_20260917_174825,,driving,driving,83.575,31.61,99.964,1.5,0.095,0.053,0.0398,256.718,3.6136,0.0
1206.0,run_20260917_174825,,unloading,unloading,83.566,31.6,99.964,1.5,0.0,0.0,0.0147,256.733,3.6154,0.0
1207.0,run_20260917_174825,,unloading,unloading,83.559,31.589,99.964,1.5,0.0,0.0,0.0,256.733,3.617,0.0
1208.0,run_20260917_174825,,unloading,unloading,83.551,31.579,99.964,1.5,0.0,0.0,0.0,256.733,3.6187,0.0
1209.0,run_20260917_174825,,unloading,unloading,83.544,31.568,99.964,1.5,0.0,0.0,0.0,256.733,3.6204,0.0
1210.0,run_20260917_174825,,unloading,unloading,83.536,31.558,99.964,1.5,0.0,0.0,0.0,256.733,3.622,0.0
1211.0,run_20260917_174825,,unloading,unloading,83.529,31.547,99.964,1.5,0.0,0.0,0.0,256.733,3.6237,0.0
1212.0,run_20260917_174825,,unloading,unloading,83.521,31.537,99.964,1.5,0.0,0.0,0.0,256.733,3.6254,0.0
1213.0,run_20260917_174825,,unloading,unloading,83.513,31.526,99.964,1.5,0.0,0.0,0.0,256.733,3.627,0.0
1214.0,run_20260917_174825,,unloading,unloading,83.506,31.516,99.964,1.5,0.0,0.0,0.0,256.733,3.6287,0.0
1215.0,run_20260917_174825,,unloading,unloading,83.498,31.505,99.964,1.5,0.0,0.0,0.0,256.733,3.6304,0.0
1216.0,run_20260917_174825,,unloading,unloading,83.491,31.495,99.964,1.5,0.0,0.0,0.0,256.733,3.632,0.0
1217.0,run_20260917_174825,,unloading,unloading,83.483,31.484,99.964,1.5,0.0,0.0,0.0,256.733,3.6337,0.0
1218.0,run_20260917_174825,,unloading,unloading,83.476,31.474,99.964,1.5,0.0,0.0,0.0,256.733,3.6354,0.0
1219.0,run_20260917_174825,,unloading,unloading,83.468,31.464,99.964,1.5,0.0,0.0,0.0,256.733,3.637,0.0
1220.0,run_20260917_174825,,unloading,unloading,83.46,31.453,99.964,1.5,0.0,0.0,0.0,256.733,3.6387,0.0
1221.0,run_20260917_174825,,unloading,unloading,83.453,31.443,99.964,1.5,0.0,0.0,0.0,256.733,3.6404,0.0
1222.0,run_20260917_174825,,unloading,unloading,83.445,31.432,99.964,1.5,0.0,0.0,0.0,256.733,3.642,0.0
1223.0,run_20260917_174825,,unloading,unloading,83.438,31.422,99.964,1.5,0.0,0.0,0.0,256.733,3.6437,0.0
1224.0,run_20260917_174825,,unloading,unloading,83.43,31.412,99.964,1.5,0.0,0.0,0.0,256.733,3.6454,0.0
1225.0,run_20260917_174825,,unloading,unloading,83.423,31.401,99.964,1.5,0.0,0.0,0.0,256.733,3.647,0.0
1226.0,run_20260917_174825,,unloading,unloading,83.415,31.391,99.964,1.5,0.0,0.0,0.0,256.733,3.6487,0.0
1227.0,run_20260917_174825,,unloading,unloading,83.407,31.381,99.963,1.5,0.0,0.0,0.0,256.733,3.6504,0.0
1228.0,run_20260917_174825,,unloading,unloading,83.4,31.37,99.963,1.5,0.0,0.0,0.0,256.733,3.652,0.0
1229.0,run_20260917_174825,,unloading,unloading,83.392,31.36,99.963,1.5,0.0,0.0,0.0,256.733,3.6537,0.0
1230.0,run_20260917_174825,,unloading,unloading,83.385,31.35,99.963,1.5,0.0,0.0,0.0,256.733,3.6554,0.0
1231.0,run_20260917_174825,,unloading,unloading,83.377,31.339,99.963,1.5,0.0,0.0,0.0,256.733,3.657,0.0
1232.0,run_20260917_174825,,unloading,unloading,83.37,31.329,99.963,1.5,0.0,0.0,0.0,256.733,3.6587,0.0
1233.0,run_20260917_174825,,unloading,unloading,83.362,31.319,99.963,1.5,0.0,0.0,0.0,256.733,3.6604,0.0
1234.0,run_20260917_174825,,unloading,unloading,83.354,31.309,99.963,1.5,0.0,0.0,0.0,256.733,3.662,0.0
1235.0,run_20260917_174825,,unloading,unloading,83.347,31.298,99.963,1.5,0.0,0.0,0.0,256.733,3.6637,0.0
1236.0,run_20260917_174825,,waiting,waiting,83.339,31.288,99.963,0.0,0.0,0.0,0.0,256.733,3.6654,0.0
1237.0,run_20260917_174825,,waiting,waiting,83.332,31.278,99.963,0.0,0.0,0.0,0.0,256.733,3.667,0.0
1238.0,run_20260917_174825,,waiting,waiting,83.324,31.268,99.963,0.0,0.0,0.0,0.0,256.733,3.6687,0.0
1239.0,run_20260917_174825,,waiting,waiting,83.316,31.257,99.963,0.0,0.0,0.0,0.0,256.733,3.6704,0.0
1240.0,run_20260917_174825,,waiting,waiting,83.309,31.247,99.963,0.0,0.0,0.0,0.0,256.733,3.672,0.0
1241.0,run_20260917_174825,,waiting,waiting,83.301,31.237,99.963,0.0,0.0,0.0,0.0,256.733,3.6737,0.0
1242.0,run_20260917_174825,,waiting,waiting,83.294,31.227,99.963,0.0,0.0,0.0,0.0,256.733,3.6754,0.0
