ts,run_id,order_id,activity,state,battery_percent,temperature_c,condition_percent,payload_kg,motor_load,speed,distance_delta_m,cumulative_distance_m,cumulative_energy_wh,cumulative_charged_wh
6.0,run_20260920_095433,,idle,idle,49.995,22.0,100.0,0.0,0.0,0.0,0.0,0.0,0.0011,0.0
7.0,run_20260920_095433,,idle,idle,49.987,22.0,100.0,0.0,0.0,0.0,0.0,0.0,0.0028,0.0
8.0,run_20260920_095433,,idle,idle,49.98,22.0,100.0,0.0,0.0,0.0,0.0,0.0,0.0045,0.0
9.0,run_20260920_095433,,idle,idle,49.972,22.0,100.0,0.0,0.0,0.0,0.0,0.0,0.0061,0.0
10.0,run_20260920_095433,,idle,idle,49.965,22.0,100.0,0.0,0.0,0.0,0.0,0.0,0.0078,0.0
11.0,run_20260920_095433,,idle,idle,49.957,22.0,100.0,0.0,0.0,0.0,0.0,0.0,0.0095,0.0
12.0,run_20260920_095433,,idle,idle,49.949,22.0,100.0,0.0,0.0,0.0,0.0,0.0,0.0111,0.0
13.0,run_20260920_095433,,waiting,waiting,49.942,22.0,100.0,0.0,0.0,0.0,0.0,0.0,0.0128,0.0
14.0,run_20260920_095433,,waiting,waiting,49.934,22.0,100.0,0.0,0.0,0.0,0.0,0.0,0.0145,0.0
15.0,run_20260920_095433,,waiting,waiting,49.927,22.0,100.0,0.0,0.0,0.0,0.0,0.0,0.0161,0.0
16.0,run_20260920_095433,,waiting,waiting,49.919,22.0,100.0,0.0,0.0,0.0,0.0,0.0,0.0178,0.0
17.0,run_20260920_095433,,waiting,waiting,49.912,22.0,100.0,0.0,0.0,0.0,0.0,0.0,0.0195,0.0
18.0,run_20260920_095433,,driving,driving,49.903,22.011,100.0,0.0,0.305,0.17,0.0291,0.029,0.0213,0.0
19.0,run_20260920_095433,,driving,driving,49.887,22.044,100.0,0.0,0.89,0.496,0.3797,0.409,0.0248,0.0
20.0,run_20260920_095433,,driving,driving,49.868,22.077,100.0,0.0,0.893,0.498,0.4952,0.904,0.029,0.0
21.0,run_20260920_095433,,driving,driving,49.849,22.11,100.0,0.0,0.888,0.495,0.4975,1.402,0.0331,0.0
22.0,run_20260920_095433,,driving,driving,49.83,22.143,100.0,0.0,0.894,0.498,0.5012,1.903,0.0373,0.0
23.0,run_20260920_095433,,driving,driving,49.812,22.174,100.0,0.0,0.847,0.472,0.4768,2.38,0.0414,0.0
24.0,run_20260920_095433,,driving,driving,49.793,22.207,100.0,0.0,0.883,0.492,0.4982,2.878,0.0455,0.0
25.0,run_20260920_095433,,driving,driving,49.774,22.24,100.0,0.0,0.897,0.5,0.4951,3.373,0.0497,0.0
26.0,run_20260920_095433,,driving,driving,49.756,22.272,99.999,0.0,0.878,0.489,0.4798,3.853,0.0537,0.0
27.0,run_20260920_095433,,driving,driving,49.738,22.304,99.999,0.0,0.882,0.491,0.4436,4.296,0.0576,0.0
28.0,run_20260920_095433,,driving,driving,49.719,22.337,99.999,0.0,0.897,0.5,0.4925,4.789,0.0617,0.0
29.0,run_20260920_095433,,driving,driving,49.7,22.37,99.999,0.0,0.889,0.496,0.4999,5.289,0.0659,0.0
30.0,run_20260920_095433,,driving,driving,49.681,22.402,99.999,0.0,0.886,0.494,0.5013,5.79,0.0701,0.0
31.0,run_20260920_095433,,driving,driving,49.663,22.434,99.999,0.0,0.893,0.498,0.4921,6.282,0.0742,0.0
32.0,run_20260920_095433,,driving,driving,49.645,22.467,99.999,0.0,0.891,0.496,0.4672,6.749,0.0782,0.0
33.0,run_20260920_095433,,driving,driving,49.626,22.5,99.999,0.0,0.893,0.498,0.5021,7.251,0.0824,0.0
34.0,run_20260920_095433,,driving,driving,49.607,22.532,99.999,0.0,0.897,0.5,0.502,7.753,0.0866,0.0
35.0,run_20260920_095433,,driving,driving,49.588,22.565,99.999,0.0,0.897,0.5,0.5039,8.257,0.0907,0.0
36.0,run_20260920_095433,,driving,driving,49.569,22.597,99.999,0.0,0.897,0.5,0.4855,8.743,0.0948,0.0
37.0,run_20260920_095433,,driving,driving,49.55,22.63,99.999,0.0,0.897,0.5,0.5028,9.246,0.099,0.0
38.0,run_20260920_095433,,driving,driving,49.531,22.662,99.999,0.0,0.892,0.497,0.4927,9.738,0.1031,0.0
39.0,run_20260920_095433,,driving,driving,49.512,22.695,99.999,0.0,0.897,0.5,0.5027,10.241,0.1073,0.0
40.0,run_20260920_095433,,driving,driving,49.493,22.727,99.999,0.0,0.895,0.499,0.5027,10.744,0.1115,0.0
41.0,run_20260920_095433,,driving,driving,49.475,22.759,99.999,0.0,0.894,0.498,0.4846,11.228,0.1156,0.0
42.0,run_20260920_095433,,driving,driving,49.456,22.792,99.999,0.0,0.892,0.497,0.5028,11.731,0.1198,0.0
43.0,run_20260920_095433,,driving,driving,49.437,22.823,99.999,0.0,0.883,0.492,0.5019,12.233,0.124,0.0
44.0,run_20260920_095433,,driving,driving,49.418,22.855,99.999,0.0,0.895,0.498,0.5012,12.734,0.1281,0.0
45.0,run_20260920_095433,,driving,driving,49.399,22.888,99.999,0.0,0.897,0.5,0.4835,13.218,0.1322,0.0
46.0,run_20260920_095433,,driving,driving,49.38,22.92,99.999,0.0,0.891,0.497,0.5009,13.719,0.1364,0.0
47.0,run_20260920_095433,,driving,driving,49.361,22.951,99.999,0.0,0.862,0.48,0.4986,14.217,0.1405,0.0
48.0,run_20260920_095433,,driving,driving,49.343,22.978,99.999,0.0,0.764,0.426,0.4817,14.699,0.1446,0.0
49.0,run_20260920_095433,,driving,driving,49.328,22.982,99.999,0.0,0.129,0.072,0.3281,15.027,0.1479,0.0
50.0,run_20260920_095433,,loading,loading,49.32,22.98,99.999,0.0,0.0,0.0,0.0004,15.027,0.1496,0.0
51.0,run_20260920_095433,,loading,loading,49.312,22.979,99.998,0.0,0.0,0.0,0.0,15.027,0.1513,0.0
52.0,run_20260920_095433,,loading,loading,49.305,22.978,99.998,0.0,0.0,0.0,0.0,15.027,0.1529,0.0
53.0,run_20260920_095433,,loading,loading,49.297,22.977,99.998,0.0,0.0,0.0,0.0,15.027,0.1546,0.0
54.0,run_20260920_095433,,loading,loading,49.29,22.976,99.998,0.0,0.0,0.0,0.0,15.027,0.1563,0.0
55.0,run_20260920_095433,,loading,loading,49.282,22.975,99.998,0.0,0.0,0.0,0.0,15.027,0.1579,0.0
56.004,run_20260920_095433,,loading,loading,49.275,22.974,99.998,0.0,0.0,0.0,0.0,15.027,0.1596,0.0
57.0,run_20260920_095433,,loading,loading,49.267,22.973,99.998,0.0,0.0,0.0,0.0,15.027,0.1613,0.0
58.0,run_20260920_095433,,loading,loading,49.259,22.972,99.998,0.0,0.0,0.0,0.0,15.027,0.1629,0.0
59.0,run_20260920_095433,,loading,loading,49.252,22.971,99.998,0.0,0.0,0.0,0.0,15.027,0.1646,0.0
60.0,run_20260920_095433,,loading,loading,49.244,22.97,99.998,0.0,0.0,0.0,0.0,15.027,0.1663,0.0
61.0,run_20260920_095433,,loading,loading,49.237,22.969,99.998,0.0,0.0,0.0,0.0,15.027,0.1679,0.0
62.0,run_20260920_095433,,loading,loading,49.229,22.968,99.998,0.0,0.0,0.0,0.0,15.027,0.1696,0.0
63.0,run_20260920_095433,,loading,loading,49.222,22.967,99.998,0.0,0.0,0.0,0.0,15.027,0.1713,0.0
64.0,run_20260920_095433,,loading,loading,49.214,22.965,99.998,0.0,0.0,0.0,0.0,15.027,0.1729,0.0
65.0,run_20260920_095433,,loading,loading,49.206,22.964,99.998,0.0,0.0,0.0,0.0,15.027,0.1746,0.0
66.0,run_20260920_095433,,loading,loading,49.199,22.963,99.998,0.0,0.0,0.0,0.0,15.027,0.1763,0.0
67.0,run_20260920_095433,,loading,loading,49.191,22.962,99.998,0.0,0.0,0.0,0.0,15.027,0.1779,0.0
68.0,run_20260920_095433,,loading,loading,49.184,22.961,99.998,0.0,0.0,0.0,0.0,15.027,0.1796,0.0
69.0,run_20260920_095433,,loading,loading,49.176,22.96,99.998,0.0,0.0,0.0,0.0,15.027,0.1813,0.0
70.0,run_20260920_095433,,loading,loading,49.169,22.959,99.998,0.0,0.0,0.0,0.0,15.027,0.1829,0.0
71.0,run_20260920_095433,,loading,loading,49.161,22.958,99.998,0.0,0.0,0.0,0.0,15.027,0.1846,0.0
72.0,run_20260920_095433,,loading,loading,49.153,22.957,99.998,0.0,0.0,0.0,0.0,15.027,0.1863,0.0
73.0,run_20260920_095433,,loading,loading,49.146,22.956,99.998,0.0,0.0,0.0,0.0,15.027,0.1879,0.0
74.0,run_20260920_095433,,loading,loading,49.138,22.955,99.998,0.0,0.0,0.0,0.0,15.027,0.1896,0.0
75.0,run_20260920_095433,,loading,loading,49.131,22.954,99.998,0.0,0.0,0.0,0.0,15.027,0.1913,0.0
76.0,run_20260920_095433,,loading,loading,49.123,22.953,99.998,0.0,0.0,0.0,0.0,15.027,0.1929,0.0
77.0,run_20260920_095433,,loading,loading,49.116,22.952,99.998,0.0,0.0,0.0,0.0,15.027,0.1946,0.0
78.004,run_20260920_095433,,loading,loading,49.108,22.951,99.998,0.0,0.0,0.0,0.0,15.027,0.1963,0.0
79.0,run_20260920_095433,,loading,loading,49.1,22.95,99.998,0.0,0.0,0.0,0.0,15.027,0.1979,0.0
80.0,run_20260920_095433,,waiting,waiting,49.093,22.949,99.998,1.7999999523162842,0.0,0.0,0.0,15.027,0.1996,0.0
81.0,run_20260920_095433,,driving,driving,49.084,22.958,99.998,1.7999999523162842,0.253,0.141,0.0262,15.053,0.2014,0.0
82.0,run_20260920_095433,,driving,driving,49.071,22.963,99.998,1.7999999523162842,0.153,0.085,0.1735,15.227,0.2043,0.0
83.0,run_20260920_095433,,driving,driving,49.062,22.968,99.998,1.7999999523162842,0.144,0.08,0.0365,15.264,0.2063,0.0
84.0,run_20260920_095433,,driving,driving,49.044,23.003,99.998,1.7999999523162842,0.897,0.5,0.3515,15.615,0.2104,0.0
85.0,run_20260920_095433,,driving,driving,49.02,23.038,99.998,1.7999999523162842,0.897,0.5,0.5036,16.119,0.2157,0.0
86.0,run_20260920_095433,,driving,driving,48.997,23.073,99.998,1.7999999523162842,0.897,0.5,0.4859,16.605,0.2208,0.0
87.0,run_20260920_095433,,driving,driving,48.973,23.108,99.998,1.7999999523162842,0.892,0.497,0.5026,17.107,0.226,0.0
88.004,run_20260920_095433,,driving,driving,48.95,23.143,99.998,1.7999999523162842,0.891,0.496,0.484,17.591,0.2311,0.0
89.0,run_20260920_095433,,driving,driving,48.926,23.175,99.998,1.7999999523162842,0.829,0.462,0.4928,18.084,0.2363,0.0
90.0,run_20260920_095433,,driving,driving,48.903,23.21,99.998,1.7999999523162842,0.897,0.5,0.4766,18.56,0.2413,0.0
91.0,run_20260920_095433,,driving,driving,48.879,23.244,99.998,1.7999999523162842,0.897,0.5,0.5038,19.064,0.2465,0.0
92.0,run_20260920_095433,,driving,driving,48.856,23.279,99.997,1.7999999523162842,0.894,0.498,0.5028,19.567,0.2518,0.0
93.0,run_20260920_095433,,driving,driving,48.832,23.314,99.997,1.7999999523162842,0.895,0.498,0.5037,20.071,0.257,0.0
94.0,run_20260920_095433,,driving,driving,48.808,23.348,99.997,1.7999999523162842,0.897,0.5,0.5033,20.574,0.2622,0.0
95.0,run_20260920_095433,,driving,driving,48.785,23.383,99.997,1.7999999523162842,0.897,0.5,0.4858,21.06,0.2673,0.0
96.0,run_20260920_095433,,driving,driving,48.761,23.418,99.997,1.7999999523162842,0.897,0.5,0.5036,21.563,0.2726,0.0
97.0,run_20260920_095433,,driving,driving,48.737,23.452,99.997,1.7999999523162842,0.895,0.499,0.5023,22.066,0.2778,0.0
98.0,run_20260920_095433,,driving,driving,48.714,23.486,99.997,1.7999999523162842,0.883,0.492,0.4997,22.565,0.283,0.0
99.0,run_20260920_095433,,driving,driving,48.69,23.52,99.997,1.7999999523162842,0.887,0.494,0.4839,23.049,0.2881,0.0
100.0,run_20260920_095433,,driving,driving,48.667,23.555,99.997,1.7999999523162842,0.897,0.5,0.4947,23.544,0.2933,0.0
101.0,run_20260920_095433,,driving,driving,48.643,23.589,99.997,1.7999999523162842,0.896,0.499,0.5013,24.045,0.2985,0.0
102.008,run_20260920_095433,,driving,driving,48.619,23.624,99.997,1.7999999523162842,0.897,0.5,0.503,24.548,0.3038,0.0
103.0,run_20260920_095433,,driving,driving,48.596,23.657,99.997,1.7999999523162842,0.872,0.486,0.4975,25.046,0.3089,0.0
104.0,run_20260920_095433,,driving,driving,48.573,23.691,99.997,1.7999999523162842,0.877,0.489,0.4806,25.526,0.314,0.0
105.0,run_20260920_095433,,driving,driving,48.549,23.725,99.997,1.7999999523162842,0.897,0.5,0.5004,26.027,0.3192,0.0
106.0,run_20260920_095433,,driving,driving,48.526,23.758,99.997,1.7999999523162842,0.862,0.48,0.4869,26.513,0.3243,0.0
107.0,run_20260920_095433,,driving,driving,48.502,23.792,99.997,1.7999999523162842,0.886,0.494,0.4959,27.009,0.3295,0.0
108.0,run_20260920_095433,,driving,driving,48.479,23.826,99.997,1.7999999523162842,0.884,0.493,0.4811,27.491,0.3346,0.0
109.0,run_20260920_095433,,driving,driving,48.456,23.859,99.997,1.7999999523162842,0.873,0.486,0.4908,27.981,0.3397,0.0
110.0,run_20260920_095433,,driving,driving,48.432,23.892,99.997,1.7999999523162842,0.867,0.483,0.497,28.478,0.3449,0.0
111.0,run_20260920_095433,,driving,driving,48.408,23.925,99.996,1.7999999523162842,0.876,0.488,0.4989,28.977,0.3501,0.0
112.004,run_20260920_095433,,driving,driving,48.385,23.958,99.996,1.7999999523162842,0.882,0.491,0.5019,29.479,0.3554,0.0
113.0,run_20260920_095433,,driving,driving,48.362,23.991,99.996,1.7999999523162842,0.873,0.486,0.4795,29.959,0.3604,0.0
114.0,run_20260920_095433,,driving,driving,48.338,24.024,99.996,1.7999999523162842,0.865,0.482,0.4966,30.455,0.3656,0.0
115.0,run_20260920_095433,,driving,driving,48.314,24.058,99.996,1.7999999523162842,0.891,0.497,0.4992,30.954,0.3708,0.0
116.0,run_20260920_095433,,driving,driving,48.291,24.085,99.996,1.7999999523162842,0.738,0.411,0.4959,31.45,0.376,0.0
117.0,run_20260920_095433,,driving,driving,48.282,24.083,99.996,1.7999999523162842,0.0,0.0,0.0303,31.481,0.3779,0.0
118.0,run_20260920_095433,,driving,driving,48.275,24.084,99.996,1.7999999523162842,0.073,0.041,0.0019,31.483,0.3796,0.0
119.0,run_20260920_095433,,driving,driving,48.256,24.117,99.996,1.7999999523162842,0.893,0.498,0.3418,31.824,0.3836,0.0
120.0,run_20260920_095433,,driving,driving,48.234,24.148,99.996,1.7999999523162842,0.816,0.455,0.4654,32.29,0.3886,0.0
121.0,run_20260920_095433,,driving,driving,48.215,24.167,99.996,1.7999999523162842,0.526,0.293,0.3559,32.646,0.3928,0.0
122.0,run_20260920_095433,,loading,loading,48.203,24.164,99.996,1.7999999523162842,0.0,0.0,0.1325,32.778,0.3954,0.0
123.0,run_20260920_095433,,loading,loading,48.195,24.162,99.996,1.7999999523162842,0.0,0.0,0.0,32.778,0.3971,0.0
124.0,run_20260920_095433,,loading,loading,48.188,24.16,99.996,1.7999999523162842,0.0,0.0,0.0,32.778,0.3987,0.0
125.0,run_20260920_095433,,loading,loading,48.18,24.157,99.996,1.7999999523162842,0.0,0.0,0.0,32.778,0.4004,0.0
126.0,run_20260920_095433,,loading,loading,48.172,24.155,99.996,1.7999999523162842,0.0,0.0,0.0,32.778,0.4021,0.0
127.0,run_20260920_095433,,loading,loading,48.165,24.153,99.996,1.7999999523162842,0.0,0.0,0.0,32.778,0.4037,0.0
128.0,run_20260920_095433,,loading,loading,48.157,24.15,99.996,1.7999999523162842,0.0,0.0,0.0,32.778,0.4054,0.0
129.0,run_20260920_095433,,loading,loading,48.15,24.148,99.996,1.7999999523162842,0.0,0.0,0.0,32.778,0.4071,0.0
130.0,run_20260920_095433,,loading,loading,48.142,24.145,99.996,1.7999999523162842,0.0,0.0,0.0,32.778,0.4087,0.0
131.0,run_20260920_095433,,loading,loading,48.135,24.143,99.996,1.7999999523162842,0.0,0.0,0.0,32.778,0.4104,0.0
132.0,run_20260920_095433,,loading,loading,48.127,24.141,99.996,1.7999999523162842,0.0,0.0,0.0,32.778,0.4121,0.0
133.0,run_20260920_095433,,loading,loading,48.119,24.138,99.996,1.7999999523162842,0.0,0.0,0.0,32.778,0.4137,0.0
134.0,run_20260920_095433,,loading,loading,48.112,24.136,99.996,1.7999999523162842,0.0,0.0,0.0,32.778,0.4154,0.0
135.0,run_20260920_095433,,loading,loading,48.104,24.134,99.996,1.7999999523162842,0.0,0.0,0.0,32.778,0.4171,0.0
136.0,run_20260920_095433,,loading,loading,48.097,24.131,99.996,1.7999999523162842,0.0,0.0,0.0,32.778,0.4187,0.0
137.0,run_20260920_095433,,loading,loading,48.089,24.129,99.996,1.7999999523162842,0.0,0.0,0.0,32.778,0.4204,0.0
138.0,run_20260920_095433,,loading,loading,48.081,24.127,99.996,1.7999999523162842,0.0,0.0,0.0,32.778,0.4221,0.0
139.0,run_20260920_095433,,loading,loading,48.074,24.124,99.996,1.7999999523162842,0.0,0.0,0.0,32.778,0.4237,0.0
140.0,run_20260920_095433,,loading,loading,48.066,24.122,99.996,1.7999999523162842,0.0,0.0,0.0,32.778,0.4254,0.0
141.0,run_20260920_095433,,loading,loading,48.059,24.12,99.996,1.7999999523162842,0.0,0.0,0.0,32.778,0.4271,0.0
142.0,run_20260920_095433,,loading,loading,48.051,24.117,99.996,1.7999999523162842,0.0,0.0,0.0,32.778,0.4287,0.0
143.0,run_20260920_095433,,loading,loading,48.044,24.115,99.996,1.7999999523162842,0.0,0.0,0.0,32.778,0.4304,0.0
144.0,run_20260920_095433,,loading,loading,48.036,24.113,99.996,1.7999999523162842,0.0,0.0,0.0,32.778,0.4321,0.0
145.0,run_20260920_095433,,loading,loading,48.028,24.11,99.996,1.7999999523162842,0.0,0.0,0.0,32.778,0.4337,0.0
146.0,run_20260920_095433,,loading,loading,48.021,24.108,99.996,1.7999999523162842,0.0,0.0,0.0,32.778,0.4354,0.0
147.0,run_20260920_095433,,loading,loading,48.013,24.106,99.996,1.7999999523162842,0.0,0.0,0.0,32.778,0.4371,0.0
148.0,run_20260920_095433,,loading,loading,48.006,24.103,99.996,1.7999999523162842,0.0,0.0,0.0,32.778,0.4387,0.0
149.0,run_20260920_095433,,loading,loading,47.998,24.101,99.996,1.7999999523162842,0.0,0.0,0.0,32.778,0.4404,0.0
150.0,run_20260920_095433,,loading,loading,47.991,24.099,99.996,1.7999999523162842,0.0,0.0,0.0,32.778,0.4421,0.0
151.0,run_20260920_095433,,loading,loading,47.983,24.096,99.996,1.7999999523162842,0.0,0.0,0.0,32.778,0.4437,0.0
152.0,run_20260920_095433,,waiting,waiting,47.975,24.094,99.996,3.399999976158142,0.0,0.0,0.0,32.778,0.4454,0.0
153.0,run_20260920_095433,,waiting,waiting,47.968,24.092,99.996,3.399999976158142,0.0,0.0,0.0,32.778,0.4471,0.0
154.0,run_20260920_095433,,driving,driving,47.957,24.106,99.996,3.399999976158142,0.379,0.211,0.0888,32.867,0.4495,0.0
155.0,run_20260920_095433,,driving,driving,47.943,24.107,99.995,3.399999976158142,0.069,0.039,0.1573,33.024,0.4526,0.0
156.0,run_20260920_095433,,driving,driving,47.934,24.106,99.995,3.399999976158142,0.043,0.024,0.0162,33.04,0.4544,0.0
157.0,run_20260920_095433,,driving,driving,47.917,24.14,99.995,3.399999976158142,0.843,0.47,0.2392,33.28,0.4582,0.0
158.0,run_20260920_095433,,driving,driving,47.89,24.177,99.995,3.399999976158142,0.897,0.5,0.4765,33.756,0.4642,0.0
159.0,run_20260920_095433,,driving,driving,47.862,24.213,99.995,3.399999976158142,0.882,0.491,0.5,34.256,0.4703,0.0
160.0,run_20260920_095433,,driving,driving,47.834,24.249,99.995,3.399999976158142,0.893,0.497,0.5002,34.756,0.4764,0.0
161.0,run_20260920_095433,,driving,driving,47.806,24.285,99.995,3.399999976158142,0.881,0.491,0.4999,35.256,0.4826,0.0
162.0,run_20260920_095433,,driving,driving,47.78,24.318,99.995,3.399999976158142,0.834,0.465,0.467,35.723,0.4884,0.0
163.0,run_20260920_095433,,driving,driving,47.752,24.353,99.995,3.399999976158142,0.871,0.485,0.4948,36.218,0.4945,0.0
164.0,run_20260920_095433,,driving,driving,47.724,24.39,99.995,3.399999976158142,0.897,0.5,0.5008,36.719,0.5007,0.0
165.0,run_20260920_095433,,driving,driving,47.696,24.426,99.995,3.399999976158142,0.897,0.5,0.504,37.223,0.5068,0.0
166.0,run_20260920_095433,,driving,driving,47.672,24.438,99.995,3.399999976158142,0.354,0.197,0.42,37.643,0.5123,0.0
167.0,run_20260920_095433,,driving,driving,47.65,24.475,99.995,3.399999976158142,0.897,0.5,0.3409,37.984,0.517,0.0
168.0,run_20260920_095433,,driving,driving,47.622,24.51,99.995,3.399999976158142,0.886,0.494,0.4955,38.479,0.5231,0.0
169.0,run_20260920_095433,,driving,driving,47.594,24.546,99.995,3.399999976158142,0.889,0.495,0.5006,38.98,0.5292,0.0
170.0,run_20260920_095433,,driving,driving,47.567,24.581,99.995,3.399999976158142,0.871,0.485,0.4891,39.469,0.5353,0.0
171.0,run_20260920_095433,,driving,driving,47.541,24.616,99.995,3.399999976158142,0.888,0.495,0.4426,39.911,0.5409,0.0
172.0,run_20260920_095433,,driving,driving,47.514,24.652,99.995,3.399999976158142,0.887,0.494,0.4988,40.41,0.547,0.0
173.0,run_20260920_095433,,driving,driving,47.486,24.686,99.994,3.399999976158142,0.85,0.473,0.4948,40.905,0.5531,0.0
174.0,run_20260920_095433,,driving,driving,47.459,24.708,99.994,3.399999976158142,0.575,0.32,0.4642,41.369,0.5589,0.0
175.0,run_20260920_095433,,driving,driving,47.437,24.734,99.994,3.399999976158142,0.672,0.374,0.3674,41.737,0.5639,0.0
176.0,run_20260920_095433,,driving,driving,47.417,24.739,99.994,3.399999976158142,0.197,0.11,0.2939,42.031,0.5682,0.0
177.0,run_20260920_095433,,driving,driving,47.409,24.741,99.994,3.399999976158142,0.105,0.058,0.033,42.064,0.5701,0.0
178.0,run_20260920_095433,,driving,driving,47.396,24.747,99.994,3.399999976158142,0.213,0.119,0.119,42.183,0.5729,0.0
179.0,run_20260920_095433,,driving,driving,47.381,24.757,99.994,3.399999976158142,0.286,0.159,0.1765,42.359,0.5761,0.0
180.0,run_20260920_095433,,driving,driving,47.371,24.756,99.994,3.399999976158142,0.06,0.033,0.069,42.428,0.5784,0.0
181.0,run_20260920_095433,,driving,driving,47.355,24.773,99.994,3.399999976158142,0.468,0.261,0.207,42.635,0.5819,0.0
182.0,run_20260920_095433,,driving,driving,47.342,24.784,99.994,3.399999976158142,0.307,0.171,0.1365,42.772,0.5848,0.0
183.0,run_20260920_095433,,driving,driving,47.331,24.783,99.994,3.399999976158142,0.051,0.028,0.0912,42.863,0.5873,0.0
184.0,run_20260920_095433,,driving,driving,47.323,24.78,99.994,3.399999976158142,0.005,0.003,0.011,42.874,0.589,0.0
185.0,run_20260920_095433,,driving,driving,47.314,24.783,99.994,3.399999976158142,0.139,0.077,0.0338,42.908,0.591,0.0
186.0,run_20260920_095433,,driving,driving,47.302,24.789,99.994,3.399999976158142,0.205,0.114,0.0957,43.003,0.5935,0.0
187.0,run_20260920_095433,,driving,driving,47.293,24.787,99.994,3.399999976158142,0.039,0.022,0.0486,43.052,0.5956,0.0
188.0,run_20260920_095433,,driving,driving,47.28,24.791,99.994,3.399999976158142,0.167,0.093,0.1344,43.186,0.5985,0.0
189.0,run_20260920_095433,,driving,driving,47.27,24.794,99.994,3.399999976158142,0.134,0.075,0.0483,43.235,0.6006,0.0
190.0,run_20260920_095433,,driving,driving,47.258,24.798,99.994,3.399999976158142,0.168,0.094,0.119,43.354,0.6033,0.0
191.0,run_20260920_095433,,driving,driving,47.246,24.808,99.994,3.399999976158142,0.287,0.16,0.0954,43.449,0.6059,0.0
192.0,run_20260920_095433,,driving,driving,47.236,24.808,99.994,3.399999976158142,0.077,0.043,0.0649,43.514,0.6081,0.0
193.0,run_20260920_095433,,driving,driving,47.217,24.841,99.994,3.399999976158142,0.847,0.472,0.2731,43.787,0.6122,0.0
194.0,run_20260920_095433,,driving,driving,47.192,24.873,99.994,3.399999976158142,0.8,0.446,0.4335,44.22,0.6178,0.0
195.0,run_20260920_095433,,driving,driving,47.165,24.908,99.994,3.399999976158142,0.872,0.486,0.4879,44.708,0.6238,0.0
196.0,run_20260920_095433,,driving,driving,47.14,24.939,99.994,3.399999976158142,0.806,0.449,0.4244,45.133,0.6292,0.0
197.0,run_20260920_095433,,driving,driving,47.112,24.975,99.994,3.399999976158142,0.89,0.496,0.4999,45.633,0.6354,0.0
198.0,run_20260920_095433,,driving,driving,47.085,25.01,99.994,3.399999976158142,0.896,0.499,0.4851,46.118,0.6414,0.0
199.0,run_20260920_095433,,driving,driving,47.057,25.045,99.994,3.399999976158142,0.891,0.496,0.5019,46.62,0.6475,0.0
200.0,run_20260920_095433,,driving,driving,47.029,25.08,99.993,3.399999976158142,0.875,0.487,0.501,47.121,0.6537,0.0
201.0,run_20260920_095433,,driving,driving,47.001,25.115,99.993,3.399999976158142,0.882,0.491,0.4991,47.62,0.6598,0.0
202.0,run_20260920_095433,,driving,driving,46.973,25.15,99.993,3.399999976158142,0.891,0.496,0.4925,48.112,0.6659,0.0
203.0,run_20260920_095433,,driving,driving,46.946,25.185,99.993,3.399999976158142,0.897,0.5,0.482,48.594,0.6719,0.0
204.0,run_20260920_095433,,driving,driving,46.918,25.22,99.993,3.399999976158142,0.888,0.495,0.5018,49.096,0.678,0.0
205.0,run_20260920_095433,,driving,driving,46.89,25.255,99.993,3.399999976158142,0.882,0.491,0.4976,49.594,0.6842,0.0
206.0,run_20260920_095433,,driving,driving,46.862,25.29,99.993,3.399999976158142,0.896,0.499,0.4992,50.093,0.6903,0.0
207.0,run_20260920_095433,,driving,driving,46.835,25.324,99.993,3.399999976158142,0.878,0.489,0.4817,50.574,0.6963,0.0
208.0,run_20260920_095433,,driving,driving,46.807,25.36,99.993,3.399999976158142,0.897,0.5,0.5002,51.075,0.7024,0.0
209.0,run_20260920_095433,,driving,driving,46.779,25.395,99.993,3.399999976158142,0.897,0.5,0.5039,51.579,0.7086,0.0
210.0,run_20260920_095433,,driving,driving,46.751,25.429,99.993,3.399999976158142,0.889,0.495,0.502,52.081,0.7148,0.0
211.0,run_20260920_095433,,driving,driving,46.723,25.464,99.993,3.399999976158142,0.897,0.5,0.5022,52.583,0.7209,0.0
212.0,run_20260920_095433,,driving,driving,46.696,25.499,99.993,3.399999976158142,0.883,0.492,0.4832,53.066,0.7269,0.0
213.0,run_20260920_095433,,driving,driving,46.669,25.525,99.993,3.399999976158142,0.688,0.383,0.4645,53.531,0.7328,0.0
214.0,run_20260920_095433,,driving,driving,46.651,25.521,99.993,3.399999976158142,0.0,0.0,0.2743,53.805,0.7369,0.0
215.0,run_20260920_095433,,loading,loading,46.643,25.517,99.993,3.399999976158142,0.0,0.0,0.0,53.805,0.7385,0.0
216.0,run_20260920_095433,,loading,loading,46.635,25.513,99.993,3.399999976158142,0.0,0.0,0.0,53.805,0.7402,0.0
217.0,run_20260920_095433,,loading,loading,46.628,25.509,99.993,3.399999976158142,0.0,0.0,0.0,53.805,0.7419,0.0
218.0,run_20260920_095433,,loading,loading,46.62,25.505,99.993,3.399999976158142,0.0,0.0,0.0,53.805,0.7435,0.0
219.0,run_20260920_095433,,loading,loading,46.613,25.502,99.993,3.399999976158142,0.0,0.0,0.0,53.805,0.7452,0.0
220.0,run_20260920_095433,,loading,loading,46.605,25.498,99.993,3.399999976158142,0.0,0.0,0.0,53.805,0.7469,0.0
221.0,run_20260920_095433,,loading,loading,46.598,25.494,99.993,3.399999976158142,0.0,0.0,0.0,53.805,0.7485,0.0
222.0,run_20260920_095433,,loading,loading,46.59,25.49,99.992,3.399999976158142,0.0,0.0,0.0,53.805,0.7502,0.0
223.0,run_20260920_095433,,loading,loading,46.582,25.486,99.992,3.399999976158142,0.0,0.0,0.0,53.805,0.7519,0.0
224.0,run_20260920_095433,,loading,loading,46.575,25.482,99.992,3.399999976158142,0.0,0.0,0.0,53.805,0.7535,0.0
225.0,run_20260920_095433,,loading,loading,46.567,25.479,99.992,3.399999976158142,0.0,0.0,0.0,53.805,0.7552,0.0
226.0,run_20260920_095433,,loading,loading,46.56,25.475,99.992,3.399999976158142,0.0,0.0,0.0,53.805,0.7569,0.0
227.0,run_20260920_095433,,loading,loading,46.552,25.471,99.992,3.399999976158142,0.0,0.0,0.0,53.805,0.7585,0.0
228.0,run_20260920_095433,,loading,loading,46.544,25.467,99.992,3.399999976158142,0.0,0.0,0.0,53.805,0.7602,0.0
229.0,run_20260920_095433,,loading,loading,46.537,25.463,99.992,3.399999976158142,0.0,0.0,0.0,53.805,0.7619,0.0
230.0,run_20260920_095433,,loading,loading,46.529,25.459,99.992,3.399999976158142,0.0,0.0,0.0,53.805,0.7635,0.0
231.0,run_20260920_095433,,loading,loading,46.522,25.456,99.992,3.399999976158142,0.0,0.0,0.0,53.805,0.7652,0.0
232.0,run_20260920_095433,,loading,loading,46.514,25.452,99.992,3.399999976158142,0.0,0.0,0.0,53.805,0.7669,0.0
233.0,run_20260920_095433,,loading,loading,46.507,25.448,99.992,3.399999976158142,0.0,0.0,0.0,53.805,0.7685,0.0
234.0,run_20260920_095433,,loading,loading,46.499,25.444,99.992,3.399999976158142,0.0,0.0,0.0,53.805,0.7702,0.0
235.0,run_20260920_095433,,loading,loading,46.491,25.44,99.992,3.399999976158142,0.0,0.0,0.0,53.805,0.7719,0.0
236.0,run_20260920_095433,,loading,loading,46.484,25.437,99.992,3.399999976158142,0.0,0.0,0.0,53.805,0.7735,0.0
237.0,run_20260920_095433,,loading,loading,46.476,25.433,99.992,3.399999976158142,0.0,0.0,0.0,53.805,0.7752,0.0
238.0,run_20260920_095433,,loading,loading,46.469,25.429,99.992,3.399999976158142,0.0,0.0,0.0,53.805,0.7769,0.0
239.0,run_20260920_095433,,loading,loading,46.461,25.425,99.992,3.399999976158142,0.0,0.0,0.0,53.805,0.7785,0.0
240.0,run_20260920_095433,,loading,loading,46.454,25.422,99.992,3.399999976158142,0.0,0.0,0.0,53.805,0.7802,0.0
241.0,run_20260920_095433,,loading,loading,46.446,25.418,99.992,3.399999976158142,0.0,0.0,0.0,53.805,0.7819,0.0
242.0,run_20260920_095433,,loading,loading,46.438,25.414,99.992,3.399999976158142,0.0,0.0,0.0,53.805,0.7835,0.0
243.0,run_20260920_095433,,loading,loading,46.431,25.41,99.992,3.399999976158142,0.0,0.0,0.0,53.805,0.7852,0.0
244.0,run_20260920_095433,,loading,loading,46.423,25.407,99.992,3.399999976158142,0.0,0.0,0.0,53.805,0.7869,0.0
245.0,run_20260920_095433,,waiting,waiting,46.416,25.403,99.992,4.600000023841858,0.0,0.0,0.0,53.805,0.7885,0.0
246.0,run_20260920_095433,,driving,driving,46.406,25.413,99.992,4.600000023841858,0.308,0.171,0.044,53.849,0.7907,0.0
247.0,run_20260920_095433,,driving,driving,46.39,25.416,99.992,4.600000023841858,0.143,0.08,0.1829,54.032,0.7942,0.0
248.0,run_20260920_095433,,driving,driving,46.381,25.416,99.992,4.600000023841858,0.083,0.046,0.0233,54.055,0.7961,0.0
249.0,run_20260920_095433,,driving,driving,46.361,25.451,99.992,4.600000023841858,0.86,0.479,0.2596,54.315,0.8005,0.0
250.0,run_20260920_095433,,driving,driving,46.331,25.488,99.992,4.600000023841858,0.886,0.494,0.4937,54.808,0.8073,0.0
251.0,run_20260920_095433,,driving,driving,46.3,25.525,99.992,4.600000023841858,0.896,0.499,0.4969,55.305,0.8141,0.0
252.0,run_20260920_095433,,driving,driving,46.269,25.562,99.992,4.600000023841858,0.894,0.498,0.4814,55.787,0.8207,0.0
253.0,run_20260920_095433,,driving,driving,46.238,25.598,99.992,4.600000023841858,0.895,0.499,0.4986,56.285,0.8276,0.0
254.0,run_20260920_095433,,driving,driving,46.207,25.635,99.992,4.600000023841858,0.89,0.496,0.503,56.788,0.8344,0.0
255.0,run_20260920_095433,,driving,driving,46.176,25.671,99.992,4.600000023841858,0.876,0.488,0.499,57.287,0.8413,0.0
256.0,run_20260920_095433,,driving,driving,46.145,25.708,99.992,4.600000023841858,0.897,0.5,0.5025,57.79,0.8482,0.0
257.0,run_20260920_095433,,driving,driving,46.114,25.744,99.991,4.600000023841858,0.897,0.5,0.4817,58.271,0.8548,0.0
258.0,run_20260920_095433,,driving,driving,46.083,25.781,99.991,4.600000023841858,0.897,0.5,0.5032,58.774,0.8617,0.0
259.0,run_20260920_095433,,driving,driving,46.052,25.818,99.991,4.600000023841858,0.897,0.5,0.5015,59.276,0.8686,0.0
260.0,run_20260920_095433,,driving,driving,46.021,25.854,99.991,4.600000023841858,0.897,0.5,0.5032,59.779,0.8755,0.0
261.0,run_20260920_095433,,driving,driving,45.99,25.891,99.991,4.600000023841858,0.891,0.497,0.4851,60.264,0.8821,0.0
262.004,run_20260920_095433,,driving,driving,45.959,25.927,99.991,4.600000023841858,0.897,0.5,0.503,60.767,0.889,0.0
263.0,run_20260920_095433,,driving,driving,45.928,25.963,99.991,4.600000023841858,0.893,0.497,0.5031,61.27,0.8959,0.0
264.0,run_20260920_095433,,driving,driving,45.896,26.0,99.991,4.600000023841858,0.897,0.5,0.5025,61.773,0.9028,0.0
265.0,run_20260920_095433,,driving,driving,45.865,26.036,99.991,4.600000023841858,0.897,0.5,0.5034,62.276,0.9097,0.0
266.0,run_20260920_095433,,driving,driving,45.835,26.073,99.991,4.600000023841858,0.897,0.5,0.4854,62.762,0.9164,0.0
267.0,run_20260920_095433,,driving,driving,45.803,26.106,99.991,4.600000023841858,0.834,0.465,0.4996,63.261,0.9232,0.0
268.0,run_20260920_095433,,driving,driving,45.778,26.127,99.991,4.600000023841858,0.556,0.31,0.3814,63.643,0.9289,0.0
269.0,run_20260920_095433,,driving,driving,45.762,26.127,99.991,4.600000023841858,0.089,0.049,0.1739,63.816,0.9323,0.0
270.0,run_20260920_095433,,driving,driving,45.753,26.124,99.991,4.600000023841858,0.048,0.027,0.037,63.853,0.9344,0.0
271.0,run_20260920_095433,,unloading,unloading,45.745,26.12,99.991,4.600000023841858,0.0,0.0,0.0,63.854,0.9361,0.0
272.0,run_20260920_095433,,unloading,unloading,45.738,26.115,99.991,4.600000023841858,0.0,0.0,0.0,63.854,0.9377,0.0
273.0,run_20260920_095433,,unloading,unloading,45.73,26.111,99.991,4.600000023841858,0.0,0.0,0.0,63.854,0.9394,0.0
274.0,run_20260920_095433,,unloading,unloading,45.722,26.106,99.991,4.600000023841858,0.0,0.0,0.0,63.854,0.9411,0.0
275.0,run_20260920_095433,,unloading,unloading,45.715,26.102,99.991,4.600000023841858,0.0,0.0,0.0,63.854,0.9427,0.0
276.0,run_20260920_095433,,unloading,unloading,45.707,26.097,99.991,4.600000023841858,0.0,0.0,0.0,63.854,0.9444,0.0
277.0,run_20260920_095433,,unloading,unloading,45.7,26.093,99.991,4.600000023841858,0.0,0.0,0.0,63.854,0.9461,0.0
278.0,run_20260920_095433,,unloading,unloading,45.692,26.088,99.991,4.600000023841858,0.0,0.0,0.0,63.854,0.9477,0.0
279.0,run_20260920_095433,,unloading,unloading,45.685,26.084,99.991,4.600000023841858,0.0,0.0,0.0,63.854,0.9494,0.0
280.0,run_20260920_095433,,unloading,unloading,45.677,26.079,99.99,4.600000023841858,0.0,0.0,0.0,63.854,0.9511,0.0
281.0,run_20260920_095433,,unloading,unloading,45.669,26.075,99.99,4.600000023841858,0.0,0.0,0.0,63.854,0.9527,0.0
282.0,run_20260920_095433,,unloading,unloading,45.662,26.07,99.99,4.600000023841858,0.0,0.0,0.0,63.854,0.9544,0.0
283.0,run_20260920_095433,,unloading,unloading,45.654,26.066,99.99,4.600000023841858,0.0,0.0,0.0,63.854,0.9561,0.0
284.0,run_20260920_095433,,unloading,unloading,45.647,26.061,99.99,4.600000023841858,0.0,0.0,0.0,63.854,0.9577,0.0
285.0,run_20260920_095433,,unloading,unloading,45.639,26.057,99.99,4.600000023841858,0.0,0.0,0.0,63.854,0.9594,0.0
286.0,run_20260920_095433,,unloading,unloading,45.632,26.052,99.99,4.600000023841858,0.0,0.0,0.0,63.854,0.9611,0.0
287.0,run_20260920_095433,,unloading,unloading,45.624,26.048,99.99,4.600000023841858,0.0,0.0,0.0,63.854,0.9627,0.0
288.0,run_20260920_095433,,unloading,unloading,45.616,26.043,99.99,4.600000023841858,0.0,0.0,0.0,63.854,0.9644,0.0
289.0,run_20260920_095433,,unloading,unloading,45.609,26.039,99.99,4.600000023841858,0.0,0.0,0.0,63.854,0.9661,0.0
290.0,run_20260920_095433,,unloading,unloading,45.601,26.034,99.99,4.600000023841858,0.0,0.0,0.0,63.854,0.9677,0.0
291.0,run_20260920_095433,,unloading,unloading,45.594,26.03,99.99,4.600000023841858,0.0,0.0,0.0,63.854,0.9694,0.0
292.0,run_20260920_095433,,unloading,unloading,45.586,26.026,99.99,4.600000023841858,0.0,0.0,0.0,63.854,0.9711,0.0
293.0,run_20260920_095433,,unloading,unloading,45.578,26.021,99.99,4.600000023841858,0.0,0.0,0.0,63.854,0.9727,0.0
294.0,run_20260920_095433,,unloading,unloading,45.571,26.017,99.99,4.600000023841858,0.0,0.0,0.0,63.854,0.9744,0.0
295.0,run_20260920_095433,,unloading,unloading,45.563,26.012,99.99,4.600000023841858,0.0,0.0,0.0,63.854,0.9761,0.0
296.0,run_20260920_095433,,unloading,unloading,45.556,26.008,99.99,4.600000023841858,0.0,0.0,0.0,63.854,0.9777,0.0
297.0,run_20260920_095433,,unloading,unloading,45.548,26.003,99.99,4.600000023841858,0.0,0.0,0.0,63.854,0.9794,0.0
298.0,run_20260920_095433,,unloading,unloading,45.541,25.999,99.99,4.600000023841858,0.0,0.0,0.0,63.854,0.9811,0.0
299.0,run_20260920_095433,,unloading,unloading,45.533,25.995,99.99,4.600000023841858,0.0,0.0,0.0,63.854,0.9827,0.0
300.0,run_20260920_095433,,unloading,unloading,45.525,25.99,99.99,4.600000023841858,0.0,0.0,0.0,63.854,0.9844,0.0
301.0,run_20260920_095433,,waiting,waiting,45.518,25.986,99.99,0.0,0.0,0.0,0.0,63.854,0.9861,0.0
302.0,run_20260920_095433,,driving,driving,45.51,25.984,99.99,0.0,0.061,0.034,0.0021,63.856,0.9877,0.0
303.0,run_20260920_095433,,driving,driving,45.5,25.995,99.99,0.0,0.43,0.24,0.1185,63.974,0.99,0.0
304.0,run_20260920_095433,,driving,driving,45.482,26.024,99.99,0.0,0.896,0.499,0.4488,64.423,0.9939,0.0
305.0,run_20260920_095433,,driving,driving,45.463,26.053,99.99,0.0,0.897,0.5,0.5035,64.926,0.9981,0.0
306.0,run_20260920_095433,,driving,driving,45.444,26.082,99.99,0.0,0.897,0.5,0.4859,65.412,1.0022,0.0
307.0,run_20260920_095433,,driving,driving,45.425,26.11,99.99,0.0,0.897,0.5,0.5035,65.916,1.0064,0.0
308.0,run_20260920_095433,,driving,driving,45.406,26.139,99.99,0.0,0.897,0.5,0.5008,66.417,1.0106,0.0
309.0,run_20260920_095433,,driving,driving,45.387,26.168,99.99,0.0,0.895,0.499,0.5035,66.92,1.0148,0.0
310.0,run_20260920_095433,,driving,driving,45.368,26.196,99.99,0.0,0.895,0.499,0.5028,67.423,1.019,0.0
311.0,run_20260920_095433,,driving,driving,45.35,26.225,99.99,0.0,0.897,0.5,0.4849,67.908,1.0231,0.0
312.0,run_20260920_095433,,driving,driving,45.331,26.253,99.99,0.0,0.894,0.498,0.5015,68.409,1.0273,0.0
313.0,run_20260920_095433,,driving,driving,45.312,26.281,99.99,0.0,0.895,0.498,0.5016,68.911,1.0315,0.0
314.0,run_20260920_095433,,driving,driving,45.292,26.31,99.99,0.0,0.893,0.498,0.5025,69.413,1.0357,0.0
315.0,run_20260920_095433,,driving,driving,45.274,26.337,99.99,0.0,0.869,0.484,0.4663,69.88,1.0397,0.0
316.0,run_20260920_095433,,driving,driving,45.255,26.365,99.99,0.0,0.884,0.493,0.4919,70.371,1.0438,0.0
317.0,run_20260920_095433,,driving,driving,45.236,26.394,99.99,0.0,0.896,0.499,0.5011,70.873,1.048,0.0
318.0,run_20260920_095433,,driving,driving,45.217,26.422,99.989,0.0,0.894,0.498,0.499,71.372,1.0522,0.0
319.0,run_20260920_095433,,driving,driving,45.198,26.45,99.989,0.0,0.897,0.5,0.5031,71.875,1.0564,0.0
320.0,run_20260920_095433,,driving,driving,45.18,26.478,99.989,0.0,0.891,0.496,0.4853,72.36,1.0605,0.0
321.0,run_20260920_095433,,driving,driving,45.161,26.506,99.989,0.0,0.891,0.497,0.5001,72.86,1.0647,0.0
322.0,run_20260920_095433,,driving,driving,45.142,26.533,99.989,0.0,0.853,0.475,0.4998,73.36,1.0688,0.0
323.0,run_20260920_095433,,driving,driving,45.125,26.549,99.989,0.0,0.56,0.312,0.3931,73.753,1.0725,0.0
324.0,run_20260920_095433,,loading,loading,45.115,26.544,99.989,0.0,0.0,0.0,0.1083,73.861,1.0747,0.0
325.0,run_20260920_095433,,loading,loading,45.107,26.539,99.989,0.0,0.0,0.0,0.0,73.861,1.0764,0.0
326.0,run_20260920_095433,,loading,loading,45.1,26.534,99.989,0.0,0.0,0.0,0.0,73.861,1.078,0.0
327.0,run_20260920_095433,,loading,loading,45.092,26.529,99.989,0.0,0.0,0.0,0.0,73.861,1.0797,0.0
328.0,run_20260920_095433,,loading,loading,45.085,26.524,99.989,0.0,0.0,0.0,0.0,73.861,1.0814,0.0
329.0,run_20260920_095433,,loading,loading,45.077,26.519,99.989,0.0,0.0,0.0,0.0,73.861,1.083,0.0
330.0,run_20260920_095433,,loading,loading,45.07,26.514,99.989,0.0,0.0,0.0,0.0,73.861,1.0847,0.0
331.0,run_20260920_095433,,loading,loading,45.062,26.509,99.989,0.0,0.0,0.0,0.0,73.861,1.0864,0.0
332.0,run_20260920_095433,,loading,loading,45.054,26.504,99.989,0.0,0.0,0.0,0.0,73.861,1.088,0.0
333.0,run_20260920_095433,,loading,loading,45.047,26.499,99.989,0.0,0.0,0.0,0.0,73.861,1.0897,0.0
334.0,run_20260920_095433,,loading,loading,45.039,26.494,99.989,0.0,0.0,0.0,0.0,73.861,1.0914,0.0
335.0,run_20260920_095433,,loading,loading,45.032,26.489,99.989,0.0,0.0,0.0,0.0,73.861,1.093,0.0
336.0,run_20260920_095433,,loading,loading,45.024,26.484,99.989,0.0,0.0,0.0,0.0,73.861,1.0947,0.0
337.0,run_20260920_095433,,loading,loading,45.017,26.479,99.989,0.0,0.0,0.0,0.0,73.861,1.0964,0.0
338.0,run_20260920_095433,,loading,loading,45.009,26.474,99.989,0.0,0.0,0.0,0.0,73.861,1.098,0.0
339.0,run_20260920_095433,,loading,loading,45.001,26.469,99.989,0.0,0.0,0.0,0.0,73.861,1.0997,0.0
340.0,run_20260920_095433,,loading,loading,44.994,26.464,99.989,0.0,0.0,0.0,0.0,73.861,1.1014,0.0
341.0,run_20260920_095433,,loading,loading,44.986,26.459,99.989,0.0,0.0,0.0,0.0,73.861,1.103,0.0
342.0,run_20260920_095433,,loading,loading,44.979,26.454,99.989,0.0,0.0,0.0,0.0,73.861,1.1047,0.0
343.0,run_20260920_095433,,loading,loading,44.971,26.45,99.989,0.0,0.0,0.0,0.0,73.861,1.1064,0.0
344.0,run_20260920_095433,,loading,loading,44.964,26.445,99.989,0.0,0.0,0.0,0.0,73.861,1.108,0.0
345.0,run_20260920_095433,,loading,loading,44.956,26.44,99.989,0.0,0.0,0.0,0.0,73.861,1.1097,0.0
346.0,run_20260920_095433,,loading,loading,44.948,26.435,99.989,0.0,0.0,0.0,0.0,73.861,1.1114,0.0
347.0,run_20260920_095433,,loading,loading,44.941,26.43,99.989,0.0,0.0,0.0,0.0,73.861,1.113,0.0
348.0,run_20260920_095433,,loading,loading,44.933,26.425,99.989,0.0,0.0,0.0,0.0,73.861,1.1147,0.0
349.0,run_20260920_095433,,loading,loading,44.926,26.42,99.989,0.0,0.0,0.0,0.0,73.861,1.1164,0.0
350.0,run_20260920_095433,,loading,loading,44.918,26.415,99.989,0.0,0.0,0.0,0.0,73.861,1.118,0.0
351.0,run_20260920_095433,,loading,loading,44.91,26.411,99.989,0.0,0.0,0.0,0.0,73.861,1.1197,0.0
352.0,run_20260920_095433,,loading,loading,44.903,26.406,99.989,0.0,0.0,0.0,0.0,73.861,1.1214,0.0
353.0,run_20260920_095433,,loading,loading,44.895,26.401,99.989,0.0,0.0,0.0,0.0,73.861,1.123,0.0
354.0,run_20260920_095433,,waiting,waiting,44.888,26.396,99.989,1.2000000476837158,0.0,0.0,0.0,73.861,1.1247,0.0
355.0,run_20260920_095433,,waiting,waiting,44.88,26.391,99.989,1.2000000476837158,0.0,0.0,0.0,73.861,1.1264,0.0
356.0,run_20260920_095433,,driving,driving,44.869,26.402,99.989,1.2000000476837158,0.389,0.217,0.1125,73.974,1.1287,0.0
357.0,run_20260920_095433,,driving,driving,44.857,26.4,99.989,1.2000000476837158,0.072,0.04,0.1601,74.134,1.1314,0.0
358.0,run_20260920_095433,,driving,driving,44.849,26.398,99.989,1.2000000476837158,0.087,0.048,0.02,74.154,1.1332,0.0
359.0,run_20260920_095433,,driving,driving,44.833,26.425,99.989,1.2000000476837158,0.801,0.446,0.2829,74.437,1.1367,0.0
360.0,run_20260920_095433,,driving,driving,44.812,26.455,99.989,1.2000000476837158,0.89,0.496,0.4777,74.914,1.1415,0.0
361.0,run_20260920_095433,,driving,driving,44.789,26.484,99.989,1.2000000476837158,0.882,0.491,0.498,75.412,1.1463,0.0
362.0,run_20260920_095433,,driving,driving,44.767,26.514,99.988,1.2000000476837158,0.881,0.491,0.4992,75.912,1.1512,0.0
363.0,run_20260920_095433,,driving,driving,44.746,26.542,99.988,1.2000000476837158,0.846,0.471,0.4842,76.396,1.156,0.0
364.0,run_20260920_095433,,driving,driving,44.723,26.572,99.988,1.2000000476837158,0.897,0.5,0.4951,76.891,1.1608,0.0
365.0,run_20260920_095433,,driving,driving,44.702,26.602,99.988,1.2000000476837158,0.893,0.498,0.48,77.371,1.1656,0.0
366.0,run_20260920_095433,,driving,driving,44.68,26.633,99.988,1.2000000476837158,0.897,0.5,0.5033,77.874,1.1705,0.0
367.0,run_20260920_095433,,driving,driving,44.658,26.658,99.988,1.2000000476837158,0.782,0.436,0.4847,78.359,1.1753,0.0
368.0,run_20260920_095433,,driving,driving,44.637,26.687,99.988,1.2000000476837158,0.867,0.483,0.4571,78.816,1.1799,0.0
369.0,run_20260920_095433,,driving,driving,44.615,26.717,99.988,1.2000000476837158,0.896,0.499,0.4767,79.293,1.1846,0.0
370.0,run_20260920_095433,,driving,driving,44.593,26.747,99.988,1.2000000476837158,0.89,0.496,0.5007,79.794,1.1895,0.0
371.0,run_20260920_095433,,driving,driving,44.571,26.775,99.988,1.2000000476837158,0.851,0.474,0.4948,80.288,1.1944,0.0
372.0,run_20260920_095433,,driving,driving,44.549,26.802,99.988,1.2000000476837158,0.832,0.464,0.4885,80.777,1.1992,0.0
373.0,run_20260920_095433,,driving,driving,44.527,26.832,99.988,1.2000000476837158,0.884,0.493,0.4908,81.268,1.204,0.0
374.0,run_20260920_095433,,driving,driving,44.506,26.861,99.988,1.2000000476837158,0.891,0.497,0.4752,81.743,1.2087,0.0
375.0,run_20260920_095433,,driving,driving,44.484,26.891,99.988,1.2000000476837158,0.889,0.495,0.502,82.245,1.2136,0.0
376.0,run_20260920_095433,,driving,driving,44.461,26.92,99.988,1.2000000476837158,0.885,0.493,0.4982,82.743,1.2185,0.0
377.0,run_20260920_095433,,driving,driving,44.439,26.95,99.988,1.2000000476837158,0.889,0.495,0.4984,83.241,1.2234,0.0
378.0,run_20260920_095433,,driving,driving,44.417,26.979,99.988,1.2000000476837158,0.897,0.5,0.4838,83.725,1.2282,0.0
379.0,run_20260920_095433,,driving,driving,44.395,27.008,99.988,1.2000000476837158,0.882,0.492,0.5008,84.226,1.2331,0.0
380.0,run_20260920_095433,,driving,driving,44.373,27.037,99.988,1.2000000476837158,0.863,0.481,0.4988,84.725,1.2379,0.0
381.0,run_20260920_095433,,driving,driving,44.351,27.066,99.988,1.2000000476837158,0.897,0.5,0.5022,85.227,1.2428,0.0
382.0,run_20260920_095433,,driving,driving,44.328,27.096,99.988,1.2000000476837158,0.897,0.5,0.5034,85.73,1.2478,0.0
383.0,run_20260920_095433,,driving,driving,44.307,27.125,99.987,1.2000000476837158,0.891,0.496,0.4845,86.215,1.2525,0.0
384.0,run_20260920_095433,,driving,driving,44.284,27.155,99.987,1.2000000476837158,0.895,0.498,0.5021,86.717,1.2574,0.0
385.0,run_20260920_095433,,driving,driving,44.262,27.184,99.987,1.2000000476837158,0.876,0.488,0.4948,87.212,1.2623,0.0
386.0,run_20260920_095433,,driving,driving,44.24,27.213,99.987,1.2000000476837158,0.897,0.5,0.5026,87.714,1.2672,0.0
387.0,run_20260920_095433,,driving,driving,44.218,27.243,99.987,1.2000000476837158,0.897,0.5,0.4833,88.198,1.272,0.0
388.0,run_20260920_095433,,driving,driving,44.196,27.272,99.987,1.2000000476837158,0.894,0.498,0.5006,88.698,1.2769,0.0
389.008,run_20260920_095433,,driving,driving,44.174,27.301,99.987,1.2000000476837158,0.889,0.495,0.503,89.201,1.2818,0.0
390.0,run_20260920_095433,,driving,driving,44.151,27.33,99.987,1.2000000476837158,0.897,0.5,0.5036,89.705,1.2867,0.0
391.0,run_20260920_095433,,driving,driving,44.129,27.36,99.987,1.2000000476837158,0.897,0.5,0.5038,90.209,1.2916,0.0
392.0,run_20260920_095433,,driving,driving,44.107,27.388,99.987,1.2000000476837158,0.869,0.484,0.476,90.685,1.2964,0.0
393.0,run_20260920_095433,,driving,driving,44.086,27.413,99.987,1.2000000476837158,0.802,0.447,0.4855,91.17,1.3012,0.0
394.0,run_20260920_095433,,driving,driving,44.067,27.43,99.987,1.2000000476837158,0.569,0.317,0.3841,91.554,1.3053,0.0
395.0,run_20260920_095433,,loading,loading,44.056,27.424,99.987,1.2000000476837158,0.0,0.0,0.0955,91.65,1.3076,0.0
396.0,run_20260920_095433,,loading,loading,44.049,27.418,99.987,1.2000000476837158,0.0,0.0,0.0,91.65,1.3093,0.0
397.0,run_20260920_095433,,loading,loading,44.041,27.412,99.987,1.2000000476837158,0.0,0.0,0.0,91.65,1.3109,0.0
398.0,run_20260920_095433,,loading,loading,44.034,27.406,99.987,1.2000000476837158,0.0,0.0,0.0,91.65,1.3126,0.0
399.0,run_20260920_095433,,loading,loading,44.026,27.4,99.987,1.2000000476837158,0.0,0.0,0.0,91.65,1.3143,0.0
400.0,run_20260920_095433,,loading,loading,44.018,27.394,99.987,1.2000000476837158,0.0,0.0,0.0,91.65,1.3159,0.0
401.0,run_20260920_095433,,loading,loading,44.011,27.388,99.987,1.2000000476837158,0.0,0.0,0.0,91.65,1.3176,0.0
402.0,run_20260920_095433,,loading,loading,44.003,27.382,99.987,1.2000000476837158,0.0,0.0,0.0,91.65,1.3193,0.0
403.0,run_20260920_095433,,loading,loading,43.996,27.376,99.987,1.2000000476837158,0.0,0.0,0.0,91.65,1.3209,0.0
404.0,run_20260920_095433,,loading,loading,43.988,27.37,99.987,1.2000000476837158,0.0,0.0,0.0,91.65,1.3226,0.0
405.0,run_20260920_095433,,loading,loading,43.981,27.364,99.987,1.2000000476837158,0.0,0.0,0.0,91.65,1.3243,0.0
406.0,run_20260920_095433,,loading,loading,43.973,27.358,99.987,1.2000000476837158,0.0,0.0,0.0,91.65,1.3259,0.0
407.0,run_20260920_095433,,loading,loading,43.965,27.353,99.987,1.2000000476837158,0.0,0.0,0.0,91.65,1.3276,0.0
408.0,run_20260920_095433,,loading,loading,43.958,27.347,99.987,1.2000000476837158,0.0,0.0,0.0,91.65,1.3293,0.0
409.0,run_20260920_095433,,loading,loading,43.95,27.341,99.987,1.2000000476837158,0.0,0.0,0.0,91.65,1.3309,0.0
410.0,run_20260920_095433,,loading,loading,43.943,27.335,99.987,1.2000000476837158,0.0,0.0,0.0,91.65,1.3326,0.0
411.0,run_20260920_095433,,loading,loading,43.935,27.329,99.987,1.2000000476837158,0.0,0.0,0.0,91.65,1.3343,0.0
412.0,run_20260920_095433,,loading,loading,43.928,27.323,99.987,1.2000000476837158,0.0,0.0,0.0,91.65,1.3359,0.0
413.0,run_20260920_095433,,loading,loading,43.92,27.317,99.987,1.2000000476837158,0.0,0.0,0.0,91.65,1.3376,0.0
414.0,run_20260920_095433,,loading,loading,43.912,27.311,99.987,1.2000000476837158,0.0,0.0,0.0,91.65,1.3393,0.0
415.0,run_20260920_095433,,loading,loading,43.905,27.306,99.987,1.2000000476837158,0.0,0.0,0.0,91.65,1.3409,0.0
416.0,run_20260920_095433,,loading,loading,43.897,27.3,99.987,1.2000000476837158,0.0,0.0,0.0,91.65,1.3426,0.0
417.0,run_20260920_095433,,loading,loading,43.89,27.294,99.987,1.2000000476837158,0.0,0.0,0.0,91.65,1.3443,0.0
418.0,run_20260920_095433,,loading,loading,43.882,27.288,99.987,1.2000000476837158,0.0,0.0,0.0,91.65,1.3459,0.0
419.0,run_20260920_095433,,loading,loading,43.875,27.282,99.987,1.2000000476837158,0.0,0.0,0.0,91.65,1.3476,0.0
420.0,run_20260920_095433,,loading,loading,43.867,27.276,99.987,1.2000000476837158,0.0,0.0,0.0,91.65,1.3493,0.0
421.0,run_20260920_095433,,loading,loading,43.859,27.271,99.986,1.2000000476837158,0.0,0.0,0.0,91.65,1.3509,0.0
422.0,run_20260920_095433,,loading,loading,43.852,27.265,99.986,1.2000000476837158,0.0,0.0,0.0,91.65,1.3526,0.0
423.0,run_20260920_095433,,loading,loading,43.844,27.259,99.986,1.2000000476837158,0.0,0.0,0.0,91.65,1.3543,0.0
424.0,run_20260920_095433,,loading,loading,43.837,27.253,99.986,1.2000000476837158,0.0,0.0,0.0,91.65,1.3559,0.0
425.0,run_20260920_095433,,waiting,waiting,43.829,27.248,99.986,3.6000001430511475,0.0,0.0,0.0,91.65,1.3576,0.0
426.0,run_20260920_095433,,driving,driving,43.822,27.242,99.986,3.6000001430511475,0.0,0.0,0.0,91.65,1.3593,0.0
427.0,run_20260920_095433,,driving,driving,43.807,27.249,99.986,3.6000001430511475,0.303,0.169,0.1567,91.806,1.3624,0.0
428.0,run_20260920_095433,,driving,driving,43.796,27.245,99.986,3.6000001430511475,0.026,0.014,0.0792,91.886,1.3648,0.0
429.0,run_20260920_095433,,driving,driving,43.787,27.257,99.986,3.6000001430511475,0.418,0.233,0.0512,91.937,1.3669,0.0
430.0,run_20260920_095433,,driving,driving,43.759,27.29,99.986,3.6000001430511475,0.896,0.499,0.4675,92.404,1.3729,0.0
431.0,run_20260920_095433,,driving,driving,43.731,27.324,99.986,3.6000001430511475,0.897,0.5,0.5037,92.908,1.3793,0.0
432.0,run_20260920_095433,,driving,driving,43.703,27.357,99.986,3.6000001430511475,0.893,0.498,0.4859,93.394,1.3854,0.0
433.0,run_20260920_095433,,driving,driving,43.674,27.388,99.986,3.6000001430511475,0.846,0.471,0.4931,93.887,1.3917,0.0
434.0,run_20260920_095433,,driving,driving,43.646,27.421,99.986,3.6000001430511475,0.888,0.495,0.4836,94.371,1.3978,0.0
435.0,run_20260920_095433,,driving,driving,43.618,27.452,99.986,3.6000001430511475,0.851,0.474,0.4919,94.863,1.404,0.0
436.0,run_20260920_095433,,driving,driving,43.59,27.485,99.986,3.6000001430511475,0.897,0.5,0.4848,95.347,1.4102,0.0
437.0,run_20260920_095433,,driving,driving,43.562,27.518,99.986,3.6000001430511475,0.897,0.5,0.4858,95.833,1.4164,0.0
438.0,run_20260920_095433,,driving,driving,43.533,27.551,99.986,3.6000001430511475,0.897,0.5,0.5028,96.336,1.4227,0.0
439.0,run_20260920_095433,,driving,driving,43.51,27.56,99.986,3.6000001430511475,0.347,0.193,0.374,96.71,1.4278,0.0
440.0,run_20260920_095433,,driving,driving,43.493,27.589,99.986,3.6000001430511475,0.798,0.444,0.2126,96.923,1.4315,0.0
441.0,run_20260920_095433,,driving,driving,43.475,27.587,99.986,3.6000001430511475,0.102,0.057,0.2504,97.173,1.4354,0.0
442.0,run_20260920_095433,,driving,driving,43.461,27.598,99.986,3.6000001430511475,0.394,0.219,0.1573,97.331,1.4386,0.0
443.0,run_20260920_095433,,driving,driving,43.449,27.598,99.986,3.6000001430511475,0.122,0.068,0.1035,97.434,1.4412,0.0
444.0,run_20260920_095433,,driving,driving,43.441,27.594,99.986,3.6000001430511475,0.068,0.038,0.0225,97.457,1.4431,0.0
445.0,run_20260920_095433,,driving,driving,43.425,27.62,99.986,3.6000001430511475,0.717,0.4,0.1888,97.645,1.4465,0.0
446.0,run_20260920_095433,,driving,driving,43.398,27.653,99.985,3.6000001430511475,0.897,0.5,0.4661,98.111,1.4525,0.0
447.0,run_20260920_095433,,driving,driving,43.37,27.685,99.985,3.6000001430511475,0.874,0.487,0.4914,98.603,1.4587,0.0
448.0,run_20260920_095433,,driving,driving,43.341,27.717,99.985,3.6000001430511475,0.883,0.492,0.4948,99.098,1.465,0.0
449.0,run_20260920_095433,,driving,driving,43.313,27.75,99.985,3.6000001430511475,0.897,0.5,0.4956,99.593,1.4712,0.0
450.0,run_20260920_095433,,driving,driving,43.284,27.783,99.985,3.6000001430511475,0.896,0.499,0.503,100.096,1.4776,0.0
451.0,run_20260920_095433,,driving,driving,43.256,27.815,99.985,3.6000001430511475,0.897,0.5,0.4824,100.579,1.4837,0.0
452.0,run_20260920_095433,,driving,driving,43.227,27.848,99.985,3.6000001430511475,0.897,0.5,0.4983,101.077,1.49,0.0
453.0,run_20260920_095433,,driving,driving,43.199,27.881,99.985,3.6000001430511475,0.894,0.498,0.4997,101.577,1.4963,0.0
454.0,run_20260920_095433,,driving,driving,43.17,27.913,99.985,3.6000001430511475,0.883,0.492,0.4988,102.076,1.5026,0.0
455.0,run_20260920_095433,,driving,driving,43.142,27.945,99.985,3.6000001430511475,0.893,0.497,0.4816,102.557,1.5087,0.0
456.0,run_20260920_095433,,driving,driving,43.113,27.978,99.985,3.6000001430511475,0.889,0.495,0.5025,103.06,1.5151,0.0
457.0,run_20260920_095433,,driving,driving,43.085,28.01,99.985,3.6000001430511475,0.893,0.498,0.5019,103.562,1.5214,0.0
458.0,run_20260920_095433,,driving,driving,43.056,28.042,99.985,3.6000001430511475,0.888,0.495,0.5015,104.063,1.5277,0.0
459.0,run_20260920_095433,,driving,driving,43.028,28.074,99.985,3.6000001430511475,0.881,0.491,0.4825,104.546,1.5339,0.0
460.0,run_20260920_095433,,driving,driving,42.999,28.106,99.985,3.6000001430511475,0.894,0.498,0.4944,105.04,1.5401,0.0
461.0,run_20260920_095433,,driving,driving,42.971,28.139,99.985,3.6000001430511475,0.897,0.5,0.5017,105.542,1.5464,0.0
462.0,run_20260920_095433,,driving,driving,42.942,28.171,99.984,3.6000001430511475,0.897,0.5,0.5031,106.045,1.5528,0.0
463.004,run_20260920_095433,,driving,driving,42.913,28.204,99.984,3.6000001430511475,0.896,0.499,0.5017,106.547,1.5591,0.0
464.0,run_20260920_095433,,driving,driving,42.885,28.236,99.984,3.6000001430511475,0.896,0.499,0.4847,107.031,1.5653,0.0
465.0,run_20260920_095433,,driving,driving,42.856,28.268,99.984,3.6000001430511475,0.892,0.497,0.5034,107.535,1.5716,0.0
466.0,run_20260920_095433,,driving,driving,42.827,28.3,99.984,3.6000001430511475,0.897,0.5,0.5022,108.037,1.578,0.0
467.0,run_20260920_095433,,driving,driving,42.799,28.332,99.984,3.6000001430511475,0.892,0.497,0.5036,108.54,1.5843,0.0
468.0,run_20260920_095433,,driving,driving,42.77,28.364,99.984,3.6000001430511475,0.897,0.5,0.485,109.025,1.5905,0.0
469.0,run_20260920_095433,,driving,driving,42.742,28.396,99.984,3.6000001430511475,0.885,0.493,0.4985,109.524,1.5968,0.0
470.0,run_20260920_095433,,driving,driving,42.717,28.415,99.984,3.6000001430511475,0.607,0.338,0.4163,109.94,1.6023,0.0
471.0,run_20260920_095433,,loading,loading,42.704,28.408,99.984,3.6000001430511475,0.0,0.0,0.1306,110.071,1.6052,0.0
472.0,run_20260920_095433,,loading,loading,42.696,28.401,99.984,3.6000001430511475,0.0,0.0,0.0,110.071,1.6069,0.0
473.0,run_20260920_095433,,loading,loading,42.688,28.394,99.984,3.6000001430511475,0.0,0.0,0.0,110.071,1.6085,0.0
474.0,run_20260920_095433,,loading,loading,42.681,28.387,99.984,3.6000001430511475,0.0,0.0,0.0,110.071,1.6102,0.0
475.0,run_20260920_095433,,loading,loading,42.673,28.38,99.984,3.6000001430511475,0.0,0.0,0.0,110.071,1.6119,0.0
476.0,run_20260920_095433,,loading,loading,42.666,28.373,99.984,3.6000001430511475,0.0,0.0,0.0,110.071,1.6135,0.0
477.0,run_20260920_095433,,loading,loading,42.658,28.366,99.984,3.6000001430511475,0.0,0.0,0.0,110.071,1.6152,0.0
478.0,run_20260920_095433,,loading,loading,42.651,28.359,99.984,3.6000001430511475,0.0,0.0,0.0,110.071,1.6169,0.0
479.0,run_20260920_095433,,loading,loading,42.643,28.352,99.984,3.6000001430511475,0.0,0.0,0.0,110.071,1.6185,0.0
480.0,run_20260920_095433,,loading,loading,42.635,28.345,99.984,3.6000001430511475,0.0,0.0,0.0,110.071,1.6202,0.0
481.0,run_20260920_095433,,loading,loading,42.628,28.338,99.984,3.6000001430511475,0.0,0.0,0.0,110.071,1.6219,0.0
482.0,run_20260920_095433,,loading,loading,42.62,28.331,99.984,3.6000001430511475,0.0,0.0,0.0,110.071,1.6235,0.0
483.0,run_20260920_095433,,loading,loading,42.613,28.324,99.984,3.6000001430511475,0.0,0.0,0.0,110.071,1.6252,0.0
484.0,run_20260920_095433,,loading,loading,42.605,28.317,99.984,3.6000001430511475,0.0,0.0,0.0,110.071,1.6269,0.0
485.0,run_20260920_095433,,loading,loading,42.598,28.31,99.984,3.6000001430511475,0.0,0.0,0.0,110.071,1.6285,0.0
486.0,run_20260920_095433,,loading,loading,42.59,28.303,99.984,3.6000001430511475,0.0,0.0,0.0,110.071,1.6302,0.0
487.0,run_20260920_095433,,loading,loading,42.582,28.297,99.984,3.6000001430511475,0.0,0.0,0.0,110.071,1.6319,0.0
488.0,run_20260920_095433,,loading,loading,42.575,28.29,99.984,3.6000001430511475,0.0,0.0,0.0,110.071,1.6335,0.0
489.0,run_20260920_095433,,loading,loading,42.567,28.283,99.984,3.6000001430511475,0.0,0.0,0.0,110.071,1.6352,0.0
490.0,run_20260920_095433,,loading,loading,42.56,28.276,99.984,3.6000001430511475,0.0,0.0,0.0,110.071,1.6369,0.0
491.0,run_20260920_095433,,loading,loading,42.552,28.269,99.984,3.6000001430511475,0.0,0.0,0.0,110.071,1.6385,0.0
492.0,run_20260920_095433,,loading,loading,42.544,28.262,99.984,3.6000001430511475,0.0,0.0,0.0,110.071,1.6402,0.0
493.0,run_20260920_095433,,loading,loading,42.537,28.255,99.984,3.6000001430511475,0.0,0.0,0.0,110.071,1.6419,0.0
494.0,run_20260920_095433,,loading,loading,42.529,28.248,99.984,3.6000001430511475,0.0,0.0,0.0,110.071,1.6435,0.0
495.0,run_20260920_095433,,loading,loading,42.522,28.241,99.984,3.6000001430511475,0.0,0.0,0.0,110.071,1.6452,0.0
496.0,run_20260920_095433,,loading,loading,42.514,28.235,99.984,3.6000001430511475,0.0,0.0,0.0,110.071,1.6469,0.0
497.0,run_20260920_095433,,loading,loading,42.507,28.228,99.984,3.6000001430511475,0.0,0.0,0.0,110.071,1.6485,0.0
498.0,run_20260920_095433,,loading,loading,42.499,28.221,99.983,3.6000001430511475,0.0,0.0,0.0,110.071,1.6502,0.0
499.0,run_20260920_095433,,loading,loading,42.491,28.214,99.983,3.6000001430511475,0.0,0.0,0.0,110.071,1.6519,0.0
500.0,run_20260920_095433,,loading,loading,42.484,28.207,99.983,3.6000001430511475,0.0,0.0,0.0,110.071,1.6535,0.0
501.0,run_20260920_095433,,waiting,waiting,42.476,28.2,99.983,4.800000190734863,0.0,0.0,0.0,110.071,1.6552,0.0
502.0,run_20260920_095433,,waiting,waiting,42.469,28.193,99.983,4.800000190734863,0.0,0.0,0.0,110.071,1.6569,0.0
503.0,run_20260920_095433,,driving,driving,42.456,28.204,99.983,4.800000190734863,0.388,0.216,0.1058,110.177,1.6597,0.0
504.0,run_20260920_095433,,driving,driving,42.441,28.199,99.983,4.800000190734863,0.035,0.019,0.1457,110.322,1.6629,0.0
505.0,run_20260920_095433,,driving,driving,42.432,28.204,99.983,4.800000190734863,0.262,0.146,0.0445,110.367,1.665,0.0
506.0,run_20260920_095433,,driving,driving,42.407,28.237,99.983,4.800000190734863,0.868,0.483,0.3548,110.722,1.6705,0.0
507.0,run_20260920_095433,,driving,driving,42.376,28.271,99.983,4.800000190734863,0.885,0.493,0.4837,111.205,1.6774,0.0
508.0,run_20260920_095433,,driving,driving,42.344,28.305,99.983,4.800000190734863,0.893,0.498,0.5002,111.706,1.6844,0.0
509.0,run_20260920_095433,,driving,driving,42.313,28.338,99.983,4.800000190734863,0.864,0.481,0.4691,112.175,1.6911,0.0
510.0,run_20260920_095433,,driving,driving,42.282,28.372,99.983,4.800000190734863,0.897,0.5,0.4861,112.661,1.6979,0.0
511.0,run_20260920_095433,,driving,driving,42.25,28.406,99.983,4.800000190734863,0.895,0.499,0.5027,113.163,1.705,0.0
512.0,run_20260920_095433,,driving,driving,42.218,28.44,99.983,4.800000190734863,0.897,0.5,0.5013,113.665,1.712,0.0
513.0,run_20260920_095433,,driving,driving,42.187,28.474,99.983,4.800000190734863,0.897,0.5,0.4845,114.149,1.7189,0.0
514.0,run_20260920_095433,,driving,driving,42.155,28.508,99.983,4.800000190734863,0.893,0.497,0.5029,114.652,1.7259,0.0
515.0,run_20260920_095433,,driving,driving,42.123,28.542,99.983,4.800000190734863,0.897,0.5,0.5035,115.156,1.733,0.0
516.0,run_20260920_095433,,driving,driving,42.091,28.576,99.983,4.800000190734863,0.897,0.5,0.5037,115.659,1.7401,0.0
517.0,run_20260920_095433,,driving,driving,42.058,28.61,99.983,4.800000190734863,0.897,0.5,0.5034,116.163,1.7471,0.0
518.0,run_20260920_095433,,driving,driving,42.027,28.644,99.982,4.800000190734863,0.897,0.5,0.4848,116.648,1.754,0.0
519.0,run_20260920_095433,,driving,driving,41.995,28.678,99.982,4.800000190734863,0.897,0.5,0.5029,117.151,1.7611,0.0
520.0,run_20260920_095433,,driving,driving,41.963,28.712,99.982,4.800000190734863,0.897,0.5,0.5039,117.654,1.7681,0.0
521.0,run_20260920_095433,,driving,driving,41.931,28.746,99.982,4.800000190734863,0.897,0.5,0.5038,118.158,1.7752,0.0
522.0,run_20260920_095433,,driving,driving,41.9,28.779,99.982,4.800000190734863,0.893,0.498,0.4858,118.644,1.7821,0.0
523.0,run_20260920_095433,,driving,driving,41.868,28.813,99.982,4.800000190734863,0.897,0.5,0.5002,119.144,1.7891,0.0
524.0,run_20260920_095433,,driving,driving,41.836,28.842,99.982,4.800000190734863,0.797,0.444,0.4903,119.634,1.796,0.0
525.0,run_20260920_095433,,driving,driving,41.811,28.859,99.982,4.800000190734863,0.54,0.301,0.3665,120.001,1.8016,0.0
526.0,run_20260920_095433,,driving,driving,41.796,28.855,99.982,4.800000190734863,0.067,0.037,0.1544,120.155,1.805,0.0
527.0,run_20260920_095433,,driving,driving,41.787,28.847,99.982,4.800000190734863,0.0,0.0,0.0116,120.167,1.8068,0.0
528.0,run_20260920_095433,,unloading,unloading,41.78,28.84,99.982,4.800000190734863,0.0,0.0,0.0,120.167,1.8084,0.0
529.0,run_20260920_095433,,unloading,unloading,41.772,28.832,99.982,4.800000190734863,0.0,0.0,0.0,120.167,1.8101,0.0
530.0,run_20260920_095433,,unloading,unloading,41.765,28.825,99.982,4.800000190734863,0.0,0.0,0.0,120.167,1.8118,0.0
531.0,run_20260920_095433,,unloading,unloading,41.757,28.817,99.982,4.800000190734863,0.0,0.0,0.0,120.167,1.8134,0.0
532.0,run_20260920_095433,,unloading,unloading,41.75,28.81,99.982,4.800000190734863,0.0,0.0,0.0,120.167,1.8151,0.0
533.0,run_20260920_095433,,unloading,unloading,41.742,28.802,99.982,4.800000190734863,0.0,0.0,0.0,120.167,1.8168,0.0
534.0,run_20260920_095433,,unloading,unloading,41.734,28.795,99.982,4.800000190734863,0.0,0.0,0.0,120.167,1.8184,0.0
535.0,run_20260920_095433,,unloading,unloading,41.727,28.787,99.982,4.800000190734863,0.0,0.0,0.0,120.167,1.8201,0.0
536.0,run_20260920_095433,,unloading,unloading,41.719,28.78,99.982,4.800000190734863,0.0,0.0,0.0,120.167,1.8218,0.0
537.0,run_20260920_095433,,unloading,unloading,41.712,28.772,99.982,4.800000190734863,0.0,0.0,0.0,120.167,1.8234,0.0
538.0,run_20260920_095433,,unloading,unloading,41.704,28.765,99.982,4.800000190734863,0.0,0.0,0.0,120.167,1.8251,0.0
539.0,run_20260920_095433,,unloading,unloading,41.697,28.757,99.982,4.800000190734863,0.0,0.0,0.0,120.167,1.8268,0.0
540.0,run_20260920_095433,,unloading,unloading,41.689,28.75,99.982,4.800000190734863,0.0,0.0,0.0,120.167,1.8284,0.0
541.0,run_20260920_095433,,unloading,unloading,41.681,28.742,99.982,4.800000190734863,0.0,0.0,0.0,120.167,1.8301,0.0
542.0,run_20260920_095433,,unloading,unloading,41.674,28.735,99.982,4.800000190734863,0.0,0.0,0.0,120.167,1.8318,0.0
543.0,run_20260920_095433,,unloading,unloading,41.666,28.728,99.982,4.800000190734863,0.0,0.0,0.0,120.167,1.8334,0.0
544.0,run_20260920_095433,,unloading,unloading,41.659,28.72,99.982,4.800000190734863,0.0,0.0,0.0,120.167,1.8351,0.0
545.0,run_20260920_095433,,unloading,unloading,41.651,28.713,99.982,4.800000190734863,0.0,0.0,0.0,120.167,1.8368,0.0
546.0,run_20260920_095433,,unloading,unloading,41.644,28.705,99.982,4.800000190734863,0.0,0.0,0.0,120.167,1.8384,0.0
547.0,run_20260920_095433,,unloading,unloading,41.636,28.698,99.982,4.800000190734863,0.0,0.0,0.0,120.167,1.8401,0.0
548.0,run_20260920_095433,,unloading,unloading,41.628,28.691,99.982,4.800000190734863,0.0,0.0,0.0,120.167,1.8418,0.0
549.0,run_20260920_095433,,unloading,unloading,41.621,28.683,99.982,4.800000190734863,0.0,0.0,0.0,120.167,1.8434,0.0
550.0,run_20260920_095433,,unloading,unloading,41.613,28.676,99.982,4.800000190734863,0.0,0.0,0.0,120.167,1.8451,0.0
551.0,run_20260920_095433,,unloading,unloading,41.606,28.669,99.982,4.800000190734863,0.0,0.0,0.0,120.167,1.8468,0.0
552.0,run_20260920_095433,,unloading,unloading,41.598,28.661,99.982,4.800000190734863,0.0,0.0,0.0,120.167,1.8484,0.0
553.0,run_20260920_095433,,unloading,unloading,41.591,28.654,99.981,4.800000190734863,0.0,0.0,0.0,120.167,1.8501,0.0
554.0,run_20260920_095433,,unloading,unloading,41.583,28.647,99.981,4.800000190734863,0.0,0.0,0.0,120.167,1.8518,0.0
555.0,run_20260920_095433,,unloading,unloading,41.575,28.639,99.981,4.800000190734863,0.0,0.0,0.0,120.167,1.8534,0.0
556.0,run_20260920_095433,,unloading,unloading,41.568,28.632,99.981,4.800000190734863,0.0,0.0,0.0,120.167,1.8551,0.0
557.0,run_20260920_095433,,unloading,unloading,41.56,28.625,99.981,4.800000190734863,0.0,0.0,0.0,120.167,1.8568,0.0
558.0,run_20260920_095433,,waiting,waiting,41.553,28.617,99.981,0.0,0.0,0.0,0.0,120.167,1.8584,0.0
559.0,run_20260920_095433,,driving,driving,41.545,28.613,99.981,0.0,0.079,0.044,0.0113,120.178,1.8601,0.0
560.0,run_20260920_095433,,driving,driving,41.534,28.631,99.981,0.0,0.68,0.379,0.1584,120.337,1.8626,0.0
561.0,run_20260920_095433,,driving,driving,41.515,28.655,99.981,0.0,0.854,0.476,0.4773,120.814,1.8667,0.0
562.0,run_20260920_095433,,driving,driving,41.496,28.681,99.981,0.0,0.897,0.5,0.4954,121.309,1.8709,0.0
563.0,run_20260920_095433,,driving,driving,41.477,28.707,99.981,0.0,0.895,0.498,0.4847,121.794,1.875,0.0
564.0,run_20260920_095433,,driving,driving,41.458,28.732,99.981,0.0,0.892,0.497,0.5026,122.297,1.8792,0.0
565.0,run_20260920_095433,,driving,driving,41.439,28.758,99.981,0.0,0.894,0.498,0.5029,122.8,1.8834,0.0
566.0,run_20260920_095433,,driving,driving,41.42,28.784,99.981,0.0,0.895,0.499,0.5034,123.303,1.8877,0.0
567.0,run_20260920_095433,,driving,driving,41.401,28.809,99.981,0.0,0.896,0.499,0.4834,123.786,1.8918,0.0
568.0,run_20260920_095433,,driving,driving,41.382,28.835,99.981,0.0,0.896,0.499,0.5027,124.289,1.896,0.0
569.0,run_20260920_095433,,driving,driving,41.363,28.861,99.981,0.0,0.897,0.5,0.5024,124.791,1.9002,0.0
570.0,run_20260920_095433,,driving,driving,41.343,28.887,99.981,0.0,0.897,0.5,0.5028,125.294,1.9044,0.0
571.0,run_20260920_095433,,driving,driving,41.324,28.911,99.981,0.0,0.87,0.485,0.5022,125.796,1.9087,0.0
572.0,run_20260920_095433,,driving,driving,41.308,28.925,99.981,0.0,0.576,0.321,0.3857,126.182,1.9123,0.0
573.0,run_20260920_095433,,driving,driving,41.295,28.922,99.981,0.0,0.128,0.071,0.2072,126.389,1.915,0.0
574.0,run_20260920_095433,,driving,driving,41.287,28.914,99.981,0.0,0.0,0.0,0.0318,126.421,1.9168,0.0
575.0,run_20260920_095433,,loading,loading,41.28,28.907,99.981,0.0,0.0,0.0,0.0,126.421,1.9185,0.0
576.0,run_20260920_095433,,loading,loading,41.272,28.899,99.981,0.0,0.0,0.0,0.0,126.421,1.9202,0.0
577.0,run_20260920_095433,,loading,loading,41.264,28.892,99.981,0.0,0.0,0.0,0.0,126.421,1.9218,0.0
578.0,run_20260920_095433,,loading,loading,41.257,28.884,99.981,0.0,0.0,0.0,0.0,126.421,1.9235,0.0
579.0,run_20260920_095433,,loading,loading,41.249,28.876,99.981,0.0,0.0,0.0,0.0,126.421,1.9252,0.0
580.0,run_20260920_095433,,loading,loading,41.242,28.869,99.981,0.0,0.0,0.0,0.0,126.421,1.9268,0.0
581.0,run_20260920_095433,,loading,loading,41.234,28.861,99.981,0.0,0.0,0.0,0.0,126.421,1.9285,0.0
582.0,run_20260920_095433,,loading,loading,41.227,28.854,99.981,0.0,0.0,0.0,0.0,126.421,1.9302,0.0
583.0,run_20260920_095433,,loading,loading,41.219,28.846,99.981,0.0,0.0,0.0,0.0,126.421,1.9318,0.0
584.0,run_20260920_095433,,loading,loading,41.211,28.839,99.981,0.0,0.0,0.0,0.0,126.421,1.9335,0.0
585.0,run_20260920_095433,,loading,loading,41.204,28.831,99.981,0.0,0.0,0.0,0.0,126.421,1.9352,0.0
586.0,run_20260920_095433,,loading,loading,41.196,28.824,99.981,0.0,0.0,0.0,0.0,126.421,1.9368,0.0
587.0,run_20260920_095433,,loading,loading,41.189,28.816,99.981,0.0,0.0,0.0,0.0,126.421,1.9385,0.0
588.0,run_20260920_095433,,loading,loading,41.181,28.809,99.981,0.0,0.0,0.0,0.0,126.421,1.9402,0.0
589.0,run_20260920_095433,,loading,loading,41.174,28.801,99.981,0.0,0.0,0.0,0.0,126.421,1.9418,0.0
590.0,run_20260920_095433,,loading,loading,41.166,28.794,99.981,0.0,0.0,0.0,0.0,126.421,1.9435,0.0
591.0,run_20260920_095433,,loading,loading,41.158,28.786,99.981,0.0,0.0,0.0,0.0,126.421,1.9452,0.0
592.0,run_20260920_095433,,loading,loading,41.151,28.779,99.981,0.0,0.0,0.0,0.0,126.421,1.9468,0.0
593.0,run_20260920_095433,,loading,loading,41.143,28.771,99.981,0.0,0.0,0.0,0.0,126.421,1.9485,0.0
594.0,run_20260920_095433,,loading,loading,41.136,28.764,99.98,0.0,0.0,0.0,0.0,126.421,1.9502,0.0
595.0,run_20260920_095433,,loading,loading,41.128,28.756,99.98,0.0,0.0,0.0,0.0,126.421,1.9518,0.0
596.0,run_20260920_095433,,loading,loading,41.12,28.749,99.98,0.0,0.0,0.0,0.0,126.421,1.9535,0.0
597.0,run_20260920_095433,,loading,loading,41.113,28.741,99.98,0.0,0.0,0.0,0.0,126.421,1.9552,0.0
598.0,run_20260920_095433,,loading,loading,41.105,28.734,99.98,0.0,0.0,0.0,0.0,126.421,1.9568,0.0
599.0,run_20260920_095433,,loading,loading,41.098,28.727,99.98,0.0,0.0,0.0,0.0,126.421,1.9585,0.0
600.0,run_20260920_095433,,loading,loading,41.09,28.719,99.98,0.0,0.0,0.0,0.0,126.421,1.9602,0.0
601.0,run_20260920_095433,,loading,loading,41.083,28.712,99.98,0.0,0.0,0.0,0.0,126.421,1.9618,0.0
602.0,run_20260920_095433,,loading,loading,41.075,28.705,99.98,0.0,0.0,0.0,0.0,126.421,1.9635,0.0
603.0,run_20260920_095433,,loading,loading,41.067,28.697,99.98,0.0,0.0,0.0,0.0,126.421,1.9652,0.0
604.0,run_20260920_095433,,loading,loading,41.06,28.69,99.98,0.0,0.0,0.0,0.0,126.421,1.9668,0.0
605.0,run_20260920_095433,,waiting,waiting,41.052,28.682,99.98,2.0,0.0,0.0,0.0,126.421,1.9685,0.0
606.0,run_20260920_095433,,driving,driving,41.043,28.69,99.98,2.0,0.364,0.203,0.0551,126.476,1.9706,0.0
607.0,run_20260920_095433,,driving,driving,41.032,28.684,99.98,2.0,0.049,0.027,0.0977,126.574,1.973,0.0
608.0,run_20260920_095433,,driving,driving,41.018,28.708,99.98,2.0,0.761,0.424,0.1915,126.765,1.9761,0.0
609.0,run_20260920_095433,,driving,driving,40.994,28.737,99.98,2.0,0.889,0.495,0.4829,127.248,1.9813,0.0
610.0,run_20260920_095433,,driving,driving,40.97,28.766,99.98,2.0,0.895,0.499,0.5005,127.749,1.9867,0.0
611.0,run_20260920_095433,,driving,driving,40.945,28.795,99.98,2.0,0.89,0.496,0.5028,128.251,1.9921,0.0
612.0,run_20260920_095433,,driving,driving,40.921,28.824,99.98,2.0,0.896,0.499,0.483,128.734,1.9974,0.0
613.0,run_20260920_095433,,driving,driving,40.897,28.852,99.98,2.0,0.891,0.496,0.5024,129.237,2.0028,0.0
614.0,run_20260920_095433,,driving,driving,40.872,28.881,99.98,2.0,0.897,0.5,0.5028,129.74,2.0082,0.0
615.0,run_20260920_095433,,driving,driving,40.848,28.909,99.98,2.0,0.867,0.483,0.5011,130.241,2.0135,0.0
616.0,run_20260920_095433,,driving,driving,40.823,28.937,99.98,2.0,0.882,0.492,0.4909,130.732,2.0189,0.0
617.0,run_20260920_095433,,driving,driving,40.8,28.965,99.98,2.0,0.873,0.486,0.4739,131.205,2.0241,0.0
618.0,run_20260920_095433,,driving,driving,40.775,28.994,99.98,2.0,0.883,0.492,0.4961,131.702,2.0294,0.0
619.004,run_20260920_095433,,driving,driving,40.751,29.022,99.98,2.0,0.888,0.495,0.4961,132.198,2.0348,0.0
620.0,run_20260920_095433,,driving,driving,40.727,29.051,99.98,2.0,0.894,0.498,0.502,132.7,2.0402,0.0
621.0,run_20260920_095433,,driving,driving,40.703,29.079,99.98,2.0,0.895,0.499,0.4826,133.182,2.0454,0.0
622.0,run_20260920_095433,,driving,driving,40.678,29.108,99.979,2.0,0.897,0.5,0.5026,133.685,2.0508,0.0
623.0,run_20260920_095433,,driving,driving,40.654,29.137,99.979,2.0,0.897,0.5,0.4997,134.185,2.0562,0.0
624.0,run_20260920_095433,,driving,driving,40.629,29.165,99.979,2.0,0.897,0.5,0.5026,134.687,2.0616,0.0
625.0,run_20260920_095433,,driving,driving,40.605,29.193,99.979,2.0,0.872,0.486,0.4964,135.184,2.067,0.0
626.0,run_20260920_095433,,driving,driving,40.584,29.208,99.979,2.0,0.572,0.319,0.3832,135.567,2.0715,0.0
627.0,run_20260920_095433,,loading,loading,40.573,29.201,99.979,2.0,0.0,0.0,0.0939,135.661,2.0739,0.0
628.0,run_20260920_095433,,loading,loading,40.566,29.193,99.979,2.0,0.0,0.0,0.0,135.661,2.0755,0.0
629.0,run_20260920_095433,,loading,loading,40.558,29.185,99.979,2.0,0.0,0.0,0.0,135.661,2.0772,0.0
630.0,run_20260920_095433,,loading,loading,40.551,29.177,99.979,2.0,0.0,0.0,0.0,135.661,2.0789,0.0
631.0,run_20260920_095433,,loading,loading,40.543,29.169,99.979,2.0,0.0,0.0,0.0,135.661,2.0805,0.0
632.0,run_20260920_095433,,loading,loading,40.535,29.161,99.979,2.0,0.0,0.0,0.0,135.661,2.0822,0.0
633.0,run_20260920_095433,,loading,loading,40.528,29.153,99.979,2.0,0.0,0.0,0.0,135.661,2.0839,0.0
634.0,run_20260920_095433,,loading,loading,40.52,29.145,99.979,2.0,0.0,0.0,0.0,135.661,2.0855,0.0
635.0,run_20260920_095433,,loading,loading,40.513,29.137,99.979,2.0,0.0,0.0,0.0,135.661,2.0872,0.0
636.0,run_20260920_095433,,loading,loading,40.505,29.13,99.979,2.0,0.0,0.0,0.0,135.661,2.0889,0.0
637.0,run_20260920_095433,,loading,loading,40.498,29.122,99.979,2.0,0.0,0.0,0.0,135.661,2.0905,0.0
638.0,run_20260920_095433,,loading,loading,40.49,29.114,99.979,2.0,0.0,0.0,0.0,135.661,2.0922,0.0
639.0,run_20260920_095433,,loading,loading,40.482,29.106,99.979,2.0,0.0,0.0,0.0,135.661,2.0939,0.0
640.0,run_20260920_095433,,loading,loading,40.475,29.098,99.979,2.0,0.0,0.0,0.0,135.661,2.0955,0.0
641.0,run_20260920_095433,,loading,loading,40.467,29.09,99.979,2.0,0.0,0.0,0.0,135.661,2.0972,0.0
642.0,run_20260920_095433,,loading,loading,40.46,29.083,99.979,2.0,0.0,0.0,0.0,135.661,2.0989,0.0
643.0,run_20260920_095433,,loading,loading,40.452,29.075,99.979,2.0,0.0,0.0,0.0,135.661,2.1005,0.0
644.0,run_20260920_095433,,loading,loading,40.445,29.067,99.979,2.0,0.0,0.0,0.0,135.661,2.1022,0.0
645.0,run_20260920_095433,,loading,loading,40.437,29.059,99.979,2.0,0.0,0.0,0.0,135.661,2.1039,0.0
646.0,run_20260920_095433,,loading,loading,40.429,29.052,99.979,2.0,0.0,0.0,0.0,135.661,2.1055,0.0
647.0,run_20260920_095433,,loading,loading,40.422,29.044,99.979,2.0,0.0,0.0,0.0,135.661,2.1072,0.0
648.0,run_20260920_095433,,loading,loading,40.414,29.036,99.979,2.0,0.0,0.0,0.0,135.661,2.1089,0.0
649.0,run_20260920_095433,,loading,loading,40.407,29.028,99.979,2.0,0.0,0.0,0.0,135.661,2.1105,0.0
650.0,run_20260920_095433,,loading,loading,40.399,29.021,99.979,2.0,0.0,0.0,0.0,135.661,2.1122,0.0
651.0,run_20260920_095433,,loading,loading,40.392,29.013,99.979,2.0,0.0,0.0,0.0,135.661,2.1139,0.0
652.0,run_20260920_095433,,loading,loading,40.384,29.005,99.979,2.0,0.0,0.0,0.0,135.661,2.1155,0.0
653.004,run_20260920_095433,,loading,loading,40.376,28.997,99.979,2.0,0.0,0.0,0.0,135.661,2.1172,0.0
654.0,run_20260920_095433,,loading,loading,40.369,28.99,99.979,2.0,0.0,0.0,0.0,135.661,2.1189,0.0
655.0,run_20260920_095433,,loading,loading,40.361,28.982,99.979,2.0,0.0,0.0,0.0,135.661,2.1205,0.0
656.0,run_20260920_095433,,loading,loading,40.354,28.974,99.979,2.0,0.0,0.0,0.0,135.661,2.1222,0.0
657.004,run_20260920_095433,,waiting,waiting,40.346,28.967,99.979,3.799999952316284,0.0,0.0,0.0,135.661,2.1239,0.0
658.0,run_20260920_095433,,driving,driving,40.338,28.959,99.979,3.799999952316284,0.0,0.0,0.0,135.661,2.1255,0.0
659.0,run_20260920_095433,,driving,driving,40.325,28.965,99.979,3.799999952316284,0.318,0.177,0.1457,135.806,2.1286,0.0
660.0,run_20260920_095433,,driving,driving,40.313,28.959,99.979,3.799999952316284,0.036,0.02,0.0823,135.889,2.131,0.0
661.0,run_20260920_095433,,driving,driving,40.302,28.973,99.979,3.799999952316284,0.483,0.269,0.0817,135.97,2.1335,0.0
662.0,run_20260920_095433,,driving,driving,40.276,29.004,99.979,3.799999952316284,0.879,0.49,0.4293,136.4,2.1393,0.0
663.0,run_20260920_095433,,driving,driving,40.247,29.036,99.979,3.799999952316284,0.897,0.5,0.4976,136.897,2.1457,0.0
664.0,run_20260920_095433,,driving,driving,40.218,29.067,99.978,3.799999952316284,0.894,0.498,0.4993,137.397,2.1521,0.0
665.0,run_20260920_095433,,driving,driving,40.189,29.098,99.978,3.799999952316284,0.876,0.488,0.4936,137.89,2.1585,0.0
666.0,run_20260920_095433,,driving,driving,40.16,29.13,99.978,3.799999952316284,0.897,0.5,0.4825,138.373,2.1648,0.0
667.0,run_20260920_095433,,driving,driving,40.131,29.161,99.978,3.799999952316284,0.893,0.497,0.4995,138.872,2.1712,0.0
668.0,run_20260920_095433,,driving,driving,40.101,29.193,99.978,3.799999952316284,0.895,0.499,0.5023,139.375,2.1777,0.0
669.0,run_20260920_095433,,driving,driving,40.072,29.224,99.978,3.799999952316284,0.897,0.5,0.5034,139.878,2.1842,0.0
670.004,run_20260920_095433,,driving,driving,40.042,29.256,99.978,3.799999952316284,0.897,0.5,0.5027,140.381,2.1907,0.0
671.0,run_20260920_095433,,driving,driving,40.014,29.287,99.978,3.799999952316284,0.883,0.492,0.4842,140.865,2.197,0.0
672.0,run_20260920_095433,,driving,driving,39.984,29.318,99.978,3.799999952316284,0.896,0.499,0.503,141.368,2.2034,0.0
673.0,run_20260920_095433,,driving,driving,39.955,29.349,99.978,3.799999952316284,0.89,0.496,0.5029,141.871,2.2099,0.0
674.0,run_20260920_095433,,driving,driving,39.925,29.381,99.978,3.799999952316284,0.897,0.5,0.5032,142.374,2.2164,0.0
675.0,run_20260920_095433,,driving,driving,39.897,29.412,99.978,3.799999952316284,0.897,0.5,0.4853,142.859,2.2227,0.0
676.004,run_20260920_095433,,driving,driving,39.867,29.444,99.978,3.799999952316284,0.897,0.5,0.5032,143.363,2.2292,0.0
677.0,run_20260920_095433,,driving,driving,39.838,29.475,99.978,3.799999952316284,0.897,0.5,0.5028,143.865,2.2357,0.0
678.0,run_20260920_095433,,driving,driving,39.808,29.506,99.978,3.799999952316284,0.897,0.5,0.5029,144.368,2.2422,0.0
679.0,run_20260920_095433,,driving,driving,39.779,29.537,99.978,3.799999952316284,0.897,0.5,0.5012,144.87,2.2486,0.0
680.0,run_20260920_095433,,driving,driving,39.751,29.563,99.977,3.799999952316284,0.761,0.424,0.4667,145.336,2.2548,0.0
681.0,run_20260920_095433,,driving,driving,39.728,29.574,99.977,3.799999952316284,0.456,0.254,0.3558,145.692,2.2599,0.0
682.0,run_20260920_095433,,driving,driving,39.716,29.567,99.977,3.799999952316284,0.018,0.01,0.0938,145.786,2.2624,0.0
683.0,run_20260920_095433,,unloading,unloading,39.708,29.559,99.977,3.799999952316284,0.0,0.0,0.0238,145.81,2.2643,0.0
684.0,run_20260920_095433,,unloading,unloading,39.7,29.55,99.977,3.799999952316284,0.0,0.0,0.0,145.81,2.266,0.0
685.0,run_20260920_095433,,unloading,unloading,39.693,29.542,99.977,3.799999952316284,0.0,0.0,0.0,145.81,2.2676,0.0
686.0,run_20260920_095433,,unloading,unloading,39.685,29.534,99.977,3.799999952316284,0.0,0.0,0.0,145.81,2.2693,0.0
687.0,run_20260920_095433,,unloading,unloading,39.677,29.525,99.977,3.799999952316284,0.0,0.0,0.0,145.81,2.271,0.0
688.0,run_20260920_095433,,unloading,unloading,39.67,29.517,99.977,3.799999952316284,0.0,0.0,0.0,145.81,2.2726,0.0
689.0,run_20260920_095433,,unloading,unloading,39.662,29.509,99.977,3.799999952316284,0.0,0.0,0.0,145.81,2.2743,0.0
690.0,run_20260920_095433,,unloading,unloading,39.655,29.501,99.977,3.799999952316284,0.0,0.0,0.0,145.81,2.276,0.0
691.0,run_20260920_095433,,unloading,unloading,39.647,29.492,99.977,3.799999952316284,0.0,0.0,0.0,145.81,2.2776,0.0
692.0,run_20260920_095433,,unloading,unloading,39.639,29.484,99.977,3.799999952316284,0.0,0.0,0.0,145.81,2.2793,0.0
693.0,run_20260920_095433,,unloading,unloading,39.632,29.476,99.977,3.799999952316284,0.0,0.0,0.0,145.81,2.281,0.0
694.0,run_20260920_095433,,unloading,unloading,39.624,29.468,99.977,3.799999952316284,0.0,0.0,0.0,145.81,2.2826,0.0
695.0,run_20260920_095433,,unloading,unloading,39.617,29.459,99.977,3.799999952316284,0.0,0.0,0.0,145.81,2.2843,0.0
696.0,run_20260920_095433,,unloading,unloading,39.609,29.451,99.977,3.799999952316284,0.0,0.0,0.0,145.81,2.286,0.0
697.0,run_20260920_095433,,unloading,unloading,39.602,29.443,99.977,3.799999952316284,0.0,0.0,0.0,145.81,2.2876,0.0
698.0,run_20260920_095433,,unloading,unloading,39.594,29.435,99.977,3.799999952316284,0.0,0.0,0.0,145.81,2.2893,0.0
699.0,run_20260920_095433,,unloading,unloading,39.586,29.427,99.977,3.799999952316284,0.0,0.0,0.0,145.81,2.291,0.0
700.0,run_20260920_095433,,unloading,unloading,39.579,29.418,99.977,3.799999952316284,0.0,0.0,0.0,145.81,2.2926,0.0
701.0,run_20260920_095433,,unloading,unloading,39.571,29.41,99.977,3.799999952316284,0.0,0.0,0.0,145.81,2.2943,0.0
702.0,run_20260920_095433,,unloading,unloading,39.564,29.402,99.977,3.799999952316284,0.0,0.0,0.0,145.81,2.296,0.0
703.0,run_20260920_095433,,unloading,unloading,39.556,29.394,99.977,3.799999952316284,0.0,0.0,0.0,145.81,2.2976,0.0
704.0,run_20260920_095433,,unloading,unloading,39.549,29.386,99.977,3.799999952316284,0.0,0.0,0.0,145.81,2.2993,0.0
705.0,run_20260920_095433,,unloading,unloading,39.541,29.378,99.977,3.799999952316284,0.0,0.0,0.0,145.81,2.301,0.0
706.0,run_20260920_095433,,unloading,unloading,39.533,29.37,99.977,3.799999952316284,0.0,0.0,0.0,145.81,2.3026,0.0
707.0,run_20260920_095433,,unloading,unloading,39.526,29.361,99.977,3.799999952316284,0.0,0.0,0.0,145.81,2.3043,0.0
708.0,run_20260920_095433,,unloading,unloading,39.518,29.353,99.977,3.799999952316284,0.0,0.0,0.0,145.81,2.306,0.0
709.0,run_20260920_095433,,unloading,unloading,39.511,29.345,99.977,3.799999952316284,0.0,0.0,0.0,145.81,2.3076,0.0
710.0,run_20260920_095433,,unloading,unloading,39.503,29.337,99.977,3.799999952316284,0.0,0.0,0.0,145.81,2.3093,0.0
711.0,run_20260920_095433,,unloading,unloading,39.496,29.329,99.977,3.799999952316284,0.0,0.0,0.0,145.81,2.311,0.0
712.0,run_20260920_095433,,unloading,unloading,39.488,29.321,99.977,3.799999952316284,0.0,0.0,0.0,145.81,2.3126,0.0
713.0,run_20260920_095433,,waiting,waiting,39.48,29.313,99.977,0.0,0.0,0.0,0.0,145.81,2.3143,0.0
714.0,run_20260920_095433,,waiting,waiting,39.473,29.305,99.977,0.0,0.0,0.0,0.0,145.81,2.316,0.0
715.0,run_20260920_095433,,driving,driving,39.464,29.303,99.977,0.0,0.176,0.098,0.0351,145.845,2.3178,0.0
716.0,run_20260920_095433,,driving,driving,39.453,29.323,99.977,0.0,0.739,0.412,0.1869,146.032,2.3204,0.0
717.0,run_20260920_095433,,driving,driving,39.434,29.348,99.977,0.0,0.887,0.494,0.4925,146.524,2.3246,0.0
718.0,run_20260920_095433,,driving,driving,39.415,29.373,99.977,0.0,0.897,0.5,0.4948,147.019,2.3288,0.0
719.0,run_20260920_095433,,driving,driving,39.395,29.398,99.977,0.0,0.896,0.499,0.5023,147.521,2.333,0.0
720.0,run_20260920_095433,,driving,driving,39.377,29.423,99.977,0.0,0.896,0.499,0.4851,148.006,2.3372,0.0
721.0,run_20260920_095433,,driving,driving,39.357,29.448,99.977,0.0,0.897,0.5,0.5028,148.509,2.3414,0.0
722.0,run_20260920_095433,,driving,driving,39.338,29.473,99.977,0.0,0.897,0.5,0.5028,149.012,2.3456,0.0
723.0,run_20260920_095433,,driving,driving,39.319,29.498,99.977,0.0,0.895,0.499,0.5039,149.516,2.3498,0.0
724.0,run_20260920_095433,,driving,driving,39.3,29.522,99.976,0.0,0.882,0.491,0.4933,150.009,2.354,0.0
725.0,run_20260920_095433,,driving,driving,39.281,29.547,99.976,0.0,0.887,0.494,0.4815,150.491,2.3581,0.0
726.0,run_20260920_095433,,driving,driving,39.262,29.571,99.976,0.0,0.879,0.49,0.4903,150.981,2.3623,0.0
727.0,run_20260920_095433,,driving,driving,39.244,29.592,99.976,0.0,0.8,0.446,0.4721,151.453,2.3664,0.0
728.0,run_20260920_095433,,driving,driving,39.225,29.616,99.976,0.0,0.882,0.491,0.4873,151.94,2.3705,0.0
729.0,run_20260920_095433,,driving,driving,39.206,29.641,99.976,0.0,0.897,0.5,0.4818,152.422,2.3746,0.0
730.0,run_20260920_095433,,driving,driving,39.187,29.666,99.976,0.0,0.897,0.5,0.5038,152.926,2.3789,0.0
731.0,run_20260920_095433,,driving,driving,39.168,29.691,99.976,0.0,0.896,0.499,0.5025,153.428,2.3831,0.0
732.0,run_20260920_095433,,driving,driving,39.149,29.715,99.976,0.0,0.897,0.5,0.5027,153.931,2.3873,0.0
733.0,run_20260920_095433,,driving,driving,39.129,29.74,99.976,0.0,0.892,0.497,0.5031,154.434,2.3916,0.0
734.0,run_20260920_095433,,driving,driving,39.111,29.765,99.976,0.0,0.897,0.5,0.4836,154.918,2.3957,0.0
735.0,run_20260920_095433,,driving,driving,39.092,29.781,99.976,0.0,0.683,0.38,0.4555,155.373,2.3997,0.0
736.0,run_20260920_095433,,driving,driving,39.079,29.773,99.976,0.0,0.0,0.0,0.2602,155.633,2.4027,0.0
737.0,run_20260920_095433,,loading,loading,39.071,29.764,99.976,0.0,0.0,0.0,0.0,155.633,2.4043,0.0
738.0,run_20260920_095433,,loading,loading,39.064,29.756,99.976,0.0,0.0,0.0,0.0,155.633,2.406,0.0
739.0,run_20260920_095433,,loading,loading,39.056,29.747,99.976,0.0,0.0,0.0,0.0,155.633,2.4077,0.0
740.0,run_20260920_095433,,loading,loading,39.048,29.739,99.976,0.0,0.0,0.0,0.0,155.633,2.4093,0.0
741.0,run_20260920_095433,,loading,loading,39.041,29.73,99.976,0.0,0.0,0.0,0.0,155.633,2.411,0.0
742.0,run_20260920_095433,,loading,loading,39.033,29.722,99.976,0.0,0.0,0.0,0.0,155.633,2.4127,0.0
743.0,run_20260920_095433,,loading,loading,39.026,29.713,99.976,0.0,0.0,0.0,0.0,155.633,2.4143,0.0
744.0,run_20260920_095433,,loading,loading,39.018,29.705,99.976,0.0,0.0,0.0,0.0,155.633,2.416,0.0
745.0,run_20260920_095433,,loading,loading,39.011,29.696,99.976,0.0,0.0,0.0,0.0,155.633,2.4177,0.0
746.0,run_20260920_095433,,loading,loading,39.003,29.688,99.976,0.0,0.0,0.0,0.0,155.633,2.4193,0.0
747.0,run_20260920_095433,,loading,loading,38.995,29.679,99.976,0.0,0.0,0.0,0.0,155.633,2.421,0.0
748.0,run_20260920_095433,,loading,loading,38.988,29.671,99.976,0.0,0.0,0.0,0.0,155.633,2.4227,0.0
749.0,run_20260920_095433,,loading,loading,38.98,29.662,99.976,0.0,0.0,0.0,0.0,155.633,2.4243,0.0
750.0,run_20260920_095433,,loading,loading,38.973,29.654,99.976,0.0,0.0,0.0,0.0,155.633,2.426,0.0
751.0,run_20260920_095433,,loading,loading,38.965,29.645,99.976,0.0,0.0,0.0,0.0,155.633,2.4277,0.0
752.0,run_20260920_095433,,loading,loading,38.958,29.637,99.976,0.0,0.0,0.0,0.0,155.633,2.4293,0.0
753.0,run_20260920_095433,,loading,loading,38.95,29.629,99.976,0.0,0.0,0.0,0.0,155.633,2.431,0.0
754.0,run_20260920_095433,,loading,loading,38.942,29.62,99.976,0.0,0.0,0.0,0.0,155.633,2.4327,0.0
755.0,run_20260920_095433,,loading,loading,38.935,29.612,99.976,0.0,0.0,0.0,0.0,155.633,2.4343,0.0
756.0,run_20260920_095433,,loading,loading,38.927,29.604,99.976,0.0,0.0,0.0,0.0,155.633,2.436,0.0
757.0,run_20260920_095433,,loading,loading,38.92,29.595,99.976,0.0,0.0,0.0,0.0,155.633,2.4377,0.0
758.0,run_20260920_095433,,loading,loading,38.912,29.587,99.976,0.0,0.0,0.0,0.0,155.633,2.4393,0.0
759.0,run_20260920_095433,,loading,loading,38.905,29.578,99.976,0.0,0.0,0.0,0.0,155.633,2.441,0.0
760.0,run_20260920_095433,,loading,loading,38.897,29.57,99.976,0.0,0.0,0.0,0.0,155.633,2.4427,0.0
761.0,run_20260920_095433,,loading,loading,38.889,29.562,99.976,0.0,0.0,0.0,0.0,155.633,2.4443,0.0
762.0,run_20260920_095433,,loading,loading,38.882,29.553,99.976,0.0,0.0,0.0,0.0,155.633,2.446,0.0
763.0,run_20260920_095433,,loading,loading,38.874,29.545,99.976,0.0,0.0,0.0,0.0,155.633,2.4477,0.0
764.0,run_20260920_095433,,loading,loading,38.867,29.537,99.976,0.0,0.0,0.0,0.0,155.633,2.4493,0.0
765.0,run_20260920_095433,,loading,loading,38.859,29.529,99.975,0.0,0.0,0.0,0.0,155.633,2.451,0.0
766.0,run_20260920_095433,,loading,loading,38.852,29.52,99.975,0.0,0.0,0.0,0.0,155.633,2.4527,0.0
767.0,run_20260920_095433,,waiting,waiting,38.844,29.512,99.975,3.200000047683716,0.0,0.0,0.0,155.633,2.4543,0.0
768.0,run_20260920_095433,,driving,driving,38.834,29.517,99.975,3.200000047683716,0.305,0.17,0.0509,155.684,2.4564,0.0
769.0,run_20260920_095433,,driving,driving,38.82,29.518,99.975,3.200000047683716,0.21,0.117,0.1746,155.859,2.4597,0.0
770.0,run_20260920_095433,,driving,driving,38.811,29.51,99.975,3.200000047683716,0.022,0.012,0.027,155.886,2.4616,0.0
771.0,run_20260920_095433,,driving,driving,38.795,29.54,99.975,3.200000047683716,0.893,0.497,0.2094,156.095,2.4651,0.0
772.0,run_20260920_095433,,driving,driving,38.767,29.571,99.975,3.200000047683716,0.897,0.5,0.5039,156.599,2.4712,0.0
773.0,run_20260920_095433,,driving,driving,38.739,29.6,99.975,3.200000047683716,0.892,0.497,0.5028,157.102,2.4774,0.0
774.0,run_20260920_095433,,driving,driving,38.712,29.63,99.975,3.200000047683716,0.883,0.492,0.4838,157.586,2.4833,0.0
775.0,run_20260920_095433,,driving,driving,38.685,29.656,99.975,3.200000047683716,0.804,0.448,0.4787,158.064,2.4892,0.0
776.0,run_20260920_095433,,driving,driving,38.659,29.686,99.975,3.200000047683716,0.881,0.491,0.4677,158.532,2.495,0.0
777.0,run_20260920_095433,,driving,driving,38.632,29.715,99.975,3.200000047683716,0.895,0.499,0.4817,159.014,2.501,0.0
778.0,run_20260920_095433,,driving,driving,38.604,29.746,99.975,3.200000047683716,0.897,0.5,0.5036,159.517,2.5071,0.0
779.0,run_20260920_095433,,driving,driving,38.577,29.775,99.975,3.200000047683716,0.889,0.495,0.4846,160.002,2.5131,0.0
780.0,run_20260920_095433,,driving,driving,38.55,29.803,99.975,3.200000047683716,0.842,0.469,0.4896,160.492,2.5191,0.0
781.0,run_20260920_095433,,driving,driving,38.534,29.798,99.975,3.200000047683716,0.079,0.044,0.2078,160.699,2.5226,0.0
782.0,run_20260920_095433,,driving,driving,38.517,29.823,99.975,3.200000047683716,0.804,0.448,0.2281,160.927,2.5263,0.0
783.0,run_20260920_095433,,driving,driving,38.503,29.817,99.975,3.200000047683716,0.055,0.031,0.1512,161.079,2.5293,0.0
784.0,run_20260920_095433,,driving,driving,38.494,29.812,99.975,3.200000047683716,0.087,0.049,0.0364,161.115,2.5313,0.0
785.0,run_20260920_095433,,driving,driving,38.478,29.834,99.975,3.200000047683716,0.71,0.396,0.219,161.334,2.5349,0.0
786.0,run_20260920_095433,,driving,driving,38.45,29.864,99.975,3.200000047683716,0.897,0.5,0.4859,161.82,2.5409,0.0
787.0,run_20260920_095433,,driving,driving,38.423,29.893,99.975,3.200000047683716,0.881,0.491,0.5018,162.322,2.547,0.0
788.0,run_20260920_095433,,driving,driving,38.395,29.923,99.974,3.200000047683716,0.897,0.5,0.484,162.806,2.553,0.0
789.0,run_20260920_095433,,driving,driving,38.368,29.953,99.974,3.200000047683716,0.897,0.5,0.5039,163.31,2.5591,0.0
790.0,run_20260920_095433,,driving,driving,38.34,29.983,99.974,3.200000047683716,0.897,0.5,0.5036,163.813,2.5653,0.0
791.0,run_20260920_095433,,driving,driving,38.312,30.012,99.974,3.200000047683716,0.896,0.499,0.5028,164.316,2.5714,0.0
792.0,run_20260920_095433,,driving,driving,38.284,30.042,99.974,3.200000047683716,0.891,0.496,0.5031,164.819,2.5776,0.0
793.0,run_20260920_095433,,driving,driving,38.257,30.071,99.974,3.200000047683716,0.897,0.5,0.4846,165.304,2.5835,0.0
794.0,run_20260920_095433,,driving,driving,38.229,30.101,99.974,3.200000047683716,0.897,0.5,0.5033,165.807,2.5897,0.0
795.0,run_20260920_095433,,driving,driving,38.201,30.13,99.974,3.200000047683716,0.889,0.495,0.4978,166.305,2.5958,0.0
796.0,run_20260920_095433,,driving,driving,38.173,30.16,99.974,3.200000047683716,0.894,0.498,0.4993,166.804,2.6019,0.0
797.0,run_20260920_095433,,driving,driving,38.147,30.189,99.974,3.200000047683716,0.896,0.499,0.4764,167.28,2.6078,0.0
798.0,run_20260920_095433,,driving,driving,38.119,30.219,99.974,3.200000047683716,0.892,0.497,0.5014,167.782,2.6139,0.0
799.0,run_20260920_095433,,driving,driving,38.091,30.247,99.974,3.200000047683716,0.879,0.49,0.4975,168.279,2.62,0.0
800.0,run_20260920_095433,,driving,driving,38.063,30.277,99.974,3.200000047683716,0.895,0.499,0.4984,168.778,2.6261,0.0
801.0,run_20260920_095433,,driving,driving,38.036,30.306,99.974,3.200000047683716,0.891,0.496,0.4841,169.262,2.6321,0.0
802.0,run_20260920_095433,,driving,driving,38.008,30.335,99.974,3.200000047683716,0.896,0.499,0.5027,169.764,2.6382,0.0
803.0,run_20260920_095433,,driving,driving,37.98,30.364,99.974,3.200000047683716,0.895,0.499,0.5014,170.266,2.6443,0.0
804.004,run_20260920_095433,,driving,driving,37.952,30.393,99.973,3.200000047683716,0.889,0.496,0.5025,170.768,2.6505,0.0
805.0,run_20260920_095433,,driving,driving,37.924,30.422,99.973,3.200000047683716,0.897,0.5,0.5034,171.272,2.6566,0.0
806.0,run_20260920_095433,,driving,driving,37.897,30.452,99.973,3.200000047683716,0.897,0.5,0.4854,171.757,2.6626,0.0
807.0,run_20260920_095433,,driving,driving,37.869,30.481,99.973,3.200000047683716,0.895,0.499,0.501,172.258,2.6687,0.0
808.004,run_20260920_095433,,driving,driving,37.841,30.51,99.973,3.200000047683716,0.897,0.5,0.5032,172.761,2.6749,0.0
809.0,run_20260920_095433,,driving,driving,37.814,30.537,99.973,3.200000047683716,0.853,0.475,0.5011,173.262,2.681,0.0
810.0,run_20260920_095433,,driving,driving,37.799,30.549,99.973,3.200000047683716,0.481,0.268,0.1831,173.446,2.6843,0.0
811.0,run_20260920_095433,,driving,driving,37.781,30.539,99.973,3.200000047683716,0.0,0.0,0.2413,173.687,2.6881,0.0
812.0,run_20260920_095433,,loading,loading,37.774,30.53,99.973,3.200000047683716,0.0,0.0,0.0,173.687,2.6898,0.0
813.0,run_20260920_095433,,loading,loading,37.766,30.52,99.973,3.200000047683716,0.0,0.0,0.0,173.687,2.6915,0.0
814.0,run_20260920_095433,,loading,loading,37.759,30.511,99.973,3.200000047683716,0.0,0.0,0.0,173.687,2.6931,0.0
815.0,run_20260920_095433,,loading,loading,37.751,30.502,99.973,3.200000047683716,0.0,0.0,0.0,173.687,2.6948,0.0
816.0,run_20260920_095433,,loading,loading,37.743,30.492,99.973,3.200000047683716,0.0,0.0,0.0,173.687,2.6965,0.0
817.0,run_20260920_095433,,loading,loading,37.736,30.483,99.973,3.200000047683716,0.0,0.0,0.0,173.687,2.6981,0.0
818.004,run_20260920_095433,,loading,loading,37.728,30.474,99.973,3.200000047683716,0.0,0.0,0.0,173.687,2.6998,0.0
819.0,run_20260920_095433,,loading,loading,37.721,30.464,99.973,3.200000047683716,0.0,0.0,0.0,173.687,2.7015,0.0
820.0,run_20260920_095433,,loading,loading,37.713,30.455,99.973,3.200000047683716,0.0,0.0,0.0,173.687,2.7031,0.0
821.0,run_20260920_095433,,loading,loading,37.706,30.446,99.973,3.200000047683716,0.0,0.0,0.0,173.687,2.7048,0.0
822.0,run_20260920_095433,,loading,loading,37.698,30.436,99.973,3.200000047683716,0.0,0.0,0.0,173.687,2.7065,0.0
823.0,run_20260920_095433,,loading,loading,37.69,30.427,99.973,3.200000047683716,0.0,0.0,0.0,173.687,2.7081,0.0
824.0,run_20260920_095433,,loading,loading,37.683,30.418,99.973,3.200000047683716,0.0,0.0,0.0,173.687,2.7098,0.0
825.0,run_20260920_095433,,loading,loading,37.675,30.409,99.973,3.200000047683716,0.0,0.0,0.0,173.687,2.7115,0.0
826.0,run_20260920_095433,,loading,loading,37.668,30.399,99.973,3.200000047683716,0.0,0.0,0.0,173.687,2.7131,0.0
827.0,run_20260920_095433,,loading,loading,37.66,30.39,99.973,3.200000047683716,0.0,0.0,0.0,173.687,2.7148,0.0
828.0,run_20260920_095433,,loading,loading,37.652,30.381,99.973,3.200000047683716,0.0,0.0,0.0,173.687,2.7165,0.0
829.0,run_20260920_095433,,loading,loading,37.645,30.372,99.973,3.200000047683716,0.0,0.0,0.0,173.687,2.7181,0.0
830.0,run_20260920_095433,,loading,loading,37.637,30.362,99.973,3.200000047683716,0.0,0.0,0.0,173.687,2.7198,0.0
831.0,run_20260920_095433,,loading,loading,37.63,30.353,99.973,3.200000047683716,0.0,0.0,0.0,173.687,2.7215,0.0
832.0,run_20260920_095433,,loading,loading,37.622,30.344,99.973,3.200000047683716,0.0,0.0,0.0,173.687,2.7231,0.0
833.0,run_20260920_095433,,loading,loading,37.615,30.335,99.973,3.200000047683716,0.0,0.0,0.0,173.687,2.7248,0.0
834.0,run_20260920_095433,,loading,loading,37.607,30.326,99.973,3.200000047683716,0.0,0.0,0.0,173.687,2.7265,0.0
835.0,run_20260920_095433,,loading,loading,37.599,30.317,99.973,3.200000047683716,0.0,0.0,0.0,173.687,2.7281,0.0
836.0,run_20260920_095433,,loading,loading,37.592,30.307,99.973,3.200000047683716,0.0,0.0,0.0,173.687,2.7298,0.0
837.0,run_20260920_095433,,loading,loading,37.584,30.298,99.973,3.200000047683716,0.0,0.0,0.0,173.687,2.7315,0.0
838.0,run_20260920_095433,,loading,loading,37.577,30.289,99.973,3.200000047683716,0.0,0.0,0.0,173.687,2.7331,0.0
839.0,run_20260920_095433,,loading,loading,37.569,30.28,99.973,3.200000047683716,0.0,0.0,0.0,173.687,2.7348,0.0
840.0,run_20260920_095433,,loading,loading,37.562,30.271,99.973,3.200000047683716,0.0,0.0,0.0,173.687,2.7365,0.0
841.0,run_20260920_095433,,loading,loading,37.554,30.262,99.973,3.200000047683716,0.0,0.0,0.0,173.687,2.7381,0.0
842.0,run_20260920_095433,,waiting,waiting,37.546,30.253,99.973,4.400000095367432,0.0,0.0,0.0,173.687,2.7398,0.0
843.0,run_20260920_095433,,driving,driving,37.534,30.261,99.973,4.400000095367432,0.392,0.219,0.1044,173.791,2.7425,0.0
844.0,run_20260920_095433,,driving,driving,37.52,30.253,99.973,4.400000095367432,0.026,0.015,0.13,173.921,2.7455,0.0
845.0,run_20260920_095433,,driving,driving,37.51,30.258,99.973,4.400000095367432,0.301,0.168,0.0499,173.971,2.7477,0.0
846.0,run_20260920_095433,,driving,driving,37.484,30.289,99.972,4.400000095367432,0.887,0.494,0.3913,174.362,2.7534,0.0
847.0,run_20260920_095433,,driving,driving,37.454,30.32,99.972,4.400000095367432,0.889,0.496,0.4931,174.856,2.7602,0.0
848.0,run_20260920_095433,,driving,driving,37.423,30.351,99.972,4.400000095367432,0.879,0.49,0.4963,175.352,2.767,0.0
849.0,run_20260920_095433,,driving,driving,37.393,30.381,99.972,4.400000095367432,0.882,0.491,0.4812,175.833,2.7736,0.0
850.0,run_20260920_095433,,driving,driving,37.362,30.412,99.972,4.400000095367432,0.896,0.499,0.5002,176.333,2.7804,0.0
851.0,run_20260920_095433,,driving,driving,37.332,30.444,99.972,4.400000095367432,0.896,0.499,0.4811,176.814,2.7871,0.0
852.008,run_20260920_095433,,driving,driving,37.3,30.475,99.972,4.400000095367432,0.895,0.499,0.5033,177.318,2.7939,0.0
853.0,run_20260920_095433,,driving,driving,37.269,30.506,99.972,4.400000095367432,0.897,0.5,0.5034,177.821,2.8008,0.0
854.0,run_20260920_095433,,driving,driving,37.238,30.537,99.972,4.400000095367432,0.895,0.499,0.503,178.324,2.8077,0.0
855.004,run_20260920_095433,,driving,driving,37.207,30.568,99.972,4.400000095367432,0.896,0.499,0.5036,178.828,2.8145,0.0
856.0,run_20260920_095433,,driving,driving,37.176,30.599,99.972,4.400000095367432,0.897,0.5,0.4848,179.313,2.8212,0.0
857.0,run_20260920_095433,,driving,driving,37.145,30.63,99.972,4.400000095367432,0.897,0.5,0.5003,179.813,2.828,0.0
858.0,run_20260920_095433,,driving,driving,37.114,30.661,99.972,4.400000095367432,0.897,0.5,0.5023,180.315,2.8349,0.0
859.0,run_20260920_095433,,driving,driving,37.083,30.692,99.972,4.400000095367432,0.892,0.497,0.5036,180.819,2.8418,0.0
860.0,run_20260920_095433,,driving,driving,37.053,30.723,99.972,4.400000095367432,0.896,0.499,0.4858,181.304,2.8484,0.0
861.0,run_20260920_095433,,driving,driving,37.021,30.754,99.971,4.400000095367432,0.897,0.5,0.5031,181.808,2.8553,0.0
862.0,run_20260920_095433,,driving,driving,36.99,30.784,99.971,4.400000095367432,0.883,0.492,0.5034,182.311,2.8622,0.0
863.0,run_20260920_095433,,driving,driving,36.959,30.815,99.971,4.400000095367432,0.897,0.5,0.5017,182.813,2.869,0.0
864.0,run_20260920_095433,,driving,driving,36.929,30.838,99.971,4.400000095367432,0.732,0.408,0.4652,183.278,2.8755,0.0
865.0,run_20260920_095433,,driving,driving,36.906,30.848,99.971,4.400000095367432,0.427,0.238,0.348,183.626,2.8808,0.0
866.0,run_20260920_095433,,driving,driving,36.894,30.841,99.971,4.400000095367432,0.072,0.04,0.088,183.714,2.8834,0.0
867.0,run_20260920_095433,,unloading,unloading,36.885,30.831,99.971,4.400000095367432,0.0,0.0,0.0259,183.74,2.8853,0.0
868.0,run_20260920_095433,,unloading,unloading,36.877,30.822,99.971,4.400000095367432,0.0,0.0,0.0,183.74,2.887,0.0
869.02,run_20260920_095433,,unloading,unloading,36.87,30.812,99.971,4.400000095367432,0.0,0.0,0.0,183.74,2.8887,0.0
870.0,run_20260920_095433,,unloading,unloading,36.862,30.802,99.971,4.400000095367432,0.0,0.0,0.0,183.74,2.8903,0.0
871.0,run_20260920_095433,,unloading,unloading,36.855,30.793,99.971,4.400000095367432,0.0,0.0,0.0,183.74,2.892,0.0
872.0,run_20260920_095433,,unloading,unloading,36.847,30.783,99.971,4.400000095367432,0.0,0.0,0.0,183.74,2.8936,0.0
873.0,run_20260920_095433,,unloading,unloading,36.84,30.773,99.971,4.400000095367432,0.0,0.0,0.0,183.74,2.8953,0.0
874.004,run_20260920_095433,,unloading,unloading,36.832,30.764,99.971,4.400000095367432,0.0,0.0,0.0,183.74,2.897,0.0
875.0,run_20260920_095433,,unloading,unloading,36.824,30.754,99.971,4.400000095367432,0.0,0.0,0.0,183.74,2.8986,0.0
876.0,run_20260920_095433,,unloading,unloading,36.817,30.744,99.971,4.400000095367432,0.0,0.0,0.0,183.74,2.9003,0.0
877.0,run_20260920_095433,,unloading,unloading,36.809,30.735,99.971,4.400000095367432,0.0,0.0,0.0,183.74,2.902,0.0
878.004,run_20260920_095433,,unloading,unloading,36.802,30.725,99.971,4.400000095367432,0.0,0.0,0.0,183.74,2.9036,0.0
879.0,run_20260920_095433,,unloading,unloading,36.794,30.716,99.971,4.400000095367432,0.0,0.0,0.0,183.74,2.9053,0.0
880.004,run_20260920_095433,,unloading,unloading,36.787,30.706,99.971,4.400000095367432,0.0,0.0,0.0,183.74,2.907,0.0
881.0,run_20260920_095433,,unloading,unloading,36.779,30.696,99.971,4.400000095367432,0.0,0.0,0.0,183.74,2.9086,0.0
882.0,run_20260920_095433,,unloading,unloading,36.771,30.687,99.971,4.400000095367432,0.0,0.0,0.0,183.74,2.9103,0.0
883.0,run_20260920_095433,,unloading,unloading,36.764,30.677,99.971,4.400000095367432,0.0,0.0,0.0,183.74,2.912,0.0
884.0,run_20260920_095433,,unloading,unloading,36.756,30.668,99.971,4.400000095367432,0.0,0.0,0.0,183.74,2.9136,0.0
885.0,run_20260920_095433,,unloading,unloading,36.749,30.658,99.971,4.400000095367432,0.0,0.0,0.0,183.74,2.9153,0.0
886.0,run_20260920_095433,,unloading,unloading,36.741,30.649,99.971,4.400000095367432,0.0,0.0,0.0,183.74,2.917,0.0
887.008,run_20260920_095433,,unloading,unloading,36.733,30.639,99.971,4.400000095367432,0.0,0.0,0.0,183.74,2.9186,0.0
888.0,run_20260920_095433,,unloading,unloading,36.726,30.63,99.971,4.400000095367432,0.0,0.0,0.0,183.74,2.9203,0.0
889.008,run_20260920_095433,,unloading,unloading,36.718,30.62,99.971,4.400000095367432,0.0,0.0,0.0,183.74,2.922,0.0
890.0,run_20260920_095433,,unloading,unloading,36.711,30.611,99.971,4.400000095367432,0.0,0.0,0.0,183.74,2.9236,0.0
891.0,run_20260920_095433,,unloading,unloading,36.703,30.601,99.971,4.400000095367432,0.0,0.0,0.0,183.74,2.9253,0.0
892.02,run_20260920_095433,,unloading,unloading,36.696,30.592,99.971,4.400000095367432,0.0,0.0,0.0,183.74,2.927,0.0
893.0,run_20260920_095433,,unloading,unloading,36.688,30.582,99.971,4.400000095367432,0.0,0.0,0.0,183.74,2.9286,0.0
894.0,run_20260920_095433,,unloading,unloading,36.681,30.573,99.971,4.400000095367432,0.0,0.0,0.0,183.74,2.9303,0.0
895.0,run_20260920_095433,,unloading,unloading,36.673,30.563,99.971,4.400000095367432,0.0,0.0,0.0,183.74,2.932,0.0
896.0,run_20260920_095433,,unloading,unloading,36.665,30.554,99.971,4.400000095367432,0.0,0.0,0.0,183.74,2.9336,0.0
897.0,run_20260920_095433,,waiting,waiting,36.658,30.545,99.971,0.0,0.0,0.0,0.0,183.74,2.9353,0.0
898.0,run_20260920_095433,,driving,driving,36.65,30.538,99.971,0.0,0.084,0.047,0.0077,183.748,2.937,0.0
899.0,run_20260920_095433,,driving,driving,36.639,30.558,99.971,0.0,0.789,0.44,0.1678,183.915,2.9395,0.0
900.004,run_20260920_095433,,driving,driving,36.619,30.582,99.971,0.0,0.897,0.5,0.5,184.415,2.9437,0.0
901.0,run_20260920_095433,,driving,driving,36.601,30.606,99.971,0.0,0.895,0.499,0.4855,184.901,2.9479,0.0
902.0,run_20260920_095433,,driving,driving,36.581,30.629,99.97,0.0,0.897,0.5,0.5036,185.404,2.9521,0.0
903.004,run_20260920_095433,,driving,driving,36.567,30.646,99.97,0.0,0.704,0.392,0.2995,185.704,2.9553,0.0
904.0,run_20260920_095433,,driving,driving,36.548,30.67,99.97,0.0,0.897,0.5,0.4964,186.2,2.9595,0.0
905.0,run_20260920_095433,,driving,driving,36.529,30.693,99.97,0.0,0.897,0.5,0.4844,186.685,2.9637,0.0
906.0,run_20260920_095433,,driving,driving,36.509,30.717,99.97,0.0,0.895,0.499,0.5036,187.188,2.9679,0.0
907.008,run_20260920_095433,,driving,driving,36.49,30.741,99.97,0.0,0.897,0.5,0.5034,187.692,2.9722,0.0
908.0,run_20260920_095433,,driving,driving,36.478,30.738,99.97,0.0,0.179,0.1,0.2184,187.91,2.9749,0.0
909.0,run_20260920_095433,,driving,driving,36.468,30.735,99.97,0.0,0.179,0.1,0.0972,188.007,2.9771,0.0
910.0,run_20260920_095433,,driving,driving,36.458,30.732,99.97,0.0,0.179,0.1,0.1008,188.108,2.9793,0.0
911.0,run_20260920_095433,,driving,driving,36.448,30.73,99.97,0.0,0.205,0.114,0.0913,188.199,2.9814,0.0
912.0,run_20260920_095433,,driving,driving,36.43,30.753,99.97,0.0,0.892,0.497,0.4301,188.629,2.9853,0.0
913.0,run_20260920_095433,,driving,driving,36.411,30.776,99.97,0.0,0.87,0.484,0.5028,189.132,2.9895,0.0
914.0,run_20260920_095433,,driving,driving,36.401,30.766,99.97,0.0,0.006,0.003,0.1126,189.245,2.9918,0.0
915.0,run_20260920_095433,,driving,driving,36.393,30.759,99.97,0.0,0.069,0.038,0.0155,189.26,2.9935,0.0
916.016,run_20260920_095433,,driving,driving,36.378,30.783,99.97,0.0,0.893,0.498,0.3179,189.578,2.9968,0.0
917.0,run_20260920_095433,,driving,driving,36.359,30.806,99.97,0.0,0.897,0.5,0.5032,190.081,3.0011,0.0
918.0,run_20260920_095433,,driving,driving,36.34,30.83,99.97,0.0,0.897,0.5,0.5037,190.585,3.0053,0.0
919.0,run_20260920_095433,,driving,driving,36.321,30.848,99.97,0.0,0.763,0.425,0.4825,191.068,3.0094,0.0
920.004,run_20260920_095433,,driving,driving,36.307,30.872,99.97,0.0,0.895,0.499,0.2742,191.342,3.0125,0.0
921.008,run_20260920_095433,,driving,driving,36.287,30.895,99.97,0.0,0.897,0.5,0.5036,191.845,3.0168,0.0
922.0,run_20260920_095433,,driving,driving,36.268,30.918,99.97,0.0,0.897,0.5,0.5038,192.349,3.021,0.0
923.0,run_20260920_095433,,driving,driving,36.249,30.942,99.97,0.0,0.897,0.5,0.4856,192.835,3.0251,0.0
924.036,run_20260920_095433,,driving,driving,36.23,30.966,99.97,0.0,0.897,0.5,0.5039,193.339,3.0294,0.0
925.0,run_20260920_095433,,driving,driving,36.211,30.988,99.97,0.0,0.894,0.498,0.5036,193.842,3.0336,0.0
926.0,run_20260920_095433,,driving,driving,36.191,31.011,99.97,0.0,0.891,0.496,0.5024,194.345,3.0379,0.0
927.0,run_20260920_095433,,driving,driving,36.173,31.035,99.97,0.0,0.895,0.498,0.4851,194.83,3.042,0.0
928.008,run_20260920_095433,,driving,driving,36.153,31.058,99.97,0.0,0.897,0.5,0.5033,195.333,3.0463,0.0
929.0,run_20260920_095433,,driving,driving,36.134,31.081,99.969,0.0,0.897,0.5,0.5037,195.837,3.0505,0.0
930.0,run_20260920_095433,,driving,driving,36.115,31.104,99.969,0.0,0.897,0.5,0.5034,196.34,3.0548,0.0
931.0,run_20260920_095433,,driving,driving,36.095,31.127,99.969,0.0,0.897,0.5,0.5036,196.844,3.059,0.0
932.0,run_20260920_095433,,driving,driving,36.077,31.15,99.969,0.0,0.895,0.499,0.4853,197.329,3.0632,0.0
933.0,run_20260920_095433,,driving,driving,36.058,31.144,99.969,0.0,0.109,0.061,0.4535,197.783,3.0671,0.0
934.0,run_20260920_095433,,driving,driving,36.048,31.141,99.969,0.0,0.179,0.1,0.1008,197.883,3.0693,0.0
935.004,run_20260920_095433,,driving,driving,36.039,31.138,99.969,0.0,0.179,0.1,0.1008,197.984,3.0715,0.0
936.004,run_20260920_095433,,driving,driving,36.029,31.134,99.969,0.0,0.179,0.1,0.1008,198.085,3.0737,0.0
937.0,run_20260920_095433,,driving,driving,36.019,31.139,99.969,0.0,0.413,0.23,0.0984,198.183,3.0759,0.0
938.008,run_20260920_095433,,driving,driving,36.0,31.163,99.969,0.0,0.897,0.5,0.4678,198.651,3.0799,0.0
939.0,run_20260920_095433,,driving,driving,35.981,31.186,99.969,0.0,0.895,0.499,0.5037,199.155,3.0842,0.0
940.0,run_20260920_095433,,driving,driving,35.964,31.199,99.969,0.0,0.629,0.351,0.4217,199.577,3.088,0.0
941.0,run_20260920_095433,,driving,driving,35.95,31.195,99.969,0.0,0.158,0.088,0.2436,199.82,3.0909,0.0
942.0,run_20260920_095433,,driving,driving,35.942,31.191,99.969,0.0,0.167,0.093,0.0523,199.873,3.0929,0.0
943.0,run_20260920_095433,,driving,driving,35.932,31.18,99.969,0.0,0.0,0.0,0.0766,199.949,3.0949,0.0
944.0,run_20260920_095433,,driving,driving,35.925,31.17,99.969,0.0,0.0,0.0,0.0,199.949,3.0966,0.0
945.0,run_20260920_095433,,driving,driving,35.91,31.193,99.969,0.0,0.897,0.5,0.2918,200.241,3.0997,0.0
946.0,run_20260920_095433,,driving,driving,35.891,31.217,99.969,0.0,0.897,0.5,0.5026,200.744,3.104,0.0
947.0,run_20260920_095433,,driving,driving,35.872,31.24,99.969,0.0,0.897,0.5,0.5038,201.247,3.1082,0.0
948.0,run_20260920_095433,,driving,driving,35.852,31.262,99.969,0.0,0.886,0.493,0.4979,201.745,3.1125,0.0
949.0,run_20260920_095433,,driving,driving,35.833,31.285,99.969,0.0,0.895,0.499,0.499,202.244,3.1167,0.0
950.004,run_20260920_095433,,driving,driving,35.815,31.308,99.969,0.0,0.897,0.5,0.4765,202.721,3.1208,0.0
951.024,run_20260920_095433,,driving,driving,35.795,31.332,99.969,0.0,0.897,0.5,0.4998,203.221,3.1251,0.0
952.0,run_20260920_095433,,driving,driving,35.776,31.354,99.969,0.0,0.889,0.495,0.5031,203.724,3.1293,0.0
953.0,run_20260920_095433,,driving,driving,35.757,31.377,99.969,0.0,0.897,0.5,0.5025,204.226,3.1335,0.0
954.004,run_20260920_095433,,driving,driving,35.737,31.4,99.969,0.0,0.897,0.5,0.503,204.729,3.1378,0.0
955.004,run_20260920_095433,,driving,driving,35.719,31.422,99.969,0.0,0.896,0.499,0.4859,205.215,3.1419,0.0
956.0,run_20260920_095433,,driving,driving,35.699,31.445,99.969,0.0,0.884,0.492,0.5028,205.718,3.1462,0.0
957.0,run_20260920_095433,,driving,driving,35.68,31.467,99.968,0.0,0.885,0.493,0.5023,206.22,3.1504,0.0
958.0,run_20260920_095433,,driving,driving,35.661,31.49,99.968,0.0,0.897,0.5,0.5036,206.724,3.1547,0.0
959.0,run_20260920_095433,,driving,driving,35.642,31.513,99.968,0.0,0.897,0.5,0.485,207.209,3.1588,0.0
960.004,run_20260920_095433,,driving,driving,35.622,31.535,99.968,0.0,0.897,0.5,0.5032,207.712,3.1631,0.0
961.008,run_20260920_095433,,driving,driving,35.611,31.531,99.968,0.0,0.179,0.1,0.1596,207.872,3.1656,0.0
962.004,run_20260920_095433,,driving,driving,35.601,31.528,99.968,0.0,0.179,0.1,0.1008,207.973,3.1677,0.0
963.0,run_20260920_095433,,driving,driving,35.591,31.524,99.968,0.0,0.179,0.1,0.0972,208.07,3.1699,0.0
964.0,run_20260920_095433,,driving,driving,35.582,31.515,99.968,0.0,0.032,0.018,0.0956,208.165,3.172,0.0
965.0,run_20260920_095433,,driving,driving,35.565,31.537,99.968,0.0,0.894,0.498,0.3763,208.542,3.1756,0.0
966.0,run_20260920_095433,,driving,driving,35.546,31.56,99.968,0.0,0.897,0.5,0.5035,209.045,3.1799,0.0
967.0,run_20260920_095433,,driving,driving,35.527,31.583,99.968,0.0,0.895,0.499,0.5036,209.549,3.1841,0.0
968.004,run_20260920_095433,,driving,driving,35.508,31.605,99.968,0.0,0.896,0.499,0.4848,210.033,3.1883,0.0
969.0,run_20260920_095433,,driving,driving,35.488,31.628,99.968,0.0,0.895,0.499,0.4997,210.533,3.1925,0.0
970.0,run_20260920_095433,,driving,driving,35.469,31.65,99.968,0.0,0.897,0.5,0.5037,211.037,3.1968,0.0
971.0,run_20260920_095433,,driving,driving,35.45,31.672,99.968,0.0,0.866,0.483,0.4986,211.535,3.201,0.0
972.0,run_20260920_095433,,driving,driving,35.431,31.693,99.968,0.0,0.866,0.482,0.4782,212.014,3.2051,0.0
973.008,run_20260920_095433,,driving,driving,35.412,31.716,99.968,0.0,0.897,0.5,0.5004,212.514,3.2094,0.0
974.0,run_20260920_095433,,driving,driving,35.393,31.738,99.968,0.0,0.888,0.495,0.5015,213.016,3.2136,0.0
975.0,run_20260920_095433,,driving,driving,35.373,31.76,99.968,0.0,0.892,0.497,0.4995,213.515,3.2178,0.0
976.0,run_20260920_095433,,driving,driving,35.354,31.782,99.968,0.0,0.889,0.495,0.4997,214.015,3.2221,0.0
977.0,run_20260920_095433,,driving,driving,35.335,31.804,99.968,0.0,0.888,0.495,0.4808,214.496,3.2262,0.0
978.0,run_20260920_095433,,driving,driving,35.316,31.827,99.968,0.0,0.897,0.5,0.5014,214.997,3.2305,0.0
979.0,run_20260920_095433,,driving,driving,35.298,31.841,99.968,0.0,0.666,0.371,0.4498,215.447,3.2344,0.0
980.0,run_20260920_095433,,loading,loading,35.286,31.83,99.968,0.0,0.0,0.0,0.2037,215.65,3.2371,0.0
981.0,run_20260920_095433,,loading,loading,35.278,31.819,99.968,0.0,0.0,0.0,0.0,215.65,3.2388,0.0
982.012,run_20260920_095433,,loading,loading,35.27,31.808,99.968,0.0,0.0,0.0,0.0,215.65,3.2405,0.0
983.0,run_20260920_095433,,loading,loading,35.263,31.797,99.968,0.0,0.0,0.0,0.0,215.65,3.2421,0.0
984.0,run_20260920_095433,,loading,loading,35.255,31.787,99.968,0.0,0.0,0.0,0.0,215.65,3.2438,0.0
985.0,run_20260920_095433,,loading,loading,35.248,31.776,99.968,0.0,0.0,0.0,0.0,215.65,3.2455,0.0
986.0,run_20260920_095433,,loading,loading,35.24,31.765,99.968,0.0,0.0,0.0,0.0,215.65,3.2471,0.0
987.0,run_20260920_095433,,loading,loading,35.233,31.754,99.968,0.0,0.0,0.0,0.0,215.65,3.2488,0.0
988.0,run_20260920_095433,,loading,loading,35.225,31.744,99.967,0.0,0.0,0.0,0.0,215.65,3.2505,0.0
989.0,run_20260920_095433,,loading,loading,35.218,31.733,99.967,0.0,0.0,0.0,0.0,215.65,3.2521,0.0
990.0,run_20260920_095433,,loading,loading,35.21,31.722,99.967,0.0,0.0,0.0,0.0,215.65,3.2538,0.0
991.0,run_20260920_095433,,loading,loading,35.202,31.711,99.967,0.0,0.0,0.0,0.0,215.65,3.2555,0.0
992.0,run_20260920_095433,,loading,loading,35.195,31.701,99.967,0.0,0.0,0.0,0.0,215.65,3.2571,0.0
993.0,run_20260920_095433,,loading,loading,35.187,31.69,99.967,0.0,0.0,0.0,0.0,215.65,3.2588,0.0
994.0,run_20260920_095433,,loading,loading,35.18,31.679,99.967,0.0,0.0,0.0,0.0,215.65,3.2605,0.0
995.0,run_20260920_095433,,loading,loading,35.172,31.669,99.967,0.0,0.0,0.0,0.0,215.65,3.2621,0.0
996.0,run_20260920_095433,,loading,loading,35.165,31.658,99.967,0.0,0.0,0.0,0.0,215.65,3.2638,0.0
997.0,run_20260920_095433,,loading,loading,35.157,31.648,99.967,0.0,0.0,0.0,0.0,215.65,3.2655,0.0
998.0,run_20260920_095433,,loading,loading,35.149,31.637,99.967,0.0,0.0,0.0,0.0,215.65,3.2671,0.0
999.004,run_20260920_095433,,loading,loading,35.142,31.626,99.967,0.0,0.0,0.0,0.0,215.65,3.2688,0.0
1000.0,run_20260920_095433,,loading,loading,35.134,31.616,99.967,0.0,0.0,0.0,0.0,215.65,3.2705,0.0
1001.0,run_20260920_095433,,loading,loading,35.127,31.605,99.967,0.0,0.0,0.0,0.0,215.65,3.2721,0.0
1002.0,run_20260920_095433,,loading,loading,35.119,31.595,99.967,0.0,0.0,0.0,0.0,215.65,3.2738,0.0
1003.0,run_20260920_095433,,loading,loading,35.111,31.584,99.967,0.0,0.0,0.0,0.0,215.65,3.2755,0.0
1004.0,run_20260920_095433,,loading,loading,35.104,31.574,99.967,0.0,0.0,0.0,0.0,215.65,3.2771,0.0
1005.0,run_20260920_095433,,loading,loading,35.096,31.563,99.967,0.0,0.0,0.0,0.0,215.65,3.2788,0.0
1006.0,run_20260920_095433,,loading,loading,35.089,31.552,99.967,0.0,0.0,0.0,0.0,215.65,3.2805,0.0
1007.0,run_20260920_095433,,loading,loading,35.081,31.542,99.967,0.0,0.0,0.0,0.0,215.65,3.2821,0.0
1008.0,run_20260920_095433,,loading,loading,35.074,31.531,99.967,0.0,0.0,0.0,0.0,215.65,3.2838,0.0
1009.0,run_20260920_095433,,loading,loading,35.066,31.521,99.967,0.0,0.0,0.0,0.0,215.65,3.2855,0.0
1010.0,run_20260920_095433,,loading,loading,35.058,31.511,99.967,0.0,0.0,0.0,0.0,215.65,3.2871,0.0
1011.0,run_20260920_095433,,waiting,waiting,35.051,31.5,99.967,1.7999999523162842,0.0,0.0,0.0,215.65,3.2888,0.0
1012.0,run_20260920_095433,,driving,driving,35.039,31.504,99.967,1.7999999523162842,0.36,0.201,0.1261,215.777,3.2914,0.0
1013.0,run_20260920_095433,,driving,driving,35.029,31.496,99.967,1.7999999523162842,0.061,0.034,0.0896,215.866,3.2937,0.0
1014.0,run_20260920_095433,,driving,driving,35.018,31.505,99.967,1.7999999523162842,0.486,0.271,0.0941,215.96,3.2961,0.0
1015.0,run_20260920_095433,,driving,driving,34.995,31.53,99.967,1.7999999523162842,0.881,0.491,0.4601,216.42,3.3011,0.0
1016.0,run_20260920_095433,,driving,driving,34.971,31.555,99.967,1.7999999523162842,0.868,0.484,0.4931,216.913,3.3063,0.0
1017.0,run_20260920_095433,,driving,driving,34.947,31.581,99.967,1.7999999523162842,0.896,0.499,0.4982,217.412,3.3116,0.0
1018.0,run_20260920_095433,,driving,driving,34.924,31.605,99.967,1.7999999523162842,0.87,0.485,0.4788,217.891,3.3168,0.0
1019.0,run_20260920_095433,,driving,driving,34.9,31.63,99.967,1.7999999523162842,0.892,0.497,0.496,218.387,3.322,0.0
1020.0,run_20260920_095433,,driving,driving,34.876,31.655,99.967,1.7999999523162842,0.883,0.492,0.5003,218.887,3.3274,0.0
1021.0,run_20260920_095433,,driving,driving,34.852,31.681,99.967,1.7999999523162842,0.894,0.498,0.4955,219.382,3.3326,0.0
1022.0,run_20260920_095433,,driving,driving,34.828,31.706,99.967,1.7999999523162842,0.895,0.498,0.4843,219.867,3.3378,0.0
1023.0,run_20260920_095433,,driving,driving,34.804,31.732,99.967,1.7999999523162842,0.897,0.5,0.5036,220.37,3.3431,0.0
1024.0,run_20260920_095433,,driving,driving,34.78,31.757,99.967,1.7999999523162842,0.897,0.5,0.5035,220.874,3.3485,0.0
1025.0,run_20260920_095433,,driving,driving,34.755,31.783,99.966,1.7999999523162842,0.897,0.5,0.5036,221.377,3.3538,0.0
1026.0,run_20260920_095433,,driving,driving,34.732,31.808,99.966,1.7999999523162842,0.897,0.5,0.4857,221.863,3.359,0.0
1027.0,run_20260920_095433,,driving,driving,34.707,31.834,99.966,1.7999999523162842,0.897,0.5,0.5039,222.367,3.3644,0.0
1028.004,run_20260920_095433,,driving,driving,34.683,31.859,99.966,1.7999999523162842,0.897,0.5,0.504,222.871,3.3697,0.0
1029.0,run_20260920_095433,,driving,driving,34.659,31.884,99.966,1.7999999523162842,0.896,0.499,0.5024,223.373,3.375,0.0
1030.0,run_20260920_095433,,driving,driving,34.635,31.91,99.966,1.7999999523162842,0.897,0.5,0.5027,223.876,3.3803,0.0
1031.0,run_20260920_095433,,driving,driving,34.611,31.935,99.966,1.7999999523162842,0.891,0.496,0.4857,224.362,3.3855,0.0
1032.0,run_20260920_095433,,driving,driving,34.587,31.96,99.966,1.7999999523162842,0.897,0.5,0.5028,224.865,3.3909,0.0
1033.0,run_20260920_095433,,driving,driving,34.564,31.978,99.966,1.7999999523162842,0.712,0.397,0.478,225.342,3.396,0.0
1034.0,run_20260920_095433,,driving,driving,34.546,31.98,99.966,1.7999999523162842,0.337,0.188,0.3119,225.654,3.4,0.0
1035.0,run_20260920_095433,,driving,driving,34.536,31.973,99.966,1.7999999523162842,0.098,0.055,0.065,225.719,3.4021,0.0
1036.0,run_20260920_095433,,unloading,unloading,34.527,31.962,99.966,1.7999999523162842,0.0,0.0,0.0535,225.773,3.4042,0.0
1037.0,run_20260920_095433,,unloading,unloading,34.519,31.951,99.966,1.7999999523162842,0.0,0.0,0.0,225.773,3.4058,0.0
1038.0,run_20260920_095433,,unloading,unloading,34.511,31.94,99.966,1.7999999523162842,0.0,0.0,0.0,225.773,3.4075,0.0
1039.0,run_20260920_095433,,unloading,unloading,34.504,31.929,99.966,1.7999999523162842,0.0,0.0,0.0,225.773,3.4092,0.0
1040.008,run_20260920_095433,,unloading,unloading,34.496,31.918,99.966,1.7999999523162842,0.0,0.0,0.0,225.773,3.4108,0.0
1041.0,run_20260920_095433,,unloading,unloading,34.489,31.908,99.966,1.7999999523162842,0.0,0.0,0.0,225.773,3.4125,0.0
1042.0,run_20260920_095433,,unloading,unloading,34.481,31.897,99.966,1.7999999523162842,0.0,0.0,0.0,225.773,3.4142,0.0
1043.0,run_20260920_095433,,unloading,unloading,34.473,31.886,99.966,1.7999999523162842,0.0,0.0,0.0,225.773,3.4158,0.0
1044.0,run_20260920_095433,,unloading,unloading,34.466,31.875,99.966,1.7999999523162842,0.0,0.0,0.0,225.773,3.4175,0.0
1045.0,run_20260920_095433,,unloading,unloading,34.458,31.864,99.966,1.7999999523162842,0.0,0.0,0.0,225.773,3.4192,0.0
1046.0,run_20260920_095433,,unloading,unloading,34.451,31.853,99.966,1.7999999523162842,0.0,0.0,0.0,225.773,3.4208,0.0
1047.0,run_20260920_095433,,unloading,unloading,34.443,31.842,99.966,1.7999999523162842,0.0,0.0,0.0,225.773,3.4225,0.0
1048.0,run_20260920_095433,,unloading,unloading,34.436,31.832,99.966,1.7999999523162842,0.0,0.0,0.0,225.773,3.4242,0.0
1049.0,run_20260920_095433,,unloading,unloading,34.428,31.821,99.966,1.7999999523162842,0.0,0.0,0.0,225.773,3.4258,0.0
1050.0,run_20260920_095433,,unloading,unloading,34.42,31.81,99.966,1.7999999523162842,0.0,0.0,0.0,225.773,3.4275,0.0
1051.0,run_20260920_095433,,unloading,unloading,34.413,31.799,99.966,1.7999999523162842,0.0,0.0,0.0,225.773,3.4292,0.0
1052.0,run_20260920_095433,,unloading,unloading,34.405,31.788,99.966,1.7999999523162842,0.0,0.0,0.0,225.773,3.4308,0.0
1053.0,run_20260920_095433,,unloading,unloading,34.398,31.778,99.966,1.7999999523162842,0.0,0.0,0.0,225.773,3.4325,0.0
1054.0,run_20260920_095433,,unloading,unloading,34.39,31.767,99.966,1.7999999523162842,0.0,0.0,0.0,225.773,3.4342,0.0
1055.0,run_20260920_095433,,unloading,unloading,34.383,31.756,99.966,1.7999999523162842,0.0,0.0,0.0,225.773,3.4358,0.0
1056.0,run_20260920_095433,,unloading,unloading,34.375,31.745,99.966,1.7999999523162842,0.0,0.0,0.0,225.773,3.4375,0.0
1057.0,run_20260920_095433,,unloading,unloading,34.367,31.735,99.966,1.7999999523162842,0.0,0.0,0.0,225.773,3.4392,0.0
1058.0,run_20260920_095433,,unloading,unloading,34.36,31.724,99.966,1.7999999523162842,0.0,0.0,0.0,225.773,3.4408,0.0
1059.0,run_20260920_095433,,unloading,unloading,34.352,31.713,99.966,1.7999999523162842,0.0,0.0,0.0,225.773,3.4425,0.0
1060.0,run_20260920_095433,,unloading,unloading,34.345,31.703,99.966,1.7999999523162842,0.0,0.0,0.0,225.773,3.4442,0.0
1061.0,run_20260920_095433,,unloading,unloading,34.337,31.692,99.966,1.7999999523162842,0.0,0.0,0.0,225.773,3.4458,0.0
1062.0,run_20260920_095433,,unloading,unloading,34.33,31.681,99.966,1.7999999523162842,0.0,0.0,0.0,225.773,3.4475,0.0
1063.0,run_20260920_095433,,unloading,unloading,34.322,31.671,99.966,1.7999999523162842,0.0,0.0,0.0,225.773,3.4492,0.0
1064.0,run_20260920_095433,,unloading,unloading,34.314,31.66,99.965,1.7999999523162842,0.0,0.0,0.0,225.773,3.4508,0.0
1065.0,run_20260920_095433,,unloading,unloading,34.307,31.649,99.965,1.7999999523162842,0.0,0.0,0.0,225.773,3.4525,0.0
1066.0,run_20260920_095433,,unloading,unloading,34.299,31.639,99.965,1.7999999523162842,0.0,0.0,0.0,225.773,3.4542,0.0
1067.004,run_20260920_095433,,waiting,waiting,34.292,31.628,99.965,0.0,0.0,0.0,0.0,225.773,3.4558,0.0
1068.0,run_20260920_095433,,driving,driving,34.283,31.623,99.965,0.0,0.157,0.088,0.0379,225.811,3.4577,0.0
1069.0,run_20260920_095433,,driving,driving,34.271,31.641,99.965,0.0,0.755,0.421,0.2054,226.016,3.4604,0.0
1070.0,run_20260920_095433,,driving,driving,34.252,31.663,99.965,0.0,0.88,0.49,0.48,226.496,3.4645,0.0
1071.0,run_20260920_095433,,driving,driving,34.233,31.685,99.965,0.0,0.897,0.5,0.4793,226.975,3.4687,0.0
1072.0,run_20260920_095433,,driving,driving,34.214,31.708,99.965,0.0,0.897,0.5,0.503,227.478,3.4729,0.0
1073.0,run_20260920_095433,,driving,driving,34.195,31.73,99.965,0.0,0.897,0.5,0.5038,227.982,3.4772,0.0
1074.0,run_20260920_095433,,driving,driving,34.175,31.753,99.965,0.0,0.897,0.5,0.5025,228.485,3.4814,0.0
1075.0,run_20260920_095433,,driving,driving,34.156,31.775,99.965,0.0,0.897,0.5,0.5025,228.987,3.4857,0.0
1076.0,run_20260920_095433,,driving,driving,34.137,31.798,99.965,0.0,0.897,0.5,0.486,229.473,3.4898,0.0
1077.0,run_20260920_095433,,driving,driving,34.118,31.82,99.965,0.0,0.887,0.494,0.5015,229.975,3.4941,0.0
1078.0,run_20260920_095433,,driving,driving,34.099,31.841,99.965,0.0,0.874,0.487,0.4949,230.47,3.4983,0.0
1079.0,run_20260920_095433,,driving,driving,34.08,31.86,99.965,0.0,0.805,0.448,0.4679,230.938,3.5024,0.0
1080.0,run_20260920_095433,,driving,driving,34.063,31.879,99.965,0.0,0.798,0.445,0.4146,231.352,3.5061,0.0
1081.0,run_20260920_095433,,driving,driving,34.044,31.898,99.965,0.0,0.822,0.458,0.4684,231.821,3.5102,0.0
1082.0,run_20260920_095433,,driving,driving,34.025,31.921,99.965,0.0,0.897,0.5,0.4975,232.318,3.5144,0.0
1083.0,run_20260920_095433,,driving,driving,34.006,31.943,99.965,0.0,0.897,0.5,0.5039,232.822,3.5187,0.0
1084.0,run_20260920_095433,,driving,driving,33.987,31.965,99.965,0.0,0.892,0.497,0.5013,233.323,3.5229,0.0
1085.0,run_20260920_095433,,driving,driving,33.968,31.987,99.965,0.0,0.897,0.5,0.4853,233.809,3.5271,0.0
1086.0,run_20260920_095433,,driving,driving,33.948,32.009,99.965,0.0,0.883,0.492,0.5029,234.311,3.5314,0.0
1087.0,run_20260920_095433,,driving,driving,33.929,32.031,99.965,0.0,0.887,0.494,0.5017,234.813,3.5356,0.0
1088.004,run_20260920_095433,,driving,driving,33.91,32.045,99.965,0.0,0.692,0.386,0.4703,235.283,3.5397,0.0
1089.0,run_20260920_095433,,driving,driving,33.896,32.034,99.965,0.0,0.0,0.0,0.2779,235.561,3.5428,0.0
1090.0,run_20260920_095433,,loading,loading,33.889,32.023,99.965,0.0,0.0,0.0,0.0,235.561,3.5444,0.0
1091.0,run_20260920_095433,,loading,loading,33.881,32.012,99.965,0.0,0.0,0.0,0.0,235.561,3.5461,0.0
1092.0,run_20260920_095433,,loading,loading,33.874,32.001,99.965,0.0,0.0,0.0,0.0,235.561,3.5478,0.0
1093.0,run_20260920_095433,,loading,loading,33.866,31.99,99.965,0.0,0.0,0.0,0.0,235.561,3.5494,0.0
1094.0,run_20260920_095433,,loading,loading,33.859,31.979,99.964,0.0,0.0,0.0,0.0,235.561,3.5511,0.0
1095.004,run_20260920_095433,,loading,loading,33.851,31.968,99.964,0.0,0.0,0.0,0.0,235.561,3.5528,0.0
1096.0,run_20260920_095433,,loading,loading,33.843,31.957,99.964,0.0,0.0,0.0,0.0,235.561,3.5544,0.0
1097.0,run_20260920_095433,,loading,loading,33.836,31.947,99.964,0.0,0.0,0.0,0.0,235.561,3.5561,0.0
1098.0,run_20260920_095433,,loading,loading,33.828,31.936,99.964,0.0,0.0,0.0,0.0,235.561,3.5578,0.0
1099.004,run_20260920_095433,,loading,loading,33.821,31.925,99.964,0.0,0.0,0.0,0.0,235.561,3.5595,0.0
1100.0,run_20260920_095433,,loading,loading,33.813,31.914,99.964,0.0,0.0,0.0,0.0,235.561,3.5611,0.0
1101.0,run_20260920_095433,,loading,loading,33.806,31.903,99.964,0.0,0.0,0.0,0.0,235.561,3.5628,0.0
1102.0,run_20260920_095433,,loading,loading,33.798,31.892,99.964,0.0,0.0,0.0,0.0,235.561,3.5644,0.0
1103.0,run_20260920_095433,,loading,loading,33.79,31.881,99.964,0.0,0.0,0.0,0.0,235.561,3.5661,0.0
1104.0,run_20260920_095433,,loading,loading,33.783,31.87,99.964,0.0,0.0,0.0,0.0,235.561,3.5678,0.0
1105.0,run_20260920_095433,,loading,loading,33.775,31.859,99.964,0.0,0.0,0.0,0.0,235.561,3.5694,0.0
1106.0,run_20260920_095433,,loading,loading,33.768,31.848,99.964,0.0,0.0,0.0,0.0,235.561,3.5711,0.0
1107.0,run_20260920_095433,,loading,loading,33.76,31.838,99.964,0.0,0.0,0.0,0.0,235.561,3.5728,0.0
1108.0,run_20260920_095433,,loading,loading,33.753,31.827,99.964,0.0,0.0,0.0,0.0,235.561,3.5744,0.0
1109.0,run_20260920_095433,,loading,loading,33.745,31.816,99.964,0.0,0.0,0.0,0.0,235.561,3.5761,0.0
1110.0,run_20260920_095433,,loading,loading,33.737,31.805,99.964,0.0,0.0,0.0,0.0,235.561,3.5778,0.0
1111.0,run_20260920_095433,,loading,loading,33.73,31.794,99.964,0.0,0.0,0.0,0.0,235.561,3.5794,0.0
1112.0,run_20260920_095433,,loading,loading,33.722,31.784,99.964,0.0,0.0,0.0,0.0,235.561,3.5811,0.0
1113.0,run_20260920_095433,,loading,loading,33.715,31.773,99.964,0.0,0.0,0.0,0.0,235.561,3.5828,0.0
1114.0,run_20260920_095433,,loading,loading,33.707,31.762,99.964,0.0,0.0,0.0,0.0,235.561,3.5844,0.0
1115.0,run_20260920_095433,,loading,loading,33.699,31.751,99.964,0.0,0.0,0.0,0.0,235.561,3.5861,0.0
1116.0,run_20260920_095433,,loading,loading,33.692,31.741,99.964,0.0,0.0,0.0,0.0,235.561,3.5878,0.0
1117.0,run_20260920_095433,,loading,loading,33.684,31.73,99.964,0.0,0.0,0.0,0.0,235.561,3.5894,0.0
1118.0,run_20260920_095433,,loading,loading,33.677,31.719,99.964,0.0,0.0,0.0,0.0,235.561,3.5911,0.0
1119.0,run_20260920_095433,,loading,loading,33.669,31.709,99.964,0.0,0.0,0.0,0.0,235.561,3.5928,0.0
1120.0,run_20260920_095433,,waiting,waiting,33.662,31.698,99.964,3.200000047683716,0.0,0.0,0.0,235.561,3.5944,0.0
1121.0,run_20260920_095433,,driving,driving,33.653,31.698,99.964,3.200000047683716,0.252,0.14,0.0246,235.586,3.5963,0.0
1122.004,run_20260920_095433,,driving,driving,33.639,31.687,99.964,3.200000047683716,0.0,0.0,0.1593,235.745,3.5994,0.0
1123.0,run_20260920_095433,,driving,driving,33.626,31.687,99.964,3.200000047683716,0.247,0.137,0.1424,235.888,3.6024,0.0
1124.0,run_20260920_095433,,driving,driving,33.617,31.678,99.964,3.200000047683716,0.038,0.021,0.0342,235.922,3.6043,0.0
1125.0,run_20260920_095433,,driving,driving,33.599,31.706,99.964,3.200000047683716,0.897,0.5,0.24,236.162,3.6082,0.0
1126.004,run_20260920_095433,,driving,driving,33.571,31.734,99.964,3.200000047683716,0.893,0.497,0.5037,236.665,3.6143,0.0
1127.0,run_20260920_095433,,driving,driving,33.543,31.762,99.964,3.200000047683716,0.897,0.5,0.503,237.168,3.6205,0.0
1128.0,run_20260920_095433,,driving,driving,33.515,31.788,99.964,3.200000047683716,0.868,0.484,0.5013,237.67,3.6266,0.0
1129.0,run_20260920_095433,,driving,driving,33.488,31.816,99.964,3.200000047683716,0.894,0.498,0.4877,238.157,3.6327,0.0
1130.0,run_20260920_095433,,driving,driving,33.461,31.843,99.964,3.200000047683716,0.891,0.496,0.4824,238.64,3.6387,0.0
1131.0,run_20260920_095433,,driving,driving,33.433,31.869,99.964,3.200000047683716,0.85,0.474,0.4908,239.131,3.6447,0.0
1132.0,run_20260920_095433,,driving,driving,33.406,31.895,99.963,3.200000047683716,0.868,0.483,0.4825,239.613,3.6507,0.0
1133.0,run_20260920_095433,,driving,driving,33.378,31.92,99.963,3.200000047683716,0.834,0.464,0.4907,240.104,3.6568,0.0
1134.004,run_20260920_095433,,driving,driving,33.351,31.947,99.963,3.200000047683716,0.877,0.489,0.4855,240.589,3.6628,0.0
1135.0,run_20260920_095433,,driving,driving,33.324,31.974,99.963,3.200000047683716,0.89,0.496,0.4848,241.074,3.6688,0.0
1136.0,run_20260920_095433,,driving,driving,33.296,32.002,99.963,3.200000047683716,0.897,0.5,0.5012,241.575,3.6749,0.0
1137.0,run_20260920_095433,,driving,driving,33.268,32.028,99.963,3.200000047683716,0.878,0.489,0.5017,242.077,3.6811,0.0
1138.004,run_20260920_095433,,driving,driving,33.24,32.055,99.963,3.200000047683716,0.881,0.491,0.4918,242.569,3.6872,0.0
1139.0,run_20260920_095433,,driving,driving,33.213,32.082,99.963,3.200000047683716,0.895,0.498,0.4806,243.049,3.6932,0.0
1140.0,run_20260920_095433,,driving,driving,33.185,32.109,99.963,3.200000047683716,0.888,0.495,0.4955,243.545,3.6993,0.0
1141.0,run_20260920_095433,,driving,driving,33.157,32.136,99.963,3.200000047683716,0.875,0.487,0.4986,244.043,3.7054,0.0
1142.0,run_20260920_095433,,driving,driving,33.129,32.163,99.963,3.200000047683716,0.892,0.497,0.5002,244.544,3.7115,0.0
1143.0,run_20260920_095433,,driving,driving,33.103,32.182,99.963,3.200000047683716,0.701,0.391,0.4516,244.995,3.7173,0.0
1144.0,run_20260920_095433,,driving,driving,33.084,32.184,99.963,3.200000047683716,0.302,0.168,0.287,245.282,3.7215,0.0
1145.0,run_20260920_095433,,driving,driving,33.074,32.174,99.963,3.200000047683716,0.047,0.026,0.0572,245.339,3.7237,0.0
1146.0,run_20260920_095433,,driving,driving,33.065,32.163,99.963,3.200000047683716,0.0,0.0,0.0405,245.38,3.7257,0.0
1147.0,run_20260920_095433,,unloading,unloading,33.057,32.152,99.963,3.200000047683716,0.0,0.0,0.0,245.38,3.7274,0.0
1148.0,run_20260920_095433,,unloading,unloading,33.05,32.141,99.963,3.200000047683716,0.0,0.0,0.0,245.38,3.729,0.0
1149.0,run_20260920_095433,,unloading,unloading,33.042,32.13,99.963,3.200000047683716,0.0,0.0,0.0,245.38,3.7307,0.0
1150.0,run_20260920_095433,,unloading,unloading,33.035,32.119,99.963,3.200000047683716,0.0,0.0,0.0,245.38,3.7324,0.0
1151.0,run_20260920_095433,,unloading,unloading,33.027,32.107,99.963,3.200000047683716,0.0,0.0,0.0,245.38,3.734,0.0
1152.0,run_20260920_095433,,unloading,unloading,33.02,32.096,99.963,3.200000047683716,0.0,0.0,0.0,245.38,3.7357,0.0
1153.0,run_20260920_095433,,unloading,unloading,33.012,32.085,99.963,3.200000047683716,0.0,0.0,0.0,245.38,3.7374,0.0
1154.0,run_20260920_095433,,unloading,unloading,33.004,32.074,99.963,3.200000047683716,0.0,0.0,0.0,245.38,3.739,0.0
1155.0,run_20260920_095433,,unloading,unloading,32.997,32.063,99.963,3.200000047683716,0.0,0.0,0.0,245.38,3.7407,0.0
1156.0,run_20260920_095433,,unloading,unloading,32.989,32.052,99.963,3.200000047683716,0.0,0.0,0.0,245.38,3.7424,0.0
1157.0,run_20260920_095433,,unloading,unloading,32.982,32.041,99.963,3.200000047683716,0.0,0.0,0.0,245.38,3.744,0.0
1158.0,run_20260920_095433,,unloading,unloading,32.974,32.03,99.963,3.200000047683716,0.0,0.0,0.0,245.38,3.7457,0.0
1159.0,run_20260920_095433,,unloading,unloading,32.967,32.019,99.963,3.200000047683716,0.0,0.0,0.0,245.38,3.7474,0.0
1160.0,run_20260920_095433,,unloading,unloading,32.959,32.008,99.963,3.200000047683716,0.0,0.0,0.0,245.38,3.749,0.0
1161.0,run_20260920_095433,,unloading,unloading,32.951,31.997,99.962,3.200000047683716,0.0,0.0,0.0,245.38,3.7507,0.0
1162.0,run_20260920_095433,,unloading,unloading,32.944,31.986,99.962,3.200000047683716,0.0,0.0,0.0,245.38,3.7524,0.0
1163.0,run_20260920_095433,,unloading,unloading,32.936,31.975,99.962,3.200000047683716,0.0,0.0,0.0,245.38,3.754,0.0
1164.0,run_20260920_095433,,unloading,unloading,32.929,31.964,99.962,3.200000047683716,0.0,0.0,0.0,245.38,3.7557,0.0
1165.0,run_20260920_095433,,unloading,unloading,32.921,31.953,99.962,3.200000047683716,0.0,0.0,0.0,245.38,3.7574,0.0
1166.0,run_20260920_095433,,unloading,unloading,32.913,31.942,99.962,3.200000047683716,0.0,0.0,0.0,245.38,3.759,0.0
1167.0,run_20260920_095433,,unloading,unloading,32.906,31.931,99.962,3.200000047683716,0.0,0.0,0.0,245.38,3.7607,0.0
1168.0,run_20260920_095433,,unloading,unloading,32.898,31.92,99.962,3.200000047683716,0.0,0.0,0.0,245.38,3.7624,0.0
1169.0,run_20260920_095433,,unloading,unloading,32.891,31.909,99.962,3.200000047683716,0.0,0.0,0.0,245.38,3.764,0.0
1170.0,run_20260920_095433,,unloading,unloading,32.883,31.898,99.962,3.200000047683716,0.0,0.0,0.0,245.38,3.7657,0.0
1171.0,run_20260920_095433,,unloading,unloading,32.876,31.887,99.962,3.200000047683716,0.0,0.0,0.0,245.38,3.7674,0.0
1172.0,run_20260920_095433,,unloading,unloading,32.868,31.877,99.962,3.200000047683716,0.0,0.0,0.0,245.38,3.769,0.0
1173.0,run_20260920_095433,,unloading,unloading,32.86,31.866,99.962,3.200000047683716,0.0,0.0,0.0,245.38,3.7707,0.0
1174.0,run_20260920_095433,,unloading,unloading,32.853,31.855,99.962,3.200000047683716,0.0,0.0,0.0,245.38,3.7724,0.0
1175.0,run_20260920_095433,,unloading,unloading,32.845,31.844,99.962,3.200000047683716,0.0,0.0,0.0,245.38,3.774,0.0
1176.0,run_20260920_095433,,unloading,unloading,32.838,31.833,99.962,3.200000047683716,0.0,0.0,0.0,245.38,3.7757,0.0
1177.0,run_20260920_095433,,waiting,waiting,32.83,31.822,99.962,0.0,0.0,0.0,0.0,245.38,3.7774,0.0
1178.0,run_20260920_095433,,driving,driving,32.822,31.817,99.962,0.0,0.146,0.081,0.0318,245.412,3.7792,0.0
1179.0,run_20260920_095433,,driving,driving,32.808,31.839,99.962,0.0,0.897,0.5,0.282,245.694,3.7823,0.0
1180.0,run_20260920_095433,,driving,driving,32.788,31.862,99.962,0.0,0.892,0.497,0.5029,246.196,3.7866,0.0
1181.0,run_20260920_095433,,driving,driving,32.769,31.884,99.962,0.0,0.893,0.498,0.5027,246.699,3.7908,0.0
1182.0,run_20260920_095433,,driving,driving,32.75,31.906,99.962,0.0,0.897,0.5,0.5028,247.202,3.7951,0.0
1183.0,run_20260920_095433,,driving,driving,32.73,31.928,99.962,0.0,0.895,0.499,0.5024,247.704,3.7993,0.0
1184.0,run_20260920_095433,,driving,driving,32.711,31.951,99.962,0.0,0.897,0.5,0.4857,248.19,3.8035,0.0
1185.0,run_20260920_095433,,driving,driving,32.692,31.973,99.962,0.0,0.889,0.496,0.5021,248.692,3.8077,0.0
1186.0,run_20260920_095433,,driving,driving,32.673,31.995,99.962,0.0,0.897,0.5,0.5008,249.193,3.812,0.0
1187.0,run_20260920_095433,,driving,driving,32.654,32.017,99.962,0.0,0.886,0.493,0.5015,249.694,3.8162,0.0
1188.0,run_20260920_095433,,driving,driving,32.635,32.039,99.962,0.0,0.894,0.498,0.4835,250.178,3.8204,0.0
1189.0,run_20260920_095433,,driving,driving,32.616,32.059,99.962,0.0,0.858,0.478,0.4877,250.666,3.8245,0.0
1190.0,run_20260920_095433,,driving,driving,32.606,32.048,99.962,0.0,0.0,0.0,0.0722,250.738,3.8266,0.0
1191.0,run_20260920_095433,,driving,driving,32.592,32.067,99.962,0.0,0.809,0.451,0.2882,251.026,3.8297,0.0
1192.0,run_20260920_095433,,driving,driving,32.574,32.081,99.962,0.0,0.672,0.374,0.4454,251.471,3.8337,0.0
1193.0,run_20260920_095433,,driving,driving,32.561,32.078,99.962,0.0,0.229,0.128,0.2466,251.718,3.8366,0.0
1194.0,run_20260920_095433,,driving,driving,32.553,32.07,99.962,0.0,0.065,0.036,0.0329,251.751,3.8384,0.0
1195.0,run_20260920_095433,,loading,loading,32.545,32.059,99.962,0.0,0.0,0.0,0.0079,251.759,3.8402,0.0
1196.0,run_20260920_095433,,loading,loading,32.537,32.048,99.962,0.0,0.0,0.0,0.0,251.759,3.8418,0.0
1197.0,run_20260920_095433,,loading,loading,32.53,32.036,99.962,0.0,0.0,0.0,0.0,251.759,3.8435,0.0
1198.0,run_20260920_095433,,loading,loading,32.522,32.025,99.962,0.0,0.0,0.0,0.0,251.759,3.8452,0.0
1199.0,run_20260920_095433,,loading,loading,32.514,32.014,99.962,0.0,0.0,0.0,0.0,251.759,3.8468,0.0
1200.0,run_20260920_095433,,loading,loading,32.507,32.003,99.962,0.0,0.0,0.0,0.0,251.759,3.8485,0.0
1201.0,run_20260920_095433,,loading,loading,32.499,31.992,99.961,0.0,0.0,0.0,0.0,251.759,3.8502,0.0
1202.0,run_20260920_095433,,loading,loading,32.492,31.981,99.961,0.0,0.0,0.0,0.0,251.759,3.8518,0.0
1203.0,run_20260920_095433,,loading,loading,32.484,31.97,99.961,0.0,0.0,0.0,0.0,251.759,3.8535,0.0
1204.0,run_20260920_095433,,loading,loading,32.477,31.959,99.961,0.0,0.0,0.0,0.0,251.759,3.8552,0.0
1205.0,run_20260920_095433,,loading,loading,32.469,31.948,99.961,0.0,0.0,0.0,0.0,251.759,3.8568,0.0
1206.0,run_20260920_095433,,loading,loading,32.461,31.938,99.961,0.0,0.0,0.0,0.0,251.759,3.8585,0.0
1207.0,run_20260920_095433,,loading,loading,32.454,31.927,99.961,0.0,0.0,0.0,0.0,251.759,3.8602,0.0
1208.0,run_20260920_095433,,loading,loading,32.446,31.916,99.961,0.0,0.0,0.0,0.0,251.759,3.8618,0.0
1209.0,run_20260920_095433,,loading,loading,32.439,31.905,99.961,0.0,0.0,0.0,0.0,251.759,3.8635,0.0
1210.0,run_20260920_095433,,loading,loading,32.431,31.894,99.961,0.0,0.0,0.0,0.0,251.759,3.8652,0.0
1211.0,run_20260920_095433,,loading,loading,32.424,31.883,99.961,0.0,0.0,0.0,0.0,251.759,3.8668,0.0
1212.0,run_20260920_095433,,loading,loading,32.416,31.872,99.961,0.0,0.0,0.0,0.0,251.759,3.8685,0.0
1213.0,run_20260920_095433,,loading,loading,32.408,31.861,99.961,0.0,0.0,0.0,0.0,251.759,3.8702,0.0
1214.0,run_20260920_095433,,loading,loading,32.401,31.85,99.961,0.0,0.0,0.0,0.0,251.759,3.8718,0.0
1215.0,run_20260920_095433,,loading,loading,32.393,31.84,99.961,0.0,0.0,0.0,0.0,251.759,3.8735,0.0
1216.0,run_20260920_095433,,loading,loading,32.386,31.829,99.961,0.0,0.0,0.0,0.0,251.759,3.8752,0.0
1217.0,run_20260920_095433,,loading,loading,32.378,31.818,99.961,0.0,0.0,0.0,0.0,251.759,3.8768,0.0
1218.0,run_20260920_095433,,loading,loading,32.371,31.807,99.961,0.0,0.0,0.0,0.0,251.759,3.8785,0.0
1219.0,run_20260920_095433,,loading,loading,32.363,31.796,99.961,0.0,0.0,0.0,0.0,251.759,3.8802,0.0
1220.0,run_20260920_095433,,loading,loading,32.355,31.786,99.961,0.0,0.0,0.0,0.0,251.759,3.8818,0.0
1221.0,run_20260920_095433,,loading,loading,32.348,31.775,99.961,0.0,0.0,0.0,0.0,251.759,3.8835,0.0
1222.0,run_20260920_095433,,loading,loading,32.34,31.764,99.961,0.0,0.0,0.0,0.0,251.759,3.8852,0.0
1223.0,run_20260920_095433,,loading,loading,32.333,31.753,99.961,0.0,0.0,0.0,0.0,251.759,3.8868,0.0
1224.0,run_20260920_095433,,loading,loading,32.325,31.743,99.961,0.0,0.0,0.0,0.0,251.759,3.8885,0.0
1225.0,run_20260920_095433,,waiting,waiting,32.317,31.732,99.961,4.0,0.0,0.0,0.0,251.759,3.8902,0.0
1226.0,run_20260920_095433,,waiting,waiting,32.31,31.721,99.961,4.0,0.0,0.0,0.0,251.759,3.8918,0.0
1227.0,run_20260920_095433,,waiting,waiting,32.302,31.71,99.961,4.0,0.0,0.0,0.0,251.759,3.8935,0.0
1228.0,run_20260920_095433,,waiting,waiting,32.295,31.7,99.961,4.0,0.0,0.0,0.0,251.759,3.8952,0.0
1229.0,run_20260920_095433,,waiting,waiting,32.287,31.689,99.961,4.0,0.0,0.0,0.0,251.759,3.8968,0.0
1230.0,run_20260920_095433,,waiting,waiting,32.28,31.678,99.961,4.0,0.0,0.0,0.0,251.759,3.8985,0.0
