sim_time_s,section_id,status,factory_time_s,produced_total,picked_total,buffer_units,buffer_capacity,buffer_fill,rate_actual_per_hour,health_percent,time_to_full_s,fault_remaining_s,faults_total,lost_units,blocked_time_s
3.48,C,RUNNING,0.0,0,0,1,3,0.3333,5.0,100.0,1552.4915,0.0,0,0.0,0.0
4.0,C,RUNNING,0.52,0,0,1,3,0.3333,5.0,100.0,1551.9715,0.0,0,0.0,0.0
5.0,C,RUNNING,1.52,0,0,1,3,0.3333,5.0,100.0,1550.9715,0.0,0,0.0,0.0
6.0,C,RUNNING,2.52,0,0,1,3,0.3333,5.0,100.0,1549.9715,0.0,0,0.0,0.0
7.0,C,RUNNING,3.52,0,0,1,3,0.3333,5.0,100.0,1548.9715,0.0,0,0.0,0.0
8.0,C,RUNNING,4.52,0,0,1,3,0.3333,5.0,100.0,1547.9715,0.0,0,0.0,0.0
9.0,C,RUNNING,5.52,0,0,1,3,0.3333,5.0,100.0,1546.9715,0.0,0,0.0,0.0
10.0,C,RUNNING,6.52,0,0,1,3,0.3333,5.0,100.0,1545.9715,0.0,0,0.0,0.0
11.0,C,RUNNING,7.52,0,0,1,3,0.3333,5.0,100.0,1544.9715,0.0,0,0.0,0.0
12.0,C,RUNNING,8.52,0,0,1,3,0.3333,5.0,100.0,1543.9715,0.0,0,0.0,0.0
13.0,C,RUNNING,9.52,0,0,1,3,0.3333,5.0,100.0,1542.9715,0.0,0,0.0,0.0
14.0,C,RUNNING,10.52,0,0,1,3,0.3333,5.0,100.0,1541.9715,0.0,0,0.0,0.0
15.0,C,RUNNING,11.52,0,0,1,3,0.3333,5.0,100.0,1540.9715,0.0,0,0.0,0.0
16.0,C,RUNNING,12.52,0,0,1,3,0.3333,5.0,100.0,1539.9715,0.0,0,0.0,0.0
17.0,C,RUNNING,13.52,0,0,1,3,0.3333,5.0,100.0,1538.9715,0.0,0,0.0,0.0
18.0,C,RUNNING,14.52,0,0,1,3,0.3333,5.0,100.0,1537.9715,0.0,0,0.0,0.0
19.0,C,RUNNING,15.52,0,0,1,3,0.3333,5.0,100.0,1536.9715,0.0,0,0.0,0.0
20.0,C,RUNNING,16.52,0,0,1,3,0.3333,5.0,100.0,1535.9715,0.0,0,0.0,0.0
21.0,C,RUNNING,17.52,0,0,1,3,0.3333,5.0,100.0,1534.9715,0.0,0,0.0,0.0
22.0,C,RUNNING,18.52,0,0,1,3,0.3333,5.0,100.0,1533.9715,0.0,0,0.0,0.0
23.0,C,RUNNING,19.52,0,0,1,3,0.3333,5.0,100.0,1532.9715,0.0,0,0.0,0.0
24.0,C,RUNNING,20.52,0,0,1,3,0.3333,5.0,100.0,1531.9715,0.0,0,0.0,0.0
25.0,C,RUNNING,21.52,0,0,1,3,0.3333,5.0,100.0,1530.9715,0.0,0,0.0,0.0
26.0,C,RUNNING,22.52,0,0,1,3,0.3333,5.0,100.0,1529.9715,0.0,0,0.0,0.0
27.0,C,RUNNING,23.52,0,0,1,3,0.3333,5.0,100.0,1528.9715,0.0,0,0.0,0.0
28.0,C,RUNNING,24.52,0,0,1,3,0.3333,5.0,100.0,1527.9715,0.0,0,0.0,0.0
29.0,C,RUNNING,25.52,0,0,1,3,0.3333,5.0,100.0,1526.9715,0.0,0,0.0,0.0
30.0,C,RUNNING,26.52,0,0,1,3,0.3333,5.0,100.0,1525.9715,0.0,0,0.0,0.0
31.0,C,RUNNING,27.52,0,0,1,3,0.3333,5.0,100.0,1524.9715,0.0,0,0.0,0.0
32.0,C,RUNNING,28.52,0,0,1,3,0.3333,5.0,100.0,1523.9715,0.0,0,0.0,0.0
33.0,C,RUNNING,29.52,0,0,1,3,0.3333,5.0,100.0,1522.9715,0.0,0,0.0,0.0
34.0,C,RUNNING,30.52,0,0,1,3,0.3333,5.0,100.0,1521.9715,0.0,0,0.0,0.0
35.0,C,RUNNING,31.52,0,0,1,3,0.3333,5.0,100.0,1520.9715,0.0,0,0.0,0.0
36.0,C,RUNNING,32.52,0,0,1,3,0.3333,5.0,100.0,1519.9715,0.0,0,0.0,0.0
37.0,C,RUNNING,33.52,0,0,1,3,0.3333,5.0,100.0,1518.9715,0.0,0,0.0,0.0
38.0,C,RUNNING,34.52,0,0,1,3,0.3333,5.0,100.0,1517.9715,0.0,0,0.0,0.0
39.0,C,RUNNING,35.52,0,0,1,3,0.3333,5.0,100.0,1516.9715,0.0,0,0.0,0.0
40.0,C,RUNNING,36.52,0,0,1,3,0.3333,5.0,100.0,1515.9715,0.0,0,0.0,0.0
41.0,C,RUNNING,37.52,0,0,1,3,0.3333,5.0,100.0,1514.9715,0.0,0,0.0,0.0
42.0,C,RUNNING,38.52,0,0,1,3,0.3333,5.0,100.0,1513.9715,0.0,0,0.0,0.0
43.0,C,RUNNING,39.52,0,0,1,3,0.3333,5.0,100.0,1512.9715,0.0,0,0.0,0.0
44.0,C,RUNNING,40.52,0,0,1,3,0.3333,5.0,100.0,1511.9715,0.0,0,0.0,0.0
45.0,C,RUNNING,41.52,0,0,1,3,0.3333,5.0,100.0,1510.9715,0.0,0,0.0,0.0
46.0,C,RUNNING,42.52,0,0,1,3,0.3333,5.0,100.0,1509.9715,0.0,0,0.0,0.0
47.0,C,RUNNING,43.52,0,0,1,3,0.3333,5.0,100.0,1508.9715,0.0,0,0.0,0.0
48.0,C,RUNNING,44.52,0,0,1,3,0.3333,5.0,100.0,1507.9715,0.0,0,0.0,0.0
49.0,C,RUNNING,45.52,0,0,1,3,0.3333,5.0,100.0,1506.9715,0.0,0,0.0,0.0
50.0,C,RUNNING,46.52,0,0,1,3,0.3333,5.0,100.0,1505.9715,0.0,0,0.0,0.0
51.0,C,RUNNING,47.52,0,0,1,3,0.3333,5.0,100.0,1504.9715,0.0,0,0.0,0.0
52.0,C,RUNNING,48.52,0,0,1,3,0.3333,5.0,100.0,1503.9715,0.0,0,0.0,0.0
53.0,C,RUNNING,49.52,0,0,1,3,0.3333,5.0,100.0,1502.9715,0.0,0,0.0,0.0
54.0,C,RUNNING,50.52,0,0,1,3,0.3333,5.0,100.0,1501.9715,0.0,0,0.0,0.0
55.0,C,RUNNING,51.52,0,0,1,3,0.3333,5.0,100.0,1500.9715,0.0,0,0.0,0.0
56.0,C,RUNNING,52.52,0,0,1,3,0.3333,5.0,100.0,1499.9715,0.0,0,0.0,0.0
57.0,C,RUNNING,53.52,0,0,1,3,0.3333,5.0,100.0,1498.9715,0.0,0,0.0,0.0
58.0,C,RUNNING,54.52,0,0,1,3,0.3333,5.0,100.0,1497.9715,0.0,0,0.0,0.0
59.0,C,RUNNING,55.52,0,0,1,3,0.3333,5.0,100.0,1496.9715,0.0,0,0.0,0.0
60.0,C,RUNNING,56.52,0,0,1,3,0.3333,5.0,100.0,1495.9715,0.0,0,0.0,0.0
61.0,C,RUNNING,57.52,0,0,1,3,0.3333,5.0,100.0,1494.9715,0.0,0,0.0,0.0
62.0,C,RUNNING,58.52,0,0,1,3,0.3333,5.0,100.0,1493.9715,0.0,0,0.0,0.0
63.0,C,RUNNING,59.52,0,0,1,3,0.3333,5.0,100.0,1492.9715,0.0,0,0.0,0.0
64.0,C,RUNNING,60.52,0,0,1,3,0.3333,5.0,100.0,1491.9715,0.0,0,0.0,0.0
65.0,C,RUNNING,61.52,0,0,1,3,0.3333,5.0,100.0,1490.9715,0.0,0,0.0,0.0
66.0,C,RUNNING,62.52,0,0,1,3,0.3333,5.0,100.0,1489.9715,0.0,0,0.0,0.0
67.0,C,RUNNING,63.52,0,0,1,3,0.3333,5.0,100.0,1488.9715,0.0,0,0.0,0.0
68.0,C,RUNNING,64.52,0,0,1,3,0.3333,5.0,100.0,1487.9715,0.0,0,0.0,0.0
69.0,C,RUNNING,65.52,0,0,1,3,0.3333,5.0,100.0,1486.9715,0.0,0,0.0,0.0
70.0,C,RUNNING,66.52,0,0,1,3,0.3333,5.0,100.0,1485.9715,0.0,0,0.0,0.0
71.0,C,RUNNING,67.52,0,0,1,3,0.3333,5.0,100.0,1484.9715,0.0,0,0.0,0.0
72.0,C,RUNNING,68.52,0,0,1,3,0.3333,5.0,100.0,1483.9715,0.0,0,0.0,0.0
73.0,C,RUNNING,69.52,0,0,1,3,0.3333,5.0,100.0,1482.9715,0.0,0,0.0,0.0
74.0,C,RUNNING,70.52,0,0,1,3,0.3333,5.0,100.0,1481.9715,0.0,0,0.0,0.0
75.0,C,RUNNING,71.52,0,0,1,3,0.3333,5.0,100.0,1480.9715,0.0,0,0.0,0.0
76.0,C,RUNNING,72.52,0,0,1,3,0.3333,5.0,100.0,1479.9715,0.0,0,0.0,0.0
77.0,C,RUNNING,73.52,0,0,1,3,0.3333,5.0,100.0,1478.9715,0.0,0,0.0,0.0
78.0,C,RUNNING,74.52,0,0,1,3,0.3333,5.0,100.0,1477.9715,0.0,0,0.0,0.0
79.0,C,RUNNING,75.52,0,0,1,3,0.3333,5.0,100.0,1476.9715,0.0,0,0.0,0.0
80.0,C,RUNNING,76.52,0,0,1,3,0.3333,5.0,100.0,1475.9715,0.0,0,0.0,0.0
81.0,C,RUNNING,77.52,0,0,1,3,0.3333,5.0,100.0,1474.9715,0.0,0,0.0,0.0
82.0,C,RUNNING,78.52,0,0,1,3,0.3333,5.0,100.0,1473.9715,0.0,0,0.0,0.0
83.0,C,RUNNING,79.52,0,0,1,3,0.3333,5.0,100.0,1472.9715,0.0,0,0.0,0.0
84.0,C,RUNNING,80.52,0,0,1,3,0.3333,5.0,100.0,1471.9715,0.0,0,0.0,0.0
85.0,C,RUNNING,81.52,0,0,1,3,0.3333,5.0,100.0,1470.9715,0.0,0,0.0,0.0
86.0,C,RUNNING,82.52,0,0,1,3,0.3333,5.0,100.0,1469.9715,0.0,0,0.0,0.0
87.0,C,RUNNING,83.52,0,0,1,3,0.3333,5.0,100.0,1468.9715,0.0,0,0.0,0.0
88.0,C,RUNNING,84.52,0,0,1,3,0.3333,5.0,100.0,1467.9715,0.0,0,0.0,0.0
89.0,C,RUNNING,85.52,0,0,1,3,0.3333,5.0,100.0,1466.9715,0.0,0,0.0,0.0
90.0,C,RUNNING,86.52,0,0,1,3,0.3333,5.0,100.0,1465.9715,0.0,0,0.0,0.0
91.0,C,RUNNING,87.52,0,0,1,3,0.3333,5.0,100.0,1464.9715,0.0,0,0.0,0.0
92.0,C,RUNNING,88.52,0,0,1,3,0.3333,5.0,100.0,1463.9715,0.0,0,0.0,0.0
93.0,C,RUNNING,89.52,0,0,1,3,0.3333,5.0,100.0,1462.9715,0.0,0,0.0,0.0
94.0,C,RUNNING,90.52,0,0,1,3,0.3333,5.0,100.0,1461.9715,0.0,0,0.0,0.0
95.0,C,RUNNING,91.52,0,0,1,3,0.3333,5.0,100.0,1460.9715,0.0,0,0.0,0.0
96.0,C,RUNNING,92.52,0,0,1,3,0.3333,5.0,100.0,1459.9715,0.0,0,0.0,0.0
97.0,C,RUNNING,93.52,0,0,1,3,0.3333,5.0,100.0,1458.9715,0.0,0,0.0,0.0
98.0,C,RUNNING,94.52,0,0,1,3,0.3333,5.0,100.0,1457.9715,0.0,0,0.0,0.0
99.0,C,RUNNING,95.52,0,0,1,3,0.3333,5.0,100.0,1456.9715,0.0,0,0.0,0.0
100.0,C,RUNNING,96.52,0,0,1,3,0.3333,5.0,100.0,1455.9715,0.0,0,0.0,0.0
101.0,C,RUNNING,97.52,0,0,1,3,0.3333,5.0,100.0,1454.9715,0.0,0,0.0,0.0
102.0,C,RUNNING,98.52,0,0,1,3,0.3333,5.0,100.0,1453.9715,0.0,0,0.0,0.0
103.0,C,RUNNING,99.52,0,0,1,3,0.3333,5.0,100.0,1452.9715,0.0,0,0.0,0.0
104.0,C,RUNNING,100.52,0,0,1,3,0.3333,5.0,100.0,1451.9715,0.0,0,0.0,0.0
105.0,C,RUNNING,101.52,0,0,1,3,0.3333,5.0,100.0,1450.9715,0.0,0,0.0,0.0
106.0,C,RUNNING,102.52,0,0,1,3,0.3333,5.0,100.0,1449.9715,0.0,0,0.0,0.0
107.0,C,RUNNING,103.52,0,0,1,3,0.3333,5.0,100.0,1448.9715,0.0,0,0.0,0.0
108.0,C,RUNNING,104.52,0,0,1,3,0.3333,5.0,100.0,1447.9715,0.0,0,0.0,0.0
109.0,C,RUNNING,105.52,0,0,1,3,0.3333,5.0,100.0,1446.9715,0.0,0,0.0,0.0
110.0,C,RUNNING,106.52,0,0,1,3,0.3333,5.0,100.0,1445.9715,0.0,0,0.0,0.0
111.0,C,RUNNING,107.52,0,0,1,3,0.3333,5.0,100.0,1444.9715,0.0,0,0.0,0.0
112.0,C,RUNNING,108.52,0,0,1,3,0.3333,5.0,100.0,1443.9715,0.0,0,0.0,0.0
113.0,C,RUNNING,109.52,0,0,1,3,0.3333,5.0,100.0,1442.9715,0.0,0,0.0,0.0
114.0,C,RUNNING,110.52,0,0,1,3,0.3333,5.0,100.0,1441.9715,0.0,0,0.0,0.0
115.0,C,RUNNING,111.52,0,0,1,3,0.3333,5.0,100.0,1440.9715,0.0,0,0.0,0.0
116.0,C,RUNNING,112.52,0,0,1,3,0.3333,5.0,100.0,1439.9715,0.0,0,0.0,0.0
117.0,C,RUNNING,113.52,0,0,1,3,0.3333,5.0,100.0,1438.9715,0.0,0,0.0,0.0
118.0,C,RUNNING,114.52,0,0,1,3,0.3333,5.0,100.0,1437.9715,0.0,0,0.0,0.0
119.0,C,RUNNING,115.52,0,0,1,3,0.3333,5.0,100.0,1436.9715,0.0,0,0.0,0.0
120.0,C,RUNNING,116.52,0,0,1,3,0.3333,5.0,100.0,1435.9715,0.0,0,0.0,0.0
121.0,C,RUNNING,117.52,0,0,1,3,0.3333,5.0,100.0,1434.9715,0.0,0,0.0,0.0
122.0,C,RUNNING,118.52,0,0,1,3,0.3333,5.0,100.0,1433.9715,0.0,0,0.0,0.0
123.0,C,RUNNING,119.52,0,0,1,3,0.3333,5.0,100.0,1432.9715,0.0,0,0.0,0.0
124.0,C,RUNNING,120.52,0,0,1,3,0.3333,5.0,100.0,1431.9715,0.0,0,0.0,0.0
125.0,C,RUNNING,121.52,0,0,1,3,0.3333,5.0,100.0,1430.9715,0.0,0,0.0,0.0
126.0,C,RUNNING,122.52,0,0,1,3,0.3333,5.0,100.0,1429.9715,0.0,0,0.0,0.0
127.0,C,RUNNING,123.52,0,0,1,3,0.3333,5.0,100.0,1428.9715,0.0,0,0.0,0.0
128.0,C,RUNNING,124.52,0,0,1,3,0.3333,5.0,100.0,1427.9715,0.0,0,0.0,0.0
129.0,C,RUNNING,125.52,0,0,1,3,0.3333,5.0,100.0,1426.9715,0.0,0,0.0,0.0
130.0,C,RUNNING,126.52,0,0,1,3,0.3333,5.0,100.0,1425.9715,0.0,0,0.0,0.0
131.0,C,RUNNING,127.52,0,0,1,3,0.3333,5.0,100.0,1424.9715,0.0,0,0.0,0.0
132.0,C,RUNNING,128.52,0,0,1,3,0.3333,5.0,100.0,1423.9715,0.0,0,0.0,0.0
133.0,C,RUNNING,129.52,0,0,1,3,0.3333,5.0,100.0,1422.9715,0.0,0,0.0,0.0
134.0,C,RUNNING,130.52,0,0,1,3,0.3333,5.0,100.0,1421.9715,0.0,0,0.0,0.0
135.0,C,RUNNING,131.52,0,0,1,3,0.3333,5.0,100.0,1420.9715,0.0,0,0.0,0.0
136.0,C,RUNNING,132.52,0,0,1,3,0.3333,5.0,100.0,1419.9715,0.0,0,0.0,0.0
137.0,C,RUNNING,133.52,0,0,1,3,0.3333,5.0,100.0,1418.9715,0.0,0,0.0,0.0
138.0,C,RUNNING,134.52,0,0,1,3,0.3333,5.0,100.0,1417.9715,0.0,0,0.0,0.0
139.0,C,RUNNING,135.52,0,0,1,3,0.3333,5.0,100.0,1416.9715,0.0,0,0.0,0.0
140.0,C,RUNNING,136.52,0,0,1,3,0.3333,5.0,100.0,1415.9715,0.0,0,0.0,0.0
141.0,C,RUNNING,137.52,0,0,1,3,0.3333,5.0,100.0,1414.9715,0.0,0,0.0,0.0
142.0,C,RUNNING,138.52,0,0,1,3,0.3333,5.0,100.0,1413.9715,0.0,0,0.0,0.0
143.0,C,RUNNING,139.52,0,0,1,3,0.3333,5.0,100.0,1412.9715,0.0,0,0.0,0.0
144.0,C,RUNNING,140.52,0,0,1,3,0.3333,5.0,100.0,1411.9715,0.0,0,0.0,0.0
145.0,C,RUNNING,141.52,0,0,1,3,0.3333,5.0,100.0,1410.9715,0.0,0,0.0,0.0
146.0,C,RUNNING,142.52,0,0,1,3,0.3333,5.0,100.0,1409.9715,0.0,0,0.0,0.0
147.0,C,RUNNING,143.52,0,0,1,3,0.3333,5.0,100.0,1408.9715,0.0,0,0.0,0.0
148.0,C,RUNNING,144.52,0,0,1,3,0.3333,5.0,100.0,1407.9715,0.0,0,0.0,0.0
149.0,C,RUNNING,145.52,0,0,1,3,0.3333,5.0,100.0,1406.9715,0.0,0,0.0,0.0
150.0,C,RUNNING,146.52,0,0,1,3,0.3333,5.0,100.0,1405.9715,0.0,0,0.0,0.0
151.0,C,RUNNING,147.52,0,0,1,3,0.3333,5.0,100.0,1404.9715,0.0,0,0.0,0.0
152.0,C,RUNNING,148.52,0,0,1,3,0.3333,5.0,100.0,1403.9715,0.0,0,0.0,0.0
153.0,C,RUNNING,149.52,0,0,1,3,0.3333,5.0,100.0,1402.9715,0.0,0,0.0,0.0
154.0,C,RUNNING,150.52,0,0,1,3,0.3333,5.0,100.0,1401.9715,0.0,0,0.0,0.0
155.0,C,RUNNING,151.52,0,0,1,3,0.3333,5.0,100.0,1400.9715,0.0,0,0.0,0.0
156.0,C,RUNNING,152.52,0,0,1,3,0.3333,5.0,100.0,1399.9715,0.0,0,0.0,0.0
157.0,C,RUNNING,153.52,0,0,1,3,0.3333,5.0,100.0,1398.9715,0.0,0,0.0,0.0
158.0,C,RUNNING,154.52,0,0,1,3,0.3333,5.0,100.0,1397.9715,0.0,0,0.0,0.0
159.0,C,RUNNING,155.52,0,0,1,3,0.3333,5.0,100.0,1396.9715,0.0,0,0.0,0.0
160.0,C,RUNNING,156.52,0,0,1,3,0.3333,5.0,100.0,1395.9715,0.0,0,0.0,0.0
161.0,C,RUNNING,157.52,0,0,1,3,0.3333,5.0,100.0,1394.9715,0.0,0,0.0,0.0
162.0,C,RUNNING,158.52,0,0,1,3,0.3333,5.0,100.0,1393.9715,0.0,0,0.0,0.0
163.0,C,RUNNING,159.52,0,0,1,3,0.3333,5.0,100.0,1392.9715,0.0,0,0.0,0.0
164.0,C,RUNNING,160.52,0,0,1,3,0.3333,5.0,100.0,1391.9715,0.0,0,0.0,0.0
165.0,C,RUNNING,161.52,0,0,1,3,0.3333,5.0,100.0,1390.9715,0.0,0,0.0,0.0
166.0,C,RUNNING,162.52,0,0,1,3,0.3333,5.0,100.0,1389.9715,0.0,0,0.0,0.0
167.0,C,RUNNING,163.52,0,0,1,3,0.3333,5.0,100.0,1388.9715,0.0,0,0.0,0.0
168.0,C,RUNNING,164.52,0,0,1,3,0.3333,5.0,100.0,1387.9715,0.0,0,0.0,0.0
169.0,C,RUNNING,165.52,0,0,1,3,0.3333,5.0,100.0,1386.9715,0.0,0,0.0,0.0
170.0,C,RUNNING,166.52,0,0,1,3,0.3333,5.0,100.0,1385.9715,0.0,0,0.0,0.0
171.0,C,RUNNING,167.52,0,0,1,3,0.3333,5.0,100.0,1384.9715,0.0,0,0.0,0.0
172.0,C,RUNNING,168.52,0,0,1,3,0.3333,5.0,100.0,1383.9715,0.0,0,0.0,0.0
173.0,C,RUNNING,169.52,0,0,1,3,0.3333,5.0,100.0,1382.9715,0.0,0,0.0,0.0
174.0,C,RUNNING,170.52,0,0,1,3,0.3333,5.0,100.0,1381.9715,0.0,0,0.0,0.0
175.0,C,RUNNING,171.52,0,0,1,3,0.3333,5.0,100.0,1380.9715,0.0,0,0.0,0.0
176.0,C,RUNNING,172.52,0,0,1,3,0.3333,5.0,100.0,1379.9715,0.0,0,0.0,0.0
177.0,C,RUNNING,173.52,0,0,1,3,0.3333,5.0,100.0,1378.9715,0.0,0,0.0,0.0
178.0,C,RUNNING,174.52,0,0,1,3,0.3333,5.0,100.0,1377.9715,0.0,0,0.0,0.0
179.0,C,RUNNING,175.52,0,0,1,3,0.3333,5.0,100.0,1376.9715,0.0,0,0.0,0.0
180.0,C,RUNNING,176.52,0,0,1,3,0.3333,5.0,100.0,1375.9715,0.0,0,0.0,0.0
181.0,C,RUNNING,177.52,0,0,1,3,0.3333,5.0,100.0,1374.9715,0.0,0,0.0,0.0
182.0,C,RUNNING,178.52,0,0,1,3,0.3333,5.0,100.0,1373.9715,0.0,0,0.0,0.0
183.0,C,RUNNING,179.52,0,0,1,3,0.3333,5.0,100.0,1372.9715,0.0,0,0.0,0.0
184.0,C,RUNNING,180.52,0,0,1,3,0.3333,5.0,100.0,1371.9715,0.0,0,0.0,0.0
185.0,C,RUNNING,181.52,0,0,1,3,0.3333,5.0,100.0,1370.9715,0.0,0,0.0,0.0
186.0,C,RUNNING,182.52,0,0,1,3,0.3333,5.0,100.0,1369.9715,0.0,0,0.0,0.0
187.0,C,RUNNING,183.52,0,0,1,3,0.3333,5.0,100.0,1368.9715,0.0,0,0.0,0.0
188.0,C,RUNNING,184.52,0,0,1,3,0.3333,5.0,100.0,1367.9715,0.0,0,0.0,0.0
189.0,C,RUNNING,185.52,0,0,1,3,0.3333,5.0,100.0,1366.9715,0.0,0,0.0,0.0
190.0,C,RUNNING,186.52,0,0,1,3,0.3333,5.0,100.0,1365.9715,0.0,0,0.0,0.0
191.0,C,RUNNING,187.52,0,0,1,3,0.3333,5.0,100.0,1364.9715,0.0,0,0.0,0.0
192.0,C,RUNNING,188.52,0,0,1,3,0.3333,5.0,100.0,1363.9715,0.0,0,0.0,0.0
193.0,C,RUNNING,189.52,0,0,1,3,0.3333,5.0,100.0,1362.9715,0.0,0,0.0,0.0
194.0,C,RUNNING,190.52,0,0,1,3,0.3333,5.0,100.0,1361.9715,0.0,0,0.0,0.0
195.0,C,RUNNING,191.52,0,0,1,3,0.3333,5.0,100.0,1360.9715,0.0,0,0.0,0.0
196.0,C,RUNNING,192.52,0,0,1,3,0.3333,5.0,100.0,1359.9715,0.0,0,0.0,0.0
197.0,C,RUNNING,193.52,0,0,1,3,0.3333,5.0,100.0,1358.9715,0.0,0,0.0,0.0
198.0,C,RUNNING,194.52,0,0,1,3,0.3333,5.0,100.0,1357.9715,0.0,0,0.0,0.0
199.0,C,RUNNING,195.52,0,0,1,3,0.3333,5.0,100.0,1356.9715,0.0,0,0.0,0.0
200.0,C,RUNNING,196.52,0,0,1,3,0.3333,5.0,100.0,1355.9715,0.0,0,0.0,0.0
201.0,C,RUNNING,197.52,0,0,1,3,0.3333,5.0,100.0,1354.9715,0.0,0,0.0,0.0
202.0,C,RUNNING,198.52,0,0,1,3,0.3333,5.0,100.0,1353.9715,0.0,0,0.0,0.0
203.0,C,RUNNING,199.52,0,0,1,3,0.3333,5.0,100.0,1352.9715,0.0,0,0.0,0.0
204.0,C,RUNNING,200.52,0,0,1,3,0.3333,5.0,100.0,1351.9715,0.0,0,0.0,0.0
205.0,C,RUNNING,201.52,0,0,1,3,0.3333,5.0,100.0,1350.9715,0.0,0,0.0,0.0
206.0,C,RUNNING,202.52,0,0,1,3,0.3333,5.0,100.0,1349.9715,0.0,0,0.0,0.0
207.0,C,RUNNING,203.52,0,0,1,3,0.3333,5.0,100.0,1348.9715,0.0,0,0.0,0.0
208.0,C,RUNNING,204.52,0,0,1,3,0.3333,5.0,100.0,1347.9715,0.0,0,0.0,0.0
209.0,C,RUNNING,205.52,0,0,1,3,0.3333,5.0,100.0,1346.9715,0.0,0,0.0,0.0
210.0,C,RUNNING,206.52,0,0,1,3,0.3333,5.0,100.0,1345.9715,0.0,0,0.0,0.0
211.0,C,RUNNING,207.52,0,0,1,3,0.3333,5.0,100.0,1344.9715,0.0,0,0.0,0.0
212.0,C,RUNNING,208.52,0,0,1,3,0.3333,5.0,100.0,1343.9715,0.0,0,0.0,0.0
213.0,C,RUNNING,209.52,0,0,1,3,0.3333,5.0,100.0,1342.9715,0.0,0,0.0,0.0
214.0,C,RUNNING,210.52,0,0,1,3,0.3333,5.0,100.0,1341.9715,0.0,0,0.0,0.0
215.0,C,RUNNING,211.52,0,0,1,3,0.3333,5.0,100.0,1340.9715,0.0,0,0.0,0.0
216.0,C,RUNNING,212.52,0,0,1,3,0.3333,5.0,100.0,1339.9715,0.0,0,0.0,0.0
217.0,C,RUNNING,213.52,0,0,1,3,0.3333,5.0,100.0,1338.9715,0.0,0,0.0,0.0
218.0,C,RUNNING,214.52,0,0,1,3,0.3333,5.0,100.0,1337.9715,0.0,0,0.0,0.0
219.0,C,RUNNING,215.52,0,0,1,3,0.3333,5.0,100.0,1336.9715,0.0,0,0.0,0.0
220.0,C,RUNNING,216.52,0,0,1,3,0.3333,5.0,100.0,1335.9715,0.0,0,0.0,0.0
221.0,C,RUNNING,217.52,0,0,1,3,0.3333,5.0,100.0,1334.9715,0.0,0,0.0,0.0
222.0,C,RUNNING,218.52,0,0,1,3,0.3333,5.0,100.0,1333.9715,0.0,0,0.0,0.0
223.0,C,RUNNING,219.52,0,0,1,3,0.3333,5.0,100.0,1332.9715,0.0,0,0.0,0.0
224.0,C,RUNNING,220.52,0,0,1,3,0.3333,5.0,100.0,1331.9715,0.0,0,0.0,0.0
225.0,C,RUNNING,221.52,0,0,1,3,0.3333,5.0,100.0,1330.9715,0.0,0,0.0,0.0
226.0,C,RUNNING,222.52,0,0,1,3,0.3333,5.0,100.0,1329.9715,0.0,0,0.0,0.0
227.0,C,RUNNING,223.52,0,0,1,3,0.3333,5.0,100.0,1328.9715,0.0,0,0.0,0.0
228.0,C,RUNNING,224.52,0,0,1,3,0.3333,5.0,100.0,1327.9715,0.0,0,0.0,0.0
229.0,C,RUNNING,225.52,0,0,1,3,0.3333,5.0,100.0,1326.9715,0.0,0,0.0,0.0
230.0,C,RUNNING,226.52,0,0,1,3,0.3333,5.0,100.0,1325.9715,0.0,0,0.0,0.0
231.0,C,RUNNING,227.52,0,0,1,3,0.3333,5.0,100.0,1324.9715,0.0,0,0.0,0.0
232.0,C,RUNNING,228.52,0,0,1,3,0.3333,5.0,100.0,1323.9715,0.0,0,0.0,0.0
233.0,C,RUNNING,229.52,0,0,1,3,0.3333,5.0,100.0,1322.9715,0.0,0,0.0,0.0
234.0,C,RUNNING,230.52,0,0,1,3,0.3333,5.0,100.0,1321.9715,0.0,0,0.0,0.0
235.0,C,RUNNING,231.52,0,0,1,3,0.3333,5.0,100.0,1320.9715,0.0,0,0.0,0.0
236.0,C,RUNNING,232.52,0,0,1,3,0.3333,5.0,100.0,1319.9715,0.0,0,0.0,0.0
237.0,C,RUNNING,233.52,0,0,1,3,0.3333,5.0,100.0,1318.9715,0.0,0,0.0,0.0
238.0,C,RUNNING,234.52,0,0,1,3,0.3333,5.0,100.0,1317.9715,0.0,0,0.0,0.0
239.0,C,RUNNING,235.52,0,0,1,3,0.3333,5.0,100.0,1316.9715,0.0,0,0.0,0.0
240.0,C,RUNNING,236.52,0,0,1,3,0.3333,5.0,100.0,1315.9715,0.0,0,0.0,0.0
241.0,C,RUNNING,237.52,0,0,1,3,0.3333,5.0,100.0,1314.9715,0.0,0,0.0,0.0
242.0,C,RUNNING,238.52,0,0,1,3,0.3333,5.0,100.0,1313.9715,0.0,0,0.0,0.0
243.0,C,RUNNING,239.52,0,0,1,3,0.3333,5.0,100.0,1312.9715,0.0,0,0.0,0.0
244.0,C,RUNNING,240.52,0,0,1,3,0.3333,5.0,100.0,1311.9715,0.0,0,0.0,0.0
245.0,C,RUNNING,241.52,0,0,1,3,0.3333,5.0,100.0,1310.9715,0.0,0,0.0,0.0
246.0,C,RUNNING,242.52,0,0,1,3,0.3333,5.0,100.0,1309.9715,0.0,0,0.0,0.0
247.0,C,RUNNING,243.52,0,0,1,3,0.3333,5.0,100.0,1308.9715,0.0,0,0.0,0.0
248.0,C,RUNNING,244.52,0,0,1,3,0.3333,5.0,100.0,1307.9715,0.0,0,0.0,0.0
249.0,C,RUNNING,245.52,0,0,1,3,0.3333,5.0,100.0,1306.9715,0.0,0,0.0,0.0
250.0,C,RUNNING,246.52,0,0,1,3,0.3333,5.0,100.0,1305.9715,0.0,0,0.0,0.0
251.0,C,RUNNING,247.52,0,0,1,3,0.3333,5.0,100.0,1304.9715,0.0,0,0.0,0.0
252.0,C,RUNNING,248.52,0,0,1,3,0.3333,5.0,100.0,1303.9715,0.0,0,0.0,0.0
253.0,C,RUNNING,249.52,0,0,1,3,0.3333,5.0,100.0,1302.9715,0.0,0,0.0,0.0
254.0,C,RUNNING,250.52,0,0,1,3,0.3333,5.0,100.0,1301.9715,0.0,0,0.0,0.0
255.0,C,RUNNING,251.52,0,0,1,3,0.3333,5.0,100.0,1300.9715,0.0,0,0.0,0.0
256.0,C,RUNNING,252.52,0,0,1,3,0.3333,5.0,100.0,1299.9715,0.0,0,0.0,0.0
257.0,C,RUNNING,253.52,0,0,1,3,0.3333,5.0,100.0,1298.9715,0.0,0,0.0,0.0
258.0,C,RUNNING,254.52,0,0,1,3,0.3333,5.0,100.0,1297.9715,0.0,0,0.0,0.0
259.0,C,RUNNING,255.52,0,0,1,3,0.3333,5.0,100.0,1296.9715,0.0,0,0.0,0.0
260.0,C,RUNNING,256.52,0,0,1,3,0.3333,5.0,100.0,1295.9715,0.0,0,0.0,0.0
261.0,C,RUNNING,257.52,0,0,1,3,0.3333,5.0,100.0,1294.9715,0.0,0,0.0,0.0
262.0,C,RUNNING,258.52,0,0,1,3,0.3333,5.0,100.0,1293.9715,0.0,0,0.0,0.0
263.0,C,RUNNING,259.52,0,0,1,3,0.3333,5.0,100.0,1292.9715,0.0,0,0.0,0.0
264.0,C,RUNNING,260.52,0,0,1,3,0.3333,5.0,100.0,1291.9715,0.0,0,0.0,0.0
265.0,C,RUNNING,261.52,0,0,1,3,0.3333,5.0,100.0,1290.9715,0.0,0,0.0,0.0
266.0,C,RUNNING,262.52,0,0,1,3,0.3333,5.0,100.0,1289.9715,0.0,0,0.0,0.0
267.0,C,RUNNING,263.52,0,0,1,3,0.3333,5.0,100.0,1288.9715,0.0,0,0.0,0.0
268.0,C,RUNNING,264.52,0,0,1,3,0.3333,5.0,100.0,1287.9715,0.0,0,0.0,0.0
269.0,C,RUNNING,265.52,0,0,1,3,0.3333,5.0,100.0,1286.9715,0.0,0,0.0,0.0
270.0,C,RUNNING,266.52,0,0,1,3,0.3333,5.0,100.0,1285.9715,0.0,0,0.0,0.0
271.0,C,RUNNING,267.52,0,0,1,3,0.3333,5.0,100.0,1284.9715,0.0,0,0.0,0.0
272.0,C,RUNNING,268.52,0,0,1,3,0.3333,5.0,100.0,1283.9715,0.0,0,0.0,0.0
273.0,C,RUNNING,269.52,0,0,1,3,0.3333,5.0,100.0,1282.9715,0.0,0,0.0,0.0
274.0,C,RUNNING,270.52,0,0,1,3,0.3333,5.0,100.0,1281.9715,0.0,0,0.0,0.0
275.0,C,RUNNING,271.52,0,0,1,3,0.3333,5.0,100.0,1280.9715,0.0,0,0.0,0.0
276.0,C,RUNNING,272.52,0,0,1,3,0.3333,5.0,100.0,1279.9715,0.0,0,0.0,0.0
277.0,C,RUNNING,273.52,0,0,1,3,0.3333,5.0,100.0,1278.9715,0.0,0,0.0,0.0
278.0,C,RUNNING,274.52,0,0,1,3,0.3333,5.0,100.0,1277.9715,0.0,0,0.0,0.0
279.0,C,RUNNING,275.52,0,0,1,3,0.3333,5.0,100.0,1276.9715,0.0,0,0.0,0.0
280.0,C,RUNNING,276.52,0,0,1,3,0.3333,5.0,100.0,1275.9715,0.0,0,0.0,0.0
281.0,C,RUNNING,277.52,0,0,1,3,0.3333,5.0,100.0,1274.9715,0.0,0,0.0,0.0
282.0,C,RUNNING,278.52,0,0,1,3,0.3333,5.0,100.0,1273.9715,0.0,0,0.0,0.0
283.0,C,RUNNING,279.52,0,0,1,3,0.3333,5.0,100.0,1272.9715,0.0,0,0.0,0.0
284.0,C,RUNNING,280.52,0,0,1,3,0.3333,5.0,100.0,1271.9715,0.0,0,0.0,0.0
285.0,C,RUNNING,281.52,0,0,1,3,0.3333,5.0,100.0,1270.9715,0.0,0,0.0,0.0
286.0,C,RUNNING,282.52,0,0,1,3,0.3333,5.0,100.0,1269.9715,0.0,0,0.0,0.0
287.0,C,RUNNING,283.52,0,0,1,3,0.3333,5.0,100.0,1268.9715,0.0,0,0.0,0.0
288.0,C,RUNNING,284.52,0,0,1,3,0.3333,5.0,100.0,1267.9715,0.0,0,0.0,0.0
289.0,C,RUNNING,285.52,0,0,1,3,0.3333,5.0,100.0,1266.9715,0.0,0,0.0,0.0
290.0,C,RUNNING,286.52,0,0,1,3,0.3333,5.0,100.0,1265.9715,0.0,0,0.0,0.0
291.0,C,RUNNING,287.52,0,0,1,3,0.3333,5.0,100.0,1264.9715,0.0,0,0.0,0.0
292.0,C,RUNNING,288.52,0,0,1,3,0.3333,5.0,100.0,1263.9715,0.0,0,0.0,0.0
293.0,C,RUNNING,289.52,0,0,1,3,0.3333,5.0,100.0,1262.9715,0.0,0,0.0,0.0
294.0,C,RUNNING,290.52,0,0,1,3,0.3333,5.0,100.0,1261.9715,0.0,0,0.0,0.0
295.0,C,RUNNING,291.52,0,0,1,3,0.3333,5.0,100.0,1260.9715,0.0,0,0.0,0.0
296.0,C,RUNNING,292.52,0,0,1,3,0.3333,5.0,100.0,1259.9715,0.0,0,0.0,0.0
297.0,C,RUNNING,293.52,0,0,1,3,0.3333,5.0,100.0,1258.9715,0.0,0,0.0,0.0
298.0,C,RUNNING,294.52,0,0,1,3,0.3333,5.0,100.0,1257.9715,0.0,0,0.0,0.0
299.0,C,RUNNING,295.52,0,0,1,3,0.3333,5.0,100.0,1256.9715,0.0,0,0.0,0.0
300.0,C,RUNNING,296.52,0,0,1,3,0.3333,5.0,100.0,1255.9715,0.0,0,0.0,0.0
301.0,C,RUNNING,297.52,0,0,1,3,0.3333,5.0,100.0,1254.9715,0.0,0,0.0,0.0
302.0,C,RUNNING,298.52,0,0,1,3,0.3333,5.0,100.0,1253.9715,0.0,0,0.0,0.0
303.0,C,RUNNING,299.52,0,0,1,3,0.3333,5.0,100.0,1252.9715,0.0,0,0.0,0.0
304.0,C,RUNNING,300.52,0,0,1,3,0.3333,5.0,100.0,1251.9715,0.0,0,0.0,0.0
305.0,C,RUNNING,301.52,0,0,1,3,0.3333,5.0,100.0,1250.9715,0.0,0,0.0,0.0
306.0,C,RUNNING,302.52,0,0,1,3,0.3333,5.0,100.0,1249.9715,0.0,0,0.0,0.0
307.0,C,RUNNING,303.52,0,0,1,3,0.3333,5.0,100.0,1248.9715,0.0,0,0.0,0.0
308.0,C,RUNNING,304.52,0,0,1,3,0.3333,5.0,100.0,1247.9715,0.0,0,0.0,0.0
309.0,C,RUNNING,305.52,0,0,1,3,0.3333,5.0,100.0,1246.9715,0.0,0,0.0,0.0
310.0,C,RUNNING,306.52,0,0,1,3,0.3333,5.0,100.0,1245.9715,0.0,0,0.0,0.0
311.0,C,RUNNING,307.52,0,0,1,3,0.3333,5.0,100.0,1244.9715,0.0,0,0.0,0.0
312.0,C,RUNNING,308.52,0,0,1,3,0.3333,5.0,100.0,1243.9715,0.0,0,0.0,0.0
313.0,C,RUNNING,309.52,0,0,1,3,0.3333,5.0,100.0,1242.9715,0.0,0,0.0,0.0
314.0,C,RUNNING,310.52,0,0,1,3,0.3333,5.0,100.0,1241.9715,0.0,0,0.0,0.0
315.0,C,RUNNING,311.52,0,0,1,3,0.3333,5.0,100.0,1240.9715,0.0,0,0.0,0.0
316.0,C,RUNNING,312.52,0,0,1,3,0.3333,5.0,100.0,1239.9715,0.0,0,0.0,0.0
317.0,C,RUNNING,313.52,0,0,1,3,0.3333,5.0,100.0,1238.9715,0.0,0,0.0,0.0
318.0,C,RUNNING,314.52,0,0,1,3,0.3333,5.0,100.0,1237.9715,0.0,0,0.0,0.0
319.0,C,RUNNING,315.52,0,0,1,3,0.3333,5.0,100.0,1236.9715,0.0,0,0.0,0.0
320.0,C,RUNNING,316.52,0,0,1,3,0.3333,5.0,100.0,1235.9715,0.0,0,0.0,0.0
321.0,C,RUNNING,317.52,0,0,1,3,0.3333,5.0,100.0,1234.9715,0.0,0,0.0,0.0
322.0,C,RUNNING,318.52,0,0,1,3,0.3333,5.0,100.0,1233.9715,0.0,0,0.0,0.0
323.0,C,RUNNING,319.52,0,0,1,3,0.3333,5.0,100.0,1232.9715,0.0,0,0.0,0.0
324.0,C,RUNNING,320.52,0,0,1,3,0.3333,5.0,100.0,1231.9715,0.0,0,0.0,0.0
325.0,C,RUNNING,321.52,0,0,1,3,0.3333,5.0,100.0,1230.9715,0.0,0,0.0,0.0
326.0,C,RUNNING,322.52,0,0,1,3,0.3333,5.0,100.0,1229.9715,0.0,0,0.0,0.0
327.0,C,RUNNING,323.52,0,0,1,3,0.3333,5.0,100.0,1228.9715,0.0,0,0.0,0.0
328.0,C,RUNNING,324.52,0,0,1,3,0.3333,5.0,100.0,1227.9715,0.0,0,0.0,0.0
329.0,C,RUNNING,325.52,0,0,1,3,0.3333,5.0,100.0,1226.9715,0.0,0,0.0,0.0
330.0,C,RUNNING,326.52,0,0,1,3,0.3333,5.0,100.0,1225.9715,0.0,0,0.0,0.0
331.0,C,RUNNING,327.52,0,0,1,3,0.3333,5.0,100.0,1224.9715,0.0,0,0.0,0.0
332.0,C,RUNNING,328.52,0,0,1,3,0.3333,5.0,100.0,1223.9715,0.0,0,0.0,0.0
333.0,C,RUNNING,329.52,0,0,1,3,0.3333,5.0,100.0,1222.9715,0.0,0,0.0,0.0
334.0,C,RUNNING,330.52,0,0,1,3,0.3333,5.0,100.0,1221.9715,0.0,0,0.0,0.0
335.0,C,RUNNING,331.52,0,0,1,3,0.3333,5.0,100.0,1220.9715,0.0,0,0.0,0.0
336.0,C,RUNNING,332.52,0,0,1,3,0.3333,5.0,100.0,1219.9715,0.0,0,0.0,0.0
337.0,C,RUNNING,333.52,0,0,1,3,0.3333,5.0,100.0,1218.9715,0.0,0,0.0,0.0
338.0,C,RUNNING,334.52,0,0,1,3,0.3333,5.0,100.0,1217.9715,0.0,0,0.0,0.0
339.0,C,RUNNING,335.52,0,0,1,3,0.3333,5.0,100.0,1216.9715,0.0,0,0.0,0.0
340.0,C,RUNNING,336.52,0,0,1,3,0.3333,5.0,100.0,1215.9715,0.0,0,0.0,0.0
341.0,C,RUNNING,337.52,0,0,1,3,0.3333,5.0,100.0,1214.9715,0.0,0,0.0,0.0
342.0,C,RUNNING,338.52,0,0,1,3,0.3333,5.0,100.0,1213.9715,0.0,0,0.0,0.0
343.0,C,RUNNING,339.52,0,0,1,3,0.3333,5.0,100.0,1212.9715,0.0,0,0.0,0.0
344.0,C,RUNNING,340.52,0,0,1,3,0.3333,5.0,100.0,1211.9715,0.0,0,0.0,0.0
345.0,C,RUNNING,341.52,0,0,1,3,0.3333,5.0,100.0,1210.9715,0.0,0,0.0,0.0
346.0,C,RUNNING,342.52,0,0,1,3,0.3333,5.0,100.0,1209.9715,0.0,0,0.0,0.0
347.0,C,RUNNING,343.52,0,0,1,3,0.3333,5.0,100.0,1208.9715,0.0,0,0.0,0.0
348.0,C,RUNNING,344.52,0,0,1,3,0.3333,5.0,100.0,1207.9715,0.0,0,0.0,0.0
349.0,C,RUNNING,345.52,0,0,1,3,0.3333,5.0,100.0,1206.9715,0.0,0,0.0,0.0
350.0,C,RUNNING,346.52,0,0,1,3,0.3333,5.0,100.0,1205.9715,0.0,0,0.0,0.0
351.0,C,RUNNING,347.52,0,0,1,3,0.3333,5.0,100.0,1204.9715,0.0,0,0.0,0.0
352.0,C,RUNNING,348.52,0,0,1,3,0.3333,5.0,100.0,1203.9715,0.0,0,0.0,0.0
353.0,C,RUNNING,349.52,0,0,1,3,0.3333,5.0,100.0,1202.9715,0.0,0,0.0,0.0
354.0,C,RUNNING,350.52,0,0,1,3,0.3333,5.0,100.0,1201.9715,0.0,0,0.0,0.0
355.0,C,RUNNING,351.52,0,0,1,3,0.3333,5.0,100.0,1200.9715,0.0,0,0.0,0.0
356.0,C,RUNNING,352.52,0,0,1,3,0.3333,5.0,100.0,1199.9715,0.0,0,0.0,0.0
357.0,C,RUNNING,353.52,0,0,1,3,0.3333,5.0,100.0,1198.9715,0.0,0,0.0,0.0
358.0,C,RUNNING,354.52,0,0,1,3,0.3333,5.0,100.0,1197.9715,0.0,0,0.0,0.0
359.0,C,RUNNING,355.52,0,0,1,3,0.3333,5.0,100.0,1196.9715,0.0,0,0.0,0.0
360.0,C,RUNNING,356.52,0,0,1,3,0.3333,5.0,100.0,1195.9715,0.0,0,0.0,0.0
361.0,C,RUNNING,357.52,0,0,1,3,0.3333,5.0,100.0,1194.9715,0.0,0,0.0,0.0
362.0,C,RUNNING,358.52,0,0,1,3,0.3333,5.0,100.0,1193.9715,0.0,0,0.0,0.0
363.0,C,RUNNING,359.52,0,0,1,3,0.3333,5.0,100.0,1192.9715,0.0,0,0.0,0.0
364.0,C,RUNNING,360.52,0,0,1,3,0.3333,5.0,100.0,1191.9715,0.0,0,0.0,0.0
365.0,C,RUNNING,361.52,0,0,1,3,0.3333,5.0,100.0,1190.9715,0.0,0,0.0,0.0
366.0,C,RUNNING,362.52,0,0,1,3,0.3333,5.0,100.0,1189.9715,0.0,0,0.0,0.0
367.0,C,RUNNING,363.52,0,0,1,3,0.3333,5.0,100.0,1188.9715,0.0,0,0.0,0.0
368.0,C,RUNNING,364.52,0,0,1,3,0.3333,5.0,100.0,1187.9715,0.0,0,0.0,0.0
369.0,C,RUNNING,365.52,0,0,1,3,0.3333,5.0,100.0,1186.9715,0.0,0,0.0,0.0
370.0,C,RUNNING,366.52,0,0,1,3,0.3333,5.0,100.0,1185.9715,0.0,0,0.0,0.0
371.0,C,RUNNING,367.52,0,0,1,3,0.3333,5.0,100.0,1184.9715,0.0,0,0.0,0.0
372.0,C,RUNNING,368.52,0,0,1,3,0.3333,5.0,100.0,1183.9715,0.0,0,0.0,0.0
373.0,C,RUNNING,369.52,0,0,1,3,0.3333,5.0,100.0,1182.9715,0.0,0,0.0,0.0
374.0,C,RUNNING,370.52,0,0,1,3,0.3333,5.0,100.0,1181.9715,0.0,0,0.0,0.0
375.0,C,RUNNING,371.52,0,0,1,3,0.3333,5.0,100.0,1180.9715,0.0,0,0.0,0.0
376.0,C,RUNNING,372.52,0,0,1,3,0.3333,5.0,100.0,1179.9715,0.0,0,0.0,0.0
377.0,C,RUNNING,373.52,0,0,1,3,0.3333,5.0,100.0,1178.9715,0.0,0,0.0,0.0
378.0,C,RUNNING,374.52,0,0,1,3,0.3333,5.0,100.0,1177.9715,0.0,0,0.0,0.0
379.0,C,RUNNING,375.52,0,0,1,3,0.3333,5.0,100.0,1176.9715,0.0,0,0.0,0.0
380.0,C,RUNNING,376.52,0,0,1,3,0.3333,5.0,100.0,1175.9715,0.0,0,0.0,0.0
381.0,C,RUNNING,377.52,0,0,1,3,0.3333,5.0,100.0,1174.9715,0.0,0,0.0,0.0
382.0,C,RUNNING,378.52,0,0,1,3,0.3333,5.0,100.0,1173.9715,0.0,0,0.0,0.0
383.0,C,RUNNING,379.52,0,0,1,3,0.3333,5.0,100.0,1172.9715,0.0,0,0.0,0.0
384.0,C,RUNNING,380.52,0,0,1,3,0.3333,5.0,100.0,1171.9715,0.0,0,0.0,0.0
385.0,C,RUNNING,381.52,0,0,1,3,0.3333,5.0,100.0,1170.9715,0.0,0,0.0,0.0
386.0,C,RUNNING,382.52,0,0,1,3,0.3333,5.0,100.0,1169.9715,0.0,0,0.0,0.0
387.0,C,RUNNING,383.52,0,0,1,3,0.3333,5.0,100.0,1168.9715,0.0,0,0.0,0.0
388.0,C,RUNNING,384.52,0,0,1,3,0.3333,5.0,100.0,1167.9715,0.0,0,0.0,0.0
389.0,C,RUNNING,385.52,0,0,1,3,0.3333,5.0,100.0,1166.9715,0.0,0,0.0,0.0
390.0,C,RUNNING,386.52,0,0,1,3,0.3333,5.0,100.0,1165.9715,0.0,0,0.0,0.0
391.0,C,RUNNING,387.52,0,0,1,3,0.3333,5.0,100.0,1164.9715,0.0,0,0.0,0.0
392.0,C,RUNNING,388.52,0,0,1,3,0.3333,5.0,100.0,1163.9715,0.0,0,0.0,0.0
393.0,C,RUNNING,389.52,0,0,1,3,0.3333,5.0,100.0,1162.9715,0.0,0,0.0,0.0
394.0,C,RUNNING,390.52,0,0,1,3,0.3333,5.0,100.0,1161.9715,0.0,0,0.0,0.0
395.0,C,RUNNING,391.52,0,0,1,3,0.3333,5.0,100.0,1160.9715,0.0,0,0.0,0.0
396.0,C,RUNNING,392.52,0,0,1,3,0.3333,5.0,100.0,1159.9715,0.0,0,0.0,0.0
397.0,C,RUNNING,393.52,0,0,1,3,0.3333,5.0,100.0,1158.9715,0.0,0,0.0,0.0
398.0,C,RUNNING,394.52,0,0,1,3,0.3333,5.0,100.0,1157.9715,0.0,0,0.0,0.0
399.0,C,RUNNING,395.52,0,0,1,3,0.3333,5.0,100.0,1156.9715,0.0,0,0.0,0.0
400.0,C,RUNNING,396.52,0,0,1,3,0.3333,5.0,100.0,1155.9715,0.0,0,0.0,0.0
401.0,C,RUNNING,397.52,0,0,1,3,0.3333,5.0,100.0,1154.9715,0.0,0,0.0,0.0
402.0,C,RUNNING,398.52,0,0,1,3,0.3333,5.0,100.0,1153.9715,0.0,0,0.0,0.0
403.0,C,RUNNING,399.52,0,0,1,3,0.3333,5.0,100.0,1152.9715,0.0,0,0.0,0.0
404.0,C,RUNNING,400.52,0,0,1,3,0.3333,5.0,100.0,1151.9715,0.0,0,0.0,0.0
405.0,C,RUNNING,401.52,0,0,1,3,0.3333,5.0,100.0,1150.9715,0.0,0,0.0,0.0
406.0,C,RUNNING,402.52,0,0,1,3,0.3333,5.0,100.0,1149.9715,0.0,0,0.0,0.0
407.0,C,RUNNING,403.52,0,0,1,3,0.3333,5.0,100.0,1148.9715,0.0,0,0.0,0.0
408.0,C,RUNNING,404.52,0,0,1,3,0.3333,5.0,100.0,1147.9715,0.0,0,0.0,0.0
409.0,C,RUNNING,405.52,0,0,1,3,0.3333,5.0,100.0,1146.9715,0.0,0,0.0,0.0
410.0,C,RUNNING,406.52,0,0,1,3,0.3333,5.0,100.0,1145.9715,0.0,0,0.0,0.0
411.0,C,RUNNING,407.52,0,0,1,3,0.3333,5.0,100.0,1144.9715,0.0,0,0.0,0.0
412.0,C,RUNNING,408.52,0,0,1,3,0.3333,5.0,100.0,1143.9715,0.0,0,0.0,0.0
413.0,C,RUNNING,409.52,0,0,1,3,0.3333,5.0,100.0,1142.9715,0.0,0,0.0,0.0
414.0,C,RUNNING,410.52,0,0,1,3,0.3333,5.0,100.0,1141.9715,0.0,0,0.0,0.0
415.0,C,RUNNING,411.52,0,0,1,3,0.3333,5.0,100.0,1140.9715,0.0,0,0.0,0.0
416.0,C,RUNNING,412.52,0,0,1,3,0.3333,5.0,100.0,1139.9715,0.0,0,0.0,0.0
417.0,C,RUNNING,413.52,0,0,1,3,0.3333,5.0,100.0,1138.9715,0.0,0,0.0,0.0
418.0,C,RUNNING,414.52,0,0,1,3,0.3333,5.0,100.0,1137.9715,0.0,0,0.0,0.0
419.0,C,RUNNING,415.52,0,0,1,3,0.3333,5.0,100.0,1136.9715,0.0,0,0.0,0.0
420.0,C,RUNNING,416.52,0,0,1,3,0.3333,5.0,100.0,1135.9715,0.0,0,0.0,0.0
421.0,C,RUNNING,417.52,0,0,1,3,0.3333,5.0,100.0,1134.9715,0.0,0,0.0,0.0
422.0,C,RUNNING,418.52,0,0,1,3,0.3333,5.0,100.0,1133.9715,0.0,0,0.0,0.0
423.0,C,RUNNING,419.52,0,0,1,3,0.3333,5.0,100.0,1132.9715,0.0,0,0.0,0.0
424.0,C,RUNNING,420.52,0,0,1,3,0.3333,5.0,100.0,1131.9715,0.0,0,0.0,0.0
425.0,C,RUNNING,421.52,0,0,1,3,0.3333,5.0,100.0,1130.9715,0.0,0,0.0,0.0
426.0,C,RUNNING,422.52,0,0,1,3,0.3333,5.0,100.0,1129.9715,0.0,0,0.0,0.0
427.0,C,RUNNING,423.52,0,0,1,3,0.3333,5.0,100.0,1128.9715,0.0,0,0.0,0.0
428.0,C,RUNNING,424.52,0,0,1,3,0.3333,5.0,100.0,1127.9715,0.0,0,0.0,0.0
429.0,C,RUNNING,425.52,0,0,1,3,0.3333,5.0,100.0,1126.9715,0.0,0,0.0,0.0
430.0,C,RUNNING,426.52,0,0,1,3,0.3333,5.0,100.0,1125.9715,0.0,0,0.0,0.0
431.0,C,RUNNING,427.52,0,0,1,3,0.3333,5.0,100.0,1124.9715,0.0,0,0.0,0.0
432.0,C,RUNNING,428.52,0,0,1,3,0.3333,5.0,100.0,1123.9715,0.0,0,0.0,0.0
433.0,C,RUNNING,429.52,0,0,1,3,0.3333,5.0,100.0,1122.9715,0.0,0,0.0,0.0
434.0,C,RUNNING,430.52,0,0,1,3,0.3333,5.0,100.0,1121.9715,0.0,0,0.0,0.0
435.0,C,RUNNING,431.52,0,0,1,3,0.3333,5.0,100.0,1120.9715,0.0,0,0.0,0.0
436.0,C,RUNNING,432.52,0,0,1,3,0.3333,5.0,100.0,1119.9715,0.0,0,0.0,0.0
437.0,C,RUNNING,433.52,0,0,1,3,0.3333,5.0,100.0,1118.9715,0.0,0,0.0,0.0
438.0,C,RUNNING,434.52,0,0,1,3,0.3333,5.0,100.0,1117.9715,0.0,0,0.0,0.0
439.0,C,RUNNING,435.52,0,0,1,3,0.3333,5.0,100.0,1116.9715,0.0,0,0.0,0.0
440.0,C,RUNNING,436.52,0,0,1,3,0.3333,5.0,100.0,1115.9715,0.0,0,0.0,0.0
441.0,C,RUNNING,437.52,0,0,1,3,0.3333,5.0,100.0,1114.9715,0.0,0,0.0,0.0
442.0,C,RUNNING,438.52,0,0,1,3,0.3333,5.0,100.0,1113.9715,0.0,0,0.0,0.0
443.0,C,RUNNING,439.52,0,0,1,3,0.3333,5.0,100.0,1112.9715,0.0,0,0.0,0.0
444.0,C,RUNNING,440.52,0,0,1,3,0.3333,5.0,100.0,1111.9715,0.0,0,0.0,0.0
445.0,C,RUNNING,441.52,0,0,1,3,0.3333,5.0,100.0,1110.9715,0.0,0,0.0,0.0
446.0,C,RUNNING,442.52,0,0,1,3,0.3333,5.0,100.0,1109.9715,0.0,0,0.0,0.0
447.0,C,RUNNING,443.52,0,0,1,3,0.3333,5.0,100.0,1108.9715,0.0,0,0.0,0.0
448.0,C,RUNNING,444.52,0,0,1,3,0.3333,5.0,100.0,1107.9715,0.0,0,0.0,0.0
449.0,C,RUNNING,445.52,0,0,1,3,0.3333,5.0,100.0,1106.9715,0.0,0,0.0,0.0
450.0,C,RUNNING,446.52,0,0,1,3,0.3333,5.0,100.0,1105.9715,0.0,0,0.0,0.0
451.0,C,RUNNING,447.52,0,0,1,3,0.3333,5.0,100.0,1104.9715,0.0,0,0.0,0.0
452.0,C,RUNNING,448.52,0,0,1,3,0.3333,5.0,100.0,1103.9715,0.0,0,0.0,0.0
453.0,C,RUNNING,449.52,0,0,1,3,0.3333,5.0,100.0,1102.9715,0.0,0,0.0,0.0
454.0,C,RUNNING,450.52,0,0,1,3,0.3333,5.0,100.0,1101.9715,0.0,0,0.0,0.0
455.0,C,RUNNING,451.52,0,0,1,3,0.3333,5.0,100.0,1100.9715,0.0,0,0.0,0.0
456.0,C,RUNNING,452.52,0,0,1,3,0.3333,5.0,100.0,1099.9715,0.0,0,0.0,0.0
457.0,C,RUNNING,453.52,0,0,1,3,0.3333,5.0,100.0,1098.9715,0.0,0,0.0,0.0
458.0,C,RUNNING,454.52,0,0,1,3,0.3333,5.0,100.0,1097.9715,0.0,0,0.0,0.0
459.0,C,RUNNING,455.52,0,0,1,3,0.3333,5.0,100.0,1096.9715,0.0,0,0.0,0.0
460.0,C,RUNNING,456.52,0,0,1,3,0.3333,5.0,100.0,1095.9715,0.0,0,0.0,0.0
461.0,C,RUNNING,457.52,0,0,1,3,0.3333,5.0,100.0,1094.9715,0.0,0,0.0,0.0
462.0,C,RUNNING,458.52,0,0,1,3,0.3333,5.0,100.0,1093.9715,0.0,0,0.0,0.0
463.0,C,RUNNING,459.52,0,0,1,3,0.3333,5.0,100.0,1092.9715,0.0,0,0.0,0.0
464.0,C,RUNNING,460.52,0,0,1,3,0.3333,5.0,100.0,1091.9715,0.0,0,0.0,0.0
465.0,C,RUNNING,461.52,0,0,1,3,0.3333,5.0,100.0,1090.9715,0.0,0,0.0,0.0
466.0,C,RUNNING,462.52,0,0,1,3,0.3333,5.0,100.0,1089.9715,0.0,0,0.0,0.0
467.0,C,RUNNING,463.52,0,0,1,3,0.3333,5.0,100.0,1088.9715,0.0,0,0.0,0.0
468.0,C,RUNNING,464.52,0,0,1,3,0.3333,5.0,100.0,1087.9715,0.0,0,0.0,0.0
469.0,C,RUNNING,465.52,0,0,1,3,0.3333,5.0,100.0,1086.9715,0.0,0,0.0,0.0
470.0,C,RUNNING,466.52,0,0,1,3,0.3333,5.0,100.0,1085.9715,0.0,0,0.0,0.0
471.0,C,RUNNING,467.52,0,0,1,3,0.3333,5.0,100.0,1084.9715,0.0,0,0.0,0.0
472.0,C,RUNNING,468.52,0,0,1,3,0.3333,5.0,100.0,1083.9715,0.0,0,0.0,0.0
473.0,C,RUNNING,469.52,0,0,1,3,0.3333,5.0,100.0,1082.9715,0.0,0,0.0,0.0
474.0,C,RUNNING,470.52,0,0,1,3,0.3333,5.0,100.0,1081.9715,0.0,0,0.0,0.0
475.0,C,RUNNING,471.52,0,0,1,3,0.3333,5.0,100.0,1080.9715,0.0,0,0.0,0.0
476.0,C,RUNNING,472.52,0,0,1,3,0.3333,5.0,100.0,1079.9715,0.0,0,0.0,0.0
477.0,C,RUNNING,473.52,0,0,1,3,0.3333,5.0,100.0,1078.9715,0.0,0,0.0,0.0
478.0,C,RUNNING,474.52,0,0,1,3,0.3333,5.0,100.0,1077.9715,0.0,0,0.0,0.0
479.0,C,RUNNING,475.52,0,0,1,3,0.3333,5.0,100.0,1076.9715,0.0,0,0.0,0.0
480.0,C,RUNNING,476.52,0,0,1,3,0.3333,5.0,100.0,1075.9715,0.0,0,0.0,0.0
481.0,C,RUNNING,477.52,0,0,1,3,0.3333,5.0,100.0,1074.9715,0.0,0,0.0,0.0
482.0,C,RUNNING,478.52,0,0,1,3,0.3333,5.0,100.0,1073.9715,0.0,0,0.0,0.0
483.0,C,RUNNING,479.52,0,0,1,3,0.3333,5.0,100.0,1072.9715,0.0,0,0.0,0.0
484.0,C,RUNNING,480.52,0,0,1,3,0.3333,5.0,100.0,1071.9715,0.0,0,0.0,0.0
485.0,C,RUNNING,481.52,0,0,1,3,0.3333,5.0,100.0,1070.9715,0.0,0,0.0,0.0
486.0,C,RUNNING,482.52,0,0,1,3,0.3333,5.0,100.0,1069.9715,0.0,0,0.0,0.0
487.0,C,RUNNING,483.52,0,0,1,3,0.3333,5.0,100.0,1068.9715,0.0,0,0.0,0.0
488.0,C,RUNNING,484.524,0,0,1,3,0.3333,5.0,100.0,1067.9675,0.0,0,0.0,0.0
489.0,C,RUNNING,485.52,0,0,1,3,0.3333,5.0,100.0,1066.9715,0.0,0,0.0,0.0
490.0,C,RUNNING,486.52,0,0,1,3,0.3333,5.0,100.0,1065.9715,0.0,0,0.0,0.0
491.0,C,RUNNING,487.52,0,0,1,3,0.3333,5.0,100.0,1064.9715,0.0,0,0.0,0.0
492.0,C,RUNNING,488.52,0,0,1,3,0.3333,5.0,100.0,1063.9715,0.0,0,0.0,0.0
493.0,C,RUNNING,489.52,0,0,1,3,0.3333,5.0,100.0,1062.9715,0.0,0,0.0,0.0
494.0,C,RUNNING,490.52,0,0,1,3,0.3333,5.0,100.0,1061.9715,0.0,0,0.0,0.0
495.0,C,RUNNING,491.52,0,0,1,3,0.3333,5.0,100.0,1060.9715,0.0,0,0.0,0.0
496.0,C,RUNNING,492.52,0,0,1,3,0.3333,5.0,100.0,1059.9715,0.0,0,0.0,0.0
497.0,C,RUNNING,493.52,0,0,1,3,0.3333,5.0,100.0,1058.9715,0.0,0,0.0,0.0
498.0,C,RUNNING,494.52,0,0,1,3,0.3333,5.0,100.0,1057.9715,0.0,0,0.0,0.0
499.0,C,RUNNING,495.52,0,0,1,3,0.3333,5.0,100.0,1056.9715,0.0,0,0.0,0.0
500.0,C,RUNNING,496.52,0,0,1,3,0.3333,5.0,100.0,1055.9715,0.0,0,0.0,0.0
501.0,C,RUNNING,497.52,0,0,1,3,0.3333,5.0,100.0,1054.9715,0.0,0,0.0,0.0
502.0,C,RUNNING,498.52,0,0,1,3,0.3333,5.0,100.0,1053.9715,0.0,0,0.0,0.0
503.0,C,RUNNING,499.52,0,0,1,3,0.3333,5.0,100.0,1052.9715,0.0,0,0.0,0.0
504.0,C,RUNNING,500.52,0,0,1,3,0.3333,5.0,100.0,1051.9715,0.0,0,0.0,0.0
505.0,C,RUNNING,501.52,0,0,1,3,0.3333,5.0,100.0,1050.9715,0.0,0,0.0,0.0
506.0,C,RUNNING,502.52,0,0,1,3,0.3333,5.0,100.0,1049.9715,0.0,0,0.0,0.0
507.0,C,RUNNING,503.524,0,0,1,3,0.3333,5.0,100.0,1048.9675,0.0,0,0.0,0.0
508.0,C,RUNNING,504.52,0,0,1,3,0.3333,5.0,100.0,1047.9715,0.0,0,0.0,0.0
509.0,C,RUNNING,505.52,0,0,1,3,0.3333,5.0,100.0,1046.9715,0.0,0,0.0,0.0
510.0,C,RUNNING,506.52,0,0,1,3,0.3333,5.0,100.0,1045.9715,0.0,0,0.0,0.0
511.0,C,RUNNING,507.52,0,0,1,3,0.3333,5.0,100.0,1044.9715,0.0,0,0.0,0.0
512.0,C,RUNNING,508.52,0,0,1,3,0.3333,5.0,100.0,1043.9715,0.0,0,0.0,0.0
513.0,C,RUNNING,509.52,0,0,1,3,0.3333,5.0,100.0,1042.9715,0.0,0,0.0,0.0
514.0,C,RUNNING,510.52,0,0,1,3,0.3333,5.0,100.0,1041.9715,0.0,0,0.0,0.0
515.0,C,RUNNING,511.52,0,0,1,3,0.3333,5.0,100.0,1040.9715,0.0,0,0.0,0.0
516.0,C,RUNNING,512.52,0,0,1,3,0.3333,5.0,100.0,1039.9715,0.0,0,0.0,0.0
517.0,C,RUNNING,513.52,0,0,1,3,0.3333,5.0,100.0,1038.9715,0.0,0,0.0,0.0
518.0,C,RUNNING,514.52,0,0,1,3,0.3333,5.0,100.0,1037.9715,0.0,0,0.0,0.0
519.0,C,RUNNING,515.52,0,0,1,3,0.3333,5.0,100.0,1036.9715,0.0,0,0.0,0.0
520.0,C,RUNNING,516.52,0,0,1,3,0.3333,5.0,100.0,1035.9715,0.0,0,0.0,0.0
521.0,C,RUNNING,517.52,0,0,1,3,0.3333,5.0,100.0,1034.9715,0.0,0,0.0,0.0
522.0,C,RUNNING,518.52,0,0,1,3,0.3333,5.0,100.0,1033.9715,0.0,0,0.0,0.0
523.0,C,RUNNING,519.52,0,0,1,3,0.3333,5.0,100.0,1032.9715,0.0,0,0.0,0.0
524.0,C,RUNNING,520.52,0,0,1,3,0.3333,5.0,100.0,1031.9715,0.0,0,0.0,0.0
525.0,C,RUNNING,521.52,0,0,1,3,0.3333,5.0,100.0,1030.9715,0.0,0,0.0,0.0
526.0,C,RUNNING,522.52,0,0,1,3,0.3333,5.0,100.0,1029.9715,0.0,0,0.0,0.0
527.0,C,RUNNING,523.52,0,0,1,3,0.3333,5.0,100.0,1028.9715,0.0,0,0.0,0.0
528.0,C,RUNNING,524.52,0,0,1,3,0.3333,5.0,100.0,1027.9715,0.0,0,0.0,0.0
529.0,C,RUNNING,525.52,0,0,1,3,0.3333,5.0,100.0,1026.9715,0.0,0,0.0,0.0
530.0,C,RUNNING,526.52,0,0,1,3,0.3333,5.0,100.0,1025.9715,0.0,0,0.0,0.0
531.0,C,RUNNING,527.52,0,0,1,3,0.3333,5.0,100.0,1024.9715,0.0,0,0.0,0.0
532.0,C,RUNNING,528.52,0,0,1,3,0.3333,5.0,100.0,1023.9715,0.0,0,0.0,0.0
533.0,C,RUNNING,529.52,0,0,1,3,0.3333,5.0,100.0,1022.9715,0.0,0,0.0,0.0
534.0,C,RUNNING,530.52,0,0,1,3,0.3333,5.0,100.0,1021.9715,0.0,0,0.0,0.0
535.0,C,RUNNING,531.52,0,0,1,3,0.3333,5.0,100.0,1020.9715,0.0,0,0.0,0.0
536.0,C,RUNNING,532.52,0,0,1,3,0.3333,5.0,100.0,1019.9715,0.0,0,0.0,0.0
537.0,C,RUNNING,533.52,0,0,1,3,0.3333,5.0,100.0,1018.9715,0.0,0,0.0,0.0
538.0,C,RUNNING,534.52,0,0,1,3,0.3333,5.0,100.0,1017.9715,0.0,0,0.0,0.0
539.0,C,RUNNING,535.52,0,0,1,3,0.3333,5.0,100.0,1016.9715,0.0,0,0.0,0.0
540.0,C,RUNNING,536.52,0,0,1,3,0.3333,5.0,100.0,1015.9715,0.0,0,0.0,0.0
541.0,C,RUNNING,537.52,0,0,1,3,0.3333,5.0,100.0,1014.9715,0.0,0,0.0,0.0
542.0,C,RUNNING,538.52,0,0,1,3,0.3333,5.0,100.0,1013.9715,0.0,0,0.0,0.0
543.0,C,RUNNING,539.52,0,0,1,3,0.3333,5.0,100.0,1012.9715,0.0,0,0.0,0.0
544.0,C,RUNNING,540.52,0,0,1,3,0.3333,5.0,100.0,1011.9715,0.0,0,0.0,0.0
545.0,C,RUNNING,541.52,0,0,1,3,0.3333,5.0,100.0,1010.9715,0.0,0,0.0,0.0
546.0,C,RUNNING,542.52,0,0,1,3,0.3333,5.0,100.0,1009.9715,0.0,0,0.0,0.0
547.0,C,RUNNING,543.52,0,0,1,3,0.3333,5.0,100.0,1008.9715,0.0,0,0.0,0.0
548.0,C,RUNNING,544.52,0,0,1,3,0.3333,5.0,100.0,1007.9715,0.0,0,0.0,0.0
549.0,C,RUNNING,545.52,0,0,1,3,0.3333,5.0,100.0,1006.9715,0.0,0,0.0,0.0
550.0,C,RUNNING,546.52,0,0,1,3,0.3333,5.0,100.0,1005.9715,0.0,0,0.0,0.0
551.0,C,RUNNING,547.52,0,0,1,3,0.3333,5.0,100.0,1004.9715,0.0,0,0.0,0.0
552.0,C,RUNNING,548.52,0,0,1,3,0.3333,5.0,100.0,1003.9715,0.0,0,0.0,0.0
553.0,C,RUNNING,549.52,0,0,1,3,0.3333,5.0,100.0,1002.9715,0.0,0,0.0,0.0
554.0,C,RUNNING,550.52,0,0,1,3,0.3333,5.0,100.0,1001.9715,0.0,0,0.0,0.0
555.0,C,RUNNING,551.52,0,0,1,3,0.3333,5.0,100.0,1000.9715,0.0,0,0.0,0.0
556.0,C,RUNNING,552.52,0,0,1,3,0.3333,5.0,100.0,999.9715,0.0,0,0.0,0.0
557.0,C,RUNNING,553.52,0,0,1,3,0.3333,5.0,100.0,998.9715,0.0,0,0.0,0.0
558.0,C,RUNNING,554.52,0,0,1,3,0.3333,5.0,100.0,997.9715,0.0,0,0.0,0.0
559.0,C,RUNNING,555.52,0,0,1,3,0.3333,5.0,100.0,996.9715,0.0,0,0.0,0.0
560.0,C,RUNNING,556.52,0,0,1,3,0.3333,5.0,100.0,995.9715,0.0,0,0.0,0.0
561.0,C,RUNNING,557.52,0,0,1,3,0.3333,5.0,100.0,994.9715,0.0,0,0.0,0.0
562.0,C,RUNNING,558.52,0,0,1,3,0.3333,5.0,100.0,993.9715,0.0,0,0.0,0.0
563.0,C,RUNNING,559.52,0,0,1,3,0.3333,5.0,100.0,992.9715,0.0,0,0.0,0.0
564.0,C,RUNNING,560.52,0,0,1,3,0.3333,5.0,100.0,991.9715,0.0,0,0.0,0.0
565.0,C,RUNNING,561.52,0,0,1,3,0.3333,5.0,100.0,990.9715,0.0,0,0.0,0.0
566.0,C,RUNNING,562.52,0,0,1,3,0.3333,5.0,100.0,989.9715,0.0,0,0.0,0.0
567.0,C,RUNNING,563.52,0,0,1,3,0.3333,5.0,100.0,988.9715,0.0,0,0.0,0.0
568.0,C,RUNNING,564.52,0,0,1,3,0.3333,5.0,100.0,987.9715,0.0,0,0.0,0.0
569.0,C,RUNNING,565.52,0,0,1,3,0.3333,5.0,100.0,986.9715,0.0,0,0.0,0.0
570.0,C,RUNNING,566.52,0,0,1,3,0.3333,5.0,100.0,985.9715,0.0,0,0.0,0.0
571.0,C,RUNNING,567.52,0,0,1,3,0.3333,5.0,100.0,984.9715,0.0,0,0.0,0.0
572.0,C,RUNNING,568.52,0,0,1,3,0.3333,5.0,100.0,983.9715,0.0,0,0.0,0.0
573.0,C,RUNNING,569.52,0,0,1,3,0.3333,5.0,100.0,982.9715,0.0,0,0.0,0.0
574.0,C,RUNNING,570.52,0,0,1,3,0.3333,5.0,100.0,981.9715,0.0,0,0.0,0.0
575.0,C,RUNNING,571.52,0,0,1,3,0.3333,5.0,100.0,980.9715,0.0,0,0.0,0.0
576.0,C,RUNNING,572.52,0,0,1,3,0.3333,5.0,100.0,979.9715,0.0,0,0.0,0.0
577.0,C,RUNNING,573.524,0,0,1,3,0.3333,5.0,100.0,978.9675,0.0,0,0.0,0.0
578.0,C,RUNNING,574.52,0,0,1,3,0.3333,5.0,100.0,977.9715,0.0,0,0.0,0.0
579.0,C,RUNNING,575.52,0,0,1,3,0.3333,5.0,100.0,976.9715,0.0,0,0.0,0.0
580.0,C,RUNNING,576.52,0,0,1,3,0.3333,5.0,100.0,975.9715,0.0,0,0.0,0.0
581.0,C,RUNNING,577.52,0,0,1,3,0.3333,5.0,100.0,974.9715,0.0,0,0.0,0.0
582.0,C,RUNNING,578.52,0,0,1,3,0.3333,5.0,100.0,973.9715,0.0,0,0.0,0.0
583.0,C,RUNNING,579.52,0,0,1,3,0.3333,5.0,100.0,972.9715,0.0,0,0.0,0.0
584.0,C,RUNNING,580.52,0,0,1,3,0.3333,5.0,100.0,971.9715,0.0,0,0.0,0.0
585.0,C,RUNNING,581.52,0,0,1,3,0.3333,5.0,100.0,970.9715,0.0,0,0.0,0.0
586.0,C,RUNNING,582.52,0,0,1,3,0.3333,5.0,100.0,969.9715,0.0,0,0.0,0.0
587.0,C,RUNNING,583.52,0,0,1,3,0.3333,5.0,100.0,968.9715,0.0,0,0.0,0.0
588.0,C,RUNNING,584.52,0,0,1,3,0.3333,5.0,100.0,967.9715,0.0,0,0.0,0.0
589.0,C,RUNNING,585.52,0,0,1,3,0.3333,5.0,100.0,966.9715,0.0,0,0.0,0.0
590.0,C,RUNNING,586.52,0,0,1,3,0.3333,5.0,100.0,965.9715,0.0,0,0.0,0.0
591.0,C,RUNNING,587.52,0,0,1,3,0.3333,5.0,100.0,964.9715,0.0,0,0.0,0.0
592.0,C,RUNNING,588.52,0,0,1,3,0.3333,5.0,100.0,963.9715,0.0,0,0.0,0.0
593.0,C,RUNNING,589.52,0,0,1,3,0.3333,5.0,100.0,962.9715,0.0,0,0.0,0.0
594.0,C,RUNNING,590.52,0,0,1,3,0.3333,5.0,100.0,961.9715,0.0,0,0.0,0.0
595.0,C,RUNNING,591.52,0,0,1,3,0.3333,5.0,100.0,960.9715,0.0,0,0.0,0.0
596.0,C,RUNNING,592.52,0,0,1,3,0.3333,5.0,100.0,959.9715,0.0,0,0.0,0.0
597.0,C,RUNNING,593.52,0,0,1,3,0.3333,5.0,100.0,958.9715,0.0,0,0.0,0.0
598.0,C,RUNNING,594.52,0,0,1,3,0.3333,5.0,100.0,957.9715,0.0,0,0.0,0.0
599.0,C,RUNNING,595.52,0,0,1,3,0.3333,5.0,100.0,956.9715,0.0,0,0.0,0.0
600.0,C,RUNNING,596.52,0,0,1,3,0.3333,5.0,100.0,955.9715,0.0,0,0.0,0.0
601.0,C,RUNNING,597.52,0,0,1,3,0.3333,5.0,100.0,954.9715,0.0,0,0.0,0.0
602.0,C,RUNNING,598.52,0,0,1,3,0.3333,5.0,100.0,953.9715,0.0,0,0.0,0.0
603.0,C,RUNNING,599.52,0,0,1,3,0.3333,5.0,100.0,952.9715,0.0,0,0.0,0.0
604.0,C,RUNNING,600.52,0,0,1,3,0.3333,5.0,100.0,951.9715,0.0,0,0.0,0.0
605.0,C,RUNNING,601.52,0,0,1,3,0.3333,5.0,100.0,950.9715,0.0,0,0.0,0.0
606.0,C,RUNNING,602.52,0,0,1,3,0.3333,5.0,100.0,949.9715,0.0,0,0.0,0.0
607.0,C,RUNNING,603.52,0,0,1,3,0.3333,5.0,100.0,948.9715,0.0,0,0.0,0.0
608.0,C,RUNNING,604.52,0,0,1,3,0.3333,5.0,100.0,947.9715,0.0,0,0.0,0.0
609.0,C,RUNNING,605.52,0,0,1,3,0.3333,5.0,100.0,946.9715,0.0,0,0.0,0.0
610.0,C,RUNNING,606.52,0,0,1,3,0.3333,5.0,100.0,945.9715,0.0,0,0.0,0.0
611.0,C,RUNNING,607.52,0,0,1,3,0.3333,5.0,100.0,944.9715,0.0,0,0.0,0.0
612.0,C,RUNNING,608.52,0,0,1,3,0.3333,5.0,100.0,943.9715,0.0,0,0.0,0.0
613.0,C,RUNNING,609.52,0,0,1,3,0.3333,5.0,100.0,942.9715,0.0,0,0.0,0.0
614.0,C,RUNNING,610.52,0,0,1,3,0.3333,5.0,100.0,941.9715,0.0,0,0.0,0.0
615.0,C,RUNNING,611.52,0,0,1,3,0.3333,5.0,100.0,940.9715,0.0,0,0.0,0.0
616.0,C,RUNNING,612.52,0,0,1,3,0.3333,5.0,100.0,939.9715,0.0,0,0.0,0.0
617.0,C,RUNNING,613.52,0,0,1,3,0.3333,5.0,100.0,938.9715,0.0,0,0.0,0.0
618.0,C,RUNNING,614.52,0,0,1,3,0.3333,5.0,100.0,937.9715,0.0,0,0.0,0.0
619.0,C,RUNNING,615.52,0,0,1,3,0.3333,5.0,100.0,936.9715,0.0,0,0.0,0.0
620.0,C,RUNNING,616.52,0,0,1,3,0.3333,5.0,100.0,935.9715,0.0,0,0.0,0.0
621.0,C,RUNNING,617.52,0,0,1,3,0.3333,5.0,100.0,934.9715,0.0,0,0.0,0.0
622.0,C,RUNNING,618.52,0,0,1,3,0.3333,5.0,100.0,933.9715,0.0,0,0.0,0.0
623.0,C,RUNNING,619.52,0,0,1,3,0.3333,5.0,100.0,932.9715,0.0,0,0.0,0.0
624.0,C,RUNNING,620.52,0,0,1,3,0.3333,5.0,100.0,931.9715,0.0,0,0.0,0.0
625.0,C,RUNNING,621.52,0,0,1,3,0.3333,5.0,100.0,930.9715,0.0,0,0.0,0.0
626.0,C,RUNNING,622.52,0,0,1,3,0.3333,5.0,100.0,929.9715,0.0,0,0.0,0.0
627.0,C,RUNNING,623.52,0,0,1,3,0.3333,5.0,100.0,928.9715,0.0,0,0.0,0.0
628.0,C,RUNNING,624.52,0,0,1,3,0.3333,5.0,100.0,927.9715,0.0,0,0.0,0.0
629.0,C,RUNNING,625.52,0,0,1,3,0.3333,5.0,100.0,926.9715,0.0,0,0.0,0.0
630.0,C,RUNNING,626.52,0,0,1,3,0.3333,5.0,100.0,925.9715,0.0,0,0.0,0.0
631.0,C,RUNNING,627.52,0,0,1,3,0.3333,5.0,100.0,924.9715,0.0,0,0.0,0.0
632.0,C,RUNNING,628.52,0,0,1,3,0.3333,5.0,100.0,923.9715,0.0,0,0.0,0.0
633.0,C,RUNNING,629.52,0,0,1,3,0.3333,5.0,100.0,922.9715,0.0,0,0.0,0.0
634.0,C,RUNNING,630.52,0,0,1,3,0.3333,5.0,100.0,921.9715,0.0,0,0.0,0.0
635.0,C,RUNNING,631.52,0,0,1,3,0.3333,5.0,100.0,920.9715,0.0,0,0.0,0.0
636.0,C,RUNNING,632.52,0,0,1,3,0.3333,5.0,100.0,919.9715,0.0,0,0.0,0.0
637.0,C,RUNNING,633.52,0,0,1,3,0.3333,5.0,100.0,918.9715,0.0,0,0.0,0.0
638.0,C,RUNNING,634.52,0,0,1,3,0.3333,5.0,100.0,917.9715,0.0,0,0.0,0.0
639.0,C,RUNNING,635.52,0,0,1,3,0.3333,5.0,100.0,916.9715,0.0,0,0.0,0.0
640.0,C,RUNNING,636.52,0,0,1,3,0.3333,5.0,100.0,915.9715,0.0,0,0.0,0.0
641.0,C,RUNNING,637.52,0,0,1,3,0.3333,5.0,100.0,914.9715,0.0,0,0.0,0.0
642.0,C,RUNNING,638.52,0,0,1,3,0.3333,5.0,100.0,913.9715,0.0,0,0.0,0.0
643.0,C,RUNNING,639.52,0,0,1,3,0.3333,5.0,100.0,912.9715,0.0,0,0.0,0.0
644.0,C,RUNNING,640.52,0,0,1,3,0.3333,5.0,100.0,911.9715,0.0,0,0.0,0.0
645.0,C,RUNNING,641.52,0,0,1,3,0.3333,5.0,100.0,910.9715,0.0,0,0.0,0.0
646.0,C,RUNNING,642.52,0,0,1,3,0.3333,5.0,100.0,909.9715,0.0,0,0.0,0.0
647.0,C,RUNNING,643.52,0,0,1,3,0.3333,5.0,100.0,908.9715,0.0,0,0.0,0.0
648.0,C,RUNNING,644.52,0,0,1,3,0.3333,5.0,100.0,907.9715,0.0,0,0.0,0.0
649.0,C,RUNNING,645.52,0,0,1,3,0.3333,5.0,100.0,906.9715,0.0,0,0.0,0.0
650.0,C,RUNNING,646.52,0,0,1,3,0.3333,5.0,100.0,905.9715,0.0,0,0.0,0.0
651.0,C,RUNNING,647.52,0,0,1,3,0.3333,5.0,100.0,904.9715,0.0,0,0.0,0.0
652.0,C,RUNNING,648.52,0,0,1,3,0.3333,5.0,100.0,903.9715,0.0,0,0.0,0.0
653.0,C,RUNNING,649.52,0,0,1,3,0.3333,5.0,100.0,902.9715,0.0,0,0.0,0.0
654.0,C,RUNNING,650.52,0,0,1,3,0.3333,5.0,100.0,901.9715,0.0,0,0.0,0.0
655.0,C,RUNNING,651.52,0,0,1,3,0.3333,5.0,100.0,900.9715,0.0,0,0.0,0.0
656.0,C,RUNNING,652.52,0,0,1,3,0.3333,5.0,100.0,899.9715,0.0,0,0.0,0.0
657.0,C,RUNNING,653.52,0,0,1,3,0.3333,5.0,100.0,898.9715,0.0,0,0.0,0.0
658.0,C,RUNNING,654.52,0,0,1,3,0.3333,5.0,100.0,897.9715,0.0,0,0.0,0.0
659.0,C,RUNNING,655.52,0,0,1,3,0.3333,5.0,100.0,896.9715,0.0,0,0.0,0.0
660.0,C,RUNNING,656.52,0,0,1,3,0.3333,5.0,100.0,895.9715,0.0,0,0.0,0.0
661.0,C,RUNNING,657.52,0,0,1,3,0.3333,5.0,100.0,894.9715,0.0,0,0.0,0.0
662.0,C,RUNNING,658.52,0,0,1,3,0.3333,5.0,100.0,893.9715,0.0,0,0.0,0.0
663.0,C,RUNNING,659.52,0,0,1,3,0.3333,5.0,100.0,892.9715,0.0,0,0.0,0.0
664.0,C,RUNNING,660.52,0,0,1,3,0.3333,5.0,100.0,891.9715,0.0,0,0.0,0.0
665.0,C,RUNNING,661.52,0,0,1,3,0.3333,5.0,100.0,890.9715,0.0,0,0.0,0.0
666.0,C,RUNNING,662.52,0,0,1,3,0.3333,5.0,100.0,889.9715,0.0,0,0.0,0.0
667.0,C,RUNNING,663.52,0,0,1,3,0.3333,5.0,100.0,888.9715,0.0,0,0.0,0.0
668.0,C,RUNNING,664.52,0,0,1,3,0.3333,5.0,100.0,887.9715,0.0,0,0.0,0.0
669.0,C,RUNNING,665.52,0,0,1,3,0.3333,5.0,100.0,886.9715,0.0,0,0.0,0.0
670.0,C,RUNNING,666.52,0,0,1,3,0.3333,5.0,100.0,885.9715,0.0,0,0.0,0.0
671.0,C,RUNNING,667.52,0,0,1,3,0.3333,5.0,100.0,884.9715,0.0,0,0.0,0.0
672.0,C,RUNNING,668.52,0,0,1,3,0.3333,5.0,100.0,883.9715,0.0,0,0.0,0.0
673.0,C,RUNNING,669.52,0,0,1,3,0.3333,5.0,100.0,882.9715,0.0,0,0.0,0.0
674.0,C,RUNNING,670.52,0,0,1,3,0.3333,5.0,100.0,881.9715,0.0,0,0.0,0.0
675.0,C,RUNNING,671.52,0,0,1,3,0.3333,5.0,100.0,880.9715,0.0,0,0.0,0.0
676.0,C,RUNNING,672.52,0,0,1,3,0.3333,5.0,100.0,879.9715,0.0,0,0.0,0.0
677.0,C,RUNNING,673.52,0,0,1,3,0.3333,5.0,100.0,878.9715,0.0,0,0.0,0.0
678.0,C,RUNNING,674.52,0,0,1,3,0.3333,5.0,100.0,877.9715,0.0,0,0.0,0.0
679.0,C,RUNNING,675.52,0,0,1,3,0.3333,5.0,100.0,876.9715,0.0,0,0.0,0.0
680.0,C,RUNNING,676.52,0,0,1,3,0.3333,5.0,100.0,875.9715,0.0,0,0.0,0.0
681.0,C,RUNNING,677.52,0,0,1,3,0.3333,5.0,100.0,874.9715,0.0,0,0.0,0.0
682.0,C,RUNNING,678.52,0,0,1,3,0.3333,5.0,100.0,873.9715,0.0,0,0.0,0.0
683.0,C,RUNNING,679.52,0,0,1,3,0.3333,5.0,100.0,872.9715,0.0,0,0.0,0.0
684.0,C,RUNNING,680.52,0,0,1,3,0.3333,5.0,100.0,871.9715,0.0,0,0.0,0.0
685.0,C,RUNNING,681.52,0,0,1,3,0.3333,5.0,100.0,870.9715,0.0,0,0.0,0.0
686.0,C,RUNNING,682.52,0,0,1,3,0.3333,5.0,100.0,869.9715,0.0,0,0.0,0.0
687.0,C,RUNNING,683.52,0,0,1,3,0.3333,5.0,100.0,868.9715,0.0,0,0.0,0.0
688.0,C,RUNNING,684.52,0,0,1,3,0.3333,5.0,100.0,867.9715,0.0,0,0.0,0.0
689.0,C,RUNNING,685.52,0,0,1,3,0.3333,5.0,100.0,866.9715,0.0,0,0.0,0.0
690.0,C,RUNNING,686.52,0,0,1,3,0.3333,5.0,100.0,865.9715,0.0,0,0.0,0.0
691.0,C,RUNNING,687.52,0,0,1,3,0.3333,5.0,100.0,864.9715,0.0,0,0.0,0.0
692.0,C,RUNNING,688.52,0,0,1,3,0.3333,5.0,100.0,863.9715,0.0,0,0.0,0.0
693.0,C,RUNNING,689.52,0,0,1,3,0.3333,5.0,100.0,862.9715,0.0,0,0.0,0.0
694.0,C,RUNNING,690.52,0,0,1,3,0.3333,5.0,100.0,861.9715,0.0,0,0.0,0.0
695.0,C,RUNNING,691.52,0,0,1,3,0.3333,5.0,100.0,860.9715,0.0,0,0.0,0.0
696.0,C,RUNNING,692.52,0,0,1,3,0.3333,5.0,100.0,859.9715,0.0,0,0.0,0.0
697.0,C,RUNNING,693.52,0,0,1,3,0.3333,5.0,100.0,858.9715,0.0,0,0.0,0.0
698.0,C,RUNNING,694.52,0,0,1,3,0.3333,5.0,100.0,857.9715,0.0,0,0.0,0.0
699.0,C,RUNNING,695.52,0,0,1,3,0.3333,5.0,100.0,856.9715,0.0,0,0.0,0.0
700.0,C,RUNNING,696.52,0,0,1,3,0.3333,5.0,100.0,855.9715,0.0,0,0.0,0.0
701.0,C,RUNNING,697.52,0,0,1,3,0.3333,5.0,100.0,854.9715,0.0,0,0.0,0.0
702.0,C,RUNNING,698.52,0,0,1,3,0.3333,5.0,100.0,853.9715,0.0,0,0.0,0.0
703.0,C,RUNNING,699.52,0,0,1,3,0.3333,5.0,100.0,852.9715,0.0,0,0.0,0.0
704.0,C,RUNNING,700.52,0,0,1,3,0.3333,5.0,100.0,851.9715,0.0,0,0.0,0.0
705.0,C,RUNNING,701.52,0,0,1,3,0.3333,5.0,100.0,850.9715,0.0,0,0.0,0.0
706.0,C,RUNNING,702.52,0,0,1,3,0.3333,5.0,100.0,849.9715,0.0,0,0.0,0.0
707.0,C,RUNNING,703.52,0,0,1,3,0.3333,5.0,100.0,848.9715,0.0,0,0.0,0.0
708.0,C,RUNNING,704.52,0,0,1,3,0.3333,5.0,100.0,847.9715,0.0,0,0.0,0.0
709.0,C,RUNNING,705.52,0,0,1,3,0.3333,5.0,100.0,846.9715,0.0,0,0.0,0.0
710.0,C,RUNNING,706.52,0,0,1,3,0.3333,5.0,100.0,845.9715,0.0,0,0.0,0.0
711.0,C,RUNNING,707.52,0,0,1,3,0.3333,5.0,100.0,844.9715,0.0,0,0.0,0.0
712.0,C,RUNNING,708.52,0,0,1,3,0.3333,5.0,100.0,843.9715,0.0,0,0.0,0.0
713.0,C,RUNNING,709.52,0,0,1,3,0.3333,5.0,100.0,842.9715,0.0,0,0.0,0.0
714.0,C,RUNNING,710.52,0,0,1,3,0.3333,5.0,100.0,841.9715,0.0,0,0.0,0.0
715.0,C,RUNNING,711.52,0,0,1,3,0.3333,5.0,100.0,840.9715,0.0,0,0.0,0.0
716.0,C,RUNNING,712.52,0,0,1,3,0.3333,5.0,100.0,839.9715,0.0,0,0.0,0.0
717.0,C,RUNNING,713.52,0,0,1,3,0.3333,5.0,100.0,838.9715,0.0,0,0.0,0.0
718.0,C,RUNNING,714.52,0,0,1,3,0.3333,5.0,100.0,837.9715,0.0,0,0.0,0.0
719.0,C,RUNNING,715.52,0,0,1,3,0.3333,5.0,100.0,836.9715,0.0,0,0.0,0.0
720.0,C,RUNNING,716.52,0,0,1,3,0.3333,5.0,100.0,835.9715,0.0,0,0.0,0.0
721.0,C,RUNNING,717.52,0,0,1,3,0.3333,5.0,100.0,834.9715,0.0,0,0.0,0.0
722.0,C,RUNNING,718.52,0,0,1,3,0.3333,5.0,100.0,833.9715,0.0,0,0.0,0.0
723.0,C,RUNNING,719.52,0,0,1,3,0.3333,5.0,100.0,832.9715,0.0,0,0.0,0.0
724.0,C,RUNNING,720.52,0,0,1,3,0.3333,5.0,100.0,831.9715,0.0,0,0.0,0.0
725.0,C,RUNNING,721.52,0,0,1,3,0.3333,5.0,100.0,830.9715,0.0,0,0.0,0.0
726.0,C,RUNNING,722.52,0,0,1,3,0.3333,5.0,100.0,829.9715,0.0,0,0.0,0.0
727.0,C,RUNNING,723.52,0,0,1,3,0.3333,5.0,100.0,828.9715,0.0,0,0.0,0.0
728.0,C,RUNNING,724.52,0,0,1,3,0.3333,5.0,100.0,827.9715,0.0,0,0.0,0.0
729.0,C,RUNNING,725.52,0,0,1,3,0.3333,5.0,100.0,826.9715,0.0,0,0.0,0.0
730.0,C,RUNNING,726.52,0,0,1,3,0.3333,5.0,100.0,825.9715,0.0,0,0.0,0.0
731.0,C,RUNNING,727.52,0,0,1,3,0.3333,5.0,100.0,824.9715,0.0,0,0.0,0.0
732.0,C,RUNNING,728.52,0,0,1,3,0.3333,5.0,100.0,823.9715,0.0,0,0.0,0.0
733.0,C,RUNNING,729.52,0,0,1,3,0.3333,5.0,100.0,822.9715,0.0,0,0.0,0.0
734.0,C,RUNNING,730.52,0,0,1,3,0.3333,5.0,100.0,821.9715,0.0,0,0.0,0.0
735.0,C,RUNNING,731.52,0,0,1,3,0.3333,5.0,100.0,820.9715,0.0,0,0.0,0.0
736.0,C,RUNNING,732.52,0,0,1,3,0.3333,5.0,100.0,819.9715,0.0,0,0.0,0.0
737.0,C,RUNNING,733.52,0,0,1,3,0.3333,5.0,100.0,818.9715,0.0,0,0.0,0.0
738.0,C,RUNNING,734.52,0,0,1,3,0.3333,5.0,100.0,817.9715,0.0,0,0.0,0.0
739.0,C,RUNNING,735.52,0,0,1,3,0.3333,5.0,100.0,816.9715,0.0,0,0.0,0.0
740.0,C,RUNNING,736.52,0,0,1,3,0.3333,5.0,100.0,815.9715,0.0,0,0.0,0.0
741.0,C,RUNNING,737.52,0,0,1,3,0.3333,5.0,100.0,814.9715,0.0,0,0.0,0.0
742.0,C,RUNNING,738.52,0,0,1,3,0.3333,5.0,100.0,813.9715,0.0,0,0.0,0.0
743.0,C,RUNNING,739.52,0,0,1,3,0.3333,5.0,100.0,812.9715,0.0,0,0.0,0.0
744.0,C,RUNNING,740.52,0,0,1,3,0.3333,5.0,100.0,811.9715,0.0,0,0.0,0.0
745.0,C,RUNNING,741.52,0,0,1,3,0.3333,5.0,100.0,810.9715,0.0,0,0.0,0.0
746.0,C,RUNNING,742.52,0,0,1,3,0.3333,5.0,100.0,809.9715,0.0,0,0.0,0.0
747.0,C,RUNNING,743.52,0,0,1,3,0.3333,5.0,100.0,808.9715,0.0,0,0.0,0.0
748.0,C,RUNNING,744.52,0,0,1,3,0.3333,5.0,100.0,807.9715,0.0,0,0.0,0.0
749.0,C,RUNNING,745.52,0,0,1,3,0.3333,5.0,100.0,806.9715,0.0,0,0.0,0.0
750.0,C,RUNNING,746.52,0,0,1,3,0.3333,5.0,100.0,805.9715,0.0,0,0.0,0.0
751.0,C,RUNNING,747.52,0,0,1,3,0.3333,5.0,100.0,804.9715,0.0,0,0.0,0.0
752.0,C,RUNNING,748.52,0,0,1,3,0.3333,5.0,100.0,803.9715,0.0,0,0.0,0.0
753.0,C,RUNNING,749.52,0,0,1,3,0.3333,5.0,100.0,802.9715,0.0,0,0.0,0.0
754.0,C,RUNNING,750.52,0,0,1,3,0.3333,5.0,100.0,801.9715,0.0,0,0.0,0.0
755.0,C,RUNNING,751.52,0,0,1,3,0.3333,5.0,100.0,800.9715,0.0,0,0.0,0.0
756.0,C,RUNNING,752.52,0,0,1,3,0.3333,5.0,100.0,799.9715,0.0,0,0.0,0.0
757.0,C,RUNNING,753.52,0,0,1,3,0.3333,5.0,100.0,798.9715,0.0,0,0.0,0.0
758.0,C,RUNNING,754.52,0,0,1,3,0.3333,5.0,100.0,797.9715,0.0,0,0.0,0.0
759.0,C,RUNNING,755.52,0,0,1,3,0.3333,5.0,100.0,796.9715,0.0,0,0.0,0.0
760.0,C,RUNNING,756.52,0,0,1,3,0.3333,5.0,100.0,795.9715,0.0,0,0.0,0.0
761.0,C,RUNNING,757.52,0,0,1,3,0.3333,5.0,100.0,794.9715,0.0,0,0.0,0.0
762.0,C,RUNNING,758.52,0,0,1,3,0.3333,5.0,100.0,793.9715,0.0,0,0.0,0.0
763.0,C,RUNNING,759.52,0,0,1,3,0.3333,5.0,100.0,792.9715,0.0,0,0.0,0.0
764.0,C,RUNNING,760.52,0,0,1,3,0.3333,5.0,100.0,791.9715,0.0,0,0.0,0.0
765.0,C,RUNNING,761.52,0,0,1,3,0.3333,5.0,100.0,790.9715,0.0,0,0.0,0.0
766.0,C,RUNNING,762.52,0,0,1,3,0.3333,5.0,100.0,789.9715,0.0,0,0.0,0.0
767.0,C,RUNNING,763.52,0,0,1,3,0.3333,5.0,100.0,788.9715,0.0,0,0.0,0.0
768.0,C,RUNNING,764.52,0,0,1,3,0.3333,5.0,100.0,787.9715,0.0,0,0.0,0.0
769.0,C,RUNNING,765.52,0,0,1,3,0.3333,5.0,100.0,786.9715,0.0,0,0.0,0.0
770.0,C,RUNNING,766.52,0,0,1,3,0.3333,5.0,100.0,785.9715,0.0,0,0.0,0.0
771.0,C,RUNNING,767.52,0,0,1,3,0.3333,5.0,100.0,784.9715,0.0,0,0.0,0.0
772.0,C,RUNNING,768.52,0,0,1,3,0.3333,5.0,100.0,783.9715,0.0,0,0.0,0.0
773.0,C,RUNNING,769.52,0,0,1,3,0.3333,5.0,100.0,782.9715,0.0,0,0.0,0.0
774.0,C,RUNNING,770.52,0,0,1,3,0.3333,5.0,100.0,781.9715,0.0,0,0.0,0.0
775.0,C,RUNNING,771.52,0,0,1,3,0.3333,5.0,100.0,780.9715,0.0,0,0.0,0.0
776.0,C,RUNNING,772.52,0,0,1,3,0.3333,5.0,100.0,779.9715,0.0,0,0.0,0.0
777.0,C,RUNNING,773.52,0,0,1,3,0.3333,5.0,100.0,778.9715,0.0,0,0.0,0.0
778.0,C,RUNNING,774.52,0,0,1,3,0.3333,5.0,100.0,777.9715,0.0,0,0.0,0.0
779.0,C,RUNNING,775.52,0,0,1,3,0.3333,5.0,100.0,776.9715,0.0,0,0.0,0.0
780.0,C,RUNNING,776.52,0,0,1,3,0.3333,5.0,100.0,775.9715,0.0,0,0.0,0.0
781.0,C,RUNNING,777.52,0,0,1,3,0.3333,5.0,100.0,774.9715,0.0,0,0.0,0.0
782.0,C,RUNNING,778.52,0,0,1,3,0.3333,5.0,100.0,773.9715,0.0,0,0.0,0.0
783.0,C,RUNNING,779.52,0,0,1,3,0.3333,5.0,100.0,772.9715,0.0,0,0.0,0.0
784.0,C,RUNNING,780.52,0,0,1,3,0.3333,5.0,100.0,771.9715,0.0,0,0.0,0.0
785.0,C,RUNNING,781.52,0,0,1,3,0.3333,5.0,100.0,770.9715,0.0,0,0.0,0.0
786.0,C,RUNNING,782.52,0,0,1,3,0.3333,5.0,100.0,769.9715,0.0,0,0.0,0.0
787.0,C,RUNNING,783.52,0,0,1,3,0.3333,5.0,100.0,768.9715,0.0,0,0.0,0.0
788.0,C,RUNNING,784.52,0,0,1,3,0.3333,5.0,100.0,767.9715,0.0,0,0.0,0.0
789.0,C,RUNNING,785.52,0,0,1,3,0.3333,5.0,100.0,766.9715,0.0,0,0.0,0.0
790.0,C,RUNNING,786.52,0,0,1,3,0.3333,5.0,100.0,765.9715,0.0,0,0.0,0.0
791.0,C,RUNNING,787.52,0,0,1,3,0.3333,5.0,100.0,764.9715,0.0,0,0.0,0.0
792.0,C,RUNNING,788.52,0,0,1,3,0.3333,5.0,100.0,763.9715,0.0,0,0.0,0.0
793.0,C,RUNNING,789.52,0,0,1,3,0.3333,5.0,100.0,762.9715,0.0,0,0.0,0.0
794.0,C,RUNNING,790.52,0,0,1,3,0.3333,5.0,100.0,761.9715,0.0,0,0.0,0.0
795.0,C,RUNNING,791.52,0,0,1,3,0.3333,5.0,100.0,760.9715,0.0,0,0.0,0.0
796.0,C,RUNNING,792.52,0,0,1,3,0.3333,5.0,100.0,759.9715,0.0,0,0.0,0.0
797.0,C,RUNNING,793.52,0,0,1,3,0.3333,5.0,100.0,758.9715,0.0,0,0.0,0.0
798.0,C,RUNNING,794.52,0,0,1,3,0.3333,5.0,100.0,757.9715,0.0,0,0.0,0.0
799.0,C,RUNNING,795.52,0,0,1,3,0.3333,5.0,100.0,756.9715,0.0,0,0.0,0.0
800.0,C,RUNNING,796.52,0,0,1,3,0.3333,5.0,100.0,755.9715,0.0,0,0.0,0.0
801.0,C,RUNNING,797.52,0,0,1,3,0.3333,5.0,100.0,754.9715,0.0,0,0.0,0.0
802.0,C,RUNNING,798.52,0,0,1,3,0.3333,5.0,100.0,753.9715,0.0,0,0.0,0.0
803.0,C,RUNNING,799.52,0,0,1,3,0.3333,5.0,100.0,752.9715,0.0,0,0.0,0.0
804.0,C,RUNNING,800.52,0,0,1,3,0.3333,5.0,100.0,751.9715,0.0,0,0.0,0.0
805.0,C,RUNNING,801.52,0,0,1,3,0.3333,5.0,100.0,750.9715,0.0,0,0.0,0.0
806.0,C,RUNNING,802.52,0,0,1,3,0.3333,5.0,100.0,749.9715,0.0,0,0.0,0.0
807.0,C,RUNNING,803.52,0,0,1,3,0.3333,5.0,100.0,748.9715,0.0,0,0.0,0.0
808.0,C,RUNNING,804.52,0,0,1,3,0.3333,5.0,100.0,747.9715,0.0,0,0.0,0.0
809.0,C,RUNNING,805.52,0,0,1,3,0.3333,5.0,100.0,746.9715,0.0,0,0.0,0.0
810.0,C,RUNNING,806.52,0,0,1,3,0.3333,5.0,100.0,745.9715,0.0,0,0.0,0.0
811.0,C,RUNNING,807.52,0,0,1,3,0.3333,5.0,100.0,744.9715,0.0,0,0.0,0.0
812.0,C,RUNNING,808.52,0,0,1,3,0.3333,5.0,100.0,743.9715,0.0,0,0.0,0.0
813.0,C,RUNNING,809.52,0,0,1,3,0.3333,5.0,100.0,742.9715,0.0,0,0.0,0.0
814.0,C,RUNNING,810.52,0,0,1,3,0.3333,5.0,100.0,741.9715,0.0,0,0.0,0.0
815.0,C,RUNNING,811.52,0,0,1,3,0.3333,5.0,100.0,740.9715,0.0,0,0.0,0.0
816.0,C,RUNNING,812.52,0,0,1,3,0.3333,5.0,100.0,739.9715,0.0,0,0.0,0.0
817.0,C,RUNNING,813.52,0,0,1,3,0.3333,5.0,100.0,738.9715,0.0,0,0.0,0.0
818.0,C,RUNNING,814.52,0,0,1,3,0.3333,5.0,100.0,737.9715,0.0,0,0.0,0.0
819.0,C,RUNNING,815.52,0,0,1,3,0.3333,5.0,100.0,736.9715,0.0,0,0.0,0.0
820.0,C,RUNNING,816.52,0,0,1,3,0.3333,5.0,100.0,735.9715,0.0,0,0.0,0.0
821.0,C,RUNNING,817.52,0,0,1,3,0.3333,5.0,100.0,734.9715,0.0,0,0.0,0.0
822.0,C,RUNNING,818.52,0,0,1,3,0.3333,5.0,100.0,733.9715,0.0,0,0.0,0.0
823.0,C,RUNNING,819.52,0,0,1,3,0.3333,5.0,100.0,732.9715,0.0,0,0.0,0.0
824.0,C,RUNNING,820.52,0,0,1,3,0.3333,5.0,100.0,731.9715,0.0,0,0.0,0.0
825.0,C,RUNNING,821.52,0,0,1,3,0.3333,5.0,100.0,730.9715,0.0,0,0.0,0.0
826.0,C,RUNNING,822.52,0,0,1,3,0.3333,5.0,100.0,729.9715,0.0,0,0.0,0.0
827.0,C,RUNNING,823.52,0,0,1,3,0.3333,5.0,100.0,728.9715,0.0,0,0.0,0.0
828.0,C,RUNNING,824.52,0,0,1,3,0.3333,5.0,100.0,727.9715,0.0,0,0.0,0.0
829.0,C,RUNNING,825.52,0,0,1,3,0.3333,5.0,100.0,726.9715,0.0,0,0.0,0.0
830.0,C,RUNNING,826.52,0,0,1,3,0.3333,5.0,100.0,725.9715,0.0,0,0.0,0.0
831.0,C,RUNNING,827.52,0,0,1,3,0.3333,5.0,100.0,724.9715,0.0,0,0.0,0.0
832.0,C,RUNNING,828.52,0,0,1,3,0.3333,5.0,100.0,723.9715,0.0,0,0.0,0.0
833.0,C,RUNNING,829.52,0,0,1,3,0.3333,5.0,100.0,722.9715,0.0,0,0.0,0.0
834.0,C,RUNNING,830.52,0,0,1,3,0.3333,5.0,100.0,721.9715,0.0,0,0.0,0.0
835.0,C,RUNNING,831.52,0,0,1,3,0.3333,5.0,100.0,720.9715,0.0,0,0.0,0.0
836.0,C,RUNNING,832.52,1,0,2,3,0.6667,5.0,99.9,628.6515,0.0,0,0.0,0.0
837.0,C,RUNNING,833.52,1,0,2,3,0.6667,5.0,99.9,627.6515,0.0,0,0.0,0.0
838.0,C,RUNNING,834.52,1,0,2,3,0.6667,5.0,99.9,626.6515,0.0,0,0.0,0.0
839.0,C,RUNNING,835.52,1,0,2,3,0.6667,5.0,99.9,625.6515,0.0,0,0.0,0.0
840.0,C,RUNNING,836.52,1,0,2,3,0.6667,5.0,99.9,624.6515,0.0,0,0.0,0.0
841.0,C,RUNNING,837.52,1,0,2,3,0.6667,5.0,99.9,623.6515,0.0,0,0.0,0.0
842.0,C,RUNNING,838.52,1,0,2,3,0.6667,5.0,99.9,622.6515,0.0,0,0.0,0.0
843.0,C,RUNNING,839.52,1,0,2,3,0.6667,5.0,99.9,621.6515,0.0,0,0.0,0.0
844.0,C,RUNNING,840.52,1,0,2,3,0.6667,5.0,99.9,620.6515,0.0,0,0.0,0.0
845.0,C,RUNNING,841.52,1,0,2,3,0.6667,5.0,99.9,619.6515,0.0,0,0.0,0.0
846.0,C,RUNNING,842.52,1,0,2,3,0.6667,5.0,99.9,618.6515,0.0,0,0.0,0.0
847.0,C,RUNNING,843.52,1,0,2,3,0.6667,5.0,99.9,617.6515,0.0,0,0.0,0.0
848.0,C,RUNNING,844.52,1,0,2,3,0.6667,5.0,99.9,616.6515,0.0,0,0.0,0.0
849.0,C,RUNNING,845.52,1,0,2,3,0.6667,5.0,99.9,615.6515,0.0,0,0.0,0.0
850.0,C,RUNNING,846.52,1,0,2,3,0.6667,5.0,99.9,614.6515,0.0,0,0.0,0.0
851.0,C,RUNNING,847.52,1,0,2,3,0.6667,5.0,99.9,613.6515,0.0,0,0.0,0.0
852.0,C,RUNNING,848.52,1,0,2,3,0.6667,5.0,99.9,612.6515,0.0,0,0.0,0.0
853.0,C,RUNNING,849.52,1,0,2,3,0.6667,5.0,99.9,611.6515,0.0,0,0.0,0.0
854.0,C,RUNNING,850.52,1,0,2,3,0.6667,5.0,99.9,610.6515,0.0,0,0.0,0.0
855.0,C,RUNNING,851.52,1,0,2,3,0.6667,5.0,99.9,609.6515,0.0,0,0.0,0.0
856.0,C,RUNNING,852.52,1,0,2,3,0.6667,5.0,99.9,608.6515,0.0,0,0.0,0.0
857.0,C,RUNNING,853.52,1,0,2,3,0.6667,5.0,99.9,607.6515,0.0,0,0.0,0.0
858.0,C,RUNNING,854.52,1,0,2,3,0.6667,5.0,99.9,606.6515,0.0,0,0.0,0.0
859.0,C,RUNNING,855.52,1,0,2,3,0.6667,5.0,99.9,605.6515,0.0,0,0.0,0.0
860.0,C,RUNNING,856.52,1,0,2,3,0.6667,5.0,99.9,604.6515,0.0,0,0.0,0.0
861.0,C,RUNNING,857.52,1,0,2,3,0.6667,5.0,99.9,603.6515,0.0,0,0.0,0.0
862.0,C,RUNNING,858.52,1,0,2,3,0.6667,5.0,99.9,602.6515,0.0,0,0.0,0.0
863.0,C,RUNNING,859.52,1,0,2,3,0.6667,5.0,99.9,601.6515,0.0,0,0.0,0.0
864.0,C,RUNNING,860.52,1,0,2,3,0.6667,5.0,99.9,600.6515,0.0,0,0.0,0.0
865.0,C,RUNNING,861.52,1,0,2,3,0.6667,5.0,99.9,599.6515,0.0,0,0.0,0.0
866.0,C,RUNNING,862.52,1,0,2,3,0.6667,5.0,99.9,598.6515,0.0,0,0.0,0.0
867.0,C,RUNNING,863.52,1,0,2,3,0.6667,5.0,99.9,597.6515,0.0,0,0.0,0.0
868.0,C,RUNNING,864.52,1,0,2,3,0.6667,5.0,99.9,596.6515,0.0,0,0.0,0.0
869.0,C,RUNNING,865.52,1,0,2,3,0.6667,5.0,99.9,595.6515,0.0,0,0.0,0.0
870.0,C,RUNNING,866.52,1,0,2,3,0.6667,5.0,99.9,594.6515,0.0,0,0.0,0.0
871.0,C,RUNNING,867.52,1,0,2,3,0.6667,5.0,99.9,593.6515,0.0,0,0.0,0.0
872.0,C,RUNNING,868.52,1,0,2,3,0.6667,5.0,99.9,592.6515,0.0,0,0.0,0.0
873.0,C,RUNNING,869.52,1,0,2,3,0.6667,5.0,99.9,591.6515,0.0,0,0.0,0.0
874.0,C,RUNNING,870.52,1,0,2,3,0.6667,5.0,99.9,590.6515,0.0,0,0.0,0.0
875.0,C,RUNNING,871.52,1,0,2,3,0.6667,5.0,99.9,589.6515,0.0,0,0.0,0.0
876.0,C,RUNNING,872.52,1,0,2,3,0.6667,5.0,99.9,588.6515,0.0,0,0.0,0.0
877.0,C,RUNNING,873.52,1,0,2,3,0.6667,5.0,99.9,587.6515,0.0,0,0.0,0.0
878.0,C,RUNNING,874.52,1,0,2,3,0.6667,5.0,99.9,586.6515,0.0,0,0.0,0.0
879.0,C,RUNNING,875.52,1,0,2,3,0.6667,5.0,99.9,585.6515,0.0,0,0.0,0.0
880.0,C,RUNNING,876.52,1,0,2,3,0.6667,5.0,99.9,584.6515,0.0,0,0.0,0.0
881.0,C,RUNNING,877.52,1,0,2,3,0.6667,5.0,99.9,583.6515,0.0,0,0.0,0.0
882.0,C,RUNNING,878.52,1,0,2,3,0.6667,5.0,99.9,582.6515,0.0,0,0.0,0.0
883.0,C,RUNNING,879.52,1,0,2,3,0.6667,5.0,99.9,581.6515,0.0,0,0.0,0.0
884.0,C,RUNNING,880.52,1,0,2,3,0.6667,5.0,99.9,580.6515,0.0,0,0.0,0.0
885.0,C,RUNNING,881.52,1,0,2,3,0.6667,5.0,99.9,579.6515,0.0,0,0.0,0.0
886.0,C,RUNNING,882.52,1,0,2,3,0.6667,5.0,99.9,578.6515,0.0,0,0.0,0.0
887.0,C,RUNNING,883.52,1,0,2,3,0.6667,5.0,99.9,577.6515,0.0,0,0.0,0.0
888.0,C,RUNNING,884.52,1,0,2,3,0.6667,5.0,99.9,576.6515,0.0,0,0.0,0.0
889.0,C,RUNNING,885.52,1,0,2,3,0.6667,5.0,99.9,575.6515,0.0,0,0.0,0.0
890.0,C,RUNNING,886.52,1,0,2,3,0.6667,5.0,99.9,574.6515,0.0,0,0.0,0.0
891.0,C,RUNNING,887.52,1,0,2,3,0.6667,5.0,99.9,573.6515,0.0,0,0.0,0.0
892.0,C,RUNNING,888.52,1,0,2,3,0.6667,5.0,99.9,572.6515,0.0,0,0.0,0.0
893.0,C,RUNNING,889.52,1,0,2,3,0.6667,5.0,99.9,571.6515,0.0,0,0.0,0.0
894.0,C,RUNNING,890.52,1,0,2,3,0.6667,5.0,99.9,570.6515,0.0,0,0.0,0.0
895.0,C,RUNNING,891.52,1,0,2,3,0.6667,5.0,99.9,569.6515,0.0,0,0.0,0.0
896.0,C,RUNNING,892.52,1,0,2,3,0.6667,5.0,99.9,568.6515,0.0,0,0.0,0.0
897.0,C,RUNNING,893.52,1,0,2,3,0.6667,5.0,99.9,567.6515,0.0,0,0.0,0.0
898.0,C,RUNNING,894.52,1,0,2,3,0.6667,5.0,99.9,566.6515,0.0,0,0.0,0.0
899.0,C,RUNNING,895.52,1,0,2,3,0.6667,5.0,99.9,565.6515,0.0,0,0.0,0.0
900.0,C,RUNNING,896.52,1,0,2,3,0.6667,5.0,99.9,564.6515,0.0,0,0.0,0.0
901.0,C,RUNNING,897.52,1,0,2,3,0.6667,5.0,99.9,563.6515,0.0,0,0.0,0.0
902.0,C,RUNNING,898.52,1,0,2,3,0.6667,5.0,99.9,562.6515,0.0,0,0.0,0.0
903.0,C,RUNNING,899.52,1,0,2,3,0.6667,5.0,99.9,561.6515,0.0,0,0.0,0.0
904.0,C,RUNNING,900.52,1,0,2,3,0.6667,5.0,99.9,560.6515,0.0,0,0.0,0.0
905.0,C,RUNNING,901.52,1,0,2,3,0.6667,5.0,99.9,559.6515,0.0,0,0.0,0.0
906.0,C,RUNNING,902.52,1,0,2,3,0.6667,5.0,99.9,558.6515,0.0,0,0.0,0.0
907.0,C,RUNNING,903.52,1,0,2,3,0.6667,5.0,99.9,557.6515,0.0,0,0.0,0.0
908.0,C,RUNNING,904.52,1,0,2,3,0.6667,5.0,99.9,556.6515,0.0,0,0.0,0.0
909.0,C,RUNNING,905.52,1,0,2,3,0.6667,5.0,99.9,555.6515,0.0,0,0.0,0.0
910.0,C,RUNNING,906.52,1,0,2,3,0.6667,5.0,99.9,554.6515,0.0,0,0.0,0.0
911.0,C,RUNNING,907.52,1,0,2,3,0.6667,5.0,99.9,553.6515,0.0,0,0.0,0.0
912.0,C,RUNNING,908.52,1,0,2,3,0.6667,5.0,99.9,552.6515,0.0,0,0.0,0.0
913.0,C,RUNNING,909.52,1,0,2,3,0.6667,5.0,99.9,551.6515,0.0,0,0.0,0.0
914.0,C,RUNNING,910.52,1,0,2,3,0.6667,5.0,99.9,550.6515,0.0,0,0.0,0.0
915.0,C,RUNNING,911.52,1,0,2,3,0.6667,5.0,99.9,549.6515,0.0,0,0.0,0.0
916.0,C,RUNNING,912.52,1,0,2,3,0.6667,5.0,99.9,548.6515,0.0,0,0.0,0.0
917.0,C,RUNNING,913.52,1,0,2,3,0.6667,5.0,99.9,547.6515,0.0,0,0.0,0.0
918.0,C,RUNNING,914.52,1,0,2,3,0.6667,5.0,99.9,546.6515,0.0,0,0.0,0.0
919.0,C,RUNNING,915.52,1,0,2,3,0.6667,5.0,99.9,545.6515,0.0,0,0.0,0.0
920.0,C,RUNNING,916.52,1,0,2,3,0.6667,5.0,99.9,544.6515,0.0,0,0.0,0.0
921.0,C,RUNNING,917.52,1,0,2,3,0.6667,5.0,99.9,543.6515,0.0,0,0.0,0.0
922.0,C,RUNNING,918.52,1,0,2,3,0.6667,5.0,99.9,542.6515,0.0,0,0.0,0.0
923.0,C,RUNNING,919.52,1,0,2,3,0.6667,5.0,99.9,541.6515,0.0,0,0.0,0.0
924.0,C,RUNNING,920.52,1,0,2,3,0.6667,5.0,99.9,540.6515,0.0,0,0.0,0.0
925.0,C,RUNNING,921.52,1,0,2,3,0.6667,5.0,99.9,539.6515,0.0,0,0.0,0.0
926.0,C,RUNNING,922.52,1,0,2,3,0.6667,5.0,99.9,538.6515,0.0,0,0.0,0.0
927.0,C,RUNNING,923.52,1,0,2,3,0.6667,5.0,99.9,537.6515,0.0,0,0.0,0.0
928.0,C,RUNNING,924.52,1,0,2,3,0.6667,5.0,99.9,536.6515,0.0,0,0.0,0.0
929.0,C,RUNNING,925.52,1,0,2,3,0.6667,5.0,99.9,535.6515,0.0,0,0.0,0.0
930.0,C,RUNNING,926.52,1,0,2,3,0.6667,5.0,99.9,534.6515,0.0,0,0.0,0.0
931.0,C,RUNNING,927.52,1,0,2,3,0.6667,5.0,99.9,533.6515,0.0,0,0.0,0.0
932.0,C,RUNNING,928.52,1,0,2,3,0.6667,5.0,99.9,532.6515,0.0,0,0.0,0.0
933.0,C,RUNNING,929.52,1,0,2,3,0.6667,5.0,99.9,531.6515,0.0,0,0.0,0.0
934.0,C,RUNNING,930.52,1,0,2,3,0.6667,5.0,99.9,530.6515,0.0,0,0.0,0.0
935.0,C,RUNNING,931.52,1,0,2,3,0.6667,5.0,99.9,529.6515,0.0,0,0.0,0.0
936.0,C,RUNNING,932.52,1,0,2,3,0.6667,5.0,99.9,528.6515,0.0,0,0.0,0.0
937.0,C,RUNNING,933.52,1,0,2,3,0.6667,5.0,99.9,527.6515,0.0,0,0.0,0.0
938.0,C,RUNNING,934.52,1,0,2,3,0.6667,5.0,99.9,526.6515,0.0,0,0.0,0.0
939.0,C,RUNNING,935.52,1,0,2,3,0.6667,5.0,99.9,525.6515,0.0,0,0.0,0.0
940.0,C,RUNNING,936.52,1,0,2,3,0.6667,5.0,99.9,524.6515,0.0,0,0.0,0.0
941.0,C,RUNNING,937.52,1,0,2,3,0.6667,5.0,99.9,523.6515,0.0,0,0.0,0.0
942.0,C,RUNNING,938.52,1,0,2,3,0.6667,5.0,99.9,522.6515,0.0,0,0.0,0.0
943.0,C,RUNNING,939.52,1,0,2,3,0.6667,5.0,99.9,521.6515,0.0,0,0.0,0.0
944.0,C,RUNNING,940.52,1,0,2,3,0.6667,5.0,99.9,520.6515,0.0,0,0.0,0.0
945.0,C,RUNNING,941.52,1,0,2,3,0.6667,5.0,99.9,519.6515,0.0,0,0.0,0.0
946.0,C,RUNNING,942.52,1,0,2,3,0.6667,5.0,99.9,518.6515,0.0,0,0.0,0.0
947.0,C,RUNNING,943.52,1,0,2,3,0.6667,5.0,99.9,517.6515,0.0,0,0.0,0.0
948.0,C,RUNNING,944.52,1,0,2,3,0.6667,5.0,99.9,516.6515,0.0,0,0.0,0.0
949.0,C,RUNNING,945.52,1,0,2,3,0.6667,5.0,99.9,515.6515,0.0,0,0.0,0.0
950.0,C,RUNNING,946.52,1,0,2,3,0.6667,5.0,99.9,514.6515,0.0,0,0.0,0.0
951.0,C,RUNNING,947.52,1,0,2,3,0.6667,5.0,99.9,513.6515,0.0,0,0.0,0.0
952.0,C,RUNNING,948.52,1,0,2,3,0.6667,5.0,99.9,512.6515,0.0,0,0.0,0.0
953.0,C,RUNNING,949.52,1,0,2,3,0.6667,5.0,99.9,511.6515,0.0,0,0.0,0.0
954.0,C,RUNNING,950.52,1,0,2,3,0.6667,5.0,99.9,510.6515,0.0,0,0.0,0.0
955.0,C,RUNNING,951.52,1,0,2,3,0.6667,5.0,99.9,509.6515,0.0,0,0.0,0.0
956.0,C,RUNNING,952.52,1,0,2,3,0.6667,5.0,99.9,508.6515,0.0,0,0.0,0.0
957.0,C,RUNNING,953.52,1,0,2,3,0.6667,5.0,99.9,507.6515,0.0,0,0.0,0.0
958.0,C,RUNNING,954.52,1,0,2,3,0.6667,5.0,99.9,506.6515,0.0,0,0.0,0.0
959.0,C,RUNNING,955.52,1,0,2,3,0.6667,5.0,99.9,505.6515,0.0,0,0.0,0.0
960.0,C,RUNNING,956.52,1,0,2,3,0.6667,5.0,99.9,504.6515,0.0,0,0.0,0.0
961.0,C,RUNNING,957.52,1,0,2,3,0.6667,5.0,99.9,503.6515,0.0,0,0.0,0.0
962.0,C,RUNNING,958.52,1,0,2,3,0.6667,5.0,99.9,502.6515,0.0,0,0.0,0.0
963.0,C,RUNNING,959.52,1,0,2,3,0.6667,5.0,99.9,501.6515,0.0,0,0.0,0.0
964.0,C,RUNNING,960.52,1,0,2,3,0.6667,5.0,99.9,500.6515,0.0,0,0.0,0.0
965.0,C,RUNNING,961.52,1,0,2,3,0.6667,5.0,99.9,499.6515,0.0,0,0.0,0.0
966.0,C,RUNNING,962.52,1,0,2,3,0.6667,5.0,99.9,498.6515,0.0,0,0.0,0.0
967.0,C,RUNNING,963.52,1,0,2,3,0.6667,5.0,99.9,497.6515,0.0,0,0.0,0.0
968.0,C,RUNNING,964.52,1,0,2,3,0.6667,5.0,99.9,496.6515,0.0,0,0.0,0.0
969.0,C,RUNNING,965.52,1,0,2,3,0.6667,5.0,99.9,495.6515,0.0,0,0.0,0.0
970.0,C,RUNNING,966.52,1,0,2,3,0.6667,5.0,99.9,494.6515,0.0,0,0.0,0.0
971.0,C,RUNNING,967.52,1,0,2,3,0.6667,5.0,99.9,493.6515,0.0,0,0.0,0.0
972.0,C,RUNNING,968.52,1,0,2,3,0.6667,5.0,99.9,492.6515,0.0,0,0.0,0.0
973.0,C,RUNNING,969.52,1,0,2,3,0.6667,5.0,99.9,491.6515,0.0,0,0.0,0.0
974.0,C,RUNNING,970.52,1,0,2,3,0.6667,5.0,99.9,490.6515,0.0,0,0.0,0.0
975.0,C,RUNNING,971.52,1,0,2,3,0.6667,5.0,99.9,489.6515,0.0,0,0.0,0.0
976.0,C,RUNNING,972.52,1,0,2,3,0.6667,5.0,99.9,488.6515,0.0,0,0.0,0.0
977.0,C,RUNNING,973.52,1,0,2,3,0.6667,5.0,99.9,487.6515,0.0,0,0.0,0.0
978.0,C,RUNNING,974.52,1,0,2,3,0.6667,5.0,99.9,486.6515,0.0,0,0.0,0.0
979.0,C,RUNNING,975.52,1,0,2,3,0.6667,5.0,99.9,485.6515,0.0,0,0.0,0.0
980.0,C,RUNNING,976.52,1,0,2,3,0.6667,5.0,99.9,484.6515,0.0,0,0.0,0.0
981.0,C,RUNNING,977.52,1,0,2,3,0.6667,5.0,99.9,483.6515,0.0,0,0.0,0.0
982.0,C,RUNNING,978.52,1,0,2,3,0.6667,5.0,99.9,482.6515,0.0,0,0.0,0.0
983.0,C,RUNNING,979.52,1,0,2,3,0.6667,5.0,99.9,481.6515,0.0,0,0.0,0.0
984.0,C,RUNNING,980.52,1,0,2,3,0.6667,5.0,99.9,480.6515,0.0,0,0.0,0.0
985.0,C,RUNNING,981.52,1,0,2,3,0.6667,5.0,99.9,479.6515,0.0,0,0.0,0.0
986.0,C,RUNNING,982.52,1,0,2,3,0.6667,5.0,99.9,478.6515,0.0,0,0.0,0.0
987.0,C,RUNNING,983.52,1,0,2,3,0.6667,5.0,99.9,477.6515,0.0,0,0.0,0.0
988.0,C,RUNNING,984.52,1,0,2,3,0.6667,5.0,99.9,476.6515,0.0,0,0.0,0.0
989.0,C,RUNNING,985.52,1,0,2,3,0.6667,5.0,99.9,475.6515,0.0,0,0.0,0.0
990.0,C,RUNNING,986.52,1,0,2,3,0.6667,5.0,99.9,474.6515,0.0,0,0.0,0.0
991.0,C,RUNNING,987.52,1,0,2,3,0.6667,5.0,99.9,473.6515,0.0,0,0.0,0.0
992.0,C,RUNNING,988.52,1,0,2,3,0.6667,5.0,99.9,472.6515,0.0,0,0.0,0.0
993.0,C,RUNNING,989.52,1,0,2,3,0.6667,5.0,99.9,471.6515,0.0,0,0.0,0.0
994.0,C,RUNNING,990.52,1,0,2,3,0.6667,5.0,99.9,470.6515,0.0,0,0.0,0.0
995.0,C,RUNNING,991.52,1,0,2,3,0.6667,5.0,99.9,469.6515,0.0,0,0.0,0.0
996.0,C,RUNNING,992.52,1,0,2,3,0.6667,5.0,99.9,468.6515,0.0,0,0.0,0.0
997.0,C,RUNNING,993.52,1,0,2,3,0.6667,5.0,99.9,467.6515,0.0,0,0.0,0.0
998.0,C,RUNNING,994.52,1,0,2,3,0.6667,5.0,99.9,466.6515,0.0,0,0.0,0.0
999.0,C,RUNNING,995.52,1,0,2,3,0.6667,5.0,99.9,465.6515,0.0,0,0.0,0.0
1000.0,C,RUNNING,996.52,1,0,2,3,0.6667,5.0,99.9,464.6515,0.0,0,0.0,0.0
1001.0,C,RUNNING,997.52,1,0,2,3,0.6667,5.0,99.9,463.6515,0.0,0,0.0,0.0
1002.0,C,RUNNING,998.52,1,0,2,3,0.6667,5.0,99.9,462.6515,0.0,0,0.0,0.0
1003.0,C,RUNNING,999.52,1,0,2,3,0.6667,5.0,99.9,461.6515,0.0,0,0.0,0.0
1004.0,C,RUNNING,1000.52,1,0,2,3,0.6667,5.0,99.9,460.6515,0.0,0,0.0,0.0
1005.0,C,RUNNING,1001.52,1,0,2,3,0.6667,5.0,99.9,459.6515,0.0,0,0.0,0.0
1006.0,C,RUNNING,1002.52,1,0,2,3,0.6667,5.0,99.9,458.6515,0.0,0,0.0,0.0
1007.0,C,RUNNING,1003.52,1,0,2,3,0.6667,5.0,99.9,457.6515,0.0,0,0.0,0.0
1008.0,C,RUNNING,1004.52,1,0,2,3,0.6667,5.0,99.9,456.6515,0.0,0,0.0,0.0
1009.0,C,RUNNING,1005.52,1,0,2,3,0.6667,5.0,99.9,455.6515,0.0,0,0.0,0.0
1010.0,C,RUNNING,1006.52,1,0,2,3,0.6667,5.0,99.9,454.6515,0.0,0,0.0,0.0
1011.0,C,RUNNING,1007.52,1,0,2,3,0.6667,5.0,99.9,453.6515,0.0,0,0.0,0.0
1012.0,C,RUNNING,1008.52,1,0,2,3,0.6667,5.0,99.9,452.6515,0.0,0,0.0,0.0
1013.0,C,RUNNING,1009.52,1,0,2,3,0.6667,5.0,99.9,451.6515,0.0,0,0.0,0.0
1014.0,C,RUNNING,1010.52,1,0,2,3,0.6667,5.0,99.9,450.6515,0.0,0,0.0,0.0
1015.0,C,RUNNING,1011.52,1,0,2,3,0.6667,5.0,99.9,449.6515,0.0,0,0.0,0.0
1016.0,C,RUNNING,1012.52,1,0,2,3,0.6667,5.0,99.9,448.6515,0.0,0,0.0,0.0
1017.0,C,RUNNING,1013.52,1,0,2,3,0.6667,5.0,99.9,447.6515,0.0,0,0.0,0.0
1018.0,C,RUNNING,1014.52,1,0,2,3,0.6667,5.0,99.9,446.6515,0.0,0,0.0,0.0
1019.0,C,RUNNING,1015.52,1,0,2,3,0.6667,5.0,99.9,445.6515,0.0,0,0.0,0.0
1020.0,C,RUNNING,1016.52,1,0,2,3,0.6667,5.0,99.9,444.6515,0.0,0,0.0,0.0
1021.0,C,RUNNING,1017.52,1,0,2,3,0.6667,5.0,99.9,443.6515,0.0,0,0.0,0.0
1022.0,C,RUNNING,1018.52,1,0,2,3,0.6667,5.0,99.9,442.6515,0.0,0,0.0,0.0
1023.0,C,RUNNING,1019.52,1,0,2,3,0.6667,5.0,99.9,441.6515,0.0,0,0.0,0.0
1024.0,C,RUNNING,1020.52,1,0,2,3,0.6667,5.0,99.9,440.6515,0.0,0,0.0,0.0
1025.0,C,RUNNING,1021.52,1,0,2,3,0.6667,5.0,99.9,439.6515,0.0,0,0.0,0.0
1026.0,C,RUNNING,1022.52,1,0,2,3,0.6667,5.0,99.9,438.6515,0.0,0,0.0,0.0
1027.0,C,RUNNING,1023.52,1,0,2,3,0.6667,5.0,99.9,437.6515,0.0,0,0.0,0.0
1028.0,C,RUNNING,1024.52,1,0,2,3,0.6667,5.0,99.9,436.6515,0.0,0,0.0,0.0
1029.0,C,RUNNING,1025.52,1,0,2,3,0.6667,5.0,99.9,435.6515,0.0,0,0.0,0.0
1030.0,C,RUNNING,1026.52,1,0,2,3,0.6667,5.0,99.9,434.6515,0.0,0,0.0,0.0
1031.0,C,RUNNING,1027.52,1,0,2,3,0.6667,5.0,99.9,433.6515,0.0,0,0.0,0.0
1032.0,C,RUNNING,1028.52,1,0,2,3,0.6667,5.0,99.9,432.6515,0.0,0,0.0,0.0
1033.0,C,RUNNING,1029.52,1,0,2,3,0.6667,5.0,99.9,431.6515,0.0,0,0.0,0.0
1034.0,C,RUNNING,1030.52,1,0,2,3,0.6667,5.0,99.9,430.6515,0.0,0,0.0,0.0
1035.0,C,RUNNING,1031.52,1,0,2,3,0.6667,5.0,99.9,429.6515,0.0,0,0.0,0.0
1036.0,C,RUNNING,1032.52,1,0,2,3,0.6667,5.0,99.9,428.6515,0.0,0,0.0,0.0
1037.0,C,RUNNING,1033.52,1,0,2,3,0.6667,5.0,99.9,427.6515,0.0,0,0.0,0.0
1038.0,C,RUNNING,1034.52,1,0,2,3,0.6667,5.0,99.9,426.6515,0.0,0,0.0,0.0
1039.0,C,RUNNING,1035.52,1,0,2,3,0.6667,5.0,99.9,425.6515,0.0,0,0.0,0.0
1040.0,C,RUNNING,1036.52,1,0,2,3,0.6667,5.0,99.9,424.6515,0.0,0,0.0,0.0
1041.0,C,RUNNING,1037.52,1,0,2,3,0.6667,5.0,99.9,423.6515,0.0,0,0.0,0.0
1042.0,C,RUNNING,1038.52,1,0,2,3,0.6667,5.0,99.9,422.6515,0.0,0,0.0,0.0
1043.0,C,RUNNING,1039.52,1,0,2,3,0.6667,5.0,99.9,421.6515,0.0,0,0.0,0.0
1044.0,C,RUNNING,1040.52,1,0,2,3,0.6667,5.0,99.9,420.6515,0.0,0,0.0,0.0
1045.0,C,RUNNING,1041.52,1,0,2,3,0.6667,5.0,99.9,419.6515,0.0,0,0.0,0.0
1046.0,C,RUNNING,1042.52,1,0,2,3,0.6667,5.0,99.9,418.6515,0.0,0,0.0,0.0
1047.0,C,RUNNING,1043.52,1,0,2,3,0.6667,5.0,99.9,417.6515,0.0,0,0.0,0.0
1048.0,C,RUNNING,1044.52,1,0,2,3,0.6667,5.0,99.9,416.6515,0.0,0,0.0,0.0
1049.0,C,RUNNING,1045.52,1,0,2,3,0.6667,5.0,99.9,415.6515,0.0,0,0.0,0.0
1050.0,C,RUNNING,1046.52,1,0,2,3,0.6667,5.0,99.9,414.6515,0.0,0,0.0,0.0
1051.0,C,RUNNING,1047.52,1,0,2,3,0.6667,5.0,99.9,413.6515,0.0,0,0.0,0.0
1052.0,C,RUNNING,1048.52,1,0,2,3,0.6667,5.0,99.9,412.6515,0.0,0,0.0,0.0
1053.0,C,RUNNING,1049.52,1,0,2,3,0.6667,5.0,99.9,411.6515,0.0,0,0.0,0.0
1054.0,C,RUNNING,1050.52,1,0,2,3,0.6667,5.0,99.9,410.6515,0.0,0,0.0,0.0
1055.0,C,RUNNING,1051.52,1,0,2,3,0.6667,5.0,99.9,409.6515,0.0,0,0.0,0.0
1056.0,C,RUNNING,1052.52,1,0,2,3,0.6667,5.0,99.9,408.6515,0.0,0,0.0,0.0
1057.0,C,RUNNING,1053.52,1,0,2,3,0.6667,5.0,99.9,407.6515,0.0,0,0.0,0.0
1058.0,C,RUNNING,1054.52,1,0,2,3,0.6667,5.0,99.9,406.6515,0.0,0,0.0,0.0
1059.0,C,RUNNING,1055.52,1,0,2,3,0.6667,5.0,99.9,405.6515,0.0,0,0.0,0.0
1060.0,C,RUNNING,1056.52,1,0,2,3,0.6667,5.0,99.9,404.6515,0.0,0,0.0,0.0
1061.0,C,RUNNING,1057.52,1,0,2,3,0.6667,5.0,99.9,403.6515,0.0,0,0.0,0.0
1062.0,C,RUNNING,1058.52,1,0,2,3,0.6667,5.0,99.9,402.6515,0.0,0,0.0,0.0
1063.0,C,RUNNING,1059.52,1,0,2,3,0.6667,5.0,99.9,401.6515,0.0,0,0.0,0.0
1064.0,C,RUNNING,1060.52,1,0,2,3,0.6667,5.0,99.9,400.6515,0.0,0,0.0,0.0
1065.0,C,RUNNING,1061.52,1,0,2,3,0.6667,5.0,99.9,399.6515,0.0,0,0.0,0.0
1066.0,C,RUNNING,1062.52,1,0,2,3,0.6667,5.0,99.9,398.6515,0.0,0,0.0,0.0
1067.0,C,RUNNING,1063.52,1,0,2,3,0.6667,5.0,99.9,397.6515,0.0,0,0.0,0.0
1068.0,C,RUNNING,1064.52,1,0,2,3,0.6667,5.0,99.9,396.6515,0.0,0,0.0,0.0
1069.0,C,RUNNING,1065.52,1,0,2,3,0.6667,5.0,99.9,395.6515,0.0,0,0.0,0.0
1070.0,C,RUNNING,1066.52,1,0,2,3,0.6667,5.0,99.9,394.6515,0.0,0,0.0,0.0
1071.0,C,RUNNING,1067.52,1,0,2,3,0.6667,5.0,99.9,393.6515,0.0,0,0.0,0.0
1072.0,C,RUNNING,1068.52,1,0,2,3,0.6667,5.0,99.9,392.6515,0.0,0,0.0,0.0
1073.0,C,RUNNING,1069.52,1,0,2,3,0.6667,5.0,99.9,391.6515,0.0,0,0.0,0.0
1074.0,C,RUNNING,1070.52,1,0,2,3,0.6667,5.0,99.9,390.6515,0.0,0,0.0,0.0
1075.0,C,RUNNING,1071.52,1,0,2,3,0.6667,5.0,99.9,389.6515,0.0,0,0.0,0.0
1076.0,C,RUNNING,1072.52,1,0,2,3,0.6667,5.0,99.9,388.6515,0.0,0,0.0,0.0
1077.0,C,RUNNING,1073.52,1,0,2,3,0.6667,5.0,99.9,387.6515,0.0,0,0.0,0.0
1078.0,C,RUNNING,1074.52,1,0,2,3,0.6667,5.0,99.9,386.6515,0.0,0,0.0,0.0
1079.0,C,RUNNING,1075.52,1,0,2,3,0.6667,5.0,99.9,385.6515,0.0,0,0.0,0.0
1080.0,C,RUNNING,1076.52,1,0,2,3,0.6667,5.0,99.9,384.6515,0.0,0,0.0,0.0
1081.0,C,RUNNING,1077.52,1,0,2,3,0.6667,5.0,99.9,383.6515,0.0,0,0.0,0.0
1082.0,C,RUNNING,1078.52,1,0,2,3,0.6667,5.0,99.9,382.6515,0.0,0,0.0,0.0
1083.0,C,RUNNING,1079.52,1,0,2,3,0.6667,5.0,99.9,381.6515,0.0,0,0.0,0.0
1084.0,C,RUNNING,1080.52,1,0,2,3,0.6667,5.0,99.9,380.6515,0.0,0,0.0,0.0
1085.0,C,RUNNING,1081.52,1,0,2,3,0.6667,5.0,99.9,379.6515,0.0,0,0.0,0.0
1086.0,C,RUNNING,1082.52,1,0,2,3,0.6667,5.0,99.9,378.6515,0.0,0,0.0,0.0
1087.0,C,RUNNING,1083.52,1,0,2,3,0.6667,5.0,99.9,377.6515,0.0,0,0.0,0.0
1088.0,C,RUNNING,1084.52,1,0,2,3,0.6667,5.0,99.9,376.6515,0.0,0,0.0,0.0
1089.0,C,RUNNING,1085.52,1,0,2,3,0.6667,5.0,99.9,375.6515,0.0,0,0.0,0.0
1090.0,C,RUNNING,1086.52,1,0,2,3,0.6667,5.0,99.9,374.6515,0.0,0,0.0,0.0
1091.0,C,RUNNING,1087.52,1,0,2,3,0.6667,5.0,99.9,373.6515,0.0,0,0.0,0.0
1092.0,C,RUNNING,1088.52,1,0,2,3,0.6667,5.0,99.9,372.6515,0.0,0,0.0,0.0
1093.0,C,RUNNING,1089.52,1,0,2,3,0.6667,5.0,99.9,371.6515,0.0,0,0.0,0.0
1094.0,C,RUNNING,1090.52,1,0,2,3,0.6667,5.0,99.9,370.6515,0.0,0,0.0,0.0
1095.0,C,RUNNING,1091.52,1,0,2,3,0.6667,5.0,99.9,369.6515,0.0,0,0.0,0.0
1096.0,C,RUNNING,1092.52,1,0,2,3,0.6667,5.0,99.9,368.6515,0.0,0,0.0,0.0
1097.0,C,RUNNING,1093.52,1,0,2,3,0.6667,5.0,99.9,367.6515,0.0,0,0.0,0.0
1098.0,C,RUNNING,1094.52,1,0,2,3,0.6667,5.0,99.9,366.6515,0.0,0,0.0,0.0
1099.0,C,RUNNING,1095.52,1,0,2,3,0.6667,5.0,99.9,365.6515,0.0,0,0.0,0.0
1100.0,C,RUNNING,1096.52,1,0,2,3,0.6667,5.0,99.9,364.6515,0.0,0,0.0,0.0
1101.0,C,RUNNING,1097.52,1,0,2,3,0.6667,5.0,99.9,363.6515,0.0,0,0.0,0.0
1102.0,C,RUNNING,1098.52,1,0,2,3,0.6667,5.0,99.9,362.6515,0.0,0,0.0,0.0
1103.0,C,RUNNING,1099.52,1,0,2,3,0.6667,5.0,99.9,361.6515,0.0,0,0.0,0.0
1104.0,C,RUNNING,1100.52,1,0,2,3,0.6667,5.0,99.9,360.6515,0.0,0,0.0,0.0
1105.0,C,RUNNING,1101.52,1,0,2,3,0.6667,5.0,99.9,359.6515,0.0,0,0.0,0.0
1106.0,C,RUNNING,1102.52,1,0,2,3,0.6667,5.0,99.9,358.6515,0.0,0,0.0,0.0
1107.0,C,RUNNING,1103.52,1,0,2,3,0.6667,5.0,99.9,357.6515,0.0,0,0.0,0.0
1108.0,C,RUNNING,1104.52,1,0,2,3,0.6667,5.0,99.9,356.6515,0.0,0,0.0,0.0
1109.0,C,RUNNING,1105.52,1,0,2,3,0.6667,5.0,99.9,355.6515,0.0,0,0.0,0.0
1110.0,C,RUNNING,1106.52,1,0,2,3,0.6667,5.0,99.9,354.6515,0.0,0,0.0,0.0
1111.0,C,RUNNING,1107.52,1,0,2,3,0.6667,5.0,99.9,353.6515,0.0,0,0.0,0.0
1112.0,C,RUNNING,1108.52,1,0,2,3,0.6667,5.0,99.9,352.6515,0.0,0,0.0,0.0
1113.0,C,RUNNING,1109.52,1,0,2,3,0.6667,5.0,99.9,351.6515,0.0,0,0.0,0.0
1114.0,C,RUNNING,1110.524,1,0,2,3,0.6667,5.0,99.9,350.6475,0.0,0,0.0,0.0
1115.0,C,RUNNING,1111.52,1,0,2,3,0.6667,5.0,99.9,349.6515,0.0,0,0.0,0.0
1116.0,C,RUNNING,1112.52,1,0,2,3,0.6667,5.0,99.9,348.6515,0.0,0,0.0,0.0
1117.0,C,RUNNING,1113.52,1,0,2,3,0.6667,5.0,99.9,347.6515,0.0,0,0.0,0.0
1118.0,C,RUNNING,1114.52,1,0,2,3,0.6667,5.0,99.9,346.6515,0.0,0,0.0,0.0
1119.0,C,RUNNING,1115.52,1,0,2,3,0.6667,5.0,99.9,345.6515,0.0,0,0.0,0.0
1120.0,C,RUNNING,1116.52,1,0,2,3,0.6667,5.0,99.9,344.6515,0.0,0,0.0,0.0
1121.0,C,RUNNING,1117.52,1,0,2,3,0.6667,5.0,99.9,343.6515,0.0,0,0.0,0.0
1122.0,C,RUNNING,1118.52,1,0,2,3,0.6667,5.0,99.9,342.6515,0.0,0,0.0,0.0
1123.0,C,RUNNING,1119.52,1,0,2,3,0.6667,5.0,99.9,341.6515,0.0,0,0.0,0.0
1124.0,C,RUNNING,1120.52,1,0,2,3,0.6667,5.0,99.9,340.6515,0.0,0,0.0,0.0
1125.0,C,RUNNING,1121.52,1,0,2,3,0.6667,5.0,99.9,339.6515,0.0,0,0.0,0.0
1126.0,C,RUNNING,1122.52,1,0,2,3,0.6667,5.0,99.9,338.6515,0.0,0,0.0,0.0
1127.0,C,RUNNING,1123.52,1,0,2,3,0.6667,5.0,99.9,337.6515,0.0,0,0.0,0.0
1128.0,C,RUNNING,1124.52,1,0,2,3,0.6667,5.0,99.9,336.6515,0.0,0,0.0,0.0
1129.0,C,RUNNING,1125.52,1,0,2,3,0.6667,5.0,99.9,335.6515,0.0,0,0.0,0.0
1130.0,C,RUNNING,1126.52,1,0,2,3,0.6667,5.0,99.9,334.6515,0.0,0,0.0,0.0
1131.0,C,RUNNING,1127.52,1,0,2,3,0.6667,5.0,99.9,333.6515,0.0,0,0.0,0.0
1132.0,C,RUNNING,1128.52,1,0,2,3,0.6667,5.0,99.9,332.6515,0.0,0,0.0,0.0
1133.0,C,RUNNING,1129.52,1,0,2,3,0.6667,5.0,99.9,331.6515,0.0,0,0.0,0.0
1134.0,C,RUNNING,1130.52,1,0,2,3,0.6667,5.0,99.9,330.6515,0.0,0,0.0,0.0
1135.0,C,RUNNING,1131.52,1,0,2,3,0.6667,5.0,99.9,329.6515,0.0,0,0.0,0.0
1136.0,C,RUNNING,1132.52,1,0,2,3,0.6667,5.0,99.9,328.6515,0.0,0,0.0,0.0
1137.0,C,RUNNING,1133.52,1,0,2,3,0.6667,5.0,99.9,327.6515,0.0,0,0.0,0.0
1138.0,C,RUNNING,1134.52,1,0,2,3,0.6667,5.0,99.9,326.6515,0.0,0,0.0,0.0
1139.0,C,RUNNING,1135.52,1,0,2,3,0.6667,5.0,99.9,325.6515,0.0,0,0.0,0.0
1140.0,C,RUNNING,1136.52,1,0,2,3,0.6667,5.0,99.9,324.6515,0.0,0,0.0,0.0
1141.0,C,RUNNING,1137.52,1,0,2,3,0.6667,5.0,99.9,323.6515,0.0,0,0.0,0.0
1142.0,C,RUNNING,1138.52,1,0,2,3,0.6667,5.0,99.9,322.6515,0.0,0,0.0,0.0
1143.0,C,RUNNING,1139.52,1,0,2,3,0.6667,5.0,99.9,321.6515,0.0,0,0.0,0.0
1144.0,C,RUNNING,1140.52,1,0,2,3,0.6667,5.0,99.9,320.6515,0.0,0,0.0,0.0
1145.0,C,RUNNING,1141.52,1,0,2,3,0.6667,5.0,99.9,319.6515,0.0,0,0.0,0.0
1146.0,C,RUNNING,1142.52,1,0,2,3,0.6667,5.0,99.9,318.6515,0.0,0,0.0,0.0
1147.0,C,RUNNING,1143.52,1,0,2,3,0.6667,5.0,99.9,317.6515,0.0,0,0.0,0.0
1148.0,C,RUNNING,1144.52,1,0,2,3,0.6667,5.0,99.9,316.6515,0.0,0,0.0,0.0
1149.0,C,RUNNING,1145.52,1,0,2,3,0.6667,5.0,99.9,315.6515,0.0,0,0.0,0.0
1150.0,C,RUNNING,1146.52,1,0,2,3,0.6667,5.0,99.9,314.6515,0.0,0,0.0,0.0
1151.0,C,RUNNING,1147.52,1,0,2,3,0.6667,5.0,99.9,313.6515,0.0,0,0.0,0.0
1152.0,C,RUNNING,1148.52,1,0,2,3,0.6667,5.0,99.9,312.6515,0.0,0,0.0,0.0
1153.0,C,RUNNING,1149.52,1,0,2,3,0.6667,5.0,99.9,311.6515,0.0,0,0.0,0.0
1154.0,C,RUNNING,1150.52,1,0,2,3,0.6667,5.0,99.9,310.6515,0.0,0,0.0,0.0
1155.0,C,RUNNING,1151.52,1,0,2,3,0.6667,5.0,99.9,309.6515,0.0,0,0.0,0.0
1156.0,C,RUNNING,1152.52,1,0,2,3,0.6667,5.0,99.9,308.6515,0.0,0,0.0,0.0
1157.0,C,RUNNING,1153.52,1,0,2,3,0.6667,5.0,99.9,307.6515,0.0,0,0.0,0.0
1158.0,C,RUNNING,1154.52,1,0,2,3,0.6667,5.0,99.9,306.6515,0.0,0,0.0,0.0
1159.0,C,RUNNING,1155.52,1,0,2,3,0.6667,5.0,99.9,305.6515,0.0,0,0.0,0.0
1160.0,C,RUNNING,1156.52,1,0,2,3,0.6667,5.0,99.9,304.6515,0.0,0,0.0,0.0
1161.0,C,RUNNING,1157.52,1,0,2,3,0.6667,5.0,99.9,303.6515,0.0,0,0.0,0.0
1162.0,C,RUNNING,1158.52,1,0,2,3,0.6667,5.0,99.9,302.6515,0.0,0,0.0,0.0
1163.0,C,RUNNING,1159.52,1,0,2,3,0.6667,5.0,99.9,301.6515,0.0,0,0.0,0.0
1164.0,C,RUNNING,1160.52,1,0,2,3,0.6667,5.0,99.9,300.6515,0.0,0,0.0,0.0
1165.0,C,RUNNING,1161.52,1,0,2,3,0.6667,5.0,99.9,299.6515,0.0,0,0.0,0.0
1166.0,C,RUNNING,1162.52,1,0,2,3,0.6667,5.0,99.9,298.6515,0.0,0,0.0,0.0
1167.0,C,RUNNING,1163.52,1,0,2,3,0.6667,5.0,99.9,297.6515,0.0,0,0.0,0.0
1168.0,C,RUNNING,1164.52,1,0,2,3,0.6667,5.0,99.9,296.6515,0.0,0,0.0,0.0
1169.0,C,RUNNING,1165.52,1,0,2,3,0.6667,5.0,99.9,295.6515,0.0,0,0.0,0.0
1170.0,C,RUNNING,1166.52,1,0,2,3,0.6667,5.0,99.9,294.6515,0.0,0,0.0,0.0
1171.0,C,RUNNING,1167.52,1,0,2,3,0.6667,5.0,99.9,293.6515,0.0,0,0.0,0.0
1172.0,C,RUNNING,1168.52,1,0,2,3,0.6667,5.0,99.9,292.6515,0.0,0,0.0,0.0
1173.0,C,RUNNING,1169.52,1,0,2,3,0.6667,5.0,99.9,291.6515,0.0,0,0.0,0.0
1174.0,C,RUNNING,1170.52,1,0,2,3,0.6667,5.0,99.9,290.6515,0.0,0,0.0,0.0
1175.0,C,RUNNING,1171.52,1,0,2,3,0.6667,5.0,99.9,289.6515,0.0,0,0.0,0.0
1176.0,C,RUNNING,1172.52,1,0,2,3,0.6667,5.0,99.9,288.6515,0.0,0,0.0,0.0
1177.0,C,RUNNING,1173.52,1,0,2,3,0.6667,5.0,99.9,287.6515,0.0,0,0.0,0.0
1178.0,C,RUNNING,1174.52,1,0,2,3,0.6667,5.0,99.9,286.6515,0.0,0,0.0,0.0
1179.0,C,RUNNING,1175.52,1,0,2,3,0.6667,5.0,99.9,285.6515,0.0,0,0.0,0.0
1180.0,C,RUNNING,1176.52,1,0,2,3,0.6667,5.0,99.9,284.6515,0.0,0,0.0,0.0
1181.0,C,RUNNING,1177.52,1,0,2,3,0.6667,5.0,99.9,283.6515,0.0,0,0.0,0.0
1182.0,C,RUNNING,1178.52,1,0,2,3,0.6667,5.0,99.9,282.6515,0.0,0,0.0,0.0
1183.0,C,RUNNING,1179.52,1,0,2,3,0.6667,5.0,99.9,281.6515,0.0,0,0.0,0.0
1184.0,C,RUNNING,1180.52,1,0,2,3,0.6667,5.0,99.9,280.6515,0.0,0,0.0,0.0
1185.0,C,RUNNING,1181.52,1,0,2,3,0.6667,5.0,99.9,279.6515,0.0,0,0.0,0.0
1186.0,C,RUNNING,1182.52,1,0,2,3,0.6667,5.0,99.9,278.6515,0.0,0,0.0,0.0
1187.0,C,RUNNING,1183.52,1,0,2,3,0.6667,5.0,99.9,277.6515,0.0,0,0.0,0.0
1188.0,C,RUNNING,1184.52,1,0,2,3,0.6667,5.0,99.9,276.6515,0.0,0,0.0,0.0
1189.0,C,RUNNING,1185.52,1,0,2,3,0.6667,5.0,99.9,275.6515,0.0,0,0.0,0.0
1190.0,C,RUNNING,1186.52,1,0,2,3,0.6667,5.0,99.9,274.6515,0.0,0,0.0,0.0
1191.0,C,RUNNING,1187.52,1,0,2,3,0.6667,5.0,99.9,273.6515,0.0,0,0.0,0.0
1192.0,C,RUNNING,1188.52,1,0,2,3,0.6667,5.0,99.9,272.6515,0.0,0,0.0,0.0
1193.0,C,RUNNING,1189.52,1,0,2,3,0.6667,5.0,99.9,271.6515,0.0,0,0.0,0.0
1194.0,C,RUNNING,1190.52,1,0,2,3,0.6667,5.0,99.9,270.6515,0.0,0,0.0,0.0
1195.0,C,RUNNING,1191.52,1,0,2,3,0.6667,5.0,99.9,269.6515,0.0,0,0.0,0.0
1196.0,C,RUNNING,1192.52,1,0,2,3,0.6667,5.0,99.9,268.6515,0.0,0,0.0,0.0
1197.0,C,RUNNING,1193.52,1,0,2,3,0.6667,5.0,99.9,267.6515,0.0,0,0.0,0.0
1198.0,C,RUNNING,1194.52,1,0,2,3,0.6667,5.0,99.9,266.6515,0.0,0,0.0,0.0
1199.0,C,RUNNING,1195.52,1,0,2,3,0.6667,5.0,99.9,265.6515,0.0,0,0.0,0.0
1200.0,C,RUNNING,1196.52,1,0,2,3,0.6667,5.0,99.9,264.6515,0.0,0,0.0,0.0
1201.0,C,RUNNING,1197.52,1,0,2,3,0.6667,5.0,99.9,263.6515,0.0,0,0.0,0.0
1202.0,C,RUNNING,1198.52,1,0,2,3,0.6667,5.0,99.9,262.6515,0.0,0,0.0,0.0
1203.0,C,RUNNING,1199.52,1,0,2,3,0.6667,5.0,99.9,261.6515,0.0,0,0.0,0.0
1204.0,C,RUNNING,1200.52,1,0,2,3,0.6667,5.0,99.9,260.6515,0.0,0,0.0,0.0
1205.0,C,RUNNING,1201.52,1,0,2,3,0.6667,5.0,99.9,259.6515,0.0,0,0.0,0.0
1206.0,C,RUNNING,1202.52,1,0,2,3,0.6667,5.0,99.9,258.6515,0.0,0,0.0,0.0
1207.0,C,RUNNING,1203.52,1,0,2,3,0.6667,5.0,99.9,257.6515,0.0,0,0.0,0.0
1208.0,C,RUNNING,1204.52,1,0,2,3,0.6667,5.0,99.9,256.6515,0.0,0,0.0,0.0
1209.0,C,RUNNING,1205.52,1,0,2,3,0.6667,5.0,99.9,255.6515,0.0,0,0.0,0.0
1210.0,C,RUNNING,1206.52,1,0,2,3,0.6667,5.0,99.9,254.6515,0.0,0,0.0,0.0
1211.0,C,RUNNING,1207.52,1,0,2,3,0.6667,5.0,99.9,253.6515,0.0,0,0.0,0.0
1212.0,C,RUNNING,1208.52,1,0,2,3,0.6667,5.0,99.9,252.6515,0.0,0,0.0,0.0
1213.0,C,RUNNING,1209.52,1,0,2,3,0.6667,5.0,99.9,251.6515,0.0,0,0.0,0.0
1214.0,C,RUNNING,1210.52,1,0,2,3,0.6667,5.0,99.9,250.6515,0.0,0,0.0,0.0
1215.0,C,RUNNING,1211.52,1,0,2,3,0.6667,5.0,99.9,249.6515,0.0,0,0.0,0.0
1216.0,C,RUNNING,1212.52,1,0,2,3,0.6667,5.0,99.9,248.6515,0.0,0,0.0,0.0
1217.0,C,RUNNING,1213.52,1,0,2,3,0.6667,5.0,99.9,247.6515,0.0,0,0.0,0.0
1218.0,C,RUNNING,1214.52,1,0,2,3,0.6667,5.0,99.9,246.6515,0.0,0,0.0,0.0
1219.0,C,RUNNING,1215.52,1,0,2,3,0.6667,5.0,99.9,245.6515,0.0,0,0.0,0.0
1220.0,C,RUNNING,1216.52,1,0,2,3,0.6667,5.0,99.9,244.6515,0.0,0,0.0,0.0
1221.0,C,RUNNING,1217.52,1,0,2,3,0.6667,5.0,99.9,243.6515,0.0,0,0.0,0.0
1222.0,C,RUNNING,1218.52,1,0,2,3,0.6667,5.0,99.9,242.6515,0.0,0,0.0,0.0
1223.0,C,RUNNING,1219.52,1,0,2,3,0.6667,5.0,99.9,241.6515,0.0,0,0.0,0.0
1224.0,C,RUNNING,1220.52,1,0,2,3,0.6667,5.0,99.9,240.6515,0.0,0,0.0,0.0
1225.0,C,RUNNING,1221.52,1,0,2,3,0.6667,5.0,99.9,239.6515,0.0,0,0.0,0.0
1226.0,C,RUNNING,1222.52,1,0,2,3,0.6667,5.0,99.9,238.6515,0.0,0,0.0,0.0
1227.0,C,RUNNING,1223.52,1,0,2,3,0.6667,5.0,99.9,237.6515,0.0,0,0.0,0.0
1228.0,C,RUNNING,1224.52,1,0,2,3,0.6667,5.0,99.9,236.6515,0.0,0,0.0,0.0
1229.0,C,RUNNING,1225.52,1,0,2,3,0.6667,5.0,99.9,235.6515,0.0,0,0.0,0.0
1230.0,C,RUNNING,1226.52,1,0,2,3,0.6667,5.0,99.9,234.6515,0.0,0,0.0,0.0
1231.0,C,RUNNING,1227.52,1,0,2,3,0.6667,5.0,99.9,233.6515,0.0,0,0.0,0.0
1232.0,C,RUNNING,1228.52,1,0,2,3,0.6667,5.0,99.9,232.6515,0.0,0,0.0,0.0
1233.0,C,RUNNING,1229.52,1,0,2,3,0.6667,5.0,99.9,231.6515,0.0,0,0.0,0.0
1234.0,C,RUNNING,1230.52,1,0,2,3,0.6667,5.0,99.9,230.6515,0.0,0,0.0,0.0
1235.0,C,RUNNING,1231.52,1,0,2,3,0.6667,5.0,99.9,229.6515,0.0,0,0.0,0.0
1236.0,C,RUNNING,1232.52,1,0,2,3,0.6667,5.0,99.9,228.6515,0.0,0,0.0,0.0
1237.0,C,RUNNING,1233.52,1,0,2,3,0.6667,5.0,99.9,227.6515,0.0,0,0.0,0.0
1238.0,C,RUNNING,1234.52,1,0,2,3,0.6667,5.0,99.9,226.6515,0.0,0,0.0,0.0
1239.0,C,RUNNING,1235.52,1,0,2,3,0.6667,5.0,99.9,225.6515,0.0,0,0.0,0.0
1240.0,C,RUNNING,1236.52,1,0,2,3,0.6667,5.0,99.9,224.6515,0.0,0,0.0,0.0
1241.0,C,RUNNING,1237.52,1,0,2,3,0.6667,5.0,99.9,223.6515,0.0,0,0.0,0.0
1242.0,C,RUNNING,1238.52,1,0,2,3,0.6667,5.0,99.9,222.6515,0.0,0,0.0,0.0
1243.0,C,RUNNING,1239.52,1,0,2,3,0.6667,5.0,99.9,221.6515,0.0,0,0.0,0.0
1244.0,C,RUNNING,1240.52,1,0,2,3,0.6667,5.0,99.9,220.6515,0.0,0,0.0,0.0
1245.0,C,RUNNING,1241.52,1,0,2,3,0.6667,5.0,99.9,219.6515,0.0,0,0.0,0.0
1246.0,C,RUNNING,1242.52,1,0,2,3,0.6667,5.0,99.9,218.6515,0.0,0,0.0,0.0
1247.0,C,RUNNING,1243.52,1,0,2,3,0.6667,5.0,99.9,217.6515,0.0,0,0.0,0.0
1248.0,C,RUNNING,1244.52,1,0,2,3,0.6667,5.0,99.9,216.6515,0.0,0,0.0,0.0
1249.0,C,RUNNING,1245.52,1,0,2,3,0.6667,5.0,99.9,215.6515,0.0,0,0.0,0.0
1250.0,C,RUNNING,1246.52,1,0,2,3,0.6667,5.0,99.9,214.6515,0.0,0,0.0,0.0
1251.0,C,RUNNING,1247.52,1,0,2,3,0.6667,5.0,99.9,213.6515,0.0,0,0.0,0.0
1252.0,C,RUNNING,1248.52,1,0,2,3,0.6667,5.0,99.9,212.6515,0.0,0,0.0,0.0
1253.0,C,RUNNING,1249.52,1,0,2,3,0.6667,5.0,99.9,211.6515,0.0,0,0.0,0.0
1254.0,C,RUNNING,1250.52,1,0,2,3,0.6667,5.0,99.9,210.6515,0.0,0,0.0,0.0
1255.0,C,RUNNING,1251.52,1,0,2,3,0.6667,5.0,99.9,209.6515,0.0,0,0.0,0.0
1256.0,C,RUNNING,1252.52,1,0,2,3,0.6667,5.0,99.9,208.6515,0.0,0,0.0,0.0
1257.0,C,RUNNING,1253.52,1,0,2,3,0.6667,5.0,99.9,207.6515,0.0,0,0.0,0.0
1258.0,C,RUNNING,1254.52,1,0,2,3,0.6667,5.0,99.9,206.6515,0.0,0,0.0,0.0
1259.0,C,RUNNING,1255.52,1,0,2,3,0.6667,5.0,99.9,205.6515,0.0,0,0.0,0.0
1260.0,C,RUNNING,1256.52,1,0,2,3,0.6667,5.0,99.9,204.6515,0.0,0,0.0,0.0
1261.0,C,RUNNING,1257.52,1,0,2,3,0.6667,5.0,99.9,203.6515,0.0,0,0.0,0.0
1262.0,C,RUNNING,1258.52,1,0,2,3,0.6667,5.0,99.9,202.6515,0.0,0,0.0,0.0
1263.0,C,RUNNING,1259.52,1,0,2,3,0.6667,5.0,99.9,201.6515,0.0,0,0.0,0.0
1264.0,C,RUNNING,1260.52,1,0,2,3,0.6667,5.0,99.9,200.6515,0.0,0,0.0,0.0
1265.0,C,RUNNING,1261.52,1,0,2,3,0.6667,5.0,99.9,199.6515,0.0,0,0.0,0.0
1266.0,C,RUNNING,1262.52,1,0,2,3,0.6667,5.0,99.9,198.6515,0.0,0,0.0,0.0
1267.0,C,RUNNING,1263.52,1,0,2,3,0.6667,5.0,99.9,197.6515,0.0,0,0.0,0.0
1268.0,C,RUNNING,1264.52,1,0,2,3,0.6667,5.0,99.9,196.6515,0.0,0,0.0,0.0
1269.0,C,RUNNING,1265.52,1,0,2,3,0.6667,5.0,99.9,195.6515,0.0,0,0.0,0.0
1270.0,C,RUNNING,1266.52,1,0,2,3,0.6667,5.0,99.9,194.6515,0.0,0,0.0,0.0
1271.0,C,RUNNING,1267.52,1,0,2,3,0.6667,5.0,99.9,193.6515,0.0,0,0.0,0.0
1272.0,C,RUNNING,1268.52,1,0,2,3,0.6667,5.0,99.9,192.6515,0.0,0,0.0,0.0
1273.0,C,RUNNING,1269.524,1,0,2,3,0.6667,5.0,99.9,191.6475,0.0,0,0.0,0.0
1274.0,C,RUNNING,1270.52,1,0,2,3,0.6667,5.0,99.9,190.6515,0.0,0,0.0,0.0
1275.0,C,RUNNING,1271.52,1,0,2,3,0.6667,5.0,99.9,189.6515,0.0,0,0.0,0.0
1276.0,C,RUNNING,1272.52,1,0,2,3,0.6667,5.0,99.9,188.6515,0.0,0,0.0,0.0
1277.0,C,RUNNING,1273.52,1,0,2,3,0.6667,5.0,99.9,187.6515,0.0,0,0.0,0.0
1278.0,C,RUNNING,1274.524,1,0,2,3,0.6667,5.0,99.9,186.6475,0.0,0,0.0,0.0
1279.0,C,RUNNING,1275.52,1,0,2,3,0.6667,5.0,99.9,185.6515,0.0,0,0.0,0.0
1280.0,C,RUNNING,1276.52,1,0,2,3,0.6667,5.0,99.9,184.6515,0.0,0,0.0,0.0
1281.0,C,RUNNING,1277.52,1,0,2,3,0.6667,5.0,99.9,183.6515,0.0,0,0.0,0.0
1282.0,C,RUNNING,1278.52,1,0,2,3,0.6667,5.0,99.9,182.6515,0.0,0,0.0,0.0
1283.0,C,RUNNING,1279.52,1,0,2,3,0.6667,5.0,99.9,181.6515,0.0,0,0.0,0.0
1284.0,C,RUNNING,1280.52,1,0,2,3,0.6667,5.0,99.9,180.6515,0.0,0,0.0,0.0
1285.0,C,RUNNING,1281.52,1,0,2,3,0.6667,5.0,99.9,179.6515,0.0,0,0.0,0.0
1286.0,C,RUNNING,1282.52,1,0,2,3,0.6667,5.0,99.9,178.6515,0.0,0,0.0,0.0
1287.0,C,RUNNING,1283.52,1,0,2,3,0.6667,5.0,99.9,177.6515,0.0,0,0.0,0.0
1288.0,C,RUNNING,1284.52,1,0,2,3,0.6667,5.0,99.9,176.6515,0.0,0,0.0,0.0
1289.0,C,RUNNING,1285.52,1,0,2,3,0.6667,5.0,99.9,175.6515,0.0,0,0.0,0.0
1290.0,C,RUNNING,1286.52,1,0,2,3,0.6667,5.0,99.9,174.6515,0.0,0,0.0,0.0
1291.0,C,RUNNING,1287.52,1,0,2,3,0.6667,5.0,99.9,173.6515,0.0,0,0.0,0.0
1292.0,C,RUNNING,1288.52,1,0,2,3,0.6667,5.0,99.9,172.6515,0.0,0,0.0,0.0
1293.0,C,RUNNING,1289.52,1,0,2,3,0.6667,5.0,99.9,171.6515,0.0,0,0.0,0.0
1294.0,C,RUNNING,1290.52,1,0,2,3,0.6667,5.0,99.9,170.6515,0.0,0,0.0,0.0
1295.0,C,RUNNING,1291.52,1,0,2,3,0.6667,5.0,99.9,169.6515,0.0,0,0.0,0.0
1296.0,C,RUNNING,1292.52,1,0,2,3,0.6667,5.0,99.9,168.6515,0.0,0,0.0,0.0
1297.0,C,RUNNING,1293.52,1,0,2,3,0.6667,5.0,99.9,167.6515,0.0,0,0.0,0.0
1298.0,C,RUNNING,1294.52,1,0,2,3,0.6667,5.0,99.9,166.6515,0.0,0,0.0,0.0
1299.0,C,RUNNING,1295.52,1,0,2,3,0.6667,5.0,99.9,165.6515,0.0,0,0.0,0.0
1300.0,C,RUNNING,1296.52,1,0,2,3,0.6667,5.0,99.9,164.6515,0.0,0,0.0,0.0
1301.0,C,RUNNING,1297.52,1,0,2,3,0.6667,5.0,99.9,163.6515,0.0,0,0.0,0.0
1302.0,C,RUNNING,1298.52,1,0,2,3,0.6667,5.0,99.9,162.6515,0.0,0,0.0,0.0
1303.0,C,RUNNING,1299.52,1,0,2,3,0.6667,5.0,99.9,161.6515,0.0,0,0.0,0.0
1304.0,C,RUNNING,1300.52,1,0,2,3,0.6667,5.0,99.9,160.6515,0.0,0,0.0,0.0
1305.0,C,RUNNING,1301.52,1,0,2,3,0.6667,5.0,99.9,159.6515,0.0,0,0.0,0.0
1306.0,C,RUNNING,1302.52,1,0,2,3,0.6667,5.0,99.9,158.6515,0.0,0,0.0,0.0
1307.0,C,RUNNING,1303.52,1,0,2,3,0.6667,5.0,99.9,157.6515,0.0,0,0.0,0.0
1308.0,C,RUNNING,1304.52,1,0,2,3,0.6667,5.0,99.9,156.6515,0.0,0,0.0,0.0
1309.0,C,RUNNING,1305.52,1,0,2,3,0.6667,5.0,99.9,155.6515,0.0,0,0.0,0.0
1310.0,C,RUNNING,1306.52,1,0,2,3,0.6667,5.0,99.9,154.6515,0.0,0,0.0,0.0
1311.0,C,RUNNING,1307.52,1,0,2,3,0.6667,5.0,99.9,153.6515,0.0,0,0.0,0.0
1312.0,C,RUNNING,1308.52,1,0,2,3,0.6667,5.0,99.9,152.6515,0.0,0,0.0,0.0
1313.0,C,RUNNING,1309.52,1,0,2,3,0.6667,5.0,99.9,151.6515,0.0,0,0.0,0.0
1314.0,C,RUNNING,1310.52,1,0,2,3,0.6667,5.0,99.9,150.6515,0.0,0,0.0,0.0
1315.0,C,RUNNING,1311.52,1,0,2,3,0.6667,5.0,99.9,149.6515,0.0,0,0.0,0.0
1316.0,C,RUNNING,1312.52,1,0,2,3,0.6667,5.0,99.9,148.6515,0.0,0,0.0,0.0
1317.0,C,RUNNING,1313.52,1,0,2,3,0.6667,5.0,99.9,147.6515,0.0,0,0.0,0.0
1318.0,C,RUNNING,1314.52,1,0,2,3,0.6667,5.0,99.9,146.6515,0.0,0,0.0,0.0
1319.0,C,RUNNING,1315.52,1,0,2,3,0.6667,5.0,99.9,145.6515,0.0,0,0.0,0.0
1320.0,C,RUNNING,1316.52,1,0,2,3,0.6667,5.0,99.9,144.6515,0.0,0,0.0,0.0
1321.0,C,RUNNING,1317.52,1,0,2,3,0.6667,5.0,99.9,143.6515,0.0,0,0.0,0.0
1322.0,C,RUNNING,1318.52,1,0,2,3,0.6667,5.0,99.9,142.6515,0.0,0,0.0,0.0
1323.0,C,RUNNING,1319.52,1,0,2,3,0.6667,5.0,99.9,141.6515,0.0,0,0.0,0.0
1324.0,C,RUNNING,1320.52,1,0,2,3,0.6667,5.0,99.9,140.6515,0.0,0,0.0,0.0
1325.0,C,RUNNING,1321.52,1,0,2,3,0.6667,5.0,99.9,139.6515,0.0,0,0.0,0.0
1326.0,C,RUNNING,1322.52,1,0,2,3,0.6667,5.0,99.9,138.6515,0.0,0,0.0,0.0
1327.0,C,RUNNING,1323.52,1,0,2,3,0.6667,5.0,99.9,137.6515,0.0,0,0.0,0.0
1328.0,C,RUNNING,1324.52,1,0,2,3,0.6667,5.0,99.9,136.6515,0.0,0,0.0,0.0
1329.0,C,RUNNING,1325.52,1,0,2,3,0.6667,5.0,99.9,135.6515,0.0,0,0.0,0.0
1330.0,C,RUNNING,1326.52,1,0,2,3,0.6667,5.0,99.9,134.6515,0.0,0,0.0,0.0
1331.0,C,RUNNING,1327.52,1,0,2,3,0.6667,5.0,99.9,133.6515,0.0,0,0.0,0.0
1332.0,C,RUNNING,1328.52,1,0,2,3,0.6667,5.0,99.9,132.6515,0.0,0,0.0,0.0
1333.0,C,RUNNING,1329.52,1,0,2,3,0.6667,5.0,99.9,131.6515,0.0,0,0.0,0.0
1334.0,C,RUNNING,1330.52,1,0,2,3,0.6667,5.0,99.9,130.6515,0.0,0,0.0,0.0
1335.0,C,RUNNING,1331.52,1,0,2,3,0.6667,5.0,99.9,129.6515,0.0,0,0.0,0.0
1336.0,C,RUNNING,1332.52,1,0,2,3,0.6667,5.0,99.9,128.6515,0.0,0,0.0,0.0
1337.0,C,RUNNING,1333.52,1,0,2,3,0.6667,5.0,99.9,127.6515,0.0,0,0.0,0.0
1338.0,C,RUNNING,1334.52,1,0,2,3,0.6667,5.0,99.9,126.6515,0.0,0,0.0,0.0
1339.0,C,RUNNING,1335.52,1,0,2,3,0.6667,5.0,99.9,125.6515,0.0,0,0.0,0.0
1340.0,C,RUNNING,1336.52,1,0,2,3,0.6667,5.0,99.9,124.6515,0.0,0,0.0,0.0
1341.0,C,RUNNING,1337.52,1,0,2,3,0.6667,5.0,99.9,123.6515,0.0,0,0.0,0.0
1342.0,C,RUNNING,1338.52,1,0,2,3,0.6667,5.0,99.9,122.6515,0.0,0,0.0,0.0
1343.0,C,RUNNING,1339.52,1,0,2,3,0.6667,5.0,99.9,121.6515,0.0,0,0.0,0.0
1344.0,C,RUNNING,1340.52,1,0,2,3,0.6667,5.0,99.9,120.6515,0.0,0,0.0,0.0
1345.0,C,RUNNING,1341.52,1,0,2,3,0.6667,5.0,99.9,119.6515,0.0,0,0.0,0.0
1346.0,C,RUNNING,1342.52,1,0,2,3,0.6667,5.0,99.9,118.6515,0.0,0,0.0,0.0
1347.0,C,RUNNING,1343.52,1,0,2,3,0.6667,5.0,99.9,117.6515,0.0,0,0.0,0.0
1348.0,C,RUNNING,1344.52,1,0,2,3,0.6667,5.0,99.9,116.6515,0.0,0,0.0,0.0
1349.0,C,RUNNING,1345.52,1,0,2,3,0.6667,5.0,99.9,115.6515,0.0,0,0.0,0.0
1350.0,C,RUNNING,1346.52,1,0,2,3,0.6667,5.0,99.9,114.6515,0.0,0,0.0,0.0
1351.0,C,RUNNING,1347.52,1,0,2,3,0.6667,5.0,99.9,113.6515,0.0,0,0.0,0.0
1352.0,C,RUNNING,1348.52,1,0,2,3,0.6667,5.0,99.9,112.6515,0.0,0,0.0,0.0
1353.0,C,RUNNING,1349.52,1,0,2,3,0.6667,5.0,99.9,111.6515,0.0,0,0.0,0.0
1354.0,C,RUNNING,1350.52,1,0,2,3,0.6667,5.0,99.9,110.6515,0.0,0,0.0,0.0
1355.0,C,RUNNING,1351.52,1,0,2,3,0.6667,5.0,99.9,109.6515,0.0,0,0.0,0.0
1356.0,C,RUNNING,1352.52,1,0,2,3,0.6667,5.0,99.9,108.6515,0.0,0,0.0,0.0
1357.0,C,RUNNING,1353.52,1,0,2,3,0.6667,5.0,99.9,107.6515,0.0,0,0.0,0.0
1358.0,C,RUNNING,1354.52,1,0,2,3,0.6667,5.0,99.9,106.6515,0.0,0,0.0,0.0
1359.0,C,RUNNING,1355.52,1,0,2,3,0.6667,5.0,99.9,105.6515,0.0,0,0.0,0.0
1360.0,C,RUNNING,1356.52,1,0,2,3,0.6667,5.0,99.9,104.6515,0.0,0,0.0,0.0
1361.0,C,RUNNING,1357.52,1,0,2,3,0.6667,5.0,99.9,103.6515,0.0,0,0.0,0.0
1362.0,C,RUNNING,1358.52,1,0,2,3,0.6667,5.0,99.9,102.6515,0.0,0,0.0,0.0
1363.0,C,RUNNING,1359.52,1,0,2,3,0.6667,5.0,99.9,101.6515,0.0,0,0.0,0.0
1364.0,C,RUNNING,1360.52,1,0,2,3,0.6667,5.0,99.9,100.6515,0.0,0,0.0,0.0
1365.0,C,RUNNING,1361.52,1,0,2,3,0.6667,5.0,99.9,99.6515,0.0,0,0.0,0.0
1366.0,C,RUNNING,1362.52,1,0,2,3,0.6667,5.0,99.9,98.6515,0.0,0,0.0,0.0
1367.0,C,RUNNING,1363.52,1,0,2,3,0.6667,5.0,99.9,97.6515,0.0,0,0.0,0.0
1368.0,C,RUNNING,1364.52,1,0,2,3,0.6667,5.0,99.9,96.6515,0.0,0,0.0,0.0
1369.0,C,RUNNING,1365.52,1,0,2,3,0.6667,5.0,99.9,95.6515,0.0,0,0.0,0.0
1370.0,C,RUNNING,1366.52,1,0,2,3,0.6667,5.0,99.9,94.6515,0.0,0,0.0,0.0
1371.0,C,RUNNING,1367.52,1,0,2,3,0.6667,5.0,99.9,93.6515,0.0,0,0.0,0.0
1372.0,C,RUNNING,1368.52,1,0,2,3,0.6667,5.0,99.9,92.6515,0.0,0,0.0,0.0
1373.0,C,RUNNING,1369.52,1,0,2,3,0.6667,5.0,99.9,91.6515,0.0,0,0.0,0.0
1374.0,C,RUNNING,1370.52,1,0,2,3,0.6667,5.0,99.9,90.6515,0.0,0,0.0,0.0
1375.0,C,RUNNING,1371.52,1,0,2,3,0.6667,5.0,99.9,89.6515,0.0,0,0.0,0.0
1376.0,C,RUNNING,1372.52,1,0,2,3,0.6667,5.0,99.9,88.6515,0.0,0,0.0,0.0
1377.0,C,RUNNING,1373.52,1,0,2,3,0.6667,5.0,99.9,87.6515,0.0,0,0.0,0.0
1378.0,C,RUNNING,1374.52,1,0,2,3,0.6667,5.0,99.9,86.6515,0.0,0,0.0,0.0
1379.0,C,RUNNING,1375.52,1,0,2,3,0.6667,5.0,99.9,85.6515,0.0,0,0.0,0.0
1380.0,C,RUNNING,1376.52,1,0,2,3,0.6667,5.0,99.9,84.6515,0.0,0,0.0,0.0
1381.0,C,RUNNING,1377.52,1,0,2,3,0.6667,5.0,99.9,83.6515,0.0,0,0.0,0.0
1382.0,C,RUNNING,1378.52,1,0,2,3,0.6667,5.0,99.9,82.6515,0.0,0,0.0,0.0
1383.0,C,RUNNING,1379.52,1,0,2,3,0.6667,5.0,99.9,81.6515,0.0,0,0.0,0.0
1384.0,C,RUNNING,1380.52,1,0,2,3,0.6667,5.0,99.9,80.6515,0.0,0,0.0,0.0
1385.0,C,RUNNING,1381.52,1,0,2,3,0.6667,5.0,99.9,79.6515,0.0,0,0.0,0.0
1386.0,C,RUNNING,1382.52,1,0,2,3,0.6667,5.0,99.9,78.6515,0.0,0,0.0,0.0
1387.0,C,RUNNING,1383.52,1,0,2,3,0.6667,5.0,99.9,77.6515,0.0,0,0.0,0.0
1388.0,C,RUNNING,1384.52,1,0,2,3,0.6667,5.0,99.9,76.6515,0.0,0,0.0,0.0
1389.0,C,RUNNING,1385.52,1,0,2,3,0.6667,5.0,99.9,75.6515,0.0,0,0.0,0.0
1390.0,C,RUNNING,1386.52,1,0,2,3,0.6667,5.0,99.9,74.6515,0.0,0,0.0,0.0
1391.0,C,RUNNING,1387.52,1,0,2,3,0.6667,5.0,99.9,73.6515,0.0,0,0.0,0.0
1392.0,C,RUNNING,1388.52,1,0,2,3,0.6667,5.0,99.9,72.6515,0.0,0,0.0,0.0
1393.0,C,RUNNING,1389.52,1,0,2,3,0.6667,5.0,99.9,71.6515,0.0,0,0.0,0.0
1394.0,C,RUNNING,1390.52,1,0,2,3,0.6667,5.0,99.9,70.6515,0.0,0,0.0,0.0
1395.0,C,RUNNING,1391.52,1,0,2,3,0.6667,5.0,99.9,69.6515,0.0,0,0.0,0.0
1396.0,C,RUNNING,1392.52,1,0,2,3,0.6667,5.0,99.9,68.6515,0.0,0,0.0,0.0
1397.0,C,RUNNING,1393.52,1,0,2,3,0.6667,5.0,99.9,67.6515,0.0,0,0.0,0.0
1398.0,C,RUNNING,1394.52,1,0,2,3,0.6667,5.0,99.9,66.6515,0.0,0,0.0,0.0
1399.0,C,RUNNING,1395.52,1,0,2,3,0.6667,5.0,99.9,65.6515,0.0,0,0.0,0.0
1400.0,C,RUNNING,1396.52,1,0,2,3,0.6667,5.0,99.9,64.6515,0.0,0,0.0,0.0
1401.0,C,RUNNING,1397.52,1,0,2,3,0.6667,5.0,99.9,63.6515,0.0,0,0.0,0.0
1402.0,C,RUNNING,1398.52,1,0,2,3,0.6667,5.0,99.9,62.6515,0.0,0,0.0,0.0
1403.0,C,RUNNING,1399.52,1,0,2,3,0.6667,5.0,99.9,61.6515,0.0,0,0.0,0.0
1404.0,C,RUNNING,1400.52,1,0,2,3,0.6667,5.0,99.9,60.6515,0.0,0,0.0,0.0
1405.0,C,RUNNING,1401.52,1,0,2,3,0.6667,5.0,99.9,59.6515,0.0,0,0.0,0.0
1406.0,C,RUNNING,1402.52,1,0,2,3,0.6667,5.0,99.9,58.6515,0.0,0,0.0,0.0
1407.0,C,RUNNING,1403.52,1,0,2,3,0.6667,5.0,99.9,57.6515,0.0,0,0.0,0.0
1408.0,C,RUNNING,1404.52,1,0,2,3,0.6667,5.0,99.9,56.6515,0.0,0,0.0,0.0
1409.0,C,RUNNING,1405.52,1,0,2,3,0.6667,5.0,99.9,55.6515,0.0,0,0.0,0.0
1410.0,C,RUNNING,1406.52,1,0,2,3,0.6667,5.0,99.9,54.6515,0.0,0,0.0,0.0
1411.0,C,RUNNING,1407.52,1,0,2,3,0.6667,5.0,99.9,53.6515,0.0,0,0.0,0.0
1412.0,C,RUNNING,1408.52,1,0,2,3,0.6667,5.0,99.9,52.6515,0.0,0,0.0,0.0
1413.0,C,RUNNING,1409.52,1,0,2,3,0.6667,5.0,99.9,51.6515,0.0,0,0.0,0.0
1414.0,C,RUNNING,1410.52,1,0,2,3,0.6667,5.0,99.9,50.6515,0.0,0,0.0,0.0
1415.0,C,RUNNING,1411.52,1,0,2,3,0.6667,5.0,99.9,49.6515,0.0,0,0.0,0.0
1416.0,C,RUNNING,1412.52,1,0,2,3,0.6667,5.0,99.9,48.6515,0.0,0,0.0,0.0
1417.0,C,RUNNING,1413.52,1,2,0,3,0.0,5.0,99.9,1487.6515,0.0,0,0.0,0.0
1418.0,C,RUNNING,1414.52,1,2,0,3,0.0,5.0,99.9,1486.6515,0.0,0,0.0,0.0
1419.0,C,RUNNING,1415.52,1,2,0,3,0.0,5.0,99.9,1485.6515,0.0,0,0.0,0.0
1420.0,C,RUNNING,1416.52,1,2,0,3,0.0,5.0,99.9,1484.6515,0.0,0,0.0,0.0
1421.0,C,RUNNING,1417.52,1,2,0,3,0.0,5.0,99.9,1483.6515,0.0,0,0.0,0.0
1422.0,C,RUNNING,1418.52,1,2,0,3,0.0,5.0,99.9,1482.6515,0.0,0,0.0,0.0
1423.0,C,RUNNING,1419.52,1,2,0,3,0.0,5.0,99.9,1481.6515,0.0,0,0.0,0.0
1424.0,C,RUNNING,1420.52,1,2,0,3,0.0,5.0,99.9,1480.6515,0.0,0,0.0,0.0
1425.0,C,RUNNING,1421.52,1,2,0,3,0.0,5.0,99.9,1479.6515,0.0,0,0.0,0.0
1426.0,C,RUNNING,1422.52,1,2,0,3,0.0,5.0,99.9,1478.6515,0.0,0,0.0,0.0
1427.0,C,RUNNING,1423.52,1,2,0,3,0.0,5.0,99.9,1477.6515,0.0,0,0.0,0.0
1428.0,C,RUNNING,1424.52,1,2,0,3,0.0,5.0,99.9,1476.6515,0.0,0,0.0,0.0
1429.0,C,RUNNING,1425.52,1,2,0,3,0.0,5.0,99.9,1475.6515,0.0,0,0.0,0.0
1430.0,C,RUNNING,1426.52,1,2,0,3,0.0,5.0,99.9,1474.6515,0.0,0,0.0,0.0
1431.0,C,RUNNING,1427.52,1,2,0,3,0.0,5.0,99.9,1473.6515,0.0,0,0.0,0.0
1432.0,C,RUNNING,1428.52,1,2,0,3,0.0,5.0,99.9,1472.6515,0.0,0,0.0,0.0
1433.0,C,RUNNING,1429.52,1,2,0,3,0.0,5.0,99.9,1471.6515,0.0,0,0.0,0.0
1434.0,C,RUNNING,1430.52,1,2,0,3,0.0,5.0,99.9,1470.6515,0.0,0,0.0,0.0
1435.0,C,RUNNING,1431.52,1,2,0,3,0.0,5.0,99.9,1469.6515,0.0,0,0.0,0.0
1436.0,C,RUNNING,1432.52,1,2,0,3,0.0,5.0,99.9,1468.6515,0.0,0,0.0,0.0
1437.0,C,RUNNING,1433.52,1,2,0,3,0.0,5.0,99.9,1467.6515,0.0,0,0.0,0.0
1438.0,C,RUNNING,1434.52,1,2,0,3,0.0,5.0,99.9,1466.6515,0.0,0,0.0,0.0
1439.0,C,RUNNING,1435.52,1,2,0,3,0.0,5.0,99.9,1465.6515,0.0,0,0.0,0.0
1440.0,C,RUNNING,1436.52,1,2,0,3,0.0,5.0,99.9,1464.6515,0.0,0,0.0,0.0
1441.0,C,RUNNING,1437.52,1,2,0,3,0.0,5.0,99.9,1463.6515,0.0,0,0.0,0.0
1442.0,C,RUNNING,1438.52,1,2,0,3,0.0,5.0,99.9,1462.6515,0.0,0,0.0,0.0
1443.0,C,RUNNING,1439.52,1,2,0,3,0.0,5.0,99.9,1461.6515,0.0,0,0.0,0.0
1444.0,C,RUNNING,1440.52,1,2,0,3,0.0,5.0,99.9,1460.6515,0.0,0,0.0,0.0
1445.0,C,RUNNING,1441.52,1,2,0,3,0.0,5.0,99.9,1459.6515,0.0,0,0.0,0.0
1446.0,C,RUNNING,1442.52,1,2,0,3,0.0,5.0,99.9,1458.6515,0.0,0,0.0,0.0
1447.0,C,RUNNING,1443.52,1,2,0,3,0.0,5.0,99.9,1457.6515,0.0,0,0.0,0.0
1448.0,C,RUNNING,1444.52,1,2,0,3,0.0,5.0,99.9,1456.6515,0.0,0,0.0,0.0
1449.0,C,RUNNING,1445.52,1,2,0,3,0.0,5.0,99.9,1455.6515,0.0,0,0.0,0.0
1450.0,C,RUNNING,1446.52,1,2,0,3,0.0,5.0,99.9,1454.6515,0.0,0,0.0,0.0
1451.0,C,RUNNING,1447.52,1,2,0,3,0.0,5.0,99.9,1453.6515,0.0,0,0.0,0.0
1452.0,C,RUNNING,1448.52,1,2,0,3,0.0,5.0,99.9,1452.6515,0.0,0,0.0,0.0
1453.0,C,RUNNING,1449.52,1,2,0,3,0.0,5.0,99.9,1451.6515,0.0,0,0.0,0.0
1454.0,C,RUNNING,1450.52,1,2,0,3,0.0,5.0,99.9,1450.6515,0.0,0,0.0,0.0
1455.0,C,RUNNING,1451.52,1,2,0,3,0.0,5.0,99.9,1449.6515,0.0,0,0.0,0.0
1456.0,C,RUNNING,1452.52,1,2,0,3,0.0,5.0,99.9,1448.6515,0.0,0,0.0,0.0
1457.0,C,RUNNING,1453.52,1,2,0,3,0.0,5.0,99.9,1447.6515,0.0,0,0.0,0.0
1458.0,C,RUNNING,1454.52,1,2,0,3,0.0,5.0,99.9,1446.6515,0.0,0,0.0,0.0
1459.0,C,RUNNING,1455.52,1,2,0,3,0.0,5.0,99.9,1445.6515,0.0,0,0.0,0.0
1460.0,C,RUNNING,1456.52,1,2,0,3,0.0,5.0,99.9,1444.6515,0.0,0,0.0,0.0
1461.0,C,RUNNING,1457.52,1,2,0,3,0.0,5.0,99.9,1443.6515,0.0,0,0.0,0.0
1462.0,C,RUNNING,1458.52,1,2,0,3,0.0,5.0,99.9,1442.6515,0.0,0,0.0,0.0
1463.0,C,RUNNING,1459.52,1,2,0,3,0.0,5.0,99.9,1441.6515,0.0,0,0.0,0.0
1464.0,C,RUNNING,1460.52,1,2,0,3,0.0,5.0,99.9,1440.6515,0.0,0,0.0,0.0
1465.0,C,RUNNING,1461.52,2,2,1,3,0.3333,5.0,99.8,1440.9964,0.0,0,0.0,0.0
1466.0,C,RUNNING,1462.52,2,2,1,3,0.3333,5.0,99.8,1439.9964,0.0,0,0.0,0.0
1467.0,C,RUNNING,1463.52,2,2,1,3,0.3333,5.0,99.8,1438.9964,0.0,0,0.0,0.0
1468.0,C,RUNNING,1464.52,2,2,1,3,0.3333,5.0,99.8,1437.9964,0.0,0,0.0,0.0
1469.0,C,RUNNING,1465.52,2,2,1,3,0.3333,5.0,99.8,1436.9964,0.0,0,0.0,0.0
1470.0,C,RUNNING,1466.52,2,2,1,3,0.3333,5.0,99.8,1435.9964,0.0,0,0.0,0.0
1471.0,C,RUNNING,1467.52,2,2,1,3,0.3333,5.0,99.8,1434.9964,0.0,0,0.0,0.0
1472.0,C,RUNNING,1468.52,2,2,1,3,0.3333,5.0,99.8,1433.9964,0.0,0,0.0,0.0
1473.0,C,RUNNING,1469.52,2,2,1,3,0.3333,5.0,99.8,1432.9964,0.0,0,0.0,0.0
1474.0,C,RUNNING,1470.52,2,2,1,3,0.3333,5.0,99.8,1431.9964,0.0,0,0.0,0.0
1475.0,C,RUNNING,1471.52,2,2,1,3,0.3333,5.0,99.8,1430.9964,0.0,0,0.0,0.0
1476.0,C,RUNNING,1472.52,2,2,1,3,0.3333,5.0,99.8,1429.9964,0.0,0,0.0,0.0
1477.0,C,RUNNING,1473.52,2,2,1,3,0.3333,5.0,99.8,1428.9964,0.0,0,0.0,0.0
1478.0,C,RUNNING,1474.52,2,2,1,3,0.3333,5.0,99.8,1427.9964,0.0,0,0.0,0.0
1479.0,C,RUNNING,1475.52,2,2,1,3,0.3333,5.0,99.8,1426.9964,0.0,0,0.0,0.0
1480.0,C,RUNNING,1476.52,2,2,1,3,0.3333,5.0,99.8,1425.9964,0.0,0,0.0,0.0
1481.0,C,RUNNING,1477.52,2,2,1,3,0.3333,5.0,99.8,1424.9964,0.0,0,0.0,0.0
1482.0,C,RUNNING,1478.52,2,2,1,3,0.3333,5.0,99.8,1423.9964,0.0,0,0.0,0.0
1483.0,C,RUNNING,1479.52,2,2,1,3,0.3333,5.0,99.8,1422.9964,0.0,0,0.0,0.0
1484.0,C,RUNNING,1480.52,2,2,1,3,0.3333,5.0,99.8,1421.9964,0.0,0,0.0,0.0
1485.0,C,RUNNING,1481.52,2,2,1,3,0.3333,5.0,99.8,1420.9964,0.0,0,0.0,0.0
1486.0,C,RUNNING,1482.52,2,2,1,3,0.3333,5.0,99.8,1419.9964,0.0,0,0.0,0.0
1487.0,C,RUNNING,1483.52,2,2,1,3,0.3333,5.0,99.8,1418.9964,0.0,0,0.0,0.0
1488.0,C,RUNNING,1484.52,2,2,1,3,0.3333,5.0,99.8,1417.9964,0.0,0,0.0,0.0
1489.0,C,RUNNING,1485.52,2,2,1,3,0.3333,5.0,99.8,1416.9964,0.0,0,0.0,0.0
1490.0,C,RUNNING,1486.52,2,2,1,3,0.3333,5.0,99.8,1415.9964,0.0,0,0.0,0.0
1491.0,C,RUNNING,1487.52,2,2,1,3,0.3333,5.0,99.8,1414.9964,0.0,0,0.0,0.0
1492.0,C,RUNNING,1488.52,2,2,1,3,0.3333,5.0,99.8,1413.9964,0.0,0,0.0,0.0
1493.0,C,RUNNING,1489.52,2,2,1,3,0.3333,5.0,99.8,1412.9964,0.0,0,0.0,0.0
1494.0,C,RUNNING,1490.52,2,2,1,3,0.3333,5.0,99.8,1411.9964,0.0,0,0.0,0.0
1495.0,C,RUNNING,1491.52,2,2,1,3,0.3333,5.0,99.8,1410.9964,0.0,0,0.0,0.0
1496.0,C,RUNNING,1492.52,2,2,1,3,0.3333,5.0,99.8,1409.9964,0.0,0,0.0,0.0
1497.0,C,RUNNING,1493.52,2,2,1,3,0.3333,5.0,99.8,1408.9964,0.0,0,0.0,0.0
1498.0,C,RUNNING,1494.52,2,2,1,3,0.3333,5.0,99.8,1407.9964,0.0,0,0.0,0.0
1499.0,C,RUNNING,1495.52,2,2,1,3,0.3333,5.0,99.8,1406.9964,0.0,0,0.0,0.0
1500.0,C,RUNNING,1496.52,2,2,1,3,0.3333,5.0,99.8,1405.9964,0.0,0,0.0,0.0
1501.0,C,RUNNING,1497.52,2,2,1,3,0.3333,5.0,99.8,1404.9964,0.0,0,0.0,0.0
1502.0,C,RUNNING,1498.52,2,2,1,3,0.3333,5.0,99.8,1403.9964,0.0,0,0.0,0.0
1503.0,C,RUNNING,1499.52,2,2,1,3,0.3333,5.0,99.8,1402.9964,0.0,0,0.0,0.0
1504.0,C,RUNNING,1500.52,2,2,1,3,0.3333,5.0,99.8,1401.9964,0.0,0,0.0,0.0
1505.0,C,RUNNING,1501.52,2,2,1,3,0.3333,5.0,99.8,1400.9964,0.0,0,0.0,0.0
1506.0,C,RUNNING,1502.52,2,2,1,3,0.3333,5.0,99.8,1399.9964,0.0,0,0.0,0.0
1507.0,C,RUNNING,1503.52,2,2,1,3,0.3333,5.0,99.8,1398.9964,0.0,0,0.0,0.0
1508.0,C,RUNNING,1504.52,2,2,1,3,0.3333,5.0,99.8,1397.9964,0.0,0,0.0,0.0
1509.0,C,RUNNING,1505.52,2,2,1,3,0.3333,5.0,99.8,1396.9964,0.0,0,0.0,0.0
1510.0,C,RUNNING,1506.52,2,2,1,3,0.3333,5.0,99.8,1395.9964,0.0,0,0.0,0.0
1511.0,C,RUNNING,1507.52,2,2,1,3,0.3333,5.0,99.8,1394.9964,0.0,0,0.0,0.0
1512.0,C,RUNNING,1508.52,2,2,1,3,0.3333,5.0,99.8,1393.9964,0.0,0,0.0,0.0
1513.0,C,RUNNING,1509.52,2,2,1,3,0.3333,5.0,99.8,1392.9964,0.0,0,0.0,0.0
1514.0,C,RUNNING,1510.52,2,2,1,3,0.3333,5.0,99.8,1391.9964,0.0,0,0.0,0.0
1515.0,C,RUNNING,1511.52,2,2,1,3,0.3333,5.0,99.8,1390.9964,0.0,0,0.0,0.0
1516.0,C,RUNNING,1512.52,2,2,1,3,0.3333,5.0,99.8,1389.9964,0.0,0,0.0,0.0
1517.0,C,RUNNING,1513.52,2,2,1,3,0.3333,5.0,99.8,1388.9964,0.0,0,0.0,0.0
1518.0,C,RUNNING,1514.52,2,2,1,3,0.3333,5.0,99.8,1387.9964,0.0,0,0.0,0.0
1519.0,C,RUNNING,1515.52,2,2,1,3,0.3333,5.0,99.8,1386.9964,0.0,0,0.0,0.0
1520.0,C,RUNNING,1516.52,2,2,1,3,0.3333,5.0,99.8,1385.9964,0.0,0,0.0,0.0
1521.0,C,RUNNING,1517.52,2,2,1,3,0.3333,5.0,99.8,1384.9964,0.0,0,0.0,0.0
1522.0,C,RUNNING,1518.52,2,2,1,3,0.3333,5.0,99.8,1383.9964,0.0,0,0.0,0.0
1523.0,C,RUNNING,1519.52,2,2,1,3,0.3333,5.0,99.8,1382.9964,0.0,0,0.0,0.0
1524.0,C,RUNNING,1520.52,2,2,1,3,0.3333,5.0,99.8,1381.9964,0.0,0,0.0,0.0
1525.0,C,RUNNING,1521.52,2,2,1,3,0.3333,5.0,99.8,1380.9964,0.0,0,0.0,0.0
1526.0,C,RUNNING,1522.52,2,2,1,3,0.3333,5.0,99.8,1379.9964,0.0,0,0.0,0.0
1527.0,C,RUNNING,1523.52,2,2,1,3,0.3333,5.0,99.8,1378.9964,0.0,0,0.0,0.0
1528.0,C,RUNNING,1524.52,2,2,1,3,0.3333,5.0,99.8,1377.9964,0.0,0,0.0,0.0
1529.0,C,RUNNING,1525.52,2,2,1,3,0.3333,5.0,99.8,1376.9964,0.0,0,0.0,0.0
1530.0,C,RUNNING,1526.52,2,2,1,3,0.3333,5.0,99.8,1375.9964,0.0,0,0.0,0.0
1531.0,C,RUNNING,1527.52,2,2,1,3,0.3333,5.0,99.8,1374.9964,0.0,0,0.0,0.0
1532.0,C,RUNNING,1528.52,2,2,1,3,0.3333,5.0,99.8,1373.9964,0.0,0,0.0,0.0
1533.0,C,RUNNING,1529.52,2,2,1,3,0.3333,5.0,99.8,1372.9964,0.0,0,0.0,0.0
1534.0,C,RUNNING,1530.52,2,2,1,3,0.3333,5.0,99.8,1371.9964,0.0,0,0.0,0.0
1535.0,C,RUNNING,1531.52,2,2,1,3,0.3333,5.0,99.8,1370.9964,0.0,0,0.0,0.0
1536.0,C,RUNNING,1532.52,2,2,1,3,0.3333,5.0,99.8,1369.9964,0.0,0,0.0,0.0
1537.0,C,RUNNING,1533.52,2,2,1,3,0.3333,5.0,99.8,1368.9964,0.0,0,0.0,0.0
1538.0,C,RUNNING,1534.52,2,2,1,3,0.3333,5.0,99.8,1367.9964,0.0,0,0.0,0.0
1539.0,C,RUNNING,1535.52,2,2,1,3,0.3333,5.0,99.8,1366.9964,0.0,0,0.0,0.0
1540.0,C,RUNNING,1536.52,2,2,1,3,0.3333,5.0,99.8,1365.9964,0.0,0,0.0,0.0
1541.0,C,RUNNING,1537.52,2,2,1,3,0.3333,5.0,99.8,1364.9964,0.0,0,0.0,0.0
1542.0,C,RUNNING,1538.52,2,2,1,3,0.3333,5.0,99.8,1363.9964,0.0,0,0.0,0.0
1543.0,C,RUNNING,1539.52,2,2,1,3,0.3333,5.0,99.8,1362.9964,0.0,0,0.0,0.0
1544.0,C,RUNNING,1540.52,2,2,1,3,0.3333,5.0,99.8,1361.9964,0.0,0,0.0,0.0
1545.0,C,RUNNING,1541.52,2,2,1,3,0.3333,5.0,99.8,1360.9964,0.0,0,0.0,0.0
1546.0,C,RUNNING,1542.52,2,2,1,3,0.3333,5.0,99.8,1359.9964,0.0,0,0.0,0.0
1547.0,C,RUNNING,1543.52,2,2,1,3,0.3333,5.0,99.8,1358.9964,0.0,0,0.0,0.0
1548.0,C,RUNNING,1544.52,2,2,1,3,0.3333,5.0,99.8,1357.9964,0.0,0,0.0,0.0
1549.0,C,RUNNING,1545.52,2,2,1,3,0.3333,5.0,99.8,1356.9964,0.0,0,0.0,0.0
1550.0,C,RUNNING,1546.52,2,2,1,3,0.3333,5.0,99.8,1355.9964,0.0,0,0.0,0.0
1551.0,C,RUNNING,1547.52,2,2,1,3,0.3333,5.0,99.8,1354.9964,0.0,0,0.0,0.0
1552.0,C,RUNNING,1548.52,2,2,1,3,0.3333,5.0,99.8,1353.9964,0.0,0,0.0,0.0
1553.0,C,RUNNING,1549.52,2,2,1,3,0.3333,5.0,99.8,1352.9964,0.0,0,0.0,0.0
1554.0,C,RUNNING,1550.52,2,2,1,3,0.3333,5.0,99.8,1351.9964,0.0,0,0.0,0.0
1555.0,C,RUNNING,1551.52,2,2,1,3,0.3333,5.0,99.8,1350.9964,0.0,0,0.0,0.0
1556.0,C,RUNNING,1552.52,2,2,1,3,0.3333,5.0,99.8,1349.9964,0.0,0,0.0,0.0
1557.0,C,RUNNING,1553.52,2,2,1,3,0.3333,5.0,99.8,1348.9964,0.0,0,0.0,0.0
1558.0,C,RUNNING,1554.52,2,2,1,3,0.3333,5.0,99.8,1347.9964,0.0,0,0.0,0.0
1559.0,C,RUNNING,1555.52,2,2,1,3,0.3333,5.0,99.8,1346.9964,0.0,0,0.0,0.0
1560.0,C,RUNNING,1556.52,2,2,1,3,0.3333,5.0,99.8,1345.9964,0.0,0,0.0,0.0
1561.0,C,RUNNING,1557.52,2,2,1,3,0.3333,5.0,99.8,1344.9964,0.0,0,0.0,0.0
1562.0,C,RUNNING,1558.52,2,2,1,3,0.3333,5.0,99.8,1343.9964,0.0,0,0.0,0.0
1563.0,C,RUNNING,1559.52,2,2,1,3,0.3333,5.0,99.8,1342.9964,0.0,0,0.0,0.0
1564.0,C,RUNNING,1560.52,2,2,1,3,0.3333,5.0,99.8,1341.9964,0.0,0,0.0,0.0
1565.0,C,RUNNING,1561.52,2,2,1,3,0.3333,5.0,99.8,1340.9964,0.0,0,0.0,0.0
1566.0,C,RUNNING,1562.52,2,2,1,3,0.3333,5.0,99.8,1339.9964,0.0,0,0.0,0.0
1567.0,C,RUNNING,1563.52,2,2,1,3,0.3333,5.0,99.8,1338.9964,0.0,0,0.0,0.0
1568.0,C,RUNNING,1564.52,2,2,1,3,0.3333,5.0,99.8,1337.9964,0.0,0,0.0,0.0
1569.0,C,RUNNING,1565.52,2,2,1,3,0.3333,5.0,99.8,1336.9964,0.0,0,0.0,0.0
1570.0,C,RUNNING,1566.52,2,2,1,3,0.3333,5.0,99.8,1335.9964,0.0,0,0.0,0.0
1571.0,C,RUNNING,1567.52,2,2,1,3,0.3333,5.0,99.8,1334.9964,0.0,0,0.0,0.0
1572.0,C,RUNNING,1568.52,2,2,1,3,0.3333,5.0,99.8,1333.9964,0.0,0,0.0,0.0
1573.0,C,RUNNING,1569.52,2,2,1,3,0.3333,5.0,99.8,1332.9964,0.0,0,0.0,0.0
1574.0,C,RUNNING,1570.52,2,2,1,3,0.3333,5.0,99.8,1331.9964,0.0,0,0.0,0.0
1575.0,C,RUNNING,1571.52,2,2,1,3,0.3333,5.0,99.8,1330.9964,0.0,0,0.0,0.0
1576.0,C,RUNNING,1572.52,2,2,1,3,0.3333,5.0,99.8,1329.9964,0.0,0,0.0,0.0
1577.0,C,RUNNING,1573.52,2,2,1,3,0.3333,5.0,99.8,1328.9964,0.0,0,0.0,0.0
1578.0,C,RUNNING,1574.52,2,2,1,3,0.3333,5.0,99.8,1327.9964,0.0,0,0.0,0.0
1579.0,C,RUNNING,1575.52,2,2,1,3,0.3333,5.0,99.8,1326.9964,0.0,0,0.0,0.0
1580.0,C,RUNNING,1576.52,2,2,1,3,0.3333,5.0,99.8,1325.9964,0.0,0,0.0,0.0
1581.0,C,RUNNING,1577.52,2,2,1,3,0.3333,5.0,99.8,1324.9964,0.0,0,0.0,0.0
1582.0,C,RUNNING,1578.52,2,2,1,3,0.3333,5.0,99.8,1323.9964,0.0,0,0.0,0.0
1583.0,C,RUNNING,1579.52,2,2,1,3,0.3333,5.0,99.8,1322.9964,0.0,0,0.0,0.0
1584.0,C,RUNNING,1580.52,2,2,1,3,0.3333,5.0,99.8,1321.9964,0.0,0,0.0,0.0
1585.0,C,RUNNING,1581.52,2,2,1,3,0.3333,5.0,99.8,1320.9964,0.0,0,0.0,0.0
1586.0,C,RUNNING,1582.52,2,2,1,3,0.3333,5.0,99.8,1319.9964,0.0,0,0.0,0.0
1587.0,C,RUNNING,1583.52,2,2,1,3,0.3333,5.0,99.8,1318.9964,0.0,0,0.0,0.0
1588.0,C,RUNNING,1584.52,2,2,1,3,0.3333,5.0,99.8,1317.9964,0.0,0,0.0,0.0
1589.0,C,RUNNING,1585.52,2,2,1,3,0.3333,5.0,99.8,1316.9964,0.0,0,0.0,0.0
1590.0,C,RUNNING,1586.52,2,2,1,3,0.3333,5.0,99.8,1315.9964,0.0,0,0.0,0.0
1591.0,C,RUNNING,1587.52,2,2,1,3,0.3333,5.0,99.8,1314.9964,0.0,0,0.0,0.0
1592.0,C,RUNNING,1588.52,2,2,1,3,0.3333,5.0,99.8,1313.9964,0.0,0,0.0,0.0
1593.0,C,RUNNING,1589.52,2,2,1,3,0.3333,5.0,99.8,1312.9964,0.0,0,0.0,0.0
1594.0,C,RUNNING,1590.52,2,2,1,3,0.3333,5.0,99.8,1311.9964,0.0,0,0.0,0.0
1595.0,C,RUNNING,1591.52,2,2,1,3,0.3333,5.0,99.8,1310.9964,0.0,0,0.0,0.0
1596.0,C,RUNNING,1592.52,2,2,1,3,0.3333,5.0,99.8,1309.9964,0.0,0,0.0,0.0
1597.0,C,RUNNING,1593.52,2,2,1,3,0.3333,5.0,99.8,1308.9964,0.0,0,0.0,0.0
1598.0,C,RUNNING,1594.52,2,2,1,3,0.3333,5.0,99.8,1307.9964,0.0,0,0.0,0.0
1599.0,C,RUNNING,1595.52,2,2,1,3,0.3333,5.0,99.8,1306.9964,0.0,0,0.0,0.0
1600.0,C,RUNNING,1596.52,2,2,1,3,0.3333,5.0,99.8,1305.9964,0.0,0,0.0,0.0
1601.0,C,RUNNING,1597.52,2,2,1,3,0.3333,5.0,99.8,1304.9964,0.0,0,0.0,0.0
1602.0,C,RUNNING,1598.52,2,2,1,3,0.3333,5.0,99.8,1303.9964,0.0,0,0.0,0.0
1603.0,C,RUNNING,1599.52,2,2,1,3,0.3333,5.0,99.8,1302.9964,0.0,0,0.0,0.0
1604.0,C,RUNNING,1600.52,2,2,1,3,0.3333,5.0,99.8,1301.9964,0.0,0,0.0,0.0
1605.0,C,RUNNING,1601.52,2,2,1,3,0.3333,5.0,99.8,1300.9964,0.0,0,0.0,0.0
1606.0,C,RUNNING,1602.52,2,2,1,3,0.3333,5.0,99.8,1299.9964,0.0,0,0.0,0.0
1607.0,C,RUNNING,1603.52,2,2,1,3,0.3333,5.0,99.8,1298.9964,0.0,0,0.0,0.0
1608.0,C,RUNNING,1604.52,2,2,1,3,0.3333,5.0,99.8,1297.9964,0.0,0,0.0,0.0
1609.0,C,RUNNING,1605.52,2,2,1,3,0.3333,5.0,99.8,1296.9964,0.0,0,0.0,0.0
1610.0,C,RUNNING,1606.52,2,2,1,3,0.3333,5.0,99.8,1295.9964,0.0,0,0.0,0.0
1611.0,C,RUNNING,1607.52,2,2,1,3,0.3333,5.0,99.8,1294.9964,0.0,0,0.0,0.0
1612.0,C,RUNNING,1608.52,2,2,1,3,0.3333,5.0,99.8,1293.9964,0.0,0,0.0,0.0
1613.0,C,RUNNING,1609.52,2,2,1,3,0.3333,5.0,99.8,1292.9964,0.0,0,0.0,0.0
1614.0,C,RUNNING,1610.52,2,2,1,3,0.3333,5.0,99.8,1291.9964,0.0,0,0.0,0.0
1615.0,C,RUNNING,1611.52,2,2,1,3,0.3333,5.0,99.8,1290.9964,0.0,0,0.0,0.0
1616.0,C,RUNNING,1612.52,2,2,1,3,0.3333,5.0,99.8,1289.9964,0.0,0,0.0,0.0
1617.0,C,RUNNING,1613.52,2,2,1,3,0.3333,5.0,99.8,1288.9964,0.0,0,0.0,0.0
1618.0,C,RUNNING,1614.52,2,2,1,3,0.3333,5.0,99.8,1287.9964,0.0,0,0.0,0.0
1619.0,C,RUNNING,1615.52,2,2,1,3,0.3333,5.0,99.8,1286.9964,0.0,0,0.0,0.0
1620.0,C,RUNNING,1616.52,2,2,1,3,0.3333,5.0,99.8,1285.9964,0.0,0,0.0,0.0
1621.0,C,RUNNING,1617.52,2,2,1,3,0.3333,5.0,99.8,1284.9964,0.0,0,0.0,0.0
1622.0,C,RUNNING,1618.52,2,2,1,3,0.3333,5.0,99.8,1283.9964,0.0,0,0.0,0.0
1623.0,C,RUNNING,1619.52,2,2,1,3,0.3333,5.0,99.8,1282.9964,0.0,0,0.0,0.0
1624.0,C,RUNNING,1620.52,2,2,1,3,0.3333,5.0,99.8,1281.9964,0.0,0,0.0,0.0
1625.0,C,RUNNING,1621.52,2,2,1,3,0.3333,5.0,99.8,1280.9964,0.0,0,0.0,0.0
1626.0,C,RUNNING,1622.52,2,2,1,3,0.3333,5.0,99.8,1279.9964,0.0,0,0.0,0.0
1627.0,C,RUNNING,1623.52,2,2,1,3,0.3333,5.0,99.8,1278.9964,0.0,0,0.0,0.0
1628.0,C,RUNNING,1624.52,2,2,1,3,0.3333,5.0,99.8,1277.9964,0.0,0,0.0,0.0
1629.0,C,RUNNING,1625.52,2,2,1,3,0.3333,5.0,99.8,1276.9964,0.0,0,0.0,0.0
1630.0,C,RUNNING,1626.52,2,2,1,3,0.3333,5.0,99.8,1275.9964,0.0,0,0.0,0.0
1631.0,C,RUNNING,1627.52,2,2,1,3,0.3333,5.0,99.8,1274.9964,0.0,0,0.0,0.0
1632.0,C,RUNNING,1628.52,2,2,1,3,0.3333,5.0,99.8,1273.9964,0.0,0,0.0,0.0
1633.0,C,RUNNING,1629.52,2,2,1,3,0.3333,5.0,99.8,1272.9964,0.0,0,0.0,0.0
1634.0,C,RUNNING,1630.52,2,2,1,3,0.3333,5.0,99.8,1271.9964,0.0,0,0.0,0.0
1635.0,C,RUNNING,1631.52,2,2,1,3,0.3333,5.0,99.8,1270.9964,0.0,0,0.0,0.0
1636.0,C,RUNNING,1632.52,2,2,1,3,0.3333,5.0,99.8,1269.9964,0.0,0,0.0,0.0
1637.0,C,RUNNING,1633.52,2,2,1,3,0.3333,5.0,99.8,1268.9964,0.0,0,0.0,0.0
1638.0,C,RUNNING,1634.52,2,2,1,3,0.3333,5.0,99.8,1267.9964,0.0,0,0.0,0.0
1639.0,C,RUNNING,1635.52,2,2,1,3,0.3333,5.0,99.8,1266.9964,0.0,0,0.0,0.0
1640.0,C,RUNNING,1636.52,2,2,1,3,0.3333,5.0,99.8,1265.9964,0.0,0,0.0,0.0
1641.0,C,RUNNING,1637.52,2,2,1,3,0.3333,5.0,99.8,1264.9964,0.0,0,0.0,0.0
1642.0,C,RUNNING,1638.52,2,2,1,3,0.3333,5.0,99.8,1263.9964,0.0,0,0.0,0.0
1643.0,C,RUNNING,1639.52,2,2,1,3,0.3333,5.0,99.8,1262.9964,0.0,0,0.0,0.0
1644.0,C,RUNNING,1640.52,2,2,1,3,0.3333,5.0,99.8,1261.9964,0.0,0,0.0,0.0
1645.0,C,RUNNING,1641.52,2,2,1,3,0.3333,5.0,99.8,1260.9964,0.0,0,0.0,0.0
1646.0,C,RUNNING,1642.52,2,2,1,3,0.3333,5.0,99.8,1259.9964,0.0,0,0.0,0.0
1647.0,C,RUNNING,1643.52,2,2,1,3,0.3333,5.0,99.8,1258.9964,0.0,0,0.0,0.0
1648.0,C,RUNNING,1644.52,2,2,1,3,0.3333,5.0,99.8,1257.9964,0.0,0,0.0,0.0
1649.0,C,RUNNING,1645.52,2,2,1,3,0.3333,5.0,99.8,1256.9964,0.0,0,0.0,0.0
1650.0,C,RUNNING,1646.52,2,2,1,3,0.3333,5.0,99.8,1255.9964,0.0,0,0.0,0.0
1651.0,C,RUNNING,1647.52,2,2,1,3,0.3333,5.0,99.8,1254.9964,0.0,0,0.0,0.0
1652.0,C,RUNNING,1648.52,2,2,1,3,0.3333,5.0,99.8,1253.9964,0.0,0,0.0,0.0
1653.0,C,RUNNING,1649.52,2,2,1,3,0.3333,5.0,99.8,1252.9964,0.0,0,0.0,0.0
1654.0,C,RUNNING,1650.52,2,2,1,3,0.3333,5.0,99.8,1251.9964,0.0,0,0.0,0.0
1655.0,C,RUNNING,1651.52,2,2,1,3,0.3333,5.0,99.8,1250.9964,0.0,0,0.0,0.0
1656.0,C,RUNNING,1652.52,2,2,1,3,0.3333,5.0,99.8,1249.9964,0.0,0,0.0,0.0
1657.0,C,RUNNING,1653.52,2,2,1,3,0.3333,5.0,99.8,1248.9964,0.0,0,0.0,0.0
1658.0,C,RUNNING,1654.52,2,2,1,3,0.3333,5.0,99.8,1247.9964,0.0,0,0.0,0.0
1659.0,C,RUNNING,1655.52,2,2,1,3,0.3333,5.0,99.8,1246.9964,0.0,0,0.0,0.0
1660.0,C,RUNNING,1656.52,2,2,1,3,0.3333,5.0,99.8,1245.9964,0.0,0,0.0,0.0
1661.0,C,RUNNING,1657.52,2,2,1,3,0.3333,5.0,99.8,1244.9964,0.0,0,0.0,0.0
1662.0,C,RUNNING,1658.52,2,2,1,3,0.3333,5.0,99.8,1243.9964,0.0,0,0.0,0.0
1663.0,C,RUNNING,1659.52,2,2,1,3,0.3333,5.0,99.8,1242.9964,0.0,0,0.0,0.0
1664.0,C,RUNNING,1660.52,2,2,1,3,0.3333,5.0,99.8,1241.9964,0.0,0,0.0,0.0
1665.0,C,RUNNING,1661.52,2,2,1,3,0.3333,5.0,99.8,1240.9964,0.0,0,0.0,0.0
1666.0,C,RUNNING,1662.52,2,2,1,3,0.3333,5.0,99.8,1239.9964,0.0,0,0.0,0.0
1667.0,C,RUNNING,1663.52,2,2,1,3,0.3333,5.0,99.8,1238.9964,0.0,0,0.0,0.0
1668.0,C,RUNNING,1664.52,2,2,1,3,0.3333,5.0,99.8,1237.9964,0.0,0,0.0,0.0
1669.0,C,RUNNING,1665.52,2,2,1,3,0.3333,5.0,99.8,1236.9964,0.0,0,0.0,0.0
1670.0,C,RUNNING,1666.52,2,2,1,3,0.3333,5.0,99.8,1235.9964,0.0,0,0.0,0.0
1671.0,C,RUNNING,1667.52,2,2,1,3,0.3333,5.0,99.8,1234.9964,0.0,0,0.0,0.0
1672.0,C,RUNNING,1668.52,2,2,1,3,0.3333,5.0,99.8,1233.9964,0.0,0,0.0,0.0
1673.0,C,RUNNING,1669.52,2,2,1,3,0.3333,5.0,99.8,1232.9964,0.0,0,0.0,0.0
1674.0,C,RUNNING,1670.52,2,2,1,3,0.3333,5.0,99.8,1231.9964,0.0,0,0.0,0.0
1675.0,C,RUNNING,1671.52,2,2,1,3,0.3333,5.0,99.8,1230.9964,0.0,0,0.0,0.0
1676.0,C,RUNNING,1672.52,2,2,1,3,0.3333,5.0,99.8,1229.9964,0.0,0,0.0,0.0
1677.0,C,RUNNING,1673.52,2,2,1,3,0.3333,5.0,99.8,1228.9964,0.0,0,0.0,0.0
1678.0,C,RUNNING,1674.52,2,2,1,3,0.3333,5.0,99.8,1227.9964,0.0,0,0.0,0.0
1679.0,C,RUNNING,1675.52,2,2,1,3,0.3333,5.0,99.8,1226.9964,0.0,0,0.0,0.0
1680.0,C,RUNNING,1676.52,2,2,1,3,0.3333,5.0,99.8,1225.9964,0.0,0,0.0,0.0
1681.0,C,RUNNING,1677.52,2,2,1,3,0.3333,5.0,99.8,1224.9964,0.0,0,0.0,0.0
1682.0,C,RUNNING,1678.52,2,2,1,3,0.3333,5.0,99.8,1223.9964,0.0,0,0.0,0.0
1683.0,C,RUNNING,1679.52,2,2,1,3,0.3333,5.0,99.8,1222.9964,0.0,0,0.0,0.0
1684.0,C,RUNNING,1680.52,2,2,1,3,0.3333,5.0,99.8,1221.9964,0.0,0,0.0,0.0
1685.0,C,RUNNING,1681.52,2,2,1,3,0.3333,5.0,99.8,1220.9964,0.0,0,0.0,0.0
1686.0,C,RUNNING,1682.52,2,2,1,3,0.3333,5.0,99.8,1219.9964,0.0,0,0.0,0.0
1687.0,C,RUNNING,1683.52,2,2,1,3,0.3333,5.0,99.8,1218.9964,0.0,0,0.0,0.0
1688.0,C,RUNNING,1684.52,2,2,1,3,0.3333,5.0,99.8,1217.9964,0.0,0,0.0,0.0
1689.0,C,RUNNING,1685.52,2,2,1,3,0.3333,5.0,99.8,1216.9964,0.0,0,0.0,0.0
1690.0,C,RUNNING,1686.52,2,2,1,3,0.3333,5.0,99.8,1215.9964,0.0,0,0.0,0.0
1691.0,C,RUNNING,1687.52,2,2,1,3,0.3333,5.0,99.8,1214.9964,0.0,0,0.0,0.0
1692.0,C,RUNNING,1688.52,2,2,1,3,0.3333,5.0,99.8,1213.9964,0.0,0,0.0,0.0
1693.0,C,RUNNING,1689.52,2,2,1,3,0.3333,5.0,99.8,1212.9964,0.0,0,0.0,0.0
1694.0,C,RUNNING,1690.52,2,2,1,3,0.3333,5.0,99.8,1211.9964,0.0,0,0.0,0.0
1695.0,C,RUNNING,1691.52,2,2,1,3,0.3333,5.0,99.8,1210.9964,0.0,0,0.0,0.0
1696.0,C,RUNNING,1692.52,2,2,1,3,0.3333,5.0,99.8,1209.9964,0.0,0,0.0,0.0
1697.0,C,RUNNING,1693.52,2,2,1,3,0.3333,5.0,99.8,1208.9964,0.0,0,0.0,0.0
1698.0,C,RUNNING,1694.52,2,2,1,3,0.3333,5.0,99.8,1207.9964,0.0,0,0.0,0.0
1699.0,C,RUNNING,1695.52,2,2,1,3,0.3333,5.0,99.8,1206.9964,0.0,0,0.0,0.0
1700.0,C,RUNNING,1696.52,2,2,1,3,0.3333,5.0,99.8,1205.9964,0.0,0,0.0,0.0
1701.0,C,RUNNING,1697.52,2,2,1,3,0.3333,5.0,99.8,1204.9964,0.0,0,0.0,0.0
1702.0,C,RUNNING,1698.52,2,2,1,3,0.3333,5.0,99.8,1203.9964,0.0,0,0.0,0.0
1703.0,C,RUNNING,1699.52,2,2,1,3,0.3333,5.0,99.8,1202.9964,0.0,0,0.0,0.0
1704.0,C,RUNNING,1700.52,2,2,1,3,0.3333,5.0,99.8,1201.9964,0.0,0,0.0,0.0
1705.0,C,RUNNING,1701.52,2,2,1,3,0.3333,5.0,99.8,1200.9964,0.0,0,0.0,0.0
1706.0,C,RUNNING,1702.52,2,2,1,3,0.3333,5.0,99.8,1199.9964,0.0,0,0.0,0.0
1707.0,C,RUNNING,1703.52,2,2,1,3,0.3333,5.0,99.8,1198.9964,0.0,0,0.0,0.0
1708.0,C,RUNNING,1704.52,2,2,1,3,0.3333,5.0,99.8,1197.9964,0.0,0,0.0,0.0
1709.0,C,RUNNING,1705.52,2,2,1,3,0.3333,5.0,99.8,1196.9964,0.0,0,0.0,0.0
1710.0,C,RUNNING,1706.52,2,2,1,3,0.3333,5.0,99.8,1195.9964,0.0,0,0.0,0.0
1711.0,C,RUNNING,1707.52,2,2,1,3,0.3333,5.0,99.8,1194.9964,0.0,0,0.0,0.0
1712.0,C,RUNNING,1708.52,2,2,1,3,0.3333,5.0,99.8,1193.9964,0.0,0,0.0,0.0
1713.0,C,RUNNING,1709.52,2,2,1,3,0.3333,5.0,99.8,1192.9964,0.0,0,0.0,0.0
1714.0,C,RUNNING,1710.52,2,2,1,3,0.3333,5.0,99.8,1191.9964,0.0,0,0.0,0.0
1715.0,C,RUNNING,1711.52,2,2,1,3,0.3333,5.0,99.8,1190.9964,0.0,0,0.0,0.0
1716.0,C,RUNNING,1712.52,2,2,1,3,0.3333,5.0,99.8,1189.9964,0.0,0,0.0,0.0
1717.0,C,RUNNING,1713.52,2,2,1,3,0.3333,5.0,99.8,1188.9964,0.0,0,0.0,0.0
1718.0,C,RUNNING,1714.52,2,2,1,3,0.3333,5.0,99.8,1187.9964,0.0,0,0.0,0.0
1719.0,C,RUNNING,1715.52,2,2,1,3,0.3333,5.0,99.8,1186.9964,0.0,0,0.0,0.0
1720.0,C,RUNNING,1716.52,2,2,1,3,0.3333,5.0,99.8,1185.9964,0.0,0,0.0,0.0
1721.0,C,RUNNING,1717.52,2,2,1,3,0.3333,5.0,99.8,1184.9964,0.0,0,0.0,0.0
1722.0,C,RUNNING,1718.52,2,2,1,3,0.3333,5.0,99.8,1183.9964,0.0,0,0.0,0.0
1723.0,C,RUNNING,1719.52,2,2,1,3,0.3333,5.0,99.8,1182.9964,0.0,0,0.0,0.0
1724.0,C,RUNNING,1720.52,2,2,1,3,0.3333,5.0,99.8,1181.9964,0.0,0,0.0,0.0
1725.0,C,RUNNING,1721.52,2,2,1,3,0.3333,5.0,99.8,1180.9964,0.0,0,0.0,0.0
1726.0,C,RUNNING,1722.52,2,2,1,3,0.3333,5.0,99.8,1179.9964,0.0,0,0.0,0.0
1727.0,C,RUNNING,1723.52,2,2,1,3,0.3333,5.0,99.8,1178.9964,0.0,0,0.0,0.0
1728.0,C,RUNNING,1724.52,2,2,1,3,0.3333,5.0,99.8,1177.9964,0.0,0,0.0,0.0
1729.0,C,RUNNING,1725.52,2,2,1,3,0.3333,5.0,99.8,1176.9964,0.0,0,0.0,0.0
1730.0,C,RUNNING,1726.52,2,2,1,3,0.3333,5.0,99.8,1175.9964,0.0,0,0.0,0.0
1731.0,C,RUNNING,1727.52,2,2,1,3,0.3333,5.0,99.8,1174.9964,0.0,0,0.0,0.0
1732.0,C,RUNNING,1728.52,2,2,1,3,0.3333,5.0,99.8,1173.9964,0.0,0,0.0,0.0
1733.0,C,RUNNING,1729.52,2,2,1,3,0.3333,5.0,99.8,1172.9964,0.0,0,0.0,0.0
1734.0,C,RUNNING,1730.52,2,2,1,3,0.3333,5.0,99.8,1171.9964,0.0,0,0.0,0.0
1735.0,C,RUNNING,1731.52,2,2,1,3,0.3333,5.0,99.8,1170.9964,0.0,0,0.0,0.0
1736.0,C,RUNNING,1732.52,2,2,1,3,0.3333,5.0,99.8,1169.9964,0.0,0,0.0,0.0
1737.0,C,RUNNING,1733.52,2,2,1,3,0.3333,5.0,99.8,1168.9964,0.0,0,0.0,0.0
1738.0,C,RUNNING,1734.52,2,2,1,3,0.3333,5.0,99.8,1167.9964,0.0,0,0.0,0.0
1739.0,C,RUNNING,1735.52,2,2,1,3,0.3333,5.0,99.8,1166.9964,0.0,0,0.0,0.0
1740.0,C,RUNNING,1736.52,2,2,1,3,0.3333,5.0,99.8,1165.9964,0.0,0,0.0,0.0
1741.0,C,RUNNING,1737.52,2,2,1,3,0.3333,5.0,99.8,1164.9964,0.0,0,0.0,0.0
1742.0,C,RUNNING,1738.52,2,2,1,3,0.3333,5.0,99.8,1163.9964,0.0,0,0.0,0.0
1743.0,C,RUNNING,1739.52,2,2,1,3,0.3333,5.0,99.8,1162.9964,0.0,0,0.0,0.0
1744.0,C,RUNNING,1740.52,2,2,1,3,0.3333,5.0,99.8,1161.9964,0.0,0,0.0,0.0
1745.0,C,RUNNING,1741.52,2,2,1,3,0.3333,5.0,99.8,1160.9964,0.0,0,0.0,0.0
1746.0,C,RUNNING,1742.52,2,2,1,3,0.3333,5.0,99.8,1159.9964,0.0,0,0.0,0.0
1747.0,C,RUNNING,1743.52,2,2,1,3,0.3333,5.0,99.8,1158.9964,0.0,0,0.0,0.0
1748.0,C,RUNNING,1744.52,2,2,1,3,0.3333,5.0,99.8,1157.9964,0.0,0,0.0,0.0
1749.0,C,RUNNING,1745.52,2,2,1,3,0.3333,5.0,99.8,1156.9964,0.0,0,0.0,0.0
1750.0,C,RUNNING,1746.52,2,2,1,3,0.3333,5.0,99.8,1155.9964,0.0,0,0.0,0.0
1751.0,C,RUNNING,1747.52,2,2,1,3,0.3333,5.0,99.8,1154.9964,0.0,0,0.0,0.0
1752.0,C,RUNNING,1748.52,2,2,1,3,0.3333,5.0,99.8,1153.9964,0.0,0,0.0,0.0
1753.0,C,RUNNING,1749.52,2,2,1,3,0.3333,5.0,99.8,1152.9964,0.0,0,0.0,0.0
1754.0,C,RUNNING,1750.52,2,2,1,3,0.3333,5.0,99.8,1151.9964,0.0,0,0.0,0.0
1755.0,C,RUNNING,1751.52,2,2,1,3,0.3333,5.0,99.8,1150.9964,0.0,0,0.0,0.0
1756.0,C,RUNNING,1752.52,2,2,1,3,0.3333,5.0,99.8,1149.9964,0.0,0,0.0,0.0
1757.0,C,RUNNING,1753.52,2,2,1,3,0.3333,5.0,99.8,1148.9964,0.0,0,0.0,0.0
1758.0,C,RUNNING,1754.52,2,2,1,3,0.3333,5.0,99.8,1147.9964,0.0,0,0.0,0.0
1759.0,C,RUNNING,1755.52,2,2,1,3,0.3333,5.0,99.8,1146.9964,0.0,0,0.0,0.0
1760.0,C,RUNNING,1756.52,2,2,1,3,0.3333,5.0,99.8,1145.9964,0.0,0,0.0,0.0
1761.0,C,RUNNING,1757.52,2,2,1,3,0.3333,5.0,99.8,1144.9964,0.0,0,0.0,0.0
1762.0,C,RUNNING,1758.52,2,3,0,3,0.0,5.0,99.8,1863.9964,0.0,0,0.0,0.0
1763.0,C,RUNNING,1759.52,2,3,0,3,0.0,5.0,99.8,1862.9964,0.0,0,0.0,0.0
1764.0,C,RUNNING,1760.52,2,3,0,3,0.0,5.0,99.8,1861.9964,0.0,0,0.0,0.0
1765.0,C,RUNNING,1761.52,2,3,0,3,0.0,5.0,99.8,1860.9964,0.0,0,0.0,0.0
1766.0,C,RUNNING,1762.52,2,3,0,3,0.0,5.0,99.8,1859.9964,0.0,0,0.0,0.0
1767.0,C,RUNNING,1763.52,2,3,0,3,0.0,5.0,99.8,1858.9964,0.0,0,0.0,0.0
1768.0,C,RUNNING,1764.52,2,3,0,3,0.0,5.0,99.8,1857.9964,0.0,0,0.0,0.0
1769.0,C,RUNNING,1765.52,2,3,0,3,0.0,5.0,99.8,1856.9964,0.0,0,0.0,0.0
1770.0,C,RUNNING,1766.52,2,3,0,3,0.0,5.0,99.8,1855.9964,0.0,0,0.0,0.0
1771.0,C,RUNNING,1767.52,2,3,0,3,0.0,5.0,99.8,1854.9964,0.0,0,0.0,0.0
1772.0,C,RUNNING,1768.52,2,3,0,3,0.0,5.0,99.8,1853.9964,0.0,0,0.0,0.0
1773.0,C,RUNNING,1769.52,2,3,0,3,0.0,5.0,99.8,1852.9964,0.0,0,0.0,0.0
1774.0,C,RUNNING,1770.52,2,3,0,3,0.0,5.0,99.8,1851.9964,0.0,0,0.0,0.0
1775.0,C,RUNNING,1771.52,2,3,0,3,0.0,5.0,99.8,1850.9964,0.0,0,0.0,0.0
1776.0,C,RUNNING,1772.52,2,3,0,3,0.0,5.0,99.8,1849.9964,0.0,0,0.0,0.0
1777.0,C,RUNNING,1773.52,2,3,0,3,0.0,5.0,99.8,1848.9964,0.0,0,0.0,0.0
1778.0,C,RUNNING,1774.52,2,3,0,3,0.0,5.0,99.8,1847.9964,0.0,0,0.0,0.0
1779.0,C,RUNNING,1775.52,2,3,0,3,0.0,5.0,99.8,1846.9964,0.0,0,0.0,0.0
1780.0,C,RUNNING,1776.52,2,3,0,3,0.0,5.0,99.8,1845.9964,0.0,0,0.0,0.0
1781.0,C,RUNNING,1777.52,2,3,0,3,0.0,5.0,99.8,1844.9964,0.0,0,0.0,0.0
1782.0,C,RUNNING,1778.52,2,3,0,3,0.0,5.0,99.8,1843.9964,0.0,0,0.0,0.0
1783.0,C,RUNNING,1779.52,2,3,0,3,0.0,5.0,99.8,1842.9964,0.0,0,0.0,0.0
1784.0,C,RUNNING,1780.52,2,3,0,3,0.0,5.0,99.8,1841.9964,0.0,0,0.0,0.0
1785.0,C,RUNNING,1781.52,2,3,0,3,0.0,5.0,99.8,1840.9964,0.0,0,0.0,0.0
1786.0,C,RUNNING,1782.52,2,3,0,3,0.0,5.0,99.8,1839.9964,0.0,0,0.0,0.0
1787.0,C,RUNNING,1783.52,2,3,0,3,0.0,5.0,99.8,1838.9964,0.0,0,0.0,0.0
1788.0,C,RUNNING,1784.52,2,3,0,3,0.0,5.0,99.8,1837.9964,0.0,0,0.0,0.0
1789.0,C,RUNNING,1785.52,2,3,0,3,0.0,5.0,99.8,1836.9964,0.0,0,0.0,0.0
1790.0,C,RUNNING,1786.52,2,3,0,3,0.0,5.0,99.8,1835.9964,0.0,0,0.0,0.0
1791.0,C,RUNNING,1787.52,2,3,0,3,0.0,5.0,99.8,1834.9964,0.0,0,0.0,0.0
1792.0,C,RUNNING,1788.52,2,3,0,3,0.0,5.0,99.8,1833.9964,0.0,0,0.0,0.0
1793.0,C,RUNNING,1789.52,2,3,0,3,0.0,5.0,99.8,1832.9964,0.0,0,0.0,0.0
1794.0,C,RUNNING,1790.52,2,3,0,3,0.0,5.0,99.8,1831.9964,0.0,0,0.0,0.0
1795.0,C,RUNNING,1791.52,2,3,0,3,0.0,5.0,99.8,1830.9964,0.0,0,0.0,0.0
1796.0,C,RUNNING,1792.52,2,3,0,3,0.0,5.0,99.8,1829.9964,0.0,0,0.0,0.0
1797.0,C,RUNNING,1793.52,2,3,0,3,0.0,5.0,99.8,1828.9964,0.0,0,0.0,0.0
1798.0,C,RUNNING,1794.52,2,3,0,3,0.0,5.0,99.8,1827.9964,0.0,0,0.0,0.0
1799.01,C,RUNNING,1795.528,2,3,0,3,0.0,5.0,99.8,1826.9884,0.0,0,0.0,0.0
1800.0,C,RUNNING,1796.52,2,3,0,3,0.0,5.0,99.8,1825.9964,0.0,0,0.0,0.0
1801.0,C,RUNNING,1797.52,2,3,0,3,0.0,5.0,99.8,1824.9964,0.0,0,0.0,0.0
1802.0,C,RUNNING,1798.52,2,3,0,3,0.0,5.0,99.8,1823.9964,0.0,0,0.0,0.0
1803.0,C,RUNNING,1799.52,2,3,0,3,0.0,5.0,99.8,1822.9964,0.0,0,0.0,0.0
1804.0,C,RUNNING,1800.52,2,3,0,3,0.0,5.0,99.8,1821.9964,0.0,0,0.0,0.0
1805.0,C,RUNNING,1801.52,2,3,0,3,0.0,5.0,99.8,1820.9964,0.0,0,0.0,0.0
1806.0,C,RUNNING,1802.52,2,3,0,3,0.0,5.0,99.8,1819.9964,0.0,0,0.0,0.0
1807.0,C,RUNNING,1803.52,2,3,0,3,0.0,5.0,99.8,1818.9964,0.0,0,0.0,0.0
1808.0,C,RUNNING,1804.52,2,3,0,3,0.0,5.0,99.8,1817.9964,0.0,0,0.0,0.0
1809.0,C,RUNNING,1805.52,2,3,0,3,0.0,5.0,99.8,1816.9964,0.0,0,0.0,0.0
1810.0,C,RUNNING,1806.52,2,3,0,3,0.0,5.0,99.8,1815.9964,0.0,0,0.0,0.0
1811.0,C,RUNNING,1807.52,2,3,0,3,0.0,5.0,99.8,1814.9964,0.0,0,0.0,0.0
1812.0,C,RUNNING,1808.52,2,3,0,3,0.0,5.0,99.8,1813.9964,0.0,0,0.0,0.0
1813.0,C,RUNNING,1809.52,2,3,0,3,0.0,5.0,99.8,1812.9964,0.0,0,0.0,0.0
1814.0,C,RUNNING,1810.52,2,3,0,3,0.0,5.0,99.8,1811.9964,0.0,0,0.0,0.0
1815.0,C,RUNNING,1811.52,2,3,0,3,0.0,5.0,99.8,1810.9964,0.0,0,0.0,0.0
1816.0,C,RUNNING,1812.52,2,3,0,3,0.0,5.0,99.8,1809.9964,0.0,0,0.0,0.0
1817.0,C,RUNNING,1813.52,2,3,0,3,0.0,5.0,99.8,1808.9964,0.0,0,0.0,0.0
1818.0,C,RUNNING,1814.52,2,3,0,3,0.0,5.0,99.8,1807.9964,0.0,0,0.0,0.0
1819.0,C,RUNNING,1815.52,2,3,0,3,0.0,5.0,99.8,1806.9964,0.0,0,0.0,0.0
1820.0,C,RUNNING,1816.52,2,3,0,3,0.0,5.0,99.8,1805.9964,0.0,0,0.0,0.0
1821.0,C,RUNNING,1817.52,2,3,0,3,0.0,5.0,99.8,1804.9964,0.0,0,0.0,0.0
1822.0,C,RUNNING,1818.52,2,3,0,3,0.0,5.0,99.8,1803.9964,0.0,0,0.0,0.0
1823.0,C,RUNNING,1819.52,2,3,0,3,0.0,5.0,99.8,1802.9964,0.0,0,0.0,0.0
1824.0,C,RUNNING,1820.52,2,3,0,3,0.0,5.0,99.8,1801.9964,0.0,0,0.0,0.0
1825.0,C,RUNNING,1821.52,2,3,0,3,0.0,5.0,99.8,1800.9964,0.0,0,0.0,0.0
1826.0,C,RUNNING,1822.52,2,3,0,3,0.0,5.0,99.8,1799.9964,0.0,0,0.0,0.0
1827.0,C,RUNNING,1823.52,2,3,0,3,0.0,5.0,99.8,1798.9964,0.0,0,0.0,0.0
1828.0,C,RUNNING,1824.52,2,3,0,3,0.0,5.0,99.8,1797.9964,0.0,0,0.0,0.0
1829.0,C,RUNNING,1825.52,2,3,0,3,0.0,5.0,99.8,1796.9964,0.0,0,0.0,0.0
1830.0,C,RUNNING,1826.52,2,3,0,3,0.0,5.0,99.8,1795.9964,0.0,0,0.0,0.0
1831.0,C,RUNNING,1827.52,2,3,0,3,0.0,5.0,99.8,1794.9964,0.0,0,0.0,0.0
1832.0,C,RUNNING,1828.52,2,3,0,3,0.0,5.0,99.8,1793.9964,0.0,0,0.0,0.0
1833.0,C,RUNNING,1829.524,2,3,0,3,0.0,5.0,99.8,1792.9924,0.0,0,0.0,0.0
1834.0,C,RUNNING,1830.52,2,3,0,3,0.0,5.0,99.8,1791.9964,0.0,0,0.0,0.0
1835.0,C,RUNNING,1831.52,2,3,0,3,0.0,5.0,99.8,1790.9964,0.0,0,0.0,0.0
1836.0,C,RUNNING,1832.52,2,3,0,3,0.0,5.0,99.8,1789.9964,0.0,0,0.0,0.0
1837.0,C,RUNNING,1833.52,2,3,0,3,0.0,5.0,99.8,1788.9964,0.0,0,0.0,0.0
1838.0,C,RUNNING,1834.52,2,3,0,3,0.0,5.0,99.8,1787.9964,0.0,0,0.0,0.0
1839.0,C,RUNNING,1835.52,2,3,0,3,0.0,5.0,99.8,1786.9964,0.0,0,0.0,0.0
1840.0,C,RUNNING,1836.52,2,3,0,3,0.0,5.0,99.8,1785.9964,0.0,0,0.0,0.0
1841.0,C,RUNNING,1837.52,2,3,0,3,0.0,5.0,99.8,1784.9964,0.0,0,0.0,0.0
1842.0,C,RUNNING,1838.52,2,3,0,3,0.0,5.0,99.8,1783.9964,0.0,0,0.0,0.0
1843.0,C,RUNNING,1839.52,2,3,0,3,0.0,5.0,99.8,1782.9964,0.0,0,0.0,0.0
1844.0,C,RUNNING,1840.52,2,3,0,3,0.0,5.0,99.8,1781.9964,0.0,0,0.0,0.0
1845.0,C,RUNNING,1841.52,2,3,0,3,0.0,5.0,99.8,1780.9964,0.0,0,0.0,0.0
1846.0,C,RUNNING,1842.52,2,3,0,3,0.0,5.0,99.8,1779.9964,0.0,0,0.0,0.0
1847.0,C,RUNNING,1843.52,2,3,0,3,0.0,5.0,99.8,1778.9964,0.0,0,0.0,0.0
1848.0,C,RUNNING,1844.52,2,3,0,3,0.0,5.0,99.8,1777.9964,0.0,0,0.0,0.0
1849.0,C,RUNNING,1845.52,2,3,0,3,0.0,5.0,99.8,1776.9964,0.0,0,0.0,0.0
1850.0,C,RUNNING,1846.52,2,3,0,3,0.0,5.0,99.8,1775.9964,0.0,0,0.0,0.0
1851.0,C,RUNNING,1847.52,2,3,0,3,0.0,5.0,99.8,1774.9964,0.0,0,0.0,0.0
1852.0,C,RUNNING,1848.52,2,3,0,3,0.0,5.0,99.8,1773.9964,0.0,0,0.0,0.0
1853.0,C,RUNNING,1849.52,2,3,0,3,0.0,5.0,99.8,1772.9964,0.0,0,0.0,0.0
1854.0,C,RUNNING,1850.52,2,3,0,3,0.0,5.0,99.8,1771.9964,0.0,0,0.0,0.0
1855.0,C,RUNNING,1851.52,2,3,0,3,0.0,5.0,99.8,1770.9964,0.0,0,0.0,0.0
1856.0,C,RUNNING,1852.52,2,3,0,3,0.0,5.0,99.8,1769.9964,0.0,0,0.0,0.0
1857.0,C,RUNNING,1853.52,2,3,0,3,0.0,5.0,99.8,1768.9964,0.0,0,0.0,0.0
1858.0,C,RUNNING,1854.52,2,3,0,3,0.0,5.0,99.8,1767.9964,0.0,0,0.0,0.0
1859.0,C,RUNNING,1855.52,2,3,0,3,0.0,5.0,99.8,1766.9964,0.0,0,0.0,0.0
1860.0,C,RUNNING,1856.52,2,3,0,3,0.0,5.0,99.8,1765.9964,0.0,0,0.0,0.0
1861.0,C,RUNNING,1857.52,2,3,0,3,0.0,5.0,99.8,1764.9964,0.0,0,0.0,0.0
1862.0,C,RUNNING,1858.52,2,3,0,3,0.0,5.0,99.8,1763.9964,0.0,0,0.0,0.0
1863.0,C,RUNNING,1859.52,2,3,0,3,0.0,5.0,99.8,1762.9964,0.0,0,0.0,0.0
1864.0,C,RUNNING,1860.52,2,3,0,3,0.0,5.0,99.8,1761.9964,0.0,0,0.0,0.0
1865.0,C,RUNNING,1861.52,2,3,0,3,0.0,5.0,99.8,1760.9964,0.0,0,0.0,0.0
1866.0,C,RUNNING,1862.52,2,3,0,3,0.0,5.0,99.8,1759.9964,0.0,0,0.0,0.0
1867.0,C,RUNNING,1863.52,2,3,0,3,0.0,5.0,99.8,1758.9964,0.0,0,0.0,0.0
1868.0,C,RUNNING,1864.52,2,3,0,3,0.0,5.0,99.8,1757.9964,0.0,0,0.0,0.0
1869.0,C,RUNNING,1865.524,2,3,0,3,0.0,5.0,99.8,1756.9924,0.0,0,0.0,0.0
1870.0,C,RUNNING,1866.52,2,3,0,3,0.0,5.0,99.8,1755.9964,0.0,0,0.0,0.0
1871.0,C,RUNNING,1867.52,2,3,0,3,0.0,5.0,99.8,1754.9964,0.0,0,0.0,0.0
1872.0,C,RUNNING,1868.52,2,3,0,3,0.0,5.0,99.8,1753.9964,0.0,0,0.0,0.0
1873.0,C,RUNNING,1869.52,2,3,0,3,0.0,5.0,99.8,1752.9964,0.0,0,0.0,0.0
1874.0,C,RUNNING,1870.52,2,3,0,3,0.0,5.0,99.8,1751.9964,0.0,0,0.0,0.0
1875.0,C,RUNNING,1871.52,2,3,0,3,0.0,5.0,99.8,1750.9964,0.0,0,0.0,0.0
1876.0,C,RUNNING,1872.52,2,3,0,3,0.0,5.0,99.8,1749.9964,0.0,0,0.0,0.0
1877.0,C,RUNNING,1873.52,2,3,0,3,0.0,5.0,99.8,1748.9964,0.0,0,0.0,0.0
1878.0,C,RUNNING,1874.52,2,3,0,3,0.0,5.0,99.8,1747.9964,0.0,0,0.0,0.0
1879.0,C,RUNNING,1875.52,2,3,0,3,0.0,5.0,99.8,1746.9964,0.0,0,0.0,0.0
1880.0,C,RUNNING,1876.52,2,3,0,3,0.0,5.0,99.8,1745.9964,0.0,0,0.0,0.0
1881.0,C,RUNNING,1877.52,2,3,0,3,0.0,5.0,99.8,1744.9964,0.0,0,0.0,0.0
1882.0,C,RUNNING,1878.52,2,3,0,3,0.0,5.0,99.8,1743.9964,0.0,0,0.0,0.0
1883.0,C,RUNNING,1879.52,2,3,0,3,0.0,5.0,99.8,1742.9964,0.0,0,0.0,0.0
1884.0,C,RUNNING,1880.52,2,3,0,3,0.0,5.0,99.8,1741.9964,0.0,0,0.0,0.0
1885.0,C,RUNNING,1881.52,2,3,0,3,0.0,5.0,99.8,1740.9964,0.0,0,0.0,0.0
1886.0,C,RUNNING,1882.52,2,3,0,3,0.0,5.0,99.8,1739.9964,0.0,0,0.0,0.0
1887.0,C,RUNNING,1883.52,2,3,0,3,0.0,5.0,99.8,1738.9964,0.0,0,0.0,0.0
1888.0,C,RUNNING,1884.52,2,3,0,3,0.0,5.0,99.8,1737.9964,0.0,0,0.0,0.0
1889.0,C,RUNNING,1885.52,2,3,0,3,0.0,5.0,99.8,1736.9964,0.0,0,0.0,0.0
1890.0,C,RUNNING,1886.52,2,3,0,3,0.0,5.0,99.8,1735.9964,0.0,0,0.0,0.0
1891.0,C,RUNNING,1887.52,2,3,0,3,0.0,5.0,99.8,1734.9964,0.0,0,0.0,0.0
1892.0,C,RUNNING,1888.52,2,3,0,3,0.0,5.0,99.8,1733.9964,0.0,0,0.0,0.0
1893.0,C,RUNNING,1889.52,2,3,0,3,0.0,5.0,99.8,1732.9964,0.0,0,0.0,0.0
1894.0,C,RUNNING,1890.524,2,3,0,3,0.0,5.0,99.8,1731.9924,0.0,0,0.0,0.0
1895.0,C,RUNNING,1891.52,2,3,0,3,0.0,5.0,99.8,1730.9964,0.0,0,0.0,0.0
1896.0,C,RUNNING,1892.52,2,3,0,3,0.0,5.0,99.8,1729.9964,0.0,0,0.0,0.0
1897.0,C,RUNNING,1893.52,2,3,0,3,0.0,5.0,99.8,1728.9964,0.0,0,0.0,0.0
1898.0,C,RUNNING,1894.52,2,3,0,3,0.0,5.0,99.8,1727.9964,0.0,0,0.0,0.0
1899.0,C,RUNNING,1895.52,2,3,0,3,0.0,5.0,99.8,1726.9964,0.0,0,0.0,0.0
1900.0,C,RUNNING,1896.52,2,3,0,3,0.0,5.0,99.8,1725.9964,0.0,0,0.0,0.0
1901.0,C,RUNNING,1897.52,2,3,0,3,0.0,5.0,99.8,1724.9964,0.0,0,0.0,0.0
1902.0,C,RUNNING,1898.52,2,3,0,3,0.0,5.0,99.8,1723.9964,0.0,0,0.0,0.0
1903.0,C,RUNNING,1899.52,2,3,0,3,0.0,5.0,99.8,1722.9964,0.0,0,0.0,0.0
1904.0,C,RUNNING,1900.52,2,3,0,3,0.0,5.0,99.8,1721.9964,0.0,0,0.0,0.0
1905.0,C,RUNNING,1901.52,2,3,0,3,0.0,5.0,99.8,1720.9964,0.0,0,0.0,0.0
1906.0,C,RUNNING,1902.52,2,3,0,3,0.0,5.0,99.8,1719.9964,0.0,0,0.0,0.0
1907.0,C,RUNNING,1903.52,2,3,0,3,0.0,5.0,99.8,1718.9964,0.0,0,0.0,0.0
1908.0,C,RUNNING,1904.52,2,3,0,3,0.0,5.0,99.8,1717.9964,0.0,0,0.0,0.0
1909.0,C,RUNNING,1905.52,2,3,0,3,0.0,5.0,99.8,1716.9964,0.0,0,0.0,0.0
1910.0,C,RUNNING,1906.52,2,3,0,3,0.0,5.0,99.8,1715.9964,0.0,0,0.0,0.0
1911.0,C,RUNNING,1907.52,2,3,0,3,0.0,5.0,99.8,1714.9964,0.0,0,0.0,0.0
1912.0,C,RUNNING,1908.52,2,3,0,3,0.0,5.0,99.8,1713.9964,0.0,0,0.0,0.0
1913.0,C,RUNNING,1909.52,2,3,0,3,0.0,5.0,99.8,1712.9964,0.0,0,0.0,0.0
1914.0,C,RUNNING,1910.52,2,3,0,3,0.0,5.0,99.8,1711.9964,0.0,0,0.0,0.0
1915.0,C,RUNNING,1911.52,2,3,0,3,0.0,5.0,99.8,1710.9964,0.0,0,0.0,0.0
1916.0,C,RUNNING,1912.52,2,3,0,3,0.0,5.0,99.8,1709.9964,0.0,0,0.0,0.0
1917.0,C,RUNNING,1913.52,2,3,0,3,0.0,5.0,99.8,1708.9964,0.0,0,0.0,0.0
1918.0,C,RUNNING,1914.52,2,3,0,3,0.0,5.0,99.8,1707.9964,0.0,0,0.0,0.0
1919.0,C,RUNNING,1915.52,2,3,0,3,0.0,5.0,99.8,1706.9964,0.0,0,0.0,0.0
1920.0,C,RUNNING,1916.52,2,3,0,3,0.0,5.0,99.8,1705.9964,0.0,0,0.0,0.0
1921.0,C,RUNNING,1917.52,2,3,0,3,0.0,5.0,99.8,1704.9964,0.0,0,0.0,0.0
1922.0,C,RUNNING,1918.52,2,3,0,3,0.0,5.0,99.8,1703.9964,0.0,0,0.0,0.0
1923.0,C,RUNNING,1919.52,2,3,0,3,0.0,5.0,99.8,1702.9964,0.0,0,0.0,0.0
1924.0,C,RUNNING,1920.52,2,3,0,3,0.0,5.0,99.8,1701.9964,0.0,0,0.0,0.0
1925.0,C,RUNNING,1921.52,2,3,0,3,0.0,5.0,99.8,1700.9964,0.0,0,0.0,0.0
1926.0,C,RUNNING,1922.52,2,3,0,3,0.0,5.0,99.8,1699.9964,0.0,0,0.0,0.0
1927.0,C,RUNNING,1923.52,2,3,0,3,0.0,5.0,99.8,1698.9964,0.0,0,0.0,0.0
1928.0,C,RUNNING,1924.52,2,3,0,3,0.0,5.0,99.8,1697.9964,0.0,0,0.0,0.0
1929.0,C,RUNNING,1925.52,2,3,0,3,0.0,5.0,99.8,1696.9964,0.0,0,0.0,0.0
1930.0,C,RUNNING,1926.52,2,3,0,3,0.0,5.0,99.8,1695.9964,0.0,0,0.0,0.0
1931.0,C,RUNNING,1927.52,2,3,0,3,0.0,5.0,99.8,1694.9964,0.0,0,0.0,0.0
1932.0,C,RUNNING,1928.52,2,3,0,3,0.0,5.0,99.8,1693.9964,0.0,0,0.0,0.0
1933.0,C,RUNNING,1929.52,2,3,0,3,0.0,5.0,99.8,1692.9964,0.0,0,0.0,0.0
1934.0,C,RUNNING,1930.52,2,3,0,3,0.0,5.0,99.8,1691.9964,0.0,0,0.0,0.0
1935.0,C,RUNNING,1931.52,2,3,0,3,0.0,5.0,99.8,1690.9964,0.0,0,0.0,0.0
1936.0,C,RUNNING,1932.52,2,3,0,3,0.0,5.0,99.8,1689.9964,0.0,0,0.0,0.0
1937.0,C,RUNNING,1933.52,2,3,0,3,0.0,5.0,99.8,1688.9964,0.0,0,0.0,0.0
1938.0,C,RUNNING,1934.52,2,3,0,3,0.0,5.0,99.8,1687.9964,0.0,0,0.0,0.0
1939.0,C,RUNNING,1935.52,2,3,0,3,0.0,5.0,99.8,1686.9964,0.0,0,0.0,0.0
1940.0,C,RUNNING,1936.52,2,3,0,3,0.0,5.0,99.8,1685.9964,0.0,0,0.0,0.0
1941.0,C,RUNNING,1937.52,2,3,0,3,0.0,5.0,99.8,1684.9964,0.0,0,0.0,0.0
1942.0,C,RUNNING,1938.52,2,3,0,3,0.0,5.0,99.8,1683.9964,0.0,0,0.0,0.0
1943.0,C,RUNNING,1939.52,2,3,0,3,0.0,5.0,99.8,1682.9964,0.0,0,0.0,0.0
1944.0,C,RUNNING,1940.52,2,3,0,3,0.0,5.0,99.8,1681.9964,0.0,0,0.0,0.0
1945.0,C,RUNNING,1941.52,2,3,0,3,0.0,5.0,99.8,1680.9964,0.0,0,0.0,0.0
1946.0,C,RUNNING,1942.52,2,3,0,3,0.0,5.0,99.8,1679.9964,0.0,0,0.0,0.0
1947.0,C,RUNNING,1943.52,2,3,0,3,0.0,5.0,99.8,1678.9964,0.0,0,0.0,0.0
1948.0,C,RUNNING,1944.52,2,3,0,3,0.0,5.0,99.8,1677.9964,0.0,0,0.0,0.0
1949.0,C,RUNNING,1945.52,2,3,0,3,0.0,5.0,99.8,1676.9964,0.0,0,0.0,0.0
1950.0,C,RUNNING,1946.52,2,3,0,3,0.0,5.0,99.8,1675.9964,0.0,0,0.0,0.0
1951.0,C,RUNNING,1947.52,2,3,0,3,0.0,5.0,99.8,1674.9964,0.0,0,0.0,0.0
1952.0,C,RUNNING,1948.52,2,3,0,3,0.0,5.0,99.8,1673.9964,0.0,0,0.0,0.0
1953.0,C,RUNNING,1949.52,2,3,0,3,0.0,5.0,99.8,1672.9964,0.0,0,0.0,0.0
1954.0,C,RUNNING,1950.52,2,3,0,3,0.0,5.0,99.8,1671.9964,0.0,0,0.0,0.0
1955.0,C,RUNNING,1951.52,2,3,0,3,0.0,5.0,99.8,1670.9964,0.0,0,0.0,0.0
1956.0,C,RUNNING,1952.52,2,3,0,3,0.0,5.0,99.8,1669.9964,0.0,0,0.0,0.0
1957.0,C,RUNNING,1953.52,2,3,0,3,0.0,5.0,99.8,1668.9964,0.0,0,0.0,0.0
1958.0,C,RUNNING,1954.52,2,3,0,3,0.0,5.0,99.8,1667.9964,0.0,0,0.0,0.0
1959.0,C,RUNNING,1955.52,2,3,0,3,0.0,5.0,99.8,1666.9964,0.0,0,0.0,0.0
1960.0,C,RUNNING,1956.524,2,3,0,3,0.0,5.0,99.8,1665.9924,0.0,0,0.0,0.0
1961.0,C,RUNNING,1957.52,2,3,0,3,0.0,5.0,99.8,1664.9964,0.0,0,0.0,0.0
1962.0,C,RUNNING,1958.52,2,3,0,3,0.0,5.0,99.8,1663.9964,0.0,0,0.0,0.0
1963.0,C,RUNNING,1959.52,2,3,0,3,0.0,5.0,99.8,1662.9964,0.0,0,0.0,0.0
1964.0,C,RUNNING,1960.52,2,3,0,3,0.0,5.0,99.8,1661.9964,0.0,0,0.0,0.0
1965.0,C,RUNNING,1961.52,2,3,0,3,0.0,5.0,99.8,1660.9964,0.0,0,0.0,0.0
1966.0,C,RUNNING,1962.52,2,3,0,3,0.0,5.0,99.8,1659.9964,0.0,0,0.0,0.0
1967.0,C,RUNNING,1963.52,2,3,0,3,0.0,5.0,99.8,1658.9964,0.0,0,0.0,0.0
1968.0,C,RUNNING,1964.52,2,3,0,3,0.0,5.0,99.8,1657.9964,0.0,0,0.0,0.0
1969.0,C,RUNNING,1965.52,2,3,0,3,0.0,5.0,99.8,1656.9964,0.0,0,0.0,0.0
1970.0,C,RUNNING,1966.52,2,3,0,3,0.0,5.0,99.8,1655.9964,0.0,0,0.0,0.0
1971.0,C,RUNNING,1967.52,2,3,0,3,0.0,5.0,99.8,1654.9964,0.0,0,0.0,0.0
1972.0,C,RUNNING,1968.52,2,3,0,3,0.0,5.0,99.8,1653.9964,0.0,0,0.0,0.0
1973.0,C,RUNNING,1969.52,2,3,0,3,0.0,5.0,99.8,1652.9964,0.0,0,0.0,0.0
1974.0,C,RUNNING,1970.52,2,3,0,3,0.0,5.0,99.8,1651.9964,0.0,0,0.0,0.0
1975.0,C,RUNNING,1971.52,2,3,0,3,0.0,5.0,99.8,1650.9964,0.0,0,0.0,0.0
1976.0,C,RUNNING,1972.52,2,3,0,3,0.0,5.0,99.8,1649.9964,0.0,0,0.0,0.0
1977.0,C,RUNNING,1973.52,2,3,0,3,0.0,5.0,99.8,1648.9964,0.0,0,0.0,0.0
1978.0,C,RUNNING,1974.52,2,3,0,3,0.0,5.0,99.8,1647.9964,0.0,0,0.0,0.0
1979.0,C,RUNNING,1975.52,2,3,0,3,0.0,5.0,99.8,1646.9964,0.0,0,0.0,0.0
1980.0,C,RUNNING,1976.52,2,3,0,3,0.0,5.0,99.8,1645.9964,0.0,0,0.0,0.0
1981.0,C,RUNNING,1977.52,2,3,0,3,0.0,5.0,99.8,1644.9964,0.0,0,0.0,0.0
1982.0,C,RUNNING,1978.52,2,3,0,3,0.0,5.0,99.8,1643.9964,0.0,0,0.0,0.0
1983.0,C,RUNNING,1979.52,2,3,0,3,0.0,5.0,99.8,1642.9964,0.0,0,0.0,0.0
1984.0,C,RUNNING,1980.52,2,3,0,3,0.0,5.0,99.8,1641.9964,0.0,0,0.0,0.0
1985.0,C,RUNNING,1981.52,2,3,0,3,0.0,5.0,99.8,1640.9964,0.0,0,0.0,0.0
1986.0,C,RUNNING,1982.52,2,3,0,3,0.0,5.0,99.8,1639.9964,0.0,0,0.0,0.0
1987.0,C,RUNNING,1983.52,2,3,0,3,0.0,5.0,99.8,1638.9964,0.0,0,0.0,0.0
1988.0,C,RUNNING,1984.52,2,3,0,3,0.0,5.0,99.8,1637.9964,0.0,0,0.0,0.0
1989.0,C,RUNNING,1985.52,2,3,0,3,0.0,5.0,99.8,1636.9964,0.0,0,0.0,0.0
1990.0,C,RUNNING,1986.52,2,3,0,3,0.0,5.0,99.8,1635.9964,0.0,0,0.0,0.0
1991.0,C,RUNNING,1987.52,2,3,0,3,0.0,5.0,99.8,1634.9964,0.0,0,0.0,0.0
1992.0,C,RUNNING,1988.52,2,3,0,3,0.0,5.0,99.8,1633.9964,0.0,0,0.0,0.0
1993.0,C,RUNNING,1989.52,2,3,0,3,0.0,5.0,99.8,1632.9964,0.0,0,0.0,0.0
1994.0,C,RUNNING,1990.52,2,3,0,3,0.0,5.0,99.8,1631.9964,0.0,0,0.0,0.0
1995.0,C,RUNNING,1991.52,2,3,0,3,0.0,5.0,99.8,1630.9964,0.0,0,0.0,0.0
1996.0,C,RUNNING,1992.52,2,3,0,3,0.0,5.0,99.8,1629.9964,0.0,0,0.0,0.0
1997.0,C,RUNNING,1993.52,2,3,0,3,0.0,5.0,99.8,1628.9964,0.0,0,0.0,0.0
1998.0,C,RUNNING,1994.52,2,3,0,3,0.0,5.0,99.8,1627.9964,0.0,0,0.0,0.0
1999.0,C,RUNNING,1995.52,2,3,0,3,0.0,5.0,99.8,1626.9964,0.0,0,0.0,0.0
2000.0,C,RUNNING,1996.52,2,3,0,3,0.0,5.0,99.8,1625.9964,0.0,0,0.0,0.0
2001.0,C,RUNNING,1997.52,2,3,0,3,0.0,5.0,99.8,1624.9964,0.0,0,0.0,0.0
2002.0,C,RUNNING,1998.52,2,3,0,3,0.0,5.0,99.8,1623.9964,0.0,0,0.0,0.0
2003.0,C,RUNNING,1999.52,2,3,0,3,0.0,5.0,99.8,1622.9964,0.0,0,0.0,0.0
2004.0,C,RUNNING,2000.52,2,3,0,3,0.0,5.0,99.8,1621.9964,0.0,0,0.0,0.0
2005.0,C,RUNNING,2001.52,2,3,0,3,0.0,5.0,99.8,1620.9964,0.0,0,0.0,0.0
2006.0,C,RUNNING,2002.52,2,3,0,3,0.0,5.0,99.8,1619.9964,0.0,0,0.0,0.0
2007.0,C,RUNNING,2003.52,2,3,0,3,0.0,5.0,99.8,1618.9964,0.0,0,0.0,0.0
2008.0,C,RUNNING,2004.52,2,3,0,3,0.0,5.0,99.8,1617.9964,0.0,0,0.0,0.0
2009.0,C,RUNNING,2005.52,2,3,0,3,0.0,5.0,99.8,1616.9964,0.0,0,0.0,0.0
2010.0,C,RUNNING,2006.52,2,3,0,3,0.0,5.0,99.8,1615.9964,0.0,0,0.0,0.0
2011.0,C,RUNNING,2007.52,2,3,0,3,0.0,5.0,99.8,1614.9964,0.0,0,0.0,0.0
2012.0,C,RUNNING,2008.52,2,3,0,3,0.0,5.0,99.8,1613.9964,0.0,0,0.0,0.0
2013.0,C,RUNNING,2009.52,2,3,0,3,0.0,5.0,99.8,1612.9964,0.0,0,0.0,0.0
2014.0,C,RUNNING,2010.52,2,3,0,3,0.0,5.0,99.8,1611.9964,0.0,0,0.0,0.0
2015.0,C,RUNNING,2011.52,2,3,0,3,0.0,5.0,99.8,1610.9964,0.0,0,0.0,0.0
2016.0,C,RUNNING,2012.52,2,3,0,3,0.0,5.0,99.8,1609.9964,0.0,0,0.0,0.0
2017.0,C,RUNNING,2013.52,2,3,0,3,0.0,5.0,99.8,1608.9964,0.0,0,0.0,0.0
2018.0,C,RUNNING,2014.52,2,3,0,3,0.0,5.0,99.8,1607.9964,0.0,0,0.0,0.0
2019.0,C,RUNNING,2015.52,2,3,0,3,0.0,5.0,99.8,1606.9964,0.0,0,0.0,0.0
2020.0,C,RUNNING,2016.52,2,3,0,3,0.0,5.0,99.8,1605.9964,0.0,0,0.0,0.0
2021.0,C,RUNNING,2017.52,2,3,0,3,0.0,5.0,99.8,1604.9964,0.0,0,0.0,0.0
2022.0,C,RUNNING,2018.52,2,3,0,3,0.0,5.0,99.8,1603.9964,0.0,0,0.0,0.0
2023.0,C,RUNNING,2019.52,2,3,0,3,0.0,5.0,99.8,1602.9964,0.0,0,0.0,0.0
2024.0,C,RUNNING,2020.52,2,3,0,3,0.0,5.0,99.8,1601.9964,0.0,0,0.0,0.0
2025.0,C,RUNNING,2021.52,2,3,0,3,0.0,5.0,99.8,1600.9964,0.0,0,0.0,0.0
2026.0,C,RUNNING,2022.52,2,3,0,3,0.0,5.0,99.8,1599.9964,0.0,0,0.0,0.0
2027.0,C,RUNNING,2023.52,2,3,0,3,0.0,5.0,99.8,1598.9964,0.0,0,0.0,0.0
2028.0,C,RUNNING,2024.52,2,3,0,3,0.0,5.0,99.8,1597.9964,0.0,0,0.0,0.0
2029.0,C,RUNNING,2025.52,2,3,0,3,0.0,5.0,99.8,1596.9964,0.0,0,0.0,0.0
2030.0,C,RUNNING,2026.52,2,3,0,3,0.0,5.0,99.8,1595.9964,0.0,0,0.0,0.0
2031.0,C,RUNNING,2027.52,2,3,0,3,0.0,5.0,99.8,1594.9964,0.0,0,0.0,0.0
2032.0,C,RUNNING,2028.52,2,3,0,3,0.0,5.0,99.8,1593.9964,0.0,0,0.0,0.0
2033.0,C,RUNNING,2029.52,2,3,0,3,0.0,5.0,99.8,1592.9964,0.0,0,0.0,0.0
2034.0,C,RUNNING,2030.52,2,3,0,3,0.0,5.0,99.8,1591.9964,0.0,0,0.0,0.0
2035.0,C,RUNNING,2031.52,2,3,0,3,0.0,5.0,99.8,1590.9964,0.0,0,0.0,0.0
2036.0,C,RUNNING,2032.52,2,3,0,3,0.0,5.0,99.8,1589.9964,0.0,0,0.0,0.0
2037.0,C,RUNNING,2033.52,2,3,0,3,0.0,5.0,99.8,1588.9964,0.0,0,0.0,0.0
2038.0,C,RUNNING,2034.52,2,3,0,3,0.0,5.0,99.8,1587.9964,0.0,0,0.0,0.0
2039.0,C,RUNNING,2035.52,2,3,0,3,0.0,5.0,99.8,1586.9964,0.0,0,0.0,0.0
2040.0,C,RUNNING,2036.52,2,3,0,3,0.0,5.0,99.8,1585.9964,0.0,0,0.0,0.0
2041.0,C,RUNNING,2037.52,2,3,0,3,0.0,5.0,99.8,1584.9964,0.0,0,0.0,0.0
2042.0,C,RUNNING,2038.52,2,3,0,3,0.0,5.0,99.8,1583.9964,0.0,0,0.0,0.0
2043.0,C,RUNNING,2039.52,2,3,0,3,0.0,5.0,99.8,1582.9964,0.0,0,0.0,0.0
2044.0,C,RUNNING,2040.52,2,3,0,3,0.0,5.0,99.8,1581.9964,0.0,0,0.0,0.0
2045.0,C,RUNNING,2041.52,2,3,0,3,0.0,5.0,99.8,1580.9964,0.0,0,0.0,0.0
2046.0,C,RUNNING,2042.52,2,3,0,3,0.0,5.0,99.8,1579.9964,0.0,0,0.0,0.0
2047.0,C,RUNNING,2043.52,2,3,0,3,0.0,5.0,99.8,1578.9964,0.0,0,0.0,0.0
2048.0,C,RUNNING,2044.52,2,3,0,3,0.0,5.0,99.8,1577.9964,0.0,0,0.0,0.0
2049.0,C,RUNNING,2045.52,2,3,0,3,0.0,5.0,99.8,1576.9964,0.0,0,0.0,0.0
2050.0,C,RUNNING,2046.52,2,3,0,3,0.0,5.0,99.8,1575.9964,0.0,0,0.0,0.0
2051.0,C,RUNNING,2047.52,2,3,0,3,0.0,5.0,99.8,1574.9964,0.0,0,0.0,0.0
2052.0,C,RUNNING,2048.52,2,3,0,3,0.0,5.0,99.8,1573.9964,0.0,0,0.0,0.0
2053.0,C,RUNNING,2049.52,2,3,0,3,0.0,5.0,99.8,1572.9964,0.0,0,0.0,0.0
2054.0,C,RUNNING,2050.52,2,3,0,3,0.0,5.0,99.8,1571.9964,0.0,0,0.0,0.0
2055.0,C,RUNNING,2051.52,2,3,0,3,0.0,5.0,99.8,1570.9964,0.0,0,0.0,0.0
2056.0,C,RUNNING,2052.52,2,3,0,3,0.0,5.0,99.8,1569.9964,0.0,0,0.0,0.0
2057.0,C,RUNNING,2053.52,2,3,0,3,0.0,5.0,99.8,1568.9964,0.0,0,0.0,0.0
2058.0,C,RUNNING,2054.52,2,3,0,3,0.0,5.0,99.8,1567.9964,0.0,0,0.0,0.0
2059.0,C,RUNNING,2055.52,2,3,0,3,0.0,5.0,99.8,1566.9964,0.0,0,0.0,0.0
2060.0,C,RUNNING,2056.52,2,3,0,3,0.0,5.0,99.8,1565.9964,0.0,0,0.0,0.0
2061.0,C,RUNNING,2057.52,2,3,0,3,0.0,5.0,99.8,1564.9964,0.0,0,0.0,0.0
2062.0,C,RUNNING,2058.52,2,3,0,3,0.0,5.0,99.8,1563.9964,0.0,0,0.0,0.0
2063.0,C,RUNNING,2059.52,2,3,0,3,0.0,5.0,99.8,1562.9964,0.0,0,0.0,0.0
2064.0,C,RUNNING,2060.52,2,3,0,3,0.0,5.0,99.8,1561.9964,0.0,0,0.0,0.0
2065.0,C,RUNNING,2061.52,2,3,0,3,0.0,5.0,99.8,1560.9964,0.0,0,0.0,0.0
2066.0,C,RUNNING,2062.52,2,3,0,3,0.0,5.0,99.8,1559.9964,0.0,0,0.0,0.0
2067.0,C,RUNNING,2063.52,2,3,0,3,0.0,5.0,99.8,1558.9964,0.0,0,0.0,0.0
2068.0,C,RUNNING,2064.52,2,3,0,3,0.0,5.0,99.8,1557.9964,0.0,0,0.0,0.0
2069.0,C,RUNNING,2065.52,2,3,0,3,0.0,5.0,99.8,1556.9964,0.0,0,0.0,0.0
2070.0,C,RUNNING,2066.52,2,3,0,3,0.0,5.0,99.8,1555.9964,0.0,0,0.0,0.0
2071.0,C,RUNNING,2067.52,2,3,0,3,0.0,5.0,99.8,1554.9964,0.0,0,0.0,0.0
2072.0,C,RUNNING,2068.52,2,3,0,3,0.0,5.0,99.8,1553.9964,0.0,0,0.0,0.0
2073.0,C,RUNNING,2069.52,2,3,0,3,0.0,5.0,99.8,1552.9964,0.0,0,0.0,0.0
2074.0,C,RUNNING,2070.52,2,3,0,3,0.0,5.0,99.8,1551.9964,0.0,0,0.0,0.0
2075.0,C,RUNNING,2071.52,2,3,0,3,0.0,5.0,99.8,1550.9964,0.0,0,0.0,0.0
2076.0,C,RUNNING,2072.52,2,3,0,3,0.0,5.0,99.8,1549.9964,0.0,0,0.0,0.0
2077.0,C,RUNNING,2073.52,2,3,0,3,0.0,5.0,99.8,1548.9964,0.0,0,0.0,0.0
2078.0,C,RUNNING,2074.52,2,3,0,3,0.0,5.0,99.8,1547.9964,0.0,0,0.0,0.0
2079.0,C,RUNNING,2075.52,2,3,0,3,0.0,5.0,99.8,1546.9964,0.0,0,0.0,0.0
2080.0,C,RUNNING,2076.52,2,3,0,3,0.0,5.0,99.8,1545.9964,0.0,0,0.0,0.0
2081.0,C,RUNNING,2077.52,2,3,0,3,0.0,5.0,99.8,1544.9964,0.0,0,0.0,0.0
2082.0,C,RUNNING,2078.52,2,3,0,3,0.0,5.0,99.8,1543.9964,0.0,0,0.0,0.0
2083.0,C,RUNNING,2079.52,2,3,0,3,0.0,5.0,99.8,1542.9964,0.0,0,0.0,0.0
2084.0,C,RUNNING,2080.52,2,3,0,3,0.0,5.0,99.8,1541.9964,0.0,0,0.0,0.0
2085.0,C,RUNNING,2081.52,2,3,0,3,0.0,5.0,99.8,1540.9964,0.0,0,0.0,0.0
2086.0,C,RUNNING,2082.52,2,3,0,3,0.0,5.0,99.8,1539.9964,0.0,0,0.0,0.0
2087.0,C,RUNNING,2083.52,2,3,0,3,0.0,5.0,99.8,1538.9964,0.0,0,0.0,0.0
2088.0,C,RUNNING,2084.52,2,3,0,3,0.0,5.0,99.8,1537.9964,0.0,0,0.0,0.0
2089.0,C,RUNNING,2085.52,2,3,0,3,0.0,5.0,99.8,1536.9964,0.0,0,0.0,0.0
2090.0,C,RUNNING,2086.52,2,3,0,3,0.0,5.0,99.8,1535.9964,0.0,0,0.0,0.0
2091.0,C,RUNNING,2087.52,2,3,0,3,0.0,5.0,99.8,1534.9964,0.0,0,0.0,0.0
2092.0,C,RUNNING,2088.52,2,3,0,3,0.0,5.0,99.8,1533.9964,0.0,0,0.0,0.0
2093.0,C,RUNNING,2089.52,2,3,0,3,0.0,5.0,99.8,1532.9964,0.0,0,0.0,0.0
2094.0,C,RUNNING,2090.52,2,3,0,3,0.0,5.0,99.8,1531.9964,0.0,0,0.0,0.0
2095.0,C,RUNNING,2091.52,2,3,0,3,0.0,5.0,99.8,1530.9964,0.0,0,0.0,0.0
2096.0,C,RUNNING,2092.52,2,3,0,3,0.0,5.0,99.8,1529.9964,0.0,0,0.0,0.0
2097.0,C,RUNNING,2093.52,2,3,0,3,0.0,5.0,99.8,1528.9964,0.0,0,0.0,0.0
2098.0,C,RUNNING,2094.52,2,3,0,3,0.0,5.0,99.8,1527.9964,0.0,0,0.0,0.0
2099.0,C,RUNNING,2095.52,2,3,0,3,0.0,5.0,99.8,1526.9964,0.0,0,0.0,0.0
2100.0,C,RUNNING,2096.52,2,3,0,3,0.0,5.0,99.8,1525.9964,0.0,0,0.0,0.0
2101.0,C,RUNNING,2097.52,2,3,0,3,0.0,5.0,99.8,1524.9964,0.0,0,0.0,0.0
2102.0,C,RUNNING,2098.52,2,3,0,3,0.0,5.0,99.8,1523.9964,0.0,0,0.0,0.0
2103.0,C,RUNNING,2099.52,2,3,0,3,0.0,5.0,99.8,1522.9964,0.0,0,0.0,0.0
2104.0,C,RUNNING,2100.52,2,3,0,3,0.0,5.0,99.8,1521.9964,0.0,0,0.0,0.0
2105.0,C,RUNNING,2101.52,2,3,0,3,0.0,5.0,99.8,1520.9964,0.0,0,0.0,0.0
2106.0,C,RUNNING,2102.52,2,3,0,3,0.0,5.0,99.8,1519.9964,0.0,0,0.0,0.0
2107.0,C,RUNNING,2103.52,2,3,0,3,0.0,5.0,99.8,1518.9964,0.0,0,0.0,0.0
2108.0,C,RUNNING,2104.52,2,3,0,3,0.0,5.0,99.8,1517.9964,0.0,0,0.0,0.0
2109.0,C,RUNNING,2105.52,2,3,0,3,0.0,5.0,99.8,1516.9964,0.0,0,0.0,0.0
2110.0,C,RUNNING,2106.52,2,3,0,3,0.0,5.0,99.8,1515.9964,0.0,0,0.0,0.0
2111.0,C,RUNNING,2107.52,2,3,0,3,0.0,5.0,99.8,1514.9964,0.0,0,0.0,0.0
2112.0,C,RUNNING,2108.52,2,3,0,3,0.0,5.0,99.8,1513.9964,0.0,0,0.0,0.0
2113.0,C,RUNNING,2109.52,2,3,0,3,0.0,5.0,99.8,1512.9964,0.0,0,0.0,0.0
2114.0,C,RUNNING,2110.52,2,3,0,3,0.0,5.0,99.8,1511.9964,0.0,0,0.0,0.0
2115.0,C,RUNNING,2111.52,2,3,0,3,0.0,5.0,99.8,1510.9964,0.0,0,0.0,0.0
2116.0,C,RUNNING,2112.52,2,3,0,3,0.0,5.0,99.8,1509.9964,0.0,0,0.0,0.0
2117.0,C,RUNNING,2113.52,2,3,0,3,0.0,5.0,99.8,1508.9964,0.0,0,0.0,0.0
2118.0,C,RUNNING,2114.52,2,3,0,3,0.0,5.0,99.8,1507.9964,0.0,0,0.0,0.0
2119.0,C,RUNNING,2115.52,2,3,0,3,0.0,5.0,99.8,1506.9964,0.0,0,0.0,0.0
2120.0,C,RUNNING,2116.52,2,3,0,3,0.0,5.0,99.8,1505.9964,0.0,0,0.0,0.0
2121.0,C,RUNNING,2117.52,2,3,0,3,0.0,5.0,99.8,1504.9964,0.0,0,0.0,0.0
2122.0,C,RUNNING,2118.52,2,3,0,3,0.0,5.0,99.8,1503.9964,0.0,0,0.0,0.0
2123.0,C,RUNNING,2119.52,2,3,0,3,0.0,5.0,99.8,1502.9964,0.0,0,0.0,0.0
2124.0,C,RUNNING,2120.52,2,3,0,3,0.0,5.0,99.8,1501.9964,0.0,0,0.0,0.0
2125.0,C,RUNNING,2121.52,2,3,0,3,0.0,5.0,99.8,1500.9964,0.0,0,0.0,0.0
2126.0,C,RUNNING,2122.52,2,3,0,3,0.0,5.0,99.8,1499.9964,0.0,0,0.0,0.0
2127.0,C,RUNNING,2123.52,2,3,0,3,0.0,5.0,99.8,1498.9964,0.0,0,0.0,0.0
2128.0,C,RUNNING,2124.52,2,3,0,3,0.0,5.0,99.8,1497.9964,0.0,0,0.0,0.0
2129.0,C,RUNNING,2125.524,2,3,0,3,0.0,5.0,99.8,1496.9924,0.0,0,0.0,0.0
2130.0,C,RUNNING,2126.52,2,3,0,3,0.0,5.0,99.8,1495.9964,0.0,0,0.0,0.0
2131.0,C,RUNNING,2127.52,2,3,0,3,0.0,5.0,99.8,1494.9964,0.0,0,0.0,0.0
2132.0,C,RUNNING,2128.52,2,3,0,3,0.0,5.0,99.8,1493.9964,0.0,0,0.0,0.0
2133.0,C,RUNNING,2129.52,2,3,0,3,0.0,5.0,99.8,1492.9964,0.0,0,0.0,0.0
2134.0,C,RUNNING,2130.52,2,3,0,3,0.0,5.0,99.8,1491.9964,0.0,0,0.0,0.0
2135.0,C,RUNNING,2131.52,2,3,0,3,0.0,5.0,99.8,1490.9964,0.0,0,0.0,0.0
2136.0,C,RUNNING,2132.52,2,3,0,3,0.0,5.0,99.8,1489.9964,0.0,0,0.0,0.0
2137.0,C,RUNNING,2133.52,2,3,0,3,0.0,5.0,99.8,1488.9964,0.0,0,0.0,0.0
2138.0,C,RUNNING,2134.52,2,3,0,3,0.0,5.0,99.8,1487.9964,0.0,0,0.0,0.0
2139.0,C,RUNNING,2135.52,2,3,0,3,0.0,5.0,99.8,1486.9964,0.0,0,0.0,0.0
2140.0,C,RUNNING,2136.52,2,3,0,3,0.0,5.0,99.8,1485.9964,0.0,0,0.0,0.0
2141.0,C,RUNNING,2137.52,2,3,0,3,0.0,5.0,99.8,1484.9964,0.0,0,0.0,0.0
2142.0,C,RUNNING,2138.52,2,3,0,3,0.0,5.0,99.8,1483.9964,0.0,0,0.0,0.0
2143.0,C,RUNNING,2139.52,2,3,0,3,0.0,5.0,99.8,1482.9964,0.0,0,0.0,0.0
2144.0,C,RUNNING,2140.52,2,3,0,3,0.0,5.0,99.8,1481.9964,0.0,0,0.0,0.0
2145.0,C,RUNNING,2141.52,2,3,0,3,0.0,5.0,99.8,1480.9964,0.0,0,0.0,0.0
2146.0,C,RUNNING,2142.52,2,3,0,3,0.0,5.0,99.8,1479.9964,0.0,0,0.0,0.0
2147.0,C,RUNNING,2143.52,2,3,0,3,0.0,5.0,99.8,1478.9964,0.0,0,0.0,0.0
2148.0,C,RUNNING,2144.52,2,3,0,3,0.0,5.0,99.8,1477.9964,0.0,0,0.0,0.0
2149.0,C,RUNNING,2145.52,2,3,0,3,0.0,5.0,99.8,1476.9964,0.0,0,0.0,0.0
2150.0,C,RUNNING,2146.52,2,3,0,3,0.0,5.0,99.8,1475.9964,0.0,0,0.0,0.0
2151.0,C,RUNNING,2147.52,2,3,0,3,0.0,5.0,99.8,1474.9964,0.0,0,0.0,0.0
2152.0,C,RUNNING,2148.52,2,3,0,3,0.0,5.0,99.8,1473.9964,0.0,0,0.0,0.0
2153.0,C,RUNNING,2149.52,2,3,0,3,0.0,5.0,99.8,1472.9964,0.0,0,0.0,0.0
2154.0,C,RUNNING,2150.52,2,3,0,3,0.0,5.0,99.8,1471.9964,0.0,0,0.0,0.0
2155.0,C,RUNNING,2151.52,2,3,0,3,0.0,5.0,99.8,1470.9964,0.0,0,0.0,0.0
2156.0,C,RUNNING,2152.52,2,3,0,3,0.0,5.0,99.8,1469.9964,0.0,0,0.0,0.0
2157.0,C,RUNNING,2153.52,2,3,0,3,0.0,5.0,99.8,1468.9964,0.0,0,0.0,0.0
2158.0,C,RUNNING,2154.52,2,3,0,3,0.0,5.0,99.8,1467.9964,0.0,0,0.0,0.0
2159.0,C,RUNNING,2155.524,2,3,0,3,0.0,5.0,99.8,1466.9924,0.0,0,0.0,0.0
2160.0,C,RUNNING,2156.52,2,3,0,3,0.0,5.0,99.8,1465.9964,0.0,0,0.0,0.0
2161.0,C,RUNNING,2157.52,2,3,0,3,0.0,5.0,99.8,1464.9964,0.0,0,0.0,0.0
2162.0,C,RUNNING,2158.52,2,3,0,3,0.0,5.0,99.8,1463.9964,0.0,0,0.0,0.0
2163.0,C,RUNNING,2159.52,2,3,0,3,0.0,5.0,99.8,1462.9964,0.0,0,0.0,0.0
2164.0,C,RUNNING,2160.52,2,3,0,3,0.0,5.0,99.8,1461.9964,0.0,0,0.0,0.0
2165.0,C,RUNNING,2161.52,2,3,0,3,0.0,5.0,99.8,1460.9964,0.0,0,0.0,0.0
2166.0,C,RUNNING,2162.52,2,3,0,3,0.0,5.0,99.8,1459.9964,0.0,0,0.0,0.0
2167.0,C,RUNNING,2163.52,2,3,0,3,0.0,5.0,99.8,1458.9964,0.0,0,0.0,0.0
2168.0,C,RUNNING,2164.52,2,3,0,3,0.0,5.0,99.8,1457.9964,0.0,0,0.0,0.0
2169.0,C,RUNNING,2165.52,2,3,0,3,0.0,5.0,99.8,1456.9964,0.0,0,0.0,0.0
2170.0,C,RUNNING,2166.52,2,3,0,3,0.0,5.0,99.8,1455.9964,0.0,0,0.0,0.0
2171.0,C,RUNNING,2167.52,2,3,0,3,0.0,5.0,99.8,1454.9964,0.0,0,0.0,0.0
2172.0,C,RUNNING,2168.52,2,3,0,3,0.0,5.0,99.8,1453.9964,0.0,0,0.0,0.0
2173.0,C,RUNNING,2169.52,2,3,0,3,0.0,5.0,99.8,1452.9964,0.0,0,0.0,0.0
2174.0,C,RUNNING,2170.52,2,3,0,3,0.0,5.0,99.8,1451.9964,0.0,0,0.0,0.0
2175.0,C,RUNNING,2171.52,2,3,0,3,0.0,5.0,99.8,1450.9964,0.0,0,0.0,0.0
2176.0,C,RUNNING,2172.52,2,3,0,3,0.0,5.0,99.8,1449.9964,0.0,0,0.0,0.0
2177.0,C,RUNNING,2173.52,2,3,0,3,0.0,5.0,99.8,1448.9964,0.0,0,0.0,0.0
2178.0,C,RUNNING,2174.52,2,3,0,3,0.0,5.0,99.8,1447.9964,0.0,0,0.0,0.0
2179.0,C,RUNNING,2175.52,2,3,0,3,0.0,5.0,99.8,1446.9964,0.0,0,0.0,0.0
2180.0,C,RUNNING,2176.52,2,3,0,3,0.0,5.0,99.8,1445.9964,0.0,0,0.0,0.0
2181.0,C,RUNNING,2177.52,2,3,0,3,0.0,5.0,99.8,1444.9964,0.0,0,0.0,0.0
2182.0,C,RUNNING,2178.52,2,3,0,3,0.0,5.0,99.8,1443.9964,0.0,0,0.0,0.0
2183.0,C,RUNNING,2179.52,2,3,0,3,0.0,5.0,99.8,1442.9964,0.0,0,0.0,0.0
2184.0,C,RUNNING,2180.52,2,3,0,3,0.0,5.0,99.8,1441.9964,0.0,0,0.0,0.0
2185.0,C,RUNNING,2181.52,2,3,0,3,0.0,5.0,99.8,1440.9964,0.0,0,0.0,0.0
2186.0,C,RUNNING,2182.52,3,3,1,3,0.3333,5.0,99.7,1390.1071,0.0,0,0.0,0.0
2187.0,C,RUNNING,2183.52,3,3,1,3,0.3333,5.0,99.7,1389.1071,0.0,0,0.0,0.0
2188.0,C,RUNNING,2184.52,3,3,1,3,0.3333,5.0,99.7,1388.1071,0.0,0,0.0,0.0
2189.0,C,RUNNING,2185.52,3,3,1,3,0.3333,5.0,99.7,1387.1071,0.0,0,0.0,0.0
2190.0,C,RUNNING,2186.52,3,3,1,3,0.3333,5.0,99.7,1386.1071,0.0,0,0.0,0.0
2191.0,C,RUNNING,2187.52,3,3,1,3,0.3333,5.0,99.7,1385.1071,0.0,0,0.0,0.0
2192.0,C,RUNNING,2188.52,3,3,1,3,0.3333,5.0,99.7,1384.1071,0.0,0,0.0,0.0
2193.0,C,RUNNING,2189.52,3,3,1,3,0.3333,5.0,99.7,1383.1071,0.0,0,0.0,0.0
2194.0,C,RUNNING,2190.52,3,3,1,3,0.3333,5.0,99.7,1382.1071,0.0,0,0.0,0.0
2195.0,C,RUNNING,2191.52,3,3,1,3,0.3333,5.0,99.7,1381.1071,0.0,0,0.0,0.0
2196.0,C,RUNNING,2192.52,3,3,1,3,0.3333,5.0,99.7,1380.1071,0.0,0,0.0,0.0
2197.0,C,RUNNING,2193.524,3,3,1,3,0.3333,5.0,99.7,1379.1031,0.0,0,0.0,0.0
2198.0,C,RUNNING,2194.52,3,3,1,3,0.3333,5.0,99.7,1378.1071,0.0,0,0.0,0.0
2199.0,C,RUNNING,2195.52,3,3,1,3,0.3333,5.0,99.7,1377.1071,0.0,0,0.0,0.0
2200.0,C,RUNNING,2196.52,3,3,1,3,0.3333,5.0,99.7,1376.1071,0.0,0,0.0,0.0
2201.0,C,RUNNING,2197.52,3,3,1,3,0.3333,5.0,99.7,1375.1071,0.0,0,0.0,0.0
2202.0,C,RUNNING,2198.52,3,3,1,3,0.3333,5.0,99.7,1374.1071,0.0,0,0.0,0.0
2203.0,C,RUNNING,2199.52,3,3,1,3,0.3333,5.0,99.7,1373.1071,0.0,0,0.0,0.0
2204.0,C,RUNNING,2200.52,3,3,1,3,0.3333,5.0,99.7,1372.1071,0.0,0,0.0,0.0
2205.0,C,RUNNING,2201.52,3,3,1,3,0.3333,5.0,99.7,1371.1071,0.0,0,0.0,0.0
2206.0,C,RUNNING,2202.52,3,3,1,3,0.3333,5.0,99.7,1370.1071,0.0,0,0.0,0.0
2207.0,C,RUNNING,2203.52,3,3,1,3,0.3333,5.0,99.7,1369.1071,0.0,0,0.0,0.0
2208.0,C,RUNNING,2204.52,3,3,1,3,0.3333,5.0,99.7,1368.1071,0.0,0,0.0,0.0
2209.0,C,RUNNING,2205.52,3,3,1,3,0.3333,5.0,99.7,1367.1071,0.0,0,0.0,0.0
2210.0,C,RUNNING,2206.52,3,3,1,3,0.3333,5.0,99.7,1366.1071,0.0,0,0.0,0.0
2211.0,C,RUNNING,2207.52,3,3,1,3,0.3333,5.0,99.7,1365.1071,0.0,0,0.0,0.0
2212.0,C,RUNNING,2208.52,3,3,1,3,0.3333,5.0,99.7,1364.1071,0.0,0,0.0,0.0
2213.0,C,RUNNING,2209.52,3,3,1,3,0.3333,5.0,99.7,1363.1071,0.0,0,0.0,0.0
2214.0,C,RUNNING,2210.52,3,3,1,3,0.3333,5.0,99.7,1362.1071,0.0,0,0.0,0.0
2215.0,C,RUNNING,2211.52,3,3,1,3,0.3333,5.0,99.7,1361.1071,0.0,0,0.0,0.0
2216.0,C,RUNNING,2212.52,3,3,1,3,0.3333,5.0,99.7,1360.1071,0.0,0,0.0,0.0
2217.0,C,RUNNING,2213.52,3,3,1,3,0.3333,5.0,99.7,1359.1071,0.0,0,0.0,0.0
2218.0,C,RUNNING,2214.52,3,3,1,3,0.3333,5.0,99.7,1358.1071,0.0,0,0.0,0.0
2219.0,C,RUNNING,2215.52,3,3,1,3,0.3333,5.0,99.7,1357.1071,0.0,0,0.0,0.0
2220.0,C,RUNNING,2216.52,3,3,1,3,0.3333,5.0,99.7,1356.1071,0.0,0,0.0,0.0
2221.0,C,RUNNING,2217.52,3,3,1,3,0.3333,5.0,99.7,1355.1071,0.0,0,0.0,0.0
2222.0,C,RUNNING,2218.52,3,3,1,3,0.3333,5.0,99.7,1354.1071,0.0,0,0.0,0.0
2223.0,C,RUNNING,2219.52,3,3,1,3,0.3333,5.0,99.7,1353.1071,0.0,0,0.0,0.0
2224.0,C,RUNNING,2220.52,3,3,1,3,0.3333,5.0,99.7,1352.1071,0.0,0,0.0,0.0
2225.0,C,RUNNING,2221.52,3,3,1,3,0.3333,5.0,99.7,1351.1071,0.0,0,0.0,0.0
2226.0,C,RUNNING,2222.52,3,3,1,3,0.3333,5.0,99.7,1350.1071,0.0,0,0.0,0.0
2227.0,C,RUNNING,2223.52,3,3,1,3,0.3333,5.0,99.7,1349.1071,0.0,0,0.0,0.0
2228.0,C,RUNNING,2224.52,3,3,1,3,0.3333,5.0,99.7,1348.1071,0.0,0,0.0,0.0
2229.0,C,RUNNING,2225.52,3,3,1,3,0.3333,5.0,99.7,1347.1071,0.0,0,0.0,0.0
2230.0,C,RUNNING,2226.52,3,3,1,3,0.3333,5.0,99.7,1346.1071,0.0,0,0.0,0.0
2231.0,C,RUNNING,2227.52,3,3,1,3,0.3333,5.0,99.7,1345.1071,0.0,0,0.0,0.0
2232.0,C,RUNNING,2228.52,3,3,1,3,0.3333,5.0,99.7,1344.1071,0.0,0,0.0,0.0
2233.0,C,RUNNING,2229.52,3,3,1,3,0.3333,5.0,99.7,1343.1071,0.0,0,0.0,0.0
2234.0,C,RUNNING,2230.52,3,3,1,3,0.3333,5.0,99.7,1342.1071,0.0,0,0.0,0.0
2235.0,C,RUNNING,2231.52,3,3,1,3,0.3333,5.0,99.7,1341.1071,0.0,0,0.0,0.0
2236.0,C,RUNNING,2232.52,3,3,1,3,0.3333,5.0,99.7,1340.1071,0.0,0,0.0,0.0
2237.0,C,RUNNING,2233.52,3,3,1,3,0.3333,5.0,99.7,1339.1071,0.0,0,0.0,0.0
2238.0,C,RUNNING,2234.52,3,3,1,3,0.3333,5.0,99.7,1338.1071,0.0,0,0.0,0.0
2239.0,C,RUNNING,2235.52,3,3,1,3,0.3333,5.0,99.7,1337.1071,0.0,0,0.0,0.0
2240.0,C,RUNNING,2236.52,3,3,1,3,0.3333,5.0,99.7,1336.1071,0.0,0,0.0,0.0
2241.0,C,RUNNING,2237.52,3,3,1,3,0.3333,5.0,99.7,1335.1071,0.0,0,0.0,0.0
2242.0,C,RUNNING,2238.52,3,3,1,3,0.3333,5.0,99.7,1334.1071,0.0,0,0.0,0.0
2243.0,C,RUNNING,2239.52,3,3,1,3,0.3333,5.0,99.7,1333.1071,0.0,0,0.0,0.0
2244.0,C,RUNNING,2240.52,3,3,1,3,0.3333,5.0,99.7,1332.1071,0.0,0,0.0,0.0
2245.0,C,RUNNING,2241.52,3,3,1,3,0.3333,5.0,99.7,1331.1071,0.0,0,0.0,0.0
2246.0,C,RUNNING,2242.52,3,3,1,3,0.3333,5.0,99.7,1330.1071,0.0,0,0.0,0.0
2247.0,C,RUNNING,2243.52,3,3,1,3,0.3333,5.0,99.7,1329.1071,0.0,0,0.0,0.0
2248.0,C,RUNNING,2244.52,3,3,1,3,0.3333,5.0,99.7,1328.1071,0.0,0,0.0,0.0
2249.0,C,RUNNING,2245.52,3,3,1,3,0.3333,5.0,99.7,1327.1071,0.0,0,0.0,0.0
2250.0,C,RUNNING,2246.52,3,3,1,3,0.3333,5.0,99.7,1326.1071,0.0,0,0.0,0.0
2251.0,C,RUNNING,2247.52,3,3,1,3,0.3333,5.0,99.7,1325.1071,0.0,0,0.0,0.0
2252.0,C,RUNNING,2248.52,3,3,1,3,0.3333,5.0,99.7,1324.1071,0.0,0,0.0,0.0
2253.0,C,RUNNING,2249.52,3,3,1,3,0.3333,5.0,99.7,1323.1071,0.0,0,0.0,0.0
2254.0,C,RUNNING,2250.52,3,3,1,3,0.3333,5.0,99.7,1322.1071,0.0,0,0.0,0.0
2255.0,C,RUNNING,2251.52,3,3,1,3,0.3333,5.0,99.7,1321.1071,0.0,0,0.0,0.0
2256.0,C,RUNNING,2252.52,3,3,1,3,0.3333,5.0,99.7,1320.1071,0.0,0,0.0,0.0
2257.0,C,RUNNING,2253.52,3,3,1,3,0.3333,5.0,99.7,1319.1071,0.0,0,0.0,0.0
2258.0,C,RUNNING,2254.52,3,3,1,3,0.3333,5.0,99.7,1318.1071,0.0,0,0.0,0.0
2259.0,C,RUNNING,2255.52,3,3,1,3,0.3333,5.0,99.7,1317.1071,0.0,0,0.0,0.0
2260.0,C,RUNNING,2256.52,3,3,1,3,0.3333,5.0,99.7,1316.1071,0.0,0,0.0,0.0
2261.0,C,RUNNING,2257.52,3,3,1,3,0.3333,5.0,99.7,1315.1071,0.0,0,0.0,0.0
2262.0,C,RUNNING,2258.52,3,3,1,3,0.3333,5.0,99.7,1314.1071,0.0,0,0.0,0.0
2263.0,C,RUNNING,2259.52,3,3,1,3,0.3333,5.0,99.7,1313.1071,0.0,0,0.0,0.0
2264.0,C,RUNNING,2260.52,3,3,1,3,0.3333,5.0,99.7,1312.1071,0.0,0,0.0,0.0
2265.0,C,RUNNING,2261.52,3,3,1,3,0.3333,5.0,99.7,1311.1071,0.0,0,0.0,0.0
2266.0,C,RUNNING,2262.52,3,3,1,3,0.3333,5.0,99.7,1310.1071,0.0,0,0.0,0.0
2267.0,C,RUNNING,2263.52,3,3,1,3,0.3333,5.0,99.7,1309.1071,0.0,0,0.0,0.0
2268.0,C,RUNNING,2264.52,3,3,1,3,0.3333,5.0,99.7,1308.1071,0.0,0,0.0,0.0
2269.0,C,RUNNING,2265.52,3,3,1,3,0.3333,5.0,99.7,1307.1071,0.0,0,0.0,0.0
2270.0,C,RUNNING,2266.52,3,3,1,3,0.3333,5.0,99.7,1306.1071,0.0,0,0.0,0.0
2271.0,C,RUNNING,2267.52,3,3,1,3,0.3333,5.0,99.7,1305.1071,0.0,0,0.0,0.0
2272.0,C,RUNNING,2268.52,3,3,1,3,0.3333,5.0,99.7,1304.1071,0.0,0,0.0,0.0
2273.0,C,RUNNING,2269.52,3,3,1,3,0.3333,5.0,99.7,1303.1071,0.0,0,0.0,0.0
2274.0,C,RUNNING,2270.52,3,3,1,3,0.3333,5.0,99.7,1302.1071,0.0,0,0.0,0.0
2275.0,C,RUNNING,2271.52,3,3,1,3,0.3333,5.0,99.7,1301.1071,0.0,0,0.0,0.0
2276.0,C,RUNNING,2272.52,3,3,1,3,0.3333,5.0,99.7,1300.1071,0.0,0,0.0,0.0
2277.0,C,RUNNING,2273.52,3,3,1,3,0.3333,5.0,99.7,1299.1071,0.0,0,0.0,0.0
2278.0,C,RUNNING,2274.52,3,3,1,3,0.3333,5.0,99.7,1298.1071,0.0,0,0.0,0.0
2279.0,C,RUNNING,2275.52,3,3,1,3,0.3333,5.0,99.7,1297.1071,0.0,0,0.0,0.0
2280.0,C,RUNNING,2276.52,3,3,1,3,0.3333,5.0,99.7,1296.1071,0.0,0,0.0,0.0
2281.0,C,RUNNING,2277.52,3,3,1,3,0.3333,5.0,99.7,1295.1071,0.0,0,0.0,0.0
2282.0,C,RUNNING,2278.52,3,3,1,3,0.3333,5.0,99.7,1294.1071,0.0,0,0.0,0.0
2283.0,C,RUNNING,2279.52,3,3,1,3,0.3333,5.0,99.7,1293.1071,0.0,0,0.0,0.0
2284.0,C,RUNNING,2280.52,3,3,1,3,0.3333,5.0,99.7,1292.1071,0.0,0,0.0,0.0
2285.0,C,RUNNING,2281.52,3,3,1,3,0.3333,5.0,99.7,1291.1071,0.0,0,0.0,0.0
2286.0,C,RUNNING,2282.52,3,3,1,3,0.3333,5.0,99.7,1290.1071,0.0,0,0.0,0.0
2287.0,C,RUNNING,2283.52,3,3,1,3,0.3333,5.0,99.7,1289.1071,0.0,0,0.0,0.0
2288.0,C,RUNNING,2284.52,3,3,1,3,0.3333,5.0,99.7,1288.1071,0.0,0,0.0,0.0
2289.0,C,RUNNING,2285.52,3,3,1,3,0.3333,5.0,99.7,1287.1071,0.0,0,0.0,0.0
2290.0,C,RUNNING,2286.52,3,3,1,3,0.3333,5.0,99.7,1286.1071,0.0,0,0.0,0.0
2291.0,C,RUNNING,2287.52,3,3,1,3,0.3333,5.0,99.7,1285.1071,0.0,0,0.0,0.0
2292.0,C,RUNNING,2288.52,3,3,1,3,0.3333,5.0,99.7,1284.1071,0.0,0,0.0,0.0
2293.0,C,RUNNING,2289.52,3,3,1,3,0.3333,5.0,99.7,1283.1071,0.0,0,0.0,0.0
2294.0,C,RUNNING,2290.52,3,3,1,3,0.3333,5.0,99.7,1282.1071,0.0,0,0.0,0.0
2295.0,C,RUNNING,2291.52,3,3,1,3,0.3333,5.0,99.7,1281.1071,0.0,0,0.0,0.0
2296.0,C,RUNNING,2292.52,3,3,1,3,0.3333,5.0,99.7,1280.1071,0.0,0,0.0,0.0
2297.0,C,RUNNING,2293.52,3,3,1,3,0.3333,5.0,99.7,1279.1071,0.0,0,0.0,0.0
2298.0,C,RUNNING,2294.52,3,3,1,3,0.3333,5.0,99.7,1278.1071,0.0,0,0.0,0.0
2299.0,C,RUNNING,2295.52,3,3,1,3,0.3333,5.0,99.7,1277.1071,0.0,0,0.0,0.0
2300.0,C,RUNNING,2296.52,3,3,1,3,0.3333,5.0,99.7,1276.1071,0.0,0,0.0,0.0
2301.0,C,RUNNING,2297.52,3,3,1,3,0.3333,5.0,99.7,1275.1071,0.0,0,0.0,0.0
2302.0,C,RUNNING,2298.52,3,3,1,3,0.3333,5.0,99.7,1274.1071,0.0,0,0.0,0.0
2303.0,C,RUNNING,2299.52,3,3,1,3,0.3333,5.0,99.7,1273.1071,0.0,0,0.0,0.0
2304.0,C,RUNNING,2300.52,3,3,1,3,0.3333,5.0,99.7,1272.1071,0.0,0,0.0,0.0
2305.0,C,RUNNING,2301.52,3,3,1,3,0.3333,5.0,99.7,1271.1071,0.0,0,0.0,0.0
2306.0,C,RUNNING,2302.52,3,3,1,3,0.3333,5.0,99.7,1270.1071,0.0,0,0.0,0.0
2307.0,C,RUNNING,2303.52,3,3,1,3,0.3333,5.0,99.7,1269.1071,0.0,0,0.0,0.0
2308.0,C,RUNNING,2304.52,3,3,1,3,0.3333,5.0,99.7,1268.1071,0.0,0,0.0,0.0
2309.0,C,RUNNING,2305.52,3,3,1,3,0.3333,5.0,99.7,1267.1071,0.0,0,0.0,0.0
2310.0,C,RUNNING,2306.52,3,3,1,3,0.3333,5.0,99.7,1266.1071,0.0,0,0.0,0.0
2311.0,C,RUNNING,2307.52,3,3,1,3,0.3333,5.0,99.7,1265.1071,0.0,0,0.0,0.0
2312.0,C,RUNNING,2308.52,3,3,1,3,0.3333,5.0,99.7,1264.1071,0.0,0,0.0,0.0
2313.0,C,RUNNING,2309.52,3,3,1,3,0.3333,5.0,99.7,1263.1071,0.0,0,0.0,0.0
2314.0,C,RUNNING,2310.52,3,3,1,3,0.3333,5.0,99.7,1262.1071,0.0,0,0.0,0.0
2315.0,C,RUNNING,2311.52,3,3,1,3,0.3333,5.0,99.7,1261.1071,0.0,0,0.0,0.0
2316.0,C,RUNNING,2312.52,3,3,1,3,0.3333,5.0,99.7,1260.1071,0.0,0,0.0,0.0
2317.0,C,RUNNING,2313.52,3,3,1,3,0.3333,5.0,99.7,1259.1071,0.0,0,0.0,0.0
2318.0,C,RUNNING,2314.52,3,3,1,3,0.3333,5.0,99.7,1258.1071,0.0,0,0.0,0.0
2319.0,C,RUNNING,2315.52,3,3,1,3,0.3333,5.0,99.7,1257.1071,0.0,0,0.0,0.0
2320.0,C,RUNNING,2316.52,3,3,1,3,0.3333,5.0,99.7,1256.1071,0.0,0,0.0,0.0
2321.0,C,RUNNING,2317.52,3,3,1,3,0.3333,5.0,99.7,1255.1071,0.0,0,0.0,0.0
2322.0,C,RUNNING,2318.52,3,3,1,3,0.3333,5.0,99.7,1254.1071,0.0,0,0.0,0.0
2323.0,C,RUNNING,2319.52,3,3,1,3,0.3333,5.0,99.7,1253.1071,0.0,0,0.0,0.0
2324.0,C,RUNNING,2320.52,3,3,1,3,0.3333,5.0,99.7,1252.1071,0.0,0,0.0,0.0
2325.0,C,RUNNING,2321.52,3,3,1,3,0.3333,5.0,99.7,1251.1071,0.0,0,0.0,0.0
2326.0,C,RUNNING,2322.52,3,3,1,3,0.3333,5.0,99.7,1250.1071,0.0,0,0.0,0.0
2327.0,C,RUNNING,2323.52,3,3,1,3,0.3333,5.0,99.7,1249.1071,0.0,0,0.0,0.0
2328.0,C,RUNNING,2324.52,3,3,1,3,0.3333,5.0,99.7,1248.1071,0.0,0,0.0,0.0
2329.0,C,RUNNING,2325.52,3,3,1,3,0.3333,5.0,99.7,1247.1071,0.0,0,0.0,0.0
2330.0,C,RUNNING,2326.52,3,3,1,3,0.3333,5.0,99.7,1246.1071,0.0,0,0.0,0.0
2331.0,C,RUNNING,2327.52,3,3,1,3,0.3333,5.0,99.7,1245.1071,0.0,0,0.0,0.0
2332.0,C,RUNNING,2328.52,3,3,1,3,0.3333,5.0,99.7,1244.1071,0.0,0,0.0,0.0
2333.0,C,RUNNING,2329.52,3,3,1,3,0.3333,5.0,99.7,1243.1071,0.0,0,0.0,0.0
2334.0,C,RUNNING,2330.52,3,3,1,3,0.3333,5.0,99.7,1242.1071,0.0,0,0.0,0.0
2335.0,C,RUNNING,2331.52,3,3,1,3,0.3333,5.0,99.7,1241.1071,0.0,0,0.0,0.0
2336.0,C,RUNNING,2332.52,3,3,1,3,0.3333,5.0,99.7,1240.1071,0.0,0,0.0,0.0
2337.0,C,RUNNING,2333.52,3,3,1,3,0.3333,5.0,99.7,1239.1071,0.0,0,0.0,0.0
2338.0,C,RUNNING,2334.52,3,3,1,3,0.3333,5.0,99.7,1238.1071,0.0,0,0.0,0.0
2339.0,C,RUNNING,2335.52,3,3,1,3,0.3333,5.0,99.7,1237.1071,0.0,0,0.0,0.0
2340.0,C,RUNNING,2336.52,3,3,1,3,0.3333,5.0,99.7,1236.1071,0.0,0,0.0,0.0
2341.0,C,RUNNING,2337.52,3,3,1,3,0.3333,5.0,99.7,1235.1071,0.0,0,0.0,0.0
2342.0,C,RUNNING,2338.52,3,3,1,3,0.3333,5.0,99.7,1234.1071,0.0,0,0.0,0.0
2343.0,C,RUNNING,2339.52,3,3,1,3,0.3333,5.0,99.7,1233.1071,0.0,0,0.0,0.0
2344.0,C,RUNNING,2340.52,3,3,1,3,0.3333,5.0,99.7,1232.1071,0.0,0,0.0,0.0
2345.0,C,RUNNING,2341.52,3,3,1,3,0.3333,5.0,99.7,1231.1071,0.0,0,0.0,0.0
2346.0,C,RUNNING,2342.52,3,3,1,3,0.3333,5.0,99.7,1230.1071,0.0,0,0.0,0.0
2347.0,C,RUNNING,2343.52,3,3,1,3,0.3333,5.0,99.7,1229.1071,0.0,0,0.0,0.0
2348.0,C,RUNNING,2344.52,3,3,1,3,0.3333,5.0,99.7,1228.1071,0.0,0,0.0,0.0
2349.0,C,RUNNING,2345.52,3,3,1,3,0.3333,5.0,99.7,1227.1071,0.0,0,0.0,0.0
2350.0,C,RUNNING,2346.52,3,3,1,3,0.3333,5.0,99.7,1226.1071,0.0,0,0.0,0.0
2351.0,C,RUNNING,2347.52,3,3,1,3,0.3333,5.0,99.7,1225.1071,0.0,0,0.0,0.0
2352.0,C,RUNNING,2348.52,3,3,1,3,0.3333,5.0,99.7,1224.1071,0.0,0,0.0,0.0
2353.0,C,RUNNING,2349.52,3,3,1,3,0.3333,5.0,99.7,1223.1071,0.0,0,0.0,0.0
2354.0,C,RUNNING,2350.52,3,3,1,3,0.3333,5.0,99.7,1222.1071,0.0,0,0.0,0.0
2355.0,C,RUNNING,2351.52,3,3,1,3,0.3333,5.0,99.7,1221.1071,0.0,0,0.0,0.0
2356.0,C,RUNNING,2352.52,3,3,1,3,0.3333,5.0,99.7,1220.1071,0.0,0,0.0,0.0
2357.0,C,RUNNING,2353.52,3,3,1,3,0.3333,5.0,99.7,1219.1071,0.0,0,0.0,0.0
2358.0,C,RUNNING,2354.52,3,3,1,3,0.3333,5.0,99.7,1218.1071,0.0,0,0.0,0.0
2359.0,C,RUNNING,2355.52,3,3,1,3,0.3333,5.0,99.7,1217.1071,0.0,0,0.0,0.0
2360.0,C,RUNNING,2356.52,3,3,1,3,0.3333,5.0,99.7,1216.1071,0.0,0,0.0,0.0
2361.0,C,RUNNING,2357.52,3,3,1,3,0.3333,5.0,99.7,1215.1071,0.0,0,0.0,0.0
2362.0,C,RUNNING,2358.52,3,3,1,3,0.3333,5.0,99.7,1214.1071,0.0,0,0.0,0.0
2363.0,C,RUNNING,2359.52,3,3,1,3,0.3333,5.0,99.7,1213.1071,0.0,0,0.0,0.0
2364.0,C,RUNNING,2360.52,3,3,1,3,0.3333,5.0,99.7,1212.1071,0.0,0,0.0,0.0
2365.0,C,RUNNING,2361.52,3,3,1,3,0.3333,5.0,99.7,1211.1071,0.0,0,0.0,0.0
2366.0,C,RUNNING,2362.52,3,3,1,3,0.3333,5.0,99.7,1210.1071,0.0,0,0.0,0.0
2367.0,C,RUNNING,2363.52,3,3,1,3,0.3333,5.0,99.7,1209.1071,0.0,0,0.0,0.0
2368.0,C,RUNNING,2364.52,3,3,1,3,0.3333,5.0,99.7,1208.1071,0.0,0,0.0,0.0
2369.0,C,RUNNING,2365.52,3,4,0,3,0.0,5.0,99.7,1927.1071,0.0,0,0.0,0.0
2370.0,C,RUNNING,2366.52,3,4,0,3,0.0,5.0,99.7,1926.1071,0.0,0,0.0,0.0
2371.0,C,RUNNING,2367.52,3,4,0,3,0.0,5.0,99.7,1925.1071,0.0,0,0.0,0.0
2372.0,C,RUNNING,2368.52,3,4,0,3,0.0,5.0,99.7,1924.1071,0.0,0,0.0,0.0
2373.0,C,RUNNING,2369.52,3,4,0,3,0.0,5.0,99.7,1923.1071,0.0,0,0.0,0.0
2374.0,C,RUNNING,2370.52,3,4,0,3,0.0,5.0,99.7,1922.1071,0.0,0,0.0,0.0
2375.0,C,RUNNING,2371.52,3,4,0,3,0.0,5.0,99.7,1921.1071,0.0,0,0.0,0.0
2376.0,C,RUNNING,2372.52,3,4,0,3,0.0,5.0,99.7,1920.1071,0.0,0,0.0,0.0
2377.0,C,RUNNING,2373.52,3,4,0,3,0.0,5.0,99.7,1919.1071,0.0,0,0.0,0.0
2378.0,C,RUNNING,2374.52,3,4,0,3,0.0,5.0,99.7,1918.1071,0.0,0,0.0,0.0
2379.0,C,RUNNING,2375.52,3,4,0,3,0.0,5.0,99.7,1917.1071,0.0,0,0.0,0.0
2380.0,C,RUNNING,2376.52,3,4,0,3,0.0,5.0,99.7,1916.1071,0.0,0,0.0,0.0
2381.0,C,RUNNING,2377.52,3,4,0,3,0.0,5.0,99.7,1915.1071,0.0,0,0.0,0.0
2382.0,C,RUNNING,2378.52,3,4,0,3,0.0,5.0,99.7,1914.1071,0.0,0,0.0,0.0
2383.0,C,RUNNING,2379.52,3,4,0,3,0.0,5.0,99.7,1913.1071,0.0,0,0.0,0.0
2384.0,C,RUNNING,2380.52,3,4,0,3,0.0,5.0,99.7,1912.1071,0.0,0,0.0,0.0
2385.0,C,RUNNING,2381.52,3,4,0,3,0.0,5.0,99.7,1911.1071,0.0,0,0.0,0.0
2386.0,C,RUNNING,2382.52,3,4,0,3,0.0,5.0,99.7,1910.1071,0.0,0,0.0,0.0
2387.0,C,RUNNING,2383.52,3,4,0,3,0.0,5.0,99.7,1909.1071,0.0,0,0.0,0.0
2388.0,C,RUNNING,2384.52,3,4,0,3,0.0,5.0,99.7,1908.1071,0.0,0,0.0,0.0
2389.0,C,RUNNING,2385.52,3,4,0,3,0.0,5.0,99.7,1907.1071,0.0,0,0.0,0.0
2390.0,C,RUNNING,2386.52,3,4,0,3,0.0,5.0,99.7,1906.1071,0.0,0,0.0,0.0
2391.0,C,RUNNING,2387.52,3,4,0,3,0.0,5.0,99.7,1905.1071,0.0,0,0.0,0.0
2392.0,C,RUNNING,2388.52,3,4,0,3,0.0,5.0,99.7,1904.1071,0.0,0,0.0,0.0
2393.0,C,RUNNING,2389.52,3,4,0,3,0.0,5.0,99.7,1903.1071,0.0,0,0.0,0.0
2394.0,C,RUNNING,2390.52,3,4,0,3,0.0,5.0,99.7,1902.1071,0.0,0,0.0,0.0
2395.0,C,RUNNING,2391.52,3,4,0,3,0.0,5.0,99.7,1901.1071,0.0,0,0.0,0.0
2396.0,C,RUNNING,2392.52,3,4,0,3,0.0,5.0,99.7,1900.1071,0.0,0,0.0,0.0
2397.0,C,RUNNING,2393.52,3,4,0,3,0.0,5.0,99.7,1899.1071,0.0,0,0.0,0.0
2398.0,C,RUNNING,2394.52,3,4,0,3,0.0,5.0,99.7,1898.1071,0.0,0,0.0,0.0
2399.0,C,RUNNING,2395.52,3,4,0,3,0.0,5.0,99.7,1897.1071,0.0,0,0.0,0.0
2400.0,C,RUNNING,2396.52,3,4,0,3,0.0,5.0,99.7,1896.1071,0.0,0,0.0,0.0
2401.0,C,RUNNING,2397.52,3,4,0,3,0.0,5.0,99.7,1895.1071,0.0,0,0.0,0.0
2402.0,C,RUNNING,2398.52,3,4,0,3,0.0,5.0,99.7,1894.1071,0.0,0,0.0,0.0
2403.0,C,RUNNING,2399.52,3,4,0,3,0.0,5.0,99.7,1893.1071,0.0,0,0.0,0.0
2404.0,C,RUNNING,2400.52,3,4,0,3,0.0,5.0,99.7,1892.1071,0.0,0,0.0,0.0
2405.0,C,RUNNING,2401.52,3,4,0,3,0.0,5.0,99.7,1891.1071,0.0,0,0.0,0.0
2406.0,C,RUNNING,2402.52,3,4,0,3,0.0,5.0,99.7,1890.1071,0.0,0,0.0,0.0
2407.0,C,RUNNING,2403.52,3,4,0,3,0.0,5.0,99.7,1889.1071,0.0,0,0.0,0.0
2408.0,C,RUNNING,2404.52,3,4,0,3,0.0,5.0,99.7,1888.1071,0.0,0,0.0,0.0
2409.0,C,RUNNING,2405.52,3,4,0,3,0.0,5.0,99.7,1887.1071,0.0,0,0.0,0.0
2410.0,C,RUNNING,2406.52,3,4,0,3,0.0,5.0,99.7,1886.1071,0.0,0,0.0,0.0
2411.0,C,RUNNING,2407.52,3,4,0,3,0.0,5.0,99.7,1885.1071,0.0,0,0.0,0.0
2412.0,C,RUNNING,2408.52,3,4,0,3,0.0,5.0,99.7,1884.1071,0.0,0,0.0,0.0
2413.0,C,RUNNING,2409.52,3,4,0,3,0.0,5.0,99.7,1883.1071,0.0,0,0.0,0.0
2414.0,C,RUNNING,2410.52,3,4,0,3,0.0,5.0,99.7,1882.1071,0.0,0,0.0,0.0
2415.0,C,RUNNING,2411.52,3,4,0,3,0.0,5.0,99.7,1881.1071,0.0,0,0.0,0.0
2416.0,C,RUNNING,2412.52,3,4,0,3,0.0,5.0,99.7,1880.1071,0.0,0,0.0,0.0
2417.0,C,RUNNING,2413.52,3,4,0,3,0.0,5.0,99.7,1879.1071,0.0,0,0.0,0.0
2418.0,C,RUNNING,2414.52,3,4,0,3,0.0,5.0,99.7,1878.1071,0.0,0,0.0,0.0
2419.0,C,RUNNING,2415.52,3,4,0,3,0.0,5.0,99.7,1877.1071,0.0,0,0.0,0.0
2420.0,C,RUNNING,2416.52,3,4,0,3,0.0,5.0,99.7,1876.1071,0.0,0,0.0,0.0
2421.0,C,RUNNING,2417.52,3,4,0,3,0.0,5.0,99.7,1875.1071,0.0,0,0.0,0.0
2422.0,C,RUNNING,2418.52,3,4,0,3,0.0,5.0,99.7,1874.1071,0.0,0,0.0,0.0
2423.0,C,RUNNING,2419.52,3,4,0,3,0.0,5.0,99.7,1873.1071,0.0,0,0.0,0.0
2424.0,C,RUNNING,2420.52,3,4,0,3,0.0,5.0,99.7,1872.1071,0.0,0,0.0,0.0
2425.0,C,RUNNING,2421.52,3,4,0,3,0.0,5.0,99.7,1871.1071,0.0,0,0.0,0.0
2426.0,C,RUNNING,2422.52,3,4,0,3,0.0,5.0,99.7,1870.1071,0.0,0,0.0,0.0
2427.0,C,RUNNING,2423.52,3,4,0,3,0.0,5.0,99.7,1869.1071,0.0,0,0.0,0.0
2428.0,C,RUNNING,2424.52,3,4,0,3,0.0,5.0,99.7,1868.1071,0.0,0,0.0,0.0
2429.0,C,RUNNING,2425.52,3,4,0,3,0.0,5.0,99.7,1867.1071,0.0,0,0.0,0.0
2430.0,C,RUNNING,2426.52,3,4,0,3,0.0,5.0,99.7,1866.1071,0.0,0,0.0,0.0
2431.0,C,RUNNING,2427.52,3,4,0,3,0.0,5.0,99.7,1865.1071,0.0,0,0.0,0.0
2432.0,C,RUNNING,2428.52,3,4,0,3,0.0,5.0,99.7,1864.1071,0.0,0,0.0,0.0
2433.0,C,RUNNING,2429.52,3,4,0,3,0.0,5.0,99.7,1863.1071,0.0,0,0.0,0.0
2434.0,C,RUNNING,2430.52,3,4,0,3,0.0,5.0,99.7,1862.1071,0.0,0,0.0,0.0
2435.0,C,RUNNING,2431.52,3,4,0,3,0.0,5.0,99.7,1861.1071,0.0,0,0.0,0.0
2436.0,C,RUNNING,2432.52,3,4,0,3,0.0,5.0,99.7,1860.1071,0.0,0,0.0,0.0
2437.0,C,RUNNING,2433.52,3,4,0,3,0.0,5.0,99.7,1859.1071,0.0,0,0.0,0.0
2438.0,C,RUNNING,2434.52,3,4,0,3,0.0,5.0,99.7,1858.1071,0.0,0,0.0,0.0
2439.0,C,RUNNING,2435.52,3,4,0,3,0.0,5.0,99.7,1857.1071,0.0,0,0.0,0.0
2440.0,C,RUNNING,2436.52,3,4,0,3,0.0,5.0,99.7,1856.1071,0.0,0,0.0,0.0
2441.0,C,RUNNING,2437.52,3,4,0,3,0.0,5.0,99.7,1855.1071,0.0,0,0.0,0.0
2442.0,C,RUNNING,2438.52,3,4,0,3,0.0,5.0,99.7,1854.1071,0.0,0,0.0,0.0
2443.0,C,RUNNING,2439.52,3,4,0,3,0.0,5.0,99.7,1853.1071,0.0,0,0.0,0.0
2444.0,C,RUNNING,2440.52,3,4,0,3,0.0,5.0,99.7,1852.1071,0.0,0,0.0,0.0
2445.0,C,RUNNING,2441.52,3,4,0,3,0.0,5.0,99.7,1851.1071,0.0,0,0.0,0.0
2446.0,C,RUNNING,2442.52,3,4,0,3,0.0,5.0,99.7,1850.1071,0.0,0,0.0,0.0
2447.0,C,RUNNING,2443.52,3,4,0,3,0.0,5.0,99.7,1849.1071,0.0,0,0.0,0.0
2448.0,C,RUNNING,2444.52,3,4,0,3,0.0,5.0,99.7,1848.1071,0.0,0,0.0,0.0
2449.0,C,RUNNING,2445.52,3,4,0,3,0.0,5.0,99.7,1847.1071,0.0,0,0.0,0.0
2450.0,C,RUNNING,2446.52,3,4,0,3,0.0,5.0,99.7,1846.1071,0.0,0,0.0,0.0
2451.0,C,RUNNING,2447.52,3,4,0,3,0.0,5.0,99.7,1845.1071,0.0,0,0.0,0.0
2452.0,C,RUNNING,2448.52,3,4,0,3,0.0,5.0,99.7,1844.1071,0.0,0,0.0,0.0
2453.0,C,RUNNING,2449.52,3,4,0,3,0.0,5.0,99.7,1843.1071,0.0,0,0.0,0.0
2454.0,C,RUNNING,2450.52,3,4,0,3,0.0,5.0,99.7,1842.1071,0.0,0,0.0,0.0
2455.0,C,RUNNING,2451.52,3,4,0,3,0.0,5.0,99.7,1841.1071,0.0,0,0.0,0.0
2456.0,C,RUNNING,2452.52,3,4,0,3,0.0,5.0,99.7,1840.1071,0.0,0,0.0,0.0
2457.0,C,RUNNING,2453.52,3,4,0,3,0.0,5.0,99.7,1839.1071,0.0,0,0.0,0.0
2458.0,C,RUNNING,2454.524,3,4,0,3,0.0,5.0,99.7,1838.1031,0.0,0,0.0,0.0
2459.0,C,RUNNING,2455.52,3,4,0,3,0.0,5.0,99.7,1837.1071,0.0,0,0.0,0.0
2460.0,C,RUNNING,2456.52,3,4,0,3,0.0,5.0,99.7,1836.1071,0.0,0,0.0,0.0
2461.0,C,RUNNING,2457.52,3,4,0,3,0.0,5.0,99.7,1835.1071,0.0,0,0.0,0.0
2462.0,C,RUNNING,2458.52,3,4,0,3,0.0,5.0,99.7,1834.1071,0.0,0,0.0,0.0
2463.0,C,RUNNING,2459.52,3,4,0,3,0.0,5.0,99.7,1833.1071,0.0,0,0.0,0.0
2464.0,C,RUNNING,2460.52,3,4,0,3,0.0,5.0,99.7,1832.1071,0.0,0,0.0,0.0
2465.0,C,RUNNING,2461.52,3,4,0,3,0.0,5.0,99.7,1831.1071,0.0,0,0.0,0.0
2466.0,C,RUNNING,2462.52,3,4,0,3,0.0,5.0,99.7,1830.1071,0.0,0,0.0,0.0
2467.0,C,RUNNING,2463.52,3,4,0,3,0.0,5.0,99.7,1829.1071,0.0,0,0.0,0.0
2468.0,C,RUNNING,2464.52,3,4,0,3,0.0,5.0,99.7,1828.1071,0.0,0,0.0,0.0
2469.0,C,RUNNING,2465.52,3,4,0,3,0.0,5.0,99.7,1827.1071,0.0,0,0.0,0.0
2470.0,C,RUNNING,2466.52,3,4,0,3,0.0,5.0,99.7,1826.1071,0.0,0,0.0,0.0
2471.0,C,RUNNING,2467.52,3,4,0,3,0.0,5.0,99.7,1825.1071,0.0,0,0.0,0.0
2472.0,C,RUNNING,2468.52,3,4,0,3,0.0,5.0,99.7,1824.1071,0.0,0,0.0,0.0
2473.0,C,RUNNING,2469.52,3,4,0,3,0.0,5.0,99.7,1823.1071,0.0,0,0.0,0.0
2474.0,C,RUNNING,2470.52,3,4,0,3,0.0,5.0,99.7,1822.1071,0.0,0,0.0,0.0
2475.0,C,RUNNING,2471.52,3,4,0,3,0.0,5.0,99.7,1821.1071,0.0,0,0.0,0.0
2476.0,C,RUNNING,2472.52,3,4,0,3,0.0,5.0,99.7,1820.1071,0.0,0,0.0,0.0
2477.0,C,RUNNING,2473.52,3,4,0,3,0.0,5.0,99.7,1819.1071,0.0,0,0.0,0.0
2478.0,C,RUNNING,2474.52,3,4,0,3,0.0,5.0,99.7,1818.1071,0.0,0,0.0,0.0
2479.0,C,RUNNING,2475.52,3,4,0,3,0.0,5.0,99.7,1817.1071,0.0,0,0.0,0.0
2480.0,C,RUNNING,2476.52,3,4,0,3,0.0,5.0,99.7,1816.1071,0.0,0,0.0,0.0
2481.0,C,RUNNING,2477.52,3,4,0,3,0.0,5.0,99.7,1815.1071,0.0,0,0.0,0.0
2482.0,C,RUNNING,2478.52,3,4,0,3,0.0,5.0,99.7,1814.1071,0.0,0,0.0,0.0
2483.0,C,RUNNING,2479.52,3,4,0,3,0.0,5.0,99.7,1813.1071,0.0,0,0.0,0.0
2484.0,C,RUNNING,2480.52,3,4,0,3,0.0,5.0,99.7,1812.1071,0.0,0,0.0,0.0
2485.0,C,RUNNING,2481.52,3,4,0,3,0.0,5.0,99.7,1811.1071,0.0,0,0.0,0.0
2486.0,C,RUNNING,2482.52,3,4,0,3,0.0,5.0,99.7,1810.1071,0.0,0,0.0,0.0
2487.0,C,RUNNING,2483.52,3,4,0,3,0.0,5.0,99.7,1809.1071,0.0,0,0.0,0.0
2488.0,C,RUNNING,2484.52,3,4,0,3,0.0,5.0,99.7,1808.1071,0.0,0,0.0,0.0
2489.0,C,RUNNING,2485.52,3,4,0,3,0.0,5.0,99.7,1807.1071,0.0,0,0.0,0.0
2490.0,C,RUNNING,2486.52,3,4,0,3,0.0,5.0,99.7,1806.1071,0.0,0,0.0,0.0
2491.0,C,RUNNING,2487.52,3,4,0,3,0.0,5.0,99.7,1805.1071,0.0,0,0.0,0.0
2492.0,C,RUNNING,2488.52,3,4,0,3,0.0,5.0,99.7,1804.1071,0.0,0,0.0,0.0
2493.0,C,RUNNING,2489.52,3,4,0,3,0.0,5.0,99.7,1803.1071,0.0,0,0.0,0.0
2494.0,C,RUNNING,2490.52,3,4,0,3,0.0,5.0,99.7,1802.1071,0.0,0,0.0,0.0
2495.0,C,RUNNING,2491.52,3,4,0,3,0.0,5.0,99.7,1801.1071,0.0,0,0.0,0.0
2496.0,C,RUNNING,2492.52,3,4,0,3,0.0,5.0,99.7,1800.1071,0.0,0,0.0,0.0
2497.0,C,RUNNING,2493.52,3,4,0,3,0.0,5.0,99.7,1799.1071,0.0,0,0.0,0.0
2498.0,C,RUNNING,2494.52,3,4,0,3,0.0,5.0,99.7,1798.1071,0.0,0,0.0,0.0
2499.0,C,RUNNING,2495.52,3,4,0,3,0.0,5.0,99.7,1797.1071,0.0,0,0.0,0.0
2500.0,C,RUNNING,2496.52,3,4,0,3,0.0,5.0,99.7,1796.1071,0.0,0,0.0,0.0
2501.0,C,RUNNING,2497.52,3,4,0,3,0.0,5.0,99.7,1795.1071,0.0,0,0.0,0.0
2502.0,C,RUNNING,2498.52,3,4,0,3,0.0,5.0,99.7,1794.1071,0.0,0,0.0,0.0
2503.0,C,RUNNING,2499.52,3,4,0,3,0.0,5.0,99.7,1793.1071,0.0,0,0.0,0.0
2504.0,C,RUNNING,2500.52,3,4,0,3,0.0,5.0,99.7,1792.1071,0.0,0,0.0,0.0
2505.0,C,RUNNING,2501.52,3,4,0,3,0.0,5.0,99.7,1791.1071,0.0,0,0.0,0.0
2506.0,C,RUNNING,2502.52,3,4,0,3,0.0,5.0,99.7,1790.1071,0.0,0,0.0,0.0
2507.0,C,RUNNING,2503.52,3,4,0,3,0.0,5.0,99.7,1789.1071,0.0,0,0.0,0.0
2508.0,C,RUNNING,2504.52,3,4,0,3,0.0,5.0,99.7,1788.1071,0.0,0,0.0,0.0
2509.0,C,RUNNING,2505.52,3,4,0,3,0.0,5.0,99.7,1787.1071,0.0,0,0.0,0.0
2510.0,C,RUNNING,2506.52,3,4,0,3,0.0,5.0,99.7,1786.1071,0.0,0,0.0,0.0
2511.0,C,RUNNING,2507.52,3,4,0,3,0.0,5.0,99.7,1785.1071,0.0,0,0.0,0.0
2512.0,C,RUNNING,2508.52,3,4,0,3,0.0,5.0,99.7,1784.1071,0.0,0,0.0,0.0
2513.0,C,RUNNING,2509.52,3,4,0,3,0.0,5.0,99.7,1783.1071,0.0,0,0.0,0.0
2514.0,C,RUNNING,2510.52,3,4,0,3,0.0,5.0,99.7,1782.1071,0.0,0,0.0,0.0
2515.0,C,RUNNING,2511.52,3,4,0,3,0.0,5.0,99.7,1781.1071,0.0,0,0.0,0.0
2516.0,C,RUNNING,2512.52,3,4,0,3,0.0,5.0,99.7,1780.1071,0.0,0,0.0,0.0
2517.0,C,RUNNING,2513.52,3,4,0,3,0.0,5.0,99.7,1779.1071,0.0,0,0.0,0.0
2518.0,C,RUNNING,2514.52,3,4,0,3,0.0,5.0,99.7,1778.1071,0.0,0,0.0,0.0
2519.0,C,RUNNING,2515.52,3,4,0,3,0.0,5.0,99.7,1777.1071,0.0,0,0.0,0.0
2520.0,C,RUNNING,2516.52,3,4,0,3,0.0,5.0,99.7,1776.1071,0.0,0,0.0,0.0
2521.0,C,RUNNING,2517.52,3,4,0,3,0.0,5.0,99.7,1775.1071,0.0,0,0.0,0.0
2522.0,C,RUNNING,2518.52,3,4,0,3,0.0,5.0,99.7,1774.1071,0.0,0,0.0,0.0
2523.0,C,RUNNING,2519.52,3,4,0,3,0.0,5.0,99.7,1773.1071,0.0,0,0.0,0.0
2524.0,C,RUNNING,2520.52,3,4,0,3,0.0,5.0,99.7,1772.1071,0.0,0,0.0,0.0
2525.0,C,RUNNING,2521.52,3,4,0,3,0.0,5.0,99.7,1771.1071,0.0,0,0.0,0.0
2526.0,C,RUNNING,2522.52,3,4,0,3,0.0,5.0,99.7,1770.1071,0.0,0,0.0,0.0
2527.0,C,RUNNING,2523.52,3,4,0,3,0.0,5.0,99.7,1769.1071,0.0,0,0.0,0.0
2528.0,C,RUNNING,2524.52,3,4,0,3,0.0,5.0,99.7,1768.1071,0.0,0,0.0,0.0
2529.0,C,RUNNING,2525.52,3,4,0,3,0.0,5.0,99.7,1767.1071,0.0,0,0.0,0.0
2530.0,C,RUNNING,2526.52,3,4,0,3,0.0,5.0,99.7,1766.1071,0.0,0,0.0,0.0
2531.0,C,RUNNING,2527.52,3,4,0,3,0.0,5.0,99.7,1765.1071,0.0,0,0.0,0.0
2532.0,C,RUNNING,2528.52,3,4,0,3,0.0,5.0,99.7,1764.1071,0.0,0,0.0,0.0
2533.0,C,RUNNING,2529.52,3,4,0,3,0.0,5.0,99.7,1763.1071,0.0,0,0.0,0.0
2534.0,C,RUNNING,2530.52,3,4,0,3,0.0,5.0,99.7,1762.1071,0.0,0,0.0,0.0
2535.0,C,RUNNING,2531.52,3,4,0,3,0.0,5.0,99.7,1761.1071,0.0,0,0.0,0.0
2536.0,C,RUNNING,2532.52,3,4,0,3,0.0,5.0,99.7,1760.1071,0.0,0,0.0,0.0
2537.0,C,RUNNING,2533.52,3,4,0,3,0.0,5.0,99.7,1759.1071,0.0,0,0.0,0.0
2538.0,C,RUNNING,2534.52,3,4,0,3,0.0,5.0,99.7,1758.1071,0.0,0,0.0,0.0
2539.0,C,RUNNING,2535.52,3,4,0,3,0.0,5.0,99.7,1757.1071,0.0,0,0.0,0.0
2540.0,C,RUNNING,2536.52,3,4,0,3,0.0,5.0,99.7,1756.1071,0.0,0,0.0,0.0
2541.0,C,RUNNING,2537.52,3,4,0,3,0.0,5.0,99.7,1755.1071,0.0,0,0.0,0.0
2542.0,C,RUNNING,2538.52,3,4,0,3,0.0,5.0,99.7,1754.1071,0.0,0,0.0,0.0
2543.0,C,RUNNING,2539.52,3,4,0,3,0.0,5.0,99.7,1753.1071,0.0,0,0.0,0.0
2544.0,C,RUNNING,2540.52,3,4,0,3,0.0,5.0,99.7,1752.1071,0.0,0,0.0,0.0
2545.0,C,RUNNING,2541.52,3,4,0,3,0.0,5.0,99.7,1751.1071,0.0,0,0.0,0.0
2546.0,C,RUNNING,2542.52,3,4,0,3,0.0,5.0,99.7,1750.1071,0.0,0,0.0,0.0
2547.0,C,RUNNING,2543.52,3,4,0,3,0.0,5.0,99.7,1749.1071,0.0,0,0.0,0.0
2548.0,C,RUNNING,2544.52,3,4,0,3,0.0,5.0,99.7,1748.1071,0.0,0,0.0,0.0
2549.0,C,RUNNING,2545.52,3,4,0,3,0.0,5.0,99.7,1747.1071,0.0,0,0.0,0.0
2550.0,C,RUNNING,2546.52,3,4,0,3,0.0,5.0,99.7,1746.1071,0.0,0,0.0,0.0
2551.0,C,RUNNING,2547.52,3,4,0,3,0.0,5.0,99.7,1745.1071,0.0,0,0.0,0.0
2552.0,C,RUNNING,2548.52,3,4,0,3,0.0,5.0,99.7,1744.1071,0.0,0,0.0,0.0
2553.0,C,RUNNING,2549.52,3,4,0,3,0.0,5.0,99.7,1743.1071,0.0,0,0.0,0.0
2554.0,C,RUNNING,2550.52,3,4,0,3,0.0,5.0,99.7,1742.1071,0.0,0,0.0,0.0
2555.0,C,RUNNING,2551.52,3,4,0,3,0.0,5.0,99.7,1741.1071,0.0,0,0.0,0.0
2556.0,C,RUNNING,2552.52,3,4,0,3,0.0,5.0,99.7,1740.1071,0.0,0,0.0,0.0
2557.0,C,RUNNING,2553.52,3,4,0,3,0.0,5.0,99.7,1739.1071,0.0,0,0.0,0.0
2558.0,C,RUNNING,2554.52,3,4,0,3,0.0,5.0,99.7,1738.1071,0.0,0,0.0,0.0
2559.0,C,RUNNING,2555.52,3,4,0,3,0.0,5.0,99.7,1737.1071,0.0,0,0.0,0.0
2560.0,C,RUNNING,2556.52,3,4,0,3,0.0,5.0,99.7,1736.1071,0.0,0,0.0,0.0
2561.0,C,RUNNING,2557.52,3,4,0,3,0.0,5.0,99.7,1735.1071,0.0,0,0.0,0.0
2562.0,C,RUNNING,2558.52,3,4,0,3,0.0,5.0,99.7,1734.1071,0.0,0,0.0,0.0
2563.0,C,RUNNING,2559.52,3,4,0,3,0.0,5.0,99.7,1733.1071,0.0,0,0.0,0.0
2564.0,C,RUNNING,2560.52,3,4,0,3,0.0,5.0,99.7,1732.1071,0.0,0,0.0,0.0
2565.0,C,RUNNING,2561.52,3,4,0,3,0.0,5.0,99.7,1731.1071,0.0,0,0.0,0.0
2566.0,C,RUNNING,2562.52,3,4,0,3,0.0,5.0,99.7,1730.1071,0.0,0,0.0,0.0
2567.0,C,RUNNING,2563.52,3,4,0,3,0.0,5.0,99.7,1729.1071,0.0,0,0.0,0.0
2568.0,C,RUNNING,2564.52,3,4,0,3,0.0,5.0,99.7,1728.1071,0.0,0,0.0,0.0
2569.0,C,RUNNING,2565.52,3,4,0,3,0.0,5.0,99.7,1727.1071,0.0,0,0.0,0.0
2570.0,C,RUNNING,2566.52,3,4,0,3,0.0,5.0,99.7,1726.1071,0.0,0,0.0,0.0
2571.0,C,RUNNING,2567.52,3,4,0,3,0.0,5.0,99.7,1725.1071,0.0,0,0.0,0.0
2572.0,C,RUNNING,2568.52,3,4,0,3,0.0,5.0,99.7,1724.1071,0.0,0,0.0,0.0
2573.0,C,RUNNING,2569.52,3,4,0,3,0.0,5.0,99.7,1723.1071,0.0,0,0.0,0.0
2574.0,C,RUNNING,2570.52,3,4,0,3,0.0,5.0,99.7,1722.1071,0.0,0,0.0,0.0
2575.0,C,RUNNING,2571.52,3,4,0,3,0.0,5.0,99.7,1721.1071,0.0,0,0.0,0.0
2576.0,C,RUNNING,2572.52,3,4,0,3,0.0,5.0,99.7,1720.1071,0.0,0,0.0,0.0
2577.0,C,RUNNING,2573.52,3,4,0,3,0.0,5.0,99.7,1719.1071,0.0,0,0.0,0.0
2578.0,C,RUNNING,2574.52,3,4,0,3,0.0,5.0,99.7,1718.1071,0.0,0,0.0,0.0
2579.0,C,RUNNING,2575.52,3,4,0,3,0.0,5.0,99.7,1717.1071,0.0,0,0.0,0.0
2580.0,C,RUNNING,2576.52,3,4,0,3,0.0,5.0,99.7,1716.1071,0.0,0,0.0,0.0
2581.0,C,RUNNING,2577.52,3,4,0,3,0.0,5.0,99.7,1715.1071,0.0,0,0.0,0.0
2582.0,C,RUNNING,2578.52,3,4,0,3,0.0,5.0,99.7,1714.1071,0.0,0,0.0,0.0
2583.0,C,RUNNING,2579.52,3,4,0,3,0.0,5.0,99.7,1713.1071,0.0,0,0.0,0.0
2584.0,C,RUNNING,2580.52,3,4,0,3,0.0,5.0,99.7,1712.1071,0.0,0,0.0,0.0
2585.0,C,RUNNING,2581.52,3,4,0,3,0.0,5.0,99.7,1711.1071,0.0,0,0.0,0.0
2586.0,C,RUNNING,2582.52,3,4,0,3,0.0,5.0,99.7,1710.1071,0.0,0,0.0,0.0
2587.0,C,RUNNING,2583.52,3,4,0,3,0.0,5.0,99.7,1709.1071,0.0,0,0.0,0.0
2588.0,C,RUNNING,2584.52,3,4,0,3,0.0,5.0,99.7,1708.1071,0.0,0,0.0,0.0
2589.0,C,RUNNING,2585.52,3,4,0,3,0.0,5.0,99.7,1707.1071,0.0,0,0.0,0.0
2590.0,C,RUNNING,2586.52,3,4,0,3,0.0,5.0,99.7,1706.1071,0.0,0,0.0,0.0
2591.0,C,RUNNING,2587.52,3,4,0,3,0.0,5.0,99.7,1705.1071,0.0,0,0.0,0.0
2592.0,C,RUNNING,2588.52,3,4,0,3,0.0,5.0,99.7,1704.1071,0.0,0,0.0,0.0
2593.0,C,RUNNING,2589.52,3,4,0,3,0.0,5.0,99.7,1703.1071,0.0,0,0.0,0.0
2594.0,C,RUNNING,2590.52,3,4,0,3,0.0,5.0,99.7,1702.1071,0.0,0,0.0,0.0
2595.0,C,RUNNING,2591.52,3,4,0,3,0.0,5.0,99.7,1701.1071,0.0,0,0.0,0.0
2596.0,C,RUNNING,2592.52,3,4,0,3,0.0,5.0,99.7,1700.1071,0.0,0,0.0,0.0
2597.0,C,RUNNING,2593.52,3,4,0,3,0.0,5.0,99.7,1699.1071,0.0,0,0.0,0.0
2598.0,C,RUNNING,2594.52,3,4,0,3,0.0,5.0,99.7,1698.1071,0.0,0,0.0,0.0
2599.0,C,RUNNING,2595.52,3,4,0,3,0.0,5.0,99.7,1697.1071,0.0,0,0.0,0.0
2600.0,C,RUNNING,2596.52,3,4,0,3,0.0,5.0,99.7,1696.1071,0.0,0,0.0,0.0
2601.0,C,RUNNING,2597.52,3,4,0,3,0.0,5.0,99.7,1695.1071,0.0,0,0.0,0.0
2602.0,C,RUNNING,2598.52,3,4,0,3,0.0,5.0,99.7,1694.1071,0.0,0,0.0,0.0
2603.0,C,RUNNING,2599.52,3,4,0,3,0.0,5.0,99.7,1693.1071,0.0,0,0.0,0.0
2604.0,C,RUNNING,2600.52,3,4,0,3,0.0,5.0,99.7,1692.1071,0.0,0,0.0,0.0
2605.0,C,RUNNING,2601.52,3,4,0,3,0.0,5.0,99.7,1691.1071,0.0,0,0.0,0.0
2606.0,C,RUNNING,2602.52,3,4,0,3,0.0,5.0,99.7,1690.1071,0.0,0,0.0,0.0
2607.0,C,RUNNING,2603.52,3,4,0,3,0.0,5.0,99.7,1689.1071,0.0,0,0.0,0.0
2608.0,C,RUNNING,2604.52,3,4,0,3,0.0,5.0,99.7,1688.1071,0.0,0,0.0,0.0
2609.0,C,RUNNING,2605.52,3,4,0,3,0.0,5.0,99.7,1687.1071,0.0,0,0.0,0.0
2610.0,C,RUNNING,2606.52,3,4,0,3,0.0,5.0,99.7,1686.1071,0.0,0,0.0,0.0
2611.0,C,RUNNING,2607.52,3,4,0,3,0.0,5.0,99.7,1685.1071,0.0,0,0.0,0.0
2612.0,C,RUNNING,2608.52,3,4,0,3,0.0,5.0,99.7,1684.1071,0.0,0,0.0,0.0
2613.0,C,RUNNING,2609.52,3,4,0,3,0.0,5.0,99.7,1683.1071,0.0,0,0.0,0.0
2614.0,C,RUNNING,2610.52,3,4,0,3,0.0,5.0,99.7,1682.1071,0.0,0,0.0,0.0
2615.0,C,RUNNING,2611.52,3,4,0,3,0.0,5.0,99.7,1681.1071,0.0,0,0.0,0.0
2616.0,C,RUNNING,2612.52,3,4,0,3,0.0,5.0,99.7,1680.1071,0.0,0,0.0,0.0
2617.0,C,RUNNING,2613.52,3,4,0,3,0.0,5.0,99.7,1679.1071,0.0,0,0.0,0.0
2618.0,C,RUNNING,2614.52,3,4,0,3,0.0,5.0,99.7,1678.1071,0.0,0,0.0,0.0
2619.0,C,RUNNING,2615.52,3,4,0,3,0.0,5.0,99.7,1677.1071,0.0,0,0.0,0.0
2620.0,C,RUNNING,2616.52,3,4,0,3,0.0,5.0,99.7,1676.1071,0.0,0,0.0,0.0
2621.0,C,RUNNING,2617.52,3,4,0,3,0.0,5.0,99.7,1675.1071,0.0,0,0.0,0.0
2622.0,C,RUNNING,2618.52,3,4,0,3,0.0,5.0,99.7,1674.1071,0.0,0,0.0,0.0
2623.0,C,RUNNING,2619.52,3,4,0,3,0.0,5.0,99.7,1673.1071,0.0,0,0.0,0.0
2624.0,C,RUNNING,2620.52,3,4,0,3,0.0,5.0,99.7,1672.1071,0.0,0,0.0,0.0
2625.0,C,RUNNING,2621.52,3,4,0,3,0.0,5.0,99.7,1671.1071,0.0,0,0.0,0.0
2626.0,C,RUNNING,2622.52,3,4,0,3,0.0,5.0,99.7,1670.1071,0.0,0,0.0,0.0
2627.0,C,RUNNING,2623.52,3,4,0,3,0.0,5.0,99.7,1669.1071,0.0,0,0.0,0.0
2628.0,C,RUNNING,2624.52,3,4,0,3,0.0,5.0,99.7,1668.1071,0.0,0,0.0,0.0
2629.0,C,RUNNING,2625.52,3,4,0,3,0.0,5.0,99.7,1667.1071,0.0,0,0.0,0.0
2630.0,C,RUNNING,2626.52,3,4,0,3,0.0,5.0,99.7,1666.1071,0.0,0,0.0,0.0
2631.0,C,RUNNING,2627.52,3,4,0,3,0.0,5.0,99.7,1665.1071,0.0,0,0.0,0.0
2632.0,C,RUNNING,2628.52,3,4,0,3,0.0,5.0,99.7,1664.1071,0.0,0,0.0,0.0
2633.0,C,RUNNING,2629.52,3,4,0,3,0.0,5.0,99.7,1663.1071,0.0,0,0.0,0.0
2634.0,C,RUNNING,2630.52,3,4,0,3,0.0,5.0,99.7,1662.1071,0.0,0,0.0,0.0
2635.0,C,RUNNING,2631.52,3,4,0,3,0.0,5.0,99.7,1661.1071,0.0,0,0.0,0.0
2636.0,C,RUNNING,2632.52,3,4,0,3,0.0,5.0,99.7,1660.1071,0.0,0,0.0,0.0
2637.0,C,RUNNING,2633.52,3,4,0,3,0.0,5.0,99.7,1659.1071,0.0,0,0.0,0.0
2638.0,C,RUNNING,2634.52,3,4,0,3,0.0,5.0,99.7,1658.1071,0.0,0,0.0,0.0
2639.0,C,RUNNING,2635.52,3,4,0,3,0.0,5.0,99.7,1657.1071,0.0,0,0.0,0.0
2640.0,C,RUNNING,2636.52,3,4,0,3,0.0,5.0,99.7,1656.1071,0.0,0,0.0,0.0
2641.0,C,RUNNING,2637.52,3,4,0,3,0.0,5.0,99.7,1655.1071,0.0,0,0.0,0.0
2642.0,C,RUNNING,2638.52,3,4,0,3,0.0,5.0,99.7,1654.1071,0.0,0,0.0,0.0
2643.0,C,RUNNING,2639.52,3,4,0,3,0.0,5.0,99.7,1653.1071,0.0,0,0.0,0.0
2644.0,C,RUNNING,2640.52,3,4,0,3,0.0,5.0,99.7,1652.1071,0.0,0,0.0,0.0
2645.0,C,RUNNING,2641.52,3,4,0,3,0.0,5.0,99.7,1651.1071,0.0,0,0.0,0.0
2646.0,C,RUNNING,2642.52,3,4,0,3,0.0,5.0,99.7,1650.1071,0.0,0,0.0,0.0
2647.0,C,RUNNING,2643.52,3,4,0,3,0.0,5.0,99.7,1649.1071,0.0,0,0.0,0.0
2648.0,C,RUNNING,2644.52,3,4,0,3,0.0,5.0,99.7,1648.1071,0.0,0,0.0,0.0
2649.0,C,RUNNING,2645.52,3,4,0,3,0.0,5.0,99.7,1647.1071,0.0,0,0.0,0.0
2650.0,C,RUNNING,2646.52,3,4,0,3,0.0,5.0,99.7,1646.1071,0.0,0,0.0,0.0
2651.0,C,RUNNING,2647.52,3,4,0,3,0.0,5.0,99.7,1645.1071,0.0,0,0.0,0.0
2652.0,C,RUNNING,2648.52,3,4,0,3,0.0,5.0,99.7,1644.1071,0.0,0,0.0,0.0
2653.0,C,RUNNING,2649.52,3,4,0,3,0.0,5.0,99.7,1643.1071,0.0,0,0.0,0.0
2654.0,C,RUNNING,2650.52,3,4,0,3,0.0,5.0,99.7,1642.1071,0.0,0,0.0,0.0
2655.0,C,RUNNING,2651.52,3,4,0,3,0.0,5.0,99.7,1641.1071,0.0,0,0.0,0.0
2656.0,C,RUNNING,2652.52,3,4,0,3,0.0,5.0,99.7,1640.1071,0.0,0,0.0,0.0
2657.0,C,RUNNING,2653.52,3,4,0,3,0.0,5.0,99.7,1639.1071,0.0,0,0.0,0.0
2658.0,C,RUNNING,2654.52,3,4,0,3,0.0,5.0,99.7,1638.1071,0.0,0,0.0,0.0
2659.0,C,RUNNING,2655.52,3,4,0,3,0.0,5.0,99.7,1637.1071,0.0,0,0.0,0.0
2660.0,C,RUNNING,2656.52,3,4,0,3,0.0,5.0,99.7,1636.1071,0.0,0,0.0,0.0
2661.0,C,RUNNING,2657.52,3,4,0,3,0.0,5.0,99.7,1635.1071,0.0,0,0.0,0.0
2662.0,C,RUNNING,2658.52,3,4,0,3,0.0,5.0,99.7,1634.1071,0.0,0,0.0,0.0
2663.0,C,RUNNING,2659.52,3,4,0,3,0.0,5.0,99.7,1633.1071,0.0,0,0.0,0.0
2664.0,C,RUNNING,2660.52,3,4,0,3,0.0,5.0,99.7,1632.1071,0.0,0,0.0,0.0
2665.0,C,RUNNING,2661.52,3,4,0,3,0.0,5.0,99.7,1631.1071,0.0,0,0.0,0.0
2666.0,C,RUNNING,2662.52,3,4,0,3,0.0,5.0,99.7,1630.1071,0.0,0,0.0,0.0
2667.0,C,RUNNING,2663.52,3,4,0,3,0.0,5.0,99.7,1629.1071,0.0,0,0.0,0.0
2668.0,C,RUNNING,2664.52,3,4,0,3,0.0,5.0,99.7,1628.1071,0.0,0,0.0,0.0
2669.0,C,RUNNING,2665.52,3,4,0,3,0.0,5.0,99.7,1627.1071,0.0,0,0.0,0.0
2670.0,C,RUNNING,2666.52,3,4,0,3,0.0,5.0,99.7,1626.1071,0.0,0,0.0,0.0
2671.0,C,RUNNING,2667.52,3,4,0,3,0.0,5.0,99.7,1625.1071,0.0,0,0.0,0.0
2672.0,C,RUNNING,2668.52,3,4,0,3,0.0,5.0,99.7,1624.1071,0.0,0,0.0,0.0
2673.0,C,RUNNING,2669.52,3,4,0,3,0.0,5.0,99.7,1623.1071,0.0,0,0.0,0.0
2674.0,C,RUNNING,2670.52,3,4,0,3,0.0,5.0,99.7,1622.1071,0.0,0,0.0,0.0
2675.0,C,RUNNING,2671.52,3,4,0,3,0.0,5.0,99.7,1621.1071,0.0,0,0.0,0.0
2676.0,C,RUNNING,2672.52,3,4,0,3,0.0,5.0,99.7,1620.1071,0.0,0,0.0,0.0
2677.0,C,RUNNING,2673.52,3,4,0,3,0.0,5.0,99.7,1619.1071,0.0,0,0.0,0.0
2678.0,C,RUNNING,2674.52,3,4,0,3,0.0,5.0,99.7,1618.1071,0.0,0,0.0,0.0
2679.0,C,RUNNING,2675.52,3,4,0,3,0.0,5.0,99.7,1617.1071,0.0,0,0.0,0.0
2680.0,C,RUNNING,2676.52,3,4,0,3,0.0,5.0,99.7,1616.1071,0.0,0,0.0,0.0
2681.0,C,RUNNING,2677.52,3,4,0,3,0.0,5.0,99.7,1615.1071,0.0,0,0.0,0.0
2682.0,C,RUNNING,2678.52,3,4,0,3,0.0,5.0,99.7,1614.1071,0.0,0,0.0,0.0
2683.0,C,RUNNING,2679.52,3,4,0,3,0.0,5.0,99.7,1613.1071,0.0,0,0.0,0.0
2684.0,C,RUNNING,2680.52,3,4,0,3,0.0,5.0,99.7,1612.1071,0.0,0,0.0,0.0
2685.0,C,RUNNING,2681.52,3,4,0,3,0.0,5.0,99.7,1611.1071,0.0,0,0.0,0.0
2686.0,C,RUNNING,2682.52,3,4,0,3,0.0,5.0,99.7,1610.1071,0.0,0,0.0,0.0
2687.0,C,RUNNING,2683.52,3,4,0,3,0.0,5.0,99.7,1609.1071,0.0,0,0.0,0.0
2688.0,C,RUNNING,2684.52,3,4,0,3,0.0,5.0,99.7,1608.1071,0.0,0,0.0,0.0
2689.0,C,RUNNING,2685.52,3,4,0,3,0.0,5.0,99.7,1607.1071,0.0,0,0.0,0.0
2690.0,C,RUNNING,2686.52,3,4,0,3,0.0,5.0,99.7,1606.1071,0.0,0,0.0,0.0
2691.0,C,RUNNING,2687.52,3,4,0,3,0.0,5.0,99.7,1605.1071,0.0,0,0.0,0.0
2692.0,C,RUNNING,2688.52,3,4,0,3,0.0,5.0,99.7,1604.1071,0.0,0,0.0,0.0
2693.0,C,RUNNING,2689.52,3,4,0,3,0.0,5.0,99.7,1603.1071,0.0,0,0.0,0.0
2694.0,C,RUNNING,2690.52,3,4,0,3,0.0,5.0,99.7,1602.1071,0.0,0,0.0,0.0
2695.0,C,RUNNING,2691.52,3,4,0,3,0.0,5.0,99.7,1601.1071,0.0,0,0.0,0.0
2696.0,C,RUNNING,2692.52,3,4,0,3,0.0,5.0,99.7,1600.1071,0.0,0,0.0,0.0
2697.0,C,RUNNING,2693.52,3,4,0,3,0.0,5.0,99.7,1599.1071,0.0,0,0.0,0.0
2698.0,C,RUNNING,2694.52,3,4,0,3,0.0,5.0,99.7,1598.1071,0.0,0,0.0,0.0
2699.0,C,RUNNING,2695.52,3,4,0,3,0.0,5.0,99.7,1597.1071,0.0,0,0.0,0.0
2700.0,C,RUNNING,2696.52,3,4,0,3,0.0,5.0,99.7,1596.1071,0.0,0,0.0,0.0
2701.0,C,RUNNING,2697.52,3,4,0,3,0.0,5.0,99.7,1595.1071,0.0,0,0.0,0.0
2702.0,C,RUNNING,2698.52,3,4,0,3,0.0,5.0,99.7,1594.1071,0.0,0,0.0,0.0
2703.0,C,RUNNING,2699.52,3,4,0,3,0.0,5.0,99.7,1593.1071,0.0,0,0.0,0.0
2704.0,C,RUNNING,2700.52,3,4,0,3,0.0,5.0,99.7,1592.1071,0.0,0,0.0,0.0
2705.0,C,RUNNING,2701.52,3,4,0,3,0.0,5.0,99.7,1591.1071,0.0,0,0.0,0.0
2706.0,C,RUNNING,2702.52,3,4,0,3,0.0,5.0,99.7,1590.1071,0.0,0,0.0,0.0
2707.0,C,RUNNING,2703.52,3,4,0,3,0.0,5.0,99.7,1589.1071,0.0,0,0.0,0.0
2708.0,C,RUNNING,2704.52,3,4,0,3,0.0,5.0,99.7,1588.1071,0.0,0,0.0,0.0
2709.0,C,RUNNING,2705.52,3,4,0,3,0.0,5.0,99.7,1587.1071,0.0,0,0.0,0.0
2710.0,C,RUNNING,2706.52,3,4,0,3,0.0,5.0,99.7,1586.1071,0.0,0,0.0,0.0
2711.0,C,RUNNING,2707.52,3,4,0,3,0.0,5.0,99.7,1585.1071,0.0,0,0.0,0.0
2712.0,C,RUNNING,2708.52,3,4,0,3,0.0,5.0,99.7,1584.1071,0.0,0,0.0,0.0
2713.0,C,RUNNING,2709.52,3,4,0,3,0.0,5.0,99.7,1583.1071,0.0,0,0.0,0.0
2714.0,C,RUNNING,2710.52,3,4,0,3,0.0,5.0,99.7,1582.1071,0.0,0,0.0,0.0
2715.0,C,RUNNING,2711.52,3,4,0,3,0.0,5.0,99.7,1581.1071,0.0,0,0.0,0.0
2716.0,C,RUNNING,2712.52,3,4,0,3,0.0,5.0,99.7,1580.1071,0.0,0,0.0,0.0
2717.0,C,RUNNING,2713.52,3,4,0,3,0.0,5.0,99.7,1579.1071,0.0,0,0.0,0.0
2718.0,C,RUNNING,2714.52,3,4,0,3,0.0,5.0,99.7,1578.1071,0.0,0,0.0,0.0
2719.0,C,RUNNING,2715.52,3,4,0,3,0.0,5.0,99.7,1577.1071,0.0,0,0.0,0.0
2720.01,C,RUNNING,2716.528,3,4,0,3,0.0,5.0,99.7,1576.0991,0.0,0,0.0,0.0
2721.0,C,RUNNING,2717.52,3,4,0,3,0.0,5.0,99.7,1575.1071,0.0,0,0.0,0.0
2722.0,C,RUNNING,2718.52,3,4,0,3,0.0,5.0,99.7,1574.1071,0.0,0,0.0,0.0
2723.0,C,RUNNING,2719.52,3,4,0,3,0.0,5.0,99.7,1573.1071,0.0,0,0.0,0.0
2724.0,C,RUNNING,2720.52,3,4,0,3,0.0,5.0,99.7,1572.1071,0.0,0,0.0,0.0
2725.0,C,RUNNING,2721.52,3,4,0,3,0.0,5.0,99.7,1571.1071,0.0,0,0.0,0.0
2726.0,C,RUNNING,2722.52,3,4,0,3,0.0,5.0,99.7,1570.1071,0.0,0,0.0,0.0
2727.0,C,RUNNING,2723.52,3,4,0,3,0.0,5.0,99.7,1569.1071,0.0,0,0.0,0.0
2728.0,C,RUNNING,2724.52,3,4,0,3,0.0,5.0,99.7,1568.1071,0.0,0,0.0,0.0
2729.0,C,RUNNING,2725.52,3,4,0,3,0.0,5.0,99.7,1567.1071,0.0,0,0.0,0.0
2730.0,C,RUNNING,2726.52,3,4,0,3,0.0,5.0,99.7,1566.1071,0.0,0,0.0,0.0
2731.0,C,RUNNING,2727.52,3,4,0,3,0.0,5.0,99.7,1565.1071,0.0,0,0.0,0.0
2732.0,C,RUNNING,2728.52,3,4,0,3,0.0,5.0,99.7,1564.1071,0.0,0,0.0,0.0
2733.0,C,RUNNING,2729.52,3,4,0,3,0.0,5.0,99.7,1563.1071,0.0,0,0.0,0.0
2734.0,C,RUNNING,2730.52,3,4,0,3,0.0,5.0,99.7,1562.1071,0.0,0,0.0,0.0
2735.0,C,RUNNING,2731.52,3,4,0,3,0.0,5.0,99.7,1561.1071,0.0,0,0.0,0.0
2736.0,C,RUNNING,2732.52,3,4,0,3,0.0,5.0,99.7,1560.1071,0.0,0,0.0,0.0
2737.0,C,RUNNING,2733.52,3,4,0,3,0.0,5.0,99.7,1559.1071,0.0,0,0.0,0.0
2738.0,C,RUNNING,2734.52,3,4,0,3,0.0,5.0,99.7,1558.1071,0.0,0,0.0,0.0
2739.0,C,RUNNING,2735.52,3,4,0,3,0.0,5.0,99.7,1557.1071,0.0,0,0.0,0.0
2740.0,C,RUNNING,2736.52,3,4,0,3,0.0,5.0,99.7,1556.1071,0.0,0,0.0,0.0
2741.0,C,RUNNING,2737.52,3,4,0,3,0.0,5.0,99.7,1555.1071,0.0,0,0.0,0.0
2742.0,C,RUNNING,2738.52,3,4,0,3,0.0,5.0,99.7,1554.1071,0.0,0,0.0,0.0
2743.0,C,RUNNING,2739.52,3,4,0,3,0.0,5.0,99.7,1553.1071,0.0,0,0.0,0.0
2744.0,C,RUNNING,2740.52,3,4,0,3,0.0,5.0,99.7,1552.1071,0.0,0,0.0,0.0
2745.0,C,RUNNING,2741.52,3,4,0,3,0.0,5.0,99.7,1551.1071,0.0,0,0.0,0.0
2746.0,C,RUNNING,2742.52,3,4,0,3,0.0,5.0,99.7,1550.1071,0.0,0,0.0,0.0
2747.0,C,RUNNING,2743.52,3,4,0,3,0.0,5.0,99.7,1549.1071,0.0,0,0.0,0.0
2748.0,C,RUNNING,2744.52,3,4,0,3,0.0,5.0,99.7,1548.1071,0.0,0,0.0,0.0
2749.0,C,RUNNING,2745.52,3,4,0,3,0.0,5.0,99.7,1547.1071,0.0,0,0.0,0.0
2750.0,C,RUNNING,2746.52,3,4,0,3,0.0,5.0,99.7,1546.1071,0.0,0,0.0,0.0
2751.0,C,RUNNING,2747.52,3,4,0,3,0.0,5.0,99.7,1545.1071,0.0,0,0.0,0.0
2752.0,C,RUNNING,2748.52,3,4,0,3,0.0,5.0,99.7,1544.1071,0.0,0,0.0,0.0
2753.0,C,RUNNING,2749.52,3,4,0,3,0.0,5.0,99.7,1543.1071,0.0,0,0.0,0.0
2754.0,C,RUNNING,2750.52,3,4,0,3,0.0,5.0,99.7,1542.1071,0.0,0,0.0,0.0
2755.0,C,RUNNING,2751.52,3,4,0,3,0.0,5.0,99.7,1541.1071,0.0,0,0.0,0.0
2756.0,C,RUNNING,2752.52,3,4,0,3,0.0,5.0,99.7,1540.1071,0.0,0,0.0,0.0
2757.0,C,RUNNING,2753.52,3,4,0,3,0.0,5.0,99.7,1539.1071,0.0,0,0.0,0.0
2758.0,C,RUNNING,2754.52,3,4,0,3,0.0,5.0,99.7,1538.1071,0.0,0,0.0,0.0
2759.0,C,RUNNING,2755.52,3,4,0,3,0.0,5.0,99.7,1537.1071,0.0,0,0.0,0.0
2760.0,C,RUNNING,2756.52,3,4,0,3,0.0,5.0,99.7,1536.1071,0.0,0,0.0,0.0
2761.0,C,RUNNING,2757.52,3,4,0,3,0.0,5.0,99.7,1535.1071,0.0,0,0.0,0.0
2762.0,C,RUNNING,2758.52,3,4,0,3,0.0,5.0,99.7,1534.1071,0.0,0,0.0,0.0
2763.0,C,RUNNING,2759.52,3,4,0,3,0.0,5.0,99.7,1533.1071,0.0,0,0.0,0.0
2764.0,C,RUNNING,2760.52,3,4,0,3,0.0,5.0,99.7,1532.1071,0.0,0,0.0,0.0
2765.0,C,RUNNING,2761.52,3,4,0,3,0.0,5.0,99.7,1531.1071,0.0,0,0.0,0.0
2766.0,C,RUNNING,2762.52,3,4,0,3,0.0,5.0,99.7,1530.1071,0.0,0,0.0,0.0
2767.0,C,RUNNING,2763.52,3,4,0,3,0.0,5.0,99.7,1529.1071,0.0,0,0.0,0.0
2768.0,C,RUNNING,2764.52,3,4,0,3,0.0,5.0,99.7,1528.1071,0.0,0,0.0,0.0
2769.0,C,RUNNING,2765.52,3,4,0,3,0.0,5.0,99.7,1527.1071,0.0,0,0.0,0.0
2770.0,C,RUNNING,2766.52,3,4,0,3,0.0,5.0,99.7,1526.1071,0.0,0,0.0,0.0
2771.0,C,RUNNING,2767.52,3,4,0,3,0.0,5.0,99.7,1525.1071,0.0,0,0.0,0.0
2772.0,C,RUNNING,2768.52,3,4,0,3,0.0,5.0,99.7,1524.1071,0.0,0,0.0,0.0
2773.0,C,RUNNING,2769.52,3,4,0,3,0.0,5.0,99.7,1523.1071,0.0,0,0.0,0.0
2774.0,C,RUNNING,2770.52,3,4,0,3,0.0,5.0,99.7,1522.1071,0.0,0,0.0,0.0
2775.0,C,RUNNING,2771.52,3,4,0,3,0.0,5.0,99.7,1521.1071,0.0,0,0.0,0.0
2776.0,C,RUNNING,2772.52,3,4,0,3,0.0,5.0,99.7,1520.1071,0.0,0,0.0,0.0
2777.0,C,RUNNING,2773.52,3,4,0,3,0.0,5.0,99.7,1519.1071,0.0,0,0.0,0.0
2778.0,C,RUNNING,2774.52,3,4,0,3,0.0,5.0,99.7,1518.1071,0.0,0,0.0,0.0
2779.0,C,RUNNING,2775.52,3,4,0,3,0.0,5.0,99.7,1517.1071,0.0,0,0.0,0.0
2780.0,C,RUNNING,2776.52,3,4,0,3,0.0,5.0,99.7,1516.1071,0.0,0,0.0,0.0
2781.0,C,RUNNING,2777.52,3,4,0,3,0.0,5.0,99.7,1515.1071,0.0,0,0.0,0.0
2782.0,C,RUNNING,2778.52,3,4,0,3,0.0,5.0,99.7,1514.1071,0.0,0,0.0,0.0
2783.0,C,RUNNING,2779.52,3,4,0,3,0.0,5.0,99.7,1513.1071,0.0,0,0.0,0.0
2784.0,C,RUNNING,2780.52,3,4,0,3,0.0,5.0,99.7,1512.1071,0.0,0,0.0,0.0
2785.0,C,RUNNING,2781.52,3,4,0,3,0.0,5.0,99.7,1511.1071,0.0,0,0.0,0.0
2786.0,C,RUNNING,2782.52,3,4,0,3,0.0,5.0,99.7,1510.1071,0.0,0,0.0,0.0
2787.0,C,RUNNING,2783.52,3,4,0,3,0.0,5.0,99.7,1509.1071,0.0,0,0.0,0.0
2788.0,C,RUNNING,2784.52,3,4,0,3,0.0,5.0,99.7,1508.1071,0.0,0,0.0,0.0
2789.0,C,RUNNING,2785.52,3,4,0,3,0.0,5.0,99.7,1507.1071,0.0,0,0.0,0.0
2790.0,C,RUNNING,2786.52,3,4,0,3,0.0,5.0,99.7,1506.1071,0.0,0,0.0,0.0
2791.0,C,RUNNING,2787.52,3,4,0,3,0.0,5.0,99.7,1505.1071,0.0,0,0.0,0.0
2792.0,C,RUNNING,2788.52,3,4,0,3,0.0,5.0,99.7,1504.1071,0.0,0,0.0,0.0
2793.0,C,RUNNING,2789.52,3,4,0,3,0.0,5.0,99.7,1503.1071,0.0,0,0.0,0.0
2794.0,C,RUNNING,2790.52,3,4,0,3,0.0,5.0,99.7,1502.1071,0.0,0,0.0,0.0
2795.0,C,RUNNING,2791.52,3,4,0,3,0.0,5.0,99.7,1501.1071,0.0,0,0.0,0.0
2796.0,C,RUNNING,2792.52,3,4,0,3,0.0,5.0,99.7,1500.1071,0.0,0,0.0,0.0
2797.0,C,RUNNING,2793.52,3,4,0,3,0.0,5.0,99.7,1499.1071,0.0,0,0.0,0.0
2798.0,C,RUNNING,2794.52,3,4,0,3,0.0,5.0,99.7,1498.1071,0.0,0,0.0,0.0
2799.0,C,RUNNING,2795.52,3,4,0,3,0.0,5.0,99.7,1497.1071,0.0,0,0.0,0.0
2800.0,C,RUNNING,2796.52,3,4,0,3,0.0,5.0,99.7,1496.1071,0.0,0,0.0,0.0
2801.0,C,RUNNING,2797.52,3,4,0,3,0.0,5.0,99.7,1495.1071,0.0,0,0.0,0.0
2802.0,C,RUNNING,2798.52,3,4,0,3,0.0,5.0,99.7,1494.1071,0.0,0,0.0,0.0
2803.0,C,RUNNING,2799.52,3,4,0,3,0.0,5.0,99.7,1493.1071,0.0,0,0.0,0.0
2804.0,C,RUNNING,2800.52,3,4,0,3,0.0,5.0,99.7,1492.1071,0.0,0,0.0,0.0
2805.0,C,RUNNING,2801.52,3,4,0,3,0.0,5.0,99.7,1491.1071,0.0,0,0.0,0.0
2806.0,C,RUNNING,2802.52,3,4,0,3,0.0,5.0,99.7,1490.1071,0.0,0,0.0,0.0
2807.0,C,RUNNING,2803.52,3,4,0,3,0.0,5.0,99.7,1489.1071,0.0,0,0.0,0.0
2808.0,C,RUNNING,2804.52,3,4,0,3,0.0,5.0,99.7,1488.1071,0.0,0,0.0,0.0
2809.0,C,RUNNING,2805.52,3,4,0,3,0.0,5.0,99.7,1487.1071,0.0,0,0.0,0.0
2810.0,C,RUNNING,2806.52,3,4,0,3,0.0,5.0,99.7,1486.1071,0.0,0,0.0,0.0
2811.0,C,RUNNING,2807.52,3,4,0,3,0.0,5.0,99.7,1485.1071,0.0,0,0.0,0.0
2812.0,C,RUNNING,2808.52,3,4,0,3,0.0,5.0,99.7,1484.1071,0.0,0,0.0,0.0
2813.0,C,RUNNING,2809.52,3,4,0,3,0.0,5.0,99.7,1483.1071,0.0,0,0.0,0.0
2814.0,C,RUNNING,2810.52,3,4,0,3,0.0,5.0,99.7,1482.1071,0.0,0,0.0,0.0
2815.0,C,RUNNING,2811.52,3,4,0,3,0.0,5.0,99.7,1481.1071,0.0,0,0.0,0.0
2816.0,C,RUNNING,2812.52,3,4,0,3,0.0,5.0,99.7,1480.1071,0.0,0,0.0,0.0
2817.0,C,RUNNING,2813.52,3,4,0,3,0.0,5.0,99.7,1479.1071,0.0,0,0.0,0.0
2818.0,C,RUNNING,2814.52,3,4,0,3,0.0,5.0,99.7,1478.1071,0.0,0,0.0,0.0
2819.0,C,RUNNING,2815.52,3,4,0,3,0.0,5.0,99.7,1477.1071,0.0,0,0.0,0.0
2820.0,C,RUNNING,2816.52,3,4,0,3,0.0,5.0,99.7,1476.1071,0.0,0,0.0,0.0
2821.0,C,RUNNING,2817.52,3,4,0,3,0.0,5.0,99.7,1475.1071,0.0,0,0.0,0.0
2822.0,C,RUNNING,2818.52,3,4,0,3,0.0,5.0,99.7,1474.1071,0.0,0,0.0,0.0
2823.0,C,RUNNING,2819.52,3,4,0,3,0.0,5.0,99.7,1473.1071,0.0,0,0.0,0.0
2824.0,C,RUNNING,2820.52,3,4,0,3,0.0,5.0,99.7,1472.1071,0.0,0,0.0,0.0
2825.0,C,RUNNING,2821.52,3,4,0,3,0.0,5.0,99.7,1471.1071,0.0,0,0.0,0.0
2826.0,C,RUNNING,2822.52,3,4,0,3,0.0,5.0,99.7,1470.1071,0.0,0,0.0,0.0
2827.0,C,RUNNING,2823.52,3,4,0,3,0.0,5.0,99.7,1469.1071,0.0,0,0.0,0.0
2828.0,C,RUNNING,2824.52,3,4,0,3,0.0,5.0,99.7,1468.1071,0.0,0,0.0,0.0
2829.0,C,RUNNING,2825.52,3,4,0,3,0.0,5.0,99.7,1467.1071,0.0,0,0.0,0.0
2830.0,C,RUNNING,2826.52,3,4,0,3,0.0,5.0,99.7,1466.1071,0.0,0,0.0,0.0
2831.0,C,RUNNING,2827.52,3,4,0,3,0.0,5.0,99.7,1465.1071,0.0,0,0.0,0.0
2832.0,C,RUNNING,2828.52,3,4,0,3,0.0,5.0,99.7,1464.1071,0.0,0,0.0,0.0
2833.0,C,RUNNING,2829.52,3,4,0,3,0.0,5.0,99.7,1463.1071,0.0,0,0.0,0.0
2834.0,C,RUNNING,2830.52,3,4,0,3,0.0,5.0,99.7,1462.1071,0.0,0,0.0,0.0
2835.0,C,RUNNING,2831.52,3,4,0,3,0.0,5.0,99.7,1461.1071,0.0,0,0.0,0.0
2836.0,C,RUNNING,2832.52,3,4,0,3,0.0,5.0,99.7,1460.1071,0.0,0,0.0,0.0
2837.0,C,RUNNING,2833.52,3,4,0,3,0.0,5.0,99.7,1459.1071,0.0,0,0.0,0.0
2838.0,C,RUNNING,2834.52,3,4,0,3,0.0,5.0,99.7,1458.1071,0.0,0,0.0,0.0
2839.0,C,RUNNING,2835.52,3,4,0,3,0.0,5.0,99.7,1457.1071,0.0,0,0.0,0.0
2840.0,C,RUNNING,2836.52,3,4,0,3,0.0,5.0,99.7,1456.1071,0.0,0,0.0,0.0
2841.0,C,RUNNING,2837.52,3,4,0,3,0.0,5.0,99.7,1455.1071,0.0,0,0.0,0.0
2842.0,C,RUNNING,2838.52,3,4,0,3,0.0,5.0,99.7,1454.1071,0.0,0,0.0,0.0
2843.0,C,RUNNING,2839.52,3,4,0,3,0.0,5.0,99.7,1453.1071,0.0,0,0.0,0.0
2844.0,C,RUNNING,2840.52,3,4,0,3,0.0,5.0,99.7,1452.1071,0.0,0,0.0,0.0
2845.0,C,RUNNING,2841.52,3,4,0,3,0.0,5.0,99.7,1451.1071,0.0,0,0.0,0.0
2846.0,C,RUNNING,2842.52,3,4,0,3,0.0,5.0,99.7,1450.1071,0.0,0,0.0,0.0
2847.0,C,RUNNING,2843.52,3,4,0,3,0.0,5.0,99.7,1449.1071,0.0,0,0.0,0.0
2848.0,C,RUNNING,2844.52,3,4,0,3,0.0,5.0,99.7,1448.1071,0.0,0,0.0,0.0
2849.0,C,RUNNING,2845.52,3,4,0,3,0.0,5.0,99.7,1447.1071,0.0,0,0.0,0.0
2850.0,C,RUNNING,2846.52,3,4,0,3,0.0,5.0,99.7,1446.1071,0.0,0,0.0,0.0
2851.0,C,RUNNING,2847.52,3,4,0,3,0.0,5.0,99.7,1445.1071,0.0,0,0.0,0.0
2852.0,C,RUNNING,2848.52,3,4,0,3,0.0,5.0,99.7,1444.1071,0.0,0,0.0,0.0
2853.0,C,RUNNING,2849.52,3,4,0,3,0.0,5.0,99.7,1443.1071,0.0,0,0.0,0.0
2854.0,C,RUNNING,2850.52,3,4,0,3,0.0,5.0,99.7,1442.1071,0.0,0,0.0,0.0
2855.0,C,RUNNING,2851.52,3,4,0,3,0.0,5.0,99.7,1441.1071,0.0,0,0.0,0.0
2856.0,C,RUNNING,2852.52,3,4,0,3,0.0,5.0,99.7,1440.1071,0.0,0,0.0,0.0
2857.0,C,RUNNING,2853.52,4,4,1,3,0.3333,5.0,99.6,1217.0958,0.0,0,0.0,0.0
2858.0,C,RUNNING,2854.52,4,4,1,3,0.3333,5.0,99.6,1216.0958,0.0,0,0.0,0.0
2859.0,C,RUNNING,2855.52,4,4,1,3,0.3333,5.0,99.6,1215.0958,0.0,0,0.0,0.0
2860.0,C,RUNNING,2856.52,4,4,1,3,0.3333,5.0,99.6,1214.0958,0.0,0,0.0,0.0
2861.0,C,RUNNING,2857.52,4,4,1,3,0.3333,5.0,99.6,1213.0958,0.0,0,0.0,0.0
2862.0,C,RUNNING,2858.52,4,4,1,3,0.3333,5.0,99.6,1212.0958,0.0,0,0.0,0.0
2863.0,C,RUNNING,2859.52,4,4,1,3,0.3333,5.0,99.6,1211.0958,0.0,0,0.0,0.0
2864.0,C,RUNNING,2860.52,4,4,1,3,0.3333,5.0,99.6,1210.0958,0.0,0,0.0,0.0
2865.0,C,RUNNING,2861.524,4,4,1,3,0.3333,5.0,99.6,1209.0918,0.0,0,0.0,0.0
2866.0,C,RUNNING,2862.52,4,4,1,3,0.3333,5.0,99.6,1208.0958,0.0,0,0.0,0.0
2867.0,C,RUNNING,2863.52,4,4,1,3,0.3333,5.0,99.6,1207.0958,0.0,0,0.0,0.0
2868.0,C,RUNNING,2864.52,4,4,1,3,0.3333,5.0,99.6,1206.0958,0.0,0,0.0,0.0
2869.0,C,RUNNING,2865.52,4,4,1,3,0.3333,5.0,99.6,1205.0958,0.0,0,0.0,0.0
2870.0,C,RUNNING,2866.52,4,4,1,3,0.3333,5.0,99.6,1204.0958,0.0,0,0.0,0.0
2871.0,C,RUNNING,2867.52,4,4,1,3,0.3333,5.0,99.6,1203.0958,0.0,0,0.0,0.0
2872.0,C,RUNNING,2868.52,4,4,1,3,0.3333,5.0,99.6,1202.0958,0.0,0,0.0,0.0
2873.0,C,RUNNING,2869.52,4,4,1,3,0.3333,5.0,99.6,1201.0958,0.0,0,0.0,0.0
2874.0,C,RUNNING,2870.52,4,4,1,3,0.3333,5.0,99.6,1200.0958,0.0,0,0.0,0.0
2875.0,C,RUNNING,2871.52,4,4,1,3,0.3333,5.0,99.6,1199.0958,0.0,0,0.0,0.0
2876.0,C,RUNNING,2872.52,4,4,1,3,0.3333,5.0,99.6,1198.0958,0.0,0,0.0,0.0
2877.0,C,RUNNING,2873.52,4,4,1,3,0.3333,5.0,99.6,1197.0958,0.0,0,0.0,0.0
2878.0,C,RUNNING,2874.52,4,4,1,3,0.3333,5.0,99.6,1196.0958,0.0,0,0.0,0.0
2879.0,C,RUNNING,2875.52,4,4,1,3,0.3333,5.0,99.6,1195.0958,0.0,0,0.0,0.0
2880.0,C,RUNNING,2876.52,4,4,1,3,0.3333,5.0,99.6,1194.0958,0.0,0,0.0,0.0
2881.0,C,RUNNING,2877.52,4,4,1,3,0.3333,5.0,99.6,1193.0958,0.0,0,0.0,0.0
2882.0,C,RUNNING,2878.52,4,4,1,3,0.3333,5.0,99.6,1192.0958,0.0,0,0.0,0.0
2883.0,C,RUNNING,2879.52,4,4,1,3,0.3333,5.0,99.6,1191.0958,0.0,0,0.0,0.0
2884.0,C,RUNNING,2880.52,4,4,1,3,0.3333,5.0,99.6,1190.0958,0.0,0,0.0,0.0
2885.0,C,RUNNING,2881.52,4,4,1,3,0.3333,5.0,99.6,1189.0958,0.0,0,0.0,0.0
2886.0,C,RUNNING,2882.52,4,4,1,3,0.3333,5.0,99.6,1188.0958,0.0,0,0.0,0.0
2887.0,C,RUNNING,2883.52,4,4,1,3,0.3333,5.0,99.6,1187.0958,0.0,0,0.0,0.0
2888.0,C,RUNNING,2884.52,4,4,1,3,0.3333,5.0,99.6,1186.0958,0.0,0,0.0,0.0
2889.0,C,RUNNING,2885.52,4,4,1,3,0.3333,5.0,99.6,1185.0958,0.0,0,0.0,0.0
2890.0,C,RUNNING,2886.52,4,4,1,3,0.3333,5.0,99.6,1184.0958,0.0,0,0.0,0.0
2891.0,C,RUNNING,2887.52,4,4,1,3,0.3333,5.0,99.6,1183.0958,0.0,0,0.0,0.0
2892.0,C,RUNNING,2888.52,4,4,1,3,0.3333,5.0,99.6,1182.0958,0.0,0,0.0,0.0
2893.0,C,RUNNING,2889.52,4,4,1,3,0.3333,5.0,99.6,1181.0958,0.0,0,0.0,0.0
2894.0,C,RUNNING,2890.52,4,4,1,3,0.3333,5.0,99.6,1180.0958,0.0,0,0.0,0.0
2895.0,C,RUNNING,2891.52,4,4,1,3,0.3333,5.0,99.6,1179.0958,0.0,0,0.0,0.0
2896.0,C,RUNNING,2892.52,4,4,1,3,0.3333,5.0,99.6,1178.0958,0.0,0,0.0,0.0
2897.0,C,RUNNING,2893.52,4,4,1,3,0.3333,5.0,99.6,1177.0958,0.0,0,0.0,0.0
2898.0,C,RUNNING,2894.52,4,4,1,3,0.3333,5.0,99.6,1176.0958,0.0,0,0.0,0.0
2899.0,C,RUNNING,2895.52,4,4,1,3,0.3333,5.0,99.6,1175.0958,0.0,0,0.0,0.0
2900.0,C,RUNNING,2896.52,4,4,1,3,0.3333,5.0,99.6,1174.0958,0.0,0,0.0,0.0
2901.0,C,RUNNING,2897.52,4,4,1,3,0.3333,5.0,99.6,1173.0958,0.0,0,0.0,0.0
2902.0,C,RUNNING,2898.52,4,4,1,3,0.3333,5.0,99.6,1172.0958,0.0,0,0.0,0.0
2903.0,C,RUNNING,2899.52,4,4,1,3,0.3333,5.0,99.6,1171.0958,0.0,0,0.0,0.0
2904.0,C,RUNNING,2900.52,4,4,1,3,0.3333,5.0,99.6,1170.0958,0.0,0,0.0,0.0
2905.0,C,RUNNING,2901.52,4,4,1,3,0.3333,5.0,99.6,1169.0958,0.0,0,0.0,0.0
2906.0,C,RUNNING,2902.52,4,4,1,3,0.3333,5.0,99.6,1168.0958,0.0,0,0.0,0.0
2907.0,C,RUNNING,2903.52,4,4,1,3,0.3333,5.0,99.6,1167.0958,0.0,0,0.0,0.0
2908.0,C,RUNNING,2904.52,4,4,1,3,0.3333,5.0,99.6,1166.0958,0.0,0,0.0,0.0
2909.0,C,RUNNING,2905.52,4,4,1,3,0.3333,5.0,99.6,1165.0958,0.0,0,0.0,0.0
2910.0,C,RUNNING,2906.52,4,4,1,3,0.3333,5.0,99.6,1164.0958,0.0,0,0.0,0.0
2911.0,C,RUNNING,2907.52,4,4,1,3,0.3333,5.0,99.6,1163.0958,0.0,0,0.0,0.0
2912.0,C,RUNNING,2908.52,4,4,1,3,0.3333,5.0,99.6,1162.0958,0.0,0,0.0,0.0
2913.0,C,RUNNING,2909.52,4,4,1,3,0.3333,5.0,99.6,1161.0958,0.0,0,0.0,0.0
2914.0,C,RUNNING,2910.52,4,4,1,3,0.3333,5.0,99.6,1160.0958,0.0,0,0.0,0.0
2915.0,C,RUNNING,2911.52,4,4,1,3,0.3333,5.0,99.6,1159.0958,0.0,0,0.0,0.0
2916.0,C,RUNNING,2912.52,4,4,1,3,0.3333,5.0,99.6,1158.0958,0.0,0,0.0,0.0
2917.0,C,RUNNING,2913.52,4,4,1,3,0.3333,5.0,99.6,1157.0958,0.0,0,0.0,0.0
2918.0,C,RUNNING,2914.52,4,4,1,3,0.3333,5.0,99.6,1156.0958,0.0,0,0.0,0.0
2919.0,C,RUNNING,2915.52,4,4,1,3,0.3333,5.0,99.6,1155.0958,0.0,0,0.0,0.0
2920.0,C,RUNNING,2916.52,4,4,1,3,0.3333,5.0,99.6,1154.0958,0.0,0,0.0,0.0
2921.0,C,RUNNING,2917.52,4,4,1,3,0.3333,5.0,99.6,1153.0958,0.0,0,0.0,0.0
2922.0,C,RUNNING,2918.52,4,4,1,3,0.3333,5.0,99.6,1152.0958,0.0,0,0.0,0.0
2923.0,C,RUNNING,2919.52,4,4,1,3,0.3333,5.0,99.6,1151.0958,0.0,0,0.0,0.0
2924.0,C,RUNNING,2920.52,4,4,1,3,0.3333,5.0,99.6,1150.0958,0.0,0,0.0,0.0
2925.0,C,RUNNING,2921.52,4,4,1,3,0.3333,5.0,99.6,1149.0958,0.0,0,0.0,0.0
2926.0,C,RUNNING,2922.52,4,4,1,3,0.3333,5.0,99.6,1148.0958,0.0,0,0.0,0.0
2927.0,C,RUNNING,2923.52,4,4,1,3,0.3333,5.0,99.6,1147.0958,0.0,0,0.0,0.0
2928.0,C,RUNNING,2924.52,4,4,1,3,0.3333,5.0,99.6,1146.0958,0.0,0,0.0,0.0
2929.0,C,RUNNING,2925.52,4,4,1,3,0.3333,5.0,99.6,1145.0958,0.0,0,0.0,0.0
2930.0,C,RUNNING,2926.52,4,4,1,3,0.3333,5.0,99.6,1144.0958,0.0,0,0.0,0.0
2931.0,C,RUNNING,2927.52,4,4,1,3,0.3333,5.0,99.6,1143.0958,0.0,0,0.0,0.0
2932.0,C,RUNNING,2928.52,4,4,1,3,0.3333,5.0,99.6,1142.0958,0.0,0,0.0,0.0
2933.0,C,RUNNING,2929.52,4,4,1,3,0.3333,5.0,99.6,1141.0958,0.0,0,0.0,0.0
2934.0,C,RUNNING,2930.52,4,4,1,3,0.3333,5.0,99.6,1140.0958,0.0,0,0.0,0.0
2935.0,C,RUNNING,2931.52,4,4,1,3,0.3333,5.0,99.6,1139.0958,0.0,0,0.0,0.0
2936.0,C,RUNNING,2932.52,4,4,1,3,0.3333,5.0,99.6,1138.0958,0.0,0,0.0,0.0
2937.0,C,RUNNING,2933.52,4,4,1,3,0.3333,5.0,99.6,1137.0958,0.0,0,0.0,0.0
2938.0,C,RUNNING,2934.52,4,4,1,3,0.3333,5.0,99.6,1136.0958,0.0,0,0.0,0.0
2939.0,C,RUNNING,2935.52,4,4,1,3,0.3333,5.0,99.6,1135.0958,0.0,0,0.0,0.0
2940.0,C,RUNNING,2936.52,4,4,1,3,0.3333,5.0,99.6,1134.0958,0.0,0,0.0,0.0
2941.0,C,RUNNING,2937.52,4,5,0,3,0.0,5.0,99.6,1853.0958,0.0,0,0.0,0.0
2942.0,C,RUNNING,2938.52,4,5,0,3,0.0,5.0,99.6,1852.0958,0.0,0,0.0,0.0
2943.0,C,RUNNING,2939.52,4,5,0,3,0.0,5.0,99.6,1851.0958,0.0,0,0.0,0.0
2944.0,C,RUNNING,2940.52,4,5,0,3,0.0,5.0,99.6,1850.0958,0.0,0,0.0,0.0
2945.0,C,RUNNING,2941.52,4,5,0,3,0.0,5.0,99.6,1849.0958,0.0,0,0.0,0.0
2946.0,C,RUNNING,2942.52,4,5,0,3,0.0,5.0,99.6,1848.0958,0.0,0,0.0,0.0
2947.0,C,RUNNING,2943.52,4,5,0,3,0.0,5.0,99.6,1847.0958,0.0,0,0.0,0.0
2948.0,C,RUNNING,2944.52,4,5,0,3,0.0,5.0,99.6,1846.0958,0.0,0,0.0,0.0
2949.0,C,RUNNING,2945.52,4,5,0,3,0.0,5.0,99.6,1845.0958,0.0,0,0.0,0.0
2950.0,C,RUNNING,2946.52,4,5,0,3,0.0,5.0,99.6,1844.0958,0.0,0,0.0,0.0
2951.0,C,RUNNING,2947.52,4,5,0,3,0.0,5.0,99.6,1843.0958,0.0,0,0.0,0.0
2952.0,C,RUNNING,2948.52,4,5,0,3,0.0,5.0,99.6,1842.0958,0.0,0,0.0,0.0
2953.0,C,RUNNING,2949.52,4,5,0,3,0.0,5.0,99.6,1841.0958,0.0,0,0.0,0.0
2954.0,C,RUNNING,2950.52,4,5,0,3,0.0,5.0,99.6,1840.0958,0.0,0,0.0,0.0
2955.0,C,RUNNING,2951.52,4,5,0,3,0.0,5.0,99.6,1839.0958,0.0,0,0.0,0.0
2956.0,C,RUNNING,2952.52,4,5,0,3,0.0,5.0,99.6,1838.0958,0.0,0,0.0,0.0
2957.0,C,RUNNING,2953.52,4,5,0,3,0.0,5.0,99.6,1837.0958,0.0,0,0.0,0.0
2958.0,C,RUNNING,2954.52,4,5,0,3,0.0,5.0,99.6,1836.0958,0.0,0,0.0,0.0
2959.0,C,RUNNING,2955.52,4,5,0,3,0.0,5.0,99.6,1835.0958,0.0,0,0.0,0.0
2960.0,C,RUNNING,2956.52,4,5,0,3,0.0,5.0,99.6,1834.0958,0.0,0,0.0,0.0
2961.0,C,RUNNING,2957.52,4,5,0,3,0.0,5.0,99.6,1833.0958,0.0,0,0.0,0.0
2962.0,C,RUNNING,2958.52,4,5,0,3,0.0,5.0,99.6,1832.0958,0.0,0,0.0,0.0
2963.0,C,RUNNING,2959.52,4,5,0,3,0.0,5.0,99.6,1831.0958,0.0,0,0.0,0.0
2964.0,C,RUNNING,2960.52,4,5,0,3,0.0,5.0,99.6,1830.0958,0.0,0,0.0,0.0
2965.0,C,RUNNING,2961.52,4,5,0,3,0.0,5.0,99.6,1829.0958,0.0,0,0.0,0.0
2966.0,C,RUNNING,2962.52,4,5,0,3,0.0,5.0,99.6,1828.0958,0.0,0,0.0,0.0
2967.0,C,RUNNING,2963.52,4,5,0,3,0.0,5.0,99.6,1827.0958,0.0,0,0.0,0.0
2968.0,C,RUNNING,2964.52,4,5,0,3,0.0,5.0,99.6,1826.0958,0.0,0,0.0,0.0
2969.0,C,RUNNING,2965.52,4,5,0,3,0.0,5.0,99.6,1825.0958,0.0,0,0.0,0.0
2970.0,C,RUNNING,2966.52,4,5,0,3,0.0,5.0,99.6,1824.0958,0.0,0,0.0,0.0
2971.0,C,RUNNING,2967.52,4,5,0,3,0.0,5.0,99.6,1823.0958,0.0,0,0.0,0.0
2972.0,C,RUNNING,2968.52,4,5,0,3,0.0,5.0,99.6,1822.0958,0.0,0,0.0,0.0
2973.0,C,RUNNING,2969.52,4,5,0,3,0.0,5.0,99.6,1821.0958,0.0,0,0.0,0.0
2974.0,C,RUNNING,2970.52,4,5,0,3,0.0,5.0,99.6,1820.0958,0.0,0,0.0,0.0
2975.0,C,RUNNING,2971.52,4,5,0,3,0.0,5.0,99.6,1819.0958,0.0,0,0.0,0.0
2976.0,C,RUNNING,2972.52,4,5,0,3,0.0,5.0,99.6,1818.0958,0.0,0,0.0,0.0
2977.0,C,RUNNING,2973.52,4,5,0,3,0.0,5.0,99.6,1817.0958,0.0,0,0.0,0.0
2978.0,C,RUNNING,2974.52,4,5,0,3,0.0,5.0,99.6,1816.0958,0.0,0,0.0,0.0
2979.0,C,RUNNING,2975.52,4,5,0,3,0.0,5.0,99.6,1815.0958,0.0,0,0.0,0.0
2980.0,C,RUNNING,2976.52,4,5,0,3,0.0,5.0,99.6,1814.0958,0.0,0,0.0,0.0
2981.0,C,RUNNING,2977.52,4,5,0,3,0.0,5.0,99.6,1813.0958,0.0,0,0.0,0.0
2982.0,C,RUNNING,2978.52,4,5,0,3,0.0,5.0,99.6,1812.0958,0.0,0,0.0,0.0
2983.0,C,RUNNING,2979.52,4,5,0,3,0.0,5.0,99.6,1811.0958,0.0,0,0.0,0.0
2984.0,C,RUNNING,2980.52,4,5,0,3,0.0,5.0,99.6,1810.0958,0.0,0,0.0,0.0
2985.0,C,RUNNING,2981.52,4,5,0,3,0.0,5.0,99.6,1809.0958,0.0,0,0.0,0.0
2986.0,C,RUNNING,2982.52,4,5,0,3,0.0,5.0,99.6,1808.0958,0.0,0,0.0,0.0
2987.0,C,RUNNING,2983.52,4,5,0,3,0.0,5.0,99.6,1807.0958,0.0,0,0.0,0.0
2988.0,C,RUNNING,2984.52,4,5,0,3,0.0,5.0,99.6,1806.0958,0.0,0,0.0,0.0
2989.0,C,RUNNING,2985.52,4,5,0,3,0.0,5.0,99.6,1805.0958,0.0,0,0.0,0.0
2990.0,C,RUNNING,2986.52,4,5,0,3,0.0,5.0,99.6,1804.0958,0.0,0,0.0,0.0
2991.0,C,RUNNING,2987.52,4,5,0,3,0.0,5.0,99.6,1803.0958,0.0,0,0.0,0.0
2992.0,C,RUNNING,2988.52,4,5,0,3,0.0,5.0,99.6,1802.0958,0.0,0,0.0,0.0
2993.0,C,RUNNING,2989.52,4,5,0,3,0.0,5.0,99.6,1801.0958,0.0,0,0.0,0.0
2994.0,C,RUNNING,2990.52,4,5,0,3,0.0,5.0,99.6,1800.0958,0.0,0,0.0,0.0
2995.0,C,RUNNING,2991.52,4,5,0,3,0.0,5.0,99.6,1799.0958,0.0,0,0.0,0.0
2996.0,C,RUNNING,2992.52,4,5,0,3,0.0,5.0,99.6,1798.0958,0.0,0,0.0,0.0
2997.0,C,RUNNING,2993.52,4,5,0,3,0.0,5.0,99.6,1797.0958,0.0,0,0.0,0.0
2998.0,C,RUNNING,2994.52,4,5,0,3,0.0,5.0,99.6,1796.0958,0.0,0,0.0,0.0
2999.0,C,RUNNING,2995.52,4,5,0,3,0.0,5.0,99.6,1795.0958,0.0,0,0.0,0.0
3000.0,C,RUNNING,2996.52,4,5,0,3,0.0,5.0,99.6,1794.0958,0.0,0,0.0,0.0
3001.0,C,RUNNING,2997.52,4,5,0,3,0.0,5.0,99.6,1793.0958,0.0,0,0.0,0.0
3002.0,C,RUNNING,2998.52,4,5,0,3,0.0,5.0,99.6,1792.0958,0.0,0,0.0,0.0
3003.0,C,RUNNING,2999.52,4,5,0,3,0.0,5.0,99.6,1791.0958,0.0,0,0.0,0.0
3004.0,C,RUNNING,3000.52,4,5,0,3,0.0,5.0,99.6,1790.0958,0.0,0,0.0,0.0
3005.0,C,RUNNING,3001.52,4,5,0,3,0.0,5.0,99.6,1789.0958,0.0,0,0.0,0.0
3006.0,C,RUNNING,3002.52,4,5,0,3,0.0,5.0,99.6,1788.0958,0.0,0,0.0,0.0
3007.0,C,RUNNING,3003.52,4,5,0,3,0.0,5.0,99.6,1787.0958,0.0,0,0.0,0.0
3008.0,C,RUNNING,3004.52,4,5,0,3,0.0,5.0,99.6,1786.0958,0.0,0,0.0,0.0
3009.0,C,RUNNING,3005.52,4,5,0,3,0.0,5.0,99.6,1785.0958,0.0,0,0.0,0.0
3010.0,C,RUNNING,3006.52,4,5,0,3,0.0,5.0,99.6,1784.0958,0.0,0,0.0,0.0
3011.0,C,RUNNING,3007.52,4,5,0,3,0.0,5.0,99.6,1783.0958,0.0,0,0.0,0.0
3012.0,C,RUNNING,3008.52,4,5,0,3,0.0,5.0,99.6,1782.0958,0.0,0,0.0,0.0
3013.0,C,RUNNING,3009.52,4,5,0,3,0.0,5.0,99.6,1781.0958,0.0,0,0.0,0.0
3014.0,C,RUNNING,3010.52,4,5,0,3,0.0,5.0,99.6,1780.0958,0.0,0,0.0,0.0
3015.0,C,RUNNING,3011.52,4,5,0,3,0.0,5.0,99.6,1779.0958,0.0,0,0.0,0.0
3016.0,C,RUNNING,3012.52,4,5,0,3,0.0,5.0,99.6,1778.0958,0.0,0,0.0,0.0
3017.0,C,RUNNING,3013.52,4,5,0,3,0.0,5.0,99.6,1777.0958,0.0,0,0.0,0.0
3018.0,C,RUNNING,3014.52,4,5,0,3,0.0,5.0,99.6,1776.0958,0.0,0,0.0,0.0
3019.0,C,RUNNING,3015.52,4,5,0,3,0.0,5.0,99.6,1775.0958,0.0,0,0.0,0.0
3020.0,C,RUNNING,3016.52,4,5,0,3,0.0,5.0,99.6,1774.0958,0.0,0,0.0,0.0
3021.0,C,RUNNING,3017.52,4,5,0,3,0.0,5.0,99.6,1773.0958,0.0,0,0.0,0.0
3022.0,C,RUNNING,3018.52,4,5,0,3,0.0,5.0,99.6,1772.0958,0.0,0,0.0,0.0
3023.0,C,RUNNING,3019.52,4,5,0,3,0.0,5.0,99.6,1771.0958,0.0,0,0.0,0.0
3024.0,C,RUNNING,3020.52,4,5,0,3,0.0,5.0,99.6,1770.0958,0.0,0,0.0,0.0
3025.0,C,RUNNING,3021.52,4,5,0,3,0.0,5.0,99.6,1769.0958,0.0,0,0.0,0.0
3026.0,C,RUNNING,3022.52,4,5,0,3,0.0,5.0,99.6,1768.0958,0.0,0,0.0,0.0
3027.0,C,RUNNING,3023.52,4,5,0,3,0.0,5.0,99.6,1767.0958,0.0,0,0.0,0.0
3028.0,C,RUNNING,3024.52,4,5,0,3,0.0,5.0,99.6,1766.0958,0.0,0,0.0,0.0
3029.0,C,RUNNING,3025.52,4,5,0,3,0.0,5.0,99.6,1765.0958,0.0,0,0.0,0.0
3030.0,C,RUNNING,3026.52,4,5,0,3,0.0,5.0,99.6,1764.0958,0.0,0,0.0,0.0
3031.0,C,RUNNING,3027.52,4,5,0,3,0.0,5.0,99.6,1763.0958,0.0,0,0.0,0.0
3032.0,C,RUNNING,3028.52,4,5,0,3,0.0,5.0,99.6,1762.0958,0.0,0,0.0,0.0
3033.0,C,RUNNING,3029.52,4,5,0,3,0.0,5.0,99.6,1761.0958,0.0,0,0.0,0.0
3034.0,C,RUNNING,3030.52,4,5,0,3,0.0,5.0,99.6,1760.0958,0.0,0,0.0,0.0
3035.0,C,RUNNING,3031.52,4,5,0,3,0.0,5.0,99.6,1759.0958,0.0,0,0.0,0.0
3036.0,C,RUNNING,3032.52,4,5,0,3,0.0,5.0,99.6,1758.0958,0.0,0,0.0,0.0
3037.0,C,RUNNING,3033.52,4,5,0,3,0.0,5.0,99.6,1757.0958,0.0,0,0.0,0.0
3038.0,C,RUNNING,3034.52,4,5,0,3,0.0,5.0,99.6,1756.0958,0.0,0,0.0,0.0
3039.0,C,RUNNING,3035.52,4,5,0,3,0.0,5.0,99.6,1755.0958,0.0,0,0.0,0.0
3040.0,C,RUNNING,3036.52,4,5,0,3,0.0,5.0,99.6,1754.0958,0.0,0,0.0,0.0
3041.0,C,RUNNING,3037.52,4,5,0,3,0.0,5.0,99.6,1753.0958,0.0,0,0.0,0.0
3042.0,C,RUNNING,3038.52,4,5,0,3,0.0,5.0,99.6,1752.0958,0.0,0,0.0,0.0
3043.0,C,RUNNING,3039.52,4,5,0,3,0.0,5.0,99.6,1751.0958,0.0,0,0.0,0.0
3044.0,C,RUNNING,3040.52,4,5,0,3,0.0,5.0,99.6,1750.0958,0.0,0,0.0,0.0
3045.0,C,RUNNING,3041.52,4,5,0,3,0.0,5.0,99.6,1749.0958,0.0,0,0.0,0.0
3046.0,C,RUNNING,3042.52,4,5,0,3,0.0,5.0,99.6,1748.0958,0.0,0,0.0,0.0
3047.0,C,RUNNING,3043.52,4,5,0,3,0.0,5.0,99.6,1747.0958,0.0,0,0.0,0.0
3048.0,C,RUNNING,3044.52,4,5,0,3,0.0,5.0,99.6,1746.0958,0.0,0,0.0,0.0
3049.0,C,RUNNING,3045.52,4,5,0,3,0.0,5.0,99.6,1745.0958,0.0,0,0.0,0.0
3050.0,C,RUNNING,3046.52,4,5,0,3,0.0,5.0,99.6,1744.0958,0.0,0,0.0,0.0
3051.0,C,RUNNING,3047.52,4,5,0,3,0.0,5.0,99.6,1743.0958,0.0,0,0.0,0.0
3052.0,C,RUNNING,3048.52,4,5,0,3,0.0,5.0,99.6,1742.0958,0.0,0,0.0,0.0
3053.0,C,RUNNING,3049.52,4,5,0,3,0.0,5.0,99.6,1741.0958,0.0,0,0.0,0.0
3054.0,C,RUNNING,3050.52,4,5,0,3,0.0,5.0,99.6,1740.0958,0.0,0,0.0,0.0
3055.0,C,RUNNING,3051.52,4,5,0,3,0.0,5.0,99.6,1739.0958,0.0,0,0.0,0.0
3056.0,C,RUNNING,3052.52,4,5,0,3,0.0,5.0,99.6,1738.0958,0.0,0,0.0,0.0
3057.0,C,RUNNING,3053.52,4,5,0,3,0.0,5.0,99.6,1737.0958,0.0,0,0.0,0.0
3058.0,C,RUNNING,3054.52,4,5,0,3,0.0,5.0,99.6,1736.0958,0.0,0,0.0,0.0
3059.0,C,RUNNING,3055.52,4,5,0,3,0.0,5.0,99.6,1735.0958,0.0,0,0.0,0.0
3060.0,C,RUNNING,3056.52,4,5,0,3,0.0,5.0,99.6,1734.0958,0.0,0,0.0,0.0
3061.0,C,RUNNING,3057.52,4,5,0,3,0.0,5.0,99.6,1733.0958,0.0,0,0.0,0.0
3062.0,C,RUNNING,3058.52,4,5,0,3,0.0,5.0,99.6,1732.0958,0.0,0,0.0,0.0
3063.0,C,RUNNING,3059.52,4,5,0,3,0.0,5.0,99.6,1731.0958,0.0,0,0.0,0.0
3064.0,C,RUNNING,3060.52,4,5,0,3,0.0,5.0,99.6,1730.0958,0.0,0,0.0,0.0
3065.0,C,RUNNING,3061.52,4,5,0,3,0.0,5.0,99.6,1729.0958,0.0,0,0.0,0.0
3066.0,C,RUNNING,3062.52,4,5,0,3,0.0,5.0,99.6,1728.0958,0.0,0,0.0,0.0
3067.0,C,RUNNING,3063.52,4,5,0,3,0.0,5.0,99.6,1727.0958,0.0,0,0.0,0.0
3068.0,C,RUNNING,3064.52,4,5,0,3,0.0,5.0,99.6,1726.0958,0.0,0,0.0,0.0
3069.0,C,RUNNING,3065.52,4,5,0,3,0.0,5.0,99.6,1725.0958,0.0,0,0.0,0.0
3070.0,C,RUNNING,3066.52,4,5,0,3,0.0,5.0,99.6,1724.0958,0.0,0,0.0,0.0
3071.0,C,RUNNING,3067.52,4,5,0,3,0.0,5.0,99.6,1723.0958,0.0,0,0.0,0.0
3072.0,C,RUNNING,3068.52,4,5,0,3,0.0,5.0,99.6,1722.0958,0.0,0,0.0,0.0
3073.0,C,RUNNING,3069.52,4,5,0,3,0.0,5.0,99.6,1721.0958,0.0,0,0.0,0.0
3074.0,C,RUNNING,3070.52,4,5,0,3,0.0,5.0,99.6,1720.0958,0.0,0,0.0,0.0
3075.0,C,RUNNING,3071.52,4,5,0,3,0.0,5.0,99.6,1719.0958,0.0,0,0.0,0.0
3076.0,C,RUNNING,3072.52,4,5,0,3,0.0,5.0,99.6,1718.0958,0.0,0,0.0,0.0
3077.0,C,RUNNING,3073.52,4,5,0,3,0.0,5.0,99.6,1717.0958,0.0,0,0.0,0.0
3078.0,C,RUNNING,3074.52,4,5,0,3,0.0,5.0,99.6,1716.0958,0.0,0,0.0,0.0
3079.0,C,RUNNING,3075.52,4,5,0,3,0.0,5.0,99.6,1715.0958,0.0,0,0.0,0.0
3080.0,C,RUNNING,3076.52,4,5,0,3,0.0,5.0,99.6,1714.0958,0.0,0,0.0,0.0
3081.0,C,RUNNING,3077.52,4,5,0,3,0.0,5.0,99.6,1713.0958,0.0,0,0.0,0.0
3082.0,C,RUNNING,3078.52,4,5,0,3,0.0,5.0,99.6,1712.0958,0.0,0,0.0,0.0
3083.0,C,RUNNING,3079.52,4,5,0,3,0.0,5.0,99.6,1711.0958,0.0,0,0.0,0.0
3084.0,C,RUNNING,3080.52,4,5,0,3,0.0,5.0,99.6,1710.0958,0.0,0,0.0,0.0
3085.0,C,RUNNING,3081.52,4,5,0,3,0.0,5.0,99.6,1709.0958,0.0,0,0.0,0.0
3086.0,C,RUNNING,3082.52,4,5,0,3,0.0,5.0,99.6,1708.0958,0.0,0,0.0,0.0
3087.0,C,RUNNING,3083.52,4,5,0,3,0.0,5.0,99.6,1707.0958,0.0,0,0.0,0.0
3088.0,C,RUNNING,3084.52,4,5,0,3,0.0,5.0,99.6,1706.0958,0.0,0,0.0,0.0
3089.0,C,RUNNING,3085.52,4,5,0,3,0.0,5.0,99.6,1705.0958,0.0,0,0.0,0.0
3090.0,C,RUNNING,3086.52,4,5,0,3,0.0,5.0,99.6,1704.0958,0.0,0,0.0,0.0
3091.0,C,RUNNING,3087.52,4,5,0,3,0.0,5.0,99.6,1703.0958,0.0,0,0.0,0.0
3092.0,C,RUNNING,3088.52,4,5,0,3,0.0,5.0,99.6,1702.0958,0.0,0,0.0,0.0
3093.0,C,RUNNING,3089.52,4,5,0,3,0.0,5.0,99.6,1701.0958,0.0,0,0.0,0.0
3094.0,C,RUNNING,3090.52,4,5,0,3,0.0,5.0,99.6,1700.0958,0.0,0,0.0,0.0
3095.0,C,RUNNING,3091.52,4,5,0,3,0.0,5.0,99.6,1699.0958,0.0,0,0.0,0.0
3096.0,C,RUNNING,3092.52,4,5,0,3,0.0,5.0,99.6,1698.0958,0.0,0,0.0,0.0
3097.0,C,RUNNING,3093.52,4,5,0,3,0.0,5.0,99.6,1697.0958,0.0,0,0.0,0.0
3098.0,C,RUNNING,3094.52,4,5,0,3,0.0,5.0,99.6,1696.0958,0.0,0,0.0,0.0
3099.0,C,RUNNING,3095.52,4,5,0,3,0.0,5.0,99.6,1695.0958,0.0,0,0.0,0.0
3100.0,C,RUNNING,3096.52,4,5,0,3,0.0,5.0,99.6,1694.0958,0.0,0,0.0,0.0
3101.0,C,RUNNING,3097.52,4,5,0,3,0.0,5.0,99.6,1693.0958,0.0,0,0.0,0.0
3102.0,C,RUNNING,3098.52,4,5,0,3,0.0,5.0,99.6,1692.0958,0.0,0,0.0,0.0
3103.0,C,RUNNING,3099.52,4,5,0,3,0.0,5.0,99.6,1691.0958,0.0,0,0.0,0.0
3104.0,C,RUNNING,3100.52,4,5,0,3,0.0,5.0,99.6,1690.0958,0.0,0,0.0,0.0
3105.0,C,RUNNING,3101.52,4,5,0,3,0.0,5.0,99.6,1689.0958,0.0,0,0.0,0.0
3106.0,C,RUNNING,3102.52,4,5,0,3,0.0,5.0,99.6,1688.0958,0.0,0,0.0,0.0
3107.0,C,RUNNING,3103.52,4,5,0,3,0.0,5.0,99.6,1687.0958,0.0,0,0.0,0.0
3108.0,C,RUNNING,3104.52,4,5,0,3,0.0,5.0,99.6,1686.0958,0.0,0,0.0,0.0
3109.0,C,RUNNING,3105.52,4,5,0,3,0.0,5.0,99.6,1685.0958,0.0,0,0.0,0.0
3110.0,C,RUNNING,3106.52,4,5,0,3,0.0,5.0,99.6,1684.0958,0.0,0,0.0,0.0
3111.0,C,RUNNING,3107.52,4,5,0,3,0.0,5.0,99.6,1683.0958,0.0,0,0.0,0.0
3112.0,C,RUNNING,3108.52,4,5,0,3,0.0,5.0,99.6,1682.0958,0.0,0,0.0,0.0
3113.0,C,RUNNING,3109.52,4,5,0,3,0.0,5.0,99.6,1681.0958,0.0,0,0.0,0.0
3114.0,C,RUNNING,3110.52,4,5,0,3,0.0,5.0,99.6,1680.0958,0.0,0,0.0,0.0
3115.0,C,RUNNING,3111.52,4,5,0,3,0.0,5.0,99.6,1679.0958,0.0,0,0.0,0.0
3116.0,C,RUNNING,3112.52,4,5,0,3,0.0,5.0,99.6,1678.0958,0.0,0,0.0,0.0
3117.0,C,RUNNING,3113.52,4,5,0,3,0.0,5.0,99.6,1677.0958,0.0,0,0.0,0.0
3118.0,C,RUNNING,3114.52,4,5,0,3,0.0,5.0,99.6,1676.0958,0.0,0,0.0,0.0
3119.0,C,RUNNING,3115.52,4,5,0,3,0.0,5.0,99.6,1675.0958,0.0,0,0.0,0.0
3120.0,C,RUNNING,3116.52,4,5,0,3,0.0,5.0,99.6,1674.0958,0.0,0,0.0,0.0
3121.0,C,RUNNING,3117.52,4,5,0,3,0.0,5.0,99.6,1673.0958,0.0,0,0.0,0.0
3122.0,C,RUNNING,3118.52,4,5,0,3,0.0,5.0,99.6,1672.0958,0.0,0,0.0,0.0
3123.0,C,RUNNING,3119.52,4,5,0,3,0.0,5.0,99.6,1671.0958,0.0,0,0.0,0.0
3124.0,C,RUNNING,3120.52,4,5,0,3,0.0,5.0,99.6,1670.0958,0.0,0,0.0,0.0
3125.0,C,RUNNING,3121.52,4,5,0,3,0.0,5.0,99.6,1669.0958,0.0,0,0.0,0.0
3126.0,C,RUNNING,3122.52,4,5,0,3,0.0,5.0,99.6,1668.0958,0.0,0,0.0,0.0
3127.0,C,RUNNING,3123.52,4,5,0,3,0.0,5.0,99.6,1667.0958,0.0,0,0.0,0.0
3128.0,C,RUNNING,3124.52,4,5,0,3,0.0,5.0,99.6,1666.0958,0.0,0,0.0,0.0
3129.0,C,RUNNING,3125.52,4,5,0,3,0.0,5.0,99.6,1665.0958,0.0,0,0.0,0.0
3130.0,C,RUNNING,3126.52,4,5,0,3,0.0,5.0,99.6,1664.0958,0.0,0,0.0,0.0
3131.0,C,RUNNING,3127.52,4,5,0,3,0.0,5.0,99.6,1663.0958,0.0,0,0.0,0.0
3132.0,C,RUNNING,3128.52,4,5,0,3,0.0,5.0,99.6,1662.0958,0.0,0,0.0,0.0
3133.0,C,RUNNING,3129.52,4,5,0,3,0.0,5.0,99.6,1661.0958,0.0,0,0.0,0.0
3134.0,C,RUNNING,3130.52,4,5,0,3,0.0,5.0,99.6,1660.0958,0.0,0,0.0,0.0
3135.0,C,RUNNING,3131.52,4,5,0,3,0.0,5.0,99.6,1659.0958,0.0,0,0.0,0.0
3136.0,C,RUNNING,3132.52,4,5,0,3,0.0,5.0,99.6,1658.0958,0.0,0,0.0,0.0
3137.0,C,RUNNING,3133.52,4,5,0,3,0.0,5.0,99.6,1657.0958,0.0,0,0.0,0.0
3138.0,C,RUNNING,3134.52,4,5,0,3,0.0,5.0,99.6,1656.0958,0.0,0,0.0,0.0
3139.0,C,RUNNING,3135.52,4,5,0,3,0.0,5.0,99.6,1655.0958,0.0,0,0.0,0.0
3140.0,C,RUNNING,3136.52,4,5,0,3,0.0,5.0,99.6,1654.0958,0.0,0,0.0,0.0
3141.0,C,RUNNING,3137.52,4,5,0,3,0.0,5.0,99.6,1653.0958,0.0,0,0.0,0.0
3142.0,C,RUNNING,3138.52,4,5,0,3,0.0,5.0,99.6,1652.0958,0.0,0,0.0,0.0
3143.0,C,RUNNING,3139.52,4,5,0,3,0.0,5.0,99.6,1651.0958,0.0,0,0.0,0.0
3144.0,C,RUNNING,3140.52,4,5,0,3,0.0,5.0,99.6,1650.0958,0.0,0,0.0,0.0
3145.0,C,RUNNING,3141.52,4,5,0,3,0.0,5.0,99.6,1649.0958,0.0,0,0.0,0.0
3146.0,C,RUNNING,3142.52,4,5,0,3,0.0,5.0,99.6,1648.0958,0.0,0,0.0,0.0
3147.0,C,RUNNING,3143.52,4,5,0,3,0.0,5.0,99.6,1647.0958,0.0,0,0.0,0.0
3148.0,C,RUNNING,3144.52,4,5,0,3,0.0,5.0,99.6,1646.0958,0.0,0,0.0,0.0
3149.0,C,RUNNING,3145.52,4,5,0,3,0.0,5.0,99.6,1645.0958,0.0,0,0.0,0.0
3150.0,C,RUNNING,3146.52,4,5,0,3,0.0,5.0,99.6,1644.0958,0.0,0,0.0,0.0
3151.0,C,RUNNING,3147.52,4,5,0,3,0.0,5.0,99.6,1643.0958,0.0,0,0.0,0.0
3152.0,C,RUNNING,3148.52,4,5,0,3,0.0,5.0,99.6,1642.0958,0.0,0,0.0,0.0
3153.0,C,RUNNING,3149.52,4,5,0,3,0.0,5.0,99.6,1641.0958,0.0,0,0.0,0.0
3154.0,C,RUNNING,3150.52,4,5,0,3,0.0,5.0,99.6,1640.0958,0.0,0,0.0,0.0
3155.0,C,RUNNING,3151.52,4,5,0,3,0.0,5.0,99.6,1639.0958,0.0,0,0.0,0.0
3156.0,C,RUNNING,3152.52,4,5,0,3,0.0,5.0,99.6,1638.0958,0.0,0,0.0,0.0
3157.0,C,RUNNING,3153.52,4,5,0,3,0.0,5.0,99.6,1637.0958,0.0,0,0.0,0.0
3158.0,C,RUNNING,3154.52,4,5,0,3,0.0,5.0,99.6,1636.0958,0.0,0,0.0,0.0
3159.0,C,RUNNING,3155.52,4,5,0,3,0.0,5.0,99.6,1635.0958,0.0,0,0.0,0.0
3160.0,C,RUNNING,3156.52,4,5,0,3,0.0,5.0,99.6,1634.0958,0.0,0,0.0,0.0
3161.0,C,RUNNING,3157.52,4,5,0,3,0.0,5.0,99.6,1633.0958,0.0,0,0.0,0.0
3162.0,C,RUNNING,3158.52,4,5,0,3,0.0,5.0,99.6,1632.0958,0.0,0,0.0,0.0
3163.0,C,RUNNING,3159.52,4,5,0,3,0.0,5.0,99.6,1631.0958,0.0,0,0.0,0.0
3164.0,C,RUNNING,3160.52,4,5,0,3,0.0,5.0,99.6,1630.0958,0.0,0,0.0,0.0
3165.0,C,RUNNING,3161.52,4,5,0,3,0.0,5.0,99.6,1629.0958,0.0,0,0.0,0.0
3166.0,C,RUNNING,3162.52,4,5,0,3,0.0,5.0,99.6,1628.0958,0.0,0,0.0,0.0
3167.0,C,RUNNING,3163.52,4,5,0,3,0.0,5.0,99.6,1627.0958,0.0,0,0.0,0.0
3168.0,C,RUNNING,3164.52,4,5,0,3,0.0,5.0,99.6,1626.0958,0.0,0,0.0,0.0
3169.0,C,RUNNING,3165.52,4,5,0,3,0.0,5.0,99.6,1625.0958,0.0,0,0.0,0.0
3170.0,C,RUNNING,3166.52,4,5,0,3,0.0,5.0,99.6,1624.0958,0.0,0,0.0,0.0
3171.0,C,RUNNING,3167.52,4,5,0,3,0.0,5.0,99.6,1623.0958,0.0,0,0.0,0.0
3172.0,C,RUNNING,3168.52,4,5,0,3,0.0,5.0,99.6,1622.0958,0.0,0,0.0,0.0
3173.0,C,RUNNING,3169.52,4,5,0,3,0.0,5.0,99.6,1621.0958,0.0,0,0.0,0.0
3174.0,C,RUNNING,3170.52,4,5,0,3,0.0,5.0,99.6,1620.0958,0.0,0,0.0,0.0
3175.0,C,RUNNING,3171.52,4,5,0,3,0.0,5.0,99.6,1619.0958,0.0,0,0.0,0.0
3176.0,C,RUNNING,3172.52,4,5,0,3,0.0,5.0,99.6,1618.0958,0.0,0,0.0,0.0
3177.0,C,RUNNING,3173.52,4,5,0,3,0.0,5.0,99.6,1617.0958,0.0,0,0.0,0.0
3178.0,C,RUNNING,3174.52,4,5,0,3,0.0,5.0,99.6,1616.0958,0.0,0,0.0,0.0
3179.0,C,RUNNING,3175.52,4,5,0,3,0.0,5.0,99.6,1615.0958,0.0,0,0.0,0.0
3180.0,C,RUNNING,3176.52,4,5,0,3,0.0,5.0,99.6,1614.0958,0.0,0,0.0,0.0
3181.0,C,RUNNING,3177.52,4,5,0,3,0.0,5.0,99.6,1613.0958,0.0,0,0.0,0.0
3182.0,C,RUNNING,3178.52,4,5,0,3,0.0,5.0,99.6,1612.0958,0.0,0,0.0,0.0
3183.0,C,RUNNING,3179.52,4,5,0,3,0.0,5.0,99.6,1611.0958,0.0,0,0.0,0.0
3184.0,C,RUNNING,3180.52,4,5,0,3,0.0,5.0,99.6,1610.0958,0.0,0,0.0,0.0
3185.0,C,RUNNING,3181.52,4,5,0,3,0.0,5.0,99.6,1609.0958,0.0,0,0.0,0.0
3186.0,C,RUNNING,3182.52,4,5,0,3,0.0,5.0,99.6,1608.0958,0.0,0,0.0,0.0
3187.0,C,RUNNING,3183.52,4,5,0,3,0.0,5.0,99.6,1607.0958,0.0,0,0.0,0.0
3188.0,C,RUNNING,3184.52,4,5,0,3,0.0,5.0,99.6,1606.0958,0.0,0,0.0,0.0
3189.0,C,RUNNING,3185.52,4,5,0,3,0.0,5.0,99.6,1605.0958,0.0,0,0.0,0.0
3190.0,C,RUNNING,3186.52,4,5,0,3,0.0,5.0,99.6,1604.0958,0.0,0,0.0,0.0
3191.0,C,RUNNING,3187.52,4,5,0,3,0.0,5.0,99.6,1603.0958,0.0,0,0.0,0.0
3192.0,C,RUNNING,3188.52,4,5,0,3,0.0,5.0,99.6,1602.0958,0.0,0,0.0,0.0
3193.0,C,RUNNING,3189.52,4,5,0,3,0.0,5.0,99.6,1601.0958,0.0,0,0.0,0.0
3194.0,C,RUNNING,3190.52,4,5,0,3,0.0,5.0,99.6,1600.0958,0.0,0,0.0,0.0
3195.0,C,RUNNING,3191.52,4,5,0,3,0.0,5.0,99.6,1599.0958,0.0,0,0.0,0.0
3196.0,C,RUNNING,3192.52,4,5,0,3,0.0,5.0,99.6,1598.0958,0.0,0,0.0,0.0
3197.0,C,RUNNING,3193.52,4,5,0,3,0.0,5.0,99.6,1597.0958,0.0,0,0.0,0.0
3198.0,C,RUNNING,3194.52,4,5,0,3,0.0,5.0,99.6,1596.0958,0.0,0,0.0,0.0
3199.0,C,RUNNING,3195.52,4,5,0,3,0.0,5.0,99.6,1595.0958,0.0,0,0.0,0.0
3200.0,C,RUNNING,3196.52,4,5,0,3,0.0,5.0,99.6,1594.0958,0.0,0,0.0,0.0
3201.0,C,RUNNING,3197.52,4,5,0,3,0.0,5.0,99.6,1593.0958,0.0,0,0.0,0.0
3202.0,C,RUNNING,3198.52,4,5,0,3,0.0,5.0,99.6,1592.0958,0.0,0,0.0,0.0
3203.0,C,RUNNING,3199.52,4,5,0,3,0.0,5.0,99.6,1591.0958,0.0,0,0.0,0.0
3204.0,C,RUNNING,3200.52,4,5,0,3,0.0,5.0,99.6,1590.0958,0.0,0,0.0,0.0
3205.0,C,RUNNING,3201.52,4,5,0,3,0.0,5.0,99.6,1589.0958,0.0,0,0.0,0.0
3206.0,C,RUNNING,3202.52,4,5,0,3,0.0,5.0,99.6,1588.0958,0.0,0,0.0,0.0
3207.0,C,RUNNING,3203.52,4,5,0,3,0.0,5.0,99.6,1587.0958,0.0,0,0.0,0.0
3208.0,C,RUNNING,3204.52,4,5,0,3,0.0,5.0,99.6,1586.0958,0.0,0,0.0,0.0
3209.0,C,RUNNING,3205.52,4,5,0,3,0.0,5.0,99.6,1585.0958,0.0,0,0.0,0.0
3210.0,C,RUNNING,3206.52,4,5,0,3,0.0,5.0,99.6,1584.0958,0.0,0,0.0,0.0
3211.0,C,RUNNING,3207.52,4,5,0,3,0.0,5.0,99.6,1583.0958,0.0,0,0.0,0.0
3212.0,C,RUNNING,3208.52,4,5,0,3,0.0,5.0,99.6,1582.0958,0.0,0,0.0,0.0
3213.0,C,RUNNING,3209.52,4,5,0,3,0.0,5.0,99.6,1581.0958,0.0,0,0.0,0.0
3214.0,C,RUNNING,3210.52,4,5,0,3,0.0,5.0,99.6,1580.0958,0.0,0,0.0,0.0
3215.0,C,RUNNING,3211.52,4,5,0,3,0.0,5.0,99.6,1579.0958,0.0,0,0.0,0.0
3216.0,C,RUNNING,3212.52,4,5,0,3,0.0,5.0,99.6,1578.0958,0.0,0,0.0,0.0
3217.0,C,RUNNING,3213.52,4,5,0,3,0.0,5.0,99.6,1577.0958,0.0,0,0.0,0.0
3218.0,C,RUNNING,3214.52,4,5,0,3,0.0,5.0,99.6,1576.0958,0.0,0,0.0,0.0
3219.0,C,RUNNING,3215.52,4,5,0,3,0.0,5.0,99.6,1575.0958,0.0,0,0.0,0.0
3220.0,C,RUNNING,3216.52,4,5,0,3,0.0,5.0,99.6,1574.0958,0.0,0,0.0,0.0
3221.0,C,RUNNING,3217.52,4,5,0,3,0.0,5.0,99.6,1573.0958,0.0,0,0.0,0.0
3222.0,C,RUNNING,3218.52,4,5,0,3,0.0,5.0,99.6,1572.0958,0.0,0,0.0,0.0
3223.0,C,RUNNING,3219.52,4,5,0,3,0.0,5.0,99.6,1571.0958,0.0,0,0.0,0.0
3224.0,C,RUNNING,3220.52,4,5,0,3,0.0,5.0,99.6,1570.0958,0.0,0,0.0,0.0
3225.0,C,RUNNING,3221.52,4,5,0,3,0.0,5.0,99.6,1569.0958,0.0,0,0.0,0.0
3226.0,C,RUNNING,3222.52,4,5,0,3,0.0,5.0,99.6,1568.0958,0.0,0,0.0,0.0
3227.0,C,RUNNING,3223.52,4,5,0,3,0.0,5.0,99.6,1567.0958,0.0,0,0.0,0.0
3228.0,C,RUNNING,3224.52,4,5,0,3,0.0,5.0,99.6,1566.0958,0.0,0,0.0,0.0
3229.0,C,RUNNING,3225.52,4,5,0,3,0.0,5.0,99.6,1565.0958,0.0,0,0.0,0.0
3230.0,C,RUNNING,3226.52,4,5,0,3,0.0,5.0,99.6,1564.0958,0.0,0,0.0,0.0
3231.0,C,RUNNING,3227.52,4,5,0,3,0.0,5.0,99.6,1563.0958,0.0,0,0.0,0.0
3232.0,C,RUNNING,3228.52,4,5,0,3,0.0,5.0,99.6,1562.0958,0.0,0,0.0,0.0
3233.0,C,RUNNING,3229.52,4,5,0,3,0.0,5.0,99.6,1561.0958,0.0,0,0.0,0.0
3234.0,C,RUNNING,3230.52,4,5,0,3,0.0,5.0,99.6,1560.0958,0.0,0,0.0,0.0
3235.0,C,RUNNING,3231.52,4,5,0,3,0.0,5.0,99.6,1559.0958,0.0,0,0.0,0.0
3236.0,C,RUNNING,3232.52,4,5,0,3,0.0,5.0,99.6,1558.0958,0.0,0,0.0,0.0
3237.0,C,RUNNING,3233.52,4,5,0,3,0.0,5.0,99.6,1557.0958,0.0,0,0.0,0.0
3238.0,C,RUNNING,3234.52,4,5,0,3,0.0,5.0,99.6,1556.0958,0.0,0,0.0,0.0
3239.0,C,RUNNING,3235.52,4,5,0,3,0.0,5.0,99.6,1555.0958,0.0,0,0.0,0.0
3240.0,C,RUNNING,3236.52,4,5,0,3,0.0,5.0,99.6,1554.0958,0.0,0,0.0,0.0
3241.0,C,RUNNING,3237.52,4,5,0,3,0.0,5.0,99.6,1553.0958,0.0,0,0.0,0.0
3242.0,C,RUNNING,3238.52,4,5,0,3,0.0,5.0,99.6,1552.0958,0.0,0,0.0,0.0
3243.0,C,RUNNING,3239.52,4,5,0,3,0.0,5.0,99.6,1551.0958,0.0,0,0.0,0.0
3244.0,C,RUNNING,3240.52,4,5,0,3,0.0,5.0,99.6,1550.0958,0.0,0,0.0,0.0
3245.0,C,RUNNING,3241.52,4,5,0,3,0.0,5.0,99.6,1549.0958,0.0,0,0.0,0.0
3246.0,C,RUNNING,3242.52,4,5,0,3,0.0,5.0,99.6,1548.0958,0.0,0,0.0,0.0
3247.0,C,RUNNING,3243.52,4,5,0,3,0.0,5.0,99.6,1547.0958,0.0,0,0.0,0.0
3248.0,C,RUNNING,3244.52,4,5,0,3,0.0,5.0,99.6,1546.0958,0.0,0,0.0,0.0
3249.0,C,RUNNING,3245.52,4,5,0,3,0.0,5.0,99.6,1545.0958,0.0,0,0.0,0.0
3250.0,C,RUNNING,3246.52,4,5,0,3,0.0,5.0,99.6,1544.0958,0.0,0,0.0,0.0
3251.0,C,RUNNING,3247.52,4,5,0,3,0.0,5.0,99.6,1543.0958,0.0,0,0.0,0.0
3252.0,C,RUNNING,3248.52,4,5,0,3,0.0,5.0,99.6,1542.0958,0.0,0,0.0,0.0
3253.0,C,RUNNING,3249.52,4,5,0,3,0.0,5.0,99.6,1541.0958,0.0,0,0.0,0.0
3254.0,C,RUNNING,3250.52,4,5,0,3,0.0,5.0,99.6,1540.0958,0.0,0,0.0,0.0
3255.0,C,RUNNING,3251.52,4,5,0,3,0.0,5.0,99.6,1539.0958,0.0,0,0.0,0.0
3256.0,C,RUNNING,3252.52,4,5,0,3,0.0,5.0,99.6,1538.0958,0.0,0,0.0,0.0
3257.0,C,RUNNING,3253.52,4,5,0,3,0.0,5.0,99.6,1537.0958,0.0,0,0.0,0.0
3258.0,C,RUNNING,3254.52,4,5,0,3,0.0,5.0,99.6,1536.0958,0.0,0,0.0,0.0
3259.0,C,RUNNING,3255.52,4,5,0,3,0.0,5.0,99.6,1535.0958,0.0,0,0.0,0.0
3260.0,C,RUNNING,3256.52,4,5,0,3,0.0,5.0,99.6,1534.0958,0.0,0,0.0,0.0
3261.0,C,RUNNING,3257.52,4,5,0,3,0.0,5.0,99.6,1533.0958,0.0,0,0.0,0.0
3262.0,C,RUNNING,3258.52,4,5,0,3,0.0,5.0,99.6,1532.0958,0.0,0,0.0,0.0
3263.0,C,RUNNING,3259.52,4,5,0,3,0.0,5.0,99.6,1531.0958,0.0,0,0.0,0.0
3264.0,C,RUNNING,3260.52,4,5,0,3,0.0,5.0,99.6,1530.0958,0.0,0,0.0,0.0
3265.0,C,RUNNING,3261.52,4,5,0,3,0.0,5.0,99.6,1529.0958,0.0,0,0.0,0.0
3266.0,C,RUNNING,3262.52,4,5,0,3,0.0,5.0,99.6,1528.0958,0.0,0,0.0,0.0
3267.0,C,RUNNING,3263.52,4,5,0,3,0.0,5.0,99.6,1527.0958,0.0,0,0.0,0.0
3268.0,C,RUNNING,3264.52,4,5,0,3,0.0,5.0,99.6,1526.0958,0.0,0,0.0,0.0
3269.0,C,RUNNING,3265.52,4,5,0,3,0.0,5.0,99.6,1525.0958,0.0,0,0.0,0.0
3270.0,C,RUNNING,3266.52,4,5,0,3,0.0,5.0,99.6,1524.0958,0.0,0,0.0,0.0
3271.0,C,RUNNING,3267.52,4,5,0,3,0.0,5.0,99.6,1523.0958,0.0,0,0.0,0.0
3272.0,C,RUNNING,3268.52,4,5,0,3,0.0,5.0,99.6,1522.0958,0.0,0,0.0,0.0
3273.0,C,RUNNING,3269.52,4,5,0,3,0.0,5.0,99.6,1521.0958,0.0,0,0.0,0.0
3274.0,C,RUNNING,3270.52,4,5,0,3,0.0,5.0,99.6,1520.0958,0.0,0,0.0,0.0
3275.0,C,RUNNING,3271.52,4,5,0,3,0.0,5.0,99.6,1519.0958,0.0,0,0.0,0.0
3276.0,C,RUNNING,3272.52,4,5,0,3,0.0,5.0,99.6,1518.0958,0.0,0,0.0,0.0
3277.0,C,RUNNING,3273.52,4,5,0,3,0.0,5.0,99.6,1517.0958,0.0,0,0.0,0.0
3278.0,C,RUNNING,3274.52,4,5,0,3,0.0,5.0,99.6,1516.0958,0.0,0,0.0,0.0
3279.0,C,RUNNING,3275.52,4,5,0,3,0.0,5.0,99.6,1515.0958,0.0,0,0.0,0.0
3280.0,C,RUNNING,3276.52,4,5,0,3,0.0,5.0,99.6,1514.0958,0.0,0,0.0,0.0
3281.0,C,RUNNING,3277.52,4,5,0,3,0.0,5.0,99.6,1513.0958,0.0,0,0.0,0.0
3282.0,C,RUNNING,3278.52,4,5,0,3,0.0,5.0,99.6,1512.0958,0.0,0,0.0,0.0
3283.0,C,RUNNING,3279.52,4,5,0,3,0.0,5.0,99.6,1511.0958,0.0,0,0.0,0.0
3284.0,C,RUNNING,3280.52,4,5,0,3,0.0,5.0,99.6,1510.0958,0.0,0,0.0,0.0
3285.0,C,RUNNING,3281.52,4,5,0,3,0.0,5.0,99.6,1509.0958,0.0,0,0.0,0.0
3286.0,C,RUNNING,3282.52,4,5,0,3,0.0,5.0,99.6,1508.0958,0.0,0,0.0,0.0
3287.0,C,RUNNING,3283.52,4,5,0,3,0.0,5.0,99.6,1507.0958,0.0,0,0.0,0.0
3288.0,C,RUNNING,3284.52,4,5,0,3,0.0,5.0,99.6,1506.0958,0.0,0,0.0,0.0
3289.0,C,RUNNING,3285.52,4,5,0,3,0.0,5.0,99.6,1505.0958,0.0,0,0.0,0.0
3290.0,C,RUNNING,3286.52,4,5,0,3,0.0,5.0,99.6,1504.0958,0.0,0,0.0,0.0
3291.0,C,RUNNING,3287.52,4,5,0,3,0.0,5.0,99.6,1503.0958,0.0,0,0.0,0.0
3292.0,C,RUNNING,3288.52,4,5,0,3,0.0,5.0,99.6,1502.0958,0.0,0,0.0,0.0
3293.0,C,RUNNING,3289.52,4,5,0,3,0.0,5.0,99.6,1501.0958,0.0,0,0.0,0.0
3294.0,C,RUNNING,3290.52,4,5,0,3,0.0,5.0,99.6,1500.0958,0.0,0,0.0,0.0
3295.0,C,RUNNING,3291.52,4,5,0,3,0.0,5.0,99.6,1499.0958,0.0,0,0.0,0.0
3296.0,C,RUNNING,3292.52,4,5,0,3,0.0,5.0,99.6,1498.0958,0.0,0,0.0,0.0
3297.0,C,RUNNING,3293.52,4,5,0,3,0.0,5.0,99.6,1497.0958,0.0,0,0.0,0.0
3298.0,C,RUNNING,3294.52,4,5,0,3,0.0,5.0,99.6,1496.0958,0.0,0,0.0,0.0
3299.0,C,RUNNING,3295.52,4,5,0,3,0.0,5.0,99.6,1495.0958,0.0,0,0.0,0.0
3300.0,C,RUNNING,3296.52,4,5,0,3,0.0,5.0,99.6,1494.0958,0.0,0,0.0,0.0
3301.0,C,RUNNING,3297.52,4,5,0,3,0.0,5.0,99.6,1493.0958,0.0,0,0.0,0.0
3302.0,C,RUNNING,3298.52,4,5,0,3,0.0,5.0,99.6,1492.0958,0.0,0,0.0,0.0
3303.0,C,RUNNING,3299.52,4,5,0,3,0.0,5.0,99.6,1491.0958,0.0,0,0.0,0.0
3304.0,C,RUNNING,3300.52,4,5,0,3,0.0,5.0,99.6,1490.0958,0.0,0,0.0,0.0
3305.0,C,RUNNING,3301.52,4,5,0,3,0.0,5.0,99.6,1489.0958,0.0,0,0.0,0.0
3306.0,C,RUNNING,3302.52,4,5,0,3,0.0,5.0,99.6,1488.0958,0.0,0,0.0,0.0
3307.0,C,RUNNING,3303.52,4,5,0,3,0.0,5.0,99.6,1487.0958,0.0,0,0.0,0.0
3308.0,C,RUNNING,3304.52,4,5,0,3,0.0,5.0,99.6,1486.0958,0.0,0,0.0,0.0
3309.0,C,RUNNING,3305.52,4,5,0,3,0.0,5.0,99.6,1485.0958,0.0,0,0.0,0.0
3310.0,C,RUNNING,3306.52,4,5,0,3,0.0,5.0,99.6,1484.0958,0.0,0,0.0,0.0
3311.0,C,RUNNING,3307.52,4,5,0,3,0.0,5.0,99.6,1483.0958,0.0,0,0.0,0.0
3312.0,C,RUNNING,3308.52,4,5,0,3,0.0,5.0,99.6,1482.0958,0.0,0,0.0,0.0
3313.0,C,RUNNING,3309.52,4,5,0,3,0.0,5.0,99.6,1481.0958,0.0,0,0.0,0.0
3314.0,C,RUNNING,3310.52,4,5,0,3,0.0,5.0,99.6,1480.0958,0.0,0,0.0,0.0
3315.0,C,RUNNING,3311.52,4,5,0,3,0.0,5.0,99.6,1479.0958,0.0,0,0.0,0.0
3316.0,C,RUNNING,3312.52,4,5,0,3,0.0,5.0,99.6,1478.0958,0.0,0,0.0,0.0
3317.0,C,RUNNING,3313.52,4,5,0,3,0.0,5.0,99.6,1477.0958,0.0,0,0.0,0.0
3318.0,C,RUNNING,3314.52,4,5,0,3,0.0,5.0,99.6,1476.0958,0.0,0,0.0,0.0
3319.0,C,RUNNING,3315.52,4,5,0,3,0.0,5.0,99.6,1475.0958,0.0,0,0.0,0.0
3320.0,C,RUNNING,3316.52,4,5,0,3,0.0,5.0,99.6,1474.0958,0.0,0,0.0,0.0
3321.0,C,RUNNING,3317.52,4,5,0,3,0.0,5.0,99.6,1473.0958,0.0,0,0.0,0.0
3322.0,C,RUNNING,3318.52,4,5,0,3,0.0,5.0,99.6,1472.0958,0.0,0,0.0,0.0
3323.0,C,RUNNING,3319.52,4,5,0,3,0.0,5.0,99.6,1471.0958,0.0,0,0.0,0.0
3324.0,C,RUNNING,3320.52,4,5,0,3,0.0,5.0,99.6,1470.0958,0.0,0,0.0,0.0
3325.0,C,RUNNING,3321.52,4,5,0,3,0.0,5.0,99.6,1469.0958,0.0,0,0.0,0.0
3326.0,C,RUNNING,3322.52,4,5,0,3,0.0,5.0,99.6,1468.0958,0.0,0,0.0,0.0
3327.0,C,RUNNING,3323.52,4,5,0,3,0.0,5.0,99.6,1467.0958,0.0,0,0.0,0.0
3328.0,C,RUNNING,3324.52,4,5,0,3,0.0,5.0,99.6,1466.0958,0.0,0,0.0,0.0
3329.0,C,RUNNING,3325.52,4,5,0,3,0.0,5.0,99.6,1465.0958,0.0,0,0.0,0.0
3330.0,C,RUNNING,3326.52,4,5,0,3,0.0,5.0,99.6,1464.0958,0.0,0,0.0,0.0
3331.0,C,RUNNING,3327.52,4,5,0,3,0.0,5.0,99.6,1463.0958,0.0,0,0.0,0.0
3332.0,C,RUNNING,3328.52,4,5,0,3,0.0,5.0,99.6,1462.0958,0.0,0,0.0,0.0
3333.0,C,RUNNING,3329.52,4,5,0,3,0.0,5.0,99.6,1461.0958,0.0,0,0.0,0.0
3334.0,C,RUNNING,3330.52,4,5,0,3,0.0,5.0,99.6,1460.0958,0.0,0,0.0,0.0
3335.0,C,RUNNING,3331.52,4,5,0,3,0.0,5.0,99.6,1459.0958,0.0,0,0.0,0.0
3336.0,C,RUNNING,3332.52,4,5,0,3,0.0,5.0,99.6,1458.0958,0.0,0,0.0,0.0
3337.0,C,RUNNING,3333.52,4,5,0,3,0.0,5.0,99.6,1457.0958,0.0,0,0.0,0.0
3338.0,C,RUNNING,3334.52,4,5,0,3,0.0,5.0,99.6,1456.0958,0.0,0,0.0,0.0
3339.0,C,RUNNING,3335.52,4,5,0,3,0.0,5.0,99.6,1455.0958,0.0,0,0.0,0.0
3340.0,C,RUNNING,3336.52,4,5,0,3,0.0,5.0,99.6,1454.0958,0.0,0,0.0,0.0
3341.0,C,RUNNING,3337.52,4,5,0,3,0.0,5.0,99.6,1453.0958,0.0,0,0.0,0.0
3342.0,C,RUNNING,3338.52,4,5,0,3,0.0,5.0,99.6,1452.0958,0.0,0,0.0,0.0
3343.0,C,RUNNING,3339.52,4,5,0,3,0.0,5.0,99.6,1451.0958,0.0,0,0.0,0.0
3344.0,C,RUNNING,3340.52,4,5,0,3,0.0,5.0,99.6,1450.0958,0.0,0,0.0,0.0
3345.0,C,RUNNING,3341.52,4,5,0,3,0.0,5.0,99.6,1449.0958,0.0,0,0.0,0.0
3346.0,C,RUNNING,3342.52,4,5,0,3,0.0,5.0,99.6,1448.0958,0.0,0,0.0,0.0
3347.0,C,RUNNING,3343.52,4,5,0,3,0.0,5.0,99.6,1447.0958,0.0,0,0.0,0.0
3348.0,C,RUNNING,3344.52,4,5,0,3,0.0,5.0,99.6,1446.0958,0.0,0,0.0,0.0
3349.0,C,RUNNING,3345.52,4,5,0,3,0.0,5.0,99.6,1445.0958,0.0,0,0.0,0.0
3350.0,C,RUNNING,3346.52,4,5,0,3,0.0,5.0,99.6,1444.0958,0.0,0,0.0,0.0
3351.0,C,RUNNING,3347.52,4,5,0,3,0.0,5.0,99.6,1443.0958,0.0,0,0.0,0.0
3352.0,C,RUNNING,3348.52,4,5,0,3,0.0,5.0,99.6,1442.0958,0.0,0,0.0,0.0
3353.0,C,RUNNING,3349.52,4,5,0,3,0.0,5.0,99.6,1441.0958,0.0,0,0.0,0.0
3354.0,C,RUNNING,3350.52,4,5,0,3,0.0,5.0,99.6,1440.0958,0.0,0,0.0,0.0
3355.0,C,RUNNING,3351.52,5,5,1,3,0.3333,5.0,99.5,1410.383,0.0,0,0.0,0.0
3356.0,C,RUNNING,3352.52,5,5,1,3,0.3333,5.0,99.5,1409.383,0.0,0,0.0,0.0
3357.0,C,RUNNING,3353.52,5,5,1,3,0.3333,5.0,99.5,1408.383,0.0,0,0.0,0.0
3358.0,C,RUNNING,3354.52,5,5,1,3,0.3333,5.0,99.5,1407.383,0.0,0,0.0,0.0
3359.0,C,RUNNING,3355.52,5,5,1,3,0.3333,5.0,99.5,1406.383,0.0,0,0.0,0.0
3360.0,C,RUNNING,3356.52,5,5,1,3,0.3333,5.0,99.5,1405.383,0.0,0,0.0,0.0
3361.0,C,RUNNING,3357.52,5,5,1,3,0.3333,5.0,99.5,1404.383,0.0,0,0.0,0.0
3362.0,C,RUNNING,3358.52,5,5,1,3,0.3333,5.0,99.5,1403.383,0.0,0,0.0,0.0
3363.0,C,RUNNING,3359.52,5,5,1,3,0.3333,5.0,99.5,1402.383,0.0,0,0.0,0.0
3364.0,C,RUNNING,3360.52,5,5,1,3,0.3333,5.0,99.5,1401.383,0.0,0,0.0,0.0
3365.0,C,RUNNING,3361.52,5,5,1,3,0.3333,5.0,99.5,1400.383,0.0,0,0.0,0.0
3366.0,C,RUNNING,3362.52,5,5,1,3,0.3333,5.0,99.5,1399.383,0.0,0,0.0,0.0
3367.0,C,RUNNING,3363.52,5,5,1,3,0.3333,5.0,99.5,1398.383,0.0,0,0.0,0.0
3368.0,C,RUNNING,3364.52,5,5,1,3,0.3333,5.0,99.5,1397.383,0.0,0,0.0,0.0
3369.0,C,RUNNING,3365.52,5,5,1,3,0.3333,5.0,99.5,1396.383,0.0,0,0.0,0.0
3370.0,C,RUNNING,3366.52,5,5,1,3,0.3333,5.0,99.5,1395.383,0.0,0,0.0,0.0
3371.0,C,RUNNING,3367.52,5,5,1,3,0.3333,5.0,99.5,1394.383,0.0,0,0.0,0.0
3372.0,C,RUNNING,3368.52,5,5,1,3,0.3333,5.0,99.5,1393.383,0.0,0,0.0,0.0
3373.0,C,RUNNING,3369.52,5,5,1,3,0.3333,5.0,99.5,1392.383,0.0,0,0.0,0.0
3374.0,C,RUNNING,3370.52,5,5,1,3,0.3333,5.0,99.5,1391.383,0.0,0,0.0,0.0
3375.0,C,RUNNING,3371.52,5,5,1,3,0.3333,5.0,99.5,1390.383,0.0,0,0.0,0.0
3376.0,C,RUNNING,3372.52,5,5,1,3,0.3333,5.0,99.5,1389.383,0.0,0,0.0,0.0
3377.0,C,RUNNING,3373.52,5,5,1,3,0.3333,5.0,99.5,1388.383,0.0,0,0.0,0.0
3378.0,C,RUNNING,3374.52,5,5,1,3,0.3333,5.0,99.5,1387.383,0.0,0,0.0,0.0
3379.0,C,RUNNING,3375.52,5,5,1,3,0.3333,5.0,99.5,1386.383,0.0,0,0.0,0.0
3380.0,C,RUNNING,3376.52,5,5,1,3,0.3333,5.0,99.5,1385.383,0.0,0,0.0,0.0
3381.0,C,RUNNING,3377.52,5,5,1,3,0.3333,5.0,99.5,1384.383,0.0,0,0.0,0.0
3382.0,C,RUNNING,3378.52,5,5,1,3,0.3333,5.0,99.5,1383.383,0.0,0,0.0,0.0
3383.0,C,RUNNING,3379.52,5,5,1,3,0.3333,5.0,99.5,1382.383,0.0,0,0.0,0.0
3384.0,C,RUNNING,3380.52,5,5,1,3,0.3333,5.0,99.5,1381.383,0.0,0,0.0,0.0
3385.0,C,RUNNING,3381.52,5,5,1,3,0.3333,5.0,99.5,1380.383,0.0,0,0.0,0.0
3386.0,C,RUNNING,3382.52,5,5,1,3,0.3333,5.0,99.5,1379.383,0.0,0,0.0,0.0
3387.0,C,RUNNING,3383.52,5,5,1,3,0.3333,5.0,99.5,1378.383,0.0,0,0.0,0.0
3388.0,C,RUNNING,3384.52,5,5,1,3,0.3333,5.0,99.5,1377.383,0.0,0,0.0,0.0
3389.0,C,RUNNING,3385.52,5,5,1,3,0.3333,5.0,99.5,1376.383,0.0,0,0.0,0.0
3390.0,C,RUNNING,3386.52,5,5,1,3,0.3333,5.0,99.5,1375.383,0.0,0,0.0,0.0
3391.0,C,RUNNING,3387.52,5,5,1,3,0.3333,5.0,99.5,1374.383,0.0,0,0.0,0.0
3392.0,C,RUNNING,3388.52,5,5,1,3,0.3333,5.0,99.5,1373.383,0.0,0,0.0,0.0
3393.0,C,RUNNING,3389.52,5,5,1,3,0.3333,5.0,99.5,1372.383,0.0,0,0.0,0.0
3394.0,C,RUNNING,3390.52,5,5,1,3,0.3333,5.0,99.5,1371.383,0.0,0,0.0,0.0
3395.0,C,RUNNING,3391.52,5,5,1,3,0.3333,5.0,99.5,1370.383,0.0,0,0.0,0.0
3396.0,C,RUNNING,3392.52,5,5,1,3,0.3333,5.0,99.5,1369.383,0.0,0,0.0,0.0
3397.0,C,RUNNING,3393.52,5,5,1,3,0.3333,5.0,99.5,1368.383,0.0,0,0.0,0.0
3398.0,C,RUNNING,3394.52,5,5,1,3,0.3333,5.0,99.5,1367.383,0.0,0,0.0,0.0
3399.0,C,RUNNING,3395.52,5,5,1,3,0.3333,5.0,99.5,1366.383,0.0,0,0.0,0.0
3400.0,C,RUNNING,3396.52,5,5,1,3,0.3333,5.0,99.5,1365.383,0.0,0,0.0,0.0
3401.0,C,RUNNING,3397.52,5,5,1,3,0.3333,5.0,99.5,1364.383,0.0,0,0.0,0.0
3402.0,C,RUNNING,3398.52,5,5,1,3,0.3333,5.0,99.5,1363.383,0.0,0,0.0,0.0
3403.0,C,RUNNING,3399.52,5,5,1,3,0.3333,5.0,99.5,1362.383,0.0,0,0.0,0.0
3404.0,C,RUNNING,3400.52,5,5,1,3,0.3333,5.0,99.5,1361.383,0.0,0,0.0,0.0
3405.0,C,RUNNING,3401.52,5,5,1,3,0.3333,5.0,99.5,1360.383,0.0,0,0.0,0.0
3406.0,C,RUNNING,3402.52,5,5,1,3,0.3333,5.0,99.5,1359.383,0.0,0,0.0,0.0
3407.0,C,RUNNING,3403.52,5,5,1,3,0.3333,5.0,99.5,1358.383,0.0,0,0.0,0.0
3408.0,C,RUNNING,3404.52,5,5,1,3,0.3333,5.0,99.5,1357.383,0.0,0,0.0,0.0
3409.0,C,RUNNING,3405.52,5,5,1,3,0.3333,5.0,99.5,1356.383,0.0,0,0.0,0.0
3410.0,C,RUNNING,3406.52,5,5,1,3,0.3333,5.0,99.5,1355.383,0.0,0,0.0,0.0
3411.0,C,RUNNING,3407.52,5,5,1,3,0.3333,5.0,99.5,1354.383,0.0,0,0.0,0.0
3412.0,C,RUNNING,3408.52,5,5,1,3,0.3333,5.0,99.5,1353.383,0.0,0,0.0,0.0
3413.0,C,RUNNING,3409.52,5,5,1,3,0.3333,5.0,99.5,1352.383,0.0,0,0.0,0.0
3414.0,C,RUNNING,3410.52,5,5,1,3,0.3333,5.0,99.5,1351.383,0.0,0,0.0,0.0
3415.0,C,RUNNING,3411.52,5,5,1,3,0.3333,5.0,99.5,1350.383,0.0,0,0.0,0.0
3416.0,C,RUNNING,3412.52,5,5,1,3,0.3333,5.0,99.5,1349.383,0.0,0,0.0,0.0
3417.0,C,RUNNING,3413.52,5,5,1,3,0.3333,5.0,99.5,1348.383,0.0,0,0.0,0.0
3418.0,C,RUNNING,3414.52,5,5,1,3,0.3333,5.0,99.5,1347.383,0.0,0,0.0,0.0
3419.0,C,RUNNING,3415.52,5,5,1,3,0.3333,5.0,99.5,1346.383,0.0,0,0.0,0.0
3420.0,C,RUNNING,3416.52,5,5,1,3,0.3333,5.0,99.5,1345.383,0.0,0,0.0,0.0
3421.0,C,RUNNING,3417.52,5,5,1,3,0.3333,5.0,99.5,1344.383,0.0,0,0.0,0.0
3422.0,C,RUNNING,3418.52,5,5,1,3,0.3333,5.0,99.5,1343.383,0.0,0,0.0,0.0
3423.0,C,RUNNING,3419.52,5,5,1,3,0.3333,5.0,99.5,1342.383,0.0,0,0.0,0.0
3424.0,C,RUNNING,3420.52,5,5,1,3,0.3333,5.0,99.5,1341.383,0.0,0,0.0,0.0
3425.0,C,RUNNING,3421.52,5,5,1,3,0.3333,5.0,99.5,1340.383,0.0,0,0.0,0.0
3426.0,C,RUNNING,3422.52,5,5,1,3,0.3333,5.0,99.5,1339.383,0.0,0,0.0,0.0
3427.0,C,RUNNING,3423.52,5,5,1,3,0.3333,5.0,99.5,1338.383,0.0,0,0.0,0.0
3428.0,C,RUNNING,3424.52,5,5,1,3,0.3333,5.0,99.5,1337.383,0.0,0,0.0,0.0
3429.0,C,RUNNING,3425.52,5,5,1,3,0.3333,5.0,99.5,1336.383,0.0,0,0.0,0.0
3430.0,C,RUNNING,3426.52,5,5,1,3,0.3333,5.0,99.5,1335.383,0.0,0,0.0,0.0
3431.0,C,RUNNING,3427.52,5,5,1,3,0.3333,5.0,99.5,1334.383,0.0,0,0.0,0.0
3432.0,C,RUNNING,3428.52,5,5,1,3,0.3333,5.0,99.5,1333.383,0.0,0,0.0,0.0
3433.0,C,RUNNING,3429.52,5,5,1,3,0.3333,5.0,99.5,1332.383,0.0,0,0.0,0.0
3434.0,C,RUNNING,3430.52,5,5,1,3,0.3333,5.0,99.5,1331.383,0.0,0,0.0,0.0
3435.0,C,RUNNING,3431.52,5,5,1,3,0.3333,5.0,99.5,1330.383,0.0,0,0.0,0.0
3436.0,C,RUNNING,3432.52,5,5,1,3,0.3333,5.0,99.5,1329.383,0.0,0,0.0,0.0
3437.0,C,RUNNING,3433.52,5,5,1,3,0.3333,5.0,99.5,1328.383,0.0,0,0.0,0.0
3438.0,C,RUNNING,3434.52,5,5,1,3,0.3333,5.0,99.5,1327.383,0.0,0,0.0,0.0
3439.0,C,RUNNING,3435.52,5,5,1,3,0.3333,5.0,99.5,1326.383,0.0,0,0.0,0.0
3440.0,C,RUNNING,3436.52,5,5,1,3,0.3333,5.0,99.5,1325.383,0.0,0,0.0,0.0
3441.0,C,RUNNING,3437.52,5,5,1,3,0.3333,5.0,99.5,1324.383,0.0,0,0.0,0.0
3442.0,C,RUNNING,3438.52,5,5,1,3,0.3333,5.0,99.5,1323.383,0.0,0,0.0,0.0
3443.0,C,RUNNING,3439.52,5,5,1,3,0.3333,5.0,99.5,1322.383,0.0,0,0.0,0.0
3444.0,C,RUNNING,3440.52,5,5,1,3,0.3333,5.0,99.5,1321.383,0.0,0,0.0,0.0
3445.0,C,RUNNING,3441.52,5,5,1,3,0.3333,5.0,99.5,1320.383,0.0,0,0.0,0.0
3446.0,C,RUNNING,3442.52,5,5,1,3,0.3333,5.0,99.5,1319.383,0.0,0,0.0,0.0
3447.0,C,RUNNING,3443.52,5,6,0,3,0.0,5.0,99.5,2038.383,0.0,0,0.0,0.0
3448.0,C,RUNNING,3444.52,5,6,0,3,0.0,5.0,99.5,2037.383,0.0,0,0.0,0.0
3449.0,C,RUNNING,3445.52,5,6,0,3,0.0,5.0,99.5,2036.383,0.0,0,0.0,0.0
3450.0,C,RUNNING,3446.52,5,6,0,3,0.0,5.0,99.5,2035.383,0.0,0,0.0,0.0
3451.0,C,RUNNING,3447.52,5,6,0,3,0.0,5.0,99.5,2034.383,0.0,0,0.0,0.0
3452.0,C,RUNNING,3448.52,5,6,0,3,0.0,5.0,99.5,2033.383,0.0,0,0.0,0.0
3453.0,C,RUNNING,3449.52,5,6,0,3,0.0,5.0,99.5,2032.383,0.0,0,0.0,0.0
3454.0,C,RUNNING,3450.52,5,6,0,3,0.0,5.0,99.5,2031.383,0.0,0,0.0,0.0
3455.0,C,RUNNING,3451.52,5,6,0,3,0.0,5.0,99.5,2030.383,0.0,0,0.0,0.0
3456.0,C,RUNNING,3452.52,5,6,0,3,0.0,5.0,99.5,2029.383,0.0,0,0.0,0.0
3457.0,C,RUNNING,3453.52,5,6,0,3,0.0,5.0,99.5,2028.383,0.0,0,0.0,0.0
3458.0,C,RUNNING,3454.52,5,6,0,3,0.0,5.0,99.5,2027.383,0.0,0,0.0,0.0
3459.0,C,RUNNING,3455.52,5,6,0,3,0.0,5.0,99.5,2026.383,0.0,0,0.0,0.0
3460.0,C,RUNNING,3456.52,5,6,0,3,0.0,5.0,99.5,2025.383,0.0,0,0.0,0.0
3461.0,C,RUNNING,3457.52,5,6,0,3,0.0,5.0,99.5,2024.383,0.0,0,0.0,0.0
3462.0,C,RUNNING,3458.52,5,6,0,3,0.0,5.0,99.5,2023.383,0.0,0,0.0,0.0
3463.0,C,RUNNING,3459.52,5,6,0,3,0.0,5.0,99.5,2022.383,0.0,0,0.0,0.0
3464.0,C,RUNNING,3460.52,5,6,0,3,0.0,5.0,99.5,2021.383,0.0,0,0.0,0.0
3465.0,C,RUNNING,3461.52,5,6,0,3,0.0,5.0,99.5,2020.383,0.0,0,0.0,0.0
3466.0,C,RUNNING,3462.52,5,6,0,3,0.0,5.0,99.5,2019.383,0.0,0,0.0,0.0
3467.0,C,RUNNING,3463.52,5,6,0,3,0.0,5.0,99.5,2018.383,0.0,0,0.0,0.0
3468.0,C,RUNNING,3464.52,5,6,0,3,0.0,5.0,99.5,2017.383,0.0,0,0.0,0.0
3469.0,C,RUNNING,3465.52,5,6,0,3,0.0,5.0,99.5,2016.383,0.0,0,0.0,0.0
3470.0,C,RUNNING,3466.52,5,6,0,3,0.0,5.0,99.5,2015.383,0.0,0,0.0,0.0
3471.0,C,RUNNING,3467.52,5,6,0,3,0.0,5.0,99.5,2014.383,0.0,0,0.0,0.0
3472.0,C,RUNNING,3468.52,5,6,0,3,0.0,5.0,99.5,2013.383,0.0,0,0.0,0.0
3473.0,C,RUNNING,3469.52,5,6,0,3,0.0,5.0,99.5,2012.383,0.0,0,0.0,0.0
3474.0,C,RUNNING,3470.52,5,6,0,3,0.0,5.0,99.5,2011.383,0.0,0,0.0,0.0
3475.0,C,RUNNING,3471.52,5,6,0,3,0.0,5.0,99.5,2010.383,0.0,0,0.0,0.0
3476.0,C,RUNNING,3472.52,5,6,0,3,0.0,5.0,99.5,2009.383,0.0,0,0.0,0.0
3477.0,C,RUNNING,3473.52,5,6,0,3,0.0,5.0,99.5,2008.383,0.0,0,0.0,0.0
3478.0,C,RUNNING,3474.52,5,6,0,3,0.0,5.0,99.5,2007.383,0.0,0,0.0,0.0
3479.0,C,RUNNING,3475.52,5,6,0,3,0.0,5.0,99.5,2006.383,0.0,0,0.0,0.0
3480.0,C,RUNNING,3476.52,5,6,0,3,0.0,5.0,99.5,2005.383,0.0,0,0.0,0.0
3481.0,C,RUNNING,3477.52,5,6,0,3,0.0,5.0,99.5,2004.383,0.0,0,0.0,0.0
3482.0,C,RUNNING,3478.52,5,6,0,3,0.0,5.0,99.5,2003.383,0.0,0,0.0,0.0
3483.0,C,RUNNING,3479.52,5,6,0,3,0.0,5.0,99.5,2002.383,0.0,0,0.0,0.0
3484.0,C,RUNNING,3480.52,5,6,0,3,0.0,5.0,99.5,2001.383,0.0,0,0.0,0.0
3485.0,C,RUNNING,3481.52,5,6,0,3,0.0,5.0,99.5,2000.383,0.0,0,0.0,0.0
3486.0,C,RUNNING,3482.52,5,6,0,3,0.0,5.0,99.5,1999.383,0.0,0,0.0,0.0
3487.0,C,RUNNING,3483.52,5,6,0,3,0.0,5.0,99.5,1998.383,0.0,0,0.0,0.0
3488.0,C,RUNNING,3484.52,5,6,0,3,0.0,5.0,99.5,1997.383,0.0,0,0.0,0.0
3489.0,C,RUNNING,3485.52,5,6,0,3,0.0,5.0,99.5,1996.383,0.0,0,0.0,0.0
3490.0,C,RUNNING,3486.52,5,6,0,3,0.0,5.0,99.5,1995.383,0.0,0,0.0,0.0
3491.0,C,RUNNING,3487.52,5,6,0,3,0.0,5.0,99.5,1994.383,0.0,0,0.0,0.0
3492.0,C,RUNNING,3488.52,5,6,0,3,0.0,5.0,99.5,1993.383,0.0,0,0.0,0.0
3493.0,C,RUNNING,3489.52,5,6,0,3,0.0,5.0,99.5,1992.383,0.0,0,0.0,0.0
3494.0,C,RUNNING,3490.52,5,6,0,3,0.0,5.0,99.5,1991.383,0.0,0,0.0,0.0
3495.0,C,RUNNING,3491.52,5,6,0,3,0.0,5.0,99.5,1990.383,0.0,0,0.0,0.0
3496.0,C,RUNNING,3492.52,5,6,0,3,0.0,5.0,99.5,1989.383,0.0,0,0.0,0.0
3497.0,C,RUNNING,3493.52,5,6,0,3,0.0,5.0,99.5,1988.383,0.0,0,0.0,0.0
3498.0,C,RUNNING,3494.52,5,6,0,3,0.0,5.0,99.5,1987.383,0.0,0,0.0,0.0
3499.0,C,RUNNING,3495.52,5,6,0,3,0.0,5.0,99.5,1986.383,0.0,0,0.0,0.0
3500.0,C,RUNNING,3496.52,5,6,0,3,0.0,5.0,99.5,1985.383,0.0,0,0.0,0.0
3501.0,C,RUNNING,3497.52,5,6,0,3,0.0,5.0,99.5,1984.383,0.0,0,0.0,0.0
3502.0,C,RUNNING,3498.52,5,6,0,3,0.0,5.0,99.5,1983.383,0.0,0,0.0,0.0
3503.0,C,RUNNING,3499.52,5,6,0,3,0.0,5.0,99.5,1982.383,0.0,0,0.0,0.0
3504.0,C,RUNNING,3500.52,5,6,0,3,0.0,5.0,99.5,1981.383,0.0,0,0.0,0.0
3505.0,C,RUNNING,3501.52,5,6,0,3,0.0,5.0,99.5,1980.383,0.0,0,0.0,0.0
3506.0,C,RUNNING,3502.52,5,6,0,3,0.0,5.0,99.5,1979.383,0.0,0,0.0,0.0
3507.0,C,RUNNING,3503.52,5,6,0,3,0.0,5.0,99.5,1978.383,0.0,0,0.0,0.0
3508.0,C,RUNNING,3504.52,5,6,0,3,0.0,5.0,99.5,1977.383,0.0,0,0.0,0.0
3509.0,C,RUNNING,3505.52,5,6,0,3,0.0,5.0,99.5,1976.383,0.0,0,0.0,0.0
3510.0,C,RUNNING,3506.52,5,6,0,3,0.0,5.0,99.5,1975.383,0.0,0,0.0,0.0
3511.0,C,RUNNING,3507.52,5,6,0,3,0.0,5.0,99.5,1974.383,0.0,0,0.0,0.0
3512.0,C,RUNNING,3508.52,5,6,0,3,0.0,5.0,99.5,1973.383,0.0,0,0.0,0.0
3513.0,C,RUNNING,3509.52,5,6,0,3,0.0,5.0,99.5,1972.383,0.0,0,0.0,0.0
3514.0,C,RUNNING,3510.52,5,6,0,3,0.0,5.0,99.5,1971.383,0.0,0,0.0,0.0
3515.0,C,RUNNING,3511.52,5,6,0,3,0.0,5.0,99.5,1970.383,0.0,0,0.0,0.0
3516.0,C,RUNNING,3512.52,5,6,0,3,0.0,5.0,99.5,1969.383,0.0,0,0.0,0.0
3517.0,C,RUNNING,3513.52,5,6,0,3,0.0,5.0,99.5,1968.383,0.0,0,0.0,0.0
3518.0,C,RUNNING,3514.52,5,6,0,3,0.0,5.0,99.5,1967.383,0.0,0,0.0,0.0
3519.0,C,RUNNING,3515.52,5,6,0,3,0.0,5.0,99.5,1966.383,0.0,0,0.0,0.0
3520.0,C,RUNNING,3516.52,5,6,0,3,0.0,5.0,99.5,1965.383,0.0,0,0.0,0.0
3521.0,C,RUNNING,3517.52,5,6,0,3,0.0,5.0,99.5,1964.383,0.0,0,0.0,0.0
3522.0,C,RUNNING,3518.52,5,6,0,3,0.0,5.0,99.5,1963.383,0.0,0,0.0,0.0
3523.0,C,RUNNING,3519.52,5,6,0,3,0.0,5.0,99.5,1962.383,0.0,0,0.0,0.0
3524.0,C,RUNNING,3520.52,5,6,0,3,0.0,5.0,99.5,1961.383,0.0,0,0.0,0.0
3525.0,C,RUNNING,3521.52,5,6,0,3,0.0,5.0,99.5,1960.383,0.0,0,0.0,0.0
3526.0,C,RUNNING,3522.52,5,6,0,3,0.0,5.0,99.5,1959.383,0.0,0,0.0,0.0
3527.0,C,RUNNING,3523.52,5,6,0,3,0.0,5.0,99.5,1958.383,0.0,0,0.0,0.0
3528.0,C,RUNNING,3524.52,5,6,0,3,0.0,5.0,99.5,1957.383,0.0,0,0.0,0.0
3529.0,C,RUNNING,3525.52,5,6,0,3,0.0,5.0,99.5,1956.383,0.0,0,0.0,0.0
3530.0,C,RUNNING,3526.52,5,6,0,3,0.0,5.0,99.5,1955.383,0.0,0,0.0,0.0
3531.0,C,RUNNING,3527.52,5,6,0,3,0.0,5.0,99.5,1954.383,0.0,0,0.0,0.0
3532.0,C,RUNNING,3528.52,5,6,0,3,0.0,5.0,99.5,1953.383,0.0,0,0.0,0.0
3533.0,C,RUNNING,3529.52,5,6,0,3,0.0,5.0,99.5,1952.383,0.0,0,0.0,0.0
3534.0,C,RUNNING,3530.52,5,6,0,3,0.0,5.0,99.5,1951.383,0.0,0,0.0,0.0
3535.0,C,RUNNING,3531.52,5,6,0,3,0.0,5.0,99.5,1950.383,0.0,0,0.0,0.0
3536.0,C,RUNNING,3532.52,5,6,0,3,0.0,5.0,99.5,1949.383,0.0,0,0.0,0.0
3537.0,C,RUNNING,3533.52,5,6,0,3,0.0,5.0,99.5,1948.383,0.0,0,0.0,0.0
3538.0,C,RUNNING,3534.52,5,6,0,3,0.0,5.0,99.5,1947.383,0.0,0,0.0,0.0
3539.0,C,RUNNING,3535.52,5,6,0,3,0.0,5.0,99.5,1946.383,0.0,0,0.0,0.0
3540.0,C,RUNNING,3536.52,5,6,0,3,0.0,5.0,99.5,1945.383,0.0,0,0.0,0.0
3541.0,C,RUNNING,3537.52,5,6,0,3,0.0,5.0,99.5,1944.383,0.0,0,0.0,0.0
3542.0,C,RUNNING,3538.52,5,6,0,3,0.0,5.0,99.5,1943.383,0.0,0,0.0,0.0
3543.0,C,RUNNING,3539.52,5,6,0,3,0.0,5.0,99.5,1942.383,0.0,0,0.0,0.0
3544.0,C,RUNNING,3540.52,5,6,0,3,0.0,5.0,99.5,1941.383,0.0,0,0.0,0.0
3545.0,C,RUNNING,3541.52,5,6,0,3,0.0,5.0,99.5,1940.383,0.0,0,0.0,0.0
3546.0,C,RUNNING,3542.52,5,6,0,3,0.0,5.0,99.5,1939.383,0.0,0,0.0,0.0
3547.0,C,RUNNING,3543.52,5,6,0,3,0.0,5.0,99.5,1938.383,0.0,0,0.0,0.0
3548.0,C,RUNNING,3544.52,5,6,0,3,0.0,5.0,99.5,1937.383,0.0,0,0.0,0.0
3549.0,C,RUNNING,3545.52,5,6,0,3,0.0,5.0,99.5,1936.383,0.0,0,0.0,0.0
3550.0,C,RUNNING,3546.52,5,6,0,3,0.0,5.0,99.5,1935.383,0.0,0,0.0,0.0
3551.0,C,RUNNING,3547.52,5,6,0,3,0.0,5.0,99.5,1934.383,0.0,0,0.0,0.0
3552.0,C,RUNNING,3548.52,5,6,0,3,0.0,5.0,99.5,1933.383,0.0,0,0.0,0.0
3553.0,C,RUNNING,3549.52,5,6,0,3,0.0,5.0,99.5,1932.383,0.0,0,0.0,0.0
3554.0,C,RUNNING,3550.52,5,6,0,3,0.0,5.0,99.5,1931.383,0.0,0,0.0,0.0
3555.0,C,RUNNING,3551.52,5,6,0,3,0.0,5.0,99.5,1930.383,0.0,0,0.0,0.0
3556.0,C,RUNNING,3552.52,5,6,0,3,0.0,5.0,99.5,1929.383,0.0,0,0.0,0.0
3557.0,C,RUNNING,3553.52,5,6,0,3,0.0,5.0,99.5,1928.383,0.0,0,0.0,0.0
3558.0,C,RUNNING,3554.52,5,6,0,3,0.0,5.0,99.5,1927.383,0.0,0,0.0,0.0
3559.0,C,RUNNING,3555.52,5,6,0,3,0.0,5.0,99.5,1926.383,0.0,0,0.0,0.0
3560.0,C,RUNNING,3556.52,5,6,0,3,0.0,5.0,99.5,1925.383,0.0,0,0.0,0.0
3561.0,C,RUNNING,3557.52,5,6,0,3,0.0,5.0,99.5,1924.383,0.0,0,0.0,0.0
3562.0,C,RUNNING,3558.52,5,6,0,3,0.0,5.0,99.5,1923.383,0.0,0,0.0,0.0
3563.0,C,RUNNING,3559.52,5,6,0,3,0.0,5.0,99.5,1922.383,0.0,0,0.0,0.0
3564.0,C,RUNNING,3560.52,5,6,0,3,0.0,5.0,99.5,1921.383,0.0,0,0.0,0.0
3565.0,C,RUNNING,3561.52,5,6,0,3,0.0,5.0,99.5,1920.383,0.0,0,0.0,0.0
3566.0,C,RUNNING,3562.52,5,6,0,3,0.0,5.0,99.5,1919.383,0.0,0,0.0,0.0
3567.0,C,RUNNING,3563.52,5,6,0,3,0.0,5.0,99.5,1918.383,0.0,0,0.0,0.0
3568.0,C,RUNNING,3564.52,5,6,0,3,0.0,5.0,99.5,1917.383,0.0,0,0.0,0.0
3569.0,C,RUNNING,3565.52,5,6,0,3,0.0,5.0,99.5,1916.383,0.0,0,0.0,0.0
3570.0,C,RUNNING,3566.52,5,6,0,3,0.0,5.0,99.5,1915.383,0.0,0,0.0,0.0
3571.0,C,RUNNING,3567.52,5,6,0,3,0.0,5.0,99.5,1914.383,0.0,0,0.0,0.0
3572.0,C,RUNNING,3568.52,5,6,0,3,0.0,5.0,99.5,1913.383,0.0,0,0.0,0.0
3573.0,C,RUNNING,3569.52,5,6,0,3,0.0,5.0,99.5,1912.383,0.0,0,0.0,0.0
3574.0,C,RUNNING,3570.52,5,6,0,3,0.0,5.0,99.5,1911.383,0.0,0,0.0,0.0
3575.0,C,RUNNING,3571.52,5,6,0,3,0.0,5.0,99.5,1910.383,0.0,0,0.0,0.0
3576.0,C,RUNNING,3572.52,5,6,0,3,0.0,5.0,99.5,1909.383,0.0,0,0.0,0.0
3577.0,C,RUNNING,3573.52,5,6,0,3,0.0,5.0,99.5,1908.383,0.0,0,0.0,0.0
3578.0,C,RUNNING,3574.52,5,6,0,3,0.0,5.0,99.5,1907.383,0.0,0,0.0,0.0
3579.0,C,RUNNING,3575.52,5,6,0,3,0.0,5.0,99.5,1906.383,0.0,0,0.0,0.0
3580.0,C,RUNNING,3576.52,5,6,0,3,0.0,5.0,99.5,1905.383,0.0,0,0.0,0.0
3581.0,C,RUNNING,3577.52,5,6,0,3,0.0,5.0,99.5,1904.383,0.0,0,0.0,0.0
3582.0,C,RUNNING,3578.52,5,6,0,3,0.0,5.0,99.5,1903.383,0.0,0,0.0,0.0
3583.0,C,RUNNING,3579.52,5,6,0,3,0.0,5.0,99.5,1902.383,0.0,0,0.0,0.0
3584.0,C,RUNNING,3580.52,5,6,0,3,0.0,5.0,99.5,1901.383,0.0,0,0.0,0.0
3585.0,C,RUNNING,3581.52,5,6,0,3,0.0,5.0,99.5,1900.383,0.0,0,0.0,0.0
3586.0,C,RUNNING,3582.52,5,6,0,3,0.0,5.0,99.5,1899.383,0.0,0,0.0,0.0
3587.0,C,RUNNING,3583.52,5,6,0,3,0.0,5.0,99.5,1898.383,0.0,0,0.0,0.0
3588.0,C,RUNNING,3584.52,5,6,0,3,0.0,5.0,99.5,1897.383,0.0,0,0.0,0.0
3589.0,C,RUNNING,3585.52,5,6,0,3,0.0,5.0,99.5,1896.383,0.0,0,0.0,0.0
3590.0,C,RUNNING,3586.52,5,6,0,3,0.0,5.0,99.5,1895.383,0.0,0,0.0,0.0
3591.0,C,RUNNING,3587.52,5,6,0,3,0.0,5.0,99.5,1894.383,0.0,0,0.0,0.0
3592.0,C,RUNNING,3588.52,5,6,0,3,0.0,5.0,99.5,1893.383,0.0,0,0.0,0.0
3593.0,C,RUNNING,3589.52,5,6,0,3,0.0,5.0,99.5,1892.383,0.0,0,0.0,0.0
3594.0,C,RUNNING,3590.52,5,6,0,3,0.0,5.0,99.5,1891.383,0.0,0,0.0,0.0
3595.0,C,RUNNING,3591.52,5,6,0,3,0.0,5.0,99.5,1890.383,0.0,0,0.0,0.0
3596.0,C,RUNNING,3592.52,5,6,0,3,0.0,5.0,99.5,1889.383,0.0,0,0.0,0.0
3597.0,C,RUNNING,3593.52,5,6,0,3,0.0,5.0,99.5,1888.383,0.0,0,0.0,0.0
3598.0,C,RUNNING,3594.52,5,6,0,3,0.0,5.0,99.5,1887.383,0.0,0,0.0,0.0
3599.0,C,RUNNING,3595.52,5,6,0,3,0.0,5.0,99.5,1886.383,0.0,0,0.0,0.0
3600.0,C,RUNNING,3596.52,5,6,0,3,0.0,5.0,99.5,1885.383,0.0,0,0.0,0.0
3601.0,C,RUNNING,3597.52,5,6,0,3,0.0,5.0,99.5,1884.383,0.0,0,0.0,0.0
3602.0,C,RUNNING,3598.52,5,6,0,3,0.0,5.0,99.5,1883.383,0.0,0,0.0,0.0
3603.0,C,RUNNING,3599.52,5,6,0,3,0.0,5.0,99.5,1882.383,0.0,0,0.0,0.0
3604.0,C,RUNNING,3600.52,5,6,0,3,0.0,5.0,99.5,1881.383,0.0,0,0.0,0.0
3605.0,C,RUNNING,3601.52,5,6,0,3,0.0,5.0,99.5,1880.383,0.0,0,0.0,0.0
3606.0,C,RUNNING,3602.52,5,6,0,3,0.0,5.0,99.5,1879.383,0.0,0,0.0,0.0
3607.0,C,RUNNING,3603.52,5,6,0,3,0.0,5.0,99.5,1878.383,0.0,0,0.0,0.0
3608.0,C,RUNNING,3604.52,5,6,0,3,0.0,5.0,99.5,1877.383,0.0,0,0.0,0.0
3609.0,C,RUNNING,3605.52,5,6,0,3,0.0,5.0,99.5,1876.383,0.0,0,0.0,0.0
3610.0,C,RUNNING,3606.52,5,6,0,3,0.0,5.0,99.5,1875.383,0.0,0,0.0,0.0
3611.0,C,RUNNING,3607.52,5,6,0,3,0.0,5.0,99.5,1874.383,0.0,0,0.0,0.0
3612.0,C,RUNNING,3608.52,5,6,0,3,0.0,5.0,99.5,1873.383,0.0,0,0.0,0.0
3613.0,C,RUNNING,3609.52,5,6,0,3,0.0,5.0,99.5,1872.383,0.0,0,0.0,0.0
3614.0,C,RUNNING,3610.52,5,6,0,3,0.0,5.0,99.5,1871.383,0.0,0,0.0,0.0
3615.0,C,RUNNING,3611.52,5,6,0,3,0.0,5.0,99.5,1870.383,0.0,0,0.0,0.0
3616.0,C,RUNNING,3612.52,5,6,0,3,0.0,5.0,99.5,1869.383,0.0,0,0.0,0.0
3617.0,C,RUNNING,3613.52,5,6,0,3,0.0,5.0,99.5,1868.383,0.0,0,0.0,0.0
