Using cpu device
training PPO for 300000 steps on ['balanced', 'fault_burst', 'high_demand', 'low_battery_start', 'one_hot_section', 'worn_robot'] (masked, 3 threads)
---------------------------------
| rollout/           |          |
|    ep_len_mean     | 26.2     |
|    ep_rew_mean     | 3.59     |
| time/              |          |
|    fps             | 449      |
|    iterations      | 1        |
|    time_elapsed    | 4        |
|    total_timesteps | 2048     |
---------------------------------
-----------------------------------------
| rollout/                |             |
|    ep_len_mean          | 27          |
|    ep_rew_mean          | 5.68        |
| time/                   |             |
|    fps                  | 435         |
|    iterations           | 2           |
|    time_elapsed         | 9           |
|    total_timesteps      | 4096        |
| train/                  |             |
|    approx_kl            | 0.015517575 |
|    clip_fraction        | 0.173       |
|    clip_range           | 0.2         |
|    entropy_loss         | -1.31       |
|    explained_variance   | 0.00389     |
|    learning_rate        | 0.0003      |
|    loss                 | 47.2        |
|    n_updates            | 10          |
|    policy_gradient_loss | -0.0199     |
|    value_loss           | 105         |
-----------------------------------------
-----------------------------------------
| rollout/                |             |
|    ep_len_mean          | 27.2        |
|    ep_rew_mean          | 11.2        |
| time/                   |             |
|    fps                  | 452         |
|    iterations           | 3           |
|    time_elapsed         | 13          |
|    total_timesteps      | 6144        |
| train/                  |             |
|    approx_kl            | 0.010494264 |
|    clip_fraction        | 0.0714      |
|    clip_range           | 0.2         |
|    entropy_loss         | -1.3        |
|    explained_variance   | 0.0196      |
|    learning_rate        | 0.0003      |
|    loss                 | 56.6        |
|    n_updates            | 20          |
|    policy_gradient_loss | -0.0127     |
|    value_loss           | 116         |
-----------------------------------------
-----------------------------------------
| rollout/                |             |
|    ep_len_mean          | 27.8        |
|    ep_rew_mean          | 15.4        |
| time/                   |             |
|    fps                  | 462         |
|    iterations           | 4           |
|    time_elapsed         | 17          |
|    total_timesteps      | 8192        |
| train/                  |             |
|    approx_kl            | 0.010634512 |
|    clip_fraction        | 0.0644      |
|    clip_range           | 0.2         |
|    entropy_loss         | -1.29       |
|    explained_variance   | 0.0247      |
|    learning_rate        | 0.0003      |
|    loss                 | 62.7        |
|    n_updates            | 30          |
|    policy_gradient_loss | -0.00909    |
|    value_loss           | 122         |
-----------------------------------------
-----------------------------------------
| rollout/                |             |
|    ep_len_mean          | 28.9        |
|    ep_rew_mean          | 19.6        |
| time/                   |             |
|    fps                  | 468         |
|    iterations           | 5           |
|    time_elapsed         | 21          |
|    total_timesteps      | 10240       |
| train/                  |             |
|    approx_kl            | 0.010129068 |
|    clip_fraction        | 0.0937      |
|    clip_range           | 0.2         |
|    entropy_loss         | -1.23       |
|    explained_variance   | 0.0145      |
|    learning_rate        | 0.0003      |
|    loss                 | 58.1        |
|    n_updates            | 40          |
|    policy_gradient_loss | -0.0117     |
|    value_loss           | 139         |
-----------------------------------------
-----------------------------------------
| rollout/                |             |
|    ep_len_mean          | 28.7        |
|    ep_rew_mean          | 20.2        |
| time/                   |             |
|    fps                  | 422         |
|    iterations           | 6           |
|    time_elapsed         | 29          |
|    total_timesteps      | 12288       |
| train/                  |             |
|    approx_kl            | 0.008494122 |
|    clip_fraction        | 0.0849      |
|    clip_range           | 0.2         |
|    entropy_loss         | -1.18       |
|    explained_variance   | 0.0134      |
|    learning_rate        | 0.0003      |
|    loss                 | 66.7        |
|    n_updates            | 50          |
|    policy_gradient_loss | -0.0122     |
|    value_loss           | 130         |
-----------------------------------------
----------------------------------------
| rollout/                |            |
|    ep_len_mean          | 29.7       |
|    ep_rew_mean          | 22.7       |
| time/                   |            |
|    fps                  | 420        |
|    iterations           | 7          |
|    time_elapsed         | 34         |
|    total_timesteps      | 14336      |
| train/                  |            |
|    approx_kl            | 0.00793007 |
|    clip_fraction        | 0.0673     |
|    clip_range           | 0.2        |
|    entropy_loss         | -1.12      |
|    explained_variance   | 0.0155     |
|    learning_rate        | 0.0003     |
|    loss                 | 54         |
|    n_updates            | 60         |
|    policy_gradient_loss | -0.00978   |
|    value_loss           | 133        |
----------------------------------------
------------------------------------------
| rollout/                |              |
|    ep_len_mean          | 31.1         |
|    ep_rew_mean          | 24.9         |
| time/                   |              |
|    fps                  | 426          |
|    iterations           | 8            |
|    time_elapsed         | 38           |
|    total_timesteps      | 16384        |
| train/                  |              |
|    approx_kl            | 0.0067379107 |
|    clip_fraction        | 0.0784       |
|    clip_range           | 0.2          |
|    entropy_loss         | -1.07        |
|    explained_variance   | 0.0348       |
|    learning_rate        | 0.0003       |
|    loss                 | 63.6         |
|    n_updates            | 70           |
|    policy_gradient_loss | -0.00959     |
|    value_loss           | 124          |
------------------------------------------
-----------------------------------------
| rollout/                |             |
|    ep_len_mean          | 33.5        |
|    ep_rew_mean          | 29.1        |
| time/                   |             |
|    fps                  | 440         |
|    iterations           | 9           |
|    time_elapsed         | 41          |
|    total_timesteps      | 18432       |
| train/                  |             |
|    approx_kl            | 0.008193966 |
|    clip_fraction        | 0.0538      |
|    clip_range           | 0.2         |
|    entropy_loss         | -1.04       |
|    explained_variance   | 0.095       |
|    learning_rate        | 0.0003      |
|    loss                 | 59.6        |
|    n_updates            | 80          |
|    policy_gradient_loss | -0.00841    |
|    value_loss           | 129         |
-----------------------------------------
------------------------------------------
| rollout/                |              |
|    ep_len_mean          | 34.6         |
|    ep_rew_mean          | 30.7         |
| time/                   |              |
|    fps                  | 447          |
|    iterations           | 10           |
|    time_elapsed         | 45           |
|    total_timesteps      | 20480        |
| train/                  |              |
|    approx_kl            | 0.0073310127 |
|    clip_fraction        | 0.0319       |
|    clip_range           | 0.2          |
|    entropy_loss         | -1.03        |
|    explained_variance   | 0.177        |
|    learning_rate        | 0.0003       |
|    loss                 | 44.7         |
|    n_updates            | 90           |
|    policy_gradient_loss | -0.00609     |
|    value_loss           | 99.5         |
------------------------------------------
------------------------------------------
| rollout/                |              |
|    ep_len_mean          | 35.8         |
|    ep_rew_mean          | 33.1         |
| time/                   |              |
|    fps                  | 446          |
|    iterations           | 11           |
|    time_elapsed         | 50           |
|    total_timesteps      | 22528        |
| train/                  |              |
|    approx_kl            | 0.0043436764 |
|    clip_fraction        | 0.0285       |
|    clip_range           | 0.2          |
|    entropy_loss         | -1.04        |
|    explained_variance   | 0.245        |
|    learning_rate        | 0.0003       |
|    loss                 | 38.6         |
|    n_updates            | 100          |
|    policy_gradient_loss | -0.00686     |
|    value_loss           | 95.1         |
------------------------------------------
------------------------------------------
| rollout/                |              |
|    ep_len_mean          | 36.2         |
|    ep_rew_mean          | 34.7         |
| time/                   |              |
|    fps                  | 455          |
|    iterations           | 12           |
|    time_elapsed         | 53           |
|    total_timesteps      | 24576        |
| train/                  |              |
|    approx_kl            | 0.0052555637 |
|    clip_fraction        | 0.0343       |
|    clip_range           | 0.2          |
|    entropy_loss         | -1.01        |
|    explained_variance   | 0.374        |
|    learning_rate        | 0.0003       |
|    loss                 | 40           |
|    n_updates            | 110          |
|    policy_gradient_loss | -0.00731     |
|    value_loss           | 88.8         |
------------------------------------------
------------------------------------------
| rollout/                |              |
|    ep_len_mean          | 37.5         |
|    ep_rew_mean          | 36.7         |
| time/                   |              |
|    fps                  | 462          |
|    iterations           | 13           |
|    time_elapsed         | 57           |
|    total_timesteps      | 26624        |
| train/                  |              |
|    approx_kl            | 0.0050029554 |
|    clip_fraction        | 0.0211       |
|    clip_range           | 0.2          |
|    entropy_loss         | -0.981       |
|    explained_variance   | 0.493        |
|    learning_rate        | 0.0003       |
|    loss                 | 37.1         |
|    n_updates            | 120          |
|    policy_gradient_loss | -0.00474     |
|    value_loss           | 77.5         |
------------------------------------------
-----------------------------------------
| rollout/                |             |
|    ep_len_mean          | 38.9        |
|    ep_rew_mean          | 39          |
| time/                   |             |
|    fps                  | 472         |
|    iterations           | 14          |
|    time_elapsed         | 60          |
|    total_timesteps      | 28672       |
| train/                  |             |
|    approx_kl            | 0.008164511 |
|    clip_fraction        | 0.0821      |
|    clip_range           | 0.2         |
|    entropy_loss         | -0.922      |
|    explained_variance   | 0.606       |
|    learning_rate        | 0.0003      |
|    loss                 | 25.6        |
|    n_updates            | 130         |
|    policy_gradient_loss | -0.00904    |
|    value_loss           | 61.7        |
-----------------------------------------
------------------------------------------
| rollout/                |              |
|    ep_len_mean          | 39.6         |
|    ep_rew_mean          | 38.7         |
| time/                   |              |
|    fps                  | 463          |
|    iterations           | 15           |
|    time_elapsed         | 66           |
|    total_timesteps      | 30720        |
| train/                  |              |
|    approx_kl            | 0.0049793804 |
|    clip_fraction        | 0.0337       |
|    clip_range           | 0.2          |
|    entropy_loss         | -0.935       |
|    explained_variance   | 0.643        |
|    learning_rate        | 0.0003       |
|    loss                 | 30.8         |
|    n_updates            | 140          |
|    policy_gradient_loss | -0.0059      |
|    value_loss           | 65.1         |
------------------------------------------
------------------------------------------
| rollout/                |              |
|    ep_len_mean          | 40.2         |
|    ep_rew_mean          | 39.9         |
| time/                   |              |
|    fps                  | 465          |
|    iterations           | 16           |
|    time_elapsed         | 70           |
|    total_timesteps      | 32768        |
| train/                  |              |
|    approx_kl            | 0.0054161535 |
|    clip_fraction        | 0.0484       |
|    clip_range           | 0.2          |
|    entropy_loss         | -0.885       |
|    explained_variance   | 0.65         |
|    learning_rate        | 0.0003       |
|    loss                 | 22.9         |
|    n_updates            | 150          |
|    policy_gradient_loss | -0.00749     |
|    value_loss           | 56.2         |
------------------------------------------
------------------------------------------
| rollout/                |              |
|    ep_len_mean          | 41           |
|    ep_rew_mean          | 42.1         |
| time/                   |              |
|    fps                  | 472          |
|    iterations           | 17           |
|    time_elapsed         | 73           |
|    total_timesteps      | 34816        |
| train/                  |              |
|    approx_kl            | 0.0044828616 |
|    clip_fraction        | 0.0373       |
|    clip_range           | 0.2          |
|    entropy_loss         | -0.895       |
|    explained_variance   | 0.694        |
|    learning_rate        | 0.0003       |
|    loss                 | 27.5         |
|    n_updates            | 160          |
|    policy_gradient_loss | -0.00564     |
|    value_loss           | 57.8         |
------------------------------------------
------------------------------------------
| rollout/                |              |
|    ep_len_mean          | 41.3         |
|    ep_rew_mean          | 42           |
| time/                   |              |
|    fps                  | 478          |
|    iterations           | 18           |
|    time_elapsed         | 77           |
|    total_timesteps      | 36864        |
| train/                  |              |
|    approx_kl            | 0.0068505993 |
|    clip_fraction        | 0.0466       |
|    clip_range           | 0.2          |
|    entropy_loss         | -0.924       |
|    explained_variance   | 0.676        |
|    learning_rate        | 0.0003       |
|    loss                 | 27.7         |
|    n_updates            | 170          |
|    policy_gradient_loss | -0.00566     |
|    value_loss           | 65.2         |
------------------------------------------
------------------------------------------
| rollout/                |              |
|    ep_len_mean          | 42.9         |
|    ep_rew_mean          | 42.9         |
| time/                   |              |
|    fps                  | 485          |
|    iterations           | 19           |
|    time_elapsed         | 80           |
|    total_timesteps      | 38912        |
| train/                  |              |
|    approx_kl            | 0.0029584297 |
|    clip_fraction        | 0.0179       |
|    clip_range           | 0.2          |
|    entropy_loss         | -0.878       |
|    explained_variance   | 0.709        |
|    learning_rate        | 0.0003       |
|    loss                 | 24.9         |
|    n_updates            | 180          |
|    policy_gradient_loss | -0.00502     |
|    value_loss           | 54           |
------------------------------------------
------------------------------------------
| rollout/                |              |
|    ep_len_mean          | 45           |
|    ep_rew_mean          | 45.3         |
| time/                   |              |
|    fps                  | 490          |
|    iterations           | 20           |
|    time_elapsed         | 83           |
|    total_timesteps      | 40960        |
| train/                  |              |
|    approx_kl            | 0.0057641827 |
|    clip_fraction        | 0.0575       |
|    clip_range           | 0.2          |
|    entropy_loss         | -0.835       |
|    explained_variance   | 0.761        |
|    learning_rate        | 0.0003       |
|    loss                 | 21.4         |
|    n_updates            | 190          |
|    policy_gradient_loss | -0.00795     |
|    value_loss           | 45.3         |
------------------------------------------
------------------------------------------
| rollout/                |              |
|    ep_len_mean          | 45.2         |
|    ep_rew_mean          | 45.7         |
| time/                   |              |
|    fps                  | 497          |
|    iterations           | 21           |
|    time_elapsed         | 86           |
|    total_timesteps      | 43008        |
| train/                  |              |
|    approx_kl            | 0.0058396496 |
|    clip_fraction        | 0.0345       |
|    clip_range           | 0.2          |
|    entropy_loss         | -0.816       |
|    explained_variance   | 0.783        |
|    learning_rate        | 0.0003       |
|    loss                 | 17.8         |
|    n_updates            | 200          |
|    policy_gradient_loss | -0.00433     |
|    value_loss           | 45           |
------------------------------------------
-----------------------------------------
| rollout/                |             |
|    ep_len_mean          | 45.8        |
|    ep_rew_mean          | 46          |
| time/                   |             |
|    fps                  | 503         |
|    iterations           | 22          |
|    time_elapsed         | 89          |
|    total_timesteps      | 45056       |
| train/                  |             |
|    approx_kl            | 0.005220471 |
|    clip_fraction        | 0.0562      |
|    clip_range           | 0.2         |
|    entropy_loss         | -0.783      |
|    explained_variance   | 0.754       |
|    learning_rate        | 0.0003      |
|    loss                 | 23.1        |
|    n_updates            | 210         |
|    policy_gradient_loss | -0.00667    |
|    value_loss           | 53.9        |
-----------------------------------------
-----------------------------------------
| rollout/                |             |
|    ep_len_mean          | 46.8        |
|    ep_rew_mean          | 47.5        |
| time/                   |             |
|    fps                  | 513         |
|    iterations           | 23          |
|    time_elapsed         | 91          |
|    total_timesteps      | 47104       |
| train/                  |             |
|    approx_kl            | 0.005324538 |
|    clip_fraction        | 0.0261      |
|    clip_range           | 0.2         |
|    entropy_loss         | -0.803      |
|    explained_variance   | 0.815       |
|    learning_rate        | 0.0003      |
|    loss                 | 22.3        |
|    n_updates            | 220         |
|    policy_gradient_loss | -0.00368    |
|    value_loss           | 42.6        |
-----------------------------------------
------------------------------------------
| rollout/                |              |
|    ep_len_mean          | 48.3         |
|    ep_rew_mean          | 49.4         |
| time/                   |              |
|    fps                  | 518          |
|    iterations           | 24           |
|    time_elapsed         | 94           |
|    total_timesteps      | 49152        |
| train/                  |              |
|    approx_kl            | 0.0043574497 |
|    clip_fraction        | 0.0292       |
|    clip_range           | 0.2          |
|    entropy_loss         | -0.809       |
|    explained_variance   | 0.798        |
|    learning_rate        | 0.0003       |
|    loss                 | 24.9         |
|    n_updates            | 230          |
|    policy_gradient_loss | -0.00341     |
|    value_loss           | 46.5         |
------------------------------------------
-----------------------------------------
| rollout/                |             |
|    ep_len_mean          | 49.7        |
|    ep_rew_mean          | 50.7        |
| time/                   |             |
|    fps                  | 523         |
|    iterations           | 25          |
|    time_elapsed         | 97          |
|    total_timesteps      | 51200       |
| train/                  |             |
|    approx_kl            | 0.006342831 |
|    clip_fraction        | 0.0335      |
|    clip_range           | 0.2         |
|    entropy_loss         | -0.809      |
|    explained_variance   | 0.834       |
|    learning_rate        | 0.0003      |
|    loss                 | 16.9        |
|    n_updates            | 240         |
|    policy_gradient_loss | -0.00418    |
|    value_loss           | 39.1        |
-----------------------------------------
-----------------------------------------
| rollout/                |             |
|    ep_len_mean          | 50          |
|    ep_rew_mean          | 50.2        |
| time/                   |             |
|    fps                  | 529         |
|    iterations           | 26          |
|    time_elapsed         | 100         |
|    total_timesteps      | 53248       |
| train/                  |             |
|    approx_kl            | 0.006008828 |
|    clip_fraction        | 0.0344      |
|    clip_range           | 0.2         |
|    entropy_loss         | -0.781      |
|    explained_variance   | 0.831       |
|    learning_rate        | 0.0003      |
|    loss                 | 17.3        |
|    n_updates            | 250         |
|    policy_gradient_loss | -0.00406    |
|    value_loss           | 38.5        |
-----------------------------------------
------------------------------------------
| rollout/                |              |
|    ep_len_mean          | 50.6         |
|    ep_rew_mean          | 49.9         |
| time/                   |              |
|    fps                  | 533          |
|    iterations           | 27           |
|    time_elapsed         | 103          |
|    total_timesteps      | 55296        |
| train/                  |              |
|    approx_kl            | 0.0040700035 |
|    clip_fraction        | 0.0372       |
|    clip_range           | 0.2          |
|    entropy_loss         | -0.763       |
|    explained_variance   | 0.859        |
|    learning_rate        | 0.0003       |
|    loss                 | 14.6         |
|    n_updates            | 260          |
|    policy_gradient_loss | -0.00406     |
|    value_loss           | 33.3         |
------------------------------------------
-----------------------------------------
| rollout/                |             |
|    ep_len_mean          | 51.2        |
|    ep_rew_mean          | 51.3        |
| time/                   |             |
|    fps                  | 536         |
|    iterations           | 28          |
|    time_elapsed         | 106         |
|    total_timesteps      | 57344       |
| train/                  |             |
|    approx_kl            | 0.006043488 |
|    clip_fraction        | 0.051       |
|    clip_range           | 0.2         |
|    entropy_loss         | -0.768      |
|    explained_variance   | 0.877       |
|    learning_rate        | 0.0003      |
|    loss                 | 12.3        |
|    n_updates            | 270         |
|    policy_gradient_loss | -0.0052     |
|    value_loss           | 28.1        |
-----------------------------------------
-----------------------------------------
| rollout/                |             |
|    ep_len_mean          | 51.4        |
|    ep_rew_mean          | 52.6        |
| time/                   |             |
|    fps                  | 539         |
|    iterations           | 29          |
|    time_elapsed         | 110         |
|    total_timesteps      | 59392       |
| train/                  |             |
|    approx_kl            | 0.004509246 |
|    clip_fraction        | 0.0383      |
|    clip_range           | 0.2         |
|    entropy_loss         | -0.758      |
|    explained_variance   | 0.886       |
|    learning_rate        | 0.0003      |
|    loss                 | 11.9        |
|    n_updates            | 280         |
|    policy_gradient_loss | -0.00466    |
|    value_loss           | 30.3        |
-----------------------------------------
------------------------------------------
| rollout/                |              |
|    ep_len_mean          | 51.5         |
|    ep_rew_mean          | 52.9         |
| time/                   |              |
|    fps                  | 543          |
|    iterations           | 30           |
|    time_elapsed         | 112          |
|    total_timesteps      | 61440        |
| train/                  |              |
|    approx_kl            | 0.0045295404 |
|    clip_fraction        | 0.0351       |
|    clip_range           | 0.2          |
|    entropy_loss         | -0.766       |
|    explained_variance   | 0.884        |
|    learning_rate        | 0.0003       |
|    loss                 | 14.8         |
|    n_updates            | 290          |
|    policy_gradient_loss | -0.00319     |
|    value_loss           | 30           |
------------------------------------------
------------------------------------------
| rollout/                |              |
|    ep_len_mean          | 51.5         |
|    ep_rew_mean          | 53.1         |
| time/                   |              |
|    fps                  | 547          |
|    iterations           | 31           |
|    time_elapsed         | 116          |
|    total_timesteps      | 63488        |
| train/                  |              |
|    approx_kl            | 0.0023224405 |
|    clip_fraction        | 0.0152       |
|    clip_range           | 0.2          |
|    entropy_loss         | -0.737       |
|    explained_variance   | 0.881        |
|    learning_rate        | 0.0003       |
|    loss                 | 12.3         |
|    n_updates            | 300          |
|    policy_gradient_loss | -0.00344     |
|    value_loss           | 29.8         |
------------------------------------------
------------------------------------------
| rollout/                |              |
|    ep_len_mean          | 52.4         |
|    ep_rew_mean          | 53.7         |
| time/                   |              |
|    fps                  | 549          |
|    iterations           | 32           |
|    time_elapsed         | 119          |
|    total_timesteps      | 65536        |
| train/                  |              |
|    approx_kl            | 0.0013497436 |
|    clip_fraction        | 0.0151       |
|    clip_range           | 0.2          |
|    entropy_loss         | -0.767       |
|    explained_variance   | 0.895        |
|    learning_rate        | 0.0003       |
|    loss                 | 11           |
|    n_updates            | 310          |
|    policy_gradient_loss | -0.00201     |
|    value_loss           | 27.6         |
------------------------------------------
------------------------------------------
| rollout/                |              |
|    ep_len_mean          | 52.7         |
|    ep_rew_mean          | 54.2         |
| time/                   |              |
|    fps                  | 553          |
|    iterations           | 33           |
|    time_elapsed         | 122          |
|    total_timesteps      | 67584        |
| train/                  |              |
|    approx_kl            | 0.0046649068 |
|    clip_fraction        | 0.0352       |
|    clip_range           | 0.2          |
|    entropy_loss         | -0.784       |
|    explained_variance   | 0.908        |
|    learning_rate        | 0.0003       |
|    loss                 | 9.39         |
|    n_updates            | 320          |
|    policy_gradient_loss | -0.00296     |
|    value_loss           | 25.3         |
------------------------------------------
------------------------------------------
| rollout/                |              |
|    ep_len_mean          | 52           |
|    ep_rew_mean          | 53.4         |
| time/                   |              |
|    fps                  | 560          |
|    iterations           | 34           |
|    time_elapsed         | 124          |
|    total_timesteps      | 69632        |
| train/                  |              |
|    approx_kl            | 0.0027867658 |
|    clip_fraction        | 0.0287       |
|    clip_range           | 0.2          |
|    entropy_loss         | -0.828       |
|    explained_variance   | 0.895        |
|    learning_rate        | 0.0003       |
|    loss                 | 14.5         |
|    n_updates            | 330          |
|    policy_gradient_loss | -0.00272     |
|    value_loss           | 30.3         |
------------------------------------------
-----------------------------------------
| rollout/                |             |
|    ep_len_mean          | 51.2        |
|    ep_rew_mean          | 53.8        |
| time/                   |             |
|    fps                  | 562         |
|    iterations           | 35          |
|    time_elapsed         | 127         |
|    total_timesteps      | 71680       |
| train/                  |             |
|    approx_kl            | 0.006252389 |
|    clip_fraction        | 0.0432      |
|    clip_range           | 0.2         |
|    entropy_loss         | -0.837      |
|    explained_variance   | 0.866       |
|    learning_rate        | 0.0003      |
|    loss                 | 24          |
|    n_updates            | 340         |
|    policy_gradient_loss | -0.00399    |
|    value_loss           | 40.5        |
-----------------------------------------
------------------------------------------
| rollout/                |              |
|    ep_len_mean          | 50.8         |
|    ep_rew_mean          | 53.8         |
| time/                   |              |
|    fps                  | 564          |
|    iterations           | 36           |
|    time_elapsed         | 130          |
|    total_timesteps      | 73728        |
| train/                  |              |
|    approx_kl            | 0.0031080772 |
|    clip_fraction        | 0.00684      |
|    clip_range           | 0.2          |
|    entropy_loss         | -0.826       |
|    explained_variance   | 0.901        |
|    learning_rate        | 0.0003       |
|    loss                 | 18           |
|    n_updates            | 350          |
|    policy_gradient_loss | -0.00133     |
|    value_loss           | 29.2         |
------------------------------------------
-----------------------------------------
| rollout/                |             |
|    ep_len_mean          | 50.8        |
|    ep_rew_mean          | 52.9        |
| time/                   |             |
|    fps                  | 566         |
|    iterations           | 37          |
|    time_elapsed         | 133         |
|    total_timesteps      | 75776       |
| train/                  |             |
|    approx_kl            | 0.004163176 |
|    clip_fraction        | 0.0337      |
|    clip_range           | 0.2         |
|    entropy_loss         | -0.804      |
|    explained_variance   | 0.894       |
|    learning_rate        | 0.0003      |
|    loss                 | 13.8        |
|    n_updates            | 360         |
|    policy_gradient_loss | -0.00377    |
|    value_loss           | 33          |
-----------------------------------------
-----------------------------------------
| rollout/                |             |
|    ep_len_mean          | 51.5        |
|    ep_rew_mean          | 53.8        |
| time/                   |             |
|    fps                  | 567         |
|    iterations           | 38          |
|    time_elapsed         | 137         |
|    total_timesteps      | 77824       |
| train/                  |             |
|    approx_kl            | 0.004031794 |
|    clip_fraction        | 0.0369      |
|    clip_range           | 0.2         |
|    entropy_loss         | -0.813      |
|    explained_variance   | 0.914       |
|    learning_rate        | 0.0003      |
|    loss                 | 8.57        |
|    n_updates            | 370         |
|    policy_gradient_loss | -0.0032     |
|    value_loss           | 23.4        |
-----------------------------------------
-----------------------------------------
| rollout/                |             |
|    ep_len_mean          | 51.3        |
|    ep_rew_mean          | 53.6        |
| time/                   |             |
|    fps                  | 570         |
|    iterations           | 39          |
|    time_elapsed         | 140         |
|    total_timesteps      | 79872       |
| train/                  |             |
|    approx_kl            | 0.006860726 |
|    clip_fraction        | 0.0601      |
|    clip_range           | 0.2         |
|    entropy_loss         | -0.836      |
|    explained_variance   | 0.911       |
|    learning_rate        | 0.0003      |
|    loss                 | 10.7        |
|    n_updates            | 380         |
|    policy_gradient_loss | -0.00652    |
|    value_loss           | 26.6        |
-----------------------------------------
-----------------------------------------
| rollout/                |             |
|    ep_len_mean          | 50.8        |
|    ep_rew_mean          | 54.8        |
| time/                   |             |
|    fps                  | 572         |
|    iterations           | 40          |
|    time_elapsed         | 143         |
|    total_timesteps      | 81920       |
| train/                  |             |
|    approx_kl            | 0.008219146 |
|    clip_fraction        | 0.0581      |
|    clip_range           | 0.2         |
|    entropy_loss         | -0.867      |
|    explained_variance   | 0.919       |
|    learning_rate        | 0.0003      |
|    loss                 | 9.78        |
|    n_updates            | 390         |
|    policy_gradient_loss | -0.00681    |
|    value_loss           | 26.1        |
-----------------------------------------
------------------------------------------
| rollout/                |              |
|    ep_len_mean          | 50.8         |
|    ep_rew_mean          | 55.3         |
| time/                   |              |
|    fps                  | 571          |
|    iterations           | 41           |
|    time_elapsed         | 146          |
|    total_timesteps      | 83968        |
| train/                  |              |
|    approx_kl            | 0.0065835314 |
|    clip_fraction        | 0.0609       |
|    clip_range           | 0.2          |
|    entropy_loss         | -0.853       |
|    explained_variance   | 0.922        |
|    learning_rate        | 0.0003       |
|    loss                 | 10.8         |
|    n_updates            | 400          |
|    policy_gradient_loss | -0.00637     |
|    value_loss           | 24.9         |
------------------------------------------
------------------------------------------
| rollout/                |              |
|    ep_len_mean          | 50.4         |
|    ep_rew_mean          | 54.5         |
| time/                   |              |
|    fps                  | 571          |
|    iterations           | 42           |
|    time_elapsed         | 150          |
|    total_timesteps      | 86016        |
| train/                  |              |
|    approx_kl            | 0.0067745186 |
|    clip_fraction        | 0.0525       |
|    clip_range           | 0.2          |
|    entropy_loss         | -0.833       |
|    explained_variance   | 0.93         |
|    learning_rate        | 0.0003       |
|    loss                 | 11.6         |
|    n_updates            | 410          |
|    policy_gradient_loss | -0.00524     |
|    value_loss           | 22           |
------------------------------------------
-----------------------------------------
| rollout/                |             |
|    ep_len_mean          | 50.3        |
|    ep_rew_mean          | 54.7        |
| time/                   |             |
|    fps                  | 572         |
|    iterations           | 43          |
|    time_elapsed         | 153         |
|    total_timesteps      | 88064       |
| train/                  |             |
|    approx_kl            | 0.005700465 |
|    clip_fraction        | 0.0145      |
|    clip_range           | 0.2         |
|    entropy_loss         | -0.84       |
|    explained_variance   | 0.894       |
|    learning_rate        | 0.0003      |
|    loss                 | 11.6        |
|    n_updates            | 420         |
|    policy_gradient_loss | -0.00327    |
|    value_loss           | 33.5        |
-----------------------------------------
------------------------------------------
| rollout/                |              |
|    ep_len_mean          | 50.5         |
|    ep_rew_mean          | 54.6         |
| time/                   |              |
|    fps                  | 577          |
|    iterations           | 44           |
|    time_elapsed         | 156          |
|    total_timesteps      | 90112        |
| train/                  |              |
|    approx_kl            | 0.0063788136 |
|    clip_fraction        | 0.0193       |
|    clip_range           | 0.2          |
|    entropy_loss         | -0.833       |
|    explained_variance   | 0.927        |
|    learning_rate        | 0.0003       |
|    loss                 | 9.9          |
|    n_updates            | 430          |
|    policy_gradient_loss | -0.00292     |
|    value_loss           | 22.7         |
------------------------------------------
-----------------------------------------
| rollout/                |             |
|    ep_len_mean          | 50.9        |
|    ep_rew_mean          | 54.4        |
| time/                   |             |
|    fps                  | 580         |
|    iterations           | 45          |
|    time_elapsed         | 158         |
|    total_timesteps      | 92160       |
| train/                  |             |
|    approx_kl            | 0.007969381 |
|    clip_fraction        | 0.0483      |
|    clip_range           | 0.2         |
|    entropy_loss         | -0.829      |
|    explained_variance   | 0.918       |
|    learning_rate        | 0.0003      |
|    loss                 | 12.7        |
|    n_updates            | 440         |
|    policy_gradient_loss | -0.00688    |
|    value_loss           | 26.1        |
-----------------------------------------
------------------------------------------
| rollout/                |              |
|    ep_len_mean          | 50.2         |
|    ep_rew_mean          | 53.9         |
| time/                   |              |
|    fps                  | 582          |
|    iterations           | 46           |
|    time_elapsed         | 161          |
|    total_timesteps      | 94208        |
| train/                  |              |
|    approx_kl            | 0.0057542613 |
|    clip_fraction        | 0.0295       |
|    clip_range           | 0.2          |
|    entropy_loss         | -0.821       |
|    explained_variance   | 0.933        |
|    learning_rate        | 0.0003       |
|    loss                 | 9.28         |
|    n_updates            | 450          |
|    policy_gradient_loss | -0.00459     |
|    value_loss           | 22.1         |
------------------------------------------
------------------------------------------
| rollout/                |              |
|    ep_len_mean          | 50.1         |
|    ep_rew_mean          | 53.8         |
| time/                   |              |
|    fps                  | 583          |
|    iterations           | 47           |
|    time_elapsed         | 164          |
|    total_timesteps      | 96256        |
| train/                  |              |
|    approx_kl            | 0.0036826306 |
|    clip_fraction        | 0.019        |
|    clip_range           | 0.2          |
|    entropy_loss         | -0.821       |
|    explained_variance   | 0.927        |
|    learning_rate        | 0.0003       |
|    loss                 | 12           |
|    n_updates            | 460          |
|    policy_gradient_loss | -0.0024      |
|    value_loss           | 24.2         |
------------------------------------------
------------------------------------------
| rollout/                |              |
|    ep_len_mean          | 50.2         |
|    ep_rew_mean          | 54.5         |
| time/                   |              |
|    fps                  | 584          |
|    iterations           | 48           |
|    time_elapsed         | 168          |
|    total_timesteps      | 98304        |
| train/                  |              |
|    approx_kl            | 0.0062639406 |
|    clip_fraction        | 0.0475       |
|    clip_range           | 0.2          |
|    entropy_loss         | -0.803       |
|    explained_variance   | 0.936        |
|    learning_rate        | 0.0003       |
|    loss                 | 12           |
|    n_updates            | 470          |
|    policy_gradient_loss | -0.00391     |
|    value_loss           | 20.4         |
------------------------------------------
-----------------------------------------
| rollout/                |             |
|    ep_len_mean          | 49.9        |
|    ep_rew_mean          | 54.5        |
| time/                   |             |
|    fps                  | 583         |
|    iterations           | 49          |
|    time_elapsed         | 171         |
|    total_timesteps      | 100352      |
| train/                  |             |
|    approx_kl            | 0.007841677 |
|    clip_fraction        | 0.0621      |
|    clip_range           | 0.2         |
|    entropy_loss         | -0.779      |
|    explained_variance   | 0.933       |
|    learning_rate        | 0.0003      |
|    loss                 | 9.79        |
|    n_updates            | 480         |
|    policy_gradient_loss | -0.00524    |
|    value_loss           | 23.2        |
-----------------------------------------
-----------------------------------------
| rollout/                |             |
|    ep_len_mean          | 50.2        |
|    ep_rew_mean          | 54.3        |
| time/                   |             |
|    fps                  | 585         |
|    iterations           | 50          |
|    time_elapsed         | 174         |
|    total_timesteps      | 102400      |
| train/                  |             |
|    approx_kl            | 0.004711383 |
|    clip_fraction        | 0.0337      |
|    clip_range           | 0.2         |
|    entropy_loss         | -0.746      |
|    explained_variance   | 0.93        |
|    learning_rate        | 0.0003      |
|    loss                 | 9.56        |
|    n_updates            | 490         |
|    policy_gradient_loss | -0.00576    |
|    value_loss           | 21          |
-----------------------------------------
------------------------------------------
| rollout/                |              |
|    ep_len_mean          | 50.3         |
|    ep_rew_mean          | 54.1         |
| time/                   |              |
|    fps                  | 587          |
|    iterations           | 51           |
|    time_elapsed         | 177          |
|    total_timesteps      | 104448       |
| train/                  |              |
|    approx_kl            | 0.0035139844 |
|    clip_fraction        | 0.0411       |
|    clip_range           | 0.2          |
|    entropy_loss         | -0.736       |
|    explained_variance   | 0.945        |
|    learning_rate        | 0.0003       |
|    loss                 | 8.66         |
|    n_updates            | 500          |
|    policy_gradient_loss | -0.00531     |
|    value_loss           | 18.3         |
------------------------------------------
-----------------------------------------
| rollout/                |             |
|    ep_len_mean          | 50.5        |
|    ep_rew_mean          | 54.3        |
| time/                   |             |
|    fps                  | 590         |
|    iterations           | 52          |
|    time_elapsed         | 180         |
|    total_timesteps      | 106496      |
| train/                  |             |
|    approx_kl            | 0.008095726 |
|    clip_fraction        | 0.076       |
|    clip_range           | 0.2         |
|    entropy_loss         | -0.745      |
|    explained_variance   | 0.943       |
|    learning_rate        | 0.0003      |
|    loss                 | 9.6         |
|    n_updates            | 510         |
|    policy_gradient_loss | -0.00674    |
|    value_loss           | 17.6        |
-----------------------------------------
-----------------------------------------
| rollout/                |             |
|    ep_len_mean          | 49.7        |
|    ep_rew_mean          | 53.6        |
| time/                   |             |
|    fps                  | 591         |
|    iterations           | 53          |
|    time_elapsed         | 183         |
|    total_timesteps      | 108544      |
| train/                  |             |
|    approx_kl            | 0.005701604 |
|    clip_fraction        | 0.0312      |
|    clip_range           | 0.2         |
|    entropy_loss         | -0.716      |
|    explained_variance   | 0.947       |
|    learning_rate        | 0.0003      |
|    loss                 | 8.57        |
|    n_updates            | 520         |
|    policy_gradient_loss | -0.00248    |
|    value_loss           | 17.4        |
-----------------------------------------
------------------------------------------
| rollout/                |              |
|    ep_len_mean          | 49.3         |
|    ep_rew_mean          | 54.7         |
| time/                   |              |
|    fps                  | 593          |
|    iterations           | 54           |
|    time_elapsed         | 186          |
|    total_timesteps      | 110592       |
| train/                  |              |
|    approx_kl            | 0.0068876757 |
|    clip_fraction        | 0.0512       |
|    clip_range           | 0.2          |
|    entropy_loss         | -0.76        |
|    explained_variance   | 0.944        |
|    learning_rate        | 0.0003       |
|    loss                 | 8.67         |
|    n_updates            | 530          |
|    policy_gradient_loss | -0.00613     |
|    value_loss           | 18.6         |
------------------------------------------
------------------------------------------
| rollout/                |              |
|    ep_len_mean          | 49.8         |
|    ep_rew_mean          | 54.9         |
| time/                   |              |
|    fps                  | 596          |
|    iterations           | 55           |
|    time_elapsed         | 188          |
|    total_timesteps      | 112640       |
| train/                  |              |
|    approx_kl            | 0.0029977201 |
|    clip_fraction        | 0.0131       |
|    clip_range           | 0.2          |
|    entropy_loss         | -0.78        |
|    explained_variance   | 0.949        |
|    learning_rate        | 0.0003       |
|    loss                 | 8.52         |
|    n_updates            | 540          |
|    policy_gradient_loss | -0.00228     |
|    value_loss           | 17.5         |
------------------------------------------
------------------------------------------
| rollout/                |              |
|    ep_len_mean          | 50.5         |
|    ep_rew_mean          | 55.7         |
| time/                   |              |
|    fps                  | 598          |
|    iterations           | 56           |
|    time_elapsed         | 191          |
|    total_timesteps      | 114688       |
| train/                  |              |
|    approx_kl            | 0.0031474794 |
|    clip_fraction        | 0.0339       |
|    clip_range           | 0.2          |
|    entropy_loss         | -0.779       |
|    explained_variance   | 0.931        |
|    learning_rate        | 0.0003       |
|    loss                 | 13.5         |
|    n_updates            | 550          |
|    policy_gradient_loss | -0.00347     |
|    value_loss           | 22.3         |
------------------------------------------
-----------------------------------------
| rollout/                |             |
|    ep_len_mean          | 50          |
|    ep_rew_mean          | 55.9        |
| time/                   |             |
|    fps                  | 598         |
|    iterations           | 57          |
|    time_elapsed         | 194         |
|    total_timesteps      | 116736      |
| train/                  |             |
|    approx_kl            | 0.007825449 |
|    clip_fraction        | 0.049       |
|    clip_range           | 0.2         |
|    entropy_loss         | -0.774      |
|    explained_variance   | 0.957       |
|    learning_rate        | 0.0003      |
|    loss                 | 6.74        |
|    n_updates            | 560         |
|    policy_gradient_loss | -0.00311    |
|    value_loss           | 15          |
-----------------------------------------
-------------------------------------------
| rollout/                |               |
|    ep_len_mean          | 49.6          |
|    ep_rew_mean          | 54.8          |
| time/                   |               |
|    fps                  | 599           |
|    iterations           | 58            |
|    time_elapsed         | 198           |
|    total_timesteps      | 118784        |
| train/                  |               |
|    approx_kl            | 0.00086439156 |
|    clip_fraction        | 0.0104        |
|    clip_range           | 0.2           |
|    entropy_loss         | -0.796        |
|    explained_variance   | 0.954         |
|    learning_rate        | 0.0003        |
|    loss                 | 6.44          |
|    n_updates            | 570           |
|    policy_gradient_loss | -0.0021       |
|    value_loss           | 14.7          |
-------------------------------------------
-----------------------------------------
| rollout/                |             |
|    ep_len_mean          | 49.9        |
|    ep_rew_mean          | 54.4        |
| time/                   |             |
|    fps                  | 600         |
|    iterations           | 59          |
|    time_elapsed         | 201         |
|    total_timesteps      | 120832      |
| train/                  |             |
|    approx_kl            | 0.005019974 |
|    clip_fraction        | 0.0348      |
|    clip_range           | 0.2         |
|    entropy_loss         | -0.793      |
|    explained_variance   | 0.938       |
|    learning_rate        | 0.0003      |
|    loss                 | 10.3        |
|    n_updates            | 580         |
|    policy_gradient_loss | -0.00384    |
|    value_loss           | 19.3        |
-----------------------------------------
------------------------------------------
| rollout/                |              |
|    ep_len_mean          | 50           |
|    ep_rew_mean          | 54.9         |
| time/                   |              |
|    fps                  | 602          |
|    iterations           | 60           |
|    time_elapsed         | 204          |
|    total_timesteps      | 122880       |
| train/                  |              |
|    approx_kl            | 0.0072653913 |
|    clip_fraction        | 0.0509       |
|    clip_range           | 0.2          |
|    entropy_loss         | -0.766       |
|    explained_variance   | 0.952        |
|    learning_rate        | 0.0003       |
|    loss                 | 7.46         |
|    n_updates            | 590          |
|    policy_gradient_loss | -0.005       |
|    value_loss           | 16.6         |
------------------------------------------
-----------------------------------------
| rollout/                |             |
|    ep_len_mean          | 49.4        |
|    ep_rew_mean          | 55.2        |
| time/                   |             |
|    fps                  | 603         |
|    iterations           | 61          |
|    time_elapsed         | 207         |
|    total_timesteps      | 124928      |
| train/                  |             |
|    approx_kl            | 0.004463667 |
|    clip_fraction        | 0.0468      |
|    clip_range           | 0.2         |
|    entropy_loss         | -0.762      |
|    explained_variance   | 0.933       |
|    learning_rate        | 0.0003      |
|    loss                 | 10.6        |
|    n_updates            | 600         |
|    policy_gradient_loss | -0.00515    |
|    value_loss           | 21.5        |
-----------------------------------------
------------------------------------------
| rollout/                |              |
|    ep_len_mean          | 49.6         |
|    ep_rew_mean          | 54.2         |
| time/                   |              |
|    fps                  | 604          |
|    iterations           | 62           |
|    time_elapsed         | 210          |
|    total_timesteps      | 126976       |
| train/                  |              |
|    approx_kl            | 0.0035018548 |
|    clip_fraction        | 0.0139       |
|    clip_range           | 0.2          |
|    entropy_loss         | -0.738       |
|    explained_variance   | 0.957        |
|    learning_rate        | 0.0003       |
|    loss                 | 8.52         |
|    n_updates            | 610          |
|    policy_gradient_loss | -0.00339     |
|    value_loss           | 14.9         |
------------------------------------------
------------------------------------------
| rollout/                |              |
|    ep_len_mean          | 49.7         |
|    ep_rew_mean          | 54.2         |
| time/                   |              |
|    fps                  | 606          |
|    iterations           | 63           |
|    time_elapsed         | 212          |
|    total_timesteps      | 129024       |
| train/                  |              |
|    approx_kl            | 0.0029767144 |
|    clip_fraction        | 0.00796      |
|    clip_range           | 0.2          |
|    entropy_loss         | -0.727       |
|    explained_variance   | 0.93         |
|    learning_rate        | 0.0003       |
|    loss                 | 8.2          |
|    n_updates            | 620          |
|    policy_gradient_loss | -0.0027      |
|    value_loss           | 22.3         |
------------------------------------------
------------------------------------------
| rollout/                |              |
|    ep_len_mean          | 49.4         |
|    ep_rew_mean          | 54.3         |
| time/                   |              |
|    fps                  | 607          |
|    iterations           | 64           |
|    time_elapsed         | 215          |
|    total_timesteps      | 131072       |
| train/                  |              |
|    approx_kl            | 0.0061471816 |
|    clip_fraction        | 0.0414       |
|    clip_range           | 0.2          |
|    entropy_loss         | -0.77        |
|    explained_variance   | 0.955        |
|    learning_rate        | 0.0003       |
|    loss                 | 8.15         |
|    n_updates            | 630          |
|    policy_gradient_loss | -0.00375     |
|    value_loss           | 15.1         |
------------------------------------------
------------------------------------------
| rollout/                |              |
|    ep_len_mean          | 49.2         |
|    ep_rew_mean          | 53.9         |
| time/                   |              |
|    fps                  | 610          |
|    iterations           | 65           |
|    time_elapsed         | 217          |
|    total_timesteps      | 133120       |
| train/                  |              |
|    approx_kl            | 0.0043792794 |
|    clip_fraction        | 0.0177       |
|    clip_range           | 0.2          |
|    entropy_loss         | -0.768       |
|    explained_variance   | 0.926        |
|    learning_rate        | 0.0003       |
|    loss                 | 13.7         |
|    n_updates            | 640          |
|    policy_gradient_loss | -0.00393     |
|    value_loss           | 24.2         |
------------------------------------------
------------------------------------------
| rollout/                |              |
|    ep_len_mean          | 49.3         |
|    ep_rew_mean          | 54.3         |
| time/                   |              |
|    fps                  | 610          |
|    iterations           | 66           |
|    time_elapsed         | 221          |
|    total_timesteps      | 135168       |
| train/                  |              |
|    approx_kl            | 0.0018276006 |
|    clip_fraction        | 0.0174       |
|    clip_range           | 0.2          |
|    entropy_loss         | -0.779       |
|    explained_variance   | 0.958        |
|    learning_rate        | 0.0003       |
|    loss                 | 5.26         |
|    n_updates            | 650          |
|    policy_gradient_loss | -0.00285     |
|    value_loss           | 13.8         |
------------------------------------------
-----------------------------------------
| rollout/                |             |
|    ep_len_mean          | 49.5        |
|    ep_rew_mean          | 55          |
| time/                   |             |
|    fps                  | 612         |
|    iterations           | 67          |
|    time_elapsed         | 224         |
|    total_timesteps      | 137216      |
| train/                  |             |
|    approx_kl            | 0.004610693 |
|    clip_fraction        | 0.0503      |
|    clip_range           | 0.2         |
|    entropy_loss         | -0.808      |
|    explained_variance   | 0.958       |
|    learning_rate        | 0.0003      |
|    loss                 | 7.48        |
|    n_updates            | 660         |
|    policy_gradient_loss | -0.00467    |
|    value_loss           | 15.2        |
-----------------------------------------
------------------------------------------
| rollout/                |              |
|    ep_len_mean          | 50           |
|    ep_rew_mean          | 56.1         |
| time/                   |              |
|    fps                  | 613          |
|    iterations           | 68           |
|    time_elapsed         | 226          |
|    total_timesteps      | 139264       |
| train/                  |              |
|    approx_kl            | 0.0052420427 |
|    clip_fraction        | 0.032        |
|    clip_range           | 0.2          |
|    entropy_loss         | -0.811       |
|    explained_variance   | 0.968        |
|    learning_rate        | 0.0003       |
|    loss                 | 6.1          |
|    n_updates            | 670          |
|    policy_gradient_loss | -0.00313     |
|    value_loss           | 12.4         |
------------------------------------------
------------------------------------------
| rollout/                |              |
|    ep_len_mean          | 50.3         |
|    ep_rew_mean          | 55.9         |
| time/                   |              |
|    fps                  | 615          |
|    iterations           | 69           |
|    time_elapsed         | 229          |
|    total_timesteps      | 141312       |
| train/                  |              |
|    approx_kl            | 0.0050272527 |
|    clip_fraction        | 0.0184       |
|    clip_range           | 0.2          |
|    entropy_loss         | -0.806       |
|    explained_variance   | 0.951        |
|    learning_rate        | 0.0003       |
|    loss                 | 6.64         |
|    n_updates            | 680          |
|    policy_gradient_loss | -0.00325     |
|    value_loss           | 17.9         |
------------------------------------------
------------------------------------------
| rollout/                |              |
|    ep_len_mean          | 50.4         |
|    ep_rew_mean          | 55.5         |
| time/                   |              |
|    fps                  | 616          |
|    iterations           | 70           |
|    time_elapsed         | 232          |
|    total_timesteps      | 143360       |
| train/                  |              |
|    approx_kl            | 0.0031040732 |
|    clip_fraction        | 0.0267       |
|    clip_range           | 0.2          |
|    entropy_loss         | -0.812       |
|    explained_variance   | 0.963        |
|    learning_rate        | 0.0003       |
|    loss                 | 6.01         |
|    n_updates            | 690          |
|    policy_gradient_loss | -0.00308     |
|    value_loss           | 12.9         |
------------------------------------------
-----------------------------------------
| rollout/                |             |
|    ep_len_mean          | 50.9        |
|    ep_rew_mean          | 55.7        |
| time/                   |             |
|    fps                  | 618         |
|    iterations           | 71          |
|    time_elapsed         | 235         |
|    total_timesteps      | 145408      |
| train/                  |             |
|    approx_kl            | 0.006729095 |
|    clip_fraction        | 0.0597      |
|    clip_range           | 0.2         |
|    entropy_loss         | -0.827      |
|    explained_variance   | 0.962       |
|    learning_rate        | 0.0003      |
|    loss                 | 8.1         |
|    n_updates            | 700         |
|    policy_gradient_loss | -0.00535    |
|    value_loss           | 13.7        |
-----------------------------------------
------------------------------------------
| rollout/                |              |
|    ep_len_mean          | 51           |
|    ep_rew_mean          | 55           |
| time/                   |              |
|    fps                  | 619          |
|    iterations           | 72           |
|    time_elapsed         | 238          |
|    total_timesteps      | 147456       |
| train/                  |              |
|    approx_kl            | 0.0064704497 |
|    clip_fraction        | 0.0377       |
|    clip_range           | 0.2          |
|    entropy_loss         | -0.825       |
|    explained_variance   | 0.968        |
|    learning_rate        | 0.0003       |
|    loss                 | 5.57         |
|    n_updates            | 710          |
|    policy_gradient_loss | -0.005       |
|    value_loss           | 11.2         |
------------------------------------------
----------------------------------------
| rollout/                |            |
|    ep_len_mean          | 51.1       |
|    ep_rew_mean          | 55         |
| time/                   |            |
|    fps                  | 619        |
|    iterations           | 73         |
|    time_elapsed         | 241        |
|    total_timesteps      | 149504     |
| train/                  |            |
|    approx_kl            | 0.00587179 |
|    clip_fraction        | 0.0189     |
|    clip_range           | 0.2        |
|    entropy_loss         | -0.796     |
|    explained_variance   | 0.935      |
|    learning_rate        | 0.0003     |
|    loss                 | 13.3       |
|    n_updates            | 720        |
|    policy_gradient_loss | -0.00303   |
|    value_loss           | 23         |
----------------------------------------
-----------------------------------------
| rollout/                |             |
|    ep_len_mean          | 50.4        |
|    ep_rew_mean          | 54.8        |
| time/                   |             |
|    fps                  | 620         |
|    iterations           | 74          |
|    time_elapsed         | 244         |
|    total_timesteps      | 151552      |
| train/                  |             |
|    approx_kl            | 0.004782378 |
|    clip_fraction        | 0.0309      |
|    clip_range           | 0.2         |
|    entropy_loss         | -0.837      |
|    explained_variance   | 0.965       |
|    learning_rate        | 0.0003      |
|    loss                 | 5.65        |
|    n_updates            | 730         |
|    policy_gradient_loss | -0.00551    |
|    value_loss           | 12.5        |
-----------------------------------------
-----------------------------------------
| rollout/                |             |
|    ep_len_mean          | 50.4        |
|    ep_rew_mean          | 55.2        |
| time/                   |             |
|    fps                  | 621         |
|    iterations           | 75          |
|    time_elapsed         | 247         |
|    total_timesteps      | 153600      |
| train/                  |             |
|    approx_kl            | 0.006543828 |
|    clip_fraction        | 0.0461      |
|    clip_range           | 0.2         |
|    entropy_loss         | -0.831      |
|    explained_variance   | 0.959       |
|    learning_rate        | 0.0003      |
|    loss                 | 6.87        |
|    n_updates            | 740         |
|    policy_gradient_loss | -0.00643    |
|    value_loss           | 14.7        |
-----------------------------------------
------------------------------------------
| rollout/                |              |
|    ep_len_mean          | 50.2         |
|    ep_rew_mean          | 56           |
| time/                   |              |
|    fps                  | 623          |
|    iterations           | 76           |
|    time_elapsed         | 249          |
|    total_timesteps      | 155648       |
| train/                  |              |
|    approx_kl            | 0.0053180796 |
|    clip_fraction        | 0.0271       |
|    clip_range           | 0.2          |
|    entropy_loss         | -0.836       |
|    explained_variance   | 0.958        |
|    learning_rate        | 0.0003       |
|    loss                 | 10.5         |
|    n_updates            | 750          |
|    policy_gradient_loss | -0.00507     |
|    value_loss           | 15.7         |
------------------------------------------
------------------------------------------
| rollout/                |              |
|    ep_len_mean          | 50           |
|    ep_rew_mean          | 55.6         |
| time/                   |              |
|    fps                  | 623          |
|    iterations           | 77           |
|    time_elapsed         | 252          |
|    total_timesteps      | 157696       |
| train/                  |              |
|    approx_kl            | 0.0049234945 |
|    clip_fraction        | 0.0324       |
|    clip_range           | 0.2          |
|    entropy_loss         | -0.823       |
|    explained_variance   | 0.959        |
|    learning_rate        | 0.0003       |
|    loss                 | 4.85         |
|    n_updates            | 760          |
|    policy_gradient_loss | -0.00345     |
|    value_loss           | 14.4         |
------------------------------------------
------------------------------------------
| rollout/                |              |
|    ep_len_mean          | 49.7         |
|    ep_rew_mean          | 54.9         |
| time/                   |              |
|    fps                  | 624          |
|    iterations           | 78           |
|    time_elapsed         | 255          |
|    total_timesteps      | 159744       |
| train/                  |              |
|    approx_kl            | 0.0024348896 |
|    clip_fraction        | 0.0113       |
|    clip_range           | 0.2          |
|    entropy_loss         | -0.828       |
|    explained_variance   | 0.937        |
|    learning_rate        | 0.0003       |
|    loss                 | 11.5         |
|    n_updates            | 770          |
|    policy_gradient_loss | -0.00277     |
|    value_loss           | 21.6         |
------------------------------------------
-----------------------------------------
| rollout/                |             |
|    ep_len_mean          | 49.5        |
|    ep_rew_mean          | 54.9        |
| time/                   |             |
|    fps                  | 625         |
|    iterations           | 79          |
|    time_elapsed         | 258         |
|    total_timesteps      | 161792      |
| train/                  |             |
|    approx_kl            | 0.004706041 |
|    clip_fraction        | 0.0275      |
|    clip_range           | 0.2         |
|    entropy_loss         | -0.783      |
|    explained_variance   | 0.961       |
|    learning_rate        | 0.0003      |
|    loss                 | 5.86        |
|    n_updates            | 780         |
|    policy_gradient_loss | -0.00424    |
|    value_loss           | 13.3        |
-----------------------------------------
-----------------------------------------
| rollout/                |             |
|    ep_len_mean          | 49.2        |
|    ep_rew_mean          | 54.7        |
| time/                   |             |
|    fps                  | 623         |
|    iterations           | 80          |
|    time_elapsed         | 262         |
|    total_timesteps      | 163840      |
| train/                  |             |
|    approx_kl            | 0.006932721 |
|    clip_fraction        | 0.059       |
|    clip_range           | 0.2         |
|    entropy_loss         | -0.789      |
|    explained_variance   | 0.96        |
|    learning_rate        | 0.0003      |
|    loss                 | 7.77        |
|    n_updates            | 790         |
|    policy_gradient_loss | -0.00587    |
|    value_loss           | 14.6        |
-----------------------------------------
------------------------------------------
| rollout/                |              |
|    ep_len_mean          | 49.3         |
|    ep_rew_mean          | 55.2         |
| time/                   |              |
|    fps                  | 623          |
|    iterations           | 81           |
|    time_elapsed         | 266          |
|    total_timesteps      | 165888       |
| train/                  |              |
|    approx_kl            | 0.0037698764 |
|    clip_fraction        | 0.0342       |
|    clip_range           | 0.2          |
|    entropy_loss         | -0.806       |
|    explained_variance   | 0.947        |
|    learning_rate        | 0.0003       |
|    loss                 | 10.1         |
|    n_updates            | 800          |
|    policy_gradient_loss | -0.00353     |
|    value_loss           | 19.5         |
------------------------------------------
------------------------------------------
| rollout/                |              |
|    ep_len_mean          | 49.6         |
|    ep_rew_mean          | 55.5         |
| time/                   |              |
|    fps                  | 624          |
|    iterations           | 82           |
|    time_elapsed         | 269          |
|    total_timesteps      | 167936       |
| train/                  |              |
|    approx_kl            | 0.0047297766 |
|    clip_fraction        | 0.0302       |
|    clip_range           | 0.2          |
|    entropy_loss         | -0.816       |
|    explained_variance   | 0.963        |
|    learning_rate        | 0.0003       |
|    loss                 | 6.87         |
|    n_updates            | 810          |
|    policy_gradient_loss | -0.00354     |
|    value_loss           | 13.3         |
------------------------------------------
------------------------------------------
| rollout/                |              |
|    ep_len_mean          | 50           |
|    ep_rew_mean          | 55.2         |
| time/                   |              |
|    fps                  | 624          |
|    iterations           | 83           |
|    time_elapsed         | 272          |
|    total_timesteps      | 169984       |
| train/                  |              |
|    approx_kl            | 0.0066565126 |
|    clip_fraction        | 0.0475       |
|    clip_range           | 0.2          |
|    entropy_loss         | -0.821       |
|    explained_variance   | 0.952        |
|    learning_rate        | 0.0003       |
|    loss                 | 9.56         |
|    n_updates            | 820          |
|    policy_gradient_loss | -0.00518     |
|    value_loss           | 17.1         |
------------------------------------------
------------------------------------------
| rollout/                |              |
|    ep_len_mean          | 50.7         |
|    ep_rew_mean          | 55.2         |
| time/                   |              |
|    fps                  | 625          |
|    iterations           | 84           |
|    time_elapsed         | 274          |
|    total_timesteps      | 172032       |
| train/                  |              |
|    approx_kl            | 0.0073922346 |
|    clip_fraction        | 0.0487       |
|    clip_range           | 0.2          |
|    entropy_loss         | -0.776       |
|    explained_variance   | 0.959        |
|    learning_rate        | 0.0003       |
|    loss                 | 6.32         |
|    n_updates            | 830          |
|    policy_gradient_loss | -0.00476     |
|    value_loss           | 12.5         |
------------------------------------------
-----------------------------------------
| rollout/                |             |
|    ep_len_mean          | 50.9        |
|    ep_rew_mean          | 55.4        |
| time/                   |             |
|    fps                  | 626         |
|    iterations           | 85          |
|    time_elapsed         | 278         |
|    total_timesteps      | 174080      |
| train/                  |             |
|    approx_kl            | 0.004321972 |
|    clip_fraction        | 0.028       |
|    clip_range           | 0.2         |
|    entropy_loss         | -0.792      |
|    explained_variance   | 0.959       |
|    learning_rate        | 0.0003      |
|    loss                 | 8.13        |
|    n_updates            | 840         |
|    policy_gradient_loss | -0.00306    |
|    value_loss           | 14.3        |
-----------------------------------------
------------------------------------------
| rollout/                |              |
|    ep_len_mean          | 50.6         |
|    ep_rew_mean          | 54.6         |
| time/                   |              |
|    fps                  | 627          |
|    iterations           | 86           |
|    time_elapsed         | 280          |
|    total_timesteps      | 176128       |
| train/                  |              |
|    approx_kl            | 0.0050575407 |
|    clip_fraction        | 0.0378       |
|    clip_range           | 0.2          |
|    entropy_loss         | -0.775       |
|    explained_variance   | 0.956        |
|    learning_rate        | 0.0003       |
|    loss                 | 5.83         |
|    n_updates            | 850          |
|    policy_gradient_loss | -0.00397     |
|    value_loss           | 15.8         |
------------------------------------------
-----------------------------------------
| rollout/                |             |
|    ep_len_mean          | 50.1        |
|    ep_rew_mean          | 53.9        |
| time/                   |             |
|    fps                  | 627         |
|    iterations           | 87          |
|    time_elapsed         | 283         |
|    total_timesteps      | 178176      |
| train/                  |             |
|    approx_kl            | 0.002928514 |
|    clip_fraction        | 0.0135      |
|    clip_range           | 0.2         |
|    entropy_loss         | -0.753      |
|    explained_variance   | 0.945       |
|    learning_rate        | 0.0003      |
|    loss                 | 6.94        |
|    n_updates            | 860         |
|    policy_gradient_loss | -0.00206    |
|    value_loss           | 18.8        |
-----------------------------------------
------------------------------------------
| rollout/                |              |
|    ep_len_mean          | 50.1         |
|    ep_rew_mean          | 55.2         |
| time/                   |              |
|    fps                  | 628          |
|    iterations           | 88           |
|    time_elapsed         | 286          |
|    total_timesteps      | 180224       |
| train/                  |              |
|    approx_kl            | 0.0065159327 |
|    clip_fraction        | 0.0433       |
|    clip_range           | 0.2          |
|    entropy_loss         | -0.782       |
|    explained_variance   | 0.972        |
|    learning_rate        | 0.0003       |
|    loss                 | 3.77         |
|    n_updates            | 870          |
|    policy_gradient_loss | -0.00609     |
|    value_loss           | 9.61         |
------------------------------------------
------------------------------------------
| rollout/                |              |
|    ep_len_mean          | 49.8         |
|    ep_rew_mean          | 56.2         |
| time/                   |              |
|    fps                  | 628          |
|    iterations           | 89           |
|    time_elapsed         | 289          |
|    total_timesteps      | 182272       |
| train/                  |              |
|    approx_kl            | 0.0052105905 |
|    clip_fraction        | 0.0324       |
|    clip_range           | 0.2          |
|    entropy_loss         | -0.75        |
|    explained_variance   | 0.973        |
|    learning_rate        | 0.0003       |
|    loss                 | 5.52         |
|    n_updates            | 880          |
|    policy_gradient_loss | -0.00234     |
|    value_loss           | 10.5         |
------------------------------------------
------------------------------------------
| rollout/                |              |
|    ep_len_mean          | 50           |
|    ep_rew_mean          | 55.8         |
| time/                   |              |
|    fps                  | 629          |
|    iterations           | 90           |
|    time_elapsed         | 292          |
|    total_timesteps      | 184320       |
| train/                  |              |
|    approx_kl            | 0.0056316815 |
|    clip_fraction        | 0.0389       |
|    clip_range           | 0.2          |
|    entropy_loss         | -0.771       |
|    explained_variance   | 0.96         |
|    learning_rate        | 0.0003       |
|    loss                 | 4.08         |
|    n_updates            | 890          |
|    policy_gradient_loss | -0.00534     |
|    value_loss           | 13.5         |
------------------------------------------
-----------------------------------------
| rollout/                |             |
|    ep_len_mean          | 50.3        |
|    ep_rew_mean          | 56          |
| time/                   |             |
|    fps                  | 628         |
|    iterations           | 91          |
|    time_elapsed         | 296         |
|    total_timesteps      | 186368      |
| train/                  |             |
|    approx_kl            | 0.004961419 |
|    clip_fraction        | 0.0346      |
|    clip_range           | 0.2         |
|    entropy_loss         | -0.745      |
|    explained_variance   | 0.956       |
|    learning_rate        | 0.0003      |
|    loss                 | 7.29        |
|    n_updates            | 900         |
|    policy_gradient_loss | -0.00534    |
|    value_loss           | 15.5        |
-----------------------------------------
------------------------------------------
| rollout/                |              |
|    ep_len_mean          | 50.2         |
|    ep_rew_mean          | 55.2         |
| time/                   |              |
|    fps                  | 628          |
|    iterations           | 92           |
|    time_elapsed         | 300          |
|    total_timesteps      | 188416       |
| train/                  |              |
|    approx_kl            | 0.0059257788 |
|    clip_fraction        | 0.0426       |
|    clip_range           | 0.2          |
|    entropy_loss         | -0.752       |
|    explained_variance   | 0.954        |
|    learning_rate        | 0.0003       |
|    loss                 | 8.06         |
|    n_updates            | 910          |
|    policy_gradient_loss | -0.00354     |
|    value_loss           | 15.9         |
------------------------------------------
------------------------------------------
| rollout/                |              |
|    ep_len_mean          | 49.8         |
|    ep_rew_mean          | 54.6         |
| time/                   |              |
|    fps                  | 627          |
|    iterations           | 93           |
|    time_elapsed         | 303          |
|    total_timesteps      | 190464       |
| train/                  |              |
|    approx_kl            | 0.0045945384 |
|    clip_fraction        | 0.0322       |
|    clip_range           | 0.2          |
|    entropy_loss         | -0.731       |
|    explained_variance   | 0.952        |
|    learning_rate        | 0.0003       |
|    loss                 | 8.88         |
|    n_updates            | 920          |
|    policy_gradient_loss | -0.00449     |
|    value_loss           | 15.6         |
------------------------------------------
-----------------------------------------
| rollout/                |             |
|    ep_len_mean          | 50.2        |
|    ep_rew_mean          | 54.1        |
| time/                   |             |
|    fps                  | 627         |
|    iterations           | 94          |
|    time_elapsed         | 306         |
|    total_timesteps      | 192512      |
| train/                  |             |
|    approx_kl            | 0.003286304 |
|    clip_fraction        | 0.0201      |
|    clip_range           | 0.2         |
|    entropy_loss         | -0.707      |
|    explained_variance   | 0.968       |
|    learning_rate        | 0.0003      |
|    loss                 | 6.51        |
|    n_updates            | 930         |
|    policy_gradient_loss | -0.00312    |
|    value_loss           | 11.3        |
-----------------------------------------
-----------------------------------------
| rollout/                |             |
|    ep_len_mean          | 50.2        |
|    ep_rew_mean          | 54          |
| time/                   |             |
|    fps                  | 628         |
|    iterations           | 95          |
|    time_elapsed         | 309         |
|    total_timesteps      | 194560      |
| train/                  |             |
|    approx_kl            | 0.009407719 |
|    clip_fraction        | 0.0486      |
|    clip_range           | 0.2         |
|    entropy_loss         | -0.732      |
|    explained_variance   | 0.921       |
|    learning_rate        | 0.0003      |
|    loss                 | 12.2        |
|    n_updates            | 940         |
|    policy_gradient_loss | -0.0084     |
|    value_loss           | 26.7        |
-----------------------------------------
------------------------------------------
| rollout/                |              |
|    ep_len_mean          | 50.5         |
|    ep_rew_mean          | 55.1         |
| time/                   |              |
|    fps                  | 626          |
|    iterations           | 96           |
|    time_elapsed         | 314          |
|    total_timesteps      | 196608       |
| train/                  |              |
|    approx_kl            | 0.0037984317 |
|    clip_fraction        | 0.019        |
|    clip_range           | 0.2          |
|    entropy_loss         | -0.714       |
|    explained_variance   | 0.964        |
|    learning_rate        | 0.0003       |
|    loss                 | 6.41         |
|    n_updates            | 950          |
|    policy_gradient_loss | -0.00434     |
|    value_loss           | 12           |
------------------------------------------
------------------------------------------
| rollout/                |              |
|    ep_len_mean          | 50.7         |
|    ep_rew_mean          | 56           |
| time/                   |              |
|    fps                  | 625          |
|    iterations           | 97           |
|    time_elapsed         | 317          |
|    total_timesteps      | 198656       |
| train/                  |              |
|    approx_kl            | 0.0057716235 |
|    clip_fraction        | 0.0828       |
|    clip_range           | 0.2          |
|    entropy_loss         | -0.723       |
|    explained_variance   | 0.968        |
|    learning_rate        | 0.0003       |
|    loss                 | 5.82         |
|    n_updates            | 960          |
|    policy_gradient_loss | -0.00489     |
|    value_loss           | 11.9         |
------------------------------------------
-----------------------------------------
| rollout/                |             |
|    ep_len_mean          | 50.6        |
|    ep_rew_mean          | 55.7        |
| time/                   |             |
|    fps                  | 626         |
|    iterations           | 98          |
|    time_elapsed         | 320         |
|    total_timesteps      | 200704      |
| train/                  |             |
|    approx_kl            | 0.003180018 |
|    clip_fraction        | 0.0154      |
|    clip_range           | 0.2         |
|    entropy_loss         | -0.693      |
|    explained_variance   | 0.974       |
|    learning_rate        | 0.0003      |
|    loss                 | 4.37        |
|    n_updates            | 970         |
|    policy_gradient_loss | -0.00349    |
|    value_loss           | 9.25        |
-----------------------------------------
------------------------------------------
| rollout/                |              |
|    ep_len_mean          | 50.2         |
|    ep_rew_mean          | 55.9         |
| time/                   |              |
|    fps                  | 626          |
|    iterations           | 99           |
|    time_elapsed         | 323          |
|    total_timesteps      | 202752       |
| train/                  |              |
|    approx_kl            | 0.0044598263 |
|    clip_fraction        | 0.0294       |
|    clip_range           | 0.2          |
|    entropy_loss         | -0.73        |
|    explained_variance   | 0.977        |
|    learning_rate        | 0.0003       |
|    loss                 | 4.12         |
|    n_updates            | 980          |
|    policy_gradient_loss | -0.00317     |
|    value_loss           | 8.57         |
------------------------------------------
------------------------------------------
| rollout/                |              |
|    ep_len_mean          | 49.9         |
|    ep_rew_mean          | 55.8         |
| time/                   |              |
|    fps                  | 626          |
|    iterations           | 100          |
|    time_elapsed         | 327          |
|    total_timesteps      | 204800       |
| train/                  |              |
|    approx_kl            | 0.0048482767 |
|    clip_fraction        | 0.038        |
|    clip_range           | 0.2          |
|    entropy_loss         | -0.723       |
|    explained_variance   | 0.973        |
|    learning_rate        | 0.0003       |
|    loss                 | 6.62         |
|    n_updates            | 990          |
|    policy_gradient_loss | -0.0051      |
|    value_loss           | 10.3         |
------------------------------------------
------------------------------------------
| rollout/                |              |
|    ep_len_mean          | 50.1         |
|    ep_rew_mean          | 55.9         |
| time/                   |              |
|    fps                  | 628          |
|    iterations           | 101          |
|    time_elapsed         | 329          |
|    total_timesteps      | 206848       |
| train/                  |              |
|    approx_kl            | 0.0054373555 |
|    clip_fraction        | 0.0464       |
|    clip_range           | 0.2          |
|    entropy_loss         | -0.686       |
|    explained_variance   | 0.971        |
|    learning_rate        | 0.0003       |
|    loss                 | 5.54         |
|    n_updates            | 1000         |
|    policy_gradient_loss | -0.00474     |
|    value_loss           | 11.3         |
------------------------------------------
-----------------------------------------
| rollout/                |             |
|    ep_len_mean          | 49.9        |
|    ep_rew_mean          | 55.5        |
| time/                   |             |
|    fps                  | 627         |
|    iterations           | 102         |
|    time_elapsed         | 332         |
|    total_timesteps      | 208896      |
| train/                  |             |
|    approx_kl            | 0.003737918 |
|    clip_fraction        | 0.0362      |
|    clip_range           | 0.2         |
|    entropy_loss         | -0.694      |
|    explained_variance   | 0.975       |
|    learning_rate        | 0.0003      |
|    loss                 | 3.47        |
|    n_updates            | 1010        |
|    policy_gradient_loss | -0.00465    |
|    value_loss           | 9.81        |
-----------------------------------------
------------------------------------------
| rollout/                |              |
|    ep_len_mean          | 49.7         |
|    ep_rew_mean          | 54.8         |
| time/                   |              |
|    fps                  | 628          |
|    iterations           | 103          |
|    time_elapsed         | 335          |
|    total_timesteps      | 210944       |
| train/                  |              |
|    approx_kl            | 0.0046295607 |
|    clip_fraction        | 0.045        |
|    clip_range           | 0.2          |
|    entropy_loss         | -0.726       |
|    explained_variance   | 0.965        |
|    learning_rate        | 0.0003       |
|    loss                 | 7.28         |
|    n_updates            | 1020         |
|    policy_gradient_loss | -0.00434     |
|    value_loss           | 13.2         |
------------------------------------------
------------------------------------------
| rollout/                |              |
|    ep_len_mean          | 50           |
|    ep_rew_mean          | 54.7         |
| time/                   |              |
|    fps                  | 628          |
|    iterations           | 104          |
|    time_elapsed         | 339          |
|    total_timesteps      | 212992       |
| train/                  |              |
|    approx_kl            | 0.0032779123 |
|    clip_fraction        | 0.0488       |
|    clip_range           | 0.2          |
|    entropy_loss         | -0.707       |
|    explained_variance   | 0.953        |
|    learning_rate        | 0.0003       |
|    loss                 | 7.68         |
|    n_updates            | 1030         |
|    policy_gradient_loss | -0.00448     |
|    value_loss           | 17.7         |
------------------------------------------
-----------------------------------------
| rollout/                |             |
|    ep_len_mean          | 50.1        |
|    ep_rew_mean          | 55.2        |
| time/                   |             |
|    fps                  | 627         |
|    iterations           | 105         |
|    time_elapsed         | 342         |
|    total_timesteps      | 215040      |
| train/                  |             |
|    approx_kl            | 0.002701181 |
|    clip_fraction        | 0.0192      |
|    clip_range           | 0.2         |
|    entropy_loss         | -0.7        |
|    explained_variance   | 0.974       |
|    learning_rate        | 0.0003      |
|    loss                 | 4.86        |
|    n_updates            | 1040        |
|    policy_gradient_loss | -0.00258    |
|    value_loss           | 9.87        |
-----------------------------------------
----------------------------------------
| rollout/                |            |
|    ep_len_mean          | 49.8       |
|    ep_rew_mean          | 55.4       |
| time/                   |            |
|    fps                  | 626        |
|    iterations           | 106        |
|    time_elapsed         | 346        |
|    total_timesteps      | 217088     |
| train/                  |            |
|    approx_kl            | 0.00802215 |
|    clip_fraction        | 0.0507     |
|    clip_range           | 0.2        |
|    entropy_loss         | -0.727     |
|    explained_variance   | 0.958      |
|    learning_rate        | 0.0003     |
|    loss                 | 5.1        |
|    n_updates            | 1050       |
|    policy_gradient_loss | -0.00347   |
|    value_loss           | 13.2       |
----------------------------------------
-----------------------------------------
| rollout/                |             |
|    ep_len_mean          | 50.4        |
|    ep_rew_mean          | 54.9        |
| time/                   |             |
|    fps                  | 627         |
|    iterations           | 107         |
|    time_elapsed         | 349         |
|    total_timesteps      | 219136      |
| train/                  |             |
|    approx_kl            | 0.003493811 |
|    clip_fraction        | 0.0508      |
|    clip_range           | 0.2         |
|    entropy_loss         | -0.726      |
|    explained_variance   | 0.948       |
|    learning_rate        | 0.0003      |
|    loss                 | 6.08        |
|    n_updates            | 1060        |
|    policy_gradient_loss | -0.00543    |
|    value_loss           | 16.1        |
-----------------------------------------
------------------------------------------
| rollout/                |              |
|    ep_len_mean          | 51.5         |
|    ep_rew_mean          | 55.3         |
| time/                   |              |
|    fps                  | 628          |
|    iterations           | 108          |
|    time_elapsed         | 352          |
|    total_timesteps      | 221184       |
| train/                  |              |
|    approx_kl            | 0.0046129273 |
|    clip_fraction        | 0.0284       |
|    clip_range           | 0.2          |
|    entropy_loss         | -0.692       |
|    explained_variance   | 0.977        |
|    learning_rate        | 0.0003       |
|    loss                 | 3.31         |
|    n_updates            | 1070         |
|    policy_gradient_loss | -0.00346     |
|    value_loss           | 7.85         |
------------------------------------------
------------------------------------------
| rollout/                |              |
|    ep_len_mean          | 51.2         |
|    ep_rew_mean          | 56.3         |
| time/                   |              |
|    fps                  | 628          |
|    iterations           | 109          |
|    time_elapsed         | 355          |
|    total_timesteps      | 223232       |
| train/                  |              |
|    approx_kl            | 0.0037414874 |
|    clip_fraction        | 0.0413       |
|    clip_range           | 0.2          |
|    entropy_loss         | -0.718       |
|    explained_variance   | 0.967        |
|    learning_rate        | 0.0003       |
|    loss                 | 7.31         |
|    n_updates            | 1080         |
|    policy_gradient_loss | -0.00399     |
|    value_loss           | 11.4         |
------------------------------------------
------------------------------------------
| rollout/                |              |
|    ep_len_mean          | 50.7         |
|    ep_rew_mean          | 56.4         |
| time/                   |              |
|    fps                  | 629          |
|    iterations           | 110          |
|    time_elapsed         | 358          |
|    total_timesteps      | 225280       |
| train/                  |              |
|    approx_kl            | 0.0054326495 |
|    clip_fraction        | 0.0437       |
|    clip_range           | 0.2          |
|    entropy_loss         | -0.717       |
|    explained_variance   | 0.974        |
|    learning_rate        | 0.0003       |
|    loss                 | 3.67         |
|    n_updates            | 1090         |
|    policy_gradient_loss | -0.00386     |
|    value_loss           | 9.43         |
------------------------------------------
-----------------------------------------
| rollout/                |             |
|    ep_len_mean          | 50.3        |
|    ep_rew_mean          | 55.1        |
| time/                   |             |
|    fps                  | 630         |
|    iterations           | 111         |
|    time_elapsed         | 360         |
|    total_timesteps      | 227328      |
| train/                  |             |
|    approx_kl            | 0.002464001 |
|    clip_fraction        | 0.0144      |
|    clip_range           | 0.2         |
|    entropy_loss         | -0.692      |
|    explained_variance   | 0.975       |
|    learning_rate        | 0.0003      |
|    loss                 | 2.57        |
|    n_updates            | 1100        |
|    policy_gradient_loss | -0.0028     |
|    value_loss           | 9.52        |
-----------------------------------------
------------------------------------------
| rollout/                |              |
|    ep_len_mean          | 50.5         |
|    ep_rew_mean          | 56           |
| time/                   |              |
|    fps                  | 630          |
|    iterations           | 112          |
|    time_elapsed         | 364          |
|    total_timesteps      | 229376       |
| train/                  |              |
|    approx_kl            | 0.0049017277 |
|    clip_fraction        | 0.06         |
|    clip_range           | 0.2          |
|    entropy_loss         | -0.683       |
|    explained_variance   | 0.954        |
|    learning_rate        | 0.0003       |
|    loss                 | 10.9         |
|    n_updates            | 1110         |
|    policy_gradient_loss | -0.00708     |
|    value_loss           | 15.5         |
------------------------------------------
-----------------------------------------
| rollout/                |             |
|    ep_len_mean          | 50          |
|    ep_rew_mean          | 56.3        |
| time/                   |             |
|    fps                  | 630         |
|    iterations           | 113         |
|    time_elapsed         | 366         |
|    total_timesteps      | 231424      |
| train/                  |             |
|    approx_kl            | 0.004860593 |
|    clip_fraction        | 0.0394      |
|    clip_range           | 0.2         |
|    entropy_loss         | -0.693      |
|    explained_variance   | 0.976       |
|    learning_rate        | 0.0003      |
|    loss                 | 4.39        |
|    n_updates            | 1120        |
|    policy_gradient_loss | -0.0063     |
|    value_loss           | 8.84        |
-----------------------------------------
------------------------------------------
| rollout/                |              |
|    ep_len_mean          | 50           |
|    ep_rew_mean          | 56.7         |
| time/                   |              |
|    fps                  | 630          |
|    iterations           | 114          |
|    time_elapsed         | 370          |
|    total_timesteps      | 233472       |
| train/                  |              |
|    approx_kl            | 0.0037922203 |
|    clip_fraction        | 0.0602       |
|    clip_range           | 0.2          |
|    entropy_loss         | -0.703       |
|    explained_variance   | 0.977        |
|    learning_rate        | 0.0003       |
|    loss                 | 4.31         |
|    n_updates            | 1130         |
|    policy_gradient_loss | -0.00589     |
|    value_loss           | 9.05         |
------------------------------------------
-----------------------------------------
| rollout/                |             |
|    ep_len_mean          | 49.7        |
|    ep_rew_mean          | 56          |
| time/                   |             |
|    fps                  | 630         |
|    iterations           | 115         |
|    time_elapsed         | 373         |
|    total_timesteps      | 235520      |
| train/                  |             |
|    approx_kl            | 0.004398321 |
|    clip_fraction        | 0.0333      |
|    clip_range           | 0.2         |
|    entropy_loss         | -0.705      |
|    explained_variance   | 0.972       |
|    learning_rate        | 0.0003      |
|    loss                 | 5.62        |
|    n_updates            | 1140        |
|    policy_gradient_loss | -0.00407    |
|    value_loss           | 10.1        |
-----------------------------------------
------------------------------------------
| rollout/                |              |
|    ep_len_mean          | 49.9         |
|    ep_rew_mean          | 55.7         |
| time/                   |              |
|    fps                  | 631          |
|    iterations           | 116          |
|    time_elapsed         | 376          |
|    total_timesteps      | 237568       |
| train/                  |              |
|    approx_kl            | 0.0058541577 |
|    clip_fraction        | 0.0422       |
|    clip_range           | 0.2          |
|    entropy_loss         | -0.715       |
|    explained_variance   | 0.965        |
|    learning_rate        | 0.0003       |
|    loss                 | 5.7          |
|    n_updates            | 1150         |
|    policy_gradient_loss | -0.00573     |
|    value_loss           | 13.2         |
------------------------------------------
------------------------------------------
| rollout/                |              |
|    ep_len_mean          | 50.3         |
|    ep_rew_mean          | 56.2         |
| time/                   |              |
|    fps                  | 632          |
|    iterations           | 117          |
|    time_elapsed         | 379          |
|    total_timesteps      | 239616       |
| train/                  |              |
|    approx_kl            | 0.0028683892 |
|    clip_fraction        | 0.0143       |
|    clip_range           | 0.2          |
|    entropy_loss         | -0.68        |
|    explained_variance   | 0.974        |
|    learning_rate        | 0.0003       |
|    loss                 | 4.54         |
|    n_updates            | 1160         |
|    policy_gradient_loss | -0.00187     |
|    value_loss           | 10.3         |
------------------------------------------
-----------------------------------------
| rollout/                |             |
|    ep_len_mean          | 50.3        |
|    ep_rew_mean          | 55.8        |
| time/                   |             |
|    fps                  | 632         |
|    iterations           | 118         |
|    time_elapsed         | 381         |
|    total_timesteps      | 241664      |
| train/                  |             |
|    approx_kl            | 0.005962941 |
|    clip_fraction        | 0.0276      |
|    clip_range           | 0.2         |
|    entropy_loss         | -0.699      |
|    explained_variance   | 0.971       |
|    learning_rate        | 0.0003      |
|    loss                 | 4.5         |
|    n_updates            | 1170        |
|    policy_gradient_loss | -0.00399    |
|    value_loss           | 10.9        |
-----------------------------------------
------------------------------------------
| rollout/                |              |
|    ep_len_mean          | 49.8         |
|    ep_rew_mean          | 55.6         |
| time/                   |              |
|    fps                  | 632          |
|    iterations           | 119          |
|    time_elapsed         | 385          |
|    total_timesteps      | 243712       |
| train/                  |              |
|    approx_kl            | 0.0062373774 |
|    clip_fraction        | 0.0574       |
|    clip_range           | 0.2          |
|    entropy_loss         | -0.706       |
|    explained_variance   | 0.968        |
|    learning_rate        | 0.0003       |
|    loss                 | 5.71         |
|    n_updates            | 1180         |
|    policy_gradient_loss | -0.00571     |
|    value_loss           | 11.9         |
------------------------------------------
------------------------------------------
| rollout/                |              |
|    ep_len_mean          | 50.8         |
|    ep_rew_mean          | 56           |
| time/                   |              |
|    fps                  | 632          |
|    iterations           | 120          |
|    time_elapsed         | 388          |
|    total_timesteps      | 245760       |
| train/                  |              |
|    approx_kl            | 0.0050913664 |
|    clip_fraction        | 0.0442       |
|    clip_range           | 0.2          |
|    entropy_loss         | -0.723       |
|    explained_variance   | 0.96         |
|    learning_rate        | 0.0003       |
|    loss                 | 8.08         |
|    n_updates            | 1190         |
|    policy_gradient_loss | -0.00467     |
|    value_loss           | 14           |
------------------------------------------
-----------------------------------------
| rollout/                |             |
|    ep_len_mean          | 51          |
|    ep_rew_mean          | 55          |
| time/                   |             |
|    fps                  | 633         |
|    iterations           | 121         |
|    time_elapsed         | 391         |
|    total_timesteps      | 247808      |
| train/                  |             |
|    approx_kl            | 0.005809577 |
|    clip_fraction        | 0.0548      |
|    clip_range           | 0.2         |
|    entropy_loss         | -0.708      |
|    explained_variance   | 0.966       |
|    learning_rate        | 0.0003      |
|    loss                 | 3.11        |
|    n_updates            | 1200        |
|    policy_gradient_loss | -0.00351    |
|    value_loss           | 11.3        |
-----------------------------------------
-----------------------------------------
| rollout/                |             |
|    ep_len_mean          | 51.5        |
|    ep_rew_mean          | 55.9        |
| time/                   |             |
|    fps                  | 633         |
|    iterations           | 122         |
|    time_elapsed         | 394         |
|    total_timesteps      | 249856      |
| train/                  |             |
|    approx_kl            | 0.004983305 |
|    clip_fraction        | 0.0646      |
|    clip_range           | 0.2         |
|    entropy_loss         | -0.721      |
|    explained_variance   | 0.964       |
|    learning_rate        | 0.0003      |
|    loss                 | 5.16        |
|    n_updates            | 1210        |
|    policy_gradient_loss | -0.00572    |
|    value_loss           | 13.1        |
-----------------------------------------
-----------------------------------------
| rollout/                |             |
|    ep_len_mean          | 51.3        |
|    ep_rew_mean          | 55.5        |
| time/                   |             |
|    fps                  | 634         |
|    iterations           | 123         |
|    time_elapsed         | 397         |
|    total_timesteps      | 251904      |
| train/                  |             |
|    approx_kl            | 0.004691066 |
|    clip_fraction        | 0.0232      |
|    clip_range           | 0.2         |
|    entropy_loss         | -0.711      |
|    explained_variance   | 0.977       |
|    learning_rate        | 0.0003      |
|    loss                 | 3.14        |
|    n_updates            | 1220        |
|    policy_gradient_loss | -0.0036     |
|    value_loss           | 8.24        |
-----------------------------------------
-----------------------------------------
| rollout/                |             |
|    ep_len_mean          | 51.6        |
|    ep_rew_mean          | 56.5        |
| time/                   |             |
|    fps                  | 634         |
|    iterations           | 124         |
|    time_elapsed         | 400         |
|    total_timesteps      | 253952      |
| train/                  |             |
|    approx_kl            | 0.005876088 |
|    clip_fraction        | 0.0344      |
|    clip_range           | 0.2         |
|    entropy_loss         | -0.751      |
|    explained_variance   | 0.969       |
|    learning_rate        | 0.0003      |
|    loss                 | 5.06        |
|    n_updates            | 1230        |
|    policy_gradient_loss | -0.00358    |
|    value_loss           | 11          |
-----------------------------------------
------------------------------------------
| rollout/                |              |
|    ep_len_mean          | 51.4         |
|    ep_rew_mean          | 56.8         |
| time/                   |              |
|    fps                  | 633          |
|    iterations           | 125          |
|    time_elapsed         | 404          |
|    total_timesteps      | 256000       |
| train/                  |              |
|    approx_kl            | 0.0051486436 |
|    clip_fraction        | 0.048        |
|    clip_range           | 0.2          |
|    entropy_loss         | -0.729       |
|    explained_variance   | 0.969        |
|    learning_rate        | 0.0003       |
|    loss                 | 4.17         |
|    n_updates            | 1240         |
|    policy_gradient_loss | -0.00578     |
|    value_loss           | 10.8         |
------------------------------------------
----------------------------------------
| rollout/                |            |
|    ep_len_mean          | 51         |
|    ep_rew_mean          | 56.8       |
| time/                   |            |
|    fps                  | 633        |
|    iterations           | 126        |
|    time_elapsed         | 407        |
|    total_timesteps      | 258048     |
| train/                  |            |
|    approx_kl            | 0.00512137 |
|    clip_fraction        | 0.0327     |
|    clip_range           | 0.2        |
|    entropy_loss         | -0.739     |
|    explained_variance   | 0.979      |
|    learning_rate        | 0.0003     |
|    loss                 | 3.28       |
|    n_updates            | 1250       |
|    policy_gradient_loss | -0.00342   |
|    value_loss           | 7.82       |
----------------------------------------
-----------------------------------------
| rollout/                |             |
|    ep_len_mean          | 50.8        |
|    ep_rew_mean          | 56.1        |
| time/                   |             |
|    fps                  | 633         |
|    iterations           | 127         |
|    time_elapsed         | 410         |
|    total_timesteps      | 260096      |
| train/                  |             |
|    approx_kl            | 0.008054131 |
|    clip_fraction        | 0.0339      |
|    clip_range           | 0.2         |
|    entropy_loss         | -0.738      |
|    explained_variance   | 0.982       |
|    learning_rate        | 0.0003      |
|    loss                 | 2.82        |
|    n_updates            | 1260        |
|    policy_gradient_loss | -0.00429    |
|    value_loss           | 6.97        |
-----------------------------------------
-----------------------------------------
| rollout/                |             |
|    ep_len_mean          | 51          |
|    ep_rew_mean          | 56.1        |
| time/                   |             |
|    fps                  | 633         |
|    iterations           | 128         |
|    time_elapsed         | 413         |
|    total_timesteps      | 262144      |
| train/                  |             |
|    approx_kl            | 0.005267959 |
|    clip_fraction        | 0.0233      |
|    clip_range           | 0.2         |
|    entropy_loss         | -0.737      |
|    explained_variance   | 0.982       |
|    learning_rate        | 0.0003      |
|    loss                 | 2.97        |
|    n_updates            | 1270        |
|    policy_gradient_loss | -0.00283    |
|    value_loss           | 6.53        |
-----------------------------------------
-----------------------------------------
| rollout/                |             |
|    ep_len_mean          | 51.2        |
|    ep_rew_mean          | 57.4        |
| time/                   |             |
|    fps                  | 633         |
|    iterations           | 129         |
|    time_elapsed         | 417         |
|    total_timesteps      | 264192      |
| train/                  |             |
|    approx_kl            | 0.004651698 |
|    clip_fraction        | 0.0403      |
|    clip_range           | 0.2         |
|    entropy_loss         | -0.732      |
|    explained_variance   | 0.979       |
|    learning_rate        | 0.0003      |
|    loss                 | 2.8         |
|    n_updates            | 1280        |
|    policy_gradient_loss | -0.00748    |
|    value_loss           | 7.68        |
-----------------------------------------
------------------------------------------
| rollout/                |              |
|    ep_len_mean          | 51.1         |
|    ep_rew_mean          | 56.7         |
| time/                   |              |
|    fps                  | 633          |
|    iterations           | 130          |
|    time_elapsed         | 420          |
|    total_timesteps      | 266240       |
| train/                  |              |
|    approx_kl            | 0.0040793293 |
|    clip_fraction        | 0.0318       |
|    clip_range           | 0.2          |
|    entropy_loss         | -0.742       |
|    explained_variance   | 0.98         |
|    learning_rate        | 0.0003       |
|    loss                 | 3.64         |
|    n_updates            | 1290         |
|    policy_gradient_loss | -0.00399     |
|    value_loss           | 7.58         |
------------------------------------------
------------------------------------------
| rollout/                |              |
|    ep_len_mean          | 51.1         |
|    ep_rew_mean          | 56.9         |
| time/                   |              |
|    fps                  | 634          |
|    iterations           | 131          |
|    time_elapsed         | 422          |
|    total_timesteps      | 268288       |
| train/                  |              |
|    approx_kl            | 0.0036320013 |
|    clip_fraction        | 0.019        |
|    clip_range           | 0.2          |
|    entropy_loss         | -0.748       |
|    explained_variance   | 0.978        |
|    learning_rate        | 0.0003       |
|    loss                 | 3.91         |
|    n_updates            | 1300         |
|    policy_gradient_loss | -0.00376     |
|    value_loss           | 8.31         |
------------------------------------------
-----------------------------------------
| rollout/                |             |
|    ep_len_mean          | 51.2        |
|    ep_rew_mean          | 57.4        |
| time/                   |             |
|    fps                  | 634         |
|    iterations           | 132         |
|    time_elapsed         | 425         |
|    total_timesteps      | 270336      |
| train/                  |             |
|    approx_kl            | 0.004045389 |
|    clip_fraction        | 0.0335      |
|    clip_range           | 0.2         |
|    entropy_loss         | -0.733      |
|    explained_variance   | 0.982       |
|    learning_rate        | 0.0003      |
|    loss                 | 1.89        |
|    n_updates            | 1310        |
|    policy_gradient_loss | -0.00293    |
|    value_loss           | 7.14        |
-----------------------------------------
------------------------------------------
| rollout/                |              |
|    ep_len_mean          | 51.2         |
|    ep_rew_mean          | 56.8         |
| time/                   |              |
|    fps                  | 634          |
|    iterations           | 133          |
|    time_elapsed         | 429          |
|    total_timesteps      | 272384       |
| train/                  |              |
|    approx_kl            | 0.0055093905 |
|    clip_fraction        | 0.0489       |
|    clip_range           | 0.2          |
|    entropy_loss         | -0.74        |
|    explained_variance   | 0.979        |
|    learning_rate        | 0.0003       |
|    loss                 | 2.41         |
|    n_updates            | 1320         |
|    policy_gradient_loss | -0.00449     |
|    value_loss           | 7.93         |
------------------------------------------
------------------------------------------
| rollout/                |              |
|    ep_len_mean          | 51.1         |
|    ep_rew_mean          | 55.8         |
| time/                   |              |
|    fps                  | 634          |
|    iterations           | 134          |
|    time_elapsed         | 432          |
|    total_timesteps      | 274432       |
| train/                  |              |
|    approx_kl            | 0.0043253796 |
|    clip_fraction        | 0.0369       |
|    clip_range           | 0.2          |
|    entropy_loss         | -0.724       |
|    explained_variance   | 0.977        |
|    learning_rate        | 0.0003       |
|    loss                 | 4.76         |
|    n_updates            | 1330         |
|    policy_gradient_loss | -0.00338     |
|    value_loss           | 8.35         |
------------------------------------------
-----------------------------------------
| rollout/                |             |
|    ep_len_mean          | 51.4        |
|    ep_rew_mean          | 57          |
| time/                   |             |
|    fps                  | 633         |
|    iterations           | 135         |
|    time_elapsed         | 436         |
|    total_timesteps      | 276480      |
| train/                  |             |
|    approx_kl            | 0.004346449 |
|    clip_fraction        | 0.0355      |
|    clip_range           | 0.2         |
|    entropy_loss         | -0.69       |
|    explained_variance   | 0.978       |
|    learning_rate        | 0.0003      |
|    loss                 | 5.12        |
|    n_updates            | 1340        |
|    policy_gradient_loss | -0.00621    |
|    value_loss           | 8.27        |
-----------------------------------------
------------------------------------------
| rollout/                |              |
|    ep_len_mean          | 50.9         |
|    ep_rew_mean          | 57           |
| time/                   |              |
|    fps                  | 632          |
|    iterations           | 136          |
|    time_elapsed         | 440          |
|    total_timesteps      | 278528       |
| train/                  |              |
|    approx_kl            | 0.0051787086 |
|    clip_fraction        | 0.0482       |
|    clip_range           | 0.2          |
|    entropy_loss         | -0.707       |
|    explained_variance   | 0.983        |
|    learning_rate        | 0.0003       |
|    loss                 | 2.4          |
|    n_updates            | 1350         |
|    policy_gradient_loss | -0.00421     |
|    value_loss           | 6.41         |
------------------------------------------
----------------------------------------
| rollout/                |            |
|    ep_len_mean          | 50.6       |
|    ep_rew_mean          | 56.3       |
| time/                   |            |
|    fps                  | 631        |
|    iterations           | 137        |
|    time_elapsed         | 444        |
|    total_timesteps      | 280576     |
| train/                  |            |
|    approx_kl            | 0.00520315 |
|    clip_fraction        | 0.0424     |
|    clip_range           | 0.2        |
|    entropy_loss         | -0.694     |
|    explained_variance   | 0.973      |
|    learning_rate        | 0.0003     |
|    loss                 | 6.92       |
|    n_updates            | 1360       |
|    policy_gradient_loss | -0.00501   |
|    value_loss           | 10.5       |
----------------------------------------
------------------------------------------
| rollout/                |              |
|    ep_len_mean          | 51.2         |
|    ep_rew_mean          | 56.4         |
| time/                   |              |
|    fps                  | 631          |
|    iterations           | 138          |
|    time_elapsed         | 447          |
|    total_timesteps      | 282624       |
| train/                  |              |
|    approx_kl            | 0.0029526723 |
|    clip_fraction        | 0.0162       |
|    clip_range           | 0.2          |
|    entropy_loss         | -0.681       |
|    explained_variance   | 0.954        |
|    learning_rate        | 0.0003       |
|    loss                 | 6.73         |
|    n_updates            | 1370         |
|    policy_gradient_loss | -0.00381     |
|    value_loss           | 16.1         |
------------------------------------------
-----------------------------------------
| rollout/                |             |
|    ep_len_mean          | 50.6        |
|    ep_rew_mean          | 56.2        |
| time/                   |             |
|    fps                  | 631         |
|    iterations           | 139         |
|    time_elapsed         | 450         |
|    total_timesteps      | 284672      |
| train/                  |             |
|    approx_kl            | 0.004069322 |
|    clip_fraction        | 0.0444      |
|    clip_range           | 0.2         |
|    entropy_loss         | -0.683      |
|    explained_variance   | 0.982       |
|    learning_rate        | 0.0003      |
|    loss                 | 3.48        |
|    n_updates            | 1380        |
|    policy_gradient_loss | -0.00436    |
|    value_loss           | 6.92        |
-----------------------------------------
------------------------------------------
| rollout/                |              |
|    ep_len_mean          | 50.5         |
|    ep_rew_mean          | 56           |
| time/                   |              |
|    fps                  | 631          |
|    iterations           | 140          |
|    time_elapsed         | 453          |
|    total_timesteps      | 286720       |
| train/                  |              |
|    approx_kl            | 0.0034438819 |
|    clip_fraction        | 0.0264       |
|    clip_range           | 0.2          |
|    entropy_loss         | -0.661       |
|    explained_variance   | 0.972        |
|    learning_rate        | 0.0003       |
|    loss                 | 3.73         |
|    n_updates            | 1390         |
|    policy_gradient_loss | -0.0048      |
|    value_loss           | 10.8         |
------------------------------------------
------------------------------------------
| rollout/                |              |
|    ep_len_mean          | 50.8         |
|    ep_rew_mean          | 56.2         |
| time/                   |              |
|    fps                  | 632          |
|    iterations           | 141          |
|    time_elapsed         | 456          |
|    total_timesteps      | 288768       |
| train/                  |              |
|    approx_kl            | 0.0020534778 |
|    clip_fraction        | 0.0126       |
|    clip_range           | 0.2          |
|    entropy_loss         | -0.64        |
|    explained_variance   | 0.978        |
|    learning_rate        | 0.0003       |
|    loss                 | 4.08         |
|    n_updates            | 1400         |
|    policy_gradient_loss | -0.00248     |
|    value_loss           | 8.36         |
------------------------------------------
------------------------------------------
| rollout/                |              |
|    ep_len_mean          | 50.7         |
|    ep_rew_mean          | 56.3         |
| time/                   |              |
|    fps                  | 632          |
|    iterations           | 142          |
|    time_elapsed         | 459          |
|    total_timesteps      | 290816       |
| train/                  |              |
|    approx_kl            | 0.0046655578 |
|    clip_fraction        | 0.0316       |
|    clip_range           | 0.2          |
|    entropy_loss         | -0.656       |
|    explained_variance   | 0.97         |
|    learning_rate        | 0.0003       |
|    loss                 | 3.71         |
|    n_updates            | 1410         |
|    policy_gradient_loss | -0.00323     |
|    value_loss           | 11.3         |
------------------------------------------
-----------------------------------------
| rollout/                |             |
|    ep_len_mean          | 50.8        |
|    ep_rew_mean          | 55.2        |
| time/                   |             |
|    fps                  | 632         |
|    iterations           | 143         |
|    time_elapsed         | 463         |
|    total_timesteps      | 292864      |
| train/                  |             |
|    approx_kl            | 0.005089606 |
|    clip_fraction        | 0.0264      |
|    clip_range           | 0.2         |
|    entropy_loss         | -0.65       |
|    explained_variance   | 0.975       |
|    learning_rate        | 0.0003      |
|    loss                 | 5.42        |
|    n_updates            | 1420        |
|    policy_gradient_loss | -0.00272    |
|    value_loss           | 8.84        |
-----------------------------------------
-----------------------------------------
| rollout/                |             |
|    ep_len_mean          | 50.9        |
|    ep_rew_mean          | 55.6        |
| time/                   |             |
|    fps                  | 632         |
|    iterations           | 144         |
|    time_elapsed         | 466         |
|    total_timesteps      | 294912      |
| train/                  |             |
|    approx_kl            | 0.006891057 |
|    clip_fraction        | 0.0752      |
|    clip_range           | 0.2         |
|    entropy_loss         | -0.642      |
|    explained_variance   | 0.973       |
|    learning_rate        | 0.0003      |
|    loss                 | 6.48        |
|    n_updates            | 1430        |
|    policy_gradient_loss | -0.00484    |
|    value_loss           | 9.6         |
-----------------------------------------
------------------------------------------
| rollout/                |              |
|    ep_len_mean          | 50.9         |
|    ep_rew_mean          | 54.7         |
| time/                   |              |
|    fps                  | 632          |
|    iterations           | 145          |
|    time_elapsed         | 469          |
|    total_timesteps      | 296960       |
| train/                  |              |
|    approx_kl            | 0.0032772513 |
|    clip_fraction        | 0.0477       |
|    clip_range           | 0.2          |
|    entropy_loss         | -0.627       |
|    explained_variance   | 0.968        |
|    learning_rate        | 0.0003       |
|    loss                 | 4            |
|    n_updates            | 1440         |
|    policy_gradient_loss | -0.00375     |
|    value_loss           | 12           |
------------------------------------------
-----------------------------------------
| rollout/                |             |
|    ep_len_mean          | 51.7        |
|    ep_rew_mean          | 55.7        |
| time/                   |             |
|    fps                  | 633         |
|    iterations           | 146         |
|    time_elapsed         | 472         |
|    total_timesteps      | 299008      |
| train/                  |             |
|    approx_kl            | 0.004294251 |
|    clip_fraction        | 0.0422      |
|    clip_range           | 0.2         |
|    entropy_loss         | -0.64       |
|    explained_variance   | 0.975       |
|    learning_rate        | 0.0003      |
|    loss                 | 4.41        |
|    n_updates            | 1450        |
|    policy_gradient_loss | -0.0047     |
|    value_loss           | 8.81        |
-----------------------------------------
------------------------------------------
| rollout/                |              |
|    ep_len_mean          | 51.6         |
|    ep_rew_mean          | 55.6         |
| time/                   |              |
|    fps                  | 633          |
|    iterations           | 147          |
|    time_elapsed         | 475          |
|    total_timesteps      | 301056       |
| train/                  |              |
|    approx_kl            | 0.0038014993 |
|    clip_fraction        | 0.0372       |
|    clip_range           | 0.2          |
|    entropy_loss         | -0.64        |
|    explained_variance   | 0.979        |
|    learning_rate        | 0.0003       |
|    loss                 | 2.98         |
|    n_updates            | 1460         |
|    policy_gradient_loss | -0.00449     |
|    value_loss           | 8.13         |
------------------------------------------

trained in 7.9 min
model  -> src/robofetch_ai/robofetch_ai/models/ppo_policy.zip
report -> tools/ai/results/train_ppo_20260916_115450.json
