[INFO] [launch]: All log files can be found below /home/robojazzy/.ros/log/2026-09-17-09-30-09-727117-DESKTOP-NOCCT0U-346331
[INFO] [launch]: Default logging verbosity is set to INFO
[INFO] [gazebo-1]: process started with pid [346388]
[INFO] [robot_state_publisher-2]: process started with pid [346389]
[INFO] [create-3]: process started with pid [346391]
[INFO] [parameter_bridge-4]: process started with pid [346392]
[INFO] [map_server-5]: process started with pid [346393]
[INFO] [amcl-6]: process started with pid [346394]
[INFO] [lifecycle_manager-7]: process started with pid [346395]
[INFO] [controller_server-8]: process started with pid [346396]
[INFO] [smoother_server-9]: process started with pid [346397]
[INFO] [planner_server-10]: process started with pid [346398]
[INFO] [route_server-11]: process started with pid [346401]
[INFO] [behavior_server-12]: process started with pid [346402]
[INFO] [bt_navigator-13]: process started with pid [346403]
[INFO] [waypoint_follower-14]: process started with pid [346404]
[INFO] [velocity_smoother-15]: process started with pid [346405]
[INFO] [collision_monitor-16]: process started with pid [346406]
[INFO] [opennav_docking-17]: process started with pid [346411]
[INFO] [lifecycle_manager-18]: process started with pid [346412]
[robot_state_publisher-2] [INFO] [1789630211.394085490] [robot_state_publisher]: Robot initialized
[amcl-6] [INFO] [1789630211.458672126] [amcl]: 
[amcl-6] 	amcl lifecycle node launched. 
[amcl-6] 	Waiting on external lifecycle transitions to activate
[amcl-6] 	See https://design.ros2.org/articles/node_lifecycle.html for more information.
[amcl-6] [INFO] [1789630211.462311811] [amcl]: Creating
[create-3] [INFO] [1789630211.514685297] [ros_gz_sim]: Requesting list of world names.
[lifecycle_manager-7] [INFO] [1789630211.533135821] [lifecycle_manager_localization]: Creating
[smoother_server-9] [INFO] [1789630211.542332783] [smoother_server]: 
[smoother_server-9] 	smoother_server lifecycle node launched. 
[smoother_server-9] 	Waiting on external lifecycle transitions to activate
[smoother_server-9] 	See https://design.ros2.org/articles/node_lifecycle.html for more information.
[smoother_server-9] [INFO] [1789630211.589192792] [smoother_server]: Creating smoother server
[route_server-11] [INFO] [1789630211.595123567] [route_server]: 
[route_server-11] 	route_server lifecycle node launched. 
[route_server-11] 	Waiting on external lifecycle transitions to activate
[route_server-11] 	See https://design.ros2.org/articles/node_lifecycle.html for more information.
[controller_server-8] [INFO] [1789630211.597773656] [controller_server]: 
[controller_server-8] 	controller_server lifecycle node launched. 
[controller_server-8] 	Waiting on external lifecycle transitions to activate
[controller_server-8] 	See https://design.ros2.org/articles/node_lifecycle.html for more information.
[bt_navigator-13] [INFO] [1789630211.607965015] [bt_navigator]: 
[bt_navigator-13] 	bt_navigator lifecycle node launched. 
[bt_navigator-13] 	Waiting on external lifecycle transitions to activate
[bt_navigator-13] 	See https://design.ros2.org/articles/node_lifecycle.html for more information.
[bt_navigator-13] [INFO] [1789630211.619410968] [bt_navigator]: Creating
[collision_monitor-16] [INFO] [1789630211.619712667] [collision_monitor]: 
[collision_monitor-16] 	collision_monitor lifecycle node launched. 
[collision_monitor-16] 	Waiting on external lifecycle transitions to activate
[collision_monitor-16] 	See https://design.ros2.org/articles/node_lifecycle.html for more information.
[controller_server-8] [INFO] [1789630211.620031165] [controller_server]: Creating controller server
[velocity_smoother-15] [INFO] [1789630211.630321623] [velocity_smoother]: 
[velocity_smoother-15] 	velocity_smoother lifecycle node launched. 
[velocity_smoother-15] 	Waiting on external lifecycle transitions to activate
[velocity_smoother-15] 	See https://design.ros2.org/articles/node_lifecycle.html for more information.
[planner_server-10] [INFO] [1789630211.653100630] [planner_server]: 
[planner_server-10] 	planner_server lifecycle node launched. 
[planner_server-10] 	Waiting on external lifecycle transitions to activate
[planner_server-10] 	See https://design.ros2.org/articles/node_lifecycle.html for more information.
[planner_server-10] [INFO] [1789630211.663406288] [planner_server]: Creating
[lifecycle_manager-7] [INFO] [1789630211.663909786] [lifecycle_manager_localization]: [34m[1mCreating and initializing lifecycle service clients[0m[0m
[behavior_server-12] [INFO] [1789630211.665414779] [behavior_server]: 
[behavior_server-12] 	behavior_server lifecycle node launched. 
[behavior_server-12] 	Waiting on external lifecycle transitions to activate
[behavior_server-12] 	See https://design.ros2.org/articles/node_lifecycle.html for more information.
[lifecycle_manager-18] [INFO] [1789630211.707161509] [lifecycle_manager_navigation]: Creating
[opennav_docking-17] [INFO] [1789630211.713031385] [docking_server]: 
[opennav_docking-17] 	docking_server lifecycle node launched. 
[opennav_docking-17] 	Waiting on external lifecycle transitions to activate
[opennav_docking-17] 	See https://design.ros2.org/articles/node_lifecycle.html for more information.
[opennav_docking-17] [INFO] [1789630211.713200584] [docking_server]: Creating docking_server
[waypoint_follower-14] [INFO] [1789630211.724032140] [waypoint_follower]: 
[waypoint_follower-14] 	waypoint_follower lifecycle node launched. 
[waypoint_follower-14] 	Waiting on external lifecycle transitions to activate
[waypoint_follower-14] 	See https://design.ros2.org/articles/node_lifecycle.html for more information.
[waypoint_follower-14] [INFO] [1789630211.725694133] [waypoint_follower]: Creating
[lifecycle_manager-18] [INFO] [1789630211.751377628] [lifecycle_manager_navigation]: [34m[1mCreating and initializing lifecycle service clients[0m[0m
[lifecycle_manager-7] [INFO] [1789630211.791197465] [lifecycle_manager_localization]: [34m[1mStarting managed nodes bringup...[0m[0m
[lifecycle_manager-7] [INFO] [1789630211.791300064] [lifecycle_manager_localization]: [34m[1mConfiguring map_server[0m[0m
[map_server-5] [INFO] [1789630211.795712146] [map_server]: 
[map_server-5] 	map_server lifecycle node launched. 
[map_server-5] 	Waiting on external lifecycle transitions to activate
[map_server-5] 	See https://design.ros2.org/articles/node_lifecycle.html for more information.
[map_server-5] [INFO] [1789630211.797055241] [map_server]: Creating
[map_server-5] [INFO] [1789630211.802955016] [map_server]: Configuring
[map_server-5] [INFO] [1789630211.804192811] [map_io]: Loading yaml file: /home/robojazzy/robofetch_ws_copy/robofetch_ws/install/robofetch_nav/share/robofetch_nav/maps/factory_maze.yaml
[planner_server-10] [INFO] [1789630211.804393611] [global_costmap.global_costmap]: 
[planner_server-10] 	global_costmap lifecycle node launched. 
[planner_server-10] 	Waiting on external lifecycle transitions to activate
[planner_server-10] 	See https://design.ros2.org/articles/node_lifecycle.html for more information.
[planner_server-10] [INFO] [1789630211.807234899] [global_costmap.global_costmap]: Creating Costmap
[map_server-5] [INFO] [1789630211.809749689] [map_io]: resolution: 0.05
[map_server-5] [INFO] [1789630211.809781188] [map_io]: origin[0]: -7.75
[map_server-5] [INFO] [1789630211.809822588] [map_io]: origin[1]: -5.5
[map_server-5] [INFO] [1789630211.809835088] [map_io]: origin[2]: 0
[map_server-5] [INFO] [1789630211.809845088] [map_io]: free_thresh: 0.196
[map_server-5] [INFO] [1789630211.809850988] [map_io]: occupied_thresh: 0.65
[map_server-5] [INFO] [1789630211.809858388] [map_io]: mode: trinary
[map_server-5] [INFO] [1789630211.809864588] [map_io]: negate: 0
[controller_server-8] [INFO] [1789630211.814930167] [local_costmap.local_costmap]: 
[controller_server-8] 	local_costmap lifecycle node launched. 
[controller_server-8] 	Waiting on external lifecycle transitions to activate
[controller_server-8] 	See https://design.ros2.org/articles/node_lifecycle.html for more information.
[controller_server-8] [INFO] [1789630211.817025459] [local_costmap.local_costmap]: Creating Costmap
[map_server-5] [INFO] [1789630211.819785348] [map_io]: Loading image_file: /home/robojazzy/robofetch_ws_copy/robofetch_ws/install/robofetch_nav/share/robofetch_nav/maps/factory_maze.pgm
[map_server-5] [INFO] [1789630211.826199821] [map_io]: Read map /home/robojazzy/robofetch_ws_copy/robofetch_ws/install/robofetch_nav/share/robofetch_nav/maps/factory_maze.pgm: 310 X 220 map @ 0.05 m/cell
[lifecycle_manager-7] [INFO] [1789630211.858635688] [lifecycle_manager_localization]: [34m[1mConfiguring amcl[0m[0m
[amcl-6] [INFO] [1789630211.859416285] [amcl]: Configuring
[amcl-6] [INFO] [1789630211.859601985] [amcl]: initTransforms
[amcl-6] [INFO] [1789630211.900824116] [amcl]: initPubSub
[amcl-6] [INFO] [1789630211.935818273] [amcl]: Subscribed to map topic.
[lifecycle_manager-7] [INFO] [1789630211.949517216] [lifecycle_manager_localization]: [34m[1mActivating map_server[0m[0m
[map_server-5] [INFO] [1789630211.949913115] [map_server]: Activating
[map_server-5] [INFO] [1789630211.950443813] [map_server]: Creating bond (map_server) to lifecycle manager.
[amcl-6] [INFO] [1789630211.953540800] [amcl]: Received a 310 X 220 map @ 0.050 m/pix
[lifecycle_manager-7] [INFO] [1789630212.067889224] [lifecycle_manager_localization]: Server map_server connected with bond.
[lifecycle_manager-7] [INFO] [1789630212.067963324] [lifecycle_manager_localization]: [34m[1mActivating amcl[0m[0m
[amcl-6] [INFO] [1789630212.068423922] [amcl]: Activating
[amcl-6] [INFO] [1789630212.068531121] [amcl]: initialPoseReceived
[amcl-6] [INFO] [1789630212.068955019] [amcl]: Setting pose (0.000000): -5.225 -2.975 0.000
[amcl-6] [INFO] [1789630212.069534517] [amcl]: Creating bond (amcl) to lifecycle manager.
[lifecycle_manager-7] [INFO] [1789630212.183052438] [lifecycle_manager_localization]: Server amcl connected with bond.
[lifecycle_manager-7] [INFO] [1789630212.183112438] [lifecycle_manager_localization]: [34m[1mManaged nodes are active[0m[0m
[lifecycle_manager-7] [INFO] [1789630212.183128438] [lifecycle_manager_localization]: [34m[1mCreating bond timer...[0m[0m
[gazebo-1] [1;32m[Msg] [0m[1;32mGazebo Sim Server v[0m[1;32m8.11.0[0m[1;32m[0m
[gazebo-1] [1;32m[Msg] [0m[1;32mLoading SDF world file[[0m[1;32m/home/robojazzy/robofetch_ws_copy/robofetch_ws/install/robofetch_gazebo/share/robofetch_gazebo/worlds/factory_maze.sdf[0m[1;32m].[0m
[gazebo-1] [1;32m[Msg] [0m[1;32mServing entity system service on [[0m[1;32m/[0m[1;32mentity/system/add[0m[1;32m][0m[1;32m[0m
[gazebo-1] [1;36m[Dbg] [Physics.cc:906] [0m[1;36mLoaded [[0m[1;36mgz::physics::dartsim::Plugin[0m[1;36m] from library [[0m[1;36m/opt/ros/jazzy/opt/gz_physics_vendor/lib/gz-physics-7/engine-plugins/libgz-physics-dartsim-plugin.so[0m[1;36m][0m[1;36m[0m
[gazebo-1] [1;36m[Dbg] [SystemManager.cc:80] [0m[1;36mLoaded system [[0m[1;36mgz::sim::systems::Physics[0m[1;36m] for entity [[0m[1;36m1[0m[1;36m][0m[1;36m[0m
[gazebo-1] [1;36m[Dbg] [SystemManager.cc:80] [0m[1;36mLoaded system [[0m[1;36mgz::sim::systems::SceneBroadcaster[0m[1;36m] for entity [[0m[1;36m1[0m[1;36m][0m[1;36m[0m
[gazebo-1] [1;32m[Msg] [0m[1;32mCreate[0m[1;32m service on [[0m[1;32m/world/factory_maze/create_multiple[0m[1;32m] (async)[0m[1;32m[0m
[gazebo-1] [1;32m[Msg] [0m[1;32mCreate[0m[1;32m service on [[0m[1;32m/world/factory_maze/create_multiple/blocking[0m[1;32m] (blocking)[0m[1;32m[0m
[gazebo-1] [1;32m[Msg] [0m[1;32mRemove[0m[1;32m service on [[0m[1;32m/world/factory_maze/remove[0m[1;32m] (async)[0m[1;32m[0m
[gazebo-1] [1;32m[Msg] [0m[1;32mRemove[0m[1;32m service on [[0m[1;32m/world/factory_maze/remove/blocking[0m[1;32m] (blocking)[0m[1;32m[0m
[gazebo-1] [1;32m[Msg] [0m[1;32mPose[0m[1;32m service on [[0m[1;32m/world/factory_maze/set_pose[0m[1;32m] (async)[0m[1;32m[0m
[gazebo-1] [1;32m[Msg] [0m[1;32mPose[0m[1;32m service on [[0m[1;32m/world/factory_maze/set_pose/blocking[0m[1;32m] (blocking)[0m[1;32m[0m
[gazebo-1] [1;32m[Msg] [0m[1;32mPose[0m[1;32m service on [[0m[1;32m/world/factory_maze/set_pose_vector[0m[1;32m] (async)[0m[1;32m[0m
[gazebo-1] [1;32m[Msg] [0m[1;32mPose[0m[1;32m service on [[0m[1;32m/world/factory_maze/set_pose_vector/blocking[0m[1;32m] (blocking)[0m[1;32m[0m
[gazebo-1] [1;32m[Msg] [0m[1;32mLight configuration[0m[1;32m service on [[0m[1;32m/world/factory_maze/light_config[0m[1;32m] (async)[0m[1;32m[0m
[gazebo-1] [1;32m[Msg] [0m[1;32mLight configuration[0m[1;32m service on [[0m[1;32m/world/factory_maze/light_config/blocking[0m[1;32m] (blocking)[0m[1;32m[0m
[gazebo-1] [1;32m[Msg] [0m[1;32mPhysics[0m[1;32m service on [[0m[1;32m/world/factory_maze/set_physics[0m[1;32m] (async)[0m[1;32m[0m
[gazebo-1] [1;32m[Msg] [0m[1;32mPhysics[0m[1;32m service on [[0m[1;32m/world/factory_maze/set_physics/blocking[0m[1;32m] (blocking)[0m[1;32m[0m
[gazebo-1] [1;32m[Msg] [0m[1;32mSphericalCoordinates[0m[1;32m service on [[0m[1;32m/world/factory_maze/set_spherical_coordinates[0m[1;32m] (async)[0m[1;32m[0m
[gazebo-1] [1;32m[Msg] [0m[1;32mSphericalCoordinates[0m[1;32m service on [[0m[1;32m/world/factory_maze/set_spherical_coordinates/blocking[0m[1;32m] (blocking)[0m[1;32m[0m
[gazebo-1] [1;32m[Msg] [0m[1;32mEnable collision[0m[1;32m service on [[0m[1;32m/world/factory_maze/enable_collision[0m[1;32m] (async)[0m[1;32m[0m
[gazebo-1] [1;32m[Msg] [0m[1;32mEnable collision[0m[1;32m service on [[0m[1;32m/world/factory_maze/enable_collision/blocking[0m[1;32m] (blocking)[0m[1;32m[0m
[gazebo-1] [1;32m[Msg] [0m[1;32mDisable collision[0m[1;32m service on [[0m[1;32m/world/factory_maze/disable_collision[0m[1;32m] (async)[0m[1;32m[0m
[gazebo-1] [1;32m[Msg] [0m[1;32mDisable collision[0m[1;32m service on [[0m[1;32m/world/factory_maze/disable_collision/blocking[0m[1;32m] (blocking)[0m[1;32m[0m
[gazebo-1] [1;32m[Msg] [0m[1;32mMaterial[0m[1;32m service on [[0m[1;32m/world/factory_maze/visual_config[0m[1;32m] (async)[0m[1;32m[0m
[gazebo-1] [1;32m[Msg] [0m[1;32mMaterial[0m[1;32m service on [[0m[1;32m/world/factory_maze/visual_config/blocking[0m[1;32m] (blocking)[0m[1;32m[0m
[gazebo-1] [1;32m[Msg] [0m[1;32mMaterial[0m[1;32m service on [[0m[1;32m/world/factory_maze/wheel_slip[0m[1;32m] (async)[0m[1;32m[0m
[lifecycle_manager-18] [INFO] [1789630212.712848203] [lifecycle_manager_navigation]: [34m[1mStarting managed nodes bringup...[0m[0m
[lifecycle_manager-18] [INFO] [1789630212.712933803] [lifecycle_manager_navigation]: [34m[1mConfiguring controller_server[0m[0m
[controller_server-8] [INFO] [1789630212.713536201] [controller_server]: Configuring controller interface
[controller_server-8] [INFO] [1789630212.713569400] [controller_server]: getting progress checker plugins..
[controller_server-8] [INFO] [1789630212.714020498] [controller_server]: getting goal checker plugins..
[controller_server-8] [INFO] [1789630212.714662796] [controller_server]: Controller frequency set to 10.0000Hz
[controller_server-8] [INFO] [1789630212.714843195] [local_costmap.local_costmap]: Configuring
[controller_server-8] [INFO] [1789630212.741546982] [local_costmap.local_costmap]: Using plugin "voxel_layer"
[controller_server-8] [INFO] [1789630212.756743818] [local_costmap.local_costmap]: Subscribed to Topics: scan
[controller_server-8] [INFO] [1789630212.785602297] [local_costmap.local_costmap]: Initialized plugin "voxel_layer"
[controller_server-8] [INFO] [1789630212.785691796] [local_costmap.local_costmap]: Using plugin "inflation_layer"
[controller_server-8] [INFO] [1789630212.786983191] [local_costmap.local_costmap]: Initialized plugin "inflation_layer"
[parameter_bridge-4] [INFO] [1789630212.796632750] [ros_gz_bridge]: Creating ROS->GZ Bridge: [cmd_vel (geometry_msgs/msg/Twist) -> cmd_vel (gz.msgs.Twist)] (Lazy 0)
[parameter_bridge-4] [INFO] [1789630212.805408713] [ros_gz_bridge]: Creating GZ->ROS Bridge: [odom (gz.msgs.Odometry) -> odom (nav_msgs/msg/Odometry)] (Lazy 0)
[parameter_bridge-4] [INFO] [1789630212.815486870] [ros_gz_bridge]: Creating GZ->ROS Bridge: [tf (gz.msgs.Pose_V) -> tf (tf2_msgs/msg/TFMessage)] (Lazy 0)
[parameter_bridge-4] [INFO] [1789630212.825280529] [ros_gz_bridge]: Creating GZ->ROS Bridge: [joint_states (gz.msgs.Model) -> joint_states (sensor_msgs/msg/JointState)] (Lazy 0)
[create-3] [INFO] [1789630212.829369012] [ros_gz_sim]: Waiting messages on topic [/robot_description].
[parameter_bridge-4] [INFO] [1789630212.835462586] [ros_gz_bridge]: Creating GZ->ROS Bridge: [scan (gz.msgs.LaserScan) -> scan (sensor_msgs/msg/LaserScan)] (Lazy 0)
[parameter_bridge-4] [INFO] [1789630212.844734247] [ros_gz_bridge]: Creating GZ->ROS Bridge: [clock (gz.msgs.Clock) -> clock (rosgraph_msgs/msg/Clock)] (Lazy 0)
[controller_server-8] [INFO] [1789630212.851997016] [controller_server]: Created progress_checker : progress_checker of type nav2_controller::SimpleProgressChecker
[parameter_bridge-4] [INFO] [1789630212.853495110] [ros_gz_bridge]: Creating GZ->ROS Bridge: [/model/robofetch/pose (gz.msgs.Pose) -> /model/robofetch/pose (geometry_msgs/msg/Pose)] (Lazy 0)
[controller_server-8] [INFO] [1789630212.853986108] [controller_server]: Controller Server has progress_checker  progress checkers available.
[controller_server-8] [INFO] [1789630212.857033395] [controller_server]: Created goal checker : general_goal_checker of type nav2_controller::SimpleGoalChecker
[create-3] [INFO] [1789630212.858219090] [ros_gz_sim]: Entity creation successful.
[controller_server-8] [INFO] [1789630212.861339177] [controller_server]: Controller Server has general_goal_checker  goal checkers available.
[controller_server-8] [INFO] [1789630212.866436956] [controller_server]: Created controller : FollowPath of type nav2_mppi_controller::MPPIController
[controller_server-8] [INFO] [1789630212.873405126] [controller_server]: Controller period is equal to model dt. Control sequence shifting is ON
[controller_server-8] [INFO] [1789630212.880857495] [controller_server]: ConstraintCritic instantiated with 1 power and 4.000000 weight.
[controller_server-8] [INFO] [1789630212.880917494] [controller_server]: Critic loaded : mppi::critics::ConstraintCritic
[controller_server-8] [INFO] [1789630212.882990886] [controller_server]: InflationCostCritic instantiated with 1 power and 300.000000 / 0.015000 weights. Critic will collision check based on circular cost.
[controller_server-8] [INFO] [1789630212.883076285] [controller_server]: Critic loaded : mppi::critics::CostCritic
[controller_server-8] [INFO] [1789630212.883945782] [controller_server]: GoalCritic instantiated with 1 power and 5.000000 weight.
[controller_server-8] [INFO] [1789630212.883975682] [controller_server]: Critic loaded : mppi::critics::GoalCritic
[controller_server-8] [INFO] [1789630212.884755978] [controller_server]: GoalAngleCritic instantiated with 1 power, 3.000000 weight, 0.500000 angular threshold and symmetric_yaw_tolerance disabled
[controller_server-8] [INFO] [1789630212.884789678] [controller_server]: Critic loaded : mppi::critics::GoalAngleCritic
[controller_server-8] [INFO] [1789630212.885889373] [controller_server]: ReferenceTrajectoryCritic instantiated with 1 power and 14.000000 weight
[controller_server-8] [INFO] [1789630212.885928173] [controller_server]: Critic loaded : mppi::critics::PathAlignCritic
[controller_server-8] [INFO] [1789630212.888453263] [controller_server]: Critic loaded : mppi::critics::PathFollowCritic
[controller_server-8] [INFO] [1789630212.892576745] [controller_server]: PathAngleCritic instantiated with 1 power and 2.000000 weight. Mode set to: Forward Preference
[controller_server-8] [INFO] [1789630212.892698245] [controller_server]: Critic loaded : mppi::critics::PathAngleCritic
[controller_server-8] [INFO] [1789630212.894479237] [controller_server]: PreferForwardCritic instantiated with 1 power and 5.000000 weight.
[controller_server-8] [INFO] [1789630212.894528737] [controller_server]: Critic loaded : mppi::critics::PreferForwardCritic
[controller_server-8] [INFO] [1789630212.896019931] [controller_server]: Optimizer reset
[controller_server-8] [INFO] [1789630212.912175363] [MPPIController]: Configured MPPI Controller: FollowPath
[controller_server-8] [INFO] [1789630212.912339062] [controller_server]: Controller Server has FollowPath  controllers available.
[lifecycle_manager-18] [INFO] [1789630212.942924133] [lifecycle_manager_navigation]: [34m[1mConfiguring smoother_server[0m[0m
[smoother_server-9] [INFO] [1789630212.943423531] [smoother_server]: Configuring smoother server
[smoother_server-9] [INFO] [1789630212.972987506] [smoother_server]: Created smoother : simple_smoother of type nav2_smoother::SimpleSmoother
[smoother_server-9] [INFO] [1789630212.977200588] [smoother_server]: Smoother Server has simple_smoother  smoothers available.
[lifecycle_manager-18] [INFO] [1789630212.996601106] [lifecycle_manager_navigation]: [34m[1mConfiguring planner_server[0m[0m
[planner_server-10] [INFO] [1789630212.997273704] [planner_server]: Configuring
[planner_server-10] [INFO] [1789630212.997321303] [global_costmap.global_costmap]: Configuring
[INFO] [create-3]: process has finished cleanly [pid 346391]
[planner_server-10] [INFO] [1789630213.019948606] [global_costmap.global_costmap]: Using plugin "static_layer"
[planner_server-10] [INFO] [1789630213.029852563] [global_costmap.global_costmap]: Subscribing to the map topic (/map) with transient local durability
[planner_server-10] [INFO] [1789630213.033710246] [global_costmap.global_costmap]: Initialized plugin "static_layer"
[planner_server-10] [INFO] [1789630213.033761746] [global_costmap.global_costmap]: Using plugin "obstacle_layer"
[planner_server-10] [INFO] [1789630213.034811242] [global_costmap.global_costmap]: Subscribed to Topics: scan
[planner_server-10] [INFO] [1789630213.050239375] [global_costmap.global_costmap]: Initialized plugin "obstacle_layer"
[planner_server-10] [INFO] [1789630213.050296774] [global_costmap.global_costmap]: Using plugin "inflation_layer"
[planner_server-10] [INFO] [1789630213.053418261] [global_costmap.global_costmap]: Initialized plugin "inflation_layer"
[planner_server-10] [INFO] [1789630213.121370166] [global_costmap.global_costmap]: StaticLayer: Resizing costmap to 310 X 220 at 0.050000 m/pix
[planner_server-10] [INFO] [1789630213.122834959] [planner_server]: Created global planner plugin GridBased of type nav2_navfn_planner::NavfnPlanner
[planner_server-10] [INFO] [1789630213.122958259] [planner_server]: Configuring plugin GridBased of type NavfnPlanner
[planner_server-10] [INFO] [1789630213.125379748] [planner_server]: Created global planner plugin NavfnDijkstra of type nav2_navfn_planner::NavfnPlanner
[planner_server-10] [INFO] [1789630213.125654547] [planner_server]: Configuring plugin NavfnDijkstra of type NavfnPlanner
[planner_server-10] [INFO] [1789630213.129509830] [planner_server]: Created global planner plugin NavfnAStar of type nav2_navfn_planner::NavfnPlanner
[planner_server-10] [INFO] [1789630213.129564330] [planner_server]: Configuring plugin NavfnAStar of type NavfnPlanner
[planner_server-10] [INFO] [1789630213.154891020] [planner_server]: Created global planner plugin Smac2D of type nav2_smac_planner::SmacPlanner2D
[planner_server-10] [INFO] [1789630213.155070819] [planner_server]: Configuring Smac2D of type SmacPlanner2D
[planner_server-10] [INFO] [1789630213.165692773] [planner_server]: Configured plugin Smac2D of type SmacPlanner2D with tolerance 0.25, maximum iterations 1000000, max on approach iterations 1000, and allowing unknown traversal.
[planner_server-10] [INFO] [1789630213.167778064] [planner_server]: Created global planner plugin ThetaStar of type nav2_theta_star_planner::ThetaStarPlanner
[planner_server-10] [INFO] [1789630213.173761038] [planner_server]: Created global planner plugin SmacLattice of type nav2_smac_planner::SmacPlannerLattice
[planner_server-10] [INFO] [1789630213.173917938] [planner_server]: Configuring SmacLattice of type SmacPlannerLattice
[planner_server-10] [INFO] [1789630213.187708878] [planner_server]: Even sized heuristic lookup table size set 400.000000, increasing size by 1 to make odd
[planner_server-10] [INFO] [1789630213.698160561] [planner_server]: Configured plugin SmacLattice of type SmacPlannerLattice with maximum iterations 1000000, max on approach iterations 1000, and allowing unknown traversal. Tolerance 0.25. Using motion model: State Lattice. State lattice file: /opt/ros/jazzy/share/nav2_smac_planner/sample_primitives/5cm_resolution/0.5m_turning_radius/diff/output.json.
[planner_server-10] [INFO] [1789630213.698236561] [planner_server]: Planner Server has GridBased NavfnDijkstra NavfnAStar Smac2D ThetaStar SmacLattice  planners available.
[lifecycle_manager-18] [INFO] [1789630213.736289796] [lifecycle_manager_navigation]: [34m[1mConfiguring route_server[0m[0m
[route_server-11] [INFO] [1789630213.736907193] [route_server]: Configuring
[route_server-11] [INFO] [1789630213.812744364] [route_server]: Created GraphFileLoader GeoJsonGraphFileLoader of type nav2_route::GeoJsonGraphFileLoader
[route_server-11] [INFO] [1789630213.812837963] [route_server]: Configuring geojson graph file loader
[route_server-11] [INFO] [1789630213.812926463] [route_server]: Loading graph file from /opt/ros/jazzy/share/nav2_route/graphs/sample_graph.geojson, by parser nav2_route::GeoJsonGraphFileLoader
[route_server-11] [INFO] [1789630213.822393622] [route_server]: Created edge cost function plugin DistanceScorer of type nav2_route::DistanceScorer
[route_server-11] [INFO] [1789630213.822491421] [route_server]: Configuring distance scorer.
[route_server-11] [INFO] [1789630213.823137019] [route_server]: Created edge cost function plugin CostmapScorer of type nav2_route::CostmapScorer
[route_server-11] [INFO] [1789630213.823250018] [route_server]: Configuring costmap scorer.
[route_server-11] [INFO] [1789630213.835312666] [route_server]: Created route operation AdjustSpeedLimit of type nav2_route::AdjustSpeedLimit
[route_server-11] [INFO] [1789630213.835426865] [route_server]: Configuring Adjust speed limit operation.
[route_server-11] [INFO] [1789630213.837931354] [route_server]: Created route operation ReroutingService of type nav2_route::ReroutingService
[route_server-11] [INFO] [1789630213.838025154] [route_server]: Configuring Rerouting service operation.
[route_server-11] [INFO] [1789630213.850464900] [route_server]: Created route operation CollisionMonitor of type nav2_route::CollisionMonitor
[route_server-11] [INFO] [1789630213.851355996] [route_server]: Using costmap topic: local_costmap/costmap_raw instead of server costmap topic: global_costmap/costmap_raw for CollisionMonitor.
[lifecycle_manager-18] [INFO] [1789630213.860059658] [lifecycle_manager_navigation]: [34m[1mConfiguring behavior_server[0m[0m
[behavior_server-12] [INFO] [1789630213.860699655] [behavior_server]: Configuring
[behavior_server-12] [INFO] [1789630213.873976298] [behavior_server]: Creating behavior plugin spin of type nav2_behaviors::Spin
[behavior_server-12] [INFO] [1789630213.878467878] [behavior_server]: Creating behavior plugin backup of type nav2_behaviors::BackUp
[behavior_server-12] [INFO] [1789630213.881932663] [behavior_server]: Creating behavior plugin drive_on_heading of type nav2_behaviors::DriveOnHeading
[behavior_server-12] [INFO] [1789630213.886023745] [behavior_server]: Creating behavior plugin assisted_teleop of type nav2_behaviors::AssistedTeleop
[behavior_server-12] [INFO] [1789630213.892499817] [behavior_server]: Creating behavior plugin wait of type nav2_behaviors::Wait
[behavior_server-12] [INFO] [1789630213.911521935] [behavior_server]: Configuring spin
[behavior_server-12] [INFO] [1789630213.935591330] [behavior_server]: Configuring backup
[behavior_server-12] [INFO] [1789630213.955030546] [behavior_server]: Configuring drive_on_heading
[behavior_server-12] [INFO] [1789630213.974336362] [behavior_server]: Configuring assisted_teleop
[behavior_server-12] [INFO] [1789630213.999179454] [behavior_server]: Configuring wait
[lifecycle_manager-18] [INFO] [1789630214.020336260] [lifecycle_manager_navigation]: [34m[1mConfiguring velocity_smoother[0m[0m
[velocity_smoother-15] [INFO] [1789630214.020932158] [velocity_smoother]: Configuring velocity smoother
[lifecycle_manager-18] [INFO] [1789630214.036722187] [lifecycle_manager_navigation]: [34m[1mConfiguring collision_monitor[0m[0m
[collision_monitor-16] [INFO] [1789630214.037262385] [collision_monitor]: Configuring
[collision_monitor-16] [INFO] [1789630214.061170578] [collision_monitor]: [scan]: Creating Scan
[collision_monitor-16] [INFO] [1789630214.072460528] [collision_monitor]: [FootprintApproach]: Creating Polygon
[collision_monitor-16] [INFO] [1789630214.074478619] [collision_monitor]: [FootprintApproach]: Polygon points are not defined. Using dynamic subscription instead.
[collision_monitor-16] [INFO] [1789630214.082056885] [collision_monitor]: [FootprintApproach]: Making footprint subscriber on /local_costmap/published_footprint topic
[lifecycle_manager-18] [INFO] [1789630214.111578953] [lifecycle_manager_navigation]: [34m[1mConfiguring bt_navigator[0m[0m
[bt_navigator-13] [INFO] [1789630214.112171750] [bt_navigator]: Configuring
[bt_navigator-13] [INFO] [1789630214.132434460] [bt_navigator]: Creating navigator id navigate_to_pose of type nav2_bt_navigator::NavigateToPoseNavigator
[gazebo-1] [1;32m[Msg] [0m[1;32mMaterial[0m[1;32m service on [[0m[1;32m/world/factory_maze/wheel_slip/blocking[0m[1;32m] (blocking)[0m[1;32m[0m
[gazebo-1] [1;36m[Dbg] [SystemManager.cc:80] [0m[1;36mLoaded system [[0m[1;36mgz::sim::systems::UserCommands[0m[1;36m] for entity [[0m[1;36m1[0m[1;36m][0m[1;36m[0m
[gazebo-1] [1;36m[Dbg] [SystemManager.cc:80] [0m[1;36mLoaded system [[0m[1;36mgz::sim::systems::Contact[0m[1;36m] for entity [[0m[1;36m1[0m[1;36m][0m[1;36m[0m
[gazebo-1] [1;36m[Dbg] [Sensors.cc:697] [0m[1;36mConfiguring Sensors system[0m[1;36m[0m
[gazebo-1] [1;36m[Dbg] [Sensors.cc:557] [0m[1;36mSensorsPrivate::Run[0m[1;36m[0m
[gazebo-1] [1;36m[Dbg] [SystemManager.cc:80] [0m[1;36mLoaded system [[0m[1;36mgz::sim::systems::Sensors[0m[1;36m] for entity [[0m[1;36mSensorsPrivate::RenderThread started[0m[1;36m[0m
[gazebo-1] [1;36m][0m[1;36m[0m
[gazebo-1] [1;36m[Dbg] [Sensors.cc:337] [0m[1;36mWaiting for init[0m[1;36m[0m
[gazebo-1] [1;32m[Msg] [0m[1;32mLoaded level [[0m[1;32mdefault[0m[1;32m][0m[1;32m[0m
[gazebo-1] [1;32m[Msg] [0m[1;32mServing world controls on [[0m[1;32m/world/factory_maze[0m[1;32m/control], [[0m[1;32m/world/factory_maze[0m[1;32m/control/state] and [[0m[1;32m/world/factory_maze[0m[1;32m/playback/control][0m[1;32m[0m
[gazebo-1] [1;32m[Msg] [0m[1;32mServing GUI information on [[0m[1;32m/world/factory_maze[0m[1;32m/[0m[1;32mgui/info[0m[1;32m][0m[1;32m[0m
[gazebo-1] [1;32m[Msg] [0m[1;32mWorld [[0m[1;32mfactory_maze[0m[1;32m] initialized with [[0m[1;32mstep[0m[1;32m] physics profile.[0m[1;32m[0m
[gazebo-1] [1;32m[Msg] [0m[1;32mServing world SDF generation service on [[0m[1;32m/world/factory_maze[0m[1;32m/[0m[1;32mgenerate_world_sdf[0m[1;32m][0m[1;32m[0m
[gazebo-1] [1;32m[Msg] [0m[1;32mServing world names on [[0m[1;32m/gazebo/worlds[0m[1;32m][0m[1;32m[0m
[gazebo-1] [1;32m[Msg] [0m[1;32mResource path add service on [[0m[1;32m/gazebo/resource_paths/add[0m[1;32m].[0m[1;32m[0m
[gazebo-1] [1;32m[Msg] [0m[1;32mResource path get service on [[0m[1;32m/gazebo/resource_paths/get[0m[1;32m].[0m[1;32m[0m
[gazebo-1] [1;32m[Msg] [0m[1;32mResource path resolve service on [[0m[1;32m/gazebo/resource_paths/resolve[0m[1;32m].[0m[1;32m[0m
[gazebo-1] [1;32m[Msg] [0m[1;32mResource paths published on [[0m[1;32m/gazebo/resource_paths[0m[1;32m].[0m[1;32m[0m
[gazebo-1] [1;32m[Msg] [0m[1;32mServer control service on [[0m[1;32m/server_control[0m[1;32m].[0m[1;32m[0m
[gazebo-1] [1;32m[Msg] [0m[1;32mFound no publishers on /stats, adding root stats topic[0m[1;32m[0m
[gazebo-1] [1;32m[Msg] [0m[1;32mFound no publishers on /clock, adding root clock topic[0m[1;32m[0m
[gazebo-1] [1;36m[Dbg] [SimulationRunner.cc:551] [0m[1;36mCreating PostUpdate worker threads: [0m[1;36m4[0m[1;36m[0m
[gazebo-1] [1;36m[Dbg] [SimulationRunner.cc:562] [0m[1;36mCreating postupdate worker thread ([0m[1;36m0[0m[1;36m)[0m[1;36m[0m
[gazebo-1] [1;36m[Dbg] [SimulationRunner.cc:562] [0m[1;36mCreating postupdate worker thread ([0m[1;36m1[0m[1;36m)[0m[1;36m[0m
[gazebo-1] [1;36m[Dbg] [SimulationRunner.cc:562] [0m[1;36mCreating postupdate worker thread ([0m[1;36m2[0m[1;36m)[0m[1;36m[0m
[gazebo-1] [1;33mWarning [Utils.cc:132][0m [/sdf/model[@name="robofetch"]/link[@name="base_footprint"]/sensor[@name="lidar"]/gz_frame_id:<urdf-string>:L0]: XML Element[gz_frame_id], child of element[sensor], not defined in SDF. Copying[gz_frame_id] as children of [sensor].
[bt_navigator-13] [INFO] [1789630214.364343624] [bt_navigator]: Creating navigator id navigate_through_poses of type nav2_bt_navigator::NavigateThroughPosesNavigator
[lifecycle_manager-18] [INFO] [1789630214.434704310] [lifecycle_manager_navigation]: [34m[1mConfiguring waypoint_follower[0m[0m
[waypoint_follower-14] [INFO] [1789630214.435264507] [waypoint_follower]: Configuring
[waypoint_follower-14] [INFO] [1789630214.510115973] [waypoint_follower]: Created waypoint_task_executor : wait_at_waypoint of type nav2_waypoint_follower::WaitAtWaypoint
[lifecycle_manager-18] [INFO] [1789630214.511910965] [lifecycle_manager_navigation]: [34m[1mConfiguring docking_server[0m[0m
[opennav_docking-17] [INFO] [1789630214.512438863] [docking_server]: Configuring docking_server
[opennav_docking-17] [INFO] [1789630214.512531462] [docking_server]: Controller frequency set to 50.0000Hz
[opennav_docking-17] [INFO] [1789630214.590511814] [docking_server]: Created charging dock plugin simple_charging_dock of type opennav_docking::SimpleChargingDock
[opennav_docking-17] [WARN] [1789630214.613384712] [docking_server]: Dock database filepath nor dock parameters set. Docking actions can only be executed specifying the dock pose via the action request. Or update the dock database via the reload_database service.
[opennav_docking-17] [INFO] [1789630214.613460012] [docking_server]: Docking Server has 1 dock types and 0 dock instances available.
[lifecycle_manager-18] [INFO] [1789630214.619062687] [lifecycle_manager_navigation]: [34m[1mActivating controller_server[0m[0m
[controller_server-8] [INFO] [1789630214.619733484] [controller_server]: Activating
[controller_server-8] [INFO] [1789630214.619832483] [local_costmap.local_costmap]: Activating
[controller_server-8] [INFO] [1789630214.619855683] [local_costmap.local_costmap]: Checking transform
[controller_server-8] [INFO] [1789630214.619911583] [local_costmap.local_costmap]: Timed out waiting for transform from base_footprint to odom to become available, tf error: Invalid frame ID "odom" passed to canTransform argument target_frame - frame does not exist
[controller_server-8] [INFO] [1789630215.120005335] [local_costmap.local_costmap]: Timed out waiting for transform from base_footprint to odom to become available, tf error: Invalid frame ID "odom" passed to canTransform argument target_frame - frame does not exist
[gazebo-1] [1;32m[Msg] [0m[1;32mDiffDrive subscribing to twist messages on [[0m[1;32mcmd_vel[0m[1;32m][0m[1;32m[0m
[gazebo-1] [1;36m[Dbg] [SystemManager.cc:80] [0m[1;36mLoaded system [[0m[1;36mgz::sim::systems::DiffDrive[0m[1;36m] for entity [[0m[1;36m129[0m[1;36m][0m[1;36m[0m
[gazebo-1] [1;36m[Dbg] [SystemManager.cc:80] [0m[1;36mLoaded system [[0m[1;36mgz::sim::systems::JointStatePublisher[0m[1;36m] for entity [[0m[1;36m129[0m[1;36m][0m[1;36m[0m
[gazebo-1] [1;36m[Dbg] [SystemManager.cc:80] [0m[1;36mLoaded system [[0m[1;36mgz::sim::systems::PosePublisher[0m[1;36m] for entity [[0m[1;36m129[0m[1;36m][0m[1;36m[0m
[gazebo-1] [1;36m[Dbg] [UserCommands.cc:1094] [0m[1;36mCreated entity [[0m[1;36m129[0m[1;36m] named [[0m[1;36mrobofetch[0m[1;36m][0m[1;36m[0m
[gazebo-1] [1;36m[Dbg] [SimulationFeatures.cc:90] [0m[1;36mSimulation timestep set to: [0m[1;36m0.004[0m[1;36m[0m
[gazebo-1] [1;36m[Dbg] [Sensors.cc:953] [0m[1;36mInitialization needed[0m[1;36m[0m
[gazebo-1] [1;36m[Dbg] [Sensors.cc:349] [0m[1;36mInitializing render context[0m[1;36m[0m
[gazebo-1] [1;32m[Msg] [0m[1;32mLoading plugin [[0m[1;32mgz-rendering-ogre2[0m[1;32m][0m[1;32m[0m
[gazebo-1] [1;32m[Msg] [0m[1;32mServing scene information on [[0m[1;32m/world/factory_maze[0m[1;32m/[0m[1;32mscene/info[0m[1;32m][0m[1;32m[0m
[gazebo-1] [1;32m[Msg] [0m[1;32mServing graph information on [[0m[1;32m/world/factory_maze[0m[1;32m/[0m[1;32mscene/graph[0m[1;32m][0m[1;32m[0m
[gazebo-1] [1;32m[Msg] [0m[1;32mServing full state on [[0m[1;32m/world/factory_maze[0m[1;32m/[0m[1;32mstate[0m[1;32m][0m[1;32m[0m
[gazebo-1] [1;32m[Msg] [0m[1;32mServing full state (async) on [[0m[1;32m/world/factory_maze[0m[1;32m/[0m[1;32mstate_async[0m[1;32m][0m[1;32m[0m
[gazebo-1] [1;32m[Msg] [0m[1;32mPublishing scene information on [[0m[1;32m/world/factory_maze/scene/info[0m[1;32m][0m[1;32m[0m
[gazebo-1] [1;32m[Msg] [0m[1;32mPublishing entity deletions on [[0m[1;32m/world/factory_maze/scene/deletion[0m[1;32m][0m[1;32m[0m
[gazebo-1] [1;32m[Msg] [0m[1;32mPublishing state changes on [[0m[1;32m/world/factory_maze/state[0m[1;32m][0m[1;32m[0m
[gazebo-1] [1;32m[Msg] [0m[1;32mPublishing pose messages on [[0m[1;32m/world/factory_maze[0m[1;32m/[0m[1;32mpose/info[0m[1;32m][0m[1;32m[0m
[gazebo-1] [1;32m[Msg] [0m[1;32mPublishing dynamic pose messages on [[0m[1;32m/world/factory_maze[0m[1;32m/[0m[1;32mdynamic_pose/info[0m[1;32m][0m[1;32m[0m
[gazebo-1] [1;36m[Dbg] [SimulationRunner.cc:578] [0m[1;36mExiting postupdate worker thread ([0m[1;36m1[0m[1;36m)[0m[1;36m[Dbg] [SimulationRunner.cc:578] [0m[1;36mExiting postupdate worker thread ([0m[1;36m2[0m[1;36m)[0m[1;36m[0m
[gazebo-1] [1;36m[0m
[gazebo-1] [1;36m[Dbg] [SimulationRunner.cc:578] [0m[1;36mExiting postupdate worker thread ([0m[1;36m0[0m[1;36m)[0m[1;36m[0m
[gazebo-1] [1;36m[Dbg] [SimulationRunner.cc:551] [0m[1;36mCreating PostUpdate worker threads: [0m[1;36m7[0m[1;36m[0m
[gazebo-1] [1;36m[Dbg] [SimulationRunner.cc:562] [0m[1;36mCreating postupdate worker thread ([0m[1;36m0[0m[1;36m)[0m[1;36m[0m
[gazebo-1] [1;36m[Dbg] [SimulationRunner.cc:562] [0m[1;36mCreating postupdate worker thread ([0m[1;36m1[0m[1;36m)[0m[1;36m[0m
[gazebo-1] [1;36m[Dbg] [SimulationRunner.cc:562] [0m[1;36mCreating postupdate worker thread ([0m[1;36m2[0m[1;36m)[0m[1;36m[0m
[gazebo-1] [1;36m[Dbg] [SimulationRunner.cc:562] [0m[1;36mCreating postupdate worker thread ([0m[1;36m3[0m[1;36m)[0m[1;36m[0m
[gazebo-1] [1;36m[Dbg] [SimulationRunner.cc:562] [0m[1;36mCreating postupdate worker thread ([0m[1;36m4[0m[1;36m)[0m[1;36m[0m
[gazebo-1] [1;36m[Dbg] [SimulationRunner.cc:562] [0m[1;36mCreating postupdate worker thread ([0m[1;36m5[0m[1;36m)[0m[1;36m[0m
[gazebo-1] [1;36m[Dbg] [RenderUtil.cc:2646] [0m[1;36mCreate scene [[0m[1;36mscene[0m[1;36m][0m[1;36m[0m
[gazebo-1] [1;36m[Dbg] [Sensors.cc:391] [0m[1;36mRendering Thread initialized[0m[1;36m[0m
[gazebo-1] [1;36m[Dbg] [Sensors.cc:953] [0m[1;36mInitialization needed[0m[1;36m[0m
[gazebo-1] [1;36m[Dbg] [Lidar.cc:139] [0m[1;36mLaser scans for [[0m[1;36mrobofetch::base_footprint::lidar[0m[1;36m] advertised on [[0m[1;36mscan[0m[1;36m][0m[1;36m[0m
[controller_server-8] [INFO] [1789630215.620131261] [local_costmap.local_costmap]: Timed out waiting for transform from base_footprint to odom to become available, tf error: Invalid frame ID "odom" passed to canTransform argument target_frame - frame does not exist
[amcl-6] [INFO] [1789630215.726652231] [amcl]: createLaserObject
[controller_server-8] [INFO] [1789630216.120974738] [local_costmap.local_costmap]: start
[controller_server-8] [WARN] [1789630216.327577761] [controller_server]: Parameter controller_server.verbose not found
[controller_server-8] [INFO] [1789630216.328303560] [controller_server]: Optimizer reset
[controller_server-8] [INFO] [1789630216.328822359] [MPPIController]: Activated MPPI Controller: FollowPath
[controller_server-8] [INFO] [1789630216.328862959] [controller_server]: Creating bond (controller_server) to lifecycle manager.
[lifecycle_manager-18] [INFO] [1789630216.450727296] [lifecycle_manager_navigation]: Server controller_server connected with bond.
[lifecycle_manager-18] [INFO] [1789630216.450981196] [lifecycle_manager_navigation]: [34m[1mActivating smoother_server[0m[0m
[smoother_server-9] [INFO] [1789630216.451543195] [smoother_server]: Activating
[smoother_server-9] [INFO] [1789630216.451718895] [smoother_server]: Creating bond (smoother_server) to lifecycle manager.
[lifecycle_manager-18] [INFO] [1789630216.572311433] [lifecycle_manager_navigation]: Server smoother_server connected with bond.
[lifecycle_manager-18] [INFO] [1789630216.572413833] [lifecycle_manager_navigation]: [34m[1mActivating planner_server[0m[0m
[planner_server-10] [INFO] [1789630216.573215632] [planner_server]: Activating
[planner_server-10] [INFO] [1789630216.573428632] [global_costmap.global_costmap]: Activating
[planner_server-10] [INFO] [1789630216.573495032] [global_costmap.global_costmap]: Checking transform
[planner_server-10] [INFO] [1789630216.573623332] [global_costmap.global_costmap]: Timed out waiting for transform from base_footprint to map to become available, tf error: Lookup would require extrapolation into the past.  Requested time 0.936000 but the earliest data is at time 1.100000, when looking up transform from frame [base_footprint] to frame [map]
[planner_server-10] [INFO] [1789630217.074736352] [global_costmap.global_costmap]: start
[planner_server-10] [INFO] [1789630218.128546798] [planner_server]: Activating plugin SmacLattice of type SmacPlannerLattice
[planner_server-10] [INFO] [1789630218.128777397] [planner_server]: Activating plugin ThetaStar of type nav2_theta_star_planner
[planner_server-10] [INFO] [1789630218.128815897] [planner_server]: Activating plugin NavfnAStar of type NavfnPlanner
[planner_server-10] [INFO] [1789630218.128883897] [planner_server]: Activating plugin Smac2D of type SmacPlanner2D
[planner_server-10] [INFO] [1789630218.128980297] [planner_server]: Activating plugin NavfnDijkstra of type NavfnPlanner
[planner_server-10] [INFO] [1789630218.129019897] [planner_server]: Activating plugin GridBased of type NavfnPlanner
[planner_server-10] [INFO] [1789630218.138013683] [planner_server]: Creating bond (planner_server) to lifecycle manager.
[lifecycle_manager-18] [INFO] [1789630218.266873379] [lifecycle_manager_navigation]: Server planner_server connected with bond.
[lifecycle_manager-18] [INFO] [1789630218.266996179] [lifecycle_manager_navigation]: [34m[1mActivating route_server[0m[0m
[route_server-11] [INFO] [1789630218.267486978] [route_server]: Activating
[route_server-11] [INFO] [1789630218.274613567] [route_server]: Creating bond (route_server) to lifecycle manager.
[lifecycle_manager-18] [INFO] [1789630218.386760789] [lifecycle_manager_navigation]: Server route_server connected with bond.
[lifecycle_manager-18] [INFO] [1789630218.386850389] [lifecycle_manager_navigation]: [34m[1mActivating behavior_server[0m[0m
[behavior_server-12] [INFO] [1789630218.387439088] [behavior_server]: Activating
[behavior_server-12] [INFO] [1789630218.387530188] [behavior_server]: Activating spin
[behavior_server-12] [INFO] [1789630218.387607988] [behavior_server]: Activating backup
[behavior_server-12] [INFO] [1789630218.388070387] [behavior_server]: Activating drive_on_heading
[behavior_server-12] [INFO] [1789630218.388190487] [behavior_server]: Activating assisted_teleop
[behavior_server-12] [INFO] [1789630218.388477386] [behavior_server]: Activating wait
[behavior_server-12] [INFO] [1789630218.388641186] [behavior_server]: Creating bond (behavior_server) to lifecycle manager.
[lifecycle_manager-18] [INFO] [1789630218.506315000] [lifecycle_manager_navigation]: Server behavior_server connected with bond.
[lifecycle_manager-18] [INFO] [1789630218.506445000] [lifecycle_manager_navigation]: [34m[1mActivating velocity_smoother[0m[0m
[velocity_smoother-15] [INFO] [1789630218.507577998] [velocity_smoother]: Activating
[velocity_smoother-15] [INFO] [1789630218.509336295] [velocity_smoother]: Creating bond (velocity_smoother) to lifecycle manager.
[lifecycle_manager-18] [INFO] [1789630218.622951815] [lifecycle_manager_navigation]: Server velocity_smoother connected with bond.
[lifecycle_manager-18] [INFO] [1789630218.623026015] [lifecycle_manager_navigation]: [34m[1mActivating collision_monitor[0m[0m
[collision_monitor-16] [INFO] [1789630218.623642114] [collision_monitor]: Activating
[collision_monitor-16] [INFO] [1789630218.624537613] [collision_monitor]: Creating bond (collision_monitor) to lifecycle manager.
[lifecycle_manager-18] [INFO] [1789630218.755301806] [lifecycle_manager_navigation]: Server collision_monitor connected with bond.
[lifecycle_manager-18] [INFO] [1789630218.755385406] [lifecycle_manager_navigation]: [34m[1mActivating bt_navigator[0m[0m
[bt_navigator-13] [INFO] [1789630218.756324804] [bt_navigator]: Activating
[bt_navigator-13] [INFO] [1789630219.139583482] [bt_navigator]: Creating bond (bt_navigator) to lifecycle manager.
[lifecycle_manager-18] [INFO] [1789630219.251558791] [lifecycle_manager_navigation]: Server bt_navigator connected with bond.
[lifecycle_manager-18] [INFO] [1789630219.251689691] [lifecycle_manager_navigation]: [34m[1mActivating waypoint_follower[0m[0m
[waypoint_follower-14] [INFO] [1789630219.252846189] [waypoint_follower]: Activating
[waypoint_follower-14] [INFO] [1789630219.253119488] [waypoint_follower]: Creating bond (waypoint_follower) to lifecycle manager.
[lifecycle_manager-18] [INFO] [1789630219.367542893] [lifecycle_manager_navigation]: Server waypoint_follower connected with bond.
[lifecycle_manager-18] [INFO] [1789630219.367636293] [lifecycle_manager_navigation]: [34m[1mActivating docking_server[0m[0m
[opennav_docking-17] [INFO] [1789630219.369686690] [docking_server]: Activating docking_server
[opennav_docking-17] [INFO] [1789630219.410175321] [docking_server]: Creating bond (docking_server) to lifecycle manager.
[lifecycle_manager-18] [INFO] [1789630219.546015489] [lifecycle_manager_navigation]: Server docking_server connected with bond.
[lifecycle_manager-18] [INFO] [1789630219.546137489] [lifecycle_manager_navigation]: [34m[1mManaged nodes are active[0m[0m
[lifecycle_manager-18] [INFO] [1789630219.546187989] [lifecycle_manager_navigation]: [34m[1mCreating bond timer...[0m[0m
[controller_server-8] [INFO] [1789630231.631873588] [controller_server]: Received a goal, begin computing control effort.
[controller_server-8] [WARN] [1789630231.632051391] [controller_server]: No goal checker was specified in parameter 'current_goal_checker'. Server will use only plugin loaded general_goal_checker . This warning will appear once.
[controller_server-8] [WARN] [1789630231.632080891] [controller_server]: No progress checker was specified in parameter 'current_progress_checker'. Server will use only plugin loaded progress_checker . This warning will appear once.
[parameter_bridge-4] [INFO] [1789630231.692201517] [ros_gz_bridge]: Passing message from ROS geometry_msgs/msg/Twist to Gazebo gz.msgs.Twist (showing msg only once per type)
[controller_server-8] [INFO] [1789630250.140631342] [controller_server]: Reached the goal!
[controller_server-8] [INFO] [1789630250.141688348] [controller_server]: Optimizer reset
[controller_server-8] [INFO] [1789630251.685936559] [controller_server]: Received a goal, begin computing control effort.
[controller_server-8] [INFO] [1789630278.891088815] [controller_server]: Reached the goal!
[controller_server-8] [INFO] [1789630278.891977612] [controller_server]: Optimizer reset
[controller_server-8] [INFO] [1789630280.421453390] [controller_server]: Received a goal, begin computing control effort.
[controller_server-8] [INFO] [1789630302.823498522] [controller_server]: Reached the goal!
[controller_server-8] [INFO] [1789630302.824069020] [controller_server]: Optimizer reset
[controller_server-8] [INFO] [1789630304.362321319] [controller_server]: Received a goal, begin computing control effort.
[controller_server-8] [INFO] [1789630329.564479245] [controller_server]: Reached the goal!
[controller_server-8] [INFO] [1789630329.564759457] [controller_server]: Optimizer reset
[controller_server-8] [INFO] [1789630331.081704802] [controller_server]: Received a goal, begin computing control effort.
[collision_monitor-16] [INFO] [1789630345.430410216] [collision_monitor]: Robot to approach for 1.200000 seconds away from collision
[collision_monitor-16] [INFO] [1789630345.932410314] [collision_monitor]: Robot to continue normal operation
[collision_monitor-16] [INFO] [1789630345.970230359] [collision_monitor]: Robot to approach for 1.200000 seconds away from collision
[collision_monitor-16] [INFO] [1789630346.040390139] [collision_monitor]: Robot to continue normal operation
[controller_server-8] [INFO] [1789630347.083605799] [controller_server]: Reached the goal!
[controller_server-8] [INFO] [1789630347.084030299] [controller_server]: Optimizer reset
[controller_server-8] [INFO] [1789630348.599620237] [controller_server]: Received a goal, begin computing control effort.
[controller_server-8] [INFO] [1789630365.501495367] [controller_server]: Reached the goal!
[controller_server-8] [INFO] [1789630365.501850667] [controller_server]: Optimizer reset
[controller_server-8] [INFO] [1789630367.017462569] [controller_server]: Received a goal, begin computing control effort.
[controller_server-8] [INFO] [1789630381.019526168] [controller_server]: Reached the goal!
[controller_server-8] [INFO] [1789630381.019826468] [controller_server]: Optimizer reset
[controller_server-8] [INFO] [1789630382.545275002] [controller_server]: Received a goal, begin computing control effort.
[controller_server-8] [INFO] [1789630402.647539307] [controller_server]: Reached the goal!
[controller_server-8] [INFO] [1789630402.647793608] [controller_server]: Optimizer reset
[controller_server-8] [INFO] [1789630404.174988347] [controller_server]: Received a goal, begin computing control effort.
[controller_server-8] [INFO] [1789630431.077688087] [controller_server]: Reached the goal!
[controller_server-8] [INFO] [1789630431.078002586] [controller_server]: Optimizer reset
[controller_server-8] [INFO] [1789630432.605476404] [controller_server]: Received a goal, begin computing control effort.
[controller_server-8] [INFO] [1789630456.307517298] [controller_server]: Reached the goal!
[controller_server-8] [INFO] [1789630456.307848299] [controller_server]: Optimizer reset
[controller_server-8] [INFO] [1789630457.833743621] [controller_server]: Received a goal, begin computing control effort.
[controller_server-8] [INFO] [1789630482.736594743] [controller_server]: Reached the goal!
[controller_server-8] [INFO] [1789630482.737013044] [controller_server]: Optimizer reset
[controller_server-8] [INFO] [1789630484.252610650] [controller_server]: Received a goal, begin computing control effort.
[collision_monitor-16] [INFO] [1789630499.430229619] [collision_monitor]: Robot to approach for 1.200000 seconds away from collision
[collision_monitor-16] [INFO] [1789630499.890302105] [collision_monitor]: Robot to continue normal operation
[collision_monitor-16] [INFO] [1789630499.930388055] [collision_monitor]: Robot to approach for 1.200000 seconds away from collision
[collision_monitor-16] [INFO] [1789630499.969995906] [collision_monitor]: Robot to continue normal operation
[controller_server-8] [INFO] [1789630501.053980622] [controller_server]: Reached the goal!
[controller_server-8] [INFO] [1789630501.054333422] [controller_server]: Optimizer reset
[controller_server-8] [INFO] [1789630502.571895101] [controller_server]: Received a goal, begin computing control effort.
[controller_server-8] [INFO] [1789630519.673748111] [controller_server]: Reached the goal!
[controller_server-8] [INFO] [1789630519.674093611] [controller_server]: Optimizer reset
[controller_server-8] [INFO] [1789630521.191186993] [controller_server]: Received a goal, begin computing control effort.
[controller_server-8] [INFO] [1789630535.493004988] [controller_server]: Reached the goal!
[controller_server-8] [INFO] [1789630535.493408988] [controller_server]: Optimizer reset
[controller_server-8] [INFO] [1789630537.014860462] [controller_server]: Received a goal, begin computing control effort.
[controller_server-8] [INFO] [1789630556.917201136] [controller_server]: Reached the goal!
[controller_server-8] [INFO] [1789630556.917487735] [controller_server]: Optimizer reset
[controller_server-8] [INFO] [1789630558.439879625] [controller_server]: Received a goal, begin computing control effort.
[controller_server-8] [INFO] [1789630584.542356681] [controller_server]: Reached the goal!
[controller_server-8] [INFO] [1789630584.542638781] [controller_server]: Optimizer reset
[controller_server-8] [INFO] [1789630586.064191002] [controller_server]: Received a goal, begin computing control effort.
[controller_server-8] [INFO] [1789630609.766881609] [controller_server]: Reached the goal!
[controller_server-8] [INFO] [1789630609.767188409] [controller_server]: Optimizer reset
[controller_server-8] [INFO] [1789630611.309388685] [controller_server]: Received a goal, begin computing control effort.
[controller_server-8] [INFO] [1789630637.011568572] [controller_server]: Reached the goal!
[controller_server-8] [INFO] [1789630637.018888464] [controller_server]: Optimizer reset
[controller_server-8] [INFO] [1789630638.535634447] [controller_server]: Received a goal, begin computing control effort.
[controller_server-8] [INFO] [1789630655.537172646] [controller_server]: Reached the goal!
[controller_server-8] [INFO] [1789630655.537435845] [controller_server]: Optimizer reset
[controller_server-8] [INFO] [1789630657.049486730] [controller_server]: Received a goal, begin computing control effort.
[controller_server-8] [INFO] [1789630673.350921635] [controller_server]: Reached the goal!
[controller_server-8] [INFO] [1789630673.351213835] [controller_server]: Optimizer reset
[controller_server-8] [INFO] [1789630674.860288811] [controller_server]: Received a goal, begin computing control effort.
[controller_server-8] [INFO] [1789630689.361754532] [controller_server]: Reached the goal!
[controller_server-8] [INFO] [1789630689.362054333] [controller_server]: Optimizer reset
[controller_server-8] [INFO] [1789630690.878369613] [controller_server]: Received a goal, begin computing control effort.
[controller_server-8] [INFO] [1789630709.580858704] [controller_server]: Reached the goal!
[controller_server-8] [INFO] [1789630709.581275303] [controller_server]: Optimizer reset
[controller_server-8] [INFO] [1789630711.102607953] [controller_server]: Received a goal, begin computing control effort.
[controller_server-8] [INFO] [1789630735.904311080] [controller_server]: Reached the goal!
[controller_server-8] [INFO] [1789630735.904588380] [controller_server]: Optimizer reset
[controller_server-8] [INFO] [1789630737.416884093] [controller_server]: Received a goal, begin computing control effort.
[controller_server-8] [INFO] [1789630759.818722154] [controller_server]: Reached the goal!
[controller_server-8] [INFO] [1789630759.819050554] [controller_server]: Optimizer reset
[controller_server-8] [INFO] [1789630761.332173127] [controller_server]: Received a goal, begin computing control effort.
[controller_server-8] [INFO] [1789630785.833932431] [controller_server]: Reached the goal!
[controller_server-8] [INFO] [1789630785.834174337] [controller_server]: Optimizer reset
[controller_server-8] [INFO] [1789630787.344888047] [controller_server]: Received a goal, begin computing control effort.
[collision_monitor-16] [INFO] [1789630801.319906360] [collision_monitor]: Robot to approach for 1.200000 seconds away from collision
[collision_monitor-16] [INFO] [1789630801.969915323] [collision_monitor]: Robot to continue normal operation
[collision_monitor-16] [INFO] [1789630802.040151715] [collision_monitor]: Robot to approach for 1.200000 seconds away from collision
[collision_monitor-16] [INFO] [1789630802.079945368] [collision_monitor]: Robot to continue normal operation
[controller_server-8] [INFO] [1789630802.946509507] [controller_server]: Reached the goal!
[controller_server-8] [INFO] [1789630802.947019307] [controller_server]: Optimizer reset
[controller_server-8] [INFO] [1789630804.456679761] [controller_server]: Received a goal, begin computing control effort.
[controller_server-8] [INFO] [1789630820.458389926] [controller_server]: Reached the goal!
[controller_server-8] [INFO] [1789630820.458665326] [controller_server]: Optimizer reset
[controller_server-8] [INFO] [1789630821.971522374] [controller_server]: Received a goal, begin computing control effort.
[controller_server-8] [INFO] [1789630836.472853323] [controller_server]: Reached the goal!
[controller_server-8] [INFO] [1789630836.473213723] [controller_server]: Optimizer reset
[controller_server-8] [INFO] [1789630838.003301027] [controller_server]: Received a goal, begin computing control effort.
[controller_server-8] [INFO] [1789630857.504785690] [controller_server]: Reached the goal!
[controller_server-8] [INFO] [1789630857.505128690] [controller_server]: Optimizer reset
[planner_server-10] [WARN] [1789630859.445955085] [planner_server]: Planner loop missed its desired rate of 20.0000 Hz. Current loop rate is 2.2936 Hz
[controller_server-8] [INFO] [1789630859.455498378] [controller_server]: Received a goal, begin computing control effort.
[controller_server-8] [INFO] [1789630884.757348807] [controller_server]: Reached the goal!
[controller_server-8] [INFO] [1789630884.757711507] [controller_server]: Optimizer reset
[controller_server-8] [INFO] [1789630886.278226156] [controller_server]: Received a goal, begin computing control effort.
[controller_server-8] [INFO] [1789630908.079778259] [controller_server]: Reached the goal!
[controller_server-8] [INFO] [1789630908.079997159] [controller_server]: Optimizer reset
[planner_server-10] [WARN] [1789630910.083521985] [planner_server]: Planner loop missed its desired rate of 20.0000 Hz. Current loop rate is 2.0000 Hz
[controller_server-8] [INFO] [1789630910.094915481] [controller_server]: Received a goal, begin computing control effort.
[controller_server-8] [INFO] [1789630934.796765987] [controller_server]: Reached the goal!
[controller_server-8] [INFO] [1789630934.797650287] [controller_server]: Optimizer reset
[controller_server-8] [INFO] [1789630936.319787357] [controller_server]: Received a goal, begin computing control effort.
[collision_monitor-16] [INFO] [1789630950.290126654] [collision_monitor]: Robot to approach for 1.200000 seconds away from collision
[collision_monitor-16] [INFO] [1789630950.790187876] [collision_monitor]: Robot to continue normal operation
[collision_monitor-16] [INFO] [1789630950.829972162] [collision_monitor]: Robot to approach for 1.200000 seconds away from collision
[collision_monitor-16] [INFO] [1789630950.859817651] [collision_monitor]: Robot to continue normal operation
[collision_monitor-16] [INFO] [1789630950.940168022] [collision_monitor]: Robot to approach for 1.200000 seconds away from collision
[collision_monitor-16] [INFO] [1789630950.969864012] [collision_monitor]: Robot to continue normal operation
[controller_server-8] [INFO] [1789630951.421625348] [controller_server]: Reached the goal!
[controller_server-8] [INFO] [1789630951.421873148] [controller_server]: Optimizer reset
[planner_server-10] [WARN] [1789630953.084696304] [planner_server]: Planner loop missed its desired rate of 20.0000 Hz. Current loop rate is 6.4103 Hz
[controller_server-8] [INFO] [1789630953.091285506] [controller_server]: Received a goal, begin computing control effort.
[controller_server-8] [INFO] [1789630969.092799991] [controller_server]: Reached the goal!
[controller_server-8] [INFO] [1789630969.093125491] [controller_server]: Optimizer reset
[controller_server-8] [INFO] [1789630970.619024338] [controller_server]: Received a goal, begin computing control effort.
[controller_server-8] [INFO] [1789631001.520514361] [controller_server]: Reached the goal!
[controller_server-8] [INFO] [1789631001.520710861] [controller_server]: Optimizer reset
[controller_server-8] [INFO] [1789631003.043753797] [controller_server]: Received a goal, begin computing control effort.
[controller_server-8] [INFO] [1789631023.545402723] [controller_server]: Reached the goal!
[controller_server-8] [INFO] [1789631023.545660023] [controller_server]: Optimizer reset
[controller_server-8] [INFO] [1789631025.069792153] [controller_server]: Received a goal, begin computing control effort.
[controller_server-8] [INFO] [1789631051.672519292] [controller_server]: Reached the goal!
[controller_server-8] [INFO] [1789631051.672752101] [controller_server]: Optimizer reset
[controller_server-8] [INFO] [1789631053.193511648] [controller_server]: Received a goal, begin computing control effort.
[controller_server-8] [INFO] [1789631076.695341563] [controller_server]: Reached the goal!
[controller_server-8] [INFO] [1789631076.695613674] [controller_server]: Optimizer reset
[controller_server-8] [INFO] [1789631078.214843182] [controller_server]: Received a goal, begin computing control effort.
[controller_server-8] [INFO] [1789631104.116410826] [controller_server]: Reached the goal!
[controller_server-8] [INFO] [1789631104.116637925] [controller_server]: Optimizer reset
[controller_server-8] [INFO] [1789631105.631209232] [controller_server]: Received a goal, begin computing control effort.
[controller_server-8] [INFO] [1789631121.932903451] [controller_server]: Reached the goal!
[controller_server-8] [INFO] [1789631121.933280252] [controller_server]: Optimizer reset
[controller_server-8] [INFO] [1789631123.452617408] [controller_server]: Received a goal, begin computing control effort.
[controller_server-8] [INFO] [1789631140.154274383] [controller_server]: Reached the goal!
[controller_server-8] [INFO] [1789631140.154503583] [controller_server]: Optimizer reset
[controller_server-8] [INFO] [1789631141.672255285] [controller_server]: Received a goal, begin computing control effort.
[controller_server-8] [INFO] [1789631155.973808657] [controller_server]: Reached the goal!
[controller_server-8] [INFO] [1789631155.974290258] [controller_server]: Optimizer reset
[controller_server-8] [INFO] [1789631157.495862068] [controller_server]: Received a goal, begin computing control effort.
[controller_server-8] [INFO] [1789631177.797245793] [controller_server]: Reached the goal!
[controller_server-8] [INFO] [1789631177.797412892] [controller_server]: Optimizer reset
[controller_server-8] [INFO] [1789631179.314154235] [controller_server]: Received a goal, begin computing control effort.
[controller_server-8] [INFO] [1789631205.915619343] [controller_server]: Reached the goal!
[controller_server-8] [INFO] [1789631205.915909942] [controller_server]: Optimizer reset
[controller_server-8] [INFO] [1789631207.435822789] [controller_server]: Received a goal, begin computing control effort.
[controller_server-8] [INFO] [1789631230.737545398] [controller_server]: Reached the goal!
[controller_server-8] [INFO] [1789631230.737856398] [controller_server]: Optimizer reset
[controller_server-8] [INFO] [1789631232.260080899] [controller_server]: Received a goal, begin computing control effort.
[controller_server-8] [INFO] [1789631257.161791762] [controller_server]: Reached the goal!
[controller_server-8] [INFO] [1789631257.162131163] [controller_server]: Optimizer reset
[controller_server-8] [INFO] [1789631258.670967491] [controller_server]: Received a goal, begin computing control effort.
[controller_server-8] [INFO] [1789631275.373362112] [controller_server]: Reached the goal!
[controller_server-8] [INFO] [1789631275.373674113] [controller_server]: Optimizer reset
[controller_server-8] [INFO] [1789631276.887265344] [controller_server]: Received a goal, begin computing control effort.
[controller_server-8] [INFO] [1789631293.688958490] [controller_server]: Reached the goal!
[controller_server-8] [INFO] [1789631293.689299090] [controller_server]: Optimizer reset
[controller_server-8] [INFO] [1789631295.199072528] [controller_server]: Received a goal, begin computing control effort.
[controller_server-8] [INFO] [1789631309.300860806] [controller_server]: Reached the goal!
[controller_server-8] [INFO] [1789631309.301102906] [controller_server]: Optimizer reset
[controller_server-8] [INFO] [1789631310.814057784] [controller_server]: Received a goal, begin computing control effort.
[controller_server-8] [INFO] [1789631329.715658093] [controller_server]: Reached the goal!
[controller_server-8] [INFO] [1789631329.715967893] [controller_server]: Optimizer reset
[controller_server-8] [INFO] [1789631331.233354907] [controller_server]: Received a goal, begin computing control effort.
[controller_server-8] [INFO] [1789631355.734717091] [controller_server]: Reached the goal!
[controller_server-8] [INFO] [1789631355.734878491] [controller_server]: Optimizer reset
[controller_server-8] [INFO] [1789631357.250372337] [controller_server]: Received a goal, begin computing control effort.
[controller_server-8] [INFO] [1789631379.352326846] [controller_server]: Reached the goal!
[controller_server-8] [INFO] [1789631379.352602347] [controller_server]: Optimizer reset
[controller_server-8] [INFO] [1789631380.869106834] [controller_server]: Received a goal, begin computing control effort.
[controller_server-8] [INFO] [1789631406.071004795] [controller_server]: Reached the goal!
[controller_server-8] [INFO] [1789631406.071242795] [controller_server]: Optimizer reset
[controller_server-8] [INFO] [1789631407.581647972] [controller_server]: Received a goal, begin computing control effort.
[collision_monitor-16] [INFO] [1789631421.790436860] [collision_monitor]: Robot to approach for 1.200000 seconds away from collision
[collision_monitor-16] [INFO] [1789631422.219909606] [collision_monitor]: Robot to continue normal operation
[controller_server-8] [INFO] [1789631423.283484703] [controller_server]: Reached the goal!
[controller_server-8] [INFO] [1789631423.283859502] [controller_server]: Optimizer reset
[controller_server-8] [INFO] [1789631424.793477436] [controller_server]: Received a goal, begin computing control effort.
[controller_server-8] [INFO] [1789631440.795052259] [controller_server]: Reached the goal!
[controller_server-8] [INFO] [1789631440.795282759] [controller_server]: Optimizer reset
[controller_server-8] [INFO] [1789631442.306381216] [controller_server]: Received a goal, begin computing control effort.
[controller_server-8] [INFO] [1789631456.707842819] [controller_server]: Reached the goal!
[controller_server-8] [INFO] [1789631456.708181018] [controller_server]: Optimizer reset
[controller_server-8] [INFO] [1789631458.230017055] [controller_server]: Received a goal, begin computing control effort.
[collision_monitor-16] [INFO] [1789631477.519858153] [collision_monitor]: Robot to approach for 1.200000 seconds away from collision
[collision_monitor-16] [INFO] [1789631477.590129783] [collision_monitor]: Robot to continue normal operation
[collision_monitor-16] [INFO] [1789631477.629928743] [collision_monitor]: Robot to approach for 1.200000 seconds away from collision
[controller_server-8] [INFO] [1789631477.731483742] [controller_server]: Reached the goal!
[controller_server-8] [INFO] [1789631477.731768442] [controller_server]: Optimizer reset
[collision_monitor-16] [INFO] [1789631477.769875304] [collision_monitor]: Robot to continue normal operation
[planner_server-10] [WARN] [1789631479.640216966] [planner_server]: Planner loop missed its desired rate of 20.0000 Hz. Current loop rate is 2.4752 Hz
[controller_server-8] [INFO] [1789631479.649437456] [controller_server]: Received a goal, begin computing control effort.
[controller_server-8] [INFO] [1789631504.750927983] [controller_server]: Reached the goal!
[controller_server-8] [INFO] [1789631504.751197583] [controller_server]: Optimizer reset
[controller_server-8] [INFO] [1789631506.274453413] [controller_server]: Received a goal, begin computing control effort.
[controller_server-8] [INFO] [1789631528.375884217] [controller_server]: Reached the goal!
[controller_server-8] [INFO] [1789631528.376097317] [controller_server]: Optimizer reset
[planner_server-10] [WARN] [1789631530.333989312] [planner_server]: Planner loop missed its desired rate of 20.0000 Hz. Current loop rate is 2.2124 Hz
[controller_server-8] [INFO] [1789631530.342607113] [controller_server]: Received a goal, begin computing control effort.
[controller_server-8] [INFO] [1789631555.243861480] [controller_server]: Reached the goal!
[controller_server-8] [INFO] [1789631555.244161880] [controller_server]: Optimizer reset
[controller_server-8] [INFO] [1789631556.765127540] [controller_server]: Received a goal, begin computing control effort.
[collision_monitor-16] [INFO] [1789631571.050439546] [collision_monitor]: Robot to approach for 1.200000 seconds away from collision
[collision_monitor-16] [INFO] [1789631571.629988462] [collision_monitor]: Robot to continue normal operation
[collision_monitor-16] [INFO] [1789631571.669954939] [collision_monitor]: Robot to approach for 1.200000 seconds away from collision
[collision_monitor-16] [INFO] [1789631571.740376775] [collision_monitor]: Robot to continue normal operation
[controller_server-8] [INFO] [1789631572.066612701] [controller_server]: Reached the goal!
[controller_server-8] [INFO] [1789631572.066885302] [controller_server]: Optimizer reset
[planner_server-10] [WARN] [1789631573.723309374] [planner_server]: Planner loop missed its desired rate of 20.0000 Hz. Current loop rate is 6.7568 Hz
[controller_server-8] [INFO] [1789631573.729574569] [controller_server]: Received a goal, begin computing control effort.
[controller_server-8] [INFO] [1789631589.931222246] [controller_server]: Reached the goal!
[controller_server-8] [INFO] [1789631589.931546946] [controller_server]: Optimizer reset
[controller_server-8] [INFO] [1789631591.446486521] [controller_server]: Received a goal, begin computing control effort.
[amcl-6] [INFO] [1789631607.687613290] [amcl]: Message Filter dropping message: frame 'lidar_link' at time 1388.900 for reason 'the timestamp on the message is earlier than all the data in the transform cache'
[controller_server-8] [INFO] [1789631615.148030304] [controller_server]: Reached the goal!
[controller_server-8] [INFO] [1789631615.148219004] [controller_server]: Optimizer reset
[controller_server-8] [INFO] [1789631616.667034010] [controller_server]: Received a goal, begin computing control effort.
[controller_server-8] [INFO] [1789631638.368937249] [controller_server]: Reached the goal!
[controller_server-8] [INFO] [1789631638.369250949] [controller_server]: Optimizer reset
[controller_server-8] [INFO] [1789631639.892618744] [controller_server]: Received a goal, begin computing control effort.
[controller_server-8] [INFO] [1789631666.394419070] [controller_server]: Reached the goal!
[controller_server-8] [INFO] [1789631666.394725771] [controller_server]: Optimizer reset
[controller_server-8] [INFO] [1789631667.920769781] [controller_server]: Received a goal, begin computing control effort.
[controller_server-8] [INFO] [1789631690.422439732] [controller_server]: Reached the goal!
[controller_server-8] [INFO] [1789631690.422807432] [controller_server]: Optimizer reset
[controller_server-8] [INFO] [1789631691.944460679] [controller_server]: Received a goal, begin computing control effort.
[controller_server-8] [INFO] [1789631717.946422869] [controller_server]: Reached the goal!
[controller_server-8] [INFO] [1789631717.946690969] [controller_server]: Optimizer reset
[controller_server-8] [INFO] [1789631719.466480045] [controller_server]: Received a goal, begin computing control effort.
[collision_monitor-16] [INFO] [1789631733.819908076] [collision_monitor]: Robot to approach for 1.200000 seconds away from collision
[collision_monitor-16] [INFO] [1789631734.320089464] [collision_monitor]: Robot to continue normal operation
[collision_monitor-16] [INFO] [1789631734.390303634] [collision_monitor]: Robot to approach for 1.200000 seconds away from collision
[collision_monitor-16] [INFO] [1789631734.430366717] [collision_monitor]: Robot to continue normal operation
[controller_server-8] [INFO] [1789631735.468011561] [controller_server]: Reached the goal!
[controller_server-8] [INFO] [1789631735.468417961] [controller_server]: Optimizer reset
[controller_server-8] [INFO] [1789631736.982625157] [controller_server]: Received a goal, begin computing control effort.
[controller_server-8] [INFO] [1789631753.584211710] [controller_server]: Reached the goal!
[controller_server-8] [INFO] [1789631753.584509010] [controller_server]: Optimizer reset
[controller_server-8] [INFO] [1789631755.096770770] [controller_server]: Received a goal, begin computing control effort.
[controller_server-8] [INFO] [1789631769.398197183] [controller_server]: Reached the goal!
[controller_server-8] [INFO] [1789631769.398455983] [controller_server]: Optimizer reset
[controller_server-8] [INFO] [1789631770.918221459] [controller_server]: Received a goal, begin computing control effort.
[controller_server-8] [INFO] [1789631790.519822303] [controller_server]: Reached the goal!
[controller_server-8] [INFO] [1789631790.520039703] [controller_server]: Optimizer reset
[controller_server-8] [INFO] [1789631792.037253724] [controller_server]: Received a goal, begin computing control effort.
[controller_server-8] [INFO] [1789631818.139144137] [controller_server]: Reached the goal!
[controller_server-8] [INFO] [1789631818.139565937] [controller_server]: Optimizer reset
[controller_server-8] [INFO] [1789631819.658910431] [controller_server]: Received a goal, begin computing control effort.
[controller_server-8] [INFO] [1789631842.961214873] [controller_server]: Reached the goal!
[controller_server-8] [INFO] [1789631842.961435074] [controller_server]: Optimizer reset
[controller_server-8] [INFO] [1789631844.478791519] [controller_server]: Received a goal, begin computing control effort.
[controller_server-8] [INFO] [1789631869.380525137] [controller_server]: Reached the goal!
[controller_server-8] [INFO] [1789631869.380817037] [controller_server]: Optimizer reset
[controller_server-8] [INFO] [1789631870.892194150] [controller_server]: Received a goal, begin computing control effort.
[controller_server-8] [INFO] [1789631887.894191201] [controller_server]: Reached the goal!
[controller_server-8] [INFO] [1789631887.894571401] [controller_server]: Optimizer reset
[controller_server-8] [INFO] [1789631889.407788662] [controller_server]: Received a goal, begin computing control effort.
[controller_server-8] [INFO] [1789631906.409631418] [controller_server]: Reached the goal!
[controller_server-8] [INFO] [1789631906.409941619] [controller_server]: Optimizer reset
[controller_server-8] [INFO] [1789631907.919747150] [controller_server]: Received a goal, begin computing control effort.
[controller_server-8] [INFO] [1789631922.221555426] [controller_server]: Reached the goal!
[controller_server-8] [INFO] [1789631922.221866626] [controller_server]: Optimizer reset
[controller_server-8] [INFO] [1789631923.735360548] [controller_server]: Received a goal, begin computing control effort.
[controller_server-8] [INFO] [1789631942.937372479] [controller_server]: Reached the goal!
[controller_server-8] [INFO] [1789631942.937690179] [controller_server]: Optimizer reset
[controller_server-8] [INFO] [1789631944.450096298] [controller_server]: Received a goal, begin computing control effort.
[controller_server-8] [INFO] [1789631969.253046712] [controller_server]: Reached the goal!
[controller_server-8] [INFO] [1789631969.253476311] [controller_server]: Optimizer reset
[controller_server-8] [INFO] [1789631970.772977957] [controller_server]: Received a goal, begin computing control effort.
[controller_server-8] [INFO] [1789631992.874598548] [controller_server]: Reached the goal!
[controller_server-8] [INFO] [1789631992.874986547] [controller_server]: Optimizer reset
[controller_server-8] [INFO] [1789631994.386778375] [controller_server]: Received a goal, begin computing control effort.
[controller_server-8] [INFO] [1789632018.988837206] [controller_server]: Reached the goal!
[controller_server-8] [INFO] [1789632018.989075106] [controller_server]: Optimizer reset
[controller_server-8] [INFO] [1789632020.502056823] [controller_server]: Received a goal, begin computing control effort.
[collision_monitor-16] [INFO] [1789632034.490226696] [collision_monitor]: Robot to approach for 1.200000 seconds away from collision
[collision_monitor-16] [INFO] [1789632034.809753898] [collision_monitor]: Robot to continue normal operation
[collision_monitor-16] [INFO] [1789632034.890225824] [collision_monitor]: Robot to approach for 1.200000 seconds away from collision
[collision_monitor-16] [INFO] [1789632034.919928834] [collision_monitor]: Robot to continue normal operation
[controller_server-8] [INFO] [1789632036.203477829] [controller_server]: Reached the goal!
[controller_server-8] [INFO] [1789632036.203731629] [controller_server]: Optimizer reset
[controller_server-8] [INFO] [1789632037.714446470] [controller_server]: Received a goal, begin computing control effort.
[controller_server-8] [INFO] [1789632054.215785852] [controller_server]: Reached the goal!
[controller_server-8] [INFO] [1789632054.216070252] [controller_server]: Optimizer reset
[controller_server-8] [INFO] [1789632055.723463325] [controller_server]: Received a goal, begin computing control effort.
[controller_server-8] [INFO] [1789632069.924752361] [controller_server]: Reached the goal!
[controller_server-8] [INFO] [1789632069.925106361] [controller_server]: Optimizer reset
[controller_server-8] [INFO] [1789632071.448582565] [controller_server]: Received a goal, begin computing control effort.
[controller_server-8] [INFO] [1789632090.951123722] [controller_server]: Reached the goal!
[controller_server-8] [INFO] [1789632090.951423622] [controller_server]: Optimizer reset
[planner_server-10] [WARN] [1789632092.918170613] [planner_server]: Planner loop missed its desired rate of 20.0000 Hz. Current loop rate is 2.1552 Hz
[controller_server-8] [INFO] [1789632092.926910810] [controller_server]: Received a goal, begin computing control effort.
[controller_server-8] [INFO] [1789632118.428206010] [controller_server]: Reached the goal!
[controller_server-8] [INFO] [1789632118.428659011] [controller_server]: Optimizer reset
[controller_server-8] [INFO] [1789632119.947774803] [controller_server]: Received a goal, begin computing control effort.
[controller_server-8] [INFO] [1789632142.149117291] [controller_server]: Reached the goal!
[controller_server-8] [INFO] [1789632142.149350991] [controller_server]: Optimizer reset
[planner_server-10] [WARN] [1789632144.110877620] [planner_server]: Planner loop missed its desired rate of 20.0000 Hz. Current loop rate is 2.1739 Hz
[controller_server-8] [INFO] [1789632144.143197706] [controller_server]: Received a goal, begin computing control effort.
[controller_server-8] [INFO] [1789632168.944769585] [controller_server]: Reached the goal!
[controller_server-8] [INFO] [1789632168.945265285] [controller_server]: Optimizer reset
[controller_server-8] [INFO] [1789632170.462109922] [controller_server]: Received a goal, begin computing control effort.
[collision_monitor-16] [INFO] [1789632184.569853402] [collision_monitor]: Robot to approach for 1.200000 seconds away from collision
[collision_monitor-16] [INFO] [1789632185.219915777] [collision_monitor]: Robot to continue normal operation
[collision_monitor-16] [INFO] [1789632185.290319352] [collision_monitor]: Robot to approach for 1.200000 seconds away from collision
[collision_monitor-16] [INFO] [1789632185.330115438] [collision_monitor]: Robot to continue normal operation
[controller_server-8] [INFO] [1789632185.663920721] [controller_server]: Reached the goal!
[controller_server-8] [INFO] [1789632185.664117921] [controller_server]: Optimizer reset
[planner_server-10] [WARN] [1789632187.326257597] [planner_server]: Planner loop missed its desired rate of 20.0000 Hz. Current loop rate is 6.4103 Hz
[controller_server-8] [INFO] [1789632187.332614197] [controller_server]: Received a goal, begin computing control effort.
[controller_server-8] [INFO] [1789632203.834387103] [controller_server]: Reached the goal!
[controller_server-8] [INFO] [1789632203.834694803] [controller_server]: Optimizer reset
[controller_server-8] [INFO] [1789632205.352738933] [controller_server]: Received a goal, begin computing control effort.
[controller_server-8] [INFO] [1789632237.854066364] [controller_server]: Reached the goal!
[controller_server-8] [INFO] [1789632237.854323664] [controller_server]: Optimizer reset
[controller_server-8] [INFO] [1789632239.374339700] [controller_server]: Received a goal, begin computing control effort.
[controller_server-8] [INFO] [1789632260.075666341] [controller_server]: Reached the goal!
[controller_server-8] [INFO] [1789632260.075947141] [controller_server]: Optimizer reset
[controller_server-8] [INFO] [1789632261.600307353] [controller_server]: Received a goal, begin computing control effort.
[controller_server-8] [INFO] [1789632287.901731837] [controller_server]: Reached the goal!
[controller_server-8] [INFO] [1789632287.901898237] [controller_server]: Optimizer reset
[controller_server-8] [INFO] [1789632289.423536832] [controller_server]: Received a goal, begin computing control effort.
[controller_server-8] [INFO] [1789632312.025393876] [controller_server]: Reached the goal!
[controller_server-8] [INFO] [1789632312.025773176] [controller_server]: Optimizer reset
[controller_server-8] [INFO] [1789632313.544289268] [controller_server]: Received a goal, begin computing control effort.
[controller_server-8] [INFO] [1789632339.445963193] [controller_server]: Reached the goal!
[controller_server-8] [INFO] [1789632339.446234393] [controller_server]: Optimizer reset
[controller_server-8] [INFO] [1789632340.959849311] [controller_server]: Received a goal, begin computing control effort.
[collision_monitor-16] [INFO] [1789632355.319958253] [collision_monitor]: Robot to approach for 1.200000 seconds away from collision
[collision_monitor-16] [INFO] [1789632356.050631409] [collision_monitor]: Robot to continue normal operation
[collision_monitor-16] [INFO] [1789632356.080058011] [collision_monitor]: Robot to approach for 1.200000 seconds away from collision
[collision_monitor-16] [INFO] [1789632356.120149414] [collision_monitor]: Robot to continue normal operation
[controller_server-8] [INFO] [1789632357.061273180] [controller_server]: Reached the goal!
[controller_server-8] [INFO] [1789632357.061578180] [controller_server]: Optimizer reset
[controller_server-8] [INFO] [1789632358.576411674] [controller_server]: Received a goal, begin computing control effort.
[controller_server-8] [INFO] [1789632374.878195039] [controller_server]: Reached the goal!
[controller_server-8] [INFO] [1789632374.878415439] [controller_server]: Optimizer reset
[controller_server-8] [INFO] [1789632376.390449130] [controller_server]: Received a goal, begin computing control effort.
[controller_server-8] [INFO] [1789632390.892015492] [controller_server]: Reached the goal!
[controller_server-8] [INFO] [1789632390.892436792] [controller_server]: Optimizer reset
[controller_server-8] [INFO] [1789632392.409774661] [controller_server]: Received a goal, begin computing control effort.
[controller_server-8] [INFO] [1789632415.111147096] [controller_server]: Reached the goal!
[controller_server-8] [INFO] [1789632415.111352496] [controller_server]: Optimizer reset
[controller_server-8] [INFO] [1789632416.627263923] [controller_server]: Received a goal, begin computing control effort.
[controller_server-8] [INFO] [1789632443.428857798] [controller_server]: Reached the goal!
[controller_server-8] [INFO] [1789632443.429189498] [controller_server]: Optimizer reset
[controller_server-8] [INFO] [1789632444.961099675] [controller_server]: Received a goal, begin computing control effort.
[controller_server-8] [INFO] [1789632469.163321846] [controller_server]: Reached the goal!
[controller_server-8] [INFO] [1789632469.163527846] [controller_server]: Optimizer reset
[controller_server-8] [INFO] [1789632470.723841969] [controller_server]: Received a goal, begin computing control effort.
[controller_server-8] [INFO] [1789632496.525227396] [controller_server]: Reached the goal!
[controller_server-8] [INFO] [1789632496.525494596] [controller_server]: Optimizer reset
[controller_server-8] [INFO] [1789632498.043625391] [controller_server]: Received a goal, begin computing control effort.
[collision_monitor-16] [INFO] [1789632513.869936123] [collision_monitor]: Robot to approach for 1.200000 seconds away from collision
[collision_monitor-16] [INFO] [1789632514.590813724] [collision_monitor]: Robot to continue normal operation
[collision_monitor-16] [INFO] [1789632514.630430823] [collision_monitor]: Robot to approach for 1.200000 seconds away from collision
[collision_monitor-16] [INFO] [1789632514.659741323] [collision_monitor]: Robot to continue normal operation
[controller_server-8] [INFO] [1789632515.645180036] [controller_server]: Reached the goal!
[controller_server-8] [INFO] [1789632515.645543836] [controller_server]: Optimizer reset
[controller_server-8] [INFO] [1789632517.167599948] [controller_server]: Received a goal, begin computing control effort.
[controller_server-8] [INFO] [1789632533.769371929] [controller_server]: Reached the goal!
[controller_server-8] [INFO] [1789632533.769644129] [controller_server]: Optimizer reset
[controller_server-8] [INFO] [1789632535.281858909] [controller_server]: Received a goal, begin computing control effort.
[controller_server-8] [INFO] [1789632549.283769734] [controller_server]: Reached the goal!
[controller_server-8] [INFO] [1789632549.284012535] [controller_server]: Optimizer reset
[controller_server-8] [INFO] [1789632550.801771995] [controller_server]: Received a goal, begin computing control effort.
[controller_server-8] [INFO] [1789632558.703261446] [controller_server]: Optimizer reset
[controller_server-8] [INFO] [1789632558.705073246] [controller_server]: Optimizer reset
[controller_server-8] [WARN] [1789632558.705733546] [controller_server]: Optimizer fail to compute path
[controller_server-8] [INFO] [1789632570.303723533] [controller_server]: Reached the goal!
[controller_server-8] [INFO] [1789632570.303993833] [controller_server]: Optimizer reset
[controller_server-8] [INFO] [1789632571.826350479] [controller_server]: Received a goal, begin computing control effort.
[controller_server-8] [INFO] [1789632597.228011045] [controller_server]: Reached the goal!
[controller_server-8] [INFO] [1789632597.228381845] [controller_server]: Optimizer reset
[controller_server-8] [INFO] [1789632598.745623538] [controller_server]: Received a goal, begin computing control effort.
[controller_server-8] [INFO] [1789632620.947033932] [controller_server]: Reached the goal!
[controller_server-8] [INFO] [1789632620.947323132] [controller_server]: Optimizer reset
[controller_server-8] [INFO] [1789632622.463677667] [controller_server]: Received a goal, begin computing control effort.
[controller_server-8] [INFO] [1789632647.065671350] [controller_server]: Reached the goal!
[controller_server-8] [INFO] [1789632647.066073750] [controller_server]: Optimizer reset
[controller_server-8] [INFO] [1789632648.575544709] [controller_server]: Received a goal, begin computing control effort.
[collision_monitor-16] [INFO] [1789632662.540428113] [collision_monitor]: Robot to approach for 1.200000 seconds away from collision
[collision_monitor-16] [INFO] [1789632663.109744394] [collision_monitor]: Robot to continue normal operation
[collision_monitor-16] [INFO] [1789632663.191079877] [collision_monitor]: Robot to approach for 1.200000 seconds away from collision
[collision_monitor-16] [INFO] [1789632663.220100071] [collision_monitor]: Robot to continue normal operation
[controller_server-8] [INFO] [1789632664.277112847] [controller_server]: Reached the goal!
[controller_server-8] [INFO] [1789632664.277320647] [controller_server]: Optimizer reset
[controller_server-8] [INFO] [1789632665.786947121] [controller_server]: Received a goal, begin computing control effort.
[controller_server-8] [INFO] [1789632682.488606306] [controller_server]: Reached the goal!
[controller_server-8] [INFO] [1789632682.488918406] [controller_server]: Optimizer reset
[controller_server-8] [INFO] [1789632683.995998103] [controller_server]: Received a goal, begin computing control effort.
[controller_server-8] [INFO] [1789632698.297285037] [controller_server]: Reached the goal!
[controller_server-8] [INFO] [1789632698.297475237] [controller_server]: Optimizer reset
[controller_server-8] [INFO] [1789632699.816219660] [controller_server]: Received a goal, begin computing control effort.
[controller_server-8] [INFO] [1789632719.617588223] [controller_server]: Reached the goal!
[controller_server-8] [INFO] [1789632719.617775223] [controller_server]: Optimizer reset
[planner_server-10] [WARN] [1789632721.558641274] [planner_server]: Planner loop missed its desired rate of 20.0000 Hz. Current loop rate is 2.2936 Hz
[controller_server-8] [INFO] [1789632721.571276072] [controller_server]: Received a goal, begin computing control effort.
[controller_server-8] [INFO] [1789632746.873019881] [controller_server]: Reached the goal!
[controller_server-8] [INFO] [1789632746.873323581] [controller_server]: Optimizer reset
[controller_server-8] [INFO] [1789632748.403159906] [controller_server]: Received a goal, begin computing control effort.
[controller_server-8] [INFO] [1789632770.504690639] [controller_server]: Reached the goal!
[controller_server-8] [INFO] [1789632770.504896839] [controller_server]: Optimizer reset
[planner_server-10] [WARN] [1789632772.473969699] [planner_server]: Planner loop missed its desired rate of 20.0000 Hz. Current loop rate is 2.1552 Hz
[controller_server-8] [INFO] [1789632772.485778698] [controller_server]: Received a goal, begin computing control effort.
[controller_server-8] [INFO] [1789632796.887300507] [controller_server]: Reached the goal!
[controller_server-8] [INFO] [1789632796.887588907] [controller_server]: Optimizer reset
[controller_server-8] [INFO] [1789632798.405711458] [controller_server]: Received a goal, begin computing control effort.
[collision_monitor-16] [INFO] [1789632812.369918427] [collision_monitor]: Robot to approach for 1.200000 seconds away from collision
[collision_monitor-16] [INFO] [1789632812.440062220] [collision_monitor]: Robot to continue normal operation
[collision_monitor-16] [INFO] [1789632812.469949617] [collision_monitor]: Robot to approach for 1.200000 seconds away from collision
[collision_monitor-16] [INFO] [1789632812.550279609] [collision_monitor]: Robot to continue normal operation
[collision_monitor-16] [INFO] [1789632812.579929706] [collision_monitor]: Robot to approach for 1.200000 seconds away from collision
[collision_monitor-16] [INFO] [1789632812.619859103] [collision_monitor]: Robot to continue normal operation
[controller_server-8] [INFO] [1789632813.407013825] [controller_server]: Reached the goal!
[controller_server-8] [INFO] [1789632813.407242025] [controller_server]: Optimizer reset
[planner_server-10] [WARN] [1789632815.092773255] [planner_server]: Planner loop missed its desired rate of 20.0000 Hz. Current loop rate is 5.4348 Hz
[controller_server-8] [INFO] [1789632815.103179954] [controller_server]: Received a goal, begin computing control effort.
[controller_server-8] [INFO] [1789632831.204799211] [controller_server]: Reached the goal!
[controller_server-8] [INFO] [1789632831.204977611] [controller_server]: Optimizer reset
[controller_server-8] [INFO] [1789632832.747808174] [controller_server]: Received a goal, begin computing control effort.
[controller_server-8] [ERROR] [1789632880.048300504] [controller_server]: Failed to make progress
[controller_server-8] [INFO] [1789632880.048631704] [controller_server]: Optimizer reset
[controller_server-8] [WARN] [1789632880.048655604] [controller_server]: [follow_path] [ActionServer] Aborting handle.
[controller_server-8] [INFO] [1789632881.571113626] [controller_server]: Received a goal, begin computing control effort.
[controller_server-8] [INFO] [1789632904.372470240] [controller_server]: Reached the goal!
[controller_server-8] [INFO] [1789632904.372742040] [controller_server]: Optimizer reset
[controller_server-8] [INFO] [1789632905.896112174] [controller_server]: Received a goal, begin computing control effort.
[controller_server-8] [INFO] [1789632932.197737429] [controller_server]: Reached the goal!
[controller_server-8] [INFO] [1789632932.197960629] [controller_server]: Optimizer reset
[controller_server-8] [INFO] [1789632933.720560465] [controller_server]: Received a goal, begin computing control effort.
[controller_server-8] [INFO] [1789632956.122263388] [controller_server]: Reached the goal!
[controller_server-8] [INFO] [1789632956.122508488] [controller_server]: Optimizer reset
[controller_server-8] [INFO] [1789632957.643381112] [controller_server]: Received a goal, begin computing control effort.
[controller_server-8] [INFO] [1789632982.744855230] [controller_server]: Reached the goal!
[controller_server-8] [INFO] [1789632982.745056830] [controller_server]: Optimizer reset
[controller_server-8] [INFO] [1789632984.261257975] [controller_server]: Received a goal, begin computing control effort.
[collision_monitor-16] [INFO] [1789632998.480355812] [collision_monitor]: Robot to approach for 1.200000 seconds away from collision
[collision_monitor-16] [INFO] [1789632998.950494770] [collision_monitor]: Robot to continue normal operation
[collision_monitor-16] [INFO] [1789632998.980078467] [collision_monitor]: Robot to approach for 1.200000 seconds away from collision
[collision_monitor-16] [INFO] [1789632999.020008064] [collision_monitor]: Robot to continue normal operation
[collision_monitor-16] [INFO] [1789632999.090169057] [collision_monitor]: Robot to approach for 1.200000 seconds away from collision
[collision_monitor-16] [INFO] [1789632999.130133054] [collision_monitor]: Robot to continue normal operation
[controller_server-8] [INFO] [1789632999.963046277] [controller_server]: Reached the goal!
[controller_server-8] [INFO] [1789632999.963218877] [controller_server]: Optimizer reset
[controller_server-8] [INFO] [1789633001.481773135] [controller_server]: Received a goal, begin computing control effort.
[controller_server-8] [INFO] [1789633017.983622851] [controller_server]: Reached the goal!
[controller_server-8] [INFO] [1789633017.983905351] [controller_server]: Optimizer reset
[controller_server-8] [INFO] [1789633019.496980592] [controller_server]: Received a goal, begin computing control effort.
[controller_server-8] [INFO] [1789633033.498525245] [controller_server]: Reached the goal!
[controller_server-8] [INFO] [1789633033.499574744] [controller_server]: Optimizer reset
[controller_server-8] [INFO] [1789633035.024207006] [controller_server]: Received a goal, begin computing control effort.
[controller_server-8] [INFO] [1789633055.125545632] [controller_server]: Reached the goal!
[controller_server-8] [INFO] [1789633055.125796532] [controller_server]: Optimizer reset
[controller_server-8] [INFO] [1789633056.644212888] [controller_server]: Received a goal, begin computing control effort.
[controller_server-8] [INFO] [1789633083.846230380] [controller_server]: Reached the goal!
[controller_server-8] [INFO] [1789633083.846444480] [controller_server]: Optimizer reset
[controller_server-8] [INFO] [1789633085.373100798] [controller_server]: Received a goal, begin computing control effort.
[controller_server-8] [INFO] [1789633109.074760219] [controller_server]: Reached the goal!
[controller_server-8] [INFO] [1789633109.074949834] [controller_server]: Optimizer reset
[controller_server-8] [INFO] [1789633110.597817878] [controller_server]: Received a goal, begin computing control effort.
[controller_server-8] [INFO] [1789633136.399776074] [controller_server]: Reached the goal!
[controller_server-8] [INFO] [1789633136.400093899] [controller_server]: Optimizer reset
[controller_server-8] [INFO] [1789633137.915625579] [controller_server]: Received a goal, begin computing control effort.
[controller_server-8] [INFO] [1789633154.817624595] [controller_server]: Reached the goal!
[controller_server-8] [INFO] [1789633154.817807094] [controller_server]: Optimizer reset
[controller_server-8] [INFO] [1789633156.336448105] [controller_server]: Received a goal, begin computing control effort.
[controller_server-8] [INFO] [1789633172.838144513] [controller_server]: Reached the goal!
[controller_server-8] [INFO] [1789633172.838401714] [controller_server]: Optimizer reset
[controller_server-8] [INFO] [1789633174.350698396] [controller_server]: Received a goal, begin computing control effort.
[controller_server-8] [INFO] [1789633188.352028117] [controller_server]: Reached the goal!
[controller_server-8] [INFO] [1789633188.352254418] [controller_server]: Optimizer reset
[controller_server-8] [INFO] [1789633189.868680264] [controller_server]: Received a goal, begin computing control effort.
[controller_server-8] [INFO] [1789633210.170327417] [controller_server]: Reached the goal!
[controller_server-8] [INFO] [1789633210.170633416] [controller_server]: Optimizer reset
[controller_server-8] [INFO] [1789633211.686687445] [controller_server]: Received a goal, begin computing control effort.
[controller_server-8] [INFO] [1789633237.788301880] [controller_server]: Reached the goal!
[controller_server-8] [INFO] [1789633237.788679382] [controller_server]: Optimizer reset
[controller_server-8] [INFO] [1789633239.307729505] [controller_server]: Received a goal, begin computing control effort.
[controller_server-8] [INFO] [1789633263.009400181] [controller_server]: Reached the goal!
[controller_server-8] [INFO] [1789633263.009788082] [controller_server]: Optimizer reset
[controller_server-8] [INFO] [1789633264.526229861] [controller_server]: Received a goal, begin computing control effort.
[controller_server-8] [INFO] [1789633289.427608864] [controller_server]: Reached the goal!
[controller_server-8] [INFO] [1789633289.427836664] [controller_server]: Optimizer reset
[controller_server-8] [INFO] [1789633290.941792747] [controller_server]: Received a goal, begin computing control effort.
[collision_monitor-16] [INFO] [1789633306.869895655] [collision_monitor]: Robot to approach for 1.200000 seconds away from collision
[collision_monitor-16] [INFO] [1789633307.590661838] [collision_monitor]: Robot to continue normal operation
[collision_monitor-16] [INFO] [1789633307.620117555] [collision_monitor]: Robot to approach for 1.200000 seconds away from collision
[collision_monitor-16] [INFO] [1789633307.690262734] [collision_monitor]: Robot to continue normal operation
[controller_server-8] [INFO] [1789633308.643095656] [controller_server]: Reached the goal!
[controller_server-8] [INFO] [1789633308.643418457] [controller_server]: Optimizer reset
[controller_server-8] [INFO] [1789633310.152067154] [controller_server]: Received a goal, begin computing control effort.
[controller_server-8] [INFO] [1789633326.453912084] [controller_server]: Reached the goal!
[controller_server-8] [INFO] [1789633326.454192085] [controller_server]: Optimizer reset
[controller_server-8] [INFO] [1789633327.965641290] [controller_server]: Received a goal, begin computing control effort.
[controller_server-8] [INFO] [1789633342.267109221] [controller_server]: Reached the goal!
[controller_server-8] [INFO] [1789633342.267361620] [controller_server]: Optimizer reset
[controller_server-8] [INFO] [1789633343.786284601] [controller_server]: Received a goal, begin computing control effort.
[controller_server-8] [INFO] [1789633362.587733527] [controller_server]: Reached the goal!
[controller_server-8] [INFO] [1789633362.588102126] [controller_server]: Optimizer reset
[planner_server-10] [WARN] [1789633364.487390838] [planner_server]: Planner loop missed its desired rate of 20.0000 Hz. Current loop rate is 2.5253 Hz
[controller_server-8] [INFO] [1789633364.495363666] [controller_server]: Received a goal, begin computing control effort.
[controller_server-8] [INFO] [1789633389.897712117] [controller_server]: Reached the goal!
[controller_server-8] [INFO] [1789633389.897917818] [controller_server]: Optimizer reset
[controller_server-8] [INFO] [1789633391.435293669] [controller_server]: Received a goal, begin computing control effort.
[controller_server-8] [INFO] [1789633413.837268542] [controller_server]: Reached the goal!
[controller_server-8] [INFO] [1789633413.837560543] [controller_server]: Optimizer reset
[planner_server-10] [WARN] [1789633415.772377885] [planner_server]: Planner loop missed its desired rate of 20.0000 Hz. Current loop rate is 2.3148 Hz
[controller_server-8] [INFO] [1789633415.784627451] [controller_server]: Received a goal, begin computing control effort.
[controller_server-8] [INFO] [1789633440.186167716] [controller_server]: Reached the goal!
[controller_server-8] [INFO] [1789633440.186433615] [controller_server]: Optimizer reset
[controller_server-8] [INFO] [1789633441.702759042] [controller_server]: Received a goal, begin computing control effort.
[collision_monitor-16] [INFO] [1789633455.769925374] [collision_monitor]: Robot to approach for 1.200000 seconds away from collision
[collision_monitor-16] [INFO] [1789633455.840469705] [collision_monitor]: Robot to continue normal operation
[collision_monitor-16] [INFO] [1789633455.869968734] [collision_monitor]: Robot to approach for 1.200000 seconds away from collision
[collision_monitor-16] [INFO] [1789633456.230079949] [collision_monitor]: Robot to continue normal operation
[collision_monitor-16] [INFO] [1789633456.270048749] [collision_monitor]: Robot to approach for 1.200000 seconds away from collision
[collision_monitor-16] [INFO] [1789633456.340247874] [collision_monitor]: Robot to continue normal operation
[controller_server-8] [INFO] [1789633456.705258166] [controller_server]: Reached the goal!
[controller_server-8] [INFO] [1789633456.705575965] [controller_server]: Optimizer reset
[planner_server-10] [WARN] [1789633458.361778504] [planner_server]: Planner loop missed its desired rate of 20.0000 Hz. Current loop rate is 6.5789 Hz
[controller_server-8] [INFO] [1789633458.371148079] [controller_server]: Received a goal, begin computing control effort.
[controller_server-8] [INFO] [1789633474.473074118] [controller_server]: Reached the goal!
[controller_server-8] [INFO] [1789633474.473401617] [controller_server]: Optimizer reset
[controller_server-8] [INFO] [1789633475.998274523] [controller_server]: Received a goal, begin computing control effort.
[controller_server-8] [INFO] [1789633499.800093245] [controller_server]: Reached the goal!
[controller_server-8] [INFO] [1789633499.800571944] [controller_server]: Optimizer reset
[controller_server-8] [INFO] [1789633501.332058273] [controller_server]: Received a goal, begin computing control effort.
[controller_server-8] [INFO] [1789633523.234246012] [controller_server]: Reached the goal!
[controller_server-8] [INFO] [1789633523.234460012] [controller_server]: Optimizer reset
[controller_server-8] [INFO] [1789633524.795734979] [controller_server]: Received a goal, begin computing control effort.
[controller_server-8] [INFO] [1789633552.397989354] [controller_server]: Reached the goal!
[controller_server-8] [INFO] [1789633552.398462855] [controller_server]: Optimizer reset
[controller_server-8] [INFO] [1789633553.959414325] [controller_server]: Received a goal, begin computing control effort.
[controller_server-8] [INFO] [1789633576.961683046] [controller_server]: Reached the goal!
[controller_server-8] [INFO] [1789633576.962008245] [controller_server]: Optimizer reset
[controller_server-8] [INFO] [1789633578.512816468] [controller_server]: Received a goal, begin computing control effort.
[controller_server-8] [INFO] [1789633604.915813157] [controller_server]: Reached the goal!
[controller_server-8] [INFO] [1789633604.916107771] [controller_server]: Optimizer reset
[controller_server-8] [INFO] [1789633606.450351528] [controller_server]: Received a goal, begin computing control effort.
[collision_monitor-16] [INFO] [1789633620.530127104] [collision_monitor]: Robot to approach for 1.200000 seconds away from collision
[collision_monitor-16] [INFO] [1789633621.191700343] [collision_monitor]: Robot to continue normal operation
[controller_server-8] [INFO] [1789633622.252712729] [controller_server]: Reached the goal!
[controller_server-8] [INFO] [1789633622.253025228] [controller_server]: Optimizer reset
[controller_server-8] [INFO] [1789633623.793704798] [controller_server]: Received a goal, begin computing control effort.
[controller_server-8] [INFO] [1789633640.295819701] [controller_server]: Reached the goal!
[controller_server-8] [INFO] [1789633640.296119300] [controller_server]: Optimizer reset
[controller_server-8] [INFO] [1789633641.809398014] [controller_server]: Received a goal, begin computing control effort.
[controller_server-8] [INFO] [1789633656.010937317] [controller_server]: Reached the goal!
[controller_server-8] [INFO] [1789633656.011179317] [controller_server]: Optimizer reset
[controller_server-8] [INFO] [1789633657.533932052] [controller_server]: Received a goal, begin computing control effort.
[controller_server-8] [INFO] [1789633677.635412967] [controller_server]: Reached the goal!
[controller_server-8] [INFO] [1789633677.635695968] [controller_server]: Optimizer reset
[controller_server-8] [INFO] [1789633679.159593245] [controller_server]: Received a goal, begin computing control effort.
[controller_server-8] [INFO] [1789633705.961305938] [controller_server]: Reached the goal!
[controller_server-8] [INFO] [1789633705.961654137] [controller_server]: Optimizer reset
[controller_server-8] [INFO] [1789633707.488734023] [controller_server]: Received a goal, begin computing control effort.
[controller_server-8] [INFO] [1789633730.890074293] [controller_server]: Reached the goal!
[controller_server-8] [INFO] [1789633730.890328493] [controller_server]: Optimizer reset
[controller_server-8] [INFO] [1789633732.434665652] [controller_server]: Received a goal, begin computing control effort.
[controller_server-8] [INFO] [1789633758.036436398] [controller_server]: Reached the goal!
[controller_server-8] [INFO] [1789633758.036729498] [controller_server]: Optimizer reset
[controller_server-8] [INFO] [1789633759.554467613] [controller_server]: Received a goal, begin computing control effort.
[controller_server-8] [INFO] [1789633775.359410773] [controller_server]: Reached the goal!
[controller_server-8] [INFO] [1789633775.359714273] [controller_server]: Optimizer reset
[controller_server-8] [INFO] [1789633776.875635071] [controller_server]: Received a goal, begin computing control effort.
[controller_server-8] [INFO] [1789633793.177655950] [controller_server]: Reached the goal!
[controller_server-8] [INFO] [1789633793.177931750] [controller_server]: Optimizer reset
[controller_server-8] [INFO] [1789633794.692611568] [controller_server]: Received a goal, begin computing control effort.
[controller_server-8] [INFO] [1789633809.194130489] [controller_server]: Reached the goal!
[controller_server-8] [INFO] [1789633809.194357589] [controller_server]: Optimizer reset
[controller_server-8] [INFO] [1789633810.710471325] [controller_server]: Received a goal, begin computing control effort.
[controller_server-8] [INFO] [1789633830.412245785] [controller_server]: Reached the goal!
[controller_server-8] [INFO] [1789633830.412559184] [controller_server]: Optimizer reset
[controller_server-8] [INFO] [1789633831.930890260] [controller_server]: Received a goal, begin computing control effort.
[controller_server-8] [INFO] [1789633858.032222327] [controller_server]: Reached the goal!
[controller_server-8] [INFO] [1789633858.032485727] [controller_server]: Optimizer reset
[controller_server-8] [INFO] [1789633859.549539636] [controller_server]: Received a goal, begin computing control effort.
[controller_server-8] [INFO] [1789633882.851469536] [controller_server]: Reached the goal!
[controller_server-8] [INFO] [1789633882.851758736] [controller_server]: Optimizer reset
[controller_server-8] [INFO] [1789633884.370764289] [controller_server]: Received a goal, begin computing control effort.
[controller_server-8] [INFO] [1789633910.172096875] [controller_server]: Reached the goal!
[controller_server-8] [INFO] [1789633910.173080475] [controller_server]: Optimizer reset
[controller_server-8] [INFO] [1789633911.685007126] [controller_server]: Received a goal, begin computing control effort.
[collision_monitor-16] [INFO] [1789633926.890215957] [collision_monitor]: Robot to approach for 1.200000 seconds away from collision
[collision_monitor-16] [INFO] [1789633927.330020733] [collision_monitor]: Robot to continue normal operation
[controller_server-8] [INFO] [1789633928.486542818] [controller_server]: Reached the goal!
[controller_server-8] [INFO] [1789633928.486849818] [controller_server]: Optimizer reset
[controller_server-8] [INFO] [1789633929.997935453] [controller_server]: Received a goal, begin computing control effort.
[controller_server-8] [INFO] [1789633946.699254329] [controller_server]: Reached the goal!
[controller_server-8] [INFO] [1789633946.699502128] [controller_server]: Optimizer reset
[controller_server-8] [INFO] [1789633948.208461332] [controller_server]: Received a goal, begin computing control effort.
[controller_server-8] [INFO] [1789633962.710164449] [controller_server]: Reached the goal!
[controller_server-8] [INFO] [1789633962.710495249] [controller_server]: Optimizer reset
[controller_server-8] [INFO] [1789633964.227693443] [controller_server]: Received a goal, begin computing control effort.
[controller_server-8] [INFO] [1789633972.528925329] [controller_server]: Optimizer reset
[controller_server-8] [INFO] [1789633972.530493727] [controller_server]: Optimizer reset
[controller_server-8] [WARN] [1789633972.530573727] [controller_server]: Optimizer fail to compute path
[controller_server-8] [INFO] [1789633983.429143506] [controller_server]: Reached the goal!
[controller_server-8] [INFO] [1789633983.429345906] [controller_server]: Optimizer reset
[controller_server-8] [INFO] [1789633984.949632633] [controller_server]: Received a goal, begin computing control effort.
[controller_server-8] [INFO] [1789634009.551666447] [controller_server]: Reached the goal!
[controller_server-8] [INFO] [1789634009.552011548] [controller_server]: Optimizer reset
[controller_server-8] [INFO] [1789634011.067811349] [controller_server]: Received a goal, begin computing control effort.
[controller_server-8] [INFO] [1789634033.069556698] [controller_server]: Reached the goal!
[controller_server-8] [INFO] [1789634033.069787897] [controller_server]: Optimizer reset
[controller_server-8] [INFO] [1789634034.582820763] [controller_server]: Received a goal, begin computing control effort.
[controller_server-8] [INFO] [1789634059.384437018] [controller_server]: Reached the goal!
[controller_server-8] [INFO] [1789634059.384812018] [controller_server]: Optimizer reset
[controller_server-8] [INFO] [1789634060.895074076] [controller_server]: Received a goal, begin computing control effort.
[collision_monitor-16] [INFO] [1789634075.269887293] [collision_monitor]: Robot to approach for 1.200000 seconds away from collision
[collision_monitor-16] [INFO] [1789634075.730042993] [collision_monitor]: Robot to continue normal operation
[collision_monitor-16] [INFO] [1789634075.769880858] [collision_monitor]: Robot to approach for 1.200000 seconds away from collision
[collision_monitor-16] [INFO] [1789634075.840111597] [collision_monitor]: Robot to continue normal operation
[controller_server-8] [INFO] [1789634076.696689935] [controller_server]: Reached the goal!
[controller_server-8] [INFO] [1789634076.696986335] [controller_server]: Optimizer reset
[controller_server-8] [INFO] [1789634078.207942913] [controller_server]: Received a goal, begin computing control effort.
[controller_server-8] [INFO] [1789634095.009164721] [controller_server]: Reached the goal!
[controller_server-8] [INFO] [1789634095.009399621] [controller_server]: Optimizer reset
[controller_server-8] [INFO] [1789634096.517910289] [controller_server]: Received a goal, begin computing control effort.
[controller_server-8] [INFO] [1789634110.619470432] [controller_server]: Reached the goal!
[controller_server-8] [INFO] [1789634110.619677732] [controller_server]: Optimizer reset
